,token,valid,no_at_fault_collisions_stage_one,drivable_area_compliance_stage_one,driving_direction_compliance_stage_one,traffic_light_compliance_stage_one,ego_progress_stage_one,time_to_collision_within_bound_stage_one,lane_keeping_stage_one,history_comfort_stage_one,two_frame_extended_comfort_stage_one,no_at_fault_collisions_stage_two,drivable_area_compliance_stage_two,driving_direction_compliance_stage_two,traffic_light_compliance_stage_two,ego_progress_stage_two,time_to_collision_within_bound_stage_two,lane_keeping_stage_two,history_comfort_stage_two,two_frame_extended_comfort_stage_two,score
0,184c11a8cc875403,True,1.0,1.0,1.0,1.0,0.8078580661171225,1.0,0.0,1.0,1.0,,,,,,,,,,0.8149556456616007
1,2ee150fedbb15345,True,1.0,1.0,1.0,1.0,0.8391875081602618,1.0,1.0,1.0,0.0,,,,,,,,,,0.8247460963000818
2,00c1e4eb4a045f20,True,1.0,1.0,1.0,1.0,0.5900301784275994,1.0,1.0,1.0,1.0,,,,,,,,,,0.8718844307586249
3,0e272e003af65a71,True,0.0,1.0,1.0,1.0,0.7918893225575168,0.0,1.0,1.0,1.0,,,,,,,,,,0.0
4,e5d2a01ab5b0562a,True,1.0,1.0,1.0,1.0,0.4288289553222362,1.0,1.0,1.0,0.0,,,,,,,,,,0.6965090485381988
5,c8507cfbe8575463,True,1.0,1.0,1.0,1.0,0.9116866461976202,1.0,1.0,1.0,1.0,,,,,,,,,,0.9724020769367563
6,faa12c2adc7c521f,True,1.0,0.0,0.5,1.0,1.0,1.0,1.0,1.0,0.0,,,,,,,,,,0.0
7,efa80e78fce1525d,True,1.0,1.0,1.0,1.0,1.0,1.0,1.0,1.0,1.0,,,,,,,,,,1.0
8,d64a3964875f5b41,True,1.0,1.0,1.0,1.0,1.0,1.0,1.0,1.0,1.0,,,,,,,,,,1.0
9,71405d414236553c,True,1.0,1.0,1.0,1.0,1.0,1.0,1.0,1.0,1.0,,,,,,,,,,1.0
10,7a91cd530cac57fc,True,1.0,1.0,1.0,1.0,0.28525291688504006,1.0,1.0,1.0,0.0,,,,,,,,,,0.6516415365265751
11,082988f40658562c,True,1.0,1.0,1.0,1.0,0.519969073454542,1.0,1.0,1.0,1.0,,,,,,,,,,0.8499903354545444
12,76c31764665151be,True,1.0,1.0,1.0,1.0,0.6206139163231327,1.0,1.0,1.0,0.0,,,,,,,,,,0.756441848850979
13,afcd7846a4f35622,True,1.0,1.0,1.0,1.0,0.892161404965861,1.0,1.0,1.0,0.0,,,,,,,,,,0.8413004390518316
14,58d69daf413c5d5a,True,0.5,0.0,1.0,1.0,0.739282070899662,0.0,1.0,1.0,1.0,,,,,,,,,,0.0
15,a2701552b0f95f7b,True,1.0,1.0,1.0,1.0,1.0,1.0,1.0,1.0,1.0,,,,,,,,,,1.0
16,af335d636f4c516e,True,1.0,1.0,1.0,1.0,1.0,1.0,1.0,1.0,1.0,,,,,,,,,,1.0
17,77f11643ced5562a,True,1.0,1.0,1.0,1.0,0.5642934459443013,1.0,1.0,1.0,1.0,,,,,,,,,,0.8638417018575941
18,680c8d90658556da,True,1.0,1.0,0.0,1.0,0.6599825694201582,1.0,1.0,1.0,0.0,,,,,,,,,,0.0
19,e17587a96a795abf,True,1.0,1.0,1.0,1.0,0.4984994186166735,1.0,1.0,1.0,0.0,,,,,,,,,,0.7182810683177104
20,689abfdd66235378,True,1.0,1.0,1.0,1.0,0.9741761699912173,1.0,0.0,1.0,0.0,,,,,,,,,,0.7419300531222555
21,b60afdbc7cc65971,True,1.0,1.0,1.0,1.0,1.0,1.0,0.0,1.0,0.0,,,,,,,,,,0.75
22,95b1bc0848e85064,True,1.0,1.0,1.0,1.0,0.44860765628206967,1.0,1.0,1.0,1.0,,,,,,,,,,0.8276898925881467
23,a6edd19740415b54,True,1.0,1.0,1.0,1.0,1.0,1.0,1.0,1.0,1.0,,,,,,,,,,1.0
24,ac0c6104c53e581e,True,1.0,1.0,1.0,1.0,1.0,1.0,1.0,1.0,1.0,,,,,,,,,,1.0
25,2cae5f08e11a5dbd,True,1.0,1.0,1.0,1.0,0.8625465827186377,1.0,1.0,1.0,1.0,,,,,,,,,,0.9570458070995742
26,e9c2b75226b85cfe,True,1.0,1.0,1.0,1.0,0.8595451108299584,1.0,1.0,1.0,1.0,,,,,,,,,,0.956107847134362
27,16a738813dbe5496,True,1.0,1.0,1.0,1.0,0.5588305015662656,1.0,1.0,1.0,0.0,,,,,,,,,,0.737134531739458
28,773cb036b1195879,True,1.0,1.0,1.0,1.0,1.0,1.0,1.0,1.0,1.0,,,,,,,,,,1.0
29,757c23c6819c589c,True,1.0,1.0,1.0,1.0,0.8294973874123552,1.0,1.0,1.0,1.0,,,,,,,,,,0.946717933566361
30,a7d3076a7b7b58b2,True,1.0,0.0,1.0,1.0,0.8695991182811283,1.0,1.0,1.0,1.0,,,,,,,,,,0.0
31,bb4f37403cea5b0e,True,1.0,1.0,1.0,1.0,0.5970626214992484,1.0,1.0,1.0,0.0,,,,,,,,,,0.7490820692185152
32,226e6642fbc65bdc,True,1.0,1.0,1.0,1.0,0.8720951332510122,1.0,1.0,1.0,1.0,,,,,,,,,,0.9600297291409413
33,3128b8da22c75dd0,True,1.0,1.0,1.0,1.0,0.8171340122022623,1.0,1.0,1.0,0.0,,,,,,,,,,0.817854378813207
34,592f536375e755b6,True,1.0,1.0,1.0,1.0,0.7019085445210927,1.0,1.0,1.0,1.0,,,,,,,,,,0.9068464201628414
35,2b8cde20754c5f0c,True,1.0,1.0,1.0,1.0,1.0,1.0,1.0,1.0,0.0,,,,,,,,,,0.875
36,ad47566ea29a57bf,True,1.0,0.0,1.0,1.0,0.23506353910912695,1.0,1.0,1.0,0.0,,,,,,,,,,0.0
37,52deeca9acf35603,True,1.0,1.0,1.0,1.0,1.0,1.0,1.0,1.0,1.0,,,,,,,,,,1.0
38,53f8bc4012fe5f29,True,1.0,1.0,1.0,1.0,0.3589154342781439,1.0,0.0,1.0,0.0,,,,,,,,,,0.5496610732119199
39,97c09fe94495563a,True,1.0,1.0,1.0,1.0,1.0,1.0,1.0,1.0,0.0,,,,,,,,,,0.875
40,4972962184a75fa7,True,1.0,1.0,1.0,1.0,0.772417940727407,1.0,1.0,1.0,1.0,,,,,,,,,,0.9288806064773147
41,c195a8cb7ccb59fd,True,1.0,1.0,1.0,1.0,0.6411809917781257,1.0,1.0,1.0,1.0,,,,,,,,,,0.8878690599306642
42,48fecfd582935aac,True,1.0,1.0,1.0,1.0,1.0,0.0,1.0,1.0,0.0,,,,,,,,,,0.5625
43,352290f8ed8e572e,True,1.0,1.0,1.0,1.0,1.0,1.0,1.0,1.0,1.0,,,,,,,,,,1.0
44,20728d3e677b593d,True,1.0,1.0,1.0,1.0,0.5195432464808905,1.0,1.0,1.0,1.0,,,,,,,,,,0.8498572645252782
45,12f2dccfb88957f9,True,1.0,1.0,1.0,0.0,1.0,1.0,1.0,1.0,0.0,,,,,,,,,,0.0
46,572e6c81e32958f2,True,1.0,1.0,1.0,1.0,0.5321019267730543,1.0,1.0,1.0,0.0,,,,,,,,,,0.7287818521165794
47,b031a0b55ab951f8,True,1.0,0.0,1.0,1.0,0.950613369120641,1.0,1.0,1.0,0.0,,,,,,,,,,0.0
48,909655c780e152ac,True,1.0,1.0,1.0,1.0,1.0,1.0,1.0,1.0,0.0,,,,,,,,,,0.875
49,39a1ca97dca75beb,True,1.0,1.0,1.0,1.0,0.9715798611863093,1.0,1.0,1.0,1.0,,,,,,,,,,0.9911187066207217
50,082ea12d7b2355cb,True,1.0,0.0,1.0,1.0,1.0,1.0,1.0,1.0,1.0,,,,,,,,,,0.0
51,fa2c36ce4ba156cb,True,1.0,1.0,1.0,1.0,0.6822924593997313,1.0,0.0,1.0,0.0,,,,,,,,,,0.6507163935624161
52,df72dca23ca45733,True,1.0,1.0,1.0,1.0,1.0,1.0,1.0,1.0,1.0,,,,,,,,,,1.0
53,11d28b80cd0a56d5,True,0.0,1.0,1.0,0.0,1.0,0.0,1.0,1.0,1.0,,,,,,,,,,0.0
54,36419e8c59275f61,True,1.0,1.0,1.0,1.0,0.9588433558546536,1.0,1.0,1.0,0.0,,,,,,,,,,0.8621385487045793
55,5065e99644fb5fc2,True,1.0,1.0,1.0,1.0,1.0,1.0,1.0,1.0,1.0,,,,,,,,,,1.0
56,a5183d5f2da251fa,True,1.0,1.0,1.0,1.0,1.0,1.0,1.0,1.0,1.0,,,,,,,,,,1.0
57,d20be65e3dc65738,True,1.0,1.0,1.0,1.0,0.8571737730626324,1.0,1.0,1.0,1.0,,,,,,,,,,0.9553668040820726
58,f6b9867069845fd2,True,1.0,1.0,1.0,1.0,1.0,1.0,1.0,1.0,0.0,,,,,,,,,,0.875
59,f23073987e7956e3,True,1.0,1.0,1.0,1.0,0.8830977691486943,1.0,1.0,1.0,0.0,,,,,,,,,,0.838468052858967
60,aee07628c2ab5ce1,True,1.0,1.0,1.0,1.0,0.6416377989577643,1.0,1.0,1.0,0.0,,,,,,,,,,0.7630118121743014
61,ed3db88f99a05a6c,True,1.0,1.0,1.0,1.0,0.7553883959043552,1.0,1.0,1.0,1.0,,,,,,,,,,0.923558873720111
62,70d9d518ad0f5382,True,1.0,1.0,1.0,1.0,1.0,1.0,1.0,1.0,1.0,,,,,,,,,,1.0
63,330166def5a35f4d,True,1.0,1.0,1.0,1.0,1.0,1.0,1.0,1.0,1.0,,,,,,,,,,1.0
64,c1839a3333695317,True,1.0,1.0,1.0,1.0,1.0,1.0,1.0,1.0,1.0,,,,,,,,,,1.0
65,c1d95d8a3260541c,True,1.0,1.0,1.0,1.0,0.9673830416960901,1.0,1.0,1.0,1.0,,,,,,,,,,0.9898072005300282
66,85f2b1f1f1f45b5c,True,1.0,1.0,1.0,1.0,0.2423037084362648,1.0,1.0,1.0,0.0,,,,,,,,,,0.6382199088863327
67,9191f3f8644d50cb,True,1.0,1.0,1.0,1.0,1.0,1.0,1.0,1.0,1.0,,,,,,,,,,1.0
68,ca58b2e039305479,True,1.0,1.0,1.0,1.0,0.8621864706618145,1.0,1.0,1.0,0.0,,,,,,,,,,0.8319332720818171
69,da56fca2caff52e4,True,0.5,0.0,1.0,1.0,0.7629425217142354,0.0,1.0,1.0,1.0,,,,,,,,,,0.0
70,32e5d7e804c65214,True,1.0,1.0,1.0,1.0,0.26879640259560067,1.0,1.0,1.0,1.0,,,,,,,,,,0.7714988758111252
71,cb02d1e1315a5e67,True,1.0,0.0,1.0,1.0,0.8821283303443036,0.0,1.0,1.0,0.0,,,,,,,,,,0.0
72,eb3912d9717d5177,True,1.0,1.0,1.0,1.0,0.7636582127371249,1.0,1.0,1.0,1.0,,,,,,,,,,0.9261431914803515
73,0122ce98b2735558,True,1.0,0.0,1.0,1.0,1.0,1.0,1.0,1.0,1.0,,,,,,,,,,0.0
74,550f8f2c9795525c,True,1.0,1.0,1.0,1.0,1.0,1.0,1.0,1.0,1.0,,,,,,,,,,1.0
75,622867ce25805447,True,1.0,1.0,1.0,1.0,0.9818409031816205,1.0,1.0,1.0,1.0,,,,,,,,,,0.9943252822442564
76,e22c42694be05703,True,1.0,1.0,1.0,1.0,0.6782027086611391,1.0,1.0,1.0,1.0,,,,,,,,,,0.899438346456606
77,abbf1c193ac75f91,True,1.0,0.0,1.0,1.0,1.0,1.0,1.0,1.0,0.0,,,,,,,,,,0.0
78,52b2e626eca85976,True,1.0,1.0,1.0,1.0,0.688376202206181,1.0,1.0,1.0,0.0,,,,,,,,,,0.7776175631894315
79,a5ddad9bbb505316,True,1.0,1.0,1.0,1.0,0.75048488129826,1.0,1.0,1.0,1.0,,,,,,,,,,0.9220265254057063
80,3af9cb4d21e15e9e,True,1.0,1.0,1.0,1.0,0.5853672418373115,1.0,1.0,1.0,1.0,,,,,,,,,,0.8704272630741599
81,132307b3c1a55f97,True,1.0,0.0,1.0,1.0,0.9313443858520164,1.0,1.0,1.0,0.0,,,,,,,,,,0.0
82,75ffe77189e95d43,True,1.0,1.0,1.0,1.0,0.6504388159035895,1.0,1.0,1.0,0.0,,,,,,,,,,0.7657621299698717
83,a18d2b32f8415373,True,1.0,0.0,1.0,1.0,0.7570601886474551,1.0,1.0,1.0,1.0,,,,,,,,,,0.0
84,c28c7b29e80059d2,True,1.0,1.0,1.0,1.0,0.8983974134359164,1.0,1.0,1.0,1.0,,,,,,,,,,0.9682491916987239
85,76a0c83f0b6453a0,True,0.0,1.0,1.0,1.0,1.0,0.0,1.0,1.0,1.0,,,,,,,,,,0.0
86,5c883441084d58d7,True,1.0,0.0,1.0,1.0,1.0,0.0,1.0,0.0,0.0,,,,,,,,,,0.0
87,42052560d5925f35,True,1.0,1.0,1.0,1.0,0.396055024862944,1.0,1.0,1.0,0.0,,,,,,,,,,0.68626719526967
88,3cbb6c030b1e5d19,True,1.0,0.0,1.0,1.0,1.0,1.0,1.0,1.0,1.0,,,,,,,,,,0.0
89,d64b2da8ffb65c16,True,1.0,1.0,1.0,1.0,0.9414183848483405,1.0,1.0,1.0,0.0,,,,,,,,,,0.8566932452651064
90,d25b6512a43f5e54,True,1.0,1.0,1.0,1.0,0.6447017872076587,1.0,1.0,1.0,0.0,,,,,,,,,,0.7639693085023933
91,98b414a515bb5b99,True,1.0,1.0,1.0,1.0,0.4478514834345945,1.0,0.0,1.0,1.0,,,,,,,,,,0.7024535885733107
92,6ae2bcc5c2c050e4,True,0.0,1.0,1.0,1.0,1.0,0.0,1.0,1.0,1.0,,,,,,,,,,0.0
93,e1f6c044f4235462,True,1.0,1.0,1.0,1.0,1.0,1.0,1.0,1.0,1.0,,,,,,,,,,1.0
94,102627370a1e5b88,True,1.0,1.0,1.0,1.0,0.7170563644545456,1.0,1.0,1.0,1.0,,,,,,,,,,0.9115801138920455
95,17a015f4ef9b56d0,True,1.0,1.0,1.0,1.0,0.8344294884625854,1.0,1.0,1.0,1.0,,,,,,,,,,0.9482592151445579
96,76b708c365e45536,True,1.0,1.0,1.0,1.0,0.5703085425127764,1.0,1.0,1.0,0.0,,,,,,,,,,0.7407214195352426
97,7da863f64a5f5e90,True,1.0,0.0,1.0,1.0,0.9345576699502912,1.0,1.0,1.0,1.0,,,,,,,,,,0.0
98,2391f12d7e6a5e7f,True,1.0,0.0,1.0,1.0,0.643074771263964,1.0,1.0,1.0,1.0,,,,,,,,,,0.0
99,1981a85eb4ba5001,True,1.0,1.0,1.0,1.0,1.0,1.0,1.0,1.0,0.0,,,,,,,,,,0.875
100,398326681cd7500a,True,1.0,1.0,1.0,1.0,0.9355723460586665,1.0,1.0,1.0,1.0,,,,,,,,,,0.9798663581433333
101,0dc54a8c8203567b,True,1.0,1.0,1.0,1.0,0.6896597905951287,1.0,1.0,1.0,1.0,,,,,,,,,,0.9030186845609778
102,1ea152f7056659a9,True,1.0,0.0,0.5,1.0,0.9316709452705826,1.0,1.0,1.0,0.0,,,,,,,,,,0.0
103,4a919f7ea2f65200,True,1.0,0.0,1.0,1.0,1.0,1.0,1.0,1.0,1.0,,,,,,,,,,0.0
104,e052a41759445a28,True,1.0,1.0,1.0,1.0,0.5032250051897441,1.0,1.0,1.0,0.0,,,,,,,,,,0.7197578141217951
105,5c838efd36805c92,True,1.0,1.0,1.0,1.0,0.8935863013323753,1.0,1.0,1.0,1.0,,,,,,,,,,0.9667457191663673
106,2c8a58b94332570d,True,1.0,1.0,1.0,1.0,0.8702613747358215,1.0,1.0,1.0,1.0,,,,,,,,,,0.9594566796049442
107,712427ff1635596c,True,1.0,1.0,1.0,1.0,0.5104611898964917,1.0,1.0,1.0,1.0,,,,,,,,,,0.8470191218426537
108,599c8b2bc9b252a7,True,1.0,1.0,1.0,1.0,0.8377735370528413,0.0,1.0,1.0,0.0,,,,,,,,,,0.5118042303290129
109,ce05573741b75133,True,1.0,1.0,1.0,1.0,1.0,1.0,1.0,1.0,1.0,,,,,,,,,,1.0
110,834cf95826ec5c73,True,1.0,1.0,1.0,1.0,0.736597391337936,1.0,1.0,1.0,0.0,,,,,,,,,,0.792686684793105
111,2c5cbab120595d79,True,1.0,1.0,1.0,1.0,0.8660426930667398,1.0,1.0,1.0,1.0,,,,,,,,,,0.9581383415833562
112,2bd04a0902095129,True,1.0,1.0,1.0,1.0,1.0,1.0,1.0,1.0,0.0,,,,,,,,,,0.875
113,8d0697930b5e5df0,True,0.0,1.0,1.0,1.0,1.0,0.0,1.0,1.0,1.0,,,,,,,,,,0.0
114,3623049267d35a95,True,1.0,1.0,1.0,1.0,0.37943488104680023,1.0,1.0,1.0,1.0,,,,,,,,,,0.806073400327125
115,0802a51b0a1d512c,True,1.0,1.0,1.0,1.0,0.7310314062194917,1.0,1.0,1.0,1.0,,,,,,,,,,0.9159473144435911
116,eed801b1cd035275,True,1.0,1.0,1.0,1.0,1.0,1.0,1.0,0.0,0.0,,,,,,,,,,0.75
117,179bc3ae5b9f56b0,True,1.0,1.0,1.0,1.0,0.852068262644564,1.0,1.0,1.0,0.0,,,,,,,,,,0.8287713320764263
118,b2abc819ebf45c11,True,1.0,1.0,1.0,1.0,0.07414608030987864,1.0,1.0,1.0,1.0,,,,,,,,,,0.710670650096837
119,529d2e20dc615c3b,True,0.0,1.0,1.0,1.0,1.0,0.0,1.0,1.0,1.0,,,,,,,,,,0.0
120,cbc268a868be50c2,True,1.0,1.0,1.0,1.0,0.7868725698999057,1.0,1.0,1.0,0.0,,,,,,,,,,0.8083976780937205
121,75857e1f177b5af4,True,1.0,1.0,1.0,1.0,0.5552815867996098,1.0,1.0,1.0,0.0,,,,,,,,,,0.7360254958748781
122,fda0145d54065b7c,True,0.0,1.0,1.0,1.0,1.0,0.0,1.0,1.0,1.0,,,,,,,,,,0.0
123,12d426c6727d507a,True,1.0,1.0,1.0,1.0,0.8339591883384471,1.0,1.0,1.0,1.0,,,,,,,,,,0.9481122463557647
124,c656016133b05a15,True,1.0,0.0,1.0,1.0,1.0,1.0,1.0,1.0,1.0,,,,,,,,,,0.0
125,90314b74c92954d6,True,1.0,1.0,1.0,1.0,1.0,1.0,0.0,1.0,1.0,,,,,,,,,,0.875
126,ab4401719a355a62,True,1.0,1.0,1.0,1.0,1.0,1.0,0.0,1.0,1.0,,,,,,,,,,0.875
127,e41740b9529753af,True,1.0,1.0,1.0,1.0,1.0,1.0,1.0,1.0,1.0,,,,,,,,,,1.0
128,063dc3e59f7158d9,True,1.0,1.0,1.0,1.0,0.25287580203116966,1.0,1.0,1.0,1.0,,,,,,,,,,0.7665236881347406
129,1a928640315c5332,True,1.0,1.0,1.0,1.0,0.9164855050479678,1.0,1.0,1.0,1.0,,,,,,,,,,0.97390172032749
130,8f8ccbd6ffcb54b9,True,1.0,1.0,1.0,1.0,0.6634342095864811,1.0,1.0,1.0,1.0,,,,,,,,,,0.8948231904957753
131,94d74f87c8435b61,True,1.0,1.0,1.0,1.0,0.3690862499751765,1.0,1.0,1.0,1.0,,,,,,,,,,0.8028394531172427
132,847432a116d35db0,True,1.0,0.0,1.0,1.0,1.0,1.0,1.0,1.0,1.0,,,,,,,,,,0.0
133,551cf39c34f75b25,True,1.0,1.0,1.0,1.0,0.10653510952917436,1.0,1.0,1.0,1.0,,,,,,,,,,0.720792221727867
134,5d3573d6da7952d3,True,1.0,1.0,1.0,1.0,0.958033468585935,1.0,1.0,1.0,1.0,,,,,,,,,,0.9868854589331046
135,c02f04af32b75648,True,1.0,1.0,1.0,1.0,0.8011260781946584,1.0,1.0,1.0,1.0,,,,,,,,,,0.9378518994358307
136,ef703bb40b9a516c,True,1.0,1.0,1.0,1.0,0.9082424053766373,1.0,1.0,1.0,1.0,,,,,,,,,,0.9713257516801992
137,afa8102c20685ec5,True,1.0,1.0,1.0,1.0,0.20194746687223072,1.0,1.0,1.0,0.0,,,,,,,,,,0.6256085833975721
138,342f42c4b2855ffb,True,1.0,1.0,1.0,1.0,0.6152475044290269,1.0,1.0,1.0,1.0,,,,,,,,,,0.8797648451340709
139,6b2cda5004dc5df9,True,1.0,1.0,1.0,1.0,1.0,1.0,1.0,1.0,1.0,,,,,,,,,,1.0
140,6b0d21782a3b5a22,True,1.0,0.0,1.0,1.0,0.5437116443439607,1.0,1.0,1.0,0.0,,,,,,,,,,0.0
141,0ec9a79351355022,True,1.0,1.0,1.0,1.0,1.0,1.0,1.0,1.0,0.0,,,,,,,,,,0.875
142,e747d6fdc59252f3,True,1.0,1.0,1.0,1.0,0.785423849756245,1.0,1.0,1.0,0.0,,,,,,,,,,0.8079449530488265
143,99a98a7ffb075389,True,1.0,1.0,1.0,1.0,0.7077895176743273,1.0,1.0,1.0,0.0,,,,,,,,,,0.7836842242732273
144,9502cdbb06dd516f,True,1.0,1.0,1.0,1.0,1.0,1.0,1.0,1.0,1.0,,,,,,,,,,1.0
145,ce2f1ac423965b7a,True,1.0,1.0,1.0,1.0,0.9621880967723624,1.0,1.0,1.0,1.0,,,,,,,,,,0.9881837802413632
146,afbf82af256b5711,True,1.0,1.0,1.0,1.0,1.0,1.0,1.0,1.0,1.0,,,,,,,,,,1.0
147,b867b28707205c0b,True,1.0,1.0,1.0,1.0,0.4798229155386148,1.0,1.0,1.0,0.0,,,,,,,,,,0.7124446611058171
148,2030d3a5ed675084,True,1.0,0.0,1.0,1.0,0.9847824543422857,1.0,1.0,1.0,0.0,,,,,,,,,,0.0
149,58d40da0cce05d8c,True,1.0,1.0,1.0,1.0,1.0,1.0,1.0,1.0,1.0,,,,,,,,,,1.0
150,dd35be6455fe566b,True,1.0,1.0,1.0,1.0,0.3259424273077909,1.0,1.0,1.0,1.0,,,,,,,,,,0.7893570085336846
151,a67c6744e6c45edb,True,1.0,1.0,1.0,1.0,0.578514129248206,1.0,1.0,1.0,0.0,,,,,,,,,,0.7432856653900644
152,d08ae5bc8a435f97,True,1.0,1.0,1.0,1.0,1.0,1.0,1.0,1.0,1.0,,,,,,,,,,1.0
153,557a287c11cc5960,True,1.0,1.0,1.0,1.0,1.0,1.0,1.0,1.0,0.0,,,,,,,,,,0.875
154,771c4e378bef58e4,True,1.0,1.0,1.0,1.0,1.0,1.0,1.0,1.0,1.0,,,,,,,,,,1.0
155,09446e65ee9a55d3,True,1.0,1.0,1.0,1.0,1.0,1.0,0.0,0.0,1.0,,,,,,,,,,0.75
156,c7a44a2e52bc5e22,True,1.0,1.0,1.0,1.0,0.9009871446694646,1.0,1.0,1.0,0.0,,,,,,,,,,0.8440584827092077
157,cfb755b8d37458ac,True,1.0,1.0,1.0,1.0,0.5882354279699349,1.0,1.0,1.0,0.0,,,,,,,,,,0.7463235712406047
158,112db94505025ec5,True,1.0,1.0,1.0,1.0,0.9290546730866152,1.0,1.0,1.0,1.0,,,,,,,,,,0.9778295853395672
159,1abf52a927025259,True,1.0,1.0,1.0,1.0,0.8087133685559268,1.0,1.0,1.0,1.0,,,,,,,,,,0.9402229276737271
160,dac84d4f931e54ab,True,0.0,1.0,1.0,1.0,0.86014469564463,0.0,1.0,1.0,1.0,,,,,,,,,,0.0
161,a713265a7f905034,True,1.0,1.0,1.0,1.0,1.0,1.0,1.0,1.0,0.0,,,,,,,,,,0.875
162,a3f2ea7187975b13,True,1.0,1.0,1.0,1.0,1.0,1.0,1.0,1.0,0.0,,,,,,,,,,0.875
163,bd2b1a4530a1538b,True,1.0,1.0,1.0,1.0,0.23370788522963742,1.0,1.0,1.0,1.0,,,,,,,,,,0.7605337141342616
164,0ce170237acd51c2,True,1.0,1.0,1.0,1.0,0.992544764282027,1.0,1.0,1.0,0.0,,,,,,,,,,0.8726702388381334
165,467879c3d37054f5,True,1.0,1.0,1.0,1.0,0.615333931341652,1.0,1.0,1.0,1.0,,,,,,,,,,0.8797918535442663
166,f76112c834c25beb,True,1.0,1.0,1.0,1.0,0.6676205320526681,1.0,1.0,1.0,1.0,,,,,,,,,,0.8961314162664588
167,f9a9b5ee707e501e,True,0.0,1.0,1.0,1.0,1.0,0.0,1.0,1.0,0.0,,,,,,,,,,0.0
168,b9d14f59883a5496,True,1.0,0.0,1.0,1.0,0.5999206038570029,1.0,1.0,1.0,1.0,,,,,,,,,,0.0
169,d5b86f3b51d3535c,True,1.0,1.0,1.0,1.0,0.7120623378979986,1.0,1.0,0.0,0.0,,,,,,,,,,0.6600194805931245
170,54a295777c3a5d46,True,1.0,1.0,1.0,1.0,0.7022244975184297,1.0,1.0,1.0,1.0,,,,,,,,,,0.9069451554745093
171,8fb11d5808355072,True,0.0,1.0,1.0,1.0,1.0,0.0,1.0,1.0,0.0,,,,,,,,,,0.0
172,06c9339fdc3e5404,True,1.0,1.0,1.0,1.0,0.8584231635515541,1.0,1.0,1.0,0.0,,,,,,,,,,0.8307572386098607
173,889aac2576295c91,True,1.0,1.0,1.0,1.0,0.757722876434187,1.0,1.0,1.0,1.0,,,,,,,,,,0.9242883988856834
174,e244b2ddf97a57d6,True,1.0,1.0,1.0,1.0,0.671948749857128,1.0,1.0,1.0,1.0,,,,,,,,,,0.8974839843303525
175,3838eb184c9d5989,True,1.0,1.0,1.0,1.0,0.46555190594135276,1.0,1.0,1.0,1.0,,,,,,,,,,0.8329849706066728
176,580dac44fa305877,True,1.0,1.0,1.0,1.0,0.5841625806319678,1.0,1.0,1.0,0.0,,,,,,,,,,0.7450508064474899
177,d01fec804cd45644,True,1.0,1.0,1.0,1.0,0.7250121515190096,1.0,1.0,1.0,1.0,,,,,,,,,,0.9140662973496905
178,d715fbc6ea0551f8,True,1.0,1.0,1.0,1.0,1.0,1.0,1.0,1.0,1.0,,,,,,,,,,1.0
179,5041cdf76ecb5ee7,True,1.0,0.0,1.0,1.0,0.6479132938873077,1.0,1.0,1.0,0.0,,,,,,,,,,0.0
180,5d2ee89308f958be,True,1.0,0.0,1.0,1.0,0.8238752895530576,1.0,1.0,1.0,1.0,,,,,,,,,,0.0
181,3921f38b62d55f1a,True,1.0,1.0,1.0,1.0,0.8395877245695609,1.0,1.0,1.0,0.0,,,,,,,,,,0.8248711639279878
182,3b3627c7892d5b5e,True,0.0,1.0,1.0,1.0,0.7716212303391019,0.0,0.0,1.0,1.0,,,,,,,,,,0.0
183,bcf787cdb66453f0,True,0.0,1.0,1.0,1.0,1.0,0.0,1.0,1.0,1.0,,,,,,,,,,0.0
184,e74ca27f40755297,True,1.0,1.0,1.0,1.0,1.0,1.0,0.0,1.0,1.0,,,,,,,,,,0.875
185,7727bf26f5845499,True,1.0,0.0,1.0,1.0,0.504686469231984,1.0,1.0,1.0,1.0,,,,,,,,,,0.0
186,cd9d029138325c2c,True,1.0,1.0,0.5,1.0,0.8868475664830605,1.0,1.0,1.0,1.0,,,,,,,,,,0.4823199322629782
187,59ea5c8c067e57e7,True,1.0,0.0,0.5,1.0,1.0,1.0,0.0,1.0,1.0,,,,,,,,,,0.0
188,9b0a5826d2d357d8,True,1.0,0.0,1.0,1.0,0.8409961875313094,1.0,1.0,1.0,1.0,,,,,,,,,,0.0
189,18492b6ce9905b13,True,1.0,1.0,1.0,1.0,0.7085732443974467,1.0,0.0,1.0,1.0,,,,,,,,,,0.7839291388742021
190,c7afdb652a9e5e73,True,1.0,1.0,1.0,1.0,1.0,1.0,1.0,1.0,1.0,,,,,,,,,,1.0
191,5521dd071ee95c1a,True,1.0,1.0,1.0,1.0,0.8678740658071501,1.0,1.0,1.0,1.0,,,,,,,,,,0.9587106455647344
192,d45f18da371a5fe5,True,1.0,1.0,1.0,1.0,0.8074905356129533,1.0,0.0,1.0,1.0,,,,,,,,,,0.8148407923790479
193,7a8c81a7cd1256e0,True,1.0,1.0,1.0,1.0,0.30532296918931007,1.0,1.0,1.0,0.0,,,,,,,,,,0.6579134278716594
194,70f718ebc8b4505e,True,1.0,1.0,1.0,1.0,0.48250797217234065,1.0,1.0,1.0,0.0,,,,,,,,,,0.7132837413038564
195,6c9e40634f705f56,True,1.0,1.0,1.0,1.0,0.7247484397946595,1.0,1.0,1.0,1.0,,,,,,,,,,0.913983887435831
196,197f2dea642850e7,True,1.0,1.0,1.0,1.0,0.9144587817943276,1.0,1.0,1.0,1.0,,,,,,,,,,0.9732683693107274
197,d20dc707981f56e7,True,1.0,1.0,1.0,1.0,1.0,1.0,1.0,1.0,1.0,,,,,,,,,,1.0
198,70f72122f1605fa1,True,1.0,1.0,1.0,1.0,0.5147033089733084,1.0,1.0,1.0,0.0,,,,,,,,,,0.7233447840541589
199,68097b10029d5fe1,True,1.0,1.0,1.0,1.0,0.9952172124776246,1.0,1.0,1.0,0.0,,,,,,,,,,0.8735053788992577
200,686b55439d5e591e,True,1.0,1.0,1.0,1.0,0.3582982358462144,1.0,1.0,1.0,1.0,,,,,,,,,,0.799468198701942
201,ecc6da85180a5eee,True,1.0,0.0,1.0,1.0,1.0,1.0,1.0,1.0,1.0,,,,,,,,,,0.0
202,5d5d1442b83d5c5c,True,1.0,1.0,1.0,1.0,0.7342177428852543,1.0,1.0,1.0,1.0,,,,,,,,,,0.916943044651642
203,5c4d8dfcb0aa5541,True,1.0,0.0,1.0,1.0,0.6596702670023424,1.0,1.0,0.0,0.0,,,,,,,,,,0.0
204,64f47c2f2c7754cb,True,1.0,1.0,1.0,1.0,1.0,1.0,1.0,1.0,1.0,,,,,,,,,,1.0
205,8a492ff6a81054a7,True,1.0,1.0,0.5,1.0,1.0,1.0,0.0,1.0,0.0,,,,,,,,,,0.375
206,b393ab92c8ac5e77,True,1.0,0.0,1.0,1.0,0.8206797357649079,0.0,1.0,0.0,0.0,,,,,,,,,,0.0
207,f41cf739059453a4,True,1.0,1.0,1.0,1.0,0.3590398272303784,1.0,1.0,1.0,1.0,,,,,,,,,,0.7996999460094932
208,64a7186ab49b5cdc,True,1.0,1.0,1.0,1.0,0.7743038687964945,1.0,1.0,1.0,1.0,,,,,,,,,,0.9294699589989045
209,a97ceb2edd0251f9,True,1.0,1.0,1.0,1.0,1.0,1.0,1.0,1.0,0.0,,,,,,,,,,0.875
210,e024bd23594b5a13,True,1.0,1.0,1.0,1.0,1.0,1.0,1.0,1.0,1.0,,,,,,,,,,1.0
211,7b2f3235b4cb5374,True,1.0,1.0,1.0,1.0,0.5708688836501685,1.0,1.0,1.0,0.0,,,,,,,,,,0.7408965261406777
212,02a81792cbdb5dd5,True,1.0,1.0,1.0,1.0,1.0,1.0,0.0,1.0,1.0,,,,,,,,,,0.875
213,813c23718919507a,True,1.0,1.0,0.0,1.0,1.0,1.0,1.0,1.0,0.0,,,,,,,,,,0.0
214,2575048779565f0b,True,1.0,1.0,1.0,1.0,0.574328923675576,1.0,1.0,1.0,1.0,,,,,,,,,,0.8669777886486175
215,bd9abb7104dc5408,True,1.0,0.0,1.0,1.0,0.7069455176491196,1.0,1.0,1.0,1.0,,,,,,,,,,0.0
216,4d5a01dea92b5867,True,1.0,1.0,1.0,1.0,1.0,1.0,1.0,1.0,0.0,,,,,,,,,,0.875
217,087023402a695ba3,True,1.0,1.0,1.0,1.0,1.0,1.0,1.0,1.0,0.0,,,,,,,,,,0.875
218,0fde069313a35062,True,1.0,1.0,1.0,1.0,1.0,1.0,0.0,1.0,1.0,,,,,,,,,,0.875
219,a2d7be8710535e33,True,1.0,1.0,1.0,1.0,0.6572499774604064,1.0,1.0,1.0,1.0,,,,,,,,,,0.8928906179563769
220,56c64f7e47b15e0d,True,1.0,1.0,1.0,1.0,0.5098416899669006,1.0,1.0,1.0,1.0,,,,,,,,,,0.8468255281146564
221,fe8eddd5ec8654cd,True,1.0,1.0,1.0,1.0,0.6880134635669195,1.0,1.0,1.0,0.0,,,,,,,,,,0.7775042073646623
222,5379d354b9b95048,True,1.0,0.0,1.0,1.0,0.8154413837066009,1.0,1.0,1.0,1.0,,,,,,,,,,0.0
223,02b68b9cc51f506a,True,1.0,1.0,1.0,1.0,0.5175511510876499,1.0,1.0,1.0,0.0,,,,,,,,,,0.7242347347148906
224,470cfa23e42757c3,True,1.0,0.0,1.0,1.0,0.6711353995053873,1.0,1.0,1.0,1.0,,,,,,,,,,0.0
225,cd7e4f70ce8e539b,True,1.0,0.0,1.0,1.0,0.5758335646063688,1.0,1.0,1.0,1.0,,,,,,,,,,0.0
226,e46762b07ca45b74,True,1.0,0.0,0.0,1.0,0.6497656907966616,1.0,1.0,1.0,0.0,,,,,,,,,,0.0
227,8d90099a801d5682,True,1.0,1.0,1.0,1.0,1.0,1.0,1.0,1.0,1.0,,,,,,,,,,1.0
228,5e74b6a61b715f47,True,1.0,1.0,0.5,1.0,1.0,1.0,1.0,1.0,0.0,,,,,,,,,,0.4375
229,4dd1ab3a667b5074,True,1.0,1.0,1.0,1.0,1.0,1.0,1.0,1.0,1.0,,,,,,,,,,1.0
230,f2117260382b5d83,True,1.0,1.0,1.0,1.0,0.9045368852106371,1.0,1.0,1.0,1.0,,,,,,,,,,0.9701677766283241
231,89e4665cd63a55bd,True,1.0,1.0,1.0,1.0,1.0,1.0,1.0,1.0,1.0,,,,,,,,,,1.0
232,13310ca9a7715154,True,1.0,1.0,1.0,1.0,1.0,1.0,1.0,1.0,1.0,,,,,,,,,,1.0
233,493c90dce63d5653,True,1.0,1.0,1.0,1.0,1.0,1.0,1.0,1.0,1.0,,,,,,,,,,1.0
234,7feaf6410f1854a8,True,1.0,0.0,1.0,1.0,1.0,1.0,1.0,1.0,1.0,,,,,,,,,,0.0
235,25e9d76574075cee,True,1.0,1.0,1.0,1.0,0.4922940367807927,1.0,1.0,1.0,0.0,,,,,,,,,,0.7163418864939977
236,fe22e2c812e65096,True,1.0,1.0,1.0,1.0,0.5221919963144621,1.0,1.0,1.0,0.0,,,,,,,,,,0.7256849988482694
237,67bce1e28df25eaa,True,1.0,1.0,1.0,1.0,1.0,1.0,1.0,1.0,1.0,,,,,,,,,,1.0
238,5f53001e7e2d5347,True,1.0,1.0,1.0,1.0,1.0,1.0,1.0,1.0,1.0,,,,,,,,,,1.0
239,e8daa33268685b31,True,1.0,0.0,1.0,1.0,1.0,1.0,1.0,1.0,0.0,,,,,,,,,,0.0
240,75b6813b1f4556ce,True,1.0,1.0,1.0,1.0,1.0,1.0,1.0,1.0,0.0,,,,,,,,,,0.875
241,cef1a4b302b45ad8,True,1.0,1.0,1.0,1.0,0.8385905965448205,1.0,1.0,1.0,1.0,,,,,,,,,,0.9495595614202563
242,3067f3d3d5a75989,True,1.0,1.0,1.0,1.0,1.0,1.0,1.0,1.0,0.0,,,,,,,,,,0.875
243,cf50ffa22c81555d,True,1.0,1.0,1.0,1.0,0.7202372103217126,1.0,1.0,1.0,1.0,,,,,,,,,,0.9125741282255352
244,e1886e081b945907,True,1.0,1.0,1.0,1.0,0.628301401324026,1.0,1.0,1.0,0.0,,,,,,,,,,0.7588441879137582
245,b5ba1ec901f1522c,True,1.0,1.0,1.0,1.0,1.0,1.0,1.0,1.0,0.0,,,,,,,,,,0.875
246,aeeba19e19c35ccb,True,1.0,1.0,1.0,1.0,0.7010797530870928,1.0,1.0,1.0,0.0,,,,,,,,,,0.7815874228397165
247,8c689c4b2df55539,True,1.0,1.0,1.0,1.0,0.8257439405507712,1.0,1.0,1.0,1.0,,,,,,,,,,0.945544981422116
248,1e9350ac2bc25f59,True,1.0,0.0,0.5,1.0,0.7041831483529873,1.0,1.0,1.0,0.0,,,,,,,,,,0.0
249,3b1e0182cb145b8d,True,1.0,0.0,1.0,1.0,1.0,1.0,1.0,0.0,0.0,,,,,,,,,,0.0
250,00016f8b45c25a1d,True,1.0,1.0,1.0,1.0,0.683163485074304,1.0,1.0,1.0,1.0,,,,,,,,,,0.90098858908572
251,5d7c7edca69d5e73,True,1.0,1.0,1.0,1.0,1.0,1.0,1.0,1.0,0.0,,,,,,,,,,0.875
252,90ed944de9405835,True,1.0,1.0,1.0,1.0,0.9773766497320526,1.0,1.0,1.0,0.0,,,,,,,,,,0.8679302030412664
253,63980d0b4c9352c4,True,1.0,1.0,1.0,1.0,0.7443249578149129,1.0,1.0,1.0,0.0,,,,,,,,,,0.7951015493171603
254,7d24bd01f77c5d87,True,1.0,1.0,1.0,1.0,0.8386078132732012,1.0,1.0,1.0,0.0,,,,,,,,,,0.8245649416478753
255,2e1d4bde0a16514b,True,0.0,1.0,1.0,1.0,0.8700238506340267,0.0,1.0,1.0,1.0,,,,,,,,,,0.0
256,36899d67473c5c91,True,1.0,1.0,1.0,1.0,1.0,1.0,1.0,1.0,0.0,,,,,,,,,,0.875
257,23d647e77f2d515e,True,1.0,1.0,1.0,1.0,0.36112397036777427,1.0,1.0,1.0,1.0,,,,,,,,,,0.8003512407399295
258,4cac9f6cd85a5b47,True,1.0,0.0,1.0,1.0,0.847419424697337,1.0,1.0,1.0,1.0,,,,,,,,,,0.0
259,132d1ec43fc058e1,True,1.0,1.0,1.0,1.0,0.9703272269785321,1.0,1.0,1.0,1.0,,,,,,,,,,0.9907272584307913
260,5593db2f64115fbf,True,1.0,1.0,1.0,1.0,1.0,1.0,1.0,1.0,1.0,,,,,,,,,,1.0
261,e9b43b140b1d54bf,True,1.0,0.0,1.0,1.0,1.0,1.0,1.0,1.0,1.0,,,,,,,,,,0.0
262,73b2c72a73b458ca,True,1.0,1.0,1.0,1.0,0.4979539021704962,1.0,1.0,1.0,0.0,,,,,,,,,,0.7181105944282801
263,262333f372975eef,True,1.0,1.0,1.0,1.0,1.0,1.0,1.0,1.0,0.0,,,,,,,,,,0.875
264,67debdeae60b5fa4,True,1.0,1.0,1.0,1.0,0.5549916170919068,1.0,1.0,1.0,1.0,,,,,,,,,,0.8609348803412209
265,07846b829b3a575e,True,1.0,1.0,1.0,1.0,0.8452427409895769,1.0,1.0,1.0,0.0,,,,,,,,,,0.8266383565592428
266,0f422a003dab525e,True,1.0,1.0,1.0,1.0,0.7757262427422721,1.0,1.0,1.0,1.0,,,,,,,,,,0.92991445085696
267,f7a9f82f17b256e2,True,1.0,1.0,1.0,1.0,1.0,1.0,1.0,1.0,0.0,,,,,,,,,,0.875
268,a43dbb1d34665f24,True,1.0,1.0,1.0,1.0,0.6293042889441767,1.0,1.0,1.0,1.0,,,,,,,,,,0.8841575902950551
269,79e8f1ce9ed95cf6,True,1.0,1.0,1.0,1.0,0.6639272723655811,1.0,1.0,1.0,0.0,,,,,,,,,,0.7699772726142441
270,59bf40c427da5eb1,True,1.0,0.0,0.5,1.0,0.9124472257428982,1.0,1.0,1.0,0.0,,,,,,,,,,0.0
271,ae05160436d45a62,True,1.0,0.0,1.0,1.0,0.7284210278924224,1.0,1.0,1.0,0.0,,,,,,,,,,0.0
272,a5f411a2c379503d,True,1.0,1.0,1.0,1.0,0.7577869429670014,1.0,1.0,1.0,1.0,,,,,,,,,,0.924308419677188
273,83e895f722575452,True,1.0,1.0,1.0,1.0,0.5136651488965431,1.0,1.0,1.0,1.0,,,,,,,,,,0.8480203590301697
274,b1906c6b8b8f5f56,True,1.0,1.0,1.0,1.0,0.9930170731966411,1.0,1.0,1.0,0.0,,,,,,,,,,0.8728178353739504
275,ea31c764f6385f4a,True,1.0,1.0,1.0,1.0,1.0,1.0,1.0,1.0,1.0,,,,,,,,,,1.0
276,008844070af456e3,True,1.0,1.0,1.0,1.0,0.6706713596289982,1.0,1.0,1.0,0.0,,,,,,,,,,0.7720847998840619
277,613c9ac33f6951ca,True,0.0,1.0,1.0,1.0,0.7640021100732353,0.0,0.0,1.0,1.0,,,,,,,,,,0.0
278,c33bb70075e7594c,True,1.0,1.0,1.0,1.0,1.0,1.0,0.0,1.0,1.0,,,,,,,,,,0.875
279,257773cfd41d59d5,True,1.0,1.0,1.0,1.0,0.2598912014458788,1.0,1.0,1.0,1.0,,,,,,,,,,0.7687160004518372
280,62103d9b18645ebd,True,1.0,1.0,1.0,1.0,0.6016625736036383,1.0,1.0,1.0,1.0,,,,,,,,,,0.8755195542511369
281,a8a34f54618050f6,True,1.0,1.0,1.0,1.0,0.9019230022649953,1.0,1.0,1.0,0.0,,,,,,,,,,0.844350938207811
282,deb455f53c805643,True,1.0,0.0,0.5,1.0,0.8568088992360997,1.0,1.0,0.0,0.0,,,,,,,,,,0.0
283,b35e48a419d7577f,True,1.0,1.0,1.0,1.0,0.26634351124751965,1.0,1.0,1.0,1.0,,,,,,,,,,0.77073234726485
284,442b2cf63c6f570a,True,1.0,1.0,1.0,1.0,0.6297238777867542,1.0,1.0,1.0,1.0,,,,,,,,,,0.8842887118083607
285,b8d2227c06a351e4,True,1.0,1.0,1.0,1.0,0.4220371568949134,1.0,1.0,1.0,1.0,,,,,,,,,,0.8193866115296604
286,e7ae612e880e5d5f,True,1.0,0.0,1.0,1.0,1.0,1.0,1.0,1.0,1.0,,,,,,,,,,0.0
287,f9e3a8f1b0ae5d43,True,1.0,1.0,1.0,1.0,0.4748624992891966,1.0,1.0,1.0,0.0,,,,,,,,,,0.7108945310278739
288,ad34e2d0d3865530,True,1.0,1.0,1.0,1.0,0.6843238101694277,1.0,1.0,1.0,1.0,,,,,,,,,,0.9013511906779461
289,f3ca2707d87a586b,True,0.0,1.0,1.0,1.0,0.9981221482640986,0.0,1.0,1.0,1.0,,,,,,,,,,0.0
290,6b7c5199f84e5aac,True,1.0,1.0,1.0,1.0,0.9492219889609569,1.0,1.0,1.0,0.0,,,,,,,,,,0.859131871550299
291,ce8a292cbd7f54d5,True,1.0,1.0,1.0,1.0,0.6638851539324995,1.0,1.0,1.0,0.0,,,,,,,,,,0.7699641106039061
292,7af0e9b8a12056e8,True,1.0,1.0,1.0,1.0,0.8284384812114236,1.0,1.0,1.0,0.0,,,,,,,,,,0.8213870253785699
293,c9ca538cb3235e43,True,1.0,1.0,1.0,1.0,1.0,1.0,0.0,1.0,1.0,,,,,,,,,,0.875
294,7b22018666ac5b0e,True,1.0,0.0,1.0,1.0,1.0,1.0,1.0,1.0,1.0,,,,,,,,,,0.0
295,8b8ea705c7fd5e8a,True,1.0,0.0,1.0,1.0,0.8804524002809244,1.0,1.0,1.0,0.0,,,,,,,,,,0.0
296,5feede5c5a3c5116,True,1.0,0.0,1.0,1.0,1.0,1.0,1.0,1.0,1.0,,,,,,,,,,0.0
297,b6b5f3cc01a05f83,True,1.0,1.0,1.0,1.0,0.5539900624910096,1.0,1.0,1.0,1.0,,,,,,,,,,0.8606218945284405
298,f2592c08589e5398,True,1.0,0.0,1.0,1.0,0.6283299014345477,1.0,1.0,1.0,1.0,,,,,,,,,,0.0
299,1bc892186af15042,True,1.0,1.0,1.0,1.0,0.6728047050261159,1.0,1.0,1.0,1.0,,,,,,,,,,0.8977514703206613
300,f14e7ed78b5d55b4,True,1.0,1.0,1.0,1.0,0.781685414446464,1.0,1.0,1.0,1.0,,,,,,,,,,0.9317766920145201
301,75f5cc1f425c501d,True,1.0,1.0,1.0,1.0,0.9484855867971288,1.0,0.0,1.0,0.0,,,,,,,,,,0.7339017458741027
302,1c5c2e372dc954cd,True,1.0,1.0,1.0,1.0,1.0,1.0,0.0,1.0,0.0,,,,,,,,,,0.75
303,e1d83d0f913a5263,True,1.0,0.0,1.0,1.0,1.0,1.0,1.0,1.0,1.0,,,,,,,,,,0.0
304,f1ae4feebfda5b75,True,1.0,1.0,1.0,1.0,0.8516723309409292,1.0,1.0,1.0,0.0,,,,,,,,,,0.8286476034190404
305,bf00c76f25185b83,True,1.0,1.0,1.0,1.0,0.6258805683536761,1.0,1.0,1.0,1.0,,,,,,,,,,0.8830876776105238
306,452def672c5d592c,True,1.0,0.0,1.0,1.0,1.0,1.0,1.0,1.0,0.0,,,,,,,,,,0.0
307,dded75c35039515f,True,1.0,1.0,1.0,1.0,1.0,1.0,1.0,1.0,0.0,,,,,,,,,,0.875
308,697882c22eb65ca7,True,1.0,0.0,1.0,1.0,0.7226256478174526,1.0,1.0,1.0,0.0,,,,,,,,,,0.0
309,c340cf7465ab5bbe,True,1.0,1.0,1.0,1.0,0.7690698769017675,1.0,1.0,1.0,0.0,,,,,,,,,,0.8028343365318024
310,85482a4d20fd5eac,True,1.0,0.0,1.0,1.0,0.8615039582653594,1.0,1.0,1.0,1.0,,,,,,,,,,0.0
311,c1e0af56e9eb50b8,True,1.0,1.0,1.0,1.0,1.0,1.0,1.0,1.0,0.0,,,,,,,,,,0.875
312,2322850f71fa5c4d,True,1.0,1.0,1.0,1.0,0.6371208508981867,1.0,1.0,1.0,1.0,,,,,,,,,,0.8866002659056833
313,35b84fa433f0583f,True,1.0,1.0,1.0,1.0,0.24043344335189898,1.0,1.0,1.0,1.0,,,,,,,,,,0.7626354510474684
314,779852a1160f56f9,True,1.0,1.0,1.0,1.0,0.692227825933126,1.0,1.0,1.0,0.0,,,,,,,,,,0.7788211956041019
315,8237f47b224952b4,True,1.0,1.0,1.0,1.0,0.9119190994023805,1.0,1.0,1.0,0.0,,,,,,,,,,0.8474747185632439
316,f8b524a4e8925503,True,1.0,1.0,1.0,1.0,0.9140708035694042,1.0,1.0,1.0,0.0,,,,,,,,,,0.8481471261154387
317,c5b585ddf50d5f1f,True,1.0,1.0,1.0,1.0,1.0,1.0,1.0,1.0,1.0,,,,,,,,,,1.0
318,2033fff7b44e56db,True,0.0,0.0,1.0,1.0,1.0,0.0,1.0,1.0,0.0,,,,,,,,,,0.0
319,20cc0fdb7e2d5c3f,True,1.0,1.0,1.0,1.0,0.8521873991750882,1.0,1.0,1.0,1.0,,,,,,,,,,0.953808562242215
320,515fefed28a65a88,True,1.0,1.0,1.0,1.0,0.7695112048231112,1.0,1.0,1.0,1.0,,,,,,,,,,0.9279722515072222
321,dddf14378c355c3a,True,1.0,0.0,1.0,1.0,0.8938523436850081,1.0,1.0,1.0,1.0,,,,,,,,,,0.0
322,84b8eb5b1a5757c1,True,1.0,0.0,1.0,1.0,0.7182934508615977,1.0,1.0,1.0,1.0,,,,,,,,,,0.0
323,67abcf0964415891,True,1.0,1.0,1.0,1.0,0.7679222764368643,1.0,1.0,0.0,0.0,,,,,,,,,,0.6774757113865201
324,1682c020a94054fa,True,1.0,1.0,1.0,1.0,0.8735618877521153,1.0,1.0,1.0,1.0,,,,,,,,,,0.9604880899225361
325,d50b69bed8f2570c,True,1.0,1.0,1.0,1.0,0.5968770788650921,1.0,1.0,1.0,0.0,,,,,,,,,,0.7490240871453413
326,c7e06d79e58454ae,True,1.0,1.0,1.0,1.0,0.9713166941125556,1.0,1.0,1.0,1.0,,,,,,,,,,0.9910364669101737
327,116aacf9868e5e4e,True,1.0,1.0,1.0,1.0,0.8901444660730223,1.0,1.0,1.0,1.0,,,,,,,,,,0.9656701456478195
328,87eae54f57ea5690,True,1.0,1.0,1.0,1.0,0.7971576421401897,1.0,1.0,1.0,0.0,,,,,,,,,,0.8116117631688093
329,53a7531622255064,True,1.0,1.0,1.0,1.0,0.9641492302155501,1.0,1.0,1.0,1.0,,,,,,,,,,0.9887966344423594
330,fa8c164985255698,True,1.0,1.0,1.0,1.0,0.16463718864084942,1.0,1.0,1.0,1.0,,,,,,,,,,0.7389491214502655
331,a091a6a6033c559f,True,0.0,0.0,1.0,1.0,1.0,0.0,1.0,1.0,0.0,,,,,,,,,,0.0
332,63ec67c4a58a5e5b,True,1.0,0.0,1.0,1.0,0.6181387832471459,1.0,1.0,1.0,1.0,,,,,,,,,,0.0
333,e0b92501aa5051b1,True,1.0,1.0,1.0,1.0,1.0,1.0,1.0,1.0,1.0,,,,,,,,,,1.0
334,66583dab627951a2,True,1.0,1.0,1.0,1.0,0.7188083800170062,1.0,1.0,1.0,0.0,,,,,,,,,,0.7871276187553145
335,ed01297783a05dba,True,1.0,1.0,1.0,1.0,0.916101433453242,1.0,1.0,1.0,0.0,,,,,,,,,,0.8487816979541382
336,f56b0cc9c9d95421,True,1.0,1.0,1.0,1.0,1.0,1.0,1.0,1.0,1.0,,,,,,,,,,1.0
337,c574d461642f5deb,True,1.0,1.0,1.0,1.0,0.9440593398308276,1.0,1.0,1.0,0.0,,,,,,,,,,0.8575185436971335
338,9483fae2cfc352eb,True,1.0,1.0,1.0,1.0,0.5287220225919599,1.0,1.0,1.0,1.0,,,,,,,,,,0.8527256320599874
339,d5b18d6105c25004,True,1.0,1.0,1.0,1.0,1.0,1.0,1.0,1.0,1.0,,,,,,,,,,1.0
340,b459c8b7fd2b5aa4,True,1.0,1.0,1.0,1.0,1.0,1.0,1.0,1.0,0.0,,,,,,,,,,0.875
341,491a9b7a44225a75,True,1.0,1.0,1.0,1.0,1.0,1.0,1.0,0.0,0.0,,,,,,,,,,0.75
342,ff44394af7265df3,True,1.0,1.0,1.0,1.0,0.5700642232003695,1.0,1.0,1.0,0.0,,,,,,,,,,0.7406450697501155
343,da36c99454f65715,True,1.0,1.0,1.0,1.0,0.8647506571496629,1.0,1.0,1.0,0.0,,,,,,,,,,0.8327345803592696
344,9d9762d42ff5561d,True,1.0,1.0,1.0,1.0,0.9862264035635556,1.0,1.0,1.0,1.0,,,,,,,,,,0.9956957511136111
345,69baa41122b45e43,True,1.0,1.0,1.0,1.0,0.5876632050723852,1.0,0.0,1.0,1.0,,,,,,,,,,0.7461447515851204
346,029585f0509d52b0,True,1.0,0.0,0.5,1.0,0.8991533077973337,1.0,1.0,1.0,0.0,,,,,,,,,,0.0
347,49074bfb7c9e5c26,True,1.0,1.0,1.0,1.0,0.7330177956286287,1.0,1.0,1.0,0.0,,,,,,,,,,0.7915680611339464
348,c6bd79f439c254a0,True,1.0,1.0,1.0,1.0,0.9196847496105404,1.0,1.0,1.0,1.0,,,,,,,,,,0.9749014842532939
349,c887e4bc08f85aa5,True,0.5,1.0,1.0,1.0,1.0,0.0,1.0,1.0,1.0,,,,,,,,,,0.34375
350,19e90f2757b25f38,True,1.0,1.0,1.0,1.0,0.5566528144438413,1.0,1.0,1.0,0.0,,,,,,,,,,0.7364540045137005
351,f29d6171f46b551d,True,1.0,1.0,1.0,1.0,1.0,1.0,1.0,1.0,1.0,,,,,,,,,,1.0
352,c296ded44f9a509a,True,1.0,1.0,1.0,1.0,0.8522522011509902,1.0,0.0,1.0,1.0,,,,,,,,,,0.8288288128596845
353,3b910accfc12560a,True,1.0,1.0,1.0,1.0,0.5075316811900247,1.0,1.0,1.0,1.0,,,,,,,,,,0.8461036503718827
354,ae472d675a965aca,True,1.0,1.0,1.0,1.0,0.7840907631743542,1.0,1.0,1.0,1.0,,,,,,,,,,0.9325283634919856
355,afd632f043e35a49,True,1.0,1.0,1.0,1.0,0.8137076017082926,1.0,1.0,1.0,1.0,,,,,,,,,,0.9417836255338414
356,1a707ed0d7ba541d,True,1.0,0.0,1.0,1.0,0.9277773086812298,1.0,1.0,1.0,0.0,,,,,,,,,,0.0
357,289a58bd2ab6512b,True,1.0,1.0,1.0,1.0,0.8837704469271341,1.0,1.0,1.0,1.0,,,,,,,,,,0.9636782646647294
358,4aa44e006ca9579e,True,1.0,1.0,1.0,1.0,0.7817877370471703,1.0,1.0,1.0,1.0,,,,,,,,,,0.9318086678272407
359,a312f24a197d530c,True,1.0,1.0,1.0,1.0,1.0,1.0,1.0,1.0,0.0,,,,,,,,,,0.875
360,afe83cb6c0ae5f67,True,1.0,1.0,1.0,1.0,0.7908288643919781,1.0,0.0,1.0,0.0,,,,,,,,,,0.6846340201224932
361,74c8385c2d845cde,True,1.0,1.0,1.0,1.0,0.6064400437538001,1.0,1.0,1.0,0.0,,,,,,,,,,0.7520125136730625
362,b02bf210eda55579,True,1.0,0.0,1.0,1.0,1.0,1.0,1.0,1.0,0.0,,,,,,,,,,0.0
363,ffe92084016a5795,True,1.0,1.0,1.0,1.0,0.6295516102218327,1.0,1.0,1.0,0.0,,,,,,,,,,0.7592348781943228
364,153ae46b6ba65721,True,1.0,1.0,1.0,1.0,0.9592538567179263,1.0,1.0,1.0,0.0,,,,,,,,,,0.8622668302243519
365,d142ab856b7653df,True,1.0,0.0,1.0,1.0,0.7838298759505167,1.0,1.0,1.0,1.0,,,,,,,,,,0.0
366,c054f473288d5515,True,1.0,1.0,1.0,1.0,1.0,1.0,1.0,1.0,0.0,,,,,,,,,,0.875
367,7857a22b3bc85bb4,True,1.0,1.0,1.0,1.0,0.9085210354665143,1.0,1.0,1.0,1.0,,,,,,,,,,0.9714128235832857
368,99e0c0250e6e54c5,True,1.0,1.0,1.0,1.0,0.6064077273405178,1.0,1.0,1.0,1.0,,,,,,,,,,0.8770024147939118
369,a44db880afe95be7,True,1.0,1.0,1.0,1.0,0.43484283501766613,1.0,1.0,1.0,1.0,,,,,,,,,,0.8233883859430207
370,a7d3e71b8ca456a9,True,0.0,1.0,1.0,1.0,1.0,0.0,1.0,1.0,1.0,,,,,,,,,,0.0
371,de1662269d685ce0,True,1.0,1.0,1.0,1.0,1.0,1.0,1.0,1.0,0.0,,,,,,,,,,0.875
372,6e3cf172a2755fae,True,1.0,1.0,1.0,1.0,0.9373262368538012,1.0,1.0,1.0,1.0,,,,,,,,,,0.980414449016813
373,8cec7d21f7dc540b,True,1.0,1.0,1.0,1.0,0.5859965043200764,1.0,1.0,1.0,0.0,,,,,,,,,,0.745623907600024
374,ac55c7f072c6528d,True,1.0,1.0,1.0,1.0,0.9561042545160627,1.0,1.0,1.0,0.0,,,,,,,,,,0.8612825795362696
375,87b2c0e49070537f,True,1.0,1.0,1.0,1.0,1.0,1.0,1.0,1.0,0.0,,,,,,,,,,0.875
376,9ef1d618435d5e53,True,1.0,1.0,1.0,1.0,0.14188474373950166,1.0,1.0,1.0,1.0,,,,,,,,,,0.7318389824185942
377,8f5b6181d28e5d4a,True,1.0,1.0,1.0,1.0,0.8993427312141983,1.0,1.0,1.0,1.0,,,,,,,,,,0.9685446035044369
378,8846d60884435288,True,1.0,1.0,1.0,1.0,0.6315034747294804,1.0,1.0,1.0,1.0,,,,,,,,,,0.8848448358529626
379,28c89352b09b55d4,True,1.0,1.0,1.0,1.0,0.706979505618856,1.0,1.0,1.0,1.0,,,,,,,,,,0.9084310955058925
380,0b1250020ea95539,True,1.0,1.0,1.0,1.0,0.7763133974186833,1.0,1.0,1.0,0.0,,,,,,,,,,0.8050979366933385
381,c7cb2e43b2d053b7,True,1.0,0.0,1.0,1.0,0.876901762488415,1.0,1.0,1.0,0.0,,,,,,,,,,0.0
382,0cd0aaeb35c95094,True,1.0,1.0,1.0,1.0,1.0,1.0,1.0,1.0,0.0,,,,,,,,,,0.875
383,9b7108902e7158d6,True,1.0,1.0,1.0,1.0,1.0,1.0,1.0,1.0,0.0,,,,,,,,,,0.875
384,f038fc7ffdab5bad,True,1.0,0.0,1.0,1.0,1.0,1.0,1.0,1.0,1.0,,,,,,,,,,0.0
385,bb5b44d240945ed0,True,0.0,1.0,1.0,1.0,1.0,0.0,1.0,1.0,1.0,,,,,,,,,,0.0
386,f1bdf7e4e9f5534e,True,1.0,1.0,1.0,1.0,0.8485475033075198,1.0,0.0,1.0,1.0,,,,,,,,,,0.8276710947835999
387,45ebc34cbe405c3e,True,1.0,1.0,1.0,1.0,0.8523777760258233,1.0,1.0,1.0,1.0,,,,,,,,,,0.9538680550080698
388,93ca181d363358eb,True,0.0,1.0,1.0,1.0,1.0,0.0,1.0,1.0,1.0,,,,,,,,,,0.0
389,a2047f9cb3865b75,True,1.0,1.0,1.0,1.0,0.5126064505302581,1.0,1.0,1.0,1.0,,,,,,,,,,0.8476895157907056
390,4fbfc7dc71db50e2,True,1.0,1.0,1.0,1.0,0.7893529121677854,1.0,1.0,1.0,1.0,,,,,,,,,,0.934172785052433
391,cc4bdc0160e157c4,True,1.0,1.0,1.0,1.0,0.5430654952935966,1.0,1.0,1.0,0.0,,,,,,,,,,0.732207967279249
392,0af68cc78d085fdb,True,1.0,1.0,1.0,1.0,0.823093247628061,1.0,1.0,1.0,1.0,,,,,,,,,,0.9447166398837691
393,f1ca8dd77f205599,True,1.0,1.0,1.0,1.0,0.7997026179683027,1.0,1.0,1.0,0.0,,,,,,,,,,0.8124070681150946
394,5d12ad55fdd858e1,True,1.0,1.0,1.0,1.0,0.8707261882509494,1.0,1.0,1.0,1.0,,,,,,,,,,0.9596019338284216
395,ac7bd595b9a3544c,True,1.0,1.0,1.0,1.0,1.0,1.0,1.0,1.0,0.0,,,,,,,,,,0.875
396,a19d3096f2625fdb,True,1.0,0.0,1.0,1.0,1.0,1.0,1.0,1.0,1.0,,,,,,,,,,0.0
397,e7f8a61d807f5914,True,1.0,1.0,1.0,1.0,0.9732728397731907,1.0,1.0,1.0,1.0,,,,,,,,,,0.9916477624291221
398,f025b78e77b25fba,True,1.0,1.0,1.0,1.0,0.9717594656534453,1.0,1.0,1.0,1.0,,,,,,,,,,0.9911748330167016
399,5c084920ee285003,True,1.0,1.0,1.0,1.0,0.6186795180478517,1.0,1.0,1.0,1.0,,,,,,,,,,0.8808373493899537
400,ef7089ecfb0c5028,True,1.0,1.0,1.0,1.0,1.0,1.0,1.0,1.0,1.0,,,,,,,,,,1.0
401,1c77ba7488d35c52,True,1.0,1.0,1.0,1.0,0.7421455591923344,1.0,1.0,1.0,0.0,,,,,,,,,,0.7944204872476045
402,3c542be991515ccd,True,0.0,0.0,1.0,1.0,0.7898484701979842,1.0,1.0,1.0,1.0,,,,,,,,,,0.0
403,d073c3202a7e56da,True,1.0,1.0,1.0,1.0,1.0,1.0,1.0,1.0,1.0,,,,,,,,,,1.0
404,f749ff64838c5664,True,1.0,1.0,1.0,1.0,1.0,1.0,1.0,1.0,1.0,,,,,,,,,,1.0
405,3d324bda0cec57ab,True,1.0,1.0,1.0,1.0,0.9913779597221462,1.0,1.0,1.0,0.0,,,,,,,,,,0.8723056124131707
406,c3d6016d73645955,True,1.0,1.0,1.0,1.0,1.0,1.0,1.0,1.0,0.0,,,,,,,,,,0.875
407,f0b6499b393152be,True,1.0,1.0,1.0,1.0,1.0,1.0,1.0,1.0,0.0,,,,,,,,,,0.875
408,0e5653822a7a56b3,True,1.0,1.0,1.0,1.0,1.0,1.0,1.0,1.0,1.0,,,,,,,,,,1.0
409,57ef08c8f98457d7,True,1.0,1.0,1.0,1.0,0.8124220458605127,1.0,1.0,1.0,1.0,,,,,,,,,,0.9413818893314102
410,28a4a08f11a05407,True,1.0,1.0,1.0,1.0,0.4679050517587736,1.0,1.0,1.0,1.0,,,,,,,,,,0.8337203286746168
411,dd16377ecfa45fe0,True,1.0,1.0,1.0,1.0,1.0,1.0,1.0,1.0,0.0,,,,,,,,,,0.875
412,9e9e33077f375062,True,1.0,0.0,1.0,1.0,0.8839109751802813,1.0,1.0,1.0,0.0,,,,,,,,,,0.0
413,5d5dfc678c9759a1,True,1.0,1.0,1.0,1.0,0.7618140333681239,1.0,1.0,1.0,0.0,,,,,,,,,,0.8005668854275387
414,05f1a5cbc0905d8e,True,1.0,1.0,1.0,1.0,0.681304226047941,1.0,1.0,1.0,1.0,,,,,,,,,,0.9004075706399816
415,faa8cd5e541a5b67,True,1.0,1.0,1.0,1.0,1.0,1.0,0.0,1.0,1.0,,,,,,,,,,0.875
416,2352aa62dbbe58d2,True,1.0,0.0,1.0,1.0,0.5617317922774868,1.0,1.0,1.0,0.0,,,,,,,,,,0.0
417,223d02be29c65e81,True,1.0,1.0,1.0,1.0,0.649165656682591,1.0,1.0,1.0,0.0,,,,,,,,,,0.7653642677133097
418,1b95b6689ee75fab,True,1.0,1.0,1.0,1.0,0.7313293145487495,1.0,1.0,1.0,0.0,,,,,,,,,,0.7910404107964842
419,b9f3b69b160e5ad0,True,1.0,1.0,1.0,1.0,0.9899050955406583,1.0,1.0,1.0,1.0,,,,,,,,,,0.9968453423564557
420,bbb5018d017754d0,True,1.0,1.0,1.0,1.0,0.5470729550494519,1.0,1.0,1.0,0.0,,,,,,,,,,0.7334602984529537
421,5da314e6404c5213,True,1.0,1.0,1.0,1.0,1.0,1.0,1.0,1.0,1.0,,,,,,,,,,1.0
422,43162b00fe4550b8,True,1.0,0.0,1.0,1.0,1.0,1.0,1.0,1.0,0.0,,,,,,,,,,0.0
423,5f4991d3d2ca5eee,True,1.0,1.0,1.0,1.0,0.21377482743910714,1.0,1.0,1.0,0.0,,,,,,,,,,0.629304633574721
424,99ebd32df2f453f8,True,1.0,1.0,1.0,1.0,0.9621916082196975,1.0,1.0,1.0,1.0,,,,,,,,,,0.9881848775686555
425,dc207d97e04f5ce1,True,1.0,1.0,1.0,1.0,1.0,1.0,1.0,0.0,0.0,,,,,,,,,,0.75
426,585a681f4ad95682,True,1.0,1.0,1.0,1.0,0.5904572474803939,1.0,1.0,1.0,1.0,,,,,,,,,,0.8720178898376231
427,a417154cf84a5426,True,0.0,1.0,1.0,1.0,1.0,0.0,1.0,1.0,1.0,,,,,,,,,,0.0
428,635d0bb58aa95282,True,1.0,1.0,1.0,1.0,0.5273136192900847,1.0,1.0,1.0,0.0,,,,,,,,,,0.7272855060281515
429,67b05cf704325e6b,True,1.0,1.0,1.0,1.0,0.9393870340245869,1.0,1.0,1.0,0.0,,,,,,,,,,0.8560584481326834
430,131ab0263b07507c,True,1.0,0.0,1.0,1.0,1.0,1.0,1.0,0.0,0.0,,,,,,,,,,0.0
431,46deeff0d0495df6,True,1.0,1.0,1.0,1.0,0.5045580419774611,1.0,1.0,1.0,0.0,,,,,,,,,,0.7201743881179565
432,cf05c9f4f6e55af3,True,1.0,1.0,1.0,1.0,0.5274836335797563,1.0,1.0,1.0,0.0,,,,,,,,,,0.7273386354936738
433,14fe69db03425780,True,1.0,0.0,1.0,1.0,0.6711629463082728,1.0,0.0,1.0,0.0,,,,,,,,,,0.0
434,fe9e76e6cac35fba,True,1.0,1.0,1.0,1.0,0.4867116402692417,1.0,1.0,1.0,1.0,,,,,,,,,,0.839597387584138
435,6326d00e52115da4,True,1.0,1.0,1.0,1.0,1.0,1.0,1.0,1.0,1.0,,,,,,,,,,1.0
436,3c34d5d03e8a5bdc,True,1.0,0.0,1.0,1.0,0.5816950679448215,1.0,1.0,1.0,0.0,,,,,,,,,,0.0
437,8164612a623156ae,True,1.0,1.0,1.0,1.0,1.0,1.0,1.0,1.0,1.0,,,,,,,,,,1.0
438,2382542e05f253df,True,1.0,0.0,1.0,1.0,0.8465098140842993,1.0,1.0,1.0,1.0,,,,,,,,,,0.0
439,a59bd481d324594a,True,1.0,0.0,1.0,1.0,0.8116277136082853,1.0,1.0,1.0,0.0,,,,,,,,,,0.0
440,8486dcafaee75d76,True,0.0,1.0,1.0,1.0,1.0,0.0,1.0,1.0,0.0,,,,,,,,,,0.0
441,962deb8ccdaf50e3,True,1.0,1.0,1.0,1.0,0.14861274820767006,1.0,1.0,1.0,1.0,,,,,,,,,,0.7339414838148969
442,34489cf42e005e93,True,1.0,1.0,1.0,1.0,1.0,1.0,1.0,1.0,0.0,,,,,,,,,,0.875
443,0dd3256035e75770,True,1.0,1.0,1.0,1.0,0.5405529692157192,1.0,1.0,1.0,1.0,,,,,,,,,,0.8564228028799122
444,f289e368449b517b,True,0.5,1.0,1.0,1.0,0.8866360618175246,0.0,1.0,1.0,0.0,,,,,,,,,,0.2635368846589882
445,e2ae05340dba502d,True,1.0,0.0,0.5,1.0,1.0,1.0,1.0,1.0,0.0,,,,,,,,,,0.0
446,b474c79361415cb0,True,1.0,1.0,1.0,1.0,0.7119316900840318,1.0,1.0,1.0,1.0,,,,,,,,,,0.9099786531512599
447,a47772efd1d758d6,True,1.0,1.0,1.0,1.0,1.0,1.0,1.0,1.0,0.0,,,,,,,,,,0.875
448,b6247a5245a5554f,True,1.0,1.0,1.0,1.0,1.0,1.0,1.0,1.0,1.0,,,,,,,,,,1.0
449,6e2c6027edb85763,True,1.0,1.0,0.5,1.0,1.0,1.0,0.0,1.0,0.0,,,,,,,,,,0.375
450,bbfd9bdc997348cff,True,,,,,,,,,,1.0,0.0,1.0,1.0,0.7469787450897707,1.0,1.0,1.0,1.0,0.0
451,0fe2cf2ea452fd529,True,,,,,,,,,,1.0,0.0,1.0,1.0,1.0,1.0,1.0,1.0,0.0,0.0
452,3a64c41fecb2ab1ca,True,,,,,,,,,,1.0,0.0,1.0,1.0,0.32887459900721716,1.0,1.0,1.0,0.0,0.0
453,85cab6604a5a39b78,True,,,,,,,,,,1.0,1.0,0.5,1.0,0.42925867120429195,1.0,0.0,1.0,0.0,0.2858216673756706
454,c54816fcfbf2074c3,True,,,,,,,,,,1.0,1.0,1.0,1.0,0.674244016297317,1.0,1.0,1.0,1.0,0.8982012550929116
455,ea85faa2c543fbbae,True,,,,,,,,,,1.0,1.0,1.0,1.0,0.7622279685677374,1.0,1.0,1.0,1.0,0.9256962401774179
456,56f3701eaba44cbba,True,,,,,,,,,,1.0,1.0,1.0,1.0,1.0,1.0,0.0,1.0,0.0,0.75
457,3a96e943c2c264f67,True,,,,,,,,,,1.0,1.0,0.0,1.0,1.0,1.0,0.0,1.0,1.0,0.0
458,330ebf5b4dfbc967a,True,,,,,,,,,,0.0,1.0,1.0,1.0,1.0,0.0,0.0,1.0,0.0,0.0
459,881d6a8509303a3b0,True,,,,,,,,,,1.0,1.0,1.0,1.0,0.18905259071502256,1.0,1.0,1.0,1.0,0.7465789345984446
460,de4d565d2295bfce9,True,,,,,,,,,,0.0,1.0,1.0,1.0,1.0,0.0,0.0,1.0,1.0,0.0
461,b9cbb58cb1e1b0dee,True,,,,,,,,,,1.0,1.0,1.0,1.0,0.638987985711736,1.0,1.0,1.0,1.0,0.8871837455349175
462,6dc215cf4dcd911e3,True,,,,,,,,,,1.0,1.0,1.0,1.0,0.6830083720064044,1.0,1.0,1.0,0.0,0.7759401162520014
463,0ff61f43578c0d8e7,True,,,,,,,,,,1.0,0.0,0.0,1.0,1.0,1.0,0.0,1.0,1.0,0.0
464,df6bd29b481fbd72d,True,,,,,,,,,,1.0,1.0,1.0,1.0,0.8160318710518248,1.0,1.0,1.0,1.0,0.9425099597036952
465,a2d247bf6cbf13f7c,True,,,,,,,,,,0.0,1.0,1.0,1.0,1.0,0.0,0.0,1.0,0.0,0.0
466,62b18a39075ffdaba,True,,,,,,,,,,1.0,0.0,1.0,1.0,1.0,1.0,0.0,1.0,1.0,0.0
467,96260f12e203e8493,True,,,,,,,,,,1.0,0.0,1.0,1.0,0.5144777644352352,1.0,1.0,1.0,1.0,0.0
468,88d4924ebb1940ca0,True,,,,,,,,,,1.0,1.0,1.0,1.0,0.09919942080170403,1.0,1.0,1.0,1.0,0.7184998190005325
469,c1bf650dac02cb0f8,True,,,,,,,,,,1.0,1.0,1.0,1.0,1.0,1.0,1.0,1.0,1.0,1.0
470,4f3ef64863f32d7b6,True,,,,,,,,,,0.0,0.0,1.0,1.0,1.0,0.0,0.0,1.0,1.0,0.0
471,63539a8af8e7678fa,True,,,,,,,,,,1.0,0.0,1.0,1.0,0.6970785458950571,1.0,1.0,1.0,1.0,0.0
472,06a374b6e74317285,True,,,,,,,,,,1.0,1.0,1.0,1.0,0.8070064478516599,1.0,1.0,1.0,0.0,0.8146895149536437
473,fac0a5c373900e63b,True,,,,,,,,,,1.0,1.0,1.0,1.0,0.6906974231447499,1.0,1.0,1.0,0.0,0.7783429447327344
474,253e19e9e77501575,True,,,,,,,,,,1.0,1.0,1.0,1.0,0.6395703437734666,1.0,1.0,1.0,0.0,0.7623657324292084
475,de3ab8b6981c3e632,True,,,,,,,,,,1.0,1.0,1.0,1.0,0.42121192744169617,1.0,1.0,1.0,1.0,0.8191287273255301
476,e35c9a585407c6e2a,True,,,,,,,,,,0.0,0.0,1.0,1.0,1.0,0.0,1.0,1.0,0.0,0.0
477,ddfba30b82c7a702c,True,,,,,,,,,,1.0,0.0,1.0,1.0,1.0,1.0,1.0,1.0,1.0,0.0
478,cc9f51b0460d19ee5,True,,,,,,,,,,1.0,0.0,0.0,1.0,1.0,1.0,0.0,1.0,1.0,0.0
479,ffa118247f83dcacd,True,,,,,,,,,,1.0,1.0,1.0,1.0,0.332504850439612,1.0,1.0,1.0,1.0,0.7914077657623788
480,de5875c3da62d3850,True,,,,,,,,,,1.0,1.0,0.5,1.0,1.0,1.0,0.0,1.0,0.0,0.375
481,5c17574f067aa995c,True,,,,,,,,,,1.0,0.0,1.0,1.0,1.0,1.0,1.0,1.0,1.0,0.0
482,020ac08667a119075,True,,,,,,,,,,1.0,1.0,1.0,1.0,0.7133058583325557,1.0,0.0,1.0,0.0,0.6604080807289237
483,5f69ad192f42e1e35,True,,,,,,,,,,1.0,1.0,1.0,1.0,0.9685220440360448,1.0,1.0,1.0,0.0,0.8651631387612639
484,a423127bc4cb28773,True,,,,,,,,,,1.0,1.0,1.0,1.0,0.7170204135605313,1.0,1.0,1.0,1.0,0.911568879237666
485,712e01f3ee0e674c0,True,,,,,,,,,,1.0,0.0,1.0,1.0,1.0,1.0,0.0,1.0,1.0,0.0
486,f324e70acbaa11675,True,,,,,,,,,,1.0,1.0,1.0,1.0,1.0,1.0,1.0,1.0,0.0,0.875
487,f3886ebf44a7423f1,True,,,,,,,,,,1.0,1.0,0.5,1.0,1.0,1.0,0.0,1.0,1.0,0.4375
488,e6ece8d2d8cf12a8c,True,,,,,,,,,,1.0,1.0,1.0,1.0,0.8205547390517145,1.0,1.0,1.0,0.0,0.8189233559536608
489,646aa5cbfd5f84a9e,True,,,,,,,,,,1.0,1.0,1.0,1.0,1.0,1.0,1.0,1.0,0.0,0.875
490,46b622275a28d1d2d,True,,,,,,,,,,0.0,0.0,1.0,1.0,1.0,0.0,0.0,1.0,0.0,0.0
491,0c384c629c8faf4a0,True,,,,,,,,,,1.0,1.0,1.0,1.0,1.0,1.0,1.0,1.0,1.0,1.0
492,bed081d2dd114adb6,True,,,,,,,,,,1.0,1.0,0.0,1.0,0.9884234452317964,1.0,0.0,1.0,0.0,0.0
493,739eb54d88f3b3d35,True,,,,,,,,,,1.0,1.0,1.0,1.0,0.9229610709732495,1.0,1.0,1.0,1.0,0.9759253346791406
494,efd620a9103f0ef3f,True,,,,,,,,,,1.0,1.0,1.0,1.0,0.4049185665230689,1.0,1.0,1.0,1.0,0.814037052038459
495,887a22206566761ea,True,,,,,,,,,,1.0,1.0,1.0,1.0,0.6543278643770202,1.0,0.0,1.0,0.0,0.6419774576178188
496,80bd77183c8a411b9,True,,,,,,,,,,1.0,0.0,1.0,1.0,1.0,1.0,1.0,1.0,1.0,0.0
497,0028b234cfbb35f30,True,,,,,,,,,,0.0,1.0,1.0,1.0,0.94154541396334,0.0,1.0,1.0,1.0,0.0
498,074cb9c09e56d13b7,True,,,,,,,,,,1.0,1.0,1.0,1.0,0.6934979937310359,1.0,1.0,1.0,0.0,0.7792181230409487
499,17416a9c9123b7bc1,True,,,,,,,,,,1.0,1.0,1.0,1.0,0.9598485262292832,1.0,1.0,1.0,1.0,0.987452664446651
500,f118de263d56644de,True,,,,,,,,,,1.0,1.0,1.0,1.0,0.8392893462573267,0.0,1.0,1.0,1.0,0.6372779207054146
501,bbd5b072e1b30acbb,True,,,,,,,,,,1.0,1.0,0.5,1.0,1.0,1.0,0.0,1.0,1.0,0.4375
502,654d6d6e5212f40da,True,,,,,,,,,,1.0,1.0,1.0,1.0,1.0,1.0,1.0,1.0,0.0,0.875
503,467d1a5ec9c912bda,True,,,,,,,,,,1.0,1.0,1.0,1.0,1.0,1.0,0.0,1.0,1.0,0.875
504,cc2b7831784a6242d,True,,,,,,,,,,1.0,1.0,1.0,1.0,0.23619692156978478,1.0,1.0,1.0,1.0,0.7613115379905577
505,91eb99dcb70ea628c,True,,,,,,,,,,1.0,0.0,0.0,1.0,1.0,1.0,0.0,1.0,1.0,0.0
506,7859f7283b9d34589,True,,,,,,,,,,1.0,1.0,1.0,1.0,0.774228031227834,1.0,1.0,1.0,1.0,0.9294462597586981
507,33def08f34be607b9,True,,,,,,,,,,1.0,0.0,1.0,1.0,1.0,1.0,1.0,1.0,0.0,0.0
508,664a5c4af31581693,True,,,,,,,,,,1.0,1.0,1.0,1.0,0.7237400332614524,1.0,0.0,1.0,1.0,0.7886687603942039
509,03a07d09ea9a5a563,True,,,,,,,,,,1.0,1.0,1.0,1.0,0.8992674984540555,0.0,0.0,1.0,0.0,0.40602109326689234
510,5e8bc80abe039be9e,True,,,,,,,,,,1.0,0.0,0.0,1.0,1.0,1.0,0.0,1.0,1.0,0.0
511,058faf4c24ca33403,True,,,,,,,,,,1.0,1.0,1.0,1.0,0.9140661262623324,1.0,1.0,1.0,0.0,0.8481456644569789
512,6de62a830b05d683f,True,,,,,,,,,,1.0,0.0,1.0,1.0,1.0,1.0,0.0,1.0,1.0,0.0
513,0d61761d225f31579,True,,,,,,,,,,1.0,1.0,1.0,1.0,1.0,1.0,0.0,1.0,1.0,0.875
514,f197eb9bb03399772,True,,,,,,,,,,1.0,1.0,1.0,1.0,0.7676290296867657,1.0,0.0,1.0,1.0,0.8023840717771142
515,c807c2486a7897e81,True,,,,,,,,,,0.0,1.0,1.0,1.0,0.5127791832435074,0.0,1.0,1.0,1.0,0.0
516,8b8b4f2749140ac7a,True,,,,,,,,,,1.0,1.0,1.0,1.0,0.8217070896597977,1.0,1.0,1.0,0.0,0.8192834655186867
517,d0add012a511855fa,True,,,,,,,,,,1.0,1.0,1.0,1.0,0.25243011787295233,1.0,1.0,1.0,0.0,0.6413844118352976
518,c675e95ff07987458,True,,,,,,,,,,1.0,1.0,1.0,1.0,0.7091473236882904,1.0,0.0,1.0,1.0,0.7841085386525908
519,8ff15043e7dd18ac8,True,,,,,,,,,,1.0,1.0,1.0,1.0,0.24546516972966193,1.0,1.0,1.0,0.0,0.6392078655405193
520,03777a197c96bea9d,True,,,,,,,,,,1.0,1.0,1.0,1.0,0.8070064478516599,1.0,1.0,1.0,0.0,0.8146895149536437
521,272d0fb68e72a32c3,True,,,,,,,,,,1.0,1.0,0.5,1.0,1.0,1.0,1.0,1.0,1.0,0.5
522,4511ae351df046b69,True,,,,,,,,,,1.0,1.0,1.0,1.0,0.28310134215974403,1.0,1.0,1.0,0.0,0.65096916942492
523,bb6f79a8768f43fd9,True,,,,,,,,,,1.0,1.0,1.0,1.0,0.7296269931621894,1.0,1.0,1.0,0.0,0.7905084353631842
524,d50c124d290a31078,True,,,,,,,,,,1.0,0.0,0.0,1.0,1.0,1.0,1.0,1.0,0.0,0.0
525,6d53c1572e4753c0c,True,,,,,,,,,,0.0,1.0,1.0,1.0,1.0,0.0,1.0,1.0,0.0,0.0
526,a810d97362a0219ed,True,,,,,,,,,,1.0,1.0,1.0,1.0,0.7583827695700133,1.0,1.0,1.0,0.0,0.7994946154906292
527,04635beeb994d0ded,True,,,,,,,,,,1.0,1.0,0.0,1.0,1.0,1.0,0.0,1.0,1.0,0.0
528,e2ea1000f4e2d0904,True,,,,,,,,,,0.0,1.0,1.0,1.0,1.0,0.0,1.0,1.0,1.0,0.0
529,7e1f129d7bf7e7065,True,,,,,,,,,,1.0,1.0,1.0,1.0,0.10283648143297908,1.0,1.0,1.0,1.0,0.719636400447806
530,733f274e5e937aae5,True,,,,,,,,,,0.0,1.0,0.5,1.0,1.0,0.0,0.0,1.0,1.0,0.0
531,6d3e5e6a1c2f52b9a,True,,,,,,,,,,1.0,1.0,1.0,1.0,1.0,1.0,1.0,1.0,1.0,1.0
532,61fc4b92e35089b4c,True,,,,,,,,,,1.0,1.0,1.0,1.0,0.8233799444633737,1.0,1.0,1.0,0.0,0.8198062326448043
533,9c9df3f60654177e5,True,,,,,,,,,,1.0,1.0,1.0,1.0,0.5952400500947728,1.0,1.0,1.0,1.0,0.8735125156546165
534,e1ef0211a91fc5373,True,,,,,,,,,,1.0,0.0,1.0,1.0,1.0,1.0,0.0,1.0,0.0,0.0
535,b9d5b5bb73e875bc3,True,,,,,,,,,,1.0,1.0,1.0,1.0,0.29658533142026366,1.0,1.0,1.0,1.0,0.7801829160688324
536,d6f75a03673049ff0,True,,,,,,,,,,1.0,0.0,1.0,1.0,1.0,1.0,0.0,1.0,0.0,0.0
537,dd724782a844b55a6,True,,,,,,,,,,0.0,1.0,1.0,1.0,1.0,0.0,0.0,1.0,0.0,0.0
538,1adb976dcfb852711,True,,,,,,,,,,1.0,1.0,1.0,1.0,0.6522457000118784,1.0,1.0,1.0,1.0,0.891326781253712
539,587695426dcca63ae,True,,,,,,,,,,1.0,1.0,1.0,1.0,0.7203099052832534,1.0,1.0,1.0,1.0,0.9125968454010167
540,f0cb86afe097df891,True,,,,,,,,,,1.0,1.0,1.0,1.0,0.8537807652010148,1.0,0.0,1.0,1.0,0.8293064891253171
541,58a0f95c3ba9a97b9,True,,,,,,,,,,1.0,1.0,1.0,1.0,0.9029805309178839,1.0,0.0,1.0,1.0,0.8446814159118388
542,ba66893d0046c895c,True,,,,,,,,,,1.0,1.0,1.0,1.0,1.0,1.0,0.0,1.0,0.0,0.75
543,0883e274dffb8a761,True,,,,,,,,,,1.0,0.0,1.0,1.0,1.0,1.0,1.0,1.0,1.0,0.0
544,dae98f820d40b2d3d,True,,,,,,,,,,1.0,1.0,1.0,1.0,0.6298440365342121,1.0,0.0,1.0,1.0,0.7593262614169413
545,70fff47737f1e15b4,True,,,,,,,,,,1.0,1.0,1.0,1.0,1.0,1.0,1.0,1.0,0.0,0.875
546,ae4f3518384257a07,True,,,,,,,,,,1.0,1.0,1.0,1.0,1.0,1.0,1.0,0.0,0.0,0.75
547,3f9875514c117cb50,True,,,,,,,,,,1.0,1.0,1.0,1.0,0.43547470726987336,1.0,1.0,1.0,1.0,0.8235858460218355
548,378f516a635bd9169,True,,,,,,,,,,0.5,1.0,1.0,1.0,1.0,0.0,1.0,1.0,0.0,0.28125
549,c4a089c490ce6eb9e,True,,,,,,,,,,0.0,1.0,1.0,1.0,1.0,0.0,1.0,1.0,1.0,0.0
550,17c86323e16dd5691,True,,,,,,,,,,1.0,1.0,1.0,1.0,0.8725632361524717,1.0,0.0,1.0,0.0,0.7101760112976474
551,f1e82aeab9ae98314,True,,,,,,,,,,1.0,1.0,1.0,1.0,0.4434658277546017,1.0,1.0,1.0,1.0,0.826083071173313
552,395c08bc6114b0b9e,True,,,,,,,,,,1.0,1.0,1.0,1.0,0.46379115195264425,1.0,1.0,1.0,1.0,0.8324347349852013
553,4b0f639cbf3aaa353,True,,,,,,,,,,1.0,1.0,1.0,1.0,0.40783946736995974,1.0,0.0,1.0,0.0,0.5649498335531125
554,d1c72c5965ad4f57e,True,,,,,,,,,,1.0,1.0,1.0,1.0,0.7728539086163773,1.0,1.0,0.0,0.0,0.6790168464426178
555,334428793abea228f,True,,,,,,,,,,1.0,0.0,1.0,1.0,1.0,1.0,0.0,1.0,0.0,0.0
556,5fb47f166e5559387,True,,,,,,,,,,1.0,1.0,1.0,1.0,0.2053822428430926,1.0,0.0,1.0,1.0,0.6266819508884665
557,44873a7eb00654595,True,,,,,,,,,,1.0,1.0,1.0,1.0,0.8705765945486402,1.0,0.0,1.0,0.0,0.70955518579645
558,19211d8eac9c62147,True,,,,,,,,,,1.0,1.0,1.0,1.0,0.7368112344587473,1.0,1.0,1.0,1.0,0.9177535107683585
559,9c691b673576a2299,True,,,,,,,,,,1.0,0.0,1.0,1.0,0.5720556748402044,1.0,1.0,1.0,1.0,0.0
560,e03e2999009dbd343,True,,,,,,,,,,1.0,1.0,1.0,1.0,0.221786847186501,1.0,0.0,1.0,1.0,0.6318083897457816
561,47333aea0afd08b32,True,,,,,,,,,,0.0,1.0,1.0,1.0,1.0,0.0,1.0,1.0,1.0,0.0
562,0128e6a2b97ff89b5,True,,,,,,,,,,0.0,1.0,1.0,1.0,1.0,0.0,1.0,1.0,1.0,0.0
563,252b55b927f05ad09,True,,,,,,,,,,1.0,1.0,1.0,1.0,1.0,1.0,1.0,1.0,0.0,0.875
564,b7161060a1ad34cc6,True,,,,,,,,,,1.0,0.0,0.0,1.0,1.0,1.0,0.0,1.0,0.0,0.0
565,336d890ca14e2aab5,True,,,,,,,,,,1.0,1.0,1.0,1.0,0.8977573630033736,1.0,1.0,0.0,1.0,0.8430491759385543
566,c525c6d635eb5f316,True,,,,,,,,,,1.0,1.0,1.0,1.0,0.7702740773530975,1.0,1.0,1.0,1.0,0.928210649172843
567,50f513cc32849ede8,True,,,,,,,,,,0.0,1.0,1.0,1.0,0.7934953032939038,0.0,1.0,1.0,0.0,0.0
568,ce4c369affbdefa99,True,,,,,,,,,,1.0,1.0,1.0,1.0,0.6595697696425937,1.0,1.0,1.0,1.0,0.8936155530133105
569,b83c30081d33ba2dd,True,,,,,,,,,,1.0,1.0,1.0,1.0,0.7919165718046642,1.0,0.0,1.0,1.0,0.8099739286889576
570,0f261a9f083cf0d25,True,,,,,,,,,,1.0,1.0,1.0,1.0,0.7310771750620345,1.0,0.0,1.0,0.0,0.6659616172068858
571,987228c8136243451,True,,,,,,,,,,0.0,1.0,0.0,1.0,1.0,0.0,0.0,1.0,0.0,0.0
572,c27589c1692f0a130,True,,,,,,,,,,1.0,1.0,1.0,1.0,0.6878254110557119,1.0,1.0,1.0,1.0,0.90244544095491
573,10935babd12d37a58,True,,,,,,,,,,1.0,0.0,1.0,1.0,0.6647595471499085,1.0,1.0,1.0,0.0,0.0
574,f03413df184aedd86,True,,,,,,,,,,1.0,1.0,1.0,1.0,0.6701349594437043,1.0,1.0,1.0,0.0,0.7719171748261575
575,461b3554166aa0d6f,True,,,,,,,,,,0.0,0.0,0.5,1.0,1.0,0.0,0.0,1.0,0.0,0.0
576,7d544582497e9153d,True,,,,,,,,,,1.0,0.0,1.0,1.0,0.7390997775073762,1.0,1.0,1.0,1.0,0.0
577,df73f150c23f6aeec,True,,,,,,,,,,1.0,1.0,0.0,1.0,1.0,1.0,0.0,1.0,1.0,0.0
578,c58481114df532967,True,,,,,,,,,,1.0,1.0,1.0,1.0,0.7643675413166012,1.0,1.0,1.0,0.0,0.8013648566614379
579,3843fa52f9eff158e,True,,,,,,,,,,0.5,0.0,0.0,1.0,1.0,0.0,1.0,1.0,0.0,0.0
580,544fd2c725ea1a878,True,,,,,,,,,,1.0,1.0,1.0,1.0,0.8504868702381517,1.0,1.0,1.0,1.0,0.9532771469494223
581,390d17b9e350ffe45,True,,,,,,,,,,1.0,1.0,1.0,1.0,0.7933199588650822,1.0,1.0,1.0,1.0,0.9354124871453382
582,46571d478b3c7bc57,True,,,,,,,,,,0.0,1.0,1.0,1.0,0.9111449388364817,0.0,1.0,1.0,1.0,0.0
583,13d3b12e20ec70ec5,True,,,,,,,,,,1.0,1.0,1.0,1.0,1.0,1.0,1.0,1.0,0.0,0.875
584,e260f18e09079fc0a,True,,,,,,,,,,1.0,1.0,1.0,1.0,0.8126179201668515,1.0,1.0,1.0,0.0,0.816443100052141
585,9559a76868f2d58b3,True,,,,,,,,,,1.0,1.0,1.0,1.0,0.39746581796929353,1.0,1.0,1.0,1.0,0.8117080681154043
586,d22b68be5e9fb8c2a,True,,,,,,,,,,1.0,1.0,1.0,1.0,1.0,1.0,1.0,1.0,0.0,0.875
587,94d9715aabd9df7cd,True,,,,,,,,,,0.0,1.0,1.0,1.0,1.0,0.0,1.0,0.0,0.0,0.0
588,fb2b568b2a055b83c,True,,,,,,,,,,1.0,1.0,1.0,1.0,0.18607498651418525,1.0,0.0,1.0,0.0,0.49564843328568287
589,3dafbde4626235155,True,,,,,,,,,,1.0,1.0,1.0,1.0,0.695667042437234,1.0,0.0,1.0,1.0,0.7798959507616356
590,ead470fc76d3720d5,True,,,,,,,,,,1.0,1.0,1.0,1.0,0.4216030517900278,1.0,1.0,1.0,1.0,0.8192509536843837
591,c1b9b8e570da075bf,True,,,,,,,,,,1.0,1.0,1.0,1.0,1.0,1.0,1.0,1.0,1.0,1.0
592,07675a8f705892e3b,True,,,,,,,,,,1.0,1.0,1.0,1.0,0.23668572816308484,1.0,1.0,1.0,1.0,0.761464290050964
593,523e6115068b06a33,True,,,,,,,,,,0.5,1.0,1.0,1.0,1.0,0.0,1.0,0.0,0.0,0.21875
594,2b1c7704ed19c6b68,True,,,,,,,,,,1.0,1.0,1.0,1.0,0.6138657115095764,1.0,0.0,1.0,0.0,0.6293330348467426
595,56ce783224ed8bbc4,True,,,,,,,,,,1.0,1.0,1.0,1.0,0.5972155045947236,1.0,0.0,1.0,0.0,0.6241298451858511
596,c55fd3e0272579bda,True,,,,,,,,,,1.0,1.0,1.0,1.0,0.771846976454685,1.0,1.0,1.0,1.0,0.928702180142089
597,ad89b51facf4ec5e5,True,,,,,,,,,,1.0,1.0,0.0,1.0,1.0,1.0,0.0,1.0,1.0,0.0
598,1bd8d67289c963a19,True,,,,,,,,,,1.0,0.0,1.0,1.0,0.8634342781603044,1.0,0.0,1.0,0.0,0.0
599,a13664addc273bf0a,True,,,,,,,,,,1.0,1.0,1.0,1.0,0.5624581340815225,1.0,1.0,1.0,0.0,0.7382681669004758
600,7daae87faa1540ace,True,,,,,,,,,,1.0,1.0,1.0,1.0,0.8449577470646757,1.0,0.0,1.0,1.0,0.8265492959577112
601,84073ac4c8f117f43,True,,,,,,,,,,1.0,1.0,1.0,1.0,0.745183601162711,1.0,0.0,1.0,1.0,0.7953698753633471
602,de5c3636623914b49,True,,,,,,,,,,1.0,1.0,0.0,1.0,1.0,1.0,0.0,1.0,0.0,0.0
603,bffe666f9175e93c1,True,,,,,,,,,,1.0,1.0,1.0,1.0,0.705813787848827,1.0,1.0,1.0,1.0,0.9080668087027585
604,c0a268f5942ff8fac,True,,,,,,,,,,1.0,1.0,1.0,1.0,0.6351780296135446,1.0,1.0,1.0,0.0,0.7609931342542327
605,88c5a08bcfdda91cd,True,,,,,,,,,,1.0,1.0,1.0,1.0,0.9048144985699106,1.0,0.0,1.0,1.0,0.845254530803097
606,e14d602917d1d211f,True,,,,,,,,,,1.0,1.0,1.0,1.0,0.8095069556675103,1.0,0.0,1.0,1.0,0.815470923646097
607,0062f66f0a168555e,True,,,,,,,,,,1.0,1.0,1.0,1.0,0.7728130656221717,1.0,0.0,1.0,0.0,0.6790040830069286
608,59837e4159b9ac2a4,True,,,,,,,,,,1.0,1.0,1.0,1.0,0.6224150596041348,1.0,0.0,1.0,1.0,0.7570047061262921
609,146060978cf746557,True,,,,,,,,,,1.0,0.0,1.0,1.0,0.7622274550963197,1.0,1.0,1.0,0.0,0.0
610,0a16bdbfa64eeb441,True,,,,,,,,,,1.0,0.0,0.5,1.0,1.0,1.0,1.0,1.0,1.0,0.0
611,3ba190ee6bf34b836,True,,,,,,,,,,1.0,1.0,1.0,1.0,1.0,1.0,0.0,1.0,1.0,0.875
612,a81080b37a16b485a,True,,,,,,,,,,1.0,1.0,1.0,1.0,0.7221474503136563,1.0,0.0,1.0,0.0,0.6631710782230176
613,355d2f57b20f32e9c,True,,,,,,,,,,0.0,0.0,0.0,1.0,1.0,0.0,0.0,1.0,1.0,0.0
614,d1a972f7af648078b,True,,,,,,,,,,1.0,1.0,1.0,1.0,0.2722284559997888,1.0,1.0,1.0,1.0,0.772571392499934
615,c5bf49e3aca8b3adb,True,,,,,,,,,,1.0,1.0,1.0,1.0,0.7250702419420062,1.0,1.0,1.0,1.0,0.9140844506068769
616,04de9b2eef6b71d6c,True,,,,,,,,,,1.0,1.0,1.0,1.0,0.8538315377933813,1.0,1.0,1.0,1.0,0.9543223555604317
617,b7e1048a59015eb95,True,,,,,,,,,,1.0,1.0,1.0,1.0,0.8157230089936653,1.0,1.0,1.0,1.0,0.9424134403105204
618,f960c8624d9938147,True,,,,,,,,,,1.0,1.0,0.0,1.0,1.0,1.0,0.0,1.0,1.0,0.0
619,4ac35e2587f31ee76,True,,,,,,,,,,1.0,1.0,1.0,1.0,0.7963972479811033,1.0,0.0,1.0,1.0,0.8113741399940948
620,1fa4a4d07117f21ba,True,,,,,,,,,,1.0,1.0,1.0,1.0,0.8636231405029333,0.0,0.0,1.0,1.0,0.5198822314071667
621,dfaaf61d58472b476,True,,,,,,,,,,1.0,1.0,1.0,1.0,0.25805075264162836,1.0,1.0,1.0,0.0,0.6431408602005089
622,2e221a5360953028d,True,,,,,,,,,,1.0,1.0,1.0,1.0,0.5361030366264714,1.0,1.0,1.0,0.0,0.7300321989457723
623,7d8867cd2c80b0fd8,True,,,,,,,,,,1.0,1.0,1.0,1.0,0.0,1.0,1.0,1.0,1.0,0.6875
624,0308c9d9ebeab7805,True,,,,,,,,,,1.0,1.0,1.0,1.0,0.6147029146890914,1.0,1.0,1.0,1.0,0.8795946608403411
625,01939f050c164b6c4,True,,,,,,,,,,1.0,1.0,1.0,1.0,0.9256628396128277,1.0,0.0,1.0,0.0,0.7267696373790087
626,6dfe7ea162c45ba1d,True,,,,,,,,,,0.0,0.0,1.0,1.0,1.0,0.0,1.0,1.0,0.0,0.0
627,6cb50088281513418,True,,,,,,,,,,1.0,1.0,1.0,1.0,0.7504798246157839,1.0,1.0,1.0,0.0,0.7970249451924325
628,eeb4b0334d12c4c0f,True,,,,,,,,,,1.0,1.0,1.0,1.0,0.11065468050513458,1.0,1.0,1.0,1.0,0.7220795876578545
629,f047a65c1ef695e27,True,,,,,,,,,,1.0,1.0,1.0,1.0,1.0,1.0,0.0,1.0,1.0,0.875
630,4019a208fc30e8936,True,,,,,,,,,,0.0,1.0,1.0,1.0,1.0,0.0,0.0,1.0,1.0,0.0
631,880ea2e1739fd042f,True,,,,,,,,,,1.0,0.0,1.0,1.0,0.33935817303724064,1.0,1.0,1.0,1.0,0.0
632,44200def81a985e9f,True,,,,,,,,,,0.0,1.0,1.0,1.0,1.0,0.0,0.0,1.0,1.0,0.0
633,01e9b170c5c1365c4,True,,,,,,,,,,1.0,1.0,1.0,1.0,0.6982084462300252,1.0,1.0,1.0,1.0,0.9056901394468828
634,afaf4dd4fa375bb85,True,,,,,,,,,,1.0,0.0,1.0,0.0,1.0,1.0,1.0,1.0,0.0,0.0
635,04ea6a683ebec3208,True,,,,,,,,,,1.0,1.0,1.0,1.0,0.21521241759819995,1.0,0.0,1.0,1.0,0.6297538804994375
636,15cd04f7d172178fc,True,,,,,,,,,,1.0,0.0,1.0,1.0,0.4251105485734643,1.0,1.0,1.0,1.0,0.0
637,b7f7527c14d0de1ef,True,,,,,,,,,,1.0,1.0,0.0,1.0,1.0,1.0,0.0,1.0,1.0,0.0
638,b7b2aa82af5f10496,True,,,,,,,,,,1.0,1.0,1.0,1.0,0.552730487680755,1.0,0.0,1.0,0.0,0.6102282774002359
639,7a86797ebcf888d4d,True,,,,,,,,,,1.0,1.0,1.0,1.0,0.5003914772922079,1.0,1.0,1.0,1.0,0.843872336653815
640,5351d5bec3ef40436,True,,,,,,,,,,1.0,0.0,1.0,1.0,0.8338558742442366,1.0,1.0,1.0,1.0,0.0
641,38fd2f329eb063f83,True,,,,,,,,,,1.0,1.0,1.0,1.0,0.5261096552362573,1.0,0.0,1.0,1.0,0.7269092672613304
642,effa3c121b26ed3b5,True,,,,,,,,,,1.0,1.0,1.0,1.0,1.0,1.0,1.0,1.0,1.0,1.0
643,eb5c033b5d728ecba,True,,,,,,,,,,1.0,1.0,1.0,1.0,0.316777007547976,1.0,0.0,1.0,0.0,0.5364928148587425
644,9922b31c71414db50,True,,,,,,,,,,0.0,1.0,1.0,1.0,1.0,0.0,0.0,1.0,1.0,0.0
645,f3ce063b49364f5ba,True,,,,,,,,,,1.0,1.0,1.0,1.0,0.8100947016830737,1.0,1.0,1.0,0.0,0.8156545942759605
646,5cd83ccdc4993016d,True,,,,,,,,,,1.0,1.0,1.0,1.0,0.7909588061603521,1.0,0.0,1.0,1.0,0.80967462692511
647,7cd1093d133170449,True,,,,,,,,,,1.0,0.0,0.0,1.0,1.0,1.0,0.0,1.0,0.0,0.0
648,29034e89288b15cef,True,,,,,,,,,,1.0,1.0,1.0,1.0,0.4971307339980567,1.0,1.0,1.0,0.0,0.7178533543743927
649,5573b3c15a0cc7845,True,,,,,,,,,,1.0,0.0,1.0,1.0,1.0,1.0,1.0,1.0,1.0,0.0
650,a686334790117f882,True,,,,,,,,,,1.0,1.0,1.0,1.0,1.0,1.0,1.0,1.0,1.0,1.0
651,3eee54f31bcaed95d,True,,,,,,,,,,0.5,0.0,1.0,1.0,0.7765477046414551,0.0,0.0,1.0,1.0,0.0
652,558678d3b68828f3a,True,,,,,,,,,,1.0,0.0,0.0,1.0,1.0,1.0,0.0,1.0,1.0,0.0
653,599d18ef0c8b9c894,True,,,,,,,,,,0.0,1.0,1.0,1.0,1.0,0.0,1.0,1.0,0.0,0.0
654,ff7b96c916771e141,True,,,,,,,,,,1.0,1.0,1.0,1.0,0.5726792454514444,1.0,1.0,1.0,0.0,0.7414622642035764
655,bf1cc9724e9048572,True,,,,,,,,,,1.0,1.0,1.0,1.0,0.6371322628122545,1.0,0.0,1.0,0.0,0.6366038321288295
656,0eef4e705a397f8df,True,,,,,,,,,,1.0,1.0,1.0,1.0,0.857955514038154,1.0,0.0,1.0,0.0,0.7056110981369231
657,4429b647133616c7e,True,,,,,,,,,,1.0,1.0,1.0,1.0,0.8294540072023434,1.0,1.0,1.0,1.0,0.9467043772507323
658,e33aa6b2d5b26910b,True,,,,,,,,,,1.0,1.0,0.5,1.0,1.0,1.0,0.0,1.0,1.0,0.4375
659,36f3fac010047f5a8,True,,,,,,,,,,0.0,0.0,1.0,1.0,1.0,0.0,0.0,1.0,0.0,0.0
660,5a7f1b88b2ab93c12,True,,,,,,,,,,1.0,0.0,0.0,1.0,1.0,1.0,0.0,1.0,0.0,0.0
661,10da8689597a01351,True,,,,,,,,,,0.0,1.0,1.0,1.0,1.0,0.0,1.0,1.0,0.0,0.0
662,b94470389611028aa,True,,,,,,,,,,0.5,0.0,0.5,1.0,1.0,0.0,0.0,1.0,0.0,0.0
663,57b584425e87975ce,True,,,,,,,,,,1.0,1.0,0.0,1.0,1.0,1.0,0.0,1.0,1.0,0.0
664,7b6367ddd040256d3,True,,,,,,,,,,1.0,1.0,1.0,1.0,0.1625138221509543,1.0,1.0,1.0,1.0,0.7382855694221733
665,5e652ec452f5c3eb4,True,,,,,,,,,,1.0,1.0,1.0,1.0,0.8908697674791392,1.0,1.0,1.0,1.0,0.965896802337231
666,548f3a3e3c14a9e80,True,,,,,,,,,,1.0,1.0,0.0,1.0,1.0,1.0,0.0,1.0,0.0,0.0
667,5cd73374e1336ce3f,True,,,,,,,,,,1.0,1.0,0.0,1.0,1.0,1.0,0.0,1.0,1.0,0.0
668,7d17bb3bdf0937570,True,,,,,,,,,,1.0,1.0,1.0,1.0,0.5039744625663349,1.0,0.0,1.0,1.0,0.7199920195519797
669,a1ec47d4c6a4ac611,True,,,,,,,,,,0.0,0.0,0.0,1.0,1.0,0.0,0.0,1.0,0.0,0.0
670,81da68a500fb17473,True,,,,,,,,,,1.0,1.0,1.0,1.0,0.5757537553222779,1.0,0.0,1.0,1.0,0.7424230485382118
671,a368b8806368419d0,True,,,,,,,,,,1.0,1.0,1.0,1.0,1.0,1.0,1.0,1.0,1.0,1.0
672,234b7c4138a9802b3,True,,,,,,,,,,1.0,1.0,1.0,1.0,0.7543044925466503,1.0,0.0,1.0,1.0,0.7982201539208282
673,63c3e07f95869dd8a,True,,,,,,,,,,1.0,0.0,0.0,1.0,1.0,1.0,0.0,1.0,0.0,0.0
674,5fc5bb18513bc7d0b,True,,,,,,,,,,1.0,1.0,0.0,1.0,0.7612777164346228,1.0,0.0,1.0,1.0,0.0
675,63c41e35465456dc7,True,,,,,,,,,,1.0,0.0,0.0,1.0,1.0,1.0,0.0,1.0,0.0,0.0
676,3432391c5dca44cf9,True,,,,,,,,,,1.0,1.0,1.0,1.0,0.9089775940353765,1.0,1.0,1.0,0.0,0.8465554981360551
677,83643b4c5add93044,True,,,,,,,,,,1.0,1.0,1.0,1.0,0.359424837440376,1.0,1.0,1.0,1.0,0.7998202617001176
678,51cb45da3827bd0fb,True,,,,,,,,,,1.0,1.0,1.0,1.0,0.6423801310563321,1.0,1.0,1.0,0.0,0.7632437909551038
679,b710f4583e83f5650,True,,,,,,,,,,1.0,1.0,1.0,1.0,0.5721957249599007,1.0,1.0,1.0,1.0,0.866311164049969
680,a018170a118dc39bc,True,,,,,,,,,,1.0,1.0,1.0,1.0,0.15443394195091179,1.0,0.0,1.0,0.0,0.48576060685965994
681,7077621a398aa2bf0,True,,,,,,,,,,1.0,0.0,1.0,1.0,0.3998923841047912,1.0,1.0,1.0,1.0,0.0
682,7ac64209033f8834f,True,,,,,,,,,,1.0,1.0,0.5,1.0,1.0,1.0,0.0,1.0,0.0,0.375
683,036879f77cadaa2d1,True,,,,,,,,,,0.0,1.0,1.0,1.0,1.0,0.0,0.0,0.0,0.0,0.0
684,c1b8b4454bc0a112c,True,,,,,,,,,,1.0,1.0,1.0,1.0,0.4052043436717077,1.0,1.0,1.0,1.0,0.8141263573974087
685,5139fde7658566f8c,True,,,,,,,,,,0.0,1.0,0.5,1.0,1.0,0.0,0.0,1.0,1.0,0.0
686,1bd9daba7d7d502b0,True,,,,,,,,,,1.0,1.0,1.0,1.0,1.0,1.0,1.0,1.0,1.0,1.0
687,82e64850661b77497,True,,,,,,,,,,1.0,1.0,1.0,1.0,1.0,0.0,1.0,1.0,1.0,0.6875
688,ab74a4ee392eb4ffc,True,,,,,,,,,,1.0,1.0,1.0,1.0,0.7068745268349693,1.0,1.0,1.0,0.0,0.783398289635928
689,61c5dadb5c926478c,True,,,,,,,,,,0.0,1.0,1.0,1.0,1.0,0.0,0.0,1.0,1.0,0.0
690,cac389eb6249d6874,True,,,,,,,,,,1.0,1.0,1.0,1.0,0.36219102863099845,1.0,0.0,1.0,0.0,0.550684696447187
691,7382576570c02547b,True,,,,,,,,,,1.0,1.0,1.0,1.0,0.526977747866267,1.0,0.0,1.0,1.0,0.7271805462082085
692,b32be2ef15c6d9947,True,,,,,,,,,,1.0,1.0,1.0,1.0,1.0,1.0,1.0,1.0,1.0,1.0
693,83e0eefcee219247b,True,,,,,,,,,,1.0,1.0,1.0,1.0,0.5725789634429864,1.0,0.0,1.0,1.0,0.7414309260759333
694,835ff0096d7b5ba4f,True,,,,,,,,,,1.0,1.0,1.0,1.0,0.7960914331481066,1.0,1.0,1.0,1.0,0.9362785728587832
695,68bca311e7f195048,True,,,,,,,,,,0.0,1.0,1.0,1.0,1.0,0.0,1.0,1.0,1.0,0.0
696,84c83fdf5cd2bf3d0,True,,,,,,,,,,1.0,1.0,0.0,1.0,1.0,1.0,0.0,1.0,0.0,0.0
697,553919abb3a801b7e,True,,,,,,,,,,1.0,0.0,1.0,1.0,1.0,1.0,1.0,1.0,1.0,0.0
698,3365055ca32faadaa,True,,,,,,,,,,1.0,1.0,1.0,1.0,0.479465489992739,1.0,1.0,1.0,1.0,0.837332965622731
699,a33343b83ce194f89,True,,,,,,,,,,1.0,1.0,1.0,1.0,0.12891357272987775,1.0,1.0,1.0,1.0,0.7277854914780868
700,2c048c6ca0a0876cd,True,,,,,,,,,,1.0,1.0,1.0,1.0,0.8560652043979713,0.0,0.0,1.0,1.0,0.5175203763743661
701,3888d194819d19b6e,True,,,,,,,,,,1.0,1.0,0.0,1.0,1.0,1.0,0.0,1.0,0.0,0.0
702,29a75324e23136d91,True,,,,,,,,,,1.0,1.0,1.0,1.0,0.8070318042648448,1.0,1.0,1.0,1.0,0.939697438832764
703,ced98f0c60c32e69a,True,,,,,,,,,,1.0,1.0,1.0,1.0,0.18243823370323986,1.0,1.0,1.0,1.0,0.7445119480322624
704,868d49798379dc351,True,,,,,,,,,,1.0,1.0,1.0,1.0,1.0,1.0,1.0,1.0,0.0,0.875
705,73c6cac7e07b1cf4f,True,,,,,,,,,,1.0,0.0,1.0,1.0,0.6775766528172198,1.0,0.0,1.0,1.0,0.0
706,f228148d75c9d3b09,True,,,,,,,,,,1.0,1.0,1.0,1.0,0.6475122058082895,1.0,1.0,1.0,1.0,0.8898475643150905
707,194e5931bc902ac73,True,,,,,,,,,,1.0,1.0,1.0,1.0,0.9244749223510009,1.0,0.0,1.0,0.0,0.7263984132346878
708,618e08d8da0ee9129,True,,,,,,,,,,0.0,1.0,1.0,1.0,1.0,0.0,1.0,1.0,1.0,0.0
709,3e0c9c2ea255fd348,True,,,,,,,,,,1.0,1.0,1.0,1.0,1.0,0.0,0.0,1.0,1.0,0.5625
710,dcf19e94036cc47aa,True,,,,,,,,,,1.0,1.0,0.5,1.0,1.0,1.0,0.0,1.0,1.0,0.4375
711,d253a5d864e95f8d2,True,,,,,,,,,,1.0,1.0,1.0,1.0,0.1122731349630613,1.0,0.0,1.0,1.0,0.5975853546759566
712,a31ca4af2bc4ff90a,True,,,,,,,,,,0.0,1.0,1.0,1.0,1.0,0.0,0.0,1.0,1.0,0.0
713,7cef24e9f023c00e8,True,,,,,,,,,,1.0,0.0,1.0,1.0,0.9413360515134098,1.0,1.0,1.0,0.0,0.0
714,c41d6466acee52a7f,True,,,,,,,,,,1.0,1.0,1.0,1.0,0.9253696956037171,1.0,0.0,1.0,0.0,0.7266780298761616
715,367254bcce7ceee1d,True,,,,,,,,,,1.0,1.0,1.0,1.0,0.5339008455224102,1.0,0.0,1.0,0.0,0.6043440142257532
716,579935f9cfdd09614,True,,,,,,,,,,1.0,1.0,1.0,1.0,0.6322560839775762,1.0,0.0,1.0,1.0,0.7600800262429925
717,b7f83635c23a2a5d8,True,,,,,,,,,,0.0,1.0,1.0,1.0,1.0,0.0,1.0,1.0,0.0,0.0
718,9e0e0c6fe70eeb1d8,True,,,,,,,,,,1.0,0.0,1.0,1.0,1.0,1.0,0.0,1.0,0.0,0.0
719,946712c7d5a1cec37,True,,,,,,,,,,1.0,1.0,1.0,1.0,1.0,1.0,0.0,1.0,0.0,0.75
720,bc1165d3665880833,True,,,,,,,,,,1.0,1.0,1.0,1.0,1.0,1.0,0.0,1.0,1.0,0.875
721,d9320fa5d2528afc4,True,,,,,,,,,,1.0,0.0,1.0,1.0,0.734739620324407,1.0,1.0,1.0,0.0,0.0
722,4aa1d2e5835ad59ee,True,,,,,,,,,,1.0,1.0,1.0,1.0,0.6260268438965971,1.0,1.0,1.0,1.0,0.8831333887176867
723,e7db08ac75d56b8b2,True,,,,,,,,,,1.0,1.0,1.0,1.0,0.24891913075576372,1.0,0.0,1.0,0.0,0.5152872283611761
724,f2b84517dc455c03f,True,,,,,,,,,,1.0,1.0,1.0,1.0,0.5865786801203005,1.0,1.0,1.0,1.0,0.8708058375375939
725,c69cdc989b0472928,True,,,,,,,,,,0.0,1.0,1.0,1.0,0.9039260550451131,0.0,0.0,1.0,0.0,0.0
726,b0c4ee557f41b780c,True,,,,,,,,,,1.0,1.0,1.0,1.0,0.1240534311676284,1.0,1.0,1.0,1.0,0.7262666972398839
727,40fe52aee319a8b70,True,,,,,,,,,,1.0,0.0,1.0,1.0,0.3401082877483274,1.0,1.0,1.0,1.0,0.0
728,7e6c6310177832aed,True,,,,,,,,,,1.0,1.0,1.0,1.0,0.96042180046139,1.0,1.0,1.0,0.0,0.8626318126441843
729,7b43da672e8898362,True,,,,,,,,,,1.0,1.0,0.5,1.0,1.0,1.0,0.0,1.0,1.0,0.4375
730,b692c62651903c29f,True,,,,,,,,,,1.0,1.0,0.5,1.0,0.7123416584714163,1.0,1.0,1.0,0.0,0.3925533841361588
731,113cb8fed3d36b259,True,,,,,,,,,,1.0,1.0,1.0,1.0,0.4378508768118632,1.0,1.0,1.0,1.0,0.8243283990037072
732,e1654044aa2aa4003,True,,,,,,,,,,1.0,1.0,1.0,1.0,0.3409756082118451,1.0,0.0,0.0,0.0,0.4190548775662016
733,0206d7321fb32894a,True,,,,,,,,,,1.0,1.0,1.0,1.0,0.4113614285051485,1.0,0.0,1.0,1.0,0.6910504464078588
734,96f3c7fe0e97ef1f0,True,,,,,,,,,,1.0,1.0,1.0,1.0,0.8224654858565099,1.0,0.0,1.0,1.0,0.8195204643301593
735,82164b6dd39963198,True,,,,,,,,,,1.0,1.0,0.0,1.0,1.0,1.0,0.0,1.0,0.0,0.0
736,1f61d345cacd5e1d1,True,,,,,,,,,,1.0,1.0,1.0,1.0,0.8927793897418699,1.0,1.0,1.0,0.0,0.8414935592943343
737,cd1312c660b0759a0,True,,,,,,,,,,1.0,1.0,1.0,1.0,0.8650875402194371,1.0,0.0,1.0,0.0,0.7078398563185742
738,ec511fbf17452272b,True,,,,,,,,,,1.0,0.0,1.0,1.0,0.6532697229776725,1.0,1.0,1.0,0.0,0.0
739,e2d10c9ccbbc61bce,True,,,,,,,,,,1.0,1.0,0.5,1.0,0.7193206251202314,1.0,0.0,1.0,1.0,0.39364384767503613
740,34e7a39f33ba4f108,True,,,,,,,,,,0.0,1.0,1.0,1.0,1.0,0.0,1.0,1.0,0.0,0.0
741,271b906800ea0cf57,True,,,,,,,,,,1.0,0.0,1.0,1.0,1.0,1.0,0.0,1.0,1.0,0.0
742,8fb004759e2d805f0,True,,,,,,,,,,1.0,0.0,1.0,1.0,1.0,1.0,0.0,1.0,1.0,0.0
743,289adac373c057f2c,True,,,,,,,,,,1.0,1.0,0.5,1.0,1.0,1.0,0.0,1.0,0.0,0.375
744,0fc649902e2af4e9e,True,,,,,,,,,,1.0,1.0,1.0,1.0,0.28122877598328994,1.0,1.0,1.0,1.0,0.7753839924947781
745,5f02891c6336297bf,True,,,,,,,,,,1.0,1.0,1.0,1.0,1.0,1.0,1.0,1.0,1.0,1.0
746,522f0d16763a76d06,True,,,,,,,,,,1.0,0.0,1.0,1.0,0.7740732453055804,1.0,1.0,1.0,0.0,0.0
747,dd5013a89e336b685,True,,,,,,,,,,1.0,0.0,1.0,1.0,1.0,1.0,1.0,1.0,1.0,0.0
748,f8d974540bdca9c27,True,,,,,,,,,,1.0,1.0,0.0,1.0,1.0,1.0,0.0,1.0,0.0,0.0
749,d603eac1517a7fe9a,True,,,,,,,,,,1.0,1.0,1.0,1.0,0.7264754361633703,1.0,1.0,1.0,0.0,0.7895235738010532
750,fed773a2bcad8ee41,True,,,,,,,,,,1.0,1.0,0.0,1.0,1.0,1.0,0.0,1.0,1.0,0.0
751,38d50c91468fbe6e5,True,,,,,,,,,,1.0,1.0,1.0,1.0,0.19988123313714595,1.0,0.0,1.0,1.0,0.6249628853553582
752,90060fb4a17c1e73a,True,,,,,,,,,,1.0,1.0,0.5,1.0,1.0,1.0,0.0,1.0,0.0,0.375
753,ba3f20b19ddb93cb1,True,,,,,,,,,,0.0,1.0,1.0,1.0,1.0,0.0,1.0,1.0,1.0,0.0
754,1de9185a9bb05abe5,True,,,,,,,,,,1.0,1.0,1.0,1.0,0.7398865785952614,1.0,1.0,1.0,1.0,0.9187145558110192
755,9add3630e04fe7c41,True,,,,,,,,,,0.5,0.0,1.0,1.0,1.0,0.0,1.0,1.0,1.0,0.0
756,5c7504aeee1fc6587,True,,,,,,,,,,0.0,0.0,1.0,1.0,1.0,0.0,1.0,1.0,0.0,0.0
757,c9b45ed2516cd216c,True,,,,,,,,,,1.0,0.0,0.5,1.0,1.0,1.0,1.0,1.0,0.0,0.0
758,527b9dd077cc88c6e,True,,,,,,,,,,1.0,1.0,0.5,1.0,1.0,1.0,0.0,1.0,1.0,0.4375
759,60d2e82730e16c5a0,True,,,,,,,,,,1.0,0.0,0.0,1.0,1.0,1.0,0.0,1.0,1.0,0.0
760,281b6c4a5468c1447,True,,,,,,,,,,1.0,1.0,1.0,1.0,0.8807855834721167,1.0,1.0,1.0,1.0,0.9627454948350365
761,9ce594d7aea2ad542,True,,,,,,,,,,0.0,1.0,1.0,1.0,0.95433276309277,0.0,1.0,1.0,0.0,0.0
762,d4443eaf8695fc97e,True,,,,,,,,,,1.0,1.0,0.5,1.0,0.6859596550042761,0.0,0.0,0.0,0.0,0.10718119609441815
763,3791263c877ce2d77,True,,,,,,,,,,1.0,1.0,1.0,0.0,1.0,1.0,1.0,1.0,0.0,0.0
764,a64fb9390dd8520e5,True,,,,,,,,,,0.0,1.0,1.0,1.0,1.0,0.0,0.0,1.0,1.0,0.0
765,ab0cda5402469194e,True,,,,,,,,,,1.0,1.0,0.0,1.0,0.9367163623279183,1.0,1.0,1.0,1.0,0.0
766,306bd7dfd9818a9eb,True,,,,,,,,,,0.0,0.0,1.0,1.0,0.5987317466130299,0.0,1.0,0.0,0.0,0.0
767,546ea00bc8516f8dc,True,,,,,,,,,,1.0,0.0,0.0,1.0,1.0,1.0,0.0,1.0,0.0,0.0
768,39ebfd58dcc9b5aea,True,,,,,,,,,,0.0,0.0,0.0,1.0,1.0,0.0,0.0,1.0,1.0,0.0
769,026597b466e481724,True,,,,,,,,,,1.0,1.0,1.0,1.0,0.4843588249668039,1.0,0.0,1.0,1.0,0.7138621328021262
770,874ca7613e4fb30ba,True,,,,,,,,,,1.0,0.0,0.0,1.0,1.0,0.0,0.0,1.0,0.0,0.0
771,e2575892f97539fa7,True,,,,,,,,,,1.0,0.0,1.0,1.0,1.0,1.0,1.0,1.0,1.0,0.0
772,02d2d3d4304682d94,True,,,,,,,,,,1.0,0.0,1.0,1.0,1.0,1.0,1.0,1.0,1.0,0.0
773,501d21c67c2ddbdb0,True,,,,,,,,,,1.0,1.0,1.0,1.0,0.2862981629970307,1.0,0.0,1.0,1.0,0.6519681759365721
774,2288b831536d541ba,True,,,,,,,,,,0.0,1.0,1.0,1.0,0.8422873159610804,0.0,1.0,1.0,0.0,0.0
775,111982efc7ab59a6d,True,,,,,,,,,,1.0,0.0,1.0,1.0,0.3998898338524112,1.0,1.0,1.0,1.0,0.0
776,d1b44adf0f1195ea7,True,,,,,,,,,,1.0,1.0,1.0,1.0,1.0,1.0,1.0,1.0,1.0,1.0
777,82fb1914f91a82579,True,,,,,,,,,,1.0,0.0,1.0,1.0,0.9485296067746698,1.0,0.0,1.0,1.0,0.0
778,a3d3acd8f46271484,True,,,,,,,,,,1.0,0.0,1.0,1.0,0.6194672945441185,1.0,1.0,1.0,1.0,0.0
779,d04ff28ed5ef1d0d5,True,,,,,,,,,,1.0,1.0,1.0,1.0,0.6100014844602136,1.0,1.0,1.0,1.0,0.8781254638938167
780,c989b3ae7e9270d2d,True,,,,,,,,,,1.0,1.0,1.0,1.0,0.4902534232933045,1.0,1.0,1.0,0.0,0.7157041947791577
781,bafac7b272b09ff2d,True,,,,,,,,,,1.0,1.0,1.0,1.0,0.9834380253769323,1.0,1.0,1.0,0.0,0.8698243829302914
782,c4630acafb54056da,True,,,,,,,,,,1.0,1.0,1.0,1.0,0.8787092768283941,1.0,0.0,1.0,1.0,0.8370966490088732
783,e56578b2f08218e36,True,,,,,,,,,,0.5,1.0,1.0,1.0,0.8673841220137241,0.0,0.0,1.0,1.0,0.2605287690646444
784,f295cbd77bfa4efa0,True,,,,,,,,,,1.0,1.0,1.0,1.0,0.28518210788170506,1.0,0.0,1.0,1.0,0.6516194087130328
785,477b98093c6f47fcc,True,,,,,,,,,,1.0,0.0,1.0,1.0,1.0,0.0,0.0,1.0,1.0,0.0
786,412fcdb7f8f144443,True,,,,,,,,,,1.0,1.0,1.0,1.0,1.0,1.0,1.0,1.0,1.0,1.0
787,aee14ef0a789e2911,True,,,,,,,,,,1.0,1.0,1.0,1.0,0.9219535672255288,1.0,1.0,1.0,1.0,0.9756104897579778
788,a7ac5526d9ab827a7,True,,,,,,,,,,1.0,1.0,1.0,1.0,0.8497644964307961,1.0,1.0,1.0,1.0,0.9530514051346237
789,38158890d40f83da6,True,,,,,,,,,,0.0,1.0,1.0,1.0,1.0,0.0,0.0,1.0,0.0,0.0
790,256ffb5e85a521e98,True,,,,,,,,,,0.0,1.0,1.0,1.0,0.632401539894116,0.0,0.0,1.0,1.0,0.0
791,37eb625a0529e1cfa,True,,,,,,,,,,1.0,1.0,1.0,1.0,0.7580625503137639,1.0,1.0,1.0,1.0,0.9243945469730512
792,6eb7971620ae92336,True,,,,,,,,,,1.0,0.0,0.5,1.0,0.8451451681097583,1.0,1.0,1.0,0.0,0.0
793,1e114b2c7da13a9b8,True,,,,,,,,,,1.0,1.0,1.0,1.0,0.2717261010912173,1.0,1.0,1.0,1.0,0.7724144065910055
794,67aafbe3b9430e738,True,,,,,,,,,,0.0,1.0,1.0,1.0,1.0,0.0,0.0,1.0,1.0,0.0
795,c7e0e6deef7f0758e,True,,,,,,,,,,1.0,1.0,1.0,1.0,0.7140463326079908,1.0,0.0,1.0,0.0,0.6606394789399971
796,ba8e76ba50850dffe,True,,,,,,,,,,1.0,1.0,1.0,1.0,0.9790916529126967,1.0,1.0,1.0,0.0,0.8684661415352177
797,f32e09eab0a9183d4,True,,,,,,,,,,1.0,1.0,1.0,0.0,1.0,1.0,0.0,1.0,0.0,0.0
798,445dc87ec088dd46a,True,,,,,,,,,,1.0,0.0,1.0,1.0,0.5306117353843098,1.0,1.0,1.0,1.0,0.0
799,5e2acee998e20682e,True,,,,,,,,,,1.0,1.0,0.5,1.0,1.0,1.0,0.0,1.0,0.0,0.375
800,f11c7bd81d7370578,True,,,,,,,,,,1.0,1.0,1.0,1.0,0.6279514391066193,1.0,0.0,1.0,0.0,0.6337348247208185
801,80d068bd845098002,True,,,,,,,,,,1.0,1.0,1.0,1.0,0.6844721689926179,1.0,1.0,1.0,0.0,0.7763975528101931
802,da2b9a69d4322c6e8,True,,,,,,,,,,1.0,1.0,1.0,1.0,0.5065664887936927,1.0,1.0,1.0,1.0,0.8458020277480289
803,a04d1509b1d00db31,True,,,,,,,,,,1.0,1.0,1.0,1.0,1.0,1.0,1.0,1.0,1.0,1.0
804,6eed9aba87a865c93,True,,,,,,,,,,1.0,1.0,1.0,1.0,1.0,1.0,0.0,1.0,1.0,0.875
805,91e4c1dcd12d3cf3c,True,,,,,,,,,,1.0,1.0,1.0,1.0,1.0,0.0,1.0,0.0,0.0,0.4375
806,0a5f73f132223809d,True,,,,,,,,,,1.0,1.0,1.0,1.0,0.7125290745362105,1.0,0.0,1.0,0.0,0.6601653357925658
807,d784680050236fe52,True,,,,,,,,,,1.0,1.0,1.0,1.0,0.6708457675539977,1.0,0.0,1.0,1.0,0.7721393023606242
808,43eb9502a0d70fcea,True,,,,,,,,,,1.0,1.0,1.0,1.0,0.7163311397868604,1.0,1.0,1.0,0.0,0.7863534811833939
809,cc082d08854f64656,True,,,,,,,,,,0.0,1.0,0.5,1.0,1.0,0.0,0.0,1.0,0.0,0.0
810,1ad3760588008efe5,True,,,,,,,,,,0.0,1.0,1.0,1.0,1.0,0.0,0.0,1.0,0.0,0.0
811,518126dc1af446798,True,,,,,,,,,,1.0,1.0,1.0,1.0,0.657253007824165,1.0,0.0,1.0,1.0,0.7678915649450515
812,f3c4213c78f53fa5d,True,,,,,,,,,,1.0,1.0,1.0,1.0,0.932764288430256,1.0,1.0,1.0,0.0,0.8539888401344551
813,63a0b4eedb06db349,True,,,,,,,,,,1.0,0.0,0.0,1.0,1.0,1.0,0.0,1.0,0.0,0.0
814,19b51ad1679f9fa3c,True,,,,,,,,,,1.0,1.0,1.0,1.0,0.8459981704418055,1.0,1.0,1.0,1.0,0.9518744282630642
815,f60e4c60846b1a1da,True,,,,,,,,,,1.0,1.0,1.0,1.0,0.7093794398193195,1.0,1.0,1.0,1.0,0.9091810749435374
816,d85f111a22572d5b1,True,,,,,,,,,,1.0,1.0,0.5,1.0,1.0,1.0,1.0,0.0,0.0,0.375
817,bc0cc2d8f71b0e8a8,True,,,,,,,,,,1.0,1.0,1.0,1.0,0.8119823328212202,1.0,1.0,1.0,1.0,0.9412444790066313
818,19b9962d1050c08e3,True,,,,,,,,,,0.0,1.0,1.0,1.0,1.0,0.0,1.0,1.0,1.0,0.0
819,e1f0dcd38a9ec2523,True,,,,,,,,,,1.0,1.0,0.0,1.0,1.0,0.0,0.0,1.0,0.0,0.0
820,6f5571bbc6dc5faee,True,,,,,,,,,,1.0,1.0,1.0,1.0,0.942136790921824,1.0,0.0,1.0,0.0,0.73191774716307
821,fa7ca9fcddad7a40d,True,,,,,,,,,,1.0,1.0,1.0,1.0,0.6944705017604397,1.0,1.0,1.0,0.0,0.7795220318001375
822,1ee04786c1af4e2d7,True,,,,,,,,,,1.0,1.0,1.0,1.0,1.0,0.0,1.0,1.0,0.0,0.5625
823,d19cedf7c9391dacc,True,,,,,,,,,,1.0,0.0,1.0,0.0,1.0,1.0,1.0,1.0,1.0,0.0
824,b9ec6c1f605a620f0,True,,,,,,,,,,1.0,1.0,1.0,1.0,0.8482210190474403,1.0,0.0,1.0,1.0,0.8275690684523251
825,0222e5d829f11ad1c,True,,,,,,,,,,0.0,0.0,0.5,1.0,1.0,0.0,0.0,1.0,1.0,0.0
826,02c332ea4953567c5,True,,,,,,,,,,1.0,1.0,1.0,1.0,0.8677334399231778,1.0,1.0,1.0,0.0,0.8336666999759931
827,fbaef0dd45ccf2413,True,,,,,,,,,,1.0,0.0,1.0,1.0,0.9671127426482963,1.0,1.0,1.0,0.0,0.0
828,9225b4285de2f81d8,True,,,,,,,,,,1.0,0.0,0.5,1.0,1.0,1.0,1.0,1.0,0.0,0.0
829,972be27c6916c8ef1,True,,,,,,,,,,0.0,1.0,1.0,1.0,1.0,0.0,1.0,1.0,0.0,0.0
830,d17b5de2642504067,True,,,,,,,,,,1.0,1.0,1.0,1.0,0.5584724706760341,1.0,1.0,1.0,0.0,0.7370226470862606
831,e67970e73b3daa612,True,,,,,,,,,,1.0,1.0,1.0,1.0,0.9297690495603635,1.0,1.0,1.0,0.0,0.8530528279876136
832,dda492e77bd06b5da,True,,,,,,,,,,1.0,0.0,0.5,1.0,0.5860607506811677,1.0,1.0,1.0,0.0,0.0
833,bc0871e224359d4c3,True,,,,,,,,,,1.0,1.0,1.0,1.0,0.8623804804699929,1.0,1.0,1.0,0.0,0.8319939001468728
834,4e24a469af52b2b29,True,,,,,,,,,,1.0,0.0,1.0,1.0,0.503696440154845,1.0,0.0,1.0,1.0,0.0
835,8bc78c84321c37423,True,,,,,,,,,,0.0,0.0,1.0,1.0,0.6691667083305349,1.0,1.0,1.0,0.0,0.0
836,e41845d0f5aba53e4,True,,,,,,,,,,0.0,1.0,1.0,1.0,1.0,0.0,0.0,1.0,0.0,0.0
837,5177a4ffa159dea26,True,,,,,,,,,,1.0,0.0,1.0,1.0,1.0,1.0,1.0,1.0,0.0,0.0
838,687eac5f36b59550f,True,,,,,,,,,,1.0,0.0,1.0,1.0,1.0,1.0,1.0,1.0,1.0,0.0
839,6ba2025a22f212a94,True,,,,,,,,,,1.0,1.0,1.0,1.0,0.8617488227729142,0.0,1.0,1.0,1.0,0.6442965071165356
840,e6338db1d83f3ba4e,True,,,,,,,,,,0.0,1.0,1.0,1.0,1.0,0.0,1.0,1.0,1.0,0.0
841,db81ab220d6667266,True,,,,,,,,,,0.0,1.0,1.0,1.0,0.0720266225569203,0.0,0.0,1.0,1.0,0.0
842,fd3bc1efc24f56212,True,,,,,,,,,,1.0,1.0,1.0,1.0,0.7088764347034725,1.0,1.0,1.0,1.0,0.9090238858448352
843,b94f2a8ed48de97e9,True,,,,,,,,,,1.0,1.0,1.0,1.0,0.7548137823309556,1.0,0.0,1.0,1.0,0.7983793069784236
844,56cdce665c7a8a742,True,,,,,,,,,,1.0,1.0,1.0,1.0,1.0,1.0,0.0,1.0,1.0,0.875
845,7aa5cbd37497728d5,True,,,,,,,,,,1.0,1.0,1.0,1.0,0.5027082890278779,1.0,1.0,1.0,1.0,0.8445963403212118
846,936b346e0cb941232,True,,,,,,,,,,1.0,0.0,0.5,1.0,1.0,1.0,0.0,1.0,1.0,0.0
847,93a1ac4a9b8b32451,True,,,,,,,,,,1.0,0.0,0.5,1.0,1.0,1.0,0.0,1.0,0.0,0.0
848,ab7c66f93bd1cb471,True,,,,,,,,,,1.0,1.0,1.0,1.0,0.9859509050040154,1.0,0.0,1.0,0.0,0.7456096578137548
849,1ddeaca2c3ce651e2,True,,,,,,,,,,1.0,1.0,1.0,1.0,0.8934088619721413,1.0,1.0,1.0,1.0,0.9666902693662942
850,fb243ec63be645481,True,,,,,,,,,,1.0,1.0,1.0,1.0,0.854679066801627,1.0,1.0,1.0,1.0,0.9545872083755085
851,87c8724fcdc627dae,True,,,,,,,,,,1.0,1.0,1.0,1.0,0.7522800773373897,1.0,1.0,1.0,1.0,0.9225875241679342
852,6b27e18868c49b898,True,,,,,,,,,,1.0,1.0,1.0,1.0,0.3402408303282725,1.0,1.0,1.0,1.0,0.7938252594775852
853,252b287c4bec81c38,True,,,,,,,,,,1.0,1.0,1.0,1.0,0.7045238621850447,1.0,0.0,1.0,0.0,0.6576637069328265
854,ce3d7615ed78d6c47,True,,,,,,,,,,0.0,1.0,1.0,1.0,0.5195346584890167,0.0,1.0,1.0,1.0,0.0
855,21473775434910bbe,True,,,,,,,,,,1.0,0.0,0.5,1.0,1.0,1.0,0.0,1.0,0.0,0.0
856,875f6c89666fde397,True,,,,,,,,,,1.0,1.0,1.0,1.0,0.6229155100375541,1.0,1.0,1.0,0.0,0.7571610968867357
857,b87411a579f9d7c9e,True,,,,,,,,,,1.0,1.0,1.0,1.0,0.45538215565396517,1.0,1.0,1.0,0.0,0.7048069236418641
858,7fa425329439a1196,True,,,,,,,,,,1.0,1.0,1.0,1.0,0.853537036163338,1.0,1.0,1.0,0.0,0.8292303238010431
859,102aa278a654e934e,True,,,,,,,,,,1.0,1.0,1.0,1.0,0.7012131224536053,1.0,1.0,1.0,1.0,0.9066291007667517
860,cd454286dc0a75391,True,,,,,,,,,,1.0,1.0,1.0,1.0,1.0,1.0,1.0,1.0,0.0,0.875
861,666a09df2cf7b4568,True,,,,,,,,,,1.0,1.0,0.0,1.0,0.9593038214483527,1.0,0.0,1.0,1.0,0.0
862,bd4cbb0e07c59ee69,True,,,,,,,,,,1.0,1.0,1.0,1.0,0.49969543316351134,1.0,0.0,1.0,1.0,0.7186548228635973
863,836d617c75ae603a0,True,,,,,,,,,,1.0,1.0,1.0,1.0,0.7046285126236962,1.0,1.0,1.0,0.0,0.782696410194905
864,899e078cab5924628,True,,,,,,,,,,1.0,1.0,0.0,1.0,1.0,1.0,0.0,1.0,1.0,0.0
865,c0ff231e77243d969,True,,,,,,,,,,0.0,0.0,1.0,1.0,1.0,0.0,0.0,1.0,1.0,0.0
866,d443dcd06a9dbae34,True,,,,,,,,,,0.5,0.0,1.0,1.0,1.0,0.0,1.0,1.0,0.0,0.0
867,f9533c6195790b299,True,,,,,,,,,,0.0,0.0,1.0,1.0,1.0,0.0,0.0,1.0,1.0,0.0
868,66cd8a056ef3dbdd3,True,,,,,,,,,,1.0,1.0,1.0,1.0,0.11347011594665363,1.0,1.0,1.0,1.0,0.7229594112333293
869,e2156f59b76e7c195,True,,,,,,,,,,1.0,1.0,1.0,1.0,0.3603207981253227,1.0,1.0,1.0,1.0,0.8001002494141634
870,1730cbbbd72e9ce7d,True,,,,,,,,,,0.0,1.0,1.0,1.0,1.0,0.0,0.0,1.0,1.0,0.0
871,41423d9768746a40d,True,,,,,,,,,,1.0,1.0,1.0,1.0,0.7945373334624922,1.0,1.0,0.0,0.0,0.6857929167070288
872,d913eb830099d4dfe,True,,,,,,,,,,1.0,0.0,1.0,1.0,1.0,1.0,0.0,1.0,1.0,0.0
873,1a764c92b4c5c5a8a,True,,,,,,,,,,1.0,1.0,1.0,1.0,0.8347203232098076,1.0,1.0,1.0,0.0,0.8233501010030648
874,b4590a06173d6c3f0,True,,,,,,,,,,1.0,1.0,1.0,1.0,0.7390864423256158,1.0,0.0,0.0,0.0,0.5434645132267549
875,0dd2f5f325ca3c02e,True,,,,,,,,,,1.0,1.0,1.0,1.0,0.5161920437832125,1.0,1.0,1.0,1.0,0.8488100136822538
876,fe53e5ab658a57258,True,,,,,,,,,,1.0,1.0,0.0,1.0,1.0,1.0,0.0,1.0,0.0,0.0
877,ebfe50cfc0a46ef16,True,,,,,,,,,,1.0,0.0,0.5,1.0,1.0,1.0,0.0,1.0,0.0,0.0
878,c4e43258697fbd31e,True,,,,,,,,,,1.0,1.0,1.0,1.0,0.4868299390059127,1.0,1.0,1.0,0.0,0.7146343559393478
879,56acd80cef7047ce3,True,,,,,,,,,,1.0,0.0,1.0,1.0,1.0,1.0,0.0,1.0,0.0,0.0
880,da72d5ca0828d5a3d,True,,,,,,,,,,1.0,1.0,1.0,1.0,0.44661898583893483,1.0,1.0,1.0,1.0,0.8270684330746672
881,c35d767a796986c02,True,,,,,,,,,,0.0,1.0,0.5,1.0,1.0,0.0,0.0,1.0,1.0,0.0
882,17924fa146add877f,True,,,,,,,,,,1.0,1.0,1.0,1.0,0.7377595086575904,1.0,1.0,1.0,1.0,0.918049846455497
883,014d40ca62123c161,True,,,,,,,,,,1.0,1.0,1.0,1.0,1.0,1.0,1.0,1.0,0.0,0.875
884,83b6e2ed6238cd43a,True,,,,,,,,,,1.0,1.0,1.0,1.0,0.30210420192272625,1.0,1.0,1.0,1.0,0.781907563100852
885,363ac46bc24e8db3b,True,,,,,,,,,,1.0,1.0,1.0,1.0,0.9011096055155375,1.0,1.0,1.0,0.0,0.8440967517236055
886,ba9155b84dc322eac,True,,,,,,,,,,1.0,1.0,1.0,1.0,0.4143319911611902,1.0,0.0,1.0,0.0,0.5669787472378719
887,adbf76475e83933e1,True,,,,,,,,,,0.0,0.0,0.5,1.0,1.0,0.0,0.0,1.0,1.0,0.0
888,39ee7720dd5c83901,True,,,,,,,,,,1.0,1.0,1.0,1.0,0.8936304547968339,1.0,1.0,1.0,0.0,0.8417595171240106
889,f3e993209190be300,True,,,,,,,,,,1.0,1.0,1.0,1.0,0.3221277025999092,1.0,1.0,1.0,1.0,0.7881649070624717
890,6cbd63c8a5077be25,True,,,,,,,,,,1.0,0.0,1.0,1.0,0.6696390963446985,1.0,1.0,1.0,0.0,0.0
891,161046c98f6b78205,True,,,,,,,,,,1.0,1.0,0.5,1.0,1.0,1.0,0.0,1.0,0.0,0.375
892,f95cca8cfa91db038,True,,,,,,,,,,0.0,1.0,1.0,1.0,1.0,0.0,0.0,1.0,0.0,0.0
893,1d5e8b5ded8ee3baf,True,,,,,,,,,,1.0,1.0,1.0,1.0,0.8830336551967513,1.0,1.0,1.0,1.0,0.9634480172489848
894,b0687bfcbe79bec09,True,,,,,,,,,,1.0,1.0,1.0,1.0,0.337770596385415,1.0,1.0,1.0,1.0,0.7930533113704422
895,70204e1d928083e97,True,,,,,,,,,,1.0,1.0,1.0,1.0,0.4073385870488947,1.0,1.0,1.0,1.0,0.8147933084527796
896,108350d1060a66bd9,True,,,,,,,,,,1.0,1.0,0.0,1.0,0.7618749275090343,0.0,0.0,1.0,0.0,0.0
897,bd2a4f1bdd5605e62,True,,,,,,,,,,1.0,1.0,1.0,1.0,0.8055621931773095,1.0,0.0,1.0,1.0,0.8142381853679093
898,8a72c1ce26bcc476d,True,,,,,,,,,,1.0,1.0,1.0,1.0,0.3077535820244238,1.0,1.0,1.0,1.0,0.7836729943826324
899,4ea8e51fd89a2e0aa,True,,,,,,,,,,0.5,0.0,0.0,1.0,1.0,0.0,0.0,1.0,0.0,0.0
900,5037003d98e7c77a2,True,,,,,,,,,,1.0,0.0,0.0,1.0,1.0,1.0,0.0,1.0,1.0,0.0
901,66582437b06794318,True,,,,,,,,,,0.0,0.0,0.0,1.0,1.0,0.0,1.0,0.0,0.0,0.0
902,9f713e2cd506e1fef,True,,,,,,,,,,1.0,1.0,1.0,1.0,1.0,1.0,1.0,1.0,1.0,1.0
903,bfa4c1bdc4387e96e,True,,,,,,,,,,1.0,1.0,1.0,1.0,0.7409150926240617,1.0,0.0,1.0,1.0,0.7940359664450193
904,15b6de5b6b812b547,True,,,,,,,,,,0.0,1.0,1.0,1.0,1.0,0.0,1.0,0.0,0.0,0.0
905,6ba28ea05bd9dd3df,True,,,,,,,,,,1.0,1.0,1.0,0.0,1.0,1.0,1.0,1.0,1.0,0.0
906,7036ba346c7d2824b,True,,,,,,,,,,1.0,0.0,0.5,1.0,1.0,1.0,0.0,1.0,0.0,0.0
907,b46226c085423d5a9,True,,,,,,,,,,1.0,1.0,1.0,1.0,0.8755588822594196,1.0,1.0,1.0,0.0,0.8361121507060686
908,515197f50a14bc2fc,True,,,,,,,,,,1.0,1.0,1.0,1.0,0.908776547263754,1.0,0.0,1.0,1.0,0.8464926710199232
909,7259df2fbd4ef7047,True,,,,,,,,,,1.0,1.0,1.0,1.0,1.0,1.0,1.0,1.0,0.0,0.875
910,a75b9fbb36886afaf,True,,,,,,,,,,0.0,1.0,0.0,1.0,1.0,0.0,0.0,1.0,0.0,0.0
911,84216c5077769d755,True,,,,,,,,,,1.0,1.0,0.0,1.0,1.0,1.0,0.0,1.0,1.0,0.0
912,50bb35a33ba92cd52,True,,,,,,,,,,1.0,1.0,1.0,1.0,0.07527430615503074,1.0,1.0,1.0,1.0,0.711023220673447
913,1dbcea959d196209c,True,,,,,,,,,,1.0,1.0,1.0,1.0,0.021388767340985194,1.0,0.0,1.0,1.0,0.5691839897940578
914,fbdc714c905b7409f,True,,,,,,,,,,1.0,1.0,1.0,1.0,0.4377979047401216,1.0,0.0,1.0,1.0,0.699311845231288
915,20f4af07bc30fb4fd,True,,,,,,,,,,1.0,1.0,1.0,1.0,0.7502058891585627,1.0,1.0,1.0,1.0,0.9219393403620508
916,ad027cf65e5484130,True,,,,,,,,,,1.0,1.0,0.5,1.0,0.9540600834333715,1.0,1.0,1.0,0.0,0.4303218880364643
917,dbfdf8f55f68e448a,True,,,,,,,,,,0.0,1.0,1.0,1.0,1.0,0.0,0.0,1.0,1.0,0.0
918,b795e9c4c8fde41bb,True,,,,,,,,,,1.0,0.0,0.0,1.0,1.0,0.0,0.0,1.0,0.0,0.0
919,e92600c0f705705df,True,,,,,,,,,,0.5,0.0,1.0,1.0,0.8134427403826185,0.0,1.0,1.0,1.0,0.0
920,8fb206a9ce8434f01,True,,,,,,,,,,1.0,1.0,1.0,1.0,0.8615822806142036,1.0,0.0,1.0,1.0,0.8317444626919386
921,67d0d1179730f6191,True,,,,,,,,,,1.0,1.0,0.5,1.0,1.0,1.0,0.0,1.0,1.0,0.4375
922,7f444b043c5b21ab4,True,,,,,,,,,,1.0,1.0,1.0,1.0,0.9061482136424045,1.0,1.0,1.0,0.0,0.8456713167632515
923,b2b89aaeeff8dd8dd,True,,,,,,,,,,1.0,0.0,0.0,1.0,1.0,1.0,0.0,1.0,0.0,0.0
924,07095ff9932043d86,True,,,,,,,,,,0.0,1.0,1.0,1.0,1.0,0.0,1.0,1.0,0.0,0.0
925,02a790e5861b97543,True,,,,,,,,,,1.0,1.0,1.0,1.0,0.6061930791241955,1.0,0.0,1.0,1.0,0.7519353372263111
926,e3e06ab2151befbbb,True,,,,,,,,,,1.0,1.0,1.0,1.0,0.7980628358818636,1.0,0.0,1.0,1.0,0.8118946362130823
927,d06e479e4e59a2a44,True,,,,,,,,,,0.0,0.0,0.5,1.0,1.0,0.0,0.0,1.0,0.0,0.0
928,46e64616eb8cc57af,True,,,,,,,,,,1.0,1.0,1.0,1.0,0.5987295503628681,1.0,0.0,1.0,1.0,0.7496029844883962
929,8e3348c3a2dfabeab,True,,,,,,,,,,1.0,0.0,0.5,1.0,0.7691287298540795,1.0,1.0,1.0,0.0,0.0
930,6facf1979a5a3837b,True,,,,,,,,,,1.0,1.0,1.0,1.0,1.0,1.0,1.0,1.0,0.0,0.875
931,4250d2db3b613460c,True,,,,,,,,,,1.0,1.0,1.0,1.0,0.8197846368621818,1.0,0.0,1.0,1.0,0.8186826990194318
932,5eea9af2c6acb36ec,True,,,,,,,,,,1.0,0.0,1.0,1.0,1.0,0.0,0.0,1.0,0.0,0.0
933,15e2547cb8af6e312,True,,,,,,,,,,1.0,0.0,0.5,1.0,1.0,1.0,0.0,1.0,1.0,0.0
934,94e0532c49d982780,True,,,,,,,,,,1.0,0.0,1.0,1.0,1.0,1.0,0.0,1.0,1.0,0.0
935,322359bc569d9c145,True,,,,,,,,,,1.0,0.0,1.0,1.0,1.0,1.0,0.0,1.0,0.0,0.0
936,0b2a6af7c94670346,True,,,,,,,,,,1.0,1.0,0.0,1.0,1.0,1.0,0.0,1.0,1.0,0.0
937,ec4a1a5062f088a0f,True,,,,,,,,,,1.0,1.0,1.0,1.0,1.0,1.0,1.0,1.0,1.0,1.0
938,fbc2b4583a81f36b9,True,,,,,,,,,,1.0,1.0,1.0,1.0,0.15965907700220489,1.0,0.0,1.0,0.0,0.487393461563189
939,e848a6d0aa53e2ec3,True,,,,,,,,,,1.0,0.0,1.0,1.0,0.7276414207784895,1.0,1.0,1.0,0.0,0.0
940,87c8ddd115e686126,True,,,,,,,,,,1.0,1.0,1.0,1.0,0.722171823204249,1.0,1.0,0.0,0.0,0.6631786947513278
941,e06d3e2d64736c62d,True,,,,,,,,,,1.0,1.0,1.0,1.0,0.8471637707134622,1.0,0.0,1.0,0.0,0.702238678347957
942,5f47a3fc517f4ab93,True,,,,,,,,,,1.0,1.0,1.0,1.0,0.5922597842379435,1.0,1.0,1.0,0.0,0.7475811825743574
943,18baf55921621bf61,True,,,,,,,,,,1.0,1.0,1.0,0.0,1.0,1.0,1.0,1.0,1.0,0.0
944,0cb7cbb38d279ba88,True,,,,,,,,,,1.0,1.0,0.5,1.0,0.8014714500341713,1.0,0.0,1.0,0.0,0.34397991406783923
945,524162acddc61c61a,True,,,,,,,,,,0.5,0.0,1.0,1.0,1.0,0.0,0.0,1.0,1.0,0.0
946,20120f09d1f74eb2c,True,,,,,,,,,,1.0,1.0,0.0,1.0,0.8434912085936912,1.0,0.0,1.0,1.0,0.0
947,8c15ca99bf75d7dbe,True,,,,,,,,,,1.0,1.0,1.0,1.0,0.8264214942526678,1.0,0.0,1.0,1.0,0.8207567169539587
948,95972dc9532711131,True,,,,,,,,,,0.0,1.0,1.0,1.0,1.0,0.0,0.0,1.0,0.0,0.0
949,0e447192563e126ef,True,,,,,,,,,,1.0,1.0,1.0,1.0,0.05742575723526566,1.0,1.0,1.0,1.0,0.7054455491360205
950,f93b7461f7882ff58,True,,,,,,,,,,1.0,1.0,1.0,1.0,0.42499551566810456,1.0,1.0,1.0,0.0,0.6953110986462827
951,a5a4330ec613db5a3,True,,,,,,,,,,0.0,1.0,1.0,1.0,1.0,0.0,0.0,0.0,0.0,0.0
952,ff494c8f27c7b3c5d,True,,,,,,,,,,1.0,1.0,1.0,1.0,0.4531481836994444,1.0,1.0,1.0,1.0,0.8291088074060764
953,f1e38b58130384157,True,,,,,,,,,,1.0,1.0,1.0,1.0,0.5612158369646063,1.0,0.0,1.0,0.0,0.6128799490514395
954,c98ccf44f3285fa8b,True,,,,,,,,,,1.0,1.0,1.0,1.0,0.8328924659165745,1.0,1.0,1.0,1.0,0.9477788955989295
955,cd8ff4168df3741e2,True,,,,,,,,,,1.0,1.0,1.0,1.0,0.12314100352016953,1.0,0.0,1.0,1.0,0.600981563600053
956,2fb3e2d50e23c577b,True,,,,,,,,,,0.0,1.0,1.0,1.0,0.6061443282958073,1.0,0.0,1.0,0.0,0.0
957,20c10d1762c2f560d,True,,,,,,,,,,0.0,0.0,0.0,1.0,1.0,0.0,0.0,1.0,0.0,0.0
958,37630795fa7fa1e51,True,,,,,,,,,,1.0,1.0,0.5,1.0,0.6967154404352837,1.0,1.0,1.0,0.0,0.39011178756801307
959,5b2b7c5762e61f6b5,True,,,,,,,,,,1.0,1.0,1.0,1.0,1.0,1.0,1.0,1.0,0.0,0.875
960,2624b8883e65347cd,True,,,,,,,,,,1.0,0.0,0.0,1.0,1.0,1.0,0.0,1.0,0.0,0.0
961,778f661244251a842,True,,,,,,,,,,0.0,1.0,1.0,1.0,1.0,0.0,1.0,1.0,1.0,0.0
962,2fde3a5e36412e1a9,True,,,,,,,,,,1.0,0.0,1.0,1.0,1.0,1.0,0.0,1.0,0.0,0.0
963,6023b53fce21949e9,True,,,,,,,,,,1.0,1.0,1.0,1.0,0.0,1.0,0.0,1.0,0.0,0.4375
964,6e7525ff98599366a,True,,,,,,,,,,1.0,1.0,1.0,1.0,0.828058926887021,1.0,0.0,1.0,1.0,0.821268414652194
965,c47485175a1a20fe8,True,,,,,,,,,,0.0,0.0,0.5,1.0,1.0,0.0,0.0,1.0,0.0,0.0
966,fd56100f9058b46fa,True,,,,,,,,,,1.0,1.0,0.5,1.0,1.0,1.0,0.0,1.0,0.0,0.375
967,e5f10bfebbe5b0bc2,True,,,,,,,,,,1.0,1.0,1.0,1.0,0.7649252296345396,1.0,1.0,1.0,1.0,0.9265391342607936
968,439df93c525a5e285,True,,,,,,,,,,1.0,1.0,1.0,1.0,1.0,1.0,1.0,1.0,1.0,1.0
969,b1c50bd50a2ae1355,True,,,,,,,,,,1.0,1.0,1.0,1.0,0.5883882451249004,1.0,1.0,0.0,1.0,0.7463713266015314
970,92543dc9e560f1be0,True,,,,,,,,,,1.0,1.0,1.0,1.0,1.0,1.0,1.0,1.0,1.0,1.0
971,6fad2bc43e18270d8,True,,,,,,,,,,1.0,0.0,1.0,1.0,0.9038651612900191,1.0,1.0,1.0,1.0,0.0
972,1484a0a00421bfda6,True,,,,,,,,,,1.0,0.0,1.0,1.0,0.4370275656648769,1.0,0.0,1.0,0.0,0.0
973,1a67fcc3becbce6bf,True,,,,,,,,,,1.0,1.0,1.0,1.0,1.0,1.0,1.0,1.0,1.0,1.0
974,31e06cefab6d7169f,True,,,,,,,,,,1.0,1.0,1.0,1.0,1.0,1.0,0.0,1.0,0.0,0.75
975,b19a34b568608122f,True,,,,,,,,,,1.0,1.0,1.0,1.0,0.9397648282196875,1.0,0.0,1.0,1.0,0.8561765088186524
976,237248dcf20ccf56f,True,,,,,,,,,,1.0,1.0,1.0,1.0,0.759339766401458,1.0,1.0,1.0,0.0,0.7997936770004557
977,4485e78013e23fef4,True,,,,,,,,,,1.0,1.0,0.0,1.0,1.0,1.0,0.0,1.0,1.0,0.0
978,e10827f1aaf62efb8,True,,,,,,,,,,1.0,0.0,1.0,1.0,0.4986772011580344,1.0,1.0,1.0,1.0,0.0
979,ccafa2d23a6f3f8b5,True,,,,,,,,,,1.0,1.0,1.0,1.0,1.0,1.0,0.0,0.0,0.0,0.625
980,e0747e9a8b7b42be1,True,,,,,,,,,,1.0,1.0,1.0,1.0,0.8743933275671324,1.0,0.0,1.0,0.0,0.7107479148647289
981,5c51092bca4c55b7d,True,,,,,,,,,,1.0,1.0,1.0,1.0,0.6997987456809641,1.0,1.0,1.0,1.0,0.9061871080253012
982,1dcbc0a4f06515ca6,True,,,,,,,,,,1.0,1.0,1.0,1.0,0.7372906063376994,1.0,0.0,1.0,1.0,0.7929033144805311
983,76a0cb9becd094e36,True,,,,,,,,,,1.0,1.0,0.5,1.0,1.0,1.0,0.0,1.0,1.0,0.4375
984,8c7b004d36c8af906,True,,,,,,,,,,1.0,1.0,1.0,1.0,0.4493288915110741,1.0,1.0,1.0,1.0,0.8279152785972106
985,bf16a1467ed27acf5,True,,,,,,,,,,1.0,1.0,1.0,1.0,0.4256323376143892,1.0,1.0,1.0,1.0,0.8205101055044967
986,61b536394c345010e,True,,,,,,,,,,1.0,1.0,1.0,1.0,0.9939419397994017,1.0,1.0,1.0,1.0,0.998106856187313
987,9e1b38c16d0ece554,True,,,,,,,,,,1.0,1.0,1.0,1.0,0.7467044203793464,1.0,1.0,1.0,1.0,0.9208451313685457
988,2d812dd423748572d,True,,,,,,,,,,1.0,1.0,1.0,1.0,0.4878799999925722,1.0,0.0,1.0,0.0,0.5899624999976788
989,bd132bb290ee8b29b,True,,,,,,,,,,1.0,1.0,0.5,1.0,1.0,1.0,0.0,1.0,0.0,0.375
990,f216b9731d3c1f375,True,,,,,,,,,,1.0,0.0,0.5,1.0,1.0,1.0,1.0,0.0,0.0,0.0
991,aa6ae8ce4dc53d9af,True,,,,,,,,,,1.0,1.0,1.0,1.0,0.6294724820338744,1.0,1.0,1.0,0.0,0.7592101506355857
992,c3b8d6641081a7618,True,,,,,,,,,,0.0,0.0,0.5,1.0,1.0,0.0,0.0,1.0,0.0,0.0
993,03aa909d3767ff00e,True,,,,,,,,,,1.0,1.0,1.0,1.0,0.8588485142340002,1.0,1.0,1.0,1.0,0.955890160698125
994,38a3a85f24db9d0f8,True,,,,,,,,,,1.0,1.0,0.0,1.0,1.0,1.0,0.0,1.0,1.0,0.0
995,5688641dd10efb02d,True,,,,,,,,,,1.0,1.0,1.0,1.0,0.5836436033872635,1.0,1.0,1.0,1.0,0.8698886260585199
996,6f6dd61939e44a14a,True,,,,,,,,,,1.0,1.0,1.0,1.0,0.6167993981040024,1.0,0.0,1.0,0.0,0.6302498119075007
997,a677f3956eddc7eac,True,,,,,,,,,,1.0,1.0,0.0,1.0,0.7896080381110491,1.0,0.0,1.0,1.0,0.0
998,3b0bf79a32b642604,True,,,,,,,,,,1.0,0.0,1.0,1.0,1.0,1.0,0.0,0.0,0.0,0.0
999,0abe9e69bf806a8c4,True,,,,,,,,,,1.0,1.0,1.0,1.0,0.3303956489455767,1.0,1.0,1.0,1.0,0.7907486402954927
1000,54ce409a64180a221,True,,,,,,,,,,1.0,1.0,0.0,1.0,1.0,1.0,0.0,1.0,0.0,0.0
1001,1b9be7126769fdb92,True,,,,,,,,,,1.0,1.0,1.0,1.0,0.594409698655887,1.0,1.0,1.0,0.0,0.7482530308299646
1002,cdccba86287f3bf1d,True,,,,,,,,,,0.5,1.0,1.0,1.0,1.0,0.0,0.0,1.0,0.0,0.21875
1003,5957a4b8c0696f222,True,,,,,,,,,,1.0,0.0,1.0,1.0,1.0,1.0,1.0,1.0,1.0,0.0
1004,36f72d3764ee8b14f,True,,,,,,,,,,1.0,1.0,1.0,1.0,0.594307815883692,1.0,1.0,1.0,1.0,0.8732211924636537
1005,4bcb003422a19ae9a,True,,,,,,,,,,1.0,0.0,0.5,1.0,1.0,1.0,0.0,1.0,0.0,0.0
1006,11e2abc76462d36f9,True,,,,,,,,,,1.0,1.0,1.0,1.0,0.2627461995792462,1.0,0.0,1.0,1.0,0.6446081873685144
1007,b126b5cfaa1f25e61,True,,,,,,,,,,1.0,1.0,1.0,1.0,0.44981679317202367,1.0,1.0,1.0,0.0,0.7030677478662574
1008,9748e22b4bb8ade92,True,,,,,,,,,,1.0,1.0,1.0,1.0,0.7872596272390278,1.0,0.0,1.0,1.0,0.8085186335121961
1009,e4dcc4b775028c0f4,True,,,,,,,,,,1.0,0.0,1.0,1.0,0.8273221789715841,1.0,1.0,1.0,1.0,0.0
1010,1a1b33942c90c349f,True,,,,,,,,,,1.0,1.0,1.0,1.0,0.6939583307617667,1.0,0.0,1.0,0.0,0.6543619783630521
1011,09eeb5f6259309d1e,True,,,,,,,,,,0.0,1.0,1.0,1.0,1.0,0.0,1.0,1.0,1.0,0.0
1012,8858ecf4e78fd953a,True,,,,,,,,,,1.0,1.0,1.0,1.0,0.9357417183881189,1.0,1.0,1.0,0.0,0.8549192869962872
1013,749fa88824e849ee8,True,,,,,,,,,,1.0,1.0,1.0,1.0,0.8569917742899072,0.0,1.0,1.0,1.0,0.642809929465596
1014,045c91494e0548007,True,,,,,,,,,,1.0,1.0,1.0,1.0,0.7206281524767566,1.0,1.0,1.0,1.0,0.9126962976489864
1015,d8ae22f5da35b2ae9,True,,,,,,,,,,1.0,1.0,1.0,1.0,0.6452167682333538,1.0,1.0,1.0,1.0,0.8891302400729231
1016,4578349a623642d00,True,,,,,,,,,,1.0,1.0,1.0,1.0,0.6941636516084079,1.0,1.0,1.0,0.0,0.7794261411276274
1017,ecb3b9f1238edf126,True,,,,,,,,,,1.0,0.0,1.0,1.0,1.0,1.0,0.0,1.0,1.0,0.0
1018,8266f573d47606b3f,True,,,,,,,,,,0.0,1.0,1.0,1.0,1.0,0.0,1.0,1.0,0.0,0.0
1019,e32bd1ec1d273f2a3,True,,,,,,,,,,1.0,1.0,1.0,1.0,0.902638560242816,1.0,1.0,1.0,1.0,0.96957455007588
1020,0f02c8c55a251c58b,True,,,,,,,,,,1.0,1.0,1.0,1.0,1.0,1.0,0.0,1.0,1.0,0.875
1021,1464f6e11d5c8c6d9,True,,,,,,,,,,1.0,1.0,1.0,1.0,0.8317953331487021,1.0,1.0,1.0,1.0,0.9474360416089694
1022,9e4b9c5c9c0f63038,True,,,,,,,,,,1.0,1.0,1.0,1.0,0.7390864423256158,1.0,0.0,0.0,0.0,0.5434645132267549
1023,1a04dd2fcf47b0404,True,,,,,,,,,,1.0,1.0,1.0,1.0,0.881162940665083,1.0,0.0,1.0,1.0,0.8378634189578384
1024,cd8fa74c681fa08d7,True,,,,,,,,,,1.0,1.0,1.0,1.0,0.8439652647980431,1.0,1.0,1.0,1.0,0.9512391452493885
1025,91c1ae75902e09e0c,True,,,,,,,,,,1.0,1.0,1.0,1.0,0.47542112122985364,1.0,1.0,1.0,0.0,0.7110691003843292
1026,02b1fffab31483b6f,True,,,,,,,,,,1.0,0.0,0.0,1.0,1.0,1.0,0.0,1.0,0.0,0.0
1027,6a18b0260de73481a,True,,,,,,,,,,1.0,0.0,1.0,1.0,1.0,1.0,0.0,1.0,0.0,0.0
1028,8c918377b8ed3a5b1,True,,,,,,,,,,1.0,1.0,1.0,1.0,0.9372985076716561,1.0,1.0,1.0,1.0,0.9804057836473925
1029,6947b69561a94404d,True,,,,,,,,,,0.0,1.0,1.0,1.0,1.0,0.0,0.0,1.0,1.0,0.0
1030,1435a0fd243cd3793,True,,,,,,,,,,1.0,1.0,1.0,1.0,0.8742329279711002,1.0,1.0,1.0,1.0,0.9606977899909688
1031,32f1711fd411244b6,True,,,,,,,,,,1.0,0.0,1.0,1.0,1.0,1.0,1.0,1.0,0.0,0.0
1032,19cc6e3c4179dce92,True,,,,,,,,,,1.0,1.0,1.0,1.0,0.4130246300652274,1.0,0.0,1.0,0.0,0.5665701968953836
1033,6d0d47e6df17b8442,True,,,,,,,,,,1.0,0.0,1.0,1.0,0.8879111668930201,0.0,1.0,1.0,1.0,0.0
1034,2f7d76aaf1c498bdf,True,,,,,,,,,,1.0,1.0,1.0,1.0,0.6670172284527056,1.0,1.0,1.0,1.0,0.8959428838914705
1035,df2f5f2688acbcf8c,True,,,,,,,,,,1.0,1.0,0.5,1.0,1.0,1.0,1.0,1.0,0.0,0.4375
1036,b3e74e5b534575941,True,,,,,,,,,,1.0,1.0,1.0,1.0,0.36806261262297374,1.0,1.0,1.0,1.0,0.8025195664446794
1037,8dd4aa8138b3d9500,True,,,,,,,,,,0.0,1.0,1.0,1.0,1.0,0.0,0.0,1.0,0.0,0.0
1038,7b0ac799452a88ee3,True,,,,,,,,,,1.0,1.0,0.5,1.0,1.0,1.0,0.0,1.0,1.0,0.4375
1039,0030f1747a12c4a8d,True,,,,,,,,,,1.0,1.0,1.0,1.0,0.47165991418623254,1.0,1.0,1.0,1.0,0.8348937231831977
1040,c8b4a00f0d379d88a,True,,,,,,,,,,1.0,1.0,1.0,1.0,0.8207372921285077,1.0,1.0,1.0,0.0,0.8189804037901587
1041,e6319072517f4b675,True,,,,,,,,,,1.0,0.0,1.0,1.0,0.7586351154116047,0.0,1.0,1.0,0.0,0.0
1042,8999dafaeeabb1612,True,,,,,,,,,,0.0,1.0,1.0,1.0,1.0,0.0,0.0,1.0,0.0,0.0
1043,1a6ba40b74f9b51e5,True,,,,,,,,,,1.0,1.0,0.0,1.0,1.0,1.0,0.0,1.0,0.0,0.0
1044,ae42ff25d7ab0442f,True,,,,,,,,,,1.0,0.0,1.0,1.0,0.8580759998415411,1.0,0.0,1.0,0.0,0.0
1045,a4f24e691930789eb,True,,,,,,,,,,0.0,1.0,1.0,1.0,1.0,0.0,1.0,1.0,0.0,0.0
1046,18904eb72c5073ba1,True,,,,,,,,,,1.0,1.0,1.0,1.0,0.9226186728163033,1.0,0.0,1.0,0.0,0.7258183352550948
1047,064dc83e13c6841b5,True,,,,,,,,,,1.0,1.0,1.0,1.0,0.7553074971267273,1.0,0.0,1.0,1.0,0.7985335928521022
1048,fd0901032c45b4e62,True,,,,,,,,,,1.0,1.0,1.0,1.0,0.08726271574943717,1.0,1.0,1.0,1.0,0.7147695986716991
1049,903d42d3fe50f5b3b,True,,,,,,,,,,1.0,1.0,1.0,1.0,0.8537529537220973,1.0,1.0,1.0,1.0,0.9542977980381554
1050,e2a9d0b71a44f5df6,True,,,,,,,,,,1.0,1.0,1.0,1.0,0.6157281698725744,1.0,0.0,1.0,0.0,0.6299150530851795
1051,b51b8bf8d757ee5de,True,,,,,,,,,,1.0,1.0,1.0,1.0,1.0,1.0,1.0,1.0,1.0,1.0
1052,195adbb128cbfeea4,True,,,,,,,,,,1.0,1.0,1.0,1.0,1.0,1.0,0.0,1.0,1.0,0.875
1053,6206155cd12c2d3af,True,,,,,,,,,,0.0,1.0,1.0,1.0,1.0,0.0,1.0,1.0,1.0,0.0
1054,4ebad6e2adb7c2ab4,True,,,,,,,,,,1.0,1.0,1.0,1.0,1.0,1.0,1.0,1.0,1.0,1.0
1055,4d115c250e5dc02b1,True,,,,,,,,,,1.0,1.0,1.0,1.0,0.0,1.0,1.0,1.0,1.0,0.6875
1056,9142b4f8d76f38072,True,,,,,,,,,,1.0,0.0,1.0,1.0,0.6647595471499085,1.0,1.0,1.0,0.0,0.0
1057,fc8281af0699f4976,True,,,,,,,,,,1.0,1.0,1.0,1.0,1.0,1.0,1.0,0.0,0.0,0.75
1058,0f9705c901c463e2c,True,,,,,,,,,,1.0,1.0,1.0,1.0,0.6189023245572438,1.0,1.0,1.0,0.0,0.7559069764241386
1059,f1020928f69a09709,True,,,,,,,,,,1.0,1.0,1.0,1.0,1.0,1.0,1.0,1.0,1.0,1.0
1060,8a767a8d9952eeaf9,True,,,,,,,,,,1.0,1.0,1.0,1.0,0.3499881339376581,1.0,1.0,1.0,1.0,0.7968712918555181
1061,ec7a65597cb09372c,True,,,,,,,,,,1.0,1.0,0.0,1.0,0.8158155039460923,1.0,0.0,1.0,1.0,0.0
1062,e19b34f93116cdb17,True,,,,,,,,,,1.0,1.0,1.0,1.0,1.0,1.0,1.0,1.0,1.0,1.0
1063,5843e4397b88575b2,True,,,,,,,,,,1.0,0.0,0.5,1.0,1.0,1.0,0.0,1.0,1.0,0.0
1064,1fbe931a028dff6f9,True,,,,,,,,,,1.0,1.0,0.0,1.0,1.0,1.0,1.0,1.0,1.0,0.0
1065,af0d83c05846b8b86,True,,,,,,,,,,0.0,0.0,0.0,1.0,1.0,0.0,0.0,1.0,0.0,0.0
1066,d7e2b5995b440ae0b,True,,,,,,,,,,0.5,1.0,1.0,1.0,1.0,0.0,1.0,1.0,1.0,0.34375
1067,953bd3451def71fb4,True,,,,,,,,,,1.0,1.0,0.5,1.0,0.8542076404918254,1.0,0.0,1.0,0.0,0.35221994382684774
1068,b02622c8d05a2a7ab,True,,,,,,,,,,1.0,1.0,1.0,1.0,0.9079958884140434,1.0,0.0,1.0,1.0,0.8462487151293886
1069,c77d4472e1ca73bd3,True,,,,,,,,,,1.0,1.0,1.0,0.0,1.0,1.0,0.0,1.0,0.0,0.0
1070,aa598127cd934aa23,True,,,,,,,,,,1.0,1.0,1.0,1.0,0.555129992195536,1.0,1.0,1.0,1.0,0.8609781225611051
1071,2df81c34dac0b3f5c,True,,,,,,,,,,1.0,1.0,1.0,1.0,0.9329341799111347,1.0,1.0,1.0,0.0,0.8540419312222296
1072,583e0fd0c7d71cae0,True,,,,,,,,,,1.0,1.0,1.0,1.0,0.8649938483854814,1.0,0.0,1.0,1.0,0.832810577620463
1073,6b8247643fb8d921c,True,,,,,,,,,,1.0,1.0,1.0,1.0,0.4544158235432424,1.0,0.0,1.0,1.0,0.7045049448572632
1074,b66b0513b3b0cf5c4,True,,,,,,,,,,1.0,1.0,1.0,1.0,1.0,1.0,1.0,1.0,1.0,1.0
1075,4562930d9a4d7543b,True,,,,,,,,,,1.0,1.0,1.0,1.0,0.3284101028511203,1.0,1.0,1.0,1.0,0.7901281571409751
1076,516eb2ea0832b6c1d,True,,,,,,,,,,1.0,0.0,1.0,1.0,1.0,1.0,1.0,1.0,0.0,0.0
1077,dd01f78238cd88b26,True,,,,,,,,,,1.0,1.0,1.0,1.0,0.5388690897138964,1.0,1.0,1.0,1.0,0.8558965905355926
1078,989f4b8f1e6bddc26,True,,,,,,,,,,1.0,1.0,1.0,1.0,0.35859967527223574,1.0,1.0,1.0,1.0,0.7995623985225737
1079,144eb49ce2929f8ea,True,,,,,,,,,,1.0,1.0,1.0,1.0,1.0,1.0,1.0,1.0,1.0,1.0
1080,dee771fcf184f2521,True,,,,,,,,,,1.0,1.0,1.0,1.0,0.21681855512869228,1.0,0.0,1.0,1.0,0.6302557984777164
1081,58c7dc2cb395006ae,True,,,,,,,,,,1.0,1.0,1.0,1.0,0.4038526399745376,1.0,1.0,1.0,0.0,0.688703949992043
1082,4cb9cbe26edb17f04,True,,,,,,,,,,0.0,0.0,0.0,1.0,1.0,0.0,1.0,0.0,0.0,0.0
1083,fe36ce4fe80f5c45b,True,,,,,,,,,,0.0,1.0,1.0,1.0,1.0,0.0,1.0,1.0,1.0,0.0
1084,80144b63550c48566,True,,,,,,,,,,1.0,0.0,0.0,1.0,1.0,1.0,0.0,1.0,0.0,0.0
1085,ae646ba56f5add8db,True,,,,,,,,,,1.0,1.0,0.0,1.0,1.0,1.0,0.0,1.0,0.0,0.0
1086,686930fbb99ca475c,True,,,,,,,,,,1.0,1.0,1.0,1.0,0.5438774321139677,1.0,0.0,1.0,1.0,0.7324616975356149
1087,1be8c9376ad3e1e99,True,,,,,,,,,,1.0,0.0,1.0,1.0,1.0,1.0,0.0,1.0,0.0,0.0
1088,2cbe5fab2a0892e8d,True,,,,,,,,,,1.0,1.0,0.0,1.0,1.0,1.0,0.0,1.0,1.0,0.0
1089,ef4eaef1d214e7da8,True,,,,,,,,,,1.0,1.0,1.0,1.0,0.8535499486023795,1.0,1.0,1.0,1.0,0.9542343589382436
1090,792d3420eef5dbc41,True,,,,,,,,,,1.0,1.0,1.0,1.0,0.8113652935297344,1.0,1.0,1.0,1.0,0.941051654228042
1091,cad5818510a871f22,True,,,,,,,,,,0.0,1.0,1.0,1.0,1.0,0.0,1.0,1.0,0.0,0.0
1092,29b4bcae1bc32da3c,True,,,,,,,,,,1.0,1.0,1.0,1.0,0.3374691155305182,1.0,1.0,1.0,1.0,0.792959098603287
1093,1169425dafd2dc633,True,,,,,,,,,,1.0,0.0,1.0,1.0,0.7902868927807127,1.0,1.0,1.0,1.0,0.0
1094,b95297d2453c0e1e8,True,,,,,,,,,,1.0,0.0,1.0,1.0,1.0,1.0,1.0,1.0,1.0,0.0
1095,b3c45b51a36a0ed65,True,,,,,,,,,,1.0,1.0,1.0,1.0,0.7630916990921373,1.0,1.0,1.0,1.0,0.9259661559662928
1096,61d3d79e3e01157d9,True,,,,,,,,,,1.0,1.0,1.0,1.0,0.8615351978520177,1.0,1.0,1.0,0.0,0.8317297493287555
1097,69f1ebdf6731c7c70,True,,,,,,,,,,1.0,1.0,1.0,1.0,1.0,1.0,1.0,1.0,1.0,1.0
1098,0d26c23bce11ae16b,True,,,,,,,,,,1.0,1.0,1.0,1.0,0.7867121443964092,1.0,1.0,1.0,1.0,0.9333475451238779
1099,f7e01b97b6868da57,True,,,,,,,,,,0.0,1.0,1.0,1.0,1.0,0.0,0.0,1.0,1.0,0.0
1100,29155e956236db1c4,True,,,,,,,,,,1.0,1.0,1.0,1.0,0.564841889294942,1.0,0.0,1.0,0.0,0.6140130904046693
1101,88685892fa01fcedf,True,,,,,,,,,,1.0,1.0,0.5,1.0,1.0,1.0,0.0,1.0,1.0,0.4375
1102,ec14753ed2c513cef,True,,,,,,,,,,1.0,1.0,1.0,1.0,0.22305156352473757,1.0,0.0,1.0,1.0,0.6322036136014805
1103,961a25cea5dcb8f50,True,,,,,,,,,,1.0,1.0,1.0,1.0,0.24409132791357413,1.0,1.0,1.0,1.0,0.7637785399729919
1104,e9bf575d65f297345,True,,,,,,,,,,1.0,1.0,0.0,1.0,1.0,1.0,0.0,1.0,0.0,0.0
1105,43d8801586cb39007,True,,,,,,,,,,1.0,0.0,1.0,1.0,0.8734992906101745,1.0,0.0,1.0,0.0,0.0
1106,60b5ffeeaa577037f,True,,,,,,,,,,1.0,1.0,1.0,1.0,0.9621185570915138,1.0,1.0,0.0,1.0,0.8631620490910981
1107,97a528bb2a0be2c1c,True,,,,,,,,,,1.0,1.0,0.5,1.0,0.5135455959180614,1.0,0.0,1.0,1.0,0.3614914993621971
1108,daa10fc178dc83dfb,True,,,,,,,,,,1.0,0.0,1.0,1.0,1.0,1.0,0.0,1.0,0.0,0.0
1109,2cc556c9db9fd5088,True,,,,,,,,,,0.0,1.0,1.0,1.0,1.0,0.0,1.0,1.0,1.0,0.0
1110,b638486d7d50a3d60,True,,,,,,,,,,1.0,1.0,1.0,1.0,1.0,1.0,1.0,1.0,0.0,0.875
1111,8d8129f6368d5e730,True,,,,,,,,,,1.0,1.0,1.0,1.0,0.5590472084021512,1.0,1.0,1.0,1.0,0.8622022526256723
1112,098638022c2e17fd7,True,,,,,,,,,,1.0,1.0,1.0,1.0,0.7464279400646957,1.0,0.0,1.0,1.0,0.7957587312702175
1113,024776041efb70cd4,True,,,,,,,,,,0.0,1.0,0.0,1.0,0.8396451163976184,0.0,0.0,1.0,0.0,0.0
1114,c6b07c5dde1ec90c2,True,,,,,,,,,,1.0,1.0,1.0,1.0,0.8845303877854908,1.0,0.0,1.0,0.0,0.7139157461829659
1115,9823414897079697b,True,,,,,,,,,,1.0,1.0,1.0,1.0,0.6694134351517623,1.0,0.0,1.0,0.0,0.6466916984849257
1116,86dc24585f29d4c87,True,,,,,,,,,,0.0,0.0,0.5,1.0,0.9742831907467793,0.0,1.0,1.0,0.0,0.0
1117,51468624f84655cc2,True,,,,,,,,,,1.0,1.0,1.0,1.0,0.8376736780864088,1.0,1.0,1.0,0.0,0.8242730244020027
1118,13ec6e28d3c1a20c1,True,,,,,,,,,,0.0,1.0,1.0,1.0,1.0,0.0,0.0,1.0,1.0,0.0
1119,1cb35ff44517c5025,True,,,,,,,,,,1.0,1.0,1.0,1.0,0.6681504566981209,1.0,1.0,1.0,1.0,0.8962970177181628
1120,4c4503dbf9554a97b,True,,,,,,,,,,1.0,1.0,1.0,1.0,0.8422824351890154,1.0,0.0,1.0,1.0,0.8257132609965673
1121,096db7931a7697382,True,,,,,,,,,,1.0,1.0,1.0,1.0,0.6905763395462551,1.0,1.0,1.0,1.0,0.9033051061082047
1122,28c1180e271272d18,True,,,,,,,,,,0.0,0.0,1.0,1.0,1.0,0.0,0.0,1.0,0.0,0.0
1123,c3bb1145080f9b2b0,True,,,,,,,,,,1.0,1.0,1.0,1.0,1.0,1.0,0.0,1.0,0.0,0.75
1124,8df3615e729babee2,True,,,,,,,,,,1.0,1.0,1.0,1.0,0.13199313914468444,1.0,1.0,1.0,1.0,0.7287478559827139
1125,23a9805ef118f909c,True,,,,,,,,,,1.0,1.0,1.0,1.0,0.778538145224329,1.0,0.0,1.0,0.0,0.6807931703826028
1126,43a6dc7b51c8d9d06,True,,,,,,,,,,1.0,1.0,1.0,1.0,0.9809182915451882,1.0,1.0,1.0,1.0,0.9940369661078713
1127,2aa8f5678f71648b6,True,,,,,,,,,,1.0,1.0,1.0,1.0,0.9263868826532564,1.0,0.0,1.0,1.0,0.8519959008291427
1128,2bb698b451e491605,True,,,,,,,,,,1.0,1.0,1.0,1.0,0.5311030636018851,1.0,0.0,1.0,1.0,0.728469707375589
1129,1161a45a0921d7c8e,True,,,,,,,,,,1.0,1.0,0.5,1.0,0.585375075611856,1.0,0.0,1.0,1.0,0.37271485556435247
1130,9e268b454b8ca07a1,True,,,,,,,,,,1.0,1.0,1.0,1.0,0.7643311815049483,1.0,0.0,1.0,1.0,0.8013534942202963
1131,d5638ab82149e235f,True,,,,,,,,,,1.0,1.0,1.0,1.0,1.0,1.0,1.0,0.0,0.0,0.75
1132,624b352e4b7f8d830,True,,,,,,,,,,1.0,1.0,1.0,1.0,0.8020999801051641,1.0,1.0,1.0,0.0,0.8131562437828638
1133,3efd4f33e21321aca,True,,,,,,,,,,1.0,1.0,1.0,1.0,0.9312700519085215,1.0,1.0,1.0,0.0,0.853521891221413
1134,4355523e202befd73,True,,,,,,,,,,1.0,1.0,1.0,1.0,0.7208814807363221,1.0,1.0,1.0,1.0,0.9127754627301007
1135,fedd8a6a80f03da33,True,,,,,,,,,,1.0,1.0,1.0,1.0,1.0,1.0,1.0,1.0,1.0,1.0
1136,16b9d0efaf330fdcf,True,,,,,,,,,,1.0,1.0,1.0,1.0,0.7690887250214236,1.0,0.0,0.0,0.0,0.5528402265691948
1137,fd157e67d430fdab3,True,,,,,,,,,,1.0,1.0,1.0,1.0,1.0,1.0,0.0,1.0,1.0,0.875
1138,6f43b1ff7218bc4e6,True,,,,,,,,,,1.0,1.0,1.0,1.0,0.45066105848104343,1.0,1.0,1.0,1.0,0.8283315807753261
1139,4a9850fe681028df5,True,,,,,,,,,,1.0,1.0,0.5,1.0,0.7381303250430248,1.0,0.0,0.0,0.0,0.27158286328797265
1140,8051fe3f500d43528,True,,,,,,,,,,1.0,1.0,1.0,1.0,0.9184254286143319,1.0,1.0,1.0,1.0,0.9745079464419787
1141,4e61e52835cb5d3ef,True,,,,,,,,,,1.0,1.0,1.0,1.0,0.9886719168614193,1.0,1.0,1.0,1.0,0.9964599740191935
1142,c596165a8d328b5dd,True,,,,,,,,,,1.0,0.0,0.5,1.0,1.0,1.0,1.0,1.0,0.0,0.0
1143,b36cff254193955cf,True,,,,,,,,,,1.0,0.0,1.0,1.0,0.5116493660915209,1.0,1.0,1.0,1.0,0.0
1144,6787e9f15b62de1b8,True,,,,,,,,,,0.0,1.0,1.0,1.0,1.0,0.0,1.0,1.0,0.0,0.0
1145,86ec67f271b64b199,True,,,,,,,,,,1.0,1.0,0.0,1.0,0.8021768685069088,1.0,0.0,1.0,0.0,0.0
1146,5b733b329372ed8c8,True,,,,,,,,,,1.0,1.0,1.0,1.0,0.660409766302049,1.0,1.0,1.0,1.0,0.8938780519693903
1147,93558974f46d692e7,True,,,,,,,,,,1.0,1.0,1.0,1.0,0.9362702519615773,1.0,1.0,1.0,1.0,0.9800844537379929
1148,3637ec99fe87c7406,True,,,,,,,,,,1.0,1.0,1.0,1.0,0.9682581340529822,1.0,0.0,1.0,0.0,0.7400806668915569
1149,a53b204e1934058ab,True,,,,,,,,,,1.0,0.0,1.0,1.0,1.0,1.0,0.0,1.0,0.0,0.0
1150,ed92b02e2867b4579,True,,,,,,,,,,0.0,1.0,0.5,1.0,1.0,0.0,0.0,1.0,0.0,0.0
1151,f878117d44bbeb817,True,,,,,,,,,,1.0,1.0,1.0,1.0,1.0,1.0,0.0,1.0,1.0,0.875
1152,ef019ffb0a16f5e9f,True,,,,,,,,,,0.0,1.0,0.0,1.0,0.7453380109121113,0.0,1.0,1.0,0.0,0.0
1153,9a2e4a7f632a3fd8c,True,,,,,,,,,,1.0,0.0,0.5,1.0,1.0,1.0,0.0,0.0,0.0,0.0
1154,51b90828c7ba37b79,True,,,,,,,,,,1.0,1.0,1.0,1.0,0.820750350583852,1.0,1.0,1.0,1.0,0.9439844845574538
1155,789c9e60213111cde,True,,,,,,,,,,1.0,1.0,0.0,1.0,1.0,1.0,0.0,1.0,1.0,0.0
1156,95617d9c8d0165269,True,,,,,,,,,,1.0,1.0,1.0,1.0,0.7966397891868351,1.0,1.0,1.0,0.0,0.811449934120886
1157,17f3ba89b58f991f4,True,,,,,,,,,,1.0,1.0,1.0,1.0,0.8650248203786521,1.0,0.0,1.0,1.0,0.8328202563683288
1158,0c3447f80e5b8a35d,True,,,,,,,,,,1.0,1.0,0.5,1.0,0.7698895478539158,1.0,0.0,1.0,1.0,0.40154524185217433
1159,227d0fa0ac82a6985,True,,,,,,,,,,1.0,0.0,0.0,1.0,0.8367303932031652,1.0,1.0,1.0,1.0,0.0
1160,59361619b736fa71d,True,,,,,,,,,,1.0,1.0,1.0,1.0,0.20400540183452057,1.0,0.0,1.0,1.0,0.6262516880732877
1161,2a862303c565d9ca9,True,,,,,,,,,,1.0,1.0,1.0,1.0,0.9047484633771153,1.0,1.0,1.0,1.0,0.9702338948053486
1162,a9b93459b8bfb00a5,True,,,,,,,,,,1.0,1.0,1.0,1.0,0.7548219668476377,1.0,1.0,0.0,0.0,0.6733818646398868
1163,15a72986ee0932891,True,,,,,,,,,,0.0,1.0,1.0,1.0,1.0,0.0,1.0,0.0,0.0,0.0
1164,3c5f94f941b068a40,True,,,,,,,,,,0.0,0.0,1.0,1.0,1.0,0.0,0.0,1.0,1.0,0.0
1165,8c7844d1d621c907b,True,,,,,,,,,,0.0,1.0,1.0,1.0,1.0,0.0,1.0,1.0,1.0,0.0
1166,66d4f1e7e5ab29631,True,,,,,,,,,,1.0,1.0,1.0,1.0,0.09827686514001722,1.0,1.0,1.0,1.0,0.7182115203562554
1167,d308ca8a7878741eb,True,,,,,,,,,,1.0,0.0,1.0,1.0,1.0,1.0,0.0,1.0,0.0,0.0
1168,c7c091e891a6bdac2,True,,,,,,,,,,1.0,1.0,1.0,1.0,0.9230121332295488,1.0,0.0,1.0,1.0,0.850941291634234
1169,07d601991746bbf45,True,,,,,,,,,,0.0,1.0,0.5,1.0,1.0,0.0,0.0,1.0,0.0,0.0
1170,1282ea8855e3dab29,True,,,,,,,,,,1.0,1.0,1.0,1.0,1.0,1.0,1.0,1.0,1.0,1.0
1171,fc8bd325b3da03b85,True,,,,,,,,,,1.0,1.0,1.0,1.0,0.8889182396330683,1.0,1.0,1.0,1.0,0.9652869498853338
1172,5bd97408b667dca22,True,,,,,,,,,,1.0,1.0,1.0,1.0,1.0,1.0,0.0,1.0,1.0,0.875
1173,3b8ae7a448c0eb280,True,,,,,,,,,,1.0,0.0,1.0,1.0,1.0,1.0,1.0,1.0,0.0,0.0
1174,8ff1eaec9e4ad790c,True,,,,,,,,,,1.0,1.0,1.0,1.0,0.697714771310644,1.0,1.0,1.0,1.0,0.9055358660345763
1175,60849e221db8f770d,True,,,,,,,,,,1.0,1.0,1.0,1.0,1.0,1.0,1.0,1.0,1.0,1.0
1176,ca4b53e32b7f4aedf,True,,,,,,,,,,1.0,1.0,1.0,1.0,0.7180306467345632,1.0,0.0,1.0,0.0,0.661884577104551
1177,073a5d3c4224d9aa8,True,,,,,,,,,,0.0,1.0,1.0,1.0,1.0,0.0,0.0,1.0,0.0,0.0
1178,d50691398e89c58dd,True,,,,,,,,,,1.0,1.0,1.0,1.0,0.6351177828530494,1.0,0.0,1.0,1.0,0.760974307141578
1179,925bbd1a587bfa622,True,,,,,,,,,,1.0,0.0,1.0,1.0,0.43358551309065824,1.0,0.0,1.0,0.0,0.0
1180,0a3d875284dd62305,True,,,,,,,,,,0.0,1.0,1.0,1.0,0.5444830799450792,0.0,1.0,1.0,1.0,0.0
1181,e9b4dc8775d9b86e1,True,,,,,,,,,,1.0,1.0,1.0,1.0,0.9403631052682692,1.0,1.0,1.0,0.0,0.8563634703963341
1182,d6e3a8fc354d62753,True,,,,,,,,,,0.0,1.0,1.0,1.0,1.0,0.0,0.0,1.0,0.0,0.0
1183,0ba1b091bdfec6628,True,,,,,,,,,,1.0,1.0,1.0,1.0,1.0,1.0,0.0,1.0,0.0,0.75
1184,c22f538fee4004aa6,True,,,,,,,,,,1.0,1.0,1.0,1.0,0.5767892159869461,1.0,0.0,1.0,1.0,0.7427466299959207
1185,17de904ac4c504886,True,,,,,,,,,,1.0,1.0,1.0,1.0,0.6351303168812913,1.0,1.0,1.0,1.0,0.8859782240254035
1186,3a5164bb3f2fdabd5,True,,,,,,,,,,1.0,1.0,0.5,1.0,0.8026210658631485,1.0,1.0,1.0,0.0,0.40665954154111694
1187,5a0a989dc5a853c97,True,,,,,,,,,,1.0,1.0,1.0,1.0,0.8618766771100969,1.0,0.0,1.0,0.0,0.7068364615969053
1188,a0dc275ea4b2b9c05,True,,,,,,,,,,1.0,1.0,1.0,1.0,0.9479755248772858,1.0,1.0,1.0,1.0,0.9837423515241518
1189,aa1c2ba87587b53cb,True,,,,,,,,,,1.0,0.0,1.0,1.0,1.0,1.0,1.0,1.0,0.0,0.0
1190,96162a63802df3c29,True,,,,,,,,,,0.0,1.0,1.0,1.0,1.0,0.0,1.0,1.0,0.0,0.0
1191,2df4afab4d0b02842,True,,,,,,,,,,1.0,0.0,1.0,1.0,0.7758582742670592,1.0,1.0,1.0,1.0,0.0
1192,d6d8e9eb7b9c1befa,True,,,,,,,,,,1.0,0.0,1.0,1.0,0.48096632246112747,1.0,1.0,1.0,0.0,0.0
1193,161174e0143b41afa,True,,,,,,,,,,1.0,1.0,0.0,1.0,0.7051789329952186,1.0,0.0,1.0,1.0,0.0
1194,fef06dc806442398d,True,,,,,,,,,,1.0,1.0,1.0,1.0,0.8891154994194731,1.0,1.0,1.0,0.0,0.8403485935685853
1195,c1c57e75b2d100427,True,,,,,,,,,,1.0,1.0,1.0,1.0,0.6594981944366147,1.0,0.0,1.0,1.0,0.7685931857614421
1196,108277792b2690db0,True,,,,,,,,,,1.0,1.0,1.0,1.0,0.7605612137602978,1.0,1.0,1.0,1.0,0.9251753793000931
1197,adb8420cc91f10b6d,True,,,,,,,,,,1.0,1.0,1.0,1.0,0.6439980175773762,1.0,1.0,1.0,1.0,0.8887493804929301
1198,d9229c0f61c8ff48a,True,,,,,,,,,,1.0,1.0,1.0,1.0,0.6978200892419945,1.0,1.0,1.0,0.0,0.7805687778881233
1199,43f7d2bb6b4b6f35a,True,,,,,,,,,,1.0,0.0,1.0,1.0,1.0,1.0,0.0,1.0,0.0,0.0
1200,c73d5b941b453432b,True,,,,,,,,,,1.0,1.0,1.0,1.0,0.24385317569600728,1.0,0.0,1.0,1.0,0.6387041174050023
1201,bee1f7c478d5663fc,True,,,,,,,,,,1.0,1.0,1.0,1.0,1.0,1.0,0.0,1.0,1.0,0.875
1202,232e7693cefbcf60f,True,,,,,,,,,,1.0,1.0,0.0,1.0,0.8757835738435699,1.0,0.0,1.0,1.0,0.0
1203,bd4e6cf360c4e8c49,True,,,,,,,,,,1.0,0.0,1.0,1.0,0.7692618010304936,1.0,1.0,1.0,1.0,0.0
1204,bfd4cb9e2a8bebc15,True,,,,,,,,,,1.0,1.0,1.0,1.0,0.8130703488443098,1.0,0.0,1.0,0.0,0.6915844840138468
1205,904fec4de373b84b3,True,,,,,,,,,,1.0,1.0,1.0,1.0,0.5170895102495735,1.0,0.0,1.0,0.0,0.5990904719529917
1206,3c4a076e3eb21f85e,True,,,,,,,,,,1.0,1.0,0.0,1.0,1.0,1.0,0.0,1.0,1.0,0.0
1207,8821c536a27933ed5,True,,,,,,,,,,0.0,1.0,1.0,1.0,1.0,0.0,0.0,1.0,1.0,0.0
1208,fb36ad22580aff945,True,,,,,,,,,,1.0,1.0,0.0,1.0,1.0,1.0,0.0,1.0,0.0,0.0
1209,f32ce52441f70bfee,True,,,,,,,,,,1.0,1.0,1.0,1.0,0.9089830046856245,1.0,1.0,1.0,1.0,0.9715571889642577
1210,b5026163c611c7730,True,,,,,,,,,,1.0,1.0,1.0,1.0,0.9477689734428523,1.0,1.0,1.0,1.0,0.9836778042008913
1211,41dae4808025d25f5,True,,,,,,,,,,1.0,1.0,1.0,1.0,0.7263898549076893,1.0,0.0,1.0,0.0,0.6644968296586529
1212,b5e97b7e8ca0f8b19,True,,,,,,,,,,1.0,1.0,1.0,1.0,0.6143412672314158,1.0,1.0,1.0,1.0,0.8794816460098174
1213,fc25d83ed4ec8aaad,True,,,,,,,,,,1.0,1.0,0.5,1.0,0.8662163067091934,1.0,0.0,1.0,0.0,0.35409629792331143
1214,df10a0ed732e3b815,True,,,,,,,,,,0.0,1.0,1.0,1.0,1.0,0.0,1.0,1.0,0.0,0.0
1215,2bf5a9368dfcf4f1a,True,,,,,,,,,,1.0,1.0,0.5,1.0,1.0,1.0,1.0,1.0,1.0,0.5
1216,2366b4156fa09a0bc,True,,,,,,,,,,1.0,1.0,0.5,1.0,1.0,1.0,0.0,1.0,0.0,0.375
1217,3110b909a8ee018b8,True,,,,,,,,,,0.0,1.0,1.0,1.0,1.0,0.0,0.0,1.0,1.0,0.0
1218,562756132cea470ea,True,,,,,,,,,,1.0,1.0,1.0,1.0,0.9314549768745106,1.0,1.0,1.0,0.0,0.8535796802732846
1219,d18ebc94f4f3cb405,True,,,,,,,,,,0.0,1.0,1.0,1.0,1.0,0.0,0.0,0.0,0.0,0.0
1220,be30a0caa3e19507e,True,,,,,,,,,,1.0,1.0,1.0,1.0,1.0,0.0,1.0,1.0,0.0,0.5625
1221,085b24e5cde180825,True,,,,,,,,,,0.0,0.0,0.0,1.0,1.0,0.0,0.0,1.0,1.0,0.0
1222,04d2f35c7f6db137f,True,,,,,,,,,,1.0,1.0,1.0,1.0,0.7786366633467297,1.0,1.0,1.0,1.0,0.930823957295853
1223,1a873a18080ef431b,True,,,,,,,,,,0.0,1.0,1.0,1.0,1.0,0.0,1.0,1.0,1.0,0.0
1224,94b6ffabace38c36f,True,,,,,,,,,,1.0,1.0,1.0,1.0,0.8753188137161709,1.0,0.0,1.0,0.0,0.7110371292863034
1225,c97f59b36279e74ae,True,,,,,,,,,,1.0,1.0,0.5,1.0,1.0,1.0,0.0,1.0,0.0,0.375
1226,1e15000d249448d21,True,,,,,,,,,,0.0,1.0,1.0,1.0,1.0,0.0,1.0,1.0,0.0,0.0
1227,f06a4e01a1e5abdd5,True,,,,,,,,,,1.0,0.0,1.0,1.0,1.0,1.0,1.0,1.0,1.0,0.0
1228,d790b694cb899e145,True,,,,,,,,,,1.0,1.0,1.0,1.0,0.7206321467237917,1.0,1.0,1.0,1.0,0.9126975458511849
1229,277e3887919b46cb1,True,,,,,,,,,,1.0,1.0,1.0,1.0,0.8276998898007295,1.0,1.0,1.0,1.0,0.946156215562728
1230,a87447007dd75f539,True,,,,,,,,,,1.0,1.0,1.0,1.0,0.9877373763722428,1.0,1.0,1.0,1.0,0.9961679301163259
1231,32888a8d5ffa4cfa6,True,,,,,,,,,,1.0,1.0,1.0,0.0,1.0,1.0,1.0,1.0,0.0,0.0
1232,4142c2fdf6fa0139a,True,,,,,,,,,,1.0,0.0,1.0,0.0,1.0,1.0,1.0,1.0,0.0,0.0
1233,a50c0b5a789ee7174,True,,,,,,,,,,0.0,1.0,0.0,1.0,0.8417963464500856,0.0,0.0,1.0,1.0,0.0
1234,abe4fa3284d5d8e53,True,,,,,,,,,,1.0,0.0,0.5,1.0,0.7826673913262957,1.0,1.0,1.0,0.0,0.0
1235,363ef196e8503db27,True,,,,,,,,,,1.0,0.0,1.0,1.0,0.7404341154950402,1.0,1.0,1.0,0.0,0.0
1236,0323a93ef0ac2cb18,True,,,,,,,,,,0.0,1.0,0.0,1.0,1.0,0.0,0.0,1.0,0.0,0.0
1237,12eccd64a8e27f82f,True,,,,,,,,,,1.0,0.0,0.0,1.0,1.0,1.0,0.0,1.0,1.0,0.0
1238,c43ce94d4cb321477,True,,,,,,,,,,1.0,1.0,1.0,1.0,0.857276753351741,1.0,1.0,1.0,1.0,0.9553989854224191
1239,a4e2233cf54403d43,True,,,,,,,,,,1.0,1.0,1.0,1.0,0.7322618009653086,1.0,1.0,1.0,0.0,0.7913318128016589
1240,d12e9fb682bb31656,True,,,,,,,,,,1.0,1.0,0.0,1.0,1.0,0.0,0.0,1.0,0.0,0.0
1241,3d7ddf7a34c6ba150,True,,,,,,,,,,1.0,1.0,0.0,1.0,1.0,1.0,1.0,1.0,0.0,0.0
1242,7dc342f8c0d3f169b,True,,,,,,,,,,1.0,0.0,0.0,1.0,1.0,1.0,0.0,1.0,1.0,0.0
1243,ca0adf718f5972567,True,,,,,,,,,,1.0,1.0,1.0,1.0,0.6307860023195516,1.0,1.0,1.0,1.0,0.8846206257248599
1244,2bd137e85147a0c70,True,,,,,,,,,,0.0,0.0,1.0,1.0,1.0,0.0,0.0,1.0,0.0,0.0
1245,355219fd5c589d7e5,True,,,,,,,,,,0.0,1.0,0.0,1.0,1.0,0.0,0.0,1.0,0.0,0.0
1246,5717542c5f1f77274,True,,,,,,,,,,0.0,0.0,1.0,1.0,1.0,0.0,0.0,1.0,1.0,0.0
1247,5875003845a7403ab,True,,,,,,,,,,1.0,1.0,1.0,1.0,1.0,1.0,1.0,1.0,1.0,1.0
1248,2532060dd97ed7c45,True,,,,,,,,,,1.0,1.0,1.0,1.0,0.24007813040626733,1.0,0.0,0.0,1.0,0.5125244157519585
1249,34096e25c51fff4b8,True,,,,,,,,,,0.0,0.0,0.5,1.0,0.8674537276018232,0.0,0.0,1.0,1.0,0.0
1250,6cbcce7f4aa5854ab,True,,,,,,,,,,1.0,1.0,1.0,1.0,1.0,1.0,0.0,1.0,1.0,0.875
1251,d7ae6e55bf567365e,True,,,,,,,,,,1.0,1.0,0.0,1.0,1.0,1.0,0.0,1.0,1.0,0.0
1252,2715084d8bf201e97,True,,,,,,,,,,1.0,1.0,1.0,1.0,0.6782773856756817,1.0,1.0,1.0,0.0,0.7744616830236506
1253,88b4a166a946c9537,True,,,,,,,,,,1.0,1.0,0.5,1.0,1.0,0.0,0.0,1.0,1.0,0.28125
1254,53667f0557981798d,True,,,,,,,,,,1.0,1.0,1.0,1.0,0.8176405805617036,1.0,0.0,1.0,1.0,0.8180126814255324
1255,a567fa13fe7716b55,True,,,,,,,,,,0.0,1.0,1.0,0.0,1.0,0.0,0.0,1.0,0.0,0.0
1256,38c6024c468e96db8,True,,,,,,,,,,1.0,1.0,1.0,1.0,0.551535752870036,1.0,0.0,1.0,1.0,0.7348549227718862
1257,4410c6e64d170360d,True,,,,,,,,,,0.0,0.0,0.5,1.0,1.0,0.0,0.0,1.0,0.0,0.0
1258,b71a18c869cb8bd24,True,,,,,,,,,,1.0,0.0,1.0,1.0,1.0,1.0,1.0,1.0,1.0,0.0
1259,814fa66e0a997a168,True,,,,,,,,,,0.0,0.0,0.5,1.0,1.0,0.0,0.0,1.0,0.0,0.0
1260,6407b45b597b1c340,True,,,,,,,,,,1.0,1.0,1.0,1.0,1.0,1.0,0.0,1.0,1.0,0.875
1261,f8269fa1de4da78ec,True,,,,,,,,,,1.0,1.0,1.0,1.0,1.0,1.0,1.0,1.0,1.0,1.0
1262,4fc9662f3c2a3bb75,True,,,,,,,,,,1.0,0.0,0.0,1.0,1.0,1.0,0.0,1.0,1.0,0.0
1263,2114731f5f6cae12c,True,,,,,,,,,,1.0,1.0,1.0,1.0,0.23183066309385264,1.0,0.0,1.0,0.0,0.5099470822168289
1264,37f45087a3d60aaff,True,,,,,,,,,,0.0,1.0,1.0,1.0,0.40252684526951976,0.0,0.0,1.0,0.0,0.0
1265,daa6b068709fe9531,True,,,,,,,,,,0.0,1.0,0.5,1.0,0.6755003316673577,0.0,1.0,1.0,0.0,0.0
1266,676ffbee9ca648d5c,True,,,,,,,,,,0.0,1.0,1.0,1.0,1.0,0.0,1.0,1.0,0.0,0.0
1267,a1de70408377fb037,True,,,,,,,,,,1.0,1.0,1.0,1.0,0.8029704501774374,1.0,1.0,1.0,1.0,0.9384282656804492
1268,370e1eb0a4295a2bc,True,,,,,,,,,,1.0,1.0,0.0,1.0,1.0,1.0,0.0,0.0,0.0,0.0
1269,2d176dbb12e40c2aa,True,,,,,,,,,,0.0,1.0,1.0,1.0,1.0,0.0,0.0,1.0,1.0,0.0
1270,17b20f1abf2c81e8d,True,,,,,,,,,,1.0,1.0,0.5,1.0,1.0,1.0,0.0,1.0,0.0,0.375
1271,43f7fbb8fc3c4d17b,True,,,,,,,,,,1.0,1.0,1.0,1.0,1.0,1.0,1.0,1.0,0.0,0.875
1272,8a2f9fc5fa33f4001,True,,,,,,,,,,1.0,0.0,1.0,1.0,1.0,1.0,0.0,1.0,0.0,0.0
1273,7926b91284ef771fd,True,,,,,,,,,,1.0,0.0,0.5,1.0,1.0,1.0,0.0,1.0,0.0,0.0
1274,7eb1127a01c79ed76,True,,,,,,,,,,1.0,1.0,1.0,1.0,0.5932641005649728,1.0,1.0,1.0,1.0,0.872895031426554
1275,c9b6f0f21e11dae54,True,,,,,,,,,,1.0,1.0,1.0,1.0,0.7196725180528563,1.0,0.0,1.0,1.0,0.7873976618915176
1276,03ba5f567d1b3dc30,True,,,,,,,,,,1.0,1.0,1.0,1.0,0.24817045557338566,1.0,1.0,1.0,1.0,0.765053267366683
1277,34f398e3cb7f66124,True,,,,,,,,,,1.0,1.0,1.0,1.0,0.6436207550448717,1.0,1.0,1.0,1.0,0.8886314859515224
1278,45d88e7f92a4a9e74,True,,,,,,,,,,1.0,1.0,1.0,1.0,0.012993594105411429,1.0,1.0,1.0,1.0,0.6915604981579411
1279,e2da039b5ef4ab27c,True,,,,,,,,,,1.0,0.0,1.0,1.0,1.0,1.0,1.0,1.0,1.0,0.0
1280,e04480093a92a2fc2,True,,,,,,,,,,1.0,1.0,0.5,1.0,0.9061173955169656,1.0,1.0,1.0,1.0,0.4853308430495259
1281,687fb362f72d56b1d,True,,,,,,,,,,1.0,1.0,1.0,1.0,0.5361622356241975,1.0,1.0,1.0,0.0,0.7300506986325617
1282,00bbaca29a3b34595,True,,,,,,,,,,1.0,1.0,1.0,1.0,0.7662586481300302,1.0,1.0,1.0,1.0,0.9269558275406344
1283,f37a107cfe0b65537,True,,,,,,,,,,1.0,1.0,1.0,1.0,0.49029740362999913,1.0,1.0,1.0,1.0,0.8407179386343747
1284,f1d442974b63b87f6,True,,,,,,,,,,1.0,1.0,1.0,1.0,0.7170071912368444,1.0,0.0,1.0,0.0,0.6615647472615138
1285,e593c645d1fd3fdb9,True,,,,,,,,,,1.0,1.0,1.0,1.0,1.0,1.0,1.0,1.0,0.0,0.875
1286,9a5ec15b58d715b9c,True,,,,,,,,,,1.0,1.0,1.0,1.0,0.48719311937831034,1.0,1.0,1.0,1.0,0.839747849805722
1287,d24b5a7c9247ecd43,True,,,,,,,,,,1.0,0.0,1.0,1.0,1.0,1.0,1.0,1.0,1.0,0.0
1288,f6a13add7d93584e0,True,,,,,,,,,,1.0,0.0,1.0,1.0,0.7041302801846663,1.0,0.0,1.0,0.0,0.0
1289,bccd8c64fe9f7bd3b,True,,,,,,,,,,1.0,1.0,1.0,0.0,1.0,1.0,1.0,1.0,1.0,0.0
1290,58ab5764f037eca22,True,,,,,,,,,,1.0,0.0,1.0,1.0,0.4365621699617238,1.0,0.0,1.0,1.0,0.0
1291,93dbd55a373bc4efe,True,,,,,,,,,,1.0,1.0,1.0,1.0,0.882219261438636,1.0,1.0,1.0,1.0,0.9631935191995737
1292,f216d1ab22df1e533,True,,,,,,,,,,1.0,1.0,1.0,1.0,0.8535310651293365,1.0,1.0,1.0,0.0,0.8292284578529177
1293,947c5404a2702b039,True,,,,,,,,,,1.0,1.0,0.5,1.0,1.0,1.0,0.0,1.0,1.0,0.4375
1294,e71523844476db4f4,True,,,,,,,,,,1.0,1.0,1.0,1.0,0.6258510584749841,1.0,0.0,1.0,1.0,0.7580784557734326
1295,86a97d3341cc8c198,True,,,,,,,,,,1.0,1.0,0.0,1.0,1.0,1.0,1.0,1.0,0.0,0.0
1296,f6ee18e1982a51d52,True,,,,,,,,,,1.0,1.0,1.0,1.0,0.43344147702888997,1.0,1.0,1.0,1.0,0.8229504615715282
1297,2ef69b84551e22eb2,True,,,,,,,,,,1.0,0.0,1.0,1.0,0.7340663813600521,1.0,1.0,1.0,1.0,0.0
1298,9d5110bb7daed22bf,True,,,,,,,,,,1.0,1.0,1.0,1.0,0.43504525954064466,1.0,0.0,1.0,1.0,0.6984516436064514
1299,bd8218a7ee5744998,True,,,,,,,,,,1.0,1.0,1.0,1.0,0.16752024189299555,1.0,1.0,1.0,1.0,0.7398500755915611
1300,8779ba759ea792fbc,True,,,,,,,,,,1.0,1.0,1.0,1.0,0.06202031084288321,1.0,1.0,1.0,1.0,0.706881347138401
1301,aa7d114cf25b1f9f0,True,,,,,,,,,,1.0,1.0,1.0,1.0,0.6609161927003945,1.0,0.0,1.0,1.0,0.7690363102188733
1302,fb300036a09e3c31c,True,,,,,,,,,,1.0,0.0,1.0,1.0,1.0,0.0,0.0,1.0,0.0,0.0
1303,fafc51e87167a3031,True,,,,,,,,,,1.0,1.0,1.0,1.0,0.9072543642778549,1.0,1.0,1.0,1.0,0.9710169888368296
1304,042bf7d6a0f98a104,True,,,,,,,,,,1.0,1.0,1.0,1.0,0.2282026643147896,1.0,0.0,1.0,1.0,0.6338133325983717
1305,f09090db20660a80f,True,,,,,,,,,,1.0,0.0,1.0,1.0,1.0,1.0,1.0,1.0,0.0,0.0
1306,49057fbf986facf33,True,,,,,,,,,,1.0,1.0,1.0,1.0,0.3818774266715072,1.0,0.0,1.0,0.0,0.5568366958348461
1307,5c4cdaaf289584cd5,True,,,,,,,,,,1.0,0.0,0.0,1.0,1.0,1.0,1.0,1.0,1.0,0.0
1308,99c29ddae00eb2eee,True,,,,,,,,,,1.0,0.0,1.0,1.0,1.0,0.0,1.0,1.0,0.0,0.0
1309,3fec70d4e8fe8d5b1,True,,,,,,,,,,0.0,1.0,1.0,1.0,1.0,0.0,0.0,0.0,0.0,0.0
1310,dfa834bc1ba00afb5,True,,,,,,,,,,0.0,1.0,1.0,1.0,1.0,0.0,0.0,1.0,1.0,0.0
1311,5f53c45bd71589e3f,True,,,,,,,,,,1.0,1.0,1.0,1.0,1.0,1.0,1.0,1.0,0.0,0.875
1312,44f588c85236fe365,True,,,,,,,,,,0.0,1.0,1.0,1.0,1.0,0.0,1.0,1.0,0.0,0.0
1313,b947c49e539199af0,True,,,,,,,,,,1.0,1.0,1.0,1.0,0.41039591675503984,1.0,1.0,1.0,1.0,0.81574872398595
1314,e30153992e5712828,True,,,,,,,,,,1.0,1.0,1.0,1.0,0.9525388259788334,1.0,0.0,1.0,1.0,0.8601683831183855
1315,7577c592d62db033f,True,,,,,,,,,,1.0,1.0,1.0,1.0,0.8693102719642134,1.0,0.0,1.0,0.0,0.7091594599888167
1316,891736e00076f8901,True,,,,,,,,,,1.0,0.0,1.0,1.0,1.0,0.0,1.0,1.0,0.0,0.0
1317,303ba3f05a636f6e9,True,,,,,,,,,,1.0,1.0,1.0,1.0,0.8732649898716147,1.0,1.0,1.0,1.0,0.9603953093348796
1318,2664f428da61db472,True,,,,,,,,,,1.0,1.0,1.0,1.0,0.8747304778608984,0.0,0.0,1.0,1.0,0.5233532743315308
1319,b4804c80431225e41,True,,,,,,,,,,1.0,0.0,1.0,1.0,1.0,1.0,0.0,1.0,1.0,0.0
1320,fa8d78f84cd8b7f8c,True,,,,,,,,,,1.0,1.0,1.0,1.0,0.7090626762371021,1.0,0.0,1.0,1.0,0.7840820863240944
1321,a14ccfc8d2eea6574,True,,,,,,,,,,1.0,1.0,1.0,1.0,0.5213387693894401,1.0,1.0,1.0,0.0,0.7254183654342
1322,fda2ab172e994071b,True,,,,,,,,,,1.0,1.0,1.0,1.0,0.8042380629716194,1.0,1.0,1.0,1.0,0.938824394678631
1323,3fc80f9e72ac43027,True,,,,,,,,,,1.0,0.0,1.0,1.0,0.6328115731132246,1.0,0.0,1.0,1.0,0.0
1324,4b2c40907436ec443,True,,,,,,,,,,1.0,1.0,1.0,1.0,0.04735157155052761,1.0,1.0,1.0,1.0,0.7022973661095399
1325,66fb23ec0e555548e,True,,,,,,,,,,1.0,1.0,1.0,1.0,0.1375450933120367,1.0,1.0,1.0,1.0,0.7304828416600115
1326,cb517587f4a1e3711,True,,,,,,,,,,1.0,1.0,1.0,1.0,1.0,1.0,0.0,1.0,1.0,0.875
1327,3b55569be269255c2,True,,,,,,,,,,1.0,1.0,1.0,1.0,0.8156358957869921,1.0,0.0,0.0,1.0,0.692386217433435
1328,4a16da9c6c03b5918,True,,,,,,,,,,1.0,1.0,1.0,1.0,0.09051274635702126,1.0,0.0,1.0,1.0,0.5907852332365692
1329,318b2d84b07441bb0,True,,,,,,,,,,1.0,1.0,1.0,1.0,0.8571547840763007,1.0,0.0,1.0,0.0,0.705360870023844
1330,1f91f3523e536e074,True,,,,,,,,,,1.0,1.0,1.0,1.0,0.8904584107965072,1.0,0.0,1.0,1.0,0.8407682533739085
1331,832b4c7a0e847fb0c,True,,,,,,,,,,1.0,1.0,1.0,1.0,0.6956559887517544,1.0,1.0,1.0,1.0,0.9048924964849232
1332,5b5acbaa4890aaac9,True,,,,,,,,,,1.0,0.0,0.0,1.0,1.0,1.0,0.0,1.0,0.0,0.0
1333,54319e96916504611,True,,,,,,,,,,1.0,1.0,1.0,1.0,0.23517727544894668,1.0,0.0,1.0,0.0,0.5109928985777958
1334,cc675839235bef34d,True,,,,,,,,,,1.0,0.0,1.0,1.0,0.5250340914377597,1.0,1.0,0.0,1.0,0.0
1335,90263fed2b7db0365,True,,,,,,,,,,1.0,1.0,1.0,1.0,0.7274777264960319,1.0,1.0,1.0,0.0,0.78983678953001
1336,f41a422f052cd19d9,True,,,,,,,,,,1.0,1.0,0.0,1.0,1.0,1.0,0.0,1.0,1.0,0.0
1337,20a64ca2d03e6cb72,True,,,,,,,,,,1.0,1.0,1.0,1.0,0.782319660471167,1.0,0.0,1.0,1.0,0.8069748938972396
1338,ffa477be5c420e9a3,True,,,,,,,,,,1.0,1.0,1.0,1.0,0.5631250278545098,1.0,1.0,1.0,0.0,0.7384765712045342
1339,767b060ded3878908,True,,,,,,,,,,1.0,1.0,1.0,1.0,0.9600324170375896,1.0,1.0,1.0,1.0,0.9875101303242467
1340,630be1035e80b768b,True,,,,,,,,,,0.0,1.0,1.0,1.0,1.0,0.0,1.0,0.0,0.0,0.0
1341,45f0a34210cea5243,True,,,,,,,,,,1.0,1.0,1.0,1.0,0.15269479422440926,1.0,1.0,1.0,1.0,0.7352171231951279
1342,01898e4c2520a9400,True,,,,,,,,,,1.0,1.0,1.0,1.0,0.617788388500069,1.0,1.0,0.0,1.0,0.7555588714062715
1343,8ec2f225bd1ccc3ff,True,,,,,,,,,,1.0,1.0,1.0,1.0,0.8009121577234191,1.0,0.0,1.0,1.0,0.8127850492885684
1344,55617753513055d9b,True,,,,,,,,,,0.0,0.0,1.0,1.0,1.0,0.0,1.0,1.0,0.0,0.0
1345,059699c7343bcc1bc,True,,,,,,,,,,1.0,1.0,1.0,1.0,0.8776399389979406,1.0,0.0,1.0,1.0,0.8367624809368565
1346,f2c959958c4b3a8f0,True,,,,,,,,,,1.0,1.0,1.0,1.0,1.0,1.0,1.0,1.0,0.0,0.875
1347,d78f1814c06d766b1,True,,,,,,,,,,1.0,1.0,1.0,1.0,1.0,1.0,1.0,1.0,0.0,0.875
1348,2913dab4565a29b87,True,,,,,,,,,,1.0,1.0,1.0,1.0,0.7137396313106406,1.0,0.0,0.0,0.0,0.5355436347845752
1349,5bf5914f66c7794ef,True,,,,,,,,,,1.0,0.0,1.0,1.0,0.9182669970229813,1.0,0.0,1.0,1.0,0.0
1350,f7f422a9d4e7a419f,True,,,,,,,,,,1.0,0.0,1.0,1.0,0.6622373424876066,1.0,0.0,1.0,0.0,0.0
1351,36316a03f12a8e7f4,True,,,,,,,,,,1.0,0.0,0.0,1.0,1.0,1.0,0.0,1.0,0.0,0.0
1352,f6eee6000df177477,True,,,,,,,,,,1.0,0.0,1.0,1.0,1.0,1.0,0.0,1.0,0.0,0.0
1353,7a7fa75bb756308ba,True,,,,,,,,,,1.0,1.0,0.5,1.0,1.0,1.0,0.0,1.0,1.0,0.4375
1354,534a1ef23eb35451c,True,,,,,,,,,,1.0,1.0,0.0,1.0,1.0,1.0,0.0,0.0,0.0,0.0
1355,5bfde4f04f6f9257a,True,,,,,,,,,,1.0,1.0,1.0,1.0,0.8882232234097476,1.0,0.0,1.0,1.0,0.8400697573155461
1356,50af9c4a2721fb804,True,,,,,,,,,,1.0,0.0,1.0,1.0,1.0,1.0,1.0,1.0,1.0,0.0
1357,df00098f604a521a4,True,,,,,,,,,,1.0,1.0,1.0,1.0,0.5481717586717952,1.0,0.0,1.0,1.0,0.733803674584936
1358,6f388bff9ecc03286,True,,,,,,,,,,1.0,0.0,0.5,1.0,1.0,1.0,0.0,1.0,0.0,0.0
1359,0af32ef4c6cb2b293,True,,,,,,,,,,1.0,1.0,0.0,1.0,1.0,1.0,0.0,1.0,0.0,0.0
1360,e691defa66927f173,True,,,,,,,,,,1.0,1.0,1.0,1.0,0.9715116144023879,1.0,0.0,1.0,0.0,0.7410973795007463
1361,41a39d55c68bb7f5a,True,,,,,,,,,,1.0,0.0,1.0,1.0,0.46397439969028365,1.0,1.0,1.0,0.0,0.0
1362,983f5e64888cf8b80,True,,,,,,,,,,1.0,1.0,1.0,1.0,0.7835762120637243,1.0,0.0,1.0,0.0,0.6823675662699138
1363,90bac953ef7d525b5,True,,,,,,,,,,1.0,1.0,1.0,1.0,0.6198676370739926,1.0,1.0,1.0,1.0,0.8812086365856227
1364,2f7d514e5c41a23d7,True,,,,,,,,,,1.0,1.0,0.0,1.0,1.0,1.0,0.0,1.0,1.0,0.0
1365,15a4d38c20001c0e4,True,,,,,,,,,,1.0,0.0,0.0,1.0,1.0,1.0,0.0,1.0,1.0,0.0
1366,5d362d17d2494ac7c,True,,,,,,,,,,1.0,1.0,1.0,1.0,0.4708009203410414,1.0,1.0,1.0,0.0,0.7096252876065754
1367,2da7f9d5b6d7592f7,True,,,,,,,,,,1.0,1.0,1.0,1.0,0.9168419608325327,1.0,1.0,1.0,1.0,0.9740131127601664
1368,d5c1ffdf7189b229c,True,,,,,,,,,,1.0,0.0,0.5,1.0,1.0,1.0,0.0,0.0,0.0,0.0
1369,0fc3bc1b7fce2461a,True,,,,,,,,,,1.0,1.0,1.0,1.0,0.7774518922033632,1.0,0.0,1.0,1.0,0.805453716313551
1370,21dda72ce686d45f5,True,,,,,,,,,,1.0,1.0,0.5,1.0,1.0,1.0,0.0,1.0,0.0,0.375
1371,6f23cf03f94e36b89,True,,,,,,,,,,1.0,1.0,1.0,1.0,1.0,1.0,1.0,0.0,0.0,0.75
1372,f75452f2564e8f2ae,True,,,,,,,,,,1.0,1.0,1.0,1.0,1.0,1.0,0.0,1.0,1.0,0.875
1373,5ccf2f32443625c2f,True,,,,,,,,,,1.0,1.0,1.0,1.0,1.0,1.0,1.0,1.0,0.0,0.875
1374,23406e65760566ef1,True,,,,,,,,,,1.0,1.0,1.0,1.0,0.728345270793286,1.0,1.0,1.0,1.0,0.9151078971229019
1375,3ea710ad8425a9566,True,,,,,,,,,,1.0,0.0,0.5,1.0,0.6143261305560223,1.0,0.0,1.0,0.0,0.0
1376,c3ae26874d15feb7d,True,,,,,,,,,,1.0,1.0,1.0,1.0,1.0,1.0,0.0,1.0,0.0,0.75
1377,fbc47d17828f56207,True,,,,,,,,,,1.0,1.0,1.0,1.0,0.989066370341775,1.0,1.0,1.0,1.0,0.9965832407318047
1378,1ae5d174f7d867121,True,,,,,,,,,,1.0,1.0,1.0,1.0,1.0,1.0,1.0,1.0,0.0,0.875
1379,46d27733df7167bb2,True,,,,,,,,,,1.0,1.0,1.0,1.0,0.7242356990302524,1.0,1.0,1.0,1.0,0.9138236559469539
1380,b5897b8cc4c644be1,True,,,,,,,,,,1.0,1.0,1.0,1.0,0.8021730939199946,1.0,1.0,1.0,1.0,0.9381790918499984
1381,95c7dfd77d6f446a0,True,,,,,,,,,,1.0,1.0,1.0,1.0,0.6383257956562447,1.0,1.0,0.0,0.0,0.6369768111425764
1382,12776777ba8546e14,True,,,,,,,,,,0.0,0.0,0.0,1.0,1.0,0.0,0.0,1.0,0.0,0.0
1383,f14211934248f5602,True,,,,,,,,,,1.0,1.0,1.0,1.0,0.13522122270984213,1.0,1.0,1.0,1.0,0.7297566320968256
1384,9e0cc66836c767421,True,,,,,,,,,,1.0,1.0,1.0,1.0,1.0,1.0,1.0,1.0,1.0,1.0
1385,7bcbb548162ed8dbb,True,,,,,,,,,,1.0,1.0,1.0,1.0,0.8100333970290123,1.0,1.0,1.0,1.0,0.9406354365715663
1386,61437c5a9910331f6,True,,,,,,,,,,1.0,1.0,1.0,1.0,1.0,1.0,0.0,1.0,1.0,0.875
1387,45eccc47d6cb959e7,True,,,,,,,,,,1.0,1.0,1.0,1.0,0.042817227873072836,1.0,1.0,1.0,1.0,0.7008803837103352
1388,2182fa4ac8750cb31,True,,,,,,,,,,1.0,1.0,1.0,1.0,0.13156397720763352,1.0,1.0,1.0,0.0,0.6036137428773855
1389,80412ca123ecd72bc,True,,,,,,,,,,1.0,1.0,1.0,1.0,0.21570064320433463,1.0,1.0,1.0,0.0,0.6299064510013546
1390,e5dbf5ca6877249cf,True,,,,,,,,,,0.0,1.0,1.0,1.0,1.0,0.0,1.0,1.0,0.0,0.0
1391,eadba795c4950544f,True,,,,,,,,,,1.0,1.0,1.0,1.0,0.13043848488499146,1.0,1.0,1.0,1.0,0.7282620265265598
1392,57e7f219c88ab8fe0,True,,,,,,,,,,1.0,0.0,1.0,1.0,1.0,1.0,1.0,1.0,0.0,0.0
1393,e44f39d800c679960,True,,,,,,,,,,1.0,1.0,1.0,1.0,0.8753104362457799,1.0,1.0,1.0,0.0,0.8360345113268062
1394,a70407f928cd54582,True,,,,,,,,,,1.0,1.0,1.0,1.0,0.3784430413697473,1.0,1.0,1.0,1.0,0.805763450428046
1395,63e3d0d0e92dfb4d5,True,,,,,,,,,,1.0,0.0,1.0,1.0,1.0,1.0,1.0,1.0,1.0,0.0
1396,1f607fe68e3fc6846,True,,,,,,,,,,0.0,0.0,1.0,1.0,1.0,0.0,1.0,1.0,0.0,0.0
1397,454ed2035bb0054fb,True,,,,,,,,,,1.0,0.0,1.0,1.0,0.7440442502038582,1.0,1.0,1.0,1.0,0.0
1398,0d62abe857251412c,True,,,,,,,,,,1.0,1.0,1.0,1.0,0.9548809682790679,1.0,1.0,1.0,1.0,0.9859003025872087
1399,e2f2c32fd3d5f5d35,True,,,,,,,,,,0.0,1.0,0.0,1.0,1.0,0.0,0.0,1.0,1.0,0.0
1400,a6f5d379f32e1dd9a,True,,,,,,,,,,1.0,1.0,1.0,1.0,0.7642547138681735,1.0,1.0,1.0,0.0,0.8013295980838042
1401,01944b1d62426bc85,True,,,,,,,,,,1.0,0.0,1.0,1.0,1.0,1.0,1.0,1.0,1.0,0.0
1402,6d9912bf7efcd9fa0,True,,,,,,,,,,1.0,1.0,1.0,1.0,0.6315647743246293,1.0,1.0,1.0,1.0,0.8848639919764467
1403,dabeaa21a655424eb,True,,,,,,,,,,1.0,1.0,1.0,1.0,0.7409422122022857,1.0,1.0,1.0,0.0,0.7940444413132143
1404,500c799cf6e33c39e,True,,,,,,,,,,1.0,1.0,1.0,1.0,0.6506084148373706,1.0,1.0,1.0,0.0,0.7658151296366783
1405,eb1f907b28806d98c,True,,,,,,,,,,1.0,1.0,1.0,1.0,0.6791377282656537,1.0,1.0,1.0,1.0,0.8997305400830168
1406,362f2d9e119bf7981,True,,,,,,,,,,1.0,1.0,1.0,1.0,0.02790928269354411,1.0,1.0,1.0,1.0,0.6962216508417325
1407,1738de90a4b9b6de0,True,,,,,,,,,,1.0,1.0,1.0,1.0,0.9349230900287627,1.0,1.0,1.0,1.0,0.9796634656339884
1408,b36a5e74ec4ae9574,True,,,,,,,,,,1.0,0.0,1.0,1.0,0.5794934591395439,1.0,1.0,1.0,1.0,0.0
1409,299c68e344d04e536,True,,,,,,,,,,1.0,1.0,1.0,1.0,0.47212169572911633,1.0,0.0,1.0,1.0,0.7100380299153488
1410,8a80c99bf844921b8,True,,,,,,,,,,1.0,1.0,1.0,1.0,0.228392636524796,1.0,0.0,1.0,1.0,0.6338726989139988
1411,00e5457ca561abfbb,True,,,,,,,,,,1.0,1.0,1.0,1.0,0.320805220249144,1.0,1.0,1.0,0.0,0.6627516313278575
1412,cc4ba9f3c63ddbc5c,True,,,,,,,,,,1.0,1.0,1.0,1.0,0.3529685771303634,1.0,1.0,1.0,1.0,0.7978026803532385
1413,d6c514686f23569a7,True,,,,,,,,,,1.0,1.0,1.0,1.0,0.6093891589165144,1.0,0.0,1.0,0.0,0.6279341121614107
1414,621583964b8d7bc4a,True,,,,,,,,,,1.0,1.0,1.0,1.0,0.4863543997085773,1.0,1.0,1.0,0.0,0.7144857499089304
1415,b1606575e4b94f15c,True,,,,,,,,,,1.0,1.0,1.0,1.0,0.838272126060512,1.0,1.0,1.0,1.0,0.94946003939391
1416,78d4cffc4aa085aab,True,,,,,,,,,,1.0,1.0,1.0,1.0,1.0,1.0,1.0,1.0,0.0,0.875
1417,aeafb748fb3a37e8c,True,,,,,,,,,,1.0,1.0,1.0,1.0,1.0,1.0,0.0,1.0,1.0,0.875
1418,0c23e365770faecb8,True,,,,,,,,,,1.0,1.0,0.0,1.0,1.0,1.0,0.0,1.0,0.0,0.0
1419,a52a1bf87700c06b5,True,,,,,,,,,,1.0,1.0,1.0,1.0,1.0,1.0,0.0,1.0,0.0,0.75
1420,d409509cfbf993fc3,True,,,,,,,,,,1.0,1.0,1.0,1.0,0.8309117335236733,1.0,1.0,1.0,0.0,0.822159916726148
1421,09abf15b5898e308b,True,,,,,,,,,,1.0,0.0,0.0,1.0,1.0,1.0,0.0,1.0,0.0,0.0
1422,2565c982d32c96893,True,,,,,,,,,,1.0,1.0,1.0,1.0,0.865416886677504,1.0,1.0,1.0,1.0,0.95794277708672
1423,f5a896e060751799d,True,,,,,,,,,,0.0,1.0,1.0,1.0,1.0,0.0,1.0,1.0,0.0,0.0
1424,cd5f552597cd3be08,True,,,,,,,,,,1.0,1.0,1.0,1.0,0.640122043433804,1.0,0.0,0.0,0.0,0.5125381385730637
1425,1ab4af6d2763780c4,True,,,,,,,,,,1.0,0.0,1.0,1.0,0.901135894675757,1.0,1.0,1.0,1.0,0.0
1426,ab20f07e685b59761,True,,,,,,,,,,1.0,0.0,1.0,1.0,0.7792799188077353,1.0,0.0,1.0,0.0,0.0
1427,f5751be1c6f840216,True,,,,,,,,,,1.0,0.0,0.0,1.0,1.0,1.0,0.0,1.0,0.0,0.0
1428,93815cb266f991f06,True,,,,,,,,,,1.0,0.0,1.0,0.0,1.0,1.0,1.0,1.0,1.0,0.0
1429,06b56c8b5f4b02d36,True,,,,,,,,,,1.0,0.0,1.0,1.0,0.8850498946949181,1.0,1.0,1.0,1.0,0.0
1430,48b2b4044e41f6e13,True,,,,,,,,,,1.0,1.0,1.0,1.0,0.5282964696725273,1.0,1.0,1.0,1.0,0.8525926467726648
1431,5ebd4357b2535cfa9,True,,,,,,,,,,1.0,0.0,1.0,1.0,0.8637723372753104,1.0,1.0,1.0,0.0,0.0
1432,2e49400543ea5674a,True,,,,,,,,,,1.0,1.0,0.0,1.0,1.0,1.0,0.0,1.0,1.0,0.0
1433,d6cd8e55b889c7739,True,,,,,,,,,,1.0,1.0,1.0,1.0,0.7832935129075688,1.0,0.0,1.0,1.0,0.8072792227836152
1434,c5fd0128d19316b03,True,,,,,,,,,,1.0,1.0,1.0,1.0,0.8132360492194345,1.0,0.0,1.0,0.0,0.6916362653810733
1435,c047340a6e1fc6422,True,,,,,,,,,,1.0,1.0,1.0,1.0,0.3477851673379724,1.0,1.0,1.0,1.0,0.7961828647931164
1436,04be4c5a8a9eee15b,True,,,,,,,,,,0.0,1.0,1.0,1.0,1.0,0.0,1.0,1.0,1.0,0.0
1437,f3d789e129d07af8b,True,,,,,,,,,,1.0,1.0,1.0,1.0,0.9850580639093834,1.0,1.0,1.0,1.0,0.9953306449716823
1438,dc92f82e6715ac493,True,,,,,,,,,,0.0,1.0,1.0,0.0,1.0,0.0,0.0,1.0,1.0,0.0
1439,d328dc60ffaca31bf,True,,,,,,,,,,1.0,1.0,1.0,1.0,0.6993611075292715,1.0,0.0,1.0,0.0,0.6560503461028974
1440,ca521b286f7fb606e,True,,,,,,,,,,0.0,1.0,1.0,1.0,1.0,0.0,1.0,1.0,1.0,0.0
1441,90ffd09937f409beb,True,,,,,,,,,,1.0,1.0,1.0,1.0,0.33993979955614495,1.0,0.0,1.0,1.0,0.6687311873612953
1442,219cbcce551252eb2,True,,,,,,,,,,1.0,0.0,1.0,1.0,0.778050548689366,0.0,1.0,1.0,1.0,0.0
1443,50dcee9926ded132e,True,,,,,,,,,,1.0,1.0,1.0,1.0,0.8041193963869853,1.0,0.0,1.0,1.0,0.8137873113709329
1444,102bb69d5a0263f53,True,,,,,,,,,,1.0,1.0,1.0,1.0,0.5899661719613172,0.0,0.0,1.0,1.0,0.4343644287379116
1445,de1d1d3fbf4860a8c,True,,,,,,,,,,0.0,1.0,0.0,1.0,1.0,0.0,0.0,1.0,1.0,0.0
1446,84e277e20e4dfaf5c,True,,,,,,,,,,1.0,1.0,1.0,1.0,0.7261235983286546,1.0,0.0,1.0,1.0,0.7894136244777046
1447,7af1b1dbb5689cb43,True,,,,,,,,,,1.0,1.0,1.0,1.0,0.3661391189196583,1.0,1.0,1.0,1.0,0.8019184746623932
1448,c40c7b11924becb1b,True,,,,,,,,,,0.0,1.0,1.0,1.0,1.0,0.0,1.0,1.0,1.0,0.0
1449,ce572306b1a6a0b96,True,,,,,,,,,,1.0,1.0,0.0,1.0,1.0,1.0,0.0,1.0,0.0,0.0
1450,60d8762d0c173197e,True,,,,,,,,,,1.0,1.0,1.0,1.0,0.6287406286203827,1.0,1.0,1.0,0.0,0.7589814464438696
1451,9f8244fb38a036545,True,,,,,,,,,,1.0,1.0,1.0,1.0,0.5872904137541263,1.0,1.0,1.0,1.0,0.8710282542981644
1452,f5ac498d3e649455a,True,,,,,,,,,,1.0,0.0,0.5,1.0,1.0,1.0,0.0,1.0,0.0,0.0
1453,bb539282bfa7303c7,True,,,,,,,,,,1.0,1.0,1.0,1.0,0.40208941118822594,1.0,0.0,1.0,0.0,0.5631529409963206
1454,0eea2180fbf7c0949,True,,,,,,,,,,1.0,1.0,1.0,1.0,0.08076384996836564,1.0,0.0,1.0,1.0,0.5877387031151142
1455,6689a93bda6a6470b,True,,,,,,,,,,1.0,1.0,1.0,1.0,0.9813830948732842,1.0,1.0,1.0,1.0,0.9941822171479013
1456,66f2ad1b5f1ca119d,True,,,,,,,,,,1.0,1.0,1.0,1.0,0.917022464489358,1.0,0.0,1.0,0.0,0.7240695201529244
1457,a1cb215dcdc186fb1,True,,,,,,,,,,1.0,0.0,1.0,1.0,0.7633193571204546,1.0,0.0,1.0,1.0,0.0
1458,8ecb5a2059e8ef8ac,True,,,,,,,,,,0.0,0.0,0.5,1.0,1.0,0.0,1.0,1.0,0.0,0.0
1459,e1bcade7bd67e9b78,True,,,,,,,,,,1.0,1.0,0.0,1.0,1.0,1.0,0.0,1.0,1.0,0.0
1460,c3eabd6982ee224c4,True,,,,,,,,,,1.0,1.0,1.0,1.0,0.5614481826012802,1.0,1.0,1.0,0.0,0.7379525570629001
1461,1e76d24e6c9b36a12,True,,,,,,,,,,1.0,1.0,1.0,1.0,0.9324206174387718,1.0,1.0,1.0,1.0,0.9788814429496162
1462,679e3c52a1d70d447,True,,,,,,,,,,1.0,1.0,1.0,1.0,0.7701709037007912,1.0,1.0,0.0,0.0,0.6781784074064973
1463,142f665559387e2c2,True,,,,,,,,,,1.0,1.0,1.0,1.0,0.0,1.0,0.0,1.0,0.0,0.4375
1464,8ae96b22321e730ee,True,,,,,,,,,,1.0,1.0,1.0,1.0,0.2983338810345934,1.0,0.0,1.0,1.0,0.6557293378233104
1465,71ff6e1295d5d408e,True,,,,,,,,,,1.0,1.0,0.0,1.0,1.0,0.0,0.0,1.0,0.0,0.0
1466,427e704f6c39ca2c4,True,,,,,,,,,,1.0,1.0,1.0,1.0,0.16345486103974594,1.0,1.0,1.0,1.0,0.7385796440749206
1467,c4c4fa45496336f70,True,,,,,,,,,,1.0,1.0,0.5,1.0,1.0,1.0,0.0,1.0,1.0,0.4375
1468,ee30df8e553e929cb,True,,,,,,,,,,1.0,0.0,0.5,1.0,1.0,1.0,1.0,1.0,0.0,0.0
1469,b4c09963d7ae450c8,True,,,,,,,,,,0.0,0.0,0.0,1.0,1.0,0.0,0.0,1.0,0.0,0.0
1470,69c96d373972cc736,True,,,,,,,,,,1.0,1.0,1.0,1.0,0.20573427354373738,1.0,1.0,1.0,1.0,0.7517919604824179
1471,c4724d2f7e5d62357,True,,,,,,,,,,0.0,1.0,1.0,1.0,1.0,0.0,1.0,1.0,0.0,0.0
1472,77dea5b8b12d56203,True,,,,,,,,,,1.0,1.0,1.0,1.0,0.7357528690121011,1.0,0.0,0.0,0.0,0.5424227715662816
1473,7206aa9198632886d,True,,,,,,,,,,1.0,1.0,1.0,1.0,0.24369873507082507,1.0,0.0,1.0,0.0,0.5136558547096328
1474,5ce376c0d0c1cc13f,True,,,,,,,,,,1.0,1.0,1.0,1.0,0.5399853974928057,1.0,0.0,1.0,0.0,0.6062454367165018
1475,c99bfe933875f63e0,True,,,,,,,,,,1.0,0.0,1.0,1.0,0.9457884770733064,1.0,1.0,1.0,0.0,0.0
1476,dfb0b00c1c3dcaa0a,True,,,,,,,,,,1.0,1.0,0.5,1.0,0.5443445825071692,1.0,0.0,1.0,0.0,0.3038038410167452
1477,cbe5f4984cb4e3fe1,True,,,,,,,,,,1.0,1.0,1.0,1.0,0.16635883386505124,1.0,1.0,1.0,0.0,0.6144871355828285
1478,3f4e1856faab2a6f3,True,,,,,,,,,,1.0,1.0,1.0,1.0,0.22242987556456895,1.0,0.0,1.0,1.0,0.6320093361139278
1479,d84d05e0468db43cc,True,,,,,,,,,,1.0,1.0,0.0,1.0,1.0,1.0,0.0,1.0,1.0,0.0
1480,da94e1252342dc8d8,True,,,,,,,,,,1.0,0.0,0.5,1.0,1.0,1.0,1.0,1.0,1.0,0.0
1481,f11206119e3dafe73,True,,,,,,,,,,1.0,1.0,1.0,1.0,0.6380362920566989,1.0,1.0,1.0,0.0,0.7618863412677184
1482,efc42904915428868,True,,,,,,,,,,0.0,1.0,1.0,1.0,1.0,0.0,0.0,1.0,0.0,0.0
1483,9f1e97dfb6a8d6a6e,True,,,,,,,,,,1.0,0.0,1.0,1.0,0.8846708252799433,1.0,1.0,1.0,0.0,0.0
1484,0c57f2adbbbdf0401,True,,,,,,,,,,0.0,1.0,1.0,1.0,1.0,0.0,0.0,1.0,0.0,0.0
1485,dab0fa452a04c5188,True,,,,,,,,,,0.0,1.0,1.0,1.0,1.0,0.0,1.0,1.0,1.0,0.0
1486,6a1ac7cf335eb8310,True,,,,,,,,,,0.5,0.0,0.0,1.0,1.0,0.0,1.0,1.0,0.0,0.0
1487,8d28f9f70a6b86ce7,True,,,,,,,,,,1.0,0.0,0.5,1.0,1.0,1.0,0.0,1.0,0.0,0.0
1488,b74af0790b5550372,True,,,,,,,,,,1.0,1.0,1.0,1.0,1.0,1.0,1.0,1.0,0.0,0.875
1489,64173df5c7bc60b13,True,,,,,,,,,,1.0,1.0,1.0,1.0,0.47035921741406717,1.0,1.0,1.0,1.0,0.8344872554418961
1490,d227ec1d4a92cd5fe,True,,,,,,,,,,1.0,0.0,1.0,1.0,0.422442829013951,1.0,1.0,1.0,1.0,0.0
1491,ef8b4c4b3e7ec1358,True,,,,,,,,,,1.0,1.0,1.0,1.0,0.763172849797699,1.0,1.0,1.0,0.0,0.8009915155617809
1492,1bddac86d58ce72a5,True,,,,,,,,,,1.0,1.0,1.0,1.0,0.7236469207910828,1.0,1.0,1.0,0.0,0.7886396627472134
1493,3e5e5f35dd00868f1,True,,,,,,,,,,1.0,1.0,1.0,1.0,1.0,0.0,1.0,1.0,1.0,0.6875
1494,6d342222e4d9d2b2a,True,,,,,,,,,,1.0,1.0,1.0,1.0,0.6563757019999061,1.0,1.0,1.0,1.0,0.8926174068749706
1495,4eec744ab28fc824f,True,,,,,,,,,,1.0,1.0,1.0,1.0,1.0,1.0,0.0,1.0,1.0,0.875
1496,506e98e6817013978,True,,,,,,,,,,1.0,1.0,1.0,1.0,0.7702740773530975,1.0,1.0,1.0,1.0,0.928210649172843
1497,b70d444b82722ea24,True,,,,,,,,,,1.0,0.0,0.0,1.0,1.0,1.0,0.0,1.0,1.0,0.0
1498,87555f32aa4e45c55,True,,,,,,,,,,1.0,1.0,1.0,1.0,0.7847855898899735,1.0,1.0,1.0,1.0,0.9327454968406167
1499,c13c2ca0a9374dc3c,True,,,,,,,,,,1.0,0.0,1.0,1.0,0.7678289018914927,1.0,0.0,1.0,0.0,0.0
1500,a2924cf3c11b98cb0,True,,,,,,,,,,1.0,1.0,1.0,1.0,0.7643091027546262,1.0,0.0,1.0,1.0,0.8013465946108207
1501,77db839a0d3b1d5fe,True,,,,,,,,,,1.0,1.0,1.0,1.0,0.7235409959167711,1.0,1.0,1.0,0.0,0.788606561223991
1502,3812881ab01c38f32,True,,,,,,,,,,0.0,1.0,1.0,1.0,1.0,0.0,1.0,1.0,1.0,0.0
1503,adab3d6fadc01f0e9,True,,,,,,,,,,1.0,1.0,1.0,1.0,1.0,1.0,1.0,1.0,0.0,0.875
1504,427601a379941fcbc,True,,,,,,,,,,1.0,1.0,1.0,1.0,0.6270377600414668,1.0,1.0,1.0,0.0,0.7584493000129584
1505,eeccf27f0b76f2d75,True,,,,,,,,,,1.0,1.0,1.0,1.0,0.8643221075318842,1.0,1.0,1.0,0.0,0.8326006586037138
1506,161ae204e36c7312b,True,,,,,,,,,,1.0,0.0,1.0,1.0,0.5606496213093576,1.0,0.0,1.0,1.0,0.0
1507,403463355af416781,True,,,,,,,,,,1.0,1.0,1.0,1.0,0.8961638434232875,1.0,0.0,1.0,0.0,0.7175512010697773
1508,80d431e91d34320c9,True,,,,,,,,,,1.0,1.0,1.0,1.0,0.7270063273788164,1.0,0.0,1.0,1.0,0.7896894773058801
1509,a299bacf7699bbf82,True,,,,,,,,,,1.0,1.0,1.0,1.0,0.6041153929135493,1.0,1.0,1.0,1.0,0.8762860602854842
1510,a9400ab68fb27ff72,True,,,,,,,,,,1.0,1.0,0.0,1.0,1.0,1.0,0.0,1.0,0.0,0.0
1511,4bd3930751899054f,True,,,,,,,,,,1.0,1.0,1.0,1.0,0.7316465992690713,1.0,0.0,1.0,1.0,0.7911395622715848
1512,816c667298ca2d859,True,,,,,,,,,,1.0,1.0,1.0,1.0,0.919064479877373,1.0,0.0,1.0,1.0,0.8497076499616791
1513,648b4aa95f01b805d,True,,,,,,,,,,1.0,1.0,1.0,1.0,0.7048467104832654,1.0,0.0,1.0,0.0,0.6577645970260204
1514,2886484dc5237f884,True,,,,,,,,,,1.0,1.0,1.0,1.0,0.6469282421039493,1.0,1.0,1.0,1.0,0.8896650756574842
1515,ee7793a6b27386136,True,,,,,,,,,,1.0,1.0,1.0,1.0,0.4681963463184635,1.0,1.0,1.0,1.0,0.8338113582245199
1516,c0c4cd4a0562039fc,True,,,,,,,,,,1.0,0.0,1.0,1.0,1.0,1.0,0.0,1.0,0.0,0.0
1517,217065a6aefbd8186,True,,,,,,,,,,1.0,1.0,1.0,1.0,0.544568591317209,1.0,0.0,1.0,0.0,0.6076776847866279
1518,9862cd6616f18a7ed,True,,,,,,,,,,1.0,1.0,1.0,1.0,0.652038191417925,1.0,1.0,1.0,1.0,0.8912619348181016
1519,3894c9c5592b7db82,True,,,,,,,,,,0.0,1.0,1.0,1.0,1.0,0.0,0.0,1.0,0.0,0.0
1520,028df71b1e849619c,True,,,,,,,,,,0.0,1.0,1.0,1.0,1.0,0.0,1.0,0.0,0.0,0.0
1521,9e892c78dc283445e,True,,,,,,,,,,1.0,1.0,1.0,1.0,0.9769924093780202,1.0,1.0,1.0,1.0,0.9928101279306314
1522,1cee104dd05ce3a78,True,,,,,,,,,,1.0,0.0,1.0,1.0,1.0,1.0,1.0,1.0,0.0,0.0
1523,1f06c169ad7123eab,True,,,,,,,,,,0.0,1.0,1.0,1.0,1.0,0.0,0.0,1.0,1.0,0.0
1524,4b48232c28699eff0,True,,,,,,,,,,1.0,1.0,1.0,1.0,0.8544554528993782,1.0,1.0,1.0,1.0,0.9545173290310557
1525,759a8a1916ceaf38d,True,,,,,,,,,,1.0,1.0,1.0,1.0,0.6181384496305263,1.0,1.0,1.0,1.0,0.8806682655095395
1526,7a12897acffda91d2,True,,,,,,,,,,1.0,1.0,1.0,1.0,0.6018856375585612,1.0,0.0,1.0,0.0,0.6255892617370504
1527,92f6dfd3e7865475c,True,,,,,,,,,,1.0,1.0,1.0,1.0,0.9056851209546182,1.0,1.0,1.0,1.0,0.9705266002983182
1528,9e017dbb384c3b2b8,True,,,,,,,,,,1.0,1.0,1.0,1.0,1.0,1.0,1.0,1.0,1.0,1.0
1529,9606e967ad3c59ad3,True,,,,,,,,,,1.0,1.0,1.0,1.0,1.0,1.0,1.0,1.0,0.0,0.875
1530,3e951c01a5baffd96,True,,,,,,,,,,1.0,1.0,1.0,1.0,1.0,1.0,0.0,1.0,1.0,0.875
1531,df257ceb4f8312a9b,True,,,,,,,,,,0.0,1.0,0.5,1.0,1.0,0.0,0.0,1.0,1.0,0.0
1532,a4e79fc70ac65c883,True,,,,,,,,,,1.0,1.0,1.0,1.0,0.56021882109748,1.0,0.0,1.0,1.0,0.7375683815929626
1533,44f34ef68cafc4814,True,,,,,,,,,,1.0,0.0,1.0,1.0,0.6447548914626051,1.0,1.0,1.0,1.0,0.0
1534,9330871bc582e7f96,True,,,,,,,,,,1.0,1.0,1.0,1.0,0.744536082179918,1.0,0.0,1.0,1.0,0.7951675256812244
1535,01b75264953369ae4,True,,,,,,,,,,1.0,1.0,0.0,1.0,1.0,1.0,0.0,1.0,1.0,0.0
1536,8c3b732ea1b87e65b,True,,,,,,,,,,1.0,1.0,1.0,1.0,0.49077434931528396,1.0,1.0,1.0,1.0,0.8408669841610262
1537,5a562731374a3054b,True,,,,,,,,,,1.0,1.0,1.0,1.0,0.43889404376217694,1.0,1.0,1.0,1.0,0.8246543886756803
1538,7026d28794e20a290,True,,,,,,,,,,1.0,1.0,0.0,1.0,1.0,1.0,0.0,1.0,0.0,0.0
1539,9abae68cd6e25c030,True,,,,,,,,,,1.0,1.0,1.0,1.0,0.7617256356155724,1.0,1.0,1.0,1.0,0.9255392611298664
1540,3d03bade5b2a834b7,True,,,,,,,,,,1.0,1.0,1.0,1.0,0.7215475829069083,1.0,0.0,1.0,1.0,0.7879836196584089
1541,1cffc233df9758d3d,True,,,,,,,,,,1.0,0.0,0.0,1.0,1.0,1.0,0.0,1.0,0.0,0.0
1542,f643477a1fb277583,True,,,,,,,,,,1.0,1.0,1.0,1.0,0.8789850679099012,1.0,1.0,1.0,1.0,0.9621828337218441
1543,c23afa5ae384dc837,True,,,,,,,,,,0.0,1.0,1.0,1.0,1.0,0.0,1.0,1.0,0.0,0.0
1544,df1a0f92cba6a82a6,True,,,,,,,,,,1.0,1.0,1.0,1.0,0.6993482423034184,1.0,1.0,1.0,0.0,0.7810463257198182
1545,88fb73c3952c8f9ea,True,,,,,,,,,,0.0,1.0,1.0,1.0,1.0,0.0,0.0,1.0,1.0,0.0
1546,30ae4fd49fda24627,True,,,,,,,,,,1.0,1.0,1.0,1.0,0.915351118521895,1.0,0.0,1.0,0.0,0.7235472245380922
1547,6ed7113fd3721f57b,True,,,,,,,,,,1.0,1.0,0.0,1.0,1.0,1.0,0.0,1.0,1.0,0.0
1548,9aaa6dbe1c4b11d07,True,,,,,,,,,,1.0,1.0,1.0,1.0,0.6162913169397177,1.0,1.0,1.0,0.0,0.7550910365436618
1549,bb64b91f09ac1d235,True,,,,,,,,,,1.0,1.0,1.0,1.0,0.6514822426275503,1.0,1.0,1.0,0.0,0.7660882008211094
1550,38e9599c6c91e204f,True,,,,,,,,,,1.0,1.0,0.5,1.0,1.0,1.0,0.0,1.0,1.0,0.4375
1551,624d6c465e568f7a9,True,,,,,,,,,,1.0,0.0,0.0,1.0,1.0,1.0,0.0,1.0,1.0,0.0
1552,944867d5050b336ad,True,,,,,,,,,,1.0,0.0,0.0,1.0,1.0,1.0,0.0,1.0,1.0,0.0
1553,ef43f59a6f819d9a6,True,,,,,,,,,,1.0,0.0,1.0,1.0,0.6335913360597256,1.0,1.0,1.0,1.0,0.0
1554,8a790ebf1c22b11d5,True,,,,,,,,,,0.0,1.0,1.0,1.0,1.0,0.0,0.0,1.0,1.0,0.0
1555,d48e40aefebe5e31f,True,,,,,,,,,,1.0,0.0,0.5,1.0,0.9262965048472326,1.0,1.0,1.0,0.0,0.0
1556,da19f3b30489b58f8,True,,,,,,,,,,0.0,1.0,1.0,1.0,1.0,0.0,1.0,1.0,0.0,0.0
1557,fbe98e6e1454f315c,True,,,,,,,,,,1.0,1.0,1.0,1.0,0.8273411526323668,1.0,1.0,1.0,0.0,0.8210441101976147
1558,2e5eb89b3ec98ed08,True,,,,,,,,,,0.5,0.0,1.0,1.0,1.0,0.0,1.0,1.0,0.0,0.0
1559,bc20b8c58a5cffb8d,True,,,,,,,,,,1.0,0.0,0.5,1.0,1.0,1.0,0.0,1.0,0.0,0.0
1560,6c0f20461b27e36fb,True,,,,,,,,,,1.0,1.0,0.0,1.0,0.7889385708857657,1.0,0.0,1.0,0.0,0.0
1561,a1144bd1f4f830e91,True,,,,,,,,,,1.0,1.0,1.0,1.0,0.34595537565389417,1.0,1.0,1.0,1.0,0.7956110548918419
1562,1f18c770d2cfe8d3c,True,,,,,,,,,,0.0,1.0,0.5,1.0,1.0,0.0,0.0,1.0,1.0,0.0
1563,e6aacc10619a6082c,True,,,,,,,,,,1.0,1.0,1.0,1.0,0.7186261529719516,1.0,1.0,1.0,0.0,0.7870706728037349
1564,62631b017ceec5a18,True,,,,,,,,,,1.0,1.0,1.0,1.0,1.0,1.0,0.0,1.0,1.0,0.875
1565,6b5b128424d5357b0,True,,,,,,,,,,1.0,1.0,1.0,1.0,1.0,1.0,0.0,1.0,0.0,0.75
1566,2796e0e0b71483121,True,,,,,,,,,,0.0,1.0,1.0,1.0,1.0,0.0,1.0,1.0,1.0,0.0
1567,cea842f2d5b0ad72d,True,,,,,,,,,,1.0,1.0,1.0,1.0,1.0,1.0,1.0,1.0,0.0,0.875
1568,abb1e9c0cfeb7bb29,True,,,,,,,,,,1.0,1.0,1.0,1.0,1.0,1.0,0.0,1.0,1.0,0.875
1569,dc335a90fc3e97ef3,True,,,,,,,,,,1.0,1.0,1.0,1.0,0.9779728686138572,1.0,0.0,1.0,1.0,0.8681165214418304
1570,562d93c298e442013,True,,,,,,,,,,1.0,1.0,1.0,1.0,0.8381909390030139,1.0,1.0,1.0,1.0,0.9494346684384418
1571,32f66fdb48e988c92,True,,,,,,,,,,0.0,1.0,1.0,1.0,1.0,0.0,0.0,1.0,0.0,0.0
1572,2dac755118d4733e7,True,,,,,,,,,,1.0,1.0,1.0,1.0,0.7345385596340362,1.0,0.0,1.0,1.0,0.7920432998856364
1573,8e653e8d9b170a7dd,True,,,,,,,,,,1.0,1.0,1.0,1.0,0.9761195944518766,1.0,1.0,1.0,1.0,0.9925373732662115
1574,087f308c89d8be0ec,True,,,,,,,,,,1.0,0.0,0.5,1.0,0.6479724634306122,1.0,1.0,1.0,0.0,0.0
1575,5c8283705c1e44a16,True,,,,,,,,,,0.0,1.0,0.0,1.0,1.0,0.0,0.0,1.0,0.0,0.0
1576,0e733cf0e386ffd7e,True,,,,,,,,,,1.0,0.0,1.0,1.0,1.0,1.0,0.0,1.0,0.0,0.0
1577,81a1a5d071b2c2a11,True,,,,,,,,,,1.0,0.0,1.0,1.0,1.0,1.0,0.0,1.0,0.0,0.0
1578,57b65fccc387a8607,True,,,,,,,,,,1.0,0.0,1.0,1.0,0.5004640744988538,1.0,1.0,1.0,1.0,0.0
1579,bb5645d7e55a4f54b,True,,,,,,,,,,0.0,1.0,1.0,1.0,1.0,0.0,0.0,1.0,1.0,0.0
1580,a0663290a63074719,True,,,,,,,,,,1.0,1.0,1.0,1.0,0.7606458588283203,1.0,1.0,1.0,0.0,0.8002018308838501
1581,80b2e317f6ca277c9,True,,,,,,,,,,1.0,1.0,1.0,1.0,0.3999977270947041,1.0,0.0,1.0,0.0,0.5624992897170951
1582,8413ea29ea72fdfde,True,,,,,,,,,,1.0,1.0,1.0,1.0,0.5353586692640315,1.0,1.0,1.0,1.0,0.8547995841450098
1583,6d342e630c70431ff,True,,,,,,,,,,1.0,0.0,1.0,1.0,0.6975218360117976,1.0,0.0,1.0,0.0,0.0
1584,2dbe11fffefbf239c,True,,,,,,,,,,1.0,1.0,1.0,1.0,0.9136935251354206,1.0,1.0,1.0,0.0,0.8480292266048189
1585,e84670bb458b61a5c,True,,,,,,,,,,1.0,1.0,1.0,1.0,0.972331317788711,1.0,1.0,1.0,0.0,0.8663535368089722
1586,255c5f4408394746c,True,,,,,,,,,,1.0,1.0,1.0,1.0,1.0,1.0,0.0,1.0,1.0,0.875
1587,2df66cb5d7a252afe,True,,,,,,,,,,0.0,1.0,1.0,1.0,1.0,0.0,1.0,1.0,0.0,0.0
1588,036d27d8003dd2f2e,True,,,,,,,,,,0.5,1.0,1.0,1.0,1.0,0.0,1.0,0.0,0.0,0.21875
1589,7447fa48c5294d130,True,,,,,,,,,,1.0,0.0,1.0,1.0,1.0,1.0,0.0,1.0,1.0,0.0
1590,aefb28d15c78ef21c,True,,,,,,,,,,0.0,1.0,1.0,1.0,1.0,0.0,1.0,0.0,0.0,0.0
1591,716f58dd76f073c78,True,,,,,,,,,,1.0,1.0,1.0,1.0,0.8748448747238337,1.0,0.0,1.0,1.0,0.835889023351198
1592,0eb1a54023685f27e,True,,,,,,,,,,1.0,1.0,1.0,1.0,1.0,1.0,0.0,1.0,0.0,0.75
1593,34c5a38a6aee37c97,True,,,,,,,,,,1.0,0.0,1.0,1.0,0.5100900813532565,1.0,1.0,1.0,0.0,0.0
1594,3de0117d8b0d82352,True,,,,,,,,,,1.0,1.0,1.0,1.0,0.9468113662935774,1.0,0.0,1.0,0.0,0.733378551966743
1595,38c8739d0ae9e3f71,True,,,,,,,,,,1.0,0.0,1.0,1.0,0.7590037608983329,1.0,1.0,1.0,1.0,0.0
1596,37e08a9d04d846913,True,,,,,,,,,,1.0,0.0,1.0,1.0,1.0,1.0,0.0,1.0,0.0,0.0
1597,01b44b930266052c5,True,,,,,,,,,,1.0,1.0,1.0,1.0,0.8615967452208152,1.0,0.0,1.0,1.0,0.8317489828815048
1598,18dbdfb5b9fe301f4,True,,,,,,,,,,0.0,1.0,1.0,1.0,1.0,0.0,1.0,1.0,1.0,0.0
1599,67c494ff455f7fac3,True,,,,,,,,,,1.0,1.0,1.0,1.0,0.9383536432717381,1.0,1.0,1.0,0.0,0.8557355135224182
1600,5f9c9346ee3131354,True,,,,,,,,,,0.0,1.0,1.0,1.0,1.0,0.0,0.0,1.0,0.0,0.0
1601,4413f87001fcbb7eb,True,,,,,,,,,,1.0,1.0,1.0,1.0,1.0,1.0,1.0,1.0,1.0,1.0
1602,a5323cbe675ea589c,True,,,,,,,,,,1.0,0.0,1.0,1.0,0.6204571216065281,1.0,0.0,1.0,1.0,0.0
1603,6492cabed87012413,True,,,,,,,,,,1.0,1.0,1.0,1.0,0.4316492956566284,1.0,0.0,1.0,0.0,0.5723904048926964
1604,014c92e4c2718adf8,True,,,,,,,,,,1.0,1.0,1.0,1.0,0.8675539463365961,1.0,1.0,1.0,0.0,0.8336106082301863
1605,3349d086f3bc06728,True,,,,,,,,,,1.0,1.0,1.0,1.0,0.8513697808648895,1.0,0.0,1.0,1.0,0.8285530565202779
1606,16149296d3a6ee433,True,,,,,,,,,,1.0,1.0,1.0,1.0,1.0,1.0,1.0,1.0,0.0,0.875
1607,14159a93c87271ed1,True,,,,,,,,,,0.0,1.0,1.0,1.0,1.0,0.0,0.0,1.0,0.0,0.0
1608,e8b8ef9bb7f4bdccb,True,,,,,,,,,,1.0,1.0,1.0,1.0,0.1965660558536577,1.0,0.0,1.0,1.0,0.623926892454268
1609,96a372a94c983cb06,True,,,,,,,,,,0.0,0.0,1.0,1.0,0.8629214068270689,0.0,1.0,1.0,1.0,0.0
1610,15f652f1382299b99,True,,,,,,,,,,1.0,1.0,0.0,1.0,1.0,1.0,0.0,1.0,0.0,0.0
1611,c0d579f499c38fe45,True,,,,,,,,,,1.0,1.0,1.0,1.0,0.8453117943884904,1.0,0.0,1.0,1.0,0.8266599357464033
1612,39a33f6262e8b8c0c,True,,,,,,,,,,1.0,1.0,1.0,1.0,0.294131200671332,1.0,1.0,1.0,0.0,0.6544160002097913
1613,a1fc0c3eb1ef15aba,True,,,,,,,,,,0.0,1.0,0.0,1.0,1.0,0.0,0.0,1.0,0.0,0.0
1614,49bf9b39d6fc7eeb6,True,,,,,,,,,,1.0,1.0,1.0,1.0,0.7274976337352119,1.0,1.0,1.0,0.0,0.7898430105422537
1615,b7560bcae0414e720,True,,,,,,,,,,1.0,1.0,1.0,1.0,1.0,1.0,1.0,1.0,1.0,1.0
1616,5567f0e0a3373dbcb,True,,,,,,,,,,1.0,1.0,1.0,1.0,0.9232479394640871,1.0,0.0,1.0,1.0,0.8510149810825272
1617,29e70aa1afb308764,True,,,,,,,,,,0.0,1.0,1.0,1.0,1.0,0.0,1.0,1.0,1.0,0.0
1618,af1a4d903d6c645ce,True,,,,,,,,,,1.0,1.0,1.0,0.0,1.0,1.0,0.0,1.0,0.0,0.0
1619,d7437e062d9eed183,True,,,,,,,,,,1.0,1.0,1.0,1.0,0.6262973433879387,1.0,0.0,1.0,0.0,0.6332179198087309
1620,e87ee58e2c6134551,True,,,,,,,,,,1.0,1.0,1.0,1.0,0.22132080291725748,1.0,0.0,1.0,1.0,0.631662750911643
1621,0d51246322745f1a6,True,,,,,,,,,,1.0,1.0,1.0,1.0,0.7725267151799183,1.0,0.0,1.0,0.0,0.6789145984937245
1622,bab53404d010ca7f6,True,,,,,,,,,,1.0,1.0,1.0,1.0,0.8271755914343721,1.0,1.0,1.0,1.0,0.9459923723232413
1623,1b7240da7a5598b38,True,,,,,,,,,,0.0,1.0,1.0,1.0,1.0,0.0,0.0,1.0,0.0,0.0
1624,76ce40d34831b1542,True,,,,,,,,,,1.0,0.0,0.0,1.0,1.0,1.0,0.0,1.0,0.0,0.0
1625,bfee1080de1fa0853,True,,,,,,,,,,0.0,1.0,1.0,1.0,1.0,0.0,0.0,1.0,1.0,0.0
1626,2b500351ad1eb0fc8,True,,,,,,,,,,1.0,1.0,1.0,1.0,0.7581597822424128,1.0,1.0,1.0,1.0,0.924424931950754
1627,68d8bd51d02182ea6,True,,,,,,,,,,1.0,1.0,0.0,1.0,1.0,1.0,0.0,1.0,0.0,0.0
1628,bc9c6d13fa066c8ed,True,,,,,,,,,,1.0,1.0,1.0,1.0,0.909459242344771,1.0,0.0,1.0,1.0,0.846706013232741
1629,df67b662b2c444fa9,True,,,,,,,,,,1.0,1.0,1.0,1.0,0.2246033247137212,1.0,1.0,1.0,1.0,0.7576885389730379
1630,f35bd9cd53bff0ecd,True,,,,,,,,,,0.0,1.0,1.0,1.0,1.0,0.0,1.0,1.0,1.0,0.0
1631,04d4c78cf88a3c506,True,,,,,,,,,,1.0,0.0,1.0,1.0,0.19734767258733213,1.0,1.0,1.0,0.0,0.0
1632,31368b2b5cafa42dc,True,,,,,,,,,,1.0,1.0,1.0,1.0,0.7932025267357474,1.0,1.0,1.0,1.0,0.9353757896049211
1633,c07fcc57d1a2e1388,True,,,,,,,,,,1.0,0.0,1.0,1.0,0.666466704337994,1.0,1.0,1.0,1.0,0.0
1634,73e128068f712ead2,True,,,,,,,,,,0.0,0.0,1.0,1.0,1.0,0.0,0.0,1.0,1.0,0.0
1635,97f0dfb7f9039bcb2,True,,,,,,,,,,0.0,1.0,1.0,1.0,1.0,0.0,0.0,0.0,0.0,0.0
1636,b5ee33c961aed53c5,True,,,,,,,,,,1.0,1.0,0.0,1.0,0.8529015502431531,1.0,0.0,1.0,1.0,0.0
1637,93f8dde94dbff4d7d,True,,,,,,,,,,1.0,1.0,1.0,1.0,0.39815597875316217,1.0,1.0,1.0,0.0,0.6869237433603632
1638,735cc37028693d641,True,,,,,,,,,,1.0,1.0,1.0,1.0,0.9170522298600892,1.0,0.0,1.0,0.0,0.7240788218312779
1639,710fa6e57a23bba80,True,,,,,,,,,,1.0,1.0,1.0,1.0,0.3391355716637722,1.0,0.0,1.0,1.0,0.6684798661449288
1640,f07be583867d7e867,True,,,,,,,,,,0.0,0.0,0.0,1.0,1.0,0.0,0.0,1.0,0.0,0.0
1641,ee232d7fae40f5bcc,True,,,,,,,,,,1.0,0.0,1.0,1.0,1.0,1.0,1.0,1.0,1.0,0.0
1642,db8e9c0ed37d0df11,True,,,,,,,,,,0.0,1.0,0.5,1.0,1.0,0.0,0.0,1.0,1.0,0.0
1643,5fe5ada2e768e26b3,True,,,,,,,,,,0.0,1.0,1.0,1.0,1.0,0.0,0.0,1.0,0.0,0.0
1644,4358e02f26d710fd9,True,,,,,,,,,,1.0,1.0,1.0,1.0,0.370407539334324,1.0,1.0,1.0,1.0,0.8032523560419762
1645,175bc910c16425e5c,True,,,,,,,,,,1.0,1.0,1.0,1.0,0.7612348673790738,1.0,1.0,1.0,0.0,0.8003858960559606
1646,7d348078ef5cd9345,True,,,,,,,,,,1.0,1.0,1.0,1.0,0.819853796720986,1.0,1.0,1.0,1.0,0.9437043114753081
1647,3504f8f8ec86e462f,True,,,,,,,,,,1.0,1.0,1.0,1.0,0.2136394036754641,1.0,0.0,1.0,0.0,0.5042623136485825
1648,99f90a71ce3411a4f,True,,,,,,,,,,0.0,1.0,1.0,1.0,1.0,0.0,0.0,1.0,1.0,0.0
1649,c00dec2389baa0134,True,,,,,,,,,,1.0,1.0,1.0,1.0,0.3250979371328961,1.0,0.0,1.0,1.0,0.66409310535403
1650,541803e1775a85786,True,,,,,,,,,,1.0,1.0,1.0,1.0,0.7543915936888862,1.0,1.0,1.0,1.0,0.9232473730277769
1651,e1a0c043fd6b131e0,True,,,,,,,,,,1.0,1.0,1.0,1.0,0.5419183077465172,1.0,1.0,1.0,1.0,0.8568494711707866
1652,a17ae323ec016c413,True,,,,,,,,,,1.0,1.0,1.0,1.0,0.7602122038117489,1.0,0.0,1.0,1.0,0.8000663136911715
1653,2301f91f3f804faa5,True,,,,,,,,,,1.0,0.0,1.0,1.0,0.7259636427229982,1.0,1.0,1.0,1.0,0.0
1654,5f775bac151622950,True,,,,,,,,,,1.0,1.0,1.0,1.0,0.8712262701913921,1.0,1.0,1.0,1.0,0.95975820943481
1655,de6c242bf7dbf68eb,True,,,,,,,,,,1.0,1.0,1.0,1.0,0.14193601796320202,1.0,0.0,1.0,1.0,0.6068550056135007
1656,467d53c4d720db393,True,,,,,,,,,,0.0,0.0,1.0,1.0,1.0,0.0,1.0,1.0,0.0,0.0
1657,dbf2ff6fc16bf1dbf,True,,,,,,,,,,1.0,1.0,1.0,1.0,0.7310293891529984,1.0,0.0,1.0,1.0,0.790946684110312
1658,81cd2035c0d6c6dbb,True,,,,,,,,,,1.0,1.0,0.5,1.0,1.0,1.0,0.0,1.0,0.0,0.375
1659,40f8e0ab453bddbb1,True,,,,,,,,,,1.0,1.0,1.0,1.0,0.27637262663540263,1.0,0.0,1.0,1.0,0.6488664458235633
1660,62efc5db12ae35bc5,True,,,,,,,,,,1.0,1.0,1.0,1.0,0.8587206090648396,1.0,1.0,1.0,0.0,0.8308501903327623
1661,1dc0015e76a4342d9,True,,,,,,,,,,1.0,0.0,1.0,1.0,1.0,1.0,0.0,1.0,0.0,0.0
1662,fd0fe3e97024a208f,True,,,,,,,,,,0.0,1.0,1.0,1.0,1.0,0.0,0.0,1.0,1.0,0.0
1663,19c10d5d061305dbd,True,,,,,,,,,,1.0,1.0,0.5,1.0,0.579052149499052,1.0,0.0,1.0,0.0,0.3092268983592269
1664,82dd82d413d8fdf95,True,,,,,,,,,,1.0,1.0,1.0,1.0,0.0,1.0,1.0,1.0,1.0,0.6875
1665,14a818e9a0e3772dd,True,,,,,,,,,,1.0,1.0,0.0,1.0,0.9805252672195167,1.0,0.0,1.0,1.0,0.0
1666,6d4656583dbcb0d29,True,,,,,,,,,,1.0,1.0,1.0,1.0,0.34200521624257674,1.0,0.0,1.0,1.0,0.6693766300758053
1667,f38cc020e1b05accc,True,,,,,,,,,,1.0,1.0,1.0,1.0,0.6081900191945486,1.0,1.0,1.0,1.0,0.8775593809982964
1668,3b521ee82bdceb608,True,,,,,,,,,,0.0,1.0,1.0,1.0,1.0,0.0,1.0,1.0,0.0,0.0
1669,5d499c9197211c7e4,True,,,,,,,,,,0.0,1.0,1.0,1.0,1.0,0.0,0.0,1.0,1.0,0.0
1670,78ff4a8811ea50019,True,,,,,,,,,,0.0,1.0,1.0,1.0,1.0,0.0,1.0,1.0,1.0,0.0
1671,7f77d13ba2f205d87,True,,,,,,,,,,1.0,1.0,1.0,1.0,0.5077161068090779,1.0,1.0,1.0,1.0,0.8461612833778368
1672,dcb2510de7a9a4dfc,True,,,,,,,,,,1.0,0.0,1.0,1.0,0.39827481263113274,1.0,1.0,1.0,1.0,0.0
1673,09b94e3a221caebb6,True,,,,,,,,,,1.0,1.0,0.5,1.0,1.0,1.0,0.0,1.0,1.0,0.4375
1674,5b77cb58dfa1f5823,True,,,,,,,,,,1.0,1.0,0.0,1.0,1.0,1.0,0.0,1.0,1.0,0.0
1675,c99ebd2dc27c56b12,True,,,,,,,,,,1.0,0.0,1.0,1.0,1.0,1.0,0.0,1.0,0.0,0.0
1676,58f8bb6cc7ee41227,True,,,,,,,,,,1.0,0.0,1.0,1.0,0.9130203421094727,1.0,0.0,1.0,0.0,0.0
1677,50119f57063995e29,True,,,,,,,,,,0.0,1.0,1.0,1.0,1.0,0.0,1.0,1.0,1.0,0.0
1678,fe70456ec5ebc1918,True,,,,,,,,,,1.0,1.0,1.0,1.0,0.5124223932195172,1.0,1.0,1.0,0.0,0.7226319978810991
1679,ff95aff7630205c1a,True,,,,,,,,,,1.0,1.0,1.0,1.0,1.0,1.0,0.0,1.0,0.0,0.75
1680,72df155b106ed7e16,True,,,,,,,,,,1.0,0.0,1.0,1.0,0.3264297821167797,1.0,1.0,1.0,1.0,0.0
1681,d4c12619399c7d2e4,True,,,,,,,,,,1.0,1.0,1.0,1.0,0.8330444050653746,1.0,0.0,1.0,1.0,0.8228263765829296
1682,a14671fac296719c0,True,,,,,,,,,,1.0,1.0,1.0,1.0,1.0,1.0,0.0,1.0,1.0,0.875
1683,081da8854328d5c79,True,,,,,,,,,,1.0,1.0,1.0,1.0,0.678263002401981,1.0,0.0,1.0,1.0,0.774457188250619
1684,0f32999a6e12e6b4f,True,,,,,,,,,,0.0,1.0,1.0,1.0,1.0,0.0,0.0,1.0,0.0,0.0
1685,bebc043b24bdb6ddf,True,,,,,,,,,,1.0,1.0,1.0,1.0,0.5472359386523982,1.0,1.0,1.0,1.0,0.8585112308288745
1686,b20b0b76f7991c89b,True,,,,,,,,,,1.0,0.0,1.0,1.0,1.0,1.0,0.0,1.0,1.0,0.0
1687,981dae0f5f7fb62f4,True,,,,,,,,,,1.0,1.0,0.0,1.0,1.0,1.0,0.0,1.0,1.0,0.0
1688,8e870ed69a2cd9267,True,,,,,,,,,,1.0,1.0,1.0,1.0,0.4523281505961724,1.0,1.0,1.0,1.0,0.8288525470613038
1689,dc0cffde6935fbd2b,True,,,,,,,,,,1.0,1.0,1.0,1.0,0.5516606728003844,1.0,1.0,1.0,0.0,0.7348939602501201
1690,0e21f086c18f3949c,True,,,,,,,,,,1.0,1.0,1.0,1.0,0.9085807469332325,1.0,1.0,1.0,1.0,0.9714314834166351
1691,85f43c57442169f13,True,,,,,,,,,,1.0,1.0,0.0,1.0,1.0,1.0,0.0,1.0,1.0,0.0
1692,036aaebb3ee3a09af,True,,,,,,,,,,0.0,1.0,1.0,1.0,1.0,0.0,0.0,1.0,0.0,0.0
1693,f7d4775bfad9dcab8,True,,,,,,,,,,1.0,1.0,1.0,1.0,1.0,1.0,0.0,1.0,1.0,0.875
1694,f6cb349b9078fd7c4,True,,,,,,,,,,1.0,1.0,1.0,1.0,0.7054269892587366,1.0,0.0,1.0,0.0,0.6579459341433551
1695,27e6f42dd9776a1d4,True,,,,,,,,,,1.0,1.0,1.0,1.0,0.7795841005540537,1.0,0.0,1.0,1.0,0.8061200314231418
1696,8aea1806b6e406159,True,,,,,,,,,,1.0,1.0,1.0,1.0,0.6713449101616317,1.0,1.0,1.0,1.0,0.8972952844255099
1697,8f84117d4bb5c6f9b,True,,,,,,,,,,1.0,1.0,1.0,1.0,0.9310146723551348,1.0,1.0,1.0,1.0,0.9784420851109796
1698,fd482580f69491ce5,True,,,,,,,,,,0.0,1.0,1.0,1.0,1.0,0.0,1.0,1.0,0.0,0.0
1699,cff8174da68b6ed57,True,,,,,,,,,,1.0,1.0,1.0,1.0,0.8216476885478294,1.0,0.0,1.0,0.0,0.6942649026711967
1700,530edf0e35aa025b6,True,,,,,,,,,,0.5,1.0,1.0,1.0,1.0,0.0,1.0,1.0,1.0,0.34375
1701,1ba581b05f68a9417,True,,,,,,,,,,0.0,0.0,1.0,1.0,1.0,0.0,1.0,1.0,0.0,0.0
1702,e18bfb53190f46707,True,,,,,,,,,,1.0,1.0,1.0,1.0,1.0,1.0,1.0,1.0,1.0,1.0
1703,9acdea8bbc8a06caa,True,,,,,,,,,,1.0,1.0,1.0,1.0,0.6550990113745863,1.0,1.0,1.0,0.0,0.7672184410545582
1704,9eba308c132370234,True,,,,,,,,,,1.0,1.0,1.0,1.0,0.8755176402806163,1.0,0.0,1.0,0.0,0.7110992625876926
1705,d16bc6d48c2d674bc,True,,,,,,,,,,1.0,1.0,0.5,1.0,1.0,1.0,0.0,1.0,1.0,0.4375
1706,9d4da1a5a93059ae2,True,,,,,,,,,,0.0,1.0,1.0,1.0,0.8824422406730876,0.0,1.0,1.0,1.0,0.0
1707,d337b79f01dc75805,True,,,,,,,,,,1.0,1.0,1.0,1.0,0.5804393447452452,1.0,0.0,1.0,0.0,0.6188872952328891
1708,860bdda18ca280ead,True,,,,,,,,,,1.0,0.0,1.0,1.0,1.0,1.0,0.0,1.0,0.0,0.0
1709,ea6b0110876910b22,True,,,,,,,,,,1.0,1.0,1.0,1.0,0.7104059053079123,1.0,1.0,1.0,1.0,0.9095018454087226
1710,925c86df127c5e5b6,True,,,,,,,,,,1.0,1.0,1.0,1.0,1.0,1.0,1.0,1.0,1.0,1.0
1711,be44491ed8588df81,True,,,,,,,,,,1.0,1.0,1.0,1.0,1.0,1.0,1.0,1.0,1.0,1.0
1712,5864544991537f112,True,,,,,,,,,,0.0,0.0,1.0,1.0,1.0,0.0,0.0,1.0,1.0,0.0
1713,7e909c56c1daea780,True,,,,,,,,,,1.0,1.0,1.0,1.0,0.7112796895955016,1.0,1.0,1.0,1.0,0.9097749029985942
1714,83eedcad4df5c24c6,True,,,,,,,,,,1.0,1.0,0.0,1.0,1.0,1.0,0.0,1.0,0.0,0.0
1715,f1e68724beef04f5c,True,,,,,,,,,,1.0,1.0,1.0,1.0,0.7708313530941195,1.0,0.0,1.0,0.0,0.6783847978419124
1716,095200d2374c09356,True,,,,,,,,,,1.0,1.0,0.5,1.0,1.0,1.0,0.0,1.0,1.0,0.4375
1717,ca2b49197179c41ac,True,,,,,,,,,,1.0,0.0,1.0,1.0,1.0,1.0,1.0,1.0,0.0,0.0
1718,168a27b36c1bcf538,True,,,,,,,,,,1.0,0.0,0.5,1.0,1.0,1.0,0.0,1.0,0.0,0.0
1719,28b439620873c91b9,True,,,,,,,,,,1.0,1.0,1.0,1.0,0.6184042676799838,1.0,1.0,1.0,0.0,0.7557513336499949
1720,07f73e596a2b2e3ec,True,,,,,,,,,,1.0,1.0,1.0,1.0,0.898416867222965,1.0,0.0,1.0,1.0,0.8432552710071766
1721,eedb6f9d589e745c8,True,,,,,,,,,,0.0,0.0,1.0,1.0,1.0,0.0,1.0,1.0,1.0,0.0
1722,8f3be1fe834c8e1e6,True,,,,,,,,,,0.0,1.0,1.0,1.0,1.0,0.0,0.0,1.0,0.0,0.0
1723,a9beba0462c712f13,True,,,,,,,,,,1.0,1.0,1.0,1.0,0.5754962273698592,1.0,1.0,1.0,1.0,0.867342571053081
1724,bc79ecb5bdc5ca4f3,True,,,,,,,,,,1.0,1.0,1.0,1.0,0.6075730818244407,1.0,1.0,1.0,1.0,0.8773665880701378
1725,41a150d2b1beead49,True,,,,,,,,,,1.0,1.0,1.0,1.0,1.0,1.0,1.0,1.0,0.0,0.875
1726,90a368abf1e231f06,True,,,,,,,,,,1.0,1.0,0.5,1.0,0.838222046433221,0.0,1.0,1.0,0.0,0.2559721947551908
1727,25e23d201bebf3f7f,True,,,,,,,,,,1.0,1.0,1.0,1.0,0.9750845378738913,0.0,0.0,0.0,0.0,0.304713918085591
1728,6f4a5b483a72cf990,True,,,,,,,,,,1.0,1.0,1.0,1.0,1.0,0.0,1.0,1.0,0.0,0.5625
1729,38a27d438189dcb29,True,,,,,,,,,,1.0,1.0,1.0,1.0,1.0,1.0,1.0,1.0,1.0,1.0
1730,f9b640894b4a02a02,True,,,,,,,,,,1.0,1.0,0.0,1.0,1.0,1.0,0.0,1.0,1.0,0.0
1731,f5fd2bdb809b789db,True,,,,,,,,,,1.0,0.0,0.0,1.0,1.0,1.0,0.0,1.0,1.0,0.0
1732,1101b454c3a1637f1,True,,,,,,,,,,1.0,1.0,1.0,1.0,1.0,1.0,0.0,1.0,0.0,0.75
1733,92b72601aef2807d0,True,,,,,,,,,,1.0,1.0,1.0,1.0,0.8036854631915924,1.0,1.0,1.0,1.0,0.9386517072473726
1734,4aa0d20a71cc4b60d,True,,,,,,,,,,1.0,1.0,1.0,1.0,1.0,1.0,0.0,1.0,0.0,0.75
1735,431df46346088a1de,True,,,,,,,,,,1.0,1.0,1.0,1.0,0.5321648172599303,1.0,1.0,1.0,1.0,0.8538015053937282
1736,4bdf97e7a68a220e2,True,,,,,,,,,,0.0,0.0,1.0,1.0,0.7938712310629392,0.0,0.0,1.0,1.0,0.0
1737,9aae6ea45a3c7efaf,True,,,,,,,,,,1.0,1.0,1.0,1.0,0.7994870737422448,1.0,1.0,1.0,1.0,0.9373397105444515
1738,10dc3b2e0ce99941a,True,,,,,,,,,,1.0,1.0,1.0,1.0,1.0,1.0,1.0,1.0,0.0,0.875
1739,0ab9b133a9d7aad86,True,,,,,,,,,,1.0,0.0,0.5,1.0,1.0,1.0,0.0,1.0,1.0,0.0
1740,631046410650329eb,True,,,,,,,,,,1.0,1.0,1.0,1.0,0.4134161717608229,1.0,0.0,1.0,1.0,0.6916925536752572
1741,08b3cebccffcada58,True,,,,,,,,,,1.0,0.0,1.0,1.0,1.0,1.0,1.0,1.0,1.0,0.0
1742,add2dc0d2d9ed03d5,True,,,,,,,,,,0.0,1.0,1.0,1.0,1.0,0.0,0.0,1.0,1.0,0.0
1743,f42ba561b2c6f684a,True,,,,,,,,,,1.0,1.0,1.0,1.0,0.604658114191265,1.0,1.0,1.0,1.0,0.8764556606847703
1744,b24ef110ccf50ea20,True,,,,,,,,,,1.0,1.0,1.0,1.0,0.0,1.0,1.0,1.0,1.0,0.6875
1745,fb83b02b78181e4f8,True,,,,,,,,,,1.0,1.0,0.5,1.0,0.5925927159675357,1.0,0.0,1.0,1.0,0.37384261186992745
1746,8f88cd86720008f23,True,,,,,,,,,,0.5,0.0,0.5,1.0,1.0,0.0,1.0,1.0,0.0,0.0
1747,83dc61b75efe5e09e,True,,,,,,,,,,1.0,1.0,1.0,1.0,1.0,1.0,1.0,1.0,0.0,0.875
1748,0179e3078c6c79cd3,True,,,,,,,,,,1.0,1.0,1.0,1.0,0.4319250767017172,1.0,0.0,1.0,0.0,0.5724765864692867
1749,92d16fac53c12f99d,True,,,,,,,,,,1.0,1.0,1.0,1.0,0.6196393935425212,1.0,1.0,1.0,0.0,0.7561373104820379
1750,ba8bf5b95601df543,True,,,,,,,,,,1.0,1.0,1.0,1.0,0.5084484345612604,1.0,1.0,1.0,0.0,0.7213901358003939
1751,6d7bece364fac8d01,True,,,,,,,,,,1.0,0.0,1.0,1.0,1.0,1.0,0.0,1.0,1.0,0.0
1752,60bf68aa5fc67729a,True,,,,,,,,,,1.0,0.0,1.0,1.0,0.6641548792776951,1.0,1.0,1.0,0.0,0.0
1753,c55dc2e0f192c70a5,True,,,,,,,,,,1.0,1.0,1.0,1.0,0.5403968185387498,1.0,1.0,1.0,0.0,0.7313740057933593
1754,1bf7eb4037d08171a,True,,,,,,,,,,1.0,1.0,1.0,1.0,0.7572446697837967,1.0,1.0,0.0,0.0,0.6741389593074365
1755,a5bcd5a0e9f79cee3,True,,,,,,,,,,0.5,0.0,1.0,1.0,1.0,0.0,0.0,1.0,1.0,0.0
1756,a0ab616e5270b617a,True,,,,,,,,,,1.0,1.0,1.0,1.0,0.8386597098105149,1.0,0.0,1.0,1.0,0.8245811593157859
1757,cf9851f86105d9f8c,True,,,,,,,,,,1.0,1.0,1.0,1.0,0.8041193963869853,1.0,0.0,1.0,1.0,0.8137873113709329
1758,69efea362deb3273e,True,,,,,,,,,,1.0,0.0,1.0,1.0,1.0,1.0,1.0,1.0,1.0,0.0
1759,6e10df391ad68426e,True,,,,,,,,,,1.0,1.0,1.0,1.0,1.0,1.0,1.0,1.0,1.0,1.0
1760,90d989f2205e253f9,True,,,,,,,,,,1.0,1.0,1.0,1.0,0.6296346167183959,1.0,0.0,1.0,1.0,0.7592608177244987
1761,2833f76e80e4d4998,True,,,,,,,,,,1.0,1.0,1.0,1.0,0.829319204908818,1.0,1.0,1.0,0.0,0.8216622515340056
1762,8cf82bdb10f083506,True,,,,,,,,,,1.0,1.0,1.0,1.0,0.9436251810213295,1.0,1.0,1.0,0.0,0.8573828690691655
1763,7e105472ccbc51b6a,True,,,,,,,,,,0.0,1.0,1.0,1.0,1.0,0.0,0.0,1.0,0.0,0.0
1764,781cb5a7c59f1d728,True,,,,,,,,,,1.0,0.0,0.5,1.0,1.0,1.0,0.0,1.0,0.0,0.0
1765,e6a340849c0025d9f,True,,,,,,,,,,1.0,1.0,1.0,1.0,0.48573581194882404,1.0,1.0,1.0,1.0,0.8392924412340075
1766,8a5b80c748963e0a4,True,,,,,,,,,,1.0,1.0,1.0,1.0,0.6829286768516151,1.0,1.0,1.0,1.0,0.9009152115161297
1767,8d442a4953c9da694,True,,,,,,,,,,1.0,1.0,1.0,1.0,0.7756179842331199,1.0,1.0,1.0,1.0,0.92988062007285
1768,88d3fad9cfca7c0ad,True,,,,,,,,,,1.0,1.0,1.0,1.0,0.728345270793286,1.0,1.0,1.0,1.0,0.9151078971229019
1769,bfc933fd0598219c3,True,,,,,,,,,,1.0,1.0,0.0,1.0,1.0,1.0,0.0,1.0,0.0,0.0
1770,bf39b618ccc33f36a,True,,,,,,,,,,1.0,1.0,1.0,1.0,0.6057850380547071,1.0,0.0,1.0,0.0,0.6268078243920959
1771,596506940b29ec5c0,True,,,,,,,,,,1.0,1.0,1.0,1.0,0.7352847027699682,1.0,1.0,1.0,0.0,0.792276469615615
1772,7bc8b418055d0cc73,True,,,,,,,,,,0.0,1.0,0.5,1.0,1.0,0.0,0.0,1.0,0.0,0.0
1773,b928ef9aeaf66b2ad,True,,,,,,,,,,0.0,1.0,1.0,1.0,1.0,0.0,0.0,1.0,1.0,0.0
1774,0a9a4ef68cc4ce8b2,True,,,,,,,,,,1.0,1.0,1.0,1.0,1.0,0.0,0.0,1.0,1.0,0.5625
1775,f0da7e68f4547e66a,True,,,,,,,,,,0.0,0.0,1.0,1.0,1.0,0.0,0.0,1.0,0.0,0.0
1776,384e8594099b2b5f2,True,,,,,,,,,,1.0,1.0,1.0,1.0,0.49917290866035025,1.0,0.0,1.0,1.0,0.7184915339563595
1777,f573807ec3756dc53,True,,,,,,,,,,1.0,1.0,1.0,1.0,0.8189215031087866,1.0,1.0,1.0,1.0,0.9434129697214958
1778,5e4e80a50729b531a,True,,,,,,,,,,1.0,1.0,1.0,1.0,0.26880767846477066,1.0,1.0,1.0,1.0,0.7715023995202408
1779,114cffc6aed0cbf4b,True,,,,,,,,,,1.0,0.0,1.0,1.0,0.6908298043898273,1.0,0.0,1.0,0.0,0.0
1780,01ac04b9f18ecdbc6,True,,,,,,,,,,1.0,0.0,0.5,1.0,1.0,1.0,0.0,1.0,1.0,0.0
1781,72e532553b9a9b88d,True,,,,,,,,,,1.0,0.0,1.0,1.0,0.42268369756857666,1.0,1.0,1.0,0.0,0.0
1782,1c6327dd6c33a1c36,True,,,,,,,,,,1.0,1.0,1.0,1.0,0.3709318479129707,1.0,1.0,1.0,1.0,0.8034162024728033
1783,57ff3b08be49081c8,True,,,,,,,,,,1.0,1.0,1.0,1.0,0.9226186728163033,1.0,0.0,1.0,0.0,0.7258183352550948
1784,89c18ed69c931aa0a,True,,,,,,,,,,1.0,1.0,1.0,1.0,0.38147783383855555,1.0,0.0,1.0,1.0,0.6817118230745486
1785,93c5dce231ad8a838,True,,,,,,,,,,1.0,1.0,1.0,1.0,0.8691835194472879,1.0,1.0,1.0,0.0,0.8341198498272775
1786,6ccefb14640c0647d,True,,,,,,,,,,1.0,1.0,1.0,1.0,0.6041301813180877,1.0,0.0,1.0,0.0,0.6262906816619024
1787,d9eb3c465a5635619,True,,,,,,,,,,1.0,1.0,1.0,1.0,0.6037228943452683,1.0,1.0,0.0,1.0,0.7511634044828963
1788,a3159a9839e251bcb,True,,,,,,,,,,1.0,1.0,1.0,1.0,0.8846748054541119,1.0,1.0,1.0,1.0,0.96396087670441
1789,02644631a56fa1750,True,,,,,,,,,,1.0,1.0,1.0,1.0,0.9707642046565021,1.0,1.0,1.0,0.0,0.8658638139551569
1790,2999813e6f4624d21,True,,,,,,,,,,0.0,1.0,1.0,1.0,1.0,0.0,0.0,1.0,0.0,0.0
1791,89628b64c8a329c07,True,,,,,,,,,,1.0,1.0,0.0,1.0,1.0,1.0,0.0,1.0,1.0,0.0
1792,4c8f99b2e4efaa034,True,,,,,,,,,,1.0,1.0,1.0,1.0,0.8098367400414966,1.0,0.0,1.0,1.0,0.8155739812629677
1793,fec17ad0f4921b486,True,,,,,,,,,,1.0,1.0,1.0,1.0,0.2296630861533039,1.0,1.0,1.0,1.0,0.7592697144229075
1794,2a1dc6975af402aa9,True,,,,,,,,,,1.0,1.0,1.0,1.0,0.5156260029185898,1.0,0.0,1.0,1.0,0.7236331259120593
1795,c42f42235ba427d14,True,,,,,,,,,,1.0,1.0,1.0,1.0,0.5251214531083898,1.0,1.0,1.0,1.0,0.8516004540963718
1796,0947aa4445fd336d1,True,,,,,,,,,,1.0,1.0,1.0,1.0,0.8370466733798043,1.0,1.0,1.0,1.0,0.9490770854311888
1797,94dbe6cad76160ef1,True,,,,,,,,,,0.0,1.0,1.0,1.0,1.0,0.0,1.0,1.0,0.0,0.0
1798,9895d084a0042fff3,True,,,,,,,,,,1.0,0.0,1.0,1.0,0.8277590662585056,1.0,1.0,1.0,0.0,0.0
1799,49fd1c147826df430,True,,,,,,,,,,1.0,1.0,1.0,1.0,0.881559653197943,1.0,1.0,1.0,1.0,0.9629873916243572
1800,fb8289807a1b275b3,True,,,,,,,,,,1.0,1.0,1.0,1.0,1.0,1.0,0.0,1.0,1.0,0.875
1801,0a74d996f43c7783c,True,,,,,,,,,,1.0,0.0,1.0,1.0,1.0,1.0,1.0,1.0,1.0,0.0
1802,f743301660e4f13bf,True,,,,,,,,,,1.0,1.0,1.0,1.0,0.7449054052622482,1.0,1.0,1.0,0.0,0.7952829391444526
1803,f9f0618a87c59174c,True,,,,,,,,,,1.0,1.0,1.0,1.0,0.3976988930207191,1.0,1.0,1.0,1.0,0.8117809040689747
1804,20d619058c9ec6829,True,,,,,,,,,,1.0,1.0,1.0,1.0,0.12550941321860082,1.0,0.0,1.0,1.0,0.6017216916308128
1805,a69e816127208136c,True,,,,,,,,,,1.0,1.0,1.0,1.0,0.7182689102377192,1.0,0.0,1.0,1.0,0.7869590344492873
1806,e2094c50a0cc45693,True,,,,,,,,,,1.0,0.0,0.5,1.0,0.49408332539246247,1.0,1.0,1.0,0.0,0.0
1807,c70f1e01d8a8d58e0,True,,,,,,,,,,1.0,1.0,1.0,1.0,0.311460492869562,1.0,1.0,1.0,1.0,0.7848314040217381
1808,701516f2dc4b0ec24,True,,,,,,,,,,1.0,1.0,1.0,1.0,0.6643800587798546,1.0,1.0,1.0,1.0,0.8951187683687045
1809,d6e2587cedd827dce,True,,,,,,,,,,1.0,0.0,1.0,1.0,0.30171528567679323,1.0,1.0,1.0,0.0,0.0
1810,c909e005442d28a9c,True,,,,,,,,,,1.0,1.0,1.0,1.0,0.7291485019914284,1.0,1.0,1.0,0.0,0.7903589068723214
1811,45429b4b5e82551ac,True,,,,,,,,,,0.0,1.0,1.0,1.0,1.0,0.0,0.0,1.0,1.0,0.0
1812,d259b8e83d8d206fe,True,,,,,,,,,,0.0,1.0,1.0,1.0,1.0,0.0,0.0,1.0,1.0,0.0
1813,97e73edb0ec984db5,True,,,,,,,,,,0.0,1.0,1.0,1.0,1.0,0.0,1.0,1.0,1.0,0.0
1814,9eaf4038cc95831dd,True,,,,,,,,,,1.0,1.0,1.0,1.0,0.9438382007865234,1.0,0.0,1.0,1.0,0.8574494377457885
1815,4684692b32e909998,True,,,,,,,,,,1.0,1.0,1.0,1.0,0.3708917529917516,1.0,1.0,1.0,0.0,0.6784036728099223
1816,9dd3876cb173c36aa,True,,,,,,,,,,1.0,0.0,0.0,1.0,1.0,1.0,0.0,1.0,0.0,0.0
1817,128cb2527d3987e61,True,,,,,,,,,,1.0,1.0,1.0,1.0,0.1209477901799031,1.0,0.0,1.0,1.0,0.6002961844312198
1818,4929156d96635caed,True,,,,,,,,,,1.0,1.0,1.0,1.0,0.7641184494514838,1.0,0.0,1.0,1.0,0.8012870154535887
1819,808228d1cf4a9f699,True,,,,,,,,,,1.0,1.0,1.0,1.0,0.860300372155982,1.0,1.0,1.0,1.0,0.9563438662987443
1820,2a46d49b6aa55f1ca,True,,,,,,,,,,1.0,1.0,1.0,1.0,0.8834987710687906,1.0,1.0,1.0,1.0,0.963593365958997
1821,c557bbca95b7a9516,True,,,,,,,,,,1.0,1.0,1.0,1.0,0.916595677062049,1.0,1.0,1.0,0.0,0.8489361490818903
1822,c7690543523741cf3,True,,,,,,,,,,1.0,1.0,1.0,1.0,1.0,1.0,1.0,1.0,0.0,0.875
1823,193752eccdb929fcc,True,,,,,,,,,,1.0,1.0,1.0,1.0,0.35947467483825934,1.0,0.0,1.0,1.0,0.6748358358869561
1824,569fb4f27fe2509f7,True,,,,,,,,,,1.0,1.0,1.0,1.0,0.18376026870426473,1.0,1.0,1.0,0.0,0.6199250839700827
1825,a075eb4cf05c9e8a0,True,,,,,,,,,,1.0,0.0,1.0,1.0,1.0,1.0,0.0,1.0,1.0,0.0
1826,4e0a366def21f29ed,True,,,,,,,,,,1.0,1.0,1.0,1.0,0.6905788961970588,1.0,1.0,1.0,1.0,0.9033059050615808
1827,b2be12870f04d58f6,True,,,,,,,,,,0.0,1.0,0.5,1.0,1.0,0.0,1.0,1.0,0.0,0.0
1828,d3fe928c762b0cd0d,True,,,,,,,,,,1.0,1.0,1.0,1.0,1.0,1.0,0.0,1.0,0.0,0.75
1829,4fb5655af73387ef8,True,,,,,,,,,,1.0,0.0,0.0,1.0,1.0,1.0,0.0,1.0,1.0,0.0
1830,1b7254e27f1faae48,True,,,,,,,,,,0.0,1.0,1.0,1.0,1.0,0.0,1.0,1.0,1.0,0.0
1831,caa48a6115952f402,True,,,,,,,,,,1.0,0.0,1.0,1.0,1.0,1.0,1.0,1.0,0.0,0.0
1832,6a62285a9933482cb,True,,,,,,,,,,1.0,0.0,0.0,1.0,1.0,1.0,0.0,1.0,1.0,0.0
1833,7186caba98873825a,True,,,,,,,,,,1.0,0.0,1.0,1.0,0.7489317015808202,1.0,1.0,1.0,1.0,0.0
1834,f4eac938a68f3b495,True,,,,,,,,,,0.0,0.0,1.0,1.0,0.9915549679554831,0.0,1.0,1.0,0.0,0.0
1835,67ac6348f814bfca1,True,,,,,,,,,,1.0,1.0,1.0,1.0,0.2356631409222917,1.0,1.0,1.0,1.0,0.7611447315382162
1836,728ec7568be562318,True,,,,,,,,,,0.0,1.0,1.0,1.0,1.0,0.0,0.0,1.0,1.0,0.0
1837,1189a6ada09f1958a,True,,,,,,,,,,1.0,1.0,1.0,1.0,1.0,1.0,1.0,1.0,0.0,0.875
1838,31cc7cd0fdf16f061,True,,,,,,,,,,1.0,1.0,0.5,1.0,0.6809055028142061,1.0,1.0,0.0,0.0,0.3251414848147197
1839,48f968a3c272876d9,True,,,,,,,,,,1.0,1.0,1.0,1.0,0.28628539202644193,1.0,1.0,1.0,1.0,0.7769641850082631
1840,7339827ceaab8796b,True,,,,,,,,,,1.0,0.0,1.0,1.0,0.6681273092330005,1.0,1.0,1.0,0.0,0.0
1841,7ca5efbee05a576cf,True,,,,,,,,,,1.0,1.0,0.0,1.0,1.0,1.0,0.0,1.0,1.0,0.0
1842,e9edc42aeefc7e850,True,,,,,,,,,,1.0,1.0,1.0,1.0,0.7561000502469942,1.0,0.0,1.0,1.0,0.7987812657021857
1843,f8e644eaae7fc78c5,True,,,,,,,,,,0.0,1.0,1.0,1.0,1.0,0.0,0.0,1.0,1.0,0.0
1844,c19d3aa3c7a6557a9,True,,,,,,,,,,1.0,1.0,1.0,1.0,0.4674339716677114,1.0,1.0,1.0,1.0,0.8335731161461598
1845,8f8fa607cf20ce163,True,,,,,,,,,,1.0,1.0,1.0,1.0,0.7296619364775179,1.0,1.0,1.0,1.0,0.9155193551492243
1846,1056c520c5f8da5e9,True,,,,,,,,,,1.0,1.0,1.0,1.0,1.0,1.0,1.0,1.0,1.0,1.0
1847,6d54d84f2aa7b99a8,True,,,,,,,,,,1.0,1.0,1.0,1.0,0.5816063275971267,1.0,1.0,1.0,0.0,0.7442519773741021
1848,cfe27a593a4819294,True,,,,,,,,,,1.0,1.0,0.5,1.0,1.0,1.0,0.0,0.0,1.0,0.375
1849,af838aad1e6b19925,True,,,,,,,,,,1.0,0.0,1.0,1.0,0.5278416146341959,1.0,1.0,1.0,0.0,0.0
1850,a4dff43b479ee5041,True,,,,,,,,,,1.0,1.0,0.0,1.0,1.0,1.0,0.0,1.0,1.0,0.0
1851,08ad22cbb4d9d003b,True,,,,,,,,,,0.0,1.0,1.0,1.0,1.0,0.0,0.0,0.0,0.0,0.0
1852,c6e091204feb3069c,True,,,,,,,,,,1.0,1.0,1.0,1.0,0.6284017401782064,1.0,1.0,1.0,1.0,0.8838755438056896
1853,3501e37f323516fb9,True,,,,,,,,,,0.5,0.0,1.0,1.0,1.0,0.0,1.0,1.0,0.0,0.0
1854,5b6eb771ffaf06f55,True,,,,,,,,,,1.0,1.0,0.0,1.0,1.0,1.0,0.0,1.0,1.0,0.0
1855,7f0f949c3d0d9fe1f,True,,,,,,,,,,1.0,1.0,1.0,1.0,1.0,1.0,0.0,1.0,1.0,0.875
1856,7e21d3337e4e59b97,True,,,,,,,,,,1.0,1.0,1.0,1.0,0.7864721322981533,1.0,1.0,1.0,1.0,0.9332725413431728
1857,5b32d8e1dbbbd670a,True,,,,,,,,,,1.0,1.0,0.0,1.0,1.0,1.0,0.0,1.0,1.0,0.0
1858,87f3ff9f4e16ee2e1,True,,,,,,,,,,0.0,1.0,1.0,1.0,1.0,0.0,0.0,1.0,1.0,0.0
1859,765b429e21230f949,True,,,,,,,,,,1.0,1.0,1.0,1.0,0.279947265371727,1.0,1.0,1.0,1.0,0.7749835204286647
1860,f13774881108b5e55,True,,,,,,,,,,1.0,1.0,1.0,1.0,0.6301935025634089,1.0,1.0,1.0,1.0,0.8844354695510652
1861,b6217c8c8ec53139f,True,,,,,,,,,,1.0,1.0,1.0,1.0,0.5999160968489919,1.0,1.0,1.0,1.0,0.8749737802653099
1862,18d79c8cb12df7f0e,True,,,,,,,,,,1.0,1.0,1.0,1.0,0.14176054434159777,1.0,0.0,0.0,0.0,0.3568001701067493
1863,5808626bda0a920a5,True,,,,,,,,,,1.0,1.0,1.0,1.0,0.6257110046878023,1.0,0.0,1.0,1.0,0.7580346889649382
1864,1d52003f3b3835dcd,True,,,,,,,,,,1.0,1.0,0.5,1.0,1.0,1.0,0.0,0.0,1.0,0.375
1865,6cc12f84e2df62aee,True,,,,,,,,,,0.0,1.0,1.0,1.0,1.0,0.0,0.0,0.0,0.0,0.0
1866,9ce85f2dc52093c43,True,,,,,,,,,,1.0,1.0,1.0,1.0,0.15638869443328693,1.0,0.0,1.0,1.0,0.6113714670104022
1867,c38b7f486c2411a81,True,,,,,,,,,,0.0,1.0,1.0,1.0,1.0,0.0,0.0,1.0,1.0,0.0
1868,8be69e03781f4c138,True,,,,,,,,,,1.0,1.0,1.0,1.0,0.8885770077305154,1.0,1.0,1.0,1.0,0.965180314915786
1869,a2578379ff901794e,True,,,,,,,,,,0.0,1.0,1.0,1.0,1.0,0.0,1.0,1.0,0.0,0.0
1870,e26b9a326897c57c3,True,,,,,,,,,,1.0,1.0,0.5,1.0,0.7200408480659832,1.0,0.0,1.0,1.0,0.39375638251030987
1871,bd2169898173c44cb,True,,,,,,,,,,0.5,0.0,1.0,1.0,1.0,0.0,0.0,1.0,0.0,0.0
1872,ab0eca9405de9696c,True,,,,,,,,,,1.0,1.0,1.0,1.0,0.5906135651896196,1.0,1.0,1.0,1.0,0.8720667391217561
1873,5e199a678c61e376a,True,,,,,,,,,,1.0,1.0,1.0,1.0,1.0,1.0,0.0,1.0,1.0,0.875
1874,add057f5877074b22,True,,,,,,,,,,1.0,1.0,1.0,1.0,1.0,1.0,0.0,1.0,1.0,0.875
1875,0352c14b8d7493b9a,True,,,,,,,,,,1.0,1.0,1.0,1.0,0.1603840546295366,1.0,1.0,1.0,1.0,0.7376200170717302
1876,186f59c514ff34824,True,,,,,,,,,,1.0,0.0,1.0,1.0,1.0,1.0,1.0,1.0,0.0,0.0
1877,ccb673fb277fc767d,True,,,,,,,,,,1.0,1.0,1.0,1.0,1.0,1.0,1.0,1.0,1.0,1.0
1878,ea89785b6636000f5,True,,,,,,,,,,1.0,1.0,1.0,1.0,1.0,1.0,1.0,1.0,0.0,0.875
1879,023850d442fe9ca21,True,,,,,,,,,,1.0,1.0,1.0,1.0,0.654163850514194,1.0,1.0,1.0,0.0,0.7669262032856856
1880,17d06ef1ec00f95dc,True,,,,,,,,,,1.0,0.0,0.5,1.0,1.0,1.0,0.0,1.0,1.0,0.0
1881,995a5ceaca13fa6a0,True,,,,,,,,,,1.0,0.0,1.0,1.0,1.0,1.0,0.0,1.0,0.0,0.0
1882,f7aca65344c3b8a4b,True,,,,,,,,,,1.0,1.0,1.0,1.0,0.7694904284473015,1.0,1.0,1.0,1.0,0.9279657588897817
1883,2b19e158862e6b7cd,True,,,,,,,,,,1.0,1.0,1.0,1.0,0.8824150613063109,1.0,0.0,1.0,1.0,0.8382547066582222
1884,b23bdeea5132cf7af,True,,,,,,,,,,1.0,1.0,1.0,1.0,0.7825359090421903,1.0,0.0,1.0,0.0,0.6820424715756844
1885,1e704b348fb75f77d,True,,,,,,,,,,1.0,1.0,1.0,1.0,0.9125309972931729,1.0,1.0,1.0,1.0,0.9726659366541166
1886,842c77c109ef3215c,True,,,,,,,,,,1.0,1.0,0.5,1.0,1.0,1.0,0.0,1.0,1.0,0.4375
1887,3a914696b13bea070,True,,,,,,,,,,1.0,1.0,1.0,1.0,0.4316951133343604,1.0,0.0,1.0,1.0,0.6974047229169876
1888,eee0015497fc5fbb3,True,,,,,,,,,,1.0,1.0,1.0,1.0,0.7619372232246425,1.0,0.0,1.0,1.0,0.8006053822577008
1889,881878cfae4ce9953,True,,,,,,,,,,1.0,1.0,1.0,1.0,0.8232934450815252,1.0,1.0,1.0,0.0,0.8197792015879766
1890,6f0b775b8d685abec,True,,,,,,,,,,1.0,1.0,1.0,1.0,0.8696104454996456,1.0,0.0,1.0,1.0,0.8342532642186393
1891,3d05bde7ec3405ddd,True,,,,,,,,,,1.0,1.0,1.0,1.0,1.0,1.0,0.0,1.0,1.0,0.875
1892,bda8e2ddfcebef730,True,,,,,,,,,,1.0,1.0,0.0,1.0,1.0,1.0,0.0,1.0,0.0,0.0
1893,7c5d86ba5e0d7e2a3,True,,,,,,,,,,1.0,1.0,1.0,1.0,0.00542996226002713,1.0,1.0,1.0,1.0,0.6891968632062585
1894,0128939093fdde786,True,,,,,,,,,,1.0,1.0,1.0,1.0,0.6358482826531008,1.0,1.0,1.0,0.0,0.761202588329094
1895,6333f19e87ad08122,True,,,,,,,,,,0.0,1.0,1.0,1.0,1.0,0.0,1.0,1.0,1.0,0.0
1896,530a28f5b73e11f66,True,,,,,,,,,,1.0,1.0,1.0,1.0,0.8776467726614141,1.0,1.0,1.0,1.0,0.961764616456692
1897,7c441bc98b8690113,True,,,,,,,,,,1.0,1.0,0.0,1.0,1.0,1.0,0.0,1.0,1.0,0.0
1898,94fe185f4d4ccc501,True,,,,,,,,,,1.0,1.0,1.0,1.0,0.4902183450392051,1.0,1.0,1.0,1.0,0.8406932328247516
1899,fb0fb16361fd50a45,True,,,,,,,,,,1.0,1.0,1.0,1.0,0.3080493754396918,1.0,1.0,1.0,1.0,0.7837654298249037
1900,7fda1bb28d64c96f0,True,,,,,,,,,,1.0,0.0,1.0,1.0,1.0,1.0,0.0,1.0,0.0,0.0
1901,5d7300eccaaae4563,True,,,,,,,,,,1.0,1.0,1.0,1.0,0.720409713896778,1.0,0.0,1.0,0.0,0.6626280355927432
1902,ae177687d99242cad,True,,,,,,,,,,1.0,1.0,1.0,1.0,0.800936609475218,1.0,0.0,1.0,0.0,0.6877926904610057
1903,07a36d3f2100bc352,True,,,,,,,,,,1.0,1.0,1.0,1.0,1.0,1.0,0.0,1.0,1.0,0.875
1904,0a1cec4bdc1f7ba66,True,,,,,,,,,,1.0,1.0,1.0,1.0,1.0,1.0,0.0,1.0,1.0,0.875
1905,d220a708760298c7f,True,,,,,,,,,,1.0,1.0,1.0,1.0,0.8559083290145169,1.0,1.0,1.0,1.0,0.9549713528170365
1906,78910a88891eef166,True,,,,,,,,,,1.0,1.0,0.5,1.0,0.9483304872772388,1.0,0.0,1.0,1.0,0.42942663863706854
1907,a4dd32146e7a66591,True,,,,,,,,,,1.0,1.0,1.0,1.0,0.8686783176642855,1.0,1.0,1.0,0.0,0.8339619742700892
1908,299f646dfb858774d,True,,,,,,,,,,1.0,1.0,1.0,1.0,1.0,1.0,1.0,1.0,0.0,0.875
1909,0ab5cb8557d3b269d,True,,,,,,,,,,1.0,1.0,0.5,1.0,1.0,1.0,1.0,1.0,1.0,0.5
1910,bd51b4ed9e85eff41,True,,,,,,,,,,0.0,1.0,1.0,1.0,1.0,0.0,0.0,1.0,1.0,0.0
1911,6f033e7af721547a9,True,,,,,,,,,,1.0,0.0,1.0,1.0,0.7419017292603113,1.0,1.0,1.0,1.0,0.0
1912,cdec99ac469508647,True,,,,,,,,,,0.5,0.0,1.0,1.0,0.877072958242446,0.0,1.0,1.0,1.0,0.0
1913,2ec229f35727f71c8,True,,,,,,,,,,1.0,1.0,1.0,1.0,0.9310894209569124,0.0,0.0,0.0,0.0,0.2909654440490351
1914,b1b76999fa25ad35b,True,,,,,,,,,,1.0,0.0,1.0,1.0,1.0,1.0,0.0,1.0,0.0,0.0
1915,fba5b4aa043d4c14b,True,,,,,,,,,,1.0,0.0,0.5,1.0,1.0,1.0,1.0,1.0,0.0,0.0
1916,65cf82257d919ac3a,True,,,,,,,,,,1.0,1.0,1.0,1.0,0.6654207355925046,1.0,1.0,1.0,0.0,0.7704439798726577
1917,db738e711b7d7a1c7,True,,,,,,,,,,1.0,1.0,1.0,1.0,0.22499470682171452,1.0,1.0,1.0,1.0,0.7578108458817858
1918,9fe9464c7d920430e,True,,,,,,,,,,1.0,0.0,0.5,1.0,1.0,1.0,0.0,1.0,0.0,0.0
1919,cc716ed59dd6f0250,True,,,,,,,,,,1.0,1.0,1.0,1.0,0.6646024709800836,1.0,1.0,1.0,1.0,0.8951882721812762
1920,0b444583aebb693a7,True,,,,,,,,,,1.0,1.0,1.0,1.0,1.0,1.0,1.0,1.0,0.0,0.875
1921,031cc5379a5e98feb,True,,,,,,,,,,1.0,1.0,1.0,1.0,0.8442353220769134,1.0,0.0,1.0,1.0,0.8263235381490355
1922,022f2dcc42d892201,True,,,,,,,,,,1.0,1.0,1.0,1.0,0.6605958417291699,1.0,0.0,1.0,1.0,0.7689362005403656
1923,86a500b770f0588cb,True,,,,,,,,,,1.0,1.0,1.0,1.0,0.7077908320379108,1.0,1.0,1.0,1.0,0.9086846350118472
1924,baf1cc49f4250c41a,True,,,,,,,,,,1.0,1.0,1.0,1.0,1.0,1.0,0.0,1.0,1.0,0.875
1925,7c028a0e38d689322,True,,,,,,,,,,1.0,1.0,1.0,1.0,1.0,1.0,0.0,1.0,1.0,0.875
1926,975103a3e89ae4e4b,True,,,,,,,,,,1.0,1.0,1.0,1.0,0.5981854116887625,1.0,1.0,1.0,0.0,0.7494329411527383
1927,ce40746019045f374,True,,,,,,,,,,1.0,1.0,1.0,1.0,0.9718009044784212,1.0,0.0,1.0,1.0,0.8661877826495066
1928,cff10d121d9ee4a1a,True,,,,,,,,,,1.0,1.0,0.0,1.0,0.7544016424552434,1.0,0.0,1.0,1.0,0.0
1929,cd294e9205c77defd,True,,,,,,,,,,1.0,1.0,1.0,1.0,0.3985311074733016,1.0,0.0,1.0,1.0,0.6870409710854067
1930,b33c373192c8560d1,True,,,,,,,,,,1.0,0.0,1.0,1.0,0.6741410962477388,1.0,1.0,1.0,1.0,0.0
1931,fa938137662435c29,True,,,,,,,,,,1.0,1.0,1.0,1.0,0.45176025697147665,1.0,1.0,1.0,1.0,0.8286750803035865
1932,6c3a8a0290c8e05e9,True,,,,,,,,,,0.0,1.0,1.0,1.0,1.0,0.0,1.0,1.0,0.0,0.0
1933,a1ff65c462fb19548,True,,,,,,,,,,1.0,1.0,0.5,1.0,0.9211737908366907,1.0,1.0,1.0,1.0,0.4876834048182329
1934,e2a4ea3d760b37276,True,,,,,,,,,,1.0,1.0,1.0,1.0,0.7133397747410039,1.0,1.0,1.0,0.0,0.7854186796065636
1935,8b9e74d5a89159431,True,,,,,,,,,,1.0,0.0,1.0,1.0,1.0,1.0,0.0,1.0,1.0,0.0
1936,91df938553d5b89fb,True,,,,,,,,,,1.0,1.0,1.0,1.0,0.11459458740338581,1.0,0.0,1.0,0.0,0.47331080856355806
1937,033858312a3f04e99,True,,,,,,,,,,0.0,1.0,0.5,1.0,1.0,0.0,0.0,1.0,1.0,0.0
1938,f38027c813030f619,True,,,,,,,,,,1.0,1.0,1.0,1.0,0.7408817758423583,1.0,1.0,1.0,1.0,0.9190255549507369
1939,fdf5d3fe80143a1aa,True,,,,,,,,,,1.0,1.0,1.0,1.0,0.21752869653571197,1.0,1.0,1.0,1.0,0.75547771766741
1940,d7806477ce81cf2b8,True,,,,,,,,,,1.0,0.0,1.0,1.0,1.0,1.0,1.0,1.0,0.0,0.0
1941,13f2d7e9ace73e420,True,,,,,,,,,,1.0,1.0,1.0,1.0,1.0,1.0,0.0,1.0,1.0,0.875
1942,aa1b4476d7c10952e,True,,,,,,,,,,1.0,0.0,1.0,1.0,1.0,1.0,0.0,1.0,1.0,0.0
1943,afcd4a859a99df309,True,,,,,,,,,,1.0,1.0,1.0,1.0,1.0,1.0,1.0,1.0,1.0,1.0
1944,7878266af5a97d7ce,True,,,,,,,,,,1.0,1.0,1.0,1.0,1.0,1.0,0.0,1.0,0.0,0.75
1945,13aeb83dad95704fa,True,,,,,,,,,,1.0,1.0,1.0,1.0,1.0,1.0,0.0,1.0,0.0,0.75
1946,eeae7aeaf248f7830,True,,,,,,,,,,1.0,1.0,0.0,1.0,1.0,1.0,0.0,1.0,0.0,0.0
1947,766195ae1ef2dac03,True,,,,,,,,,,1.0,0.0,1.0,1.0,0.7418449198758061,1.0,1.0,1.0,1.0,0.0
1948,978616965b8fd4cd6,True,,,,,,,,,,1.0,1.0,1.0,1.0,0.8041702932756641,1.0,0.0,1.0,1.0,0.8138032166486451
1949,7002987261d03954e,True,,,,,,,,,,1.0,0.0,0.5,1.0,1.0,1.0,0.0,0.0,0.0,0.0
1950,d7df71a05797f5711,True,,,,,,,,,,1.0,1.0,0.5,1.0,0.6166690493757895,1.0,0.0,1.0,1.0,0.3776045389649671
1951,95ef6af0cd345193e,True,,,,,,,,,,1.0,1.0,1.0,1.0,0.6540296526990015,1.0,1.0,1.0,0.0,0.766884266468438
1952,27007a0ff06d16d30,True,,,,,,,,,,1.0,1.0,1.0,1.0,1.0,1.0,1.0,1.0,1.0,1.0
1953,c706c39c802cce2d4,True,,,,,,,,,,1.0,0.0,1.0,1.0,0.44506034545690254,1.0,1.0,1.0,0.0,0.0
1954,e422b7a7bb9c41f95,True,,,,,,,,,,0.0,0.0,1.0,1.0,1.0,0.0,1.0,1.0,0.0,0.0
1955,4743e61ca1af03cd7,True,,,,,,,,,,1.0,1.0,1.0,1.0,0.8497583414859095,1.0,1.0,1.0,1.0,0.9530494817143467
1956,888343bb23c96916c,True,,,,,,,,,,1.0,1.0,1.0,1.0,0.007637487491278783,1.0,0.0,1.0,1.0,0.5648867148410246
1957,e88bf694837e674f5,True,,,,,,,,,,1.0,1.0,0.0,1.0,1.0,1.0,0.0,1.0,1.0,0.0
1958,be69267980b9fb08a,True,,,,,,,,,,1.0,0.0,1.0,1.0,1.0,1.0,1.0,0.0,0.0,0.0
1959,053a3b165ea7a6cb4,True,,,,,,,,,,0.0,0.0,1.0,1.0,1.0,0.0,0.0,1.0,1.0,0.0
1960,5fb91cdf13ec612c5,True,,,,,,,,,,1.0,1.0,1.0,1.0,0.8796193732536969,1.0,0.0,1.0,0.0,0.7123810541417803
1961,99304f2615a52fab7,True,,,,,,,,,,1.0,1.0,0.5,1.0,0.8861948122037248,1.0,0.0,1.0,0.0,0.357217939406832
1962,4ffc297962a8fbd17,True,,,,,,,,,,1.0,0.0,0.5,1.0,1.0,1.0,0.0,1.0,0.0,0.0
1963,a9d7dd368b96f5f2d,True,,,,,,,,,,1.0,1.0,1.0,1.0,1.0,1.0,1.0,1.0,1.0,1.0
1964,9b0fa1196afa1a71b,True,,,,,,,,,,1.0,0.0,1.0,1.0,0.4522912253341313,1.0,1.0,1.0,1.0,0.0
1965,fad1ad3bce41df4d9,True,,,,,,,,,,1.0,1.0,1.0,1.0,0.3364081575778049,1.0,0.0,1.0,0.0,0.542627549243064
1966,879334719374ec947,True,,,,,,,,,,1.0,1.0,1.0,1.0,0.29597655915049415,1.0,1.0,1.0,0.0,0.6549926747345294
1967,25c0bd003a55fd341,True,,,,,,,,,,1.0,1.0,1.0,1.0,0.22277526796400227,1.0,1.0,1.0,1.0,0.7571172712387507
1968,40ab16e6d2c7b1db0,True,,,,,,,,,,1.0,0.0,1.0,1.0,0.6243244639194522,1.0,0.0,1.0,1.0,0.0
1969,344bd2551e98ed803,True,,,,,,,,,,1.0,0.0,1.0,1.0,1.0,1.0,0.0,1.0,1.0,0.0
1970,182b0871961fced6d,True,,,,,,,,,,1.0,1.0,1.0,1.0,0.588758154402808,1.0,1.0,1.0,1.0,0.8714869232508775
1971,1bc64f4db46ec4c9f,True,,,,,,,,,,0.0,0.0,1.0,1.0,1.0,0.0,1.0,1.0,0.0,0.0
1972,294074b42621095d5,True,,,,,,,,,,1.0,1.0,1.0,1.0,1.0,1.0,0.0,1.0,0.0,0.75
1973,4f7b62e9ded399e3c,True,,,,,,,,,,1.0,0.0,1.0,1.0,1.0,1.0,0.0,1.0,0.0,0.0
1974,4b7a0a59fd31c7c90,True,,,,,,,,,,1.0,1.0,0.0,1.0,1.0,1.0,0.0,1.0,1.0,0.0
1975,51a778c753d0604cb,True,,,,,,,,,,1.0,1.0,1.0,1.0,0.43356617812881504,1.0,0.0,1.0,1.0,0.6979894306652548
1976,dd6cf78b8b897a171,True,,,,,,,,,,1.0,0.0,1.0,1.0,1.0,1.0,0.0,1.0,0.0,0.0
1977,ac132e5b2d0fb3476,True,,,,,,,,,,1.0,1.0,1.0,1.0,0.8057531323293472,1.0,1.0,1.0,0.0,0.814297853852921
1978,17d241e8d709ddebf,True,,,,,,,,,,1.0,1.0,1.0,1.0,0.8829210675847912,1.0,0.0,1.0,1.0,0.8384128336202472
1979,f549933443a3744d4,True,,,,,,,,,,1.0,1.0,1.0,1.0,0.9569245319825062,1.0,0.0,1.0,0.0,0.7365389162445332
1980,a0b8747e5af0f2b1d,True,,,,,,,,,,1.0,0.0,1.0,1.0,1.0,1.0,1.0,1.0,0.0,0.0
1981,98dc40005346d2d4e,True,,,,,,,,,,1.0,1.0,1.0,1.0,0.58214523722371,1.0,0.0,1.0,0.0,0.6194203866324094
1982,0cbcae8358528cd55,True,,,,,,,,,,1.0,1.0,1.0,1.0,1.0,1.0,1.0,1.0,0.0,0.875
1983,36c1bdf64ea8ffbe0,True,,,,,,,,,,1.0,1.0,1.0,1.0,1.0,1.0,0.0,1.0,1.0,0.875
1984,48b8608248fe082c2,True,,,,,,,,,,1.0,1.0,1.0,1.0,0.7342310450917364,1.0,1.0,1.0,1.0,0.9169472015911676
1985,4f4a53796fa5bb136,True,,,,,,,,,,1.0,1.0,1.0,1.0,0.5619486555822577,1.0,0.0,1.0,1.0,0.7381089548694555
1986,99775d29ec2361de1,True,,,,,,,,,,1.0,0.0,1.0,1.0,0.9641752407053105,0.0,1.0,1.0,0.0,0.0
1987,de42e07d2e34faed5,True,,,,,,,,,,1.0,1.0,1.0,1.0,0.9547363831312062,1.0,0.0,1.0,1.0,0.8608551197285019
1988,c82ec728742abfe9a,True,,,,,,,,,,1.0,1.0,1.0,1.0,0.4171763551102201,1.0,1.0,1.0,1.0,0.8178676109719438
1989,6ea72a0c3033844cf,True,,,,,,,,,,1.0,1.0,1.0,1.0,0.34812214204508507,1.0,0.0,1.0,1.0,0.6712881693890891
1990,cd55f0d35ddb36337,True,,,,,,,,,,1.0,1.0,1.0,1.0,0.6965418410027232,1.0,0.0,1.0,0.0,0.655169325313351
1991,8cc9b24e2d92d273a,True,,,,,,,,,,1.0,1.0,1.0,1.0,0.8329321279075388,1.0,0.0,1.0,1.0,0.8227912899711058
1992,b71bf73462ddcaa0c,True,,,,,,,,,,1.0,1.0,1.0,1.0,1.0,1.0,1.0,1.0,0.0,0.875
1993,0b204ead40703c13f,True,,,,,,,,,,1.0,0.0,1.0,1.0,0.6965615382912422,1.0,1.0,1.0,1.0,0.0
1994,65d059ca1a57ebca1,True,,,,,,,,,,1.0,0.0,1.0,1.0,1.0,1.0,0.0,1.0,0.0,0.0
1995,f5d0746ef157601ff,True,,,,,,,,,,1.0,1.0,1.0,1.0,0.2498888255005872,1.0,1.0,1.0,1.0,0.7655902579689335
1996,23466331481723251,True,,,,,,,,,,0.5,0.0,0.0,1.0,1.0,0.0,0.0,1.0,0.0,0.0
1997,110d0d3e6fdd95bda,True,,,,,,,,,,1.0,1.0,1.0,1.0,1.0,1.0,0.0,1.0,1.0,0.875
1998,be5258dc2386ca4e3,True,,,,,,,,,,1.0,1.0,0.0,1.0,1.0,1.0,0.0,1.0,0.0,0.0
1999,3d460fd77ec7fcd59,True,,,,,,,,,,1.0,1.0,1.0,1.0,0.9391047346986902,1.0,1.0,1.0,1.0,0.9809702295933407
2000,d6cfdfbe6733111b7,True,,,,,,,,,,0.0,1.0,1.0,1.0,1.0,0.0,0.0,0.0,0.0,0.0
2001,637ff125ef04d0dae,True,,,,,,,,,,1.0,0.0,1.0,1.0,1.0,1.0,0.0,1.0,0.0,0.0
2002,fa04ce296f85923f0,True,,,,,,,,,,1.0,1.0,1.0,1.0,0.6614670503056523,1.0,1.0,1.0,1.0,0.8942084532205163
2003,6b0fd30198ec1713c,True,,,,,,,,,,1.0,1.0,1.0,1.0,0.5523526794694693,1.0,1.0,1.0,1.0,0.8601102123342091
2004,0fa05fe58f28e1239,True,,,,,,,,,,1.0,1.0,1.0,1.0,0.5328424732114803,1.0,1.0,1.0,1.0,0.8540132728785876
2005,59b05ded13f97b278,True,,,,,,,,,,1.0,1.0,1.0,1.0,0.6622585573344083,1.0,1.0,1.0,1.0,0.8944557991670026
2006,2fb8e40dec69f26c4,True,,,,,,,,,,1.0,1.0,1.0,1.0,0.9279772186802899,1.0,0.0,1.0,0.0,0.7274928808375907
2007,2c3eb63a9cdff8129,True,,,,,,,,,,1.0,1.0,1.0,1.0,0.697118659330046,1.0,1.0,1.0,0.0,0.7803495810406393
2008,1cdaa96068632401f,True,,,,,,,,,,1.0,1.0,1.0,1.0,0.4092949509768898,1.0,1.0,1.0,1.0,0.8154046721802781
2009,d0df486d88c5b89d4,True,,,,,,,,,,1.0,1.0,1.0,1.0,0.5701895217141041,1.0,1.0,1.0,0.0,0.7406842255356575
2010,db59121d7d601b04b,True,,,,,,,,,,0.0,1.0,1.0,1.0,1.0,0.0,1.0,1.0,0.0,0.0
2011,94f8422c63c8418c0,True,,,,,,,,,,1.0,1.0,1.0,1.0,0.9080566053262633,1.0,0.0,1.0,1.0,0.8462676891644573
2012,fa3650efa1fa9cb64,True,,,,,,,,,,1.0,1.0,1.0,1.0,1.0,1.0,1.0,1.0,1.0,1.0
2013,bfb52f68dcd77ef80,True,,,,,,,,,,1.0,0.0,0.0,1.0,1.0,1.0,0.0,1.0,1.0,0.0
2014,7e640664f4c19d17e,True,,,,,,,,,,1.0,1.0,1.0,1.0,1.0,1.0,0.0,1.0,1.0,0.875
2015,2fd5a616331094ce1,True,,,,,,,,,,1.0,0.0,1.0,1.0,1.0,1.0,0.0,1.0,0.0,0.0
2016,cfa0d13a7c93691c3,True,,,,,,,,,,1.0,0.0,1.0,1.0,0.6403757968885736,1.0,0.0,1.0,0.0,0.0
2017,a317b20e8d007342f,True,,,,,,,,,,1.0,1.0,1.0,1.0,0.8560063142232114,1.0,0.0,1.0,1.0,0.8300019731947536
2018,5811614378e2be311,True,,,,,,,,,,1.0,0.0,1.0,1.0,1.0,1.0,0.0,1.0,1.0,0.0
2019,ecccff94c00a6bd77,True,,,,,,,,,,0.0,0.0,0.5,1.0,1.0,0.0,0.0,1.0,1.0,0.0
2020,0ff0e427305289854,True,,,,,,,,,,1.0,1.0,0.5,1.0,1.0,1.0,0.0,1.0,0.0,0.375
2021,2cfe97d8f0bc1727a,True,,,,,,,,,,1.0,0.0,0.5,1.0,1.0,1.0,0.0,1.0,0.0,0.0
2022,1c18bdd5b49d08afb,True,,,,,,,,,,0.0,1.0,0.0,1.0,1.0,0.0,0.0,1.0,0.0,0.0
2023,230e554a4a9b823fa,True,,,,,,,,,,0.5,0.0,1.0,1.0,1.0,0.0,0.0,1.0,0.0,0.0
2024,f15e1bae8a03b12b1,True,,,,,,,,,,1.0,1.0,1.0,1.0,0.6254862482850776,1.0,0.0,1.0,1.0,0.7579644525890867
2025,246d3c9b39fae2ec7,True,,,,,,,,,,1.0,1.0,1.0,1.0,1.0,1.0,1.0,1.0,1.0,1.0
2026,5922fad17f2f5e59f,True,,,,,,,,,,0.0,1.0,0.0,1.0,1.0,0.0,0.0,1.0,0.0,0.0
2027,57242411e2f320c12,True,,,,,,,,,,1.0,1.0,1.0,1.0,0.6877452841458742,1.0,1.0,1.0,1.0,0.9024204012955857
2028,6a7d426363539d6d7,True,,,,,,,,,,0.0,1.0,1.0,1.0,1.0,0.0,0.0,0.0,0.0,0.0
2029,ce0d18bc2635a901b,True,,,,,,,,,,1.0,1.0,1.0,1.0,0.9854291892825819,1.0,0.0,1.0,1.0,0.8704466216508069
2030,77591ae74db6e241c,True,,,,,,,,,,0.5,0.0,1.0,1.0,1.0,0.0,1.0,1.0,0.0,0.0
2031,9e3a4761b9b643940,True,,,,,,,,,,1.0,0.0,0.0,1.0,1.0,1.0,0.0,1.0,0.0,0.0
2032,85102a1c7b55bc154,True,,,,,,,,,,1.0,1.0,1.0,1.0,0.5948799498834857,1.0,1.0,1.0,0.0,0.7483999843385893
2033,5eda23d004b1120db,True,,,,,,,,,,0.0,1.0,0.0,1.0,0.846901375414598,0.0,0.0,1.0,1.0,0.0
2034,f422184af5c3c266b,True,,,,,,,,,,0.0,1.0,1.0,1.0,1.0,0.0,1.0,1.0,0.0,0.0
2035,2a839dc18e91bbd40,True,,,,,,,,,,1.0,1.0,0.0,1.0,0.8301897145732783,1.0,0.0,1.0,1.0,0.0
2036,33f0f0e933c91112e,True,,,,,,,,,,1.0,1.0,1.0,1.0,1.0,1.0,1.0,1.0,0.0,0.875
2037,2292f65aeeb91446d,True,,,,,,,,,,1.0,1.0,1.0,1.0,0.19627411830433109,1.0,1.0,1.0,0.0,0.6238356619701035
2038,300e70e9d228631b4,True,,,,,,,,,,1.0,1.0,0.0,1.0,1.0,1.0,0.0,0.0,1.0,0.0
2039,e2272321d7d429d4f,True,,,,,,,,,,1.0,0.0,0.5,1.0,1.0,1.0,0.0,0.0,0.0,0.0
2040,fc2eb6e32259de9aa,True,,,,,,,,,,0.5,1.0,1.0,1.0,1.0,0.0,1.0,1.0,0.0,0.28125
2041,9766a7687623d62c6,True,,,,,,,,,,1.0,1.0,0.5,1.0,0.9507268656867954,1.0,0.0,1.0,0.0,0.3673010727635618
2042,cd9f9355204a28a77,True,,,,,,,,,,1.0,0.0,1.0,1.0,1.0,1.0,1.0,1.0,1.0,0.0
2043,155a384f7f1dbf66b,True,,,,,,,,,,1.0,1.0,1.0,1.0,0.3658411025667288,1.0,1.0,1.0,1.0,0.8018253445521027
2044,c4a1482387b6b8440,True,,,,,,,,,,1.0,1.0,1.0,1.0,1.0,1.0,1.0,1.0,1.0,1.0
2045,6e89fe515e3ad5428,True,,,,,,,,,,1.0,1.0,1.0,1.0,0.3976791079527668,1.0,1.0,1.0,1.0,0.8117747212352396
2046,36fe5d9f407c60a58,True,,,,,,,,,,1.0,0.0,0.5,1.0,0.624825165693021,1.0,0.0,1.0,1.0,0.0
2047,6c04df27e5264b20b,True,,,,,,,,,,1.0,0.0,1.0,1.0,1.0,1.0,1.0,1.0,0.0,0.0
2048,aecd96a93af75adeb,True,,,,,,,,,,1.0,1.0,1.0,1.0,1.0,1.0,1.0,1.0,0.0,0.875
2049,7c1dac6894ccd6151,True,,,,,,,,,,1.0,1.0,1.0,1.0,1.0,1.0,0.0,1.0,1.0,0.875
2050,4db96dc771995ab32,True,,,,,,,,,,1.0,1.0,1.0,1.0,0.24848428309971526,1.0,0.0,1.0,0.0,0.515151338468661
2051,1106accd2b5707701,True,,,,,,,,,,0.0,1.0,1.0,1.0,0.6703376079661111,0.0,0.0,1.0,1.0,0.0
2052,f29d81b7079d53bff,True,,,,,,,,,,1.0,1.0,1.0,1.0,0.6559029451018946,1.0,1.0,1.0,0.0,0.7674696703443421
2053,a946e96acbe5186d9,True,,,,,,,,,,1.0,1.0,1.0,0.0,1.0,1.0,0.0,1.0,0.0,0.0
2054,fe3306915ae1e2328,True,,,,,,,,,,1.0,1.0,1.0,1.0,0.928382587762057,1.0,1.0,1.0,0.0,0.8526195586756429
2055,6ab786f972b45ffe0,True,,,,,,,,,,1.0,1.0,1.0,1.0,0.6065604995216537,1.0,0.0,1.0,1.0,0.7520501561005168
2056,9ca4cc4bfc1a7a0a0,True,,,,,,,,,,0.0,0.0,1.0,1.0,1.0,0.0,1.0,0.0,0.0,0.0
2057,a96a23b6f09cca0ae,True,,,,,,,,,,1.0,1.0,1.0,1.0,0.9420902843812988,1.0,0.0,1.0,0.0,0.7319032138691559
2058,b8fafe0f06f38d320,True,,,,,,,,,,0.0,1.0,0.5,1.0,1.0,0.0,0.0,1.0,1.0,0.0
2059,69c099199ed066a94,True,,,,,,,,,,1.0,1.0,1.0,1.0,0.7203763188875604,1.0,0.0,1.0,1.0,0.7876175996523627
2060,6b912a3796564dd7e,True,,,,,,,,,,1.0,1.0,1.0,1.0,1.0,1.0,0.0,1.0,1.0,0.875
2061,63afd42accc1a8cd9,True,,,,,,,,,,1.0,0.0,1.0,1.0,0.8182014912099419,1.0,1.0,1.0,1.0,0.0
2062,25fb03a1d180b3b47,True,,,,,,,,,,1.0,0.0,1.0,1.0,1.0,1.0,1.0,1.0,0.0,0.0
2063,cd7e663897f923d92,True,,,,,,,,,,1.0,1.0,1.0,1.0,0.9509433416022667,1.0,0.0,1.0,0.0,0.7346697942507083
2064,0e893b68e326d1c97,True,,,,,,,,,,1.0,1.0,1.0,1.0,0.5979806584807312,1.0,1.0,1.0,1.0,0.8743689557752286
2065,891da533fb5685c31,True,,,,,,,,,,1.0,0.0,0.5,1.0,1.0,1.0,0.0,0.0,0.0,0.0
2066,bdb2442f6ebc40808,True,,,,,,,,,,1.0,1.0,0.0,1.0,1.0,1.0,0.0,1.0,0.0,0.0
2067,dea13a804cc9407af,True,,,,,,,,,,1.0,1.0,1.0,1.0,0.5726792454514444,1.0,1.0,1.0,0.0,0.7414622642035764
2068,9fb29e611c9f4f0e2,True,,,,,,,,,,1.0,1.0,0.5,1.0,0.7807603728740801,1.0,0.0,0.0,0.0,0.278243808261575
2069,da3afbb4ab75483b4,True,,,,,,,,,,0.0,0.0,0.0,1.0,1.0,0.0,0.0,0.0,0.0,0.0
2070,e781cee1082355533,True,,,,,,,,,,0.5,0.0,1.0,1.0,0.9130674230643291,0.0,1.0,1.0,1.0,0.0
2071,5e9774a9c27631bee,True,,,,,,,,,,1.0,0.0,1.0,1.0,1.0,1.0,1.0,1.0,0.0,0.0
2072,52825507b7931e0f3,True,,,,,,,,,,1.0,1.0,1.0,1.0,0.9044298860129505,1.0,1.0,1.0,1.0,0.970134339379047
2073,12f4928a69547a0bf,True,,,,,,,,,,1.0,0.0,1.0,1.0,1.0,0.0,1.0,1.0,1.0,0.0
2074,7c08e3a9b6ee87717,True,,,,,,,,,,1.0,0.0,0.5,1.0,1.0,1.0,1.0,1.0,0.0,0.0
2075,d21b58003792bc68a,True,,,,,,,,,,1.0,1.0,1.0,1.0,0.714086469216007,1.0,0.0,1.0,1.0,0.7856520216300023
2076,ca78ccfc1f366ca72,True,,,,,,,,,,1.0,1.0,1.0,1.0,1.0,1.0,0.0,1.0,0.0,0.75
2077,580ccf6399ed92f1c,True,,,,,,,,,,1.0,1.0,1.0,1.0,1.0,1.0,0.0,1.0,1.0,0.875
2078,5b1f4f799723ae119,True,,,,,,,,,,0.0,1.0,1.0,1.0,1.0,0.0,1.0,1.0,1.0,0.0
2079,a4bf3773c3567bbdc,True,,,,,,,,,,1.0,1.0,1.0,1.0,0.6102018397667501,1.0,1.0,1.0,1.0,0.8781880749271094
2080,4b3c2ee5f127a3fe4,True,,,,,,,,,,1.0,1.0,0.0,1.0,0.7755173656194003,0.0,0.0,0.0,0.0,0.0
2081,73ebc06c5abeb011a,True,,,,,,,,,,1.0,1.0,1.0,1.0,0.6739843191539935,1.0,0.0,0.0,1.0,0.6481200997356229
2082,f6557e9f386193dfc,True,,,,,,,,,,1.0,1.0,1.0,1.0,0.6544305181007237,1.0,1.0,1.0,0.0,0.7670095369064762
2083,23ab7eb5b925e86ab,True,,,,,,,,,,1.0,1.0,0.5,1.0,1.0,1.0,0.0,1.0,1.0,0.4375
2084,c1ab514b18918fc4d,True,,,,,,,,,,1.0,1.0,1.0,0.0,0.14446889886706335,1.0,0.0,1.0,0.0,0.0
2085,09bd7428736e6525b,True,,,,,,,,,,1.0,1.0,1.0,1.0,0.12891357272987775,1.0,1.0,1.0,1.0,0.7277854914780868
2086,f0fac8077bc98ead2,True,,,,,,,,,,1.0,1.0,1.0,1.0,0.0,1.0,0.0,1.0,1.0,0.5625
2087,a3b3172d137c4851c,True,,,,,,,,,,0.0,1.0,1.0,1.0,1.0,0.0,1.0,1.0,1.0,0.0
2088,fb487048e0748febd,True,,,,,,,,,,1.0,1.0,1.0,1.0,0.5257513573475147,1.0,0.0,1.0,0.0,0.6017972991710984
2089,098f2c514384700c9,True,,,,,,,,,,1.0,1.0,1.0,1.0,0.951700491888098,1.0,0.0,1.0,1.0,0.8599064037150306
2090,821ded6741a70217e,True,,,,,,,,,,1.0,1.0,1.0,1.0,1.0,1.0,1.0,1.0,1.0,1.0
2091,01b72798ffad4fcc6,True,,,,,,,,,,1.0,1.0,0.5,1.0,0.979146613285805,1.0,0.0,1.0,0.0,0.371741658325907
2092,f53ce77b754edd1f8,True,,,,,,,,,,1.0,1.0,1.0,1.0,0.4515269615964669,1.0,1.0,1.0,1.0,0.8286021754988959
2093,270e95b1d769b87a0,True,,,,,,,,,,0.0,0.0,0.5,1.0,1.0,0.0,0.0,1.0,0.0,0.0
2094,4e3a5df59e6d56d34,True,,,,,,,,,,0.0,1.0,1.0,1.0,1.0,0.0,0.0,1.0,0.0,0.0
2095,64048e12035273b06,True,,,,,,,,,,1.0,1.0,1.0,1.0,0.5737555838425589,1.0,1.0,1.0,0.0,0.7417986199507997
2096,cdc70ea2300980958,True,,,,,,,,,,0.0,0.0,1.0,1.0,1.0,0.0,0.0,1.0,1.0,0.0
2097,b2ca4b63cda4a8fe2,True,,,,,,,,,,1.0,1.0,1.0,1.0,0.7922851286634373,1.0,0.0,1.0,1.0,0.8100891027073241
2098,07f017abc801c8b9e,True,,,,,,,,,,1.0,0.0,1.0,1.0,1.0,1.0,0.0,1.0,1.0,0.0
2099,d919319074b4ecfbf,True,,,,,,,,,,1.0,0.0,1.0,1.0,1.0,1.0,0.0,1.0,0.0,0.0
2100,52d06afe759842b4a,True,,,,,,,,,,1.0,0.0,0.5,1.0,1.0,1.0,0.0,1.0,0.0,0.0
2101,ea57c9c13c9526722,True,,,,,,,,,,0.0,1.0,1.0,1.0,1.0,0.0,0.0,1.0,1.0,0.0
2102,1062c697adcf808eb,True,,,,,,,,,,1.0,1.0,1.0,1.0,0.8274162489111089,1.0,1.0,1.0,1.0,0.9460675777847215
2103,1f200aef5aa80a98d,True,,,,,,,,,,1.0,1.0,1.0,1.0,1.0,1.0,1.0,1.0,1.0,1.0
2104,742919271b6be5815,True,,,,,,,,,,1.0,1.0,0.0,1.0,1.0,1.0,1.0,1.0,0.0,0.0
2105,01a49c2730cc3a531,True,,,,,,,,,,1.0,1.0,1.0,1.0,1.0,1.0,0.0,1.0,1.0,0.875
2106,b73265f459fb49f24,True,,,,,,,,,,1.0,1.0,1.0,1.0,0.9502051693459505,1.0,0.0,1.0,1.0,0.8594391154206096
2107,375ef6cffa757aadf,True,,,,,,,,,,1.0,1.0,1.0,1.0,0.37565817124336176,1.0,1.0,1.0,0.0,0.6798931785135506
2108,e5d97a89c908ac563,True,,,,,,,,,,0.0,1.0,1.0,1.0,1.0,0.0,0.0,1.0,0.0,0.0
2109,bcdf9aeebdcada173,True,,,,,,,,,,1.0,1.0,1.0,1.0,0.7984047499339442,1.0,0.0,1.0,1.0,0.8120014843543575
2110,eeb0b8f8cc54ccf58,True,,,,,,,,,,0.0,1.0,1.0,1.0,1.0,0.0,1.0,1.0,0.0,0.0
2111,5806dc63fc6e3cad9,True,,,,,,,,,,1.0,1.0,1.0,1.0,0.8726345116610126,1.0,0.0,1.0,0.0,0.7101982848940664
2112,7681847aa2ebf24e0,True,,,,,,,,,,1.0,0.0,0.5,1.0,1.0,1.0,0.0,1.0,1.0,0.0
2113,5a653e174a05d5da0,True,,,,,,,,,,1.0,0.0,1.0,1.0,0.8243579809747206,1.0,1.0,1.0,1.0,0.0
2114,95285e276d73120c3,True,,,,,,,,,,1.0,1.0,1.0,1.0,0.5226194821341609,1.0,1.0,1.0,1.0,0.8508185881669252
2115,f0ec163fc911ff8bb,True,,,,,,,,,,1.0,1.0,1.0,1.0,0.01520524649890232,1.0,1.0,1.0,0.0,0.567251639530907
2116,a557acb1f1d4211d2,True,,,,,,,,,,1.0,1.0,1.0,1.0,0.8048244546212602,1.0,0.0,1.0,1.0,0.8140076420691438
2117,5717f95b78bfe233e,True,,,,,,,,,,1.0,1.0,1.0,1.0,0.1755154815564575,1.0,1.0,1.0,1.0,0.7423485879863929
2118,4e231a60b33891721,True,,,,,,,,,,1.0,1.0,1.0,1.0,0.25746847107705845,1.0,0.0,1.0,1.0,0.6429588972115807
2119,6a802ffe0ffb0c125,True,,,,,,,,,,1.0,1.0,1.0,1.0,1.0,1.0,1.0,1.0,0.0,0.875
2120,4f4151894f1e74390,True,,,,,,,,,,1.0,1.0,1.0,1.0,0.6465947346264715,1.0,0.0,1.0,1.0,0.7645608545707724
2121,170cbe90db917432e,True,,,,,,,,,,1.0,1.0,1.0,1.0,0.7335962981154943,1.0,0.0,1.0,1.0,0.791748843161092
2122,0acf0c1a301a7180c,True,,,,,,,,,,1.0,1.0,1.0,1.0,1.0,1.0,1.0,1.0,1.0,1.0
2123,3b13a581a5a50dcdd,True,,,,,,,,,,1.0,1.0,1.0,1.0,0.18629305214935749,1.0,0.0,1.0,1.0,0.6207165787966742
2124,eac3cd256c959f2bc,True,,,,,,,,,,1.0,1.0,1.0,1.0,0.6013848969967426,1.0,1.0,1.0,0.0,0.7504327803114821
2125,5fa6ede627d6c9af7,True,,,,,,,,,,1.0,0.0,0.5,1.0,1.0,1.0,1.0,1.0,0.0,0.0
2126,d021a67c53a7865f3,True,,,,,,,,,,1.0,1.0,1.0,1.0,0.36617143356140935,1.0,0.0,1.0,1.0,0.6769285729879404
2127,0b09e2367441527e4,True,,,,,,,,,,1.0,0.0,1.0,1.0,1.0,1.0,1.0,1.0,0.0,0.0
2128,70f0bbf667ad7bd9e,True,,,,,,,,,,1.0,1.0,1.0,1.0,0.22749803365638088,1.0,1.0,1.0,1.0,0.758593135517619
2129,46cb7915dd2c8bddc,True,,,,,,,,,,1.0,1.0,1.0,1.0,0.8676530797161398,1.0,0.0,1.0,1.0,0.8336415874112937
2130,ba6dae21cadca949f,True,,,,,,,,,,1.0,1.0,1.0,1.0,0.4251879185567603,1.0,1.0,1.0,1.0,0.8203712245489876
2131,6bdee3f4f4da685e0,True,,,,,,,,,,1.0,1.0,1.0,1.0,0.9513835134243959,1.0,1.0,1.0,1.0,0.9848073479451237
2132,996756f9de2d21bac,True,,,,,,,,,,1.0,1.0,1.0,1.0,1.0,1.0,0.0,1.0,0.0,0.75
2133,a18d6dca51d1c96c6,True,,,,,,,,,,1.0,1.0,0.5,1.0,0.7165819220918943,1.0,0.0,1.0,1.0,0.39321592532685845
2134,03e533b28bfac776e,True,,,,,,,,,,1.0,1.0,0.5,1.0,1.0,1.0,0.0,1.0,1.0,0.4375
2135,d23a6fb267f1f6fa5,True,,,,,,,,,,1.0,1.0,1.0,1.0,0.8456187766324764,1.0,1.0,1.0,0.0,0.8267558676976489
2136,2bf1c7fc03ffaa988,True,,,,,,,,,,1.0,1.0,1.0,1.0,0.6958018827185118,1.0,0.0,1.0,0.0,0.6549380883495349
2137,d131d95c5bdd01f16,True,,,,,,,,,,1.0,0.0,1.0,1.0,0.7849002923276751,1.0,1.0,1.0,1.0,0.0
2138,14f814e6cbf15fcb5,True,,,,,,,,,,1.0,0.0,1.0,1.0,1.0,1.0,1.0,1.0,1.0,0.0
2139,afae980cb1f67291e,True,,,,,,,,,,1.0,1.0,1.0,1.0,0.5657396706364032,1.0,1.0,1.0,1.0,0.864293647073876
2140,59b413d34d6d4b46a,True,,,,,,,,,,1.0,1.0,0.0,1.0,1.0,1.0,0.0,1.0,1.0,0.0
2141,fedfbdfcf20092620,True,,,,,,,,,,1.0,1.0,1.0,1.0,0.31336061681204574,1.0,0.0,1.0,1.0,0.6604251927537643
2142,e9998b8b863aa29d4,True,,,,,,,,,,1.0,1.0,1.0,1.0,0.627861002488895,1.0,0.0,1.0,0.0,0.6337065632777796
2143,19f37ab0ecf15f254,True,,,,,,,,,,1.0,1.0,1.0,1.0,0.9706866451703842,1.0,0.0,1.0,1.0,0.8658395766157451
2144,95bfecce656f72d69,True,,,,,,,,,,0.0,1.0,0.0,1.0,1.0,0.0,0.0,1.0,1.0,0.0
2145,24eaf29d6a3fb645e,True,,,,,,,,,,1.0,1.0,1.0,1.0,1.0,1.0,1.0,1.0,1.0,1.0
2146,14a4ca35ab5b9b46d,True,,,,,,,,,,1.0,1.0,1.0,1.0,0.8313270091463483,1.0,1.0,1.0,0.0,0.8222896903582338
2147,e147b31afd8a5c390,True,,,,,,,,,,1.0,1.0,1.0,0.0,1.0,1.0,1.0,0.0,0.0,0.0
2148,7c8ff6814e197c909,True,,,,,,,,,,0.0,1.0,1.0,1.0,1.0,0.0,0.0,1.0,0.0,0.0
2149,8192ed9c4330db32d,True,,,,,,,,,,1.0,1.0,1.0,1.0,1.0,1.0,0.0,1.0,1.0,0.875
2150,b597eeb6a07198090,True,,,,,,,,,,1.0,0.0,1.0,1.0,1.0,1.0,1.0,1.0,0.0,0.0
2151,9c8f0339c698b9080,True,,,,,,,,,,1.0,1.0,1.0,1.0,0.8741651139437648,1.0,1.0,1.0,1.0,0.9606765981074266
2152,5bfc22f5524f10a47,True,,,,,,,,,,1.0,1.0,0.5,1.0,1.0,1.0,0.0,1.0,1.0,0.4375
2153,b18dce3363c25fc91,True,,,,,,,,,,0.0,0.0,0.0,1.0,1.0,0.0,0.0,1.0,0.0,0.0
2154,e6d1e14cb2784e8d9,True,,,,,,,,,,1.0,1.0,1.0,1.0,0.8082873083219757,1.0,1.0,1.0,1.0,0.9400897838506175
2155,2dbd58ac0d23460fd,True,,,,,,,,,,1.0,1.0,1.0,1.0,0.06588773216278984,1.0,1.0,1.0,1.0,0.7080899163008718
2156,2ddb8a77091ace2c6,True,,,,,,,,,,1.0,1.0,1.0,1.0,0.695812652649427,1.0,1.0,1.0,1.0,0.9049414539529459
2157,5bc5b9c19039b3131,True,,,,,,,,,,1.0,1.0,1.0,1.0,0.9179723554779198,1.0,0.0,1.0,0.0,0.7243663610868499
2158,b12d970eb84c1530f,True,,,,,,,,,,0.0,1.0,1.0,1.0,1.0,0.0,0.0,1.0,0.0,0.0
2159,d241d7576360a6907,True,,,,,,,,,,1.0,1.0,1.0,1.0,1.0,1.0,0.0,1.0,0.0,0.75
2160,823e2256b643e1b5f,True,,,,,,,,,,0.0,1.0,1.0,1.0,1.0,0.0,1.0,1.0,0.0,0.0
2161,dd091b9e715ca6370,True,,,,,,,,,,1.0,1.0,1.0,1.0,0.6526527638539512,0.0,0.0,1.0,1.0,0.45395398870435977
2162,dd0ab6f5e9d352fb2,True,,,,,,,,,,1.0,1.0,0.5,1.0,1.0,1.0,0.0,1.0,1.0,0.4375
2163,1d631538778b4fffe,True,,,,,,,,,,1.0,1.0,1.0,1.0,0.6024744328415228,1.0,1.0,1.0,0.0,0.7507732602629759
2164,d798add46e9093547,True,,,,,,,,,,1.0,1.0,0.0,1.0,1.0,1.0,0.0,1.0,0.0,0.0
2165,b13e0235a1932348c,True,,,,,,,,,,1.0,1.0,1.0,1.0,0.5324977595940648,1.0,0.0,1.0,0.0,0.6039055498731453
2166,edd46eab5d581d11a,True,,,,,,,,,,1.0,1.0,0.0,1.0,1.0,1.0,1.0,1.0,0.0,0.0
2167,1d749bcf71869340e,True,,,,,,,,,,1.0,1.0,1.0,1.0,0.7313884522297973,1.0,1.0,1.0,1.0,0.9160588913218117
2168,7fd5398b4e1c42134,True,,,,,,,,,,1.0,0.0,0.5,1.0,1.0,1.0,0.0,1.0,0.0,0.0
2169,581c763cd78c9643e,True,,,,,,,,,,1.0,1.0,1.0,1.0,1.0,1.0,1.0,1.0,1.0,1.0
2170,ea986d3a0c0d7a702,True,,,,,,,,,,1.0,1.0,1.0,1.0,0.3786421003082178,1.0,1.0,1.0,0.0,0.6808256563463181
2171,6cca874fda7a3507a,True,,,,,,,,,,0.0,1.0,1.0,1.0,1.0,0.0,0.0,1.0,1.0,0.0
2172,85dc9224d8159ff88,True,,,,,,,,,,1.0,0.0,1.0,1.0,1.0,1.0,0.0,0.0,0.0,0.0
2173,81a0fd8a5f248a253,True,,,,,,,,,,0.0,1.0,1.0,1.0,1.0,0.0,1.0,1.0,1.0,0.0
2174,0f677bebd5ee6c831,True,,,,,,,,,,1.0,1.0,1.0,1.0,0.7309504110737636,1.0,0.0,1.0,1.0,0.7909220034605511
2175,dd75967675d1052fc,True,,,,,,,,,,0.0,1.0,1.0,1.0,0.5414713972389308,0.0,0.0,1.0,0.0,0.0
2176,2810fb7a63c63635c,True,,,,,,,,,,1.0,1.0,1.0,1.0,0.815519567391023,1.0,1.0,1.0,1.0,0.9423498648096946
2177,4ff48fa4e19774be7,True,,,,,,,,,,0.0,1.0,1.0,1.0,0.35960791761132277,0.0,0.0,1.0,1.0,0.0
2178,a8b1bc8442e0fb5b1,True,,,,,,,,,,1.0,1.0,1.0,1.0,0.7406325589405321,1.0,0.0,1.0,1.0,0.7939476746689162
2179,c92c8161fb36eab75,True,,,,,,,,,,1.0,1.0,1.0,1.0,0.6688584000301656,1.0,0.0,1.0,1.0,0.7715182500094268
2180,a8b2c2c9a9c84c4f5,True,,,,,,,,,,1.0,1.0,1.0,1.0,0.33306284557818405,1.0,1.0,1.0,0.0,0.6665821392431825
2181,117c9da6253882bd5,True,,,,,,,,,,0.0,1.0,1.0,1.0,0.3789720855379314,0.0,0.0,1.0,0.0,0.0
2182,f89453f475567e939,True,,,,,,,,,,1.0,1.0,1.0,1.0,0.7627468361905478,1.0,1.0,1.0,0.0,0.8008583863095462
2183,98908f760ae1f8648,True,,,,,,,,,,0.0,1.0,1.0,1.0,1.0,0.0,0.0,1.0,0.0,0.0
2184,b9a43db97480bc666,True,,,,,,,,,,1.0,0.0,0.0,1.0,1.0,1.0,0.0,1.0,0.0,0.0
2185,9e4e2947f7b3098a7,True,,,,,,,,,,0.0,0.0,1.0,1.0,1.0,0.0,0.0,1.0,1.0,0.0
2186,a7c33da176ab8f433,True,,,,,,,,,,1.0,0.0,1.0,1.0,1.0,1.0,1.0,0.0,0.0,0.0
2187,3b2fcd8bf613ba28f,True,,,,,,,,,,1.0,1.0,1.0,1.0,0.5737049737664595,1.0,0.0,1.0,1.0,0.7417828043020186
2188,de6d8849e57d7258f,True,,,,,,,,,,1.0,1.0,1.0,1.0,0.7477373528604259,1.0,1.0,1.0,1.0,0.9211679227688832
2189,b6d61abe346b88db3,True,,,,,,,,,,1.0,1.0,1.0,1.0,0.3182659080587817,1.0,1.0,1.0,1.0,0.7869580962683693
2190,52998366db81d0fca,True,,,,,,,,,,1.0,1.0,1.0,1.0,0.6934979937310359,1.0,1.0,1.0,0.0,0.7792181230409487
2191,2b296dc7b6be46a34,True,,,,,,,,,,1.0,0.0,0.5,1.0,1.0,1.0,0.0,1.0,0.0,0.0
2192,9cb5545908502a26c,True,,,,,,,,,,1.0,1.0,1.0,1.0,0.7156576131775891,1.0,1.0,1.0,1.0,0.9111430041179966
2193,4fe667077cf665671,True,,,,,,,,,,1.0,1.0,1.0,1.0,1.0,1.0,0.0,1.0,0.0,0.75
2194,2516d8b2211015894,True,,,,,,,,,,1.0,1.0,1.0,1.0,0.8884289776873935,1.0,1.0,1.0,1.0,0.9651340555273105
2195,ceec882b56eebd8c4,True,,,,,,,,,,1.0,1.0,1.0,1.0,0.7080531625026191,0.0,1.0,1.0,1.0,0.5962666132820684
2196,9985c549514dec050,True,,,,,,,,,,1.0,1.0,0.5,1.0,1.0,1.0,0.0,1.0,1.0,0.4375
2197,98fc31c7de325cbf0,True,,,,,,,,,,1.0,1.0,1.0,1.0,0.0,1.0,1.0,1.0,1.0,0.6875
2198,32e86d0bba3339136,True,,,,,,,,,,1.0,1.0,1.0,1.0,1.0,1.0,0.0,0.0,0.0,0.625
2199,41605b0da6ca7fa55,True,,,,,,,,,,1.0,1.0,1.0,1.0,0.6465372245154289,1.0,1.0,1.0,1.0,0.8895428826610715
2200,2add74aa82c54303c,True,,,,,,,,,,1.0,1.0,1.0,1.0,0.6312098700754329,1.0,1.0,1.0,0.0,0.7597530843985728
2201,b96ce0efca7101f74,True,,,,,,,,,,1.0,0.0,1.0,1.0,0.47536458089563727,1.0,0.0,1.0,1.0,0.0
2202,5cd39ab6536d551b7,True,,,,,,,,,,0.0,1.0,1.0,1.0,1.0,0.0,0.0,1.0,0.0,0.0
2203,bad9757cb0a673425,True,,,,,,,,,,1.0,1.0,1.0,1.0,1.0,1.0,1.0,1.0,1.0,1.0
2204,23bbff1d97344d8cd,True,,,,,,,,,,1.0,1.0,1.0,1.0,0.7572446697837967,1.0,1.0,0.0,0.0,0.6741389593074365
2205,f76b309e043384dcf,True,,,,,,,,,,1.0,1.0,1.0,1.0,0.776868229580198,1.0,0.0,1.0,0.0,0.6802713217438119
2206,87ba78b703221d111,True,,,,,,,,,,0.0,1.0,1.0,1.0,1.0,0.0,1.0,1.0,1.0,0.0
2207,7d7a22329b9cef777,True,,,,,,,,,,1.0,1.0,1.0,1.0,0.8683475019035779,1.0,0.0,1.0,1.0,0.8338585943448681
2208,076a62d5c97d941a6,True,,,,,,,,,,0.5,0.0,1.0,1.0,0.6189914431886095,0.0,1.0,1.0,1.0,0.0
2209,735bf126af1875fe2,True,,,,,,,,,,0.0,1.0,1.0,1.0,1.0,0.0,0.0,1.0,1.0,0.0
2210,ef08e59a9c882aea6,True,,,,,,,,,,0.0,1.0,1.0,1.0,1.0,0.0,0.0,1.0,1.0,0.0
2211,aa97ab9606aa456ff,True,,,,,,,,,,1.0,1.0,1.0,1.0,0.9859158557501247,0.0,1.0,1.0,1.0,0.6830987049219139
2212,29e06b2285a52c6d0,True,,,,,,,,,,1.0,1.0,0.0,1.0,1.0,0.0,0.0,1.0,0.0,0.0
2213,5fd00e9375f6b46f9,True,,,,,,,,,,1.0,1.0,1.0,1.0,0.1757823603075356,1.0,0.0,1.0,1.0,0.6174319875961048
2214,75c869092ef8bc8ce,True,,,,,,,,,,1.0,1.0,1.0,1.0,0.5869405297298997,1.0,1.0,1.0,1.0,0.8709189155405936
2215,e280063b53c411361,True,,,,,,,,,,0.0,0.0,0.0,1.0,1.0,0.0,0.0,1.0,0.0,0.0
2216,8abc54b8e7a9ff3ca,True,,,,,,,,,,1.0,1.0,1.0,1.0,0.3107738772543051,1.0,0.0,1.0,1.0,0.6596168366419703
2217,dc6135734ed70b551,True,,,,,,,,,,1.0,1.0,1.0,1.0,0.4936827058453577,1.0,1.0,1.0,0.0,0.7167758455766743
2218,b7670ba8822752554,True,,,,,,,,,,1.0,1.0,1.0,1.0,0.18156306876645137,1.0,1.0,1.0,0.0,0.6192384589895161
2219,b02f376e03d453a0a,True,,,,,,,,,,0.0,1.0,1.0,1.0,1.0,0.0,1.0,1.0,0.0,0.0
2220,0d5b6ee9d0a973914,True,,,,,,,,,,1.0,1.0,1.0,0.0,1.0,1.0,1.0,1.0,0.0,0.0
2221,d24b8e6fb44849b23,True,,,,,,,,,,1.0,1.0,0.0,1.0,1.0,1.0,1.0,1.0,0.0,0.0
2222,2ffcefe9968b81e13,True,,,,,,,,,,1.0,1.0,0.5,1.0,0.8808988341933313,1.0,0.0,1.0,0.0,0.35639044284270804
2223,115bbfc42ca3a09e4,True,,,,,,,,,,1.0,1.0,1.0,1.0,0.493865301239261,1.0,0.0,1.0,0.0,0.5918329066372691
2224,d338d0b0f53782114,True,,,,,,,,,,1.0,1.0,1.0,1.0,0.935890029106918,1.0,0.0,1.0,0.0,0.7299656340959119
2225,f5714362919202c36,True,,,,,,,,,,1.0,1.0,1.0,1.0,0.48266596459323025,1.0,1.0,1.0,1.0,0.8383331139353845
2226,6f8794f5f301202d0,True,,,,,,,,,,1.0,1.0,1.0,1.0,1.0,1.0,1.0,1.0,1.0,1.0
2227,2c604a5718db55a9d,True,,,,,,,,,,1.0,0.0,1.0,1.0,0.8084341267079861,1.0,0.0,1.0,0.0,0.0
2228,eacc02fe002535ebb,True,,,,,,,,,,1.0,1.0,0.0,1.0,1.0,1.0,0.0,1.0,1.0,0.0
2229,964d3400667ae187f,True,,,,,,,,,,1.0,1.0,1.0,1.0,0.7949917752683758,1.0,1.0,1.0,0.0,0.8109349297713675
2230,d4aaf5d6841ea2cad,True,,,,,,,,,,1.0,1.0,1.0,1.0,0.2713634752945664,1.0,0.0,1.0,1.0,0.647301086029552
2231,2d240158ae67d64dd,True,,,,,,,,,,1.0,1.0,0.5,1.0,1.0,1.0,0.0,0.0,0.0,0.3125
2232,f12a7ee18a123034b,True,,,,,,,,,,1.0,0.0,0.5,1.0,1.0,1.0,0.0,1.0,0.0,0.0
2233,6f8cba85e3f6cd0d4,True,,,,,,,,,,1.0,1.0,0.5,1.0,1.0,1.0,0.0,1.0,1.0,0.4375
2234,c8443f5a68a70d97c,True,,,,,,,,,,1.0,1.0,0.0,1.0,1.0,1.0,0.0,1.0,1.0,0.0
2235,2c06706ac4ab7c708,True,,,,,,,,,,0.0,1.0,1.0,1.0,1.0,0.0,0.0,1.0,1.0,0.0
2236,45a4165a206b0969b,True,,,,,,,,,,0.0,1.0,0.5,1.0,1.0,0.0,0.0,1.0,0.0,0.0
2237,626d07f3f8b80566b,True,,,,,,,,,,1.0,1.0,1.0,1.0,0.7660060538764422,1.0,1.0,1.0,1.0,0.9268768918363881
2238,0409a56c40aabf66c,True,,,,,,,,,,1.0,0.0,1.0,1.0,0.6391112907957287,1.0,0.0,1.0,1.0,0.0
2239,6e32b9a6c91fe85dc,True,,,,,,,,,,1.0,1.0,1.0,1.0,1.0,1.0,0.0,1.0,1.0,0.875
2240,15755cd0249f8223a,True,,,,,,,,,,1.0,1.0,0.0,1.0,1.0,0.0,0.0,1.0,0.0,0.0
2241,50da2cb15a6c805e6,True,,,,,,,,,,0.0,1.0,1.0,1.0,1.0,0.0,0.0,1.0,1.0,0.0
2242,785173203974d1027,True,,,,,,,,,,1.0,0.0,1.0,1.0,1.0,1.0,1.0,1.0,1.0,0.0
2243,8a9e6d29520f76dfc,True,,,,,,,,,,1.0,1.0,0.5,1.0,1.0,1.0,0.0,1.0,0.0,0.375
2244,7c2bed78bc3df5a9b,True,,,,,,,,,,1.0,1.0,0.5,1.0,1.0,1.0,0.0,1.0,1.0,0.4375
2245,45904686e63c2b9a3,True,,,,,,,,,,1.0,1.0,1.0,1.0,0.0,1.0,1.0,1.0,1.0,0.6875
2246,e8a9486b49b69adbf,True,,,,,,,,,,1.0,1.0,1.0,1.0,0.5712660514913226,1.0,1.0,1.0,0.0,0.7410206410910383
2247,c82fe572121770ee2,True,,,,,,,,,,1.0,0.0,0.0,1.0,1.0,1.0,0.0,1.0,1.0,0.0
2248,d2de0edb11096f082,True,,,,,,,,,,1.0,1.0,1.0,1.0,0.8540039011159292,1.0,0.0,1.0,1.0,0.8293762190987279
2249,ada3a1a9a3d4dee81,True,,,,,,,,,,1.0,1.0,1.0,1.0,0.8807015952567785,1.0,1.0,1.0,1.0,0.9627192485177433
2250,312594bc42c547bb1,True,,,,,,,,,,1.0,1.0,0.5,1.0,1.0,1.0,0.0,1.0,0.0,0.375
2251,5fe4444b0088c0e14,True,,,,,,,,,,1.0,0.0,1.0,1.0,0.8260379772808605,1.0,1.0,1.0,0.0,0.0
2252,c24ef0bd2ded98fef,True,,,,,,,,,,1.0,1.0,0.5,1.0,1.0,1.0,0.0,1.0,0.0,0.375
2253,8d07721cee604c720,True,,,,,,,,,,1.0,0.0,1.0,1.0,0.7380522649754776,1.0,0.0,1.0,1.0,0.0
2254,e855857341cd72c99,True,,,,,,,,,,1.0,1.0,1.0,1.0,0.7218202743625488,1.0,1.0,1.0,1.0,0.9130688357382966
2255,382721ffdbe71cadc,True,,,,,,,,,,1.0,1.0,1.0,1.0,0.3804854767835158,1.0,1.0,1.0,0.0,0.6814017114948487
2256,554adddfca63d6fe8,True,,,,,,,,,,1.0,1.0,1.0,1.0,0.5264366498452664,1.0,1.0,1.0,0.0,0.7270114530766457
2257,6a45a8aa53220a0e3,True,,,,,,,,,,1.0,1.0,1.0,1.0,0.9181856205000427,1.0,1.0,1.0,0.0,0.8494330064062634
2258,8868a14471179c2a7,True,,,,,,,,,,0.0,1.0,0.0,1.0,1.0,0.0,0.0,1.0,1.0,0.0
2259,b04402bb6e662613d,True,,,,,,,,,,1.0,1.0,1.0,1.0,1.0,1.0,1.0,1.0,1.0,1.0
2260,9d72bed8e095c9a05,True,,,,,,,,,,1.0,0.0,0.0,1.0,1.0,1.0,1.0,1.0,0.0,0.0
2261,3a84eaeca44c1b7ad,True,,,,,,,,,,1.0,1.0,1.0,1.0,0.8506295917530453,1.0,0.0,1.0,0.0,0.7033217474228266
2262,2eb3bf3c471605eb4,True,,,,,,,,,,1.0,1.0,1.0,1.0,1.0,1.0,1.0,1.0,1.0,1.0
2263,4bec08cedd964d496,True,,,,,,,,,,1.0,0.0,1.0,1.0,1.0,1.0,1.0,1.0,1.0,0.0
2264,2afebe4218aece0b6,True,,,,,,,,,,1.0,0.0,0.5,1.0,1.0,1.0,0.0,1.0,0.0,0.0
2265,68becb68da6734f1a,True,,,,,,,,,,1.0,1.0,1.0,1.0,0.7105356020259067,1.0,1.0,1.0,1.0,0.9095423756330958
2266,6a4de6b536cc07742,True,,,,,,,,,,1.0,1.0,1.0,1.0,0.6634125001552158,1.0,0.0,1.0,1.0,0.7698164062985049
2267,bd52a44e8dce6c6d8,True,,,,,,,,,,0.5,1.0,1.0,1.0,1.0,1.0,0.0,1.0,0.0,0.375
2268,6561872854225db74,True,,,,,,,,,,1.0,1.0,1.0,1.0,1.0,1.0,1.0,1.0,1.0,1.0
2269,d14bb6b9926bccfb5,True,,,,,,,,,,1.0,1.0,1.0,1.0,0.20284208258351075,1.0,1.0,1.0,1.0,0.750888150807347
2270,1d6a75c2185cddac3,True,,,,,,,,,,1.0,1.0,1.0,1.0,0.5382996375768425,1.0,1.0,1.0,1.0,0.8557186367427633
2271,e2d605dbd1207f15f,True,,,,,,,,,,1.0,1.0,1.0,1.0,0.0,1.0,0.0,1.0,0.0,0.4375
2272,155b9d04c8ecbdf6e,True,,,,,,,,,,1.0,1.0,1.0,1.0,1.0,1.0,1.0,1.0,1.0,1.0
2273,65e1feb850bbe8c9b,True,,,,,,,,,,1.0,1.0,0.5,1.0,1.0,1.0,0.0,1.0,0.0,0.375
2274,4ed26e14929f14eb4,True,,,,,,,,,,1.0,1.0,1.0,1.0,0.8002039259690126,1.0,0.0,1.0,0.0,0.6875637268653164
2275,7002b130242124367,True,,,,,,,,,,1.0,1.0,1.0,1.0,0.3156681793468221,1.0,1.0,1.0,0.0,0.661146306045882
2276,7e80b831e8ff5883f,True,,,,,,,,,,1.0,0.0,0.0,1.0,1.0,1.0,0.0,1.0,1.0,0.0
2277,87b0f0681dc28e308,True,,,,,,,,,,0.5,1.0,1.0,1.0,1.0,0.0,1.0,1.0,0.0,0.28125
2278,d3f900cebad176f8c,True,,,,,,,,,,0.0,1.0,0.5,1.0,1.0,0.0,0.0,1.0,0.0,0.0
2279,b5d11a125c8146f58,True,,,,,,,,,,1.0,1.0,1.0,1.0,0.573190583740331,1.0,0.0,1.0,1.0,0.7416220574188535
2280,fb83d9aa77ed50be0,True,,,,,,,,,,1.0,1.0,1.0,1.0,1.0,1.0,1.0,1.0,0.0,0.875
2281,1d5df5d9b3e4a5b4e,True,,,,,,,,,,1.0,1.0,1.0,1.0,0.8456432652622786,1.0,1.0,1.0,0.0,0.8267635203944621
2282,59e6ebcbd44500064,True,,,,,,,,,,1.0,1.0,1.0,1.0,0.7637205639102931,1.0,0.0,1.0,1.0,0.8011626762219666
2283,749b3e461ac448a6a,True,,,,,,,,,,0.0,1.0,0.0,1.0,1.0,0.0,0.0,1.0,1.0,0.0
2284,2ba1cba17d48212d7,True,,,,,,,,,,0.5,1.0,1.0,1.0,1.0,0.0,1.0,1.0,1.0,0.34375
2285,e85a39742e3e7ef00,True,,,,,,,,,,1.0,0.0,0.0,1.0,1.0,1.0,0.0,1.0,1.0,0.0
2286,79fb2b729214ceac0,True,,,,,,,,,,0.0,1.0,0.0,1.0,0.85952908318798,0.0,0.0,1.0,0.0,0.0
2287,0cdb9c6ab183da958,True,,,,,,,,,,1.0,1.0,1.0,1.0,0.6800560969716746,1.0,1.0,1.0,1.0,0.9000175303036483
2288,8f0ed4cbd9cfb8ff3,True,,,,,,,,,,0.0,1.0,1.0,1.0,1.0,0.0,1.0,1.0,1.0,0.0
2289,c63fc1f399e5c5f1c,True,,,,,,,,,,1.0,1.0,1.0,1.0,0.6194620738795452,1.0,1.0,1.0,0.0,0.7560818980873578
2290,ed8e5c526e1f42a73,True,,,,,,,,,,1.0,1.0,1.0,1.0,1.0,1.0,1.0,1.0,1.0,1.0
2291,c4f1bbae37da9b03a,True,,,,,,,,,,1.0,1.0,1.0,1.0,0.6422577301533472,1.0,1.0,1.0,0.0,0.763205540672921
2292,b01ea6107aea79f6c,True,,,,,,,,,,1.0,1.0,1.0,1.0,0.6687247435081185,1.0,1.0,1.0,1.0,0.896476482346287
2293,dfb3b08e2dddf7b38,True,,,,,,,,,,1.0,1.0,1.0,1.0,0.9226207426689568,1.0,0.0,1.0,0.0,0.725818982084049
2294,7516958eab299d94d,True,,,,,,,,,,1.0,0.0,1.0,1.0,0.9041881337583394,1.0,1.0,1.0,1.0,0.0
2295,15f665441aeb9b139,True,,,,,,,,,,1.0,1.0,1.0,1.0,0.9248301123165947,1.0,1.0,1.0,0.0,0.8515094100989359
2296,8776bb6a2a0edef8e,True,,,,,,,,,,1.0,1.0,1.0,1.0,0.4643572310715641,1.0,0.0,1.0,1.0,0.7076116347098638
2297,de50c5684cbb85a60,True,,,,,,,,,,1.0,0.0,0.5,1.0,0.8373634189181391,1.0,1.0,1.0,1.0,0.0
2298,c864abb5afff1f7f4,True,,,,,,,,,,1.0,1.0,1.0,1.0,1.0,1.0,0.0,1.0,1.0,0.875
2299,b0cbc535fe9913787,True,,,,,,,,,,1.0,1.0,0.0,1.0,0.8733161407755359,1.0,1.0,1.0,0.0,0.0
2300,d7a37061fcfc5dfd1,True,,,,,,,,,,1.0,0.0,1.0,1.0,1.0,1.0,1.0,1.0,1.0,0.0
2301,241e6bedc6fcf2de4,True,,,,,,,,,,0.0,0.0,1.0,1.0,1.0,0.0,1.0,1.0,1.0,0.0
2302,af944ea40728e6074,True,,,,,,,,,,1.0,1.0,1.0,1.0,0.39611159995221235,1.0,1.0,1.0,1.0,0.8112848749850663
2303,873e0ddcc4fdfae2e,True,,,,,,,,,,1.0,0.0,1.0,1.0,1.0,1.0,0.0,1.0,1.0,0.0
2304,03e028a3b31005826,True,,,,,,,,,,1.0,1.0,1.0,1.0,0.7970435138779118,1.0,1.0,1.0,0.0,0.8115760980868474
2305,aa6a0de76f6f09404,True,,,,,,,,,,1.0,0.0,0.5,1.0,1.0,1.0,0.0,0.0,0.0,0.0
2306,ae63fbc91467ac137,True,,,,,,,,,,0.0,1.0,1.0,1.0,1.0,0.0,0.0,1.0,1.0,0.0
2307,581dff20c11d113e2,True,,,,,,,,,,1.0,1.0,1.0,1.0,0.6076959849674568,1.0,1.0,1.0,0.0,0.7524049953023302
2308,a285844e480d8be12,True,,,,,,,,,,1.0,1.0,1.0,1.0,0.605587017823463,1.0,0.0,1.0,0.0,0.6267459430698322
2309,93f8da10fb7af1122,True,,,,,,,,,,1.0,0.0,1.0,1.0,1.0,1.0,0.0,1.0,0.0,0.0
2310,8e3a32effa7ad4fc9,True,,,,,,,,,,0.0,1.0,1.0,1.0,1.0,0.0,1.0,1.0,0.0,0.0
2311,a4d8865551f14fe33,True,,,,,,,,,,1.0,1.0,1.0,1.0,0.783365047762675,1.0,0.0,1.0,1.0,0.807301577425836
2312,3fd0808364384b621,True,,,,,,,,,,1.0,1.0,1.0,1.0,1.0,1.0,0.0,1.0,1.0,0.875
2313,d1ad6506f1da6b927,True,,,,,,,,,,1.0,0.0,1.0,1.0,0.4872468619187787,1.0,0.0,1.0,1.0,0.0
2314,e262bce33b82a53de,True,,,,,,,,,,1.0,1.0,1.0,1.0,0.09227034203163081,1.0,1.0,1.0,1.0,0.7163344818848847
2315,fddbcf39a369cf1df,True,,,,,,,,,,1.0,0.0,0.0,1.0,1.0,1.0,0.0,1.0,0.0,0.0
2316,030c19894cf38bd4f,True,,,,,,,,,,0.5,1.0,1.0,1.0,1.0,0.0,1.0,1.0,1.0,0.34375
2317,6c8c6dc401c0c9ea2,True,,,,,,,,,,1.0,1.0,1.0,1.0,0.7843277201832175,1.0,1.0,1.0,1.0,0.9326024125572554
2318,99fefc4b387e5553a,True,,,,,,,,,,1.0,0.0,1.0,1.0,1.0,1.0,1.0,1.0,0.0,0.0
2319,c279c0b2210285c1f,True,,,,,,,,,,1.0,1.0,0.0,1.0,1.0,1.0,0.0,1.0,0.0,0.0
2320,7d9dbfb94fb6594f8,True,,,,,,,,,,1.0,0.0,1.0,1.0,0.9687379394612798,1.0,0.0,1.0,0.0,0.0
2321,476448c3e62fe40b1,True,,,,,,,,,,0.0,1.0,1.0,1.0,1.0,0.0,1.0,0.0,0.0,0.0
2322,4088cfb3d342b234d,True,,,,,,,,,,1.0,0.0,0.5,1.0,1.0,1.0,0.0,1.0,0.0,0.0
2323,4304662a687a53d30,True,,,,,,,,,,1.0,1.0,1.0,1.0,0.6742009361084027,1.0,1.0,1.0,1.0,0.8981877925338758
2324,bb1231abd88057215,True,,,,,,,,,,1.0,1.0,1.0,1.0,0.16040242117981326,1.0,0.0,1.0,1.0,0.6126257566186917
2325,fe3af476ce56a1283,True,,,,,,,,,,1.0,1.0,1.0,1.0,0.7294633267049885,1.0,1.0,1.0,1.0,0.9154572895953089
2326,67937388005952f7f,True,,,,,,,,,,1.0,1.0,1.0,1.0,0.8629536233999657,1.0,1.0,1.0,0.0,0.8321730073124893
2327,ce6402fbad2038696,True,,,,,,,,,,1.0,0.0,0.5,1.0,1.0,1.0,0.0,0.0,0.0,0.0
2328,c82d37b03fda156aa,True,,,,,,,,,,1.0,1.0,1.0,1.0,0.7752610506777621,1.0,0.0,1.0,0.0,0.6797690783368007
2329,77f94784109733a34,True,,,,,,,,,,1.0,1.0,1.0,1.0,0.4781675738511946,1.0,0.0,1.0,1.0,0.7119273668284983
2330,0da232d1485aff38f,True,,,,,,,,,,1.0,0.0,1.0,1.0,0.7652273930507707,1.0,1.0,1.0,0.0,0.0
2331,934dcf983849279e2,True,,,,,,,,,,1.0,0.0,1.0,1.0,0.838353635258432,1.0,1.0,1.0,1.0,0.0
2332,60bb87853fd5997e5,True,,,,,,,,,,1.0,1.0,1.0,1.0,0.8157043260908281,1.0,1.0,1.0,1.0,0.9424076019033838
2333,7e3fd48eb2c70a68f,True,,,,,,,,,,1.0,1.0,1.0,1.0,0.12340943690290816,1.0,1.0,1.0,0.0,0.6010654490321587
2334,ab96e33e9ab4e191b,True,,,,,,,,,,0.5,0.0,0.0,1.0,1.0,0.0,0.0,1.0,0.0,0.0
2335,5e5a2a6c7ddbfc092,True,,,,,,,,,,1.0,0.0,1.0,1.0,0.5089427378050169,1.0,1.0,1.0,0.0,0.0
2336,8d59e8ecb60e11b5b,True,,,,,,,,,,1.0,1.0,1.0,1.0,0.31175938531163655,1.0,0.0,1.0,1.0,0.6599248079098864
2337,3eb821b7811f5890d,True,,,,,,,,,,1.0,1.0,1.0,1.0,0.14558632693842022,1.0,0.0,1.0,1.0,0.6079957271682563
2338,bc3c63c0479feee36,True,,,,,,,,,,1.0,1.0,1.0,1.0,0.8241555213592284,1.0,1.0,1.0,0.0,0.8200486004247589
2339,7fb39ce347c2b9486,True,,,,,,,,,,1.0,1.0,1.0,1.0,1.0,1.0,0.0,1.0,0.0,0.75
2340,dc76f297f95b90094,True,,,,,,,,,,1.0,1.0,0.0,1.0,0.8756897200923436,1.0,0.0,1.0,1.0,0.0
2341,8db77c0cfd06714d8,True,,,,,,,,,,1.0,0.0,1.0,1.0,1.0,0.0,1.0,1.0,1.0,0.0
2342,a70343efbae4bbaab,True,,,,,,,,,,1.0,0.0,1.0,1.0,1.0,1.0,0.0,1.0,1.0,0.0
2343,90b96d597a7a1dd74,True,,,,,,,,,,1.0,1.0,1.0,1.0,0.8689126244230729,1.0,1.0,1.0,1.0,0.9590351951322102
2344,4c0a48ba08d3935ff,True,,,,,,,,,,0.0,1.0,1.0,1.0,1.0,0.0,1.0,1.0,0.0,0.0
2345,52cc30d63f3ee962c,True,,,,,,,,,,1.0,1.0,1.0,1.0,0.7728742635506,1.0,1.0,1.0,1.0,0.9290232073595625
2346,0837e02dbb891dbc9,True,,,,,,,,,,1.0,1.0,1.0,1.0,0.8621183976654127,1.0,0.0,1.0,1.0,0.8319119992704415
2347,576ad4ad9e64275b1,True,,,,,,,,,,1.0,0.0,1.0,1.0,0.5066125140390118,1.0,0.0,1.0,0.0,0.0
2348,9a21c94093757379d,True,,,,,,,,,,1.0,1.0,1.0,1.0,0.4368459948155213,1.0,0.0,1.0,1.0,0.6990143733798504
2349,9a7779cf31f38e961,True,,,,,,,,,,1.0,1.0,0.0,1.0,0.7428527664475909,0.0,1.0,1.0,0.0,0.0
2350,579b0b533f44a8dd1,True,,,,,,,,,,1.0,1.0,1.0,1.0,0.2947870217176062,1.0,0.0,1.0,1.0,0.6546209442867519
2351,eaccd2408219e6f5e,True,,,,,,,,,,1.0,1.0,1.0,1.0,0.5423630481681797,1.0,0.0,1.0,1.0,0.7319884525525562
2352,57eb7d1fb4d00dce9,True,,,,,,,,,,1.0,1.0,1.0,1.0,1.0,1.0,0.0,1.0,1.0,0.875
2353,c1c2f041cb05320b6,True,,,,,,,,,,1.0,1.0,0.5,1.0,1.0,1.0,0.0,1.0,0.0,0.375
2354,f9ab90e6bba95734a,True,,,,,,,,,,1.0,1.0,1.0,1.0,0.6576044666112746,1.0,1.0,1.0,1.0,0.8930013958160233
2355,06a4317c41657c287,True,,,,,,,,,,1.0,1.0,0.0,1.0,1.0,1.0,0.0,1.0,1.0,0.0
2356,2048a65fec13c23d5,True,,,,,,,,,,1.0,1.0,1.0,1.0,0.5831877870169402,1.0,1.0,1.0,0.0,0.7447461834427938
2357,9c33aa775bae4e3a1,True,,,,,,,,,,1.0,1.0,1.0,1.0,0.6918058061271041,1.0,1.0,1.0,0.0,0.77868931441472
2358,c6144081cdf888af5,True,,,,,,,,,,1.0,1.0,1.0,1.0,1.0,1.0,1.0,1.0,1.0,1.0
2359,36a59107f58b13a57,True,,,,,,,,,,1.0,1.0,1.0,1.0,0.4700443429628495,1.0,0.0,1.0,1.0,0.7093888571758905
2360,1045550ffaa740987,True,,,,,,,,,,0.0,1.0,1.0,1.0,0.9271257610951704,0.0,1.0,1.0,0.0,0.0
2361,a29cd4e306ffe1e14,True,,,,,,,,,,1.0,1.0,1.0,1.0,0.5065907241191994,1.0,0.0,1.0,1.0,0.7208096012872498
2362,b360500595d619f7c,True,,,,,,,,,,1.0,1.0,1.0,1.0,0.8884883616628791,1.0,0.0,1.0,1.0,0.8401526130196497
2363,4330e2204831576d7,True,,,,,,,,,,1.0,0.0,1.0,1.0,0.6915964461975811,1.0,0.0,1.0,0.0,0.0
2364,0105e5486cfb69483,True,,,,,,,,,,1.0,1.0,1.0,1.0,0.34547459711162404,1.0,1.0,1.0,0.0,0.6704608115973825
2365,fc618b0134a5e9634,True,,,,,,,,,,1.0,0.0,0.5,1.0,0.9195794326470084,1.0,1.0,1.0,0.0,0.0
2366,372a537447f7672b9,True,,,,,,,,,,1.0,1.0,1.0,1.0,0.41307384062735963,1.0,1.0,1.0,1.0,0.8165855751960499
2367,c3fa7a5ee86676098,True,,,,,,,,,,1.0,1.0,1.0,1.0,0.7792936033012194,1.0,1.0,1.0,0.0,0.8060292510316311
2368,233db9b81971aca2a,True,,,,,,,,,,1.0,1.0,1.0,1.0,0.49902312380613634,1.0,1.0,1.0,1.0,0.8434447261894176
2369,8108a6fe2b34f4118,True,,,,,,,,,,1.0,1.0,1.0,1.0,0.9111306896635826,1.0,1.0,1.0,1.0,0.9722283405198695
2370,3b0bf9ca3855b2e20,True,,,,,,,,,,1.0,1.0,1.0,1.0,0.45538215565396517,1.0,1.0,1.0,0.0,0.7048069236418641
2371,2d56e1301f6cafa55,True,,,,,,,,,,0.0,1.0,1.0,1.0,1.0,0.0,1.0,1.0,0.0,0.0
2372,4b55982185962b484,True,,,,,,,,,,1.0,1.0,1.0,1.0,1.0,1.0,1.0,1.0,1.0,1.0
2373,49e16e57b4df60ee3,True,,,,,,,,,,1.0,0.0,1.0,1.0,0.5803763782455689,1.0,0.0,1.0,0.0,0.0
2374,e19863cd98bd2677b,True,,,,,,,,,,1.0,1.0,1.0,1.0,0.9393559015234018,1.0,1.0,1.0,0.0,0.8560487192260631
2375,8f458d524a4774548,True,,,,,,,,,,0.0,1.0,1.0,1.0,1.0,0.0,0.0,0.0,0.0,0.0
2376,b101c591a23f8d8d9,True,,,,,,,,,,1.0,1.0,1.0,1.0,0.7712801339981927,1.0,1.0,1.0,1.0,0.9285250418744353
2377,fcba11bedf38fce20,True,,,,,,,,,,1.0,1.0,1.0,1.0,0.3640603318478056,1.0,1.0,1.0,0.0,0.6762688537024393
2378,9afa1551ea25fbb00,True,,,,,,,,,,1.0,1.0,1.0,1.0,1.0,1.0,0.0,1.0,1.0,0.875
2379,cf135fafcf0b8184d,True,,,,,,,,,,1.0,1.0,1.0,1.0,0.6320204316457656,1.0,1.0,0.0,0.0,0.6350063848893017
2380,e1dfffddf7ca3297a,True,,,,,,,,,,0.0,0.0,1.0,1.0,1.0,0.0,0.0,1.0,1.0,0.0
2381,d9ae5adb158047d47,True,,,,,,,,,,1.0,1.0,1.0,1.0,0.9979679301337381,1.0,0.0,1.0,1.0,0.8743649781667931
2382,473600f4c7f5be5c9,True,,,,,,,,,,1.0,0.0,1.0,1.0,0.9493508573429098,1.0,1.0,1.0,0.0,0.0
2383,79a0ca425b61810ad,True,,,,,,,,,,1.0,1.0,1.0,1.0,0.6598872148085276,1.0,1.0,1.0,1.0,0.8937147546276649
2384,665d1799755e51e9a,True,,,,,,,,,,1.0,1.0,1.0,1.0,0.6691015990220691,1.0,0.0,1.0,0.0,0.6465942496943966
2385,5f175bac4c1de5964,True,,,,,,,,,,1.0,1.0,1.0,1.0,0.621012530863016,1.0,0.0,1.0,1.0,0.7565664158946925
2386,d8696cab0b29dcbba,True,,,,,,,,,,1.0,1.0,0.0,1.0,1.0,1.0,0.0,1.0,1.0,0.0
2387,1f060c16840f9229e,True,,,,,,,,,,1.0,1.0,1.0,1.0,0.0,1.0,1.0,1.0,1.0,0.6875
2388,38cc35d94ab3f203c,True,,,,,,,,,,1.0,1.0,1.0,1.0,1.0,1.0,0.0,1.0,0.0,0.75
2389,9ac59d12e61e3b3ff,True,,,,,,,,,,1.0,1.0,1.0,1.0,0.5344381351464773,1.0,1.0,0.0,1.0,0.7295119172332741
2390,58bf2e385090a00e8,True,,,,,,,,,,1.0,1.0,1.0,1.0,0.7134372823635194,1.0,0.0,1.0,1.0,0.7854491507385999
2391,daae79609618606ae,True,,,,,,,,,,1.0,1.0,1.0,1.0,0.18135682603816297,1.0,0.0,1.0,1.0,0.6191740081369259
2392,c30bd4dc602d95119,True,,,,,,,,,,1.0,1.0,1.0,1.0,0.7972950358561737,1.0,1.0,1.0,0.0,0.8116546987050542
2393,f86cff80de8851a4b,True,,,,,,,,,,1.0,1.0,1.0,1.0,0.7871187286705983,1.0,1.0,1.0,1.0,0.933474602709562
2394,8975720088d1d70ea,True,,,,,,,,,,1.0,1.0,0.0,1.0,0.6283255451847987,1.0,0.0,1.0,1.0,0.0
2395,00fac31cd24587354,True,,,,,,,,,,1.0,1.0,1.0,1.0,1.0,1.0,0.0,1.0,0.0,0.75
2396,a8e077fe91ae167df,True,,,,,,,,,,1.0,1.0,1.0,1.0,0.7745448175290903,1.0,0.0,1.0,1.0,0.8045452554778407
2397,ff0923fcd8d30a51b,True,,,,,,,,,,1.0,0.0,1.0,1.0,1.0,1.0,1.0,1.0,1.0,0.0
2398,7e931dfbe8e295f21,True,,,,,,,,,,1.0,1.0,1.0,1.0,0.8236612500703706,1.0,0.0,1.0,1.0,0.8198941406469908
2399,2a61f186fe92b261b,True,,,,,,,,,,0.0,1.0,0.0,1.0,1.0,0.0,0.0,1.0,0.0,0.0
2400,f2ffa929974330310,True,,,,,,,,,,1.0,1.0,0.0,1.0,1.0,1.0,0.0,1.0,0.0,0.0
2401,2f24eb49857240d79,True,,,,,,,,,,1.0,1.0,1.0,1.0,1.0,1.0,1.0,1.0,1.0,1.0
2402,165e39945068ad586,True,,,,,,,,,,1.0,1.0,1.0,1.0,0.44000005733875813,1.0,0.0,1.0,0.0,0.5750000179183619
2403,ebc1dc2ec0e635ae3,True,,,,,,,,,,1.0,0.0,1.0,1.0,0.7590037608983329,1.0,1.0,1.0,1.0,0.0
2404,30c354120aed6af34,True,,,,,,,,,,1.0,0.0,1.0,1.0,1.0,1.0,1.0,1.0,0.0,0.0
2405,cf6ea1483f38bad12,True,,,,,,,,,,1.0,1.0,1.0,1.0,0.09599934627555617,1.0,0.0,1.0,0.0,0.46749979571111133
2406,c3d63199e3d09c551,True,,,,,,,,,,1.0,1.0,1.0,1.0,0.7084997730024185,1.0,0.0,1.0,1.0,0.7839061790632558
2407,c2aa1b724cefce8f0,True,,,,,,,,,,0.0,0.0,1.0,1.0,1.0,0.0,0.0,1.0,1.0,0.0
2408,3f9281303565d8313,True,,,,,,,,,,1.0,0.0,1.0,1.0,0.9461799522746253,1.0,1.0,1.0,1.0,0.0
2409,9529e21b44cd57c29,True,,,,,,,,,,1.0,1.0,1.0,1.0,0.7357653381213148,1.0,1.0,0.0,0.0,0.6674266681629109
2410,3d85159a51861aba5,True,,,,,,,,,,0.0,1.0,1.0,1.0,1.0,0.0,0.0,1.0,0.0,0.0
2411,116930ec4ef8fd410,True,,,,,,,,,,1.0,1.0,1.0,1.0,0.0,1.0,1.0,1.0,1.0,0.6875
2412,b7649c3b2cd5537c8,True,,,,,,,,,,1.0,0.0,1.0,1.0,1.0,1.0,0.0,1.0,1.0,0.0
2413,4afd4718ce4caab2c,True,,,,,,,,,,1.0,1.0,1.0,1.0,0.5873872919968762,1.0,1.0,1.0,0.0,0.7460585287490238
2414,58a779e8d452e3877,True,,,,,,,,,,1.0,1.0,1.0,1.0,0.614215923942751,1.0,1.0,1.0,0.0,0.7544424762321097
2415,0589a66493d098e9d,True,,,,,,,,,,1.0,1.0,1.0,1.0,0.8327917635258041,1.0,1.0,1.0,1.0,0.9477474261018137
2416,20bf71807ad99d0aa,True,,,,,,,,,,0.0,1.0,1.0,1.0,1.0,0.0,1.0,1.0,1.0,0.0
2417,eafa5db95b382255d,True,,,,,,,,,,1.0,0.0,1.0,1.0,1.0,1.0,0.0,1.0,1.0,0.0
2418,ff6be79e6135c5fe5,True,,,,,,,,,,1.0,1.0,1.0,1.0,0.4690437283897121,1.0,1.0,1.0,0.0,0.7090761651217851
2419,85c1d52fe9fa2e443,True,,,,,,,,,,1.0,1.0,1.0,1.0,0.8963033478362585,1.0,1.0,1.0,0.0,0.8425947961988308
2420,ffe8f133ba4da683b,True,,,,,,,,,,1.0,1.0,1.0,1.0,0.7096105154928111,1.0,1.0,0.0,0.0,0.6592532860915035
2421,b768b66003f09acc0,True,,,,,,,,,,1.0,0.0,1.0,1.0,0.2859905894826926,1.0,0.0,1.0,1.0,0.0
2422,3fb88c089daff90ac,True,,,,,,,,,,1.0,0.0,1.0,1.0,0.7598750433503075,1.0,1.0,1.0,0.0,0.0
2423,cdc8eba66ee1c79b4,True,,,,,,,,,,1.0,1.0,1.0,0.0,1.0,1.0,1.0,1.0,0.0,0.0
2424,3b8808368bea4771a,True,,,,,,,,,,0.5,1.0,1.0,1.0,1.0,0.0,1.0,1.0,0.0,0.28125
2425,0b3ce3fcc2b9cdf45,True,,,,,,,,,,1.0,1.0,1.0,1.0,0.24454242961606876,1.0,0.0,1.0,0.0,0.5139195092550215
2426,72637a23d58025fde,True,,,,,,,,,,0.0,1.0,1.0,1.0,1.0,0.0,0.0,1.0,1.0,0.0
2427,c73b72769d48ae4f5,True,,,,,,,,,,1.0,0.0,1.0,1.0,0.670332694408684,1.0,1.0,1.0,0.0,0.0
2428,67580f8a1bb721dcf,True,,,,,,,,,,1.0,1.0,1.0,1.0,0.6424685999215457,1.0,1.0,1.0,1.0,0.888271437475483
2429,522ec458b8ed55662,True,,,,,,,,,,1.0,1.0,1.0,1.0,0.8783909862091788,1.0,0.0,1.0,0.0,0.7119971831903684
2430,769c3d78ab53dd47b,True,,,,,,,,,,1.0,1.0,1.0,1.0,0.27772920854365823,1.0,1.0,1.0,1.0,0.7742903776698932
2431,aee8a0b219134ae2b,True,,,,,,,,,,1.0,1.0,1.0,1.0,0.7465635863300587,1.0,0.0,1.0,1.0,0.7958011207281434
2432,eb6640d34db9e73af,True,,,,,,,,,,1.0,1.0,1.0,1.0,0.6373303217426964,1.0,1.0,1.0,1.0,0.8866657255445927
2433,87bc17b46db863809,True,,,,,,,,,,1.0,1.0,0.5,1.0,0.801480668733657,1.0,0.0,1.0,0.0,0.3439813544896339
2434,e58505d2e2a702e58,True,,,,,,,,,,0.0,1.0,1.0,1.0,1.0,0.0,1.0,1.0,1.0,0.0
2435,7dbe15c1329420b90,True,,,,,,,,,,1.0,0.0,1.0,1.0,1.0,1.0,0.0,1.0,1.0,0.0
2436,a617218bc7b506fc1,True,,,,,,,,,,1.0,1.0,0.5,1.0,1.0,1.0,0.0,1.0,0.0,0.375
2437,a56de10e58a3c3d6e,True,,,,,,,,,,0.0,1.0,1.0,1.0,1.0,0.0,1.0,1.0,1.0,0.0
2438,c2e48998f58fcf229,True,,,,,,,,,,1.0,1.0,1.0,1.0,1.0,1.0,1.0,1.0,0.0,0.875
2439,6565c4983e9b3670b,True,,,,,,,,,,1.0,0.0,1.0,1.0,0.575601795371227,1.0,0.0,1.0,1.0,0.0
2440,78fdd992fa8acb334,True,,,,,,,,,,0.0,1.0,1.0,1.0,1.0,0.0,0.0,1.0,0.0,0.0
2441,e1e6ccb3f67db2d88,True,,,,,,,,,,1.0,1.0,0.0,1.0,0.8369661408600423,1.0,0.0,1.0,1.0,0.0
2442,ac16065f66685feff,True,,,,,,,,,,1.0,1.0,1.0,1.0,0.8755588822594196,1.0,1.0,1.0,0.0,0.8361121507060686
2443,e7d365382ac482e2f,True,,,,,,,,,,0.0,1.0,1.0,1.0,1.0,0.0,1.0,1.0,1.0,0.0
2444,40f4ad799feb54f82,True,,,,,,,,,,1.0,1.0,1.0,0.0,1.0,1.0,1.0,1.0,1.0,0.0
2445,64680c5b6bd6a89e4,True,,,,,,,,,,1.0,0.0,0.5,1.0,0.9481912755318196,1.0,0.0,1.0,0.0,0.0
2446,c3d36eb7fd24a9ca2,True,,,,,,,,,,1.0,0.0,1.0,1.0,0.9197554683238921,0.0,0.0,1.0,0.0,0.0
2447,2e822d476fd14739c,True,,,,,,,,,,1.0,1.0,1.0,1.0,0.6079439872816874,1.0,1.0,1.0,1.0,0.8774824960255273
2448,e9f1d3b368a8f7603,True,,,,,,,,,,1.0,1.0,1.0,1.0,0.41590149645978897,1.0,0.0,1.0,1.0,0.6924692176436841
2449,4cdaeeeeccac7dcd3,True,,,,,,,,,,1.0,1.0,0.0,1.0,1.0,1.0,0.0,1.0,1.0,0.0
2450,f57b598a624e522c7,True,,,,,,,,,,1.0,1.0,1.0,1.0,0.29218712224865384,1.0,0.0,1.0,0.0,0.5288084757027043
2451,b83cdd77a941b515d,True,,,,,,,,,,1.0,0.0,0.0,1.0,1.0,1.0,0.0,1.0,0.0,0.0
2452,e4c060ddfe2b49190,True,,,,,,,,,,1.0,1.0,1.0,1.0,0.6111665754461768,1.0,1.0,1.0,1.0,0.8784895548269303
2453,031e271f324d8fe95,True,,,,,,,,,,1.0,1.0,1.0,1.0,1.0,1.0,0.0,1.0,0.0,0.75
2454,95839bd90cc4d94c8,True,,,,,,,,,,1.0,1.0,1.0,1.0,0.7954539527592861,1.0,1.0,1.0,1.0,0.9360793602372769
2455,a559541fda572fe81,True,,,,,,,,,,1.0,1.0,1.0,1.0,0.6191706412776254,1.0,1.0,1.0,1.0,0.880990825399258
2456,48bf246ac8952b23d,True,,,,,,,,,,1.0,0.0,0.0,1.0,1.0,1.0,0.0,1.0,0.0,0.0
2457,12b8102851dec66e5,True,,,,,,,,,,0.0,1.0,1.0,1.0,0.9249398735930652,0.0,1.0,1.0,1.0,0.0
2458,50268da879011f241,True,,,,,,,,,,0.0,0.0,0.5,1.0,1.0,0.0,0.0,1.0,0.0,0.0
2459,c334b7fe14a98e8d9,True,,,,,,,,,,1.0,1.0,1.0,1.0,0.1118508997603327,1.0,0.0,1.0,1.0,0.597453406175104
2460,2814e455e1302df51,True,,,,,,,,,,0.5,1.0,1.0,1.0,1.0,0.0,0.0,1.0,1.0,0.28125
2461,ffe0db4c4b5ed141a,True,,,,,,,,,,1.0,1.0,1.0,1.0,1.0,1.0,0.0,1.0,1.0,0.875
2462,c379f5f53ec8ac236,True,,,,,,,,,,1.0,1.0,1.0,1.0,1.0,1.0,0.0,1.0,1.0,0.875
2463,3e179fc29839a19a3,True,,,,,,,,,,1.0,1.0,1.0,1.0,1.0,1.0,0.0,1.0,1.0,0.875
2464,6dc61a791e23a0224,True,,,,,,,,,,1.0,1.0,1.0,1.0,0.1553033256361344,1.0,1.0,1.0,1.0,0.736032289261292
2465,960134e598a1cc28b,True,,,,,,,,,,1.0,0.0,0.5,1.0,1.0,1.0,0.0,1.0,0.0,0.0
2466,c85dd3e87ba3c50e0,True,,,,,,,,,,1.0,1.0,1.0,1.0,0.20586611258752657,1.0,0.0,1.0,1.0,0.626833160183602
2467,3a569f66b0a30418a,True,,,,,,,,,,1.0,1.0,1.0,1.0,0.9396692754897045,1.0,1.0,1.0,0.0,0.8561466485905327
2468,4f54492b07cc07b87,True,,,,,,,,,,0.0,1.0,0.5,1.0,1.0,0.0,0.0,1.0,1.0,0.0
2469,61261a713792f46b2,True,,,,,,,,,,1.0,1.0,1.0,1.0,0.6738755164317365,1.0,0.0,1.0,1.0,0.7730860988849176
2470,51a40ab9f271c6454,True,,,,,,,,,,1.0,1.0,1.0,1.0,0.5446623537692734,1.0,0.0,1.0,0.0,0.6077069855528979
2471,32a0c7a629ebabc37,True,,,,,,,,,,1.0,1.0,1.0,0.0,1.0,1.0,1.0,1.0,1.0,0.0
2472,67ef263669c2bab4b,True,,,,,,,,,,1.0,1.0,1.0,1.0,0.7392336228781914,1.0,1.0,1.0,0.0,0.7935105071494348
2473,42fd65053b0da11c1,True,,,,,,,,,,1.0,1.0,1.0,1.0,0.4944573734053911,1.0,1.0,1.0,0.0,0.7170179291891847
2474,fa28a1a92ae386086,True,,,,,,,,,,1.0,1.0,1.0,1.0,0.1046990569426137,1.0,1.0,1.0,1.0,0.7202184552945667
2475,d12ce90d3b2b4d63a,True,,,,,,,,,,1.0,0.0,1.0,1.0,0.6737474845603235,1.0,1.0,1.0,0.0,0.0
2476,523bfa9ffbc43f698,True,,,,,,,,,,1.0,1.0,1.0,1.0,0.6913881277589042,1.0,1.0,1.0,1.0,0.9035587899246575
2477,557e221eea6bbdd42,True,,,,,,,,,,1.0,1.0,1.0,1.0,0.7365706108034439,1.0,1.0,1.0,0.0,0.7926783158760762
2478,ccd1d26bd7d71f952,True,,,,,,,,,,1.0,0.0,1.0,1.0,0.33935817303724064,1.0,1.0,1.0,1.0,0.0
2479,705844c20fec39ce6,True,,,,,,,,,,1.0,1.0,1.0,1.0,0.8736861944444987,1.0,1.0,1.0,0.0,0.8355269357639059
2480,bd89af5e343d69421,True,,,,,,,,,,1.0,1.0,1.0,1.0,0.9257138441969713,1.0,0.0,1.0,0.0,0.7267855763115536
2481,bc91ea0c9c2963c7e,True,,,,,,,,,,1.0,1.0,1.0,1.0,0.682940716000693,1.0,1.0,1.0,0.0,0.7759189737502166
2482,5dc4590f82971002e,True,,,,,,,,,,1.0,1.0,1.0,1.0,0.9062661375881581,0.0,0.0,1.0,1.0,0.5332081679962994
2483,256b8c1f799d1f6a1,True,,,,,,,,,,1.0,1.0,1.0,1.0,0.21273797714307077,1.0,0.0,1.0,1.0,0.6289806178572096
2484,ea2b7520e71b4c759,True,,,,,,,,,,1.0,1.0,1.0,1.0,0.9274161630099746,1.0,1.0,1.0,0.0,0.8523175509406171
2485,c6d9117f5b5eb2902,True,,,,,,,,,,1.0,1.0,1.0,1.0,0.8948156291675365,1.0,1.0,1.0,0.0,0.8421298841148552
2486,ba5e7c7cbfedb9d37,True,,,,,,,,,,0.0,0.0,0.0,1.0,1.0,0.0,0.0,1.0,1.0,0.0
2487,9002fdd0eaf7d6a7a,True,,,,,,,,,,0.0,1.0,1.0,0.0,1.0,1.0,1.0,1.0,1.0,0.0
2488,ed038c1798a7006eb,True,,,,,,,,,,0.0,1.0,1.0,0.0,1.0,0.0,0.0,1.0,1.0,0.0
2489,b740de6b775b4ec70,True,,,,,,,,,,1.0,1.0,1.0,1.0,0.6125433342754637,1.0,0.0,1.0,1.0,0.7539197919610824
2490,0224d4cee538e69c3,True,,,,,,,,,,1.0,0.0,1.0,1.0,1.0,1.0,1.0,1.0,1.0,0.0
2491,061cce46c96a0fd2c,True,,,,,,,,,,1.0,1.0,1.0,1.0,0.8420724716111241,1.0,0.0,1.0,1.0,0.8256476473784763
2492,c82835c09890be38b,True,,,,,,,,,,1.0,0.0,1.0,1.0,1.0,1.0,1.0,1.0,1.0,0.0
2493,92a6f3f0e526faa65,True,,,,,,,,,,1.0,0.0,0.5,1.0,0.9440396196005533,1.0,1.0,1.0,0.0,0.0
2494,e4cf6ec3cedd01e6b,True,,,,,,,,,,1.0,1.0,1.0,1.0,1.0,1.0,0.0,1.0,0.0,0.75
2495,dda6b82566281cb83,True,,,,,,,,,,1.0,1.0,1.0,1.0,0.562332963383775,1.0,1.0,1.0,0.0,0.7382290510574296
2496,ed6284a7f1cce40a2,True,,,,,,,,,,1.0,1.0,1.0,1.0,1.0,1.0,1.0,1.0,0.0,0.875
2497,4784832b9639547d6,True,,,,,,,,,,1.0,1.0,1.0,1.0,0.7259244769402584,1.0,1.0,1.0,1.0,0.9143513990438308
2498,8fa659be9812d12ac,True,,,,,,,,,,1.0,1.0,1.0,1.0,1.0,1.0,1.0,1.0,1.0,1.0
2499,b5dd0e82552c5ca8c,True,,,,,,,,,,1.0,1.0,0.5,1.0,0.6596953237154777,0.0,1.0,1.0,0.0,0.2280773943305434
2500,ae529a342a5742720,True,,,,,,,,,,1.0,1.0,1.0,1.0,0.7849058243520132,1.0,0.0,1.0,1.0,0.8077830701100042
2501,6fea2b47f85b2b5c3,True,,,,,,,,,,1.0,0.0,1.0,1.0,0.7652273930507707,1.0,1.0,1.0,0.0,0.0
2502,b3caab7fde86ee89e,True,,,,,,,,,,1.0,1.0,1.0,1.0,0.25258380495718674,1.0,0.0,1.0,1.0,0.6414324390491208
2503,91df963d13c291bb9,True,,,,,,,,,,1.0,0.0,1.0,1.0,0.730757547623324,1.0,0.0,1.0,0.0,0.0
2504,fe1ca3f5f54761556,True,,,,,,,,,,1.0,0.0,0.0,1.0,1.0,1.0,0.0,1.0,0.0,0.0
2505,d64a870652e64162c,True,,,,,,,,,,1.0,1.0,1.0,1.0,0.5794330739318115,1.0,0.0,1.0,1.0,0.7435728356036911
2506,8cc221e21b07d66db,True,,,,,,,,,,0.0,1.0,1.0,1.0,1.0,0.0,0.0,0.0,0.0,0.0
2507,6f6d638ab426ccd16,True,,,,,,,,,,1.0,1.0,1.0,1.0,0.927698022528306,1.0,0.0,1.0,1.0,0.8524056320400957
2508,d8bd07f4fcdcdc313,True,,,,,,,,,,1.0,0.0,0.5,1.0,1.0,1.0,1.0,1.0,0.0,0.0
2509,d3163ef07eaf8014c,True,,,,,,,,,,1.0,1.0,1.0,1.0,0.5906135651896196,1.0,1.0,1.0,1.0,0.8720667391217561
2510,14a8b09c096718d35,True,,,,,,,,,,1.0,1.0,1.0,1.0,0.004698844993747514,1.0,0.0,1.0,1.0,0.563968389060546
2511,eafc663e431fb2efe,True,,,,,,,,,,1.0,1.0,1.0,1.0,0.7141273294638526,1.0,0.0,0.0,0.0,0.535664790457454
2512,88d72263f1af2d277,True,,,,,,,,,,1.0,0.0,0.5,1.0,1.0,1.0,1.0,1.0,0.0,0.0
2513,b57ec07d7cbceb48b,True,,,,,,,,,,1.0,1.0,1.0,1.0,0.6414827849347036,1.0,1.0,1.0,1.0,0.8879633702920948
2514,699104c386f974829,True,,,,,,,,,,0.0,1.0,1.0,1.0,1.0,0.0,1.0,1.0,1.0,0.0
2515,a5dae75091c9d8f94,True,,,,,,,,,,1.0,0.0,1.0,1.0,1.0,1.0,0.0,1.0,1.0,0.0
2516,709f734811414136f,True,,,,,,,,,,1.0,1.0,1.0,1.0,0.9994210929075352,1.0,1.0,1.0,1.0,0.9998190915336047
2517,bea93c9cd22af6ec1,True,,,,,,,,,,1.0,0.0,1.0,1.0,1.0,1.0,0.0,1.0,1.0,0.0
2518,a42fb99bdb7e61156,True,,,,,,,,,,1.0,1.0,1.0,1.0,0.43800088026572,1.0,1.0,1.0,0.0,0.6993752750830375
2519,ff4cc095b1e90f672,True,,,,,,,,,,1.0,1.0,1.0,1.0,0.8540039011159292,1.0,0.0,1.0,1.0,0.8293762190987279
2520,c7c0caa29dbf55999,True,,,,,,,,,,1.0,1.0,1.0,1.0,1.0,1.0,0.0,1.0,1.0,0.875
2521,2359c99d75ecbdfaa,True,,,,,,,,,,1.0,1.0,1.0,1.0,0.6135749289793762,1.0,1.0,1.0,0.0,0.754242165306055
2522,a4512ee0b8d11026d,True,,,,,,,,,,1.0,1.0,1.0,1.0,0.665821786600884,1.0,1.0,1.0,1.0,0.8955693083127763
2523,bd799913f5456fbe9,True,,,,,,,,,,1.0,0.0,0.5,1.0,1.0,1.0,0.0,0.0,0.0,0.0
2524,815411526d5f2c6d5,True,,,,,,,,,,1.0,0.0,1.0,1.0,1.0,1.0,0.0,1.0,1.0,0.0
2525,ff2edd12a568b7eac,True,,,,,,,,,,1.0,1.0,1.0,1.0,0.7978336266976984,1.0,1.0,1.0,1.0,0.9368230083430308
2526,7c1d966d6a3783a65,True,,,,,,,,,,1.0,1.0,1.0,1.0,0.7280512235233225,1.0,0.0,1.0,1.0,0.7900160073510383
2527,2806ce33b59f03ee9,True,,,,,,,,,,1.0,1.0,1.0,1.0,1.0,1.0,0.0,0.0,0.0,0.625
2528,10933ac8239bd6fbb,True,,,,,,,,,,1.0,1.0,1.0,1.0,0.7105646382553359,1.0,1.0,1.0,1.0,0.9095514494547925
2529,ed81a447f9a55d06c,True,,,,,,,,,,1.0,0.0,1.0,1.0,1.0,1.0,1.0,1.0,1.0,0.0
2530,4831965b341a7fca8,True,,,,,,,,,,1.0,1.0,1.0,1.0,0.675789520427571,1.0,1.0,1.0,1.0,0.898684225133616
2531,bab672bfc41847afb,True,,,,,,,,,,1.0,1.0,1.0,1.0,0.818795577082281,1.0,1.0,1.0,1.0,0.9433736178382128
2532,8540d07d75bf477e8,True,,,,,,,,,,0.0,1.0,1.0,1.0,0.8715312947274715,0.0,0.0,1.0,1.0,0.0
2533,10934089f8b5ef276,True,,,,,,,,,,1.0,1.0,1.0,1.0,1.0,1.0,0.0,0.0,0.0,0.625
2534,ebe3f434bfee258dc,True,,,,,,,,,,1.0,1.0,1.0,1.0,0.5975631725774089,1.0,1.0,1.0,1.0,0.8742384914304403
2535,1e6e2d318ec0f30bf,True,,,,,,,,,,1.0,0.0,1.0,1.0,0.930700939399971,1.0,0.0,1.0,1.0,0.0
2536,239cac6c74f4f0bd4,True,,,,,,,,,,1.0,0.0,0.0,1.0,1.0,1.0,0.0,1.0,1.0,0.0
2537,40fd4749fb6c9cd3a,True,,,,,,,,,,1.0,1.0,1.0,1.0,0.31859202978033346,1.0,1.0,1.0,1.0,0.7870600093063542
2538,b5d691e56539e289e,True,,,,,,,,,,1.0,0.0,1.0,1.0,0.24992593004114885,1.0,1.0,1.0,1.0,0.0
2539,6993cc3dbf9cc86cf,True,,,,,,,,,,0.0,0.0,1.0,1.0,1.0,0.0,0.0,1.0,0.0,0.0
2540,0ce555951f9b6a445,True,,,,,,,,,,1.0,0.0,1.0,1.0,0.7765871132236402,1.0,1.0,1.0,0.0,0.0
2541,16d41ea13c0836f9f,True,,,,,,,,,,1.0,0.0,0.0,1.0,1.0,1.0,0.0,1.0,1.0,0.0
2542,d5cbf126369d32fdf,True,,,,,,,,,,1.0,0.0,1.0,1.0,1.0,1.0,1.0,1.0,0.0,0.0
2543,99843a353c9918cfd,True,,,,,,,,,,1.0,1.0,1.0,1.0,0.7528080421412969,1.0,1.0,1.0,1.0,0.9227525131691553
2544,c4db0ed678d459874,True,,,,,,,,,,1.0,1.0,1.0,1.0,0.7398556564393417,1.0,0.0,1.0,0.0,0.6687048926372943
2545,f4d363a5d6d3206e3,True,,,,,,,,,,1.0,0.0,1.0,1.0,0.8587599306349321,1.0,0.0,1.0,1.0,0.0
2546,fbf6a32724a0d16f2,True,,,,,,,,,,1.0,1.0,1.0,1.0,1.0,1.0,0.0,1.0,1.0,0.875
2547,22264d7c1336430c1,True,,,,,,,,,,1.0,1.0,1.0,1.0,0.38856107035693177,1.0,1.0,1.0,1.0,0.8089253344865412
2548,9fd492f6ce88318ef,True,,,,,,,,,,1.0,1.0,1.0,1.0,1.0,1.0,1.0,1.0,1.0,1.0
2549,9686cdc1f5f01d68e,True,,,,,,,,,,0.0,1.0,1.0,1.0,1.0,0.0,1.0,1.0,0.0,0.0
2550,f4fb3d3b43707d6a3,True,,,,,,,,,,0.0,1.0,1.0,1.0,1.0,0.0,0.0,1.0,0.0,0.0
2551,b8b2aad7145d418e5,True,,,,,,,,,,1.0,1.0,1.0,1.0,0.7512900410588229,1.0,1.0,1.0,1.0,0.9222781378308822
2552,02e812e171526ec23,True,,,,,,,,,,1.0,1.0,1.0,1.0,0.6148413671145354,1.0,1.0,1.0,0.0,0.7546379272232924
2553,b75d157a5ca10b698,True,,,,,,,,,,1.0,1.0,1.0,1.0,0.7685157801446941,1.0,1.0,1.0,0.0,0.8026611812952169
2554,d118da84ab5c39b69,True,,,,,,,,,,1.0,1.0,1.0,1.0,0.7140123261535304,1.0,0.0,1.0,1.0,0.7856288519229783
2555,5f2d4a6779083a87d,True,,,,,,,,,,1.0,1.0,1.0,1.0,0.76660896966535,1.0,1.0,1.0,1.0,0.9270653030204219
2556,6c0405cd5c40c15ab,True,,,,,,,,,,1.0,0.0,1.0,1.0,1.0,1.0,0.0,1.0,0.0,0.0
2557,62dc7352b73b8635d,True,,,,,,,,,,1.0,0.0,1.0,1.0,0.8889900823048005,1.0,1.0,1.0,0.0,0.0
2558,0584fafb0cb401aaf,True,,,,,,,,,,1.0,1.0,0.5,1.0,1.0,1.0,1.0,1.0,1.0,0.5
2559,a2ebc2aec41ccbb33,True,,,,,,,,,,1.0,1.0,1.0,1.0,0.7741509111685496,1.0,1.0,1.0,1.0,0.9294221597401717
2560,e929306025479f705,True,,,,,,,,,,1.0,0.0,0.5,1.0,1.0,1.0,1.0,1.0,0.0,0.0
2561,20264c75b9737127d,True,,,,,,,,,,1.0,0.0,1.0,1.0,0.8161907394971353,1.0,1.0,1.0,1.0,0.0
2562,3d8397f4fcf5d9ec3,True,,,,,,,,,,1.0,1.0,1.0,1.0,0.880275669179591,1.0,0.0,1.0,0.0,0.7125861466186222
2563,f754ec519c407f213,True,,,,,,,,,,1.0,1.0,1.0,1.0,0.6366860890892088,1.0,1.0,1.0,0.0,0.7614644028403778
2564,329e52d1e0ada86f6,True,,,,,,,,,,1.0,1.0,1.0,1.0,0.7635402579552842,1.0,1.0,1.0,0.0,0.8011063306110263
2565,1724e4388e1fa5055,True,,,,,,,,,,1.0,1.0,1.0,1.0,0.6633024865198278,1.0,1.0,1.0,1.0,0.8947820270374462
2566,a69f76adb6218f06b,True,,,,,,,,,,1.0,1.0,1.0,1.0,0.9183415322593899,1.0,1.0,1.0,1.0,0.9744817288310593
2567,a8df9dde6ff732727,True,,,,,,,,,,1.0,1.0,1.0,1.0,0.5675850488024701,1.0,0.0,1.0,1.0,0.7398703277507719
2568,27ddf7be2179b60af,True,,,,,,,,,,1.0,1.0,0.5,1.0,0.7026424191446653,1.0,0.0,1.0,1.0,0.3910378779913539
2569,fc2f7b0ec25d44aea,True,,,,,,,,,,0.0,1.0,1.0,1.0,1.0,0.0,1.0,1.0,1.0,0.0
2570,56c892f39067ffb33,True,,,,,,,,,,1.0,1.0,1.0,1.0,0.892343814033066,1.0,1.0,1.0,1.0,0.9663574418853331
2571,15605fa49f762af2f,True,,,,,,,,,,1.0,1.0,1.0,1.0,0.058139588438721336,1.0,0.0,1.0,1.0,0.5806686213871004
2572,f93686a7de229c648,True,,,,,,,,,,1.0,1.0,1.0,1.0,0.5458767985576063,1.0,0.0,1.0,1.0,0.733086499549252
2573,6e1ecc74646f12ab1,True,,,,,,,,,,1.0,1.0,0.0,1.0,1.0,1.0,0.0,1.0,1.0,0.0
2574,9506188a844465e23,True,,,,,,,,,,1.0,1.0,1.0,1.0,0.8214986109493198,1.0,1.0,1.0,1.0,0.9442183159216624
2575,8f53dde363962b143,True,,,,,,,,,,1.0,1.0,0.0,1.0,0.8239041682059187,1.0,0.0,1.0,1.0,0.0
2576,bc9c320fb031a11ff,True,,,,,,,,,,1.0,1.0,1.0,1.0,0.7854146625450881,1.0,1.0,1.0,1.0,0.93294208204534
2577,964210c085079b61a,True,,,,,,,,,,1.0,1.0,1.0,1.0,0.15836600982995203,1.0,0.0,1.0,1.0,0.6119893780718599
2578,a42442493dd5e64ba,True,,,,,,,,,,1.0,1.0,1.0,1.0,0.6633024865198278,1.0,1.0,1.0,1.0,0.8947820270374462
2579,3fdf3c5e045298ad9,True,,,,,,,,,,1.0,0.0,1.0,1.0,0.7391760005281419,1.0,1.0,1.0,0.0,0.0
2580,46ccc7e9752595671,True,,,,,,,,,,1.0,0.0,1.0,1.0,0.8560287144370538,1.0,0.0,1.0,1.0,0.0
2581,4e1091afb4068e9ee,True,,,,,,,,,,1.0,1.0,0.5,1.0,1.0,1.0,0.0,1.0,0.0,0.375
2582,27061907e5be28dba,True,,,,,,,,,,1.0,1.0,1.0,1.0,0.7777661650630485,1.0,1.0,1.0,1.0,0.9305519265822026
2583,4cac5cf4ef12bcaba,True,,,,,,,,,,1.0,0.0,1.0,1.0,0.9483848782720409,1.0,0.0,1.0,0.0,0.0
2584,6e6153a1da30b26bd,True,,,,,,,,,,0.0,1.0,1.0,1.0,1.0,0.0,1.0,1.0,0.0,0.0
2585,7ff58b20e56a787e0,True,,,,,,,,,,1.0,1.0,0.0,1.0,1.0,1.0,0.0,1.0,1.0,0.0
2586,945b57db140235d1c,True,,,,,,,,,,1.0,0.0,1.0,1.0,1.0,1.0,0.0,1.0,1.0,0.0
2587,bba1435e11b43591b,True,,,,,,,,,,0.0,1.0,1.0,1.0,0.1899214444480342,1.0,1.0,1.0,0.0,0.0
2588,9ce715dfae40ca8c0,True,,,,,,,,,,1.0,0.0,1.0,1.0,1.0,1.0,0.0,1.0,1.0,0.0
2589,d0d8a6da053f9740c,True,,,,,,,,,,1.0,1.0,1.0,1.0,0.8750666316105454,1.0,1.0,1.0,1.0,0.9609583223782954
2590,d43228a4743b49a37,True,,,,,,,,,,1.0,1.0,1.0,1.0,0.576398161055783,1.0,1.0,1.0,1.0,0.8676244253299322
2591,594f782a45aefdedc,True,,,,,,,,,,0.0,1.0,1.0,1.0,1.0,0.0,0.0,1.0,1.0,0.0
2592,64560358188d68edd,True,,,,,,,,,,1.0,0.0,1.0,1.0,1.0,1.0,0.0,1.0,0.0,0.0
2593,b2a59535b3edfbc37,True,,,,,,,,,,1.0,1.0,1.0,1.0,0.9423184065153453,1.0,1.0,1.0,1.0,0.9819745020360454
2594,cfd0e5de5d28d1a6e,True,,,,,,,,,,1.0,1.0,1.0,1.0,0.1794802775062071,1.0,0.0,1.0,0.0,0.4935875867206897
2595,733dab2043d02d8e3,True,,,,,,,,,,1.0,1.0,1.0,1.0,0.6438238302429428,1.0,1.0,1.0,1.0,0.8886949469509196
2596,9de9e57115e5b4d5b,True,,,,,,,,,,1.0,1.0,1.0,1.0,0.5553261386683479,1.0,1.0,1.0,1.0,0.8610394183338588
2597,817d4b24592566035,True,,,,,,,,,,0.0,0.0,1.0,1.0,1.0,0.0,1.0,1.0,0.0,0.0
2598,da02d1fbeb2cec70a,True,,,,,,,,,,0.0,0.0,0.0,1.0,1.0,0.0,1.0,0.0,0.0,0.0
2599,e3729cb0d1d99f604,True,,,,,,,,,,1.0,1.0,0.5,1.0,1.0,1.0,1.0,1.0,0.0,0.4375
2600,15e9e852fea33e966,True,,,,,,,,,,1.0,0.0,0.5,1.0,1.0,1.0,1.0,1.0,1.0,0.0
2601,ac187965e42f68435,True,,,,,,,,,,1.0,1.0,1.0,1.0,0.7013140598934692,1.0,1.0,1.0,0.0,0.7816606437167091
2602,0f08a0aac0d912459,True,,,,,,,,,,1.0,1.0,1.0,1.0,0.8685346014047637,1.0,0.0,1.0,1.0,0.8339170629389887
2603,43dd11b817c6bdaa8,True,,,,,,,,,,1.0,1.0,1.0,1.0,0.7896335733636983,1.0,0.0,1.0,1.0,0.8092604916761557
2604,15342621fd40bb637,True,,,,,,,,,,1.0,1.0,0.5,1.0,0.6029310418466194,1.0,0.0,1.0,0.0,0.3129579752885343
2605,cc8fe959edbcbe076,True,,,,,,,,,,1.0,1.0,1.0,1.0,1.0,1.0,0.0,1.0,1.0,0.875
2606,873b2bce6903cffc1,True,,,,,,,,,,1.0,0.0,0.0,1.0,1.0,1.0,0.0,1.0,0.0,0.0
2607,28d54bc8604f16c63,True,,,,,,,,,,1.0,1.0,1.0,1.0,0.9630299529419342,1.0,0.0,1.0,1.0,0.8634468602943544
2608,76e0516677156bad8,True,,,,,,,,,,1.0,0.0,1.0,1.0,1.0,1.0,0.0,1.0,0.0,0.0
2609,efd390e03153a7806,True,,,,,,,,,,1.0,1.0,1.0,1.0,0.8479783103023928,1.0,1.0,1.0,1.0,0.9524932219694977
2610,2e14fecb99657b5f6,True,,,,,,,,,,1.0,1.0,1.0,1.0,0.8306050482423575,1.0,1.0,1.0,1.0,0.9470640775757367
2611,32a33652619708c65,True,,,,,,,,,,1.0,1.0,1.0,1.0,0.7223628969545751,1.0,0.0,1.0,1.0,0.7882384052983047
2612,8b07c31db85204e64,True,,,,,,,,,,1.0,1.0,0.0,1.0,0.7527117924989642,0.0,0.0,0.0,0.0,0.0
2613,3eff742f795344f8e,True,,,,,,,,,,1.0,0.0,1.0,1.0,0.36524970047989436,1.0,0.0,1.0,1.0,0.0
2614,f5d80ab764fc60704,True,,,,,,,,,,1.0,1.0,1.0,1.0,0.6566312355714815,1.0,0.0,1.0,1.0,0.7676972611160879
2615,355e5bb60c8fb0793,True,,,,,,,,,,1.0,1.0,1.0,1.0,1.0,1.0,0.0,1.0,1.0,0.875
2616,af6044bdbd6647378,True,,,,,,,,,,1.0,1.0,0.0,1.0,1.0,1.0,0.0,1.0,1.0,0.0
2617,5b7d267fca157a9e6,True,,,,,,,,,,1.0,0.0,1.0,1.0,1.0,1.0,0.0,1.0,1.0,0.0
2618,ac59b5b148af8474e,True,,,,,,,,,,1.0,1.0,1.0,1.0,0.4005439193916799,1.0,1.0,1.0,1.0,0.8126699748099
2619,0225e9a16d781eb96,True,,,,,,,,,,0.0,1.0,0.0,1.0,1.0,0.0,0.0,1.0,1.0,0.0
2620,f65b972c0bb906291,True,,,,,,,,,,1.0,1.0,1.0,1.0,0.9172668739310887,1.0,1.0,1.0,1.0,0.9741458981034652
2621,a455cb198227aca78,True,,,,,,,,,,1.0,0.0,0.0,1.0,1.0,1.0,0.0,1.0,1.0,0.0
2622,4f4036e82ca553ab5,True,,,,,,,,,,1.0,1.0,1.0,1.0,0.5826041921400498,1.0,1.0,1.0,0.0,0.7445638100437655
2623,d66bc12e93857dd9a,True,,,,,,,,,,1.0,1.0,1.0,1.0,0.6207456276729689,1.0,1.0,1.0,0.0,0.7564830086478028
2624,6583dc042ee97ab5a,True,,,,,,,,,,1.0,1.0,1.0,1.0,0.3083451664674994,1.0,0.0,1.0,1.0,0.6588578645210936
2625,d18a444ba754870e9,True,,,,,,,,,,1.0,0.0,1.0,1.0,1.0,1.0,0.0,1.0,1.0,0.0
2626,c1ff77f605c58678a,True,,,,,,,,,,1.0,1.0,1.0,1.0,0.5326899905803483,1.0,0.0,1.0,1.0,0.7289656220563588
2627,3d093356af980da3c,True,,,,,,,,,,1.0,1.0,1.0,1.0,0.3743901646326176,1.0,1.0,1.0,1.0,0.804496926447693
2628,d2d732a1ea85df0d1,True,,,,,,,,,,1.0,1.0,1.0,1.0,0.4683543086557938,1.0,1.0,1.0,1.0,0.8338607214549356
2629,bf42260856c674066,True,,,,,,,,,,0.0,1.0,1.0,1.0,1.0,0.0,0.0,1.0,1.0,0.0
2630,f7608da692db5aeb1,True,,,,,,,,,,1.0,0.0,0.0,1.0,1.0,1.0,0.0,1.0,0.0,0.0
2631,8d47793d9ca1f6778,True,,,,,,,,,,1.0,1.0,1.0,1.0,0.7976839409553147,1.0,1.0,1.0,1.0,0.9367762315485358
2632,c9a4a1c914e8a249d,True,,,,,,,,,,1.0,0.0,1.0,1.0,1.0,1.0,1.0,1.0,1.0,0.0
2633,f423e66e3506af742,True,,,,,,,,,,1.0,1.0,1.0,1.0,0.688979864815349,1.0,1.0,1.0,0.0,0.7778062077547966
2634,15b50c1e18979a018,True,,,,,,,,,,1.0,1.0,1.0,1.0,0.2819936069528726,1.0,1.0,1.0,1.0,0.7756230021727727
2635,385adba134e6d7874,True,,,,,,,,,,0.0,0.0,1.0,1.0,1.0,0.0,1.0,1.0,0.0,0.0
2636,fd21a94f937e1535f,True,,,,,,,,,,1.0,0.0,0.5,1.0,0.5801089736677006,1.0,1.0,1.0,1.0,0.0
2637,47fc4c6fd21e44379,True,,,,,,,,,,1.0,1.0,1.0,1.0,0.5504750970338684,1.0,1.0,1.0,0.0,0.7345234678230839
2638,c0831690e22e4cfbc,True,,,,,,,,,,1.0,1.0,1.0,1.0,0.9495315148905497,1.0,1.0,1.0,0.0,0.8592285984032968
2639,9aabc1816bfcdd63e,True,,,,,,,,,,1.0,1.0,1.0,1.0,0.8605956404022039,1.0,0.0,1.0,1.0,0.8314361376256887
2640,83f19b2038c24367b,True,,,,,,,,,,0.0,1.0,1.0,0.0,1.0,1.0,1.0,1.0,1.0,0.0
2641,452f589a00d505838,True,,,,,,,,,,1.0,1.0,1.0,1.0,0.7227965496989611,1.0,0.0,1.0,1.0,0.7883739217809254
2642,aaf11968df9ad811b,True,,,,,,,,,,1.0,1.0,0.5,1.0,1.0,1.0,0.0,1.0,1.0,0.4375
2643,078d13ba093831831,True,,,,,,,,,,1.0,0.0,1.0,1.0,1.0,1.0,1.0,1.0,0.0,0.0
2644,5c732851fcda6c88c,True,,,,,,,,,,1.0,1.0,1.0,1.0,0.44046712171670405,1.0,0.0,1.0,1.0,0.7001459755364701
2645,83daac46cb68fabb0,True,,,,,,,,,,1.0,1.0,1.0,1.0,0.6615203427942156,1.0,1.0,1.0,1.0,0.8942251071231924
2646,78dcfe822980510bd,True,,,,,,,,,,0.0,1.0,1.0,1.0,1.0,0.0,0.0,1.0,1.0,0.0
2647,903801b8d2a6d7f58,True,,,,,,,,,,1.0,1.0,1.0,1.0,0.7139091572736411,1.0,0.0,1.0,1.0,0.7855966116480129
2648,50ca93bd394c4a025,True,,,,,,,,,,1.0,1.0,1.0,1.0,1.0,1.0,1.0,1.0,1.0,1.0
2649,b8f175630a8fe6f7c,True,,,,,,,,,,1.0,1.0,1.0,1.0,0.6412579503348034,1.0,1.0,1.0,1.0,0.8878931094796261
2650,82d900751ef2cc1dc,True,,,,,,,,,,1.0,0.0,0.5,1.0,1.0,1.0,0.0,1.0,0.0,0.0
2651,121c56067fcf173ae,True,,,,,,,,,,1.0,1.0,1.0,1.0,0.586492196073428,1.0,1.0,1.0,1.0,0.8707788112729462
2652,51d3d62e78d712283,True,,,,,,,,,,0.0,1.0,1.0,1.0,1.0,0.0,0.0,1.0,1.0,0.0
2653,dba7acca42dcb992f,True,,,,,,,,,,1.0,0.0,1.0,1.0,1.0,1.0,0.0,1.0,0.0,0.0
2654,f9a60116425308d57,True,,,,,,,,,,1.0,1.0,0.0,1.0,1.0,1.0,0.0,1.0,1.0,0.0
2655,8fb24d26d3dd62b0f,True,,,,,,,,,,1.0,1.0,1.0,1.0,0.6572048967329198,1.0,1.0,1.0,1.0,0.8928765302290375
2656,c5e30f61f4d10eee2,True,,,,,,,,,,1.0,0.0,1.0,1.0,0.5652756866841239,1.0,1.0,1.0,1.0,0.0
2657,f3f8e9c3fd11d36f3,True,,,,,,,,,,1.0,1.0,1.0,1.0,0.6305685215401318,1.0,1.0,1.0,1.0,0.8845526629812912
2658,3ee4790171e6a99ef,True,,,,,,,,,,1.0,1.0,1.0,1.0,0.7485294384570959,1.0,1.0,1.0,1.0,0.9214154495178425
2659,1348d09a15e4bfd3f,True,,,,,,,,,,1.0,1.0,1.0,1.0,0.5671607520946421,1.0,0.0,1.0,0.0,0.6147377350295756
2660,ed75936c057902b19,True,,,,,,,,,,1.0,1.0,1.0,1.0,0.736053647060309,1.0,1.0,1.0,1.0,0.9175167647063466
2661,6a555d92cb8bdeee6,True,,,,,,,,,,1.0,1.0,1.0,1.0,0.8813930532008339,1.0,1.0,1.0,1.0,0.9629353291252606
2662,cdb408bfe8cbbd8b3,True,,,,,,,,,,0.0,1.0,1.0,1.0,1.0,0.0,0.0,0.0,0.0,0.0
2663,fde62db47c2545623,True,,,,,,,,,,1.0,1.0,1.0,1.0,0.6149361730479482,1.0,1.0,1.0,1.0,0.8796675540774839
2664,96cad6ca7a1cc6e43,True,,,,,,,,,,1.0,1.0,1.0,1.0,0.7337578619963476,1.0,1.0,1.0,1.0,0.9167993318738586
2665,0ed9b19cfb122d58d,True,,,,,,,,,,1.0,1.0,0.5,1.0,0.7937097553804634,1.0,1.0,1.0,0.0,0.4052671492781974
2666,67f4ac3e85d08fa8a,True,,,,,,,,,,1.0,1.0,1.0,1.0,0.7197422257760678,1.0,1.0,1.0,1.0,0.9124194455550212
2667,10369bbacaa4e3b7d,True,,,,,,,,,,1.0,1.0,1.0,1.0,0.8742329279711002,1.0,1.0,1.0,1.0,0.9606977899909688
2668,03e37daebfce2fb65,True,,,,,,,,,,0.5,1.0,1.0,1.0,1.0,0.0,1.0,1.0,0.0,0.28125
2669,d9d4ce69f1cb10c10,True,,,,,,,,,,1.0,1.0,1.0,1.0,0.691470686253266,1.0,1.0,1.0,1.0,0.9035845894541457
2670,b81180657e76ac7aa,True,,,,,,,,,,1.0,1.0,1.0,1.0,0.33792109814709526,1.0,1.0,1.0,1.0,0.7931003431709673
2671,5d2c37d1b97718200,True,,,,,,,,,,0.0,1.0,1.0,0.0,1.0,0.0,1.0,0.0,0.0,0.0
2672,257ea63714e4b9db0,True,,,,,,,,,,1.0,1.0,1.0,1.0,0.37156290516392454,1.0,1.0,1.0,0.0,0.6786134078637265
2673,65dbb955b70b6a26d,True,,,,,,,,,,1.0,1.0,1.0,1.0,0.6670061775831312,1.0,1.0,1.0,0.0,0.7709394304947285
2674,741792e4d3c065377,True,,,,,,,,,,1.0,1.0,1.0,1.0,0.8883872005239454,1.0,1.0,1.0,0.0,0.8401210001637329
2675,965c2a5d3c105c295,True,,,,,,,,,,1.0,1.0,1.0,1.0,0.6323573642412489,1.0,1.0,1.0,1.0,0.8851116763253903
2676,2b1010d61e3c4e8ec,True,,,,,,,,,,1.0,1.0,0.0,1.0,0.754948963854404,1.0,0.0,1.0,0.0,0.0
2677,762f200cb2556d1a2,True,,,,,,,,,,0.0,0.0,1.0,1.0,1.0,0.0,1.0,1.0,0.0,0.0
2678,e2c6d877481b28f7e,True,,,,,,,,,,0.0,1.0,1.0,1.0,1.0,0.0,0.0,1.0,1.0,0.0
2679,8477f7ad00092e6c2,True,,,,,,,,,,1.0,1.0,1.0,1.0,1.0,1.0,1.0,1.0,1.0,1.0
2680,00c31cdc6c3be2b28,True,,,,,,,,,,1.0,1.0,1.0,1.0,0.2896314608672381,1.0,1.0,0.0,1.0,0.6530098315210119
2681,ddc382f4a2aa9f33e,True,,,,,,,,,,1.0,1.0,0.0,1.0,1.0,1.0,0.0,1.0,0.0,0.0
2682,3d1800c34a5e46a21,True,,,,,,,,,,1.0,0.0,1.0,1.0,1.0,1.0,1.0,1.0,0.0,0.0
2683,64817a4fdc07fc93a,True,,,,,,,,,,1.0,1.0,1.0,1.0,1.0,1.0,0.0,1.0,0.0,0.75
2684,071e35b1661da1366,True,,,,,,,,,,1.0,1.0,1.0,1.0,0.8588753170103063,1.0,0.0,1.0,0.0,0.7058985365657207
2685,21c67a61bb969877f,True,,,,,,,,,,1.0,0.0,0.5,1.0,1.0,1.0,0.0,1.0,0.0,0.0
2686,d9cc3b5dd80f7b6bd,True,,,,,,,,,,1.0,1.0,1.0,1.0,0.6089117519594386,1.0,1.0,1.0,1.0,0.8777849224873245
2687,ac7a491ea6609fc90,True,,,,,,,,,,1.0,0.0,1.0,1.0,0.6208100233322298,1.0,1.0,1.0,1.0,0.0
2688,cd53b47b7ab39ebeb,True,,,,,,,,,,1.0,1.0,1.0,1.0,0.374559978834686,1.0,1.0,1.0,1.0,0.8045499933858393
2689,5e5905ae1266bc1cb,True,,,,,,,,,,1.0,1.0,1.0,1.0,0.7979737737673774,1.0,1.0,1.0,1.0,0.9368668043023054
2690,1e0bfb2c4139f0062,True,,,,,,,,,,1.0,1.0,1.0,1.0,1.0,1.0,0.0,1.0,1.0,0.875
2691,ee1505d57883cfc9f,True,,,,,,,,,,1.0,1.0,1.0,1.0,0.6099940243376657,1.0,1.0,1.0,1.0,0.8781231326055206
2692,56873aea1946dc836,True,,,,,,,,,,1.0,1.0,1.0,1.0,0.974933560472055,1.0,1.0,1.0,1.0,0.9921667376475172
2693,a97b99ff7fc06eb65,True,,,,,,,,,,1.0,1.0,1.0,1.0,0.3110552576767163,1.0,1.0,1.0,0.0,0.6597047680239738
2694,bc9e1db1b41d9717b,True,,,,,,,,,,1.0,1.0,1.0,1.0,0.8178659042479773,1.0,1.0,1.0,1.0,0.9430830950774929
2695,8568f4ee5859ce652,True,,,,,,,,,,1.0,1.0,0.5,1.0,0.7658913251477346,1.0,0.0,1.0,1.0,0.4009205195543335
2696,939cad6fe88e1d488,True,,,,,,,,,,0.0,1.0,1.0,1.0,0.8503822066874358,0.0,1.0,1.0,0.0,0.0
2697,960a0cd8fd6e4be22,True,,,,,,,,,,0.0,0.0,1.0,1.0,1.0,0.0,0.0,1.0,0.0,0.0
2698,ca65ee7c58adc26d8,True,,,,,,,,,,1.0,1.0,1.0,1.0,1.0,1.0,0.0,1.0,1.0,0.875
2699,168ec5291b8accf12,True,,,,,,,,,,1.0,1.0,1.0,1.0,0.37350551680032035,1.0,1.0,1.0,0.0,0.6792204740001001
2700,2f23bb5e69f8c5120,True,,,,,,,,,,1.0,1.0,0.0,1.0,1.0,1.0,0.0,1.0,0.0,0.0
2701,1d7b812f26f914c71,True,,,,,,,,,,0.0,1.0,1.0,1.0,1.0,0.0,0.0,0.0,0.0,0.0
2702,eef5eabe1b1b7f149,True,,,,,,,,,,1.0,1.0,1.0,1.0,0.9663554907237875,1.0,1.0,1.0,0.0,0.8644860908511836
2703,cc84a91b9d7b3a3d5,True,,,,,,,,,,1.0,1.0,1.0,1.0,0.8026741233114185,1.0,0.0,1.0,1.0,0.8133356635348183
2704,e3a1602ce511b854c,True,,,,,,,,,,1.0,1.0,1.0,1.0,0.8737340936869888,1.0,1.0,1.0,1.0,0.960541904277184
2705,e51490fe813037042,True,,,,,,,,,,0.0,0.0,1.0,0.0,1.0,0.0,1.0,1.0,0.0,0.0
2706,70886fe6fcf180420,True,,,,,,,,,,0.0,1.0,1.0,1.0,0.7535802228192546,0.0,0.0,1.0,1.0,0.0
2707,13d12623bf8ef0e4f,True,,,,,,,,,,0.0,1.0,0.0,1.0,0.8893778289172208,0.0,0.0,1.0,1.0,0.0
2708,0cda637bebb7a14dc,True,,,,,,,,,,0.0,1.0,1.0,1.0,1.0,0.0,1.0,0.0,0.0,0.0
2709,8caf8f0fb08aa9aa2,True,,,,,,,,,,1.0,1.0,1.0,1.0,0.963915769682041,1.0,1.0,1.0,1.0,0.9887236780256379
2710,c55b51f6860007830,True,,,,,,,,,,1.0,1.0,0.5,1.0,1.0,1.0,0.0,1.0,0.0,0.375
2711,99fca017c572f5bc8,True,,,,,,,,,,1.0,1.0,1.0,1.0,0.8667545003011844,1.0,0.0,1.0,1.0,0.8333607813441202
2712,e36f8f24723dc8e0e,True,,,,,,,,,,0.0,0.0,1.0,1.0,0.7501528399253425,0.0,0.0,1.0,0.0,0.0
2713,54c5618f3af037eb9,True,,,,,,,,,,1.0,1.0,1.0,1.0,1.0,1.0,0.0,1.0,1.0,0.875
2714,7eaedaf0e0d844712,True,,,,,,,,,,1.0,1.0,1.0,1.0,0.7887508468779044,1.0,1.0,1.0,1.0,0.9339846396493452
2715,96ae6eb1972fb4ba7,True,,,,,,,,,,1.0,1.0,0.0,1.0,1.0,0.0,0.0,0.0,0.0,0.0
2716,1c036c9aff4d0cf31,True,,,,,,,,,,1.0,1.0,1.0,1.0,0.5916825671141847,1.0,1.0,1.0,1.0,0.8724008022231827
2717,89d2e289ba7d3fd79,True,,,,,,,,,,1.0,1.0,0.0,1.0,1.0,1.0,0.0,1.0,1.0,0.0
2718,98f63c421f75a8ead,True,,,,,,,,,,0.0,1.0,1.0,1.0,1.0,0.0,0.0,1.0,0.0,0.0
2719,e1275cf277c0a36c1,True,,,,,,,,,,1.0,1.0,0.0,1.0,0.8744381617535675,1.0,1.0,1.0,1.0,0.0
2720,0c32d5324fdca8702,True,,,,,,,,,,1.0,1.0,1.0,1.0,0.8973825824571265,1.0,1.0,1.0,1.0,0.967932057017852
2721,18087593f1147e61f,True,,,,,,,,,,1.0,0.0,1.0,1.0,1.0,1.0,1.0,1.0,1.0,0.0
2722,2385397b4291e7094,True,,,,,,,,,,1.0,1.0,1.0,1.0,0.9817959187066292,1.0,1.0,1.0,0.0,0.8693112245958217
2723,69fb879cbb73f071a,True,,,,,,,,,,1.0,1.0,1.0,1.0,1.0,1.0,1.0,1.0,0.0,0.875
2724,3a3ec856e77a7616a,True,,,,,,,,,,1.0,1.0,1.0,1.0,0.9183906675591941,1.0,1.0,1.0,1.0,0.9744970836122482
2725,80800198aa496ffc8,True,,,,,,,,,,1.0,1.0,1.0,1.0,0.9962892071772199,1.0,1.0,0.0,1.0,0.8738403772428812
2726,cd5f94c276881c890,True,,,,,,,,,,1.0,1.0,1.0,1.0,0.5906038263026923,1.0,1.0,1.0,0.0,0.7470636957195913
2727,44276d9ca75d0250b,True,,,,,,,,,,1.0,1.0,1.0,1.0,1.0,1.0,1.0,1.0,0.0,0.875
2728,6ecd877422fdf9247,True,,,,,,,,,,0.0,1.0,1.0,1.0,1.0,0.0,1.0,1.0,1.0,0.0
2729,ce907a202ee6095c1,True,,,,,,,,,,1.0,1.0,1.0,1.0,0.6566556340578151,1.0,1.0,1.0,1.0,0.8927048856430673
2730,07f4044fd390149ba,True,,,,,,,,,,1.0,1.0,1.0,1.0,1.0,1.0,0.0,1.0,1.0,0.875
2731,63b1d16ef6fc7e410,True,,,,,,,,,,1.0,1.0,1.0,1.0,0.8994738664844869,1.0,1.0,1.0,1.0,0.9685855832764021
2732,45cfb7971f2d2c984,True,,,,,,,,,,1.0,1.0,1.0,1.0,0.7494222182836778,1.0,0.0,1.0,1.0,0.7966944432136494
2733,7e5bed686151e791e,True,,,,,,,,,,1.0,1.0,1.0,1.0,0.5409372225404575,1.0,1.0,1.0,0.0,0.731542882043893
2734,298d397ff94dd0eb4,True,,,,,,,,,,1.0,1.0,1.0,1.0,0.9419189941261549,1.0,0.0,1.0,1.0,0.8568496856644234
2735,51438ce1bf4a62b2e,True,,,,,,,,,,1.0,1.0,1.0,1.0,0.19282331966872704,1.0,1.0,1.0,0.0,0.6227572873964772
2736,20494495b733d6710,True,,,,,,,,,,1.0,1.0,1.0,1.0,0.7502798993208012,1.0,1.0,1.0,1.0,0.9219624685377503
2737,0cd9ea86052a0b8e1,True,,,,,,,,,,1.0,1.0,1.0,1.0,0.7348766279203397,1.0,1.0,1.0,1.0,0.9171489462251061
2738,ae591052e837d1674,True,,,,,,,,,,1.0,0.0,0.5,1.0,0.5694914245788408,1.0,0.0,1.0,0.0,0.0
2739,01ad91141d2668de6,True,,,,,,,,,,0.0,1.0,1.0,1.0,1.0,0.0,1.0,1.0,1.0,0.0
2740,00fa9133315b462d3,True,,,,,,,,,,1.0,1.0,0.5,1.0,0.5146057522055165,1.0,1.0,1.0,0.0,0.36165714878211197
2741,1cc09e6291c8fd8b7,True,,,,,,,,,,1.0,0.0,1.0,1.0,0.9773214635137699,1.0,0.0,1.0,1.0,0.0
2742,19d1ed57ca3224e24,True,,,,,,,,,,0.0,0.0,1.0,1.0,1.0,0.0,0.0,0.0,0.0,0.0
2743,1fe19452daacb7953,True,,,,,,,,,,0.0,1.0,1.0,1.0,1.0,0.0,1.0,1.0,1.0,0.0
2744,2c5d88f56ea71888d,True,,,,,,,,,,0.0,0.0,1.0,1.0,0.8266797878824803,0.0,0.0,1.0,1.0,0.0
2745,3c5a4ce4780db74b7,True,,,,,,,,,,1.0,1.0,1.0,1.0,0.0580784576680536,1.0,1.0,1.0,1.0,0.7056495180212667
2746,3a0d3240d496a6276,True,,,,,,,,,,1.0,1.0,1.0,1.0,0.7677655535657402,1.0,1.0,1.0,1.0,0.9274267354892938
2747,fe6eb7191dafdb638,True,,,,,,,,,,1.0,1.0,1.0,1.0,1.0,1.0,0.0,1.0,0.0,0.75
2748,0a8cbe192f3d3dfba,True,,,,,,,,,,0.0,1.0,1.0,1.0,1.0,0.0,1.0,1.0,1.0,0.0
2749,0aaae91a3ffa7e596,True,,,,,,,,,,1.0,1.0,1.0,1.0,0.654163850514194,1.0,1.0,1.0,0.0,0.7669262032856856
2750,a43ef1df0d28a30db,True,,,,,,,,,,0.0,1.0,1.0,1.0,1.0,0.0,0.0,1.0,1.0,0.0
2751,c69efd29d5a9049e3,True,,,,,,,,,,1.0,1.0,1.0,1.0,1.0,1.0,1.0,1.0,1.0,1.0
2752,10c72d595566b545a,True,,,,,,,,,,0.0,1.0,1.0,1.0,1.0,0.0,1.0,1.0,0.0,0.0
2753,4df02e870186ea610,True,,,,,,,,,,1.0,1.0,1.0,1.0,0.7581141906347045,1.0,0.0,1.0,1.0,0.7994106845733452
2754,63ab15ccc8dcb91fd,True,,,,,,,,,,0.0,1.0,1.0,1.0,1.0,0.0,0.0,1.0,1.0,0.0
2755,29202e5e7b84d0701,True,,,,,,,,,,1.0,1.0,1.0,1.0,0.747559672215162,1.0,0.0,1.0,0.0,0.6711123975672382
2756,3864e1953b7d8cbc6,True,,,,,,,,,,1.0,1.0,1.0,1.0,0.7122808946738414,1.0,1.0,0.0,0.0,0.6600877795855754
2757,86d4226f5118e784d,True,,,,,,,,,,1.0,1.0,1.0,1.0,0.9113564034190494,1.0,1.0,1.0,1.0,0.972298876068453
2758,4762ced79d548ee7c,True,,,,,,,,,,1.0,1.0,1.0,1.0,0.8803793194399786,1.0,0.0,1.0,1.0,0.8376185373249934
2759,c7eba674ea24ca81f,True,,,,,,,,,,0.0,1.0,1.0,1.0,1.0,0.0,0.0,1.0,1.0,0.0
2760,a2d7b9c1ccf5a5070,True,,,,,,,,,,1.0,0.0,1.0,1.0,0.4462315481584661,1.0,1.0,1.0,1.0,0.0
2761,ce2057b130f4218b8,True,,,,,,,,,,1.0,1.0,1.0,1.0,1.0,1.0,0.0,1.0,0.0,0.75
2762,9c7d353e930a79a97,True,,,,,,,,,,1.0,1.0,0.5,1.0,0.5437936165942516,1.0,0.0,1.0,1.0,0.36621775259285183
2763,9c849c1f3da3d7ffa,True,,,,,,,,,,1.0,1.0,1.0,1.0,0.05742575723526566,1.0,1.0,1.0,1.0,0.7054455491360205
2764,dec0b3a34c3d245fd,True,,,,,,,,,,1.0,1.0,1.0,1.0,0.8679759307365065,1.0,0.0,1.0,1.0,0.8337424783551582
2765,c3f88ffa3ddcecc64,True,,,,,,,,,,0.0,1.0,1.0,1.0,1.0,0.0,0.0,1.0,1.0,0.0
2766,c5566cb2cc7d0ff52,True,,,,,,,,,,1.0,1.0,1.0,1.0,0.03552643558730612,1.0,1.0,1.0,1.0,0.6986020111210332
2767,6fe71c9fa733e801d,True,,,,,,,,,,1.0,1.0,1.0,1.0,0.7176464132712068,1.0,1.0,1.0,1.0,0.9117645041472522
2768,9778c919f63adf7c6,True,,,,,,,,,,1.0,1.0,1.0,1.0,0.6972734572492311,1.0,1.0,1.0,0.0,0.7803979553903847
2769,14e45cc6be6120e78,True,,,,,,,,,,1.0,0.0,1.0,1.0,0.9064786072950036,1.0,1.0,1.0,1.0,0.0
2770,617af5a1ea48f3d16,True,,,,,,,,,,1.0,0.0,1.0,1.0,1.0,1.0,0.0,1.0,0.0,0.0
2771,28e1ed77c94cf4d91,True,,,,,,,,,,1.0,1.0,1.0,1.0,0.673363340172834,1.0,1.0,1.0,0.0,0.7729260438040106
2772,d99cd68c37ac3ad2c,True,,,,,,,,,,1.0,1.0,1.0,1.0,0.7842553967799725,1.0,0.0,1.0,1.0,0.8075798114937414
2773,5b11f358da127ff72,True,,,,,,,,,,1.0,1.0,1.0,1.0,1.0,1.0,0.0,1.0,1.0,0.875
2774,576158d07f0a09e6b,True,,,,,,,,,,1.0,1.0,1.0,1.0,0.7176424339133542,1.0,0.0,1.0,1.0,0.7867632605979232
2775,2653246a8dbdf690b,True,,,,,,,,,,1.0,0.0,1.0,1.0,0.624824635434421,1.0,0.0,1.0,1.0,0.0
2776,a784ac158bbb30d15,True,,,,,,,,,,1.0,1.0,1.0,1.0,0.7543915936888862,1.0,1.0,1.0,1.0,0.9232473730277769
2777,d40afa32f3c10b9e0,True,,,,,,,,,,1.0,1.0,1.0,1.0,0.5830505994307784,1.0,1.0,1.0,0.0,0.7447033123221183
2778,51f2dcebd843e5ea9,True,,,,,,,,,,1.0,1.0,1.0,1.0,0.2795520991100178,1.0,0.0,1.0,1.0,0.6498600309718805
2779,7dd7378a3a19d8a0e,True,,,,,,,,,,1.0,1.0,1.0,1.0,0.8301254911066557,1.0,1.0,1.0,1.0,0.9469142159708299
2780,4082fe517c4e84c40,True,,,,,,,,,,1.0,1.0,1.0,1.0,0.9548809682790679,1.0,1.0,1.0,1.0,0.9859003025872087
2781,d64fff6b350c44bf6,True,,,,,,,,,,1.0,1.0,1.0,1.0,0.5628511760823319,1.0,1.0,1.0,0.0,0.7383909925257287
2782,38bdb6df2119d0042,True,,,,,,,,,,1.0,1.0,1.0,1.0,0.9063420475864274,1.0,1.0,1.0,0.0,0.8457318898707586
2783,34b9989a51da95af0,True,,,,,,,,,,1.0,1.0,1.0,1.0,0.7240070387556113,1.0,0.0,1.0,0.0,0.6637521996111285
2784,c1ef027c99cf15974,True,,,,,,,,,,1.0,1.0,0.0,1.0,0.6653558682453238,1.0,1.0,1.0,0.0,0.0
2785,2d48cd27787fdf6f7,True,,,,,,,,,,1.0,1.0,1.0,1.0,1.0,1.0,1.0,1.0,1.0,1.0
2786,ac0e0083b3ca184aa,True,,,,,,,,,,1.0,1.0,1.0,1.0,1.0,0.0,0.0,0.0,0.0,0.3125
2787,5b387bb6b49ae731a,True,,,,,,,,,,1.0,0.0,1.0,1.0,0.7866921300255998,1.0,0.0,1.0,0.0,0.0
2788,81dcc1a7db52cf064,True,,,,,,,,,,1.0,1.0,1.0,1.0,0.6350671890448242,1.0,0.0,1.0,1.0,0.7609584965765075
2789,af8bb014864eab6d8,True,,,,,,,,,,1.0,1.0,1.0,1.0,0.6847388475350373,1.0,0.0,1.0,1.0,0.7764808898546991
2790,6952b70f303046472,True,,,,,,,,,,0.0,1.0,1.0,1.0,1.0,0.0,0.0,1.0,0.0,0.0
2791,db8ce7c16bd7a04ef,True,,,,,,,,,,1.0,1.0,1.0,1.0,0.8243881071141946,1.0,1.0,1.0,0.0,0.8201212834731858
2792,8ad941de7669cfce3,True,,,,,,,,,,0.0,1.0,1.0,1.0,1.0,0.0,0.0,1.0,0.0,0.0
2793,ee370f6df7c0912be,True,,,,,,,,,,1.0,1.0,1.0,1.0,1.0,1.0,1.0,1.0,1.0,1.0
2794,484e5d7157f571795,True,,,,,,,,,,1.0,1.0,1.0,1.0,0.47035921741406717,1.0,1.0,1.0,1.0,0.8344872554418961
2795,1f46bbf6d50d08d54,True,,,,,,,,,,1.0,1.0,0.5,1.0,1.0,1.0,0.0,1.0,1.0,0.4375
2796,2bf48c9a1af27a0a1,True,,,,,,,,,,1.0,1.0,1.0,1.0,0.7210173289634709,1.0,1.0,1.0,0.0,0.7878179153010847
2797,dbfff1a4f70af53a6,True,,,,,,,,,,1.0,1.0,1.0,1.0,1.0,1.0,0.0,1.0,1.0,0.875
2798,9f30b4f8547cd991f,True,,,,,,,,,,0.0,1.0,1.0,0.0,1.0,0.0,1.0,1.0,0.0,0.0
2799,dbdd9c6b89f613fdf,True,,,,,,,,,,1.0,0.0,1.0,1.0,1.0,1.0,0.0,1.0,1.0,0.0
2800,d2db523662daf6690,True,,,,,,,,,,0.0,1.0,0.5,1.0,1.0,0.0,0.0,1.0,0.0,0.0
2801,fa5f831bdaa6b6167,True,,,,,,,,,,1.0,1.0,0.5,1.0,1.0,1.0,0.0,1.0,0.0,0.375
2802,854e5e93c34b9c7cd,True,,,,,,,,,,1.0,1.0,0.0,1.0,1.0,1.0,0.0,1.0,1.0,0.0
2803,f74297ce90b621563,True,,,,,,,,,,1.0,0.0,1.0,1.0,0.4888816630025545,1.0,0.0,1.0,0.0,0.0
2804,2f7b3c8c203e87c73,True,,,,,,,,,,1.0,0.0,1.0,1.0,1.0,1.0,0.0,1.0,1.0,0.0
2805,918a0960b5cef7615,True,,,,,,,,,,1.0,1.0,1.0,1.0,0.7456825064155735,1.0,1.0,1.0,1.0,0.9205257832548668
2806,35d4f508b7e0207b4,True,,,,,,,,,,1.0,1.0,1.0,1.0,1.0,1.0,0.0,0.0,0.0,0.625
2807,728522f233e8a9fa9,True,,,,,,,,,,1.0,0.0,1.0,1.0,1.0,1.0,0.0,1.0,1.0,0.0
2808,aaf7a6f6d13220a76,True,,,,,,,,,,1.0,0.0,0.5,1.0,1.0,1.0,1.0,1.0,0.0,0.0
2809,472c522cbfefce360,True,,,,,,,,,,1.0,1.0,1.0,1.0,0.1780759642534785,1.0,0.0,1.0,1.0,0.618148738829212
2810,610932681c4760e82,True,,,,,,,,,,1.0,1.0,1.0,1.0,0.7164323743524359,1.0,1.0,1.0,0.0,0.7863851169851362
2811,5d14b0687eb2ad5a2,True,,,,,,,,,,0.5,1.0,1.0,1.0,1.0,0.0,1.0,1.0,1.0,0.34375
2812,22e6f3013edf76fa7,True,,,,,,,,,,1.0,0.0,1.0,1.0,0.9782003472885569,1.0,1.0,1.0,0.0,0.0
2813,5b01b06231ac39143,True,,,,,,,,,,1.0,1.0,1.0,1.0,0.7040341956323404,1.0,1.0,1.0,1.0,0.9075106861351063
2814,ceb646b2fba95ebf9,True,,,,,,,,,,1.0,1.0,1.0,1.0,0.29986608963958894,1.0,0.0,1.0,1.0,0.6562081530123716
2815,9d5c879308ff1f5b5,True,,,,,,,,,,1.0,1.0,1.0,1.0,0.5630441426297483,1.0,0.0,1.0,0.0,0.6134512945717964
2816,36973343935f49ac7,True,,,,,,,,,,1.0,1.0,1.0,1.0,0.9537499817586769,1.0,0.0,1.0,1.0,0.8605468692995866
2817,24d20a80a611d5e65,True,,,,,,,,,,1.0,1.0,1.0,1.0,0.193819840194471,1.0,1.0,1.0,1.0,0.7480687000607722
2818,915f97c98701afaae,True,,,,,,,,,,1.0,1.0,0.0,1.0,0.7922790050514903,1.0,0.0,1.0,0.0,0.0
2819,74e4cc639249b885a,True,,,,,,,,,,1.0,1.0,1.0,1.0,1.0,1.0,1.0,1.0,0.0,0.875
2820,015532dcc98a07ab5,True,,,,,,,,,,0.0,1.0,0.0,1.0,1.0,0.0,0.0,1.0,1.0,0.0
2821,a2b706d9e0ce2f53e,True,,,,,,,,,,1.0,0.0,1.0,1.0,1.0,1.0,0.0,1.0,0.0,0.0
2822,f54aae942b797da5a,True,,,,,,,,,,1.0,1.0,1.0,1.0,0.7283680324281188,1.0,0.0,1.0,1.0,0.790115010133787
2823,6c441b1d10cac68e5,True,,,,,,,,,,1.0,1.0,1.0,1.0,0.8519005930898619,1.0,1.0,1.0,1.0,0.9537189353405818
2824,ff555d2dfbada57ed,True,,,,,,,,,,1.0,0.0,1.0,1.0,1.0,1.0,0.0,1.0,1.0,0.0
2825,8a73882c047d96e3f,True,,,,,,,,,,1.0,1.0,1.0,1.0,0.04286386630670961,1.0,0.0,1.0,1.0,0.5758949582208468
2826,f5a7ab053fe5143f8,True,,,,,,,,,,1.0,1.0,1.0,1.0,1.0,1.0,0.0,1.0,1.0,0.875
2827,8155746fdb7c4d3d8,True,,,,,,,,,,1.0,1.0,1.0,1.0,1.0,1.0,0.0,1.0,1.0,0.875
2828,aaa2921db2669810d,True,,,,,,,,,,1.0,1.0,1.0,1.0,0.8609062894376392,1.0,1.0,1.0,0.0,0.8315332154492623
2829,2a1e301e08b641e81,True,,,,,,,,,,1.0,0.0,0.0,1.0,1.0,1.0,0.0,1.0,0.0,0.0
2830,cb15174665de85fb2,True,,,,,,,,,,1.0,1.0,0.5,1.0,0.7653678367745863,1.0,1.0,1.0,1.0,0.4633387244960291
2831,6a39e3072cc5a4e56,True,,,,,,,,,,1.0,1.0,0.5,1.0,0.7876720985119317,1.0,1.0,1.0,0.0,0.4043237653924893
2832,2611c3a201b36f3af,True,,,,,,,,,,1.0,1.0,1.0,1.0,0.8479359270821439,1.0,1.0,1.0,1.0,0.95247997721317
2833,2ae5b4d91dcfac803,True,,,,,,,,,,0.0,1.0,1.0,1.0,1.0,0.0,0.0,1.0,1.0,0.0
2834,64176216fb79bf46c,True,,,,,,,,,,1.0,1.0,1.0,1.0,0.6283072817085585,1.0,0.0,1.0,1.0,0.7588460255339246
2835,6c00c1447928881d7,True,,,,,,,,,,1.0,1.0,1.0,1.0,0.3215889575562398,1.0,0.0,1.0,1.0,0.662996549236325
2836,89267c56db23f89c7,True,,,,,,,,,,1.0,1.0,1.0,1.0,0.7633161289330905,1.0,1.0,1.0,0.0,0.8010362902915908
2837,bbf03fd14411cf3b3,True,,,,,,,,,,0.0,1.0,1.0,1.0,1.0,0.0,0.0,1.0,1.0,0.0
2838,e7892fb2f09de2723,True,,,,,,,,,,0.0,0.0,1.0,1.0,1.0,0.0,1.0,1.0,0.0,0.0
2839,ed9b2e5da8e4697ad,True,,,,,,,,,,1.0,1.0,1.0,1.0,0.7362268676763372,1.0,0.0,1.0,0.0,0.6675708961488553
2840,9b67c7e02ccf82bac,True,,,,,,,,,,1.0,1.0,1.0,1.0,1.0,1.0,0.0,1.0,1.0,0.875
2841,c25117617d76189c0,True,,,,,,,,,,1.0,0.0,1.0,1.0,1.0,1.0,1.0,1.0,1.0,0.0
2842,c6c91a989e2c0ae69,True,,,,,,,,,,1.0,1.0,1.0,1.0,0.6198266567667019,1.0,0.0,1.0,1.0,0.7561958302395944
2843,cbfd9eec69d28b38b,True,,,,,,,,,,1.0,1.0,0.5,1.0,0.7307604801423625,1.0,1.0,1.0,0.0,0.39543132502224415
2844,765c939c341bbf4f6,True,,,,,,,,,,1.0,1.0,1.0,1.0,0.3185861797310013,1.0,1.0,1.0,1.0,0.7870581811659378
2845,9c1ac53b20c284d28,True,,,,,,,,,,1.0,1.0,1.0,1.0,1.0,1.0,0.0,1.0,0.0,0.75
2846,01edf32aa82765229,True,,,,,,,,,,1.0,0.0,0.5,1.0,1.0,1.0,0.0,1.0,0.0,0.0
2847,57f473049e88971e9,True,,,,,,,,,,1.0,1.0,1.0,1.0,0.7643311815049483,1.0,0.0,1.0,1.0,0.8013534942202963
2848,8fb9c005a042db260,True,,,,,,,,,,1.0,1.0,0.5,1.0,0.6448643512868867,1.0,0.0,1.0,1.0,0.38201005488857603
2849,167e9515df0f9719a,True,,,,,,,,,,1.0,1.0,1.0,1.0,0.6586991536234378,1.0,0.0,1.0,1.0,0.7683434855073243
2850,3d8d728e149979ead,True,,,,,,,,,,1.0,1.0,1.0,1.0,0.5065785393201304,1.0,0.0,1.0,1.0,0.7208057935375407
2851,2efb596222f8cbb75,True,,,,,,,,,,1.0,1.0,0.0,1.0,1.0,1.0,0.0,1.0,0.0,0.0
2852,67509cfba4d26b15a,True,,,,,,,,,,1.0,1.0,0.0,1.0,1.0,1.0,0.0,1.0,1.0,0.0
2853,82b54bb048c67baba,True,,,,,,,,,,1.0,1.0,1.0,1.0,0.15614107203191324,1.0,0.0,1.0,1.0,0.6112940850099728
2854,4b9efbcd44942d553,True,,,,,,,,,,1.0,1.0,1.0,1.0,0.29896023498001134,1.0,1.0,1.0,0.0,0.6559250734312536
2855,2f12a482af4499e20,True,,,,,,,,,,1.0,1.0,1.0,1.0,0.47117769567039325,1.0,1.0,1.0,0.0,0.7097430298969979
2856,7a163daf930e48637,True,,,,,,,,,,1.0,0.0,0.0,1.0,1.0,1.0,0.0,1.0,1.0,0.0
2857,1aa011bf1da1bf1c7,True,,,,,,,,,,1.0,1.0,1.0,1.0,0.9809586270480074,1.0,1.0,1.0,1.0,0.9940495709525023
2858,143c4941004472287,True,,,,,,,,,,1.0,0.0,1.0,1.0,1.0,1.0,0.0,1.0,0.0,0.0
2859,265f651d3984bee82,True,,,,,,,,,,1.0,1.0,1.0,1.0,1.0,1.0,1.0,1.0,1.0,1.0
2860,6eb44fdbacc1fdf1c,True,,,,,,,,,,1.0,1.0,1.0,1.0,0.9827504352443631,1.0,1.0,1.0,1.0,0.9946095110138635
2861,81d22f948dc0fae75,True,,,,,,,,,,1.0,1.0,1.0,1.0,0.9125266598760527,1.0,1.0,1.0,1.0,0.9726645812112664
2862,1fe4ed0aea2c3ed33,True,,,,,,,,,,0.0,0.0,1.0,1.0,1.0,0.0,0.0,1.0,0.0,0.0
2863,4683eec43a1454ea9,True,,,,,,,,,,1.0,1.0,1.0,1.0,0.7908344238538736,1.0,1.0,1.0,1.0,0.9346357574543355
2864,97d9f320cc65aac2b,True,,,,,,,,,,1.0,1.0,1.0,1.0,1.0,1.0,0.0,1.0,1.0,0.875
2865,265cbf9df314f7700,True,,,,,,,,,,1.0,0.0,1.0,1.0,0.8318804405558137,1.0,0.0,1.0,0.0,0.0
2866,d37b7028969d97560,True,,,,,,,,,,1.0,1.0,0.5,1.0,0.8831708168407711,1.0,1.0,1.0,0.0,0.4192454401313705
2867,63f0437b508ffc626,True,,,,,,,,,,0.0,1.0,1.0,1.0,1.0,0.0,1.0,1.0,0.0,0.0
2868,38243f89c66ef146f,True,,,,,,,,,,1.0,0.0,1.0,1.0,0.4909456811617139,1.0,0.0,1.0,0.0,0.0
2869,99dc5d64b209fb23b,True,,,,,,,,,,1.0,1.0,1.0,1.0,0.5631655264647252,1.0,0.0,1.0,0.0,0.6134892270202266
2870,d438ad9624b532d1a,True,,,,,,,,,,1.0,1.0,1.0,1.0,0.7023102907396926,1.0,0.0,1.0,1.0,0.7819719658561539
2871,4f206a0dd84457b8a,True,,,,,,,,,,1.0,1.0,1.0,1.0,0.8884478333521156,1.0,1.0,1.0,1.0,0.9651399479225362
2872,e03ef0605d72ffd1a,True,,,,,,,,,,1.0,1.0,1.0,1.0,0.729524581093223,1.0,1.0,1.0,0.0,0.7904764315916322
2873,f94ffca3fb08a2c86,True,,,,,,,,,,1.0,1.0,0.0,1.0,1.0,1.0,0.0,1.0,1.0,0.0
2874,ba3bd0fad9e3fb6eb,True,,,,,,,,,,1.0,1.0,1.0,1.0,0.18642997234488176,1.0,1.0,1.0,1.0,0.7457593663577755
2875,8cbf7cbc0d30a3d05,True,,,,,,,,,,0.5,0.0,1.0,1.0,0.617613783321818,0.0,1.0,1.0,1.0,0.0
2876,f4fc402c592a5d4a2,True,,,,,,,,,,1.0,0.0,1.0,1.0,0.8054793939391808,1.0,1.0,1.0,1.0,0.0
2877,acd2363307018e31e,True,,,,,,,,,,1.0,1.0,0.5,1.0,1.0,1.0,0.0,1.0,1.0,0.4375
2878,e4fca12e85b84a61b,True,,,,,,,,,,0.0,0.0,1.0,1.0,1.0,0.0,1.0,1.0,1.0,0.0
2879,09fa01cf920102b53,True,,,,,,,,,,1.0,1.0,1.0,1.0,0.5651324115653066,1.0,1.0,1.0,0.0,0.7391038786141583
2880,61fd1e677d1c01a32,True,,,,,,,,,,1.0,0.0,0.0,1.0,1.0,0.0,0.0,1.0,1.0,0.0
2881,a2a9c734a84da7235,True,,,,,,,,,,1.0,1.0,0.5,1.0,1.0,1.0,0.0,1.0,1.0,0.4375
2882,04fdae6a66181ea6f,True,,,,,,,,,,1.0,0.0,1.0,1.0,1.0,1.0,0.0,1.0,0.0,0.0
2883,332234ee590ff1dd2,True,,,,,,,,,,1.0,0.0,0.5,1.0,1.0,1.0,1.0,1.0,0.0,0.0
2884,95d7198096423bdb7,True,,,,,,,,,,1.0,0.0,1.0,1.0,0.9310411061042916,1.0,0.0,1.0,0.0,0.0
2885,511d6caf7ec40eb09,True,,,,,,,,,,0.0,1.0,0.0,1.0,1.0,0.0,0.0,1.0,1.0,0.0
2886,1048c5ca4a09af32d,True,,,,,,,,,,1.0,1.0,1.0,1.0,0.9131131909675211,1.0,0.0,1.0,0.0,0.7228478721773504
2887,818f9becc81f0e975,True,,,,,,,,,,1.0,1.0,0.0,1.0,0.7798034685787347,0.0,0.0,0.0,0.0,0.0
2888,4a421aa61a3bbad1d,True,,,,,,,,,,1.0,1.0,1.0,1.0,0.936613161506448,1.0,1.0,1.0,1.0,0.9801916129707651
2889,be32b597dc6df2a8a,True,,,,,,,,,,1.0,1.0,1.0,1.0,0.5052098387509213,1.0,0.0,1.0,1.0,0.7203780746096629
2890,6eed4a0dccbd058f7,True,,,,,,,,,,1.0,0.0,1.0,1.0,0.6278921559609439,1.0,0.0,1.0,0.0,0.0
2891,c2a3b350db0887b64,True,,,,,,,,,,1.0,1.0,1.0,1.0,0.8757670371664052,1.0,0.0,1.0,0.0,0.7111771991145016
2892,3f68c9f1e2821def0,True,,,,,,,,,,1.0,1.0,1.0,1.0,0.8636606465856135,1.0,1.0,1.0,1.0,0.9573939520580041
2893,c138df3ef41d3bfe5,True,,,,,,,,,,1.0,1.0,1.0,1.0,0.6773567833685834,1.0,1.0,0.0,1.0,0.7741739948026823
2894,52beeecb68d3427e9,True,,,,,,,,,,1.0,1.0,1.0,1.0,0.6314824074337433,1.0,1.0,1.0,1.0,0.8848382523230448
2895,22e34699b1bc71621,True,,,,,,,,,,1.0,1.0,1.0,1.0,0.9753425441503867,1.0,1.0,1.0,0.0,0.8672945450469958
2896,eaa70df977f0ed637,True,,,,,,,,,,0.0,1.0,1.0,1.0,0.8587084375338015,0.0,0.0,1.0,1.0,0.0
2897,b378fbb6e27946979,True,,,,,,,,,,1.0,1.0,0.0,1.0,1.0,1.0,0.0,1.0,1.0,0.0
2898,4232b6ce6d0b377b8,True,,,,,,,,,,1.0,1.0,1.0,1.0,0.9687245081111266,1.0,1.0,1.0,1.0,0.990226408784727
2899,07ec0b134ef32ae77,True,,,,,,,,,,1.0,1.0,1.0,1.0,0.8588568415223791,1.0,1.0,1.0,1.0,0.9558927629757434
2900,15b6cbe22ab535f70,True,,,,,,,,,,1.0,1.0,1.0,1.0,0.6968961871228048,1.0,1.0,1.0,1.0,0.9052800584758764
2901,9b14a119979ac6d94,True,,,,,,,,,,1.0,1.0,1.0,1.0,1.0,1.0,0.0,1.0,1.0,0.875
2902,04c0d966a74c0c8e0,True,,,,,,,,,,0.0,1.0,1.0,1.0,1.0,0.0,0.0,1.0,1.0,0.0
2903,cad0619a5797da011,True,,,,,,,,,,1.0,1.0,1.0,1.0,0.6332794217498193,1.0,0.0,1.0,1.0,0.7603998192968185
2904,08888312c5d67618e,True,,,,,,,,,,1.0,1.0,1.0,1.0,1.0,1.0,0.0,1.0,1.0,0.875
2905,e620593c6271f1028,True,,,,,,,,,,1.0,1.0,1.0,1.0,0.154410305293926,1.0,0.0,1.0,1.0,0.6107532204043519
2906,bca57d9f8472bf1be,True,,,,,,,,,,1.0,1.0,1.0,1.0,0.5814875327006662,1.0,1.0,1.0,1.0,0.8692148539689581
2907,567b7524457bc9d98,True,,,,,,,,,,1.0,0.0,1.0,1.0,0.4549927544029975,1.0,1.0,1.0,1.0,0.0
2908,82e6ed49ff7af43fe,True,,,,,,,,,,1.0,1.0,1.0,1.0,0.556935256652824,1.0,1.0,1.0,1.0,0.8615422677040074
2909,08bcd54c271622666,True,,,,,,,,,,1.0,1.0,1.0,1.0,0.47053519108437775,1.0,1.0,1.0,1.0,0.834542247213868
2910,9a5b2373854e11383,True,,,,,,,,,,1.0,1.0,1.0,1.0,1.0,0.0,1.0,1.0,0.0,0.5625
2911,d1d090928a3c1ff44,True,,,,,,,,,,1.0,1.0,1.0,1.0,0.9481368526010779,1.0,0.0,1.0,0.0,0.7337927664378369
2912,eb2b9b57bc8fba12d,True,,,,,,,,,,1.0,1.0,1.0,1.0,0.8031054777576706,1.0,0.0,1.0,0.0,0.6884704617992721
2913,c6c58dc45bd1123e3,True,,,,,,,,,,1.0,1.0,1.0,1.0,0.18275557910924964,1.0,1.0,1.0,1.0,0.7446111184716405
2914,70fc0f58fc8579539,True,,,,,,,,,,1.0,1.0,1.0,1.0,0.7181165337778821,1.0,0.0,1.0,0.0,0.6619114168055882
2915,a382d4a158cc4f443,True,,,,,,,,,,1.0,1.0,1.0,1.0,0.6873839777102356,1.0,0.0,1.0,1.0,0.7773074930344486
2916,1908461428632f5dd,True,,,,,,,,,,1.0,1.0,1.0,1.0,0.8867589763138299,1.0,0.0,1.0,1.0,0.8396121800980718
2917,7b4054b4f24d77967,True,,,,,,,,,,1.0,1.0,1.0,1.0,1.0,1.0,1.0,1.0,1.0,1.0
2918,209b97b1bbd7f20ba,True,,,,,,,,,,1.0,0.0,0.0,1.0,1.0,1.0,0.0,1.0,0.0,0.0
2919,3921f85c4ba81b39b,True,,,,,,,,,,1.0,1.0,1.0,1.0,0.0,1.0,1.0,1.0,1.0,0.6875
2920,a67f897e584962db9,True,,,,,,,,,,1.0,1.0,1.0,1.0,0.7457415170088739,1.0,1.0,1.0,1.0,0.920544224065273
2921,10446a2ec2be065e7,True,,,,,,,,,,1.0,1.0,1.0,1.0,0.8658092897955533,1.0,1.0,1.0,1.0,0.9580654030611104
2922,ae09f26f3f98c0e0e,True,,,,,,,,,,1.0,1.0,0.5,1.0,1.0,1.0,1.0,1.0,1.0,0.5
2923,779362891364950a1,True,,,,,,,,,,1.0,1.0,1.0,1.0,0.8230847786283184,1.0,0.0,1.0,1.0,0.8197139933213495
2924,f9693c34fe2422ec2,True,,,,,,,,,,0.0,1.0,0.5,1.0,0.9844534613367393,0.0,1.0,1.0,1.0,0.0
2925,325c79bfe38fe6e9a,True,,,,,,,,,,1.0,0.0,1.0,1.0,0.7537266612181899,1.0,1.0,1.0,0.0,0.0
2926,626e000a64788c202,True,,,,,,,,,,1.0,0.0,1.0,1.0,1.0,1.0,0.0,1.0,1.0,0.0
2927,f2d7c34919985c798,True,,,,,,,,,,0.0,1.0,1.0,1.0,1.0,0.0,1.0,1.0,1.0,0.0
2928,59ea6f742dc62b430,True,,,,,,,,,,1.0,1.0,1.0,1.0,0.800339231672609,1.0,1.0,1.0,0.0,0.8126060098976904
2929,33bdd00b087ff8b4e,True,,,,,,,,,,1.0,1.0,1.0,1.0,0.6043553157094146,1.0,1.0,1.0,1.0,0.876361036159192
2930,ff2e7e48f5ee14950,True,,,,,,,,,,1.0,1.0,0.5,1.0,1.0,1.0,0.0,1.0,1.0,0.4375
2931,8f18f5e39ad7208bd,True,,,,,,,,,,1.0,1.0,1.0,1.0,0.18139035798014905,1.0,0.0,1.0,0.0,0.49418448686879657
2932,c911e86fa2d53c1d1,True,,,,,,,,,,1.0,1.0,1.0,1.0,0.7908202807767557,1.0,0.0,1.0,0.0,0.6846313377427362
2933,b1c69e18979797988,True,,,,,,,,,,1.0,1.0,1.0,1.0,0.3544270938830927,1.0,0.0,1.0,1.0,0.6732584668384665
2934,f6eaaf2106ca53ffa,True,,,,,,,,,,1.0,1.0,1.0,1.0,0.8701448701567491,1.0,1.0,1.0,1.0,0.9594202719239842
2935,9adbf8a5bfedb36d2,True,,,,,,,,,,1.0,1.0,1.0,1.0,1.0,1.0,0.0,1.0,1.0,0.875
2936,a6b18ec8b52f580ef,True,,,,,,,,,,1.0,1.0,1.0,1.0,0.6495864026662937,1.0,1.0,1.0,0.0,0.7654957508332167
2937,d394c98f566e20aab,True,,,,,,,,,,1.0,1.0,1.0,1.0,1.0,1.0,0.0,1.0,0.0,0.75
2938,3a79a64dc5c7059f8,True,,,,,,,,,,1.0,1.0,0.5,1.0,0.7150445571656546,1.0,0.0,1.0,0.0,0.33047571205713355
2939,a8318f7cafe4396ae,True,,,,,,,,,,1.0,0.0,1.0,1.0,0.6924710997003152,1.0,0.0,1.0,0.0,0.0
2940,dd2c6fc9d1939f427,True,,,,,,,,,,1.0,1.0,1.0,1.0,0.4865328000580879,1.0,1.0,1.0,1.0,0.8395415000181525
2941,ac09d37b9d495cdc7,True,,,,,,,,,,1.0,1.0,0.0,1.0,1.0,1.0,0.0,1.0,0.0,0.0
2942,9453a01b26e5f5079,True,,,,,,,,,,1.0,1.0,1.0,1.0,0.7117739247707842,1.0,1.0,1.0,1.0,0.9099293514908701
2943,0c4b91dd1d5fee81a,True,,,,,,,,,,1.0,1.0,0.5,1.0,1.0,1.0,0.0,1.0,1.0,0.4375
2944,8c317a99933b3b262,True,,,,,,,,,,1.0,1.0,0.5,1.0,1.0,1.0,0.0,1.0,1.0,0.4375
2945,1c913239e8b6739a5,True,,,,,,,,,,1.0,0.0,1.0,1.0,0.6189549114826789,1.0,0.0,1.0,1.0,0.0
2946,9edf6075f6a55d2a5,True,,,,,,,,,,1.0,0.0,0.0,1.0,1.0,1.0,0.0,1.0,0.0,0.0
2947,bad2ff79565afa1d2,True,,,,,,,,,,1.0,1.0,1.0,1.0,0.8124155416380807,1.0,0.0,1.0,1.0,0.8163798567619003
2948,07c7971b452106335,True,,,,,,,,,,1.0,1.0,1.0,1.0,0.5115740226442979,1.0,1.0,1.0,1.0,0.8473668820763431
2949,feeaa6210f5b68928,True,,,,,,,,,,1.0,0.0,1.0,1.0,0.7030613447203986,1.0,0.0,1.0,0.0,0.0
2950,a4564a26800be40aa,True,,,,,,,,,,0.0,1.0,0.5,1.0,1.0,0.0,0.0,1.0,1.0,0.0
2951,6d649dcdbc3037d7a,True,,,,,,,,,,1.0,1.0,1.0,1.0,0.4781675738511946,1.0,0.0,1.0,1.0,0.7119273668284983
2952,041ef3b3c078e7cea,True,,,,,,,,,,0.0,1.0,1.0,1.0,0.578912705981848,0.0,0.0,1.0,1.0,0.0
2953,966546464755fdfad,True,,,,,,,,,,1.0,1.0,1.0,1.0,0.7552365742935381,1.0,1.0,1.0,1.0,0.9235114294667306
2954,526b43badebf3eca2,True,,,,,,,,,,1.0,0.0,0.0,1.0,1.0,1.0,0.0,1.0,1.0,0.0
2955,10f3932f4f651de8c,True,,,,,,,,,,1.0,0.0,1.0,1.0,1.0,1.0,1.0,1.0,1.0,0.0
2956,3410786351a3e24b2,True,,,,,,,,,,1.0,1.0,1.0,1.0,0.0,1.0,0.0,1.0,1.0,0.5625
2957,50e0b955654ae8794,True,,,,,,,,,,1.0,1.0,1.0,1.0,0.07670270672975175,1.0,0.0,1.0,1.0,0.5864695958530475
2958,cf84397ec4944d689,True,,,,,,,,,,0.0,1.0,1.0,1.0,1.0,0.0,0.0,0.0,0.0,0.0
2959,f2ee403d63c2cb379,True,,,,,,,,,,1.0,1.0,0.0,0.0,1.0,1.0,0.0,1.0,1.0,0.0
2960,7b4787e090d286d89,True,,,,,,,,,,1.0,1.0,0.5,1.0,1.0,1.0,0.0,1.0,0.0,0.375
2961,e7ae2cd68d33a847e,True,,,,,,,,,,1.0,1.0,1.0,1.0,0.7620411987044741,1.0,0.0,1.0,1.0,0.8006378745951481
2962,ac0f0df8d058130c5,True,,,,,,,,,,1.0,0.0,1.0,1.0,1.0,1.0,1.0,1.0,1.0,0.0
2963,f7de2890aa326283e,True,,,,,,,,,,1.0,0.0,1.0,1.0,0.6706298421335788,1.0,1.0,1.0,0.0,0.0
2964,1211bf26e9a785053,True,,,,,,,,,,1.0,1.0,1.0,1.0,0.7550385289291675,1.0,0.0,1.0,1.0,0.7984495402903649
2965,75e8f9b411d1144ad,True,,,,,,,,,,1.0,1.0,1.0,1.0,0.7182186937962636,1.0,1.0,1.0,1.0,0.9119433418113323
2966,3b0eafa0ee94a00a4,True,,,,,,,,,,1.0,1.0,0.5,1.0,0.7329060167086339,1.0,0.0,1.0,1.0,0.39576656511072406
2967,c02f1f464e464fc07,True,,,,,,,,,,1.0,1.0,1.0,1.0,0.7970435138779118,1.0,1.0,1.0,0.0,0.8115760980868474
2968,6755c5223bb08c967,True,,,,,,,,,,1.0,1.0,1.0,1.0,0.7229798163727783,1.0,1.0,1.0,1.0,0.9134311926164932
2969,951dde0b224c880bd,True,,,,,,,,,,1.0,1.0,1.0,1.0,0.8202166607883301,1.0,1.0,1.0,1.0,0.9438177064963531
2970,bd7d7120ca6491008,True,,,,,,,,,,1.0,1.0,1.0,1.0,1.0,1.0,1.0,1.0,1.0,1.0
2971,0c9e5d46eff0fcf41,True,,,,,,,,,,1.0,1.0,1.0,1.0,0.5216920680448442,1.0,1.0,1.0,0.0,0.7255287712640138
2972,67bddd305e7735344,True,,,,,,,,,,1.0,1.0,1.0,1.0,0.1283025425583479,1.0,1.0,1.0,0.0,0.6025945445494837
2973,76a210a0c3456a3e3,True,,,,,,,,,,1.0,1.0,1.0,1.0,0.7893172346715427,1.0,1.0,1.0,1.0,0.9341616358348571
2974,3b60c8877787da3e0,True,,,,,,,,,,1.0,1.0,1.0,1.0,1.0,1.0,1.0,1.0,0.0,0.875
2975,be29b04863547d0c1,True,,,,,,,,,,0.0,1.0,1.0,1.0,1.0,0.0,1.0,1.0,0.0,0.0
2976,aa354b140b6d2c2ab,True,,,,,,,,,,1.0,0.0,0.5,1.0,0.5634873164075919,1.0,1.0,1.0,1.0,0.0
2977,85f94ff5a637ec2d5,True,,,,,,,,,,1.0,0.0,0.0,1.0,1.0,1.0,0.0,1.0,1.0,0.0
2978,0b23cba96b245dcbe,True,,,,,,,,,,1.0,1.0,1.0,1.0,0.7999837504579455,1.0,0.0,1.0,0.0,0.6874949220181079
2979,25c09023519316f41,True,,,,,,,,,,1.0,0.0,1.0,1.0,1.0,1.0,1.0,1.0,0.0,0.0
2980,7fc94bcc4790ac58b,True,,,,,,,,,,1.0,0.0,1.0,1.0,0.6709266870826718,1.0,0.0,1.0,0.0,0.0
2981,1009569404037413a,True,,,,,,,,,,1.0,1.0,1.0,1.0,0.7594948821532622,1.0,1.0,1.0,1.0,0.9248421506728944
2982,737a6728f5f065a24,True,,,,,,,,,,1.0,1.0,1.0,1.0,0.005512755307424966,1.0,0.0,1.0,1.0,0.5642227360335703
2983,f511978077fdcd122,True,,,,,,,,,,1.0,1.0,1.0,1.0,0.5403434072414363,1.0,0.0,1.0,1.0,0.7313573147629489
2984,e5e0959cfd16213ca,True,,,,,,,,,,0.0,0.0,0.0,1.0,1.0,0.0,0.0,1.0,1.0,0.0
2985,48cab8078b80242a1,True,,,,,,,,,,1.0,1.0,1.0,1.0,0.8444755061479801,1.0,1.0,1.0,1.0,0.9513985956712437
2986,edb62f47f8009856e,True,,,,,,,,,,1.0,1.0,1.0,1.0,0.8953226022588161,1.0,1.0,1.0,0.0,0.84228831320588
2987,f7741428b4719155a,True,,,,,,,,,,1.0,1.0,0.0,1.0,0.8529015502431531,1.0,0.0,1.0,1.0,0.0
2988,102f1115bc733e323,True,,,,,,,,,,1.0,1.0,1.0,1.0,0.07407633055824472,1.0,0.0,1.0,1.0,0.5856488532994515
2989,5c1c76ff6dae6f388,True,,,,,,,,,,1.0,1.0,1.0,1.0,1.0,1.0,0.0,1.0,1.0,0.875
2990,f21a1d0c82db2ce84,True,,,,,,,,,,1.0,1.0,1.0,1.0,0.2388143961458486,1.0,0.0,1.0,1.0,0.6371294987955777
2991,b06abb0b6477b1473,True,,,,,,,,,,1.0,0.0,0.0,1.0,1.0,1.0,1.0,1.0,0.0,0.0
2992,ddae067a0bdc3d1ec,True,,,,,,,,,,1.0,1.0,0.0,1.0,0.9999421153991307,1.0,0.0,1.0,0.0,0.0
2993,8eb4319f6f1477277,True,,,,,,,,,,1.0,1.0,1.0,1.0,1.0,1.0,1.0,1.0,0.0,0.875
2994,8170f12fb1131df99,True,,,,,,,,,,0.0,1.0,1.0,1.0,1.0,0.0,0.0,1.0,1.0,0.0
2995,2f841ea41e11faf68,True,,,,,,,,,,1.0,1.0,0.0,1.0,0.6618011012029397,1.0,0.0,1.0,1.0,0.0
2996,7837a188fc6d747f2,True,,,,,,,,,,1.0,1.0,1.0,1.0,1.0,1.0,1.0,1.0,0.0,0.875
2997,2947a7779fffc9a73,True,,,,,,,,,,1.0,0.0,0.5,1.0,1.0,1.0,0.0,1.0,0.0,0.0
2998,2f70249e5e3153c88,True,,,,,,,,,,1.0,1.0,1.0,1.0,0.5766902204296532,1.0,0.0,1.0,1.0,0.7427156938842666
2999,f15dde91900f2039a,True,,,,,,,,,,0.0,1.0,0.5,1.0,1.0,0.0,0.0,1.0,0.0,0.0
3000,46738f7f1afe77303,True,,,,,,,,,,1.0,1.0,1.0,1.0,1.0,1.0,0.0,1.0,1.0,0.875
3001,4da17212b5480fefc,True,,,,,,,,,,0.0,1.0,1.0,1.0,0.9184196604552491,0.0,0.0,1.0,0.0,0.0
3002,7f866f8c8d00bd3d1,True,,,,,,,,,,1.0,1.0,1.0,1.0,0.9393091004439846,1.0,1.0,1.0,1.0,0.9810340938887452
3003,c8f09b5608e102dfb,True,,,,,,,,,,1.0,1.0,1.0,1.0,1.0,1.0,0.0,1.0,1.0,0.875
3004,2fcce49ea42967480,True,,,,,,,,,,1.0,0.0,1.0,1.0,0.6001921352809653,1.0,1.0,1.0,0.0,0.0
3005,77fcdd159de9fa48f,True,,,,,,,,,,1.0,1.0,1.0,1.0,0.4525229057683931,1.0,1.0,1.0,1.0,0.8289134080526228
3006,d07109d7827c6eace,True,,,,,,,,,,1.0,1.0,1.0,1.0,0.25711928450522065,1.0,1.0,0.0,1.0,0.6428497764078814
3007,b589b9a8082420ee5,True,,,,,,,,,,1.0,0.0,1.0,1.0,1.0,1.0,0.0,1.0,1.0,0.0
3008,0c90e4fca67a92e84,True,,,,,,,,,,0.0,1.0,0.5,1.0,1.0,0.0,0.0,1.0,1.0,0.0
3009,90c45199dafb82117,True,,,,,,,,,,1.0,1.0,1.0,1.0,0.9964888916944946,1.0,1.0,1.0,0.0,0.8739027786545296
3010,01d8a706eb3443501,True,,,,,,,,,,0.0,1.0,1.0,1.0,1.0,0.0,1.0,1.0,0.0,0.0
3011,c71bdecb4c4eb5848,True,,,,,,,,,,1.0,1.0,0.5,1.0,0.5375295179233794,1.0,0.0,1.0,0.0,0.30273898717552805
3012,1a221329baff3bfe2,True,,,,,,,,,,1.0,1.0,1.0,0.0,1.0,1.0,1.0,1.0,0.0,0.0
3013,99c29f3c8b69eab4e,True,,,,,,,,,,1.0,1.0,1.0,1.0,0.5333115066355035,1.0,0.0,1.0,1.0,0.7291598458235948
3014,99e402b94de45b44b,True,,,,,,,,,,1.0,1.0,1.0,1.0,0.7637193218517074,1.0,1.0,1.0,1.0,0.9261622880786586
3015,59f54dd987b4a80fd,True,,,,,,,,,,1.0,1.0,1.0,1.0,0.6773472404793826,1.0,0.0,1.0,1.0,0.774171012649807
3016,85227ded294bb6273,True,,,,,,,,,,1.0,1.0,1.0,1.0,0.24557164482185828,1.0,1.0,1.0,1.0,0.7642411390068307
3017,118825fc5cd99a244,True,,,,,,,,,,1.0,1.0,1.0,1.0,0.15124943706037286,1.0,0.0,1.0,0.0,0.48476544908136654
3018,5dbaff082e8bd2a5b,True,,,,,,,,,,1.0,1.0,1.0,1.0,0.6369684645338831,1.0,0.0,1.0,1.0,0.7615526451668384
3019,7b53b50d5b5c3a0e4,True,,,,,,,,,,1.0,1.0,1.0,1.0,0.7339848472147177,1.0,1.0,1.0,1.0,0.9168702647545992
3020,7c6eb3ebf2ec0a507,True,,,,,,,,,,0.0,1.0,1.0,1.0,1.0,0.0,0.0,1.0,1.0,0.0
3021,4428aee2536bf6703,True,,,,,,,,,,1.0,0.0,1.0,1.0,1.0,1.0,0.0,1.0,1.0,0.0
3022,eb251433c13f5a4f2,True,,,,,,,,,,0.0,0.0,0.5,1.0,1.0,0.0,0.0,1.0,0.0,0.0
3023,40e276fbb70b36a86,True,,,,,,,,,,1.0,0.0,1.0,1.0,0.4981834958281552,1.0,1.0,1.0,0.0,0.0
3024,1c973ecab8156df90,True,,,,,,,,,,1.0,1.0,1.0,1.0,1.0,1.0,0.0,1.0,1.0,0.875
3025,52b7525b699ef9adf,True,,,,,,,,,,1.0,1.0,1.0,1.0,0.6062041718550782,1.0,1.0,1.0,1.0,0.8769388037047119
3026,e13710073c3a4f5c6,True,,,,,,,,,,1.0,1.0,1.0,1.0,0.6330815536097292,1.0,1.0,1.0,1.0,0.8853379855030403
3027,9941e5249d262210a,True,,,,,,,,,,1.0,1.0,1.0,1.0,0.605714861527335,1.0,1.0,1.0,0.0,0.7517858942272921
3028,4930cf1a642d2c66b,True,,,,,,,,,,1.0,1.0,1.0,1.0,1.0,1.0,1.0,1.0,0.0,0.875
3029,089e61f737418a050,True,,,,,,,,,,1.0,1.0,1.0,1.0,0.8555808744665491,1.0,1.0,1.0,0.0,0.8298690232707966
3030,c1971860f95cbc9ac,True,,,,,,,,,,1.0,1.0,1.0,1.0,1.0,1.0,0.0,1.0,0.0,0.75
3031,1aaa4996c12e817a7,True,,,,,,,,,,1.0,1.0,1.0,1.0,0.7728674161541532,1.0,1.0,1.0,0.0,0.8040210675481729
3032,73f7119a7b5a0b42c,True,,,,,,,,,,1.0,1.0,1.0,1.0,0.7186261529719516,1.0,1.0,1.0,0.0,0.7870706728037349
3033,6b7399dbbb307ddfb,True,,,,,,,,,,1.0,0.0,1.0,1.0,0.34561839249975673,1.0,1.0,1.0,0.0,0.0
3034,3f5815868e493295e,True,,,,,,,,,,1.0,1.0,1.0,1.0,0.9817959187066292,1.0,1.0,1.0,0.0,0.8693112245958217
3035,ea7e06440b39909f9,True,,,,,,,,,,1.0,1.0,1.0,1.0,0.9747643248285804,1.0,1.0,1.0,1.0,0.9921138515089314
3036,6e72febafe28c367c,True,,,,,,,,,,1.0,1.0,0.5,1.0,1.0,1.0,0.0,1.0,1.0,0.4375
3037,0e79638f76319d5dd,True,,,,,,,,,,1.0,1.0,1.0,1.0,0.0,1.0,1.0,1.0,1.0,0.6875
3038,fbce95baf9103a2ff,True,,,,,,,,,,1.0,0.0,0.0,1.0,1.0,1.0,0.0,1.0,1.0,0.0
3039,e829e9b1fb63a8774,True,,,,,,,,,,1.0,0.0,1.0,1.0,1.0,1.0,0.0,1.0,1.0,0.0
3040,a436762e9938c1e5b,True,,,,,,,,,,1.0,1.0,1.0,1.0,1.0,1.0,1.0,1.0,1.0,1.0
3041,1b9fdb3577e3e1018,True,,,,,,,,,,1.0,1.0,1.0,1.0,0.9495402524631205,1.0,1.0,1.0,0.0,0.8592313288947251
3042,ceeb361872a012bd7,True,,,,,,,,,,1.0,1.0,1.0,1.0,1.0,1.0,1.0,1.0,0.0,0.875
3043,44d4ff5239aca3b14,True,,,,,,,,,,1.0,0.0,1.0,1.0,1.0,1.0,0.0,0.0,0.0,0.0
3044,9c1c1fb7b2f09b8b6,True,,,,,,,,,,1.0,1.0,1.0,1.0,1.0,1.0,1.0,1.0,1.0,1.0
3045,e472efc62c061addf,True,,,,,,,,,,1.0,0.0,1.0,1.0,0.4474672275633755,1.0,1.0,1.0,1.0,0.0
3046,003fad41549a954eb,True,,,,,,,,,,1.0,0.0,1.0,1.0,1.0,1.0,0.0,1.0,1.0,0.0
3047,e0d627ef80faeebd6,True,,,,,,,,,,1.0,1.0,1.0,1.0,1.0,1.0,0.0,1.0,1.0,0.875
3048,daba931964ff703a5,True,,,,,,,,,,1.0,1.0,1.0,1.0,0.681855607834504,1.0,1.0,1.0,1.0,0.9005798774482825
3049,589cc001fa920c158,True,,,,,,,,,,0.0,1.0,0.5,1.0,1.0,0.0,0.0,1.0,0.0,0.0
3050,7b34cc67f7a1ee247,True,,,,,,,,,,1.0,1.0,1.0,1.0,0.3011426195536621,1.0,0.0,1.0,1.0,0.6566070686105194
3051,e4a4cf72a6a92f620,True,,,,,,,,,,1.0,1.0,1.0,1.0,0.22665338235041435,1.0,0.0,0.0,1.0,0.5083291819845045
3052,10cc41fbc38a43481,True,,,,,,,,,,1.0,1.0,1.0,1.0,0.35930597486632226,1.0,1.0,1.0,1.0,0.7997831171457257
3053,cdb80903b75b86325,True,,,,,,,,,,1.0,1.0,1.0,1.0,0.6304533592417774,1.0,0.0,1.0,0.0,0.6345166747630554
3054,07c652f78c0509a49,True,,,,,,,,,,1.0,0.0,1.0,1.0,0.7057121213428871,1.0,1.0,1.0,1.0,0.0
3055,6b8b063fa80fa480f,True,,,,,,,,,,1.0,1.0,1.0,1.0,1.0,1.0,0.0,1.0,0.0,0.75
3056,ee826c29f16b824e8,True,,,,,,,,,,1.0,1.0,1.0,1.0,0.7653656679830266,1.0,1.0,1.0,1.0,0.9266767712446958
3057,b89f8f1400c121a0e,True,,,,,,,,,,1.0,1.0,1.0,1.0,1.0,1.0,1.0,1.0,1.0,1.0
3058,3423788f9b45444ab,True,,,,,,,,,,1.0,1.0,1.0,1.0,0.2106059750414108,1.0,1.0,1.0,1.0,0.7533143672004409
3059,5421fa2f2e2b4cb13,True,,,,,,,,,,1.0,1.0,1.0,1.0,1.0,1.0,0.0,1.0,1.0,0.875
3060,c64e0d6194293f51e,True,,,,,,,,,,1.0,1.0,1.0,1.0,0.6408004090604706,0.0,0.0,1.0,1.0,0.45025012783139706
3061,b58b6d88823cf8754,True,,,,,,,,,,0.0,1.0,1.0,1.0,1.0,0.0,0.0,1.0,1.0,0.0
3062,9a9ccb6c7221c42a1,True,,,,,,,,,,1.0,1.0,1.0,1.0,0.9667870354838118,0.0,0.0,1.0,0.0,0.4271209485886912
3063,7dd030c5962831b4d,True,,,,,,,,,,1.0,1.0,0.0,1.0,0.8378393722276359,1.0,1.0,1.0,1.0,0.0
3064,191ccfaebd0211428,True,,,,,,,,,,1.0,0.0,0.5,1.0,1.0,1.0,0.0,1.0,0.0,0.0
3065,5fdebbeb76c9d0953,True,,,,,,,,,,1.0,1.0,0.0,1.0,1.0,1.0,0.0,1.0,0.0,0.0
3066,853836094a41151fa,True,,,,,,,,,,1.0,1.0,1.0,1.0,0.281558883399485,1.0,1.0,1.0,1.0,0.7754871510623391
3067,507ff750eaaf02bd0,True,,,,,,,,,,1.0,1.0,1.0,1.0,0.9223152784468022,1.0,1.0,1.0,1.0,0.9757235245146256
3068,1d4894afb05e6ebc3,True,,,,,,,,,,1.0,1.0,1.0,1.0,1.0,1.0,0.0,1.0,1.0,0.875
3069,c2fbdb2ef268ad123,True,,,,,,,,,,1.0,1.0,1.0,1.0,1.0,1.0,1.0,1.0,1.0,1.0
3070,a3ef9e8575b866d50,True,,,,,,,,,,1.0,1.0,1.0,1.0,1.0,1.0,1.0,1.0,0.0,0.875
3071,a6158322c9262bd39,True,,,,,,,,,,1.0,1.0,1.0,1.0,0.9943668821269593,0.0,1.0,0.0,0.0,0.4357396506646748
3072,b1914ef64d65f8786,True,,,,,,,,,,1.0,1.0,1.0,1.0,0.09004419239863239,1.0,1.0,1.0,1.0,0.7156388101245726
3073,4f381652c85aeb8b4,True,,,,,,,,,,1.0,1.0,1.0,1.0,0.4113748167891821,1.0,1.0,1.0,1.0,0.8160546302466194
3074,f38fa4be9ff4556d8,True,,,,,,,,,,1.0,0.0,0.5,1.0,0.7961699492724067,1.0,1.0,1.0,0.0,0.0
3075,55803d7542740813d,True,,,,,,,,,,1.0,1.0,0.0,1.0,1.0,1.0,0.0,1.0,1.0,0.0
3076,eb46263a3a324c2e0,True,,,,,,,,,,1.0,1.0,1.0,1.0,1.0,1.0,1.0,1.0,1.0,1.0
3077,108deb7af61e697bb,True,,,,,,,,,,1.0,0.0,1.0,1.0,1.0,1.0,1.0,1.0,1.0,0.0
3078,b1d448fe8d77559fd,True,,,,,,,,,,0.0,0.0,0.5,1.0,0.8749525301690123,0.0,1.0,1.0,0.0,0.0
3079,a283fdc5a4a1cd3b0,True,,,,,,,,,,1.0,1.0,1.0,1.0,0.8546825265536792,1.0,0.0,1.0,1.0,0.8295882895480247
3080,2328dbb272ccbb947,True,,,,,,,,,,1.0,1.0,1.0,1.0,1.0,1.0,0.0,1.0,0.0,0.75
3081,b7f53c6ea01b7cbc9,True,,,,,,,,,,1.0,0.0,1.0,1.0,0.8903637865589352,1.0,0.0,1.0,1.0,0.0
3082,b7f6a370ec46c9fef,True,,,,,,,,,,1.0,1.0,1.0,1.0,0.39479712290362035,1.0,1.0,1.0,0.0,0.6858741009073813
3083,2309f75fc2af06a77,True,,,,,,,,,,0.0,0.0,1.0,1.0,1.0,0.0,0.0,1.0,1.0,0.0
3084,c1db792a77989232e,True,,,,,,,,,,1.0,1.0,1.0,1.0,0.0011225013867728457,1.0,0.0,1.0,1.0,0.5628507816833666
3085,e42fb75cf07b74514,True,,,,,,,,,,1.0,1.0,1.0,1.0,0.4336816189916848,1.0,1.0,1.0,1.0,0.8230255059349014
3086,4d43428f5f573b6b1,True,,,,,,,,,,1.0,0.0,1.0,1.0,0.8448788379833635,1.0,1.0,1.0,0.0,0.0
3087,905ea255ddc3a837c,True,,,,,,,,,,1.0,1.0,1.0,1.0,0.7999736506710557,1.0,0.0,1.0,1.0,0.812491765834705
3088,31df3ebdb68bf83fe,True,,,,,,,,,,0.0,1.0,1.0,1.0,1.0,0.0,1.0,1.0,1.0,0.0
3089,7d4ce2377f19fda93,True,,,,,,,,,,1.0,1.0,1.0,1.0,0.9146235232164436,1.0,1.0,1.0,0.0,0.8483198510051386
3090,2931dbf8882478baa,True,,,,,,,,,,1.0,0.0,1.0,1.0,1.0,1.0,0.0,1.0,1.0,0.0
3091,ba1d4ee6517641b7b,True,,,,,,,,,,1.0,1.0,1.0,1.0,1.0,1.0,0.0,1.0,1.0,0.875
3092,77ea1d582cf3df680,True,,,,,,,,,,1.0,1.0,1.0,1.0,0.5319058542413025,1.0,0.0,1.0,1.0,0.728720579450407
3093,2bb929aa7298012be,True,,,,,,,,,,0.0,1.0,1.0,1.0,1.0,0.0,1.0,1.0,1.0,0.0
3094,221c392b5c088f6ce,True,,,,,,,,,,0.0,1.0,1.0,0.0,1.0,0.0,0.0,1.0,1.0,0.0
3095,79a8aa64c00991061,True,,,,,,,,,,1.0,1.0,0.5,1.0,0.5913783296543983,1.0,0.0,1.0,1.0,0.37365286400849973
3096,885154f1032e04177,True,,,,,,,,,,1.0,0.0,0.5,1.0,1.0,0.0,0.0,1.0,0.0,0.0
3097,04636d07d342e54cd,True,,,,,,,,,,1.0,0.0,1.0,1.0,0.8770745167485584,1.0,1.0,1.0,1.0,0.0
3098,2bac8b14908f94a2b,True,,,,,,,,,,1.0,0.0,1.0,1.0,0.5658769426887168,1.0,1.0,1.0,1.0,0.0
3099,eb0047db76ca54d58,True,,,,,,,,,,1.0,1.0,1.0,1.0,0.8301254911066557,1.0,1.0,1.0,1.0,0.9469142159708299
3100,509ec142f891e0766,True,,,,,,,,,,0.0,1.0,1.0,1.0,1.0,0.0,0.0,1.0,0.0,0.0
3101,35fe984f84deeb76b,True,,,,,,,,,,1.0,1.0,1.0,1.0,0.8150611493837314,1.0,0.0,1.0,1.0,0.817206609182416
3102,c193d278e26794340,True,,,,,,,,,,1.0,1.0,1.0,1.0,0.9367777526913457,1.0,0.0,1.0,0.0,0.7302430477160455
3103,ce91aa0b54e55f85e,True,,,,,,,,,,1.0,1.0,1.0,1.0,0.6277835388215068,1.0,1.0,1.0,0.0,0.7586823558817208
3104,9557f26df1e4356d7,True,,,,,,,,,,1.0,1.0,0.0,1.0,1.0,1.0,0.0,1.0,1.0,0.0
3105,1afa1d77d3954125e,True,,,,,,,,,,1.0,1.0,1.0,1.0,0.8462404151263228,1.0,1.0,1.0,1.0,0.9519501297269759
3106,b5837307d8a14be4a,True,,,,,,,,,,1.0,1.0,1.0,1.0,0.5973781432056012,1.0,1.0,1.0,1.0,0.8741806697517503
3107,d38a1a28476d4851e,True,,,,,,,,,,0.0,1.0,1.0,1.0,1.0,0.0,0.0,1.0,1.0,0.0
3108,6e06dc9cb502fab19,True,,,,,,,,,,1.0,1.0,1.0,1.0,1.0,1.0,1.0,1.0,1.0,1.0
3109,4f7f3184912163792,True,,,,,,,,,,1.0,0.0,1.0,1.0,0.9655770176165074,1.0,1.0,1.0,0.0,0.0
3110,c3e34d7de79504c8f,True,,,,,,,,,,1.0,0.0,1.0,0.0,1.0,1.0,1.0,1.0,1.0,0.0
3111,c624adea428b6fde5,True,,,,,,,,,,1.0,1.0,1.0,1.0,0.5113274882438407,1.0,1.0,1.0,0.0,0.7222898400762002
3112,69f612044609b63d1,True,,,,,,,,,,1.0,1.0,1.0,1.0,0.9102564039700966,1.0,1.0,1.0,1.0,0.9719551262406552
3113,68681651575ebbc90,True,,,,,,,,,,1.0,1.0,1.0,1.0,1.0,1.0,0.0,1.0,1.0,0.875
3114,20e09bbb0401bd1be,True,,,,,,,,,,1.0,1.0,1.0,1.0,0.7167551118863582,1.0,0.0,1.0,0.0,0.6614859724644869
3115,17848b0db348eea20,True,,,,,,,,,,1.0,1.0,1.0,1.0,0.5131140970649664,1.0,1.0,1.0,0.0,0.722848155332802
3116,194d8549dce1cc044,True,,,,,,,,,,1.0,0.0,0.0,1.0,1.0,1.0,0.0,1.0,1.0,0.0
3117,ffa71fc1b5b55f4ea,True,,,,,,,,,,1.0,1.0,1.0,1.0,0.6246913981709453,1.0,1.0,1.0,1.0,0.8827160619284204
3118,c72e69f316e2cb580,True,,,,,,,,,,1.0,1.0,1.0,1.0,0.5461230832389368,1.0,1.0,1.0,0.0,0.7331634635121678
3119,dedf2ffe66804a16a,True,,,,,,,,,,1.0,1.0,1.0,1.0,0.7237293412825462,1.0,1.0,1.0,1.0,0.9136654191507957
3120,a8b0718f4ba8367ac,True,,,,,,,,,,1.0,0.0,1.0,1.0,0.49289639570477994,1.0,1.0,1.0,0.0,0.0
3121,3e2f29d51ba0c82c3,True,,,,,,,,,,1.0,1.0,1.0,1.0,0.5992737661743575,1.0,1.0,1.0,0.0,0.7497730519294867
3122,386d0b1a688b012fa,True,,,,,,,,,,1.0,1.0,0.5,1.0,0.6538504632937115,1.0,0.0,1.0,1.0,0.38341413488964243
3123,ca4163d1efbe0dd9c,True,,,,,,,,,,1.0,1.0,1.0,1.0,1.0,1.0,0.0,1.0,1.0,0.875
3124,9bcb66e43b4092040,True,,,,,,,,,,1.0,0.0,1.0,1.0,1.0,1.0,0.0,1.0,0.0,0.0
3125,bef5978ef06f054f6,True,,,,,,,,,,1.0,1.0,1.0,1.0,0.8047201657581212,1.0,1.0,1.0,1.0,0.9389750517994129
3126,4533792bbf9b2478b,True,,,,,,,,,,1.0,1.0,1.0,1.0,0.9412523859461793,1.0,1.0,1.0,0.0,0.856641370608181
3127,f4441ff7b0692d28d,True,,,,,,,,,,1.0,1.0,1.0,1.0,0.8085622551785602,1.0,0.0,1.0,0.0,0.6901757047433
3128,41d2023a1a51da75e,True,,,,,,,,,,1.0,1.0,1.0,1.0,0.3544251388371542,1.0,1.0,1.0,1.0,0.7982578558866107
3129,5eeb6bb55001c1fc4,True,,,,,,,,,,1.0,0.0,1.0,1.0,0.6814900199279192,1.0,1.0,1.0,1.0,0.0
3130,daff4b299dac7a03f,True,,,,,,,,,,0.5,0.0,1.0,1.0,1.0,0.0,1.0,1.0,0.0,0.0
3131,a7cf069369c371dd2,True,,,,,,,,,,1.0,0.0,1.0,1.0,0.709354823301835,1.0,0.0,1.0,1.0,0.0
3132,e3a9da177d10be28d,True,,,,,,,,,,1.0,1.0,1.0,1.0,1.0,1.0,0.0,1.0,1.0,0.875
3133,3e9cb5ec7e3c7d0e9,True,,,,,,,,,,1.0,1.0,1.0,1.0,0.9701808025565141,1.0,0.0,1.0,1.0,0.8656815007989107
3134,18f8bfb875dae178e,True,,,,,,,,,,0.0,1.0,1.0,1.0,1.0,0.0,1.0,1.0,1.0,0.0
3135,2cd8757231917e0ba,True,,,,,,,,,,1.0,1.0,1.0,1.0,0.3772799754412441,1.0,1.0,1.0,1.0,0.8053999923253887
3136,d94f797b81c453893,True,,,,,,,,,,1.0,0.0,1.0,1.0,1.0,1.0,0.0,1.0,0.0,0.0
3137,693313e8d44aa5fd8,True,,,,,,,,,,1.0,1.0,1.0,1.0,0.2626993858211708,1.0,1.0,1.0,1.0,0.7695935580691159
3138,3e0e15540dab7a9e5,True,,,,,,,,,,1.0,0.0,1.0,1.0,0.6210340796857959,1.0,1.0,1.0,1.0,0.0
3139,9c47bf4ba9db25f5d,True,,,,,,,,,,0.0,0.0,1.0,1.0,1.0,0.0,1.0,1.0,0.0,0.0
3140,4ada67449cbca8a4f,True,,,,,,,,,,1.0,1.0,1.0,1.0,0.9586322273407013,1.0,1.0,1.0,1.0,0.9870725710439692
3141,956f2e4043c1b8f4d,True,,,,,,,,,,1.0,1.0,1.0,1.0,0.48562036485815196,1.0,1.0,1.0,1.0,0.8392563640181725
3142,aadb9d0abc30a1215,True,,,,,,,,,,1.0,1.0,1.0,1.0,0.956550498792751,1.0,0.0,1.0,0.0,0.7364220308727347
3143,215d99206d864850d,True,,,,,,,,,,1.0,1.0,0.0,1.0,0.8220470421847378,1.0,0.0,1.0,1.0,0.0
3144,19a22a2c5501797dc,True,,,,,,,,,,1.0,1.0,1.0,1.0,0.8497583414859095,1.0,1.0,1.0,1.0,0.9530494817143467
3145,cbb71f7b0aeef65da,True,,,,,,,,,,1.0,1.0,1.0,1.0,1.0,1.0,0.0,0.0,0.0,0.625
3146,25afbc08ad962c6cd,True,,,,,,,,,,1.0,1.0,1.0,1.0,0.1442179632808529,1.0,1.0,1.0,1.0,0.7325681135252665
3147,9fad04b9636cbc059,True,,,,,,,,,,1.0,1.0,1.0,1.0,0.33510666173843273,1.0,0.0,1.0,1.0,0.6672208317932602
3148,a863c3cc5f754b2b4,True,,,,,,,,,,1.0,1.0,1.0,1.0,0.6670241149431534,1.0,1.0,1.0,1.0,0.8959450359197354
3149,f94bdc2e7d5bba8a9,True,,,,,,,,,,1.0,1.0,1.0,1.0,0.7384760789684511,1.0,1.0,1.0,0.0,0.793273774677641
3150,6e7de4339dc039c41,True,,,,,,,,,,1.0,1.0,1.0,1.0,0.6535300493896217,1.0,1.0,1.0,0.0,0.7667281404342567
3151,dc140e9555d47bb86,True,,,,,,,,,,1.0,1.0,1.0,1.0,0.5651324115653066,1.0,1.0,1.0,0.0,0.7391038786141583
3152,ddeb5e032c4e1657a,True,,,,,,,,,,1.0,1.0,1.0,1.0,0.4009903349822144,1.0,1.0,1.0,0.0,0.6878094796819421
3153,710c63e733bb79b47,True,,,,,,,,,,1.0,1.0,1.0,1.0,0.8384586246490016,1.0,1.0,1.0,1.0,0.949518320202813
3154,1088e54d61d6c1c1a,True,,,,,,,,,,1.0,0.0,1.0,1.0,0.8944098658892728,1.0,1.0,1.0,1.0,0.0
3155,761fdfcb355d74f9b,True,,,,,,,,,,1.0,1.0,1.0,1.0,1.0,1.0,1.0,1.0,0.0,0.875
3156,72a853c092fda384e,True,,,,,,,,,,1.0,1.0,1.0,1.0,1.0,1.0,0.0,1.0,1.0,0.875
3157,3029efd936ffc0d0d,True,,,,,,,,,,1.0,1.0,1.0,1.0,0.09855762125673906,1.0,1.0,1.0,1.0,0.718299256642731
3158,4c1f05a52e82aac85,True,,,,,,,,,,1.0,0.0,1.0,1.0,0.5970384010587758,1.0,1.0,1.0,0.0,0.0
3159,81745b0b8691480d6,True,,,,,,,,,,1.0,1.0,1.0,1.0,0.8093194440127636,1.0,1.0,1.0,0.0,0.8154123262539886
3160,0950505e558866cf8,True,,,,,,,,,,1.0,1.0,1.0,1.0,0.7372906063376994,1.0,0.0,1.0,1.0,0.7929033144805311
3161,9419f81f3116fcd08,True,,,,,,,,,,0.0,1.0,1.0,1.0,1.0,0.0,1.0,1.0,1.0,0.0
3162,23b5ec16bb6ad0b92,True,,,,,,,,,,0.0,1.0,0.5,1.0,1.0,0.0,1.0,1.0,0.0,0.0
3163,9a546e8b85e191da8,True,,,,,,,,,,0.0,1.0,1.0,1.0,1.0,0.0,1.0,1.0,0.0,0.0
3164,4c74c0df8c74b80db,True,,,,,,,,,,1.0,0.0,1.0,1.0,1.0,1.0,0.0,1.0,1.0,0.0
3165,9e8bcf0ba8fefe716,True,,,,,,,,,,1.0,1.0,1.0,1.0,0.9741922272369818,1.0,1.0,1.0,1.0,0.9919350710115569
3166,4f84585468f82a1fc,True,,,,,,,,,,1.0,1.0,0.0,1.0,0.9316210402077976,1.0,0.0,1.0,0.0,0.0
3167,e33c0044eab71bc97,True,,,,,,,,,,1.0,1.0,1.0,1.0,0.9669190568875501,1.0,1.0,1.0,1.0,0.9896622052773594
3168,5d16842470d67d7aa,True,,,,,,,,,,1.0,1.0,1.0,1.0,1.0,1.0,1.0,1.0,1.0,1.0
3169,1b0a591d6b3ec8ee1,True,,,,,,,,,,1.0,1.0,1.0,1.0,0.7834905642927648,1.0,1.0,1.0,0.0,0.807340801341489
3170,c3d1977a554fb24b2,True,,,,,,,,,,1.0,1.0,1.0,1.0,0.27059864545812207,1.0,0.0,1.0,0.0,0.5220620767056632
3171,368fa1aeac7542731,True,,,,,,,,,,1.0,0.0,0.0,1.0,1.0,0.0,0.0,1.0,0.0,0.0
3172,37c49a3e38b6b7781,True,,,,,,,,,,1.0,1.0,1.0,1.0,0.8012306111103052,1.0,0.0,1.0,1.0,0.8128845659719703
3173,4de6ba672dc37ec25,True,,,,,,,,,,1.0,1.0,1.0,1.0,1.0,1.0,0.0,1.0,1.0,0.875
3174,dd2ee657886ef2e66,True,,,,,,,,,,1.0,1.0,1.0,1.0,0.948551607128007,1.0,0.0,1.0,0.0,0.7339223772275022
3175,0e3016e58756dedce,True,,,,,,,,,,1.0,0.0,0.0,1.0,1.0,1.0,0.0,1.0,1.0,0.0
3176,8162ca210af0620b8,True,,,,,,,,,,1.0,0.0,0.0,1.0,0.8621413217274448,1.0,0.0,1.0,0.0,0.0
3177,1c719a50f45d2db1e,True,,,,,,,,,,1.0,1.0,1.0,1.0,0.8253536954682196,1.0,1.0,1.0,1.0,0.9454230298338187
3178,2bdf702f467e5cdf1,True,,,,,,,,,,1.0,1.0,1.0,1.0,0.31591344894914414,1.0,0.0,1.0,1.0,0.6612229527966076
3179,5f6ba007265885758,True,,,,,,,,,,1.0,0.0,1.0,1.0,0.7624221782111028,1.0,0.0,1.0,0.0,0.0
3180,78501e6f18988cb91,True,,,,,,,,,,0.0,1.0,1.0,1.0,1.0,0.0,0.0,1.0,1.0,0.0
3181,c35b2274d82ebf3a1,True,,,,,,,,,,1.0,1.0,1.0,1.0,0.6770535249771007,1.0,1.0,1.0,0.0,0.774079226555344
3182,eddb07c8294cf8efd,True,,,,,,,,,,1.0,1.0,1.0,1.0,0.8073112776178605,1.0,1.0,1.0,1.0,0.9397847742555814
3183,4479be8eef64a3460,True,,,,,,,,,,1.0,0.0,1.0,1.0,0.9859550334487097,1.0,1.0,1.0,0.0,0.0
3184,5e403ae55f93fea63,True,,,,,,,,,,1.0,1.0,0.5,1.0,1.0,1.0,0.0,1.0,0.0,0.375
3185,50b922840407a0340,True,,,,,,,,,,1.0,1.0,0.5,1.0,0.7141575097875805,1.0,1.0,1.0,0.0,0.39283711090430945
3186,6bd45348ddbfea0ce,True,,,,,,,,,,1.0,1.0,1.0,1.0,1.0,1.0,0.0,1.0,0.0,0.75
3187,fbf4ec49ea2272ba1,True,,,,,,,,,,1.0,1.0,1.0,1.0,0.36897056718265586,1.0,0.0,1.0,1.0,0.67780330224458
3188,d4bddc4246b475541,True,,,,,,,,,,1.0,1.0,1.0,1.0,0.33226269765240896,1.0,0.0,1.0,1.0,0.6663320930163779
3189,486265f291210faed,True,,,,,,,,,,1.0,1.0,1.0,1.0,1.0,1.0,1.0,1.0,1.0,1.0
3190,bf747811ee475d2c1,True,,,,,,,,,,1.0,1.0,1.0,1.0,1.0,1.0,0.0,1.0,0.0,0.75
3191,2a32769c4b35a8c07,True,,,,,,,,,,1.0,1.0,1.0,1.0,0.23805198158613106,1.0,1.0,1.0,0.0,0.636891244245666
3192,178157ae0466a3851,True,,,,,,,,,,0.0,1.0,1.0,1.0,1.0,0.0,0.0,1.0,1.0,0.0
3193,699fb67837db96cea,True,,,,,,,,,,1.0,1.0,0.0,1.0,0.9945717611232086,1.0,0.0,1.0,1.0,0.0
3194,5defaad214f3a99c9,True,,,,,,,,,,1.0,1.0,1.0,1.0,0.6250838954912421,1.0,0.0,1.0,0.0,0.6328387173410132
3195,1a5fb4f0990893f71,True,,,,,,,,,,1.0,1.0,1.0,1.0,1.0,0.0,0.0,1.0,0.0,0.4375
3196,3ada23a933f4d460c,True,,,,,,,,,,1.0,0.0,0.5,1.0,1.0,1.0,0.0,1.0,0.0,0.0
3197,a5797a61db84af354,True,,,,,,,,,,1.0,1.0,1.0,1.0,0.3725439560973339,1.0,1.0,1.0,0.0,0.6789199862804168
3198,dcd3a1adb7268a54d,True,,,,,,,,,,1.0,1.0,1.0,1.0,0.9858531718556507,1.0,1.0,1.0,0.0,0.8705791162048908
3199,35fc09471c163fd84,True,,,,,,,,,,1.0,1.0,1.0,1.0,1.0,1.0,1.0,1.0,0.0,0.875
3200,bf8b68552794d8026,True,,,,,,,,,,1.0,1.0,1.0,1.0,0.8798458530236558,0.0,0.0,1.0,1.0,0.5249518290698925
3201,45da4abe095b0e759,True,,,,,,,,,,1.0,1.0,1.0,1.0,0.9537227851255414,1.0,1.0,1.0,0.0,0.8605383703517318
3202,4e0c450f15f308dcf,True,,,,,,,,,,1.0,1.0,1.0,1.0,0.7711194390868471,1.0,1.0,1.0,1.0,0.9284748247146397
3203,d7db484a0d7198ab9,True,,,,,,,,,,1.0,0.0,1.0,1.0,1.0,1.0,0.0,1.0,0.0,0.0
3204,3fee465a29d222bb0,True,,,,,,,,,,1.0,1.0,1.0,1.0,0.6090951613810168,1.0,1.0,1.0,1.0,0.8778422379315678
3205,5b491d7bff86c3e61,True,,,,,,,,,,1.0,1.0,1.0,1.0,0.7635402579552842,1.0,1.0,1.0,0.0,0.8011063306110263
3206,778099fc6283d21e0,True,,,,,,,,,,1.0,1.0,1.0,1.0,0.7541661078205019,1.0,1.0,1.0,0.0,0.7981769086939068
3207,2526f4007f6477420,True,,,,,,,,,,1.0,1.0,1.0,1.0,0.8375998344353551,1.0,1.0,1.0,1.0,0.9492499482610485
3208,0e6b7e12965c8e997,True,,,,,,,,,,1.0,1.0,0.0,1.0,1.0,1.0,0.0,1.0,1.0,0.0
3209,3cd41195f5d27a4f7,True,,,,,,,,,,1.0,1.0,1.0,1.0,0.4860005907169874,1.0,1.0,1.0,1.0,0.8393751845990586
3210,4ec9148a1b26673a2,True,,,,,,,,,,1.0,1.0,1.0,1.0,0.980642853701266,1.0,1.0,1.0,0.0,0.8689508917816456
3211,863415a0e3cc1897d,True,,,,,,,,,,1.0,1.0,1.0,1.0,1.0,1.0,1.0,1.0,0.0,0.875
3212,5f64cfcf81e889869,True,,,,,,,,,,0.0,1.0,1.0,1.0,0.42137159709800287,0.0,0.0,1.0,0.0,0.0
3213,96cc2557a7240b2e7,True,,,,,,,,,,0.0,1.0,1.0,1.0,1.0,0.0,1.0,1.0,1.0,0.0
3214,d218a0af775558af6,True,,,,,,,,,,1.0,1.0,0.0,1.0,0.8776744204541148,1.0,0.0,1.0,1.0,0.0
3215,c8bce5ae9777b5139,True,,,,,,,,,,1.0,0.0,1.0,1.0,0.6925179645439599,1.0,1.0,1.0,1.0,0.0
3216,1c3db8608be4d76f0,True,,,,,,,,,,1.0,1.0,1.0,1.0,1.0,1.0,1.0,1.0,1.0,1.0
3217,9e9f60c0dd89a3428,True,,,,,,,,,,1.0,1.0,1.0,1.0,0.7260283567120367,1.0,1.0,1.0,0.0,0.7893838614725115
3218,b5c727c3b2286dfc5,True,,,,,,,,,,1.0,1.0,1.0,1.0,0.5539944220206092,1.0,1.0,0.0,0.0,0.6106232568814404
3219,152d0a2d7a121ac40,True,,,,,,,,,,1.0,1.0,1.0,1.0,0.8711487272291625,1.0,1.0,1.0,0.0,0.8347339772591132
3220,80c12d47df3847b19,True,,,,,,,,,,0.0,1.0,1.0,1.0,0.9644568593971005,0.0,1.0,1.0,1.0,0.0
3221,fc31a6f8ac42c70a9,True,,,,,,,,,,1.0,1.0,1.0,1.0,0.720409713896778,1.0,0.0,1.0,0.0,0.6626280355927432
3222,c2f99f2f74ef541cb,True,,,,,,,,,,1.0,0.0,1.0,1.0,1.0,1.0,0.0,1.0,0.0,0.0
3223,49922a7c280248e59,True,,,,,,,,,,1.0,1.0,1.0,1.0,0.722950353167826,1.0,1.0,1.0,0.0,0.7884219853649457
3224,cf70e8986954b642f,True,,,,,,,,,,1.0,1.0,0.0,1.0,1.0,1.0,0.0,1.0,1.0,0.0
3225,8a5a158e9d0cf7649,True,,,,,,,,,,0.0,1.0,1.0,1.0,1.0,0.0,1.0,1.0,0.0,0.0
3226,39bdf934b35cb930d,True,,,,,,,,,,1.0,1.0,1.0,1.0,0.8295141417348113,1.0,1.0,1.0,1.0,0.9467231692921285
3227,c2c820f86bd4ff546,True,,,,,,,,,,1.0,1.0,0.5,1.0,0.8209133823221931,1.0,0.0,1.0,0.0,0.3470177159878427
3228,545989b6d92a09061,True,,,,,,,,,,1.0,1.0,0.5,1.0,1.0,1.0,0.0,1.0,0.0,0.375
3229,b51661ff3ed628c29,True,,,,,,,,,,0.0,1.0,1.0,1.0,1.0,0.0,1.0,1.0,1.0,0.0
3230,fe81231e5ce13b101,True,,,,,,,,,,1.0,1.0,1.0,1.0,0.9897669728770918,1.0,0.0,1.0,1.0,0.8718021790240912
3231,213be589c1849a8ad,True,,,,,,,,,,1.0,0.0,0.5,1.0,1.0,0.0,0.0,1.0,1.0,0.0
3232,d405764e71ecb1286,True,,,,,,,,,,1.0,1.0,1.0,1.0,1.0,1.0,1.0,0.0,0.0,0.75
3233,e1d4af242fe8773fa,True,,,,,,,,,,1.0,0.0,1.0,1.0,1.0,0.0,0.0,0.0,0.0,0.0
3234,afb926f0852a51d14,True,,,,,,,,,,1.0,1.0,1.0,1.0,0.3463969028133404,1.0,1.0,1.0,1.0,0.7957490321291689
3235,c60975bf95e458f4f,True,,,,,,,,,,1.0,1.0,1.0,1.0,0.796231212670491,1.0,1.0,0.0,0.0,0.6863222539595284
3236,749ce2a3f7c56b638,True,,,,,,,,,,1.0,1.0,1.0,1.0,0.5748980224061411,1.0,1.0,1.0,0.0,0.7421556320019191
3237,cd486e24ba631556c,True,,,,,,,,,,1.0,1.0,1.0,1.0,0.6316980926415474,1.0,0.0,1.0,0.0,0.6349056539504836
3238,552b5ed253cfd2ed4,True,,,,,,,,,,1.0,1.0,1.0,1.0,1.0,1.0,1.0,1.0,0.0,0.875
3239,2c09013af79e257fd,True,,,,,,,,,,1.0,1.0,1.0,1.0,0.7034127732747643,1.0,1.0,1.0,1.0,0.9073164916483638
3240,3994aa71c5443aea3,True,,,,,,,,,,1.0,1.0,1.0,1.0,1.0,1.0,0.0,1.0,0.0,0.75
3241,51bb4445380dac75e,True,,,,,,,,,,1.0,1.0,1.0,1.0,0.9489088552380351,1.0,0.0,1.0,0.0,0.734034017261886
3242,ae40e2e1ac7bb59ef,True,,,,,,,,,,1.0,1.0,1.0,1.0,0.6384346962965503,1.0,1.0,1.0,0.0,0.7620108425926719
3243,b1c87adfc82a52734,True,,,,,,,,,,0.0,1.0,1.0,1.0,1.0,0.0,0.0,1.0,0.0,0.0
3244,280a9911bfe1f941e,True,,,,,,,,,,1.0,1.0,1.0,1.0,0.6556189143634337,1.0,1.0,1.0,1.0,0.892380910738573
3245,4b4fe8d10a7defecd,True,,,,,,,,,,1.0,1.0,1.0,1.0,1.0,1.0,0.0,1.0,0.0,0.75
3246,f67482126c7b323a5,True,,,,,,,,,,1.0,1.0,1.0,1.0,0.7717106605491675,1.0,0.0,1.0,1.0,0.8036595814216149
3247,1b844c67dec9fe5a6,True,,,,,,,,,,1.0,1.0,1.0,1.0,0.6542905744627954,1.0,0.0,1.0,0.0,0.6419658045196235
3248,e6aaf829acef158f6,True,,,,,,,,,,1.0,1.0,1.0,1.0,1.0,1.0,1.0,1.0,0.0,0.875
3249,2acdb8c02a4722af1,True,,,,,,,,,,1.0,1.0,1.0,1.0,1.0,1.0,0.0,1.0,0.0,0.75
3250,db94fae67e9339c05,True,,,,,,,,,,1.0,1.0,1.0,1.0,0.5664508165633141,1.0,0.0,1.0,0.0,0.6145158801760356
3251,702b15efbe7996592,True,,,,,,,,,,1.0,1.0,1.0,1.0,0.08598338643675997,1.0,1.0,1.0,1.0,0.7143698082614875
3252,8f3bf4b1cb4be05f8,True,,,,,,,,,,0.0,1.0,0.0,1.0,1.0,0.0,0.0,1.0,1.0,0.0
3253,2a16480d68428e775,True,,,,,,,,,,1.0,1.0,1.0,1.0,0.7555273635557291,1.0,1.0,1.0,1.0,0.9236023011111654
3254,bef08816de1b95125,True,,,,,,,,,,1.0,1.0,0.0,1.0,1.0,1.0,0.0,1.0,0.0,0.0
3255,47799590d39799760,True,,,,,,,,,,1.0,0.0,1.0,1.0,1.0,1.0,1.0,1.0,1.0,0.0
3256,a3ebde725e612b5f3,True,,,,,,,,,,1.0,0.0,1.0,1.0,0.9267890116620532,1.0,1.0,1.0,0.0,0.0
3257,5d8640ad77a995a45,True,,,,,,,,,,1.0,0.0,1.0,1.0,0.5594481338511651,1.0,1.0,1.0,1.0,0.0
3258,2b2111da18ed8032d,True,,,,,,,,,,1.0,1.0,1.0,1.0,1.0,1.0,1.0,1.0,0.0,0.875
3259,32e366dcde5a1ff12,True,,,,,,,,,,1.0,1.0,1.0,1.0,0.9441046714377335,1.0,1.0,1.0,1.0,0.9825327098242918
3260,1212d2f99f183cece,True,,,,,,,,,,1.0,1.0,1.0,1.0,0.7643311815049483,1.0,0.0,1.0,1.0,0.8013534942202963
3261,606571205dbf05df5,True,,,,,,,,,,1.0,1.0,1.0,1.0,0.5753015547806829,1.0,0.0,1.0,1.0,0.7422817358689634
3262,00ca98016027ffb8d,True,,,,,,,,,,1.0,0.0,1.0,1.0,1.0,1.0,1.0,1.0,0.0,0.0
3263,f0d9c76a3b3a29839,True,,,,,,,,,,1.0,1.0,1.0,1.0,1.0,1.0,0.0,1.0,1.0,0.875
3264,d694ab7fc94aa5dcf,True,,,,,,,,,,1.0,1.0,1.0,1.0,0.2881068015923503,1.0,1.0,1.0,1.0,0.7775333754976095
3265,565b302cf79ef624e,True,,,,,,,,,,1.0,1.0,1.0,1.0,0.8078183605790439,1.0,0.0,1.0,1.0,0.8149432376809512
3266,317774c453bf853ce,True,,,,,,,,,,1.0,1.0,1.0,1.0,0.9586849048739051,1.0,0.0,1.0,0.0,0.7370890327730953
3267,68dc2b23bd498da89,True,,,,,,,,,,1.0,1.0,1.0,1.0,0.7142499098480578,1.0,1.0,1.0,0.0,0.785703096827518
3268,9864904b0ceaacd61,True,,,,,,,,,,1.0,1.0,1.0,1.0,1.0,1.0,0.0,1.0,0.0,0.75
3269,1a52c544d3cfaba4b,True,,,,,,,,,,1.0,1.0,1.0,1.0,0.8930209603134897,1.0,0.0,1.0,1.0,0.8415690500979656
3270,27f023bf8333f5410,True,,,,,,,,,,1.0,1.0,1.0,1.0,0.7409422122022857,1.0,1.0,1.0,0.0,0.7940444413132143
3271,6324e7d77bf56fdb3,True,,,,,,,,,,1.0,1.0,1.0,1.0,0.7282062565222551,1.0,1.0,1.0,1.0,0.9150644551632048
3272,b6963168b66273c97,True,,,,,,,,,,1.0,1.0,1.0,1.0,0.8995555744579401,1.0,1.0,1.0,1.0,0.9686111170181062
3273,d86953527b4e9a76d,True,,,,,,,,,,0.0,1.0,0.0,1.0,1.0,0.0,0.0,1.0,0.0,0.0
3274,d2ac4238dd1e06e2b,True,,,,,,,,,,1.0,0.0,0.5,1.0,1.0,0.0,0.0,1.0,0.0,0.0
3275,9f903173a7777cf35,True,,,,,,,,,,1.0,1.0,1.0,1.0,1.0,1.0,1.0,1.0,1.0,1.0
3276,7a1e5853909a335df,True,,,,,,,,,,1.0,1.0,1.0,1.0,0.7207875281354119,1.0,1.0,1.0,1.0,0.9127461025423163
3277,32dda48eecd064f26,True,,,,,,,,,,1.0,1.0,1.0,1.0,0.0836179816521467,1.0,0.0,1.0,1.0,0.5886306192662958
3278,493f74af0100c9223,True,,,,,,,,,,0.5,0.0,1.0,1.0,1.0,0.0,0.0,1.0,1.0,0.0
3279,1ac3e56e5a46a2f3a,True,,,,,,,,,,1.0,1.0,1.0,1.0,1.0,1.0,1.0,1.0,0.0,0.875
3280,59873106299ffb94f,True,,,,,,,,,,1.0,1.0,0.5,1.0,0.7733313482314593,0.0,0.0,1.0,0.0,0.1833330231611655
3281,b5f4b999881d2b7f7,True,,,,,,,,,,1.0,1.0,1.0,1.0,0.7112149912775853,1.0,0.0,1.0,0.0,0.6597546847742454
3282,25e84823ff411a3c2,True,,,,,,,,,,1.0,1.0,1.0,1.0,0.1724334157485012,1.0,0.0,1.0,0.0,0.49138544242140664
3283,1dc510be8e058122d,True,,,,,,,,,,1.0,1.0,1.0,1.0,0.7307004586295021,1.0,1.0,1.0,1.0,0.9158438933217194
3284,2271e9cd227826682,True,,,,,,,,,,1.0,1.0,1.0,1.0,0.3292495863689293,1.0,1.0,1.0,1.0,0.7903904957402904
3285,2d8eeec7c41db723f,True,,,,,,,,,,0.0,1.0,1.0,1.0,1.0,0.0,1.0,1.0,0.0,0.0
3286,3108d12aec681dcb0,True,,,,,,,,,,1.0,1.0,1.0,1.0,0.6863488853074691,1.0,1.0,1.0,1.0,0.9019840266585841
3287,5776fb2bb724aff1e,True,,,,,,,,,,1.0,1.0,0.0,1.0,1.0,1.0,1.0,1.0,1.0,0.0
3288,8257b0ad7e1b11a15,True,,,,,,,,,,1.0,1.0,1.0,1.0,0.8270395936073669,1.0,1.0,1.0,1.0,0.9459498730023022
3289,89474c5ba034ced0c,True,,,,,,,,,,1.0,1.0,1.0,1.0,0.15092170253991424,1.0,1.0,1.0,1.0,0.7346630320437232
3290,47af7b18d8bb14656,True,,,,,,,,,,1.0,1.0,1.0,1.0,0.586583751414054,1.0,0.0,1.0,0.0,0.6208074223168919
3291,2f5db903282a4e143,True,,,,,,,,,,1.0,1.0,1.0,1.0,0.6198521326697757,1.0,1.0,1.0,1.0,0.8812037914593049
3292,8fc9c5ae5ccfdda02,True,,,,,,,,,,1.0,1.0,1.0,1.0,0.5777132795127209,1.0,1.0,1.0,1.0,0.8680353998477253
3293,205e1f314131287bc,True,,,,,,,,,,1.0,1.0,1.0,1.0,0.5820046513283255,1.0,1.0,1.0,0.0,0.7443764535401017
3294,140e7d68475dc3f63,True,,,,,,,,,,1.0,1.0,1.0,1.0,0.6651425271380988,1.0,1.0,1.0,1.0,0.8953570397306558
3295,b77eab715fa3e5a65,True,,,,,,,,,,1.0,1.0,1.0,1.0,0.3318497223475958,1.0,1.0,1.0,0.0,0.6662030382336237
3296,bf14f0399e0ccf645,True,,,,,,,,,,1.0,0.0,0.5,1.0,0.49408332539246247,1.0,1.0,1.0,0.0,0.0
3297,b896aed2b2d4e576b,True,,,,,,,,,,1.0,0.0,1.0,1.0,0.656336446010922,1.0,1.0,0.0,1.0,0.0
3298,4923ab814b3842354,True,,,,,,,,,,1.0,1.0,1.0,1.0,0.10308734257612442,1.0,1.0,1.0,1.0,0.7197147945550388
3299,ff17ac7233820a90f,True,,,,,,,,,,1.0,1.0,1.0,1.0,1.0,1.0,0.0,1.0,1.0,0.875
3300,76caf6deea5aff60c,True,,,,,,,,,,1.0,1.0,1.0,1.0,0.24444022497591247,1.0,1.0,1.0,1.0,0.7638875703049727
3301,cb5add2e1dd5aa638,True,,,,,,,,,,1.0,1.0,1.0,1.0,0.0,1.0,1.0,1.0,1.0,0.6875
3302,abf07a7ff20944b55,True,,,,,,,,,,1.0,1.0,1.0,1.0,0.9643259534785724,1.0,0.0,1.0,1.0,0.8638518604620539
3303,89b122a0c34e4ff5b,True,,,,,,,,,,0.0,1.0,1.0,1.0,0.6657632962224098,0.0,0.0,1.0,0.0,0.0
3304,c81e1b4650a6a20fd,True,,,,,,,,,,1.0,1.0,1.0,1.0,0.915625283971653,1.0,1.0,1.0,0.0,0.8486329012411415
3305,0cd1d84434c6f5d44,True,,,,,,,,,,0.0,0.0,0.0,1.0,1.0,0.0,0.0,1.0,0.0,0.0
3306,6d9888406276bc884,True,,,,,,,,,,1.0,0.0,1.0,1.0,0.6837322054207065,1.0,1.0,1.0,0.0,0.0
3307,3a181370dbfab5b1c,True,,,,,,,,,,1.0,1.0,1.0,1.0,0.15684834732903705,1.0,0.0,1.0,1.0,0.6115151085403241
3308,10e8a0c218db15652,True,,,,,,,,,,1.0,1.0,1.0,1.0,1.0,1.0,0.0,1.0,0.0,0.75
3309,151d16ac2d96ae161,True,,,,,,,,,,0.0,1.0,0.0,1.0,1.0,0.0,1.0,1.0,0.0,0.0
3310,14a48836a583fe310,True,,,,,,,,,,1.0,1.0,1.0,1.0,0.17734458279954904,1.0,1.0,1.0,1.0,0.742920182124859
3311,7897a78a2a7b1d695,True,,,,,,,,,,1.0,1.0,1.0,1.0,0.7580625503137639,1.0,1.0,1.0,1.0,0.9243945469730512
3312,63a044757376360cc,True,,,,,,,,,,1.0,1.0,1.0,1.0,0.8548011325256558,1.0,1.0,0.0,1.0,0.8296253539142675
3313,79d6ba3b0e13a7f66,True,,,,,,,,,,1.0,1.0,1.0,1.0,0.3244686266300523,1.0,1.0,1.0,1.0,0.7888964458218913
3314,e8015a37a1ba3f7a3,True,,,,,,,,,,1.0,1.0,1.0,1.0,0.4452048402620026,1.0,1.0,1.0,1.0,0.8266265125818758
3315,e2d4c33530eaef8bf,True,,,,,,,,,,1.0,0.0,0.0,1.0,0.7312458465980656,1.0,0.0,1.0,1.0,0.0
3316,8078500be0a3e5743,True,,,,,,,,,,1.0,1.0,1.0,1.0,0.7572446697837967,1.0,1.0,0.0,0.0,0.6741389593074365
3317,f26e03767d82f4ae7,True,,,,,,,,,,0.5,0.0,0.5,1.0,1.0,0.0,1.0,1.0,0.0,0.0
3318,71d45b383e1e50669,True,,,,,,,,,,1.0,1.0,1.0,1.0,0.03464160672029225,1.0,1.0,1.0,1.0,0.6983255021000914
3319,dc91e0fc1f890f6bc,True,,,,,,,,,,1.0,0.0,1.0,1.0,1.0,1.0,1.0,1.0,1.0,0.0
3320,c429ee2fbcaf012bc,True,,,,,,,,,,1.0,1.0,1.0,1.0,0.6890583009816755,1.0,1.0,1.0,1.0,0.9028307190567736
3321,bf717edbbf1c0b8db,True,,,,,,,,,,1.0,1.0,0.5,1.0,1.0,1.0,0.0,1.0,1.0,0.4375
3322,1efa58a926126dcc0,True,,,,,,,,,,1.0,0.0,0.5,1.0,0.624825165693021,1.0,0.0,1.0,1.0,0.0
3323,dd6072ab6974966f7,True,,,,,,,,,,1.0,1.0,0.0,1.0,1.0,1.0,0.0,1.0,1.0,0.0
3324,a1a35da673b8752f6,True,,,,,,,,,,1.0,0.0,0.5,1.0,1.0,1.0,0.0,1.0,1.0,0.0
3325,a0f74d36d2aa52b1f,True,,,,,,,,,,1.0,1.0,1.0,1.0,0.1250397388783594,1.0,1.0,1.0,1.0,0.7265749183994873
3326,ca9875b6ae5e08eed,True,,,,,,,,,,1.0,1.0,1.0,1.0,0.9095627953186128,1.0,0.0,1.0,0.0,0.7217383735370665
3327,c2453cf14f2d02b30,True,,,,,,,,,,1.0,1.0,1.0,1.0,0.1046990569426137,1.0,1.0,1.0,1.0,0.7202184552945667
3328,697d22c3f19ab6820,True,,,,,,,,,,1.0,1.0,1.0,1.0,0.1794950130887308,1.0,0.0,1.0,1.0,0.6185921915902284
3329,e3be3af3b3213f65e,True,,,,,,,,,,0.0,1.0,1.0,1.0,1.0,0.0,0.0,1.0,1.0,0.0
3330,bba03402f6222135f,True,,,,,,,,,,0.5,1.0,1.0,1.0,1.0,0.0,1.0,1.0,1.0,0.34375
3331,f8ca67d21e119b990,True,,,,,,,,,,1.0,1.0,1.0,1.0,1.0,1.0,0.0,1.0,1.0,0.875
3332,71965da4aff01d13c,True,,,,,,,,,,1.0,0.0,1.0,1.0,0.7621762696830882,0.0,0.0,1.0,0.0,0.0
3333,b6ce710fb40df843d,True,,,,,,,,,,1.0,0.0,1.0,1.0,1.0,1.0,1.0,0.0,1.0,0.0
3334,7a934a0d58b6d113b,True,,,,,,,,,,0.0,1.0,1.0,1.0,1.0,0.0,1.0,1.0,0.0,0.0
3335,c24873028db688fff,True,,,,,,,,,,1.0,0.0,1.0,1.0,0.7156694634381258,1.0,1.0,1.0,1.0,0.0
3336,b3b9360d8f660b634,True,,,,,,,,,,1.0,0.0,0.0,1.0,1.0,1.0,0.0,1.0,1.0,0.0
3337,726d488f280e59674,True,,,,,,,,,,1.0,0.0,1.0,1.0,0.9619888604531439,1.0,0.0,1.0,0.0,0.0
3338,3c9fb934bb7f40998,True,,,,,,,,,,1.0,1.0,1.0,1.0,0.32791034043460193,1.0,0.0,1.0,0.0,0.539971981385813
3339,beae653519f0232e7,True,,,,,,,,,,1.0,1.0,1.0,1.0,0.13248944420973796,1.0,0.0,1.0,1.0,0.6039029513155432
3340,786b8a8821747f0ce,True,,,,,,,,,,1.0,1.0,0.5,1.0,1.0,1.0,0.0,1.0,1.0,0.4375
3341,ea1bac206caf8d18e,True,,,,,,,,,,0.5,1.0,1.0,1.0,1.0,0.0,1.0,1.0,0.0,0.28125
3342,4f2cdfaccb0f4bfac,True,,,,,,,,,,1.0,1.0,0.5,1.0,0.7448177788611889,1.0,0.0,1.0,1.0,0.3976277779470608
3343,e78314605bf2c19c9,True,,,,,,,,,,1.0,1.0,1.0,1.0,0.9039102836501517,1.0,1.0,1.0,1.0,0.9699719636406724
3344,04d4f1277557232ce,True,,,,,,,,,,1.0,0.0,1.0,1.0,1.0,1.0,0.0,1.0,0.0,0.0
3345,5b31db57958441e62,True,,,,,,,,,,1.0,1.0,1.0,1.0,0.64884269931321,1.0,1.0,1.0,0.0,0.7652633435353782
3346,610fbfffa032daacc,True,,,,,,,,,,1.0,0.0,1.0,1.0,1.0,1.0,0.0,1.0,1.0,0.0
3347,4dbc9cc6aa10c611c,True,,,,,,,,,,1.0,1.0,1.0,1.0,0.7447757926320857,1.0,1.0,1.0,0.0,0.7952424351975268
3348,2e5740aa26165ee89,True,,,,,,,,,,1.0,1.0,1.0,1.0,0.44632512773209937,1.0,1.0,1.0,1.0,0.826976602416281
3349,2f18d7c845a84a85c,True,,,,,,,,,,1.0,1.0,1.0,1.0,0.9090327864952812,1.0,1.0,1.0,1.0,0.9715727457797754
3350,4f8dbc02e3dd5b958,True,,,,,,,,,,0.0,1.0,1.0,1.0,1.0,0.0,1.0,1.0,1.0,0.0
3351,bc287d85f89c59202,True,,,,,,,,,,1.0,1.0,0.5,1.0,1.0,1.0,0.0,1.0,0.0,0.375
3352,fc4ca8b0a98a8fade,True,,,,,,,,,,1.0,1.0,1.0,1.0,1.0,1.0,0.0,1.0,0.0,0.75
3353,3dade981d5c5fb068,True,,,,,,,,,,1.0,0.0,1.0,1.0,1.0,1.0,1.0,1.0,1.0,0.0
3354,e576f1ec67be1cbd0,True,,,,,,,,,,1.0,0.0,1.0,1.0,0.7859071262137927,1.0,1.0,1.0,1.0,0.0
3355,103886298090f6b5a,True,,,,,,,,,,0.0,1.0,1.0,1.0,1.0,0.0,0.0,1.0,0.0,0.0
3356,1e33e12832b3a171e,True,,,,,,,,,,1.0,1.0,1.0,1.0,0.329185399913794,1.0,0.0,1.0,0.0,0.5403704374730607
3357,5634addd2134d1453,True,,,,,,,,,,1.0,1.0,1.0,1.0,1.0,1.0,0.0,1.0,1.0,0.875
3358,9ef93765e3465f27d,True,,,,,,,,,,1.0,1.0,0.0,1.0,0.9092573380134268,1.0,0.0,1.0,0.0,0.0
3359,6e261442656fe6159,True,,,,,,,,,,1.0,1.0,0.5,1.0,0.6356615735126457,1.0,1.0,1.0,0.0,0.3805721208613509
3360,b291af47ff3b66426,True,,,,,,,,,,1.0,1.0,1.0,1.0,0.9655944772221501,1.0,1.0,1.0,0.0,0.864248274131922
3361,6081eace5dbab1fce,True,,,,,,,,,,1.0,1.0,1.0,1.0,0.8951884256825328,1.0,1.0,1.0,0.0,0.8422463830257915
3362,aa6de707b22dadf30,True,,,,,,,,,,1.0,0.0,1.0,1.0,1.0,1.0,0.0,1.0,1.0,0.0
3363,ddb023146aa3ea8a6,True,,,,,,,,,,1.0,1.0,1.0,1.0,0.35320431914618283,1.0,1.0,1.0,1.0,0.7978763497331821
3364,939c99b6da1e786f5,True,,,,,,,,,,1.0,1.0,1.0,1.0,0.9102367688405444,1.0,0.0,1.0,1.0,0.8469489902626701
3365,4d65febaea8d3fd84,True,,,,,,,,,,1.0,1.0,1.0,1.0,0.4474607685731953,1.0,0.0,1.0,1.0,0.7023314901791236
3366,e7f8c99f8df8cf65b,True,,,,,,,,,,0.0,1.0,1.0,1.0,1.0,0.0,1.0,1.0,0.0,0.0
3367,8ebb7ac6b5b06cde1,True,,,,,,,,,,1.0,0.0,1.0,1.0,0.9394378618252524,1.0,0.0,1.0,1.0,0.0
3368,deb3331dfd3043c59,True,,,,,,,,,,0.5,0.0,1.0,1.0,1.0,0.0,0.0,1.0,0.0,0.0
3369,c48fe378c45229ffa,True,,,,,,,,,,1.0,1.0,1.0,1.0,1.0,0.0,0.0,0.0,0.0,0.3125
3370,4ce31f5e37ac47b5f,True,,,,,,,,,,1.0,1.0,1.0,1.0,0.30816327460730514,1.0,1.0,1.0,0.0,0.6588010233147829
3371,da66c0e7baeb30f35,True,,,,,,,,,,1.0,1.0,1.0,1.0,0.6676630864310911,1.0,0.0,1.0,1.0,0.7711447145097159
3372,7431e431b6e352571,True,,,,,,,,,,1.0,0.0,1.0,1.0,1.0,1.0,0.0,1.0,0.0,0.0
3373,a752f273da4956217,True,,,,,,,,,,0.0,1.0,1.0,1.0,1.0,0.0,1.0,1.0,0.0,0.0
3374,273762480ecf0bcd6,True,,,,,,,,,,1.0,1.0,1.0,1.0,0.2293837579049319,1.0,0.0,1.0,1.0,0.6341824243452912
3375,dd8018127da6cb6ad,True,,,,,,,,,,1.0,1.0,1.0,1.0,0.1780288676677408,1.0,1.0,1.0,1.0,0.743134021146169
3376,d9bde28612a6aad4f,True,,,,,,,,,,1.0,0.0,0.0,1.0,1.0,0.0,0.0,0.0,0.0,0.0
3377,068049348ed36eb6a,True,,,,,,,,,,1.0,1.0,1.0,1.0,0.0,1.0,1.0,1.0,1.0,0.6875
3378,6ad6905cedee6197b,True,,,,,,,,,,1.0,1.0,1.0,1.0,0.6111719307026728,1.0,0.0,1.0,1.0,0.7534912283445853
3379,dcde802c1ad40532b,True,,,,,,,,,,0.0,1.0,1.0,1.0,1.0,0.0,0.0,1.0,0.0,0.0
3380,3b9ed44b6aec2276a,True,,,,,,,,,,1.0,1.0,1.0,1.0,0.5442026647227691,1.0,1.0,1.0,0.0,0.7325633327258654
3381,8d65d3f4d930b58ae,True,,,,,,,,,,1.0,0.0,1.0,1.0,1.0,1.0,0.0,1.0,0.0,0.0
3382,bd7729f8ddc18f827,True,,,,,,,,,,1.0,1.0,1.0,1.0,0.8638390219892117,1.0,0.0,1.0,1.0,0.8324496943716286
3383,59c1acee0df7ca984,True,,,,,,,,,,1.0,1.0,1.0,1.0,0.8090967744733122,1.0,0.0,1.0,0.0,0.69034274202291
3384,07bad7098a8e98783,True,,,,,,,,,,0.0,1.0,1.0,1.0,1.0,0.0,1.0,1.0,1.0,0.0
3385,812c204d59813e5fb,True,,,,,,,,,,1.0,1.0,1.0,1.0,0.44351171349774515,1.0,1.0,1.0,0.0,0.7010974104680454
3386,556d1d92f66a8344d,True,,,,,,,,,,1.0,1.0,1.0,1.0,0.6809773221727186,1.0,0.0,1.0,0.0,0.6503054131789745
3387,eb926b1ea7a29e612,True,,,,,,,,,,0.0,1.0,1.0,1.0,1.0,0.0,1.0,1.0,1.0,0.0
3388,069407bff74cbde70,True,,,,,,,,,,1.0,1.0,1.0,1.0,0.2657747048037415,1.0,1.0,1.0,0.0,0.6455545952511692
3389,a94bc6fc5f5d03f39,True,,,,,,,,,,1.0,1.0,0.0,1.0,1.0,1.0,0.0,1.0,0.0,0.0
3390,0118e2ec3759cc2bc,True,,,,,,,,,,1.0,1.0,1.0,1.0,0.9555411280628452,1.0,1.0,1.0,0.0,0.8611066025196391
3391,a2b81e8e944dc724f,True,,,,,,,,,,1.0,1.0,1.0,1.0,0.8298448177074438,1.0,0.0,1.0,1.0,0.8218265055335762
3392,90dfc4788a349e60b,True,,,,,,,,,,1.0,1.0,1.0,1.0,0.19514071193127236,1.0,1.0,1.0,0.0,0.6234814724785226
3393,994054d09b71160e0,True,,,,,,,,,,1.0,1.0,1.0,1.0,0.18139035798014905,1.0,0.0,1.0,0.0,0.49418448686879657
3394,b853d466840f4db1b,True,,,,,,,,,,1.0,0.0,0.5,1.0,1.0,1.0,1.0,1.0,0.0,0.0
3395,be37c56ecccec8f54,True,,,,,,,,,,1.0,0.0,1.0,1.0,1.0,1.0,0.0,1.0,1.0,0.0
3396,3c8afefbaf08142c1,True,,,,,,,,,,1.0,0.0,1.0,1.0,1.0,1.0,1.0,1.0,0.0,0.0
3397,b0dc4287fbb069fd7,True,,,,,,,,,,1.0,1.0,1.0,1.0,0.5758172021696197,1.0,0.0,1.0,1.0,0.7424428756780062
3398,7858c7e045c1ac9b5,True,,,,,,,,,,1.0,1.0,1.0,1.0,1.0,1.0,0.0,1.0,1.0,0.875
3399,00caf7c273c7d5065,True,,,,,,,,,,1.0,1.0,1.0,1.0,0.9626258673459928,1.0,1.0,1.0,1.0,0.9883205835456228
3400,07d73bb7099662d82,True,,,,,,,,,,1.0,1.0,1.0,1.0,1.0,1.0,0.0,1.0,1.0,0.875
3401,10b2a2e4969e65b18,True,,,,,,,,,,1.0,0.0,1.0,1.0,0.7766571754298037,1.0,1.0,1.0,1.0,0.0
3402,5c23f7f4493bf911d,True,,,,,,,,,,1.0,1.0,1.0,1.0,0.7710988005965057,1.0,0.0,1.0,1.0,0.803468375186408
3403,dc7426c833a3749d6,True,,,,,,,,,,0.5,0.0,1.0,1.0,0.9086502746331828,0.0,0.0,1.0,0.0,0.0
3404,a281f0b2e0db6ac75,True,,,,,,,,,,0.0,1.0,1.0,1.0,1.0,0.0,0.0,1.0,1.0,0.0
3405,977efa0295ed47613,True,,,,,,,,,,1.0,0.0,1.0,1.0,1.0,1.0,0.0,1.0,0.0,0.0
3406,174e7a32e20f2ca14,True,,,,,,,,,,1.0,1.0,0.0,1.0,1.0,1.0,0.0,1.0,1.0,0.0
3407,a5905de8a4fa82e21,True,,,,,,,,,,1.0,0.0,1.0,1.0,0.7081534218640408,1.0,0.0,1.0,1.0,0.0
3408,f456c5e9004e0cd78,True,,,,,,,,,,1.0,1.0,1.0,1.0,0.7509517291393151,0.0,0.0,1.0,1.0,0.48467241535603595
3409,986788851f212ec8c,True,,,,,,,,,,1.0,0.0,1.0,1.0,0.7262339429729566,1.0,0.0,1.0,1.0,0.0
3410,bee9d6dc42a9d273c,True,,,,,,,,,,1.0,0.0,1.0,1.0,1.0,1.0,1.0,1.0,1.0,0.0
3411,d20185ecb7a02769a,True,,,,,,,,,,1.0,1.0,1.0,1.0,0.8064750117255087,1.0,1.0,1.0,1.0,0.9395234411642215
3412,fdc9de263e1f28cd8,True,,,,,,,,,,1.0,1.0,1.0,1.0,0.2029248853794834,1.0,1.0,1.0,1.0,0.7509140266810885
3413,cecd0fc5ce59cf0d6,True,,,,,,,,,,1.0,0.0,0.5,1.0,0.6040267393265174,1.0,0.0,1.0,1.0,0.0
3414,6a746336ecf0f665c,True,,,,,,,,,,0.0,1.0,0.0,1.0,1.0,0.0,0.0,1.0,0.0,0.0
3415,803b2f23625961a5b,True,,,,,,,,,,1.0,1.0,1.0,1.0,0.8510851682064436,1.0,1.0,1.0,1.0,0.9534641150645136
3416,29ac6cd782f3052a8,True,,,,,,,,,,1.0,1.0,0.0,1.0,1.0,1.0,0.0,1.0,1.0,0.0
3417,727fa1e7c8aa0cdc1,True,,,,,,,,,,1.0,1.0,1.0,1.0,0.6688584000301656,1.0,0.0,1.0,1.0,0.7715182500094268
3418,3accc2d050327016d,True,,,,,,,,,,0.0,1.0,1.0,1.0,1.0,0.0,1.0,1.0,0.0,0.0
3419,9feb421ac284e987e,True,,,,,,,,,,1.0,1.0,1.0,1.0,0.6864605459885246,1.0,1.0,1.0,0.0,0.777018920621414
3420,519a6a71d9b2fda8a,True,,,,,,,,,,0.0,1.0,1.0,1.0,1.0,0.0,0.0,1.0,0.0,0.0
3421,340986fda5e34ccac,True,,,,,,,,,,1.0,1.0,0.0,1.0,1.0,1.0,1.0,1.0,1.0,0.0
3422,c783da5c9c8124365,True,,,,,,,,,,1.0,1.0,0.0,1.0,1.0,1.0,0.0,1.0,0.0,0.0
3423,1b742b73235363011,True,,,,,,,,,,1.0,1.0,1.0,0.0,1.0,1.0,1.0,1.0,1.0,0.0
3424,78de0559e7e44a61a,True,,,,,,,,,,1.0,0.0,1.0,1.0,1.0,1.0,1.0,1.0,1.0,0.0
3425,030798975779630c4,True,,,,,,,,,,0.0,0.0,1.0,1.0,1.0,0.0,0.0,1.0,1.0,0.0
3426,9bbec38bd775ea622,True,,,,,,,,,,1.0,1.0,1.0,1.0,0.19788832267272075,1.0,0.0,1.0,1.0,0.6243401008352252
3427,84be03c80c37d30a3,True,,,,,,,,,,0.0,1.0,1.0,1.0,1.0,0.0,1.0,1.0,1.0,0.0
3428,c672054b9f22ca68b,True,,,,,,,,,,1.0,0.0,1.0,1.0,1.0,1.0,0.0,0.0,1.0,0.0
3429,cfb8ea140d6258c81,True,,,,,,,,,,1.0,1.0,1.0,1.0,1.0,1.0,0.0,1.0,1.0,0.875
3430,7be779b9f100e6373,True,,,,,,,,,,0.0,1.0,1.0,1.0,1.0,0.0,1.0,1.0,1.0,0.0
3431,558bb29151a7f95b1,True,,,,,,,,,,1.0,1.0,1.0,1.0,1.0,1.0,0.0,1.0,0.0,0.75
3432,e1cc25220fa30adcd,True,,,,,,,,,,1.0,1.0,1.0,1.0,0.25637790602641436,1.0,0.0,1.0,1.0,0.6426180956332546
3433,e11c0271d9082ef0a,True,,,,,,,,,,1.0,1.0,1.0,1.0,0.6160656849793216,1.0,0.0,1.0,0.0,0.630020526556038
3434,69958b4858f9aa696,True,,,,,,,,,,1.0,1.0,1.0,1.0,0.17788645564687752,1.0,1.0,1.0,1.0,0.7430895173896492
3435,435c8cf621dfd73fb,True,,,,,,,,,,1.0,1.0,1.0,1.0,0.7545566969682889,1.0,1.0,0.0,0.0,0.6732989678025902
3436,e1787c2ae57c993f3,True,,,,,,,,,,1.0,1.0,1.0,1.0,0.9891380359213183,1.0,0.0,1.0,0.0,0.746605636225412
3437,9eb568210e6566dd5,True,,,,,,,,,,1.0,1.0,1.0,1.0,0.5690262064885199,1.0,1.0,1.0,1.0,0.8653206895276624
3438,b5927d9f04e5f04d4,True,,,,,,,,,,1.0,1.0,1.0,1.0,0.49269654460220774,1.0,1.0,1.0,1.0,0.8414676701881899
3439,dd7cd37257f99be9e,True,,,,,,,,,,1.0,0.0,1.0,1.0,1.0,1.0,1.0,1.0,1.0,0.0
3440,92454a3fd96f7dc58,True,,,,,,,,,,1.0,0.0,1.0,1.0,1.0,1.0,1.0,1.0,1.0,0.0
3441,e125fce6404cad012,True,,,,,,,,,,1.0,1.0,1.0,1.0,0.49153848552163465,1.0,1.0,1.0,1.0,0.8411057767255108
3442,16e1819d7d9d5f11d,True,,,,,,,,,,1.0,1.0,0.5,1.0,0.665731120572819,1.0,1.0,1.0,1.0,0.447770487589503
3443,891a4a3fda5ecaf08,True,,,,,,,,,,1.0,1.0,1.0,1.0,1.0,1.0,0.0,1.0,1.0,0.875
3444,2028fc3dfa9816bf8,True,,,,,,,,,,1.0,0.0,1.0,1.0,1.0,1.0,1.0,1.0,1.0,0.0
3445,b05df43ae389b79eb,True,,,,,,,,,,1.0,0.0,0.0,1.0,1.0,1.0,0.0,1.0,0.0,0.0
3446,159be5a151baf8f5b,True,,,,,,,,,,1.0,0.0,0.5,1.0,1.0,1.0,0.0,1.0,0.0,0.0
3447,3fa63924a53aacc9a,True,,,,,,,,,,0.0,1.0,1.0,1.0,1.0,0.0,1.0,1.0,1.0,0.0
3448,c567a3cd6305bc4a6,True,,,,,,,,,,1.0,1.0,1.0,1.0,0.8832532304322462,1.0,0.0,1.0,0.0,0.713516634510077
3449,13a793ea62b767a28,True,,,,,,,,,,1.0,1.0,0.5,1.0,0.7728550974860174,1.0,1.0,1.0,0.0,0.4020086089821902
3450,8ddd0967554f03e92,True,,,,,,,,,,1.0,1.0,1.0,1.0,0.4714336033129882,1.0,0.0,1.0,0.0,0.5848230010353088
3451,190768b2e92e01b36,True,,,,,,,,,,1.0,1.0,1.0,1.0,1.0,1.0,0.0,1.0,0.0,0.75
3452,4f8f53cf5fc946ea6,True,,,,,,,,,,1.0,1.0,1.0,1.0,0.70885189978226,1.0,1.0,1.0,0.0,0.7840162186819563
3453,44c452535c1f9bd1b,True,,,,,,,,,,1.0,1.0,1.0,1.0,0.7501260767776888,1.0,1.0,1.0,1.0,0.9219143989930277
3454,b52e19bdb170f1078,True,,,,,,,,,,1.0,1.0,1.0,1.0,0.02621655763799681,1.0,1.0,1.0,1.0,0.695692674261874
3455,36ae44a98b7378f57,True,,,,,,,,,,1.0,1.0,1.0,1.0,0.3108531995284356,1.0,1.0,1.0,1.0,0.7846416248526361
3456,35f03ec2d26d4c3df,True,,,,,,,,,,0.0,0.0,0.0,1.0,1.0,0.0,0.0,1.0,1.0,0.0
3457,e035483e2731dcf6b,True,,,,,,,,,,1.0,0.0,1.0,1.0,1.0,1.0,0.0,1.0,1.0,0.0
3458,d57d9c1eba8896d77,True,,,,,,,,,,1.0,0.0,1.0,1.0,0.9558926053729309,1.0,0.0,1.0,1.0,0.0
3459,19590a52744c02e94,True,,,,,,,,,,1.0,1.0,1.0,1.0,1.0,1.0,1.0,1.0,1.0,1.0
3460,fd168a37bcc4550df,True,,,,,,,,,,1.0,1.0,1.0,1.0,0.9509433416022667,1.0,0.0,1.0,0.0,0.7346697942507083
3461,807ac1c906c9cfc44,True,,,,,,,,,,1.0,1.0,1.0,1.0,0.6482058479488633,1.0,1.0,1.0,1.0,0.8900643274840198
3462,a34f2a190f165bd3c,True,,,,,,,,,,1.0,1.0,1.0,1.0,0.776405642660071,1.0,1.0,1.0,0.0,0.8051267633312722
3463,1aee3d353bc51c730,True,,,,,,,,,,0.0,1.0,1.0,1.0,0.6050042060321394,0.0,0.0,1.0,0.0,0.0
3464,0b20cc78c6d693794,True,,,,,,,,,,1.0,0.0,0.5,1.0,1.0,1.0,0.0,1.0,0.0,0.0
3465,e5b4f8a0ccdaf4e6e,True,,,,,,,,,,1.0,1.0,1.0,1.0,0.0010830818515386662,1.0,1.0,1.0,1.0,0.6878384630786059
3466,488b7f582a8d0e834,True,,,,,,,,,,1.0,1.0,1.0,1.0,0.8288927718853843,1.0,1.0,1.0,0.0,0.8215289912141825
3467,d745c239ecbf42d39,True,,,,,,,,,,0.0,1.0,1.0,1.0,1.0,0.0,1.0,1.0,0.0,0.0
3468,b5eae8e67d3680501,True,,,,,,,,,,1.0,1.0,1.0,1.0,0.198902580042434,1.0,0.0,1.0,0.0,0.4996570562632606
3469,441af8c8c4d582d12,True,,,,,,,,,,1.0,1.0,1.0,1.0,1.0,1.0,0.0,1.0,0.0,0.75
3470,d3fd9caab2859cfd1,True,,,,,,,,,,1.0,1.0,0.0,1.0,1.0,1.0,0.0,1.0,1.0,0.0
3471,24e6339c5f9336f36,True,,,,,,,,,,1.0,1.0,1.0,1.0,0.6006777215980571,1.0,1.0,1.0,1.0,0.8752117879993928
3472,24ac26ca8ac0e9395,True,,,,,,,,,,1.0,1.0,1.0,1.0,1.0,1.0,1.0,1.0,0.0,0.875
3473,36c7b91f3363fdeda,True,,,,,,,,,,1.0,0.0,0.0,1.0,1.0,1.0,0.0,1.0,1.0,0.0
3474,e544f94267510bde0,True,,,,,,,,,,1.0,0.0,0.5,1.0,1.0,0.0,0.0,1.0,0.0,0.0
3475,7964eadbdbfc7f2a6,True,,,,,,,,,,1.0,1.0,1.0,1.0,0.4284998191828136,1.0,0.0,1.0,0.0,0.5714061934946293
3476,b1c7cedccc066a77d,True,,,,,,,,,,1.0,1.0,1.0,1.0,0.20954352201264223,1.0,0.0,1.0,0.0,0.5029823506289507
3477,8cf5c8b605a2a4959,True,,,,,,,,,,1.0,1.0,1.0,1.0,0.1433838058928225,1.0,0.0,1.0,1.0,0.607307439341507
3478,5504db91fe0808550,True,,,,,,,,,,1.0,1.0,1.0,1.0,0.942406782073283,1.0,0.0,1.0,0.0,0.7320021193979009
3479,19ef2d6f1a4a25124,True,,,,,,,,,,1.0,0.0,1.0,1.0,0.6965521371626409,1.0,1.0,1.0,0.0,0.0
3480,4366160abaeabb363,True,,,,,,,,,,1.0,1.0,1.0,1.0,0.796770321864045,1.0,0.0,1.0,0.0,0.6864907255825141
3481,2e0773dd81838320f,True,,,,,,,,,,1.0,1.0,1.0,1.0,0.6591101289041011,1.0,1.0,1.0,1.0,0.8934719152825317
3482,988fa96e564a80331,True,,,,,,,,,,1.0,1.0,1.0,1.0,0.816123222992026,1.0,1.0,1.0,1.0,0.9425385071850081
3483,f74e8cda8ff469419,True,,,,,,,,,,1.0,1.0,1.0,1.0,1.0,1.0,1.0,1.0,1.0,1.0
3484,49f0f48e0fa4af03e,True,,,,,,,,,,1.0,0.0,1.0,1.0,1.0,1.0,1.0,1.0,1.0,0.0
3485,5cd160daac2e582eb,True,,,,,,,,,,1.0,1.0,1.0,1.0,0.34456256526001694,1.0,1.0,1.0,1.0,0.7951758016437553
3486,b22a9c0ef981d4004,True,,,,,,,,,,1.0,1.0,1.0,1.0,0.21384145505711258,1.0,1.0,1.0,0.0,0.6293254547053477
3487,e0c4f0b6dc4e1a632,True,,,,,,,,,,0.0,1.0,1.0,1.0,1.0,0.0,0.0,1.0,0.0,0.0
3488,842ac0b9f9e4a08ca,True,,,,,,,,,,1.0,0.0,1.0,1.0,1.0,1.0,1.0,1.0,0.0,0.0
3489,e4b33d7affe423d8f,True,,,,,,,,,,1.0,1.0,1.0,1.0,1.0,1.0,1.0,1.0,1.0,1.0
3490,3ec4e62b471309805,True,,,,,,,,,,1.0,1.0,1.0,1.0,1.0,1.0,0.0,1.0,1.0,0.875
3491,3eeb39076cf2c1547,True,,,,,,,,,,0.0,1.0,1.0,1.0,1.0,0.0,1.0,1.0,0.0,0.0
3492,bcb569c08d9409956,True,,,,,,,,,,1.0,0.0,0.5,1.0,1.0,1.0,0.0,1.0,0.0,0.0
3493,fe46394908bea81b9,True,,,,,,,,,,1.0,1.0,1.0,1.0,1.0,1.0,1.0,1.0,1.0,1.0
3494,2f704570e75d053c7,True,,,,,,,,,,1.0,1.0,1.0,1.0,0.34289307798068464,1.0,0.0,1.0,0.0,0.544654086868964
3495,9bfb6e5100707e5d1,True,,,,,,,,,,1.0,1.0,1.0,1.0,0.7670778663099214,1.0,1.0,1.0,1.0,0.9272118332218504
3496,83162d3d6d41557e9,True,,,,,,,,,,0.0,1.0,1.0,1.0,1.0,0.0,0.0,1.0,1.0,0.0
3497,64dbb32a1a6005581,True,,,,,,,,,,1.0,1.0,1.0,1.0,1.0,1.0,1.0,1.0,0.0,0.875
3498,fd7743059db2ad01f,True,,,,,,,,,,0.0,1.0,1.0,1.0,1.0,0.0,1.0,1.0,0.0,0.0
3499,703b1c2f2088dc549,True,,,,,,,,,,0.0,1.0,1.0,1.0,1.0,0.0,0.0,1.0,1.0,0.0
3500,be4d95422b6b6e212,True,,,,,,,,,,1.0,1.0,1.0,1.0,0.6420364792653637,1.0,1.0,1.0,1.0,0.8881363997704261
3501,37059447ec970c23a,True,,,,,,,,,,1.0,1.0,1.0,1.0,0.6014972470633478,1.0,0.0,1.0,0.0,0.6254678897072962
3502,a66365f9db94531ab,True,,,,,,,,,,1.0,1.0,1.0,1.0,0.1699598829515032,1.0,0.0,1.0,1.0,0.6156124634223448
3503,91927b9cf7456c200,True,,,,,,,,,,1.0,0.0,1.0,1.0,0.9498395560186957,1.0,1.0,1.0,0.0,0.0
3504,f3852b4bdec74eddc,True,,,,,,,,,,0.5,0.0,1.0,1.0,1.0,0.0,1.0,1.0,0.0,0.0
3505,cf74c1bc63f84da49,True,,,,,,,,,,1.0,1.0,1.0,1.0,0.8763571297109057,1.0,1.0,1.0,1.0,0.9613616030346581
3506,b2ad6357566bfa454,True,,,,,,,,,,1.0,0.0,0.5,1.0,0.5634873164075919,1.0,1.0,1.0,1.0,0.0
3507,9751b7e09b5514dd3,True,,,,,,,,,,0.0,1.0,1.0,1.0,1.0,0.0,1.0,1.0,1.0,0.0
3508,23d3b2f93978ceabf,True,,,,,,,,,,1.0,0.0,1.0,1.0,0.5751596786550217,0.0,0.0,1.0,0.0,0.0
3509,84f364974b63432d3,True,,,,,,,,,,1.0,1.0,1.0,1.0,1.0,1.0,1.0,1.0,0.0,0.875
3510,054ea5b13451c621b,True,,,,,,,,,,1.0,1.0,1.0,1.0,0.731236593929853,1.0,1.0,1.0,0.0,0.7910114356030791
3511,7442542b3671c78bc,True,,,,,,,,,,1.0,1.0,1.0,1.0,0.6678153026756484,1.0,1.0,1.0,0.0,0.7711922820861401
3512,9e31589f9ede4587e,True,,,,,,,,,,1.0,0.0,0.0,1.0,1.0,1.0,0.0,1.0,0.0,0.0
3513,8f18562d38dacb97d,True,,,,,,,,,,0.0,1.0,1.0,1.0,1.0,0.0,0.0,1.0,0.0,0.0
3514,478ebd3b3ddcd9ccd,True,,,,,,,,,,1.0,1.0,0.0,1.0,1.0,0.0,0.0,1.0,0.0,0.0
3515,40a1b839fda812527,True,,,,,,,,,,1.0,0.0,1.0,1.0,1.0,1.0,1.0,1.0,0.0,0.0
3516,18a239284011dd8c3,True,,,,,,,,,,1.0,1.0,0.0,1.0,0.9151212563124083,1.0,0.0,1.0,0.0,0.0
3517,4954200b641849a4c,True,,,,,,,,,,1.0,1.0,1.0,1.0,0.6468050053305336,1.0,0.0,1.0,1.0,0.7646265641657918
3518,44b5f6ff06f523846,True,,,,,,,,,,0.0,0.0,1.0,1.0,1.0,0.0,0.0,1.0,1.0,0.0
3519,2a2396b5db7435a5e,True,,,,,,,,,,1.0,1.0,0.0,1.0,1.0,1.0,0.0,1.0,1.0,0.0
3520,a436f596d2ea40baa,True,,,,,,,,,,1.0,1.0,0.0,0.0,1.0,1.0,0.0,1.0,1.0,0.0
3521,bd9cfcf17b064f7df,True,,,,,,,,,,1.0,1.0,1.0,1.0,0.19066351329603648,1.0,1.0,1.0,1.0,0.7470823479050114
3522,88d4b366c4eb714be,True,,,,,,,,,,1.0,1.0,1.0,1.0,1.0,1.0,0.0,0.0,0.0,0.625
3523,e373db6dd950e3e73,True,,,,,,,,,,1.0,1.0,1.0,1.0,0.917481692774268,1.0,1.0,1.0,1.0,0.9742130289919588
3524,43b92681b98be1dd3,True,,,,,,,,,,1.0,0.0,0.0,1.0,1.0,1.0,0.0,1.0,0.0,0.0
3525,8b44ee25391ad8a73,True,,,,,,,,,,1.0,1.0,1.0,1.0,1.0,1.0,1.0,1.0,0.0,0.875
3526,24c8b908f552c5946,True,,,,,,,,,,1.0,1.0,1.0,1.0,0.1497907606319254,1.0,0.0,1.0,0.0,0.4843096126974767
3527,595a7bb76f59c677e,True,,,,,,,,,,1.0,1.0,1.0,1.0,0.154759438936502,1.0,1.0,1.0,0.0,0.6108623246676569
3528,00c800ba9acb02aa0,True,,,,,,,,,,1.0,1.0,1.0,1.0,0.803974796164353,1.0,1.0,1.0,1.0,0.9387421238013602
3529,d5f2dcdb50158c20e,True,,,,,,,,,,1.0,0.0,1.0,1.0,0.5059390973495183,1.0,0.0,1.0,0.0,0.0
3530,d9b6f0d1e16d88b7e,True,,,,,,,,,,0.0,1.0,1.0,1.0,1.0,0.0,0.0,0.0,0.0,0.0
3531,5b7915b6c4d354972,True,,,,,,,,,,1.0,1.0,1.0,1.0,0.3942594044679172,1.0,1.0,1.0,1.0,0.8107060638962241
3532,f8ef03363118bcda4,True,,,,,,,,,,1.0,1.0,0.0,1.0,1.0,1.0,0.0,1.0,1.0,0.0
3533,4733330ccf4a023b5,True,,,,,,,,,,1.0,1.0,1.0,1.0,0.6258603743696994,1.0,0.0,1.0,0.0,0.6330813669905311
3534,eab8a152f7ae593ae,True,,,,,,,,,,0.0,1.0,0.5,1.0,1.0,0.0,0.0,1.0,1.0,0.0
3535,d34d8e1f656046bdd,True,,,,,,,,,,1.0,1.0,1.0,1.0,0.4695175282934668,1.0,0.0,1.0,1.0,0.7092242275917084
3536,19b05b1af3b23f887,True,,,,,,,,,,1.0,1.0,0.0,1.0,1.0,1.0,0.0,1.0,1.0,0.0
3537,152d958486f2526ce,True,,,,,,,,,,1.0,1.0,0.0,1.0,0.7723137020125598,1.0,0.0,1.0,1.0,0.0
3538,481cb8f4c173a9ed0,True,,,,,,,,,,1.0,1.0,1.0,1.0,0.8797407328493639,1.0,1.0,1.0,1.0,0.9624189790154263
3539,ef271f3dd1d4e77d9,True,,,,,,,,,,1.0,1.0,0.5,1.0,0.7074472504032495,1.0,0.0,1.0,1.0,0.39178863287550775
3540,434058a9bff839494,True,,,,,,,,,,1.0,1.0,1.0,1.0,0.7452276708542818,1.0,1.0,1.0,1.0,0.9203836471419631
3541,34c0cbcc136c66c89,True,,,,,,,,,,1.0,1.0,1.0,1.0,0.7662939083381943,1.0,0.0,1.0,1.0,0.8019668463556857
3542,463716f28ebb21a5d,True,,,,,,,,,,1.0,0.0,0.5,1.0,1.0,0.0,1.0,1.0,1.0,0.0
3543,18c7e56e43eebb62f,True,,,,,,,,,,1.0,1.0,1.0,1.0,0.7888313355291046,1.0,0.0,0.0,0.0,0.5590097923528452
3544,b7e991a05053bf3b9,True,,,,,,,,,,1.0,0.0,0.0,1.0,1.0,1.0,0.0,1.0,1.0,0.0
3545,803a37fc5a01eb03c,True,,,,,,,,,,1.0,1.0,1.0,1.0,1.0,1.0,0.0,1.0,1.0,0.875
3546,cd892a7201a57c9b3,True,,,,,,,,,,1.0,1.0,1.0,1.0,0.6865639096915734,1.0,1.0,1.0,0.0,0.7770512217786167
3547,c532df7508f6fce92,True,,,,,,,,,,0.5,1.0,1.0,1.0,1.0,0.0,1.0,1.0,1.0,0.34375
3548,3e0e221b32c026dc2,True,,,,,,,,,,1.0,0.0,1.0,1.0,1.0,1.0,0.0,1.0,1.0,0.0
3549,9574cf693ee2e6774,True,,,,,,,,,,1.0,1.0,1.0,1.0,0.4867435527331394,1.0,0.0,1.0,1.0,0.7146073602291061
3550,80f0bde16c34c246a,True,,,,,,,,,,1.0,1.0,0.0,1.0,1.0,0.0,0.0,1.0,0.0,0.0
3551,ecd4cf358c244bf21,True,,,,,,,,,,0.5,0.0,1.0,1.0,1.0,0.0,0.0,1.0,0.0,0.0
3552,542094f5bc210a1c8,True,,,,,,,,,,1.0,1.0,0.5,1.0,1.0,1.0,0.0,1.0,1.0,0.4375
3553,9a7f43d4720b544da,True,,,,,,,,,,1.0,1.0,1.0,1.0,0.9479853465250747,1.0,1.0,1.0,1.0,0.9837454207890859
3554,47a19dd96d0e85b4d,True,,,,,,,,,,1.0,1.0,1.0,1.0,0.7442909005607433,1.0,0.0,1.0,1.0,0.7950909064252323
3555,3dd2a8f5a8701cb47,True,,,,,,,,,,1.0,1.0,0.5,1.0,1.0,1.0,0.0,1.0,1.0,0.4375
3556,b83ed44f0a4151018,True,,,,,,,,,,1.0,1.0,1.0,1.0,1.0,1.0,1.0,1.0,0.0,0.875
3557,588f47bdc35784c16,True,,,,,,,,,,1.0,1.0,1.0,1.0,0.35811393640656297,1.0,0.0,1.0,0.0,0.5494106051270509
3558,6d8d91ad290f124b2,True,,,,,,,,,,1.0,1.0,1.0,1.0,1.0,1.0,0.0,1.0,1.0,0.875
3559,e3fffb822fb5efac2,True,,,,,,,,,,0.0,0.0,1.0,1.0,1.0,0.0,0.0,1.0,0.0,0.0
3560,b9d6d6e0f1c629518,True,,,,,,,,,,1.0,0.0,1.0,1.0,1.0,1.0,1.0,1.0,1.0,0.0
3561,cd5e5b17476268370,True,,,,,,,,,,1.0,0.0,1.0,1.0,0.923779318204146,1.0,0.0,1.0,1.0,0.0
3562,696843a23b748f1b0,True,,,,,,,,,,1.0,1.0,0.5,1.0,1.0,1.0,1.0,1.0,1.0,0.5
3563,ee893ffe397bbd4fb,True,,,,,,,,,,0.5,0.0,0.5,1.0,1.0,0.0,0.0,1.0,0.0,0.0
3564,c021ad43ee2e51dd3,True,,,,,,,,,,1.0,1.0,1.0,1.0,0.7935511518453415,1.0,1.0,1.0,0.0,0.8104847349516693
3565,f3d58b82e93972910,True,,,,,,,,,,1.0,1.0,1.0,1.0,0.5508475069624178,1.0,1.0,1.0,0.0,0.7346398459257556
3566,46c11df9f73cc2f71,True,,,,,,,,,,1.0,1.0,1.0,1.0,0.030883158085013174,1.0,1.0,1.0,1.0,0.6971509869015666
3567,5ee839d646b6d620e,True,,,,,,,,,,1.0,1.0,0.5,1.0,0.7382661440373344,1.0,0.0,1.0,1.0,0.3966040850058335
3568,f24caea64b35ec9e9,True,,,,,,,,,,1.0,1.0,1.0,1.0,0.8211103883013225,1.0,1.0,1.0,1.0,0.9440969963441632
3569,801d1b42c0409656b,True,,,,,,,,,,0.0,1.0,1.0,1.0,1.0,0.0,0.0,1.0,1.0,0.0
3570,fc9d3ef48d94c0485,True,,,,,,,,,,1.0,1.0,1.0,1.0,0.7589780674511718,1.0,0.0,1.0,1.0,0.7996806460784912
3571,061d3699e77f9817a,True,,,,,,,,,,1.0,1.0,1.0,1.0,0.8004564037697339,1.0,1.0,1.0,0.0,0.8126426261780418
3572,0517c552242d8cb70,True,,,,,,,,,,1.0,1.0,1.0,1.0,0.7224013797015825,1.0,1.0,1.0,1.0,0.9132504311567445
3573,e677a32f0475fc05e,True,,,,,,,,,,1.0,1.0,1.0,1.0,0.8944687030032954,1.0,0.0,1.0,0.0,0.7170214696885298
3574,5856d9f4b213e9865,True,,,,,,,,,,1.0,1.0,1.0,1.0,1.0,1.0,0.0,1.0,1.0,0.875
3575,1d0587c2228e349ac,True,,,,,,,,,,1.0,1.0,1.0,1.0,0.9711811043770012,1.0,1.0,1.0,1.0,0.9909940951178129
3576,ddf4d43735ce80242,True,,,,,,,,,,1.0,1.0,0.5,1.0,1.0,0.0,0.0,1.0,1.0,0.28125
3577,1c53867c6f662be8f,True,,,,,,,,,,1.0,1.0,0.0,1.0,1.0,1.0,0.0,1.0,0.0,0.0
3578,ef863110f1ea79566,True,,,,,,,,,,0.0,1.0,1.0,1.0,1.0,0.0,0.0,1.0,1.0,0.0
3579,1821758da0d84714b,True,,,,,,,,,,1.0,1.0,0.0,1.0,1.0,1.0,0.0,1.0,0.0,0.0
3580,ae3513291969ee51b,True,,,,,,,,,,1.0,1.0,1.0,1.0,1.0,1.0,1.0,1.0,1.0,1.0
3581,f3895fbfb8df71a43,True,,,,,,,,,,1.0,1.0,1.0,1.0,0.9300483106390997,1.0,1.0,1.0,1.0,0.9781400970747187
3582,dc0620e71b9184974,True,,,,,,,,,,1.0,0.0,1.0,1.0,0.8399327783215029,1.0,1.0,1.0,1.0,0.0
3583,d83d3619e63d183d6,True,,,,,,,,,,0.0,1.0,1.0,1.0,1.0,0.0,1.0,1.0,1.0,0.0
3584,4a99f83b526b20ecf,True,,,,,,,,,,1.0,1.0,1.0,1.0,0.1735613800873195,1.0,0.0,1.0,1.0,0.6167379312772874
3585,a20d11131b97593ab,True,,,,,,,,,,1.0,1.0,1.0,1.0,0.6583996934202453,1.0,0.0,1.0,1.0,0.7682499041938267
3586,2629f98f6e294c4f4,True,,,,,,,,,,1.0,0.0,1.0,1.0,0.8300691940056857,1.0,1.0,1.0,0.0,0.0
3587,6546d47d2e83caab2,True,,,,,,,,,,1.0,0.0,1.0,1.0,1.0,1.0,1.0,1.0,0.0,0.0
3588,864a83021c759e07e,True,,,,,,,,,,1.0,0.0,0.5,1.0,1.0,1.0,0.0,1.0,1.0,0.0
3589,046b8681d380244e2,True,,,,,,,,,,1.0,1.0,1.0,1.0,0.9560479362400844,1.0,1.0,1.0,1.0,0.9862649800750264
3590,1087cd8acf5661e9c,True,,,,,,,,,,1.0,1.0,1.0,1.0,0.8667227725213917,1.0,0.0,1.0,0.0,0.708350866412935
3591,97e30986c37339a1b,True,,,,,,,,,,1.0,1.0,1.0,1.0,0.9249869168269266,1.0,1.0,1.0,1.0,0.9765584115084145
3592,f843c5c835c2922c1,True,,,,,,,,,,1.0,1.0,0.5,1.0,1.0,1.0,0.0,1.0,1.0,0.4375
3593,c725d6fa44dc9c6d6,True,,,,,,,,,,0.0,1.0,1.0,1.0,1.0,0.0,1.0,1.0,1.0,0.0
3594,2fc976c7bc0d58fed,True,,,,,,,,,,1.0,1.0,1.0,1.0,0.9820646134981,1.0,1.0,1.0,1.0,0.9943951917181563
3595,87940f7f64854009d,True,,,,,,,,,,0.5,1.0,1.0,1.0,1.0,1.0,1.0,1.0,1.0,0.5
3596,c808695431d352ba9,True,,,,,,,,,,1.0,1.0,1.0,1.0,1.0,1.0,1.0,1.0,0.0,0.875
3597,ac022e7e85876da0a,True,,,,,,,,,,1.0,1.0,1.0,1.0,0.14864321141135678,1.0,1.0,1.0,1.0,0.733951003566049
3598,3638bc9577d1ebfa6,True,,,,,,,,,,1.0,1.0,0.0,1.0,1.0,0.0,0.0,0.0,0.0,0.0
3599,11faa3428ed91e426,True,,,,,,,,,,1.0,1.0,0.5,1.0,1.0,1.0,0.0,1.0,1.0,0.4375
3600,535b410078f9658ee,True,,,,,,,,,,1.0,0.0,1.0,1.0,0.9511309680158164,1.0,0.0,1.0,0.0,0.0
3601,49251b4564a2244a7,True,,,,,,,,,,1.0,1.0,1.0,1.0,0.8524009871056817,1.0,1.0,1.0,0.0,0.8288753084705256
3602,fe96f199e96744aa6,True,,,,,,,,,,1.0,1.0,1.0,1.0,0.5931861617974188,1.0,1.0,1.0,1.0,0.8728706755616934
3603,302d43ed9ed327d94,True,,,,,,,,,,0.0,1.0,1.0,0.0,1.0,0.0,0.0,1.0,1.0,0.0
3604,b68951cab847f0bf5,True,,,,,,,,,,0.0,1.0,1.0,1.0,1.0,0.0,1.0,1.0,1.0,0.0
3605,3343ae6524e70afdf,True,,,,,,,,,,1.0,0.0,1.0,1.0,0.6740904526041575,1.0,1.0,1.0,1.0,0.0
3606,704a2b5191f2e8c04,True,,,,,,,,,,1.0,1.0,1.0,1.0,0.5854926343037181,1.0,0.0,1.0,1.0,0.7454664482199119
3607,6ef6514c231637cbf,True,,,,,,,,,,1.0,1.0,1.0,1.0,0.30906872831173116,1.0,1.0,1.0,0.0,0.659083977597416
3608,403fbd9b66d2c8d5f,True,,,,,,,,,,1.0,0.0,0.0,1.0,1.0,1.0,0.0,1.0,0.0,0.0
3609,430915b356a81da1d,True,,,,,,,,,,1.0,1.0,1.0,1.0,0.7316368486870405,1.0,1.0,1.0,0.0,0.7911365152147002
3610,570c63685f0d25c8f,True,,,,,,,,,,1.0,1.0,1.0,1.0,0.6018485948587684,1.0,1.0,1.0,0.0,0.7505776858933652
3611,d85e0580a10c3e544,True,,,,,,,,,,1.0,1.0,0.0,1.0,0.835233692148873,1.0,0.0,1.0,0.0,0.0
3612,81b780529f08d965b,True,,,,,,,,,,1.0,0.0,1.0,1.0,0.8383030170367222,1.0,1.0,1.0,1.0,0.0
3613,7c851ab07e3f1d15f,True,,,,,,,,,,1.0,1.0,1.0,1.0,0.3086465266097855,1.0,1.0,1.0,1.0,0.7839520395655579
3614,d79599d25c9842625,True,,,,,,,,,,1.0,1.0,1.0,1.0,0.8895468565463509,1.0,0.0,1.0,1.0,0.8404833926707347
3615,2b91925294ab78999,True,,,,,,,,,,0.0,0.0,1.0,1.0,1.0,0.0,0.0,1.0,0.0,0.0
3616,444448ad7659dcee6,True,,,,,,,,,,1.0,1.0,1.0,1.0,0.8837192261318282,1.0,0.0,1.0,0.0,0.7136622581661963
3617,350cac7c1e8fc966a,True,,,,,,,,,,1.0,1.0,1.0,1.0,1.0,1.0,1.0,1.0,1.0,1.0
3618,4a5ea5d6a2735531c,True,,,,,,,,,,1.0,1.0,1.0,1.0,0.9761195944518766,1.0,1.0,1.0,1.0,0.9925373732662115
3619,1924f6d5f33633039,True,,,,,,,,,,1.0,0.0,1.0,1.0,0.9051938143641752,1.0,1.0,1.0,0.0,0.0
3620,146404d39b9ce38d7,True,,,,,,,,,,1.0,1.0,1.0,1.0,0.8273728006035806,1.0,1.0,0.0,1.0,0.821054000188619
3621,5bd0e7981e5378287,True,,,,,,,,,,1.0,0.0,1.0,1.0,1.0,1.0,0.0,1.0,0.0,0.0
3622,42dea16d984c67d19,True,,,,,,,,,,0.0,1.0,0.0,1.0,1.0,0.0,0.0,1.0,1.0,0.0
3623,e536d36c3e7306e47,True,,,,,,,,,,1.0,0.0,1.0,1.0,1.0,0.0,0.0,1.0,0.0,0.0
3624,44af46da795f58fa1,True,,,,,,,,,,1.0,1.0,1.0,1.0,0.5865789102947564,1.0,1.0,1.0,0.0,0.7458059094671113
3625,934550d99dbe5a996,True,,,,,,,,,,1.0,1.0,0.0,1.0,0.7051789329952186,1.0,0.0,1.0,1.0,0.0
3626,03a6d53a889503fa1,True,,,,,,,,,,0.0,0.0,0.0,1.0,1.0,0.0,0.0,1.0,1.0,0.0
3627,5f54e7582c508a3ca,True,,,,,,,,,,1.0,1.0,1.0,1.0,0.7480914996207858,1.0,0.0,1.0,1.0,0.7962785936314956
3628,0ba7e570a3d546654,True,,,,,,,,,,1.0,1.0,1.0,1.0,0.7111607742389514,1.0,1.0,1.0,1.0,0.9097377419496724
3629,f7592c27f95e1ae0e,True,,,,,,,,,,1.0,0.0,1.0,1.0,0.7740732453055804,1.0,1.0,1.0,0.0,0.0
3630,d069a0081ae35d442,True,,,,,,,,,,1.0,0.0,1.0,1.0,0.5275765905226777,1.0,0.0,1.0,0.0,0.0
3631,e98e051c6f03d55bd,True,,,,,,,,,,1.0,1.0,1.0,1.0,1.0,1.0,1.0,1.0,0.0,0.875
3632,f8f9337702054ca25,True,,,,,,,,,,0.0,1.0,1.0,1.0,1.0,0.0,0.0,1.0,0.0,0.0
3633,977312aa1b30d7f8f,True,,,,,,,,,,1.0,0.0,1.0,1.0,1.0,1.0,0.0,1.0,1.0,0.0
3634,9e2bf4fef7c5a70f5,True,,,,,,,,,,1.0,1.0,1.0,1.0,0.26884685837354133,1.0,0.0,1.0,0.0,0.5215146432417317
3635,2676c3c7286b4756a,True,,,,,,,,,,1.0,1.0,1.0,1.0,0.07268799192578947,1.0,1.0,1.0,1.0,0.7102149974768093
3636,2fa5ec5e442e3f499,True,,,,,,,,,,1.0,1.0,1.0,1.0,0.7341231186725715,1.0,1.0,1.0,1.0,0.9169134745851786
3637,b7e52abb299941045,True,,,,,,,,,,0.0,1.0,1.0,1.0,1.0,0.0,1.0,1.0,0.0,0.0
3638,1e2b6420a190b7d56,True,,,,,,,,,,1.0,0.0,1.0,1.0,1.0,1.0,1.0,1.0,0.0,0.0
3639,514e8dc72d43731a2,True,,,,,,,,,,1.0,1.0,1.0,1.0,0.5315018525510226,1.0,0.0,1.0,1.0,0.7285943289221946
3640,c1d111042e2830ff9,True,,,,,,,,,,1.0,1.0,1.0,1.0,0.17868427773657194,1.0,1.0,1.0,0.0,0.6183388367926788
3641,8bd9cc5482864e291,True,,,,,,,,,,1.0,0.0,0.0,1.0,1.0,1.0,0.0,1.0,0.0,0.0
3642,d0bc7d7a692a6b0e9,True,,,,,,,,,,0.0,1.0,1.0,1.0,1.0,0.0,1.0,1.0,1.0,0.0
3643,19076eddbca015da6,True,,,,,,,,,,1.0,1.0,1.0,1.0,0.7695765353830142,1.0,1.0,1.0,1.0,0.9279926673071919
3644,7f520a3f0158554b6,True,,,,,,,,,,0.0,1.0,1.0,1.0,1.0,0.0,1.0,1.0,0.0,0.0
3645,b77f2183b554e6641,True,,,,,,,,,,1.0,1.0,1.0,1.0,0.012993594105411429,1.0,1.0,1.0,1.0,0.6915604981579411
3646,71652a0843409669f,True,,,,,,,,,,1.0,1.0,1.0,1.0,1.0,1.0,0.0,1.0,1.0,0.875
3647,5d72351d0cf4540a5,True,,,,,,,,,,1.0,0.0,1.0,1.0,0.9843339404543057,1.0,1.0,1.0,0.0,0.0
3648,e4c493d897f14300a,True,,,,,,,,,,1.0,1.0,1.0,1.0,0.9170240970709341,1.0,1.0,1.0,1.0,0.974070030334667
3649,41c063fac49e3b5e2,True,,,,,,,,,,0.0,1.0,1.0,1.0,1.0,0.0,1.0,1.0,0.0,0.0
3650,90560af9aba9040f6,True,,,,,,,,,,1.0,1.0,1.0,1.0,0.4863334061708102,1.0,0.0,1.0,0.0,0.5894791894283782
3651,797abeb7772dd6343,True,,,,,,,,,,1.0,1.0,1.0,1.0,0.19407568101918227,1.0,0.0,1.0,1.0,0.6231486503184944
3652,8f6e1b2f271bab9a1,True,,,,,,,,,,1.0,1.0,1.0,1.0,0.6263108978438586,1.0,1.0,1.0,1.0,0.8832221555762059
3653,c95875cdc20edcb2a,True,,,,,,,,,,1.0,1.0,0.5,1.0,1.0,1.0,0.0,1.0,0.0,0.375
3654,0c3cbb85755a00eb2,True,,,,,,,,,,1.0,1.0,1.0,1.0,0.6301578097979794,1.0,0.0,1.0,0.0,0.6344243155618685
3655,fa4895c5592886086,True,,,,,,,,,,0.5,1.0,1.0,1.0,1.0,1.0,1.0,1.0,0.0,0.4375
3656,14afd0e1ef0d94d4d,True,,,,,,,,,,1.0,1.0,1.0,1.0,1.0,1.0,0.0,1.0,1.0,0.875
3657,8b4f3b5980bf21a3b,True,,,,,,,,,,1.0,1.0,1.0,1.0,0.88691016198786,1.0,1.0,1.0,1.0,0.9646594256212062
3658,f19d36e6d48219eba,True,,,,,,,,,,0.0,0.0,0.5,1.0,1.0,0.0,0.0,1.0,1.0,0.0
3659,e742e687d4142df74,True,,,,,,,,,,1.0,0.0,0.5,1.0,1.0,1.0,0.0,1.0,0.0,0.0
3660,294d19afced5a7af8,True,,,,,,,,,,1.0,1.0,1.0,1.0,0.5681332596402991,1.0,1.0,1.0,1.0,0.8650416436375935
3661,e0e4ca847f84568a3,True,,,,,,,,,,1.0,1.0,1.0,1.0,0.23282243901399663,1.0,0.0,1.0,1.0,0.6352570121918739
3662,214aedc89904305ef,True,,,,,,,,,,1.0,1.0,1.0,0.0,1.0,1.0,1.0,1.0,1.0,0.0
3663,147fe3531a064a546,True,,,,,,,,,,1.0,0.0,0.5,1.0,1.0,1.0,1.0,1.0,0.0,0.0
3664,bb46fbd459543e9c1,True,,,,,,,,,,1.0,0.0,1.0,1.0,0.9977334215905105,1.0,1.0,1.0,1.0,0.0
3665,27fefe70564fbc07a,True,,,,,,,,,,0.5,1.0,1.0,1.0,1.0,0.0,1.0,1.0,1.0,0.34375
3666,6b8ebd7a081ffa425,True,,,,,,,,,,1.0,0.0,0.0,1.0,1.0,1.0,0.0,1.0,0.0,0.0
3667,c3f5f5f99bb34c5b9,True,,,,,,,,,,1.0,1.0,1.0,1.0,1.0,1.0,0.0,0.0,0.0,0.625
3668,9bd2024518849085f,True,,,,,,,,,,1.0,1.0,1.0,1.0,1.0,1.0,0.0,1.0,1.0,0.875
3669,01a7cf70d70d2fa61,True,,,,,,,,,,1.0,1.0,1.0,1.0,0.5038758205473318,1.0,0.0,1.0,1.0,0.7199611939210412
3670,63e4138abce599b86,True,,,,,,,,,,1.0,1.0,1.0,1.0,0.8693629025191458,1.0,1.0,1.0,1.0,0.9591759070372331
3671,7a487393a13b1bc7e,True,,,,,,,,,,1.0,1.0,0.5,1.0,0.8825401366402799,0.0,0.0,1.0,0.0,0.20039689635004374
3672,11f2411e873c0fa28,True,,,,,,,,,,1.0,1.0,1.0,1.0,0.7521501346163644,1.0,0.0,1.0,1.0,0.7975469170676139
3673,543679cd5973594a2,True,,,,,,,,,,1.0,1.0,1.0,1.0,0.7251019441127957,1.0,1.0,1.0,0.0,0.7890943575352487
3674,d70caeb8eb50fae31,True,,,,,,,,,,1.0,1.0,1.0,1.0,0.292248146105717,1.0,0.0,1.0,0.0,0.5288275456580366
3675,02cf44d6c32b48bea,True,,,,,,,,,,1.0,1.0,1.0,1.0,0.7447495394112091,1.0,0.0,0.0,1.0,0.6702342310660029
3676,c9dca5652801c1a98,True,,,,,,,,,,1.0,1.0,0.5,1.0,1.0,1.0,0.0,1.0,0.0,0.375
3677,71f3d5ae763258af7,True,,,,,,,,,,1.0,0.0,1.0,1.0,1.0,0.0,0.0,1.0,0.0,0.0
3678,cd7d476e450a5083d,True,,,,,,,,,,1.0,0.0,1.0,1.0,0.3700160641815157,1.0,1.0,1.0,1.0,0.0
3679,7b88d46ce71736357,True,,,,,,,,,,0.0,1.0,0.5,1.0,1.0,1.0,0.0,1.0,1.0,0.0
3680,ebc9bb73d92a43a32,True,,,,,,,,,,1.0,1.0,1.0,1.0,0.45363970156633787,1.0,1.0,1.0,0.0,0.7042624067394806
3681,56b4d54802fcfc9b1,True,,,,,,,,,,1.0,1.0,1.0,1.0,0.8177523744200847,1.0,0.0,1.0,1.0,0.8180476170062765
3682,9b164e112834437ea,True,,,,,,,,,,1.0,1.0,1.0,1.0,0.6218948450362212,1.0,1.0,1.0,1.0,0.8818421390738191
3683,00cbc73194109904b,True,,,,,,,,,,0.0,1.0,1.0,1.0,1.0,0.0,0.0,1.0,1.0,0.0
3684,928a526fdbbdedce9,True,,,,,,,,,,0.0,1.0,1.0,1.0,1.0,0.0,1.0,1.0,1.0,0.0
3685,129e42105cbb4c354,True,,,,,,,,,,1.0,1.0,1.0,1.0,0.829115078589648,1.0,1.0,1.0,0.0,0.821598462059265
3686,cac170c5a828b564b,True,,,,,,,,,,1.0,0.0,1.0,1.0,0.7390997775073762,1.0,1.0,1.0,1.0,0.0
3687,94c404a1f903addc1,True,,,,,,,,,,1.0,1.0,1.0,1.0,0.3500842628051117,1.0,1.0,1.0,1.0,0.7969013321265974
3688,517d13818dab667f5,True,,,,,,,,,,1.0,1.0,1.0,1.0,0.8709327330881544,1.0,0.0,1.0,0.0,0.7096664790900482
3689,eeab7294535bc0168,True,,,,,,,,,,0.0,0.0,0.0,1.0,1.0,0.0,0.0,1.0,0.0,0.0
3690,7b24f810cbd1a8c5a,True,,,,,,,,,,1.0,1.0,0.5,1.0,1.0,1.0,0.0,1.0,1.0,0.4375
3691,acd449fa83a39cef2,True,,,,,,,,,,1.0,1.0,1.0,1.0,0.9841825165519288,1.0,0.0,1.0,1.0,0.8700570364224778
3692,245fb14bb8a926556,True,,,,,,,,,,1.0,1.0,1.0,1.0,0.7567692416140974,1.0,1.0,1.0,1.0,0.9239903880044055
3693,59d497b24fe17609b,True,,,,,,,,,,1.0,1.0,0.5,1.0,0.5897253506331934,1.0,0.0,1.0,0.0,0.3108945860364365
3694,90d6b6889f35e691d,True,,,,,,,,,,1.0,1.0,1.0,1.0,0.8161941552401948,1.0,0.0,1.0,1.0,0.8175606735125609
3695,6d611ec100d73e0e6,True,,,,,,,,,,1.0,1.0,0.5,1.0,1.0,1.0,0.0,1.0,1.0,0.4375
3696,58f8054b16f2c0e47,True,,,,,,,,,,1.0,1.0,1.0,1.0,0.10169611212415332,1.0,0.0,0.0,1.0,0.4692800350387979
3697,3b57dcdd08ad03a39,True,,,,,,,,,,1.0,1.0,1.0,1.0,0.7138559899143643,1.0,1.0,1.0,0.0,0.7855799968482389
3698,7459b322982d2932c,True,,,,,,,,,,1.0,1.0,1.0,1.0,0.5898480106747235,1.0,1.0,1.0,0.0,0.7468275033358511
3699,4e6f3caac62c57abb,True,,,,,,,,,,1.0,1.0,1.0,1.0,0.5246194477435697,1.0,0.0,1.0,1.0,0.7264435774198655
3700,5a4fe1d15e2ccbce1,True,,,,,,,,,,1.0,1.0,1.0,1.0,0.3690569967296565,1.0,1.0,1.0,1.0,0.8028303114780176
3701,7052cedfc597ff134,True,,,,,,,,,,1.0,1.0,1.0,1.0,0.7994325372793394,1.0,1.0,1.0,1.0,0.9373226678997936
3702,20a8cbfef6940983b,True,,,,,,,,,,1.0,0.0,1.0,1.0,0.30025839627506157,1.0,1.0,1.0,1.0,0.0
3703,9105cbfa672b3e348,True,,,,,,,,,,0.0,1.0,1.0,1.0,1.0,0.0,0.0,0.0,0.0,0.0
3704,cd19384b9fe667753,True,,,,,,,,,,1.0,1.0,1.0,1.0,0.694356608666037,1.0,0.0,1.0,0.0,0.6544864402081365
3705,b0917755d03fa6298,True,,,,,,,,,,1.0,0.0,0.0,1.0,1.0,1.0,0.0,1.0,0.0,0.0
3706,0e55c21e09e86d8ba,True,,,,,,,,,,0.0,1.0,1.0,1.0,1.0,0.0,1.0,1.0,1.0,0.0
3707,f8e452be20910fe87,True,,,,,,,,,,0.0,0.0,0.5,1.0,1.0,0.0,0.0,1.0,1.0,0.0
3708,26fc6837ede450373,True,,,,,,,,,,1.0,1.0,1.0,1.0,0.3635357220856556,1.0,1.0,1.0,1.0,0.8011049131517674
3709,8b639fb0376857c55,True,,,,,,,,,,1.0,1.0,1.0,1.0,0.594715159529018,1.0,1.0,1.0,1.0,0.8733484873528181
3710,fbcd36a566009598c,True,,,,,,,,,,1.0,1.0,0.0,1.0,1.0,1.0,0.0,1.0,1.0,0.0
3711,a779cf32b55be3c41,True,,,,,,,,,,1.0,1.0,1.0,1.0,1.0,1.0,1.0,1.0,1.0,1.0
3712,c5c884265f0a69c51,True,,,,,,,,,,1.0,1.0,1.0,1.0,0.4638854916022943,1.0,0.0,1.0,1.0,0.707464216125717
3713,5dd439bda5bf2a988,True,,,,,,,,,,1.0,1.0,1.0,1.0,0.4545086469401441,1.0,1.0,1.0,1.0,0.829533952168795
3714,c00676be121eaac31,True,,,,,,,,,,1.0,1.0,1.0,1.0,1.0,1.0,1.0,1.0,1.0,1.0
3715,ae94ff2780b7d715c,True,,,,,,,,,,1.0,1.0,0.0,1.0,0.8445247587906941,1.0,0.0,1.0,0.0,0.0
3716,4c0a5d617a08c1e9e,True,,,,,,,,,,1.0,0.0,1.0,1.0,0.7967673657456203,1.0,1.0,1.0,0.0,0.0
3717,063ea0d49748630a5,True,,,,,,,,,,1.0,1.0,1.0,1.0,0.07845837070223341,1.0,1.0,1.0,1.0,0.712018240844448
3718,3bcc1dd4e60503094,True,,,,,,,,,,1.0,1.0,1.0,1.0,0.8095181787705978,1.0,0.0,1.0,0.0,0.6904744308658118
3719,6d9ac6e09b2090952,True,,,,,,,,,,0.0,1.0,1.0,1.0,1.0,0.0,0.0,1.0,0.0,0.0
3720,0802cacabc6a28d18,True,,,,,,,,,,1.0,1.0,1.0,1.0,0.638407243219538,1.0,0.0,1.0,1.0,0.7620022635061057
3721,8f3dd68f4334d028e,True,,,,,,,,,,1.0,1.0,1.0,1.0,0.6593096793834248,1.0,0.0,1.0,1.0,0.7685342748073203
3722,87c28ad76ca252469,True,,,,,,,,,,0.0,1.0,1.0,0.0,1.0,0.0,0.0,1.0,1.0,0.0
3723,d783a4e289c7f6c20,True,,,,,,,,,,1.0,1.0,1.0,1.0,0.8641298970133624,1.0,0.0,1.0,1.0,0.8325405928166758
3724,991eb7f9b9b5d6f2f,True,,,,,,,,,,0.0,1.0,1.0,1.0,1.0,0.0,0.0,1.0,1.0,0.0
3725,e837d678b75d5da6f,True,,,,,,,,,,1.0,1.0,1.0,1.0,0.8949547793890268,1.0,1.0,1.0,0.0,0.8421733685590709
3726,24552af895f24c7c8,True,,,,,,,,,,1.0,1.0,1.0,1.0,0.4956648546232051,1.0,1.0,1.0,1.0,0.8423952670697517
3727,0e81443200fd71592,True,,,,,,,,,,0.0,1.0,1.0,1.0,1.0,0.0,1.0,1.0,1.0,0.0
3728,a9e0e52d177dd7f09,True,,,,,,,,,,1.0,1.0,0.0,1.0,1.0,1.0,0.0,1.0,0.0,0.0
3729,5fbdf316a30e33058,True,,,,,,,,,,1.0,1.0,1.0,1.0,0.8697068678892108,1.0,0.0,1.0,1.0,0.8342833962153784
3730,0d922ca55b8036075,True,,,,,,,,,,1.0,1.0,1.0,1.0,0.7174781423138472,1.0,1.0,1.0,0.0,0.7867119194730773
3731,343c682cb6fb49290,True,,,,,,,,,,1.0,1.0,1.0,1.0,1.0,1.0,0.0,1.0,0.0,0.75
3732,47fd69d104912e67a,True,,,,,,,,,,1.0,0.0,1.0,1.0,0.7686993964030387,1.0,1.0,1.0,1.0,0.0
3733,c43503e3cebf10b69,True,,,,,,,,,,1.0,1.0,1.0,1.0,0.9659468135262268,1.0,0.0,1.0,0.0,0.7393583792269458
3734,f6021914cda2ce515,True,,,,,,,,,,1.0,1.0,1.0,1.0,0.9113380993655024,1.0,0.0,1.0,1.0,0.8472931560517195
3735,1e90f84f7e7bca603,True,,,,,,,,,,1.0,0.0,1.0,1.0,1.0,1.0,1.0,1.0,1.0,0.0
3736,ad215da365bb78fd6,True,,,,,,,,,,1.0,1.0,0.5,1.0,0.734281600063913,1.0,1.0,1.0,1.0,0.4584815000099864
3737,ecb1dd4076b28cd84,True,,,,,,,,,,1.0,0.0,1.0,1.0,0.9626413197060095,1.0,1.0,1.0,0.0,0.0
3738,367a9fdb29038c66e,True,,,,,,,,,,1.0,1.0,0.5,1.0,0.723835325550396,1.0,0.0,1.0,1.0,0.39434926961724937
3739,2c8a8566b34a09b90,True,,,,,,,,,,1.0,0.0,1.0,1.0,1.0,1.0,1.0,1.0,0.0,0.0
3740,1ea195d959bce2d65,True,,,,,,,,,,0.0,1.0,0.0,1.0,1.0,0.0,0.0,1.0,1.0,0.0
3741,62bb22ff90b4ff60a,True,,,,,,,,,,1.0,1.0,1.0,1.0,0.49409292986451836,1.0,1.0,1.0,1.0,0.841904040582662
3742,d2e7ee3ace0b92dee,True,,,,,,,,,,1.0,0.0,1.0,1.0,0.7710946380224334,1.0,1.0,1.0,0.0,0.0
3743,ebfcdb01551105c49,True,,,,,,,,,,0.0,1.0,1.0,0.0,1.0,0.0,1.0,1.0,0.0,0.0
3744,0502403f486b71c32,True,,,,,,,,,,1.0,1.0,1.0,1.0,0.91052767410764,1.0,1.0,1.0,0.0,0.8470398981586376
3745,c356f7c7a4dfada23,True,,,,,,,,,,1.0,1.0,1.0,1.0,0.14187529174077754,1.0,0.0,1.0,1.0,0.606836028668993
3746,a9c1cde64b777a9e3,True,,,,,,,,,,1.0,1.0,1.0,1.0,1.0,1.0,0.0,1.0,1.0,0.875
3747,9afe3b5ff03c0b6bf,True,,,,,,,,,,1.0,1.0,1.0,1.0,1.0,1.0,1.0,1.0,0.0,0.875
3748,7b5998d0c96e5433a,True,,,,,,,,,,1.0,1.0,1.0,1.0,0.0,1.0,1.0,1.0,1.0,0.6875
3749,5907808b0fa7fc555,True,,,,,,,,,,1.0,1.0,1.0,1.0,0.45707206708359654,1.0,1.0,1.0,1.0,0.8303350209636239
3750,85ec4ed1a5648c678,True,,,,,,,,,,0.0,1.0,1.0,1.0,1.0,0.0,1.0,1.0,1.0,0.0
3751,8134b9f604787b2c1,True,,,,,,,,,,1.0,1.0,0.5,1.0,0.722813982426248,1.0,0.0,1.0,1.0,0.3941896847541012
3752,3c99b1ada8877591e,True,,,,,,,,,,1.0,1.0,1.0,1.0,1.0,1.0,1.0,1.0,1.0,1.0
3753,9e5efb38c692a4895,True,,,,,,,,,,1.0,1.0,1.0,1.0,0.7699645765579747,1.0,1.0,1.0,1.0,0.928113930174367
3754,9efffb1c9487faa89,True,,,,,,,,,,1.0,0.0,1.0,1.0,1.0,1.0,0.0,1.0,1.0,0.0
3755,729e2b3a6ce97a377,True,,,,,,,,,,1.0,1.0,1.0,1.0,0.8355233623547972,1.0,1.0,1.0,1.0,0.9486010507358742
3756,456c64c9a6cfefe27,True,,,,,,,,,,1.0,1.0,1.0,1.0,0.7140216216569534,1.0,0.0,1.0,1.0,0.785631756767798
3757,09eb15786b4c45a6b,True,,,,,,,,,,1.0,0.0,1.0,1.0,0.6700664368853768,1.0,1.0,1.0,1.0,0.0
3758,72decd6302c88fdf2,True,,,,,,,,,,0.5,0.0,0.0,1.0,1.0,0.0,0.0,1.0,0.0,0.0
3759,a3adc8c27da8f8689,True,,,,,,,,,,1.0,1.0,1.0,1.0,0.25148561103945144,1.0,1.0,1.0,1.0,0.7660892534498286
3760,7559939decc250054,True,,,,,,,,,,1.0,0.0,1.0,1.0,0.7528305181562055,1.0,1.0,1.0,0.0,0.0
3761,44028467a67d38460,True,,,,,,,,,,1.0,1.0,0.5,1.0,1.0,1.0,0.0,1.0,0.0,0.375
3762,a0dee764f3cd352e8,True,,,,,,,,,,1.0,1.0,1.0,1.0,0.9376522688241749,1.0,1.0,1.0,1.0,0.9805163340075547
3763,a7f6db3ebc16e5c7c,True,,,,,,,,,,1.0,1.0,1.0,1.0,0.697058037860331,1.0,1.0,1.0,0.0,0.7803306368313534
3764,f6807a15ef236a60e,True,,,,,,,,,,1.0,0.0,1.0,1.0,1.0,1.0,1.0,0.0,0.0,0.0
3765,af6a8ab4980429b3d,True,,,,,,,,,,1.0,1.0,1.0,1.0,0.7488326074500542,1.0,0.0,1.0,1.0,0.7965101898281419
3766,b46505d824967a9bc,True,,,,,,,,,,1.0,1.0,1.0,1.0,0.7338383534833666,1.0,1.0,1.0,0.0,0.7918244854635521
3767,5cf2681114e11d9c7,True,,,,,,,,,,0.0,1.0,1.0,1.0,1.0,0.0,1.0,1.0,1.0,0.0
3768,fcdbf5378a4eecdc5,True,,,,,,,,,,1.0,0.0,1.0,1.0,0.8223911038429055,1.0,1.0,1.0,0.0,0.0
3769,246f9bdfe24441b91,True,,,,,,,,,,1.0,1.0,1.0,1.0,1.0,1.0,1.0,1.0,0.0,0.875
3770,d6ae7a1180d77eafb,True,,,,,,,,,,1.0,1.0,1.0,1.0,0.6130070705589717,1.0,1.0,1.0,1.0,0.8790647095496786
3771,b58fa3cc9262a73d1,True,,,,,,,,,,0.0,1.0,1.0,1.0,1.0,0.0,1.0,1.0,1.0,0.0
3772,65340cec441efc0c2,True,,,,,,,,,,0.0,0.0,0.5,1.0,0.6493718264841117,0.0,1.0,1.0,0.0,0.0
3773,7b6a6c9c50efdcf85,True,,,,,,,,,,1.0,1.0,1.0,1.0,0.8190169405569515,1.0,1.0,1.0,1.0,0.9434427939240473
3774,493f02989c4ff9aac,True,,,,,,,,,,1.0,1.0,1.0,1.0,0.482781672608355,1.0,1.0,1.0,0.0,0.713369272690111
3775,5c24c6bed91b159e3,True,,,,,,,,,,1.0,1.0,1.0,1.0,1.0,1.0,0.0,1.0,1.0,0.875
3776,d44e744043dbb77b1,True,,,,,,,,,,1.0,1.0,1.0,1.0,0.5617292308909035,1.0,1.0,1.0,1.0,0.8630403846534074
3777,5065468cd60f1bc00,True,,,,,,,,,,1.0,1.0,1.0,1.0,1.0,1.0,1.0,1.0,0.0,0.875
3778,a34ac70446a543335,True,,,,,,,,,,1.0,1.0,1.0,1.0,0.20640103908265053,1.0,0.0,1.0,1.0,0.6270003247133282
3779,ff06d29f106ca64e4,True,,,,,,,,,,1.0,1.0,1.0,1.0,1.0,1.0,1.0,1.0,1.0,1.0
3780,53435e78f75ede28c,True,,,,,,,,,,1.0,1.0,1.0,1.0,1.0,1.0,1.0,1.0,0.0,0.875
3781,e96c4d87797ab96d1,True,,,,,,,,,,1.0,1.0,1.0,1.0,0.7812724422940046,1.0,1.0,1.0,1.0,0.9316476382168765
3782,d748c74cc9549b8fe,True,,,,,,,,,,1.0,1.0,1.0,1.0,0.23668572816308484,1.0,1.0,1.0,1.0,0.761464290050964
3783,3d0fbd6a6fbde5f86,True,,,,,,,,,,1.0,0.0,1.0,1.0,1.0,1.0,1.0,1.0,0.0,0.0
3784,a2c78b96705709dc4,True,,,,,,,,,,1.0,1.0,1.0,1.0,1.0,1.0,0.0,0.0,0.0,0.625
3785,0939026cbd6b9cc48,True,,,,,,,,,,1.0,1.0,1.0,1.0,0.5983360046581144,1.0,0.0,1.0,1.0,0.7494800014556607
3786,5216f5e0df50fa3bf,True,,,,,,,,,,1.0,1.0,0.0,1.0,1.0,1.0,0.0,1.0,0.0,0.0
3787,0f61f35dda061336d,True,,,,,,,,,,1.0,1.0,0.0,1.0,1.0,1.0,0.0,1.0,1.0,0.0
3788,29a8fd6439b689c2f,True,,,,,,,,,,1.0,1.0,1.0,1.0,0.8169847428608018,1.0,0.0,1.0,0.0,0.6928077321440005
3789,a2b6df5b32c01b3d9,True,,,,,,,,,,1.0,1.0,0.5,1.0,1.0,1.0,1.0,1.0,0.0,0.4375
3790,b0fd56183680b68ae,True,,,,,,,,,,1.0,0.0,1.0,1.0,1.0,0.0,0.0,0.0,0.0,0.0
3791,850d4a79f659a9740,True,,,,,,,,,,1.0,1.0,1.0,1.0,0.4541710173158341,1.0,1.0,1.0,1.0,0.8294284429111982
3792,c4a613ef81174337b,True,,,,,,,,,,1.0,0.0,1.0,1.0,1.0,1.0,0.0,1.0,0.0,0.0
3793,d25e0e0e384818845,True,,,,,,,,,,1.0,1.0,1.0,1.0,1.0,0.0,0.0,1.0,0.0,0.4375
3794,6f30da8067d92b503,True,,,,,,,,,,0.0,1.0,1.0,1.0,1.0,0.0,0.0,1.0,1.0,0.0
3795,0980084e5c33ab76e,True,,,,,,,,,,1.0,1.0,1.0,1.0,0.7411085465778551,1.0,1.0,1.0,0.0,0.7940964208055797
3796,70543352531547cfd,True,,,,,,,,,,1.0,0.0,0.5,1.0,1.0,1.0,0.0,1.0,0.0,0.0
3797,f1386d10ece58ca18,True,,,,,,,,,,1.0,1.0,1.0,1.0,0.751831266017869,1.0,0.0,1.0,1.0,0.7974472706305841
3798,7904bcffe314d0056,True,,,,,,,,,,1.0,0.0,1.0,1.0,1.0,1.0,0.0,1.0,1.0,0.0
3799,e4e521f407f1c30df,True,,,,,,,,,,0.0,1.0,1.0,1.0,1.0,0.0,1.0,1.0,1.0,0.0
3800,a19215a312654cd8f,True,,,,,,,,,,1.0,1.0,1.0,1.0,0.2978949127245519,1.0,1.0,1.0,1.0,0.7805921602264225
3801,575fcd78444e7124b,True,,,,,,,,,,1.0,0.0,0.0,1.0,1.0,1.0,1.0,0.0,0.0,0.0
3802,deaaf2b39c8541966,True,,,,,,,,,,1.0,0.0,1.0,1.0,0.27757590356087547,1.0,0.0,1.0,1.0,0.0
3803,3c7f6147a0608469d,True,,,,,,,,,,1.0,0.0,0.5,1.0,1.0,1.0,1.0,1.0,0.0,0.0
3804,5906874d0d863e9c0,True,,,,,,,,,,1.0,1.0,1.0,1.0,0.9052661272132768,1.0,1.0,1.0,1.0,0.970395664754149
3805,ff916ad047eb525de,True,,,,,,,,,,1.0,1.0,1.0,1.0,0.6191818317950972,1.0,1.0,1.0,1.0,0.8809943224359679
3806,49dbbe879efac0da9,True,,,,,,,,,,1.0,1.0,0.0,0.0,1.0,1.0,0.0,1.0,1.0,0.0
3807,14e4693cf0f1e04ff,True,,,,,,,,,,1.0,1.0,1.0,1.0,1.0,0.0,0.0,1.0,0.0,0.4375
3808,4ff5465a026db2df0,True,,,,,,,,,,0.0,1.0,1.0,1.0,0.8257201228074038,0.0,0.0,1.0,1.0,0.0
3809,1e6bc8862dcc8e9e0,True,,,,,,,,,,1.0,0.0,0.0,1.0,0.7537750295862534,1.0,0.0,1.0,0.0,0.0
3810,961c057965f6951d8,True,,,,,,,,,,1.0,1.0,1.0,1.0,0.8633631616347135,1.0,0.0,1.0,0.0,0.707300988010848
3811,883dbba6979f32ae3,True,,,,,,,,,,1.0,1.0,1.0,1.0,0.5659119930745797,1.0,1.0,1.0,1.0,0.8643474978358061
3812,6c762cea7e7e3f6b8,True,,,,,,,,,,0.0,1.0,1.0,1.0,1.0,0.0,1.0,1.0,1.0,0.0
3813,10e6f976d1a03f693,True,,,,,,,,,,1.0,1.0,1.0,1.0,0.9652369818598869,1.0,1.0,1.0,0.0,0.8641365568312147
3814,5b8b54ff77ea4777f,True,,,,,,,,,,1.0,0.0,1.0,1.0,0.41795795116681217,1.0,0.0,1.0,0.0,0.0
3815,4aaea4c50ce77a4de,True,,,,,,,,,,1.0,0.0,0.5,1.0,1.0,0.0,1.0,1.0,0.0,0.0
3816,436fb766823bdb92e,True,,,,,,,,,,1.0,1.0,1.0,1.0,0.3503273372697117,1.0,1.0,1.0,0.0,0.6719772928967849
3817,4470091fffca9e391,True,,,,,,,,,,0.0,1.0,1.0,1.0,1.0,0.0,1.0,1.0,1.0,0.0
3818,7abb624adfb880027,True,,,,,,,,,,1.0,1.0,1.0,1.0,0.4255510948779397,1.0,0.0,1.0,1.0,0.6954847171493561
3819,4f279eb5918287e64,True,,,,,,,,,,1.0,0.0,1.0,1.0,1.0,1.0,0.0,1.0,1.0,0.0
3820,fe021b72b8b0cf19e,True,,,,,,,,,,1.0,1.0,0.5,1.0,1.0,1.0,1.0,1.0,1.0,0.5
3821,b909db4a1499a9c5b,True,,,,,,,,,,1.0,1.0,1.0,1.0,0.804043530062298,1.0,1.0,1.0,0.0,0.8137636031444682
3822,004a5a808615d791d,True,,,,,,,,,,1.0,1.0,1.0,1.0,0.0,1.0,0.0,1.0,1.0,0.5625
3823,f455b09466a75b437,True,,,,,,,,,,0.0,1.0,1.0,1.0,1.0,0.0,1.0,1.0,1.0,0.0
3824,4aa85cd3f686e016d,True,,,,,,,,,,1.0,1.0,1.0,1.0,0.6245620904598986,1.0,1.0,1.0,1.0,0.8826756532687183
3825,4fa2e904e6a4504ba,True,,,,,,,,,,1.0,0.0,0.0,1.0,1.0,1.0,0.0,1.0,0.0,0.0
3826,cac2753c7c7b93847,True,,,,,,,,,,1.0,1.0,1.0,1.0,1.0,1.0,1.0,1.0,1.0,1.0
3827,6dbbdae0bdb3174ac,True,,,,,,,,,,1.0,1.0,1.0,1.0,0.5598281842184191,1.0,1.0,1.0,0.0,0.737446307568256
3828,25749b785814d5941,True,,,,,,,,,,1.0,1.0,1.0,1.0,0.9045263992086437,1.0,1.0,1.0,1.0,0.9701644997527012
3829,e5f171ef890e7a042,True,,,,,,,,,,1.0,1.0,1.0,1.0,0.2825017376545288,1.0,0.0,1.0,0.0,0.5257817930170403
3830,3d20ef43bc694566a,True,,,,,,,,,,1.0,1.0,1.0,1.0,1.0,1.0,0.0,1.0,0.0,0.75
3831,b6eff4db462e0b665,True,,,,,,,,,,1.0,1.0,1.0,1.0,0.3854474663753219,1.0,1.0,1.0,1.0,0.8079523332422881
3832,9b28f2e81fd405453,True,,,,,,,,,,1.0,0.0,0.5,1.0,0.597654930313151,1.0,1.0,1.0,1.0,0.0
3833,a481ac0055adbf0c2,True,,,,,,,,,,1.0,0.0,1.0,1.0,1.0,1.0,0.0,1.0,0.0,0.0
3834,c8d8656019a0cad0e,True,,,,,,,,,,1.0,1.0,1.0,1.0,0.8161957228621428,1.0,1.0,1.0,0.0,0.8175611633944196
3835,a1a5eeda367569815,True,,,,,,,,,,1.0,1.0,1.0,1.0,0.42476654139347636,1.0,1.0,1.0,1.0,0.8202395441854613
3836,a1852737c84ea03fc,True,,,,,,,,,,1.0,1.0,1.0,1.0,0.06452013596075397,1.0,1.0,1.0,1.0,0.7076625424877356
3837,2d98dd5a526780315,True,,,,,,,,,,1.0,1.0,0.0,1.0,1.0,1.0,1.0,1.0,1.0,0.0
3838,525d0548f3cf8685b,True,,,,,,,,,,0.0,1.0,1.0,1.0,1.0,0.0,0.0,0.0,0.0,0.0
3839,bf64cc8fd71cdc3d8,True,,,,,,,,,,1.0,1.0,1.0,1.0,0.8267693911690849,1.0,0.0,1.0,0.0,0.695865434740339
3840,94787bba8c2128445,True,,,,,,,,,,0.0,0.0,1.0,1.0,1.0,0.0,0.0,0.0,0.0,0.0
3841,daf6c56e39384e309,True,,,,,,,,,,1.0,1.0,1.0,1.0,0.682940716000693,1.0,1.0,1.0,0.0,0.7759189737502166
3842,24b6ddd9158c4bf2c,True,,,,,,,,,,1.0,1.0,1.0,1.0,0.736822185735671,1.0,1.0,1.0,1.0,0.9177569330423971
3843,fc75e772cd8a739f3,True,,,,,,,,,,1.0,0.0,1.0,1.0,1.0,1.0,1.0,1.0,1.0,0.0
3844,a173f7714495b0d29,True,,,,,,,,,,1.0,1.0,1.0,1.0,0.5738808248156284,1.0,1.0,1.0,1.0,0.8668377577548838
3845,7ee10c65aff66f1f6,True,,,,,,,,,,1.0,0.0,0.5,1.0,1.0,1.0,0.0,1.0,0.0,0.0
3846,80b51199c992e8e79,True,,,,,,,,,,1.0,1.0,1.0,1.0,0.7221474503136563,1.0,0.0,1.0,0.0,0.6631710782230176
3847,4ccd60de6eb6c50c6,True,,,,,,,,,,1.0,1.0,0.0,1.0,1.0,1.0,1.0,1.0,1.0,0.0
3848,4a263f9bce5d33176,True,,,,,,,,,,1.0,1.0,1.0,1.0,1.0,1.0,0.0,1.0,1.0,0.875
3849,f65fc2cd212c5af85,True,,,,,,,,,,0.0,1.0,1.0,1.0,1.0,0.0,0.0,0.0,0.0,0.0
3850,e306d6a4971bcbd83,True,,,,,,,,,,0.0,0.0,1.0,1.0,1.0,0.0,1.0,1.0,1.0,0.0
3851,ab09d2e92f141236c,True,,,,,,,,,,0.0,1.0,0.5,1.0,1.0,0.0,0.0,1.0,1.0,0.0
3852,3db39c7599f58de4d,True,,,,,,,,,,1.0,1.0,1.0,1.0,0.8553011668667669,1.0,0.0,1.0,0.0,0.7047816146458646
3853,6ad5915978b38db9e,True,,,,,,,,,,0.0,1.0,1.0,1.0,1.0,0.0,0.0,1.0,1.0,0.0
3854,fcfbdd618540644fa,True,,,,,,,,,,0.0,0.0,0.5,1.0,1.0,1.0,1.0,0.0,0.0,0.0
3855,394d8ba443460b0bf,True,,,,,,,,,,1.0,1.0,1.0,1.0,0.9513835134243959,1.0,1.0,1.0,1.0,0.9848073479451237
3856,9cbb06ac6bd21fc4c,True,,,,,,,,,,1.0,1.0,0.5,1.0,1.0,1.0,1.0,1.0,1.0,0.5
3857,1562459800e0a5ba5,True,,,,,,,,,,1.0,1.0,1.0,1.0,0.6917813386667675,1.0,1.0,1.0,0.0,0.7786816683333648
3858,a84f9dde85427d73a,True,,,,,,,,,,1.0,1.0,1.0,1.0,0.9650020701934013,1.0,1.0,1.0,1.0,0.9890631469354378
3859,dccd172b97cc9b305,True,,,,,,,,,,1.0,1.0,1.0,1.0,0.6168568112663616,1.0,1.0,1.0,0.0,0.7552677535207379
3860,e05ade0e231d4cf61,True,,,,,,,,,,0.0,1.0,1.0,0.0,1.0,0.0,1.0,0.0,0.0,0.0
3861,f5d454a22e5731c5a,True,,,,,,,,,,1.0,1.0,1.0,1.0,0.9354172147542777,1.0,1.0,1.0,0.0,0.8548178796107118
3862,67f2162f2fa5e2d76,True,,,,,,,,,,1.0,1.0,1.0,1.0,0.44040990954153386,1.0,1.0,1.0,0.0,0.7001280967317294
3863,dd0ed1239e6562358,True,,,,,,,,,,1.0,0.0,0.0,1.0,1.0,1.0,0.0,1.0,1.0,0.0
3864,f068d067b1949f364,True,,,,,,,,,,1.0,0.0,1.0,1.0,1.0,1.0,0.0,1.0,0.0,0.0
3865,53c6f9cae0f7a4cd1,True,,,,,,,,,,0.0,0.0,1.0,1.0,1.0,0.0,1.0,1.0,1.0,0.0
3866,4c3e13d3975af4927,True,,,,,,,,,,1.0,1.0,1.0,1.0,0.8122624087523128,1.0,1.0,1.0,1.0,0.9413320027350978
3867,7427abf44bb60ffa4,True,,,,,,,,,,1.0,1.0,1.0,1.0,0.6849133971125562,1.0,1.0,1.0,1.0,0.9015354365976738
3868,c8508736bb790cc27,True,,,,,,,,,,1.0,1.0,0.5,1.0,0.711652595624542,1.0,1.0,1.0,1.0,0.45494571806633466
3869,ab4161a99b49b3ba2,True,,,,,,,,,,1.0,1.0,1.0,1.0,0.6863476215544749,1.0,1.0,0.0,0.0,0.6519836317357735
3870,6139b967f50241e4f,True,,,,,,,,,,1.0,1.0,1.0,1.0,0.3490897295592276,1.0,0.0,1.0,1.0,0.6715905404872586
3871,6ac3abb0e9eb26113,True,,,,,,,,,,1.0,1.0,1.0,1.0,0.8991515715142248,1.0,0.0,1.0,0.0,0.7184848660981953
3872,4447196f3f8f1a9e5,True,,,,,,,,,,0.5,0.0,0.0,1.0,1.0,0.0,1.0,1.0,0.0,0.0
3873,deec5be8952223b5f,True,,,,,,,,,,1.0,1.0,1.0,1.0,0.8475841780987018,1.0,1.0,1.0,1.0,0.9523700556558443
3874,ff268d62e1e2110ec,True,,,,,,,,,,1.0,1.0,1.0,1.0,0.7944875844886837,1.0,0.0,1.0,1.0,0.8107773701527137
3875,c217a9de321bd6af3,True,,,,,,,,,,1.0,1.0,1.0,1.0,1.0,1.0,1.0,0.0,0.0,0.75
3876,01e51bacf68548cab,True,,,,,,,,,,0.0,1.0,1.0,1.0,1.0,0.0,0.0,1.0,1.0,0.0
3877,09fa657ef5c07d73d,True,,,,,,,,,,1.0,1.0,1.0,1.0,1.0,1.0,0.0,1.0,1.0,0.875
3878,27d64cbd86e07452b,True,,,,,,,,,,1.0,1.0,1.0,0.0,1.0,1.0,1.0,0.0,0.0,0.0
3879,8709b2e277d0597b6,True,,,,,,,,,,1.0,1.0,1.0,1.0,0.9928097704231315,1.0,1.0,1.0,0.0,0.8727530532572285
3880,1f8006333fa33abf2,True,,,,,,,,,,0.0,1.0,1.0,0.0,1.0,0.0,1.0,1.0,1.0,0.0
3881,b7b75d4d1f9b05cac,True,,,,,,,,,,1.0,1.0,1.0,1.0,0.6874116178870856,1.0,0.0,1.0,1.0,0.7773161305897143
3882,e1181167f5c790340,True,,,,,,,,,,1.0,1.0,1.0,1.0,0.7283926017171466,1.0,1.0,1.0,1.0,0.9151226880366083
3883,1b905261d3f70d1f0,True,,,,,,,,,,1.0,1.0,1.0,1.0,0.5239466827217417,1.0,1.0,1.0,0.0,0.7262333383505443
3884,d42ef26a98f8b0220,True,,,,,,,,,,1.0,1.0,1.0,1.0,1.0,1.0,1.0,1.0,1.0,1.0
3885,805995afc5d305912,True,,,,,,,,,,0.0,1.0,1.0,1.0,1.0,0.0,0.0,1.0,0.0,0.0
3886,2e5b938cd95f7cf83,True,,,,,,,,,,1.0,0.0,1.0,1.0,1.0,1.0,0.0,1.0,1.0,0.0
3887,b2a29ceff702c11c1,True,,,,,,,,,,1.0,1.0,1.0,1.0,0.9962388771251769,1.0,0.0,1.0,0.0,0.7488246491016177
3888,ab4e7191ed67b8ea4,True,,,,,,,,,,1.0,1.0,1.0,1.0,0.4689335808249844,1.0,1.0,1.0,0.0,0.7090417440078076
3889,f507ae7c610fe346a,True,,,,,,,,,,1.0,1.0,1.0,0.0,1.0,1.0,1.0,1.0,1.0,0.0
3890,f6d1ce467bb8ef333,True,,,,,,,,,,1.0,1.0,1.0,1.0,0.606219773589734,1.0,1.0,1.0,1.0,0.8769436792467918
3891,43bcce57368a6bbc8,True,,,,,,,,,,1.0,1.0,0.0,1.0,1.0,1.0,1.0,1.0,1.0,0.0
3892,6f0c6f5848fccc5d0,True,,,,,,,,,,1.0,1.0,1.0,1.0,0.7707574926291495,1.0,1.0,1.0,1.0,0.9283617164466093
3893,892680e2569238f20,True,,,,,,,,,,1.0,1.0,1.0,1.0,0.7728669864088357,1.0,0.0,1.0,1.0,0.8040209332527611
3894,255fdde0f485718e4,True,,,,,,,,,,0.0,0.0,1.0,1.0,1.0,0.0,0.0,1.0,1.0,0.0
3895,087f962c16ba01a4c,True,,,,,,,,,,1.0,1.0,1.0,1.0,1.0,1.0,0.0,1.0,0.0,0.75
3896,050eb5c5cd6081213,True,,,,,,,,,,1.0,0.0,1.0,1.0,0.5283296676524771,1.0,1.0,1.0,1.0,0.0
3897,46c89f59183915eba,True,,,,,,,,,,1.0,1.0,0.5,1.0,1.0,1.0,0.0,1.0,0.0,0.375
3898,2da594e725662f7c5,True,,,,,,,,,,1.0,1.0,1.0,1.0,0.3243889878867764,1.0,1.0,1.0,1.0,0.7888715587146176
3899,73bd1fde4cf4bbd5a,True,,,,,,,,,,0.0,1.0,1.0,0.0,1.0,0.0,0.0,1.0,0.0,0.0
3900,4f4120c32c9c42c47,True,,,,,,,,,,1.0,1.0,1.0,1.0,0.5804290187543963,1.0,1.0,1.0,1.0,0.8688840683607488
3901,769c42d02e0f583b2,True,,,,,,,,,,1.0,1.0,0.5,1.0,1.0,1.0,0.0,1.0,0.0,0.375
3902,923c60fcee28fff76,True,,,,,,,,,,1.0,1.0,1.0,1.0,0.12807019152056684,1.0,0.0,1.0,1.0,0.6025219348501771
3903,486ba1da3162e9265,True,,,,,,,,,,1.0,1.0,1.0,1.0,1.0,1.0,0.0,0.0,0.0,0.625
3904,99dfc5eae6278dfec,True,,,,,,,,,,1.0,1.0,0.0,1.0,0.783091219778662,0.0,0.0,1.0,0.0,0.0
3905,4cf3497675a6d22b9,True,,,,,,,,,,1.0,1.0,1.0,1.0,0.36495704404158225,1.0,0.0,1.0,1.0,0.6765490762629944
3906,85e4825cd9ff0b2e5,True,,,,,,,,,,0.0,1.0,1.0,1.0,1.0,0.0,0.0,1.0,1.0,0.0
3907,0f902fca1e990d9be,True,,,,,,,,,,1.0,0.0,1.0,1.0,1.0,1.0,1.0,1.0,1.0,0.0
3908,a60992b05822c13e5,True,,,,,,,,,,1.0,1.0,1.0,1.0,0.9602602843241003,1.0,0.0,1.0,1.0,0.8625813388512813
3909,2d73739d94bdfb12e,True,,,,,,,,,,0.0,1.0,1.0,1.0,1.0,0.0,0.0,1.0,0.0,0.0
3910,94a40142f4cb7e391,True,,,,,,,,,,1.0,0.0,1.0,1.0,1.0,1.0,0.0,1.0,0.0,0.0
3911,ef01e0a3e1ff9b43f,True,,,,,,,,,,1.0,1.0,1.0,1.0,0.8328563481904123,1.0,1.0,1.0,1.0,0.9477676088095038
3912,6d11863653324dee3,True,,,,,,,,,,1.0,1.0,1.0,1.0,1.0,1.0,0.0,1.0,0.0,0.75
3913,0ea9174f9cfe31c0d,True,,,,,,,,,,1.0,1.0,1.0,1.0,0.6213411905832623,1.0,1.0,1.0,1.0,0.8816691220572694
3914,bd0a7b8b83e474560,True,,,,,,,,,,1.0,1.0,1.0,1.0,0.867504836019525,1.0,0.0,1.0,1.0,0.8335952612561015
3915,e51cdc2544fd62fa6,True,,,,,,,,,,1.0,0.0,1.0,1.0,0.4980475727786763,1.0,0.0,1.0,0.0,0.0
3916,c09eaf80eb8a24e39,True,,,,,,,,,,1.0,1.0,1.0,1.0,0.7508697626295722,1.0,1.0,1.0,0.0,0.7971468008217413
3917,9d01fb3bc5ce52bd1,True,,,,,,,,,,1.0,1.0,1.0,1.0,0.8940160626551881,1.0,1.0,1.0,1.0,0.9668800195797462
3918,b3989347b7f24848c,True,,,,,,,,,,1.0,1.0,1.0,1.0,0.7884265410529956,1.0,1.0,1.0,1.0,0.9338832940790611
3919,5667ac6a20c2d6e51,True,,,,,,,,,,1.0,0.0,1.0,1.0,1.0,1.0,0.0,1.0,0.0,0.0
3920,ffdfaf1a850a4f6c0,True,,,,,,,,,,0.0,1.0,1.0,1.0,1.0,0.0,1.0,1.0,1.0,0.0
3921,4f6a928a2fd54c0ce,True,,,,,,,,,,0.5,1.0,1.0,1.0,1.0,0.0,1.0,1.0,1.0,0.34375
3922,af40e0723b46e7fed,True,,,,,,,,,,1.0,0.0,1.0,1.0,0.6918567867152766,0.0,0.0,1.0,1.0,0.0
3923,ba63d32eedc1457fd,True,,,,,,,,,,1.0,1.0,1.0,1.0,0.6213779576713602,1.0,1.0,1.0,1.0,0.8816806117723001
3924,8da51d4b0fa17ee9a,True,,,,,,,,,,1.0,1.0,1.0,1.0,0.8302603764197202,1.0,0.0,1.0,1.0,0.8219563676311625
3925,f6817999b4946e35c,True,,,,,,,,,,1.0,1.0,1.0,1.0,1.0,1.0,1.0,1.0,1.0,1.0
3926,beee26fb5719cdfcb,True,,,,,,,,,,1.0,1.0,1.0,0.0,1.0,1.0,1.0,0.0,0.0,0.0
3927,47b4f8325c08a9af6,True,,,,,,,,,,1.0,1.0,1.0,1.0,0.6969218677070599,1.0,0.0,1.0,1.0,0.7802880836584563
3928,1effe02b2af9680a9,True,,,,,,,,,,1.0,1.0,1.0,1.0,0.31336061681204574,1.0,0.0,1.0,1.0,0.6604251927537643
3929,ac3ff7df2071920ad,True,,,,,,,,,,1.0,1.0,1.0,1.0,1.0,1.0,0.0,1.0,1.0,0.875
3930,cb1939bb101889c17,True,,,,,,,,,,0.0,1.0,1.0,1.0,1.0,0.0,0.0,1.0,1.0,0.0
3931,fb069de5c1aacc9f5,True,,,,,,,,,,1.0,0.0,0.5,1.0,0.6128839027394475,1.0,0.0,1.0,0.0,0.0
3932,dd7c29b15f5cef89c,True,,,,,,,,,,1.0,1.0,1.0,1.0,0.8011405444174935,1.0,0.0,1.0,1.0,0.8128564201304667
3933,5bd3f77bfdb480b75,True,,,,,,,,,,1.0,1.0,1.0,1.0,1.0,1.0,1.0,1.0,0.0,0.875
3934,6df6f08cd7de3b69e,True,,,,,,,,,,1.0,1.0,1.0,1.0,0.7104939419887665,1.0,1.0,1.0,0.0,0.7845293568714895
3935,e02f0131e55e31509,True,,,,,,,,,,0.0,1.0,1.0,1.0,1.0,0.0,1.0,1.0,0.0,0.0
3936,1e345865d056e4812,True,,,,,,,,,,1.0,1.0,1.0,1.0,0.8194228337588666,1.0,0.0,1.0,0.0,0.6935696355496458
3937,c9502401d0ae63498,True,,,,,,,,,,1.0,0.0,0.0,1.0,1.0,1.0,0.0,1.0,0.0,0.0
3938,77174c66f10b6d7f9,True,,,,,,,,,,1.0,0.0,1.0,1.0,0.48744728167026535,1.0,1.0,1.0,1.0,0.0
3939,0c5705a24a60a8fd4,True,,,,,,,,,,1.0,1.0,1.0,1.0,0.7331709256651403,1.0,0.0,1.0,0.0,0.6666159142703564
3940,8f22304866f36485f,True,,,,,,,,,,1.0,1.0,1.0,1.0,0.5899243875044573,1.0,0.0,1.0,1.0,0.7468513710951429
3941,9ed233c4d30f0d7d9,True,,,,,,,,,,1.0,1.0,1.0,1.0,1.0,1.0,1.0,1.0,0.0,0.875
3942,e7c2b26b8d9679ed7,True,,,,,,,,,,1.0,1.0,1.0,1.0,0.44576780404529315,1.0,1.0,1.0,0.0,0.7018024387641542
3943,f44e7838ec7d4f843,True,,,,,,,,,,0.0,1.0,0.5,1.0,1.0,0.0,0.0,1.0,0.0,0.0
3944,d6427f6451b02059f,True,,,,,,,,,,1.0,1.0,1.0,1.0,0.8424318868166216,1.0,0.0,1.0,1.0,0.8257599646301943
3945,fb4312a55bc021d23,True,,,,,,,,,,1.0,1.0,1.0,1.0,0.027718118788869334,1.0,1.0,1.0,1.0,0.6961619121215217
3946,5e3a21657a7371a7a,True,,,,,,,,,,1.0,1.0,0.0,1.0,1.0,1.0,0.0,1.0,0.0,0.0
3947,32dff9c93368fc640,True,,,,,,,,,,1.0,0.0,1.0,1.0,1.0,1.0,0.0,1.0,1.0,0.0
3948,4e1acfe6d874f554d,True,,,,,,,,,,1.0,1.0,1.0,1.0,0.7362638146463877,1.0,1.0,1.0,0.0,0.7925824420769961
3949,ddea16ece1f071cc3,True,,,,,,,,,,1.0,1.0,1.0,1.0,0.8573509155964976,1.0,1.0,1.0,1.0,0.9554221611239055
3950,c71b26ad44d13d5a5,True,,,,,,,,,,0.0,1.0,1.0,1.0,1.0,0.0,1.0,1.0,0.0,0.0
3951,e92394471671ed533,True,,,,,,,,,,1.0,1.0,1.0,1.0,0.6303851269967434,0.0,0.0,1.0,1.0,0.44699535218648234
3952,f476792b1bd197fca,True,,,,,,,,,,1.0,1.0,1.0,1.0,0.32539096191261435,1.0,0.0,1.0,1.0,0.664184675597692
3953,d44cdc5b9b4da0e54,True,,,,,,,,,,1.0,1.0,1.0,1.0,0.39479712290362035,1.0,1.0,1.0,0.0,0.6858741009073813
3954,aecefddf9e7523945,True,,,,,,,,,,1.0,1.0,1.0,1.0,0.7365706108034439,1.0,1.0,1.0,0.0,0.7926783158760762
3955,377968d648e50daf0,True,,,,,,,,,,0.0,1.0,1.0,0.0,1.0,0.0,0.0,1.0,0.0,0.0
3956,8f669c4ed49b0595f,True,,,,,,,,,,1.0,0.0,1.0,1.0,0.667767828697377,1.0,1.0,1.0,1.0,0.0
3957,eeb34640b5657db25,True,,,,,,,,,,1.0,0.0,1.0,1.0,1.0,1.0,1.0,1.0,1.0,0.0
3958,230446b36041db9de,True,,,,,,,,,,0.0,1.0,1.0,1.0,0.7275970008617376,0.0,0.0,1.0,0.0,0.0
3959,50e8217a812643799,True,,,,,,,,,,1.0,1.0,1.0,1.0,0.7081835476561844,1.0,1.0,1.0,1.0,0.9088073586425576
3960,cfdd0359dacc8fea1,True,,,,,,,,,,1.0,1.0,1.0,1.0,0.7202010547426877,1.0,0.0,1.0,1.0,0.7875628296070899
3961,329089047f59e67fb,True,,,,,,,,,,1.0,1.0,1.0,1.0,1.0,1.0,0.0,1.0,0.0,0.75
3962,87f8776a408095eee,True,,,,,,,,,,1.0,1.0,1.0,1.0,0.5885854326774252,1.0,1.0,1.0,1.0,0.8714329477116953
3963,aae1bf6255a96ecbe,True,,,,,,,,,,1.0,1.0,1.0,1.0,1.0,1.0,1.0,1.0,0.0,0.875
3964,bb3d79c6ae2460067,True,,,,,,,,,,1.0,1.0,1.0,1.0,0.6652077953597993,1.0,1.0,1.0,0.0,0.7703774360499374
3965,23c9faa5c2360ed1f,True,,,,,,,,,,1.0,1.0,1.0,1.0,0.6572048967329198,1.0,1.0,1.0,1.0,0.8928765302290375
3966,29cd08f6390e4f790,True,,,,,,,,,,1.0,1.0,1.0,1.0,0.925589259818103,1.0,1.0,1.0,1.0,0.9767466436931572
3967,abeae7488b509687d,True,,,,,,,,,,1.0,1.0,0.5,1.0,0.9120692643873144,1.0,0.0,1.0,0.0,0.36126082256051784
3968,7db6e4bbd119fd8c7,True,,,,,,,,,,1.0,0.0,1.0,1.0,0.783665398939034,1.0,0.0,1.0,1.0,0.0
3969,95068a2e2c9c01e85,True,,,,,,,,,,1.0,1.0,1.0,1.0,0.7161535823049047,1.0,0.0,1.0,1.0,0.7862979944702827
3970,c40981d1d4e696de2,True,,,,,,,,,,1.0,1.0,1.0,1.0,0.6498825827077611,1.0,0.0,1.0,1.0,0.7655883070961753
3971,5b460729c6e5e42fd,True,,,,,,,,,,1.0,1.0,1.0,1.0,0.9701148069484858,1.0,1.0,1.0,0.0,0.8656608771714018
3972,08c4b293745d6aef6,True,,,,,,,,,,1.0,1.0,1.0,0.0,1.0,1.0,1.0,1.0,0.0,0.0
3973,c3ded6e25641b2068,True,,,,,,,,,,1.0,1.0,1.0,1.0,1.0,1.0,1.0,1.0,0.0,0.875
3974,53584220d24323201,True,,,,,,,,,,1.0,1.0,0.5,1.0,0.5525131016204553,1.0,0.0,1.0,1.0,0.36758017212819616
3975,1e843d54340d01971,True,,,,,,,,,,0.5,1.0,1.0,1.0,1.0,0.0,1.0,1.0,0.0,0.28125
3976,4011046e283cb0a28,True,,,,,,,,,,1.0,1.0,1.0,1.0,0.503129085443036,1.0,1.0,1.0,1.0,0.8447278392009487
3977,6f13146a94fc09b32,True,,,,,,,,,,1.0,1.0,0.5,1.0,0.6899070092557505,1.0,0.0,1.0,0.0,0.326547970196211
3978,ca4906fdbc82a1b29,True,,,,,,,,,,1.0,1.0,1.0,1.0,0.8219894331857549,1.0,1.0,1.0,1.0,0.9443716978705484
3979,b06305fffe2e19174,True,,,,,,,,,,1.0,1.0,0.0,1.0,0.6879685771007289,1.0,0.0,1.0,0.0,0.0
3980,d3fa0f358c6066f70,True,,,,,,,,,,1.0,1.0,1.0,1.0,0.1282080570833086,1.0,1.0,1.0,0.0,0.602565017838534
3981,fc6b7a66f2b28cca4,True,,,,,,,,,,0.0,1.0,1.0,1.0,1.0,0.0,0.0,1.0,0.0,0.0
3982,a9c58159eca823219,True,,,,,,,,,,1.0,1.0,1.0,1.0,1.0,1.0,1.0,1.0,1.0,1.0
3983,cfbef936343c3a937,True,,,,,,,,,,1.0,1.0,1.0,1.0,0.6208088901680967,1.0,0.0,1.0,1.0,0.7565027781775302
3984,a83b75532f5ded9db,True,,,,,,,,,,1.0,1.0,1.0,1.0,0.016620532233751845,1.0,0.0,1.0,1.0,0.5676939163230474
3985,66f45177e81fc8115,True,,,,,,,,,,1.0,1.0,1.0,1.0,0.7478240327337218,1.0,0.0,1.0,0.0,0.6711950102292881
3986,ae6ddb39ee6d093e7,True,,,,,,,,,,0.0,1.0,1.0,1.0,1.0,0.0,1.0,1.0,1.0,0.0
3987,76385bcb475cc16b8,True,,,,,,,,,,1.0,1.0,0.0,1.0,1.0,0.0,0.0,0.0,0.0,0.0
3988,78cbfd303e7f32efc,True,,,,,,,,,,1.0,1.0,1.0,1.0,1.0,1.0,0.0,1.0,1.0,0.875
3989,90c40a195012fa8ec,True,,,,,,,,,,1.0,0.0,0.5,1.0,1.0,1.0,0.0,1.0,1.0,0.0
3990,94c40772ee3c5ee01,True,,,,,,,,,,0.0,1.0,1.0,1.0,1.0,0.0,1.0,1.0,0.0,0.0
3991,8995bd04ab8959f6a,True,,,,,,,,,,0.0,0.0,1.0,1.0,1.0,0.0,1.0,1.0,0.0,0.0
3992,1cc31a1834f400ea1,True,,,,,,,,,,1.0,1.0,1.0,1.0,0.014641831725307941,1.0,0.0,1.0,1.0,0.5670755724141587
3993,94290de1a09e79e7b,True,,,,,,,,,,1.0,1.0,0.0,1.0,1.0,1.0,0.0,1.0,1.0,0.0
3994,5a73952aa052dbbce,True,,,,,,,,,,1.0,1.0,1.0,1.0,1.0,1.0,0.0,1.0,0.0,0.75
3995,aacc85e9299b2ee56,True,,,,,,,,,,1.0,0.0,0.0,1.0,1.0,1.0,1.0,1.0,0.0,0.0
3996,3df563a8c00556068,True,,,,,,,,,,1.0,1.0,1.0,1.0,0.31211251426945497,1.0,1.0,1.0,1.0,0.7850351607092046
3997,cdbe73e69b2aced1d,True,,,,,,,,,,1.0,1.0,1.0,1.0,0.5883882451249004,1.0,1.0,0.0,1.0,0.7463713266015314
3998,0dbe87a99ac3cd3e1,True,,,,,,,,,,1.0,0.0,1.0,1.0,1.0,1.0,0.0,1.0,1.0,0.0
3999,8cb5e32c7adc0ee45,True,,,,,,,,,,0.0,1.0,1.0,1.0,1.0,0.0,1.0,1.0,1.0,0.0
4000,0fd638d4d67935416,True,,,,,,,,,,0.0,1.0,1.0,0.0,1.0,0.0,1.0,1.0,0.0,0.0
4001,7acdb574f1a885262,True,,,,,,,,,,1.0,1.0,1.0,1.0,0.8463971450307496,1.0,0.0,1.0,1.0,0.8269991078221093
4002,1559b4629f70930e4,True,,,,,,,,,,1.0,1.0,1.0,1.0,0.8135699687125274,1.0,1.0,1.0,0.0,0.8167406152226648
4003,73277da7106839e94,True,,,,,,,,,,1.0,1.0,1.0,1.0,1.0,0.0,0.0,1.0,1.0,0.5625
4004,74a93e74eb8082fae,True,,,,,,,,,,0.0,1.0,1.0,1.0,1.0,0.0,0.0,1.0,1.0,0.0
4005,f2d69faa21d148235,True,,,,,,,,,,1.0,1.0,1.0,1.0,0.8648255423754099,1.0,1.0,1.0,1.0,0.9577579819923157
4006,b494d2dc15c7b315f,True,,,,,,,,,,1.0,1.0,1.0,1.0,1.0,1.0,0.0,1.0,1.0,0.875
4007,d8052b68418709942,True,,,,,,,,,,1.0,1.0,0.5,1.0,1.0,1.0,0.0,1.0,0.0,0.375
4008,32506dba644177a4e,True,,,,,,,,,,1.0,1.0,1.0,1.0,0.659646387738593,1.0,1.0,1.0,1.0,0.8936394961683103
4009,a0b761c6ddf3b5b92,True,,,,,,,,,,1.0,1.0,1.0,1.0,0.9791632671024847,1.0,0.0,1.0,0.0,0.7434885209695264
4010,d99b9f48dac697bf1,True,,,,,,,,,,1.0,1.0,1.0,1.0,0.8047485123205612,1.0,0.0,0.0,0.0,0.5639839101001753
4011,824d8ba46202fe8eb,True,,,,,,,,,,1.0,1.0,1.0,1.0,0.251850408871464,1.0,1.0,1.0,1.0,0.7662032527723325
4012,1e4fec4c7ed8b79e5,True,,,,,,,,,,1.0,1.0,1.0,1.0,0.49282049942988754,1.0,1.0,1.0,0.0,0.7165064060718398
4013,65bcd286d06e02669,True,,,,,,,,,,1.0,1.0,1.0,1.0,0.6800625092003326,1.0,1.0,1.0,0.0,0.7750195341251039
4014,102c820549ded1872,True,,,,,,,,,,1.0,1.0,0.5,1.0,1.0,1.0,0.0,1.0,1.0,0.4375
4015,7d026bbe1e37cd6bf,True,,,,,,,,,,1.0,1.0,1.0,1.0,0.4561025266340842,1.0,1.0,1.0,0.0,0.7050320395731513
4016,7338fea39e2bae90e,True,,,,,,,,,,1.0,1.0,1.0,1.0,0.9098277835638817,1.0,0.0,1.0,0.0,0.7218211823637131
4017,88f98f8020b3e0f5f,True,,,,,,,,,,1.0,1.0,1.0,1.0,1.0,1.0,0.0,0.0,0.0,0.625
4018,e8b0f787378ffb08f,True,,,,,,,,,,1.0,1.0,1.0,1.0,1.0,1.0,1.0,1.0,1.0,1.0
4019,7fe948a38f3a767fe,True,,,,,,,,,,1.0,1.0,0.0,1.0,1.0,1.0,0.0,1.0,0.0,0.0
4020,229930ba5820bb1b3,True,,,,,,,,,,1.0,0.0,0.0,1.0,1.0,1.0,0.0,1.0,1.0,0.0
4021,77bdbbf59381ce4d3,True,,,,,,,,,,1.0,1.0,1.0,1.0,0.0,1.0,0.0,1.0,0.0,0.4375
4022,3e552e543e3533e54,True,,,,,,,,,,1.0,1.0,1.0,1.0,0.6549689449859998,1.0,0.0,1.0,0.0,0.6421777953081249
4023,72ff49b38c26122d6,True,,,,,,,,,,1.0,0.0,1.0,1.0,0.6259138276480305,1.0,1.0,1.0,0.0,0.0
4024,d31445529f320e6e9,True,,,,,,,,,,1.0,1.0,1.0,1.0,1.0,1.0,1.0,1.0,1.0,1.0
4025,b6030dfa5349bcc9b,True,,,,,,,,,,1.0,1.0,1.0,1.0,0.9827504352443631,1.0,1.0,1.0,1.0,0.9946095110138635
4026,7f2c914bf8b40c7b7,True,,,,,,,,,,1.0,1.0,0.5,1.0,0.7001362174888403,1.0,1.0,1.0,0.0,0.3906462839826313
4027,f10788e83a50fa0b2,True,,,,,,,,,,1.0,1.0,1.0,1.0,0.6245152381969954,1.0,0.0,1.0,1.0,0.757661011936561
4028,9492d35704d8b1a15,True,,,,,,,,,,0.0,1.0,0.0,1.0,1.0,0.0,0.0,1.0,0.0,0.0
4029,fef836e429bc5768f,True,,,,,,,,,,1.0,1.0,1.0,1.0,0.5740514001101793,1.0,0.0,1.0,1.0,0.741891062534431
4030,342254f2ea2e57645,True,,,,,,,,,,1.0,1.0,1.0,1.0,0.3766986727132256,1.0,0.0,1.0,0.0,0.555218335222883
4031,bec0eb9fc0a02638a,True,,,,,,,,,,1.0,1.0,1.0,1.0,0.17292670282210398,1.0,1.0,1.0,1.0,0.7415395946319074
4032,566746c1b29ff6a10,True,,,,,,,,,,1.0,1.0,1.0,1.0,0.5048841471659682,1.0,0.0,1.0,1.0,0.720276295989365
4033,07d57ac58a266170f,True,,,,,,,,,,1.0,1.0,1.0,1.0,0.32852551975967126,1.0,0.0,1.0,1.0,0.6651642249248972
4034,b50c1c40b51d7211f,True,,,,,,,,,,1.0,1.0,1.0,1.0,0.19665436045354007,1.0,0.0,1.0,1.0,0.6239544876417313
4035,a71664743c9a3ca78,True,,,,,,,,,,1.0,1.0,1.0,1.0,0.8271854897161878,1.0,0.0,1.0,1.0,0.8209954655363088
4036,188fef8a871d3bb74,True,,,,,,,,,,0.0,1.0,0.0,1.0,1.0,0.0,0.0,1.0,0.0,0.0
4037,4239966d2e8490d01,True,,,,,,,,,,1.0,1.0,1.0,1.0,0.7247795477931691,1.0,0.0,1.0,0.0,0.6639936086853653
4038,937a8f24b8d3c456f,True,,,,,,,,,,0.0,1.0,1.0,1.0,1.0,0.0,0.0,1.0,1.0,0.0
4039,8e2e4ad26edbb4e08,True,,,,,,,,,,1.0,1.0,1.0,1.0,0.17406878355083244,1.0,1.0,1.0,1.0,0.7418964948596352
4040,c0581b1e56946d6c1,True,,,,,,,,,,0.0,1.0,1.0,1.0,0.40898049289347777,0.0,0.0,1.0,1.0,0.0
4041,6aa6cb2757b09918e,True,,,,,,,,,,1.0,1.0,1.0,1.0,1.0,1.0,0.0,1.0,0.0,0.75
4042,6eff7e6fb5d5bcf04,True,,,,,,,,,,1.0,1.0,1.0,1.0,0.846479710938225,1.0,1.0,1.0,0.0,0.8270249096681953
4043,0a61ab78c3fb6fbe9,True,,,,,,,,,,0.0,1.0,1.0,1.0,1.0,0.0,1.0,1.0,1.0,0.0
4044,ebf583743cf822ad6,True,,,,,,,,,,1.0,1.0,1.0,1.0,0.8520067834566948,1.0,0.0,1.0,0.0,0.7037521198302171
4045,e9751ea5c28dbd703,True,,,,,,,,,,0.0,1.0,1.0,1.0,0.18136785218108095,0.0,1.0,1.0,0.0,0.0
4046,73c0e8fd14908dce6,True,,,,,,,,,,1.0,1.0,1.0,1.0,1.0,1.0,1.0,1.0,0.0,0.875
4047,bc310295755fb7084,True,,,,,,,,,,1.0,0.0,1.0,1.0,0.9243007768222942,1.0,1.0,1.0,1.0,0.0
4048,d5b310b71bd0dd6fd,True,,,,,,,,,,1.0,1.0,1.0,1.0,0.5339071559251147,1.0,1.0,1.0,1.0,0.8543459862265983
4049,89fdadaeadc80221e,True,,,,,,,,,,0.0,1.0,1.0,1.0,1.0,0.0,1.0,1.0,0.0,0.0
4050,019450490101ebf1c,True,,,,,,,,,,1.0,1.0,1.0,1.0,1.0,1.0,0.0,1.0,0.0,0.75
4051,553cf28c0505a3ed6,True,,,,,,,,,,1.0,0.0,1.0,1.0,0.9600541862151469,1.0,0.0,1.0,0.0,0.0
4052,2940f44b99e0dfbcb,True,,,,,,,,,,0.0,1.0,1.0,1.0,1.0,0.0,0.0,1.0,1.0,0.0
4053,012fd1457eb78c56c,True,,,,,,,,,,1.0,0.0,1.0,1.0,1.0,1.0,0.0,1.0,0.0,0.0
4054,5dfa767630b9b975d,True,,,,,,,,,,1.0,0.0,1.0,1.0,0.8027021403054899,1.0,1.0,1.0,0.0,0.0
4055,393ebaed8cd47962e,True,,,,,,,,,,1.0,1.0,1.0,1.0,0.7702740773530975,1.0,1.0,1.0,1.0,0.928210649172843
4056,4c9f4af922d375f71,True,,,,,,,,,,0.0,1.0,1.0,1.0,0.766709597908877,0.0,0.0,1.0,0.0,0.0
4057,e0a3b2c921d0f6f6d,True,,,,,,,,,,1.0,1.0,1.0,1.0,1.0,1.0,1.0,1.0,0.0,0.875
4058,1500bcfee0aae247d,True,,,,,,,,,,1.0,1.0,1.0,1.0,0.7632172697838906,1.0,1.0,1.0,1.0,0.9260053968074657
4059,24a39936d6d41ac30,True,,,,,,,,,,1.0,1.0,0.5,1.0,1.0,1.0,0.0,1.0,1.0,0.4375
4060,6b0615242bd92eaed,True,,,,,,,,,,1.0,1.0,1.0,1.0,1.0,1.0,1.0,1.0,1.0,1.0
4061,c3a31672b53c086c7,True,,,,,,,,,,1.0,1.0,1.0,1.0,0.4513158533867611,1.0,0.0,1.0,1.0,0.7035362041833628
4062,c6834715d79ac54be,True,,,,,,,,,,0.0,1.0,1.0,1.0,1.0,0.0,1.0,1.0,1.0,0.0
4063,9f676ba5230d2ce0f,True,,,,,,,,,,1.0,1.0,1.0,1.0,1.0,1.0,1.0,1.0,1.0,1.0
4064,81f85141bab63b560,True,,,,,,,,,,1.0,1.0,1.0,1.0,1.0,1.0,1.0,1.0,0.0,0.875
4065,13c1bc44a34013f46,True,,,,,,,,,,1.0,1.0,0.0,1.0,1.0,1.0,0.0,1.0,1.0,0.0
4066,829b5dca21edece70,True,,,,,,,,,,1.0,1.0,1.0,1.0,0.6747853564687765,1.0,1.0,1.0,0.0,0.7733704238964927
4067,3e4a969700de7141a,True,,,,,,,,,,0.0,1.0,1.0,1.0,1.0,0.0,0.0,1.0,0.0,0.0
4068,bc686838d510dad87,True,,,,,,,,,,1.0,1.0,1.0,1.0,0.29992984489873303,1.0,0.0,1.0,1.0,0.6562280765308541
4069,edcd482f0136b535d,True,,,,,,,,,,1.0,1.0,1.0,1.0,0.5386346551380581,1.0,0.0,1.0,1.0,0.7308233297306431
4070,c21a8802e9c30c4ba,True,,,,,,,,,,1.0,1.0,0.5,1.0,0.6540836232389817,1.0,0.0,1.0,0.0,0.3209505661310909
4071,2c12490b19101760e,True,,,,,,,,,,1.0,1.0,1.0,1.0,0.40614093524310624,1.0,1.0,1.0,1.0,0.8144190422634707
4072,043b764789a077f63,True,,,,,,,,,,1.0,0.0,1.0,1.0,0.7390997775073762,1.0,1.0,1.0,1.0,0.0
4073,23d3fdeb556df092e,True,,,,,,,,,,1.0,1.0,1.0,1.0,0.8033694040490709,1.0,1.0,1.0,1.0,0.9385529387653346
4074,991fe7806bacdbaca,True,,,,,,,,,,0.0,1.0,1.0,1.0,1.0,0.0,1.0,1.0,0.0,0.0
4075,517aaa2753027db17,True,,,,,,,,,,1.0,1.0,1.0,1.0,0.4042554011376672,1.0,0.0,1.0,0.0,0.563829812855521
4076,8fb30375f6c972c38,True,,,,,,,,,,1.0,1.0,1.0,1.0,0.8664471547375291,1.0,0.0,1.0,1.0,0.8332647358554779
4077,ac979b78a3cdc5d39,True,,,,,,,,,,0.0,1.0,1.0,1.0,1.0,0.0,0.0,1.0,0.0,0.0
4078,81742324c5b46cc6f,True,,,,,,,,,,1.0,1.0,1.0,1.0,0.06764549743756293,1.0,0.0,1.0,1.0,0.5836392179492385
4079,39db66b6b4731fede,True,,,,,,,,,,1.0,1.0,1.0,1.0,0.9130168209652645,1.0,1.0,1.0,1.0,0.9728177565516452
4080,90641ae47d3a38ca0,True,,,,,,,,,,1.0,1.0,1.0,1.0,1.0,1.0,1.0,1.0,1.0,1.0
4081,30efc6f9cfe338bb8,True,,,,,,,,,,1.0,0.0,0.0,1.0,1.0,1.0,0.0,1.0,0.0,0.0
4082,977ccf108c51d43d0,True,,,,,,,,,,1.0,1.0,1.0,1.0,0.7335218866095219,1.0,1.0,1.0,0.0,0.7917255895654756
4083,344138bb06fa0b513,True,,,,,,,,,,1.0,0.0,1.0,1.0,1.0,1.0,1.0,1.0,1.0,0.0
4084,226f8f3910e177d34,True,,,,,,,,,,1.0,1.0,1.0,1.0,0.47165991418623254,1.0,1.0,1.0,1.0,0.8348937231831977
4085,19762a72ff72dc0cd,True,,,,,,,,,,1.0,0.0,1.0,1.0,0.6402117725686838,1.0,1.0,1.0,1.0,0.0
4086,18cf30de794bcf3f5,True,,,,,,,,,,1.0,1.0,0.5,1.0,1.0,1.0,0.0,1.0,1.0,0.4375
4087,6aa7e26a080e2bd09,True,,,,,,,,,,1.0,1.0,1.0,1.0,0.8595914959659307,1.0,1.0,1.0,1.0,0.9561223424893533
4088,28129e06d328f708d,True,,,,,,,,,,1.0,1.0,1.0,1.0,0.7545566969682889,1.0,1.0,0.0,0.0,0.6732989678025902
4089,284604b19e5b66780,True,,,,,,,,,,1.0,0.0,1.0,1.0,0.6606853980007943,1.0,1.0,1.0,1.0,0.0
4090,6808c5efa6976fe37,True,,,,,,,,,,1.0,1.0,1.0,1.0,0.21574617861900305,1.0,0.0,1.0,0.0,0.5049206808184384
4091,8e24bdf2be5da6777,True,,,,,,,,,,1.0,1.0,1.0,1.0,0.5022387649333208,1.0,0.0,1.0,1.0,0.7194496140416627
4092,bf23a089fb07a1891,True,,,,,,,,,,1.0,1.0,1.0,1.0,0.7437920960486806,1.0,0.0,1.0,0.0,0.6699350300152127
4093,6697b38b1d73777b9,True,,,,,,,,,,1.0,1.0,1.0,1.0,0.3317918576126891,1.0,1.0,1.0,1.0,0.7911849555039654
4094,def4466c6854eed10,True,,,,,,,,,,0.0,1.0,1.0,1.0,1.0,0.0,0.0,1.0,1.0,0.0
4095,e3e11c324948199da,True,,,,,,,,,,0.5,0.0,0.5,1.0,1.0,0.0,1.0,1.0,0.0,0.0
4096,8b017e76640de2142,True,,,,,,,,,,1.0,1.0,1.0,1.0,1.0,1.0,1.0,1.0,0.0,0.875
4097,aa52fd60e4fa0f00c,True,,,,,,,,,,1.0,1.0,1.0,1.0,0.8195548110429288,1.0,1.0,1.0,0.0,0.8186108784509152
4098,6b611802253a6f2c9,True,,,,,,,,,,1.0,1.0,1.0,1.0,0.7023139902177475,1.0,0.0,1.0,1.0,0.7819731219430461
4099,896888ec148c2c4cb,True,,,,,,,,,,0.0,1.0,1.0,1.0,0.8709968787314509,0.0,0.0,1.0,1.0,0.0
4100,55e61bb960bd1bfcd,True,,,,,,,,,,1.0,1.0,1.0,1.0,0.5161224993662706,0.0,0.0,1.0,0.0,0.2862882810519596
4101,bbc7311ff7a7c3e18,True,,,,,,,,,,1.0,1.0,1.0,1.0,0.06995411867370195,1.0,1.0,1.0,1.0,0.7093606620855318
4102,3fa85a7614a4df720,True,,,,,,,,,,1.0,1.0,1.0,1.0,0.8453360611768918,1.0,0.0,1.0,1.0,0.8266675191177787
4103,10b844b8db1d56b80,True,,,,,,,,,,1.0,1.0,1.0,1.0,0.702804495912721,1.0,0.0,1.0,1.0,0.7821264049727253
4104,9e6b3a8efae9904aa,True,,,,,,,,,,1.0,1.0,1.0,1.0,0.93981086698313,1.0,1.0,1.0,0.0,0.8561908959322282
4105,8befb288003901497,True,,,,,,,,,,1.0,0.0,1.0,1.0,1.0,1.0,1.0,1.0,0.0,0.0
4106,ff530ac4388942e42,True,,,,,,,,,,1.0,1.0,1.0,1.0,0.8091965041227575,1.0,1.0,1.0,1.0,0.9403739075383617
4107,397b093b8766274f9,True,,,,,,,,,,1.0,1.0,0.0,1.0,0.8169333709969863,1.0,0.0,1.0,1.0,0.0
4108,b7b7adbd3d2126b3f,True,,,,,,,,,,1.0,1.0,1.0,1.0,1.0,1.0,1.0,1.0,0.0,0.875
4109,aebf91cab56134486,True,,,,,,,,,,1.0,1.0,1.0,1.0,0.7788124212559306,1.0,0.0,1.0,1.0,0.8058788816424783
4110,e91ac9ef742425106,True,,,,,,,,,,1.0,1.0,1.0,1.0,0.5393036234975475,1.0,1.0,1.0,0.0,0.7310323823429836
4111,1c46609a6f85e1150,True,,,,,,,,,,1.0,1.0,1.0,1.0,0.6991853571643593,1.0,0.0,1.0,1.0,0.7809954241138622
4112,4689ca7c12d8569bc,True,,,,,,,,,,1.0,0.0,1.0,1.0,0.6475589886008792,1.0,1.0,1.0,1.0,0.0
4113,c95a60eebe3ab0adb,True,,,,,,,,,,1.0,1.0,1.0,1.0,0.4884907573108196,1.0,0.0,1.0,1.0,0.7151533616596311
4114,38de297bc8ae7c55e,True,,,,,,,,,,1.0,1.0,1.0,1.0,0.2102205987546655,1.0,1.0,1.0,1.0,0.7531939371108329
4115,917bf16baa9646d6c,True,,,,,,,,,,1.0,1.0,1.0,1.0,0.19855554135829018,1.0,1.0,1.0,1.0,0.7495486066744657
4116,3e56a32b74b50d827,True,,,,,,,,,,1.0,1.0,1.0,1.0,0.8628676512800569,1.0,1.0,1.0,0.0,0.8321461410250177
4117,08832f5c360f2e9d6,True,,,,,,,,,,0.5,0.0,1.0,1.0,1.0,0.0,1.0,0.0,0.0,0.0
4118,87e87ae4d5581f967,True,,,,,,,,,,1.0,1.0,1.0,1.0,0.28405643858163426,1.0,1.0,1.0,1.0,0.7762676370567607
4119,5e6d2cd10c8d3e867,True,,,,,,,,,,1.0,1.0,1.0,1.0,0.8589556727057374,1.0,0.0,1.0,1.0,0.830923647720543
4120,96d4eccd3044219d2,True,,,,,,,,,,1.0,1.0,1.0,1.0,0.5322162577813426,1.0,1.0,1.0,1.0,0.8538175805566696
4121,8d7f7a041d0f59275,True,,,,,,,,,,1.0,1.0,0.5,1.0,1.0,1.0,0.0,1.0,1.0,0.4375
4122,77154c328dbf81f67,True,,,,,,,,,,1.0,0.0,1.0,1.0,0.8264283656492888,1.0,1.0,1.0,1.0,0.0
4123,d7f69774de0c9938e,True,,,,,,,,,,1.0,0.0,1.0,1.0,0.7339607305155081,1.0,1.0,1.0,1.0,0.0
4124,9a5590594b11e4e0d,True,,,,,,,,,,1.0,1.0,1.0,1.0,0.9337931155253246,1.0,1.0,1.0,1.0,0.9793103486016639
4125,9a6ec5011d04fc0c9,True,,,,,,,,,,1.0,1.0,1.0,1.0,0.702862783490754,1.0,1.0,1.0,1.0,0.9071446198408606
4126,f1abd83315867c099,True,,,,,,,,,,1.0,1.0,1.0,1.0,0.4101965303483202,1.0,1.0,1.0,1.0,0.81568641573385
4127,9b4ae64ef14740be5,True,,,,,,,,,,0.0,1.0,1.0,1.0,1.0,0.0,0.0,1.0,0.0,0.0
4128,520f935b586e7b731,True,,,,,,,,,,1.0,1.0,1.0,1.0,1.0,1.0,0.0,1.0,0.0,0.75
4129,ddc0d9aad62836b90,True,,,,,,,,,,1.0,1.0,1.0,1.0,1.0,1.0,1.0,1.0,1.0,1.0
4130,2a3e8710c22275361,True,,,,,,,,,,1.0,1.0,1.0,1.0,0.4544158235432424,1.0,0.0,1.0,1.0,0.7045049448572632
4131,a3a4072d8e5ed009f,True,,,,,,,,,,1.0,1.0,1.0,1.0,0.6273964090071377,1.0,1.0,1.0,0.0,0.7585613778147305
4132,1dc0a8f14dc973a72,True,,,,,,,,,,0.0,1.0,1.0,1.0,1.0,0.0,1.0,1.0,0.0,0.0
4133,ee668b68ca31e7f56,True,,,,,,,,,,1.0,1.0,0.0,1.0,1.0,1.0,0.0,1.0,1.0,0.0
4134,3be7098579628f9d1,True,,,,,,,,,,0.0,1.0,1.0,1.0,1.0,0.0,1.0,1.0,1.0,0.0
4135,fd5d539436f5c5e86,True,,,,,,,,,,1.0,0.0,1.0,1.0,0.5370323401796575,1.0,1.0,1.0,1.0,0.0
4136,09217d8288feb5fad,True,,,,,,,,,,1.0,1.0,1.0,1.0,1.0,1.0,1.0,1.0,1.0,1.0
4137,8d969226c609be10d,True,,,,,,,,,,0.0,1.0,0.5,1.0,1.0,0.0,0.0,1.0,1.0,0.0
4138,9583f6043942f7590,True,,,,,,,,,,1.0,0.0,1.0,1.0,1.0,1.0,0.0,1.0,0.0,0.0
4139,0b1c3be99252f24af,True,,,,,,,,,,1.0,0.0,1.0,1.0,1.0,1.0,1.0,1.0,1.0,0.0
4140,dcea45b5db447124d,True,,,,,,,,,,0.0,0.0,1.0,1.0,1.0,0.0,0.0,1.0,1.0,0.0
4141,120c21d6c27040aa9,True,,,,,,,,,,1.0,1.0,1.0,1.0,0.6933391846418411,1.0,1.0,1.0,0.0,0.7791684952005753
4142,cf516d2c4d97e69a8,True,,,,,,,,,,0.5,0.0,0.5,1.0,1.0,0.0,0.0,1.0,1.0,0.0
4143,49f60cc575589f36c,True,,,,,,,,,,1.0,1.0,1.0,1.0,0.8689880275370793,1.0,1.0,1.0,1.0,0.9590587586053373
4144,1321cf37404d27e22,True,,,,,,,,,,1.0,1.0,0.0,1.0,1.0,1.0,0.0,1.0,1.0,0.0
4145,265a501fe44eb4a2e,True,,,,,,,,,,1.0,1.0,1.0,1.0,0.6810002511543768,1.0,1.0,1.0,1.0,0.9003125784857428
4146,74dc897cc60962fc0,True,,,,,,,,,,1.0,1.0,0.0,1.0,1.0,1.0,0.0,0.0,0.0,0.0
4147,d773ee01e5118e39d,True,,,,,,,,,,1.0,0.0,1.0,1.0,1.0,1.0,0.0,1.0,1.0,0.0
4148,0fda3e9ba0b83c4b2,True,,,,,,,,,,0.0,0.0,0.0,1.0,1.0,0.0,0.0,1.0,1.0,0.0
4149,d78e4f39396f3678e,True,,,,,,,,,,1.0,1.0,1.0,1.0,0.7059477493243465,1.0,1.0,1.0,1.0,0.9081086716638582
4150,808e6b707f608e2a9,True,,,,,,,,,,1.0,1.0,0.0,1.0,1.0,0.0,0.0,1.0,0.0,0.0
4151,2445e4f4ae3f0fc04,True,,,,,,,,,,0.0,1.0,1.0,1.0,1.0,1.0,0.0,1.0,1.0,0.0
4152,30b4066d1794ea8ff,True,,,,,,,,,,1.0,1.0,1.0,1.0,1.0,1.0,0.0,1.0,0.0,0.75
4153,b88788ff5a11cb94f,True,,,,,,,,,,1.0,1.0,1.0,1.0,0.1029405204411266,1.0,1.0,1.0,1.0,0.719668912637852
4154,b6f613e0c148d3e98,True,,,,,,,,,,1.0,1.0,1.0,1.0,0.6179186173183567,1.0,1.0,1.0,1.0,0.8805995679119865
4155,1977bcc474e42d28a,True,,,,,,,,,,1.0,1.0,1.0,1.0,0.7569502995224009,1.0,0.0,1.0,1.0,0.7990469686007503
4156,339ecba374c29a3ea,True,,,,,,,,,,1.0,1.0,1.0,1.0,0.706711824416604,1.0,1.0,1.0,1.0,0.9083474451301887
4157,52273aa3c8bd19695,True,,,,,,,,,,1.0,1.0,1.0,1.0,1.0,1.0,1.0,1.0,1.0,1.0
4158,76d9e9afdcf9204ad,True,,,,,,,,,,1.0,0.0,1.0,1.0,1.0,1.0,1.0,1.0,1.0,0.0
4159,948ee6f4ce68f4290,True,,,,,,,,,,1.0,1.0,1.0,1.0,0.9159876240294397,1.0,1.0,1.0,1.0,0.9737461325091998
4160,a9a2a4ccbd1a06bee,True,,,,,,,,,,1.0,1.0,1.0,1.0,0.9634857751060225,1.0,1.0,1.0,0.0,0.863589304720632
4161,c13e406734b95eb11,True,,,,,,,,,,1.0,1.0,1.0,1.0,0.6973914078771051,1.0,1.0,1.0,1.0,0.9054348149615954
4162,6abfaa7acf5d00640,True,,,,,,,,,,1.0,1.0,1.0,1.0,0.8666140733951675,1.0,1.0,1.0,1.0,0.9583168979359898
4163,33d8d746c34cd7fc0,True,,,,,,,,,,1.0,1.0,1.0,1.0,0.3258697233531299,0.0,1.0,1.0,1.0,0.4768342885478531
4164,7f153f8005d6de1fa,True,,,,,,,,,,1.0,0.0,0.0,1.0,1.0,1.0,0.0,1.0,0.0,0.0
4165,92bb9ea2567e28fca,True,,,,,,,,,,1.0,1.0,1.0,1.0,0.946384930994868,1.0,1.0,1.0,1.0,0.9832452909358962
4166,c19a21525d410c990,True,,,,,,,,,,0.0,1.0,1.0,1.0,1.0,0.0,1.0,1.0,1.0,0.0
4167,e6ff8ec91b67a0256,True,,,,,,,,,,1.0,1.0,1.0,1.0,0.733862362785815,1.0,1.0,1.0,0.0,0.7918319883705671
4168,bc012430feac631cb,True,,,,,,,,,,1.0,1.0,1.0,1.0,0.8236612500703706,1.0,0.0,1.0,1.0,0.8198941406469908
4169,ab9b0531b8d7800ce,True,,,,,,,,,,1.0,0.0,1.0,1.0,1.0,1.0,0.0,1.0,0.0,0.0
4170,6a3bedd49247610ca,True,,,,,,,,,,1.0,1.0,0.0,1.0,1.0,1.0,0.0,1.0,0.0,0.0
4171,e9738336730d6755b,True,,,,,,,,,,1.0,0.0,1.0,1.0,1.0,1.0,0.0,1.0,0.0,0.0
4172,10591acdd773264c9,True,,,,,,,,,,1.0,0.0,0.5,1.0,1.0,1.0,1.0,1.0,0.0,0.0
4173,95f89994ef4b0b0e3,True,,,,,,,,,,1.0,1.0,1.0,1.0,0.8741184799799798,1.0,0.0,1.0,1.0,0.8356620249937436
4174,56a96ee7abd76ab13,True,,,,,,,,,,1.0,1.0,1.0,1.0,1.0,1.0,0.0,1.0,1.0,0.875
4175,debbba18b341ebebb,True,,,,,,,,,,1.0,0.0,1.0,1.0,0.5831822980567336,1.0,0.0,1.0,0.0,0.0
4176,fb84b929b3de63176,True,,,,,,,,,,1.0,1.0,1.0,1.0,0.28087297493493135,1.0,0.0,1.0,1.0,0.6502728046671661
4177,7387fd37f78f3fd39,True,,,,,,,,,,1.0,1.0,1.0,1.0,0.782213613110519,1.0,1.0,1.0,1.0,0.9319417540970372
4178,f822b7fedd599ccea,True,,,,,,,,,,1.0,0.0,1.0,1.0,1.0,1.0,0.0,1.0,0.0,0.0
4179,da5a71cf5abef95d8,True,,,,,,,,,,1.0,1.0,1.0,1.0,0.7803642635238599,1.0,0.0,1.0,1.0,0.8063638323512062
4180,0d3be86b0d2db1b32,True,,,,,,,,,,1.0,1.0,1.0,1.0,0.4809571223445198,1.0,1.0,1.0,1.0,0.8377991007326624
4181,cdee605a7b8acd418,True,,,,,,,,,,1.0,1.0,1.0,1.0,0.746108154757556,1.0,1.0,1.0,1.0,0.9206587983617363
4182,8499ef24e45dc8fa6,True,,,,,,,,,,1.0,0.0,0.0,1.0,1.0,1.0,0.0,1.0,1.0,0.0
4183,3de4e2683ea8699d4,True,,,,,,,,,,1.0,1.0,1.0,1.0,0.2731111894091102,1.0,1.0,1.0,0.0,0.6478472466903469
4184,86cf77209e00173f3,True,,,,,,,,,,1.0,1.0,1.0,1.0,0.5335124185036385,1.0,0.0,1.0,0.0,0.604222630782387
4185,e5e284a0009e877d9,True,,,,,,,,,,1.0,0.0,0.0,1.0,1.0,1.0,0.0,1.0,0.0,0.0
4186,1f4df83dd9414d0c4,True,,,,,,,,,,1.0,1.0,1.0,1.0,0.7933921974204166,1.0,0.0,1.0,1.0,0.8104350616938802
4187,cc7eeb6ef4e923a61,True,,,,,,,,,,1.0,1.0,0.0,1.0,1.0,1.0,0.0,1.0,0.0,0.0
4188,9fb82728bb72ae665,True,,,,,,,,,,0.0,1.0,1.0,1.0,1.0,0.0,0.0,1.0,1.0,0.0
4189,cb9eb4dbe16a93d2e,True,,,,,,,,,,1.0,1.0,1.0,1.0,0.675143459832013,0.0,1.0,1.0,1.0,0.5859823311975041
4190,2c1063aa4f44cf5f4,True,,,,,,,,,,1.0,1.0,0.5,1.0,1.0,1.0,0.0,1.0,0.0,0.375
4191,4ce14eab81ed439f2,True,,,,,,,,,,1.0,1.0,1.0,1.0,0.7484982687907579,1.0,0.0,1.0,1.0,0.7964057089971118
4192,35cc09d55a37ee702,True,,,,,,,,,,1.0,1.0,1.0,1.0,0.7221467320040003,1.0,1.0,1.0,0.0,0.7881708537512501
4193,82bb73b09ea17fb1a,True,,,,,,,,,,1.0,1.0,1.0,1.0,0.5613867818367605,1.0,1.0,1.0,0.0,0.7379333693239877
4194,9450ae84450a77fc4,True,,,,,,,,,,1.0,1.0,1.0,1.0,1.0,1.0,0.0,1.0,0.0,0.75
4195,feff8b53a0025b738,True,,,,,,,,,,1.0,1.0,1.0,1.0,0.8506190531983261,1.0,0.0,1.0,1.0,0.8283184541244769
4196,53ceaabb1364b9424,True,,,,,,,,,,1.0,1.0,1.0,1.0,0.9357417183881189,1.0,1.0,1.0,0.0,0.8549192869962872
4197,0f71d78f15a2628a4,True,,,,,,,,,,1.0,0.0,1.0,1.0,1.0,1.0,0.0,1.0,0.0,0.0
4198,dab873d7c23152d34,True,,,,,,,,,,1.0,1.0,1.0,1.0,0.981212971861365,1.0,0.0,1.0,1.0,0.8691290537066766
4199,b1446d3c05a5f7c0a,True,,,,,,,,,,1.0,0.0,0.0,1.0,1.0,1.0,0.0,1.0,0.0,0.0
4200,d4ded05eeb073e97b,True,,,,,,,,,,0.5,0.0,0.5,1.0,1.0,0.0,0.0,1.0,1.0,0.0
4201,8e1bbd443f815b48a,True,,,,,,,,,,0.0,0.0,1.0,1.0,1.0,0.0,1.0,1.0,1.0,0.0
4202,e20ec0633fcd9af94,True,,,,,,,,,,1.0,0.0,1.0,1.0,0.7276414207784895,1.0,1.0,1.0,0.0,0.0
4203,241e8b27fb85d3e53,True,,,,,,,,,,1.0,1.0,1.0,1.0,1.0,1.0,1.0,1.0,1.0,1.0
4204,7d44659c706a23779,True,,,,,,,,,,0.0,1.0,1.0,1.0,1.0,0.0,0.0,1.0,0.0,0.0
4205,e774d1b87b07638c4,True,,,,,,,,,,1.0,1.0,1.0,1.0,1.0,1.0,1.0,1.0,1.0,1.0
4206,f3e7c306d8f0e2898,True,,,,,,,,,,0.0,1.0,0.0,1.0,1.0,0.0,0.0,1.0,1.0,0.0
4207,a33c0d08df145dd4a,True,,,,,,,,,,0.0,1.0,1.0,1.0,1.0,0.0,1.0,1.0,1.0,0.0
4208,2efb8ce9a842354c8,True,,,,,,,,,,1.0,1.0,1.0,1.0,0.811071396919809,1.0,1.0,1.0,0.0,0.8159598115374402
4209,6995c156a66d6a8ee,True,,,,,,,,,,1.0,0.0,1.0,1.0,0.9846049245277824,1.0,1.0,1.0,0.0,0.0
4210,e6d32880a78e81ea9,True,,,,,,,,,,1.0,1.0,1.0,1.0,0.9411235806204354,1.0,1.0,1.0,1.0,0.981601118943886
4211,fd2d5da64073721d2,True,,,,,,,,,,1.0,1.0,0.5,1.0,0.710045050640434,1.0,0.0,1.0,1.0,0.3921945391625678
4212,ba2d0c2b1a0d13a74,True,,,,,,,,,,1.0,0.0,0.0,1.0,1.0,1.0,0.0,1.0,0.0,0.0
4213,2732f280ebb7e46da,True,,,,,,,,,,1.0,1.0,1.0,1.0,0.1743711804263519,1.0,0.0,1.0,1.0,0.616990993883235
4214,be1d5bdbfc0e6edc2,True,,,,,,,,,,1.0,1.0,1.0,1.0,0.8016682396806428,1.0,0.0,1.0,1.0,0.813021324900201
4215,0dd1d00f6d1725ec3,True,,,,,,,,,,1.0,1.0,1.0,1.0,1.0,1.0,1.0,1.0,1.0,1.0
4216,93bb489a18cbb6868,True,,,,,,,,,,1.0,0.0,0.0,1.0,1.0,1.0,0.0,1.0,1.0,0.0
4217,fff510b0ac67a1e0a,True,,,,,,,,,,1.0,1.0,1.0,1.0,0.16457365943991042,1.0,0.0,1.0,0.0,0.488929268574972
4218,e013e127e2126bb32,True,,,,,,,,,,1.0,1.0,0.5,1.0,1.0,1.0,1.0,1.0,0.0,0.4375
4219,e0fd3073c76ba643d,True,,,,,,,,,,1.0,1.0,1.0,1.0,0.6166212271524326,1.0,1.0,1.0,1.0,0.8801941334851352
4220,c3200abf96a354efa,True,,,,,,,,,,1.0,0.0,1.0,1.0,0.3937503502299564,1.0,1.0,1.0,1.0,0.0
4221,d3a6f863fceaf4d0e,True,,,,,,,,,,1.0,1.0,1.0,1.0,0.8411521495479691,0.0,1.0,1.0,1.0,0.6378600467337403
4222,6e060f8eb067a3b37,True,,,,,,,,,,1.0,1.0,0.0,1.0,1.0,1.0,0.0,1.0,1.0,0.0
4223,2f676101d71e92b1b,True,,,,,,,,,,1.0,1.0,1.0,1.0,0.05585208581161248,1.0,1.0,1.0,1.0,0.7049537768161289
4224,f69feac0ce4643512,True,,,,,,,,,,1.0,1.0,1.0,1.0,0.8468738149740905,1.0,1.0,1.0,1.0,0.9521480671794034
4225,4cf1e96869318f4da,True,,,,,,,,,,1.0,0.0,1.0,1.0,1.0,1.0,1.0,1.0,0.0,0.0
4226,645751bf568658675,True,,,,,,,,,,1.0,1.0,1.0,1.0,0.2655263440159426,1.0,0.0,1.0,0.0,0.5204769825049821
4227,ed6d05f676ec3069b,True,,,,,,,,,,1.0,1.0,1.0,1.0,0.7508697626295722,1.0,1.0,1.0,0.0,0.7971468008217413
4228,58529df281ddba3bc,True,,,,,,,,,,1.0,1.0,1.0,1.0,0.20833405921909615,1.0,1.0,1.0,1.0,0.7526043935059675
4229,418477a920a7da811,True,,,,,,,,,,1.0,1.0,1.0,1.0,0.6414889883510343,1.0,1.0,1.0,0.0,0.7629653088596982
4230,37744feedc918aa7b,True,,,,,,,,,,0.5,1.0,1.0,1.0,1.0,0.0,1.0,0.0,0.0,0.21875
4231,2c41c5664b187598f,True,,,,,,,,,,1.0,0.0,1.0,1.0,1.0,1.0,1.0,1.0,0.0,0.0
4232,9c091b0cc6c49fd2a,True,,,,,,,,,,1.0,1.0,0.5,1.0,0.7982314183784213,0.0,0.0,0.0,0.0,0.12472365912162832
4233,e52b7d36af99f123d,True,,,,,,,,,,1.0,1.0,1.0,1.0,0.7203732862687113,1.0,1.0,1.0,0.0,0.7876166519589722
4234,ac3a27db9ffc981a6,True,,,,,,,,,,1.0,1.0,1.0,1.0,0.8617481368672354,1.0,1.0,1.0,1.0,0.9567962927710111
4235,dbde88bcc1367bd88,True,,,,,,,,,,1.0,1.0,1.0,1.0,1.0,1.0,1.0,1.0,0.0,0.875
4236,bc07273c020da88b3,True,,,,,,,,,,1.0,1.0,1.0,1.0,0.8217284820983286,1.0,1.0,1.0,0.0,0.8192901506557277
4237,01fd6ca416dc0630c,True,,,,,,,,,,1.0,0.0,0.0,1.0,1.0,1.0,0.0,1.0,1.0,0.0
4238,0437e4fe123ba7e19,True,,,,,,,,,,1.0,1.0,1.0,1.0,0.0,1.0,1.0,1.0,1.0,0.6875
4239,9e0949ca46f2a4a49,True,,,,,,,,,,1.0,1.0,1.0,1.0,0.6326110580083459,1.0,1.0,1.0,1.0,0.8851909556276081
4240,1770d226b1fbdf6a2,True,,,,,,,,,,1.0,1.0,1.0,1.0,0.4963410086860588,1.0,0.0,1.0,0.0,0.5926065652143934
4241,f2093ddb02711422c,True,,,,,,,,,,0.0,1.0,1.0,1.0,1.0,0.0,0.0,1.0,1.0,0.0
4242,3d9b28f26222924ba,True,,,,,,,,,,1.0,1.0,1.0,1.0,1.0,1.0,0.0,1.0,0.0,0.75
4243,d3a043b81ea9596cd,True,,,,,,,,,,1.0,1.0,1.0,1.0,1.0,1.0,0.0,1.0,1.0,0.875
4244,0f6d4f139537fd8c3,True,,,,,,,,,,1.0,1.0,1.0,1.0,1.0,0.0,1.0,1.0,0.0,0.5625
4245,11b6577b5cc201594,True,,,,,,,,,,0.0,1.0,1.0,1.0,1.0,0.0,1.0,1.0,1.0,0.0
4246,d4b7ede155f05dff3,True,,,,,,,,,,1.0,0.0,0.5,1.0,1.0,1.0,0.0,0.0,0.0,0.0
4247,ff77cf6e6c1e73c86,True,,,,,,,,,,1.0,1.0,1.0,1.0,0.697162062230496,1.0,0.0,1.0,1.0,0.78036314444703
4248,c91d6633fc0516a81,True,,,,,,,,,,1.0,1.0,1.0,1.0,0.0770986467090081,1.0,1.0,1.0,1.0,0.7115933270965651
4249,a0a8ed182426d3f05,True,,,,,,,,,,1.0,1.0,1.0,1.0,0.87263712537421,1.0,1.0,1.0,1.0,0.9601991016794407
4250,e2d44e550396a6802,True,,,,,,,,,,1.0,1.0,1.0,1.0,0.9913211095720845,1.0,1.0,1.0,1.0,0.9972878467412765
4251,f6c5e4b7769ddda20,True,,,,,,,,,,1.0,1.0,1.0,1.0,1.0,1.0,1.0,1.0,1.0,1.0
4252,c02fa35875ea4e3e1,True,,,,,,,,,,1.0,1.0,1.0,1.0,0.7300332105495435,1.0,1.0,1.0,1.0,0.9156353782967324
4253,2ad6d15da5c47d1be,True,,,,,,,,,,1.0,0.0,1.0,1.0,0.7453994122229983,1.0,1.0,1.0,1.0,0.0
4254,7098c40dee5929017,True,,,,,,,,,,0.0,1.0,1.0,1.0,1.0,0.0,0.0,1.0,0.0,0.0
4255,947f38ffbc0854bac,True,,,,,,,,,,1.0,1.0,1.0,1.0,1.0,1.0,1.0,1.0,1.0,1.0
4256,b60c0ec16d57413b5,True,,,,,,,,,,1.0,0.0,0.0,1.0,1.0,1.0,0.0,1.0,0.0,0.0
4257,b74ed296010c24598,True,,,,,,,,,,0.0,1.0,1.0,0.0,1.0,0.0,1.0,1.0,1.0,0.0
4258,083ca0b9e4853254e,True,,,,,,,,,,0.0,0.0,1.0,1.0,1.0,0.0,0.0,1.0,0.0,0.0
4259,319a6165fd328e03e,True,,,,,,,,,,0.5,0.0,1.0,1.0,1.0,0.0,1.0,1.0,1.0,0.0
4260,fa38f3940f913e8fd,True,,,,,,,,,,1.0,0.0,1.0,1.0,1.0,1.0,0.0,1.0,0.0,0.0
4261,0f675cf0cf0417413,True,,,,,,,,,,0.0,0.0,1.0,1.0,1.0,0.0,0.0,1.0,1.0,0.0
4262,e5c6c91f1d3892636,True,,,,,,,,,,1.0,1.0,1.0,1.0,0.41305122618510853,1.0,1.0,1.0,1.0,0.8165785081828464
4263,71755f3b7a0b20f35,True,,,,,,,,,,0.0,0.0,1.0,1.0,1.0,0.0,1.0,1.0,1.0,0.0
4264,f5c8d07f9fe6a3b4d,True,,,,,,,,,,0.0,1.0,1.0,0.0,1.0,0.0,1.0,0.0,0.0,0.0
4265,fe05597461d3229f2,True,,,,,,,,,,1.0,1.0,1.0,1.0,0.351119836554516,1.0,1.0,1.0,1.0,0.7972249489232863
4266,f48375618b581af7d,True,,,,,,,,,,1.0,0.0,0.5,1.0,1.0,1.0,1.0,0.0,0.0,0.0
4267,7e241b2390105cdb3,True,,,,,,,,,,1.0,1.0,1.0,1.0,0.7309504110737636,1.0,0.0,1.0,1.0,0.7909220034605511
4268,cffdc69f30e1aeda2,True,,,,,,,,,,1.0,1.0,1.0,1.0,0.9568198071282665,1.0,1.0,1.0,1.0,0.9865061897275833
4269,b479708037b5c5d7c,True,,,,,,,,,,1.0,1.0,1.0,1.0,0.9672347645234466,1.0,1.0,1.0,1.0,0.9897608639135771
4270,e1c30e4d72a0c6a35,True,,,,,,,,,,0.0,1.0,0.5,1.0,1.0,0.0,0.0,1.0,1.0,0.0
4271,fdef069dff8b15c66,True,,,,,,,,,,0.0,1.0,1.0,1.0,1.0,0.0,1.0,1.0,0.0,0.0
4272,661c4fdee268dcb1e,True,,,,,,,,,,1.0,1.0,1.0,1.0,0.9534746372558184,1.0,1.0,1.0,1.0,0.9854608241424432
4273,83316d588a0204528,True,,,,,,,,,,1.0,1.0,1.0,1.0,1.0,1.0,1.0,1.0,1.0,1.0
4274,7db61b66f69a92843,True,,,,,,,,,,1.0,0.0,1.0,1.0,0.6557598999241787,1.0,1.0,1.0,0.0,0.0
4275,d0edf77b02ddc46df,True,,,,,,,,,,1.0,1.0,0.0,1.0,1.0,1.0,0.0,1.0,0.0,0.0
4276,d2abdf59c161f4eef,True,,,,,,,,,,1.0,1.0,1.0,1.0,1.0,1.0,0.0,0.0,0.0,0.625
4277,223f276058256f999,True,,,,,,,,,,1.0,1.0,1.0,1.0,0.7193991062439085,1.0,0.0,1.0,0.0,0.6623122207012214
4278,e4755b06844a3bf92,True,,,,,,,,,,1.0,1.0,0.0,1.0,1.0,1.0,0.0,1.0,1.0,0.0
4279,c5555e6107565ea71,True,,,,,,,,,,1.0,0.0,1.0,1.0,0.6113852184796581,1.0,0.0,1.0,0.0,0.0
4280,1cba72845abd54b1e,True,,,,,,,,,,1.0,1.0,1.0,1.0,0.9670791522428076,1.0,0.0,1.0,1.0,0.8647122350758774
4281,8ab43bb08112dc9ee,True,,,,,,,,,,1.0,1.0,1.0,1.0,0.93030861622817,1.0,1.0,1.0,0.0,0.8532214425713032
4282,c4bc5e76f15b2b430,True,,,,,,,,,,1.0,1.0,1.0,1.0,0.5781864560878148,1.0,1.0,1.0,1.0,0.8681832675274421
4283,b2a98e2ef3f3f2ff4,True,,,,,,,,,,1.0,1.0,1.0,1.0,0.8499783457546938,1.0,0.0,1.0,1.0,0.8281182330483419
4284,b8aa4f2712496a9c3,True,,,,,,,,,,1.0,1.0,0.5,1.0,1.0,1.0,0.0,1.0,0.0,0.375
4285,8567f7439d7a4586e,True,,,,,,,,,,1.0,1.0,1.0,1.0,1.0,1.0,1.0,1.0,0.0,0.875
4286,f9f68056cf387b7a7,True,,,,,,,,,,0.0,0.0,1.0,1.0,1.0,0.0,0.0,1.0,1.0,0.0
4287,e5f62e45611621e50,True,,,,,,,,,,0.0,1.0,1.0,1.0,1.0,0.0,1.0,1.0,0.0,0.0
4288,462336a687ff62978,True,,,,,,,,,,1.0,1.0,1.0,1.0,1.0,1.0,0.0,1.0,1.0,0.875
4289,5154115e543f3aa9a,True,,,,,,,,,,1.0,0.0,1.0,1.0,0.8951825039516198,1.0,1.0,1.0,1.0,0.0
4290,73eec9539b3994724,True,,,,,,,,,,1.0,1.0,0.0,1.0,1.0,1.0,0.0,1.0,1.0,0.0
4291,71313a0d415f3ff89,True,,,,,,,,,,1.0,1.0,1.0,1.0,0.5969859581146445,1.0,1.0,1.0,0.0,0.7490581119108264
4292,a389c63fbad3287f2,True,,,,,,,,,,1.0,1.0,1.0,1.0,1.0,1.0,1.0,1.0,1.0,1.0
4293,86aa1518812acc807,True,,,,,,,,,,1.0,0.0,0.5,1.0,1.0,1.0,1.0,1.0,0.0,0.0
4294,5d5440db427d5f265,True,,,,,,,,,,1.0,1.0,1.0,1.0,8.400725600036094e-05,1.0,1.0,1.0,1.0,0.6875262522675001
4295,25db319b5b2d36844,True,,,,,,,,,,1.0,1.0,1.0,1.0,0.5490448108762043,1.0,1.0,1.0,0.0,0.7340765033988138
4296,14123368ec92cefb0,True,,,,,,,,,,1.0,1.0,1.0,1.0,0.9098112943204685,1.0,1.0,1.0,1.0,0.9718160294751463
4297,297ba1c65109e01ba,True,,,,,,,,,,1.0,1.0,1.0,1.0,0.6365926102128643,1.0,1.0,0.0,0.0,0.6364351906915201
4298,e1a05afadd29c9d52,True,,,,,,,,,,1.0,1.0,1.0,1.0,1.0,1.0,0.0,1.0,1.0,0.875
4299,2a8ffeaa7391e73c7,True,,,,,,,,,,1.0,0.0,1.0,1.0,1.0,1.0,1.0,1.0,0.0,0.0
4300,af7c2f2eb8cc6b36d,True,,,,,,,,,,0.5,0.0,0.5,1.0,1.0,0.0,0.0,1.0,0.0,0.0
4301,63587c0f95bcdef4c,True,,,,,,,,,,1.0,0.0,0.0,1.0,1.0,1.0,0.0,1.0,0.0,0.0
4302,cc4c628ad79f6395d,True,,,,,,,,,,1.0,1.0,1.0,1.0,0.09912882411909808,1.0,0.0,1.0,1.0,0.5934777575372181
4303,f155a28a11bdfe4d3,True,,,,,,,,,,1.0,1.0,1.0,1.0,1.0,1.0,1.0,1.0,1.0,1.0
4304,f62d00569dc5be2b9,True,,,,,,,,,,1.0,1.0,1.0,1.0,0.19847483523291307,1.0,1.0,1.0,1.0,0.7495233860102853
4305,82aeafe6afee99d4b,True,,,,,,,,,,1.0,1.0,0.5,1.0,0.711652595624542,1.0,1.0,1.0,1.0,0.45494571806633466
4306,03edf6df45ef3dc2c,True,,,,,,,,,,1.0,1.0,1.0,1.0,1.0,1.0,0.0,1.0,1.0,0.875
4307,a5cb0e8e1b25b4ad4,True,,,,,,,,,,1.0,0.0,1.0,1.0,0.8122924304365917,1.0,1.0,1.0,0.0,0.0
4308,5e9e3c88e21f7a346,True,,,,,,,,,,1.0,0.0,1.0,1.0,1.0,1.0,1.0,1.0,1.0,0.0
4309,6a0e7c7b6a5967f37,True,,,,,,,,,,1.0,1.0,1.0,1.0,0.4953329063708965,1.0,1.0,1.0,1.0,0.8422915332409051
4310,f726e244468ccbbe6,True,,,,,,,,,,1.0,1.0,1.0,1.0,0.36794347191908566,1.0,1.0,1.0,0.0,0.6774823349747143
4311,da1d2937d8bad05e3,True,,,,,,,,,,1.0,1.0,1.0,1.0,0.3528103837239921,1.0,1.0,1.0,1.0,0.7977532449137476
4312,43e9554b328e8aa7f,True,,,,,,,,,,1.0,1.0,1.0,1.0,0.7586374687898688,1.0,0.0,1.0,1.0,0.7995742089968341
4313,cb891ab8f0c9f0ffc,True,,,,,,,,,,1.0,1.0,1.0,1.0,1.0,1.0,0.0,1.0,1.0,0.875
4314,01f31009879396921,True,,,,,,,,,,1.0,0.0,0.0,1.0,1.0,1.0,1.0,1.0,0.0,0.0
4315,266ccdfd658c4fe17,True,,,,,,,,,,1.0,1.0,1.0,1.0,0.8359638534593806,1.0,0.0,1.0,1.0,0.8237387042060564
4316,90074b411c5d7d55b,True,,,,,,,,,,1.0,1.0,0.5,1.0,0.4999426058018964,1.0,1.0,1.0,0.0,0.35936603215654633
4317,4ac58ee8e6463cde1,True,,,,,,,,,,1.0,1.0,1.0,1.0,0.6397945141013782,1.0,0.0,1.0,1.0,0.7624357856566807
4318,d7cb69340aa436966,True,,,,,,,,,,1.0,1.0,1.0,1.0,0.33720874736662526,1.0,1.0,1.0,1.0,0.7928777335520704
4319,232ee9d7342aed6a0,True,,,,,,,,,,1.0,0.0,1.0,1.0,1.0,1.0,1.0,1.0,0.0,0.0
4320,5ca342ee0bfdecb05,True,,,,,,,,,,1.0,1.0,1.0,1.0,1.0,1.0,1.0,1.0,1.0,1.0
4321,7a67496152fb3bdcb,True,,,,,,,,,,1.0,1.0,0.5,1.0,0.618913998015867,1.0,0.0,1.0,1.0,0.37795531218997924
4322,c966f12167e10d758,True,,,,,,,,,,1.0,1.0,1.0,1.0,0.5684526095442343,1.0,1.0,1.0,0.0,0.7401414404825732
4323,5fb2ee221c72e08b2,True,,,,,,,,,,1.0,1.0,1.0,1.0,0.21610484197219398,1.0,1.0,1.0,0.0,0.6300327631163106
4324,3b99d2eccb04b25a0,True,,,,,,,,,,1.0,1.0,0.5,1.0,1.0,1.0,0.0,1.0,0.0,0.375
4325,845a83fdb1732a5ef,True,,,,,,,,,,1.0,0.0,0.0,0.0,1.0,1.0,0.0,1.0,1.0,0.0
4326,ab3eab42ac8debb31,True,,,,,,,,,,1.0,1.0,1.0,1.0,0.8771092965427633,1.0,1.0,1.0,1.0,0.9615966551696136
4327,bdd6ec1614649724b,True,,,,,,,,,,1.0,0.0,1.0,1.0,1.0,1.0,0.0,1.0,1.0,0.0
4328,9dc9fc49b0eb8dd9c,True,,,,,,,,,,1.0,1.0,0.0,1.0,1.0,1.0,0.0,1.0,1.0,0.0
4329,55d87f273908bb975,True,,,,,,,,,,0.0,1.0,1.0,1.0,1.0,0.0,0.0,1.0,0.0,0.0
4330,01123cb3db29c9287,True,,,,,,,,,,1.0,0.0,0.5,1.0,1.0,0.0,0.0,0.0,0.0,0.0
4331,1300580f22bac5f4c,True,,,,,,,,,,1.0,1.0,0.5,1.0,0.47011678105040955,1.0,0.0,1.0,1.0,0.3547057470391265
4332,6eb14c57428cd1ec1,True,,,,,,,,,,1.0,1.0,1.0,1.0,0.8408327658738264,1.0,1.0,1.0,1.0,0.9502602393355708
4333,590744a9d3d5652dd,True,,,,,,,,,,0.0,1.0,1.0,1.0,1.0,0.0,0.0,1.0,1.0,0.0
4334,0dacd04f2b5cb9990,True,,,,,,,,,,1.0,1.0,0.0,1.0,1.0,1.0,0.0,1.0,1.0,0.0
4335,4222a702d3e9ef7bb,True,,,,,,,,,,1.0,1.0,1.0,1.0,0.9292605916578177,1.0,0.0,1.0,1.0,0.852893934893068
4336,b39cc0075afc7d408,True,,,,,,,,,,1.0,1.0,1.0,1.0,0.19585738079904175,1.0,0.0,1.0,1.0,0.6237054314997006
4337,5fcf415bcf1a37722,True,,,,,,,,,,0.0,1.0,1.0,1.0,1.0,0.0,0.0,1.0,1.0,0.0
4338,7474911d349b5a097,True,,,,,,,,,,1.0,1.0,1.0,1.0,1.0,1.0,1.0,1.0,1.0,1.0
4339,b9f22151c02f5a7d4,True,,,,,,,,,,0.0,1.0,1.0,1.0,0.900866805313829,0.0,1.0,1.0,1.0,0.0
4340,9d9f3b3f6578c5375,True,,,,,,,,,,1.0,1.0,1.0,1.0,1.0,1.0,0.0,0.0,0.0,0.625
4341,9bdc2e6f73aad36a5,True,,,,,,,,,,1.0,1.0,1.0,1.0,0.7094244895715873,1.0,1.0,1.0,1.0,0.9091951529911211
4342,ddfce47695493c151,True,,,,,,,,,,1.0,0.0,1.0,1.0,1.0,1.0,0.0,1.0,1.0,0.0
4343,ab136507f882d8c94,True,,,,,,,,,,1.0,0.0,1.0,1.0,1.0,1.0,1.0,1.0,0.0,0.0
4344,36350983298c6896a,True,,,,,,,,,,1.0,1.0,1.0,1.0,0.6510849310845815,1.0,1.0,1.0,1.0,0.8909640409639317
4345,e33920fdd8fdbaaae,True,,,,,,,,,,1.0,1.0,1.0,1.0,0.1789892606987976,1.0,0.0,1.0,1.0,0.6184341439683743
4346,1aba878032e3e7e6d,True,,,,,,,,,,1.0,1.0,1.0,1.0,0.4057479434573992,1.0,1.0,1.0,0.0,0.6892962323304372
4347,dcf0be9d22af78eca,True,,,,,,,,,,1.0,1.0,1.0,1.0,0.3478826259530781,1.0,1.0,1.0,1.0,0.7962133206103369
4348,cbabaf8e0b53e82d3,True,,,,,,,,,,1.0,0.0,1.0,1.0,1.0,1.0,0.0,1.0,0.0,0.0
4349,8254112e33078afad,True,,,,,,,,,,1.0,1.0,1.0,1.0,0.6011634942397882,1.0,1.0,1.0,0.0,0.7503635919499339
4350,bff99a3eb84ffe4ba,True,,,,,,,,,,1.0,0.0,1.0,1.0,1.0,1.0,0.0,1.0,0.0,0.0
4351,6e6061d855992b2c3,True,,,,,,,,,,1.0,1.0,1.0,1.0,0.7250702419420062,1.0,1.0,1.0,1.0,0.9140844506068769
4352,7a574ea5511afe40d,True,,,,,,,,,,0.0,1.0,1.0,1.0,0.6474375611440575,0.0,0.0,1.0,0.0,0.0
4353,894ee0eaafbdc05e5,True,,,,,,,,,,1.0,0.0,1.0,1.0,1.0,1.0,1.0,1.0,0.0,0.0
4354,1a8b28cb69aa0366e,True,,,,,,,,,,0.5,0.0,0.0,1.0,1.0,0.0,0.0,1.0,0.0,0.0
4355,e69df86c33d5e5522,True,,,,,,,,,,1.0,1.0,1.0,1.0,0.41583968385773373,1.0,0.0,1.0,1.0,0.6924499012055418
4356,385a771804ff89676,True,,,,,,,,,,1.0,0.0,1.0,1.0,0.9985886726380272,1.0,0.0,1.0,1.0,0.0
4357,6adadb0caf086d050,True,,,,,,,,,,1.0,1.0,1.0,1.0,1.0,1.0,1.0,1.0,0.0,0.875
4358,2615ffc998d3b5976,True,,,,,,,,,,1.0,1.0,1.0,1.0,0.8448875662389956,1.0,1.0,1.0,1.0,0.9515273644496861
4359,4d59b2a4c64101d41,True,,,,,,,,,,0.5,1.0,1.0,1.0,1.0,0.0,1.0,1.0,1.0,0.34375
4360,3b3f6182f292aea44,True,,,,,,,,,,1.0,1.0,1.0,1.0,0.7492072908403542,1.0,1.0,1.0,0.0,0.7966272783876107
4361,56bd93dec0d4cb4df,True,,,,,,,,,,1.0,1.0,1.0,1.0,0.9876566739001197,1.0,1.0,1.0,1.0,0.9961427105937875
4362,c8a0832c8f737ce92,True,,,,,,,,,,1.0,1.0,1.0,1.0,0.868763078807324,1.0,1.0,1.0,1.0,0.9589884621272887
4363,dbf49f5df6cc0b159,True,,,,,,,,,,0.0,0.0,1.0,1.0,1.0,0.0,1.0,1.0,0.0,0.0
4364,a480f952c0cac164f,True,,,,,,,,,,1.0,1.0,1.0,1.0,0.25060640383461347,1.0,1.0,1.0,1.0,0.7658145011983167
4365,5e84fb24c3fbd2647,True,,,,,,,,,,1.0,1.0,1.0,1.0,0.9102379256731609,1.0,0.0,1.0,0.0,0.7219493517728628
4366,1d37c78c98407e747,True,,,,,,,,,,0.0,1.0,0.5,1.0,1.0,0.0,0.0,1.0,0.0,0.0
4367,342ef8eb6e93505ce,True,,,,,,,,,,1.0,1.0,1.0,1.0,1.0,1.0,0.0,1.0,1.0,0.875
4368,cd43d27167de6cc79,True,,,,,,,,,,0.0,1.0,0.0,1.0,1.0,0.0,0.0,1.0,0.0,0.0
4369,fa08741543328286c,True,,,,,,,,,,1.0,1.0,1.0,1.0,0.40614093524310624,1.0,1.0,1.0,1.0,0.8144190422634707
4370,2beda3235f74c6edb,True,,,,,,,,,,1.0,1.0,1.0,1.0,0.1794810419125363,1.0,0.0,1.0,1.0,0.6185878255976676
4371,4d2744d7e3bd555b5,True,,,,,,,,,,1.0,1.0,1.0,1.0,0.8345578899905218,1.0,0.0,1.0,1.0,0.8232993406220381
4372,3d45468e32f443cff,True,,,,,,,,,,1.0,1.0,1.0,1.0,0.7783964310668621,1.0,1.0,0.0,0.0,0.6807488847083945
4373,4010ab91841da1843,True,,,,,,,,,,1.0,1.0,1.0,1.0,0.41894300859772565,1.0,1.0,1.0,1.0,0.8184196901867893
4374,95b104c6ad1c29b95,True,,,,,,,,,,1.0,1.0,1.0,1.0,0.8286567995675346,1.0,1.0,1.0,1.0,0.9464552498648546
4375,15d9842199648136e,True,,,,,,,,,,0.0,0.0,0.5,1.0,1.0,0.0,0.0,0.0,0.0,0.0
4376,02d32235a5a1497cc,True,,,,,,,,,,1.0,1.0,1.0,1.0,0.6962150329208135,1.0,0.0,1.0,1.0,0.7800671977877542
4377,fd26db12e49fe9b3e,True,,,,,,,,,,1.0,1.0,0.0,1.0,1.0,1.0,0.0,1.0,1.0,0.0
4378,3cd90acbf3a318f94,True,,,,,,,,,,0.0,1.0,1.0,1.0,1.0,0.0,0.0,1.0,0.0,0.0
4379,d38c4af1d199d57d9,True,,,,,,,,,,0.0,0.0,1.0,1.0,1.0,0.0,0.0,1.0,0.0,0.0
4380,713ecb5e6f7885bee,True,,,,,,,,,,1.0,1.0,1.0,1.0,1.0,1.0,1.0,1.0,1.0,1.0
4381,25cdeef2455f42ea7,True,,,,,,,,,,1.0,1.0,1.0,1.0,0.8372313291307482,1.0,1.0,1.0,1.0,0.9491347903533588
4382,845c54f5c31f66323,True,,,,,,,,,,1.0,1.0,1.0,1.0,0.8661152218160484,1.0,1.0,1.0,1.0,0.9581610068175151
4383,aedab2f29ef97f26a,True,,,,,,,,,,1.0,0.0,1.0,1.0,0.8415146245722088,1.0,1.0,1.0,1.0,0.0
4384,d80a5ecfeec414cd1,True,,,,,,,,,,1.0,1.0,1.0,1.0,0.820509095483406,1.0,1.0,1.0,1.0,0.9439090923385643
4385,1e733017715140218,True,,,,,,,,,,1.0,1.0,1.0,1.0,0.294131200671332,1.0,1.0,1.0,0.0,0.6544160002097913
4386,134a68b7ad7fc9ec4,True,,,,,,,,,,1.0,1.0,1.0,1.0,0.9906559239083856,1.0,1.0,1.0,1.0,0.9970799762213705
4387,3c5f6c1f10df6f892,True,,,,,,,,,,1.0,0.0,1.0,1.0,1.0,1.0,1.0,1.0,0.0,0.0
4388,b016a907699ca499b,True,,,,,,,,,,0.0,1.0,1.0,0.0,1.0,0.0,0.0,1.0,1.0,0.0
4389,13d89543b4b7dad14,True,,,,,,,,,,1.0,0.0,1.0,1.0,0.9202246902898835,1.0,1.0,1.0,1.0,0.0
4390,4f498e8f4ae7fedd5,True,,,,,,,,,,1.0,0.0,0.0,1.0,1.0,1.0,0.0,1.0,0.0,0.0
4391,ece34bc681d6d755f,True,,,,,,,,,,1.0,1.0,1.0,1.0,0.7027635272742866,1.0,1.0,1.0,1.0,0.9071136022732146
4392,66c0ac7e945e90197,True,,,,,,,,,,1.0,1.0,0.5,1.0,0.5120244326211497,1.0,0.0,1.0,1.0,0.36125381759705466
4393,8c29c71f168e21bbd,True,,,,,,,,,,0.0,1.0,1.0,1.0,1.0,0.0,1.0,1.0,1.0,0.0
4394,514d7497a9ead95b4,True,,,,,,,,,,1.0,1.0,1.0,1.0,0.3084592458816539,1.0,1.0,1.0,1.0,0.7838935143380168
4395,781d4b5658394c5ca,True,,,,,,,,,,1.0,1.0,1.0,1.0,1.0,1.0,0.0,1.0,1.0,0.875
4396,6bdc53cfa4a8ecb29,True,,,,,,,,,,1.0,1.0,1.0,1.0,0.6566582729515736,1.0,1.0,1.0,0.0,0.7677057102973668
4397,0935bea2b70d9fd2a,True,,,,,,,,,,1.0,1.0,1.0,1.0,0.9591439650237257,1.0,1.0,1.0,0.0,0.8622324890699142
4398,8ace3a7104057a34a,True,,,,,,,,,,1.0,1.0,0.0,1.0,1.0,1.0,0.0,1.0,1.0,0.0
4399,ad43e2b3ade61b59c,True,,,,,,,,,,1.0,1.0,1.0,1.0,0.37720597424776353,1.0,0.0,1.0,1.0,0.6803768669524262
4400,352716976d8eac750,True,,,,,,,,,,1.0,1.0,1.0,1.0,0.6589363611578564,1.0,1.0,1.0,1.0,0.8934176128618301
4401,b37e58b47596bc081,True,,,,,,,,,,1.0,1.0,1.0,1.0,1.0,0.0,1.0,0.0,0.0,0.4375
4402,428b6ffe51af1390c,True,,,,,,,,,,1.0,0.0,1.0,1.0,1.0,1.0,0.0,1.0,0.0,0.0
4403,91974452b21450f60,True,,,,,,,,,,1.0,1.0,1.0,1.0,0.8181719866406331,1.0,1.0,1.0,0.0,0.8181787458251979
4404,b0c55df9228d485bb,True,,,,,,,,,,1.0,1.0,1.0,1.0,0.7304753050700619,1.0,0.0,1.0,1.0,0.7907735328343943
4405,cbf6dd30a0ed348b8,True,,,,,,,,,,0.0,1.0,1.0,1.0,1.0,0.0,0.0,1.0,0.0,0.0
4406,4dcc314181f8e6c97,True,,,,,,,,,,1.0,1.0,1.0,1.0,0.7449945486572599,1.0,1.0,1.0,0.0,0.7953107964553937
4407,da0cbcf9661157a63,True,,,,,,,,,,1.0,1.0,1.0,1.0,0.6437891342139126,1.0,1.0,1.0,0.0,0.7636841044418476
4408,cc641ddb31703cb06,True,,,,,,,,,,1.0,1.0,1.0,1.0,0.8592002617564396,1.0,0.0,1.0,1.0,0.8310000817988874
4409,568447ab7f82a5918,True,,,,,,,,,,1.0,0.0,0.0,1.0,1.0,1.0,0.0,1.0,1.0,0.0
4410,c4e1ff9b786c70034,True,,,,,,,,,,0.0,0.0,0.5,1.0,1.0,1.0,0.0,1.0,0.0,0.0
4411,f9b2e117ff4ab2884,True,,,,,,,,,,1.0,1.0,1.0,1.0,0.7480051862070539,1.0,0.0,1.0,1.0,0.7962516206897043
4412,05eb9641b2003663e,True,,,,,,,,,,1.0,1.0,1.0,1.0,1.0,1.0,1.0,1.0,0.0,0.875
4413,d113ac7bc40f321c0,True,,,,,,,,,,1.0,1.0,1.0,1.0,1.0,1.0,1.0,1.0,0.0,0.875
4414,fd163457fdae33b78,True,,,,,,,,,,1.0,0.0,1.0,1.0,1.0,1.0,1.0,1.0,0.0,0.0
4415,6e4ce2f0d18b57fb3,True,,,,,,,,,,1.0,1.0,1.0,1.0,0.0,1.0,1.0,1.0,1.0,0.6875
4416,74fbb7c806207e386,True,,,,,,,,,,1.0,1.0,1.0,1.0,0.6647062186256238,1.0,1.0,1.0,1.0,0.8952206933205075
4417,2115b48841ebae650,True,,,,,,,,,,0.0,1.0,1.0,1.0,1.0,0.0,1.0,1.0,1.0,0.0
4418,720fbcef3959511d0,True,,,,,,,,,,0.0,1.0,1.0,1.0,1.0,0.0,1.0,1.0,1.0,0.0
4419,335b43f5320efd73d,True,,,,,,,,,,0.5,0.0,1.0,1.0,1.0,0.0,1.0,1.0,0.0,0.0
4420,d5e47bbb90de1d48f,True,,,,,,,,,,1.0,0.0,0.5,1.0,1.0,1.0,0.0,1.0,0.0,0.0
4421,75161de465d28f625,True,,,,,,,,,,1.0,1.0,1.0,1.0,0.9258994115903927,1.0,1.0,1.0,0.0,0.8518435661219977
4422,67df061cc3bf5fa44,True,,,,,,,,,,1.0,1.0,1.0,1.0,0.8059872667205124,1.0,1.0,1.0,0.0,0.8143710208501601
4423,c999a24e14bcd26f6,True,,,,,,,,,,1.0,1.0,1.0,1.0,0.8195994060295061,1.0,1.0,1.0,1.0,0.9436248143842206
4424,0b2a954e62c86d95c,True,,,,,,,,,,1.0,1.0,1.0,1.0,0.1316799051403744,1.0,1.0,1.0,1.0,0.728649970356367
4425,7b35876d62521ffc5,True,,,,,,,,,,1.0,1.0,0.0,1.0,0.8242050654327424,1.0,0.0,1.0,1.0,0.0
4426,d2a3fa9bdd6ebc040,True,,,,,,,,,,1.0,1.0,1.0,1.0,0.8284432189485547,1.0,1.0,1.0,1.0,0.9463885059214233
4427,b7d252306270e80e3,True,,,,,,,,,,1.0,1.0,1.0,1.0,0.60136711995052,1.0,1.0,1.0,1.0,0.8754272249845375
4428,e987a00eb520c3af5,True,,,,,,,,,,1.0,1.0,1.0,1.0,0.36070962505555704,1.0,1.0,1.0,1.0,0.8002217578298616
4429,bb515ff29da41dc33,True,,,,,,,,,,0.0,1.0,1.0,1.0,1.0,0.0,0.0,1.0,1.0,0.0
4430,24d9e424388a37357,True,,,,,,,,,,1.0,1.0,1.0,1.0,0.0,1.0,0.0,1.0,1.0,0.5625
4431,53932082fb71ad6d8,True,,,,,,,,,,1.0,1.0,1.0,1.0,0.776096493991179,1.0,1.0,1.0,0.0,0.8050301543722435
4432,16f88a7f9c92243cb,True,,,,,,,,,,1.0,0.0,1.0,1.0,1.0,0.0,1.0,1.0,0.0,0.0
4433,e02ebb163a52bd53e,True,,,,,,,,,,1.0,1.0,1.0,1.0,0.0745334331175638,1.0,1.0,1.0,1.0,0.7107916978492387
4434,f1ba8705833975e6b,True,,,,,,,,,,1.0,1.0,1.0,1.0,1.0,1.0,1.0,1.0,1.0,1.0
4435,17ff329e83009189d,True,,,,,,,,,,1.0,1.0,0.5,1.0,0.5267653931340875,1.0,0.0,1.0,0.0,0.30105709267720115
4436,be077aa94f9771913,True,,,,,,,,,,1.0,0.0,1.0,0.0,1.0,1.0,0.0,1.0,0.0,0.0
4437,97878eb5ec064dcaf,True,,,,,,,,,,1.0,1.0,1.0,1.0,0.1553043170469224,1.0,1.0,1.0,0.0,0.6110325990771632
4438,aac5e172e96b86e25,True,,,,,,,,,,1.0,1.0,0.5,1.0,1.0,1.0,0.0,1.0,1.0,0.4375
4439,c3430498fdada1e4d,True,,,,,,,,,,1.0,1.0,1.0,1.0,0.6727870126342903,1.0,0.0,1.0,1.0,0.7727459414482157
4440,96bc4ac7fb23e9119,True,,,,,,,,,,1.0,1.0,1.0,1.0,0.8289997447698919,1.0,1.0,1.0,1.0,0.9465624202405912
4441,1ce076a3d8049e0e4,True,,,,,,,,,,1.0,1.0,1.0,1.0,0.44445061378504075,1.0,0.0,1.0,0.0,0.5763908168078252
4442,7aa2434007747c439,True,,,,,,,,,,1.0,1.0,0.0,1.0,0.9545370286606449,1.0,0.0,1.0,1.0,0.0
4443,af48e9c0da650fb5e,True,,,,,,,,,,1.0,1.0,1.0,1.0,0.39399708031723873,1.0,0.0,1.0,0.0,0.5606240875991371
4444,45e565719eec672e1,True,,,,,,,,,,0.5,1.0,1.0,1.0,1.0,1.0,0.0,1.0,1.0,0.4375
4445,0c490f2432946f48b,True,,,,,,,,,,0.0,1.0,1.0,1.0,1.0,0.0,0.0,1.0,0.0,0.0
4446,b1eef6642f7b29370,True,,,,,,,,,,1.0,1.0,1.0,1.0,0.8367633508852581,1.0,1.0,1.0,1.0,0.9489885471516432
4447,1ea8537ea6898e4e2,True,,,,,,,,,,1.0,1.0,1.0,1.0,0.8729050360279424,1.0,0.0,1.0,0.0,0.710282823758732
4448,114bae5e9b92e8933,True,,,,,,,,,,1.0,0.0,0.5,1.0,1.0,1.0,1.0,0.0,0.0,0.0
4449,8155d4f80d0416c00,True,,,,,,,,,,1.0,1.0,1.0,1.0,0.24850205221412122,1.0,1.0,1.0,1.0,0.7651568913169129
4450,843dea321ea12e93c,True,,,,,,,,,,1.0,1.0,1.0,1.0,0.5890795811209749,1.0,0.0,1.0,1.0,0.7465873691003047
4451,5e6df44031e160cad,True,,,,,,,,,,1.0,0.0,1.0,1.0,1.0,1.0,1.0,1.0,0.0,0.0
4452,c23d40512beeb21d4,True,,,,,,,,,,1.0,1.0,1.0,1.0,0.6471322495679496,1.0,1.0,1.0,0.0,0.7647288279899842
4453,18ab088dbc07aa471,True,,,,,,,,,,0.5,0.0,1.0,1.0,0.997592158706416,0.0,1.0,1.0,1.0,0.0
4454,db1f577b1f0df7a26,True,,,,,,,,,,1.0,0.0,0.0,1.0,1.0,0.0,0.0,1.0,0.0,0.0
4455,dc83f2167ec7e2ca3,True,,,,,,,,,,0.0,1.0,1.0,1.0,1.0,0.0,0.0,1.0,0.0,0.0
4456,fa8f611f3da2dce93,True,,,,,,,,,,1.0,0.0,1.0,1.0,1.0,1.0,1.0,1.0,0.0,0.0
4457,aaf0cbe31c7a5aa33,True,,,,,,,,,,1.0,1.0,0.5,1.0,0.9006123302843748,1.0,0.0,1.0,1.0,0.42197067660693355
4458,aedc0bf45f1840715,True,,,,,,,,,,1.0,1.0,0.0,1.0,1.0,1.0,0.0,1.0,0.0,0.0
4459,347e462886f69f614,True,,,,,,,,,,1.0,1.0,0.5,1.0,0.6331843147762747,1.0,0.0,1.0,0.0,0.3176850491837929
4460,95f0d6c3b4018f122,True,,,,,,,,,,1.0,1.0,1.0,1.0,0.8899241653372452,1.0,1.0,1.0,1.0,0.965601301667889
4461,3e180f4a19fe95fc4,True,,,,,,,,,,1.0,1.0,1.0,1.0,0.7908202807767557,1.0,0.0,1.0,0.0,0.6846313377427362
4462,a36a2aecb6e0cc295,True,,,,,,,,,,1.0,1.0,1.0,1.0,0.9671646059193882,1.0,0.0,1.0,1.0,0.8647389393498088
4463,d8df0e75d22679cef,True,,,,,,,,,,0.0,1.0,1.0,1.0,1.0,0.0,0.0,1.0,1.0,0.0
4464,02693119b4e1bacb0,True,,,,,,,,,,1.0,0.0,1.0,1.0,0.6441470502614133,1.0,1.0,1.0,0.0,0.0
4465,b2bf35ee955a9d497,True,,,,,,,,,,1.0,1.0,1.0,1.0,0.0,1.0,1.0,1.0,1.0,0.6875
4466,474779897c967667c,True,,,,,,,,,,0.0,1.0,0.0,1.0,1.0,0.0,0.0,1.0,1.0,0.0
4467,1297091b925da475f,True,,,,,,,,,,1.0,1.0,1.0,1.0,0.7163727062932579,1.0,0.0,1.0,0.0,0.6613664707166431
4468,6a64e3a4f1172e34a,True,,,,,,,,,,1.0,0.0,1.0,1.0,1.0,1.0,1.0,1.0,0.0,0.0
4469,0286ad2f0fec1df3b,True,,,,,,,,,,1.0,1.0,1.0,1.0,0.0,1.0,0.0,0.0,1.0,0.4375
4470,9afbf2d7c3a80fd5b,True,,,,,,,,,,1.0,1.0,1.0,1.0,1.0,1.0,0.0,1.0,1.0,0.875
4471,f320cdfa77acffb59,True,,,,,,,,,,1.0,0.0,1.0,1.0,0.7933789644876369,1.0,1.0,1.0,1.0,0.0
4472,2f6210cf0561159ae,True,,,,,,,,,,1.0,0.0,1.0,1.0,1.0,1.0,0.0,1.0,1.0,0.0
4473,970116f72225f9d8b,True,,,,,,,,,,1.0,1.0,0.5,1.0,0.6954570068082941,1.0,0.0,1.0,1.0,0.38991515731379595
4474,57108f72bba7b23f2,True,,,,,,,,,,1.0,1.0,0.0,1.0,1.0,1.0,0.0,1.0,1.0,0.0
4475,c912edcab444df468,True,,,,,,,,,,1.0,1.0,1.0,1.0,0.8015373992254905,1.0,1.0,1.0,0.0,0.8129804372579658
4476,c6f215cb7b0d88628,True,,,,,,,,,,0.0,1.0,0.0,1.0,1.0,0.0,0.0,1.0,1.0,0.0
4477,660b054f474f6bec1,True,,,,,,,,,,1.0,1.0,1.0,1.0,0.8158333091815416,1.0,1.0,1.0,1.0,0.9424479091192317
4478,4af67dc39e7984c17,True,,,,,,,,,,1.0,1.0,1.0,1.0,0.5788538519735696,1.0,0.0,1.0,1.0,0.7433918287417405
4479,425b819f70d25df0e,True,,,,,,,,,,1.0,1.0,1.0,1.0,0.6738959307139016,1.0,1.0,1.0,0.0,0.7730924783480942
4480,7caf8d7d76cd0a120,True,,,,,,,,,,0.0,1.0,1.0,1.0,1.0,0.0,1.0,1.0,1.0,0.0
4481,892cab52968bdafc3,True,,,,,,,,,,0.0,1.0,1.0,0.0,1.0,0.0,1.0,1.0,1.0,0.0
4482,f23480d4e2e5e6146,True,,,,,,,,,,0.0,1.0,1.0,1.0,1.0,0.0,1.0,1.0,0.0,0.0
4483,ca870ac8b947e6752,True,,,,,,,,,,0.0,0.0,1.0,1.0,1.0,0.0,1.0,1.0,1.0,0.0
4484,e9a805fef6295d90c,True,,,,,,,,,,1.0,0.0,0.5,1.0,1.0,1.0,0.0,1.0,0.0,0.0
4485,1875ccbefe8233a69,True,,,,,,,,,,1.0,0.0,0.5,1.0,0.8763272869928159,1.0,1.0,1.0,0.0,0.0
4486,c9eccd69e416f78ae,True,,,,,,,,,,0.0,1.0,1.0,1.0,0.8915118210882013,0.0,0.0,1.0,1.0,0.0
4487,6949e44c974752c39,True,,,,,,,,,,1.0,1.0,1.0,1.0,0.6442131733466783,1.0,1.0,1.0,1.0,0.8888166166708369
4488,0bb05e9c2e6296330,True,,,,,,,,,,1.0,1.0,1.0,1.0,0.878269060111349,1.0,1.0,1.0,0.0,0.8369590812847966
4489,2c253de40b51a352a,True,,,,,,,,,,1.0,1.0,1.0,1.0,0.36958266464511813,1.0,1.0,1.0,1.0,0.8029945827015994
4490,8428b4ef1485fe533,True,,,,,,,,,,1.0,0.0,1.0,1.0,0.4251105485734643,1.0,1.0,1.0,1.0,0.0
4491,bbe1739362745c097,True,,,,,,,,,,1.0,1.0,1.0,1.0,1.0,1.0,1.0,1.0,1.0,1.0
4492,3dec28d29ac4ec705,True,,,,,,,,,,0.0,1.0,1.0,1.0,1.0,0.0,1.0,1.0,1.0,0.0
4493,a95316ef51f44b853,True,,,,,,,,,,1.0,1.0,1.0,1.0,0.567217186941106,1.0,0.0,1.0,0.0,0.6147553709190956
4494,f67fdc6f83d2e8656,True,,,,,,,,,,1.0,1.0,1.0,1.0,0.23205220782722932,1.0,0.0,1.0,1.0,0.6350163149460092
4495,cb2e1dad4d21a5bf1,True,,,,,,,,,,1.0,1.0,1.0,1.0,0.15120455470615815,1.0,0.0,1.0,0.0,0.48475142334567445
4496,63aab11dd75c78ad2,True,,,,,,,,,,1.0,1.0,1.0,1.0,0.31005876608671507,1.0,1.0,1.0,0.0,0.6593933644020984
4497,ecc3d1d6244314a20,True,,,,,,,,,,1.0,1.0,1.0,1.0,1.0,1.0,1.0,1.0,1.0,1.0
4498,ace512518cdd33ce6,True,,,,,,,,,,1.0,0.0,1.0,1.0,1.0,1.0,1.0,1.0,1.0,0.0
4499,25ca5866628df2ed3,True,,,,,,,,,,1.0,1.0,1.0,1.0,0.8587206090648396,1.0,1.0,1.0,0.0,0.8308501903327623
4500,2137517554a7f8e3b,True,,,,,,,,,,1.0,0.0,0.5,1.0,0.8444736175684063,1.0,1.0,1.0,1.0,0.0
4501,2d69cb0443fc22cf0,True,,,,,,,,,,0.0,1.0,1.0,1.0,1.0,0.0,1.0,1.0,0.0,0.0
4502,c303322f8c6fe45b9,True,,,,,,,,,,1.0,0.0,0.5,1.0,1.0,1.0,0.0,1.0,0.0,0.0
4503,0976a098312b0ead1,True,,,,,,,,,,1.0,0.0,0.0,1.0,1.0,1.0,1.0,1.0,0.0,0.0
4504,72596b62f23cfe8b5,True,,,,,,,,,,1.0,1.0,1.0,1.0,0.5409372225404575,1.0,1.0,1.0,0.0,0.731542882043893
4505,e1c118cf727cb2222,True,,,,,,,,,,1.0,1.0,1.0,1.0,0.741818840566394,1.0,1.0,1.0,1.0,0.9193183876769981
4506,ff355597ff0f68f3c,True,,,,,,,,,,1.0,1.0,1.0,1.0,0.2568302076017514,1.0,0.0,1.0,1.0,0.6427594398755473
4507,64cb1964d2bb9f801,True,,,,,,,,,,1.0,1.0,1.0,1.0,0.8045504761398373,1.0,0.0,1.0,0.0,0.6889220237936992
4508,cdcb9b51f99934711,True,,,,,,,,,,1.0,1.0,1.0,1.0,0.3406469925931249,1.0,0.0,1.0,1.0,0.6689521851853515
4509,ddb08f9eb92516246,True,,,,,,,,,,1.0,1.0,1.0,1.0,0.901085008391721,1.0,1.0,1.0,0.0,0.8440890651224129
4510,8dfa62e95dcb416e8,True,,,,,,,,,,1.0,0.0,1.0,1.0,0.5911584064130059,1.0,1.0,1.0,1.0,0.0
4511,5046d4b4e74d6cbbd,True,,,,,,,,,,1.0,0.0,1.0,0.0,1.0,1.0,0.0,1.0,1.0,0.0
4512,72f8e30d5fbc3839a,True,,,,,,,,,,0.0,0.0,1.0,1.0,1.0,0.0,0.0,1.0,1.0,0.0
4513,32b8d38d96342e28b,True,,,,,,,,,,1.0,0.0,1.0,1.0,0.7054933292062633,1.0,1.0,1.0,1.0,0.0
4514,c1f2006b4745c21bc,True,,,,,,,,,,1.0,0.0,1.0,1.0,0.7546070887192194,1.0,1.0,1.0,0.0,0.0
4515,3f8c33cff8d582456,True,,,,,,,,,,1.0,1.0,1.0,1.0,0.26559407402827223,1.0,1.0,1.0,1.0,0.7704981481338351
4516,9632710f733828256,True,,,,,,,,,,1.0,1.0,1.0,1.0,0.8552616410076482,1.0,0.0,1.0,1.0,0.82976926281489
4517,e87f91497184fed2b,True,,,,,,,,,,0.0,1.0,1.0,1.0,1.0,0.0,1.0,1.0,1.0,0.0
4518,5f2803a94f9f2adba,True,,,,,,,,,,1.0,1.0,1.0,1.0,0.7007476337467039,1.0,1.0,1.0,1.0,0.906483635545845
4519,429111d26e72d90ae,True,,,,,,,,,,1.0,1.0,1.0,1.0,0.2790450686060707,1.0,1.0,1.0,1.0,0.7747015839393971
4520,e53ada22df8520033,True,,,,,,,,,,1.0,1.0,1.0,1.0,0.7939753276199488,1.0,1.0,1.0,1.0,0.935617289881234
4521,92ad1ee3b8c3a8859,True,,,,,,,,,,1.0,0.0,1.0,1.0,0.8065971105611085,1.0,1.0,1.0,0.0,0.0
4522,893f024c9ae6bfd2c,True,,,,,,,,,,1.0,0.0,1.0,1.0,0.7180815264971825,1.0,0.0,1.0,1.0,0.0
4523,c35e331384b550d78,True,,,,,,,,,,1.0,1.0,1.0,1.0,0.3110552576767163,1.0,1.0,1.0,0.0,0.6597047680239738
4524,54ddae029448a073a,True,,,,,,,,,,1.0,1.0,1.0,1.0,0.49853888495840565,1.0,1.0,1.0,0.0,0.7182934015495017
4525,bf56b1e490af51e25,True,,,,,,,,,,1.0,1.0,1.0,1.0,0.05419052937884417,1.0,0.0,1.0,1.0,0.5794345404308888
4526,4876fb179a00309b5,True,,,,,,,,,,1.0,1.0,1.0,1.0,1.0,1.0,1.0,1.0,0.0,0.875
4527,bf348ece26ab3f920,True,,,,,,,,,,1.0,0.0,1.0,1.0,0.7209846347518238,1.0,0.0,1.0,1.0,0.0
4528,fd516de1672fb997a,True,,,,,,,,,,1.0,0.0,0.5,1.0,1.0,0.0,0.0,1.0,0.0,0.0
4529,ab30a09f899e6330e,True,,,,,,,,,,1.0,1.0,1.0,1.0,0.6952682911366882,1.0,1.0,1.0,0.0,0.779771340980215
4530,3965541eb07d065e9,True,,,,,,,,,,0.0,1.0,1.0,1.0,1.0,0.0,1.0,1.0,1.0,0.0
4531,51539f7b502dc9ffd,True,,,,,,,,,,1.0,1.0,1.0,1.0,1.0,1.0,1.0,1.0,1.0,1.0
4532,ec56aefe2cb604a4f,True,,,,,,,,,,1.0,1.0,1.0,1.0,0.8625551300036809,1.0,1.0,1.0,1.0,0.9570484781261503
4533,c6f309a29af4e8f36,True,,,,,,,,,,1.0,1.0,1.0,1.0,0.8533050817914855,1.0,0.0,1.0,1.0,0.8291578380598392
4534,62660d36960de718f,True,,,,,,,,,,1.0,1.0,1.0,1.0,0.583638364091297,1.0,1.0,1.0,1.0,0.8698869887785303
4535,966244bc558d53ef7,True,,,,,,,,,,1.0,1.0,1.0,1.0,0.749984495923687,1.0,0.0,1.0,1.0,0.7968701549761522
4536,cade01084629da760,True,,,,,,,,,,0.5,1.0,1.0,1.0,1.0,0.0,1.0,1.0,0.0,0.28125
4537,88805cefd139114f5,True,,,,,,,,,,0.0,1.0,0.5,1.0,1.0,0.0,0.0,1.0,1.0,0.0
4538,531b93949ba10107b,True,,,,,,,,,,1.0,0.0,0.0,1.0,1.0,1.0,0.0,1.0,0.0,0.0
4539,2c22ca80805d11abc,True,,,,,,,,,,0.0,1.0,0.5,1.0,1.0,0.0,0.0,1.0,1.0,0.0
4540,62c083fa4339253f3,True,,,,,,,,,,1.0,1.0,1.0,1.0,1.0,1.0,1.0,1.0,1.0,1.0
4541,80fbecd9f16630510,True,,,,,,,,,,1.0,1.0,1.0,1.0,0.8957293347839521,1.0,1.0,1.0,1.0,0.967415417119985
4542,9f1d660e1e39a5197,True,,,,,,,,,,1.0,1.0,1.0,1.0,0.7154106346008932,1.0,0.0,1.0,1.0,0.7860658233127791
4543,1f7d87b846306d4ed,True,,,,,,,,,,0.0,1.0,1.0,0.0,1.0,0.0,0.0,1.0,1.0,0.0
4544,2917a71e0e9572784,True,,,,,,,,,,1.0,1.0,1.0,1.0,0.8359904265118578,1.0,0.0,1.0,1.0,0.8237470082849556
4545,b7b9067126836af21,True,,,,,,,,,,0.0,1.0,1.0,1.0,1.0,0.0,1.0,1.0,1.0,0.0
4546,80de7b5aab26bbca8,True,,,,,,,,,,0.0,1.0,1.0,1.0,0.8722472410355008,0.0,0.0,1.0,0.0,0.0
4547,ed00ab86d2c2f5767,True,,,,,,,,,,1.0,1.0,1.0,1.0,0.3773907526867373,1.0,0.0,1.0,1.0,0.6804346102146054
4548,644712e1f5b51074a,True,,,,,,,,,,1.0,1.0,1.0,1.0,0.5253118640927917,1.0,0.0,0.0,0.0,0.4766599575289974
4549,68e2d10ecbeed8111,True,,,,,,,,,,1.0,1.0,0.5,1.0,1.0,1.0,1.0,1.0,1.0,0.5
4550,86946a7ffef3ac7b0,True,,,,,,,,,,1.0,1.0,1.0,1.0,0.28087297493493135,1.0,0.0,1.0,1.0,0.6502728046671661
4551,c51bc3907e1c3fbac,True,,,,,,,,,,1.0,1.0,1.0,1.0,0.7773960201984672,1.0,1.0,1.0,0.0,0.805436256312021
4552,09ff70ea6f020da6f,True,,,,,,,,,,1.0,1.0,1.0,1.0,0.18178159644415134,1.0,1.0,1.0,1.0,0.7443067488887973
4553,6fb2b8cc6f313cf96,True,,,,,,,,,,1.0,1.0,1.0,1.0,0.48508476236562975,1.0,1.0,0.0,1.0,0.7140889882392593
4554,cc640d20710f182c6,True,,,,,,,,,,0.0,1.0,1.0,1.0,1.0,0.0,0.0,0.0,0.0,0.0
4555,d153031465d8e37cb,True,,,,,,,,,,1.0,1.0,1.0,1.0,0.564247621207777,1.0,1.0,1.0,1.0,0.8638273816274303
4556,7c999853833c34336,True,,,,,,,,,,1.0,1.0,1.0,1.0,0.7811534263278445,1.0,0.0,1.0,1.0,0.8066104457274514
4557,6663c84e1f3447a03,True,,,,,,,,,,1.0,1.0,1.0,1.0,0.5305803820009662,1.0,0.0,1.0,1.0,0.728306369375302
4558,a91425257255ef015,True,,,,,,,,,,1.0,1.0,0.0,1.0,1.0,0.0,0.0,0.0,0.0,0.0
4559,c85aa35e5a8c7e1cc,True,,,,,,,,,,1.0,1.0,1.0,1.0,0.853595520613722,1.0,0.0,1.0,1.0,0.8292486001917881
4560,eb18eff580c25dafb,True,,,,,,,,,,1.0,1.0,1.0,1.0,0.2665760948987044,1.0,0.0,1.0,1.0,0.6458050296558451
4561,416a5f6d80036586b,True,,,,,,,,,,1.0,0.0,1.0,1.0,1.0,1.0,0.0,1.0,1.0,0.0
4562,d5edc9afab7f3a337,True,,,,,,,,,,1.0,1.0,1.0,1.0,0.8073974351635145,1.0,1.0,1.0,0.0,0.8148116984885982
4563,ca2e709d5cab0c6e4,True,,,,,,,,,,1.0,1.0,1.0,1.0,0.5081731117909748,1.0,1.0,1.0,0.0,0.7213040974346796
4564,c833d5b0fc76fdd86,True,,,,,,,,,,1.0,0.0,1.0,1.0,0.5794934591395439,1.0,1.0,1.0,1.0,0.0
4565,08b425d9aa40aee45,True,,,,,,,,,,1.0,0.0,1.0,1.0,1.0,1.0,0.0,0.0,0.0,0.0
4566,5d5f36ba279588ae3,True,,,,,,,,,,1.0,0.0,1.0,1.0,1.0,1.0,0.0,1.0,0.0,0.0
4567,594bcaa89ef7fc267,True,,,,,,,,,,1.0,1.0,1.0,1.0,0.9037745935406958,1.0,1.0,1.0,1.0,0.9699295604814675
4568,ab0ba6120248926e3,True,,,,,,,,,,1.0,0.0,1.0,1.0,1.0,1.0,0.0,1.0,0.0,0.0
4569,73db1be2e0c010ac5,True,,,,,,,,,,1.0,1.0,1.0,1.0,1.0,1.0,1.0,1.0,1.0,1.0
4570,aae1be1d1482069d0,True,,,,,,,,,,0.0,0.0,1.0,1.0,1.0,0.0,0.0,1.0,0.0,0.0
4571,0fc2fec903c77398f,True,,,,,,,,,,1.0,1.0,1.0,1.0,0.5822626659604441,1.0,0.0,1.0,1.0,0.7444570831126388
4572,4e6440872891a9f19,True,,,,,,,,,,1.0,0.0,1.0,1.0,1.0,1.0,1.0,1.0,0.0,0.0
4573,47269d59365ccc36c,True,,,,,,,,,,1.0,1.0,1.0,1.0,0.9039740307891388,1.0,1.0,1.0,0.0,0.8449918846216059
4574,d16ba8a46fd2ff788,True,,,,,,,,,,0.0,1.0,1.0,1.0,1.0,0.0,1.0,1.0,1.0,0.0
4575,492bf2330bca28ca8,True,,,,,,,,,,1.0,1.0,1.0,1.0,0.6019812066591331,1.0,1.0,1.0,1.0,0.8756191270809791
4576,102d7c98065905ad0,True,,,,,,,,,,1.0,1.0,0.0,1.0,1.0,1.0,0.0,0.0,0.0,0.0
4577,fd2d0d2c37b2df3a5,True,,,,,,,,,,1.0,1.0,1.0,1.0,1.0,1.0,1.0,1.0,1.0,1.0
4578,bf77adfc09f7cebc5,True,,,,,,,,,,1.0,1.0,1.0,1.0,1.0,1.0,1.0,1.0,1.0,1.0
4579,28ee06f98b43e0a85,True,,,,,,,,,,1.0,1.0,1.0,1.0,0.5418404239772097,1.0,1.0,1.0,1.0,0.856825132492878
4580,e569c39fb04197d73,True,,,,,,,,,,1.0,0.0,1.0,1.0,0.6523095559854447,1.0,1.0,1.0,0.0,0.0
4581,f66f81ffd843802cd,True,,,,,,,,,,0.0,1.0,1.0,1.0,1.0,0.0,1.0,1.0,1.0,0.0
4582,2f7f9ce16e4034224,True,,,,,,,,,,1.0,0.0,1.0,1.0,1.0,1.0,0.0,1.0,0.0,0.0
4583,0aef5f06bc06b4b67,True,,,,,,,,,,1.0,0.0,1.0,1.0,1.0,1.0,1.0,1.0,1.0,0.0
4584,4e5923e8ca30416d1,True,,,,,,,,,,1.0,1.0,0.5,1.0,0.7463740984422839,1.0,1.0,1.0,1.0,0.46037095288160684
4585,ad3a915c556a5c581,True,,,,,,,,,,1.0,1.0,0.5,0.0,1.0,1.0,0.0,1.0,1.0,0.0
4586,b38c2b62761a1929d,True,,,,,,,,,,1.0,1.0,1.0,1.0,0.23183066309385264,1.0,0.0,1.0,0.0,0.5099470822168289
4587,d3738c5a4d7530837,True,,,,,,,,,,1.0,0.0,1.0,1.0,0.6447984134157315,1.0,0.0,1.0,1.0,0.0
4588,941e498bd0dfbd991,True,,,,,,,,,,1.0,1.0,1.0,1.0,1.0,1.0,0.0,1.0,0.0,0.75
4589,41c255d09766b4099,True,,,,,,,,,,0.0,1.0,1.0,1.0,1.0,0.0,0.0,1.0,1.0,0.0
4590,b6b4b0f2f2a7815cb,True,,,,,,,,,,1.0,1.0,1.0,1.0,0.5964185109167579,1.0,1.0,1.0,1.0,0.8738807846614869
4591,79ba4023648130a0c,True,,,,,,,,,,0.0,1.0,1.0,1.0,1.0,0.0,1.0,1.0,1.0,0.0
4592,54ccf1e5e48744666,True,,,,,,,,,,1.0,1.0,0.0,1.0,1.0,1.0,0.0,1.0,1.0,0.0
4593,c73438b8126946550,True,,,,,,,,,,1.0,1.0,1.0,1.0,0.8812547689293312,1.0,0.0,1.0,0.0,0.712892115290416
4594,55c8df3b0682a658a,True,,,,,,,,,,1.0,1.0,1.0,1.0,0.9219617219899682,1.0,1.0,1.0,0.0,0.8506130381218651
4595,ecc22288ebf17a22e,True,,,,,,,,,,1.0,0.0,1.0,1.0,1.0,1.0,1.0,1.0,1.0,0.0
4596,d3b5a3486c40ea561,True,,,,,,,,,,1.0,0.0,1.0,1.0,0.666443017308113,1.0,1.0,1.0,0.0,0.0
4597,d3e9c090e809349ce,True,,,,,,,,,,1.0,1.0,1.0,1.0,0.8934151983129189,1.0,0.0,1.0,0.0,0.7166922494727872
4598,ceabdb590d507edf3,True,,,,,,,,,,1.0,1.0,1.0,1.0,0.7609752954643669,1.0,0.0,1.0,0.0,0.6753047798326146
4599,e513c494982a0c41e,True,,,,,,,,,,1.0,0.0,1.0,1.0,1.0,1.0,0.0,1.0,1.0,0.0
4600,23e989fa30e56fb01,True,,,,,,,,,,0.0,1.0,1.0,0.0,1.0,0.0,0.0,1.0,0.0,0.0
4601,a42ef2d15ed8d3d94,True,,,,,,,,,,1.0,1.0,1.0,1.0,0.7759716355265305,1.0,1.0,1.0,1.0,0.9299911361020408
4602,d29fc0876909edc75,True,,,,,,,,,,1.0,1.0,1.0,1.0,0.6072946347719392,1.0,1.0,1.0,0.0,0.7522795733662311
4603,ddad060b5ec9428e3,True,,,,,,,,,,1.0,0.0,1.0,1.0,1.0,1.0,0.0,1.0,1.0,0.0
4604,f3374bc1daec15012,True,,,,,,,,,,1.0,1.0,1.0,1.0,0.20533121331838303,1.0,0.0,1.0,1.0,0.6266660041619947
4605,09175d9fa6fa3c5c2,True,,,,,,,,,,1.0,0.0,1.0,1.0,0.9248000417338456,1.0,0.0,1.0,1.0,0.0
4606,303bc627ceab22570,True,,,,,,,,,,1.0,0.0,1.0,1.0,1.0,0.0,0.0,1.0,0.0,0.0
4607,9d5d767fac644cae7,True,,,,,,,,,,1.0,0.0,0.5,1.0,1.0,1.0,0.0,1.0,0.0,0.0
4608,a8591c7d6a4f149f2,True,,,,,,,,,,1.0,1.0,1.0,1.0,0.49395194067249404,1.0,0.0,1.0,1.0,0.7168599814601544
4609,308f14ec6e576e4d7,True,,,,,,,,,,0.0,0.0,1.0,1.0,0.566492288947833,0.0,0.0,1.0,1.0,0.0
4610,547ea2ddfb8be2f7c,True,,,,,,,,,,1.0,1.0,1.0,1.0,0.5610554423876797,0.0,0.0,1.0,1.0,0.4253298257461499
4611,976f2d716419166ba,True,,,,,,,,,,1.0,1.0,1.0,1.0,0.7793572917554764,1.0,0.0,0.0,0.0,0.5560491536735863
4612,7b6d8fa488a09b8d3,True,,,,,,,,,,1.0,1.0,1.0,1.0,0.8843918431482792,1.0,1.0,1.0,0.0,0.8388724509838372
4613,7cdfa18002444c694,True,,,,,,,,,,1.0,1.0,1.0,1.0,0.9894172880551605,1.0,1.0,1.0,1.0,0.9966929025172376
4614,5d7c10a16ad487174,True,,,,,,,,,,1.0,0.0,1.0,1.0,1.0,1.0,0.0,1.0,1.0,0.0
4615,b9297371e1c1fc881,True,,,,,,,,,,1.0,1.0,1.0,1.0,1.0,1.0,0.0,1.0,1.0,0.875
4616,ff15360ae71790eb6,True,,,,,,,,,,0.0,1.0,0.5,1.0,1.0,0.0,0.0,1.0,1.0,0.0
4617,d1dbac626089838d2,True,,,,,,,,,,1.0,1.0,0.0,1.0,1.0,1.0,0.0,1.0,1.0,0.0
4618,3d46e887da2f265d2,True,,,,,,,,,,1.0,1.0,1.0,1.0,0.3122388161440442,1.0,1.0,1.0,1.0,0.7850746300450138
4619,1e6601c658eba890a,True,,,,,,,,,,1.0,1.0,1.0,1.0,0.21083014168071232,1.0,1.0,1.0,1.0,0.7533844192752226
4620,4fd96d4727fd67d4a,True,,,,,,,,,,1.0,1.0,1.0,1.0,0.6279828277066998,1.0,0.0,1.0,0.0,0.6337446336583437
4621,bec064ed6d9582bcc,True,,,,,,,,,,1.0,1.0,0.5,1.0,1.0,1.0,0.0,1.0,1.0,0.4375
4622,19d93db92ab5bcc09,True,,,,,,,,,,1.0,1.0,0.5,1.0,0.7348071438639489,1.0,1.0,1.0,1.0,0.458563616228742
4623,226e200de1c94187e,True,,,,,,,,,,1.0,1.0,0.5,1.0,1.0,1.0,0.0,1.0,0.0,0.375
4624,2515a4049787b61ac,True,,,,,,,,,,1.0,1.0,1.0,1.0,0.9319323058536362,1.0,0.0,1.0,0.0,0.7287288455792613
4625,aa06b6b1578ec1270,True,,,,,,,,,,1.0,1.0,1.0,1.0,0.6783159771268916,1.0,1.0,1.0,0.0,0.7744737428521536
4626,bd30767ff605ef96c,True,,,,,,,,,,1.0,1.0,1.0,1.0,1.0,1.0,0.0,1.0,1.0,0.875
4627,b6d9feff81539b7b7,True,,,,,,,,,,1.0,1.0,0.0,1.0,1.0,1.0,0.0,1.0,1.0,0.0
4628,2251eed913b2fbe46,True,,,,,,,,,,1.0,1.0,1.0,1.0,0.6025053357895708,1.0,1.0,1.0,1.0,0.8757829174342409
4629,0be67c62d046cc4b1,True,,,,,,,,,,0.0,1.0,0.0,1.0,1.0,0.0,0.0,1.0,0.0,0.0
4630,a4a30a8fdac11dd71,True,,,,,,,,,,1.0,1.0,1.0,1.0,0.5019106339445008,1.0,1.0,1.0,1.0,0.8443470731076566
4631,bb662cb22384c44c1,True,,,,,,,,,,1.0,1.0,1.0,1.0,0.20012884898594424,1.0,1.0,1.0,1.0,0.7500402653081075
4632,064aaacc7d9acb094,True,,,,,,,,,,1.0,1.0,1.0,1.0,1.0,1.0,0.0,1.0,1.0,0.875
4633,f7c257dc15f6031fb,True,,,,,,,,,,1.0,1.0,1.0,1.0,0.868561346349389,1.0,0.0,1.0,0.0,0.7089254207341841
4634,3c70a054e8d40ce21,True,,,,,,,,,,1.0,1.0,1.0,1.0,0.7440953878343657,1.0,0.0,1.0,0.0,0.6700298086982392
4635,764328b4ef560f8d6,True,,,,,,,,,,1.0,1.0,1.0,1.0,1.0,1.0,1.0,1.0,1.0,1.0
4636,f0e29874418de93db,True,,,,,,,,,,0.0,1.0,1.0,1.0,1.0,0.0,1.0,1.0,1.0,0.0
4637,8d358053106bc9580,True,,,,,,,,,,0.0,1.0,1.0,1.0,0.6852491180592982,0.0,0.0,1.0,1.0,0.0
4638,3ded0591b23a7df67,True,,,,,,,,,,1.0,1.0,1.0,1.0,0.5191636114303422,1.0,1.0,1.0,1.0,0.8497386285719819
4639,16e839b38304ce550,True,,,,,,,,,,1.0,1.0,1.0,1.0,0.5968714387329626,1.0,1.0,1.0,0.0,0.7490223246040508
4640,5c78d4068407d661c,True,,,,,,,,,,1.0,0.0,0.5,1.0,1.0,1.0,1.0,1.0,0.0,0.0
4641,e3b56ed4a85f713c8,True,,,,,,,,,,0.0,1.0,1.0,1.0,1.0,0.0,1.0,1.0,1.0,0.0
4642,64c25286434cfc0a6,True,,,,,,,,,,1.0,1.0,1.0,1.0,0.8743544663868058,1.0,1.0,1.0,1.0,0.9607357707458768
4643,16a84f7e077130ca6,True,,,,,,,,,,1.0,1.0,0.0,1.0,1.0,1.0,0.0,1.0,1.0,0.0
4644,93665513823171463,True,,,,,,,,,,1.0,1.0,1.0,1.0,1.0,1.0,0.0,1.0,1.0,0.875
4645,3a833c6bb917d783d,True,,,,,,,,,,1.0,1.0,1.0,1.0,0.5591900400249203,1.0,1.0,1.0,0.0,0.7372468875077876
4646,6c643cf3c76195c44,True,,,,,,,,,,1.0,1.0,1.0,1.0,0.3845748024618372,1.0,1.0,1.0,1.0,0.8076796257693242
4647,a40fbf3b2009b98da,True,,,,,,,,,,1.0,1.0,0.0,1.0,1.0,1.0,0.0,1.0,1.0,0.0
4648,754d33f5c0419048c,True,,,,,,,,,,1.0,0.0,1.0,1.0,0.5881540424772913,1.0,1.0,1.0,1.0,0.0
4649,2ad55ac1a6a8d1422,True,,,,,,,,,,1.0,1.0,1.0,1.0,0.6761381584557159,1.0,1.0,1.0,0.0,0.7737931745174113
4650,e1ddf841fc0409636,True,,,,,,,,,,1.0,0.0,1.0,1.0,0.5886430215058434,1.0,1.0,1.0,0.0,0.0
4651,59223499b6e8a12d6,True,,,,,,,,,,1.0,0.0,0.0,1.0,1.0,0.0,0.0,1.0,0.0,0.0
4652,198e5922fee004f44,True,,,,,,,,,,1.0,1.0,1.0,1.0,0.7621043374322615,1.0,1.0,1.0,1.0,0.9256576054475817
4653,6883dd210767ef27d,True,,,,,,,,,,1.0,1.0,1.0,1.0,0.8093416129149764,1.0,1.0,1.0,0.0,0.8154192540359302
4654,2498bf6f5436ef1e3,True,,,,,,,,,,1.0,1.0,0.0,1.0,1.0,1.0,0.0,1.0,1.0,0.0
4655,0d4c14fd757504ef9,True,,,,,,,,,,1.0,1.0,0.0,1.0,1.0,1.0,0.0,1.0,1.0,0.0
4656,bccac7c12e34ccda7,True,,,,,,,,,,1.0,0.0,0.5,1.0,1.0,1.0,1.0,1.0,1.0,0.0
4657,c88ec2d9a664ec957,True,,,,,,,,,,1.0,1.0,1.0,1.0,1.0,0.0,1.0,1.0,1.0,0.6875
4658,4a2ae0b5cd41f2676,True,,,,,,,,,,1.0,1.0,1.0,1.0,0.42271761631335736,1.0,1.0,1.0,1.0,0.8195992550979242
4659,7e15600681ad3a48a,True,,,,,,,,,,1.0,1.0,1.0,1.0,0.7310063015409987,1.0,0.0,1.0,1.0,0.7909394692315621
4660,fe454c84ae38cb664,True,,,,,,,,,,1.0,1.0,1.0,1.0,0.7064062004009877,1.0,1.0,1.0,0.0,0.7832519376253086
4661,7c2d2abd001548d86,True,,,,,,,,,,1.0,0.0,0.0,1.0,1.0,1.0,0.0,1.0,1.0,0.0
4662,65b5a6fd57eb4ffb9,True,,,,,,,,,,1.0,1.0,1.0,1.0,1.0,1.0,0.0,1.0,1.0,0.875
4663,49d2336208d2cac37,True,,,,,,,,,,1.0,1.0,1.0,1.0,0.9626258673459928,1.0,1.0,1.0,1.0,0.9883205835456228
4664,29099b056d78d6ffb,True,,,,,,,,,,1.0,0.0,0.5,1.0,1.0,1.0,0.0,1.0,0.0,0.0
4665,44a5937b14cec415b,True,,,,,,,,,,1.0,1.0,1.0,1.0,0.7020395466230748,1.0,0.0,1.0,1.0,0.7818873583197109
4666,1b62d4e2468940ddb,True,,,,,,,,,,0.0,1.0,0.5,1.0,1.0,0.0,0.0,1.0,1.0,0.0
4667,0f4373d1811c9ca90,True,,,,,,,,,,1.0,1.0,1.0,1.0,0.7400352656873166,1.0,1.0,0.0,0.0,0.6687610205272865
4668,cd00bd6a4daf5fce4,True,,,,,,,,,,1.0,1.0,1.0,1.0,0.14989926371330786,1.0,0.0,1.0,0.0,0.4843435199104087
4669,6f730ed4241558274,True,,,,,,,,,,1.0,1.0,0.0,1.0,1.0,1.0,0.0,1.0,1.0,0.0
4670,df8882fb6dbefa033,True,,,,,,,,,,1.0,0.0,1.0,1.0,1.0,1.0,0.0,1.0,1.0,0.0
4671,3f8a80414eacde90b,True,,,,,,,,,,1.0,1.0,1.0,1.0,0.8230847786283184,1.0,0.0,1.0,1.0,0.8197139933213495
4672,1138b571e8fbaaad9,True,,,,,,,,,,1.0,0.0,1.0,1.0,0.8495882848464298,1.0,1.0,1.0,0.0,0.0
4673,6ae4df7fe6f3147d2,True,,,,,,,,,,1.0,1.0,1.0,1.0,0.7399261423724603,1.0,1.0,1.0,1.0,0.9187269194913938
4674,36c3a5d31d406a1c2,True,,,,,,,,,,1.0,1.0,1.0,1.0,0.9186324166159708,1.0,1.0,1.0,1.0,0.9745726301924909
4675,7133408c5a1a6f3bf,True,,,,,,,,,,1.0,1.0,1.0,1.0,0.87653373348709,1.0,1.0,1.0,0.0,0.8364167917147156
4676,f21c4208d817951b4,True,,,,,,,,,,1.0,1.0,1.0,1.0,0.7236928457601135,1.0,0.0,1.0,0.0,0.6636540143000355
4677,83d2191f456a3fa85,True,,,,,,,,,,1.0,1.0,1.0,1.0,0.8512239877521911,1.0,1.0,1.0,1.0,0.9535074961725597
4678,c4aee2d09a8407408,True,,,,,,,,,,1.0,0.0,1.0,1.0,0.7692618010304936,1.0,1.0,1.0,1.0,0.0
4679,dfa9b874b33acc858,True,,,,,,,,,,1.0,1.0,1.0,1.0,0.6396897401550956,1.0,1.0,1.0,0.0,0.7624030437984674
4680,4aa528f577df911a3,True,,,,,,,,,,1.0,1.0,1.0,1.0,0.8172501285170232,1.0,1.0,1.0,1.0,0.9428906651615697
4681,64c4d0aeacb7df063,True,,,,,,,,,,1.0,1.0,1.0,1.0,0.9117619758547488,1.0,0.0,1.0,1.0,0.847425617454609
4682,b84a6cb8bfc991ad3,True,,,,,,,,,,0.0,1.0,1.0,1.0,1.0,0.0,1.0,1.0,0.0,0.0
4683,d92b3534c888c4bbb,True,,,,,,,,,,0.0,0.0,0.5,1.0,1.0,0.0,0.0,0.0,0.0,0.0
4684,8b29c1e65746a1185,True,,,,,,,,,,1.0,1.0,1.0,1.0,0.6969154897549912,1.0,0.0,1.0,1.0,0.7802860905484348
4685,eb588d2e3b1e3409d,True,,,,,,,,,,1.0,1.0,1.0,1.0,0.9989789803491413,1.0,0.0,1.0,1.0,0.8746809313591066
4686,ec8c748e31436c7e5,True,,,,,,,,,,1.0,0.0,1.0,1.0,1.0,0.0,0.0,1.0,0.0,0.0
4687,1307b26ce3d38f704,True,,,,,,,,,,1.0,0.0,1.0,1.0,0.9833113150213788,1.0,0.0,1.0,0.0,0.0
4688,2028b4dbdc9149a19,True,,,,,,,,,,1.0,1.0,1.0,1.0,0.16344424205119912,1.0,1.0,1.0,0.0,0.6135763256409997
4689,981f8d9ddc9472041,True,,,,,,,,,,1.0,0.0,1.0,1.0,1.0,1.0,0.0,1.0,0.0,0.0
4690,3b99197cc8a0e07a3,True,,,,,,,,,,1.0,1.0,1.0,1.0,1.0,1.0,0.0,1.0,1.0,0.875
4691,9e8f8fed1883534f6,True,,,,,,,,,,1.0,0.0,1.0,1.0,1.0,1.0,0.0,1.0,0.0,0.0
4692,02d45c7622ee47f85,True,,,,,,,,,,1.0,1.0,0.0,1.0,1.0,1.0,1.0,1.0,0.0,0.0
4693,5959223c7ec6a8c04,True,,,,,,,,,,0.0,1.0,1.0,0.0,1.0,0.0,0.0,1.0,1.0,0.0
4694,6ca032cc95e7418a6,True,,,,,,,,,,1.0,0.0,0.0,1.0,0.8180197755586713,1.0,0.0,1.0,0.0,0.0
4695,cbe052f2880b9cd3c,True,,,,,,,,,,1.0,0.0,1.0,1.0,0.35063438244010464,1.0,1.0,1.0,0.0,0.0
4696,2cb233c37065ae18d,True,,,,,,,,,,1.0,0.0,1.0,1.0,0.7209846347518238,1.0,0.0,1.0,1.0,0.0
4697,b652abb8dca7b06f0,True,,,,,,,,,,1.0,1.0,1.0,1.0,1.0,1.0,1.0,1.0,0.0,0.875
4698,81e6ca0e63a415859,True,,,,,,,,,,1.0,1.0,1.0,1.0,0.7149796698930133,1.0,1.0,1.0,1.0,0.9109311468415666
4699,9d1689f8e6d847437,True,,,,,,,,,,1.0,1.0,0.0,1.0,1.0,1.0,0.0,1.0,0.0,0.0
4700,583a61a4880467bf7,True,,,,,,,,,,1.0,1.0,1.0,1.0,1.0,1.0,1.0,1.0,0.0,0.875
4701,aa2fc37ba0a88cfd3,True,,,,,,,,,,1.0,0.0,1.0,1.0,1.0,1.0,1.0,1.0,0.0,0.0
4702,1bb0ace72a38d2201,True,,,,,,,,,,1.0,0.0,1.0,1.0,0.7487815824411388,0.0,1.0,1.0,0.0,0.0
4703,129d3c576dc7bb588,True,,,,,,,,,,1.0,0.0,1.0,1.0,0.28184775397242096,1.0,0.0,1.0,1.0,0.0
4704,4855fc07a04961bfd,True,,,,,,,,,,0.0,1.0,1.0,0.0,1.0,0.0,0.0,1.0,0.0,0.0
4705,742d03b2d943caa9e,True,,,,,,,,,,1.0,0.0,1.0,1.0,0.7652273930507707,1.0,1.0,1.0,0.0,0.0
4706,dd0951850bdae5fd8,True,,,,,,,,,,1.0,0.0,1.0,1.0,0.7404418090525777,1.0,1.0,0.0,0.0,0.0
4707,e73143b99e1e6dcd3,True,,,,,,,,,,1.0,0.0,1.0,1.0,0.5260884735549367,1.0,0.0,1.0,1.0,0.0
4708,35dde9258cf9db5c2,True,,,,,,,,,,1.0,1.0,1.0,1.0,0.7778813849500079,1.0,0.0,1.0,1.0,0.8055879327968775
4709,fdeff0684535eaf4b,True,,,,,,,,,,1.0,1.0,1.0,1.0,0.4764275067975393,1.0,1.0,1.0,1.0,0.8363835958742311
4710,d932bcf26367122a9,True,,,,,,,,,,1.0,1.0,1.0,1.0,1.0,1.0,0.0,1.0,1.0,0.875
4711,03765fd57aa87ab53,True,,,,,,,,,,1.0,1.0,1.0,1.0,0.3543868032238325,1.0,1.0,1.0,1.0,0.7982458760074477
4712,6faa95e5cb1141518,True,,,,,,,,,,1.0,1.0,1.0,1.0,0.719684700827318,1.0,1.0,1.0,1.0,0.9124014690085369
4713,e2bde995b7f918cba,True,,,,,,,,,,1.0,1.0,1.0,1.0,0.918830106946961,1.0,0.0,1.0,1.0,0.8496344084209253
4714,ad104e5c73f603ad8,True,,,,,,,,,,1.0,1.0,1.0,1.0,0.5464782138758217,1.0,1.0,1.0,0.0,0.7332744418361943
4715,3aa9ab0760c9f1c8a,True,,,,,,,,,,1.0,1.0,1.0,1.0,0.39210068595673253,1.0,1.0,1.0,1.0,0.8100314643614789
4716,a82a0dff42f2a74f1,True,,,,,,,,,,1.0,1.0,1.0,1.0,0.582788078695542,1.0,1.0,0.0,1.0,0.7446212745923568
4717,c0ae3c7041a387641,True,,,,,,,,,,1.0,1.0,1.0,1.0,1.0,1.0,1.0,1.0,0.0,0.875
4718,1a2a9699acac9d639,True,,,,,,,,,,0.5,1.0,1.0,1.0,0.8834605904805646,0.0,0.0,1.0,1.0,0.2630407172625882
4719,8081e2cd26d042444,True,,,,,,,,,,1.0,1.0,1.0,1.0,1.0,1.0,1.0,1.0,1.0,1.0
4720,ba3335342af8a6b57,True,,,,,,,,,,1.0,1.0,1.0,1.0,0.8747089626202776,1.0,1.0,1.0,1.0,0.9608465508188367
4721,10f68fec177e9b51c,True,,,,,,,,,,1.0,0.0,1.0,1.0,0.8867757960787447,1.0,1.0,1.0,1.0,0.0
4722,5b9f80fbe5e67358f,True,,,,,,,,,,1.0,0.0,1.0,1.0,1.0,1.0,0.0,1.0,0.0,0.0
4723,767cefbd4e52c83e0,True,,,,,,,,,,1.0,0.0,1.0,1.0,0.9052547688145007,1.0,0.0,1.0,0.0,0.0
4724,0369a23acb953eeac,True,,,,,,,,,,1.0,1.0,1.0,1.0,0.873526697275839,1.0,1.0,1.0,1.0,0.9604770928986996
4725,4c86c87d1f278b79a,True,,,,,,,,,,1.0,1.0,1.0,1.0,0.7836495650087649,1.0,0.0,1.0,1.0,0.807390489065239
4726,4a6cfd874f908500b,True,,,,,,,,,,1.0,1.0,1.0,1.0,0.6680852127505638,1.0,0.0,1.0,1.0,0.7712766289845512
4727,74e23535d8622107d,True,,,,,,,,,,1.0,1.0,1.0,1.0,0.40035734253695776,1.0,1.0,1.0,0.0,0.6876116695427993
4728,f6f0f9e856ac09aa5,True,,,,,,,,,,1.0,1.0,1.0,1.0,0.5945147267928665,1.0,1.0,1.0,1.0,0.8732858521227708
4729,3428d82c17d7e5501,True,,,,,,,,,,0.5,0.0,1.0,1.0,1.0,0.0,1.0,1.0,0.0,0.0
4730,b757155200a7aea72,True,,,,,,,,,,1.0,0.0,1.0,1.0,1.0,0.0,0.0,1.0,0.0,0.0
4731,55a589ced770cbf72,True,,,,,,,,,,1.0,1.0,1.0,1.0,0.9440980392560769,1.0,1.0,1.0,1.0,0.982530637267524
4732,43510bb262d6965b6,True,,,,,,,,,,1.0,1.0,1.0,1.0,0.2195872190951826,1.0,1.0,1.0,1.0,0.7561210059672445
4733,c7d0ddf8a1a463297,True,,,,,,,,,,1.0,1.0,1.0,1.0,0.8059856035163614,1.0,0.0,1.0,1.0,0.8143705010988629
4734,c9a52fd56ee7c5ee5,True,,,,,,,,,,1.0,1.0,1.0,1.0,1.0,1.0,1.0,1.0,1.0,1.0
4735,f22018746ab277cda,True,,,,,,,,,,1.0,0.0,0.5,1.0,1.0,1.0,0.0,1.0,0.0,0.0
4736,537f7c58a5c39bec7,True,,,,,,,,,,1.0,1.0,1.0,1.0,0.791554908060113,1.0,0.0,1.0,1.0,0.8098609087687854
4737,14a7cb384c787a167,True,,,,,,,,,,1.0,0.0,1.0,1.0,0.9953176187996191,1.0,1.0,1.0,0.0,0.0
4738,78e83fee2e80cffb8,True,,,,,,,,,,1.0,1.0,1.0,1.0,0.6137332359443819,1.0,1.0,1.0,0.0,0.7542916362326193
4739,32e9d651acdfc8f82,True,,,,,,,,,,1.0,1.0,1.0,1.0,0.7284218901496803,1.0,1.0,1.0,1.0,0.9151318406717751
4740,43f9b9de05ede6a4d,True,,,,,,,,,,1.0,1.0,1.0,1.0,0.6458900555135897,1.0,1.0,1.0,0.0,0.7643406423479968
4741,14b4d5dae8ea46cbc,True,,,,,,,,,,1.0,1.0,1.0,1.0,0.8437416691989288,1.0,0.0,1.0,0.0,0.7011692716246652
4742,d1e49d53c8a87357c,True,,,,,,,,,,1.0,1.0,0.5,1.0,1.0,1.0,0.0,1.0,0.0,0.375
4743,96e86e9c0ae1056bf,True,,,,,,,,,,0.0,1.0,1.0,1.0,1.0,0.0,1.0,1.0,1.0,0.0
4744,50442ffec20a73824,True,,,,,,,,,,1.0,1.0,1.0,1.0,0.2134400409417805,1.0,0.0,1.0,1.0,0.6292000127943065
4745,606f1011a6999f264,True,,,,,,,,,,0.0,1.0,1.0,1.0,1.0,0.0,1.0,1.0,0.0,0.0
4746,210bdf510357465fe,True,,,,,,,,,,1.0,0.0,1.0,1.0,1.0,1.0,0.0,1.0,0.0,0.0
4747,5220d7e21ab6ff818,True,,,,,,,,,,1.0,0.0,1.0,1.0,0.8380335011500951,1.0,1.0,1.0,1.0,0.0
4748,46674c511c8ea3dfc,True,,,,,,,,,,1.0,1.0,1.0,1.0,0.9406783577385397,1.0,1.0,1.0,1.0,0.9814619867932937
4749,f5e271bc6f92b1f61,True,,,,,,,,,,1.0,1.0,1.0,1.0,1.0,1.0,0.0,1.0,1.0,0.875
4750,2c48bea3e93ba9e48,True,,,,,,,,,,1.0,1.0,1.0,1.0,0.8597924665097361,1.0,1.0,1.0,1.0,0.9561851457842925
4751,f13bedf0787265ff4,True,,,,,,,,,,1.0,1.0,1.0,1.0,1.0,1.0,0.0,1.0,1.0,0.875
4752,ff0db1e010ed49544,True,,,,,,,,,,1.0,1.0,1.0,1.0,1.0,1.0,0.0,1.0,0.0,0.75
4753,717d5edb3fb1f4726,True,,,,,,,,,,1.0,1.0,1.0,1.0,0.1854288391515206,1.0,0.0,1.0,0.0,0.4954465122348502
4754,6029879ac957933a1,True,,,,,,,,,,1.0,1.0,1.0,1.0,0.7435013554785723,1.0,1.0,1.0,0.0,0.7948441735870538
4755,66f77d65755a1c784,True,,,,,,,,,,1.0,0.0,1.0,1.0,0.12277141628235431,1.0,1.0,1.0,0.0,0.0
4756,616dcf87ca891dd84,True,,,,,,,,,,0.0,1.0,1.0,1.0,1.0,0.0,0.0,1.0,1.0,0.0
4757,fff9b31e14a7c9885,True,,,,,,,,,,1.0,1.0,1.0,1.0,0.4946839724280339,1.0,0.0,1.0,1.0,0.7170887413837606
4758,015f3c215167f64d9,True,,,,,,,,,,1.0,0.0,1.0,1.0,0.9483848782720409,1.0,0.0,1.0,0.0,0.0
4759,2c5a6bcca688df5f6,True,,,,,,,,,,1.0,0.0,0.0,1.0,1.0,1.0,0.0,1.0,1.0,0.0
4760,2eab4bf554ebec232,True,,,,,,,,,,1.0,1.0,1.0,1.0,0.5326899905803483,1.0,0.0,1.0,1.0,0.7289656220563588
4761,eee3dbfa0ec3233b6,True,,,,,,,,,,1.0,1.0,1.0,1.0,0.5698967336108075,1.0,1.0,1.0,1.0,0.8655927292533774
4762,1e3da3a342a445433,True,,,,,,,,,,1.0,1.0,0.5,1.0,0.7406147783196858,1.0,0.0,1.0,1.0,0.3969710591124509
4763,9923250503e62f3e8,True,,,,,,,,,,1.0,1.0,1.0,1.0,0.0725990443577558,1.0,1.0,1.0,1.0,0.7101872013617987
4764,1909b0573a163be83,True,,,,,,,,,,1.0,1.0,1.0,1.0,0.6874784358377571,1.0,1.0,1.0,0.0,0.7773370111992991
4765,597a84c12865d3cb1,True,,,,,,,,,,1.0,1.0,0.0,1.0,0.7326042718512721,1.0,0.0,1.0,1.0,0.0
4766,9d038765043662211,True,,,,,,,,,,1.0,1.0,0.5,1.0,1.0,1.0,0.0,1.0,1.0,0.4375
4767,3606310eace955ba8,True,,,,,,,,,,0.0,1.0,0.5,1.0,1.0,0.0,0.0,1.0,1.0,0.0
4768,75c698c901137829c,True,,,,,,,,,,1.0,0.0,1.0,1.0,0.6977356024834959,1.0,1.0,1.0,0.0,0.0
4769,b8adc6e76a36fd705,True,,,,,,,,,,1.0,1.0,0.0,1.0,0.7925514330905673,1.0,0.0,1.0,0.0,0.0
4770,9958c9d44c4338562,True,,,,,,,,,,1.0,1.0,1.0,1.0,0.6122670285736254,1.0,1.0,1.0,1.0,0.878833446429258
4771,b6a166b330b3673a8,True,,,,,,,,,,1.0,1.0,1.0,1.0,0.39262836974750165,1.0,1.0,1.0,1.0,0.8101963655460942
4772,1ea06c577a84beafb,True,,,,,,,,,,1.0,1.0,1.0,1.0,0.0,1.0,1.0,1.0,1.0,0.6875
4773,34112583ba024c56e,True,,,,,,,,,,0.5,0.0,1.0,1.0,1.0,0.0,1.0,1.0,0.0,0.0
4774,e0a8201279694e092,True,,,,,,,,,,0.0,1.0,1.0,1.0,1.0,0.0,1.0,1.0,1.0,0.0
4775,900aad7dc85139b3e,True,,,,,,,,,,1.0,1.0,1.0,1.0,0.7557860228047903,1.0,0.0,1.0,0.0,0.673683132126497
4776,8aabedd8189160e6a,True,,,,,,,,,,1.0,1.0,1.0,1.0,0.42297053468503965,1.0,0.0,1.0,1.0,0.6946782920890748
4777,1d31047f2f32de9e1,True,,,,,,,,,,1.0,1.0,0.0,1.0,1.0,1.0,0.0,1.0,1.0,0.0
4778,dcc637b763e600173,True,,,,,,,,,,1.0,0.0,1.0,1.0,1.0,1.0,1.0,0.0,0.0,0.0
4779,f50ba88f5b3fedfcd,True,,,,,,,,,,1.0,1.0,1.0,1.0,0.01608427767519029,1.0,0.0,1.0,1.0,0.567526336773497
4780,d27053118101aa310,True,,,,,,,,,,1.0,1.0,1.0,1.0,0.30879846803917343,1.0,0.0,1.0,1.0,0.6589995212622417
4781,d02ab95331cc7550b,True,,,,,,,,,,1.0,0.0,1.0,1.0,1.0,1.0,0.0,1.0,0.0,0.0
4782,038ec02db8bacb10c,True,,,,,,,,,,1.0,1.0,1.0,1.0,0.6472167065407955,1.0,1.0,1.0,0.0,0.7647552207939986
4783,205bfe6adc22021bb,True,,,,,,,,,,1.0,1.0,1.0,1.0,0.602951674048535,1.0,1.0,1.0,0.0,0.7509223981401671
4784,918fb02f94c16537d,True,,,,,,,,,,1.0,0.0,1.0,1.0,0.38356078623103157,1.0,1.0,1.0,0.0,0.0
4785,7158ea4fc0b59fdee,True,,,,,,,,,,1.0,1.0,1.0,1.0,0.9640508324999567,1.0,0.0,1.0,1.0,0.8637658851562364
4786,1d56f1ceb0d56960c,True,,,,,,,,,,1.0,1.0,1.0,1.0,1.0,1.0,1.0,1.0,0.0,0.875
4787,e320a3747ddfe4a53,True,,,,,,,,,,1.0,0.0,0.5,1.0,1.0,1.0,0.0,1.0,0.0,0.0
4788,3ed84fc02c7624898,True,,,,,,,,,,1.0,1.0,1.0,1.0,0.29077967747699907,1.0,1.0,1.0,1.0,0.7783686492115622
4789,18c9cb09dce594905,True,,,,,,,,,,1.0,1.0,1.0,1.0,0.5044108607477034,1.0,0.0,1.0,0.0,0.5951283939836574
4790,eaf95271513c8b2e5,True,,,,,,,,,,1.0,1.0,1.0,1.0,0.7806145711152184,1.0,1.0,1.0,1.0,0.9314420534735057
4791,5afefbf1463923c97,True,,,,,,,,,,1.0,1.0,1.0,1.0,0.6718469051164883,1.0,0.0,1.0,0.0,0.6474521578489025
4792,1b2cd068b0d562449,True,,,,,,,,,,1.0,1.0,1.0,1.0,0.12873800280256228,1.0,1.0,1.0,1.0,0.7277306258758007
4793,b24c5109d9a3320ec,True,,,,,,,,,,1.0,1.0,1.0,1.0,0.9530589595860481,1.0,0.0,1.0,1.0,0.8603309248706401
4794,a99d30f928a653d12,True,,,,,,,,,,1.0,1.0,0.5,1.0,1.0,1.0,0.0,1.0,1.0,0.4375
4795,3ff3a293385e2be07,True,,,,,,,,,,1.0,0.0,1.0,1.0,1.0,1.0,1.0,1.0,0.0,0.0
4796,756e98a2a3d823c33,True,,,,,,,,,,1.0,1.0,1.0,1.0,0.5121908281728115,1.0,0.0,1.0,1.0,0.7225596338040036
4797,234e963b7ceee8f00,True,,,,,,,,,,1.0,1.0,1.0,1.0,0.9427203747035094,1.0,1.0,1.0,1.0,0.9821001170948467
4798,2d4e4632841c3cf8e,True,,,,,,,,,,1.0,1.0,1.0,1.0,1.0,1.0,0.0,1.0,0.0,0.75
4799,8783df49ca89f8dd7,True,,,,,,,,,,1.0,0.0,0.5,1.0,1.0,1.0,0.0,1.0,0.0,0.0
4800,ece1be85754833649,True,,,,,,,,,,1.0,1.0,1.0,1.0,0.4940923686317963,1.0,0.0,1.0,0.0,0.5919038651974363
4801,5dc798ecdc1897481,True,,,,,,,,,,1.0,1.0,1.0,1.0,0.7980662258027234,1.0,0.0,1.0,1.0,0.8118956955633511
4802,d87106abfc25f2fab,True,,,,,,,,,,1.0,0.0,1.0,1.0,1.0,1.0,0.0,0.0,0.0,0.0
4803,c481b1ded8232fa61,True,,,,,,,,,,1.0,1.0,1.0,1.0,0.47719346952635383,1.0,1.0,1.0,1.0,0.8366229592269856
4804,0d70fefa06711301c,True,,,,,,,,,,1.0,1.0,1.0,1.0,0.7574657296017901,1.0,1.0,1.0,1.0,0.9242080405005595
4805,07019aee6f130ff5d,True,,,,,,,,,,1.0,1.0,1.0,1.0,0.6944705017604397,1.0,1.0,1.0,0.0,0.7795220318001375
4806,c86b538debe073fb7,True,,,,,,,,,,1.0,1.0,1.0,1.0,0.7619027682647506,1.0,1.0,1.0,0.0,0.8005946150827346
4807,5a9483df05571155b,True,,,,,,,,,,0.0,1.0,1.0,1.0,0.9017893000612619,0.0,1.0,1.0,1.0,0.0
4808,8eddcff969b67fe18,True,,,,,,,,,,1.0,0.0,1.0,1.0,0.5113627391905552,1.0,1.0,1.0,1.0,0.0
4809,a71e198a60b5a7b1b,True,,,,,,,,,,1.0,1.0,1.0,0.0,1.0,1.0,1.0,1.0,0.0,0.0
4810,2496fb23d66af6353,True,,,,,,,,,,1.0,1.0,1.0,1.0,0.3335180251008381,1.0,0.0,1.0,1.0,0.6667243828440119
4811,11143001e21e68daf,True,,,,,,,,,,1.0,1.0,0.0,1.0,0.9915128690995607,1.0,1.0,1.0,0.0,0.0
4812,87d737da1d3ba4b40,True,,,,,,,,,,1.0,1.0,1.0,1.0,0.8412047459936289,1.0,1.0,1.0,0.0,0.825376483123009
4813,630694a2f5646413d,True,,,,,,,,,,1.0,1.0,0.0,1.0,1.0,1.0,0.0,1.0,1.0,0.0
4814,ad537f45665843f16,True,,,,,,,,,,1.0,1.0,1.0,1.0,1.0,1.0,1.0,1.0,0.0,0.875
4815,b93890b60ea010aaa,True,,,,,,,,,,1.0,1.0,1.0,1.0,1.0,1.0,1.0,1.0,0.0,0.875
4816,86d3c9d6518530872,True,,,,,,,,,,1.0,1.0,1.0,1.0,0.9534111031293525,1.0,1.0,1.0,1.0,0.9854409697279227
4817,c6d10cce20bba3c8f,True,,,,,,,,,,1.0,1.0,1.0,1.0,1.0,1.0,1.0,1.0,0.0,0.875
4818,4f77731642644b559,True,,,,,,,,,,1.0,1.0,1.0,1.0,0.8457047541743907,1.0,1.0,1.0,1.0,0.9517827356794971
4819,c89e54cc4c778e2c6,True,,,,,,,,,,1.0,1.0,1.0,1.0,1.0,1.0,1.0,1.0,0.0,0.875
4820,68f17e6223ed08ff9,True,,,,,,,,,,1.0,0.0,0.5,1.0,1.0,1.0,0.0,1.0,0.0,0.0
4821,c7f30a40dbc7d2bf8,True,,,,,,,,,,1.0,1.0,1.0,1.0,0.2742907867802402,1.0,1.0,1.0,1.0,0.773215870868825
4822,fa4a246511ab86e8d,True,,,,,,,,,,1.0,0.0,0.0,1.0,1.0,1.0,0.0,1.0,1.0,0.0
4823,ab729d3e912f125a5,True,,,,,,,,,,1.0,1.0,1.0,1.0,1.0,1.0,0.0,1.0,1.0,0.875
4824,43c0e949f19e63437,True,,,,,,,,,,1.0,0.0,0.5,1.0,0.8500788505783268,1.0,0.0,1.0,0.0,0.0
4825,c548f7528dc6ad5c8,True,,,,,,,,,,1.0,1.0,1.0,1.0,0.7478240327337218,1.0,0.0,1.0,0.0,0.6711950102292881
4826,ad6a7a2414e2a5ac3,True,,,,,,,,,,1.0,0.0,0.0,1.0,1.0,1.0,0.0,1.0,1.0,0.0
4827,1f5d0fc347f539ce3,True,,,,,,,,,,0.0,0.0,1.0,1.0,1.0,0.0,0.0,1.0,0.0,0.0
4828,213fb1c5f3fda924e,True,,,,,,,,,,1.0,1.0,0.5,1.0,0.935819576113362,1.0,0.0,1.0,0.0,0.36497180876771285
4829,d0aa7f48f651d0e51,True,,,,,,,,,,1.0,0.0,1.0,1.0,1.0,1.0,1.0,1.0,0.0,0.0
4830,bd60a921930373e9e,True,,,,,,,,,,0.5,1.0,1.0,1.0,0.9820505107541498,0.0,0.0,1.0,0.0,0.2159453923053359
4831,a1467b53499fa05f6,True,,,,,,,,,,1.0,0.0,1.0,1.0,1.0,1.0,1.0,1.0,0.0,0.0
4832,cc9e04e3c4887f26c,True,,,,,,,,,,1.0,0.0,1.0,1.0,0.8504245974565956,1.0,1.0,1.0,1.0,0.0
4833,9e800327f6e34c777,True,,,,,,,,,,0.0,1.0,1.0,0.0,1.0,0.0,0.0,1.0,0.0,0.0
4834,d41d6a2f8fae47904,True,,,,,,,,,,1.0,1.0,1.0,1.0,0.04134442707178417,1.0,1.0,1.0,1.0,0.7004201334599325
4835,92eaa01aaa1cb995e,True,,,,,,,,,,1.0,1.0,1.0,1.0,0.18218982999407204,1.0,1.0,1.0,1.0,0.7444343218731475
4836,fd45bba33b3dcb719,True,,,,,,,,,,1.0,1.0,1.0,1.0,0.8519005930898619,1.0,1.0,1.0,1.0,0.9537189353405818
4837,1a06b94eb28c15802,True,,,,,,,,,,0.5,1.0,1.0,1.0,1.0,1.0,0.0,1.0,1.0,0.4375
4838,d039fdc59dc6803bb,True,,,,,,,,,,1.0,1.0,1.0,1.0,0.6640944938319772,1.0,1.0,1.0,1.0,0.8950295293224928
4839,2407bd58b67ea70b2,True,,,,,,,,,,1.0,1.0,1.0,1.0,0.38495096740330736,1.0,0.0,1.0,0.0,0.5577971773135335
4840,0a043b6dfbe71d53e,True,,,,,,,,,,1.0,1.0,1.0,1.0,0.6502971442414,1.0,0.0,1.0,0.0,0.6407178575754375
4841,b6611f13150a67e76,True,,,,,,,,,,0.0,1.0,1.0,1.0,1.0,0.0,1.0,1.0,1.0,0.0
4842,1442b131da263f4dc,True,,,,,,,,,,1.0,1.0,1.0,1.0,0.27576983094113405,1.0,0.0,1.0,0.0,0.5236780721691043
4843,e3bbe6b73a88e1b36,True,,,,,,,,,,1.0,1.0,0.5,1.0,0.9591611572704816,1.0,0.0,1.0,1.0,0.4311189308235127
4844,5dba5a1d4aea8c679,True,,,,,,,,,,1.0,1.0,1.0,1.0,0.679433388042622,1.0,0.0,1.0,0.0,0.6498229337633193
4845,9852fe25aea4c5db3,True,,,,,,,,,,1.0,1.0,1.0,1.0,0.7788307600903526,1.0,0.0,1.0,0.0,0.6808846125282352
4846,c47263e93d93b6838,True,,,,,,,,,,1.0,1.0,1.0,1.0,0.6411980380087501,0.0,0.0,1.0,1.0,0.4503743868777344
4847,59af906a1320b6ea8,True,,,,,,,,,,1.0,0.0,0.5,1.0,1.0,1.0,1.0,1.0,0.0,0.0
4848,119f45080f686caca,True,,,,,,,,,,1.0,1.0,1.0,1.0,0.321529565813403,1.0,1.0,1.0,1.0,0.7879779893166885
4849,fc3f449099625878e,True,,,,,,,,,,1.0,1.0,1.0,1.0,0.31175938531163655,1.0,0.0,1.0,1.0,0.6599248079098864
4850,4850e4897804c7f1a,True,,,,,,,,,,1.0,1.0,1.0,1.0,0.8669501674755005,1.0,0.0,1.0,0.0,0.7084219273360939
4851,e204182883d94ae66,True,,,,,,,,,,1.0,1.0,1.0,1.0,0.8255381082130705,1.0,0.0,1.0,1.0,0.8204806588165845
4852,5a6d3d8a6cd7a7d2e,True,,,,,,,,,,1.0,1.0,1.0,1.0,0.2548947945449012,1.0,0.0,1.0,0.0,0.5171546232952816
4853,02b412777e6ce82cd,True,,,,,,,,,,1.0,1.0,1.0,1.0,1.0,1.0,1.0,1.0,1.0,1.0
4854,60b000943deffcfb1,True,,,,,,,,,,1.0,1.0,1.0,1.0,0.8739363552744457,1.0,1.0,1.0,0.0,0.8356051110232643
4855,18f43a288ddc873cc,True,,,,,,,,,,1.0,1.0,1.0,1.0,0.6990475962159003,1.0,1.0,1.0,0.0,0.7809523738174688
4856,bf36dbafa15d4c261,True,,,,,,,,,,1.0,1.0,1.0,1.0,0.13809307704196708,1.0,1.0,1.0,1.0,0.7306540865756147
4857,361596ff7ead113e3,True,,,,,,,,,,1.0,1.0,1.0,1.0,0.7084997730024185,1.0,0.0,1.0,1.0,0.7839061790632558
4858,5744b52773894c061,True,,,,,,,,,,1.0,1.0,1.0,1.0,0.6738021803623084,1.0,0.0,1.0,1.0,0.7730631813632214
4859,5e35c45c67a83ec9a,True,,,,,,,,,,1.0,1.0,1.0,1.0,0.7963843441992228,1.0,1.0,1.0,1.0,0.9363701075622571
4860,d917882ea2d51f02c,True,,,,,,,,,,1.0,1.0,1.0,1.0,0.1622488989063186,1.0,0.0,1.0,0.0,0.48820278090822455
4861,22a3ae905426058d2,True,,,,,,,,,,1.0,1.0,0.0,1.0,1.0,1.0,0.0,1.0,1.0,0.0
4862,b4fddb3dce784392e,True,,,,,,,,,,0.0,1.0,1.0,1.0,1.0,0.0,0.0,1.0,0.0,0.0
4863,7ad621cdbc4494e0d,True,,,,,,,,,,1.0,1.0,1.0,1.0,0.7277771776264008,1.0,0.0,1.0,1.0,0.7899303680082502
4864,a0c6dbfad5c2cef6e,True,,,,,,,,,,1.0,1.0,0.5,1.0,1.0,1.0,0.0,1.0,1.0,0.4375
4865,f4f52070af5d450d0,True,,,,,,,,,,1.0,0.0,0.5,1.0,1.0,1.0,1.0,0.0,0.0,0.0
4866,f229cb59e31bbd82f,True,,,,,,,,,,0.0,1.0,1.0,1.0,1.0,0.0,0.0,1.0,0.0,0.0
4867,7d5a7137f0e5a166a,True,,,,,,,,,,0.0,1.0,1.0,1.0,1.0,0.0,1.0,1.0,1.0,0.0
4868,8ea9dd3d247a8435f,True,,,,,,,,,,1.0,1.0,1.0,1.0,0.15623054685914106,1.0,0.0,1.0,1.0,0.6113220458934816
4869,aaf5db378e5bb4caa,True,,,,,,,,,,1.0,0.0,0.5,1.0,1.0,1.0,0.0,1.0,0.0,0.0
4870,02a940e77418c19bc,True,,,,,,,,,,1.0,1.0,1.0,1.0,1.0,1.0,1.0,1.0,0.0,0.875
4871,f77bd4f74cbf5fa01,True,,,,,,,,,,0.0,1.0,1.0,1.0,1.0,0.0,1.0,1.0,1.0,0.0
4872,f0a661b0e2a358ecf,True,,,,,,,,,,1.0,1.0,1.0,1.0,0.38163027673224265,1.0,1.0,1.0,1.0,0.8067594614788258
4873,0b7a0cf41a68849b4,True,,,,,,,,,,1.0,1.0,1.0,1.0,0.8605617538471892,1.0,1.0,1.0,1.0,0.9564255480772467
4874,ac6225d45da8b51cf,True,,,,,,,,,,1.0,1.0,0.0,1.0,1.0,1.0,0.0,1.0,1.0,0.0
4875,787aeff562a4b851a,True,,,,,,,,,,1.0,1.0,1.0,1.0,0.2013146439770238,1.0,0.0,1.0,1.0,0.62541082624282
4876,af4ad524dc8b94ef1,True,,,,,,,,,,0.0,1.0,0.5,1.0,1.0,0.0,0.0,1.0,1.0,0.0
4877,a8335bbfcf7c51cd5,True,,,,,,,,,,1.0,1.0,1.0,1.0,0.882291949582425,1.0,0.0,1.0,1.0,0.8382162342445079
4878,ee835d04e79982ac7,True,,,,,,,,,,1.0,1.0,1.0,1.0,1.0,1.0,0.0,1.0,1.0,0.875
4879,23ab167e45e62295f,True,,,,,,,,,,1.0,0.0,0.0,1.0,1.0,1.0,0.0,1.0,0.0,0.0
4880,aede15abec43ca21b,True,,,,,,,,,,1.0,0.0,1.0,1.0,1.0,1.0,1.0,1.0,0.0,0.0
4881,ccb5c099cfbfadf38,True,,,,,,,,,,1.0,0.0,0.5,1.0,1.0,0.0,1.0,1.0,1.0,0.0
4882,6d4dbc1af5fc2435b,True,,,,,,,,,,0.0,1.0,1.0,1.0,0.5543747282712842,0.0,0.0,1.0,1.0,0.0
4883,2d044f90ee817dc19,True,,,,,,,,,,1.0,0.0,0.0,1.0,1.0,1.0,0.0,1.0,1.0,0.0
4884,e302536dfb1a897a7,True,,,,,,,,,,1.0,1.0,1.0,1.0,0.12381622430619502,0.0,0.0,1.0,0.0,0.16369257009568594
4885,41772b779157e530a,True,,,,,,,,,,1.0,1.0,1.0,1.0,0.4297930001416028,1.0,0.0,1.0,0.0,0.5718103125442509
4886,96539cf10e3cf92af,True,,,,,,,,,,0.0,1.0,1.0,1.0,1.0,0.0,1.0,1.0,1.0,0.0
4887,2c9bdc85f913f14f3,True,,,,,,,,,,1.0,1.0,1.0,1.0,0.493641839631112,1.0,1.0,1.0,0.0,0.7167630748847225
4888,b01708b022b85bbd7,True,,,,,,,,,,1.0,1.0,1.0,1.0,1.0,1.0,1.0,1.0,0.0,0.875
4889,2c7084169dfd8a99a,True,,,,,,,,,,0.0,1.0,0.5,1.0,1.0,0.0,0.0,1.0,1.0,0.0
4890,06c6fd20a526803c4,True,,,,,,,,,,0.0,1.0,1.0,1.0,1.0,0.0,1.0,1.0,1.0,0.0
4891,055b2b04eb387aadb,True,,,,,,,,,,0.5,0.0,0.5,1.0,1.0,0.0,0.0,1.0,0.0,0.0
4892,2c6298b7b191f9461,True,,,,,,,,,,1.0,1.0,1.0,1.0,0.0,1.0,1.0,1.0,1.0,0.6875
4893,a34d3365f758f1c85,True,,,,,,,,,,1.0,1.0,1.0,1.0,0.8119910673631594,1.0,0.0,1.0,1.0,0.8162472085509873
4894,4f3676dd29cda956d,True,,,,,,,,,,1.0,1.0,1.0,1.0,0.9970955493856611,1.0,0.0,1.0,0.0,0.7490923591830191
4895,f732598080ee7f0cf,True,,,,,,,,,,1.0,1.0,1.0,1.0,0.43457341789982923,1.0,1.0,1.0,0.0,0.6983041930936966
4896,f4fb6e871bef33f03,True,,,,,,,,,,1.0,0.0,0.5,1.0,1.0,1.0,0.0,1.0,0.0,0.0
4897,e892cc466b54878c6,True,,,,,,,,,,1.0,0.0,0.0,1.0,1.0,1.0,0.0,1.0,0.0,0.0
4898,cad1816ad074ec87f,True,,,,,,,,,,1.0,1.0,1.0,1.0,0.8021730939199946,1.0,1.0,1.0,1.0,0.9381790918499984
4899,eaae6fd2529ee2b0b,True,,,,,,,,,,1.0,1.0,1.0,1.0,1.0,1.0,0.0,1.0,1.0,0.875
4900,0d6f670a9daf4bde4,True,,,,,,,,,,1.0,1.0,1.0,1.0,1.0,1.0,1.0,1.0,1.0,1.0
4901,027609f1fbf1b3b16,True,,,,,,,,,,0.0,1.0,1.0,1.0,1.0,0.0,0.0,1.0,1.0,0.0
4902,752a0e5be19b82b59,True,,,,,,,,,,0.0,0.0,1.0,1.0,1.0,0.0,0.0,1.0,1.0,0.0
4903,8a89ac1132afc51b4,True,,,,,,,,,,1.0,1.0,1.0,1.0,0.8449380386540718,1.0,1.0,1.0,0.0,0.8265431370793974
4904,a30c17989141062af,True,,,,,,,,,,1.0,1.0,0.5,1.0,1.0,1.0,0.0,1.0,0.0,0.375
4905,34bba0aaea8099d53,True,,,,,,,,,,1.0,0.0,1.0,1.0,1.0,1.0,0.0,1.0,1.0,0.0
4906,913e360242a39e667,True,,,,,,,,,,1.0,1.0,1.0,1.0,0.4609526806393852,1.0,1.0,1.0,1.0,0.8315477126998079
4907,8090a94784c5adc03,True,,,,,,,,,,1.0,1.0,1.0,1.0,0.9412418700427309,1.0,1.0,1.0,1.0,0.9816380843883534
4908,ce7eec1214fedafe8,True,,,,,,,,,,1.0,1.0,1.0,1.0,0.621446348571213,1.0,0.0,1.0,0.0,0.6317019839285041
4909,a8f42da9ce93b404d,True,,,,,,,,,,1.0,0.0,0.0,1.0,1.0,1.0,0.0,0.0,0.0,0.0
4910,bec83a5e0a0ea8c80,True,,,,,,,,,,1.0,1.0,1.0,1.0,0.8602116480507994,1.0,0.0,1.0,1.0,0.8313161400158748
4911,4fd56da0ff5065a4d,True,,,,,,,,,,1.0,1.0,1.0,1.0,0.9652223485629368,1.0,1.0,1.0,0.0,0.8641319839259177
4912,f0f7f3ed13da5cccf,True,,,,,,,,,,0.0,1.0,1.0,1.0,1.0,0.0,1.0,1.0,1.0,0.0
4913,f5cba35a5a2bc646e,True,,,,,,,,,,1.0,0.0,1.0,1.0,1.0,1.0,1.0,1.0,0.0,0.0
4914,88438c22da37ffc4f,True,,,,,,,,,,0.5,1.0,1.0,1.0,1.0,1.0,1.0,1.0,1.0,0.5
4915,7feb54e1cfc0b6b33,True,,,,,,,,,,1.0,1.0,1.0,1.0,0.6801243174732042,1.0,0.0,1.0,1.0,0.7750388492103764
4916,e5f874a384d04ada1,True,,,,,,,,,,1.0,1.0,0.0,1.0,1.0,1.0,0.0,1.0,1.0,0.0
4917,d20b551bd918a2353,True,,,,,,,,,,1.0,1.0,1.0,1.0,0.6380333673454499,1.0,0.0,1.0,1.0,0.7618854272954532
4918,a874b5928d421efad,True,,,,,,,,,,1.0,1.0,1.0,1.0,0.2403191419324546,1.0,1.0,1.0,0.0,0.6375997318538921
4919,591164dffebc72c33,True,,,,,,,,,,1.0,1.0,1.0,1.0,0.8863351527551483,1.0,1.0,1.0,1.0,0.9644797352359838
4920,7db120c56ed98be5a,True,,,,,,,,,,0.0,1.0,1.0,1.0,1.0,0.0,1.0,1.0,0.0,0.0
4921,eb16cfaf356e80f1f,True,,,,,,,,,,1.0,1.0,1.0,1.0,0.9626258673459928,1.0,1.0,1.0,1.0,0.9883205835456228
4922,ec57bab7a9c75c4d0,True,,,,,,,,,,1.0,1.0,0.0,1.0,1.0,1.0,0.0,1.0,0.0,0.0
4923,50efe42947fa108c7,True,,,,,,,,,,1.0,1.0,1.0,1.0,0.3441615034434302,1.0,1.0,1.0,0.0,0.670050469826072
4924,53829d49d04c9df23,True,,,,,,,,,,1.0,0.0,1.0,1.0,0.873221521438789,1.0,0.0,1.0,0.0,0.0
4925,0ac03aaa52e160cd9,True,,,,,,,,,,1.0,0.0,1.0,1.0,0.42044248201125445,1.0,1.0,1.0,1.0,0.0
4926,f5daa83268d707022,True,,,,,,,,,,1.0,1.0,1.0,1.0,0.8345685117676632,1.0,0.0,1.0,1.0,0.8233026599273947
4927,07f1e4860bc02a04d,True,,,,,,,,,,1.0,1.0,1.0,1.0,1.0,1.0,0.0,1.0,1.0,0.875
4928,c4f1e612f0a907247,True,,,,,,,,,,1.0,1.0,1.0,1.0,0.5703825367177525,1.0,1.0,1.0,1.0,0.8657445427242977
4929,c9c198442a1efdc10,True,,,,,,,,,,1.0,0.0,1.0,1.0,1.0,1.0,1.0,1.0,0.0,0.0
4930,d9bbca7a0907304f1,True,,,,,,,,,,1.0,1.0,1.0,1.0,0.392002044294323,1.0,0.0,1.0,1.0,0.6850006388419759
4931,6b13c052d037390cc,True,,,,,,,,,,1.0,1.0,1.0,1.0,0.04921547338718461,1.0,1.0,1.0,1.0,0.7028798354334952
4932,9faeca442f57af75b,True,,,,,,,,,,0.0,1.0,1.0,1.0,1.0,0.0,0.0,1.0,1.0,0.0
4933,4225dd6384602da80,True,,,,,,,,,,1.0,1.0,1.0,1.0,0.25377116798104593,1.0,0.0,1.0,1.0,0.6418034899940769
4934,5a7bb6958f668a475,True,,,,,,,,,,0.0,1.0,1.0,1.0,1.0,0.0,1.0,1.0,0.0,0.0
4935,eb6579d91982e38e5,True,,,,,,,,,,1.0,0.0,1.0,1.0,0.4333797972501858,1.0,1.0,1.0,1.0,0.0
4936,5e7944c54a12aa9bd,True,,,,,,,,,,1.0,1.0,0.5,1.0,0.6653049296574144,1.0,0.0,1.0,1.0,0.38520389525897103
4937,370df15505429bd41,True,,,,,,,,,,1.0,1.0,1.0,1.0,0.6658064134398071,1.0,1.0,1.0,0.0,0.7705645041999397
4938,92fd62b816fa1435c,True,,,,,,,,,,1.0,1.0,0.5,1.0,1.0,1.0,0.0,1.0,1.0,0.4375
4939,9c439f9711b4d4d8a,True,,,,,,,,,,1.0,1.0,1.0,1.0,0.9161528236727988,1.0,1.0,1.0,1.0,0.9737977573977497
4940,2b5b15e806903df0c,True,,,,,,,,,,1.0,1.0,1.0,1.0,0.7695765353830142,1.0,1.0,1.0,1.0,0.9279926673071919
4941,47c8824494b12b2ae,True,,,,,,,,,,1.0,1.0,1.0,1.0,0.7304157554784523,1.0,1.0,1.0,1.0,0.9157549235870164
4942,6c5bcf6f99698fac4,True,,,,,,,,,,1.0,0.0,1.0,1.0,0.6040471933373006,1.0,1.0,1.0,1.0,0.0
4943,402bdbb00ffac92e5,True,,,,,,,,,,1.0,1.0,1.0,1.0,0.833550600494807,1.0,1.0,1.0,1.0,0.9479845626546272
4944,17f2adbc3fb3e02c2,True,,,,,,,,,,1.0,1.0,1.0,1.0,0.7913973429199812,1.0,1.0,1.0,0.0,0.8098116696624942
4945,e318affbd4be74ca2,True,,,,,,,,,,1.0,1.0,0.0,1.0,1.0,1.0,0.0,1.0,1.0,0.0
4946,02bafb0e20897c0c6,True,,,,,,,,,,1.0,0.0,0.5,1.0,0.8449071716655463,1.0,1.0,1.0,0.0,0.0
4947,669069f25d57f77ae,True,,,,,,,,,,1.0,1.0,0.0,1.0,1.0,1.0,0.0,1.0,1.0,0.0
4948,a2df1d2e1065e5f83,True,,,,,,,,,,1.0,1.0,1.0,1.0,0.40699116241501165,1.0,1.0,1.0,1.0,0.8146847382546911
4949,d9a1e3491e140bd54,True,,,,,,,,,,1.0,1.0,1.0,1.0,0.8955751896976233,1.0,1.0,1.0,0.0,0.8423672467805072
4950,e1d015abbef9b482d,True,,,,,,,,,,1.0,1.0,1.0,1.0,0.37526636444938183,1.0,0.0,1.0,0.0,0.5547707388904318
4951,9d70974d55a05357d,True,,,,,,,,,,1.0,1.0,1.0,1.0,0.7545566969682889,1.0,1.0,0.0,0.0,0.6732989678025902
4952,b594f9ffaa680c514,True,,,,,,,,,,1.0,1.0,1.0,1.0,0.841080585200335,1.0,0.0,1.0,1.0,0.8253376828751047
4953,c186ed61c25fb9316,True,,,,,,,,,,1.0,1.0,1.0,1.0,0.9170688274441291,1.0,1.0,1.0,0.0,0.8490840085762903
4954,dc9a1a64623f4ee2a,True,,,,,,,,,,1.0,1.0,1.0,1.0,0.5889915061683897,1.0,0.0,1.0,1.0,0.7465598456776218
4955,8381bad892c31cd51,True,,,,,,,,,,0.5,0.0,0.0,1.0,1.0,0.0,0.0,1.0,1.0,0.0
4956,9e3f67fd8b392a5d6,True,,,,,,,,,,1.0,1.0,1.0,1.0,0.873873317333565,1.0,1.0,1.0,1.0,0.960585411666739
4957,0db32b98281c2454b,True,,,,,,,,,,1.0,1.0,1.0,1.0,0.7040644612234761,1.0,1.0,1.0,1.0,0.9075201441323363
4958,60f4ba34fce9a6a16,True,,,,,,,,,,1.0,1.0,1.0,1.0,1.0,1.0,1.0,1.0,1.0,1.0
4959,298d36dd2179b1b09,True,,,,,,,,,,0.0,1.0,1.0,1.0,1.0,0.0,0.0,1.0,0.0,0.0
4960,614c25aa5977470dc,True,,,,,,,,,,1.0,1.0,1.0,1.0,0.7419710638779928,1.0,1.0,1.0,1.0,0.9193659574618728
4961,ee0214c25403e4214,True,,,,,,,,,,1.0,1.0,1.0,1.0,0.202828475644423,1.0,0.0,1.0,0.0,0.5008838986388822
4962,a77ac8c195ac2cc7a,True,,,,,,,,,,0.0,0.0,0.5,1.0,1.0,0.0,0.0,1.0,0.0,0.0
4963,9a1b34a6539726796,True,,,,,,,,,,1.0,1.0,1.0,1.0,0.7340178283433177,1.0,1.0,1.0,1.0,0.9168805713572867
4964,86503ecf3c1b0f902,True,,,,,,,,,,1.0,1.0,1.0,1.0,0.14771261973583213,1.0,1.0,1.0,1.0,0.7336601936674476
4965,075c6629f363025a1,True,,,,,,,,,,1.0,1.0,1.0,1.0,0.8274069959035969,1.0,1.0,1.0,1.0,0.946064686219874
4966,faa4f514f8d862142,True,,,,,,,,,,1.0,1.0,1.0,1.0,1.0,0.0,1.0,1.0,0.0,0.5625
4967,f185085421e3aa72f,True,,,,,,,,,,1.0,1.0,1.0,1.0,0.7333675916019287,1.0,1.0,1.0,0.0,0.7916773723756028
4968,858914d079ed93fdb,True,,,,,,,,,,1.0,0.0,0.5,1.0,1.0,1.0,1.0,1.0,0.0,0.0
4969,fd59576ebdf2661ee,True,,,,,,,,,,1.0,1.0,1.0,1.0,1.0,1.0,0.0,0.0,0.0,0.625
4970,71c904391b4dd4412,True,,,,,,,,,,1.0,1.0,1.0,1.0,0.6833842945435202,1.0,1.0,1.0,1.0,0.90105759204485
4971,b545597d491f4a96e,True,,,,,,,,,,1.0,1.0,1.0,1.0,0.4942384720261319,1.0,1.0,1.0,1.0,0.8419495225081662
4972,1f85e503d38a543ba,True,,,,,,,,,,1.0,1.0,1.0,1.0,0.9076312042323692,1.0,0.0,1.0,1.0,0.8461347513226154
4973,854521fa54e11652c,True,,,,,,,,,,0.0,1.0,1.0,1.0,1.0,0.0,1.0,1.0,0.0,0.0
4974,a5f9745ded4663076,True,,,,,,,,,,1.0,1.0,1.0,1.0,0.8565160091436264,1.0,0.0,1.0,1.0,0.8301612528573832
4975,76cde40b4dab9f0f1,True,,,,,,,,,,0.0,1.0,1.0,1.0,1.0,1.0,1.0,1.0,1.0,0.0
4976,129fa714e230a9eae,True,,,,,,,,,,1.0,0.0,0.5,1.0,0.7493592000953707,1.0,0.0,1.0,1.0,0.0
4977,70271e1e4a4efb5c5,True,,,,,,,,,,1.0,1.0,1.0,1.0,0.9402995586660338,1.0,0.0,1.0,0.0,0.7313436120831356
4978,1cc4886b926fd9c8b,True,,,,,,,,,,1.0,1.0,1.0,1.0,0.4707137228541728,1.0,1.0,1.0,1.0,0.834598038391929
4979,5a6f69ea54c00b6d2,True,,,,,,,,,,1.0,1.0,1.0,1.0,0.6503423359726788,1.0,1.0,1.0,1.0,0.8907319799914621
4980,53df090218b63e39f,True,,,,,,,,,,1.0,1.0,1.0,1.0,0.597227127413959,1.0,1.0,1.0,0.0,0.7491334773168622
4981,f39b90bb6aa1bbac7,True,,,,,,,,,,0.0,1.0,1.0,1.0,1.0,0.0,0.0,1.0,0.0,0.0
4982,246a9b54a485510a5,True,,,,,,,,,,0.0,1.0,1.0,0.0,1.0,0.0,1.0,1.0,1.0,0.0
4983,0c9af5dd9b0259374,True,,,,,,,,,,0.0,1.0,1.0,0.0,1.0,0.0,0.0,1.0,0.0,0.0
4984,7570ff2ee6471c7cc,True,,,,,,,,,,1.0,1.0,1.0,1.0,0.4102829298378321,1.0,0.0,1.0,1.0,0.6907134155743225
4985,973dc194fd0092c5d,True,,,,,,,,,,1.0,1.0,1.0,1.0,1.0,1.0,0.0,1.0,1.0,0.875
4986,ceeb78663a0b4f09b,True,,,,,,,,,,0.0,1.0,1.0,1.0,0.7355659559244061,0.0,0.0,1.0,0.0,0.0
4987,980cc797db6c51c02,True,,,,,,,,,,1.0,1.0,1.0,1.0,0.4976099064599491,1.0,1.0,1.0,1.0,0.8430030957687341
4988,0d82f96df900285cb,True,,,,,,,,,,1.0,1.0,1.0,1.0,0.19360223476373803,1.0,1.0,1.0,1.0,0.7480006983636681
4989,2e5a54d80147f955d,True,,,,,,,,,,1.0,1.0,1.0,1.0,0.6274015313311407,1.0,0.0,1.0,0.0,0.6335629785409815
4990,8a8e36fc6f3133ab1,True,,,,,,,,,,1.0,0.0,0.5,1.0,1.0,1.0,0.0,1.0,0.0,0.0
4991,cf6204044bf64f9d2,True,,,,,,,,,,1.0,1.0,1.0,1.0,0.7306818034259588,1.0,1.0,1.0,0.0,0.7908380635706121
4992,44e8cafa5fe4603a5,True,,,,,,,,,,0.0,1.0,1.0,1.0,1.0,0.0,1.0,1.0,1.0,0.0
4993,27c67d28b70d594c7,True,,,,,,,,,,1.0,1.0,1.0,1.0,0.8586241259007801,1.0,1.0,1.0,1.0,0.9558200393439937
4994,9011963333f646007,True,,,,,,,,,,1.0,1.0,1.0,1.0,0.6626522928184965,1.0,0.0,1.0,0.0,0.6445788415057802
4995,28416fd7feabf49fd,True,,,,,,,,,,0.0,1.0,1.0,1.0,0.8726261692697487,1.0,1.0,1.0,0.0,0.0
4996,fb23a658d96acd780,True,,,,,,,,,,1.0,1.0,1.0,1.0,1.0,1.0,0.0,1.0,0.0,0.75
4997,843ebabea0b9906f9,True,,,,,,,,,,1.0,1.0,1.0,1.0,0.32463869429786923,1.0,1.0,1.0,0.0,0.6639495919680841
4998,9b71a67f61e5fffb3,True,,,,,,,,,,1.0,0.0,0.0,1.0,1.0,1.0,0.0,1.0,1.0,0.0
4999,eb9e203aa49fcf83a,True,,,,,,,,,,1.0,0.0,1.0,1.0,1.0,1.0,0.0,1.0,1.0,0.0
5000,6d33b3de92c436972,True,,,,,,,,,,1.0,1.0,1.0,1.0,0.173274860550508,1.0,1.0,0.0,1.0,0.6166483939220337
5001,b2fc06e37171c8dd9,True,,,,,,,,,,1.0,1.0,1.0,1.0,1.0,1.0,0.0,1.0,1.0,0.875
5002,3fa4f9afc8577cdb1,True,,,,,,,,,,1.0,1.0,1.0,1.0,0.21348336050952565,1.0,0.0,1.0,0.0,0.5042135501592268
5003,5733be765824e1f33,True,,,,,,,,,,1.0,0.0,1.0,1.0,0.5649050367497191,1.0,1.0,1.0,1.0,0.0
5004,99f4cdc8eeabc0426,True,,,,,,,,,,1.0,0.0,1.0,1.0,1.0,1.0,0.0,1.0,0.0,0.0
5005,81523e3e502f7fd7f,True,,,,,,,,,,1.0,1.0,1.0,1.0,1.0,1.0,1.0,1.0,0.0,0.875
5006,bc72fc9245a523440,True,,,,,,,,,,1.0,1.0,1.0,1.0,1.0,1.0,1.0,1.0,0.0,0.875
5007,4036f3945f5783618,True,,,,,,,,,,0.0,1.0,1.0,1.0,1.0,0.0,0.0,1.0,0.0,0.0
5008,2191ef080b4043736,True,,,,,,,,,,1.0,1.0,1.0,1.0,0.8795373374278739,1.0,0.0,1.0,1.0,0.8373554179462106
5009,5de761c988f97e1fa,True,,,,,,,,,,1.0,1.0,1.0,1.0,1.0,1.0,1.0,1.0,0.0,0.875
5010,891f0c38752897ee9,True,,,,,,,,,,1.0,1.0,0.0,1.0,1.0,1.0,0.0,1.0,1.0,0.0
5011,32f2437326c9e81b2,True,,,,,,,,,,1.0,1.0,1.0,1.0,1.0,1.0,0.0,1.0,0.0,0.75
5012,7ff35ca5444967bbf,True,,,,,,,,,,1.0,1.0,1.0,1.0,0.13584486907498872,1.0,0.0,1.0,1.0,0.604951521585934
5013,556038b758f3b54f6,True,,,,,,,,,,1.0,1.0,1.0,1.0,0.9420902843812988,1.0,0.0,1.0,0.0,0.7319032138691559
5014,b6f6daabfac4fa910,True,,,,,,,,,,1.0,1.0,1.0,1.0,1.0,1.0,1.0,1.0,1.0,1.0
5015,15db590374cc3993a,True,,,,,,,,,,1.0,1.0,1.0,1.0,0.27216956583628266,1.0,1.0,1.0,1.0,0.7725529893238383
5016,8480de05eed695abf,True,,,,,,,,,,1.0,1.0,1.0,1.0,0.6537866408952825,1.0,0.0,1.0,0.0,0.6418083252797757
5017,b3d317372d76fa570,True,,,,,,,,,,1.0,1.0,0.5,1.0,0.0,1.0,0.0,1.0,1.0,0.28125
5018,6564712a0860d6518,True,,,,,,,,,,0.0,1.0,1.0,1.0,0.1858829300829556,0.0,0.0,1.0,0.0,0.0
5019,56528b515c3eb4ed5,True,,,,,,,,,,1.0,1.0,0.5,1.0,1.0,1.0,0.0,1.0,1.0,0.4375
5020,45cc427b1c222f829,True,,,,,,,,,,0.0,0.0,0.5,1.0,1.0,0.0,0.0,1.0,0.0,0.0
5021,a2aa45cf991d37699,True,,,,,,,,,,1.0,1.0,1.0,1.0,0.6766043742801996,1.0,1.0,1.0,0.0,0.7739388669625624
5022,bc8f20a64d1f52826,True,,,,,,,,,,1.0,1.0,1.0,1.0,0.7312358595675431,1.0,1.0,1.0,0.0,0.7910112061148572
5023,3dd52ad2d0d369330,True,,,,,,,,,,1.0,1.0,1.0,1.0,0.8120491111003605,1.0,0.0,1.0,1.0,0.8162653472188627
5024,88943e0d8ac52cc5f,True,,,,,,,,,,0.0,1.0,0.5,1.0,1.0,0.0,0.0,1.0,0.0,0.0
5025,b4750fa326ea1085b,True,,,,,,,,,,0.0,1.0,1.0,1.0,1.0,0.0,1.0,1.0,1.0,0.0
5026,6eb2d372480ee2f5b,True,,,,,,,,,,1.0,1.0,1.0,1.0,1.0,1.0,1.0,1.0,1.0,1.0
5027,4eb8b4fdc3085e121,True,,,,,,,,,,1.0,0.0,1.0,1.0,1.0,0.0,1.0,1.0,0.0,0.0
5028,b7f82c0f75ba493fc,True,,,,,,,,,,1.0,0.0,0.5,1.0,0.5933746311248858,1.0,1.0,1.0,0.0,0.0
5029,ef4057d8e3d8a089e,True,,,,,,,,,,1.0,1.0,0.0,1.0,1.0,1.0,0.0,1.0,1.0,0.0
5030,1c5915479f9d88e87,True,,,,,,,,,,1.0,0.0,1.0,1.0,0.23616210751256464,1.0,0.0,1.0,0.0,0.0
5031,7e63683bda8a632ba,True,,,,,,,,,,1.0,1.0,1.0,1.0,0.572407106503582,1.0,1.0,1.0,0.0,0.7413772207823693
5032,09bcac39474bd36a4,True,,,,,,,,,,1.0,1.0,1.0,1.0,0.1385826777791345,1.0,1.0,1.0,1.0,0.7308070868059795
5033,c25da0ddaa99c1dd9,True,,,,,,,,,,0.0,1.0,1.0,1.0,1.0,0.0,1.0,1.0,1.0,0.0
5034,5ae5fc96ae87f7041,True,,,,,,,,,,1.0,1.0,1.0,1.0,1.0,1.0,1.0,1.0,0.0,0.875
5035,de7117fede978534c,True,,,,,,,,,,1.0,1.0,0.5,1.0,1.0,1.0,0.0,1.0,1.0,0.4375
5036,946b593648412d83c,True,,,,,,,,,,1.0,1.0,1.0,1.0,1.0,1.0,1.0,1.0,0.0,0.875
5037,f785ce4a119cc22a1,True,,,,,,,,,,0.5,1.0,1.0,1.0,1.0,0.0,0.0,1.0,1.0,0.28125
5038,7d00bd785ae5140f2,True,,,,,,,,,,1.0,1.0,1.0,1.0,1.0,1.0,1.0,1.0,0.0,0.875
5039,802f2dcbc798db1bd,True,,,,,,,,,,1.0,0.0,1.0,1.0,1.0,1.0,0.0,1.0,0.0,0.0
5040,856438ce448da4265,True,,,,,,,,,,1.0,0.0,1.0,1.0,1.0,0.0,1.0,1.0,0.0,0.0
5041,e4dc487d828f489c8,True,,,,,,,,,,1.0,1.0,1.0,1.0,0.11471633390669346,1.0,1.0,1.0,1.0,0.7233488543458417
5042,c62f78ae6b2bb3ad4,True,,,,,,,,,,1.0,0.0,1.0,1.0,0.8266126166915411,1.0,1.0,1.0,1.0,0.0
5043,4e5f4494c8076cc5b,True,,,,,,,,,,1.0,1.0,0.0,1.0,0.835233692148873,1.0,0.0,1.0,0.0,0.0
5044,9b8863dbb1afcaba3,True,,,,,,,,,,1.0,1.0,0.5,1.0,1.0,1.0,0.0,1.0,1.0,0.4375
5045,35a201132842b0275,True,,,,,,,,,,0.0,1.0,0.0,1.0,1.0,0.0,0.0,1.0,0.0,0.0
5046,3c66eb3d48ad162dc,True,,,,,,,,,,1.0,1.0,1.0,1.0,0.6023951607610867,1.0,1.0,1.0,1.0,0.8757484877378396
5047,f0150096a41797505,True,,,,,,,,,,1.0,0.0,1.0,1.0,0.914769173295252,1.0,1.0,1.0,0.0,0.0
5048,969a72274e20ef86e,True,,,,,,,,,,1.0,1.0,1.0,1.0,0.4103593805156679,1.0,1.0,1.0,1.0,0.8157373064111462
5049,f5ffbc82e55558f49,True,,,,,,,,,,1.0,0.0,1.0,1.0,0.9429124607968313,1.0,1.0,1.0,0.0,0.0
5050,b4a96aa4d4b538e2a,True,,,,,,,,,,1.0,1.0,0.0,1.0,1.0,1.0,0.0,1.0,1.0,0.0
5051,86ef74bf900e70e17,True,,,,,,,,,,1.0,0.0,0.0,1.0,1.0,1.0,0.0,0.0,0.0,0.0
5052,b3ef71b2c228693bd,True,,,,,,,,,,1.0,1.0,1.0,1.0,0.9627143408431305,1.0,0.0,1.0,1.0,0.8633482315134783
5053,eb818e242c63c7f20,True,,,,,,,,,,1.0,1.0,1.0,1.0,0.3224126140298376,1.0,1.0,1.0,1.0,0.7882539418843242
5054,9bcb88a77a10c4c0c,True,,,,,,,,,,1.0,1.0,1.0,1.0,0.6223499491626843,1.0,0.0,1.0,1.0,0.7569843591133388
5055,956a8bcaa1a0b0856,True,,,,,,,,,,0.0,1.0,1.0,1.0,1.0,0.0,0.0,1.0,0.0,0.0
5056,b65f9c34340591fdf,True,,,,,,,,,,1.0,1.0,1.0,1.0,0.9115851996878089,0.0,0.0,1.0,0.0,0.40987037490244027
5057,6a435ef26f38889a0,True,,,,,,,,,,0.0,1.0,0.5,1.0,1.0,0.0,0.0,1.0,0.0,0.0
5058,336a85438db14731e,True,,,,,,,,,,0.0,1.0,1.0,1.0,1.0,0.0,0.0,1.0,1.0,0.0
5059,2f25ad449c40ae04c,True,,,,,,,,,,1.0,1.0,1.0,1.0,0.1978399367419922,1.0,0.0,1.0,1.0,0.6243249802318726
5060,4d27e0875d79e55cb,True,,,,,,,,,,1.0,0.0,1.0,1.0,0.548784766575968,1.0,1.0,1.0,1.0,0.0
5061,65d00ea9b07494406,True,,,,,,,,,,1.0,0.0,1.0,1.0,1.0,1.0,1.0,1.0,0.0,0.0
5062,4699eb47aa0ff2aa8,True,,,,,,,,,,0.0,1.0,0.5,1.0,1.0,0.0,0.0,1.0,1.0,0.0
5063,4c03648ccf3301fe7,True,,,,,,,,,,0.0,0.0,1.0,1.0,1.0,0.0,1.0,1.0,1.0,0.0
5064,221ee037ec27dbb36,True,,,,,,,,,,0.0,1.0,1.0,1.0,1.0,0.0,1.0,1.0,0.0,0.0
5065,b141bcb6ae7025055,True,,,,,,,,,,0.0,1.0,1.0,1.0,1.0,1.0,1.0,1.0,0.0,0.0
5066,aad606c2d4cfea9a1,True,,,,,,,,,,1.0,1.0,1.0,1.0,0.8481542258916087,1.0,0.0,1.0,0.0,0.7025481955911277
5067,afc5b9d01744dc019,True,,,,,,,,,,1.0,0.0,0.5,1.0,1.0,1.0,0.0,1.0,1.0,0.0
5068,adf39008de8774c39,True,,,,,,,,,,1.0,1.0,1.0,1.0,1.0,1.0,1.0,1.0,1.0,1.0
5069,89184cd5e26fb9bde,True,,,,,,,,,,1.0,1.0,1.0,1.0,1.0,0.0,0.0,1.0,0.0,0.4375
5070,d617dbbef56f36875,True,,,,,,,,,,1.0,1.0,1.0,1.0,0.7861872472037098,1.0,0.0,1.0,1.0,0.8081835147511593
5071,47349a858e8660e9e,True,,,,,,,,,,1.0,1.0,1.0,1.0,1.0,1.0,1.0,1.0,0.0,0.875
5072,ad82260eea030954f,True,,,,,,,,,,1.0,1.0,1.0,1.0,0.7671069126448463,1.0,1.0,1.0,0.0,0.8022209102015145
5073,f874994b902ae45d7,True,,,,,,,,,,1.0,1.0,1.0,1.0,1.0,1.0,0.0,1.0,1.0,0.875
5074,3e8522a5f8d7b3783,True,,,,,,,,,,1.0,1.0,1.0,1.0,0.9242260963985208,1.0,1.0,1.0,0.0,0.8513206551245378
5075,f6439042fbc2b78de,True,,,,,,,,,,1.0,0.0,1.0,1.0,0.48778538352667716,1.0,1.0,1.0,0.0,0.0
5076,bfba18000f192b90d,True,,,,,,,,,,1.0,1.0,1.0,1.0,0.5868225176544312,1.0,1.0,1.0,0.0,0.7458820367670097
5077,37e2413062044f037,True,,,,,,,,,,1.0,1.0,1.0,1.0,0.9481368526010779,1.0,0.0,1.0,0.0,0.7337927664378369
5078,6b41ad5e55b0662fc,True,,,,,,,,,,1.0,1.0,1.0,1.0,0.02621655763799681,1.0,1.0,1.0,1.0,0.695692674261874
5079,c6245a244902cb4af,True,,,,,,,,,,1.0,1.0,1.0,1.0,0.6462748567058333,1.0,1.0,1.0,1.0,0.8894608927205729
5080,3cf1a7b9d21da00c2,True,,,,,,,,,,1.0,1.0,1.0,1.0,0.649367357584272,1.0,0.0,1.0,1.0,0.765427299245085
5081,554118efec9ed40ce,True,,,,,,,,,,1.0,1.0,1.0,1.0,0.5242666584223454,1.0,0.0,1.0,0.0,0.6013333307569829
5082,1c9335961ee565478,True,,,,,,,,,,1.0,1.0,1.0,0.0,1.0,1.0,1.0,1.0,0.0,0.0
5083,b68edb5514fba0f3e,True,,,,,,,,,,1.0,1.0,1.0,1.0,0.6205048345466757,1.0,1.0,1.0,1.0,0.8814077607958362
5084,98d803d8ab5715cf8,True,,,,,,,,,,1.0,1.0,1.0,1.0,0.7572446697837967,1.0,1.0,0.0,0.0,0.6741389593074365
5085,bc730296c22859127,True,,,,,,,,,,1.0,1.0,1.0,1.0,0.623774256172444,1.0,1.0,1.0,1.0,0.8824294550538887
5086,daf6f2775f3fee4c9,True,,,,,,,,,,1.0,1.0,1.0,1.0,0.20105986381417754,1.0,0.0,1.0,1.0,0.6253312074419305
5087,9cef002202fcf25ea,True,,,,,,,,,,1.0,1.0,1.0,1.0,0.12011535746957343,1.0,0.0,1.0,1.0,0.6000360492092417
5088,0e655768a5fd9c8ad,True,,,,,,,,,,0.0,1.0,0.0,1.0,1.0,0.0,0.0,1.0,1.0,0.0
5089,bc6888f8da8ee3d48,True,,,,,,,,,,1.0,1.0,1.0,1.0,0.2876487689519963,1.0,0.0,1.0,1.0,0.6523902402974988
5090,c4bb99fe9ff474e51,True,,,,,,,,,,1.0,1.0,1.0,1.0,0.6312402049138273,1.0,1.0,1.0,1.0,0.884762564035571
5091,80a5f0392d8aa9afb,True,,,,,,,,,,1.0,1.0,1.0,1.0,0.9049100930710408,1.0,1.0,1.0,1.0,0.9702844040847003
5092,50c3efa45ebc549ab,True,,,,,,,,,,1.0,1.0,1.0,1.0,0.8679759307365065,1.0,0.0,1.0,1.0,0.8337424783551582
5093,ddbab6bc7b8883cc3,True,,,,,,,,,,1.0,1.0,1.0,1.0,0.786134753638406,1.0,1.0,1.0,1.0,0.9331671105120019
5094,c6e28acbe0fc41c9e,True,,,,,,,,,,1.0,1.0,1.0,1.0,0.941432193823522,1.0,0.0,1.0,0.0,0.7316975605698506
5095,a73bc7fee06a21930,True,,,,,,,,,,1.0,0.0,0.0,1.0,1.0,1.0,0.0,1.0,1.0,0.0
5096,d8d45144c24388dfb,True,,,,,,,,,,1.0,0.0,1.0,1.0,1.0,1.0,0.0,1.0,1.0,0.0
5097,bdefe051b162261a4,True,,,,,,,,,,0.0,0.0,1.0,1.0,1.0,0.0,1.0,1.0,0.0,0.0
5098,6232a0b37017c2c9f,True,,,,,,,,,,1.0,1.0,1.0,1.0,0.08726271574943717,1.0,1.0,1.0,1.0,0.7147695986716991
5099,e70eb6c2ef34c64ec,True,,,,,,,,,,1.0,1.0,1.0,1.0,0.3645221303241205,1.0,1.0,1.0,0.0,0.6764131657262876
5100,1ad6a12ee1c381847,True,,,,,,,,,,1.0,1.0,1.0,1.0,0.7475383183817891,1.0,0.0,1.0,1.0,0.796105724494309
5101,31944303cafb772a3,True,,,,,,,,,,0.0,1.0,1.0,1.0,1.0,0.0,1.0,1.0,0.0,0.0
5102,ac657cb166434db62,True,,,,,,,,,,1.0,1.0,1.0,1.0,0.7559837034382725,1.0,1.0,1.0,1.0,0.9237449073244601
5103,c37d82f1251543152,True,,,,,,,,,,1.0,1.0,1.0,1.0,0.7788307600903526,1.0,0.0,1.0,0.0,0.6808846125282352
5104,474ead815a6e92542,True,,,,,,,,,,1.0,1.0,1.0,1.0,1.0,1.0,0.0,1.0,1.0,0.875
5105,71afcb9b1ac436e14,True,,,,,,,,,,1.0,1.0,1.0,1.0,0.6962268073919139,1.0,1.0,1.0,0.0,0.7800708773099732
5106,2db08d812a386295d,True,,,,,,,,,,1.0,1.0,1.0,1.0,1.0,1.0,1.0,1.0,1.0,1.0
5107,01d3cc0b8eddd804c,True,,,,,,,,,,1.0,1.0,1.0,1.0,0.8139264009375266,1.0,0.0,1.0,0.0,0.6918520002929771
5108,5f19a901791abf90c,True,,,,,,,,,,1.0,0.0,0.5,1.0,0.5617597997933136,1.0,0.0,1.0,1.0,0.0
5109,974e05c39e876c78a,True,,,,,,,,,,1.0,1.0,1.0,1.0,0.7134372823635194,1.0,0.0,1.0,1.0,0.7854491507385999
5110,c4c07e77aa29efd40,True,,,,,,,,,,1.0,1.0,1.0,1.0,0.9164350161697201,1.0,1.0,1.0,1.0,0.9738859425530375
5111,e7a9f463ef537b333,True,,,,,,,,,,1.0,1.0,1.0,1.0,1.0,1.0,1.0,1.0,1.0,1.0
5112,3b556146eac4e59da,True,,,,,,,,,,1.0,1.0,1.0,1.0,0.9924652669778727,1.0,0.0,1.0,0.0,0.7476453959305852
5113,067988277091a3762,True,,,,,,,,,,1.0,1.0,1.0,1.0,0.6373242783740859,1.0,1.0,1.0,0.0,0.7616638369919019
5114,6d02e71114637a043,True,,,,,,,,,,1.0,0.0,0.5,1.0,0.7727814380253216,1.0,1.0,1.0,0.0,0.0
5115,2c126d0b4fc4f59f6,True,,,,,,,,,,1.0,1.0,1.0,1.0,1.0,1.0,1.0,1.0,0.0,0.875
5116,7d4dd35efebf5aa8f,True,,,,,,,,,,1.0,1.0,1.0,1.0,1.0,1.0,0.0,1.0,0.0,0.75
5117,d73385f96b3a8b16d,True,,,,,,,,,,1.0,0.0,1.0,1.0,0.8179228129981085,1.0,1.0,1.0,0.0,0.0
5118,ab7e7c6fb9f3451a3,True,,,,,,,,,,1.0,0.0,1.0,1.0,1.0,1.0,0.0,1.0,0.0,0.0
5119,3b82c1b1ab67f0c9a,True,,,,,,,,,,1.0,0.0,1.0,1.0,0.4107435556505369,1.0,0.0,1.0,0.0,0.0
5120,f55f780bee7a572bb,True,,,,,,,,,,1.0,0.0,0.0,1.0,1.0,1.0,0.0,1.0,0.0,0.0
5121,c2ee3d175867a9e7a,True,,,,,,,,,,1.0,0.0,1.0,1.0,0.9202246902898835,1.0,1.0,1.0,1.0,0.0
5122,e2b3b0ba92343745a,True,,,,,,,,,,1.0,0.0,0.5,1.0,1.0,1.0,0.0,1.0,1.0,0.0
5123,a4405612b58117ecc,True,,,,,,,,,,1.0,1.0,1.0,1.0,0.5472359386523982,1.0,1.0,1.0,1.0,0.8585112308288745
5124,5ac7230087ab9e9cc,True,,,,,,,,,,1.0,1.0,0.0,1.0,1.0,1.0,0.0,1.0,1.0,0.0
5125,fb56a869a86a4e9ee,True,,,,,,,,,,1.0,1.0,1.0,1.0,0.8224257879100817,1.0,1.0,0.0,0.0,0.6945080587219006
5126,d8126a7e3ab8882d8,True,,,,,,,,,,1.0,0.0,0.5,1.0,0.5564587830873652,1.0,0.0,1.0,1.0,0.0
5127,f24aff9d7884c81d2,True,,,,,,,,,,0.5,0.0,1.0,1.0,1.0,0.0,1.0,1.0,0.0,0.0
5128,bec8d578f7182bbcd,True,,,,,,,,,,1.0,1.0,1.0,1.0,1.0,1.0,0.0,1.0,1.0,0.875
5129,0d85be806c3ea78b8,True,,,,,,,,,,1.0,1.0,1.0,1.0,1.0,1.0,0.0,1.0,1.0,0.875
5130,ed0f40ad04605d018,True,,,,,,,,,,0.0,1.0,0.0,1.0,1.0,0.0,0.0,1.0,1.0,0.0
5131,dab22ead12dbdd7e4,True,,,,,,,,,,1.0,1.0,1.0,1.0,0.44429108988813243,1.0,1.0,1.0,0.0,0.7013409655900413
5132,62c7829548c7f7e94,True,,,,,,,,,,1.0,1.0,1.0,1.0,1.0,1.0,0.0,1.0,0.0,0.75
5133,11e5a12ad80226150,True,,,,,,,,,,1.0,1.0,0.0,1.0,0.7738008414680676,1.0,0.0,1.0,1.0,0.0
5134,b8a844b02dc16c393,True,,,,,,,,,,1.0,1.0,1.0,1.0,0.1502815698107399,1.0,1.0,1.0,1.0,0.7344629905658562
5135,2e2b274bd113ed59f,True,,,,,,,,,,1.0,0.0,1.0,1.0,0.7214396219974549,1.0,1.0,1.0,1.0,0.0
5136,fa2224428f7eab22f,True,,,,,,,,,,1.0,1.0,1.0,0.0,1.0,1.0,1.0,1.0,0.0,0.0
5137,7d0e6ab1e39a11f7e,True,,,,,,,,,,1.0,1.0,0.5,1.0,0.4523806338795613,1.0,1.0,1.0,0.0,0.35193447404368144
5138,b5be28ec54c28eea8,True,,,,,,,,,,1.0,1.0,0.0,1.0,1.0,1.0,0.0,1.0,1.0,0.0
5139,731d0bae35b763cde,True,,,,,,,,,,1.0,0.0,1.0,1.0,0.6142825212319936,1.0,0.0,1.0,1.0,0.0
5140,90411c0174cf07251,True,,,,,,,,,,1.0,1.0,1.0,1.0,0.7833030299596343,1.0,1.0,1.0,0.0,0.8072821968623858
5141,4d45bc29714d004dd,True,,,,,,,,,,1.0,0.0,0.0,1.0,1.0,1.0,0.0,1.0,0.0,0.0
5142,3adb9fc78ee100b06,True,,,,,,,,,,1.0,0.0,1.0,1.0,1.0,1.0,0.0,1.0,1.0,0.0
5143,ca20bcf8f65e1fa9b,True,,,,,,,,,,1.0,1.0,1.0,1.0,0.2709439705853123,1.0,1.0,1.0,1.0,0.77216999080791
5144,6e7f645a1e9a9337a,True,,,,,,,,,,0.0,0.0,1.0,1.0,1.0,0.0,0.0,1.0,1.0,0.0
5145,30123728ead1b4804,True,,,,,,,,,,0.0,1.0,1.0,1.0,1.0,0.0,1.0,1.0,1.0,0.0
5146,eabd2a62e5069e1a4,True,,,,,,,,,,1.0,1.0,1.0,1.0,0.9100098148048121,1.0,1.0,1.0,0.0,0.8468780671265038
5147,a8d83051ac2ad2fa2,True,,,,,,,,,,1.0,1.0,1.0,1.0,0.9268197482146636,1.0,0.0,1.0,1.0,0.8521311713170824
5148,f8d618822ef33e7b0,True,,,,,,,,,,1.0,1.0,1.0,1.0,0.693897749722543,1.0,1.0,1.0,0.0,0.7793430467882947
5149,9451e8ef901cc6db5,True,,,,,,,,,,1.0,1.0,1.0,1.0,0.6013641816407455,1.0,1.0,1.0,1.0,0.8754263067627329
5150,69983915889fb6856,True,,,,,,,,,,1.0,1.0,1.0,1.0,0.1887977064199666,1.0,0.0,1.0,0.0,0.49649928325623954
5151,3e4706910942fcca4,True,,,,,,,,,,1.0,1.0,1.0,1.0,1.0,1.0,1.0,1.0,1.0,1.0
5152,ca6194714b4b58cfb,True,,,,,,,,,,1.0,1.0,1.0,1.0,1.0,1.0,0.0,0.0,0.0,0.625
5153,13f7d51df20a8dc66,True,,,,,,,,,,1.0,1.0,0.0,1.0,1.0,1.0,0.0,1.0,0.0,0.0
5154,55c8727d5f4634051,True,,,,,,,,,,1.0,1.0,1.0,1.0,0.5526507879372194,1.0,1.0,1.0,1.0,0.860203371230381
5155,b6e21e56bbdb5ba68,True,,,,,,,,,,1.0,1.0,1.0,1.0,0.9514521600467674,1.0,1.0,1.0,0.0,0.8598288000146148
5156,c28f4287e75996da4,True,,,,,,,,,,1.0,1.0,1.0,1.0,1.0,1.0,0.0,1.0,0.0,0.75
5157,7acc87fed29fbe645,True,,,,,,,,,,1.0,1.0,0.5,1.0,1.0,1.0,0.0,1.0,1.0,0.4375
5158,a07db051c3599a582,True,,,,,,,,,,1.0,1.0,0.5,1.0,0.5619767757875026,1.0,0.0,1.0,1.0,0.36905887121679726
5159,d53c9d9cbcfbfd03f,True,,,,,,,,,,1.0,1.0,1.0,1.0,0.3523390301319671,1.0,1.0,1.0,0.0,0.6726059469162398
5160,6c19dab64235f6915,True,,,,,,,,,,1.0,0.0,1.0,1.0,0.5197562167516379,1.0,1.0,1.0,0.0,0.0
5161,e4f6fd6cc0e09d70c,True,,,,,,,,,,1.0,1.0,1.0,1.0,1.0,1.0,1.0,1.0,1.0,1.0
5162,52c153c82d99556d6,True,,,,,,,,,,1.0,0.0,0.0,1.0,1.0,1.0,0.0,1.0,0.0,0.0
5163,987cd2bac2de5285e,True,,,,,,,,,,1.0,1.0,1.0,1.0,0.23748854169112585,1.0,1.0,1.0,1.0,0.7617151692784768
5164,fa217f69e5273bf53,True,,,,,,,,,,1.0,0.0,1.0,1.0,0.39249562112496467,1.0,1.0,1.0,1.0,0.0
5165,786f6723260569e56,True,,,,,,,,,,1.0,1.0,1.0,1.0,1.0,1.0,0.0,1.0,0.0,0.75
5166,00d194f38b3f05c1e,True,,,,,,,,,,1.0,1.0,0.5,1.0,1.0,1.0,0.0,1.0,1.0,0.4375
5167,d8c1cf6f6a65ad21d,True,,,,,,,,,,1.0,0.0,0.5,1.0,1.0,1.0,0.0,1.0,0.0,0.0
5168,67ceda29f620bb598,True,,,,,,,,,,0.0,1.0,1.0,1.0,1.0,0.0,1.0,1.0,0.0,0.0
5169,aa2d7b83ea2052e20,True,,,,,,,,,,1.0,1.0,1.0,1.0,0.8372216379252274,1.0,1.0,1.0,0.0,0.8241317618516335
5170,b3c7672d677c644c7,True,,,,,,,,,,1.0,1.0,1.0,1.0,0.8634519657071774,1.0,1.0,1.0,0.0,0.8323287392834929
5171,8d911e0483906d5f9,True,,,,,,,,,,1.0,1.0,1.0,1.0,1.0,1.0,1.0,1.0,1.0,1.0
5172,c293d0be2f2680817,True,,,,,,,,,,1.0,0.0,0.5,1.0,1.0,1.0,0.0,0.0,0.0,0.0
5173,f35c027e64ad46b30,True,,,,,,,,,,1.0,0.0,1.0,1.0,0.6737474845603235,1.0,1.0,1.0,0.0,0.0
5174,4287573d9633c7d2c,True,,,,,,,,,,1.0,1.0,1.0,1.0,0.8149475717168755,1.0,0.0,1.0,1.0,0.8171711161615236
5175,0d2f41b0b8ec0376a,True,,,,,,,,,,1.0,1.0,1.0,1.0,0.7489863525303078,1.0,0.0,1.0,0.0,0.6715582351657212
5176,e64bbff1f3e0c30be,True,,,,,,,,,,1.0,1.0,1.0,1.0,0.21562593399979887,1.0,0.0,1.0,1.0,0.6298831043749371
5177,ca9e9b5a18bc96373,True,,,,,,,,,,1.0,1.0,1.0,1.0,0.8230847786283184,1.0,0.0,1.0,1.0,0.8197139933213495
5178,ae2bc6336b41077f4,True,,,,,,,,,,1.0,1.0,1.0,1.0,0.2977251232672362,1.0,0.0,1.0,1.0,0.6555391010210113
5179,c03a37189cd1ca69a,True,,,,,,,,,,0.0,1.0,1.0,1.0,1.0,0.0,0.0,1.0,1.0,0.0
5180,bb77c49defa6c4631,True,,,,,,,,,,1.0,0.0,1.0,1.0,0.770063815871865,1.0,1.0,1.0,1.0,0.0
5181,0327a1d58fc2a7c5d,True,,,,,,,,,,1.0,1.0,1.0,1.0,0.7855210670981573,1.0,1.0,1.0,1.0,0.9329753334681742
5182,24474e28c524b8a8a,True,,,,,,,,,,1.0,1.0,1.0,1.0,1.0,1.0,0.0,1.0,1.0,0.875
5183,8124438bc47b3654f,True,,,,,,,,,,1.0,1.0,0.0,1.0,1.0,1.0,0.0,1.0,1.0,0.0
5184,39cc92992ccc3244a,True,,,,,,,,,,1.0,1.0,1.0,1.0,0.9784346829474233,1.0,0.0,1.0,0.0,0.7432608384210697
5185,c03cd29553653d383,True,,,,,,,,,,0.0,1.0,1.0,1.0,1.0,1.0,1.0,1.0,0.0,0.0
5186,2614f6ffeaef993a9,True,,,,,,,,,,1.0,1.0,1.0,1.0,0.6532457541943093,1.0,0.0,1.0,0.0,0.6416392981857216
5187,a538a6acee46ef831,True,,,,,,,,,,1.0,1.0,1.0,1.0,0.8615967452208152,1.0,0.0,1.0,1.0,0.8317489828815048
5188,5415935ab116cd94f,True,,,,,,,,,,1.0,1.0,1.0,1.0,0.6650617302097953,1.0,1.0,1.0,0.0,0.770331790690561
5189,d4b0d052629a32f79,True,,,,,,,,,,1.0,1.0,1.0,1.0,1.0,1.0,1.0,1.0,1.0,1.0
5190,f803ae18d279169ec,True,,,,,,,,,,1.0,1.0,1.0,1.0,0.49812834346253426,1.0,0.0,1.0,1.0,0.718165107332042
5191,d32b81cb4448f19f1,True,,,,,,,,,,1.0,1.0,1.0,1.0,0.48535849845301693,1.0,0.0,1.0,1.0,0.7141745307665678
5192,9b4f213c9ca37efb2,True,,,,,,,,,,1.0,1.0,1.0,1.0,1.0,1.0,0.0,1.0,1.0,0.875
5193,bae5ac57314f7412b,True,,,,,,,,,,1.0,0.0,1.0,1.0,1.0,1.0,1.0,1.0,1.0,0.0
5194,dad71058266c1b1e8,True,,,,,,,,,,1.0,1.0,1.0,1.0,1.0,1.0,1.0,1.0,0.0,0.875
5195,35af9247ec4aef73d,True,,,,,,,,,,1.0,1.0,1.0,1.0,0.8234860660001964,1.0,1.0,1.0,1.0,0.9448393956250614
5196,ad467d131723f8e9e,True,,,,,,,,,,1.0,1.0,1.0,1.0,0.7837484210497563,1.0,1.0,0.0,1.0,0.8074213815780489
5197,b0b33738475eb449a,True,,,,,,,,,,1.0,1.0,0.0,1.0,0.8172340894667266,1.0,0.0,1.0,1.0,0.0
5198,0005b7348b80106e2,True,,,,,,,,,,1.0,1.0,1.0,1.0,1.0,1.0,1.0,1.0,1.0,1.0
5199,3eb13673463836283,True,,,,,,,,,,1.0,1.0,1.0,1.0,0.16300117611830778,1.0,1.0,1.0,1.0,0.7384378675369712
5200,5453eaf707e343346,True,,,,,,,,,,1.0,1.0,1.0,1.0,0.6868509174447016,1.0,1.0,1.0,0.0,0.7771409117014693
5201,71825455da2cde07d,True,,,,,,,,,,1.0,1.0,1.0,1.0,0.6346016934320576,1.0,1.0,1.0,0.0,0.760813029197518
5202,3331cabab3946bf78,True,,,,,,,,,,1.0,1.0,1.0,1.0,0.7351132532889134,1.0,1.0,1.0,1.0,0.9172228916527855
5203,7fa72ac59f374d3ab,True,,,,,,,,,,0.0,1.0,1.0,1.0,1.0,0.0,1.0,1.0,1.0,0.0
5204,a8cfebbab95e53606,True,,,,,,,,,,1.0,1.0,1.0,1.0,0.7009983071593466,1.0,1.0,1.0,1.0,0.9065619709872959
5205,09f2c709af42130ee,True,,,,,,,,,,1.0,1.0,1.0,1.0,0.07286567405669125,1.0,0.0,1.0,1.0,0.585270523142716
5206,9d3a947ac7ae15c8a,True,,,,,,,,,,0.0,1.0,1.0,1.0,1.0,0.0,0.0,1.0,0.0,0.0
5207,31cff30cd9b0dac82,True,,,,,,,,,,1.0,1.0,1.0,1.0,0.6061930791241955,1.0,0.0,1.0,1.0,0.7519353372263111
5208,bccc789380086dadb,True,,,,,,,,,,1.0,1.0,1.0,1.0,0.21416474450418863,1.0,0.0,1.0,0.0,0.504426482657559
5209,3affb77370b09f4d7,True,,,,,,,,,,1.0,1.0,1.0,1.0,0.8293510157170706,1.0,0.0,1.0,1.0,0.8216721924115846
5210,9346180ef7437e555,True,,,,,,,,,,1.0,1.0,1.0,1.0,0.6562893635435352,1.0,0.0,1.0,1.0,0.7675904261073547
5211,da024028d53215ba3,True,,,,,,,,,,1.0,1.0,1.0,1.0,0.7344959965820812,1.0,1.0,1.0,1.0,0.9170299989319004
5212,36c18e8d239512a08,True,,,,,,,,,,1.0,1.0,1.0,1.0,1.0,1.0,0.0,1.0,1.0,0.875
5213,c9e15316a3a9036a8,True,,,,,,,,,,1.0,0.0,1.0,1.0,0.7844007610959683,1.0,1.0,1.0,1.0,0.0
5214,fedf09c50e4a8ef7b,True,,,,,,,,,,1.0,1.0,1.0,1.0,0.11902325921821556,1.0,0.0,1.0,1.0,0.5996947685056924
5215,d62c06587889c5e1b,True,,,,,,,,,,1.0,0.0,1.0,1.0,1.0,1.0,0.0,1.0,1.0,0.0
5216,6dfd14bd1bef71d80,True,,,,,,,,,,1.0,1.0,1.0,1.0,0.7778998536529532,1.0,0.0,1.0,1.0,0.8055937042665479
5217,90bd22f98b4c8c0db,True,,,,,,,,,,1.0,1.0,0.5,1.0,1.0,1.0,0.0,1.0,0.0,0.375
5218,65d1dc0e08fdbab3c,True,,,,,,,,,,1.0,1.0,1.0,1.0,1.0,0.0,0.0,0.0,0.0,0.3125
5219,7e4af807f673c946b,True,,,,,,,,,,1.0,0.0,1.0,1.0,0.8011737933394745,1.0,0.0,1.0,1.0,0.0
5220,628be721855b43213,True,,,,,,,,,,1.0,1.0,1.0,1.0,0.8675542390849771,1.0,1.0,1.0,0.0,0.8336106997140553
5221,1b4910e763891cfbd,True,,,,,,,,,,0.0,0.0,0.5,1.0,1.0,0.0,0.0,1.0,0.0,0.0
5222,8f284d670d5b623bf,True,,,,,,,,,,1.0,1.0,1.0,1.0,0.7038674724719702,1.0,1.0,1.0,1.0,0.9074585851474907
5223,16d22cc23e0b4cce8,True,,,,,,,,,,0.0,0.0,1.0,1.0,1.0,0.0,0.0,0.0,0.0,0.0
5224,8d9bc38e815347396,True,,,,,,,,,,1.0,1.0,1.0,1.0,0.2586601142343692,1.0,0.0,1.0,1.0,0.6433312856982404
5225,ae43de39d8b2ab73c,True,,,,,,,,,,1.0,1.0,1.0,1.0,0.0,1.0,0.0,1.0,1.0,0.5625
5226,14fb3ae1207501c5b,True,,,,,,,,,,1.0,1.0,1.0,1.0,0.7083348885238342,1.0,1.0,1.0,1.0,0.9088546526636982
5227,6280da1271d9fac21,True,,,,,,,,,,0.0,1.0,1.0,1.0,1.0,0.0,0.0,1.0,0.0,0.0
5228,ef66f2c0cf4893824,True,,,,,,,,,,1.0,0.0,0.5,1.0,1.0,1.0,0.0,1.0,0.0,0.0
5229,db5fcc30f71c49f32,True,,,,,,,,,,1.0,1.0,1.0,1.0,0.640499392494286,1.0,0.0,1.0,1.0,0.7626560601544644
5230,2cce2f9aeacb49d13,True,,,,,,,,,,1.0,1.0,1.0,1.0,0.7931948200164363,0.0,0.0,1.0,1.0,0.49787338125513636
5231,e131606576698bb6b,True,,,,,,,,,,1.0,1.0,1.0,1.0,1.0,1.0,1.0,1.0,1.0,1.0
5232,7b53923d6ec4115f3,True,,,,,,,,,,1.0,0.0,0.0,1.0,1.0,1.0,0.0,1.0,1.0,0.0
5233,a244e51837aaa9bc4,True,,,,,,,,,,1.0,1.0,1.0,1.0,1.0,1.0,0.0,1.0,1.0,0.875
5234,f9b79d00824722fc5,True,,,,,,,,,,1.0,1.0,1.0,1.0,0.41813676892456053,1.0,1.0,1.0,0.0,0.6931677402889251
5235,e4cc46ea076c674d9,True,,,,,,,,,,1.0,1.0,1.0,1.0,0.5961367725578963,1.0,0.0,1.0,0.0,0.6237927414243426
5236,1fb46d16a4f179ce1,True,,,,,,,,,,1.0,1.0,0.0,1.0,1.0,1.0,0.0,1.0,1.0,0.0
5237,286d0110f79f8450c,True,,,,,,,,,,1.0,1.0,1.0,1.0,0.8127964474023931,1.0,0.0,1.0,1.0,0.8164988898132479
5238,9b4e2ae84afe8c832,True,,,,,,,,,,1.0,1.0,1.0,1.0,0.9203372342247849,1.0,1.0,1.0,0.0,0.8501053856952453
5239,f836208030ee5d621,True,,,,,,,,,,1.0,1.0,0.0,1.0,1.0,0.0,0.0,1.0,0.0,0.0
5240,a387296016f95192a,True,,,,,,,,,,1.0,1.0,1.0,1.0,0.16364502570166672,1.0,1.0,1.0,1.0,0.7386390705317709
5241,bb22e24798c605096,True,,,,,,,,,,1.0,1.0,1.0,1.0,0.9781979325055774,1.0,1.0,1.0,0.0,0.8681868539079929
5242,5cabba46461e04874,True,,,,,,,,,,1.0,1.0,1.0,1.0,0.9826196418457471,1.0,0.0,1.0,0.0,0.744568638076796
5243,7ce8dbee04817c7de,True,,,,,,,,,,1.0,1.0,1.0,1.0,0.5546592825218832,1.0,0.0,1.0,1.0,0.7358310257880885
5244,bf934afd68e4b2573,True,,,,,,,,,,1.0,1.0,1.0,1.0,0.32787372367388434,1.0,0.0,1.0,1.0,0.6649605386480888
5245,8c19ef349d4fc37cb,True,,,,,,,,,,1.0,1.0,1.0,1.0,0.9761354235932042,1.0,1.0,1.0,1.0,0.9925423198728762
5246,583b2af0de861778c,True,,,,,,,,,,1.0,1.0,0.5,1.0,1.0,1.0,0.0,1.0,1.0,0.4375
5247,c73e5118fba3f9c3f,True,,,,,,,,,,1.0,1.0,1.0,1.0,0.7048590123836882,1.0,0.0,1.0,1.0,0.7827684413699025
5248,1a8fcc346a063b55c,True,,,,,,,,,,0.0,1.0,1.0,1.0,1.0,0.0,1.0,1.0,1.0,0.0
5249,2f1ef51a33585046a,True,,,,,,,,,,1.0,1.0,1.0,1.0,1.0,1.0,0.0,1.0,0.0,0.75
5250,5cfc1b909ca5a6869,True,,,,,,,,,,1.0,0.0,0.0,1.0,1.0,1.0,0.0,1.0,1.0,0.0
5251,6eaee379045fa8bd9,True,,,,,,,,,,1.0,1.0,1.0,1.0,0.9980474699169463,1.0,0.0,1.0,0.0,0.7493898343490457
5252,aaa4df0b0ab15d438,True,,,,,,,,,,1.0,1.0,1.0,0.0,1.0,1.0,0.0,1.0,0.0,0.0
5253,fb36accc7106e30af,True,,,,,,,,,,1.0,0.0,1.0,1.0,0.7158883561844372,1.0,0.0,1.0,0.0,0.0
5254,c601af4262caa25fe,True,,,,,,,,,,1.0,1.0,1.0,1.0,0.6743927299716972,1.0,0.0,1.0,1.0,0.7732477281161554
5255,de3881c003667e53e,True,,,,,,,,,,1.0,1.0,1.0,1.0,1.0,1.0,0.0,1.0,1.0,0.875
5256,7128f87176a382be0,True,,,,,,,,,,0.0,1.0,1.0,1.0,1.0,0.0,1.0,1.0,0.0,0.0
5257,80d8583368d2573b4,True,,,,,,,,,,0.5,0.0,1.0,1.0,1.0,0.0,1.0,1.0,1.0,0.0
5258,3c8a99a0db652a225,True,,,,,,,,,,0.0,1.0,1.0,1.0,1.0,0.0,0.0,1.0,1.0,0.0
5259,39dac9068ac428048,True,,,,,,,,,,1.0,1.0,1.0,1.0,0.6467849346271984,1.0,0.0,1.0,1.0,0.7646202920709995
5260,87b88ec189315a232,True,,,,,,,,,,1.0,1.0,1.0,1.0,0.663287567661421,1.0,1.0,1.0,0.0,0.7697773648941941
5261,c35bfd24684ea8d55,True,,,,,,,,,,1.0,1.0,1.0,1.0,0.871592611681757,0.0,0.0,1.0,1.0,0.5223726911505491
5262,11c4a9e4096f68947,True,,,,,,,,,,1.0,1.0,1.0,1.0,0.8057299981784598,1.0,1.0,1.0,1.0,0.9392906244307687
5263,d31a201a98822b2ce,True,,,,,,,,,,1.0,1.0,1.0,1.0,0.0868178094418276,1.0,1.0,1.0,1.0,0.7146305654505711
5264,1291da52f5c1dfbde,True,,,,,,,,,,1.0,1.0,1.0,1.0,0.4493347962613746,1.0,0.0,1.0,1.0,0.7029171238316796
5265,8966a0b08b0be94e9,True,,,,,,,,,,1.0,1.0,0.0,1.0,1.0,1.0,0.0,1.0,1.0,0.0
5266,54f184883023efbf9,True,,,,,,,,,,1.0,1.0,1.0,1.0,0.6197327702793579,1.0,1.0,1.0,1.0,0.8811664907122994
5267,4fa35324bdae11dda,True,,,,,,,,,,1.0,0.0,0.5,1.0,1.0,1.0,1.0,1.0,0.0,0.0
5268,33ff9ec8e9bc148c8,True,,,,,,,,,,1.0,1.0,1.0,1.0,0.25182042057487736,1.0,1.0,1.0,1.0,0.7661938814296492
5269,9db723ede5227209d,True,,,,,,,,,,1.0,1.0,0.5,1.0,1.0,1.0,0.0,0.0,1.0,0.375
5270,d02247bc43841f48b,True,,,,,,,,,,1.0,1.0,1.0,1.0,0.0,1.0,0.0,1.0,0.0,0.4375
5271,de0ea29426ca0c381,True,,,,,,,,,,1.0,1.0,1.0,1.0,0.8098889361134599,1.0,0.0,1.0,1.0,0.8155902925354562
5272,b817b5a5887d3fa36,True,,,,,,,,,,1.0,1.0,1.0,1.0,0.17637448121690066,1.0,1.0,1.0,1.0,0.7426170253802815
5273,d362ccbdddf4e0d3f,True,,,,,,,,,,1.0,0.0,1.0,1.0,1.0,1.0,0.0,1.0,0.0,0.0
5274,28203b9c4a54e7875,True,,,,,,,,,,0.0,1.0,1.0,1.0,1.0,0.0,0.0,1.0,0.0,0.0
5275,7441ab5cb1d596d66,True,,,,,,,,,,1.0,1.0,1.0,1.0,0.18651745013214546,1.0,1.0,1.0,1.0,0.7457867031662955
5276,b3597b197644a67ba,True,,,,,,,,,,1.0,1.0,1.0,1.0,0.46464514801326395,1.0,1.0,1.0,1.0,0.832701608754145
5277,5a89225b2405d13d7,True,,,,,,,,,,1.0,1.0,1.0,1.0,0.2871150643331482,1.0,0.0,1.0,1.0,0.6522234576041088
5278,b43ae2c6e0304b991,True,,,,,,,,,,1.0,1.0,1.0,1.0,1.0,1.0,0.0,1.0,1.0,0.875
5279,4ce9b6dc350d286df,True,,,,,,,,,,1.0,1.0,0.0,1.0,1.0,1.0,0.0,1.0,1.0,0.0
5280,19c21fee65a87c2d8,True,,,,,,,,,,1.0,1.0,1.0,1.0,0.7482462810231263,1.0,1.0,1.0,0.0,0.7963269628197269
5281,cabbf4a701b27f4f2,True,,,,,,,,,,1.0,0.0,1.0,1.0,0.9828459605168913,1.0,1.0,1.0,0.0,0.0
5282,25c21cb66208cb6c6,True,,,,,,,,,,1.0,0.0,1.0,1.0,1.0,1.0,0.0,1.0,0.0,0.0
5283,3176ea282b5516214,True,,,,,,,,,,0.0,1.0,1.0,0.0,1.0,0.0,0.0,1.0,0.0,0.0
5284,fa350068f608950fe,True,,,,,,,,,,1.0,1.0,1.0,1.0,0.9001404360731533,1.0,1.0,1.0,0.0,0.8437938862728604
5285,e612d86c9121fd77b,True,,,,,,,,,,1.0,1.0,1.0,1.0,1.0,1.0,0.0,1.0,1.0,0.875
5286,d015a262e6ee504bb,True,,,,,,,,,,1.0,1.0,1.0,1.0,1.0,1.0,0.0,1.0,0.0,0.75
5287,f74ee85d684d8a2c6,True,,,,,,,,,,1.0,1.0,1.0,1.0,0.6383257956562447,1.0,1.0,0.0,0.0,0.6369768111425764
5288,27fe2548642974f6e,True,,,,,,,,,,1.0,1.0,1.0,1.0,0.15800540819193903,0.0,0.0,1.0,1.0,0.29937669005998097
5289,9a36095a5f0caaafd,True,,,,,,,,,,1.0,1.0,1.0,1.0,0.35691009696825254,1.0,1.0,1.0,1.0,0.7990344053025789
5290,b1aefb166ba160b03,True,,,,,,,,,,1.0,1.0,1.0,1.0,0.8990549836920448,1.0,0.0,1.0,1.0,0.8434546824037641
5291,50035f9f546fb6074,True,,,,,,,,,,1.0,1.0,1.0,1.0,0.7659441590705355,1.0,0.0,1.0,1.0,0.8018575497095424
5292,db5a03e690d9afcdb,True,,,,,,,,,,1.0,1.0,1.0,1.0,0.8433960577220596,1.0,0.0,1.0,1.0,0.8260612680381436
5293,71ad6b3fd5d476975,True,,,,,,,,,,1.0,0.0,1.0,1.0,1.0,1.0,0.0,1.0,0.0,0.0
5294,b22e723d346176e1f,True,,,,,,,,,,1.0,1.0,1.0,1.0,0.28094253527151386,1.0,0.0,1.0,0.0,0.5252945422723481
5295,e135d049b4587c212,True,,,,,,,,,,1.0,1.0,1.0,1.0,0.8328367770462574,1.0,0.0,1.0,1.0,0.8227614928269554
5296,40e5f23e7c1df8791,True,,,,,,,,,,1.0,1.0,1.0,1.0,0.6449521585375388,1.0,1.0,1.0,1.0,0.8890475495429808
5297,d55cfce0d6370e76b,True,,,,,,,,,,1.0,1.0,1.0,1.0,0.9599067302160178,1.0,0.0,1.0,1.0,0.8624708531925056
5298,2fb382cc58b2e089f,True,,,,,,,,,,1.0,1.0,1.0,1.0,0.2707067352756643,1.0,0.0,1.0,1.0,0.6470958547736451
5299,47bbf73e6941376ea,True,,,,,,,,,,1.0,1.0,1.0,1.0,0.7418648951466289,1.0,1.0,1.0,0.0,0.7943327797333215
5300,96a58a5e3850d0b3d,True,,,,,,,,,,1.0,1.0,1.0,1.0,0.3993999069008252,1.0,1.0,1.0,1.0,0.8123124709065079
5301,d400b7a715f88fcf5,True,,,,,,,,,,1.0,1.0,1.0,1.0,0.6081094801814728,1.0,0.0,1.0,1.0,0.7525342125567103
5302,9b219df65a0e3f22b,True,,,,,,,,,,0.0,1.0,1.0,1.0,1.0,0.0,0.0,1.0,1.0,0.0
5303,060c2eff47b49d915,True,,,,,,,,,,1.0,0.0,0.0,1.0,1.0,1.0,0.0,1.0,1.0,0.0
5304,0a7f7df8603204c57,True,,,,,,,,,,1.0,1.0,1.0,1.0,0.9510070979458357,1.0,1.0,1.0,1.0,0.9846897181080736
5305,1572e57c1e71e8774,True,,,,,,,,,,0.0,1.0,1.0,1.0,1.0,0.0,1.0,1.0,0.0,0.0
5306,155dbb3e9624d499e,True,,,,,,,,,,0.0,1.0,1.0,1.0,0.8510804908082978,0.0,0.0,1.0,0.0,0.0
5307,42542b30e0e5ff8c7,True,,,,,,,,,,1.0,1.0,1.0,1.0,0.6649582256411233,1.0,1.0,1.0,1.0,0.895299445512851
5308,abb500cc3351d897a,True,,,,,,,,,,1.0,0.0,0.0,1.0,0.7438030129909301,1.0,0.0,1.0,0.0,0.0
5309,4aabb029fe206ec39,True,,,,,,,,,,0.0,1.0,1.0,1.0,1.0,0.0,0.0,1.0,1.0,0.0
5310,69968d73c74d053d8,True,,,,,,,,,,1.0,1.0,0.0,1.0,1.0,1.0,0.0,1.0,1.0,0.0
5311,6e878407167faf00e,True,,,,,,,,,,1.0,1.0,1.0,1.0,0.686086110479994,1.0,0.0,1.0,0.0,0.6519019095249982
5312,a78f2817702c75036,True,,,,,,,,,,0.5,0.0,0.0,1.0,0.832363594038028,0.0,0.0,1.0,1.0,0.0
5313,00aa61063a3147cb9,True,,,,,,,,,,1.0,1.0,1.0,1.0,0.447489447093389,1.0,1.0,1.0,1.0,0.8273404522166841
5314,d17adfd1c40c90f05,True,,,,,,,,,,1.0,1.0,1.0,1.0,0.8720639777825177,1.0,0.0,1.0,1.0,0.8350199930570368
5315,9ca95a29837848e74,True,,,,,,,,,,1.0,1.0,1.0,1.0,0.46647407800283625,1.0,0.0,0.0,0.0,0.4582731493758863
5316,a092442b5e964fcce,True,,,,,,,,,,0.0,0.0,1.0,1.0,1.0,0.0,0.0,1.0,0.0,0.0
5317,2b357fcebd9642bfe,True,,,,,,,,,,1.0,0.0,1.0,1.0,1.0,1.0,0.0,1.0,0.0,0.0
5318,51382084e8c016080,True,,,,,,,,,,1.0,1.0,0.0,1.0,0.8709304229851493,1.0,0.0,1.0,1.0,0.0
5319,fb498b2bdc72e8f69,True,,,,,,,,,,0.0,1.0,1.0,1.0,1.0,0.0,1.0,1.0,1.0,0.0
5320,bb000886556fcf3ea,True,,,,,,,,,,1.0,1.0,1.0,1.0,0.5531925509898833,1.0,0.0,1.0,1.0,0.7353726721843385
5321,c644c8d1984cd65ac,True,,,,,,,,,,1.0,1.0,1.0,1.0,0.5078974847987173,1.0,1.0,1.0,1.0,0.8462179639995991
5322,cde1512dfd75d52a2,True,,,,,,,,,,1.0,1.0,1.0,1.0,0.6143820635479056,1.0,1.0,1.0,0.0,0.7544943948587205
5323,2f1499aa1461b6ec6,True,,,,,,,,,,1.0,0.0,0.0,1.0,1.0,1.0,0.0,1.0,0.0,0.0
5324,afee933aa0fe755d2,True,,,,,,,,,,1.0,1.0,0.5,1.0,1.0,1.0,0.0,1.0,1.0,0.4375
5325,a4e64fbb3636ad2e6,True,,,,,,,,,,1.0,1.0,1.0,1.0,0.8422861674351206,1.0,0.0,1.0,1.0,0.8257144273234752
5326,700c12c03b64be698,True,,,,,,,,,,1.0,1.0,1.0,1.0,1.0,1.0,0.0,1.0,1.0,0.875
5327,fb7b5ae64dda69073,True,,,,,,,,,,1.0,1.0,1.0,1.0,0.8953085806727187,1.0,1.0,1.0,0.0,0.8422839314602246
5328,fe2ce74b2caa3fec8,True,,,,,,,,,,1.0,1.0,1.0,1.0,0.1027992178374503,1.0,1.0,1.0,1.0,0.7196247555742032
5329,c0e8d70495bec7921,True,,,,,,,,,,1.0,1.0,1.0,1.0,1.0,0.0,0.0,1.0,1.0,0.5625
5330,57226182464088f5d,True,,,,,,,,,,1.0,0.0,1.0,1.0,1.0,1.0,1.0,1.0,0.0,0.0
5331,94f50219a9dc3389d,True,,,,,,,,,,0.0,1.0,1.0,1.0,1.0,0.0,0.0,0.0,0.0,0.0
5332,3df43c406e596ada4,True,,,,,,,,,,1.0,1.0,1.0,1.0,0.6268227548394676,1.0,1.0,1.0,0.0,0.7583821108873336
5333,8732dc54a30ca7f80,True,,,,,,,,,,0.0,1.0,0.5,1.0,1.0,0.0,1.0,1.0,0.0,0.0
5334,cdf1706038e1c4e1c,True,,,,,,,,,,1.0,1.0,1.0,1.0,0.4941439019563532,1.0,0.0,1.0,0.0,0.5919199693613604
5335,89ffb6efe20df9ccf,True,,,,,,,,,,0.5,0.0,1.0,1.0,1.0,0.0,1.0,1.0,1.0,0.0
5336,5b8389f00775d1a89,True,,,,,,,,,,1.0,0.0,0.5,1.0,1.0,1.0,0.0,1.0,0.0,0.0
5337,49f77b5c62d2c5787,True,,,,,,,,,,1.0,1.0,0.5,1.0,0.5190745323227822,1.0,1.0,1.0,0.0,0.36235539567543473
5338,bc9a77699f862350d,True,,,,,,,,,,1.0,1.0,1.0,1.0,0.7192805356962151,1.0,1.0,1.0,0.0,0.7872751674050672
5339,ad16a8e4063d7973e,True,,,,,,,,,,1.0,1.0,1.0,1.0,0.5346532798734253,1.0,1.0,1.0,1.0,0.8545791499604454
5340,61bca41b2089dee0b,True,,,,,,,,,,1.0,1.0,1.0,1.0,0.12053990458917156,1.0,1.0,1.0,1.0,0.7251687201841162
5341,21caa7576c2da8f7a,True,,,,,,,,,,1.0,1.0,1.0,1.0,0.49158565611506183,1.0,0.0,1.0,0.0,0.5911205175359568
5342,661923b68a72445aa,True,,,,,,,,,,1.0,0.0,1.0,1.0,0.8622707937020286,1.0,0.0,1.0,0.0,0.0
5343,1b3141d6d2c2b651a,True,,,,,,,,,,1.0,1.0,1.0,1.0,0.41623405816891723,1.0,1.0,1.0,0.0,0.6925731431777866
5344,fec1c3f2a8d0d6136,True,,,,,,,,,,1.0,1.0,0.0,1.0,1.0,1.0,0.0,1.0,1.0,0.0
5345,175f019927da9929a,True,,,,,,,,,,1.0,0.0,1.0,1.0,0.6913125703297193,1.0,0.0,1.0,0.0,0.0
5346,c7f0d1c6de80f0c15,True,,,,,,,,,,1.0,1.0,1.0,1.0,0.5022317125905056,1.0,1.0,1.0,0.0,0.719447410184533
5347,10d905dbddd82d817,True,,,,,,,,,,1.0,1.0,1.0,1.0,1.0,1.0,1.0,1.0,0.0,0.875
5348,6d2b3bf21e89475b9,True,,,,,,,,,,1.0,1.0,1.0,1.0,1.0,1.0,1.0,1.0,1.0,1.0
5349,fec4e607d84e38636,True,,,,,,,,,,1.0,1.0,1.0,1.0,1.0,1.0,0.0,1.0,0.0,0.75
5350,2a756bf014216177b,True,,,,,,,,,,1.0,1.0,1.0,1.0,0.620819626661306,1.0,0.0,1.0,1.0,0.7565061333316581
5351,d9f0da556a4c7bb77,True,,,,,,,,,,1.0,1.0,1.0,1.0,1.0,1.0,1.0,1.0,0.0,0.875
5352,20f30bb4990d9b84e,True,,,,,,,,,,1.0,1.0,1.0,1.0,1.0,1.0,0.0,1.0,1.0,0.875
5353,c99c412737b15dcce,True,,,,,,,,,,0.0,1.0,1.0,0.0,1.0,0.0,0.0,1.0,0.0,0.0
5354,15ab133cee3e14b85,True,,,,,,,,,,0.0,0.0,0.5,1.0,1.0,1.0,1.0,0.0,0.0,0.0
5355,85b6589d5332018d1,True,,,,,,,,,,1.0,1.0,1.0,1.0,0.9796871219878116,1.0,0.0,1.0,1.0,0.8686522256211912
5356,7ee964bcd33d7480e,True,,,,,,,,,,1.0,1.0,1.0,1.0,0.6775474159509431,1.0,0.0,1.0,1.0,0.7742335674846698
5357,7e61c66c138daab84,True,,,,,,,,,,1.0,1.0,0.5,1.0,0.9217359739130656,0.0,0.0,1.0,0.0,0.2065212459239165
5358,d10399f19fe745cd8,True,,,,,,,,,,0.0,1.0,1.0,1.0,1.0,0.0,1.0,1.0,0.0,0.0
5359,a99e7bb23533b8fee,True,,,,,,,,,,1.0,1.0,1.0,1.0,0.6685356353309039,1.0,1.0,1.0,1.0,0.8964173860409075
5360,0bc2b72e890837ec6,True,,,,,,,,,,1.0,1.0,1.0,1.0,0.519754705052817,1.0,1.0,1.0,1.0,0.8499233453290053
5361,4ee799c8d99616aed,True,,,,,,,,,,1.0,1.0,1.0,1.0,0.37529892068305376,1.0,0.0,1.0,0.0,0.5547809127134543
5362,8ea949efbc2e4d9bf,True,,,,,,,,,,1.0,0.0,1.0,1.0,1.0,1.0,1.0,1.0,0.0,0.0
5363,d50743776b4ebf7b3,True,,,,,,,,,,1.0,1.0,0.5,1.0,0.7762794097949225,1.0,0.0,1.0,1.0,0.40254365778045664
5364,dab86e6eab3ddf22e,True,,,,,,,,,,1.0,0.0,0.0,1.0,1.0,1.0,1.0,1.0,0.0,0.0
5365,08dd93ec00ee02183,True,,,,,,,,,,1.0,1.0,1.0,1.0,0.0,1.0,1.0,1.0,1.0,0.6875
5366,3b32da65a709f23d8,True,,,,,,,,,,1.0,1.0,1.0,1.0,0.6082421100958267,1.0,0.0,1.0,1.0,0.7525756594049459
5367,fe124f930c37d2d0e,True,,,,,,,,,,0.0,1.0,1.0,1.0,0.7161768084580851,0.0,1.0,0.0,0.0,0.0
5368,145a730c9e1e596f5,True,,,,,,,,,,1.0,1.0,1.0,1.0,1.0,1.0,1.0,1.0,0.0,0.875
5369,beb03158751d7049b,True,,,,,,,,,,1.0,1.0,1.0,1.0,0.9278610505847664,1.0,1.0,1.0,0.0,0.8524565783077396
5370,40e3b1336b570fbf6,True,,,,,,,,,,1.0,1.0,0.0,1.0,1.0,1.0,0.0,1.0,0.0,0.0
5371,bc4f98185e46d819e,True,,,,,,,,,,1.0,1.0,0.5,1.0,1.0,1.0,1.0,1.0,1.0,0.5
5372,a67e740ebc3efc17e,True,,,,,,,,,,1.0,1.0,0.5,1.0,1.0,1.0,0.0,1.0,0.0,0.375
5373,49538162999026026,True,,,,,,,,,,1.0,0.0,1.0,1.0,1.0,1.0,0.0,1.0,1.0,0.0
5374,0d322fa61ecc39416,True,,,,,,,,,,1.0,1.0,1.0,1.0,0.7677654232050677,1.0,1.0,1.0,1.0,0.9274266947515837
5375,506d9cb85442a6577,True,,,,,,,,,,1.0,1.0,1.0,1.0,0.16513749331968716,1.0,0.0,1.0,0.0,0.48910546666240223
5376,7a9cbf03b55e84c29,True,,,,,,,,,,1.0,1.0,1.0,1.0,0.5422513313432791,1.0,1.0,1.0,0.0,0.7319535410447747
5377,6a934a93966865e05,True,,,,,,,,,,1.0,1.0,1.0,1.0,0.9264068355417594,1.0,1.0,1.0,1.0,0.9770021361067998
5378,bda9a328490cd8105,True,,,,,,,,,,0.0,1.0,1.0,1.0,1.0,0.0,1.0,1.0,0.0,0.0
5379,9a1d8c48d604f6c79,True,,,,,,,,,,1.0,0.0,1.0,1.0,0.7692618010304936,1.0,1.0,1.0,1.0,0.0
5380,cca4e701be243a275,True,,,,,,,,,,0.0,0.0,0.5,1.0,1.0,0.0,0.0,0.0,0.0,0.0
5381,1e3e373072e96c044,True,,,,,,,,,,1.0,0.0,1.0,1.0,1.0,1.0,0.0,1.0,1.0,0.0
5382,68c48977b8b13f11f,True,,,,,,,,,,1.0,1.0,1.0,1.0,1.0,1.0,0.0,1.0,1.0,0.875
5383,d7b9e3963f7cb14e1,True,,,,,,,,,,1.0,1.0,1.0,1.0,0.6571534258474749,1.0,1.0,1.0,1.0,0.8928604455773359
5384,87b69a9da5677bf5b,True,,,,,,,,,,1.0,1.0,1.0,1.0,0.2244616304402092,1.0,0.0,1.0,1.0,0.6326442595125654
5385,56f5b7c7a036edaad,True,,,,,,,,,,1.0,0.0,0.5,1.0,1.0,1.0,0.0,1.0,0.0,0.0
5386,172abde18b548feb2,True,,,,,,,,,,1.0,1.0,0.5,1.0,0.7222687876252643,1.0,0.0,0.0,0.0,0.26910449806644754
5387,ca366055bc1b9838a,True,,,,,,,,,,1.0,1.0,1.0,1.0,1.0,1.0,1.0,1.0,0.0,0.875
5388,a41ba68bdc9f9fb88,True,,,,,,,,,,1.0,1.0,1.0,1.0,0.5402531300285282,1.0,1.0,1.0,1.0,0.8563291031339151
5389,ec788232fc7f2cf7e,True,,,,,,,,,,1.0,1.0,1.0,1.0,0.3893429618323515,1.0,1.0,1.0,1.0,0.8091696755726099
5390,f6f239b03260b58d8,True,,,,,,,,,,1.0,0.0,0.0,1.0,1.0,0.0,0.0,1.0,0.0,0.0
5391,402ed0d50f8b2ce26,True,,,,,,,,,,1.0,0.0,1.0,1.0,0.9333528536540916,1.0,0.0,1.0,1.0,0.0
5392,fc4d5a62c921f8392,True,,,,,,,,,,1.0,1.0,0.5,1.0,0.6721345503137326,1.0,1.0,1.0,0.0,0.3862710234865207
5393,b3648e983488baa4f,True,,,,,,,,,,1.0,1.0,1.0,1.0,0.655205622621875,1.0,1.0,1.0,1.0,0.8922517570693359
5394,6c8d225b7e93d1ff8,True,,,,,,,,,,1.0,0.0,1.0,1.0,0.8796715596512084,1.0,0.0,0.0,1.0,0.0
5395,087c2f352474fc4ee,True,,,,,,,,,,1.0,0.0,1.0,1.0,0.5720556748402044,1.0,1.0,1.0,1.0,0.0
5396,6bb22c30119ed991a,True,,,,,,,,,,1.0,1.0,1.0,1.0,0.24422667163719688,1.0,0.0,1.0,1.0,0.638820834886624
5397,274217f22058c3a7c,True,,,,,,,,,,1.0,1.0,1.0,1.0,0.9889916235428658,1.0,1.0,1.0,1.0,0.9965598823571455
5398,def3a7e5b9515c6fb,True,,,,,,,,,,1.0,1.0,1.0,1.0,0.40697541955273836,1.0,1.0,1.0,0.0,0.6896798186102308
5399,a03596d2557544d9f,True,,,,,,,,,,1.0,0.0,0.5,1.0,1.0,1.0,0.0,1.0,1.0,0.0
5400,9600f9f6992618229,True,,,,,,,,,,1.0,1.0,1.0,1.0,0.729031950997746,1.0,1.0,1.0,0.0,0.7903224846867956
5401,05ca5a62ce0754a30,True,,,,,,,,,,1.0,1.0,1.0,1.0,0.7117310541912721,1.0,0.0,1.0,1.0,0.7849159544347726
5402,69e3a503f78a651d2,True,,,,,,,,,,1.0,1.0,1.0,0.0,1.0,1.0,1.0,1.0,1.0,0.0
5403,631e2dc2cca2e3ec5,True,,,,,,,,,,1.0,1.0,1.0,1.0,0.4935971871059228,1.0,0.0,1.0,1.0,0.716749120970601
5404,cbeda6fcf87d3407c,True,,,,,,,,,,1.0,1.0,1.0,1.0,0.4794183186681588,1.0,0.0,1.0,1.0,0.7123182245837996
5405,05e7e2acfe2b49d78,True,,,,,,,,,,1.0,1.0,1.0,1.0,0.7360445549681603,1.0,1.0,1.0,1.0,0.9175139234275501
5406,24f191a721f816f48,True,,,,,,,,,,1.0,1.0,1.0,1.0,0.5886052197675541,1.0,1.0,1.0,1.0,0.8714391311773606
5407,2afbbdc8bf9e5efe2,True,,,,,,,,,,0.0,1.0,1.0,1.0,1.0,0.0,0.0,1.0,1.0,0.0
5408,d9437c8464c89be5d,True,,,,,,,,,,1.0,0.0,1.0,1.0,1.0,1.0,1.0,1.0,1.0,0.0
5409,12499ddd90200ea9f,True,,,,,,,,,,1.0,1.0,1.0,1.0,1.0,1.0,1.0,1.0,0.0,0.875
5410,1b09ba4c4fe0b53e9,True,,,,,,,,,,1.0,1.0,0.0,1.0,1.0,1.0,0.0,1.0,1.0,0.0
5411,f705ea7622e27d209,True,,,,,,,,,,0.0,1.0,1.0,1.0,0.46768195129777385,0.0,0.0,1.0,0.0,0.0
5412,312963b5a180fcf28,True,,,,,,,,,,1.0,0.0,1.0,1.0,0.7841665333672937,1.0,1.0,1.0,1.0,0.0
5413,d89331799987b6909,True,,,,,,,,,,0.0,1.0,1.0,1.0,1.0,0.0,1.0,0.0,0.0,0.0
5414,aee13b42cfd66c8a3,True,,,,,,,,,,1.0,1.0,1.0,1.0,0.7961961179702158,1.0,1.0,1.0,1.0,0.9363112868656924
5415,203c4d85b696869d7,True,,,,,,,,,,1.0,1.0,1.0,1.0,0.9061993362022087,1.0,1.0,1.0,1.0,0.9706872925631902
5416,7272b7a2cb56feb27,True,,,,,,,,,,1.0,0.0,1.0,1.0,0.8144437769474357,1.0,0.0,1.0,0.0,0.0
5417,1c53209f745ee0b66,True,,,,,,,,,,1.0,1.0,1.0,1.0,0.8927065168824093,1.0,1.0,1.0,1.0,0.9664707865257529
5418,122590be147f65d56,True,,,,,,,,,,1.0,1.0,1.0,1.0,0.7288108197274419,1.0,1.0,1.0,1.0,0.9152533811648256
5419,d8e3174dae4ece006,True,,,,,,,,,,1.0,1.0,1.0,1.0,0.4306939843076536,1.0,0.0,1.0,0.0,0.5720918700961417
5420,ef00d37c017fde631,True,,,,,,,,,,1.0,1.0,1.0,1.0,0.7300504025829982,1.0,0.0,0.0,0.0,0.540640750807187
5421,74112fd9ef3478d34,True,,,,,,,,,,1.0,0.0,1.0,1.0,1.0,1.0,1.0,1.0,1.0,0.0
5422,67c191e1da4b23c8a,True,,,,,,,,,,1.0,1.0,1.0,1.0,0.8209075657862284,1.0,0.0,1.0,0.0,0.6940336143081964
5423,9e6370c960ce41937,True,,,,,,,,,,1.0,1.0,1.0,1.0,0.15048068963538114,1.0,0.0,1.0,1.0,0.6095252155110567
5424,7feb07f9028c8bf62,True,,,,,,,,,,0.0,1.0,1.0,1.0,1.0,0.0,1.0,1.0,0.0,0.0
5425,0908976a3d8f0a196,True,,,,,,,,,,1.0,1.0,1.0,1.0,0.7731610331338047,1.0,1.0,1.0,0.0,0.804112822854314
5426,da13eae8d0d83af38,True,,,,,,,,,,1.0,1.0,0.5,1.0,1.0,1.0,0.0,1.0,0.0,0.375
5427,e0865c65b75b4c171,True,,,,,,,,,,1.0,1.0,1.0,1.0,0.916595677062049,1.0,1.0,1.0,0.0,0.8489361490818903
5428,ecd732b7421818ec0,True,,,,,,,,,,1.0,0.0,1.0,1.0,1.0,1.0,0.0,1.0,1.0,0.0
5429,35dbe67d467571cfb,True,,,,,,,,,,1.0,0.0,1.0,1.0,0.7988476612928512,1.0,0.0,1.0,0.0,0.0
5430,29500c50afeb0e68a,True,,,,,,,,,,1.0,0.0,0.0,1.0,1.0,0.0,0.0,1.0,0.0,0.0
5431,b4bb23be8c8b3c00e,True,,,,,,,,,,1.0,1.0,1.0,1.0,0.8581325982494477,1.0,0.0,1.0,1.0,0.8306664369529524
5432,67db9f3e12bbe8868,True,,,,,,,,,,1.0,1.0,1.0,1.0,1.0,1.0,1.0,1.0,0.0,0.875
5433,053755e0b8f0dd052,True,,,,,,,,,,0.0,1.0,1.0,1.0,0.8717925349380967,0.0,0.0,1.0,0.0,0.0
5434,db7100201c9cbe2f6,True,,,,,,,,,,1.0,1.0,1.0,1.0,0.46717744886063095,1.0,1.0,1.0,1.0,0.8334929527689472
5435,47a79d5ba0ff53156,True,,,,,,,,,,1.0,0.0,1.0,1.0,1.0,1.0,1.0,1.0,1.0,0.0
5436,774a05df3c1512cac,True,,,,,,,,,,1.0,1.0,1.0,1.0,0.45594553304310625,1.0,1.0,1.0,1.0,0.8299829790759707
5437,d294ac095b61c1877,True,,,,,,,,,,1.0,1.0,1.0,1.0,0.35792051613050047,1.0,1.0,1.0,0.0,0.6743501612907814
5438,376f87b3b2f49949d,True,,,,,,,,,,1.0,1.0,1.0,1.0,0.5212418423458745,1.0,1.0,1.0,1.0,0.8503880757330857
5439,58bd6bb780642e715,True,,,,,,,,,,0.5,0.0,1.0,1.0,1.0,0.0,0.0,1.0,1.0,0.0
5440,9ed7d460817e222e9,True,,,,,,,,,,1.0,1.0,1.0,1.0,0.7632332487983631,1.0,0.0,1.0,1.0,0.8010103902494885
5441,43f884d69baea51f6,True,,,,,,,,,,1.0,0.0,1.0,1.0,0.9929157979715921,1.0,1.0,1.0,1.0,0.0
5442,b123636b63cd85bd6,True,,,,,,,,,,1.0,1.0,1.0,1.0,0.5101285528005024,1.0,0.0,1.0,1.0,0.7219151727501569
5443,6b7ec09b2f5066af8,True,,,,,,,,,,1.0,1.0,1.0,1.0,0.7881511847105257,1.0,1.0,1.0,0.0,0.8087972452220393
5444,a9b1d16817d446b6e,True,,,,,,,,,,1.0,1.0,1.0,1.0,0.9816251812888708,1.0,1.0,1.0,1.0,0.9942578691527721
5445,dc18fd577680f44b9,True,,,,,,,,,,0.0,1.0,1.0,1.0,0.5414713972389308,0.0,0.0,1.0,0.0,0.0
5446,17ea9cff5974892cb,True,,,,,,,,,,1.0,1.0,1.0,1.0,0.6378374479828016,1.0,1.0,1.0,1.0,0.8868242024946256
5447,e1d71fd16cbfaade9,True,,,,,,,,,,0.5,0.0,1.0,1.0,0.8518481904562044,0.0,1.0,1.0,0.0,0.0
5448,f3b236d797b3e906c,True,,,,,,,,,,1.0,1.0,1.0,1.0,1.0,1.0,0.0,1.0,1.0,0.875
5449,f8b4dade556ee29d7,True,,,,,,,,,,1.0,1.0,1.0,1.0,0.8829165877247045,1.0,1.0,1.0,0.0,0.8384114336639701
5450,36a0cef1b153a4f11,True,,,,,,,,,,1.0,1.0,1.0,1.0,0.696028948486769,1.0,1.0,1.0,1.0,0.9050090464021153
5451,3c71818855c39904e,True,,,,,,,,,,0.0,1.0,1.0,1.0,1.0,0.0,0.0,1.0,0.0,0.0
5452,2b1cf649494f9cd62,True,,,,,,,,,,1.0,1.0,0.0,1.0,1.0,1.0,0.0,1.0,0.0,0.0
5453,0f4ea7fb12b00026d,True,,,,,,,,,,1.0,1.0,1.0,1.0,0.3500910787622527,1.0,1.0,1.0,1.0,0.796903462113204
5454,ba31453558099b11f,True,,,,,,,,,,1.0,1.0,0.5,1.0,0.6953371740148442,1.0,1.0,1.0,0.0,0.3898964334398194
5455,ea6c6eed6cbac7b1e,True,,,,,,,,,,1.0,0.0,1.0,1.0,0.33003855268165655,1.0,0.0,1.0,0.0,0.0
5456,bdc5b1c53a1749c9d,True,,,,,,,,,,0.5,0.0,0.0,1.0,1.0,0.0,0.0,1.0,0.0,0.0
5457,9db9a548b803b14d9,True,,,,,,,,,,1.0,0.0,1.0,1.0,0.7210177184963535,1.0,1.0,1.0,0.0,0.0
5458,d25b5af7899d7e8e0,True,,,,,,,,,,1.0,0.0,1.0,1.0,0.59626074429515,1.0,0.0,1.0,1.0,0.0
5459,fe2856fd4df6ee473,True,,,,,,,,,,1.0,1.0,1.0,1.0,0.9604452469933511,1.0,1.0,1.0,1.0,0.9876391396854223
5460,c172bf35d27bb2a60,True,,,,,,,,,,1.0,1.0,1.0,1.0,0.8310130290273522,1.0,0.0,1.0,0.0,0.6971915715710475
5461,0cf895d7d61939eb3,True,,,,,,,,,,1.0,1.0,1.0,1.0,0.29517439818140057,1.0,0.0,1.0,1.0,0.6547419994316876
5462,ea22bac93bab13f69,True,,,,,,,,,,1.0,1.0,0.0,1.0,0.869537383920143,1.0,0.0,1.0,0.0,0.0
5463,99dd1518526c46b6e,True,,,,,,,,,,1.0,1.0,0.0,1.0,0.9727817629978257,1.0,0.0,1.0,0.0,0.0
5464,b178cd8e12d552cb7,True,,,,,,,,,,1.0,1.0,1.0,1.0,0.3227642847203422,1.0,0.0,1.0,1.0,0.6633638389751069
5465,8fe0f4c205937d179,True,,,,,,,,,,1.0,1.0,1.0,1.0,1.0,1.0,0.0,0.0,0.0,0.625
5466,6fae01aed04d6fd01,True,,,,,,,,,,1.0,1.0,1.0,1.0,1.0,1.0,0.0,1.0,0.0,0.75
5467,e85778ab78f702e4b,True,,,,,,,,,,0.0,0.0,1.0,1.0,1.0,0.0,1.0,1.0,1.0,0.0
5468,da2e81331b0e59b3e,True,,,,,,,,,,1.0,1.0,0.5,1.0,1.0,1.0,0.0,1.0,1.0,0.4375
5469,096330032f89cefb3,True,,,,,,,,,,1.0,1.0,1.0,1.0,0.1574723103289656,1.0,1.0,1.0,1.0,0.7367100969778018
5470,29f63fdd169f556cf,True,,,,,,,,,,1.0,0.0,1.0,1.0,0.475709001490364,1.0,1.0,1.0,1.0,0.0
5471,71311b352b3aa16e3,True,,,,,,,,,,1.0,0.0,1.0,1.0,0.6271445429644144,1.0,1.0,1.0,0.0,0.0
5472,a16a2970a55b1cf7f,True,,,,,,,,,,1.0,1.0,1.0,1.0,0.7248794540275403,1.0,0.0,1.0,0.0,0.6640248293836064
5473,9a2c6392ddbd1a611,True,,,,,,,,,,1.0,0.0,1.0,1.0,0.7528305181562055,1.0,1.0,1.0,0.0,0.0
5474,e58c5ddaa428a3e26,True,,,,,,,,,,1.0,0.0,0.5,1.0,1.0,1.0,1.0,1.0,0.0,0.0
5475,e6c702d5c053c4516,True,,,,,,,,,,1.0,1.0,1.0,1.0,0.12489973265836013,1.0,0.0,1.0,1.0,0.6015311664557376
5476,3b57e348407582e72,True,,,,,,,,,,1.0,1.0,1.0,1.0,0.8021244397150937,1.0,1.0,1.0,1.0,0.9381638874109668
5477,6abf3c8e9d73929cc,True,,,,,,,,,,1.0,1.0,1.0,1.0,0.7519970058236103,1.0,1.0,1.0,0.0,0.7974990643198783
5478,61ea80d6d5820ce2a,True,,,,,,,,,,1.0,1.0,1.0,1.0,1.0,1.0,0.0,1.0,1.0,0.875
5479,362376a65fe8ca576,True,,,,,,,,,,0.0,1.0,1.0,1.0,0.8535917142395941,0.0,0.0,1.0,1.0,0.0
5480,8254c72f094adeb13,True,,,,,,,,,,0.5,1.0,1.0,1.0,1.0,0.0,1.0,0.0,0.0,0.21875
5481,4466bfd1bb50dfc53,True,,,,,,,,,,1.0,1.0,1.0,1.0,0.7586187719393351,1.0,1.0,1.0,1.0,0.9245683662310422
5482,8c353bfb7146d30cd,True,,,,,,,,,,1.0,1.0,1.0,1.0,0.9025402536413647,1.0,1.0,1.0,0.0,0.8445438292629265
5483,7928a371230bc1be6,True,,,,,,,,,,1.0,1.0,1.0,1.0,1.0,1.0,1.0,1.0,1.0,1.0
5484,a78de65bf5a2ee68b,True,,,,,,,,,,1.0,0.0,1.0,1.0,1.0,1.0,1.0,1.0,1.0,0.0
5485,fc50c3e2408f9caad,True,,,,,,,,,,0.0,0.0,0.0,1.0,1.0,0.0,0.0,1.0,1.0,0.0
5486,322862242b452cccc,True,,,,,,,,,,1.0,0.0,1.0,1.0,0.5887033160421316,1.0,0.0,1.0,1.0,0.0
5487,655169c8955ef778b,True,,,,,,,,,,1.0,1.0,1.0,1.0,1.0,1.0,1.0,1.0,1.0,1.0
5488,3f8f80892c70b7c5f,True,,,,,,,,,,1.0,0.0,1.0,1.0,1.0,1.0,0.0,1.0,0.0,0.0
5489,493a69b930b600eb5,True,,,,,,,,,,1.0,1.0,1.0,1.0,0.5067831936010827,1.0,1.0,1.0,0.0,0.7208697480003383
5490,0d069b495b11daa42,True,,,,,,,,,,1.0,0.0,0.0,1.0,1.0,1.0,0.0,1.0,0.0,0.0
5491,3a09d1ed3abb7ce82,True,,,,,,,,,,1.0,1.0,0.0,1.0,1.0,1.0,0.0,1.0,0.0,0.0
5492,5713b6b9f58be2004,True,,,,,,,,,,1.0,1.0,1.0,1.0,1.0,1.0,1.0,1.0,0.0,0.875
5493,38a3f728f0878e6c6,True,,,,,,,,,,0.0,1.0,1.0,0.0,1.0,0.0,1.0,1.0,0.0,0.0
5494,2de791cac29ff4f89,True,,,,,,,,,,1.0,1.0,1.0,1.0,0.44740502391344505,1.0,1.0,1.0,1.0,0.8273140699729515
5495,d02177dc313467bf7,True,,,,,,,,,,1.0,0.0,0.0,1.0,1.0,1.0,0.0,1.0,0.0,0.0
5496,d2eb3158a4dcc825e,True,,,,,,,,,,0.0,1.0,1.0,1.0,1.0,0.0,0.0,1.0,1.0,0.0
5497,cd9aed75f054bccb5,True,,,,,,,,,,1.0,1.0,1.0,1.0,0.17835875248602762,1.0,0.0,1.0,0.0,0.49323711015188365
5498,a5fd097616c7708db,True,,,,,,,,,,1.0,1.0,1.0,1.0,0.8020254044501719,1.0,0.0,1.0,1.0,0.8131329388906787
5499,ea96a137518d58ac9,True,,,,,,,,,,1.0,1.0,1.0,1.0,1.0,1.0,1.0,1.0,1.0,1.0
5500,09747cf799a19f292,True,,,,,,,,,,1.0,1.0,1.0,1.0,0.2721770002802198,1.0,0.0,1.0,1.0,0.6475553125875687
5501,1a7308db2e3923b30,True,,,,,,,,,,1.0,1.0,0.5,1.0,0.75352292061018,1.0,1.0,1.0,0.0,0.3989879563453406
5502,dd51833cafb701a23,True,,,,,,,,,,1.0,1.0,1.0,1.0,0.722171823204249,1.0,1.0,0.0,0.0,0.6631786947513278
5503,78e346fdbeb014770,True,,,,,,,,,,1.0,1.0,1.0,1.0,0.4327854340636918,1.0,1.0,1.0,1.0,0.8227454481449037
5504,c2d01510da5dcbb7b,True,,,,,,,,,,1.0,1.0,1.0,1.0,0.4005439193916799,1.0,1.0,1.0,1.0,0.8126699748099
5505,4e062143c7bd91118,True,,,,,,,,,,1.0,1.0,0.5,1.0,1.0,1.0,1.0,1.0,1.0,0.5
5506,739639234c47bf547,True,,,,,,,,,,0.5,1.0,1.0,1.0,1.0,0.0,0.0,1.0,1.0,0.28125
5507,204d7543af9e55675,True,,,,,,,,,,1.0,1.0,1.0,1.0,0.3190654564261284,1.0,1.0,1.0,1.0,0.7872079551331651
5508,0c19c99a701794b8d,True,,,,,,,,,,0.0,1.0,1.0,1.0,1.0,0.0,1.0,1.0,0.0,0.0
5509,fd6e363385145a378,True,,,,,,,,,,1.0,0.0,1.0,1.0,1.0,1.0,0.0,1.0,1.0,0.0
5510,83d03d52f14fe2aba,True,,,,,,,,,,1.0,0.0,1.0,1.0,0.8519445254517919,1.0,1.0,1.0,0.0,0.0
5511,085b907f63a37b0ac,True,,,,,,,,,,1.0,1.0,1.0,1.0,0.8788068930618023,1.0,1.0,1.0,1.0,0.9621271540818133
5512,339edff793767887e,True,,,,,,,,,,0.0,1.0,1.0,1.0,1.0,0.0,0.0,1.0,0.0,0.0
5513,52e9709be4289e9ff,True,,,,,,,,,,1.0,1.0,1.0,1.0,0.649710778873648,1.0,0.0,1.0,1.0,0.765534618398015
5514,6c9c8eacefc209d52,True,,,,,,,,,,1.0,1.0,1.0,1.0,1.0,1.0,1.0,1.0,0.0,0.875
5515,b73770a1de3ee8a3f,True,,,,,,,,,,1.0,1.0,1.0,1.0,0.4260923195750163,1.0,1.0,1.0,1.0,0.8206538498671926
5516,872a49bbab0e3eadd,True,,,,,,,,,,1.0,0.0,1.0,1.0,1.0,1.0,0.0,1.0,0.0,0.0
5517,4f21dca90878d8a58,True,,,,,,,,,,1.0,1.0,1.0,1.0,0.7701186310081883,1.0,1.0,0.0,0.0,0.6781620721900589
5518,932b2f68de04adb10,True,,,,,,,,,,0.0,1.0,1.0,1.0,1.0,0.0,0.0,1.0,1.0,0.0
5519,5a6b5af2e36371f17,True,,,,,,,,,,1.0,1.0,1.0,1.0,0.0,1.0,1.0,1.0,1.0,0.6875
5520,e1d9c45d963c62c2d,True,,,,,,,,,,1.0,1.0,1.0,1.0,0.7653978273189752,1.0,0.0,1.0,1.0,0.8016868210371797
5521,3dd919c5a93fd6754,True,,,,,,,,,,0.5,1.0,1.0,1.0,1.0,0.0,1.0,1.0,1.0,0.34375
5522,e07233c9901810349,True,,,,,,,,,,1.0,1.0,1.0,1.0,0.8783512567381091,1.0,1.0,1.0,0.0,0.8369847677306591
5523,02a66384ce22f1be6,True,,,,,,,,,,1.0,1.0,1.0,1.0,0.09227034203163081,1.0,1.0,1.0,1.0,0.7163344818848847
5524,2a9148d48b42cfd7e,True,,,,,,,,,,1.0,1.0,1.0,1.0,0.8686936356932874,1.0,1.0,1.0,1.0,0.9589667611541524
5525,648027b9205dc7650,True,,,,,,,,,,1.0,1.0,0.0,1.0,1.0,1.0,0.0,1.0,1.0,0.0
5526,3b8447bf8c7f49917,True,,,,,,,,,,1.0,0.0,0.0,1.0,1.0,1.0,0.0,1.0,0.0,0.0
5527,d853fa4b72196af01,True,,,,,,,,,,0.0,1.0,1.0,1.0,1.0,0.0,1.0,1.0,1.0,0.0
5528,404bfe24cd4dfebb4,True,,,,,,,,,,1.0,1.0,1.0,1.0,1.0,0.0,1.0,1.0,1.0,0.6875
5529,df49c73fde01293e8,True,,,,,,,,,,1.0,1.0,1.0,1.0,0.5461481814440494,1.0,1.0,1.0,1.0,0.8581713067012655
5530,8c25a75ef46e49d9f,True,,,,,,,,,,1.0,1.0,1.0,1.0,0.5083787796173256,1.0,1.0,1.0,0.0,0.7213683686304142
5531,942c13a25166d5723,True,,,,,,,,,,1.0,0.0,1.0,1.0,0.5163905812304728,1.0,1.0,1.0,0.0,0.0
5532,8d6032130dcaff306,True,,,,,,,,,,0.0,0.0,0.5,1.0,1.0,0.0,0.0,1.0,0.0,0.0
5533,17a263da0e14e7155,True,,,,,,,,,,1.0,1.0,1.0,1.0,0.8439121305962766,0.0,0.0,1.0,1.0,0.5137225408113364
5534,950706a6956dc566f,True,,,,,,,,,,0.0,1.0,1.0,1.0,1.0,0.0,0.0,1.0,1.0,0.0
5535,2c920866d1784abe5,True,,,,,,,,,,0.0,1.0,1.0,0.0,1.0,0.0,0.0,1.0,1.0,0.0
5536,cb000016d3d61dd05,True,,,,,,,,,,0.0,1.0,1.0,1.0,1.0,0.0,1.0,1.0,0.0,0.0
5537,6c0c0d2674d5ee28e,True,,,,,,,,,,1.0,0.0,1.0,1.0,0.5918188002085785,0.0,0.0,1.0,0.0,0.0
5538,7ab2fe1651beb3aae,True,,,,,,,,,,1.0,1.0,1.0,1.0,0.8493998797123222,1.0,1.0,1.0,1.0,0.9529374624101007
5539,e9678d2903b5f46d6,True,,,,,,,,,,1.0,1.0,1.0,1.0,1.0,0.0,0.0,1.0,1.0,0.5625
5540,c3fd5d39095bf7d25,True,,,,,,,,,,0.0,1.0,1.0,1.0,1.0,0.0,0.0,1.0,1.0,0.0
5541,0120638e7b2bd0bdf,True,,,,,,,,,,0.0,1.0,1.0,1.0,1.0,0.0,1.0,1.0,1.0,0.0
5542,8b6ef443197adad55,True,,,,,,,,,,1.0,0.0,1.0,1.0,1.0,0.0,1.0,1.0,1.0,0.0
5543,f38039c54ad8d65a3,True,,,,,,,,,,1.0,1.0,1.0,1.0,0.2746180724940942,1.0,0.0,1.0,1.0,0.6483181476544044
5544,46b0816cf26d29e4f,True,,,,,,,,,,0.0,1.0,1.0,1.0,1.0,0.0,1.0,1.0,0.0,0.0
5545,86275551f43e6b105,True,,,,,,,,,,0.0,1.0,1.0,1.0,1.0,0.0,0.0,1.0,0.0,0.0
5546,0e14703cf05b5dfd9,True,,,,,,,,,,0.0,1.0,0.0,1.0,0.7373850193162202,0.0,0.0,1.0,0.0,0.0
5547,008d19d3a7e53bd2f,True,,,,,,,,,,1.0,1.0,1.0,0.0,1.0,1.0,1.0,1.0,1.0,0.0
5548,76112959f0c3cee44,True,,,,,,,,,,1.0,0.0,1.0,1.0,0.5741317037113384,1.0,1.0,1.0,1.0,0.0
5549,16a87b4b1ab4b9fa6,True,,,,,,,,,,1.0,1.0,1.0,1.0,0.49647383321501226,1.0,0.0,1.0,0.0,0.5926480728796913
5550,aaaeb97c15db0e2f6,True,,,,,,,,,,1.0,1.0,1.0,1.0,0.5732083218956291,1.0,1.0,1.0,1.0,0.8666276005923841
5551,1b3fd5e7993de38c0,True,,,,,,,,,,1.0,1.0,1.0,1.0,0.6569428302636575,1.0,1.0,1.0,0.0,0.7677946344573929
5552,26961603aa068511e,True,,,,,,,,,,1.0,1.0,1.0,1.0,0.928402637668657,1.0,1.0,1.0,0.0,0.8526258242714553
5553,c398b0b20ab17435c,True,,,,,,,,,,1.0,1.0,1.0,1.0,0.6740202875054451,1.0,0.0,1.0,0.0,0.6481313398454516
5554,c9ec6104d455f3e47,True,,,,,,,,,,0.0,0.0,0.0,1.0,1.0,0.0,0.0,1.0,1.0,0.0
5555,ad352a19a340fd99b,True,,,,,,,,,,1.0,0.0,1.0,1.0,1.0,1.0,0.0,1.0,1.0,0.0
5556,45480978b802eb7d4,True,,,,,,,,,,1.0,0.0,1.0,1.0,1.0,1.0,0.0,1.0,1.0,0.0
5557,63584edd9b86f7faf,True,,,,,,,,,,1.0,0.0,1.0,1.0,1.0,0.0,1.0,1.0,0.0,0.0
5558,28d6fffc098e43af8,True,,,,,,,,,,1.0,1.0,1.0,0.0,0.18543262444235023,1.0,0.0,1.0,0.0,0.0
5559,7acbde1d7760e6ca2,True,,,,,,,,,,1.0,1.0,1.0,1.0,0.2293837579049319,1.0,0.0,1.0,1.0,0.6341824243452912
5560,b3af98bca187d3a52,True,,,,,,,,,,0.0,0.0,0.0,1.0,1.0,0.0,1.0,0.0,0.0,0.0
5561,d23dccf53d6e2e76b,True,,,,,,,,,,1.0,0.0,1.0,1.0,0.8911629527651849,1.0,1.0,1.0,0.0,0.0
5562,7d08b706a7adba557,True,,,,,,,,,,1.0,1.0,1.0,1.0,0.738559934119719,1.0,1.0,1.0,1.0,0.9182999794124121
5563,1285808d1703253f0,True,,,,,,,,,,1.0,0.0,1.0,1.0,1.0,1.0,1.0,1.0,0.0,0.0
5564,3e8f802de1e65025d,True,,,,,,,,,,1.0,1.0,1.0,1.0,0.3439122717883472,0.0,0.0,1.0,0.0,0.2324725849338585
5565,19f59045564664e53,True,,,,,,,,,,1.0,0.0,1.0,1.0,1.0,1.0,0.0,1.0,0.0,0.0
5566,b64ff461b41b49e3c,True,,,,,,,,,,1.0,1.0,0.5,1.0,0.5652128850275068,1.0,0.0,1.0,1.0,0.36956451328554796
5567,35cbd378e962248ad,True,,,,,,,,,,1.0,0.0,1.0,1.0,1.0,1.0,0.0,1.0,1.0,0.0
5568,dbc538d7bed435cad,True,,,,,,,,,,1.0,1.0,1.0,1.0,1.0,1.0,1.0,1.0,0.0,0.875
5569,65a9d726b130c91f5,True,,,,,,,,,,1.0,1.0,1.0,1.0,0.7931633856466869,1.0,1.0,1.0,0.0,0.8103635580145896
5570,2729d19c18ef21b96,True,,,,,,,,,,1.0,1.0,0.0,1.0,1.0,1.0,0.0,1.0,1.0,0.0
5571,23c64b101bb797591,True,,,,,,,,,,1.0,0.0,0.5,1.0,1.0,1.0,0.0,1.0,0.0,0.0
5572,071605e0e3709e71e,True,,,,,,,,,,1.0,1.0,1.0,1.0,1.0,1.0,1.0,1.0,1.0,1.0
5573,7a999e76f404c4956,True,,,,,,,,,,1.0,1.0,1.0,1.0,0.935518635447142,1.0,0.0,1.0,1.0,0.8548495735772319
5574,6c4cdcc93a5b36c13,True,,,,,,,,,,1.0,1.0,1.0,1.0,0.5884561338227136,1.0,0.0,1.0,0.0,0.621392541819598
5575,e26a54b7a798e6e57,True,,,,,,,,,,1.0,1.0,1.0,1.0,0.9099491252278937,1.0,1.0,1.0,1.0,0.9718591016337168
5576,444902bbbb7e82af9,True,,,,,,,,,,1.0,1.0,1.0,1.0,0.3176365964555983,1.0,0.0,1.0,0.0,0.5367614363923745
5577,9bd02c4d06feae3dd,True,,,,,,,,,,1.0,1.0,0.0,1.0,0.8923866992959487,1.0,0.0,1.0,1.0,0.0
5578,7404698935ca6a31c,True,,,,,,,,,,1.0,1.0,0.0,1.0,1.0,1.0,0.0,1.0,1.0,0.0
5579,e6d6645a3d41d9627,True,,,,,,,,,,1.0,1.0,1.0,1.0,1.0,1.0,1.0,1.0,0.0,0.875
5580,531e4c58eeca959a5,True,,,,,,,,,,1.0,1.0,1.0,1.0,0.701791832376426,1.0,0.0,1.0,1.0,0.7818099476176331
5581,c9ac843f74b17080f,True,,,,,,,,,,1.0,1.0,1.0,1.0,1.0,1.0,0.0,1.0,0.0,0.75
5582,71fe821c1ced6591c,True,,,,,,,,,,1.0,1.0,1.0,1.0,0.9094220696789277,1.0,0.0,1.0,1.0,0.846694396774665
5583,592e29a92e9aa79df,True,,,,,,,,,,1.0,1.0,1.0,1.0,1.0,1.0,0.0,0.0,1.0,0.75
5584,597d6626cc9f6cdbd,True,,,,,,,,,,1.0,1.0,1.0,1.0,0.7301913033909202,1.0,0.0,1.0,1.0,0.7906847823096625
5585,85d790e9c5c2e7b7c,True,,,,,,,,,,1.0,1.0,1.0,1.0,0.4907482344073383,1.0,0.0,1.0,1.0,0.7158588232522932
5586,66186ff8feddb320f,True,,,,,,,,,,1.0,1.0,1.0,1.0,0.8980144670736105,1.0,0.0,1.0,0.0,0.7181295209605033
5587,b24449179efd06cad,True,,,,,,,,,,1.0,1.0,1.0,1.0,0.852837749254979,1.0,1.0,1.0,0.0,0.8290117966421809
5588,74e68e4dba8d14dfa,True,,,,,,,,,,1.0,0.0,1.0,1.0,1.0,1.0,1.0,1.0,1.0,0.0
5589,75a91bdf0ba2aeea9,True,,,,,,,,,,1.0,1.0,1.0,1.0,0.7487912470568641,1.0,0.0,1.0,1.0,0.79649726470527
5590,d760fd5131cb248fc,True,,,,,,,,,,1.0,1.0,1.0,1.0,0.8841315019128143,1.0,1.0,1.0,0.0,0.8387910943477545
5591,37965fbc732bb2aaf,True,,,,,,,,,,1.0,1.0,1.0,1.0,0.7908379868273799,1.0,1.0,1.0,0.0,0.8096368708835562
5592,7b49a5c516fc052ba,True,,,,,,,,,,1.0,1.0,0.0,1.0,0.9465906589294767,1.0,0.0,1.0,1.0,0.0
5593,96cf7424a206ab31f,True,,,,,,,,,,0.0,1.0,1.0,1.0,0.6009358766895209,0.0,1.0,1.0,0.0,0.0
5594,dcb9f36fff6b09354,True,,,,,,,,,,1.0,1.0,1.0,1.0,0.756852758469731,1.0,1.0,1.0,0.0,0.799016487021791
5595,7ed807aaa179c87b1,True,,,,,,,,,,1.0,1.0,1.0,1.0,1.0,1.0,0.0,1.0,1.0,0.875
5596,96a1227ca8539a33e,True,,,,,,,,,,1.0,1.0,1.0,1.0,0.7986292724002992,1.0,1.0,1.0,1.0,0.9370716476250935
5597,0952835e9ba422028,True,,,,,,,,,,1.0,1.0,1.0,1.0,0.8584604130547749,1.0,1.0,1.0,1.0,0.9557688790796172
5598,a6f2bb94eb4ae6278,True,,,,,,,,,,0.0,1.0,1.0,1.0,1.0,0.0,1.0,1.0,0.0,0.0
5599,bc84695ec7d4fc814,True,,,,,,,,,,0.0,1.0,1.0,1.0,0.979716370007152,0.0,1.0,0.0,0.0,0.0
5600,ece6eaee0991a44ed,True,,,,,,,,,,1.0,0.0,0.0,1.0,1.0,1.0,0.0,1.0,0.0,0.0
5601,2c1190d3b505388dd,True,,,,,,,,,,1.0,1.0,1.0,1.0,0.8917733015305335,1.0,1.0,1.0,1.0,0.9661791567282917
5602,dda43e7963e96149d,True,,,,,,,,,,1.0,1.0,1.0,1.0,0.2314313354103483,1.0,1.0,1.0,1.0,0.7598222923157338
5603,17014286d867292ae,True,,,,,,,,,,1.0,1.0,1.0,1.0,0.33819621927597193,1.0,1.0,1.0,1.0,0.7931863185237412
5604,01529344a0b068d88,True,,,,,,,,,,1.0,1.0,1.0,1.0,0.4283630861637181,1.0,1.0,1.0,1.0,0.8213634644261619
5605,1395f6f7af57b553b,True,,,,,,,,,,1.0,0.0,1.0,1.0,0.6069459828606439,1.0,0.0,1.0,0.0,0.0
5606,15c7d65066442dddd,True,,,,,,,,,,0.5,0.0,1.0,1.0,1.0,0.0,0.0,1.0,0.0,0.0
5607,894784294c8d0ed99,True,,,,,,,,,,1.0,0.0,1.0,1.0,0.8666567454971852,1.0,1.0,1.0,1.0,0.0
5608,3048f4817a5a5e48b,True,,,,,,,,,,0.0,1.0,1.0,1.0,1.0,0.0,0.0,1.0,0.0,0.0
5609,8003dfc9e785aaede,True,,,,,,,,,,0.0,1.0,1.0,1.0,1.0,0.0,1.0,1.0,1.0,0.0
5610,43759bd8769ab0e07,True,,,,,,,,,,1.0,1.0,1.0,1.0,1.0,1.0,1.0,1.0,1.0,1.0
5611,74cc5095551bc3c7d,True,,,,,,,,,,1.0,1.0,1.0,1.0,0.7454606714505589,1.0,0.0,1.0,0.0,0.6704564598282996
5612,b840603cdbc809965,True,,,,,,,,,,1.0,1.0,0.0,1.0,1.0,1.0,0.0,1.0,0.0,0.0
5613,bc14063bcfe64e058,True,,,,,,,,,,0.0,0.0,1.0,1.0,1.0,0.0,1.0,1.0,1.0,0.0
5614,e8a42b314c0d6f88e,True,,,,,,,,,,1.0,1.0,0.5,1.0,1.0,1.0,0.0,1.0,0.0,0.375
5615,b9bc285e03f488e64,True,,,,,,,,,,1.0,1.0,1.0,1.0,1.0,1.0,0.0,1.0,1.0,0.875
5616,41efa8e340c6ec6b0,True,,,,,,,,,,0.5,0.0,1.0,1.0,1.0,0.0,0.0,1.0,1.0,0.0
5617,17e36b4f4f12c5fd5,True,,,,,,,,,,1.0,0.0,1.0,1.0,0.8210092297351632,1.0,1.0,1.0,1.0,0.0
5618,451c8ee9a94e9524f,True,,,,,,,,,,1.0,1.0,0.0,1.0,1.0,1.0,0.0,1.0,0.0,0.0
5619,099b82495b2e618d3,True,,,,,,,,,,1.0,1.0,0.5,1.0,0.8607236657862142,1.0,1.0,1.0,0.0,0.41573807277909597
5620,88fd88a24f2995978,True,,,,,,,,,,1.0,1.0,1.0,1.0,1.0,0.0,0.0,0.0,0.0,0.3125
5621,0e0c4a0cc9feb9612,True,,,,,,,,,,1.0,1.0,1.0,1.0,0.7855775535356448,1.0,0.0,1.0,0.0,0.6829929854798891
5622,908b05ed734967ac3,True,,,,,,,,,,1.0,1.0,1.0,1.0,0.7789492574190893,1.0,0.0,1.0,1.0,0.8059216429434655
5623,ccaf60b54f92a7260,True,,,,,,,,,,1.0,1.0,1.0,1.0,0.821354734642033,1.0,1.0,1.0,1.0,0.9441733545756353
5624,91e2e5e740db004ce,True,,,,,,,,,,0.0,1.0,1.0,1.0,1.0,0.0,0.0,1.0,1.0,0.0
5625,7124ea8593f4c9b14,True,,,,,,,,,,1.0,0.0,1.0,1.0,1.0,1.0,1.0,1.0,0.0,0.0
5626,5dfd054f0a5ff50d9,True,,,,,,,,,,1.0,1.0,1.0,1.0,1.0,0.0,0.0,1.0,1.0,0.5625
5627,5607119f8cda83560,True,,,,,,,,,,1.0,1.0,1.0,1.0,1.0,1.0,0.0,1.0,0.0,0.75
5628,249520f1574eff090,True,,,,,,,,,,1.0,1.0,1.0,1.0,0.8226359181280661,0.0,1.0,1.0,0.0,0.5070737244150207
5629,11f7a7f38a5e98d20,True,,,,,,,,,,1.0,1.0,1.0,1.0,0.9578313558090817,1.0,1.0,1.0,1.0,0.9868222986903381
5630,21ef36d866be6b411,True,,,,,,,,,,1.0,1.0,1.0,1.0,1.0,1.0,0.0,1.0,1.0,0.875
5631,f4012a586df6289ed,True,,,,,,,,,,0.0,0.0,1.0,1.0,1.0,0.0,0.0,1.0,1.0,0.0
5632,67e23c9775c8647fa,True,,,,,,,,,,1.0,0.0,1.0,1.0,1.0,1.0,1.0,1.0,0.0,0.0
5633,7712653347183e698,True,,,,,,,,,,1.0,1.0,1.0,1.0,0.16462415385533635,1.0,0.0,1.0,1.0,0.6139450480797926
5634,bc91b5b7dc430b04d,True,,,,,,,,,,1.0,1.0,0.0,1.0,1.0,1.0,0.0,1.0,1.0,0.0
5635,0fc796582943bab81,True,,,,,,,,,,1.0,0.0,1.0,1.0,0.8837952392576066,1.0,1.0,1.0,1.0,0.0
5636,a33fa10f772275b4a,True,,,,,,,,,,0.0,1.0,1.0,1.0,1.0,0.0,0.0,1.0,0.0,0.0
5637,df33e15913a4524e0,True,,,,,,,,,,1.0,1.0,1.0,1.0,0.7460859624860875,1.0,0.0,1.0,1.0,0.7956518632769023
5638,5b406458d7f722fb2,True,,,,,,,,,,1.0,1.0,1.0,1.0,0.7774764342170722,1.0,0.0,1.0,1.0,0.8054613856928351
5639,0ac5f53f5bbf5603e,True,,,,,,,,,,1.0,0.0,1.0,1.0,1.0,1.0,1.0,1.0,0.0,0.0
5640,84b2700de34b073da,True,,,,,,,,,,1.0,1.0,1.0,1.0,1.0,1.0,1.0,1.0,1.0,1.0
5641,8dd36b48e9549dfbb,True,,,,,,,,,,1.0,1.0,0.5,1.0,1.0,1.0,0.0,1.0,0.0,0.375
5642,b4ad9997db888e2b4,True,,,,,,,,,,1.0,1.0,1.0,1.0,1.0,1.0,0.0,0.0,0.0,0.625
5643,e7e93c5b22cdc4824,True,,,,,,,,,,1.0,1.0,1.0,1.0,0.7370799898353232,1.0,1.0,1.0,0.0,0.7928374968235385
5644,f27131cc726cc7eb7,True,,,,,,,,,,1.0,1.0,1.0,1.0,0.18066960881389763,1.0,1.0,1.0,1.0,0.743959252754343
5645,7e6c9f4638d88c304,True,,,,,,,,,,1.0,0.0,1.0,1.0,0.6629079028408975,1.0,1.0,1.0,1.0,0.0
5646,d6a8d396239dfefa0,True,,,,,,,,,,1.0,1.0,0.5,1.0,0.6861969543736767,1.0,0.0,1.0,1.0,0.38846827412088697
5647,e0b4f883827dd8c7f,True,,,,,,,,,,1.0,0.0,1.0,1.0,0.7740732453055804,1.0,1.0,1.0,0.0,0.0
5648,a230273e8dabb271d,True,,,,,,,,,,1.0,1.0,1.0,1.0,1.0,1.0,0.0,1.0,1.0,0.875
5649,11efb68d8748f6136,True,,,,,,,,,,1.0,1.0,0.5,1.0,1.0,1.0,0.0,1.0,0.0,0.375
5650,80ad340ede19df8b3,True,,,,,,,,,,1.0,0.0,0.5,1.0,1.0,1.0,0.0,0.0,0.0,0.0
5651,b4f924a8633b4e666,True,,,,,,,,,,0.0,1.0,1.0,1.0,1.0,0.0,1.0,0.0,0.0,0.0
5652,3e0f957bf14b2d2d9,True,,,,,,,,,,1.0,1.0,1.0,1.0,0.5957788606242727,1.0,0.0,1.0,0.0,0.6236808939450852
5653,d3150a8489aa038cb,True,,,,,,,,,,1.0,1.0,1.0,1.0,0.8891629850151297,0.0,0.0,1.0,1.0,0.527863432817228
5654,fd2cd8e0a11510837,True,,,,,,,,,,1.0,0.0,1.0,1.0,0.5472748371867107,1.0,0.0,1.0,0.0,0.0
5655,9463bb4964cd37676,True,,,,,,,,,,1.0,0.0,1.0,1.0,1.0,1.0,1.0,1.0,1.0,0.0
5656,4619287f3174b7b19,True,,,,,,,,,,0.0,1.0,1.0,1.0,1.0,0.0,1.0,1.0,1.0,0.0
5657,ac83e59ec47471195,True,,,,,,,,,,1.0,1.0,1.0,1.0,1.0,1.0,0.0,1.0,0.0,0.75
5658,58f91f82a3c230e1e,True,,,,,,,,,,0.5,1.0,0.0,1.0,1.0,0.0,0.0,1.0,0.0,0.0
5659,cbef70f53373bf6bb,True,,,,,,,,,,1.0,1.0,1.0,1.0,0.3202439808693562,1.0,0.0,1.0,0.0,0.5375762440216738
5660,1bd74624249d94074,True,,,,,,,,,,0.0,0.0,1.0,1.0,1.0,0.0,1.0,0.0,0.0,0.0
5661,406c46b5527457915,True,,,,,,,,,,1.0,1.0,1.0,1.0,1.0,1.0,0.0,1.0,1.0,0.875
5662,886484d2bedf04b15,True,,,,,,,,,,1.0,1.0,1.0,1.0,0.5152542383799688,1.0,1.0,1.0,1.0,0.8485169494937402
5663,73b46033e2af4eb96,True,,,,,,,,,,1.0,1.0,1.0,1.0,0.5305803820009662,1.0,0.0,1.0,1.0,0.728306369375302
5664,b592db40b4ae7d08c,True,,,,,,,,,,1.0,1.0,1.0,1.0,0.18294469261483326,1.0,0.0,1.0,0.0,0.4946702164421354
5665,8ab7f330292d7d49f,True,,,,,,,,,,1.0,1.0,1.0,1.0,1.0,1.0,0.0,1.0,1.0,0.875
5666,997532ca2ca1c8c42,True,,,,,,,,,,1.0,1.0,1.0,1.0,0.40575696940143485,1.0,1.0,1.0,0.0,0.6892990529379484
5667,fd7d31b9e1dfb00e7,True,,,,,,,,,,1.0,1.0,1.0,1.0,1.0,1.0,1.0,1.0,0.0,0.875
5668,198d109d392dbc280,True,,,,,,,,,,1.0,0.0,1.0,1.0,1.0,1.0,0.0,1.0,0.0,0.0
5669,9d5ce658b960c75f6,True,,,,,,,,,,1.0,1.0,1.0,1.0,0.5393290045921699,1.0,0.0,1.0,1.0,0.7310403139350531
5670,5929f8a55e3904cac,True,,,,,,,,,,1.0,1.0,1.0,1.0,0.8278532818002217,1.0,0.0,1.0,1.0,0.8212041505625693
5671,7e2d7288e94ae54c5,True,,,,,,,,,,1.0,1.0,1.0,1.0,0.2551913453904982,1.0,1.0,1.0,1.0,0.7672472954345306
5672,1703c3627d09cd9f3,True,,,,,,,,,,1.0,1.0,1.0,1.0,1.0,1.0,1.0,1.0,0.0,0.875
5673,8cb3057d000fc44fc,True,,,,,,,,,,1.0,1.0,1.0,1.0,0.541715197289504,1.0,1.0,1.0,1.0,0.85678599915297
5674,f8632cecfa6bdd21f,True,,,,,,,,,,1.0,1.0,0.0,1.0,1.0,1.0,0.0,1.0,1.0,0.0
5675,8cd4e7ea09172b366,True,,,,,,,,,,1.0,0.0,1.0,1.0,1.0,1.0,1.0,1.0,0.0,0.0
5676,ce2108b53dc19946a,True,,,,,,,,,,1.0,1.0,1.0,1.0,0.2862981629970307,1.0,0.0,1.0,1.0,0.6519681759365721
5677,f7ae88aefcd8f251e,True,,,,,,,,,,1.0,1.0,1.0,1.0,0.7569502995224009,1.0,0.0,1.0,1.0,0.7990469686007503
5678,06be59490e2e14bcd,True,,,,,,,,,,0.0,1.0,0.0,1.0,1.0,0.0,0.0,1.0,0.0,0.0
5679,c855eb02dea11b02e,True,,,,,,,,,,1.0,1.0,0.0,1.0,1.0,1.0,0.0,1.0,0.0,0.0
5680,d44eb346043c78d47,True,,,,,,,,,,1.0,0.0,0.0,1.0,1.0,1.0,0.0,1.0,1.0,0.0
5681,467689ba5841d624f,True,,,,,,,,,,1.0,1.0,1.0,1.0,0.2771025122289981,1.0,0.0,1.0,1.0,0.6490945350715619
5682,909281fad5f1bd401,True,,,,,,,,,,1.0,1.0,1.0,1.0,0.7141038663513619,1.0,1.0,1.0,0.0,0.7856574582348006
5683,246271906b5570c57,True,,,,,,,,,,1.0,0.0,1.0,1.0,0.3704347190595076,1.0,0.0,1.0,0.0,0.0
5684,25dc2853331e64985,True,,,,,,,,,,1.0,1.0,1.0,1.0,0.7025621715621599,1.0,1.0,1.0,1.0,0.907050678613175
5685,37501de016a2976a7,True,,,,,,,,,,1.0,1.0,1.0,1.0,0.9101851962913885,1.0,1.0,1.0,1.0,0.9719328738410589
5686,153383cdbca3694c0,True,,,,,,,,,,1.0,1.0,1.0,1.0,0.2944128508809122,1.0,1.0,1.0,1.0,0.7795040159002851
5687,218dfa1bf4d961da8,True,,,,,,,,,,0.0,1.0,1.0,1.0,1.0,0.0,0.0,1.0,0.0,0.0
5688,f6f0c7a27b1c90f37,True,,,,,,,,,,1.0,1.0,1.0,1.0,0.9112374099873802,1.0,1.0,1.0,1.0,0.9722616906210564
5689,aeec01880eb4ba54b,True,,,,,,,,,,1.0,0.0,1.0,1.0,1.0,1.0,0.0,1.0,0.0,0.0
5690,bf56d797d033f36bd,True,,,,,,,,,,1.0,1.0,1.0,1.0,0.3087249223307197,1.0,1.0,1.0,1.0,0.7839765382283499
5691,423fdbe39c764f2e2,True,,,,,,,,,,1.0,1.0,1.0,1.0,0.4492240214515389,1.0,1.0,1.0,0.0,0.702882506703606
5692,bd31f3930e078d690,True,,,,,,,,,,1.0,1.0,1.0,1.0,0.2910941205081169,1.0,1.0,1.0,1.0,0.7784669126587865
5693,9c40a73dcfa534ce7,True,,,,,,,,,,1.0,1.0,1.0,1.0,0.823334678235804,1.0,0.0,1.0,1.0,0.8197920869486888
5694,281e89e3d9a31b9b6,True,,,,,,,,,,1.0,1.0,1.0,1.0,0.7566605945623003,1.0,1.0,1.0,0.0,0.7989564358007188
5695,edf02a219abbc7a0d,True,,,,,,,,,,1.0,1.0,1.0,1.0,0.8470066827257354,1.0,1.0,1.0,1.0,0.9521895883517923
5696,5d4aa32c37f581673,True,,,,,,,,,,0.5,1.0,1.0,1.0,1.0,0.0,0.0,1.0,0.0,0.21875
5697,74ccd6443745d7a0a,True,,,,,,,,,,0.0,1.0,1.0,1.0,0.7185919350829213,0.0,0.0,1.0,0.0,0.0
5698,9f8032f6872d56164,True,,,,,,,,,,1.0,1.0,1.0,1.0,0.3465964351600057,1.0,1.0,1.0,1.0,0.7958113859875018
5699,0c70bd071d5a4b2fd,True,,,,,,,,,,1.0,1.0,1.0,1.0,0.7562207085015271,1.0,1.0,1.0,0.0,0.7988189714067272
5700,bf2fac0bbe0cb019b,True,,,,,,,,,,1.0,1.0,1.0,1.0,0.6425256949204636,1.0,0.0,1.0,1.0,0.7632892796626449
5701,5913dfbc435fb100c,True,,,,,,,,,,0.0,1.0,1.0,1.0,1.0,0.0,1.0,1.0,1.0,0.0
5702,79f1db0434b2c4330,True,,,,,,,,,,1.0,1.0,0.0,1.0,0.8493172344672105,1.0,0.0,1.0,1.0,0.0
5703,52454445f992935d8,True,,,,,,,,,,1.0,1.0,1.0,1.0,0.6007263158353318,1.0,1.0,1.0,0.0,0.7502269736985412
5704,8586a8b63a4fed64c,True,,,,,,,,,,1.0,1.0,0.0,1.0,1.0,1.0,0.0,1.0,1.0,0.0
5705,370b6a02f85908e66,True,,,,,,,,,,1.0,1.0,1.0,1.0,0.10239444252823536,1.0,0.0,0.0,0.0,0.34449826329007355
5706,6a1a3e7fd861ab333,True,,,,,,,,,,1.0,0.0,1.0,1.0,1.0,1.0,0.0,1.0,1.0,0.0
5707,2dac2b9cae0ff11f8,True,,,,,,,,,,1.0,1.0,1.0,1.0,1.0,1.0,0.0,1.0,1.0,0.875
5708,0389a1afc56cd9768,True,,,,,,,,,,1.0,1.0,1.0,1.0,0.6391743048740834,1.0,0.0,1.0,0.0,0.6372419702731511
5709,54d9c82ef12c0980e,True,,,,,,,,,,1.0,1.0,1.0,1.0,0.5782191868959149,1.0,0.0,1.0,1.0,0.7431934959049734
5710,4c838e94f573fa977,True,,,,,,,,,,1.0,1.0,1.0,1.0,0.7100098414513075,1.0,1.0,1.0,1.0,0.9093780754535337
5711,92dbe7647ced9cbf0,True,,,,,,,,,,1.0,1.0,0.5,1.0,0.9080052976067411,1.0,0.0,1.0,1.0,0.4231258277510533
5712,0f705d42ea20356f6,True,,,,,,,,,,1.0,1.0,1.0,1.0,1.0,0.0,1.0,1.0,0.0,0.5625
5713,2160f6e5d4720f94b,True,,,,,,,,,,1.0,0.0,1.0,1.0,1.0,1.0,0.0,1.0,1.0,0.0
5714,312967b0fb74d9524,True,,,,,,,,,,1.0,1.0,1.0,1.0,0.3902468779860499,1.0,1.0,1.0,1.0,0.8094521493706406
5715,78a6c5025d620a6b9,True,,,,,,,,,,1.0,1.0,1.0,1.0,0.9329107695818906,1.0,1.0,0.0,0.0,0.7290346154943408
5716,9818610284ab89cea,True,,,,,,,,,,1.0,1.0,1.0,1.0,0.15051110025183584,1.0,0.0,1.0,1.0,0.6095347188286987
5717,d87e1dbb0017ab960,True,,,,,,,,,,1.0,1.0,1.0,1.0,0.7250894269868497,1.0,0.0,1.0,1.0,0.7890904459333905
5718,49243c381a0bed43b,True,,,,,,,,,,1.0,1.0,1.0,1.0,0.29396035480694005,1.0,1.0,1.0,1.0,0.7793626108771687
5719,d29638c5140885ccd,True,,,,,,,,,,0.0,0.0,0.0,1.0,1.0,1.0,0.0,0.0,0.0,0.0
5720,3c2d7205574952616,True,,,,,,,,,,1.0,1.0,1.0,1.0,1.0,0.0,0.0,1.0,1.0,0.5625
5721,b42c321597e6726d4,True,,,,,,,,,,1.0,1.0,0.5,1.0,1.0,1.0,0.0,1.0,1.0,0.4375
5722,692440daecd03cbe0,True,,,,,,,,,,1.0,1.0,0.5,1.0,1.0,1.0,0.0,1.0,1.0,0.4375
5723,bef503ff5929be3a8,True,,,,,,,,,,0.0,1.0,1.0,1.0,1.0,0.0,0.0,1.0,1.0,0.0
5724,2bac462f71b189be9,True,,,,,,,,,,1.0,1.0,1.0,1.0,0.7119325901249153,1.0,1.0,1.0,0.0,0.784978934414036
5725,af26e74f0d5def154,True,,,,,,,,,,1.0,1.0,1.0,1.0,0.9470207951170176,1.0,0.0,1.0,0.0,0.7334439984740679
5726,a563e26d3cb76d239,True,,,,,,,,,,1.0,1.0,1.0,1.0,0.5642700848408523,1.0,1.0,1.0,1.0,0.8638344015127664
5727,7e160b5ef1f82a420,True,,,,,,,,,,1.0,1.0,1.0,1.0,1.0,1.0,0.0,1.0,1.0,0.875
5728,898965de3a97c47dc,True,,,,,,,,,,0.0,1.0,1.0,1.0,1.0,0.0,0.0,1.0,1.0,0.0
5729,a7eababd56f26dc5e,True,,,,,,,,,,1.0,1.0,1.0,1.0,0.8635826018435764,1.0,1.0,1.0,1.0,0.9573695630761176
5730,772ca0f5b2b35d83b,True,,,,,,,,,,1.0,1.0,1.0,0.0,1.0,1.0,1.0,1.0,1.0,0.0
5731,d4866f416d8d48597,True,,,,,,,,,,1.0,0.0,1.0,1.0,1.0,1.0,0.0,1.0,1.0,0.0
5732,686b6dd5e1ca96d8a,True,,,,,,,,,,1.0,1.0,1.0,1.0,0.3550717092624857,1.0,1.0,1.0,1.0,0.7984599091445268
5733,84ca2983c8da58e9b,True,,,,,,,,,,0.0,1.0,1.0,1.0,1.0,0.0,0.0,1.0,0.0,0.0
5734,ec84cf228d6d79089,True,,,,,,,,,,1.0,1.0,1.0,1.0,0.4376959866926909,1.0,1.0,1.0,1.0,0.8242799958414659
5735,790a3e3a75361c895,True,,,,,,,,,,1.0,1.0,1.0,1.0,0.6764997724945462,1.0,1.0,1.0,1.0,0.8989061789045457
5736,3f501988e5d39bd03,True,,,,,,,,,,1.0,1.0,0.5,1.0,0.5481167713017537,1.0,0.0,1.0,0.0,0.304393245515899
5737,346c72dba6f32d44c,True,,,,,,,,,,0.0,1.0,1.0,1.0,1.0,0.0,0.0,1.0,1.0,0.0
5738,24d58aedbf92c910a,True,,,,,,,,,,1.0,1.0,1.0,1.0,0.8974066793023744,1.0,0.0,1.0,0.0,0.717939587281992
5739,757e84df9c3c5f093,True,,,,,,,,,,1.0,0.0,0.5,1.0,1.0,1.0,0.0,1.0,0.0,0.0
5740,a5929390d283fddb9,True,,,,,,,,,,1.0,1.0,1.0,1.0,1.0,1.0,0.0,1.0,0.0,0.75
5741,646863c254a0a7a48,True,,,,,,,,,,1.0,1.0,0.0,1.0,0.7453580786514565,1.0,0.0,1.0,1.0,0.0
5742,8add9070020c81cb2,True,,,,,,,,,,0.0,1.0,1.0,1.0,1.0,1.0,0.0,1.0,1.0,0.0
5743,dfe73ad8f70781d46,True,,,,,,,,,,1.0,1.0,1.0,1.0,0.0,1.0,0.0,1.0,1.0,0.5625
5744,a8a3d313576f30414,True,,,,,,,,,,1.0,1.0,1.0,1.0,0.7259168834937955,1.0,1.0,1.0,1.0,0.914349026091811
5745,2cc336777225529c2,True,,,,,,,,,,1.0,1.0,1.0,1.0,1.0,1.0,0.0,1.0,1.0,0.875
5746,dfc4fb3ce45ccca81,True,,,,,,,,,,1.0,1.0,0.0,1.0,1.0,1.0,1.0,1.0,0.0,0.0
5747,819c74509b391434b,True,,,,,,,,,,1.0,1.0,1.0,1.0,0.7573650723557014,1.0,0.0,1.0,0.0,0.6741765851111567
5748,99d9ea218424b8b69,True,,,,,,,,,,1.0,1.0,1.0,1.0,1.0,1.0,1.0,1.0,0.0,0.875
5749,d1982bae71566acc5,True,,,,,,,,,,0.0,1.0,1.0,1.0,1.0,0.0,1.0,1.0,1.0,0.0
5750,9bbf0a9e8d47e6d77,True,,,,,,,,,,1.0,1.0,0.5,1.0,1.0,1.0,0.0,1.0,0.0,0.375
5751,e2e0472858fa4a63e,True,,,,,,,,,,1.0,1.0,1.0,1.0,0.6336154030254254,1.0,0.0,1.0,0.0,0.6355048134454454
5752,d82ea5f1c94fd6d13,True,,,,,,,,,,1.0,1.0,1.0,1.0,0.3674379464227174,1.0,1.0,1.0,1.0,0.8023243582570991
5753,b6ff83d0cafd7c12e,True,,,,,,,,,,1.0,0.0,1.0,1.0,0.7480965735338745,1.0,0.0,1.0,0.0,0.0
5754,6d41dae8eb9b92cbe,True,,,,,,,,,,1.0,1.0,0.0,1.0,1.0,1.0,0.0,1.0,1.0,0.0
5755,0ec4048ba57347962,True,,,,,,,,,,1.0,1.0,0.0,1.0,1.0,0.0,0.0,1.0,0.0,0.0
5756,ea91b41c76a3a54d3,True,,,,,,,,,,1.0,1.0,1.0,1.0,0.0,1.0,0.0,1.0,0.0,0.4375
5757,2c0f4b65d27645882,True,,,,,,,,,,0.0,1.0,1.0,1.0,1.0,0.0,1.0,1.0,1.0,0.0
5758,4d6386d3f9143b9e0,True,,,,,,,,,,1.0,1.0,1.0,1.0,1.0,1.0,0.0,1.0,1.0,0.875
5759,5ffbd12109319857a,True,,,,,,,,,,1.0,1.0,1.0,1.0,0.8710903033375045,1.0,0.0,1.0,0.0,0.7097157197929702
5760,18cc6c426879cd157,True,,,,,,,,,,1.0,1.0,1.0,1.0,1.0,1.0,0.0,1.0,0.0,0.75
5761,853bdf919d41bd5e6,True,,,,,,,,,,1.0,1.0,1.0,1.0,0.5256955812684071,1.0,1.0,1.0,0.0,0.7267798691463772
5762,1d9b777552553488e,True,,,,,,,,,,1.0,1.0,0.5,1.0,1.0,1.0,0.0,1.0,1.0,0.4375
5763,4a53fe73af8c37bee,True,,,,,,,,,,1.0,1.0,1.0,1.0,1.0,1.0,0.0,0.0,0.0,0.625
5764,3fcd46f80ab00b6e6,True,,,,,,,,,,1.0,0.0,1.0,1.0,0.6552129131971024,0.0,0.0,1.0,0.0,0.0
5765,f13330e16c05c5902,True,,,,,,,,,,1.0,1.0,1.0,1.0,0.22945859638645866,1.0,1.0,1.0,1.0,0.7592058113707683
5766,8ed1946abef82fdb9,True,,,,,,,,,,1.0,1.0,1.0,1.0,0.6228385547040737,1.0,0.0,1.0,1.0,0.757137048345023
5767,c0ec09e19eaff83c9,True,,,,,,,,,,1.0,1.0,1.0,1.0,1.0,1.0,0.0,1.0,1.0,0.875
5768,82b0238fb02f13548,True,,,,,,,,,,0.0,1.0,1.0,1.0,1.0,0.0,0.0,1.0,0.0,0.0
5769,b04390988b4a74994,True,,,,,,,,,,1.0,1.0,1.0,1.0,1.0,1.0,1.0,1.0,1.0,1.0
5770,21cc3fe26ab5be9ef,True,,,,,,,,,,1.0,1.0,1.0,1.0,0.3250658972986721,1.0,1.0,1.0,0.0,0.664083092905835
5771,c28452cccc45f49a1,True,,,,,,,,,,1.0,1.0,1.0,1.0,1.0,1.0,1.0,1.0,1.0,1.0
5772,e9a53fb1b01539d71,True,,,,,,,,,,1.0,1.0,1.0,1.0,0.27769339418023004,1.0,0.0,1.0,1.0,0.6492791856813218
5773,81c9c878090cea034,True,,,,,,,,,,1.0,0.0,1.0,1.0,1.0,1.0,1.0,1.0,0.0,0.0
5774,760a1b63cdc5e0565,True,,,,,,,,,,1.0,1.0,1.0,1.0,0.7050309082594004,1.0,1.0,1.0,0.0,0.7828221588310627
5775,cc06efea87df36bc7,True,,,,,,,,,,1.0,0.0,1.0,1.0,0.6054172922195399,1.0,0.0,1.0,0.0,0.0
5776,b55de67890f581798,True,,,,,,,,,,0.5,0.0,1.0,1.0,0.8483063075519965,0.0,1.0,1.0,0.0,0.0
5777,8d00654f6a07c6c75,True,,,,,,,,,,1.0,1.0,1.0,1.0,0.7072543553283364,1.0,1.0,1.0,0.0,0.7835169860401051
5778,3f94a9e099ddf73f0,True,,,,,,,,,,0.0,1.0,1.0,1.0,1.0,0.0,0.0,1.0,0.0,0.0
5779,5b8a84de1fcdc3118,True,,,,,,,,,,1.0,0.0,1.0,0.0,1.0,1.0,1.0,1.0,1.0,0.0
5780,96e90fd2233ad685a,True,,,,,,,,,,1.0,1.0,0.0,1.0,1.0,1.0,0.0,1.0,1.0,0.0
5781,933ba8311a18f9035,True,,,,,,,,,,1.0,1.0,1.0,1.0,0.6326150181432987,1.0,0.0,1.0,1.0,0.7601921931697808
5782,903b3cc014d45619e,True,,,,,,,,,,1.0,1.0,1.0,1.0,1.0,1.0,0.0,1.0,1.0,0.875
5783,ca8771e5e055dcfca,True,,,,,,,,,,1.0,0.0,0.0,1.0,1.0,1.0,0.0,1.0,1.0,0.0
5784,1549d79fb52ee0d4d,True,,,,,,,,,,1.0,1.0,1.0,1.0,0.8147021820037234,1.0,1.0,1.0,1.0,0.9420944318761635
5785,56e93c94aeafcbe6b,True,,,,,,,,,,1.0,1.0,0.0,1.0,0.9316724560836531,1.0,0.0,1.0,1.0,0.0
5786,7e3a87b525a6b7c28,True,,,,,,,,,,1.0,1.0,1.0,1.0,0.9229610709732495,1.0,1.0,1.0,1.0,0.9759253346791406
5787,e717e9e58fcb1f253,True,,,,,,,,,,1.0,1.0,1.0,1.0,0.806506090350217,1.0,0.0,1.0,1.0,0.8145331532344429
5788,87d2841ebf764daf7,True,,,,,,,,,,1.0,0.0,1.0,1.0,0.7638890660523086,1.0,1.0,1.0,1.0,0.0
5789,434099c65ff71b535,True,,,,,,,,,,0.0,1.0,1.0,1.0,1.0,0.0,0.0,1.0,1.0,0.0
5790,4c8f4212a26a493af,True,,,,,,,,,,0.5,0.0,1.0,1.0,1.0,0.0,0.0,1.0,0.0,0.0
5791,2e6e31a67e672d4a5,True,,,,,,,,,,1.0,1.0,1.0,1.0,0.37153861557376716,1.0,0.0,1.0,0.0,0.5536058173668023
5792,506ef1fd93816539d,True,,,,,,,,,,0.5,0.0,1.0,1.0,1.0,0.0,0.0,1.0,1.0,0.0
5793,d8c8d7ca717326aa5,True,,,,,,,,,,1.0,1.0,1.0,1.0,0.3073464141530916,1.0,0.0,1.0,0.0,0.5335457544228411
5794,ad123ee37bc2eb842,True,,,,,,,,,,1.0,0.0,1.0,1.0,0.9610970419569586,1.0,0.0,1.0,0.0,0.0
5795,d684c7c8d5a53f7d2,True,,,,,,,,,,1.0,1.0,1.0,1.0,0.5527870666220471,1.0,0.0,1.0,1.0,0.7352459583193898
5796,a1ad222a6de4f84d8,True,,,,,,,,,,0.0,1.0,1.0,1.0,1.0,0.0,0.0,1.0,1.0,0.0
5797,81d9160bc76331523,True,,,,,,,,,,1.0,1.0,1.0,1.0,0.6696272792840049,1.0,1.0,1.0,1.0,0.8967585247762515
5798,7dc3f9cae9f72fe4c,True,,,,,,,,,,1.0,0.0,0.0,1.0,1.0,1.0,0.0,1.0,0.0,0.0
5799,b692dc44c9a90c1e2,True,,,,,,,,,,1.0,0.0,1.0,1.0,0.91341182209297,1.0,1.0,1.0,1.0,0.0
5800,3e6a2a1cb427bfc4d,True,,,,,,,,,,1.0,1.0,0.5,1.0,1.0,1.0,0.0,1.0,0.0,0.375
5801,75bc6c0b77408dcd2,True,,,,,,,,,,1.0,1.0,1.0,1.0,0.7875369981587302,1.0,1.0,1.0,0.0,0.8086053119246032
5802,42e2e548a93490d54,True,,,,,,,,,,1.0,1.0,1.0,1.0,1.0,1.0,0.0,1.0,1.0,0.875
5803,54c064bb692276ac7,True,,,,,,,,,,1.0,1.0,1.0,1.0,1.0,1.0,0.0,1.0,0.0,0.75
5804,3d35e2b7007a10159,True,,,,,,,,,,1.0,1.0,1.0,1.0,1.0,1.0,0.0,1.0,1.0,0.875
5805,1cdb5f8486a6e3a2b,True,,,,,,,,,,1.0,1.0,1.0,1.0,0.8479138091256392,1.0,1.0,1.0,1.0,0.9524730653517622
5806,7fd931e169ce1f227,True,,,,,,,,,,1.0,1.0,1.0,1.0,0.7222597640475907,1.0,0.0,1.0,1.0,0.7882061762648721
5807,fb9996df723745a05,True,,,,,,,,,,1.0,1.0,1.0,1.0,1.0,1.0,0.0,0.0,0.0,0.625
5808,9157e54640172d150,True,,,,,,,,,,1.0,0.0,1.0,1.0,1.0,1.0,1.0,1.0,1.0,0.0
5809,b6cc9d50323153d21,True,,,,,,,,,,1.0,1.0,0.0,1.0,0.8517947615515385,1.0,1.0,1.0,1.0,0.0
5810,5de1e274bd9229940,True,,,,,,,,,,1.0,1.0,1.0,1.0,1.0,1.0,1.0,1.0,1.0,1.0
5811,c9e57d49438cf3843,True,,,,,,,,,,1.0,1.0,1.0,1.0,0.7112645911545343,1.0,1.0,1.0,1.0,0.909770184735792
5812,9d4b20553cbf06af4,True,,,,,,,,,,1.0,1.0,1.0,1.0,0.6886489608715541,1.0,1.0,1.0,0.0,0.7777028002723607
5813,975923741f66dd57f,True,,,,,,,,,,0.0,1.0,1.0,1.0,0.4621806014074301,0.0,1.0,1.0,1.0,0.0
5814,974c47a86ec212e1d,True,,,,,,,,,,1.0,1.0,0.5,1.0,1.0,1.0,0.0,1.0,0.0,0.375
5815,d6b2852cfdf21ad06,True,,,,,,,,,,1.0,1.0,1.0,1.0,0.7100613057950403,1.0,1.0,1.0,1.0,0.9093941580609501
5816,8ccebe9711753a11b,True,,,,,,,,,,1.0,1.0,1.0,1.0,0.6288590454815863,1.0,1.0,1.0,1.0,0.8840184517129958
5817,4eb62ff777df6de35,True,,,,,,,,,,1.0,1.0,1.0,1.0,0.4260053905495452,1.0,0.0,1.0,0.0,0.5706266845467329
5818,672d1f18c743523e4,True,,,,,,,,,,1.0,1.0,1.0,1.0,0.1633761433827658,1.0,0.0,1.0,1.0,0.6135550448071143
5819,3d7cd2f667f2292d5,True,,,,,,,,,,1.0,0.0,1.0,1.0,1.0,1.0,0.0,0.0,0.0,0.0
5820,fcc569fe0c7aef6a1,True,,,,,,,,,,1.0,0.0,1.0,1.0,1.0,1.0,0.0,1.0,0.0,0.0
5821,944ac9576ebfdb76e,True,,,,,,,,,,1.0,1.0,1.0,1.0,1.0,1.0,1.0,1.0,1.0,1.0
5822,46790b0b88d5ee5b3,True,,,,,,,,,,1.0,1.0,1.0,1.0,1.0,1.0,1.0,1.0,1.0,1.0
5823,3079c8b009170b052,True,,,,,,,,,,1.0,0.0,1.0,1.0,0.8219306800864564,1.0,0.0,1.0,1.0,0.0
5824,997169e70df191713,True,,,,,,,,,,1.0,1.0,1.0,1.0,0.6704321445303356,1.0,0.0,1.0,0.0,0.6470100451657299
5825,ecefe6eb9d594a685,True,,,,,,,,,,1.0,1.0,1.0,1.0,0.9761195944518766,1.0,1.0,1.0,1.0,0.9925373732662115
5826,36c78e1f966d78d1b,True,,,,,,,,,,1.0,1.0,1.0,1.0,0.5667443348192759,1.0,1.0,1.0,0.0,0.7396076046310237
5827,cc5c74bb358203037,True,,,,,,,,,,1.0,0.0,0.0,1.0,1.0,1.0,0.0,1.0,1.0,0.0
5828,321422cad3f85a6a3,True,,,,,,,,,,0.0,1.0,0.0,1.0,1.0,0.0,0.0,1.0,0.0,0.0
5829,facc7bdf3ca0a7492,True,,,,,,,,,,1.0,1.0,1.0,1.0,0.7944072894529249,1.0,1.0,1.0,0.0,0.810752277954039
5830,1b26aaf90ef14383f,True,,,,,,,,,,0.0,1.0,1.0,1.0,1.0,0.0,1.0,1.0,0.0,0.0
5831,d216a742018af5843,True,,,,,,,,,,1.0,0.0,1.0,1.0,1.0,1.0,1.0,1.0,1.0,0.0
5832,60b75083635860a0a,True,,,,,,,,,,1.0,0.0,0.0,1.0,1.0,1.0,0.0,1.0,1.0,0.0
5833,c4acda7791668ad2d,True,,,,,,,,,,1.0,1.0,1.0,1.0,0.34046566994099686,1.0,1.0,1.0,0.0,0.6688955218565615
5834,3271d4013cb715ce0,True,,,,,,,,,,1.0,1.0,1.0,1.0,0.51264043273644,1.0,0.0,1.0,0.0,0.5977001352301374
5835,08616e3e14acc949b,True,,,,,,,,,,1.0,0.0,1.0,1.0,1.0,1.0,0.0,1.0,1.0,0.0
5836,889738d49bab39139,True,,,,,,,,,,1.0,0.0,1.0,1.0,0.9380198880030793,1.0,0.0,1.0,0.0,0.0
5837,9ddf964682ac312d8,True,,,,,,,,,,1.0,1.0,1.0,1.0,0.6270279602388216,1.0,1.0,1.0,0.0,0.7584462375746317
5838,1c968570d73ed5505,True,,,,,,,,,,1.0,0.0,0.5,1.0,0.827521268380256,1.0,1.0,1.0,0.0,0.0
5839,aded499bdbf17f962,True,,,,,,,,,,1.0,1.0,1.0,1.0,1.0,1.0,0.0,1.0,1.0,0.875
5840,b81b74ab58ca68574,True,,,,,,,,,,1.0,1.0,0.0,1.0,0.8593841516945694,1.0,1.0,0.0,0.0,0.0
5841,091f890b966563016,True,,,,,,,,,,1.0,1.0,1.0,1.0,0.8244710650717597,1.0,1.0,1.0,0.0,0.8201472078349249
5842,12df8311d005ad619,True,,,,,,,,,,1.0,1.0,1.0,1.0,0.6011413348608612,1.0,0.0,1.0,1.0,0.7503566671440192
5843,e85bd1aab37f82bde,True,,,,,,,,,,0.0,1.0,1.0,1.0,1.0,0.0,1.0,1.0,1.0,0.0
5844,3042cb349e2487756,True,,,,,,,,,,1.0,1.0,1.0,1.0,0.06744906407567916,1.0,1.0,1.0,1.0,0.7085778325236498
5845,5275c2d3d823a5476,True,,,,,,,,,,1.0,0.0,1.0,1.0,0.7638890660523086,1.0,1.0,1.0,1.0,0.0
5846,66138b6a89d5d40bf,True,,,,,,,,,,1.0,1.0,1.0,1.0,0.7791410656537355,0.0,1.0,1.0,1.0,0.6184815830167923
5847,14f7e3a226b0e16d8,True,,,,,,,,,,1.0,1.0,1.0,1.0,1.0,1.0,1.0,1.0,1.0,1.0
5848,4189825e20758be70,True,,,,,,,,,,1.0,1.0,1.0,1.0,0.9692058884053015,1.0,1.0,1.0,0.0,0.8653768401266567
5849,5fa2d65d901225f48,True,,,,,,,,,,1.0,1.0,1.0,1.0,0.19413299011232835,1.0,1.0,1.0,1.0,0.7481665594101026
5850,4a1669fb6d9debfb0,True,,,,,,,,,,1.0,1.0,0.0,1.0,1.0,0.0,1.0,1.0,0.0,0.0
5851,1879a7c4a97f64bf9,True,,,,,,,,,,1.0,1.0,1.0,1.0,0.7612812365725834,1.0,0.0,1.0,1.0,0.8004003864289323
5852,d0a4601b1148fbc50,True,,,,,,,,,,1.0,1.0,1.0,1.0,0.6030271862670021,1.0,1.0,1.0,1.0,0.8759459957084381
5853,a2b18a44314422b37,True,,,,,,,,,,1.0,1.0,1.0,1.0,0.5844684952774813,1.0,1.0,1.0,1.0,0.8701464047742129
5854,dba739bec7326715c,True,,,,,,,,,,1.0,1.0,1.0,1.0,1.0,1.0,0.0,1.0,0.0,0.75
5855,0d20e006578be6327,True,,,,,,,,,,1.0,1.0,0.5,1.0,1.0,1.0,0.0,1.0,1.0,0.4375
5856,1d9d3ed0717ab4ffd,True,,,,,,,,,,0.5,1.0,1.0,1.0,0.9341954410432024,0.0,0.0,1.0,0.0,0.20846803766300037
5857,0ea26c79c5e97b269,True,,,,,,,,,,1.0,1.0,1.0,1.0,1.0,1.0,0.0,1.0,0.0,0.75
5858,33acea7dafc3e280a,True,,,,,,,,,,1.0,1.0,1.0,1.0,0.5611398302386268,1.0,0.0,1.0,1.0,0.7378561969495709
5859,1ab13d4826a06cc9f,True,,,,,,,,,,1.0,1.0,1.0,1.0,0.6625923012912027,1.0,1.0,1.0,1.0,0.8945600941535008
5860,f594bad990074c0ce,True,,,,,,,,,,1.0,1.0,1.0,1.0,0.9534930498497004,1.0,0.0,1.0,0.0,0.7354665780780314
5861,757cbf6c460160db5,True,,,,,,,,,,0.0,1.0,1.0,1.0,1.0,0.0,1.0,1.0,1.0,0.0
5862,0165cb0adcfce3796,True,,,,,,,,,,1.0,0.0,1.0,1.0,1.0,1.0,0.0,1.0,0.0,0.0
5863,c7f9e3c05b67e2257,True,,,,,,,,,,1.0,1.0,1.0,1.0,0.7269974275455074,1.0,0.0,1.0,0.0,0.664686696107971
5864,d33fcf041654db4d0,True,,,,,,,,,,1.0,1.0,1.0,1.0,0.19650571132378225,1.0,0.0,1.0,1.0,0.623908034788682
5865,92bc964803e65244e,True,,,,,,,,,,0.0,1.0,1.0,1.0,0.5247147295529786,0.0,1.0,1.0,1.0,0.0
5866,3b9a4be29bdd2c8ae,True,,,,,,,,,,1.0,1.0,1.0,1.0,1.0,1.0,0.0,1.0,0.0,0.75
5867,6864784b80c0a0fde,True,,,,,,,,,,1.0,1.0,1.0,1.0,1.0,1.0,0.0,1.0,1.0,0.875
5868,b9b2eb5e7bcdfdb6b,True,,,,,,,,,,1.0,1.0,1.0,1.0,0.5251214531083898,1.0,1.0,1.0,1.0,0.8516004540963718
5869,765fab253a51a77e4,True,,,,,,,,,,1.0,1.0,1.0,1.0,0.41002884519576593,1.0,0.0,1.0,0.0,0.5656340141236769
5870,38237140ae3e57418,True,,,,,,,,,,1.0,1.0,1.0,1.0,0.8022301254029832,1.0,1.0,1.0,0.0,0.8131969141884323
5871,6c853ea6e6c4a2a77,True,,,,,,,,,,1.0,1.0,0.5,1.0,1.0,1.0,0.0,1.0,1.0,0.4375
5872,6d7d0467feb2787ea,True,,,,,,,,,,1.0,1.0,1.0,1.0,0.8913727569551673,1.0,0.0,1.0,0.0,0.7160539865484898
5873,a8066d7e843deda8f,True,,,,,,,,,,1.0,0.0,1.0,1.0,1.0,1.0,1.0,1.0,1.0,0.0
5874,f25f0a0a5f68f4d90,True,,,,,,,,,,1.0,1.0,1.0,1.0,0.4938267926409678,1.0,0.0,1.0,1.0,0.7168208727003025
5875,1c7991974c14440a3,True,,,,,,,,,,1.0,0.0,0.0,1.0,1.0,1.0,0.0,1.0,1.0,0.0
5876,54474c2dd7ecfcc29,True,,,,,,,,,,1.0,0.0,1.0,1.0,1.0,1.0,1.0,1.0,1.0,0.0
5877,55810b94ebcc0aaa3,True,,,,,,,,,,1.0,1.0,1.0,1.0,0.9529470627258981,1.0,0.0,1.0,1.0,0.8602959571018431
5878,5d571e3d1a02ea00b,True,,,,,,,,,,1.0,1.0,1.0,1.0,0.9957893823271702,1.0,1.0,1.0,1.0,0.9986841819772407
5879,c598788caa8a8109f,True,,,,,,,,,,1.0,1.0,1.0,1.0,0.7167295717936534,1.0,1.0,1.0,0.0,0.7864779911855166
5880,40e319c83aab2731d,True,,,,,,,,,,1.0,1.0,1.0,1.0,1.0,1.0,1.0,1.0,0.0,0.875
5881,1b82ae87e58cbab28,True,,,,,,,,,,1.0,1.0,0.0,1.0,1.0,1.0,0.0,1.0,1.0,0.0
5882,8ace04c31034f39f7,True,,,,,,,,,,0.5,1.0,1.0,1.0,1.0,0.0,0.0,1.0,1.0,0.28125
5883,27b7e5ec4bfe00f85,True,,,,,,,,,,1.0,0.0,1.0,1.0,1.0,1.0,1.0,1.0,0.0,0.0
5884,5f80678c8465899ca,True,,,,,,,,,,1.0,1.0,1.0,1.0,0.31405373687051547,1.0,0.0,1.0,0.0,0.535641792772036
5885,686f1f87016b7e54b,True,,,,,,,,,,0.0,1.0,1.0,1.0,1.0,1.0,1.0,1.0,1.0,0.0
5886,4a6a0597bd6bf2f20,True,,,,,,,,,,1.0,1.0,1.0,1.0,0.87963876728076,1.0,1.0,1.0,0.0,0.8373871147752374
5887,ff2677dc137bcd3f7,True,,,,,,,,,,1.0,1.0,1.0,1.0,1.0,1.0,1.0,1.0,0.0,0.875
5888,6a8f1db0741e3de32,True,,,,,,,,,,1.0,1.0,1.0,1.0,1.0,1.0,0.0,1.0,0.0,0.75
5889,2c5c3c9002e3d1165,True,,,,,,,,,,1.0,1.0,1.0,1.0,0.9041090501268794,1.0,1.0,1.0,1.0,0.9700340781646498
5890,9384f1e1e708f3470,True,,,,,,,,,,1.0,1.0,1.0,1.0,0.9711156648787985,1.0,1.0,1.0,0.0,0.8659736452746245
5891,0fd0f1481edb016f4,True,,,,,,,,,,1.0,0.0,1.0,1.0,0.9531244547743013,1.0,0.0,1.0,1.0,0.0
5892,8d2018c3d25b185de,True,,,,,,,,,,1.0,1.0,1.0,1.0,0.7258837266182484,1.0,1.0,1.0,0.0,0.7893386645682026
5893,b1429f698429f9202,True,,,,,,,,,,1.0,1.0,1.0,1.0,0.8338080177298043,1.0,0.0,1.0,1.0,0.8230650055405638
5894,bad2ad9c318ddb264,True,,,,,,,,,,1.0,1.0,0.5,1.0,0.5918635074928654,1.0,0.0,1.0,0.0,0.31122867304576024
5895,db13e1f50a5d36df0,True,,,,,,,,,,1.0,1.0,1.0,1.0,0.8741184799799798,1.0,0.0,1.0,1.0,0.8356620249937436
5896,8b829bb6658bc36c8,True,,,,,,,,,,0.0,1.0,1.0,1.0,0.8517271084827108,0.0,0.0,1.0,1.0,0.0
5897,f36b1891f8fcc499d,True,,,,,,,,,,1.0,0.0,1.0,1.0,1.0,1.0,1.0,1.0,0.0,0.0
5898,396a1f73f2332bb19,True,,,,,,,,,,1.0,1.0,1.0,1.0,0.6158774301352554,1.0,1.0,1.0,0.0,0.7549616969172673
5899,2730c2af7fa40d559,True,,,,,,,,,,1.0,0.0,1.0,1.0,1.0,1.0,1.0,1.0,0.0,0.0
5900,4a086bbf2e29537eb,True,,,,,,,,,,1.0,0.0,1.0,1.0,0.5287486119143567,1.0,1.0,1.0,0.0,0.0
5901,b19bff260481a9a60,True,,,,,,,,,,1.0,1.0,0.5,1.0,0.9006123302843748,1.0,0.0,1.0,1.0,0.42197067660693355
5902,6e1dbb531aa7e9555,True,,,,,,,,,,1.0,1.0,1.0,1.0,0.729389051441287,1.0,0.0,1.0,1.0,0.7904340785754022
5903,e41e35545e4667bbb,True,,,,,,,,,,1.0,0.0,0.0,1.0,1.0,1.0,0.0,1.0,0.0,0.0
5904,5e206e9ebf880f3f3,True,,,,,,,,,,1.0,1.0,1.0,1.0,1.0,1.0,0.0,1.0,1.0,0.875
5905,5420830c429c1fcb6,True,,,,,,,,,,1.0,1.0,1.0,1.0,0.9652369818598869,1.0,1.0,1.0,0.0,0.8641365568312147
5906,96e56db3408ebe51e,True,,,,,,,,,,0.0,1.0,0.5,1.0,1.0,0.0,0.0,1.0,0.0,0.0
5907,c107f7eeb5856c0bf,True,,,,,,,,,,1.0,0.0,1.0,1.0,1.0,1.0,1.0,1.0,0.0,0.0
5908,0800b8cbfe2ebcaf3,True,,,,,,,,,,1.0,1.0,0.5,1.0,0.585375075611856,1.0,0.0,1.0,1.0,0.37271485556435247
5909,8d71beefa48cb91fb,True,,,,,,,,,,1.0,1.0,1.0,1.0,0.9268205088911408,1.0,1.0,1.0,1.0,0.9771314090284815
5910,c950df7be837da65b,True,,,,,,,,,,1.0,1.0,1.0,1.0,1.0,1.0,1.0,1.0,0.0,0.875
5911,7f0488639b20ae5c7,True,,,,,,,,,,1.0,1.0,1.0,1.0,1.0,1.0,1.0,1.0,1.0,1.0
5912,extended_pdm_score_stage_one,True,0.9444444444444444,0.8311111111111111,0.98,0.9955555555555555,0.8053735366687239,0.9311111111111111,0.9355555555555556,0.9733333333333334,0.5777777777777777,,,,,,,,,,0.6707821139594294
5913,extended_pdm_score_stage_two,True,,,,,,,,,,0.8435732745967058,0.7856846366033007,0.8976419402658005,0.9802373943391877,0.7988683550426047,0.8043153282798393,0.5327925322825453,0.9569702891437052,0.5826498292350427,0.4776941799591523
5914,extended_pdm_score_combined,True,0.9444444444444444,0.8311111111111111,0.98,0.9955555555555555,0.8053735366687239,0.9311111111111111,0.9355555555555556,0.9733333333333334,0.5777777777777777,0.8435732745967058,0.7856846366033007,0.8976419402658005,0.9802373943391877,0.7988683550426047,0.8043153282798393,0.5327925322825453,0.9569702891437052,0.5826498292350427,0.33197494974173003
