Unnamed: 0,token,valid,no_at_fault_collisions_stage_one,drivable_area_compliance_stage_one,driving_direction_compliance_stage_one,traffic_light_compliance_stage_one,ego_progress_stage_one,time_to_collision_within_bound_stage_one,lane_keeping_stage_one,history_comfort_stage_one,two_frame_extended_comfort_stage_one,no_at_fault_collisions_stage_two,drivable_area_compliance_stage_two,driving_direction_compliance_stage_two,traffic_light_compliance_stage_two,ego_progress_stage_two,time_to_collision_within_bound_stage_two,lane_keeping_stage_two,history_comfort_stage_two,two_frame_extended_comfort_stage_two,score
0,1abf52a927025259,True,1.0,1.0,1.0,1.0,0.9014110397720247,1.0,1.0,1.0,0.0,,,,,,,,,,0.8441909499287578
1,56c64f7e47b15e0d,True,0.0,1.0,1.0,1.0,1.0,1.0,1.0,1.0,1.0,,,,,,,,,,0.0
2,52deeca9acf35603,True,1.0,1.0,1.0,1.0,1.0,1.0,1.0,1.0,1.0,,,,,,,,,,1.0
3,c33bb70075e7594c,True,1.0,1.0,1.0,1.0,1.0,1.0,0.0,1.0,0.0,,,,,,,,,,0.75
4,9ef1d618435d5e53,True,1.0,1.0,1.0,1.0,0.8435725584496527,1.0,1.0,1.0,1.0,,,,,,,,,,0.9511164245155164
5,8fb11d5808355072,True,1.0,1.0,1.0,1.0,1.0,1.0,1.0,1.0,1.0,,,,,,,,,,1.0
6,5c4d8dfcb0aa5541,True,1.0,1.0,1.0,1.0,0.110254695176678,1.0,1.0,0.0,0.0,,,,,,,,,,0.4719545922427119
7,bd9abb7104dc5408,True,1.0,1.0,1.0,1.0,0.8244244139915753,1.0,1.0,1.0,1.0,,,,,,,,,,0.9451326293723672
8,087023402a695ba3,True,1.0,1.0,1.0,1.0,1.0,1.0,1.0,1.0,1.0,,,,,,,,,,1.0
9,c296ded44f9a509a,True,1.0,1.0,1.0,1.0,0.7054499158944573,1.0,1.0,1.0,0.0,,,,,,,,,,0.7829530987170179
10,2352aa62dbbe58d2,True,1.0,1.0,1.0,1.0,0.3283562679141915,1.0,1.0,1.0,0.0,,,,,,,,,,0.6651113337231849
11,5d3573d6da7952d3,True,1.0,0.0,1.0,1.0,0.8598915909145818,1.0,1.0,1.0,0.0,,,,,,,,,,0.0
12,d20dc707981f56e7,True,1.0,1.0,1.0,1.0,1.0,1.0,1.0,1.0,1.0,,,,,,,,,,1.0
13,847432a116d35db0,True,0.0,1.0,1.0,1.0,1.0,0.0,1.0,1.0,0.0,,,,,,,,,,0.0
14,0ce170237acd51c2,True,1.0,1.0,1.0,1.0,0.8580844011967228,1.0,1.0,1.0,0.0,,,,,,,,,,0.8306513753739759
15,c1d95d8a3260541c,True,1.0,1.0,1.0,1.0,0.8788478781700935,1.0,1.0,1.0,1.0,,,,,,,,,,0.9621399619281542
16,14fe69db03425780,True,1.0,1.0,1.0,1.0,0.6422450813752569,1.0,1.0,1.0,1.0,,,,,,,,,,0.8882015879297678
17,67abcf0964415891,True,1.0,1.0,1.0,1.0,0.6418595471069246,1.0,1.0,0.0,0.0,,,,,,,,,,0.6380811084709139
18,7af0e9b8a12056e8,True,1.0,1.0,1.0,1.0,0.867669047997359,1.0,1.0,1.0,0.0,,,,,,,,,,0.8336465774991747
19,e41740b9529753af,True,0.0,1.0,1.0,1.0,1.0,0.0,1.0,1.0,0.0,,,,,,,,,,0.0
20,ab4401719a355a62,True,1.0,1.0,1.0,1.0,1.0,1.0,1.0,1.0,0.0,,,,,,,,,,0.875
21,592f536375e755b6,True,1.0,1.0,1.0,1.0,0.4938504176342074,1.0,1.0,1.0,1.0,,,,,,,,,,0.8418282555106898
22,f23073987e7956e3,True,1.0,1.0,1.0,1.0,0.334826534187587,1.0,1.0,1.0,0.0,,,,,,,,,,0.6671332919336209
23,ea31c764f6385f4a,True,1.0,1.0,1.0,1.0,1.0,1.0,1.0,1.0,1.0,,,,,,,,,,1.0
24,93ca181d363358eb,True,1.0,1.0,1.0,1.0,0.7073744605971343,1.0,1.0,1.0,0.0,,,,,,,,,,0.7835545189366044
25,f9e3a8f1b0ae5d43,True,1.0,1.0,1.0,1.0,0.3099453349360525,1.0,1.0,1.0,1.0,,,,,,,,,,0.7843579171675163
26,5feede5c5a3c5116,True,1.0,1.0,1.0,1.0,1.0,1.0,1.0,1.0,0.0,,,,,,,,,,0.875
27,5379d354b9b95048,True,1.0,0.0,1.0,1.0,0.7463811439765489,1.0,1.0,1.0,0.0,,,,,,,,,,0.0
28,20728d3e677b593d,True,1.0,1.0,1.0,1.0,0.4677518013092983,1.0,1.0,1.0,1.0,,,,,,,,,,0.8336724379091557
29,dd35be6455fe566b,True,1.0,1.0,1.0,1.0,0.3226407715028117,1.0,1.0,1.0,0.0,,,,,,,,,,0.6633252410946286
30,77f11643ced5562a,True,1.0,1.0,1.0,1.0,0.5466048744946178,1.0,1.0,1.0,1.0,,,,,,,,,,0.8583140232795681
31,f025b78e77b25fba,True,1.0,1.0,1.0,1.0,0.8298069678826435,1.0,1.0,1.0,0.0,,,,,,,,,,0.8218146774633261
32,a97ceb2edd0251f9,True,1.0,1.0,1.0,1.0,1.0,1.0,1.0,1.0,0.0,,,,,,,,,,0.875
33,c340cf7465ab5bbe,True,1.0,1.0,1.0,1.0,0.4800582797066348,1.0,1.0,1.0,1.0,,,,,,,,,,0.8375182124083234
34,c574d461642f5deb,True,1.0,1.0,1.0,1.0,0.9121658650819942,1.0,1.0,1.0,0.0,,,,,,,,,,0.8475518328381232
35,df72dca23ca45733,True,1.0,1.0,1.0,1.0,1.0,1.0,1.0,1.0,0.0,,,,,,,,,,0.875
36,f1ca8dd77f205599,True,1.0,1.0,1.0,1.0,0.6690521875877856,1.0,1.0,1.0,0.0,,,,,,,,,,0.771578808621183
37,64a7186ab49b5cdc,True,1.0,1.0,1.0,1.0,0.7360441230150452,1.0,1.0,1.0,1.0,,,,,,,,,,0.9175137884422015
38,af335d636f4c516e,True,1.0,1.0,1.0,1.0,1.0,1.0,1.0,1.0,0.0,,,,,,,,,,0.875
39,28a4a08f11a05407,True,1.0,1.0,1.0,1.0,0.6366436726344561,1.0,1.0,1.0,1.0,,,,,,,,,,0.8864511476982675
40,697882c22eb65ca7,True,1.0,1.0,1.0,1.0,0.4445097685266361,1.0,1.0,1.0,0.0,,,,,,,,,,0.7014093026645738
41,35b84fa433f0583f,True,1.0,1.0,1.0,1.0,0.5804259562611447,1.0,1.0,1.0,1.0,,,,,,,,,,0.8688831113316078
42,d25b6512a43f5e54,True,1.0,1.0,1.0,1.0,0.7607468132648911,1.0,1.0,1.0,1.0,,,,,,,,,,0.9252333791452784
43,70f718ebc8b4505e,True,1.0,1.0,1.0,1.0,0.3897979493782014,1.0,1.0,1.0,0.0,,,,,,,,,,0.6843118591806879
44,5d2ee89308f958be,True,1.0,1.0,1.0,1.0,0.5772276695605495,1.0,1.0,1.0,1.0,,,,,,,,,,0.8678836467376717
45,da36c99454f65715,True,1.0,0.0,1.0,1.0,0.8856435638138821,1.0,1.0,1.0,0.0,,,,,,,,,,0.0
46,90314b74c92954d6,True,1.0,1.0,1.0,1.0,1.0,1.0,1.0,1.0,1.0,,,,,,,,,,1.0
47,184c11a8cc875403,True,1.0,1.0,1.0,1.0,0.5084770954681315,1.0,1.0,1.0,0.0,,,,,,,,,,0.7213990923337911
48,d5b18d6105c25004,True,1.0,1.0,1.0,1.0,1.0,1.0,1.0,1.0,1.0,,,,,,,,,,1.0
49,fda0145d54065b7c,True,1.0,1.0,1.0,1.0,1.0,0.0,1.0,1.0,1.0,,,,,,,,,,0.6875
50,59ea5c8c067e57e7,True,1.0,1.0,0.0,1.0,0.9665824284741812,1.0,0.0,1.0,0.0,,,,,,,,,,0.0
51,7d24bd01f77c5d87,True,1.0,1.0,1.0,1.0,0.8467306717385871,1.0,1.0,1.0,0.0,,,,,,,,,,0.8271033349183085
52,18492b6ce9905b13,True,1.0,1.0,1.0,1.0,0.6319189474968532,1.0,1.0,1.0,0.0,,,,,,,,,,0.7599746710927666
53,1a928640315c5332,True,1.0,1.0,1.0,1.0,0.6719150914896154,1.0,1.0,1.0,0.0,,,,,,,,,,0.7724734660905048
54,7727bf26f5845499,True,1.0,1.0,1.0,1.0,0.4992013472613841,1.0,1.0,1.0,0.0,,,,,,,,,,0.7185004210191825
55,ffe92084016a5795,True,1.0,1.0,1.0,1.0,0.4434641713678739,1.0,1.0,1.0,1.0,,,,,,,,,,0.8260825535524606
56,8c689c4b2df55539,True,1.0,1.0,1.0,1.0,0.5870157240736698,1.0,1.0,1.0,1.0,,,,,,,,,,0.8709424137730217
57,f9a9b5ee707e501e,True,1.0,1.0,1.0,1.0,0.3416516052079166,1.0,1.0,1.0,0.0,,,,,,,,,,0.669266126627474
58,d073c3202a7e56da,True,1.0,1.0,1.0,1.0,1.0,0.0,1.0,1.0,0.0,,,,,,,,,,0.5625
59,d20be65e3dc65738,True,1.0,1.0,1.0,1.0,0.6714953473497041,1.0,1.0,1.0,0.0,,,,,,,,,,0.7723422960467825
60,c1839a3333695317,True,1.0,1.0,1.0,1.0,0.9212116315528168,1.0,1.0,1.0,0.0,,,,,,,,,,0.8503786348602552
61,7a8c81a7cd1256e0,True,1.0,1.0,1.0,1.0,0.9532101801205362,1.0,1.0,1.0,1.0,,,,,,,,,,0.9853781812876676
62,75ffe77189e95d43,True,1.0,1.0,1.0,1.0,0.6612556906035235,1.0,0.0,1.0,0.0,,,,,,,,,,0.6441424033136011
63,cf05c9f4f6e55af3,True,1.0,1.0,1.0,1.0,0.7446653502080902,1.0,1.0,1.0,1.0,,,,,,,,,,0.9202079219400282
64,a7d3e71b8ca456a9,True,1.0,1.0,1.0,1.0,1.0,1.0,1.0,1.0,1.0,,,,,,,,,,1.0
65,ac7bd595b9a3544c,True,0.0,1.0,1.0,1.0,1.0,0.0,1.0,1.0,1.0,,,,,,,,,,0.0
66,e1f6c044f4235462,True,1.0,1.0,1.0,1.0,0.560500313934735,1.0,1.0,1.0,1.0,,,,,,,,,,0.8626563481046047
67,aee07628c2ab5ce1,True,1.0,1.0,1.0,1.0,0.6224199408996622,1.0,0.0,1.0,1.0,,,,,,,,,,0.7570062315311444
68,e22c42694be05703,True,1.0,1.0,1.0,1.0,0.4451821215064216,1.0,1.0,1.0,1.0,,,,,,,,,,0.8266194129707567
69,dac84d4f931e54ab,True,1.0,1.0,1.0,1.0,0.4924408209837588,1.0,1.0,1.0,0.0,,,,,,,,,,0.7163877565574246
70,7feaf6410f1854a8,True,0.0,1.0,1.0,1.0,1.0,1.0,1.0,1.0,0.0,,,,,,,,,,0.0
71,e74ca27f40755297,True,1.0,1.0,1.0,1.0,0.5880333488636802,1.0,1.0,1.0,0.0,,,,,,,,,,0.7462604215199
72,909655c780e152ac,True,1.0,1.0,1.0,1.0,1.0,1.0,1.0,1.0,1.0,,,,,,,,,,1.0
73,e747d6fdc59252f3,True,1.0,1.0,1.0,1.0,0.7697203655575041,1.0,1.0,1.0,1.0,,,,,,,,,,0.92803761423672
74,5d7c7edca69d5e73,True,1.0,1.0,1.0,1.0,1.0,1.0,1.0,1.0,0.0,,,,,,,,,,0.875
75,f038fc7ffdab5bad,True,1.0,1.0,1.0,1.0,1.0,1.0,1.0,1.0,0.0,,,,,,,,,,0.875
76,8164612a623156ae,True,1.0,1.0,1.0,1.0,0.9454927080429204,1.0,1.0,1.0,0.0,,,,,,,,,,0.8579664712634126
77,3623049267d35a95,True,1.0,1.0,1.0,1.0,0.3495805703373462,1.0,1.0,1.0,1.0,,,,,,,,,,0.7967439282304207
78,ae472d675a965aca,True,1.0,1.0,1.0,1.0,0.5254281332483232,1.0,1.0,1.0,0.0,,,,,,,,,,0.726696291640101
79,262333f372975eef,True,1.0,1.0,1.0,1.0,1.0,1.0,1.0,1.0,0.0,,,,,,,,,,0.875
80,deb455f53c805643,True,1.0,1.0,1.0,1.0,0.5912204739334681,1.0,1.0,0.0,0.0,,,,,,,,,,0.6222563981042089
81,abbf1c193ac75f91,True,1.0,1.0,1.0,1.0,1.0,1.0,1.0,1.0,0.0,,,,,,,,,,0.875
82,bf00c76f25185b83,True,1.0,1.0,1.0,1.0,0.7096209759400066,1.0,1.0,1.0,1.0,,,,,,,,,,0.909256554981252
83,c8507cfbe8575463,True,1.0,1.0,1.0,1.0,0.731233876817059,1.0,1.0,1.0,1.0,,,,,,,,,,0.916010586505331
84,3cbb6c030b1e5d19,True,1.0,1.0,1.0,1.0,1.0,1.0,1.0,1.0,0.0,,,,,,,,,,0.875
85,a6edd19740415b54,True,1.0,1.0,1.0,1.0,0.968256492119448,1.0,1.0,1.0,0.0,,,,,,,,,,0.8650801537873275
86,712427ff1635596c,True,1.0,1.0,1.0,1.0,0.430134549171517,1.0,1.0,1.0,1.0,,,,,,,,,,0.8219170466160991
87,8846d60884435288,True,1.0,1.0,1.0,1.0,0.4888310323714764,1.0,1.0,1.0,0.0,,,,,,,,,,0.7152596976160863
88,6e3cf172a2755fae,True,1.0,1.0,1.0,1.0,1.0,1.0,1.0,1.0,1.0,,,,,,,,,,1.0
89,0e5653822a7a56b3,True,1.0,1.0,1.0,1.0,1.0,1.0,1.0,1.0,1.0,,,,,,,,,,1.0
90,46deeff0d0495df6,True,1.0,1.0,1.0,1.0,0.7315871695938742,1.0,1.0,1.0,1.0,,,,,,,,,,0.9161209904980856
91,580dac44fa305877,True,1.0,1.0,1.0,1.0,0.5383619887151118,1.0,1.0,1.0,0.0,,,,,,,,,,0.7307381214734724
92,76a0c83f0b6453a0,True,1.0,1.0,1.0,1.0,0.8721371080530722,1.0,1.0,1.0,1.0,,,,,,,,,,0.9600428462665852
93,94d74f87c8435b61,True,1.0,1.0,1.0,1.0,1.0,1.0,1.0,1.0,1.0,,,,,,,,,,1.0
94,342f42c4b2855ffb,True,1.0,1.0,1.0,1.0,0.6042315358407266,1.0,1.0,1.0,1.0,,,,,,,,,,0.876322354950227
95,8f8ccbd6ffcb54b9,True,1.0,1.0,1.0,1.0,0.6464288794382351,1.0,1.0,1.0,0.0,,,,,,,,,,0.7645090248244485
96,c7e06d79e58454ae,True,1.0,1.0,1.0,1.0,0.9880153775932572,1.0,1.0,1.0,0.0,,,,,,,,,,0.8712548054978928
97,f3ca2707d87a586b,True,1.0,1.0,1.0,1.0,0.9670994601609229,1.0,1.0,1.0,0.0,,,,,,,,,,0.8647185813002884
98,b9f3b69b160e5ad0,True,1.0,1.0,1.0,1.0,0.7443289156463906,1.0,1.0,1.0,0.0,,,,,,,,,,0.795102786139497
99,352290f8ed8e572e,True,0.0,1.0,1.0,1.0,1.0,0.0,1.0,1.0,0.0,,,,,,,,,,0.0
100,082988f40658562c,True,1.0,1.0,1.0,1.0,0.7324912218189861,1.0,1.0,1.0,0.0,,,,,,,,,,0.7914035068184331
101,e024bd23594b5a13,True,1.0,1.0,1.0,1.0,0.8990883952421215,1.0,1.0,1.0,0.0,,,,,,,,,,0.8434651235131629
102,2391f12d7e6a5e7f,True,1.0,1.0,1.0,1.0,0.1526725411460751,1.0,1.0,1.0,0.0,,,,,,,,,,0.6102101691081485
103,9b0a5826d2d357d8,True,1.0,1.0,1.0,1.0,0.5792226101849446,1.0,1.0,1.0,1.0,,,,,,,,,,0.8685070656827951
104,67debdeae60b5fa4,True,1.0,1.0,1.0,1.0,0.6280100714992933,1.0,1.0,1.0,1.0,,,,,,,,,,0.8837531473435292
105,a8a34f54618050f6,True,1.0,1.0,1.0,1.0,0.4825979527815241,1.0,1.0,1.0,1.0,,,,,,,,,,0.8383118602442263
106,5065e99644fb5fc2,True,0.0,1.0,1.0,1.0,1.0,1.0,1.0,1.0,0.0,,,,,,,,,,0.0
107,a67c6744e6c45edb,True,1.0,1.0,1.0,1.0,0.7237318524634567,1.0,1.0,1.0,0.0,,,,,,,,,,0.7886662038948302
108,cbc268a868be50c2,True,1.0,1.0,1.0,1.0,1.0,1.0,1.0,1.0,0.0,,,,,,,,,,0.875
109,b1906c6b8b8f5f56,True,1.0,1.0,1.0,1.0,0.9527975400219596,1.0,1.0,1.0,0.0,,,,,,,,,,0.8602492312568624
110,cef1a4b302b45ad8,True,1.0,1.0,1.0,1.0,0.8069466972600347,1.0,1.0,1.0,0.0,,,,,,,,,,0.8146708428937608
111,d50b69bed8f2570c,True,1.0,1.0,1.0,1.0,0.5056317783726588,1.0,1.0,1.0,0.0,,,,,,,,,,0.7205099307414559
112,afe83cb6c0ae5f67,True,1.0,0.0,1.0,1.0,0.935305756326323,1.0,0.0,1.0,0.0,,,,,,,,,,0.0
113,223d02be29c65e81,True,1.0,1.0,1.0,1.0,0.8344446979281575,1.0,1.0,1.0,1.0,,,,,,,,,,0.9482639681025492
114,32e5d7e804c65214,True,1.0,1.0,1.0,1.0,0.7149050252325263,1.0,1.0,1.0,1.0,,,,,,,,,,0.9109078203851644
115,6326d00e52115da4,True,1.0,1.0,1.0,1.0,1.0,1.0,1.0,1.0,0.0,,,,,,,,,,0.875
116,a417154cf84a5426,True,1.0,1.0,1.0,1.0,1.0,1.0,1.0,1.0,1.0,,,,,,,,,,1.0
117,467879c3d37054f5,True,1.0,1.0,1.0,1.0,0.4427270060571192,1.0,1.0,1.0,0.0,,,,,,,,,,0.7008521893928498
118,aeeba19e19c35ccb,True,1.0,1.0,1.0,1.0,0.5625743435921948,1.0,1.0,1.0,0.0,,,,,,,,,,0.7383044823725609
119,ce05573741b75133,True,1.0,1.0,1.0,1.0,1.0,1.0,1.0,1.0,1.0,,,,,,,,,,1.0
120,89e4665cd63a55bd,True,1.0,1.0,1.0,1.0,0.7169468119027058,1.0,0.0,1.0,1.0,,,,,,,,,,0.7865458787195956
121,5c838efd36805c92,True,1.0,1.0,1.0,1.0,0.7711298074666538,1.0,1.0,1.0,0.0,,,,,,,,,,0.8034780648333293
122,779852a1160f56f9,True,1.0,1.0,1.0,1.0,0.6013496038891677,1.0,1.0,1.0,1.0,,,,,,,,,,0.8754217512153649
123,2030d3a5ed675084,True,1.0,1.0,1.0,1.0,0.8064820405197106,1.0,1.0,1.0,0.0,,,,,,,,,,0.8145256376624096
124,e17587a96a795abf,True,1.0,1.0,1.0,1.0,0.5794062916099344,1.0,1.0,1.0,1.0,,,,,,,,,,0.8685644661281045
125,a312f24a197d530c,True,1.0,1.0,1.0,1.0,0.8388682544946896,1.0,1.0,1.0,1.0,,,,,,,,,,0.9496463295295904
126,f7a9f82f17b256e2,True,1.0,1.0,1.0,1.0,0.7481484722626337,1.0,1.0,1.0,1.0,,,,,,,,,,0.921296397582073
127,0dc54a8c8203567b,True,1.0,1.0,1.0,1.0,0.7005630343479298,1.0,1.0,1.0,1.0,,,,,,,,,,0.906425948233728
128,622867ce25805447,True,1.0,1.0,1.0,1.0,0.6546617067853067,1.0,1.0,1.0,1.0,,,,,,,,,,0.8920817833704083
129,c5b585ddf50d5f1f,True,1.0,1.0,1.0,1.0,1.0,1.0,1.0,1.0,0.0,,,,,,,,,,0.875
130,d142ab856b7653df,True,1.0,1.0,1.0,1.0,0.7642643449305095,1.0,1.0,1.0,1.0,,,,,,,,,,0.9263326077907844
131,257773cfd41d59d5,True,1.0,1.0,1.0,1.0,0.4642566900485861,1.0,1.0,1.0,1.0,,,,,,,,,,0.8325802156401831
132,153ae46b6ba65721,True,1.0,1.0,1.0,1.0,0.9073642180465418,1.0,1.0,1.0,1.0,,,,,,,,,,0.9710513181395444
133,5521dd071ee95c1a,True,1.0,1.0,1.0,1.0,0.8264992283860295,1.0,1.0,1.0,1.0,,,,,,,,,,0.9457810088706342
134,289a58bd2ab6512b,True,1.0,1.0,1.0,1.0,0.4989126873887831,1.0,1.0,1.0,0.0,,,,,,,,,,0.7184102148089947
135,0cd0aaeb35c95094,True,1.0,1.0,1.0,1.0,0.6967188666662545,1.0,1.0,1.0,1.0,,,,,,,,,,0.9052246458332044
136,e7ae612e880e5d5f,True,1.0,1.0,1.0,1.0,0.606808130310736,1.0,1.0,1.0,1.0,,,,,,,,,,0.877127540722105
137,e1886e081b945907,True,1.0,1.0,1.0,1.0,0.5531384933583157,1.0,1.0,1.0,1.0,,,,,,,,,,0.8603557791744736
138,f1ae4feebfda5b75,True,1.0,1.0,1.0,1.0,0.5703063990383114,1.0,1.0,1.0,0.0,,,,,,,,,,0.7407207496994723
139,689abfdd66235378,True,1.0,1.0,1.0,1.0,0.8993734776795038,1.0,1.0,1.0,1.0,,,,,,,,,,0.9685542117748448
140,063dc3e59f7158d9,True,1.0,1.0,1.0,1.0,1.0,1.0,1.0,1.0,1.0,,,,,,,,,,1.0
141,613c9ac33f6951ca,True,0.0,1.0,1.0,1.0,0.7393023828939798,1.0,1.0,1.0,1.0,,,,,,,,,,0.0
142,599c8b2bc9b252a7,True,1.0,1.0,1.0,1.0,0.5631161969340317,1.0,1.0,1.0,0.0,,,,,,,,,,0.738473811541885
143,b031a0b55ab951f8,True,1.0,1.0,1.0,1.0,0.6889595138122813,1.0,0.0,1.0,0.0,,,,,,,,,,0.652799848066338
144,e052a41759445a28,True,1.0,1.0,1.0,1.0,0.3725061784723183,1.0,1.0,1.0,1.0,,,,,,,,,,0.8039081807725995
145,c887e4bc08f85aa5,True,0.5,1.0,1.0,1.0,1.0,0.0,1.0,1.0,1.0,,,,,,,,,,0.34375
146,99ebd32df2f453f8,True,1.0,1.0,1.0,1.0,0.9476697138535396,1.0,1.0,1.0,0.0,,,,,,,,,,0.858646785579231
147,515fefed28a65a88,True,1.0,1.0,1.0,1.0,0.6954634245236849,1.0,1.0,1.0,1.0,,,,,,,,,,0.9048323201636516
148,a2047f9cb3865b75,True,1.0,1.0,1.0,1.0,0.6837778236206045,1.0,1.0,1.0,1.0,,,,,,,,,,0.9011805698814388
149,b393ab92c8ac5e77,True,1.0,1.0,1.0,1.0,0.3845665856432493,1.0,1.0,0.0,0.0,,,,,,,,,,0.5576770580135154
150,02a81792cbdb5dd5,True,1.0,1.0,1.0,1.0,0.5962501637689275,1.0,1.0,1.0,0.0,,,,,,,,,,0.7488281761777899
151,fe8eddd5ec8654cd,True,1.0,1.0,1.0,1.0,0.6246480880351422,1.0,1.0,1.0,0.0,,,,,,,,,,0.7577025275109819
152,572e6c81e32958f2,True,1.0,1.0,1.0,1.0,0.6017716349307943,1.0,1.0,1.0,0.0,,,,,,,,,,0.7505536359158732
153,d08ae5bc8a435f97,True,0.0,1.0,1.0,1.0,1.0,0.0,1.0,1.0,0.0,,,,,,,,,,0.0
154,c6bd79f439c254a0,True,1.0,1.0,1.0,1.0,0.848614169003901,1.0,1.0,1.0,1.0,,,,,,,,,,0.952691927813719
155,6b0d21782a3b5a22,True,1.0,1.0,1.0,1.0,0.3358114570457709,1.0,1.0,1.0,0.0,,,,,,,,,,0.6674410803268034
156,87eae54f57ea5690,True,1.0,1.0,1.0,1.0,0.6193123764922027,1.0,1.0,1.0,0.0,,,,,,,,,,0.7560351176538134
157,16a738813dbe5496,True,1.0,1.0,1.0,1.0,0.5492472171987096,1.0,1.0,1.0,1.0,,,,,,,,,,0.8591397553745967
158,5f4991d3d2ca5eee,True,1.0,1.0,1.0,1.0,0.232295435653027,1.0,1.0,1.0,1.0,,,,,,,,,,0.760092323641571
159,da56fca2caff52e4,True,1.0,1.0,1.0,1.0,0.6557354747321777,1.0,1.0,1.0,0.0,,,,,,,,,,0.7674173358538056
160,5f53001e7e2d5347,True,1.0,1.0,1.0,1.0,1.0,1.0,1.0,1.0,1.0,,,,,,,,,,1.0
161,efa80e78fce1525d,True,1.0,1.0,1.0,1.0,1.0,1.0,1.0,1.0,0.0,,,,,,,,,,0.875
162,132307b3c1a55f97,True,1.0,0.0,1.0,1.0,0.8756900790737655,1.0,1.0,1.0,0.0,,,,,,,,,,0.0
163,36899d67473c5c91,True,1.0,1.0,1.0,1.0,1.0,1.0,1.0,1.0,0.0,,,,,,,,,,0.875
164,5041cdf76ecb5ee7,True,1.0,1.0,1.0,1.0,0.1191017581232592,1.0,1.0,1.0,0.0,,,,,,,,,,0.5997192994135185
165,afcd7846a4f35622,True,1.0,1.0,1.0,1.0,0.8090291223477023,1.0,1.0,1.0,1.0,,,,,,,,,,0.940321600733657
166,1ea152f7056659a9,True,1.0,1.0,1.0,1.0,0.3882876564730328,1.0,1.0,1.0,0.0,,,,,,,,,,0.6838398926478227
167,7b22018666ac5b0e,True,1.0,1.0,1.0,1.0,0.710627950860854,1.0,1.0,1.0,0.0,,,,,,,,,,0.7845712346440168
168,5d5d1442b83d5c5c,True,1.0,1.0,1.0,1.0,0.455364328980879,1.0,1.0,1.0,0.0,,,,,,,,,,0.7048013528065247
169,398326681cd7500a,True,1.0,1.0,1.0,1.0,0.7538048834206738,1.0,1.0,1.0,0.0,,,,,,,,,,0.7980640260689605
170,06c9339fdc3e5404,True,1.0,1.0,1.0,1.0,0.6876691388077955,1.0,1.0,1.0,0.0,,,,,,,,,,0.7773966058774361
171,6c9e40634f705f56,True,1.0,1.0,1.0,1.0,0.6651390702527519,1.0,1.0,1.0,0.0,,,,,,,,,,0.7703559594539849
172,73b2c72a73b458ca,True,1.0,1.0,1.0,1.0,0.152377671655619,1.0,1.0,1.0,1.0,,,,,,,,,,0.735118022392381
173,5d5dfc678c9759a1,True,1.0,1.0,1.0,1.0,0.64731267273566,1.0,1.0,1.0,0.0,,,,,,,,,,0.7647852102298938
174,f2117260382b5d83,True,1.0,1.0,1.0,1.0,0.8077274643742581,1.0,1.0,1.0,0.0,,,,,,,,,,0.8149148326169557
175,e9c2b75226b85cfe,True,1.0,1.0,1.0,1.0,0.442724593902526,1.0,1.0,1.0,0.0,,,,,,,,,,0.7008514355945394
176,0ec9a79351355022,True,1.0,1.0,1.0,1.0,1.0,1.0,1.0,1.0,1.0,,,,,,,,,,1.0
177,834cf95826ec5c73,True,1.0,1.0,1.0,1.0,0.6619397507436214,1.0,0.0,1.0,0.0,,,,,,,,,,0.6443561721073817
178,eed801b1cd035275,True,1.0,1.0,1.0,1.0,1.0,1.0,1.0,1.0,1.0,,,,,,,,,,1.0
179,3d324bda0cec57ab,True,1.0,1.0,1.0,1.0,0.5646840127833606,1.0,1.0,1.0,0.0,,,,,,,,,,0.7389637539948002
180,b474c79361415cb0,True,1.0,1.0,1.0,1.0,0.5146969714701544,1.0,1.0,1.0,0.0,,,,,,,,,,0.7233428035844233
181,1682c020a94054fa,True,1.0,1.0,1.0,1.0,0.7645445341259359,1.0,1.0,1.0,0.0,,,,,,,,,,0.801420166914355
182,f29d6171f46b551d,True,1.0,1.0,1.0,1.0,0.9918671848871952,1.0,1.0,1.0,1.0,,,,,,,,,,0.9974584952772484
183,48fecfd582935aac,True,1.0,1.0,1.0,1.0,0.9750681283700006,1.0,1.0,1.0,1.0,,,,,,,,,,0.9922087901156252
184,cd7e4f70ce8e539b,True,1.0,1.0,1.0,1.0,0.5224746429438656,1.0,1.0,1.0,1.0,,,,,,,,,,0.850773325919958
185,813c23718919507a,True,1.0,1.0,1.0,1.0,0.4497983929531904,1.0,1.0,1.0,0.0,,,,,,,,,,0.703061997797872
186,3067f3d3d5a75989,True,1.0,1.0,1.0,1.0,0.8008059283557608,1.0,1.0,1.0,0.0,,,,,,,,,,0.8127518526111752
187,e244b2ddf97a57d6,True,1.0,1.0,1.0,1.0,0.6474183585001269,1.0,1.0,1.0,1.0,,,,,,,,,,0.8898182370312897
188,0e272e003af65a71,True,1.0,1.0,1.0,1.0,0.5176371828829853,1.0,1.0,1.0,1.0,,,,,,,,,,0.8492616196509329
189,5d12ad55fdd858e1,True,1.0,1.0,1.0,1.0,0.8075206508607308,1.0,1.0,1.0,1.0,,,,,,,,,,0.9398502033939784
190,a3f2ea7187975b13,True,1.0,1.0,1.0,1.0,1.0,1.0,1.0,1.0,1.0,,,,,,,,,,1.0
191,9483fae2cfc352eb,True,1.0,1.0,1.0,1.0,0.4666013973856762,1.0,1.0,1.0,1.0,,,,,,,,,,0.8333129366830239
192,1a707ed0d7ba541d,True,1.0,1.0,1.0,1.0,0.5464659130498802,1.0,1.0,1.0,0.0,,,,,,,,,,0.7332705978280876
193,bcf787cdb66453f0,True,1.0,1.0,1.0,1.0,0.5517168607756827,1.0,1.0,1.0,0.0,,,,,,,,,,0.7349115189924008
194,082ea12d7b2355cb,True,1.0,1.0,1.0,1.0,1.0,1.0,1.0,1.0,1.0,,,,,,,,,,1.0
195,b2abc819ebf45c11,True,1.0,1.0,1.0,1.0,1.0,1.0,1.0,1.0,1.0,,,,,,,,,,1.0
196,8d90099a801d5682,True,1.0,1.0,1.0,1.0,1.0,1.0,1.0,1.0,1.0,,,,,,,,,,1.0
197,f1bdf7e4e9f5534e,True,1.0,1.0,1.0,1.0,0.7022742105280584,1.0,0.0,1.0,0.0,,,,,,,,,,0.6569606907900183
198,a19d3096f2625fdb,True,1.0,1.0,1.0,1.0,0.9079869037794488,1.0,1.0,1.0,0.0,,,,,,,,,,0.8462459074310777
199,4d5a01dea92b5867,True,1.0,1.0,1.0,1.0,0.5293477711298535,1.0,1.0,1.0,0.0,,,,,,,,,,0.7279211784780792
200,c656016133b05a15,True,1.0,1.0,1.0,1.0,1.0,1.0,1.0,1.0,1.0,,,,,,,,,,1.0
201,bbb5018d017754d0,True,1.0,1.0,1.0,1.0,0.4632756647035149,1.0,1.0,1.0,0.0,,,,,,,,,,0.7072736452198485
202,8f5b6181d28e5d4a,True,1.0,1.0,1.0,1.0,0.7884195409910196,1.0,1.0,1.0,0.0,,,,,,,,,,0.8088811065596937
203,f8b524a4e8925503,True,1.0,1.0,1.0,1.0,0.736727399347986,1.0,1.0,1.0,0.0,,,,,,,,,,0.7927273122962456
204,a43dbb1d34665f24,True,1.0,1.0,1.0,1.0,0.4245524568580783,1.0,1.0,1.0,1.0,,,,,,,,,,0.8201726427681495
205,197f2dea642850e7,True,1.0,1.0,1.0,1.0,0.6002513967770896,1.0,1.0,1.0,1.0,,,,,,,,,,0.8750785614928405
206,d5b86f3b51d3535c,True,1.0,1.0,1.0,1.0,0.7739370921348594,1.0,1.0,0.0,0.0,,,,,,,,,,0.6793553412921436
207,226e6642fbc65bdc,True,1.0,1.0,1.0,1.0,0.8143103204631358,1.0,1.0,1.0,1.0,,,,,,,,,,0.94197197514473
208,9d9762d42ff5561d,True,1.0,1.0,1.0,1.0,0.80472399399486,1.0,1.0,1.0,0.0,,,,,,,,,,0.8139762481233938
209,75f5cc1f425c501d,True,1.0,1.0,1.0,1.0,1.0,1.0,1.0,1.0,1.0,,,,,,,,,,1.0
210,dd16377ecfa45fe0,True,1.0,1.0,1.0,1.0,1.0,1.0,1.0,1.0,0.0,,,,,,,,,,0.875
211,3b1e0182cb145b8d,True,1.0,1.0,1.0,1.0,0.732150510337847,1.0,1.0,0.0,0.0,,,,,,,,,,0.6662970344805772
212,e1d83d0f913a5263,True,1.0,1.0,1.0,1.0,1.0,1.0,1.0,1.0,1.0,,,,,,,,,,1.0
213,b5ba1ec901f1522c,True,1.0,1.0,1.0,1.0,1.0,1.0,1.0,1.0,1.0,,,,,,,,,,1.0
214,2cae5f08e11a5dbd,True,1.0,1.0,1.0,1.0,0.8098011016232453,1.0,1.0,1.0,1.0,,,,,,,,,,0.9405628442572642
215,76b708c365e45536,True,1.0,1.0,1.0,1.0,0.8930898969255707,1.0,1.0,1.0,0.0,,,,,,,,,,0.8415905927892409
216,1b95b6689ee75fab,True,1.0,1.0,1.0,1.0,0.6041476089178958,1.0,1.0,1.0,0.0,,,,,,,,,,0.7512961277868424
217,1e9350ac2bc25f59,True,1.0,0.0,1.0,1.0,0.6834535628152283,1.0,1.0,1.0,0.0,,,,,,,,,,0.0
218,e9b43b140b1d54bf,True,1.0,0.0,1.0,1.0,0.9026736932407408,1.0,1.0,1.0,0.0,,,,,,,,,,0.0
219,b9d14f59883a5496,True,1.0,1.0,1.0,1.0,0.6647145623811925,1.0,1.0,1.0,0.0,,,,,,,,,,0.7702233007441226
220,4dd1ab3a667b5074,True,1.0,1.0,1.0,1.0,0.9837666488201628,1.0,1.0,1.0,0.0,,,,,,,,,,0.8699270777563008
221,ef7089ecfb0c5028,True,1.0,1.0,1.0,1.0,1.0,1.0,1.0,1.0,0.0,,,,,,,,,,0.875
222,3b3627c7892d5b5e,True,0.0,1.0,1.0,1.0,0.7457928437005681,0.0,1.0,1.0,1.0,,,,,,,,,,0.0
223,9502cdbb06dd516f,True,1.0,1.0,1.0,1.0,1.0,1.0,1.0,1.0,0.0,,,,,,,,,,0.875
224,132d1ec43fc058e1,True,1.0,0.0,1.0,1.0,0.8886893770637815,1.0,1.0,1.0,1.0,,,,,,,,,,0.0
225,dc207d97e04f5ce1,True,1.0,1.0,1.0,1.0,0.8441730130372779,1.0,1.0,0.0,0.0,,,,,,,,,,0.7013040665741493
226,4fbfc7dc71db50e2,True,1.0,1.0,1.0,1.0,0.8234066847144155,1.0,1.0,1.0,1.0,,,,,,,,,,0.9448145889732548
227,d715fbc6ea0551f8,True,0.0,1.0,1.0,1.0,1.0,1.0,1.0,1.0,0.0,,,,,,,,,,0.0
228,faa8cd5e541a5b67,True,1.0,1.0,1.0,1.0,1.0,1.0,1.0,1.0,0.0,,,,,,,,,,0.875
229,8b8ea705c7fd5e8a,True,1.0,1.0,1.0,1.0,0.8361850581329521,1.0,1.0,1.0,0.0,,,,,,,,,,0.8238078306665475
230,2b8cde20754c5f0c,True,1.0,1.0,1.0,1.0,0.9062094770090332,1.0,1.0,1.0,0.0,,,,,,,,,,0.8456904615653229
231,53a7531622255064,True,1.0,1.0,1.0,1.0,0.7200470865299271,1.0,1.0,1.0,1.0,,,,,,,,,,0.9125147145406024
232,ed3db88f99a05a6c,True,1.0,1.0,1.0,1.0,0.7372628994743142,1.0,1.0,1.0,1.0,,,,,,,,,,0.9178946560857232
233,d64a3964875f5b41,True,1.0,1.0,1.0,1.0,1.0,1.0,1.0,1.0,1.0,,,,,,,,,,1.0
234,3921f38b62d55f1a,True,1.0,1.0,1.0,1.0,1.0,1.0,1.0,1.0,1.0,,,,,,,,,,1.0
235,a091a6a6033c559f,True,1.0,1.0,1.0,1.0,0.7594832171115482,1.0,1.0,1.0,1.0,,,,,,,,,,0.9248385053473588
236,1bc892186af15042,True,1.0,1.0,1.0,1.0,0.6205400480391905,1.0,1.0,1.0,1.0,,,,,,,,,,0.881418765012247
237,2033fff7b44e56db,True,1.0,1.0,1.0,1.0,0.8642679479731716,1.0,1.0,1.0,0.0,,,,,,,,,,0.8325837337416162
238,c3d6016d73645955,True,1.0,1.0,1.0,1.0,1.0,1.0,1.0,1.0,1.0,,,,,,,,,,1.0
239,87b2c0e49070537f,True,1.0,1.0,1.0,1.0,1.0,1.0,1.0,1.0,1.0,,,,,,,,,,1.0
240,0af68cc78d085fdb,True,1.0,1.0,1.0,1.0,0.5988554469328475,1.0,1.0,1.0,1.0,,,,,,,,,,0.8746423271665149
241,fa2c36ce4ba156cb,True,1.0,1.0,1.0,1.0,0.6544339355309386,1.0,0.0,1.0,0.0,,,,,,,,,,0.6420106048534183
242,529d2e20dc615c3b,True,1.0,1.0,1.0,1.0,1.0,1.0,1.0,1.0,1.0,,,,,,,,,,1.0
243,5593db2f64115fbf,True,1.0,1.0,1.0,1.0,1.0,1.0,1.0,1.0,1.0,,,,,,,,,,1.0
244,a5183d5f2da251fa,True,1.0,1.0,1.0,1.0,1.0,1.0,1.0,1.0,1.0,,,,,,,,,,1.0
245,23d647e77f2d515e,True,1.0,1.0,1.0,1.0,0.258487219878327,1.0,1.0,1.0,1.0,,,,,,,,,,0.7682772562119772
246,442b2cf63c6f570a,True,1.0,1.0,1.0,1.0,0.6293293611661778,1.0,1.0,1.0,0.0,,,,,,,,,,0.7591654253644305
247,493c90dce63d5653,True,1.0,1.0,1.0,1.0,0.662586239496233,1.0,1.0,1.0,0.0,,,,,,,,,,0.7695581998425728
248,f0b6499b393152be,True,1.0,1.0,1.0,1.0,0.9168730013137932,1.0,0.0,1.0,0.0,,,,,,,,,,0.7240228129105604
249,3838eb184c9d5989,True,1.0,1.0,1.0,1.0,0.4018951864962384,1.0,1.0,1.0,1.0,,,,,,,,,,0.8130922457800746
250,1c77ba7488d35c52,True,1.0,1.0,1.0,1.0,0.4185848928511594,1.0,1.0,1.0,0.0,,,,,,,,,,0.6933077790159873
251,179bc3ae5b9f56b0,True,1.0,1.0,1.0,1.0,0.7490395678737266,1.0,1.0,1.0,1.0,,,,,,,,,,0.9215748649605396
252,85482a4d20fd5eac,True,1.0,1.0,1.0,1.0,0.6071475172455258,1.0,1.0,1.0,0.0,,,,,,,,,,0.7522335991392268
253,b6247a5245a5554f,True,1.0,1.0,1.0,1.0,1.0,1.0,1.0,1.0,1.0,,,,,,,,,,1.0
254,f749ff64838c5664,True,1.0,1.0,1.0,1.0,1.0,1.0,1.0,1.0,0.0,,,,,,,,,,0.875
255,f41cf739059453a4,True,1.0,1.0,1.0,1.0,0.6632153116418792,1.0,1.0,1.0,1.0,,,,,,,,,,0.8947547848880872
256,e0b92501aa5051b1,True,1.0,1.0,1.0,1.0,1.0,1.0,1.0,1.0,1.0,,,,,,,,,,1.0
257,05f1a5cbc0905d8e,True,1.0,1.0,1.0,1.0,0.6394447849571541,1.0,1.0,1.0,1.0,,,,,,,,,,0.8873264952991107
258,2322850f71fa5c4d,True,1.0,1.0,1.0,1.0,0.3807398397225405,1.0,1.0,1.0,1.0,,,,,,,,,,0.8064811999132939
259,bb4f37403cea5b0e,True,1.0,1.0,1.0,1.0,0.6022372806983223,1.0,1.0,1.0,0.0,,,,,,,,,,0.7506991502182256
260,12f2dccfb88957f9,True,1.0,1.0,1.0,1.0,0.9273251630464928,1.0,1.0,1.0,0.0,,,,,,,,,,0.852289113452029
261,112db94505025ec5,True,1.0,1.0,1.0,1.0,0.9881888022986134,1.0,1.0,1.0,1.0,,,,,,,,,,0.9963090007183166
262,b6b5f3cc01a05f83,True,1.0,1.0,1.0,1.0,0.5142510318961481,1.0,1.0,1.0,1.0,,,,,,,,,,0.8482034474675463
263,452def672c5d592c,True,1.0,1.0,1.0,1.0,0.4269449618409382,1.0,1.0,1.0,0.0,,,,,,,,,,0.6959203005752932
264,6b2cda5004dc5df9,True,1.0,1.0,1.0,1.0,1.0,1.0,1.0,1.0,0.0,,,,,,,,,,0.875
265,889aac2576295c91,True,1.0,1.0,1.0,1.0,0.7886360338062807,1.0,1.0,1.0,1.0,,,,,,,,,,0.9339487605644629
266,3b910accfc12560a,True,1.0,1.0,1.0,1.0,0.8708516900907252,1.0,1.0,1.0,1.0,,,,,,,,,,0.9596411531533516
267,008844070af456e3,True,1.0,1.0,1.0,1.0,0.3975389384485537,1.0,1.0,1.0,0.0,,,,,,,,,,0.6867309182651731
268,28c89352b09b55d4,True,1.0,1.0,1.0,1.0,0.6271362271296858,1.0,1.0,1.0,0.0,,,,,,,,,,0.7584800709780268
269,0122ce98b2735558,True,1.0,1.0,1.0,1.0,1.0,1.0,1.0,1.0,0.0,,,,,,,,,,0.875
270,ac0c6104c53e581e,True,1.0,1.0,1.0,1.0,1.0,1.0,1.0,1.0,0.0,,,,,,,,,,0.875
271,029585f0509d52b0,True,1.0,1.0,0.5,1.0,0.5842789885902783,1.0,1.0,1.0,0.0,,,,,,,,,,0.3725435919672309
272,bb5b44d240945ed0,True,1.0,1.0,1.0,1.0,1.0,1.0,1.0,1.0,1.0,,,,,,,,,,1.0
273,131ab0263b07507c,True,0.0,1.0,1.0,1.0,1.0,1.0,1.0,0.0,0.0,,,,,,,,,,0.0
274,66583dab627951a2,True,1.0,1.0,1.0,1.0,0.3658549528852516,1.0,1.0,1.0,0.0,,,,,,,,,,0.6768296727766412
275,58d69daf413c5d5a,True,1.0,0.0,1.0,1.0,0.6275041141649969,1.0,1.0,1.0,0.0,,,,,,,,,,0.0
276,95b1bc0848e85064,True,1.0,1.0,1.0,1.0,0.3089333769066273,1.0,1.0,1.0,1.0,,,,,,,,,,0.784041680283321
277,5c883441084d58d7,True,1.0,1.0,1.0,1.0,0.9265155111533506,1.0,0.0,1.0,0.0,,,,,,,,,,0.7270360972354221
278,00016f8b45c25a1d,True,1.0,1.0,1.0,1.0,0.706537178856737,1.0,1.0,1.0,0.0,,,,,,,,,,0.7832928683927303
279,9e9e33077f375062,True,1.0,1.0,1.0,1.0,0.2714934864524927,1.0,1.0,1.0,1.0,,,,,,,,,,0.772341714516404
280,1981a85eb4ba5001,True,1.0,1.0,1.0,1.0,1.0,1.0,1.0,1.0,0.0,,,,,,,,,,0.875
281,3af9cb4d21e15e9e,True,1.0,1.0,1.0,1.0,0.4015635750637495,1.0,1.0,1.0,1.0,,,,,,,,,,0.8129886172074217
282,43162b00fe4550b8,True,1.0,1.0,1.0,1.0,0.4606979397694448,1.0,1.0,1.0,0.0,,,,,,,,,,0.7064681061779515
283,ff44394af7265df3,True,1.0,1.0,1.0,1.0,0.6285541764672137,1.0,1.0,1.0,0.0,,,,,,,,,,0.7589231801460042
284,faa12c2adc7c521f,True,1.0,1.0,1.0,1.0,0.7658458417702076,1.0,1.0,1.0,1.0,,,,,,,,,,0.92682682555319
285,d64b2da8ffb65c16,True,1.0,1.0,1.0,1.0,0.6057677970602433,1.0,1.0,1.0,0.0,,,,,,,,,,0.7518024365813261
286,771c4e378bef58e4,True,1.0,1.0,1.0,1.0,1.0,1.0,1.0,1.0,0.0,,,,,,,,,,0.875
287,97c09fe94495563a,True,1.0,1.0,1.0,1.0,1.0,1.0,1.0,1.0,1.0,,,,,,,,,,1.0
288,1c5c2e372dc954cd,True,1.0,1.0,1.0,1.0,0.959507848752316,1.0,1.0,1.0,1.0,,,,,,,,,,0.9873462027350988
289,686b55439d5e591e,True,1.0,1.0,1.0,1.0,1.0,1.0,1.0,1.0,1.0,,,,,,,,,,1.0
290,470cfa23e42757c3,True,1.0,1.0,1.0,1.0,0.4476473729409294,1.0,1.0,1.0,1.0,,,,,,,,,,0.8273898040440404
291,102627370a1e5b88,True,1.0,1.0,1.0,1.0,0.4857685259281302,1.0,1.0,1.0,0.0,,,,,,,,,,0.7143026643525408
292,cb02d1e1315a5e67,True,1.0,1.0,1.0,1.0,0.7599138335705914,1.0,1.0,1.0,0.0,,,,,,,,,,0.7999730729908098
293,75857e1f177b5af4,True,1.0,1.0,1.0,1.0,0.4609246013250825,1.0,1.0,1.0,1.0,,,,,,,,,,0.8315389379140883
294,84b8eb5b1a5757c1,True,1.0,1.0,1.0,1.0,0.4104192546904684,1.0,1.0,1.0,0.0,,,,,,,,,,0.6907560170907714
295,c28c7b29e80059d2,True,1.0,1.0,1.0,1.0,0.8004420544319285,1.0,1.0,1.0,0.0,,,,,,,,,,0.8126381420099776
296,a2d7be8710535e33,True,1.0,1.0,1.0,1.0,0.4773038955056513,1.0,1.0,1.0,1.0,,,,,,,,,,0.836657467345516
297,70f72122f1605fa1,True,1.0,1.0,1.0,1.0,0.5147117381097227,1.0,1.0,1.0,0.0,,,,,,,,,,0.7233474181592884
298,5da314e6404c5213,True,1.0,1.0,1.0,1.0,1.0,1.0,1.0,1.0,0.0,,,,,,,,,,0.875
299,2bd04a0902095129,True,1.0,1.0,1.0,1.0,1.0,1.0,1.0,1.0,0.0,,,,,,,,,,0.875
300,c9ca538cb3235e43,True,1.0,1.0,1.0,1.0,1.0,1.0,0.0,1.0,1.0,,,,,,,,,,0.875
301,99e0c0250e6e54c5,True,1.0,1.0,1.0,1.0,0.60680228418464,1.0,1.0,1.0,1.0,,,,,,,,,,0.8771257138077
302,ce2f1ac423965b7a,True,1.0,1.0,1.0,1.0,0.9660648164421572,1.0,1.0,1.0,0.0,,,,,,,,,,0.8643952551381742
303,c7cb2e43b2d053b7,True,1.0,1.0,1.0,1.0,0.3021353528156977,1.0,0.0,1.0,0.0,,,,,,,,,,0.5319172977549056
304,330166def5a35f4d,True,1.0,1.0,1.0,1.0,0.9409193643127608,1.0,1.0,1.0,1.0,,,,,,,,,,0.9815373013477378
305,773cb036b1195879,True,1.0,1.0,1.0,1.0,1.0,1.0,1.0,1.0,1.0,,,,,,,,,,1.0
306,67bce1e28df25eaa,True,1.0,1.0,1.0,1.0,1.0,1.0,1.0,1.0,1.0,,,,,,,,,,1.0
307,6ae2bcc5c2c050e4,True,1.0,1.0,1.0,0.0,1.0,1.0,1.0,1.0,0.0,,,,,,,,,,0.0
308,bd2b1a4530a1538b,True,1.0,1.0,1.0,1.0,0.7969940189360056,1.0,1.0,1.0,1.0,,,,,,,,,,0.9365606309175016
309,cf50ffa22c81555d,True,1.0,1.0,1.0,1.0,0.763418277730623,1.0,1.0,1.0,1.0,,,,,,,,,,0.9260682117908196
310,3c34d5d03e8a5bdc,True,1.0,1.0,1.0,1.0,0.3863810695119634,1.0,1.0,1.0,0.0,,,,,,,,,,0.6832440842224885
311,ed01297783a05dba,True,1.0,1.0,1.0,1.0,0.7758225550005571,1.0,1.0,1.0,0.0,,,,,,,,,,0.804944548437674
312,63980d0b4c9352c4,True,1.0,1.0,1.0,1.0,0.3411024803956202,1.0,1.0,1.0,0.0,,,,,,,,,,0.6690945251236313
313,2c8a58b94332570d,True,1.0,1.0,1.0,1.0,1.0,1.0,1.0,1.0,0.0,,,,,,,,,,0.875
314,49074bfb7c9e5c26,True,1.0,1.0,1.0,1.0,0.5837630461455343,1.0,1.0,1.0,0.0,,,,,,,,,,0.7449259519204795
315,3128b8da22c75dd0,True,1.0,1.0,1.0,1.0,0.5918269246653916,1.0,0.0,1.0,0.0,,,,,,,,,,0.6224459139579348
316,2382542e05f253df,True,1.0,1.0,1.0,1.0,0.8060749027709407,1.0,1.0,1.0,1.0,,,,,,,,,,0.9393984071159188
317,7a91cd530cac57fc,True,1.0,1.0,1.0,1.0,0.8991377175662627,1.0,1.0,1.0,1.0,,,,,,,,,,0.9684805367394572
318,2575048779565f0b,True,1.0,1.0,1.0,1.0,0.6583532865895348,1.0,1.0,1.0,0.0,,,,,,,,,,0.7682354020592297
319,53f8bc4012fe5f29,True,1.0,1.0,1.0,1.0,0.3211628937422066,1.0,0.0,1.0,1.0,,,,,,,,,,0.6628634042944396
320,d45f18da371a5fe5,True,1.0,1.0,1.0,1.0,0.5713348654790228,1.0,1.0,1.0,0.0,,,,,,,,,,0.7410421454621946
321,8a492ff6a81054a7,True,1.0,1.0,1.0,1.0,1.0,1.0,0.0,1.0,0.0,,,,,,,,,,0.75
322,7857a22b3bc85bb4,True,1.0,0.0,1.0,1.0,0.8653343701674984,1.0,1.0,1.0,1.0,,,,,,,,,,0.0
323,550f8f2c9795525c,True,1.0,1.0,1.0,1.0,0.888719497251803,1.0,1.0,1.0,0.0,,,,,,,,,,0.8402248428911885
324,b60afdbc7cc65971,True,1.0,1.0,1.0,1.0,1.0,1.0,1.0,1.0,1.0,,,,,,,,,,1.0
325,25e9d76574075cee,True,1.0,1.0,1.0,1.0,0.4974912422838783,1.0,1.0,1.0,0.0,,,,,,,,,,0.717966013213712
326,680c8d90658556da,True,1.0,1.0,1.0,1.0,0.4373531481597757,1.0,1.0,1.0,0.0,,,,,,,,,,0.69917285879993
327,f56b0cc9c9d95421,True,1.0,1.0,1.0,1.0,0.9971424915000612,1.0,1.0,1.0,0.0,,,,,,,,,,0.8741070285937691
328,74c8385c2d845cde,True,1.0,1.0,1.0,1.0,0.5039265012638106,1.0,1.0,1.0,1.0,,,,,,,,,,0.8449770316449408
329,afa8102c20685ec5,True,1.0,1.0,1.0,1.0,0.387540322571805,1.0,1.0,1.0,1.0,,,,,,,,,,0.8086063508036891
330,cc4bdc0160e157c4,True,1.0,1.0,1.0,1.0,0.6216946602962837,1.0,1.0,1.0,0.0,,,,,,,,,,0.7567795813425886
331,12d426c6727d507a,True,1.0,1.0,1.0,1.0,0.4639672473468438,1.0,1.0,1.0,0.0,,,,,,,,,,0.7074897647958887
332,b459c8b7fd2b5aa4,True,1.0,1.0,1.0,1.0,0.914362244363548,1.0,0.0,1.0,0.0,,,,,,,,,,0.7232382013636087
333,a2701552b0f95f7b,True,1.0,1.0,1.0,1.0,0.8928553949279057,1.0,1.0,1.0,1.0,,,,,,,,,,0.9665173109149704
334,8d0697930b5e5df0,True,1.0,1.0,1.0,1.0,1.0,1.0,1.0,1.0,0.0,,,,,,,,,,0.875
335,afbf82af256b5711,True,1.0,1.0,1.0,1.0,1.0,1.0,1.0,1.0,0.0,,,,,,,,,,0.875
336,36419e8c59275f61,True,1.0,1.0,1.0,1.0,0.8621993252946288,1.0,1.0,1.0,0.0,,,,,,,,,,0.8319372891545715
337,71405d414236553c,True,1.0,1.0,1.0,1.0,0.5309636762919512,1.0,1.0,1.0,1.0,,,,,,,,,,0.8534261488412347
338,52b2e626eca85976,True,1.0,1.0,1.0,1.0,0.7030335894823255,1.0,1.0,1.0,1.0,,,,,,,,,,0.9071979967132268
339,ac55c7f072c6528d,True,1.0,1.0,1.0,1.0,0.4556263796521814,1.0,1.0,1.0,0.0,,,,,,,,,,0.7048832436413067
340,7da863f64a5f5e90,True,1.0,1.0,1.0,1.0,0.489896794664369,1.0,1.0,1.0,0.0,,,,,,,,,,0.7155927483326153
341,02b68b9cc51f506a,True,1.0,1.0,1.0,1.0,0.5604340795359408,1.0,1.0,1.0,1.0,,,,,,,,,,0.8626356498549815
342,a18d2b32f8415373,True,1.0,1.0,1.0,1.0,0.4221275823225305,1.0,1.0,1.0,0.0,,,,,,,,,,0.6944148694757908
343,2e1d4bde0a16514b,True,1.0,1.0,1.0,1.0,0.3517422040960724,1.0,1.0,1.0,1.0,,,,,,,,,,0.7974194387800226
344,59bf40c427da5eb1,True,1.0,1.0,1.0,1.0,0.5019576470333283,1.0,1.0,1.0,1.0,,,,,,,,,,0.8443617646979151
345,0802a51b0a1d512c,True,1.0,1.0,1.0,1.0,0.4690662116026246,1.0,1.0,1.0,0.0,,,,,,,,,,0.7090831911258202
346,2ee150fedbb15345,True,1.0,1.0,1.0,1.0,0.7009801710924544,1.0,1.0,1.0,1.0,,,,,,,,,,0.906556303466392
347,cfb755b8d37458ac,True,1.0,1.0,1.0,1.0,0.7097567769050915,1.0,1.0,1.0,1.0,,,,,,,,,,0.9092989927828412
348,13310ca9a7715154,True,1.0,1.0,1.0,1.0,1.0,1.0,1.0,1.0,1.0,,,,,,,,,,1.0
349,a713265a7f905034,True,1.0,1.0,1.0,1.0,1.0,1.0,1.0,1.0,0.0,,,,,,,,,,0.875
350,69baa41122b45e43,True,1.0,1.0,1.0,1.0,0.7799250567540583,1.0,0.0,1.0,0.0,,,,,,,,,,0.6812265802356432
351,a5f411a2c379503d,True,1.0,1.0,1.0,1.0,0.6349179697372883,1.0,1.0,1.0,1.0,,,,,,,,,,0.8859118655429026
352,fe22e2c812e65096,True,1.0,1.0,1.0,1.0,0.5201049535102668,1.0,1.0,1.0,1.0,,,,,,,,,,0.8500327979719584
353,b35e48a419d7577f,True,1.0,1.0,1.0,1.0,1.0,1.0,1.0,1.0,0.0,,,,,,,,,,0.875
354,8237f47b224952b4,True,1.0,1.0,1.0,1.0,0.6065581828458886,1.0,1.0,1.0,0.0,,,,,,,,,,0.7520494321393402
355,4cac9f6cd85a5b47,True,1.0,1.0,1.0,1.0,0.8843214169024313,1.0,1.0,1.0,1.0,,,,,,,,,,0.9638504427820098
356,45ebc34cbe405c3e,True,1.0,1.0,1.0,1.0,0.5231331156229017,1.0,1.0,1.0,0.0,,,,,,,,,,0.7259790986321568
357,491a9b7a44225a75,True,1.0,1.0,1.0,1.0,0.9323890082617546,1.0,1.0,0.0,0.0,,,,,,,,,,0.7288715650817983
358,42052560d5925f35,True,1.0,1.0,1.0,1.0,0.7336938471945544,1.0,1.0,1.0,1.0,,,,,,,,,,0.9167793272482982
359,68097b10029d5fe1,True,1.0,1.0,1.0,1.0,0.8556208710543428,1.0,1.0,1.0,1.0,,,,,,,,,,0.9548815222044822
360,635d0bb58aa95282,True,1.0,1.0,1.0,1.0,0.4856441139865009,1.0,1.0,1.0,0.0,,,,,,,,,,0.7142637856207815
361,6b7c5199f84e5aac,True,1.0,1.0,1.0,1.0,0.5466575812171104,1.0,1.0,1.0,0.0,,,,,,,,,,0.733330494130347
362,e2ae05340dba502d,True,1.0,1.0,1.0,1.0,0.6762976829770719,1.0,1.0,1.0,1.0,,,,,,,,,,0.898843025930335
363,a5ddad9bbb505316,True,1.0,1.0,1.0,1.0,0.688156468467689,1.0,1.0,1.0,1.0,,,,,,,,,,0.9025488963961528
364,b02bf210eda55579,True,1.0,0.0,1.0,1.0,1.0,1.0,0.0,1.0,0.0,,,,,,,,,,0.0
365,90ed944de9405835,True,1.0,1.0,1.0,1.0,0.8094265724200752,1.0,1.0,1.0,1.0,,,,,,,,,,0.9404458038812736
366,fa8c164985255698,True,1.0,1.0,1.0,1.0,0.7495456419715072,1.0,1.0,1.0,1.0,,,,,,,,,,0.921733013116096
367,0f422a003dab525e,True,1.0,1.0,1.0,1.0,0.7674248631540617,1.0,1.0,1.0,1.0,,,,,,,,,,0.9273202697356444
368,20cc0fdb7e2d5c3f,True,1.0,1.0,1.0,1.0,0.8675103151690822,1.0,1.0,1.0,1.0,,,,,,,,,,0.958596973490338
369,4a919f7ea2f65200,True,1.0,1.0,1.0,1.0,1.0,1.0,1.0,1.0,0.0,,,,,,,,,,0.875
370,c02f04af32b75648,True,1.0,1.0,1.0,1.0,0.4769879047729767,1.0,1.0,1.0,1.0,,,,,,,,,,0.8365587202415552
371,e46762b07ca45b74,True,1.0,1.0,1.0,1.0,0.4006551011609479,1.0,1.0,1.0,0.0,,,,,,,,,,0.6877047191127962
372,c195a8cb7ccb59fd,True,1.0,1.0,1.0,1.0,0.2657023007015642,1.0,1.0,1.0,0.0,,,,,,,,,,0.6455319689692388
373,eb3912d9717d5177,True,1.0,1.0,1.0,1.0,0.6592241999764391,1.0,1.0,1.0,1.0,,,,,,,,,,0.8935075624926372
374,c7a44a2e52bc5e22,True,1.0,1.0,1.0,1.0,0.7765672590942099,1.0,1.0,1.0,0.0,,,,,,,,,,0.8051772684669406
375,17a015f4ef9b56d0,True,1.0,1.0,1.0,1.0,0.3637498881015173,1.0,1.0,1.0,0.0,,,,,,,,,,0.6761718400317241
376,70d9d518ad0f5382,True,1.0,1.0,1.0,1.0,1.0,1.0,1.0,1.0,1.0,,,,,,,,,,1.0
377,9b7108902e7158d6,True,1.0,1.0,1.0,1.0,1.0,1.0,1.0,1.0,1.0,,,,,,,,,,1.0
378,62103d9b18645ebd,True,1.0,1.0,1.0,1.0,0.6754680951320272,1.0,1.0,1.0,1.0,,,,,,,,,,0.8985837797287585
379,79e8f1ce9ed95cf6,True,1.0,1.0,1.0,1.0,0.4121500816018451,1.0,1.0,1.0,0.0,,,,,,,,,,0.6912969005005766
380,a59bd481d324594a,True,1.0,1.0,1.0,1.0,0.6707066470764752,1.0,1.0,1.0,0.0,,,,,,,,,,0.7720958272113985
381,c7afdb652a9e5e73,True,1.0,1.0,1.0,1.0,1.0,1.0,1.0,1.0,1.0,,,,,,,,,,1.0
382,76c31764665151be,True,1.0,1.0,1.0,1.0,0.4722742512323085,1.0,1.0,1.0,1.0,,,,,,,,,,0.8350857035100964
383,a47772efd1d758d6,True,1.0,1.0,1.0,1.0,0.7662634386565835,1.0,1.0,1.0,0.0,,,,,,,,,,0.8019573245801823
384,ce8a292cbd7f54d5,True,1.0,1.0,1.0,1.0,0.8049179567150515,1.0,1.0,1.0,1.0,,,,,,,,,,0.9390368614734536
385,07846b829b3a575e,True,1.0,1.0,1.0,1.0,0.6772357313023855,1.0,1.0,1.0,1.0,,,,,,,,,,0.8991361660319954
386,83e895f722575452,True,1.0,1.0,1.0,1.0,0.4359831276415767,1.0,1.0,1.0,1.0,,,,,,,,,,0.8237447273879928
387,ad47566ea29a57bf,True,1.0,1.0,1.0,1.0,0.4509007769944924,1.0,1.0,1.0,1.0,,,,,,,,,,0.8284064928107788
388,0b1250020ea95539,True,1.0,1.0,1.0,1.0,0.799030873957493,1.0,1.0,1.0,1.0,,,,,,,,,,0.9371971481117164
389,3c542be991515ccd,True,1.0,1.0,1.0,1.0,0.5204166161988152,1.0,1.0,1.0,1.0,,,,,,,,,,0.8501301925621297
390,dddf14378c355c3a,True,1.0,1.0,1.0,1.0,0.7853811485671226,1.0,1.0,1.0,0.0,,,,,,,,,,0.8079316089272258
391,9191f3f8644d50cb,True,1.0,1.0,1.0,1.0,0.726361500455118,1.0,1.0,1.0,0.0,,,,,,,,,,0.7894879688922244
392,fe9e76e6cac35fba,True,1.0,1.0,1.0,1.0,0.4255860557166337,1.0,1.0,1.0,1.0,,,,,,,,,,0.820495642411448
393,7b2f3235b4cb5374,True,1.0,1.0,1.0,1.0,0.4972240319716411,1.0,1.0,1.0,1.0,,,,,,,,,,0.8428825099911379
394,f14e7ed78b5d55b4,True,1.0,1.0,1.0,1.0,0.2476115185620573,1.0,1.0,1.0,0.0,,,,,,,,,,0.6398785995506429
395,551cf39c34f75b25,True,1.0,1.0,1.0,1.0,0.4112395802132371,1.0,1.0,1.0,0.0,,,,,,,,,,0.6910123688166365
396,ae05160436d45a62,True,1.0,1.0,1.0,1.0,0.6137048607602222,1.0,1.0,1.0,1.0,,,,,,,,,,0.8792827689875695
397,4aa44e006ca9579e,True,1.0,1.0,1.0,1.0,0.8499083196141507,1.0,1.0,1.0,1.0,,,,,,,,,,0.953096349879422
398,34489cf42e005e93,True,1.0,1.0,1.0,1.0,1.0,1.0,1.0,1.0,0.0,,,,,,,,,,0.875
399,54a295777c3a5d46,True,1.0,1.0,1.0,1.0,0.6178433939212375,1.0,1.0,1.0,0.0,,,,,,,,,,0.7555760606003867
400,64f47c2f2c7754cb,True,1.0,1.0,1.0,1.0,1.0,1.0,1.0,1.0,0.0,,,,,,,,,,0.875
401,ad34e2d0d3865530,True,1.0,1.0,1.0,1.0,0.7391553703466587,1.0,1.0,1.0,0.0,,,,,,,,,,0.7934860532333308
402,a7d3076a7b7b58b2,True,1.0,1.0,1.0,1.0,0.4116639206038174,1.0,1.0,1.0,1.0,,,,,,,,,,0.8161449751886929
403,11d28b80cd0a56d5,True,1.0,1.0,1.0,1.0,0.7244429514933499,1.0,1.0,1.0,0.0,,,,,,,,,,0.7888884223416719
404,b8d2227c06a351e4,True,1.0,1.0,1.0,1.0,0.6103032896072825,1.0,1.0,1.0,0.0,,,,,,,,,,0.7532197780022758
405,dded75c35039515f,True,1.0,1.0,1.0,1.0,1.0,1.0,1.0,1.0,1.0,,,,,,,,,,1.0
406,99a98a7ffb075389,True,1.0,1.0,1.0,1.0,0.2711881574023742,1.0,1.0,1.0,0.0,,,,,,,,,,0.647246299188242
407,585a681f4ad95682,True,1.0,1.0,1.0,1.0,0.7169876760757061,1.0,1.0,1.0,0.0,,,,,,,,,,0.7865586487736582
408,5e74b6a61b715f47,True,1.0,1.0,1.0,1.0,0.567287436431325,1.0,1.0,1.0,0.0,,,,,,,,,,0.7397773238847891
409,09446e65ee9a55d3,True,1.0,1.0,1.0,1.0,0.554145681238812,1.0,1.0,0.0,0.0,,,,,,,,,,0.6106705253871287
410,e5d2a01ab5b0562a,True,1.0,1.0,1.0,1.0,0.1645172736665086,1.0,1.0,1.0,1.0,,,,,,,,,,0.738911648020784
411,f2592c08589e5398,True,1.0,1.0,1.0,1.0,0.2862157862432919,1.0,1.0,1.0,0.0,,,,,,,,,,0.6519424332010287
412,557a287c11cc5960,True,1.0,1.0,1.0,1.0,1.0,1.0,1.0,1.0,1.0,,,,,,,,,,1.0
413,f289e368449b517b,True,1.0,1.0,1.0,1.0,0.5492450195539267,1.0,1.0,1.0,1.0,,,,,,,,,,0.8591390686106021
414,4972962184a75fa7,True,1.0,1.0,1.0,1.0,0.7941283190851185,1.0,1.0,1.0,1.0,,,,,,,,,,0.9356650997140996
415,cd9d029138325c2c,True,1.0,1.0,1.0,1.0,0.7457055613153696,1.0,1.0,1.0,0.0,,,,,,,,,,0.795532987911053
416,00c1e4eb4a045f20,True,1.0,1.0,1.0,1.0,0.6650091346555129,1.0,1.0,1.0,1.0,,,,,,,,,,0.8953153545798478
417,6e2c6027edb85763,True,1.0,1.0,1.0,1.0,1.0,1.0,1.0,1.0,0.0,,,,,,,,,,0.875
418,67b05cf704325e6b,True,1.0,1.0,1.0,1.0,0.7960239335270944,1.0,1.0,1.0,1.0,,,,,,,,,,0.936257479227217
419,5c084920ee285003,True,1.0,1.0,1.0,1.0,0.4200576316973279,1.0,1.0,1.0,0.0,,,,,,,,,,0.693768009905415
420,57ef08c8f98457d7,True,1.0,1.0,1.0,1.0,0.7970014822072262,1.0,1.0,1.0,1.0,,,,,,,,,,0.9365629631897582
421,f76112c834c25beb,True,1.0,1.0,1.0,1.0,0.5275150110801067,1.0,1.0,1.0,0.0,,,,,,,,,,0.7273484409625334
422,ecc6da85180a5eee,True,1.0,1.0,0.0,1.0,1.0,1.0,0.0,1.0,0.0,,,,,,,,,,0.0
423,0dd3256035e75770,True,1.0,1.0,1.0,1.0,0.5699018120963825,1.0,1.0,1.0,1.0,,,,,,,,,,0.8655943162801195
424,75b6813b1f4556ce,True,1.0,1.0,1.0,1.0,1.0,1.0,1.0,1.0,0.0,,,,,,,,,,0.875
425,8cec7d21f7dc540b,True,1.0,1.0,1.0,1.0,0.4199465173997031,1.0,1.0,1.0,0.0,,,,,,,,,,0.6937332866874072
426,e7f8a61d807f5914,True,1.0,1.0,1.0,1.0,0.94769884154562,1.0,1.0,1.0,0.0,,,,,,,,,,0.8586558879830062
427,58d40da0cce05d8c,True,1.0,1.0,1.0,1.0,1.0,1.0,1.0,1.0,0.0,,,,,,,,,,0.875
428,a44db880afe95be7,True,1.0,1.0,1.0,1.0,0.260003299799996,1.0,1.0,1.0,1.0,,,,,,,,,,0.7687510311874988
429,19e90f2757b25f38,True,1.0,1.0,1.0,1.0,0.5964640569259202,1.0,1.0,1.0,1.0,,,,,,,,,,0.8738950177893501
430,afd632f043e35a49,True,1.0,1.0,1.0,1.0,0.893303328594794,1.0,1.0,1.0,0.0,,,,,,,,,,0.8416572901858731
431,c1e0af56e9eb50b8,True,1.0,1.0,1.0,1.0,1.0,1.0,1.0,1.0,0.0,,,,,,,,,,0.875
432,98b414a515bb5b99,True,1.0,1.0,1.0,1.0,0.5191910719343218,1.0,1.0,1.0,1.0,,,,,,,,,,0.8497472099794756
433,39a1ca97dca75beb,True,0.0,0.0,1.0,1.0,0.9020887277018722,0.0,1.0,1.0,1.0,,,,,,,,,,0.0
434,116aacf9868e5e4e,True,1.0,1.0,1.0,1.0,0.8347068114598692,1.0,1.0,1.0,1.0,,,,,,,,,,0.9483458785812092
435,757c23c6819c589c,True,1.0,1.0,1.0,1.0,0.7291227581209146,1.0,1.0,1.0,0.0,,,,,,,,,,0.7903508619127858
436,8486dcafaee75d76,True,1.0,1.0,1.0,1.0,1.0,1.0,1.0,1.0,1.0,,,,,,,,,,1.0
437,962deb8ccdaf50e3,True,1.0,1.0,1.0,1.0,0.8832354572748944,1.0,1.0,1.0,1.0,,,,,,,,,,0.9635110803984044
438,ca58b2e039305479,True,1.0,1.0,1.0,1.0,0.8244713747535543,1.0,1.0,1.0,1.0,,,,,,,,,,0.9451473046104856
439,d01fec804cd45644,True,1.0,1.0,1.0,1.0,0.5798832921075783,1.0,1.0,1.0,1.0,,,,,,,,,,0.8687135287836182
440,ef703bb40b9a516c,True,1.0,1.0,1.0,1.0,0.6870005558466495,1.0,1.0,1.0,0.0,,,,,,,,,,0.777187673702078
441,b867b28707205c0b,True,1.0,1.0,1.0,1.0,0.7257420432960147,1.0,1.0,1.0,0.0,,,,,,,,,,0.7892943885300046
442,85f2b1f1f1f45b5c,True,1.0,1.0,1.0,1.0,0.4682242976768334,1.0,1.0,1.0,1.0,,,,,,,,,,0.8338200930240105
443,0fde069313a35062,True,1.0,1.0,1.0,1.0,1.0,1.0,0.0,1.0,1.0,,,,,,,,,,0.875
444,2c5cbab120595d79,True,1.0,1.0,1.0,1.0,0.7701988996840363,1.0,1.0,1.0,0.0,,,,,,,,,,0.8031871561512613
445,c054f473288d5515,True,1.0,1.0,1.0,1.0,0.8779559933636908,1.0,1.0,1.0,1.0,,,,,,,,,,0.9618612479261534
446,de1662269d685ce0,True,1.0,1.0,1.0,1.0,1.0,1.0,1.0,1.0,0.0,,,,,,,,,,0.875
447,e8daa33268685b31,True,1.0,1.0,1.0,1.0,1.0,1.0,1.0,1.0,1.0,,,,,,,,,,1.0
448,63ec67c4a58a5e5b,True,1.0,1.0,1.0,1.0,0.4027995370919842,1.0,1.0,1.0,0.0,,,,,,,,,,0.6883748553412451
449,f6b9867069845fd2,True,1.0,1.0,1.0,1.0,1.0,1.0,1.0,1.0,1.0,,,,,,,,,,1.0
450,e4dcc4b775028c0f4,True,,,,,,,,,,1.0,1.0,1.0,1.0,0.5445585765207203,1.0,1.0,1.0,0.0,0.7326745551627251
451,0e0c4a0cc9feb9612,True,,,,,,,,,,1.0,1.0,1.0,1.0,0.5714518256334191,1.0,1.0,1.0,0.0,0.7410786955104435
452,7f153f8005d6de1fa,True,,,,,,,,,,1.0,0.0,1.0,1.0,0.7876249884722119,1.0,0.0,0.0,0.0,0.0
453,7eaedaf0e0d844712,True,,,,,,,,,,1.0,1.0,1.0,1.0,0.6661886613967466,1.0,1.0,1.0,0.0,0.7706839566864834
454,86cf77209e00173f3,True,,,,,,,,,,1.0,1.0,1.0,1.0,0.853960533463242,1.0,0.0,1.0,1.0,0.8293626667072631
455,d8bd07f4fcdcdc313,True,,,,,,,,,,1.0,1.0,1.0,1.0,0.7009300349562798,1.0,1.0,1.0,0.0,0.7815406359238375
456,e7f8c99f8df8cf65b,True,,,,,,,,,,1.0,1.0,1.0,1.0,1.0,0.0,1.0,1.0,1.0,0.6875
457,9419f81f3116fcd08,True,,,,,,,,,,0.0,1.0,1.0,1.0,1.0,0.0,1.0,1.0,1.0,0.0
458,abb1e9c0cfeb7bb29,True,,,,,,,,,,1.0,1.0,1.0,1.0,1.0,1.0,0.0,1.0,0.0,0.75
459,3d20ef43bc694566a,True,,,,,,,,,,1.0,1.0,1.0,1.0,0.8837473192548707,1.0,0.0,1.0,1.0,0.8386710372671471
460,e2575892f97539fa7,True,,,,,,,,,,1.0,0.0,1.0,1.0,1.0,1.0,1.0,1.0,1.0,0.0
461,e9998b8b863aa29d4,True,,,,,,,,,,1.0,0.0,1.0,1.0,0.5896264103955035,1.0,0.0,1.0,1.0,0.0
462,0b1c3be99252f24af,True,,,,,,,,,,1.0,1.0,1.0,1.0,1.0,1.0,1.0,1.0,0.0,0.875
463,bb64b91f09ac1d235,True,,,,,,,,,,1.0,1.0,1.0,1.0,0.5852529525064062,1.0,1.0,1.0,0.0,0.745391547658252
464,c1c57e75b2d100427,True,,,,,,,,,,1.0,1.0,1.0,1.0,0.6375174824454979,1.0,0.0,1.0,1.0,0.7617242132642181
465,83b6e2ed6238cd43a,True,,,,,,,,,,1.0,1.0,1.0,1.0,0.5419136071839136,1.0,1.0,1.0,0.0,0.7318480022449729
466,9e6370c960ce41937,True,,,,,,,,,,1.0,1.0,1.0,1.0,0.5912236101787361,1.0,0.0,1.0,0.0,0.622257378180855
467,6a934a93966865e05,True,,,,,,,,,,1.0,1.0,1.0,1.0,0.1852352864174185,1.0,1.0,1.0,1.0,0.7453860270054433
468,543679cd5973594a2,True,,,,,,,,,,1.0,1.0,1.0,1.0,0.76058751994799,1.0,1.0,1.0,0.0,0.8001835999837469
469,814fa66e0a997a168,True,,,,,,,,,,1.0,0.0,1.0,1.0,1.0,1.0,1.0,1.0,0.0,0.0
470,25db319b5b2d36844,True,,,,,,,,,,1.0,1.0,1.0,1.0,0.450843216620624,1.0,1.0,1.0,1.0,0.828388505193945
471,576ad4ad9e64275b1,True,,,,,,,,,,1.0,0.0,1.0,1.0,0.0129305889338714,1.0,0.0,1.0,0.0,0.0
472,842ac0b9f9e4a08ca,True,,,,,,,,,,1.0,0.0,1.0,1.0,0.6617111176236856,1.0,1.0,1.0,0.0,0.0
473,2f7b3c8c203e87c73,True,,,,,,,,,,1.0,0.0,1.0,1.0,1.0,1.0,0.0,1.0,0.0,0.0
474,e125fce6404cad012,True,,,,,,,,,,1.0,1.0,1.0,1.0,0.6149770876891294,1.0,1.0,1.0,0.0,0.754680339902853
475,cd53b47b7ab39ebeb,True,,,,,,,,,,1.0,1.0,1.0,1.0,0.5677827607424069,1.0,1.0,1.0,1.0,0.8649321127320022
476,1c973ecab8156df90,True,,,,,,,,,,1.0,1.0,1.0,1.0,1.0,1.0,0.0,1.0,1.0,0.875
477,9c33aa775bae4e3a1,True,,,,,,,,,,1.0,1.0,1.0,1.0,0.6831540844083781,1.0,1.0,1.0,0.0,0.7759856513776182
478,ed81a447f9a55d06c,True,,,,,,,,,,1.0,1.0,1.0,1.0,1.0,1.0,1.0,1.0,1.0,1.0
479,84b2700de34b073da,True,,,,,,,,,,1.0,1.0,1.0,1.0,0.2015566225070328,1.0,1.0,1.0,0.0,0.6254864445334478
480,5c732851fcda6c88c,True,,,,,,,,,,1.0,1.0,0.5,1.0,0.4339062206415146,1.0,0.0,1.0,0.0,0.2865478469752366
481,fd2d5da64073721d2,True,,,,,,,,,,1.0,1.0,1.0,1.0,0.7014051293780236,1.0,1.0,1.0,0.0,0.7816891029306323
482,c3d1977a554fb24b2,True,,,,,,,,,,1.0,1.0,1.0,1.0,0.5191053949209588,1.0,0.0,1.0,1.0,0.7247204359127997
483,233db9b81971aca2a,True,,,,,,,,,,1.0,1.0,1.0,1.0,0.5430582426166906,1.0,1.0,1.0,1.0,0.8572057008177159
484,7858c7e045c1ac9b5,True,,,,,,,,,,1.0,1.0,1.0,1.0,1.0,1.0,0.0,1.0,0.0,0.75
485,4f21dca90878d8a58,True,,,,,,,,,,1.0,1.0,1.0,1.0,0.5886477425217774,1.0,1.0,0.0,0.0,0.6214524195380554
486,4a1669fb6d9debfb0,True,,,,,,,,,,1.0,1.0,0.5,1.0,0.7904950303528578,1.0,1.0,1.0,0.0,0.404764848492634
487,344bd2551e98ed803,True,,,,,,,,,,1.0,0.0,1.0,1.0,1.0,1.0,0.0,1.0,0.0,0.0
488,022f2dcc42d892201,True,,,,,,,,,,1.0,1.0,1.0,1.0,0.293187751087286,1.0,0.0,1.0,1.0,0.6541211722147768
489,c675e95ff07987458,True,,,,,,,,,,1.0,1.0,1.0,1.0,1.0,1.0,0.0,1.0,1.0,0.875
490,6e7de4339dc039c41,True,,,,,,,,,,1.0,1.0,1.0,1.0,0.3709291181804695,1.0,1.0,1.0,0.0,0.6784153494313967
491,d70caeb8eb50fae31,True,,,,,,,,,,1.0,1.0,1.0,1.0,0.7729360937277614,1.0,0.0,1.0,1.0,0.8040425292899254
492,0dd1d00f6d1725ec3,True,,,,,,,,,,1.0,1.0,1.0,1.0,0.969865069728814,1.0,1.0,1.0,0.0,0.8655828342902544
493,0dd2f5f325ca3c02e,True,,,,,,,,,,1.0,1.0,1.0,1.0,0.3768018107852007,1.0,1.0,1.0,1.0,0.8052505658703752
494,cfa0d13a7c93691c3,True,,,,,,,,,,1.0,0.0,1.0,1.0,0.1322766021056463,1.0,0.0,1.0,0.0,0.0
495,d44cdc5b9b4da0e54,True,,,,,,,,,,1.0,1.0,1.0,1.0,0.6484418104990404,1.0,1.0,1.0,1.0,0.8901380657809501
496,562756132cea470ea,True,,,,,,,,,,1.0,1.0,1.0,1.0,0.5963673713291461,1.0,1.0,1.0,1.0,0.8738648035403581
497,58a779e8d452e3877,True,,,,,,,,,,1.0,1.0,1.0,1.0,0.7648995822667968,1.0,1.0,1.0,1.0,0.926531119458374
498,d9eb3c465a5635619,True,,,,,,,,,,1.0,1.0,1.0,1.0,0.4801947721652329,1.0,1.0,0.0,0.0,0.5875608663016353
499,b2a98e2ef3f3f2ff4,True,,,,,,,,,,1.0,1.0,1.0,1.0,0.7502325080645071,1.0,0.0,1.0,0.0,0.6719476587701585
500,8a5b80c748963e0a4,True,,,,,,,,,,1.0,1.0,0.5,1.0,0.6969010900613362,1.0,1.0,1.0,1.0,0.4526407953220838
501,6df6f08cd7de3b69e,True,,,,,,,,,,1.0,1.0,1.0,1.0,0.5647697522960028,1.0,1.0,1.0,0.0,0.7389905475925009
502,99d9ea218424b8b69,True,,,,,,,,,,1.0,1.0,1.0,1.0,1.0,1.0,1.0,1.0,1.0,1.0
503,0d20e006578be6327,True,,,,,,,,,,1.0,1.0,0.5,1.0,1.0,1.0,0.0,1.0,0.0,0.375
504,f9693c34fe2422ec2,True,,,,,,,,,,1.0,1.0,1.0,1.0,0.3434366262196702,1.0,1.0,1.0,1.0,0.794823945693647
505,50c3efa45ebc549ab,True,,,,,,,,,,1.0,1.0,1.0,1.0,0.2216602884058642,1.0,1.0,1.0,0.0,0.6317688401268325
506,c27589c1692f0a130,True,,,,,,,,,,1.0,1.0,1.0,1.0,0.757954139570839,1.0,1.0,1.0,1.0,0.9243606686158872
507,8b29c1e65746a1185,True,,,,,,,,,,1.0,1.0,1.0,1.0,0.6729910662280588,1.0,1.0,1.0,0.0,0.7728097081962684
508,c4f1e612f0a907247,True,,,,,,,,,,1.0,1.0,1.0,1.0,0.567415500359747,1.0,1.0,1.0,1.0,0.8648173438624209
509,c9c198442a1efdc10,True,,,,,,,,,,1.0,1.0,1.0,1.0,0.3437603954666813,1.0,0.0,1.0,0.0,0.5449251235833379
510,d745c239ecbf42d39,True,,,,,,,,,,1.0,1.0,1.0,1.0,0.6105777057877578,1.0,1.0,1.0,0.0,0.7533055330586743
511,edb62f47f8009856e,True,,,,,,,,,,1.0,1.0,1.0,1.0,0.6317617771027804,1.0,0.0,1.0,0.0,0.6349255553446189
512,94290de1a09e79e7b,True,,,,,,,,,,1.0,1.0,0.0,1.0,1.0,1.0,0.0,1.0,0.0,0.0
513,a874b5928d421efad,True,,,,,,,,,,1.0,1.0,1.0,1.0,0.6600037543154333,1.0,1.0,1.0,1.0,0.8937511732235729
514,eeb4b0334d12c4c0f,True,,,,,,,,,,1.0,1.0,1.0,1.0,0.8230935478148873,1.0,1.0,1.0,0.0,0.8197167336921523
515,2c7084169dfd8a99a,True,,,,,,,,,,0.0,1.0,0.0,1.0,1.0,0.0,0.0,1.0,0.0,0.0
516,824d8ba46202fe8eb,True,,,,,,,,,,1.0,1.0,1.0,1.0,0.7881715799015592,1.0,1.0,1.0,1.0,0.9338036187192372
517,078d13ba093831831,True,,,,,,,,,,1.0,0.0,1.0,1.0,1.0,1.0,1.0,1.0,1.0,0.0
518,bba03402f6222135f,True,,,,,,,,,,0.0,1.0,1.0,1.0,1.0,0.0,1.0,1.0,0.0,0.0
519,5b7915b6c4d354972,True,,,,,,,,,,1.0,1.0,1.0,1.0,0.6633512739352899,1.0,1.0,1.0,1.0,0.8947972731047781
520,ed6d05f676ec3069b,True,,,,,,,,,,1.0,1.0,1.0,1.0,0.4466733451161454,1.0,1.0,1.0,1.0,0.8270854203487954
521,6a45a8aa53220a0e3,True,,,,,,,,,,1.0,1.0,1.0,1.0,0.2568479473448763,1.0,1.0,1.0,1.0,0.7677649835452739
522,09bd7428736e6525b,True,,,,,,,,,,1.0,1.0,1.0,1.0,0.4126715761895863,1.0,1.0,1.0,1.0,0.8164598675592457
523,e10827f1aaf62efb8,True,,,,,,,,,,1.0,1.0,1.0,1.0,0.1651363802937943,1.0,1.0,1.0,1.0,0.7391051188418107
524,bee9d6dc42a9d273c,True,,,,,,,,,,1.0,1.0,1.0,1.0,1.0,1.0,1.0,1.0,0.0,0.875
525,186f59c514ff34824,True,,,,,,,,,,1.0,1.0,1.0,1.0,1.0,1.0,1.0,1.0,1.0,1.0
526,2c06706ac4ab7c708,True,,,,,,,,,,0.0,1.0,1.0,1.0,1.0,0.0,0.0,1.0,0.0,0.0
527,6cca874fda7a3507a,True,,,,,,,,,,1.0,1.0,1.0,1.0,1.0,1.0,0.0,1.0,0.0,0.75
528,2c920866d1784abe5,True,,,,,,,,,,1.0,1.0,1.0,1.0,1.0,1.0,0.0,0.0,0.0,0.625
529,c6b07c5dde1ec90c2,True,,,,,,,,,,1.0,1.0,1.0,1.0,0.7902757125552664,1.0,0.0,1.0,0.0,0.6844611601735208
530,d27053118101aa310,True,,,,,,,,,,1.0,1.0,1.0,1.0,0.6154995219654019,1.0,0.0,1.0,0.0,0.6298436006141881
531,9492d35704d8b1a15,True,,,,,,,,,,1.0,1.0,0.5,1.0,1.0,1.0,0.0,1.0,1.0,0.4375
532,1cc31a1834f400ea1,True,,,,,,,,,,0.0,1.0,1.0,1.0,1.0,0.0,0.0,1.0,0.0,0.0
533,c3e34d7de79504c8f,True,,,,,,,,,,1.0,1.0,1.0,1.0,1.0,1.0,1.0,1.0,0.0,0.875
534,5875003845a7403ab,True,,,,,,,,,,1.0,1.0,1.0,1.0,1.0,1.0,1.0,1.0,1.0,1.0
535,0cf895d7d61939eb3,True,,,,,,,,,,1.0,1.0,1.0,1.0,0.1600518934568443,1.0,0.0,1.0,1.0,0.6125162167052638
536,fd0901032c45b4e62,True,,,,,,,,,,1.0,1.0,1.0,1.0,0.3828042965391222,1.0,1.0,1.0,1.0,0.8071263426684757
537,4c03648ccf3301fe7,True,,,,,,,,,,0.0,0.0,1.0,1.0,1.0,0.0,1.0,1.0,1.0,0.0
538,97d9f320cc65aac2b,True,,,,,,,,,,1.0,1.0,1.0,1.0,0.8116179560990955,1.0,0.0,1.0,1.0,0.8161306112809673
539,fa350068f608950fe,True,,,,,,,,,,1.0,1.0,1.0,1.0,1.0,1.0,0.0,1.0,1.0,0.875
540,e9738336730d6755b,True,,,,,,,,,,1.0,1.0,0.0,1.0,0.9942224121542168,1.0,0.0,1.0,0.0,0.0
541,4a99f83b526b20ecf,True,,,,,,,,,,1.0,1.0,1.0,1.0,0.5801682816417996,1.0,0.0,1.0,1.0,0.7438025880130623
542,eeab7294535bc0168,True,,,,,,,,,,1.0,0.0,1.0,1.0,1.0,1.0,0.0,0.0,0.0,0.0
543,86d4226f5118e784d,True,,,,,,,,,,1.0,1.0,1.0,1.0,0.8429261091064645,1.0,1.0,1.0,0.0,0.8259144090957702
544,390d17b9e350ffe45,True,,,,,,,,,,1.0,1.0,1.0,1.0,0.7923011431739165,1.0,1.0,1.0,1.0,0.9350941072418488
545,7feb54e1cfc0b6b33,True,,,,,,,,,,1.0,1.0,1.0,1.0,0.7709825850947856,1.0,0.0,1.0,0.0,0.6784320578421205
546,a3159a9839e251bcb,True,,,,,,,,,,1.0,1.0,1.0,1.0,0.7698478181773947,1.0,1.0,1.0,0.0,0.8030774431804358
547,cff10d121d9ee4a1a,True,,,,,,,,,,1.0,1.0,0.5,1.0,0.679373361802958,1.0,0.0,1.0,1.0,0.3874020877817122
548,3e2f29d51ba0c82c3,True,,,,,,,,,,1.0,1.0,1.0,1.0,0.4457163470078257,1.0,1.0,1.0,1.0,0.8267863584399455
549,bf1cc9724e9048572,True,,,,,,,,,,1.0,1.0,1.0,1.0,0.5178164275543942,1.0,0.0,1.0,1.0,0.7243176336107482
550,df1a0f92cba6a82a6,True,,,,,,,,,,1.0,1.0,1.0,1.0,0.5636400299551833,1.0,0.0,1.0,0.0,0.6136375093609947
551,214aedc89904305ef,True,,,,,,,,,,1.0,1.0,1.0,0.0,1.0,1.0,1.0,1.0,1.0,0.0
552,af48e9c0da650fb5e,True,,,,,,,,,,1.0,1.0,1.0,1.0,0.7277052302906712,1.0,1.0,1.0,0.0,0.7899078844658347
553,110d0d3e6fdd95bda,True,,,,,,,,,,1.0,1.0,1.0,1.0,1.0,1.0,0.0,1.0,0.0,0.75
554,1a04dd2fcf47b0404,True,,,,,,,,,,1.0,1.0,1.0,1.0,0.526045593953052,1.0,1.0,1.0,0.0,0.7268892481103287
555,e36f8f24723dc8e0e,True,,,,,,,,,,0.0,0.0,1.0,1.0,0.6624533738593298,0.0,0.0,1.0,1.0,0.0
556,65e1feb850bbe8c9b,True,,,,,,,,,,1.0,0.0,1.0,1.0,0.5695925107903897,1.0,0.0,1.0,0.0,0.0
557,8b017e76640de2142,True,,,,,,,,,,1.0,1.0,1.0,1.0,0.9859427906521768,1.0,1.0,1.0,0.0,0.8706071220788052
558,175f019927da9929a,True,,,,,,,,,,1.0,0.0,1.0,1.0,0.4850646331939949,1.0,1.0,1.0,0.0,0.0
559,a6158322c9262bd39,True,,,,,,,,,,1.0,1.0,1.0,1.0,0.8308632666130916,1.0,1.0,0.0,0.0,0.6971447708165912
560,88c5a08bcfdda91cd,True,,,,,,,,,,1.0,1.0,1.0,1.0,0.7318482087104122,1.0,1.0,1.0,0.0,0.7912025652220038
561,c9b6f0f21e11dae54,True,,,,,,,,,,1.0,1.0,1.0,1.0,0.6983335387337181,1.0,0.0,1.0,1.0,0.7807292308542869
562,0028b234cfbb35f30,True,,,,,,,,,,1.0,1.0,1.0,1.0,0.2633899795746988,1.0,1.0,1.0,1.0,0.7698093686170934
563,8134b9f604787b2c1,True,,,,,,,,,,1.0,1.0,1.0,1.0,0.6850728995822685,1.0,0.0,1.0,0.0,0.6515852811194589
564,bbfd9bdc997348cff,True,,,,,,,,,,1.0,1.0,1.0,1.0,0.2079564164718738,1.0,1.0,1.0,1.0,0.7524863801474606
565,d8ae22f5da35b2ae9,True,,,,,,,,,,1.0,1.0,0.5,1.0,0.7322575898420886,1.0,0.0,1.0,1.0,0.3956652484128263
566,a5f9745ded4663076,True,,,,,,,,,,1.0,1.0,1.0,1.0,0.8166860357420903,1.0,0.0,1.0,0.0,0.6927143861694032
567,90dfc4788a349e60b,True,,,,,,,,,,1.0,1.0,1.0,1.0,0.5337011002477464,1.0,1.0,1.0,0.0,0.7292815938274207
568,2a2396b5db7435a5e,True,,,,,,,,,,1.0,1.0,0.0,1.0,0.8905019043044862,1.0,0.0,1.0,0.0,0.0
569,dd75967675d1052fc,True,,,,,,,,,,0.0,1.0,1.0,1.0,0.3233780076192704,0.0,0.0,1.0,0.0,0.0
570,14f814e6cbf15fcb5,True,,,,,,,,,,1.0,1.0,1.0,1.0,0.8798192643181479,1.0,1.0,1.0,0.0,0.8374435200994212
571,35a201132842b0275,True,,,,,,,,,,1.0,1.0,1.0,1.0,0.376540184276966,1.0,0.0,1.0,1.0,0.6801688075865518
572,a617218bc7b506fc1,True,,,,,,,,,,1.0,1.0,1.0,1.0,1.0,1.0,1.0,1.0,0.0,0.875
573,b22e723d346176e1f,True,,,,,,,,,,0.0,1.0,1.0,1.0,0.739841452704256,0.0,0.0,1.0,1.0,0.0
574,d3163ef07eaf8014c,True,,,,,,,,,,1.0,1.0,1.0,1.0,0.6015226913236618,1.0,0.0,1.0,0.0,0.6254758410386443
575,a538a6acee46ef831,True,,,,,,,,,,1.0,1.0,1.0,1.0,0.8009048826746052,1.0,0.0,1.0,1.0,0.8127827758358142
576,b93890b60ea010aaa,True,,,,,,,,,,1.0,1.0,1.0,1.0,1.0,1.0,1.0,1.0,0.0,0.875
577,53ceaabb1364b9424,True,,,,,,,,,,1.0,1.0,1.0,1.0,0.558064411516908,1.0,0.0,1.0,0.0,0.6118951285990337
578,69e3a503f78a651d2,True,,,,,,,,,,1.0,1.0,1.0,1.0,1.0,1.0,1.0,1.0,1.0,1.0
579,2dbd58ac0d23460fd,True,,,,,,,,,,1.0,1.0,1.0,1.0,0.1139253753461665,1.0,1.0,1.0,1.0,0.7231016797956771
580,28129e06d328f708d,True,,,,,,,,,,1.0,1.0,1.0,1.0,0.7415460897672056,1.0,1.0,0.0,0.0,0.6692331530522517
581,2292f65aeeb91446d,True,,,,,,,,,,1.0,1.0,1.0,1.0,0.5719745335805614,1.0,1.0,1.0,0.0,0.7412420417439254
582,8cb3057d000fc44fc,True,,,,,,,,,,1.0,1.0,1.0,1.0,0.4341896175342982,1.0,1.0,1.0,1.0,0.8231842554794682
583,69968d73c74d053d8,True,,,,,,,,,,1.0,1.0,0.5,1.0,1.0,1.0,0.0,1.0,0.0,0.375
584,23d3fdeb556df092e,True,,,,,,,,,,1.0,1.0,1.0,1.0,0.8097202331733777,1.0,1.0,1.0,1.0,0.9405375728666804
585,3fcd46f80ab00b6e6,True,,,,,,,,,,1.0,1.0,1.0,1.0,0.5995262794863692,0.0,0.0,1.0,1.0,0.4373519623394903
586,19d93db92ab5bcc09,True,,,,,,,,,,1.0,1.0,1.0,1.0,0.5904383976596944,1.0,1.0,1.0,0.0,0.7470119992686545
587,182b0871961fced6d,True,,,,,,,,,,1.0,1.0,1.0,1.0,0.6592736236058598,1.0,1.0,1.0,1.0,0.8935230073768312
588,a1a5eeda367569815,True,,,,,,,,,,1.0,1.0,1.0,1.0,0.6121823019096632,1.0,1.0,1.0,0.0,0.7538069693467697
589,599d18ef0c8b9c894,True,,,,,,,,,,0.5,1.0,1.0,1.0,1.0,0.0,1.0,1.0,0.0,0.28125
590,fcdbf5378a4eecdc5,True,,,,,,,,,,1.0,1.0,1.0,1.0,0.2829617936954511,1.0,1.0,1.0,1.0,0.7759255605298285
591,5cd83ccdc4993016d,True,,,,,,,,,,1.0,1.0,1.0,1.0,0.9322828989262156,1.0,0.0,1.0,1.0,0.8538384059144424
592,6f13146a94fc09b32,True,,,,,,,,,,1.0,1.0,1.0,1.0,0.6693201645197212,1.0,0.0,1.0,0.0,0.6466625514124129
593,d1e49d53c8a87357c,True,,,,,,,,,,1.0,1.0,0.5,1.0,1.0,1.0,0.0,1.0,0.0,0.375
594,9e268b454b8ca07a1,True,,,,,,,,,,1.0,1.0,1.0,1.0,0.5537366715427657,1.0,1.0,1.0,1.0,0.8605427098571143
595,5c7504aeee1fc6587,True,,,,,,,,,,1.0,1.0,1.0,1.0,1.0,0.0,1.0,1.0,0.0,0.5625
596,6eff7e6fb5d5bcf04,True,,,,,,,,,,1.0,1.0,1.0,1.0,0.7256559489331734,1.0,1.0,1.0,0.0,0.7892674840416167
597,53c6f9cae0f7a4cd1,True,,,,,,,,,,0.0,1.0,1.0,1.0,1.0,0.0,0.0,0.0,0.0,0.0
598,1f85e503d38a543ba,True,,,,,,,,,,1.0,1.0,1.0,1.0,0.6832278671694022,1.0,0.0,1.0,1.0,0.7760087084904381
599,3965541eb07d065e9,True,,,,,,,,,,0.0,1.0,1.0,1.0,1.0,0.0,1.0,1.0,1.0,0.0
600,5e9e3c88e21f7a346,True,,,,,,,,,,1.0,0.0,1.0,1.0,1.0,1.0,1.0,1.0,0.0,0.0
601,0eef4e705a397f8df,True,,,,,,,,,,1.0,1.0,1.0,1.0,0.5749515967456593,1.0,1.0,1.0,1.0,0.8671723739830186
602,02cf44d6c32b48bea,True,,,,,,,,,,1.0,1.0,1.0,1.0,0.3518719618518341,1.0,0.0,0.0,1.0,0.5474599880786981
603,8d28f9f70a6b86ce7,True,,,,,,,,,,1.0,0.0,1.0,1.0,1.0,1.0,1.0,1.0,0.0,0.0
604,d42ef26a98f8b0220,True,,,,,,,,,,1.0,1.0,1.0,1.0,1.0,1.0,1.0,1.0,1.0,1.0
605,e1ddf841fc0409636,True,,,,,,,,,,1.0,1.0,1.0,1.0,0.4941077571832931,1.0,1.0,1.0,0.0,0.7169086741197791
606,19c21fee65a87c2d8,True,,,,,,,,,,1.0,1.0,1.0,1.0,0.5708766856166334,1.0,1.0,1.0,0.0,0.740898964255198
607,eee3dbfa0ec3233b6,True,,,,,,,,,,1.0,1.0,1.0,1.0,0.3805346354642795,1.0,1.0,1.0,1.0,0.8064170735825873
608,402ed0d50f8b2ce26,True,,,,,,,,,,1.0,0.0,1.0,1.0,0.5488913855346339,1.0,0.0,1.0,0.0,0.0
609,fbe98e6e1454f315c,True,,,,,,,,,,1.0,1.0,1.0,1.0,0.2664470474991612,1.0,1.0,1.0,0.0,0.6457647023434879
610,12499ddd90200ea9f,True,,,,,,,,,,1.0,1.0,1.0,1.0,0.5022134492960411,1.0,1.0,1.0,1.0,0.8444417029050129
611,372a537447f7672b9,True,,,,,,,,,,1.0,1.0,1.0,1.0,0.7311422524894088,1.0,1.0,1.0,0.0,0.7909819539029402
612,d684c7c8d5a53f7d2,True,,,,,,,,,,1.0,1.0,1.0,1.0,0.2528779008253543,1.0,0.0,1.0,1.0,0.6415243440079232
613,195adbb128cbfeea4,True,,,,,,,,,,1.0,1.0,1.0,1.0,1.0,1.0,0.0,1.0,1.0,0.875
614,4683eec43a1454ea9,True,,,,,,,,,,1.0,1.0,1.0,1.0,0.853158023649262,1.0,1.0,1.0,1.0,0.9541118823903944
615,96162a63802df3c29,True,,,,,,,,,,1.0,1.0,1.0,1.0,0.3207939602707718,1.0,1.0,1.0,0.0,0.6627481125846162
616,ccb673fb277fc767d,True,,,,,,,,,,1.0,1.0,1.0,1.0,1.0,1.0,1.0,1.0,0.0,0.875
617,d362ccbdddf4e0d3f,True,,,,,,,,,,1.0,0.0,1.0,1.0,1.0,1.0,0.0,1.0,1.0,0.0
618,f5a7ab053fe5143f8,True,,,,,,,,,,1.0,1.0,1.0,1.0,1.0,1.0,0.0,1.0,1.0,0.875
619,c3f5f5f99bb34c5b9,True,,,,,,,,,,1.0,1.0,1.0,1.0,1.0,1.0,1.0,0.0,0.0,0.75
620,bb77c49defa6c4631,True,,,,,,,,,,1.0,1.0,1.0,1.0,0.4015082316435213,1.0,0.0,1.0,0.0,0.5629713223886004
621,79fb2b729214ceac0,True,,,,,,,,,,1.0,1.0,0.0,1.0,0.7630539160392426,1.0,0.0,1.0,1.0,0.0
622,b1b76999fa25ad35b,True,,,,,,,,,,1.0,0.0,1.0,1.0,1.0,1.0,0.0,1.0,0.0,0.0
623,49e16e57b4df60ee3,True,,,,,,,,,,1.0,1.0,1.0,1.0,0.639422945093205,1.0,0.0,1.0,0.0,0.6373196703416266
624,964d3400667ae187f,True,,,,,,,,,,1.0,1.0,1.0,1.0,0.6555402372181337,1.0,1.0,1.0,1.0,0.8923563241306668
625,c69efd29d5a9049e3,True,,,,,,,,,,1.0,1.0,1.0,1.0,0.6918682708108658,1.0,1.0,1.0,0.0,0.7787088346283956
626,bc20b8c58a5cffb8d,True,,,,,,,,,,1.0,0.0,0.5,1.0,1.0,1.0,0.0,1.0,1.0,0.0
627,f8b4dade556ee29d7,True,,,,,,,,,,1.0,1.0,1.0,1.0,0.4905906587974333,1.0,0.0,1.0,0.0,0.590809580874198
628,a8e077fe91ae167df,True,,,,,,,,,,1.0,1.0,1.0,1.0,0.9323028415302238,1.0,0.0,1.0,1.0,0.853844637978195
629,026597b466e481724,True,,,,,,,,,,1.0,1.0,1.0,1.0,0.606188007679463,1.0,0.0,1.0,1.0,0.7519337523998322
630,bf56d797d033f36bd,True,,,,,,,,,,1.0,1.0,1.0,1.0,0.3784230996096144,1.0,1.0,1.0,1.0,0.8057572186280045
631,0e893b68e326d1c97,True,,,,,,,,,,1.0,1.0,1.0,1.0,0.6966616596098525,1.0,1.0,1.0,1.0,0.9052067686280788
632,80144b63550c48566,True,,,,,,,,,,1.0,1.0,0.5,1.0,1.0,1.0,0.0,1.0,0.0,0.375
633,2c5a6bcca688df5f6,True,,,,,,,,,,1.0,0.0,1.0,1.0,1.0,1.0,0.0,0.0,0.0,0.0
634,36c18e8d239512a08,True,,,,,,,,,,1.0,1.0,1.0,1.0,1.0,1.0,0.0,1.0,0.0,0.75
635,15ab133cee3e14b85,True,,,,,,,,,,1.0,1.0,1.0,1.0,1.0,1.0,1.0,0.0,0.0,0.75
636,e2156f59b76e7c195,True,,,,,,,,,,1.0,1.0,1.0,1.0,0.5426345101479487,1.0,1.0,1.0,0.0,0.732073284421234
637,bd89af5e343d69421,True,,,,,,,,,,1.0,1.0,1.0,1.0,0.3862851485357867,1.0,0.0,1.0,0.0,0.5582141089174334
638,fbcd36a566009598c,True,,,,,,,,,,1.0,1.0,0.0,1.0,1.0,1.0,0.0,1.0,0.0,0.0
639,98908f760ae1f8648,True,,,,,,,,,,0.0,1.0,1.0,1.0,1.0,0.0,0.0,1.0,1.0,0.0
640,317774c453bf853ce,True,,,,,,,,,,1.0,1.0,1.0,1.0,0.8313451679084751,1.0,0.0,1.0,0.0,0.6972953649713984
641,add057f5877074b22,True,,,,,,,,,,1.0,1.0,1.0,1.0,1.0,1.0,0.0,1.0,0.0,0.75
642,bd132bb290ee8b29b,True,,,,,,,,,,1.0,1.0,1.0,1.0,1.0,1.0,0.0,1.0,1.0,0.875
643,1b905261d3f70d1f0,True,,,,,,,,,,1.0,1.0,1.0,1.0,0.5239466827217417,1.0,1.0,1.0,1.0,0.8512333383505443
644,265a501fe44eb4a2e,True,,,,,,,,,,1.0,1.0,1.0,1.0,0.434173155044694,1.0,0.0,1.0,0.0,0.5731791109514669
645,281e89e3d9a31b9b6,True,,,,,,,,,,1.0,1.0,1.0,1.0,0.7820192061937694,1.0,1.0,1.0,1.0,0.931881001935553
646,66186ff8feddb320f,True,,,,,,,,,,1.0,1.0,1.0,1.0,0.2934425270207662,1.0,0.0,1.0,1.0,0.6542007896939894
647,735bf126af1875fe2,True,,,,,,,,,,0.0,1.0,1.0,1.0,1.0,0.0,0.0,1.0,1.0,0.0
648,6023b53fce21949e9,True,,,,,,,,,,1.0,1.0,1.0,1.0,0.5284715387213763,1.0,0.0,1.0,1.0,0.7276473558504302
649,03765fd57aa87ab53,True,,,,,,,,,,1.0,1.0,1.0,1.0,0.3233293979853414,1.0,1.0,1.0,1.0,0.7885404368704192
650,a557acb1f1d4211d2,True,,,,,,,,,,1.0,1.0,1.0,1.0,0.828819883537074,1.0,0.0,1.0,1.0,0.8215062136053357
651,e58505d2e2a702e58,True,,,,,,,,,,0.0,1.0,1.0,1.0,1.0,0.0,1.0,1.0,1.0,0.0
652,f22018746ab277cda,True,,,,,,,,,,1.0,0.0,0.5,1.0,1.0,1.0,0.0,1.0,0.0,0.0
653,3de0117d8b0d82352,True,,,,,,,,,,1.0,1.0,1.0,1.0,0.6407620260634541,1.0,0.0,1.0,0.0,0.6377381331448294
654,67aafbe3b9430e738,True,,,,,,,,,,0.0,1.0,1.0,1.0,1.0,0.0,1.0,1.0,1.0,0.0
655,ba2d0c2b1a0d13a74,True,,,,,,,,,,1.0,0.0,0.0,1.0,1.0,1.0,1.0,1.0,0.0,0.0
656,4533792bbf9b2478b,True,,,,,,,,,,1.0,1.0,1.0,1.0,0.2905339199278052,1.0,1.0,1.0,0.0,0.6532918499774392
657,0b444583aebb693a7,True,,,,,,,,,,1.0,1.0,1.0,1.0,1.0,1.0,1.0,1.0,0.0,0.875
658,7f444b043c5b21ab4,True,,,,,,,,,,1.0,1.0,1.0,1.0,0.6855860345027466,1.0,0.0,1.0,0.0,0.6517456357821083
659,5b8a84de1fcdc3118,True,,,,,,,,,,1.0,1.0,0.5,1.0,1.0,1.0,1.0,1.0,0.0,0.4375
660,4f4120c32c9c42c47,True,,,,,,,,,,1.0,1.0,1.0,1.0,0.6567844161812928,1.0,1.0,1.0,0.0,0.767745130056654
661,b81b74ab58ca68574,True,,,,,,,,,,1.0,1.0,0.0,1.0,0.6751080846232064,1.0,0.0,0.0,0.0,0.0
662,bdc5b1c53a1749c9d,True,,,,,,,,,,1.0,0.0,0.5,1.0,1.0,1.0,0.0,1.0,0.0,0.0
663,e9b4dc8775d9b86e1,True,,,,,,,,,,1.0,1.0,1.0,1.0,1.0,1.0,1.0,1.0,0.0,0.875
664,1bddac86d58ce72a5,True,,,,,,,,,,1.0,1.0,1.0,1.0,1.0,1.0,1.0,1.0,0.0,0.875
665,d82ea5f1c94fd6d13,True,,,,,,,,,,1.0,1.0,1.0,1.0,0.5146016720758388,1.0,1.0,1.0,0.0,0.7233130225236997
666,5634addd2134d1453,True,,,,,,,,,,1.0,1.0,1.0,1.0,0.9299066474923012,1.0,0.0,1.0,1.0,0.8530958273413441
667,fe2856fd4df6ee473,True,,,,,,,,,,1.0,1.0,1.0,1.0,0.76401628663784,1.0,1.0,1.0,1.0,0.926255089574325
668,f2c959958c4b3a8f0,True,,,,,,,,,,1.0,1.0,1.0,1.0,0.976353923429886,1.0,0.0,1.0,0.0,0.7426106010718394
669,c95875cdc20edcb2a,True,,,,,,,,,,1.0,1.0,1.0,1.0,0.3861859915280738,1.0,0.0,1.0,0.0,0.5581831223525231
670,933ba8311a18f9035,True,,,,,,,,,,1.0,1.0,1.0,1.0,0.4500037529961298,1.0,0.0,1.0,1.0,0.7031261728112905
671,2c09013af79e257fd,True,,,,,,,,,,1.0,1.0,1.0,1.0,0.7036557720604457,1.0,1.0,1.0,0.0,0.7823924287688893
672,34f398e3cb7f66124,True,,,,,,,,,,1.0,1.0,1.0,1.0,0.9680021267668718,1.0,1.0,1.0,0.0,0.8650006646146474
673,82e64850661b77497,True,,,,,,,,,,1.0,1.0,1.0,1.0,0.7710310815999752,1.0,1.0,1.0,0.0,0.8034472129999923
674,21473775434910bbe,True,,,,,,,,,,1.0,1.0,0.5,1.0,1.0,1.0,0.0,1.0,0.0,0.375
675,59f54dd987b4a80fd,True,,,,,,,,,,1.0,1.0,1.0,1.0,0.6918075399892765,1.0,1.0,1.0,1.0,0.9036898562466488
676,036d27d8003dd2f2e,True,,,,,,,,,,1.0,1.0,1.0,1.0,1.0,1.0,1.0,1.0,1.0,1.0
677,af4ad524dc8b94ef1,True,,,,,,,,,,0.0,1.0,0.5,1.0,1.0,0.0,0.0,1.0,0.0,0.0
678,41605b0da6ca7fa55,True,,,,,,,,,,1.0,1.0,1.0,1.0,0.7414102707272135,1.0,1.0,1.0,1.0,0.9191907096022542
679,4aa0d20a71cc4b60d,True,,,,,,,,,,1.0,1.0,1.0,1.0,1.0,1.0,0.0,1.0,0.0,0.75
680,3c70a054e8d40ce21,True,,,,,,,,,,1.0,1.0,1.0,1.0,1.0,1.0,0.0,1.0,1.0,0.875
681,6583dc042ee97ab5a,True,,,,,,,,,,1.0,1.0,1.0,1.0,0.1973563040377315,1.0,0.0,1.0,1.0,0.6241738450117911
682,49d2336208d2cac37,True,,,,,,,,,,1.0,1.0,1.0,1.0,0.948807203888254,1.0,1.0,1.0,1.0,0.9840022512150792
683,65cf82257d919ac3a,True,,,,,,,,,,1.0,1.0,1.0,1.0,0.568324093961786,1.0,0.0,1.0,1.0,0.7401012793630581
684,ada3a1a9a3d4dee81,True,,,,,,,,,,1.0,1.0,1.0,1.0,0.9058828269766728,1.0,1.0,1.0,0.0,0.8455883834302103
685,6324e7d77bf56fdb3,True,,,,,,,,,,1.0,1.0,1.0,1.0,0.8285082416938327,1.0,1.0,1.0,0.0,0.8214088255293227
686,f743301660e4f13bf,True,,,,,,,,,,1.0,1.0,1.0,1.0,0.5844718645743407,1.0,1.0,1.0,0.0,0.7451474576794814
687,99c29f3c8b69eab4e,True,,,,,,,,,,1.0,1.0,1.0,1.0,0.2391796578315264,1.0,0.0,1.0,1.0,0.637243643072352
688,190768b2e92e01b36,True,,,,,,,,,,1.0,1.0,1.0,1.0,0.8038170370075559,1.0,0.0,1.0,0.0,0.6886928240648612
689,6f730ed4241558274,True,,,,,,,,,,1.0,1.0,0.5,1.0,1.0,1.0,0.0,1.0,1.0,0.4375
690,c63fc1f399e5c5f1c,True,,,,,,,,,,1.0,1.0,1.0,1.0,0.44069873535685,1.0,1.0,1.0,1.0,0.8252183547990156
691,749b3e461ac448a6a,True,,,,,,,,,,0.0,1.0,0.0,1.0,1.0,0.0,0.0,1.0,0.0,0.0
692,562d93c298e442013,True,,,,,,,,,,1.0,1.0,1.0,1.0,0.7161510668205986,1.0,1.0,1.0,1.0,0.911297208381437
693,c73438b8126946550,True,,,,,,,,,,1.0,1.0,1.0,1.0,0.6857705527615687,1.0,0.0,1.0,1.0,0.7768032977379902
694,2f704570e75d053c7,True,,,,,,,,,,1.0,1.0,1.0,1.0,0.7100305723261994,1.0,0.0,1.0,0.0,0.6593845538519373
695,c85dd3e87ba3c50e0,True,,,,,,,,,,1.0,1.0,1.0,1.0,0.8867403820466199,1.0,0.0,1.0,1.0,0.8396063693895688
696,370df15505429bd41,True,,,,,,,,,,1.0,1.0,1.0,1.0,0.4545075962762042,1.0,1.0,1.0,1.0,0.8295336238363138
697,43c0e949f19e63437,True,,,,,,,,,,1.0,0.0,1.0,1.0,0.169083515478978,1.0,1.0,1.0,0.0,0.0
698,15b6cbe22ab535f70,True,,,,,,,,,,1.0,1.0,1.0,1.0,0.6343985247741751,1.0,1.0,1.0,0.0,0.7607495389919298
699,df00098f604a521a4,True,,,,,,,,,,1.0,1.0,1.0,1.0,0.6101167826820642,1.0,0.0,1.0,1.0,0.7531614945881451
700,41423d9768746a40d,True,,,,,,,,,,1.0,1.0,1.0,1.0,0.7260037694934648,1.0,1.0,0.0,0.0,0.6643761779667078
701,cf9851f86105d9f8c,True,,,,,,,,,,1.0,1.0,1.0,1.0,0.7142611860173256,1.0,0.0,1.0,0.0,0.6607066206304142
702,7a9cbf03b55e84c29,True,,,,,,,,,,1.0,1.0,1.0,1.0,0.2416704687981776,1.0,1.0,1.0,1.0,0.7630220214994305
703,9a1d8c48d604f6c79,True,,,,,,,,,,1.0,1.0,1.0,1.0,0.7882787476444421,1.0,1.0,1.0,1.0,0.933837108638888
704,8d71beefa48cb91fb,True,,,,,,,,,,1.0,1.0,1.0,1.0,0.7831330561250899,1.0,1.0,1.0,0.0,0.8072290800390906
705,7516958eab299d94d,True,,,,,,,,,,1.0,1.0,1.0,1.0,0.0,1.0,1.0,1.0,1.0,0.6875
706,c6834715d79ac54be,True,,,,,,,,,,0.0,1.0,1.0,1.0,1.0,0.0,1.0,1.0,0.0,0.0
707,2940f44b99e0dfbcb,True,,,,,,,,,,0.0,1.0,1.0,1.0,1.0,0.0,0.0,1.0,0.0,0.0
708,ad89b51facf4ec5e5,True,,,,,,,,,,1.0,1.0,0.0,1.0,1.0,1.0,0.0,1.0,0.0,0.0
709,306bd7dfd9818a9eb,True,,,,,,,,,,1.0,1.0,1.0,1.0,0.4887715282936949,1.0,1.0,0.0,0.0,0.5902411025917796
710,4bdf97e7a68a220e2,True,,,,,,,,,,1.0,1.0,1.0,1.0,0.8050177922341185,1.0,0.0,1.0,1.0,0.814068060073162
711,7f0f949c3d0d9fe1f,True,,,,,,,,,,1.0,1.0,1.0,1.0,1.0,1.0,0.0,1.0,1.0,0.875
712,bf747811ee475d2c1,True,,,,,,,,,,1.0,1.0,1.0,1.0,0.2115928138899641,1.0,0.0,1.0,0.0,0.5036227543406138
713,6ad6905cedee6197b,True,,,,,,,,,,1.0,1.0,1.0,1.0,0.5141375667260172,1.0,0.0,1.0,1.0,0.7231679896018803
714,0b20cc78c6d693794,True,,,,,,,,,,1.0,0.0,1.0,1.0,1.0,1.0,0.0,1.0,0.0,0.0
715,7e4af807f673c946b,True,,,,,,,,,,1.0,0.0,1.0,1.0,0.6561278105498756,1.0,0.0,1.0,0.0,0.0
716,6e1ecc74646f12ab1,True,,,,,,,,,,1.0,1.0,0.0,1.0,1.0,1.0,0.0,1.0,1.0,0.0
717,4366160abaeabb363,True,,,,,,,,,,1.0,1.0,1.0,1.0,0.7120771588325203,1.0,1.0,1.0,1.0,0.9100241121351628
718,c47263e93d93b6838,True,,,,,,,,,,1.0,1.0,1.0,1.0,0.44968473791839,1.0,1.0,1.0,1.0,0.8280264805994969
719,801d1b42c0409656b,True,,,,,,,,,,0.0,1.0,1.0,1.0,1.0,0.0,1.0,1.0,0.0,0.0
720,fdc9de263e1f28cd8,True,,,,,,,,,,1.0,1.0,1.0,1.0,0.659293914950551,1.0,1.0,1.0,1.0,0.8935293484220472
721,e7892fb2f09de2723,True,,,,,,,,,,0.0,1.0,1.0,1.0,1.0,0.0,1.0,1.0,0.0,0.0
722,bc91b5b7dc430b04d,True,,,,,,,,,,1.0,1.0,0.0,1.0,1.0,1.0,0.0,1.0,1.0,0.0
723,8567f7439d7a4586e,True,,,,,,,,,,1.0,1.0,1.0,1.0,1.0,1.0,1.0,1.0,1.0,1.0
724,70f0bbf667ad7bd9e,True,,,,,,,,,,1.0,1.0,1.0,1.0,1.0,1.0,0.0,1.0,1.0,0.875
725,09eb15786b4c45a6b,True,,,,,,,,,,1.0,0.0,1.0,1.0,0.8139716958755472,1.0,1.0,1.0,0.0,0.0
726,014c92e4c2718adf8,True,,,,,,,,,,1.0,1.0,1.0,1.0,0.8531913640004596,1.0,1.0,1.0,1.0,0.9541223012501436
727,3e951c01a5baffd96,True,,,,,,,,,,1.0,1.0,1.0,1.0,1.0,1.0,0.0,1.0,1.0,0.875
728,a13664addc273bf0a,True,,,,,,,,,,1.0,1.0,1.0,1.0,0.2807637648045217,1.0,0.0,1.0,0.0,0.525238676501413
729,429111d26e72d90ae,True,,,,,,,,,,1.0,1.0,1.0,1.0,1.0,1.0,1.0,1.0,0.0,0.875
730,d32b81cb4448f19f1,True,,,,,,,,,,1.0,1.0,1.0,1.0,0.4501679372208291,1.0,0.0,1.0,1.0,0.7031774803815092
731,f74297ce90b621563,True,,,,,,,,,,1.0,0.0,1.0,1.0,0.522485375346636,1.0,1.0,1.0,0.0,0.0
732,014d40ca62123c161,True,,,,,,,,,,1.0,0.0,1.0,1.0,1.0,1.0,1.0,1.0,1.0,0.0
733,bb3d79c6ae2460067,True,,,,,,,,,,1.0,1.0,1.0,1.0,0.4567360722056922,1.0,1.0,1.0,0.0,0.7052300225642788
734,9edf6075f6a55d2a5,True,,,,,,,,,,1.0,1.0,1.0,1.0,0.3596234252956199,1.0,0.0,1.0,0.0,0.5498823204048813
735,aaa2921db2669810d,True,,,,,,,,,,1.0,1.0,1.0,1.0,0.7687178477798094,1.0,1.0,1.0,1.0,0.9277243274311904
736,4c86c87d1f278b79a,True,,,,,,,,,,1.0,1.0,1.0,1.0,0.5354487768139301,1.0,1.0,1.0,0.0,0.7298277427543531
737,eb1f907b28806d98c,True,,,,,,,,,,1.0,1.0,1.0,1.0,0.722723472927614,1.0,1.0,1.0,1.0,0.9133510852898794
738,e5c6c91f1d3892636,True,,,,,,,,,,1.0,1.0,1.0,1.0,0.7310889461255212,1.0,1.0,1.0,0.0,0.7909652956642254
739,f047a65c1ef695e27,True,,,,,,,,,,1.0,1.0,1.0,1.0,1.0,1.0,0.0,1.0,0.0,0.75
740,b9cbb58cb1e1b0dee,True,,,,,,,,,,1.0,1.0,1.0,1.0,0.4066708747192161,1.0,1.0,1.0,1.0,0.8145846483497551
741,2b1cf649494f9cd62,True,,,,,,,,,,1.0,1.0,0.0,1.0,1.0,1.0,0.0,1.0,0.0,0.0
742,fa4895c5592886086,True,,,,,,,,,,1.0,1.0,1.0,1.0,0.7892846727196704,1.0,1.0,1.0,0.0,0.809151460224897
743,506ef1fd93816539d,True,,,,,,,,,,1.0,1.0,1.0,1.0,1.0,1.0,1.0,1.0,1.0,1.0
744,c9ec6104d455f3e47,True,,,,,,,,,,0.0,0.0,1.0,1.0,1.0,0.0,0.0,1.0,0.0,0.0
745,4855fc07a04961bfd,True,,,,,,,,,,0.0,1.0,1.0,0.0,1.0,0.0,0.0,1.0,0.0,0.0
746,d4bddc4246b475541,True,,,,,,,,,,1.0,1.0,1.0,1.0,0.6031230006582146,1.0,0.0,1.0,0.0,0.625975937705692
747,a686334790117f882,True,,,,,,,,,,1.0,1.0,1.0,1.0,1.0,1.0,1.0,1.0,1.0,1.0
748,71c904391b4dd4412,True,,,,,,,,,,1.0,1.0,1.0,1.0,0.6336495899505286,1.0,1.0,1.0,1.0,0.8855154968595402
749,f74e8cda8ff469419,True,,,,,,,,,,1.0,1.0,1.0,1.0,1.0,1.0,0.0,1.0,0.0,0.75
750,2fcce49ea42967480,True,,,,,,,,,,1.0,1.0,1.0,1.0,0.5143335674042869,1.0,1.0,1.0,0.0,0.7232292398138397
751,7acbde1d7760e6ca2,True,,,,,,,,,,1.0,1.0,1.0,1.0,0.978893319914363,1.0,0.0,1.0,1.0,0.8684041624732384
752,72637a23d58025fde,True,,,,,,,,,,0.0,1.0,1.0,1.0,0.2536932264103155,0.0,0.0,0.0,0.0,0.0
753,033858312a3f04e99,True,,,,,,,,,,0.0,1.0,0.0,1.0,1.0,0.0,0.0,1.0,0.0,0.0
754,07f017abc801c8b9e,True,,,,,,,,,,1.0,0.0,1.0,1.0,1.0,1.0,0.0,1.0,1.0,0.0
755,aa2fc37ba0a88cfd3,True,,,,,,,,,,1.0,1.0,1.0,1.0,0.2567540080726515,1.0,1.0,1.0,1.0,0.7677356275227036
756,f5751be1c6f840216,True,,,,,,,,,,1.0,0.0,0.0,1.0,1.0,1.0,0.0,1.0,0.0,0.0
757,5defaad214f3a99c9,True,,,,,,,,,,1.0,1.0,1.0,1.0,0.547277536177221,1.0,0.0,1.0,0.0,0.6085242300553816
758,ba9155b84dc322eac,True,,,,,,,,,,1.0,1.0,1.0,1.0,0.5740286565331327,1.0,0.0,1.0,1.0,0.741883955166604
759,11e5a12ad80226150,True,,,,,,,,,,1.0,1.0,1.0,1.0,0.6327377904713991,1.0,0.0,1.0,0.0,0.6352305595223122
760,f65b972c0bb906291,True,,,,,,,,,,1.0,1.0,1.0,1.0,0.5838503692031023,1.0,1.0,1.0,0.0,0.7449532403759694
761,c481b1ded8232fa61,True,,,,,,,,,,1.0,1.0,1.0,1.0,0.1739935860029395,1.0,1.0,1.0,1.0,0.7418729956259187
762,731d0bae35b763cde,True,,,,,,,,,,1.0,0.0,1.0,1.0,0.1417779119254218,1.0,0.0,1.0,0.0,0.0
763,bc6888f8da8ee3d48,True,,,,,,,,,,1.0,1.0,1.0,1.0,0.5129848761316383,1.0,0.0,1.0,1.0,0.7228077737911369
764,29e06b2285a52c6d0,True,,,,,,,,,,1.0,1.0,0.5,1.0,1.0,0.0,0.0,1.0,0.0,0.21875
765,ef019ffb0a16f5e9f,True,,,,,,,,,,1.0,1.0,1.0,1.0,0.746885254679075,1.0,1.0,1.0,1.0,0.9209016420872108
766,9346180ef7437e555,True,,,,,,,,,,1.0,1.0,1.0,1.0,0.7970464660593095,1.0,0.0,1.0,1.0,0.8115770206435342
767,bae5ac57314f7412b,True,,,,,,,,,,1.0,1.0,1.0,1.0,1.0,1.0,0.0,1.0,0.0,0.75
768,61ea80d6d5820ce2a,True,,,,,,,,,,1.0,1.0,1.0,1.0,1.0,1.0,0.0,1.0,0.0,0.75
769,e14d602917d1d211f,True,,,,,,,,,,1.0,1.0,1.0,1.0,0.8088836076984515,1.0,0.0,1.0,1.0,0.815276127405766
770,5c24c6bed91b159e3,True,,,,,,,,,,1.0,1.0,1.0,1.0,1.0,1.0,0.0,1.0,1.0,0.875
771,f95cca8cfa91db038,True,,,,,,,,,,0.0,1.0,1.0,1.0,1.0,0.0,1.0,1.0,0.0,0.0
772,610fbfffa032daacc,True,,,,,,,,,,1.0,0.0,1.0,1.0,1.0,1.0,0.0,0.0,0.0,0.0
773,fe36ce4fe80f5c45b,True,,,,,,,,,,1.0,1.0,1.0,1.0,0.4926409036334623,1.0,1.0,1.0,1.0,0.8414502823854569
774,286d0110f79f8450c,True,,,,,,,,,,1.0,1.0,1.0,1.0,0.7547049102139725,1.0,0.0,1.0,1.0,0.7983452844418664
775,cc4c628ad79f6395d,True,,,,,,,,,,1.0,1.0,1.0,1.0,0.5187495101128528,1.0,0.0,1.0,1.0,0.7246092219102664
776,9557f26df1e4356d7,True,,,,,,,,,,1.0,1.0,0.0,1.0,1.0,1.0,0.0,1.0,1.0,0.0
777,1bb0ace72a38d2201,True,,,,,,,,,,1.0,1.0,1.0,1.0,0.1103497890489631,1.0,1.0,1.0,1.0,0.721984309077801
778,3b57dcdd08ad03a39,True,,,,,,,,,,1.0,1.0,1.0,1.0,0.5424666406912205,1.0,1.0,1.0,0.0,0.7320208252160064
779,aae1be1d1482069d0,True,,,,,,,,,,1.0,1.0,1.0,1.0,1.0,0.0,1.0,1.0,0.0,0.5625
780,bab672bfc41847afb,True,,,,,,,,,,1.0,1.0,1.0,1.0,0.5398322074895564,1.0,1.0,1.0,1.0,0.8561975648404864
781,9157e54640172d150,True,,,,,,,,,,1.0,1.0,1.0,1.0,1.0,1.0,1.0,1.0,0.0,0.875
782,6abfaa7acf5d00640,True,,,,,,,,,,1.0,1.0,1.0,1.0,0.8351989649497275,1.0,1.0,1.0,1.0,0.94849967654679
783,c77d4472e1ca73bd3,True,,,,,,,,,,1.0,1.0,1.0,0.0,1.0,1.0,0.0,1.0,0.0,0.0
784,1c53209f745ee0b66,True,,,,,,,,,,1.0,1.0,1.0,1.0,0.9067264197350364,1.0,1.0,1.0,1.0,0.9708520061671988
785,764328b4ef560f8d6,True,,,,,,,,,,1.0,1.0,1.0,1.0,1.0,1.0,1.0,1.0,1.0,1.0
786,eac3cd256c959f2bc,True,,,,,,,,,,1.0,1.0,1.0,1.0,0.2781351231649889,1.0,1.0,1.0,1.0,0.774417225989059
787,92eaa01aaa1cb995e,True,,,,,,,,,,1.0,1.0,1.0,1.0,0.7378998357934713,1.0,1.0,1.0,0.0,0.7930936986854598
788,20c10d1762c2f560d,True,,,,,,,,,,1.0,0.0,1.0,1.0,1.0,1.0,0.0,1.0,0.0,0.0
789,be1d5bdbfc0e6edc2,True,,,,,,,,,,1.0,1.0,1.0,1.0,0.7697794658852798,1.0,1.0,1.0,1.0,0.92805608308915
790,e2ea1000f4e2d0904,True,,,,,,,,,,1.0,1.0,1.0,1.0,0.4822089841378448,1.0,1.0,1.0,1.0,0.8381903075430766
791,b1c69e18979797988,True,,,,,,,,,,1.0,1.0,1.0,1.0,0.8413287341143462,1.0,0.0,1.0,1.0,0.8254152294107332
792,bf77adfc09f7cebc5,True,,,,,,,,,,1.0,1.0,1.0,1.0,0.8171153969035185,1.0,1.0,1.0,0.0,0.8178485615323495
793,17de904ac4c504886,True,,,,,,,,,,1.0,1.0,1.0,1.0,0.1317132759096744,1.0,1.0,1.0,1.0,0.7286603987217732
794,39ebfd58dcc9b5aea,True,,,,,,,,,,0.0,0.0,1.0,1.0,1.0,0.0,0.0,0.0,0.0,0.0
795,0165cb0adcfce3796,True,,,,,,,,,,1.0,0.0,1.0,1.0,0.6597498803584619,1.0,1.0,1.0,1.0,0.0
796,b58b6d88823cf8754,True,,,,,,,,,,0.0,1.0,1.0,1.0,1.0,0.0,0.0,1.0,1.0,0.0
797,299c68e344d04e536,True,,,,,,,,,,1.0,1.0,1.0,1.0,0.6088865152928024,1.0,0.0,1.0,1.0,0.7527770360290007
798,024776041efb70cd4,True,,,,,,,,,,1.0,1.0,1.0,1.0,0.7930953772349773,1.0,0.0,1.0,1.0,0.8103423053859304
799,1bd8d67289c963a19,True,,,,,,,,,,1.0,1.0,1.0,1.0,0.9657090573509624,1.0,0.0,1.0,0.0,0.7392840804221757
800,fc6b7a66f2b28cca4,True,,,,,,,,,,0.0,1.0,1.0,1.0,1.0,0.0,0.0,1.0,0.0,0.0
801,7ce8dbee04817c7de,True,,,,,,,,,,1.0,1.0,1.0,1.0,0.5865306426887388,1.0,0.0,1.0,1.0,0.7457908258402308
802,ebc1dc2ec0e635ae3,True,,,,,,,,,,1.0,0.0,1.0,1.0,0.8791362179667931,1.0,1.0,1.0,0.0,0.0
803,38a3f728f0878e6c6,True,,,,,,,,,,0.0,1.0,1.0,0.0,1.0,0.0,0.0,0.0,0.0,0.0
804,15cd04f7d172178fc,True,,,,,,,,,,1.0,1.0,1.0,1.0,0.228291652094597,1.0,1.0,1.0,1.0,0.7588411412795616
805,7feb07f9028c8bf62,True,,,,,,,,,,0.0,1.0,1.0,1.0,1.0,0.0,1.0,1.0,1.0,0.0
806,d3738c5a4d7530837,True,,,,,,,,,,1.0,0.0,1.0,1.0,0.2242605147707116,1.0,0.0,1.0,0.0,0.0
807,4dcc314181f8e6c97,True,,,,,,,,,,1.0,1.0,1.0,1.0,0.6091905414041425,1.0,1.0,1.0,0.0,0.7528720441887946
808,6d9ac6e09b2090952,True,,,,,,,,,,1.0,1.0,1.0,1.0,1.0,1.0,1.0,1.0,1.0,1.0
809,2629f98f6e294c4f4,True,,,,,,,,,,1.0,1.0,1.0,1.0,0.4713587442470487,1.0,1.0,1.0,1.0,0.8347996075772027
810,a387296016f95192a,True,,,,,,,,,,1.0,1.0,1.0,1.0,0.8647267019873245,1.0,1.0,1.0,1.0,0.957727094371039
811,da02d1fbeb2cec70a,True,,,,,,,,,,1.0,1.0,0.0,1.0,1.0,0.0,1.0,1.0,0.0,0.0
812,ee30df8e553e929cb,True,,,,,,,,,,1.0,1.0,1.0,1.0,1.0,1.0,1.0,1.0,0.0,0.875
813,36f3fac010047f5a8,True,,,,,,,,,,1.0,0.0,1.0,1.0,1.0,1.0,1.0,1.0,1.0,0.0
814,cb1939bb101889c17,True,,,,,,,,,,0.0,1.0,1.0,1.0,1.0,0.0,0.0,1.0,0.0,0.0
815,bc14063bcfe64e058,True,,,,,,,,,,1.0,1.0,1.0,1.0,1.0,1.0,1.0,1.0,0.0,0.875
816,9b0fa1196afa1a71b,True,,,,,,,,,,1.0,0.0,1.0,1.0,0.7197157907055395,1.0,1.0,1.0,0.0,0.0
817,5e9774a9c27631bee,True,,,,,,,,,,1.0,0.0,1.0,1.0,0.5555769187136297,1.0,1.0,1.0,0.0,0.0
818,188fef8a871d3bb74,True,,,,,,,,,,0.0,1.0,1.0,1.0,1.0,0.0,1.0,0.0,0.0,0.0
819,4ac35e2587f31ee76,True,,,,,,,,,,1.0,1.0,1.0,1.0,0.7341181383919055,1.0,1.0,1.0,1.0,0.9169119182474704
820,dc7426c833a3749d6,True,,,,,,,,,,1.0,0.0,1.0,1.0,0.3835316155020786,1.0,1.0,1.0,1.0,0.0
821,b8f175630a8fe6f7c,True,,,,,,,,,,1.0,1.0,1.0,1.0,0.3945053831495114,1.0,0.0,1.0,0.0,0.5607829322342224
822,61fd1e677d1c01a32,True,,,,,,,,,,1.0,1.0,0.0,1.0,1.0,0.0,0.0,0.0,0.0,0.0
823,1be8c9376ad3e1e99,True,,,,,,,,,,1.0,1.0,1.0,1.0,0.8658176186437532,1.0,1.0,1.0,0.0,0.8330680058261728
824,342254f2ea2e57645,True,,,,,,,,,,1.0,1.0,1.0,1.0,0.7944679882135544,1.0,0.0,1.0,1.0,0.8107712463167358
825,752a0e5be19b82b59,True,,,,,,,,,,0.0,1.0,1.0,1.0,1.0,0.0,0.0,1.0,0.0,0.0
826,c9e57d49438cf3843,True,,,,,,,,,,1.0,1.0,1.0,1.0,0.5995906293307928,1.0,1.0,1.0,0.0,0.7498720716658728
827,699fb67837db96cea,True,,,,,,,,,,1.0,1.0,1.0,1.0,0.8984285550327267,1.0,0.0,1.0,0.0,0.718258923447727
828,370e1eb0a4295a2bc,True,,,,,,,,,,1.0,1.0,0.0,1.0,1.0,1.0,0.0,0.0,0.0,0.0
829,1d631538778b4fffe,True,,,,,,,,,,1.0,1.0,1.0,1.0,0.5811759150778544,1.0,1.0,1.0,0.0,0.7441174734618294
830,9852fe25aea4c5db3,True,,,,,,,,,,1.0,1.0,1.0,1.0,0.7717085718391211,1.0,0.0,1.0,0.0,0.6786589286997253
831,52beeecb68d3427e9,True,,,,,,,,,,1.0,1.0,1.0,1.0,0.6528380504827882,1.0,1.0,1.0,0.0,0.7665118907758713
832,8540d07d75bf477e8,True,,,,,,,,,,1.0,1.0,1.0,1.0,0.6959769522686284,0.0,1.0,1.0,0.0,0.4674927975839463
833,312967b0fb74d9524,True,,,,,,,,,,1.0,1.0,1.0,1.0,0.7097922083357179,1.0,1.0,1.0,0.0,0.7843100651049119
834,69fb879cbb73f071a,True,,,,,,,,,,1.0,1.0,1.0,1.0,0.3317093753648451,1.0,1.0,1.0,1.0,0.7911591798015141
835,dfe73ad8f70781d46,True,,,,,,,,,,1.0,1.0,1.0,1.0,0.7758372440556784,1.0,0.0,1.0,0.0,0.6799491387673995
836,1c913239e8b6739a5,True,,,,,,,,,,1.0,1.0,1.0,1.0,0.1666632409477796,1.0,1.0,1.0,0.0,0.6145822627961811
837,13d3b12e20ec70ec5,True,,,,,,,,,,1.0,1.0,1.0,1.0,0.7847513776266861,1.0,1.0,1.0,0.0,0.8077348055083394
838,49dbbe879efac0da9,True,,,,,,,,,,1.0,1.0,0.0,1.0,1.0,1.0,0.0,1.0,1.0,0.0
839,d9b6f0d1e16d88b7e,True,,,,,,,,,,1.0,1.0,1.0,1.0,0.3335393334541729,1.0,1.0,1.0,0.0,0.666731041704429
840,8d6032130dcaff306,True,,,,,,,,,,1.0,1.0,0.5,1.0,1.0,1.0,0.0,0.0,0.0,0.3125
841,37e2413062044f037,True,,,,,,,,,,1.0,1.0,1.0,1.0,0.7690640245061572,1.0,0.0,1.0,1.0,0.8028325076581742
842,a779cf32b55be3c41,True,,,,,,,,,,1.0,1.0,1.0,1.0,1.0,1.0,1.0,1.0,0.0,0.875
843,dbfff1a4f70af53a6,True,,,,,,,,,,1.0,1.0,1.0,1.0,1.0,1.0,0.0,1.0,0.0,0.75
844,ec788232fc7f2cf7e,True,,,,,,,,,,1.0,1.0,1.0,1.0,0.4677030864997418,1.0,1.0,1.0,1.0,0.8336572145311694
845,9b67c7e02ccf82bac,True,,,,,,,,,,1.0,1.0,1.0,1.0,1.0,1.0,0.0,1.0,1.0,0.875
846,6c5bcf6f99698fac4,True,,,,,,,,,,1.0,1.0,1.0,1.0,0.1308191283863623,1.0,1.0,1.0,0.0,0.6033809776207382
847,294074b42621095d5,True,,,,,,,,,,1.0,1.0,1.0,1.0,0.8998660213661942,1.0,0.0,1.0,1.0,0.8437081316769357
848,f732598080ee7f0cf,True,,,,,,,,,,1.0,1.0,1.0,1.0,0.2142896078384293,1.0,1.0,1.0,1.0,0.7544655024495092
849,ceb646b2fba95ebf9,True,,,,,,,,,,1.0,1.0,1.0,1.0,0.721157716985104,1.0,0.0,1.0,0.0,0.662861786557845
850,3b32da65a709f23d8,True,,,,,,,,,,1.0,1.0,1.0,1.0,0.6171368542928087,1.0,0.0,1.0,1.0,0.7553552669665027
851,c7f9e3c05b67e2257,True,,,,,,,,,,1.0,1.0,1.0,1.0,0.7433240024624198,1.0,0.0,1.0,1.0,0.7947887507695062
852,eafa5db95b382255d,True,,,,,,,,,,1.0,1.0,1.0,1.0,1.0,1.0,0.0,1.0,1.0,0.875
853,a87447007dd75f539,True,,,,,,,,,,1.0,1.0,1.0,1.0,0.2675912935266157,1.0,1.0,1.0,1.0,0.7711222792270674
854,6eed4a0dccbd058f7,True,,,,,,,,,,1.0,0.0,1.0,1.0,0.5209555942385337,1.0,0.0,1.0,1.0,0.0
855,29b4bcae1bc32da3c,True,,,,,,,,,,1.0,1.0,1.0,1.0,0.1236652683783005,1.0,1.0,1.0,0.0,0.601145396368219
856,85c1d52fe9fa2e443,True,,,,,,,,,,1.0,1.0,1.0,1.0,0.6712669197511075,1.0,1.0,1.0,0.0,0.7722709124222211
857,fff510b0ac67a1e0a,True,,,,,,,,,,1.0,1.0,1.0,1.0,0.6120853428307725,1.0,0.0,1.0,0.0,0.6287766696346164
858,b4fddb3dce784392e,True,,,,,,,,,,0.0,1.0,1.0,1.0,1.0,0.0,0.0,1.0,0.0,0.0
859,03ba5f567d1b3dc30,True,,,,,,,,,,1.0,1.0,1.0,1.0,0.5855232926209131,1.0,1.0,1.0,1.0,0.8704760289440353
860,fa8f611f3da2dce93,True,,,,,,,,,,1.0,1.0,1.0,1.0,0.5367078587140149,1.0,1.0,1.0,0.0,0.7302212058481297
861,67c191e1da4b23c8a,True,,,,,,,,,,1.0,1.0,1.0,1.0,0.9003515707857291,1.0,0.0,1.0,0.0,0.7188598658705403
862,ff77cf6e6c1e73c86,True,,,,,,,,,,1.0,1.0,1.0,1.0,0.6979108095915316,1.0,0.0,1.0,1.0,0.7805971279973536
863,ef271f3dd1d4e77d9,True,,,,,,,,,,1.0,1.0,1.0,1.0,0.3388156999557121,1.0,0.0,1.0,0.0,0.5433799062361601
864,ab0ba6120248926e3,True,,,,,,,,,,1.0,0.0,1.0,1.0,1.0,1.0,0.0,1.0,0.0,0.0
865,20e09bbb0401bd1be,True,,,,,,,,,,1.0,1.0,1.0,1.0,0.7809802550833208,1.0,0.0,1.0,0.0,0.6815563297135377
866,d78f1814c06d766b1,True,,,,,,,,,,1.0,1.0,1.0,1.0,1.0,1.0,1.0,1.0,0.0,0.875
867,b6963168b66273c97,True,,,,,,,,,,1.0,1.0,1.0,1.0,0.7884253761789084,1.0,1.0,1.0,1.0,0.9338829300559088
868,b73265f459fb49f24,True,,,,,,,,,,1.0,1.0,1.0,1.0,0.8642160525955219,1.0,1.0,1.0,1.0,0.9575675164361006
869,8051fe3f500d43528,True,,,,,,,,,,1.0,1.0,1.0,1.0,0.83000393529129,1.0,1.0,1.0,1.0,0.946876229778528
870,36ae44a98b7378f57,True,,,,,,,,,,1.0,1.0,1.0,1.0,0.4459672703073838,1.0,1.0,1.0,1.0,0.8268647719710575
871,606571205dbf05df5,True,,,,,,,,,,1.0,1.0,1.0,1.0,0.5006108376421646,1.0,0.0,1.0,1.0,0.7189408867631765
872,a16a2970a55b1cf7f,True,,,,,,,,,,1.0,1.0,1.0,1.0,0.6935618691077865,1.0,0.0,1.0,0.0,0.6542380840961832
873,86ec67f271b64b199,True,,,,,,,,,,1.0,1.0,0.0,1.0,0.7211365014817838,1.0,0.0,1.0,0.0,0.0
874,1307b26ce3d38f704,True,,,,,,,,,,1.0,0.0,1.0,1.0,0.982147808181702,1.0,0.0,1.0,1.0,0.0
875,0286ad2f0fec1df3b,True,,,,,,,,,,1.0,1.0,1.0,1.0,0.35309555143006,1.0,0.0,0.0,1.0,0.5478423598218938
876,f3d789e129d07af8b,True,,,,,,,,,,1.0,1.0,1.0,1.0,0.8598286704619954,1.0,1.0,1.0,0.0,0.8311964595193735
877,d18a444ba754870e9,True,,,,,,,,,,1.0,0.0,0.0,1.0,1.0,1.0,0.0,1.0,0.0,0.0
878,1549d79fb52ee0d4d,True,,,,,,,,,,1.0,1.0,1.0,1.0,0.8585334811961565,1.0,1.0,1.0,0.0,0.8307917128737989
879,df49c73fde01293e8,True,,,,,,,,,,0.0,1.0,1.0,1.0,0.7016611821327203,1.0,1.0,1.0,1.0,0.0
880,a75b9fbb36886afaf,True,,,,,,,,,,1.0,1.0,0.0,1.0,1.0,1.0,0.0,1.0,0.0,0.0
881,77fcdd159de9fa48f,True,,,,,,,,,,1.0,1.0,1.0,1.0,0.7128949530970521,1.0,1.0,1.0,0.0,0.7852796728428288
882,14a8b09c096718d35,True,,,,,,,,,,1.0,1.0,1.0,1.0,0.2707820785074788,1.0,0.0,1.0,1.0,0.6471193995335871
883,5906874d0d863e9c0,True,,,,,,,,,,1.0,1.0,1.0,1.0,0.9145617792798484,1.0,1.0,1.0,0.0,0.8483005560249526
884,73277da7106839e94,True,,,,,,,,,,1.0,1.0,1.0,1.0,1.0,0.0,1.0,1.0,0.0,0.5625
885,bec8d578f7182bbcd,True,,,,,,,,,,1.0,1.0,1.0,1.0,1.0,1.0,0.0,1.0,1.0,0.875
886,2b1010d61e3c4e8ec,True,,,,,,,,,,1.0,1.0,1.0,1.0,0.7639082137469145,1.0,0.0,1.0,0.0,0.6762213167959108
887,fdef069dff8b15c66,True,,,,,,,,,,1.0,1.0,1.0,1.0,1.0,1.0,1.0,1.0,1.0,1.0
888,5bd97408b667dca22,True,,,,,,,,,,1.0,1.0,1.0,1.0,0.9478041193482888,1.0,0.0,1.0,0.0,0.7336887872963402
889,e691defa66927f173,True,,,,,,,,,,1.0,1.0,1.0,1.0,0.557578821203567,1.0,0.0,1.0,1.0,0.7367433816261146
890,3b8808368bea4771a,True,,,,,,,,,,1.0,1.0,1.0,1.0,0.6344137275045613,1.0,1.0,1.0,0.0,0.7607542898451753
891,4cf1e96869318f4da,True,,,,,,,,,,1.0,0.0,1.0,1.0,1.0,1.0,1.0,1.0,0.0,0.0
892,531b93949ba10107b,True,,,,,,,,,,1.0,1.0,1.0,1.0,0.4402175793576301,1.0,1.0,1.0,0.0,0.7000679935492594
893,beee26fb5719cdfcb,True,,,,,,,,,,1.0,1.0,1.0,0.0,1.0,1.0,1.0,1.0,0.0,0.0
894,d784680050236fe52,True,,,,,,,,,,1.0,1.0,1.0,1.0,0.6275615836132408,1.0,0.0,1.0,1.0,0.7586129948791378
895,073a5d3c4224d9aa8,True,,,,,,,,,,0.0,1.0,1.0,1.0,1.0,0.0,0.0,1.0,0.0,0.0
896,0fa05fe58f28e1239,True,,,,,,,,,,1.0,1.0,1.0,1.0,0.6718972593825319,1.0,1.0,1.0,1.0,0.8974678935570413
897,25e23d201bebf3f7f,True,,,,,,,,,,1.0,1.0,1.0,1.0,0.2014805149254611,1.0,0.0,0.0,0.0,0.3754626609142066
898,c783da5c9c8124365,True,,,,,,,,,,1.0,1.0,0.0,1.0,1.0,1.0,0.0,1.0,1.0,0.0
899,a0dee764f3cd352e8,True,,,,,,,,,,1.0,1.0,1.0,1.0,0.9147091166376936,1.0,1.0,1.0,1.0,0.9733465989492792
900,93f8da10fb7af1122,True,,,,,,,,,,1.0,0.0,1.0,1.0,1.0,1.0,0.0,1.0,0.0,0.0
901,5bf5914f66c7794ef,True,,,,,,,,,,1.0,0.0,1.0,1.0,0.1748645559060785,1.0,0.0,0.0,0.0,0.0
902,dae98f820d40b2d3d,True,,,,,,,,,,1.0,1.0,1.0,1.0,0.7458474177933042,1.0,0.0,1.0,1.0,0.7955773180604075
903,666a09df2cf7b4568,True,,,,,,,,,,1.0,1.0,0.0,1.0,0.8407196575406642,1.0,0.0,1.0,0.0,0.0
904,71f3d5ae763258af7,True,,,,,,,,,,1.0,0.0,1.0,1.0,0.5086097036133279,1.0,0.0,1.0,0.0,0.0
905,fc8281af0699f4976,True,,,,,,,,,,1.0,1.0,1.0,1.0,0.5175210766829049,1.0,0.0,1.0,0.0,0.5992253364634078
906,35f03ec2d26d4c3df,True,,,,,,,,,,1.0,0.0,1.0,1.0,1.0,1.0,0.0,0.0,0.0,0.0
907,00fa9133315b462d3,True,,,,,,,,,,1.0,1.0,1.0,1.0,0.2246103471129386,1.0,1.0,1.0,0.0,0.6326907334727934
908,0f9705c901c463e2c,True,,,,,,,,,,1.0,1.0,1.0,1.0,0.6843621033934767,1.0,1.0,1.0,1.0,0.9013631573104616
909,44a5937b14cec415b,True,,,,,,,,,,1.0,1.0,1.0,1.0,0.6223553951152543,1.0,0.0,1.0,0.0,0.631986060973517
910,2796e0e0b71483121,True,,,,,,,,,,0.0,1.0,1.0,1.0,1.0,0.0,1.0,1.0,1.0,0.0
911,27e6f42dd9776a1d4,True,,,,,,,,,,1.0,1.0,1.0,1.0,0.8209753203892604,1.0,0.0,1.0,1.0,0.8190547876216439
912,2c126d0b4fc4f59f6,True,,,,,,,,,,1.0,1.0,1.0,1.0,0.9904654841019852,1.0,1.0,1.0,0.0,0.8720204637818704
913,230446b36041db9de,True,,,,,,,,,,0.0,1.0,1.0,1.0,0.8801192965777447,0.0,0.0,1.0,1.0,0.0
914,8f6e1b2f271bab9a1,True,,,,,,,,,,1.0,1.0,1.0,1.0,0.0,1.0,0.0,1.0,0.0,0.4375
915,cbef70f53373bf6bb,True,,,,,,,,,,1.0,1.0,1.0,1.0,1.0,1.0,0.0,1.0,0.0,0.75
916,0e3016e58756dedce,True,,,,,,,,,,1.0,0.0,0.0,1.0,1.0,1.0,0.0,1.0,0.0,0.0
917,e42fb75cf07b74514,True,,,,,,,,,,1.0,1.0,1.0,1.0,0.5923674017912306,1.0,1.0,1.0,1.0,0.8726148130597595
918,f6a13add7d93584e0,True,,,,,,,,,,1.0,1.0,1.0,1.0,0.4885300202116111,1.0,0.0,1.0,0.0,0.5901656313161285
919,87b0f0681dc28e308,True,,,,,,,,,,1.0,1.0,1.0,1.0,0.7585960833910445,1.0,1.0,1.0,0.0,0.7995612760597014
920,1f91f3523e536e074,True,,,,,,,,,,1.0,1.0,1.0,1.0,0.8624038984965947,1.0,0.0,1.0,1.0,0.8320012182801859
921,f93686a7de229c648,True,,,,,,,,,,1.0,1.0,1.0,1.0,0.8822117740063952,1.0,0.0,1.0,1.0,0.8381911793769985
922,7382576570c02547b,True,,,,,,,,,,1.0,1.0,0.5,1.0,0.5941448060065049,1.0,0.0,1.0,1.0,0.3740851259385164
923,c1d111042e2830ff9,True,,,,,,,,,,1.0,1.0,1.0,1.0,0.2987661416604559,1.0,1.0,1.0,0.0,0.6558644192688925
924,d118da84ab5c39b69,True,,,,,,,,,,1.0,1.0,1.0,1.0,0.7526272461832915,1.0,0.0,1.0,1.0,0.7976960144322786
925,0a7f7df8603204c57,True,,,,,,,,,,1.0,1.0,1.0,1.0,0.9347168446918952,1.0,1.0,1.0,1.0,0.9795990139662172
926,d3fd9caab2859cfd1,True,,,,,,,,,,1.0,1.0,0.0,1.0,1.0,1.0,0.0,1.0,1.0,0.0
927,a8b2c2c9a9c84c4f5,True,,,,,,,,,,1.0,1.0,1.0,1.0,0.3873496686833613,1.0,1.0,1.0,0.0,0.6835467714635504
928,a9c58159eca823219,True,,,,,,,,,,1.0,1.0,1.0,1.0,1.0,1.0,1.0,1.0,1.0,1.0
929,d0df486d88c5b89d4,True,,,,,,,,,,1.0,1.0,1.0,1.0,0.6316711059520043,1.0,1.0,1.0,1.0,0.8848972206100013
930,18dbdfb5b9fe301f4,True,,,,,,,,,,1.0,1.0,1.0,1.0,1.0,1.0,1.0,1.0,0.0,0.875
931,82fb1914f91a82579,True,,,,,,,,,,1.0,1.0,1.0,1.0,0.2383202615509279,1.0,1.0,0.0,0.0,0.511975081734665
932,2a3e8710c22275361,True,,,,,,,,,,1.0,1.0,1.0,1.0,0.4701176828334265,1.0,0.0,1.0,0.0,0.5844117758854458
933,a1a35da673b8752f6,True,,,,,,,,,,1.0,1.0,1.0,1.0,0.3158414767337014,1.0,1.0,1.0,1.0,0.7862004614792817
934,d34d8e1f656046bdd,True,,,,,,,,,,1.0,1.0,1.0,1.0,0.4845686936663576,1.0,0.0,1.0,1.0,0.7139277167707367
935,155a384f7f1dbf66b,True,,,,,,,,,,1.0,1.0,1.0,1.0,0.3380202901899657,1.0,1.0,1.0,1.0,0.7931313406843643
936,7a86797ebcf888d4d,True,,,,,,,,,,1.0,1.0,1.0,1.0,0.427855608731263,1.0,1.0,1.0,1.0,0.8212048777285197
937,ff17ac7233820a90f,True,,,,,,,,,,1.0,1.0,1.0,1.0,1.0,1.0,0.0,1.0,1.0,0.875
938,939cad6fe88e1d488,True,,,,,,,,,,1.0,1.0,1.0,1.0,0.581551187389755,0.0,1.0,1.0,1.0,0.5567347460592984
939,81d22f948dc0fae75,True,,,,,,,,,,1.0,1.0,1.0,1.0,0.9526882461843996,1.0,1.0,1.0,1.0,0.9852150769326248
940,3b521ee82bdceb608,True,,,,,,,,,,1.0,1.0,1.0,1.0,1.0,1.0,1.0,1.0,1.0,1.0
941,5bc5b9c19039b3131,True,,,,,,,,,,1.0,1.0,1.0,1.0,0.6678547564152453,1.0,0.0,1.0,1.0,0.7712046113797641
942,99dc5d64b209fb23b,True,,,,,,,,,,1.0,1.0,1.0,1.0,0.5962749876769513,1.0,0.0,1.0,0.0,0.6238359336490473
943,bc9e1db1b41d9717b,True,,,,,,,,,,1.0,1.0,0.5,1.0,0.6970499016364441,1.0,1.0,1.0,1.0,0.4526640471306944
944,a368b8806368419d0,True,,,,,,,,,,1.0,0.0,1.0,1.0,0.9970922706109172,1.0,1.0,1.0,1.0,0.0
945,299f646dfb858774d,True,,,,,,,,,,1.0,1.0,1.0,1.0,1.0,1.0,1.0,1.0,0.0,0.875
946,430915b356a81da1d,True,,,,,,,,,,1.0,1.0,1.0,1.0,0.8882048366136246,1.0,1.0,1.0,0.0,0.8400640114417577
947,bb46fbd459543e9c1,True,,,,,,,,,,1.0,1.0,1.0,1.0,0.8059177511233759,1.0,1.0,1.0,0.0,0.814349297226055
948,4af67dc39e7984c17,True,,,,,,,,,,1.0,1.0,1.0,1.0,0.7289561162284045,1.0,1.0,1.0,0.0,0.7902987863213764
949,e1e6ccb3f67db2d88,True,,,,,,,,,,1.0,1.0,1.0,1.0,0.8995824112488716,1.0,0.0,1.0,0.0,0.7186195035152724
950,d9229c0f61c8ff48a,True,,,,,,,,,,1.0,1.0,1.0,1.0,0.3858877573730832,1.0,1.0,1.0,1.0,0.8080899241790885
951,c99c412737b15dcce,True,,,,,,,,,,0.0,1.0,1.0,1.0,1.0,0.0,0.0,0.0,0.0,0.0
952,ee835d04e79982ac7,True,,,,,,,,,,1.0,1.0,1.0,1.0,1.0,1.0,0.0,1.0,1.0,0.875
953,9adbf8a5bfedb36d2,True,,,,,,,,,,1.0,1.0,1.0,1.0,1.0,1.0,0.0,1.0,1.0,0.875
954,aecd96a93af75adeb,True,,,,,,,,,,1.0,1.0,1.0,1.0,0.8837430252782332,1.0,1.0,1.0,0.0,0.8386696953994479
955,2d240158ae67d64dd,True,,,,,,,,,,1.0,1.0,1.0,1.0,0.4773447127501243,1.0,0.0,1.0,1.0,0.7116702227344138
956,31944303cafb772a3,True,,,,,,,,,,1.0,1.0,1.0,1.0,0.7929110467065692,1.0,1.0,1.0,0.0,0.8102847020958028
957,fd163457fdae33b78,True,,,,,,,,,,1.0,0.0,1.0,1.0,1.0,1.0,1.0,1.0,0.0,0.0
958,ccb5c099cfbfadf38,True,,,,,,,,,,1.0,0.0,1.0,1.0,1.0,1.0,1.0,1.0,0.0,0.0
959,5b32d8e1dbbbd670a,True,,,,,,,,,,1.0,1.0,0.0,1.0,1.0,1.0,0.0,1.0,1.0,0.0
960,2b500351ad1eb0fc8,True,,,,,,,,,,1.0,1.0,1.0,1.0,0.9660423491486544,1.0,1.0,1.0,1.0,0.9893882341089546
961,050eb5c5cd6081213,True,,,,,,,,,,1.0,1.0,1.0,1.0,0.4284515856984541,1.0,1.0,1.0,1.0,0.8213911205307669
962,fb84b929b3de63176,True,,,,,,,,,,1.0,1.0,1.0,1.0,0.4253860289591542,1.0,0.0,1.0,1.0,0.6954331340497357
963,0cb7cbb38d279ba88,True,,,,,,,,,,1.0,1.0,0.5,1.0,0.713599713462564,1.0,0.0,1.0,1.0,0.3927499552285256
964,6f23cf03f94e36b89,True,,,,,,,,,,1.0,1.0,1.0,1.0,0.7214090271195723,1.0,1.0,1.0,0.0,0.7879403209748663
965,c7c091e891a6bdac2,True,,,,,,,,,,1.0,1.0,1.0,1.0,0.8926952127910385,1.0,0.0,1.0,0.0,0.7164672539971995
966,81da68a500fb17473,True,,,,,,,,,,1.0,1.0,1.0,1.0,0.7456664879095438,1.0,0.0,1.0,1.0,0.7955207774717324
967,81d9160bc76331523,True,,,,,,,,,,1.0,1.0,1.0,1.0,0.9094064101953596,1.0,1.0,1.0,0.0,0.8466895031860499
968,172abde18b548feb2,True,,,,,,,,,,1.0,1.0,1.0,1.0,0.7216027919605392,1.0,0.0,1.0,0.0,0.6630008724876685
969,091f890b966563016,True,,,,,,,,,,1.0,0.0,1.0,1.0,0.5027409543645405,1.0,1.0,1.0,1.0,0.0
970,ea7e06440b39909f9,True,,,,,,,,,,1.0,1.0,1.0,1.0,0.8943417738707012,1.0,1.0,1.0,0.0,0.8419818043345941
971,9ed233c4d30f0d7d9,True,,,,,,,,,,1.0,1.0,1.0,1.0,0.9488193273908104,1.0,0.0,1.0,0.0,0.7340060398096282
972,2ddb8a77091ace2c6,True,,,,,,,,,,1.0,1.0,1.0,1.0,0.5768889401660379,1.0,1.0,1.0,0.0,0.7427777938018868
973,c40c7b11924becb1b,True,,,,,,,,,,0.0,1.0,1.0,1.0,1.0,0.0,1.0,1.0,1.0,0.0
974,2cc556c9db9fd5088,True,,,,,,,,,,0.0,1.0,1.0,1.0,1.0,0.0,1.0,1.0,0.0,0.0
975,344138bb06fa0b513,True,,,,,,,,,,1.0,0.0,1.0,1.0,1.0,1.0,1.0,1.0,1.0,0.0
976,3271d4013cb715ce0,True,,,,,,,,,,1.0,1.0,1.0,1.0,0.7406518814804641,1.0,0.0,1.0,0.0,0.668953712962645
977,8ff1eaec9e4ad790c,True,,,,,,,,,,1.0,1.0,1.0,1.0,1.0,1.0,1.0,1.0,0.0,0.875
978,73eec9539b3994724,True,,,,,,,,,,1.0,1.0,0.0,1.0,1.0,1.0,0.0,1.0,1.0,0.0
979,ddb023146aa3ea8a6,True,,,,,,,,,,1.0,0.0,1.0,1.0,0.8099124496013138,1.0,1.0,1.0,0.0,0.0
980,300e70e9d228631b4,True,,,,,,,,,,1.0,1.0,0.0,1.0,1.0,1.0,0.0,0.0,0.0,0.0
981,4d45bc29714d004dd,True,,,,,,,,,,1.0,0.0,0.0,1.0,1.0,1.0,1.0,1.0,0.0,0.0
982,950706a6956dc566f,True,,,,,,,,,,0.5,1.0,1.0,1.0,1.0,0.0,0.0,1.0,0.0,0.21875
983,bdb2442f6ebc40808,True,,,,,,,,,,1.0,1.0,0.0,1.0,1.0,1.0,0.0,1.0,0.0,0.0
984,b817b5a5887d3fa36,True,,,,,,,,,,1.0,1.0,1.0,1.0,0.4366438674578375,1.0,1.0,1.0,0.0,0.6989512085805742
985,9895d084a0042fff3,True,,,,,,,,,,1.0,1.0,1.0,1.0,0.6703331198203348,1.0,1.0,1.0,1.0,0.8969790999438546
986,6cb50088281513418,True,,,,,,,,,,1.0,1.0,1.0,1.0,0.5839393431096781,1.0,1.0,1.0,0.0,0.7449810447217744
987,9a2c6392ddbd1a611,True,,,,,,,,,,1.0,1.0,1.0,1.0,0.7795654967174162,1.0,1.0,1.0,1.0,0.9311142177241926
988,96f3c7fe0e97ef1f0,True,,,,,,,,,,1.0,1.0,1.0,1.0,0.7921655640314534,1.0,1.0,1.0,0.0,0.8100517387598292
989,1ab13d4826a06cc9f,True,,,,,,,,,,1.0,1.0,1.0,1.0,0.5624896925065666,1.0,1.0,1.0,1.0,0.8632780289083021
990,03edf6df45ef3dc2c,True,,,,,,,,,,1.0,1.0,1.0,1.0,1.0,1.0,0.0,1.0,0.0,0.75
991,83f19b2038c24367b,True,,,,,,,,,,1.0,1.0,1.0,0.0,1.0,1.0,1.0,1.0,1.0,0.0
992,5957a4b8c0696f222,True,,,,,,,,,,1.0,0.0,1.0,1.0,1.0,1.0,1.0,1.0,0.0,0.0
993,c4bb99fe9ff474e51,True,,,,,,,,,,1.0,1.0,1.0,1.0,0.671203729164055,1.0,1.0,1.0,1.0,0.8972511653637671
994,6b27e18868c49b898,True,,,,,,,,,,1.0,1.0,1.0,1.0,0.3402408303282725,1.0,1.0,1.0,1.0,0.7938252594775852
995,cd486e24ba631556c,True,,,,,,,,,,1.0,0.0,1.0,1.0,0.6818722384109609,1.0,0.0,1.0,1.0,0.0
996,2e49400543ea5674a,True,,,,,,,,,,1.0,1.0,0.0,1.0,1.0,1.0,0.0,1.0,0.0,0.0
997,ca9e9b5a18bc96373,True,,,,,,,,,,1.0,1.0,1.0,1.0,0.5652369047721405,1.0,0.0,1.0,1.0,0.7391365327412939
998,d7f69774de0c9938e,True,,,,,,,,,,1.0,1.0,1.0,1.0,0.685982917971474,1.0,1.0,1.0,1.0,0.9018696618660856
999,ca65ee7c58adc26d8,True,,,,,,,,,,1.0,1.0,1.0,1.0,1.0,1.0,0.0,1.0,1.0,0.875
1000,0c384c629c8faf4a0,True,,,,,,,,,,1.0,1.0,1.0,1.0,1.0,1.0,1.0,1.0,0.0,0.875
1001,701516f2dc4b0ec24,True,,,,,,,,,,1.0,1.0,1.0,1.0,0.4286411629548193,1.0,1.0,1.0,0.0,0.6964503634233811
1002,c3d63199e3d09c551,True,,,,,,,,,,1.0,1.0,1.0,1.0,0.7766523361206926,1.0,0.0,1.0,0.0,0.6802038550377164
1003,e2d605dbd1207f15f,True,,,,,,,,,,1.0,1.0,1.0,1.0,0.3950557677105596,1.0,0.0,1.0,0.0,0.5609549274095499
1004,942c13a25166d5723,True,,,,,,,,,,1.0,0.0,1.0,1.0,0.5305146625007754,1.0,1.0,1.0,0.0,0.0
1005,817d4b24592566035,True,,,,,,,,,,0.0,0.0,1.0,1.0,1.0,0.0,0.0,1.0,0.0,0.0
1006,7ed807aaa179c87b1,True,,,,,,,,,,1.0,1.0,1.0,1.0,1.0,1.0,1.0,1.0,1.0,1.0
1007,4d65febaea8d3fd84,True,,,,,,,,,,1.0,1.0,1.0,1.0,0.370411938192612,1.0,0.0,1.0,1.0,0.6782537306851912
1008,f4d363a5d6d3206e3,True,,,,,,,,,,1.0,1.0,1.0,1.0,0.9706486584135484,1.0,0.0,1.0,0.0,0.7408277057542338
1009,b8aa4f2712496a9c3,True,,,,,,,,,,1.0,1.0,0.5,1.0,1.0,1.0,0.0,1.0,1.0,0.4375
1010,35fc09471c163fd84,True,,,,,,,,,,1.0,1.0,1.0,1.0,0.7425633254533215,1.0,1.0,1.0,1.0,0.919551039204163
1011,39a33f6262e8b8c0c,True,,,,,,,,,,1.0,1.0,1.0,1.0,0.8365269352088789,1.0,1.0,1.0,1.0,0.9489146672527746
1012,15d9842199648136e,True,,,,,,,,,,0.0,0.0,0.5,1.0,1.0,0.0,1.0,0.0,0.0,0.0
1013,c62f78ae6b2bb3ad4,True,,,,,,,,,,1.0,1.0,1.0,1.0,0.6765760935020684,1.0,1.0,1.0,0.0,0.7739300292193964
1014,76caf6deea5aff60c,True,,,,,,,,,,1.0,1.0,1.0,1.0,1.0,1.0,1.0,1.0,0.0,0.875
1015,dd7c29b15f5cef89c,True,,,,,,,,,,1.0,1.0,1.0,1.0,0.8318474161220091,1.0,0.0,1.0,1.0,0.8224523175381279
1016,a2b81e8e944dc724f,True,,,,,,,,,,1.0,1.0,1.0,1.0,0.7767240132990422,1.0,0.0,1.0,1.0,0.8052262541559507
1017,501d21c67c2ddbdb0,True,,,,,,,,,,1.0,1.0,1.0,1.0,0.9805820605082736,1.0,0.0,1.0,1.0,0.8689318939088355
1018,974e05c39e876c78a,True,,,,,,,,,,1.0,1.0,1.0,1.0,0.3061849259847512,1.0,0.0,1.0,1.0,0.6581827893702348
1019,f1e68724beef04f5c,True,,,,,,,,,,1.0,1.0,1.0,1.0,0.5927339630994866,1.0,1.0,1.0,1.0,0.8727293634685895
1020,318b2d84b07441bb0,True,,,,,,,,,,1.0,1.0,1.0,1.0,0.2223007054386408,1.0,0.0,1.0,0.0,0.5069689704495752
1021,b4804c80431225e41,True,,,,,,,,,,1.0,1.0,1.0,1.0,1.0,1.0,1.0,1.0,1.0,1.0
1022,aa06b6b1578ec1270,True,,,,,,,,,,1.0,1.0,1.0,1.0,0.5114052440646475,1.0,1.0,1.0,1.0,0.8473141387702023
1023,2115b48841ebae650,True,,,,,,,,,,1.0,1.0,1.0,1.0,0.4467896867838365,1.0,1.0,1.0,0.0,0.7021217771199489
1024,bffe666f9175e93c1,True,,,,,,,,,,1.0,1.0,1.0,1.0,0.3412298184986674,1.0,1.0,1.0,0.0,0.6691343182808336
1025,d0edf77b02ddc46df,True,,,,,,,,,,1.0,1.0,0.0,1.0,1.0,1.0,0.0,1.0,0.0,0.0
1026,8975720088d1d70ea,True,,,,,,,,,,1.0,1.0,0.0,1.0,0.6784400361720465,1.0,0.0,1.0,0.0,0.0
1027,ea6c6eed6cbac7b1e,True,,,,,,,,,,1.0,0.0,1.0,1.0,0.1731230169342845,1.0,0.0,1.0,1.0,0.0
1028,1cffc233df9758d3d,True,,,,,,,,,,1.0,0.0,1.0,1.0,1.0,1.0,0.0,1.0,0.0,0.0
1029,735cc37028693d641,True,,,,,,,,,,1.0,1.0,1.0,1.0,0.2037809792309135,1.0,1.0,0.0,0.0,0.5011815560096604
1030,79a0ca425b61810ad,True,,,,,,,,,,1.0,1.0,1.0,1.0,0.4435344415973686,1.0,1.0,1.0,0.0,0.7011045129991778
1031,885154f1032e04177,True,,,,,,,,,,1.0,0.0,0.5,1.0,1.0,1.0,0.0,1.0,0.0,0.0
1032,06b56c8b5f4b02d36,True,,,,,,,,,,1.0,1.0,1.0,1.0,0.1878366249191113,1.0,1.0,1.0,1.0,0.7461989452872223
1033,ff15360ae71790eb6,True,,,,,,,,,,0.0,1.0,0.0,1.0,1.0,0.0,0.0,1.0,0.0,0.0
1034,488b7f582a8d0e834,True,,,,,,,,,,1.0,1.0,1.0,1.0,0.33508466814527,1.0,1.0,1.0,1.0,0.7922139587953969
1035,dd6cf78b8b897a171,True,,,,,,,,,,1.0,0.0,1.0,1.0,1.0,1.0,0.0,1.0,0.0,0.0
1036,5d4aa32c37f581673,True,,,,,,,,,,1.0,1.0,1.0,1.0,0.3612308339237131,1.0,0.0,1.0,0.0,0.5503846356011604
1037,2251eed913b2fbe46,True,,,,,,,,,,1.0,1.0,1.0,1.0,0.1548896500084386,1.0,1.0,1.0,1.0,0.7359030156276372
1038,16e1819d7d9d5f11d,True,,,,,,,,,,1.0,1.0,1.0,1.0,0.3820466577912158,1.0,1.0,1.0,0.0,0.6818895805597549
1039,d5c1ffdf7189b229c,True,,,,,,,,,,1.0,0.0,1.0,1.0,1.0,1.0,0.0,0.0,0.0,0.0
1040,2d812dd423748572d,True,,,,,,,,,,1.0,1.0,1.0,1.0,0.6997558933281969,1.0,0.0,1.0,1.0,0.7811737166650615
1041,7c8ff6814e197c909,True,,,,,,,,,,0.0,1.0,1.0,1.0,1.0,0.0,0.0,1.0,0.0,0.0
1042,6aa7e26a080e2bd09,True,,,,,,,,,,1.0,1.0,1.0,1.0,0.7055968461011329,1.0,1.0,1.0,0.0,0.782999014406604
1043,d2d732a1ea85df0d1,True,,,,,,,,,,1.0,1.0,1.0,1.0,0.3173950971293131,1.0,1.0,1.0,1.0,0.7866859678529103
1044,7859f7283b9d34589,True,,,,,,,,,,1.0,1.0,1.0,1.0,0.6476634948297955,1.0,1.0,1.0,0.0,0.7648948421343111
1045,cac389eb6249d6874,True,,,,,,,,,,1.0,1.0,1.0,1.0,0.9068518443252098,1.0,0.0,1.0,1.0,0.8458912013516281
1046,2f70249e5e3153c88,True,,,,,,,,,,1.0,1.0,1.0,1.0,0.6287621175935177,1.0,0.0,1.0,1.0,0.7589881617479743
1047,da024028d53215ba3,True,,,,,,,,,,1.0,1.0,1.0,1.0,0.6883287798016896,1.0,1.0,1.0,0.0,0.777602743688028
1048,b3648e983488baa4f,True,,,,,,,,,,1.0,0.0,1.0,1.0,0.6043247679271545,1.0,1.0,1.0,1.0,0.0
1049,a8591c7d6a4f149f2,True,,,,,,,,,,1.0,1.0,1.0,1.0,0.2997795619136619,1.0,0.0,1.0,1.0,0.6561811130980193
1050,4428aee2536bf6703,True,,,,,,,,,,1.0,0.0,1.0,1.0,1.0,1.0,1.0,1.0,1.0,0.0
1051,dabeaa21a655424eb,True,,,,,,,,,,1.0,1.0,1.0,1.0,0.4607386855578617,1.0,1.0,1.0,0.0,0.7064808392368318
1052,e4cc46ea076c674d9,True,,,,,,,,,,1.0,1.0,0.5,1.0,0.2932253219630121,1.0,0.0,1.0,0.0,0.2645664565567206
1053,786f6723260569e56,True,,,,,,,,,,1.0,1.0,1.0,1.0,0.357060879331469,1.0,0.0,1.0,0.0,0.5490815247910841
1054,dfc4fb3ce45ccca81,True,,,,,,,,,,1.0,1.0,0.0,1.0,1.0,1.0,0.0,1.0,0.0,0.0
1055,43eb9502a0d70fcea,True,,,,,,,,,,1.0,1.0,1.0,1.0,0.3013206143427969,1.0,1.0,1.0,0.0,0.656662691982124
1056,b74af0790b5550372,True,,,,,,,,,,1.0,1.0,1.0,1.0,0.4987146233423155,1.0,0.0,1.0,0.0,0.5933483197944736
1057,16149296d3a6ee433,True,,,,,,,,,,1.0,1.0,1.0,1.0,0.6377472762643732,1.0,1.0,1.0,0.0,0.7617960238326167
1058,82e6ed49ff7af43fe,True,,,,,,,,,,1.0,1.0,1.0,1.0,0.2668834317415134,1.0,1.0,1.0,1.0,0.7709010724192229
1059,5c23f7f4493bf911d,True,,,,,,,,,,1.0,1.0,1.0,1.0,0.7822370306482189,1.0,0.0,1.0,1.0,0.8069490720775684
1060,b928ef9aeaf66b2ad,True,,,,,,,,,,0.0,1.0,1.0,1.0,1.0,0.0,0.0,1.0,1.0,0.0
1061,bc07273c020da88b3,True,,,,,,,,,,0.0,1.0,1.0,1.0,0.9514239869693778,0.0,1.0,1.0,1.0,0.0
1062,899e078cab5924628,True,,,,,,,,,,1.0,1.0,0.0,1.0,1.0,1.0,0.0,1.0,1.0,0.0
1063,67509cfba4d26b15a,True,,,,,,,,,,1.0,1.0,0.0,1.0,1.0,1.0,0.0,1.0,0.0,0.0
1064,f41a422f052cd19d9,True,,,,,,,,,,1.0,1.0,0.0,1.0,1.0,1.0,1.0,1.0,0.0,0.0
1065,a50c0b5a789ee7174,True,,,,,,,,,,1.0,1.0,1.0,1.0,0.7245196907914979,1.0,0.0,1.0,0.0,0.6639124033723431
1066,9c8f0339c698b9080,True,,,,,,,,,,1.0,1.0,1.0,1.0,0.7532923433306883,1.0,1.0,1.0,0.0,0.7979038572908401
1067,73c0e8fd14908dce6,True,,,,,,,,,,1.0,0.0,1.0,1.0,1.0,1.0,0.0,1.0,0.0,0.0
1068,b38c2b62761a1929d,True,,,,,,,,,,1.0,1.0,1.0,1.0,0.7200768604441377,1.0,0.0,1.0,1.0,0.7875240188887931
1069,55d87f273908bb975,True,,,,,,,,,,0.0,1.0,1.0,1.0,1.0,0.0,0.0,1.0,1.0,0.0
1070,02b1fffab31483b6f,True,,,,,,,,,,1.0,0.0,0.5,1.0,1.0,1.0,0.0,1.0,0.0,0.0
1071,03aa909d3767ff00e,True,,,,,,,,,,1.0,1.0,1.0,1.0,0.6683037521185705,1.0,1.0,1.0,1.0,0.8963449225370532
1072,808e6b707f608e2a9,True,,,,,,,,,,1.0,1.0,0.5,1.0,1.0,0.0,0.0,0.0,0.0,0.15625
1073,2947a7779fffc9a73,True,,,,,,,,,,1.0,0.0,1.0,1.0,1.0,1.0,0.0,1.0,0.0,0.0
1074,fddbcf39a369cf1df,True,,,,,,,,,,1.0,0.0,1.0,1.0,0.5252092250426906,1.0,0.0,0.0,0.0,0.0
1075,db7100201c9cbe2f6,True,,,,,,,,,,1.0,1.0,1.0,1.0,0.5127362246739635,1.0,1.0,1.0,1.0,0.8477300702106136
1076,c601af4262caa25fe,True,,,,,,,,,,1.0,1.0,1.0,1.0,0.6815434782321318,1.0,0.0,1.0,1.0,0.7754823369475412
1077,10935babd12d37a58,True,,,,,,,,,,1.0,1.0,1.0,1.0,0.4483931689426868,1.0,0.0,1.0,0.0,0.5776228652945896
1078,e07233c9901810349,True,,,,,,,,,,0.0,1.0,1.0,1.0,0.3862225339763973,1.0,0.0,1.0,1.0,0.0
1079,4142c2fdf6fa0139a,True,,,,,,,,,,1.0,0.0,1.0,0.0,1.0,1.0,1.0,1.0,1.0,0.0
1080,3f8a80414eacde90b,True,,,,,,,,,,1.0,1.0,1.0,1.0,0.5652369047721405,1.0,0.0,1.0,1.0,0.7391365327412939
1081,08888312c5d67618e,True,,,,,,,,,,1.0,1.0,1.0,1.0,0.9822419802397352,1.0,0.0,1.0,0.0,0.7444506188249173
1082,a0a8ed182426d3f05,True,,,,,,,,,,1.0,1.0,1.0,1.0,0.8269015885953928,1.0,1.0,1.0,1.0,0.9459067464360602
1083,87c8724fcdc627dae,True,,,,,,,,,,1.0,1.0,1.0,1.0,0.5771910887809436,1.0,1.0,1.0,1.0,0.8678722152440449
1084,c8508736bb790cc27,True,,,,,,,,,,1.0,1.0,1.0,1.0,0.2766962448443862,1.0,1.0,1.0,0.0,0.6489675765138707
1085,22a3ae905426058d2,True,,,,,,,,,,1.0,1.0,0.5,1.0,0.5927735222786581,1.0,0.0,1.0,0.0,0.3113708628560403
1086,8cf82bdb10f083506,True,,,,,,,,,,1.0,1.0,1.0,1.0,0.9221106640174432,1.0,1.0,1.0,0.0,0.850659582505451
1087,15342621fd40bb637,True,,,,,,,,,,1.0,1.0,0.5,1.0,0.7981488401367255,1.0,0.0,1.0,1.0,0.4059607562713633
1088,39cc92992ccc3244a,True,,,,,,,,,,1.0,1.0,1.0,1.0,0.877039468959698,1.0,0.0,1.0,0.0,0.7115748340499056
1089,d2db523662daf6690,True,,,,,,,,,,0.0,1.0,1.0,1.0,1.0,0.0,1.0,1.0,0.0,0.0
1090,739639234c47bf547,True,,,,,,,,,,0.5,1.0,1.0,1.0,1.0,0.0,0.0,1.0,1.0,0.28125
1091,e19b34f93116cdb17,True,,,,,,,,,,1.0,1.0,1.0,1.0,0.8255238237630712,1.0,0.0,1.0,1.0,0.8204761949259598
1092,1724e4388e1fa5055,True,,,,,,,,,,1.0,1.0,1.0,1.0,0.6509139487093636,1.0,0.0,1.0,0.0,0.6409106089716761
1093,49243c381a0bed43b,True,,,,,,,,,,0.0,1.0,1.0,1.0,1.0,1.0,1.0,1.0,0.0,0.0
1094,5e7944c54a12aa9bd,True,,,,,,,,,,1.0,1.0,0.5,1.0,0.7743934935466165,1.0,0.0,1.0,0.0,0.3397489833666588
1095,e11c0271d9082ef0a,True,,,,,,,,,,1.0,1.0,0.5,1.0,0.5484243625166882,1.0,0.0,1.0,1.0,0.3669413066432325
1096,1dc0a8f14dc973a72,True,,,,,,,,,,0.0,1.0,1.0,1.0,1.0,0.0,1.0,1.0,1.0,0.0
1097,c1bf650dac02cb0f8,True,,,,,,,,,,1.0,1.0,1.0,1.0,0.9810050736348722,1.0,1.0,1.0,1.0,0.9940640855108976
1098,0ff0e427305289854,True,,,,,,,,,,1.0,1.0,1.0,1.0,1.0,1.0,0.0,1.0,1.0,0.875
1099,5a73952aa052dbbce,True,,,,,,,,,,1.0,1.0,1.0,1.0,1.0,1.0,0.0,1.0,1.0,0.875
1100,f803ae18d279169ec,True,,,,,,,,,,1.0,1.0,1.0,1.0,0.4969294589516103,1.0,0.0,1.0,0.0,0.5927904559223782
1101,fef06dc806442398d,True,,,,,,,,,,1.0,1.0,1.0,1.0,0.3936482059186324,1.0,1.0,1.0,1.0,0.8105150643495727
1102,83daac46cb68fabb0,True,,,,,,,,,,1.0,1.0,1.0,1.0,0.5470872310146391,1.0,1.0,1.0,1.0,0.8584647596920747
1103,10cc41fbc38a43481,True,,,,,,,,,,1.0,1.0,1.0,1.0,0.1084164702440368,1.0,1.0,1.0,1.0,0.7213801469512615
1104,994054d09b71160e0,True,,,,,,,,,,1.0,1.0,1.0,1.0,0.8276803590482295,1.0,0.0,1.0,1.0,0.8211501122025717
1105,f507ae7c610fe346a,True,,,,,,,,,,1.0,1.0,1.0,0.0,1.0,1.0,1.0,1.0,0.0,0.0
1106,80800198aa496ffc8,True,,,,,,,,,,1.0,1.0,1.0,1.0,0.6226382797378107,1.0,0.0,0.0,1.0,0.6320744624180659
1107,54319e96916504611,True,,,,,,,,,,1.0,1.0,1.0,1.0,0.7032114031417058,1.0,0.0,1.0,1.0,0.7822535634817831
1108,ae6ddb39ee6d093e7,True,,,,,,,,,,0.0,1.0,1.0,1.0,1.0,0.0,0.0,1.0,0.0,0.0
1109,6d9888406276bc884,True,,,,,,,,,,1.0,1.0,1.0,1.0,0.3506551603808865,1.0,1.0,1.0,1.0,0.7970797376190271
1110,ab96e33e9ab4e191b,True,,,,,,,,,,1.0,0.0,0.5,1.0,1.0,1.0,0.0,1.0,0.0,0.0
1111,09175d9fa6fa3c5c2,True,,,,,,,,,,1.0,1.0,1.0,1.0,0.2006493759158208,1.0,0.0,1.0,0.0,0.500202929973694
1112,f38cc020e1b05accc,True,,,,,,,,,,1.0,1.0,1.0,1.0,0.1062938510694846,1.0,1.0,1.0,0.0,0.5957168284592139
1113,eb18eff580c25dafb,True,,,,,,,,,,1.0,1.0,1.0,1.0,1.0,1.0,0.0,1.0,0.0,0.75
1114,80f0bde16c34c246a,True,,,,,,,,,,1.0,1.0,0.5,1.0,1.0,1.0,0.0,1.0,0.0,0.375
1115,4699eb47aa0ff2aa8,True,,,,,,,,,,1.0,1.0,1.0,1.0,1.0,0.0,0.0,1.0,0.0,0.4375
1116,557e221eea6bbdd42,True,,,,,,,,,,1.0,1.0,1.0,1.0,0.2923878322951418,1.0,1.0,1.0,1.0,0.7788711975922318
1117,f55f780bee7a572bb,True,,,,,,,,,,1.0,0.0,1.0,1.0,1.0,1.0,1.0,1.0,0.0,0.0
1118,8568f4ee5859ce652,True,,,,,,,,,,1.0,1.0,0.5,1.0,0.459704859425732,1.0,0.0,1.0,0.0,0.2905788842852706
1119,b19bff260481a9a60,True,,,,,,,,,,1.0,1.0,0.5,1.0,1.0,1.0,0.0,1.0,0.0,0.375
1120,41c063fac49e3b5e2,True,,,,,,,,,,1.0,1.0,1.0,1.0,0.8614347005835783,1.0,1.0,1.0,1.0,0.9566983439323682
1121,87c8ddd115e686126,True,,,,,,,,,,1.0,1.0,1.0,1.0,0.7758895241783522,1.0,1.0,0.0,0.0,0.679965476305735
1122,bbe1739362745c097,True,,,,,,,,,,1.0,1.0,1.0,1.0,1.0,1.0,1.0,1.0,1.0,1.0
1123,c99ebd2dc27c56b12,True,,,,,,,,,,1.0,0.0,0.5,1.0,1.0,1.0,0.0,1.0,0.0,0.0
1124,dc335a90fc3e97ef3,True,,,,,,,,,,1.0,1.0,1.0,1.0,0.8536935875694506,1.0,0.0,1.0,1.0,0.8292792461154532
1125,d17adfd1c40c90f05,True,,,,,,,,,,1.0,1.0,1.0,1.0,0.7113336506171916,1.0,0.0,1.0,1.0,0.7847917658178724
1126,09fa01cf920102b53,True,,,,,,,,,,1.0,1.0,1.0,1.0,0.5165885012812229,1.0,1.0,1.0,1.0,0.8489339066503822
1127,b768b66003f09acc0,True,,,,,,,,,,1.0,0.0,1.0,1.0,0.1515906827339633,1.0,1.0,1.0,0.0,0.0
1128,8e24bdf2be5da6777,True,,,,,,,,,,1.0,1.0,1.0,1.0,0.4235551261629088,1.0,0.0,1.0,1.0,0.694860976925909
1129,c379f5f53ec8ac236,True,,,,,,,,,,1.0,1.0,1.0,1.0,0.8981110688407439,1.0,0.0,1.0,0.0,0.7181597090127325
1130,6e4ce2f0d18b57fb3,True,,,,,,,,,,1.0,1.0,1.0,1.0,0.4980646482168262,1.0,1.0,1.0,1.0,0.8431452025677582
1131,881878cfae4ce9953,True,,,,,,,,,,1.0,1.0,1.0,1.0,0.577275757933075,1.0,1.0,1.0,1.0,0.867898674354086
1132,66f45177e81fc8115,True,,,,,,,,,,1.0,1.0,1.0,1.0,0.8327449753869302,1.0,0.0,1.0,0.0,0.6977328048084157
1133,2f841ea41e11faf68,True,,,,,,,,,,1.0,1.0,0.0,1.0,0.7875313883941848,1.0,0.0,1.0,1.0,0.0
1134,7e61c66c138daab84,True,,,,,,,,,,1.0,1.0,1.0,1.0,0.385950025347051,1.0,1.0,1.0,0.0,0.6831093829209534
1135,ff2e7e48f5ee14950,True,,,,,,,,,,1.0,1.0,0.0,1.0,1.0,1.0,0.0,1.0,0.0,0.0
1136,552b5ed253cfd2ed4,True,,,,,,,,,,1.0,1.0,1.0,1.0,0.9621890355079424,1.0,0.0,1.0,1.0,0.8631840735962321
1137,81e6ca0e63a415859,True,,,,,,,,,,1.0,1.0,1.0,1.0,1.0,1.0,0.0,1.0,1.0,0.875
1138,4e5923e8ca30416d1,True,,,,,,,,,,1.0,1.0,1.0,1.0,0.5697844895734552,1.0,1.0,1.0,0.0,0.7405576529917047
1139,52cc30d63f3ee962c,True,,,,,,,,,,1.0,0.0,1.0,1.0,0.7814296337357828,1.0,1.0,1.0,0.0,0.0
1140,975103a3e89ae4e4b,True,,,,,,,,,,1.0,1.0,1.0,1.0,0.3893807475712912,1.0,1.0,1.0,0.0,0.6841814836160285
1141,50119f57063995e29,True,,,,,,,,,,1.0,1.0,1.0,1.0,1.0,0.0,1.0,0.0,0.0,0.4375
1142,6c0405cd5c40c15ab,True,,,,,,,,,,1.0,0.0,1.0,1.0,1.0,1.0,1.0,1.0,0.0,0.0
1143,8c25a75ef46e49d9f,True,,,,,,,,,,1.0,1.0,1.0,1.0,0.508153565548251,1.0,1.0,1.0,0.0,0.7212979892338285
1144,704a2b5191f2e8c04,True,,,,,,,,,,1.0,1.0,1.0,1.0,0.6449715447404397,1.0,0.0,1.0,0.0,0.6390536077313874
1145,f216b9731d3c1f375,True,,,,,,,,,,1.0,0.0,1.0,1.0,1.0,1.0,1.0,0.0,0.0,0.0
1146,3affb77370b09f4d7,True,,,,,,,,,,1.0,1.0,1.0,1.0,0.5170998239023207,1.0,0.0,1.0,0.0,0.5990936949694752
1147,77bdbbf59381ce4d3,True,,,,,,,,,,0.0,1.0,1.0,1.0,1.0,0.0,0.0,1.0,0.0,0.0
1148,ece1be85754833649,True,,,,,,,,,,1.0,0.0,1.0,1.0,1.0,1.0,0.0,1.0,0.0,0.0
1149,c4bc5e76f15b2b430,True,,,,,,,,,,1.0,0.0,1.0,1.0,0.6058129604414295,1.0,0.0,1.0,1.0,0.0
1150,5dc4590f82971002e,True,,,,,,,,,,1.0,1.0,1.0,1.0,0.7099660550686624,1.0,0.0,1.0,1.0,0.7843643922089569
1151,bb5645d7e55a4f54b,True,,,,,,,,,,0.0,1.0,1.0,1.0,1.0,0.0,0.0,1.0,0.0,0.0
1152,6dc61a791e23a0224,True,,,,,,,,,,1.0,1.0,1.0,1.0,0.6387450101992251,1.0,1.0,1.0,1.0,0.8871078156872578
1153,9d038765043662211,True,,,,,,,,,,1.0,1.0,0.5,1.0,1.0,1.0,0.0,1.0,0.0,0.375
1154,b9b2eb5e7bcdfdb6b,True,,,,,,,,,,1.0,1.0,1.0,1.0,0.4399149653942983,1.0,1.0,1.0,0.0,0.6999734266857183
1155,b51b8bf8d757ee5de,True,,,,,,,,,,1.0,1.0,1.0,1.0,0.9499757316901282,1.0,0.0,1.0,1.0,0.859367416153165
1156,10da8689597a01351,True,,,,,,,,,,1.0,1.0,1.0,1.0,0.4210385681640198,1.0,1.0,1.0,1.0,0.8190745525512562
1157,925bbd1a587bfa622,True,,,,,,,,,,1.0,0.0,1.0,1.0,0.6641406947328363,1.0,0.0,1.0,1.0,0.0
1158,fef836e429bc5768f,True,,,,,,,,,,1.0,1.0,1.0,1.0,0.3174523606311886,1.0,0.0,1.0,0.0,0.5367038626972465
1159,32dff9c93368fc640,True,,,,,,,,,,1.0,1.0,1.0,1.0,1.0,1.0,0.0,1.0,0.0,0.75
1160,11c4a9e4096f68947,True,,,,,,,,,,1.0,1.0,1.0,1.0,0.5942763051430131,1.0,1.0,1.0,0.0,0.7482113453571916
1161,3e552e543e3533e54,True,,,,,,,,,,1.0,1.0,1.0,1.0,0.345636633415175,1.0,0.0,1.0,0.0,0.5455114479422422
1162,a2b706d9e0ce2f53e,True,,,,,,,,,,1.0,0.0,1.0,1.0,1.0,1.0,1.0,1.0,0.0,0.0
1163,96e56db3408ebe51e,True,,,,,,,,,,0.0,1.0,1.0,1.0,1.0,0.0,0.0,1.0,1.0,0.0
1164,6bdc53cfa4a8ecb29,True,,,,,,,,,,1.0,1.0,1.0,1.0,0.4593224001932118,1.0,1.0,1.0,0.0,0.7060382500603787
1165,726d488f280e59674,True,,,,,,,,,,1.0,0.0,1.0,1.0,0.8258877457229788,1.0,0.0,1.0,0.0,0.0
1166,e26a54b7a798e6e57,True,,,,,,,,,,1.0,1.0,1.0,1.0,0.8192852067054568,1.0,1.0,1.0,1.0,0.9435266270954552
1167,4fd96d4727fd67d4a,True,,,,,,,,,,1.0,1.0,1.0,1.0,0.5371735079686298,1.0,0.0,1.0,0.0,0.6053667212401969
1168,a73bc7fee06a21930,True,,,,,,,,,,1.0,0.0,0.0,1.0,1.0,1.0,0.0,1.0,0.0,0.0
1169,d25e0e0e384818845,True,,,,,,,,,,1.0,1.0,1.0,1.0,1.0,1.0,0.0,1.0,0.0,0.75
1170,c23d40512beeb21d4,True,,,,,,,,,,1.0,1.0,1.0,1.0,0.3952440285063928,1.0,1.0,1.0,0.0,0.6860137589082478
1171,63e4138abce599b86,True,,,,,,,,,,1.0,1.0,1.0,1.0,0.971197374046776,1.0,1.0,1.0,1.0,0.9909991793896176
1172,f118de263d56644de,True,,,,,,,,,,1.0,1.0,1.0,1.0,0.5561663565270866,1.0,1.0,1.0,0.0,0.7363019864147146
1173,a1ec47d4c6a4ac611,True,,,,,,,,,,0.0,0.0,1.0,1.0,1.0,0.0,0.0,1.0,0.0,0.0
1174,56a96ee7abd76ab13,True,,,,,,,,,,1.0,1.0,1.0,1.0,1.0,1.0,0.0,1.0,0.0,0.75
1175,b02f376e03d453a0a,True,,,,,,,,,,0.0,1.0,1.0,1.0,1.0,0.0,1.0,1.0,1.0,0.0
1176,053a3b165ea7a6cb4,True,,,,,,,,,,0.0,0.0,1.0,1.0,1.0,1.0,0.0,1.0,0.0,0.0
1177,9e0949ca46f2a4a49,True,,,,,,,,,,1.0,1.0,1.0,1.0,1.0,1.0,1.0,1.0,1.0,1.0
1178,c13c2ca0a9374dc3c,True,,,,,,,,,,1.0,1.0,1.0,1.0,0.6471041871350427,1.0,0.0,1.0,1.0,0.7647200584797008
1179,728522f233e8a9fa9,True,,,,,,,,,,1.0,0.0,1.0,1.0,1.0,1.0,0.0,1.0,1.0,0.0
1180,c4a089c490ce6eb9e,True,,,,,,,,,,0.0,1.0,1.0,1.0,1.0,0.0,1.0,1.0,1.0,0.0
1181,90d989f2205e253f9,True,,,,,,,,,,1.0,1.0,1.0,1.0,0.8800145522696414,1.0,0.0,1.0,0.0,0.712504547584263
1182,2810fb7a63c63635c,True,,,,,,,,,,1.0,1.0,1.0,1.0,0.7949764266386378,1.0,1.0,1.0,0.0,0.8109301333245743
1183,1b4910e763891cfbd,True,,,,,,,,,,0.0,0.0,0.5,1.0,1.0,0.0,0.0,1.0,0.0,0.0
1184,530a28f5b73e11f66,True,,,,,,,,,,1.0,1.0,1.0,1.0,1.0,1.0,1.0,1.0,1.0,1.0
1185,7e931dfbe8e295f21,True,,,,,,,,,,1.0,1.0,1.0,1.0,0.7802591084156438,1.0,1.0,1.0,1.0,0.9313309713798889
1186,55a589ced770cbf72,True,,,,,,,,,,1.0,1.0,1.0,1.0,0.9203930805372608,1.0,1.0,1.0,1.0,0.975122837667894
1187,3c9fb934bb7f40998,True,,,,,,,,,,1.0,1.0,1.0,1.0,0.910999047093024,1.0,0.0,1.0,1.0,0.8471872022165701
1188,672d1f18c743523e4,True,,,,,,,,,,1.0,1.0,1.0,1.0,0.3766552690932124,1.0,0.0,1.0,0.0,0.5552047715916288
1189,8dfa62e95dcb416e8,True,,,,,,,,,,1.0,1.0,1.0,1.0,0.3227611526488077,1.0,1.0,1.0,1.0,0.7883628602027524
1190,5ae5fc96ae87f7041,True,,,,,,,,,,1.0,1.0,1.0,1.0,0.4062223184991653,1.0,1.0,1.0,1.0,0.8144444745309891
1191,aa1c2ba87587b53cb,True,,,,,,,,,,1.0,1.0,1.0,1.0,0.9684260391019288,1.0,1.0,1.0,0.0,0.8651331372193527
1192,aa6a0de76f6f09404,True,,,,,,,,,,1.0,0.0,1.0,1.0,1.0,1.0,0.0,0.0,0.0,0.0
1193,377968d648e50daf0,True,,,,,,,,,,0.0,1.0,1.0,1.0,1.0,0.0,0.0,1.0,0.0,0.0
1194,eafc663e431fb2efe,True,,,,,,,,,,1.0,1.0,1.0,1.0,0.6764036049986628,1.0,1.0,0.0,0.0,0.6488761265620822
1195,4f8f53cf5fc946ea6,True,,,,,,,,,,1.0,1.0,1.0,1.0,0.5844678925448121,1.0,1.0,1.0,0.0,0.7451462164202538
1196,367a9fdb29038c66e,True,,,,,,,,,,1.0,1.0,1.0,1.0,0.2392540204384101,1.0,1.0,1.0,1.0,0.7622668813870032
1197,e03ef0605d72ffd1a,True,,,,,,,,,,1.0,1.0,1.0,1.0,0.8287864631684849,1.0,1.0,1.0,0.0,0.8214957697401515
1198,bd9cfcf17b064f7df,True,,,,,,,,,,1.0,1.0,1.0,1.0,0.3433884933983398,1.0,1.0,1.0,0.0,0.6698089041869812
1199,1c968570d73ed5505,True,,,,,,,,,,1.0,1.0,1.0,1.0,0.1752258957360557,1.0,1.0,1.0,0.0,0.6172580924175174
1200,18c9cb09dce594905,True,,,,,,,,,,1.0,1.0,1.0,1.0,0.6762087924844515,1.0,0.0,1.0,0.0,0.6488152476513911
1201,5a6f69ea54c00b6d2,True,,,,,,,,,,1.0,1.0,1.0,1.0,0.2504185644881521,1.0,1.0,1.0,0.0,0.6407558014025475
1202,9d3a947ac7ae15c8a,True,,,,,,,,,,0.0,1.0,1.0,1.0,1.0,0.0,0.0,1.0,0.0,0.0
1203,80a5f0392d8aa9afb,True,,,,,,,,,,1.0,1.0,1.0,1.0,0.4113393820758399,1.0,1.0,1.0,1.0,0.8160435568987
1204,fa217f69e5273bf53,True,,,,,,,,,,1.0,1.0,1.0,1.0,0.1914335351113952,1.0,1.0,1.0,0.0,0.622322979722311
1205,23e989fa30e56fb01,True,,,,,,,,,,0.0,1.0,1.0,1.0,1.0,0.0,0.0,0.0,0.0,0.0
1206,0e447192563e126ef,True,,,,,,,,,,1.0,1.0,1.0,1.0,0.4167602997828292,1.0,1.0,1.0,1.0,0.8177375936821341
1207,26961603aa068511e,True,,,,,,,,,,1.0,1.0,1.0,1.0,0.9354955882502736,1.0,1.0,1.0,0.0,0.8548423713282105
1208,b36a5e74ec4ae9574,True,,,,,,,,,,1.0,1.0,1.0,1.0,0.3098933469640932,1.0,1.0,1.0,0.0,0.6593416709262792
1209,a42442493dd5e64ba,True,,,,,,,,,,1.0,1.0,1.0,1.0,0.6509139487093636,1.0,0.0,1.0,0.0,0.6409106089716761
1210,d2abdf59c161f4eef,True,,,,,,,,,,1.0,1.0,1.0,1.0,0.5697296338404667,1.0,0.0,1.0,0.0,0.6155405105751459
1211,d37b7028969d97560,True,,,,,,,,,,1.0,1.0,1.0,1.0,0.497649900985491,1.0,1.0,1.0,0.0,0.718015594057966
1212,241e8b27fb85d3e53,True,,,,,,,,,,1.0,1.0,1.0,1.0,1.0,1.0,1.0,1.0,1.0,1.0
1213,99fca017c572f5bc8,True,,,,,,,,,,1.0,1.0,1.0,1.0,0.6747753287599992,1.0,0.0,1.0,0.0,0.6483672902374997
1214,8a73882c047d96e3f,True,,,,,,,,,,1.0,1.0,1.0,1.0,0.2239175828138733,1.0,0.0,1.0,0.0,0.5074742446293354
1215,5453eaf707e343346,True,,,,,,,,,,1.0,1.0,1.0,1.0,0.5115153012423567,1.0,1.0,1.0,1.0,0.8473485316382364
1216,015f3c215167f64d9,True,,,,,,,,,,1.0,1.0,1.0,1.0,0.2466113095826966,1.0,1.0,0.0,0.0,0.5145660342445927
1217,031cc5379a5e98feb,True,,,,,,,,,,1.0,1.0,1.0,1.0,0.8573716672392804,1.0,0.0,1.0,1.0,0.8304286460122752
1218,9bfb6e5100707e5d1,True,,,,,,,,,,1.0,1.0,1.0,1.0,0.7600279036363489,1.0,1.0,1.0,1.0,0.925008719886359
1219,0128939093fdde786,True,,,,,,,,,,1.0,1.0,1.0,1.0,0.2015124535926802,1.0,1.0,1.0,1.0,0.7504726417477126
1220,3adb9fc78ee100b06,True,,,,,,,,,,1.0,0.0,1.0,1.0,1.0,1.0,1.0,1.0,1.0,0.0
1221,f6ee18e1982a51d52,True,,,,,,,,,,1.0,1.0,1.0,1.0,0.8321400613286764,1.0,1.0,1.0,1.0,0.9475437691652112
1222,07095ff9932043d86,True,,,,,,,,,,0.0,1.0,1.0,1.0,1.0,0.0,1.0,1.0,0.0,0.0
1223,581dff20c11d113e2,True,,,,,,,,,,1.0,1.0,1.0,1.0,0.7363132906182629,1.0,1.0,1.0,0.0,0.7925979033182071
1224,e87ee58e2c6134551,True,,,,,,,,,,1.0,1.0,1.0,1.0,0.5384153004484288,1.0,0.0,1.0,0.0,0.6057547813901341
1225,7b49a5c516fc052ba,True,,,,,,,,,,1.0,1.0,0.0,1.0,0.8119432935464215,1.0,0.0,1.0,1.0,0.0
1226,1cba72845abd54b1e,True,,,,,,,,,,1.0,1.0,1.0,1.0,0.711626802744942,1.0,0.0,1.0,0.0,0.6598833758577944
1227,dab86e6eab3ddf22e,True,,,,,,,,,,1.0,1.0,1.0,1.0,0.682179277032369,1.0,1.0,1.0,0.0,0.7756810240726153
1228,ddae067a0bdc3d1ec,True,,,,,,,,,,1.0,1.0,1.0,1.0,0.9470647763012888,1.0,0.0,1.0,0.0,0.7334577425941529
1229,7c028a0e38d689322,True,,,,,,,,,,1.0,1.0,1.0,1.0,1.0,1.0,0.0,1.0,1.0,0.875
1230,3a79a64dc5c7059f8,True,,,,,,,,,,1.0,1.0,1.0,1.0,0.1495298389987771,1.0,1.0,1.0,0.0,0.6092280746871179
1231,3410786351a3e24b2,True,,,,,,,,,,1.0,1.0,1.0,1.0,0.4685065960665219,1.0,0.0,1.0,1.0,0.7089083112707881
1232,5ebd4357b2535cfa9,True,,,,,,,,,,1.0,1.0,1.0,1.0,0.9329488396108035,1.0,0.0,1.0,0.0,0.7290465123783761
1233,e9751ea5c28dbd703,True,,,,,,,,,,0.0,1.0,1.0,1.0,0.7572427013709467,0.0,1.0,1.0,1.0,0.0
1234,d2de0edb11096f082,True,,,,,,,,,,1.0,1.0,1.0,1.0,0.7931438212368545,1.0,0.0,1.0,1.0,0.810357444136517
1235,2a839dc18e91bbd40,True,,,,,,,,,,1.0,1.0,1.0,1.0,0.5948411220114991,1.0,0.0,1.0,1.0,0.7483878506285935
1236,0f6d4f139537fd8c3,True,,,,,,,,,,1.0,1.0,1.0,1.0,1.0,0.0,1.0,1.0,0.0,0.5625
1237,a03596d2557544d9f,True,,,,,,,,,,1.0,0.0,1.0,1.0,1.0,1.0,1.0,1.0,0.0,0.0
1238,0030f1747a12c4a8d,True,,,,,,,,,,1.0,1.0,1.0,1.0,0.6917015525412633,1.0,1.0,1.0,0.0,0.7786567351691448
1239,88438c22da37ffc4f,True,,,,,,,,,,1.0,1.0,1.0,1.0,0.681248584932352,1.0,1.0,1.0,0.0,0.77539018279136
1240,265cbf9df314f7700,True,,,,,,,,,,1.0,1.0,1.0,1.0,0.5637938066658057,1.0,0.0,1.0,1.0,0.7386855645830643
1241,9db723ede5227209d,True,,,,,,,,,,1.0,1.0,0.5,1.0,1.0,1.0,0.0,0.0,0.0,0.3125
1242,25fb03a1d180b3b47,True,,,,,,,,,,1.0,1.0,1.0,1.0,1.0,1.0,1.0,1.0,1.0,1.0
1243,0a9a4ef68cc4ce8b2,True,,,,,,,,,,1.0,1.0,1.0,1.0,1.0,1.0,1.0,1.0,1.0,1.0
1244,dc9a1a64623f4ee2a,True,,,,,,,,,,1.0,1.0,1.0,1.0,0.3227944036369312,1.0,0.0,1.0,1.0,0.663373251136541
1245,89fdadaeadc80221e,True,,,,,,,,,,0.0,1.0,1.0,1.0,1.0,0.0,1.0,1.0,0.0,0.0
1246,9fb82728bb72ae665,True,,,,,,,,,,1.0,1.0,1.0,1.0,1.0,1.0,0.0,1.0,1.0,0.875
1247,ced98f0c60c32e69a,True,,,,,,,,,,1.0,1.0,1.0,1.0,1.0,1.0,1.0,1.0,0.0,0.875
1248,04d2f35c7f6db137f,True,,,,,,,,,,1.0,1.0,1.0,1.0,0.3804202999647978,1.0,1.0,1.0,1.0,0.8063813437389993
1249,91eb99dcb70ea628c,True,,,,,,,,,,1.0,0.0,1.0,1.0,1.0,1.0,0.0,0.0,0.0,0.0
1250,64560358188d68edd,True,,,,,,,,,,1.0,1.0,1.0,1.0,0.3244801050383256,1.0,0.0,1.0,0.0,0.5389000328244767
1251,c5e30f61f4d10eee2,True,,,,,,,,,,1.0,1.0,1.0,1.0,0.2303099287404576,1.0,1.0,1.0,0.0,0.6344718527313931
1252,3e0e15540dab7a9e5,True,,,,,,,,,,1.0,0.0,1.0,1.0,0.3175249587312889,1.0,1.0,1.0,0.0,0.0
1253,55c8df3b0682a658a,True,,,,,,,,,,1.0,1.0,1.0,1.0,0.9808974758185264,1.0,1.0,1.0,0.0,0.8690304611932895
1254,4479be8eef64a3460,True,,,,,,,,,,1.0,1.0,1.0,1.0,0.4649706276454467,1.0,1.0,1.0,1.0,0.8328033211392021
1255,94787bba8c2128445,True,,,,,,,,,,0.0,1.0,1.0,1.0,1.0,0.0,1.0,0.0,0.0,0.0
1256,bd2169898173c44cb,True,,,,,,,,,,0.5,0.0,1.0,1.0,1.0,0.0,1.0,1.0,0.0,0.0
1257,f62d00569dc5be2b9,True,,,,,,,,,,1.0,1.0,1.0,1.0,0.761204711078825,1.0,1.0,1.0,1.0,0.9253764722121328
1258,2615ffc998d3b5976,True,,,,,,,,,,1.0,1.0,1.0,1.0,0.7367987894588784,1.0,1.0,1.0,0.0,0.7927496217058996
1259,03e028a3b31005826,True,,,,,,,,,,1.0,1.0,1.0,1.0,0.6117344100946568,1.0,1.0,1.0,0.0,0.7536670031545802
1260,6e060f8eb067a3b37,True,,,,,,,,,,1.0,1.0,0.0,1.0,1.0,1.0,0.0,1.0,0.0,0.0
1261,e18bfb53190f46707,True,,,,,,,,,,1.0,1.0,1.0,1.0,0.6244085826451674,1.0,1.0,1.0,0.0,0.7576276820766148
1262,3d093356af980da3c,True,,,,,,,,,,1.0,1.0,1.0,1.0,0.6737563603522592,1.0,1.0,1.0,0.0,0.773048862610081
1263,a092442b5e964fcce,True,,,,,,,,,,1.0,0.0,1.0,1.0,1.0,1.0,1.0,1.0,0.0,0.0
1264,3de4e2683ea8699d4,True,,,,,,,,,,1.0,1.0,1.0,1.0,0.3081239899275978,1.0,1.0,1.0,1.0,0.7837887468523743
1265,eeb0b8f8cc54ccf58,True,,,,,,,,,,1.0,1.0,1.0,1.0,1.0,1.0,1.0,1.0,1.0,1.0
1266,ddc0d9aad62836b90,True,,,,,,,,,,1.0,1.0,1.0,1.0,0.8244242990582287,1.0,1.0,1.0,0.0,0.8201325934556964
1267,fb83b02b78181e4f8,True,,,,,,,,,,1.0,1.0,0.5,1.0,0.4356315334280096,1.0,0.0,1.0,1.0,0.3493174270981265
1268,1189a6ada09f1958a,True,,,,,,,,,,1.0,1.0,1.0,1.0,1.0,1.0,1.0,1.0,0.0,0.875
1269,3638bc9577d1ebfa6,True,,,,,,,,,,1.0,1.0,1.0,1.0,1.0,1.0,0.0,0.0,0.0,0.625
1270,07d601991746bbf45,True,,,,,,,,,,0.0,1.0,0.5,1.0,1.0,0.0,0.0,1.0,1.0,0.0
1271,c82d37b03fda156aa,True,,,,,,,,,,1.0,1.0,0.0,1.0,0.8442639177435016,1.0,0.0,1.0,1.0,0.0
1272,5fb47f166e5559387,True,,,,,,,,,,1.0,1.0,1.0,1.0,0.7888149721531728,1.0,0.0,1.0,1.0,0.8090046787978664
1273,dc83f2167ec7e2ca3,True,,,,,,,,,,0.0,1.0,1.0,1.0,1.0,0.0,0.0,1.0,1.0,0.0
1274,765c939c341bbf4f6,True,,,,,,,,,,1.0,1.0,1.0,1.0,0.6897285103827437,1.0,1.0,1.0,1.0,0.9030401594946074
1275,59223499b6e8a12d6,True,,,,,,,,,,1.0,1.0,1.0,1.0,0.2663993769045534,1.0,1.0,1.0,0.0,0.6457498052826729
1276,5f775bac151622950,True,,,,,,,,,,1.0,1.0,1.0,1.0,0.8656438555153669,1.0,1.0,1.0,1.0,0.9580137048485522
1277,198d109d392dbc280,True,,,,,,,,,,1.0,0.0,1.0,1.0,1.0,1.0,0.0,1.0,0.0,0.0
1278,0222e5d829f11ad1c,True,,,,,,,,,,0.0,1.0,0.5,1.0,1.0,0.0,0.0,1.0,0.0,0.0
1279,63aab11dd75c78ad2,True,,,,,,,,,,1.0,1.0,1.0,1.0,0.7562819546615936,1.0,1.0,1.0,1.0,0.923838110831748
1280,fec4e607d84e38636,True,,,,,,,,,,1.0,1.0,1.0,1.0,1.0,1.0,0.0,1.0,1.0,0.875
1281,1088e54d61d6c1c1a,True,,,,,,,,,,1.0,1.0,1.0,1.0,0.4013175154477066,1.0,1.0,1.0,1.0,0.8129117235774084
1282,526b43badebf3eca2,True,,,,,,,,,,1.0,1.0,0.5,1.0,1.0,1.0,0.0,1.0,0.0,0.375
1283,c966f12167e10d758,True,,,,,,,,,,1.0,1.0,1.0,1.0,0.8413200029629341,1.0,1.0,1.0,1.0,0.9504125009259168
1284,9f903173a7777cf35,True,,,,,,,,,,1.0,0.0,1.0,1.0,1.0,1.0,1.0,1.0,1.0,0.0
1285,b9f22151c02f5a7d4,True,,,,,,,,,,0.0,1.0,1.0,1.0,1.0,0.0,1.0,1.0,0.0,0.0
1286,102bb69d5a0263f53,True,,,,,,,,,,1.0,1.0,1.0,1.0,0.6843694963376493,0.0,0.0,1.0,0.0,0.3388654676055154
1287,65d059ca1a57ebca1,True,,,,,,,,,,1.0,1.0,1.0,1.0,0.7968930808427357,1.0,0.0,1.0,0.0,0.686529087763355
1288,71ff6e1295d5d408e,True,,,,,,,,,,1.0,1.0,0.5,1.0,1.0,1.0,0.0,1.0,0.0,0.375
1289,07d73bb7099662d82,True,,,,,,,,,,1.0,1.0,1.0,1.0,0.391602620309717,1.0,0.0,1.0,0.0,0.5598758188467865
1290,20a8cbfef6940983b,True,,,,,,,,,,1.0,1.0,1.0,1.0,0.3225513675769739,1.0,1.0,1.0,1.0,0.7882973023678044
1291,1e6e2d318ec0f30bf,True,,,,,,,,,,1.0,0.0,1.0,1.0,0.5130684186230586,1.0,1.0,1.0,1.0,0.0
1292,8fb206a9ce8434f01,True,,,,,,,,,,1.0,1.0,1.0,1.0,1.0,1.0,0.0,1.0,1.0,0.875
1293,0ba7e570a3d546654,True,,,,,,,,,,1.0,1.0,1.0,1.0,0.7921827722392223,1.0,1.0,1.0,1.0,0.935057116324757
1294,c9ac843f74b17080f,True,,,,,,,,,,1.0,1.0,1.0,1.0,0.6223466079383834,1.0,0.0,1.0,0.0,0.6319833149807448
1295,c833d5b0fc76fdd86,True,,,,,,,,,,1.0,1.0,1.0,1.0,0.3098933469640932,1.0,1.0,1.0,0.0,0.6593416709262792
1296,9c091b0cc6c49fd2a,True,,,,,,,,,,1.0,1.0,1.0,1.0,0.2033132880353015,1.0,1.0,0.0,0.0,0.5010354025110317
1297,b9a43db97480bc666,True,,,,,,,,,,1.0,1.0,0.0,1.0,1.0,1.0,0.0,1.0,0.0,0.0
1298,c35d767a796986c02,True,,,,,,,,,,1.0,1.0,1.0,1.0,1.0,1.0,0.0,1.0,0.0,0.75
1299,a56de10e58a3c3d6e,True,,,,,,,,,,0.0,1.0,1.0,1.0,1.0,0.0,1.0,1.0,0.0,0.0
1300,f24aff9d7884c81d2,True,,,,,,,,,,1.0,1.0,1.0,1.0,1.0,1.0,1.0,1.0,0.0,0.875
1301,e1c118cf727cb2222,True,,,,,,,,,,1.0,1.0,1.0,1.0,0.6126063093171603,1.0,1.0,1.0,1.0,0.8789394716616126
1302,b3d317372d76fa570,True,,,,,,,,,,1.0,1.0,1.0,1.0,0.0,1.0,0.0,1.0,0.0,0.4375
1303,2614f6ffeaef993a9,True,,,,,,,,,,1.0,1.0,1.0,1.0,0.65887523153684,1.0,0.0,1.0,1.0,0.7683985098552625
1304,548f3a3e3c14a9e80,True,,,,,,,,,,1.0,1.0,0.0,1.0,1.0,1.0,0.0,1.0,0.0,0.0
1305,1ba581b05f68a9417,True,,,,,,,,,,1.0,1.0,1.0,1.0,0.466472414446449,1.0,1.0,1.0,0.0,0.7082726295145153
1306,f27131cc726cc7eb7,True,,,,,,,,,,1.0,1.0,1.0,1.0,0.4944707396218193,1.0,1.0,1.0,1.0,0.8420221061318185
1307,1d56f1ceb0d56960c,True,,,,,,,,,,1.0,1.0,1.0,1.0,1.0,1.0,1.0,1.0,1.0,1.0
1308,1e114b2c7da13a9b8,True,,,,,,,,,,1.0,1.0,1.0,1.0,0.5324702758004964,1.0,1.0,1.0,1.0,0.8538969611876551
1309,7daae87faa1540ace,True,,,,,,,,,,1.0,1.0,1.0,1.0,0.8035007240567409,1.0,0.0,1.0,1.0,0.8135939762677316
1310,29099b056d78d6ffb,True,,,,,,,,,,1.0,1.0,1.0,1.0,0.4507747214713875,1.0,0.0,1.0,0.0,0.5783671004598085
1311,fb300036a09e3c31c,True,,,,,,,,,,1.0,0.0,1.0,1.0,1.0,1.0,0.0,1.0,0.0,0.0
1312,f8632cecfa6bdd21f,True,,,,,,,,,,1.0,1.0,0.5,1.0,1.0,1.0,0.0,1.0,1.0,0.4375
1313,a8f42da9ce93b404d,True,,,,,,,,,,1.0,0.0,1.0,1.0,0.1899701686092758,1.0,1.0,0.0,0.0,0.0
1314,c2453cf14f2d02b30,True,,,,,,,,,,1.0,1.0,1.0,1.0,0.6142731776366517,1.0,1.0,1.0,0.0,0.7544603680114537
1315,9e9f60c0dd89a3428,True,,,,,,,,,,1.0,1.0,1.0,1.0,0.6210170102813855,1.0,0.0,1.0,0.0,0.631567815712933
1316,28d54bc8604f16c63,True,,,,,,,,,,1.0,1.0,1.0,1.0,1.0,1.0,0.0,1.0,1.0,0.875
1317,d57d9c1eba8896d77,True,,,,,,,,,,1.0,1.0,1.0,1.0,0.7505810523957731,1.0,0.0,1.0,0.0,0.6720565788736791
1318,d5b310b71bd0dd6fd,True,,,,,,,,,,1.0,1.0,1.0,1.0,0.736540089026055,1.0,1.0,1.0,1.0,0.9176687778206422
1319,1a06b94eb28c15802,True,,,,,,,,,,1.0,1.0,1.0,1.0,1.0,1.0,0.0,1.0,1.0,0.875
1320,5f175bac4c1de5964,True,,,,,,,,,,1.0,1.0,1.0,1.0,0.6631948820439565,1.0,0.0,1.0,1.0,0.7697484006387364
1321,7052cedfc597ff134,True,,,,,,,,,,1.0,1.0,1.0,1.0,0.7150581288711917,1.0,0.0,1.0,1.0,0.7859556652722475
1322,c8d8656019a0cad0e,True,,,,,,,,,,1.0,1.0,1.0,1.0,0.7533459171673135,1.0,1.0,1.0,1.0,0.9229205991147856
1323,2d73739d94bdfb12e,True,,,,,,,,,,0.0,1.0,1.0,1.0,1.0,0.0,0.0,1.0,0.0,0.0
1324,62bb22ff90b4ff60a,True,,,,,,,,,,1.0,1.0,1.0,1.0,0.5931928978696278,1.0,0.0,1.0,0.0,0.6228727805842587
1325,eb2b9b57bc8fba12d,True,,,,,,,,,,1.0,1.0,1.0,1.0,0.8307137522378234,1.0,0.0,1.0,1.0,0.8220980475743198
1326,9c439f9711b4d4d8a,True,,,,,,,,,,1.0,1.0,1.0,1.0,0.6869957791903828,1.0,1.0,1.0,0.0,0.7771861809969947
1327,886484d2bedf04b15,True,,,,,,,,,,1.0,0.0,1.0,1.0,0.5814437503510623,1.0,1.0,1.0,1.0,0.0
1328,8ae96b22321e730ee,True,,,,,,,,,,1.0,1.0,1.0,1.0,0.6879257817091184,1.0,0.0,1.0,0.0,0.6524768067840996
1329,8ff15043e7dd18ac8,True,,,,,,,,,,1.0,0.0,1.0,1.0,0.6927109637166676,1.0,0.0,1.0,0.0,0.0
1330,8f458d524a4774548,True,,,,,,,,,,1.0,1.0,1.0,1.0,1.0,1.0,0.0,1.0,1.0,0.875
1331,983f5e64888cf8b80,True,,,,,,,,,,1.0,1.0,1.0,1.0,0.8541893669031693,1.0,0.0,1.0,0.0,0.7044341771572404
1332,b7161060a1ad34cc6,True,,,,,,,,,,1.0,0.0,1.0,1.0,1.0,1.0,0.0,0.0,0.0,0.0
1333,c3fd5d39095bf7d25,True,,,,,,,,,,0.0,1.0,1.0,1.0,1.0,0.0,0.0,1.0,0.0,0.0
1334,203c4d85b696869d7,True,,,,,,,,,,1.0,1.0,1.0,1.0,0.899601621114463,1.0,1.0,1.0,1.0,0.9686255065982696
1335,0908976a3d8f0a196,True,,,,,,,,,,1.0,1.0,1.0,1.0,0.739412703797295,1.0,1.0,1.0,0.0,0.7935664699366547
1336,ca4906fdbc82a1b29,True,,,,,,,,,,1.0,1.0,1.0,1.0,0.640613733131255,1.0,1.0,1.0,1.0,0.8876917916035172
1337,12eccd64a8e27f82f,True,,,,,,,,,,1.0,0.0,0.0,1.0,1.0,1.0,0.0,1.0,1.0,0.0
1338,97e30986c37339a1b,True,,,,,,,,,,1.0,1.0,1.0,1.0,0.8147329924755471,1.0,1.0,1.0,1.0,0.9421040601486084
1339,beb03158751d7049b,True,,,,,,,,,,1.0,1.0,1.0,1.0,0.6304874076063337,1.0,0.0,1.0,0.0,0.6345273148769792
1340,3042cb349e2487756,True,,,,,,,,,,1.0,1.0,1.0,1.0,1.0,1.0,1.0,1.0,0.0,0.875
1341,b795e9c4c8fde41bb,True,,,,,,,,,,1.0,0.0,0.5,1.0,1.0,1.0,0.0,1.0,0.0,0.0
1342,915f97c98701afaae,True,,,,,,,,,,1.0,1.0,0.0,1.0,0.7687125336528978,1.0,0.0,1.0,0.0,0.0
1343,44200def81a985e9f,True,,,,,,,,,,0.5,1.0,1.0,1.0,1.0,0.0,0.0,1.0,0.0,0.21875
1344,4466bfd1bb50dfc53,True,,,,,,,,,,1.0,1.0,1.0,1.0,0.7138927507013929,1.0,1.0,1.0,0.0,0.7855914845941853
1345,5843e4397b88575b2,True,,,,,,,,,,1.0,1.0,1.0,1.0,1.0,1.0,0.0,1.0,0.0,0.75
1346,85e4825cd9ff0b2e5,True,,,,,,,,,,1.0,1.0,1.0,1.0,1.0,0.0,0.0,1.0,0.0,0.4375
1347,74dc897cc60962fc0,True,,,,,,,,,,1.0,1.0,1.0,1.0,1.0,1.0,0.0,0.0,0.0,0.625
1348,9bd2024518849085f,True,,,,,,,,,,1.0,1.0,0.0,1.0,0.6758498584693976,1.0,0.0,1.0,0.0,0.0
1349,f35bd9cd53bff0ecd,True,,,,,,,,,,0.0,1.0,1.0,1.0,1.0,0.0,1.0,1.0,1.0,0.0
1350,393ebaed8cd47962e,True,,,,,,,,,,1.0,1.0,1.0,1.0,0.668161975054419,1.0,1.0,1.0,0.0,0.7713006172045059
1351,a423127bc4cb28773,True,,,,,,,,,,1.0,1.0,1.0,1.0,0.546426457822426,1.0,1.0,1.0,0.0,0.7332582680695081
1352,bec83a5e0a0ea8c80,True,,,,,,,,,,1.0,1.0,1.0,1.0,0.7938447661704816,1.0,0.0,1.0,1.0,0.8105764894282755
1353,c51bc3907e1c3fbac,True,,,,,,,,,,1.0,0.0,1.0,1.0,0.5474493139302332,1.0,1.0,1.0,1.0,0.0
1354,7b6d8fa488a09b8d3,True,,,,,,,,,,1.0,1.0,1.0,1.0,0.6480035488255677,1.0,1.0,1.0,0.0,0.7650011090079899
1355,9a5b2373854e11383,True,,,,,,,,,,1.0,1.0,1.0,1.0,1.0,1.0,0.0,1.0,0.0,0.75
1356,aeec01880eb4ba54b,True,,,,,,,,,,1.0,0.0,1.0,1.0,1.0,1.0,0.0,1.0,1.0,0.0
1357,87f8776a408095eee,True,,,,,,,,,,1.0,1.0,1.0,1.0,0.562719979109766,1.0,1.0,1.0,1.0,0.8633499934718019
1358,ef4eaef1d214e7da8,True,,,,,,,,,,1.0,1.0,1.0,1.0,0.8447903290023235,1.0,1.0,1.0,1.0,0.951496977813226
1359,1ddeaca2c3ce651e2,True,,,,,,,,,,1.0,1.0,1.0,1.0,0.7921361991562957,1.0,1.0,1.0,1.0,0.9350425622363424
1360,1087cd8acf5661e9c,True,,,,,,,,,,1.0,1.0,1.0,1.0,0.7180977574044033,1.0,0.0,1.0,1.0,0.786905549188876
1361,3fb88c089daff90ac,True,,,,,,,,,,1.0,1.0,1.0,1.0,0.7019072227216628,1.0,1.0,1.0,0.0,0.7818460071005197
1362,83d2191f456a3fa85,True,,,,,,,,,,1.0,1.0,1.0,1.0,0.6819670305646224,1.0,1.0,1.0,1.0,0.9006146970514445
1363,c21a8802e9c30c4ba,True,,,,,,,,,,1.0,1.0,0.5,1.0,0.5938370079670754,1.0,0.0,1.0,1.0,0.3740370324948555
1364,8d00654f6a07c6c75,True,,,,,,,,,,1.0,1.0,1.0,1.0,0.7685164202879512,1.0,1.0,1.0,1.0,0.9276613813399848
1365,f7c257dc15f6031fb,True,,,,,,,,,,1.0,1.0,1.0,1.0,0.8150395982006506,1.0,0.0,1.0,0.0,0.6921998744377034
1366,1106accd2b5707701,True,,,,,,,,,,1.0,1.0,1.0,1.0,1.0,0.0,0.0,1.0,1.0,0.5625
1367,b71bf73462ddcaa0c,True,,,,,,,,,,1.0,1.0,1.0,1.0,0.8142758306813004,1.0,0.0,1.0,1.0,0.8169611970879064
1368,5e5a2a6c7ddbfc092,True,,,,,,,,,,1.0,0.0,1.0,1.0,0.5322184065530345,1.0,1.0,1.0,0.0,0.0
1369,3d7cd2f667f2292d5,True,,,,,,,,,,1.0,0.0,0.5,1.0,0.4381567015405825,1.0,0.0,0.0,1.0,0.0
1370,9c691b673576a2299,True,,,,,,,,,,1.0,1.0,1.0,1.0,0.2500127829441623,1.0,1.0,1.0,0.0,0.6406289946700507
1371,d7a37061fcfc5dfd1,True,,,,,,,,,,1.0,1.0,1.0,1.0,1.0,1.0,0.0,1.0,0.0,0.75
1372,f3852b4bdec74eddc,True,,,,,,,,,,1.0,1.0,1.0,1.0,1.0,1.0,1.0,1.0,0.0,0.875
1373,b6a166b330b3673a8,True,,,,,,,,,,1.0,1.0,1.0,1.0,0.6130507642523986,1.0,1.0,1.0,0.0,0.7540783638288746
1374,493a69b930b600eb5,True,,,,,,,,,,1.0,1.0,1.0,1.0,0.8830582429239415,1.0,1.0,1.0,1.0,0.9634557009137316
1375,7dd7378a3a19d8a0e,True,,,,,,,,,,1.0,1.0,1.0,1.0,0.7301872171442746,1.0,1.0,1.0,1.0,0.9156835053575858
1376,403fbd9b66d2c8d5f,True,,,,,,,,,,1.0,0.0,1.0,1.0,1.0,1.0,0.0,0.0,0.0,0.0
1377,e3b56ed4a85f713c8,True,,,,,,,,,,0.0,1.0,1.0,1.0,1.0,0.0,1.0,1.0,0.0,0.0
1378,66582437b06794318,True,,,,,,,,,,1.0,1.0,0.0,1.0,1.0,0.0,1.0,1.0,0.0,0.0
1379,ebf583743cf822ad6,True,,,,,,,,,,1.0,1.0,1.0,1.0,0.7773603677446941,1.0,0.0,1.0,0.0,0.680425114920217
1380,2160f6e5d4720f94b,True,,,,,,,,,,1.0,0.0,1.0,1.0,1.0,1.0,0.0,1.0,1.0,0.0
1381,1282ea8855e3dab29,True,,,,,,,,,,1.0,1.0,1.0,1.0,1.0,1.0,1.0,1.0,0.0,0.875
1382,8a8e36fc6f3133ab1,True,,,,,,,,,,1.0,1.0,1.0,1.0,0.3170240060206046,1.0,0.0,1.0,1.0,0.661570001881439
1383,28203b9c4a54e7875,True,,,,,,,,,,0.0,1.0,1.0,1.0,1.0,0.0,0.0,1.0,0.0,0.0
1384,7c851ab07e3f1d15f,True,,,,,,,,,,1.0,1.0,1.0,1.0,0.5611435614726036,1.0,1.0,1.0,1.0,0.8628573629601886
1385,2a32769c4b35a8c07,True,,,,,,,,,,1.0,1.0,1.0,1.0,0.4771095080880165,1.0,1.0,1.0,0.0,0.7115967212775052
1386,880ea2e1739fd042f,True,,,,,,,,,,1.0,1.0,1.0,1.0,0.27839026098391,1.0,1.0,1.0,1.0,0.7744969565574719
1387,1d7b812f26f914c71,True,,,,,,,,,,1.0,1.0,1.0,1.0,0.3335393334541729,1.0,1.0,1.0,0.0,0.666731041704429
1388,6139b967f50241e4f,True,,,,,,,,,,1.0,1.0,1.0,1.0,0.3823358435987218,1.0,0.0,1.0,0.0,0.5569799511246005
1389,566746c1b29ff6a10,True,,,,,,,,,,1.0,1.0,1.0,1.0,0.8721054015992779,1.0,1.0,1.0,0.0,0.8350329379997743
1390,297ba1c65109e01ba,True,,,,,,,,,,1.0,1.0,1.0,1.0,0.2768349276664783,1.0,1.0,0.0,0.0,0.5240109148957744
1391,0802cacabc6a28d18,True,,,,,,,,,,1.0,1.0,1.0,1.0,0.649198729072158,1.0,0.0,1.0,1.0,0.7653746028350494
1392,403463355af416781,True,,,,,,,,,,1.0,1.0,1.0,1.0,0.4392589815795293,1.0,0.0,1.0,1.0,0.6997684317436029
1393,93558974f46d692e7,True,,,,,,,,,,1.0,1.0,1.0,1.0,0.9090591237122134,1.0,1.0,1.0,0.0,0.8465809761600667
1394,e67970e73b3daa612,True,,,,,,,,,,1.0,1.0,1.0,1.0,0.9156347097323498,1.0,0.0,1.0,1.0,0.8486358467913593
1395,b06305fffe2e19174,True,,,,,,,,,,1.0,1.0,0.0,1.0,0.7182505623502133,1.0,0.0,1.0,1.0,0.0
1396,045c91494e0548007,True,,,,,,,,,,1.0,1.0,1.0,1.0,0.4593272500230299,1.0,1.0,1.0,1.0,0.8310397656321968
1397,7db61b66f69a92843,True,,,,,,,,,,1.0,1.0,1.0,1.0,0.0811850522399464,1.0,1.0,1.0,1.0,0.7128703288249832
1398,5d72351d0cf4540a5,True,,,,,,,,,,1.0,0.0,1.0,1.0,0.719737122379048,1.0,1.0,1.0,1.0,0.0
1399,29e70aa1afb308764,True,,,,,,,,,,0.0,1.0,1.0,1.0,0.5638833310248536,0.0,0.0,0.0,0.0,0.0
1400,c4f1bbae37da9b03a,True,,,,,,,,,,1.0,1.0,1.0,1.0,0.2554564590813618,1.0,1.0,1.0,1.0,0.7673301434629256
1401,4d6386d3f9143b9e0,True,,,,,,,,,,1.0,1.0,1.0,1.0,0.9476914474644118,1.0,0.0,1.0,0.0,0.7336535773326287
1402,59ea6f742dc62b430,True,,,,,,,,,,1.0,0.0,1.0,1.0,0.2315265051716303,1.0,1.0,1.0,0.0,0.0
1403,f38027c813030f619,True,,,,,,,,,,1.0,1.0,1.0,1.0,0.8495124845093737,1.0,1.0,1.0,0.0,0.8279726514091792
1404,d5e47bbb90de1d48f,True,,,,,,,,,,1.0,1.0,1.0,1.0,1.0,1.0,0.0,1.0,0.0,0.75
1405,1442b131da263f4dc,True,,,,,,,,,,1.0,1.0,1.0,1.0,0.5557632430887129,1.0,1.0,1.0,1.0,0.8611760134652228
1406,875f6c89666fde397,True,,,,,,,,,,1.0,1.0,1.0,1.0,0.6432442581334529,1.0,1.0,1.0,0.0,0.763513830666704
1407,e8015a37a1ba3f7a3,True,,,,,,,,,,1.0,1.0,1.0,1.0,0.387918918220221,1.0,1.0,1.0,1.0,0.8087246619438191
1408,6e10df391ad68426e,True,,,,,,,,,,1.0,0.0,1.0,1.0,1.0,1.0,1.0,1.0,1.0,0.0
1409,bd4e6cf360c4e8c49,True,,,,,,,,,,1.0,1.0,1.0,1.0,0.7882787476444421,1.0,1.0,1.0,1.0,0.933837108638888
1410,fd168a37bcc4550df,True,,,,,,,,,,1.0,1.0,1.0,1.0,0.708310842453943,1.0,0.0,1.0,0.0,0.6588471382668573
1411,8cc9b24e2d92d273a,True,,,,,,,,,,1.0,1.0,1.0,1.0,0.4655509451918999,1.0,0.0,1.0,1.0,0.7079846703724687
1412,5f2803a94f9f2adba,True,,,,,,,,,,1.0,1.0,1.0,1.0,0.3663638553132073,1.0,1.0,1.0,1.0,0.8019887047853773
1413,b83c30081d33ba2dd,True,,,,,,,,,,1.0,1.0,1.0,1.0,0.8094699833532399,1.0,1.0,1.0,1.0,0.9404593697978876
1414,da2b9a69d4322c6e8,True,,,,,,,,,,1.0,1.0,1.0,1.0,0.5976212895969102,1.0,1.0,1.0,0.0,0.7492566529990344
1415,54ccf1e5e48744666,True,,,,,,,,,,1.0,1.0,0.0,1.0,1.0,1.0,0.0,1.0,1.0,0.0
1416,5275c2d3d823a5476,True,,,,,,,,,,1.0,0.0,1.0,1.0,0.7664303552017754,1.0,1.0,1.0,0.0,0.0
1417,9e4b9c5c9c0f63038,True,,,,,,,,,,1.0,1.0,1.0,1.0,0.7442014817922857,1.0,0.0,0.0,0.0,0.5450629630600893
1418,b5d691e56539e289e,True,,,,,,,,,,1.0,0.0,1.0,1.0,0.7538608104803342,1.0,1.0,1.0,1.0,0.0
1419,168a27b36c1bcf538,True,,,,,,,,,,1.0,1.0,0.0,1.0,1.0,1.0,0.0,1.0,0.0,0.0
1420,f11c7bd81d7370578,True,,,,,,,,,,1.0,1.0,1.0,1.0,0.6665433741831392,1.0,0.0,1.0,0.0,0.645794804432231
1421,3ba190ee6bf34b836,True,,,,,,,,,,1.0,1.0,1.0,1.0,1.0,1.0,1.0,1.0,1.0,1.0
1422,cd454286dc0a75391,True,,,,,,,,,,1.0,1.0,1.0,1.0,1.0,1.0,1.0,1.0,1.0,1.0
1423,eadba795c4950544f,True,,,,,,,,,,1.0,1.0,1.0,1.0,0.618027093909712,1.0,1.0,1.0,0.0,0.755633466846785
1424,94fe185f4d4ccc501,True,,,,,,,,,,1.0,1.0,1.0,1.0,0.413960967151484,1.0,1.0,1.0,0.0,0.6918628022348388
1425,c3fa7a5ee86676098,True,,,,,,,,,,1.0,1.0,1.0,1.0,0.7535997346083777,1.0,1.0,1.0,1.0,0.922999917065118
1426,4831965b341a7fca8,True,,,,,,,,,,1.0,1.0,1.0,1.0,0.6484648418007,1.0,1.0,1.0,1.0,0.8901452630627187
1427,dcf0be9d22af78eca,True,,,,,,,,,,1.0,1.0,1.0,1.0,0.5284122368159041,1.0,1.0,1.0,1.0,0.85262882400497
1428,1b9be7126769fdb92,True,,,,,,,,,,1.0,1.0,1.0,1.0,0.7364727902713852,1.0,1.0,1.0,1.0,0.917647746959808
1429,bee1f7c478d5663fc,True,,,,,,,,,,1.0,1.0,1.0,1.0,1.0,1.0,0.0,1.0,1.0,0.875
1430,23c64b101bb797591,True,,,,,,,,,,1.0,1.0,0.5,1.0,1.0,1.0,0.0,1.0,0.0,0.375
1431,8966a0b08b0be94e9,True,,,,,,,,,,1.0,1.0,0.0,1.0,1.0,1.0,0.0,1.0,1.0,0.0
1432,781d4b5658394c5ca,True,,,,,,,,,,1.0,1.0,1.0,1.0,0.941425521059842,1.0,0.0,1.0,1.0,0.8566954753312006
1433,c19d3aa3c7a6557a9,True,,,,,,,,,,1.0,1.0,1.0,1.0,0.2734869439270319,1.0,1.0,1.0,1.0,0.7729646699771975
1434,6a18b0260de73481a,True,,,,,,,,,,1.0,0.0,1.0,1.0,1.0,1.0,1.0,1.0,0.0,0.0
1435,d218a0af775558af6,True,,,,,,,,,,1.0,1.0,0.0,1.0,0.681785715904612,1.0,0.0,1.0,1.0,0.0
1436,0f261a9f083cf0d25,True,,,,,,,,,,1.0,1.0,1.0,1.0,0.5162498846993478,1.0,0.0,1.0,0.0,0.5988280889685462
1437,c40981d1d4e696de2,True,,,,,,,,,,1.0,0.0,1.0,1.0,0.4962679342595308,1.0,0.0,1.0,1.0,0.0
1438,63c41e35465456dc7,True,,,,,,,,,,1.0,1.0,0.0,1.0,1.0,1.0,0.0,1.0,0.0,0.0
1439,9a5590594b11e4e0d,True,,,,,,,,,,1.0,1.0,1.0,1.0,0.7548912601446207,1.0,1.0,1.0,0.0,0.798403518795194
1440,2526f4007f6477420,True,,,,,,,,,,1.0,1.0,1.0,1.0,0.7974928667485681,1.0,1.0,1.0,0.0,0.8117165208589275
1441,f5ffbc82e55558f49,True,,,,,,,,,,1.0,0.0,1.0,1.0,0.631471854344738,1.0,1.0,1.0,0.0,0.0
1442,4df02e870186ea610,True,,,,,,,,,,1.0,1.0,1.0,1.0,0.4634950157726072,1.0,1.0,1.0,0.0,0.7073421924289398
1443,1b7254e27f1faae48,True,,,,,,,,,,0.0,1.0,1.0,1.0,1.0,0.0,1.0,1.0,1.0,0.0
1444,8413ea29ea72fdfde,True,,,,,,,,,,1.0,1.0,1.0,1.0,0.5738439197041152,1.0,1.0,1.0,1.0,0.866826224907536
1445,27c67d28b70d594c7,True,,,,,,,,,,1.0,1.0,1.0,1.0,0.7785947304250265,1.0,1.0,1.0,0.0,0.8058108532578208
1446,917bf16baa9646d6c,True,,,,,,,,,,1.0,1.0,1.0,1.0,0.1864420683422811,1.0,1.0,1.0,1.0,0.7457631463569628
1447,e3a1602ce511b854c,True,,,,,,,,,,1.0,1.0,1.0,1.0,0.7143070488137668,1.0,1.0,1.0,1.0,0.910720952754302
1448,dccd172b97cc9b305,True,,,,,,,,,,1.0,1.0,1.0,1.0,0.3913254395579104,1.0,1.0,1.0,0.0,0.6847891998618469
1449,74e68e4dba8d14dfa,True,,,,,,,,,,1.0,0.0,1.0,1.0,1.0,1.0,1.0,1.0,0.0,0.0
1450,02d45c7622ee47f85,True,,,,,,,,,,1.0,1.0,0.5,1.0,1.0,1.0,0.0,1.0,0.0,0.375
1451,db5fcc30f71c49f32,True,,,,,,,,,,1.0,1.0,1.0,1.0,0.7628240251588325,1.0,0.0,1.0,1.0,0.8008825078621351
1452,a42fb99bdb7e61156,True,,,,,,,,,,1.0,1.0,1.0,1.0,0.5481443260443987,1.0,1.0,1.0,1.0,0.8587951018888746
1453,82d900751ef2cc1dc,True,,,,,,,,,,1.0,1.0,1.0,1.0,1.0,1.0,0.0,1.0,1.0,0.875
1454,fe96f199e96744aa6,True,,,,,,,,,,1.0,1.0,1.0,1.0,0.0903824844855164,1.0,1.0,1.0,0.0,0.5907445264017239
1455,05eb9641b2003663e,True,,,,,,,,,,1.0,0.0,1.0,1.0,1.0,1.0,1.0,1.0,1.0,0.0
1456,5a7bb6958f668a475,True,,,,,,,,,,0.0,1.0,0.5,1.0,1.0,0.0,1.0,1.0,1.0,0.0
1457,1fbe931a028dff6f9,True,,,,,,,,,,1.0,1.0,0.0,1.0,1.0,1.0,1.0,1.0,0.0,0.0
1458,9abae68cd6e25c030,True,,,,,,,,,,1.0,1.0,1.0,1.0,0.242046560880315,1.0,1.0,1.0,0.0,0.6381395502750984
1459,6d7bece364fac8d01,True,,,,,,,,,,1.0,0.0,1.0,1.0,1.0,1.0,0.0,0.0,0.0,0.0
1460,ab4161a99b49b3ba2,True,,,,,,,,,,1.0,1.0,1.0,1.0,0.6132563445611455,1.0,1.0,0.0,0.0,0.629142607675358
1461,0ec4048ba57347962,True,,,,,,,,,,0.0,1.0,0.0,1.0,1.0,0.0,0.0,1.0,0.0,0.0
1462,d1982bae71566acc5,True,,,,,,,,,,0.0,1.0,1.0,1.0,1.0,0.0,1.0,1.0,0.0,0.0
1463,38158890d40f83da6,True,,,,,,,,,,0.0,1.0,1.0,1.0,1.0,0.0,0.0,1.0,0.0,0.0
1464,f4012a586df6289ed,True,,,,,,,,,,0.5,0.0,1.0,1.0,0.9805473478346706,0.0,0.0,1.0,1.0,0.0
1465,4b9efbcd44942d553,True,,,,,,,,,,1.0,1.0,1.0,1.0,0.4491474697205358,1.0,1.0,1.0,0.0,0.7028585842876675
1466,81c9c878090cea034,True,,,,,,,,,,1.0,1.0,1.0,1.0,0.5180707195394014,1.0,1.0,1.0,1.0,0.8493970998560629
1467,d50691398e89c58dd,True,,,,,,,,,,1.0,1.0,0.5,1.0,0.6291998417436656,1.0,0.0,1.0,1.0,0.3795624752724477
1468,04d4c78cf88a3c506,True,,,,,,,,,,1.0,1.0,1.0,1.0,0.1960127220512026,1.0,1.0,1.0,0.0,0.6237539756410009
1469,2ad6d15da5c47d1be,True,,,,,,,,,,1.0,0.0,1.0,1.0,0.6820166188642555,1.0,1.0,1.0,1.0,0.0
1470,1ac3e56e5a46a2f3a,True,,,,,,,,,,1.0,1.0,1.0,1.0,1.0,1.0,1.0,1.0,1.0,1.0
1471,3d35e2b7007a10159,True,,,,,,,,,,1.0,1.0,1.0,1.0,1.0,1.0,0.0,1.0,0.0,0.75
1472,591164dffebc72c33,True,,,,,,,,,,1.0,1.0,1.0,1.0,1.0,1.0,1.0,1.0,1.0,1.0
1473,00c800ba9acb02aa0,True,,,,,,,,,,1.0,1.0,1.0,1.0,0.681916832723011,1.0,1.0,1.0,1.0,0.9005990102259409
1474,d8d45144c24388dfb,True,,,,,,,,,,1.0,0.0,1.0,1.0,1.0,1.0,0.0,1.0,0.0,0.0
1475,23a9805ef118f909c,True,,,,,,,,,,1.0,1.0,1.0,1.0,0.781576473604617,1.0,0.0,1.0,1.0,0.8067426480014428
1476,996756f9de2d21bac,True,,,,,,,,,,1.0,1.0,1.0,1.0,1.0,1.0,1.0,1.0,1.0,1.0
1477,4f498e8f4ae7fedd5,True,,,,,,,,,,1.0,0.0,1.0,1.0,1.0,1.0,0.0,1.0,0.0,0.0
1478,96e90fd2233ad685a,True,,,,,,,,,,1.0,1.0,0.5,1.0,0.9293937342501012,1.0,0.0,0.0,0.0,0.3014677709765783
1479,4f8dbc02e3dd5b958,True,,,,,,,,,,0.0,1.0,1.0,1.0,1.0,0.0,1.0,1.0,0.0,0.0
1480,6ef6514c231637cbf,True,,,,,,,,,,1.0,1.0,1.0,1.0,0.8374969671121028,1.0,1.0,1.0,1.0,0.9492178022225322
1481,36c3a5d31d406a1c2,True,,,,,,,,,,1.0,1.0,1.0,1.0,0.916903942933199,1.0,1.0,1.0,1.0,0.9740324821666246
1482,522f0d16763a76d06,True,,,,,,,,,,1.0,1.0,1.0,1.0,0.5665168339850484,1.0,1.0,1.0,1.0,0.8645365106203275
1483,5922fad17f2f5e59f,True,,,,,,,,,,1.0,1.0,0.0,1.0,1.0,0.0,0.0,0.0,0.0,0.0
1484,f705ea7622e27d209,True,,,,,,,,,,0.0,1.0,1.0,1.0,0.8454849973810992,0.0,0.0,1.0,1.0,0.0
1485,0225e9a16d781eb96,True,,,,,,,,,,0.0,1.0,1.0,1.0,0.6848627274954009,0.0,1.0,0.0,0.0,0.0
1486,96ae6eb1972fb4ba7,True,,,,,,,,,,1.0,1.0,0.5,1.0,0.5784496313012734,1.0,0.0,0.0,0.0,0.2466327548908239
1487,ecb1dd4076b28cd84,True,,,,,,,,,,1.0,0.0,1.0,1.0,1.0,1.0,1.0,1.0,0.0,0.0
1488,abb500cc3351d897a,True,,,,,,,,,,1.0,1.0,1.0,1.0,0.6048072428585513,1.0,0.0,1.0,1.0,0.7515022633932973
1489,4c3e13d3975af4927,True,,,,,,,,,,1.0,1.0,1.0,1.0,0.8405920487018035,1.0,1.0,1.0,1.0,0.9501850152193136
1490,7d44659c706a23779,True,,,,,,,,,,0.0,1.0,1.0,1.0,1.0,0.0,0.0,1.0,1.0,0.0
1491,9fd492f6ce88318ef,True,,,,,,,,,,1.0,0.0,1.0,1.0,0.6733881660178926,1.0,1.0,1.0,0.0,0.0
1492,3994aa71c5443aea3,True,,,,,,,,,,1.0,1.0,1.0,1.0,0.8502936507515428,1.0,0.0,1.0,1.0,0.8282167658598572
1493,37f45087a3d60aaff,True,,,,,,,,,,1.0,1.0,1.0,1.0,0.6643787958179119,0.0,0.0,1.0,0.0,0.3326183736930975
1494,ead470fc76d3720d5,True,,,,,,,,,,1.0,1.0,1.0,1.0,0.1675589661689315,1.0,1.0,1.0,1.0,0.7398621769277911
1495,65d1dc0e08fdbab3c,True,,,,,,,,,,1.0,1.0,1.0,1.0,0.9922913531370132,1.0,1.0,0.0,0.0,0.7475910478553167
1496,b710f4583e83f5650,True,,,,,,,,,,1.0,1.0,1.0,1.0,0.415904099153277,1.0,1.0,1.0,0.0,0.692470030985399
1497,500c799cf6e33c39e,True,,,,,,,,,,1.0,1.0,1.0,1.0,0.7361482055731875,1.0,1.0,1.0,1.0,0.9175463142416213
1498,f6eee6000df177477,True,,,,,,,,,,1.0,0.0,1.0,1.0,1.0,1.0,0.0,1.0,1.0,0.0
1499,8d65d3f4d930b58ae,True,,,,,,,,,,1.0,1.0,1.0,1.0,0.3069774106694736,1.0,1.0,0.0,0.0,0.5334304408342105
1500,2653246a8dbdf690b,True,,,,,,,,,,1.0,1.0,1.0,1.0,0.54999695135182,1.0,0.0,1.0,1.0,0.7343740472974438
1501,b33c373192c8560d1,True,,,,,,,,,,1.0,1.0,1.0,1.0,0.4132260125943677,1.0,1.0,1.0,1.0,0.8166331289357399
1502,5f2d4a6779083a87d,True,,,,,,,,,,1.0,1.0,1.0,1.0,0.6455707688706956,1.0,1.0,1.0,0.0,0.7642408652720925
1503,87b88ec189315a232,True,,,,,,,,,,1.0,1.0,1.0,1.0,0.1759372010849767,1.0,1.0,1.0,0.0,0.6174803753390552
1504,cc5c74bb358203037,True,,,,,,,,,,1.0,0.0,0.0,1.0,1.0,1.0,0.0,1.0,1.0,0.0
1505,4447196f3f8f1a9e5,True,,,,,,,,,,0.5,0.0,1.0,1.0,1.0,0.0,0.0,0.0,0.0,0.0
1506,3fec70d4e8fe8d5b1,True,,,,,,,,,,0.0,1.0,1.0,1.0,1.0,0.0,0.0,0.0,0.0,0.0
1507,6029879ac957933a1,True,,,,,,,,,,1.0,1.0,1.0,1.0,0.9181167987366992,1.0,1.0,1.0,1.0,0.9744114996052184
1508,699104c386f974829,True,,,,,,,,,,0.0,1.0,1.0,1.0,1.0,0.0,1.0,1.0,0.0,0.0
1509,28b439620873c91b9,True,,,,,,,,,,1.0,1.0,1.0,1.0,0.5580268909393428,1.0,1.0,1.0,0.0,0.7368834034185446
1510,45a4165a206b0969b,True,,,,,,,,,,1.0,1.0,1.0,1.0,0.480598424513402,1.0,0.0,1.0,1.0,0.7126870076604381
1511,9db9a548b803b14d9,True,,,,,,,,,,1.0,1.0,1.0,1.0,0.7925544557246248,1.0,0.0,1.0,1.0,0.8101732674139452
1512,a0663290a63074719,True,,,,,,,,,,1.0,1.0,1.0,1.0,0.6241490116183533,1.0,0.0,1.0,0.0,0.6325465661307355
1513,7c5d86ba5e0d7e2a3,True,,,,,,,,,,1.0,1.0,1.0,1.0,0.4306315347388621,1.0,1.0,1.0,0.0,0.6970723546058945
1514,18087593f1147e61f,True,,,,,,,,,,1.0,1.0,1.0,1.0,0.2085545721708339,1.0,1.0,1.0,1.0,0.7526733038033856
1515,8a2f9fc5fa33f4001,True,,,,,,,,,,1.0,0.0,1.0,1.0,1.0,1.0,0.0,1.0,0.0,0.0
1516,b2a59535b3edfbc37,True,,,,,,,,,,1.0,1.0,1.0,1.0,0.7631729544887608,1.0,1.0,1.0,1.0,0.9259915482777378
1517,c6144081cdf888af5,True,,,,,,,,,,1.0,1.0,1.0,1.0,0.9407119314265954,1.0,1.0,1.0,0.0,0.8564724785708111
1518,fbce95baf9103a2ff,True,,,,,,,,,,1.0,1.0,0.0,1.0,1.0,1.0,0.0,1.0,0.0,0.0
1519,9b4ae64ef14740be5,True,,,,,,,,,,1.0,1.0,1.0,1.0,0.6153495108051226,1.0,0.0,1.0,0.0,0.6297967221266008
1520,32e9d651acdfc8f82,True,,,,,,,,,,1.0,1.0,1.0,1.0,0.6175540572154186,1.0,0.0,1.0,0.0,0.6304856428798182
1521,3fa4f9afc8577cdb1,True,,,,,,,,,,1.0,1.0,1.0,1.0,0.712084289515012,0.0,0.0,1.0,1.0,0.4725263404734412
1522,6faa95e5cb1141518,True,,,,,,,,,,1.0,1.0,1.0,1.0,0.266860627919851,1.0,0.0,1.0,0.0,0.5208939462249534
1523,57ff3b08be49081c8,True,,,,,,,,,,1.0,1.0,1.0,1.0,0.8030746516210163,1.0,0.0,1.0,1.0,0.8134608286315677
1524,0308c9d9ebeab7805,True,,,,,,,,,,1.0,1.0,1.0,1.0,0.4955802280577224,1.0,1.0,1.0,1.0,0.8423688212680382
1525,c4aee2d09a8407408,True,,,,,,,,,,1.0,1.0,1.0,1.0,0.7882787476444421,1.0,1.0,1.0,1.0,0.933837108638888
1526,40fd4749fb6c9cd3a,True,,,,,,,,,,1.0,1.0,1.0,1.0,0.6089611404539254,1.0,1.0,1.0,1.0,0.8778003563918517
1527,a36a2aecb6e0cc295,True,,,,,,,,,,1.0,1.0,1.0,1.0,0.9536573479243045,1.0,0.0,1.0,1.0,0.8605179212263452
1528,3b0eafa0ee94a00a4,True,,,,,,,,,,1.0,1.0,0.5,1.0,1.0,1.0,0.0,1.0,0.0,0.375
1529,fe70456ec5ebc1918,True,,,,,,,,,,1.0,1.0,1.0,1.0,0.580934771601883,1.0,1.0,1.0,0.0,0.7440421161255885
1530,a94bc6fc5f5d03f39,True,,,,,,,,,,1.0,1.0,0.0,1.0,1.0,1.0,0.0,1.0,0.0,0.0
1531,5a6b5af2e36371f17,True,,,,,,,,,,1.0,1.0,1.0,1.0,1.0,1.0,1.0,1.0,0.0,0.875
1532,8f284d670d5b623bf,True,,,,,,,,,,1.0,1.0,1.0,1.0,1.0,1.0,1.0,1.0,1.0,1.0
1533,4b3c2ee5f127a3fe4,True,,,,,,,,,,1.0,1.0,0.5,1.0,0.6570079385449406,1.0,0.0,0.0,0.0,0.2589074903976469
1534,153383cdbca3694c0,True,,,,,,,,,,1.0,0.0,1.0,1.0,0.5714271684783733,1.0,1.0,1.0,1.0,0.0
1535,472c522cbfefce360,True,,,,,,,,,,1.0,1.0,1.0,1.0,0.910588173027212,1.0,0.0,1.0,1.0,0.8470588040710038
1536,e6aacc10619a6082c,True,,,,,,,,,,1.0,1.0,1.0,1.0,0.7589709303859831,1.0,1.0,1.0,0.0,0.7996784157456197
1537,72f8e30d5fbc3839a,True,,,,,,,,,,1.0,0.0,1.0,1.0,1.0,1.0,0.0,1.0,0.0,0.0
1538,3a914696b13bea070,True,,,,,,,,,,1.0,1.0,1.0,1.0,0.3790456981778862,1.0,0.0,1.0,1.0,0.6809517806805895
1539,274217f22058c3a7c,True,,,,,,,,,,1.0,1.0,1.0,1.0,0.8285936095976808,1.0,1.0,1.0,0.0,0.8214355029992753
1540,0437e4fe123ba7e19,True,,,,,,,,,,1.0,1.0,1.0,1.0,1.0,1.0,1.0,1.0,0.0,0.875
1541,042bf7d6a0f98a104,True,,,,,,,,,,1.0,1.0,0.5,1.0,0.9778610565850612,1.0,0.0,1.0,0.0,0.3715407900914158
1542,4e1091afb4068e9ee,True,,,,,,,,,,1.0,1.0,0.0,1.0,1.0,1.0,0.0,1.0,1.0,0.0
1543,80bd77183c8a411b9,True,,,,,,,,,,1.0,0.0,1.0,1.0,1.0,1.0,1.0,1.0,1.0,0.0
1544,95f0d6c3b4018f122,True,,,,,,,,,,1.0,1.0,1.0,1.0,0.8078588579777718,1.0,1.0,1.0,0.0,0.8149558931180536
1545,09eeb5f6259309d1e,True,,,,,,,,,,0.0,1.0,1.0,1.0,1.0,0.0,1.0,1.0,0.0,0.0
1546,570c63685f0d25c8f,True,,,,,,,,,,1.0,1.0,1.0,1.0,0.6289016725298756,1.0,1.0,1.0,0.0,0.7590317726655862
1547,cd8ff4168df3741e2,True,,,,,,,,,,1.0,1.0,1.0,1.0,0.500002797943256,1.0,1.0,1.0,0.0,0.7187508743572675
1548,9e3a4761b9b643940,True,,,,,,,,,,1.0,0.0,0.5,1.0,1.0,1.0,0.0,1.0,0.0,0.0
1549,807ac1c906c9cfc44,True,,,,,,,,,,1.0,1.0,1.0,1.0,0.6525993564225337,1.0,1.0,1.0,1.0,0.8914372988820418
1550,845c54f5c31f66323,True,,,,,,,,,,1.0,1.0,1.0,1.0,0.8317243539073784,1.0,1.0,1.0,1.0,0.9474138605960558
1551,de3881c003667e53e,True,,,,,,,,,,0.0,1.0,1.0,1.0,1.0,0.0,0.0,1.0,1.0,0.0
1552,5220d7e21ab6ff818,True,,,,,,,,,,1.0,0.0,1.0,1.0,0.3793439049851644,1.0,1.0,1.0,1.0,0.0
1553,4fa2e904e6a4504ba,True,,,,,,,,,,1.0,0.0,0.5,1.0,1.0,1.0,0.0,1.0,0.0,0.0
1554,c596165a8d328b5dd,True,,,,,,,,,,1.0,1.0,1.0,1.0,1.0,1.0,1.0,1.0,1.0,1.0
1555,f6557e9f386193dfc,True,,,,,,,,,,1.0,1.0,1.0,1.0,0.3443360575777011,1.0,1.0,1.0,1.0,0.7951050179930316
1556,ae09f26f3f98c0e0e,True,,,,,,,,,,1.0,1.0,0.0,1.0,0.968301339712748,1.0,0.0,1.0,0.0,0.0
1557,78ff4a8811ea50019,True,,,,,,,,,,1.0,1.0,1.0,1.0,1.0,1.0,1.0,1.0,1.0,1.0
1558,34bba0aaea8099d53,True,,,,,,,,,,1.0,1.0,1.0,1.0,1.0,1.0,0.0,1.0,1.0,0.875
1559,ac132e5b2d0fb3476,True,,,,,,,,,,0.0,1.0,1.0,1.0,0.6811314377911823,0.0,1.0,1.0,1.0,0.0
1560,ba1d4ee6517641b7b,True,,,,,,,,,,1.0,1.0,1.0,1.0,1.0,1.0,0.0,1.0,1.0,0.875
1561,8f3be1fe834c8e1e6,True,,,,,,,,,,1.0,1.0,1.0,1.0,1.0,1.0,0.0,1.0,0.0,0.75
1562,b4750fa326ea1085b,True,,,,,,,,,,0.0,1.0,1.0,1.0,1.0,0.0,1.0,1.0,0.0,0.0
1563,a5323cbe675ea589c,True,,,,,,,,,,1.0,1.0,1.0,1.0,0.1602120298668221,1.0,1.0,1.0,0.0,0.6125662593333819
1564,25749b785814d5941,True,,,,,,,,,,1.0,1.0,1.0,1.0,0.7371502253523504,1.0,1.0,1.0,1.0,0.9178594454226094
1565,54f184883023efbf9,True,,,,,,,,,,1.0,1.0,1.0,1.0,0.2646094308709767,1.0,1.0,1.0,1.0,0.7701904471471802
1566,d400b7a715f88fcf5,True,,,,,,,,,,1.0,0.0,1.0,1.0,0.1259082859018623,1.0,0.0,1.0,0.0,0.0
1567,64c4d0aeacb7df063,True,,,,,,,,,,1.0,1.0,1.0,1.0,0.2165299274422345,1.0,0.0,1.0,0.0,0.5051656023256983
1568,b13e0235a1932348c,True,,,,,,,,,,1.0,1.0,1.0,1.0,0.3679756588619323,1.0,0.0,1.0,1.0,0.6774923933943539
1569,b652abb8dca7b06f0,True,,,,,,,,,,1.0,1.0,1.0,1.0,0.8384601547087414,1.0,1.0,1.0,0.0,0.8245187983464817
1570,9b14a119979ac6d94,True,,,,,,,,,,1.0,1.0,1.0,1.0,1.0,1.0,0.0,1.0,0.0,0.75
1571,ca20bcf8f65e1fa9b,True,,,,,,,,,,1.0,1.0,1.0,1.0,0.2897865289788806,1.0,1.0,1.0,1.0,0.7780582903059001
1572,dc18fd577680f44b9,True,,,,,,,,,,0.0,1.0,1.0,1.0,0.3233780076192704,0.0,0.0,1.0,0.0,0.0
1573,00caf7c273c7d5065,True,,,,,,,,,,1.0,1.0,1.0,1.0,0.948807203888254,1.0,1.0,1.0,1.0,0.9840022512150792
1574,de0ea29426ca0c381,True,,,,,,,,,,1.0,1.0,1.0,1.0,0.1562175173175191,1.0,0.0,1.0,0.0,0.4863179741617247
1575,86d3c9d6518530872,True,,,,,,,,,,1.0,1.0,1.0,1.0,1.0,1.0,0.0,1.0,0.0,0.75
1576,a9b93459b8bfb00a5,True,,,,,,,,,,1.0,1.0,1.0,1.0,0.7536094973062967,1.0,1.0,0.0,0.0,0.6730029679082177
1577,b3b9360d8f660b634,True,,,,,,,,,,1.0,0.0,1.0,1.0,1.0,1.0,1.0,1.0,0.0,0.0
1578,606f1011a6999f264,True,,,,,,,,,,0.0,1.0,1.0,1.0,1.0,0.0,1.0,1.0,0.0,0.0
1579,21caa7576c2da8f7a,True,,,,,,,,,,1.0,1.0,1.0,1.0,0.5341221041980025,1.0,0.0,1.0,0.0,0.6044131575618759
1580,ed9b2e5da8e4697ad,True,,,,,,,,,,1.0,1.0,1.0,1.0,0.5996356234546117,1.0,0.0,1.0,1.0,0.7498861323295661
1581,d443dcd06a9dbae34,True,,,,,,,,,,1.0,1.0,1.0,1.0,1.0,1.0,1.0,1.0,1.0,1.0
1582,b4c09963d7ae450c8,True,,,,,,,,,,0.0,0.0,1.0,1.0,1.0,0.0,0.0,1.0,0.0,0.0
1583,b4bb23be8c8b3c00e,True,,,,,,,,,,1.0,1.0,1.0,1.0,0.7559993908373178,1.0,0.0,1.0,1.0,0.7987498096366619
1584,1d9b777552553488e,True,,,,,,,,,,1.0,1.0,0.5,1.0,1.0,1.0,0.0,1.0,0.0,0.375
1585,37965fbc732bb2aaf,True,,,,,,,,,,1.0,1.0,1.0,1.0,0.5506838458406629,1.0,1.0,1.0,0.0,0.7345887018252071
1586,152d958486f2526ce,True,,,,,,,,,,1.0,1.0,0.0,1.0,0.7705578226715049,1.0,0.0,1.0,1.0,0.0
1587,e3be3af3b3213f65e,True,,,,,,,,,,0.0,1.0,1.0,1.0,1.0,0.0,0.0,1.0,1.0,0.0
1588,0d5b6ee9d0a973914,True,,,,,,,,,,1.0,1.0,1.0,0.0,1.0,1.0,0.0,1.0,0.0,0.0
1589,ecd732b7421818ec0,True,,,,,,,,,,1.0,0.0,1.0,1.0,1.0,1.0,0.0,1.0,1.0,0.0
1590,0d82f96df900285cb,True,,,,,,,,,,1.0,1.0,1.0,1.0,0.5584236698933002,1.0,1.0,1.0,1.0,0.8620073968416563
1591,330ebf5b4dfbc967a,True,,,,,,,,,,1.0,1.0,1.0,1.0,0.8860564408378485,1.0,0.0,1.0,0.0,0.7143926377618277
1592,0d26c23bce11ae16b,True,,,,,,,,,,1.0,1.0,1.0,1.0,0.7224329087312772,1.0,1.0,1.0,0.0,0.7882602839785241
1593,54ddae029448a073a,True,,,,,,,,,,1.0,1.0,1.0,1.0,0.7110943437657563,1.0,1.0,1.0,1.0,0.9097169824267988
1594,54474c2dd7ecfcc29,True,,,,,,,,,,1.0,0.0,1.0,1.0,1.0,1.0,1.0,1.0,1.0,0.0
1595,ec57bab7a9c75c4d0,True,,,,,,,,,,1.0,1.0,1.0,1.0,0.9908418210580996,1.0,0.0,1.0,0.0,0.7471380690806562
1596,a8df9dde6ff732727,True,,,,,,,,,,1.0,1.0,1.0,1.0,1.0,1.0,0.0,1.0,0.0,0.75
1597,e2a9d0b71a44f5df6,True,,,,,,,,,,1.0,1.0,1.0,1.0,0.2837626175691999,1.0,1.0,1.0,1.0,0.776175817990375
1598,108350d1060a66bd9,True,,,,,,,,,,1.0,1.0,1.0,1.0,0.213740395344181,1.0,1.0,1.0,0.0,0.6292938735450566
1599,89b122a0c34e4ff5b,True,,,,,,,,,,1.0,1.0,1.0,1.0,0.4337766799517408,1.0,0.0,1.0,0.0,0.573055212484919
1600,b24c5109d9a3320ec,True,,,,,,,,,,1.0,1.0,1.0,1.0,0.9236843734278932,1.0,0.0,1.0,1.0,0.8511513666962166
1601,65a9d726b130c91f5,True,,,,,,,,,,1.0,1.0,1.0,1.0,0.6052150037919254,1.0,0.0,1.0,1.0,0.7516296886849767
1602,8f22304866f36485f,True,,,,,,,,,,1.0,1.0,0.5,1.0,0.6150817283084261,1.0,0.0,1.0,1.0,0.3773565200481916
1603,f12a7ee18a123034b,True,,,,,,,,,,1.0,1.0,1.0,1.0,1.0,1.0,1.0,1.0,0.0,0.875
1604,dc140e9555d47bb86,True,,,,,,,,,,1.0,1.0,1.0,1.0,0.5165885012812229,1.0,1.0,1.0,1.0,0.8489339066503822
1605,fa28a1a92ae386086,True,,,,,,,,,,1.0,1.0,1.0,1.0,0.6142731776366517,1.0,1.0,1.0,0.0,0.7544603680114537
1606,ca870ac8b947e6752,True,,,,,,,,,,1.0,1.0,1.0,1.0,1.0,1.0,1.0,1.0,0.0,0.875
1607,8d8129f6368d5e730,True,,,,,,,,,,1.0,1.0,1.0,1.0,0.6617569672900822,1.0,1.0,1.0,1.0,0.8942990522781507
1608,de3ab8b6981c3e632,True,,,,,,,,,,1.0,1.0,1.0,1.0,0.3767579671832601,1.0,1.0,1.0,0.0,0.6802368647447687
1609,481cb8f4c173a9ed0,True,,,,,,,,,,1.0,1.0,1.0,1.0,0.646915015091024,1.0,1.0,1.0,1.0,0.8896609422159449
1610,3029efd936ffc0d0d,True,,,,,,,,,,1.0,1.0,1.0,1.0,0.6204431832833217,1.0,0.0,1.0,1.0,0.756388494776038
1611,c8b4a00f0d379d88a,True,,,,,,,,,,1.0,1.0,1.0,1.0,0.4851714502273827,1.0,1.0,1.0,0.0,0.7141160781960572
1612,547ea2ddfb8be2f7c,True,,,,,,,,,,1.0,1.0,1.0,1.0,0.7438804988522171,0.0,0.0,1.0,1.0,0.4824626558913178
1613,56c892f39067ffb33,True,,,,,,,,,,1.0,1.0,1.0,1.0,0.6998306585039081,1.0,1.0,1.0,0.0,0.7811970807824713
1614,c58481114df532967,True,,,,,,,,,,1.0,1.0,1.0,1.0,0.7212152855458486,1.0,1.0,1.0,0.0,0.7878797767330776
1615,23ab167e45e62295f,True,,,,,,,,,,1.0,0.0,1.0,1.0,1.0,1.0,1.0,1.0,0.0,0.0
1616,6c853ea6e6c4a2a77,True,,,,,,,,,,1.0,1.0,0.5,1.0,1.0,1.0,0.0,1.0,0.0,0.375
1617,69983915889fb6856,True,,,,,,,,,,1.0,1.0,1.0,1.0,0.5741305175099141,1.0,0.0,1.0,0.0,0.6169157867218482
1618,01944b1d62426bc85,True,,,,,,,,,,1.0,0.0,1.0,1.0,1.0,1.0,1.0,1.0,1.0,0.0
1619,9d72bed8e095c9a05,True,,,,,,,,,,1.0,0.0,1.0,1.0,0.5611470896592464,1.0,1.0,1.0,0.0,0.0
1620,6663c84e1f3447a03,True,,,,,,,,,,1.0,1.0,1.0,1.0,0.6293445236709393,1.0,0.0,1.0,0.0,0.6341701636471685
1621,a0c6dbfad5c2cef6e,True,,,,,,,,,,1.0,1.0,0.0,1.0,1.0,1.0,0.0,1.0,0.0,0.0
1622,9afbf2d7c3a80fd5b,True,,,,,,,,,,1.0,1.0,1.0,1.0,0.8376694038811298,1.0,0.0,1.0,1.0,0.8242716887128531
1623,c28f4287e75996da4,True,,,,,,,,,,1.0,0.0,1.0,1.0,1.0,1.0,0.0,1.0,1.0,0.0
1624,f38039c54ad8d65a3,True,,,,,,,,,,1.0,1.0,0.5,1.0,0.797948941670029,1.0,0.0,1.0,1.0,0.405929522135942
1625,4a53fe73af8c37bee,True,,,,,,,,,,1.0,1.0,1.0,1.0,0.5880848459511452,1.0,0.0,1.0,1.0,0.7462765143597329
1626,355219fd5c589d7e5,True,,,,,,,,,,0.0,1.0,1.0,1.0,1.0,0.0,1.0,0.0,0.0,0.0
1627,02bafb0e20897c0c6,True,,,,,,,,,,1.0,1.0,1.0,1.0,0.1796068104636382,1.0,1.0,1.0,0.0,0.618627128269887
1628,a2924cf3c11b98cb0,True,,,,,,,,,,1.0,1.0,1.0,1.0,0.5263384717778464,1.0,0.0,1.0,1.0,0.726980772430577
1629,a317b20e8d007342f,True,,,,,,,,,,1.0,1.0,1.0,1.0,1.0,1.0,0.0,1.0,1.0,0.875
1630,e1d9c45d963c62c2d,True,,,,,,,,,,1.0,1.0,1.0,1.0,0.2905777266210635,1.0,0.0,1.0,0.0,0.5283055395690823
1631,9b219df65a0e3f22b,True,,,,,,,,,,0.0,1.0,1.0,1.0,1.0,0.0,0.0,1.0,0.0,0.0
1632,81f85141bab63b560,True,,,,,,,,,,1.0,1.0,1.0,1.0,0.642046263298805,1.0,1.0,1.0,1.0,0.8881394572808765
1633,ce4c369affbdefa99,True,,,,,,,,,,1.0,1.0,1.0,1.0,0.6086284146213662,1.0,1.0,1.0,1.0,0.8776963795691769
1634,805995afc5d305912,True,,,,,,,,,,0.0,1.0,1.0,1.0,1.0,0.0,0.0,1.0,0.0,0.0
1635,3864e1953b7d8cbc6,True,,,,,,,,,,1.0,1.0,1.0,1.0,0.7096542631833547,1.0,1.0,0.0,0.0,0.6592669572447983
1636,4bd3930751899054f,True,,,,,,,,,,1.0,1.0,1.0,1.0,0.587919379428144,1.0,0.0,1.0,0.0,0.621224806071295
1637,edd46eab5d581d11a,True,,,,,,,,,,1.0,1.0,0.0,1.0,1.0,1.0,0.0,1.0,0.0,0.0
1638,6f388bff9ecc03286,True,,,,,,,,,,1.0,1.0,0.5,1.0,0.8204898216954549,1.0,0.0,1.0,0.0,0.3469515346399148
1639,972be27c6916c8ef1,True,,,,,,,,,,1.0,1.0,1.0,1.0,0.4502690302673896,1.0,1.0,1.0,0.0,0.7032090719585593
1640,4578349a623642d00,True,,,,,,,,,,1.0,1.0,1.0,1.0,0.5115577175122347,1.0,1.0,1.0,0.0,0.7223617867225733
1641,a2578379ff901794e,True,,,,,,,,,,1.0,1.0,1.0,1.0,0.8393128527108599,1.0,1.0,1.0,0.0,0.8247852664721438
1642,daff4b299dac7a03f,True,,,,,,,,,,1.0,1.0,1.0,1.0,1.0,1.0,1.0,1.0,0.0,0.875
1643,c279c0b2210285c1f,True,,,,,,,,,,1.0,1.0,0.0,1.0,1.0,1.0,0.0,1.0,0.0,0.0
1644,2515a4049787b61ac,True,,,,,,,,,,1.0,1.0,1.0,1.0,1.0,1.0,0.0,1.0,1.0,0.875
1645,f9b2e117ff4ab2884,True,,,,,,,,,,1.0,1.0,1.0,1.0,0.6558852142345226,1.0,1.0,1.0,1.0,0.8924641294482883
1646,50035f9f546fb6074,True,,,,,,,,,,1.0,1.0,1.0,1.0,0.7025342653774921,1.0,0.0,1.0,1.0,0.7820419579304663
1647,0dbe87a99ac3cd3e1,True,,,,,,,,,,1.0,0.0,1.0,1.0,0.9667722577342956,1.0,0.0,1.0,1.0,0.0
1648,fd59576ebdf2661ee,True,,,,,,,,,,1.0,1.0,1.0,1.0,0.5976087187790111,1.0,0.0,1.0,1.0,0.749252724618441
1649,90a368abf1e231f06,True,,,,,,,,,,1.0,1.0,1.0,1.0,0.147674113891841,1.0,1.0,1.0,1.0,0.7336481605912003
1650,f7de2890aa326283e,True,,,,,,,,,,1.0,1.0,1.0,1.0,0.5810368041940509,1.0,1.0,1.0,0.0,0.7440740013106409
1651,fb23a658d96acd780,True,,,,,,,,,,1.0,1.0,1.0,1.0,1.0,1.0,0.0,1.0,0.0,0.75
1652,19c10d5d061305dbd,True,,,,,,,,,,1.0,1.0,0.5,1.0,0.6514362031476012,1.0,0.0,1.0,1.0,0.3830369067418127
1653,205bfe6adc22021bb,True,,,,,,,,,,1.0,1.0,1.0,1.0,0.548263875314888,1.0,1.0,1.0,0.0,0.7338324610359025
1654,38a27d438189dcb29,True,,,,,,,,,,1.0,1.0,1.0,1.0,0.941403925030351,1.0,1.0,1.0,0.0,0.8566887265719847
1655,e6d1e14cb2784e8d9,True,,,,,,,,,,1.0,1.0,1.0,1.0,0.509856437885946,1.0,1.0,1.0,1.0,0.8468301368393581
1656,8c317a99933b3b262,True,,,,,,,,,,1.0,1.0,0.5,1.0,1.0,1.0,0.0,1.0,0.0,0.375
1657,d694ab7fc94aa5dcf,True,,,,,,,,,,0.0,1.0,1.0,1.0,1.0,0.0,1.0,1.0,0.0,0.0
1658,6d2b3bf21e89475b9,True,,,,,,,,,,1.0,1.0,1.0,1.0,1.0,1.0,1.0,1.0,0.0,0.875
1659,cade01084629da760,True,,,,,,,,,,0.5,1.0,1.0,1.0,1.0,0.0,1.0,1.0,0.0,0.28125
1660,147fe3531a064a546,True,,,,,,,,,,1.0,0.0,1.0,1.0,1.0,1.0,1.0,1.0,0.0,0.0
1661,b3ef71b2c228693bd,True,,,,,,,,,,1.0,1.0,1.0,1.0,0.7205532290494909,1.0,1.0,1.0,0.0,0.7876728840779659
1662,4aa528f577df911a3,True,,,,,,,,,,1.0,1.0,1.0,1.0,0.8590632919602863,1.0,0.0,1.0,0.0,0.7059572787375894
1663,fa8d78f84cd8b7f8c,True,,,,,,,,,,1.0,1.0,1.0,1.0,0.6910456400166508,1.0,0.0,1.0,0.0,0.6534517625052034
1664,2664f428da61db472,True,,,,,,,,,,1.0,1.0,1.0,1.0,0.8147471310860799,1.0,1.0,1.0,0.0,0.8171084784643999
1665,7442542b3671c78bc,True,,,,,,,,,,1.0,1.0,1.0,1.0,0.6203101236075071,1.0,1.0,1.0,0.0,0.756346913627346
1666,62c083fa4339253f3,True,,,,,,,,,,1.0,1.0,1.0,1.0,0.5987396986431053,1.0,1.0,1.0,1.0,0.8746061558259703
1667,aa52fd60e4fa0f00c,True,,,,,,,,,,1.0,1.0,1.0,1.0,0.5800210706003033,1.0,1.0,1.0,1.0,0.8687565845625947
1668,0d6f670a9daf4bde4,True,,,,,,,,,,1.0,1.0,1.0,1.0,1.0,1.0,1.0,1.0,0.0,0.875
1669,5ccf2f32443625c2f,True,,,,,,,,,,1.0,1.0,1.0,1.0,1.0,1.0,1.0,1.0,0.0,0.875
1670,bf39b618ccc33f36a,True,,,,,,,,,,1.0,1.0,1.0,1.0,0.5489003498141848,1.0,0.0,1.0,0.0,0.6090313593169328
1671,396a1f73f2332bb19,True,,,,,,,,,,1.0,1.0,1.0,1.0,0.6600428484561695,1.0,1.0,1.0,0.0,0.768763390142553
1672,5b491d7bff86c3e61,True,,,,,,,,,,1.0,1.0,1.0,1.0,0.6261978816229749,1.0,1.0,1.0,0.0,0.7581868380071797
1673,b7b75d4d1f9b05cac,True,,,,,,,,,,1.0,1.0,1.0,1.0,0.5555972145689956,1.0,0.0,1.0,1.0,0.7361241295528111
1674,15b50c1e18979a018,True,,,,,,,,,,1.0,1.0,1.0,1.0,0.39446629806102,1.0,1.0,1.0,0.0,0.6857707181440688
1675,9b28f2e81fd405453,True,,,,,,,,,,1.0,1.0,1.0,1.0,0.2296868026432426,1.0,1.0,1.0,0.0,0.6342771258260134
1676,6492cabed87012413,True,,,,,,,,,,1.0,1.0,1.0,1.0,0.5998157926901709,1.0,0.0,1.0,1.0,0.7499424352156784
1677,c0ff231e77243d969,True,,,,,,,,,,1.0,0.0,1.0,1.0,1.0,1.0,1.0,1.0,0.0,0.0
1678,5fd00e9375f6b46f9,True,,,,,,,,,,1.0,1.0,1.0,1.0,0.4772039530815572,1.0,0.0,1.0,0.0,0.5866262353379866
1679,1b742b73235363011,True,,,,,,,,,,1.0,1.0,1.0,0.0,1.0,1.0,1.0,1.0,1.0,0.0
1680,fb8289807a1b275b3,True,,,,,,,,,,1.0,1.0,1.0,1.0,0.6960505664912363,1.0,0.0,1.0,1.0,0.7800158020285113
1681,adab3d6fadc01f0e9,True,,,,,,,,,,1.0,1.0,1.0,1.0,1.0,1.0,1.0,1.0,1.0,1.0
1682,cc641ddb31703cb06,True,,,,,,,,,,1.0,1.0,1.0,1.0,0.8145434189749134,1.0,0.0,1.0,0.0,0.6920448184296605
1683,24f191a721f816f48,True,,,,,,,,,,1.0,0.0,1.0,1.0,0.8902034792494398,1.0,1.0,1.0,0.0,0.0
1684,bfc933fd0598219c3,True,,,,,,,,,,1.0,0.0,0.0,1.0,1.0,1.0,0.0,1.0,1.0,0.0
1685,7e3fd48eb2c70a68f,True,,,,,,,,,,1.0,1.0,1.0,1.0,0.1399022545814642,1.0,1.0,1.0,0.0,0.6062194545567076
1686,b94470389611028aa,True,,,,,,,,,,0.5,0.0,1.0,1.0,1.0,0.0,0.0,1.0,0.0,0.0
1687,f42ba561b2c6f684a,True,,,,,,,,,,1.0,1.0,1.0,1.0,0.5120138672969564,1.0,1.0,1.0,0.0,0.7225043335302989
1688,2c6298b7b191f9461,True,,,,,,,,,,1.0,1.0,1.0,1.0,0.8796269534448016,1.0,1.0,1.0,0.0,0.8373834229515005
1689,64c25286434cfc0a6,True,,,,,,,,,,1.0,1.0,1.0,1.0,0.9058024783173964,1.0,1.0,1.0,1.0,0.9705632744741864
1690,c99bfe933875f63e0,True,,,,,,,,,,1.0,1.0,1.0,1.0,0.8109187209293652,1.0,1.0,1.0,0.0,0.8159121002904266
1691,5f80678c8465899ca,True,,,,,,,,,,1.0,1.0,1.0,1.0,0.5787875257052117,1.0,0.0,1.0,1.0,0.7433711017828787
1692,f57b598a624e522c7,True,,,,,,,,,,1.0,1.0,1.0,1.0,0.6262303560886944,1.0,0.0,1.0,1.0,0.7581969862777169
1693,2cfe97d8f0bc1727a,True,,,,,,,,,,1.0,1.0,0.0,1.0,1.0,1.0,0.0,1.0,0.0,0.0
1694,2c5d88f56ea71888d,True,,,,,,,,,,1.0,1.0,1.0,1.0,0.6188494214341075,0.0,1.0,1.0,0.0,0.4433904441981586
1695,a8066d7e843deda8f,True,,,,,,,,,,1.0,1.0,1.0,1.0,0.4863041793228136,1.0,1.0,1.0,0.0,0.7144700560383792
1696,add2dc0d2d9ed03d5,True,,,,,,,,,,0.0,1.0,1.0,1.0,1.0,0.0,0.0,1.0,0.0,0.0
1697,d50743776b4ebf7b3,True,,,,,,,,,,1.0,1.0,1.0,1.0,0.7198526528546025,1.0,0.0,1.0,0.0,0.6624539540170633
1698,46cb7915dd2c8bddc,True,,,,,,,,,,1.0,1.0,1.0,1.0,0.6568865188669347,1.0,0.0,1.0,1.0,0.7677770371459172
1699,a4d8865551f14fe33,True,,,,,,,,,,1.0,1.0,1.0,1.0,0.807686443289076,1.0,0.0,1.0,1.0,0.8149020135278362
1700,0e21f086c18f3949c,True,,,,,,,,,,1.0,1.0,1.0,1.0,0.9298334490310854,1.0,1.0,1.0,0.0,0.8530729528222142
1701,56528b515c3eb4ed5,True,,,,,,,,,,1.0,1.0,1.0,1.0,1.0,1.0,0.0,1.0,1.0,0.875
1702,436fb766823bdb92e,True,,,,,,,,,,1.0,1.0,1.0,1.0,0.2838763245511217,1.0,1.0,1.0,0.0,0.6512113514222255
1703,7a12897acffda91d2,True,,,,,,,,,,1.0,1.0,1.0,1.0,0.6167793709134652,1.0,0.0,1.0,0.0,0.6302435534104579
1704,1b844c67dec9fe5a6,True,,,,,,,,,,1.0,1.0,1.0,1.0,0.6752588972842151,1.0,0.0,1.0,1.0,0.7735184054013172
1705,30ae4fd49fda24627,True,,,,,,,,,,1.0,1.0,1.0,1.0,1.0,1.0,0.0,1.0,1.0,0.875
1706,6e6153a1da30b26bd,True,,,,,,,,,,1.0,1.0,1.0,1.0,0.8614347005835783,1.0,1.0,1.0,1.0,0.9566983439323682
1707,b178cd8e12d552cb7,True,,,,,,,,,,1.0,1.0,1.0,1.0,0.8320595748697021,1.0,0.0,1.0,1.0,0.8225186171467819
1708,e53ada22df8520033,True,,,,,,,,,,1.0,1.0,1.0,1.0,0.6234997044984069,1.0,1.0,1.0,0.0,0.7573436576557522
1709,c557bbca95b7a9516,True,,,,,,,,,,1.0,1.0,1.0,1.0,0.7409653118070302,1.0,1.0,1.0,1.0,0.919051659939697
1710,33ff9ec8e9bc148c8,True,,,,,,,,,,1.0,1.0,1.0,1.0,0.4611651629758426,1.0,1.0,1.0,1.0,0.8316141134299508
1711,ff530ac4388942e42,True,,,,,,,,,,1.0,1.0,1.0,1.0,0.7512851348691361,1.0,1.0,1.0,0.0,0.797276604646605
1712,ba3f20b19ddb93cb1,True,,,,,,,,,,1.0,1.0,1.0,1.0,0.969769728798446,1.0,1.0,1.0,0.0,0.8655530402495144
1713,7002987261d03954e,True,,,,,,,,,,1.0,0.0,0.5,1.0,1.0,1.0,0.0,0.0,0.0,0.0
1714,cd892a7201a57c9b3,True,,,,,,,,,,1.0,1.0,1.0,1.0,0.6216309531522228,1.0,0.0,1.0,1.0,0.7567596728600696
1715,944867d5050b336ad,True,,,,,,,,,,1.0,0.0,1.0,1.0,1.0,1.0,0.0,1.0,0.0,0.0
1716,4850e4897804c7f1a,True,,,,,,,,,,1.0,1.0,1.0,1.0,0.7210077536077102,1.0,0.0,1.0,1.0,0.7878149230024094
1717,91df963d13c291bb9,True,,,,,,,,,,1.0,0.0,1.0,1.0,0.8913960617157952,1.0,0.0,1.0,0.0,0.0
1718,73c6cac7e07b1cf4f,True,,,,,,,,,,1.0,0.0,1.0,1.0,0.4870341916660959,1.0,1.0,1.0,1.0,0.0
1719,ad215da365bb78fd6,True,,,,,,,,,,1.0,1.0,1.0,1.0,0.6866674484048859,1.0,1.0,1.0,0.0,0.7770835776265268
1720,29a8fd6439b689c2f,True,,,,,,,,,,1.0,1.0,1.0,1.0,0.7630590654068469,1.0,0.0,1.0,0.0,0.6759559579396397
1721,b1429f698429f9202,True,,,,,,,,,,1.0,1.0,1.0,1.0,0.7122809107502686,1.0,0.0,1.0,0.0,0.6600877846094589
1722,6ba28ea05bd9dd3df,True,,,,,,,,,,1.0,1.0,1.0,0.0,1.0,1.0,1.0,1.0,0.0,0.0
1723,3d46e887da2f265d2,True,,,,,,,,,,1.0,1.0,1.0,1.0,0.6208162960100562,1.0,1.0,1.0,0.0,0.7565050925031426
1724,ee0214c25403e4214,True,,,,,,,,,,0.0,1.0,1.0,1.0,0.705475654763284,0.0,0.0,1.0,1.0,0.0
1725,434099c65ff71b535,True,,,,,,,,,,0.0,1.0,1.0,1.0,1.0,0.0,0.0,1.0,0.0,0.0
1726,18f43a288ddc873cc,True,,,,,,,,,,1.0,1.0,1.0,1.0,0.8581419908073864,1.0,1.0,1.0,0.0,0.8306693721273082
1727,46d27733df7167bb2,True,,,,,,,,,,1.0,1.0,1.0,1.0,0.6087309084585782,1.0,1.0,1.0,1.0,0.8777284088933057
1728,648027b9205dc7650,True,,,,,,,,,,1.0,1.0,0.0,1.0,1.0,1.0,0.0,1.0,0.0,0.0
1729,b88788ff5a11cb94f,True,,,,,,,,,,1.0,1.0,1.0,1.0,0.4837866641103991,1.0,1.0,1.0,0.0,0.7136833325344998
1730,918fb02f94c16537d,True,,,,,,,,,,1.0,1.0,1.0,1.0,0.1755361792454644,1.0,1.0,1.0,0.0,0.6173550560142076
1731,6eb7971620ae92336,True,,,,,,,,,,1.0,1.0,1.0,1.0,0.2312412147449812,1.0,1.0,1.0,0.0,0.6347628796078066
1732,e32bd1ec1d273f2a3,True,,,,,,,,,,1.0,1.0,1.0,1.0,0.2704154914017013,1.0,1.0,1.0,0.0,0.6470048410630317
1733,7878266af5a97d7ce,True,,,,,,,,,,0.0,1.0,1.0,1.0,1.0,0.0,0.0,1.0,1.0,0.0
1734,2565c982d32c96893,True,,,,,,,,,,1.0,1.0,1.0,1.0,0.748965189357593,1.0,1.0,1.0,1.0,0.921551621674248
1735,4fa35324bdae11dda,True,,,,,,,,,,1.0,0.0,1.0,1.0,1.0,1.0,1.0,0.0,0.0,0.0
1736,6cc12f84e2df62aee,True,,,,,,,,,,1.0,1.0,1.0,1.0,0.2973652469292436,1.0,0.0,1.0,0.0,0.5304266396653886
1737,b4f924a8633b4e666,True,,,,,,,,,,0.5,1.0,1.0,1.0,1.0,0.0,1.0,1.0,0.0,0.28125
1738,d21b58003792bc68a,True,,,,,,,,,,1.0,1.0,1.0,1.0,0.8146990659710209,1.0,0.0,1.0,1.0,0.817093458115944
1739,f25f0a0a5f68f4d90,True,,,,,,,,,,1.0,1.0,1.0,1.0,0.8794622794564534,1.0,1.0,1.0,0.0,0.8373319623301416
1740,1879a7c4a97f64bf9,True,,,,,,,,,,1.0,1.0,1.0,1.0,0.8054935482217774,1.0,0.0,1.0,1.0,0.8142167338193054
1741,dc0cffde6935fbd2b,True,,,,,,,,,,1.0,1.0,1.0,1.0,0.4937159789963412,1.0,1.0,1.0,0.0,0.7167862434363566
1742,0fc2fec903c77398f,True,,,,,,,,,,1.0,1.0,1.0,1.0,0.7182519289151896,1.0,0.0,1.0,1.0,0.7869537277859968
1743,c3bb1145080f9b2b0,True,,,,,,,,,,1.0,1.0,1.0,1.0,0.719939758208761,1.0,0.0,1.0,0.0,0.6624811744402378
1744,3365055ca32faadaa,True,,,,,,,,,,1.0,1.0,1.0,1.0,0.6940302836660502,1.0,1.0,1.0,1.0,0.9043844636456408
1745,8b4f3b5980bf21a3b,True,,,,,,,,,,1.0,1.0,1.0,1.0,0.5035999115681908,1.0,1.0,1.0,0.0,0.7198749723650597
1746,774a05df3c1512cac,True,,,,,,,,,,1.0,1.0,1.0,1.0,0.6903205686185507,1.0,1.0,1.0,1.0,0.9032251776932972
1747,84be03c80c37d30a3,True,,,,,,,,,,1.0,1.0,1.0,1.0,1.0,0.0,1.0,1.0,1.0,0.6875
1748,4330e2204831576d7,True,,,,,,,,,,1.0,1.0,1.0,1.0,0.5052967147156351,1.0,0.0,1.0,0.0,0.595405223348636
1749,8be69e03781f4c138,True,,,,,,,,,,1.0,1.0,1.0,1.0,0.9558112353695664,1.0,1.0,1.0,1.0,0.9861910110529896
1750,336d890ca14e2aab5,True,,,,,,,,,,1.0,0.0,1.0,1.0,0.7590775482204787,1.0,1.0,0.0,0.0,0.0
1751,733dab2043d02d8e3,True,,,,,,,,,,1.0,1.0,1.0,1.0,0.1646689573241619,1.0,1.0,1.0,0.0,0.6139590491638006
1752,20a64ca2d03e6cb72,True,,,,,,,,,,1.0,1.0,1.0,1.0,0.4574894292021384,1.0,1.0,1.0,0.0,0.7054654466256682
1753,9450ae84450a77fc4,True,,,,,,,,,,1.0,1.0,1.0,1.0,0.6127271251164662,1.0,0.0,1.0,1.0,0.7539772265988957
1754,a8cfebbab95e53606,True,,,,,,,,,,1.0,1.0,1.0,1.0,0.548601899672101,1.0,1.0,1.0,1.0,0.8589380936475316
1755,dc76f297f95b90094,True,,,,,,,,,,1.0,1.0,1.0,1.0,0.6936856411029372,1.0,0.0,1.0,0.0,0.6542767628446678
1756,0f4373d1811c9ca90,True,,,,,,,,,,1.0,1.0,1.0,1.0,0.8037457843851934,1.0,1.0,0.0,0.0,0.6886705576203729
1757,bd31f3930e078d690,True,,,,,,,,,,1.0,1.0,1.0,1.0,0.2052562660274356,1.0,1.0,1.0,0.0,0.6266425831335737
1758,d4ded05eeb073e97b,True,,,,,,,,,,1.0,0.0,1.0,1.0,1.0,1.0,1.0,1.0,0.0,0.0
1759,e318affbd4be74ca2,True,,,,,,,,,,1.0,1.0,0.0,1.0,0.9691547973601152,1.0,0.0,1.0,0.0,0.0
1760,cdee605a7b8acd418,True,,,,,,,,,,1.0,1.0,1.0,1.0,0.7480091000239479,1.0,1.0,1.0,1.0,0.9212528437574836
1761,7837a188fc6d747f2,True,,,,,,,,,,0.0,1.0,1.0,1.0,1.0,0.0,1.0,1.0,0.0,0.0
1762,9c47bf4ba9db25f5d,True,,,,,,,,,,1.0,1.0,1.0,1.0,1.0,1.0,1.0,1.0,1.0,1.0
1763,860bdda18ca280ead,True,,,,,,,,,,1.0,0.0,1.0,1.0,1.0,1.0,0.0,0.0,0.0,0.0
1764,6b611802253a6f2c9,True,,,,,,,,,,1.0,1.0,1.0,1.0,0.8397558701535726,1.0,0.0,1.0,1.0,0.8249237094229914
1765,69f1ebdf6731c7c70,True,,,,,,,,,,1.0,1.0,1.0,1.0,1.0,0.0,1.0,1.0,0.0,0.5625
1766,6ae4df7fe6f3147d2,True,,,,,,,,,,1.0,1.0,1.0,1.0,0.6175848707441776,1.0,1.0,1.0,1.0,0.8804952721075555
1767,7fda1bb28d64c96f0,True,,,,,,,,,,1.0,0.0,1.0,1.0,1.0,1.0,0.0,0.0,0.0,0.0
1768,d6c514686f23569a7,True,,,,,,,,,,1.0,1.0,1.0,1.0,0.6458771127341839,1.0,0.0,1.0,0.0,0.6393365977294325
1769,3637ec99fe87c7406,True,,,,,,,,,,1.0,1.0,1.0,1.0,0.5263983867561519,1.0,0.0,1.0,1.0,0.7269994958612975
1770,e7c2b26b8d9679ed7,True,,,,,,,,,,1.0,1.0,1.0,1.0,0.4766516503997711,1.0,1.0,1.0,1.0,0.8364536407499285
1771,2e2b274bd113ed59f,True,,,,,,,,,,1.0,0.0,1.0,1.0,0.7955831826009401,1.0,1.0,1.0,1.0,0.0
1772,0fd0f1481edb016f4,True,,,,,,,,,,1.0,1.0,1.0,1.0,0.3061549104841709,0.0,1.0,1.0,0.0,0.3456734095263034
1773,02c332ea4953567c5,True,,,,,,,,,,1.0,1.0,1.0,1.0,0.6659071619199854,1.0,1.0,1.0,0.0,0.7705959880999955
1774,f38fa4be9ff4556d8,True,,,,,,,,,,1.0,1.0,1.0,1.0,0.2088838627166024,1.0,1.0,1.0,0.0,0.6277762070989383
1775,0fc796582943bab81,True,,,,,,,,,,1.0,1.0,1.0,1.0,0.64378062719615,1.0,1.0,1.0,1.0,0.8886814459987968
1776,085b907f63a37b0ac,True,,,,,,,,,,1.0,1.0,1.0,1.0,0.7290159706498731,1.0,1.0,1.0,0.0,0.7903174908280853
1777,9c1c1fb7b2f09b8b6,True,,,,,,,,,,1.0,1.0,1.0,1.0,0.8808257501857786,1.0,0.0,1.0,0.0,0.7127580469330558
1778,8a72c1ce26bcc476d,True,,,,,,,,,,1.0,1.0,1.0,1.0,0.1460325871283417,1.0,1.0,1.0,1.0,0.7331351834776068
1779,e280063b53c411361,True,,,,,,,,,,0.0,1.0,0.5,1.0,1.0,0.0,0.0,1.0,0.0,0.0
1780,01a49c2730cc3a531,True,,,,,,,,,,1.0,1.0,1.0,1.0,1.0,1.0,0.0,1.0,0.0,0.75
1781,df67b662b2c444fa9,True,,,,,,,,,,1.0,1.0,1.0,1.0,0.6117899722260144,1.0,1.0,1.0,1.0,0.8786843663206295
1782,36fe5d9f407c60a58,True,,,,,,,,,,1.0,1.0,1.0,1.0,0.1761587339574619,1.0,1.0,1.0,1.0,0.7425496043617068
1783,2de791cac29ff4f89,True,,,,,,,,,,1.0,1.0,1.0,1.0,0.7194508306802232,1.0,1.0,1.0,1.0,0.9123283845875698
1784,83316d588a0204528,True,,,,,,,,,,1.0,0.0,1.0,1.0,1.0,1.0,1.0,1.0,1.0,0.0
1785,588f47bdc35784c16,True,,,,,,,,,,1.0,1.0,1.0,1.0,0.2530296188009546,1.0,0.0,1.0,0.0,0.5165717558752984
1786,2aa8f5678f71648b6,True,,,,,,,,,,1.0,1.0,1.0,1.0,0.7370570500563565,1.0,1.0,1.0,0.0,0.7928303281426115
1787,b6f613e0c148d3e98,True,,,,,,,,,,1.0,1.0,1.0,1.0,0.5096238690400411,1.0,1.0,1.0,1.0,0.8467574590750129
1788,cac170c5a828b564b,True,,,,,,,,,,1.0,1.0,1.0,1.0,0.7715884644553589,1.0,1.0,1.0,1.0,0.9286213951422996
1789,d41d6a2f8fae47904,True,,,,,,,,,,1.0,1.0,1.0,1.0,0.1350558393839859,1.0,1.0,1.0,1.0,0.7297049498074957
1790,36c7b91f3363fdeda,True,,,,,,,,,,1.0,1.0,0.0,1.0,1.0,1.0,0.0,1.0,0.0,0.0
1791,102aa278a654e934e,True,,,,,,,,,,1.0,1.0,1.0,1.0,0.6396407715020729,1.0,1.0,1.0,0.0,0.7623877410943978
1792,977efa0295ed47613,True,,,,,,,,,,1.0,0.0,1.0,1.0,1.0,1.0,0.0,1.0,1.0,0.0
1793,7186caba98873825a,True,,,,,,,,,,1.0,0.0,1.0,1.0,0.8515278825336557,1.0,1.0,1.0,0.0,0.0
1794,ce2057b130f4218b8,True,,,,,,,,,,1.0,1.0,1.0,1.0,1.0,1.0,0.0,1.0,0.0,0.75
1795,ed6284a7f1cce40a2,True,,,,,,,,,,1.0,1.0,1.0,1.0,1.0,1.0,1.0,1.0,1.0,1.0
1796,eb6640d34db9e73af,True,,,,,,,,,,1.0,1.0,1.0,1.0,0.2323153998175135,1.0,1.0,1.0,0.0,0.635098562442973
1797,a33fa10f772275b4a,True,,,,,,,,,,0.0,1.0,1.0,1.0,1.0,0.0,0.0,1.0,1.0,0.0
1798,b8a844b02dc16c393,True,,,,,,,,,,1.0,1.0,1.0,1.0,0.4241328745065519,1.0,1.0,1.0,0.0,0.6950415232832975
1799,f4fb3d3b43707d6a3,True,,,,,,,,,,0.0,1.0,1.0,1.0,1.0,0.0,0.0,1.0,0.0,0.0
1800,fd26db12e49fe9b3e,True,,,,,,,,,,1.0,1.0,0.5,1.0,1.0,1.0,0.0,1.0,1.0,0.4375
1801,07d57ac58a266170f,True,,,,,,,,,,1.0,1.0,1.0,1.0,0.5804656718538777,1.0,0.0,1.0,1.0,0.7438955224543368
1802,67bddd305e7735344,True,,,,,,,,,,1.0,1.0,1.0,1.0,0.7183470363726628,1.0,1.0,1.0,1.0,0.9119834488664572
1803,b7f83635c23a2a5d8,True,,,,,,,,,,1.0,0.0,1.0,1.0,0.7607437383463274,1.0,0.0,1.0,0.0,0.0
1804,8995bd04ab8959f6a,True,,,,,,,,,,0.0,1.0,1.0,1.0,1.0,0.0,1.0,1.0,1.0,0.0
1805,8b07c31db85204e64,True,,,,,,,,,,1.0,1.0,1.0,1.0,0.651155747230475,1.0,1.0,0.0,0.0,0.6409861710095235
1806,4f84585468f82a1fc,True,,,,,,,,,,1.0,1.0,0.0,1.0,0.8556613950965963,1.0,0.0,1.0,0.0,0.0
1807,73ebc06c5abeb011a,True,,,,,,,,,,1.0,1.0,1.0,1.0,0.9124217638950008,1.0,0.0,0.0,1.0,0.7226318012171877
1808,45904686e63c2b9a3,True,,,,,,,,,,1.0,1.0,1.0,1.0,0.6933192685565971,1.0,1.0,1.0,0.0,0.7791622714239366
1809,f874994b902ae45d7,True,,,,,,,,,,1.0,1.0,1.0,1.0,1.0,1.0,0.0,1.0,1.0,0.875
1810,1d9d3ed0717ab4ffd,True,,,,,,,,,,0.5,0.0,1.0,1.0,0.1298448258512659,0.0,0.0,1.0,0.0,0.0
1811,e7e93c5b22cdc4824,True,,,,,,,,,,1.0,1.0,1.0,1.0,0.2525257077836436,1.0,1.0,1.0,1.0,0.7664142836823886
1812,7fe948a38f3a767fe,True,,,,,,,,,,1.0,1.0,0.5,1.0,0.4948357119258827,1.0,0.0,1.0,1.0,0.3585680799884191
1813,e8a42b314c0d6f88e,True,,,,,,,,,,1.0,1.0,0.5,1.0,0.6374053436954046,1.0,0.0,1.0,0.0,0.318344584952407
1814,e70eb6c2ef34c64ec,True,,,,,,,,,,1.0,1.0,1.0,1.0,0.7049643641552324,1.0,1.0,1.0,0.0,0.7828013637985102
1815,5d7300eccaaae4563,True,,,,,,,,,,1.0,1.0,1.0,1.0,0.765158744125233,1.0,0.0,1.0,0.0,0.6766121075391354
1816,84ca2983c8da58e9b,True,,,,,,,,,,1.0,1.0,1.0,1.0,1.0,0.0,0.0,1.0,0.0,0.4375
1817,1a67fcc3becbce6bf,True,,,,,,,,,,1.0,1.0,1.0,1.0,0.9751507650991844,1.0,0.0,1.0,0.0,0.7422346140934952
1818,44f588c85236fe365,True,,,,,,,,,,0.0,1.0,1.0,1.0,1.0,0.0,1.0,1.0,1.0,0.0
1819,04ea6a683ebec3208,True,,,,,,,,,,1.0,1.0,1.0,1.0,0.6401328665390262,1.0,0.0,1.0,1.0,0.7625415207934457
1820,24b6ddd9158c4bf2c,True,,,,,,,,,,1.0,1.0,1.0,1.0,0.7883164886176255,1.0,1.0,1.0,1.0,0.933848902693008
1821,7e80b831e8ff5883f,True,,,,,,,,,,1.0,0.0,0.0,1.0,1.0,1.0,0.0,1.0,1.0,0.0
1822,92f6dfd3e7865475c,True,,,,,,,,,,1.0,1.0,1.0,1.0,0.9371539225753592,1.0,1.0,1.0,1.0,0.9803606008047998
1823,1d6a75c2185cddac3,True,,,,,,,,,,1.0,1.0,1.0,1.0,0.3921266410801463,1.0,1.0,1.0,1.0,0.8100395753375458
1824,50b922840407a0340,True,,,,,,,,,,1.0,1.0,0.5,1.0,0.5295200015920908,1.0,1.0,1.0,1.0,0.4264875002487642
1825,1464f6e11d5c8c6d9,True,,,,,,,,,,1.0,1.0,1.0,1.0,0.7851309807549915,1.0,1.0,1.0,1.0,0.9328534314859348
1826,f3e7c306d8f0e2898,True,,,,,,,,,,1.0,1.0,0.5,1.0,1.0,1.0,0.0,1.0,0.0,0.375
1827,439df93c525a5e285,True,,,,,,,,,,1.0,1.0,1.0,1.0,1.0,1.0,1.0,1.0,1.0,1.0
1828,2f1499aa1461b6ec6,True,,,,,,,,,,1.0,1.0,0.0,1.0,1.0,1.0,0.0,1.0,0.0,0.0
1829,82bb73b09ea17fb1a,True,,,,,,,,,,1.0,1.0,1.0,1.0,0.3868573179020197,1.0,1.0,1.0,1.0,0.8083929118443811
1830,892680e2569238f20,True,,,,,,,,,,1.0,1.0,1.0,1.0,0.699766186091302,1.0,0.0,1.0,1.0,0.7811769331535319
1831,6d8d91ad290f124b2,True,,,,,,,,,,1.0,1.0,1.0,1.0,0.6462446608904602,1.0,0.0,1.0,1.0,0.7644514565282687
1832,9d5110bb7daed22bf,True,,,,,,,,,,1.0,1.0,1.0,1.0,0.7145305428929759,1.0,0.0,1.0,1.0,0.785790794654055
1833,d33fcf041654db4d0,True,,,,,,,,,,1.0,1.0,1.0,1.0,0.5660443855310237,1.0,0.0,1.0,0.0,0.6143888704784449
1834,ce91aa0b54e55f85e,True,,,,,,,,,,1.0,1.0,1.0,1.0,0.5674788830130552,1.0,1.0,1.0,0.0,0.7398371509415798
1835,a97b99ff7fc06eb65,True,,,,,,,,,,1.0,1.0,1.0,1.0,0.824722829594777,1.0,1.0,1.0,1.0,0.9452258842483678
1836,f1abd83315867c099,True,,,,,,,,,,1.0,1.0,1.0,1.0,0.7351786161542545,1.0,1.0,1.0,1.0,0.9172433175482044
1837,9d4da1a5a93059ae2,True,,,,,,,,,,0.0,1.0,1.0,1.0,0.9427811801000654,0.0,0.0,1.0,1.0,0.0
1838,3ee4790171e6a99ef,True,,,,,,,,,,1.0,1.0,1.0,1.0,0.6630124084375232,1.0,1.0,1.0,1.0,0.894691377636726
1839,6c643cf3c76195c44,True,,,,,,,,,,1.0,1.0,1.0,1.0,0.9050039602513904,1.0,1.0,1.0,1.0,0.9703137375785597
1840,4355523e202befd73,True,,,,,,,,,,1.0,1.0,1.0,1.0,0.7332224720560304,1.0,1.0,1.0,1.0,0.9166320225175096
1841,5e84fb24c3fbd2647,True,,,,,,,,,,1.0,1.0,1.0,1.0,0.7048769101941355,1.0,0.0,1.0,0.0,0.6577740344356673
1842,f93b7461f7882ff58,True,,,,,,,,,,1.0,1.0,1.0,1.0,0.6073769685895639,1.0,1.0,1.0,0.0,0.7523053026842388
1843,ea85faa2c543fbbae,True,,,,,,,,,,1.0,1.0,1.0,1.0,0.540374977196622,1.0,1.0,1.0,1.0,0.8563671803739443
1844,444448ad7659dcee6,True,,,,,,,,,,1.0,1.0,1.0,1.0,1.0,1.0,0.0,1.0,1.0,0.875
1845,a436f596d2ea40baa,True,,,,,,,,,,1.0,1.0,0.0,0.0,1.0,1.0,0.0,1.0,1.0,0.0
1846,1138b571e8fbaaad9,True,,,,,,,,,,1.0,1.0,1.0,1.0,0.8349454046672056,1.0,1.0,1.0,0.0,0.8234204389585018
1847,bcdf9aeebdcada173,True,,,,,,,,,,1.0,1.0,1.0,1.0,0.6599771647256168,1.0,0.0,1.0,0.0,0.6437428639767553
1848,6eb2d372480ee2f5b,True,,,,,,,,,,1.0,1.0,1.0,1.0,1.0,1.0,1.0,1.0,1.0,1.0
1849,322359bc569d9c145,True,,,,,,,,,,1.0,0.0,1.0,1.0,1.0,1.0,0.0,1.0,0.0,0.0
1850,5e403ae55f93fea63,True,,,,,,,,,,1.0,1.0,0.5,1.0,1.0,1.0,0.0,1.0,1.0,0.4375
1851,234e963b7ceee8f00,True,,,,,,,,,,1.0,1.0,1.0,1.0,0.7675467541548548,1.0,1.0,1.0,0.0,0.8023583606733922
1852,e620593c6271f1028,True,,,,,,,,,,1.0,1.0,1.0,1.0,0.2359617854250615,1.0,0.0,1.0,1.0,0.6362380579453317
1853,ae591052e837d1674,True,,,,,,,,,,1.0,1.0,1.0,1.0,0.2856081660218561,1.0,1.0,1.0,0.0,0.65175255188183
1854,2f5db903282a4e143,True,,,,,,,,,,1.0,1.0,1.0,1.0,0.1515029453073466,1.0,1.0,1.0,0.0,0.6098446704085458
1855,8254c72f094adeb13,True,,,,,,,,,,1.0,1.0,1.0,1.0,1.0,1.0,1.0,1.0,1.0,1.0
1856,7d026bbe1e37cd6bf,True,,,,,,,,,,1.0,1.0,1.0,1.0,0.5170711866476078,1.0,1.0,1.0,1.0,0.8490847458273774
1857,eacc02fe002535ebb,True,,,,,,,,,,1.0,1.0,0.0,1.0,1.0,1.0,0.0,1.0,1.0,0.0
1858,891da533fb5685c31,True,,,,,,,,,,1.0,0.0,0.5,1.0,1.0,1.0,0.0,0.0,0.0,0.0
1859,2e0773dd81838320f,True,,,,,,,,,,1.0,1.0,1.0,1.0,0.7579315347573423,1.0,0.0,1.0,0.0,0.6743536046116695
1860,0f08a0aac0d912459,True,,,,,,,,,,1.0,1.0,1.0,1.0,0.9153370587584316,1.0,0.0,1.0,1.0,0.8485428308620099
1861,7abb624adfb880027,True,,,,,,,,,,1.0,1.0,1.0,1.0,0.6905988837646081,1.0,0.0,1.0,1.0,0.77831215117644
1862,c4a613ef81174337b,True,,,,,,,,,,1.0,0.0,1.0,1.0,0.5826608392434117,1.0,1.0,1.0,0.0,0.0
1863,d3a043b81ea9596cd,True,,,,,,,,,,1.0,1.0,1.0,1.0,1.0,1.0,0.0,1.0,1.0,0.875
1864,527b9dd077cc88c6e,True,,,,,,,,,,1.0,1.0,0.5,1.0,1.0,1.0,0.0,1.0,1.0,0.4375
1865,dbf49f5df6cc0b159,True,,,,,,,,,,0.0,0.0,1.0,1.0,1.0,0.0,1.0,1.0,0.0,0.0
1866,a14671fac296719c0,True,,,,,,,,,,1.0,1.0,1.0,1.0,1.0,1.0,0.0,1.0,1.0,0.875
1867,7b53b50d5b5c3a0e4,True,,,,,,,,,,1.0,1.0,1.0,1.0,0.2525521297318198,1.0,1.0,1.0,1.0,0.7664225405411937
1868,86503ecf3c1b0f902,True,,,,,,,,,,1.0,1.0,1.0,1.0,0.7915945433883645,1.0,1.0,1.0,0.0,0.8098732948088639
1869,dd8018127da6cb6ad,True,,,,,,,,,,1.0,1.0,1.0,1.0,0.5887660405652471,1.0,1.0,1.0,1.0,0.8714893876766396
1870,d603eac1517a7fe9a,True,,,,,,,,,,1.0,1.0,1.0,1.0,0.8154474722614878,1.0,1.0,1.0,0.0,0.817327335081715
1871,058faf4c24ca33403,True,,,,,,,,,,1.0,1.0,1.0,1.0,0.5670884054550321,1.0,1.0,1.0,0.0,0.7397151267046975
1872,ab7e7c6fb9f3451a3,True,,,,,,,,,,1.0,0.0,1.0,1.0,1.0,1.0,0.0,1.0,0.0,0.0
1873,dab873d7c23152d34,True,,,,,,,,,,1.0,1.0,1.0,1.0,0.8630837964440066,1.0,0.0,1.0,1.0,0.832213686388752
1874,1211bf26e9a785053,True,,,,,,,,,,1.0,1.0,1.0,1.0,0.8444286941936544,1.0,1.0,1.0,1.0,0.9513839669355172
1875,6a802ffe0ffb0c125,True,,,,,,,,,,1.0,1.0,1.0,1.0,0.7121813705823249,1.0,1.0,1.0,1.0,0.9100566783069766
1876,d8126a7e3ab8882d8,True,,,,,,,,,,1.0,1.0,1.0,1.0,0.5310333630720753,1.0,1.0,1.0,1.0,0.8534479259600235
1877,bf56b1e490af51e25,True,,,,,,,,,,1.0,1.0,1.0,1.0,0.1582537254145033,1.0,0.0,1.0,1.0,0.6119542891920323
1878,5b406458d7f722fb2,True,,,,,,,,,,1.0,1.0,1.0,1.0,0.6305160912841973,1.0,0.0,1.0,1.0,0.7595362785263117
1879,a7f6db3ebc16e5c7c,True,,,,,,,,,,1.0,1.0,1.0,1.0,0.7167727873930162,1.0,1.0,1.0,0.0,0.7864914960603175
1880,5f54e7582c508a3ca,True,,,,,,,,,,1.0,1.0,1.0,1.0,0.7320167508993315,1.0,0.0,1.0,1.0,0.7912552346560411
1881,b1c50bd50a2ae1355,True,,,,,,,,,,1.0,1.0,1.0,1.0,0.5431595872835103,1.0,1.0,0.0,0.0,0.607237371026097
1882,cd8fa74c681fa08d7,True,,,,,,,,,,1.0,1.0,1.0,1.0,0.8464500775487037,1.0,1.0,1.0,1.0,0.95201564923397
1883,a82a0dff42f2a74f1,True,,,,,,,,,,1.0,1.0,1.0,1.0,0.7965109402343933,1.0,1.0,0.0,0.0,0.6864096688232479
1884,67d0d1179730f6191,True,,,,,,,,,,1.0,1.0,0.5,1.0,0.663133770528415,1.0,0.0,1.0,1.0,0.3848646516450648
1885,f8ef03363118bcda4,True,,,,,,,,,,1.0,1.0,0.0,1.0,1.0,1.0,0.0,1.0,0.0,0.0
1886,aee8a0b219134ae2b,True,,,,,,,,,,1.0,1.0,1.0,1.0,0.6403158806896,1.0,0.0,1.0,1.0,0.7625987127155001
1887,e9678d2903b5f46d6,True,,,,,,,,,,1.0,1.0,1.0,1.0,1.0,1.0,1.0,1.0,1.0,1.0
1888,9e017dbb384c3b2b8,True,,,,,,,,,,1.0,1.0,1.0,1.0,1.0,1.0,1.0,1.0,0.0,0.875
1889,7c999853833c34336,True,,,,,,,,,,1.0,1.0,1.0,1.0,0.3510733711697314,1.0,1.0,1.0,0.0,0.672210428490541
1890,3cd41195f5d27a4f7,True,,,,,,,,,,1.0,1.0,1.0,1.0,0.0745114207040536,1.0,1.0,1.0,1.0,0.7107848189700168
1891,6b41ad5e55b0662fc,True,,,,,,,,,,1.0,1.0,1.0,1.0,0.5082720744622111,1.0,1.0,1.0,1.0,0.846335023269441
1892,14a4ca35ab5b9b46d,True,,,,,,,,,,1.0,0.0,1.0,1.0,0.4664402393594065,1.0,1.0,1.0,0.0,0.0
1893,4019a208fc30e8936,True,,,,,,,,,,0.5,1.0,1.0,1.0,1.0,0.0,0.0,1.0,0.0,0.21875
1894,6e878407167faf00e,True,,,,,,,,,,1.0,0.0,1.0,1.0,0.5628086061446308,1.0,0.0,1.0,0.0,0.0
1895,991eb7f9b9b5d6f2f,True,,,,,,,,,,0.0,1.0,1.0,1.0,1.0,0.0,0.0,1.0,1.0,0.0
1896,e5f874a384d04ada1,True,,,,,,,,,,1.0,1.0,0.0,1.0,1.0,1.0,0.0,1.0,0.0,0.0
1897,d99cd68c37ac3ad2c,True,,,,,,,,,,1.0,1.0,1.0,1.0,0.7701523054082365,1.0,0.0,1.0,0.0,0.6781725954400739
1898,ca6194714b4b58cfb,True,,,,,,,,,,1.0,1.0,1.0,1.0,0.0616370000613316,1.0,0.0,1.0,0.0,0.4567615625191661
1899,8381bad892c31cd51,True,,,,,,,,,,0.5,0.0,0.5,1.0,1.0,0.0,0.0,1.0,0.0,0.0
1900,6d02e71114637a043,True,,,,,,,,,,1.0,1.0,1.0,1.0,0.2809765416769192,1.0,1.0,1.0,0.0,0.6503051692740373
1901,f3895fbfb8df71a43,True,,,,,,,,,,1.0,1.0,1.0,1.0,0.5196661390041027,1.0,1.0,1.0,0.0,0.7248956684387822
1902,977ccf108c51d43d0,True,,,,,,,,,,1.0,1.0,1.0,1.0,0.3198136395404698,1.0,1.0,1.0,0.0,0.6624417623563968
1903,44e8cafa5fe4603a5,True,,,,,,,,,,1.0,1.0,1.0,1.0,0.4495213553667158,1.0,0.0,0.0,0.0,0.4529754235520987
1904,e96c4d87797ab96d1,True,,,,,,,,,,1.0,1.0,1.0,1.0,0.7093421218289273,1.0,1.0,1.0,1.0,0.9091694130715398
1905,eb9e203aa49fcf83a,True,,,,,,,,,,1.0,1.0,1.0,1.0,0.8749571368540672,1.0,0.0,1.0,1.0,0.835924105266896
1906,bb1231abd88057215,True,,,,,,,,,,1.0,1.0,1.0,1.0,0.4629429723005812,1.0,0.0,1.0,1.0,0.7071696788439317
1907,c5555e6107565ea71,True,,,,,,,,,,1.0,1.0,1.0,1.0,0.6395181742651943,1.0,0.0,1.0,0.0,0.6373494294578732
1908,8f669c4ed49b0595f,True,,,,,,,,,,1.0,1.0,1.0,1.0,0.1993440526865707,1.0,1.0,1.0,0.0,0.6247950164645534
1909,e892cc466b54878c6,True,,,,,,,,,,1.0,0.0,0.5,1.0,1.0,1.0,0.0,0.0,0.0,0.0
1910,bff99a3eb84ffe4ba,True,,,,,,,,,,1.0,1.0,1.0,1.0,0.1696290311930506,1.0,0.0,1.0,1.0,0.6155090722478282
1911,7ab2fe1651beb3aae,True,,,,,,,,,,1.0,1.0,1.0,1.0,0.8550966370607939,1.0,1.0,1.0,0.0,0.8297176990814981
1912,3f9875514c117cb50,True,,,,,,,,,,1.0,1.0,1.0,1.0,0.6714745073060826,1.0,1.0,1.0,0.0,0.7723357835331508
1913,f53ce77b754edd1f8,True,,,,,,,,,,0.0,1.0,1.0,1.0,1.0,0.0,1.0,1.0,1.0,0.0
1914,463716f28ebb21a5d,True,,,,,,,,,,1.0,0.0,1.0,1.0,1.0,1.0,1.0,1.0,1.0,0.0
1915,54d9c82ef12c0980e,True,,,,,,,,,,1.0,1.0,1.0,1.0,0.4924012493021917,1.0,0.0,1.0,1.0,0.7163753904069349
1916,6eb14c57428cd1ec1,True,,,,,,,,,,1.0,1.0,1.0,1.0,0.8467857156394788,1.0,1.0,1.0,1.0,0.952120536137337
1917,5e652ec452f5c3eb4,True,,,,,,,,,,1.0,1.0,1.0,1.0,0.9081740118551408,1.0,1.0,1.0,1.0,0.9713043787047316
1918,ae40e2e1ac7bb59ef,True,,,,,,,,,,1.0,1.0,1.0,1.0,0.5253854711880057,1.0,1.0,1.0,1.0,0.8516829597462519
1919,486265f291210faed,True,,,,,,,,,,1.0,1.0,1.0,1.0,1.0,1.0,1.0,1.0,0.0,0.875
1920,3d8397f4fcf5d9ec3,True,,,,,,,,,,1.0,1.0,1.0,1.0,0.9077398093763628,1.0,0.0,1.0,0.0,0.7211686904301133
1921,2a756bf014216177b,True,,,,,,,,,,1.0,1.0,1.0,1.0,0.6376603231675275,1.0,0.0,1.0,1.0,0.7617688509898524
1922,3fdf3c5e045298ad9,True,,,,,,,,,,1.0,1.0,1.0,1.0,0.6725465185712025,1.0,1.0,1.0,0.0,0.7726707870535008
1923,dfaaf61d58472b476,True,,,,,,,,,,1.0,1.0,1.0,1.0,0.5038272665277945,1.0,1.0,1.0,1.0,0.8449460207899357
1924,71652a0843409669f,True,,,,,,,,,,1.0,1.0,1.0,1.0,1.0,1.0,0.0,1.0,0.0,0.75
1925,2f676101d71e92b1b,True,,,,,,,,,,1.0,1.0,1.0,1.0,0.9390520390513104,1.0,1.0,1.0,0.0,0.8559537622035345
1926,8c353bfb7146d30cd,True,,,,,,,,,,1.0,1.0,1.0,1.0,0.750278714426357,1.0,1.0,1.0,0.0,0.7969620982582366
1927,146404d39b9ce38d7,True,,,,,,,,,,1.0,1.0,1.0,1.0,0.7500574466494238,1.0,0.0,0.0,0.0,0.5468929520779449
1928,545989b6d92a09061,True,,,,,,,,,,1.0,1.0,0.5,1.0,1.0,1.0,0.0,1.0,1.0,0.4375
1929,4d27e0875d79e55cb,True,,,,,,,,,,1.0,1.0,1.0,1.0,0.1720596965541182,1.0,1.0,1.0,0.0,0.616268655173162
1930,9a7f43d4720b544da,True,,,,,,,,,,1.0,1.0,1.0,1.0,0.7914185513055103,1.0,1.0,1.0,0.0,0.8098182972829719
1931,2e822d476fd14739c,True,,,,,,,,,,1.0,1.0,1.0,1.0,1.0,1.0,1.0,1.0,1.0,1.0
1932,2288b831536d541ba,True,,,,,,,,,,0.0,1.0,1.0,1.0,0.9012014111756405,0.0,1.0,1.0,0.0,0.0
1933,91df938553d5b89fb,True,,,,,,,,,,1.0,1.0,1.0,1.0,0.6541916516636241,1.0,0.0,1.0,1.0,0.7669348911448826
1934,f1e82aeab9ae98314,True,,,,,,,,,,1.0,1.0,1.0,1.0,0.682938244531739,1.0,1.0,1.0,1.0,0.9009182014161684
1935,cdc70ea2300980958,True,,,,,,,,,,0.0,1.0,1.0,1.0,0.7436206418380054,0.0,0.0,1.0,0.0,0.0
1936,15db590374cc3993a,True,,,,,,,,,,1.0,1.0,1.0,1.0,1.0,1.0,1.0,1.0,0.0,0.875
1937,fcba11bedf38fce20,True,,,,,,,,,,1.0,1.0,1.0,1.0,0.4801177663541524,1.0,1.0,1.0,1.0,0.8375368019856726
1938,c356f7c7a4dfada23,True,,,,,,,,,,1.0,1.0,1.0,1.0,0.4418847245049149,1.0,0.0,1.0,1.0,0.700588976407786
1939,a42ef2d15ed8d3d94,True,,,,,,,,,,1.0,1.0,1.0,1.0,0.9204396728457928,1.0,1.0,1.0,1.0,0.9751373977643104
1940,c303322f8c6fe45b9,True,,,,,,,,,,1.0,1.0,0.5,1.0,1.0,1.0,0.0,1.0,0.0,0.375
1941,12776777ba8546e14,True,,,,,,,,,,1.0,1.0,0.5,1.0,1.0,0.0,0.0,1.0,0.0,0.21875
1942,064aaacc7d9acb094,True,,,,,,,,,,1.0,1.0,1.0,1.0,0.8628390223858303,1.0,0.0,1.0,1.0,0.832137194495572
1943,6232a0b37017c2c9f,True,,,,,,,,,,1.0,1.0,1.0,1.0,0.3828042965391222,1.0,1.0,1.0,1.0,0.8071263426684757
1944,d216a742018af5843,True,,,,,,,,,,1.0,0.0,1.0,1.0,1.0,1.0,1.0,1.0,0.0,0.0
1945,c70f1e01d8a8d58e0,True,,,,,,,,,,1.0,1.0,1.0,1.0,0.4293494573073736,1.0,1.0,1.0,1.0,0.8216717054085543
1946,3c5a4ce4780db74b7,True,,,,,,,,,,1.0,1.0,1.0,1.0,0.8959357046933172,1.0,1.0,1.0,0.0,0.8424799077166616
1947,1e704b348fb75f77d,True,,,,,,,,,,1.0,0.0,1.0,1.0,0.9260495110206496,1.0,1.0,1.0,0.0,0.0
1948,845a83fdb1732a5ef,True,,,,,,,,,,1.0,0.0,0.0,1.0,1.0,1.0,1.0,1.0,0.0,0.0
1949,8078500be0a3e5743,True,,,,,,,,,,1.0,1.0,1.0,1.0,0.7584729847476445,1.0,1.0,0.0,0.0,0.6745228077336389
1950,507ff750eaaf02bd0,True,,,,,,,,,,1.0,1.0,1.0,1.0,0.8012984488987983,1.0,1.0,1.0,0.0,0.8129057652808744
1951,ebfe50cfc0a46ef16,True,,,,,,,,,,1.0,1.0,0.5,1.0,0.9118739559650676,1.0,0.0,1.0,0.0,0.3612303056195418
1952,76cde40b4dab9f0f1,True,,,,,,,,,,1.0,0.0,1.0,1.0,1.0,1.0,1.0,1.0,1.0,0.0
1953,f3f8e9c3fd11d36f3,True,,,,,,,,,,1.0,1.0,1.0,1.0,0.6144606436323972,1.0,1.0,1.0,0.0,0.7545189511351241
1954,c2a3b350db0887b64,True,,,,,,,,,,1.0,1.0,1.0,1.0,0.8507633348510555,1.0,0.0,1.0,0.0,0.7033635421409549
1955,6b13c052d037390cc,True,,,,,,,,,,1.0,1.0,1.0,1.0,0.1569974288529233,1.0,1.0,1.0,1.0,0.7365616965165385
1956,3eb821b7811f5890d,True,,,,,,,,,,1.0,1.0,1.0,1.0,0.4178595512045378,1.0,0.0,1.0,1.0,0.693081109751418
1957,854521fa54e11652c,True,,,,,,,,,,0.0,1.0,1.0,1.0,1.0,0.0,1.0,1.0,0.0,0.0
1958,cf135fafcf0b8184d,True,,,,,,,,,,1.0,1.0,1.0,1.0,0.6740625886688196,1.0,0.0,0.0,0.0,0.5231445589590061
1959,e742e687d4142df74,True,,,,,,,,,,1.0,1.0,1.0,1.0,0.2497667807464871,1.0,1.0,1.0,0.0,0.6405521189832772
1960,2732f280ebb7e46da,True,,,,,,,,,,1.0,1.0,1.0,1.0,0.7375429618527244,1.0,0.0,1.0,0.0,0.6679821755789763
1961,8befb288003901497,True,,,,,,,,,,1.0,0.0,1.0,1.0,1.0,1.0,1.0,1.0,0.0,0.0
1962,fec1c3f2a8d0d6136,True,,,,,,,,,,1.0,1.0,0.0,1.0,1.0,1.0,0.0,1.0,1.0,0.0
1963,60d8762d0c173197e,True,,,,,,,,,,1.0,1.0,1.0,1.0,0.2959882944696695,1.0,1.0,1.0,1.0,0.7799963420217717
1964,c532df7508f6fce92,True,,,,,,,,,,0.0,1.0,1.0,1.0,1.0,0.0,1.0,1.0,1.0,0.0
1965,1435a0fd243cd3793,True,,,,,,,,,,1.0,1.0,1.0,1.0,0.4230431437602186,1.0,1.0,1.0,0.0,0.6947009824250683
1966,fde62db47c2545623,True,,,,,,,,,,1.0,1.0,1.0,1.0,0.4874762112422264,1.0,1.0,1.0,1.0,0.8398363160131957
1967,6ad5915978b38db9e,True,,,,,,,,,,0.0,1.0,1.0,1.0,1.0,1.0,0.0,1.0,0.0,0.0
1968,32dda48eecd064f26,True,,,,,,,,,,1.0,1.0,1.0,1.0,0.5737889006429382,1.0,0.0,1.0,1.0,0.7418090314509183
1969,12b8102851dec66e5,True,,,,,,,,,,0.0,1.0,1.0,1.0,0.8296166400240677,0.0,1.0,1.0,0.0,0.0
1970,854e5e93c34b9c7cd,True,,,,,,,,,,1.0,1.0,0.5,1.0,1.0,1.0,0.0,1.0,0.0,0.375
1971,b58fa3cc9262a73d1,True,,,,,,,,,,0.0,1.0,1.0,1.0,1.0,0.0,1.0,1.0,1.0,0.0
1972,d294ac095b61c1877,True,,,,,,,,,,1.0,1.0,1.0,1.0,0.3201835228229938,1.0,1.0,1.0,1.0,0.7875573508821856
1973,6fb2b8cc6f313cf96,True,,,,,,,,,,1.0,1.0,1.0,1.0,0.405688738969956,1.0,1.0,0.0,1.0,0.6892777309281113
1974,84c83fdf5cd2bf3d0,True,,,,,,,,,,1.0,1.0,0.0,1.0,1.0,1.0,0.0,1.0,1.0,0.0
1975,dd0951850bdae5fd8,True,,,,,,,,,,1.0,1.0,1.0,1.0,0.7232926314447479,1.0,1.0,0.0,0.0,0.6635289473264837
1976,9dd3876cb173c36aa,True,,,,,,,,,,1.0,1.0,0.0,1.0,1.0,1.0,0.0,1.0,0.0,0.0
1977,f23480d4e2e5e6146,True,,,,,,,,,,1.0,1.0,1.0,1.0,1.0,1.0,1.0,1.0,1.0,1.0
1978,535b410078f9658ee,True,,,,,,,,,,1.0,1.0,1.0,1.0,0.9572108967781828,1.0,1.0,1.0,0.0,0.8616284052431822
1979,f320cdfa77acffb59,True,,,,,,,,,,1.0,0.0,1.0,1.0,0.831706790452068,1.0,1.0,1.0,0.0,0.0
1980,b5837307d8a14be4a,True,,,,,,,,,,1.0,1.0,1.0,1.0,0.6103470980344475,1.0,1.0,1.0,1.0,0.8782334681357649
1981,35af9247ec4aef73d,True,,,,,,,,,,1.0,1.0,1.0,1.0,0.7865124485578093,1.0,1.0,1.0,0.0,0.8082851401743154
1982,34c0cbcc136c66c89,True,,,,,,,,,,1.0,1.0,1.0,1.0,0.970572506254449,1.0,0.0,1.0,1.0,0.8658039082045152
1983,b0dc4287fbb069fd7,True,,,,,,,,,,1.0,1.0,1.0,1.0,0.4694235066129463,1.0,0.0,1.0,1.0,0.7091948458165457
1984,945b57db140235d1c,True,,,,,,,,,,1.0,0.0,1.0,1.0,1.0,1.0,0.0,1.0,0.0,0.0
1985,dcf19e94036cc47aa,True,,,,,,,,,,1.0,1.0,0.5,1.0,1.0,1.0,0.0,1.0,0.0,0.375
1986,dd0ab6f5e9d352fb2,True,,,,,,,,,,1.0,1.0,0.5,1.0,1.0,1.0,0.0,1.0,1.0,0.4375
1987,dfa9b874b33acc858,True,,,,,,,,,,1.0,1.0,1.0,1.0,0.5219616466444448,1.0,1.0,1.0,1.0,0.850613014576389
1988,3eee54f31bcaed95d,True,,,,,,,,,,1.0,1.0,1.0,1.0,0.5555372339141038,1.0,0.0,1.0,0.0,0.6111053855981574
1989,5bfc22f5524f10a47,True,,,,,,,,,,1.0,1.0,0.5,1.0,1.0,1.0,0.0,1.0,0.0,0.375
1990,3048f4817a5a5e48b,True,,,,,,,,,,1.0,1.0,1.0,1.0,1.0,1.0,0.0,1.0,0.0,0.75
1991,46ccc7e9752595671,True,,,,,,,,,,1.0,1.0,1.0,1.0,0.4738832751270959,1.0,0.0,1.0,1.0,0.7105885234772175
1992,687eac5f36b59550f,True,,,,,,,,,,1.0,0.0,1.0,1.0,1.0,1.0,1.0,1.0,0.0,0.0
1993,772ca0f5b2b35d83b,True,,,,,,,,,,1.0,1.0,1.0,0.0,1.0,1.0,1.0,1.0,0.0,0.0
1994,925c86df127c5e5b6,True,,,,,,,,,,1.0,1.0,1.0,1.0,0.3181569878774163,1.0,1.0,1.0,0.0,0.6619240587116926
1995,17c86323e16dd5691,True,,,,,,,,,,1.0,1.0,1.0,1.0,0.8387088858226406,1.0,0.0,1.0,0.0,0.6995965268195752
1996,97878eb5ec064dcaf,True,,,,,,,,,,1.0,1.0,1.0,1.0,0.4303758849177544,1.0,1.0,1.0,1.0,0.8219924640367983
1997,50e8217a812643799,True,,,,,,,,,,1.0,1.0,1.0,1.0,0.6362222021007514,1.0,1.0,1.0,1.0,0.8863194381564848
1998,e3e11c324948199da,True,,,,,,,,,,1.0,1.0,1.0,1.0,1.0,1.0,1.0,1.0,1.0,1.0
1999,012fd1457eb78c56c,True,,,,,,,,,,1.0,0.0,1.0,1.0,1.0,1.0,0.0,1.0,0.0,0.0
2000,769c42d02e0f583b2,True,,,,,,,,,,1.0,1.0,0.5,1.0,1.0,1.0,0.0,1.0,0.0,0.375
2001,4b0f639cbf3aaa353,True,,,,,,,,,,1.0,1.0,1.0,1.0,0.7804052452730249,1.0,0.0,1.0,1.0,0.8063766391478203
2002,90bac953ef7d525b5,True,,,,,,,,,,1.0,1.0,1.0,1.0,0.4935357683068748,1.0,1.0,1.0,0.0,0.7167299275958984
2003,083ca0b9e4853254e,True,,,,,,,,,,1.0,0.0,1.0,1.0,0.5611192355382537,1.0,0.0,1.0,0.0,0.0
2004,2833f76e80e4d4998,True,,,,,,,,,,1.0,1.0,1.0,1.0,0.6741980172001709,1.0,1.0,1.0,1.0,0.8981868803750535
2005,51bb4445380dac75e,True,,,,,,,,,,1.0,1.0,1.0,1.0,0.356360272781279,1.0,0.0,1.0,1.0,0.6738625852441497
2006,cd7d476e450a5083d,True,,,,,,,,,,1.0,0.0,1.0,1.0,0.1416133739644169,1.0,1.0,1.0,0.0,0.0
2007,762f200cb2556d1a2,True,,,,,,,,,,0.0,0.0,1.0,1.0,1.0,0.0,1.0,1.0,0.0,0.0
2008,18904eb72c5073ba1,True,,,,,,,,,,1.0,1.0,1.0,1.0,0.8030746516210163,1.0,0.0,1.0,1.0,0.8134608286315677
2009,aede15abec43ca21b,True,,,,,,,,,,1.0,0.0,1.0,1.0,1.0,1.0,0.0,1.0,0.0,0.0
2010,3432391c5dca44cf9,True,,,,,,,,,,1.0,1.0,1.0,1.0,0.6518798707809957,1.0,1.0,1.0,0.0,0.7662124596190611
2011,363ac46bc24e8db3b,True,,,,,,,,,,1.0,1.0,1.0,1.0,0.3224711951302206,1.0,1.0,1.0,0.0,0.6632722484781939
2012,696843a23b748f1b0,True,,,,,,,,,,1.0,1.0,1.0,1.0,1.0,1.0,1.0,1.0,0.0,0.875
2013,1a52c544d3cfaba4b,True,,,,,,,,,,1.0,1.0,1.0,1.0,0.7627922098448824,1.0,0.0,1.0,0.0,0.6758725655765258
2014,e8a9486b49b69adbf,True,,,,,,,,,,0.0,1.0,1.0,1.0,1.0,0.0,1.0,1.0,0.0,0.0
2015,42e2e548a93490d54,True,,,,,,,,,,1.0,1.0,1.0,1.0,1.0,1.0,0.0,1.0,1.0,0.875
2016,c1b8b4454bc0a112c,True,,,,,,,,,,1.0,1.0,1.0,1.0,1.0,1.0,1.0,1.0,0.0,0.875
2017,bafac7b272b09ff2d,True,,,,,,,,,,1.0,1.0,1.0,1.0,0.934765282665252,1.0,1.0,1.0,1.0,0.9796141508328912
2018,04c0d966a74c0c8e0,True,,,,,,,,,,0.0,1.0,1.0,1.0,1.0,0.0,0.0,1.0,0.0,0.0
2019,19b51ad1679f9fa3c,True,,,,,,,,,,1.0,1.0,1.0,1.0,0.268372185229332,1.0,0.0,1.0,0.0,0.5213663078841663
2020,7fc94bcc4790ac58b,True,,,,,,,,,,1.0,1.0,1.0,1.0,0.6211306977142751,1.0,0.0,1.0,1.0,0.756603343035711
2021,e87f91497184fed2b,True,,,,,,,,,,0.0,1.0,1.0,1.0,1.0,0.0,1.0,1.0,1.0,0.0
2022,96a58a5e3850d0b3d,True,,,,,,,,,,1.0,1.0,1.0,1.0,0.4942805198654655,1.0,1.0,1.0,1.0,0.8419626624579579
2023,c525c6d635eb5f316,True,,,,,,,,,,1.0,1.0,1.0,1.0,0.668161975054419,1.0,1.0,1.0,0.0,0.7713006172045059
2024,1ea06c577a84beafb,True,,,,,,,,,,1.0,1.0,1.0,1.0,0.6395606873248322,1.0,1.0,1.0,1.0,0.8873627147890101
2025,0f902fca1e990d9be,True,,,,,,,,,,1.0,0.0,1.0,1.0,1.0,1.0,1.0,1.0,1.0,0.0
2026,28416fd7feabf49fd,True,,,,,,,,,,1.0,1.0,1.0,1.0,0.6791614331266588,1.0,1.0,1.0,0.0,0.7747379478520808
2027,15b6de5b6b812b547,True,,,,,,,,,,0.0,1.0,1.0,1.0,1.0,1.0,1.0,1.0,0.0,0.0
2028,7133408c5a1a6f3bf,True,,,,,,,,,,1.0,1.0,1.0,1.0,0.9321013065008454,1.0,1.0,1.0,0.0,0.8537816582815142
2029,5504db91fe0808550,True,,,,,,,,,,1.0,1.0,1.0,1.0,0.6439177360926542,1.0,0.0,1.0,1.0,0.7637242925289545
2030,b5be28ec54c28eea8,True,,,,,,,,,,1.0,1.0,0.0,1.0,1.0,1.0,0.0,1.0,0.0,0.0
2031,c25117617d76189c0,True,,,,,,,,,,1.0,1.0,1.0,1.0,1.0,1.0,1.0,1.0,0.0,0.875
2032,cf6204044bf64f9d2,True,,,,,,,,,,1.0,1.0,1.0,1.0,0.1116528414995034,1.0,1.0,1.0,1.0,0.7223915129685948
2033,42dea16d984c67d19,True,,,,,,,,,,0.0,1.0,0.0,1.0,1.0,0.0,0.0,1.0,0.0,0.0
2034,41efa8e340c6ec6b0,True,,,,,,,,,,1.0,1.0,1.0,1.0,1.0,1.0,1.0,1.0,0.0,0.875
2035,afee933aa0fe755d2,True,,,,,,,,,,1.0,1.0,0.5,1.0,1.0,1.0,0.0,1.0,1.0,0.4375
2036,59af906a1320b6ea8,True,,,,,,,,,,1.0,1.0,1.0,1.0,0.4040670675763665,1.0,1.0,1.0,0.0,0.6887709586176145
2037,2c253de40b51a352a,True,,,,,,,,,,1.0,1.0,1.0,1.0,0.2763204898827383,1.0,1.0,1.0,1.0,0.7738501530883557
2038,cc716ed59dd6f0250,True,,,,,,,,,,1.0,1.0,1.0,1.0,0.9677454790542328,1.0,1.0,1.0,0.0,0.8649204622044477
2039,e6a340849c0025d9f,True,,,,,,,,,,1.0,1.0,1.0,1.0,0.3318858853898224,1.0,1.0,1.0,1.0,0.7912143391843195
2040,0b2a6af7c94670346,True,,,,,,,,,,1.0,1.0,0.5,1.0,0.9633785591977536,1.0,1.0,0.0,0.0,0.369277899874649
2041,a1144bd1f4f830e91,True,,,,,,,,,,1.0,1.0,1.0,1.0,0.5088101429915192,1.0,1.0,1.0,0.0,0.7215031696848497
2042,a2ebc2aec41ccbb33,True,,,,,,,,,,1.0,1.0,1.0,1.0,0.4576020669035368,1.0,1.0,1.0,0.0,0.7055006459073553
2043,5fbdf316a30e33058,True,,,,,,,,,,1.0,1.0,1.0,1.0,0.654499923320696,1.0,0.0,1.0,0.0,0.6420312260377175
2044,95068a2e2c9c01e85,True,,,,,,,,,,1.0,1.0,1.0,1.0,1.0,1.0,0.0,1.0,1.0,0.875
2045,d8c8d7ca717326aa5,True,,,,,,,,,,1.0,0.0,1.0,1.0,0.6492771304395933,1.0,0.0,1.0,1.0,0.0
2046,d337b79f01dc75805,True,,,,,,,,,,1.0,1.0,1.0,1.0,0.5611704962705402,1.0,0.0,1.0,1.0,0.7378657800845438
2047,b60c0ec16d57413b5,True,,,,,,,,,,1.0,0.0,0.0,1.0,1.0,1.0,0.0,0.0,0.0,0.0
2048,2a46d49b6aa55f1ca,True,,,,,,,,,,1.0,1.0,1.0,1.0,0.8782537068270909,1.0,0.0,1.0,0.0,0.7119542833834659
2049,90560af9aba9040f6,True,,,,,,,,,,1.0,1.0,1.0,1.0,0.9373793529752072,1.0,0.0,1.0,1.0,0.8554310478047522
2050,24a39936d6d41ac30,True,,,,,,,,,,1.0,1.0,0.5,1.0,1.0,1.0,0.0,1.0,0.0,0.375
2051,5b8389f00775d1a89,True,,,,,,,,,,1.0,1.0,1.0,1.0,1.0,1.0,0.0,1.0,1.0,0.875
2052,a69e816127208136c,True,,,,,,,,,,1.0,1.0,1.0,1.0,0.7516911050079254,1.0,0.0,1.0,1.0,0.7974034703149766
2053,0005b7348b80106e2,True,,,,,,,,,,1.0,1.0,1.0,1.0,0.7262665595102007,1.0,1.0,1.0,0.0,0.7894582998469377
2054,4ada67449cbca8a4f,True,,,,,,,,,,1.0,1.0,1.0,1.0,0.782169847705427,1.0,1.0,1.0,0.0,0.8069280774079459
2055,819c74509b391434b,True,,,,,,,,,,1.0,1.0,1.0,1.0,0.7221913031727492,1.0,0.0,1.0,1.0,0.7881847822414841
2056,1e345865d056e4812,True,,,,,,,,,,1.0,1.0,1.0,1.0,0.7655300429895708,1.0,0.0,1.0,1.0,0.801728138434241
2057,e1a0c043fd6b131e0,True,,,,,,,,,,1.0,1.0,1.0,1.0,0.772651523993377,1.0,1.0,1.0,1.0,0.9289536012479302
2058,d79599d25c9842625,True,,,,,,,,,,1.0,1.0,1.0,1.0,0.9499447438212136,1.0,0.0,1.0,1.0,0.8593577324441293
2059,11faa3428ed91e426,True,,,,,,,,,,1.0,1.0,0.5,1.0,1.0,1.0,0.0,1.0,0.0,0.375
2060,62efc5db12ae35bc5,True,,,,,,,,,,1.0,1.0,1.0,1.0,0.6102529503254891,1.0,1.0,1.0,0.0,0.7532040469767154
2061,8d358053106bc9580,True,,,,,,,,,,0.0,1.0,1.0,1.0,1.0,0.0,0.0,1.0,1.0,0.0
2062,0af32ef4c6cb2b293,True,,,,,,,,,,1.0,1.0,0.0,1.0,1.0,1.0,0.0,1.0,0.0,0.0
2063,742919271b6be5815,True,,,,,,,,,,1.0,1.0,0.0,1.0,1.0,1.0,0.0,1.0,0.0,0.0
2064,3fa63924a53aacc9a,True,,,,,,,,,,1.0,1.0,1.0,1.0,0.4171546874647046,1.0,1.0,1.0,1.0,0.8178608398327202
2065,41dae4808025d25f5,True,,,,,,,,,,1.0,1.0,1.0,1.0,0.8222785182740595,1.0,0.0,1.0,0.0,0.6944620369606436
2066,56cdce665c7a8a742,True,,,,,,,,,,1.0,1.0,1.0,1.0,1.0,1.0,0.0,1.0,1.0,0.875
2067,92fd62b816fa1435c,True,,,,,,,,,,1.0,1.0,1.0,1.0,0.7832242895676073,1.0,0.0,1.0,1.0,0.8072575904898773
2068,b12d970eb84c1530f,True,,,,,,,,,,1.0,1.0,1.0,1.0,1.0,1.0,0.0,1.0,1.0,0.875
2069,3b0bf79a32b642604,True,,,,,,,,,,1.0,0.0,1.0,1.0,0.4344888271771445,1.0,0.0,0.0,1.0,0.0
2070,161046c98f6b78205,True,,,,,,,,,,1.0,1.0,0.5,1.0,1.0,1.0,0.0,1.0,0.0,0.375
2071,960a0cd8fd6e4be22,True,,,,,,,,,,1.0,1.0,1.0,1.0,0.3338753467325253,1.0,1.0,1.0,0.0,0.6668360458539142
2072,f068d067b1949f364,True,,,,,,,,,,1.0,0.0,1.0,1.0,0.4231656545169886,1.0,0.0,0.0,0.0,0.0
2073,08c4b293745d6aef6,True,,,,,,,,,,1.0,1.0,1.0,0.0,1.0,1.0,1.0,1.0,0.0,0.0
2074,86aa1518812acc807,True,,,,,,,,,,1.0,1.0,1.0,1.0,1.0,1.0,1.0,1.0,0.0,0.875
2075,b5d11a125c8146f58,True,,,,,,,,,,1.0,1.0,1.0,1.0,0.6193875723091021,1.0,1.0,1.0,0.0,0.7560586163465944
2076,cbe052f2880b9cd3c,True,,,,,,,,,,1.0,0.0,1.0,1.0,0.1698132922509129,1.0,1.0,1.0,0.0,0.0
2077,85cab6604a5a39b78,True,,,,,,,,,,1.0,1.0,1.0,1.0,1.0,0.0,0.0,1.0,0.0,0.4375
2078,e302536dfb1a897a7,True,,,,,,,,,,1.0,1.0,1.0,1.0,0.6357053282197263,1.0,0.0,1.0,1.0,0.7611579150686645
2079,6808c5efa6976fe37,True,,,,,,,,,,1.0,1.0,1.0,1.0,0.5753319516179608,1.0,0.0,1.0,0.0,0.6172912348806128
2080,0d069b495b11daa42,True,,,,,,,,,,1.0,1.0,0.5,1.0,1.0,1.0,0.0,1.0,0.0,0.375
2081,a567fa13fe7716b55,True,,,,,,,,,,0.0,1.0,1.0,0.0,1.0,0.0,0.0,1.0,0.0,0.0
2082,57f473049e88971e9,True,,,,,,,,,,1.0,1.0,1.0,1.0,0.5537366715427657,1.0,1.0,1.0,1.0,0.8605427098571143
2083,1d749bcf71869340e,True,,,,,,,,,,1.0,1.0,1.0,1.0,0.4633520239595428,1.0,0.0,1.0,1.0,0.7072975074873571
2084,5e6d2cd10c8d3e867,True,,,,,,,,,,1.0,1.0,1.0,1.0,0.86284048329218,1.0,0.0,1.0,1.0,0.8321376510288063
2085,843dea321ea12e93c,True,,,,,,,,,,1.0,1.0,1.0,1.0,0.7321237308766037,1.0,0.0,1.0,1.0,0.7912886658989386
2086,997169e70df191713,True,,,,,,,,,,1.0,1.0,1.0,1.0,0.1493344933329375,1.0,0.0,1.0,1.0,0.609167029166543
2087,3d85159a51861aba5,True,,,,,,,,,,0.0,1.0,1.0,1.0,1.0,0.0,0.0,1.0,1.0,0.0
2088,e2f2c32fd3d5f5d35,True,,,,,,,,,,0.0,1.0,0.0,1.0,1.0,0.0,0.0,1.0,0.0,0.0
2089,cb5add2e1dd5aa638,True,,,,,,,,,,1.0,1.0,1.0,1.0,0.9561228650795496,1.0,1.0,1.0,0.0,0.8612883953373592
2090,01fd6ca416dc0630c,True,,,,,,,,,,1.0,0.0,0.0,1.0,1.0,1.0,0.0,1.0,0.0,0.0
2091,0409a56c40aabf66c,True,,,,,,,,,,1.0,1.0,1.0,1.0,0.6884787983248225,1.0,0.0,1.0,1.0,0.777649624476507
2092,a480f952c0cac164f,True,,,,,,,,,,1.0,1.0,1.0,1.0,0.2758827118228257,1.0,1.0,1.0,1.0,0.773713347444633
2093,008d19d3a7e53bd2f,True,,,,,,,,,,1.0,1.0,1.0,0.0,1.0,1.0,1.0,1.0,1.0,0.0
2094,9574cf693ee2e6774,True,,,,,,,,,,1.0,0.0,1.0,1.0,0.7497730967014752,1.0,0.0,1.0,1.0,0.0
2095,08bcd54c271622666,True,,,,,,,,,,1.0,1.0,1.0,1.0,0.7193038462214079,1.0,1.0,1.0,1.0,0.91228245194419
2096,6cbcce7f4aa5854ab,True,,,,,,,,,,1.0,1.0,1.0,1.0,1.0,1.0,0.0,1.0,0.0,0.75
2097,cdccba86287f3bf1d,True,,,,,,,,,,1.0,1.0,1.0,1.0,1.0,1.0,0.0,1.0,1.0,0.875
2098,0c5705a24a60a8fd4,True,,,,,,,,,,1.0,1.0,1.0,1.0,0.7061586290905303,1.0,0.0,1.0,1.0,0.7831745715907907
2099,2366b4156fa09a0bc,True,,,,,,,,,,1.0,1.0,0.5,1.0,1.0,1.0,0.0,1.0,0.0,0.375
2100,15f665441aeb9b139,True,,,,,,,,,,1.0,1.0,1.0,1.0,0.8791214822767511,1.0,1.0,1.0,1.0,0.9622254632114848
2101,0947aa4445fd336d1,True,,,,,,,,,,1.0,1.0,1.0,1.0,0.6221228905258412,1.0,1.0,1.0,1.0,0.8819134032893254
2102,b7d252306270e80e3,True,,,,,,,,,,1.0,1.0,1.0,1.0,0.5898305050263832,1.0,1.0,1.0,1.0,0.8718220328207448
2103,cde1512dfd75d52a2,True,,,,,,,,,,1.0,1.0,1.0,1.0,0.605869287718652,1.0,1.0,1.0,0.0,0.7518341524120787
2104,3b99197cc8a0e07a3,True,,,,,,,,,,1.0,1.0,1.0,1.0,1.0,1.0,0.0,1.0,0.0,0.75
2105,47333aea0afd08b32,True,,,,,,,,,,0.0,1.0,1.0,1.0,1.0,0.0,1.0,1.0,0.0,0.0
2106,3b2fcd8bf613ba28f,True,,,,,,,,,,1.0,1.0,1.0,1.0,0.4315182040550349,1.0,0.0,1.0,1.0,0.6973494387671983
2107,4358e02f26d710fd9,True,,,,,,,,,,1.0,1.0,1.0,1.0,0.4124568266130162,1.0,1.0,1.0,1.0,0.8163927583165675
2108,6949e44c974752c39,True,,,,,,,,,,1.0,1.0,1.0,1.0,0.5841017709673442,1.0,1.0,1.0,1.0,0.870031803427295
2109,6dc215cf4dcd911e3,True,,,,,,,,,,1.0,1.0,1.0,1.0,0.4672373818726526,1.0,1.0,1.0,1.0,0.833511681835204
2110,3b60c8877787da3e0,True,,,,,,,,,,1.0,0.0,1.0,1.0,1.0,1.0,1.0,1.0,1.0,0.0
2111,c6c91a989e2c0ae69,True,,,,,,,,,,1.0,1.0,1.0,1.0,0.5650868546577141,1.0,0.0,1.0,1.0,0.7390896420805357
2112,9ca4cc4bfc1a7a0a0,True,,,,,,,,,,1.0,0.0,1.0,1.0,1.0,1.0,1.0,0.0,0.0,0.0
2113,c3a31672b53c086c7,True,,,,,,,,,,1.0,1.0,1.0,1.0,0.567968316843709,1.0,0.0,1.0,1.0,0.7399900990136591
2114,d83d3619e63d183d6,True,,,,,,,,,,1.0,1.0,1.0,1.0,1.0,1.0,1.0,1.0,0.0,0.875
2115,a29cd4e306ffe1e14,True,,,,,,,,,,1.0,1.0,0.5,1.0,0.6481059030855291,1.0,0.0,1.0,0.0,0.3200165473571139
2116,30efc6f9cfe338bb8,True,,,,,,,,,,1.0,0.0,1.0,1.0,1.0,1.0,1.0,0.0,0.0,0.0
2117,412fcdb7f8f144443,True,,,,,,,,,,1.0,1.0,1.0,1.0,1.0,1.0,1.0,1.0,0.0,0.875
2118,b9d6d6e0f1c629518,True,,,,,,,,,,1.0,0.0,1.0,1.0,1.0,1.0,1.0,1.0,1.0,0.0
2119,789c9e60213111cde,True,,,,,,,,,,1.0,1.0,0.0,1.0,1.0,1.0,0.0,1.0,1.0,0.0
2120,adf39008de8774c39,True,,,,,,,,,,1.0,1.0,1.0,1.0,0.9995967260976124,1.0,1.0,1.0,1.0,0.9998739769055038
2121,0dacd04f2b5cb9990,True,,,,,,,,,,1.0,1.0,0.0,1.0,1.0,1.0,0.0,1.0,1.0,0.0
2122,946712c7d5a1cec37,True,,,,,,,,,,1.0,1.0,1.0,1.0,0.97198793067446,1.0,0.0,1.0,0.0,0.7412462283357687
2123,de7117fede978534c,True,,,,,,,,,,1.0,1.0,0.5,1.0,1.0,1.0,0.0,1.0,1.0,0.4375
2124,27061907e5be28dba,True,,,,,,,,,,1.0,1.0,1.0,1.0,0.7863480967026839,1.0,1.0,1.0,1.0,0.9332337802195888
2125,9bbec38bd775ea622,True,,,,,,,,,,1.0,1.0,1.0,1.0,0.3754663178881355,1.0,0.0,1.0,1.0,0.6798332243400423
2126,835ff0096d7b5ba4f,True,,,,,,,,,,1.0,1.0,1.0,1.0,0.8157353867297906,1.0,1.0,1.0,1.0,0.9424173083530596
2127,9922b31c71414db50,True,,,,,,,,,,1.0,1.0,1.0,1.0,1.0,0.0,0.0,1.0,0.0,0.4375
2128,9acdea8bbc8a06caa,True,,,,,,,,,,1.0,1.0,1.0,1.0,0.4493597595442381,1.0,1.0,1.0,0.0,0.7029249248575744
2129,5776fb2bb724aff1e,True,,,,,,,,,,1.0,1.0,0.0,1.0,1.0,1.0,1.0,1.0,1.0,0.0
2130,ac6225d45da8b51cf,True,,,,,,,,,,1.0,1.0,1.0,1.0,1.0,1.0,0.0,1.0,0.0,0.75
2131,dd2ee657886ef2e66,True,,,,,,,,,,1.0,1.0,1.0,1.0,0.4475203822430888,1.0,0.0,1.0,1.0,0.7023501194509653
2132,1212d2f99f183cece,True,,,,,,,,,,1.0,1.0,1.0,1.0,0.5537366715427657,1.0,1.0,1.0,1.0,0.8605427098571143
2133,48b2b4044e41f6e13,True,,,,,,,,,,1.0,1.0,1.0,1.0,0.5407458825849825,1.0,1.0,1.0,1.0,0.856483088307807
2134,f0fac8077bc98ead2,True,,,,,,,,,,1.0,1.0,1.0,1.0,0.2806307469083052,1.0,0.0,1.0,1.0,0.6501971084088454
2135,8ea9dd3d247a8435f,True,,,,,,,,,,1.0,1.0,1.0,1.0,0.5913315460471187,1.0,0.0,1.0,0.0,0.6222911081397247
2136,f07be583867d7e867,True,,,,,,,,,,1.0,0.0,1.0,1.0,1.0,1.0,1.0,0.0,0.0,0.0
2137,4a5ea5d6a2735531c,True,,,,,,,,,,1.0,1.0,1.0,1.0,0.9314027858324424,1.0,1.0,1.0,1.0,0.9785633705726382
2138,c3d36eb7fd24a9ca2,True,,,,,,,,,,1.0,1.0,1.0,1.0,0.6646725671530697,0.0,0.0,1.0,0.0,0.3327101772353342
2139,ac657cb166434db62,True,,,,,,,,,,1.0,1.0,1.0,1.0,1.0,1.0,0.0,1.0,0.0,0.75
2140,2cd8757231917e0ba,True,,,,,,,,,,1.0,1.0,1.0,1.0,0.6210644900338665,1.0,1.0,1.0,1.0,0.8815826531355833
2141,bad2ad9c318ddb264,True,,,,,,,,,,1.0,1.0,1.0,1.0,0.3318458677830266,1.0,0.0,1.0,0.0,0.5412018336821958
2142,ec4a1a5062f088a0f,True,,,,,,,,,,1.0,0.0,1.0,1.0,1.0,1.0,1.0,1.0,1.0,0.0
2143,c73e5118fba3f9c3f,True,,,,,,,,,,1.0,1.0,1.0,1.0,0.6551293743497244,1.0,0.0,1.0,1.0,0.7672279294842889
2144,6b8b063fa80fa480f,True,,,,,,,,,,1.0,1.0,1.0,1.0,0.2829643820661273,1.0,1.0,1.0,0.0,0.6509263693956648
2145,8e1bbd443f815b48a,True,,,,,,,,,,0.0,1.0,1.0,1.0,1.0,0.0,1.0,1.0,0.0,0.0
2146,ccaf60b54f92a7260,True,,,,,,,,,,1.0,1.0,1.0,1.0,0.8315246738025784,1.0,1.0,1.0,0.0,0.8223514605633058
2147,cbb71f7b0aeef65da,True,,,,,,,,,,1.0,1.0,1.0,1.0,0.6842664209924723,1.0,0.0,1.0,1.0,0.7763332565601475
2148,ba8bf5b95601df543,True,,,,,,,,,,1.0,1.0,1.0,1.0,0.8479969629526104,1.0,1.0,1.0,1.0,0.9524990509226908
2149,059699c7343bcc1bc,True,,,,,,,,,,1.0,1.0,1.0,1.0,0.8202687666699092,1.0,0.0,1.0,0.0,0.6938339895843466
2150,fbdc714c905b7409f,True,,,,,,,,,,1.0,1.0,1.0,1.0,0.6649883850216777,1.0,0.0,1.0,0.0,0.6453088703192743
2151,e612d86c9121fd77b,True,,,,,,,,,,1.0,1.0,1.0,1.0,1.0,1.0,0.0,1.0,0.0,0.75
2152,3d460fd77ec7fcd59,True,,,,,,,,,,1.0,1.0,1.0,1.0,0.5235583255110428,1.0,1.0,1.0,1.0,0.8511119767222008
2153,ff95aff7630205c1a,True,,,,,,,,,,1.0,1.0,1.0,1.0,1.0,1.0,0.0,1.0,0.0,0.75
2154,2bb929aa7298012be,True,,,,,,,,,,1.0,1.0,1.0,1.0,1.0,1.0,1.0,1.0,0.0,0.875
2155,4ec9148a1b26673a2,True,,,,,,,,,,1.0,1.0,1.0,1.0,0.9545269992519002,1.0,1.0,1.0,0.0,0.8607896872662189
2156,116930ec4ef8fd410,True,,,,,,,,,,1.0,1.0,1.0,1.0,1.0,1.0,1.0,1.0,0.0,0.875
2157,d2eb3158a4dcc825e,True,,,,,,,,,,0.0,1.0,0.0,1.0,1.0,0.0,0.0,1.0,0.0,0.0
2158,51b90828c7ba37b79,True,,,,,,,,,,1.0,1.0,1.0,1.0,0.6825019909636719,1.0,1.0,1.0,0.0,0.7757818721761475
2159,6eaee379045fa8bd9,True,,,,,,,,,,1.0,1.0,1.0,1.0,0.8851877344196606,1.0,0.0,1.0,0.0,0.7141211670061439
2160,ce6402fbad2038696,True,,,,,,,,,,1.0,0.0,0.5,1.0,1.0,1.0,0.0,0.0,0.0,0.0
2161,8254112e33078afad,True,,,,,,,,,,0.0,1.0,1.0,1.0,1.0,0.0,1.0,1.0,1.0,0.0
2162,816c667298ca2d859,True,,,,,,,,,,1.0,1.0,1.0,1.0,0.8162151675009389,1.0,1.0,1.0,1.0,0.9425672398440434
2163,6787e9f15b62de1b8,True,,,,,,,,,,1.0,1.0,1.0,1.0,1.0,1.0,1.0,1.0,0.0,0.875
2164,076a62d5c97d941a6,True,,,,,,,,,,1.0,1.0,1.0,1.0,0.4445152800857761,1.0,1.0,1.0,1.0,0.8264110250268051
2165,91e2e5e740db004ce,True,,,,,,,,,,1.0,1.0,1.0,1.0,0.7181868196847327,1.0,0.0,1.0,0.0,0.6619333811514789
2166,73db1be2e0c010ac5,True,,,,,,,,,,1.0,1.0,1.0,1.0,1.0,1.0,1.0,1.0,1.0,1.0
2167,5f47a3fc517f4ab93,True,,,,,,,,,,1.0,1.0,1.0,1.0,0.7821112151012297,1.0,1.0,1.0,1.0,0.9319097547191344
2168,493f74af0100c9223,True,,,,,,,,,,1.0,0.0,1.0,1.0,1.0,1.0,0.0,1.0,0.0,0.0
2169,298d36dd2179b1b09,True,,,,,,,,,,1.0,1.0,1.0,1.0,1.0,1.0,0.0,1.0,0.0,0.75
2170,1e33e12832b3a171e,True,,,,,,,,,,1.0,1.0,1.0,1.0,0.8881867195323514,1.0,0.0,1.0,1.0,0.8400583498538599
2171,ce7eec1214fedafe8,True,,,,,,,,,,1.0,1.0,1.0,1.0,0.4067620964686672,1.0,0.0,1.0,0.0,0.5646131551464585
2172,66d4f1e7e5ab29631,True,,,,,,,,,,1.0,1.0,1.0,1.0,0.2684271928475911,1.0,1.0,1.0,0.0,0.6463834977648723
2173,932b2f68de04adb10,True,,,,,,,,,,1.0,1.0,1.0,1.0,1.0,1.0,0.0,1.0,1.0,0.875
2174,49bf9b39d6fc7eeb6,True,,,,,,,,,,1.0,1.0,1.0,1.0,0.6987314839867986,1.0,1.0,1.0,1.0,0.9058535887458744
2175,a0ab616e5270b617a,True,,,,,,,,,,1.0,1.0,1.0,1.0,0.8252810326467166,1.0,0.0,1.0,0.0,0.695400322702099
2176,a1fc0c3eb1ef15aba,True,,,,,,,,,,1.0,1.0,1.0,1.0,0.6810951397763687,1.0,1.0,1.0,0.0,0.7753422311801152
2177,174e7a32e20f2ca14,True,,,,,,,,,,1.0,1.0,0.0,1.0,1.0,1.0,0.0,1.0,1.0,0.0
2178,7a7fa75bb756308ba,True,,,,,,,,,,1.0,1.0,1.0,1.0,1.0,1.0,1.0,1.0,0.0,0.875
2179,0d85be806c3ea78b8,True,,,,,,,,,,1.0,1.0,1.0,1.0,1.0,1.0,0.0,1.0,1.0,0.875
2180,ce572306b1a6a0b96,True,,,,,,,,,,1.0,1.0,0.5,1.0,1.0,1.0,0.0,1.0,1.0,0.4375
2181,d87e1dbb0017ab960,True,,,,,,,,,,1.0,1.0,1.0,1.0,0.5571384724681102,1.0,1.0,1.0,0.0,0.7366057726462845
2182,1f4df83dd9414d0c4,True,,,,,,,,,,1.0,1.0,1.0,1.0,0.7482580900761667,1.0,0.0,1.0,1.0,0.7963306531488021
2183,b8adc6e76a36fd705,True,,,,,,,,,,1.0,1.0,0.5,1.0,0.4804147320004495,1.0,0.0,1.0,0.0,0.2938148018750702
2184,44f34ef68cafc4814,True,,,,,,,,,,1.0,1.0,1.0,1.0,0.6976978205243587,1.0,1.0,1.0,0.0,0.7805305689138621
2185,36a0cef1b153a4f11,True,,,,,,,,,,1.0,1.0,1.0,1.0,0.6855664367155349,1.0,0.0,1.0,0.0,0.6517395114736046
2186,ebe3f434bfee258dc,True,,,,,,,,,,1.0,1.0,1.0,1.0,0.8503034818729189,1.0,1.0,1.0,1.0,0.9532198380852872
2187,b6030dfa5349bcc9b,True,,,,,,,,,,1.0,1.0,1.0,1.0,0.8573223013895632,1.0,1.0,1.0,0.0,0.8304132191842385
2188,3a5164bb3f2fdabd5,True,,,,,,,,,,1.0,1.0,1.0,1.0,0.5638282919309745,1.0,1.0,1.0,0.0,0.7386963412284295
2189,e2bde995b7f918cba,True,,,,,,,,,,1.0,1.0,0.0,1.0,0.8693873039875791,1.0,0.0,1.0,1.0,0.0
2190,cc4ba9f3c63ddbc5c,True,,,,,,,,,,1.0,1.0,1.0,1.0,0.9902906490031992,1.0,1.0,1.0,0.0,0.8719658278134998
2191,d23a6fb267f1f6fa5,True,,,,,,,,,,1.0,1.0,1.0,1.0,0.8500727415231253,1.0,1.0,1.0,0.0,0.8281477317259767
2192,7098c40dee5929017,True,,,,,,,,,,1.0,1.0,1.0,1.0,1.0,1.0,1.0,0.0,0.0,0.75
2193,2fa5ec5e442e3f499,True,,,,,,,,,,1.0,1.0,1.0,1.0,0.559539610023136,1.0,1.0,1.0,0.0,0.7373561281322301
2194,1a5fb4f0990893f71,True,,,,,,,,,,1.0,1.0,1.0,1.0,1.0,1.0,0.0,1.0,0.0,0.75
2195,4410c6e64d170360d,True,,,,,,,,,,1.0,0.0,1.0,1.0,1.0,1.0,1.0,1.0,0.0,0.0
2196,e4f6fd6cc0e09d70c,True,,,,,,,,,,1.0,1.0,1.0,1.0,1.0,1.0,1.0,1.0,0.0,0.875
2197,7be779b9f100e6373,True,,,,,,,,,,1.0,1.0,1.0,1.0,1.0,1.0,1.0,1.0,1.0,1.0
2198,e0c4f0b6dc4e1a632,True,,,,,,,,,,1.0,1.0,1.0,1.0,1.0,0.0,0.0,1.0,0.0,0.4375
2199,9b4e2ae84afe8c832,True,,,,,,,,,,1.0,1.0,1.0,1.0,0.7754557685675477,1.0,1.0,1.0,1.0,0.9298299276773588
2200,d6a8d396239dfefa0,True,,,,,,,,,,1.0,1.0,1.0,1.0,0.2898216158862834,1.0,1.0,1.0,1.0,0.7780692549644636
2201,b0b33738475eb449a,True,,,,,,,,,,1.0,1.0,1.0,1.0,0.712282547859299,1.0,0.0,1.0,0.0,0.6600882962060309
2202,4aa1d2e5835ad59ee,True,,,,,,,,,,1.0,1.0,1.0,1.0,0.3761474317626964,1.0,1.0,1.0,0.0,0.6800460724258426
2203,bec064ed6d9582bcc,True,,,,,,,,,,1.0,1.0,1.0,1.0,0.8268074946638617,1.0,0.0,1.0,0.0,0.6958773420824568
2204,f456c5e9004e0cd78,True,,,,,,,,,,1.0,1.0,1.0,1.0,0.4089120016381367,0.0,0.0,1.0,0.0,0.2527850005119177
2205,fb36accc7106e30af,True,,,,,,,,,,1.0,1.0,1.0,1.0,0.2355593886853639,1.0,0.0,1.0,1.0,0.6361123089641763
2206,63587c0f95bcdef4c,True,,,,,,,,,,1.0,0.0,0.5,1.0,1.0,1.0,0.0,1.0,0.0,0.0
2207,5f02891c6336297bf,True,,,,,,,,,,1.0,1.0,1.0,1.0,1.0,1.0,1.0,1.0,0.0,0.875
2208,30c354120aed6af34,True,,,,,,,,,,1.0,0.0,1.0,1.0,1.0,1.0,1.0,1.0,0.0,0.0
2209,c0831690e22e4cfbc,True,,,,,,,,,,1.0,1.0,1.0,1.0,0.987885018137723,1.0,1.0,1.0,1.0,0.9962140681680384
2210,c82fe572121770ee2,True,,,,,,,,,,1.0,0.0,1.0,1.0,1.0,1.0,0.0,1.0,0.0,0.0
2211,0cdb9c6ab183da958,True,,,,,,,,,,1.0,1.0,1.0,1.0,0.6715264311066776,1.0,1.0,1.0,1.0,0.8973520097208367
2212,bf64cc8fd71cdc3d8,True,,,,,,,,,,1.0,1.0,1.0,1.0,0.7993057011307185,1.0,1.0,1.0,0.0,0.8122830316033496
2213,e6c702d5c053c4516,True,,,,,,,,,,1.0,1.0,1.0,1.0,0.4989229382616853,1.0,0.0,1.0,0.0,0.5934134182067767
2214,93815cb266f991f06,True,,,,,,,,,,1.0,0.0,0.5,0.0,1.0,1.0,1.0,1.0,0.0,0.0
2215,8d07721cee604c720,True,,,,,,,,,,1.0,1.0,1.0,1.0,0.2621357277999406,1.0,0.0,1.0,0.0,0.5194174149374815
2216,76d9e9afdcf9204ad,True,,,,,,,,,,1.0,1.0,1.0,1.0,1.0,1.0,1.0,1.0,1.0,1.0
2217,1a2a9699acac9d639,True,,,,,,,,,,1.0,1.0,1.0,1.0,1.0,0.0,1.0,1.0,0.0,0.5625
2218,f94bdc2e7d5bba8a9,True,,,,,,,,,,1.0,1.0,1.0,1.0,0.1808555979835789,1.0,1.0,1.0,0.0,0.6190173743698684
2219,542094f5bc210a1c8,True,,,,,,,,,,1.0,1.0,0.5,1.0,1.0,1.0,0.0,1.0,1.0,0.4375
2220,378f516a635bd9169,True,,,,,,,,,,1.0,1.0,1.0,1.0,1.0,1.0,1.0,1.0,0.0,0.875
2221,6a1a3e7fd861ab333,True,,,,,,,,,,1.0,0.0,1.0,1.0,1.0,1.0,1.0,1.0,0.0,0.0
2222,4b2c40907436ec443,True,,,,,,,,,,1.0,1.0,1.0,1.0,0.0,1.0,1.0,1.0,1.0,0.6875
2223,11e2abc76462d36f9,True,,,,,,,,,,1.0,1.0,1.0,1.0,0.5523294307669204,1.0,0.0,1.0,1.0,0.7351029471146626
2224,66f2ad1b5f1ca119d,True,,,,,,,,,,1.0,1.0,1.0,1.0,0.8697038511045446,1.0,1.0,1.0,0.0,0.8342824534701703
2225,a5dae75091c9d8f94,True,,,,,,,,,,1.0,0.0,1.0,1.0,1.0,1.0,0.0,1.0,1.0,0.0
2226,f295cbd77bfa4efa0,True,,,,,,,,,,1.0,1.0,1.0,1.0,1.0,1.0,0.0,1.0,0.0,0.75
2227,ad43e2b3ade61b59c,True,,,,,,,,,,1.0,1.0,1.0,1.0,0.7435576845339381,1.0,0.0,1.0,0.0,0.6698617764168556
2228,71afcb9b1ac436e14,True,,,,,,,,,,1.0,1.0,1.0,1.0,0.4401037473706559,1.0,1.0,1.0,1.0,0.82503242105333
2229,ece34bc681d6d755f,True,,,,,,,,,,1.0,1.0,1.0,1.0,0.4907746109478303,1.0,1.0,1.0,1.0,0.840867065921197
2230,a95316ef51f44b853,True,,,,,,,,,,1.0,1.0,1.0,1.0,0.7197158960064771,1.0,0.0,1.0,1.0,0.787411217502024
2231,fb56a869a86a4e9ee,True,,,,,,,,,,1.0,1.0,1.0,1.0,0.7299363444898084,1.0,1.0,0.0,0.0,0.6656051076530651
2232,936b346e0cb941232,True,,,,,,,,,,1.0,1.0,1.0,1.0,0.241790887185648,1.0,1.0,1.0,1.0,0.763059652245515
2233,a784ac158bbb30d15,True,,,,,,,,,,1.0,1.0,1.0,1.0,0.747374600527568,1.0,1.0,1.0,0.0,0.796054562664865
2234,c23afa5ae384dc837,True,,,,,,,,,,1.0,1.0,1.0,1.0,1.0,1.0,1.0,1.0,1.0,1.0
2235,e3e06ab2151befbbb,True,,,,,,,,,,1.0,1.0,1.0,1.0,0.8205439008396924,1.0,0.0,1.0,1.0,0.8189199690124038
2236,e131606576698bb6b,True,,,,,,,,,,1.0,1.0,1.0,1.0,1.0,1.0,0.0,1.0,0.0,0.75
2237,6d611ec100d73e0e6,True,,,,,,,,,,1.0,1.0,0.5,1.0,1.0,1.0,0.0,1.0,0.0,0.375
2238,ed75936c057902b19,True,,,,,,,,,,1.0,1.0,1.0,1.0,0.5462561986579652,1.0,0.0,1.0,0.0,0.6082050620806141
2239,1e843d54340d01971,True,,,,,,,,,,0.5,1.0,1.0,1.0,0.490663767505639,0.0,1.0,1.0,0.0,0.2016662136727561
2240,155dbb3e9624d499e,True,,,,,,,,,,0.0,1.0,1.0,1.0,0.3985234773704407,0.0,1.0,1.0,0.0,0.0
2241,04de9b2eef6b71d6c,True,,,,,,,,,,1.0,1.0,1.0,1.0,0.765686211566904,1.0,1.0,1.0,0.0,0.8017769411146575
2242,20494495b733d6710,True,,,,,,,,,,1.0,1.0,1.0,1.0,0.5285460332712129,1.0,1.0,1.0,1.0,0.852670635397254
2243,66f77d65755a1c784,True,,,,,,,,,,1.0,0.0,1.0,1.0,0.1277190747218163,1.0,1.0,1.0,0.0,0.0
2244,89184cd5e26fb9bde,True,,,,,,,,,,1.0,1.0,1.0,1.0,1.0,1.0,0.0,1.0,1.0,0.875
2245,1e90f84f7e7bca603,True,,,,,,,,,,1.0,1.0,1.0,1.0,1.0,1.0,1.0,1.0,1.0,1.0
2246,43f884d69baea51f6,True,,,,,,,,,,1.0,0.0,1.0,1.0,1.0,1.0,1.0,1.0,1.0,0.0
2247,767b060ded3878908,True,,,,,,,,,,1.0,1.0,1.0,1.0,0.7901714128565616,1.0,1.0,1.0,0.0,0.8094285665176755
2248,1f46bbf6d50d08d54,True,,,,,,,,,,1.0,1.0,0.5,1.0,1.0,1.0,0.0,1.0,0.0,0.375
2249,c672054b9f22ca68b,True,,,,,,,,,,1.0,0.0,1.0,1.0,1.0,1.0,0.0,1.0,0.0,0.0
2250,2496fb23d66af6353,True,,,,,,,,,,1.0,1.0,1.0,1.0,0.736865016887197,1.0,0.0,1.0,1.0,0.792770317777249
2251,00e5457ca561abfbb,True,,,,,,,,,,1.0,1.0,1.0,1.0,0.4725347086330627,1.0,1.0,1.0,0.0,0.7101670964478322
2252,11efb68d8748f6136,True,,,,,,,,,,1.0,0.0,0.5,1.0,1.0,1.0,0.0,1.0,1.0,0.0
2253,b0917755d03fa6298,True,,,,,,,,,,1.0,1.0,0.5,1.0,0.5315771859924405,1.0,0.0,0.0,0.0,0.2393089353113188
2254,5607119f8cda83560,True,,,,,,,,,,1.0,1.0,1.0,1.0,1.0,1.0,0.0,1.0,1.0,0.875
2255,02d2d3d4304682d94,True,,,,,,,,,,1.0,1.0,1.0,1.0,0.7209254792966204,1.0,1.0,1.0,0.0,0.7877892122801939
2256,fe46394908bea81b9,True,,,,,,,,,,1.0,1.0,1.0,1.0,0.6723720372544096,1.0,1.0,1.0,1.0,0.897616261642003
2257,654d6d6e5212f40da,True,,,,,,,,,,1.0,1.0,1.0,1.0,0.9859427906521768,1.0,1.0,1.0,0.0,0.8706071220788052
2258,6e7f645a1e9a9337a,True,,,,,,,,,,0.0,0.0,1.0,1.0,1.0,0.0,0.0,1.0,0.0,0.0
2259,891a4a3fda5ecaf08,True,,,,,,,,,,1.0,1.0,1.0,1.0,1.0,0.0,0.0,1.0,0.0,0.4375
2260,1b9fdb3577e3e1018,True,,,,,,,,,,1.0,1.0,1.0,1.0,0.7335834322635886,1.0,1.0,1.0,0.0,0.7917448225823714
2261,dc92f82e6715ac493,True,,,,,,,,,,0.0,1.0,1.0,1.0,0.6316009867481498,0.0,0.0,1.0,0.0,0.0
2262,2c5c3c9002e3d1165,True,,,,,,,,,,1.0,1.0,1.0,1.0,0.8330924970277774,1.0,1.0,1.0,1.0,0.9478414053211804
2263,c7f0d1c6de80f0c15,True,,,,,,,,,,1.0,1.0,1.0,1.0,0.3440088325108266,1.0,1.0,1.0,1.0,0.7950027601596333
2264,15f652f1382299b99,True,,,,,,,,,,1.0,1.0,0.5,1.0,1.0,1.0,0.0,1.0,0.0,0.375
2265,f67482126c7b323a5,True,,,,,,,,,,1.0,1.0,1.0,1.0,0.7790093418277467,1.0,0.0,1.0,1.0,0.8059404193211709
2266,9506188a844465e23,True,,,,,,,,,,1.0,1.0,1.0,1.0,0.8227429173457907,1.0,1.0,1.0,0.0,0.8196071616705596
2267,9f1d660e1e39a5197,True,,,,,,,,,,1.0,1.0,1.0,1.0,0.223749952602346,1.0,0.0,1.0,0.0,0.5074218601882331
2268,a3a4072d8e5ed009f,True,,,,,,,,,,1.0,1.0,1.0,1.0,0.8221759629143043,1.0,1.0,1.0,0.0,0.8194299884107201
2269,3d0fbd6a6fbde5f86,True,,,,,,,,,,1.0,0.0,1.0,1.0,1.0,1.0,1.0,1.0,0.0,0.0
2270,f2093ddb02711422c,True,,,,,,,,,,0.0,1.0,1.0,1.0,1.0,0.0,0.0,1.0,0.0,0.0
2271,45d88e7f92a4a9e74,True,,,,,,,,,,1.0,1.0,1.0,1.0,0.4604880908760501,1.0,1.0,1.0,0.0,0.7064025283987656
2272,bf2fac0bbe0cb019b,True,,,,,,,,,,1.0,1.0,1.0,1.0,0.09641674039866,1.0,1.0,1.0,1.0,0.7176302313745813
2273,6206155cd12c2d3af,True,,,,,,,,,,1.0,1.0,1.0,1.0,1.0,1.0,1.0,1.0,1.0,1.0
2274,74cc5095551bc3c7d,True,,,,,,,,,,1.0,1.0,0.5,1.0,0.6891880256059757,1.0,0.0,1.0,1.0,0.3889356290009337
2275,e544f94267510bde0,True,,,,,,,,,,1.0,0.0,1.0,1.0,1.0,1.0,0.0,1.0,0.0,0.0
2276,f76b309e043384dcf,True,,,,,,,,,,1.0,1.0,0.0,1.0,0.7950824878431914,1.0,0.0,1.0,1.0,0.0
2277,402bdbb00ffac92e5,True,,,,,,,,,,1.0,1.0,1.0,1.0,0.868354976357397,1.0,1.0,1.0,1.0,0.9588609301116866
2278,c8a0832c8f737ce92,True,,,,,,,,,,1.0,0.0,1.0,1.0,0.8454760057496817,1.0,1.0,1.0,1.0,0.0
2279,5eeb6bb55001c1fc4,True,,,,,,,,,,1.0,1.0,1.0,1.0,0.2061341672934506,1.0,0.0,1.0,0.0,0.5019169272792033
2280,e1181167f5c790340,True,,,,,,,,,,1.0,1.0,1.0,1.0,0.778461196132698,1.0,1.0,1.0,1.0,0.930769123791468
2281,697d22c3f19ab6820,True,,,,,,,,,,1.0,1.0,1.0,1.0,0.5824738900888722,1.0,0.0,1.0,1.0,0.7445230906527726
2282,ad3a915c556a5c581,True,,,,,,,,,,1.0,1.0,0.5,1.0,1.0,1.0,0.0,1.0,0.0,0.375
2283,4c1f05a52e82aac85,True,,,,,,,,,,1.0,1.0,1.0,1.0,0.1259825317969148,1.0,1.0,1.0,1.0,0.7268695411865359
2284,19cc6e3c4179dce92,True,,,,,,,,,,1.0,1.0,1.0,1.0,1.0,1.0,0.0,1.0,0.0,0.75
2285,9fe9464c7d920430e,True,,,,,,,,,,1.0,1.0,1.0,1.0,0.8706642028504137,1.0,0.0,1.0,0.0,0.7095825633907542
2286,6e72febafe28c367c,True,,,,,,,,,,1.0,1.0,0.5,1.0,1.0,1.0,0.0,1.0,1.0,0.4375
2287,0a1cec4bdc1f7ba66,True,,,,,,,,,,1.0,1.0,0.5,1.0,0.5519009534184409,1.0,0.0,1.0,0.0,0.3049845239716314
2288,a78f2817702c75036,True,,,,,,,,,,1.0,1.0,1.0,1.0,0.3169583906457824,1.0,0.0,1.0,0.0,0.536549497076807
2289,020ac08667a119075,True,,,,,,,,,,1.0,1.0,1.0,1.0,0.7086805709516372,1.0,1.0,1.0,0.0,0.7839626784223866
2290,3b556146eac4e59da,True,,,,,,,,,,1.0,1.0,1.0,1.0,0.512299962047739,1.0,0.0,1.0,1.0,0.7225937381399185
2291,dfa834bc1ba00afb5,True,,,,,,,,,,0.0,1.0,1.0,1.0,1.0,0.0,1.0,1.0,1.0,0.0
2292,94f8422c63c8418c0,True,,,,,,,,,,1.0,1.0,1.0,1.0,0.8877178124265818,1.0,0.0,1.0,1.0,0.8399118163833068
2293,99dfc5eae6278dfec,True,,,,,,,,,,1.0,1.0,1.0,1.0,0.8495424853794068,0.0,0.0,1.0,1.0,0.5154820266810647
2294,fda2ab172e994071b,True,,,,,,,,,,1.0,1.0,1.0,1.0,0.2897871748788148,1.0,1.0,1.0,1.0,0.7780584921496296
2295,891f0c38752897ee9,True,,,,,,,,,,1.0,1.0,0.0,1.0,1.0,1.0,0.0,1.0,0.0,0.0
2296,0976a098312b0ead1,True,,,,,,,,,,1.0,0.0,0.5,1.0,1.0,1.0,1.0,1.0,0.0,0.0
2297,9ed7d460817e222e9,True,,,,,,,,,,1.0,1.0,1.0,1.0,0.7297303357163566,1.0,0.0,1.0,1.0,0.7905407299113614
2298,f511978077fdcd122,True,,,,,,,,,,1.0,1.0,1.0,1.0,0.5723836433315952,1.0,0.0,1.0,1.0,0.7413698885411235
2299,484e5d7157f571795,True,,,,,,,,,,1.0,1.0,1.0,1.0,0.6923586826079071,1.0,1.0,1.0,0.0,0.778862088314971
2300,c2aa1b724cefce8f0,True,,,,,,,,,,0.0,0.0,1.0,1.0,1.0,0.0,0.0,1.0,1.0,0.0
2301,4485e78013e23fef4,True,,,,,,,,,,1.0,1.0,0.5,1.0,0.4555987114223745,1.0,0.0,1.0,0.0,0.289937298659746
2302,8f53dde363962b143,True,,,,,,,,,,1.0,1.0,0.5,1.0,0.6106122763790006,1.0,0.0,1.0,1.0,0.3766581681842188
2303,b0cbc535fe9913787,True,,,,,,,,,,1.0,1.0,1.0,1.0,0.6526494483209873,1.0,0.0,1.0,0.0,0.6414529526003085
2304,67ef263669c2bab4b,True,,,,,,,,,,1.0,1.0,1.0,1.0,0.6034656514798049,1.0,1.0,1.0,1.0,0.8760830160874391
2305,3e0c9c2ea255fd348,True,,,,,,,,,,1.0,1.0,1.0,1.0,1.0,0.0,1.0,1.0,0.0,0.5625
2306,541803e1775a85786,True,,,,,,,,,,1.0,1.0,1.0,1.0,0.747374600527568,1.0,1.0,1.0,0.0,0.796054562664865
2307,1d37c78c98407e747,True,,,,,,,,,,0.0,1.0,0.5,1.0,1.0,0.0,0.0,1.0,1.0,0.0
2308,8e870ed69a2cd9267,True,,,,,,,,,,1.0,1.0,1.0,1.0,0.6846490485452619,1.0,1.0,1.0,1.0,0.9014528276703944
2309,6f6d638ab426ccd16,True,,,,,,,,,,1.0,1.0,1.0,1.0,0.808859797445964,1.0,0.0,1.0,0.0,0.6902686867018637
2310,5a0a989dc5a853c97,True,,,,,,,,,,1.0,1.0,1.0,1.0,0.2281492428722051,1.0,0.0,1.0,1.0,0.6337966383975642
2311,70fc0f58fc8579539,True,,,,,,,,,,1.0,1.0,1.0,1.0,0.7850478455169014,1.0,0.0,1.0,1.0,0.8078274517240317
2312,63a0b4eedb06db349,True,,,,,,,,,,1.0,1.0,0.0,1.0,1.0,1.0,0.0,1.0,0.0,0.0
2313,2f6210cf0561159ae,True,,,,,,,,,,1.0,1.0,1.0,1.0,0.9226035850524356,1.0,1.0,1.0,0.0,0.8508136203288861
2314,f754ec519c407f213,True,,,,,,,,,,1.0,1.0,1.0,1.0,0.4761362723790169,1.0,1.0,1.0,0.0,0.7112925851184428
2315,c725d6fa44dc9c6d6,True,,,,,,,,,,1.0,1.0,1.0,1.0,1.0,0.0,1.0,1.0,0.0,0.5625
2316,6dbbdae0bdb3174ac,True,,,,,,,,,,1.0,1.0,1.0,1.0,0.3862971269815906,1.0,1.0,1.0,0.0,0.683217852181747
2317,47c8824494b12b2ae,True,,,,,,,,,,1.0,1.0,1.0,1.0,0.7264788092569661,1.0,0.0,1.0,0.0,0.6645246278928019
2318,24d9e424388a37357,True,,,,,,,,,,1.0,1.0,1.0,1.0,0.3533105365137558,1.0,0.0,1.0,1.0,0.6729095426605487
2319,7e3a87b525a6b7c28,True,,,,,,,,,,1.0,1.0,1.0,1.0,0.1744553357537611,1.0,1.0,1.0,1.0,0.7420172924230504
2320,99304f2615a52fab7,True,,,,,,,,,,1.0,1.0,0.5,1.0,1.0,1.0,0.0,1.0,1.0,0.4375
2321,170cbe90db917432e,True,,,,,,,,,,1.0,1.0,1.0,1.0,0.8155085541076377,1.0,0.0,1.0,1.0,0.8173464231586367
2322,4e062143c7bd91118,True,,,,,,,,,,1.0,1.0,0.0,1.0,0.968301339712748,1.0,0.0,1.0,0.0,0.0
2323,9eaf4038cc95831dd,True,,,,,,,,,,1.0,1.0,1.0,1.0,0.9534298645026849,1.0,0.0,1.0,1.0,0.860446832657089
2324,dad71058266c1b1e8,True,,,,,,,,,,1.0,1.0,1.0,1.0,0.8224180645721858,1.0,1.0,1.0,1.0,0.944505645178808
2325,b2bf35ee955a9d497,True,,,,,,,,,,1.0,1.0,1.0,1.0,0.2559118404315912,1.0,1.0,1.0,1.0,0.7674724501348722
2326,dab0fa452a04c5188,True,,,,,,,,,,1.0,1.0,1.0,1.0,0.957957291500684,1.0,1.0,1.0,0.0,0.8618616535939638
2327,c4acda7791668ad2d,True,,,,,,,,,,1.0,1.0,1.0,1.0,0.6326556322209241,1.0,1.0,1.0,0.0,0.7602048850690388
2328,0179e3078c6c79cd3,True,,,,,,,,,,1.0,1.0,1.0,1.0,0.4260281637795645,1.0,0.0,1.0,1.0,0.6956338011811138
2329,4ffc297962a8fbd17,True,,,,,,,,,,1.0,0.0,1.0,1.0,1.0,1.0,0.0,1.0,0.0,0.0
2330,0118e2ec3759cc2bc,True,,,,,,,,,,1.0,1.0,1.0,1.0,0.9035946873795812,1.0,0.0,1.0,0.0,0.7198733398061191
2331,e05ade0e231d4cf61,True,,,,,,,,,,0.0,1.0,1.0,1.0,1.0,0.0,0.0,0.0,0.0,0.0
2332,3eeb39076cf2c1547,True,,,,,,,,,,0.0,1.0,1.0,1.0,1.0,0.0,1.0,1.0,0.0,0.0
2333,095200d2374c09356,True,,,,,,,,,,1.0,1.0,1.0,1.0,1.0,1.0,0.0,1.0,1.0,0.875
2334,e204182883d94ae66,True,,,,,,,,,,1.0,1.0,1.0,1.0,0.7895037300054331,1.0,0.0,1.0,0.0,0.6842199156266978
2335,c9502401d0ae63498,True,,,,,,,,,,1.0,0.0,1.0,1.0,1.0,1.0,1.0,0.0,0.0,0.0
2336,14123368ec92cefb0,True,,,,,,,,,,1.0,1.0,1.0,1.0,0.7687283999834503,1.0,1.0,1.0,0.0,0.8027276249948282
2337,86a97d3341cc8c198,True,,,,,,,,,,1.0,1.0,1.0,1.0,0.4141560813882423,1.0,1.0,1.0,0.0,0.6919237754338257
2338,c9dca5652801c1a98,True,,,,,,,,,,1.0,1.0,0.5,1.0,0.479666228757676,1.0,0.0,1.0,1.0,0.3561978482433868
2339,bfb52f68dcd77ef80,True,,,,,,,,,,1.0,1.0,0.0,1.0,1.0,1.0,0.0,1.0,0.0,0.0
2340,d24b5a7c9247ecd43,True,,,,,,,,,,1.0,1.0,1.0,1.0,0.2287747829950482,1.0,1.0,1.0,1.0,0.7589921196859526
2341,ac09d37b9d495cdc7,True,,,,,,,,,,1.0,1.0,0.0,1.0,1.0,1.0,0.0,1.0,0.0,0.0
2342,9864904b0ceaacd61,True,,,,,,,,,,1.0,1.0,1.0,1.0,0.6223466079383834,1.0,0.0,1.0,0.0,0.6319833149807448
2343,0aaae91a3ffa7e596,True,,,,,,,,,,1.0,1.0,1.0,1.0,0.7299474180955088,1.0,1.0,1.0,1.0,0.9156085681548464
2344,7a934a0d58b6d113b,True,,,,,,,,,,0.0,1.0,1.0,1.0,1.0,0.0,1.0,0.0,0.0,0.0
2345,1730cbbbd72e9ce7d,True,,,,,,,,,,0.0,1.0,1.0,1.0,1.0,0.0,0.0,1.0,1.0,0.0
2346,7f77d13ba2f205d87,True,,,,,,,,,,1.0,1.0,1.0,1.0,0.5643641538209024,1.0,1.0,1.0,0.0,0.738863798069032
2347,621583964b8d7bc4a,True,,,,,,,,,,1.0,1.0,1.0,1.0,0.42644447997491,1.0,1.0,1.0,0.0,0.6957638999921594
2348,903b3cc014d45619e,True,,,,,,,,,,1.0,1.0,1.0,1.0,1.0,1.0,0.0,1.0,0.0,0.75
2349,b70d444b82722ea24,True,,,,,,,,,,1.0,1.0,0.0,1.0,1.0,1.0,1.0,1.0,1.0,0.0
2350,335b43f5320efd73d,True,,,,,,,,,,1.0,0.0,1.0,1.0,1.0,1.0,1.0,1.0,1.0,0.0
2351,91e4c1dcd12d3cf3c,True,,,,,,,,,,1.0,1.0,0.5,1.0,1.0,1.0,1.0,0.0,0.0,0.375
2352,8fb30375f6c972c38,True,,,,,,,,,,1.0,1.0,1.0,1.0,0.6955297688779792,1.0,0.0,1.0,0.0,0.6548530527743686
2353,f5d80ab764fc60704,True,,,,,,,,,,1.0,1.0,1.0,1.0,0.5815153176932593,1.0,0.0,1.0,1.0,0.7442235367791435
2354,6d7d0467feb2787ea,True,,,,,,,,,,1.0,1.0,1.0,1.0,0.240357827913725,1.0,0.0,1.0,1.0,0.637611821223039
2355,00ca98016027ffb8d,True,,,,,,,,,,1.0,0.0,1.0,1.0,1.0,1.0,1.0,1.0,1.0,0.0
2356,c4e43258697fbd31e,True,,,,,,,,,,1.0,1.0,1.0,1.0,0.2186455908054889,1.0,1.0,1.0,0.0,0.6308267471267153
2357,f14211934248f5602,True,,,,,,,,,,1.0,1.0,1.0,1.0,0.206481585178601,1.0,1.0,1.0,1.0,0.7520254953683128
2358,321422cad3f85a6a3,True,,,,,,,,,,1.0,1.0,0.0,1.0,1.0,0.0,0.0,0.0,0.0,0.0
2359,aa2d7b83ea2052e20,True,,,,,,,,,,1.0,1.0,1.0,1.0,0.8226968798490505,1.0,1.0,1.0,1.0,0.9445927749528282
2360,c42f42235ba427d14,True,,,,,,,,,,1.0,1.0,1.0,1.0,0.4399149653942983,1.0,1.0,1.0,0.0,0.6999734266857183
2361,c1ef027c99cf15974,True,,,,,,,,,,1.0,1.0,0.5,1.0,0.4694506942462337,1.0,1.0,1.0,0.0,0.354601670975974
2362,3eb13673463836283,True,,,,,,,,,,1.0,1.0,1.0,1.0,0.5988661564055712,1.0,1.0,1.0,0.0,0.749645673876741
2363,32e366dcde5a1ff12,True,,,,,,,,,,1.0,1.0,1.0,1.0,0.8748419869585724,1.0,0.0,1.0,1.0,0.8358881209245539
2364,f26e03767d82f4ae7,True,,,,,,,,,,1.0,1.0,1.0,1.0,1.0,1.0,1.0,1.0,1.0,1.0
2365,980cc797db6c51c02,True,,,,,,,,,,1.0,1.0,1.0,1.0,0.748958674134341,1.0,1.0,1.0,0.0,0.7965495856669815
2366,4bcb003422a19ae9a,True,,,,,,,,,,1.0,0.0,0.5,1.0,1.0,1.0,0.0,1.0,0.0,0.0
2367,f8e452be20910fe87,True,,,,,,,,,,0.0,0.0,1.0,1.0,1.0,0.0,0.0,0.0,0.0,0.0
2368,6c9c8eacefc209d52,True,,,,,,,,,,1.0,1.0,1.0,1.0,0.642046263298805,1.0,1.0,1.0,1.0,0.8881394572808765
2369,8776bb6a2a0edef8e,True,,,,,,,,,,1.0,1.0,1.0,1.0,0.5871833040910512,1.0,0.0,1.0,1.0,0.7459947825284535
2370,6f4a5b483a72cf990,True,,,,,,,,,,0.0,1.0,1.0,1.0,1.0,0.0,1.0,1.0,1.0,0.0
2371,5dba5a1d4aea8c679,True,,,,,,,,,,1.0,1.0,1.0,1.0,0.5795279998669636,1.0,0.0,1.0,1.0,0.7436024999584261
2372,737a6728f5f065a24,True,,,,,,,,,,1.0,1.0,1.0,1.0,0.7560267444956124,1.0,0.0,1.0,1.0,0.7987583576548789
2373,bd51b4ed9e85eff41,True,,,,,,,,,,1.0,1.0,1.0,1.0,1.0,1.0,0.0,1.0,0.0,0.75
2374,4225dd6384602da80,True,,,,,,,,,,1.0,1.0,1.0,1.0,0.257314014922218,1.0,0.0,1.0,1.0,0.6429106296631931
2375,88fb73c3952c8f9ea,True,,,,,,,,,,0.0,1.0,1.0,1.0,1.0,0.0,1.0,1.0,1.0,0.0
2376,9cef002202fcf25ea,True,,,,,,,,,,1.0,1.0,1.0,1.0,1.0,1.0,1.0,1.0,1.0,1.0
2377,8999dafaeeabb1612,True,,,,,,,,,,0.0,1.0,1.0,1.0,1.0,0.0,0.0,1.0,0.0,0.0
2378,7acdb574f1a885262,True,,,,,,,,,,1.0,1.0,1.0,1.0,0.5863299575606992,1.0,0.0,1.0,1.0,0.7457281117377185
2379,60b75083635860a0a,True,,,,,,,,,,1.0,0.0,1.0,1.0,1.0,1.0,1.0,1.0,0.0,0.0
2380,303ba3f05a636f6e9,True,,,,,,,,,,1.0,1.0,1.0,1.0,0.2915754767058129,1.0,1.0,1.0,0.0,0.6536173364705665
2381,0a3d875284dd62305,True,,,,,,,,,,1.0,1.0,1.0,1.0,0.3444656479445762,1.0,1.0,1.0,1.0,0.79514551498268
2382,3c71818855c39904e,True,,,,,,,,,,1.0,1.0,1.0,1.0,1.0,1.0,0.0,1.0,1.0,0.875
2383,b3c7672d677c644c7,True,,,,,,,,,,1.0,1.0,1.0,1.0,0.2854485897884221,1.0,1.0,1.0,0.0,0.6517026843088819
2384,3331cabab3946bf78,True,,,,,,,,,,1.0,1.0,1.0,1.0,0.7912040943271307,1.0,1.0,1.0,1.0,0.9347512794772284
2385,15755cd0249f8223a,True,,,,,,,,,,1.0,1.0,0.0,1.0,1.0,1.0,0.0,0.0,0.0,0.0
2386,5b31db57958441e62,True,,,,,,,,,,1.0,1.0,1.0,1.0,0.4468912890778942,1.0,1.0,1.0,0.0,0.7021535278368419
2387,e6319072517f4b675,True,,,,,,,,,,1.0,1.0,1.0,1.0,0.1107448920149167,1.0,1.0,1.0,1.0,0.7221077787546615
2388,6d53c1572e4753c0c,True,,,,,,,,,,0.0,1.0,1.0,1.0,1.0,0.0,1.0,1.0,0.0,0.0
2389,fbf6a32724a0d16f2,True,,,,,,,,,,1.0,1.0,1.0,1.0,1.0,1.0,0.0,1.0,1.0,0.875
2390,003fad41549a954eb,True,,,,,,,,,,1.0,0.0,1.0,1.0,0.8706750446239909,1.0,0.0,1.0,0.0,0.0
2391,425b819f70d25df0e,True,,,,,,,,,,1.0,1.0,1.0,1.0,0.5090656619176978,1.0,1.0,1.0,1.0,0.8465830193492805
2392,dcd3a1adb7268a54d,True,,,,,,,,,,1.0,1.0,1.0,1.0,0.5368824934016699,1.0,1.0,1.0,1.0,0.8552757791880219
2393,c186ed61c25fb9316,True,,,,,,,,,,1.0,1.0,1.0,1.0,0.7621350406239739,1.0,1.0,1.0,0.0,0.8006672001949918
2394,0369a23acb953eeac,True,,,,,,,,,,1.0,1.0,1.0,1.0,0.6856859924150567,1.0,1.0,1.0,1.0,0.9017768726297052
2395,fec17ad0f4921b486,True,,,,,,,,,,1.0,1.0,1.0,1.0,0.2179263832548489,1.0,1.0,1.0,0.0,0.6306019947671403
2396,94dbe6cad76160ef1,True,,,,,,,,,,0.0,1.0,1.0,1.0,1.0,0.0,1.0,1.0,1.0,0.0
2397,d31445529f320e6e9,True,,,,,,,,,,1.0,1.0,1.0,1.0,1.0,1.0,1.0,1.0,0.0,0.875
2398,3f4e1856faab2a6f3,True,,,,,,,,,,1.0,1.0,1.0,1.0,0.93413475686748,1.0,0.0,1.0,1.0,0.8544171115210875
2399,07bad7098a8e98783,True,,,,,,,,,,1.0,1.0,1.0,1.0,1.0,0.0,1.0,1.0,1.0,0.6875
2400,da0cbcf9661157a63,True,,,,,,,,,,1.0,1.0,1.0,1.0,0.6675738438227498,1.0,1.0,1.0,1.0,0.8961168261946093
2401,019450490101ebf1c,True,,,,,,,,,,1.0,1.0,1.0,1.0,1.0,1.0,0.0,1.0,1.0,0.875
2402,e7d365382ac482e2f,True,,,,,,,,,,1.0,1.0,1.0,1.0,1.0,1.0,1.0,1.0,1.0,1.0
2403,1500bcfee0aae247d,True,,,,,,,,,,1.0,1.0,1.0,1.0,0.5062680897065803,1.0,1.0,1.0,1.0,0.8457087780333064
2404,6b0fd30198ec1713c,True,,,,,,,,,,1.0,1.0,1.0,1.0,0.3217726171440384,1.0,1.0,1.0,1.0,0.788053942857512
2405,c864abb5afff1f7f4,True,,,,,,,,,,1.0,1.0,1.0,1.0,0.5052017310231374,1.0,0.0,1.0,1.0,0.7203755409447304
2406,94c40772ee3c5ee01,True,,,,,,,,,,1.0,1.0,1.0,1.0,0.7888581731983579,1.0,1.0,1.0,0.0,0.8090181791244868
2407,88685892fa01fcedf,True,,,,,,,,,,1.0,1.0,0.5,1.0,1.0,1.0,0.0,1.0,0.0,0.375
2408,1321cf37404d27e22,True,,,,,,,,,,1.0,1.0,0.0,1.0,1.0,1.0,0.0,1.0,1.0,0.0
2409,92454a3fd96f7dc58,True,,,,,,,,,,1.0,0.0,1.0,1.0,1.0,1.0,1.0,1.0,0.0,0.0
2410,2e221a5360953028d,True,,,,,,,,,,1.0,1.0,1.0,1.0,0.5114346167252852,1.0,1.0,1.0,0.0,0.7223233177266517
2411,ce40746019045f374,True,,,,,,,,,,1.0,1.0,1.0,1.0,0.9454521874051895,1.0,0.0,1.0,1.0,0.8579538085641217
2412,50dcee9926ded132e,True,,,,,,,,,,1.0,1.0,1.0,1.0,0.7142611860173256,1.0,0.0,1.0,0.0,0.6607066206304142
2413,a3d3acd8f46271484,True,,,,,,,,,,1.0,1.0,1.0,1.0,0.260347890365359,1.0,1.0,1.0,1.0,0.7688587157391746
2414,24ac26ca8ac0e9395,True,,,,,,,,,,1.0,1.0,1.0,1.0,0.9859533269036116,1.0,1.0,1.0,0.0,0.8706104146573787
2415,b5c727c3b2286dfc5,True,,,,,,,,,,1.0,1.0,1.0,1.0,0.6628679451881723,1.0,1.0,0.0,0.0,0.6446462328713038
2416,c54816fcfbf2074c3,True,,,,,,,,,,1.0,1.0,1.0,1.0,0.7564304452314666,1.0,1.0,1.0,1.0,0.9238845141348332
2417,90c45199dafb82117,True,,,,,,,,,,1.0,1.0,1.0,1.0,0.6172260175381702,1.0,1.0,1.0,0.0,0.7553831304806782
2418,aa354b140b6d2c2ab,True,,,,,,,,,,1.0,1.0,1.0,1.0,0.228775221293704,1.0,1.0,1.0,1.0,0.7589922566542825
2419,1f5d0fc347f539ce3,True,,,,,,,,,,1.0,0.0,1.0,1.0,1.0,1.0,0.0,0.0,0.0,0.0
2420,ae63fbc91467ac137,True,,,,,,,,,,0.0,1.0,1.0,1.0,1.0,0.0,1.0,1.0,1.0,0.0
2421,e2094c50a0cc45693,True,,,,,,,,,,1.0,1.0,1.0,1.0,0.1450286326739965,1.0,1.0,1.0,0.0,0.6078214477106239
2422,8fe0f4c205937d179,True,,,,,,,,,,1.0,1.0,1.0,1.0,1.0,1.0,0.0,1.0,1.0,0.875
2423,e5e0959cfd16213ca,True,,,,,,,,,,0.0,0.0,1.0,1.0,1.0,1.0,0.0,0.0,0.0,0.0
2424,280a9911bfe1f941e,True,,,,,,,,,,1.0,1.0,1.0,1.0,0.1769776892762421,1.0,1.0,1.0,0.0,0.6178055278988257
2425,a455cb198227aca78,True,,,,,,,,,,1.0,0.0,1.0,1.0,1.0,1.0,0.0,1.0,0.0,0.0
2426,9958c9d44c4338562,True,,,,,,,,,,1.0,1.0,1.0,1.0,0.548218511544625,1.0,1.0,1.0,0.0,0.7338182848576953
2427,81b780529f08d965b,True,,,,,,,,,,1.0,1.0,1.0,1.0,0.6901991019465377,1.0,1.0,1.0,1.0,0.903187219358293
2428,b6ce710fb40df843d,True,,,,,,,,,,1.0,1.0,1.0,1.0,1.0,1.0,1.0,1.0,0.0,0.875
2429,e92600c0f705705df,True,,,,,,,,,,1.0,1.0,1.0,1.0,0.2846457952650943,1.0,1.0,1.0,1.0,0.776451811020342
2430,33acea7dafc3e280a,True,,,,,,,,,,1.0,1.0,1.0,1.0,0.9917443104490734,1.0,0.0,1.0,0.0,0.7474200970153355
2431,7d4ce2377f19fda93,True,,,,,,,,,,0.0,1.0,1.0,1.0,0.3953245204045378,0.0,1.0,1.0,1.0,0.0
2432,ae529a342a5742720,True,,,,,,,,,,1.0,1.0,1.0,1.0,0.7444222293469299,1.0,0.0,1.0,1.0,0.7951319466709156
2433,2bac462f71b189be9,True,,,,,,,,,,1.0,1.0,1.0,1.0,0.2888279178971512,1.0,1.0,1.0,1.0,0.7777587243428598
2434,01ac04b9f18ecdbc6,True,,,,,,,,,,1.0,0.0,1.0,1.0,1.0,1.0,1.0,1.0,0.0,0.0
2435,76385bcb475cc16b8,True,,,,,,,,,,1.0,1.0,1.0,1.0,1.0,1.0,0.0,0.0,0.0,0.625
2436,a0f74d36d2aa52b1f,True,,,,,,,,,,1.0,1.0,1.0,1.0,0.5859144800759004,1.0,1.0,1.0,1.0,0.8705982750237189
2437,bab53404d010ca7f6,True,,,,,,,,,,1.0,1.0,0.0,1.0,0.7552135034696432,1.0,1.0,1.0,1.0,0.0
2438,5dc798ecdc1897481,True,,,,,,,,,,1.0,1.0,1.0,1.0,0.8535662152862806,1.0,0.0,1.0,0.0,0.7042394422769627
2439,35dbe67d467571cfb,True,,,,,,,,,,1.0,0.0,1.0,1.0,0.5800062147983219,1.0,0.0,1.0,1.0,0.0
2440,a71e198a60b5a7b1b,True,,,,,,,,,,1.0,1.0,1.0,1.0,0.9755090768655272,1.0,1.0,1.0,1.0,0.9923465865204772
2441,2301f91f3f804faa5,True,,,,,,,,,,1.0,0.0,1.0,1.0,0.5779322307581992,1.0,0.0,1.0,1.0,0.0
2442,427601a379941fcbc,True,,,,,,,,,,1.0,1.0,1.0,1.0,0.4624661687940157,1.0,1.0,1.0,0.0,0.7070206777481299
2443,595a7bb76f59c677e,True,,,,,,,,,,1.0,1.0,1.0,1.0,0.724042940314753,1.0,1.0,1.0,0.0,0.7887634188483603
2444,7e2d7288e94ae54c5,True,,,,,,,,,,1.0,1.0,1.0,1.0,0.2722990163673947,1.0,1.0,1.0,1.0,0.7725934426148109
2445,a8318f7cafe4396ae,True,,,,,,,,,,1.0,1.0,1.0,1.0,0.5178444506461789,1.0,0.0,1.0,0.0,0.5993263908269308
2446,38a3a85f24db9d0f8,True,,,,,,,,,,1.0,1.0,0.5,1.0,1.0,1.0,0.0,1.0,0.0,0.375
2447,52b7525b699ef9adf,True,,,,,,,,,,1.0,1.0,1.0,1.0,0.4952311115104914,1.0,1.0,1.0,1.0,0.8422597223470285
2448,5c4cdaaf289584cd5,True,,,,,,,,,,1.0,0.0,1.0,1.0,1.0,1.0,1.0,1.0,0.0,0.0
2449,88d72263f1af2d277,True,,,,,,,,,,1.0,0.0,0.5,1.0,1.0,1.0,1.0,1.0,0.0,0.0
2450,f3e993209190be300,True,,,,,,,,,,1.0,1.0,1.0,1.0,0.1982356089836428,1.0,1.0,1.0,1.0,0.7494486278073884
2451,4cf3497675a6d22b9,True,,,,,,,,,,1.0,1.0,0.5,1.0,0.4699205571556658,1.0,0.0,1.0,1.0,0.3546750870555727
2452,8ace3a7104057a34a,True,,,,,,,,,,1.0,1.0,0.5,1.0,1.0,1.0,0.0,1.0,0.0,0.375
2453,bbf03fd14411cf3b3,True,,,,,,,,,,1.0,1.0,1.0,1.0,1.0,1.0,0.0,1.0,1.0,0.875
2454,1161a45a0921d7c8e,True,,,,,,,,,,1.0,1.0,0.5,1.0,0.3326702465555706,1.0,0.0,1.0,0.0,0.2707297260243079
2455,84f364974b63432d3,True,,,,,,,,,,1.0,1.0,1.0,1.0,0.8384601547087414,1.0,1.0,1.0,0.0,0.8245187983464817
2456,2271e9cd227826682,True,,,,,,,,,,1.0,1.0,1.0,1.0,0.7719686557607027,1.0,1.0,1.0,1.0,0.9287402049252196
2457,661c4fdee268dcb1e,True,,,,,,,,,,1.0,1.0,1.0,1.0,0.4561336667362578,1.0,1.0,1.0,1.0,0.8300417708550806
2458,06be59490e2e14bcd,True,,,,,,,,,,0.0,1.0,0.0,1.0,1.0,0.0,0.0,0.0,0.0,0.0
2459,cdc8eba66ee1c79b4,True,,,,,,,,,,1.0,1.0,1.0,1.0,1.0,1.0,1.0,1.0,0.0,0.875
2460,9d70974d55a05357d,True,,,,,,,,,,1.0,1.0,1.0,1.0,0.7415460897672056,1.0,1.0,0.0,0.0,0.6692331530522517
2461,9ca95a29837848e74,True,,,,,,,,,,1.0,0.0,1.0,1.0,0.5386990210030993,1.0,0.0,0.0,1.0,0.0
2462,0ac5f53f5bbf5603e,True,,,,,,,,,,1.0,1.0,1.0,1.0,1.0,1.0,1.0,1.0,1.0,1.0
2463,eabd2a62e5069e1a4,True,,,,,,,,,,1.0,1.0,1.0,1.0,0.6848587580568314,1.0,0.0,1.0,0.0,0.6515183618927598
2464,6de62a830b05d683f,True,,,,,,,,,,1.0,0.0,1.0,1.0,1.0,1.0,0.0,0.0,0.0,0.0
2465,78910a88891eef166,True,,,,,,,,,,1.0,1.0,1.0,1.0,0.5227437917322705,1.0,0.0,1.0,0.0,0.6008574349163345
2466,6ca032cc95e7418a6,True,,,,,,,,,,1.0,1.0,1.0,1.0,0.2492961374577607,1.0,1.0,1.0,0.0,0.6404050429555502
2467,cdec99ac469508647,True,,,,,,,,,,1.0,1.0,1.0,1.0,0.3214464522684092,1.0,1.0,1.0,1.0,0.7879520163338779
2468,09f2c709af42130ee,True,,,,,,,,,,1.0,1.0,1.0,1.0,0.6879118570382604,1.0,0.0,1.0,0.0,0.6524724553244564
2469,175bc910c16425e5c,True,,,,,,,,,,1.0,1.0,1.0,1.0,0.3195677572959428,1.0,1.0,1.0,1.0,0.7873649241549822
2470,376f87b3b2f49949d,True,,,,,,,,,,1.0,1.0,1.0,1.0,0.5948601849816779,1.0,1.0,1.0,0.0,0.7483938078067743
2471,2c048c6ca0a0876cd,True,,,,,,,,,,1.0,1.0,1.0,1.0,0.6973170197779864,1.0,0.0,1.0,1.0,0.7804115686806208
2472,8428b4ef1485fe533,True,,,,,,,,,,1.0,1.0,1.0,1.0,0.228291652094597,1.0,1.0,1.0,1.0,0.7588411412795616
2473,d919319074b4ecfbf,True,,,,,,,,,,1.0,0.0,0.0,1.0,1.0,1.0,0.0,1.0,0.0,0.0
2474,2c1190d3b505388dd,True,,,,,,,,,,1.0,1.0,1.0,1.0,0.9871548423507124,1.0,1.0,1.0,0.0,0.8709858882345975
2475,1101b454c3a1637f1,True,,,,,,,,,,1.0,1.0,1.0,1.0,0.542695913684858,1.0,0.0,1.0,1.0,0.7320924730265181
2476,c03cd29553653d383,True,,,,,,,,,,1.0,1.0,1.0,1.0,0.3236051887350109,1.0,1.0,1.0,1.0,0.7886266214796909
2477,eddb07c8294cf8efd,True,,,,,,,,,,1.0,1.0,1.0,1.0,1.0,1.0,1.0,1.0,1.0,1.0
2478,29f63fdd169f556cf,True,,,,,,,,,,1.0,1.0,1.0,1.0,0.3048729529155768,1.0,1.0,1.0,1.0,0.7827727977861177
2479,cc9f51b0460d19ee5,True,,,,,,,,,,1.0,0.0,1.0,1.0,0.7597767725867153,1.0,0.0,1.0,0.0,0.0
2480,114cffc6aed0cbf4b,True,,,,,,,,,,1.0,1.0,1.0,1.0,0.2048269110227843,1.0,0.0,1.0,1.0,0.6265084096946201
2481,8c7844d1d621c907b,True,,,,,,,,,,1.0,1.0,1.0,1.0,0.5861337259959756,1.0,1.0,1.0,0.0,0.7456667893737423
2482,cdb80903b75b86325,True,,,,,,,,,,1.0,1.0,1.0,1.0,0.8676732389418885,1.0,1.0,1.0,0.0,0.8336478871693402
2483,3a84eaeca44c1b7ad,True,,,,,,,,,,1.0,1.0,1.0,1.0,0.973499161298066,1.0,0.0,1.0,0.0,0.7417184879056457
2484,01ad91141d2668de6,True,,,,,,,,,,1.0,1.0,1.0,1.0,1.0,1.0,1.0,1.0,0.0,0.875
2485,82b0238fb02f13548,True,,,,,,,,,,0.0,1.0,1.0,1.0,1.0,0.0,0.0,1.0,1.0,0.0
2486,797abeb7772dd6343,True,,,,,,,,,,1.0,0.0,1.0,1.0,0.7074069255833149,1.0,0.0,1.0,1.0,0.0
2487,01e51bacf68548cab,True,,,,,,,,,,0.0,1.0,1.0,1.0,1.0,0.0,1.0,1.0,1.0,0.0
2488,c5fd0128d19316b03,True,,,,,,,,,,1.0,1.0,1.0,1.0,1.0,1.0,0.0,1.0,1.0,0.875
2489,767cefbd4e52c83e0,True,,,,,,,,,,1.0,1.0,1.0,1.0,1.0,1.0,1.0,1.0,1.0,1.0
2490,3843fa52f9eff158e,True,,,,,,,,,,0.5,0.0,0.0,1.0,1.0,0.0,1.0,1.0,0.0,0.0
2491,78e346fdbeb014770,True,,,,,,,,,,1.0,1.0,1.0,1.0,0.2635595198030929,1.0,1.0,1.0,1.0,0.7698623499384665
2492,120c21d6c27040aa9,True,,,,,,,,,,1.0,1.0,1.0,1.0,0.5601375754473243,1.0,1.0,1.0,0.0,0.7375429923272889
2493,7427abf44bb60ffa4,True,,,,,,,,,,1.0,1.0,1.0,1.0,0.4990954958901329,1.0,1.0,1.0,0.0,0.7184673424656666
2494,8f84117d4bb5c6f9b,True,,,,,,,,,,1.0,1.0,1.0,1.0,0.8708053060188009,1.0,0.0,1.0,1.0,0.8346266581308752
2495,45f0a34210cea5243,True,,,,,,,,,,1.0,1.0,1.0,1.0,0.7915172373493172,1.0,1.0,1.0,0.0,0.8098491366716616
2496,c6f309a29af4e8f36,True,,,,,,,,,,1.0,1.0,0.5,1.0,0.5762838857413787,1.0,0.0,1.0,1.0,0.3712943571470904
2497,ca4b53e32b7f4aedf,True,,,,,,,,,,1.0,1.0,1.0,1.0,0.4923425198239383,1.0,0.0,1.0,1.0,0.7163570374449807
2498,9eb568210e6566dd5,True,,,,,,,,,,1.0,1.0,1.0,1.0,0.4635447226776094,1.0,1.0,1.0,1.0,0.8323577258367529
2499,eb16cfaf356e80f1f,True,,,,,,,,,,1.0,1.0,1.0,1.0,0.948807203888254,1.0,1.0,1.0,1.0,0.9840022512150792
2500,6f5571bbc6dc5faee,True,,,,,,,,,,1.0,1.0,1.0,1.0,0.98284690659048,1.0,0.0,1.0,0.0,0.7446396583095249
2501,fe021b72b8b0cf19e,True,,,,,,,,,,1.0,1.0,0.5,1.0,1.0,1.0,0.0,1.0,0.0,0.375
2502,afaf4dd4fa375bb85,True,,,,,,,,,,1.0,0.0,1.0,0.0,1.0,1.0,1.0,1.0,1.0,0.0
2503,ec8c748e31436c7e5,True,,,,,,,,,,1.0,1.0,1.0,1.0,0.7057200350815178,0.0,1.0,1.0,0.0,0.4705375109629743
2504,f5c8d07f9fe6a3b4d,True,,,,,,,,,,0.0,1.0,1.0,0.0,1.0,0.0,1.0,1.0,0.0,0.0
2505,cb891ab8f0c9f0ffc,True,,,,,,,,,,1.0,1.0,1.0,1.0,0.7342535089043344,1.0,0.0,1.0,0.0,0.6669542215326045
2506,46e64616eb8cc57af,True,,,,,,,,,,1.0,1.0,1.0,1.0,0.6011879365109496,1.0,0.0,1.0,1.0,0.7503712301596718
2507,c1c2f041cb05320b6,True,,,,,,,,,,1.0,1.0,0.5,1.0,1.0,1.0,0.0,1.0,0.0,0.375
2508,710c63e733bb79b47,True,,,,,,,,,,1.0,1.0,1.0,1.0,0.7330520681187566,1.0,1.0,1.0,0.0,0.7915787712871114
2509,10933ac8239bd6fbb,True,,,,,,,,,,1.0,1.0,1.0,1.0,0.7151277692737702,1.0,1.0,1.0,0.0,0.7859774278980531
2510,4f7f3184912163792,True,,,,,,,,,,1.0,1.0,1.0,1.0,0.9398027666322446,1.0,0.0,1.0,0.0,0.7311883645725764
2511,c09eaf80eb8a24e39,True,,,,,,,,,,1.0,1.0,1.0,1.0,0.4466733451161454,1.0,1.0,1.0,1.0,0.8270854203487954
2512,cac2753c7c7b93847,True,,,,,,,,,,1.0,0.0,1.0,1.0,1.0,1.0,1.0,1.0,1.0,0.0
2513,956a8bcaa1a0b0856,True,,,,,,,,,,0.0,1.0,1.0,1.0,1.0,0.0,0.0,1.0,0.0,0.0
2514,94d9715aabd9df7cd,True,,,,,,,,,,1.0,1.0,1.0,1.0,1.0,1.0,1.0,1.0,0.0,0.875
2515,eaf95271513c8b2e5,True,,,,,,,,,,1.0,1.0,1.0,1.0,0.2127129693754255,1.0,1.0,1.0,1.0,0.7539728029298205
2516,7ee964bcd33d7480e,True,,,,,,,,,,1.0,1.0,1.0,1.0,0.7221135198689606,1.0,0.0,1.0,1.0,0.7881604749590502
2517,5fc5bb18513bc7d0b,True,,,,,,,,,,1.0,1.0,1.0,1.0,0.657115124424621,1.0,0.0,1.0,1.0,0.767848476382694
2518,43b92681b98be1dd3,True,,,,,,,,,,1.0,0.0,0.5,1.0,1.0,1.0,0.0,1.0,0.0,0.0
2519,96260f12e203e8493,True,,,,,,,,,,1.0,1.0,1.0,1.0,0.2601857434314383,1.0,1.0,1.0,1.0,0.7688080448223245
2520,cc9e04e3c4887f26c,True,,,,,,,,,,1.0,0.0,1.0,1.0,0.81185529697186,1.0,1.0,1.0,0.0,0.0
2521,67db9f3e12bbe8868,True,,,,,,,,,,0.0,1.0,1.0,1.0,1.0,0.0,1.0,1.0,1.0,0.0
2522,887a22206566761ea,True,,,,,,,,,,1.0,1.0,1.0,1.0,0.3457672510861238,1.0,1.0,1.0,1.0,0.7955522659644136
2523,e9edc42aeefc7e850,True,,,,,,,,,,1.0,1.0,1.0,1.0,0.767838169558462,1.0,0.0,1.0,1.0,0.8024494279870193
2524,99dd1518526c46b6e,True,,,,,,,,,,1.0,1.0,0.0,1.0,0.9348336980157892,1.0,0.0,1.0,0.0,0.0
2525,7128f87176a382be0,True,,,,,,,,,,0.0,1.0,1.0,1.0,1.0,0.0,1.0,1.0,0.0,0.0
2526,c4630acafb54056da,True,,,,,,,,,,1.0,1.0,1.0,1.0,0.6558677300329985,1.0,0.0,1.0,1.0,0.767458665635312
2527,ea57c9c13c9526722,True,,,,,,,,,,0.5,0.0,1.0,1.0,1.0,0.0,0.0,1.0,1.0,0.0
2528,e5f171ef890e7a042,True,,,,,,,,,,1.0,1.0,1.0,1.0,0.9496348086203948,1.0,0.0,1.0,1.0,0.8592608776938734
2529,7bc8b418055d0cc73,True,,,,,,,,,,0.0,1.0,0.0,1.0,1.0,0.0,0.0,1.0,0.0,0.0
2530,47799590d39799760,True,,,,,,,,,,1.0,0.0,1.0,1.0,1.0,1.0,1.0,1.0,0.0,0.0
2531,558678d3b68828f3a,True,,,,,,,,,,1.0,0.0,0.0,1.0,1.0,1.0,0.0,1.0,1.0,0.0
2532,13d89543b4b7dad14,True,,,,,,,,,,1.0,1.0,0.0,1.0,0.9224052787800856,1.0,0.0,1.0,0.0,0.0
2533,5154115e543f3aa9a,True,,,,,,,,,,1.0,1.0,1.0,1.0,0.4070321314264771,1.0,1.0,1.0,1.0,0.8146975410707741
2534,85f94ff5a637ec2d5,True,,,,,,,,,,1.0,0.0,0.0,1.0,1.0,1.0,0.0,1.0,0.0,0.0
2535,58f8054b16f2c0e47,True,,,,,,,,,,1.0,1.0,1.0,1.0,0.2845920296865764,1.0,0.0,0.0,1.0,0.5264350092770551
2536,fdf5d3fe80143a1aa,True,,,,,,,,,,1.0,1.0,1.0,1.0,0.6449263548072015,1.0,1.0,1.0,0.0,0.7640394858772505
2537,7b4054b4f24d77967,True,,,,,,,,,,1.0,1.0,1.0,1.0,1.0,1.0,1.0,1.0,1.0,1.0
2538,397b093b8766274f9,True,,,,,,,,,,1.0,1.0,1.0,1.0,0.8355349511099217,1.0,0.0,1.0,0.0,0.6986046722218505
2539,89c18ed69c931aa0a,True,,,,,,,,,,1.0,1.0,1.0,1.0,0.5884608561223574,1.0,0.0,1.0,0.0,0.6213940175382366
2540,4232b6ce6d0b377b8,True,,,,,,,,,,1.0,1.0,1.0,1.0,0.2784219628166695,1.0,1.0,1.0,1.0,0.7745068633802092
2541,3b0bf9ca3855b2e20,True,,,,,,,,,,1.0,1.0,1.0,1.0,0.5038900667398892,1.0,1.0,1.0,0.0,0.7199656458562154
2542,888343bb23c96916c,True,,,,,,,,,,1.0,1.0,1.0,1.0,0.6703808818166728,1.0,0.0,1.0,1.0,0.7719940255677102
2543,4923ab814b3842354,True,,,,,,,,,,1.0,1.0,1.0,1.0,0.207636777833393,1.0,1.0,1.0,1.0,0.7523864930729354
2544,198e5922fee004f44,True,,,,,,,,,,1.0,1.0,1.0,1.0,0.6371186219245634,1.0,1.0,1.0,1.0,0.886599569351426
2545,6f0b775b8d685abec,True,,,,,,,,,,1.0,1.0,1.0,1.0,0.6952169304100863,1.0,0.0,1.0,0.0,0.654755290753152
2546,1f7d87b846306d4ed,True,,,,,,,,,,1.0,1.0,1.0,1.0,1.0,1.0,0.0,1.0,1.0,0.875
2547,26fc6837ede450373,True,,,,,,,,,,1.0,1.0,1.0,1.0,0.4843026631605268,1.0,1.0,1.0,1.0,0.8388445822376647
2548,d069a0081ae35d442,True,,,,,,,,,,1.0,1.0,1.0,1.0,0.2420341328922344,1.0,0.0,1.0,1.0,0.6381356665288233
2549,f0a661b0e2a358ecf,True,,,,,,,,,,1.0,1.0,1.0,1.0,0.5121786122312763,1.0,1.0,1.0,1.0,0.8475558163222738
2550,40a1b839fda812527,True,,,,,,,,,,1.0,0.0,1.0,1.0,1.0,1.0,1.0,1.0,0.0,0.0
2551,de6c242bf7dbf68eb,True,,,,,,,,,,1.0,1.0,1.0,1.0,0.3481309721531452,1.0,0.0,1.0,1.0,0.6712909287978579
2552,17f2adbc3fb3e02c2,True,,,,,,,,,,1.0,1.0,1.0,1.0,0.5356342456428331,1.0,1.0,1.0,0.0,0.7298857017633853
2553,37eb625a0529e1cfa,True,,,,,,,,,,1.0,1.0,1.0,1.0,1.0,1.0,0.0,1.0,0.0,0.75
2554,3c4a076e3eb21f85e,True,,,,,,,,,,1.0,1.0,0.0,1.0,1.0,1.0,1.0,1.0,0.0,0.0
2555,406c46b5527457915,True,,,,,,,,,,1.0,1.0,1.0,1.0,0.9448454556969332,1.0,0.0,1.0,1.0,0.8577642049052916
2556,733f274e5e937aae5,True,,,,,,,,,,1.0,1.0,0.0,1.0,1.0,1.0,0.0,1.0,0.0,0.0
2557,821ded6741a70217e,True,,,,,,,,,,1.0,1.0,1.0,1.0,0.9570377050131,1.0,1.0,1.0,1.0,0.9865742828165938
2558,0b204ead40703c13f,True,,,,,,,,,,1.0,1.0,1.0,1.0,0.4072299400816409,1.0,1.0,1.0,1.0,0.8147593562755128
2559,8ab43bb08112dc9ee,True,,,,,,,,,,1.0,1.0,1.0,1.0,0.983379866506226,1.0,1.0,1.0,0.0,0.8698062082831957
2560,be30a0caa3e19507e,True,,,,,,,,,,0.0,1.0,1.0,1.0,1.0,0.0,1.0,1.0,1.0,0.0
2561,c24ef0bd2ded98fef,True,,,,,,,,,,1.0,1.0,1.0,1.0,0.5369186686783657,1.0,0.0,1.0,1.0,0.7302870839619893
2562,168ec5291b8accf12,True,,,,,,,,,,1.0,1.0,1.0,1.0,0.3830005310639104,1.0,1.0,1.0,1.0,0.807187665957472
2563,7158ea4fc0b59fdee,True,,,,,,,,,,1.0,1.0,1.0,1.0,0.915474817664646,1.0,0.0,1.0,0.0,0.7235858805202019
2564,dbfdf8f55f68e448a,True,,,,,,,,,,0.0,1.0,1.0,1.0,1.0,0.0,1.0,1.0,0.0,0.0
2565,6c8c6dc401c0c9ea2,True,,,,,,,,,,1.0,1.0,1.0,1.0,0.4674292314119047,1.0,1.0,1.0,0.0,0.7085716348162202
2566,8081e2cd26d042444,True,,,,,,,,,,1.0,1.0,1.0,1.0,1.0,1.0,1.0,1.0,0.0,0.875
2567,934550d99dbe5a996,True,,,,,,,,,,1.0,1.0,0.0,1.0,0.7962647452706312,1.0,0.0,1.0,1.0,0.0
2568,778f661244251a842,True,,,,,,,,,,1.0,1.0,1.0,1.0,1.0,1.0,1.0,1.0,0.0,0.875
2569,f29d81b7079d53bff,True,,,,,,,,,,1.0,1.0,1.0,1.0,0.4516640292559632,1.0,1.0,1.0,1.0,0.8286450091424885
2570,474779897c967667c,True,,,,,,,,,,0.0,0.0,1.0,1.0,1.0,0.0,0.0,0.0,0.0,0.0
2571,873e0ddcc4fdfae2e,True,,,,,,,,,,1.0,0.0,1.0,1.0,1.0,1.0,0.0,1.0,0.0,0.0
2572,db1f577b1f0df7a26,True,,,,,,,,,,1.0,0.0,1.0,1.0,1.0,1.0,1.0,0.0,0.0,0.0
2573,10b844b8db1d56b80,True,,,,,,,,,,1.0,1.0,1.0,1.0,0.7720199128471287,1.0,0.0,1.0,1.0,0.8037562227647277
2574,a2df1d2e1065e5f83,True,,,,,,,,,,1.0,1.0,1.0,1.0,0.3265976162999577,1.0,1.0,1.0,1.0,0.7895617550937368
2575,1afa1d77d3954125e,True,,,,,,,,,,1.0,1.0,1.0,1.0,0.8642388581777167,1.0,0.0,1.0,1.0,0.8325746431805365
2576,61b536394c345010e,True,,,,,,,,,,1.0,1.0,1.0,1.0,0.8546869418288735,1.0,1.0,1.0,0.0,0.829589669321523
2577,1e6601c658eba890a,True,,,,,,,,,,1.0,1.0,1.0,1.0,0.1226650672993143,1.0,1.0,1.0,1.0,0.7258328335310358
2578,0c57f2adbbbdf0401,True,,,,,,,,,,1.0,1.0,1.0,1.0,1.0,1.0,0.0,1.0,0.0,0.75
2579,946b593648412d83c,True,,,,,,,,,,1.0,1.0,1.0,1.0,1.0,1.0,1.0,1.0,1.0,1.0
2580,0d70fefa06711301c,True,,,,,,,,,,1.0,1.0,1.0,1.0,0.6752961071824338,1.0,1.0,1.0,1.0,0.8985300334945105
2581,95ef6af0cd345193e,True,,,,,,,,,,1.0,1.0,1.0,1.0,0.5414213051972684,1.0,1.0,1.0,0.0,0.7316941578741464
2582,01b44b930266052c5,True,,,,,,,,,,1.0,1.0,1.0,1.0,0.8009048826746052,1.0,0.0,1.0,1.0,0.8127827758358142
2583,f19d36e6d48219eba,True,,,,,,,,,,1.0,1.0,0.5,1.0,1.0,1.0,0.0,1.0,0.0,0.375
2584,f9b79d00824722fc5,True,,,,,,,,,,1.0,1.0,1.0,1.0,0.4716535747487674,1.0,1.0,1.0,0.0,0.7098917421089899
2585,d4aaf5d6841ea2cad,True,,,,,,,,,,1.0,1.0,1.0,1.0,0.6380818957680351,1.0,0.0,1.0,0.0,0.636900592427511
2586,7b5998d0c96e5433a,True,,,,,,,,,,1.0,1.0,1.0,1.0,0.4796812202073447,1.0,1.0,1.0,0.0,0.7124003813147952
2587,664a5c4af31581693,True,,,,,,,,,,1.0,1.0,1.0,1.0,0.7607354326917455,1.0,0.0,1.0,1.0,0.8002298227161705
2588,60b5ffeeaa577037f,True,,,,,,,,,,1.0,1.0,1.0,1.0,0.1622326879361189,1.0,1.0,1.0,0.0,0.6131977149800372
2589,9a21c94093757379d,True,,,,,,,,,,1.0,1.0,1.0,1.0,0.5675984569607839,1.0,0.0,1.0,0.0,0.614874517800245
2590,bdd6ec1614649724b,True,,,,,,,,,,1.0,0.0,1.0,1.0,1.0,1.0,1.0,1.0,0.0,0.0
2591,cc082d08854f64656,True,,,,,,,,,,0.0,1.0,1.0,1.0,1.0,0.0,0.0,1.0,0.0,0.0
2592,95b104c6ad1c29b95,True,,,,,,,,,,1.0,1.0,1.0,1.0,0.8134544428060196,1.0,1.0,1.0,0.0,0.8167045133768811
2593,4fc9662f3c2a3bb75,True,,,,,,,,,,1.0,1.0,0.0,1.0,1.0,1.0,0.0,1.0,0.0,0.0
2594,cbabaf8e0b53e82d3,True,,,,,,,,,,1.0,0.0,1.0,1.0,1.0,1.0,0.0,1.0,0.0,0.0
2595,96a1227ca8539a33e,True,,,,,,,,,,1.0,1.0,1.0,1.0,0.8109174184936132,1.0,1.0,1.0,1.0,0.940911693279254
2596,2a16480d68428e775,True,,,,,,,,,,1.0,0.0,1.0,1.0,0.2975958709417903,1.0,1.0,1.0,1.0,0.0
2597,fd45bba33b3dcb719,True,,,,,,,,,,1.0,1.0,1.0,1.0,0.3278779659202763,1.0,1.0,1.0,0.0,0.6649618643500863
2598,4ebad6e2adb7c2ab4,True,,,,,,,,,,1.0,1.0,1.0,1.0,1.0,1.0,1.0,1.0,1.0,1.0
2599,3e9cb5ec7e3c7d0e9,True,,,,,,,,,,1.0,1.0,1.0,1.0,0.9880386086566504,1.0,0.0,1.0,1.0,0.8712620652052032
2600,e03e2999009dbd343,True,,,,,,,,,,1.0,1.0,1.0,1.0,0.96564161065173,1.0,0.0,1.0,1.0,0.8642630033286656
2601,fac0a5c373900e63b,True,,,,,,,,,,1.0,1.0,1.0,1.0,0.2891609594223266,1.0,1.0,1.0,1.0,0.777862799819477
2602,0c4b91dd1d5fee81a,True,,,,,,,,,,1.0,1.0,0.5,1.0,1.0,1.0,0.0,1.0,0.0,0.375
2603,89ffb6efe20df9ccf,True,,,,,,,,,,1.0,1.0,1.0,1.0,1.0,1.0,1.0,1.0,0.0,0.875
2604,15a4d38c20001c0e4,True,,,,,,,,,,1.0,0.0,0.0,1.0,1.0,1.0,0.0,1.0,1.0,0.0
2605,c7eba674ea24ca81f,True,,,,,,,,,,1.0,1.0,1.0,1.0,1.0,1.0,0.0,1.0,0.0,0.75
2606,f960c8624d9938147,True,,,,,,,,,,1.0,1.0,0.0,1.0,1.0,1.0,0.0,1.0,0.0,0.0
2607,0b2a954e62c86d95c,True,,,,,,,,,,1.0,1.0,1.0,1.0,0.6560906832135401,1.0,1.0,1.0,0.0,0.7675283385042313
2608,e987a00eb520c3af5,True,,,,,,,,,,1.0,1.0,1.0,1.0,0.6549492208497614,1.0,1.0,1.0,1.0,0.8921716315155505
2609,340986fda5e34ccac,True,,,,,,,,,,1.0,1.0,0.0,1.0,1.0,1.0,1.0,1.0,0.0,0.0
2610,80ad340ede19df8b3,True,,,,,,,,,,1.0,0.0,0.5,1.0,1.0,1.0,0.0,0.0,0.0,0.0
2611,1169425dafd2dc633,True,,,,,,,,,,1.0,1.0,1.0,1.0,0.5752299110089057,1.0,1.0,1.0,1.0,0.8672593471902831
2612,761fdfcb355d74f9b,True,,,,,,,,,,1.0,1.0,1.0,1.0,0.7950586862540989,1.0,1.0,1.0,0.0,0.8109558394544059
2613,18baf55921621bf61,True,,,,,,,,,,1.0,1.0,1.0,1.0,0.9618469541337356,1.0,1.0,1.0,1.0,0.9880771731667924
2614,583b2af0de861778c,True,,,,,,,,,,1.0,1.0,0.5,1.0,1.0,1.0,0.0,1.0,1.0,0.4375
2615,227d0fa0ac82a6985,True,,,,,,,,,,1.0,1.0,1.0,1.0,0.4573332965510281,1.0,1.0,0.0,0.0,0.5804166551721963
2616,6f033e7af721547a9,True,,,,,,,,,,1.0,1.0,1.0,1.0,0.382117854952282,1.0,1.0,1.0,1.0,0.8069118296725881
2617,5cfc1b909ca5a6869,True,,,,,,,,,,1.0,1.0,0.0,1.0,1.0,1.0,0.0,1.0,0.0,0.0
2618,49f60cc575589f36c,True,,,,,,,,,,1.0,1.0,1.0,1.0,0.6079212120321835,1.0,1.0,1.0,0.0,0.7524753787600573
2619,514e8dc72d43731a2,True,,,,,,,,,,1.0,1.0,1.0,1.0,0.8260424828294248,1.0,0.0,1.0,1.0,0.8206382758841952
2620,1cb35ff44517c5025,True,,,,,,,,,,1.0,1.0,1.0,1.0,0.7140254550599286,1.0,1.0,1.0,0.0,0.7856329547062277
2621,9aabc1816bfcdd63e,True,,,,,,,,,,1.0,1.0,1.0,1.0,0.6865910746288648,1.0,0.0,1.0,1.0,0.7770597108215203
2622,aadb9d0abc30a1215,True,,,,,,,,,,1.0,1.0,1.0,1.0,0.9686030396900118,1.0,0.0,1.0,0.0,0.7401884499031287
2623,516eb2ea0832b6c1d,True,,,,,,,,,,1.0,1.0,1.0,1.0,1.0,1.0,1.0,1.0,1.0,1.0
2624,055b2b04eb387aadb,True,,,,,,,,,,1.0,0.0,0.5,1.0,1.0,1.0,0.0,1.0,0.0,0.0
2625,e260f18e09079fc0a,True,,,,,,,,,,1.0,1.0,1.0,1.0,0.8227762755989226,1.0,1.0,1.0,0.0,0.8196175861246633
2626,00aa61063a3147cb9,True,,,,,,,,,,1.0,1.0,1.0,1.0,0.4930473979236136,1.0,1.0,1.0,0.0,0.7165773118511293
2627,4d59b2a4c64101d41,True,,,,,,,,,,1.0,1.0,1.0,1.0,0.5152920122847146,1.0,1.0,1.0,1.0,0.8485287538389733
2628,57eb7d1fb4d00dce9,True,,,,,,,,,,1.0,1.0,1.0,1.0,1.0,1.0,0.0,1.0,0.0,0.75
2629,cd19384b9fe667753,True,,,,,,,,,,1.0,1.0,1.0,1.0,0.6209542963026287,1.0,1.0,1.0,0.0,0.7565482175945715
2630,ba31453558099b11f,True,,,,,,,,,,1.0,1.0,0.5,1.0,0.5941781836141131,1.0,1.0,1.0,1.0,0.4365903411897052
2631,4a263f9bce5d33176,True,,,,,,,,,,1.0,1.0,1.0,1.0,1.0,1.0,0.0,1.0,0.0,0.75
2632,a2b18a44314422b37,True,,,,,,,,,,1.0,1.0,1.0,1.0,0.2886950262023123,1.0,1.0,1.0,0.0,0.6527171956882226
2633,6c8d225b7e93d1ff8,True,,,,,,,,,,1.0,0.0,1.0,1.0,0.8114504904827133,1.0,0.0,0.0,0.0,0.0
2634,5b733b329372ed8c8,True,,,,,,,,,,1.0,1.0,1.0,1.0,1.0,1.0,1.0,1.0,0.0,0.875
2635,7e241b2390105cdb3,True,,,,,,,,,,1.0,1.0,1.0,1.0,0.6916483764622989,1.0,0.0,1.0,0.0,0.6536401176444684
2636,221ee037ec27dbb36,True,,,,,,,,,,1.0,1.0,1.0,1.0,0.8614347005835783,1.0,1.0,1.0,1.0,0.9566983439323682
2637,1b3141d6d2c2b651a,True,,,,,,,,,,1.0,1.0,1.0,1.0,0.5305057715459391,1.0,1.0,1.0,0.0,0.728283053608106
2638,fa3650efa1fa9cb64,True,,,,,,,,,,1.0,1.0,1.0,1.0,1.0,1.0,1.0,1.0,0.0,0.875
2639,b7b2aa82af5f10496,True,,,,,,,,,,1.0,1.0,1.0,1.0,0.2571059021340374,1.0,0.0,1.0,1.0,0.6428455944168867
2640,054ea5b13451c621b,True,,,,,,,,,,1.0,1.0,1.0,1.0,0.6099604963637709,1.0,1.0,1.0,1.0,0.8781126551136784
2641,19b05b1af3b23f887,True,,,,,,,,,,1.0,1.0,0.0,1.0,1.0,1.0,0.0,1.0,1.0,0.0
2642,d338d0b0f53782114,True,,,,,,,,,,1.0,1.0,1.0,1.0,0.8592283140938921,1.0,0.0,1.0,0.0,0.7060088481543413
2643,aa1b4476d7c10952e,True,,,,,,,,,,1.0,0.0,1.0,1.0,1.0,1.0,0.0,1.0,1.0,0.0
2644,93dbd55a373bc4efe,True,,,,,,,,,,1.0,1.0,1.0,1.0,0.8010741009871291,1.0,1.0,1.0,1.0,0.9378356565584778
2645,273762480ecf0bcd6,True,,,,,,,,,,1.0,1.0,1.0,1.0,0.978893319914363,1.0,0.0,1.0,1.0,0.8684041624732384
2646,fc75e772cd8a739f3,True,,,,,,,,,,1.0,0.0,1.0,1.0,1.0,1.0,1.0,1.0,0.0,0.0
2647,91927b9cf7456c200,True,,,,,,,,,,1.0,1.0,1.0,1.0,0.725723589204548,1.0,1.0,1.0,0.0,0.7892886216264212
2648,e147b31afd8a5c390,True,,,,,,,,,,1.0,1.0,1.0,0.0,1.0,1.0,1.0,0.0,0.0,0.0
2649,8170f12fb1131df99,True,,,,,,,,,,1.0,1.0,1.0,1.0,1.0,1.0,0.0,1.0,0.0,0.75
2650,8e3a32effa7ad4fc9,True,,,,,,,,,,0.0,1.0,1.0,1.0,1.0,0.0,1.0,1.0,0.0,0.0
2651,d0d8a6da053f9740c,True,,,,,,,,,,1.0,1.0,1.0,1.0,0.6491790332166152,1.0,1.0,1.0,1.0,0.8903684478801923
2652,df73f150c23f6aeec,True,,,,,,,,,,1.0,1.0,0.0,1.0,1.0,1.0,0.0,1.0,0.0,0.0
2653,8732dc54a30ca7f80,True,,,,,,,,,,0.0,1.0,1.0,1.0,1.0,0.0,1.0,1.0,1.0,0.0
2654,892cab52968bdafc3,True,,,,,,,,,,0.0,1.0,1.0,1.0,1.0,0.0,1.0,1.0,0.0,0.0
2655,787aeff562a4b851a,True,,,,,,,,,,1.0,1.0,1.0,1.0,0.7312436761735219,1.0,0.0,1.0,0.0,0.6660136488042256
2656,9453a01b26e5f5079,True,,,,,,,,,,1.0,1.0,1.0,1.0,1.0,1.0,1.0,1.0,0.0,0.875
2657,59873106299ffb94f,True,,,,,,,,,,1.0,1.0,1.0,1.0,0.7708092762456374,0.0,0.0,1.0,1.0,0.4908778988267617
2658,c047340a6e1fc6422,True,,,,,,,,,,1.0,1.0,1.0,1.0,0.3050358432560042,1.0,1.0,1.0,1.0,0.7828237010175013
2659,db8e9c0ed37d0df11,True,,,,,,,,,,0.0,1.0,0.5,1.0,1.0,0.0,0.0,1.0,1.0,0.0
2660,c334b7fe14a98e8d9,True,,,,,,,,,,1.0,1.0,0.5,1.0,0.5398086199079037,1.0,0.0,1.0,0.0,0.30309509686061
2661,350cac7c1e8fc966a,True,,,,,,,,,,1.0,1.0,1.0,1.0,1.0,1.0,1.0,1.0,1.0,1.0
2662,97e73edb0ec984db5,True,,,,,,,,,,0.0,1.0,1.0,1.0,1.0,0.0,1.0,1.0,0.0,0.0
2663,37e08a9d04d846913,True,,,,,,,,,,1.0,1.0,1.0,1.0,1.0,1.0,0.0,1.0,0.0,0.75
2664,2e5740aa26165ee89,True,,,,,,,,,,1.0,1.0,1.0,1.0,0.4542845459345528,1.0,1.0,1.0,1.0,0.8294639206045478
2665,074cb9c09e56d13b7,True,,,,,,,,,,1.0,1.0,1.0,1.0,0.7543714828731943,1.0,1.0,1.0,1.0,0.9232410883978732
2666,b36cff254193955cf,True,,,,,,,,,,1.0,1.0,1.0,1.0,0.0,1.0,1.0,1.0,1.0,0.6875
2667,098f2c514384700c9,True,,,,,,,,,,1.0,1.0,1.0,1.0,0.8628659179277336,1.0,0.0,1.0,1.0,0.8321455993524167
2668,637ff125ef04d0dae,True,,,,,,,,,,1.0,0.0,1.0,1.0,0.3677066554226018,1.0,0.0,0.0,0.0,0.0
2669,fe1ca3f5f54761556,True,,,,,,,,,,1.0,0.0,1.0,1.0,1.0,1.0,1.0,1.0,0.0,0.0
2670,b43ae2c6e0304b991,True,,,,,,,,,,1.0,1.0,1.0,1.0,0.7314279769902654,1.0,0.0,1.0,1.0,0.791071242809458
2671,bcb569c08d9409956,True,,,,,,,,,,1.0,1.0,1.0,1.0,0.3170240060206046,1.0,0.0,1.0,1.0,0.661570001881439
2672,16d41ea13c0836f9f,True,,,,,,,,,,1.0,1.0,0.0,1.0,1.0,1.0,0.0,1.0,0.0,0.0
2673,9686cdc1f5f01d68e,True,,,,,,,,,,0.0,1.0,1.0,1.0,1.0,0.0,1.0,1.0,1.0,0.0
2674,64cb1964d2bb9f801,True,,,,,,,,,,1.0,1.0,1.0,1.0,0.781307177850904,1.0,0.0,1.0,0.0,0.6816584930784075
2675,6facf1979a5a3837b,True,,,,,,,,,,0.0,1.0,1.0,1.0,1.0,0.0,1.0,1.0,1.0,0.0
2676,143c4941004472287,True,,,,,,,,,,1.0,0.0,1.0,1.0,1.0,1.0,0.0,0.0,0.0,0.0
2677,386d0b1a688b012fa,True,,,,,,,,,,1.0,1.0,0.0,1.0,0.806025761839644,1.0,0.0,1.0,1.0,0.0
2678,57226182464088f5d,True,,,,,,,,,,1.0,0.0,1.0,1.0,1.0,1.0,1.0,1.0,0.0,0.0
2679,7c2d2abd001548d86,True,,,,,,,,,,1.0,1.0,0.0,1.0,1.0,1.0,0.0,1.0,1.0,0.0
2680,0327a1d58fc2a7c5d,True,,,,,,,,,,1.0,1.0,1.0,1.0,0.597215092399157,1.0,1.0,1.0,1.0,0.8741297163747366
2681,f155a28a11bdfe4d3,True,,,,,,,,,,1.0,1.0,1.0,1.0,1.0,1.0,1.0,1.0,0.0,0.875
2682,e33c0044eab71bc97,True,,,,,,,,,,1.0,1.0,1.0,1.0,1.0,1.0,1.0,1.0,1.0,1.0
2683,90263fed2b7db0365,True,,,,,,,,,,1.0,1.0,1.0,1.0,0.225399910234928,1.0,1.0,1.0,1.0,0.7579374719484151
2684,5573b3c15a0cc7845,True,,,,,,,,,,1.0,0.0,1.0,1.0,1.0,1.0,1.0,1.0,1.0,0.0
2685,deec5be8952223b5f,True,,,,,,,,,,1.0,1.0,1.0,1.0,0.6850724781035139,1.0,1.0,1.0,1.0,0.901585149407348
2686,3f5815868e493295e,True,,,,,,,,,,1.0,1.0,1.0,1.0,0.6065599398076417,1.0,1.0,1.0,1.0,0.877049981189888
2687,bda8e2ddfcebef730,True,,,,,,,,,,1.0,1.0,0.0,1.0,1.0,1.0,0.0,1.0,1.0,0.0
2688,265f651d3984bee82,True,,,,,,,,,,1.0,1.0,1.0,1.0,1.0,1.0,1.0,1.0,0.0,0.875
2689,cc06efea87df36bc7,True,,,,,,,,,,1.0,0.0,1.0,1.0,0.6338196580704323,1.0,0.0,1.0,0.0,0.0
2690,246f9bdfe24441b91,True,,,,,,,,,,1.0,1.0,1.0,1.0,0.8488476760867862,1.0,0.0,0.0,0.0,0.5777648987771207
2691,46c89f59183915eba,True,,,,,,,,,,1.0,1.0,0.5,1.0,1.0,1.0,0.0,1.0,0.0,0.375
2692,69f612044609b63d1,True,,,,,,,,,,1.0,1.0,1.0,1.0,0.9106491484356384,1.0,1.0,1.0,1.0,0.972077858886137
2693,6f8794f5f301202d0,True,,,,,,,,,,1.0,1.0,1.0,1.0,1.0,1.0,1.0,1.0,1.0,1.0
2694,9efffb1c9487faa89,True,,,,,,,,,,1.0,0.0,1.0,1.0,1.0,1.0,0.0,1.0,1.0,0.0
2695,e929306025479f705,True,,,,,,,,,,1.0,1.0,1.0,1.0,1.0,1.0,1.0,1.0,0.0,0.875
2696,a1ad222a6de4f84d8,True,,,,,,,,,,0.0,1.0,1.0,1.0,1.0,0.0,0.0,1.0,1.0,0.0
2697,e1654044aa2aa4003,True,,,,,,,,,,1.0,0.0,1.0,1.0,0.565959038416418,1.0,0.0,0.0,0.0,0.0
2698,c6e28acbe0fc41c9e,True,,,,,,,,,,1.0,1.0,0.5,1.0,0.8553766810292565,1.0,0.0,1.0,0.0,0.3524026064108213
2699,cf84397ec4944d689,True,,,,,,,,,,0.0,1.0,1.0,1.0,1.0,0.0,0.0,0.0,0.0,0.0
2700,8ad941de7669cfce3,True,,,,,,,,,,0.0,1.0,1.0,1.0,1.0,0.0,0.0,1.0,0.0,0.0
2701,c2ee3d175867a9e7a,True,,,,,,,,,,1.0,1.0,0.0,1.0,0.9224052787800856,1.0,0.0,1.0,0.0,0.0
2702,434058a9bff839494,True,,,,,,,,,,1.0,1.0,1.0,1.0,0.7538455647977482,1.0,1.0,1.0,1.0,0.9230767389992964
2703,d02247bc43841f48b,True,,,,,,,,,,1.0,1.0,1.0,1.0,0.423182716673073,1.0,0.0,1.0,0.0,0.5697445989603354
2704,2516d8b2211015894,True,,,,,,,,,,1.0,1.0,1.0,1.0,0.4038465051798307,1.0,1.0,1.0,0.0,0.688702032868697
2705,23406e65760566ef1,True,,,,,,,,,,1.0,1.0,1.0,1.0,0.5831656283402482,1.0,1.0,1.0,0.0,0.7447392588563275
2706,aa6de707b22dadf30,True,,,,,,,,,,1.0,1.0,1.0,1.0,0.9128433018948968,1.0,1.0,1.0,0.0,0.8477635318421552
2707,d19cedf7c9391dacc,True,,,,,,,,,,1.0,1.0,0.5,1.0,1.0,1.0,1.0,1.0,0.0,0.4375
2708,6e7525ff98599366a,True,,,,,,,,,,1.0,1.0,1.0,1.0,0.7333715930082675,1.0,0.0,1.0,1.0,0.7916786228150836
2709,22264d7c1336430c1,True,,,,,,,,,,1.0,1.0,1.0,1.0,0.5772047861598213,1.0,1.0,1.0,1.0,0.8678764956749442
2710,11b6577b5cc201594,True,,,,,,,,,,0.0,1.0,1.0,1.0,1.0,0.0,1.0,1.0,1.0,0.0
2711,302d43ed9ed327d94,True,,,,,,,,,,1.0,1.0,1.0,1.0,1.0,1.0,0.0,1.0,0.0,0.75
2712,4f3676dd29cda956d,True,,,,,,,,,,1.0,1.0,1.0,1.0,1.0,1.0,0.0,1.0,0.0,0.75
2713,3343ae6524e70afdf,True,,,,,,,,,,1.0,1.0,1.0,1.0,0.2416318554046726,1.0,1.0,1.0,0.0,0.6380099548139602
2714,14e45cc6be6120e78,True,,,,,,,,,,1.0,1.0,1.0,1.0,0.6494285391982296,1.0,1.0,1.0,1.0,0.8904464184994467
2715,e41e35545e4667bbb,True,,,,,,,,,,1.0,0.0,1.0,1.0,1.0,1.0,0.0,1.0,0.0,0.0
2716,04be4c5a8a9eee15b,True,,,,,,,,,,1.0,1.0,1.0,1.0,0.5035569452178522,1.0,1.0,1.0,0.0,0.7198615453805788
2717,85227ded294bb6273,True,,,,,,,,,,1.0,1.0,1.0,1.0,0.8095409500202323,1.0,1.0,1.0,0.0,0.8154815468813226
2718,42fd65053b0da11c1,True,,,,,,,,,,1.0,1.0,1.0,1.0,0.5353889929701187,1.0,1.0,1.0,0.0,0.7298090603031621
2719,2efb8ce9a842354c8,True,,,,,,,,,,1.0,1.0,1.0,1.0,0.617757168725548,1.0,1.0,1.0,0.0,0.7555491152267337
2720,6b912a3796564dd7e,True,,,,,,,,,,1.0,1.0,1.0,1.0,0.5244899663661575,1.0,0.0,1.0,1.0,0.7264031144894243
2721,b2a29ceff702c11c1,True,,,,,,,,,,1.0,1.0,1.0,1.0,0.4555807783200788,1.0,0.0,1.0,1.0,0.7048689932250246
2722,3a833c6bb917d783d,True,,,,,,,,,,1.0,1.0,1.0,1.0,0.8345983064438899,1.0,0.0,1.0,1.0,0.8233119707637155
2723,75e8f9b411d1144ad,True,,,,,,,,,,1.0,1.0,1.0,1.0,0.8089563860351686,1.0,1.0,1.0,1.0,0.9402988706359904
2724,2806ce33b59f03ee9,True,,,,,,,,,,1.0,1.0,1.0,1.0,0.6517698701044083,1.0,0.0,1.0,1.0,0.7661780844076276
2725,a64fb9390dd8520e5,True,,,,,,,,,,0.0,1.0,1.0,1.0,1.0,0.0,0.0,1.0,1.0,0.0
2726,e1d4af242fe8773fa,True,,,,,,,,,,1.0,1.0,1.0,1.0,0.4668502733712802,1.0,0.0,0.0,0.0,0.4583907104285251
2727,1c9335961ee565478,True,,,,,,,,,,1.0,1.0,1.0,1.0,0.8373826474092804,1.0,1.0,1.0,1.0,0.9491820773154
2728,081da8854328d5c79,True,,,,,,,,,,1.0,1.0,0.5,1.0,0.5276996462502301,1.0,0.0,1.0,1.0,0.3637030697265985
2729,0e81443200fd71592,True,,,,,,,,,,0.0,1.0,1.0,1.0,1.0,0.0,1.0,1.0,0.0,0.0
2730,2498bf6f5436ef1e3,True,,,,,,,,,,1.0,1.0,0.0,1.0,1.0,1.0,0.0,1.0,1.0,0.0
2731,5de761c988f97e1fa,True,,,,,,,,,,1.0,1.0,1.0,1.0,0.6982997047035792,1.0,1.0,1.0,0.0,0.7807186577198685
2732,1a8b28cb69aa0366e,True,,,,,,,,,,1.0,0.0,1.0,1.0,1.0,1.0,0.0,1.0,0.0,0.0
2733,385adba134e6d7874,True,,,,,,,,,,0.0,1.0,1.0,1.0,1.0,0.0,1.0,1.0,1.0,0.0
2734,5ac7230087ab9e9cc,True,,,,,,,,,,1.0,1.0,0.0,1.0,0.9663243630012864,1.0,0.0,0.0,0.0,0.0
2735,5a7f1b88b2ab93c12,True,,,,,,,,,,1.0,1.0,0.5,1.0,1.0,1.0,0.0,1.0,1.0,0.4375
2736,c8f09b5608e102dfb,True,,,,,,,,,,1.0,1.0,1.0,1.0,1.0,1.0,1.0,1.0,1.0,1.0
2737,bf934afd68e4b2573,True,,,,,,,,,,1.0,1.0,0.5,1.0,0.6410670735576237,1.0,0.0,1.0,1.0,0.3814167302433787
2738,dda6b82566281cb83,True,,,,,,,,,,1.0,1.0,1.0,1.0,0.4276777176697856,1.0,1.0,1.0,0.0,0.696149286771808
2739,b01ea6107aea79f6c,True,,,,,,,,,,1.0,1.0,1.0,1.0,0.382700052313934,1.0,1.0,1.0,1.0,0.8070937663481044
2740,f1ba8705833975e6b,True,,,,,,,,,,1.0,1.0,1.0,1.0,1.0,1.0,1.0,1.0,1.0,1.0
2741,544fd2c725ea1a878,True,,,,,,,,,,1.0,1.0,1.0,1.0,0.8317853116892137,1.0,1.0,1.0,1.0,0.9474329099028792
2742,cabbf4a701b27f4f2,True,,,,,,,,,,1.0,1.0,1.0,1.0,0.8410630442907336,1.0,1.0,1.0,0.0,0.8253322013408543
2743,f1386d10ece58ca18,True,,,,,,,,,,1.0,1.0,1.0,1.0,0.2145719981261496,1.0,0.0,1.0,0.0,0.5045537494144218
2744,7ff58b20e56a787e0,True,,,,,,,,,,1.0,1.0,0.5,1.0,0.3975221817164078,1.0,0.0,1.0,0.0,0.2808628408931887
2745,94e0532c49d982780,True,,,,,,,,,,1.0,0.0,1.0,1.0,1.0,1.0,0.0,1.0,0.0,0.0
2746,7559939decc250054,True,,,,,,,,,,1.0,1.0,1.0,1.0,0.7795654967174162,1.0,1.0,1.0,1.0,0.9311142177241926
2747,57b65fccc387a8607,True,,,,,,,,,,1.0,1.0,1.0,1.0,0.3172822060631555,1.0,1.0,1.0,1.0,0.786650689394736
2748,5a653e174a05d5da0,True,,,,,,,,,,1.0,0.0,1.0,1.0,0.6603416938614596,1.0,1.0,1.0,0.0,0.0
2749,3c8a99a0db652a225,True,,,,,,,,,,0.0,1.0,1.0,1.0,1.0,0.0,0.0,1.0,1.0,0.0
2750,9e8bcf0ba8fefe716,True,,,,,,,,,,1.0,1.0,1.0,1.0,0.993187770632087,1.0,1.0,1.0,1.0,0.9978711783225273
2751,b46505d824967a9bc,True,,,,,,,,,,1.0,1.0,1.0,1.0,0.4558586390951335,1.0,1.0,1.0,0.0,0.7049558247172292
2752,506e98e6817013978,True,,,,,,,,,,1.0,1.0,1.0,1.0,0.668161975054419,1.0,1.0,1.0,0.0,0.7713006172045059
2753,395c08bc6114b0b9e,True,,,,,,,,,,1.0,1.0,1.0,1.0,0.5095403568541174,1.0,1.0,1.0,0.0,0.7217313615169116
2754,5e6df44031e160cad,True,,,,,,,,,,0.0,1.0,1.0,1.0,1.0,0.0,1.0,1.0,0.0,0.0
2755,f5e271bc6f92b1f61,True,,,,,,,,,,1.0,1.0,1.0,1.0,1.0,1.0,0.0,1.0,1.0,0.875
2756,928a526fdbbdedce9,True,,,,,,,,,,0.0,1.0,1.0,1.0,1.0,0.0,1.0,1.0,1.0,0.0
2757,9105cbfa672b3e348,True,,,,,,,,,,1.0,1.0,1.0,1.0,1.0,1.0,0.0,1.0,1.0,0.875
2758,9632710f733828256,True,,,,,,,,,,1.0,1.0,1.0,1.0,0.7987439760541655,1.0,1.0,1.0,1.0,0.9371074925169268
2759,8db77c0cfd06714d8,True,,,,,,,,,,1.0,1.0,1.0,1.0,1.0,1.0,1.0,1.0,1.0,1.0
2760,96cad6ca7a1cc6e43,True,,,,,,,,,,1.0,0.0,1.0,1.0,0.2334398455646094,1.0,1.0,1.0,1.0,0.0
2761,7ee10c65aff66f1f6,True,,,,,,,,,,1.0,0.0,0.5,1.0,1.0,1.0,0.0,1.0,0.0,0.0
2762,68d8bd51d02182ea6,True,,,,,,,,,,1.0,1.0,0.0,1.0,1.0,1.0,0.0,1.0,0.0,0.0
2763,59d497b24fe17609b,True,,,,,,,,,,1.0,1.0,1.0,1.0,0.4943928759603351,1.0,0.0,1.0,0.0,0.5919977737376048
2764,0d322fa61ecc39416,True,,,,,,,,,,1.0,1.0,1.0,1.0,0.722223332795354,1.0,1.0,1.0,1.0,0.913194791498548
2765,90d6b6889f35e691d,True,,,,,,,,,,1.0,1.0,1.0,1.0,0.8922875694359328,1.0,0.0,1.0,0.0,0.716339865448729
2766,765b429e21230f949,True,,,,,,,,,,1.0,1.0,1.0,1.0,0.2510348999183175,1.0,1.0,1.0,1.0,0.7659484062244742
2767,9bbf0a9e8d47e6d77,True,,,,,,,,,,1.0,1.0,0.5,1.0,1.0,1.0,0.0,1.0,1.0,0.4375
2768,e56578b2f08218e36,True,,,,,,,,,,0.0,1.0,1.0,1.0,0.9291523918141013,0.0,0.0,1.0,0.0,0.0
2769,ae646ba56f5add8db,True,,,,,,,,,,1.0,1.0,1.0,1.0,0.2860095834196304,1.0,0.0,1.0,0.0,0.5268779948186345
2770,09747cf799a19f292,True,,,,,,,,,,1.0,1.0,0.5,1.0,0.9310220937044734,1.0,0.0,1.0,1.0,0.4267222021413239
2771,32f66fdb48e988c92,True,,,,,,,,,,0.0,1.0,1.0,1.0,1.0,0.0,0.0,1.0,0.0,0.0
2772,3efd4f33e21321aca,True,,,,,,,,,,1.0,1.0,1.0,1.0,0.8281119440117825,1.0,1.0,1.0,0.0,0.8212849825036821
2773,85dc9224d8159ff88,True,,,,,,,,,,1.0,1.0,1.0,1.0,0.4273624846746443,1.0,0.0,0.0,1.0,0.5710507764608264
2774,0cda637bebb7a14dc,True,,,,,,,,,,1.0,1.0,1.0,1.0,0.4646567439286367,1.0,1.0,0.0,0.0,0.582705232477699
2775,49922a7c280248e59,True,,,,,,,,,,1.0,1.0,1.0,1.0,0.567051018712315,1.0,1.0,1.0,0.0,0.7397034433475984
2776,bca57d9f8472bf1be,True,,,,,,,,,,1.0,1.0,1.0,1.0,0.7419533089675591,1.0,1.0,1.0,0.0,0.7943604090523622
2777,81742324c5b46cc6f,True,,,,,,,,,,0.0,1.0,1.0,1.0,0.7505745285463168,0.0,0.0,1.0,1.0,0.0
2778,e3a9da177d10be28d,True,,,,,,,,,,1.0,1.0,1.0,1.0,0.4224214669019465,1.0,0.0,1.0,1.0,0.6945067084068582
2779,f6f239b03260b58d8,True,,,,,,,,,,1.0,0.0,1.0,1.0,0.6651500667655873,1.0,1.0,1.0,0.0,0.0
2780,3a3ec856e77a7616a,True,,,,,,,,,,1.0,1.0,1.0,1.0,0.8115270521536366,1.0,1.0,1.0,1.0,0.9411022037980116
2781,741792e4d3c065377,True,,,,,,,,,,1.0,1.0,1.0,1.0,0.4203792089758202,1.0,1.0,1.0,0.0,0.6938685028049438
2782,6a435ef26f38889a0,True,,,,,,,,,,0.0,1.0,0.5,1.0,1.0,0.0,0.0,1.0,0.0,0.0
2783,ea22bac93bab13f69,True,,,,,,,,,,1.0,1.0,1.0,1.0,0.638676416124203,1.0,1.0,1.0,0.0,0.7620863800388135
2784,e855857341cd72c99,True,,,,,,,,,,1.0,1.0,1.0,1.0,0.8207352424016825,1.0,1.0,1.0,0.0,0.8189797632505258
2785,cfbef936343c3a937,True,,,,,,,,,,1.0,1.0,1.0,1.0,0.7407312283690044,1.0,0.0,1.0,0.0,0.6689785088653138
2786,ee232d7fae40f5bcc,True,,,,,,,,,,1.0,0.0,1.0,1.0,1.0,1.0,1.0,1.0,0.0,0.0
2787,ad467d131723f8e9e,True,,,,,,,,,,1.0,1.0,1.0,1.0,0.6120438697578825,1.0,1.0,0.0,0.0,0.6287637092993383
2788,b68edb5514fba0f3e,True,,,,,,,,,,1.0,1.0,1.0,1.0,0.1844975744348444,1.0,1.0,1.0,1.0,0.7451554920108889
2789,8df3615e729babee2,True,,,,,,,,,,1.0,1.0,1.0,1.0,1.0,1.0,1.0,1.0,0.0,0.875
2790,b594f9ffaa680c514,True,,,,,,,,,,1.0,1.0,1.0,1.0,0.3305306727415751,1.0,1.0,1.0,0.0,0.6657908352317422
2791,3f8c33cff8d582456,True,,,,,,,,,,1.0,1.0,1.0,1.0,0.1753905577696667,1.0,1.0,1.0,1.0,0.7423095493030208
2792,937a8f24b8d3c456f,True,,,,,,,,,,0.0,1.0,1.0,1.0,1.0,0.0,0.0,1.0,1.0,0.0
2793,39bdf934b35cb930d,True,,,,,,,,,,1.0,1.0,1.0,1.0,0.7350489273909494,1.0,1.0,1.0,1.0,0.9172027898096716
2794,8f3bf4b1cb4be05f8,True,,,,,,,,,,1.0,1.0,1.0,1.0,0.7784053483344748,1.0,1.0,0.0,0.0,0.6807516713545234
2795,294d19afced5a7af8,True,,,,,,,,,,1.0,1.0,1.0,1.0,0.5462457584833684,1.0,1.0,1.0,0.0,0.7332017995260527
2796,a281f0b2e0db6ac75,True,,,,,,,,,,0.0,1.0,1.0,1.0,1.0,0.0,0.0,1.0,0.0,0.0
2797,ff06d29f106ca64e4,True,,,,,,,,,,1.0,1.0,1.0,1.0,1.0,1.0,1.0,1.0,1.0,1.0
2798,8709b2e277d0597b6,True,,,,,,,,,,1.0,1.0,1.0,1.0,1.0,1.0,1.0,1.0,1.0,1.0
2799,8155746fdb7c4d3d8,True,,,,,,,,,,1.0,1.0,1.0,1.0,0.954826269110168,1.0,0.0,1.0,0.0,0.7358832090969275
2800,a14ccfc8d2eea6574,True,,,,,,,,,,1.0,1.0,1.0,1.0,0.3814800742455302,1.0,1.0,1.0,1.0,0.8067125232017283
2801,be4d95422b6b6e212,True,,,,,,,,,,1.0,1.0,1.0,1.0,0.4007821331634257,1.0,1.0,1.0,0.0,0.6877444166135706
2802,5eea9af2c6acb36ec,True,,,,,,,,,,1.0,0.0,1.0,1.0,1.0,1.0,0.0,1.0,1.0,0.0
2803,b7670ba8822752554,True,,,,,,,,,,1.0,1.0,1.0,1.0,0.9078322697610628,1.0,1.0,1.0,1.0,0.971197584300332
2804,f1e38b58130384157,True,,,,,,,,,,1.0,1.0,0.5,1.0,0.5399733926190122,1.0,0.0,1.0,1.0,0.3656208425967207
2805,6d9912bf7efcd9fa0,True,,,,,,,,,,1.0,1.0,1.0,1.0,0.1436674065895906,1.0,1.0,1.0,0.0,0.6073960645592471
2806,781cb5a7c59f1d728,True,,,,,,,,,,1.0,0.0,0.5,1.0,1.0,1.0,0.0,1.0,0.0,0.0
2807,d153031465d8e37cb,True,,,,,,,,,,1.0,1.0,1.0,1.0,0.6632690146699395,1.0,1.0,1.0,1.0,0.8947715670843561
2808,2eab4bf554ebec232,True,,,,,,,,,,1.0,1.0,1.0,1.0,0.7780845537426792,1.0,0.0,1.0,1.0,0.8056514230445873
2809,bad9757cb0a673425,True,,,,,,,,,,1.0,1.0,1.0,1.0,1.0,1.0,0.0,1.0,0.0,0.75
2810,3b8447bf8c7f49917,True,,,,,,,,,,1.0,0.0,1.0,1.0,1.0,1.0,1.0,1.0,0.0,0.0
2811,dea13a804cc9407af,True,,,,,,,,,,1.0,1.0,1.0,1.0,0.2510941073657126,1.0,1.0,1.0,0.0,0.6409669085517852
2812,969a72274e20ef86e,True,,,,,,,,,,1.0,1.0,1.0,1.0,0.3986897482761199,1.0,1.0,1.0,0.0,0.6870905463362875
2813,74112fd9ef3478d34,True,,,,,,,,,,1.0,0.0,1.0,1.0,1.0,1.0,1.0,1.0,0.0,0.0
2814,0062f66f0a168555e,True,,,,,,,,,,1.0,1.0,1.0,1.0,0.2129310591710287,1.0,0.0,1.0,0.0,0.5040409559909464
2815,12df8311d005ad619,True,,,,,,,,,,1.0,1.0,1.0,1.0,0.3782199417401826,1.0,1.0,1.0,1.0,0.8056937317938071
2816,1821758da0d84714b,True,,,,,,,,,,1.0,1.0,0.0,1.0,1.0,1.0,0.0,1.0,0.0,0.0
2817,dc91e0fc1f890f6bc,True,,,,,,,,,,1.0,1.0,0.0,1.0,0.8851534136201018,1.0,0.0,1.0,0.0,0.0
2818,21ef36d866be6b411,True,,,,,,,,,,1.0,1.0,1.0,1.0,1.0,1.0,0.0,1.0,1.0,0.875
2819,76112959f0c3cee44,True,,,,,,,,,,1.0,1.0,1.0,1.0,0.3460842577788975,1.0,1.0,1.0,1.0,0.7956513305559054
2820,2b2111da18ed8032d,True,,,,,,,,,,1.0,0.0,1.0,1.0,1.0,1.0,1.0,1.0,1.0,0.0
2821,ecd4cf358c244bf21,True,,,,,,,,,,0.5,0.0,1.0,1.0,1.0,0.0,0.0,1.0,0.0,0.0
2822,462336a687ff62978,True,,,,,,,,,,1.0,1.0,1.0,1.0,1.0,1.0,0.0,1.0,0.0,0.75
2823,9778c919f63adf7c6,True,,,,,,,,,,1.0,1.0,1.0,1.0,0.5375243131199946,1.0,1.0,1.0,0.0,0.7304763478499983
2824,8abc54b8e7a9ff3ca,True,,,,,,,,,,1.0,1.0,0.5,1.0,0.6950958969340058,1.0,0.0,1.0,1.0,0.3898587338959384
2825,808228d1cf4a9f699,True,,,,,,,,,,1.0,1.0,1.0,1.0,0.6714943404533107,1.0,1.0,1.0,1.0,0.8973419813916597
2826,3079c8b009170b052,True,,,,,,,,,,1.0,0.0,1.0,1.0,0.8889938747532646,1.0,1.0,1.0,1.0,0.0
2827,303bc627ceab22570,True,,,,,,,,,,1.0,1.0,1.0,1.0,0.5043566173297581,1.0,0.0,1.0,0.0,0.5951114429155494
2828,7a67496152fb3bdcb,True,,,,,,,,,,1.0,1.0,0.5,1.0,0.5341715064859525,1.0,0.0,1.0,1.0,0.3647142978884301
2829,e1f0dcd38a9ec2523,True,,,,,,,,,,1.0,1.0,0.0,1.0,1.0,1.0,0.0,1.0,0.0,0.0
2830,fb498b2bdc72e8f69,True,,,,,,,,,,0.0,1.0,1.0,1.0,1.0,0.0,1.0,1.0,1.0,0.0
2831,6e261442656fe6159,True,,,,,,,,,,1.0,1.0,1.0,1.0,0.4811709910713334,1.0,1.0,1.0,0.0,0.7128659347097916
2832,be29b04863547d0c1,True,,,,,,,,,,1.0,1.0,1.0,1.0,0.3991361492869397,1.0,1.0,1.0,0.0,0.6872300466521687
2833,d4b0d052629a32f79,True,,,,,,,,,,1.0,1.0,1.0,1.0,1.0,1.0,1.0,1.0,1.0,1.0
2834,970116f72225f9d8b,True,,,,,,,,,,1.0,1.0,0.5,1.0,0.71242807759969,1.0,0.0,1.0,1.0,0.3925668871249516
2835,5ca342ee0bfdecb05,True,,,,,,,,,,1.0,1.0,1.0,1.0,1.0,1.0,1.0,1.0,1.0,1.0
2836,7404698935ca6a31c,True,,,,,,,,,,1.0,1.0,0.0,1.0,1.0,1.0,0.0,1.0,1.0,0.0
2837,a8b1bc8442e0fb5b1,True,,,,,,,,,,1.0,1.0,1.0,1.0,0.6281545432901362,1.0,0.0,1.0,1.0,0.7587982947781675
2838,55c8727d5f4634051,True,,,,,,,,,,1.0,1.0,1.0,1.0,0.6213130108306811,1.0,1.0,1.0,0.0,0.7566603158845878
2839,d16bc6d48c2d674bc,True,,,,,,,,,,1.0,1.0,0.5,1.0,1.0,1.0,0.0,1.0,1.0,0.4375
2840,d86953527b4e9a76d,True,,,,,,,,,,1.0,1.0,0.0,1.0,1.0,1.0,0.0,1.0,0.0,0.0
2841,b4a96aa4d4b538e2a,True,,,,,,,,,,1.0,1.0,0.0,1.0,1.0,1.0,0.0,1.0,1.0,0.0
2842,f6807a15ef236a60e,True,,,,,,,,,,1.0,0.0,1.0,1.0,1.0,1.0,1.0,0.0,0.0,0.0
2843,96bc4ac7fb23e9119,True,,,,,,,,,,1.0,1.0,1.0,1.0,0.7417114865744914,1.0,1.0,1.0,0.0,0.7942848395545286
2844,75c869092ef8bc8ce,True,,,,,,,,,,1.0,1.0,1.0,1.0,0.4504939534293263,1.0,1.0,1.0,0.0,0.7032793604466645
2845,ac7a491ea6609fc90,True,,,,,,,,,,1.0,1.0,1.0,1.0,0.1372076238157585,1.0,1.0,1.0,0.0,0.6053773824424244
2846,246d3c9b39fae2ec7,True,,,,,,,,,,1.0,1.0,1.0,1.0,0.7010343097351251,1.0,1.0,1.0,0.0,0.7815732217922267
2847,1ce076a3d8049e0e4,True,,,,,,,,,,1.0,1.0,1.0,1.0,0.2078282892452419,1.0,0.0,1.0,0.0,0.5024463403891382
2848,b84a6cb8bfc991ad3,True,,,,,,,,,,0.0,1.0,1.0,1.0,1.0,0.0,1.0,1.0,0.0,0.0
2849,02a790e5861b97543,True,,,,,,,,,,1.0,1.0,1.0,1.0,0.1625499688890442,1.0,1.0,1.0,0.0,0.6132968652778263
2850,95c7dfd77d6f446a0,True,,,,,,,,,,1.0,1.0,1.0,1.0,0.6922423991010702,1.0,1.0,0.0,0.0,0.6538257497190845
2851,f7ae88aefcd8f251e,True,,,,,,,,,,1.0,1.0,0.5,1.0,1.0,1.0,0.0,1.0,0.0,0.375
2852,444902bbbb7e82af9,True,,,,,,,,,,1.0,1.0,1.0,1.0,0.5846651391135405,1.0,1.0,1.0,1.0,0.8702078559729813
2853,64817a4fdc07fc93a,True,,,,,,,,,,1.0,1.0,1.0,1.0,0.9333011053187116,1.0,0.0,1.0,0.0,0.7291565954120974
2854,9e1b38c16d0ece554,True,,,,,,,,,,1.0,1.0,1.0,1.0,0.5836115850134961,1.0,1.0,1.0,0.0,0.7448786203167175
2855,556d1d92f66a8344d,True,,,,,,,,,,1.0,1.0,1.0,1.0,0.9334590597259612,1.0,0.0,1.0,0.0,0.7292059561643629
2856,0e733cf0e386ffd7e,True,,,,,,,,,,1.0,0.0,1.0,1.0,1.0,1.0,1.0,1.0,1.0,0.0
2857,f5fd2bdb809b789db,True,,,,,,,,,,1.0,0.0,0.0,1.0,1.0,1.0,0.0,1.0,1.0,0.0
2858,1395f6f7af57b553b,True,,,,,,,,,,1.0,0.0,1.0,1.0,0.5966859139262206,1.0,0.0,1.0,1.0,0.0
2859,d760fd5131cb248fc,True,,,,,,,,,,1.0,1.0,1.0,1.0,0.7210096572330453,1.0,1.0,1.0,0.0,0.7878155178853267
2860,060c2eff47b49d915,True,,,,,,,,,,1.0,0.0,0.0,1.0,1.0,1.0,0.0,1.0,1.0,0.0
2861,569fb4f27fe2509f7,True,,,,,,,,,,1.0,0.0,1.0,1.0,0.3874028556538319,1.0,1.0,1.0,0.0,0.0
2862,2bac8b14908f94a2b,True,,,,,,,,,,1.0,1.0,0.5,1.0,0.5953646005380487,1.0,0.0,1.0,1.0,0.3742757188340701
2863,3df43c406e596ada4,True,,,,,,,,,,1.0,1.0,1.0,1.0,0.0,1.0,0.0,1.0,1.0,0.5625
2864,47b4f8325c08a9af6,True,,,,,,,,,,1.0,1.0,1.0,1.0,0.7508134739564455,1.0,0.0,1.0,1.0,0.7971292106113892
2865,f09090db20660a80f,True,,,,,,,,,,1.0,1.0,1.0,1.0,1.0,1.0,1.0,1.0,1.0,1.0
2866,ac16065f66685feff,True,,,,,,,,,,1.0,1.0,1.0,1.0,0.6591032724519623,1.0,1.0,1.0,0.0,0.7684697726412382
2867,646aa5cbfd5f84a9e,True,,,,,,,,,,1.0,1.0,0.5,1.0,0.7113527119973962,1.0,0.0,1.0,0.0,0.3298988612495931
2868,42542b30e0e5ff8c7,True,,,,,,,,,,1.0,1.0,1.0,1.0,0.7286269263570072,1.0,1.0,1.0,1.0,0.9151959144865648
2869,6ed7113fd3721f57b,True,,,,,,,,,,1.0,1.0,0.0,1.0,1.0,1.0,0.0,1.0,1.0,0.0
2870,f13774881108b5e55,True,,,,,,,,,,1.0,1.0,1.0,1.0,0.8539566751093475,1.0,1.0,1.0,1.0,0.9543614609716712
2871,626d07f3f8b80566b,True,,,,,,,,,,1.0,1.0,1.0,1.0,0.730963370669696,1.0,1.0,1.0,1.0,0.91592605333428
2872,d773ee01e5118e39d,True,,,,,,,,,,1.0,0.0,1.0,1.0,1.0,1.0,0.0,0.0,0.0,0.0
2873,ea986d3a0c0d7a702,True,,,,,,,,,,1.0,0.0,1.0,1.0,0.5361814990478051,1.0,1.0,1.0,0.0,0.0
2874,ee668b68ca31e7f56,True,,,,,,,,,,1.0,1.0,0.0,1.0,1.0,1.0,0.0,1.0,1.0,0.0
2875,5f6ba007265885758,True,,,,,,,,,,1.0,0.0,1.0,1.0,0.6879527205657254,1.0,0.0,1.0,1.0,0.0
2876,087f308c89d8be0ec,True,,,,,,,,,,1.0,1.0,1.0,1.0,0.1786195672671115,1.0,1.0,1.0,0.0,0.6183186147709724
2877,bf16a1467ed27acf5,True,,,,,,,,,,1.0,1.0,1.0,1.0,0.7761196934674478,1.0,1.0,1.0,0.0,0.8050374042085775
2878,5de1e274bd9229940,True,,,,,,,,,,1.0,1.0,1.0,1.0,1.0,1.0,1.0,1.0,1.0,1.0
2879,e1bcade7bd67e9b78,True,,,,,,,,,,1.0,1.0,1.0,1.0,0.9637582907132496,1.0,0.0,1.0,0.0,0.7386744658478905
2880,1b3fd5e7993de38c0,True,,,,,,,,,,1.0,1.0,1.0,1.0,0.2759978577724452,1.0,1.0,1.0,1.0,0.7737493305538892
2881,c00dec2389baa0134,True,,,,,,,,,,1.0,1.0,1.0,1.0,0.359993703581931,1.0,0.0,1.0,1.0,0.6749980323693534
2882,c72e69f316e2cb580,True,,,,,,,,,,1.0,1.0,1.0,1.0,0.3282123255549559,1.0,1.0,1.0,1.0,0.7900663517359237
2883,1909b0573a163be83,True,,,,,,,,,,1.0,1.0,1.0,1.0,0.8332710772292939,1.0,1.0,1.0,0.0,0.8228972116341544
2884,7af1b1dbb5689cb43,True,,,,,,,,,,1.0,1.0,1.0,1.0,0.3259180947546786,1.0,1.0,1.0,1.0,0.7893494046108371
2885,9559a76868f2d58b3,True,,,,,,,,,,1.0,1.0,1.0,1.0,0.541215733406398,1.0,1.0,1.0,1.0,0.8566299166894994
2886,c02f1f464e464fc07,True,,,,,,,,,,1.0,1.0,1.0,1.0,0.6117344100946568,1.0,1.0,1.0,0.0,0.7536670031545802
2887,4684692b32e909998,True,,,,,,,,,,1.0,1.0,1.0,1.0,0.4803402687586375,1.0,1.0,1.0,1.0,0.8376063339870742
2888,f455b09466a75b437,True,,,,,,,,,,0.0,1.0,1.0,1.0,1.0,0.0,1.0,1.0,1.0,0.0
2889,cf70e8986954b642f,True,,,,,,,,,,1.0,1.0,0.0,1.0,1.0,1.0,0.0,1.0,0.0,0.0
2890,9600f9f6992618229,True,,,,,,,,,,1.0,1.0,1.0,1.0,0.2280473930278717,1.0,0.0,1.0,1.0,0.6337648103212099
2891,dd091b9e715ca6370,True,,,,,,,,,,1.0,1.0,1.0,1.0,0.5801957407676275,0.0,0.0,1.0,0.0,0.3063111689898836
2892,134a68b7ad7fc9ec4,True,,,,,,,,,,1.0,1.0,1.0,1.0,0.8990342213148497,1.0,1.0,1.0,0.0,0.8434481941608905
2893,7ff35ca5444967bbf,True,,,,,,,,,,1.0,1.0,0.5,1.0,0.9189933003469642,1.0,0.0,1.0,0.0,0.3623427031792131
2894,bc8f20a64d1f52826,True,,,,,,,,,,1.0,1.0,1.0,1.0,0.360118251999642,1.0,1.0,1.0,1.0,0.8000369537498881
2895,5811614378e2be311,True,,,,,,,,,,1.0,0.0,1.0,1.0,1.0,1.0,1.0,1.0,0.0,0.0
2896,bf14f0399e0ccf645,True,,,,,,,,,,1.0,1.0,1.0,1.0,0.1450286326739965,1.0,1.0,1.0,0.0,0.6078214477106239
2897,b2ca4b63cda4a8fe2,True,,,,,,,,,,1.0,1.0,1.0,1.0,0.7410936515410966,1.0,0.0,1.0,1.0,0.7940917661065927
2898,e4a4cf72a6a92f620,True,,,,,,,,,,1.0,1.0,1.0,1.0,0.5031921963993156,1.0,0.0,0.0,1.0,0.5947475613747861
2899,d131d95c5bdd01f16,True,,,,,,,,,,1.0,1.0,1.0,1.0,0.3814273663234686,1.0,1.0,1.0,0.0,0.681696051976084
2900,16d22cc23e0b4cce8,True,,,,,,,,,,0.0,0.0,1.0,1.0,1.0,0.0,0.0,0.0,0.0,0.0
2901,13f2d7e9ace73e420,True,,,,,,,,,,0.0,1.0,1.0,1.0,1.0,0.0,0.0,1.0,1.0,0.0
2902,af6a8ab4980429b3d,True,,,,,,,,,,1.0,1.0,1.0,1.0,0.813455351203282,1.0,0.0,1.0,1.0,0.8167047972510256
2903,cdbe73e69b2aced1d,True,,,,,,,,,,1.0,1.0,1.0,1.0,0.5431595872835103,1.0,1.0,0.0,0.0,0.607237371026097
2904,041ef3b3c078e7cea,True,,,,,,,,,,0.0,1.0,1.0,1.0,0.9772784535670104,0.0,0.0,1.0,1.0,0.0
2905,52273aa3c8bd19695,True,,,,,,,,,,1.0,1.0,1.0,1.0,0.6667608102993299,1.0,1.0,1.0,0.0,0.7708627532185406
2906,b4ad9997db888e2b4,True,,,,,,,,,,1.0,1.0,1.0,1.0,0.9891280202714048,1.0,0.0,1.0,0.0,0.7466025063348141
2907,760a1b63cdc5e0565,True,,,,,,,,,,1.0,1.0,1.0,1.0,0.4813958021697228,1.0,1.0,1.0,0.0,0.7129361881780384
2908,efd390e03153a7806,True,,,,,,,,,,1.0,1.0,1.0,1.0,0.6649875822127105,1.0,1.0,1.0,1.0,0.895308619441472
2909,c5c884265f0a69c51,True,,,,,,,,,,1.0,1.0,1.0,1.0,0.6021621252404046,1.0,0.0,1.0,1.0,0.7506756641376264
2910,2328dbb272ccbb947,True,,,,,,,,,,1.0,1.0,1.0,1.0,1.0,1.0,0.0,1.0,1.0,0.875
2911,5dd439bda5bf2a988,True,,,,,,,,,,1.0,1.0,1.0,1.0,0.3549829270293285,1.0,1.0,1.0,1.0,0.7984321646966652
2912,db59121d7d601b04b,True,,,,,,,,,,1.0,1.0,1.0,1.0,0.8343342943092165,1.0,1.0,1.0,0.0,0.8232294669716301
2913,0837e02dbb891dbc9,True,,,,,,,,,,1.0,1.0,1.0,1.0,0.7571025772522942,1.0,0.0,1.0,0.0,0.674094555391342
2914,66cd8a056ef3dbdd3,True,,,,,,,,,,1.0,1.0,1.0,1.0,0.2710280490320162,1.0,1.0,1.0,1.0,0.7721962653225051
2915,cc640d20710f182c6,True,,,,,,,,,,0.0,1.0,1.0,1.0,1.0,0.0,0.0,0.0,0.0,0.0
2916,c71bdecb4c4eb5848,True,,,,,,,,,,1.0,1.0,0.5,1.0,0.4979587287048675,1.0,0.0,1.0,0.0,0.2965560513601355
2917,08616e3e14acc949b,True,,,,,,,,,,1.0,0.0,1.0,1.0,1.0,1.0,0.0,1.0,1.0,0.0
2918,cffdc69f30e1aeda2,True,,,,,,,,,,1.0,1.0,1.0,1.0,0.9000184273021058,1.0,1.0,1.0,1.0,0.968755758531908
2919,bef5978ef06f054f6,True,,,,,,,,,,1.0,1.0,1.0,1.0,0.8223591131372652,1.0,1.0,1.0,1.0,0.9444872228553952
2920,38bdb6df2119d0042,True,,,,,,,,,,1.0,1.0,1.0,1.0,0.7967618897355874,1.0,0.0,1.0,0.0,0.686488090542371
2921,a78de65bf5a2ee68b,True,,,,,,,,,,1.0,1.0,1.0,1.0,1.0,1.0,1.0,1.0,1.0,1.0
2922,d14bb6b9926bccfb5,True,,,,,,,,,,1.0,1.0,1.0,1.0,1.0,1.0,1.0,1.0,0.0,0.875
2923,a018170a118dc39bc,True,,,,,,,,,,1.0,1.0,1.0,1.0,0.4965811866036965,1.0,0.0,1.0,1.0,0.7176816208136552
2924,38c8739d0ae9e3f71,True,,,,,,,,,,1.0,0.0,1.0,1.0,0.8791362179667931,1.0,1.0,1.0,0.0,0.0
2925,cc8fe959edbcbe076,True,,,,,,,,,,1.0,1.0,1.0,1.0,1.0,1.0,0.0,1.0,0.0,0.75
2926,6bdee3f4f4da685e0,True,,,,,,,,,,1.0,1.0,1.0,1.0,0.1514204839638669,1.0,1.0,1.0,1.0,0.7348189012387084
2927,03e37daebfce2fb65,True,,,,,,,,,,1.0,1.0,1.0,1.0,0.8156391180568381,1.0,1.0,1.0,0.0,0.8173872243927619
2928,e513c494982a0c41e,True,,,,,,,,,,1.0,0.0,1.0,1.0,1.0,1.0,0.0,0.0,0.0,0.0
2929,e2d4c33530eaef8bf,True,,,,,,,,,,1.0,1.0,1.0,1.0,0.6997386908748858,1.0,0.0,1.0,0.0,0.6561683408984018
2930,37501de016a2976a7,True,,,,,,,,,,1.0,1.0,1.0,1.0,0.8836424644802713,1.0,1.0,1.0,0.0,0.8386382701500847
2931,872a49bbab0e3eadd,True,,,,,,,,,,1.0,0.0,1.0,1.0,1.0,1.0,0.0,1.0,0.0,0.0
2932,bfa4c1bdc4387e96e,True,,,,,,,,,,1.0,1.0,1.0,1.0,0.6643251563979545,1.0,0.0,1.0,1.0,0.7701016113743608
2933,90060fb4a17c1e73a,True,,,,,,,,,,1.0,1.0,0.5,1.0,1.0,1.0,0.0,1.0,0.0,0.375
2934,506d9cb85442a6577,True,,,,,,,,,,1.0,1.0,1.0,1.0,0.5689289639151792,1.0,0.0,1.0,1.0,0.7402903012234935
2935,4c74c0df8c74b80db,True,,,,,,,,,,1.0,0.0,1.0,1.0,1.0,1.0,0.0,1.0,0.0,0.0
2936,bf42260856c674066,True,,,,,,,,,,0.0,1.0,1.0,1.0,1.0,0.0,0.0,1.0,0.0,0.0
2937,152d0a2d7a121ac40,True,,,,,,,,,,1.0,1.0,1.0,1.0,0.9763793295974966,1.0,0.0,1.0,0.0,0.7426185404992177
2938,0323a93ef0ac2cb18,True,,,,,,,,,,0.0,1.0,1.0,1.0,1.0,0.0,1.0,1.0,0.0,0.0
2939,27007a0ff06d16d30,True,,,,,,,,,,1.0,1.0,1.0,1.0,1.0,1.0,1.0,1.0,0.0,0.875
2940,bf23a089fb07a1891,True,,,,,,,,,,1.0,1.0,1.0,1.0,0.7451652402118086,1.0,0.0,1.0,0.0,0.6703641375661902
2941,b6217c8c8ec53139f,True,,,,,,,,,,1.0,1.0,1.0,1.0,0.5522200610978819,1.0,1.0,1.0,1.0,0.8600687690930882
2942,c1f2006b4745c21bc,True,,,,,,,,,,1.0,0.0,1.0,1.0,0.6182222141645523,1.0,1.0,1.0,1.0,0.0
2943,0f675cf0cf0417413,True,,,,,,,,,,0.0,1.0,1.0,1.0,1.0,0.0,0.0,1.0,0.0,0.0
2944,6a0e7c7b6a5967f37,True,,,,,,,,,,1.0,1.0,1.0,1.0,0.3753090314075581,1.0,1.0,1.0,1.0,0.8047840723148619
2945,da66c0e7baeb30f35,True,,,,,,,,,,1.0,1.0,1.0,1.0,0.7515194077069116,1.0,0.0,1.0,1.0,0.79734981490841
2946,14afd0e1ef0d94d4d,True,,,,,,,,,,1.0,1.0,1.0,1.0,1.0,1.0,1.0,1.0,0.0,0.875
2947,32888a8d5ffa4cfa6,True,,,,,,,,,,1.0,1.0,1.0,0.0,1.0,1.0,1.0,1.0,0.0,0.0
2948,2c22ca80805d11abc,True,,,,,,,,,,1.0,1.0,1.0,1.0,0.8730838598206492,1.0,0.0,1.0,0.0,0.7103387061939529
2949,bc012430feac631cb,True,,,,,,,,,,1.0,1.0,1.0,1.0,0.7802591084156438,1.0,1.0,1.0,1.0,0.9313309713798889
2950,88805cefd139114f5,True,,,,,,,,,,0.0,1.0,1.0,1.0,1.0,0.0,0.0,1.0,0.0,0.0
2951,49f0f48e0fa4af03e,True,,,,,,,,,,1.0,0.0,1.0,1.0,1.0,1.0,1.0,1.0,0.0,0.0
2952,66c0ac7e945e90197,True,,,,,,,,,,1.0,1.0,0.5,1.0,0.4426807156464349,1.0,0.0,1.0,1.0,0.3504188618197554
2953,6b5b128424d5357b0,True,,,,,,,,,,1.0,1.0,1.0,1.0,0.6543587600526363,1.0,0.0,1.0,1.0,0.7669871125164488
2954,5864544991537f112,True,,,,,,,,,,1.0,0.0,1.0,1.0,0.2657088323851339,1.0,0.0,0.0,0.0,0.0
2955,d06e479e4e59a2a44,True,,,,,,,,,,1.0,0.0,1.0,1.0,1.0,1.0,0.0,1.0,0.0,0.0
2956,b7b9067126836af21,True,,,,,,,,,,0.0,1.0,1.0,1.0,1.0,0.0,1.0,1.0,0.0,0.0
2957,2676c3c7286b4756a,True,,,,,,,,,,1.0,1.0,1.0,1.0,0.3448023937380216,1.0,1.0,1.0,0.0,0.6702507480431317
2958,bd7729f8ddc18f827,True,,,,,,,,,,1.0,1.0,1.0,1.0,0.2277135239503658,1.0,0.0,1.0,1.0,0.6336604762344893
2959,a41ba68bdc9f9fb88,True,,,,,,,,,,1.0,1.0,1.0,1.0,0.428852575391825,1.0,1.0,1.0,1.0,0.8215164298099453
2960,47a79d5ba0ff53156,True,,,,,,,,,,1.0,1.0,1.0,1.0,1.0,1.0,1.0,1.0,1.0,1.0
2961,0ba1b091bdfec6628,True,,,,,,,,,,1.0,1.0,1.0,1.0,0.8541595236940757,1.0,0.0,1.0,0.0,0.7044248511543987
2962,16a84f7e077130ca6,True,,,,,,,,,,1.0,1.0,0.0,1.0,1.0,1.0,1.0,1.0,0.0,0.0
2963,80c12d47df3847b19,True,,,,,,,,,,1.0,1.0,1.0,1.0,0.2942158229295512,1.0,0.0,1.0,0.0,0.5294424446654847
2964,7e1f129d7bf7e7065,True,,,,,,,,,,1.0,1.0,1.0,1.0,0.7657669082642752,1.0,1.0,1.0,0.0,0.801802158832586
2965,69efea362deb3273e,True,,,,,,,,,,1.0,0.0,1.0,1.0,1.0,1.0,0.0,1.0,0.0,0.0
2966,e848a6d0aa53e2ec3,True,,,,,,,,,,1.0,1.0,1.0,1.0,0.8118505070819793,1.0,1.0,1.0,1.0,0.9412032834631184
2967,19762a72ff72dc0cd,True,,,,,,,,,,1.0,1.0,1.0,1.0,0.2705775509611454,1.0,1.0,1.0,0.0,0.647055484675358
2968,249520f1574eff090,True,,,,,,,,,,1.0,1.0,1.0,1.0,0.4554684561251976,1.0,1.0,1.0,1.0,0.8298338925391242
2969,25c0bd003a55fd341,True,,,,,,,,,,1.0,1.0,1.0,1.0,0.7352409876582477,1.0,1.0,1.0,0.0,0.7922628086432024
2970,d8696cab0b29dcbba,True,,,,,,,,,,1.0,1.0,0.5,1.0,1.0,1.0,0.0,1.0,0.0,0.375
2971,6546d47d2e83caab2,True,,,,,,,,,,1.0,0.0,1.0,1.0,1.0,1.0,1.0,1.0,0.0,0.0
2972,842c77c109ef3215c,True,,,,,,,,,,1.0,1.0,0.5,1.0,0.6395408706709593,1.0,0.0,1.0,0.0,0.3186782610423374
2973,712e01f3ee0e674c0,True,,,,,,,,,,1.0,0.0,1.0,1.0,1.0,1.0,0.0,1.0,0.0,0.0
2974,24474e28c524b8a8a,True,,,,,,,,,,1.0,1.0,1.0,1.0,1.0,1.0,0.0,1.0,1.0,0.875
2975,7b6a6c9c50efdcf85,True,,,,,,,,,,1.0,1.0,1.0,1.0,0.8211371798660431,1.0,1.0,1.0,1.0,0.9441053687081384
2976,fedd8a6a80f03da33,True,,,,,,,,,,1.0,1.0,1.0,1.0,0.3396138151940523,1.0,1.0,1.0,1.0,0.7936293172481413
2977,bd60a921930373e9e,True,,,,,,,,,,1.0,1.0,1.0,1.0,0.7671529399317322,0.0,1.0,1.0,0.0,0.4897352937286663
2978,4470091fffca9e391,True,,,,,,,,,,1.0,1.0,1.0,1.0,1.0,1.0,1.0,1.0,1.0,1.0
2979,6565c4983e9b3670b,True,,,,,,,,,,1.0,1.0,1.0,1.0,0.5352732361920138,1.0,0.0,1.0,1.0,0.7297728863100044
2980,b64ff461b41b49e3c,True,,,,,,,,,,1.0,1.0,0.5,1.0,0.4038198821625717,1.0,0.0,1.0,0.0,0.2818468565879018
2981,f3886ebf44a7423f1,True,,,,,,,,,,1.0,1.0,0.5,1.0,1.0,1.0,0.0,1.0,1.0,0.4375
2982,9fad04b9636cbc059,True,,,,,,,,,,1.0,1.0,1.0,1.0,0.5317241739196146,1.0,0.0,1.0,1.0,0.7286638043498795
2983,d790b694cb899e145,True,,,,,,,,,,1.0,1.0,1.0,1.0,0.6896787396542765,1.0,1.0,1.0,1.0,0.9030246061419612
2984,77db839a0d3b1d5fe,True,,,,,,,,,,1.0,1.0,1.0,1.0,0.8972909073135614,1.0,1.0,1.0,1.0,0.967903408535488
2985,144eb49ce2929f8ea,True,,,,,,,,,,1.0,1.0,1.0,1.0,1.0,1.0,1.0,1.0,1.0,1.0
2986,cb9eb4dbe16a93d2e,True,,,,,,,,,,1.0,1.0,1.0,1.0,0.1351217129964506,1.0,1.0,1.0,1.0,0.7297255353113908
2987,dbc538d7bed435cad,True,,,,,,,,,,1.0,1.0,1.0,1.0,1.0,1.0,1.0,1.0,0.0,0.875
2988,b291af47ff3b66426,True,,,,,,,,,,1.0,1.0,1.0,1.0,0.6977298976017786,1.0,1.0,1.0,0.0,0.7805405930005558
2989,384e8594099b2b5f2,True,,,,,,,,,,1.0,1.0,1.0,1.0,0.6536959474020609,1.0,0.0,1.0,0.0,0.641779983563144
2990,948ee6f4ce68f4290,True,,,,,,,,,,1.0,1.0,1.0,1.0,0.1956903106950449,1.0,1.0,1.0,0.0,0.6236532220922015
2991,67ceda29f620bb598,True,,,,,,,,,,1.0,1.0,1.0,1.0,1.0,1.0,1.0,1.0,0.0,0.875
2992,92a6f3f0e526faa65,True,,,,,,,,,,1.0,1.0,1.0,1.0,0.5694676422735264,1.0,0.0,1.0,0.0,0.615458638210477
2993,121c56067fcf173ae,True,,,,,,,,,,1.0,1.0,1.0,1.0,0.6400307257899998,1.0,1.0,1.0,0.0,0.7625096018093749
2994,01529344a0b068d88,True,,,,,,,,,,1.0,1.0,1.0,1.0,0.4112814003540829,1.0,1.0,1.0,1.0,0.8160254376106509
2995,5c51092bca4c55b7d,True,,,,,,,,,,1.0,1.0,1.0,1.0,0.4346184900176869,1.0,1.0,1.0,1.0,0.8233182781305272
2996,5717542c5f1f77274,True,,,,,,,,,,0.0,1.0,1.0,1.0,1.0,0.0,1.0,1.0,0.0,0.0
2997,7bcbb548162ed8dbb,True,,,,,,,,,,1.0,1.0,1.0,1.0,0.703696779858317,1.0,1.0,1.0,1.0,0.907405243705724
2998,478ebd3b3ddcd9ccd,True,,,,,,,,,,1.0,1.0,1.0,1.0,0.4996167662881806,1.0,0.0,1.0,0.0,0.5936302394650564
2999,705844c20fec39ce6,True,,,,,,,,,,1.0,1.0,1.0,1.0,0.4944098022324406,1.0,0.0,1.0,0.0,0.5920030631976376
3000,2add74aa82c54303c,True,,,,,,,,,,1.0,1.0,1.0,1.0,0.2916980381291469,1.0,1.0,1.0,0.0,0.6536556369153584
3001,9823414897079697b,True,,,,,,,,,,1.0,1.0,1.0,1.0,0.6726707056184336,1.0,0.0,1.0,1.0,0.7727095955057605
3002,d6e3a8fc354d62753,True,,,,,,,,,,0.0,1.0,1.0,1.0,1.0,0.0,0.0,1.0,0.0,0.0
3003,9529e21b44cd57c29,True,,,,,,,,,,1.0,1.0,1.0,1.0,0.5640917446171534,1.0,1.0,0.0,0.0,0.6137786701928605
3004,b101c591a23f8d8d9,True,,,,,,,,,,1.0,0.0,1.0,1.0,1.0,1.0,0.0,1.0,0.0,0.0
3005,e4c493d897f14300a,True,,,,,,,,,,1.0,0.0,1.0,1.0,0.1796608188524885,1.0,0.0,0.0,0.0,0.0
3006,d783a4e289c7f6c20,True,,,,,,,,,,1.0,1.0,1.0,1.0,0.6800999307344701,1.0,0.0,1.0,0.0,0.6500312283545219
3007,5744b52773894c061,True,,,,,,,,,,1.0,1.0,1.0,1.0,0.684493711315499,1.0,0.0,1.0,1.0,0.7764042847860935
3008,1b62d4e2468940ddb,True,,,,,,,,,,0.0,1.0,0.5,1.0,1.0,0.0,0.0,1.0,1.0,0.0
3009,78d4cffc4aa085aab,True,,,,,,,,,,1.0,1.0,1.0,1.0,0.9280030175586438,1.0,1.0,1.0,0.0,0.8525009429870762
3010,b65f9c34340591fdf,True,,,,,,,,,,1.0,1.0,1.0,1.0,0.175602728913833,1.0,0.0,1.0,0.0,0.4923758527855728
3011,c00676be121eaac31,True,,,,,,,,,,1.0,1.0,1.0,1.0,1.0,1.0,1.0,1.0,1.0,1.0
3012,99775d29ec2361de1,True,,,,,,,,,,1.0,0.0,1.0,1.0,0.4083210865756254,1.0,1.0,1.0,1.0,0.0
3013,ac022e7e85876da0a,True,,,,,,,,,,1.0,1.0,1.0,1.0,0.6473191737660203,1.0,1.0,1.0,0.0,0.7647872418018813
3014,74fbb7c806207e386,True,,,,,,,,,,1.0,1.0,1.0,1.0,0.5604407189355711,1.0,1.0,1.0,0.0,0.737637724667366
3015,f4eac938a68f3b495,True,,,,,,,,,,1.0,1.0,1.0,1.0,0.6009626735493958,1.0,1.0,1.0,0.0,0.7503008354841862
3016,dd5013a89e336b685,True,,,,,,,,,,1.0,0.0,1.0,1.0,1.0,1.0,1.0,1.0,0.0,0.0
3017,afcd4a859a99df309,True,,,,,,,,,,1.0,1.0,1.0,1.0,0.961628953900948,1.0,1.0,1.0,0.0,0.8630090480940462
3018,5c17574f067aa995c,True,,,,,,,,,,1.0,1.0,1.0,1.0,1.0,1.0,1.0,1.0,1.0,1.0
3019,e02f0131e55e31509,True,,,,,,,,,,1.0,1.0,1.0,1.0,0.3799776687329729,1.0,1.0,1.0,0.0,0.681243021479054
3020,0d2f41b0b8ec0376a,True,,,,,,,,,,1.0,1.0,1.0,1.0,0.7057729780091699,1.0,0.0,1.0,1.0,0.7830540556278656
3021,f3ce063b49364f5ba,True,,,,,,,,,,1.0,1.0,1.0,1.0,0.8546212945066776,1.0,1.0,1.0,0.0,0.8295691545333368
3022,9b164e112834437ea,True,,,,,,,,,,1.0,1.0,1.0,1.0,0.4869600042461248,1.0,1.0,1.0,1.0,0.8396750013269141
3023,72596b62f23cfe8b5,True,,,,,,,,,,1.0,1.0,1.0,1.0,0.9438113835364972,1.0,1.0,1.0,0.0,0.8574410573551554
3024,518126dc1af446798,True,,,,,,,,,,1.0,1.0,1.0,1.0,0.6612399587148876,1.0,0.0,1.0,1.0,0.7691374870984024
3025,02a940e77418c19bc,True,,,,,,,,,,1.0,1.0,1.0,1.0,0.8890220238684368,1.0,1.0,1.0,0.0,0.8403193824588865
3026,fff9b31e14a7c9885,True,,,,,,,,,,1.0,1.0,1.0,1.0,0.8793634692187571,1.0,1.0,1.0,0.0,0.8373010841308616
3027,7e160b5ef1f82a420,True,,,,,,,,,,1.0,1.0,1.0,1.0,0.4296768990297517,1.0,0.0,1.0,0.0,0.5717740309467975
3028,24552af895f24c7c8,True,,,,,,,,,,1.0,1.0,1.0,1.0,0.7613877636201591,1.0,1.0,1.0,1.0,0.9254336761312998
3029,45cfb7971f2d2c984,True,,,,,,,,,,1.0,1.0,1.0,1.0,0.7329168037914208,1.0,0.0,1.0,1.0,0.791536501184819
3030,e52b7d36af99f123d,True,,,,,,,,,,1.0,1.0,1.0,1.0,0.8106012355723252,1.0,1.0,1.0,0.0,0.8158128861163516
3031,c217a9de321bd6af3,True,,,,,,,,,,1.0,1.0,1.0,1.0,0.9937592103744972,1.0,0.0,0.0,0.0,0.6230497532420303
3032,9a6ec5011d04fc0c9,True,,,,,,,,,,1.0,1.0,1.0,1.0,0.7191022821392524,1.0,1.0,1.0,0.0,0.7872194631685163
3033,0e655768a5fd9c8ad,True,,,,,,,,,,1.0,1.0,0.5,1.0,1.0,1.0,0.0,1.0,0.0,0.375
3034,165e39945068ad586,True,,,,,,,,,,1.0,1.0,1.0,1.0,0.8711980965013786,1.0,1.0,1.0,1.0,0.9597494051566808
3035,5d5f36ba279588ae3,True,,,,,,,,,,1.0,0.0,1.0,1.0,1.0,1.0,0.0,1.0,0.0,0.0
3036,36c1bdf64ea8ffbe0,True,,,,,,,,,,1.0,1.0,1.0,1.0,1.0,1.0,0.0,1.0,1.0,0.875
3037,39dac9068ac428048,True,,,,,,,,,,1.0,1.0,1.0,1.0,0.7854376270958894,1.0,0.0,1.0,1.0,0.8079492584674655
3038,2c9bdc85f913f14f3,True,,,,,,,,,,1.0,1.0,1.0,1.0,0.5681671680474801,1.0,1.0,1.0,0.0,0.7400522400148375
3039,941e498bd0dfbd991,True,,,,,,,,,,1.0,1.0,1.0,1.0,1.0,1.0,0.0,1.0,0.0,0.75
3040,7d4dd35efebf5aa8f,True,,,,,,,,,,1.0,1.0,1.0,1.0,0.9807492701096624,1.0,0.0,1.0,0.0,0.7439841469092695
3041,517aaa2753027db17,True,,,,,,,,,,1.0,1.0,1.0,1.0,0.5384697433467753,1.0,0.0,1.0,0.0,0.6057717947958673
3042,ef43f59a6f819d9a6,True,,,,,,,,,,1.0,1.0,1.0,1.0,0.3121480312848478,1.0,1.0,1.0,0.0,0.660046259776515
3043,3f501988e5d39bd03,True,,,,,,,,,,1.0,1.0,0.5,1.0,0.4977326722274815,1.0,0.0,1.0,0.0,0.296520730035544
3044,754d33f5c0419048c,True,,,,,,,,,,1.0,1.0,1.0,1.0,0.1066660938302652,1.0,1.0,1.0,1.0,0.7208331543219579
3045,47bbf73e6941376ea,True,,,,,,,,,,1.0,1.0,1.0,1.0,0.7726213701577143,1.0,1.0,1.0,0.0,0.8039441781742858
3046,976f2d716419166ba,True,,,,,,,,,,1.0,1.0,1.0,1.0,0.8322188962439578,1.0,0.0,0.0,0.0,0.5725684050762369
3047,5b1f4f799723ae119,True,,,,,,,,,,1.0,1.0,1.0,1.0,0.9587409729985938,1.0,0.0,1.0,1.0,0.8621065540620606
3048,22e34699b1bc71621,True,,,,,,,,,,1.0,1.0,1.0,1.0,0.9926253211975766,1.0,1.0,1.0,1.0,0.9976954128742428
3049,2e6e31a67e672d4a5,True,,,,,,,,,,0.0,1.0,1.0,1.0,1.0,0.0,0.0,1.0,0.0,0.0
3050,f50ba88f5b3fedfcd,True,,,,,,,,,,1.0,1.0,1.0,1.0,0.4503065408797571,1.0,0.0,1.0,0.0,0.5782207940249241
3051,0a5f73f132223809d,True,,,,,,,,,,1.0,1.0,1.0,1.0,0.9630943975640908,1.0,0.0,1.0,0.0,0.7384669992387783
3052,b0fd56183680b68ae,True,,,,,,,,,,1.0,1.0,1.0,1.0,0.4668502733712802,1.0,0.0,0.0,0.0,0.4583907104285251
3053,ac0f0df8d058130c5,True,,,,,,,,,,1.0,0.0,1.0,1.0,1.0,1.0,1.0,1.0,1.0,0.0
3054,5421fa2f2e2b4cb13,True,,,,,,,,,,1.0,1.0,1.0,1.0,0.9309051319461132,1.0,0.0,1.0,1.0,0.8534078537331604
3055,07c7971b452106335,True,,,,,,,,,,1.0,1.0,1.0,1.0,0.4235778179512325,1.0,1.0,1.0,1.0,0.8198680681097601
3056,f4fc402c592a5d4a2,True,,,,,,,,,,1.0,1.0,0.0,1.0,0.6835370925279755,1.0,1.0,1.0,0.0,0.0
3057,fa938137662435c29,True,,,,,,,,,,1.0,1.0,1.0,1.0,0.4924014365529912,1.0,1.0,1.0,0.0,0.7163754489228098
3058,7db6e4bbd119fd8c7,True,,,,,,,,,,1.0,0.0,1.0,1.0,0.7570987893261715,1.0,0.0,1.0,0.0,0.0
3059,9c7d353e930a79a97,True,,,,,,,,,,1.0,1.0,0.5,1.0,0.7102874413457236,1.0,0.0,1.0,1.0,0.3922324127102693
3060,ad352a19a340fd99b,True,,,,,,,,,,1.0,0.0,1.0,1.0,1.0,1.0,0.0,1.0,1.0,0.0
3061,717d5edb3fb1f4726,True,,,,,,,,,,1.0,1.0,1.0,1.0,0.8073600309163406,1.0,0.0,1.0,0.0,0.6898000096613564
3062,38c6024c468e96db8,True,,,,,,,,,,1.0,1.0,1.0,1.0,0.5231208148399263,1.0,0.0,1.0,1.0,0.7259752546374769
3063,87e87ae4d5581f967,True,,,,,,,,,,1.0,1.0,1.0,1.0,0.5451390266084144,1.0,0.0,1.0,1.0,0.7328559458151295
3064,b06abb0b6477b1473,True,,,,,,,,,,1.0,0.0,1.0,1.0,1.0,1.0,1.0,1.0,1.0,0.0
3065,c021ad43ee2e51dd3,True,,,,,,,,,,1.0,1.0,1.0,1.0,0.903848331997256,1.0,1.0,1.0,0.0,0.8449526037491426
3066,d3b5a3486c40ea561,True,,,,,,,,,,1.0,1.0,1.0,1.0,0.2667665753905033,1.0,1.0,1.0,0.0,0.6458645548095323
3067,3b55569be269255c2,True,,,,,,,,,,1.0,1.0,1.0,1.0,0.7553681575245151,1.0,0.0,0.0,0.0,0.548552549226411
3068,7d8867cd2c80b0fd8,True,,,,,,,,,,1.0,1.0,1.0,1.0,0.6933192685565971,1.0,1.0,1.0,0.0,0.7791622714239366
3069,1562459800e0a5ba5,True,,,,,,,,,,1.0,1.0,1.0,1.0,0.5616443815068344,1.0,1.0,1.0,0.0,0.7380138692208857
3070,43e9554b328e8aa7f,True,,,,,,,,,,1.0,1.0,1.0,1.0,0.7151977731785243,1.0,0.0,1.0,1.0,0.7859993041182889
3071,e6d6645a3d41d9627,True,,,,,,,,,,1.0,1.0,1.0,1.0,1.0,1.0,1.0,1.0,0.0,0.875
3072,50da2cb15a6c805e6,True,,,,,,,,,,0.0,1.0,1.0,1.0,1.0,0.0,0.0,1.0,1.0,0.0
3073,c6d9117f5b5eb2902,True,,,,,,,,,,1.0,1.0,1.0,1.0,0.6762029501782196,1.0,1.0,1.0,0.0,0.7738134219306936
3074,36316a03f12a8e7f4,True,,,,,,,,,,1.0,0.0,1.0,1.0,1.0,1.0,1.0,0.0,0.0,0.0
3075,7712653347183e698,True,,,,,,,,,,1.0,1.0,1.0,1.0,0.6779488041691558,1.0,0.0,1.0,0.0,0.6493590013028612
3076,c9eccd69e416f78ae,True,,,,,,,,,,1.0,1.0,1.0,1.0,0.5878756976118936,0.0,0.0,1.0,0.0,0.3087111555037167
3077,a2d247bf6cbf13f7c,True,,,,,,,,,,0.0,1.0,1.0,1.0,1.0,0.0,0.0,1.0,0.0,0.0
3078,0a74d996f43c7783c,True,,,,,,,,,,1.0,1.0,1.0,1.0,1.0,1.0,1.0,1.0,1.0,1.0
3079,3be7098579628f9d1,True,,,,,,,,,,0.0,1.0,1.0,1.0,1.0,0.0,1.0,1.0,1.0,0.0
3080,0fd638d4d67935416,True,,,,,,,,,,0.0,1.0,1.0,0.0,1.0,0.0,0.0,0.0,0.0,0.0
3081,1009569404037413a,True,,,,,,,,,,1.0,1.0,1.0,1.0,0.5350027316276258,1.0,1.0,1.0,1.0,0.854688353633633
3082,ab3eab42ac8debb31,True,,,,,,,,,,1.0,1.0,1.0,1.0,0.8740516217770956,1.0,1.0,1.0,1.0,0.9606411318053424
3083,c38b7f486c2411a81,True,,,,,,,,,,0.0,1.0,1.0,1.0,1.0,0.0,0.0,1.0,1.0,0.0
3084,10591acdd773264c9,True,,,,,,,,,,1.0,1.0,1.0,1.0,1.0,1.0,1.0,1.0,1.0,1.0
3085,5808626bda0a920a5,True,,,,,,,,,,1.0,1.0,1.0,1.0,0.7605420839434663,1.0,0.0,1.0,1.0,0.8001694012323333
3086,71311b352b3aa16e3,True,,,,,,,,,,1.0,1.0,1.0,1.0,0.0978352780568682,1.0,1.0,1.0,1.0,0.7180735243927714
3087,c30bd4dc602d95119,True,,,,,,,,,,1.0,1.0,1.0,1.0,0.5709795160123352,1.0,0.0,1.0,1.0,0.7409310987538548
3088,6c0f20461b27e36fb,True,,,,,,,,,,1.0,1.0,1.0,1.0,0.7184743157255955,1.0,0.0,1.0,0.0,0.6620232236642486
3089,1d5df5d9b3e4a5b4e,True,,,,,,,,,,1.0,1.0,1.0,1.0,0.8227970412307626,1.0,1.0,1.0,1.0,0.9446240753846132
3090,1e3da3a342a445433,True,,,,,,,,,,1.0,1.0,1.0,1.0,0.6307344735071625,1.0,0.0,1.0,0.0,0.6346045229709882
3091,21c67a61bb969877f,True,,,,,,,,,,1.0,1.0,1.0,1.0,1.0,1.0,0.0,1.0,1.0,0.875
3092,ace512518cdd33ce6,True,,,,,,,,,,1.0,0.0,1.0,1.0,1.0,1.0,1.0,1.0,0.0,0.0
3093,b896aed2b2d4e576b,True,,,,,,,,,,1.0,0.0,1.0,1.0,0.7082063871736819,1.0,1.0,0.0,0.0,0.0
3094,f8e644eaae7fc78c5,True,,,,,,,,,,1.0,1.0,1.0,1.0,1.0,1.0,0.0,1.0,0.0,0.75
3095,48cab8078b80242a1,True,,,,,,,,,,1.0,1.0,1.0,1.0,0.8348858726648051,1.0,1.0,1.0,0.0,0.8234018352077516
3096,76a0cb9becd094e36,True,,,,,,,,,,1.0,1.0,0.5,1.0,0.8249975119453156,1.0,1.0,1.0,0.0,0.4101558612414555
3097,c48fe378c45229ffa,True,,,,,,,,,,1.0,1.0,1.0,1.0,0.9922913531370132,1.0,1.0,0.0,0.0,0.7475910478553167
3098,63b1d16ef6fc7e410,True,,,,,,,,,,1.0,1.0,1.0,1.0,0.2181310113278609,1.0,1.0,1.0,0.0,0.6306659410399565
3099,75bc6c0b77408dcd2,True,,,,,,,,,,1.0,1.0,1.0,1.0,1.0,1.0,1.0,1.0,1.0,1.0
3100,cdcb9b51f99934711,True,,,,,,,,,,1.0,1.0,1.0,1.0,0.3491543582059463,1.0,1.0,1.0,1.0,0.7966107369393582
3101,cf6ea1483f38bad12,True,,,,,,,,,,1.0,1.0,1.0,1.0,0.5897342200956641,1.0,0.0,1.0,1.0,0.7467919437798951
3102,f6eaaf2106ca53ffa,True,,,,,,,,,,1.0,1.0,1.0,1.0,0.4612513905749398,1.0,1.0,1.0,0.0,0.7066410595546687
3103,597d6626cc9f6cdbd,True,,,,,,,,,,1.0,1.0,1.0,1.0,0.7873834462859475,1.0,0.0,1.0,1.0,0.8085573269643586
3104,9a7779cf31f38e961,True,,,,,,,,,,1.0,1.0,1.0,1.0,0.5504478245178608,1.0,1.0,1.0,0.0,0.7345149451618315
3105,a1467b53499fa05f6,True,,,,,,,,,,1.0,0.0,1.0,1.0,1.0,1.0,0.0,1.0,0.0,0.0
3106,ae177687d99242cad,True,,,,,,,,,,1.0,1.0,1.0,1.0,0.5649494811331109,0.0,0.0,1.0,0.0,0.3015467128540972
3107,f9533c6195790b299,True,,,,,,,,,,0.0,1.0,1.0,1.0,1.0,0.0,0.0,0.0,0.0,0.0
3108,4ed26e14929f14eb4,True,,,,,,,,,,1.0,1.0,1.0,1.0,0.617621078961646,1.0,0.0,1.0,0.0,0.6305065871755143
3109,0950505e558866cf8,True,,,,,,,,,,1.0,1.0,1.0,1.0,0.6962449427788192,1.0,0.0,1.0,0.0,0.655076544618381
3110,779362891364950a1,True,,,,,,,,,,1.0,1.0,1.0,1.0,0.5652369047721405,1.0,0.0,1.0,1.0,0.7391365327412939
3111,a7ac5526d9ab827a7,True,,,,,,,,,,1.0,1.0,1.0,1.0,1.0,1.0,1.0,1.0,1.0,1.0
3112,53435e78f75ede28c,True,,,,,,,,,,1.0,1.0,1.0,1.0,0.3425620969193306,1.0,1.0,1.0,0.0,0.6695506552872909
3113,07675a8f705892e3b,True,,,,,,,,,,1.0,1.0,1.0,1.0,0.7741132195816572,1.0,1.0,1.0,1.0,0.929410381119268
3114,3ed84fc02c7624898,True,,,,,,,,,,1.0,1.0,1.0,1.0,0.5469358360981085,1.0,1.0,1.0,1.0,0.8584174487806588
3115,a67e740ebc3efc17e,True,,,,,,,,,,1.0,1.0,1.0,1.0,1.0,1.0,0.0,1.0,1.0,0.875
3116,da3afbb4ab75483b4,True,,,,,,,,,,1.0,0.0,0.5,1.0,0.9590142839872622,0.0,0.0,1.0,0.0,0.0
3117,f5a896e060751799d,True,,,,,,,,,,0.0,1.0,1.0,1.0,1.0,0.0,1.0,1.0,0.0,0.0
3118,e1cc25220fa30adcd,True,,,,,,,,,,1.0,1.0,1.0,1.0,1.0,1.0,0.0,1.0,0.0,0.75
3119,99f4cdc8eeabc0426,True,,,,,,,,,,1.0,0.0,1.0,1.0,1.0,1.0,0.0,1.0,0.0,0.0
3120,c2e48998f58fcf229,True,,,,,,,,,,1.0,1.0,1.0,1.0,0.3312014069699751,1.0,1.0,1.0,1.0,0.7910004396781172
3121,329e52d1e0ada86f6,True,,,,,,,,,,1.0,1.0,1.0,1.0,0.6261978816229749,1.0,1.0,1.0,0.0,0.7581868380071797
3122,0aef5f06bc06b4b67,True,,,,,,,,,,1.0,0.0,1.0,1.0,1.0,1.0,1.0,1.0,1.0,0.0
3123,eb6579d91982e38e5,True,,,,,,,,,,1.0,0.0,1.0,1.0,0.649724373244945,1.0,1.0,1.0,0.0,0.0
3124,1bf7eb4037d08171a,True,,,,,,,,,,1.0,1.0,1.0,1.0,0.7584729847476445,1.0,1.0,0.0,0.0,0.6745228077336389
3125,52e9709be4289e9ff,True,,,,,,,,,,1.0,1.0,1.0,1.0,0.7034024006448206,1.0,0.0,1.0,1.0,0.7823132502015064
3126,1f06c169ad7123eab,True,,,,,,,,,,1.0,1.0,1.0,1.0,1.0,1.0,0.0,1.0,1.0,0.875
3127,7e5bed686151e791e,True,,,,,,,,,,1.0,1.0,1.0,1.0,0.9438113835364972,1.0,1.0,1.0,0.0,0.8574410573551554
3128,f785ce4a119cc22a1,True,,,,,,,,,,0.5,1.0,1.0,1.0,1.0,0.0,0.0,1.0,1.0,0.28125
3129,b77f2183b554e6641,True,,,,,,,,,,1.0,1.0,1.0,1.0,0.4604880908760501,1.0,1.0,1.0,0.0,0.7064025283987656
3130,23c9faa5c2360ed1f,True,,,,,,,,,,1.0,1.0,1.0,1.0,0.4116156763862859,1.0,1.0,1.0,0.0,0.6911298988707143
3131,fd2d0d2c37b2df3a5,True,,,,,,,,,,1.0,1.0,1.0,1.0,1.0,1.0,0.0,1.0,1.0,0.875
3132,b141bcb6ae7025055,True,,,,,,,,,,1.0,1.0,1.0,1.0,1.0,1.0,1.0,1.0,0.0,0.875
3133,693313e8d44aa5fd8,True,,,,,,,,,,1.0,1.0,1.0,1.0,0.5309453115817805,1.0,1.0,1.0,1.0,0.8534204098693063
3134,1d0587c2228e349ac,True,,,,,,,,,,1.0,1.0,1.0,1.0,0.3895762494498981,1.0,1.0,1.0,0.0,0.6842425779530932
3135,f24caea64b35ec9e9,True,,,,,,,,,,1.0,1.0,1.0,1.0,0.8364360712388358,1.0,1.0,1.0,0.0,0.8238862722621362
3136,1c6327dd6c33a1c36,True,,,,,,,,,,1.0,1.0,1.0,1.0,0.3824874178339163,1.0,1.0,1.0,0.0,0.6820273180730989
3137,69c099199ed066a94,True,,,,,,,,,,1.0,1.0,1.0,1.0,0.8520085157307438,1.0,0.0,1.0,1.0,0.8287526611658574
3138,583e0fd0c7d71cae0,True,,,,,,,,,,1.0,1.0,1.0,1.0,0.8246773359650307,1.0,0.0,1.0,1.0,0.820211667489072
3139,0584fafb0cb401aaf,True,,,,,,,,,,1.0,1.0,1.0,1.0,0.7084969861131645,1.0,1.0,1.0,0.0,0.783905308160364
3140,50268da879011f241,True,,,,,,,,,,1.0,0.0,1.0,1.0,1.0,1.0,1.0,1.0,0.0,0.0
3141,9c40a73dcfa534ce7,True,,,,,,,,,,1.0,1.0,1.0,1.0,0.7790521263151619,1.0,1.0,1.0,0.0,0.8059537894734881
3142,1e0bfb2c4139f0062,True,,,,,,,,,,1.0,1.0,1.0,1.0,1.0,1.0,0.0,1.0,1.0,0.875
3143,85102a1c7b55bc154,True,,,,,,,,,,1.0,0.0,1.0,1.0,0.3515013352787753,1.0,1.0,1.0,1.0,0.0
3144,de6d8849e57d7258f,True,,,,,,,,,,1.0,1.0,1.0,1.0,0.7332682786530633,1.0,0.0,1.0,1.0,0.7916463370790823
3145,82b54bb048c67baba,True,,,,,,,,,,1.0,1.0,1.0,1.0,0.3680912192205695,1.0,0.0,1.0,1.0,0.677528506006428
3146,7338fea39e2bae90e,True,,,,,,,,,,1.0,1.0,1.0,1.0,0.5252016209050172,1.0,0.0,1.0,1.0,0.7266255065328179
3147,a4e79fc70ac65c883,True,,,,,,,,,,1.0,1.0,1.0,1.0,0.677455086513357,1.0,0.0,1.0,1.0,0.774204714535424
3148,a17ae323ec016c413,True,,,,,,,,,,1.0,1.0,1.0,1.0,0.1654038049368719,1.0,0.0,1.0,0.0,0.4891886890427725
3149,9e6b3a8efae9904aa,True,,,,,,,,,,1.0,1.0,1.0,1.0,0.3144170203778009,1.0,1.0,1.0,0.0,0.6607553188680628
3150,cad1816ad074ec87f,True,,,,,,,,,,1.0,1.0,1.0,1.0,0.3900847029005458,1.0,1.0,1.0,0.0,0.6844014696564206
3151,4aaea4c50ce77a4de,True,,,,,,,,,,0.5,0.0,1.0,1.0,1.0,0.0,1.0,0.0,0.0,0.0
3152,fb83d9aa77ed50be0,True,,,,,,,,,,1.0,1.0,1.0,1.0,1.0,1.0,1.0,1.0,1.0,1.0
3153,524162acddc61c61a,True,,,,,,,,,,1.0,0.0,1.0,1.0,1.0,0.0,1.0,1.0,0.0,0.0
3154,665d1799755e51e9a,True,,,,,,,,,,1.0,1.0,1.0,1.0,0.8583736859718851,1.0,0.0,1.0,1.0,0.8307417768662141
3155,bad2ff79565afa1d2,True,,,,,,,,,,1.0,1.0,1.0,1.0,0.3931649956042706,1.0,0.0,1.0,1.0,0.6853640611263345
3156,e85a39742e3e7ef00,True,,,,,,,,,,1.0,0.0,0.0,1.0,1.0,1.0,0.0,1.0,0.0,0.0
3157,ba6dae21cadca949f,True,,,,,,,,,,1.0,1.0,1.0,1.0,0.859625715428693,1.0,1.0,1.0,0.0,0.8311330360714666
3158,e9a53fb1b01539d71,True,,,,,,,,,,1.0,1.0,1.0,1.0,0.6426427634959152,1.0,0.0,1.0,1.0,0.7633258635924736
3159,d7db484a0d7198ab9,True,,,,,,,,,,1.0,1.0,1.0,1.0,1.0,1.0,0.0,1.0,0.0,0.75
3160,226e200de1c94187e,True,,,,,,,,,,1.0,1.0,0.5,1.0,1.0,1.0,0.0,1.0,1.0,0.4375
3161,5e4e80a50729b531a,True,,,,,,,,,,1.0,1.0,1.0,1.0,0.6444032553037123,1.0,1.0,1.0,0.0,0.7638760172824102
3162,e0a8201279694e092,True,,,,,,,,,,0.0,1.0,1.0,1.0,1.0,0.0,1.0,1.0,1.0,0.0
3163,6b0615242bd92eaed,True,,,,,,,,,,1.0,1.0,1.0,1.0,1.0,1.0,1.0,1.0,0.0,0.875
3164,fafc51e87167a3031,True,,,,,,,,,,1.0,1.0,1.0,1.0,0.8907172425246022,1.0,1.0,1.0,0.0,0.8408491382889381
3165,5065468cd60f1bc00,True,,,,,,,,,,1.0,1.0,1.0,1.0,0.7113694821087275,1.0,1.0,1.0,1.0,0.9098029631589774
3166,1e15000d249448d21,True,,,,,,,,,,0.0,1.0,1.0,1.0,1.0,0.0,1.0,1.0,0.0,0.0
3167,8bd9cc5482864e291,True,,,,,,,,,,1.0,0.0,0.0,1.0,1.0,1.0,0.0,0.0,0.0,0.0
3168,1c036c9aff4d0cf31,True,,,,,,,,,,1.0,1.0,1.0,1.0,0.6663270996030889,1.0,1.0,1.0,0.0,0.7707272186259653
3169,97f0dfb7f9039bcb2,True,,,,,,,,,,0.0,1.0,1.0,1.0,1.0,0.0,0.0,1.0,0.0,0.0
3170,234b7c4138a9802b3,True,,,,,,,,,,1.0,1.0,1.0,1.0,0.5850827631598379,1.0,0.0,1.0,0.0,0.6203383634874493
3171,7a1e5853909a335df,True,,,,,,,,,,1.0,1.0,0.5,1.0,0.7761208291244903,1.0,0.0,1.0,1.0,0.4025188795507016
3172,d039fdc59dc6803bb,True,,,,,,,,,,1.0,1.0,1.0,1.0,0.3336370833551661,1.0,1.0,1.0,1.0,0.7917615885484894
3173,2611c3a201b36f3af,True,,,,,,,,,,1.0,1.0,1.0,1.0,0.8278615297430918,1.0,1.0,1.0,1.0,0.9462067280447162
3174,14a818e9a0e3772dd,True,,,,,,,,,,1.0,1.0,0.0,1.0,0.931750302596318,1.0,0.0,1.0,1.0,0.0
3175,075c6629f363025a1,True,,,,,,,,,,1.0,1.0,1.0,1.0,0.7826704092962599,1.0,1.0,1.0,1.0,0.9320845029050812
3176,de4d565d2295bfce9,True,,,,,,,,,,1.0,1.0,0.5,1.0,1.0,1.0,0.0,1.0,1.0,0.4375
3177,10446a2ec2be065e7,True,,,,,,,,,,1.0,1.0,1.0,1.0,0.9390689235585268,1.0,1.0,1.0,1.0,0.9809590386120396
3178,01123cb3db29c9287,True,,,,,,,,,,1.0,0.0,0.5,1.0,1.0,1.0,0.0,0.0,1.0,0.0
3179,d99b9f48dac697bf1,True,,,,,,,,,,1.0,0.0,1.0,1.0,0.3622075734001932,1.0,0.0,0.0,0.0,0.0
3180,77591ae74db6e241c,True,,,,,,,,,,0.5,0.0,1.0,1.0,1.0,0.0,1.0,1.0,1.0,0.0
3181,d015a262e6ee504bb,True,,,,,,,,,,0.0,1.0,1.0,1.0,1.0,0.0,0.0,1.0,0.0,0.0
3182,f7592c27f95e1ae0e,True,,,,,,,,,,1.0,1.0,1.0,1.0,0.5665168339850484,1.0,1.0,1.0,1.0,0.8645365106203275
3183,710fa6e57a23bba80,True,,,,,,,,,,1.0,1.0,1.0,1.0,0.6439972475636697,1.0,0.0,1.0,1.0,0.7637491398636468
3184,52998366db81d0fca,True,,,,,,,,,,1.0,1.0,1.0,1.0,0.7543714828731943,1.0,1.0,1.0,1.0,0.9232410883978732
3185,56ce783224ed8bbc4,True,,,,,,,,,,1.0,1.0,1.0,1.0,0.8513826168969114,1.0,0.0,1.0,1.0,0.8285570677802848
3186,3b99d2eccb04b25a0,True,,,,,,,,,,1.0,1.0,0.5,1.0,1.0,1.0,0.0,1.0,1.0,0.4375
3187,62c7829548c7f7e94,True,,,,,,,,,,1.0,1.0,1.0,1.0,0.8674236371697189,1.0,0.0,1.0,1.0,0.8335698866155372
3188,098638022c2e17fd7,True,,,,,,,,,,1.0,1.0,1.0,1.0,0.1011881985070563,1.0,0.0,1.0,1.0,0.5941213120334552
3189,515197f50a14bc2fc,True,,,,,,,,,,1.0,1.0,1.0,1.0,0.9319757318874978,1.0,0.0,1.0,1.0,0.853742416214843
3190,889738d49bab39139,True,,,,,,,,,,1.0,1.0,1.0,1.0,0.7693258955610737,1.0,1.0,1.0,0.0,0.8029143423628355
3191,ba66893d0046c895c,True,,,,,,,,,,1.0,1.0,1.0,1.0,1.0,1.0,0.0,1.0,1.0,0.875
3192,a244e51837aaa9bc4,True,,,,,,,,,,1.0,1.0,1.0,1.0,0.4270034222085294,1.0,1.0,1.0,0.0,0.6959385694401654
3193,3cf1a7b9d21da00c2,True,,,,,,,,,,1.0,1.0,1.0,1.0,0.483104151543496,1.0,0.0,1.0,1.0,0.7134700473573425
3194,bf36dbafa15d4c261,True,,,,,,,,,,1.0,1.0,1.0,1.0,0.6797123019631038,1.0,1.0,1.0,1.0,0.8999100943634699
3195,4287573d9633c7d2c,True,,,,,,,,,,1.0,1.0,1.0,1.0,0.7553797822638628,1.0,0.0,1.0,0.0,0.6735561819574571
3196,7c1dac6894ccd6151,True,,,,,,,,,,1.0,1.0,1.0,1.0,1.0,1.0,0.0,1.0,1.0,0.875
3197,52454445f992935d8,True,,,,,,,,,,1.0,1.0,1.0,1.0,0.7800107017454293,1.0,1.0,1.0,1.0,0.9312533442954468
3198,bda9a328490cd8105,True,,,,,,,,,,0.5,1.0,1.0,1.0,0.7650859999057963,0.0,1.0,1.0,0.0,0.2445446874852807
3199,efd620a9103f0ef3f,True,,,,,,,,,,1.0,1.0,1.0,1.0,1.0,1.0,1.0,1.0,0.0,0.875
3200,cf74c1bc63f84da49,True,,,,,,,,,,1.0,1.0,1.0,1.0,0.9610545507269144,1.0,1.0,1.0,1.0,0.9878295471021608
3201,4e61e52835cb5d3ef,True,,,,,,,,,,1.0,1.0,1.0,1.0,0.6604698891912103,1.0,0.0,1.0,1.0,0.7688968403722533
3202,3349d086f3bc06728,True,,,,,,,,,,1.0,1.0,1.0,1.0,0.6149733179877033,1.0,0.0,1.0,1.0,0.7546791618711572
3203,d6e2587cedd827dce,True,,,,,,,,,,1.0,1.0,1.0,1.0,0.2672007061796954,1.0,1.0,1.0,1.0,0.7710002206811548
3204,edf02a219abbc7a0d,True,,,,,,,,,,1.0,1.0,1.0,1.0,0.9168289086098996,1.0,1.0,1.0,0.0,0.8490090339405936
3205,bd4cbb0e07c59ee69,True,,,,,,,,,,1.0,1.0,1.0,1.0,0.4518896932646493,1.0,0.0,1.0,1.0,0.7037155291452029
3206,7206aa9198632886d,True,,,,,,,,,,1.0,1.0,1.0,1.0,0.7478440347004409,0.0,0.0,1.0,1.0,0.4837012608438877
3207,3aa9ab0760c9f1c8a,True,,,,,,,,,,1.0,1.0,1.0,1.0,0.3514752291186,1.0,1.0,1.0,1.0,0.7973360090995625
3208,191ccfaebd0211428,True,,,,,,,,,,1.0,0.0,1.0,1.0,1.0,1.0,0.0,1.0,0.0,0.0
3209,382721ffdbe71cadc,True,,,,,,,,,,1.0,1.0,1.0,1.0,0.3376896972717508,1.0,1.0,1.0,0.0,0.6680280303974222
3210,5d14b0687eb2ad5a2,True,,,,,,,,,,0.5,1.0,1.0,1.0,1.0,0.0,1.0,1.0,0.0,0.28125
3211,d38c4af1d199d57d9,True,,,,,,,,,,0.0,0.0,1.0,1.0,1.0,0.0,0.0,1.0,0.0,0.0
3212,703b1c2f2088dc549,True,,,,,,,,,,0.0,1.0,1.0,1.0,1.0,0.0,1.0,1.0,1.0,0.0
3213,07ec0b134ef32ae77,True,,,,,,,,,,1.0,1.0,1.0,1.0,0.9825805419421804,1.0,1.0,1.0,1.0,0.9945564193569314
3214,0c490f2432946f48b,True,,,,,,,,,,0.0,1.0,1.0,1.0,1.0,0.0,0.0,1.0,0.0,0.0
3215,faa4f514f8d862142,True,,,,,,,,,,0.0,1.0,1.0,1.0,1.0,0.0,1.0,1.0,0.0,0.0
3216,6407b45b597b1c340,True,,,,,,,,,,1.0,1.0,1.0,1.0,1.0,1.0,0.0,1.0,0.0,0.75
3217,e9bf575d65f297345,True,,,,,,,,,,1.0,1.0,1.0,1.0,1.0,1.0,0.0,1.0,0.0,0.75
3218,161174e0143b41afa,True,,,,,,,,,,1.0,1.0,0.0,1.0,0.7962647452706312,1.0,0.0,1.0,1.0,0.0
3219,79ba4023648130a0c,True,,,,,,,,,,0.0,1.0,1.0,1.0,1.0,0.0,1.0,1.0,0.0,0.0
3220,79d6ba3b0e13a7f66,True,,,,,,,,,,1.0,1.0,1.0,1.0,0.8314273942418373,1.0,1.0,1.0,0.0,0.8223210607005742
3221,e3729cb0d1d99f604,True,,,,,,,,,,1.0,1.0,0.5,1.0,1.0,1.0,1.0,1.0,0.0,0.4375
3222,1ab4af6d2763780c4,True,,,,,,,,,,1.0,1.0,1.0,1.0,0.4034611067492314,1.0,1.0,1.0,0.0,0.6885815958591348
3223,a8d83051ac2ad2fa2,True,,,,,,,,,,1.0,1.0,1.0,1.0,0.4800634141965482,1.0,1.0,1.0,0.0,0.7125198169364213
3224,362376a65fe8ca576,True,,,,,,,,,,1.0,1.0,1.0,1.0,0.4868773721741064,1.0,0.0,1.0,1.0,0.7146491788044083
3225,325c79bfe38fe6e9a,True,,,,,,,,,,1.0,1.0,1.0,1.0,0.3724180890262323,1.0,1.0,1.0,1.0,0.8038806528206976
3226,59e6ebcbd44500064,True,,,,,,,,,,1.0,1.0,1.0,1.0,1.0,1.0,0.0,1.0,0.0,0.75
3227,8090a94784c5adc03,True,,,,,,,,,,1.0,1.0,1.0,1.0,0.4531263474766189,1.0,1.0,1.0,0.0,0.7041019835864434
3228,cbfd9eec69d28b38b,True,,,,,,,,,,1.0,1.0,1.0,1.0,0.5111822195116063,1.0,1.0,1.0,0.0,0.7222444435973769
3229,4a9850fe681028df5,True,,,,,,,,,,1.0,1.0,1.0,1.0,0.7308470995748075,1.0,1.0,0.0,0.0,0.6658897186171273
3230,3e56a32b74b50d827,True,,,,,,,,,,1.0,1.0,1.0,1.0,0.4876750193655697,1.0,1.0,1.0,0.0,0.7148984435517405
3231,913e360242a39e667,True,,,,,,,,,,1.0,1.0,1.0,1.0,1.0,1.0,1.0,1.0,1.0,1.0
3232,129d3c576dc7bb588,True,,,,,,,,,,1.0,0.0,1.0,1.0,0.3129618952437554,1.0,0.0,1.0,1.0,0.0
3233,7d5a7137f0e5a166a,True,,,,,,,,,,0.0,1.0,1.0,1.0,1.0,0.0,1.0,1.0,0.0,0.0
3234,2a1e301e08b641e81,True,,,,,,,,,,1.0,1.0,0.0,1.0,1.0,1.0,0.0,0.0,0.0,0.0
3235,95285e276d73120c3,True,,,,,,,,,,1.0,1.0,1.0,1.0,0.1334559125645326,1.0,1.0,1.0,1.0,0.7292049726764165
3236,a4f24e691930789eb,True,,,,,,,,,,1.0,1.0,1.0,1.0,1.0,1.0,1.0,1.0,1.0,1.0
3237,7aa2434007747c439,True,,,,,,,,,,1.0,1.0,0.0,1.0,0.7032206816768923,1.0,0.0,1.0,0.0,0.0
3238,5f64cfcf81e889869,True,,,,,,,,,,1.0,1.0,1.0,1.0,0.6521255811568698,0.0,0.0,1.0,1.0,0.4537892441115218
3239,8f0ed4cbd9cfb8ff3,True,,,,,,,,,,0.0,1.0,1.0,1.0,1.0,0.0,1.0,1.0,1.0,0.0
3240,9d01fb3bc5ce52bd1,True,,,,,,,,,,1.0,1.0,1.0,1.0,0.717231721879038,1.0,0.0,1.0,0.0,0.6616349130871995
3241,32f2437326c9e81b2,True,,,,,,,,,,1.0,1.0,0.5,1.0,1.0,1.0,0.0,1.0,0.0,0.375
3242,75c698c901137829c,True,,,,,,,,,,1.0,1.0,1.0,1.0,0.3654111934643688,0.0,1.0,1.0,1.0,0.4891909979576152
3243,4e6f3caac62c57abb,True,,,,,,,,,,1.0,1.0,1.0,1.0,0.6125405554789272,1.0,0.0,1.0,1.0,0.7539189235871647
3244,82164b6dd39963198,True,,,,,,,,,,1.0,1.0,0.0,1.0,1.0,1.0,0.0,1.0,0.0,0.0
3245,965c2a5d3c105c295,True,,,,,,,,,,1.0,1.0,1.0,1.0,0.467741003276633,1.0,1.0,1.0,1.0,0.8336690635239479
3246,f66f81ffd843802cd,True,,,,,,,,,,0.0,1.0,1.0,1.0,1.0,0.0,0.0,1.0,0.0,0.0
3247,d02ab95331cc7550b,True,,,,,,,,,,1.0,0.0,0.5,1.0,1.0,1.0,0.0,1.0,0.0,0.0
3248,49538162999026026,True,,,,,,,,,,1.0,0.0,1.0,1.0,1.0,1.0,0.0,1.0,1.0,0.0
3249,d6f75a03673049ff0,True,,,,,,,,,,1.0,0.0,1.0,1.0,0.8467905231459768,1.0,0.0,1.0,0.0,0.0
3250,f86cff80de8851a4b,True,,,,,,,,,,1.0,1.0,1.0,1.0,0.7285154728359782,1.0,1.0,1.0,1.0,0.9151610852612432
3251,9f8032f6872d56164,True,,,,,,,,,,1.0,1.0,1.0,1.0,0.4491100241201199,1.0,1.0,1.0,0.0,0.7028468825375375
3252,c82ec728742abfe9a,True,,,,,,,,,,1.0,1.0,1.0,1.0,0.4140953391318478,1.0,1.0,1.0,1.0,0.8169047934787024
3253,7431e431b6e352571,True,,,,,,,,,,1.0,0.0,1.0,1.0,1.0,1.0,0.0,1.0,1.0,0.0
3254,5f19a901791abf90c,True,,,,,,,,,,1.0,1.0,1.0,1.0,0.1837284051415223,1.0,0.0,1.0,0.0,0.4949151266067257
3255,10f68fec177e9b51c,True,,,,,,,,,,1.0,1.0,1.0,1.0,0.2439714013371155,1.0,1.0,1.0,1.0,0.7637410629178486
3256,a96a23b6f09cca0ae,True,,,,,,,,,,1.0,1.0,1.0,1.0,0.6447289688247269,1.0,0.0,1.0,0.0,0.6389778027577271
3257,77174c66f10b6d7f9,True,,,,,,,,,,1.0,0.0,1.0,1.0,0.3033399106648225,1.0,1.0,1.0,1.0,0.0
3258,be5258dc2386ca4e3,True,,,,,,,,,,1.0,1.0,1.0,1.0,1.0,1.0,1.0,1.0,0.0,0.875
3259,feff8b53a0025b738,True,,,,,,,,,,1.0,1.0,1.0,1.0,0.4499980043161407,1.0,0.0,1.0,1.0,0.703124376348794
3260,1c7991974c14440a3,True,,,,,,,,,,1.0,0.0,0.0,1.0,1.0,1.0,0.0,1.0,0.0,0.0
3261,72ff49b38c26122d6,True,,,,,,,,,,1.0,1.0,1.0,1.0,0.3894898469474125,1.0,1.0,1.0,0.0,0.6842155771710664
3262,23d3b2f93978ceabf,True,,,,,,,,,,1.0,0.0,1.0,1.0,0.1588081481299375,1.0,0.0,1.0,0.0,0.0
3263,b55de67890f581798,True,,,,,,,,,,1.0,1.0,1.0,1.0,0.1273673526415801,1.0,1.0,1.0,1.0,0.7273022977004938
3264,2d69cb0443fc22cf0,True,,,,,,,,,,1.0,1.0,1.0,1.0,1.0,1.0,1.0,1.0,1.0,1.0
3265,9f8244fb38a036545,True,,,,,,,,,,1.0,1.0,1.0,1.0,0.6003985131791736,1.0,1.0,1.0,1.0,0.8751245353684918
3266,c3200abf96a354efa,True,,,,,,,,,,1.0,1.0,1.0,1.0,0.1255945320255668,1.0,1.0,1.0,1.0,0.7267482912579897
3267,c91d6633fc0516a81,True,,,,,,,,,,1.0,1.0,1.0,1.0,1.0,1.0,1.0,1.0,0.0,0.875
3268,68bca311e7f195048,True,,,,,,,,,,1.0,1.0,1.0,1.0,0.5207775262705051,1.0,1.0,1.0,1.0,0.8502429769595329
3269,38fd2f329eb063f83,True,,,,,,,,,,1.0,1.0,1.0,1.0,0.6436009270150856,1.0,0.0,1.0,1.0,0.7636252896922142
3270,ae4f3518384257a07,True,,,,,,,,,,1.0,1.0,1.0,1.0,0.5515864130419736,1.0,1.0,1.0,0.0,0.7348707540756168
3271,103886298090f6b5a,True,,,,,,,,,,0.0,1.0,1.0,1.0,1.0,0.0,0.0,1.0,0.0,0.0
3272,45e565719eec672e1,True,,,,,,,,,,1.0,1.0,1.0,1.0,1.0,1.0,0.0,1.0,1.0,0.875
3273,4ce14eab81ed439f2,True,,,,,,,,,,1.0,1.0,1.0,1.0,0.7159193996595017,1.0,1.0,1.0,1.0,0.9112248123935942
3274,4304662a687a53d30,True,,,,,,,,,,1.0,1.0,1.0,1.0,0.9442016354921188,1.0,1.0,1.0,0.0,0.8575630110912871
3275,e71523844476db4f4,True,,,,,,,,,,1.0,1.0,1.0,1.0,0.6263639349297999,1.0,0.0,1.0,1.0,0.7582387296655625
3276,e7db08ac75d56b8b2,True,,,,,,,,,,1.0,1.0,1.0,1.0,0.7601777062838373,1.0,0.0,1.0,1.0,0.8000555332136992
3277,f8d974540bdca9c27,True,,,,,,,,,,1.0,1.0,0.0,1.0,1.0,1.0,0.0,1.0,0.0,0.0
3278,6ea72a0c3033844cf,True,,,,,,,,,,1.0,1.0,1.0,1.0,0.1855882479227542,1.0,0.0,1.0,1.0,0.6204963274758607
3279,b5026163c611c7730,True,,,,,,,,,,1.0,1.0,1.0,1.0,0.9101024535244298,1.0,1.0,1.0,1.0,0.9719070167263844
3280,40e276fbb70b36a86,True,,,,,,,,,,1.0,1.0,1.0,1.0,0.2403906827807758,1.0,1.0,1.0,1.0,0.7626220883689925
3281,894784294c8d0ed99,True,,,,,,,,,,1.0,1.0,1.0,1.0,0.8080865345637063,1.0,1.0,1.0,1.0,0.9400270420511584
3282,bea93c9cd22af6ec1,True,,,,,,,,,,1.0,0.0,0.5,1.0,1.0,1.0,0.0,1.0,0.0,0.0
3283,83162d3d6d41557e9,True,,,,,,,,,,0.0,1.0,1.0,1.0,1.0,0.0,0.0,1.0,0.0,0.0
3284,47a19dd96d0e85b4d,True,,,,,,,,,,1.0,1.0,1.0,1.0,0.7133145104669855,1.0,0.0,1.0,1.0,0.7854107845209329
3285,bb6f79a8768f43fd9,True,,,,,,,,,,1.0,1.0,1.0,1.0,0.4716405666950794,1.0,1.0,1.0,0.0,0.7098876770922123
3286,5e3a21657a7371a7a,True,,,,,,,,,,1.0,1.0,0.0,1.0,1.0,1.0,0.0,1.0,0.0,0.0
3287,5cabba46461e04874,True,,,,,,,,,,1.0,1.0,1.0,1.0,0.9454235662338542,1.0,0.0,1.0,0.0,0.7329448644480794
3288,63c3e07f95869dd8a,True,,,,,,,,,,1.0,0.0,1.0,1.0,1.0,1.0,1.0,1.0,0.0,0.0
3289,1cc09e6291c8fd8b7,True,,,,,,,,,,1.0,1.0,1.0,1.0,0.4774128699900914,1.0,1.0,1.0,0.0,0.7116915218719035
3290,476448c3e62fe40b1,True,,,,,,,,,,0.0,1.0,1.0,1.0,1.0,0.0,1.0,0.0,0.0,0.0
3291,903d42d3fe50f5b3b,True,,,,,,,,,,1.0,1.0,1.0,1.0,0.5703048604202122,1.0,1.0,1.0,1.0,0.8657202688813164
3292,0a16bdbfa64eeb441,True,,,,,,,,,,1.0,0.0,1.0,1.0,1.0,1.0,1.0,1.0,0.0,0.0
3293,0f61f35dda061336d,True,,,,,,,,,,1.0,1.0,0.0,1.0,1.0,1.0,0.0,1.0,1.0,0.0
3294,3812881ab01c38f32,True,,,,,,,,,,1.0,1.0,1.0,1.0,0.498867904182582,1.0,1.0,1.0,0.0,0.7183962200570568
3295,d6ae7a1180d77eafb,True,,,,,,,,,,1.0,1.0,1.0,1.0,0.7663313282983261,1.0,1.0,1.0,1.0,0.9269785400932268
3296,33bdd00b087ff8b4e,True,,,,,,,,,,1.0,1.0,1.0,1.0,0.3599003325299055,1.0,1.0,1.0,1.0,0.7999688539155955
3297,7a574ea5511afe40d,True,,,,,,,,,,1.0,1.0,1.0,1.0,0.912739528762518,1.0,0.0,1.0,0.0,0.7227311027382869
3298,ef8b4c4b3e7ec1358,True,,,,,,,,,,1.0,1.0,1.0,1.0,0.7338802669484061,1.0,1.0,1.0,1.0,0.9168375834213768
3299,1e733017715140218,True,,,,,,,,,,1.0,1.0,1.0,1.0,0.8365269352088789,1.0,1.0,1.0,1.0,0.9489146672527746
3300,523bfa9ffbc43f698,True,,,,,,,,,,1.0,1.0,1.0,1.0,0.1749454694512807,1.0,1.0,1.0,0.0,0.6171704592035252
3301,bc79ecb5bdc5ca4f3,True,,,,,,,,,,1.0,1.0,1.0,1.0,0.1710196220432701,1.0,1.0,1.0,0.0,0.6159436318885219
3302,d113ac7bc40f321c0,True,,,,,,,,,,1.0,1.0,1.0,1.0,1.0,1.0,1.0,1.0,0.0,0.875
3303,49f77b5c62d2c5787,True,,,,,,,,,,1.0,1.0,1.0,1.0,0.271473318672931,1.0,1.0,1.0,0.0,0.647335412085291
3304,375ef6cffa757aadf,True,,,,,,,,,,1.0,1.0,1.0,1.0,0.5244601417415133,1.0,1.0,1.0,0.0,0.7263937942942229
3305,873b2bce6903cffc1,True,,,,,,,,,,1.0,1.0,0.5,1.0,1.0,1.0,0.0,1.0,0.0,0.375
3306,713ecb5e6f7885bee,True,,,,,,,,,,1.0,1.0,1.0,1.0,1.0,1.0,1.0,1.0,0.0,0.875
3307,aa97ab9606aa456ff,True,,,,,,,,,,1.0,1.0,1.0,1.0,0.8640328003725859,1.0,1.0,1.0,1.0,0.9575102501164332
3308,80412ca123ecd72bc,True,,,,,,,,,,1.0,1.0,1.0,1.0,0.5034569958363513,1.0,1.0,1.0,1.0,0.8448303111988598
3309,9751b7e09b5514dd3,True,,,,,,,,,,0.0,1.0,1.0,1.0,1.0,0.0,1.0,1.0,1.0,0.0
3310,f3d58b82e93972910,True,,,,,,,,,,1.0,1.0,1.0,1.0,0.24935847986338,1.0,1.0,1.0,1.0,0.7654245249573063
3311,a7eababd56f26dc5e,True,,,,,,,,,,1.0,1.0,1.0,1.0,0.8051735595923822,1.0,1.0,1.0,1.0,0.9391167373726196
3312,c4724d2f7e5d62357,True,,,,,,,,,,0.0,1.0,1.0,1.0,1.0,0.0,1.0,1.0,1.0,0.0
3313,ab7c66f93bd1cb471,True,,,,,,,,,,1.0,1.0,1.0,1.0,1.0,1.0,0.0,1.0,1.0,0.875
3314,f549933443a3744d4,True,,,,,,,,,,1.0,1.0,1.0,1.0,0.6518360068328013,1.0,0.0,1.0,1.0,0.7661987521352505
3315,1b2cd068b0d562449,True,,,,,,,,,,1.0,1.0,1.0,1.0,0.6891969470261282,1.0,1.0,1.0,1.0,0.902874045945665
3316,4aabb029fe206ec39,True,,,,,,,,,,0.0,1.0,1.0,1.0,1.0,0.0,0.0,1.0,1.0,0.0
3317,c43503e3cebf10b69,True,,,,,,,,,,1.0,1.0,1.0,1.0,0.45005150557887,1.0,0.0,1.0,1.0,0.7031410954933969
3318,a2c78b96705709dc4,True,,,,,,,,,,1.0,1.0,1.0,1.0,0.2923903837694999,1.0,0.0,1.0,0.0,0.5288719949279688
3319,ff0923fcd8d30a51b,True,,,,,,,,,,1.0,0.0,1.0,1.0,1.0,1.0,1.0,1.0,0.0,0.0
3320,1572e57c1e71e8774,True,,,,,,,,,,1.0,1.0,1.0,1.0,0.4341278089824698,1.0,1.0,1.0,1.0,0.8231649403070218
3321,f32e09eab0a9183d4,True,,,,,,,,,,1.0,1.0,1.0,0.0,1.0,1.0,0.0,1.0,1.0,0.0
3322,7aa5cbd37497728d5,True,,,,,,,,,,1.0,1.0,1.0,1.0,0.5847332379977589,1.0,1.0,1.0,0.0,0.7452291368742996
3323,9a9ccb6c7221c42a1,True,,,,,,,,,,1.0,1.0,1.0,1.0,0.6247669786798002,1.0,0.0,1.0,0.0,0.6327396808374376
3324,ee1505d57883cfc9f,True,,,,,,,,,,1.0,1.0,1.0,1.0,0.4937536617072756,1.0,0.0,1.0,1.0,0.7167980192835236
3325,dbde88bcc1367bd88,True,,,,,,,,,,1.0,1.0,1.0,1.0,0.7715341921828217,1.0,1.0,1.0,1.0,0.9286044350571316
3326,56f3701eaba44cbba,True,,,,,,,,,,1.0,1.0,1.0,1.0,0.9170398245161124,1.0,0.0,1.0,1.0,0.8490749451612851
3327,79f1db0434b2c4330,True,,,,,,,,,,1.0,1.0,0.0,1.0,0.6808135151503286,1.0,0.0,1.0,0.0,0.0
3328,4ff5465a026db2df0,True,,,,,,,,,,1.0,1.0,1.0,1.0,0.5457426587969797,1.0,0.0,1.0,1.0,0.7330445808740562
3329,96539cf10e3cf92af,True,,,,,,,,,,1.0,1.0,1.0,1.0,0.7827937478611798,1.0,1.0,1.0,0.0,0.8071230462066187
3330,4e231a60b33891721,True,,,,,,,,,,1.0,1.0,1.0,1.0,1.0,1.0,0.0,1.0,0.0,0.75
3331,9de9e57115e5b4d5b,True,,,,,,,,,,1.0,1.0,1.0,1.0,0.538816648483483,1.0,1.0,1.0,1.0,0.8558802026510884
3332,bef503ff5929be3a8,True,,,,,,,,,,1.0,1.0,1.0,1.0,1.0,1.0,0.0,1.0,0.0,0.75
3333,d62c06587889c5e1b,True,,,,,,,,,,1.0,0.0,1.0,1.0,1.0,1.0,0.0,1.0,0.0,0.0
3334,94f50219a9dc3389d,True,,,,,,,,,,1.0,1.0,1.0,1.0,0.5621182193839981,1.0,1.0,0.0,0.0,0.6131619435574994
3335,909281fad5f1bd401,True,,,,,,,,,,1.0,1.0,1.0,1.0,0.5589168012341814,1.0,1.0,1.0,1.0,0.8621615003856817
3336,a3b3172d137c4851c,True,,,,,,,,,,1.0,1.0,1.0,1.0,0.680678942253051,1.0,1.0,1.0,0.0,0.7752121694540784
3337,2a9148d48b42cfd7e,True,,,,,,,,,,1.0,1.0,1.0,1.0,0.9189954040720916,1.0,1.0,1.0,1.0,0.9746860637725284
3338,2309f75fc2af06a77,True,,,,,,,,,,1.0,0.0,1.0,1.0,1.0,1.0,0.0,1.0,0.0,0.0
3339,ea89785b6636000f5,True,,,,,,,,,,1.0,1.0,1.0,1.0,0.3955031695830034,1.0,0.0,1.0,1.0,0.6860947404946885
3340,50e0b955654ae8794,True,,,,,,,,,,1.0,1.0,1.0,1.0,0.0561505274363827,1.0,0.0,1.0,1.0,0.5800470398238696
3341,41a150d2b1beead49,True,,,,,,,,,,1.0,1.0,1.0,1.0,0.8332282960410354,1.0,1.0,1.0,0.0,0.8228838425128235
3342,d20185ecb7a02769a,True,,,,,,,,,,1.0,1.0,1.0,1.0,0.8842125344755071,1.0,1.0,1.0,1.0,0.963816417023596
3343,b589b9a8082420ee5,True,,,,,,,,,,1.0,0.0,1.0,1.0,0.9102441174451272,1.0,0.0,1.0,0.0,0.0
3344,f0cb86afe097df891,True,,,,,,,,,,1.0,1.0,1.0,1.0,0.734483701228952,1.0,0.0,1.0,1.0,0.7920261566340475
3345,dc0620e71b9184974,True,,,,,,,,,,1.0,0.0,1.0,1.0,0.6468053700636147,1.0,1.0,1.0,0.0,0.0
3346,4562930d9a4d7543b,True,,,,,,,,,,1.0,1.0,1.0,1.0,0.5304355639177144,1.0,1.0,1.0,0.0,0.7282611137242858
3347,8779ba759ea792fbc,True,,,,,,,,,,1.0,1.0,1.0,1.0,0.3089794330166898,1.0,1.0,1.0,1.0,0.7840560728177156
3348,01b72798ffad4fcc6,True,,,,,,,,,,1.0,1.0,1.0,1.0,0.32580601912843,1.0,0.0,1.0,0.0,0.5393143809776344
3349,6b7399dbbb307ddfb,True,,,,,,,,,,1.0,1.0,1.0,1.0,0.1092945971674912,1.0,1.0,1.0,1.0,0.7216545616148411
3350,b23bdeea5132cf7af,True,,,,,,,,,,1.0,1.0,1.0,1.0,0.6010762536904435,1.0,1.0,1.0,1.0,0.8753363292782637
3351,70204e1d928083e97,True,,,,,,,,,,1.0,1.0,1.0,1.0,0.1710603498557811,1.0,1.0,1.0,1.0,0.7409563593299315
3352,9011963333f646007,True,,,,,,,,,,1.0,1.0,1.0,1.0,0.4030071390775874,1.0,0.0,1.0,0.0,0.563439730961746
3353,67e23c9775c8647fa,True,,,,,,,,,,1.0,0.0,1.0,1.0,1.0,1.0,1.0,1.0,0.0,0.0
3354,4aa85cd3f686e016d,True,,,,,,,,,,1.0,1.0,1.0,1.0,0.1261911773446224,1.0,0.0,1.0,1.0,0.6019347429201944
3355,0abe9e69bf806a8c4,True,,,,,,,,,,1.0,1.0,1.0,1.0,0.563500266842326,1.0,1.0,1.0,1.0,0.8635938333882269
3356,e1a05afadd29c9d52,True,,,,,,,,,,1.0,1.0,1.0,1.0,0.9834408153753148,1.0,0.0,1.0,1.0,0.8698252548047859
3357,0ed9b19cfb122d58d,True,,,,,,,,,,1.0,1.0,1.0,1.0,0.4460934172781305,1.0,1.0,1.0,0.0,0.7019041928994157
3358,49057fbf986facf33,True,,,,,,,,,,1.0,1.0,1.0,1.0,0.6849627028853505,1.0,0.0,1.0,1.0,0.776550844651672
3359,93a1ac4a9b8b32451,True,,,,,,,,,,1.0,0.0,1.0,1.0,0.6104406790494875,1.0,0.0,1.0,0.0,0.0
3360,0bc2b72e890837ec6,True,,,,,,,,,,0.0,1.0,1.0,1.0,0.730595745212653,0.0,1.0,1.0,0.0,0.0
3361,51539f7b502dc9ffd,True,,,,,,,,,,1.0,1.0,1.0,1.0,0.6802626337206137,1.0,1.0,1.0,0.0,0.7750820730376917
3362,115bbfc42ca3a09e4,True,,,,,,,,,,1.0,1.0,1.0,1.0,0.6544317389931168,1.0,0.0,1.0,0.0,0.6420099184353489
3363,1c5915479f9d88e87,True,,,,,,,,,,1.0,1.0,1.0,1.0,0.6074771928920855,1.0,1.0,1.0,1.0,0.8773366227787767
3364,5b6eb771ffaf06f55,True,,,,,,,,,,1.0,1.0,0.0,1.0,1.0,1.0,0.0,1.0,1.0,0.0
3365,b6b4b0f2f2a7815cb,True,,,,,,,,,,1.0,1.0,1.0,1.0,0.5641307912333611,1.0,1.0,1.0,1.0,0.8637908722604253
3366,73b46033e2af4eb96,True,,,,,,,,,,1.0,1.0,1.0,1.0,0.6293445236709393,1.0,0.0,1.0,0.0,0.6341701636471685
3367,8ed1946abef82fdb9,True,,,,,,,,,,1.0,1.0,1.0,1.0,0.2080751282878929,1.0,0.0,1.0,0.0,0.5025234775899665
3368,eb46263a3a324c2e0,True,,,,,,,,,,1.0,1.0,1.0,1.0,0.8019613851032685,1.0,1.0,1.0,1.0,0.9381129328447716
3369,5fa6ede627d6c9af7,True,,,,,,,,,,1.0,0.0,1.0,1.0,1.0,1.0,1.0,1.0,0.0,0.0
3370,4ce31f5e37ac47b5f,True,,,,,,,,,,1.0,1.0,1.0,1.0,0.6521201397625895,1.0,1.0,1.0,1.0,0.8912875436758092
3371,9d1689f8e6d847437,True,,,,,,,,,,1.0,1.0,0.0,1.0,1.0,1.0,0.0,1.0,0.0,0.0
3372,a559541fda572fe81,True,,,,,,,,,,1.0,1.0,1.0,1.0,0.623736594349723,1.0,1.0,1.0,1.0,0.8824176857342885
3373,089e61f737418a050,True,,,,,,,,,,1.0,1.0,1.0,1.0,0.7083535637040548,1.0,0.0,1.0,1.0,0.7838604886575171
3374,de5875c3da62d3850,True,,,,,,,,,,1.0,1.0,0.5,1.0,1.0,1.0,0.0,1.0,1.0,0.4375
3375,f5d0746ef157601ff,True,,,,,,,,,,1.0,1.0,1.0,1.0,0.3789410065479453,1.0,1.0,1.0,1.0,0.8059190645462329
3376,97a528bb2a0be2c1c,True,,,,,,,,,,1.0,1.0,0.5,1.0,0.8009334011174047,1.0,0.0,1.0,1.0,0.4063958439245945
3377,5c78d4068407d661c,True,,,,,,,,,,1.0,1.0,1.0,1.0,1.0,1.0,1.0,1.0,1.0,1.0
3378,92b72601aef2807d0,True,,,,,,,,,,1.0,1.0,1.0,1.0,0.7679625322786388,1.0,1.0,1.0,1.0,0.9274882913370746
3379,84216c5077769d755,True,,,,,,,,,,1.0,1.0,0.0,1.0,1.0,1.0,0.0,1.0,0.0,0.0
3380,215d99206d864850d,True,,,,,,,,,,1.0,1.0,0.0,1.0,0.7250144704460334,1.0,0.0,1.0,0.0,0.0
3381,122590be147f65d56,True,,,,,,,,,,1.0,1.0,1.0,1.0,0.2153685110291186,1.0,0.0,1.0,0.0,0.5048026596965995
3382,568447ab7f82a5918,True,,,,,,,,,,1.0,0.0,0.0,1.0,1.0,1.0,0.0,1.0,1.0,0.0
3383,e44f39d800c679960,True,,,,,,,,,,1.0,1.0,1.0,1.0,0.6217463533225261,1.0,1.0,1.0,1.0,0.8817957354132895
3384,5afefbf1463923c97,True,,,,,,,,,,1.0,1.0,1.0,1.0,0.5656552119506908,1.0,0.0,1.0,1.0,0.7392672537345909
3385,d20b551bd918a2353,True,,,,,,,,,,1.0,1.0,1.0,1.0,0.580759780563414,1.0,0.0,1.0,1.0,0.7439874314260668
3386,90641ae47d3a38ca0,True,,,,,,,,,,1.0,1.0,1.0,1.0,1.0,1.0,1.0,1.0,0.0,0.875
3387,63afd42accc1a8cd9,True,,,,,,,,,,1.0,1.0,1.0,1.0,0.6835821357375518,1.0,1.0,1.0,0.0,0.776119417417985
3388,b1aefb166ba160b03,True,,,,,,,,,,1.0,1.0,1.0,1.0,0.7660311830305983,1.0,0.0,1.0,1.0,0.801884744697062
3389,cd5f552597cd3be08,True,,,,,,,,,,1.0,1.0,1.0,1.0,0.6698985217303516,1.0,0.0,0.0,1.0,0.6468432880407349
3390,13ec6e28d3c1a20c1,True,,,,,,,,,,0.0,1.0,1.0,1.0,1.0,0.0,0.0,1.0,0.0,0.0
3391,cc2b7831784a6242d,True,,,,,,,,,,1.0,1.0,1.0,1.0,0.5872555343022668,1.0,1.0,1.0,1.0,0.8710173544694584
3392,e85778ab78f702e4b,True,,,,,,,,,,1.0,1.0,1.0,1.0,1.0,1.0,1.0,1.0,0.0,0.875
3393,86ef74bf900e70e17,True,,,,,,,,,,1.0,0.0,1.0,1.0,0.3423475550414638,1.0,1.0,0.0,0.0,0.0
3394,ed92b02e2867b4579,True,,,,,,,,,,0.0,1.0,1.0,1.0,1.0,0.0,1.0,1.0,0.0,0.0
3395,d2ac4238dd1e06e2b,True,,,,,,,,,,1.0,0.0,1.0,1.0,1.0,1.0,1.0,1.0,0.0,0.0
3396,31368b2b5cafa42dc,True,,,,,,,,,,1.0,1.0,1.0,1.0,0.2610010452570102,1.0,1.0,1.0,0.0,0.6440628266428157
3397,981f8d9ddc9472041,True,,,,,,,,,,1.0,0.0,1.0,1.0,0.659598687533004,1.0,0.0,1.0,0.0,0.0
3398,c7c0caa29dbf55999,True,,,,,,,,,,1.0,1.0,1.0,1.0,1.0,1.0,0.0,1.0,0.0,0.75
3399,5fb2ee221c72e08b2,True,,,,,,,,,,1.0,1.0,1.0,1.0,0.7687546769768809,1.0,1.0,1.0,0.0,0.8027358365552753
3400,87555f32aa4e45c55,True,,,,,,,,,,1.0,1.0,1.0,1.0,0.647311220569205,1.0,1.0,1.0,0.0,0.7647847564278766
3401,9afa1551ea25fbb00,True,,,,,,,,,,1.0,1.0,1.0,1.0,1.0,1.0,0.0,1.0,0.0,0.75
3402,8dd4aa8138b3d9500,True,,,,,,,,,,0.0,1.0,1.0,1.0,1.0,0.0,0.0,1.0,0.0,0.0
3403,5d7c10a16ad487174,True,,,,,,,,,,1.0,1.0,1.0,1.0,1.0,1.0,0.0,1.0,1.0,0.875
3404,e98e051c6f03d55bd,True,,,,,,,,,,1.0,1.0,1.0,1.0,0.747071637255885,1.0,1.0,1.0,0.0,0.7959598866424641
3405,d4443eaf8695fc97e,True,,,,,,,,,,1.0,1.0,1.0,1.0,0.6262158776065987,1.0,0.0,0.0,0.0,0.5081924617520621
3406,ed0f40ad04605d018,True,,,,,,,,,,0.0,1.0,0.0,1.0,1.0,0.0,0.0,1.0,1.0,0.0
3407,68e2d10ecbeed8111,True,,,,,,,,,,1.0,1.0,1.0,1.0,1.0,1.0,1.0,1.0,0.0,0.875
3408,90074b411c5d7d55b,True,,,,,,,,,,1.0,1.0,1.0,1.0,0.3530085164088918,1.0,1.0,1.0,0.0,0.6728151613777786
3409,4b4fe8d10a7defecd,True,,,,,,,,,,1.0,1.0,1.0,1.0,0.3109310528701334,1.0,0.0,1.0,0.0,0.5346659540219167
3410,78fdd992fa8acb334,True,,,,,,,,,,1.0,1.0,1.0,1.0,1.0,1.0,1.0,0.0,0.0,0.75
3411,13f7d51df20a8dc66,True,,,,,,,,,,1.0,1.0,0.5,1.0,0.4394774823808552,1.0,0.0,1.0,0.0,0.2874183566220086
3412,223f276058256f999,True,,,,,,,,,,1.0,1.0,1.0,1.0,0.624877722013327,1.0,1.0,1.0,0.0,0.7577742881291647
3413,3ff3a293385e2be07,True,,,,,,,,,,1.0,1.0,1.0,1.0,1.0,1.0,1.0,1.0,1.0,1.0
3414,ebfcdb01551105c49,True,,,,,,,,,,0.0,1.0,1.0,0.0,1.0,0.0,0.0,0.0,0.0,0.0
3415,58f8bb6cc7ee41227,True,,,,,,,,,,1.0,1.0,0.0,1.0,0.7990205441603465,1.0,1.0,1.0,0.0,0.0
3416,7a999e76f404c4956,True,,,,,,,,,,1.0,1.0,1.0,1.0,0.8612660766856063,1.0,0.0,1.0,0.0,0.706645648964252
3417,e0d627ef80faeebd6,True,,,,,,,,,,1.0,1.0,1.0,1.0,1.0,1.0,1.0,1.0,0.0,0.875
3418,0f71d78f15a2628a4,True,,,,,,,,,,1.0,0.0,1.0,1.0,0.8141276521516094,1.0,0.0,1.0,0.0,0.0
3419,07019aee6f130ff5d,True,,,,,,,,,,1.0,1.0,1.0,1.0,0.5203446810734862,1.0,1.0,1.0,0.0,0.7251077128354644
3420,67ac6348f814bfca1,True,,,,,,,,,,1.0,1.0,1.0,1.0,0.3118043561412613,1.0,1.0,1.0,0.0,0.6599388612941441
3421,f7741428b4719155a,True,,,,,,,,,,1.0,1.0,0.0,1.0,0.6917660848710547,1.0,0.0,1.0,0.0,0.0
3422,fa04ce296f85923f0,True,,,,,,,,,,1.0,1.0,1.0,1.0,0.7441426615861034,1.0,1.0,1.0,1.0,0.9200445817456572
3423,46674c511c8ea3dfc,True,,,,,,,,,,1.0,1.0,1.0,1.0,0.7629064725832913,1.0,1.0,1.0,0.0,0.8009082726822785
3424,ce2108b53dc19946a,True,,,,,,,,,,1.0,1.0,1.0,1.0,0.9805820605082736,1.0,0.0,1.0,1.0,0.8689318939088355
3425,451c8ee9a94e9524f,True,,,,,,,,,,1.0,1.0,0.0,1.0,1.0,1.0,0.0,1.0,0.0,0.0
3426,7c2bed78bc3df5a9b,True,,,,,,,,,,1.0,1.0,0.5,1.0,0.9563920712641408,1.0,0.0,1.0,0.0,0.368186261135022
3427,f13bedf0787265ff4,True,,,,,,,,,,1.0,1.0,1.0,1.0,0.4961758304235091,1.0,0.0,1.0,0.0,0.5925549470073466
3428,0b23cba96b245dcbe,True,,,,,,,,,,1.0,1.0,1.0,1.0,0.0544192994141007,1.0,1.0,1.0,1.0,0.7045060310669065
3429,64173df5c7bc60b13,True,,,,,,,,,,1.0,1.0,1.0,1.0,0.6923586826079071,1.0,1.0,1.0,0.0,0.778862088314971
3430,b77eab715fa3e5a65,True,,,,,,,,,,1.0,1.0,1.0,1.0,0.5629027590670508,1.0,1.0,1.0,1.0,0.8634071122084533
3431,aded499bdbf17f962,True,,,,,,,,,,1.0,1.0,1.0,1.0,1.0,1.0,0.0,1.0,0.0,0.75
3432,9ddf964682ac312d8,True,,,,,,,,,,1.0,1.0,1.0,1.0,0.324561543460347,1.0,1.0,1.0,0.0,0.6639254823313585
3433,b479708037b5c5d7c,True,,,,,,,,,,1.0,1.0,1.0,1.0,0.548621316240341,1.0,0.0,1.0,0.0,0.6089441613251065
3434,966244bc558d53ef7,True,,,,,,,,,,1.0,1.0,1.0,1.0,0.4757277843441979,1.0,0.0,1.0,1.0,0.7111649326075619
3435,89474c5ba034ced0c,True,,,,,,,,,,1.0,1.0,1.0,1.0,0.5848106851119701,1.0,1.0,1.0,0.0,0.7452533390974907
3436,fb2b568b2a055b83c,True,,,,,,,,,,1.0,1.0,1.0,1.0,0.6227114022663764,1.0,0.0,1.0,1.0,0.7570973132082426
3437,883dbba6979f32ae3,True,,,,,,,,,,1.0,1.0,1.0,1.0,0.4349873574421056,1.0,0.0,1.0,1.0,0.698433549200658
3438,1a6ba40b74f9b51e5,True,,,,,,,,,,1.0,1.0,0.5,1.0,1.0,1.0,0.0,1.0,0.0,0.375
3439,80d8583368d2573b4,True,,,,,,,,,,1.0,1.0,1.0,1.0,1.0,1.0,1.0,1.0,0.0,0.875
3440,b5897b8cc4c644be1,True,,,,,,,,,,1.0,1.0,1.0,1.0,0.3900847029005458,1.0,1.0,1.0,0.0,0.6844014696564206
3441,46738f7f1afe77303,True,,,,,,,,,,1.0,1.0,1.0,1.0,1.0,1.0,0.0,1.0,1.0,0.875
3442,71313a0d415f3ff89,True,,,,,,,,,,1.0,1.0,1.0,1.0,0.9440060441076762,1.0,1.0,1.0,1.0,0.9825018887836487
3443,c22f538fee4004aa6,True,,,,,,,,,,1.0,1.0,1.0,1.0,0.7111783716904995,1.0,0.0,1.0,0.0,0.6597432411532811
3444,dba739bec7326715c,True,,,,,,,,,,0.0,1.0,1.0,1.0,1.0,0.0,1.0,1.0,0.0,0.0
3445,2f23bb5e69f8c5120,True,,,,,,,,,,1.0,1.0,0.5,1.0,1.0,1.0,0.0,1.0,1.0,0.4375
3446,55803d7542740813d,True,,,,,,,,,,1.0,1.0,0.0,1.0,1.0,1.0,1.0,1.0,0.0,0.0
3447,2729d19c18ef21b96,True,,,,,,,,,,1.0,1.0,0.5,1.0,1.0,1.0,0.0,1.0,0.0,0.375
3448,dda492e77bd06b5da,True,,,,,,,,,,1.0,1.0,1.0,1.0,0.2050215720394646,1.0,1.0,1.0,1.0,0.7515692412623327
3449,1d31047f2f32de9e1,True,,,,,,,,,,1.0,1.0,0.0,1.0,1.0,1.0,0.0,1.0,0.0,0.0
3450,ff0db1e010ed49544,True,,,,,,,,,,1.0,1.0,1.0,1.0,1.0,1.0,0.0,1.0,0.0,0.75
3451,92543dc9e560f1be0,True,,,,,,,,,,1.0,1.0,1.0,1.0,1.0,1.0,1.0,1.0,1.0,1.0
3452,def3a7e5b9515c6fb,True,,,,,,,,,,1.0,1.0,1.0,1.0,0.6170875642150621,1.0,1.0,1.0,1.0,0.8803398638172069
3453,7d544582497e9153d,True,,,,,,,,,,1.0,1.0,1.0,1.0,0.7715884644553589,1.0,1.0,1.0,1.0,0.9286213951422996
3454,6c762cea7e7e3f6b8,True,,,,,,,,,,0.0,1.0,1.0,1.0,1.0,0.0,1.0,1.0,0.0,0.0
3455,2715084d8bf201e97,True,,,,,,,,,,1.0,1.0,1.0,1.0,0.6976329644652205,1.0,1.0,1.0,1.0,0.9055103013953814
3456,700c12c03b64be698,True,,,,,,,,,,1.0,1.0,1.0,1.0,1.0,1.0,0.0,1.0,1.0,0.875
3457,ceeb361872a012bd7,True,,,,,,,,,,1.0,1.0,0.5,1.0,0.7113527119973962,1.0,0.0,1.0,0.0,0.3298988612495931
3458,9e8f8fed1883534f6,True,,,,,,,,,,1.0,0.0,1.0,1.0,1.0,1.0,0.0,0.0,0.0,0.0
3459,fc31a6f8ac42c70a9,True,,,,,,,,,,1.0,1.0,1.0,1.0,0.765158744125233,1.0,0.0,1.0,0.0,0.6766121075391354
3460,ab0cda5402469194e,True,,,,,,,,,,1.0,1.0,0.5,1.0,0.7979482414055649,1.0,1.0,1.0,0.0,0.4059294127196195
3461,ff916ad047eb525de,True,,,,,,,,,,1.0,1.0,1.0,1.0,0.4904647121455027,1.0,1.0,1.0,0.0,0.7157702225454696
3462,44d4ff5239aca3b14,True,,,,,,,,,,1.0,0.0,1.0,1.0,1.0,1.0,0.0,1.0,0.0,0.0
3463,d6d8e9eb7b9c1befa,True,,,,,,,,,,1.0,1.0,1.0,1.0,0.2381200890755122,1.0,1.0,1.0,0.0,0.6369125278360975
3464,4c8f4212a26a493af,True,,,,,,,,,,0.5,1.0,1.0,1.0,1.0,0.0,1.0,1.0,0.0,0.28125
3465,cd00bd6a4daf5fce4,True,,,,,,,,,,1.0,1.0,1.0,1.0,0.676615814416308,1.0,0.0,1.0,1.0,0.7739424420050962
3466,5eda23d004b1120db,True,,,,,,,,,,1.0,1.0,1.0,1.0,0.79883510523796,1.0,0.0,1.0,0.0,0.6871359703868625
3467,8eddcff969b67fe18,True,,,,,,,,,,1.0,1.0,1.0,1.0,0.218748394792468,1.0,1.0,1.0,1.0,0.7558588733726463
3468,46571d478b3c7bc57,True,,,,,,,,,,1.0,1.0,1.0,1.0,0.4054031424175,0.0,1.0,0.0,0.0,0.2516884820054687
3469,3df563a8c00556068,True,,,,,,,,,,1.0,1.0,1.0,1.0,0.4630463634972847,1.0,1.0,1.0,1.0,0.8322019885929015
3470,dd2c6fc9d1939f427,True,,,,,,,,,,1.0,1.0,1.0,1.0,0.5145986737910686,1.0,1.0,1.0,0.0,0.7233120855597089
3471,6ac3abb0e9eb26113,True,,,,,,,,,,1.0,1.0,1.0,1.0,0.4509132725244728,1.0,0.0,1.0,1.0,0.7034103976638977
3472,9f676ba5230d2ce0f,True,,,,,,,,,,1.0,1.0,1.0,1.0,0.9536635709790564,1.0,1.0,1.0,0.0,0.8605198659309552
3473,9e31589f9ede4587e,True,,,,,,,,,,1.0,1.0,0.5,1.0,1.0,1.0,0.0,1.0,1.0,0.4375
3474,9463bb4964cd37676,True,,,,,,,,,,1.0,1.0,1.0,1.0,0.8718312723335238,1.0,1.0,1.0,1.0,0.9599472726042262
3475,86a500b770f0588cb,True,,,,,,,,,,1.0,1.0,1.0,1.0,0.8045258446842358,1.0,1.0,1.0,1.0,0.9389143264638236
3476,a71664743c9a3ca78,True,,,,,,,,,,1.0,1.0,1.0,1.0,0.7853429065147466,1.0,0.0,1.0,1.0,0.8079196582858583
3477,0224d4cee538e69c3,True,,,,,,,,,,1.0,0.0,1.0,1.0,1.0,1.0,1.0,1.0,1.0,0.0
3478,20d619058c9ec6829,True,,,,,,,,,,1.0,1.0,1.0,1.0,0.697951911690301,1.0,0.0,1.0,0.0,0.655609972403219
3479,25e84823ff411a3c2,True,,,,,,,,,,1.0,1.0,1.0,1.0,0.3004687422639447,1.0,0.0,1.0,1.0,0.6563964819574828
3480,10f3932f4f651de8c,True,,,,,,,,,,1.0,1.0,1.0,1.0,0.9166752712181204,1.0,1.0,1.0,0.0,0.8489610222556626
3481,10934089f8b5ef276,True,,,,,,,,,,1.0,1.0,1.0,1.0,0.5818175772587649,1.0,0.0,1.0,0.0,0.6193179928933641
3482,22e6f3013edf76fa7,True,,,,,,,,,,1.0,0.0,1.0,1.0,0.6728210031036874,1.0,1.0,1.0,1.0,0.0
3483,a2aa45cf991d37699,True,,,,,,,,,,1.0,1.0,1.0,1.0,0.9622130164896447,1.0,1.0,1.0,1.0,0.988191567653014
3484,16e839b38304ce550,True,,,,,,,,,,1.0,1.0,1.0,1.0,0.427333513863691,1.0,1.0,1.0,0.0,0.6960417230824034
3485,7459b322982d2932c,True,,,,,,,,,,1.0,1.0,1.0,1.0,0.9359088698313988,1.0,1.0,1.0,0.0,0.8549715218223122
3486,fdeff0684535eaf4b,True,,,,,,,,,,1.0,1.0,1.0,1.0,0.5734257581944471,1.0,1.0,1.0,1.0,0.8666955494357647
3487,e569c39fb04197d73,True,,,,,,,,,,1.0,1.0,1.0,1.0,0.1196558901825477,1.0,1.0,1.0,0.0,0.5998924656820461
3488,16b9d0efaf330fdcf,True,,,,,,,,,,1.0,1.0,1.0,1.0,0.7677701651597029,1.0,1.0,0.0,0.0,0.6774281766124072
3489,46790b0b88d5ee5b3,True,,,,,,,,,,1.0,1.0,1.0,1.0,1.0,1.0,1.0,1.0,0.0,0.875
3490,f8f9337702054ca25,True,,,,,,,,,,0.0,1.0,1.0,1.0,1.0,0.0,0.0,1.0,0.0,0.0
3491,77154c328dbf81f67,True,,,,,,,,,,1.0,0.0,1.0,1.0,0.8005647786904998,1.0,1.0,1.0,0.0,0.0
3492,fd5d539436f5c5e86,True,,,,,,,,,,1.0,1.0,1.0,1.0,0.0755207598289377,1.0,1.0,1.0,1.0,0.711100237446543
3493,27ddf7be2179b60af,True,,,,,,,,,,1.0,1.0,0.0,1.0,0.8407643838672824,1.0,0.0,1.0,1.0,0.0
3494,19d1ed57ca3224e24,True,,,,,,,,,,0.0,1.0,1.0,1.0,1.0,0.0,0.0,0.0,0.0,0.0
3495,6564712a0860d6518,True,,,,,,,,,,0.0,1.0,1.0,1.0,0.1480147342339763,0.0,0.0,1.0,1.0,0.0
3496,0517c552242d8cb70,True,,,,,,,,,,1.0,1.0,1.0,1.0,0.8434835994247556,1.0,1.0,1.0,1.0,0.9510886248202362
3497,1b0a591d6b3ec8ee1,True,,,,,,,,,,1.0,1.0,1.0,1.0,0.7895158162967081,1.0,1.0,1.0,0.0,0.8092236925927213
3498,565b302cf79ef624e,True,,,,,,,,,,1.0,1.0,1.0,1.0,0.7463220054201362,1.0,0.0,1.0,1.0,0.7957256266937925
3499,6e06dc9cb502fab19,True,,,,,,,,,,0.0,1.0,1.0,1.0,1.0,1.0,1.0,1.0,0.0,0.0
3500,d78e4f39396f3678e,True,,,,,,,,,,1.0,1.0,1.0,1.0,0.589692258810947,1.0,1.0,1.0,0.0,0.7467788308784209
3501,2a862303c565d9ca9,True,,,,,,,,,,1.0,1.0,1.0,1.0,0.8587856824023192,1.0,0.0,1.0,0.0,0.7058705257507247
3502,a07db051c3599a582,True,,,,,,,,,,1.0,1.0,0.5,1.0,0.9341374035275036,1.0,0.0,1.0,0.0,0.3647089693011724
3503,028df71b1e849619c,True,,,,,,,,,,1.0,1.0,1.0,1.0,1.0,1.0,1.0,1.0,0.0,0.875
3504,bd799913f5456fbe9,True,,,,,,,,,,1.0,0.0,1.0,1.0,1.0,1.0,1.0,0.0,0.0,0.0
3505,7fb39ce347c2b9486,True,,,,,,,,,,1.0,1.0,1.0,1.0,0.9946543860414226,1.0,0.0,1.0,1.0,0.8733294956379446
3506,053755e0b8f0dd052,True,,,,,,,,,,0.0,1.0,1.0,1.0,0.7923582104578447,0.0,0.0,1.0,1.0,0.0
3507,a77ac8c195ac2cc7a,True,,,,,,,,,,1.0,0.0,0.5,1.0,1.0,1.0,0.0,1.0,0.0,0.0
3508,6ccefb14640c0647d,True,,,,,,,,,,1.0,1.0,1.0,1.0,0.6371076188030699,1.0,0.0,1.0,1.0,0.7615961308759593
3509,ecc3d1d6244314a20,True,,,,,,,,,,1.0,1.0,1.0,1.0,1.0,1.0,1.0,1.0,0.0,0.875
3510,04635beeb994d0ded,True,,,,,,,,,,1.0,1.0,0.0,1.0,1.0,1.0,0.0,1.0,0.0,0.0
3511,b2be12870f04d58f6,True,,,,,,,,,,1.0,1.0,1.0,1.0,1.0,1.0,1.0,1.0,1.0,1.0
3512,818f9becc81f0e975,True,,,,,,,,,,1.0,1.0,0.5,1.0,0.7295847963484405,1.0,1.0,0.0,0.0,0.3327476244294438
3513,de5c3636623914b49,True,,,,,,,,,,1.0,1.0,0.0,1.0,1.0,1.0,0.0,1.0,0.0,0.0
3514,fd21a94f937e1535f,True,,,,,,,,,,1.0,1.0,1.0,1.0,0.7049159612186159,1.0,1.0,1.0,0.0,0.7827862378808175
3515,10369bbacaa4e3b7d,True,,,,,,,,,,1.0,1.0,1.0,1.0,0.4230431437602186,1.0,1.0,1.0,0.0,0.6947009824250683
3516,fa08741543328286c,True,,,,,,,,,,1.0,1.0,1.0,1.0,0.31769346920846,1.0,1.0,1.0,1.0,0.7867792091276438
3517,c909e005442d28a9c,True,,,,,,,,,,1.0,1.0,1.0,1.0,0.2228512440262917,1.0,0.0,1.0,1.0,0.6321410137582162
3518,2f7f9ce16e4034224,True,,,,,,,,,,1.0,0.0,1.0,1.0,1.0,1.0,0.0,1.0,0.0,0.0
3519,cbf6dd30a0ed348b8,True,,,,,,,,,,0.0,1.0,1.0,1.0,1.0,0.0,0.0,1.0,1.0,0.0
3520,a53b204e1934058ab,True,,,,,,,,,,1.0,1.0,1.0,1.0,0.4821451189802678,1.0,0.0,1.0,1.0,0.7131703496813337
3521,253e19e9e77501575,True,,,,,,,,,,1.0,1.0,1.0,1.0,0.848681257769879,1.0,1.0,1.0,0.0,0.8277128930530873
3522,1b7240da7a5598b38,True,,,,,,,,,,0.0,1.0,1.0,1.0,1.0,0.0,1.0,1.0,0.0,0.0
3523,4239966d2e8490d01,True,,,,,,,,,,1.0,1.0,1.0,1.0,0.7205320201855329,1.0,0.0,1.0,1.0,0.787666256307979
3524,ef08e59a9c882aea6,True,,,,,,,,,,0.0,1.0,1.0,1.0,1.0,0.0,1.0,1.0,0.0,0.0
3525,cb2e1dad4d21a5bf1,True,,,,,,,,,,1.0,1.0,1.0,1.0,0.6293746469715981,1.0,0.0,1.0,0.0,0.6341795771786244
3526,2df66cb5d7a252afe,True,,,,,,,,,,1.0,1.0,1.0,1.0,1.0,0.0,1.0,1.0,0.0,0.5625
3527,ae94ff2780b7d715c,True,,,,,,,,,,1.0,1.0,0.5,1.0,0.7508796666414932,1.0,0.0,1.0,0.0,0.3360749479127333
3528,004a5a808615d791d,True,,,,,,,,,,1.0,1.0,1.0,1.0,0.6910037579620575,1.0,0.0,1.0,0.0,0.653438674363143
3529,5b77cb58dfa1f5823,True,,,,,,,,,,1.0,1.0,0.0,1.0,1.0,1.0,0.0,1.0,1.0,0.0
3530,32b8d38d96342e28b,True,,,,,,,,,,1.0,1.0,1.0,1.0,0.1265990967335242,1.0,1.0,1.0,1.0,0.7270622177292263
3531,4ce9b6dc350d286df,True,,,,,,,,,,1.0,1.0,0.0,1.0,0.7858802312760995,1.0,0.0,1.0,0.0,0.0
3532,73bd1fde4cf4bbd5a,True,,,,,,,,,,0.0,1.0,1.0,1.0,1.0,0.0,0.0,1.0,0.0,0.0
3533,1bd74624249d94074,True,,,,,,,,,,0.5,1.0,1.0,1.0,1.0,0.0,1.0,1.0,0.0,0.28125
3534,6081eace5dbab1fce,True,,,,,,,,,,1.0,1.0,1.0,1.0,0.9458894830996794,1.0,1.0,1.0,1.0,0.9830904634686498
3535,a863c3cc5f754b2b4,True,,,,,,,,,,1.0,1.0,1.0,1.0,0.4848778403082931,1.0,1.0,1.0,1.0,0.8390243250963416
3536,dd7cd37257f99be9e,True,,,,,,,,,,1.0,0.0,1.0,1.0,0.8968756808067307,1.0,1.0,1.0,0.0,0.0
3537,17d241e8d709ddebf,True,,,,,,,,,,1.0,1.0,1.0,1.0,0.7205598428357515,1.0,0.0,1.0,0.0,0.6626749508861723
3538,829b5dca21edece70,True,,,,,,,,,,1.0,1.0,1.0,1.0,0.7613539237540449,1.0,1.0,1.0,0.0,0.8004231011731391
3539,80d068bd845098002,True,,,,,,,,,,1.0,1.0,1.0,1.0,0.482032088253574,1.0,1.0,1.0,0.0,0.7131350275792419
3540,9fb29e611c9f4f0e2,True,,,,,,,,,,1.0,1.0,1.0,1.0,0.734972811741577,1.0,0.0,0.0,0.0,0.5421790036692429
3541,15605fa49f762af2f,True,,,,,,,,,,1.0,1.0,1.0,1.0,0.3778038989433234,1.0,0.0,1.0,1.0,0.6805637184197886
3542,8fb004759e2d805f0,True,,,,,,,,,,1.0,1.0,1.0,1.0,1.0,1.0,1.0,1.0,0.0,0.875
3543,e2da039b5ef4ab27c,True,,,,,,,,,,1.0,1.0,1.0,1.0,0.952971896665876,1.0,1.0,1.0,0.0,0.8603037177080862
3544,50f513cc32849ede8,True,,,,,,,,,,1.0,1.0,1.0,1.0,0.7610390380018637,1.0,1.0,1.0,1.0,0.9253246993755824
3545,ad027cf65e5484130,True,,,,,,,,,,1.0,1.0,1.0,1.0,0.2363078947619339,1.0,1.0,1.0,0.0,0.6363462171131044
3546,aaf7a6f6d13220a76,True,,,,,,,,,,1.0,1.0,1.0,1.0,0.5487689011734209,1.0,0.0,1.0,0.0,0.6089902816166941
3547,c1ff77f605c58678a,True,,,,,,,,,,1.0,1.0,1.0,1.0,0.7780845537426792,1.0,0.0,1.0,1.0,0.8056514230445873
3548,1c3db8608be4d76f0,True,,,,,,,,,,1.0,1.0,1.0,1.0,0.9963319137511352,1.0,0.0,1.0,0.0,0.7488537230472296
3549,84073ac4c8f117f43,True,,,,,,,,,,1.0,1.0,1.0,1.0,0.7003373914142861,1.0,0.0,1.0,1.0,0.7813554348169645
3550,fc4ca8b0a98a8fade,True,,,,,,,,,,1.0,1.0,1.0,1.0,1.0,1.0,0.0,1.0,0.0,0.75
3551,e51cdc2544fd62fa6,True,,,,,,,,,,1.0,1.0,0.0,1.0,0.7964404116839732,1.0,0.0,1.0,0.0,0.0
3552,5139fde7658566f8c,True,,,,,,,,,,1.0,1.0,1.0,1.0,0.5933157703173823,1.0,0.0,1.0,0.0,0.622911178224182
3553,e06d3e2d64736c62d,True,,,,,,,,,,1.0,1.0,1.0,1.0,0.2490612303861286,1.0,0.0,1.0,1.0,0.6403316344956652
3554,5d571e3d1a02ea00b,True,,,,,,,,,,1.0,1.0,1.0,1.0,0.747601954158647,1.0,1.0,1.0,0.0,0.7961256106745772
3555,ea1bac206caf8d18e,True,,,,,,,,,,1.0,1.0,1.0,1.0,0.4250783592885004,1.0,1.0,1.0,0.0,0.6953369872776564
3556,35fe984f84deeb76b,True,,,,,,,,,,1.0,1.0,1.0,1.0,0.6129115639916537,1.0,1.0,1.0,1.0,0.8790348637473918
3557,2db08d812a386295d,True,,,,,,,,,,1.0,1.0,1.0,1.0,1.0,1.0,1.0,1.0,0.0,0.875
3558,4e6440872891a9f19,True,,,,,,,,,,1.0,0.0,1.0,1.0,1.0,1.0,1.0,1.0,0.0,0.0
3559,61437c5a9910331f6,True,,,,,,,,,,1.0,1.0,1.0,1.0,1.0,1.0,0.0,1.0,1.0,0.875
3560,9add3630e04fe7c41,True,,,,,,,,,,1.0,0.0,1.0,1.0,1.0,1.0,1.0,1.0,0.0,0.0
3561,3a569f66b0a30418a,True,,,,,,,,,,1.0,1.0,1.0,1.0,0.8805286592471536,1.0,1.0,1.0,0.0,0.8376652060147355
3562,d29fc0876909edc75,True,,,,,,,,,,1.0,1.0,1.0,1.0,0.7282051163283351,1.0,1.0,1.0,0.0,0.7900640988526046
3563,e35c9a585407c6e2a,True,,,,,,,,,,0.0,1.0,1.0,1.0,1.0,0.0,1.0,1.0,1.0,0.0
3564,8ddd0967554f03e92,True,,,,,,,,,,1.0,1.0,1.0,1.0,0.501962235177857,1.0,0.0,1.0,1.0,0.7193631984930803
3565,73f7119a7b5a0b42c,True,,,,,,,,,,1.0,1.0,1.0,1.0,0.7589709303859831,1.0,1.0,1.0,0.0,0.7996784157456197
3566,03a07d09ea9a5a563,True,,,,,,,,,,1.0,1.0,1.0,1.0,0.6653096135381279,0.0,0.0,1.0,0.0,0.332909254230665
3567,46b622275a28d1d2d,True,,,,,,,,,,0.0,0.0,1.0,1.0,1.0,0.0,1.0,1.0,0.0,0.0
3568,514d7497a9ead95b4,True,,,,,,,,,,1.0,1.0,1.0,1.0,0.2556244105100217,1.0,1.0,1.0,1.0,0.7673826282843818
3569,266ccdfd658c4fe17,True,,,,,,,,,,1.0,1.0,0.5,1.0,0.9535442916711496,1.0,0.0,1.0,1.0,0.4302412955736171
3570,8480de05eed695abf,True,,,,,,,,,,1.0,1.0,1.0,1.0,0.791658270801381,1.0,0.0,1.0,0.0,0.6848932096254315
3571,c8bce5ae9777b5139,True,,,,,,,,,,1.0,0.0,1.0,1.0,0.5062880579505491,1.0,1.0,1.0,1.0,0.0
3572,a04d1509b1d00db31,True,,,,,,,,,,1.0,1.0,1.0,1.0,1.0,1.0,1.0,1.0,0.0,0.875
3573,e4dc487d828f489c8,True,,,,,,,,,,1.0,1.0,1.0,1.0,0.6582829947634263,1.0,1.0,1.0,1.0,0.8932134358635707
3574,114bae5e9b92e8933,True,,,,,,,,,,1.0,1.0,1.0,1.0,1.0,1.0,1.0,0.0,0.0,0.75
3575,cd1312c660b0759a0,True,,,,,,,,,,1.0,1.0,1.0,1.0,0.6126433960403219,1.0,0.0,1.0,1.0,0.7539510612626006
3576,b04402bb6e662613d,True,,,,,,,,,,1.0,1.0,1.0,1.0,0.8244242990582287,1.0,1.0,1.0,0.0,0.8201325934556964
3577,6b8247643fb8d921c,True,,,,,,,,,,1.0,1.0,1.0,1.0,0.4701176828334265,1.0,0.0,1.0,0.0,0.5844117758854458
3578,614c25aa5977470dc,True,,,,,,,,,,1.0,1.0,1.0,1.0,0.7577288050434994,1.0,1.0,1.0,1.0,0.9242902515760936
3579,53df090218b63e39f,True,,,,,,,,,,1.0,1.0,1.0,1.0,0.5214663921391847,1.0,1.0,1.0,0.0,0.7254582475434952
3580,66fb23ec0e555548e,True,,,,,,,,,,1.0,1.0,1.0,1.0,0.1776768959100049,1.0,1.0,1.0,1.0,0.7430240299718766
3581,5420830c429c1fcb6,True,,,,,,,,,,1.0,1.0,1.0,1.0,0.6273626260882469,1.0,1.0,1.0,0.0,0.7585508206525772
3582,59b05ded13f97b278,True,,,,,,,,,,1.0,1.0,1.0,1.0,0.7891488392139346,1.0,0.0,1.0,1.0,0.8091090122543546
3583,d5f2dcdb50158c20e,True,,,,,,,,,,1.0,0.0,1.0,1.0,0.3605198876906619,1.0,0.0,1.0,1.0,0.0
3584,0e79638f76319d5dd,True,,,,,,,,,,1.0,1.0,1.0,1.0,0.770065568063003,1.0,1.0,1.0,0.0,0.8031454900196884
3585,1e6bc8862dcc8e9e0,True,,,,,,,,,,1.0,1.0,1.0,1.0,0.7118439172123187,1.0,0.0,1.0,1.0,0.7849512241288495
3586,c950df7be837da65b,True,,,,,,,,,,1.0,1.0,1.0,1.0,1.0,1.0,1.0,1.0,0.0,0.875
3587,fa2224428f7eab22f,True,,,,,,,,,,1.0,1.0,1.0,1.0,1.0,1.0,1.0,1.0,1.0,1.0
3588,a285844e480d8be12,True,,,,,,,,,,1.0,1.0,1.0,1.0,0.2753624272568287,1.0,0.0,1.0,1.0,0.648550758517759
3589,bd0a7b8b83e474560,True,,,,,,,,,,1.0,1.0,1.0,1.0,0.1724185521476534,1.0,0.0,1.0,0.0,0.4913807975461417
3590,7441ab5cb1d596d66,True,,,,,,,,,,1.0,1.0,1.0,1.0,1.0,1.0,1.0,1.0,0.0,0.875
3591,f6f0f9e856ac09aa5,True,,,,,,,,,,1.0,1.0,1.0,1.0,0.518085958714361,1.0,1.0,1.0,0.0,0.7244018620982378
3592,07f73e596a2b2e3ec,True,,,,,,,,,,1.0,1.0,0.5,1.0,0.5552438033849528,1.0,0.0,1.0,1.0,0.3680068442788988
3593,15e9e852fea33e966,True,,,,,,,,,,1.0,1.0,1.0,1.0,1.0,1.0,1.0,1.0,1.0,1.0
3594,af8bb014864eab6d8,True,,,,,,,,,,1.0,1.0,1.0,1.0,0.625726177852754,1.0,0.0,1.0,0.0,0.6330394305789856
3595,8c29c71f168e21bbd,True,,,,,,,,,,1.0,1.0,1.0,1.0,1.0,1.0,1.0,1.0,0.0,0.875
3596,45429b4b5e82551ac,True,,,,,,,,,,0.0,1.0,1.0,1.0,1.0,0.0,1.0,1.0,1.0,0.0
3597,213fb1c5f3fda924e,True,,,,,,,,,,1.0,1.0,0.0,1.0,1.0,1.0,0.0,1.0,1.0,0.0
3598,6bd45348ddbfea0ce,True,,,,,,,,,,1.0,1.0,1.0,1.0,0.3482565304252343,1.0,0.0,0.0,0.0,0.4213301657578857
3599,908b05ed734967ac3,True,,,,,,,,,,1.0,1.0,1.0,1.0,0.669311239849627,1.0,0.0,1.0,1.0,0.7716597624530084
3600,44873a7eb00654595,True,,,,,,,,,,1.0,1.0,1.0,1.0,0.6407996672131808,1.0,0.0,1.0,0.0,0.637749896004119
3601,b3af98bca187d3a52,True,,,,,,,,,,1.0,1.0,0.0,1.0,1.0,0.0,0.0,1.0,0.0,0.0
3602,fed773a2bcad8ee41,True,,,,,,,,,,1.0,1.0,0.0,1.0,1.0,1.0,0.0,1.0,0.0,0.0
3603,252b55b927f05ad09,True,,,,,,,,,,1.0,1.0,1.0,1.0,0.8808348457488737,1.0,1.0,1.0,1.0,0.962760889296523
3604,3eff742f795344f8e,True,,,,,,,,,,1.0,0.0,1.0,1.0,0.1339827668069149,1.0,0.0,1.0,1.0,0.0
3605,fc9d3ef48d94c0485,True,,,,,,,,,,1.0,1.0,0.5,1.0,0.7678207131621652,1.0,0.0,1.0,1.0,0.4012219864315883
3606,68681651575ebbc90,True,,,,,,,,,,1.0,1.0,1.0,1.0,1.0,1.0,0.0,1.0,0.0,0.75
3607,fa5f831bdaa6b6167,True,,,,,,,,,,1.0,1.0,0.5,1.0,1.0,1.0,0.0,1.0,1.0,0.4375
3608,a4bf3773c3567bbdc,True,,,,,,,,,,1.0,1.0,1.0,1.0,0.715095599325983,1.0,1.0,1.0,1.0,0.9109673747893696
3609,17416a9c9123b7bc1,True,,,,,,,,,,1.0,1.0,1.0,1.0,0.7374107214931315,1.0,1.0,1.0,0.0,0.7929408504666036
3610,fb4312a55bc021d23,True,,,,,,,,,,1.0,1.0,1.0,1.0,0.7053113832081526,1.0,1.0,1.0,0.0,0.7829098072525477
3611,14a7cb384c787a167,True,,,,,,,,,,1.0,0.0,1.0,1.0,0.6005893938137652,1.0,1.0,1.0,0.0,0.0
3612,ddb08f9eb92516246,True,,,,,,,,,,1.0,1.0,1.0,1.0,0.5282397663905318,1.0,1.0,1.0,1.0,0.8525749269970412
3613,7124ea8593f4c9b14,True,,,,,,,,,,1.0,1.0,1.0,1.0,1.0,1.0,1.0,1.0,0.0,0.875
3614,9e3f67fd8b392a5d6,True,,,,,,,,,,1.0,1.0,1.0,1.0,0.29743781291074,1.0,1.0,1.0,0.0,0.6554493165346063
3615,2bf5a9368dfcf4f1a,True,,,,,,,,,,1.0,1.0,0.5,1.0,1.0,1.0,1.0,1.0,0.0,0.4375
3616,c107f7eeb5856c0bf,True,,,,,,,,,,1.0,1.0,0.0,1.0,0.8693551246435687,1.0,0.0,1.0,0.0,0.0
3617,24d20a80a611d5e65,True,,,,,,,,,,1.0,1.0,1.0,1.0,0.5565979283447338,1.0,1.0,1.0,1.0,0.8614368526077293
3618,a30c17989141062af,True,,,,,,,,,,1.0,1.0,1.0,1.0,1.0,1.0,0.0,1.0,1.0,0.875
3619,cd7e663897f923d92,True,,,,,,,,,,1.0,1.0,1.0,1.0,0.708310842453943,1.0,0.0,1.0,0.0,0.6588471382668573
3620,2da594e725662f7c5,True,,,,,,,,,,1.0,1.0,1.0,1.0,0.8229240655566475,1.0,1.0,1.0,0.0,0.8196637704864523
3621,3c99b1ada8877591e,True,,,,,,,,,,1.0,1.0,1.0,1.0,0.8994814530835912,1.0,1.0,1.0,0.0,0.8435879540886222
3622,d021a67c53a7865f3,True,,,,,,,,,,1.0,1.0,1.0,1.0,0.6019150156893808,1.0,0.0,1.0,1.0,0.7505984424029315
3623,aedab2f29ef97f26a,True,,,,,,,,,,1.0,1.0,1.0,1.0,0.6037284344722538,1.0,1.0,1.0,1.0,0.8761651357725793
3624,a1852737c84ea03fc,True,,,,,,,,,,1.0,1.0,1.0,1.0,0.4220443939147875,1.0,1.0,1.0,0.0,0.694388873098371
3625,ddfce47695493c151,True,,,,,,,,,,1.0,1.0,1.0,1.0,1.0,1.0,0.0,1.0,0.0,0.75
3626,33d8d746c34cd7fc0,True,,,,,,,,,,1.0,1.0,1.0,1.0,0.6290178064890961,0.0,1.0,1.0,1.0,0.5715680645278425
3627,77f94784109733a34,True,,,,,,,,,,1.0,1.0,1.0,1.0,0.5686540808755428,1.0,0.0,1.0,1.0,0.7402044002736071
3628,69c96d373972cc736,True,,,,,,,,,,1.0,1.0,1.0,1.0,0.2604899159739898,1.0,1.0,1.0,1.0,0.7689030987418718
3629,7c441bc98b8690113,True,,,,,,,,,,1.0,1.0,0.0,1.0,1.0,1.0,0.0,1.0,1.0,0.0
3630,d07109d7827c6eace,True,,,,,,,,,,1.0,1.0,1.0,1.0,0.8262634210551685,1.0,1.0,0.0,1.0,0.8207073190797401
3631,67c494ff455f7fac3,True,,,,,,,,,,1.0,1.0,1.0,1.0,0.190290915555303,1.0,1.0,1.0,0.0,0.6219659111110322
3632,06c6fd20a526803c4,True,,,,,,,,,,1.0,1.0,1.0,1.0,1.0,0.0,1.0,1.0,0.0,0.5625
3633,7dbe15c1329420b90,True,,,,,,,,,,1.0,0.0,1.0,1.0,1.0,1.0,0.0,1.0,1.0,0.0
3634,8a9e6d29520f76dfc,True,,,,,,,,,,1.0,1.0,0.5,1.0,0.7296693201798192,1.0,0.0,1.0,0.0,0.3327608312780967
3635,3b3f6182f292aea44,True,,,,,,,,,,1.0,1.0,1.0,1.0,0.2580664824609572,1.0,1.0,1.0,1.0,0.7681457757690491
3636,72df155b106ed7e16,True,,,,,,,,,,1.0,1.0,1.0,1.0,0.3172685542100952,1.0,1.0,1.0,1.0,0.7866464231906547
3637,cd5e5b17476268370,True,,,,,,,,,,1.0,0.0,1.0,1.0,0.7974917393148764,1.0,0.0,1.0,0.0,0.0
3638,14b4d5dae8ea46cbc,True,,,,,,,,,,1.0,1.0,1.0,1.0,0.8306674591432005,1.0,0.0,1.0,0.0,0.6970835809822502
3639,1aba878032e3e7e6d,True,,,,,,,,,,1.0,1.0,1.0,1.0,0.6926014317107427,1.0,1.0,1.0,1.0,0.9039379474096072
3640,a99d30f928a653d12,True,,,,,,,,,,1.0,1.0,1.0,1.0,0.9514883113271524,1.0,1.0,1.0,1.0,0.9848400972897352
3641,af40e0723b46e7fed,True,,,,,,,,,,1.0,0.0,1.0,1.0,0.1368891806177209,1.0,0.0,1.0,0.0,0.0
3642,e33920fdd8fdbaaae,True,,,,,,,,,,1.0,1.0,1.0,1.0,0.6549726058062888,1.0,0.0,1.0,0.0,0.6421789393144652
3643,d7b9e3963f7cb14e1,True,,,,,,,,,,1.0,1.0,1.0,1.0,0.8874488321067451,1.0,1.0,1.0,0.0,0.8398277600333579
3644,34096e25c51fff4b8,True,,,,,,,,,,1.0,0.0,1.0,1.0,0.7357503557352082,0.0,0.0,1.0,0.0,0.0
3645,b81180657e76ac7aa,True,,,,,,,,,,1.0,1.0,1.0,1.0,0.448241768984512,1.0,1.0,1.0,1.0,0.82757555280766
3646,581c763cd78c9643e,True,,,,,,,,,,1.0,0.0,1.0,1.0,1.0,1.0,1.0,1.0,0.0,0.0
3647,5a9483df05571155b,True,,,,,,,,,,0.0,1.0,1.0,1.0,0.924924891885834,0.0,1.0,1.0,1.0,0.0
3648,0b7a0cf41a68849b4,True,,,,,,,,,,1.0,1.0,1.0,1.0,0.5819875365256688,1.0,1.0,1.0,0.0,0.7443711051642715
3649,0ea9174f9cfe31c0d,True,,,,,,,,,,1.0,1.0,1.0,1.0,0.3980870453783073,1.0,1.0,1.0,1.0,0.811902201680721
3650,a84f9dde85427d73a,True,,,,,,,,,,1.0,1.0,1.0,1.0,0.9574650030235388,1.0,1.0,1.0,0.0,0.8617078134448559
3651,ceeb78663a0b4f09b,True,,,,,,,,,,1.0,1.0,1.0,1.0,0.700741737230966,0.0,0.0,1.0,1.0,0.4689817928846769
3652,a6f2bb94eb4ae6278,True,,,,,,,,,,0.0,1.0,1.0,1.0,1.0,0.0,1.0,1.0,0.0,0.0
3653,a4e2233cf54403d43,True,,,,,,,,,,1.0,1.0,1.0,1.0,0.6346877089302956,1.0,1.0,1.0,0.0,0.7608399090407174
3654,79a8aa64c00991061,True,,,,,,,,,,1.0,1.0,0.5,1.0,0.9340358439476542,1.0,0.0,1.0,0.0,0.364693100616821
3655,a1de70408377fb037,True,,,,,,,,,,1.0,1.0,1.0,1.0,0.7948834821119283,1.0,1.0,1.0,1.0,0.9359010881599776
3656,b42c321597e6726d4,True,,,,,,,,,,1.0,1.0,0.5,1.0,1.0,1.0,0.0,1.0,0.0,0.375
3657,f6439042fbc2b78de,True,,,,,,,,,,1.0,1.0,1.0,1.0,0.2404028492115205,1.0,1.0,1.0,1.0,0.7626258903786002
3658,0352c14b8d7493b9a,True,,,,,,,,,,1.0,1.0,1.0,1.0,0.622261522046104,1.0,0.0,1.0,0.0,0.6319567256394075
3659,456c64c9a6cfefe27,True,,,,,,,,,,1.0,1.0,1.0,1.0,0.5396369733725196,1.0,1.0,1.0,0.0,0.7311365541789123
3660,04fdae6a66181ea6f,True,,,,,,,,,,1.0,0.0,1.0,1.0,1.0,1.0,0.0,1.0,0.0,0.0
3661,594f782a45aefdedc,True,,,,,,,,,,1.0,1.0,1.0,1.0,1.0,0.0,0.0,1.0,1.0,0.5625
3662,88d4924ebb1940ca0,True,,,,,,,,,,1.0,1.0,1.0,1.0,0.1510988758058275,1.0,1.0,1.0,1.0,0.7347183986893211
3663,1bd9daba7d7d502b0,True,,,,,,,,,,1.0,1.0,1.0,1.0,0.9002720141918024,1.0,1.0,1.0,1.0,0.9688350044349384
3664,3dade981d5c5fb068,True,,,,,,,,,,1.0,0.0,1.0,1.0,0.7461651368616342,1.0,1.0,1.0,0.0,0.0
3665,3dd52ad2d0d369330,True,,,,,,,,,,1.0,1.0,1.0,1.0,0.6474127710579831,1.0,0.0,1.0,1.0,0.7648164909556197
3666,1dc510be8e058122d,True,,,,,,,,,,1.0,1.0,1.0,1.0,0.5816221633992891,1.0,1.0,1.0,0.0,0.7442569260622778
3667,f75452f2564e8f2ae,True,,,,,,,,,,1.0,1.0,1.0,1.0,0.8185930557995564,1.0,0.0,1.0,1.0,0.8183103299373614
3668,90b96d597a7a1dd74,True,,,,,,,,,,1.0,1.0,1.0,1.0,0.5834390287022067,1.0,1.0,1.0,1.0,0.8698246964694396
3669,aae1bf6255a96ecbe,True,,,,,,,,,,1.0,1.0,1.0,1.0,0.985691816742922,1.0,1.0,1.0,0.0,0.8705286927321632
3670,87d737da1d3ba4b40,True,,,,,,,,,,1.0,1.0,1.0,1.0,0.7018006842864545,1.0,1.0,1.0,1.0,0.906812713839517
3671,cbeda6fcf87d3407c,True,,,,,,,,,,1.0,1.0,1.0,1.0,0.5355433276678471,1.0,1.0,1.0,0.0,0.7298572898962022
3672,d6cd8e55b889c7739,True,,,,,,,,,,0.0,1.0,1.0,1.0,0.7420176246282928,1.0,0.0,1.0,0.0,0.0
3673,1a873a18080ef431b,True,,,,,,,,,,0.0,1.0,1.0,1.0,1.0,0.0,1.0,1.0,1.0,0.0
3674,c3b8d6641081a7618,True,,,,,,,,,,1.0,0.0,1.0,1.0,1.0,1.0,1.0,1.0,0.0,0.0
3675,36c78e1f966d78d1b,True,,,,,,,,,,1.0,1.0,1.0,1.0,0.3545762294907367,1.0,1.0,1.0,1.0,0.7983050717158553
3676,17848b0db348eea20,True,,,,,,,,,,1.0,1.0,1.0,1.0,0.8262367592595876,1.0,1.0,1.0,0.0,0.8206989872686211
3677,f8269fa1de4da78ec,True,,,,,,,,,,1.0,1.0,1.0,1.0,0.987643521558778,1.0,1.0,1.0,1.0,0.9961386004871182
3678,cd55f0d35ddb36337,True,,,,,,,,,,1.0,1.0,1.0,1.0,0.7946617954511511,1.0,0.0,1.0,0.0,0.6858318110784847
3679,3108d12aec681dcb0,True,,,,,,,,,,1.0,1.0,1.0,1.0,0.1283955865517455,1.0,0.0,1.0,1.0,0.6026236207974205
3680,b7e991a05053bf3b9,True,,,,,,,,,,1.0,1.0,0.0,1.0,1.0,1.0,0.0,1.0,0.0,0.0
3681,0cd9ea86052a0b8e1,True,,,,,,,,,,1.0,1.0,1.0,1.0,0.8026919743488431,1.0,1.0,1.0,1.0,0.9383412419840136
3682,b545597d491f4a96e,True,,,,,,,,,,1.0,1.0,1.0,1.0,1.0,1.0,1.0,1.0,1.0,1.0
3683,dedf2ffe66804a16a,True,,,,,,,,,,1.0,0.0,1.0,1.0,0.7365493517564824,1.0,1.0,1.0,0.0,0.0
3684,e4fca12e85b84a61b,True,,,,,,,,,,0.0,0.0,1.0,1.0,1.0,0.0,1.0,1.0,0.0,0.0
3685,6a64e3a4f1172e34a,True,,,,,,,,,,1.0,1.0,1.0,1.0,1.0,1.0,0.0,1.0,1.0,0.875
3686,ecccff94c00a6bd77,True,,,,,,,,,,0.0,1.0,1.0,1.0,1.0,0.0,1.0,1.0,0.0,0.0
3687,f0d9c76a3b3a29839,True,,,,,,,,,,1.0,1.0,1.0,1.0,1.0,1.0,0.0,1.0,1.0,0.875
3688,2f7d514e5c41a23d7,True,,,,,,,,,,1.0,1.0,0.0,1.0,1.0,1.0,0.0,1.0,0.0,0.0
3689,1484a0a00421bfda6,True,,,,,,,,,,1.0,0.0,1.0,1.0,0.1521434751081926,1.0,1.0,1.0,0.0,0.0
3690,219cbcce551252eb2,True,,,,,,,,,,1.0,0.0,1.0,1.0,0.448505723691369,0.0,0.0,1.0,1.0,0.0
3691,0d51246322745f1a6,True,,,,,,,,,,1.0,1.0,1.0,1.0,0.7166232111637413,1.0,0.0,1.0,1.0,0.7864447534886692
3692,043b764789a077f63,True,,,,,,,,,,1.0,1.0,1.0,1.0,0.7715884644553589,1.0,1.0,1.0,1.0,0.9286213951422996
3693,4fe667077cf665671,True,,,,,,,,,,1.0,1.0,1.0,1.0,1.0,1.0,0.0,1.0,0.0,0.75
3694,8b44ee25391ad8a73,True,,,,,,,,,,1.0,1.0,1.0,1.0,1.0,1.0,1.0,1.0,1.0,1.0
3695,d12e9fb682bb31656,True,,,,,,,,,,0.0,1.0,0.0,1.0,1.0,0.0,0.0,0.0,0.0,0.0
3696,7f520a3f0158554b6,True,,,,,,,,,,0.0,1.0,1.0,1.0,1.0,0.0,0.0,1.0,1.0,0.0
3697,7dd030c5962831b4d,True,,,,,,,,,,1.0,1.0,1.0,1.0,0.7302674070207238,1.0,1.0,1.0,0.0,0.7907085646939762
3698,1e4fec4c7ed8b79e5,True,,,,,,,,,,1.0,1.0,1.0,1.0,0.4697658931673966,1.0,1.0,1.0,0.0,0.7093018416148115
3699,6bb22c30119ed991a,True,,,,,,,,,,1.0,1.0,1.0,1.0,0.3718843143253684,1.0,0.0,1.0,1.0,0.6787138482266777
3700,974c47a86ec212e1d,True,,,,,,,,,,1.0,1.0,0.5,1.0,1.0,1.0,0.0,1.0,0.0,0.375
3701,13aeb83dad95704fa,True,,,,,,,,,,1.0,1.0,1.0,1.0,1.0,1.0,0.0,1.0,0.0,0.75
3702,39db66b6b4731fede,True,,,,,,,,,,1.0,1.0,1.0,1.0,0.8400469732831484,1.0,1.0,1.0,0.0,0.8250146791509838
3703,aa7d114cf25b1f9f0,True,,,,,,,,,,1.0,1.0,1.0,1.0,0.7135939766091881,1.0,0.0,1.0,1.0,0.7854981176903713
3704,01e9b170c5c1365c4,True,,,,,,,,,,1.0,1.0,1.0,1.0,0.8267079952028213,1.0,1.0,1.0,0.0,0.8208462485008816
3705,abeae7488b509687d,True,,,,,,,,,,1.0,1.0,0.5,1.0,0.7054235694452983,1.0,0.0,1.0,0.0,0.3289724327258279
3706,c73b72769d48ae4f5,True,,,,,,,,,,1.0,0.0,1.0,1.0,1.0,1.0,1.0,1.0,1.0,0.0
3707,119f45080f686caca,True,,,,,,,,,,1.0,1.0,1.0,1.0,0.4456382251479789,1.0,1.0,1.0,1.0,0.8267619453587434
3708,ae43de39d8b2ab73c,True,,,,,,,,,,1.0,1.0,1.0,1.0,0.0,1.0,0.0,1.0,1.0,0.5625
3709,8ccebe9711753a11b,True,,,,,,,,,,1.0,1.0,1.0,1.0,0.1562687270975813,1.0,1.0,1.0,0.0,0.6113339772179942
3710,c4a1482387b6b8440,True,,,,,,,,,,1.0,1.0,1.0,1.0,1.0,1.0,1.0,1.0,1.0,1.0
3711,8fc9c5ae5ccfdda02,True,,,,,,,,,,1.0,1.0,1.0,1.0,0.4271984737931458,1.0,1.0,1.0,1.0,0.8209995230603581
3712,bd2a4f1bdd5605e62,True,,,,,,,,,,1.0,1.0,1.0,1.0,0.7827773243896317,1.0,0.0,1.0,1.0,0.8071179138717599
3713,bdefe051b162261a4,True,,,,,,,,,,1.0,0.0,1.0,1.0,1.0,1.0,1.0,1.0,0.0,0.0
3714,ac3ff7df2071920ad,True,,,,,,,,,,1.0,1.0,1.0,1.0,1.0,1.0,0.0,1.0,0.0,0.75
3715,030798975779630c4,True,,,,,,,,,,1.0,1.0,1.0,1.0,1.0,1.0,0.0,1.0,0.0,0.75
3716,ab20f07e685b59761,True,,,,,,,,,,1.0,1.0,1.0,1.0,0.5244042301431424,1.0,1.0,1.0,0.0,0.726376321919732
3717,c5566cb2cc7d0ff52,True,,,,,,,,,,1.0,1.0,1.0,1.0,0.8091332458409507,1.0,1.0,1.0,0.0,0.8153541393252971
3718,7b4787e090d286d89,True,,,,,,,,,,1.0,1.0,0.5,1.0,0.7362352962189664,1.0,0.0,1.0,0.0,0.3337867650342135
3719,68becb68da6734f1a,True,,,,,,,,,,1.0,1.0,1.0,1.0,0.8652296241525499,1.0,1.0,1.0,1.0,0.9578842575476718
3720,eeae7aeaf248f7830,True,,,,,,,,,,1.0,1.0,0.0,1.0,1.0,1.0,0.0,1.0,0.0,0.0
3721,b740de6b775b4ec70,True,,,,,,,,,,1.0,1.0,1.0,1.0,0.0342804938514012,1.0,1.0,1.0,1.0,0.6982126543285629
3722,355e5bb60c8fb0793,True,,,,,,,,,,1.0,1.0,0.5,1.0,1.0,1.0,0.0,1.0,0.0,0.375
3723,c92c8161fb36eab75,True,,,,,,,,,,1.0,1.0,1.0,1.0,0.6229743277211691,1.0,0.0,1.0,0.0,0.6321794774128653
3724,f573807ec3756dc53,True,,,,,,,,,,1.0,1.0,1.0,1.0,0.6932565347399173,1.0,1.0,1.0,0.0,0.7791426671062242
3725,c624adea428b6fde5,True,,,,,,,,,,1.0,1.0,1.0,1.0,0.6013545188881898,1.0,1.0,1.0,0.0,0.7504232871525593
3726,c64e0d6194293f51e,True,,,,,,,,,,1.0,1.0,1.0,1.0,0.2991398195726985,1.0,1.0,1.0,0.0,0.6559811936164683
3727,e0b4f883827dd8c7f,True,,,,,,,,,,1.0,1.0,1.0,1.0,0.5665168339850484,1.0,1.0,1.0,1.0,0.8645365106203275
3728,0389a1afc56cd9768,True,,,,,,,,,,1.0,1.0,1.0,1.0,0.8335851394255868,1.0,0.0,1.0,1.0,0.8229953560704959
3729,59837e4159b9ac2a4,True,,,,,,,,,,1.0,1.0,1.0,1.0,0.7719482403161622,1.0,0.0,1.0,1.0,0.8037338250988006
3730,046b8681d380244e2,True,,,,,,,,,,1.0,1.0,1.0,1.0,0.746622004090932,1.0,0.0,1.0,0.0,0.6708193762784163
3731,17e36b4f4f12c5fd5,True,,,,,,,,,,1.0,1.0,1.0,1.0,0.72492219469509,1.0,1.0,1.0,1.0,0.9140381858422156
3732,1291da52f5c1dfbde,True,,,,,,,,,,1.0,1.0,0.5,1.0,0.7120651607613911,1.0,0.0,1.0,0.0,0.3300101813689673
3733,87b69a9da5677bf5b,True,,,,,,,,,,1.0,1.0,1.0,1.0,0.6791099397480677,1.0,0.0,1.0,1.0,0.7747218561712712
3734,95972dc9532711131,True,,,,,,,,,,1.0,1.0,1.0,1.0,1.0,1.0,0.0,1.0,0.0,0.75
3735,7681847aa2ebf24e0,True,,,,,,,,,,1.0,0.0,1.0,1.0,1.0,1.0,0.0,1.0,0.0,0.0
3736,881d6a8509303a3b0,True,,,,,,,,,,1.0,1.0,1.0,1.0,0.5216755110977631,1.0,1.0,1.0,0.0,0.7255235972180509
3737,e26b9a326897c57c3,True,,,,,,,,,,1.0,1.0,0.5,1.0,0.6267212232408522,1.0,0.0,1.0,1.0,0.3791751911313831
3738,a9a2a4ccbd1a06bee,True,,,,,,,,,,1.0,1.0,1.0,1.0,0.9591504541223396,1.0,1.0,1.0,0.0,0.862234516913231
3739,ddf4d43735ce80242,True,,,,,,,,,,1.0,1.0,0.5,1.0,1.0,0.0,0.0,1.0,0.0,0.21875
3740,c82835c09890be38b,True,,,,,,,,,,1.0,0.0,1.0,1.0,0.7042384310523072,1.0,1.0,1.0,0.0,0.0
3741,fb36ad22580aff945,True,,,,,,,,,,1.0,1.0,0.0,1.0,1.0,1.0,0.0,1.0,0.0,0.0
3742,31cff30cd9b0dac82,True,,,,,,,,,,1.0,1.0,1.0,1.0,0.1625499688890442,1.0,1.0,1.0,0.0,0.6132968652778263
3743,a69f76adb6218f06b,True,,,,,,,,,,1.0,1.0,1.0,1.0,0.2224355467471262,1.0,1.0,0.0,0.0,0.507011108358477
3744,567b7524457bc9d98,True,,,,,,,,,,1.0,0.0,1.0,1.0,0.6301134325923927,1.0,0.0,1.0,1.0,0.0
3745,2a61f186fe92b261b,True,,,,,,,,,,0.0,1.0,0.0,1.0,1.0,0.0,0.0,1.0,0.0,0.0
3746,4930cf1a642d2c66b,True,,,,,,,,,,1.0,1.0,1.0,1.0,1.0,0.0,1.0,1.0,0.0,0.5625
3747,8124438bc47b3654f,True,,,,,,,,,,1.0,1.0,0.0,1.0,1.0,1.0,0.0,1.0,0.0,0.0
3748,27f023bf8333f5410,True,,,,,,,,,,1.0,1.0,1.0,1.0,0.4607386855578617,1.0,1.0,1.0,0.0,0.7064808392368318
3749,88f98f8020b3e0f5f,True,,,,,,,,,,1.0,1.0,0.5,1.0,1.0,1.0,0.0,0.0,0.0,0.3125
3750,5b387bb6b49ae731a,True,,,,,,,,,,1.0,1.0,1.0,1.0,0.64426444193967,1.0,0.0,1.0,1.0,0.7638326381061469
3751,ad16a8e4063d7973e,True,,,,,,,,,,1.0,1.0,1.0,1.0,0.5866785400854155,1.0,1.0,1.0,1.0,0.8708370437766924
3752,3b13a581a5a50dcdd,True,,,,,,,,,,1.0,1.0,1.0,1.0,0.7613692673646122,1.0,0.0,1.0,0.0,0.6754278960514413
3753,b1c87adfc82a52734,True,,,,,,,,,,1.0,1.0,1.0,1.0,1.0,1.0,0.0,1.0,1.0,0.875
3754,21dda72ce686d45f5,True,,,,,,,,,,1.0,1.0,0.5,1.0,1.0,1.0,0.0,1.0,1.0,0.4375
3755,d7e2b5995b440ae0b,True,,,,,,,,,,1.0,1.0,1.0,1.0,1.0,1.0,1.0,1.0,1.0,1.0
3756,24c8b908f552c5946,True,,,,,,,,,,1.0,1.0,1.0,1.0,0.1698474738060247,1.0,0.0,1.0,0.0,0.4905773355643827
3757,72a853c092fda384e,True,,,,,,,,,,1.0,1.0,1.0,1.0,1.0,1.0,0.0,1.0,0.0,0.75
3758,c03a37189cd1ca69a,True,,,,,,,,,,0.0,1.0,1.0,1.0,1.0,0.0,0.0,1.0,0.0,0.0
3759,709f734811414136f,True,,,,,,,,,,1.0,0.0,1.0,1.0,1.0,1.0,1.0,1.0,1.0,0.0
3760,53829d49d04c9df23,True,,,,,,,,,,1.0,0.0,1.0,1.0,0.4647151468371315,1.0,0.0,1.0,1.0,0.0
3761,feeaa6210f5b68928,True,,,,,,,,,,1.0,1.0,1.0,1.0,0.5462990746670044,1.0,0.0,1.0,0.0,0.6082184608334389
3762,2114731f5f6cae12c,True,,,,,,,,,,1.0,1.0,1.0,1.0,0.7200768604441377,1.0,0.0,1.0,1.0,0.7875240188887931
3763,b6d61abe346b88db3,True,,,,,,,,,,1.0,1.0,1.0,1.0,0.8015567642045457,1.0,1.0,1.0,1.0,0.9379864888139204
3764,f5cba35a5a2bc646e,True,,,,,,,,,,1.0,1.0,1.0,1.0,0.6210098304796019,1.0,1.0,1.0,1.0,0.8815655720248756
3765,70fff47737f1e15b4,True,,,,,,,,,,1.0,1.0,1.0,1.0,0.5206024283508727,1.0,1.0,1.0,0.0,0.7251882588596477
3766,d1dbac626089838d2,True,,,,,,,,,,1.0,1.0,0.0,1.0,1.0,1.0,0.0,1.0,1.0,0.0
3767,4c0a5d617a08c1e9e,True,,,,,,,,,,1.0,1.0,1.0,1.0,0.2678676639440931,1.0,1.0,1.0,1.0,0.7712086449825291
3768,c807c2486a7897e81,True,,,,,,,,,,1.0,1.0,1.0,1.0,0.5774370910870882,0.0,1.0,1.0,1.0,0.5554490909647151
3769,65bcd286d06e02669,True,,,,,,,,,,1.0,1.0,1.0,1.0,0.5221487743706611,1.0,1.0,1.0,1.0,0.8506714919908316
3770,4a6a0597bd6bf2f20,True,,,,,,,,,,1.0,1.0,1.0,1.0,1.0,1.0,1.0,1.0,1.0,1.0
3771,e9a805fef6295d90c,True,,,,,,,,,,1.0,0.0,0.5,1.0,1.0,1.0,0.0,1.0,0.0,0.0
3772,4b48232c28699eff0,True,,,,,,,,,,1.0,1.0,1.0,1.0,0.8713914485075996,1.0,1.0,1.0,1.0,0.9598098276586248
3773,11f7a7f38a5e98d20,True,,,,,,,,,,1.0,1.0,1.0,1.0,0.8149156737152714,1.0,1.0,1.0,0.0,0.8171611480360224
3774,256b8c1f799d1f6a1,True,,,,,,,,,,1.0,1.0,1.0,1.0,0.5142527898576134,1.0,0.0,1.0,1.0,0.7232039968305042
3775,be44491ed8588df81,True,,,,,,,,,,1.0,1.0,1.0,1.0,1.0,1.0,1.0,1.0,0.0,0.875
3776,f878117d44bbeb817,True,,,,,,,,,,1.0,1.0,1.0,1.0,1.0,1.0,0.0,1.0,1.0,0.875
3777,7904bcffe314d0056,True,,,,,,,,,,1.0,1.0,1.0,1.0,1.0,1.0,1.0,1.0,0.0,0.875
3778,0ea26c79c5e97b269,True,,,,,,,,,,1.0,1.0,1.0,1.0,0.4164497712898599,1.0,0.0,1.0,1.0,0.6926405535280812
3779,19211d8eac9c62147,True,,,,,,,,,,1.0,1.0,1.0,1.0,0.5851382001594538,1.0,0.0,1.0,1.0,0.7453556875498293
3780,ebc9bb73d92a43a32,True,,,,,,,,,,1.0,1.0,1.0,1.0,0.7392517279587876,1.0,1.0,1.0,1.0,0.9185161649871212
3781,272d0fb68e72a32c3,True,,,,,,,,,,1.0,1.0,0.0,1.0,1.0,1.0,1.0,1.0,1.0,0.0
3782,7e640664f4c19d17e,True,,,,,,,,,,1.0,0.0,1.0,1.0,1.0,1.0,0.0,1.0,1.0,0.0
3783,1cee104dd05ce3a78,True,,,,,,,,,,1.0,1.0,1.0,1.0,0.5277169731018164,1.0,1.0,0.0,0.0,0.6024115540943176
3784,7e21d3337e4e59b97,True,,,,,,,,,,1.0,1.0,1.0,1.0,0.6994235639163194,1.0,0.0,1.0,1.0,0.7810698637238498
3785,2886484dc5237f884,True,,,,,,,,,,1.0,1.0,1.0,1.0,0.5580285488537728,1.0,1.0,1.0,1.0,0.861883921516804
3786,a8335bbfcf7c51cd5,True,,,,,,,,,,1.0,1.0,1.0,1.0,0.8021152163977785,1.0,0.0,1.0,0.0,0.6881610051243058
3787,6e32b9a6c91fe85dc,True,,,,,,,,,,1.0,1.0,1.0,1.0,1.0,1.0,0.0,1.0,1.0,0.875
3788,a9400ab68fb27ff72,True,,,,,,,,,,1.0,1.0,0.5,1.0,1.0,1.0,0.0,1.0,0.0,0.375
3789,ab9b0531b8d7800ce,True,,,,,,,,,,1.0,0.0,1.0,1.0,0.5726540274972161,1.0,0.0,1.0,0.0,0.0
3790,6689a93bda6a6470b,True,,,,,,,,,,1.0,1.0,1.0,1.0,0.8659688470265613,1.0,1.0,1.0,1.0,0.9581152646958004
3791,fb9996df723745a05,True,,,,,,,,,,1.0,1.0,1.0,1.0,0.6730864346227452,1.0,0.0,1.0,0.0,0.6478395108196079
3792,aefb28d15c78ef21c,True,,,,,,,,,,0.0,1.0,1.0,1.0,1.0,0.0,1.0,0.0,0.0,0.0
3793,05ca5a62ce0754a30,True,,,,,,,,,,1.0,1.0,1.0,1.0,0.7538339440615032,1.0,0.0,1.0,0.0,0.6730731075192198
3794,c35bfd24684ea8d55,True,,,,,,,,,,1.0,1.0,1.0,1.0,0.8467791898760667,0.0,0.0,1.0,1.0,0.5146184968362708
3795,4f6a928a2fd54c0ce,True,,,,,,,,,,0.5,1.0,1.0,1.0,1.0,0.0,1.0,1.0,1.0,0.34375
3796,cd294e9205c77defd,True,,,,,,,,,,1.0,1.0,1.0,1.0,0.7238481541823835,1.0,0.0,1.0,1.0,0.7887025481819948
3797,17ff329e83009189d,True,,,,,,,,,,1.0,1.0,0.5,1.0,0.4868935770382427,1.0,0.0,1.0,1.0,0.3573271214122254
3798,4de6ba672dc37ec25,True,,,,,,,,,,1.0,1.0,1.0,1.0,1.0,1.0,0.0,1.0,1.0,0.875
3799,b50c1c40b51d7211f,True,,,,,,,,,,1.0,1.0,1.0,1.0,0.5046765573355494,1.0,0.0,1.0,0.0,0.5952114241673592
3800,2bf48c9a1af27a0a1,True,,,,,,,,,,1.0,1.0,1.0,1.0,0.5825696125746805,1.0,1.0,1.0,1.0,0.8695530039295877
3801,1c719a50f45d2db1e,True,,,,,,,,,,1.0,1.0,1.0,1.0,0.8151339492335962,1.0,1.0,1.0,1.0,0.9422293591354988
3802,7e63683bda8a632ba,True,,,,,,,,,,1.0,1.0,1.0,1.0,0.3703108773775989,1.0,1.0,1.0,1.0,0.8032221491804996
3803,bfd4cb9e2a8bebc15,True,,,,,,,,,,1.0,1.0,1.0,1.0,0.7338600471744026,1.0,0.0,1.0,0.0,0.6668312647420008
3804,c6e091204feb3069c,True,,,,,,,,,,1.0,1.0,1.0,1.0,0.5415962175518039,1.0,1.0,1.0,0.0,0.7317488179849387
3805,5a89225b2405d13d7,True,,,,,,,,,,1.0,1.0,1.0,1.0,0.6411803246408975,1.0,0.0,1.0,1.0,0.7628688514502805
3806,59361619b736fa71d,True,,,,,,,,,,1.0,1.0,0.5,1.0,0.8974081620525304,1.0,0.0,1.0,1.0,0.4214700253207079
3807,94a40142f4cb7e391,True,,,,,,,,,,1.0,1.0,1.0,1.0,0.3908907601458236,1.0,1.0,1.0,0.0,0.6846533625455699
3808,6883dd210767ef27d,True,,,,,,,,,,1.0,1.0,1.0,1.0,0.556772662412379,1.0,1.0,1.0,1.0,0.8614914570038684
3809,f3374bc1daec15012,True,,,,,,,,,,1.0,1.0,1.0,1.0,0.5700610056737367,1.0,0.0,1.0,0.0,0.6156440642730427
3810,9eba308c132370234,True,,,,,,,,,,1.0,1.0,1.0,1.0,0.54854387251842,1.0,0.0,1.0,1.0,0.7339199601620062
3811,61261a713792f46b2,True,,,,,,,,,,1.0,1.0,1.0,1.0,0.6109550895606455,1.0,0.0,1.0,1.0,0.7534234654877017
3812,d7cb69340aa436966,True,,,,,,,,,,1.0,1.0,1.0,1.0,0.3704817720802724,1.0,1.0,1.0,1.0,0.8032755537750851
3813,9cb5545908502a26c,True,,,,,,,,,,1.0,1.0,1.0,1.0,0.2393957542850759,1.0,1.0,1.0,0.0,0.6373111732140863
3814,ffe8f133ba4da683b,True,,,,,,,,,,1.0,1.0,1.0,1.0,0.6762671113676926,1.0,1.0,0.0,0.0,0.648833472302404
3815,ecc22288ebf17a22e,True,,,,,,,,,,1.0,1.0,1.0,1.0,1.0,1.0,1.0,1.0,1.0,1.0
3816,5177a4ffa159dea26,True,,,,,,,,,,1.0,1.0,1.0,1.0,1.0,1.0,1.0,1.0,0.0,0.875
3817,90bd22f98b4c8c0db,True,,,,,,,,,,1.0,1.0,1.0,1.0,0.2997246280030514,1.0,0.0,1.0,0.0,0.5311639462509535
3818,cb000016d3d61dd05,True,,,,,,,,,,0.0,1.0,1.0,1.0,1.0,0.0,1.0,1.0,0.0,0.0
3819,99f90a71ce3411a4f,True,,,,,,,,,,0.0,1.0,0.0,1.0,1.0,0.0,0.0,1.0,0.0,0.0
3820,c9a4a1c914e8a249d,True,,,,,,,,,,1.0,0.0,1.0,1.0,1.0,1.0,1.0,1.0,0.0,0.0
3821,e7a9f463ef537b333,True,,,,,,,,,,1.0,1.0,1.0,1.0,1.0,1.0,1.0,1.0,1.0,1.0
3822,686930fbb99ca475c,True,,,,,,,,,,1.0,1.0,1.0,1.0,0.2454534653241324,1.0,0.0,1.0,1.0,0.6392042079137914
3823,308f14ec6e576e4d7,True,,,,,,,,,,1.0,1.0,1.0,1.0,0.4260457160354601,0.0,0.0,1.0,1.0,0.3831392862610813
3824,7077621a398aa2bf0,True,,,,,,,,,,1.0,1.0,1.0,1.0,0.5760502314470404,1.0,1.0,1.0,1.0,0.8675156973272001
3825,2917a71e0e9572784,True,,,,,,,,,,1.0,1.0,1.0,1.0,0.8718032541147231,1.0,0.0,1.0,1.0,0.834938516910851
3826,0c9af5dd9b0259374,True,,,,,,,,,,0.0,1.0,1.0,0.0,1.0,0.0,1.0,1.0,0.0,0.0
3827,c02fa35875ea4e3e1,True,,,,,,,,,,1.0,1.0,1.0,1.0,0.354952390893292,1.0,1.0,1.0,1.0,0.7984226221541537
3828,4eec744ab28fc824f,True,,,,,,,,,,1.0,1.0,1.0,1.0,1.0,1.0,0.0,1.0,1.0,0.875
3829,720fbcef3959511d0,True,,,,,,,,,,0.0,1.0,1.0,1.0,1.0,0.0,1.0,1.0,1.0,0.0
3830,d7806477ce81cf2b8,True,,,,,,,,,,1.0,1.0,1.0,1.0,0.7914577521086417,1.0,1.0,1.0,1.0,0.9348305475339505
3831,aecefddf9e7523945,True,,,,,,,,,,1.0,1.0,1.0,1.0,0.2923878322951418,1.0,1.0,1.0,1.0,0.7788711975922318
3832,1cdaa96068632401f,True,,,,,,,,,,1.0,1.0,1.0,1.0,0.4639395285279576,1.0,1.0,1.0,0.0,0.7074811026649868
3833,6d3e5e6a1c2f52b9a,True,,,,,,,,,,1.0,1.0,1.0,1.0,1.0,1.0,1.0,1.0,1.0,1.0
3834,ffe0db4c4b5ed141a,True,,,,,,,,,,1.0,1.0,0.5,1.0,1.0,1.0,0.0,1.0,1.0,0.4375
3835,bccac7c12e34ccda7,True,,,,,,,,,,1.0,1.0,1.0,1.0,0.7402544274251839,1.0,1.0,1.0,0.0,0.7938295085703699
3836,d4866f416d8d48597,True,,,,,,,,,,1.0,1.0,1.0,1.0,1.0,1.0,1.0,1.0,0.0,0.875
3837,03a6d53a889503fa1,True,,,,,,,,,,1.0,0.0,0.0,1.0,1.0,1.0,0.0,0.0,0.0,0.0
3838,34e7a39f33ba4f108,True,,,,,,,,,,0.0,1.0,1.0,1.0,1.0,0.0,1.0,1.0,0.0,0.0
3839,4eb8b4fdc3085e121,True,,,,,,,,,,1.0,1.0,1.0,1.0,1.0,1.0,1.0,1.0,1.0,1.0
3840,c999a24e14bcd26f6,True,,,,,,,,,,1.0,1.0,1.0,1.0,0.5813161570480455,1.0,1.0,1.0,0.0,0.7441612990775142
3841,fb243ec63be645481,True,,,,,,,,,,1.0,1.0,1.0,1.0,0.835657425992177,1.0,1.0,1.0,0.0,0.8236429456225554
3842,492bf2330bca28ca8,True,,,,,,,,,,1.0,1.0,1.0,1.0,0.7744142091210857,1.0,1.0,1.0,0.0,0.8045044403503393
3843,ad123ee37bc2eb842,True,,,,,,,,,,1.0,1.0,1.0,1.0,0.5592354538722104,1.0,0.0,1.0,0.0,0.6122610793350658
3844,c0a268f5942ff8fac,True,,,,,,,,,,1.0,1.0,1.0,1.0,1.0,1.0,1.0,1.0,1.0,1.0
3845,e472efc62c061addf,True,,,,,,,,,,1.0,1.0,1.0,1.0,0.2982203804696721,1.0,1.0,1.0,0.0,0.6556938688967726
3846,fc50c3e2408f9caad,True,,,,,,,,,,1.0,0.0,0.0,1.0,1.0,1.0,0.0,1.0,0.0,0.0
3847,a70343efbae4bbaab,True,,,,,,,,,,1.0,0.0,1.0,1.0,1.0,1.0,0.0,1.0,0.0,0.0
3848,a31ca4af2bc4ff90a,True,,,,,,,,,,1.0,1.0,1.0,1.0,0.8280872800076279,1.0,0.0,1.0,0.0,0.6962772750023838
3849,5e206e9ebf880f3f3,True,,,,,,,,,,1.0,1.0,1.0,1.0,0.7993692977364251,1.0,0.0,1.0,1.0,0.8123029055426328
3850,f94ffca3fb08a2c86,True,,,,,,,,,,1.0,1.0,0.0,1.0,0.9910548015649708,1.0,0.0,1.0,1.0,0.0
3851,f5d454a22e5731c5a,True,,,,,,,,,,1.0,1.0,1.0,1.0,0.2424219080586767,1.0,1.0,1.0,0.0,0.6382568462683365
3852,f69feac0ce4643512,True,,,,,,,,,,1.0,1.0,1.0,1.0,0.229704749569176,1.0,1.0,1.0,0.0,0.6342827342403675
3853,2acdb8c02a4722af1,True,,,,,,,,,,1.0,1.0,1.0,1.0,1.0,1.0,0.0,1.0,1.0,0.875
3854,38237140ae3e57418,True,,,,,,,,,,1.0,1.0,1.0,1.0,0.6734234181834425,1.0,0.0,1.0,1.0,0.7729448181823257
3855,546ea00bc8516f8dc,True,,,,,,,,,,1.0,0.0,1.0,1.0,1.0,1.0,1.0,1.0,1.0,0.0
3856,2fde3a5e36412e1a9,True,,,,,,,,,,1.0,0.0,1.0,1.0,1.0,1.0,1.0,1.0,1.0,0.0
3857,b909db4a1499a9c5b,True,,,,,,,,,,1.0,1.0,1.0,1.0,0.7932173239548128,1.0,1.0,1.0,0.0,0.810380413735879
3858,3e4a969700de7141a,True,,,,,,,,,,0.0,1.0,1.0,1.0,1.0,0.0,0.0,1.0,0.0,0.0
3859,88d4b366c4eb714be,True,,,,,,,,,,1.0,1.0,1.0,1.0,0.8400907920935309,1.0,0.0,1.0,0.0,0.7000283725292284
3860,27d64cbd86e07452b,True,,,,,,,,,,0.0,1.0,1.0,0.0,1.0,0.0,1.0,1.0,0.0,0.0
3861,864a83021c759e07e,True,,,,,,,,,,1.0,0.0,0.5,1.0,1.0,1.0,0.0,1.0,0.0,0.0
3862,3dafbde4626235155,True,,,,,,,,,,1.0,1.0,0.0,1.0,0.715426488164507,1.0,0.0,1.0,0.0,0.0
3863,5907808b0fa7fc555,True,,,,,,,,,,1.0,1.0,1.0,1.0,0.5170148430264322,1.0,1.0,1.0,1.0,0.8490671384457601
3864,efc42904915428868,True,,,,,,,,,,0.0,1.0,1.0,1.0,1.0,0.0,0.0,1.0,0.0,0.0
3865,4cb9cbe26edb17f04,True,,,,,,,,,,1.0,1.0,0.0,1.0,1.0,0.0,0.0,1.0,0.0,0.0
3866,6ba2025a22f212a94,True,,,,,,,,,,1.0,1.0,1.0,1.0,0.401760079398226,1.0,1.0,1.0,0.0,0.6880500248119457
3867,c7f30a40dbc7d2bf8,True,,,,,,,,,,1.0,1.0,1.0,1.0,0.9062377395238056,1.0,1.0,1.0,0.0,0.8456992936011892
3868,acd449fa83a39cef2,True,,,,,,,,,,1.0,1.0,1.0,1.0,0.9312461776146048,1.0,0.0,1.0,0.0,0.728514430504564
3869,0a043b6dfbe71d53e,True,,,,,,,,,,1.0,1.0,1.0,1.0,0.2878322758129266,1.0,0.0,1.0,0.0,0.5274475861915395
3870,dbdd9c6b89f613fdf,True,,,,,,,,,,1.0,0.0,1.0,1.0,1.0,1.0,1.0,1.0,1.0,0.0
3871,bd30767ff605ef96c,True,,,,,,,,,,1.0,1.0,1.0,1.0,1.0,1.0,0.0,1.0,1.0,0.875
3872,3b57e348407582e72,True,,,,,,,,,,1.0,1.0,0.5,1.0,0.9530540137607224,1.0,1.0,1.0,1.0,0.4926646896501129
3873,f7aca65344c3b8a4b,True,,,,,,,,,,1.0,1.0,1.0,1.0,0.5337608007508368,1.0,1.0,1.0,1.0,0.8543002502346365
3874,a40fbf3b2009b98da,True,,,,,,,,,,1.0,1.0,0.5,1.0,1.0,1.0,0.0,1.0,0.0,0.375
3875,4c4503dbf9554a97b,True,,,,,,,,,,1.0,1.0,1.0,1.0,0.781516362543324,1.0,0.0,1.0,1.0,0.8067238632947887
3876,1adb976dcfb852711,True,,,,,,,,,,1.0,1.0,1.0,1.0,0.514389301153512,1.0,1.0,1.0,0.0,0.7232466566104725
3877,6864784b80c0a0fde,True,,,,,,,,,,1.0,1.0,1.0,1.0,1.0,1.0,0.0,1.0,1.0,0.875
3878,790a3e3a75361c895,True,,,,,,,,,,1.0,1.0,1.0,1.0,0.7147854206332259,1.0,1.0,1.0,1.0,0.9108704439478832
3879,1045550ffaa740987,True,,,,,,,,,,0.0,1.0,1.0,1.0,0.7936079906899801,0.0,0.0,1.0,1.0,0.0
3880,2f24eb49857240d79,True,,,,,,,,,,1.0,1.0,1.0,1.0,1.0,1.0,1.0,1.0,0.0,0.875
3881,6a7d426363539d6d7,True,,,,,,,,,,0.0,1.0,1.0,1.0,1.0,0.0,0.0,0.0,0.0,0.0
3882,5b460729c6e5e42fd,True,,,,,,,,,,1.0,1.0,1.0,1.0,0.5204145415029738,1.0,1.0,1.0,0.0,0.7251295442196793
3883,76ce40d34831b1542,True,,,,,,,,,,1.0,1.0,1.0,1.0,1.0,1.0,0.0,1.0,0.0,0.75
3884,ab0eca9405de9696c,True,,,,,,,,,,1.0,1.0,1.0,1.0,0.6015226913236618,1.0,0.0,1.0,0.0,0.6254758410386443
3885,0b3ce3fcc2b9cdf45,True,,,,,,,,,,0.0,1.0,1.0,1.0,0.6459694148778499,0.0,0.0,1.0,0.0,0.0
3886,5f53c45bd71589e3f,True,,,,,,,,,,1.0,1.0,1.0,1.0,0.6803110568393597,1.0,0.0,1.0,1.0,0.7750972052622999
3887,75161de465d28f625,True,,,,,,,,,,1.0,1.0,1.0,1.0,0.4095616891417472,1.0,0.0,1.0,1.0,0.690488027856796
3888,dba7acca42dcb992f,True,,,,,,,,,,1.0,0.0,1.0,1.0,0.4803175074353788,1.0,0.0,1.0,0.0,0.0
3889,71825455da2cde07d,True,,,,,,,,,,1.0,1.0,1.0,1.0,0.5552496348116921,1.0,1.0,1.0,1.0,0.8610155108786538
3890,8cc221e21b07d66db,True,,,,,,,,,,0.0,1.0,1.0,1.0,1.0,0.0,0.0,0.0,0.0,0.0
3891,88b4a166a946c9537,True,,,,,,,,,,1.0,1.0,1.0,1.0,1.0,1.0,0.0,1.0,0.0,0.75
3892,590744a9d3d5652dd,True,,,,,,,,,,1.0,1.0,1.0,1.0,1.0,0.0,1.0,1.0,0.0,0.5625
3893,bc9c6d13fa066c8ed,True,,,,,,,,,,1.0,1.0,1.0,1.0,0.9139691685010776,1.0,1.0,1.0,1.0,0.9731153651565868
3894,19f59045564664e53,True,,,,,,,,,,1.0,0.0,1.0,1.0,1.0,1.0,0.0,1.0,0.0,0.0
3895,e2d44e550396a6802,True,,,,,,,,,,1.0,1.0,1.0,1.0,0.9732908666707852,1.0,1.0,1.0,0.0,0.8666533958346204
3896,c7690543523741cf3,True,,,,,,,,,,1.0,1.0,1.0,1.0,0.9859427906521768,1.0,1.0,1.0,0.0,0.8706071220788052
3897,7d0e6ab1e39a11f7e,True,,,,,,,,,,1.0,1.0,1.0,1.0,0.3058268002784696,1.0,1.0,1.0,1.0,0.7830708750870218
3898,c55b51f6860007830,True,,,,,,,,,,1.0,1.0,0.5,1.0,1.0,1.0,0.0,1.0,1.0,0.4375
3899,9e5efb38c692a4895,True,,,,,,,,,,1.0,1.0,1.0,1.0,0.6871194191866132,1.0,1.0,1.0,1.0,0.9022248184958166
3900,8c19ef349d4fc37cb,True,,,,,,,,,,1.0,1.0,1.0,1.0,0.8635711831085188,1.0,1.0,1.0,0.0,0.8323659947214122
3901,5037003d98e7c77a2,True,,,,,,,,,,1.0,0.0,0.0,1.0,1.0,1.0,0.0,1.0,1.0,0.0
3902,c6c58dc45bd1123e3,True,,,,,,,,,,1.0,1.0,1.0,1.0,0.6913351324616401,1.0,1.0,1.0,1.0,0.9035422288942624
3903,61d3d79e3e01157d9,True,,,,,,,,,,1.0,1.0,1.0,1.0,0.6222484852093393,1.0,1.0,1.0,0.0,0.7569526516279186
3904,2c48bea3e93ba9e48,True,,,,,,,,,,1.0,1.0,1.0,1.0,0.8425251546453086,1.0,1.0,1.0,1.0,0.950789110826659
3905,d0a4601b1148fbc50,True,,,,,,,,,,1.0,1.0,1.0,1.0,0.4520220289059227,1.0,1.0,1.0,1.0,0.8287568840331009
3906,205e1f314131287bc,True,,,,,,,,,,1.0,1.0,1.0,1.0,0.7105550973163831,1.0,1.0,1.0,0.0,0.7845484679113697
3907,f4f52070af5d450d0,True,,,,,,,,,,1.0,1.0,1.0,1.0,1.0,1.0,1.0,0.0,0.0,0.75
3908,312963b5a180fcf28,True,,,,,,,,,,1.0,1.0,1.0,1.0,0.2156594212472486,1.0,0.0,1.0,0.0,0.5048935691397651
3909,8ab7f330292d7d49f,True,,,,,,,,,,1.0,1.0,1.0,1.0,1.0,1.0,0.0,1.0,0.0,0.75
3910,c429ee2fbcaf012bc,True,,,,,,,,,,1.0,1.0,1.0,1.0,0.6578029778979263,1.0,1.0,1.0,1.0,0.893063430593102
3911,dee771fcf184f2521,True,,,,,,,,,,1.0,1.0,1.0,1.0,0.8289777582354871,1.0,0.0,1.0,1.0,0.8215555494485898
3912,1738de90a4b9b6de0,True,,,,,,,,,,1.0,1.0,1.0,1.0,0.929877075654984,1.0,1.0,1.0,1.0,0.9780865861421826
3913,aaaeb97c15db0e2f6,True,,,,,,,,,,1.0,1.0,1.0,1.0,0.2318299018355466,1.0,1.0,1.0,0.0,0.6349468443236084
3914,b3caab7fde86ee89e,True,,,,,,,,,,1.0,1.0,1.0,1.0,0.4515996699307953,1.0,0.0,1.0,1.0,0.7036248968533736
3915,2ef69b84551e22eb2,True,,,,,,,,,,1.0,1.0,0.0,1.0,0.7393228568888,1.0,1.0,1.0,1.0,0.0
3916,9ce85f2dc52093c43,True,,,,,,,,,,1.0,1.0,1.0,1.0,0.5854808940133754,1.0,0.0,1.0,0.0,0.6204627793791798
3917,87f3ff9f4e16ee2e1,True,,,,,,,,,,0.0,1.0,1.0,1.0,0.4972464799315737,0.0,0.0,1.0,0.0,0.0
3918,530edf0e35aa025b6,True,,,,,,,,,,1.0,1.0,1.0,1.0,1.0,1.0,1.0,1.0,0.0,0.875
3919,95839bd90cc4d94c8,True,,,,,,,,,,1.0,1.0,1.0,1.0,1.0,1.0,1.0,1.0,0.0,0.875
3920,d9ae5adb158047d47,True,,,,,,,,,,1.0,1.0,1.0,1.0,0.8692356439434132,1.0,0.0,1.0,0.0,0.7091361387323166
3921,53584220d24323201,True,,,,,,,,,,1.0,1.0,0.5,1.0,0.8802676761127602,1.0,0.0,1.0,1.0,0.4187918243926187
3922,1fe19452daacb7953,True,,,,,,,,,,0.0,1.0,1.0,1.0,1.0,0.0,1.0,1.0,0.0,0.0
3923,5733be765824e1f33,True,,,,,,,,,,1.0,1.0,1.0,1.0,0.4335338483069272,1.0,1.0,1.0,0.0,0.6979793275959147
3924,19b9962d1050c08e3,True,,,,,,,,,,1.0,1.0,1.0,1.0,0.8870116481122186,1.0,1.0,1.0,0.0,0.8396911400350683
3925,fd482580f69491ce5,True,,,,,,,,,,0.0,1.0,1.0,1.0,1.0,0.0,1.0,1.0,0.0,0.0
3926,2730c2af7fa40d559,True,,,,,,,,,,1.0,1.0,1.0,1.0,1.0,1.0,1.0,1.0,1.0,1.0
3927,467689ba5841d624f,True,,,,,,,,,,1.0,1.0,1.0,1.0,0.8532398111194563,1.0,0.0,1.0,1.0,0.8291374409748301
3928,06a374b6e74317285,True,,,,,,,,,,1.0,1.0,1.0,1.0,0.6107923404530582,1.0,1.0,1.0,0.0,0.7533726063915807
3929,8f18562d38dacb97d,True,,,,,,,,,,0.0,1.0,1.0,1.0,1.0,0.0,0.0,1.0,1.0,0.0
3930,70543352531547cfd,True,,,,,,,,,,1.0,1.0,1.0,1.0,1.0,1.0,0.0,1.0,1.0,0.875
3931,194e5931bc902ac73,True,,,,,,,,,,1.0,1.0,1.0,1.0,1.0,1.0,0.0,1.0,0.0,0.75
3932,815411526d5f2c6d5,True,,,,,,,,,,1.0,0.0,1.0,1.0,1.0,1.0,0.0,1.0,0.0,0.0
3933,63ab15ccc8dcb91fd,True,,,,,,,,,,0.0,1.0,1.0,1.0,1.0,0.0,0.0,1.0,0.0,0.0
3934,fe81231e5ce13b101,True,,,,,,,,,,1.0,1.0,1.0,1.0,0.9346598604813836,1.0,0.0,1.0,0.0,0.7295812064004323
3935,031e271f324d8fe95,True,,,,,,,,,,1.0,1.0,0.5,1.0,1.0,1.0,0.0,1.0,0.0,0.375
3936,0c9e5d46eff0fcf41,True,,,,,,,,,,1.0,1.0,1.0,1.0,1.0,1.0,1.0,1.0,0.0,0.875
3937,5717f95b78bfe233e,True,,,,,,,,,,1.0,1.0,1.0,1.0,1.0,1.0,1.0,1.0,0.0,0.875
3938,3921f85c4ba81b39b,True,,,,,,,,,,1.0,1.0,1.0,1.0,0.970836169985059,1.0,0.0,1.0,1.0,0.865886303120331
3939,8ec2f225bd1ccc3ff,True,,,,,,,,,,1.0,1.0,1.0,1.0,0.8209025195914085,1.0,0.0,1.0,1.0,0.8190320373723152
3940,111982efc7ab59a6d,True,,,,,,,,,,1.0,1.0,1.0,1.0,0.2080288801001656,1.0,1.0,1.0,0.0,0.6275090250313018
3941,5d8640ad77a995a45,True,,,,,,,,,,1.0,1.0,1.0,1.0,0.1340765505590782,1.0,1.0,1.0,0.0,0.6043989220497119
3942,a9e0e52d177dd7f09,True,,,,,,,,,,1.0,1.0,0.0,1.0,1.0,1.0,0.0,1.0,0.0,0.0
3943,1de9185a9bb05abe5,True,,,,,,,,,,1.0,1.0,1.0,1.0,0.5050970002367217,1.0,1.0,1.0,1.0,0.8453428125739755
3944,f2ee403d63c2cb379,True,,,,,,,,,,1.0,1.0,0.5,1.0,1.0,1.0,0.0,1.0,0.0,0.375
3945,88943e0d8ac52cc5f,True,,,,,,,,,,1.0,1.0,1.0,1.0,1.0,1.0,0.0,1.0,1.0,0.875
3946,a91425257255ef015,True,,,,,,,,,,1.0,1.0,0.5,1.0,0.5784496313012734,1.0,0.0,0.0,0.0,0.2466327548908239
3947,3606310eace955ba8,True,,,,,,,,,,0.0,1.0,0.5,1.0,1.0,0.0,0.0,1.0,1.0,0.0
3948,ce3d7615ed78d6c47,True,,,,,,,,,,0.0,1.0,1.0,1.0,0.7510808185019928,0.0,1.0,1.0,0.0,0.0
3949,f7d4775bfad9dcab8,True,,,,,,,,,,1.0,1.0,1.0,1.0,1.0,1.0,0.0,1.0,0.0,0.75
3950,47fc4c6fd21e44379,True,,,,,,,,,,1.0,1.0,1.0,1.0,0.493192973640575,1.0,1.0,1.0,0.0,0.7166228042626797
3951,daba931964ff703a5,True,,,,,,,,,,1.0,1.0,1.0,1.0,0.1865851139933687,1.0,1.0,1.0,0.0,0.6208078481229278
3952,5713b6b9f58be2004,True,,,,,,,,,,1.0,1.0,1.0,1.0,0.976353923429886,1.0,0.0,1.0,0.0,0.7426106010718394
3953,19a22a2c5501797dc,True,,,,,,,,,,1.0,1.0,1.0,1.0,0.7550034640495485,1.0,1.0,1.0,1.0,0.923438582515484
3954,fd2cd8e0a11510837,True,,,,,,,,,,1.0,0.0,1.0,1.0,0.4013898550024196,1.0,0.0,1.0,0.0,0.0
3955,9a2e4a7f632a3fd8c,True,,,,,,,,,,1.0,0.0,1.0,1.0,1.0,1.0,0.0,0.0,0.0,0.0
3956,2cce2f9aeacb49d13,True,,,,,,,,,,1.0,1.0,1.0,1.0,0.7741369931343215,1.0,0.0,1.0,1.0,0.8044178103544755
3957,81cd2035c0d6c6dbb,True,,,,,,,,,,1.0,1.0,0.5,1.0,1.0,1.0,0.0,1.0,1.0,0.4375
3958,b20b0b76f7991c89b,True,,,,,,,,,,1.0,1.0,1.0,1.0,1.0,1.0,0.0,1.0,1.0,0.875
3959,e4b33d7affe423d8f,True,,,,,,,,,,1.0,1.0,1.0,1.0,0.992099964967815,1.0,1.0,1.0,0.0,0.8725312390524422
3960,987cd2bac2de5285e,True,,,,,,,,,,1.0,1.0,1.0,1.0,0.9490284510318135,1.0,1.0,1.0,1.0,0.9840713909474416
3961,d66bc12e93857dd9a,True,,,,,,,,,,1.0,1.0,1.0,1.0,0.4231519204386087,1.0,1.0,1.0,0.0,0.6947349751370653
3962,38e9599c6c91e204f,True,,,,,,,,,,1.0,1.0,0.5,1.0,1.0,1.0,0.0,1.0,1.0,0.4375
3963,0d61761d225f31579,True,,,,,,,,,,1.0,1.0,1.0,1.0,1.0,1.0,0.0,1.0,1.0,0.875
3964,bb515ff29da41dc33,True,,,,,,,,,,0.0,1.0,1.0,1.0,1.0,0.0,0.0,1.0,0.0,0.0
3965,e20ec0633fcd9af94,True,,,,,,,,,,1.0,1.0,1.0,1.0,0.8118505070819793,1.0,1.0,1.0,1.0,0.9412032834631184
3966,bc91ea0c9c2963c7e,True,,,,,,,,,,1.0,1.0,1.0,1.0,0.7008751837062671,1.0,1.0,1.0,0.0,0.7815234949082085
3967,e0747e9a8b7b42be1,True,,,,,,,,,,1.0,1.0,1.0,1.0,0.6648015359245067,1.0,0.0,1.0,0.0,0.6452504799764084
3968,5c1c76ff6dae6f388,True,,,,,,,,,,1.0,1.0,1.0,1.0,0.9845102448415904,1.0,0.0,1.0,1.0,0.870159451512997
3969,679e3c52a1d70d447,True,,,,,,,,,,1.0,1.0,1.0,1.0,0.7609095794100826,1.0,0.0,0.0,0.0,0.5502842435656508
3970,616dcf87ca891dd84,True,,,,,,,,,,1.0,1.0,1.0,1.0,1.0,1.0,0.0,1.0,1.0,0.875
3971,2d98dd5a526780315,True,,,,,,,,,,1.0,1.0,0.0,1.0,1.0,1.0,1.0,1.0,0.0,0.0
3972,d227ec1d4a92cd5fe,True,,,,,,,,,,1.0,1.0,1.0,1.0,0.4892554509029934,1.0,1.0,1.0,1.0,0.8403923284071855
3973,dcb2510de7a9a4dfc,True,,,,,,,,,,1.0,1.0,1.0,1.0,0.1563826736631228,1.0,1.0,1.0,1.0,0.7363695855197259
3974,939c99b6da1e786f5,True,,,,,,,,,,1.0,1.0,1.0,1.0,0.9353530273893176,1.0,0.0,1.0,0.0,0.7297978210591617
3975,58bf2e385090a00e8,True,,,,,,,,,,1.0,1.0,1.0,1.0,0.3061849259847512,1.0,0.0,1.0,1.0,0.6581827893702348
3976,204d7543af9e55675,True,,,,,,,,,,1.0,1.0,1.0,1.0,0.5157496297248135,1.0,1.0,1.0,1.0,0.8486717592890043
3977,90411c0174cf07251,True,,,,,,,,,,1.0,1.0,1.0,1.0,0.6030716978807669,1.0,1.0,1.0,1.0,0.8759599055877396
3978,a3ebde725e612b5f3,True,,,,,,,,,,1.0,1.0,1.0,1.0,0.4989226220002851,1.0,1.0,1.0,0.0,0.7184133193750891
3979,7ca5efbee05a576cf,True,,,,,,,,,,1.0,1.0,0.0,1.0,1.0,1.0,0.0,1.0,1.0,0.0
3980,fa4a246511ab86e8d,True,,,,,,,,,,1.0,1.0,0.0,1.0,1.0,1.0,0.0,1.0,0.0,0.0
3981,8c15ca99bf75d7dbe,True,,,,,,,,,,1.0,1.0,1.0,1.0,0.801117187982708,1.0,0.0,1.0,1.0,0.8128491212445963
3982,2b91925294ab78999,True,,,,,,,,,,0.0,0.0,1.0,1.0,1.0,0.0,0.0,1.0,0.0,0.0
3983,ccd1d26bd7d71f952,True,,,,,,,,,,1.0,1.0,1.0,1.0,0.27839026098391,1.0,1.0,1.0,1.0,0.7744969565574719
3984,78dcfe822980510bd,True,,,,,,,,,,1.0,1.0,1.0,1.0,1.0,1.0,0.0,1.0,1.0,0.875
3985,60bb87853fd5997e5,True,,,,,,,,,,1.0,1.0,1.0,1.0,0.5537458523408044,1.0,1.0,1.0,1.0,0.8605455788565014
3986,43bcce57368a6bbc8,True,,,,,,,,,,1.0,1.0,0.5,1.0,1.0,1.0,1.0,1.0,1.0,0.5
3987,b3989347b7f24848c,True,,,,,,,,,,1.0,1.0,1.0,1.0,0.6273460670792347,1.0,1.0,1.0,1.0,0.8835456459622608
3988,5929f8a55e3904cac,True,,,,,,,,,,1.0,1.0,1.0,1.0,0.5481751361297704,1.0,1.0,1.0,1.0,0.8588047300405532
3989,3e0e221b32c026dc2,True,,,,,,,,,,1.0,0.0,1.0,1.0,1.0,1.0,0.0,0.0,0.0,0.0
3990,cd5f94c276881c890,True,,,,,,,,,,1.0,1.0,1.0,1.0,0.3584364793028818,1.0,1.0,1.0,0.0,0.6745113997821506
3991,70886fe6fcf180420,True,,,,,,,,,,0.0,1.0,1.0,1.0,0.807754653275158,0.0,0.0,1.0,0.0,0.0
3992,146060978cf746557,True,,,,,,,,,,1.0,1.0,1.0,1.0,0.4802446595506907,1.0,1.0,1.0,1.0,0.8375764561095909
3993,31e06cefab6d7169f,True,,,,,,,,,,1.0,1.0,1.0,1.0,0.5205188178097334,1.0,0.0,1.0,0.0,0.6001621305655417
3994,6aa6cb2757b09918e,True,,,,,,,,,,1.0,1.0,1.0,1.0,0.2983123736748813,1.0,0.0,1.0,1.0,0.6557226167734005
3995,c35b2274d82ebf3a1,True,,,,,,,,,,1.0,1.0,1.0,1.0,0.7832486599387095,1.0,1.0,1.0,0.0,0.8072652062308467
3996,2385397b4291e7094,True,,,,,,,,,,1.0,1.0,1.0,1.0,0.6065599398076417,1.0,1.0,1.0,1.0,0.877049981189888
3997,5bd3f77bfdb480b75,True,,,,,,,,,,1.0,1.0,1.0,1.0,0.9015498953474198,1.0,1.0,1.0,0.0,0.8442343422960688
3998,73e128068f712ead2,True,,,,,,,,,,0.0,1.0,1.0,1.0,1.0,0.0,0.0,1.0,0.0,0.0
3999,02693119b4e1bacb0,True,,,,,,,,,,1.0,1.0,1.0,1.0,0.2399850139954706,1.0,1.0,1.0,0.0,0.6374953168735846
4000,e6ff8ec91b67a0256,True,,,,,,,,,,1.0,1.0,1.0,1.0,0.8643204422942348,1.0,1.0,1.0,0.0,0.8326001382169483
4001,8fb24d26d3dd62b0f,True,,,,,,,,,,1.0,1.0,1.0,1.0,0.4116156763862859,1.0,1.0,1.0,0.0,0.6911298988707143
4002,118825fc5cd99a244,True,,,,,,,,,,0.0,1.0,1.0,1.0,0.7524636250118579,0.0,0.0,1.0,1.0,0.0
4003,07f1e4860bc02a04d,True,,,,,,,,,,1.0,1.0,1.0,1.0,1.0,1.0,0.0,1.0,1.0,0.875
4004,2dac2b9cae0ff11f8,True,,,,,,,,,,1.0,1.0,0.5,1.0,1.0,1.0,0.0,1.0,1.0,0.4375
4005,fd6e363385145a378,True,,,,,,,,,,1.0,1.0,1.0,1.0,1.0,1.0,0.0,1.0,1.0,0.875
4006,b95297d2453c0e1e8,True,,,,,,,,,,1.0,1.0,1.0,1.0,0.9569618725077876,1.0,1.0,1.0,0.0,0.8615505851586835
4007,7fd931e169ce1f227,True,,,,,,,,,,1.0,1.0,1.0,1.0,0.7655525065408448,1.0,0.0,1.0,1.0,0.801735158294014
4008,4a2ae0b5cd41f2676,True,,,,,,,,,,1.0,1.0,1.0,1.0,0.2753062006134931,1.0,1.0,1.0,0.0,0.6485331876917166
4009,8ebb7ac6b5b06cde1,True,,,,,,,,,,1.0,0.0,1.0,1.0,0.1495963794828197,1.0,0.0,1.0,0.0,0.0
4010,e1dfffddf7ca3297a,True,,,,,,,,,,0.0,0.0,1.0,1.0,1.0,0.0,0.0,1.0,1.0,0.0
4011,f0e29874418de93db,True,,,,,,,,,,0.0,1.0,1.0,1.0,1.0,0.0,1.0,1.0,0.0,0.0
4012,b1d448fe8d77559fd,True,,,,,,,,,,1.0,1.0,1.0,1.0,0.4440513444446163,1.0,1.0,1.0,0.0,0.7012660451389426
4013,ff355597ff0f68f3c,True,,,,,,,,,,1.0,1.0,1.0,1.0,1.0,1.0,0.0,1.0,1.0,0.875
4014,c567a3cd6305bc4a6,True,,,,,,,,,,1.0,1.0,1.0,1.0,0.8481137415932634,1.0,0.0,1.0,0.0,0.7025355442478948
4015,f197eb9bb03399772,True,,,,,,,,,,1.0,1.0,1.0,1.0,0.7450531648227239,1.0,0.0,1.0,1.0,0.7953291140071013
4016,8a790ebf1c22b11d5,True,,,,,,,,,,0.0,1.0,1.0,1.0,1.0,0.0,0.0,1.0,0.0,0.0
4017,d253a5d864e95f8d2,True,,,,,,,,,,1.0,1.0,1.0,1.0,0.774043371930512,1.0,0.0,1.0,1.0,0.804388553728285
4018,a7c33da176ab8f433,True,,,,,,,,,,1.0,0.0,1.0,1.0,1.0,1.0,0.0,0.0,0.0,0.0
4019,ec14753ed2c513cef,True,,,,,,,,,,1.0,1.0,1.0,1.0,0.2890416324228853,1.0,0.0,1.0,1.0,0.6528255101321516
4020,0980084e5c33ab76e,True,,,,,,,,,,1.0,1.0,1.0,1.0,0.4224252608957325,1.0,1.0,1.0,1.0,0.8195078940299164
4021,f10788e83a50fa0b2,True,,,,,,,,,,1.0,1.0,1.0,1.0,0.1017239177249704,1.0,1.0,1.0,0.0,0.5942887242890533
4022,2913dab4565a29b87,True,,,,,,,,,,1.0,1.0,1.0,1.0,0.5482248954579796,1.0,0.0,0.0,1.0,0.6088202798306186
4023,20120f09d1f74eb2c,True,,,,,,,,,,1.0,1.0,0.0,1.0,0.7130265951151789,1.0,0.0,1.0,0.0,0.0
4024,2c41c5664b187598f,True,,,,,,,,,,1.0,1.0,1.0,1.0,1.0,1.0,1.0,1.0,1.0,1.0
4025,bf348ece26ab3f920,True,,,,,,,,,,1.0,1.0,1.0,1.0,0.5966779912271921,1.0,0.0,1.0,1.0,0.7489618722584975
4026,7a487393a13b1bc7e,True,,,,,,,,,,1.0,1.0,1.0,1.0,0.2113542151469224,1.0,0.0,1.0,0.0,0.5035481922334133
4027,0f02c8c55a251c58b,True,,,,,,,,,,1.0,1.0,1.0,1.0,1.0,1.0,1.0,1.0,1.0,1.0
4028,6d54d84f2aa7b99a8,True,,,,,,,,,,1.0,0.0,1.0,1.0,0.559238809417989,1.0,1.0,1.0,1.0,0.0
4029,4b55982185962b484,True,,,,,,,,,,1.0,1.0,1.0,1.0,1.0,1.0,1.0,1.0,1.0,1.0
4030,0cd1d84434c6f5d44,True,,,,,,,,,,1.0,0.0,0.5,1.0,1.0,0.0,0.0,0.0,0.0,0.0
4031,bf717edbbf1c0b8db,True,,,,,,,,,,1.0,1.0,0.5,1.0,1.0,1.0,0.0,1.0,0.0,0.375
4032,3fd0808364384b621,True,,,,,,,,,,1.0,1.0,0.5,1.0,1.0,1.0,0.0,1.0,0.0,0.375
4033,1aa011bf1da1bf1c7,True,,,,,,,,,,1.0,1.0,1.0,1.0,0.2662410021095062,1.0,1.0,1.0,1.0,0.7707003131592207
4034,c13e406734b95eb11,True,,,,,,,,,,1.0,1.0,1.0,1.0,0.3667265120918174,1.0,1.0,1.0,1.0,0.8021020350286929
4035,b638486d7d50a3d60,True,,,,,,,,,,1.0,1.0,1.0,1.0,1.0,1.0,1.0,1.0,1.0,1.0
4036,4f2cdfaccb0f4bfac,True,,,,,,,,,,1.0,1.0,1.0,1.0,0.6573445207781395,1.0,0.0,1.0,1.0,0.7679201627431687
4037,64680c5b6bd6a89e4,True,,,,,,,,,,1.0,0.0,1.0,1.0,0.5868487871717124,1.0,0.0,1.0,1.0,0.0
4038,342ef8eb6e93505ce,True,,,,,,,,,,1.0,1.0,1.0,1.0,0.9593483786949653,1.0,0.0,1.0,1.0,0.8622963683421767
4039,40e319c83aab2731d,True,,,,,,,,,,1.0,1.0,1.0,1.0,0.8020416462672272,1.0,0.0,1.0,0.0,0.6881380144585085
4040,ddfba30b82c7a702c,True,,,,,,,,,,1.0,1.0,1.0,1.0,0.952971896665876,1.0,1.0,1.0,0.0,0.8603037177080862
4041,a4a30a8fdac11dd71,True,,,,,,,,,,1.0,1.0,1.0,1.0,0.4531419799698241,1.0,1.0,1.0,1.0,0.82910686874057
4042,a6b18ec8b52f580ef,True,,,,,,,,,,1.0,1.0,1.0,1.0,0.0530340655598054,1.0,1.0,1.0,0.0,0.5790731454874392
4043,3e4706910942fcca4,True,,,,,,,,,,1.0,1.0,1.0,1.0,1.0,1.0,1.0,1.0,1.0,1.0
4044,be32b597dc6df2a8a,True,,,,,,,,,,1.0,1.0,1.0,1.0,0.6099219094052252,1.0,0.0,1.0,1.0,0.7531005966891329
4045,ca9875b6ae5e08eed,True,,,,,,,,,,1.0,1.0,1.0,1.0,0.8873415177172259,1.0,0.0,1.0,0.0,0.7147942242866331
4046,6697b38b1d73777b9,True,,,,,,,,,,1.0,1.0,1.0,1.0,0.6074039842477007,1.0,1.0,1.0,0.0,0.7523137450774064
4047,a1cb215dcdc186fb1,True,,,,,,,,,,1.0,0.0,1.0,1.0,0.4558755338981442,1.0,0.0,1.0,1.0,0.0
4048,fbf4ec49ea2272ba1,True,,,,,,,,,,1.0,1.0,1.0,1.0,0.6530530435849952,1.0,0.0,1.0,1.0,0.766579076120311
4049,62631b017ceec5a18,True,,,,,,,,,,1.0,1.0,1.0,1.0,0.7495413276539192,1.0,0.0,1.0,0.0,0.6717316648918498
4050,ffa71fc1b5b55f4ea,True,,,,,,,,,,1.0,1.0,1.0,1.0,0.7724261064773237,1.0,1.0,1.0,0.0,0.8038831582741637
4051,645751bf568658675,True,,,,,,,,,,1.0,1.0,1.0,1.0,0.5112143740967797,1.0,0.0,1.0,0.0,0.5972544919052436
4052,2b296dc7b6be46a34,True,,,,,,,,,,1.0,0.0,0.5,1.0,1.0,1.0,0.0,1.0,0.0,0.0
4053,bc310295755fb7084,True,,,,,,,,,,1.0,0.0,1.0,1.0,0.6772528611046214,1.0,1.0,1.0,0.0,0.0
4054,4ea8e51fd89a2e0aa,True,,,,,,,,,,1.0,0.0,0.5,1.0,1.0,1.0,0.0,1.0,0.0,0.0
4055,9bd02c4d06feae3dd,True,,,,,,,,,,1.0,1.0,0.0,1.0,0.750567795850128,1.0,0.0,1.0,0.0,0.0
4056,09b94e3a221caebb6,True,,,,,,,,,,1.0,1.0,0.5,1.0,1.0,1.0,0.0,1.0,1.0,0.4375
4057,416a5f6d80036586b,True,,,,,,,,,,1.0,0.0,1.0,1.0,1.0,1.0,0.0,1.0,1.0,0.0
4058,8b639fb0376857c55,True,,,,,,,,,,1.0,1.0,1.0,1.0,0.539350318948123,1.0,0.0,1.0,1.0,0.7310469746712884
4059,2eb3bf3c471605eb4,True,,,,,,,,,,1.0,1.0,1.0,1.0,1.0,1.0,1.0,1.0,0.0,0.875
4060,b6611f13150a67e76,True,,,,,,,,,,0.0,1.0,1.0,1.0,1.0,0.0,1.0,1.0,0.0,0.0
4061,3888d194819d19b6e,True,,,,,,,,,,1.0,1.0,0.0,1.0,1.0,1.0,0.0,1.0,0.0,0.0
4062,33def08f34be607b9,True,,,,,,,,,,1.0,0.0,1.0,1.0,1.0,1.0,1.0,1.0,1.0,0.0
4063,04d4f1277557232ce,True,,,,,,,,,,1.0,0.0,1.0,1.0,1.0,1.0,0.0,1.0,1.0,0.0
4064,2fb382cc58b2e089f,True,,,,,,,,,,1.0,1.0,1.0,1.0,0.8256222533927683,1.0,0.0,1.0,1.0,0.8205069541852401
4065,87c28ad76ca252469,True,,,,,,,,,,1.0,1.0,1.0,1.0,1.0,1.0,0.0,1.0,1.0,0.875
4066,087c2f352474fc4ee,True,,,,,,,,,,1.0,1.0,1.0,1.0,0.2500127829441623,1.0,1.0,1.0,0.0,0.6406289946700507
4067,4929156d96635caed,True,,,,,,,,,,1.0,1.0,1.0,1.0,0.9638640512553496,1.0,0.0,1.0,1.0,0.8637075160172967
4068,230e554a4a9b823fa,True,,,,,,,,,,1.0,1.0,1.0,1.0,1.0,0.0,0.0,1.0,0.0,0.4375
4069,fc2eb6e32259de9aa,True,,,,,,,,,,0.5,1.0,1.0,1.0,1.0,0.0,1.0,1.0,0.0,0.28125
4070,1ea195d959bce2d65,True,,,,,,,,,,0.0,1.0,1.0,1.0,0.9725347214163896,0.0,0.0,1.0,0.0,0.0
4071,56e93c94aeafcbe6b,True,,,,,,,,,,1.0,1.0,1.0,1.0,0.9681544885219268,1.0,0.0,1.0,0.0,0.7400482776631021
4072,eaccd2408219e6f5e,True,,,,,,,,,,1.0,1.0,1.0,1.0,0.7088436076218799,1.0,0.0,1.0,0.0,0.6590136273818374
4073,c55dc2e0f192c70a5,True,,,,,,,,,,1.0,1.0,1.0,1.0,0.2236539769127719,1.0,1.0,1.0,0.0,0.6323918677852413
4074,1a8fcc346a063b55c,True,,,,,,,,,,1.0,1.0,1.0,1.0,1.0,1.0,1.0,1.0,0.0,0.875
4075,cb517587f4a1e3711,True,,,,,,,,,,1.0,1.0,1.0,1.0,1.0,1.0,0.0,1.0,1.0,0.875
4076,c808695431d352ba9,True,,,,,,,,,,1.0,1.0,1.0,1.0,1.0,1.0,1.0,1.0,1.0,1.0
4077,2359c99d75ecbdfaa,True,,,,,,,,,,1.0,1.0,1.0,1.0,0.2352121043164659,1.0,1.0,1.0,1.0,0.7610037825988956
4078,167e9515df0f9719a,True,,,,,,,,,,1.0,1.0,1.0,1.0,0.5883788502669927,1.0,0.0,1.0,1.0,0.7463683907084352
4079,2bd137e85147a0c70,True,,,,,,,,,,1.0,1.0,1.0,1.0,1.0,1.0,0.0,1.0,0.0,0.75
4080,0c3447f80e5b8a35d,True,,,,,,,,,,1.0,1.0,1.0,1.0,0.2052672942855943,1.0,0.0,1.0,0.0,0.5016460294642482
4081,d5edc9afab7f3a337,True,,,,,,,,,,1.0,0.0,1.0,1.0,0.5322155542108407,1.0,1.0,1.0,0.0,0.0
4082,117c9da6253882bd5,True,,,,,,,,,,1.0,1.0,1.0,1.0,0.8516039100339416,0.0,0.0,1.0,1.0,0.5161262218856068
4083,50442ffec20a73824,True,,,,,,,,,,1.0,1.0,1.0,1.0,0.6397933078198068,1.0,0.0,1.0,1.0,0.7624354086936896
4084,2afebe4218aece0b6,True,,,,,,,,,,1.0,0.0,0.5,1.0,1.0,1.0,0.0,1.0,0.0,0.0
4085,5fb91cdf13ec612c5,True,,,,,,,,,,1.0,1.0,1.0,1.0,0.6736992605963866,1.0,0.0,1.0,0.0,0.6480310189363708
4086,991fe7806bacdbaca,True,,,,,,,,,,0.0,1.0,1.0,1.0,1.0,0.0,1.0,1.0,0.0,0.0
4087,00bbaca29a3b34595,True,,,,,,,,,,1.0,1.0,1.0,1.0,0.5118478742980969,1.0,1.0,1.0,0.0,0.7224524607181553
4088,ff2edd12a568b7eac,True,,,,,,,,,,1.0,1.0,1.0,1.0,0.8608783389871326,1.0,0.0,1.0,0.0,0.706524480933479
4089,df6bd29b481fbd72d,True,,,,,,,,,,1.0,1.0,1.0,1.0,0.6301944609632857,1.0,1.0,1.0,0.0,0.7594357690510267
4090,0bb05e9c2e6296330,True,,,,,,,,,,1.0,1.0,1.0,1.0,0.6975237284781582,1.0,1.0,1.0,1.0,0.9054761651494244
4091,35d4f508b7e0207b4,True,,,,,,,,,,1.0,1.0,1.0,1.0,0.5797384704555152,1.0,1.0,1.0,0.0,0.7436682720173485
4092,af1a4d903d6c645ce,True,,,,,,,,,,1.0,1.0,1.0,0.0,1.0,1.0,1.0,1.0,0.0,0.0
4093,7c08e3a9b6ee87717,True,,,,,,,,,,1.0,1.0,1.0,1.0,0.7871059820624678,1.0,1.0,1.0,0.0,0.8084706193945213
4094,a67f897e584962db9,True,,,,,,,,,,1.0,1.0,1.0,1.0,0.5449116416135651,1.0,1.0,1.0,0.0,0.7327848880042391
4095,17d06ef1ec00f95dc,True,,,,,,,,,,1.0,1.0,1.0,1.0,1.0,1.0,1.0,1.0,1.0,1.0
4096,45cc427b1c222f829,True,,,,,,,,,,1.0,0.0,1.0,1.0,1.0,1.0,1.0,0.0,0.0,0.0
4097,6c0c0d2674d5ee28e,True,,,,,,,,,,1.0,1.0,1.0,1.0,0.1470192125070318,1.0,1.0,1.0,0.0,0.6084435039084475
4098,adb8420cc91f10b6d,True,,,,,,,,,,1.0,1.0,0.5,1.0,0.7331388912738018,1.0,1.0,1.0,1.0,0.4583029517615315
4099,a20d11131b97593ab,True,,,,,,,,,,1.0,1.0,1.0,1.0,0.8460629820893124,1.0,0.0,1.0,1.0,0.8268946819029102
4100,9606e967ad3c59ad3,True,,,,,,,,,,1.0,1.0,1.0,1.0,0.9709444357962494,1.0,1.0,1.0,1.0,0.990920136186328
4101,0fc3bc1b7fce2461a,True,,,,,,,,,,1.0,1.0,1.0,1.0,0.818223420117532,1.0,0.0,1.0,0.0,0.6931948187867287
4102,749ce2a3f7c56b638,True,,,,,,,,,,1.0,1.0,1.0,1.0,0.3044439172804377,1.0,1.0,1.0,1.0,0.7826387241501368
4103,40fe52aee319a8b70,True,,,,,,,,,,1.0,1.0,1.0,1.0,1.0,1.0,1.0,1.0,0.0,0.875
4104,8aea1806b6e406159,True,,,,,,,,,,1.0,0.0,1.0,1.0,0.8240624062909436,1.0,1.0,1.0,1.0,0.0
4105,db5a03e690d9afcdb,True,,,,,,,,,,1.0,1.0,1.0,1.0,1.0,1.0,0.0,1.0,1.0,0.875
4106,0e6b7e12965c8e997,True,,,,,,,,,,1.0,1.0,0.0,1.0,1.0,1.0,0.0,1.0,0.0,0.0
4107,ec511fbf17452272b,True,,,,,,,,,,1.0,0.0,1.0,1.0,0.4338710773653692,1.0,1.0,1.0,0.0,0.0
4108,e576f1ec67be1cbd0,True,,,,,,,,,,1.0,0.0,1.0,1.0,0.8609512537757961,1.0,1.0,1.0,0.0,0.0
4109,f65fc2cd212c5af85,True,,,,,,,,,,1.0,1.0,1.0,1.0,0.6043096561883913,1.0,1.0,0.0,0.0,0.6263467675588723
4110,423fdbe39c764f2e2,True,,,,,,,,,,1.0,1.0,1.0,1.0,0.5122706751161239,1.0,1.0,1.0,0.0,0.7225845859737887
4111,879334719374ec947,True,,,,,,,,,,1.0,1.0,1.0,1.0,0.5791128859232845,0.0,1.0,1.0,1.0,0.5559727768510264
4112,ffa477be5c420e9a3,True,,,,,,,,,,1.0,1.0,1.0,1.0,0.6841505066610788,1.0,1.0,1.0,1.0,0.9012970333315872
4113,72e532553b9a9b88d,True,,,,,,,,,,1.0,0.0,1.0,1.0,0.9428068543980712,1.0,1.0,1.0,1.0,0.0
4114,f7f422a9d4e7a419f,True,,,,,,,,,,1.0,1.0,1.0,1.0,0.0835913103873033,1.0,0.0,1.0,1.0,0.5886222844960323
4115,284604b19e5b66780,True,,,,,,,,,,1.0,0.0,1.0,1.0,0.5744661531835209,1.0,1.0,1.0,0.0,0.0
4116,eb5c033b5d728ecba,True,,,,,,,,,,1.0,1.0,1.0,1.0,0.3245912855203324,1.0,0.0,1.0,0.0,0.5389347767251038
4117,c911e86fa2d53c1d1,True,,,,,,,,,,1.0,1.0,1.0,1.0,0.7444624327609962,1.0,0.0,1.0,0.0,0.6701445102378113
4118,a7cf069369c371dd2,True,,,,,,,,,,1.0,0.0,1.0,1.0,0.3246750198758747,1.0,1.0,1.0,1.0,0.0
4119,9384f1e1e708f3470,True,,,,,,,,,,1.0,1.0,1.0,1.0,0.6397403191753761,1.0,0.0,1.0,0.0,0.637418849742305
4120,eaa70df977f0ed637,True,,,,,,,,,,1.0,1.0,1.0,1.0,0.6058276161425163,1.0,0.0,1.0,1.0,0.7518211300445363
4121,b123636b63cd85bd6,True,,,,,,,,,,1.0,1.0,1.0,1.0,0.3760941157393148,1.0,0.0,1.0,1.0,0.6800294111685359
4122,b8b2aad7145d418e5,True,,,,,,,,,,1.0,1.0,1.0,1.0,0.6577518708271416,1.0,1.0,1.0,1.0,0.8930474596334818
4123,f594bad990074c0ce,True,,,,,,,,,,1.0,1.0,1.0,1.0,1.0,1.0,0.0,1.0,1.0,0.875
4124,f843c5c835c2922c1,True,,,,,,,,,,1.0,1.0,0.5,1.0,1.0,1.0,0.0,1.0,0.0,0.375
4125,14159a93c87271ed1,True,,,,,,,,,,1.0,1.0,1.0,1.0,1.0,1.0,0.0,1.0,0.0,0.75
4126,50ca93bd394c4a025,True,,,,,,,,,,1.0,1.0,1.0,1.0,1.0,1.0,1.0,1.0,1.0,1.0
4127,4876fb179a00309b5,True,,,,,,,,,,1.0,1.0,1.0,1.0,0.8999233646303673,1.0,1.0,1.0,1.0,0.9687260514469898
4128,934dcf983849279e2,True,,,,,,,,,,1.0,1.0,1.0,1.0,0.5959073204950468,1.0,1.0,1.0,0.0,0.7487210376547021
4129,a52a1bf87700c06b5,True,,,,,,,,,,1.0,1.0,0.5,1.0,1.0,1.0,0.0,1.0,0.0,0.375
4130,aaf5db378e5bb4caa,True,,,,,,,,,,1.0,0.0,0.5,1.0,1.0,1.0,0.0,1.0,1.0,0.0
4131,0cbcae8358528cd55,True,,,,,,,,,,1.0,1.0,1.0,1.0,0.9581426047611004,1.0,1.0,1.0,0.0,0.8619195639878439
4132,30b4066d1794ea8ff,True,,,,,,,,,,1.0,1.0,1.0,1.0,1.0,1.0,0.0,1.0,0.0,0.75
4133,a9d7dd368b96f5f2d,True,,,,,,,,,,1.0,1.0,1.0,1.0,1.0,1.0,1.0,1.0,0.0,0.875
4134,ae3513291969ee51b,True,,,,,,,,,,1.0,1.0,1.0,1.0,1.0,1.0,1.0,1.0,1.0,1.0
4135,ba3bd0fad9e3fb6eb,True,,,,,,,,,,1.0,0.0,1.0,1.0,0.4963822017126644,1.0,1.0,1.0,0.0,0.0
4136,3a0d3240d496a6276,True,,,,,,,,,,1.0,1.0,1.0,1.0,0.6072276998284883,1.0,1.0,1.0,1.0,0.8772586561964026
4137,d1c72c5965ad4f57e,True,,,,,,,,,,1.0,1.0,1.0,1.0,0.7007525587337687,1.0,1.0,0.0,0.0,0.6564851746043028
4138,6d4656583dbcb0d29,True,,,,,,,,,,1.0,1.0,1.0,1.0,0.3225718374035237,1.0,1.0,1.0,1.0,0.7883036991886012
4139,0128e6a2b97ff89b5,True,,,,,,,,,,0.0,1.0,1.0,1.0,1.0,0.0,0.0,1.0,1.0,0.0
4140,5dfa767630b9b975d,True,,,,,,,,,,1.0,1.0,1.0,1.0,0.8761542301081536,1.0,0.0,1.0,1.0,0.836298196908798
4141,836d617c75ae603a0,True,,,,,,,,,,1.0,1.0,1.0,1.0,0.7478314963031552,1.0,1.0,1.0,0.0,0.796197342594736
4142,2b5b15e806903df0c,True,,,,,,,,,,1.0,1.0,1.0,1.0,1.0,1.0,0.0,1.0,0.0,0.75
4143,6d33b3de92c436972,True,,,,,,,,,,1.0,1.0,1.0,1.0,0.5908121610165245,1.0,1.0,0.0,0.0,0.6221288003176639
4144,6755c5223bb08c967,True,,,,,,,,,,1.0,1.0,1.0,1.0,0.6601130798020662,1.0,1.0,1.0,1.0,0.8937853374381457
4145,a075eb4cf05c9e8a0,True,,,,,,,,,,1.0,0.0,1.0,1.0,0.892126971415162,1.0,0.0,1.0,0.0,0.0
4146,194d8549dce1cc044,True,,,,,,,,,,1.0,1.0,0.0,1.0,1.0,1.0,0.0,1.0,0.0,0.0
4147,62dc7352b73b8635d,True,,,,,,,,,,1.0,1.0,1.0,1.0,0.481813605854074,1.0,1.0,1.0,0.0,0.7130667518293982
4148,a5fd097616c7708db,True,,,,,,,,,,0.0,1.0,1.0,1.0,1.0,0.0,0.0,1.0,1.0,0.0
4149,94c404a1f903addc1,True,,,,,,,,,,1.0,1.0,1.0,1.0,0.4812287860072698,1.0,1.0,1.0,1.0,0.8378839956272718
4150,2b1c7704ed19c6b68,True,,,,,,,,,,1.0,1.0,1.0,1.0,0.9940161459860932,1.0,1.0,1.0,0.0,0.8731300456206541
4151,0fc649902e2af4e9e,True,,,,,,,,,,1.0,1.0,1.0,1.0,0.6834108165777485,1.0,1.0,1.0,0.0,0.7760658801805465
4152,48b8608248fe082c2,True,,,,,,,,,,1.0,1.0,1.0,1.0,0.8187499100711041,1.0,1.0,1.0,1.0,0.94335934689722
4153,0883e274dffb8a761,True,,,,,,,,,,1.0,0.0,1.0,1.0,1.0,1.0,1.0,1.0,1.0,0.0
4154,0502403f486b71c32,True,,,,,,,,,,1.0,1.0,1.0,1.0,0.2036755527175456,1.0,1.0,1.0,0.0,0.6261486102242331
4155,6abf3c8e9d73929cc,True,,,,,,,,,,1.0,0.0,1.0,1.0,0.7776330187185675,1.0,1.0,1.0,0.0,0.0
4156,39ee7720dd5c83901,True,,,,,,,,,,1.0,1.0,1.0,1.0,0.656821894754314,1.0,1.0,1.0,0.0,0.7677568421107231
4157,e4e521f407f1c30df,True,,,,,,,,,,1.0,1.0,1.0,1.0,1.0,1.0,1.0,0.0,0.0,0.75
4158,b9297371e1c1fc881,True,,,,,,,,,,1.0,1.0,1.0,1.0,1.0,1.0,0.0,1.0,1.0,0.875
4159,2d4e4632841c3cf8e,True,,,,,,,,,,1.0,1.0,1.0,1.0,0.96936057091123,1.0,0.0,1.0,0.0,0.7404251784097593
4160,8c7b004d36c8af906,True,,,,,,,,,,1.0,1.0,1.0,1.0,0.6398299330483829,1.0,1.0,1.0,1.0,0.8874468540776197
4161,964210c085079b61a,True,,,,,,,,,,1.0,1.0,1.0,1.0,0.6386140861545117,0.0,0.0,1.0,0.0,0.3245669019232848
4162,32506dba644177a4e,True,,,,,,,,,,1.0,1.0,1.0,1.0,0.8713223348891758,1.0,1.0,1.0,0.0,0.8347882296528675
4163,08832f5c360f2e9d6,True,,,,,,,,,,0.5,1.0,1.0,1.0,1.0,0.0,1.0,1.0,0.0,0.28125
4164,2e5a54d80147f955d,True,,,,,,,,,,1.0,0.0,1.0,1.0,0.6622455080935185,1.0,0.0,1.0,1.0,0.0
4165,3110b909a8ee018b8,True,,,,,,,,,,1.0,1.0,1.0,1.0,1.0,1.0,0.0,1.0,0.0,0.75
4166,74ccd6443745d7a0a,True,,,,,,,,,,1.0,1.0,1.0,1.0,1.0,0.0,0.0,1.0,1.0,0.5625
4167,b19a34b568608122f,True,,,,,,,,,,1.0,1.0,1.0,1.0,0.818614559171813,1.0,0.0,1.0,1.0,0.8183170497411916
4168,e5b4f8a0ccdaf4e6e,True,,,,,,,,,,1.0,1.0,1.0,1.0,0.7573966467276563,1.0,1.0,1.0,1.0,0.9241864521023926
4169,bc3c63c0479feee36,True,,,,,,,,,,1.0,1.0,1.0,1.0,0.487949558592229,1.0,1.0,1.0,1.0,0.8399842370600716
4170,445dc87ec088dd46a,True,,,,,,,,,,1.0,0.0,1.0,1.0,0.4062687087762421,1.0,1.0,1.0,0.0,0.0
4171,54c5618f3af037eb9,True,,,,,,,,,,1.0,1.0,1.0,1.0,1.0,1.0,0.0,1.0,1.0,0.875
4172,fe53e5ab658a57258,True,,,,,,,,,,1.0,1.0,0.0,1.0,0.903329808073747,1.0,0.0,1.0,0.0,0.0
4173,7caf8d7d76cd0a120,True,,,,,,,,,,1.0,1.0,1.0,1.0,1.0,1.0,1.0,0.0,0.0,0.75
4174,f422184af5c3c266b,True,,,,,,,,,,0.0,1.0,1.0,1.0,1.0,0.0,1.0,1.0,1.0,0.0
4175,f423e66e3506af742,True,,,,,,,,,,1.0,1.0,1.0,1.0,0.7621526877290896,1.0,0.0,1.0,0.0,0.6756727149153405
4176,57b584425e87975ce,True,,,,,,,,,,1.0,1.0,0.5,1.0,1.0,1.0,0.0,0.0,0.0,0.3125
4177,7b88d46ce71736357,True,,,,,,,,,,1.0,1.0,0.5,1.0,1.0,1.0,0.0,1.0,0.0,0.375
4178,2182fa4ac8750cb31,True,,,,,,,,,,1.0,1.0,1.0,1.0,0.5523374555030817,1.0,1.0,1.0,1.0,0.860105454844713
4179,4011046e283cb0a28,True,,,,,,,,,,1.0,1.0,1.0,1.0,0.6427408902713988,1.0,1.0,1.0,1.0,0.8883565282098121
4180,6c00c1447928881d7,True,,,,,,,,,,1.0,1.0,1.0,1.0,0.7954536628663476,1.0,0.0,1.0,1.0,0.8110792696457336
4181,95617d9c8d0165269,True,,,,,,,,,,1.0,1.0,0.0,1.0,0.7483503090994593,1.0,1.0,1.0,0.0,0.0
4182,812c204d59813e5fb,True,,,,,,,,,,1.0,1.0,1.0,1.0,0.6688389374318249,1.0,1.0,1.0,0.0,0.7715121679474453
4183,c8443f5a68a70d97c,True,,,,,,,,,,1.0,1.0,0.0,1.0,1.0,1.0,0.0,1.0,0.0,0.0
4184,2dbe11fffefbf239c,True,,,,,,,,,,1.0,1.0,0.5,1.0,0.4974668805587988,1.0,1.0,1.0,0.0,0.3589792000873123
4185,09217d8288feb5fad,True,,,,,,,,,,1.0,1.0,1.0,1.0,1.0,1.0,1.0,1.0,1.0,1.0
4186,5046d4b4e74d6cbbd,True,,,,,,,,,,1.0,1.0,1.0,1.0,1.0,1.0,1.0,1.0,0.0,0.875
4187,1e2b6420a190b7d56,True,,,,,,,,,,1.0,1.0,1.0,1.0,0.5814876151223485,1.0,1.0,1.0,0.0,0.744214879725734
4188,44af46da795f58fa1,True,,,,,,,,,,1.0,1.0,1.0,1.0,0.4125759016142846,1.0,1.0,1.0,0.0,0.691429969254464
4189,0db32b98281c2454b,True,,,,,,,,,,1.0,1.0,1.0,1.0,0.6955718142748236,1.0,1.0,1.0,1.0,0.9048661919608824
4190,95d7198096423bdb7,True,,,,,,,,,,1.0,1.0,1.0,1.0,0.57626390380873,1.0,0.0,1.0,0.0,0.6175824699402281
4191,a3ef9e8575b866d50,True,,,,,,,,,,1.0,1.0,1.0,1.0,1.0,1.0,1.0,1.0,1.0,1.0
4192,67f2162f2fa5e2d76,True,,,,,,,,,,1.0,1.0,1.0,1.0,0.5715386848131853,1.0,1.0,1.0,0.0,0.7411058390041204
4193,facc7bdf3ca0a7492,True,,,,,,,,,,1.0,1.0,1.0,1.0,0.2739157906804325,1.0,0.0,1.0,1.0,0.6480986845876351
4194,b5927d9f04e5f04d4,True,,,,,,,,,,1.0,1.0,1.0,1.0,0.4323419850814833,1.0,1.0,1.0,1.0,0.8226068703379635
4195,7339827ceaab8796b,True,,,,,,,,,,1.0,1.0,1.0,1.0,0.2991067773665773,1.0,1.0,1.0,1.0,0.7809708679270554
4196,ff494c8f27c7b3c5d,True,,,,,,,,,,1.0,0.0,1.0,1.0,0.6355529776711969,1.0,1.0,1.0,1.0,0.0
4197,a33343b83ce194f89,True,,,,,,,,,,1.0,1.0,1.0,1.0,0.4126715761895863,1.0,1.0,1.0,1.0,0.8164598675592457
4198,da1d2937d8bad05e3,True,,,,,,,,,,1.0,1.0,1.0,1.0,0.3776115810887814,1.0,1.0,1.0,0.0,0.6805036190902443
4199,e5d97a89c908ac563,True,,,,,,,,,,0.0,1.0,1.0,1.0,1.0,0.0,0.0,1.0,0.0,0.0
4200,bebc043b24bdb6ddf,True,,,,,,,,,,1.0,1.0,1.0,1.0,0.3914868271643126,1.0,1.0,1.0,0.0,0.6848396334888477
4201,77ea1d582cf3df680,True,,,,,,,,,,1.0,1.0,1.0,1.0,0.6403075077365519,1.0,0.0,1.0,1.0,0.7625960961676724
4202,48bf246ac8952b23d,True,,,,,,,,,,1.0,0.0,0.5,1.0,1.0,1.0,1.0,1.0,0.0,0.0
4203,0eb1a54023685f27e,True,,,,,,,,,,1.0,1.0,1.0,1.0,0.9061908170298348,1.0,0.0,1.0,0.0,0.7206846303218233
4204,2df81c34dac0b3f5c,True,,,,,,,,,,1.0,1.0,1.0,1.0,0.2286639015375825,1.0,1.0,1.0,0.0,0.6339574692304946
4205,24d58aedbf92c910a,True,,,,,,,,,,1.0,1.0,1.0,1.0,0.7740624716042098,1.0,1.0,1.0,1.0,0.9293945223763156
4206,af944ea40728e6074,True,,,,,,,,,,1.0,1.0,1.0,1.0,0.3902680082601963,1.0,1.0,1.0,1.0,0.8094587525813113
4207,f5714362919202c36,True,,,,,,,,,,1.0,1.0,1.0,1.0,0.6765233008750697,1.0,1.0,1.0,1.0,0.8989135315234593
4208,fc8bd325b3da03b85,True,,,,,,,,,,1.0,1.0,1.0,1.0,0.8661575073821789,1.0,1.0,1.0,0.0,0.8331742210569308
4209,b6cc9d50323153d21,True,,,,,,,,,,1.0,1.0,1.0,1.0,0.8339751087328803,1.0,1.0,1.0,0.0,0.8231172214790251
4210,953bd3451def71fb4,True,,,,,,,,,,1.0,1.0,1.0,1.0,0.4155000497762714,1.0,1.0,1.0,0.0,0.6923437655550848
4211,6a1ac7cf335eb8310,True,,,,,,,,,,0.5,0.0,0.0,0.0,1.0,0.0,1.0,1.0,0.0,0.0
4212,618e08d8da0ee9129,True,,,,,,,,,,0.0,1.0,1.0,1.0,1.0,0.0,1.0,1.0,0.0,0.0
4213,4762ced79d548ee7c,True,,,,,,,,,,1.0,1.0,1.0,1.0,0.7391397527044916,1.0,1.0,1.0,0.0,0.7934811727201536
4214,ab30a09f899e6330e,True,,,,,,,,,,1.0,1.0,1.0,1.0,0.168797342146965,1.0,1.0,1.0,0.0,0.6152491694209266
4215,9a546e8b85e191da8,True,,,,,,,,,,1.0,1.0,1.0,1.0,1.0,1.0,1.0,1.0,1.0,1.0
4216,47fd69d104912e67a,True,,,,,,,,,,1.0,0.0,1.0,1.0,0.4436993768475446,1.0,1.0,1.0,0.0,0.0
4217,692440daecd03cbe0,True,,,,,,,,,,1.0,1.0,0.5,1.0,1.0,1.0,0.0,1.0,1.0,0.4375
4218,dec0b3a34c3d245fd,True,,,,,,,,,,1.0,1.0,1.0,1.0,0.2216602884058642,1.0,1.0,1.0,0.0,0.6317688401268325
4219,23b5ec16bb6ad0b92,True,,,,,,,,,,1.0,1.0,1.0,1.0,0.938241537678209,1.0,1.0,1.0,0.0,0.8557004805244404
4220,c25da0ddaa99c1dd9,True,,,,,,,,,,0.0,1.0,1.0,1.0,1.0,0.0,1.0,1.0,0.0,0.0
4221,6d342e630c70431ff,True,,,,,,,,,,1.0,1.0,1.0,1.0,0.2577014121069419,1.0,1.0,1.0,1.0,0.7680316912834193
4222,064dc83e13c6841b5,True,,,,,,,,,,1.0,1.0,1.0,1.0,0.8054155907973931,1.0,0.0,1.0,1.0,0.8141923721241853
4223,385a771804ff89676,True,,,,,,,,,,1.0,0.0,1.0,1.0,0.8853564152204532,1.0,0.0,1.0,0.0,0.0
4224,8d47793d9ca1f6778,True,,,,,,,,,,1.0,1.0,1.0,1.0,1.0,1.0,1.0,1.0,1.0,1.0
4225,6e89fe515e3ad5428,True,,,,,,,,,,1.0,1.0,1.0,1.0,0.5576150743095274,1.0,1.0,1.0,1.0,0.8617547107217274
4226,15a72986ee0932891,True,,,,,,,,,,0.0,1.0,1.0,1.0,1.0,0.0,1.0,0.0,0.0,0.0
4227,4ff48fa4e19774be7,True,,,,,,,,,,0.0,1.0,1.0,1.0,0.5312258303272461,0.0,0.0,1.0,1.0,0.0
4228,d438ad9624b532d1a,True,,,,,,,,,,1.0,1.0,1.0,1.0,0.8705054398354002,1.0,0.0,1.0,1.0,0.8345329499485625
4229,68dc2b23bd498da89,True,,,,,,,,,,1.0,1.0,1.0,1.0,0.7218077414621771,1.0,1.0,1.0,0.0,0.7880649192069303
4230,553cf28c0505a3ed6,True,,,,,,,,,,1.0,1.0,1.0,1.0,0.6195191547522885,1.0,0.0,1.0,0.0,0.6310997358600902
4231,81a0fd8a5f248a253,True,,,,,,,,,,1.0,1.0,1.0,1.0,0.7874470352246243,1.0,1.0,1.0,0.0,0.808577198507695
4232,38cc35d94ab3f203c,True,,,,,,,,,,1.0,1.0,1.0,1.0,0.5095865133355997,1.0,0.0,1.0,1.0,0.7217457854173749
4233,b01708b022b85bbd7,True,,,,,,,,,,1.0,1.0,1.0,1.0,1.0,1.0,1.0,1.0,1.0,1.0
4234,59c1acee0df7ca984,True,,,,,,,,,,1.0,1.0,1.0,1.0,0.6089018596554195,1.0,0.0,1.0,1.0,0.7527818311423187
4235,363ef196e8503db27,True,,,,,,,,,,1.0,1.0,1.0,1.0,0.4853701352805131,1.0,1.0,1.0,1.0,0.8391781672751604
4236,646863c254a0a7a48,True,,,,,,,,,,1.0,1.0,0.0,1.0,0.7484930882392432,1.0,0.0,1.0,1.0,0.0
4237,5cd160daac2e582eb,True,,,,,,,,,,1.0,1.0,1.0,1.0,0.3274370305016026,1.0,1.0,1.0,1.0,0.7898240720317509
4238,960134e598a1cc28b,True,,,,,,,,,,1.0,0.0,0.5,1.0,1.0,1.0,0.0,1.0,1.0,0.0
4239,610932681c4760e82,True,,,,,,,,,,1.0,1.0,1.0,1.0,0.824900839927999,1.0,0.0,1.0,0.0,0.6952815124774997
4240,daa10fc178dc83dfb,True,,,,,,,,,,1.0,0.0,1.0,1.0,1.0,1.0,1.0,1.0,0.0,0.0
4241,4429b647133616c7e,True,,,,,,,,,,1.0,1.0,1.0,1.0,0.6580154173150586,1.0,1.0,1.0,1.0,0.8931298179109558
4242,08ad22cbb4d9d003b,True,,,,,,,,,,0.0,1.0,1.0,1.0,1.0,0.0,0.0,1.0,0.0,0.0
4243,cfe27a593a4819294,True,,,,,,,,,,1.0,1.0,1.0,1.0,0.4758802346705374,1.0,1.0,0.0,0.0,0.5862125733345429
4244,e7ae2cd68d33a847e,True,,,,,,,,,,1.0,1.0,1.0,1.0,0.701614579856359,1.0,0.0,1.0,0.0,0.6567545562051122
4245,f8ca67d21e119b990,True,,,,,,,,,,1.0,1.0,1.0,1.0,1.0,1.0,0.0,1.0,1.0,0.875
4246,9ce715dfae40ca8c0,True,,,,,,,,,,1.0,0.0,1.0,1.0,0.8505263937063756,1.0,0.0,1.0,1.0,0.0
4247,2cb233c37065ae18d,True,,,,,,,,,,1.0,1.0,1.0,1.0,0.5966779912271921,1.0,0.0,1.0,1.0,0.7489618722584975
4248,aedc0bf45f1840715,True,,,,,,,,,,1.0,1.0,1.0,1.0,0.2579462582777468,1.0,0.0,1.0,1.0,0.6431082057117958
4249,2048a65fec13c23d5,True,,,,,,,,,,1.0,1.0,1.0,1.0,0.4155106170856816,1.0,1.0,1.0,1.0,0.8173470678392755
4250,b75d157a5ca10b698,True,,,,,,,,,,1.0,1.0,1.0,1.0,0.7079381504206917,1.0,1.0,1.0,1.0,0.9087306720064662
4251,8e3348c3a2dfabeab,True,,,,,,,,,,1.0,1.0,1.0,1.0,0.2004012196513588,1.0,1.0,1.0,0.0,0.6251253811410497
4252,13d12623bf8ef0e4f,True,,,,,,,,,,1.0,1.0,0.0,1.0,0.8107577667219921,1.0,1.0,1.0,0.0,0.0
4253,ad537f45665843f16,True,,,,,,,,,,1.0,1.0,1.0,1.0,0.4688899705934247,1.0,1.0,1.0,0.0,0.7090281158104452
4254,c989b3ae7e9270d2d,True,,,,,,,,,,1.0,1.0,1.0,1.0,0.4852077629411405,1.0,1.0,1.0,0.0,0.7141274259191064
4255,e4c060ddfe2b49190,True,,,,,,,,,,1.0,1.0,1.0,1.0,0.2982022570360092,1.0,1.0,1.0,1.0,0.7806882053237529
4256,3d1800c34a5e46a21,True,,,,,,,,,,1.0,1.0,1.0,1.0,1.0,1.0,1.0,1.0,0.0,0.875
4257,5b2b7c5762e61f6b5,True,,,,,,,,,,1.0,1.0,1.0,1.0,1.0,1.0,1.0,1.0,0.0,0.875
4258,cecd0fc5ce59cf0d6,True,,,,,,,,,,1.0,1.0,1.0,1.0,0.1472543739361841,1.0,0.0,1.0,0.0,0.4835169918550575
4259,2dac755118d4733e7,True,,,,,,,,,,1.0,1.0,1.0,1.0,0.8236114025469112,1.0,0.0,1.0,1.0,0.8198785632959098
4260,71fe821c1ced6591c,True,,,,,,,,,,1.0,1.0,1.0,1.0,0.7879156445676381,1.0,0.0,1.0,1.0,0.8087236389273869
4261,e58c5ddaa428a3e26,True,,,,,,,,,,1.0,1.0,1.0,1.0,0.7999757066818433,1.0,1.0,0.0,0.0,0.687492408338076
4262,a34ac70446a543335,True,,,,,,,,,,1.0,1.0,1.0,1.0,1.0,1.0,1.0,1.0,1.0,1.0
4263,8a767a8d9952eeaf9,True,,,,,,,,,,1.0,1.0,1.0,1.0,0.5725082362587482,1.0,1.0,1.0,1.0,0.8664088238308588
4264,ef4057d8e3d8a089e,True,,,,,,,,,,1.0,1.0,0.5,1.0,1.0,1.0,0.0,1.0,1.0,0.4375
4265,a0b761c6ddf3b5b92,True,,,,,,,,,,1.0,1.0,1.0,1.0,0.3623775395995043,1.0,0.0,1.0,1.0,0.6757429811248451
4266,a4405612b58117ecc,True,,,,,,,,,,1.0,1.0,1.0,1.0,0.3914868271643126,1.0,1.0,1.0,0.0,0.6848396334888477
4267,1ad3760588008efe5,True,,,,,,,,,,0.0,1.0,1.0,1.0,1.0,0.0,0.0,1.0,0.0,0.0
4268,f54aae942b797da5a,True,,,,,,,,,,1.0,1.0,1.0,1.0,0.8343994077318166,1.0,0.0,1.0,1.0,0.8232498149161926
4269,66138b6a89d5d40bf,True,,,,,,,,,,1.0,1.0,1.0,1.0,0.2631747769825873,0.0,1.0,1.0,1.0,0.4572421178070585
4270,9aae6ea45a3c7efaf,True,,,,,,,,,,1.0,1.0,1.0,1.0,0.7035321045174213,1.0,1.0,1.0,1.0,0.9073537826616942
4271,1924f6d5f33633039,True,,,,,,,,,,1.0,1.0,1.0,1.0,0.8905042319000029,1.0,0.0,1.0,0.0,0.715782572468751
4272,55810b94ebcc0aaa3,True,,,,,,,,,,1.0,1.0,1.0,1.0,0.7322750463012622,1.0,0.0,1.0,0.0,0.6663359519691444
4273,509ec142f891e0766,True,,,,,,,,,,1.0,1.0,1.0,1.0,1.0,1.0,0.0,1.0,0.0,0.75
4274,74e23535d8622107d,True,,,,,,,,,,1.0,1.0,1.0,1.0,0.6754320489676476,1.0,1.0,1.0,0.0,0.7735725153023899
4275,43f7d2bb6b4b6f35a,True,,,,,,,,,,1.0,0.0,1.0,1.0,1.0,1.0,0.0,1.0,1.0,0.0
4276,2e5eb89b3ec98ed08,True,,,,,,,,,,1.0,0.0,1.0,1.0,1.0,1.0,1.0,1.0,0.0,0.0
4277,e6aaf829acef158f6,True,,,,,,,,,,1.0,1.0,1.0,1.0,0.4304184114093646,1.0,1.0,1.0,1.0,0.8220057535654265
4278,ac979b78a3cdc5d39,True,,,,,,,,,,0.0,1.0,1.0,1.0,1.0,0.0,1.0,1.0,1.0,0.0
4279,20f30bb4990d9b84e,True,,,,,,,,,,1.0,1.0,1.0,1.0,1.0,1.0,0.0,1.0,1.0,0.875
4280,b05df43ae389b79eb,True,,,,,,,,,,1.0,0.0,1.0,1.0,1.0,1.0,1.0,0.0,0.0,0.0
4281,f822b7fedd599ccea,True,,,,,,,,,,1.0,0.0,1.0,1.0,0.4655300582426687,1.0,0.0,1.0,0.0,0.0
4282,9d9f3b3f6578c5375,True,,,,,,,,,,1.0,1.0,1.0,1.0,0.8400907920935309,1.0,0.0,1.0,0.0,0.7000283725292284
4283,d8052b68418709942,True,,,,,,,,,,1.0,1.0,1.0,1.0,0.460333278680694,1.0,0.0,1.0,0.0,0.5813541495877169
4284,ddbab6bc7b8883cc3,True,,,,,,,,,,1.0,1.0,1.0,1.0,0.3994830372651317,1.0,1.0,1.0,1.0,0.8123384491453536
4285,6333f19e87ad08122,True,,,,,,,,,,1.0,0.0,1.0,1.0,1.0,1.0,1.0,1.0,1.0,0.0
4286,d7ae6e55bf567365e,True,,,,,,,,,,1.0,1.0,0.0,1.0,1.0,1.0,0.0,1.0,1.0,0.0
4287,7b24f810cbd1a8c5a,True,,,,,,,,,,1.0,1.0,1.0,1.0,1.0,1.0,0.0,1.0,0.0,0.75
4288,62b18a39075ffdaba,True,,,,,,,,,,1.0,1.0,1.0,1.0,1.0,1.0,1.0,1.0,1.0,1.0
4289,0c19c99a701794b8d,True,,,,,,,,,,0.0,1.0,1.0,1.0,1.0,0.0,1.0,1.0,0.0,0.0
4290,87940f7f64854009d,True,,,,,,,,,,1.0,1.0,1.0,1.0,0.7480478900713338,1.0,1.0,1.0,0.0,0.7962649656472918
4291,a1ff65c462fb19548,True,,,,,,,,,,1.0,1.0,0.5,1.0,0.7686840975764165,1.0,1.0,1.0,0.0,0.4013568902463151
4292,2999813e6f4624d21,True,,,,,,,,,,0.0,1.0,1.0,1.0,1.0,0.0,0.0,1.0,0.0,0.0
4293,b7649c3b2cd5537c8,True,,,,,,,,,,1.0,1.0,1.0,1.0,1.0,1.0,1.0,1.0,0.0,0.875
4294,dfb0b00c1c3dcaa0a,True,,,,,,,,,,1.0,1.0,0.5,1.0,0.8619103230016161,1.0,0.0,1.0,0.0,0.3534234879690025
4295,151d16ac2d96ae161,True,,,,,,,,,,1.0,1.0,1.0,1.0,1.0,1.0,1.0,1.0,1.0,1.0
4296,1effe02b2af9680a9,True,,,,,,,,,,1.0,1.0,1.0,1.0,0.2532880042023886,1.0,0.0,1.0,1.0,0.6416525013132465
4297,226f8f3910e177d34,True,,,,,,,,,,1.0,1.0,1.0,1.0,0.6917015525412633,1.0,1.0,1.0,0.0,0.7786567351691448
4298,102c820549ded1872,True,,,,,,,,,,1.0,1.0,0.5,1.0,1.0,1.0,0.0,1.0,0.0,0.375
4299,5d5440db427d5f265,True,,,,,,,,,,1.0,1.0,1.0,1.0,0.3067384039547178,1.0,1.0,1.0,0.0,0.6583557512358493
4300,02a66384ce22f1be6,True,,,,,,,,,,1.0,1.0,1.0,1.0,0.5175566586963092,1.0,1.0,1.0,0.0,0.7242364558425967
4301,c912edcab444df468,True,,,,,,,,,,1.0,1.0,1.0,1.0,0.7317673490677166,1.0,1.0,1.0,0.0,0.7911772965836614
4302,1c18bdd5b49d08afb,True,,,,,,,,,,0.0,1.0,0.0,1.0,1.0,0.0,0.0,1.0,0.0,0.0
4303,394d8ba443460b0bf,True,,,,,,,,,,1.0,1.0,1.0,1.0,0.1514204839638669,1.0,1.0,1.0,1.0,0.7348189012387084
4304,1f18c770d2cfe8d3c,True,,,,,,,,,,0.0,1.0,0.5,1.0,1.0,0.0,0.0,1.0,0.0,0.0
4305,aa6ae8ce4dc53d9af,True,,,,,,,,,,1.0,1.0,1.0,1.0,0.7607495180261021,1.0,1.0,1.0,0.0,0.800234224383157
4306,c86b538debe073fb7,True,,,,,,,,,,1.0,1.0,1.0,1.0,0.696731757729671,1.0,1.0,1.0,1.0,0.9052286742905222
4307,e2272321d7d429d4f,True,,,,,,,,,,1.0,0.0,0.5,1.0,1.0,1.0,0.0,0.0,0.0,0.0
4308,b1446d3c05a5f7c0a,True,,,,,,,,,,1.0,1.0,0.5,1.0,1.0,1.0,0.0,1.0,0.0,0.375
4309,0a8cbe192f3d3dfba,True,,,,,,,,,,1.0,1.0,1.0,1.0,0.4225089652220719,1.0,1.0,1.0,0.0,0.6945340516318974
4310,e51490fe813037042,True,,,,,,,,,,0.0,1.0,1.0,1.0,1.0,0.0,0.0,0.0,0.0,0.0
4311,01a7cf70d70d2fa61,True,,,,,,,,,,1.0,1.0,1.0,1.0,0.4650454104693929,1.0,0.0,1.0,1.0,0.7078266907716853
4312,9451e8ef901cc6db5,True,,,,,,,,,,1.0,1.0,1.0,1.0,0.5066788377024536,1.0,1.0,1.0,1.0,0.8458371367820168
4313,f9ab90e6bba95734a,True,,,,,,,,,,1.0,1.0,1.0,1.0,0.3680407624187201,1.0,1.0,1.0,0.0,0.67751273825585
4314,896888ec148c2c4cb,True,,,,,,,,,,0.0,1.0,1.0,1.0,0.7968299308115017,0.0,0.0,1.0,1.0,0.0
4315,4ac58ee8e6463cde1,True,,,,,,,,,,1.0,1.0,1.0,1.0,0.3060674396238131,1.0,0.0,1.0,1.0,0.6581460748824416
4316,0d4c14fd757504ef9,True,,,,,,,,,,1.0,1.0,0.0,1.0,1.0,1.0,0.0,1.0,0.0,0.0
4317,8ace04c31034f39f7,True,,,,,,,,,,0.5,1.0,1.0,1.0,1.0,0.0,0.0,1.0,1.0,0.28125
4318,3428d82c17d7e5501,True,,,,,,,,,,1.0,1.0,1.0,1.0,1.0,1.0,1.0,1.0,0.0,0.875
4319,99c29ddae00eb2eee,True,,,,,,,,,,1.0,1.0,1.0,1.0,1.0,1.0,1.0,1.0,0.0,0.875
4320,ccafa2d23a6f3f8b5,True,,,,,,,,,,1.0,1.0,1.0,1.0,0.3987998173740251,1.0,0.0,1.0,0.0,0.5621249429293829
4321,0da232d1485aff38f,True,,,,,,,,,,1.0,1.0,1.0,1.0,0.5875982478001467,1.0,1.0,1.0,1.0,0.8711244524375459
4322,5959223c7ec6a8c04,True,,,,,,,,,,1.0,1.0,1.0,0.0,1.0,1.0,0.0,1.0,0.0,0.0
4323,f11206119e3dafe73,True,,,,,,,,,,1.0,1.0,1.0,1.0,0.7155050566614768,1.0,1.0,1.0,0.0,0.7860953302067115
4324,5bd0e7981e5378287,True,,,,,,,,,,1.0,0.0,1.0,1.0,0.911437868919892,1.0,1.0,1.0,0.0,0.0
4325,ad6a7a2414e2a5ac3,True,,,,,,,,,,1.0,1.0,0.0,1.0,1.0,1.0,0.0,1.0,1.0,0.0
4326,b87411a579f9d7c9e,True,,,,,,,,,,1.0,1.0,1.0,1.0,0.5038900667398892,1.0,1.0,1.0,0.0,0.7199656458562154
4327,6f43b1ff7218bc4e6,True,,,,,,,,,,1.0,1.0,1.0,1.0,0.3566865761732096,1.0,1.0,1.0,0.0,0.673964555054128
4328,db8ce7c16bd7a04ef,True,,,,,,,,,,1.0,1.0,1.0,1.0,0.6693634110101764,1.0,1.0,1.0,1.0,0.8966760659406801
4329,f0ec163fc911ff8bb,True,,,,,,,,,,1.0,1.0,1.0,1.0,0.3153050992330579,1.0,1.0,1.0,0.0,0.6610328435103305
4330,e04480093a92a2fc2,True,,,,,,,,,,1.0,1.0,0.5,1.0,0.8535884528479191,1.0,1.0,1.0,1.0,0.4771231957574873
4331,617af5a1ea48f3d16,True,,,,,,,,,,1.0,1.0,1.0,1.0,0.5869804335192838,1.0,0.0,1.0,0.0,0.6209313854747762
4332,eedb6f9d589e745c8,True,,,,,,,,,,0.0,0.0,1.0,1.0,1.0,0.0,1.0,1.0,1.0,0.0
4333,289adac373c057f2c,True,,,,,,,,,,1.0,1.0,0.5,1.0,1.0,1.0,0.0,1.0,1.0,0.4375
4334,86dc24585f29d4c87,True,,,,,,,,,,1.0,1.0,1.0,1.0,0.5454407406956285,1.0,1.0,1.0,1.0,0.8579502314673839
4335,a60992b05822c13e5,True,,,,,,,,,,1.0,1.0,1.0,1.0,0.900777499616476,1.0,0.0,1.0,1.0,0.8439929686301487
4336,956f2e4043c1b8f4d,True,,,,,,,,,,1.0,1.0,1.0,1.0,0.7514772792354868,1.0,1.0,1.0,0.0,0.7973366497610896
4337,01b75264953369ae4,True,,,,,,,,,,1.0,1.0,0.5,1.0,1.0,1.0,0.0,1.0,1.0,0.4375
4338,2f7d76aaf1c498bdf,True,,,,,,,,,,1.0,1.0,1.0,1.0,0.2440964985159889,1.0,1.0,1.0,1.0,0.7637801557862465
4339,1908461428632f5dd,True,,,,,,,,,,1.0,1.0,1.0,1.0,0.8073613736622945,1.0,1.0,1.0,0.0,0.814800429269467
4340,eb926b1ea7a29e612,True,,,,,,,,,,0.0,1.0,1.0,1.0,1.0,0.0,0.0,1.0,1.0,0.0
4341,9c9df3f60654177e5,True,,,,,,,,,,1.0,1.0,1.0,1.0,0.2345157837115838,1.0,1.0,1.0,0.0,0.63578618240987
4342,dd01f78238cd88b26,True,,,,,,,,,,1.0,1.0,1.0,1.0,0.3881191101994106,1.0,1.0,1.0,1.0,0.8087872219373158
4343,eb0047db76ca54d58,True,,,,,,,,,,1.0,1.0,1.0,1.0,0.7301872171442746,1.0,1.0,1.0,1.0,0.9156835053575858
4344,b7e1048a59015eb95,True,,,,,,,,,,1.0,1.0,1.0,1.0,0.5459349745240442,1.0,1.0,1.0,1.0,0.8581046795387638
4345,a33c0d08df145dd4a,True,,,,,,,,,,0.0,1.0,1.0,1.0,1.0,0.0,1.0,1.0,1.0,0.0
4346,856438ce448da4265,True,,,,,,,,,,1.0,1.0,1.0,1.0,1.0,1.0,1.0,1.0,1.0,1.0
4347,fe05597461d3229f2,True,,,,,,,,,,1.0,0.0,1.0,1.0,0.5866572156285216,1.0,1.0,1.0,1.0,0.0
4348,67937388005952f7f,True,,,,,,,,,,1.0,1.0,1.0,1.0,0.4546530410351506,1.0,0.0,1.0,0.0,0.5795790753234846
4349,fd56100f9058b46fa,True,,,,,,,,,,1.0,1.0,0.5,1.0,1.0,1.0,0.0,1.0,1.0,0.4375
4350,1a221329baff3bfe2,True,,,,,,,,,,1.0,1.0,1.0,1.0,1.0,1.0,1.0,1.0,1.0,1.0
4351,de42e07d2e34faed5,True,,,,,,,,,,1.0,1.0,1.0,1.0,0.5269374180436622,1.0,0.0,1.0,1.0,0.7271679431386444
4352,687fb362f72d56b1d,True,,,,,,,,,,1.0,1.0,1.0,1.0,0.4111388347411018,1.0,1.0,1.0,1.0,0.8159808858565943
4353,8ecb5a2059e8ef8ac,True,,,,,,,,,,1.0,1.0,0.5,1.0,1.0,1.0,0.0,1.0,0.0,0.375
4354,21cc3fe26ab5be9ef,True,,,,,,,,,,1.0,1.0,1.0,1.0,0.7555193192365454,1.0,1.0,1.0,1.0,0.9235997872614204
4355,b89f8f1400c121a0e,True,,,,,,,,,,1.0,1.0,1.0,1.0,1.0,1.0,1.0,1.0,1.0,1.0
4356,8a80c99bf844921b8,True,,,,,,,,,,1.0,1.0,1.0,1.0,0.5033875329532363,1.0,0.0,1.0,1.0,0.7198086040478864
4357,f4fb6e871bef33f03,True,,,,,,,,,,1.0,0.0,1.0,1.0,1.0,1.0,0.0,1.0,0.0,0.0
4358,89d2e289ba7d3fd79,True,,,,,,,,,,1.0,1.0,0.0,1.0,1.0,1.0,0.0,1.0,0.0,0.0
4359,e2d10c9ccbbc61bce,True,,,,,,,,,,1.0,1.0,0.5,1.0,0.5833047158818794,1.0,0.0,1.0,1.0,0.3723913618565436
4360,e2e0472858fa4a63e,True,,,,,,,,,,1.0,1.0,1.0,1.0,0.5405706938436436,1.0,0.0,1.0,0.0,0.6064283418261387
4361,32f1711fd411244b6,True,,,,,,,,,,1.0,0.0,1.0,1.0,1.0,1.0,1.0,1.0,0.0,0.0
4362,5ee839d646b6d620e,True,,,,,,,,,,1.0,1.0,1.0,1.0,0.7214732655565353,1.0,0.0,1.0,1.0,0.7879603954864173
4363,28e1ed77c94cf4d91,True,,,,,,,,,,1.0,1.0,1.0,1.0,0.6761479567625038,1.0,1.0,1.0,1.0,0.8987962364882824
4364,3c7f6147a0608469d,True,,,,,,,,,,1.0,1.0,1.0,1.0,1.0,1.0,1.0,1.0,0.0,0.875
4365,59b413d34d6d4b46a,True,,,,,,,,,,1.0,1.0,0.5,1.0,0.4555987114223745,1.0,0.0,1.0,0.0,0.289937298659746
4366,d9d4ce69f1cb10c10,True,,,,,,,,,,1.0,1.0,1.0,1.0,0.3532191953676566,1.0,1.0,1.0,1.0,0.7978809985523927
4367,6a8f1db0741e3de32,True,,,,,,,,,,1.0,1.0,1.0,1.0,0.5931302415264156,1.0,0.0,1.0,1.0,0.7478532004770049
4368,0952835e9ba422028,True,,,,,,,,,,1.0,1.0,1.0,1.0,0.3969812844254886,1.0,1.0,1.0,0.0,0.6865566513829652
4369,15c7d65066442dddd,True,,,,,,,,,,1.0,0.0,1.0,1.0,1.0,1.0,1.0,1.0,0.0,0.0
4370,757cbf6c460160db5,True,,,,,,,,,,0.0,1.0,1.0,1.0,1.0,0.0,1.0,1.0,0.0,0.0
4371,d5638ab82149e235f,True,,,,,,,,,,1.0,1.0,1.0,1.0,0.7214090271195723,1.0,1.0,1.0,0.0,0.7879403209748663
4372,c172bf35d27bb2a60,True,,,,,,,,,,1.0,1.0,1.0,1.0,0.5851278168692935,1.0,0.0,1.0,0.0,0.6203524427716542
4373,1ad6a12ee1c381847,True,,,,,,,,,,1.0,1.0,1.0,1.0,1.0,1.0,0.0,1.0,0.0,0.75
4374,3e179fc29839a19a3,True,,,,,,,,,,1.0,1.0,1.0,1.0,1.0,1.0,0.0,1.0,1.0,0.875
4375,9d5c879308ff1f5b5,True,,,,,,,,,,1.0,1.0,1.0,1.0,0.5130191038001253,1.0,0.0,1.0,1.0,0.7228184699375392
4376,8f88cd86720008f23,True,,,,,,,,,,1.0,0.0,1.0,1.0,1.0,1.0,1.0,1.0,1.0,0.0
4377,20bf71807ad99d0aa,True,,,,,,,,,,0.0,1.0,1.0,1.0,1.0,0.0,1.0,1.0,0.0,0.0
4378,ca78ccfc1f366ca72,True,,,,,,,,,,1.0,1.0,0.0,1.0,1.0,0.0,0.0,1.0,0.0,0.0
4379,ee370f6df7c0912be,True,,,,,,,,,,1.0,1.0,1.0,1.0,1.0,1.0,1.0,1.0,0.0,0.875
4380,ee893ffe397bbd4fb,True,,,,,,,,,,0.5,0.0,1.0,1.0,1.0,0.0,1.0,1.0,0.0,0.0
4381,aac5e172e96b86e25,True,,,,,,,,,,1.0,1.0,0.5,1.0,1.0,1.0,0.0,1.0,1.0,0.4375
4382,893f024c9ae6bfd2c,True,,,,,,,,,,1.0,0.0,1.0,1.0,0.2643713536283592,1.0,1.0,1.0,1.0,0.0
4383,339edff793767887e,True,,,,,,,,,,1.0,1.0,1.0,1.0,1.0,0.0,0.0,1.0,0.0,0.4375
4384,c598788caa8a8109f,True,,,,,,,,,,1.0,1.0,1.0,1.0,0.228552610958384,1.0,1.0,1.0,0.0,0.633922690924495
4385,35cbd378e962248ad,True,,,,,,,,,,1.0,0.0,1.0,1.0,1.0,1.0,0.0,1.0,1.0,0.0
4386,1cdb5f8486a6e3a2b,True,,,,,,,,,,1.0,1.0,1.0,1.0,0.9914982440381112,0.0,1.0,1.0,1.0,0.6848432012619097
4387,bef08816de1b95125,True,,,,,,,,,,1.0,1.0,0.0,1.0,1.0,1.0,0.0,1.0,1.0,0.0
4388,3e180f4a19fe95fc4,True,,,,,,,,,,1.0,1.0,1.0,1.0,0.7444624327609962,1.0,0.0,1.0,0.0,0.6701445102378113
4389,9b4f213c9ca37efb2,True,,,,,,,,,,1.0,1.0,1.0,1.0,1.0,1.0,0.0,1.0,1.0,0.875
4390,14e4693cf0f1e04ff,True,,,,,,,,,,1.0,1.0,1.0,1.0,1.0,0.0,0.0,1.0,0.0,0.4375
4391,02d32235a5a1497cc,True,,,,,,,,,,1.0,1.0,1.0,1.0,0.6043926671640906,1.0,0.0,1.0,1.0,0.7513727084887782
4392,3d8d728e149979ead,True,,,,,,,,,,1.0,1.0,0.5,1.0,0.9084537646501744,1.0,0.0,1.0,1.0,0.4231959007265897
4393,be69267980b9fb08a,True,,,,,,,,,,1.0,0.0,1.0,1.0,0.6583671211313004,1.0,1.0,1.0,0.0,0.0
4394,239cac6c74f4f0bd4,True,,,,,,,,,,1.0,0.0,1.0,1.0,1.0,1.0,1.0,0.0,0.0,0.0
4395,583a61a4880467bf7,True,,,,,,,,,,1.0,1.0,1.0,1.0,0.3260558136626085,1.0,1.0,1.0,1.0,0.7893924417695651
4396,537f7c58a5c39bec7,True,,,,,,,,,,1.0,1.0,1.0,1.0,0.8006123380989942,1.0,0.0,1.0,1.0,0.8126913556559356
4397,63539a8af8e7678fa,True,,,,,,,,,,1.0,1.0,1.0,1.0,0.8251696767898608,1.0,1.0,1.0,0.0,0.8203655239968315
4398,49fd1c147826df430,True,,,,,,,,,,1.0,1.0,1.0,1.0,0.8039471533350964,1.0,1.0,1.0,0.0,0.8137334854172176
4399,17b20f1abf2c81e8d,True,,,,,,,,,,1.0,1.0,1.0,1.0,0.9089861348684112,1.0,1.0,1.0,0.0,0.8465581671463785
4400,069407bff74cbde70,True,,,,,,,,,,1.0,0.0,1.0,1.0,0.4525566892231303,1.0,1.0,1.0,0.0,0.0
4401,bb662cb22384c44c1,True,,,,,,,,,,1.0,1.0,1.0,1.0,0.6561241347764156,1.0,1.0,1.0,1.0,0.8925387921176299
4402,deb3331dfd3043c59,True,,,,,,,,,,1.0,0.0,1.0,1.0,1.0,1.0,1.0,1.0,0.0,0.0
4403,7b43da672e8898362,True,,,,,,,,,,1.0,1.0,0.5,1.0,1.0,1.0,0.0,1.0,0.0,0.375
4404,631046410650329eb,True,,,,,,,,,,1.0,1.0,1.0,1.0,0.7168199239168218,1.0,0.0,1.0,1.0,0.7865062262240068
4405,29ac6cd782f3052a8,True,,,,,,,,,,1.0,1.0,0.0,1.0,1.0,1.0,1.0,1.0,1.0,0.0
4406,93f8dde94dbff4d7d,True,,,,,,,,,,1.0,1.0,1.0,1.0,0.3707937011814955,1.0,1.0,1.0,1.0,0.8033730316192174
4407,58529df281ddba3bc,True,,,,,,,,,,1.0,1.0,1.0,1.0,0.4989981292128094,1.0,1.0,1.0,1.0,0.8434369153790029
4408,12f4928a69547a0bf,True,,,,,,,,,,1.0,0.0,1.0,1.0,0.9958447529656766,1.0,1.0,1.0,0.0,0.0
4409,661923b68a72445aa,True,,,,,,,,,,1.0,0.0,1.0,1.0,0.7151915042467695,1.0,1.0,1.0,0.0,0.0
4410,4dbc9cc6aa10c611c,True,,,,,,,,,,1.0,1.0,1.0,1.0,0.491620215714487,1.0,1.0,1.0,0.0,0.7161313174107772
4411,16a87b4b1ab4b9fa6,True,,,,,,,,,,1.0,1.0,1.0,1.0,1.0,1.0,0.0,1.0,1.0,0.875
4412,27fefe70564fbc07a,True,,,,,,,,,,0.5,1.0,1.0,1.0,1.0,0.0,1.0,1.0,1.0,0.34375
4413,7c1d966d6a3783a65,True,,,,,,,,,,1.0,1.0,1.0,1.0,0.7477052781784553,1.0,0.0,1.0,1.0,0.7961578994307673
4414,72decd6302c88fdf2,True,,,,,,,,,,1.0,0.0,1.0,1.0,1.0,1.0,0.0,1.0,0.0,0.0
4415,145a730c9e1e596f5,True,,,,,,,,,,1.0,1.0,1.0,1.0,1.0,1.0,1.0,1.0,0.0,0.875
4416,850d4a79f659a9740,True,,,,,,,,,,1.0,1.0,1.0,1.0,0.3935049574294961,1.0,0.0,1.0,0.0,0.5604702991967175
4417,f216d1ab22df1e533,True,,,,,,,,,,1.0,1.0,1.0,1.0,0.6421148937013242,1.0,1.0,1.0,0.0,0.7631609042816638
4418,6d649dcdbc3037d7a,True,,,,,,,,,,1.0,1.0,1.0,1.0,0.5686540808755428,1.0,0.0,1.0,1.0,0.7402044002736071
4419,2e14fecb99657b5f6,True,,,,,,,,,,1.0,1.0,1.0,1.0,0.762814305800035,1.0,1.0,1.0,0.0,0.8008794705625109
4420,3f68c9f1e2821def0,True,,,,,,,,,,1.0,1.0,1.0,1.0,0.4506370106417383,1.0,1.0,1.0,0.0,0.7033240658255433
4421,5d2c37d1b97718200,True,,,,,,,,,,0.0,1.0,1.0,0.0,1.0,0.0,1.0,0.0,0.0,0.0
4422,4954200b641849a4c,True,,,,,,,,,,1.0,1.0,1.0,1.0,0.5883902370218744,1.0,0.0,1.0,1.0,0.7463719490693358
4423,d89331799987b6909,True,,,,,,,,,,0.0,1.0,1.0,1.0,1.0,0.0,1.0,0.0,0.0,0.0
4424,95f89994ef4b0b0e3,True,,,,,,,,,,1.0,1.0,1.0,1.0,0.8237052253376764,1.0,0.0,1.0,1.0,0.8199078829180239
4425,8a5a158e9d0cf7649,True,,,,,,,,,,0.0,1.0,1.0,1.0,1.0,0.0,1.0,1.0,0.0,0.0
4426,18a239284011dd8c3,True,,,,,,,,,,1.0,1.0,0.0,1.0,0.8152520402596017,1.0,0.0,1.0,0.0,0.0
4427,38243f89c66ef146f,True,,,,,,,,,,1.0,0.0,1.0,1.0,0.5226642921060537,1.0,1.0,1.0,0.0,0.0
4428,a4564a26800be40aa,True,,,,,,,,,,1.0,1.0,1.0,1.0,1.0,1.0,0.0,1.0,0.0,0.75
4429,c0c4cd4a0562039fc,True,,,,,,,,,,1.0,0.0,1.0,1.0,1.0,1.0,1.0,1.0,1.0,0.0
4430,8f18f5e39ad7208bd,True,,,,,,,,,,1.0,1.0,1.0,1.0,0.8276803590482295,1.0,0.0,1.0,1.0,0.8211501122025717
4431,785173203974d1027,True,,,,,,,,,,1.0,1.0,1.0,1.0,0.8788209925659258,1.0,0.0,1.0,0.0,0.7121315601768519
4432,355d2f57b20f32e9c,True,,,,,,,,,,1.0,0.0,1.0,1.0,1.0,1.0,0.0,1.0,0.0,0.0
4433,b7f7527c14d0de1ef,True,,,,,,,,,,1.0,1.0,0.0,1.0,1.0,1.0,0.0,1.0,0.0,0.0
4434,fe454c84ae38cb664,True,,,,,,,,,,1.0,1.0,1.0,1.0,0.7472665471342402,1.0,1.0,1.0,0.0,0.7960207959794501
4435,bc0871e224359d4c3,True,,,,,,,,,,1.0,1.0,1.0,1.0,0.5801073621781605,1.0,1.0,1.0,1.0,0.8687835506806751
4436,7002b130242124367,True,,,,,,,,,,1.0,1.0,1.0,1.0,0.6135811079656034,1.0,1.0,1.0,1.0,0.879244096239251
4437,23466331481723251,True,,,,,,,,,,0.5,0.0,1.0,1.0,1.0,0.0,1.0,0.0,0.0,0.0
4438,d617dbbef56f36875,True,,,,,,,,,,1.0,1.0,1.0,1.0,0.7169839726753973,1.0,0.0,1.0,1.0,0.7865574914610616
4439,7d348078ef5cd9345,True,,,,,,,,,,1.0,1.0,1.0,1.0,0.2838305889970614,1.0,1.0,1.0,0.0,0.6511970590615817
4440,b7f82c0f75ba493fc,True,,,,,,,,,,1.0,1.0,1.0,1.0,0.1571490152638435,1.0,1.0,1.0,1.0,0.7366090672699511
4441,d4b7ede155f05dff3,True,,,,,,,,,,1.0,0.0,1.0,1.0,1.0,1.0,0.0,0.0,0.0,0.0
4442,a173f7714495b0d29,True,,,,,,,,,,1.0,1.0,1.0,1.0,0.3471531079592288,1.0,1.0,1.0,1.0,0.795985346237259
4443,bba1435e11b43591b,True,,,,,,,,,,1.0,1.0,1.0,1.0,0.8586997255199029,1.0,1.0,1.0,1.0,0.9558436642249696
4444,a18d6dca51d1c96c6,True,,,,,,,,,,1.0,1.0,1.0,1.0,0.1873822028453813,1.0,0.0,1.0,0.0,0.4960569383891816
4445,c3430498fdada1e4d,True,,,,,,,,,,1.0,1.0,1.0,1.0,0.8264051460673822,1.0,0.0,1.0,1.0,0.820751608146057
4446,a5a4330ec613db5a3,True,,,,,,,,,,0.0,1.0,1.0,1.0,1.0,0.0,1.0,0.0,0.0,0.0
4447,987228c8136243451,True,,,,,,,,,,1.0,1.0,0.5,1.0,1.0,1.0,0.0,1.0,1.0,0.4375
4448,e035483e2731dcf6b,True,,,,,,,,,,1.0,0.0,1.0,1.0,1.0,1.0,1.0,1.0,1.0,0.0
4449,43a6dc7b51c8d9d06,True,,,,,,,,,,1.0,0.0,1.0,1.0,1.0,1.0,1.0,1.0,1.0,0.0
4450,40f4ad799feb54f82,True,,,,,,,,,,1.0,1.0,1.0,0.0,1.0,1.0,1.0,1.0,1.0,0.0
4451,520f935b586e7b731,True,,,,,,,,,,1.0,1.0,1.0,1.0,1.0,1.0,0.0,1.0,1.0,0.875
4452,db13e1f50a5d36df0,True,,,,,,,,,,1.0,1.0,1.0,1.0,0.8237052253376764,1.0,0.0,1.0,1.0,0.8199078829180239
4453,09abf15b5898e308b,True,,,,,,,,,,1.0,1.0,0.0,1.0,1.0,1.0,0.0,1.0,0.0,0.0
4454,8c3b732ea1b87e65b,True,,,,,,,,,,1.0,0.0,1.0,1.0,0.5802576447492523,1.0,1.0,1.0,1.0,0.0
4455,dcde802c1ad40532b,True,,,,,,,,,,0.0,1.0,1.0,1.0,1.0,0.0,0.0,1.0,0.0,0.0
4456,f32ce52441f70bfee,True,,,,,,,,,,1.0,1.0,1.0,1.0,0.8272028260350847,1.0,1.0,1.0,0.0,0.821000883135964
4457,255c5f4408394746c,True,,,,,,,,,,1.0,1.0,1.0,1.0,1.0,1.0,0.0,1.0,1.0,0.875
4458,41a39d55c68bb7f5a,True,,,,,,,,,,1.0,1.0,1.0,1.0,0.18839625751436,1.0,1.0,1.0,0.0,0.6213738304732375
4459,58f91f82a3c230e1e,True,,,,,,,,,,1.0,1.0,1.0,1.0,0.3650690283871389,1.0,0.0,1.0,0.0,0.551584071370981
4460,1b82ae87e58cbab28,True,,,,,,,,,,1.0,1.0,0.0,1.0,1.0,1.0,0.0,1.0,0.0,0.0
4461,343c682cb6fb49290,True,,,,,,,,,,1.0,1.0,1.0,1.0,0.9333011053187116,1.0,0.0,1.0,0.0,0.7291565954120974
4462,6b7ec09b2f5066af8,True,,,,,,,,,,1.0,1.0,1.0,1.0,0.7000694073833601,1.0,1.0,1.0,1.0,0.9062716898073
4463,1e76d24e6c9b36a12,True,,,,,,,,,,1.0,1.0,1.0,1.0,0.9164822751237898,1.0,1.0,1.0,0.0,0.8489007109761844
4464,d53c9d9cbcfbfd03f,True,,,,,,,,,,1.0,1.0,1.0,1.0,0.2585518350787111,1.0,0.0,1.0,0.0,0.5182974484620972
4465,36973343935f49ac7,True,,,,,,,,,,1.0,1.0,1.0,1.0,0.8184314299283131,1.0,1.0,1.0,0.0,0.8182598218525978
4466,5dbaff082e8bd2a5b,True,,,,,,,,,,1.0,1.0,1.0,1.0,0.7635966125706342,1.0,0.0,1.0,1.0,0.8011239414283231
4467,428b6ffe51af1390c,True,,,,,,,,,,1.0,0.0,1.0,1.0,1.0,1.0,0.0,1.0,0.0,0.0
4468,3f8f80892c70b7c5f,True,,,,,,,,,,1.0,0.0,1.0,1.0,1.0,1.0,1.0,1.0,0.0,0.0
4469,c5bf49e3aca8b3adb,True,,,,,,,,,,1.0,1.0,1.0,1.0,0.287642802869171,1.0,1.0,1.0,1.0,0.7773883758966159
4470,2c3eb63a9cdff8129,True,,,,,,,,,,1.0,1.0,1.0,1.0,0.7167827105993957,1.0,1.0,1.0,0.0,0.7864945970623112
4471,aee13b42cfd66c8a3,True,,,,,,,,,,1.0,1.0,1.0,1.0,0.6678025924026078,1.0,1.0,1.0,1.0,0.8961883101258149
4472,178157ae0466a3851,True,,,,,,,,,,0.0,1.0,1.0,1.0,1.0,0.0,1.0,1.0,0.0,0.0
4473,da72d5ca0828d5a3d,True,,,,,,,,,,1.0,1.0,1.0,1.0,0.5757374012790809,1.0,1.0,1.0,0.0,0.7424179378997128
4474,dd724782a844b55a6,True,,,,,,,,,,1.0,1.0,1.0,1.0,1.0,1.0,0.0,1.0,0.0,0.75
4475,d328dc60ffaca31bf,True,,,,,,,,,,1.0,1.0,1.0,1.0,0.6841090339189932,1.0,0.0,1.0,1.0,0.7762840730996854
4476,474ead815a6e92542,True,,,,,,,,,,1.0,1.0,1.0,1.0,1.0,1.0,0.0,1.0,1.0,0.875
4477,5b9f80fbe5e67358f,True,,,,,,,,,,1.0,0.0,1.0,1.0,1.0,1.0,0.0,1.0,0.0,0.0
4478,fbc2b4583a81f36b9,True,,,,,,,,,,1.0,1.0,1.0,1.0,0.5970332505611454,1.0,0.0,1.0,0.0,0.6240728908003579
4479,4cac5cf4ef12bcaba,True,,,,,,,,,,1.0,1.0,1.0,1.0,0.2466113095826966,1.0,1.0,0.0,0.0,0.5145660342445927
4480,4e3a5df59e6d56d34,True,,,,,,,,,,1.0,1.0,1.0,1.0,1.0,1.0,0.0,1.0,1.0,0.875
4481,37c49a3e38b6b7781,True,,,,,,,,,,1.0,1.0,1.0,1.0,0.2617276632713447,1.0,1.0,1.0,0.0,0.6442898947722953
4482,01edf32aa82765229,True,,,,,,,,,,1.0,0.0,1.0,1.0,1.0,1.0,0.0,1.0,0.0,0.0
4483,75a91bdf0ba2aeea9,True,,,,,,,,,,1.0,1.0,1.0,1.0,0.5543717018729184,1.0,1.0,1.0,1.0,0.860741156835287
4484,afb926f0852a51d14,True,,,,,,,,,,1.0,1.0,1.0,1.0,0.7439387765086645,1.0,1.0,1.0,0.0,0.7949808676589576
4485,49251b4564a2244a7,True,,,,,,,,,,1.0,1.0,1.0,1.0,0.8416502714471884,1.0,1.0,1.0,1.0,0.9505157098272464
4486,6a62285a9933482cb,True,,,,,,,,,,1.0,1.0,0.0,1.0,1.0,1.0,0.0,1.0,0.0,0.0
4487,56873aea1946dc836,True,,,,,,,,,,1.0,1.0,1.0,1.0,0.8232812079444802,1.0,1.0,1.0,0.0,0.8197753774826501
4488,1297091b925da475f,True,,,,,,,,,,1.0,1.0,1.0,1.0,1.0,1.0,0.0,1.0,1.0,0.875
4489,e2b3b0ba92343745a,True,,,,,,,,,,1.0,1.0,1.0,1.0,1.0,1.0,1.0,1.0,1.0,1.0
4490,d7df71a05797f5711,True,,,,,,,,,,1.0,1.0,0.5,1.0,0.7758449781063974,1.0,0.0,1.0,1.0,0.4024757778291246
4491,dcc637b763e600173,True,,,,,,,,,,1.0,1.0,1.0,1.0,0.631916175631857,1.0,1.0,1.0,0.0,0.7599738048849554
4492,96cf7424a206ab31f,True,,,,,,,,,,0.0,1.0,1.0,1.0,0.7269301880311583,0.0,1.0,1.0,1.0,0.0
4493,eeb34640b5657db25,True,,,,,,,,,,1.0,0.0,1.0,1.0,1.0,1.0,1.0,1.0,0.0,0.0
4494,4bec08cedd964d496,True,,,,,,,,,,1.0,1.0,1.0,1.0,1.0,1.0,1.0,1.0,0.0,0.875
4495,87d2841ebf764daf7,True,,,,,,,,,,1.0,0.0,1.0,1.0,0.7664303552017754,1.0,1.0,1.0,0.0,0.0
4496,bc730296c22859127,True,,,,,,,,,,1.0,1.0,1.0,1.0,0.7233610025819305,1.0,1.0,1.0,0.0,0.7885503133068532
4497,2a1dc6975af402aa9,True,,,,,,,,,,1.0,0.0,1.0,1.0,0.6497438244777307,1.0,0.0,1.0,1.0,0.0
4498,c398b0b20ab17435c,True,,,,,,,,,,1.0,1.0,1.0,1.0,0.9041669314683533,1.0,0.0,1.0,0.0,0.7200521660838604
4499,d80a5ecfeec414cd1,True,,,,,,,,,,1.0,1.0,1.0,1.0,0.7738583344622065,1.0,1.0,1.0,1.0,0.9293307295194396
4500,d1d090928a3c1ff44,True,,,,,,,,,,1.0,1.0,1.0,1.0,0.7690640245061572,1.0,0.0,1.0,1.0,0.8028325076581742
4501,58a0f95c3ba9a97b9,True,,,,,,,,,,1.0,1.0,1.0,1.0,0.9759030061359972,1.0,0.0,1.0,1.0,0.8674696894174991
4502,2ad55ac1a6a8d1422,True,,,,,,,,,,1.0,1.0,1.0,1.0,0.7202144827713063,1.0,1.0,1.0,0.0,0.7875670258660332
4503,2532060dd97ed7c45,True,,,,,,,,,,1.0,1.0,1.0,1.0,0.9610197942865444,1.0,0.0,1.0,1.0,0.862818685714545
4504,281b6c4a5468c1447,True,,,,,,,,,,1.0,1.0,1.0,1.0,0.7957858324502863,1.0,1.0,1.0,1.0,0.9361830726407144
4505,579935f9cfdd09614,True,,,,,,,,,,1.0,1.0,1.0,1.0,0.6221844638757805,1.0,0.0,1.0,1.0,0.7569326449611814
4506,2f1ef51a33585046a,True,,,,,,,,,,1.0,1.0,1.0,1.0,1.0,1.0,0.0,1.0,0.0,0.75
4507,8266f573d47606b3f,True,,,,,,,,,,0.0,1.0,1.0,1.0,1.0,0.0,1.0,1.0,0.0,0.0
4508,92dbe7647ced9cbf0,True,,,,,,,,,,1.0,1.0,1.0,1.0,0.8593947364820178,1.0,0.0,1.0,1.0,0.8310608551506306
4509,65b5a6fd57eb4ffb9,True,,,,,,,,,,1.0,1.0,1.0,1.0,1.0,1.0,1.0,1.0,1.0,1.0
4510,904fec4de373b84b3,True,,,,,,,,,,1.0,1.0,1.0,1.0,0.4449388129101223,1.0,0.0,1.0,1.0,0.7015433790344132
4511,978616965b8fd4cd6,True,,,,,,,,,,1.0,1.0,1.0,1.0,0.8623106139569608,1.0,0.0,1.0,1.0,0.8319720668615502
4512,29202e5e7b84d0701,True,,,,,,,,,,1.0,1.0,0.0,1.0,0.722152161576436,1.0,0.0,1.0,1.0,0.0
4513,cdb408bfe8cbbd8b3,True,,,,,,,,,,1.0,1.0,1.0,1.0,0.9264553058842306,1.0,0.0,0.0,0.0,0.6020172830888221
4514,d23dccf53d6e2e76b,True,,,,,,,,,,1.0,1.0,1.0,1.0,0.9584526140216904,1.0,1.0,1.0,0.0,0.8620164418817782
4515,246271906b5570c57,True,,,,,,,,,,1.0,0.0,1.0,1.0,0.2743013011218834,1.0,0.0,1.0,0.0,0.0
4516,0a61ab78c3fb6fbe9,True,,,,,,,,,,0.0,1.0,1.0,1.0,1.0,0.0,1.0,1.0,0.0,0.0
4517,a81080b37a16b485a,True,,,,,,,,,,1.0,1.0,1.0,1.0,0.7624485070330834,1.0,0.0,1.0,0.0,0.6757651584478386
4518,e320a3747ddfe4a53,True,,,,,,,,,,1.0,0.0,0.5,1.0,0.7210176804631586,1.0,0.0,1.0,1.0,0.0
4519,91c1ae75902e09e0c,True,,,,,,,,,,1.0,1.0,1.0,1.0,0.9760891126213712,1.0,1.0,1.0,1.0,0.9925278476941786
4520,c644c8d1984cd65ac,True,,,,,,,,,,1.0,1.0,1.0,1.0,0.6260161869131871,1.0,1.0,1.0,1.0,0.883130058410371
4521,2c8a8566b34a09b90,True,,,,,,,,,,1.0,0.0,1.0,1.0,1.0,1.0,1.0,1.0,0.0,0.0
4522,756e98a2a3d823c33,True,,,,,,,,,,1.0,1.0,1.0,1.0,0.8448422901334283,1.0,0.0,1.0,1.0,0.8265132156666963
4523,d31a201a98822b2ce,True,,,,,,,,,,1.0,1.0,1.0,1.0,0.7138875743968792,1.0,1.0,1.0,1.0,0.9105898669990248
4524,ff4cc095b1e90f672,True,,,,,,,,,,1.0,1.0,1.0,1.0,0.7931438212368545,1.0,0.0,1.0,1.0,0.810357444136517
4525,6f6dd61939e44a14a,True,,,,,,,,,,1.0,1.0,1.0,1.0,0.6453392929902906,1.0,0.0,1.0,0.0,0.6391685290594658
4526,eaae6fd2529ee2b0b,True,,,,,,,,,,1.0,1.0,1.0,1.0,1.0,1.0,0.0,1.0,0.0,0.75
4527,8162ca210af0620b8,True,,,,,,,,,,1.0,1.0,1.0,1.0,0.816465169996616,1.0,0.0,1.0,0.0,0.6926453656239425
4528,09ff70ea6f020da6f,True,,,,,,,,,,1.0,1.0,1.0,1.0,1.0,1.0,1.0,1.0,1.0,1.0
4529,6947b69561a94404d,True,,,,,,,,,,1.0,1.0,1.0,1.0,1.0,1.0,0.0,1.0,0.0,0.75
4530,3fee465a29d222bb0,True,,,,,,,,,,1.0,1.0,1.0,1.0,0.7269285336174002,1.0,1.0,1.0,0.0,0.7896651667554375
4531,71755f3b7a0b20f35,True,,,,,,,,,,0.0,1.0,1.0,1.0,1.0,0.0,1.0,0.0,0.0,0.0
4532,352716976d8eac750,True,,,,,,,,,,1.0,1.0,1.0,1.0,0.4060923571257185,1.0,1.0,1.0,1.0,0.814403861601787
4533,556038b758f3b54f6,True,,,,,,,,,,1.0,1.0,1.0,1.0,0.6447289688247269,1.0,0.0,1.0,0.0,0.6389778027577271
4534,0eea2180fbf7c0949,True,,,,,,,,,,0.0,1.0,1.0,1.0,0.5049038949102712,0.0,0.0,1.0,1.0,0.0
4535,b4590a06173d6c3f0,True,,,,,,,,,,1.0,1.0,1.0,1.0,0.7442014817922857,1.0,0.0,0.0,0.0,0.5450629630600893
4536,b22a9c0ef981d4004,True,,,,,,,,,,1.0,1.0,1.0,1.0,0.674329504450388,1.0,1.0,1.0,0.0,0.7732279701407463
4537,5bfde4f04f6f9257a,True,,,,,,,,,,1.0,1.0,1.0,1.0,0.8234539409810261,1.0,0.0,1.0,0.0,0.6948293565565706
4538,abe4fa3284d5d8e53,True,,,,,,,,,,1.0,1.0,1.0,1.0,0.2092418326046022,1.0,1.0,1.0,0.0,0.6278880726889382
4539,728ec7568be562318,True,,,,,,,,,,1.0,1.0,1.0,1.0,1.0,1.0,0.0,1.0,1.0,0.875
4540,dc6135734ed70b551,True,,,,,,,,,,1.0,1.0,1.0,1.0,0.8430907170430534,1.0,1.0,1.0,0.0,0.8259658490759542
4541,5b7d267fca157a9e6,True,,,,,,,,,,1.0,0.0,1.0,1.0,1.0,1.0,0.0,1.0,0.0,0.0
4542,c1b9b8e570da075bf,True,,,,,,,,,,1.0,1.0,1.0,1.0,1.0,1.0,1.0,1.0,1.0,1.0
4543,5415935ab116cd94f,True,,,,,,,,,,1.0,1.0,1.0,1.0,0.8186440923833191,1.0,0.0,1.0,0.0,0.6933262788697873
4544,f37a107cfe0b65537,True,,,,,,,,,,1.0,1.0,1.0,1.0,0.653605206242618,1.0,1.0,1.0,1.0,0.8917516269508181
4545,98f63c421f75a8ead,True,,,,,,,,,,1.0,1.0,1.0,1.0,1.0,1.0,0.0,1.0,0.0,0.75
4546,d92b3534c888c4bbb,True,,,,,,,,,,0.0,0.0,1.0,1.0,1.0,0.0,1.0,0.0,0.0,0.0
4547,027609f1fbf1b3b16,True,,,,,,,,,,0.0,1.0,1.0,1.0,1.0,0.0,0.0,1.0,1.0,0.0
4548,9a5ec15b58d715b9c,True,,,,,,,,,,1.0,1.0,1.0,1.0,0.4065193648902245,1.0,1.0,1.0,1.0,0.8145373015281951
4549,bc1165d3665880833,True,,,,,,,,,,1.0,1.0,1.0,1.0,1.0,1.0,0.0,1.0,0.0,0.75
4550,c0d579f499c38fe45,True,,,,,,,,,,1.0,1.0,1.0,1.0,0.7911919475806509,1.0,0.0,1.0,1.0,0.8097474836189534
4551,b46226c085423d5a9,True,,,,,,,,,,1.0,1.0,1.0,1.0,0.6591032724519623,1.0,1.0,1.0,0.0,0.7684697726412382
4552,d40afa32f3c10b9e0,True,,,,,,,,,,1.0,1.0,1.0,1.0,0.3201999286915049,1.0,1.0,1.0,1.0,0.7875624777160952
4553,c97f59b36279e74ae,True,,,,,,,,,,1.0,1.0,0.5,1.0,1.0,1.0,0.0,1.0,0.0,0.375
4554,d24b8e6fb44849b23,True,,,,,,,,,,1.0,1.0,0.0,1.0,1.0,1.0,0.0,1.0,0.0,0.0
4555,4f77731642644b559,True,,,,,,,,,,1.0,1.0,1.0,1.0,0.3809951748510893,1.0,1.0,1.0,0.0,0.6815609921409654
4556,e5f62e45611621e50,True,,,,,,,,,,0.0,1.0,1.0,1.0,1.0,0.0,1.0,1.0,0.0,0.0
4557,b96ce0efca7101f74,True,,,,,,,,,,1.0,0.0,1.0,1.0,0.2347655279976048,1.0,0.0,1.0,1.0,0.0
4558,c4db0ed678d459874,True,,,,,,,,,,1.0,1.0,1.0,1.0,0.7503858827946941,1.0,0.0,1.0,1.0,0.796995588373342
4559,abf07a7ff20944b55,True,,,,,,,,,,1.0,1.0,1.0,1.0,0.862401876311819,1.0,0.0,1.0,0.0,0.7070005863474434
4560,e593c645d1fd3fdb9,True,,,,,,,,,,1.0,1.0,1.0,1.0,0.7480067764476751,1.0,1.0,1.0,1.0,0.9212521176398984
4561,b0687bfcbe79bec09,True,,,,,,,,,,1.0,1.0,1.0,1.0,0.43105746279613,1.0,1.0,1.0,1.0,0.8222054571237907
4562,716f58dd76f073c78,True,,,,,,,,,,1.0,1.0,1.0,1.0,0.6357152098329998,1.0,0.0,1.0,0.0,0.6361610030728124
4563,25cdeef2455f42ea7,True,,,,,,,,,,1.0,1.0,1.0,1.0,0.772923607333878,1.0,1.0,1.0,0.0,0.8040386272918368
4564,4f381652c85aeb8b4,True,,,,,,,,,,1.0,1.0,1.0,1.0,0.4743039428207069,1.0,1.0,1.0,0.0,0.7107199821314709
4565,bed081d2dd114adb6,True,,,,,,,,,,1.0,1.0,0.0,1.0,0.7494985928711593,1.0,0.0,0.0,0.0,0.0
4566,f13330e16c05c5902,True,,,,,,,,,,1.0,1.0,1.0,1.0,0.4616772269782943,1.0,1.0,1.0,0.0,0.7067741334307169
4567,5cf2681114e11d9c7,True,,,,,,,,,,0.0,1.0,1.0,1.0,1.0,0.0,1.0,1.0,0.0,0.0
4568,67df061cc3bf5fa44,True,,,,,,,,,,1.0,0.0,1.0,1.0,0.495338246417468,1.0,1.0,1.0,0.0,0.0
4569,d64fff6b350c44bf6,True,,,,,,,,,,0.0,1.0,1.0,1.0,1.0,0.0,1.0,1.0,1.0,0.0
4570,24eaf29d6a3fb645e,True,,,,,,,,,,1.0,1.0,1.0,1.0,0.881181077846244,1.0,1.0,1.0,0.0,0.8378690868269513
4571,431df46346088a1de,True,,,,,,,,,,1.0,1.0,1.0,1.0,0.5751667984927966,1.0,1.0,1.0,1.0,0.8672396245289989
4572,6eb44fdbacc1fdf1c,True,,,,,,,,,,1.0,1.0,1.0,1.0,0.8573223013895632,1.0,1.0,1.0,0.0,0.8304132191842385
4573,7b53923d6ec4115f3,True,,,,,,,,,,1.0,1.0,0.0,1.0,1.0,1.0,0.0,1.0,0.0,0.0
4574,c6d10cce20bba3c8f,True,,,,,,,,,,1.0,1.0,1.0,1.0,0.3535498750508902,1.0,1.0,1.0,0.0,0.6729843359534031
4575,9ac59d12e61e3b3ff,True,,,,,,,,,,1.0,1.0,1.0,1.0,0.4961871723630114,1.0,1.0,0.0,1.0,0.7175584913634411
4576,630694a2f5646413d,True,,,,,,,,,,1.0,1.0,0.0,1.0,1.0,1.0,0.0,1.0,1.0,0.0
4577,1c46609a6f85e1150,True,,,,,,,,,,1.0,1.0,1.0,1.0,0.7391092186395528,1.0,0.0,1.0,1.0,0.7934716308248603
4578,108277792b2690db0,True,,,,,,,,,,1.0,1.0,1.0,1.0,0.5171935600463383,1.0,1.0,1.0,1.0,0.8491229875144808
4579,50bb35a33ba92cd52,True,,,,,,,,,,1.0,1.0,1.0,1.0,1.0,1.0,1.0,1.0,0.0,0.875
4580,7acc87fed29fbe645,True,,,,,,,,,,1.0,1.0,0.5,1.0,1.0,1.0,0.0,1.0,0.0,0.375
4581,acd2363307018e31e,True,,,,,,,,,,1.0,1.0,0.5,1.0,1.0,1.0,0.0,1.0,0.0,0.375
4582,40e5f23e7c1df8791,True,,,,,,,,,,1.0,1.0,1.0,1.0,0.6293399192107841,1.0,1.0,1.0,0.0,0.75916872475337
4583,a9c1cde64b777a9e3,True,,,,,,,,,,1.0,1.0,1.0,1.0,1.0,1.0,0.0,1.0,0.0,0.75
4584,bb22e24798c605096,True,,,,,,,,,,1.0,1.0,1.0,1.0,1.0,1.0,0.0,1.0,1.0,0.875
4585,702b15efbe7996592,True,,,,,,,,,,1.0,1.0,1.0,1.0,0.5517832446296613,1.0,1.0,1.0,0.0,0.7349322639467691
4586,467d53c4d720db393,True,,,,,,,,,,1.0,0.0,1.0,1.0,0.5661209595364184,1.0,1.0,1.0,0.0,0.0
4587,ff555d2dfbada57ed,True,,,,,,,,,,1.0,0.0,1.0,1.0,1.0,1.0,0.0,0.0,0.0,0.0
4588,23bbff1d97344d8cd,True,,,,,,,,,,1.0,1.0,1.0,1.0,0.7584729847476445,1.0,1.0,0.0,0.0,0.6745228077336389
4589,11143001e21e68daf,True,,,,,,,,,,1.0,1.0,1.0,1.0,0.1887983606348963,1.0,1.0,1.0,0.0,0.6214994876984051
4590,5e35c45c67a83ec9a,True,,,,,,,,,,1.0,1.0,1.0,1.0,0.7708055157835801,1.0,1.0,1.0,0.0,0.8033767236823688
4591,8f3dd68f4334d028e,True,,,,,,,,,,1.0,1.0,1.0,1.0,0.8139117553973414,1.0,1.0,1.0,1.0,0.9418474235616692
4592,4d43428f5f573b6b1,True,,,,,,,,,,1.0,0.0,1.0,1.0,0.7898063806785417,1.0,1.0,1.0,0.0,0.0
4593,bccc789380086dadb,True,,,,,,,,,,0.0,1.0,1.0,1.0,1.0,0.0,0.0,1.0,1.0,0.0
4594,af0d83c05846b8b86,True,,,,,,,,,,1.0,0.0,1.0,1.0,1.0,1.0,1.0,0.0,0.0,0.0
4595,9b71a67f61e5fffb3,True,,,,,,,,,,1.0,1.0,0.5,1.0,1.0,1.0,0.0,1.0,0.0,0.375
4596,5351d5bec3ef40436,True,,,,,,,,,,1.0,0.0,1.0,1.0,0.8207642998331282,1.0,1.0,1.0,0.0,0.0
4597,df33e15913a4524e0,True,,,,,,,,,,1.0,1.0,1.0,1.0,0.6579847314464041,1.0,0.0,1.0,1.0,0.7681202285770012
4598,ff7b96c916771e141,True,,,,,,,,,,1.0,1.0,1.0,1.0,0.2510941073657126,1.0,1.0,1.0,0.0,0.6409669085517852
4599,07c652f78c0509a49,True,,,,,,,,,,1.0,0.0,1.0,1.0,0.5878886344434328,1.0,1.0,1.0,0.0,0.0
4600,739eb54d88f3b3d35,True,,,,,,,,,,1.0,1.0,1.0,1.0,0.1744553357537611,1.0,1.0,1.0,1.0,0.7420172924230504
4601,a4512ee0b8d11026d,True,,,,,,,,,,1.0,1.0,1.0,1.0,0.2238307062106106,1.0,1.0,1.0,1.0,0.7574470956908158
4602,1d52003f3b3835dcd,True,,,,,,,,,,1.0,1.0,0.5,1.0,1.0,1.0,0.0,1.0,1.0,0.4375
4603,bc9c320fb031a11ff,True,,,,,,,,,,1.0,1.0,1.0,1.0,0.6234260172424522,1.0,1.0,1.0,0.0,0.7573206303882662
4604,d44e744043dbb77b1,True,,,,,,,,,,1.0,1.0,1.0,1.0,0.2741914359298397,1.0,1.0,1.0,1.0,0.773184823728075
4605,a4dd32146e7a66591,True,,,,,,,,,,1.0,1.0,1.0,1.0,0.9323936472558254,1.0,1.0,1.0,0.0,0.8538730147674454
4606,257ea63714e4b9db0,True,,,,,,,,,,1.0,1.0,1.0,1.0,0.3879436616005811,1.0,1.0,1.0,1.0,0.8087323942501816
4607,63e3d0d0e92dfb4d5,True,,,,,,,,,,1.0,1.0,1.0,1.0,1.0,1.0,1.0,1.0,1.0,1.0
4608,cd9aed75f054bccb5,True,,,,,,,,,,1.0,1.0,1.0,1.0,0.5095938038309624,1.0,0.0,1.0,0.0,0.5967480636971758
4609,ece6eaee0991a44ed,True,,,,,,,,,,1.0,1.0,0.0,1.0,1.0,1.0,0.0,1.0,0.0,0.0
4610,ba3335342af8a6b57,True,,,,,,,,,,1.0,1.0,1.0,1.0,0.7502568408605415,1.0,1.0,1.0,1.0,0.9219552627689191
4611,660b054f474f6bec1,True,,,,,,,,,,1.0,1.0,1.0,1.0,0.5701207533141976,1.0,1.0,1.0,1.0,0.8656627354106867
4612,c4c07e77aa29efd40,True,,,,,,,,,,1.0,1.0,1.0,1.0,0.7791845860134473,1.0,1.0,1.0,0.0,0.8059951831292023
4613,312594bc42c547bb1,True,,,,,,,,,,1.0,1.0,0.5,1.0,1.0,1.0,0.0,1.0,1.0,0.4375
4614,52d06afe759842b4a,True,,,,,,,,,,1.0,0.0,0.5,1.0,1.0,1.0,0.0,1.0,0.0,0.0
4615,a2d7b9c1ccf5a5070,True,,,,,,,,,,1.0,1.0,1.0,1.0,0.2426937065300027,1.0,1.0,1.0,1.0,0.7633417832906259
4616,6c4cdcc93a5b36c13,True,,,,,,,,,,1.0,1.0,1.0,1.0,0.5517662153730455,1.0,0.0,1.0,0.0,0.6099269423040767
4617,d44eb346043c78d47,True,,,,,,,,,,1.0,0.0,0.0,1.0,1.0,1.0,0.0,0.0,0.0,0.0
4618,6c441b1d10cac68e5,True,,,,,,,,,,1.0,1.0,1.0,1.0,0.3278779659202763,1.0,1.0,1.0,0.0,0.6649618643500863
4619,923c60fcee28fff76,True,,,,,,,,,,1.0,1.0,1.0,1.0,0.1984088804811465,1.0,0.0,1.0,1.0,0.6245027751503582
4620,c2c820f86bd4ff546,True,,,,,,,,,,1.0,1.0,0.5,1.0,0.7289170360789471,1.0,0.0,1.0,0.0,0.3326432868873354
4621,9f713e2cd506e1fef,True,,,,,,,,,,1.0,1.0,1.0,1.0,1.0,1.0,1.0,1.0,0.0,0.875
4622,fc3f449099625878e,True,,,,,,,,,,1.0,1.0,1.0,1.0,0.6352211044969435,1.0,0.0,1.0,1.0,0.7610065951552949
4623,1875ccbefe8233a69,True,,,,,,,,,,1.0,1.0,1.0,1.0,0.1662369079765057,1.0,1.0,1.0,0.0,0.614449033742658
4624,c0581b1e56946d6c1,True,,,,,,,,,,0.0,1.0,1.0,1.0,0.491305438667687,0.0,0.0,1.0,1.0,0.0
4625,686b6dd5e1ca96d8a,True,,,,,,,,,,1.0,1.0,1.0,1.0,0.4454308853975595,1.0,1.0,1.0,0.0,0.7016971516867374
4626,b04390988b4a74994,True,,,,,,,,,,1.0,1.0,1.0,1.0,0.3694160508976764,1.0,1.0,1.0,1.0,0.8029425159055239
4627,452f589a00d505838,True,,,,,,,,,,1.0,1.0,1.0,1.0,0.612879716181717,1.0,1.0,1.0,1.0,0.8790249113067865
4628,db81ab220d6667266,True,,,,,,,,,,0.0,1.0,1.0,1.0,0.845028455488114,0.0,0.0,1.0,1.0,0.0
4629,02644631a56fa1750,True,,,,,,,,,,1.0,1.0,1.0,1.0,0.229377717167464,1.0,1.0,1.0,1.0,0.7591805366148325
4630,e373db6dd950e3e73,True,,,,,,,,,,1.0,1.0,1.0,1.0,0.900894641949174,1.0,0.0,1.0,0.0,0.7190295756091168
4631,f0f7f3ed13da5cccf,True,,,,,,,,,,0.0,1.0,1.0,1.0,1.0,0.0,0.0,1.0,1.0,0.0
4632,3bcc1dd4e60503094,True,,,,,,,,,,1.0,1.0,1.0,1.0,0.6467721775638806,1.0,0.0,1.0,1.0,0.7646163054887127
4633,aaf11968df9ad811b,True,,,,,,,,,,1.0,1.0,1.0,1.0,0.994611898192753,1.0,0.0,1.0,0.0,0.7483162181852353
4634,f2ffa929974330310,True,,,,,,,,,,1.0,1.0,0.5,1.0,1.0,1.0,0.0,1.0,0.0,0.375
4635,93c5dce231ad8a838,True,,,,,,,,,,1.0,1.0,1.0,1.0,0.6333975867526478,1.0,1.0,1.0,0.0,0.7604367458602024
4636,3d45468e32f443cff,True,,,,,,,,,,1.0,1.0,1.0,1.0,0.747747921230124,1.0,0.0,0.0,0.0,0.5461712253844138
4637,d87106abfc25f2fab,True,,,,,,,,,,1.0,0.0,1.0,1.0,0.2733347515384549,1.0,0.0,0.0,0.0,0.0
4638,0f705d42ea20356f6,True,,,,,,,,,,0.0,1.0,1.0,1.0,1.0,0.0,1.0,1.0,0.0,0.0
4639,e64bbff1f3e0c30be,True,,,,,,,,,,1.0,1.0,1.0,1.0,0.4936439127112322,1.0,0.0,1.0,0.0,0.5917637227222601
4640,c6245a244902cb4af,True,,,,,,,,,,1.0,1.0,1.0,1.0,0.2732438845203666,1.0,1.0,1.0,1.0,0.7728887139126146
4641,ddad060b5ec9428e3,True,,,,,,,,,,1.0,0.0,1.0,1.0,1.0,1.0,0.0,1.0,0.0,0.0
4642,3b82c1b1ab67f0c9a,True,,,,,,,,,,1.0,1.0,1.0,1.0,0.304120841877002,1.0,0.0,1.0,0.0,0.5325377630865631
4643,e829e9b1fb63a8774,True,,,,,,,,,,1.0,0.0,1.0,1.0,1.0,1.0,0.0,1.0,0.0,0.0
4644,8fa659be9812d12ac,True,,,,,,,,,,1.0,1.0,1.0,1.0,1.0,1.0,0.0,1.0,1.0,0.875
4645,030c19894cf38bd4f,True,,,,,,,,,,0.5,1.0,1.0,1.0,1.0,0.0,1.0,1.0,1.0,0.34375
4646,4f279eb5918287e64,True,,,,,,,,,,1.0,0.0,1.0,1.0,1.0,1.0,0.0,1.0,1.0,0.0
4647,3fa85a7614a4df720,True,,,,,,,,,,1.0,1.0,1.0,1.0,0.2793094958817148,1.0,0.0,1.0,1.0,0.6497842174630359
4648,4f4151894f1e74390,True,,,,,,,,,,1.0,1.0,1.0,1.0,0.6562740425483744,1.0,0.0,1.0,1.0,0.7675856382963671
4649,b66b0513b3b0cf5c4,True,,,,,,,,,,1.0,1.0,1.0,1.0,0.9523316094557976,1.0,1.0,1.0,0.0,0.8601036279549368
4650,b83ed44f0a4151018,True,,,,,,,,,,1.0,1.0,1.0,1.0,1.0,1.0,1.0,1.0,0.0,0.875
4651,ea91b41c76a3a54d3,True,,,,,,,,,,1.0,1.0,1.0,1.0,0.5824572025802192,1.0,0.0,1.0,1.0,0.7445178758063185
4652,c706c39c802cce2d4,True,,,,,,,,,,1.0,0.0,1.0,1.0,0.219899679782458,1.0,1.0,1.0,0.0,0.0
4653,b3597b197644a67ba,True,,,,,,,,,,1.0,1.0,1.0,1.0,0.5262413105503264,1.0,1.0,1.0,1.0,0.851950409546977
4654,af6044bdbd6647378,True,,,,,,,,,,1.0,1.0,0.0,1.0,1.0,1.0,0.0,1.0,1.0,0.0
4655,9818610284ab89cea,True,,,,,,,,,,1.0,1.0,1.0,1.0,0.5087457212658607,1.0,0.0,1.0,0.0,0.5964830378955814
4656,d17b5de2642504067,True,,,,,,,,,,0.0,1.0,1.0,1.0,0.9216195946168207,0.0,1.0,1.0,1.0,0.0
4657,46c11df9f73cc2f71,True,,,,,,,,,,1.0,1.0,1.0,1.0,0.7051202166652586,1.0,1.0,1.0,0.0,0.7828500677078933
4658,57108f72bba7b23f2,True,,,,,,,,,,1.0,1.0,0.0,1.0,1.0,1.0,0.0,1.0,0.0,0.0
4659,142f665559387e2c2,True,,,,,,,,,,1.0,1.0,1.0,1.0,0.3174652552109352,1.0,1.0,1.0,0.0,0.6617078922534172
4660,d02177dc313467bf7,True,,,,,,,,,,1.0,0.0,0.5,1.0,1.0,1.0,0.0,0.0,0.0,0.0
4661,83eedcad4df5c24c6,True,,,,,,,,,,1.0,1.0,0.0,1.0,1.0,1.0,0.0,1.0,0.0,0.0
4662,89628b64c8a329c07,True,,,,,,,,,,1.0,1.0,0.0,1.0,1.0,1.0,0.0,1.0,0.0,0.0
4663,d25b5af7899d7e8e0,True,,,,,,,,,,1.0,0.0,1.0,1.0,0.6036457710424676,1.0,0.0,1.0,1.0,0.0
4664,5806dc63fc6e3cad9,True,,,,,,,,,,1.0,1.0,1.0,1.0,0.6494458546951875,1.0,0.0,1.0,1.0,0.7654518295922461
4665,7d9dbfb94fb6594f8,True,,,,,,,,,,1.0,1.0,1.0,1.0,0.6462005726257616,1.0,1.0,1.0,0.0,0.7644376789455505
4666,9dc9fc49b0eb8dd9c,True,,,,,,,,,,1.0,1.0,0.0,1.0,1.0,1.0,0.0,1.0,0.0,0.0
4667,9941e5249d262210a,True,,,,,,,,,,1.0,1.0,1.0,1.0,0.6184322242165102,1.0,1.0,1.0,0.0,0.7557600700676594
4668,ddea16ece1f071cc3,True,,,,,,,,,,1.0,1.0,1.0,1.0,0.2547203453067905,1.0,1.0,1.0,0.0,0.642100107908372
4669,3a181370dbfab5b1c,True,,,,,,,,,,1.0,1.0,1.0,1.0,0.7558726564866048,1.0,0.0,1.0,0.0,0.673710205152064
4670,37744feedc918aa7b,True,,,,,,,,,,0.5,1.0,1.0,1.0,1.0,0.0,1.0,1.0,0.0,0.28125
4671,23ab7eb5b925e86ab,True,,,,,,,,,,1.0,1.0,0.5,1.0,1.0,1.0,0.0,1.0,1.0,0.4375
4672,853bdf919d41bd5e6,True,,,,,,,,,,1.0,1.0,1.0,1.0,0.5270818161198552,1.0,1.0,1.0,0.0,0.7272130675374547
4673,e1d71fd16cbfaade9,True,,,,,,,,,,1.0,1.0,1.0,1.0,0.1058341255078896,1.0,1.0,1.0,1.0,0.7205731642212154
4674,d9cc3b5dd80f7b6bd,True,,,,,,,,,,1.0,1.0,1.0,1.0,0.5483818784093775,1.0,1.0,1.0,1.0,0.8588693370029304
4675,d8df0e75d22679cef,True,,,,,,,,,,0.0,1.0,0.0,1.0,1.0,0.0,0.0,1.0,1.0,0.0
4676,5e199a678c61e376a,True,,,,,,,,,,1.0,1.0,1.0,1.0,0.9713164560856852,1.0,0.0,1.0,0.0,0.7410363925267767
4677,ab74a4ee392eb4ffc,True,,,,,,,,,,1.0,0.0,1.0,1.0,0.7908565436768922,1.0,1.0,1.0,0.0,0.0
4678,b2fc06e37171c8dd9,True,,,,,,,,,,1.0,1.0,1.0,1.0,1.0,1.0,1.0,1.0,0.0,0.875
4679,b378fbb6e27946979,True,,,,,,,,,,1.0,1.0,0.0,1.0,1.0,1.0,0.0,1.0,1.0,0.0
4680,de50c5684cbb85a60,True,,,,,,,,,,1.0,1.0,1.0,1.0,0.6681671034134677,1.0,1.0,1.0,0.0,0.7713022198167087
4681,51f2dcebd843e5ea9,True,,,,,,,,,,1.0,1.0,1.0,1.0,0.7414106354357386,1.0,0.0,1.0,1.0,0.7941908235736683
4682,96d4eccd3044219d2,True,,,,,,,,,,1.0,1.0,1.0,1.0,0.6715044852040846,1.0,1.0,1.0,1.0,0.8973451516262765
4683,7272b7a2cb56feb27,True,,,,,,,,,,1.0,0.0,1.0,1.0,0.5760669219093288,1.0,1.0,1.0,0.0,0.0
4684,e0fd3073c76ba643d,True,,,,,,,,,,1.0,1.0,1.0,1.0,0.4693924778962384,1.0,1.0,1.0,1.0,0.8341851493425745
4685,60849e221db8f770d,True,,,,,,,,,,1.0,1.0,1.0,1.0,1.0,1.0,1.0,1.0,1.0,1.0
4686,bbc7311ff7a7c3e18,True,,,,,,,,,,1.0,1.0,1.0,1.0,0.7694192907445412,1.0,1.0,1.0,0.0,0.8029435283576691
4687,370b6a02f85908e66,True,,,,,,,,,,1.0,1.0,1.0,1.0,0.7514760366348109,1.0,0.0,0.0,0.0,0.5473362614483784
4688,792d3420eef5dbc41,True,,,,,,,,,,1.0,1.0,1.0,1.0,0.3197482055506552,1.0,1.0,1.0,0.0,0.6624213142345798
4689,be077aa94f9771913,True,,,,,,,,,,1.0,1.0,1.0,0.0,1.0,1.0,0.0,1.0,0.0,0.0
4690,3d9b28f26222924ba,True,,,,,,,,,,1.0,1.0,1.0,1.0,1.0,1.0,0.0,1.0,0.0,0.75
4691,1d5e8b5ded8ee3baf,True,,,,,,,,,,1.0,1.0,1.0,1.0,0.8341062774604237,1.0,1.0,1.0,1.0,0.9481582117063824
4692,d932bcf26367122a9,True,,,,,,,,,,1.0,1.0,1.0,1.0,1.0,1.0,0.0,1.0,0.0,0.75
4693,fe124f930c37d2d0e,True,,,,,,,,,,1.0,1.0,1.0,1.0,0.5877150190894334,1.0,1.0,0.0,0.0,0.6211609434654479
4694,fc618b0134a5e9634,True,,,,,,,,,,1.0,1.0,1.0,1.0,0.2495582389064199,1.0,1.0,1.0,0.0,0.6404869496582563
4695,43dd11b817c6bdaa8,True,,,,,,,,,,1.0,1.0,1.0,1.0,1.0,1.0,0.0,1.0,1.0,0.875
4696,2df4afab4d0b02842,True,,,,,,,,,,1.0,1.0,1.0,1.0,0.1592918435747595,1.0,1.0,1.0,1.0,0.7372787011171124
4697,43d8801586cb39007,True,,,,,,,,,,1.0,1.0,1.0,1.0,0.635478216721888,1.0,0.0,1.0,1.0,0.76108694272559
4698,2624b8883e65347cd,True,,,,,,,,,,1.0,1.0,1.0,1.0,0.5141999991614614,1.0,1.0,1.0,0.0,0.7231874997379567
4699,58bd6bb780642e715,True,,,,,,,,,,1.0,0.0,1.0,1.0,1.0,1.0,0.0,1.0,1.0,0.0
4700,c47485175a1a20fe8,True,,,,,,,,,,0.0,0.0,0.5,1.0,1.0,0.0,0.0,1.0,0.0,0.0
4701,fc25d83ed4ec8aaad,True,,,,,,,,,,1.0,1.0,0.5,1.0,0.5322718857605351,1.0,0.0,1.0,1.0,0.3644174821500836
4702,6a746336ecf0f665c,True,,,,,,,,,,1.0,1.0,0.5,1.0,1.0,0.0,0.0,0.0,0.0,0.15625
4703,b5dd0e82552c5ca8c,True,,,,,,,,,,1.0,1.0,1.0,1.0,0.6335897471820197,1.0,1.0,1.0,0.0,0.7604967959943811
4704,d9bbca7a0907304f1,True,,,,,,,,,,1.0,1.0,1.0,1.0,0.5610952195071538,1.0,0.0,1.0,1.0,0.7378422560959855
4705,0c3cbb85755a00eb2,True,,,,,,,,,,1.0,1.0,1.0,1.0,0.8554246965552674,1.0,1.0,1.0,1.0,0.9548202176735212
4706,38de297bc8ae7c55e,True,,,,,,,,,,1.0,1.0,1.0,1.0,1.0,1.0,1.0,1.0,0.0,0.875
4707,765fab253a51a77e4,True,,,,,,,,,,1.0,1.0,1.0,1.0,0.5463626304319574,1.0,0.0,1.0,1.0,0.7332383220099867
4708,1a1b33942c90c349f,True,,,,,,,,,,1.0,1.0,1.0,1.0,0.6326683280679928,1.0,0.0,1.0,0.0,0.6352088525212478
4709,40ab16e6d2c7b1db0,True,,,,,,,,,,1.0,0.0,1.0,1.0,0.0886006561323571,1.0,0.0,1.0,0.0,0.0
4710,2d8eeec7c41db723f,True,,,,,,,,,,1.0,1.0,1.0,1.0,0.5804882674691638,1.0,1.0,1.0,0.0,0.7439025835841138
4711,d8c1cf6f6a65ad21d,True,,,,,,,,,,1.0,0.0,1.0,1.0,1.0,1.0,0.0,1.0,0.0,0.0
4712,769c3d78ab53dd47b,True,,,,,,,,,,1.0,1.0,1.0,1.0,0.2938820191498525,1.0,1.0,1.0,0.0,0.6543381309843289
4713,ef863110f1ea79566,True,,,,,,,,,,0.0,1.0,1.0,1.0,1.0,0.0,0.0,1.0,1.0,0.0
4714,f60e4c60846b1a1da,True,,,,,,,,,,1.0,1.0,1.0,1.0,0.6316515960060562,1.0,1.0,1.0,0.0,0.7598911237518926
4715,9c1ac53b20c284d28,True,,,,,,,,,,1.0,1.0,1.0,1.0,0.2492687994837304,1.0,1.0,1.0,0.0,0.6403964998386658
4716,baf1cc49f4250c41a,True,,,,,,,,,,0.0,1.0,1.0,1.0,1.0,0.0,0.0,1.0,1.0,0.0
4717,adbf76475e83933e1,True,,,,,,,,,,1.0,1.0,0.5,1.0,1.0,0.0,0.0,1.0,0.0,0.21875
4718,8d7f7a041d0f59275,True,,,,,,,,,,1.0,1.0,1.0,1.0,0.9248698779973384,1.0,0.0,1.0,0.0,0.7265218368741682
4719,85ec4ed1a5648c678,True,,,,,,,,,,0.0,1.0,1.0,1.0,1.0,0.0,1.0,1.0,0.0,0.0
4720,44028467a67d38460,True,,,,,,,,,,1.0,1.0,1.0,1.0,1.0,1.0,0.0,1.0,0.0,0.75
4721,9002fdd0eaf7d6a7a,True,,,,,,,,,,1.0,1.0,1.0,0.0,1.0,1.0,1.0,1.0,1.0,0.0
4722,d5cbf126369d32fdf,True,,,,,,,,,,1.0,0.0,1.0,1.0,1.0,1.0,1.0,1.0,1.0,0.0
4723,41772b779157e530a,True,,,,,,,,,,1.0,1.0,1.0,1.0,0.4999349652822781,1.0,0.0,1.0,1.0,0.7187296766507119
4724,caa48a6115952f402,True,,,,,,,,,,1.0,0.0,1.0,1.0,1.0,1.0,1.0,1.0,1.0,0.0
4725,d9437c8464c89be5d,True,,,,,,,,,,1.0,1.0,1.0,1.0,1.0,1.0,1.0,1.0,1.0,1.0
4726,56bd93dec0d4cb4df,True,,,,,,,,,,1.0,1.0,1.0,1.0,0.9183353127204772,1.0,1.0,1.0,0.0,0.8494797852251491
4727,9923250503e62f3e8,True,,,,,,,,,,1.0,1.0,1.0,1.0,0.6037080852918167,1.0,0.0,1.0,1.0,0.7511587766536927
4728,44b5f6ff06f523846,True,,,,,,,,,,0.0,0.0,1.0,1.0,1.0,0.0,1.0,1.0,0.0,0.0
4729,f39b90bb6aa1bbac7,True,,,,,,,,,,0.0,1.0,1.0,1.0,1.0,0.0,0.0,1.0,1.0,0.0
4730,277e3887919b46cb1,True,,,,,,,,,,1.0,1.0,1.0,1.0,0.745835831273099,1.0,1.0,1.0,0.0,0.7955736972728434
4731,c24873028db688fff,True,,,,,,,,,,1.0,0.0,1.0,1.0,0.6704450562438711,1.0,1.0,1.0,1.0,0.0
4732,b83cdd77a941b515d,True,,,,,,,,,,1.0,1.0,0.5,1.0,1.0,1.0,0.0,1.0,0.0,0.375
4733,5667ac6a20c2d6e51,True,,,,,,,,,,1.0,1.0,0.0,1.0,0.9836125218871588,1.0,0.0,1.0,0.0,0.0
4734,a0dc275ea4b2b9c05,True,,,,,,,,,,1.0,1.0,1.0,1.0,0.992429196918161,1.0,1.0,1.0,1.0,0.9976341240369252
4735,454ed2035bb0054fb,True,,,,,,,,,,1.0,0.0,1.0,1.0,0.5871428753965607,1.0,1.0,1.0,1.0,0.0
4736,108deb7af61e697bb,True,,,,,,,,,,1.0,0.0,1.0,1.0,1.0,1.0,1.0,1.0,0.0,0.0
4737,7a163daf930e48637,True,,,,,,,,,,1.0,0.0,0.0,1.0,1.0,1.0,0.0,1.0,1.0,0.0
4738,0fe2cf2ea452fd529,True,,,,,,,,,,1.0,0.0,1.0,1.0,1.0,1.0,1.0,1.0,1.0,0.0
4739,b3c45b51a36a0ed65,True,,,,,,,,,,1.0,1.0,1.0,1.0,0.5477283277133539,1.0,1.0,1.0,1.0,0.858665102410423
4740,c193d278e26794340,True,,,,,,,,,,1.0,1.0,1.0,1.0,0.6319250534369444,1.0,0.0,1.0,1.0,0.7599765791990452
4741,a66365f9db94531ab,True,,,,,,,,,,1.0,1.0,1.0,1.0,0.5527398998786487,1.0,0.0,1.0,0.0,0.6102312187120777
4742,f2d7c34919985c798,True,,,,,,,,,,0.0,1.0,1.0,1.0,1.0,0.0,0.0,1.0,1.0,0.0
4743,fe6eb7191dafdb638,True,,,,,,,,,,0.0,1.0,1.0,1.0,1.0,0.0,0.0,1.0,0.0,0.0
4744,9e0cc66836c767421,True,,,,,,,,,,1.0,1.0,1.0,1.0,0.9226288887827924,1.0,1.0,1.0,1.0,0.9758215277446226
4745,b7f53c6ea01b7cbc9,True,,,,,,,,,,1.0,1.0,1.0,1.0,0.4734062851939951,1.0,0.0,1.0,1.0,0.7104394641231235
4746,fba5b4aa043d4c14b,True,,,,,,,,,,1.0,1.0,1.0,1.0,1.0,1.0,1.0,1.0,0.0,0.875
4747,7fa425329439a1196,True,,,,,,,,,,1.0,1.0,1.0,1.0,0.7468358341279842,1.0,0.0,1.0,1.0,0.7958861981649951
4748,b02622c8d05a2a7ab,True,,,,,,,,,,1.0,1.0,1.0,1.0,0.4802690594289648,1.0,0.0,1.0,0.0,0.5875840810715516
4749,a946e96acbe5186d9,True,,,,,,,,,,1.0,1.0,1.0,0.0,1.0,1.0,0.0,1.0,0.0,0.0
4750,b18dce3363c25fc91,True,,,,,,,,,,1.0,0.0,0.5,1.0,0.8443242712307953,0.0,0.0,1.0,0.0,0.0
4751,6c04df27e5264b20b,True,,,,,,,,,,1.0,1.0,1.0,1.0,1.0,1.0,1.0,1.0,1.0,1.0
4752,6995c156a66d6a8ee,True,,,,,,,,,,1.0,1.0,1.0,1.0,0.690385079528488,1.0,0.0,1.0,1.0,0.7782453373526526
4753,63f0437b508ffc626,True,,,,,,,,,,1.0,1.0,1.0,1.0,0.3799776687329729,1.0,1.0,1.0,0.0,0.681243021479054
4754,18ab088dbc07aa471,True,,,,,,,,,,1.0,1.0,1.0,1.0,0.346920297538265,1.0,1.0,1.0,1.0,0.7959125929807078
4755,55e61bb960bd1bfcd,True,,,,,,,,,,1.0,1.0,1.0,1.0,0.5600126723280398,1.0,0.0,1.0,0.0,0.6125039601025124
4756,245fb14bb8a926556,True,,,,,,,,,,1.0,1.0,1.0,1.0,0.7114326979421794,1.0,1.0,1.0,1.0,0.909822718106931
4757,fad1ad3bce41df4d9,True,,,,,,,,,,1.0,1.0,1.0,1.0,0.5203439279938975,1.0,0.0,1.0,0.0,0.600107477498093
4758,0d922ca55b8036075,True,,,,,,,,,,1.0,1.0,1.0,1.0,1.0,1.0,1.0,0.0,0.0,0.75
4759,8d442a4953c9da694,True,,,,,,,,,,1.0,1.0,1.0,1.0,0.7440698540159929,1.0,1.0,1.0,1.0,0.9200218293799978
4760,d308ca8a7878741eb,True,,,,,,,,,,1.0,0.0,1.0,1.0,1.0,1.0,0.0,0.0,1.0,0.0
4761,4036f3945f5783618,True,,,,,,,,,,0.0,1.0,1.0,1.0,1.0,0.0,0.0,1.0,0.0,0.0
4762,d38a1a28476d4851e,True,,,,,,,,,,1.0,1.0,1.0,1.0,0.6481811040537385,1.0,0.0,1.0,0.0,0.6400565950167934
4763,eab8a152f7ae593ae,True,,,,,,,,,,0.0,1.0,0.0,1.0,1.0,0.0,0.0,1.0,0.0,0.0
4764,a752f273da4956217,True,,,,,,,,,,0.0,1.0,1.0,1.0,1.0,0.0,1.0,1.0,1.0,0.0
4765,5b5acbaa4890aaac9,True,,,,,,,,,,1.0,1.0,0.0,1.0,1.0,1.0,0.0,1.0,0.0,0.0
4766,f21a1d0c82db2ce84,True,,,,,,,,,,1.0,1.0,0.5,1.0,0.8911705130532848,1.0,0.0,1.0,1.0,0.4204953926645757
4767,7447fa48c5294d130,True,,,,,,,,,,1.0,0.0,1.0,1.0,1.0,1.0,0.0,1.0,0.0,0.0
4768,727fa1e7c8aa0cdc1,True,,,,,,,,,,1.0,1.0,1.0,1.0,0.6229743277211691,1.0,0.0,1.0,0.0,0.6321794774128653
4769,01898e4c2520a9400,True,,,,,,,,,,1.0,1.0,1.0,1.0,0.3846170170946151,1.0,1.0,0.0,0.0,0.5576928178420673
4770,cff8174da68b6ed57,True,,,,,,,,,,1.0,1.0,1.0,1.0,0.3334439610722459,1.0,0.0,1.0,1.0,0.6667012378350768
4771,918a0960b5cef7615,True,,,,,,,,,,1.0,1.0,1.0,1.0,0.7648613619186742,1.0,1.0,1.0,1.0,0.9265191755995856
4772,9766a7687623d62c6,True,,,,,,,,,,1.0,1.0,1.0,1.0,0.1660338794290867,1.0,0.0,1.0,1.0,0.6143855873215895
4773,fd7743059db2ad01f,True,,,,,,,,,,0.0,1.0,1.0,1.0,1.0,0.0,1.0,1.0,0.0,0.0
4774,4f7b62e9ded399e3c,True,,,,,,,,,,1.0,0.0,1.0,1.0,1.0,1.0,0.0,1.0,1.0,0.0
4775,6dfe7ea162c45ba1d,True,,,,,,,,,,0.0,1.0,1.0,1.0,1.0,0.0,1.0,1.0,0.0,0.0
4776,c95a60eebe3ab0adb,True,,,,,,,,,,1.0,1.0,1.0,1.0,0.6487922107230424,1.0,0.0,1.0,1.0,0.7652475658509508
4777,519a6a71d9b2fda8a,True,,,,,,,,,,0.0,1.0,1.0,1.0,1.0,0.0,0.0,1.0,1.0,0.0
4778,525d0548f3cf8685b,True,,,,,,,,,,1.0,1.0,1.0,1.0,0.9264553058842306,1.0,0.0,0.0,0.0,0.6020172830888221
4779,5f69ad192f42e1e35,True,,,,,,,,,,1.0,1.0,1.0,1.0,0.3329494123489852,1.0,1.0,1.0,1.0,0.7915466913590579
4780,01d3cc0b8eddd804c,True,,,,,,,,,,1.0,1.0,1.0,1.0,0.2029255951467523,1.0,0.0,1.0,0.0,0.5009142484833602
4781,071e35b1661da1366,True,,,,,,,,,,1.0,1.0,1.0,1.0,0.2393130570423242,1.0,0.0,1.0,0.0,0.5122853303257263
4782,3504f8f8ec86e462f,True,,,,,,,,,,1.0,1.0,1.0,1.0,0.4309706456313374,1.0,0.0,1.0,0.0,0.572178326759793
4783,b0c55df9228d485bb,True,,,,,,,,,,1.0,1.0,1.0,1.0,0.7266249007176083,1.0,0.0,1.0,1.0,0.7895702814742526
4784,1770d226b1fbdf6a2,True,,,,,,,,,,1.0,1.0,1.0,1.0,0.6490872250453389,1.0,0.0,1.0,1.0,0.7653397578266684
4785,da2e81331b0e59b3e,True,,,,,,,,,,1.0,1.0,1.0,1.0,1.0,1.0,1.0,1.0,0.0,0.875
4786,575fcd78444e7124b,True,,,,,,,,,,1.0,0.0,0.0,1.0,1.0,1.0,1.0,0.0,0.0,0.0
4787,4189825e20758be70,True,,,,,,,,,,1.0,1.0,1.0,1.0,0.5486530926110451,1.0,1.0,1.0,0.0,0.7339540914409516
4788,0c32d5324fdca8702,True,,,,,,,,,,1.0,1.0,1.0,1.0,0.7717702176767969,1.0,0.0,1.0,1.0,0.803678193023999
4789,b6d9feff81539b7b7,True,,,,,,,,,,1.0,1.0,0.0,1.0,1.0,1.0,0.0,1.0,0.0,0.0
4790,d22b68be5e9fb8c2a,True,,,,,,,,,,1.0,1.0,1.0,1.0,1.0,1.0,1.0,1.0,0.0,0.875
4791,f06a4e01a1e5abdd5,True,,,,,,,,,,1.0,1.0,1.0,1.0,0.4233117192159203,1.0,1.0,0.0,0.0,0.5697849122549752
4792,4250d2db3b613460c,True,,,,,,,,,,1.0,1.0,1.0,1.0,0.7165563873290944,1.0,0.0,1.0,1.0,0.786423871040342
4793,626e000a64788c202,True,,,,,,,,,,1.0,1.0,1.0,1.0,1.0,1.0,0.0,1.0,1.0,0.875
4794,2fd5a616331094ce1,True,,,,,,,,,,1.0,0.0,1.0,1.0,1.0,1.0,0.0,1.0,1.0,0.0
4795,b37e58b47596bc081,True,,,,,,,,,,1.0,1.0,0.5,1.0,1.0,1.0,1.0,0.0,0.0,0.375
4796,f74ee85d684d8a2c6,True,,,,,,,,,,1.0,1.0,1.0,1.0,0.6922423991010702,1.0,1.0,0.0,0.0,0.6538257497190845
4797,4f4a53796fa5bb136,True,,,,,,,,,,1.0,1.0,1.0,1.0,0.3277013562983648,1.0,0.0,1.0,1.0,0.664906673843239
4798,17014286d867292ae,True,,,,,,,,,,1.0,1.0,1.0,1.0,0.5252969515146406,1.0,1.0,1.0,0.0,0.7266552973483251
4799,83643b4c5add93044,True,,,,,,,,,,1.0,1.0,1.0,1.0,0.3371646667927111,1.0,1.0,1.0,1.0,0.7928639583727222
4800,b126b5cfaa1f25e61,True,,,,,,,,,,1.0,1.0,1.0,1.0,0.6318227337545891,1.0,1.0,1.0,1.0,0.8849446042983091
4801,558bb29151a7f95b1,True,,,,,,,,,,0.0,1.0,1.0,1.0,1.0,0.0,0.0,1.0,1.0,0.0
4802,ec56aefe2cb604a4f,True,,,,,,,,,,1.0,1.0,1.0,1.0,1.0,1.0,1.0,1.0,1.0,1.0
4803,02b412777e6ce82cd,True,,,,,,,,,,1.0,1.0,1.0,1.0,1.0,1.0,1.0,1.0,0.0,0.875
4804,bc9a77699f862350d,True,,,,,,,,,,1.0,1.0,1.0,1.0,0.3628181929954357,1.0,1.0,1.0,0.0,0.6758806853110737
4805,ff6be79e6135c5fe5,True,,,,,,,,,,1.0,1.0,1.0,1.0,0.5518178878370915,1.0,1.0,1.0,1.0,0.8599430899490911
4806,a283fdc5a4a1cd3b0,True,,,,,,,,,,1.0,1.0,1.0,1.0,0.6675801792740095,1.0,0.0,1.0,0.0,0.646118806023128
4807,7db120c56ed98be5a,True,,,,,,,,,,0.0,1.0,1.0,1.0,1.0,0.0,1.0,1.0,1.0,0.0
4808,daae79609618606ae,True,,,,,,,,,,1.0,1.0,1.0,1.0,1.0,1.0,0.0,1.0,0.0,0.75
4809,ba63d32eedc1457fd,True,,,,,,,,,,1.0,1.0,1.0,1.0,0.5613248529847464,1.0,1.0,1.0,1.0,0.8629140165577333
4810,347e462886f69f614,True,,,,,,,,,,1.0,1.0,0.5,1.0,0.548233051102885,1.0,0.0,1.0,1.0,0.3669114142348257
4811,61bca41b2089dee0b,True,,,,,,,,,,1.0,1.0,1.0,1.0,1.0,1.0,1.0,1.0,1.0,1.0
4812,dcea45b5db447124d,True,,,,,,,,,,1.0,0.0,1.0,1.0,1.0,0.0,0.0,1.0,0.0,0.0
4813,1703c3627d09cd9f3,True,,,,,,,,,,1.0,1.0,1.0,1.0,1.0,1.0,1.0,1.0,1.0,1.0
4814,bb000886556fcf3ea,True,,,,,,,,,,1.0,1.0,1.0,1.0,0.4999195880424062,1.0,0.0,1.0,1.0,0.7187248712632519
4815,6280da1271d9fac21,True,,,,,,,,,,0.0,1.0,1.0,1.0,1.0,0.0,0.0,1.0,1.0,0.0
4816,3f9281303565d8313,True,,,,,,,,,,1.0,0.0,1.0,1.0,0.8091905592624928,1.0,0.0,1.0,0.0,0.0
4817,85d790e9c5c2e7b7c,True,,,,,,,,,,1.0,1.0,1.0,1.0,0.3413970738586263,1.0,0.0,1.0,1.0,0.6691865855808208
4818,161ae204e36c7312b,True,,,,,,,,,,1.0,1.0,1.0,1.0,0.2674320173243917,1.0,0.0,1.0,0.0,0.5210725054138724
4819,b94f2a8ed48de97e9,True,,,,,,,,,,1.0,1.0,1.0,1.0,0.8109547474747716,1.0,0.0,1.0,1.0,0.8159233585858661
4820,ed00ab86d2c2f5767,True,,,,,,,,,,1.0,1.0,1.0,1.0,0.6382080693664595,1.0,0.0,1.0,1.0,0.7619400216770186
4821,9e2bf4fef7c5a70f5,True,,,,,,,,,,1.0,1.0,1.0,1.0,1.0,0.0,0.0,1.0,1.0,0.5625
4822,d748c74cc9549b8fe,True,,,,,,,,,,1.0,1.0,1.0,1.0,0.7741132195816572,1.0,1.0,1.0,1.0,0.929410381119268
4823,9aaa6dbe1c4b11d07,True,,,,,,,,,,1.0,1.0,1.0,1.0,0.1422619223754591,1.0,1.0,1.0,1.0,0.731956850742331
4824,0206d7321fb32894a,True,,,,,,,,,,1.0,1.0,1.0,1.0,0.2135176243783755,1.0,0.0,1.0,0.0,0.5042242576182423
4825,1bc64f4db46ec4c9f,True,,,,,,,,,,1.0,0.0,1.0,1.0,0.598970041717533,1.0,1.0,1.0,0.0,0.0
4826,0d3be86b0d2db1b32,True,,,,,,,,,,1.0,1.0,1.0,1.0,0.5507976114436036,1.0,1.0,1.0,1.0,0.8596242535761262
4827,ed8e5c526e1f42a73,True,,,,,,,,,,1.0,1.0,1.0,1.0,1.0,1.0,1.0,1.0,1.0,1.0
4828,b360500595d619f7c,True,,,,,,,,,,1.0,1.0,1.0,1.0,0.8802104363116716,1.0,0.0,1.0,1.0,0.8375657613473974
4829,b9d5b5bb73e875bc3,True,,,,,,,,,,1.0,1.0,1.0,1.0,0.6883826775231104,1.0,1.0,1.0,1.0,0.902619586725972
4830,f5ac498d3e649455a,True,,,,,,,,,,1.0,1.0,0.5,1.0,1.0,1.0,0.0,1.0,1.0,0.4375
4831,d94f797b81c453893,True,,,,,,,,,,1.0,0.0,1.0,1.0,1.0,1.0,0.0,1.0,0.0,0.0
4832,7fa72ac59f374d3ab,True,,,,,,,,,,0.0,1.0,1.0,1.0,1.0,0.0,0.0,1.0,1.0,0.0
4833,3db39c7599f58de4d,True,,,,,,,,,,1.0,1.0,1.0,1.0,0.2240392996880873,1.0,0.0,1.0,1.0,0.6325122811525272
4834,e1d015abbef9b482d,True,,,,,,,,,,1.0,1.0,1.0,1.0,0.6193082614822454,1.0,0.0,1.0,1.0,0.7560338317132017
4835,bc84695ec7d4fc814,True,,,,,,,,,,1.0,1.0,1.0,1.0,0.3336591866546556,1.0,1.0,0.0,0.0,0.5417684958295799
4836,e13710073c3a4f5c6,True,,,,,,,,,,1.0,1.0,1.0,1.0,0.8663960498403184,1.0,1.0,1.0,1.0,0.9582487655750996
4837,a0b8747e5af0f2b1d,True,,,,,,,,,,1.0,0.0,1.0,1.0,1.0,1.0,1.0,1.0,0.0,0.0
4838,f21c4208d817951b4,True,,,,,,,,,,1.0,0.0,1.0,1.0,0.6651723206975133,1.0,1.0,1.0,0.0,0.0
4839,630be1035e80b768b,True,,,,,,,,,,0.0,1.0,1.0,1.0,1.0,1.0,1.0,1.0,0.0,0.0
4840,d55cfce0d6370e76b,True,,,,,,,,,,1.0,1.0,1.0,1.0,0.8120980253256296,1.0,0.0,1.0,1.0,0.8162806329142592
4841,113cb8fed3d36b259,True,,,,,,,,,,1.0,1.0,1.0,1.0,0.6422296403122466,1.0,1.0,1.0,0.0,0.7631967625975771
4842,ca521b286f7fb606e,True,,,,,,,,,,0.0,1.0,1.0,1.0,0.8831783026606905,0.0,1.0,1.0,0.0,0.0
4843,9862cd6616f18a7ed,True,,,,,,,,,,1.0,1.0,1.0,1.0,0.2402818699550292,1.0,1.0,1.0,0.0,0.6375880843609466
4844,418477a920a7da811,True,,,,,,,,,,1.0,1.0,1.0,1.0,0.4992848036172383,1.0,1.0,1.0,1.0,0.843526501130387
4845,9bcb66e43b4092040,True,,,,,,,,,,1.0,0.0,1.0,1.0,0.9956641756199408,1.0,0.0,1.0,1.0,0.0
4846,803a37fc5a01eb03c,True,,,,,,,,,,1.0,1.0,1.0,1.0,1.0,1.0,0.0,1.0,0.0,0.75
4847,e2c6d877481b28f7e,True,,,,,,,,,,0.0,1.0,1.0,1.0,1.0,0.0,0.0,1.0,0.0,0.0
4848,8f8fa607cf20ce163,True,,,,,,,,,,1.0,1.0,1.0,1.0,0.7561595022179775,1.0,1.0,1.0,1.0,0.923799844443118
4849,93665513823171463,True,,,,,,,,,,1.0,1.0,1.0,1.0,1.0,1.0,0.0,1.0,1.0,0.875
4850,46b0816cf26d29e4f,True,,,,,,,,,,0.5,1.0,1.0,1.0,1.0,0.0,1.0,1.0,0.0,0.28125
4851,cc7eeb6ef4e923a61,True,,,,,,,,,,1.0,1.0,0.0,1.0,1.0,1.0,0.0,1.0,0.0,0.0
4852,e30153992e5712828,True,,,,,,,,,,1.0,1.0,1.0,1.0,0.1484941955586102,1.0,0.0,1.0,1.0,0.6089044361120657
4853,e69df86c33d5e5522,True,,,,,,,,,,1.0,1.0,1.0,1.0,0.6472419996647378,1.0,0.0,1.0,0.0,0.6397631248952306
4854,5216f5e0df50fa3bf,True,,,,,,,,,,1.0,1.0,0.0,1.0,1.0,1.0,0.0,1.0,1.0,0.0
4855,02e812e171526ec23,True,,,,,,,,,,1.0,1.0,1.0,1.0,0.5436234029714161,1.0,1.0,1.0,0.0,0.7323823134285675
4856,00fac31cd24587354,True,,,,,,,,,,1.0,1.0,1.0,1.0,0.5257677946656665,1.0,0.0,1.0,1.0,0.7268024358330207
4857,13a793ea62b767a28,True,,,,,,,,,,1.0,1.0,0.5,1.0,0.7805977674236847,1.0,1.0,1.0,0.0,0.4032184011599507
4858,e013e127e2126bb32,True,,,,,,,,,,1.0,1.0,0.5,1.0,1.0,1.0,1.0,1.0,0.0,0.4375
4859,ca2e709d5cab0c6e4,True,,,,,,,,,,1.0,1.0,1.0,1.0,0.4624971360913706,1.0,1.0,1.0,0.0,0.7070303550285533
4860,cfdd0359dacc8fea1,True,,,,,,,,,,1.0,1.0,1.0,1.0,0.2078727508838609,1.0,0.0,1.0,1.0,0.6274602346512066
4861,d29638c5140885ccd,True,,,,,,,,,,1.0,1.0,1.0,1.0,1.0,1.0,1.0,0.0,0.0,0.75
4862,cdf1706038e1c4e1c,True,,,,,,,,,,1.0,0.0,1.0,1.0,0.5032010215939565,1.0,0.0,1.0,1.0,0.0
4863,8caf8f0fb08aa9aa2,True,,,,,,,,,,1.0,1.0,1.0,1.0,0.5066575965438584,1.0,1.0,1.0,0.0,0.7208304989199558
4864,6f0c6f5848fccc5d0,True,,,,,,,,,,1.0,1.0,1.0,1.0,0.5991793208359827,1.0,1.0,1.0,1.0,0.8747435377612446
4865,b5eae8e67d3680501,True,,,,,,,,,,1.0,1.0,1.0,1.0,0.440054502551449,1.0,0.0,1.0,1.0,0.7000170320473278
4866,7cd1093d133170449,True,,,,,,,,,,1.0,0.0,1.0,1.0,1.0,1.0,1.0,1.0,0.0,0.0
4867,17924fa146add877f,True,,,,,,,,,,1.0,1.0,1.0,1.0,0.747524655286774,1.0,1.0,1.0,1.0,0.9211014547771168
4868,e88bf694837e674f5,True,,,,,,,,,,1.0,1.0,1.0,1.0,1.0,1.0,0.0,1.0,1.0,0.875
4869,d3150a8489aa038cb,True,,,,,,,,,,1.0,1.0,1.0,1.0,0.5435765069299049,1.0,0.0,1.0,0.0,0.6073676584155953
4870,80fbecd9f16630510,True,,,,,,,,,,1.0,1.0,1.0,1.0,0.7839022200700321,1.0,1.0,1.0,0.0,0.807469443771885
4871,c71b26ad44d13d5a5,True,,,,,,,,,,0.0,1.0,1.0,1.0,1.0,0.0,1.0,1.0,1.0,0.0
4872,8d59e8ecb60e11b5b,True,,,,,,,,,,1.0,1.0,1.0,1.0,0.6352211044969435,1.0,0.0,1.0,1.0,0.7610065951552949
4873,5856d9f4b213e9865,True,,,,,,,,,,1.0,1.0,1.0,1.0,1.0,1.0,0.0,1.0,1.0,0.875
4874,3ada23a933f4d460c,True,,,,,,,,,,1.0,1.0,1.0,1.0,1.0,1.0,1.0,1.0,0.0,0.875
4875,a9beba0462c712f13,True,,,,,,,,,,1.0,1.0,1.0,1.0,0.7897508627550841,1.0,1.0,1.0,1.0,0.9342971446109638
4876,ca2b49197179c41ac,True,,,,,,,,,,1.0,1.0,1.0,1.0,0.9205148062637712,1.0,1.0,1.0,1.0,0.9751608769574284
4877,3b9a4be29bdd2c8ae,True,,,,,,,,,,1.0,1.0,1.0,1.0,0.5901330189421755,1.0,0.0,1.0,1.0,0.7469165684194299
4878,7026d28794e20a290,True,,,,,,,,,,1.0,1.0,0.5,1.0,1.0,1.0,0.0,1.0,0.0,0.375
4879,9bcb88a77a10c4c0c,True,,,,,,,,,,1.0,1.0,1.0,1.0,0.573035227194702,1.0,1.0,1.0,1.0,0.8665735084983444
4880,b2ad6357566bfa454,True,,,,,,,,,,1.0,1.0,1.0,1.0,0.228775221293704,1.0,1.0,1.0,1.0,0.7589922566542825
4881,270e95b1d769b87a0,True,,,,,,,,,,0.0,0.0,1.0,1.0,1.0,0.0,1.0,1.0,0.0,0.0
4882,1f607fe68e3fc6846,True,,,,,,,,,,1.0,1.0,1.0,1.0,1.0,1.0,1.0,1.0,0.0,0.875
4883,7d17bb3bdf0937570,True,,,,,,,,,,1.0,1.0,1.0,1.0,0.8721745830703462,1.0,1.0,1.0,0.0,0.8350545572094832
4884,a4dff43b479ee5041,True,,,,,,,,,,1.0,1.0,0.0,1.0,1.0,1.0,0.0,1.0,0.0,0.0
4885,c2fbdb2ef268ad123,True,,,,,,,,,,1.0,1.0,1.0,1.0,1.0,1.0,1.0,1.0,1.0,1.0
4886,4088cfb3d342b234d,True,,,,,,,,,,1.0,0.0,0.5,1.0,1.0,1.0,0.0,0.0,0.0,0.0
4887,d2a3fa9bdd6ebc040,True,,,,,,,,,,1.0,1.0,1.0,1.0,0.5541933278411963,1.0,1.0,1.0,1.0,0.8606854149503739
4888,8868a14471179c2a7,True,,,,,,,,,,0.0,1.0,0.0,1.0,1.0,0.0,0.0,1.0,1.0,0.0
4889,57242411e2f320c12,True,,,,,,,,,,1.0,1.0,1.0,1.0,0.5515372999235569,1.0,1.0,1.0,0.0,0.7348554062261116
4890,e837d678b75d5da6f,True,,,,,,,,,,1.0,1.0,1.0,1.0,0.9644540028177978,1.0,1.0,1.0,1.0,0.9888918758805618
4891,da19f3b30489b58f8,True,,,,,,,,,,0.0,1.0,1.0,1.0,1.0,0.0,0.0,1.0,0.0,0.0
4892,78e83fee2e80cffb8,True,,,,,,,,,,1.0,1.0,1.0,1.0,0.4211080952830665,1.0,1.0,1.0,0.0,0.6940962797759582
4893,16f88a7f9c92243cb,True,,,,,,,,,,1.0,0.0,1.0,1.0,1.0,0.0,0.0,1.0,0.0,0.0
4894,061cce46c96a0fd2c,True,,,,,,,,,,1.0,1.0,1.0,1.0,0.2940343109981441,1.0,0.0,1.0,1.0,0.65438572218692
4895,78a6c5025d620a6b9,True,,,,,,,,,,1.0,1.0,1.0,1.0,0.793514571403716,1.0,1.0,0.0,0.0,0.6854733035636612
4896,e91ac9ef742425106,True,,,,,,,,,,1.0,1.0,1.0,1.0,0.7076724548287235,1.0,1.0,1.0,1.0,0.908647642133976
4897,c88ec2d9a664ec957,True,,,,,,,,,,1.0,1.0,1.0,1.0,1.0,0.0,1.0,1.0,1.0,0.6875
4898,8a89ac1132afc51b4,True,,,,,,,,,,1.0,1.0,1.0,1.0,0.5890556696238628,1.0,1.0,1.0,0.0,0.7465798967574571
4899,a5cb0e8e1b25b4ad4,True,,,,,,,,,,1.0,1.0,1.0,1.0,0.5248667615013833,1.0,1.0,1.0,1.0,0.8515208629691823
4900,d6b2852cfdf21ad06,True,,,,,,,,,,1.0,1.0,1.0,1.0,0.6740286677245293,1.0,1.0,1.0,1.0,0.8981339586639154
4901,e5e284a0009e877d9,True,,,,,,,,,,1.0,0.0,0.0,1.0,1.0,1.0,0.0,1.0,0.0,0.0
4902,fb069de5c1aacc9f5,True,,,,,,,,,,1.0,1.0,1.0,1.0,0.3288422841966478,1.0,1.0,1.0,1.0,0.7902632138114525
4903,a2a9c734a84da7235,True,,,,,,,,,,1.0,1.0,0.5,1.0,1.0,1.0,0.0,1.0,1.0,0.4375
4904,467d1a5ec9c912bda,True,,,,,,,,,,1.0,1.0,1.0,1.0,1.0,1.0,0.0,1.0,1.0,0.875
4905,df257ceb4f8312a9b,True,,,,,,,,,,0.0,1.0,0.0,1.0,1.0,0.0,0.0,1.0,0.0,0.0
4906,51438ce1bf4a62b2e,True,,,,,,,,,,1.0,1.0,1.0,1.0,0.4553070959838909,1.0,1.0,1.0,0.0,0.7047834674949659
4907,329089047f59e67fb,True,,,,,,,,,,1.0,1.0,1.0,1.0,1.0,1.0,0.0,1.0,0.0,0.75
4908,d405764e71ecb1286,True,,,,,,,,,,1.0,1.0,1.0,1.0,0.748062844690408,1.0,0.0,1.0,1.0,0.7962696389657524
4909,3e5e5f35dd00868f1,True,,,,,,,,,,1.0,1.0,1.0,1.0,1.0,0.0,1.0,1.0,1.0,0.6875
4910,4d2744d7e3bd555b5,True,,,,,,,,,,1.0,1.0,1.0,1.0,0.8446671699405697,1.0,1.0,1.0,0.0,0.8264584906064281
4911,2fb8e40dec69f26c4,True,,,,,,,,,,1.0,1.0,1.0,1.0,0.8840227403812942,1.0,0.0,1.0,0.0,0.7137571063691545
4912,7dc3f9cae9f72fe4c,True,,,,,,,,,,1.0,0.0,1.0,1.0,1.0,1.0,0.0,1.0,0.0,0.0
4913,209b97b1bbd7f20ba,True,,,,,,,,,,1.0,1.0,0.0,1.0,1.0,1.0,0.0,1.0,0.0,0.0
4914,90c40a195012fa8ec,True,,,,,,,,,,1.0,0.0,1.0,1.0,1.0,1.0,0.0,1.0,1.0,0.0
4915,92bc964803e65244e,True,,,,,,,,,,1.0,1.0,1.0,1.0,0.2054719215375824,1.0,1.0,1.0,1.0,0.7517099754804946
4916,ce907a202ee6095c1,True,,,,,,,,,,1.0,1.0,1.0,1.0,0.4631148326761658,1.0,1.0,1.0,1.0,0.8322233852113018
4917,334428793abea228f,True,,,,,,,,,,1.0,0.0,1.0,1.0,0.3188065257605337,1.0,0.0,0.0,0.0,0.0
4918,2814e455e1302df51,True,,,,,,,,,,0.5,1.0,1.0,1.0,1.0,0.0,0.0,1.0,1.0,0.28125
4919,3d03bade5b2a834b7,True,,,,,,,,,,1.0,1.0,1.0,1.0,0.7741629821053606,1.0,0.0,1.0,1.0,0.8044259319079252
4920,ae42ff25d7ab0442f,True,,,,,,,,,,1.0,1.0,1.0,1.0,0.1353002220499652,1.0,0.0,1.0,0.0,0.4797813193906141
4921,944ac9576ebfdb76e,True,,,,,,,,,,1.0,1.0,1.0,1.0,1.0,1.0,1.0,1.0,1.0,1.0
4922,7b34cc67f7a1ee247,True,,,,,,,,,,1.0,1.0,1.0,1.0,1.0,1.0,0.0,1.0,0.0,0.75
4923,676ffbee9ca648d5c,True,,,,,,,,,,0.0,1.0,1.0,1.0,1.0,0.0,1.0,1.0,1.0,0.0
4924,3e8f802de1e65025d,True,,,,,,,,,,1.0,1.0,1.0,1.0,0.6731165749035006,1.0,0.0,1.0,1.0,0.772848929657344
4925,7dc342f8c0d3f169b,True,,,,,,,,,,1.0,0.0,0.0,1.0,1.0,1.0,0.0,1.0,0.0,0.0
4926,1062c697adcf808eb,True,,,,,,,,,,1.0,1.0,1.0,1.0,0.6518038181833511,1.0,1.0,1.0,0.0,0.7661886931822972
4927,18cc6c426879cd157,True,,,,,,,,,,1.0,1.0,1.0,1.0,0.8556127203104096,1.0,1.0,1.0,0.0,0.829878975097003
4928,8cf5c8b605a2a4959,True,,,,,,,,,,1.0,1.0,1.0,1.0,0.3488401247404106,1.0,0.0,1.0,1.0,0.6715125389813783
4929,9d4b20553cbf06af4,True,,,,,,,,,,1.0,1.0,1.0,1.0,0.5560622981578982,1.0,1.0,1.0,1.0,0.8612694681743431
4930,63584edd9b86f7faf,True,,,,,,,,,,0.0,1.0,1.0,1.0,1.0,0.0,1.0,1.0,0.0,0.0
4931,10dc3b2e0ce99941a,True,,,,,,,,,,1.0,1.0,1.0,1.0,1.0,1.0,1.0,1.0,1.0,1.0
4932,332234ee590ff1dd2,True,,,,,,,,,,1.0,1.0,1.0,1.0,0.3223097646172643,1.0,1.0,1.0,0.0,0.6632218014428951
4933,c2f99f2f74ef541cb,True,,,,,,,,,,1.0,0.0,1.0,1.0,1.0,1.0,1.0,0.0,0.0,0.0
4934,237248dcf20ccf56f,True,,,,,,,,,,1.0,1.0,1.0,1.0,0.4194181910404529,1.0,1.0,1.0,0.0,0.6935681847001416
4935,0f32999a6e12e6b4f,True,,,,,,,,,,0.0,1.0,1.0,1.0,1.0,1.0,0.0,1.0,1.0,0.0
4936,65340cec441efc0c2,True,,,,,,,,,,1.0,1.0,1.0,1.0,0.2766982040217415,1.0,1.0,1.0,0.0,0.6489681887567942
4937,0d62abe857251412c,True,,,,,,,,,,1.0,1.0,1.0,1.0,0.6640047017257543,1.0,1.0,1.0,0.0,0.7700014692892982
4938,b3e74e5b534575941,True,,,,,,,,,,1.0,1.0,1.0,1.0,0.4495259786718841,1.0,1.0,1.0,0.0,0.7029768683349638
4939,256ffb5e85a521e98,True,,,,,,,,,,1.0,1.0,1.0,1.0,0.7686636398778157,1.0,0.0,1.0,1.0,0.8027073874618174
4940,6d4dbc1af5fc2435b,True,,,,,,,,,,1.0,1.0,1.0,1.0,0.4826289664625051,1.0,1.0,1.0,1.0,0.8383215520195328
4941,10e6f976d1a03f693,True,,,,,,,,,,1.0,1.0,1.0,1.0,0.6273626260882469,1.0,1.0,1.0,0.0,0.7585508206525772
4942,74e4cc639249b885a,True,,,,,,,,,,1.0,1.0,1.0,1.0,1.0,1.0,1.0,1.0,0.0,0.875
4943,7570ff2ee6471c7cc,True,,,,,,,,,,1.0,1.0,1.0,1.0,0.6192604522650831,1.0,0.0,1.0,1.0,0.7560188913328385
4944,83d03d52f14fe2aba,True,,,,,,,,,,1.0,0.0,1.0,1.0,0.018000379171375,1.0,0.0,1.0,0.0,0.0
4945,0b09e2367441527e4,True,,,,,,,,,,1.0,1.0,1.0,1.0,1.0,1.0,1.0,1.0,1.0,1.0
4946,7926b91284ef771fd,True,,,,,,,,,,1.0,1.0,1.0,1.0,0.5810101871440915,1.0,1.0,1.0,0.0,0.7440656834825286
4947,c138df3ef41d3bfe5,True,,,,,,,,,,1.0,1.0,1.0,1.0,0.5931320493104062,1.0,1.0,0.0,0.0,0.6228537654095019
4948,c293d0be2f2680817,True,,,,,,,,,,1.0,0.0,0.5,1.0,1.0,1.0,0.0,0.0,0.0,0.0
4949,4f3ef64863f32d7b6,True,,,,,,,,,,0.0,0.0,1.0,1.0,1.0,1.0,0.0,1.0,0.0,0.0
4950,f0150096a41797505,True,,,,,,,,,,1.0,1.0,1.0,1.0,0.9470434407791446,1.0,0.0,1.0,0.0,0.7334510752434826
4951,995a5ceaca13fa6a0,True,,,,,,,,,,1.0,0.0,1.0,1.0,1.0,1.0,1.0,0.0,0.0,0.0
4952,27b7e5ec4bfe00f85,True,,,,,,,,,,1.0,1.0,1.0,1.0,1.0,1.0,1.0,1.0,1.0,1.0
4953,10d905dbddd82d817,True,,,,,,,,,,1.0,1.0,1.0,1.0,1.0,1.0,1.0,1.0,0.0,0.875
4954,c7e0e6deef7f0758e,True,,,,,,,,,,1.0,1.0,1.0,1.0,0.675847152937863,1.0,0.0,1.0,1.0,0.7737022352930822
4955,eef5eabe1b1b7f149,True,,,,,,,,,,1.0,1.0,1.0,1.0,0.9198175449378212,1.0,1.0,1.0,0.0,0.8499429827930691
4956,14fb3ae1207501c5b,True,,,,,,,,,,1.0,0.0,1.0,1.0,0.4545108966182571,1.0,1.0,1.0,1.0,0.0
4957,25afbc08ad962c6cd,True,,,,,,,,,,1.0,1.0,1.0,1.0,1.0,1.0,0.0,1.0,1.0,0.875
4958,27fe2548642974f6e,True,,,,,,,,,,1.0,1.0,1.0,1.0,0.692717456240413,0.0,0.0,1.0,0.0,0.341474205075129
4959,7036ba346c7d2824b,True,,,,,,,,,,1.0,0.0,0.5,1.0,1.0,1.0,0.0,1.0,0.0,0.0
4960,8fb9c005a042db260,True,,,,,,,,,,1.0,1.0,1.0,1.0,0.5790074769284111,1.0,0.0,1.0,0.0,0.6184398365401285
4961,aebf91cab56134486,True,,,,,,,,,,1.0,1.0,0.5,1.0,0.7440799902188294,1.0,0.0,1.0,1.0,0.3975124984716921
4962,6952b70f303046472,True,,,,,,,,,,0.0,1.0,1.0,1.0,1.0,0.0,0.0,1.0,1.0,0.0
4963,10c72d595566b545a,True,,,,,,,,,,1.0,1.0,1.0,1.0,1.0,1.0,1.0,1.0,0.0,0.875
4964,d50c124d290a31078,True,,,,,,,,,,1.0,1.0,0.0,1.0,1.0,1.0,0.0,1.0,0.0,0.0
4965,c37d82f1251543152,True,,,,,,,,,,1.0,1.0,1.0,1.0,0.7717085718391211,1.0,0.0,1.0,0.0,0.6786589286997253
4966,7387fd37f78f3fd39,True,,,,,,,,,,1.0,1.0,1.0,1.0,0.7522558511068171,1.0,1.0,1.0,1.0,0.9225799534708804
4967,b1c7cedccc066a77d,True,,,,,,,,,,1.0,1.0,1.0,1.0,0.7631438425628456,1.0,0.0,1.0,0.0,0.6759824508008893
4968,ba8e76ba50850dffe,True,,,,,,,,,,1.0,1.0,1.0,1.0,0.7445936143904827,1.0,1.0,1.0,0.0,0.7951855044970259
4969,76e0516677156bad8,True,,,,,,,,,,1.0,0.0,1.0,1.0,1.0,1.0,0.0,1.0,0.0,0.0
4970,023850d442fe9ca21,True,,,,,,,,,,1.0,1.0,1.0,1.0,0.7299474180955088,1.0,1.0,1.0,1.0,0.9156085681548464
4971,d73385f96b3a8b16d,True,,,,,,,,,,1.0,0.0,1.0,1.0,1.0,1.0,1.0,1.0,1.0,0.0
4972,3ded0591b23a7df67,True,,,,,,,,,,1.0,1.0,1.0,1.0,0.6468882589895738,1.0,1.0,1.0,0.0,0.7646525809342418
4973,f89453f475567e939,True,,,,,,,,,,1.0,1.0,1.0,1.0,0.7644482495264386,1.0,1.0,1.0,1.0,0.926390077977012
4974,f44e7838ec7d4f843,True,,,,,,,,,,0.0,1.0,1.0,1.0,1.0,0.0,0.0,1.0,1.0,0.0
4975,9e892c78dc283445e,True,,,,,,,,,,1.0,1.0,1.0,1.0,1.0,1.0,1.0,1.0,0.0,0.875
4976,2ae5b4d91dcfac803,True,,,,,,,,,,0.0,1.0,1.0,1.0,1.0,0.0,0.0,1.0,1.0,0.0
4977,81a1a5d071b2c2a11,True,,,,,,,,,,1.0,0.0,1.0,1.0,1.0,1.0,1.0,1.0,0.0,0.0
4978,7b35876d62521ffc5,True,,,,,,,,,,1.0,1.0,1.0,1.0,0.3522594274943384,1.0,0.0,1.0,0.0,0.5475810710919807
4979,10e8a0c218db15652,True,,,,,,,,,,1.0,1.0,1.0,1.0,1.0,1.0,0.0,1.0,0.0,0.75
4980,427e704f6c39ca2c4,True,,,,,,,,,,1.0,1.0,1.0,1.0,0.3481572483303322,1.0,1.0,1.0,1.0,0.7962991401032289
4981,977312aa1b30d7f8f,True,,,,,,,,,,1.0,0.0,1.0,1.0,1.0,1.0,1.0,1.0,1.0,0.0
4982,ea96a137518d58ac9,True,,,,,,,,,,1.0,0.0,1.0,1.0,1.0,1.0,1.0,1.0,1.0,0.0
4983,5cd39ab6536d551b7,True,,,,,,,,,,0.0,1.0,1.0,1.0,1.0,0.0,1.0,1.0,0.0,0.0
4984,2191ef080b4043736,True,,,,,,,,,,1.0,1.0,1.0,1.0,0.9010762034328365,1.0,0.0,1.0,1.0,0.8440863135727614
4985,c9a52fd56ee7c5ee5,True,,,,,,,,,,1.0,1.0,1.0,1.0,1.0,1.0,1.0,1.0,0.0,0.875
4986,17ea9cff5974892cb,True,,,,,,,,,,1.0,1.0,1.0,1.0,0.5651144316431994,1.0,1.0,1.0,0.0,0.7390982598884999
4987,a99e7bb23533b8fee,True,,,,,,,,,,1.0,1.0,1.0,1.0,0.6637765113463814,1.0,1.0,1.0,1.0,0.8949301597957442
4988,4f206a0dd84457b8a,True,,,,,,,,,,1.0,1.0,1.0,1.0,0.890907540736136,1.0,1.0,1.0,1.0,0.9659086064800424
4989,b7b7adbd3d2126b3f,True,,,,,,,,,,1.0,1.0,1.0,1.0,0.4031030393237456,1.0,0.0,1.0,1.0,0.6884696997886706
4990,368fa1aeac7542731,True,,,,,,,,,,1.0,1.0,1.0,1.0,1.0,0.0,0.0,1.0,0.0,0.4375
4991,5d362d17d2494ac7c,True,,,,,,,,,,1.0,1.0,1.0,1.0,0.5401337002979762,1.0,1.0,1.0,1.0,0.8562917813431176
4992,a34f2a190f165bd3c,True,,,,,,,,,,1.0,1.0,1.0,1.0,0.6542567335157135,1.0,1.0,1.0,0.0,0.7669552292236604
4993,2bf1c7fc03ffaa988,True,,,,,,,,,,1.0,1.0,1.0,1.0,0.6779933424863424,1.0,0.0,1.0,1.0,0.774372919526982
4994,b52e19bdb170f1078,True,,,,,,,,,,1.0,1.0,1.0,1.0,0.5082720744622111,1.0,1.0,1.0,1.0,0.846335023269441
4995,9e0e0c6fe70eeb1d8,True,,,,,,,,,,1.0,0.0,1.0,1.0,1.0,1.0,0.0,1.0,0.0,0.0
4996,85b6589d5332018d1,True,,,,,,,,,,1.0,1.0,1.0,1.0,0.5700260652249182,1.0,0.0,1.0,0.0,0.6156331453827869
4997,f836208030ee5d621,True,,,,,,,,,,1.0,1.0,0.5,1.0,1.0,1.0,0.0,1.0,0.0,0.375
4998,534a1ef23eb35451c,True,,,,,,,,,,1.0,1.0,1.0,1.0,1.0,1.0,1.0,0.0,0.0,0.75
4999,f15dde91900f2039a,True,,,,,,,,,,0.0,1.0,0.5,1.0,1.0,0.0,0.0,1.0,1.0,0.0
5000,9a36095a5f0caaafd,True,,,,,,,,,,1.0,1.0,1.0,1.0,0.3069469584322871,1.0,1.0,1.0,1.0,0.7834209245100897
5001,1b26aaf90ef14383f,True,,,,,,,,,,1.0,1.0,1.0,1.0,1.0,0.0,1.0,1.0,1.0,0.6875
5002,f6cb349b9078fd7c4,True,,,,,,,,,,1.0,1.0,1.0,1.0,0.5285630129288483,1.0,0.0,1.0,1.0,0.7276759415402652
5003,2afbbdc8bf9e5efe2,True,,,,,,,,,,0.0,1.0,1.0,1.0,1.0,0.0,0.0,1.0,0.0,0.0
5004,1ea8537ea6898e4e2,True,,,,,,,,,,1.0,1.0,1.0,1.0,0.6985571937765099,1.0,0.0,1.0,1.0,0.7807991230551594
5005,5c8283705c1e44a16,True,,,,,,,,,,0.0,0.0,1.0,1.0,1.0,0.0,1.0,1.0,0.0,0.0
5006,38d50c91468fbe6e5,True,,,,,,,,,,1.0,1.0,1.0,1.0,1.0,1.0,0.0,1.0,1.0,0.875
5007,554adddfca63d6fe8,True,,,,,,,,,,1.0,1.0,1.0,1.0,0.6241635115731893,1.0,1.0,1.0,0.0,0.7575510973666216
5008,ceec882b56eebd8c4,True,,,,,,,,,,1.0,1.0,1.0,1.0,0.3657917189495512,1.0,1.0,1.0,0.0,0.6768099121717348
5009,8155d4f80d0416c00,True,,,,,,,,,,1.0,1.0,1.0,1.0,0.1970689433668187,1.0,1.0,1.0,1.0,0.7490840448021309
5010,7577c592d62db033f,True,,,,,,,,,,1.0,1.0,1.0,1.0,0.7035767615352305,1.0,0.0,1.0,0.0,0.6573677379797596
5011,ec84cf228d6d79089,True,,,,,,,,,,1.0,1.0,1.0,1.0,0.4624726547271318,1.0,1.0,1.0,1.0,0.8320227046022287
5012,daf6c56e39384e309,True,,,,,,,,,,1.0,1.0,1.0,1.0,0.7008751837062671,1.0,1.0,1.0,0.0,0.7815234949082085
5013,5dfd054f0a5ff50d9,True,,,,,,,,,,1.0,1.0,1.0,1.0,1.0,1.0,1.0,1.0,0.0,0.875
5014,54c064bb692276ac7,True,,,,,,,,,,1.0,1.0,1.0,1.0,1.0,1.0,0.0,1.0,0.0,0.75
5015,aad606c2d4cfea9a1,True,,,,,,,,,,1.0,1.0,1.0,1.0,0.6563319982012238,1.0,0.0,1.0,1.0,0.7676037494378825
5016,b73770a1de3ee8a3f,True,,,,,,,,,,1.0,1.0,1.0,1.0,0.4260923195750163,1.0,1.0,1.0,1.0,0.8206538498671926
5017,1efa58a926126dcc0,True,,,,,,,,,,1.0,1.0,1.0,1.0,0.1761587339574619,1.0,1.0,1.0,1.0,0.7425496043617068
5018,b7560bcae0414e720,True,,,,,,,,,,1.0,0.0,1.0,1.0,1.0,1.0,1.0,1.0,1.0,0.0
5019,e19863cd98bd2677b,True,,,,,,,,,,1.0,1.0,1.0,1.0,0.4710183881009305,1.0,1.0,1.0,1.0,0.8346932462815408
5020,2445e4f4ae3f0fc04,True,,,,,,,,,,1.0,1.0,1.0,1.0,1.0,1.0,0.0,1.0,0.0,0.75
5021,d259b8e83d8d206fe,True,,,,,,,,,,1.0,1.0,1.0,1.0,1.0,1.0,0.0,1.0,0.0,0.75
5022,1d4894afb05e6ebc3,True,,,,,,,,,,1.0,1.0,1.0,1.0,1.0,1.0,0.0,1.0,1.0,0.875
5023,51382084e8c016080,True,,,,,,,,,,1.0,1.0,0.0,1.0,0.6862575311223563,1.0,0.0,1.0,0.0,0.0
5024,4a086bbf2e29537eb,True,,,,,,,,,,1.0,1.0,1.0,1.0,0.2302280113081562,1.0,1.0,1.0,0.0,0.6344462535337988
5025,f3b236d797b3e906c,True,,,,,,,,,,1.0,1.0,1.0,1.0,1.0,1.0,0.0,1.0,0.0,0.75
5026,df2f5f2688acbcf8c,True,,,,,,,,,,1.0,0.0,1.0,1.0,0.3739858829001183,1.0,1.0,1.0,0.0,0.0
5027,e92394471671ed533,True,,,,,,,,,,1.0,1.0,1.0,1.0,0.3129860066396512,1.0,1.0,1.0,1.0,0.785308127074891
5028,d241d7576360a6907,True,,,,,,,,,,1.0,1.0,1.0,1.0,1.0,1.0,0.0,1.0,1.0,0.875
5029,83dc61b75efe5e09e,True,,,,,,,,,,1.0,1.0,1.0,1.0,1.0,1.0,1.0,1.0,1.0,1.0
5030,d16ba8a46fd2ff788,True,,,,,,,,,,1.0,1.0,1.0,1.0,0.5022940457549381,1.0,1.0,1.0,0.0,0.7194668892984182
5031,b8fafe0f06f38d320,True,,,,,,,,,,1.0,1.0,1.0,1.0,0.7246546464374646,1.0,0.0,1.0,0.0,0.6639545770117077
5032,b6f6daabfac4fa910,True,,,,,,,,,,1.0,1.0,1.0,1.0,1.0,1.0,1.0,1.0,1.0,1.0
5033,517d13818dab667f5,True,,,,,,,,,,1.0,1.0,1.0,1.0,0.5411794544762311,1.0,0.0,1.0,0.0,0.6066185795238221
5034,8cbf7cbc0d30a3d05,True,,,,,,,,,,1.0,1.0,1.0,1.0,0.1400354092101061,1.0,1.0,1.0,1.0,0.7312610653781582
5035,8e2e4ad26edbb4e08,True,,,,,,,,,,1.0,1.0,1.0,1.0,0.3946103165591147,1.0,1.0,1.0,0.0,0.6858157239247233
5036,9d5ce658b960c75f6,True,,,,,,,,,,1.0,1.0,1.0,1.0,0.2407994087461094,1.0,1.0,1.0,1.0,0.7627498152331592
5037,900aad7dc85139b3e,True,,,,,,,,,,1.0,1.0,1.0,1.0,0.7629731249013963,1.0,0.0,1.0,0.0,0.6759291015316864
5038,f0da7e68f4547e66a,True,,,,,,,,,,1.0,1.0,1.0,1.0,0.5426725719806246,1.0,0.0,1.0,0.0,0.6070851787439452
5039,c41d6466acee52a7f,True,,,,,,,,,,1.0,1.0,1.0,1.0,1.0,1.0,0.0,1.0,0.0,0.75
5040,03777a197c96bea9d,True,,,,,,,,,,1.0,1.0,1.0,1.0,0.6107923404530582,1.0,1.0,1.0,0.0,0.7533726063915807
5041,6e1dbb531aa7e9555,True,,,,,,,,,,1.0,0.0,1.0,1.0,0.7441536262158951,1.0,0.0,1.0,0.0,0.0
5042,898965de3a97c47dc,True,,,,,,,,,,0.0,1.0,1.0,1.0,1.0,0.0,0.0,1.0,0.0,0.0
5043,92ad1ee3b8c3a8859,True,,,,,,,,,,1.0,1.0,1.0,1.0,0.6868728537215208,1.0,1.0,1.0,0.0,0.7771477667879753
5044,3ea710ad8425a9566,True,,,,,,,,,,1.0,1.0,1.0,1.0,0.1552800351310788,1.0,1.0,1.0,0.0,0.6110250109784622
5045,af838aad1e6b19925,True,,,,,,,,,,1.0,1.0,1.0,1.0,0.5292343575782184,1.0,1.0,1.0,0.0,0.7278857367431932
5046,45da4abe095b0e759,True,,,,,,,,,,1.0,1.0,1.0,1.0,0.8434015796573608,1.0,1.0,1.0,0.0,0.8260629936429252
5047,6c3a8a0290c8e05e9,True,,,,,,,,,,0.0,1.0,1.0,1.0,1.0,0.0,1.0,1.0,0.0,0.0
5048,e0a3b2c921d0f6f6d,True,,,,,,,,,,1.0,1.0,1.0,1.0,0.7713246608662774,1.0,1.0,1.0,1.0,0.9285389565207116
5049,b68951cab847f0bf5,True,,,,,,,,,,0.0,1.0,0.5,1.0,1.0,0.0,0.0,1.0,0.0,0.0
5050,f8d618822ef33e7b0,True,,,,,,,,,,1.0,1.0,1.0,1.0,0.5468495901662667,1.0,1.0,1.0,1.0,0.8583904969269583
5051,981dae0f5f7fb62f4,True,,,,,,,,,,1.0,1.0,0.0,1.0,1.0,1.0,0.0,1.0,0.0,0.0
5052,6dfd14bd1bef71d80,True,,,,,,,,,,1.0,1.0,1.0,1.0,0.8538213242472498,1.0,0.0,1.0,0.0,0.7043191638272656
5053,96a372a94c983cb06,True,,,,,,,,,,1.0,1.0,1.0,1.0,0.5834686592587333,1.0,1.0,1.0,0.0,0.7448339560183541
5054,803b2f23625961a5b,True,,,,,,,,,,1.0,1.0,1.0,1.0,0.7866743840507882,1.0,1.0,1.0,0.0,0.8083357450158712
5055,31cc7cd0fdf16f061,True,,,,,,,,,,1.0,1.0,1.0,1.0,0.7099289516290999,1.0,1.0,0.0,0.0,0.6593527973840937
5056,dcb9f36fff6b09354,True,,,,,,,,,,1.0,1.0,1.0,1.0,0.84219547966831,1.0,1.0,1.0,0.0,0.8256860873963469
5057,51468624f84655cc2,True,,,,,,,,,,1.0,1.0,1.0,1.0,1.0,1.0,1.0,1.0,1.0,1.0
5058,33f0f0e933c91112e,True,,,,,,,,,,0.0,1.0,0.0,1.0,1.0,0.0,1.0,1.0,1.0,0.0
5059,5ce376c0d0c1cc13f,True,,,,,,,,,,1.0,1.0,1.0,1.0,0.4036319334721738,1.0,0.0,1.0,1.0,0.6886349792100543
5060,9bdc2e6f73aad36a5,True,,,,,,,,,,1.0,1.0,1.0,1.0,0.7128149664310685,1.0,1.0,1.0,1.0,0.9102546770097087
5061,3e6a2a1cb427bfc4d,True,,,,,,,,,,1.0,1.0,0.5,1.0,1.0,1.0,0.0,1.0,0.0,0.375
5062,7ad621cdbc4494e0d,True,,,,,,,,,,1.0,1.0,1.0,1.0,0.58724725705048,1.0,0.0,1.0,1.0,0.746014767828275
5063,989f4b8f1e6bddc26,True,,,,,,,,,,1.0,1.0,1.0,1.0,0.3605795271633626,1.0,1.0,1.0,1.0,0.8001811022385508
5064,067988277091a3762,True,,,,,,,,,,1.0,1.0,1.0,1.0,0.4431531858973356,1.0,1.0,1.0,0.0,0.7009853705929174
5065,3791263c877ce2d77,True,,,,,,,,,,1.0,1.0,1.0,0.0,1.0,1.0,1.0,1.0,0.0,0.0
5066,00d194f38b3f05c1e,True,,,,,,,,,,1.0,1.0,0.5,1.0,1.0,1.0,0.0,1.0,1.0,0.4375
5067,d3f900cebad176f8c,True,,,,,,,,,,0.0,1.0,1.0,1.0,1.0,0.0,0.0,1.0,1.0,0.0
5068,988fa96e564a80331,True,,,,,,,,,,1.0,1.0,1.0,1.0,0.6525870320225496,1.0,1.0,1.0,1.0,0.8914334475070468
5069,cfb8ea140d6258c81,True,,,,,,,,,,1.0,1.0,1.0,1.0,1.0,1.0,0.0,1.0,1.0,0.875
5070,9cbb06ac6bd21fc4c,True,,,,,,,,,,1.0,1.0,1.0,1.0,1.0,1.0,0.0,1.0,0.0,0.75
5071,4082fe517c4e84c40,True,,,,,,,,,,1.0,1.0,1.0,1.0,0.6640047017257543,1.0,1.0,1.0,0.0,0.7700014692892982
5072,874ca7613e4fb30ba,True,,,,,,,,,,1.0,1.0,1.0,1.0,0.3937484288699997,1.0,1.0,1.0,0.0,0.685546384021875
5073,debbba18b341ebebb,True,,,,,,,,,,1.0,1.0,1.0,1.0,0.289092831543829,1.0,1.0,1.0,0.0,0.6528415098574466
5074,213be589c1849a8ad,True,,,,,,,,,,1.0,0.0,1.0,1.0,1.0,1.0,1.0,1.0,0.0,0.0
5075,218dfa1bf4d961da8,True,,,,,,,,,,0.0,1.0,1.0,1.0,1.0,0.0,1.0,1.0,0.0,0.0
5076,f9b640894b4a02a02,True,,,,,,,,,,1.0,1.0,0.0,1.0,1.0,1.0,0.0,1.0,1.0,0.0
5077,9faeca442f57af75b,True,,,,,,,,,,0.0,1.0,1.0,1.0,1.0,0.0,0.0,1.0,0.0,0.0
5078,441af8c8c4d582d12,True,,,,,,,,,,1.0,1.0,1.0,1.0,1.0,1.0,0.0,1.0,1.0,0.875
5079,036aaebb3ee3a09af,True,,,,,,,,,,1.0,1.0,1.0,1.0,1.0,1.0,0.0,1.0,0.0,0.75
5080,71ad6b3fd5d476975,True,,,,,,,,,,1.0,1.0,1.0,1.0,0.7916491341318406,1.0,1.0,0.0,0.0,0.6848903544162002
5081,eb251433c13f5a4f2,True,,,,,,,,,,1.0,0.0,1.0,1.0,1.0,1.0,0.0,1.0,0.0,0.0
5082,c0ae3c7041a387641,True,,,,,,,,,,1.0,1.0,1.0,1.0,1.0,1.0,1.0,1.0,0.0,0.875
5083,155b9d04c8ecbdf6e,True,,,,,,,,,,1.0,1.0,1.0,1.0,1.0,1.0,1.0,1.0,1.0,1.0
5084,1fe4ed0aea2c3ed33,True,,,,,,,,,,1.0,0.0,1.0,1.0,1.0,1.0,0.0,1.0,0.0,0.0
5085,d64a870652e64162c,True,,,,,,,,,,1.0,1.0,1.0,1.0,0.5918899209416719,1.0,0.0,1.0,1.0,0.7474656002942724
5086,18f8bfb875dae178e,True,,,,,,,,,,1.0,1.0,1.0,1.0,1.0,1.0,1.0,1.0,1.0,1.0
5087,ea2b7520e71b4c759,True,,,,,,,,,,1.0,1.0,1.0,1.0,0.8954324484226979,1.0,1.0,1.0,0.0,0.8423226401320931
5088,1f61d345cacd5e1d1,True,,,,,,,,,,1.0,0.0,1.0,1.0,0.9575046775605064,1.0,1.0,1.0,1.0,0.0
5089,d394c98f566e20aab,True,,,,,,,,,,1.0,1.0,1.0,1.0,0.7157088277994094,1.0,0.0,1.0,1.0,0.7861590086873154
5090,37630795fa7fa1e51,True,,,,,,,,,,1.0,1.0,1.0,1.0,0.5959710948129563,1.0,1.0,1.0,0.0,0.7487409671290488
5091,f6f0c7a27b1c90f37,True,,,,,,,,,,1.0,1.0,1.0,1.0,0.7822730199797272,1.0,1.0,1.0,1.0,0.9319603187436648
5092,c548f7528dc6ad5c8,True,,,,,,,,,,1.0,1.0,1.0,1.0,0.8327449753869302,1.0,0.0,1.0,0.0,0.6977328048084157
5093,88fd88a24f2995978,True,,,,,,,,,,1.0,1.0,1.0,1.0,0.9922913531370132,1.0,1.0,0.0,0.0,0.7475910478553167
5094,891736e00076f8901,True,,,,,,,,,,1.0,1.0,1.0,1.0,0.2672944056575729,1.0,1.0,1.0,0.0,0.6460295017679916
5095,fcfbdd618540644fa,True,,,,,,,,,,1.0,1.0,1.0,1.0,1.0,1.0,1.0,0.0,0.0,0.75
5096,961c057965f6951d8,True,,,,,,,,,,1.0,1.0,1.0,1.0,0.8044479292346406,1.0,0.0,1.0,0.0,0.6888899778858252
5097,ee826c29f16b824e8,True,,,,,,,,,,1.0,1.0,1.0,1.0,0.4336201914932222,1.0,1.0,1.0,1.0,0.8230063098416319
5098,8b8b4f2749140ac7a,True,,,,,,,,,,1.0,1.0,1.0,1.0,0.7691565631675623,1.0,1.0,1.0,0.0,0.8028614259898632
5099,ceabdb590d507edf3,True,,,,,,,,,,1.0,1.0,1.0,1.0,0.708602435131004,1.0,0.0,1.0,1.0,0.7839382609784388
5100,53932082fb71ad6d8,True,,,,,,,,,,1.0,1.0,1.0,1.0,0.5313059026245399,1.0,1.0,1.0,1.0,0.8535330945701687
5101,ed038c1798a7006eb,True,,,,,,,,,,0.0,1.0,1.0,0.0,1.0,0.0,0.0,1.0,1.0,0.0
5102,b71a18c869cb8bd24,True,,,,,,,,,,1.0,0.0,1.0,1.0,1.0,1.0,0.0,1.0,1.0,0.0
5103,fc2f7b0ec25d44aea,True,,,,,,,,,,1.0,1.0,1.0,1.0,0.4965710298752739,1.0,0.0,0.0,0.0,0.4676784468360231
5104,7259df2fbd4ef7047,True,,,,,,,,,,1.0,1.0,1.0,1.0,0.3718990603423797,1.0,0.0,1.0,1.0,0.6787184563569937
5105,f2b84517dc455c03f,True,,,,,,,,,,1.0,1.0,1.0,1.0,0.683519505651382,1.0,1.0,1.0,1.0,0.9010998455160568
5106,32e86d0bba3339136,True,,,,,,,,,,1.0,1.0,1.0,1.0,0.1759285663902276,1.0,0.0,1.0,0.0,0.4924776769969461
5107,dd51833cafb701a23,True,,,,,,,,,,1.0,1.0,1.0,1.0,0.7758895241783522,1.0,1.0,0.0,0.0,0.679965476305735
5108,44276d9ca75d0250b,True,,,,,,,,,,1.0,1.0,1.0,1.0,1.0,1.0,1.0,1.0,0.0,0.875
5109,17f3ba89b58f991f4,True,,,,,,,,,,1.0,1.0,1.0,1.0,0.6963082197251378,1.0,0.0,1.0,0.0,0.6550963186641056
5110,62660d36960de718f,True,,,,,,,,,,1.0,1.0,1.0,1.0,0.4507240586226974,1.0,1.0,1.0,0.0,0.7033512683195929
5111,ad104e5c73f603ad8,True,,,,,,,,,,1.0,1.0,1.0,1.0,0.3531945943617448,1.0,1.0,1.0,0.0,0.6728733107380452
5112,0acf0c1a301a7180c,True,,,,,,,,,,1.0,1.0,1.0,1.0,1.0,1.0,1.0,1.0,1.0,1.0
5113,d85f111a22572d5b1,True,,,,,,,,,,1.0,1.0,1.0,1.0,1.0,1.0,1.0,0.0,0.0,0.75
5114,b692dc44c9a90c1e2,True,,,,,,,,,,1.0,0.0,1.0,1.0,0.280079109874836,1.0,0.0,1.0,0.0,0.0
5115,24e6339c5f9336f36,True,,,,,,,,,,1.0,1.0,1.0,1.0,0.5824713086032077,1.0,1.0,1.0,1.0,0.8695222839385024
5116,4619287f3174b7b19,True,,,,,,,,,,0.0,1.0,1.0,1.0,1.0,0.0,1.0,1.0,0.0,0.0
5117,c19a21525d410c990,True,,,,,,,,,,0.0,1.0,1.0,1.0,1.0,0.0,1.0,1.0,1.0,0.0
5118,1f060c16840f9229e,True,,,,,,,,,,1.0,1.0,1.0,1.0,0.410463521567401,1.0,1.0,1.0,0.0,0.6907698504898128
5119,3e8522a5f8d7b3783,True,,,,,,,,,,1.0,1.0,1.0,1.0,1.0,1.0,0.0,1.0,0.0,0.75
5120,dd0ed1239e6562358,True,,,,,,,,,,1.0,1.0,0.0,1.0,1.0,1.0,0.0,1.0,1.0,0.0
5121,08b3cebccffcada58,True,,,,,,,,,,1.0,1.0,1.0,1.0,1.0,1.0,1.0,1.0,1.0,1.0
5122,fc4d5a62c921f8392,True,,,,,,,,,,1.0,1.0,1.0,1.0,0.5420989969142838,1.0,1.0,1.0,0.0,0.7319059365357137
5123,cca4e701be243a275,True,,,,,,,,,,1.0,0.0,1.0,1.0,1.0,1.0,1.0,0.0,0.0,0.0
5124,80b2e317f6ca277c9,True,,,,,,,,,,1.0,1.0,1.0,1.0,0.4625962854131414,1.0,0.0,1.0,0.0,0.5820613391916067
5125,47349a858e8660e9e,True,,,,,,,,,,1.0,1.0,1.0,1.0,1.0,1.0,1.0,1.0,0.0,0.875
5126,b757155200a7aea72,True,,,,,,,,,,1.0,1.0,1.0,1.0,1.0,1.0,0.0,0.0,0.0,0.625
5127,e6ece8d2d8cf12a8c,True,,,,,,,,,,1.0,1.0,1.0,1.0,0.5813622940823672,1.0,1.0,1.0,1.0,0.8691757169007397
5128,43510bb262d6965b6,True,,,,,,,,,,1.0,1.0,1.0,1.0,0.5045250413004225,1.0,1.0,1.0,0.0,0.720164075406382
5129,1559b4629f70930e4,True,,,,,,,,,,1.0,1.0,1.0,1.0,0.4437957870526739,1.0,1.0,1.0,0.0,0.7011861834539606
5130,c9e15316a3a9036a8,True,,,,,,,,,,1.0,0.0,1.0,1.0,0.6548426220976915,1.0,1.0,1.0,0.0,0.0
5131,644712e1f5b51074a,True,,,,,,,,,,1.0,1.0,1.0,1.0,0.610791032858726,1.0,0.0,1.0,1.0,0.7533721977683518
5132,2c1063aa4f44cf5f4,True,,,,,,,,,,1.0,1.0,0.5,1.0,1.0,1.0,0.0,1.0,1.0,0.4375
5133,99fefc4b387e5553a,True,,,,,,,,,,1.0,1.0,1.0,1.0,1.0,1.0,1.0,1.0,0.0,0.875
5134,0ab5cb8557d3b269d,True,,,,,,,,,,1.0,1.0,0.5,1.0,1.0,1.0,1.0,1.0,0.0,0.4375
5135,cc84a91b9d7b3a3d5,True,,,,,,,,,,1.0,1.0,1.0,1.0,0.8377757609658673,1.0,0.0,1.0,0.0,0.6993049253018335
5136,9a1b34a6539726796,True,,,,,,,,,,1.0,1.0,1.0,1.0,0.2551388119279131,1.0,1.0,1.0,0.0,0.6422308787274729
5137,3dd919c5a93fd6754,True,,,,,,,,,,1.0,1.0,1.0,1.0,0.6564685705208848,1.0,1.0,1.0,0.0,0.7676464282877765
5138,e8b0f787378ffb08f,True,,,,,,,,,,1.0,1.0,1.0,1.0,1.0,1.0,1.0,1.0,1.0,1.0
5139,bd52a44e8dce6c6d8,True,,,,,,,,,,1.0,1.0,1.0,1.0,1.0,1.0,0.0,1.0,1.0,0.875
5140,2137517554a7f8e3b,True,,,,,,,,,,1.0,1.0,1.0,1.0,0.4725679973484602,1.0,1.0,0.0,0.0,0.5851774991713938
5141,55617753513055d9b,True,,,,,,,,,,0.0,1.0,1.0,1.0,1.0,0.0,1.0,0.0,0.0,0.0
5142,596506940b29ec5c0,True,,,,,,,,,,1.0,1.0,1.0,1.0,0.7822211978820552,1.0,1.0,1.0,1.0,0.9319441243381424
5143,19590a52744c02e94,True,,,,,,,,,,1.0,1.0,1.0,1.0,0.7712267885014265,1.0,1.0,1.0,0.0,0.8035083714066957
5144,45480978b802eb7d4,True,,,,,,,,,,1.0,0.0,1.0,1.0,1.0,1.0,0.0,1.0,1.0,0.0
5145,77dea5b8b12d56203,True,,,,,,,,,,1.0,1.0,1.0,1.0,0.7209073508460245,1.0,1.0,0.0,0.0,0.6627835471393827
5146,1dc0015e76a4342d9,True,,,,,,,,,,1.0,0.0,1.0,1.0,1.0,1.0,0.0,1.0,0.0,0.0
5147,c28452cccc45f49a1,True,,,,,,,,,,1.0,1.0,1.0,1.0,0.9622349585214008,1.0,1.0,1.0,1.0,0.9881984245379378
5148,1f8006333fa33abf2,True,,,,,,,,,,0.0,0.0,1.0,1.0,1.0,0.0,0.0,1.0,0.0,0.0
5149,5f9c9346ee3131354,True,,,,,,,,,,0.0,1.0,1.0,1.0,1.0,0.0,0.0,1.0,1.0,0.0
5150,def4466c6854eed10,True,,,,,,,,,,0.0,1.0,1.0,1.0,1.0,0.0,0.0,1.0,0.0,0.0
5151,4a6cfd874f908500b,True,,,,,,,,,,1.0,1.0,1.0,1.0,0.589274939859459,1.0,0.0,1.0,1.0,0.7466484187060809
5152,6f30da8067d92b503,True,,,,,,,,,,0.0,1.0,1.0,1.0,1.0,0.0,0.0,1.0,0.0,0.0
5153,98d803d8ab5715cf8,True,,,,,,,,,,1.0,1.0,1.0,1.0,0.7584729847476445,1.0,1.0,0.0,0.0,0.6745228077336389
5154,8586a8b63a4fed64c,True,,,,,,,,,,1.0,1.0,0.0,1.0,1.0,1.0,0.0,1.0,0.0,0.0
5155,4f4036e82ca553ab5,True,,,,,,,,,,1.0,1.0,1.0,1.0,0.3560443830170392,1.0,1.0,1.0,1.0,0.7987638696928248
5156,4db96dc771995ab32,True,,,,,,,,,,1.0,1.0,1.0,1.0,1.0,1.0,0.0,1.0,1.0,0.875
5157,9142b4f8d76f38072,True,,,,,,,,,,1.0,1.0,1.0,1.0,0.4483931689426868,1.0,0.0,1.0,0.0,0.5776228652945896
5158,fd3bc1efc24f56212,True,,,,,,,,,,1.0,1.0,1.0,1.0,0.5338971590654382,1.0,1.0,1.0,1.0,0.8543428622079494
5159,a5929390d283fddb9,True,,,,,,,,,,1.0,1.0,1.0,1.0,0.9061908170298348,1.0,0.0,1.0,0.0,0.7206846303218233
5160,b1eef6642f7b29370,True,,,,,,,,,,1.0,1.0,1.0,1.0,0.4979365726134329,1.0,1.0,1.0,1.0,0.8431051789416978
5161,461b3554166aa0d6f,True,,,,,,,,,,1.0,0.0,1.0,1.0,1.0,1.0,0.0,0.0,0.0,0.0
5162,4e5f4494c8076cc5b,True,,,,,,,,,,1.0,1.0,1.0,1.0,0.771970209708034,1.0,0.0,1.0,0.0,0.6787406905337606
5163,038ec02db8bacb10c,True,,,,,,,,,,1.0,1.0,1.0,1.0,0.0832325857934152,1.0,1.0,1.0,1.0,0.7135101830604422
5164,241e6bedc6fcf2de4,True,,,,,,,,,,0.0,0.0,1.0,1.0,1.0,0.0,0.0,1.0,1.0,0.0
5165,6adadb0caf086d050,True,,,,,,,,,,1.0,1.0,1.0,1.0,0.3381553602922832,1.0,1.0,1.0,1.0,0.7931735500913385
5166,6c19dab64235f6915,True,,,,,,,,,,1.0,1.0,1.0,1.0,0.5600364539414655,1.0,1.0,1.0,0.0,0.737511391856708
5167,a8b0718f4ba8367ac,True,,,,,,,,,,1.0,1.0,1.0,1.0,0.3435338430419716,1.0,1.0,1.0,0.0,0.6698543259506161
5168,28ee06f98b43e0a85,True,,,,,,,,,,1.0,1.0,1.0,1.0,0.5720131131192008,1.0,1.0,1.0,1.0,0.8662540978497503
5169,b853d466840f4db1b,True,,,,,,,,,,1.0,0.0,0.5,1.0,1.0,1.0,0.0,1.0,1.0,0.0
5170,f476792b1bd197fca,True,,,,,,,,,,1.0,1.0,0.5,1.0,0.514936085000641,1.0,0.0,1.0,1.0,0.3617087632813501
5171,966546464755fdfad,True,,,,,,,,,,1.0,0.0,1.0,1.0,0.6616809393025314,1.0,1.0,1.0,1.0,0.0
5172,52c153c82d99556d6,True,,,,,,,,,,1.0,0.0,1.0,1.0,1.0,1.0,0.0,0.0,0.0,0.0
5173,81523e3e502f7fd7f,True,,,,,,,,,,1.0,1.0,1.0,1.0,0.946506204384427,1.0,1.0,1.0,0.0,0.8582831888701334
5174,5e5905ae1266bc1cb,True,,,,,,,,,,1.0,1.0,1.0,1.0,0.723561263496776,1.0,1.0,1.0,1.0,0.9136128948427424
5175,b7e52abb299941045,True,,,,,,,,,,0.0,1.0,1.0,1.0,1.0,0.0,0.0,1.0,0.0,0.0
5176,aacc85e9299b2ee56,True,,,,,,,,,,1.0,0.0,1.0,1.0,0.5079445154998092,1.0,1.0,1.0,0.0,0.0
5177,b51661ff3ed628c29,True,,,,,,,,,,1.0,1.0,1.0,1.0,1.0,1.0,1.0,1.0,1.0,1.0
5178,f15e1bae8a03b12b1,True,,,,,,,,,,1.0,1.0,0.5,1.0,0.9779864494404196,1.0,0.0,1.0,1.0,0.4340603827250655
5179,d6427f6451b02059f,True,,,,,,,,,,1.0,1.0,1.0,1.0,0.7673329722921258,1.0,0.0,1.0,0.0,0.6772915538412894
5180,1fb46d16a4f179ce1,True,,,,,,,,,,1.0,1.0,0.0,1.0,1.0,1.0,0.0,1.0,0.0,0.0
5181,e6338db1d83f3ba4e,True,,,,,,,,,,1.0,1.0,1.0,1.0,0.4717387645706794,1.0,1.0,1.0,0.0,0.7099183639283373
5182,947c5404a2702b039,True,,,,,,,,,,1.0,1.0,0.5,1.0,1.0,1.0,0.0,1.0,0.0,0.375
5183,3dd2a8f5a8701cb47,True,,,,,,,,,,1.0,1.0,1.0,1.0,0.8268074946638617,1.0,0.0,1.0,0.0,0.6958773420824568
5184,41c255d09766b4099,True,,,,,,,,,,1.0,1.0,1.0,1.0,1.0,0.0,0.0,0.0,0.0,0.3125
5185,986788851f212ec8c,True,,,,,,,,,,1.0,1.0,1.0,1.0,0.3110195018229688,1.0,1.0,1.0,0.0,0.6596935943196778
5186,4d115c250e5dc02b1,True,,,,,,,,,,1.0,1.0,1.0,1.0,0.4796812202073447,1.0,1.0,1.0,0.0,0.7124003813147952
5187,18d79c8cb12df7f0e,True,,,,,,,,,,1.0,1.0,1.0,1.0,0.7755623744474438,1.0,0.0,0.0,0.0,0.5548632420148262
5188,4733330ccf4a023b5,True,,,,,,,,,,1.0,0.0,1.0,1.0,0.6615628358703424,1.0,0.0,1.0,1.0,0.0
5189,a5bcd5a0e9f79cee3,True,,,,,,,,,,1.0,1.0,1.0,1.0,1.0,1.0,1.0,1.0,1.0,1.0
5190,8eb4319f6f1477277,True,,,,,,,,,,1.0,1.0,1.0,1.0,1.0,1.0,1.0,1.0,0.0,0.875
5191,eee0015497fc5fbb3,True,,,,,,,,,,1.0,1.0,1.0,1.0,0.7211842676067299,1.0,0.0,1.0,1.0,0.7878700836271031
5192,ae2bc6336b41077f4,True,,,,,,,,,,1.0,1.0,1.0,1.0,0.4688667533375157,1.0,0.0,1.0,1.0,0.7090208604179737
5193,4ccd60de6eb6c50c6,True,,,,,,,,,,1.0,1.0,0.0,1.0,1.0,1.0,0.0,1.0,0.0,0.0
5194,8dd36b48e9549dfbb,True,,,,,,,,,,1.0,1.0,1.0,1.0,0.7816820604341117,1.0,1.0,1.0,0.0,0.8067756438856599
5195,8783df49ca89f8dd7,True,,,,,,,,,,1.0,0.0,0.5,1.0,1.0,1.0,0.0,1.0,0.0,0.0
5196,2d56e1301f6cafa55,True,,,,,,,,,,0.0,1.0,1.0,1.0,1.0,0.0,1.0,1.0,0.0,0.0
5197,628be721855b43213,True,,,,,,,,,,1.0,1.0,1.0,1.0,0.8084715731637034,1.0,1.0,1.0,0.0,0.8151473666136573
5198,b32be2ef15c6d9947,True,,,,,,,,,,1.0,1.0,1.0,1.0,0.8098253110193641,1.0,1.0,1.0,1.0,0.9405704096935512
5199,3501e37f323516fb9,True,,,,,,,,,,1.0,1.0,1.0,1.0,1.0,1.0,1.0,1.0,1.0,1.0
5200,b7f6a370ec46c9fef,True,,,,,,,,,,1.0,1.0,1.0,1.0,0.6484418104990404,1.0,1.0,1.0,1.0,0.8901380657809501
5201,339ecba374c29a3ea,True,,,,,,,,,,1.0,1.0,1.0,1.0,0.7073033984293572,1.0,1.0,1.0,0.0,0.7835323120091742
5202,6eed9aba87a865c93,True,,,,,,,,,,1.0,1.0,1.0,1.0,1.0,1.0,0.0,1.0,1.0,0.875
5203,9f1e97dfb6a8d6a6e,True,,,,,,,,,,1.0,1.0,1.0,1.0,0.9610130196016744,1.0,1.0,1.0,1.0,0.9878165686255234
5204,594bcaa89ef7fc267,True,,,,,,,,,,1.0,1.0,1.0,1.0,1.0,1.0,1.0,1.0,0.0,0.875
5205,d43228a4743b49a37,True,,,,,,,,,,1.0,1.0,1.0,1.0,0.3620048854891209,1.0,1.0,1.0,0.0,0.6756265267153503
5206,09fa657ef5c07d73d,True,,,,,,,,,,1.0,0.0,1.0,1.0,1.0,1.0,0.0,1.0,1.0,0.0
5207,de1d1d3fbf4860a8c,True,,,,,,,,,,0.0,1.0,0.0,1.0,1.0,0.0,0.0,1.0,0.0,0.0
5208,e8b8ef9bb7f4bdccb,True,,,,,,,,,,1.0,1.0,1.0,1.0,0.532385184742153,1.0,0.0,1.0,1.0,0.7288703702319228
5209,ca0adf718f5972567,True,,,,,,,,,,1.0,1.0,1.0,1.0,0.7199721218728835,1.0,1.0,1.0,0.0,0.7874912880852761
5210,c43ce94d4cb321477,True,,,,,,,,,,1.0,1.0,1.0,1.0,0.7335801596544198,1.0,0.0,1.0,0.0,0.6667437998920062
5211,217065a6aefbd8186,True,,,,,,,,,,1.0,1.0,1.0,1.0,0.7778754077154889,1.0,0.0,1.0,0.0,0.6805860649110903
5212,d409509cfbf993fc3,True,,,,,,,,,,1.0,1.0,1.0,1.0,1.0,1.0,0.0,1.0,1.0,0.875
5213,8c918377b8ed3a5b1,True,,,,,,,,,,1.0,1.0,1.0,1.0,0.7179509553738881,1.0,0.0,1.0,0.0,0.6618596735543401
5214,fedfbdfcf20092620,True,,,,,,,,,,1.0,1.0,1.0,1.0,0.2532880042023886,1.0,0.0,1.0,1.0,0.6416525013132465
5215,ef01e0a3e1ff9b43f,True,,,,,,,,,,1.0,1.0,1.0,1.0,0.5301937682034017,1.0,1.0,1.0,0.0,0.728185552563563
5216,5688641dd10efb02d,True,,,,,,,,,,1.0,1.0,1.0,1.0,0.407678712704543,1.0,1.0,1.0,1.0,0.8148995977201696
5217,d853fa4b72196af01,True,,,,,,,,,,0.0,1.0,1.0,1.0,1.0,0.0,1.0,1.0,1.0,0.0
5218,5567f0e0a3373dbcb,True,,,,,,,,,,1.0,1.0,1.0,1.0,0.906592795174633,1.0,0.0,1.0,0.0,0.7208102484920729
5219,336a85438db14731e,True,,,,,,,,,,0.0,1.0,1.0,1.0,1.0,0.0,0.0,1.0,0.0,0.0
5220,63a044757376360cc,True,,,,,,,,,,1.0,1.0,1.0,1.0,0.7701131282207292,1.0,1.0,0.0,0.0,0.6781603525689779
5221,a810d97362a0219ed,True,,,,,,,,,,1.0,1.0,1.0,1.0,0.4813706810168353,1.0,1.0,1.0,0.0,0.7129283378177611
5222,2fb3e2d50e23c577b,True,,,,,,,,,,1.0,1.0,1.0,1.0,0.6049562078721551,1.0,0.0,1.0,0.0,0.6265488149600484
5223,522ec458b8ed55662,True,,,,,,,,,,1.0,1.0,1.0,1.0,0.5740243973599931,1.0,0.0,1.0,1.0,0.7418826241749978
5224,e1ef0211a91fc5373,True,,,,,,,,,,1.0,0.0,1.0,1.0,1.0,1.0,1.0,1.0,1.0,0.0
5225,e33aa6b2d5b26910b,True,,,,,,,,,,1.0,1.0,0.0,1.0,0.9688410426792688,1.0,0.0,1.0,1.0,0.0
5226,e84670bb458b61a5c,True,,,,,,,,,,1.0,1.0,1.0,1.0,0.9125850294480532,1.0,1.0,1.0,0.0,0.8476828217025166
5227,f9a60116425308d57,True,,,,,,,,,,1.0,1.0,0.0,1.0,1.0,1.0,0.0,1.0,0.0,0.0
5228,01d8a706eb3443501,True,,,,,,,,,,1.0,1.0,1.0,1.0,1.0,1.0,1.0,1.0,0.0,0.875
5229,bfba18000f192b90d,True,,,,,,,,,,1.0,1.0,1.0,1.0,0.6211800825985578,1.0,0.0,1.0,0.0,0.6316187758120493
5230,29cd08f6390e4f790,True,,,,,,,,,,1.0,1.0,1.0,1.0,0.1824715520938704,1.0,1.0,1.0,0.0,0.6195223600293345
5231,f36b1891f8fcc499d,True,,,,,,,,,,1.0,1.0,1.0,1.0,1.0,1.0,1.0,1.0,1.0,1.0
5232,7ac64209033f8834f,True,,,,,,,,,,1.0,1.0,1.0,1.0,0.5769982239558276,1.0,0.0,1.0,1.0,0.7428119449861961
5233,25c21cb66208cb6c6,True,,,,,,,,,,1.0,0.0,1.0,1.0,1.0,1.0,0.0,1.0,0.0,0.0
5234,f6817999b4946e35c,True,,,,,,,,,,1.0,1.0,1.0,1.0,1.0,1.0,1.0,1.0,1.0,1.0
5235,853836094a41151fa,True,,,,,,,,,,1.0,1.0,1.0,1.0,0.6383693503799618,1.0,1.0,1.0,1.0,0.8869904219937381
5236,96cc2557a7240b2e7,True,,,,,,,,,,1.0,1.0,1.0,1.0,0.8267752759141966,1.0,1.0,1.0,0.0,0.8208672737231865
5237,d3e9c090e809349ce,True,,,,,,,,,,1.0,1.0,1.0,1.0,0.6396941912562185,1.0,0.0,1.0,0.0,0.6374044347675683
5238,6a3bedd49247610ca,True,,,,,,,,,,1.0,1.0,0.0,1.0,1.0,1.0,0.0,1.0,0.0,0.0
5239,65dbb955b70b6a26d,True,,,,,,,,,,1.0,1.0,1.0,1.0,0.6888591982939476,1.0,0.0,1.0,0.0,0.6527684994668586
5240,5a562731374a3054b,True,,,,,,,,,,1.0,1.0,1.0,1.0,0.4639386659981229,1.0,1.0,1.0,1.0,0.8324808331244135
5241,fd516de1672fb997a,True,,,,,,,,,,1.0,0.0,1.0,1.0,1.0,1.0,1.0,1.0,0.0,0.0
5242,60f4ba34fce9a6a16,True,,,,,,,,,,1.0,1.0,1.0,1.0,0.9854493131169384,1.0,1.0,1.0,1.0,0.9954529103490432
5243,e85bd1aab37f82bde,True,,,,,,,,,,0.0,1.0,1.0,1.0,1.0,0.0,0.0,1.0,1.0,0.0
5244,8192ed9c4330db32d,True,,,,,,,,,,1.0,1.0,1.0,1.0,1.0,1.0,0.0,1.0,1.0,0.875
5245,ac3a27db9ffc981a6,True,,,,,,,,,,1.0,1.0,1.0,1.0,0.6933534285467597,1.0,1.0,1.0,0.0,0.7791729464208624
5246,b24449179efd06cad,True,,,,,,,,,,1.0,1.0,1.0,1.0,0.7227511453614592,1.0,1.0,1.0,0.0,0.788359732925456
5247,c98ccf44f3285fa8b,True,,,,,,,,,,1.0,1.0,1.0,1.0,0.7757066965491766,1.0,1.0,1.0,1.0,0.9299083426716176
5248,511d6caf7ec40eb09,True,,,,,,,,,,0.0,1.0,1.0,1.0,1.0,0.0,0.0,1.0,0.0,0.0
5249,e2a4ea3d760b37276,True,,,,,,,,,,1.0,1.0,1.0,1.0,0.5373511899981077,1.0,1.0,1.0,1.0,0.8554222468744086
5250,9f30b4f8547cd991f,True,,,,,,,,,,0.0,1.0,1.0,0.0,1.0,0.0,1.0,1.0,0.0,0.0
5251,2b19e158862e6b7cd,True,,,,,,,,,,1.0,1.0,1.0,1.0,0.7551633048408062,1.0,0.0,1.0,1.0,0.798488532762752
5252,a563e26d3cb76d239,True,,,,,,,,,,1.0,1.0,1.0,1.0,0.6000624844205896,1.0,1.0,1.0,1.0,0.8750195263814342
5253,3d7ddf7a34c6ba150,True,,,,,,,,,,1.0,1.0,0.5,1.0,1.0,1.0,1.0,1.0,0.0,0.4375
5254,c4c4fa45496336f70,True,,,,,,,,,,1.0,1.0,0.5,1.0,1.0,1.0,0.0,1.0,0.0,0.375
5255,9583f6043942f7590,True,,,,,,,,,,1.0,0.0,1.0,1.0,1.0,1.0,0.0,1.0,1.0,0.0
5256,749fa88824e849ee8,True,,,,,,,,,,1.0,1.0,1.0,1.0,0.7302532260777849,0.0,1.0,1.0,0.0,0.4782041331493077
5257,ab136507f882d8c94,True,,,,,,,,,,1.0,0.0,1.0,1.0,1.0,1.0,1.0,1.0,0.0,0.0
5258,93bb489a18cbb6868,True,,,,,,,,,,1.0,1.0,1.0,1.0,1.0,1.0,1.0,1.0,0.0,0.875
5259,1aee3d353bc51c730,True,,,,,,,,,,0.0,1.0,1.0,1.0,0.7419765925976348,0.0,0.0,1.0,0.0,0.0
5260,6a555d92cb8bdeee6,True,,,,,,,,,,1.0,1.0,1.0,1.0,0.825126260544971,1.0,1.0,1.0,1.0,0.9453519564203036
5261,1056c520c5f8da5e9,True,,,,,,,,,,1.0,1.0,1.0,1.0,1.0,1.0,1.0,1.0,1.0,1.0
5262,d04ff28ed5ef1d0d5,True,,,,,,,,,,1.0,1.0,1.0,1.0,0.6892131472922624,1.0,1.0,1.0,1.0,0.902879108528832
5263,0105e5486cfb69483,True,,,,,,,,,,1.0,1.0,1.0,1.0,0.4654173094718236,1.0,1.0,1.0,0.0,0.7079429092099448
5264,f3c4213c78f53fa5d,True,,,,,,,,,,1.0,1.0,1.0,1.0,0.899292231698794,1.0,1.0,1.0,0.0,0.8435288224058731
5265,085b24e5cde180825,True,,,,,,,,,,0.0,1.0,1.0,1.0,1.0,0.0,0.0,1.0,0.0,0.0
5266,4413f87001fcbb7eb,True,,,,,,,,,,1.0,1.0,1.0,1.0,1.0,0.0,1.0,1.0,1.0,0.6875
5267,1300580f22bac5f4c,True,,,,,,,,,,1.0,1.0,0.5,1.0,0.7076960504200408,1.0,0.0,1.0,0.0,0.3293275078781313
5268,e0865c65b75b4c171,True,,,,,,,,,,1.0,1.0,1.0,1.0,0.7409653118070302,1.0,1.0,1.0,1.0,0.919051659939697
5269,81745b0b8691480d6,True,,,,,,,,,,1.0,1.0,1.0,1.0,0.5371655086980707,1.0,1.0,1.0,0.0,0.7303642214681471
5270,d0aa7f48f651d0e51,True,,,,,,,,,,1.0,1.0,1.0,1.0,1.0,1.0,1.0,1.0,0.0,0.875
5271,298d397ff94dd0eb4,True,,,,,,,,,,1.0,1.0,1.0,1.0,0.6373920306194831,1.0,1.0,1.0,1.0,0.8866850095685885
5272,2e5b938cd95f7cf83,True,,,,,,,,,,1.0,0.0,1.0,1.0,1.0,1.0,0.0,1.0,1.0,0.0
5273,404bfe24cd4dfebb4,True,,,,,,,,,,1.0,1.0,1.0,1.0,1.0,0.0,1.0,1.0,0.0,0.5625
5274,20f4af07bc30fb4fd,True,,,,,,,,,,1.0,1.0,1.0,1.0,0.6362896124086037,1.0,1.0,1.0,0.0,0.7613405038776886
5275,c3ded6e25641b2068,True,,,,,,,,,,1.0,1.0,0.5,1.0,1.0,1.0,1.0,1.0,1.0,0.5
5276,09bcac39474bd36a4,True,,,,,,,,,,1.0,1.0,1.0,1.0,0.4517802986231304,1.0,1.0,1.0,1.0,0.8286813433197282
5277,523e6115068b06a33,True,,,,,,,,,,1.0,1.0,1.0,1.0,1.0,1.0,1.0,0.0,0.0,0.75
5278,9feb421ac284e987e,True,,,,,,,,,,1.0,1.0,1.0,1.0,0.5594607886746902,1.0,1.0,1.0,0.0,0.7373314964608406
5279,4e24a469af52b2b29,True,,,,,,,,,,1.0,0.0,1.0,1.0,0.2301328084380743,1.0,0.0,1.0,1.0,0.0
5280,d0bc7d7a692a6b0e9,True,,,,,,,,,,0.0,1.0,1.0,1.0,1.0,0.0,1.0,1.0,0.0,0.0
5281,0ab9b133a9d7aad86,True,,,,,,,,,,1.0,1.0,1.0,1.0,1.0,1.0,0.0,1.0,0.0,0.75
5282,43759bd8769ab0e07,True,,,,,,,,,,1.0,1.0,1.0,1.0,1.0,1.0,1.0,1.0,1.0,1.0
5283,b2b89aaeeff8dd8dd,True,,,,,,,,,,1.0,0.0,0.0,1.0,1.0,1.0,0.0,1.0,0.0,0.0
5284,905ea255ddc3a837c,True,,,,,,,,,,1.0,1.0,1.0,1.0,0.6445769891270461,1.0,1.0,1.0,1.0,0.8889303091022018
5285,f229cb59e31bbd82f,True,,,,,,,,,,1.0,1.0,1.0,1.0,1.0,0.0,0.0,1.0,1.0,0.5625
5286,9330871bc582e7f96,True,,,,,,,,,,1.0,1.0,1.0,1.0,0.7468420026230528,1.0,0.0,1.0,1.0,0.795888125819704
5287,b5e97b7e8ca0f8b19,True,,,,,,,,,,1.0,1.0,1.0,1.0,0.3621666206283448,1.0,0.0,1.0,0.0,0.5506770689463578
5288,ef66f2c0cf4893824,True,,,,,,,,,,1.0,1.0,0.5,1.0,0.7866692792306139,1.0,0.0,1.0,0.0,0.3416670748797834
5289,9e4e2947f7b3098a7,True,,,,,,,,,,1.0,1.0,1.0,1.0,1.0,0.0,0.0,1.0,0.0,0.4375
5290,fe3306915ae1e2328,True,,,,,,,,,,1.0,1.0,1.0,1.0,0.2351274766583402,1.0,0.0,1.0,0.0,0.5109773364557313
5291,7f866f8c8d00bd3d1,True,,,,,,,,,,1.0,1.0,1.0,1.0,0.7646497930689248,1.0,0.0,1.0,0.0,0.676453060334039
5292,2d176dbb12e40c2aa,True,,,,,,,,,,0.0,1.0,0.0,1.0,1.0,0.0,0.0,1.0,0.0,0.0
5293,cb15174665de85fb2,True,,,,,,,,,,1.0,1.0,1.0,1.0,0.6620915605849019,1.0,1.0,1.0,0.0,0.7694036126827819
5294,a34d3365f758f1c85,True,,,,,,,,,,1.0,1.0,1.0,1.0,0.7073228382281574,1.0,0.0,1.0,0.0,0.6585383869462992
5295,a5797a61db84af354,True,,,,,,,,,,1.0,1.0,1.0,1.0,0.3711162696751644,1.0,1.0,1.0,1.0,0.8034738342734888
5296,c1971860f95cbc9ac,True,,,,,,,,,,1.0,1.0,1.0,1.0,0.3139426875005957,1.0,0.0,1.0,1.0,0.6606070898439361
5297,1fa4a4d07117f21ba,True,,,,,,,,,,1.0,1.0,1.0,1.0,0.9315115582772552,1.0,1.0,1.0,0.0,0.8535973619616422
5298,61c5dadb5c926478c,True,,,,,,,,,,0.0,1.0,1.0,1.0,1.0,0.0,0.0,1.0,0.0,0.0
5299,1f200aef5aa80a98d,True,,,,,,,,,,1.0,1.0,1.0,1.0,0.7220501930447687,1.0,1.0,1.0,0.0,0.7881406853264903
5300,903801b8d2a6d7f58,True,,,,,,,,,,1.0,1.0,1.0,1.0,0.94279747477297,1.0,0.0,1.0,1.0,0.8571242108665531
5301,7e909c56c1daea780,True,,,,,,,,,,1.0,1.0,1.0,1.0,0.448984641842196,1.0,1.0,1.0,0.0,0.7028077005756863
5302,fb487048e0748febd,True,,,,,,,,,,1.0,1.0,1.0,1.0,0.6115409163818241,1.0,0.0,1.0,0.0,0.6286065363693201
5303,486ba1da3162e9265,True,,,,,,,,,,1.0,1.0,0.5,1.0,1.0,1.0,0.0,0.0,0.0,0.3125
5304,d913eb830099d4dfe,True,,,,,,,,,,1.0,0.0,1.0,1.0,1.0,1.0,0.0,1.0,1.0,0.0
5305,c4e1ff9b786c70034,True,,,,,,,,,,1.0,1.0,1.0,1.0,1.0,1.0,1.0,1.0,0.0,0.875
5306,13c1bc44a34013f46,True,,,,,,,,,,1.0,1.0,0.5,1.0,0.3980837567108839,1.0,0.0,1.0,0.0,0.2809505869860756
5307,10b2a2e4969e65b18,True,,,,,,,,,,1.0,1.0,1.0,1.0,0.2148916022979414,1.0,1.0,1.0,0.0,0.6296536257181067
5308,29500c50afeb0e68a,True,,,,,,,,,,1.0,0.0,1.0,1.0,0.6464333625561477,1.0,1.0,1.0,0.0,0.0
5309,2ba1cba17d48212d7,True,,,,,,,,,,0.5,1.0,1.0,1.0,0.7342098714235072,0.0,1.0,1.0,0.0,0.239720292409923
5310,0589a66493d098e9d,True,,,,,,,,,,1.0,1.0,1.0,1.0,0.4640220017818261,1.0,1.0,1.0,1.0,0.8325068755568207
5311,9748e22b4bb8ade92,True,,,,,,,,,,1.0,1.0,1.0,1.0,0.5626286328898894,1.0,1.0,1.0,0.0,0.7383214477780904
5312,9ce594d7aea2ad542,True,,,,,,,,,,0.0,1.0,1.0,1.0,0.8976933805192798,0.0,1.0,1.0,0.0,0.0
5313,ddc382f4a2aa9f33e,True,,,,,,,,,,1.0,1.0,0.0,1.0,1.0,1.0,0.0,1.0,0.0,0.0
5314,2da7f9d5b6d7592f7,True,,,,,,,,,,1.0,1.0,1.0,1.0,1.0,1.0,1.0,1.0,1.0,1.0
5315,061d3699e77f9817a,True,,,,,,,,,,1.0,1.0,1.0,1.0,0.6431456309790438,1.0,1.0,1.0,0.0,0.7634830096809512
5316,868d49798379dc351,True,,,,,,,,,,1.0,1.0,1.0,1.0,1.0,1.0,1.0,1.0,0.0,0.875
5317,cbe5f4984cb4e3fe1,True,,,,,,,,,,1.0,1.0,1.0,1.0,0.604912483611257,1.0,1.0,1.0,1.0,0.8765351511285178
5318,b840603cdbc809965,True,,,,,,,,,,1.0,1.0,0.0,1.0,1.0,1.0,0.0,1.0,0.0,0.0
5319,7474911d349b5a097,True,,,,,,,,,,1.0,1.0,1.0,1.0,1.0,1.0,1.0,1.0,0.0,0.875
5320,ac59b5b148af8474e,True,,,,,,,,,,1.0,1.0,1.0,1.0,0.331270032897694,1.0,1.0,1.0,1.0,0.7910218852805294
5321,1dcbc0a4f06515ca6,True,,,,,,,,,,1.0,1.0,1.0,1.0,0.6962449427788192,1.0,0.0,1.0,0.0,0.655076544618381
5322,bf8b68552794d8026,True,,,,,,,,,,1.0,1.0,1.0,1.0,0.7253239834765534,1.0,0.0,1.0,0.0,0.6641637448364229
5323,4a16da9c6c03b5918,True,,,,,,,,,,1.0,1.0,1.0,1.0,0.6312413608638558,1.0,0.0,1.0,0.0,0.6347629252699549
5324,0e55c21e09e86d8ba,True,,,,,,,,,,1.0,1.0,1.0,1.0,0.4117807272384038,1.0,1.0,1.0,0.0,0.6911814772620012
5325,6561872854225db74,True,,,,,,,,,,1.0,1.0,1.0,1.0,0.9332872059806516,1.0,1.0,1.0,0.0,0.8541522518689537
5326,f9f0618a87c59174c,True,,,,,,,,,,1.0,1.0,1.0,1.0,0.5136665598758573,1.0,1.0,1.0,1.0,0.8480207999612054
5327,43f9b9de05ede6a4d,True,,,,,,,,,,1.0,1.0,1.0,1.0,0.6721013054531547,1.0,0.0,1.0,0.0,0.6475316579541108
5328,96e86e9c0ae1056bf,True,,,,,,,,,,0.0,1.0,1.0,1.0,1.0,0.0,1.0,1.0,1.0,0.0
5329,b1914ef64d65f8786,True,,,,,,,,,,1.0,1.0,1.0,1.0,0.6918359811620844,1.0,1.0,1.0,1.0,0.9036987441131514
5330,cd9f9355204a28a77,True,,,,,,,,,,1.0,1.0,1.0,1.0,1.0,1.0,1.0,1.0,1.0,1.0
5331,576158d07f0a09e6b,True,,,,,,,,,,1.0,1.0,1.0,1.0,0.7724115482961418,1.0,0.0,1.0,1.0,0.8038786088425443
5332,2beda3235f74c6edb,True,,,,,,,,,,1.0,1.0,1.0,1.0,0.4007407404683496,1.0,0.0,1.0,0.0,0.5627314813963593
5333,246a9b54a485510a5,True,,,,,,,,,,0.0,1.0,1.0,1.0,1.0,0.0,1.0,1.0,0.0,0.0
5334,51cb45da3827bd0fb,True,,,,,,,,,,1.0,1.0,1.0,1.0,0.2154655832489748,1.0,1.0,1.0,0.0,0.6298329947653046
5335,b0c4ee557f41b780c,True,,,,,,,,,,1.0,0.0,1.0,1.0,0.2386123909260641,1.0,1.0,1.0,1.0,0.0
5336,102f1115bc733e323,True,,,,,,,,,,1.0,1.0,1.0,1.0,0.1572174625043288,1.0,0.0,1.0,0.0,0.4866304570326027
5337,c89e54cc4c778e2c6,True,,,,,,,,,,1.0,1.0,1.0,1.0,1.0,1.0,1.0,1.0,0.0,0.875
5338,7b0ac799452a88ee3,True,,,,,,,,,,1.0,1.0,1.0,1.0,0.9481108736365822,1.0,1.0,1.0,0.0,0.858784648011432
5339,91974452b21450f60,True,,,,,,,,,,1.0,1.0,1.0,1.0,0.2889902040617034,1.0,1.0,1.0,1.0,0.7778094387692823
5340,1b09ba4c4fe0b53e9,True,,,,,,,,,,1.0,1.0,0.5,1.0,1.0,1.0,0.0,1.0,0.0,0.375
5341,aee14ef0a789e2911,True,,,,,,,,,,1.0,1.0,1.0,1.0,0.6233864420376217,1.0,1.0,1.0,0.0,0.7573082631367568
5342,2d48cd27787fdf6f7,True,,,,,,,,,,1.0,1.0,1.0,1.0,1.0,1.0,1.0,1.0,1.0,1.0
5343,bec0eb9fc0a02638a,True,,,,,,,,,,1.0,1.0,1.0,1.0,1.0,1.0,1.0,1.0,0.0,0.875
5344,4689ca7c12d8569bc,True,,,,,,,,,,1.0,1.0,1.0,1.0,0.6413045182275925,1.0,1.0,1.0,0.0,0.7629076619461226
5345,60d2e82730e16c5a0,True,,,,,,,,,,1.0,1.0,0.0,1.0,1.0,1.0,0.0,1.0,0.0,0.0
5346,c9b45ed2516cd216c,True,,,,,,,,,,1.0,1.0,1.0,1.0,0.3223097646172643,1.0,1.0,1.0,0.0,0.6632218014428951
5347,c85aa35e5a8c7e1cc,True,,,,,,,,,,1.0,1.0,1.0,1.0,0.8044675258474878,1.0,0.0,1.0,1.0,0.81389610182734
5348,f03413df184aedd86,True,,,,,,,,,,1.0,1.0,1.0,1.0,0.8164937232231576,1.0,1.0,1.0,1.0,0.9426542885072368
5349,4010ab91841da1843,True,,,,,,,,,,1.0,1.0,1.0,1.0,0.6068429323950971,1.0,0.0,1.0,1.0,0.7521384163734679
5350,742d03b2d943caa9e,True,,,,,,,,,,1.0,1.0,1.0,1.0,0.5875982478001467,1.0,1.0,1.0,1.0,0.8711244524375459
5351,5d16842470d67d7aa,True,,,,,,,,,,1.0,1.0,1.0,1.0,1.0,1.0,1.0,1.0,1.0,1.0
5352,e02ebb163a52bd53e,True,,,,,,,,,,1.0,1.0,1.0,1.0,0.5727425148896221,1.0,1.0,1.0,0.0,0.741482035903007
5353,e41845d0f5aba53e4,True,,,,,,,,,,0.0,1.0,1.0,1.0,1.0,0.0,0.0,1.0,0.0,0.0
5354,52825507b7931e0f3,True,,,,,,,,,,1.0,1.0,1.0,1.0,0.8970721370121851,1.0,1.0,1.0,1.0,0.9678350428163078
5355,25dc2853331e64985,True,,,,,,,,,,1.0,1.0,1.0,1.0,0.6598689553380755,1.0,1.0,1.0,1.0,0.8937090485431486
5356,8b829bb6658bc36c8,True,,,,,,,,,,0.0,1.0,1.0,1.0,0.7975329914354488,0.0,0.0,1.0,1.0,0.0
5357,a8a3d313576f30414,True,,,,,,,,,,1.0,1.0,1.0,1.0,0.6331032964935146,1.0,1.0,1.0,1.0,0.8853447801542234
5358,fcc569fe0c7aef6a1,True,,,,,,,,,,1.0,0.0,1.0,1.0,1.0,1.0,0.0,1.0,0.0,0.0
5359,8858ecf4e78fd953a,True,,,,,,,,,,1.0,1.0,1.0,1.0,0.558064411516908,1.0,0.0,1.0,0.0,0.6118951285990337
5360,afae980cb1f67291e,True,,,,,,,,,,1.0,1.0,1.0,1.0,0.2543889340601742,1.0,1.0,1.0,0.0,0.6419965418938045
5361,2efb596222f8cbb75,True,,,,,,,,,,1.0,1.0,0.5,1.0,1.0,1.0,0.0,1.0,0.0,0.375
5362,daf6f2775f3fee4c9,True,,,,,,,,,,1.0,1.0,1.0,1.0,0.8091279544164297,1.0,0.0,1.0,1.0,0.8153524857551343
5363,2cbe5fab2a0892e8d,True,,,,,,,,,,1.0,1.0,0.0,1.0,1.0,1.0,0.0,1.0,0.0,0.0
5364,ca8771e5e055dcfca,True,,,,,,,,,,1.0,0.0,0.5,1.0,1.0,1.0,0.0,1.0,1.0,0.0
5365,071605e0e3709e71e,True,,,,,,,,,,1.0,1.0,1.0,1.0,1.0,1.0,1.0,1.0,1.0,1.0
5366,3accc2d050327016d,True,,,,,,,,,,1.0,1.0,1.0,1.0,1.0,1.0,1.0,1.0,0.0,0.875
5367,deaaf2b39c8541966,True,,,,,,,,,,1.0,0.0,1.0,1.0,0.171859719821293,1.0,1.0,1.0,0.0,0.0
5368,c0e8d70495bec7921,True,,,,,,,,,,1.0,1.0,1.0,1.0,1.0,0.0,0.0,1.0,1.0,0.5625
5369,759a8a1916ceaf38d,True,,,,,,,,,,1.0,1.0,1.0,1.0,0.807742437654317,1.0,1.0,1.0,0.0,0.8149195117669741
5370,4a421aa61a3bbad1d,True,,,,,,,,,,1.0,1.0,1.0,1.0,0.9291764289772398,1.0,1.0,1.0,1.0,0.9778676340553876
5371,2f12a482af4499e20,True,,,,,,,,,,1.0,0.0,1.0,1.0,0.5991558686788071,1.0,1.0,1.0,0.0,0.0
5372,4784832b9639547d6,True,,,,,,,,,,1.0,1.0,1.0,1.0,0.8585754941332007,1.0,1.0,1.0,1.0,0.9558048419166252
5373,579b0b533f44a8dd1,True,,,,,,,,,,1.0,1.0,1.0,1.0,0.7762992147188664,1.0,0.0,1.0,0.0,0.6800935045996458
5374,e781cee1082355533,True,,,,,,,,,,1.0,1.0,1.0,1.0,0.2617244799361075,1.0,1.0,1.0,0.0,0.6442888999800336
5375,c07fcc57d1a2e1388,True,,,,,,,,,,1.0,1.0,1.0,1.0,0.188116375512126,1.0,1.0,1.0,1.0,0.7462863673475394
5376,fa7ca9fcddad7a40d,True,,,,,,,,,,1.0,1.0,1.0,1.0,0.5203446810734862,1.0,1.0,1.0,0.0,0.7251077128354644
5377,6993cc3dbf9cc86cf,True,,,,,,,,,,0.0,0.0,1.0,1.0,1.0,0.0,1.0,1.0,1.0,0.0
5378,6d41dae8eb9b92cbe,True,,,,,,,,,,1.0,1.0,0.0,1.0,1.0,1.0,0.0,1.0,1.0,0.0
5379,7f0488639b20ae5c7,True,,,,,,,,,,1.0,1.0,1.0,1.0,0.4270690779589148,1.0,1.0,0.0,0.0,0.5709590868621609
5380,7d08b706a7adba557,True,,,,,,,,,,1.0,1.0,1.0,1.0,0.7314100279625991,1.0,1.0,1.0,1.0,0.9160656337383122
5381,947f38ffbc0854bac,True,,,,,,,,,,1.0,1.0,1.0,1.0,1.0,1.0,1.0,1.0,1.0,1.0
5382,823e2256b643e1b5f,True,,,,,,,,,,0.0,1.0,1.0,1.0,1.0,0.0,1.0,1.0,1.0,0.0
5383,82aeafe6afee99d4b,True,,,,,,,,,,1.0,1.0,1.0,1.0,0.2766962448443862,1.0,1.0,1.0,0.0,0.6489675765138707
5384,319a6165fd328e03e,True,,,,,,,,,,1.0,0.0,1.0,1.0,1.0,1.0,1.0,1.0,0.0,0.0
5385,db738e711b7d7a1c7,True,,,,,,,,,,1.0,1.0,1.0,1.0,0.7397095895279199,1.0,1.0,1.0,0.0,0.793659246727475
5386,5fdebbeb76c9d0953,True,,,,,,,,,,1.0,1.0,0.0,1.0,1.0,1.0,0.0,1.0,0.0,0.0
5387,0c23e365770faecb8,True,,,,,,,,,,1.0,1.0,0.0,1.0,1.0,1.0,0.0,1.0,0.0,0.0
5388,88d3fad9cfca7c0ad,True,,,,,,,,,,1.0,1.0,1.0,1.0,0.5831656283402482,1.0,1.0,1.0,0.0,0.7447392588563275
5389,8b9e74d5a89159431,True,,,,,,,,,,1.0,0.0,1.0,1.0,1.0,1.0,0.0,1.0,1.0,0.0
5390,4743e61ca1af03cd7,True,,,,,,,,,,1.0,1.0,1.0,1.0,0.7550034640495485,1.0,1.0,1.0,1.0,0.923438582515484
5391,8aabedd8189160e6a,True,,,,,,,,,,1.0,1.0,1.0,1.0,0.4541683791156237,1.0,0.0,1.0,1.0,0.7044276184736324
5392,2407bd58b67ea70b2,True,,,,,,,,,,1.0,1.0,1.0,1.0,0.6297430780707396,1.0,0.0,1.0,1.0,0.7592947118971061
5393,961a25cea5dcb8f50,True,,,,,,,,,,1.0,1.0,1.0,1.0,0.2682033107815048,1.0,1.0,1.0,1.0,0.7713135346192203
5394,da94e1252342dc8d8,True,,,,,,,,,,1.0,1.0,1.0,1.0,1.0,1.0,1.0,1.0,1.0,1.0
5395,8ea949efbc2e4d9bf,True,,,,,,,,,,1.0,0.0,1.0,1.0,1.0,1.0,1.0,1.0,0.0,0.0
5396,f7608da692db5aeb1,True,,,,,,,,,,1.0,0.0,0.5,1.0,1.0,1.0,0.0,1.0,0.0,0.0
5397,03e533b28bfac776e,True,,,,,,,,,,1.0,1.0,0.5,1.0,1.0,1.0,0.0,1.0,0.0,0.375
5398,3d05bde7ec3405ddd,True,,,,,,,,,,1.0,1.0,1.0,1.0,1.0,1.0,0.0,1.0,1.0,0.875
5399,60b000943deffcfb1,True,,,,,,,,,,1.0,1.0,1.0,1.0,0.963425497894308,1.0,1.0,1.0,1.0,0.9885704680919712
5400,e536d36c3e7306e47,True,,,,,,,,,,1.0,1.0,1.0,1.0,0.3578329128562409,1.0,0.0,1.0,0.0,0.5493227852675753
5401,159be5a151baf8f5b,True,,,,,,,,,,1.0,0.0,0.5,1.0,1.0,1.0,0.0,1.0,0.0,0.0
5402,f6c5e4b7769ddda20,True,,,,,,,,,,1.0,1.0,1.0,1.0,1.0,1.0,1.0,1.0,1.0,1.0
5403,a19215a312654cd8f,True,,,,,,,,,,1.0,1.0,1.0,1.0,0.7944981869425184,1.0,1.0,1.0,1.0,0.935780683419537
5404,58c7dc2cb395006ae,True,,,,,,,,,,1.0,1.0,1.0,1.0,0.9344956214008794,1.0,1.0,1.0,0.0,0.8545298816877749
5405,f1020928f69a09709,True,,,,,,,,,,1.0,1.0,1.0,1.0,0.9604872625880844,1.0,1.0,1.0,0.0,0.8626522695587764
5406,a83b75532f5ded9db,True,,,,,,,,,,0.0,1.0,1.0,1.0,1.0,0.0,0.0,1.0,0.0,0.0
5407,096330032f89cefb3,True,,,,,,,,,,1.0,1.0,1.0,1.0,0.6409768074413271,1.0,1.0,1.0,1.0,0.8878052523254147
5408,f6021914cda2ce515,True,,,,,,,,,,1.0,1.0,1.0,1.0,0.8650300966966008,1.0,0.0,1.0,1.0,0.8328219052176877
5409,3ec4e62b471309805,True,,,,,,,,,,1.0,1.0,1.0,1.0,1.0,1.0,0.0,1.0,1.0,0.875
5410,d2e7ee3ace0b92dee,True,,,,,,,,,,1.0,1.0,1.0,1.0,0.3956664893085003,1.0,1.0,1.0,1.0,0.8111457779089064
5411,b592db40b4ae7d08c,True,,,,,,,,,,1.0,1.0,1.0,1.0,0.6486521482216419,1.0,0.0,1.0,1.0,0.765203796319263
5412,229930ba5820bb1b3,True,,,,,,,,,,1.0,1.0,0.0,1.0,1.0,1.0,0.0,1.0,1.0,0.0
5413,2c12490b19101760e,True,,,,,,,,,,1.0,1.0,1.0,1.0,0.31769346920846,1.0,1.0,1.0,1.0,0.7867792091276438
5414,40f8e0ab453bddbb1,True,,,,,,,,,,1.0,1.0,0.5,1.0,0.4324849838255407,1.0,0.0,1.0,1.0,0.3488257787227407
5415,f77bd4f74cbf5fa01,True,,,,,,,,,,1.0,1.0,1.0,1.0,0.5090401189448135,1.0,1.0,1.0,1.0,0.8465750371702543
5416,648b4aa95f01b805d,True,,,,,,,,,,1.0,1.0,1.0,1.0,0.2334237378971255,1.0,0.0,1.0,1.0,0.6354449180928518
5417,6d342222e4d9d2b2a,True,,,,,,,,,,1.0,1.0,1.0,1.0,0.6872103698734594,1.0,1.0,1.0,1.0,0.902253240585456
5418,34c5a38a6aee37c97,True,,,,,,,,,,1.0,1.0,1.0,1.0,0.303170546806303,1.0,1.0,1.0,0.0,0.6572407958769697
5419,036879f77cadaa2d1,True,,,,,,,,,,1.0,1.0,1.0,1.0,0.6910274746316841,1.0,1.0,0.0,0.0,0.6534460858224013
5420,e135d049b4587c212,True,,,,,,,,,,1.0,1.0,1.0,1.0,0.8213611547842683,1.0,0.0,1.0,0.0,0.6941753608700838
5421,099b82495b2e618d3,True,,,,,,,,,,1.0,1.0,1.0,1.0,0.1327269739296145,1.0,1.0,1.0,1.0,0.7289771793530045
5422,eb818e242c63c7f20,True,,,,,,,,,,1.0,1.0,1.0,1.0,0.3970206175766598,1.0,1.0,1.0,1.0,0.8115689429927062
5423,bc72fc9245a523440,True,,,,,,,,,,1.0,1.0,1.0,1.0,0.3158117933598611,1.0,0.0,1.0,1.0,0.6611911854249566
5424,2cc336777225529c2,True,,,,,,,,,,1.0,1.0,1.0,1.0,1.0,1.0,1.0,1.0,1.0,1.0
5425,84e277e20e4dfaf5c,True,,,,,,,,,,1.0,1.0,1.0,1.0,0.7091567870162729,1.0,0.0,1.0,1.0,0.7841114959425852
5426,129e42105cbb4c354,True,,,,,,,,,,1.0,1.0,1.0,1.0,0.6577587051537419,1.0,1.0,1.0,0.0,0.7680495953605444
5427,c3f88ffa3ddcecc64,True,,,,,,,,,,0.0,1.0,1.0,1.0,1.0,0.0,1.0,1.0,0.0,0.0
5428,b24ef110ccf50ea20,True,,,,,,,,,,1.0,1.0,1.0,1.0,0.5612514674441439,1.0,1.0,1.0,1.0,0.862891083576295
5429,14a48836a583fe310,True,,,,,,,,,,1.0,1.0,1.0,1.0,0.8068833331129317,1.0,0.0,1.0,1.0,0.8146510415977912
5430,766195ae1ef2dac03,True,,,,,,,,,,1.0,1.0,0.0,1.0,0.7683754924540692,1.0,1.0,1.0,0.0,0.0
5431,0800b8cbfe2ebcaf3,True,,,,,,,,,,1.0,1.0,0.5,1.0,0.3326702465555706,1.0,0.0,1.0,0.0,0.2707297260243079
5432,6ab786f972b45ffe0,True,,,,,,,,,,1.0,0.0,1.0,1.0,0.1382793999635685,1.0,0.0,1.0,0.0,0.0
5433,afc5b9d01744dc019,True,,,,,,,,,,1.0,0.0,1.0,1.0,1.0,1.0,0.0,1.0,1.0,0.0
5434,d9bde28612a6aad4f,True,,,,,,,,,,1.0,0.0,1.0,1.0,1.0,1.0,0.0,0.0,1.0,0.0
5435,76a210a0c3456a3e3,True,,,,,,,,,,1.0,1.0,1.0,1.0,0.4181254200029791,1.0,1.0,1.0,1.0,0.818164193750931
5436,8d969226c609be10d,True,,,,,,,,,,1.0,1.0,1.0,1.0,1.0,1.0,0.0,1.0,0.0,0.75
5437,81dcc1a7db52cf064,True,,,,,,,,,,1.0,1.0,1.0,1.0,0.1043757882556067,1.0,0.0,1.0,1.0,0.595117433829877
5438,553919abb3a801b7e,True,,,,,,,,,,1.0,0.0,1.0,1.0,1.0,1.0,1.0,1.0,1.0,0.0
5439,2028b4dbdc9149a19,True,,,,,,,,,,1.0,1.0,1.0,1.0,0.6384014725075623,1.0,1.0,1.0,1.0,0.8870004601586132
5440,6fea2b47f85b2b5c3,True,,,,,,,,,,1.0,1.0,1.0,1.0,0.5875982478001467,1.0,1.0,1.0,1.0,0.8711244524375459
5441,ab09d2e92f141236c,True,,,,,,,,,,0.0,1.0,0.0,1.0,1.0,0.0,0.0,1.0,0.0,0.0
5442,57e7f219c88ab8fe0,True,,,,,,,,,,1.0,0.0,1.0,1.0,1.0,1.0,1.0,1.0,1.0,0.0
5443,71d45b383e1e50669,True,,,,,,,,,,1.0,1.0,1.0,1.0,0.011091718748757,1.0,1.0,1.0,1.0,0.6909661621089866
5444,2bb698b451e491605,True,,,,,,,,,,1.0,1.0,1.0,1.0,0.3406166016669685,1.0,0.0,1.0,1.0,0.6689426880209277
5445,a70407f928cd54582,True,,,,,,,,,,1.0,1.0,1.0,1.0,0.5651060529583423,1.0,1.0,1.0,1.0,0.8640956415494819
5446,8cb5e32c7adc0ee45,True,,,,,,,,,,0.0,1.0,1.0,1.0,1.0,0.0,1.0,1.0,1.0,0.0
5447,4da17212b5480fefc,True,,,,,,,,,,1.0,1.0,1.0,1.0,0.850749952038332,0.0,0.0,1.0,0.0,0.3908593600119787
5448,6fae01aed04d6fd01,True,,,,,,,,,,1.0,1.0,1.0,1.0,1.0,1.0,0.0,1.0,0.0,0.75
5449,757e84df9c3c5f093,True,,,,,,,,,,1.0,0.0,1.0,1.0,1.0,1.0,0.0,1.0,0.0,0.0
5450,1977bcc474e42d28a,True,,,,,,,,,,1.0,1.0,0.5,1.0,1.0,1.0,0.0,1.0,0.0,0.375
5451,0f677bebd5ee6c831,True,,,,,,,,,,1.0,1.0,1.0,1.0,0.6916483764622989,1.0,0.0,1.0,0.0,0.6536401176444684
5452,3894c9c5592b7db82,True,,,,,,,,,,1.0,1.0,1.0,1.0,1.0,1.0,0.0,1.0,0.0,0.75
5453,129fa714e230a9eae,True,,,,,,,,,,1.0,1.0,0.5,1.0,0.8132248320563195,1.0,0.0,1.0,0.0,0.3458163800087999
5454,7897a78a2a7b1d695,True,,,,,,,,,,1.0,1.0,1.0,1.0,1.0,1.0,0.0,1.0,0.0,0.75
5455,fb7b5ae64dda69073,True,,,,,,,,,,1.0,1.0,1.0,1.0,0.1910561743407169,1.0,0.0,1.0,0.0,0.497205054481474
5456,686f1f87016b7e54b,True,,,,,,,,,,1.0,0.0,1.0,1.0,1.0,1.0,1.0,1.0,1.0,0.0
5457,aaa4df0b0ab15d438,True,,,,,,,,,,1.0,1.0,1.0,0.0,1.0,1.0,0.0,1.0,1.0,0.0
5458,975923741f66dd57f,True,,,,,,,,,,1.0,1.0,1.0,1.0,0.5290656892874915,1.0,1.0,1.0,1.0,0.8528330279023411
5459,e3fffb822fb5efac2,True,,,,,,,,,,0.0,0.0,1.0,1.0,1.0,0.0,0.0,1.0,0.0,0.0
5460,4511ae351df046b69,True,,,,,,,,,,1.0,0.0,1.0,1.0,1.0,1.0,1.0,1.0,1.0,0.0
5461,580ccf6399ed92f1c,True,,,,,,,,,,1.0,1.0,1.0,1.0,1.0,1.0,1.0,1.0,0.0,0.875
5462,c2d01510da5dcbb7b,True,,,,,,,,,,1.0,1.0,1.0,1.0,0.331270032897694,1.0,1.0,1.0,1.0,0.7910218852805294
5463,e774d1b87b07638c4,True,,,,,,,,,,1.0,1.0,1.0,1.0,0.9226850516222312,1.0,1.0,1.0,0.0,0.8508390786319473
5464,47af7b18d8bb14656,True,,,,,,,,,,1.0,1.0,1.0,1.0,0.2139450319553437,1.0,0.0,1.0,0.0,0.504357822486045
5465,9e800327f6e34c777,True,,,,,,,,,,1.0,1.0,1.0,1.0,1.0,0.0,0.0,1.0,0.0,0.4375
5466,1cc4886b926fd9c8b,True,,,,,,,,,,1.0,1.0,1.0,1.0,0.3328886331937306,1.0,1.0,1.0,0.0,0.6665276978730408
5467,bbd5b072e1b30acbb,True,,,,,,,,,,1.0,1.0,0.5,1.0,1.0,1.0,0.0,1.0,1.0,0.4375
5468,8bc78c84321c37423,True,,,,,,,,,,1.0,1.0,1.0,1.0,0.4291573871571081,1.0,1.0,1.0,0.0,0.6966116834865963
5469,a2b6df5b32c01b3d9,True,,,,,,,,,,1.0,1.0,0.0,1.0,1.0,1.0,0.0,1.0,0.0,0.0
5470,90ffd09937f409beb,True,,,,,,,,,,1.0,1.0,1.0,1.0,0.5620510482761026,1.0,0.0,1.0,0.0,0.6131409525862821
5471,6fe71c9fa733e801d,True,,,,,,,,,,1.0,1.0,1.0,1.0,0.5736189850540006,1.0,1.0,1.0,1.0,0.8667559328293752
5472,fbc47d17828f56207,True,,,,,,,,,,1.0,1.0,1.0,1.0,0.9260217843491848,1.0,0.0,1.0,1.0,0.8518818076091204
5473,e9f1d3b368a8f7603,True,,,,,,,,,,1.0,1.0,1.0,1.0,0.4249633439685409,1.0,0.0,1.0,1.0,0.6953010449901691
5474,fe3af476ce56a1283,True,,,,,,,,,,1.0,1.0,1.0,1.0,0.6490695193649262,1.0,1.0,1.0,1.0,0.8903342248015395
5475,65d00ea9b07494406,True,,,,,,,,,,1.0,1.0,1.0,1.0,1.0,1.0,1.0,1.0,1.0,1.0
5476,3fc80f9e72ac43027,True,,,,,,,,,,1.0,0.0,1.0,1.0,0.3029361948723043,1.0,0.0,1.0,0.0,0.0
5477,4fd56da0ff5065a4d,True,,,,,,,,,,1.0,0.0,1.0,1.0,0.5573642151102836,1.0,1.0,1.0,0.0,0.0
5478,f324e70acbaa11675,True,,,,,,,,,,1.0,1.0,1.0,1.0,0.6982997047035792,1.0,1.0,1.0,0.0,0.7807186577198685
5479,e262bce33b82a53de,True,,,,,,,,,,1.0,1.0,1.0,1.0,0.5175566586963092,1.0,1.0,1.0,0.0,0.7242364558425967
5480,597a84c12865d3cb1,True,,,,,,,,,,1.0,1.0,1.0,1.0,0.6318438759601235,1.0,0.0,1.0,1.0,0.7599512112375386
5481,3dec28d29ac4ec705,True,,,,,,,,,,1.0,1.0,1.0,1.0,1.0,1.0,1.0,1.0,1.0,1.0
5482,0ce555951f9b6a445,True,,,,,,,,,,1.0,1.0,1.0,1.0,0.7182222269820692,1.0,1.0,1.0,0.0,0.7869444459318966
5483,19076eddbca015da6,True,,,,,,,,,,1.0,1.0,1.0,1.0,1.0,1.0,0.0,1.0,0.0,0.75
5484,3a64c41fecb2ab1ca,True,,,,,,,,,,1.0,1.0,1.0,1.0,0.2459538898138668,1.0,1.0,1.0,1.0,0.7643605905668334
5485,0be67c62d046cc4b1,True,,,,,,,,,,1.0,1.0,1.0,1.0,1.0,1.0,0.0,1.0,0.0,0.75
5486,68f17e6223ed08ff9,True,,,,,,,,,,1.0,1.0,1.0,1.0,0.3149610064648169,1.0,0.0,1.0,0.0,0.5359253145202553
5487,f1d442974b63b87f6,True,,,,,,,,,,1.0,1.0,1.0,1.0,0.6806323732429255,1.0,0.0,1.0,1.0,0.7751976166384142
5488,096db7931a7697382,True,,,,,,,,,,1.0,1.0,1.0,1.0,0.7928288601275734,1.0,1.0,1.0,1.0,0.9352590187898666
5489,fd7d31b9e1dfb00e7,True,,,,,,,,,,1.0,1.0,1.0,1.0,0.8270201658015138,1.0,1.0,0.0,0.0,0.6959438018129731
5490,ab4e7191ed67b8ea4,True,,,,,,,,,,1.0,1.0,1.0,1.0,0.3504398544148715,1.0,1.0,1.0,0.0,0.6720124545046473
5491,af7c2f2eb8cc6b36d,True,,,,,,,,,,1.0,0.0,1.0,1.0,1.0,1.0,1.0,1.0,0.0,0.0
5492,34112583ba024c56e,True,,,,,,,,,,1.0,1.0,1.0,1.0,1.0,1.0,1.0,1.0,0.0,0.875
5493,7cdfa18002444c694,True,,,,,,,,,,1.0,1.0,1.0,1.0,1.0,1.0,1.0,1.0,1.0,1.0
5494,c55fd3e0272579bda,True,,,,,,,,,,1.0,1.0,1.0,1.0,0.8700691078558553,1.0,1.0,1.0,1.0,0.9593965962049548
5495,102d7c98065905ad0,True,,,,,,,,,,1.0,1.0,0.0,1.0,0.9133164253411729,1.0,0.0,0.0,0.0,0.0
5496,8821c536a27933ed5,True,,,,,,,,,,1.0,1.0,1.0,1.0,1.0,1.0,0.0,1.0,0.0,0.75
5497,5e2acee998e20682e,True,,,,,,,,,,1.0,0.0,1.0,1.0,1.0,1.0,1.0,1.0,0.0,0.0
5498,51a40ab9f271c6454,True,,,,,,,,,,1.0,1.0,1.0,1.0,0.5152251592027096,1.0,0.0,1.0,0.0,0.5985078622508467
5499,6f8cba85e3f6cd0d4,True,,,,,,,,,,1.0,1.0,0.5,1.0,1.0,1.0,0.0,1.0,0.0,0.375
5500,05e7e2acfe2b49d78,True,,,,,,,,,,1.0,1.0,1.0,1.0,0.7409241826253564,1.0,1.0,1.0,1.0,0.9190388070704238
5501,0fda3e9ba0b83c4b2,True,,,,,,,,,,0.0,0.0,1.0,1.0,1.0,0.0,0.0,1.0,0.0,0.0
5502,b6e21e56bbdb5ba68,True,,,,,,,,,,1.0,1.0,1.0,1.0,0.5936749760217613,1.0,0.0,1.0,0.0,0.6230234300068004
5503,d1ad6506f1da6b927,True,,,,,,,,,,1.0,0.0,1.0,1.0,0.3698959877240731,1.0,1.0,1.0,0.0,0.0
5504,b9bc285e03f488e64,True,,,,,,,,,,1.0,1.0,1.0,1.0,1.0,1.0,0.0,1.0,1.0,0.875
5505,70271e1e4a4efb5c5,True,,,,,,,,,,1.0,1.0,1.0,1.0,0.3525857838601197,1.0,0.0,1.0,1.0,0.6726830574562874
5506,1a764c92b4c5c5a8a,True,,,,,,,,,,1.0,1.0,1.0,1.0,0.3280977292552523,1.0,0.0,1.0,1.0,0.6650305403922663
5507,edcd482f0136b535d,True,,,,,,,,,,1.0,1.0,1.0,1.0,0.7037962955993844,1.0,0.0,1.0,0.0,0.6574363423748076
5508,a6f5d379f32e1dd9a,True,,,,,,,,,,1.0,1.0,1.0,1.0,0.7888731062402518,1.0,1.0,1.0,1.0,0.9340228457000788
5509,d85e0580a10c3e544,True,,,,,,,,,,1.0,1.0,1.0,1.0,0.771970209708034,1.0,0.0,1.0,0.0,0.6787406905337606
5510,15e2547cb8af6e312,True,,,,,,,,,,1.0,0.0,0.5,1.0,0.5165100434172397,1.0,0.0,1.0,0.0,0.0
5511,00cbc73194109904b,True,,,,,,,,,,1.0,1.0,1.0,1.0,1.0,1.0,0.0,1.0,1.0,0.875
5512,2c604a5718db55a9d,True,,,,,,,,,,1.0,0.0,1.0,1.0,0.4553089627246381,1.0,0.0,1.0,0.0,0.0
5513,f7e01b97b6868da57,True,,,,,,,,,,1.0,1.0,1.0,1.0,1.0,1.0,0.0,1.0,1.0,0.875
5514,d84d05e0468db43cc,True,,,,,,,,,,1.0,1.0,0.5,1.0,1.0,1.0,0.0,1.0,0.0,0.375
5515,82dd82d413d8fdf95,True,,,,,,,,,,1.0,1.0,1.0,1.0,0.685926267700368,1.0,1.0,1.0,1.0,0.901851958656365
5516,473600f4c7f5be5c9,True,,,,,,,,,,1.0,1.0,1.0,1.0,0.62842592772772,1.0,1.0,1.0,0.0,0.7588831024149125
5517,c81e1b4650a6a20fd,True,,,,,,,,,,1.0,1.0,1.0,1.0,0.2992382242213101,1.0,1.0,1.0,0.0,0.6560119450691594
5518,11f2411e873c0fa28,True,,,,,,,,,,1.0,1.0,1.0,1.0,0.7494022109536711,1.0,0.0,1.0,1.0,0.7966881909230222
5519,17a263da0e14e7155,True,,,,,,,,,,1.0,1.0,1.0,1.0,0.7801015590317244,1.0,0.0,1.0,1.0,0.8062817371974138
5520,b692c62651903c29f,True,,,,,,,,,,1.0,1.0,1.0,1.0,0.5759677680131812,1.0,1.0,1.0,0.0,0.7424899275041191
5521,5a6d3d8a6cd7a7d2e,True,,,,,,,,,,1.0,1.0,1.0,1.0,0.7628096996804455,1.0,0.0,1.0,1.0,0.8008780311501392
5522,d8e3174dae4ece006,True,,,,,,,,,,1.0,0.0,1.0,1.0,0.572809626719262,1.0,0.0,1.0,1.0,0.0
5523,ef00d37c017fde631,True,,,,,,,,,,1.0,1.0,1.0,1.0,0.7370493572056155,1.0,1.0,0.0,0.0,0.6678279241267548
5524,7c6eb3ebf2ec0a507,True,,,,,,,,,,1.0,1.0,1.0,1.0,1.0,1.0,0.0,1.0,0.0,0.75
5525,997532ca2ca1c8c42,True,,,,,,,,,,1.0,1.0,1.0,1.0,0.3179984773206711,1.0,1.0,1.0,1.0,0.7868745241627098
5526,f5daa83268d707022,True,,,,,,,,,,1.0,1.0,1.0,1.0,0.424299814694586,1.0,1.0,1.0,0.0,0.6950936920920581
5527,5fa2d65d901225f48,True,,,,,,,,,,1.0,1.0,1.0,1.0,0.5376750365972132,1.0,1.0,1.0,1.0,0.8555234489366291
5528,6cbd63c8a5077be25,True,,,,,,,,,,1.0,0.0,1.0,1.0,0.6408770141441595,1.0,1.0,1.0,0.0,0.0
5529,c3eabd6982ee224c4,True,,,,,,,,,,1.0,1.0,1.0,1.0,0.2429855738576457,1.0,1.0,1.0,1.0,0.7634329918305143
5530,631e2dc2cca2e3ec5,True,,,,,,,,,,1.0,1.0,1.0,1.0,0.6087067678771855,1.0,0.0,1.0,1.0,0.7527208649616205
5531,4fb5655af73387ef8,True,,,,,,,,,,1.0,1.0,0.0,1.0,1.0,1.0,0.0,1.0,0.0,0.0
5532,08dd93ec00ee02183,True,,,,,,,,,,1.0,1.0,1.0,1.0,0.7379594484405335,1.0,1.0,1.0,0.0,0.7931123276376667
5533,232e7693cefbcf60f,True,,,,,,,,,,1.0,1.0,1.0,1.0,0.8434467912529664,1.0,0.0,1.0,0.0,0.7010771222665519
5534,64dbb32a1a6005581,True,,,,,,,,,,1.0,1.0,1.0,1.0,1.0,1.0,0.0,1.0,0.0,0.75
5535,973dc194fd0092c5d,True,,,,,,,,,,1.0,1.0,1.0,1.0,1.0,1.0,0.0,1.0,0.0,0.75
5536,fedf09c50e4a8ef7b,True,,,,,,,,,,1.0,1.0,0.5,1.0,0.9663550987276658,1.0,0.0,1.0,0.0,0.3697429841761978
5537,2f25ad449c40ae04c,True,,,,,,,,,,1.0,1.0,1.0,1.0,0.8814422041235674,1.0,0.0,1.0,1.0,0.8379506887886148
5538,bc287d85f89c59202,True,,,,,,,,,,1.0,1.0,0.5,1.0,1.0,1.0,0.0,1.0,0.0,0.375
5539,68c48977b8b13f11f,True,,,,,,,,,,1.0,1.0,1.0,1.0,1.0,1.0,1.0,1.0,1.0,1.0
5540,3c66eb3d48ad162dc,True,,,,,,,,,,1.0,1.0,1.0,1.0,0.7387436045849509,1.0,1.0,1.0,1.0,0.9183573764327972
5541,1348d09a15e4bfd3f,True,,,,,,,,,,1.0,1.0,1.0,1.0,0.4467130943357857,1.0,0.0,1.0,0.0,0.5770978419799331
5542,34b9989a51da95af0,True,,,,,,,,,,0.0,1.0,1.0,1.0,1.0,0.0,0.0,1.0,1.0,0.0
5543,4222a702d3e9ef7bb,True,,,,,,,,,,1.0,1.0,1.0,1.0,1.0,1.0,1.0,1.0,1.0,1.0
5544,f9f68056cf387b7a7,True,,,,,,,,,,0.0,0.0,1.0,1.0,1.0,0.0,0.0,1.0,1.0,0.0
5545,ffdfaf1a850a4f6c0,True,,,,,,,,,,0.0,1.0,1.0,1.0,1.0,0.0,1.0,1.0,1.0,0.0
5546,367254bcce7ceee1d,True,,,,,,,,,,1.0,1.0,1.0,1.0,0.7457490885597837,1.0,0.0,1.0,1.0,0.7955465901749323
5547,8108a6fe2b34f4118,True,,,,,,,,,,1.0,1.0,1.0,1.0,0.8889014018602504,1.0,1.0,1.0,1.0,0.9652816880813282
5548,894ee0eaafbdc05e5,True,,,,,,,,,,1.0,0.0,1.0,1.0,1.0,1.0,1.0,1.0,0.0,0.0
5549,3e0f957bf14b2d2d9,True,,,,,,,,,,1.0,1.0,1.0,1.0,0.8615656175474725,1.0,0.0,1.0,1.0,0.8317392554835852
5550,94b6ffabace38c36f,True,,,,,,,,,,1.0,1.0,1.0,1.0,0.4517440650961348,1.0,0.0,1.0,1.0,0.7036700203425421
5551,30123728ead1b4804,True,,,,,,,,,,0.0,1.0,1.0,1.0,1.0,0.0,1.0,1.0,0.0,0.0
5552,210bdf510357465fe,True,,,,,,,,,,1.0,0.0,1.0,1.0,1.0,1.0,1.0,1.0,0.0,0.0
5553,d3fa0f358c6066f70,True,,,,,,,,,,1.0,1.0,1.0,1.0,0.5623556694944639,1.0,1.0,1.0,1.0,0.86323614671702
5554,7e6c9f4638d88c304,True,,,,,,,,,,1.0,0.0,1.0,1.0,0.778878873448308,1.0,1.0,1.0,1.0,0.0
5555,1e3e373072e96c044,True,,,,,,,,,,1.0,1.0,1.0,1.0,0.9226035850524356,1.0,1.0,1.0,0.0,0.8508136203288861
5556,5ffbd12109319857a,True,,,,,,,,,,1.0,1.0,1.0,1.0,0.2263506978350363,1.0,0.0,1.0,1.0,0.6332345930734489
5557,08b425d9aa40aee45,True,,,,,,,,,,1.0,0.0,1.0,1.0,1.0,1.0,1.0,0.0,0.0,0.0
5558,19ef2d6f1a4a25124,True,,,,,,,,,,1.0,1.0,1.0,1.0,0.4451055420038095,1.0,1.0,1.0,0.0,0.7015954818761905
5559,1dbcea959d196209c,True,,,,,,,,,,1.0,1.0,1.0,1.0,0.5649757497487332,1.0,0.0,1.0,0.0,0.6140549217964791
5560,8add9070020c81cb2,True,,,,,,,,,,0.0,1.0,1.0,1.0,1.0,0.0,0.0,1.0,0.0,0.0
5561,ee7793a6b27386136,True,,,,,,,,,,1.0,0.0,1.0,1.0,0.6518598270107194,1.0,1.0,1.0,1.0,0.0
5562,f185085421e3aa72f,True,,,,,,,,,,1.0,1.0,1.0,1.0,0.4161496557838862,1.0,1.0,1.0,1.0,0.8175467674324645
5563,128cb2527d3987e61,True,,,,,,,,,,1.0,1.0,1.0,1.0,0.6294197247670807,1.0,0.0,1.0,0.0,0.6341936639897128
5564,8d9bc38e815347396,True,,,,,,,,,,1.0,1.0,1.0,1.0,0.4548252269180898,1.0,0.0,1.0,1.0,0.7046328834119031
5565,28d6fffc098e43af8,True,,,,,,,,,,1.0,1.0,1.0,0.0,0.9481371888787936,1.0,0.0,1.0,1.0,0.0
5566,778099fc6283d21e0,True,,,,,,,,,,1.0,1.0,1.0,1.0,0.2183860353087631,1.0,1.0,1.0,0.0,0.6307456360339885
5567,1ee04786c1af4e2d7,True,,,,,,,,,,1.0,1.0,1.0,1.0,0.7183300178557352,1.0,1.0,1.0,0.0,0.7869781305799173
5568,bd7d7120ca6491008,True,,,,,,,,,,1.0,1.0,1.0,1.0,1.0,1.0,1.0,1.0,1.0,1.0
5569,d1b44adf0f1195ea7,True,,,,,,,,,,1.0,1.0,1.0,1.0,0.1218814974914283,1.0,1.0,1.0,1.0,0.7255879679660714
5570,cc675839235bef34d,True,,,,,,,,,,1.0,1.0,1.0,1.0,0.7582166082214247,1.0,1.0,0.0,0.0,0.6744426900691952
5571,64048e12035273b06,True,,,,,,,,,,1.0,1.0,1.0,1.0,0.3167320714706633,1.0,1.0,1.0,1.0,0.7864787723345823
5572,92d16fac53c12f99d,True,,,,,,,,,,1.0,1.0,1.0,1.0,0.848782945583515,1.0,1.0,1.0,0.0,0.8277446704948485
5573,5e8bc80abe039be9e,True,,,,,,,,,,1.0,0.0,1.0,1.0,1.0,1.0,1.0,1.0,0.0,0.0
5574,18c7e56e43eebb62f,True,,,,,,,,,,1.0,1.0,0.5,1.0,0.5563778913491392,1.0,0.0,0.0,0.0,0.243184045523303
5575,8e653e8d9b170a7dd,True,,,,,,,,,,1.0,1.0,1.0,1.0,0.9314027858324424,1.0,1.0,1.0,1.0,0.9785633705726382
5576,c6f215cb7b0d88628,True,,,,,,,,,,0.0,0.0,1.0,1.0,1.0,0.0,1.0,1.0,0.0,0.0
5577,51d3d62e78d712283,True,,,,,,,,,,1.0,1.0,1.0,1.0,0.7385737718928249,1.0,0.0,1.0,0.0,0.6683043037165077
5578,56acd80cef7047ce3,True,,,,,,,,,,1.0,0.0,1.0,1.0,1.0,1.0,0.0,1.0,0.0,0.0
5579,786b8a8821747f0ce,True,,,,,,,,,,1.0,1.0,0.5,1.0,1.0,1.0,0.0,1.0,1.0,0.4375
5580,fd157e67d430fdab3,True,,,,,,,,,,0.0,1.0,1.0,1.0,1.0,0.0,0.0,1.0,0.0,0.0
5581,d48e40aefebe5e31f,True,,,,,,,,,,1.0,1.0,1.0,1.0,0.2131488659825873,1.0,1.0,1.0,0.0,0.6291090206195585
5582,ecb3b9f1238edf126,True,,,,,,,,,,1.0,0.0,1.0,1.0,0.9664943687684184,1.0,1.0,1.0,1.0,0.0
5583,78501e6f18988cb91,True,,,,,,,,,,0.0,1.0,1.0,1.0,1.0,0.0,0.0,1.0,0.0,0.0
5584,8257b0ad7e1b11a15,True,,,,,,,,,,1.0,1.0,1.0,1.0,0.7463608915547832,1.0,1.0,1.0,1.0,0.9207377786108696
5585,87bc17b46db863809,True,,,,,,,,,,1.0,1.0,1.0,1.0,0.7860751868100448,1.0,0.0,1.0,0.0,0.6831484958781391
5586,db94fae67e9339c05,True,,,,,,,,,,1.0,1.0,1.0,1.0,0.92646048930558,1.0,0.0,1.0,1.0,0.8520189029079938
5587,4c0a48ba08d3935ff,True,,,,,,,,,,0.0,1.0,1.0,1.0,1.0,0.0,1.0,1.0,1.0,0.0
5588,f4441ff7b0692d28d,True,,,,,,,,,,1.0,1.0,1.0,1.0,0.4029545054402023,1.0,1.0,1.0,0.0,0.6884232829500632
5589,087f962c16ba01a4c,True,,,,,,,,,,1.0,1.0,1.0,1.0,0.3037166369671893,1.0,0.0,1.0,1.0,0.6574114490522467
5590,36f72d3764ee8b14f,True,,,,,,,,,,1.0,1.0,1.0,1.0,0.1393606164499629,1.0,1.0,1.0,0.0,0.6060501926406134
5591,f35c027e64ad46b30,True,,,,,,,,,,1.0,1.0,1.0,1.0,0.5462474494761151,1.0,1.0,1.0,0.0,0.733202327961286
5592,cad0619a5797da011,True,,,,,,,,,,1.0,1.0,1.0,1.0,0.6588683231701213,1.0,1.0,1.0,1.0,0.893396350990663
5593,ffa118247f83dcacd,True,,,,,,,,,,1.0,1.0,1.0,1.0,0.3347317023721112,1.0,1.0,1.0,1.0,0.7921036569912847
5594,2a8ffeaa7391e73c7,True,,,,,,,,,,1.0,1.0,1.0,1.0,0.3437603954666813,1.0,0.0,1.0,0.0,0.5449251235833379
5595,1ae5d174f7d867121,True,,,,,,,,,,1.0,1.0,1.0,1.0,0.8023889879633215,1.0,1.0,1.0,0.0,0.813246558738538
5596,f643477a1fb277583,True,,,,,,,,,,1.0,1.0,1.0,1.0,0.3198817198029106,1.0,1.0,1.0,0.0,0.6624630374384095
5597,d6cfdfbe6733111b7,True,,,,,,,,,,1.0,1.0,1.0,1.0,1.0,1.0,0.0,1.0,1.0,0.875
5598,252b287c4bec81c38,True,,,,,,,,,,1.0,1.0,1.0,1.0,0.732547833258905,1.0,0.0,1.0,0.0,0.6664211978934078
5599,5b01b06231ac39143,True,,,,,,,,,,1.0,1.0,1.0,1.0,0.8086077678684749,1.0,1.0,1.0,1.0,0.9401899274588984
5600,b5ee33c961aed53c5,True,,,,,,,,,,1.0,1.0,0.0,1.0,0.6917660848710547,1.0,0.0,1.0,0.0,0.0
5601,435c8cf621dfd73fb,True,,,,,,,,,,1.0,1.0,1.0,1.0,0.7415460897672056,1.0,1.0,0.0,0.0,0.6692331530522517
5602,d7437e062d9eed183,True,,,,,,,,,,1.0,1.0,1.0,1.0,1.0,1.0,0.0,0.0,0.0,0.625
5603,a481ac0055adbf0c2,True,,,,,,,,,,1.0,0.0,1.0,1.0,1.0,1.0,0.0,1.0,0.0,0.0
5604,362f2d9e119bf7981,True,,,,,,,,,,1.0,1.0,1.0,1.0,0.3953684753198057,1.0,1.0,1.0,0.0,0.6860526485374393
5605,0c70bd071d5a4b2fd,True,,,,,,,,,,1.0,1.0,1.0,1.0,0.2344513269748037,1.0,1.0,1.0,0.0,0.6357660396796261
5606,5fe5ada2e768e26b3,True,,,,,,,,,,0.0,1.0,1.0,1.0,1.0,0.0,0.0,1.0,0.0,0.0
5607,bc4f98185e46d819e,True,,,,,,,,,,1.0,1.0,0.5,1.0,1.0,1.0,1.0,1.0,0.0,0.4375
5608,da5a71cf5abef95d8,True,,,,,,,,,,1.0,1.0,1.0,1.0,0.745865644027514,1.0,0.0,1.0,1.0,0.7955830137585982
5609,361596ff7ead113e3,True,,,,,,,,,,1.0,1.0,1.0,1.0,0.7766523361206926,1.0,0.0,1.0,0.0,0.6802038550377164
5610,e422b7a7bb9c41f95,True,,,,,,,,,,1.0,1.0,1.0,1.0,1.0,1.0,1.0,1.0,1.0,1.0
5611,56f5b7c7a036edaad,True,,,,,,,,,,1.0,1.0,1.0,1.0,0.3641595559666681,1.0,1.0,1.0,0.0,0.6762998612395839
5612,54ce409a64180a221,True,,,,,,,,,,1.0,1.0,0.0,1.0,1.0,1.0,0.0,1.0,0.0,0.0
5613,0e14703cf05b5dfd9,True,,,,,,,,,,1.0,1.0,1.0,1.0,0.7318693695085862,1.0,1.0,1.0,1.0,0.9162091779714332
5614,729e2b3a6ce97a377,True,,,,,,,,,,1.0,1.0,1.0,1.0,0.7914636764495794,1.0,1.0,1.0,0.0,0.8098323988904935
5615,86946a7ffef3ac7b0,True,,,,,,,,,,1.0,1.0,1.0,1.0,0.4253860289591542,1.0,0.0,1.0,1.0,0.6954331340497357
5616,3a09d1ed3abb7ce82,True,,,,,,,,,,1.0,1.0,0.0,1.0,1.0,1.0,0.0,1.0,1.0,0.0
5617,04636d07d342e54cd,True,,,,,,,,,,1.0,1.0,1.0,1.0,0.5775345764328202,1.0,1.0,1.0,0.0,0.7429795551352563
5618,dbf2ff6fc16bf1dbf,True,,,,,,,,,,1.0,1.0,1.0,1.0,0.7001172428851411,1.0,0.0,1.0,1.0,0.7812866384016066
5619,35cc09d55a37ee702,True,,,,,,,,,,1.0,1.0,1.0,1.0,0.460940307634672,1.0,1.0,1.0,0.0,0.706543846135835
5620,ea6b0110876910b22,True,,,,,,,,,,1.0,1.0,1.0,1.0,0.6023497000551961,1.0,1.0,1.0,1.0,0.8757342812672488
5621,d3a6f863fceaf4d0e,True,,,,,,,,,,1.0,1.0,1.0,1.0,0.6105568142373965,1.0,1.0,1.0,0.0,0.7532990044491864
5622,51a778c753d0604cb,True,,,,,,,,,,1.0,1.0,1.0,1.0,0.8173037302721674,1.0,0.0,1.0,1.0,0.8179074157100523
5623,3c8afefbaf08142c1,True,,,,,,,,,,1.0,0.0,1.0,1.0,1.0,1.0,0.0,1.0,0.0,0.0
5624,4ee799c8d99616aed,True,,,,,,,,,,1.0,1.0,1.0,1.0,0.4880263100696017,1.0,0.0,1.0,1.0,0.7150082218967505
5625,07a36d3f2100bc352,True,,,,,,,,,,1.0,1.0,0.5,1.0,1.0,1.0,0.0,1.0,1.0,0.4375
5626,1285808d1703253f0,True,,,,,,,,,,1.0,0.0,1.0,1.0,1.0,1.0,1.0,1.0,0.0,0.0
5627,e5f10bfebbe5b0bc2,True,,,,,,,,,,1.0,1.0,1.0,1.0,0.8251458884074861,1.0,1.0,1.0,0.0,0.8203580901273394
5628,29034e89288b15cef,True,,,,,,,,,,1.0,1.0,1.0,1.0,0.9341965679300066,1.0,1.0,1.0,1.0,0.9794364274781272
5629,f67fdc6f83d2e8656,True,,,,,,,,,,1.0,1.0,0.5,1.0,1.0,1.0,0.0,1.0,0.0,0.375
5630,592e29a92e9aa79df,True,,,,,,,,,,1.0,0.0,1.0,1.0,0.4783627277381873,1.0,0.0,0.0,1.0,0.0
5631,1aaa4996c12e817a7,True,,,,,,,,,,1.0,1.0,1.0,1.0,0.6060613807007068,1.0,1.0,1.0,1.0,0.8768941814689709
5632,4eb62ff777df6de35,True,,,,,,,,,,1.0,1.0,1.0,1.0,0.5034414200346506,1.0,0.0,1.0,0.0,0.5948254437608284
5633,8cd4e7ea09172b366,True,,,,,,,,,,1.0,0.0,1.0,1.0,1.0,1.0,1.0,1.0,1.0,0.0
5634,df10a0ed732e3b815,True,,,,,,,,,,0.0,1.0,1.0,1.0,1.0,0.0,1.0,1.0,1.0,0.0
5635,ff2677dc137bcd3f7,True,,,,,,,,,,1.0,1.0,1.0,1.0,0.6481984273715751,1.0,1.0,1.0,1.0,0.8900620085536173
5636,95bfecce656f72d69,True,,,,,,,,,,0.0,1.0,1.0,1.0,1.0,0.0,1.0,0.0,0.0,0.0
5637,221c392b5c088f6ce,True,,,,,,,,,,0.0,1.0,1.0,0.0,1.0,0.0,0.0,1.0,1.0,0.0
5638,c35e331384b550d78,True,,,,,,,,,,1.0,1.0,1.0,1.0,0.824722829594777,1.0,1.0,1.0,1.0,0.9452258842483678
5639,3176ea282b5516214,True,,,,,,,,,,0.0,1.0,1.0,1.0,1.0,0.0,0.0,1.0,0.0,0.0
5640,c0ec09e19eaff83c9,True,,,,,,,,,,1.0,1.0,1.0,1.0,1.0,1.0,0.0,1.0,1.0,0.875
5641,daa6b068709fe9531,True,,,,,,,,,,0.0,1.0,1.0,1.0,0.3806555193961959,0.0,1.0,1.0,1.0,0.0
5642,eb588d2e3b1e3409d,True,,,,,,,,,,1.0,1.0,1.0,1.0,0.9316265616073898,1.0,0.0,1.0,0.0,0.7286333005023093
5643,2fc976c7bc0d58fed,True,,,,,,,,,,1.0,1.0,1.0,1.0,1.0,1.0,1.0,1.0,1.0,1.0
5644,e5dbf5ca6877249cf,True,,,,,,,,,,0.0,1.0,1.0,1.0,1.0,0.0,1.0,1.0,0.0,0.0
5645,e73143b99e1e6dcd3,True,,,,,,,,,,1.0,1.0,1.0,1.0,0.5270718499360787,1.0,0.0,1.0,0.0,0.6022099531050246
5646,01939f050c164b6c4,True,,,,,,,,,,1.0,1.0,1.0,1.0,0.9303289034629656,1.0,0.0,1.0,0.0,0.7282277823321768
5647,843ebabea0b9906f9,True,,,,,,,,,,1.0,1.0,1.0,1.0,0.4930579123252135,1.0,1.0,1.0,1.0,0.8415805976016293
5648,da13eae8d0d83af38,True,,,,,,,,,,1.0,1.0,1.0,1.0,1.0,1.0,0.0,1.0,1.0,0.875
5649,7b6367ddd040256d3,True,,,,,,,,,,1.0,1.0,1.0,1.0,1.0,1.0,0.0,1.0,1.0,0.875
5650,232ee9d7342aed6a0,True,,,,,,,,,,1.0,1.0,1.0,1.0,1.0,1.0,1.0,1.0,1.0,1.0
5651,e1c30e4d72a0c6a35,True,,,,,,,,,,0.0,1.0,0.5,1.0,1.0,0.0,0.0,1.0,1.0,0.0
5652,cd43d27167de6cc79,True,,,,,,,,,,1.0,1.0,0.0,1.0,1.0,1.0,0.0,1.0,0.0,0.0
5653,6e6061d855992b2c3,True,,,,,,,,,,1.0,1.0,1.0,1.0,0.287642802869171,1.0,1.0,1.0,1.0,0.7773883758966159
5654,2ffcefe9968b81e13,True,,,,,,,,,,1.0,1.0,0.5,1.0,0.429168848003592,1.0,0.0,1.0,0.0,0.2858076325005612
5655,2ec229f35727f71c8,True,,,,,,,,,,1.0,1.0,1.0,1.0,0.2084048700712271,1.0,0.0,1.0,0.0,0.5026265218972585
5656,d4c12619399c7d2e4,True,,,,,,,,,,1.0,1.0,1.0,1.0,1.0,1.0,1.0,1.0,0.0,0.875
5657,99e402b94de45b44b,True,,,,,,,,,,1.0,1.0,1.0,1.0,0.2864811769713677,1.0,1.0,1.0,1.0,0.7770253678035524
5658,8d911e0483906d5f9,True,,,,,,,,,,1.0,1.0,1.0,1.0,1.0,1.0,1.0,1.0,0.0,0.875
5659,e677a32f0475fc05e,True,,,,,,,,,,1.0,1.0,1.0,1.0,0.397085214296821,1.0,0.0,1.0,1.0,0.6865891294677565
5660,af26e74f0d5def154,True,,,,,,,,,,1.0,1.0,1.0,1.0,0.3794267095417188,1.0,0.0,1.0,1.0,0.6810708467317872
5661,8499ef24e45dc8fa6,True,,,,,,,,,,1.0,0.0,0.0,1.0,1.0,1.0,0.0,1.0,1.0,0.0
5662,4e1acfe6d874f554d,True,,,,,,,,,,1.0,1.0,1.0,1.0,0.6536568264795278,1.0,1.0,1.0,0.0,0.7667677582748524
5663,554118efec9ed40ce,True,,,,,,,,,,1.0,1.0,1.0,1.0,0.9217675489253684,1.0,0.0,1.0,0.0,0.7255523590391776
5664,ce0d18bc2635a901b,True,,,,,,,,,,1.0,1.0,1.0,1.0,0.9101389350093384,1.0,0.0,1.0,0.0,0.7219184171904183
5665,193752eccdb929fcc,True,,,,,,,,,,1.0,1.0,1.0,1.0,0.2390200393053304,1.0,0.0,1.0,0.0,0.5121937622829158
5666,c7d0ddf8a1a463297,True,,,,,,,,,,1.0,1.0,1.0,1.0,0.7387209874369075,1.0,0.0,1.0,0.0,0.6683503085740337
5667,b5f4b999881d2b7f7,True,,,,,,,,,,1.0,1.0,1.0,1.0,0.6048192428333249,1.0,0.0,1.0,1.0,0.751506013385414
5668,99843a353c9918cfd,True,,,,,,,,,,1.0,1.0,1.0,1.0,0.4858187742785759,1.0,1.0,1.0,1.0,0.839318366962055
5669,fa38f3940f913e8fd,True,,,,,,,,,,1.0,0.0,1.0,1.0,1.0,1.0,0.0,1.0,0.0,0.0
5670,7fd5398b4e1c42134,True,,,,,,,,,,1.0,0.0,1.0,1.0,1.0,1.0,1.0,1.0,0.0,0.0
5671,0c90e4fca67a92e84,True,,,,,,,,,,0.0,1.0,1.0,1.0,1.0,0.0,0.0,1.0,0.0,0.0
5672,e4755b06844a3bf92,True,,,,,,,,,,1.0,1.0,1.0,1.0,1.0,1.0,0.0,1.0,0.0,0.75
5673,c60975bf95e458f4f,True,,,,,,,,,,1.0,1.0,1.0,1.0,0.7582293610798391,1.0,1.0,0.0,0.0,0.6744466753374497
5674,29a75324e23136d91,True,,,,,,,,,,1.0,1.0,1.0,1.0,0.5867612332670762,1.0,1.0,1.0,0.0,0.7458628853959612
5675,d9f0da556a4c7bb77,True,,,,,,,,,,1.0,1.0,1.0,1.0,0.7370033313177056,1.0,0.0,1.0,0.0,0.6678135410367829
5676,b39cc0075afc7d408,True,,,,,,,,,,1.0,1.0,1.0,1.0,0.5264210984642061,1.0,0.0,1.0,1.0,0.7270065932700644
5677,87ba78b703221d111,True,,,,,,,,,,1.0,1.0,1.0,1.0,1.0,1.0,1.0,1.0,1.0,1.0
5678,25c09023519316f41,True,,,,,,,,,,1.0,0.0,1.0,1.0,1.0,1.0,1.0,1.0,0.0,0.0
5679,40e3b1336b570fbf6,True,,,,,,,,,,1.0,1.0,0.0,1.0,1.0,1.0,0.0,1.0,1.0,0.0
5680,4c8f99b2e4efaa034,True,,,,,,,,,,1.0,1.0,1.0,1.0,0.1773332699977343,1.0,0.0,1.0,1.0,0.617916646874292
5681,a382d4a158cc4f443,True,,,,,,,,,,1.0,1.0,1.0,1.0,0.6755719550805069,1.0,0.0,1.0,1.0,0.7736162359626584
5682,3423788f9b45444ab,True,,,,,,,,,,1.0,1.0,1.0,1.0,0.6804942098249527,1.0,1.0,1.0,0.0,0.7751544405702977
5683,e1275cf277c0a36c1,True,,,,,,,,,,1.0,1.0,1.0,1.0,0.6633740980349377,1.0,0.0,1.0,0.0,0.644804405635918
5684,43f7fbb8fc3c4d17b,True,,,,,,,,,,1.0,1.0,1.0,1.0,1.0,1.0,1.0,1.0,1.0,1.0
5685,0ac03aaa52e160cd9,True,,,,,,,,,,1.0,1.0,1.0,1.0,0.2245309539534593,1.0,1.0,1.0,1.0,0.757665923110456
5686,36a59107f58b13a57,True,,,,,,,,,,1.0,1.0,1.0,1.0,0.6120757050796165,1.0,0.0,1.0,1.0,0.7537736578373802
5687,ba5e7c7cbfedb9d37,True,,,,,,,,,,0.0,0.0,1.0,1.0,1.0,0.0,0.0,1.0,0.0,0.0
5688,068049348ed36eb6a,True,,,,,,,,,,1.0,1.0,1.0,1.0,0.8356161190073134,1.0,0.0,1.0,1.0,0.8236300371897854
5689,56b4d54802fcfc9b1,True,,,,,,,,,,1.0,1.0,1.0,1.0,0.8513635588943528,1.0,0.0,1.0,1.0,0.8285511121544853
5690,4afd4718ce4caab2c,True,,,,,,,,,,1.0,0.0,1.0,1.0,0.4084853310782611,1.0,1.0,1.0,1.0,0.0
5691,80de7b5aab26bbca8,True,,,,,,,,,,1.0,1.0,1.0,1.0,0.5594926448909465,1.0,1.0,1.0,0.0,0.7373414515284208
5692,9ef93765e3465f27d,True,,,,,,,,,,1.0,1.0,0.0,1.0,0.8084176993560503,1.0,0.0,1.0,0.0,0.0
5693,c1db792a77989232e,True,,,,,,,,,,1.0,1.0,1.0,1.0,0.3698211246469857,1.0,0.0,1.0,1.0,0.678069101452183
5694,7e105472ccbc51b6a,True,,,,,,,,,,0.0,1.0,1.0,1.0,1.0,0.0,0.0,1.0,0.0,0.0
5695,89267c56db23f89c7,True,,,,,,,,,,1.0,1.0,1.0,1.0,0.8110887650176348,1.0,1.0,1.0,0.0,0.8159652390680109
5696,e6d32880a78e81ea9,True,,,,,,,,,,1.0,1.0,1.0,1.0,0.5201000046089476,1.0,0.0,1.0,1.0,0.7250312514402961
5697,01f31009879396921,True,,,,,,,,,,1.0,1.0,1.0,1.0,0.6936121438721873,1.0,1.0,1.0,0.0,0.7792537949600585
5698,64176216fb79bf46c,True,,,,,,,,,,1.0,1.0,1.0,1.0,0.6261220525259195,1.0,0.0,1.0,1.0,0.7581631414143498
5699,5913dfbc435fb100c,True,,,,,,,,,,0.0,1.0,1.0,1.0,1.0,0.0,1.0,1.0,1.0,0.0
5700,fb0fb16361fd50a45,True,,,,,,,,,,1.0,1.0,1.0,1.0,0.3246541010745912,1.0,1.0,1.0,1.0,0.7889544065858097
5701,e306d6a4971bcbd83,True,,,,,,,,,,1.0,1.0,1.0,1.0,1.0,1.0,1.0,1.0,0.0,0.875
5702,4e0c450f15f308dcf,True,,,,,,,,,,1.0,1.0,1.0,1.0,0.3336138643718552,0.0,1.0,1.0,1.0,0.4792543326162047
5703,4c838e94f573fa977,True,,,,,,,,,,1.0,1.0,1.0,1.0,0.4030180094200757,1.0,0.0,1.0,1.0,0.6884431279437737
5704,589cc001fa920c158,True,,,,,,,,,,0.0,1.0,0.5,1.0,1.0,0.0,0.0,1.0,1.0,0.0
5705,7d7a22329b9cef777,True,,,,,,,,,,1.0,1.0,1.0,1.0,0.8039419032789263,1.0,1.0,1.0,0.0,0.8137318447746644
5706,255fdde0f485718e4,True,,,,,,,,,,1.0,0.0,1.0,1.0,1.0,1.0,0.0,1.0,0.0,0.0
5707,c1ab514b18918fc4d,True,,,,,,,,,,1.0,1.0,1.0,0.0,0.7476838875465486,1.0,0.0,1.0,1.0,0.0
5708,3f94a9e099ddf73f0,True,,,,,,,,,,0.0,1.0,1.0,1.0,1.0,0.0,0.0,1.0,0.0,0.0
5709,31df3ebdb68bf83fe,True,,,,,,,,,,0.0,1.0,1.0,1.0,1.0,0.0,1.0,1.0,0.0,0.0
5710,b57ec07d7cbceb48b,True,,,,,,,,,,1.0,1.0,1.0,1.0,0.8475136429941726,1.0,1.0,1.0,1.0,0.952348013435679
5711,ca366055bc1b9838a,True,,,,,,,,,,1.0,1.0,1.0,1.0,0.9363548635534726,1.0,1.0,1.0,0.0,0.8551108948604602
5712,78cbfd303e7f32efc,True,,,,,,,,,,1.0,1.0,1.0,1.0,1.0,1.0,0.0,1.0,0.0,0.75
5713,29155e956236db1c4,True,,,,,,,,,,1.0,1.0,1.0,1.0,0.5100336089831888,1.0,0.0,1.0,1.0,0.7218855028072465
5714,7f2c914bf8b40c7b7,True,,,,,,,,,,1.0,1.0,1.0,1.0,0.5554048589977312,1.0,1.0,1.0,0.0,0.736064018436791
5715,9b8863dbb1afcaba3,True,,,,,,,,,,1.0,1.0,0.5,1.0,1.0,1.0,0.0,1.0,0.0,0.375
5716,f48375618b581af7d,True,,,,,,,,,,1.0,0.0,1.0,1.0,1.0,1.0,1.0,0.0,0.0,0.0
5717,48f968a3c272876d9,True,,,,,,,,,,1.0,1.0,1.0,1.0,0.2930246675668708,1.0,1.0,1.0,1.0,0.7790702086146472
5718,e0e4ca847f84568a3,True,,,,,,,,,,1.0,1.0,1.0,1.0,0.6157341441491124,1.0,0.0,1.0,1.0,0.7549169200465976
5719,aeafb748fb3a37e8c,True,,,,,,,,,,1.0,1.0,1.0,1.0,0.4167671107068472,1.0,1.0,1.0,0.0,0.6927397220958897
5720,ac83e59ec47471195,True,,,,,,,,,,1.0,1.0,1.0,1.0,0.413773302994961,1.0,1.0,1.0,1.0,0.8168041571859253
5721,20264c75b9737127d,True,,,,,,,,,,1.0,1.0,1.0,1.0,0.7744603063733523,1.0,1.0,1.0,1.0,0.9295188457416724
5722,f726e244468ccbbe6,True,,,,,,,,,,1.0,1.0,1.0,1.0,0.6871744941624525,1.0,1.0,1.0,0.0,0.7772420294257664
5723,8da51d4b0fa17ee9a,True,,,,,,,,,,1.0,1.0,1.0,1.0,0.7560787282146978,1.0,0.0,1.0,0.0,0.6737746025670931
5724,863415a0e3cc1897d,True,,,,,,,,,,1.0,1.0,1.0,1.0,0.7243825445617817,1.0,1.0,1.0,0.0,0.7888695451755567
5725,b6eff4db462e0b665,True,,,,,,,,,,1.0,1.0,1.0,1.0,1.0,1.0,1.0,1.0,0.0,0.875
5726,c855eb02dea11b02e,True,,,,,,,,,,1.0,1.0,0.0,1.0,1.0,1.0,0.0,1.0,0.0,0.0
5727,ad82260eea030954f,True,,,,,,,,,,1.0,1.0,1.0,1.0,0.6815929241204856,1.0,1.0,1.0,0.0,0.7754977887876517
5728,19f37ab0ecf15f254,True,,,,,,,,,,1.0,1.0,1.0,1.0,0.7901039233563765,1.0,0.0,1.0,1.0,0.8094074760488676
5729,71965da4aff01d13c,True,,,,,,,,,,1.0,1.0,1.0,1.0,0.2599178213367938,1.0,1.0,1.0,0.0,0.6437243191677481
5730,e4cf6ec3cedd01e6b,True,,,,,,,,,,1.0,1.0,1.0,1.0,0.96936057091123,1.0,0.0,1.0,0.0,0.7404251784097593
5731,7928a371230bc1be6,True,,,,,,,,,,1.0,1.0,1.0,1.0,1.0,1.0,1.0,1.0,1.0,1.0
5732,bc686838d510dad87,True,,,,,,,,,,1.0,1.0,1.0,1.0,0.7421849303645451,1.0,0.0,1.0,1.0,0.7944327907389204
5733,dfb3b08e2dddf7b38,True,,,,,,,,,,1.0,1.0,1.0,1.0,0.6965376553392186,1.0,0.0,1.0,0.0,0.6551680172935058
5734,d9a1e3491e140bd54,True,,,,,,,,,,1.0,1.0,1.0,1.0,0.1953127748260977,1.0,1.0,1.0,0.0,0.6235352421331555
5735,624d6c465e568f7a9,True,,,,,,,,,,1.0,0.0,1.0,1.0,1.0,1.0,0.0,0.0,0.0,0.0
5736,86275551f43e6b105,True,,,,,,,,,,0.0,1.0,1.0,1.0,1.0,0.0,0.0,1.0,0.0,0.0
5737,28c1180e271272d18,True,,,,,,,,,,1.0,0.0,1.0,1.0,1.0,1.0,1.0,1.0,1.0,0.0
5738,b494d2dc15c7b315f,True,,,,,,,,,,1.0,1.0,1.0,1.0,1.0,1.0,0.0,1.0,1.0,0.875
5739,9c849c1f3da3d7ffa,True,,,,,,,,,,1.0,1.0,1.0,1.0,0.4167602997828292,1.0,1.0,1.0,1.0,0.8177375936821341
5740,ecefe6eb9d594a685,True,,,,,,,,,,1.0,1.0,1.0,1.0,0.9314027858324424,1.0,1.0,1.0,1.0,0.9785633705726382
5741,41d2023a1a51da75e,True,,,,,,,,,,1.0,1.0,1.0,1.0,0.989771599841352,1.0,1.0,1.0,0.0,0.8718036249504224
5742,ff268d62e1e2110ec,True,,,,,,,,,,1.0,1.0,1.0,1.0,1.0,1.0,1.0,1.0,0.0,0.875
5743,cfd0e5de5d28d1a6e,True,,,,,,,,,,1.0,1.0,1.0,1.0,0.1963702990072346,1.0,0.0,1.0,1.0,0.6238657184397609
5744,4e0a366def21f29ed,True,,,,,,,,,,1.0,1.0,1.0,1.0,0.5351006200279645,1.0,1.0,1.0,0.0,0.7297189437587389
5745,aaf0cbe31c7a5aa33,True,,,,,,,,,,1.0,1.0,0.5,1.0,1.0,1.0,0.0,1.0,0.0,0.375
5746,ac187965e42f68435,True,,,,,,,,,,1.0,1.0,1.0,1.0,0.81838352346556,1.0,1.0,1.0,1.0,0.9432448510829876
5747,3c5f94f941b068a40,True,,,,,,,,,,0.0,1.0,1.0,1.0,1.0,0.0,1.0,1.0,0.0,0.0
5748,b016a907699ca499b,True,,,,,,,,,,0.0,1.0,1.0,1.0,1.0,0.0,0.0,1.0,0.0,0.0
5749,60bf68aa5fc67729a,True,,,,,,,,,,1.0,1.0,1.0,1.0,0.0826873445527183,1.0,1.0,1.0,1.0,0.7133397951727245
5750,2b357fcebd9642bfe,True,,,,,,,,,,1.0,0.0,1.0,1.0,1.0,1.0,0.0,1.0,1.0,0.0
5751,bd8218a7ee5744998,True,,,,,,,,,,1.0,1.0,1.0,1.0,0.4405453000726368,1.0,1.0,1.0,0.0,0.700170406272699
5752,7e6c6310177832aed,True,,,,,,,,,,1.0,1.0,1.0,1.0,0.9335800939844286,1.0,1.0,1.0,1.0,0.979243779370134
5753,3c5f6c1f10df6f892,True,,,,,,,,,,1.0,0.0,1.0,1.0,1.0,1.0,1.0,1.0,0.0,0.0
5754,655169c8955ef778b,True,,,,,,,,,,1.0,1.0,1.0,1.0,1.0,1.0,1.0,1.0,1.0,1.0
5755,47269d59365ccc36c,True,,,,,,,,,,1.0,1.0,1.0,1.0,0.9250724978003244,1.0,1.0,1.0,1.0,0.9765851555626014
5756,3b8ae7a448c0eb280,True,,,,,,,,,,1.0,0.0,1.0,1.0,1.0,1.0,1.0,0.0,0.0,0.0
5757,832b4c7a0e847fb0c,True,,,,,,,,,,1.0,1.0,1.0,1.0,1.0,1.0,1.0,1.0,1.0,1.0
5758,f2d69faa21d148235,True,,,,,,,,,,1.0,1.0,1.0,1.0,0.7132474690508446,1.0,1.0,1.0,0.0,0.7853898340783889
5759,6a39e3072cc5a4e56,True,,,,,,,,,,1.0,1.0,1.0,1.0,0.8030190455913772,1.0,1.0,1.0,0.0,0.8134434517473054
5760,271b906800ea0cf57,True,,,,,,,,,,1.0,0.0,1.0,1.0,1.0,1.0,0.0,1.0,0.0,0.0
5761,fe2ce74b2caa3fec8,True,,,,,,,,,,1.0,1.0,1.0,1.0,0.094259561929203,1.0,1.0,1.0,1.0,0.716956113102876
5762,07f4044fd390149ba,True,,,,,,,,,,1.0,1.0,0.5,1.0,1.0,1.0,0.0,1.0,1.0,0.4375
5763,7eb1127a01c79ed76,True,,,,,,,,,,1.0,1.0,1.0,1.0,0.7213505965497193,1.0,1.0,1.0,0.0,0.7879220614217872
5764,61fc4b92e35089b4c,True,,,,,,,,,,1.0,1.0,1.0,1.0,0.8977966241841029,1.0,1.0,1.0,0.0,0.8430614450575322
5765,6d0d47e6df17b8442,True,,,,,,,,,,1.0,1.0,1.0,1.0,0.7142955721775093,1.0,1.0,1.0,1.0,0.9107173663054716
5766,8d2018c3d25b185de,True,,,,,,,,,,1.0,1.0,1.0,1.0,0.7609390614405585,1.0,1.0,1.0,1.0,0.9252934567001744
5767,322862242b452cccc,True,,,,,,,,,,1.0,0.0,1.0,1.0,0.6590368150094364,1.0,0.0,1.0,1.0,0.0
5768,6d11863653324dee3,True,,,,,,,,,,0.0,1.0,1.0,1.0,1.0,0.0,0.0,1.0,1.0,0.0
5769,69958b4858f9aa696,True,,,,,,,,,,1.0,1.0,1.0,1.0,1.0,1.0,1.0,1.0,0.0,0.875
5770,98fc31c7de325cbf0,True,,,,,,,,,,1.0,1.0,1.0,1.0,0.8796269534448016,1.0,1.0,1.0,0.0,0.8373834229515005
5771,d12ce90d3b2b4d63a,True,,,,,,,,,,1.0,1.0,1.0,1.0,0.5462474494761151,1.0,1.0,1.0,0.0,0.733202327961286
5772,b1606575e4b94f15c,True,,,,,,,,,,1.0,1.0,1.0,1.0,0.9059770926272148,1.0,1.0,1.0,1.0,0.9706178414460046
5773,a9b1d16817d446b6e,True,,,,,,,,,,1.0,1.0,1.0,1.0,0.7707304765907855,1.0,1.0,1.0,0.0,0.8033532739346205
5774,802f2dcbc798db1bd,True,,,,,,,,,,1.0,0.0,1.0,1.0,1.0,1.0,0.0,1.0,0.0,0.0
5775,58ab5764f037eca22,True,,,,,,,,,,1.0,0.0,1.0,1.0,0.2233856296674389,1.0,0.0,1.0,0.0,0.0
5776,dda43e7963e96149d,True,,,,,,,,,,1.0,1.0,1.0,1.0,0.5902355691730651,1.0,1.0,1.0,1.0,0.8719486153665829
5777,eeccf27f0b76f2d75,True,,,,,,,,,,1.0,0.0,1.0,1.0,1.0,1.0,1.0,1.0,0.0,0.0
5778,f6d1ce467bb8ef333,True,,,,,,,,,,1.0,1.0,1.0,1.0,0.3760008421351009,1.0,1.0,1.0,0.0,0.6800002631672191
5779,0ff61f43578c0d8e7,True,,,,,,,,,,1.0,0.0,0.0,1.0,1.0,1.0,0.0,1.0,0.0,0.0
5780,6ecd877422fdf9247,True,,,,,,,,,,1.0,1.0,1.0,1.0,0.2661574841627819,1.0,1.0,1.0,1.0,0.7706742138008693
5781,74a93e74eb8082fae,True,,,,,,,,,,0.0,1.0,1.0,1.0,1.0,0.0,0.0,1.0,1.0,0.0
5782,cf516d2c4d97e69a8,True,,,,,,,,,,1.0,0.0,1.0,1.0,1.0,1.0,1.0,1.0,0.0,0.0
5783,7d00bd785ae5140f2,True,,,,,,,,,,1.0,1.0,1.0,1.0,1.0,1.0,1.0,1.0,0.0,0.875
5784,3b9ed44b6aec2276a,True,,,,,,,,,,1.0,1.0,1.0,1.0,0.546832879404753,1.0,1.0,1.0,1.0,0.8583852748139853
5785,a230273e8dabb271d,True,,,,,,,,,,1.0,1.0,1.0,1.0,1.0,1.0,0.0,1.0,1.0,0.875
5786,2f18d7c845a84a85c,True,,,,,,,,,,1.0,1.0,1.0,1.0,0.8943601415878688,1.0,1.0,1.0,1.0,0.966987544246209
5787,2d044f90ee817dc19,True,,,,,,,,,,1.0,0.0,0.0,1.0,1.0,1.0,0.0,0.0,0.0,0.0
5788,b6ff83d0cafd7c12e,True,,,,,,,,,,1.0,1.0,1.0,1.0,0.2408438793640077,1.0,0.0,1.0,0.0,0.5127637123012524
5789,aa598127cd934aa23,True,,,,,,,,,,1.0,1.0,1.0,1.0,0.5373028435236656,1.0,1.0,1.0,0.0,0.7304071386011455
5790,531e4c58eeca959a5,True,,,,,,,,,,1.0,1.0,1.0,1.0,0.7137454744522216,1.0,0.0,1.0,0.0,0.6605454607663193
5791,18cf30de794bcf3f5,True,,,,,,,,,,1.0,1.0,1.0,1.0,1.0,1.0,0.0,1.0,0.0,0.75
5792,ac0e0083b3ca184aa,True,,,,,,,,,,1.0,1.0,1.0,1.0,0.9922913531370132,1.0,1.0,0.0,0.0,0.7475910478553167
5793,0939026cbd6b9cc48,True,,,,,,,,,,1.0,1.0,1.0,1.0,0.7253767409542132,1.0,0.0,1.0,1.0,0.7891802315481916
5794,fd0fe3e97024a208f,True,,,,,,,,,,0.0,1.0,1.0,1.0,0.7190928416599583,0.0,0.0,1.0,0.0,0.0
5795,8b6ef443197adad55,True,,,,,,,,,,1.0,0.0,1.0,1.0,0.9175260231692636,1.0,1.0,1.0,0.0,0.0
5796,d0add012a511855fa,True,,,,,,,,,,1.0,1.0,1.0,1.0,0.3112926035841371,1.0,1.0,1.0,0.0,0.6597789386200429
5797,92bb9ea2567e28fca,True,,,,,,,,,,1.0,1.0,1.0,1.0,0.8070807770200568,1.0,1.0,1.0,1.0,0.9397127428187676
5798,be37c56ecccec8f54,True,,,,,,,,,,1.0,0.0,1.0,1.0,1.0,1.0,0.0,1.0,1.0,0.0
5799,1048c5ca4a09af32d,True,,,,,,,,,,1.0,1.0,1.0,1.0,0.6054717825213021,1.0,0.0,1.0,1.0,0.7517099320379069
5800,80d431e91d34320c9,True,,,,,,,,,,1.0,1.0,1.0,1.0,0.6526229944893931,1.0,0.0,1.0,1.0,0.7664446857779353
5801,d1a972f7af648078b,True,,,,,,,,,,1.0,1.0,1.0,1.0,0.7243186804674709,1.0,1.0,1.0,0.0,0.7888495876460847
5802,1a7308db2e3923b30,True,,,,,,,,,,1.0,1.0,1.0,1.0,0.5027105281320251,1.0,1.0,1.0,0.0,0.7195970400412579
5803,b947c49e539199af0,True,,,,,,,,,,1.0,1.0,1.0,1.0,0.4968696467840141,1.0,1.0,1.0,1.0,0.8427717646200044
5804,6fad2bc43e18270d8,True,,,,,,,,,,1.0,1.0,1.0,1.0,0.5833054255264503,1.0,1.0,1.0,0.0,0.7447829454770157
5805,bfee1080de1fa0853,True,,,,,,,,,,1.0,1.0,1.0,1.0,1.0,1.0,0.0,1.0,0.0,0.75
5806,624b352e4b7f8d830,True,,,,,,,,,,1.0,1.0,1.0,1.0,0.6466083832910188,1.0,1.0,1.0,1.0,0.8895651197784433
5807,ec7a65597cb09372c,True,,,,,,,,,,1.0,1.0,1.0,1.0,0.701342815358996,1.0,0.0,1.0,0.0,0.6566696297996862
5808,477b98093c6f47fcc,True,,,,,,,,,,1.0,0.0,1.0,1.0,0.5281351949802777,1.0,1.0,1.0,1.0,0.0
5809,cea842f2d5b0ad72d,True,,,,,,,,,,1.0,1.0,1.0,1.0,0.2233751430489161,1.0,1.0,1.0,1.0,0.7573047322027863
5810,ca4163d1efbe0dd9c,True,,,,,,,,,,1.0,1.0,0.5,1.0,1.0,1.0,0.0,1.0,0.0,0.375
5811,ab729d3e912f125a5,True,,,,,,,,,,1.0,1.0,1.0,1.0,1.0,1.0,0.0,1.0,0.0,0.75
5812,bccd8c64fe9f7bd3b,True,,,,,,,,,,1.0,1.0,1.0,0.0,1.0,1.0,1.0,1.0,1.0,0.0
5813,80b51199c992e8e79,True,,,,,,,,,,1.0,1.0,1.0,1.0,0.7624485070330834,1.0,0.0,1.0,0.0,0.6757651584478386
5814,951dde0b224c880bd,True,,,,,,,,,,1.0,1.0,1.0,1.0,0.4093655697048687,1.0,1.0,1.0,0.0,0.6904267405327715
5815,2931dbf8882478baa,True,,,,,,,,,,1.0,0.0,1.0,1.0,1.0,1.0,0.0,1.0,0.0,0.0
5816,7964eadbdbfc7f2a6,True,,,,,,,,,,1.0,1.0,1.0,1.0,0.1482261449396289,1.0,0.0,1.0,1.0,0.6088206702936341
5817,06a4317c41657c287,True,,,,,,,,,,1.0,1.0,0.0,1.0,1.0,1.0,0.0,1.0,0.0,0.0
5818,6b8ebd7a081ffa425,True,,,,,,,,,,1.0,0.0,0.5,1.0,1.0,1.0,0.0,1.0,0.0,0.0
5819,beae653519f0232e7,True,,,,,,,,,,1.0,1.0,1.0,1.0,0.6719853123345754,1.0,0.0,1.0,0.0,0.6474954101045548
5820,140e7d68475dc3f63,True,,,,,,,,,,1.0,0.0,0.0,1.0,0.7489869419167817,1.0,0.0,1.0,1.0,0.0
5821,8477f7ad00092e6c2,True,,,,,,,,,,1.0,0.0,1.0,1.0,1.0,1.0,1.0,1.0,0.0,0.0
5822,50af9c4a2721fb804,True,,,,,,,,,,1.0,0.0,1.0,1.0,1.0,1.0,1.0,1.0,0.0,0.0
5823,b9ec6c1f605a620f0,True,,,,,,,,,,1.0,1.0,1.0,1.0,0.6849561601846615,1.0,0.0,1.0,1.0,0.7765488000577068
5824,e1787c2ae57c993f3,True,,,,,,,,,,1.0,1.0,1.0,1.0,0.6599533637276805,1.0,0.0,1.0,0.0,0.6437354261649002
5825,c73d5b941b453432b,True,,,,,,,,,,1.0,1.0,1.0,1.0,0.4130123216538112,1.0,0.0,1.0,1.0,0.691566350516816
5826,44c452535c1f9bd1b,True,,,,,,,,,,1.0,1.0,1.0,1.0,0.5320144330455776,1.0,1.0,1.0,1.0,0.853754510326743
5827,53667f0557981798d,True,,,,,,,,,,1.0,1.0,1.0,1.0,0.7461297688908721,1.0,0.0,1.0,0.0,0.6706655527783976
5828,4c9f4af922d375f71,True,,,,,,,,,,1.0,1.0,1.0,1.0,0.7992117599476612,1.0,1.0,1.0,1.0,0.9372536749836442
5829,0935bea2b70d9fd2a,True,,,,,,,,,,1.0,1.0,1.0,1.0,0.9910446012477392,1.0,0.0,1.0,0.0,0.7472014378899186
5830,a4e64fbb3636ad2e6,True,,,,,,,,,,1.0,1.0,1.0,1.0,0.7967639341946892,1.0,0.0,1.0,0.0,0.6864887294358404
5831,4cdaeeeeccac7dcd3,True,,,,,,,,,,1.0,1.0,0.0,1.0,1.0,1.0,0.0,1.0,0.0,0.0
5832,df8882fb6dbefa033,True,,,,,,,,,,1.0,0.0,1.0,1.0,1.0,1.0,0.0,1.0,0.0,0.0
5833,e3bbe6b73a88e1b36,True,,,,,,,,,,1.0,1.0,1.0,1.0,0.4073353111007941,1.0,0.0,1.0,0.0,0.5647922847189981
5834,a43ef1df0d28a30db,True,,,,,,,,,,0.0,1.0,1.0,1.0,1.0,0.0,0.0,1.0,1.0,0.0
5835,25ca5866628df2ed3,True,,,,,,,,,,1.0,1.0,1.0,1.0,0.6102529503254891,1.0,1.0,1.0,0.0,0.7532040469767154
5836,d3fe928c762b0cd0d,True,,,,,,,,,,1.0,1.0,1.0,1.0,0.363058293621361,1.0,0.0,1.0,1.0,0.6759557167566753
5837,5fe4444b0088c0e14,True,,,,,,,,,,1.0,1.0,1.0,1.0,0.7947141031156275,1.0,1.0,1.0,0.0,0.8108481572236336
5838,32a33652619708c65,True,,,,,,,,,,1.0,1.0,1.0,1.0,0.5858783988177687,1.0,0.0,1.0,1.0,0.7455869996305527
5839,dab22ead12dbdd7e4,True,,,,,,,,,,1.0,1.0,1.0,1.0,0.684377302202942,1.0,1.0,1.0,0.0,0.7763679069384194
5840,b597eeb6a07198090,True,,,,,,,,,,1.0,1.0,1.0,1.0,0.909776821984543,1.0,1.0,1.0,1.0,0.9718052568701696
5841,85f43c57442169f13,True,,,,,,,,,,1.0,1.0,1.0,1.0,1.0,1.0,0.0,1.0,0.0,0.75
5842,0f4ea7fb12b00026d,True,,,,,,,,,,1.0,1.0,1.0,1.0,0.7718081173295585,1.0,1.0,1.0,1.0,0.928690036665487
5843,5a4fe1d15e2ccbce1,True,,,,,,,,,,1.0,1.0,1.0,1.0,0.6386576015437483,1.0,1.0,1.0,1.0,0.8870805004824214
5844,d220a708760298c7f,True,,,,,,,,,,1.0,1.0,1.0,1.0,0.928591983465432,1.0,1.0,1.0,1.0,0.9776849948329476
5845,32a0c7a629ebabc37,True,,,,,,,,,,1.0,1.0,1.0,0.0,1.0,1.0,1.0,1.0,0.0,0.0
5846,2c0f4b65d27645882,True,,,,,,,,,,0.0,1.0,1.0,1.0,1.0,0.0,1.0,1.0,0.0,0.0
5847,ddeb5e032c4e1657a,True,,,,,,,,,,1.0,1.0,1.0,1.0,0.5392924860698949,1.0,1.0,1.0,1.0,0.8560289018968421
5848,d9320fa5d2528afc4,True,,,,,,,,,,1.0,0.0,1.0,1.0,0.4695765463200918,1.0,1.0,1.0,1.0,0.0
5849,effa3c121b26ed3b5,True,,,,,,,,,,1.0,1.0,1.0,1.0,1.0,1.0,1.0,1.0,1.0,1.0
5850,3cd90acbf3a318f94,True,,,,,,,,,,1.0,1.0,1.0,1.0,1.0,1.0,0.0,1.0,0.0,0.75
5851,50efe42947fa108c7,True,,,,,,,,,,1.0,1.0,1.0,1.0,0.6065119470318172,1.0,1.0,1.0,1.0,0.8770349834474429
5852,0120638e7b2bd0bdf,True,,,,,,,,,,0.0,1.0,1.0,1.0,1.0,0.0,1.0,1.0,1.0,0.0
5853,f228148d75c9d3b09,True,,,,,,,,,,1.0,1.0,1.0,1.0,0.5753922939282456,1.0,1.0,1.0,1.0,0.8673100918525768
5854,00c31cdc6c3be2b28,True,,,,,,,,,,1.0,1.0,1.0,1.0,0.5641984338041892,1.0,1.0,0.0,1.0,0.7388120105638092
5855,3a96e943c2c264f67,True,,,,,,,,,,1.0,1.0,0.5,1.0,0.3975221817164078,1.0,0.0,1.0,0.0,0.2808628408931887
5856,45eccc47d6cb959e7,True,,,,,,,,,,1.0,1.0,1.0,1.0,0.2956294360566968,1.0,1.0,1.0,1.0,0.7798841987677178
5857,a5905de8a4fa82e21,True,,,,,,,,,,1.0,1.0,1.0,1.0,0.88574142106058,1.0,1.0,1.0,1.0,0.9642941940814312
5858,d18ebc94f4f3cb405,True,,,,,,,,,,1.0,1.0,1.0,1.0,1.0,1.0,0.0,1.0,1.0,0.875
5859,a299bacf7699bbf82,True,,,,,,,,,,1.0,1.0,1.0,1.0,0.3076217603863582,1.0,1.0,1.0,1.0,0.783631800120737
5860,a436762e9938c1e5b,True,,,,,,,,,,1.0,1.0,1.0,1.0,1.0,1.0,1.0,1.0,0.0,0.875
5861,2bdf702f467e5cdf1,True,,,,,,,,,,1.0,1.0,1.0,1.0,0.430826924603323,1.0,0.0,1.0,1.0,0.6971334139385384
5862,063ea0d49748630a5,True,,,,,,,,,,1.0,1.0,1.0,1.0,0.6206822380127945,1.0,1.0,1.0,1.0,0.8814631993789983
5863,015532dcc98a07ab5,True,,,,,,,,,,1.0,1.0,0.0,1.0,0.7151967018833636,1.0,0.0,1.0,0.0,0.0
5864,78de0559e7e44a61a,True,,,,,,,,,,1.0,0.0,1.0,1.0,0.9498662438933578,1.0,1.0,1.0,0.0,0.0
5865,e717e9e58fcb1f253,True,,,,,,,,,,1.0,1.0,1.0,1.0,0.8540328278261263,1.0,0.0,1.0,0.0,0.7043852586956645
5866,5fcf415bcf1a37722,True,,,,,,,,,,1.0,1.0,1.0,1.0,1.0,1.0,0.0,0.0,0.0,0.625
5867,37059447ec970c23a,True,,,,,,,,,,1.0,1.0,1.0,1.0,0.9503118477184088,1.0,1.0,1.0,1.0,0.9844724524120028
5868,9985c549514dec050,True,,,,,,,,,,1.0,1.0,0.5,1.0,1.0,1.0,0.0,1.0,1.0,0.4375
5869,3c2d7205574952616,True,,,,,,,,,,1.0,1.0,1.0,1.0,1.0,0.0,0.0,1.0,0.0,0.4375
5870,669069f25d57f77ae,True,,,,,,,,,,1.0,1.0,0.0,1.0,1.0,1.0,0.0,1.0,0.0,0.0
5871,9225b4285de2f81d8,True,,,,,,,,,,1.0,1.0,1.0,1.0,1.0,1.0,1.0,1.0,1.0,1.0
5872,2028fc3dfa9816bf8,True,,,,,,,,,,1.0,1.0,1.0,1.0,0.4729382158114033,1.0,1.0,1.0,0.0,0.7102931924410636
5873,98dc40005346d2d4e,True,,,,,,,,,,1.0,1.0,1.0,1.0,0.1785350270044174,1.0,1.0,1.0,0.0,0.6182921959388805
5874,858914d079ed93fdb,True,,,,,,,,,,1.0,1.0,1.0,1.0,1.0,1.0,1.0,1.0,1.0,1.0
5875,8003dfc9e785aaede,True,,,,,,,,,,0.0,1.0,1.0,1.0,1.0,0.0,1.0,1.0,0.0,0.0
5876,c3ae26874d15feb7d,True,,,,,,,,,,1.0,1.0,1.0,1.0,0.7083834143167245,1.0,0.0,1.0,1.0,0.7838698169739764
5877,67580f8a1bb721dcf,True,,,,,,,,,,1.0,1.0,0.5,1.0,0.7805699492687547,1.0,0.0,1.0,1.0,0.4032140545732429
5878,1c53867c6f662be8f,True,,,,,,,,,,1.0,1.0,0.0,1.0,1.0,1.0,0.0,1.0,0.0,0.0
5879,5d499c9197211c7e4,True,,,,,,,,,,0.0,1.0,1.0,1.0,1.0,0.0,0.0,1.0,0.0,0.0
5880,9d5d767fac644cae7,True,,,,,,,,,,1.0,1.0,0.0,1.0,1.0,1.0,0.0,1.0,0.0,0.0
5881,6a4de6b536cc07742,True,,,,,,,,,,1.0,1.0,1.0,1.0,0.5628888460890757,1.0,0.0,1.0,1.0,0.7384027644028361
5882,b74ed296010c24598,True,,,,,,,,,,0.0,1.0,1.0,0.0,1.0,0.0,1.0,1.0,0.0,0.0
5883,d917882ea2d51f02c,True,,,,,,,,,,1.0,1.0,0.5,1.0,0.6237142283884954,1.0,0.0,1.0,0.0,0.3162053481857024
5884,493f02989c4ff9aac,True,,,,,,,,,,1.0,1.0,1.0,1.0,0.2398671813808508,1.0,1.0,1.0,1.0,0.7624584941815159
5885,5b8b54ff77ea4777f,True,,,,,,,,,,1.0,1.0,1.0,1.0,0.1304008952506632,1.0,0.0,1.0,1.0,0.6032502797658322
5886,a389c63fbad3287f2,True,,,,,,,,,,1.0,1.0,1.0,1.0,0.9274811259079012,1.0,1.0,1.0,0.0,0.8523378518462191
5887,83e0eefcee219247b,True,,,,,,,,,,1.0,1.0,1.0,1.0,0.5532512731098831,1.0,0.0,1.0,0.0,0.6103910228468384
5888,14f7e3a226b0e16d8,True,,,,,,,,,,1.0,1.0,0.5,1.0,0.9735583489835128,1.0,0.0,1.0,0.0,0.3708684920286739
5889,7cef24e9f023c00e8,True,,,,,,,,,,1.0,1.0,1.0,1.0,0.6506371398885542,1.0,1.0,1.0,0.0,0.7658241062151732
5890,4b7a0a59fd31c7c90,True,,,,,,,,,,1.0,1.0,0.0,1.0,1.0,1.0,0.0,1.0,1.0,0.0
5891,346c72dba6f32d44c,True,,,,,,,,,,1.0,1.0,1.0,1.0,1.0,1.0,0.0,1.0,0.0,0.75
5892,e78314605bf2c19c9,True,,,,,,,,,,1.0,1.0,1.0,1.0,0.8909717986530912,1.0,1.0,1.0,1.0,0.965928687079091
5893,9afe3b5ff03c0b6bf,True,,,,,,,,,,1.0,1.0,1.0,1.0,1.0,1.0,1.0,1.0,0.0,0.875
5894,cad5818510a871f22,True,,,,,,,,,,0.0,1.0,1.0,1.0,1.0,0.0,1.0,1.0,0.0,0.0
5895,bc0cc2d8f71b0e8a8,True,,,,,,,,,,1.0,1.0,1.0,1.0,0.6626070284022053,1.0,1.0,1.0,0.0,0.7695646963756891
5896,5cd73374e1336ce3f,True,,,,,,,,,,1.0,1.0,0.0,1.0,1.0,1.0,0.0,1.0,1.0,0.0
5897,35dde9258cf9db5c2,True,,,,,,,,,,1.0,1.0,1.0,1.0,0.6644096578596255,1.0,0.0,1.0,0.0,0.645128018081133
5898,36350983298c6896a,True,,,,,,,,,,1.0,1.0,1.0,1.0,0.3068077455839364,1.0,1.0,1.0,1.0,0.7833774204949802
5899,67f4ac3e85d08fa8a,True,,,,,,,,,,1.0,1.0,1.0,1.0,0.6668593764092742,1.0,1.0,1.0,0.0,0.7708935551278981
5900,a3adc8c27da8f8689,True,,,,,,,,,,1.0,1.0,1.0,1.0,0.572129086543555,1.0,1.0,1.0,1.0,0.8662903395448609
5901,bb539282bfa7303c7,True,,,,,,,,,,1.0,1.0,1.0,1.0,0.8965564038553753,1.0,0.0,1.0,1.0,0.8426738762048047
5902,587695426dcca63ae,True,,,,,,,,,,1.0,1.0,1.0,1.0,0.919341662974068,1.0,1.0,1.0,0.0,0.8497942696793963
5903,d798add46e9093547,True,,,,,,,,,,1.0,1.0,0.0,1.0,1.0,1.0,0.0,1.0,0.0,0.0
5904,7e15600681ad3a48a,True,,,,,,,,,,1.0,1.0,1.0,1.0,0.8922585026881984,1.0,0.0,1.0,1.0,0.841330782090062
5905,a677f3956eddc7eac,True,,,,,,,,,,1.0,1.0,0.0,1.0,0.7750462859874072,1.0,0.0,1.0,1.0,0.0
5906,4f54492b07cc07b87,True,,,,,,,,,,0.0,1.0,1.0,1.0,1.0,0.0,0.0,1.0,0.0,0.0
5907,c69cdc989b0472928,True,,,,,,,,,,1.0,1.0,1.0,1.0,1.0,1.0,0.0,1.0,1.0,0.875
5908,dd6072ab6974966f7,True,,,,,,,,,,1.0,1.0,0.0,1.0,1.0,1.0,0.0,1.0,1.0,0.0
5909,5b11f358da127ff72,True,,,,,,,,,,1.0,1.0,1.0,1.0,0.7155440578289585,1.0,0.0,1.0,0.0,0.6611075180715495
5910,d10399f19fe745cd8,True,,,,,,,,,,0.0,1.0,1.0,1.0,1.0,0.0,1.0,1.0,0.0,0.0
5911,fbaef0dd45ccf2413,True,,,,,,,,,,1.0,0.0,1.0,1.0,0.5851293596217,1.0,1.0,1.0,1.0,0.0
