,token,valid,no_at_fault_collisions_stage_one,drivable_area_compliance_stage_one,driving_direction_compliance_stage_one,traffic_light_compliance_stage_one,ego_progress_stage_one,time_to_collision_within_bound_stage_one,lane_keeping_stage_one,history_comfort_stage_one,two_frame_extended_comfort_stage_one,no_at_fault_collisions_stage_two,drivable_area_compliance_stage_two,driving_direction_compliance_stage_two,traffic_light_compliance_stage_two,ego_progress_stage_two,time_to_collision_within_bound_stage_two,lane_keeping_stage_two,history_comfort_stage_two,two_frame_extended_comfort_stage_two,score
0,c296ded44f9a509a,True,1.0,0.0,1.0,1.0,0.7127558716558021,1.0,1.0,1.0,1.0,,,,,,,,,,0.0
1,ad34e2d0d3865530,True,1.0,1.0,1.0,1.0,0.8220596362837103,1.0,1.0,1.0,0.0,,,,,,,,,,0.8193936363386595
2,e2ae05340dba502d,True,1.0,1.0,1.0,1.0,0.6982050003027074,1.0,1.0,1.0,1.0,,,,,,,,,,0.905689062594596
3,17a015f4ef9b56d0,True,1.0,1.0,1.0,1.0,0.44205545048178413,1.0,1.0,1.0,1.0,,,,,,,,,,0.8256423282755575
4,52deeca9acf35603,True,1.0,1.0,1.0,1.0,1.0,1.0,1.0,1.0,1.0,,,,,,,,,,1.0
5,d5b18d6105c25004,True,1.0,1.0,1.0,1.0,1.0,1.0,1.0,1.0,0.0,,,,,,,,,,0.875
6,0f422a003dab525e,True,1.0,1.0,1.0,1.0,0.7708513693340682,1.0,1.0,1.0,1.0,,,,,,,,,,0.9283910529168963
7,a5183d5f2da251fa,True,1.0,1.0,1.0,1.0,1.0,1.0,1.0,1.0,1.0,,,,,,,,,,1.0
8,57ef08c8f98457d7,True,1.0,1.0,1.0,1.0,0.9016859805188914,1.0,1.0,1.0,1.0,,,,,,,,,,0.9692768689121536
9,f56b0cc9c9d95421,True,1.0,1.0,1.0,1.0,1.0,1.0,1.0,1.0,0.0,,,,,,,,,,0.875
10,2c8a58b94332570d,True,1.0,1.0,1.0,1.0,1.0,1.0,1.0,1.0,0.0,,,,,,,,,,0.875
11,0ce170237acd51c2,True,1.0,1.0,1.0,1.0,0.9623709144257031,1.0,1.0,1.0,0.0,,,,,,,,,,0.8632409107580322
12,99ebd32df2f453f8,True,1.0,1.0,1.0,1.0,1.0,1.0,1.0,1.0,1.0,,,,,,,,,,1.0
13,470cfa23e42757c3,True,1.0,1.0,1.0,1.0,0.5322504936595165,1.0,1.0,1.0,0.0,,,,,,,,,,0.7288282792685989
14,1a928640315c5332,True,1.0,1.0,1.0,1.0,0.786718511383574,1.0,1.0,1.0,0.0,,,,,,,,,,0.8083495348073668
15,bcf787cdb66453f0,True,1.0,1.0,1.0,1.0,0.5632638068844243,1.0,1.0,1.0,0.0,,,,,,,,,,0.7385199396513826
16,9191f3f8644d50cb,True,1.0,1.0,1.0,1.0,0.8330639620630865,1.0,1.0,1.0,0.0,,,,,,,,,,0.8228324881447145
17,0fde069313a35062,True,1.0,1.0,1.0,1.0,1.0,1.0,0.0,1.0,1.0,,,,,,,,,,0.875
18,529d2e20dc615c3b,True,1.0,1.0,1.0,1.0,1.0,0.0,1.0,1.0,1.0,,,,,,,,,,0.6875
19,5feede5c5a3c5116,True,1.0,1.0,1.0,1.0,1.0,1.0,1.0,1.0,1.0,,,,,,,,,,1.0
20,ac55c7f072c6528d,True,1.0,1.0,1.0,1.0,0.6617909186160663,1.0,1.0,1.0,0.0,,,,,,,,,,0.7693096620675207
21,8d0697930b5e5df0,True,1.0,1.0,1.0,1.0,1.0,1.0,1.0,1.0,0.0,,,,,,,,,,0.875
22,98b414a515bb5b99,True,1.0,1.0,1.0,1.0,0.5722614229549121,1.0,1.0,1.0,1.0,,,,,,,,,,0.8663316946734101
23,af335d636f4c516e,True,1.0,1.0,1.0,1.0,1.0,1.0,1.0,1.0,1.0,,,,,,,,,,1.0
24,93ca181d363358eb,True,1.0,1.0,1.0,1.0,0.7622128308478936,1.0,1.0,1.0,0.0,,,,,,,,,,0.8006915096399667
25,179bc3ae5b9f56b0,True,1.0,1.0,1.0,1.0,0.8526743473647064,1.0,1.0,1.0,1.0,,,,,,,,,,0.9539607335514708
26,c1e0af56e9eb50b8,True,1.0,1.0,1.0,1.0,1.0,1.0,1.0,1.0,1.0,,,,,,,,,,1.0
27,99a98a7ffb075389,True,1.0,1.0,1.0,1.0,0.3509935746329598,1.0,1.0,1.0,1.0,,,,,,,,,,0.7971854920727999
28,afd632f043e35a49,True,1.0,1.0,1.0,1.0,0.8185380656842582,1.0,1.0,1.0,1.0,,,,,,,,,,0.9432931455263307
29,d64b2da8ffb65c16,True,1.0,1.0,1.0,1.0,0.8427693762295878,1.0,1.0,1.0,0.0,,,,,,,,,,0.8258654300717462
30,b031a0b55ab951f8,True,1.0,1.0,1.0,1.0,0.8362978822328079,1.0,1.0,1.0,0.0,,,,,,,,,,0.8238430881977525
31,2e1d4bde0a16514b,True,1.0,1.0,1.0,1.0,0.2791172096617257,1.0,1.0,1.0,1.0,,,,,,,,,,0.7747241280192892
32,b9d14f59883a5496,True,1.0,1.0,1.0,1.0,0.8193314804900349,1.0,1.0,1.0,0.0,,,,,,,,,,0.8185410876531359
33,46deeff0d0495df6,True,1.0,1.0,1.0,1.0,0.9139192550806176,1.0,1.0,1.0,1.0,,,,,,,,,,0.973099767212693
34,fa8c164985255698,True,1.0,1.0,1.0,1.0,0.7623033108794619,1.0,1.0,1.0,1.0,,,,,,,,,,0.9257197846498318
35,bbb5018d017754d0,True,1.0,1.0,1.0,1.0,0.4528574420989747,1.0,0.0,1.0,0.0,,,,,,,,,,0.5790179506559296
36,5379d354b9b95048,True,1.0,0.0,1.0,1.0,0.7984680261367565,1.0,1.0,1.0,1.0,,,,,,,,,,0.0
37,8fb11d5808355072,True,1.0,1.0,1.0,1.0,1.0,1.0,1.0,1.0,1.0,,,,,,,,,,1.0
38,330166def5a35f4d,True,1.0,1.0,1.0,1.0,1.0,1.0,1.0,1.0,1.0,,,,,,,,,,1.0
39,97c09fe94495563a,True,1.0,1.0,1.0,1.0,1.0,1.0,1.0,1.0,1.0,,,,,,,,,,1.0
40,71405d414236553c,True,1.0,1.0,1.0,1.0,0.46889981053725066,1.0,1.0,1.0,1.0,,,,,,,,,,0.8340311907928908
41,2575048779565f0b,True,1.0,1.0,1.0,1.0,0.7210106664378971,1.0,1.0,1.0,1.0,,,,,,,,,,0.9128158332618428
42,e024bd23594b5a13,True,1.0,1.0,1.0,1.0,1.0,1.0,1.0,1.0,1.0,,,,,,,,,,1.0
43,63980d0b4c9352c4,True,1.0,1.0,1.0,1.0,0.4870475944110019,1.0,1.0,1.0,0.0,,,,,,,,,,0.7147023732534381
44,faa8cd5e541a5b67,True,1.0,1.0,1.0,1.0,1.0,1.0,1.0,1.0,1.0,,,,,,,,,,1.0
45,36899d67473c5c91,True,1.0,1.0,1.0,1.0,1.0,0.0,1.0,1.0,0.0,,,,,,,,,,0.5625
46,90314b74c92954d6,True,1.0,1.0,1.0,1.0,1.0,1.0,1.0,1.0,1.0,,,,,,,,,,1.0
47,76c31764665151be,True,1.0,1.0,1.0,1.0,0.48386433248501165,1.0,1.0,1.0,1.0,,,,,,,,,,0.8387076039015662
48,a59bd481d324594a,True,1.0,1.0,1.0,1.0,0.7403770211607886,1.0,1.0,1.0,0.0,,,,,,,,,,0.7938678191127464
49,dded75c35039515f,True,1.0,1.0,1.0,1.0,1.0,1.0,1.0,1.0,1.0,,,,,,,,,,1.0
50,153ae46b6ba65721,True,1.0,1.0,1.0,1.0,0.9984475946792015,1.0,1.0,1.0,0.0,,,,,,,,,,0.8745148733372505
51,557a287c11cc5960,True,1.0,1.0,1.0,1.0,1.0,1.0,1.0,1.0,1.0,,,,,,,,,,1.0
52,ff44394af7265df3,True,1.0,1.0,1.0,1.0,0.6358659285919892,1.0,1.0,1.0,0.0,,,,,,,,,,0.7612081026849966
53,d01fec804cd45644,True,1.0,1.0,1.0,1.0,0.6516367391690213,1.0,1.0,1.0,1.0,,,,,,,,,,0.8911364809903192
54,09446e65ee9a55d3,True,1.0,1.0,1.0,1.0,1.0,1.0,1.0,0.0,0.0,,,,,,,,,,0.75
55,4a919f7ea2f65200,True,1.0,1.0,1.0,1.0,1.0,1.0,1.0,1.0,1.0,,,,,,,,,,1.0
56,5d5d1442b83d5c5c,True,1.0,1.0,1.0,1.0,0.45939332082517165,1.0,1.0,1.0,1.0,,,,,,,,,,0.8310604127578661
57,ad47566ea29a57bf,True,1.0,1.0,1.0,1.0,1.0,1.0,1.0,1.0,0.0,,,,,,,,,,0.875
58,9e9e33077f375062,True,1.0,1.0,1.0,1.0,0.22921393921658073,1.0,1.0,1.0,1.0,,,,,,,,,,0.7591293560051815
59,ef7089ecfb0c5028,True,1.0,1.0,1.0,1.0,1.0,1.0,1.0,1.0,1.0,,,,,,,,,,1.0
60,c9ca538cb3235e43,True,1.0,1.0,1.0,1.0,1.0,1.0,0.0,1.0,1.0,,,,,,,,,,0.875
61,d20dc707981f56e7,True,1.0,1.0,1.0,1.0,1.0,1.0,1.0,1.0,0.0,,,,,,,,,,0.875
62,5041cdf76ecb5ee7,True,1.0,1.0,1.0,1.0,0.12857903867690376,1.0,1.0,1.0,1.0,,,,,,,,,,0.7276809495865324
63,28c89352b09b55d4,True,1.0,1.0,1.0,1.0,0.7149292292604805,1.0,1.0,1.0,1.0,,,,,,,,,,0.9109153841439002
64,e46762b07ca45b74,True,1.0,1.0,1.0,1.0,0.40717699984083033,1.0,1.0,1.0,0.0,,,,,,,,,,0.6897428124502595
65,b02bf210eda55579,True,1.0,1.0,1.0,1.0,1.0,1.0,1.0,1.0,1.0,,,,,,,,,,1.0
66,2033fff7b44e56db,True,1.0,1.0,1.0,1.0,0.6529819768142915,1.0,1.0,1.0,1.0,,,,,,,,,,0.8915568677544661
67,ce8a292cbd7f54d5,True,1.0,1.0,1.0,1.0,0.8784391625133171,1.0,1.0,1.0,1.0,,,,,,,,,,0.9620122382854116
68,53a7531622255064,True,1.0,1.0,1.0,1.0,1.0,1.0,1.0,1.0,1.0,,,,,,,,,,1.0
69,551cf39c34f75b25,True,1.0,1.0,1.0,1.0,0.6711137341751938,1.0,1.0,1.0,1.0,,,,,,,,,,0.897223041929748
70,1a707ed0d7ba541d,True,1.0,1.0,1.0,1.0,0.49750124166113796,1.0,1.0,1.0,0.0,,,,,,,,,,0.7179691380191056
71,aee07628c2ab5ce1,True,1.0,1.0,1.0,1.0,0.6939571346733185,1.0,1.0,1.0,1.0,,,,,,,,,,0.904361604585412
72,deb455f53c805643,True,1.0,1.0,1.0,1.0,0.7128290821040986,1.0,1.0,0.0,0.0,,,,,,,,,,0.6602590881575308
73,e1d83d0f913a5263,True,1.0,1.0,1.0,1.0,1.0,1.0,1.0,1.0,1.0,,,,,,,,,,1.0
74,197f2dea642850e7,True,1.0,1.0,1.0,1.0,0.5080440848793685,1.0,1.0,1.0,1.0,,,,,,,,,,0.8462637765248027
75,0dd3256035e75770,True,1.0,1.0,1.0,1.0,0.6586756143456172,1.0,1.0,1.0,1.0,,,,,,,,,,0.8933361294830053
76,6ae2bcc5c2c050e4,True,1.0,1.0,1.0,1.0,1.0,1.0,1.0,1.0,0.0,,,,,,,,,,0.875
77,2c5cbab120595d79,True,1.0,1.0,1.0,1.0,0.9098972346325893,1.0,1.0,1.0,1.0,,,,,,,,,,0.9718428858226842
78,e052a41759445a28,True,1.0,1.0,1.0,1.0,0.48339688841435635,1.0,1.0,1.0,1.0,,,,,,,,,,0.8385615276294863
79,f2117260382b5d83,True,1.0,1.0,1.0,1.0,0.8883660991400553,1.0,1.0,1.0,1.0,,,,,,,,,,0.9651144059812673
80,85482a4d20fd5eac,True,1.0,1.0,1.0,1.0,0.7512927084315936,1.0,1.0,1.0,0.0,,,,,,,,,,0.797278971384873
81,9d9762d42ff5561d,True,1.0,1.0,1.0,1.0,0.8562644531382279,1.0,1.0,1.0,1.0,,,,,,,,,,0.9550826416056962
82,afbf82af256b5711,True,1.0,1.0,1.0,1.0,1.0,1.0,1.0,1.0,0.0,,,,,,,,,,0.875
83,70f72122f1605fa1,True,1.0,1.0,1.0,1.0,0.7377867851905389,1.0,1.0,1.0,0.0,,,,,,,,,,0.7930583703720434
84,a713265a7f905034,True,1.0,1.0,1.0,0.0,1.0,1.0,1.0,1.0,1.0,,,,,,,,,,0.0
85,712427ff1635596c,True,1.0,1.0,1.0,1.0,0.3627075543329944,1.0,1.0,1.0,1.0,,,,,,,,,,0.8008461107290608
86,83e895f722575452,True,1.0,1.0,1.0,1.0,0.5171562158400848,1.0,1.0,1.0,1.0,,,,,,,,,,0.8491113174500264
87,a3f2ea7187975b13,True,1.0,1.0,1.0,1.0,1.0,1.0,1.0,1.0,1.0,,,,,,,,,,1.0
88,3d324bda0cec57ab,True,1.0,1.0,1.0,1.0,0.7933309984637442,1.0,1.0,1.0,0.0,,,,,,,,,,0.8104159370199201
89,d715fbc6ea0551f8,True,1.0,1.0,1.0,1.0,1.0,1.0,1.0,1.0,1.0,,,,,,,,,,1.0
90,184c11a8cc875403,True,1.0,1.0,1.0,1.0,0.846727092782762,1.0,1.0,1.0,1.0,,,,,,,,,,0.9521022164946131
91,d5b86f3b51d3535c,True,1.0,1.0,1.0,1.0,0.8856322461918016,1.0,1.0,0.0,0.0,,,,,,,,,,0.714260076934938
92,8d90099a801d5682,True,1.0,1.0,1.0,1.0,1.0,1.0,1.0,1.0,1.0,,,,,,,,,,1.0
93,a18d2b32f8415373,True,1.0,1.0,1.0,1.0,0.6370591662928196,1.0,1.0,1.0,1.0,,,,,,,,,,0.8865809894665061
94,5d3573d6da7952d3,True,1.0,1.0,1.0,1.0,0.9321489195440849,1.0,1.0,1.0,1.0,,,,,,,,,,0.9787965373575265
95,132d1ec43fc058e1,True,1.0,0.0,1.0,1.0,0.9646013070095657,1.0,1.0,1.0,1.0,,,,,,,,,,0.0
96,102627370a1e5b88,True,1.0,1.0,1.0,1.0,0.6478289633608771,1.0,1.0,1.0,0.0,,,,,,,,,,0.7649465510502741
97,0b1250020ea95539,True,1.0,1.0,1.0,1.0,0.8455680773950611,1.0,1.0,1.0,1.0,,,,,,,,,,0.9517400241859566
98,342f42c4b2855ffb,True,1.0,1.0,1.0,1.0,0.6064881326294814,1.0,1.0,1.0,1.0,,,,,,,,,,0.8770275414467129
99,f0b6499b393152be,True,1.0,1.0,1.0,1.0,1.0,1.0,0.0,1.0,0.0,,,,,,,,,,0.75
100,847432a116d35db0,True,0.0,1.0,1.0,1.0,1.0,1.0,1.0,1.0,1.0,,,,,,,,,,0.0
101,c574d461642f5deb,True,1.0,1.0,1.0,1.0,0.9787650158309018,1.0,1.0,1.0,0.0,,,,,,,,,,0.8683640674471569
102,48fecfd582935aac,True,1.0,1.0,1.0,1.0,1.0,1.0,1.0,1.0,1.0,,,,,,,,,,1.0
103,32e5d7e804c65214,True,1.0,1.0,1.0,1.0,0.927015651716001,1.0,1.0,1.0,1.0,,,,,,,,,,0.9771923911612503
104,2391f12d7e6a5e7f,True,1.0,1.0,1.0,1.0,0.4288250755040121,1.0,1.0,1.0,0.0,,,,,,,,,,0.6965078360950038
105,39a1ca97dca75beb,True,1.0,0.0,1.0,1.0,0.953036441281084,1.0,1.0,1.0,1.0,,,,,,,,,,0.0
106,1abf52a927025259,True,1.0,1.0,1.0,1.0,0.8573295636484782,1.0,1.0,1.0,1.0,,,,,,,,,,0.9554154886401495
107,f038fc7ffdab5bad,True,1.0,1.0,1.0,1.0,1.0,1.0,1.0,1.0,0.0,,,,,,,,,,0.875
108,f8b524a4e8925503,True,1.0,1.0,1.0,1.0,0.8128344823803869,1.0,1.0,1.0,0.0,,,,,,,,,,0.816510775743871
109,c8507cfbe8575463,True,1.0,1.0,1.0,1.0,0.6097005690814951,1.0,1.0,1.0,1.0,,,,,,,,,,0.8780314278379672
110,3b1e0182cb145b8d,True,1.0,1.0,1.0,1.0,0.818707733603306,1.0,1.0,0.0,0.0,,,,,,,,,,0.6933461667510331
111,00c1e4eb4a045f20,True,1.0,1.0,1.0,1.0,0.7745490128912831,1.0,1.0,1.0,1.0,,,,,,,,,,0.929546566528526
112,25e9d76574075cee,True,1.0,1.0,1.0,1.0,0.6547998996714676,1.0,1.0,1.0,0.0,,,,,,,,,,0.7671249686473336
113,afa8102c20685ec5,True,1.0,1.0,1.0,1.0,0.3188293202583122,1.0,1.0,1.0,1.0,,,,,,,,,,0.7871341625807226
114,20728d3e677b593d,True,1.0,1.0,1.0,1.0,0.6048568993372595,1.0,1.0,1.0,0.0,,,,,,,,,,0.7515177810428936
115,5d7c7edca69d5e73,True,1.0,1.0,1.0,1.0,1.0,1.0,1.0,1.0,0.0,,,,,,,,,,0.875
116,7b22018666ac5b0e,True,1.0,1.0,1.0,1.0,0.6288267101519074,1.0,1.0,1.0,0.0,,,,,,,,,,0.7590083469224711
117,e1f6c044f4235462,True,1.0,1.0,1.0,1.0,0.5188326570807138,1.0,1.0,1.0,1.0,,,,,,,,,,0.8496352053377231
118,7727bf26f5845499,True,1.0,0.0,1.0,1.0,0.7812936571130529,1.0,1.0,1.0,1.0,,,,,,,,,,0.0
119,f289e368449b517b,True,1.0,1.0,1.0,1.0,0.7158247083107241,1.0,1.0,1.0,1.0,,,,,,,,,,0.9111952213471013
120,e244b2ddf97a57d6,True,1.0,1.0,1.0,1.0,0.7203637014244286,1.0,1.0,1.0,1.0,,,,,,,,,,0.912613656695134
121,dddf14378c355c3a,True,1.0,1.0,1.0,1.0,0.8467247572643235,1.0,1.0,1.0,1.0,,,,,,,,,,0.9521014866451011
122,66583dab627951a2,True,1.0,1.0,1.0,1.0,0.4764571729175942,1.0,1.0,1.0,0.0,,,,,,,,,,0.7113928665367482
123,94d74f87c8435b61,True,1.0,1.0,1.0,1.0,0.9917515118100885,1.0,1.0,1.0,1.0,,,,,,,,,,0.9974223474406527
124,64a7186ab49b5cdc,True,1.0,1.0,1.0,1.0,0.7631255537934032,1.0,1.0,1.0,1.0,,,,,,,,,,0.9259767355604385
125,116aacf9868e5e4e,True,1.0,1.0,1.0,1.0,0.899776646265219,1.0,1.0,1.0,1.0,,,,,,,,,,0.968680201957881
126,572e6c81e32958f2,True,1.0,1.0,1.0,1.0,0.7399251477095207,1.0,1.0,1.0,0.0,,,,,,,,,,0.7937266086592252
127,a19d3096f2625fdb,True,1.0,1.0,1.0,1.0,1.0,1.0,1.0,1.0,0.0,,,,,,,,,,0.875
128,6e3cf172a2755fae,True,1.0,1.0,1.0,1.0,1.0,1.0,1.0,1.0,1.0,,,,,,,,,,1.0
129,5e74b6a61b715f47,True,1.0,1.0,1.0,1.0,1.0,1.0,1.0,1.0,0.0,,,,,,,,,,0.875
130,c195a8cb7ccb59fd,True,1.0,1.0,1.0,1.0,0.5706106888598989,1.0,1.0,1.0,0.0,,,,,,,,,,0.7408158402687184
131,f41cf739059453a4,True,1.0,1.0,1.0,1.0,0.7273962743848519,1.0,1.0,1.0,1.0,,,,,,,,,,0.9148113357452662
132,6b0d21782a3b5a22,True,1.0,1.0,1.0,1.0,0.6430518999605135,1.0,1.0,1.0,0.0,,,,,,,,,,0.7634537187376604
133,2030d3a5ed675084,True,1.0,1.0,1.0,1.0,1.0,1.0,1.0,1.0,0.0,,,,,,,,,,0.875
134,493c90dce63d5653,True,1.0,1.0,1.0,1.0,0.6082940191550305,1.0,1.0,1.0,0.0,,,,,,,,,,0.752591880985947
135,67bce1e28df25eaa,True,1.0,1.0,1.0,1.0,1.0,1.0,1.0,1.0,1.0,,,,,,,,,,1.0
136,16a738813dbe5496,True,1.0,1.0,1.0,1.0,0.6672573986094225,1.0,1.0,1.0,1.0,,,,,,,,,,0.8960179370654445
137,ffe92084016a5795,True,1.0,1.0,1.0,1.0,0.4493776285393697,1.0,1.0,1.0,1.0,,,,,,,,,,0.827930508918553
138,ae05160436d45a62,True,1.0,1.0,1.0,1.0,0.8832226549531873,1.0,1.0,1.0,1.0,,,,,,,,,,0.9635070796728711
139,7d24bd01f77c5d87,True,1.0,1.0,1.0,1.0,0.9753726762695104,1.0,1.0,1.0,0.0,,,,,,,,,,0.8673039613342219
140,5f53001e7e2d5347,True,1.0,1.0,1.0,1.0,1.0,1.0,1.0,1.0,0.0,,,,,,,,,,0.875
141,eed801b1cd035275,True,1.0,1.0,1.0,1.0,1.0,1.0,1.0,1.0,1.0,,,,,,,,,,1.0
142,5065e99644fb5fc2,True,0.0,0.0,1.0,1.0,1.0,1.0,1.0,1.0,1.0,,,,,,,,,,0.0
143,18492b6ce9905b13,True,1.0,1.0,1.0,1.0,0.7571877037398766,1.0,0.0,1.0,0.0,,,,,,,,,,0.6741211574187115
144,c28c7b29e80059d2,True,1.0,1.0,1.0,1.0,0.861949375301936,1.0,1.0,1.0,1.0,,,,,,,,,,0.9568591797818551
145,a43dbb1d34665f24,True,1.0,1.0,1.0,1.0,0.6478302475642933,1.0,1.0,1.0,1.0,,,,,,,,,,0.8899469523638417
146,889aac2576295c91,True,1.0,1.0,1.0,1.0,0.8445335652690411,1.0,1.0,1.0,1.0,,,,,,,,,,0.9514167391465753
147,5da314e6404c5213,True,1.0,1.0,1.0,1.0,1.0,1.0,1.0,1.0,1.0,,,,,,,,,,1.0
148,e74ca27f40755297,True,1.0,1.0,1.0,1.0,1.0,1.0,1.0,1.0,0.0,,,,,,,,,,0.875
149,0cd0aaeb35c95094,True,1.0,1.0,1.0,1.0,0.7684413248624424,1.0,1.0,1.0,1.0,,,,,,,,,,0.9276379140195132
150,6c9e40634f705f56,True,1.0,1.0,1.0,1.0,0.7450212182768439,1.0,1.0,1.0,0.0,,,,,,,,,,0.7953191307115137
151,da56fca2caff52e4,True,1.0,1.0,1.0,1.0,0.7782278070751802,1.0,1.0,1.0,0.0,,,,,,,,,,0.8056961897109938
152,bb5b44d240945ed0,True,0.0,1.0,1.0,1.0,1.0,0.0,1.0,1.0,1.0,,,,,,,,,,0.0
153,771c4e378bef58e4,True,1.0,1.0,1.0,1.0,1.0,1.0,1.0,1.0,1.0,,,,,,,,,,1.0
154,592f536375e755b6,True,1.0,1.0,1.0,1.0,0.6462815387409724,1.0,1.0,1.0,0.0,,,,,,,,,,0.7644629808565538
155,1682c020a94054fa,True,1.0,1.0,1.0,1.0,0.8643070170296302,1.0,1.0,1.0,0.0,,,,,,,,,,0.8325959428217594
156,58d69daf413c5d5a,True,1.0,1.0,1.0,1.0,0.8211585036586667,0.0,1.0,1.0,0.0,,,,,,,,,,0.5066120323933334
157,f14e7ed78b5d55b4,True,1.0,1.0,1.0,1.0,0.43095123653283884,1.0,1.0,1.0,0.0,,,,,,,,,,0.6971722614165121
158,697882c22eb65ca7,True,1.0,1.0,1.0,1.0,0.4691193577533697,1.0,1.0,1.0,0.0,,,,,,,,,,0.709099799297928
159,f1bdf7e4e9f5534e,True,1.0,0.0,1.0,1.0,0.7571822948925169,1.0,1.0,1.0,1.0,,,,,,,,,,0.0
160,a5f411a2c379503d,True,1.0,1.0,1.0,1.0,0.7421179177064651,1.0,1.0,1.0,1.0,,,,,,,,,,0.9194118492832704
161,112db94505025ec5,True,1.0,1.0,1.0,1.0,0.9312705177327163,1.0,1.0,1.0,1.0,,,,,,,,,,0.9785220367914739
162,ac7bd595b9a3544c,True,0.0,1.0,1.0,1.0,1.0,0.0,1.0,1.0,1.0,,,,,,,,,,0.0
163,ce05573741b75133,True,1.0,1.0,1.0,1.0,1.0,1.0,1.0,1.0,1.0,,,,,,,,,,1.0
164,54a295777c3a5d46,True,1.0,1.0,1.0,1.0,0.6892187999229772,1.0,1.0,1.0,1.0,,,,,,,,,,0.9028808749759304
165,3b3627c7892d5b5e,True,1.0,1.0,1.0,1.0,0.7964944843792321,1.0,1.0,1.0,1.0,,,,,,,,,,0.93640452636851
166,7857a22b3bc85bb4,True,1.0,1.0,1.0,1.0,0.8989391962367859,1.0,1.0,1.0,1.0,,,,,,,,,,0.9684184988239956
167,c33bb70075e7594c,True,1.0,1.0,1.0,1.0,1.0,1.0,1.0,1.0,0.0,,,,,,,,,,0.875
168,7da863f64a5f5e90,True,1.0,1.0,1.0,1.0,0.6980525805890311,1.0,1.0,1.0,0.0,,,,,,,,,,0.7806414314340722
169,3c542be991515ccd,True,1.0,1.0,1.0,1.0,0.6721501722334517,1.0,1.0,1.0,0.0,,,,,,,,,,0.7725469288229536
170,b9f3b69b160e5ad0,True,1.0,1.0,1.0,1.0,1.0,1.0,1.0,1.0,0.0,,,,,,,,,,0.875
171,a5ddad9bbb505316,True,1.0,0.0,1.0,1.0,0.760537560751457,1.0,1.0,1.0,1.0,,,,,,,,,,0.0
172,75857e1f177b5af4,True,1.0,1.0,1.0,1.0,0.4570032207902096,1.0,1.0,1.0,1.0,,,,,,,,,,0.8303135064969405
173,58d40da0cce05d8c,True,1.0,1.0,1.0,1.0,1.0,1.0,1.0,1.0,0.0,,,,,,,,,,0.875
174,ae472d675a965aca,True,1.0,1.0,1.0,1.0,0.7819940979759378,1.0,1.0,1.0,0.0,,,,,,,,,,0.8068731556174805
175,0122ce98b2735558,True,1.0,1.0,1.0,1.0,1.0,1.0,1.0,1.0,0.0,,,,,,,,,,0.875
176,132307b3c1a55f97,True,1.0,0.0,1.0,1.0,1.0,1.0,1.0,1.0,0.0,,,,,,,,,,0.0
177,3cbb6c030b1e5d19,True,1.0,1.0,1.0,1.0,1.0,1.0,1.0,1.0,0.0,,,,,,,,,,0.875
178,e9b43b140b1d54bf,True,1.0,1.0,1.0,1.0,0.9681680898384062,1.0,1.0,1.0,0.0,,,,,,,,,,0.865052528074502
179,73b2c72a73b458ca,True,1.0,1.0,1.0,1.0,0.39543882448996376,1.0,1.0,1.0,0.0,,,,,,,,,,0.6860746326531137
180,5d2ee89308f958be,True,1.0,1.0,1.0,1.0,0.7153333455984461,1.0,0.0,1.0,1.0,,,,,,,,,,0.7860416704995143
181,cef1a4b302b45ad8,True,1.0,1.0,1.0,1.0,0.7805750179006891,1.0,1.0,1.0,1.0,,,,,,,,,,0.9314296930939654
182,c02f04af32b75648,True,1.0,1.0,1.0,1.0,0.6453174007068511,1.0,1.0,1.0,0.0,,,,,,,,,,0.764161687720891
183,b8d2227c06a351e4,True,1.0,1.0,1.0,1.0,0.5496683833857439,1.0,1.0,1.0,0.0,,,,,,,,,,0.734271369808045
184,3067f3d3d5a75989,True,1.0,1.0,1.0,1.0,0.9982721960027655,1.0,1.0,1.0,1.0,,,,,,,,,,0.9994600612508642
185,c656016133b05a15,True,1.0,1.0,1.0,1.0,1.0,1.0,1.0,1.0,0.0,,,,,,,,,,0.875
186,813c23718919507a,True,1.0,1.0,1.0,1.0,0.674263585999393,1.0,1.0,1.0,0.0,,,,,,,,,,0.7732073706248103
187,b2abc819ebf45c11,True,1.0,1.0,1.0,1.0,0.9063040097385963,1.0,1.0,1.0,1.0,,,,,,,,,,0.9707200030433114
188,19e90f2757b25f38,True,1.0,1.0,1.0,1.0,0.655051961707916,1.0,1.0,1.0,1.0,,,,,,,,,,0.8922037380337238
189,515fefed28a65a88,True,1.0,1.0,1.0,1.0,0.7637588146943963,1.0,1.0,1.0,1.0,,,,,,,,,,0.9261746295919988
190,f1ca8dd77f205599,True,1.0,1.0,1.0,1.0,0.816820361508941,1.0,1.0,1.0,0.0,,,,,,,,,,0.8177563629715441
191,de1662269d685ce0,True,1.0,0.0,1.0,1.0,1.0,1.0,1.0,1.0,1.0,,,,,,,,,,0.0
192,082988f40658562c,True,1.0,1.0,1.0,1.0,0.8029392476638759,1.0,1.0,1.0,1.0,,,,,,,,,,0.9384185148949612
193,76b708c365e45536,True,1.0,1.0,1.0,1.0,0.7514361379335743,1.0,1.0,1.0,1.0,,,,,,,,,,0.922323793104242
194,cd7e4f70ce8e539b,True,1.0,1.0,1.0,1.0,0.5866272647377179,1.0,0.0,1.0,0.0,,,,,,,,,,0.6208210202305369
195,dd35be6455fe566b,True,1.0,1.0,1.0,1.0,0.1773580612701115,1.0,1.0,1.0,0.0,,,,,,,,,,0.6179243941469099
196,a8a34f54618050f6,True,1.0,0.0,1.0,1.0,0.6740513893755435,1.0,1.0,1.0,0.0,,,,,,,,,,0.0
197,00016f8b45c25a1d,True,1.0,1.0,1.0,1.0,0.7640306567665174,1.0,1.0,1.0,1.0,,,,,,,,,,0.9262595802395367
198,afe83cb6c0ae5f67,True,1.0,1.0,1.0,1.0,0.9325376818392237,1.0,0.0,1.0,0.0,,,,,,,,,,0.7289180255747574
199,28a4a08f11a05407,True,1.0,1.0,1.0,1.0,1.0,0.0,1.0,1.0,1.0,,,,,,,,,,0.6875
200,74c8385c2d845cde,True,1.0,1.0,1.0,1.0,0.622665248840661,1.0,1.0,1.0,1.0,,,,,,,,,,0.8820828902627066
201,3128b8da22c75dd0,True,1.0,1.0,1.0,1.0,0.7196754209625293,1.0,1.0,1.0,0.0,,,,,,,,,,0.7873985690507904
202,5d5dfc678c9759a1,True,1.0,1.0,1.0,1.0,0.7842831521586426,1.0,0.0,1.0,0.0,,,,,,,,,,0.6825884850495758
203,6b7c5199f84e5aac,True,1.0,1.0,0.5,1.0,0.8785290492151324,1.0,1.0,1.0,0.0,,,,,,,,,,0.41852016393986446
204,029585f0509d52b0,True,1.0,1.0,0.5,1.0,0.6163965717352149,1.0,1.0,1.0,0.0,,,,,,,,,,0.3775619643336273
205,52b2e626eca85976,True,1.0,1.0,1.0,1.0,0.6304036013898912,1.0,1.0,1.0,0.0,,,,,,,,,,0.759501125434341
206,53f8bc4012fe5f29,True,1.0,1.0,1.0,1.0,0.2801569804832754,1.0,0.0,1.0,1.0,,,,,,,,,,0.6500490564010235
207,c7e06d79e58454ae,True,1.0,1.0,1.0,1.0,1.0,1.0,1.0,1.0,1.0,,,,,,,,,,1.0
208,f9e3a8f1b0ae5d43,True,1.0,1.0,1.0,1.0,0.3675764512312112,1.0,1.0,1.0,1.0,,,,,,,,,,0.8023676410097536
209,3c34d5d03e8a5bdc,True,1.0,1.0,1.0,1.0,0.8018541881664216,1.0,1.0,1.0,0.0,,,,,,,,,,0.8130794338020068
210,02b68b9cc51f506a,True,1.0,1.0,1.0,1.0,0.6774918748279609,1.0,1.0,1.0,1.0,,,,,,,,,,0.8992162108837378
211,ea31c764f6385f4a,True,1.0,1.0,1.0,1.0,1.0,1.0,1.0,1.0,1.0,,,,,,,,,,1.0
212,1c5c2e372dc954cd,True,1.0,1.0,1.0,1.0,1.0,1.0,1.0,1.0,0.0,,,,,,,,,,0.875
213,75ffe77189e95d43,True,1.0,1.0,1.0,1.0,0.7482282793445973,1.0,1.0,1.0,0.0,,,,,,,,,,0.7963213372951867
214,5c838efd36805c92,True,1.0,1.0,1.0,1.0,0.8528400880011738,1.0,1.0,1.0,1.0,,,,,,,,,,0.9540125275003668
215,c054f473288d5515,True,1.0,1.0,1.0,1.0,0.9003037784034824,1.0,1.0,1.0,1.0,,,,,,,,,,0.9688449307510882
216,a44db880afe95be7,True,1.0,1.0,1.0,1.0,0.20527444625185276,1.0,1.0,1.0,1.0,,,,,,,,,,0.7516482644537039
217,063dc3e59f7158d9,True,1.0,1.0,1.0,1.0,1.0,1.0,1.0,1.0,1.0,,,,,,,,,,1.0
218,0dc54a8c8203567b,True,1.0,1.0,1.0,1.0,0.7428212508186537,1.0,1.0,1.0,1.0,,,,,,,,,,0.9196316408808293
219,e0b92501aa5051b1,True,0.0,1.0,1.0,1.0,1.0,0.0,1.0,1.0,1.0,,,,,,,,,,0.0
220,580dac44fa305877,True,1.0,1.0,1.0,1.0,0.5729538890133933,1.0,1.0,1.0,0.0,,,,,,,,,,0.7415480903166853
221,34489cf42e005e93,True,1.0,1.0,1.0,1.0,1.0,1.0,1.0,1.0,0.0,,,,,,,,,,0.875
222,a2d7be8710535e33,True,1.0,1.0,1.0,1.0,0.5321799763231745,1.0,1.0,1.0,1.0,,,,,,,,,,0.853806242600992
223,8b8ea705c7fd5e8a,True,1.0,1.0,1.0,1.0,0.9794628627580878,1.0,1.0,1.0,0.0,,,,,,,,,,0.8685821446119024
224,082ea12d7b2355cb,True,1.0,1.0,1.0,1.0,1.0,1.0,1.0,1.0,1.0,,,,,,,,,,1.0
225,e8daa33268685b31,True,1.0,1.0,1.0,1.0,1.0,1.0,1.0,1.0,1.0,,,,,,,,,,1.0
226,b6247a5245a5554f,True,1.0,1.0,1.0,1.0,1.0,1.0,1.0,1.0,0.0,,,,,,,,,,0.875
227,ed3db88f99a05a6c,True,1.0,1.0,1.0,1.0,0.8007155182921567,1.0,1.0,1.0,1.0,,,,,,,,,,0.9377235994662989
228,1e9350ac2bc25f59,True,1.0,1.0,1.0,1.0,0.8353139254147456,1.0,1.0,1.0,0.0,,,,,,,,,,0.823535601692108
229,e747d6fdc59252f3,True,1.0,1.0,1.0,1.0,0.8477490050986649,1.0,1.0,1.0,1.0,,,,,,,,,,0.9524215640933328
230,757c23c6819c589c,True,1.0,1.0,1.0,1.0,0.7727068944855052,1.0,1.0,1.0,1.0,,,,,,,,,,0.9289709045267204
231,ac0c6104c53e581e,True,1.0,1.0,1.0,1.0,1.0,1.0,1.0,1.0,1.0,,,,,,,,,,1.0
232,c7cb2e43b2d053b7,True,1.0,1.0,1.0,1.0,0.7092731575848394,1.0,0.0,1.0,0.0,,,,,,,,,,0.6591478617452623
233,8cec7d21f7dc540b,True,1.0,1.0,1.0,1.0,0.41162069304421844,1.0,1.0,1.0,0.0,,,,,,,,,,0.6911314665763183
234,ecc6da85180a5eee,True,1.0,1.0,0.5,1.0,1.0,1.0,0.0,1.0,0.0,,,,,,,,,,0.375
235,efa80e78fce1525d,True,1.0,1.0,1.0,1.0,1.0,1.0,1.0,1.0,1.0,,,,,,,,,,1.0
236,2cae5f08e11a5dbd,True,1.0,1.0,1.0,1.0,0.8952219620244195,1.0,1.0,1.0,1.0,,,,,,,,,,0.967256863132631
237,6326d00e52115da4,True,1.0,1.0,1.0,1.0,1.0,1.0,1.0,1.0,1.0,,,,,,,,,,1.0
238,585a681f4ad95682,True,1.0,1.0,1.0,1.0,0.7924538125261269,1.0,1.0,1.0,1.0,,,,,,,,,,0.9351418164144146
239,3838eb184c9d5989,True,1.0,1.0,1.0,1.0,0.6142951321046908,1.0,1.0,1.0,1.0,,,,,,,,,,0.8794672287827159
240,622867ce25805447,True,1.0,1.0,1.0,1.0,0.763346048505976,1.0,1.0,1.0,1.0,,,,,,,,,,0.9260456401581175
241,e1886e081b945907,True,1.0,1.0,1.0,1.0,0.6255094779744719,1.0,1.0,1.0,1.0,,,,,,,,,,0.8829717118670224
242,7af0e9b8a12056e8,True,1.0,1.0,1.0,1.0,0.9509716477617759,1.0,1.0,1.0,1.0,,,,,,,,,,0.9846786399255549
243,0af68cc78d085fdb,True,1.0,1.0,1.0,1.0,0.7486318878999346,1.0,1.0,1.0,0.0,,,,,,,,,,0.7964474649687295
244,452def672c5d592c,True,1.0,1.0,1.0,1.0,1.0,1.0,0.0,1.0,0.0,,,,,,,,,,0.75
245,bd2b1a4530a1538b,True,1.0,1.0,1.0,1.0,0.7796024825419141,1.0,1.0,1.0,1.0,,,,,,,,,,0.9311257757943482
246,7feaf6410f1854a8,True,0.0,1.0,1.0,1.0,1.0,1.0,1.0,1.0,1.0,,,,,,,,,,0.0
247,1ea152f7056659a9,True,1.0,1.0,1.0,1.0,0.596905879763124,1.0,1.0,1.0,0.0,,,,,,,,,,0.7490330874259763
248,635d0bb58aa95282,True,1.0,1.0,1.0,1.0,0.6058282335597355,1.0,1.0,1.0,0.0,,,,,,,,,,0.7518213229874173
249,4cac9f6cd85a5b47,True,1.0,1.0,1.0,1.0,0.888048463716559,1.0,1.0,1.0,1.0,,,,,,,,,,0.9650151449114247
250,b393ab92c8ac5e77,True,1.0,1.0,0.5,1.0,0.8815142061674947,1.0,1.0,0.0,0.0,,,,,,,,,,0.35648659471367106
251,05f1a5cbc0905d8e,True,1.0,1.0,1.0,1.0,0.7163686788302156,1.0,1.0,1.0,1.0,,,,,,,,,,0.9113652121344424
252,613c9ac33f6951ca,True,1.0,1.0,1.0,1.0,0.7750430710013934,1.0,1.0,1.0,1.0,,,,,,,,,,0.9297009596879354
253,223d02be29c65e81,True,1.0,1.0,1.0,1.0,0.8994492774982701,1.0,1.0,1.0,1.0,,,,,,,,,,0.9685778992182095
254,a67c6744e6c45edb,True,1.0,1.0,1.0,1.0,0.8196513355655561,1.0,1.0,1.0,0.0,,,,,,,,,,0.8186410423642363
255,f7a9f82f17b256e2,True,1.0,1.0,1.0,1.0,0.8117464491098261,1.0,1.0,1.0,1.0,,,,,,,,,,0.9411707653468206
256,d142ab856b7653df,True,1.0,1.0,1.0,1.0,0.8134225527717328,1.0,1.0,1.0,1.0,,,,,,,,,,0.9416945477411665
257,909655c780e152ac,True,1.0,1.0,1.0,1.0,1.0,1.0,1.0,1.0,0.0,,,,,,,,,,0.875
258,e7ae612e880e5d5f,True,1.0,1.0,1.0,1.0,0.6053672984281777,1.0,1.0,1.0,1.0,,,,,,,,,,0.8766772807588055
259,b60afdbc7cc65971,True,1.0,1.0,1.0,1.0,1.0,1.0,1.0,1.0,1.0,,,,,,,,,,1.0
260,398326681cd7500a,True,1.0,1.0,1.0,1.0,0.9070635137596555,1.0,1.0,1.0,1.0,,,,,,,,,,0.9709573480498923
261,e7f8a61d807f5914,True,1.0,1.0,1.0,1.0,1.0,1.0,1.0,1.0,1.0,,,,,,,,,,1.0
262,d50b69bed8f2570c,True,1.0,1.0,1.0,1.0,0.6560347109334187,1.0,1.0,1.0,0.0,,,,,,,,,,0.7675108471666934
263,2352aa62dbbe58d2,True,1.0,1.0,1.0,1.0,0.34717097395922447,1.0,1.0,1.0,0.0,,,,,,,,,,0.6709909293622577
264,23d647e77f2d515e,True,1.0,1.0,1.0,1.0,0.3744656902725854,1.0,1.0,1.0,1.0,,,,,,,,,,0.8045205282101829
265,36419e8c59275f61,True,1.0,1.0,1.0,1.0,0.9568422042191552,1.0,1.0,1.0,1.0,,,,,,,,,,0.9865131888184859
266,962deb8ccdaf50e3,True,1.0,1.0,1.0,1.0,1.0,1.0,1.0,1.0,1.0,,,,,,,,,,1.0
267,7a91cd530cac57fc,True,1.0,1.0,1.0,1.0,0.8426957307584156,1.0,1.0,1.0,1.0,,,,,,,,,,0.9508424158620049
268,8c689c4b2df55539,True,1.0,1.0,1.0,1.0,0.8073836176160618,1.0,1.0,1.0,1.0,,,,,,,,,,0.9398073805050193
269,59ea5c8c067e57e7,True,1.0,1.0,1.0,1.0,0.8446237688980314,1.0,0.0,1.0,0.0,,,,,,,,,,0.7014449277806348
270,bd9abb7104dc5408,True,1.0,0.0,1.0,1.0,0.7741774559117929,1.0,1.0,1.0,1.0,,,,,,,,,,0.0
271,352290f8ed8e572e,True,0.0,1.0,1.0,1.0,1.0,0.0,1.0,1.0,0.0,,,,,,,,,,0.0
272,07846b829b3a575e,True,1.0,1.0,1.0,1.0,0.7547982462270528,1.0,1.0,1.0,1.0,,,,,,,,,,0.923374451945954
273,d45f18da371a5fe5,True,1.0,1.0,1.0,1.0,0.8743559599145516,1.0,1.0,1.0,1.0,,,,,,,,,,0.9607362374732974
274,20cc0fdb7e2d5c3f,True,1.0,1.0,1.0,1.0,0.9263627326404655,1.0,1.0,1.0,0.0,,,,,,,,,,0.8519883539501455
275,0e5653822a7a56b3,True,1.0,1.0,1.0,1.0,1.0,1.0,1.0,1.0,1.0,,,,,,,,,,1.0
276,d073c3202a7e56da,True,0.0,1.0,1.0,1.0,1.0,0.0,1.0,1.0,0.0,,,,,,,,,,0.0
277,4fbfc7dc71db50e2,True,1.0,1.0,1.0,1.0,0.7810334056562764,1.0,1.0,1.0,1.0,,,,,,,,,,0.9315729392675864
278,dc207d97e04f5ce1,True,1.0,1.0,1.0,1.0,0.953679146268762,1.0,1.0,0.0,0.0,,,,,,,,,,0.7355247332089881
279,b5ba1ec901f1522c,True,1.0,1.0,1.0,1.0,1.0,1.0,1.0,1.0,0.0,,,,,,,,,,0.875
280,fe22e2c812e65096,True,1.0,1.0,1.0,1.0,0.5433006580529383,1.0,1.0,1.0,1.0,,,,,,,,,,0.8572814556415432
281,6b2cda5004dc5df9,True,1.0,1.0,1.0,1.0,1.0,1.0,1.0,1.0,1.0,,,,,,,,,,1.0
282,1c77ba7488d35c52,True,1.0,1.0,1.0,1.0,0.48354065678208846,1.0,1.0,1.0,0.0,,,,,,,,,,0.7136064552444026
283,cd9d029138325c2c,True,1.0,1.0,1.0,1.0,0.8576790808525165,1.0,1.0,1.0,1.0,,,,,,,,,,0.9555247127664115
284,f23073987e7956e3,True,1.0,1.0,1.0,1.0,0.40445524957921886,1.0,0.0,1.0,1.0,,,,,,,,,,0.6888922654935059
285,87eae54f57ea5690,True,1.0,1.0,1.0,1.0,0.7127077637561939,1.0,1.0,1.0,0.0,,,,,,,,,,0.7852211761738106
286,a7d3e71b8ca456a9,True,1.0,1.0,1.0,1.0,1.0,1.0,1.0,1.0,1.0,,,,,,,,,,1.0
287,262333f372975eef,True,1.0,1.0,1.0,1.0,1.0,1.0,1.0,1.0,1.0,,,,,,,,,,1.0
288,63ec67c4a58a5e5b,True,1.0,1.0,1.0,1.0,0.48993031789705904,1.0,0.0,1.0,0.0,,,,,,,,,,0.590603224342831
289,59bf40c427da5eb1,True,1.0,1.0,1.0,1.0,0.5175239543652902,1.0,1.0,1.0,1.0,,,,,,,,,,0.8492262357391531
290,b867b28707205c0b,True,1.0,1.0,1.0,1.0,0.8698615310211664,1.0,1.0,1.0,0.0,,,,,,,,,,0.8343317284441145
291,289a58bd2ab6512b,True,1.0,0.0,1.0,1.0,0.8476972058386943,1.0,1.0,1.0,0.0,,,,,,,,,,0.0
292,2b8cde20754c5f0c,True,1.0,1.0,1.0,1.0,1.0,1.0,1.0,1.0,0.0,,,,,,,,,,0.875
293,69baa41122b45e43,True,1.0,1.0,1.0,1.0,0.834929986115587,1.0,1.0,1.0,1.0,,,,,,,,,,0.948415620661121
294,008844070af456e3,True,1.0,1.0,1.0,1.0,0.6579713229110882,1.0,1.0,1.0,1.0,,,,,,,,,,0.893116038409715
295,df72dca23ca45733,True,1.0,1.0,1.0,1.0,1.0,1.0,1.0,1.0,0.0,,,,,,,,,,0.875
296,abbf1c193ac75f91,True,1.0,1.0,1.0,1.0,1.0,1.0,1.0,1.0,1.0,,,,,,,,,,1.0
297,e22c42694be05703,True,1.0,1.0,1.0,1.0,0.5283411375494396,1.0,1.0,1.0,0.0,,,,,,,,,,0.7276066054841999
298,95b1bc0848e85064,True,1.0,1.0,1.0,1.0,0.5137370229690144,1.0,1.0,1.0,1.0,,,,,,,,,,0.8480428196778169
299,226e6642fbc65bdc,True,1.0,1.0,1.0,1.0,0.8588553100431159,1.0,1.0,1.0,1.0,,,,,,,,,,0.9558922843884737
300,0ec9a79351355022,True,1.0,1.0,1.0,1.0,1.0,1.0,1.0,1.0,0.0,,,,,,,,,,0.875
301,75f5cc1f425c501d,True,1.0,1.0,1.0,0.0,1.0,1.0,0.0,1.0,1.0,,,,,,,,,,0.0
302,b474c79361415cb0,True,1.0,1.0,1.0,1.0,0.5562948672822204,1.0,1.0,1.0,0.0,,,,,,,,,,0.7363421460256939
303,7a8c81a7cd1256e0,True,1.0,1.0,1.0,1.0,0.8805590357963339,1.0,1.0,1.0,1.0,,,,,,,,,,0.9626746986863544
304,b35e48a419d7577f,True,1.0,1.0,1.0,1.0,1.0,1.0,1.0,1.0,1.0,,,,,,,,,,1.0
305,3921f38b62d55f1a,True,1.0,1.0,1.0,1.0,1.0,1.0,1.0,1.0,1.0,,,,,,,,,,1.0
306,0802a51b0a1d512c,True,1.0,1.0,1.0,1.0,0.6234871358574439,1.0,1.0,1.0,0.0,,,,,,,,,,0.7573397299554512
307,c1d95d8a3260541c,True,1.0,1.0,1.0,1.0,0.9193176856073578,1.0,1.0,1.0,1.0,,,,,,,,,,0.9747867767522993
308,62103d9b18645ebd,True,1.0,1.0,1.0,1.0,0.20239443692647843,1.0,1.0,1.0,1.0,,,,,,,,,,0.7507482615395245
309,ce2f1ac423965b7a,True,1.0,1.0,1.0,1.0,1.0,1.0,1.0,1.0,1.0,,,,,,,,,,1.0
310,a97ceb2edd0251f9,True,1.0,1.0,1.0,1.0,1.0,1.0,1.0,1.0,0.0,,,,,,,,,,0.875
311,79e8f1ce9ed95cf6,True,1.0,1.0,1.0,1.0,0.6136392671752813,1.0,1.0,1.0,1.0,,,,,,,,,,0.8792622709922754
312,85f2b1f1f1f45b5c,True,1.0,1.0,1.0,1.0,0.8395304043348896,1.0,1.0,1.0,0.0,,,,,,,,,,0.8248532513546529
313,8a492ff6a81054a7,True,1.0,1.0,1.0,1.0,1.0,1.0,0.0,1.0,0.0,,,,,,,,,,0.75
314,ab4401719a355a62,True,1.0,1.0,1.0,1.0,1.0,1.0,1.0,1.0,1.0,,,,,,,,,,1.0
315,e41740b9529753af,True,0.0,1.0,1.0,1.0,1.0,0.0,1.0,1.0,0.0,,,,,,,,,,0.0
316,8f5b6181d28e5d4a,True,1.0,1.0,1.0,1.0,0.8904332023469308,1.0,1.0,1.0,1.0,,,,,,,,,,0.9657603757334159
317,2bd04a0902095129,True,1.0,1.0,1.0,1.0,1.0,1.0,1.0,1.0,0.0,,,,,,,,,,0.875
318,c340cf7465ab5bbe,True,1.0,1.0,1.0,1.0,0.6354033573750762,1.0,1.0,1.0,0.0,,,,,,,,,,0.7610635491797113
319,5f4991d3d2ca5eee,True,1.0,1.0,1.0,1.0,0.17686314666272804,1.0,1.0,1.0,1.0,,,,,,,,,,0.7427697333321025
320,686b55439d5e591e,True,1.0,1.0,1.0,1.0,0.9918079157738163,1.0,1.0,1.0,1.0,,,,,,,,,,0.9974399736793176
321,02a81792cbdb5dd5,True,1.0,1.0,1.0,1.0,1.0,1.0,1.0,1.0,1.0,,,,,,,,,,1.0
322,d20be65e3dc65738,True,1.0,1.0,1.0,1.0,0.8667092101221137,1.0,1.0,1.0,0.0,,,,,,,,,,0.8333466281631605
323,8f8ccbd6ffcb54b9,True,1.0,1.0,1.0,1.0,0.7412081413248333,1.0,1.0,1.0,1.0,,,,,,,,,,0.9191275441640103
324,da36c99454f65715,True,1.0,1.0,1.0,1.0,0.9240920350822329,1.0,1.0,1.0,0.0,,,,,,,,,,0.8512787609631978
325,3b910accfc12560a,True,1.0,1.0,1.0,1.0,0.8125593120924599,1.0,1.0,1.0,1.0,,,,,,,,,,0.9414247850288937
326,7b2f3235b4cb5374,True,1.0,0.0,1.0,1.0,0.547976783015382,1.0,1.0,1.0,1.0,,,,,,,,,,0.0
327,12f2dccfb88957f9,True,1.0,1.0,1.0,0.0,1.0,1.0,1.0,1.0,1.0,,,,,,,,,,0.0
328,eb3912d9717d5177,True,1.0,1.0,1.0,1.0,0.7341414936985042,1.0,1.0,1.0,1.0,,,,,,,,,,0.9169192167807826
329,06c9339fdc3e5404,True,1.0,1.0,1.0,1.0,0.8550122732643559,1.0,1.0,1.0,0.0,,,,,,,,,,0.8296913353951112
330,cc4bdc0160e157c4,True,1.0,1.0,1.0,1.0,0.6840328833695111,1.0,1.0,1.0,0.0,,,,,,,,,,0.7762602760529722
331,ef703bb40b9a516c,True,1.0,1.0,1.0,1.0,0.8566204496588568,1.0,1.0,1.0,0.0,,,,,,,,,,0.8301938905183928
332,43162b00fe4550b8,True,1.0,1.0,1.0,1.0,0.9172716105778781,1.0,1.0,1.0,0.0,,,,,,,,,,0.849147378305587
333,f1ae4feebfda5b75,True,1.0,1.0,1.0,1.0,0.8908514571599594,1.0,1.0,1.0,0.0,,,,,,,,,,0.8408910803624874
334,a7d3076a7b7b58b2,True,1.0,1.0,1.0,1.0,0.6578009848214682,1.0,1.0,1.0,1.0,,,,,,,,,,0.8930628077567089
335,779852a1160f56f9,True,1.0,1.0,1.0,1.0,0.6670804033051074,1.0,1.0,1.0,1.0,,,,,,,,,,0.895962626032846
336,89e4665cd63a55bd,True,1.0,1.0,1.0,1.0,0.5483694267577087,1.0,1.0,1.0,1.0,,,,,,,,,,0.8588654458617839
337,550f8f2c9795525c,True,1.0,1.0,1.0,1.0,1.0,1.0,1.0,1.0,0.0,,,,,,,,,,0.875
338,11d28b80cd0a56d5,True,1.0,1.0,1.0,1.0,0.8319967063335263,1.0,1.0,1.0,0.0,,,,,,,,,,0.822498970729227
339,64f47c2f2c7754cb,True,1.0,1.0,1.0,1.0,1.0,1.0,1.0,1.0,1.0,,,,,,,,,,1.0
340,77f11643ced5562a,True,1.0,1.0,1.0,1.0,0.5801137624061735,1.0,1.0,1.0,1.0,,,,,,,,,,0.8687855507519292
341,491a9b7a44225a75,True,1.0,1.0,1.0,1.0,1.0,1.0,0.0,0.0,0.0,,,,,,,,,,0.625
342,131ab0263b07507c,True,1.0,1.0,1.0,1.0,1.0,1.0,1.0,1.0,0.0,,,,,,,,,,0.875
343,c7afdb652a9e5e73,True,1.0,1.0,1.0,1.0,1.0,1.0,1.0,1.0,1.0,,,,,,,,,,1.0
344,c3d6016d73645955,True,1.0,1.0,1.0,1.0,1.0,1.0,1.0,1.0,1.0,,,,,,,,,,1.0
345,1b95b6689ee75fab,True,1.0,1.0,1.0,1.0,0.7779872361350316,1.0,1.0,1.0,0.0,,,,,,,,,,0.8056210112921973
346,fe8eddd5ec8654cd,True,1.0,1.0,1.0,1.0,0.719422898682879,1.0,1.0,1.0,0.0,,,,,,,,,,0.7873196558383997
347,68097b10029d5fe1,True,1.0,1.0,1.0,1.0,0.859315781496458,1.0,1.0,1.0,1.0,,,,,,,,,,0.9560361817176432
348,1bc892186af15042,True,1.0,1.0,1.0,1.0,0.8382608461203945,1.0,1.0,1.0,1.0,,,,,,,,,,0.9494565144126232
349,cfb755b8d37458ac,True,1.0,1.0,1.0,1.0,0.8067501487370417,1.0,1.0,1.0,0.0,,,,,,,,,,0.8146094214803254
350,a312f24a197d530c,True,1.0,1.0,1.0,1.0,0.9321306765780649,1.0,1.0,1.0,1.0,,,,,,,,,,0.9787908364306452
351,5c4d8dfcb0aa5541,True,1.0,1.0,1.0,1.0,0.12820500389670564,1.0,1.0,0.0,1.0,,,,,,,,,,0.6025640637177205
352,87b2c0e49070537f,True,1.0,1.0,1.0,1.0,1.0,1.0,1.0,1.0,1.0,,,,,,,,,,1.0
353,d08ae5bc8a435f97,True,0.0,1.0,1.0,1.0,1.0,0.0,1.0,1.0,0.0,,,,,,,,,,0.0
354,56c64f7e47b15e0d,True,1.0,1.0,1.0,1.0,1.0,1.0,1.0,1.0,1.0,,,,,,,,,,1.0
355,2322850f71fa5c4d,True,1.0,1.0,1.0,1.0,0.34978561290971655,1.0,1.0,1.0,1.0,,,,,,,,,,0.7968080040342864
356,12d426c6727d507a,True,1.0,1.0,1.0,1.0,0.5503605811340776,1.0,1.0,1.0,1.0,,,,,,,,,,0.8594876816043993
357,bf00c76f25185b83,True,1.0,1.0,1.0,1.0,0.8168658555596019,1.0,1.0,1.0,0.0,,,,,,,,,,0.8177705798623756
358,4d5a01dea92b5867,True,1.0,1.0,1.0,1.0,0.6909032800457846,1.0,1.0,1.0,0.0,,,,,,,,,,0.7784072750143076
359,faa12c2adc7c521f,True,1.0,1.0,1.0,1.0,0.7783316207601005,1.0,1.0,1.0,1.0,,,,,,,,,,0.9307286314875314
360,e9c2b75226b85cfe,True,1.0,1.0,1.0,1.0,0.5551184609816402,1.0,1.0,1.0,1.0,,,,,,,,,,0.8609745190567626
361,0e272e003af65a71,True,1.0,1.0,1.0,1.0,0.6153516959376173,1.0,1.0,1.0,1.0,,,,,,,,,,0.8797974049805054
362,a417154cf84a5426,True,1.0,1.0,1.0,1.0,1.0,1.0,1.0,1.0,1.0,,,,,,,,,,1.0
363,c1839a3333695317,True,1.0,1.0,1.0,1.0,1.0,1.0,1.0,1.0,1.0,,,,,,,,,,1.0
364,c7a44a2e52bc5e22,True,1.0,1.0,1.0,1.0,0.9193593466550953,1.0,1.0,1.0,0.0,,,,,,,,,,0.8497997958297173
365,67b05cf704325e6b,True,1.0,1.0,1.0,1.0,0.8401317818855726,1.0,1.0,1.0,1.0,,,,,,,,,,0.9500411818392414
366,90ed944de9405835,True,1.0,1.0,1.0,1.0,0.8529217429781785,1.0,1.0,1.0,1.0,,,,,,,,,,0.9540380446806808
367,773cb036b1195879,True,1.0,1.0,1.0,1.0,1.0,1.0,1.0,1.0,1.0,,,,,,,,,,1.0
368,70f718ebc8b4505e,True,1.0,1.0,1.0,1.0,0.44457321130766636,1.0,1.0,1.0,0.0,,,,,,,,,,0.7014291285336458
369,9b7108902e7158d6,True,1.0,1.0,1.0,1.0,1.0,1.0,1.0,1.0,1.0,,,,,,,,,,1.0
370,b459c8b7fd2b5aa4,True,1.0,1.0,1.0,1.0,1.0,1.0,0.0,1.0,0.0,,,,,,,,,,0.75
371,75b6813b1f4556ce,True,1.0,1.0,1.0,1.0,1.0,1.0,1.0,1.0,1.0,,,,,,,,,,1.0
372,e17587a96a795abf,True,1.0,1.0,1.0,1.0,0.628587681120565,1.0,1.0,1.0,1.0,,,,,,,,,,0.8839336503501766
373,8164612a623156ae,True,1.0,1.0,1.0,1.0,1.0,1.0,1.0,1.0,1.0,,,,,,,,,,1.0
374,4dd1ab3a667b5074,True,1.0,1.0,1.0,1.0,1.0,1.0,1.0,1.0,0.0,,,,,,,,,,0.875
375,4aa44e006ca9579e,True,1.0,1.0,1.0,1.0,0.867929970335697,1.0,1.0,1.0,1.0,,,,,,,,,,0.9587281157299052
376,84b8eb5b1a5757c1,True,1.0,1.0,1.0,1.0,0.5059438225160217,1.0,1.0,1.0,1.0,,,,,,,,,,0.8456074445362568
377,f6b9867069845fd2,True,1.0,1.0,1.0,1.0,1.0,1.0,1.0,1.0,1.0,,,,,,,,,,1.0
378,8237f47b224952b4,True,1.0,1.0,1.0,1.0,0.8127404624848205,1.0,1.0,1.0,0.0,,,,,,,,,,0.8164813945265064
379,599c8b2bc9b252a7,True,1.0,1.0,1.0,1.0,0.6894713160066948,0.0,1.0,1.0,0.0,,,,,,,,,,0.4654597862520921
380,dd16377ecfa45fe0,True,1.0,1.0,1.0,1.0,1.0,1.0,1.0,1.0,1.0,,,,,,,,,,1.0
381,087023402a695ba3,True,1.0,1.0,1.0,1.0,1.0,1.0,1.0,1.0,1.0,,,,,,,,,,1.0
382,45ebc34cbe405c3e,True,1.0,1.0,1.0,1.0,0.6643649564154588,1.0,1.0,1.0,0.0,,,,,,,,,,0.7701140488798308
383,d25b6512a43f5e54,True,1.0,1.0,1.0,1.0,0.8303982795317584,1.0,1.0,1.0,1.0,,,,,,,,,,0.9469994623536745
384,76a0c83f0b6453a0,True,1.0,1.0,1.0,1.0,0.9579381871029298,1.0,1.0,1.0,1.0,,,,,,,,,,0.9868556834696656
385,f29d6171f46b551d,True,1.0,1.0,1.0,1.0,1.0,1.0,1.0,1.0,1.0,,,,,,,,,,1.0
386,fe9e76e6cac35fba,True,1.0,1.0,1.0,1.0,0.39314453891596235,1.0,1.0,1.0,1.0,,,,,,,,,,0.8103576684112382
387,442b2cf63c6f570a,True,1.0,1.0,1.0,1.0,0.7819119118170412,1.0,1.0,1.0,0.0,,,,,,,,,,0.8068474724428254
388,6e2c6027edb85763,True,1.0,1.0,1.0,1.0,1.0,1.0,1.0,1.0,0.0,,,,,,,,,,0.875
389,99e0c0250e6e54c5,True,1.0,1.0,1.0,1.0,0.6156917668881652,1.0,1.0,1.0,1.0,,,,,,,,,,0.8799036771525517
390,a6edd19740415b54,True,1.0,1.0,1.0,1.0,1.0,1.0,1.0,1.0,0.0,,,,,,,,,,0.875
391,2ee150fedbb15345,True,1.0,1.0,1.0,1.0,0.7302110579553552,1.0,1.0,1.0,1.0,,,,,,,,,,0.9156909556110485
392,680c8d90658556da,True,1.0,1.0,0.0,1.0,0.6587227082574072,1.0,1.0,1.0,0.0,,,,,,,,,,0.0
393,1981a85eb4ba5001,True,1.0,1.0,1.0,1.0,1.0,1.0,1.0,1.0,0.0,,,,,,,,,,0.875
394,b1906c6b8b8f5f56,True,1.0,1.0,1.0,1.0,1.0,1.0,1.0,1.0,0.0,,,,,,,,,,0.875
395,fda0145d54065b7c,True,0.0,1.0,1.0,1.0,1.0,0.0,1.0,1.0,1.0,,,,,,,,,,0.0
396,9b0a5826d2d357d8,True,1.0,1.0,1.0,1.0,0.7340876752116424,1.0,1.0,1.0,1.0,,,,,,,,,,0.9169023985036382
397,14fe69db03425780,True,1.0,1.0,1.0,1.0,0.876618234531104,1.0,1.0,1.0,1.0,,,,,,,,,,0.96144319829097
398,cbc268a868be50c2,True,1.0,0.0,1.0,1.0,1.0,1.0,1.0,1.0,1.0,,,,,,,,,,0.0
399,f9a9b5ee707e501e,True,1.0,1.0,1.0,1.0,0.8286579950080952,1.0,1.0,1.0,0.0,,,,,,,,,,0.8214556234400298
400,c5b585ddf50d5f1f,True,1.0,1.0,1.0,1.0,1.0,1.0,1.0,1.0,1.0,,,,,,,,,,1.0
401,5521dd071ee95c1a,True,1.0,1.0,1.0,1.0,0.8710046357716666,1.0,1.0,1.0,0.0,,,,,,,,,,0.8346889486786458
402,c6bd79f439c254a0,True,1.0,1.0,1.0,1.0,0.8394030585899384,1.0,1.0,1.0,1.0,,,,,,,,,,0.9498134558093557
403,689abfdd66235378,True,1.0,1.0,1.0,1.0,0.904006139395252,1.0,1.0,1.0,1.0,,,,,,,,,,0.9700019185610163
404,c887e4bc08f85aa5,True,1.0,1.0,1.0,1.0,1.0,0.0,1.0,1.0,1.0,,,,,,,,,,0.6875
405,f749ff64838c5664,True,1.0,1.0,1.0,1.0,1.0,1.0,1.0,1.0,0.0,,,,,,,,,,0.875
406,13310ca9a7715154,True,1.0,0.0,1.0,1.0,1.0,1.0,1.0,1.0,1.0,,,,,,,,,,0.0
407,f3ca2707d87a586b,True,1.0,1.0,1.0,1.0,1.0,1.0,1.0,1.0,1.0,,,,,,,,,,1.0
408,a2047f9cb3865b75,True,1.0,1.0,1.0,1.0,0.6887699041354609,1.0,1.0,1.0,1.0,,,,,,,,,,0.9027405950423315
409,ed01297783a05dba,True,1.0,1.0,0.5,1.0,0.8776707789379652,1.0,1.0,1.0,0.0,,,,,,,,,,0.418386059209057
410,ca58b2e039305479,True,1.0,1.0,1.0,1.0,0.8622454564034088,1.0,1.0,1.0,1.0,,,,,,,,,,0.9569517051260652
411,467879c3d37054f5,True,1.0,1.0,1.0,1.0,0.7618546854932478,1.0,1.0,1.0,0.0,,,,,,,,,,0.8005795892166399
412,67abcf0964415891,True,1.0,1.0,1.0,1.0,0.843701543234272,1.0,1.0,0.0,0.0,,,,,,,,,,0.70115673226071
413,9ef1d618435d5e53,True,1.0,1.0,1.0,1.0,0.8147128743348769,1.0,1.0,1.0,1.0,,,,,,,,,,0.942097773229649
414,9483fae2cfc352eb,True,1.0,1.0,1.0,1.0,0.5495995223709088,1.0,1.0,1.0,1.0,,,,,,,,,,0.859249850740909
415,8846d60884435288,True,1.0,1.0,1.0,1.0,0.59335128117348,1.0,1.0,1.0,0.0,,,,,,,,,,0.7479222753667125
416,8486dcafaee75d76,True,1.0,1.0,1.0,1.0,1.0,1.0,1.0,1.0,1.0,,,,,,,,,,1.0
417,5d12ad55fdd858e1,True,1.0,1.0,1.0,1.0,0.8380057827076229,1.0,1.0,1.0,1.0,,,,,,,,,,0.9493768070961321
418,cf50ffa22c81555d,True,1.0,1.0,1.0,1.0,0.838226626751866,1.0,1.0,1.0,1.0,,,,,,,,,,0.9494458208599581
419,257773cfd41d59d5,True,1.0,1.0,1.0,1.0,0.17773758094858766,1.0,1.0,1.0,1.0,,,,,,,,,,0.7430429940464336
420,5c084920ee285003,True,1.0,1.0,1.0,1.0,0.5572540669167106,1.0,1.0,1.0,0.0,,,,,,,,,,0.7366418959114721
421,9502cdbb06dd516f,True,1.0,1.0,1.0,1.0,1.0,1.0,1.0,1.0,1.0,,,,,,,,,,1.0
422,a091a6a6033c559f,True,1.0,1.0,1.0,1.0,0.944216698219096,1.0,1.0,1.0,1.0,,,,,,,,,,0.9825677181934676
423,834cf95826ec5c73,True,1.0,1.0,1.0,1.0,0.7940885937874745,1.0,1.0,1.0,0.0,,,,,,,,,,0.8106526855585858
424,d64a3964875f5b41,True,1.0,1.0,1.0,1.0,1.0,1.0,1.0,1.0,0.0,,,,,,,,,,0.875
425,a47772efd1d758d6,True,1.0,1.0,1.0,1.0,0.9253332992449245,1.0,1.0,1.0,1.0,,,,,,,,,,0.9766666560140389
426,70d9d518ad0f5382,True,1.0,1.0,1.0,1.0,1.0,1.0,1.0,1.0,1.0,,,,,,,,,,1.0
427,3af9cb4d21e15e9e,True,1.0,1.0,1.0,1.0,0.7451164084117006,1.0,1.0,1.0,1.0,,,,,,,,,,0.9203488776286564
428,bb4f37403cea5b0e,True,1.0,1.0,1.0,1.0,0.6494201724770946,1.0,1.0,1.0,0.0,,,,,,,,,,0.7654438038990921
429,fa2c36ce4ba156cb,True,1.0,1.0,1.0,1.0,0.6589616068408292,1.0,1.0,1.0,0.0,,,,,,,,,,0.7684255021377591
430,67debdeae60b5fa4,True,1.0,1.0,1.0,1.0,0.7617860212132119,1.0,1.0,1.0,1.0,,,,,,,,,,0.9255581316291287
431,2382542e05f253df,True,1.0,1.0,1.0,1.0,0.8564571994810016,1.0,1.0,1.0,1.0,,,,,,,,,,0.955142874837813
432,5593db2f64115fbf,True,1.0,1.0,1.0,1.0,1.0,1.0,1.0,1.0,1.0,,,,,,,,,,1.0
433,5c883441084d58d7,True,1.0,1.0,1.0,1.0,1.0,1.0,0.0,0.0,0.0,,,,,,,,,,0.625
434,f76112c834c25beb,True,1.0,1.0,1.0,1.0,0.6936832017689282,1.0,1.0,1.0,0.0,,,,,,,,,,0.7792760005527901
435,cb02d1e1315a5e67,True,1.0,1.0,1.0,1.0,0.922749481113696,1.0,0.0,1.0,0.0,,,,,,,,,,0.72585921284803
436,f2592c08589e5398,True,1.0,1.0,1.0,1.0,0.45413709725400536,1.0,1.0,1.0,0.0,,,,,,,,,,0.7044178428918767
437,aeeba19e19c35ccb,True,1.0,1.0,1.0,1.0,0.6944672053892513,1.0,0.0,1.0,0.0,,,,,,,,,,0.6545210016841411
438,f025b78e77b25fba,True,1.0,1.0,1.0,1.0,0.8255267846077706,1.0,1.0,1.0,0.0,,,,,,,,,,0.8204771201899284
439,42052560d5925f35,True,1.0,1.0,1.0,1.0,1.0,1.0,1.0,1.0,1.0,,,,,,,,,,1.0
440,49074bfb7c9e5c26,True,1.0,1.0,1.0,1.0,0.6626729977581483,1.0,1.0,1.0,0.0,,,,,,,,,,0.7695853117994214
441,b6b5f3cc01a05f83,True,1.0,1.0,1.0,1.0,0.6068323026840048,1.0,1.0,1.0,0.0,,,,,,,,,,0.7521350945887515
442,a2701552b0f95f7b,True,1.0,1.0,1.0,1.0,0.9841153288017246,1.0,1.0,1.0,1.0,,,,,,,,,,0.9950360402505389
443,3623049267d35a95,True,1.0,1.0,1.0,1.0,0.12785327367496804,1.0,1.0,1.0,1.0,,,,,,,,,,0.7274541480234276
444,afcd7846a4f35622,True,1.0,1.0,1.0,1.0,0.8007238149596277,1.0,1.0,1.0,0.0,,,,,,,,,,0.8127261921748836
445,dac84d4f931e54ab,True,1.0,1.0,1.0,1.0,0.557410337318159,1.0,1.0,1.0,0.0,,,,,,,,,,0.7366907304119247
446,4972962184a75fa7,True,1.0,1.0,1.0,1.0,0.8220423516577458,1.0,1.0,1.0,1.0,,,,,,,,,,0.9443882348930456
447,35b84fa433f0583f,True,1.0,1.0,1.0,1.0,0.6762808414828893,1.0,1.0,1.0,1.0,,,,,,,,,,0.8988377629634029
448,cf05c9f4f6e55af3,True,1.0,1.0,1.0,1.0,0.8197859978460214,1.0,1.0,1.0,1.0,,,,,,,,,,0.9436831243268817
449,e5d2a01ab5b0562a,True,1.0,1.0,1.0,1.0,0.24260620748347347,1.0,1.0,1.0,0.0,,,,,,,,,,0.6383144398385855
450,3110b909a8ee018b8,True,,,,,,,,,,1.0,1.0,1.0,1.0,1.0,1.0,0.0,1.0,0.0,0.75
451,63b1d16ef6fc7e410,True,,,,,,,,,,1.0,1.0,1.0,1.0,0.26644210405143126,1.0,1.0,1.0,0.0,0.6457631575160723
452,22e6f3013edf76fa7,True,,,,,,,,,,1.0,0.0,1.0,1.0,0.7281028864471699,1.0,1.0,1.0,0.0,0.0
453,e620593c6271f1028,True,,,,,,,,,,1.0,1.0,1.0,1.0,0.21997227615896375,1.0,0.0,1.0,1.0,0.6312413362996762
454,5fe5ada2e768e26b3,True,,,,,,,,,,0.0,1.0,1.0,1.0,1.0,0.0,0.0,1.0,0.0,0.0
455,af40e0723b46e7fed,True,,,,,,,,,,1.0,0.0,1.0,1.0,0.19821353681726434,1.0,0.0,1.0,0.0,0.0
456,b12d970eb84c1530f,True,,,,,,,,,,1.0,1.0,1.0,1.0,1.0,1.0,0.0,1.0,1.0,0.875
457,b66b0513b3b0cf5c4,True,,,,,,,,,,1.0,1.0,1.0,1.0,1.0,1.0,1.0,1.0,1.0,1.0
458,e96c4d87797ab96d1,True,,,,,,,,,,1.0,1.0,1.0,1.0,0.747143225083544,1.0,1.0,1.0,0.0,0.7959822578386075
459,0ec4048ba57347962,True,,,,,,,,,,0.0,1.0,0.0,1.0,1.0,0.0,0.0,1.0,0.0,0.0
460,c2e48998f58fcf229,True,,,,,,,,,,1.0,1.0,1.0,1.0,0.3109962088189901,1.0,1.0,1.0,0.0,0.6596863152559345
461,ba1d4ee6517641b7b,True,,,,,,,,,,1.0,1.0,1.0,1.0,1.0,1.0,0.0,1.0,1.0,0.875
462,1ea8537ea6898e4e2,True,,,,,,,,,,1.0,1.0,1.0,1.0,0.7441481117966081,1.0,0.0,1.0,1.0,0.79504628493644
463,c3d63199e3d09c551,True,,,,,,,,,,1.0,1.0,1.0,1.0,0.7703604356690215,1.0,0.0,1.0,1.0,0.8032376361465692
464,4225dd6384602da80,True,,,,,,,,,,1.0,1.0,0.5,1.0,0.7047531919922476,1.0,0.0,1.0,1.0,0.3913676862487887
465,f26e03767d82f4ae7,True,,,,,,,,,,1.0,1.0,1.0,1.0,1.0,1.0,1.0,1.0,1.0,1.0
466,50efe42947fa108c7,True,,,,,,,,,,1.0,1.0,1.0,1.0,0.47298276332139055,1.0,1.0,1.0,1.0,0.8353071135379345
467,41a150d2b1beead49,True,,,,,,,,,,1.0,1.0,1.0,1.0,0.9783831043185302,1.0,1.0,1.0,0.0,0.8682447200995407
468,0802cacabc6a28d18,True,,,,,,,,,,1.0,1.0,1.0,1.0,0.7030800487137192,1.0,0.0,1.0,1.0,0.7822125152230373
469,a4e2233cf54403d43,True,,,,,,,,,,1.0,1.0,1.0,1.0,0.6226514319029548,1.0,1.0,1.0,1.0,0.8820785724696734
470,a0663290a63074719,True,,,,,,,,,,1.0,1.0,1.0,1.0,0.7266124525272029,1.0,0.0,1.0,0.0,0.6645663914147508
471,a42fb99bdb7e61156,True,,,,,,,,,,1.0,1.0,1.0,1.0,0.382779205480254,1.0,1.0,1.0,0.0,0.6821185017125794
472,b545597d491f4a96e,True,,,,,,,,,,0.0,1.0,1.0,1.0,1.0,0.0,1.0,1.0,0.0,0.0
473,19b9962d1050c08e3,True,,,,,,,,,,1.0,1.0,1.0,1.0,1.0,1.0,1.0,1.0,1.0,1.0
474,606f1011a6999f264,True,,,,,,,,,,0.0,1.0,1.0,1.0,1.0,0.0,1.0,1.0,0.0,0.0
475,b01ea6107aea79f6c,True,,,,,,,,,,1.0,1.0,1.0,1.0,0.43743644622542877,1.0,1.0,1.0,1.0,0.8241988894454465
476,b77f2183b554e6641,True,,,,,,,,,,1.0,1.0,1.0,1.0,0.3045465693254309,1.0,1.0,1.0,0.0,0.6576708029141971
477,55c8df3b0682a658a,True,,,,,,,,,,1.0,1.0,1.0,1.0,0.9731888814478435,1.0,1.0,1.0,0.0,0.8666215254524511
478,61fd1e677d1c01a32,True,,,,,,,,,,1.0,1.0,0.0,1.0,1.0,0.0,0.0,1.0,0.0,0.0
479,4dbc9cc6aa10c611c,True,,,,,,,,,,1.0,1.0,1.0,1.0,0.6530333481321167,1.0,1.0,1.0,1.0,0.8915729212912864
480,fdf5d3fe80143a1aa,True,,,,,,,,,,1.0,1.0,1.0,1.0,0.7109985995837362,1.0,1.0,1.0,0.0,0.7846870623699176
481,d25b5af7899d7e8e0,True,,,,,,,,,,1.0,0.0,1.0,1.0,0.7368260307650406,1.0,0.0,1.0,1.0,0.0
482,081da8854328d5c79,True,,,,,,,,,,1.0,1.0,1.0,1.0,0.6302658457185016,1.0,0.0,1.0,1.0,0.7594580767870318
483,378f516a635bd9169,True,,,,,,,,,,1.0,1.0,1.0,1.0,1.0,1.0,1.0,1.0,0.0,0.875
484,c8508736bb790cc27,True,,,,,,,,,,1.0,1.0,1.0,1.0,0.4608587028811309,1.0,1.0,1.0,0.0,0.7065183446503533
485,d48e40aefebe5e31f,True,,,,,,,,,,1.0,1.0,1.0,1.0,0.33678638054243754,1.0,1.0,1.0,1.0,0.7927457439195118
486,5573b3c15a0cc7845,True,,,,,,,,,,1.0,0.0,1.0,1.0,1.0,1.0,1.0,1.0,1.0,0.0
487,f7c257dc15f6031fb,True,,,,,,,,,,1.0,1.0,1.0,1.0,0.873728636059774,1.0,0.0,1.0,0.0,0.7105401987686794
488,38e9599c6c91e204f,True,,,,,,,,,,1.0,1.0,0.5,1.0,1.0,1.0,0.0,1.0,1.0,0.4375
489,39db66b6b4731fede,True,,,,,,,,,,1.0,1.0,1.0,1.0,0.9330830608119389,1.0,1.0,1.0,0.0,0.8540884565037309
490,384e8594099b2b5f2,True,,,,,,,,,,1.0,1.0,1.0,1.0,0.7502831622043722,1.0,0.0,1.0,1.0,0.7969634881888663
491,fa5f831bdaa6b6167,True,,,,,,,,,,1.0,1.0,0.5,1.0,1.0,1.0,0.0,1.0,1.0,0.4375
492,dba739bec7326715c,True,,,,,,,,,,0.0,1.0,1.0,1.0,1.0,0.0,1.0,1.0,0.0,0.0
493,dd0ed1239e6562358,True,,,,,,,,,,1.0,1.0,0.0,1.0,1.0,1.0,0.0,1.0,0.0,0.0
494,d9a1e3491e140bd54,True,,,,,,,,,,1.0,1.0,1.0,1.0,0.5991530246609624,1.0,0.0,1.0,1.0,0.7497353202065508
495,b909db4a1499a9c5b,True,,,,,,,,,,1.0,1.0,1.0,1.0,0.7496576216169895,1.0,1.0,1.0,1.0,0.9217680067553092
496,c3430498fdada1e4d,True,,,,,,,,,,1.0,1.0,1.0,1.0,0.8411062267480568,1.0,0.0,1.0,1.0,0.8253456958587677
497,95285e276d73120c3,True,,,,,,,,,,1.0,1.0,1.0,1.0,0.14756972104039484,1.0,1.0,1.0,1.0,0.7336155378251235
498,172abde18b548feb2,True,,,,,,,,,,1.0,1.0,1.0,1.0,0.8478976110067031,1.0,0.0,1.0,0.0,0.7024680034395947
499,c2c820f86bd4ff546,True,,,,,,,,,,1.0,1.0,0.5,1.0,0.8136114507136224,1.0,0.0,1.0,0.0,0.3458767891740035
500,853bdf919d41bd5e6,True,,,,,,,,,,1.0,1.0,1.0,1.0,0.6474075368723952,1.0,1.0,1.0,0.0,0.7648148552726235
501,3f501988e5d39bd03,True,,,,,,,,,,1.0,1.0,0.5,1.0,0.6142918802907736,1.0,0.0,1.0,1.0,0.3772331062954334
502,52454445f992935d8,True,,,,,,,,,,1.0,1.0,1.0,1.0,0.6767783442474904,1.0,1.0,1.0,0.0,0.7739932325773408
503,19cc6e3c4179dce92,True,,,,,,,,,,1.0,1.0,1.0,1.0,1.0,1.0,0.0,1.0,1.0,0.875
504,2f7b3c8c203e87c73,True,,,,,,,,,,1.0,0.0,1.0,1.0,1.0,1.0,0.0,1.0,1.0,0.0
505,34bba0aaea8099d53,True,,,,,,,,,,1.0,1.0,1.0,1.0,1.0,1.0,0.0,1.0,1.0,0.875
506,f54aae942b797da5a,True,,,,,,,,,,1.0,1.0,1.0,1.0,0.888126869052082,1.0,0.0,1.0,1.0,0.8400396465787756
507,8eb4319f6f1477277,True,,,,,,,,,,1.0,1.0,1.0,1.0,1.0,1.0,1.0,1.0,0.0,0.875
508,1b2cd068b0d562449,True,,,,,,,,,,1.0,1.0,1.0,1.0,0.6978911018364857,1.0,1.0,1.0,1.0,0.9055909693239018
509,fd0fe3e97024a208f,True,,,,,,,,,,0.0,1.0,1.0,1.0,0.7172522852381867,0.0,0.0,1.0,0.0,0.0
510,65b5a6fd57eb4ffb9,True,,,,,,,,,,1.0,1.0,1.0,1.0,1.0,1.0,0.0,1.0,0.0,0.75
511,c9ac843f74b17080f,True,,,,,,,,,,1.0,1.0,1.0,1.0,0.9261763348005073,1.0,1.0,1.0,0.0,0.8519301046251586
512,f0da7e68f4547e66a,True,,,,,,,,,,1.0,0.0,1.0,1.0,0.3491909963179252,1.0,1.0,0.0,0.0,0.0
513,816c667298ca2d859,True,,,,,,,,,,1.0,1.0,1.0,1.0,0.8148286532660795,1.0,1.0,1.0,1.0,0.9421339541456498
514,a7f6db3ebc16e5c7c,True,,,,,,,,,,1.0,1.0,1.0,1.0,0.8125028546489277,1.0,1.0,1.0,0.0,0.8164071420777899
515,221c392b5c088f6ce,True,,,,,,,,,,0.0,1.0,0.5,0.0,1.0,0.0,0.0,1.0,1.0,0.0
516,10935babd12d37a58,True,,,,,,,,,,1.0,0.0,1.0,1.0,0.577889919775898,1.0,0.0,1.0,1.0,0.0
517,71ad6b3fd5d476975,True,,,,,,,,,,1.0,0.0,1.0,1.0,1.0,1.0,1.0,1.0,0.0,0.0
518,e41e35545e4667bbb,True,,,,,,,,,,1.0,0.0,1.0,1.0,1.0,1.0,0.0,1.0,0.0,0.0
519,2bb929aa7298012be,True,,,,,,,,,,1.0,1.0,1.0,1.0,1.0,0.0,1.0,1.0,0.0,0.5625
520,fc9d3ef48d94c0485,True,,,,,,,,,,1.0,1.0,1.0,1.0,0.8085684347367846,1.0,0.0,1.0,1.0,0.8151776358552452
521,6b13c052d037390cc,True,,,,,,,,,,1.0,1.0,1.0,1.0,0.26746392324703233,1.0,1.0,1.0,1.0,0.7710824760146976
522,d82ea5f1c94fd6d13,True,,,,,,,,,,1.0,1.0,1.0,1.0,0.5356455203174122,1.0,1.0,1.0,1.0,0.8548892250991913
523,4e1091afb4068e9ee,True,,,,,,,,,,1.0,1.0,0.0,1.0,1.0,1.0,0.0,1.0,1.0,0.0
524,4689ca7c12d8569bc,True,,,,,,,,,,1.0,1.0,1.0,1.0,0.7155328693203706,1.0,1.0,1.0,0.0,0.7861040216626158
525,cdec99ac469508647,True,,,,,,,,,,1.0,1.0,1.0,1.0,0.25503126351627636,1.0,1.0,1.0,1.0,0.7671972698488363
526,4aa528f577df911a3,True,,,,,,,,,,1.0,1.0,1.0,1.0,0.8308352504209828,1.0,0.0,1.0,1.0,0.8221360157565571
527,f3e993209190be300,True,,,,,,,,,,1.0,1.0,1.0,1.0,0.10960818286888988,1.0,1.0,1.0,1.0,0.7217525571465281
528,ece6eaee0991a44ed,True,,,,,,,,,,1.0,1.0,0.0,1.0,1.0,1.0,0.0,1.0,0.0,0.0
529,ff4cc095b1e90f672,True,,,,,,,,,,1.0,1.0,1.0,1.0,0.816245588734255,1.0,0.0,1.0,0.0,0.6925767464794547
530,27fefe70564fbc07a,True,,,,,,,,,,0.0,1.0,1.0,1.0,1.0,0.0,1.0,1.0,1.0,0.0
531,4af67dc39e7984c17,True,,,,,,,,,,1.0,1.0,1.0,1.0,0.7679781980030795,1.0,1.0,1.0,0.0,0.8024931868759624
532,ac3a27db9ffc981a6,True,,,,,,,,,,1.0,1.0,1.0,1.0,0.7784905992938427,1.0,1.0,1.0,1.0,0.9307783122793258
533,ca78ccfc1f366ca72,True,,,,,,,,,,1.0,1.0,0.0,1.0,1.0,0.0,0.0,1.0,0.0,0.0
534,2a16480d68428e775,True,,,,,,,,,,1.0,0.0,1.0,1.0,0.32736232787869185,1.0,1.0,1.0,0.0,0.0
535,57eb7d1fb4d00dce9,True,,,,,,,,,,1.0,1.0,1.0,1.0,1.0,1.0,0.0,1.0,1.0,0.875
536,fc8281af0699f4976,True,,,,,,,,,,1.0,1.0,1.0,1.0,0.7079695099435579,1.0,0.0,1.0,0.0,0.6587404718573618
537,3efd4f33e21321aca,True,,,,,,,,,,1.0,1.0,1.0,1.0,0.9728361337924101,1.0,1.0,1.0,0.0,0.8665112918101281
538,517d13818dab667f5,True,,,,,,,,,,1.0,1.0,1.0,1.0,0.6106752459605468,1.0,0.0,1.0,1.0,0.7533360143626708
539,1e76d24e6c9b36a12,True,,,,,,,,,,1.0,1.0,1.0,1.0,0.9953128155132801,1.0,1.0,1.0,1.0,0.9985352548479001
540,e5f10bfebbe5b0bc2,True,,,,,,,,,,1.0,1.0,1.0,1.0,0.775058385588461,1.0,1.0,1.0,0.0,0.8047057454963941
541,7577c592d62db033f,True,,,,,,,,,,1.0,1.0,1.0,1.0,0.7663741085716647,1.0,0.0,1.0,1.0,0.8019919089286451
542,a1ad222a6de4f84d8,True,,,,,,,,,,0.0,1.0,1.0,1.0,1.0,0.0,0.0,1.0,1.0,0.0
543,54ddae029448a073a,True,,,,,,,,,,1.0,1.0,1.0,1.0,0.7638469334431937,1.0,1.0,1.0,1.0,0.9262021667009981
544,0908976a3d8f0a196,True,,,,,,,,,,1.0,1.0,1.0,1.0,0.8309229937964329,1.0,1.0,1.0,1.0,0.9471634355613853
545,45da4abe095b0e759,True,,,,,,,,,,1.0,1.0,1.0,1.0,0.9636221097567439,1.0,1.0,1.0,0.0,0.8636319092989825
546,9eba308c132370234,True,,,,,,,,,,1.0,1.0,1.0,1.0,0.6316982090660397,1.0,0.0,1.0,1.0,0.7599056903331374
547,2db08d812a386295d,True,,,,,,,,,,1.0,1.0,1.0,1.0,1.0,1.0,1.0,1.0,0.0,0.875
548,b740de6b775b4ec70,True,,,,,,,,,,1.0,1.0,1.0,1.0,0.023738574155824043,1.0,1.0,1.0,1.0,0.6949183044236951
549,38fd2f329eb063f83,True,,,,,,,,,,1.0,1.0,1.0,1.0,0.7572443959555173,1.0,0.0,1.0,1.0,0.7991388737360992
550,daf6c56e39384e309,True,,,,,,,,,,1.0,1.0,1.0,1.0,0.7636512413146384,1.0,1.0,1.0,0.0,0.8011410129108245
551,16a84f7e077130ca6,True,,,,,,,,,,1.0,1.0,0.0,1.0,1.0,1.0,0.0,1.0,0.0,0.0
552,7026d28794e20a290,True,,,,,,,,,,1.0,1.0,0.0,1.0,1.0,1.0,0.0,1.0,0.0,0.0
553,da13eae8d0d83af38,True,,,,,,,,,,1.0,1.0,1.0,1.0,1.0,1.0,0.0,1.0,1.0,0.875
554,ace512518cdd33ce6,True,,,,,,,,,,1.0,0.0,1.0,1.0,1.0,1.0,0.0,1.0,0.0,0.0
555,4f4a53796fa5bb136,True,,,,,,,,,,1.0,1.0,1.0,1.0,0.42713276928600674,1.0,0.0,1.0,1.0,0.6959789904018772
556,5216f5e0df50fa3bf,True,,,,,,,,,,1.0,1.0,0.0,1.0,1.0,1.0,0.0,1.0,0.0,0.0
557,dc6135734ed70b551,True,,,,,,,,,,1.0,1.0,1.0,1.0,0.8013876241590344,1.0,1.0,1.0,1.0,0.9379336325496983
558,ac657cb166434db62,True,,,,,,,,,,1.0,1.0,1.0,1.0,1.0,1.0,0.0,1.0,1.0,0.875
559,2b1010d61e3c4e8ec,True,,,,,,,,,,1.0,1.0,0.0,1.0,0.8196382419260974,1.0,0.0,1.0,0.0,0.0
560,956f2e4043c1b8f4d,True,,,,,,,,,,1.0,1.0,1.0,1.0,0.7514772792354868,1.0,1.0,1.0,1.0,0.9223366497610896
561,975923741f66dd57f,True,,,,,,,,,,1.0,1.0,1.0,1.0,0.5187153064996517,1.0,1.0,1.0,1.0,0.8495985332811411
562,241e8b27fb85d3e53,True,,,,,,,,,,1.0,1.0,1.0,1.0,1.0,1.0,1.0,1.0,0.0,0.875
563,610fbfffa032daacc,True,,,,,,,,,,1.0,0.0,1.0,1.0,1.0,1.0,0.0,1.0,1.0,0.0
564,bc686838d510dad87,True,,,,,,,,,,1.0,1.0,1.0,1.0,0.5522252472811873,1.0,0.0,1.0,1.0,0.735070389775371
565,e0fd3073c76ba643d,True,,,,,,,,,,1.0,1.0,1.0,1.0,0.7312318306598197,1.0,1.0,1.0,0.0,0.7910099470811937
566,923c60fcee28fff76,True,,,,,,,,,,1.0,1.0,1.0,1.0,0.2610266686654857,1.0,0.0,1.0,1.0,0.6440708339579643
567,146060978cf746557,True,,,,,,,,,,1.0,1.0,1.0,1.0,0.3544696772353406,1.0,1.0,1.0,1.0,0.7982717741360439
568,b96ce0efca7101f74,True,,,,,,,,,,1.0,0.0,1.0,1.0,0.4188463932677058,1.0,0.0,1.0,1.0,0.0
569,f4441ff7b0692d28d,True,,,,,,,,,,1.0,1.0,1.0,1.0,0.5670206074492942,1.0,1.0,1.0,1.0,0.8646939398279044
570,f2ffa929974330310,True,,,,,,,,,,1.0,1.0,0.0,1.0,1.0,1.0,0.0,1.0,0.0,0.0
571,b947c49e539199af0,True,,,,,,,,,,1.0,1.0,1.0,1.0,0.48347327976777194,1.0,1.0,1.0,1.0,0.8385853999274288
572,e2bde995b7f918cba,True,,,,,,,,,,1.0,1.0,1.0,1.0,0.9276130695230099,1.0,0.0,1.0,1.0,0.8523790842259407
573,0352c14b8d7493b9a,True,,,,,,,,,,1.0,1.0,1.0,1.0,0.9088634456905476,1.0,0.0,1.0,0.0,0.7215198267782961
574,f743301660e4f13bf,True,,,,,,,,,,1.0,1.0,1.0,1.0,0.7317089070134806,1.0,1.0,1.0,0.0,0.7911590334417127
575,51b90828c7ba37b79,True,,,,,,,,,,1.0,0.0,1.0,1.0,0.7414946084450023,1.0,1.0,1.0,0.0,0.0
576,e02f0131e55e31509,True,,,,,,,,,,1.0,1.0,1.0,1.0,0.49725192333070334,0.0,0.0,1.0,0.0,0.28039122604084477
577,6d02e71114637a043,True,,,,,,,,,,1.0,1.0,1.0,1.0,0.2749131558722974,1.0,1.0,1.0,1.0,0.7734103612100929
578,eb926b1ea7a29e612,True,,,,,,,,,,0.0,1.0,1.0,1.0,1.0,0.0,1.0,1.0,1.0,0.0
579,07f017abc801c8b9e,True,,,,,,,,,,1.0,0.0,1.0,1.0,1.0,1.0,0.0,1.0,1.0,0.0
580,0179e3078c6c79cd3,True,,,,,,,,,,1.0,1.0,1.0,1.0,0.549328706123012,1.0,0.0,1.0,1.0,0.7341652206634413
581,1087cd8acf5661e9c,True,,,,,,,,,,1.0,1.0,1.0,1.0,0.7788346549284634,1.0,1.0,1.0,1.0,0.9308858296651448
582,64c4d0aeacb7df063,True,,,,,,,,,,1.0,1.0,1.0,1.0,0.34899582858215905,1.0,0.0,1.0,0.0,0.5465611964319247
583,0f261a9f083cf0d25,True,,,,,,,,,,1.0,1.0,1.0,1.0,0.7216059033792809,1.0,0.0,1.0,0.0,0.6630018448060253
584,a07db051c3599a582,True,,,,,,,,,,1.0,1.0,0.5,1.0,0.7659757261326943,1.0,0.0,1.0,1.0,0.4009337072082335
585,a5929390d283fddb9,True,,,,,,,,,,1.0,1.0,1.0,1.0,1.0,1.0,0.0,1.0,0.0,0.75
586,00fa9133315b462d3,True,,,,,,,,,,1.0,1.0,1.0,1.0,0.2770230582672122,1.0,1.0,1.0,0.0,0.6490697057085038
587,f422184af5c3c266b,True,,,,,,,,,,0.0,1.0,1.0,1.0,1.0,0.0,1.0,1.0,1.0,0.0
588,51438ce1bf4a62b2e,True,,,,,,,,,,1.0,1.0,1.0,1.0,0.5022041443698445,1.0,1.0,1.0,0.0,0.7194387951155764
589,90b96d597a7a1dd74,True,,,,,,,,,,1.0,1.0,1.0,1.0,0.6177907588121618,1.0,1.0,1.0,0.0,0.7555596121288006
590,06c6fd20a526803c4,True,,,,,,,,,,1.0,1.0,1.0,1.0,1.0,0.0,1.0,1.0,0.0,0.5625
591,f75452f2564e8f2ae,True,,,,,,,,,,1.0,1.0,1.0,1.0,0.9248071096688667,1.0,0.0,1.0,1.0,0.8515022217715209
592,4f54492b07cc07b87,True,,,,,,,,,,0.0,1.0,0.5,1.0,1.0,0.0,0.0,1.0,0.0,0.0
593,d78f1814c06d766b1,True,,,,,,,,,,1.0,1.0,1.0,1.0,1.0,1.0,1.0,1.0,1.0,1.0
594,2160f6e5d4720f94b,True,,,,,,,,,,1.0,0.0,1.0,1.0,1.0,1.0,0.0,1.0,1.0,0.0
595,7c1dac6894ccd6151,True,,,,,,,,,,1.0,1.0,1.0,1.0,1.0,1.0,0.0,1.0,1.0,0.875
596,d40afa32f3c10b9e0,True,,,,,,,,,,1.0,1.0,1.0,1.0,0.4219079592859419,1.0,1.0,1.0,1.0,0.8193462372768568
597,f8f9337702054ca25,True,,,,,,,,,,0.0,1.0,1.0,1.0,1.0,0.0,0.0,1.0,0.0,0.0
598,17848b0db348eea20,True,,,,,,,,,,1.0,1.0,1.0,1.0,1.0,1.0,1.0,1.0,0.0,0.875
599,88f98f8020b3e0f5f,True,,,,,,,,,,1.0,1.0,1.0,1.0,1.0,1.0,0.0,0.0,0.0,0.625
600,1348d09a15e4bfd3f,True,,,,,,,,,,1.0,1.0,1.0,1.0,0.6816361793846059,1.0,0.0,1.0,0.0,0.6505113060576894
601,a1fc0c3eb1ef15aba,True,,,,,,,,,,1.0,1.0,1.0,1.0,0.8177686516226575,1.0,1.0,1.0,0.0,0.8180527036320805
602,71afcb9b1ac436e14,True,,,,,,,,,,1.0,1.0,1.0,1.0,0.5577037458608108,1.0,1.0,1.0,1.0,0.8617824205815034
603,6e7de4339dc039c41,True,,,,,,,,,,1.0,1.0,1.0,1.0,0.5293735787312388,1.0,1.0,1.0,0.0,0.7279292433535121
604,f8ef03363118bcda4,True,,,,,,,,,,1.0,1.0,0.0,1.0,1.0,1.0,0.0,1.0,0.0,0.0
605,d9b6f0d1e16d88b7e,True,,,,,,,,,,1.0,1.0,1.0,1.0,0.4164703726773705,0.0,1.0,1.0,0.0,0.3801469914616783
606,5a4fe1d15e2ccbce1,True,,,,,,,,,,1.0,1.0,1.0,1.0,0.6785921380556417,1.0,1.0,1.0,0.0,0.774560043142388
607,66f45177e81fc8115,True,,,,,,,,,,1.0,1.0,0.5,1.0,0.9121496612809322,1.0,0.0,1.0,0.0,0.3612733845751457
608,b7f7527c14d0de1ef,True,,,,,,,,,,1.0,1.0,0.0,1.0,1.0,1.0,0.0,1.0,1.0,0.0
609,b95297d2453c0e1e8,True,,,,,,,,,,1.0,1.0,1.0,1.0,1.0,1.0,1.0,1.0,1.0,1.0
610,0225e9a16d781eb96,True,,,,,,,,,,0.0,1.0,1.0,1.0,0.6882343443939309,0.0,1.0,0.0,0.0,0.0
611,23b5ec16bb6ad0b92,True,,,,,,,,,,1.0,1.0,1.0,1.0,1.0,1.0,1.0,1.0,0.0,0.875
612,7d4dd35efebf5aa8f,True,,,,,,,,,,1.0,1.0,1.0,1.0,0.9999712337089536,1.0,0.0,1.0,1.0,0.8749910105340479
613,8413ea29ea72fdfde,True,,,,,,,,,,1.0,1.0,1.0,1.0,0.6991194460690219,1.0,1.0,1.0,1.0,0.9059748268965693
614,71d45b383e1e50669,True,,,,,,,,,,1.0,1.0,1.0,1.0,0.02805085534877987,1.0,1.0,1.0,1.0,0.6962658922964937
615,62c083fa4339253f3,True,,,,,,,,,,1.0,1.0,1.0,1.0,0.8788101039583117,1.0,1.0,1.0,0.0,0.8371281574869724
616,78fdd992fa8acb334,True,,,,,,,,,,0.0,1.0,1.0,1.0,1.0,0.0,1.0,1.0,0.0,0.0
617,2cfe97d8f0bc1727a,True,,,,,,,,,,1.0,1.0,0.0,1.0,1.0,1.0,0.0,1.0,1.0,0.0
618,917bf16baa9646d6c,True,,,,,,,,,,1.0,1.0,1.0,1.0,0.11392390423338528,1.0,1.0,1.0,1.0,0.7231012200729329
619,0cd1d84434c6f5d44,True,,,,,,,,,,0.0,0.0,1.0,1.0,1.0,0.0,1.0,1.0,0.0,0.0
620,e2da039b5ef4ab27c,True,,,,,,,,,,1.0,0.0,1.0,1.0,1.0,1.0,1.0,1.0,0.0,0.0
621,463716f28ebb21a5d,True,,,,,,,,,,1.0,0.0,1.0,1.0,1.0,1.0,1.0,1.0,1.0,0.0
622,7bc8b418055d0cc73,True,,,,,,,,,,0.0,1.0,0.0,1.0,1.0,0.0,0.0,1.0,1.0,0.0
623,7b49a5c516fc052ba,True,,,,,,,,,,1.0,1.0,0.0,1.0,0.8878812083634039,1.0,0.0,1.0,1.0,0.0
624,522f0d16763a76d06,True,,,,,,,,,,1.0,1.0,1.0,1.0,0.5227535722544862,1.0,1.0,1.0,1.0,0.8508604913295269
625,89474c5ba034ced0c,True,,,,,,,,,,1.0,1.0,1.0,1.0,0.4835948051432855,1.0,1.0,1.0,0.0,0.7136233766072767
626,92bc964803e65244e,True,,,,,,,,,,1.0,1.0,1.0,1.0,0.17574563579475683,1.0,1.0,1.0,1.0,0.7424205111858615
627,8779ba759ea792fbc,True,,,,,,,,,,1.0,1.0,1.0,1.0,0.3483412554384855,1.0,1.0,1.0,1.0,0.7963566423245267
628,d443dcd06a9dbae34,True,,,,,,,,,,1.0,1.0,0.5,1.0,1.0,1.0,1.0,1.0,0.0,0.4375
629,888343bb23c96916c,True,,,,,,,,,,1.0,1.0,1.0,1.0,0.8092920578294344,1.0,0.0,1.0,1.0,0.8154037680716982
630,69f1ebdf6731c7c70,True,,,,,,,,,,1.0,1.0,1.0,1.0,1.0,1.0,1.0,1.0,1.0,1.0
631,ab4161a99b49b3ba2,True,,,,,,,,,,1.0,1.0,1.0,1.0,0.7663871559639194,1.0,0.0,0.0,0.0,0.5519959862387248
632,2629f98f6e294c4f4,True,,,,,,,,,,1.0,1.0,1.0,1.0,0.4228306506871356,1.0,1.0,1.0,0.0,0.6946345783397299
633,6b0615242bd92eaed,True,,,,,,,,,,1.0,1.0,1.0,1.0,1.0,1.0,1.0,1.0,1.0,1.0
634,49f60cc575589f36c,True,,,,,,,,,,1.0,1.0,1.0,1.0,0.669717461169564,1.0,1.0,1.0,0.0,0.7717867066154888
635,5f775bac151622950,True,,,,,,,,,,1.0,1.0,1.0,1.0,0.8661946803271284,1.0,1.0,1.0,1.0,0.9581858376022276
636,377968d648e50daf0,True,,,,,,,,,,0.0,1.0,1.0,1.0,1.0,0.0,0.0,1.0,0.0,0.0
637,c4c4fa45496336f70,True,,,,,,,,,,1.0,1.0,0.5,1.0,1.0,1.0,0.0,1.0,0.0,0.375
638,f50ba88f5b3fedfcd,True,,,,,,,,,,1.0,1.0,1.0,1.0,0.8781977418767208,1.0,0.0,1.0,0.0,0.7119367943364753
639,c3ded6e25641b2068,True,,,,,,,,,,1.0,1.0,0.5,1.0,1.0,1.0,1.0,1.0,1.0,0.5
640,10f68fec177e9b51c,True,,,,,,,,,,1.0,1.0,1.0,1.0,0.24817658419814762,1.0,1.0,1.0,1.0,0.7650551825619212
641,b42c321597e6726d4,True,,,,,,,,,,1.0,1.0,0.5,1.0,1.0,1.0,0.0,1.0,0.0,0.375
642,b178cd8e12d552cb7,True,,,,,,,,,,1.0,1.0,1.0,1.0,0.9875027800470176,1.0,0.0,1.0,1.0,0.8710946187646931
643,5b31db57958441e62,True,,,,,,,,,,1.0,1.0,1.0,1.0,0.9643641377615185,1.0,1.0,1.0,0.0,0.8638637930504746
644,c92c8161fb36eab75,True,,,,,,,,,,1.0,1.0,1.0,1.0,0.36158956769489775,1.0,0.0,1.0,0.0,0.5504967399046555
645,14a8b09c096718d35,True,,,,,,,,,,1.0,1.0,1.0,1.0,0.42138198239488095,1.0,0.0,1.0,0.0,0.5691818694984003
646,cc641ddb31703cb06,True,,,,,,,,,,1.0,1.0,1.0,1.0,0.9042755153130859,1.0,0.0,1.0,0.0,0.7200860985353393
647,eb0047db76ca54d58,True,,,,,,,,,,1.0,1.0,1.0,1.0,0.7477030227834538,1.0,1.0,1.0,1.0,0.9211571946198294
648,2a1e301e08b641e81,True,,,,,,,,,,1.0,1.0,0.0,1.0,1.0,1.0,0.0,1.0,0.0,0.0
649,ffa71fc1b5b55f4ea,True,,,,,,,,,,1.0,1.0,1.0,1.0,0.8099153893813575,1.0,1.0,1.0,0.0,0.8155985591816742
650,9abae68cd6e25c030,True,,,,,,,,,,1.0,1.0,1.0,1.0,0.7308646508976774,1.0,1.0,1.0,0.0,0.7908952034055242
651,6e060f8eb067a3b37,True,,,,,,,,,,1.0,1.0,0.0,1.0,1.0,1.0,0.0,1.0,1.0,0.0
652,c1ab514b18918fc4d,True,,,,,,,,,,1.0,1.0,1.0,1.0,0.8989446875400698,1.0,0.0,1.0,1.0,0.8434202148562718
653,c7c091e891a6bdac2,True,,,,,,,,,,1.0,1.0,1.0,1.0,0.9286979047865054,1.0,0.0,1.0,1.0,0.8527180952457829
654,c596165a8d328b5dd,True,,,,,,,,,,1.0,1.0,1.0,1.0,1.0,1.0,1.0,1.0,1.0,1.0
655,c60975bf95e458f4f,True,,,,,,,,,,1.0,1.0,1.0,1.0,0.8842556097609088,1.0,1.0,0.0,0.0,0.713829878050284
656,644712e1f5b51074a,True,,,,,,,,,,1.0,1.0,1.0,1.0,0.7461822627272827,1.0,0.0,1.0,0.0,0.6706819571022758
657,ca0adf718f5972567,True,,,,,,,,,,1.0,1.0,1.0,1.0,0.7640811278040357,1.0,1.0,1.0,0.0,0.8012753524387611
658,9d70974d55a05357d,True,,,,,,,,,,1.0,1.0,1.0,1.0,0.8659017214135617,1.0,1.0,0.0,0.0,0.708094287941738
659,fedf09c50e4a8ef7b,True,,,,,,,,,,1.0,1.0,0.5,1.0,0.8717087665366444,1.0,0.0,1.0,0.0,0.35495449477135066
660,1a2a9699acac9d639,True,,,,,,,,,,1.0,1.0,1.0,1.0,0.8400821761781018,1.0,1.0,1.0,1.0,0.9500256800556568
661,df8882fb6dbefa033,True,,,,,,,,,,1.0,0.0,1.0,1.0,1.0,1.0,0.0,1.0,0.0,0.0
662,8d47793d9ca1f6778,True,,,,,,,,,,1.0,1.0,1.0,1.0,1.0,1.0,1.0,1.0,1.0,1.0
663,c3eabd6982ee224c4,True,,,,,,,,,,1.0,1.0,1.0,1.0,0.7299485156590568,1.0,1.0,1.0,0.0,0.7906089111434553
664,04635beeb994d0ded,True,,,,,,,,,,1.0,1.0,0.0,1.0,1.0,1.0,0.0,1.0,0.0,0.0
665,294d19afced5a7af8,True,,,,,,,,,,1.0,1.0,1.0,1.0,0.8173900489691714,1.0,1.0,1.0,1.0,0.9429343903028661
666,6eb7971620ae92336,True,,,,,,,,,,1.0,1.0,1.0,1.0,0.34297358877901374,1.0,1.0,1.0,0.0,0.6696792464934418
667,fb83d9aa77ed50be0,True,,,,,,,,,,1.0,1.0,1.0,1.0,1.0,1.0,1.0,1.0,0.0,0.875
668,0f6d4f139537fd8c3,True,,,,,,,,,,0.0,1.0,1.0,1.0,1.0,0.0,1.0,1.0,1.0,0.0
669,31cff30cd9b0dac82,True,,,,,,,,,,1.0,1.0,1.0,1.0,0.20263654919424212,1.0,1.0,1.0,1.0,0.7508239216232007
670,7712653347183e698,True,,,,,,,,,,1.0,1.0,1.0,1.0,0.6387050338724984,1.0,0.0,1.0,1.0,0.7620953230851557
671,bbc7311ff7a7c3e18,True,,,,,,,,,,1.0,1.0,1.0,1.0,0.7466373012356108,1.0,1.0,1.0,1.0,0.9208241566361284
672,c783da5c9c8124365,True,,,,,,,,,,1.0,1.0,0.0,1.0,1.0,1.0,0.0,1.0,0.0,0.0
673,a14ccfc8d2eea6574,True,,,,,,,,,,1.0,1.0,1.0,1.0,0.4780396245316008,1.0,1.0,1.0,1.0,0.8368873826661253
674,76a210a0c3456a3e3,True,,,,,,,,,,1.0,1.0,1.0,1.0,0.7706553148192492,1.0,1.0,1.0,1.0,0.9283297858810153
675,bc79ecb5bdc5ca4f3,True,,,,,,,,,,1.0,1.0,1.0,1.0,0.11714918806106404,1.0,1.0,1.0,0.0,0.5991091212690824
676,6d4dbc1af5fc2435b,True,,,,,,,,,,1.0,1.0,1.0,1.0,0.41655515365303386,1.0,1.0,1.0,1.0,0.817673485516573
677,c6d10cce20bba3c8f,True,,,,,,,,,,1.0,1.0,1.0,1.0,0.26156174793004966,1.0,1.0,1.0,0.0,0.6442380462281405
678,9ca95a29837848e74,True,,,,,,,,,,1.0,0.0,1.0,1.0,0.7292547594277572,1.0,0.0,0.0,1.0,0.0
679,7002b130242124367,True,,,,,,,,,,1.0,1.0,1.0,1.0,0.7589264559760461,1.0,1.0,1.0,1.0,0.9246645174925144
680,1d31047f2f32de9e1,True,,,,,,,,,,1.0,1.0,0.0,1.0,1.0,1.0,0.0,1.0,0.0,0.0
681,40f4ad799feb54f82,True,,,,,,,,,,1.0,1.0,1.0,0.0,1.0,1.0,1.0,1.0,1.0,0.0
682,6d649dcdbc3037d7a,True,,,,,,,,,,0.0,1.0,1.0,1.0,0.43413149902082365,0.0,0.0,1.0,0.0,0.0
683,eb16cfaf356e80f1f,True,,,,,,,,,,1.0,1.0,1.0,1.0,0.9921699333721913,1.0,1.0,1.0,1.0,0.9975531041788097
684,1fe19452daacb7953,True,,,,,,,,,,0.0,1.0,1.0,1.0,1.0,0.0,1.0,1.0,1.0,0.0
685,3e552e543e3533e54,True,,,,,,,,,,1.0,1.0,1.0,1.0,0.519855017821668,1.0,0.0,1.0,0.0,0.5999546930692712
686,b60c0ec16d57413b5,True,,,,,,,,,,1.0,0.0,0.0,1.0,1.0,1.0,0.0,1.0,0.0,0.0
687,10369bbacaa4e3b7d,True,,,,,,,,,,1.0,1.0,1.0,1.0,0.6840879352323228,1.0,1.0,1.0,0.0,0.7762774797601009
688,e9751ea5c28dbd703,True,,,,,,,,,,0.0,1.0,1.0,1.0,0.9369979169424899,0.0,1.0,1.0,1.0,0.0
689,7b4787e090d286d89,True,,,,,,,,,,1.0,1.0,0.5,1.0,0.6110347997299072,1.0,0.0,1.0,1.0,0.376724187457798
690,38a3a85f24db9d0f8,True,,,,,,,,,,1.0,1.0,0.5,1.0,1.0,1.0,0.0,1.0,1.0,0.4375
691,7559939decc250054,True,,,,,,,,,,1.0,1.0,1.0,1.0,0.6555505874156744,1.0,1.0,1.0,1.0,0.8923595585673982
692,eb9e203aa49fcf83a,True,,,,,,,,,,1.0,1.0,1.0,1.0,0.9383353835993714,1.0,0.0,1.0,1.0,0.8557298073748036
693,e88bf694837e674f5,True,,,,,,,,,,1.0,1.0,1.0,1.0,1.0,1.0,0.0,1.0,1.0,0.875
694,f3d789e129d07af8b,True,,,,,,,,,,1.0,1.0,1.0,1.0,0.9538320683180028,1.0,1.0,1.0,1.0,0.9855725213493759
695,c95a60eebe3ab0adb,True,,,,,,,,,,1.0,1.0,1.0,1.0,0.8162698932249324,1.0,0.0,1.0,1.0,0.8175843416327914
696,186f59c514ff34824,True,,,,,,,,,,1.0,1.0,1.0,1.0,1.0,1.0,1.0,1.0,0.0,0.875
697,e6319072517f4b675,True,,,,,,,,,,1.0,1.0,1.0,1.0,0.0,1.0,1.0,1.0,1.0,0.6875
698,370df15505429bd41,True,,,,,,,,,,1.0,1.0,1.0,1.0,0.5533487143679682,1.0,1.0,1.0,0.0,0.7354214732399901
699,5bd3f77bfdb480b75,True,,,,,,,,,,1.0,1.0,1.0,1.0,0.9766762760701269,1.0,1.0,1.0,0.0,0.8677113362719147
700,96cc2557a7240b2e7,True,,,,,,,,,,1.0,1.0,1.0,1.0,0.7702863928116823,1.0,1.0,1.0,0.0,0.8032144977536507
701,4bdf97e7a68a220e2,True,,,,,,,,,,1.0,1.0,1.0,1.0,0.8469413642295749,1.0,0.0,1.0,1.0,0.8271691763217421
702,116930ec4ef8fd410,True,,,,,,,,,,1.0,1.0,1.0,1.0,0.7360771758751584,1.0,1.0,1.0,0.0,0.7925241174609869
703,44873a7eb00654595,True,,,,,,,,,,1.0,1.0,1.0,1.0,0.7166838342069501,1.0,0.0,1.0,0.0,0.661463698189672
704,b597eeb6a07198090,True,,,,,,,,,,1.0,0.0,1.0,1.0,1.0,1.0,1.0,1.0,1.0,0.0
705,2c41c5664b187598f,True,,,,,,,,,,1.0,1.0,1.0,1.0,1.0,1.0,1.0,1.0,1.0,1.0
706,2498bf6f5436ef1e3,True,,,,,,,,,,1.0,1.0,0.0,1.0,1.0,1.0,0.0,1.0,1.0,0.0
707,3b13a581a5a50dcdd,True,,,,,,,,,,1.0,1.0,1.0,1.0,0.7976318199965388,1.0,0.0,1.0,0.0,0.6867599437489184
708,e262bce33b82a53de,True,,,,,,,,,,1.0,1.0,1.0,1.0,0.5336605165529644,1.0,1.0,1.0,0.0,0.7292689114228014
709,e3a9da177d10be28d,True,,,,,,,,,,1.0,1.0,1.0,1.0,0.4431632671425656,1.0,0.0,1.0,0.0,0.5759885209820518
710,2fd5a616331094ce1,True,,,,,,,,,,1.0,0.0,1.0,1.0,1.0,1.0,0.0,1.0,0.0,0.0
711,88805cefd139114f5,True,,,,,,,,,,0.0,1.0,1.0,1.0,1.0,0.0,0.0,1.0,0.0,0.0
712,7cef24e9f023c00e8,True,,,,,,,,,,1.0,1.0,1.0,1.0,1.0,1.0,1.0,1.0,0.0,0.875
713,182b0871961fced6d,True,,,,,,,,,,1.0,1.0,1.0,1.0,0.771012037598172,1.0,1.0,1.0,1.0,0.9284412617494288
714,f14211934248f5602,True,,,,,,,,,,1.0,1.0,1.0,1.0,0.013055822521993476,1.0,1.0,1.0,1.0,0.691579944538123
715,8d442a4953c9da694,True,,,,,,,,,,1.0,1.0,1.0,1.0,0.8090491147323515,1.0,1.0,1.0,1.0,0.9403278483538599
716,aa1c2ba87587b53cb,True,,,,,,,,,,1.0,1.0,1.0,1.0,1.0,1.0,1.0,1.0,1.0,1.0
717,c03a37189cd1ca69a,True,,,,,,,,,,0.0,1.0,1.0,1.0,1.0,0.0,0.0,1.0,0.0,0.0
718,48b2b4044e41f6e13,True,,,,,,,,,,1.0,1.0,1.0,1.0,0.6472230269845726,1.0,1.0,1.0,1.0,0.8897571959326789
719,23c64b101bb797591,True,,,,,,,,,,1.0,0.0,0.5,1.0,1.0,1.0,0.0,1.0,1.0,0.0
720,e2a9d0b71a44f5df6,True,,,,,,,,,,1.0,1.0,1.0,1.0,0.3951022771468375,1.0,0.0,1.0,0.0,0.5609694616083867
721,fd516de1672fb997a,True,,,,,,,,,,1.0,0.0,1.0,1.0,1.0,1.0,1.0,1.0,0.0,0.0
722,7d08b706a7adba557,True,,,,,,,,,,1.0,1.0,1.0,1.0,0.7881504442447201,1.0,1.0,1.0,1.0,0.9337970138264751
723,041ef3b3c078e7cea,True,,,,,,,,,,0.0,1.0,1.0,1.0,0.8972890403712035,0.0,0.0,1.0,1.0,0.0
724,3ded0591b23a7df67,True,,,,,,,,,,1.0,1.0,1.0,1.0,0.8423182533775838,1.0,1.0,1.0,0.0,0.8257244541804949
725,55a589ced770cbf72,True,,,,,,,,,,1.0,1.0,1.0,1.0,0.9276852780027124,1.0,1.0,1.0,1.0,0.9774016493758476
726,d603eac1517a7fe9a,True,,,,,,,,,,1.0,1.0,1.0,1.0,0.8738848380573615,1.0,1.0,1.0,0.0,0.8355890118929254
727,ea6b0110876910b22,True,,,,,,,,,,1.0,1.0,1.0,1.0,0.6440030171246667,1.0,1.0,1.0,1.0,0.8887509428514584
728,3eb821b7811f5890d,True,,,,,,,,,,1.0,1.0,1.0,1.0,0.5556946401494031,1.0,1.0,1.0,1.0,0.8611545750466885
729,5de761c988f97e1fa,True,,,,,,,,,,1.0,1.0,1.0,1.0,0.8302497232968679,1.0,1.0,1.0,0.0,0.8219530385302711
730,d50743776b4ebf7b3,True,,,,,,,,,,1.0,1.0,1.0,1.0,0.9515623288026178,1.0,0.0,1.0,0.0,0.734863227750818
731,28129e06d328f708d,True,,,,,,,,,,1.0,1.0,1.0,1.0,0.8659017214135617,1.0,1.0,0.0,0.0,0.708094287941738
732,bb5645d7e55a4f54b,True,,,,,,,,,,1.0,1.0,1.0,1.0,1.0,0.0,0.0,1.0,0.0,0.4375
733,f77bd4f74cbf5fa01,True,,,,,,,,,,1.0,1.0,1.0,1.0,0.48838248846437105,1.0,1.0,1.0,1.0,0.8401195276451159
734,bc3c63c0479feee36,True,,,,,,,,,,1.0,1.0,1.0,1.0,0.6723296016929801,1.0,1.0,1.0,0.0,0.7726030005290563
735,102d7c98065905ad0,True,,,,,,,,,,1.0,1.0,0.0,1.0,1.0,1.0,0.0,0.0,0.0,0.0
736,7f866f8c8d00bd3d1,True,,,,,,,,,,1.0,1.0,1.0,1.0,0.8366279686650624,1.0,1.0,1.0,0.0,0.823946240207832
737,0a5f73f132223809d,True,,,,,,,,,,1.0,1.0,1.0,1.0,1.0,1.0,0.0,1.0,1.0,0.875
738,700c12c03b64be698,True,,,,,,,,,,1.0,1.0,1.0,1.0,1.0,1.0,0.0,1.0,1.0,0.875
739,52cc30d63f3ee962c,True,,,,,,,,,,1.0,0.0,1.0,1.0,0.8651755025173261,1.0,1.0,1.0,1.0,0.0
740,3791263c877ce2d77,True,,,,,,,,,,1.0,1.0,1.0,0.0,1.0,1.0,1.0,1.0,1.0,0.0
741,3a181370dbfab5b1c,True,,,,,,,,,,1.0,1.0,1.0,1.0,0.7191445155535905,1.0,0.0,1.0,1.0,0.7872326611104971
742,087c2f352474fc4ee,True,,,,,,,,,,1.0,1.0,1.0,1.0,0.5730164238413846,1.0,1.0,1.0,0.0,0.7415676324504327
743,bf16a1467ed27acf5,True,,,,,,,,,,1.0,1.0,1.0,1.0,0.4148955842266028,1.0,1.0,1.0,1.0,0.8171548700708133
744,4b7a0a59fd31c7c90,True,,,,,,,,,,1.0,1.0,0.0,1.0,1.0,1.0,0.0,1.0,1.0,0.0
745,d06e479e4e59a2a44,True,,,,,,,,,,1.0,0.0,1.0,1.0,1.0,1.0,0.0,1.0,0.0,0.0
746,108350d1060a66bd9,True,,,,,,,,,,1.0,1.0,1.0,1.0,0.7621434213059963,1.0,1.0,1.0,0.0,0.8006698191581239
747,f94bdc2e7d5bba8a9,True,,,,,,,,,,1.0,0.0,1.0,1.0,0.1873954465871737,1.0,1.0,1.0,0.0,0.0
748,ff0923fcd8d30a51b,True,,,,,,,,,,1.0,0.0,1.0,1.0,1.0,1.0,1.0,1.0,0.0,0.0
749,3fa85a7614a4df720,True,,,,,,,,,,1.0,0.0,1.0,1.0,0.4091117447425673,1.0,0.0,1.0,0.0,0.0
750,5c4cdaaf289584cd5,True,,,,,,,,,,1.0,0.0,1.0,1.0,1.0,1.0,1.0,1.0,0.0,0.0
751,b1eef6642f7b29370,True,,,,,,,,,,1.0,1.0,1.0,1.0,0.5713905277238562,1.0,1.0,1.0,1.0,0.8660595399137051
752,73eec9539b3994724,True,,,,,,,,,,1.0,1.0,0.0,1.0,1.0,1.0,0.0,1.0,1.0,0.0
753,ddbab6bc7b8883cc3,True,,,,,,,,,,1.0,1.0,1.0,1.0,0.6970885935820428,1.0,1.0,1.0,0.0,0.7803401854943883
754,d8bd07f4fcdcdc313,True,,,,,,,,,,1.0,1.0,1.0,1.0,0.7959934361222928,1.0,1.0,1.0,0.0,0.8112479487882165
755,6eb2d372480ee2f5b,True,,,,,,,,,,1.0,1.0,1.0,1.0,1.0,1.0,1.0,1.0,1.0,1.0
756,b896aed2b2d4e576b,True,,,,,,,,,,1.0,0.0,1.0,1.0,0.6158560344950152,1.0,1.0,0.0,0.0,0.0
757,b7f83635c23a2a5d8,True,,,,,,,,,,1.0,1.0,1.0,1.0,0.9210917817999729,1.0,0.0,1.0,0.0,0.7253411818124915
758,e1d015abbef9b482d,True,,,,,,,,,,1.0,1.0,1.0,1.0,0.7123256539041891,1.0,0.0,1.0,1.0,0.7851017668450591
759,74dc897cc60962fc0,True,,,,,,,,,,1.0,1.0,1.0,1.0,1.0,1.0,0.0,0.0,0.0,0.625
760,4e0c450f15f308dcf,True,,,,,,,,,,1.0,1.0,1.0,1.0,0.3823875069184329,0.0,1.0,1.0,1.0,0.49449609591201027
761,6f0c6f5848fccc5d0,True,,,,,,,,,,1.0,1.0,1.0,1.0,0.6633726511906041,1.0,1.0,1.0,0.0,0.7698039534970638
762,ad537f45665843f16,True,,,,,,,,,,1.0,1.0,1.0,1.0,0.5755650778251363,1.0,1.0,1.0,0.0,0.7423640868203552
763,114bae5e9b92e8933,True,,,,,,,,,,1.0,1.0,1.0,1.0,1.0,1.0,1.0,0.0,1.0,0.875
764,19b51ad1679f9fa3c,True,,,,,,,,,,1.0,1.0,1.0,1.0,0.3702110481735703,1.0,1.0,1.0,0.0,0.6781909525542407
765,0d51246322745f1a6,True,,,,,,,,,,1.0,1.0,1.0,1.0,0.6964498817037769,1.0,0.0,1.0,1.0,0.7801405880324302
766,bf14f0399e0ccf645,True,,,,,,,,,,1.0,1.0,1.0,1.0,0.20791551045160728,1.0,1.0,1.0,1.0,0.7524735970161273
767,451c8ee9a94e9524f,True,,,,,,,,,,1.0,1.0,0.0,1.0,1.0,1.0,0.0,1.0,0.0,0.0
768,1291da52f5c1dfbde,True,,,,,,,,,,1.0,1.0,1.0,1.0,0.5680583767091566,1.0,0.0,1.0,0.0,0.6150182427216114
769,e3a1602ce511b854c,True,,,,,,,,,,1.0,1.0,1.0,1.0,0.7778168959274089,1.0,1.0,1.0,1.0,0.9305677799773153
770,7caf8d7d76cd0a120,True,,,,,,,,,,1.0,1.0,1.0,1.0,1.0,1.0,1.0,1.0,0.0,0.875
771,843dea321ea12e93c,True,,,,,,,,,,1.0,1.0,1.0,1.0,0.9145583848391878,1.0,0.0,1.0,0.0,0.7232994952622462
772,ab729d3e912f125a5,True,,,,,,,,,,1.0,1.0,1.0,1.0,1.0,1.0,0.0,1.0,1.0,0.875
773,1f5d0fc347f539ce3,True,,,,,,,,,,1.0,0.0,1.0,1.0,1.0,1.0,0.0,1.0,0.0,0.0
774,f57b598a624e522c7,True,,,,,,,,,,1.0,1.0,1.0,1.0,0.7999835425903862,1.0,0.0,1.0,1.0,0.8124948570594956
775,ac6225d45da8b51cf,True,,,,,,,,,,1.0,1.0,1.0,1.0,1.0,1.0,0.0,1.0,0.0,0.75
776,16149296d3a6ee433,True,,,,,,,,,,1.0,1.0,1.0,1.0,1.0,1.0,1.0,1.0,0.0,0.875
777,e260f18e09079fc0a,True,,,,,,,,,,1.0,1.0,1.0,1.0,0.7316103446198774,1.0,1.0,1.0,1.0,0.9161282326937117
778,f0a661b0e2a358ecf,True,,,,,,,,,,1.0,1.0,1.0,1.0,0.6698662823073419,1.0,1.0,1.0,0.0,0.7718332132210444
779,c808695431d352ba9,True,,,,,,,,,,1.0,1.0,1.0,1.0,1.0,1.0,1.0,1.0,0.0,0.875
780,c85dd3e87ba3c50e0,True,,,,,,,,,,1.0,1.0,1.0,1.0,0.8922107631446056,1.0,0.0,1.0,1.0,0.8413158634826892
781,628be721855b43213,True,,,,,,,,,,1.0,1.0,1.0,1.0,0.8623862251088277,1.0,1.0,1.0,0.0,0.8319956953465086
782,863415a0e3cc1897d,True,,,,,,,,,,1.0,1.0,1.0,1.0,0.6245440265091556,1.0,1.0,1.0,1.0,0.8826700082841111
783,db1f577b1f0df7a26,True,,,,,,,,,,1.0,0.0,1.0,1.0,1.0,1.0,1.0,0.0,0.0,0.0
784,40e3b1336b570fbf6,True,,,,,,,,,,1.0,1.0,0.0,1.0,1.0,1.0,0.0,1.0,1.0,0.0
785,fff510b0ac67a1e0a,True,,,,,,,,,,1.0,1.0,1.0,1.0,0.6957101766510155,1.0,0.0,1.0,1.0,0.7799094302034424
786,f3e7c306d8f0e2898,True,,,,,,,,,,1.0,1.0,0.5,1.0,1.0,1.0,0.0,1.0,0.0,0.375
787,d66bc12e93857dd9a,True,,,,,,,,,,1.0,1.0,1.0,1.0,0.6441716563616445,1.0,1.0,1.0,0.0,0.7638036426130139
788,74112fd9ef3478d34,True,,,,,,,,,,1.0,0.0,1.0,1.0,1.0,1.0,1.0,1.0,1.0,0.0
789,d37b7028969d97560,True,,,,,,,,,,1.0,1.0,1.0,1.0,0.6987960695458301,1.0,1.0,1.0,0.0,0.7808737717330719
790,4e231a60b33891721,True,,,,,,,,,,1.0,1.0,1.0,1.0,1.0,1.0,0.0,1.0,1.0,0.875
791,ea91b41c76a3a54d3,True,,,,,,,,,,1.0,1.0,1.0,1.0,0.8954153782775256,1.0,0.0,1.0,1.0,0.8423173057117268
792,8995bd04ab8959f6a,True,,,,,,,,,,0.0,1.0,1.0,1.0,1.0,0.0,1.0,1.0,1.0,0.0
793,28b439620873c91b9,True,,,,,,,,,,1.0,1.0,1.0,1.0,0.8084428905376669,1.0,1.0,1.0,0.0,0.8151384032930209
794,5dba5a1d4aea8c679,True,,,,,,,,,,1.0,1.0,1.0,1.0,0.6404868608168957,1.0,0.0,1.0,1.0,0.7626521440052799
795,c6b07c5dde1ec90c2,True,,,,,,,,,,1.0,1.0,1.0,1.0,0.6703526778719279,1.0,0.0,1.0,0.0,0.6469852118349775
796,8ad941de7669cfce3,True,,,,,,,,,,0.0,1.0,1.0,1.0,1.0,0.0,0.0,1.0,0.0,0.0
797,52c153c82d99556d6,True,,,,,,,,,,1.0,0.0,1.0,1.0,1.0,1.0,0.0,0.0,0.0,0.0
798,d6ae7a1180d77eafb,True,,,,,,,,,,1.0,1.0,1.0,1.0,0.9351979265128902,1.0,1.0,1.0,0.0,0.8547493520352782
799,b6f613e0c148d3e98,True,,,,,,,,,,1.0,1.0,1.0,1.0,0.7487185236136858,1.0,1.0,1.0,1.0,0.9214745386292769
800,c48fe378c45229ffa,True,,,,,,,,,,1.0,1.0,1.0,1.0,1.0,1.0,0.0,0.0,0.0,0.625
801,e8b8ef9bb7f4bdccb,True,,,,,,,,,,1.0,1.0,1.0,1.0,0.6663866607616109,1.0,0.0,1.0,1.0,0.7707458314880034
802,ed8e5c526e1f42a73,True,,,,,,,,,,1.0,1.0,1.0,1.0,1.0,1.0,1.0,1.0,0.0,0.875
803,c047340a6e1fc6422,True,,,,,,,,,,1.0,1.0,1.0,1.0,0.23837811643389534,1.0,1.0,1.0,1.0,0.7619931613855924
804,5fc5bb18513bc7d0b,True,,,,,,,,,,1.0,1.0,1.0,1.0,0.6850824148080051,1.0,0.0,1.0,1.0,0.7765882546275016
805,57226182464088f5d,True,,,,,,,,,,1.0,0.0,1.0,1.0,1.0,1.0,1.0,1.0,0.0,0.0
806,68bca311e7f195048,True,,,,,,,,,,1.0,1.0,1.0,1.0,0.5056359588925031,1.0,1.0,1.0,1.0,0.8455112371539072
807,7a67496152fb3bdcb,True,,,,,,,,,,1.0,1.0,0.5,1.0,0.6074842279376259,1.0,0.0,1.0,1.0,0.37616941061525405
808,dfe73ad8f70781d46,True,,,,,,,,,,1.0,1.0,1.0,1.0,0.6215927011861749,1.0,0.0,1.0,0.0,0.6317477191206797
809,1f4df83dd9414d0c4,True,,,,,,,,,,1.0,1.0,1.0,1.0,0.806070934423575,1.0,0.0,1.0,1.0,0.8143971670073672
810,2e822d476fd14739c,True,,,,,,,,,,0.0,1.0,1.0,1.0,1.0,0.0,1.0,1.0,0.0,0.0
811,32e366dcde5a1ff12,True,,,,,,,,,,1.0,1.0,1.0,1.0,0.9131827524680587,1.0,0.0,1.0,1.0,0.8478696101462684
812,934dcf983849279e2,True,,,,,,,,,,1.0,1.0,1.0,1.0,0.5820700448925153,1.0,1.0,1.0,0.0,0.744396889028911
813,93665513823171463,True,,,,,,,,,,1.0,1.0,1.0,1.0,1.0,1.0,0.0,1.0,1.0,0.875
814,4f84585468f82a1fc,True,,,,,,,,,,1.0,1.0,0.0,1.0,0.8948089197436636,1.0,0.0,1.0,0.0,0.0
815,fad1ad3bce41df4d9,True,,,,,,,,,,1.0,1.0,1.0,1.0,0.5374617929993037,1.0,0.0,1.0,0.0,0.6054568103122824
816,c43ce94d4cb321477,True,,,,,,,,,,1.0,1.0,1.0,1.0,0.8047652545825207,1.0,1.0,1.0,1.0,0.9389891420570378
817,3aa9ab0760c9f1c8a,True,,,,,,,,,,1.0,1.0,1.0,1.0,0.5411915831111956,1.0,1.0,1.0,1.0,0.8566223697222486
818,5667ac6a20c2d6e51,True,,,,,,,,,,1.0,1.0,0.0,1.0,1.0,1.0,0.0,1.0,0.0,0.0
819,ab4e7191ed67b8ea4,True,,,,,,,,,,1.0,1.0,1.0,1.0,0.3778054097138132,1.0,1.0,1.0,0.0,0.6805641905355666
820,01529344a0b068d88,True,,,,,,,,,,1.0,1.0,1.0,1.0,0.4539007495964691,1.0,1.0,1.0,1.0,0.8293439842488965
821,8c29c71f168e21bbd,True,,,,,,,,,,1.0,1.0,1.0,1.0,1.0,1.0,1.0,1.0,0.0,0.875
822,03aa909d3767ff00e,True,,,,,,,,,,1.0,1.0,1.0,1.0,0.7537576714374687,1.0,1.0,1.0,0.0,0.798049272324209
823,85ec4ed1a5648c678,True,,,,,,,,,,0.0,1.0,1.0,1.0,1.0,0.0,1.0,1.0,0.0,0.0
824,4485e78013e23fef4,True,,,,,,,,,,1.0,1.0,0.5,1.0,0.42638731156914883,1.0,0.0,1.0,0.0,0.2853730174326795
825,786f6723260569e56,True,,,,,,,,,,1.0,1.0,1.0,1.0,0.3943988989397061,1.0,0.0,1.0,0.0,0.5607496559186582
826,9d5ce658b960c75f6,True,,,,,,,,,,1.0,1.0,1.0,1.0,0.41247277303418783,1.0,1.0,1.0,1.0,0.8163977415731837
827,ba3bd0fad9e3fb6eb,True,,,,,,,,,,1.0,0.0,1.0,1.0,0.40796976790471773,1.0,1.0,1.0,0.0,0.0
828,07019aee6f130ff5d,True,,,,,,,,,,1.0,1.0,1.0,1.0,0.6919514397914113,1.0,1.0,1.0,0.0,0.778734824934816
829,12499ddd90200ea9f,True,,,,,,,,,,1.0,1.0,1.0,1.0,0.5620210805585784,1.0,1.0,1.0,1.0,0.8631315876745558
830,c4db0ed678d459874,True,,,,,,,,,,1.0,1.0,1.0,1.0,0.7605957142434379,1.0,0.0,1.0,1.0,0.8001861607010743
831,75161de465d28f625,True,,,,,,,,,,1.0,1.0,1.0,1.0,0.5986914346691703,1.0,1.0,1.0,1.0,0.8745910733341158
832,efd390e03153a7806,True,,,,,,,,,,1.0,1.0,1.0,1.0,0.6708892029222387,1.0,1.0,1.0,0.0,0.7721528759131996
833,89184cd5e26fb9bde,True,,,,,,,,,,1.0,1.0,1.0,1.0,1.0,1.0,0.0,1.0,1.0,0.875
834,dcf0be9d22af78eca,True,,,,,,,,,,1.0,1.0,1.0,1.0,0.5911356346999284,1.0,1.0,1.0,0.0,0.7472298858437276
835,332234ee590ff1dd2,True,,,,,,,,,,1.0,1.0,1.0,1.0,0.39563842673951694,1.0,1.0,1.0,1.0,0.811137008356099
836,11143001e21e68daf,True,,,,,,,,,,1.0,1.0,1.0,1.0,0.22666270355750942,1.0,1.0,1.0,0.0,0.6333320948617217
837,cd1312c660b0759a0,True,,,,,,,,,,1.0,1.0,1.0,1.0,0.615176893341637,1.0,0.0,1.0,1.0,0.7547427791692616
838,eb588d2e3b1e3409d,True,,,,,,,,,,1.0,1.0,1.0,1.0,0.9508446480584406,1.0,1.0,1.0,0.0,0.8596389525182626
839,bf23a089fb07a1891,True,,,,,,,,,,1.0,1.0,1.0,1.0,0.8002704095606265,1.0,0.0,1.0,0.0,0.6875845029876957
840,29a75324e23136d91,True,,,,,,,,,,1.0,1.0,1.0,1.0,0.5566534949857344,1.0,1.0,1.0,1.0,0.8614542171830419
841,2e14fecb99657b5f6,True,,,,,,,,,,1.0,1.0,1.0,1.0,0.7968361558141034,1.0,1.0,1.0,1.0,0.9365112986919073
842,60f4ba34fce9a6a16,True,,,,,,,,,,1.0,1.0,1.0,1.0,1.0,1.0,1.0,1.0,1.0,1.0
843,49057fbf986facf33,True,,,,,,,,,,1.0,1.0,1.0,1.0,0.7051359475470805,1.0,0.0,1.0,1.0,0.7828549836084626
844,6949e44c974752c39,True,,,,,,,,,,1.0,1.0,1.0,1.0,0.8405130665982768,1.0,1.0,1.0,1.0,0.9501603333119615
845,dcea45b5db447124d,True,,,,,,,,,,1.0,0.0,1.0,1.0,1.0,0.0,0.0,1.0,1.0,0.0
846,dd091b9e715ca6370,True,,,,,,,,,,1.0,1.0,1.0,1.0,0.4631056408544662,1.0,1.0,1.0,0.0,0.7072205127670207
847,9923250503e62f3e8,True,,,,,,,,,,1.0,1.0,1.0,1.0,0.7231603107835389,1.0,0.0,1.0,1.0,0.7884875971198559
848,2dac2b9cae0ff11f8,True,,,,,,,,,,1.0,1.0,0.5,1.0,1.0,1.0,0.0,1.0,1.0,0.4375
849,eaa70df977f0ed637,True,,,,,,,,,,1.0,1.0,1.0,1.0,0.6995159069829011,0.0,0.0,1.0,1.0,0.4685987209321566
850,960134e598a1cc28b,True,,,,,,,,,,1.0,1.0,0.5,1.0,1.0,1.0,0.0,1.0,1.0,0.4375
851,5065468cd60f1bc00,True,,,,,,,,,,1.0,1.0,1.0,1.0,0.748056774555155,1.0,1.0,1.0,1.0,0.9212677420484859
852,981f8d9ddc9472041,True,,,,,,,,,,1.0,0.0,1.0,1.0,1.0,1.0,0.0,1.0,0.0,0.0
853,aad606c2d4cfea9a1,True,,,,,,,,,,1.0,1.0,1.0,1.0,0.7726322252654519,1.0,1.0,1.0,0.0,0.8039475703954537
854,36973343935f49ac7,True,,,,,,,,,,1.0,1.0,1.0,1.0,0.8852149378494251,1.0,1.0,1.0,0.0,0.8391296680779453
855,0c32d5324fdca8702,True,,,,,,,,,,1.0,1.0,1.0,1.0,0.8348752896038197,1.0,1.0,1.0,0.0,0.8233985280011937
856,ef863110f1ea79566,True,,,,,,,,,,0.0,1.0,1.0,1.0,1.0,0.0,0.0,1.0,1.0,0.0
857,8cf5c8b605a2a4959,True,,,,,,,,,,1.0,1.0,1.0,1.0,0.5426466440847517,1.0,0.0,1.0,1.0,0.7320770762764849
858,e6338db1d83f3ba4e,True,,,,,,,,,,1.0,1.0,1.0,1.0,0.5270442279354133,1.0,1.0,1.0,0.0,0.7272013212298166
859,24eaf29d6a3fb645e,True,,,,,,,,,,1.0,1.0,1.0,1.0,1.0,1.0,0.0,1.0,1.0,0.875
860,5957a4b8c0696f222,True,,,,,,,,,,1.0,0.0,1.0,1.0,1.0,1.0,1.0,1.0,1.0,0.0
861,c24873028db688fff,True,,,,,,,,,,1.0,0.0,1.0,1.0,0.7203328453953494,1.0,1.0,1.0,1.0,0.0
862,7b6367ddd040256d3,True,,,,,,,,,,1.0,1.0,1.0,1.0,1.0,1.0,1.0,1.0,1.0,1.0
863,5dfd054f0a5ff50d9,True,,,,,,,,,,1.0,1.0,1.0,1.0,1.0,1.0,1.0,1.0,0.0,0.875
864,27ddf7be2179b60af,True,,,,,,,,,,1.0,1.0,0.0,1.0,0.8377205165032434,1.0,0.0,1.0,1.0,0.0
865,80412ca123ecd72bc,True,,,,,,,,,,1.0,1.0,1.0,1.0,0.5444450369928014,1.0,1.0,1.0,1.0,0.8576390740602504
866,735bf126af1875fe2,True,,,,,,,,,,0.0,1.0,1.0,1.0,1.0,0.0,0.0,1.0,1.0,0.0
867,fe96f199e96744aa6,True,,,,,,,,,,1.0,1.0,1.0,1.0,0.12263292901912322,1.0,1.0,1.0,0.0,0.600822790318476
868,c303322f8c6fe45b9,True,,,,,,,,,,1.0,1.0,0.5,1.0,1.0,1.0,0.0,1.0,0.0,0.375
869,17de904ac4c504886,True,,,,,,,,,,1.0,1.0,1.0,1.0,0.16254622014981718,1.0,1.0,1.0,1.0,0.7382956937968179
870,ad467d131723f8e9e,True,,,,,,,,,,1.0,1.0,1.0,1.0,0.6711955448533131,1.0,1.0,0.0,0.0,0.6472486077666604
871,ac16065f66685feff,True,,,,,,,,,,1.0,1.0,1.0,1.0,0.7616360572106629,1.0,1.0,1.0,1.0,0.9255112678783322
872,01123cb3db29c9287,True,,,,,,,,,,1.0,0.0,0.5,1.0,1.0,1.0,0.0,0.0,0.0,0.0
873,d394c98f566e20aab,True,,,,,,,,,,1.0,1.0,1.0,1.0,1.0,1.0,0.0,1.0,0.0,0.75
874,69c96d373972cc736,True,,,,,,,,,,1.0,1.0,1.0,1.0,0.15888040682016938,1.0,1.0,1.0,1.0,0.7371501271313029
875,bff99a3eb84ffe4ba,True,,,,,,,,,,1.0,0.0,1.0,1.0,0.21102639461681344,1.0,0.0,1.0,1.0,0.0
876,59e6ebcbd44500064,True,,,,,,,,,,1.0,1.0,1.0,1.0,0.9990720571185896,1.0,0.0,1.0,1.0,0.8747100178495593
877,45f0a34210cea5243,True,,,,,,,,,,1.0,1.0,1.0,1.0,0.7891973227694093,1.0,1.0,1.0,0.0,0.8091241633654405
878,32506dba644177a4e,True,,,,,,,,,,1.0,1.0,1.0,1.0,0.958098744025043,1.0,1.0,1.0,0.0,0.861905857507826
879,cade01084629da760,True,,,,,,,,,,0.5,1.0,1.0,1.0,1.0,0.0,1.0,1.0,0.0,0.28125
880,35a201132842b0275,True,,,,,,,,,,1.0,1.0,1.0,1.0,0.41544392021121024,1.0,0.0,1.0,1.0,0.6923262250660032
881,48bf246ac8952b23d,True,,,,,,,,,,1.0,0.0,0.5,1.0,1.0,1.0,1.0,1.0,0.0,0.0
882,061cce46c96a0fd2c,True,,,,,,,,,,1.0,1.0,1.0,1.0,0.510095095148394,1.0,0.0,1.0,0.0,0.5969047172338731
883,bf39b618ccc33f36a,True,,,,,,,,,,1.0,1.0,1.0,1.0,0.549801083885429,1.0,0.0,1.0,0.0,0.6093128387141966
884,e73143b99e1e6dcd3,True,,,,,,,,,,1.0,1.0,1.0,1.0,0.6102765344749114,1.0,0.0,1.0,1.0,0.7532114170234098
885,1e843d54340d01971,True,,,,,,,,,,0.5,1.0,1.0,1.0,1.0,0.0,1.0,1.0,0.0,0.28125
886,594f782a45aefdedc,True,,,,,,,,,,0.0,1.0,1.0,1.0,1.0,0.0,0.0,1.0,0.0,0.0
887,74e68e4dba8d14dfa,True,,,,,,,,,,1.0,0.0,1.0,1.0,1.0,1.0,1.0,1.0,1.0,0.0
888,ee0214c25403e4214,True,,,,,,,,,,1.0,1.0,1.0,1.0,0.8568096605024831,0.0,0.0,1.0,0.0,0.39275301890702596
889,13c1bc44a34013f46,True,,,,,,,,,,1.0,1.0,0.0,1.0,1.0,1.0,0.0,1.0,0.0,0.0
890,ec56aefe2cb604a4f,True,,,,,,,,,,1.0,1.0,1.0,1.0,1.0,1.0,1.0,1.0,1.0,1.0
891,20e09bbb0401bd1be,True,,,,,,,,,,1.0,1.0,1.0,1.0,0.8026680862473753,1.0,0.0,1.0,0.0,0.6883337769523048
892,b5f4b999881d2b7f7,True,,,,,,,,,,1.0,1.0,1.0,1.0,0.6090919951602092,1.0,0.0,1.0,1.0,0.7528412484875654
893,ddc0d9aad62836b90,True,,,,,,,,,,1.0,1.0,1.0,1.0,0.9054259286025436,1.0,1.0,1.0,0.0,0.8454456026882948
894,232ee9d7342aed6a0,True,,,,,,,,,,1.0,1.0,1.0,1.0,1.0,1.0,1.0,1.0,1.0,1.0
895,9c9df3f60654177e5,True,,,,,,,,,,1.0,0.0,1.0,1.0,0.5482023891852932,1.0,1.0,1.0,0.0,0.0
896,e2ea1000f4e2d0904,True,,,,,,,,,,1.0,1.0,1.0,1.0,0.5495061008724208,1.0,1.0,1.0,0.0,0.7342206565226315
897,322862242b452cccc,True,,,,,,,,,,1.0,0.0,1.0,1.0,0.7511188956742036,1.0,0.0,1.0,1.0,0.0
898,836d617c75ae603a0,True,,,,,,,,,,1.0,1.0,1.0,1.0,0.7111898672841999,1.0,1.0,1.0,1.0,0.9097468335263125
899,507ff750eaaf02bd0,True,,,,,,,,,,1.0,1.0,1.0,1.0,0.838135491348902,1.0,1.0,1.0,0.0,0.8244173410465319
900,a78de65bf5a2ee68b,True,,,,,,,,,,1.0,1.0,1.0,1.0,1.0,1.0,1.0,1.0,1.0,1.0
901,eef5eabe1b1b7f149,True,,,,,,,,,,1.0,1.0,1.0,1.0,0.9656436840256701,1.0,1.0,1.0,0.0,0.864263651258022
902,a42ef2d15ed8d3d94,True,,,,,,,,,,1.0,1.0,1.0,1.0,0.8341647262316713,1.0,1.0,1.0,1.0,0.9481764769473973
903,17f3ba89b58f991f4,True,,,,,,,,,,1.0,1.0,1.0,1.0,0.7907846885915922,1.0,0.0,1.0,0.0,0.6846202151848726
904,2c12490b19101760e,True,,,,,,,,,,1.0,1.0,1.0,1.0,0.35812000048109827,1.0,1.0,1.0,1.0,0.7994125001503432
905,845a83fdb1732a5ef,True,,,,,,,,,,1.0,0.0,0.0,1.0,1.0,1.0,0.0,1.0,0.0,0.0
906,08bcd54c271622666,True,,,,,,,,,,1.0,1.0,1.0,1.0,0.7520394163402399,1.0,1.0,1.0,1.0,0.922512317606325
907,556d1d92f66a8344d,True,,,,,,,,,,1.0,1.0,1.0,1.0,0.8477144716101688,1.0,0.0,1.0,0.0,0.7024107723781777
908,ea1bac206caf8d18e,True,,,,,,,,,,1.0,1.0,1.0,1.0,0.2007456574678145,1.0,1.0,1.0,0.0,0.625233017958692
909,fc3f449099625878e,True,,,,,,,,,,1.0,1.0,1.0,1.0,0.4792638187183563,1.0,0.0,1.0,0.0,0.5872699433494863
910,0128e6a2b97ff89b5,True,,,,,,,,,,0.0,1.0,1.0,1.0,1.0,0.0,0.0,1.0,1.0,0.0
911,403463355af416781,True,,,,,,,,,,1.0,1.0,1.0,1.0,0.7070852418012024,1.0,0.0,1.0,0.0,0.6584641380628757
912,b7f53c6ea01b7cbc9,True,,,,,,,,,,1.0,1.0,1.0,1.0,0.6335393228591351,1.0,0.0,1.0,1.0,0.7604810383934797
913,6c4cdcc93a5b36c13,True,,,,,,,,,,1.0,1.0,0.5,1.0,0.7265922825977504,1.0,0.0,1.0,0.0,0.3322800441558985
914,30c354120aed6af34,True,,,,,,,,,,1.0,1.0,1.0,1.0,1.0,1.0,1.0,1.0,0.0,0.875
915,4011046e283cb0a28,True,,,,,,,,,,1.0,1.0,1.0,1.0,0.5808332152889396,1.0,1.0,1.0,0.0,0.7440103797777936
916,739eb54d88f3b3d35,True,,,,,,,,,,1.0,1.0,1.0,1.0,0.25603411666647324,1.0,1.0,1.0,0.0,0.642510661458273
917,b22a9c0ef981d4004,True,,,,,,,,,,1.0,1.0,1.0,1.0,0.6998801094066653,1.0,1.0,1.0,0.0,0.7812125341895829
918,a3d3acd8f46271484,True,,,,,,,,,,1.0,1.0,1.0,1.0,0.5483867096269789,1.0,1.0,1.0,0.0,0.733870846758431
919,1169425dafd2dc633,True,,,,,,,,,,1.0,0.0,1.0,1.0,0.6594990524683727,1.0,0.0,1.0,0.0,0.0
920,15a72986ee0932891,True,,,,,,,,,,0.0,1.0,1.0,1.0,1.0,0.0,1.0,0.0,0.0,0.0
921,4e0a366def21f29ed,True,,,,,,,,,,1.0,1.0,1.0,1.0,0.7803969221859252,1.0,1.0,1.0,1.0,0.9313740381831016
922,6aa6cb2757b09918e,True,,,,,,,,,,1.0,1.0,1.0,1.0,0.3316336249220976,1.0,0.0,1.0,1.0,0.6661355077881554
923,bf77adfc09f7cebc5,True,,,,,,,,,,1.0,1.0,1.0,1.0,0.8861696751624731,1.0,1.0,1.0,0.0,0.8394280234882728
924,fc8bd325b3da03b85,True,,,,,,,,,,1.0,1.0,1.0,1.0,0.9013021351772676,1.0,1.0,1.0,1.0,0.9691569172428962
925,c00dec2389baa0134,True,,,,,,,,,,1.0,1.0,1.0,1.0,0.6136904710491297,1.0,0.0,1.0,1.0,0.754278272202853
926,f6eaaf2106ca53ffa,True,,,,,,,,,,1.0,1.0,1.0,1.0,0.6000437504850132,1.0,1.0,1.0,1.0,0.8750136720265667
927,17d241e8d709ddebf,True,,,,,,,,,,1.0,1.0,1.0,1.0,0.7991982273956623,1.0,0.0,1.0,1.0,0.8122494460611445
928,36c78e1f966d78d1b,True,,,,,,,,,,1.0,1.0,1.0,1.0,0.4476706327431636,1.0,1.0,1.0,1.0,0.8273970727322386
929,75bc6c0b77408dcd2,True,,,,,,,,,,1.0,1.0,1.0,1.0,1.0,1.0,1.0,1.0,1.0,1.0
930,d32b81cb4448f19f1,True,,,,,,,,,,1.0,1.0,1.0,1.0,0.5597482707700142,1.0,0.0,1.0,1.0,0.7374213346156294
931,ac132e5b2d0fb3476,True,,,,,,,,,,1.0,1.0,1.0,1.0,0.5880775737743469,1.0,1.0,1.0,1.0,0.8712742418044834
932,e013e127e2126bb32,True,,,,,,,,,,1.0,1.0,0.0,1.0,1.0,1.0,1.0,1.0,0.0,0.0
933,d5f2dcdb50158c20e,True,,,,,,,,,,1.0,0.0,1.0,1.0,0.7331828556383505,1.0,0.0,1.0,0.0,0.0
934,0ac03aaa52e160cd9,True,,,,,,,,,,1.0,0.0,1.0,1.0,0.6103768029208736,1.0,1.0,1.0,0.0,0.0
935,9b14a119979ac6d94,True,,,,,,,,,,1.0,1.0,1.0,1.0,1.0,1.0,0.0,1.0,1.0,0.875
936,b3c7672d677c644c7,True,,,,,,,,,,1.0,1.0,1.0,1.0,0.5844105892147107,1.0,1.0,1.0,0.0,0.745128309129597
937,17d06ef1ec00f95dc,True,,,,,,,,,,1.0,0.0,1.0,1.0,1.0,1.0,1.0,1.0,1.0,0.0
938,038ec02db8bacb10c,True,,,,,,,,,,1.0,1.0,1.0,1.0,0.03661190530780581,1.0,1.0,1.0,1.0,0.6989412204086893
939,4fc9662f3c2a3bb75,True,,,,,,,,,,1.0,0.0,0.0,1.0,1.0,1.0,0.0,1.0,1.0,0.0
940,537f7c58a5c39bec7,True,,,,,,,,,,1.0,1.0,1.0,1.0,0.8334323299399423,1.0,0.0,1.0,1.0,0.8229476031062319
941,8c15ca99bf75d7dbe,True,,,,,,,,,,1.0,1.0,1.0,1.0,0.8282703919933524,1.0,0.0,1.0,1.0,0.8213344974979226
942,ccd1d26bd7d71f952,True,,,,,,,,,,1.0,1.0,1.0,1.0,0.2728636392172227,1.0,1.0,1.0,1.0,0.7727698872553821
943,e742e687d4142df74,True,,,,,,,,,,1.0,1.0,1.0,1.0,0.2954355426289258,1.0,1.0,1.0,0.0,0.6548236070715393
944,1e345865d056e4812,True,,,,,,,,,,1.0,1.0,1.0,1.0,0.7620215606163444,1.0,0.0,1.0,1.0,0.8006317376926076
945,5875003845a7403ab,True,,,,,,,,,,1.0,1.0,1.0,1.0,1.0,1.0,1.0,1.0,1.0,1.0
946,04ea6a683ebec3208,True,,,,,,,,,,1.0,1.0,1.0,1.0,0.5889583861961032,1.0,0.0,1.0,1.0,0.7465494956862823
947,a78f2817702c75036,True,,,,,,,,,,1.0,0.0,1.0,1.0,0.7271854209500884,1.0,0.0,1.0,0.0,0.0
948,6755c5223bb08c967,True,,,,,,,,,,1.0,1.0,1.0,1.0,0.6973412373740318,1.0,1.0,1.0,1.0,0.9054191366793849
949,0e3016e58756dedce,True,,,,,,,,,,1.0,0.0,0.0,1.0,1.0,1.0,0.0,1.0,0.0,0.0
950,d3f900cebad176f8c,True,,,,,,,,,,0.0,1.0,0.5,1.0,1.0,0.0,0.0,1.0,1.0,0.0
951,39ebfd58dcc9b5aea,True,,,,,,,,,,0.0,0.0,0.5,1.0,1.0,0.0,0.0,0.0,0.0,0.0
952,6a39e3072cc5a4e56,True,,,,,,,,,,1.0,1.0,1.0,1.0,0.8607873118889873,1.0,1.0,1.0,1.0,0.9564960349653086
953,0dacd04f2b5cb9990,True,,,,,,,,,,1.0,1.0,0.0,1.0,1.0,1.0,0.0,1.0,1.0,0.0
954,aaf7a6f6d13220a76,True,,,,,,,,,,1.0,1.0,1.0,1.0,0.5931458485908481,1.0,0.0,1.0,0.0,0.62285807768464
955,6c8d225b7e93d1ff8,True,,,,,,,,,,1.0,0.0,0.5,1.0,0.6759018627193241,1.0,0.0,0.0,0.0,0.0
956,9a9ccb6c7221c42a1,True,,,,,,,,,,1.0,1.0,1.0,1.0,0.7047909728235373,1.0,0.0,1.0,0.0,0.6577471790073555
957,e87f91497184fed2b,True,,,,,,,,,,0.0,1.0,1.0,1.0,1.0,0.0,1.0,1.0,1.0,0.0
958,31944303cafb772a3,True,,,,,,,,,,1.0,1.0,1.0,1.0,0.7870425249257054,1.0,1.0,1.0,0.0,0.8084507890392829
959,5ce376c0d0c1cc13f,True,,,,,,,,,,1.0,1.0,1.0,1.0,0.2834353611341862,1.0,0.0,1.0,1.0,0.6510735503544332
960,ccb673fb277fc767d,True,,,,,,,,,,1.0,1.0,1.0,1.0,1.0,1.0,1.0,1.0,1.0,1.0
961,f878117d44bbeb817,True,,,,,,,,,,1.0,1.0,1.0,1.0,1.0,1.0,0.0,1.0,1.0,0.875
962,ceec882b56eebd8c4,True,,,,,,,,,,1.0,1.0,1.0,1.0,0.6498829818371706,1.0,1.0,1.0,0.0,0.7655884318241158
963,b7670ba8822752554,True,,,,,,,,,,1.0,1.0,1.0,1.0,0.8661020877942036,1.0,1.0,1.0,1.0,0.9581569024356886
964,2729d19c18ef21b96,True,,,,,,,,,,1.0,1.0,0.5,1.0,1.0,1.0,0.0,1.0,1.0,0.4375
965,0e81443200fd71592,True,,,,,,,,,,0.0,1.0,1.0,1.0,1.0,0.0,1.0,1.0,0.0,0.0
966,7158ea4fc0b59fdee,True,,,,,,,,,,1.0,1.0,1.0,1.0,0.997100993212318,1.0,0.0,1.0,1.0,0.8740940603788494
967,0c3cbb85755a00eb2,True,,,,,,,,,,1.0,1.0,1.0,1.0,0.9446997494071507,1.0,1.0,1.0,1.0,0.9827186716897346
968,3428d82c17d7e5501,True,,,,,,,,,,1.0,1.0,1.0,1.0,1.0,1.0,1.0,1.0,1.0,1.0
969,76112959f0c3cee44,True,,,,,,,,,,1.0,1.0,1.0,1.0,0.36439476880414684,1.0,1.0,1.0,0.0,0.6763733652512959
970,6e1ecc74646f12ab1,True,,,,,,,,,,1.0,1.0,0.0,1.0,1.0,1.0,0.0,1.0,1.0,0.0
971,74fbb7c806207e386,True,,,,,,,,,,1.0,1.0,1.0,1.0,0.706161135740817,1.0,1.0,1.0,1.0,0.9081753549190053
972,0e0c4a0cc9feb9612,True,,,,,,,,,,1.0,1.0,1.0,1.0,0.5714518256334191,1.0,1.0,1.0,1.0,0.8660786955104435
973,3079c8b009170b052,True,,,,,,,,,,1.0,0.0,1.0,1.0,0.8578465649303781,1.0,1.0,1.0,1.0,0.0
974,15f665441aeb9b139,True,,,,,,,,,,1.0,1.0,1.0,1.0,0.7389713294558372,1.0,1.0,1.0,1.0,0.9184285404549491
975,d7df71a05797f5711,True,,,,,,,,,,1.0,1.0,0.5,1.0,0.6126649582936838,1.0,0.0,1.0,1.0,0.3769788997333881
976,b06abb0b6477b1473,True,,,,,,,,,,1.0,0.0,1.0,1.0,1.0,1.0,1.0,1.0,1.0,0.0
977,9157e54640172d150,True,,,,,,,,,,1.0,1.0,1.0,1.0,1.0,1.0,1.0,1.0,0.0,0.875
978,6fe71c9fa733e801d,True,,,,,,,,,,1.0,1.0,1.0,1.0,0.6559506590953837,1.0,1.0,1.0,0.0,0.7674845809673074
979,ce0d18bc2635a901b,True,,,,,,,,,,1.0,1.0,1.0,1.0,0.9620993816432317,1.0,0.0,1.0,1.0,0.8631560567635099
980,6a934a93966865e05,True,,,,,,,,,,1.0,1.0,1.0,1.0,0.2131520878191313,1.0,1.0,1.0,0.0,0.6291100274434785
981,7eb1127a01c79ed76,True,,,,,,,,,,1.0,1.0,1.0,1.0,0.7218470624833495,1.0,1.0,1.0,1.0,0.9130772070260467
982,e9a53fb1b01539d71,True,,,,,,,,,,1.0,1.0,1.0,1.0,0.7386567702211801,1.0,0.0,1.0,1.0,0.7933302406941187
983,4f6a928a2fd54c0ce,True,,,,,,,,,,0.5,1.0,1.0,1.0,1.0,0.0,1.0,1.0,1.0,0.34375
984,fd59576ebdf2661ee,True,,,,,,,,,,1.0,1.0,1.0,1.0,0.8682758864462811,1.0,0.0,1.0,0.0,0.7088362145144629
985,a67e740ebc3efc17e,True,,,,,,,,,,1.0,1.0,1.0,1.0,1.0,1.0,0.0,1.0,1.0,0.875
986,8ace04c31034f39f7,True,,,,,,,,,,0.5,1.0,1.0,1.0,1.0,0.0,1.0,1.0,0.0,0.28125
987,57ff3b08be49081c8,True,,,,,,,,,,1.0,1.0,1.0,1.0,0.7659025501652902,1.0,0.0,1.0,1.0,0.8018445469266532
988,9e800327f6e34c777,True,,,,,,,,,,0.0,1.0,1.0,1.0,1.0,0.0,1.0,1.0,0.0,0.0
989,4a421aa61a3bbad1d,True,,,,,,,,,,1.0,1.0,1.0,1.0,0.9478639544215517,1.0,1.0,1.0,1.0,0.983707485756735
990,c3e34d7de79504c8f,True,,,,,,,,,,1.0,1.0,0.5,1.0,1.0,1.0,1.0,1.0,0.0,0.4375
991,7897a78a2a7b1d695,True,,,,,,,,,,1.0,1.0,1.0,1.0,0.9777966086508261,1.0,1.0,1.0,1.0,0.9930614402033832
992,bdc5b1c53a1749c9d,True,,,,,,,,,,0.0,0.0,0.5,1.0,1.0,0.0,0.0,1.0,0.0,0.0
993,cd19384b9fe667753,True,,,,,,,,,,1.0,1.0,1.0,1.0,0.6666304157508746,1.0,0.0,1.0,0.0,0.6458220049221484
994,50035f9f546fb6074,True,,,,,,,,,,1.0,1.0,1.0,1.0,0.7138629476067904,1.0,0.0,1.0,1.0,0.785582171127122
995,c35e331384b550d78,True,,,,,,,,,,1.0,1.0,1.0,1.0,0.8577290616038826,1.0,1.0,1.0,1.0,0.9555403317512133
996,61c5dadb5c926478c,True,,,,,,,,,,0.0,1.0,1.0,1.0,1.0,0.0,0.0,1.0,0.0,0.0
997,0409a56c40aabf66c,True,,,,,,,,,,1.0,0.0,1.0,1.0,0.8203287983873194,1.0,0.0,1.0,0.0,0.0
998,14b4d5dae8ea46cbc,True,,,,,,,,,,1.0,1.0,1.0,1.0,0.8196606307095236,1.0,0.0,1.0,0.0,0.6936439470967262
999,c7eba674ea24ca81f,True,,,,,,,,,,1.0,1.0,1.0,1.0,1.0,1.0,0.0,1.0,0.0,0.75
1000,86ef74bf900e70e17,True,,,,,,,,,,1.0,0.0,1.0,1.0,0.35288662606280286,1.0,1.0,0.0,0.0,0.0
1001,eafc663e431fb2efe,True,,,,,,,,,,1.0,1.0,1.0,1.0,0.772362137141164,1.0,1.0,0.0,0.0,0.6788631678566137
1002,d932bcf26367122a9,True,,,,,,,,,,1.0,0.0,1.0,1.0,1.0,1.0,0.0,1.0,0.0,0.0
1003,808228d1cf4a9f699,True,,,,,,,,,,1.0,1.0,1.0,1.0,0.7795074180689295,1.0,1.0,1.0,0.0,0.8060960681465404
1004,08c4b293745d6aef6,True,,,,,,,,,,0.0,1.0,1.0,0.0,1.0,0.0,1.0,1.0,0.0,0.0
1005,230446b36041db9de,True,,,,,,,,,,0.0,1.0,1.0,1.0,0.7380538076120429,0.0,0.0,1.0,1.0,0.0
1006,36fe5d9f407c60a58,True,,,,,,,,,,1.0,1.0,1.0,1.0,0.24106923475762287,1.0,1.0,1.0,0.0,0.6378341358617572
1007,79f1db0434b2c4330,True,,,,,,,,,,1.0,1.0,0.0,1.0,0.795205218569936,1.0,0.0,1.0,0.0,0.0
1008,d241d7576360a6907,True,,,,,,,,,,1.0,1.0,1.0,1.0,1.0,1.0,0.0,1.0,1.0,0.875
1009,add057f5877074b22,True,,,,,,,,,,1.0,1.0,1.0,1.0,1.0,1.0,0.0,1.0,1.0,0.875
1010,2182fa4ac8750cb31,True,,,,,,,,,,1.0,1.0,1.0,1.0,0.7935406057151149,1.0,1.0,1.0,1.0,0.9354814392859734
1011,d8c8d7ca717326aa5,True,,,,,,,,,,1.0,0.0,1.0,1.0,0.721447487514436,1.0,0.0,1.0,0.0,0.0
1012,686b6dd5e1ca96d8a,True,,,,,,,,,,1.0,1.0,1.0,1.0,0.5237749368525525,1.0,1.0,1.0,1.0,0.8511796677664226
1013,96cad6ca7a1cc6e43,True,,,,,,,,,,1.0,0.0,1.0,1.0,0.361555674285549,1.0,1.0,1.0,0.0,0.0
1014,02a790e5861b97543,True,,,,,,,,,,1.0,1.0,1.0,1.0,0.20263654919424212,1.0,1.0,1.0,1.0,0.7508239216232007
1015,553919abb3a801b7e,True,,,,,,,,,,1.0,0.0,1.0,1.0,1.0,1.0,1.0,1.0,1.0,0.0
1016,318b2d84b07441bb0,True,,,,,,,,,,1.0,1.0,1.0,1.0,0.3436421258826364,1.0,0.0,1.0,0.0,0.5448881643383239
1017,a67f897e584962db9,True,,,,,,,,,,1.0,1.0,1.0,1.0,0.6874606931314347,1.0,1.0,1.0,1.0,0.9023314666035733
1018,25749b785814d5941,True,,,,,,,,,,1.0,1.0,1.0,1.0,0.7868507582515464,1.0,1.0,1.0,1.0,0.9333908619536082
1019,925bbd1a587bfa622,True,,,,,,,,,,1.0,0.0,1.0,1.0,0.9525847811388788,1.0,0.0,1.0,1.0,0.0
1020,08dd93ec00ee02183,True,,,,,,,,,,1.0,1.0,1.0,1.0,0.7504445330728537,1.0,1.0,1.0,1.0,0.9220139165852668
1021,4a6a0597bd6bf2f20,True,,,,,,,,,,1.0,1.0,1.0,1.0,0.734242552160411,1.0,1.0,1.0,0.0,0.7919507975501284
1022,ec84cf228d6d79089,True,,,,,,,,,,1.0,1.0,1.0,1.0,0.5644188445887719,1.0,1.0,1.0,1.0,0.8638808889339913
1023,c47263e93d93b6838,True,,,,,,,,,,1.0,1.0,1.0,1.0,0.4621903009504108,1.0,1.0,1.0,0.0,0.7069344690470034
1024,92eaa01aaa1cb995e,True,,,,,,,,,,1.0,1.0,1.0,1.0,0.6419023487048217,1.0,1.0,1.0,1.0,0.8880944839702567
1025,83eedcad4df5c24c6,True,,,,,,,,,,1.0,1.0,0.0,1.0,1.0,1.0,0.0,1.0,0.0,0.0
1026,1ea195d959bce2d65,True,,,,,,,,,,0.0,1.0,1.0,1.0,0.9783854812402147,0.0,0.0,1.0,0.0,0.0
1027,6c8c6dc401c0c9ea2,True,,,,,,,,,,1.0,1.0,1.0,1.0,0.56073609247034,1.0,1.0,1.0,1.0,0.8627300288969812
1028,afae980cb1f67291e,True,,,,,,,,,,1.0,0.0,1.0,1.0,0.3295255066911877,1.0,1.0,1.0,0.0,0.0
1029,cc7eeb6ef4e923a61,True,,,,,,,,,,0.0,1.0,0.0,1.0,1.0,0.0,0.0,1.0,0.0,0.0
1030,a75b9fbb36886afaf,True,,,,,,,,,,0.0,1.0,0.0,1.0,1.0,0.0,0.0,1.0,0.0,0.0
1031,cd892a7201a57c9b3,True,,,,,,,,,,1.0,1.0,1.0,1.0,0.6960475920396287,1.0,0.0,1.0,1.0,0.780014872512384
1032,8c19ef349d4fc37cb,True,,,,,,,,,,1.0,0.0,1.0,1.0,0.9511914868755552,1.0,1.0,1.0,0.0,0.0
1033,f8632cecfa6bdd21f,True,,,,,,,,,,1.0,1.0,0.5,1.0,1.0,1.0,0.0,1.0,0.0,0.375
1034,0589a66493d098e9d,True,,,,,,,,,,1.0,1.0,1.0,1.0,0.5162869686587591,1.0,1.0,1.0,0.0,0.7238396777058622
1035,09eeb5f6259309d1e,True,,,,,,,,,,0.0,1.0,1.0,1.0,1.0,0.0,1.0,1.0,1.0,0.0
1036,e7f8c99f8df8cf65b,True,,,,,,,,,,0.0,1.0,1.0,1.0,1.0,0.0,1.0,1.0,1.0,0.0
1037,2810fb7a63c63635c,True,,,,,,,,,,1.0,1.0,1.0,1.0,0.836370982646498,1.0,1.0,1.0,1.0,0.9488659320770306
1038,23a9805ef118f909c,True,,,,,,,,,,1.0,1.0,1.0,1.0,0.8004720885901523,1.0,0.0,1.0,1.0,0.8126475276844226
1039,90060fb4a17c1e73a,True,,,,,,,,,,1.0,1.0,0.5,1.0,1.0,1.0,0.0,1.0,0.0,0.375
1040,cff10d121d9ee4a1a,True,,,,,,,,,,1.0,1.0,1.0,1.0,0.6884761100376802,1.0,0.0,1.0,1.0,0.777648784386775
1041,947c5404a2702b039,True,,,,,,,,,,1.0,1.0,0.5,1.0,1.0,1.0,0.0,1.0,1.0,0.4375
1042,6bb22c30119ed991a,True,,,,,,,,,,1.0,1.0,1.0,1.0,0.6703179190742601,1.0,0.0,1.0,0.0,0.6469743497107063
1043,754d33f5c0419048c,True,,,,,,,,,,1.0,1.0,1.0,1.0,0.08422004430006078,1.0,1.0,1.0,0.0,0.588818763843769
1044,cf70e8986954b642f,True,,,,,,,,,,1.0,1.0,0.0,1.0,1.0,1.0,0.0,1.0,0.0,0.0
1045,bec064ed6d9582bcc,True,,,,,,,,,,1.0,1.0,1.0,1.0,0.8821717331902615,1.0,0.0,1.0,0.0,0.7131786666219567
1046,340986fda5e34ccac,True,,,,,,,,,,1.0,1.0,0.0,1.0,1.0,1.0,0.0,1.0,0.0,0.0
1047,27e6f42dd9776a1d4,True,,,,,,,,,,1.0,1.0,1.0,1.0,0.8843525358205205,1.0,0.0,1.0,1.0,0.8388601674439127
1048,a2df1d2e1065e5f83,True,,,,,,,,,,1.0,1.0,1.0,1.0,0.189408891939653,1.0,0.0,1.0,0.0,0.4966902787311416
1049,5fb2ee221c72e08b2,True,,,,,,,,,,1.0,1.0,1.0,1.0,0.6272420657376938,1.0,1.0,1.0,0.0,0.7585131455430293
1050,e829e9b1fb63a8774,True,,,,,,,,,,1.0,0.0,1.0,1.0,1.0,1.0,0.0,1.0,0.0,0.0
1051,cd9aed75f054bccb5,True,,,,,,,,,,1.0,1.0,1.0,1.0,0.4522727098164039,1.0,1.0,1.0,0.0,0.7038352218176263
1052,d73385f96b3a8b16d,True,,,,,,,,,,1.0,0.0,1.0,1.0,1.0,1.0,1.0,1.0,1.0,0.0
1053,45eccc47d6cb959e7,True,,,,,,,,,,1.0,1.0,1.0,1.0,0.33688218196487996,1.0,1.0,1.0,1.0,0.792775681864025
1054,daa10fc178dc83dfb,True,,,,,,,,,,1.0,0.0,1.0,1.0,1.0,1.0,1.0,1.0,0.0,0.0
1055,7dc342f8c0d3f169b,True,,,,,,,,,,1.0,0.0,0.0,1.0,1.0,1.0,0.0,1.0,0.0,0.0
1056,80f0bde16c34c246a,True,,,,,,,,,,1.0,1.0,0.0,1.0,1.0,1.0,0.0,1.0,0.0,0.0
1057,003fad41549a954eb,True,,,,,,,,,,1.0,0.0,1.0,1.0,1.0,1.0,0.0,1.0,1.0,0.0
1058,3812881ab01c38f32,True,,,,,,,,,,1.0,1.0,1.0,1.0,0.558873295075716,1.0,1.0,1.0,0.0,0.7371479047111613
1059,7459b322982d2932c,True,,,,,,,,,,1.0,1.0,1.0,1.0,1.0,1.0,1.0,1.0,1.0,1.0
1060,87e87ae4d5581f967,True,,,,,,,,,,1.0,1.0,1.0,1.0,0.7311766008213708,1.0,0.0,1.0,1.0,0.7909926877566784
1061,24f191a721f816f48,True,,,,,,,,,,1.0,1.0,1.0,1.0,0.9739871245683903,1.0,1.0,1.0,1.0,0.9918709764276219
1062,47333aea0afd08b32,True,,,,,,,,,,0.0,1.0,1.0,1.0,1.0,0.0,1.0,1.0,0.0,0.0
1063,0980084e5c33ab76e,True,,,,,,,,,,1.0,1.0,1.0,1.0,0.6832108723460297,1.0,1.0,1.0,0.0,0.7760033976081343
1064,ed6284a7f1cce40a2,True,,,,,,,,,,1.0,1.0,1.0,1.0,1.0,1.0,1.0,1.0,1.0,1.0
1065,015532dcc98a07ab5,True,,,,,,,,,,0.0,1.0,0.0,1.0,1.0,1.0,0.0,1.0,0.0,0.0
1066,15342621fd40bb637,True,,,,,,,,,,1.0,1.0,0.5,1.0,0.9005170757996261,1.0,0.0,1.0,0.0,0.3594557930936916
1067,322359bc569d9c145,True,,,,,,,,,,1.0,0.0,1.0,1.0,1.0,1.0,0.0,1.0,0.0,0.0
1068,8fb004759e2d805f0,True,,,,,,,,,,1.0,1.0,1.0,1.0,1.0,1.0,1.0,1.0,0.0,0.875
1069,18d79c8cb12df7f0e,True,,,,,,,,,,1.0,1.0,1.0,1.0,0.6305590100273765,1.0,0.0,0.0,0.0,0.5095496906335552
1070,2da7f9d5b6d7592f7,True,,,,,,,,,,1.0,1.0,1.0,1.0,0.9741523490019196,1.0,1.0,1.0,1.0,0.9919226090630999
1071,ff494c8f27c7b3c5d,True,,,,,,,,,,1.0,1.0,1.0,1.0,0.6076832665273499,1.0,1.0,1.0,1.0,0.8774010207897969
1072,0327a1d58fc2a7c5d,True,,,,,,,,,,1.0,1.0,1.0,1.0,0.8042817625001575,1.0,1.0,1.0,1.0,0.9388380507812992
1073,30ae4fd49fda24627,True,,,,,,,,,,1.0,1.0,1.0,1.0,1.0,1.0,0.0,1.0,1.0,0.875
1074,c950df7be837da65b,True,,,,,,,,,,1.0,1.0,1.0,1.0,1.0,1.0,1.0,1.0,0.0,0.875
1075,8821c536a27933ed5,True,,,,,,,,,,1.0,1.0,1.0,1.0,1.0,1.0,0.0,1.0,0.0,0.75
1076,34e7a39f33ba4f108,True,,,,,,,,,,0.0,1.0,1.0,1.0,1.0,1.0,1.0,1.0,0.0,0.0
1077,7acbde1d7760e6ca2,True,,,,,,,,,,1.0,1.0,1.0,1.0,0.8682210671264323,1.0,0.0,1.0,1.0,0.8338190834770101
1078,adab3d6fadc01f0e9,True,,,,,,,,,,1.0,1.0,1.0,1.0,1.0,1.0,1.0,1.0,0.0,0.875
1079,221ee037ec27dbb36,True,,,,,,,,,,0.0,1.0,1.0,1.0,1.0,0.0,1.0,1.0,1.0,0.0
1080,63c41e35465456dc7,True,,,,,,,,,,1.0,1.0,0.5,1.0,1.0,1.0,0.0,1.0,1.0,0.4375
1081,e8015a37a1ba3f7a3,True,,,,,,,,,,1.0,1.0,1.0,1.0,0.5253284477623635,1.0,1.0,1.0,0.0,0.7266651399257387
1082,198e5922fee004f44,True,,,,,,,,,,1.0,1.0,1.0,1.0,0.7696751493304322,1.0,1.0,1.0,1.0,0.9280234841657601
1083,c82d37b03fda156aa,True,,,,,,,,,,1.0,1.0,0.5,1.0,0.8095707590961697,1.0,0.0,1.0,1.0,0.4077454311087765
1084,02d32235a5a1497cc,True,,,,,,,,,,1.0,1.0,1.0,1.0,0.6232887623631562,1.0,0.0,1.0,1.0,0.7572777382384863
1085,a1a35da673b8752f6,True,,,,,,,,,,1.0,1.0,1.0,1.0,0.3581531660907719,1.0,1.0,1.0,1.0,0.7994228644033663
1086,50ca93bd394c4a025,True,,,,,,,,,,1.0,1.0,1.0,1.0,1.0,1.0,1.0,1.0,0.0,0.875
1087,864a83021c759e07e,True,,,,,,,,,,1.0,0.0,0.5,1.0,1.0,1.0,0.0,1.0,0.0,0.0
1088,58bf2e385090a00e8,True,,,,,,,,,,1.0,1.0,1.0,1.0,0.4152988185181937,1.0,0.0,1.0,1.0,0.6922808807869355
1089,1effe02b2af9680a9,True,,,,,,,,,,1.0,1.0,1.0,1.0,0.033973495178501394,1.0,0.0,1.0,0.0,0.44811671724328167
1090,3410786351a3e24b2,True,,,,,,,,,,1.0,1.0,1.0,1.0,0.3168359098431884,1.0,0.0,1.0,1.0,0.6615112218259964
1091,7077621a398aa2bf0,True,,,,,,,,,,1.0,1.0,1.0,1.0,0.6988779760139031,1.0,1.0,1.0,0.0,0.7808993675043447
1092,90411c0174cf07251,True,,,,,,,,,,1.0,1.0,1.0,1.0,0.6907309377917542,1.0,1.0,1.0,1.0,0.9033534180599232
1093,f2d69faa21d148235,True,,,,,,,,,,1.0,1.0,1.0,1.0,0.7869359701374785,1.0,1.0,1.0,1.0,0.933417490667962
1094,1b09ba4c4fe0b53e9,True,,,,,,,,,,1.0,1.0,0.0,1.0,1.0,1.0,0.0,1.0,0.0,0.0
1095,b19bff260481a9a60,True,,,,,,,,,,1.0,1.0,0.5,1.0,1.0,1.0,0.0,1.0,0.0,0.375
1096,80d8583368d2573b4,True,,,,,,,,,,1.0,1.0,1.0,1.0,1.0,1.0,1.0,1.0,1.0,1.0
1097,d84d05e0468db43cc,True,,,,,,,,,,1.0,1.0,0.0,1.0,1.0,1.0,0.0,1.0,0.0,0.0
1098,031e271f324d8fe95,True,,,,,,,,,,1.0,1.0,1.0,1.0,1.0,1.0,0.0,1.0,1.0,0.875
1099,63e4138abce599b86,True,,,,,,,,,,1.0,1.0,1.0,1.0,0.960473503275833,1.0,1.0,1.0,1.0,0.9876479697736978
1100,2385397b4291e7094,True,,,,,,,,,,1.0,1.0,1.0,1.0,0.6123534406247368,1.0,1.0,1.0,1.0,0.8788604501952303
1101,9818610284ab89cea,True,,,,,,,,,,1.0,1.0,1.0,1.0,0.6140679892200362,1.0,0.0,1.0,0.0,0.6293962466312613
1102,ff7b96c916771e141,True,,,,,,,,,,1.0,1.0,1.0,1.0,0.49427453246694414,1.0,1.0,1.0,0.0,0.7169607913959201
1103,cde1512dfd75d52a2,True,,,,,,,,,,1.0,1.0,1.0,1.0,0.6655767865999858,1.0,1.0,1.0,0.0,0.7704927458124955
1104,0eef4e705a397f8df,True,,,,,,,,,,1.0,1.0,1.0,1.0,0.6739501808762142,1.0,1.0,1.0,1.0,0.898109431523817
1105,2f25ad449c40ae04c,True,,,,,,,,,,1.0,1.0,1.0,1.0,0.9989264466819627,1.0,0.0,1.0,0.0,0.7496645145881133
1106,2806ce33b59f03ee9,True,,,,,,,,,,1.0,1.0,1.0,1.0,0.7802583447324922,1.0,0.0,1.0,1.0,0.8063307327289038
1107,1cdb5f8486a6e3a2b,True,,,,,,,,,,1.0,1.0,1.0,1.0,1.0,0.0,1.0,1.0,1.0,0.6875
1108,dd7c29b15f5cef89c,True,,,,,,,,,,1.0,1.0,1.0,1.0,0.8280142478743102,1.0,0.0,1.0,1.0,0.8212544524607219
1109,c9e15316a3a9036a8,True,,,,,,,,,,1.0,1.0,1.0,1.0,0.7857673688363577,1.0,1.0,1.0,0.0,0.8080523027613618
1110,df49c73fde01293e8,True,,,,,,,,,,0.0,1.0,1.0,1.0,0.5634150238241455,1.0,1.0,1.0,1.0,0.0
1111,03ba5f567d1b3dc30,True,,,,,,,,,,1.0,1.0,1.0,1.0,0.47364135258789347,1.0,1.0,1.0,0.0,0.7105129226837167
1112,b2a98e2ef3f3f2ff4,True,,,,,,,,,,1.0,1.0,1.0,1.0,0.8654479455836859,1.0,0.0,1.0,0.0,0.7079524829949018
1113,f5ac498d3e649455a,True,,,,,,,,,,1.0,0.0,0.5,1.0,1.0,1.0,0.0,1.0,1.0,0.0
1114,1aaa4996c12e817a7,True,,,,,,,,,,1.0,1.0,1.0,1.0,0.7306853175275458,1.0,1.0,1.0,1.0,0.915839161727358
1115,3f8a80414eacde90b,True,,,,,,,,,,1.0,1.0,1.0,1.0,0.6096185660002734,1.0,0.0,1.0,1.0,0.7530058018750855
1116,562756132cea470ea,True,,,,,,,,,,1.0,1.0,1.0,1.0,0.8591653895298119,1.0,1.0,1.0,1.0,0.9559891842280662
1117,8ff1eaec9e4ad790c,True,,,,,,,,,,1.0,1.0,1.0,1.0,0.9473945700966693,1.0,1.0,1.0,1.0,0.9835608031552092
1118,80800198aa496ffc8,True,,,,,,,,,,1.0,1.0,1.0,1.0,0.742764814029851,1.0,0.0,0.0,1.0,0.6696140043843284
1119,f89453f475567e939,True,,,,,,,,,,1.0,1.0,1.0,1.0,0.6002714435673822,1.0,1.0,1.0,1.0,0.875084826114807
1120,ecd732b7421818ec0,True,,,,,,,,,,1.0,0.0,1.0,1.0,1.0,1.0,0.0,1.0,0.0,0.0
1121,c4aee2d09a8407408,True,,,,,,,,,,1.0,1.0,1.0,1.0,0.6975146751505469,1.0,1.0,1.0,1.0,0.9054733359845459
1122,fb0fb16361fd50a45,True,,,,,,,,,,1.0,1.0,1.0,1.0,0.5603770787947019,1.0,1.0,1.0,0.0,0.7376178371233444
1123,f3ce063b49364f5ba,True,,,,,,,,,,1.0,1.0,1.0,1.0,0.8152219915721584,1.0,1.0,1.0,1.0,0.9422568723662995
1124,2bf5a9368dfcf4f1a,True,,,,,,,,,,1.0,1.0,0.5,1.0,1.0,1.0,1.0,1.0,1.0,0.5
1125,ca65ee7c58adc26d8,True,,,,,,,,,,1.0,1.0,1.0,1.0,1.0,1.0,0.0,1.0,0.0,0.75
1126,a8b0718f4ba8367ac,True,,,,,,,,,,1.0,0.0,1.0,1.0,0.5118242860569822,1.0,1.0,1.0,0.0,0.0
1127,509ec142f891e0766,True,,,,,,,,,,0.0,1.0,1.0,1.0,1.0,0.0,0.0,1.0,1.0,0.0
1128,a4dd32146e7a66591,True,,,,,,,,,,1.0,1.0,1.0,1.0,0.9255261271754818,1.0,1.0,1.0,0.0,0.8517269147423381
1129,b817b5a5887d3fa36,True,,,,,,,,,,1.0,1.0,1.0,1.0,0.40368646994311125,1.0,1.0,1.0,1.0,0.8136520218572223
1130,1efa58a926126dcc0,True,,,,,,,,,,1.0,1.0,1.0,1.0,0.24106923475762287,1.0,1.0,1.0,0.0,0.6378341358617572
1131,0b23cba96b245dcbe,True,,,,,,,,,,1.0,1.0,1.0,1.0,0.024627258372558063,1.0,1.0,1.0,0.0,0.5701960182414244
1132,2e5a54d80147f955d,True,,,,,,,,,,1.0,1.0,1.0,1.0,0.702120676567343,1.0,0.0,1.0,0.0,0.6569127114272947
1133,144eb49ce2929f8ea,True,,,,,,,,,,1.0,1.0,1.0,1.0,1.0,1.0,1.0,1.0,1.0,1.0
1134,e7db08ac75d56b8b2,True,,,,,,,,,,1.0,1.0,1.0,1.0,0.7801549871611905,1.0,0.0,1.0,1.0,0.806298433487872
1135,b64ff461b41b49e3c,True,,,,,,,,,,1.0,1.0,0.5,1.0,0.4602803047591826,1.0,0.0,1.0,1.0,0.3531687976186223
1136,07675a8f705892e3b,True,,,,,,,,,,1.0,1.0,1.0,1.0,0.968484433260282,1.0,1.0,1.0,0.0,0.8651513853938382
1137,d7b9e3963f7cb14e1,True,,,,,,,,,,1.0,1.0,1.0,1.0,0.966003983626558,1.0,1.0,1.0,1.0,0.9893762448832994
1138,f74e8cda8ff469419,True,,,,,,,,,,1.0,1.0,1.0,1.0,1.0,1.0,0.0,1.0,0.0,0.75
1139,3e179fc29839a19a3,True,,,,,,,,,,1.0,1.0,1.0,1.0,1.0,1.0,0.0,1.0,1.0,0.875
1140,1cc4886b926fd9c8b,True,,,,,,,,,,1.0,1.0,1.0,1.0,0.6625731833892534,1.0,1.0,1.0,1.0,0.8945541198091417
1141,ecefe6eb9d594a685,True,,,,,,,,,,1.0,1.0,1.0,1.0,0.9610712215386943,1.0,0.0,1.0,1.0,0.862834756730842
1142,120c21d6c27040aa9,True,,,,,,,,,,1.0,1.0,1.0,1.0,0.6451965689366443,1.0,1.0,1.0,0.0,0.7641239277927013
1143,54c5618f3af037eb9,True,,,,,,,,,,1.0,1.0,1.0,1.0,1.0,1.0,0.0,1.0,0.0,0.75
1144,5b77cb58dfa1f5823,True,,,,,,,,,,1.0,1.0,0.0,1.0,1.0,1.0,0.0,1.0,1.0,0.0
1145,3e0c9c2ea255fd348,True,,,,,,,,,,1.0,1.0,1.0,1.0,1.0,0.0,1.0,1.0,1.0,0.6875
1146,28416fd7feabf49fd,True,,,,,,,,,,1.0,1.0,1.0,1.0,0.7301313255738198,1.0,1.0,1.0,1.0,0.9156660392418187
1147,e30153992e5712828,True,,,,,,,,,,1.0,1.0,1.0,1.0,0.2838604604231945,1.0,1.0,1.0,0.0,0.6512063938822483
1148,232e7693cefbcf60f,True,,,,,,,,,,1.0,1.0,1.0,1.0,0.8601131670011426,1.0,0.0,1.0,1.0,0.8312853646878571
1149,4bec08cedd964d496,True,,,,,,,,,,1.0,0.0,1.0,1.0,1.0,1.0,1.0,1.0,0.0,0.0
1150,5f175bac4c1de5964,True,,,,,,,,,,1.0,1.0,1.0,1.0,0.7898817312304158,1.0,0.0,1.0,1.0,0.809338041009505
1151,01ac04b9f18ecdbc6,True,,,,,,,,,,1.0,0.0,1.0,1.0,1.0,1.0,1.0,1.0,0.0,0.0
1152,ff15360ae71790eb6,True,,,,,,,,,,0.0,1.0,0.0,1.0,1.0,0.0,0.0,1.0,0.0,0.0
1153,d79599d25c9842625,True,,,,,,,,,,1.0,1.0,1.0,1.0,0.9166317066090512,1.0,0.0,1.0,1.0,0.8489474083153286
1154,9419f81f3116fcd08,True,,,,,,,,,,0.0,1.0,0.5,1.0,1.0,0.0,1.0,1.0,0.0,0.0
1155,4c8f99b2e4efaa034,True,,,,,,,,,,1.0,1.0,1.0,1.0,0.6305832532425348,1.0,0.0,1.0,0.0,0.6345572666382922
1156,ab9b0531b8d7800ce,True,,,,,,,,,,1.0,1.0,1.0,1.0,1.0,1.0,0.0,1.0,0.0,0.75
1157,77591ae74db6e241c,True,,,,,,,,,,1.0,1.0,1.0,1.0,1.0,1.0,1.0,1.0,1.0,1.0
1158,d6f75a03673049ff0,True,,,,,,,,,,1.0,0.0,1.0,1.0,0.9858512884105194,1.0,0.0,1.0,0.0,0.0
1159,ee7793a6b27386136,True,,,,,,,,,,1.0,1.0,1.0,1.0,0.5596974567629776,1.0,1.0,1.0,1.0,0.8624054552384305
1160,db59121d7d601b04b,True,,,,,,,,,,1.0,1.0,1.0,1.0,1.0,1.0,1.0,1.0,0.0,0.875
1161,94787bba8c2128445,True,,,,,,,,,,0.0,1.0,1.0,1.0,1.0,0.0,0.0,0.0,0.0,0.0
1162,5d4aa32c37f581673,True,,,,,,,,,,1.0,1.0,1.0,1.0,0.5806423430387364,0.0,0.0,1.0,0.0,0.3064507321996051
1163,aa6a0de76f6f09404,True,,,,,,,,,,1.0,0.0,1.0,1.0,1.0,1.0,0.0,0.0,0.0,0.0
1164,b57ec07d7cbceb48b,True,,,,,,,,,,1.0,1.0,1.0,1.0,0.7801077452758673,1.0,1.0,1.0,1.0,0.9312836703987085
1165,d4aaf5d6841ea2cad,True,,,,,,,,,,1.0,1.0,1.0,1.0,0.5515263177175923,1.0,1.0,1.0,0.0,0.7348519742867476
1166,48f968a3c272876d9,True,,,,,,,,,,1.0,1.0,1.0,1.0,0.28454941388069455,1.0,1.0,1.0,1.0,0.776421691837717
1167,d9eb3c465a5635619,True,,,,,,,,,,1.0,1.0,1.0,1.0,0.5374971037693296,1.0,1.0,0.0,0.0,0.6054678449279155
1168,44200def81a985e9f,True,,,,,,,,,,0.5,1.0,1.0,1.0,1.0,0.0,0.0,1.0,1.0,0.28125
1169,329089047f59e67fb,True,,,,,,,,,,1.0,1.0,1.0,1.0,1.0,1.0,0.0,1.0,1.0,0.875
1170,d021a67c53a7865f3,True,,,,,,,,,,1.0,1.0,1.0,1.0,0.7218027532499997,1.0,0.0,1.0,1.0,0.7880633603906249
1171,020ac08667a119075,True,,,,,,,,,,1.0,1.0,1.0,1.0,0.7760405329451822,1.0,1.0,1.0,1.0,0.9300126665453694
1172,ffe0db4c4b5ed141a,True,,,,,,,,,,1.0,1.0,0.5,1.0,1.0,1.0,0.0,1.0,0.0,0.375
1173,ce6402fbad2038696,True,,,,,,,,,,1.0,0.0,0.5,1.0,1.0,1.0,0.0,0.0,0.0,0.0
1174,aaaeb97c15db0e2f6,True,,,,,,,,,,1.0,1.0,1.0,1.0,0.26512857911185306,1.0,1.0,1.0,0.0,0.6453526809724541
1175,9fe9464c7d920430e,True,,,,,,,,,,1.0,1.0,0.5,1.0,1.0,1.0,0.0,1.0,0.0,0.375
1176,76e0516677156bad8,True,,,,,,,,,,1.0,0.0,1.0,1.0,1.0,1.0,0.0,1.0,0.0,0.0
1177,204d7543af9e55675,True,,,,,,,,,,1.0,1.0,1.0,1.0,0.7329859518149311,1.0,1.0,1.0,1.0,0.916558109942166
1178,adbf76475e83933e1,True,,,,,,,,,,1.0,1.0,0.5,1.0,1.0,0.0,0.0,1.0,0.0,0.21875
1179,4762ced79d548ee7c,True,,,,,,,,,,1.0,1.0,1.0,1.0,0.7935660474878694,1.0,1.0,1.0,0.0,0.8104893898399592
1180,dd0ab6f5e9d352fb2,True,,,,,,,,,,1.0,1.0,0.5,1.0,1.0,1.0,0.0,1.0,1.0,0.4375
1181,2c126d0b4fc4f59f6,True,,,,,,,,,,1.0,1.0,1.0,1.0,1.0,1.0,1.0,1.0,0.0,0.875
1182,c8bce5ae9777b5139,True,,,,,,,,,,1.0,0.0,1.0,1.0,0.6593805694634748,1.0,1.0,1.0,1.0,0.0
1183,5713b6b9f58be2004,True,,,,,,,,,,1.0,1.0,0.5,1.0,1.0,1.0,0.0,1.0,0.0,0.375
1184,515197f50a14bc2fc,True,,,,,,,,,,1.0,1.0,1.0,1.0,0.9552837611256924,1.0,0.0,1.0,1.0,0.8610261753517788
1185,62efc5db12ae35bc5,True,,,,,,,,,,1.0,1.0,1.0,1.0,0.7583634154097206,1.0,1.0,1.0,1.0,0.9244885673155376
1186,66cd8a056ef3dbdd3,True,,,,,,,,,,1.0,1.0,1.0,1.0,0.3113650934619548,1.0,1.0,1.0,1.0,0.7848015917068609
1187,c6f215cb7b0d88628,True,,,,,,,,,,0.0,0.0,1.0,1.0,1.0,0.0,1.0,1.0,0.0,0.0
1188,9958c9d44c4338562,True,,,,,,,,,,1.0,1.0,1.0,1.0,0.5836207405021591,1.0,1.0,1.0,0.0,0.7448814814069247
1189,9559a76868f2d58b3,True,,,,,,,,,,1.0,1.0,1.0,1.0,0.02531896350632208,1.0,1.0,1.0,1.0,0.6954121760957257
1190,908b05ed734967ac3,True,,,,,,,,,,1.0,1.0,1.0,1.0,0.6715500041247938,1.0,0.0,1.0,1.0,0.7723593762889981
1191,37744feedc918aa7b,True,,,,,,,,,,1.0,1.0,1.0,1.0,1.0,0.0,1.0,1.0,1.0,0.6875
1192,c1d111042e2830ff9,True,,,,,,,,,,1.0,1.0,1.0,1.0,0.167569243123554,1.0,1.0,1.0,0.0,0.6148653884761106
1193,d2db523662daf6690,True,,,,,,,,,,0.0,1.0,1.0,1.0,1.0,0.0,1.0,1.0,0.0,0.0
1194,0be67c62d046cc4b1,True,,,,,,,,,,1.0,1.0,1.0,1.0,1.0,1.0,0.0,1.0,0.0,0.75
1195,d745c239ecbf42d39,True,,,,,,,,,,1.0,1.0,1.0,1.0,0.7974281220118836,1.0,1.0,1.0,1.0,0.9366962881287136
1196,3ba190ee6bf34b836,True,,,,,,,,,,1.0,1.0,1.0,1.0,1.0,1.0,1.0,1.0,1.0,1.0
1197,e1bcade7bd67e9b78,True,,,,,,,,,,1.0,1.0,1.0,1.0,1.0,1.0,0.0,1.0,1.0,0.875
1198,506ef1fd93816539d,True,,,,,,,,,,1.0,1.0,1.0,1.0,1.0,1.0,1.0,1.0,1.0,1.0
1199,a0ab616e5270b617a,True,,,,,,,,,,1.0,1.0,1.0,1.0,0.8399055563025616,1.0,0.0,1.0,1.0,0.8249704863445505
1200,6b27e18868c49b898,True,,,,,,,,,,1.0,1.0,1.0,1.0,0.38865351684867905,1.0,1.0,1.0,1.0,0.8089542240152122
1201,218dfa1bf4d961da8,True,,,,,,,,,,0.0,1.0,1.0,1.0,1.0,0.0,0.0,1.0,0.0,0.0
1202,cd00bd6a4daf5fce4,True,,,,,,,,,,1.0,1.0,1.0,1.0,0.8979611232200932,1.0,0.0,1.0,1.0,0.8431128510062791
1203,8f0ed4cbd9cfb8ff3,True,,,,,,,,,,0.0,1.0,1.0,1.0,1.0,0.0,1.0,1.0,1.0,0.0
1204,155a384f7f1dbf66b,True,,,,,,,,,,1.0,1.0,1.0,1.0,0.3790590837233291,1.0,1.0,1.0,0.0,0.6809559636635403
1205,b3d317372d76fa570,True,,,,,,,,,,1.0,1.0,0.5,1.0,0.0,1.0,0.0,1.0,1.0,0.28125
1206,2d176dbb12e40c2aa,True,,,,,,,,,,0.0,1.0,0.0,1.0,1.0,0.0,0.0,1.0,1.0,0.0
1207,a17ae323ec016c413,True,,,,,,,,,,1.0,1.0,1.0,1.0,0.15654437711449995,1.0,0.0,1.0,1.0,0.6114201178482812
1208,e7ae2cd68d33a847e,True,,,,,,,,,,1.0,1.0,1.0,1.0,0.8673241838086928,1.0,0.0,1.0,1.0,0.8335388074402166
1209,ddea16ece1f071cc3,True,,,,,,,,,,1.0,1.0,1.0,1.0,0.39947713218328734,1.0,1.0,1.0,0.0,0.6873366038072772
1210,9e5efb38c692a4895,True,,,,,,,,,,1.0,1.0,1.0,1.0,0.8519304077954416,1.0,1.0,1.0,0.0,0.8287282524360755
1211,4c74c0df8c74b80db,True,,,,,,,,,,1.0,0.0,1.0,1.0,1.0,1.0,0.0,1.0,0.0,0.0
1212,ff2edd12a568b7eac,True,,,,,,,,,,1.0,1.0,1.0,1.0,0.925470134179362,1.0,0.0,1.0,1.0,0.8517094169310506
1213,bd89af5e343d69421,True,,,,,,,,,,1.0,1.0,1.0,1.0,0.5892164713396881,1.0,0.0,1.0,1.0,0.7466301472936525
1214,9b0fa1196afa1a71b,True,,,,,,,,,,1.0,0.0,1.0,1.0,0.6571720367558046,1.0,1.0,1.0,1.0,0.0
1215,b795e9c4c8fde41bb,True,,,,,,,,,,1.0,0.0,0.5,1.0,1.0,1.0,0.0,1.0,0.0,0.0
1216,51cb45da3827bd0fb,True,,,,,,,,,,1.0,1.0,1.0,1.0,0.4782572505582099,1.0,1.0,1.0,0.0,0.7119553907994406
1217,59ea6f742dc62b430,True,,,,,,,,,,1.0,0.0,1.0,1.0,0.742838177694174,1.0,0.0,1.0,0.0,0.0
1218,1fa4a4d07117f21ba,True,,,,,,,,,,1.0,1.0,1.0,1.0,0.776914931822624,1.0,1.0,1.0,1.0,0.93028591619457
1219,146404d39b9ce38d7,True,,,,,,,,,,1.0,1.0,1.0,1.0,0.8701554851987973,1.0,1.0,0.0,0.0,0.7094235891246241
1220,34112583ba024c56e,True,,,,,,,,,,1.0,1.0,1.0,1.0,1.0,1.0,1.0,1.0,1.0,1.0
1221,b928ef9aeaf66b2ad,True,,,,,,,,,,0.0,1.0,1.0,1.0,1.0,0.0,0.0,1.0,1.0,0.0
1222,5afefbf1463923c97,True,,,,,,,,,,1.0,1.0,1.0,1.0,0.6017144633770535,1.0,0.0,1.0,1.0,0.7505357698053292
1223,b7e52abb299941045,True,,,,,,,,,,0.0,1.0,1.0,1.0,1.0,0.0,1.0,1.0,1.0,0.0
1224,a686334790117f882,True,,,,,,,,,,1.0,1.0,1.0,1.0,1.0,1.0,1.0,1.0,1.0,1.0
1225,597d6626cc9f6cdbd,True,,,,,,,,,,1.0,1.0,1.0,1.0,0.7025388099296798,1.0,0.0,1.0,1.0,0.7820433781030249
1226,bab672bfc41847afb,True,,,,,,,,,,1.0,1.0,1.0,1.0,0.6141937110263208,1.0,1.0,1.0,1.0,0.8794355346957252
1227,e33aa6b2d5b26910b,True,,,,,,,,,,1.0,1.0,0.0,1.0,1.0,1.0,0.0,1.0,1.0,0.0
1228,9c439f9711b4d4d8a,True,,,,,,,,,,1.0,1.0,1.0,1.0,0.8763584670774165,1.0,1.0,1.0,0.0,0.8363620209616927
1229,534a1ef23eb35451c,True,,,,,,,,,,1.0,1.0,1.0,1.0,1.0,1.0,1.0,0.0,0.0,0.75
1230,0e55c21e09e86d8ba,True,,,,,,,,,,1.0,1.0,1.0,1.0,0.3367050640191337,1.0,1.0,1.0,0.0,0.6677203325059793
1231,19076eddbca015da6,True,,,,,,,,,,1.0,1.0,1.0,1.0,0.8539963612129028,1.0,1.0,1.0,1.0,0.9543738628790321
1232,eb818e242c63c7f20,True,,,,,,,,,,1.0,1.0,1.0,1.0,0.3542401458464068,1.0,1.0,1.0,0.0,0.6732000455770022
1233,114cffc6aed0cbf4b,True,,,,,,,,,,1.0,1.0,1.0,1.0,0.48234405914410944,1.0,0.0,1.0,0.0,0.5882325184825342
1234,096330032f89cefb3,True,,,,,,,,,,1.0,1.0,1.0,1.0,0.574748569713921,1.0,1.0,1.0,0.0,0.7421089280356004
1235,350cac7c1e8fc966a,True,,,,,,,,,,1.0,1.0,1.0,1.0,1.0,1.0,1.0,1.0,1.0,1.0
1236,e33c0044eab71bc97,True,,,,,,,,,,1.0,1.0,1.0,1.0,1.0,1.0,1.0,1.0,1.0,1.0
1237,ebfcdb01551105c49,True,,,,,,,,,,0.0,1.0,1.0,1.0,1.0,0.0,0.0,0.0,0.0,0.0
1238,dc0cffde6935fbd2b,True,,,,,,,,,,1.0,1.0,1.0,1.0,0.4410503535948586,1.0,1.0,1.0,1.0,0.8253282354983933
1239,a1852737c84ea03fc,True,,,,,,,,,,1.0,1.0,1.0,1.0,0.18275165116977465,1.0,1.0,1.0,0.0,0.6196098909905545
1240,eb1f907b28806d98c,True,,,,,,,,,,1.0,1.0,1.0,1.0,0.8065277124221448,1.0,1.0,1.0,0.0,0.8145399101319203
1241,8783df49ca89f8dd7,True,,,,,,,,,,1.0,0.0,1.0,1.0,1.0,1.0,1.0,1.0,0.0,0.0
1242,b5897b8cc4c644be1,True,,,,,,,,,,1.0,1.0,1.0,1.0,0.7526884096947392,1.0,1.0,1.0,0.0,0.797715128029606
1243,e51490fe813037042,True,,,,,,,,,,0.0,1.0,1.0,1.0,1.0,0.0,1.0,0.0,0.0,0.0
1244,e5f62e45611621e50,True,,,,,,,,,,0.0,1.0,1.0,1.0,1.0,0.0,1.0,1.0,0.0,0.0
1245,547ea2ddfb8be2f7c,True,,,,,,,,,,1.0,1.0,1.0,1.0,0.7868140646227924,0.0,0.0,1.0,1.0,0.4958793951946226
1246,f843c5c835c2922c1,True,,,,,,,,,,1.0,1.0,0.5,1.0,1.0,1.0,0.0,1.0,0.0,0.375
1247,cea842f2d5b0ad72d,True,,,,,,,,,,1.0,1.0,1.0,1.0,0.2665196810907616,1.0,1.0,1.0,1.0,0.770787400340863
1248,ddb023146aa3ea8a6,True,,,,,,,,,,1.0,1.0,1.0,1.0,1.0,1.0,1.0,1.0,0.0,0.875
1249,6e6153a1da30b26bd,True,,,,,,,,,,0.0,1.0,1.0,1.0,1.0,0.0,1.0,1.0,1.0,0.0
1250,9d9f3b3f6578c5375,True,,,,,,,,,,1.0,1.0,1.0,1.0,0.6367214287663874,1.0,0.0,1.0,1.0,0.761475446489496
1251,ee1505d57883cfc9f,True,,,,,,,,,,1.0,1.0,1.0,1.0,0.5531956036561217,1.0,0.0,1.0,1.0,0.7353736261425381
1252,aebf91cab56134486,True,,,,,,,,,,1.0,1.0,1.0,1.0,0.790197205832509,1.0,0.0,1.0,1.0,0.809436626822659
1253,f4012a586df6289ed,True,,,,,,,,,,0.5,1.0,1.0,1.0,1.0,0.0,0.0,1.0,0.0,0.21875
1254,205bfe6adc22021bb,True,,,,,,,,,,1.0,1.0,1.0,1.0,0.6828415685054764,1.0,1.0,1.0,0.0,0.7758879901579614
1255,7859f7283b9d34589,True,,,,,,,,,,1.0,1.0,1.0,1.0,0.6377730383771912,1.0,1.0,1.0,1.0,0.8868040744928722
1256,a018170a118dc39bc,True,,,,,,,,,,1.0,1.0,1.0,1.0,0.6800131211977072,1.0,0.0,1.0,1.0,0.7750041003742835
1257,5a73952aa052dbbce,True,,,,,,,,,,1.0,1.0,1.0,1.0,1.0,1.0,0.0,1.0,1.0,0.875
1258,f0fac8077bc98ead2,True,,,,,,,,,,1.0,1.0,1.0,1.0,0.08730326864312524,1.0,0.0,1.0,1.0,0.5897822714509766
1259,9002fdd0eaf7d6a7a,True,,,,,,,,,,0.0,1.0,1.0,0.0,1.0,0.0,1.0,1.0,1.0,0.0
1260,3e180f4a19fe95fc4,True,,,,,,,,,,1.0,1.0,1.0,1.0,0.8010610109330832,1.0,0.0,1.0,0.0,0.6878315659165886
1261,102c820549ded1872,True,,,,,,,,,,1.0,1.0,0.5,1.0,1.0,1.0,0.0,1.0,0.0,0.375
1262,a71e198a60b5a7b1b,True,,,,,,,,,,1.0,1.0,1.0,1.0,1.0,1.0,1.0,1.0,1.0,1.0
1263,b9a43db97480bc666,True,,,,,,,,,,1.0,1.0,0.0,1.0,1.0,1.0,0.0,1.0,0.0,0.0
1264,4e3a5df59e6d56d34,True,,,,,,,,,,1.0,1.0,1.0,1.0,1.0,1.0,0.0,1.0,1.0,0.875
1265,829b5dca21edece70,True,,,,,,,,,,1.0,1.0,1.0,1.0,0.9640504315814491,1.0,1.0,1.0,1.0,0.9887657598692028
1266,987228c8136243451,True,,,,,,,,,,1.0,1.0,0.5,1.0,1.0,1.0,0.0,1.0,1.0,0.4375
1267,32b8d38d96342e28b,True,,,,,,,,,,1.0,1.0,1.0,1.0,0.07933106544803568,1.0,1.0,1.0,0.0,0.5872909579525112
1268,f5cba35a5a2bc646e,True,,,,,,,,,,1.0,0.0,1.0,1.0,1.0,1.0,1.0,1.0,0.0,0.0
1269,98908f760ae1f8648,True,,,,,,,,,,0.0,1.0,1.0,1.0,1.0,0.0,0.0,1.0,1.0,0.0
1270,4c3e13d3975af4927,True,,,,,,,,,,1.0,1.0,1.0,1.0,0.8159959833778725,1.0,1.0,1.0,1.0,0.9424987448055852
1271,15ab133cee3e14b85,True,,,,,,,,,,1.0,1.0,1.0,1.0,1.0,1.0,1.0,0.0,1.0,0.875
1272,a33fa10f772275b4a,True,,,,,,,,,,0.0,1.0,1.0,1.0,1.0,0.0,0.0,1.0,1.0,0.0
1273,2efb8ce9a842354c8,True,,,,,,,,,,1.0,0.0,1.0,1.0,0.5769886252852457,1.0,1.0,1.0,0.0,0.0
1274,b3989347b7f24848c,True,,,,,,,,,,1.0,1.0,1.0,1.0,0.7207427294347104,1.0,1.0,1.0,1.0,0.9127321029483471
1275,10f3932f4f651de8c,True,,,,,,,,,,1.0,0.0,1.0,1.0,1.0,1.0,1.0,1.0,0.0,0.0
1276,e3e11c324948199da,True,,,,,,,,,,1.0,1.0,1.0,1.0,1.0,1.0,1.0,1.0,1.0,1.0
1277,ef8b4c4b3e7ec1358,True,,,,,,,,,,1.0,1.0,1.0,1.0,0.7785293412601837,1.0,1.0,1.0,1.0,0.9307904191438074
1278,5f80678c8465899ca,True,,,,,,,,,,1.0,1.0,1.0,1.0,0.8768136373125545,1.0,0.0,1.0,1.0,0.8365042616601732
1279,cc2b7831784a6242d,True,,,,,,,,,,1.0,1.0,1.0,1.0,0.4349317359386767,1.0,1.0,1.0,1.0,0.8234161674808365
1280,cc4ba9f3c63ddbc5c,True,,,,,,,,,,1.0,1.0,1.0,1.0,0.8569774297717677,1.0,1.0,1.0,0.0,0.8303054468036775
1281,47b4f8325c08a9af6,True,,,,,,,,,,1.0,1.0,1.0,1.0,0.8236121835905791,1.0,0.0,1.0,1.0,0.819878807372056
1282,dba7acca42dcb992f,True,,,,,,,,,,1.0,0.0,1.0,1.0,1.0,1.0,0.0,1.0,0.0,0.0
1283,883dbba6979f32ae3,True,,,,,,,,,,1.0,1.0,1.0,1.0,0.5103023682322216,1.0,1.0,1.0,1.0,0.8469694900725693
1284,af0d83c05846b8b86,True,,,,,,,,,,1.0,1.0,1.0,1.0,1.0,1.0,1.0,1.0,0.0,0.875
1285,7daae87faa1540ace,True,,,,,,,,,,1.0,1.0,1.0,1.0,0.8727869384230454,1.0,0.0,1.0,1.0,0.8352459182572016
1286,09217d8288feb5fad,True,,,,,,,,,,1.0,1.0,1.0,1.0,1.0,1.0,1.0,1.0,1.0,1.0
1287,64c25286434cfc0a6,True,,,,,,,,,,1.0,1.0,1.0,1.0,0.9280589462997975,1.0,0.0,1.0,1.0,0.8525184207186867
1288,c4c07e77aa29efd40,True,,,,,,,,,,1.0,1.0,1.0,1.0,0.8517361691336384,1.0,1.0,1.0,0.0,0.828667552854262
1289,f21a1d0c82db2ce84,True,,,,,,,,,,1.0,1.0,0.5,1.0,0.7783929499495041,1.0,0.0,1.0,1.0,0.40287389842961
1290,3048f4817a5a5e48b,True,,,,,,,,,,1.0,1.0,1.0,1.0,1.0,1.0,0.0,1.0,0.0,0.75
1291,0e655768a5fd9c8ad,True,,,,,,,,,,1.0,1.0,0.5,1.0,0.9891410270355552,1.0,0.0,1.0,0.0,0.37330328547430547
1292,488b7f582a8d0e834,True,,,,,,,,,,1.0,1.0,1.0,1.0,0.5972246941059268,1.0,1.0,1.0,0.0,0.7491327169081021
1293,129d3c576dc7bb588,True,,,,,,,,,,1.0,0.0,1.0,1.0,0.3678559733792912,1.0,0.0,1.0,1.0,0.0
1294,234e963b7ceee8f00,True,,,,,,,,,,1.0,1.0,1.0,1.0,0.811100526358929,1.0,1.0,1.0,1.0,0.9409689144871654
1295,c0ff231e77243d969,True,,,,,,,,,,0.0,0.0,1.0,1.0,1.0,0.0,0.0,1.0,0.0,0.0
1296,ae6ddb39ee6d093e7,True,,,,,,,,,,0.0,1.0,1.0,1.0,1.0,0.0,1.0,1.0,1.0,0.0
1297,ddf4d43735ce80242,True,,,,,,,,,,1.0,1.0,0.5,1.0,1.0,0.0,0.0,1.0,1.0,0.28125
1298,2fb3e2d50e23c577b,True,,,,,,,,,,1.0,1.0,1.0,1.0,0.7171554506298953,1.0,0.0,1.0,1.0,0.7866110783218423
1299,0502403f486b71c32,True,,,,,,,,,,1.0,1.0,1.0,1.0,0.25720861079476454,1.0,1.0,1.0,1.0,0.7678776908733639
1300,42dea16d984c67d19,True,,,,,,,,,,0.0,1.0,0.0,1.0,1.0,0.0,0.0,1.0,0.0,0.0
1301,d1e49d53c8a87357c,True,,,,,,,,,,1.0,1.0,0.5,1.0,1.0,1.0,0.0,1.0,1.0,0.4375
1302,15b50c1e18979a018,True,,,,,,,,,,1.0,1.0,1.0,1.0,0.5539575383495685,1.0,1.0,1.0,0.0,0.7356117307342401
1303,e06d3e2d64736c62d,True,,,,,,,,,,1.0,1.0,1.0,1.0,0.39894006927430076,1.0,0.0,1.0,0.0,0.562168771648219
1304,c22f538fee4004aa6,True,,,,,,,,,,1.0,1.0,1.0,1.0,0.7810658898786198,1.0,0.0,1.0,1.0,0.8065830905870687
1305,50af9c4a2721fb804,True,,,,,,,,,,1.0,1.0,1.0,1.0,1.0,1.0,1.0,1.0,0.0,0.875
1306,01f31009879396921,True,,,,,,,,,,1.0,1.0,1.0,1.0,0.885242028316396,1.0,1.0,1.0,0.0,0.8391381338488737
1307,ada3a1a9a3d4dee81,True,,,,,,,,,,1.0,1.0,1.0,1.0,0.9050137567517654,1.0,1.0,1.0,1.0,0.9703167989849266
1308,c21a8802e9c30c4ba,True,,,,,,,,,,1.0,1.0,1.0,1.0,0.6594873966615011,1.0,0.0,1.0,0.0,0.6435898114567191
1309,790a3e3a75361c895,True,,,,,,,,,,1.0,1.0,1.0,1.0,0.7720631121000922,1.0,1.0,1.0,1.0,0.9287697225312788
1310,ee30df8e553e929cb,True,,,,,,,,,,1.0,1.0,1.0,1.0,1.0,1.0,1.0,1.0,0.0,0.875
1311,46790b0b88d5ee5b3,True,,,,,,,,,,1.0,1.0,1.0,1.0,1.0,1.0,1.0,1.0,1.0,1.0
1312,213be589c1849a8ad,True,,,,,,,,,,1.0,0.0,1.0,1.0,1.0,1.0,1.0,1.0,0.0,0.0
1313,f1e82aeab9ae98314,True,,,,,,,,,,1.0,1.0,1.0,1.0,0.7431964698982405,1.0,1.0,1.0,1.0,0.9197488968432002
1314,1a1b33942c90c349f,True,,,,,,,,,,1.0,1.0,1.0,1.0,0.5863713002141928,1.0,0.0,1.0,0.0,0.6207410313169353
1315,2913dab4565a29b87,True,,,,,,,,,,1.0,1.0,1.0,1.0,0.6293729762521686,1.0,0.0,0.0,0.0,0.5091790550788027
1316,35cc09d55a37ee702,True,,,,,,,,,,1.0,1.0,1.0,1.0,0.5578784625154825,1.0,1.0,1.0,0.0,0.7368370195360883
1317,fedd8a6a80f03da33,True,,,,,,,,,,1.0,1.0,1.0,1.0,0.2646713807606646,1.0,1.0,1.0,1.0,0.7702098064877076
1318,66138b6a89d5d40bf,True,,,,,,,,,,1.0,1.0,1.0,1.0,0.301870725305199,0.0,1.0,1.0,1.0,0.46933460165787466
1319,004a5a808615d791d,True,,,,,,,,,,1.0,1.0,1.0,1.0,0.614165721413858,1.0,0.0,1.0,0.0,0.6294267879418306
1320,252b287c4bec81c38,True,,,,,,,,,,1.0,1.0,1.0,1.0,0.7721594084614094,1.0,0.0,1.0,0.0,0.6787998151441904
1321,8d28f9f70a6b86ce7,True,,,,,,,,,,1.0,0.0,1.0,1.0,1.0,1.0,1.0,1.0,0.0,0.0
1322,4855fc07a04961bfd,True,,,,,,,,,,0.0,1.0,1.0,0.0,1.0,0.0,0.0,1.0,0.0,0.0
1323,87940f7f64854009d,True,,,,,,,,,,1.0,1.0,1.0,1.0,0.6711340353291283,1.0,1.0,1.0,1.0,0.8972293860403526
1324,6c3a8a0290c8e05e9,True,,,,,,,,,,0.0,1.0,1.0,1.0,1.0,0.0,1.0,1.0,0.0,0.0
1325,81f85141bab63b560,True,,,,,,,,,,1.0,1.0,1.0,1.0,0.6181272683559251,1.0,1.0,1.0,1.0,0.8806647713612266
1326,2615ffc998d3b5976,True,,,,,,,,,,1.0,1.0,1.0,1.0,0.7919706456354011,1.0,1.0,1.0,0.0,0.8099908267610628
1327,d7db484a0d7198ab9,True,,,,,,,,,,1.0,0.0,1.0,1.0,1.0,1.0,0.0,1.0,0.0,0.0
1328,73c0e8fd14908dce6,True,,,,,,,,,,1.0,1.0,1.0,1.0,1.0,1.0,1.0,1.0,1.0,1.0
1329,b594f9ffaa680c514,True,,,,,,,,,,1.0,1.0,1.0,1.0,0.6229020510236083,1.0,1.0,1.0,0.0,0.7571568909448776
1330,aa7d114cf25b1f9f0,True,,,,,,,,,,1.0,1.0,1.0,1.0,0.7453877569217181,1.0,0.0,1.0,1.0,0.7954336740380369
1331,90641ae47d3a38ca0,True,,,,,,,,,,1.0,1.0,1.0,1.0,1.0,1.0,1.0,1.0,1.0,1.0
1332,778099fc6283d21e0,True,,,,,,,,,,1.0,1.0,1.0,1.0,0.4939001119455402,1.0,1.0,1.0,1.0,0.8418437849829813
1333,cfa0d13a7c93691c3,True,,,,,,,,,,1.0,0.0,1.0,1.0,0.12900778241564625,1.0,0.0,1.0,0.0,0.0
1334,905ea255ddc3a837c,True,,,,,,,,,,1.0,1.0,1.0,1.0,0.6706782216393763,1.0,1.0,1.0,0.0,0.7720869442623051
1335,0a1cec4bdc1f7ba66,True,,,,,,,,,,1.0,1.0,0.5,1.0,0.611950469599261,1.0,0.0,1.0,0.0,0.31436726087488454
1336,8155d4f80d0416c00,True,,,,,,,,,,1.0,1.0,1.0,1.0,0.2622453701314888,1.0,1.0,1.0,1.0,0.7694516781660903
1337,bc14063bcfe64e058,True,,,,,,,,,,0.0,1.0,1.0,1.0,1.0,0.0,1.0,1.0,0.0,0.0
1338,2e221a5360953028d,True,,,,,,,,,,1.0,1.0,1.0,1.0,0.5899454604506708,1.0,1.0,1.0,0.0,0.7468579563908346
1339,00e5457ca561abfbb,True,,,,,,,,,,1.0,1.0,1.0,1.0,0.199329129949296,1.0,1.0,1.0,0.0,0.624790353109155
1340,df1a0f92cba6a82a6,True,,,,,,,,,,1.0,1.0,1.0,1.0,0.7468939509876037,1.0,1.0,1.0,0.0,0.7959043596836262
1341,55c8727d5f4634051,True,,,,,,,,,,1.0,1.0,1.0,1.0,0.5881967867839822,1.0,1.0,1.0,0.0,0.7463114958699945
1342,e0a3b2c921d0f6f6d,True,,,,,,,,,,1.0,1.0,1.0,1.0,0.9060752547393652,1.0,1.0,1.0,1.0,0.9706485171060517
1343,3b55569be269255c2,True,,,,,,,,,,1.0,1.0,1.0,1.0,0.8805982463485629,1.0,0.0,0.0,0.0,0.5876869519839258
1344,727fa1e7c8aa0cdc1,True,,,,,,,,,,1.0,1.0,1.0,1.0,0.36158956769489775,1.0,0.0,1.0,0.0,0.5504967399046555
1345,53df090218b63e39f,True,,,,,,,,,,1.0,1.0,1.0,1.0,0.5628974949468634,1.0,1.0,1.0,0.0,0.7384054671708948
1346,7d544582497e9153d,True,,,,,,,,,,1.0,1.0,1.0,1.0,0.6609785261100075,1.0,1.0,1.0,1.0,0.8940557894093774
1347,29b4bcae1bc32da3c,True,,,,,,,,,,1.0,1.0,1.0,1.0,0.09290970873587241,1.0,1.0,1.0,1.0,0.7165342839799601
1348,b32be2ef15c6d9947,True,,,,,,,,,,1.0,1.0,1.0,1.0,0.9704051247078591,1.0,1.0,1.0,1.0,0.990751601471206
1349,026597b466e481724,True,,,,,,,,,,1.0,1.0,1.0,1.0,0.45940810389215725,1.0,0.0,1.0,0.0,0.5810650324662991
1350,bd30767ff605ef96c,True,,,,,,,,,,1.0,1.0,1.0,1.0,1.0,1.0,0.0,1.0,1.0,0.875
1351,3d0fbd6a6fbde5f86,True,,,,,,,,,,1.0,0.0,1.0,1.0,1.0,1.0,1.0,1.0,0.0,0.0
1352,f6021914cda2ce515,True,,,,,,,,,,1.0,1.0,1.0,1.0,0.892051961184867,1.0,0.0,1.0,1.0,0.8412662378702709
1353,8f53dde363962b143,True,,,,,,,,,,1.0,1.0,0.5,1.0,0.6830761161886646,1.0,0.0,1.0,1.0,0.38798064315447883
1354,4a263f9bce5d33176,True,,,,,,,,,,1.0,1.0,1.0,1.0,1.0,1.0,0.0,1.0,1.0,0.875
1355,49bf9b39d6fc7eeb6,True,,,,,,,,,,1.0,1.0,1.0,1.0,0.5914238847955017,1.0,1.0,1.0,1.0,0.8723199639985942
1356,92f6dfd3e7865475c,True,,,,,,,,,,1.0,1.0,1.0,1.0,0.9654482675992202,1.0,1.0,1.0,1.0,0.9892025836247563
1357,89c18ed69c931aa0a,True,,,,,,,,,,1.0,1.0,1.0,1.0,0.5521963624351306,1.0,1.0,1.0,0.0,0.7350613632609784
1358,556038b758f3b54f6,True,,,,,,,,,,1.0,1.0,1.0,1.0,0.6710613433138977,1.0,0.0,1.0,0.0,0.647206669785593
1359,a8a3d313576f30414,True,,,,,,,,,,1.0,1.0,1.0,1.0,0.739577222380018,1.0,1.0,1.0,0.0,0.7936178819937556
1360,d328dc60ffaca31bf,True,,,,,,,,,,1.0,1.0,1.0,1.0,0.768231130638958,1.0,0.0,1.0,0.0,0.6775722283246743
1361,18cc6c426879cd157,True,,,,,,,,,,1.0,1.0,1.0,1.0,0.907102427574835,1.0,1.0,1.0,0.0,0.8459695086171359
1362,581dff20c11d113e2,True,,,,,,,,,,1.0,1.0,1.0,1.0,0.9391635636500186,1.0,1.0,1.0,1.0,0.9809886136406308
1363,35af9247ec4aef73d,True,,,,,,,,,,1.0,1.0,1.0,1.0,0.8071876324616455,1.0,1.0,1.0,0.0,0.8147461351442642
1364,bec0eb9fc0a02638a,True,,,,,,,,,,1.0,1.0,1.0,1.0,0.770702382437052,1.0,1.0,1.0,1.0,0.9283444945115787
1365,7e1f129d7bf7e7065,True,,,,,,,,,,1.0,1.0,1.0,1.0,0.7623528733713212,1.0,1.0,1.0,1.0,0.9257352729285379
1366,ae43de39d8b2ab73c,True,,,,,,,,,,1.0,1.0,1.0,1.0,0.3359216497779235,1.0,0.0,1.0,0.0,0.5424755155556011
1367,5864544991537f112,True,,,,,,,,,,1.0,0.0,1.0,1.0,0.5983590782312773,1.0,0.0,1.0,0.0,0.0
1368,96f3c7fe0e97ef1f0,True,,,,,,,,,,1.0,1.0,1.0,1.0,0.8500447935678407,1.0,0.0,1.0,1.0,0.8281389979899503
1369,e204182883d94ae66,True,,,,,,,,,,1.0,1.0,1.0,1.0,0.796843689303106,1.0,1.0,1.0,0.0,0.8115136529072207
1370,8170f12fb1131df99,True,,,,,,,,,,0.0,1.0,1.0,1.0,1.0,0.0,0.0,1.0,1.0,0.0
1371,3e0e221b32c026dc2,True,,,,,,,,,,1.0,0.0,1.0,1.0,1.0,1.0,0.0,0.0,0.0,0.0
1372,98fc31c7de325cbf0,True,,,,,,,,,,1.0,1.0,1.0,1.0,1.0,1.0,1.0,1.0,1.0,1.0
1373,d6e3a8fc354d62753,True,,,,,,,,,,0.0,1.0,1.0,1.0,1.0,0.0,0.0,1.0,0.0,0.0
1374,7d8867cd2c80b0fd8,True,,,,,,,,,,1.0,1.0,1.0,1.0,1.0,1.0,1.0,1.0,1.0,1.0
1375,9e9f60c0dd89a3428,True,,,,,,,,,,1.0,0.0,1.0,1.0,0.5770048706342971,1.0,0.0,1.0,0.0,0.0
1376,0fd0f1481edb016f4,True,,,,,,,,,,1.0,1.0,1.0,1.0,0.3280992155753181,1.0,1.0,1.0,0.0,0.665031004867287
1377,ca9875b6ae5e08eed,True,,,,,,,,,,1.0,1.0,1.0,1.0,0.8031974786994126,1.0,0.0,1.0,0.0,0.6884992120935665
1378,70271e1e4a4efb5c5,True,,,,,,,,,,1.0,1.0,1.0,1.0,0.5607562699769222,1.0,0.0,1.0,0.0,0.6127363343677882
1379,08888312c5d67618e,True,,,,,,,,,,1.0,1.0,1.0,1.0,1.0,1.0,0.0,1.0,1.0,0.875
1380,10d905dbddd82d817,True,,,,,,,,,,1.0,1.0,1.0,1.0,1.0,1.0,1.0,1.0,0.0,0.875
1381,8c25a75ef46e49d9f,True,,,,,,,,,,1.0,1.0,1.0,1.0,0.559295147785232,1.0,1.0,1.0,0.0,0.737279733682885
1382,5b32d8e1dbbbd670a,True,,,,,,,,,,1.0,1.0,0.0,1.0,1.0,1.0,0.0,1.0,1.0,0.0
1383,c4630acafb54056da,True,,,,,,,,,,1.0,1.0,1.0,1.0,0.7229540966989115,1.0,0.0,1.0,1.0,0.7884231552184099
1384,d7a37061fcfc5dfd1,True,,,,,,,,,,1.0,1.0,1.0,1.0,1.0,1.0,0.0,1.0,0.0,0.75
1385,71755f3b7a0b20f35,True,,,,,,,,,,0.0,0.0,1.0,1.0,1.0,0.0,0.0,1.0,0.0,0.0
1386,6324e7d77bf56fdb3,True,,,,,,,,,,1.0,1.0,1.0,1.0,0.8930015440094979,1.0,1.0,1.0,0.0,0.8415629825029681
1387,b0c4ee557f41b780c,True,,,,,,,,,,1.0,1.0,1.0,1.0,0.1223654625612053,1.0,1.0,1.0,1.0,0.7257392070503766
1388,53435e78f75ede28c,True,,,,,,,,,,1.0,1.0,1.0,1.0,0.42348262005416204,1.0,0.0,1.0,0.0,0.5698383187669256
1389,452f589a00d505838,True,,,,,,,,,,1.0,1.0,1.0,1.0,0.666753585600693,1.0,1.0,1.0,1.0,0.8958604955002165
1390,56528b515c3eb4ed5,True,,,,,,,,,,1.0,1.0,0.5,1.0,1.0,1.0,0.0,1.0,0.0,0.375
1391,614c25aa5977470dc,True,,,,,,,,,,1.0,1.0,1.0,1.0,0.8653524740246885,1.0,1.0,1.0,1.0,0.9579226481327152
1392,e3fffb822fb5efac2,True,,,,,,,,,,0.0,0.0,1.0,1.0,1.0,0.0,0.0,1.0,1.0,0.0
1393,5fa6ede627d6c9af7,True,,,,,,,,,,1.0,0.0,1.0,1.0,1.0,1.0,1.0,1.0,0.0,0.0
1394,0bc2b72e890837ec6,True,,,,,,,,,,1.0,1.0,1.0,1.0,0.8754405711955321,0.0,1.0,1.0,0.0,0.5235751784986038
1395,3b9ed44b6aec2276a,True,,,,,,,,,,1.0,1.0,1.0,1.0,0.6909782729145595,1.0,1.0,1.0,0.0,0.7784307102857999
1396,84216c5077769d755,True,,,,,,,,,,1.0,1.0,0.0,1.0,1.0,1.0,0.0,1.0,0.0,0.0
1397,61fc4b92e35089b4c,True,,,,,,,,,,1.0,1.0,1.0,1.0,0.8846304546497935,1.0,1.0,1.0,0.0,0.8389470170780604
1398,134a68b7ad7fc9ec4,True,,,,,,,,,,1.0,1.0,1.0,1.0,0.9550208865732075,1.0,1.0,1.0,0.0,0.8609440270541273
1399,6663c84e1f3447a03,True,,,,,,,,,,1.0,1.0,1.0,1.0,0.46445868891729764,1.0,0.0,1.0,0.0,0.5826433402866555
1400,ad215da365bb78fd6,True,,,,,,,,,,1.0,1.0,1.0,1.0,0.7869823051120369,1.0,1.0,1.0,1.0,0.9334319703475116
1401,b5d691e56539e289e,True,,,,,,,,,,1.0,1.0,1.0,1.0,0.8509891734679861,1.0,1.0,1.0,1.0,0.9534341167087457
1402,aee13b42cfd66c8a3,True,,,,,,,,,,1.0,1.0,1.0,1.0,0.4160243161324864,1.0,1.0,1.0,0.0,0.692507598791402
1403,9b164e112834437ea,True,,,,,,,,,,1.0,1.0,1.0,1.0,0.732787481969555,1.0,1.0,1.0,1.0,0.916496088115486
1404,a092442b5e964fcce,True,,,,,,,,,,1.0,0.0,1.0,1.0,1.0,1.0,1.0,0.0,0.0,0.0
1405,d4866f416d8d48597,True,,,,,,,,,,1.0,0.0,1.0,1.0,1.0,1.0,1.0,1.0,0.0,0.0
1406,5f02891c6336297bf,True,,,,,,,,,,1.0,1.0,1.0,1.0,1.0,1.0,1.0,1.0,0.0,0.875
1407,3ea710ad8425a9566,True,,,,,,,,,,1.0,0.0,1.0,1.0,0.49438361488698773,1.0,1.0,1.0,0.0,0.0
1408,f7592c27f95e1ae0e,True,,,,,,,,,,1.0,1.0,1.0,1.0,0.5227535722544862,1.0,1.0,1.0,1.0,0.8508604913295269
1409,85227ded294bb6273,True,,,,,,,,,,1.0,1.0,1.0,1.0,0.8530418337093207,1.0,1.0,1.0,1.0,0.9540755730341628
1410,430915b356a81da1d,True,,,,,,,,,,1.0,1.0,1.0,1.0,1.0,1.0,1.0,1.0,0.0,0.875
1411,3b8808368bea4771a,True,,,,,,,,,,1.0,1.0,1.0,1.0,0.6907291140849011,1.0,1.0,1.0,0.0,0.7783528481515316
1412,71ff6e1295d5d408e,True,,,,,,,,,,1.0,1.0,0.5,1.0,1.0,1.0,0.0,1.0,0.0,0.375
1413,ce91aa0b54e55f85e,True,,,,,,,,,,1.0,1.0,1.0,1.0,0.6268451814135931,1.0,1.0,1.0,0.0,0.7583891191917478
1414,427e704f6c39ca2c4,True,,,,,,,,,,1.0,1.0,1.0,1.0,0.26195953161465035,1.0,1.0,1.0,1.0,0.7693623536295782
1415,87d2841ebf764daf7,True,,,,,,,,,,1.0,0.0,1.0,1.0,0.8303474518688703,1.0,1.0,1.0,0.0,0.0
1416,c97f59b36279e74ae,True,,,,,,,,,,1.0,1.0,0.5,1.0,1.0,1.0,0.0,1.0,1.0,0.4375
1417,47bbf73e6941376ea,True,,,,,,,,,,1.0,1.0,1.0,1.0,0.8247061006855838,1.0,1.0,1.0,0.0,0.8202206564642449
1418,a95316ef51f44b853,True,,,,,,,,,,1.0,1.0,1.0,1.0,0.7999650529344641,1.0,0.0,1.0,1.0,0.8124890790420201
1419,91df938553d5b89fb,True,,,,,,,,,,1.0,1.0,1.0,1.0,0.922430503259381,1.0,0.0,1.0,1.0,0.8507595322685566
1420,4d27e0875d79e55cb,True,,,,,,,,,,1.0,1.0,1.0,1.0,0.061314061149077614,1.0,1.0,1.0,0.0,0.5816606441090868
1421,e1a05afadd29c9d52,True,,,,,,,,,,1.0,1.0,1.0,1.0,1.0,1.0,0.0,1.0,1.0,0.875
1422,7b34cc67f7a1ee247,True,,,,,,,,,,1.0,1.0,1.0,1.0,1.0,1.0,0.0,1.0,1.0,0.875
1423,73db1be2e0c010ac5,True,,,,,,,,,,1.0,1.0,1.0,1.0,1.0,1.0,0.0,1.0,1.0,0.875
1424,bc9c320fb031a11ff,True,,,,,,,,,,1.0,1.0,1.0,1.0,0.8151819558117634,1.0,0.0,1.0,0.0,0.692244361191176
1425,99304f2615a52fab7,True,,,,,,,,,,1.0,1.0,0.5,1.0,1.0,1.0,0.0,1.0,0.0,0.375
1426,88685892fa01fcedf,True,,,,,,,,,,1.0,1.0,0.5,1.0,1.0,1.0,0.0,1.0,0.0,0.375
1427,f37a107cfe0b65537,True,,,,,,,,,,1.0,1.0,0.5,1.0,0.9470678222692642,1.0,1.0,1.0,0.0,0.4292293472295725
1428,53932082fb71ad6d8,True,,,,,,,,,,1.0,1.0,1.0,1.0,0.5497436194724669,1.0,1.0,1.0,1.0,0.859294881085146
1429,dd7cd37257f99be9e,True,,,,,,,,,,1.0,1.0,1.0,1.0,1.0,1.0,1.0,1.0,0.0,0.875
1430,77bdbbf59381ce4d3,True,,,,,,,,,,0.0,1.0,1.0,1.0,1.0,0.0,0.0,1.0,1.0,0.0
1431,3b8ae7a448c0eb280,True,,,,,,,,,,1.0,0.0,1.0,1.0,1.0,1.0,1.0,0.0,0.0,0.0
1432,00aa61063a3147cb9,True,,,,,,,,,,1.0,1.0,1.0,1.0,0.5403630873718537,1.0,1.0,1.0,1.0,0.8563634648037043
1433,b6d9feff81539b7b7,True,,,,,,,,,,1.0,1.0,0.0,1.0,1.0,1.0,0.0,1.0,1.0,0.0
1434,af48e9c0da650fb5e,True,,,,,,,,,,1.0,1.0,1.0,1.0,0.8360826070044892,1.0,1.0,1.0,0.0,0.8237758146889029
1435,805995afc5d305912,True,,,,,,,,,,0.0,1.0,1.0,1.0,1.0,0.0,0.0,1.0,1.0,0.0
1436,02b1fffab31483b6f,True,,,,,,,,,,1.0,0.0,0.5,1.0,1.0,1.0,0.0,1.0,0.0,0.0
1437,2251eed913b2fbe46,True,,,,,,,,,,1.0,1.0,1.0,1.0,0.33674278537637975,1.0,1.0,1.0,0.0,0.6677321204301186
1438,3c8a99a0db652a225,True,,,,,,,,,,0.0,1.0,1.0,1.0,1.0,0.0,1.0,1.0,1.0,0.0
1439,c567a3cd6305bc4a6,True,,,,,,,,,,1.0,1.0,1.0,1.0,0.9733089877522413,1.0,1.0,1.0,0.0,0.8666590586725754
1440,90560af9aba9040f6,True,,,,,,,,,,1.0,1.0,1.0,1.0,1.0,1.0,0.0,1.0,1.0,0.875
1441,277e3887919b46cb1,True,,,,,,,,,,1.0,1.0,1.0,1.0,0.8276122768692874,1.0,1.0,1.0,0.0,0.8211288365216523
1442,acd2363307018e31e,True,,,,,,,,,,1.0,1.0,0.5,1.0,1.0,1.0,0.0,1.0,0.0,0.375
1443,3b32da65a709f23d8,True,,,,,,,,,,1.0,1.0,1.0,1.0,0.7261662974570559,1.0,0.0,1.0,1.0,0.78942696795533
1444,d38a1a28476d4851e,True,,,,,,,,,,1.0,1.0,1.0,1.0,1.0,0.0,1.0,1.0,0.0,0.5625
1445,3e4706910942fcca4,True,,,,,,,,,,1.0,1.0,1.0,1.0,1.0,1.0,1.0,1.0,1.0,1.0
1446,1ea06c577a84beafb,True,,,,,,,,,,1.0,1.0,1.0,1.0,0.7310655783522586,1.0,1.0,1.0,0.0,0.7909579932350808
1447,bb1231abd88057215,True,,,,,,,,,,1.0,1.0,1.0,1.0,0.6983716289342927,1.0,0.0,1.0,1.0,0.7807411340419665
1448,2515a4049787b61ac,True,,,,,,,,,,1.0,1.0,1.0,1.0,0.9988645219764481,1.0,0.0,1.0,1.0,0.8746451631176401
1449,c3fa7a5ee86676098,True,,,,,,,,,,1.0,1.0,1.0,1.0,0.7679912771883206,1.0,1.0,1.0,1.0,0.9274972741213502
1450,9985c549514dec050,True,,,,,,,,,,1.0,1.0,0.5,1.0,1.0,1.0,0.0,1.0,1.0,0.4375
1451,dad71058266c1b1e8,True,,,,,,,,,,1.0,1.0,1.0,1.0,0.8166371392868336,1.0,1.0,1.0,1.0,0.9426991060271355
1452,2611c3a201b36f3af,True,,,,,,,,,,1.0,1.0,1.0,1.0,0.8390227795671165,1.0,1.0,1.0,1.0,0.9496946186147239
1453,13d3b12e20ec70ec5,True,,,,,,,,,,1.0,1.0,1.0,1.0,0.8416886560860048,1.0,1.0,1.0,0.0,0.8255277050268766
1454,96a1227ca8539a33e,True,,,,,,,,,,1.0,1.0,1.0,1.0,0.8149852801472619,1.0,1.0,1.0,1.0,0.9421829000460193
1455,62b18a39075ffdaba,True,,,,,,,,,,1.0,0.0,1.0,1.0,1.0,1.0,0.0,1.0,1.0,0.0
1456,23d3b2f93978ceabf,True,,,,,,,,,,1.0,1.0,1.0,1.0,0.6002095961416605,0.0,0.0,1.0,0.0,0.31256549879426887
1457,d4b0d052629a32f79,True,,,,,,,,,,1.0,1.0,1.0,1.0,1.0,1.0,1.0,1.0,1.0,1.0
1458,974e05c39e876c78a,True,,,,,,,,,,1.0,1.0,1.0,1.0,0.4152988185181937,1.0,0.0,1.0,1.0,0.6922808807869355
1459,dea13a804cc9407af,True,,,,,,,,,,1.0,1.0,1.0,1.0,0.49427453246694414,1.0,1.0,1.0,0.0,0.7169607913959201
1460,597a84c12865d3cb1,True,,,,,,,,,,1.0,1.0,0.0,1.0,0.7367688749004371,1.0,0.0,1.0,1.0,0.0
1461,5f69ad192f42e1e35,True,,,,,,,,,,1.0,1.0,1.0,1.0,0.3225580215102187,1.0,1.0,1.0,0.0,0.6632993817219434
1462,56acd80cef7047ce3,True,,,,,,,,,,1.0,0.0,1.0,1.0,1.0,1.0,0.0,1.0,0.0,0.0
1463,c42f42235ba427d14,True,,,,,,,,,,1.0,1.0,1.0,1.0,0.5367130053840817,1.0,1.0,1.0,0.0,0.7302228141825255
1464,2565c982d32c96893,True,,,,,,,,,,1.0,1.0,1.0,1.0,0.8199922754135455,1.0,1.0,1.0,1.0,0.943747586066733
1465,2b1c7704ed19c6b68,True,,,,,,,,,,1.0,1.0,1.0,1.0,1.0,1.0,1.0,1.0,1.0,1.0
1466,e14d602917d1d211f,True,,,,,,,,,,1.0,1.0,1.0,1.0,0.846478125176023,1.0,1.0,1.0,1.0,0.9520244141175072
1467,0e14703cf05b5dfd9,True,,,,,,,,,,1.0,1.0,1.0,1.0,0.8288279219216254,1.0,1.0,1.0,1.0,0.9465087256005079
1468,098638022c2e17fd7,True,,,,,,,,,,1.0,1.0,1.0,1.0,0.025793242678138026,1.0,0.0,1.0,1.0,0.5705603883369181
1469,fcba11bedf38fce20,True,,,,,,,,,,1.0,1.0,1.0,1.0,0.5301365738472764,1.0,1.0,1.0,1.0,0.8531676793272739
1470,edd46eab5d581d11a,True,,,,,,,,,,1.0,1.0,0.0,1.0,1.0,1.0,0.0,1.0,0.0,0.0
1471,1300580f22bac5f4c,True,,,,,,,,,,1.0,1.0,0.5,1.0,0.5128436522569597,1.0,0.0,1.0,1.0,0.36138182066514996
1472,5bf5914f66c7794ef,True,,,,,,,,,,1.0,1.0,1.0,1.0,0.21385069648928642,1.0,0.0,0.0,0.0,0.379328342652902
1473,ef019ffb0a16f5e9f,True,,,,,,,,,,1.0,1.0,1.0,1.0,0.7960781045825058,1.0,1.0,1.0,1.0,0.9362744076820331
1474,252b55b927f05ad09,True,,,,,,,,,,1.0,1.0,1.0,1.0,0.7969244797018723,1.0,1.0,1.0,1.0,0.9365388999068351
1475,5cfc1b909ca5a6869,True,,,,,,,,,,1.0,1.0,0.0,1.0,1.0,1.0,0.0,1.0,1.0,0.0
1476,978616965b8fd4cd6,True,,,,,,,,,,1.0,1.0,1.0,1.0,0.8429655956737313,1.0,0.0,1.0,1.0,0.825926748648041
1477,a8335bbfcf7c51cd5,True,,,,,,,,,,1.0,1.0,1.0,1.0,0.8088380013350278,1.0,0.0,1.0,1.0,0.8152618754171962
1478,e9998b8b863aa29d4,True,,,,,,,,,,1.0,0.0,1.0,1.0,0.6886524165684997,1.0,0.0,1.0,0.0,0.0
1479,8abc54b8e7a9ff3ca,True,,,,,,,,,,1.0,1.0,1.0,1.0,0.461408720858794,1.0,0.0,1.0,1.0,0.7066902252683731
1480,a40fbf3b2009b98da,True,,,,,,,,,,1.0,1.0,0.0,1.0,1.0,1.0,0.0,1.0,0.0,0.0
1481,bd0a7b8b83e474560,True,,,,,,,,,,1.0,1.0,1.0,1.0,0.2512647339378315,1.0,0.0,1.0,0.0,0.5160202293555723
1482,0f32999a6e12e6b4f,True,,,,,,,,,,1.0,1.0,1.0,1.0,1.0,1.0,0.0,1.0,0.0,0.75
1483,94f8422c63c8418c0,True,,,,,,,,,,1.0,1.0,1.0,1.0,0.9183201670748447,1.0,0.0,1.0,1.0,0.8494750522108889
1484,4ff5465a026db2df0,True,,,,,,,,,,1.0,1.0,1.0,1.0,0.6303357418965623,1.0,0.0,1.0,0.0,0.6344799193426758
1485,686930fbb99ca475c,True,,,,,,,,,,1.0,1.0,1.0,1.0,0.46408270804357954,1.0,0.0,1.0,0.0,0.5825258462636186
1486,f25f0a0a5f68f4d90,True,,,,,,,,,,1.0,1.0,1.0,1.0,0.8255540430344809,1.0,1.0,1.0,0.0,0.8204856384482753
1487,e1a0c043fd6b131e0,True,,,,,,,,,,1.0,1.0,1.0,1.0,0.8286254894741313,1.0,1.0,1.0,0.0,0.821445465460666
1488,02d45c7622ee47f85,True,,,,,,,,,,1.0,1.0,0.5,1.0,1.0,1.0,1.0,1.0,0.0,0.4375
1489,595a7bb76f59c677e,True,,,,,,,,,,1.0,1.0,1.0,1.0,0.8478129268472101,1.0,1.0,1.0,0.0,0.8274415396397532
1490,ba8bf5b95601df543,True,,,,,,,,,,1.0,1.0,1.0,1.0,0.8671415349558387,1.0,1.0,1.0,1.0,0.9584817296736996
1491,078d13ba093831831,True,,,,,,,,,,1.0,0.0,1.0,1.0,1.0,1.0,1.0,1.0,1.0,0.0
1492,8b639fb0376857c55,True,,,,,,,,,,1.0,1.0,1.0,1.0,0.6067983660491055,1.0,0.0,1.0,1.0,0.7521244893903455
1493,efc42904915428868,True,,,,,,,,,,0.0,1.0,1.0,1.0,1.0,0.0,0.0,1.0,0.0,0.0
1494,41605b0da6ca7fa55,True,,,,,,,,,,1.0,1.0,1.0,1.0,0.7655814345761418,1.0,1.0,1.0,1.0,0.9267441983050443
1495,4cdaeeeeccac7dcd3,True,,,,,,,,,,1.0,1.0,0.0,1.0,1.0,1.0,0.0,1.0,1.0,0.0
1496,c4e43258697fbd31e,True,,,,,,,,,,1.0,1.0,1.0,1.0,0.2565540281225439,1.0,1.0,1.0,0.0,0.6426731337882949
1497,7e931dfbe8e295f21,True,,,,,,,,,,1.0,1.0,1.0,1.0,0.8031289607589784,1.0,1.0,1.0,1.0,0.9384778002371807
1498,c398b0b20ab17435c,True,,,,,,,,,,1.0,1.0,1.0,1.0,0.9420197881737241,1.0,0.0,1.0,1.0,0.8568811838042888
1499,5ebd4357b2535cfa9,True,,,,,,,,,,1.0,1.0,1.0,1.0,0.9813501834937048,1.0,0.0,1.0,0.0,0.7441719323417828
1500,32f2437326c9e81b2,True,,,,,,,,,,1.0,1.0,0.5,1.0,1.0,1.0,0.0,1.0,0.0,0.375
1501,530edf0e35aa025b6,True,,,,,,,,,,1.0,1.0,1.0,1.0,1.0,1.0,1.0,1.0,1.0,1.0
1502,68e2d10ecbeed8111,True,,,,,,,,,,1.0,1.0,1.0,1.0,1.0,1.0,1.0,1.0,1.0,1.0
1503,89ffb6efe20df9ccf,True,,,,,,,,,,1.0,1.0,1.0,1.0,1.0,1.0,1.0,1.0,1.0,1.0
1504,f11206119e3dafe73,True,,,,,,,,,,1.0,1.0,1.0,1.0,0.6536102838896942,1.0,1.0,1.0,0.0,0.7667532137155295
1505,8a5a158e9d0cf7649,True,,,,,,,,,,0.0,1.0,1.0,1.0,1.0,0.0,1.0,1.0,1.0,0.0
1506,de0ea29426ca0c381,True,,,,,,,,,,1.0,1.0,1.0,1.0,0.12342220722989916,1.0,0.0,1.0,1.0,0.6010694397593435
1507,cd294e9205c77defd,True,,,,,,,,,,1.0,1.0,1.0,1.0,0.8935870453649828,1.0,0.0,1.0,1.0,0.8417459516765571
1508,ec788232fc7f2cf7e,True,,,,,,,,,,1.0,1.0,1.0,1.0,0.9456472759494161,1.0,1.0,1.0,0.0,0.8580147737341925
1509,2407bd58b67ea70b2,True,,,,,,,,,,1.0,1.0,1.0,1.0,0.5542354410246684,1.0,0.0,1.0,1.0,0.7356985753202089
1510,0f4ea7fb12b00026d,True,,,,,,,,,,1.0,1.0,1.0,1.0,0.7107720366440923,1.0,1.0,1.0,1.0,0.9096162614512788
1511,686f1f87016b7e54b,True,,,,,,,,,,0.0,0.0,1.0,1.0,1.0,0.0,1.0,1.0,1.0,0.0
1512,effa3c121b26ed3b5,True,,,,,,,,,,1.0,0.0,1.0,1.0,1.0,1.0,1.0,1.0,1.0,0.0
1513,520f935b586e7b731,True,,,,,,,,,,1.0,1.0,1.0,1.0,0.9905624727122667,1.0,0.0,1.0,1.0,0.8720507727225834
1514,5b733b329372ed8c8,True,,,,,,,,,,1.0,1.0,1.0,1.0,0.8656090044267556,1.0,1.0,1.0,1.0,0.9580028138833612
1515,edb62f47f8009856e,True,,,,,,,,,,1.0,1.0,1.0,1.0,0.7499962765287498,1.0,0.0,1.0,0.0,0.6718738364152343
1516,fe36ce4fe80f5c45b,True,,,,,,,,,,1.0,1.0,1.0,1.0,0.5298302534885948,1.0,1.0,1.0,1.0,0.8530719542151859
1517,7ff58b20e56a787e0,True,,,,,,,,,,1.0,1.0,1.0,1.0,0.4955849904108992,1.0,0.0,1.0,0.0,0.592370309503406
1518,a810d97362a0219ed,True,,,,,,,,,,1.0,1.0,1.0,1.0,0.6147323617336309,1.0,1.0,1.0,0.0,0.7546038630417596
1519,51d3d62e78d712283,True,,,,,,,,,,1.0,1.0,1.0,1.0,0.7855469437340099,1.0,0.0,1.0,0.0,0.682983419916878
1520,90dfc4788a349e60b,True,,,,,,,,,,1.0,1.0,1.0,1.0,0.4921243876441436,1.0,1.0,1.0,0.0,0.7162888711387949
1521,7d0e6ab1e39a11f7e,True,,,,,,,,,,1.0,1.0,1.0,1.0,0.35529084558654256,1.0,1.0,1.0,0.0,0.6735283892457946
1522,4954200b641849a4c,True,,,,,,,,,,1.0,1.0,1.0,1.0,0.6344547449877883,1.0,0.0,1.0,1.0,0.7607671078086838
1523,97e73edb0ec984db5,True,,,,,,,,,,0.0,1.0,1.0,1.0,1.0,0.0,1.0,1.0,1.0,0.0
1524,fbce95baf9103a2ff,True,,,,,,,,,,1.0,1.0,0.0,1.0,1.0,1.0,0.0,1.0,0.0,0.0
1525,f836208030ee5d621,True,,,,,,,,,,1.0,1.0,0.0,1.0,1.0,0.0,0.0,1.0,0.0,0.0
1526,d7ae6e55bf567365e,True,,,,,,,,,,1.0,1.0,0.0,1.0,1.0,1.0,0.0,1.0,1.0,0.0
1527,1a7308db2e3923b30,True,,,,,,,,,,1.0,1.0,0.5,1.0,0.6678441559199917,1.0,1.0,1.0,0.0,0.3856006493624987
1528,5e403ae55f93fea63,True,,,,,,,,,,1.0,1.0,0.5,1.0,1.0,1.0,0.0,1.0,1.0,0.4375
1529,6b0fd30198ec1713c,True,,,,,,,,,,1.0,1.0,1.0,1.0,0.5184078873501268,1.0,1.0,1.0,1.0,0.8495024647969146
1530,32f1711fd411244b6,True,,,,,,,,,,1.0,0.0,1.0,1.0,1.0,1.0,1.0,1.0,0.0,0.0
1531,6d54d84f2aa7b99a8,True,,,,,,,,,,1.0,1.0,1.0,1.0,0.6170765488304917,1.0,1.0,1.0,0.0,0.7553364215095286
1532,939cad6fe88e1d488,True,,,,,,,,,,1.0,1.0,1.0,1.0,0.7633849579631562,0.0,1.0,1.0,0.0,0.4885577993634863
1533,b51661ff3ed628c29,True,,,,,,,,,,1.0,1.0,1.0,1.0,1.0,1.0,1.0,1.0,1.0,1.0
1534,f2d7c34919985c798,True,,,,,,,,,,0.0,1.0,1.0,1.0,1.0,0.0,0.0,1.0,1.0,0.0
1535,0d922ca55b8036075,True,,,,,,,,,,1.0,1.0,1.0,1.0,0.17827255022235014,1.0,1.0,1.0,0.0,0.6182101719444844
1536,25fb03a1d180b3b47,True,,,,,,,,,,1.0,1.0,1.0,1.0,1.0,1.0,1.0,1.0,0.0,0.875
1537,1c18bdd5b49d08afb,True,,,,,,,,,,0.0,1.0,0.0,1.0,1.0,0.0,0.0,1.0,0.0,0.0
1538,393ebaed8cd47962e,True,,,,,,,,,,1.0,1.0,1.0,1.0,0.7244217622079112,1.0,1.0,1.0,0.0,0.7888818006899723
1539,ba2d0c2b1a0d13a74,True,,,,,,,,,,1.0,0.0,1.0,1.0,1.0,1.0,0.0,1.0,0.0,0.0
1540,2664f428da61db472,True,,,,,,,,,,1.0,1.0,1.0,1.0,0.8361331117607499,1.0,1.0,1.0,1.0,0.9487915974252343
1541,b3b9360d8f660b634,True,,,,,,,,,,1.0,0.0,1.0,1.0,1.0,1.0,1.0,0.0,0.0,0.0
1542,c55fd3e0272579bda,True,,,,,,,,,,1.0,1.0,1.0,1.0,0.9769365168448796,1.0,1.0,1.0,1.0,0.9927926615140249
1543,d2eb3158a4dcc825e,True,,,,,,,,,,0.0,1.0,0.0,1.0,1.0,0.0,0.0,1.0,1.0,0.0
1544,ee232d7fae40f5bcc,True,,,,,,,,,,1.0,0.0,1.0,1.0,1.0,1.0,1.0,1.0,0.0,0.0
1545,fe6eb7191dafdb638,True,,,,,,,,,,0.0,1.0,1.0,1.0,1.0,0.0,0.0,1.0,0.0,0.0
1546,0b3ce3fcc2b9cdf45,True,,,,,,,,,,1.0,1.0,1.0,1.0,0.8859238447837058,0.0,0.0,1.0,0.0,0.40185120149490805
1547,6fea2b47f85b2b5c3,True,,,,,,,,,,1.0,1.0,1.0,1.0,0.5938072120365054,1.0,1.0,1.0,1.0,0.873064753761408
1548,5ee839d646b6d620e,True,,,,,,,,,,1.0,1.0,0.5,1.0,1.0,1.0,0.0,1.0,1.0,0.4375
1549,2ba1cba17d48212d7,True,,,,,,,,,,0.5,1.0,1.0,1.0,0.6604749782542593,0.0,1.0,1.0,0.0,0.228199215352228
1550,a0dee764f3cd352e8,True,,,,,,,,,,1.0,1.0,1.0,1.0,0.92913660861893,1.0,1.0,1.0,1.0,0.9778551901934156
1551,63a044757376360cc,True,,,,,,,,,,1.0,1.0,1.0,1.0,0.8539137155626354,1.0,0.0,0.0,0.0,0.5793480361133236
1552,352716976d8eac750,True,,,,,,,,,,1.0,1.0,1.0,1.0,0.47652746319843103,1.0,1.0,1.0,1.0,0.8364148322495097
1553,1484a0a00421bfda6,True,,,,,,,,,,1.0,1.0,1.0,1.0,0.24237470499729094,1.0,1.0,1.0,1.0,0.7632420953116534
1554,064dc83e13c6841b5,True,,,,,,,,,,1.0,1.0,1.0,1.0,0.8839592746860749,1.0,0.0,1.0,1.0,0.8387372733393984
1555,d64fff6b350c44bf6,True,,,,,,,,,,0.0,1.0,1.0,1.0,1.0,0.0,1.0,1.0,0.0,0.0
1556,ec4a1a5062f088a0f,True,,,,,,,,,,1.0,1.0,1.0,1.0,1.0,1.0,1.0,1.0,1.0,1.0
1557,c0ec09e19eaff83c9,True,,,,,,,,,,1.0,1.0,1.0,1.0,1.0,1.0,0.0,1.0,1.0,0.875
1558,2e0773dd81838320f,True,,,,,,,,,,1.0,1.0,1.0,1.0,0.8422565753633101,1.0,0.0,1.0,1.0,0.8257051798010344
1559,a41ba68bdc9f9fb88,True,,,,,,,,,,1.0,1.0,1.0,1.0,0.6661374292810455,1.0,1.0,1.0,0.0,0.7706679466503267
1560,b0687bfcbe79bec09,True,,,,,,,,,,1.0,1.0,1.0,1.0,0.5642797784890403,1.0,1.0,1.0,1.0,0.8638374307778252
1561,2f1499aa1461b6ec6,True,,,,,,,,,,1.0,1.0,0.0,1.0,1.0,1.0,0.0,1.0,0.0,0.0
1562,b7f82c0f75ba493fc,True,,,,,,,,,,1.0,1.0,1.0,1.0,0.21234073293417258,1.0,1.0,1.0,0.0,0.6288564790419289
1563,e7e93c5b22cdc4824,True,,,,,,,,,,1.0,1.0,1.0,1.0,0.28078786344062806,1.0,1.0,1.0,1.0,0.7752462073251962
1564,087f308c89d8be0ec,True,,,,,,,,,,1.0,1.0,1.0,1.0,0.2739870252554521,1.0,1.0,1.0,1.0,0.7731209453923288
1565,161174e0143b41afa,True,,,,,,,,,,1.0,1.0,0.0,1.0,0.8744175451720142,1.0,0.0,1.0,0.0,0.0
1566,9ce85f2dc52093c43,True,,,,,,,,,,1.0,1.0,1.0,1.0,0.6696895515456543,1.0,0.0,1.0,1.0,0.771777984858017
1567,569fb4f27fe2509f7,True,,,,,,,,,,1.0,0.0,1.0,1.0,0.41631264419102043,1.0,1.0,1.0,0.0,0.0
1568,dda492e77bd06b5da,True,,,,,,,,,,1.0,1.0,1.0,1.0,0.3191679455388382,1.0,1.0,1.0,0.0,0.6622399829808869
1569,f507ae7c610fe346a,True,,,,,,,,,,1.0,1.0,1.0,0.0,1.0,1.0,1.0,1.0,1.0,0.0
1570,749b3e461ac448a6a,True,,,,,,,,,,0.0,1.0,0.0,1.0,1.0,0.0,0.0,1.0,0.0,0.0
1571,0e733cf0e386ffd7e,True,,,,,,,,,,1.0,0.0,1.0,1.0,1.0,1.0,1.0,1.0,1.0,0.0
1572,1c9335961ee565478,True,,,,,,,,,,1.0,1.0,1.0,1.0,0.9022733308249036,1.0,1.0,1.0,1.0,0.9694604158827824
1573,769c3d78ab53dd47b,True,,,,,,,,,,1.0,1.0,1.0,1.0,0.5371285161954212,1.0,1.0,1.0,1.0,0.8553526613110691
1574,4533792bbf9b2478b,True,,,,,,,,,,1.0,1.0,1.0,1.0,0.6701561281229657,1.0,1.0,1.0,0.0,0.7719237900384268
1575,80a5f0392d8aa9afb,True,,,,,,,,,,1.0,1.0,1.0,1.0,0.43208038254143893,1.0,1.0,1.0,0.0,0.6975251195441996
1576,9c40a73dcfa534ce7,True,,,,,,,,,,1.0,1.0,1.0,1.0,0.8415525431258806,1.0,1.0,1.0,1.0,0.9504851697268377
1577,67c191e1da4b23c8a,True,,,,,,,,,,1.0,1.0,1.0,1.0,0.9153168525253312,1.0,0.0,1.0,1.0,0.848536516414166
1578,51a40ab9f271c6454,True,,,,,,,,,,1.0,1.0,1.0,1.0,0.788555702962252,1.0,0.0,1.0,0.0,0.6839236571757037
1579,b141bcb6ae7025055,True,,,,,,,,,,0.0,1.0,1.0,1.0,1.0,0.0,1.0,1.0,0.0,0.0
1580,14a7cb384c787a167,True,,,,,,,,,,1.0,0.0,1.0,1.0,0.8140489723471213,1.0,0.0,1.0,0.0,0.0
1581,0d20e006578be6327,True,,,,,,,,,,1.0,1.0,0.5,1.0,1.0,1.0,0.0,1.0,1.0,0.4375
1582,95b104c6ad1c29b95,True,,,,,,,,,,1.0,1.0,1.0,1.0,0.851349230710788,1.0,1.0,1.0,0.0,0.8285466345971213
1583,db8e9c0ed37d0df11,True,,,,,,,,,,0.0,1.0,0.5,1.0,1.0,0.0,0.0,1.0,1.0,0.0
1584,45429b4b5e82551ac,True,,,,,,,,,,0.0,1.0,1.0,1.0,1.0,0.0,1.0,1.0,1.0,0.0
1585,8a72c1ce26bcc476d,True,,,,,,,,,,1.0,1.0,1.0,1.0,0.1838404928680747,1.0,1.0,1.0,0.0,0.6199501540212733
1586,3ff3a293385e2be07,True,,,,,,,,,,1.0,1.0,1.0,1.0,1.0,1.0,1.0,1.0,1.0,1.0
1587,646863c254a0a7a48,True,,,,,,,,,,1.0,1.0,1.0,1.0,0.8399847352122356,1.0,0.0,1.0,1.0,0.8249952297538237
1588,60b5ffeeaa577037f,True,,,,,,,,,,1.0,1.0,1.0,1.0,0.23556343817963865,1.0,1.0,1.0,0.0,0.636113574431137
1589,a0f74d36d2aa52b1f,True,,,,,,,,,,1.0,1.0,1.0,1.0,0.697819988970527,1.0,1.0,1.0,1.0,0.9055687465532897
1590,2d8eeec7c41db723f,True,,,,,,,,,,1.0,1.0,1.0,1.0,0.9245650575672001,1.0,1.0,1.0,0.0,0.8514265804897501
1591,9105cbfa672b3e348,True,,,,,,,,,,1.0,1.0,1.0,1.0,1.0,1.0,0.0,1.0,1.0,0.875
1592,a368b8806368419d0,True,,,,,,,,,,1.0,1.0,1.0,1.0,1.0,1.0,1.0,1.0,0.0,0.875
1593,d1982bae71566acc5,True,,,,,,,,,,0.0,1.0,1.0,1.0,1.0,0.0,1.0,1.0,1.0,0.0
1594,bd31f3930e078d690,True,,,,,,,,,,1.0,1.0,1.0,1.0,0.09331611105331905,1.0,1.0,1.0,1.0,0.7166612847041622
1595,29e70aa1afb308764,True,,,,,,,,,,1.0,1.0,1.0,1.0,0.6113231822622912,0.0,1.0,0.0,0.0,0.31603849445696597
1596,ae646ba56f5add8db,True,,,,,,,,,,1.0,1.0,1.0,1.0,0.3247172104830093,1.0,0.0,1.0,0.0,0.5389741282759404
1597,1730cbbbd72e9ce7d,True,,,,,,,,,,0.0,1.0,1.0,1.0,1.0,0.0,0.0,1.0,1.0,0.0
1598,6f388bff9ecc03286,True,,,,,,,,,,1.0,1.0,0.5,1.0,1.0,1.0,0.0,1.0,0.0,0.375
1599,ce2108b53dc19946a,True,,,,,,,,,,1.0,1.0,1.0,1.0,0.8697043816258427,1.0,0.0,1.0,1.0,0.8342826192580759
1600,8da51d4b0fa17ee9a,True,,,,,,,,,,1.0,1.0,1.0,1.0,0.7864034773253944,1.0,0.0,1.0,0.0,0.6832510866641858
1601,c35bfd24684ea8d55,True,,,,,,,,,,1.0,1.0,1.0,1.0,0.833715676588327,1.0,0.0,1.0,1.0,0.8230361489338522
1602,0c19c99a701794b8d,True,,,,,,,,,,0.0,1.0,1.0,1.0,1.0,0.0,1.0,1.0,0.0,0.0
1603,fbcd36a566009598c,True,,,,,,,,,,1.0,1.0,0.0,1.0,1.0,1.0,0.0,1.0,1.0,0.0
1604,cd9f9355204a28a77,True,,,,,,,,,,1.0,0.0,1.0,1.0,1.0,1.0,1.0,1.0,1.0,0.0
1605,436fb766823bdb92e,True,,,,,,,,,,1.0,1.0,1.0,1.0,0.6302977909337045,1.0,1.0,1.0,0.0,0.7594680596667827
1606,3b60c8877787da3e0,True,,,,,,,,,,1.0,1.0,1.0,1.0,1.0,1.0,1.0,1.0,0.0,0.875
1607,ef00d37c017fde631,True,,,,,,,,,,1.0,1.0,1.0,1.0,0.8158271772681743,1.0,1.0,0.0,0.0,0.6924459928963045
1608,da0cbcf9661157a63,True,,,,,,,,,,1.0,1.0,1.0,1.0,0.5719466330515465,1.0,1.0,1.0,0.0,0.7412333228286083
1609,5453eaf707e343346,True,,,,,,,,,,1.0,1.0,1.0,1.0,0.4244998789891225,1.0,1.0,1.0,1.0,0.8201562121841008
1610,a31ca4af2bc4ff90a,True,,,,,,,,,,1.0,1.0,1.0,1.0,0.9103776877806437,1.0,0.0,1.0,0.0,0.7219930274314512
1611,7186caba98873825a,True,,,,,,,,,,1.0,0.0,1.0,1.0,0.8584933215501805,1.0,1.0,1.0,0.0,0.0
1612,7ad621cdbc4494e0d,True,,,,,,,,,,1.0,1.0,1.0,1.0,0.5865059283444677,1.0,0.0,1.0,1.0,0.7457831026076461
1613,845c54f5c31f66323,True,,,,,,,,,,1.0,1.0,1.0,1.0,0.8900678620914049,1.0,1.0,1.0,1.0,0.9656462069035641
1614,467689ba5841d624f,True,,,,,,,,,,1.0,1.0,1.0,1.0,0.8902392951015882,1.0,0.0,1.0,1.0,0.8406997797192464
1615,5cd160daac2e582eb,True,,,,,,,,,,1.0,0.0,1.0,1.0,0.2650870747197738,1.0,1.0,1.0,1.0,0.0
1616,900aad7dc85139b3e,True,,,,,,,,,,1.0,1.0,1.0,1.0,0.732709526642959,1.0,0.0,1.0,0.0,0.6664717270759246
1617,7e2d7288e94ae54c5,True,,,,,,,,,,1.0,1.0,1.0,1.0,0.20291087805665492,1.0,1.0,1.0,1.0,0.7509096493927047
1618,ca9e9b5a18bc96373,True,,,,,,,,,,1.0,1.0,1.0,1.0,0.6096185660002734,1.0,0.0,1.0,1.0,0.7530058018750855
1619,9e2bf4fef7c5a70f5,True,,,,,,,,,,1.0,1.0,1.0,1.0,1.0,0.0,0.0,1.0,1.0,0.5625
1620,1dbcea959d196209c,True,,,,,,,,,,1.0,1.0,1.0,1.0,0.8848831819309072,1.0,0.0,1.0,0.0,0.7140259943534085
1621,f19d36e6d48219eba,True,,,,,,,,,,0.0,1.0,0.5,1.0,1.0,0.0,0.0,1.0,1.0,0.0
1622,02bafb0e20897c0c6,True,,,,,,,,,,1.0,1.0,1.0,1.0,0.23887794576206736,1.0,1.0,1.0,0.0,0.637149358050646
1623,bec8d578f7182bbcd,True,,,,,,,,,,1.0,1.0,1.0,1.0,1.0,1.0,0.0,1.0,1.0,0.875
1624,fd163457fdae33b78,True,,,,,,,,,,1.0,0.0,1.0,1.0,1.0,1.0,1.0,1.0,0.0,0.0
1625,4a2ae0b5cd41f2676,True,,,,,,,,,,1.0,1.0,1.0,1.0,0.387908926920061,1.0,1.0,1.0,0.0,0.6837215396625191
1626,701516f2dc4b0ec24,True,,,,,,,,,,1.0,1.0,1.0,1.0,0.44314009040691316,1.0,1.0,1.0,0.0,0.7009812782521604
1627,8d65d3f4d930b58ae,True,,,,,,,,,,1.0,0.0,1.0,1.0,0.24966545094738443,1.0,0.0,0.0,0.0,0.0
1628,5cf2681114e11d9c7,True,,,,,,,,,,0.0,1.0,1.0,1.0,1.0,0.0,1.0,1.0,1.0,0.0
1629,36f3fac010047f5a8,True,,,,,,,,,,1.0,0.0,1.0,1.0,1.0,1.0,1.0,1.0,0.0,0.0
1630,5d2c37d1b97718200,True,,,,,,,,,,0.0,1.0,1.0,0.0,1.0,0.0,1.0,0.0,0.0,0.0
1631,02e812e171526ec23,True,,,,,,,,,,1.0,1.0,1.0,1.0,0.7073798788337666,1.0,1.0,1.0,1.0,0.908556212135552
1632,5a653e174a05d5da0,True,,,,,,,,,,1.0,0.0,1.0,1.0,0.7340447165597728,1.0,1.0,1.0,0.0,0.0
1633,397b093b8766274f9,True,,,,,,,,,,1.0,1.0,0.0,1.0,0.9274101829364086,1.0,0.0,1.0,0.0,0.0
1634,01e51bacf68548cab,True,,,,,,,,,,0.0,1.0,1.0,1.0,1.0,0.0,1.0,1.0,1.0,0.0
1635,aeafb748fb3a37e8c,True,,,,,,,,,,1.0,1.0,1.0,1.0,0.4406405473690838,1.0,1.0,1.0,0.0,0.7002001710528387
1636,33f0f0e933c91112e,True,,,,,,,,,,0.0,1.0,0.0,1.0,1.0,0.0,1.0,1.0,1.0,0.0
1637,637ff125ef04d0dae,True,,,,,,,,,,1.0,0.0,1.0,1.0,1.0,1.0,0.0,1.0,0.0,0.0
1638,d87106abfc25f2fab,True,,,,,,,,,,1.0,0.0,1.0,1.0,0.42194198081291306,1.0,1.0,0.0,0.0,0.0
1639,fda2ab172e994071b,True,,,,,,,,,,1.0,1.0,1.0,1.0,0.34033556566623374,1.0,1.0,1.0,1.0,0.7938548642706981
1640,f5fd2bdb809b789db,True,,,,,,,,,,1.0,0.0,0.0,1.0,1.0,1.0,0.0,1.0,0.0,0.0
1641,ac59b5b148af8474e,True,,,,,,,,,,1.0,1.0,1.0,1.0,0.34943971175530497,1.0,1.0,1.0,1.0,0.7966999099235328
1642,3b8447bf8c7f49917,True,,,,,,,,,,1.0,0.0,1.0,1.0,1.0,1.0,1.0,1.0,0.0,0.0
1643,075c6629f363025a1,True,,,,,,,,,,1.0,1.0,1.0,1.0,0.7836584882946298,1.0,1.0,1.0,1.0,0.9323932775920718
1644,129e42105cbb4c354,True,,,,,,,,,,1.0,1.0,1.0,1.0,0.8131411491466365,1.0,1.0,1.0,1.0,0.9416066091083239
1645,37630795fa7fa1e51,True,,,,,,,,,,1.0,1.0,1.0,1.0,0.6591957196274054,1.0,1.0,1.0,0.0,0.7684986623835641
1646,9e4e2947f7b3098a7,True,,,,,,,,,,0.0,1.0,1.0,1.0,1.0,0.0,0.0,1.0,0.0,0.0
1647,f9f68056cf387b7a7,True,,,,,,,,,,0.0,0.0,1.0,1.0,1.0,0.0,0.0,1.0,1.0,0.0
1648,64dbb32a1a6005581,True,,,,,,,,,,1.0,1.0,1.0,1.0,1.0,1.0,0.0,1.0,0.0,0.75
1649,81a1a5d071b2c2a11,True,,,,,,,,,,1.0,0.0,1.0,1.0,1.0,1.0,0.0,1.0,0.0,0.0
1650,f24aff9d7884c81d2,True,,,,,,,,,,1.0,1.0,1.0,1.0,1.0,1.0,1.0,1.0,0.0,0.875
1651,fa7ca9fcddad7a40d,True,,,,,,,,,,1.0,1.0,1.0,1.0,0.6919514397914113,1.0,1.0,1.0,0.0,0.778734824934816
1652,c6144081cdf888af5,True,,,,,,,,,,1.0,1.0,1.0,1.0,1.0,1.0,1.0,1.0,0.0,0.875
1653,29099b056d78d6ffb,True,,,,,,,,,,1.0,0.0,0.5,1.0,1.0,1.0,0.0,1.0,0.0,0.0
1654,769c42d02e0f583b2,True,,,,,,,,,,1.0,1.0,0.5,1.0,1.0,1.0,0.0,1.0,1.0,0.4375
1655,915f97c98701afaae,True,,,,,,,,,,0.0,1.0,0.0,1.0,0.8755052548969066,1.0,0.0,1.0,0.0,0.0
1656,fbf6a32724a0d16f2,True,,,,,,,,,,1.0,1.0,1.0,1.0,1.0,1.0,0.0,1.0,1.0,0.875
1657,ab96e33e9ab4e191b,True,,,,,,,,,,1.0,0.0,0.5,1.0,1.0,1.0,0.0,1.0,0.0,0.0
1658,e2d10c9ccbbc61bce,True,,,,,,,,,,1.0,1.0,0.5,1.0,0.6585719062960331,1.0,0.0,1.0,1.0,0.38415186035875515
1659,1442b131da263f4dc,True,,,,,,,,,,1.0,1.0,1.0,1.0,0.6877385289948218,1.0,1.0,1.0,1.0,0.9024182903108818
1660,a9400ab68fb27ff72,True,,,,,,,,,,1.0,1.0,0.5,1.0,1.0,1.0,0.0,1.0,0.0,0.375
1661,21c67a61bb969877f,True,,,,,,,,,,1.0,1.0,1.0,1.0,1.0,1.0,0.0,1.0,1.0,0.875
1662,7206aa9198632886d,True,,,,,,,,,,0.0,1.0,1.0,1.0,0.8363512182146227,0.0,0.0,1.0,1.0,0.0
1663,0ac5f53f5bbf5603e,True,,,,,,,,,,1.0,0.0,1.0,1.0,1.0,1.0,1.0,1.0,1.0,0.0
1664,3c71818855c39904e,True,,,,,,,,,,1.0,1.0,1.0,1.0,1.0,1.0,0.0,1.0,0.0,0.75
1665,0952835e9ba422028,True,,,,,,,,,,1.0,1.0,1.0,1.0,0.6106227130412311,1.0,1.0,1.0,1.0,0.8783195978253847
1666,fb23a658d96acd780,True,,,,,,,,,,1.0,1.0,0.5,1.0,1.0,1.0,0.0,1.0,0.0,0.375
1667,3df563a8c00556068,True,,,,,,,,,,1.0,1.0,1.0,1.0,0.6201776001724206,1.0,1.0,1.0,0.0,0.7563055000538814
1668,f1abd83315867c099,True,,,,,,,,,,1.0,1.0,1.0,1.0,1.0,1.0,1.0,1.0,0.0,0.875
1669,306bd7dfd9818a9eb,True,,,,,,,,,,1.0,1.0,1.0,1.0,0.5738428480333506,1.0,1.0,0.0,0.0,0.6168258900104221
1670,fc2eb6e32259de9aa,True,,,,,,,,,,0.5,1.0,1.0,1.0,1.0,0.0,1.0,1.0,0.0,0.28125
1671,dbc538d7bed435cad,True,,,,,,,,,,1.0,1.0,1.0,1.0,1.0,1.0,1.0,1.0,0.0,0.875
1672,2496fb23d66af6353,True,,,,,,,,,,1.0,1.0,1.0,1.0,0.9411076676883363,1.0,0.0,1.0,1.0,0.856596146152605
1673,594bcaa89ef7fc267,True,,,,,,,,,,1.0,1.0,1.0,1.0,1.0,1.0,1.0,1.0,1.0,1.0
1674,af6044bdbd6647378,True,,,,,,,,,,1.0,1.0,0.0,1.0,1.0,1.0,0.0,1.0,1.0,0.0
1675,df00098f604a521a4,True,,,,,,,,,,1.0,1.0,1.0,1.0,0.7632580166344309,1.0,0.0,1.0,1.0,0.8010181301982597
1676,d21b58003792bc68a,True,,,,,,,,,,1.0,1.0,1.0,1.0,0.8639467838727548,1.0,0.0,1.0,1.0,0.8324833699602359
1677,d14bb6b9926bccfb5,True,,,,,,,,,,1.0,1.0,1.0,1.0,1.0,1.0,1.0,1.0,0.0,0.875
1678,cbe052f2880b9cd3c,True,,,,,,,,,,1.0,1.0,1.0,1.0,0.7417563753903709,1.0,1.0,1.0,0.0,0.7942988673094908
1679,241e6bedc6fcf2de4,True,,,,,,,,,,0.0,0.0,1.0,1.0,1.0,0.0,0.0,1.0,1.0,0.0
1680,26961603aa068511e,True,,,,,,,,,,1.0,1.0,1.0,1.0,0.9809983729568366,1.0,1.0,1.0,0.0,0.8690619915490114
1681,546ea00bc8516f8dc,True,,,,,,,,,,1.0,0.0,1.0,1.0,1.0,1.0,1.0,1.0,1.0,0.0
1682,94d9715aabd9df7cd,True,,,,,,,,,,1.0,1.0,1.0,1.0,1.0,1.0,1.0,1.0,1.0,1.0
1683,970116f72225f9d8b,True,,,,,,,,,,1.0,1.0,0.0,1.0,0.7917068193387946,1.0,0.0,1.0,1.0,0.0
1684,fd482580f69491ce5,True,,,,,,,,,,0.0,1.0,1.0,1.0,1.0,0.0,1.0,1.0,0.0,0.0
1685,d5c1ffdf7189b229c,True,,,,,,,,,,1.0,0.0,1.0,1.0,1.0,1.0,0.0,0.0,0.0,0.0
1686,367254bcce7ceee1d,True,,,,,,,,,,1.0,1.0,1.0,1.0,0.8344613555783492,1.0,0.0,1.0,1.0,0.8232691736182342
1687,2f6210cf0561159ae,True,,,,,,,,,,1.0,1.0,1.0,1.0,1.0,1.0,1.0,1.0,0.0,0.875
1688,8192ed9c4330db32d,True,,,,,,,,,,1.0,1.0,1.0,1.0,1.0,1.0,0.0,1.0,1.0,0.875
1689,273762480ecf0bcd6,True,,,,,,,,,,1.0,1.0,1.0,1.0,0.8682210671264323,1.0,0.0,1.0,1.0,0.8338190834770101
1690,16d41ea13c0836f9f,True,,,,,,,,,,1.0,1.0,0.0,1.0,1.0,1.0,0.0,1.0,1.0,0.0
1691,6abfaa7acf5d00640,True,,,,,,,,,,1.0,1.0,1.0,1.0,0.8553492301571829,1.0,1.0,1.0,1.0,0.9547966344241197
1692,7e6c9f4638d88c304,True,,,,,,,,,,1.0,0.0,1.0,1.0,0.7544685008203084,1.0,1.0,1.0,0.0,0.0
1693,9ddf964682ac312d8,True,,,,,,,,,,1.0,1.0,1.0,1.0,0.3507944100567947,1.0,1.0,1.0,0.0,0.6721232531427483
1694,e92394471671ed533,True,,,,,,,,,,1.0,1.0,1.0,1.0,0.24226929264512997,1.0,1.0,1.0,0.0,0.638209153951603
1695,eab8a152f7ae593ae,True,,,,,,,,,,0.0,1.0,0.0,1.0,1.0,0.0,0.0,1.0,0.0,0.0
1696,b9297371e1c1fc881,True,,,,,,,,,,1.0,1.0,1.0,1.0,1.0,1.0,0.0,1.0,1.0,0.875
1697,57f473049e88971e9,True,,,,,,,,,,1.0,1.0,1.0,1.0,0.6824989012901481,1.0,1.0,1.0,1.0,0.9007809066531713
1698,948ee6f4ce68f4290,True,,,,,,,,,,1.0,1.0,1.0,1.0,0.18786731929501374,1.0,1.0,1.0,0.0,0.6212085372796918
1699,1f06c169ad7123eab,True,,,,,,,,,,1.0,1.0,1.0,1.0,1.0,0.0,0.0,1.0,0.0,0.4375
1700,903801b8d2a6d7f58,True,,,,,,,,,,1.0,1.0,1.0,1.0,1.0,1.0,0.0,1.0,1.0,0.875
1701,6e06dc9cb502fab19,True,,,,,,,,,,0.0,1.0,1.0,1.0,1.0,0.0,1.0,1.0,0.0,0.0
1702,8858ecf4e78fd953a,True,,,,,,,,,,1.0,0.0,1.0,1.0,0.9468832656941636,1.0,1.0,1.0,0.0,0.0
1703,4ccd60de6eb6c50c6,True,,,,,,,,,,1.0,1.0,0.0,1.0,1.0,1.0,1.0,1.0,1.0,0.0
1704,9cef002202fcf25ea,True,,,,,,,,,,1.0,1.0,1.0,1.0,0.9907251156958863,1.0,0.0,1.0,1.0,0.8721015986549645
1705,4c838e94f573fa977,True,,,,,,,,,,1.0,1.0,1.0,1.0,0.7121644220975767,1.0,1.0,1.0,1.0,0.9100513819054927
1706,2beda3235f74c6edb,True,,,,,,,,,,1.0,1.0,1.0,1.0,0.544704487555959,1.0,0.0,1.0,1.0,0.7327201523612372
1707,9574cf693ee2e6774,True,,,,,,,,,,1.0,1.0,1.0,1.0,0.8045665518432228,1.0,0.0,1.0,0.0,0.6889270474510072
1708,07d601991746bbf45,True,,,,,,,,,,0.0,1.0,0.5,1.0,1.0,0.0,0.0,1.0,1.0,0.0
1709,5b01b06231ac39143,True,,,,,,,,,,1.0,1.0,1.0,1.0,0.8331481988985607,1.0,1.0,1.0,1.0,0.9478588121558003
1710,bef08816de1b95125,True,,,,,,,,,,1.0,1.0,0.0,1.0,1.0,1.0,0.0,1.0,1.0,0.0
1711,a874b5928d421efad,True,,,,,,,,,,1.0,1.0,1.0,1.0,0.8638394295755755,1.0,1.0,1.0,0.0,0.8324498217423673
1712,3108d12aec681dcb0,True,,,,,,,,,,1.0,1.0,1.0,1.0,0.18241146163184888,1.0,0.0,1.0,1.0,0.6195035817599528
1713,e20ec0633fcd9af94,True,,,,,,,,,,1.0,1.0,1.0,1.0,0.6819572277462984,1.0,1.0,1.0,1.0,0.9006116336707183
1714,76ce40d34831b1542,True,,,,,,,,,,1.0,0.0,1.0,1.0,1.0,1.0,0.0,1.0,0.0,0.0
1715,3c8afefbaf08142c1,True,,,,,,,,,,1.0,1.0,1.0,1.0,1.0,1.0,0.0,1.0,0.0,0.75
1716,92fd62b816fa1435c,True,,,,,,,,,,1.0,1.0,0.5,1.0,1.0,1.0,0.0,1.0,0.0,0.375
1717,18f8bfb875dae178e,True,,,,,,,,,,1.0,1.0,1.0,1.0,1.0,1.0,1.0,1.0,1.0,1.0
1718,07f1e4860bc02a04d,True,,,,,,,,,,1.0,1.0,1.0,1.0,1.0,1.0,0.0,1.0,1.0,0.875
1719,50442ffec20a73824,True,,,,,,,,,,1.0,1.0,1.0,1.0,0.6599776377770759,1.0,0.0,1.0,0.0,0.6437430118053362
1720,12b8102851dec66e5,True,,,,,,,,,,0.0,1.0,1.0,1.0,0.7287962485637804,0.0,1.0,1.0,1.0,0.0
1721,c138df3ef41d3bfe5,True,,,,,,,,,,1.0,0.0,1.0,1.0,0.7580494159340044,1.0,1.0,0.0,0.0,0.0
1722,2a32769c4b35a8c07,True,,,,,,,,,,1.0,1.0,1.0,1.0,0.45323234830333425,1.0,1.0,1.0,0.0,0.704135108844792
1723,09ff70ea6f020da6f,True,,,,,,,,,,1.0,1.0,1.0,1.0,0.9127518585459627,1.0,1.0,1.0,1.0,0.9727349557956133
1724,62dc7352b73b8635d,True,,,,,,,,,,1.0,1.0,1.0,1.0,0.4999520264434555,1.0,1.0,1.0,0.0,0.7187350082635798
1725,80b2e317f6ca277c9,True,,,,,,,,,,1.0,1.0,1.0,1.0,0.3644808989704505,1.0,0.0,1.0,0.0,0.5514002809282658
1726,94fe185f4d4ccc501,True,,,,,,,,,,1.0,1.0,1.0,1.0,0.5833774756328018,1.0,1.0,1.0,1.0,0.8698054611352506
1727,9aae6ea45a3c7efaf,True,,,,,,,,,,1.0,1.0,1.0,1.0,0.7521651252017767,1.0,1.0,1.0,1.0,0.9225516016255553
1728,fed773a2bcad8ee41,True,,,,,,,,,,1.0,1.0,0.0,1.0,1.0,1.0,0.0,1.0,0.0,0.0
1729,e855857341cd72c99,True,,,,,,,,,,1.0,1.0,1.0,1.0,0.7838198038592463,1.0,1.0,1.0,1.0,0.9324436887060145
1730,aedab2f29ef97f26a,True,,,,,,,,,,1.0,0.0,1.0,1.0,0.7750684052707055,1.0,1.0,1.0,1.0,0.0
1731,fa2224428f7eab22f,True,,,,,,,,,,1.0,1.0,1.0,1.0,1.0,1.0,1.0,1.0,1.0,1.0
1732,deb3331dfd3043c59,True,,,,,,,,,,1.0,0.0,1.0,1.0,1.0,1.0,1.0,1.0,0.0,0.0
1733,56c892f39067ffb33,True,,,,,,,,,,1.0,1.0,1.0,1.0,0.8869784443038105,1.0,1.0,1.0,0.0,0.8396807638449408
1734,fb069de5c1aacc9f5,True,,,,,,,,,,1.0,1.0,1.0,1.0,0.24403478200960943,1.0,1.0,1.0,1.0,0.7637608693780029
1735,cc082d08854f64656,True,,,,,,,,,,0.0,1.0,1.0,1.0,1.0,0.0,0.0,1.0,0.0,0.0
1736,d400b7a715f88fcf5,True,,,,,,,,,,1.0,0.0,1.0,1.0,0.14785981604273282,1.0,0.0,1.0,1.0,0.0
1737,08b3cebccffcada58,True,,,,,,,,,,1.0,1.0,1.0,1.0,1.0,1.0,1.0,1.0,1.0,1.0
1738,6eaee379045fa8bd9,True,,,,,,,,,,1.0,1.0,1.0,1.0,0.9715053440496204,1.0,0.0,1.0,0.0,0.7410954200155064
1739,dc83f2167ec7e2ca3,True,,,,,,,,,,0.0,1.0,1.0,1.0,1.0,0.0,0.0,1.0,1.0,0.0
1740,e4dcc4b775028c0f4,True,,,,,,,,,,1.0,1.0,1.0,1.0,0.5726232147786576,1.0,1.0,1.0,0.0,0.7414447546183305
1741,5e3a21657a7371a7a,True,,,,,,,,,,1.0,1.0,0.0,1.0,1.0,1.0,0.0,1.0,1.0,0.0
1742,3cd41195f5d27a4f7,True,,,,,,,,,,1.0,1.0,1.0,1.0,0.13920553680760267,1.0,1.0,1.0,1.0,0.7310017302523758
1743,cac2753c7c7b93847,True,,,,,,,,,,1.0,1.0,0.5,1.0,1.0,1.0,1.0,1.0,1.0,0.5
1744,c598788caa8a8109f,True,,,,,,,,,,1.0,1.0,1.0,1.0,0.3735785219561475,1.0,1.0,1.0,0.0,0.6792432881112961
1745,c3200abf96a354efa,True,,,,,,,,,,1.0,1.0,1.0,1.0,0.1454165722090413,1.0,1.0,1.0,1.0,0.7329426788153254
1746,29a8fd6439b689c2f,True,,,,,,,,,,1.0,1.0,1.0,1.0,0.6335487890587681,1.0,0.0,1.0,1.0,0.760483996580865
1747,1562459800e0a5ba5,True,,,,,,,,,,1.0,1.0,1.0,1.0,0.6964514233464254,1.0,1.0,1.0,1.0,0.9051410697957579
1748,1c719a50f45d2db1e,True,,,,,,,,,,1.0,0.0,1.0,1.0,0.8474538748968496,1.0,1.0,1.0,1.0,0.0
1749,997532ca2ca1c8c42,True,,,,,,,,,,1.0,1.0,1.0,1.0,0.48757491160342087,1.0,1.0,1.0,0.0,0.714867159876069
1750,a1de70408377fb037,True,,,,,,,,,,1.0,1.0,1.0,1.0,0.8281404495537137,1.0,1.0,1.0,1.0,0.9462938904855356
1751,a5cb0e8e1b25b4ad4,True,,,,,,,,,,1.0,1.0,1.0,1.0,0.4303051420119724,1.0,1.0,1.0,1.0,0.8219703568787413
1752,01ad91141d2668de6,True,,,,,,,,,,1.0,1.0,1.0,1.0,1.0,1.0,1.0,1.0,0.0,0.875
1753,d4b7ede155f05dff3,True,,,,,,,,,,1.0,1.0,1.0,1.0,1.0,1.0,0.0,0.0,0.0,0.625
1754,abb500cc3351d897a,True,,,,,,,,,,1.0,1.0,1.0,1.0,0.7351856523178272,1.0,0.0,1.0,1.0,0.7922455163493209
1755,f1e68724beef04f5c,True,,,,,,,,,,1.0,1.0,1.0,1.0,0.7919228720422135,1.0,1.0,1.0,0.0,0.8099758975131917
1756,43a6dc7b51c8d9d06,True,,,,,,,,,,1.0,1.0,1.0,1.0,1.0,1.0,1.0,1.0,1.0,1.0
1757,aee14ef0a789e2911,True,,,,,,,,,,1.0,1.0,0.5,1.0,0.6101351980573805,1.0,1.0,1.0,0.0,0.37658362469646567
1758,5cd73374e1336ce3f,True,,,,,,,,,,1.0,1.0,0.0,1.0,1.0,1.0,0.0,1.0,0.0,0.0
1759,a559541fda572fe81,True,,,,,,,,,,1.0,1.0,1.0,1.0,0.7331179977284802,1.0,1.0,1.0,1.0,0.91659937429015
1760,395c08bc6114b0b9e,True,,,,,,,,,,1.0,1.0,1.0,1.0,0.5777362038375357,1.0,1.0,1.0,0.0,0.7430425636992299
1761,fa8d78f84cd8b7f8c,True,,,,,,,,,,1.0,1.0,1.0,1.0,0.6909857467044552,1.0,0.0,1.0,1.0,0.7784330458451423
1762,bb539282bfa7303c7,True,,,,,,,,,,1.0,1.0,1.0,1.0,1.0,1.0,0.0,1.0,1.0,0.875
1763,f6a13add7d93584e0,True,,,,,,,,,,1.0,1.0,1.0,1.0,0.675116899250039,1.0,1.0,1.0,0.0,0.7734740310156372
1764,085b24e5cde180825,True,,,,,,,,,,0.0,1.0,1.0,1.0,1.0,0.0,0.0,1.0,1.0,0.0
1765,5e9774a9c27631bee,True,,,,,,,,,,1.0,0.0,1.0,1.0,0.5190660823789375,1.0,1.0,1.0,0.0,0.0
1766,b1aefb166ba160b03,True,,,,,,,,,,1.0,1.0,1.0,1.0,0.8772554202335526,1.0,0.0,1.0,1.0,0.8366423188229852
1767,d83d3619e63d183d6,True,,,,,,,,,,1.0,1.0,1.0,1.0,1.0,1.0,1.0,1.0,0.0,0.875
1768,20a8cbfef6940983b,True,,,,,,,,,,1.0,0.0,1.0,1.0,0.47211702269797023,1.0,1.0,1.0,1.0,0.0
1769,a5fd097616c7708db,True,,,,,,,,,,0.0,1.0,1.0,1.0,1.0,0.0,0.0,1.0,1.0,0.0
1770,8f18f5e39ad7208bd,True,,,,,,,,,,1.0,1.0,1.0,1.0,1.0,1.0,0.0,1.0,1.0,0.875
1771,ec57bab7a9c75c4d0,True,,,,,,,,,,1.0,1.0,1.0,1.0,1.0,1.0,0.0,1.0,1.0,0.875
1772,0947aa4445fd336d1,True,,,,,,,,,,1.0,1.0,1.0,1.0,0.8235332015937236,1.0,1.0,1.0,1.0,0.9448541254980386
1773,702b15efbe7996592,True,,,,,,,,,,1.0,1.0,1.0,1.0,0.6908990122982994,1.0,1.0,1.0,1.0,0.9034059413432185
1774,4b9efbcd44942d553,True,,,,,,,,,,1.0,1.0,1.0,1.0,0.5007743548890963,1.0,1.0,1.0,0.0,0.7189919859028426
1775,e125fce6404cad012,True,,,,,,,,,,1.0,1.0,1.0,1.0,0.8272806142715157,1.0,1.0,1.0,0.0,0.8210251919598486
1776,58f8bb6cc7ee41227,True,,,,,,,,,,1.0,1.0,1.0,1.0,0.84973717476382,1.0,1.0,1.0,0.0,0.8280428671136938
1777,6f30da8067d92b503,True,,,,,,,,,,0.0,1.0,1.0,1.0,1.0,0.0,0.0,1.0,0.0,0.0
1778,46b622275a28d1d2d,True,,,,,,,,,,0.0,0.0,1.0,1.0,1.0,0.0,0.0,1.0,1.0,0.0
1779,4447196f3f8f1a9e5,True,,,,,,,,,,1.0,0.0,1.0,1.0,1.0,0.0,0.0,0.0,0.0,0.0
1780,02693119b4e1bacb0,True,,,,,,,,,,1.0,1.0,1.0,1.0,0.4126225755940164,1.0,1.0,1.0,0.0,0.6914445548731301
1781,151d16ac2d96ae161,True,,,,,,,,,,1.0,1.0,1.0,1.0,1.0,1.0,1.0,1.0,1.0,1.0
1782,dda43e7963e96149d,True,,,,,,,,,,1.0,1.0,1.0,1.0,0.4716253599760357,1.0,1.0,1.0,0.0,0.7098829249925112
1783,50f513cc32849ede8,True,,,,,,,,,,1.0,1.0,1.0,1.0,0.8416841313984212,1.0,1.0,1.0,0.0,0.8255262910620067
1784,bcdf9aeebdcada173,True,,,,,,,,,,1.0,1.0,1.0,1.0,0.679954466489868,1.0,0.0,1.0,0.0,0.6499857707780837
1785,f9a60116425308d57,True,,,,,,,,,,1.0,1.0,0.0,1.0,1.0,1.0,0.0,1.0,1.0,0.0
1786,9632710f733828256,True,,,,,,,,,,1.0,1.0,1.0,1.0,0.8630886121691037,1.0,1.0,1.0,1.0,0.9572151913028449
1787,e6d32880a78e81ea9,True,,,,,,,,,,1.0,1.0,1.0,1.0,0.6369858282434301,1.0,0.0,1.0,1.0,0.7615580713260719
1788,ddc382f4a2aa9f33e,True,,,,,,,,,,1.0,1.0,0.0,1.0,1.0,1.0,0.0,1.0,0.0,0.0
1789,6dc61a791e23a0224,True,,,,,,,,,,1.0,1.0,1.0,1.0,0.676706574337445,1.0,1.0,1.0,1.0,0.8989708044804515
1790,7964eadbdbfc7f2a6,True,,,,,,,,,,1.0,1.0,1.0,1.0,0.864508542325237,1.0,1.0,1.0,0.0,0.8326589194766365
1791,2fa5ec5e442e3f499,True,,,,,,,,,,1.0,1.0,1.0,1.0,0.5472051518321939,1.0,1.0,1.0,0.0,0.7335016099475606
1792,99843a353c9918cfd,True,,,,,,,,,,1.0,1.0,1.0,1.0,0.6296120325521838,1.0,1.0,1.0,1.0,0.8842537601725574
1793,7c08e3a9b6ee87717,True,,,,,,,,,,1.0,1.0,1.0,1.0,0.8535722277981481,1.0,1.0,1.0,0.0,0.8292413211869213
1794,792d3420eef5dbc41,True,,,,,,,,,,1.0,1.0,1.0,1.0,0.4311682186415243,1.0,1.0,1.0,0.0,0.6972400683254764
1795,20c10d1762c2f560d,True,,,,,,,,,,1.0,0.0,1.0,1.0,1.0,1.0,0.0,1.0,0.0,0.0
1796,53829d49d04c9df23,True,,,,,,,,,,1.0,0.0,1.0,1.0,0.9586616625065925,1.0,0.0,1.0,1.0,0.0
1797,5e5a2a6c7ddbfc092,True,,,,,,,,,,1.0,0.0,1.0,1.0,0.627712369183078,1.0,1.0,1.0,0.0,0.0
1798,92b72601aef2807d0,True,,,,,,,,,,1.0,1.0,1.0,1.0,0.7490954086848761,1.0,1.0,1.0,1.0,0.9215923152140237
1799,d80a5ecfeec414cd1,True,,,,,,,,,,1.0,1.0,1.0,1.0,0.8076984447511404,1.0,1.0,1.0,1.0,0.9399057639847314
1800,dd0951850bdae5fd8,True,,,,,,,,,,1.0,1.0,1.0,1.0,0.8375096340988804,1.0,1.0,0.0,0.0,0.6992217606559001
1801,444902bbbb7e82af9,True,,,,,,,,,,1.0,1.0,1.0,1.0,0.6878940763896063,1.0,0.0,1.0,1.0,0.7774668988717519
1802,19f59045564664e53,True,,,,,,,,,,1.0,0.0,1.0,1.0,1.0,1.0,0.0,1.0,0.0,0.0
1803,b83cdd77a941b515d,True,,,,,,,,,,1.0,1.0,0.0,1.0,1.0,1.0,0.0,1.0,0.0,0.0
1804,596506940b29ec5c0,True,,,,,,,,,,1.0,1.0,1.0,1.0,0.7072710441824176,1.0,1.0,1.0,1.0,0.9085222013070056
1805,a0dc275ea4b2b9c05,True,,,,,,,,,,1.0,1.0,1.0,1.0,1.0,1.0,1.0,1.0,0.0,0.875
1806,bd799913f5456fbe9,True,,,,,,,,,,1.0,0.0,1.0,1.0,1.0,1.0,1.0,0.0,0.0,0.0
1807,f93b7461f7882ff58,True,,,,,,,,,,1.0,1.0,1.0,1.0,0.6873104377541931,1.0,1.0,1.0,0.0,0.7772845117981854
1808,d9229c0f61c8ff48a,True,,,,,,,,,,1.0,1.0,1.0,1.0,0.04126330818216814,1.0,1.0,1.0,1.0,0.7003947838069275
1809,294074b42621095d5,True,,,,,,,,,,1.0,1.0,1.0,1.0,0.8059358639730319,1.0,0.0,1.0,1.0,0.8143549574915725
1810,4429b647133616c7e,True,,,,,,,,,,1.0,1.0,1.0,1.0,0.9243094082244002,1.0,1.0,1.0,1.0,0.9763466900701251
1811,fa217f69e5273bf53,True,,,,,,,,,,1.0,1.0,1.0,1.0,0.2289652838042823,1.0,1.0,1.0,0.0,0.6340516511888382
1812,168ec5291b8accf12,True,,,,,,,,,,1.0,1.0,1.0,1.0,0.4787506636892571,1.0,1.0,1.0,1.0,0.8371095824028929
1813,be32b597dc6df2a8a,True,,,,,,,,,,1.0,1.0,1.0,1.0,0.4098262916534231,1.0,0.0,1.0,1.0,0.6905707161416947
1814,713ecb5e6f7885bee,True,,,,,,,,,,1.0,1.0,1.0,1.0,1.0,1.0,1.0,1.0,1.0,1.0
1815,50119f57063995e29,True,,,,,,,,,,1.0,1.0,1.0,1.0,1.0,0.0,1.0,0.0,0.0,0.4375
1816,f960c8624d9938147,True,,,,,,,,,,1.0,1.0,0.0,1.0,1.0,1.0,0.0,1.0,0.0,0.0
1817,71c904391b4dd4412,True,,,,,,,,,,1.0,1.0,1.0,1.0,0.7071638723603174,1.0,1.0,1.0,0.0,0.7834887101125991
1818,9e8bcf0ba8fefe716,True,,,,,,,,,,1.0,1.0,1.0,1.0,1.0,1.0,1.0,1.0,1.0,1.0
1819,385a771804ff89676,True,,,,,,,,,,1.0,0.0,1.0,1.0,0.9254927174783145,1.0,0.0,1.0,1.0,0.0
1820,4aa85cd3f686e016d,True,,,,,,,,,,1.0,1.0,1.0,1.0,0.16795113980024498,1.0,0.0,1.0,1.0,0.6149847311875766
1821,3d20ef43bc694566a,True,,,,,,,,,,1.0,1.0,1.0,1.0,1.0,1.0,0.0,1.0,0.0,0.75
1822,dfc4fb3ce45ccca81,True,,,,,,,,,,1.0,0.0,0.0,1.0,1.0,1.0,0.0,1.0,0.0,0.0
1823,036aaebb3ee3a09af,True,,,,,,,,,,1.0,1.0,1.0,1.0,1.0,1.0,0.0,1.0,0.0,0.75
1824,6d0d47e6df17b8442,True,,,,,,,,,,1.0,1.0,1.0,1.0,0.8840276054376551,1.0,1.0,1.0,0.0,0.8387586266992673
1825,ab20f07e685b59761,True,,,,,,,,,,1.0,1.0,1.0,1.0,0.5748468955024716,1.0,1.0,1.0,1.0,0.8671396548445224
1826,b81180657e76ac7aa,True,,,,,,,,,,1.0,1.0,1.0,1.0,0.6140095450637194,1.0,1.0,1.0,1.0,0.8793779828324123
1827,0206d7321fb32894a,True,,,,,,,,,,1.0,1.0,1.0,1.0,0.8442376310210729,1.0,1.0,1.0,0.0,0.8263242596940853
1828,4d2744d7e3bd555b5,True,,,,,,,,,,1.0,1.0,1.0,1.0,0.8627612445484256,1.0,0.0,1.0,1.0,0.832112888921383
1829,35fe984f84deeb76b,True,,,,,,,,,,1.0,1.0,1.0,1.0,0.6192076066025679,1.0,1.0,1.0,1.0,0.8810023770633024
1830,0d82f96df900285cb,True,,,,,,,,,,1.0,1.0,1.0,1.0,0.6504990574230171,1.0,1.0,1.0,1.0,0.8907809554446928
1831,1d631538778b4fffe,True,,,,,,,,,,1.0,1.0,1.0,1.0,0.7104614382897505,1.0,0.0,1.0,0.0,0.659519199465547
1832,08832f5c360f2e9d6,True,,,,,,,,,,0.5,1.0,1.0,1.0,1.0,0.0,1.0,1.0,1.0,0.34375
1833,5ac7230087ab9e9cc,True,,,,,,,,,,1.0,1.0,0.0,1.0,1.0,1.0,0.0,1.0,0.0,0.0
1834,2afbbdc8bf9e5efe2,True,,,,,,,,,,0.0,1.0,1.0,1.0,1.0,0.0,0.0,1.0,0.0,0.0
1835,9b28f2e81fd405453,True,,,,,,,,,,1.0,1.0,0.5,1.0,0.5158184920779413,1.0,1.0,1.0,1.0,0.4243466393871783
1836,630694a2f5646413d,True,,,,,,,,,,1.0,1.0,0.0,1.0,1.0,1.0,0.0,1.0,1.0,0.0
1837,37501de016a2976a7,True,,,,,,,,,,1.0,1.0,1.0,1.0,0.902861780015846,1.0,1.0,1.0,1.0,0.9696443062549519
1838,c379f5f53ec8ac236,True,,,,,,,,,,1.0,1.0,1.0,1.0,1.0,1.0,0.0,1.0,1.0,0.875
1839,bccac7c12e34ccda7,True,,,,,,,,,,1.0,1.0,1.0,1.0,0.8768256533079856,1.0,1.0,1.0,1.0,0.9615080166587455
1840,fe05597461d3229f2,True,,,,,,,,,,1.0,0.0,1.0,1.0,0.6544564604079,1.0,0.0,1.0,0.0,0.0
1841,bc4f98185e46d819e,True,,,,,,,,,,1.0,1.0,0.5,1.0,1.0,1.0,1.0,1.0,1.0,0.5
1842,7128f87176a382be0,True,,,,,,,,,,0.0,1.0,1.0,1.0,1.0,0.0,1.0,1.0,0.0,0.0
1843,583b2af0de861778c,True,,,,,,,,,,1.0,1.0,0.5,1.0,1.0,1.0,0.0,1.0,0.0,0.375
1844,83daac46cb68fabb0,True,,,,,,,,,,1.0,1.0,1.0,1.0,0.6634947292569955,1.0,1.0,1.0,0.0,0.7698421028928111
1845,297ba1c65109e01ba,True,,,,,,,,,,1.0,1.0,1.0,1.0,0.26961276059650374,1.0,1.0,0.0,0.0,0.5217539876864075
1846,bf717edbbf1c0b8db,True,,,,,,,,,,1.0,1.0,0.0,1.0,1.0,1.0,0.0,1.0,0.0,0.0
1847,bd51b4ed9e85eff41,True,,,,,,,,,,0.0,1.0,1.0,1.0,1.0,0.0,0.0,1.0,0.0,0.0
1848,1738de90a4b9b6de0,True,,,,,,,,,,1.0,1.0,1.0,1.0,0.9775871911404593,1.0,1.0,1.0,0.0,0.8679959972313935
1849,2ffcefe9968b81e13,True,,,,,,,,,,1.0,1.0,0.5,1.0,0.5319288394267755,1.0,0.0,1.0,0.0,0.30186388116043367
1850,e2575892f97539fa7,True,,,,,,,,,,1.0,0.0,1.0,1.0,1.0,1.0,1.0,1.0,1.0,0.0
1851,38a3f728f0878e6c6,True,,,,,,,,,,0.0,1.0,1.0,0.0,1.0,0.0,0.0,1.0,0.0,0.0
1852,2ae5b4d91dcfac803,True,,,,,,,,,,0.0,1.0,1.0,1.0,1.0,0.0,0.0,1.0,1.0,0.0
1853,7904bcffe314d0056,True,,,,,,,,,,1.0,0.0,1.0,1.0,1.0,1.0,1.0,0.0,0.0,0.0
1854,c833d5b0fc76fdd86,True,,,,,,,,,,1.0,1.0,1.0,1.0,0.570403154543027,1.0,1.0,1.0,0.0,0.7407509857946959
1855,3be7098579628f9d1,True,,,,,,,,,,0.0,1.0,1.0,1.0,1.0,0.0,1.0,1.0,1.0,0.0
1856,403fbd9b66d2c8d5f,True,,,,,,,,,,1.0,0.0,1.0,1.0,1.0,1.0,0.0,0.0,0.0,0.0
1857,142f665559387e2c2,True,,,,,,,,,,1.0,1.0,1.0,1.0,0.2877486864107655,1.0,1.0,1.0,0.0,0.6524214645033642
1858,ae42ff25d7ab0442f,True,,,,,,,,,,1.0,1.0,1.0,1.0,0.13530022204996525,1.0,0.0,1.0,0.0,0.47978131939061414
1859,cb9eb4dbe16a93d2e,True,,,,,,,,,,1.0,1.0,1.0,1.0,0.0830643158106585,1.0,1.0,1.0,1.0,0.7134575986908308
1860,9d4b20553cbf06af4,True,,,,,,,,,,1.0,1.0,1.0,1.0,0.6392149245505939,1.0,1.0,1.0,0.0,0.7622546639220606
1861,de42e07d2e34faed5,True,,,,,,,,,,1.0,1.0,1.0,1.0,0.6079971425662044,1.0,0.0,1.0,0.0,0.6274991070519389
1862,8f284d670d5b623bf,True,,,,,,,,,,1.0,0.0,1.0,1.0,0.971347233612618,1.0,1.0,1.0,1.0,0.0
1863,5c1c76ff6dae6f388,True,,,,,,,,,,1.0,1.0,1.0,1.0,1.0,1.0,0.0,1.0,1.0,0.875
1864,15f652f1382299b99,True,,,,,,,,,,1.0,1.0,0.5,1.0,1.0,1.0,0.0,1.0,0.0,0.375
1865,41772b779157e530a,True,,,,,,,,,,1.0,1.0,1.0,1.0,0.602052595878072,1.0,0.0,1.0,1.0,0.7506414362118975
1866,0389a1afc56cd9768,True,,,,,,,,,,1.0,1.0,1.0,1.0,0.8311324234132164,1.0,0.0,1.0,1.0,0.8222288823166302
1867,165e39945068ad586,True,,,,,,,,,,1.0,1.0,1.0,1.0,0.8989696615904379,1.0,1.0,1.0,1.0,0.9684280192470118
1868,52998366db81d0fca,True,,,,,,,,,,1.0,1.0,1.0,1.0,0.7710261212031583,1.0,1.0,1.0,1.0,0.928445662875987
1869,a34d3365f758f1c85,True,,,,,,,,,,1.0,1.0,1.0,1.0,0.7000693536490973,1.0,0.0,1.0,0.0,0.6562716730153428
1870,b3ef71b2c228693bd,True,,,,,,,,,,1.0,1.0,1.0,1.0,0.8358105020184463,1.0,1.0,1.0,0.0,0.8236907818807645
1871,a20d11131b97593ab,True,,,,,,,,,,1.0,1.0,1.0,1.0,0.8362742937750111,1.0,0.0,1.0,1.0,0.823835716804691
1872,ba6dae21cadca949f,True,,,,,,,,,,1.0,1.0,1.0,1.0,1.0,1.0,1.0,1.0,1.0,1.0
1873,e42fb75cf07b74514,True,,,,,,,,,,1.0,1.0,1.0,1.0,0.5760552445098323,1.0,1.0,1.0,1.0,0.8675172639093226
1874,d44eb346043c78d47,True,,,,,,,,,,1.0,0.0,0.0,1.0,1.0,1.0,0.0,0.0,0.0,0.0
1875,de6c242bf7dbf68eb,True,,,,,,,,,,1.0,1.0,1.0,1.0,0.5421411842082324,1.0,0.0,1.0,1.0,0.7319191200650726
1876,8eddcff969b67fe18,True,,,,,,,,,,1.0,1.0,1.0,1.0,0.22421341368704228,1.0,1.0,1.0,0.0,0.6325666917772007
1877,5806dc63fc6e3cad9,True,,,,,,,,,,1.0,1.0,1.0,1.0,0.7527630996108835,1.0,0.0,1.0,1.0,0.797738468628401
1878,8a8e36fc6f3133ab1,True,,,,,,,,,,1.0,1.0,1.0,1.0,0.3170240060206046,1.0,0.0,1.0,1.0,0.661570001881439
1879,03777a197c96bea9d,True,,,,,,,,,,1.0,1.0,1.0,1.0,0.6794327487518224,1.0,1.0,1.0,1.0,0.8998227339849445
1880,f5ffbc82e55558f49,True,,,,,,,,,,1.0,0.0,1.0,1.0,0.7049440925990197,1.0,0.0,1.0,0.0,0.0
1881,f6d1ce467bb8ef333,True,,,,,,,,,,1.0,1.0,1.0,1.0,0.5454336855951007,1.0,1.0,1.0,0.0,0.7329480267484689
1882,a8591c7d6a4f149f2,True,,,,,,,,,,1.0,1.0,1.0,1.0,0.9371372967397269,1.0,0.0,1.0,0.0,0.7303554052311647
1883,fde62db47c2545623,True,,,,,,,,,,1.0,1.0,1.0,1.0,0.6176455058331303,1.0,1.0,1.0,1.0,0.8805142205728532
1884,9f30b4f8547cd991f,True,,,,,,,,,,0.0,1.0,1.0,0.0,1.0,0.0,1.0,1.0,1.0,0.0
1885,db7100201c9cbe2f6,True,,,,,,,,,,1.0,0.0,1.0,1.0,0.618273025725896,1.0,1.0,1.0,1.0,0.0
1886,b68951cab847f0bf5,True,,,,,,,,,,0.0,1.0,0.0,1.0,1.0,0.0,0.0,1.0,0.0,0.0
1887,13f2d7e9ace73e420,True,,,,,,,,,,0.0,1.0,1.0,1.0,1.0,0.0,0.0,1.0,1.0,0.0
1888,dbfff1a4f70af53a6,True,,,,,,,,,,1.0,0.0,1.0,0.0,1.0,1.0,0.0,1.0,1.0,0.0
1889,a66365f9db94531ab,True,,,,,,,,,,1.0,1.0,1.0,1.0,0.5012095506811823,1.0,0.0,1.0,0.0,0.5941279845878695
1890,04d4f1277557232ce,True,,,,,,,,,,1.0,0.0,1.0,1.0,1.0,1.0,0.0,1.0,0.0,0.0
1891,552b5ed253cfd2ed4,True,,,,,,,,,,1.0,1.0,1.0,1.0,0.9935397392500616,1.0,0.0,1.0,1.0,0.8729811685156442
1892,b83ed44f0a4151018,True,,,,,,,,,,1.0,1.0,1.0,1.0,1.0,1.0,1.0,1.0,0.0,0.875
1893,946b593648412d83c,True,,,,,,,,,,1.0,1.0,1.0,1.0,1.0,1.0,1.0,1.0,1.0,1.0
1894,159be5a151baf8f5b,True,,,,,,,,,,1.0,0.0,0.5,1.0,1.0,1.0,0.0,1.0,0.0,0.0
1895,2f70249e5e3153c88,True,,,,,,,,,,1.0,1.0,1.0,1.0,0.7351626972162367,1.0,0.0,1.0,1.0,0.792238342880074
1896,7442542b3671c78bc,True,,,,,,,,,,1.0,1.0,1.0,1.0,0.7180072500831292,1.0,1.0,1.0,1.0,0.9118772656509779
1897,36a59107f58b13a57,True,,,,,,,,,,1.0,0.0,1.0,1.0,0.5464027342477303,1.0,0.0,1.0,1.0,0.0
1898,eadba795c4950544f,True,,,,,,,,,,1.0,1.0,1.0,1.0,0.6475883893644185,1.0,1.0,1.0,1.0,0.8898713716763809
1899,a4f24e691930789eb,True,,,,,,,,,,1.0,1.0,1.0,1.0,1.0,1.0,1.0,1.0,1.0,1.0
1900,a4e64fbb3636ad2e6,True,,,,,,,,,,1.0,1.0,1.0,1.0,0.8324879795044566,1.0,0.0,1.0,1.0,0.8226524935951427
1901,f7e01b97b6868da57,True,,,,,,,,,,1.0,1.0,1.0,1.0,1.0,1.0,0.0,1.0,1.0,0.875
1902,85dc9224d8159ff88,True,,,,,,,,,,1.0,0.0,1.0,1.0,0.5160664831333169,1.0,0.0,0.0,0.0,0.0
1903,83e0eefcee219247b,True,,,,,,,,,,1.0,1.0,1.0,1.0,0.6105063359461947,1.0,1.0,1.0,1.0,0.8782832299831859
1904,bfd4cb9e2a8bebc15,True,,,,,,,,,,1.0,1.0,1.0,1.0,0.765965853225616,1.0,0.0,1.0,0.0,0.676864329133005
1905,2ad6d15da5c47d1be,True,,,,,,,,,,1.0,1.0,1.0,1.0,0.6800771146744736,1.0,1.0,1.0,1.0,0.900024098335773
1906,0a9a4ef68cc4ce8b2,True,,,,,,,,,,1.0,1.0,1.0,1.0,1.0,1.0,1.0,1.0,0.0,0.875
1907,431df46346088a1de,True,,,,,,,,,,1.0,1.0,1.0,1.0,0.6228015106827632,1.0,1.0,1.0,1.0,0.8821254720883636
1908,774a05df3c1512cac,True,,,,,,,,,,1.0,1.0,1.0,1.0,0.5662295013927624,1.0,1.0,1.0,1.0,0.8644467191852383
1909,a2ebc2aec41ccbb33,True,,,,,,,,,,1.0,1.0,1.0,1.0,0.36209686360136095,1.0,1.0,1.0,0.0,0.6756552698754252
1910,2fb8e40dec69f26c4,True,,,,,,,,,,1.0,1.0,1.0,1.0,0.960743958705843,1.0,0.0,1.0,0.0,0.7377324870955759
1911,00caf7c273c7d5065,True,,,,,,,,,,1.0,1.0,1.0,1.0,0.9921699333721913,1.0,1.0,1.0,1.0,0.9975531041788097
1912,c23afa5ae384dc837,True,,,,,,,,,,1.0,1.0,1.0,1.0,1.0,1.0,1.0,1.0,1.0,1.0
1913,461b3554166aa0d6f,True,,,,,,,,,,1.0,0.0,1.0,1.0,1.0,1.0,0.0,0.0,0.0,0.0
1914,ecd4cf358c244bf21,True,,,,,,,,,,0.5,0.0,1.0,1.0,1.0,0.0,1.0,1.0,0.0,0.0
1915,f822b7fedd599ccea,True,,,,,,,,,,1.0,1.0,1.0,1.0,0.993784254710858,1.0,0.0,1.0,0.0,0.7480575795971431
1916,38243f89c66ef146f,True,,,,,,,,,,1.0,0.0,1.0,1.0,0.8865840990029379,1.0,0.0,1.0,0.0,0.0
1917,cb891ab8f0c9f0ffc,True,,,,,,,,,,1.0,1.0,1.0,1.0,0.8411452520779545,1.0,0.0,1.0,1.0,0.8253578912743608
1918,5b406458d7f722fb2,True,,,,,,,,,,1.0,1.0,1.0,1.0,0.6804761946218625,1.0,0.0,1.0,1.0,0.7751488108193321
1919,995a5ceaca13fa6a0,True,,,,,,,,,,1.0,0.0,1.0,1.0,1.0,1.0,0.0,1.0,0.0,0.0
1920,32a0c7a629ebabc37,True,,,,,,,,,,1.0,1.0,1.0,0.0,1.0,1.0,1.0,1.0,1.0,0.0
1921,2676c3c7286b4756a,True,,,,,,,,,,1.0,1.0,1.0,1.0,0.5193610287492973,1.0,1.0,1.0,0.0,0.7248003214841554
1922,0dd1d00f6d1725ec3,True,,,,,,,,,,1.0,1.0,1.0,1.0,1.0,1.0,1.0,1.0,0.0,0.875
1923,c9502401d0ae63498,True,,,,,,,,,,1.0,0.0,1.0,1.0,1.0,1.0,1.0,1.0,0.0,0.0
1924,35f03ec2d26d4c3df,True,,,,,,,,,,0.0,0.0,0.5,1.0,1.0,0.0,0.0,1.0,0.0,0.0
1925,41c255d09766b4099,True,,,,,,,,,,0.0,1.0,0.5,1.0,1.0,0.0,0.0,1.0,1.0,0.0
1926,c1c2f041cb05320b6,True,,,,,,,,,,1.0,1.0,0.5,1.0,1.0,1.0,0.0,1.0,1.0,0.4375
1927,81745b0b8691480d6,True,,,,,,,,,,1.0,1.0,1.0,1.0,0.7029084567596529,1.0,1.0,1.0,0.0,0.7821588927373915
1928,2931dbf8882478baa,True,,,,,,,,,,1.0,0.0,1.0,1.0,1.0,1.0,0.0,1.0,0.0,0.0
1929,a752f273da4956217,True,,,,,,,,,,0.0,1.0,1.0,1.0,1.0,0.0,1.0,1.0,1.0,0.0
1930,55803d7542740813d,True,,,,,,,,,,1.0,1.0,0.0,1.0,1.0,1.0,0.0,1.0,1.0,0.0
1931,e1ef0211a91fc5373,True,,,,,,,,,,1.0,0.0,1.0,1.0,1.0,1.0,1.0,1.0,1.0,0.0
1932,d9ae5adb158047d47,True,,,,,,,,,,1.0,1.0,1.0,1.0,0.8790973074006484,1.0,0.0,1.0,0.0,0.7122179085627026
1933,01939f050c164b6c4,True,,,,,,,,,,1.0,1.0,1.0,1.0,1.0,1.0,0.0,1.0,0.0,0.75
1934,aae1be1d1482069d0,True,,,,,,,,,,1.0,1.0,1.0,1.0,1.0,0.0,1.0,1.0,1.0,0.6875
1935,c1bf650dac02cb0f8,True,,,,,,,,,,1.0,1.0,1.0,1.0,1.0,1.0,1.0,1.0,1.0,1.0
1936,19a22a2c5501797dc,True,,,,,,,,,,1.0,1.0,1.0,1.0,0.8009074328824507,1.0,1.0,1.0,0.0,0.8127835727757659
1937,bf56b1e490af51e25,True,,,,,,,,,,1.0,1.0,1.0,1.0,0.06583316248836028,1.0,0.0,1.0,0.0,0.4580728632776126
1938,2bf48c9a1af27a0a1,True,,,,,,,,,,1.0,1.0,1.0,1.0,0.6113327754232332,1.0,1.0,1.0,1.0,0.8785414923197603
1939,6d7d0467feb2787ea,True,,,,,,,,,,1.0,1.0,1.0,1.0,0.7374516503627224,1.0,0.0,1.0,0.0,0.6679536407383507
1940,4eb62ff777df6de35,True,,,,,,,,,,1.0,1.0,1.0,1.0,0.5495583386016292,1.0,0.0,1.0,1.0,0.7342369808130091
1941,2886484dc5237f884,True,,,,,,,,,,1.0,1.0,1.0,1.0,0.7330112296862312,1.0,1.0,1.0,1.0,0.9165660092769472
1942,e987a00eb520c3af5,True,,,,,,,,,,1.0,1.0,1.0,1.0,0.7516515722131792,1.0,1.0,1.0,1.0,0.9223911163166185
1943,f12a7ee18a123034b,True,,,,,,,,,,1.0,1.0,1.0,1.0,1.0,1.0,1.0,1.0,1.0,1.0
1944,618e08d8da0ee9129,True,,,,,,,,,,0.0,1.0,1.0,1.0,1.0,0.0,1.0,1.0,0.0,0.0
1945,1b0a591d6b3ec8ee1,True,,,,,,,,,,1.0,1.0,1.0,1.0,0.8874352014620119,1.0,1.0,1.0,1.0,0.9648235004568787
1946,9a7f43d4720b544da,True,,,,,,,,,,1.0,1.0,1.0,1.0,1.0,1.0,1.0,1.0,0.0,0.875
1947,0e893b68e326d1c97,True,,,,,,,,,,1.0,1.0,1.0,1.0,0.7563829622122406,1.0,1.0,1.0,0.0,0.7988696756913252
1948,3fc80f9e72ac43027,True,,,,,,,,,,1.0,0.0,1.0,1.0,0.505196159136992,1.0,0.0,1.0,0.0,0.0
1949,d5cbf126369d32fdf,True,,,,,,,,,,1.0,1.0,1.0,1.0,1.0,1.0,1.0,1.0,0.0,0.875
1950,9a546e8b85e191da8,True,,,,,,,,,,1.0,1.0,1.0,1.0,1.0,1.0,1.0,1.0,1.0,1.0
1951,2917a71e0e9572784,True,,,,,,,,,,1.0,1.0,1.0,1.0,0.9220635511013056,1.0,0.0,1.0,1.0,0.850644859719158
1952,f228148d75c9d3b09,True,,,,,,,,,,1.0,1.0,1.0,1.0,0.6483447879489113,1.0,1.0,1.0,1.0,0.8901077462340348
1953,59873106299ffb94f,True,,,,,,,,,,1.0,1.0,1.0,1.0,0.7978751443171583,0.0,0.0,1.0,1.0,0.499335982599112
1954,7d44659c706a23779,True,,,,,,,,,,0.0,1.0,1.0,1.0,1.0,0.0,0.0,1.0,1.0,0.0
1955,891a4a3fda5ecaf08,True,,,,,,,,,,1.0,0.0,1.0,1.0,1.0,0.0,0.0,1.0,0.0,0.0
1956,ca4b53e32b7f4aedf,True,,,,,,,,,,1.0,1.0,1.0,1.0,0.6337845019755425,1.0,0.0,1.0,1.0,0.760557656867357
1957,f705ea7622e27d209,True,,,,,,,,,,0.0,1.0,1.0,1.0,0.918573801821045,0.0,0.0,1.0,1.0,0.0
1958,2f1ef51a33585046a,True,,,,,,,,,,1.0,1.0,1.0,1.0,1.0,1.0,0.0,1.0,1.0,0.875
1959,b8b2aad7145d418e5,True,,,,,,,,,,1.0,1.0,1.0,1.0,0.6861028893577402,1.0,1.0,1.0,1.0,0.9019071529242938
1960,5f9c9346ee3131354,True,,,,,,,,,,0.0,1.0,1.0,1.0,1.0,0.0,0.0,1.0,1.0,0.0
1961,7ce8dbee04817c7de,True,,,,,,,,,,1.0,0.0,1.0,1.0,0.8193820245305828,1.0,0.0,1.0,0.0,0.0
1962,67ceda29f620bb598,True,,,,,,,,,,1.0,1.0,1.0,1.0,1.0,1.0,1.0,1.0,0.0,0.875
1963,bf1cc9724e9048572,True,,,,,,,,,,1.0,1.0,1.0,1.0,0.6677236632032488,1.0,0.0,1.0,1.0,0.7711636447510153
1964,733f274e5e937aae5,True,,,,,,,,,,0.0,1.0,0.0,1.0,1.0,0.0,0.0,1.0,0.0,0.0
1965,548f3a3e3c14a9e80,True,,,,,,,,,,1.0,1.0,0.0,1.0,1.0,1.0,0.0,1.0,0.0,0.0
1966,9bd2024518849085f,True,,,,,,,,,,1.0,0.0,0.0,1.0,0.7712309934150908,1.0,0.0,1.0,0.0,0.0
1967,558bb29151a7f95b1,True,,,,,,,,,,0.0,1.0,1.0,1.0,1.0,0.0,0.0,1.0,0.0,0.0
1968,7fd931e169ce1f227,True,,,,,,,,,,1.0,1.0,1.0,1.0,0.797793680141584,1.0,0.0,1.0,1.0,0.811810525044245
1969,1dc510be8e058122d,True,,,,,,,,,,1.0,1.0,1.0,1.0,0.6683077518347277,1.0,1.0,1.0,1.0,0.8963461724483524
1970,0fc3bc1b7fce2461a,True,,,,,,,,,,1.0,1.0,1.0,1.0,0.8435704496692897,1.0,0.0,1.0,1.0,0.8261157655216531
1971,d5638ab82149e235f,True,,,,,,,,,,1.0,1.0,1.0,1.0,0.6761631637874309,1.0,1.0,1.0,0.0,0.7738009886835722
1972,20f4af07bc30fb4fd,True,,,,,,,,,,1.0,1.0,1.0,1.0,0.74086527963152,1.0,1.0,1.0,1.0,0.9190203998848501
1973,8b6ef443197adad55,True,,,,,,,,,,1.0,0.0,1.0,1.0,1.0,1.0,1.0,1.0,0.0,0.0
1974,c69efd29d5a9049e3,True,,,,,,,,,,1.0,1.0,1.0,1.0,1.0,1.0,1.0,1.0,1.0,1.0
1975,661923b68a72445aa,True,,,,,,,,,,1.0,1.0,1.0,1.0,0.6291442423867125,1.0,1.0,1.0,0.0,0.7591075757458476
1976,a5dae75091c9d8f94,True,,,,,,,,,,1.0,0.0,1.0,1.0,1.0,1.0,0.0,1.0,1.0,0.0
1977,a8066d7e843deda8f,True,,,,,,,,,,1.0,1.0,1.0,1.0,0.4176254696834597,1.0,1.0,1.0,0.0,0.6930079592760812
1978,4189825e20758be70,True,,,,,,,,,,1.0,1.0,1.0,1.0,0.6618278486519268,1.0,1.0,1.0,0.0,0.7693212027037271
1979,5a0a989dc5a853c97,True,,,,,,,,,,1.0,1.0,1.0,1.0,0.23063563518543803,1.0,0.0,1.0,1.0,0.6345736359954494
1980,ee370f6df7c0912be,True,,,,,,,,,,1.0,1.0,1.0,1.0,1.0,1.0,1.0,1.0,1.0,1.0
1981,6b8ebd7a081ffa425,True,,,,,,,,,,1.0,1.0,0.5,1.0,1.0,1.0,0.0,1.0,0.0,0.375
1982,fb487048e0748febd,True,,,,,,,,,,1.0,1.0,1.0,1.0,0.5288594556885073,1.0,0.0,1.0,0.0,0.6027685799026585
1983,c2aa1b724cefce8f0,True,,,,,,,,,,0.0,0.0,1.0,1.0,1.0,0.0,0.0,1.0,1.0,0.0
1984,c107f7eeb5856c0bf,True,,,,,,,,,,1.0,1.0,0.0,1.0,0.93870868605046,1.0,0.0,1.0,0.0,0.0
1985,5717f95b78bfe233e,True,,,,,,,,,,1.0,1.0,1.0,1.0,1.0,1.0,1.0,1.0,0.0,0.875
1986,2328dbb272ccbb947,True,,,,,,,,,,1.0,1.0,1.0,1.0,0.9719127204977662,1.0,0.0,1.0,1.0,0.8662227251555519
1987,d8e3174dae4ece006,True,,,,,,,,,,1.0,0.0,1.0,1.0,0.7335237405626326,1.0,0.0,1.0,0.0,0.0
1988,14a48836a583fe310,True,,,,,,,,,,1.0,1.0,1.0,1.0,0.7110644232346044,1.0,0.0,1.0,1.0,0.7847076322608139
1989,fcdbf5378a4eecdc5,True,,,,,,,,,,1.0,1.0,1.0,1.0,0.2952128173074641,1.0,1.0,1.0,1.0,0.7797540054085825
1990,824d8ba46202fe8eb,True,,,,,,,,,,1.0,1.0,1.0,1.0,0.9099748905040109,1.0,1.0,1.0,1.0,0.9718671532825034
1991,1f91f3523e536e074,True,,,,,,,,,,1.0,1.0,1.0,1.0,0.9220236486357563,1.0,1.0,1.0,0.0,0.8506323901986739
1992,69983915889fb6856,True,,,,,,,,,,1.0,1.0,1.0,1.0,0.6295773324805499,1.0,0.0,1.0,0.0,0.6342429164001718
1993,802f2dcbc798db1bd,True,,,,,,,,,,1.0,0.0,1.0,1.0,1.0,1.0,0.0,0.0,0.0,0.0
1994,4a1669fb6d9debfb0,True,,,,,,,,,,1.0,1.0,0.5,1.0,0.8871785533859433,1.0,1.0,1.0,0.0,0.41987164896655366
1995,9c091b0cc6c49fd2a,True,,,,,,,,,,1.0,1.0,1.0,1.0,0.2613912721354202,1.0,1.0,0.0,0.0,0.5191847725423189
1996,8add9070020c81cb2,True,,,,,,,,,,0.0,1.0,1.0,1.0,1.0,0.0,0.0,1.0,0.0,0.0
1997,66582437b06794318,True,,,,,,,,,,1.0,1.0,0.0,1.0,1.0,0.0,1.0,0.0,0.0,0.0
1998,33bdd00b087ff8b4e,True,,,,,,,,,,1.0,0.0,1.0,1.0,0.5292829211713811,1.0,1.0,1.0,1.0,0.0
1999,e2c6d877481b28f7e,True,,,,,,,,,,0.0,1.0,1.0,1.0,1.0,0.0,0.0,1.0,0.0,0.0
2000,7837a188fc6d747f2,True,,,,,,,,,,1.0,1.0,1.0,1.0,1.0,1.0,1.0,1.0,0.0,0.875
2001,9c849c1f3da3d7ffa,True,,,,,,,,,,1.0,1.0,1.0,1.0,0.4289539064157817,1.0,1.0,1.0,0.0,0.6965480957549317
2002,2c6298b7b191f9461,True,,,,,,,,,,1.0,1.0,1.0,1.0,1.0,1.0,1.0,1.0,1.0,1.0
2003,7036ba346c7d2824b,True,,,,,,,,,,1.0,0.0,0.5,1.0,1.0,1.0,0.0,1.0,1.0,0.0
2004,fb2b568b2a055b83c,True,,,,,,,,,,1.0,1.0,1.0,1.0,0.7009582533587259,1.0,1.0,1.0,1.0,0.9065494541746019
2005,de5c3636623914b49,True,,,,,,,,,,1.0,1.0,0.0,1.0,1.0,1.0,0.0,1.0,0.0,0.0
2006,cac389eb6249d6874,True,,,,,,,,,,1.0,1.0,1.0,1.0,1.0,1.0,0.0,1.0,1.0,0.875
2007,705844c20fec39ce6,True,,,,,,,,,,1.0,1.0,1.0,1.0,0.627004050576772,1.0,1.0,1.0,0.0,0.7584387658052413
2008,b83c30081d33ba2dd,True,,,,,,,,,,1.0,1.0,1.0,1.0,0.8340968996719924,1.0,1.0,1.0,1.0,0.9481552811474976
2009,47349a858e8660e9e,True,,,,,,,,,,0.0,1.0,1.0,1.0,1.0,0.0,1.0,1.0,1.0,0.0
2010,9e017dbb384c3b2b8,True,,,,,,,,,,1.0,1.0,1.0,1.0,1.0,1.0,1.0,1.0,0.0,0.875
2011,8cb5e32c7adc0ee45,True,,,,,,,,,,0.0,1.0,1.0,1.0,1.0,0.0,1.0,1.0,1.0,0.0
2012,4a6cfd874f908500b,True,,,,,,,,,,1.0,1.0,0.5,1.0,0.6631154880307316,1.0,0.0,1.0,1.0,0.38486179500480183
2013,3965541eb07d065e9,True,,,,,,,,,,0.0,1.0,1.0,1.0,1.0,0.0,1.0,1.0,0.0,0.0
2014,a43ef1df0d28a30db,True,,,,,,,,,,0.0,1.0,1.0,1.0,1.0,0.0,0.0,1.0,1.0,0.0
2015,9b4e2ae84afe8c832,True,,,,,,,,,,1.0,1.0,1.0,1.0,0.710561384438104,1.0,1.0,1.0,1.0,0.9095504326369075
2016,d259b8e83d8d206fe,True,,,,,,,,,,1.0,1.0,1.0,1.0,1.0,1.0,0.0,1.0,1.0,0.875
2017,2c253de40b51a352a,True,,,,,,,,,,1.0,1.0,1.0,1.0,0.3876257712664724,1.0,1.0,1.0,0.0,0.6836330535207726
2018,efd620a9103f0ef3f,True,,,,,,,,,,1.0,1.0,1.0,1.0,1.0,1.0,1.0,1.0,1.0,1.0
2019,9852fe25aea4c5db3,True,,,,,,,,,,1.0,1.0,1.0,1.0,0.8442859770828929,1.0,0.0,1.0,0.0,0.701339367838404
2020,5e5905ae1266bc1cb,True,,,,,,,,,,1.0,1.0,1.0,1.0,0.8157128300765761,1.0,1.0,1.0,1.0,0.9424102593989301
2021,cf6204044bf64f9d2,True,,,,,,,,,,1.0,1.0,1.0,1.0,0.08942010138473698,1.0,1.0,1.0,1.0,0.7154437816827304
2022,0b1c3be99252f24af,True,,,,,,,,,,1.0,0.0,1.0,1.0,1.0,1.0,1.0,1.0,0.0,0.0
2023,56e93c94aeafcbe6b,True,,,,,,,,,,1.0,1.0,1.0,1.0,0.902788801967525,1.0,0.0,1.0,0.0,0.7196215006148515
2024,ff916ad047eb525de,True,,,,,,,,,,1.0,1.0,1.0,1.0,0.6881973978257957,1.0,1.0,1.0,0.0,0.7775616868205611
2025,aee8a0b219134ae2b,True,,,,,,,,,,1.0,1.0,1.0,1.0,0.6904603465333314,1.0,0.0,1.0,1.0,0.7782688582916661
2026,27d64cbd86e07452b,True,,,,,,,,,,0.0,1.0,1.0,0.0,1.0,0.0,1.0,1.0,0.0,0.0
2027,0b444583aebb693a7,True,,,,,,,,,,1.0,1.0,1.0,1.0,1.0,1.0,1.0,1.0,0.0,0.875
2028,de6d8849e57d7258f,True,,,,,,,,,,1.0,1.0,1.0,1.0,0.7743674362454579,1.0,0.0,1.0,1.0,0.8044898238267055
2029,dabeaa21a655424eb,True,,,,,,,,,,1.0,1.0,1.0,1.0,0.4656483552671401,1.0,1.0,1.0,0.0,0.7080151110209812
2030,71965da4aff01d13c,True,,,,,,,,,,1.0,1.0,1.0,1.0,0.7843579038495319,1.0,1.0,1.0,0.0,0.8076118449529788
2031,c28452cccc45f49a1,True,,,,,,,,,,1.0,1.0,1.0,1.0,1.0,1.0,1.0,1.0,1.0,1.0
2032,cf9851f86105d9f8c,True,,,,,,,,,,1.0,1.0,1.0,1.0,0.8043635066918898,1.0,0.0,1.0,0.0,0.6888635958412156
2033,5907808b0fa7fc555,True,,,,,,,,,,1.0,1.0,1.0,1.0,0.6313761424148822,1.0,1.0,1.0,1.0,0.8848050445046507
2034,c58481114df532967,True,,,,,,,,,,1.0,1.0,1.0,1.0,0.6346447940943968,1.0,1.0,1.0,1.0,0.885826498154499
2035,4930cf1a642d2c66b,True,,,,,,,,,,1.0,1.0,1.0,1.0,1.0,0.0,1.0,1.0,0.0,0.5625
2036,ebc9bb73d92a43a32,True,,,,,,,,,,1.0,1.0,1.0,1.0,0.901337884606891,1.0,1.0,1.0,0.0,0.8441680889396534
2037,c25117617d76189c0,True,,,,,,,,,,1.0,0.0,1.0,1.0,1.0,1.0,1.0,1.0,0.0,0.0
2038,da5a71cf5abef95d8,True,,,,,,,,,,1.0,1.0,1.0,1.0,0.7956630438246243,1.0,0.0,1.0,1.0,0.8111447011951951
2039,d3fd9caab2859cfd1,True,,,,,,,,,,1.0,1.0,0.0,1.0,1.0,1.0,0.0,1.0,1.0,0.0
2040,1875ccbefe8233a69,True,,,,,,,,,,1.0,1.0,1.0,1.0,0.18120128306422342,1.0,1.0,1.0,0.0,0.6191254009575698
2041,07c7971b452106335,True,,,,,,,,,,1.0,1.0,1.0,1.0,0.46159406379599044,1.0,1.0,1.0,0.0,0.706748144936247
2042,17416a9c9123b7bc1,True,,,,,,,,,,1.0,1.0,1.0,1.0,0.9433750782190662,1.0,1.0,1.0,1.0,0.9823047119434583
2043,055b2b04eb387aadb,True,,,,,,,,,,1.0,0.0,0.5,1.0,1.0,0.0,0.0,1.0,0.0,0.0
2044,1ad3760588008efe5,True,,,,,,,,,,0.0,1.0,1.0,1.0,1.0,0.0,0.0,1.0,0.0,0.0
2045,2c5a6bcca688df5f6,True,,,,,,,,,,1.0,0.0,1.0,1.0,1.0,1.0,0.0,0.0,0.0,0.0
2046,8d358053106bc9580,True,,,,,,,,,,0.0,1.0,1.0,1.0,1.0,0.0,0.0,1.0,1.0,0.0
2047,1ae5d174f7d867121,True,,,,,,,,,,1.0,1.0,1.0,1.0,0.6874521205803975,1.0,1.0,1.0,1.0,0.9023287876813743
2048,7fc94bcc4790ac58b,True,,,,,,,,,,1.0,0.0,1.0,1.0,0.6739847246306608,1.0,0.0,1.0,0.0,0.0
2049,93dbd55a373bc4efe,True,,,,,,,,,,1.0,1.0,1.0,1.0,0.8282426521518422,1.0,1.0,1.0,0.0,0.8213258287974508
2050,cd7e663897f923d92,True,,,,,,,,,,1.0,1.0,1.0,1.0,0.7983399025514523,1.0,0.0,1.0,0.0,0.6869812195473288
2051,9b219df65a0e3f22b,True,,,,,,,,,,0.0,1.0,1.0,1.0,1.0,0.0,0.0,1.0,0.0,0.0
2052,fc2f7b0ec25d44aea,True,,,,,,,,,,1.0,1.0,1.0,1.0,0.4708790246168808,1.0,0.0,0.0,0.0,0.45964969519277526
2053,02cf44d6c32b48bea,True,,,,,,,,,,1.0,1.0,1.0,1.0,0.40443229868021513,1.0,0.0,0.0,1.0,0.5638850933375672
2054,cc84a91b9d7b3a3d5,True,,,,,,,,,,1.0,1.0,1.0,1.0,0.8468289799368723,1.0,0.0,1.0,1.0,0.8271340562302726
2055,083ca0b9e4853254e,True,,,,,,,,,,0.0,0.0,0.5,1.0,1.0,0.0,0.0,1.0,0.0,0.0
2056,8090a94784c5adc03,True,,,,,,,,,,1.0,1.0,1.0,1.0,0.6809202888432263,1.0,1.0,1.0,0.0,0.7752875902635082
2057,2c5d88f56ea71888d,True,,,,,,,,,,1.0,1.0,1.0,1.0,0.6988992270475592,0.0,1.0,1.0,0.0,0.46840600845236224
2058,4ff48fa4e19774be7,True,,,,,,,,,,0.0,1.0,1.0,1.0,0.38727006574730377,0.0,0.0,1.0,1.0,0.0
2059,1b7240da7a5598b38,True,,,,,,,,,,0.0,1.0,1.0,1.0,1.0,0.0,1.0,1.0,0.0,0.0
2060,b4804c80431225e41,True,,,,,,,,,,1.0,0.0,1.0,1.0,1.0,1.0,0.0,1.0,1.0,0.0
2061,757cbf6c460160db5,True,,,,,,,,,,0.0,1.0,1.0,1.0,1.0,0.0,1.0,1.0,0.0,0.0
2062,5959223c7ec6a8c04,True,,,,,,,,,,1.0,1.0,1.0,0.0,1.0,1.0,0.0,1.0,0.0,0.0
2063,2cc556c9db9fd5088,True,,,,,,,,,,0.0,1.0,1.0,1.0,1.0,0.0,1.0,1.0,1.0,0.0
2064,f95cca8cfa91db038,True,,,,,,,,,,0.0,1.0,1.0,1.0,1.0,0.0,1.0,1.0,0.0,0.0
2065,898965de3a97c47dc,True,,,,,,,,,,0.0,1.0,1.0,1.0,1.0,0.0,0.0,1.0,0.0,0.0
2066,257ea63714e4b9db0,True,,,,,,,,,,1.0,1.0,1.0,1.0,0.5732538860088786,1.0,1.0,1.0,1.0,0.8666418393777746
2067,a97b99ff7fc06eb65,True,,,,,,,,,,1.0,1.0,1.0,1.0,0.8577290616038826,1.0,1.0,1.0,1.0,0.9555403317512133
2068,1088e54d61d6c1c1a,True,,,,,,,,,,1.0,1.0,1.0,1.0,0.4228480742360676,1.0,1.0,1.0,1.0,0.819640023198771
2069,6280da1271d9fac21,True,,,,,,,,,,0.0,1.0,1.0,1.0,1.0,0.0,1.0,1.0,1.0,0.0
2070,2c920866d1784abe5,True,,,,,,,,,,0.0,1.0,1.0,1.0,1.0,0.0,0.0,1.0,0.0,0.0
2071,b74af0790b5550372,True,,,,,,,,,,1.0,1.0,1.0,1.0,0.6120391502393416,1.0,0.0,1.0,0.0,0.6287622344497943
2072,ff530ac4388942e42,True,,,,,,,,,,1.0,1.0,1.0,1.0,0.8398190447037678,1.0,1.0,1.0,0.0,0.8249434514699274
2073,26fc6837ede450373,True,,,,,,,,,,1.0,1.0,1.0,1.0,0.5128227014846473,1.0,1.0,1.0,1.0,0.8477570942139523
2074,0f9705c901c463e2c,True,,,,,,,,,,1.0,1.0,1.0,1.0,0.9187494523418049,1.0,1.0,1.0,0.0,0.849609203856814
2075,3a96e943c2c264f67,True,,,,,,,,,,1.0,1.0,1.0,1.0,0.4955849904108992,1.0,0.0,1.0,0.0,0.592370309503406
2076,e1c118cf727cb2222,True,,,,,,,,,,1.0,1.0,1.0,1.0,0.7627704210191385,1.0,1.0,1.0,1.0,0.9258657565684808
2077,d12e9fb682bb31656,True,,,,,,,,,,0.0,1.0,0.0,1.0,1.0,0.0,0.0,0.0,0.0,0.0
2078,342254f2ea2e57645,True,,,,,,,,,,1.0,1.0,1.0,1.0,0.9351394399968976,1.0,0.0,1.0,1.0,0.8547310749990304
2079,989f4b8f1e6bddc26,True,,,,,,,,,,1.0,1.0,1.0,1.0,0.44413706399549446,1.0,1.0,1.0,1.0,0.8262928324985921
2080,cd5f94c276881c890,True,,,,,,,,,,1.0,1.0,1.0,1.0,0.39822487820462504,1.0,1.0,1.0,0.0,0.6869452744389453
2081,23d3fdeb556df092e,True,,,,,,,,,,1.0,1.0,1.0,1.0,0.8316500768824279,1.0,1.0,1.0,1.0,0.9473906490257586
2082,7d4ce2377f19fda93,True,,,,,,,,,,1.0,1.0,1.0,1.0,0.5638277501507234,1.0,0.0,1.0,1.0,0.738696171922101
2083,4f21dca90878d8a58,True,,,,,,,,,,1.0,1.0,1.0,1.0,0.6931538507070518,1.0,1.0,0.0,0.0,0.6541105783459538
2084,1dc0015e76a4342d9,True,,,,,,,,,,1.0,0.0,1.0,1.0,1.0,1.0,0.0,1.0,0.0,0.0
2085,0ff61f43578c0d8e7,True,,,,,,,,,,1.0,0.0,0.0,1.0,1.0,1.0,0.0,1.0,0.0,0.0
2086,f0e29874418de93db,True,,,,,,,,,,0.0,1.0,1.0,1.0,1.0,0.0,1.0,1.0,1.0,0.0
2087,9e1b38c16d0ece554,True,,,,,,,,,,1.0,1.0,1.0,1.0,0.5864135241419571,1.0,1.0,1.0,0.0,0.7457542262943616
2088,70fff47737f1e15b4,True,,,,,,,,,,1.0,1.0,1.0,1.0,0.5800352017132052,1.0,1.0,1.0,0.0,0.7437610005353766
2089,80d068bd845098002,True,,,,,,,,,,1.0,1.0,1.0,1.0,0.3719445847367285,1.0,1.0,1.0,1.0,0.8037326827302276
2090,2115b48841ebae650,True,,,,,,,,,,1.0,1.0,1.0,1.0,0.8853960452127192,1.0,1.0,1.0,0.0,0.8391862641289747
2091,728522f233e8a9fa9,True,,,,,,,,,,1.0,0.0,1.0,1.0,1.0,1.0,0.0,1.0,0.0,0.0
2092,fc4ca8b0a98a8fade,True,,,,,,,,,,0.0,1.0,1.0,1.0,1.0,0.0,0.0,1.0,0.0,0.0
2093,e0a8201279694e092,True,,,,,,,,,,0.0,1.0,1.0,1.0,1.0,0.0,1.0,1.0,1.0,0.0
2094,be1d5bdbfc0e6edc2,True,,,,,,,,,,1.0,1.0,1.0,1.0,0.787174671744352,1.0,0.0,1.0,1.0,0.80849208492011
2095,c4a1482387b6b8440,True,,,,,,,,,,1.0,1.0,1.0,1.0,1.0,1.0,1.0,1.0,1.0,1.0
2096,b71bf73462ddcaa0c,True,,,,,,,,,,1.0,1.0,1.0,1.0,0.7127191447609612,1.0,0.0,1.0,0.0,0.6602247327378004
2097,e5f171ef890e7a042,True,,,,,,,,,,1.0,1.0,1.0,1.0,1.0,1.0,0.0,1.0,1.0,0.875
2098,eddb07c8294cf8efd,True,,,,,,,,,,1.0,1.0,1.0,1.0,1.0,1.0,1.0,1.0,1.0,1.0
2099,a83b75532f5ded9db,True,,,,,,,,,,1.0,1.0,1.0,1.0,0.7364691649422244,0.0,0.0,1.0,1.0,0.48014661404444514
2100,a9e0e52d177dd7f09,True,,,,,,,,,,1.0,1.0,0.0,1.0,1.0,1.0,0.0,1.0,0.0,0.0
2101,d9bbca7a0907304f1,True,,,,,,,,,,1.0,1.0,1.0,1.0,0.6029383919677151,1.0,0.0,1.0,0.0,0.625918247489911
2102,858914d079ed93fdb,True,,,,,,,,,,1.0,1.0,1.0,1.0,1.0,1.0,1.0,1.0,1.0,1.0
2103,566746c1b29ff6a10,True,,,,,,,,,,1.0,1.0,1.0,1.0,0.8721054015992779,1.0,1.0,1.0,0.0,0.8350329379997743
2104,b6cc9d50323153d21,True,,,,,,,,,,1.0,1.0,1.0,1.0,0.9147563176697053,1.0,1.0,1.0,0.0,0.848361349271783
2105,e2e0472858fa4a63e,True,,,,,,,,,,1.0,1.0,1.0,1.0,0.3758302421356457,1.0,0.0,1.0,0.0,0.5549469506673893
2106,7acdb574f1a885262,True,,,,,,,,,,1.0,1.0,1.0,1.0,0.6407400465950631,1.0,0.0,1.0,0.0,0.6377312645609572
2107,e1cc25220fa30adcd,True,,,,,,,,,,1.0,1.0,1.0,1.0,0.7545061831674156,1.0,0.0,1.0,0.0,0.6732831822398173
2108,f9b640894b4a02a02,True,,,,,,,,,,1.0,1.0,0.0,1.0,1.0,1.0,0.0,1.0,1.0,0.0
2109,52273aa3c8bd19695,True,,,,,,,,,,0.0,1.0,1.0,1.0,0.7128843925501391,0.0,1.0,1.0,0.0,0.0
2110,f66f81ffd843802cd,True,,,,,,,,,,0.0,1.0,1.0,1.0,1.0,0.0,1.0,1.0,0.0,0.0
2111,506e98e6817013978,True,,,,,,,,,,1.0,1.0,1.0,1.0,0.7244217622079112,1.0,1.0,1.0,0.0,0.7888818006899723
2112,7a7fa75bb756308ba,True,,,,,,,,,,1.0,1.0,1.0,1.0,1.0,1.0,1.0,1.0,0.0,0.875
2113,4923ab814b3842354,True,,,,,,,,,,1.0,1.0,1.0,1.0,0.3066507159106117,1.0,1.0,1.0,1.0,0.7833283487220661
2114,3fa63924a53aacc9a,True,,,,,,,,,,1.0,1.0,1.0,1.0,0.38415815258218083,1.0,1.0,1.0,1.0,0.8075494226819315
2115,de5875c3da62d3850,True,,,,,,,,,,1.0,1.0,0.5,1.0,1.0,1.0,0.0,1.0,1.0,0.4375
2116,45cc427b1c222f829,True,,,,,,,,,,1.0,1.0,1.0,1.0,1.0,1.0,1.0,0.0,0.0,0.75
2117,519a6a71d9b2fda8a,True,,,,,,,,,,0.0,1.0,1.0,1.0,1.0,0.0,0.0,1.0,1.0,0.0
2118,c0e8d70495bec7921,True,,,,,,,,,,1.0,1.0,1.0,1.0,1.0,0.0,0.0,1.0,1.0,0.5625
2119,9b8863dbb1afcaba3,True,,,,,,,,,,1.0,1.0,0.5,1.0,1.0,1.0,0.0,1.0,0.0,0.375
2120,bb22e24798c605096,True,,,,,,,,,,1.0,1.0,1.0,1.0,1.0,1.0,0.0,1.0,0.0,0.75
2121,39cc92992ccc3244a,True,,,,,,,,,,1.0,1.0,1.0,1.0,0.8897388431506648,1.0,0.0,1.0,0.0,0.7155433884845828
2122,5c7504aeee1fc6587,True,,,,,,,,,,1.0,1.0,1.0,1.0,1.0,0.0,1.0,1.0,0.0,0.5625
2123,2ad55ac1a6a8d1422,True,,,,,,,,,,1.0,0.0,1.0,1.0,0.7856626417688746,1.0,1.0,1.0,1.0,0.0
2124,ad027cf65e5484130,True,,,,,,,,,,1.0,1.0,1.0,1.0,0.21787968583630915,1.0,1.0,1.0,0.0,0.6305874018238466
2125,e6ece8d2d8cf12a8c,True,,,,,,,,,,1.0,1.0,1.0,1.0,0.7241644214709174,1.0,1.0,1.0,1.0,0.9138013817096617
2126,b9b2eb5e7bcdfdb6b,True,,,,,,,,,,1.0,1.0,1.0,1.0,0.5367130053840817,1.0,1.0,1.0,0.0,0.7302228141825255
2127,82e6ed49ff7af43fe,True,,,,,,,,,,1.0,1.0,1.0,1.0,0.5194297272299732,1.0,1.0,1.0,0.0,0.7248217897593666
2128,8a5b80c748963e0a4,True,,,,,,,,,,1.0,1.0,0.0,1.0,0.8409241948282252,1.0,1.0,1.0,0.0,0.0
2129,b757155200a7aea72,True,,,,,,,,,,1.0,0.0,1.0,1.0,1.0,1.0,0.0,1.0,0.0,0.0
2130,e4c493d897f14300a,True,,,,,,,,,,1.0,1.0,1.0,1.0,0.2072420884006322,1.0,1.0,0.0,0.0,0.5022631526251975
2131,c02fa35875ea4e3e1,True,,,,,,,,,,1.0,1.0,1.0,1.0,0.6724682840710696,1.0,1.0,1.0,1.0,0.8976463387722092
2132,2b5b15e806903df0c,True,,,,,,,,,,1.0,1.0,1.0,1.0,0.8539963612129028,1.0,1.0,1.0,1.0,0.9543738628790321
2133,7e63683bda8a632ba,True,,,,,,,,,,1.0,1.0,1.0,1.0,0.421676122269834,1.0,1.0,1.0,1.0,0.8192737882093231
2134,eee3dbfa0ec3233b6,True,,,,,,,,,,1.0,1.0,1.0,1.0,0.6474336052907299,1.0,1.0,1.0,1.0,0.889823001653353
2135,84e277e20e4dfaf5c,True,,,,,,,,,,1.0,1.0,1.0,1.0,0.7754717999081372,1.0,0.0,1.0,1.0,0.8048349374712929
2136,ac09d37b9d495cdc7,True,,,,,,,,,,1.0,1.0,0.0,1.0,1.0,1.0,0.0,1.0,0.0,0.0
2137,1500bcfee0aae247d,True,,,,,,,,,,1.0,1.0,1.0,1.0,0.5862530771714589,1.0,1.0,1.0,1.0,0.8707040866160809
2138,194e5931bc902ac73,True,,,,,,,,,,1.0,1.0,1.0,1.0,0.926495424742796,1.0,0.0,1.0,1.0,0.8520298202321237
2139,5fcf415bcf1a37722,True,,,,,,,,,,1.0,1.0,1.0,1.0,1.0,1.0,0.0,0.0,0.0,0.625
2140,67ac6348f814bfca1,True,,,,,,,,,,1.0,1.0,1.0,1.0,0.3597481456325813,1.0,1.0,1.0,0.0,0.6749212955101817
2141,9922b31c71414db50,True,,,,,,,,,,1.0,1.0,0.5,1.0,1.0,1.0,0.0,1.0,0.0,0.375
2142,f03413df184aedd86,True,,,,,,,,,,1.0,1.0,1.0,1.0,0.8906103467260666,1.0,1.0,1.0,0.0,0.8408157333518959
2143,9aaa6dbe1c4b11d07,True,,,,,,,,,,1.0,1.0,1.0,1.0,0.4263937919241317,1.0,1.0,1.0,0.0,0.6957480599762912
2144,07f4044fd390149ba,True,,,,,,,,,,1.0,1.0,1.0,1.0,1.0,1.0,0.0,1.0,1.0,0.875
2145,66f2ad1b5f1ca119d,True,,,,,,,,,,1.0,1.0,1.0,1.0,0.8153069487472226,1.0,0.0,1.0,0.0,0.6922834214835071
2146,7c441bc98b8690113,True,,,,,,,,,,1.0,1.0,0.0,1.0,1.0,1.0,0.0,1.0,1.0,0.0
2147,ecb1dd4076b28cd84,True,,,,,,,,,,1.0,1.0,1.0,1.0,1.0,1.0,1.0,1.0,0.0,0.875
2148,dedf2ffe66804a16a,True,,,,,,,,,,1.0,1.0,1.0,1.0,0.799693903806111,1.0,1.0,1.0,1.0,0.9374043449394097
2149,3365055ca32faadaa,True,,,,,,,,,,1.0,1.0,0.5,1.0,0.8215223084419123,1.0,1.0,1.0,1.0,0.4721128606940488
2150,a8cfebbab95e53606,True,,,,,,,,,,1.0,1.0,1.0,1.0,0.6001680365352903,1.0,1.0,1.0,1.0,0.8750525114172782
2151,626e000a64788c202,True,,,,,,,,,,1.0,1.0,1.0,1.0,1.0,1.0,0.0,1.0,1.0,0.875
2152,0e447192563e126ef,True,,,,,,,,,,1.0,1.0,1.0,1.0,0.4289539064157817,1.0,1.0,1.0,0.0,0.6965480957549317
2153,e2d605dbd1207f15f,True,,,,,,,,,,1.0,1.0,1.0,1.0,0.14724267460474744,1.0,0.0,1.0,0.0,0.4835133358139836
2154,3e2f29d51ba0c82c3,True,,,,,,,,,,1.0,1.0,1.0,1.0,0.48922905036376996,1.0,1.0,1.0,1.0,0.8403840782386781
2155,0976a098312b0ead1,True,,,,,,,,,,1.0,0.0,0.5,1.0,1.0,1.0,1.0,1.0,1.0,0.0
2156,cc9e04e3c4887f26c,True,,,,,,,,,,1.0,0.0,1.0,1.0,0.8448613213641945,1.0,1.0,1.0,0.0,0.0
2157,9ed233c4d30f0d7d9,True,,,,,,,,,,1.0,1.0,1.0,1.0,0.982195536803477,1.0,0.0,1.0,0.0,0.7444361052510866
2158,b36a5e74ec4ae9574,True,,,,,,,,,,1.0,1.0,1.0,1.0,0.570403154543027,1.0,1.0,1.0,0.0,0.7407509857946959
2159,07f73e596a2b2e3ec,True,,,,,,,,,,1.0,1.0,0.5,1.0,0.6276717738381453,1.0,0.0,1.0,1.0,0.3793237146622102
2160,2eb3bf3c471605eb4,True,,,,,,,,,,1.0,1.0,1.0,1.0,1.0,1.0,1.0,1.0,0.0,0.875
2161,1297091b925da475f,True,,,,,,,,,,1.0,1.0,1.0,1.0,1.0,1.0,0.0,1.0,1.0,0.875
2162,63c3e07f95869dd8a,True,,,,,,,,,,1.0,0.0,1.0,1.0,1.0,1.0,1.0,1.0,1.0,0.0
2163,0d5b6ee9d0a973914,True,,,,,,,,,,1.0,1.0,1.0,0.0,1.0,1.0,1.0,1.0,1.0,0.0
2164,102bb69d5a0263f53,True,,,,,,,,,,1.0,1.0,1.0,1.0,0.7337614333123337,0.0,0.0,1.0,0.0,0.3543004479101043
2165,21dda72ce686d45f5,True,,,,,,,,,,1.0,1.0,0.5,1.0,1.0,1.0,0.0,1.0,1.0,0.4375
2166,f185085421e3aa72f,True,,,,,,,,,,1.0,1.0,1.0,1.0,0.6651414040075152,1.0,1.0,1.0,0.0,0.7703566887523485
2167,111982efc7ab59a6d,True,,,,,,,,,,1.0,1.0,1.0,1.0,0.2842746637112815,1.0,1.0,1.0,0.0,0.6513358324097754
2168,7e4af807f673c946b,True,,,,,,,,,,1.0,0.0,0.5,1.0,0.7179830393254725,1.0,0.0,1.0,0.0,0.0
2169,e6d6645a3d41d9627,True,,,,,,,,,,1.0,1.0,1.0,1.0,1.0,1.0,1.0,1.0,1.0,1.0
2170,32dff9c93368fc640,True,,,,,,,,,,1.0,0.0,1.0,1.0,1.0,1.0,0.0,1.0,1.0,0.0
2171,7c1d966d6a3783a65,True,,,,,,,,,,1.0,1.0,1.0,1.0,0.8059204112961349,1.0,1.0,1.0,1.0,0.9393501285300422
2172,7d348078ef5cd9345,True,,,,,,,,,,1.0,1.0,1.0,1.0,0.4649319120048884,1.0,1.0,1.0,0.0,0.7077912225015276
2173,a34f2a190f165bd3c,True,,,,,,,,,,1.0,1.0,1.0,1.0,0.7593091860774984,1.0,1.0,1.0,1.0,0.9247841206492182
2174,75c869092ef8bc8ce,True,,,,,,,,,,1.0,1.0,1.0,1.0,0.5085547885709817,1.0,1.0,1.0,0.0,0.7214233714284317
2175,df67b662b2c444fa9,True,,,,,,,,,,1.0,1.0,1.0,1.0,0.6819391049890808,1.0,1.0,1.0,0.0,0.7756059703090877
2176,98f63c421f75a8ead,True,,,,,,,,,,1.0,1.0,1.0,1.0,1.0,1.0,0.0,1.0,0.0,0.75
2177,1d6a75c2185cddac3,True,,,,,,,,,,1.0,1.0,1.0,1.0,0.6512445390901792,1.0,1.0,1.0,0.0,0.766013918465681
2178,4f7f3184912163792,True,,,,,,,,,,1.0,1.0,1.0,1.0,0.9735132459647526,1.0,0.0,1.0,0.0,0.7417228893639852
2179,f2b84517dc455c03f,True,,,,,,,,,,1.0,1.0,1.0,1.0,0.5465868446606426,1.0,1.0,1.0,1.0,0.8583083889564508
2180,91df963d13c291bb9,True,,,,,,,,,,1.0,0.0,1.0,1.0,0.8742980712436704,1.0,0.0,1.0,0.0,0.0
2181,eb6579d91982e38e5,True,,,,,,,,,,1.0,0.0,1.0,1.0,0.6547743044038731,1.0,1.0,1.0,1.0,0.0
2182,9941e5249d262210a,True,,,,,,,,,,1.0,1.0,1.0,1.0,0.6377312162978137,1.0,1.0,1.0,0.0,0.7617910050930667
2183,63afd42accc1a8cd9,True,,,,,,,,,,1.0,0.0,1.0,1.0,0.8612569804443673,1.0,1.0,1.0,1.0,0.0
2184,c1c57e75b2d100427,True,,,,,,,,,,1.0,1.0,1.0,1.0,0.6718083114636955,1.0,0.0,1.0,1.0,0.7724400973324048
2185,781cb5a7c59f1d728,True,,,,,,,,,,1.0,0.0,0.5,1.0,1.0,1.0,0.0,1.0,0.0,0.0
2186,c35b2274d82ebf3a1,True,,,,,,,,,,1.0,1.0,1.0,1.0,0.9098424264037417,1.0,1.0,1.0,1.0,0.9718257582511693
2187,5d5f36ba279588ae3,True,,,,,,,,,,1.0,0.0,1.0,1.0,1.0,1.0,0.0,1.0,0.0,0.0
2188,96cf7424a206ab31f,True,,,,,,,,,,0.0,1.0,1.0,1.0,1.0,0.0,1.0,1.0,0.0,0.0
2189,3c5f94f941b068a40,True,,,,,,,,,,0.0,0.0,1.0,1.0,1.0,0.0,1.0,1.0,0.0,0.0
2190,ce2057b130f4218b8,True,,,,,,,,,,1.0,1.0,1.0,1.0,1.0,1.0,1.0,1.0,0.0,0.875
2191,f11c7bd81d7370578,True,,,,,,,,,,1.0,1.0,1.0,1.0,0.7501474833288624,1.0,1.0,1.0,1.0,0.9219210885402696
2192,152d0a2d7a121ac40,True,,,,,,,,,,1.0,1.0,1.0,1.0,1.0,1.0,1.0,1.0,1.0,1.0
2193,f229cb59e31bbd82f,True,,,,,,,,,,1.0,1.0,1.0,1.0,1.0,0.0,0.0,1.0,1.0,0.5625
2194,c4f1e612f0a907247,True,,,,,,,,,,1.0,1.0,1.0,1.0,0.678544958817125,1.0,1.0,1.0,1.0,0.8995452996303516
2195,f6eee6000df177477,True,,,,,,,,,,1.0,0.0,1.0,1.0,1.0,1.0,0.0,1.0,1.0,0.0
2196,4a99f83b526b20ecf,True,,,,,,,,,,1.0,1.0,1.0,1.0,0.7124153913614032,1.0,0.0,1.0,0.0,0.6601298098004384
2197,5b460729c6e5e42fd,True,,,,,,,,,,0.0,1.0,1.0,1.0,0.5169560103204548,0.0,1.0,1.0,0.0,0.0
2198,c9ec6104d455f3e47,True,,,,,,,,,,0.0,0.0,1.0,1.0,1.0,0.0,0.0,1.0,0.0,0.0
2199,71313a0d415f3ff89,True,,,,,,,,,,1.0,1.0,1.0,1.0,1.0,1.0,1.0,1.0,0.0,0.875
2200,09eb15786b4c45a6b,True,,,,,,,,,,1.0,0.0,1.0,1.0,0.8408020072281904,1.0,1.0,1.0,1.0,0.0
2201,7d17bb3bdf0937570,True,,,,,,,,,,1.0,1.0,1.0,1.0,0.8721745830703462,1.0,1.0,1.0,0.0,0.8350545572094832
2202,3b2fcd8bf613ba28f,True,,,,,,,,,,1.0,1.0,1.0,1.0,0.30724981223884695,1.0,0.0,1.0,1.0,0.6585155663246397
2203,96a58a5e3850d0b3d,True,,,,,,,,,,1.0,1.0,1.0,1.0,0.627628786277643,1.0,1.0,1.0,0.0,0.7586339957117634
2204,832b4c7a0e847fb0c,True,,,,,,,,,,1.0,0.0,1.0,1.0,0.9625909624700398,1.0,1.0,1.0,1.0,0.0
2205,f41a422f052cd19d9,True,,,,,,,,,,1.0,1.0,0.0,1.0,1.0,1.0,1.0,1.0,0.0,0.0
2206,1e3e373072e96c044,True,,,,,,,,,,1.0,1.0,1.0,1.0,1.0,1.0,1.0,1.0,0.0,0.875
2207,1a67fcc3becbce6bf,True,,,,,,,,,,1.0,1.0,1.0,1.0,1.0,1.0,1.0,1.0,1.0,1.0
2208,1ce076a3d8049e0e4,True,,,,,,,,,,1.0,1.0,1.0,1.0,0.2860650354775871,1.0,0.0,1.0,0.0,0.526895323586746
2209,6fb2b8cc6f313cf96,True,,,,,,,,,,1.0,1.0,1.0,1.0,0.5518678980671882,1.0,1.0,0.0,1.0,0.7349587181459963
2210,2f12a482af4499e20,True,,,,,,,,,,1.0,0.0,1.0,1.0,0.6596124087304989,1.0,1.0,1.0,0.0,0.0
2211,8d969226c609be10d,True,,,,,,,,,,1.0,1.0,1.0,1.0,1.0,1.0,0.0,1.0,0.0,0.75
2212,2614f6ffeaef993a9,True,,,,,,,,,,1.0,1.0,1.0,1.0,0.9060859245932509,1.0,0.0,1.0,1.0,0.8456518514353909
2213,82aeafe6afee99d4b,True,,,,,,,,,,1.0,1.0,1.0,1.0,0.4608587028811309,1.0,1.0,1.0,0.0,0.7065183446503533
2214,b123636b63cd85bd6,True,,,,,,,,,,1.0,1.0,1.0,1.0,0.521266159465167,1.0,0.0,1.0,1.0,0.7253956748328647
2215,d29638c5140885ccd,True,,,,,,,,,,1.0,0.0,1.0,1.0,1.0,1.0,1.0,0.0,0.0,0.0
2216,6e6061d855992b2c3,True,,,,,,,,,,1.0,1.0,1.0,1.0,0.315890271479574,1.0,0.0,1.0,1.0,0.6612157098373669
2217,09175d9fa6fa3c5c2,True,,,,,,,,,,1.0,1.0,1.0,1.0,0.25905959934730943,1.0,1.0,1.0,0.0,0.6434561247960342
2218,15c7d65066442dddd,True,,,,,,,,,,1.0,0.0,1.0,1.0,1.0,1.0,1.0,1.0,0.0,0.0
2219,e536d36c3e7306e47,True,,,,,,,,,,1.0,1.0,1.0,1.0,1.0,0.0,0.0,1.0,0.0,0.4375
2220,f53ce77b754edd1f8,True,,,,,,,,,,0.0,1.0,1.0,1.0,1.0,0.0,1.0,1.0,0.0,0.0
2221,c2ee3d175867a9e7a,True,,,,,,,,,,1.0,1.0,0.0,1.0,1.0,1.0,0.0,1.0,0.0,0.0
2222,d338d0b0f53782114,True,,,,,,,,,,1.0,1.0,1.0,1.0,0.8709826927048152,1.0,0.0,1.0,0.0,0.7096820914702547
2223,1c3db8608be4d76f0,True,,,,,,,,,,1.0,1.0,1.0,1.0,1.0,1.0,0.0,1.0,0.0,0.75
2224,c38b7f486c2411a81,True,,,,,,,,,,0.0,1.0,1.0,1.0,1.0,0.0,0.0,1.0,1.0,0.0
2225,59b413d34d6d4b46a,True,,,,,,,,,,1.0,1.0,0.5,1.0,0.42638731156914883,1.0,0.0,1.0,0.0,0.2853730174326795
2226,00fac31cd24587354,True,,,,,,,,,,1.0,1.0,1.0,1.0,0.42060078745459184,1.0,0.0,1.0,1.0,0.6939377460795599
2227,7ee10c65aff66f1f6,True,,,,,,,,,,1.0,0.0,0.5,1.0,1.0,1.0,0.0,1.0,1.0,0.0
2228,1c6327dd6c33a1c36,True,,,,,,,,,,1.0,1.0,1.0,1.0,0.34804515900886973,1.0,1.0,1.0,1.0,0.7962641121902718
2229,dc140e9555d47bb86,True,,,,,,,,,,1.0,1.0,1.0,1.0,0.5627485442339952,1.0,1.0,1.0,0.0,0.7383589200731235
2230,dfb3b08e2dddf7b38,True,,,,,,,,,,1.0,1.0,1.0,1.0,0.7446270241309784,1.0,0.0,1.0,1.0,0.7951959450409307
2231,6787e9f15b62de1b8,True,,,,,,,,,,1.0,1.0,1.0,0.0,1.0,1.0,1.0,1.0,1.0,0.0
2232,4d45bc29714d004dd,True,,,,,,,,,,1.0,0.0,0.0,1.0,1.0,1.0,0.0,1.0,1.0,0.0
2233,afaf4dd4fa375bb85,True,,,,,,,,,,1.0,0.0,1.0,0.0,1.0,1.0,1.0,1.0,0.0,0.0
2234,9450ae84450a77fc4,True,,,,,,,,,,1.0,1.0,1.0,1.0,0.8033464238055839,1.0,0.0,1.0,1.0,0.813545757439245
2235,3ed84fc02c7624898,True,,,,,,,,,,1.0,1.0,1.0,1.0,0.6601662499639814,1.0,1.0,1.0,0.0,0.7688019531137442
2236,b3648e983488baa4f,True,,,,,,,,,,1.0,0.0,1.0,1.0,0.6565143461525859,1.0,1.0,1.0,1.0,0.0
2237,f8269fa1de4da78ec,True,,,,,,,,,,1.0,1.0,1.0,1.0,1.0,1.0,1.0,1.0,1.0,1.0
2238,7a999e76f404c4956,True,,,,,,,,,,1.0,1.0,1.0,1.0,0.8671291682244612,1.0,0.0,1.0,1.0,0.8334778650701441
2239,e280063b53c411361,True,,,,,,,,,,0.0,0.0,0.5,1.0,1.0,0.0,0.0,1.0,0.0,0.0
2240,c62f78ae6b2bb3ad4,True,,,,,,,,,,1.0,1.0,1.0,1.0,0.6846585967641993,1.0,1.0,1.0,0.0,0.7764558114888123
2241,e6d1e14cb2784e8d9,True,,,,,,,,,,1.0,1.0,1.0,1.0,0.7993716460949954,1.0,1.0,1.0,1.0,0.9373036394046861
2242,f573807ec3756dc53,True,,,,,,,,,,1.0,1.0,1.0,1.0,0.855843452103079,1.0,1.0,1.0,1.0,0.9549510787822122
2243,d89331799987b6909,True,,,,,,,,,,0.0,1.0,1.0,1.0,1.0,0.0,1.0,0.0,0.0,0.0
2244,5d362d17d2494ac7c,True,,,,,,,,,,1.0,1.0,1.0,1.0,0.6402088231293083,1.0,1.0,1.0,0.0,0.7625652572279088
2245,c09eaf80eb8a24e39,True,,,,,,,,,,1.0,1.0,1.0,1.0,0.4980552336625418,1.0,1.0,1.0,1.0,0.8431422605195443
2246,67d0d1179730f6191,True,,,,,,,,,,1.0,1.0,0.5,1.0,0.6088946780197656,1.0,0.0,1.0,0.0,0.31388979344058837
2247,7ac64209033f8834f,True,,,,,,,,,,1.0,1.0,0.5,1.0,0.6911047005715004,1.0,0.0,1.0,1.0,0.38923510946429696
2248,b2bf35ee955a9d497,True,,,,,,,,,,1.0,1.0,1.0,1.0,0.03862393330611172,1.0,1.0,1.0,1.0,0.69956997915816
2249,8cf82bdb10f083506,True,,,,,,,,,,1.0,1.0,1.0,1.0,1.0,1.0,1.0,1.0,0.0,0.875
2250,3f9281303565d8313,True,,,,,,,,,,1.0,0.0,1.0,1.0,0.9130547661438372,1.0,1.0,1.0,1.0,0.0
2251,f86cff80de8851a4b,True,,,,,,,,,,1.0,1.0,1.0,1.0,0.9353977747316521,1.0,1.0,1.0,1.0,0.9798118046036413
2252,4222a702d3e9ef7bb,True,,,,,,,,,,1.0,1.0,1.0,1.0,1.0,1.0,0.0,1.0,1.0,0.875
2253,96e56db3408ebe51e,True,,,,,,,,,,0.0,1.0,1.0,1.0,1.0,0.0,0.0,1.0,1.0,0.0
2254,9d3a947ac7ae15c8a,True,,,,,,,,,,0.0,1.0,1.0,1.0,1.0,0.0,1.0,1.0,0.0,0.0
2255,1a873a18080ef431b,True,,,,,,,,,,0.0,1.0,1.0,1.0,1.0,0.0,1.0,1.0,1.0,0.0
2256,a2d247bf6cbf13f7c,True,,,,,,,,,,0.0,1.0,1.0,1.0,1.0,0.0,1.0,1.0,0.0,0.0
2257,f7aca65344c3b8a4b,True,,,,,,,,,,1.0,1.0,1.0,1.0,0.6458229380506333,1.0,1.0,1.0,0.0,0.7643196681408229
2258,0b2a954e62c86d95c,True,,,,,,,,,,1.0,1.0,1.0,1.0,0.6998178670359475,1.0,1.0,1.0,1.0,0.9061930834487336
2259,4ea8e51fd89a2e0aa,True,,,,,,,,,,0.0,0.0,0.5,1.0,1.0,0.0,0.0,1.0,0.0,0.0
2260,5e6df44031e160cad,True,,,,,,,,,,0.0,0.0,1.0,1.0,1.0,0.0,1.0,1.0,1.0,0.0
2261,eb5c033b5d728ecba,True,,,,,,,,,,1.0,1.0,1.0,1.0,0.5971470680360523,1.0,0.0,1.0,1.0,0.7491084587612664
2262,ff77cf6e6c1e73c86,True,,,,,,,,,,1.0,1.0,1.0,1.0,0.7619550764969161,1.0,0.0,1.0,1.0,0.8006109614052863
2263,881d6a8509303a3b0,True,,,,,,,,,,1.0,1.0,1.0,1.0,0.47956113428530345,1.0,1.0,1.0,0.0,0.7123628544641574
2264,265f651d3984bee82,True,,,,,,,,,,1.0,1.0,1.0,1.0,1.0,1.0,1.0,1.0,1.0,1.0
2265,4699eb47aa0ff2aa8,True,,,,,,,,,,1.0,1.0,1.0,1.0,1.0,0.0,0.0,1.0,0.0,0.4375
2266,729e2b3a6ce97a377,True,,,,,,,,,,1.0,1.0,1.0,1.0,0.8468516168937934,1.0,1.0,1.0,0.0,0.8271411302793105
2267,ab7c66f93bd1cb471,True,,,,,,,,,,1.0,1.0,1.0,1.0,1.0,1.0,0.0,1.0,1.0,0.875
2268,a436762e9938c1e5b,True,,,,,,,,,,1.0,1.0,1.0,1.0,1.0,1.0,1.0,1.0,1.0,1.0
2269,6ccefb14640c0647d,True,,,,,,,,,,1.0,1.0,1.0,1.0,0.668158305790822,1.0,0.0,1.0,0.0,0.6462994705596319
2270,cabbf4a701b27f4f2,True,,,,,,,,,,1.0,0.0,1.0,1.0,1.0,1.0,0.0,1.0,0.0,0.0
2271,5139fde7658566f8c,True,,,,,,,,,,1.0,1.0,0.5,1.0,1.0,1.0,0.0,1.0,0.0,0.375
2272,873b2bce6903cffc1,True,,,,,,,,,,1.0,1.0,0.0,1.0,1.0,1.0,0.0,1.0,1.0,0.0
2273,6b41ad5e55b0662fc,True,,,,,,,,,,1.0,1.0,1.0,1.0,0.40635700529255386,1.0,1.0,1.0,0.0,0.6894865641539231
2274,1285808d1703253f0,True,,,,,,,,,,1.0,0.0,1.0,1.0,1.0,1.0,1.0,1.0,1.0,0.0
2275,6bdc53cfa4a8ecb29,True,,,,,,,,,,1.0,1.0,1.0,1.0,0.8395386997014067,1.0,1.0,1.0,1.0,0.9498558436566896
2276,beb03158751d7049b,True,,,,,,,,,,1.0,1.0,1.0,1.0,0.7746281697526128,1.0,0.0,1.0,1.0,0.8045713030476915
2277,84c83fdf5cd2bf3d0,True,,,,,,,,,,1.0,1.0,0.0,1.0,1.0,1.0,0.0,1.0,0.0,0.0
2278,64173df5c7bc60b13,True,,,,,,,,,,1.0,1.0,1.0,1.0,0.5646085212642996,1.0,0.0,1.0,1.0,0.7389401628950936
2279,d6427f6451b02059f,True,,,,,,,,,,1.0,1.0,1.0,1.0,0.8603990965381096,1.0,0.0,1.0,0.0,0.7063747176681593
2280,27fe2548642974f6e,True,,,,,,,,,,1.0,1.0,1.0,1.0,0.9336889091961893,0.0,0.0,1.0,1.0,0.5417777841238092
2281,d42ef26a98f8b0220,True,,,,,,,,,,1.0,1.0,1.0,1.0,1.0,1.0,1.0,1.0,1.0,1.0
2282,57108f72bba7b23f2,True,,,,,,,,,,1.0,1.0,0.0,1.0,1.0,1.0,0.0,1.0,1.0,0.0
2283,205e1f314131287bc,True,,,,,,,,,,1.0,1.0,1.0,1.0,0.4413390849904754,1.0,1.0,1.0,1.0,0.8254184640595236
2284,d78e4f39396f3678e,True,,,,,,,,,,1.0,1.0,1.0,1.0,0.7070909045389263,1.0,1.0,1.0,0.0,0.7834659076684145
2285,50e0b955654ae8794,True,,,,,,,,,,1.0,1.0,1.0,1.0,0.055623350435837424,1.0,0.0,1.0,0.0,0.4548822970111992
2286,39a33f6262e8b8c0c,True,,,,,,,,,,1.0,1.0,1.0,1.0,0.9148897558493863,1.0,1.0,1.0,1.0,0.9734030487029333
2287,932b2f68de04adb10,True,,,,,,,,,,1.0,1.0,1.0,1.0,1.0,1.0,0.0,1.0,1.0,0.875
2288,3a833c6bb917d783d,True,,,,,,,,,,1.0,1.0,1.0,1.0,1.0,1.0,1.0,1.0,1.0,1.0
2289,eeccf27f0b76f2d75,True,,,,,,,,,,1.0,1.0,1.0,1.0,1.0,1.0,1.0,1.0,0.0,0.875
2290,cb2e1dad4d21a5bf1,True,,,,,,,,,,1.0,1.0,1.0,1.0,0.8527097799737247,1.0,0.0,1.0,1.0,0.828971806241789
2291,8fe0f4c205937d179,True,,,,,,,,,,1.0,1.0,1.0,1.0,0.8538974507901284,1.0,0.0,1.0,1.0,0.8293429533719151
2292,c64e0d6194293f51e,True,,,,,,,,,,1.0,1.0,1.0,1.0,0.24214098156568672,1.0,1.0,1.0,0.0,0.638169056739277
2293,77f94784109733a34,True,,,,,,,,,,0.0,1.0,1.0,1.0,0.43413149902082365,0.0,0.0,1.0,0.0,0.0
2294,789c9e60213111cde,True,,,,,,,,,,1.0,1.0,0.0,1.0,1.0,1.0,0.0,1.0,1.0,0.0
2295,b7e1048a59015eb95,True,,,,,,,,,,1.0,1.0,1.0,1.0,0.5146827067342474,1.0,1.0,1.0,0.0,0.7233383458544523
2296,d9f0da556a4c7bb77,True,,,,,,,,,,1.0,1.0,1.0,1.0,0.9283159691896464,1.0,0.0,1.0,0.0,0.7275987403717645
2297,c4f1bbae37da9b03a,True,,,,,,,,,,1.0,1.0,1.0,1.0,0.4028202740768322,1.0,1.0,1.0,0.0,0.68838133564901
2298,31cc7cd0fdf16f061,True,,,,,,,,,,1.0,1.0,1.0,1.0,0.8229243705280423,1.0,1.0,0.0,0.0,0.6946638657900133
2299,fbe98e6e1454f315c,True,,,,,,,,,,1.0,1.0,1.0,1.0,0.7204060528175642,1.0,1.0,1.0,0.0,0.7876268915054888
2300,19d93db92ab5bcc09,True,,,,,,,,,,1.0,1.0,1.0,1.0,0.7693257673971109,1.0,1.0,1.0,0.0,0.8029143023115972
2301,428b6ffe51af1390c,True,,,,,,,,,,1.0,0.0,1.0,1.0,1.0,1.0,0.0,1.0,0.0,0.0
2302,d2abdf59c161f4eef,True,,,,,,,,,,1.0,1.0,1.0,1.0,0.4843372341890058,1.0,0.0,1.0,1.0,0.7138553856840644
2303,6a8f1db0741e3de32,True,,,,,,,,,,1.0,1.0,1.0,1.0,0.7178909701470555,1.0,0.0,1.0,0.0,0.6618409281709549
2304,665d1799755e51e9a,True,,,,,,,,,,0.0,1.0,1.0,1.0,1.0,0.0,0.0,1.0,1.0,0.0
2305,6e89fe515e3ad5428,True,,,,,,,,,,1.0,1.0,1.0,1.0,0.5595744102855311,1.0,1.0,1.0,1.0,0.8623670032142285
2306,dab86e6eab3ddf22e,True,,,,,,,,,,1.0,1.0,0.5,1.0,1.0,1.0,1.0,1.0,0.0,0.4375
2307,5e6d2cd10c8d3e867,True,,,,,,,,,,1.0,1.0,1.0,1.0,0.8876077129646921,1.0,0.0,1.0,1.0,0.8398774103014663
2308,ff0db1e010ed49544,True,,,,,,,,,,1.0,1.0,1.0,1.0,1.0,0.0,0.0,1.0,0.0,0.4375
2309,43f7fbb8fc3c4d17b,True,,,,,,,,,,1.0,1.0,1.0,1.0,1.0,1.0,1.0,1.0,1.0,1.0
2310,0e6b7e12965c8e997,True,,,,,,,,,,1.0,1.0,0.0,1.0,1.0,1.0,0.0,1.0,1.0,0.0
2311,6a18b0260de73481a,True,,,,,,,,,,1.0,0.0,1.0,1.0,1.0,1.0,1.0,1.0,0.0,0.0
2312,d57d9c1eba8896d77,True,,,,,,,,,,1.0,1.0,1.0,1.0,0.870975303680273,1.0,0.0,1.0,0.0,0.7096797824000853
2313,812c204d59813e5fb,True,,,,,,,,,,1.0,1.0,1.0,1.0,0.618907482928496,1.0,1.0,1.0,0.0,0.755908588415155
2314,cbf6dd30a0ed348b8,True,,,,,,,,,,0.0,1.0,1.0,1.0,1.0,0.0,0.0,1.0,1.0,0.0
2315,f55f780bee7a572bb,True,,,,,,,,,,1.0,0.0,1.0,1.0,1.0,1.0,1.0,1.0,0.0,0.0
2316,4b4fe8d10a7defecd,True,,,,,,,,,,1.0,1.0,1.0,1.0,0.870381417260108,1.0,0.0,1.0,0.0,0.7094941928937837
2317,ca8771e5e055dcfca,True,,,,,,,,,,1.0,0.0,0.0,1.0,1.0,1.0,0.0,1.0,0.0,0.0
2318,f803ae18d279169ec,True,,,,,,,,,,1.0,1.0,1.0,1.0,0.4618861693029759,1.0,0.0,1.0,0.0,0.5818394279071799
2319,c19a21525d410c990,True,,,,,,,,,,1.0,1.0,1.0,1.0,1.0,0.0,1.0,1.0,1.0,0.6875
2320,c63fc1f399e5c5f1c,True,,,,,,,,,,1.0,1.0,1.0,1.0,0.48134697282218114,1.0,1.0,1.0,1.0,0.8379209290069316
2321,2c1190d3b505388dd,True,,,,,,,,,,1.0,1.0,1.0,1.0,1.0,1.0,1.0,1.0,1.0,1.0
2322,46674c511c8ea3dfc,True,,,,,,,,,,1.0,1.0,1.0,1.0,0.8877794438948968,1.0,1.0,1.0,1.0,0.9649310762171552
2323,d409509cfbf993fc3,True,,,,,,,,,,1.0,1.0,1.0,1.0,1.0,1.0,0.0,1.0,1.0,0.875
2324,caa48a6115952f402,True,,,,,,,,,,1.0,0.0,1.0,1.0,1.0,1.0,1.0,1.0,0.0,0.0
2325,3fa4f9afc8577cdb1,True,,,,,,,,,,1.0,1.0,1.0,1.0,0.8683573038804536,0.0,0.0,1.0,0.0,0.39636165746264174
2326,1f61d345cacd5e1d1,True,,,,,,,,,,1.0,1.0,1.0,1.0,0.9187453475743691,1.0,1.0,1.0,1.0,0.9746079211169904
2327,583a61a4880467bf7,True,,,,,,,,,,1.0,1.0,1.0,1.0,0.2729648275390954,1.0,1.0,1.0,0.0,0.6478015086059673
2328,ee893ffe397bbd4fb,True,,,,,,,,,,0.5,0.0,1.0,1.0,1.0,0.0,1.0,1.0,0.0,0.0
2329,67ef263669c2bab4b,True,,,,,,,,,,1.0,1.0,1.0,1.0,0.4998116931487611,1.0,1.0,1.0,0.0,0.7186911541089879
2330,dd8018127da6cb6ad,True,,,,,,,,,,1.0,1.0,1.0,1.0,0.4567854203438634,1.0,1.0,1.0,1.0,0.8302454438574574
2331,c548f7528dc6ad5c8,True,,,,,,,,,,1.0,1.0,0.5,1.0,0.9121496612809322,1.0,0.0,1.0,0.0,0.3612733845751457
2332,67580f8a1bb721dcf,True,,,,,,,,,,1.0,1.0,1.0,1.0,0.7331233654011116,1.0,1.0,1.0,1.0,0.9166010516878473
2333,3c4a076e3eb21f85e,True,,,,,,,,,,1.0,1.0,0.0,1.0,1.0,1.0,0.0,1.0,1.0,0.0
2334,0c9af5dd9b0259374,True,,,,,,,,,,0.0,1.0,1.0,0.0,1.0,0.0,1.0,1.0,1.0,0.0
2335,17e36b4f4f12c5fd5,True,,,,,,,,,,1.0,1.0,1.0,1.0,0.8209495656125428,1.0,1.0,1.0,1.0,0.9440467392539196
2336,8ae96b22321e730ee,True,,,,,,,,,,1.0,1.0,1.0,1.0,0.6721306212227661,1.0,0.0,1.0,1.0,0.7725408191321144
2337,d24b5a7c9247ecd43,True,,,,,,,,,,1.0,0.0,1.0,1.0,0.31752282302886276,1.0,1.0,1.0,0.0,0.0
2338,e4fca12e85b84a61b,True,,,,,,,,,,0.0,0.0,1.0,1.0,1.0,0.0,1.0,1.0,0.0,0.0
2339,4831965b341a7fca8,True,,,,,,,,,,1.0,1.0,1.0,1.0,0.7657399051972373,1.0,1.0,1.0,1.0,0.9267937203741367
2340,5d7c10a16ad487174,True,,,,,,,,,,1.0,1.0,1.0,1.0,1.0,1.0,0.0,1.0,1.0,0.875
2341,f15e1bae8a03b12b1,True,,,,,,,,,,1.0,1.0,0.5,1.0,1.0,1.0,0.0,1.0,1.0,0.4375
2342,b6ce710fb40df843d,True,,,,,,,,,,1.0,1.0,1.0,1.0,1.0,1.0,1.0,1.0,0.0,0.875
2343,934550d99dbe5a996,True,,,,,,,,,,1.0,1.0,0.0,1.0,0.8744175451720142,1.0,0.0,1.0,0.0,0.0
2344,fec4e607d84e38636,True,,,,,,,,,,1.0,1.0,1.0,1.0,1.0,1.0,0.0,1.0,1.0,0.875
2345,6d9912bf7efcd9fa0,True,,,,,,,,,,1.0,1.0,1.0,1.0,0.1328310606342267,1.0,1.0,1.0,1.0,0.7290097064481958
2346,b6ff83d0cafd7c12e,True,,,,,,,,,,1.0,1.0,1.0,1.0,0.6282230365722784,1.0,0.0,1.0,0.0,0.6338196989288369
2347,710c63e733bb79b47,True,,,,,,,,,,1.0,1.0,1.0,1.0,0.8038433298116168,1.0,1.0,1.0,1.0,0.9387010405661302
2348,bfa4c1bdc4387e96e,True,,,,,,,,,,1.0,1.0,1.0,1.0,0.7031039157253347,1.0,0.0,1.0,1.0,0.7822199736641671
2349,58bd6bb780642e715,True,,,,,,,,,,1.0,0.0,1.0,1.0,1.0,1.0,0.0,1.0,1.0,0.0
2350,253e19e9e77501575,True,,,,,,,,,,1.0,1.0,1.0,1.0,0.4902419630819496,1.0,1.0,1.0,1.0,0.8407006134631092
2351,34c0cbcc136c66c89,True,,,,,,,,,,1.0,1.0,1.0,1.0,0.8076392113999581,1.0,0.0,1.0,1.0,0.8148872535624869
2352,7c851ab07e3f1d15f,True,,,,,,,,,,1.0,1.0,1.0,1.0,0.6104523877386012,1.0,1.0,1.0,0.0,0.7532663711683129
2353,342ef8eb6e93505ce,True,,,,,,,,,,1.0,1.0,1.0,1.0,0.9707903258199545,1.0,0.0,1.0,1.0,0.8658719768187357
2354,e7c2b26b8d9679ed7,True,,,,,,,,,,1.0,1.0,1.0,1.0,0.5706439063917643,1.0,1.0,1.0,1.0,0.8658262207474263
2355,02644631a56fa1750,True,,,,,,,,,,1.0,1.0,1.0,1.0,0.27805027247044234,1.0,1.0,1.0,1.0,0.7743907101470132
2356,a8e077fe91ae167df,True,,,,,,,,,,1.0,1.0,1.0,1.0,0.7603575835975906,1.0,0.0,1.0,1.0,0.8001117448742471
2357,4aa1d2e5835ad59ee,True,,,,,,,,,,1.0,1.0,1.0,1.0,0.6160555343555616,1.0,1.0,1.0,0.0,0.755017354486113
2358,4d65febaea8d3fd84,True,,,,,,,,,,1.0,1.0,1.0,1.0,0.2725185604511635,1.0,0.0,1.0,1.0,0.6476620501409887
2359,f5751be1c6f840216,True,,,,,,,,,,1.0,0.0,0.0,1.0,1.0,1.0,0.0,1.0,0.0,0.0
2360,a423127bc4cb28773,True,,,,,,,,,,1.0,1.0,1.0,1.0,0.6397774873158769,1.0,1.0,1.0,0.0,0.7624304647862116
2361,58529df281ddba3bc,True,,,,,,,,,,1.0,1.0,1.0,1.0,0.3197129608951463,1.0,1.0,1.0,0.0,0.6624103002797332
2362,ac0e0083b3ca184aa,True,,,,,,,,,,1.0,1.0,1.0,1.0,1.0,1.0,0.0,0.0,0.0,0.625
2363,d1b44adf0f1195ea7,True,,,,,,,,,,1.0,1.0,1.0,1.0,0.11051393326441432,1.0,1.0,1.0,1.0,0.7220356041451295
2364,3843fa52f9eff158e,True,,,,,,,,,,0.5,0.0,0.0,0.0,1.0,0.0,1.0,1.0,0.0,0.0
2365,6f23cf03f94e36b89,True,,,,,,,,,,1.0,1.0,1.0,1.0,0.6761631637874309,1.0,1.0,1.0,0.0,0.7738009886835722
2366,6561872854225db74,True,,,,,,,,,,1.0,1.0,1.0,1.0,1.0,1.0,1.0,1.0,0.0,0.875
2367,c0a268f5942ff8fac,True,,,,,,,,,,1.0,1.0,1.0,1.0,1.0,1.0,1.0,1.0,1.0,1.0
2368,0c70bd071d5a4b2fd,True,,,,,,,,,,1.0,1.0,1.0,1.0,0.26527652936968504,1.0,1.0,1.0,0.0,0.6453989154280266
2369,82d900751ef2cc1dc,True,,,,,,,,,,1.0,1.0,1.0,1.0,1.0,1.0,0.0,1.0,0.0,0.75
2370,474779897c967667c,True,,,,,,,,,,0.0,0.0,1.0,1.0,1.0,0.0,1.0,1.0,0.0,0.0
2371,18baf55921621bf61,True,,,,,,,,,,1.0,1.0,1.0,0.0,1.0,1.0,1.0,1.0,1.0,0.0
2372,51f2dcebd843e5ea9,True,,,,,,,,,,1.0,1.0,1.0,1.0,1.0,1.0,0.0,1.0,1.0,0.875
2373,80d431e91d34320c9,True,,,,,,,,,,1.0,1.0,1.0,1.0,0.7010691679117577,1.0,0.0,1.0,1.0,0.7815841149724243
2374,c2d01510da5dcbb7b,True,,,,,,,,,,1.0,1.0,1.0,1.0,0.34943971175530497,1.0,1.0,1.0,1.0,0.7966999099235328
2375,4d115c250e5dc02b1,True,,,,,,,,,,1.0,1.0,1.0,1.0,0.3468792200358282,1.0,1.0,1.0,0.0,0.6708997562611962
2376,e576f1ec67be1cbd0,True,,,,,,,,,,1.0,0.0,1.0,1.0,0.8629211712803141,1.0,1.0,1.0,1.0,0.0
2377,676ffbee9ca648d5c,True,,,,,,,,,,0.0,1.0,1.0,1.0,1.0,0.0,1.0,1.0,1.0,0.0
2378,dfa9b874b33acc858,True,,,,,,,,,,1.0,1.0,1.0,1.0,0.6276390198359811,1.0,1.0,1.0,0.0,0.7586371936987442
2379,88943e0d8ac52cc5f,True,,,,,,,,,,1.0,1.0,1.0,1.0,1.0,1.0,0.0,1.0,1.0,0.875
2380,481cb8f4c173a9ed0,True,,,,,,,,,,1.0,1.0,1.0,1.0,0.7526334283355167,1.0,1.0,1.0,1.0,0.922697946354849
2381,62c7829548c7f7e94,True,,,,,,,,,,1.0,1.0,1.0,1.0,0.9567118531281226,1.0,0.0,1.0,1.0,0.8614724541025383
2382,68c48977b8b13f11f,True,,,,,,,,,,1.0,1.0,1.0,1.0,1.0,1.0,1.0,1.0,1.0,1.0
2383,56ce783224ed8bbc4,True,,,,,,,,,,1.0,1.0,1.0,1.0,0.6450404921169839,1.0,0.0,1.0,0.0,0.6390751537865574
2384,3a5164bb3f2fdabd5,True,,,,,,,,,,1.0,1.0,0.5,1.0,0.6691250403371569,1.0,1.0,1.0,0.0,0.38580078755268077
2385,0ba7e570a3d546654,True,,,,,,,,,,1.0,1.0,1.0,1.0,0.8588349431944977,1.0,1.0,1.0,1.0,0.9558859197482805
2386,6232a0b37017c2c9f,True,,,,,,,,,,1.0,1.0,1.0,1.0,0.3466423559974346,1.0,1.0,1.0,1.0,0.7958257362491983
2387,bcb569c08d9409956,True,,,,,,,,,,1.0,1.0,1.0,1.0,0.3170240060206046,1.0,0.0,1.0,1.0,0.661570001881439
2388,58a779e8d452e3877,True,,,,,,,,,,1.0,1.0,1.0,1.0,0.8420463560088038,1.0,1.0,1.0,1.0,0.9506394862527512
2389,a389c63fbad3287f2,True,,,,,,,,,,1.0,1.0,1.0,1.0,1.0,1.0,1.0,1.0,0.0,0.875
2390,541803e1775a85786,True,,,,,,,,,,1.0,1.0,1.0,1.0,0.7661769858301491,1.0,1.0,1.0,0.0,0.8019303080719216
2391,022f2dcc42d892201,True,,,,,,,,,,1.0,1.0,1.0,1.0,0.4104870702958285,1.0,0.0,1.0,0.0,0.5657772094674464
2392,e11c0271d9082ef0a,True,,,,,,,,,,1.0,1.0,0.5,1.0,0.5295883442302324,1.0,0.0,1.0,1.0,0.3639981787859738
2393,3d05bde7ec3405ddd,True,,,,,,,,,,1.0,1.0,1.0,1.0,1.0,1.0,0.0,1.0,1.0,0.875
2394,fdef069dff8b15c66,True,,,,,,,,,,0.0,1.0,1.0,1.0,1.0,1.0,1.0,1.0,0.0,0.0
2395,fb4312a55bc021d23,True,,,,,,,,,,1.0,1.0,1.0,1.0,0.7311306450883549,1.0,1.0,1.0,1.0,0.9159783265901109
2396,9aabc1816bfcdd63e,True,,,,,,,,,,1.0,1.0,1.0,1.0,0.7935242595580183,1.0,0.0,1.0,1.0,0.8104763311118808
2397,024776041efb70cd4,True,,,,,,,,,,1.0,1.0,1.0,1.0,0.8471681431527794,1.0,0.0,1.0,1.0,0.8272400447352436
2398,1908461428632f5dd,True,,,,,,,,,,1.0,1.0,1.0,1.0,0.801284200564916,1.0,1.0,1.0,1.0,0.9379013126765363
2399,02a66384ce22f1be6,True,,,,,,,,,,1.0,1.0,1.0,1.0,0.5336605165529644,1.0,1.0,1.0,0.0,0.7292689114228014
2400,f42ba561b2c6f684a,True,,,,,,,,,,1.0,1.0,1.0,1.0,0.6360495907692287,1.0,1.0,1.0,1.0,0.886265497115384
2401,d85e0580a10c3e544,True,,,,,,,,,,1.0,1.0,1.0,1.0,0.844700312443646,1.0,0.0,1.0,0.0,0.7014688476386394
2402,9f713e2cd506e1fef,True,,,,,,,,,,1.0,1.0,1.0,1.0,1.0,1.0,1.0,1.0,1.0,1.0
2403,18a239284011dd8c3,True,,,,,,,,,,1.0,1.0,0.0,1.0,0.9384221372051782,1.0,0.0,1.0,0.0,0.0
2404,84ca2983c8da58e9b,True,,,,,,,,,,1.0,1.0,1.0,1.0,1.0,1.0,0.0,1.0,0.0,0.75
2405,5bc5b9c19039b3131,True,,,,,,,,,,1.0,1.0,1.0,1.0,0.791952875339953,1.0,0.0,1.0,1.0,0.8099852735437353
2406,588f47bdc35784c16,True,,,,,,,,,,1.0,1.0,1.0,1.0,0.7433256989723166,1.0,0.0,1.0,0.0,0.6697892809288489
2407,c7f9e3c05b67e2257,True,,,,,,,,,,0.0,1.0,1.0,1.0,1.0,0.0,1.0,1.0,1.0,0.0
2408,d773ee01e5118e39d,True,,,,,,,,,,1.0,0.0,1.0,1.0,1.0,1.0,1.0,1.0,0.0,0.0
2409,ac3ff7df2071920ad,True,,,,,,,,,,1.0,1.0,1.0,1.0,1.0,1.0,0.0,1.0,0.0,0.75
2410,d790b694cb899e145,True,,,,,,,,,,1.0,1.0,1.0,1.0,0.8408595057244159,1.0,1.0,1.0,1.0,0.95026859553888
2411,073a5d3c4224d9aa8,True,,,,,,,,,,0.0,1.0,1.0,1.0,1.0,0.0,0.0,1.0,1.0,0.0
2412,ed038c1798a7006eb,True,,,,,,,,,,0.0,1.0,0.5,0.0,1.0,0.0,0.0,1.0,1.0,0.0
2413,c47485175a1a20fe8,True,,,,,,,,,,0.0,0.0,0.5,1.0,1.0,0.0,0.0,1.0,1.0,0.0
2414,a1467b53499fa05f6,True,,,,,,,,,,1.0,0.0,1.0,1.0,1.0,1.0,0.0,1.0,0.0,0.0
2415,6e72febafe28c367c,True,,,,,,,,,,1.0,1.0,0.5,1.0,1.0,1.0,0.0,1.0,1.0,0.4375
2416,5351d5bec3ef40436,True,,,,,,,,,,1.0,0.0,1.0,1.0,0.898500139251832,1.0,1.0,1.0,1.0,0.0
2417,d18ebc94f4f3cb405,True,,,,,,,,,,1.0,1.0,1.0,1.0,1.0,1.0,0.0,1.0,1.0,0.875
2418,fe2856fd4df6ee473,True,,,,,,,,,,1.0,1.0,1.0,1.0,0.8331868558314509,1.0,1.0,1.0,1.0,0.9478708924473285
2419,67df061cc3bf5fa44,True,,,,,,,,,,1.0,1.0,1.0,1.0,0.6811959072725448,1.0,1.0,1.0,0.0,0.7753737210226702
2420,ce572306b1a6a0b96,True,,,,,,,,,,1.0,1.0,0.5,1.0,1.0,1.0,0.0,1.0,1.0,0.4375
2421,fe3306915ae1e2328,True,,,,,,,,,,1.0,1.0,1.0,1.0,0.627042158667425,1.0,1.0,1.0,0.0,0.7584506745835703
2422,78e346fdbeb014770,True,,,,,,,,,,1.0,1.0,1.0,1.0,0.2870235407597579,1.0,1.0,1.0,0.0,0.6521948564874244
2423,fafc51e87167a3031,True,,,,,,,,,,1.0,0.0,1.0,1.0,0.9422702958552012,1.0,1.0,1.0,0.0,0.0
2424,576ad4ad9e64275b1,True,,,,,,,,,,1.0,0.0,1.0,1.0,0.0,1.0,0.0,1.0,0.0,0.0
2425,223f276058256f999,True,,,,,,,,,,1.0,1.0,1.0,1.0,0.7193328092819673,1.0,1.0,1.0,0.0,0.7872915029006148
2426,669069f25d57f77ae,True,,,,,,,,,,1.0,1.0,0.0,1.0,1.0,1.0,0.0,1.0,0.0,0.0
2427,c1971860f95cbc9ac,True,,,,,,,,,,1.0,1.0,1.0,1.0,0.30288994987135226,1.0,0.0,1.0,1.0,0.6571531093347975
2428,dcf19e94036cc47aa,True,,,,,,,,,,1.0,1.0,0.0,1.0,1.0,1.0,0.0,1.0,1.0,0.0
2429,8051fe3f500d43528,True,,,,,,,,,,1.0,1.0,1.0,1.0,0.8274836384114911,1.0,0.0,1.0,1.0,0.821088637003591
2430,c912edcab444df468,True,,,,,,,,,,1.0,1.0,1.0,1.0,0.7520260434919003,1.0,1.0,1.0,0.0,0.7975081385912188
2431,60b75083635860a0a,True,,,,,,,,,,1.0,0.0,1.0,1.0,1.0,1.0,1.0,1.0,0.0,0.0
2432,467d53c4d720db393,True,,,,,,,,,,1.0,0.0,1.0,1.0,0.509902256971998,1.0,1.0,1.0,0.0,0.0
2433,f1ba8705833975e6b,True,,,,,,,,,,1.0,1.0,1.0,1.0,1.0,1.0,1.0,1.0,1.0,1.0
2434,fd6e363385145a378,True,,,,,,,,,,1.0,0.0,1.0,1.0,1.0,1.0,0.0,1.0,1.0,0.0
2435,09bd7428736e6525b,True,,,,,,,,,,1.0,1.0,1.0,1.0,0.33819100917078543,1.0,1.0,1.0,1.0,0.7931846903658705
2436,3e0e15540dab7a9e5,True,,,,,,,,,,1.0,0.0,1.0,1.0,0.6115441093788642,1.0,1.0,1.0,1.0,0.0
2437,1d9d3ed0717ab4ffd,True,,,,,,,,,,1.0,1.0,1.0,1.0,0.4369418042743376,0.0,0.0,1.0,0.0,0.2615443138357305
2438,f1386d10ece58ca18,True,,,,,,,,,,1.0,1.0,1.0,1.0,0.6818603337841294,1.0,0.0,1.0,0.0,0.6505813543075405
2439,f67fdc6f83d2e8656,True,,,,,,,,,,1.0,1.0,0.5,1.0,0.9289213454192538,1.0,0.0,1.0,1.0,0.4263939602217584
2440,429111d26e72d90ae,True,,,,,,,,,,1.0,1.0,1.0,1.0,0.47291916201269013,1.0,1.0,1.0,1.0,0.8352872381289657
2441,2833f76e80e4d4998,True,,,,,,,,,,1.0,1.0,1.0,1.0,0.7507312220945275,1.0,1.0,1.0,1.0,0.9221035069045398
2442,73b46033e2af4eb96,True,,,,,,,,,,1.0,1.0,1.0,1.0,0.46445868891729764,1.0,0.0,1.0,0.0,0.5826433402866555
2443,cf84397ec4944d689,True,,,,,,,,,,0.0,1.0,1.0,1.0,1.0,0.0,0.0,0.0,0.0,0.0
2444,92543dc9e560f1be0,True,,,,,,,,,,1.0,1.0,1.0,1.0,1.0,1.0,1.0,1.0,1.0,1.0
2445,0e79638f76319d5dd,True,,,,,,,,,,1.0,1.0,1.0,1.0,0.7416907955892134,1.0,1.0,1.0,1.0,0.9192783736216292
2446,390d17b9e350ffe45,True,,,,,,,,,,1.0,1.0,1.0,1.0,0.818042549905987,1.0,1.0,1.0,1.0,0.943138296845621
2447,e544f94267510bde0,True,,,,,,,,,,1.0,0.0,1.0,1.0,1.0,1.0,0.0,1.0,0.0,0.0
2448,f6817999b4946e35c,True,,,,,,,,,,1.0,1.0,1.0,1.0,1.0,1.0,1.0,1.0,1.0,1.0
2449,522ec458b8ed55662,True,,,,,,,,,,1.0,1.0,1.0,1.0,0.6196457934285763,1.0,0.0,1.0,1.0,0.7561393104464301
2450,db81ab220d6667266,True,,,,,,,,,,0.0,1.0,1.0,1.0,0.816860778044945,0.0,0.0,1.0,1.0,0.0
2451,880ea2e1739fd042f,True,,,,,,,,,,1.0,1.0,1.0,1.0,0.2728636392172227,1.0,1.0,1.0,1.0,0.7727698872553821
2452,b19a34b568608122f,True,,,,,,,,,,1.0,1.0,1.0,1.0,0.9484428001556497,1.0,0.0,1.0,1.0,0.8588883750486406
2453,3eff742f795344f8e,True,,,,,,,,,,1.0,0.0,1.0,1.0,0.20018267305508333,1.0,0.0,1.0,1.0,0.0
2454,99775d29ec2361de1,True,,,,,,,,,,1.0,0.0,1.0,1.0,0.3417092664100349,1.0,1.0,1.0,1.0,0.0
2455,506d9cb85442a6577,True,,,,,,,,,,1.0,1.0,1.0,1.0,0.5990564415522924,1.0,0.0,1.0,1.0,0.7497051379850914
2456,3029efd936ffc0d0d,True,,,,,,,,,,1.0,1.0,1.0,1.0,0.7260605231989707,1.0,0.0,1.0,1.0,0.7893939134996784
2457,4082fe517c4e84c40,True,,,,,,,,,,1.0,1.0,1.0,1.0,0.8327038724837664,1.0,1.0,1.0,0.0,0.822719960151177
2458,43b92681b98be1dd3,True,,,,,,,,,,1.0,0.0,0.5,1.0,1.0,1.0,0.0,1.0,0.0,0.0
2459,c356f7c7a4dfada23,True,,,,,,,,,,1.0,1.0,1.0,1.0,0.5565314488743698,1.0,0.0,1.0,1.0,0.7364160777732406
2460,bc012430feac631cb,True,,,,,,,,,,1.0,1.0,1.0,1.0,0.8031289607589784,1.0,1.0,1.0,1.0,0.9384778002371807
2461,5922fad17f2f5e59f,True,,,,,,,,,,1.0,1.0,0.0,1.0,1.0,0.0,0.0,0.0,0.0,0.0
2462,22a3ae905426058d2,True,,,,,,,,,,1.0,1.0,0.0,1.0,1.0,1.0,0.0,1.0,0.0,0.0
2463,90d6b6889f35e691d,True,,,,,,,,,,1.0,1.0,1.0,1.0,0.8841409264516351,1.0,0.0,1.0,0.0,0.713794039516136
2464,01b75264953369ae4,True,,,,,,,,,,1.0,1.0,0.5,1.0,1.0,1.0,0.0,1.0,1.0,0.4375
2465,37eb625a0529e1cfa,True,,,,,,,,,,1.0,1.0,1.0,1.0,0.9777966086508261,1.0,1.0,1.0,1.0,0.9930614402033832
2466,8257b0ad7e1b11a15,True,,,,,,,,,,1.0,1.0,1.0,1.0,0.7911689782325612,1.0,1.0,1.0,1.0,0.9347403056976753
2467,8cc221e21b07d66db,True,,,,,,,,,,0.0,1.0,1.0,1.0,1.0,0.0,0.0,0.0,0.0,0.0
2468,887a22206566761ea,True,,,,,,,,,,1.0,1.0,1.0,1.0,0.49504505964685375,1.0,1.0,1.0,0.0,0.7172015811396418
2469,d50c124d290a31078,True,,,,,,,,,,1.0,1.0,0.0,1.0,1.0,1.0,1.0,1.0,0.0,0.0
2470,96162a63802df3c29,True,,,,,,,,,,1.0,1.0,1.0,1.0,1.0,1.0,1.0,1.0,0.0,0.875
2471,0cda637bebb7a14dc,True,,,,,,,,,,1.0,1.0,1.0,1.0,0.8601836658368758,1.0,1.0,0.0,0.0,0.7063073955740237
2472,4e61e52835cb5d3ef,True,,,,,,,,,,1.0,1.0,1.0,1.0,0.6887844365046554,1.0,0.0,1.0,0.0,0.6527451364077048
2473,953bd3451def71fb4,True,,,,,,,,,,1.0,1.0,0.5,1.0,0.6593617678250953,1.0,1.0,1.0,0.0,0.3842752762226711
2474,543679cd5973594a2,True,,,,,,,,,,1.0,1.0,1.0,1.0,0.7020545052539112,1.0,1.0,1.0,1.0,0.9068920328918473
2475,425b819f70d25df0e,True,,,,,,,,,,1.0,1.0,1.0,1.0,0.6017660579411694,1.0,1.0,1.0,0.0,0.7505518931066155
2476,75a91bdf0ba2aeea9,True,,,,,,,,,,1.0,1.0,1.0,1.0,0.7195655620336342,1.0,0.0,1.0,0.0,0.6623642381355107
2477,c71b26ad44d13d5a5,True,,,,,,,,,,0.0,1.0,1.0,1.0,1.0,0.0,1.0,1.0,1.0,0.0
2478,b46226c085423d5a9,True,,,,,,,,,,1.0,1.0,1.0,1.0,0.7616360572106629,1.0,1.0,1.0,1.0,0.9255112678783322
2479,b6217c8c8ec53139f,True,,,,,,,,,,1.0,1.0,1.0,1.0,0.6029127834091838,1.0,1.0,1.0,0.0,0.7509102448153699
2480,81523e3e502f7fd7f,True,,,,,,,,,,1.0,1.0,1.0,1.0,1.0,1.0,1.0,1.0,0.0,0.875
2481,c429ee2fbcaf012bc,True,,,,,,,,,,1.0,1.0,1.0,1.0,0.7620775086325874,1.0,1.0,1.0,1.0,0.9256492214476836
2482,666a09df2cf7b4568,True,,,,,,,,,,1.0,1.0,0.0,1.0,0.867448134182418,1.0,0.0,1.0,0.0,0.0
2483,f1e38b58130384157,True,,,,,,,,,,1.0,1.0,0.5,1.0,0.5956813032497584,1.0,0.0,1.0,0.0,0.3118252036327748
2484,6c0405cd5c40c15ab,True,,,,,,,,,,1.0,0.0,1.0,1.0,1.0,1.0,0.0,1.0,0.0,0.0
2485,bc9c6d13fa066c8ed,True,,,,,,,,,,1.0,1.0,1.0,1.0,0.9747345773870741,1.0,1.0,1.0,1.0,0.9921045554334607
2486,c7f0d1c6de80f0c15,True,,,,,,,,,,1.0,1.0,1.0,1.0,0.4920449249511977,1.0,1.0,1.0,0.0,0.7162640390472492
2487,a77ac8c195ac2cc7a,True,,,,,,,,,,1.0,0.0,0.5,1.0,1.0,1.0,0.0,1.0,0.0,0.0
2488,118825fc5cd99a244,True,,,,,,,,,,1.0,1.0,1.0,1.0,1.0,0.0,0.0,1.0,1.0,0.5625
2489,2de791cac29ff4f89,True,,,,,,,,,,1.0,1.0,1.0,1.0,0.913380443186025,1.0,1.0,1.0,1.0,0.9729313884956328
2490,406c46b5527457915,True,,,,,,,,,,1.0,1.0,1.0,1.0,1.0,1.0,0.0,1.0,1.0,0.875
2491,3c2d7205574952616,True,,,,,,,,,,1.0,1.0,1.0,1.0,1.0,0.0,0.0,1.0,0.0,0.4375
2492,2bf1c7fc03ffaa988,True,,,,,,,,,,1.0,1.0,1.0,1.0,0.7666462630371952,1.0,0.0,1.0,1.0,0.8020769571991235
2493,3d9b28f26222924ba,True,,,,,,,,,,0.0,1.0,1.0,1.0,1.0,0.0,0.0,1.0,0.0,0.0
2494,82b54bb048c67baba,True,,,,,,,,,,1.0,1.0,1.0,1.0,0.6138989706055957,1.0,0.0,1.0,0.0,0.6293434283142487
2495,ea57c9c13c9526722,True,,,,,,,,,,0.5,1.0,1.0,1.0,1.0,0.0,0.0,1.0,0.0,0.21875
2496,ed75936c057902b19,True,,,,,,,,,,1.0,1.0,1.0,1.0,0.6800527346157949,1.0,0.0,1.0,1.0,0.7750164795674359
2497,7c8ff6814e197c909,True,,,,,,,,,,0.0,1.0,1.0,1.0,1.0,0.0,0.0,1.0,0.0,0.0
2498,7a163daf930e48637,True,,,,,,,,,,1.0,0.0,0.0,1.0,1.0,1.0,0.0,1.0,0.0,0.0
2499,8003dfc9e785aaede,True,,,,,,,,,,0.0,1.0,1.0,1.0,1.0,0.0,1.0,1.0,0.0,0.0
2500,402bdbb00ffac92e5,True,,,,,,,,,,1.0,1.0,1.0,1.0,0.9242149169570504,1.0,1.0,1.0,1.0,0.9763171615490782
2501,1062c697adcf808eb,True,,,,,,,,,,1.0,1.0,1.0,1.0,0.6340846510766454,1.0,1.0,1.0,0.0,0.7606514534614517
2502,ca521b286f7fb606e,True,,,,,,,,,,0.0,1.0,1.0,1.0,0.8706595230092249,0.0,1.0,1.0,0.0,0.0
2503,c0ae3c7041a387641,True,,,,,,,,,,1.0,1.0,1.0,1.0,1.0,1.0,1.0,1.0,0.0,0.875
2504,32f66fdb48e988c92,True,,,,,,,,,,1.0,1.0,1.0,1.0,1.0,1.0,0.0,1.0,0.0,0.75
2505,e2272321d7d429d4f,True,,,,,,,,,,1.0,0.0,0.5,1.0,1.0,1.0,0.0,0.0,0.0,0.0
2506,8fc9c5ae5ccfdda02,True,,,,,,,,,,1.0,1.0,1.0,1.0,0.4271984737931458,1.0,1.0,1.0,0.0,0.6959995230603581
2507,87bc17b46db863809,True,,,,,,,,,,1.0,1.0,1.0,1.0,0.9123862444294553,1.0,0.0,1.0,0.0,0.7226207013842048
2508,e1f0dcd38a9ec2523,True,,,,,,,,,,1.0,1.0,0.0,1.0,1.0,1.0,0.0,1.0,0.0,0.0
2509,a7ac5526d9ab827a7,True,,,,,,,,,,1.0,1.0,1.0,1.0,1.0,1.0,1.0,1.0,1.0,1.0
2510,6a3bedd49247610ca,True,,,,,,,,,,1.0,0.0,1.0,1.0,0.35829080243661776,1.0,1.0,1.0,0.0,0.0
2511,36350983298c6896a,True,,,,,,,,,,1.0,1.0,1.0,1.0,0.40888957452812436,1.0,1.0,1.0,1.0,0.8152779920400388
2512,3a914696b13bea070,True,,,,,,,,,,1.0,1.0,1.0,1.0,0.49952301266151083,1.0,1.0,1.0,1.0,0.8436009414567222
2513,1395f6f7af57b553b,True,,,,,,,,,,1.0,0.0,1.0,1.0,0.6505132384894247,1.0,0.0,1.0,0.0,0.0
2514,d7f69774de0c9938e,True,,,,,,,,,,1.0,0.0,1.0,1.0,0.7203445951422679,1.0,1.0,1.0,0.0,0.0
2515,43eb9502a0d70fcea,True,,,,,,,,,,1.0,1.0,1.0,1.0,0.29225287499298264,1.0,1.0,1.0,0.0,0.653829023435307
2516,52825507b7931e0f3,True,,,,,,,,,,1.0,1.0,1.0,1.0,1.0,1.0,1.0,1.0,1.0,1.0
2517,4ec9148a1b26673a2,True,,,,,,,,,,1.0,0.0,1.0,1.0,0.978981900247504,1.0,0.0,1.0,0.0,0.0
2518,59af906a1320b6ea8,True,,,,,,,,,,1.0,1.0,1.0,1.0,0.6484640226582441,1.0,1.0,1.0,1.0,0.8901450070807013
2519,969a72274e20ef86e,True,,,,,,,,,,1.0,1.0,1.0,1.0,0.4640634752185318,1.0,1.0,1.0,0.0,0.7075198360057912
2520,36c1bdf64ea8ffbe0,True,,,,,,,,,,1.0,1.0,1.0,1.0,1.0,1.0,0.0,1.0,1.0,0.875
2521,b2be12870f04d58f6,True,,,,,,,,,,1.0,1.0,1.0,1.0,1.0,1.0,1.0,1.0,1.0,1.0
2522,1a764c92b4c5c5a8a,True,,,,,,,,,,1.0,1.0,1.0,1.0,0.7336579482760165,1.0,1.0,1.0,0.0,0.7917681088362551
2523,64560358188d68edd,True,,,,,,,,,,1.0,1.0,1.0,1.0,0.8337894213592681,1.0,0.0,1.0,0.0,0.6980591941747714
2524,d16ba8a46fd2ff788,True,,,,,,,,,,1.0,1.0,1.0,1.0,0.5515593838780243,1.0,1.0,1.0,1.0,0.8598623074618825
2525,c71bdecb4c4eb5848,True,,,,,,,,,,1.0,1.0,0.5,1.0,0.6217959272041008,1.0,0.0,1.0,1.0,0.37840561362564074
2526,81a0fd8a5f248a253,True,,,,,,,,,,1.0,1.0,1.0,1.0,0.7550350426118335,1.0,1.0,1.0,0.0,0.798448450816198
2527,1e733017715140218,True,,,,,,,,,,1.0,1.0,1.0,1.0,0.9148897558493863,1.0,1.0,1.0,1.0,0.9734030487029333
2528,dee771fcf184f2521,True,,,,,,,,,,1.0,1.0,1.0,1.0,0.9923651070732651,1.0,0.0,1.0,1.0,0.8726140959603954
2529,beee26fb5719cdfcb,True,,,,,,,,,,1.0,0.0,1.0,0.0,1.0,1.0,1.0,1.0,0.0,0.0
2530,e70eb6c2ef34c64ec,True,,,,,,,,,,1.0,1.0,1.0,1.0,0.7309118671610167,1.0,1.0,1.0,0.0,0.7909099584878178
2531,aa2d7b83ea2052e20,True,,,,,,,,,,1.0,1.0,1.0,1.0,0.861529967033419,1.0,1.0,1.0,0.0,0.8317281146979434
2532,2fc976c7bc0d58fed,True,,,,,,,,,,1.0,1.0,1.0,1.0,1.0,1.0,1.0,1.0,1.0,1.0
2533,80c12d47df3847b19,True,,,,,,,,,,1.0,1.0,1.0,1.0,0.6824913069562069,1.0,1.0,1.0,1.0,0.9007785334238146
2534,175bc910c16425e5c,True,,,,,,,,,,1.0,1.0,1.0,1.0,0.48304115489791843,1.0,1.0,1.0,0.0,0.7134503609055995
2535,375ef6cffa757aadf,True,,,,,,,,,,1.0,1.0,1.0,1.0,0.6005077246594114,1.0,1.0,1.0,0.0,0.750158663956066
2536,e41845d0f5aba53e4,True,,,,,,,,,,0.0,1.0,1.0,1.0,1.0,0.0,0.0,1.0,0.0,0.0
2537,96ae6eb1972fb4ba7,True,,,,,,,,,,0.0,1.0,0.5,1.0,1.0,0.0,0.0,0.0,0.0,0.0
2538,e0d627ef80faeebd6,True,,,,,,,,,,1.0,1.0,1.0,1.0,1.0,1.0,0.0,1.0,0.0,0.75
2539,624d6c465e568f7a9,True,,,,,,,,,,1.0,0.0,1.0,1.0,1.0,1.0,0.0,0.0,0.0,0.0
2540,b1429f698429f9202,True,,,,,,,,,,1.0,1.0,1.0,1.0,0.8907139480723619,1.0,0.0,1.0,0.0,0.7158481087726132
2541,20120f09d1f74eb2c,True,,,,,,,,,,1.0,1.0,0.0,1.0,0.8044786611692749,1.0,0.0,1.0,0.0,0.0
2542,7474911d349b5a097,True,,,,,,,,,,1.0,1.0,1.0,1.0,1.0,1.0,1.0,1.0,1.0,1.0
2543,dbfdf8f55f68e448a,True,,,,,,,,,,0.0,1.0,1.0,1.0,1.0,0.0,1.0,1.0,0.0,0.0
2544,8108a6fe2b34f4118,True,,,,,,,,,,1.0,1.0,1.0,1.0,0.8948597183388934,1.0,1.0,1.0,1.0,0.9671436619809042
2545,bb46fbd459543e9c1,True,,,,,,,,,,1.0,0.0,1.0,1.0,0.9325215039972771,1.0,1.0,1.0,0.0,0.0
2546,4470091fffca9e391,True,,,,,,,,,,1.0,1.0,1.0,1.0,1.0,1.0,1.0,1.0,0.0,0.875
2547,e78314605bf2c19c9,True,,,,,,,,,,1.0,1.0,1.0,1.0,1.0,1.0,1.0,1.0,1.0,1.0
2548,f6f0f9e856ac09aa5,True,,,,,,,,,,1.0,1.0,1.0,1.0,0.6189486139678305,1.0,1.0,1.0,0.0,0.755921441864947
2549,660b054f474f6bec1,True,,,,,,,,,,1.0,1.0,1.0,1.0,0.7972355091247659,1.0,1.0,1.0,1.0,0.9366360966014894
2550,55d87f273908bb975,True,,,,,,,,,,0.0,1.0,1.0,1.0,1.0,0.0,0.0,1.0,1.0,0.0
2551,d7437e062d9eed183,True,,,,,,,,,,1.0,1.0,1.0,1.0,1.0,1.0,0.0,1.0,1.0,0.875
2552,2c0f4b65d27645882,True,,,,,,,,,,0.0,1.0,1.0,1.0,1.0,0.0,1.0,1.0,1.0,0.0
2553,4e062143c7bd91118,True,,,,,,,,,,1.0,1.0,0.0,1.0,1.0,1.0,0.0,1.0,0.0,0.0
2554,2d4e4632841c3cf8e,True,,,,,,,,,,1.0,1.0,1.0,1.0,1.0,1.0,0.0,1.0,0.0,0.75
2555,9bbf0a9e8d47e6d77,True,,,,,,,,,,1.0,1.0,0.0,1.0,1.0,1.0,0.0,1.0,1.0,0.0
2556,cd5e5b17476268370,True,,,,,,,,,,1.0,0.0,1.0,1.0,0.9116886502156538,1.0,1.0,1.0,0.0,0.0
2557,2ddb8a77091ace2c6,True,,,,,,,,,,1.0,1.0,1.0,1.0,0.7250603382787976,1.0,1.0,1.0,0.0,0.7890813557121242
2558,ed6d05f676ec3069b,True,,,,,,,,,,1.0,1.0,1.0,1.0,0.4980552336625418,1.0,1.0,1.0,1.0,0.8431422605195443
2559,50e8217a812643799,True,,,,,,,,,,1.0,1.0,1.0,1.0,0.7348585188106722,1.0,1.0,1.0,1.0,0.917143287128335
2560,fd7d31b9e1dfb00e7,True,,,,,,,,,,1.0,0.0,1.0,1.0,0.8133063043372247,1.0,0.0,0.0,0.0,0.0
2561,36c3a5d31d406a1c2,True,,,,,,,,,,1.0,1.0,1.0,1.0,0.9504973078935155,1.0,1.0,1.0,1.0,0.9845304087167236
2562,fa08741543328286c,True,,,,,,,,,,1.0,1.0,1.0,1.0,0.35812000048109827,1.0,1.0,1.0,1.0,0.7994125001503432
2563,64cb1964d2bb9f801,True,,,,,,,,,,1.0,1.0,1.0,1.0,0.8036394165718914,1.0,0.0,1.0,0.0,0.688637317678716
2564,b768b66003f09acc0,True,,,,,,,,,,1.0,1.0,1.0,1.0,0.27008202883619037,1.0,0.0,1.0,1.0,0.6469006340113095
2565,766195ae1ef2dac03,True,,,,,,,,,,1.0,1.0,0.0,1.0,0.8145024399877729,1.0,1.0,1.0,0.0,0.0
2566,0fa05fe58f28e1239,True,,,,,,,,,,1.0,1.0,1.0,1.0,0.7633678712644081,1.0,1.0,1.0,1.0,0.9260524597701275
2567,5415935ab116cd94f,True,,,,,,,,,,1.0,1.0,1.0,1.0,0.7718873693511328,1.0,0.0,1.0,0.0,0.678714802922229
2568,312967b0fb74d9524,True,,,,,,,,,,1.0,1.0,1.0,1.0,0.6615906161930154,1.0,1.0,1.0,1.0,0.8942470675603174
2569,7447fa48c5294d130,True,,,,,,,,,,1.0,0.0,1.0,1.0,1.0,1.0,0.0,1.0,0.0,0.0
2570,115bbfc42ca3a09e4,True,,,,,,,,,,1.0,1.0,1.0,1.0,1.0,1.0,0.0,1.0,0.0,0.75
2571,40fe52aee319a8b70,True,,,,,,,,,,1.0,1.0,1.0,1.0,0.9121177472897181,1.0,1.0,1.0,1.0,0.9725367960280369
2572,47af7b18d8bb14656,True,,,,,,,,,,1.0,1.0,1.0,1.0,0.6891317517607201,1.0,0.0,1.0,0.0,0.652853672425225
2573,a4a30a8fdac11dd71,True,,,,,,,,,,1.0,1.0,1.0,1.0,0.5193630938068954,1.0,1.0,1.0,0.0,0.7248009668146548
2574,8f3dd68f4334d028e,True,,,,,,,,,,1.0,1.0,1.0,1.0,0.8426960439226691,1.0,0.0,1.0,1.0,0.8258425137258341
2575,d70caeb8eb50fae31,True,,,,,,,,,,1.0,1.0,1.0,1.0,0.883261196301392,1.0,1.0,1.0,1.0,0.9635191238441849
2576,2bb698b451e491605,True,,,,,,,,,,1.0,1.0,1.0,1.0,0.4639301578740238,1.0,0.0,1.0,1.0,0.7074781743356324
2577,3e951c01a5baffd96,True,,,,,,,,,,1.0,1.0,1.0,1.0,1.0,1.0,0.0,1.0,1.0,0.875
2578,4e6440872891a9f19,True,,,,,,,,,,1.0,0.0,1.0,1.0,1.0,1.0,1.0,1.0,0.0,0.0
2579,d362ccbdddf4e0d3f,True,,,,,,,,,,1.0,0.0,1.0,1.0,1.0,1.0,0.0,1.0,0.0,0.0
2580,03765fd57aa87ab53,True,,,,,,,,,,1.0,0.0,1.0,1.0,0.24943020163952861,1.0,1.0,1.0,1.0,0.0
2581,bdd6ec1614649724b,True,,,,,,,,,,1.0,0.0,1.0,1.0,1.0,1.0,1.0,1.0,0.0,0.0
2582,099b82495b2e618d3,True,,,,,,,,,,1.0,1.0,1.0,1.0,0.23733885687378176,1.0,1.0,1.0,1.0,0.7616683927730568
2583,8f84117d4bb5c6f9b,True,,,,,,,,,,1.0,1.0,1.0,1.0,0.8930727015966636,1.0,0.0,1.0,1.0,0.8415852192489575
2584,97d9f320cc65aac2b,True,,,,,,,,,,1.0,1.0,1.0,1.0,0.6689885751280434,1.0,0.0,1.0,1.0,0.7715589297275136
2585,950706a6956dc566f,True,,,,,,,,,,0.0,1.0,1.0,1.0,1.0,0.0,0.0,1.0,0.0,0.0
2586,190768b2e92e01b36,True,,,,,,,,,,1.0,1.0,0.0,1.0,0.9736266155656682,1.0,0.0,1.0,0.0,0.0
2587,c82fe572121770ee2,True,,,,,,,,,,1.0,0.0,1.0,1.0,1.0,1.0,0.0,1.0,0.0,0.0
2588,df73f150c23f6aeec,True,,,,,,,,,,1.0,1.0,0.0,1.0,1.0,1.0,0.0,1.0,0.0,0.0
2589,3331cabab3946bf78,True,,,,,,,,,,1.0,1.0,1.0,1.0,0.7890047702955282,1.0,1.0,1.0,1.0,0.9340639907173526
2590,38de297bc8ae7c55e,True,,,,,,,,,,1.0,1.0,1.0,1.0,0.8301864618826855,1.0,1.0,1.0,1.0,0.9469332693383392
2591,41efa8e340c6ec6b0,True,,,,,,,,,,1.0,0.0,1.0,1.0,1.0,0.0,1.0,1.0,0.0,0.0
2592,8dd36b48e9549dfbb,True,,,,,,,,,,1.0,1.0,1.0,1.0,1.0,1.0,1.0,1.0,0.0,0.875
2593,7aa5cbd37497728d5,True,,,,,,,,,,1.0,1.0,1.0,1.0,0.7732555007001292,1.0,1.0,1.0,0.0,0.8041423439687904
2594,44d4ff5239aca3b14,True,,,,,,,,,,1.0,0.0,1.0,1.0,1.0,1.0,0.0,0.0,0.0,0.0
2595,646aa5cbfd5f84a9e,True,,,,,,,,,,1.0,1.0,1.0,1.0,0.9225246195534546,1.0,0.0,1.0,0.0,0.7257889436104545
2596,7f520a3f0158554b6,True,,,,,,,,,,0.0,1.0,1.0,1.0,1.0,0.0,0.0,1.0,1.0,0.0
2597,972be27c6916c8ef1,True,,,,,,,,,,1.0,1.0,1.0,1.0,0.8300263510334375,1.0,1.0,1.0,1.0,0.9468832346979492
2598,0abe9e69bf806a8c4,True,,,,,,,,,,1.0,1.0,1.0,1.0,0.5073310845136063,1.0,1.0,1.0,1.0,0.846040963910502
2599,2dbe11fffefbf239c,True,,,,,,,,,,1.0,0.0,0.0,1.0,0.6696874115646216,1.0,1.0,1.0,1.0,0.0
2600,afee933aa0fe755d2,True,,,,,,,,,,1.0,1.0,0.5,1.0,1.0,1.0,0.0,1.0,1.0,0.4375
2601,ddeb5e032c4e1657a,True,,,,,,,,,,1.0,1.0,1.0,1.0,0.6364522566697381,1.0,1.0,1.0,1.0,0.8863913302092932
2602,f4fb3d3b43707d6a3,True,,,,,,,,,,1.0,1.0,1.0,1.0,1.0,1.0,0.0,1.0,0.0,0.75
2603,153383cdbca3694c0,True,,,,,,,,,,1.0,1.0,1.0,1.0,0.6346503044324119,1.0,1.0,1.0,0.0,0.7608282201351287
2604,4bcb003422a19ae9a,True,,,,,,,,,,1.0,0.0,0.5,1.0,1.0,1.0,0.0,1.0,0.0,0.0
2605,b4bb23be8c8b3c00e,True,,,,,,,,,,1.0,1.0,1.0,1.0,0.7599132460865662,1.0,0.0,1.0,1.0,0.7999728894020519
2606,9f8032f6872d56164,True,,,,,,,,,,1.0,1.0,1.0,1.0,0.5956978646044837,1.0,1.0,1.0,0.0,0.7486555826889012
2607,e5f874a384d04ada1,True,,,,,,,,,,1.0,1.0,0.0,1.0,1.0,1.0,0.0,1.0,0.0,0.0
2608,b0cbc535fe9913787,True,,,,,,,,,,1.0,1.0,1.0,1.0,0.7568788655739697,1.0,1.0,1.0,0.0,0.7990246454918655
2609,1189a6ada09f1958a,True,,,,,,,,,,1.0,1.0,1.0,1.0,1.0,1.0,1.0,1.0,1.0,1.0
2610,9bfb6e5100707e5d1,True,,,,,,,,,,1.0,1.0,1.0,1.0,0.8469678361799197,1.0,1.0,1.0,1.0,0.9521774488062249
2611,19b05b1af3b23f887,True,,,,,,,,,,1.0,1.0,0.0,1.0,1.0,1.0,0.0,1.0,1.0,0.0
2612,894ee0eaafbdc05e5,True,,,,,,,,,,1.0,0.0,1.0,1.0,1.0,1.0,1.0,1.0,0.0,0.0
2613,bfee1080de1fa0853,True,,,,,,,,,,1.0,1.0,1.0,1.0,1.0,1.0,0.0,1.0,1.0,0.875
2614,39bdf934b35cb930d,True,,,,,,,,,,1.0,1.0,1.0,1.0,0.7904800236692539,1.0,1.0,1.0,1.0,0.9345250073966418
2615,5776fb2bb724aff1e,True,,,,,,,,,,1.0,1.0,0.0,1.0,1.0,1.0,0.0,1.0,1.0,0.0
2616,3de4e2683ea8699d4,True,,,,,,,,,,1.0,1.0,1.0,1.0,0.40787996684475664,1.0,1.0,1.0,1.0,0.8149624896389864
2617,52d06afe759842b4a,True,,,,,,,,,,1.0,0.0,0.5,1.0,1.0,1.0,0.0,1.0,0.0,0.0
2618,f65fc2cd212c5af85,True,,,,,,,,,,1.0,1.0,1.0,1.0,0.9128478246277997,1.0,1.0,0.0,0.0,0.7227649451961874
2619,1f607fe68e3fc6846,True,,,,,,,,,,1.0,1.0,1.0,1.0,1.0,1.0,1.0,1.0,0.0,0.875
2620,885154f1032e04177,True,,,,,,,,,,1.0,0.0,1.0,1.0,1.0,1.0,0.0,1.0,0.0,0.0
2621,2b19e158862e6b7cd,True,,,,,,,,,,1.0,1.0,1.0,1.0,0.8202737624927835,1.0,0.0,1.0,1.0,0.8188355507789948
2622,6a45a8aa53220a0e3,True,,,,,,,,,,1.0,1.0,1.0,1.0,0.26197955625390584,1.0,1.0,1.0,0.0,0.6443686113293456
2623,227d0fa0ac82a6985,True,,,,,,,,,,1.0,1.0,1.0,1.0,0.5261877942678399,1.0,1.0,0.0,0.0,0.6019336857087
2624,11c4a9e4096f68947,True,,,,,,,,,,1.0,1.0,1.0,1.0,0.7694896791102077,1.0,1.0,1.0,0.0,0.8029655247219399
2625,38cc35d94ab3f203c,True,,,,,,,,,,1.0,1.0,1.0,1.0,0.6574302266603282,1.0,0.0,1.0,0.0,0.6429469458313526
2626,4b0f639cbf3aaa353,True,,,,,,,,,,1.0,1.0,1.0,1.0,1.0,1.0,0.0,1.0,1.0,0.875
2627,c43503e3cebf10b69,True,,,,,,,,,,1.0,1.0,1.0,1.0,0.6507192156572635,1.0,0.0,1.0,1.0,0.7658497548928949
2628,f24caea64b35ec9e9,True,,,,,,,,,,1.0,1.0,1.0,1.0,0.9361173713414512,1.0,1.0,1.0,0.0,0.8550366785442035
2629,0a043b6dfbe71d53e,True,,,,,,,,,,1.0,1.0,1.0,1.0,0.6466438526559649,1.0,0.0,1.0,1.0,0.764576203954989
2630,1dc0a8f14dc973a72,True,,,,,,,,,,0.0,1.0,1.0,1.0,1.0,0.0,1.0,1.0,1.0,0.0
2631,70543352531547cfd,True,,,,,,,,,,1.0,1.0,1.0,1.0,1.0,1.0,0.0,1.0,1.0,0.875
2632,fd2d5da64073721d2,True,,,,,,,,,,1.0,1.0,1.0,1.0,0.6813442951463329,1.0,0.0,1.0,0.0,0.650420092233229
2633,0a16bdbfa64eeb441,True,,,,,,,,,,1.0,0.0,1.0,1.0,1.0,1.0,1.0,1.0,0.0,0.0
2634,86ec67f271b64b199,True,,,,,,,,,,1.0,1.0,0.0,1.0,0.7781992370339045,1.0,0.0,1.0,0.0,0.0
2635,36c18e8d239512a08,True,,,,,,,,,,1.0,1.0,1.0,1.0,1.0,1.0,0.0,1.0,1.0,0.875
2636,b692dc44c9a90c1e2,True,,,,,,,,,,1.0,0.0,1.0,1.0,0.22357107799537293,1.0,1.0,1.0,0.0,0.0
2637,f732598080ee7f0cf,True,,,,,,,,,,1.0,1.0,1.0,1.0,0.4767451895521136,1.0,1.0,1.0,0.0,0.7114828717350354
2638,7e160b5ef1f82a420,True,,,,,,,,,,1.0,1.0,1.0,1.0,0.36323699465949166,1.0,1.0,1.0,0.0,0.6760115608310912
2639,f6f0c7a27b1c90f37,True,,,,,,,,,,1.0,1.0,1.0,1.0,0.8401735708922655,1.0,1.0,1.0,1.0,0.950054240903833
2640,0118e2ec3759cc2bc,True,,,,,,,,,,1.0,1.0,1.0,1.0,1.0,1.0,0.0,1.0,0.0,0.75
2641,e10827f1aaf62efb8,True,,,,,,,,,,1.0,1.0,1.0,1.0,0.2765780436246041,1.0,1.0,1.0,0.0,0.6489306386326887
2642,91e2e5e740db004ce,True,,,,,,,,,,1.0,1.0,1.0,1.0,0.8660850924085218,1.0,0.0,1.0,0.0,0.708151591377663
2643,5a9483df05571155b,True,,,,,,,,,,0.0,1.0,1.0,1.0,0.9508845839162723,0.0,1.0,1.0,1.0,0.0
2644,d216a742018af5843,True,,,,,,,,,,1.0,0.0,1.0,1.0,1.0,1.0,1.0,1.0,0.0,0.0
2645,01d8a706eb3443501,True,,,,,,,,,,0.0,1.0,1.0,1.0,1.0,0.0,1.0,1.0,0.0,0.0
2646,2fcce49ea42967480,True,,,,,,,,,,1.0,1.0,1.0,1.0,0.6003658368136182,1.0,1.0,1.0,1.0,0.8751143240042557
2647,aa06b6b1578ec1270,True,,,,,,,,,,1.0,1.0,1.0,1.0,0.3975704048008059,1.0,1.0,1.0,1.0,0.8117407515002518
2648,579935f9cfdd09614,True,,,,,,,,,,1.0,1.0,1.0,1.0,0.749891632257626,1.0,1.0,1.0,1.0,0.9218411350805081
2649,a53b204e1934058ab,True,,,,,,,,,,1.0,0.0,1.0,1.0,0.846890633034788,1.0,0.0,1.0,0.0,0.0
2650,5b8389f00775d1a89,True,,,,,,,,,,1.0,0.0,1.0,1.0,1.0,1.0,1.0,1.0,0.0,0.0
2651,b55de67890f581798,True,,,,,,,,,,1.0,1.0,1.0,1.0,0.03145955846670028,1.0,1.0,1.0,1.0,0.6973311120208439
2652,064aaacc7d9acb094,True,,,,,,,,,,1.0,1.0,1.0,1.0,0.9357799798087202,1.0,0.0,1.0,1.0,0.854931243690225
2653,07a36d3f2100bc352,True,,,,,,,,,,1.0,1.0,0.5,1.0,1.0,1.0,0.0,1.0,0.0,0.375
2654,c672054b9f22ca68b,True,,,,,,,,,,1.0,0.0,1.0,1.0,1.0,1.0,0.0,1.0,0.0,0.0
2655,5b6eb771ffaf06f55,True,,,,,,,,,,1.0,1.0,0.0,1.0,1.0,1.0,0.0,1.0,1.0,0.0
2656,5cabba46461e04874,True,,,,,,,,,,1.0,1.0,1.0,1.0,1.0,1.0,0.0,1.0,0.0,0.75
2657,b5026163c611c7730,True,,,,,,,,,,1.0,1.0,1.0,1.0,0.9515886380232174,1.0,1.0,1.0,1.0,0.9848714493822555
2658,4e5f4494c8076cc5b,True,,,,,,,,,,1.0,1.0,1.0,1.0,0.844700312443646,1.0,0.0,1.0,0.0,0.7014688476386394
2659,f7608da692db5aeb1,True,,,,,,,,,,1.0,0.0,0.5,1.0,1.0,1.0,0.0,1.0,0.0,0.0
2660,a3ebde725e612b5f3,True,,,,,,,,,,1.0,1.0,1.0,1.0,0.6049404619356031,1.0,1.0,1.0,0.0,0.751543894354876
2661,2730c2af7fa40d559,True,,,,,,,,,,1.0,1.0,1.0,1.0,1.0,1.0,1.0,1.0,1.0,1.0
2662,0c9e5d46eff0fcf41,True,,,,,,,,,,0.0,1.0,1.0,1.0,1.0,0.0,1.0,1.0,0.0,0.0
2663,4f8dbc02e3dd5b958,True,,,,,,,,,,0.0,1.0,1.0,1.0,1.0,0.0,1.0,1.0,0.0,0.0
2664,78910a88891eef166,True,,,,,,,,,,1.0,1.0,1.0,1.0,0.590601818392685,1.0,0.0,1.0,0.0,0.6220630682477141
2665,8499ef24e45dc8fa6,True,,,,,,,,,,1.0,0.0,0.0,1.0,1.0,1.0,0.0,1.0,1.0,0.0
2666,d8126a7e3ab8882d8,True,,,,,,,,,,1.0,1.0,1.0,1.0,0.6682173044760475,1.0,1.0,1.0,1.0,0.8963179076487648
2667,7d00bd785ae5140f2,True,,,,,,,,,,1.0,1.0,1.0,1.0,1.0,1.0,1.0,1.0,1.0,1.0
2668,692440daecd03cbe0,True,,,,,,,,,,1.0,1.0,0.5,1.0,1.0,1.0,0.0,1.0,0.0,0.375
2669,f0150096a41797505,True,,,,,,,,,,1.0,1.0,1.0,1.0,1.0,1.0,0.0,1.0,0.0,0.75
2670,ff555d2dfbada57ed,True,,,,,,,,,,1.0,0.0,1.0,1.0,1.0,1.0,0.0,1.0,0.0,0.0
2671,476448c3e62fe40b1,True,,,,,,,,,,0.0,1.0,1.0,1.0,1.0,0.0,1.0,0.0,0.0,0.0
2672,f09090db20660a80f,True,,,,,,,,,,1.0,1.0,1.0,1.0,1.0,1.0,1.0,1.0,1.0,1.0
2673,40ab16e6d2c7b1db0,True,,,,,,,,,,1.0,1.0,1.0,1.0,0.1582585921072349,1.0,0.0,1.0,0.0,0.4869558100335109
2674,996756f9de2d21bac,True,,,,,,,,,,1.0,1.0,1.0,1.0,1.0,1.0,1.0,1.0,0.0,0.875
2675,0d2f41b0b8ec0376a,True,,,,,,,,,,1.0,1.0,1.0,1.0,0.848966176490285,1.0,0.0,1.0,1.0,0.827801930153214
2676,693313e8d44aa5fd8,True,,,,,,,,,,1.0,1.0,1.0,1.0,0.6051473961429467,1.0,1.0,1.0,0.0,0.7516085612946708
2677,ec7a65597cb09372c,True,,,,,,,,,,1.0,1.0,1.0,1.0,0.8395545500598781,1.0,0.0,1.0,1.0,0.8248607968937118
2678,749ce2a3f7c56b638,True,,,,,,,,,,1.0,1.0,1.0,1.0,0.4390380512530057,1.0,1.0,1.0,1.0,0.8246993910165643
2679,44c452535c1f9bd1b,True,,,,,,,,,,1.0,1.0,1.0,1.0,0.6369393215859871,1.0,1.0,1.0,1.0,0.886543537995621
2680,bd9cfcf17b064f7df,True,,,,,,,,,,1.0,1.0,1.0,1.0,0.31929387024382105,1.0,1.0,1.0,0.0,0.6622793344511941
2681,63584edd9b86f7faf,True,,,,,,,,,,0.0,1.0,1.0,1.0,1.0,0.0,1.0,1.0,0.0,0.0
2682,4f3ef64863f32d7b6,True,,,,,,,,,,0.0,0.0,1.0,1.0,1.0,0.0,0.0,1.0,0.0,0.0
2683,a4564a26800be40aa,True,,,,,,,,,,0.0,1.0,0.5,1.0,1.0,0.0,0.0,1.0,0.0,0.0
2684,e07233c9901810349,True,,,,,,,,,,1.0,1.0,1.0,1.0,0.6519499981765845,1.0,0.0,1.0,1.0,0.7662343744301827
2685,d31a201a98822b2ce,True,,,,,,,,,,1.0,1.0,1.0,1.0,0.8309069759475274,1.0,1.0,1.0,1.0,0.9471584299836023
2686,046b8681d380244e2,True,,,,,,,,,,1.0,1.0,1.0,1.0,0.8335531346884794,1.0,0.0,1.0,0.0,0.6979853545901498
2687,13a793ea62b767a28,True,,,,,,,,,,1.0,1.0,0.5,1.0,0.8711474917125933,1.0,1.0,1.0,1.0,0.4798667955800927
2688,90c45199dafb82117,True,,,,,,,,,,1.0,1.0,1.0,1.0,0.7387432243801335,1.0,1.0,1.0,1.0,0.9183572576187917
2689,c3ae26874d15feb7d,True,,,,,,,,,,1.0,1.0,1.0,1.0,0.6453920167448526,1.0,0.0,1.0,0.0,0.6391850052327664
2690,8db77c0cfd06714d8,True,,,,,,,,,,1.0,1.0,1.0,1.0,1.0,1.0,1.0,1.0,1.0,1.0
2691,68681651575ebbc90,True,,,,,,,,,,1.0,1.0,1.0,1.0,1.0,1.0,0.0,1.0,1.0,0.875
2692,44e8cafa5fe4603a5,True,,,,,,,,,,1.0,1.0,1.0,1.0,0.4712571039980447,1.0,0.0,1.0,0.0,0.5847678449993889
2693,110d0d3e6fdd95bda,True,,,,,,,,,,0.0,1.0,1.0,1.0,1.0,0.0,0.0,1.0,0.0,0.0
2694,12776777ba8546e14,True,,,,,,,,,,1.0,1.0,0.0,1.0,1.0,0.0,0.0,1.0,0.0,0.0
2695,def3a7e5b9515c6fb,True,,,,,,,,,,1.0,1.0,1.0,1.0,0.7051505903062338,1.0,1.0,1.0,1.0,0.9078595594706981
2696,7b35876d62521ffc5,True,,,,,,,,,,1.0,1.0,1.0,1.0,0.6751710886568836,1.0,0.0,1.0,0.0,0.6484909652052762
2697,c6c58dc45bd1123e3,True,,,,,,,,,,1.0,1.0,1.0,1.0,0.7758771991996264,1.0,1.0,1.0,1.0,0.9299616247498832
2698,59f54dd987b4a80fd,True,,,,,,,,,,1.0,1.0,1.0,1.0,0.7367640321864966,1.0,1.0,1.0,1.0,0.9177387600582801
2699,9eaf4038cc95831dd,True,,,,,,,,,,1.0,1.0,1.0,1.0,0.9650670416399779,1.0,0.0,1.0,1.0,0.864083450512493
2700,302d43ed9ed327d94,True,,,,,,,,,,0.0,1.0,1.0,1.0,1.0,0.0,0.0,1.0,0.0,0.0
2701,217065a6aefbd8186,True,,,,,,,,,,1.0,1.0,1.0,1.0,0.715481258507718,1.0,0.0,1.0,0.0,0.6610878932836619
2702,d17adfd1c40c90f05,True,,,,,,,,,,1.0,1.0,0.5,1.0,0.8600861667681813,1.0,0.0,1.0,0.0,0.3531384635575283
2703,cc4c628ad79f6395d,True,,,,,,,,,,1.0,1.0,1.0,1.0,0.7740462898183738,1.0,0.0,1.0,0.0,0.6793894655682418
2704,7c2d2abd001548d86,True,,,,,,,,,,1.0,0.0,0.0,1.0,1.0,1.0,0.0,1.0,1.0,0.0
2705,a33c0d08df145dd4a,True,,,,,,,,,,0.0,1.0,1.0,1.0,1.0,0.0,1.0,1.0,1.0,0.0
2706,c35d767a796986c02,True,,,,,,,,,,1.0,1.0,1.0,1.0,1.0,1.0,0.0,1.0,0.0,0.75
2707,60bb87853fd5997e5,True,,,,,,,,,,1.0,1.0,1.0,1.0,0.599422243599052,1.0,1.0,1.0,1.0,0.8748194511247038
2708,99f90a71ce3411a4f,True,,,,,,,,,,0.0,1.0,0.0,1.0,1.0,0.0,0.0,1.0,1.0,0.0
2709,f476792b1bd197fca,True,,,,,,,,,,1.0,1.0,0.5,1.0,0.6365713536664179,1.0,0.0,1.0,1.0,0.38071427401037783
2710,e69df86c33d5e5522,True,,,,,,,,,,1.0,1.0,1.0,1.0,0.5522993235206308,1.0,0.0,1.0,1.0,0.7350935386001971
2711,e26a54b7a798e6e57,True,,,,,,,,,,1.0,1.0,1.0,1.0,0.8597568429139945,1.0,1.0,1.0,1.0,0.9561740134106232
2712,d5b310b71bd0dd6fd,True,,,,,,,,,,1.0,0.0,1.0,1.0,0.9403394712647491,1.0,1.0,1.0,1.0,0.0
2713,8162ca210af0620b8,True,,,,,,,,,,1.0,1.0,1.0,1.0,0.9195549274481348,1.0,0.0,1.0,1.0,0.8498609148275421
2714,9bdc2e6f73aad36a5,True,,,,,,,,,,1.0,1.0,1.0,1.0,0.7796288049895888,1.0,1.0,1.0,0.0,0.8061340015592464
2715,1ddeaca2c3ce651e2,True,,,,,,,,,,1.0,1.0,1.0,1.0,0.791664343482461,1.0,0.0,1.0,1.0,0.8098951073382691
2716,bc0cc2d8f71b0e8a8,True,,,,,,,,,,1.0,1.0,1.0,1.0,0.7275709676848325,1.0,1.0,1.0,1.0,0.9148659274015102
2717,6bdee3f4f4da685e0,True,,,,,,,,,,1.0,1.0,1.0,1.0,0.22705350005610087,1.0,1.0,1.0,0.0,0.6334542187675315
2718,0aaae91a3ffa7e596,True,,,,,,,,,,1.0,1.0,1.0,1.0,0.7800176504934578,1.0,1.0,1.0,1.0,0.9312555157792055
2719,655169c8955ef778b,True,,,,,,,,,,1.0,1.0,1.0,1.0,1.0,1.0,1.0,1.0,1.0,1.0
2720,facc7bdf3ca0a7492,True,,,,,,,,,,1.0,1.0,1.0,1.0,0.21892319289500525,1.0,0.0,1.0,1.0,0.6309134977796891
2721,d2ac4238dd1e06e2b,True,,,,,,,,,,1.0,0.0,1.0,1.0,1.0,1.0,1.0,1.0,0.0,0.0
2722,1cee104dd05ce3a78,True,,,,,,,,,,1.0,1.0,1.0,1.0,1.0,1.0,1.0,1.0,0.0,0.875
2723,0224d4cee538e69c3,True,,,,,,,,,,1.0,0.0,1.0,1.0,1.0,1.0,1.0,1.0,1.0,0.0
2724,752a0e5be19b82b59,True,,,,,,,,,,0.0,1.0,1.0,1.0,1.0,0.0,0.0,1.0,1.0,0.0
2725,6b7ec09b2f5066af8,True,,,,,,,,,,1.0,1.0,1.0,1.0,0.7457383790430189,1.0,1.0,1.0,1.0,0.9205432434509434
2726,f94ffca3fb08a2c86,True,,,,,,,,,,1.0,1.0,0.0,1.0,1.0,1.0,0.0,1.0,1.0,0.0
2727,85e4825cd9ff0b2e5,True,,,,,,,,,,1.0,1.0,1.0,1.0,1.0,0.0,0.0,1.0,1.0,0.5625
2728,1d749bcf71869340e,True,,,,,,,,,,1.0,1.0,1.0,1.0,0.5856031960742368,1.0,1.0,1.0,0.0,0.745500998773199
2729,bb3d79c6ae2460067,True,,,,,,,,,,1.0,1.0,1.0,1.0,0.6403806660324847,1.0,1.0,1.0,0.0,0.7626189581351515
2730,11b6577b5cc201594,True,,,,,,,,,,0.0,1.0,1.0,1.0,1.0,0.0,1.0,1.0,1.0,0.0
2731,a2924cf3c11b98cb0,True,,,,,,,,,,1.0,1.0,1.0,1.0,0.6165512169250094,1.0,0.0,1.0,1.0,0.7551722552890654
2732,9b4ae64ef14740be5,True,,,,,,,,,,1.0,1.0,1.0,1.0,1.0,0.0,1.0,1.0,1.0,0.6875
2733,f0cb86afe097df891,True,,,,,,,,,,1.0,1.0,1.0,1.0,0.8001237038440311,1.0,0.0,1.0,1.0,0.8125386574512596
2734,ad104e5c73f603ad8,True,,,,,,,,,,1.0,1.0,1.0,1.0,0.4480403919673886,1.0,1.0,1.0,0.0,0.702512622489809
2735,0fc2fec903c77398f,True,,,,,,,,,,1.0,1.0,1.0,1.0,0.7254476453622892,1.0,0.0,1.0,1.0,0.7892023891757154
2736,1bd9daba7d7d502b0,True,,,,,,,,,,1.0,1.0,1.0,1.0,0.975879814832779,1.0,1.0,1.0,1.0,0.9924624421352435
2737,54319e96916504611,True,,,,,,,,,,1.0,1.0,1.0,1.0,0.844655863780783,1.0,0.0,1.0,0.0,0.7014549574314947
2738,5177a4ffa159dea26,True,,,,,,,,,,1.0,1.0,1.0,1.0,1.0,1.0,1.0,1.0,0.0,0.875
2739,a0b8747e5af0f2b1d,True,,,,,,,,,,1.0,0.0,1.0,1.0,1.0,1.0,1.0,1.0,0.0,0.0
2740,cad0619a5797da011,True,,,,,,,,,,1.0,1.0,1.0,1.0,0.7370420546818257,1.0,1.0,1.0,1.0,0.9178256420880706
2741,0b09e2367441527e4,True,,,,,,,,,,1.0,1.0,1.0,1.0,1.0,1.0,1.0,1.0,1.0,1.0
2742,fa4895c5592886086,True,,,,,,,,,,1.0,1.0,1.0,1.0,0.9665705268305593,1.0,1.0,1.0,0.0,0.8645532896345498
2743,988fa96e564a80331,True,,,,,,,,,,1.0,1.0,1.0,1.0,0.7250184644153483,1.0,1.0,1.0,1.0,0.9140682701297964
2744,6f8cba85e3f6cd0d4,True,,,,,,,,,,1.0,1.0,0.5,1.0,1.0,1.0,0.0,1.0,0.0,0.375
2745,1d56f1ceb0d56960c,True,,,,,,,,,,1.0,1.0,1.0,1.0,1.0,1.0,1.0,1.0,1.0,1.0
2746,ddfce47695493c151,True,,,,,,,,,,1.0,1.0,0.5,1.0,1.0,1.0,0.0,1.0,0.0,0.375
2747,b2a29ceff702c11c1,True,,,,,,,,,,1.0,1.0,1.0,1.0,0.6767235208836225,1.0,0.0,1.0,1.0,0.7739761002761321
2748,9f676ba5230d2ce0f,True,,,,,,,,,,1.0,1.0,1.0,1.0,1.0,1.0,1.0,1.0,0.0,0.875
2749,c807c2486a7897e81,True,,,,,,,,,,1.0,1.0,1.0,1.0,0.5845540804776554,0.0,1.0,1.0,0.0,0.4326731501492673
2750,c3f88ffa3ddcecc64,True,,,,,,,,,,0.0,1.0,1.0,1.0,1.0,0.0,0.0,1.0,1.0,0.0
2751,da72d5ca0828d5a3d,True,,,,,,,,,,1.0,1.0,1.0,1.0,0.3787050090911836,1.0,1.0,1.0,1.0,0.8058453153409949
2752,47269d59365ccc36c,True,,,,,,,,,,1.0,1.0,1.0,1.0,0.9507394352546923,1.0,1.0,1.0,1.0,0.9846060735170914
2753,280a9911bfe1f941e,True,,,,,,,,,,1.0,1.0,1.0,1.0,0.5230006981562613,1.0,1.0,1.0,0.0,0.7259377181738317
2754,1048c5ca4a09af32d,True,,,,,,,,,,1.0,1.0,1.0,1.0,1.0,1.0,0.0,1.0,0.0,0.75
2755,5f6ba007265885758,True,,,,,,,,,,1.0,0.0,1.0,1.0,0.7061638763013616,1.0,0.0,1.0,1.0,0.0
2756,ead470fc76d3720d5,True,,,,,,,,,,1.0,1.0,1.0,1.0,0.2552493957940051,1.0,1.0,1.0,1.0,0.7672654361856266
2757,2028b4dbdc9149a19,True,,,,,,,,,,1.0,1.0,1.0,1.0,0.7578188103104757,1.0,1.0,1.0,0.0,0.7993183782220237
2758,7339827ceaab8796b,True,,,,,,,,,,1.0,1.0,1.0,1.0,0.36905666289677774,1.0,1.0,1.0,1.0,0.8028302071552431
2759,8c353bfb7146d30cd,True,,,,,,,,,,1.0,1.0,1.0,1.0,0.8538053926693232,1.0,1.0,1.0,1.0,0.9543141852091634
2760,11efb68d8748f6136,True,,,,,,,,,,1.0,0.0,0.5,1.0,1.0,1.0,0.0,1.0,0.0,0.0
2761,ae2bc6336b41077f4,True,,,,,,,,,,1.0,1.0,1.0,1.0,0.7457502189347909,1.0,0.0,1.0,0.0,0.6705469434171222
2762,355e5bb60c8fb0793,True,,,,,,,,,,1.0,1.0,0.5,1.0,1.0,1.0,0.0,1.0,0.0,0.375
2763,2a8ffeaa7391e73c7,True,,,,,,,,,,1.0,1.0,1.0,1.0,0.32197383584579264,1.0,0.0,1.0,0.0,0.5381168237018101
2764,59c1acee0df7ca984,True,,,,,,,,,,1.0,1.0,1.0,1.0,0.6890053006564292,1.0,0.0,1.0,1.0,0.7778141564551342
2765,a6f5d379f32e1dd9a,True,,,,,,,,,,1.0,1.0,1.0,1.0,0.795319925157558,1.0,1.0,1.0,1.0,0.9360374766117369
2766,f7f422a9d4e7a419f,True,,,,,,,,,,1.0,1.0,1.0,1.0,0.26522716985626604,1.0,0.0,1.0,0.0,0.5203834905800832
2767,6d33b3de92c436972,True,,,,,,,,,,1.0,1.0,1.0,1.0,0.6981546023801487,1.0,1.0,0.0,1.0,0.7806733132437964
2768,7681847aa2ebf24e0,True,,,,,,,,,,1.0,0.0,1.0,1.0,1.0,1.0,0.0,1.0,0.0,0.0
2769,18c7e56e43eebb62f,True,,,,,,,,,,1.0,1.0,0.5,1.0,0.8064484071569746,1.0,0.0,0.0,0.0,0.28225756361827725
2770,30b4066d1794ea8ff,True,,,,,,,,,,1.0,1.0,1.0,1.0,1.0,1.0,1.0,1.0,0.0,0.875
2771,28c1180e271272d18,True,,,,,,,,,,1.0,0.0,1.0,1.0,1.0,1.0,1.0,1.0,0.0,0.0
2772,83643b4c5add93044,True,,,,,,,,,,1.0,1.0,1.0,1.0,0.535197782020828,1.0,1.0,1.0,1.0,0.8547493068815087
2773,cdf1706038e1c4e1c,True,,,,,,,,,,1.0,1.0,1.0,1.0,0.5676600965280708,1.0,0.0,1.0,0.0,0.6148937801650222
2774,335b43f5320efd73d,True,,,,,,,,,,1.0,1.0,1.0,1.0,1.0,1.0,1.0,1.0,1.0,1.0
2775,879334719374ec947,True,,,,,,,,,,1.0,1.0,1.0,1.0,0.701449355643177,1.0,1.0,1.0,1.0,0.9067029236384928
2776,9766a7687623d62c6,True,,,,,,,,,,1.0,1.0,1.0,1.0,0.38091452305890144,1.0,0.0,1.0,0.0,0.5565357884559067
2777,a73bc7fee06a21930,True,,,,,,,,,,1.0,0.0,0.0,1.0,1.0,1.0,0.0,1.0,1.0,0.0
2778,7ff35ca5444967bbf,True,,,,,,,,,,1.0,1.0,0.5,1.0,0.9030252009653451,1.0,0.0,1.0,0.0,0.3598476876508352
2779,edf02a219abbc7a0d,True,,,,,,,,,,1.0,1.0,1.0,1.0,1.0,1.0,1.0,1.0,0.0,0.875
2780,ba66893d0046c895c,True,,,,,,,,,,1.0,1.0,1.0,1.0,1.0,1.0,0.0,1.0,1.0,0.875
2781,1f200aef5aa80a98d,True,,,,,,,,,,0.0,1.0,1.0,1.0,0.7216812463381022,0.0,1.0,1.0,1.0,0.0
2782,ba8e76ba50850dffe,True,,,,,,,,,,1.0,1.0,1.0,1.0,0.8804278593374334,1.0,1.0,1.0,0.0,0.837633706042948
2783,bef5978ef06f054f6,True,,,,,,,,,,1.0,1.0,1.0,1.0,0.8286781377367681,1.0,1.0,1.0,1.0,0.94646191804274
2784,99dfc5eae6278dfec,True,,,,,,,,,,1.0,1.0,0.0,1.0,0.8387362249154392,0.0,0.0,1.0,1.0,0.0
2785,19762a72ff72dc0cd,True,,,,,,,,,,1.0,0.0,1.0,1.0,0.39371828199616565,1.0,1.0,1.0,0.0,0.0
2786,9c691b673576a2299,True,,,,,,,,,,1.0,1.0,1.0,1.0,0.5730164238413846,1.0,1.0,1.0,0.0,0.7415676324504327
2787,3fec70d4e8fe8d5b1,True,,,,,,,,,,0.0,1.0,1.0,1.0,1.0,0.0,0.0,0.0,0.0,0.0
2788,3affb77370b09f4d7,True,,,,,,,,,,1.0,1.0,1.0,1.0,0.7289379871409125,1.0,0.0,1.0,0.0,0.6652931209815351
2789,9c7d353e930a79a97,True,,,,,,,,,,1.0,1.0,1.0,1.0,0.8272392223374454,1.0,0.0,1.0,1.0,0.8210122569804517
2790,48cab8078b80242a1,True,,,,,,,,,,1.0,1.0,1.0,1.0,0.877933759256359,1.0,1.0,1.0,1.0,0.9618542997676122
2791,e85a39742e3e7ef00,True,,,,,,,,,,1.0,0.0,0.0,1.0,1.0,1.0,0.0,1.0,0.0,0.0
2792,3df43c406e596ada4,True,,,,,,,,,,1.0,1.0,1.0,1.0,0.0,1.0,0.0,1.0,1.0,0.5625
2793,281b6c4a5468c1447,True,,,,,,,,,,1.0,1.0,1.0,1.0,0.8352011983330512,1.0,1.0,1.0,1.0,0.9485003744790785
2794,eaae6fd2529ee2b0b,True,,,,,,,,,,1.0,1.0,1.0,1.0,1.0,1.0,0.0,1.0,0.0,0.75
2795,030798975779630c4,True,,,,,,,,,,1.0,1.0,1.0,1.0,1.0,0.0,0.0,1.0,0.0,0.4375
2796,ad89b51facf4ec5e5,True,,,,,,,,,,1.0,1.0,0.0,1.0,1.0,1.0,0.0,1.0,0.0,0.0
2797,ad6a7a2414e2a5ac3,True,,,,,,,,,,1.0,0.0,0.0,1.0,1.0,1.0,0.0,1.0,1.0,0.0
2798,81da68a500fb17473,True,,,,,,,,,,1.0,1.0,1.0,1.0,0.5082137085212883,1.0,0.0,1.0,1.0,0.7213167839129027
2799,b1b76999fa25ad35b,True,,,,,,,,,,1.0,0.0,1.0,1.0,1.0,1.0,0.0,1.0,0.0,0.0
2800,645751bf568658675,True,,,,,,,,,,1.0,1.0,1.0,1.0,0.49731909095129884,1.0,0.0,1.0,0.0,0.5929122159222808
2801,d4443eaf8695fc97e,True,,,,,,,,,,1.0,1.0,1.0,1.0,0.8662586209862465,1.0,1.0,0.0,0.0,0.708205819058202
2802,f726e244468ccbbe6,True,,,,,,,,,,1.0,1.0,1.0,1.0,0.7192357483709821,1.0,1.0,1.0,1.0,0.9122611713659319
2803,c73438b8126946550,True,,,,,,,,,,1.0,1.0,1.0,1.0,0.7539039672615867,1.0,0.0,1.0,1.0,0.7980949897692459
2804,a2b18a44314422b37,True,,,,,,,,,,1.0,1.0,1.0,1.0,0.5529215460942359,1.0,1.0,1.0,0.0,0.7352879831544488
2805,bba03402f6222135f,True,,,,,,,,,,0.0,1.0,1.0,1.0,1.0,0.0,1.0,1.0,0.0,0.0
2806,299c68e344d04e536,True,,,,,,,,,,1.0,1.0,1.0,1.0,0.7421958771945445,1.0,0.0,1.0,1.0,0.7944362116232951
2807,9463bb4964cd37676,True,,,,,,,,,,1.0,1.0,1.0,1.0,1.0,1.0,1.0,1.0,1.0,1.0
2808,cdcb9b51f99934711,True,,,,,,,,,,1.0,1.0,1.0,1.0,0.7290555666178515,1.0,0.0,1.0,0.0,0.6653298645680786
2809,3fd0808364384b621,True,,,,,,,,,,1.0,1.0,0.5,1.0,1.0,1.0,0.0,1.0,0.0,0.375
2810,8f458d524a4774548,True,,,,,,,,,,1.0,1.0,1.0,1.0,1.0,1.0,0.0,1.0,1.0,0.875
2811,13d12623bf8ef0e4f,True,,,,,,,,,,0.0,1.0,0.0,1.0,0.9758903759168363,0.0,0.0,1.0,0.0,0.0
2812,0883e274dffb8a761,True,,,,,,,,,,1.0,0.0,1.0,1.0,1.0,1.0,1.0,1.0,1.0,0.0
2813,b1446d3c05a5f7c0a,True,,,,,,,,,,1.0,1.0,0.0,1.0,1.0,1.0,0.0,1.0,0.0,0.0
2814,a382d4a158cc4f443,True,,,,,,,,,,1.0,1.0,1.0,1.0,0.7547074230077371,1.0,0.0,1.0,1.0,0.7983460696899178
2815,255c5f4408394746c,True,,,,,,,,,,1.0,1.0,1.0,1.0,1.0,1.0,0.0,1.0,1.0,0.875
2816,6f4a5b483a72cf990,True,,,,,,,,,,1.0,1.0,1.0,1.0,1.0,1.0,1.0,1.0,0.0,0.875
2817,8be69e03781f4c138,True,,,,,,,,,,1.0,1.0,1.0,1.0,0.9420627217868206,1.0,1.0,1.0,1.0,0.9818946005583815
2818,0c384c629c8faf4a0,True,,,,,,,,,,1.0,1.0,1.0,1.0,1.0,1.0,1.0,1.0,0.0,0.875
2819,4358e02f26d710fd9,True,,,,,,,,,,1.0,1.0,1.0,1.0,0.4639436974299481,1.0,1.0,1.0,1.0,0.8324824054468588
2820,61261a713792f46b2,True,,,,,,,,,,1.0,1.0,1.0,1.0,0.6873405554344169,1.0,0.0,1.0,1.0,0.7772939235732552
2821,ad16a8e4063d7973e,True,,,,,,,,,,1.0,1.0,1.0,1.0,0.769752017280593,1.0,1.0,1.0,1.0,0.9280475054001853
2822,dcb9f36fff6b09354,True,,,,,,,,,,1.0,1.0,1.0,1.0,0.9072797460421438,1.0,1.0,1.0,0.0,0.8460249206381699
2823,20264c75b9737127d,True,,,,,,,,,,1.0,1.0,1.0,1.0,0.8097614725144764,1.0,1.0,1.0,1.0,0.9405504601607739
2824,64680c5b6bd6a89e4,True,,,,,,,,,,1.0,1.0,1.0,1.0,0.7412248026473905,1.0,0.0,1.0,0.0,0.6691327508273095
2825,1e114b2c7da13a9b8,True,,,,,,,,,,1.0,1.0,1.0,1.0,0.6352437204595243,1.0,1.0,1.0,0.0,0.7610136626436013
2826,5ffbd12109319857a,True,,,,,,,,,,1.0,1.0,1.0,1.0,0.28118643361533363,1.0,0.0,1.0,1.0,0.6503707605047917
2827,3c5a4ce4780db74b7,True,,,,,,,,,,1.0,1.0,1.0,1.0,0.8776000158175499,1.0,1.0,1.0,1.0,0.9617500049429843
2828,3606310eace955ba8,True,,,,,,,,,,0.0,1.0,0.5,1.0,1.0,0.0,0.0,1.0,1.0,0.0
2829,904fec4de373b84b3,True,,,,,,,,,,1.0,1.0,1.0,1.0,0.3375778654589931,1.0,0.0,1.0,1.0,0.6679930829559353
2830,9ed7d460817e222e9,True,,,,,,,,,,1.0,1.0,1.0,1.0,0.833014841644038,1.0,0.0,1.0,1.0,0.8228171380137619
2831,933ba8311a18f9035,True,,,,,,,,,,1.0,1.0,1.0,1.0,0.6089564264584427,1.0,0.0,1.0,1.0,0.7527988832682634
2832,6e10df391ad68426e,True,,,,,,,,,,1.0,1.0,1.0,1.0,1.0,1.0,0.0,1.0,0.0,0.75
2833,78cbfd303e7f32efc,True,,,,,,,,,,1.0,1.0,1.0,1.0,1.0,1.0,0.0,1.0,0.0,0.75
2834,24d58aedbf92c910a,True,,,,,,,,,,1.0,1.0,1.0,1.0,0.8146803571964552,1.0,1.0,1.0,1.0,0.9420876116238922
2835,0d62abe857251412c,True,,,,,,,,,,1.0,1.0,1.0,1.0,0.8327038724837664,1.0,1.0,1.0,0.0,0.822719960151177
2836,68f17e6223ed08ff9,True,,,,,,,,,,1.0,1.0,1.0,1.0,0.33309315184826244,1.0,0.0,1.0,0.0,0.541591609952582
2837,977ccf108c51d43d0,True,,,,,,,,,,1.0,1.0,1.0,1.0,0.5679281630079505,1.0,1.0,1.0,0.0,0.7399775509399845
2838,4250d2db3b613460c,True,,,,,,,,,,1.0,1.0,1.0,1.0,0.7781407171957346,1.0,0.0,1.0,1.0,0.8056689741236671
2839,3888d194819d19b6e,True,,,,,,,,,,1.0,1.0,0.0,1.0,1.0,1.0,0.0,1.0,0.0,0.0
2840,f9693c34fe2422ec2,True,,,,,,,,,,1.0,1.0,1.0,1.0,0.21255869535659688,1.0,1.0,1.0,1.0,0.7539245922989365
2841,8a89ac1132afc51b4,True,,,,,,,,,,1.0,1.0,1.0,1.0,0.7602108595904651,1.0,1.0,1.0,0.0,0.8000658936220204
2842,44028467a67d38460,True,,,,,,,,,,1.0,1.0,0.5,1.0,1.0,1.0,0.0,1.0,1.0,0.4375
2843,9bbec38bd775ea622,True,,,,,,,,,,1.0,1.0,1.0,1.0,0.5125541745096938,1.0,0.0,1.0,1.0,0.7226731795342793
2844,00ca98016027ffb8d,True,,,,,,,,,,1.0,0.0,1.0,1.0,1.0,1.0,1.0,1.0,1.0,0.0
2845,9dd3876cb173c36aa,True,,,,,,,,,,1.0,1.0,0.0,1.0,1.0,1.0,0.0,1.0,0.0,0.0
2846,76cde40b4dab9f0f1,True,,,,,,,,,,0.0,0.0,1.0,1.0,1.0,0.0,1.0,1.0,1.0,0.0
2847,2bac8b14908f94a2b,True,,,,,,,,,,1.0,1.0,1.0,1.0,0.6360848009406341,1.0,0.0,1.0,1.0,0.7612765002939481
2848,942c13a25166d5723,True,,,,,,,,,,1.0,0.0,1.0,1.0,0.6350528052483682,1.0,0.0,1.0,0.0,0.0
2849,d6cd8e55b889c7739,True,,,,,,,,,,1.0,1.0,1.0,1.0,0.8154322180444872,1.0,0.0,1.0,0.0,0.6923225681389023
2850,a3159a9839e251bcb,True,,,,,,,,,,1.0,1.0,1.0,1.0,0.8202955989355237,1.0,1.0,1.0,0.0,0.8188423746673512
2851,b7f6a370ec46c9fef,True,,,,,,,,,,1.0,1.0,1.0,1.0,0.6748855334933661,1.0,1.0,1.0,0.0,0.7734017292166769
2852,80fbecd9f16630510,True,,,,,,,,,,1.0,0.0,1.0,1.0,0.9240653025901444,1.0,1.0,1.0,0.0,0.0
2853,53667f0557981798d,True,,,,,,,,,,1.0,1.0,1.0,1.0,0.7769228863136324,1.0,0.0,1.0,1.0,0.8052884019730101
2854,ef01e0a3e1ff9b43f,True,,,,,,,,,,1.0,1.0,1.0,1.0,0.745089995991913,1.0,1.0,1.0,1.0,0.9203406237474728
2855,a2d7b9c1ccf5a5070,True,,,,,,,,,,1.0,1.0,1.0,1.0,0.5130284916202219,1.0,1.0,1.0,0.0,0.7228214036313194
2856,b65f9c34340591fdf,True,,,,,,,,,,1.0,1.0,1.0,1.0,0.715069257883608,1.0,0.0,1.0,0.0,0.6609591430886275
2857,ab0eca9405de9696c,True,,,,,,,,,,1.0,1.0,1.0,1.0,0.7107044857931835,1.0,1.0,1.0,0.0,0.7845951518103698
2858,4f4151894f1e74390,True,,,,,,,,,,1.0,1.0,1.0,1.0,0.6290260754332002,1.0,0.0,1.0,1.0,0.7590706485728751
2859,524162acddc61c61a,True,,,,,,,,,,0.5,0.0,1.0,1.0,1.0,0.0,1.0,1.0,0.0,0.0
2860,ec14753ed2c513cef,True,,,,,,,,,,1.0,1.0,1.0,1.0,0.6221848478038238,1.0,0.0,1.0,1.0,0.756932764938695
2861,fbc47d17828f56207,True,,,,,,,,,,1.0,1.0,1.0,1.0,0.9184241280489593,1.0,1.0,1.0,1.0,0.9745075400152998
2862,73f7119a7b5a0b42c,True,,,,,,,,,,1.0,1.0,1.0,1.0,0.8172277947106873,1.0,1.0,1.0,0.0,0.8178836858470897
2863,0fd638d4d67935416,True,,,,,,,,,,0.0,1.0,1.0,1.0,1.0,0.0,1.0,0.0,0.0,0.0
2864,6bd45348ddbfea0ce,True,,,,,,,,,,1.0,1.0,1.0,1.0,0.8559773687678183,1.0,0.0,1.0,0.0,0.7049929277399432
2865,ec8c748e31436c7e5,True,,,,,,,,,,1.0,0.0,1.0,1.0,0.848739836493045,0.0,1.0,1.0,0.0,0.0
2866,e02ebb163a52bd53e,True,,,,,,,,,,1.0,1.0,1.0,1.0,0.593745689564787,1.0,1.0,1.0,0.0,0.7480455279889959
2867,09bcac39474bd36a4,True,,,,,,,,,,1.0,1.0,1.0,1.0,0.44842366755597995,1.0,1.0,1.0,1.0,0.8276323961112437
2868,dae98f820d40b2d3d,True,,,,,,,,,,1.0,1.0,1.0,1.0,0.6332001904319474,1.0,0.0,1.0,1.0,0.7603750595099836
2869,54f184883023efbf9,True,,,,,,,,,,1.0,1.0,1.0,1.0,0.19679180933089424,1.0,1.0,1.0,1.0,0.7489974404159044
2870,7ee964bcd33d7480e,True,,,,,,,,,,1.0,1.0,1.0,1.0,0.7729304676638842,1.0,0.0,1.0,1.0,0.8040407711449638
2871,4ee799c8d99616aed,True,,,,,,,,,,1.0,1.0,1.0,1.0,0.6403669249450524,1.0,0.0,1.0,0.0,0.6376146640453288
2872,90bd22f98b4c8c0db,True,,,,,,,,,,1.0,1.0,1.0,1.0,0.34810116297377447,1.0,0.0,1.0,0.0,0.5462816134293045
2873,99f4cdc8eeabc0426,True,,,,,,,,,,1.0,0.0,1.0,1.0,1.0,1.0,0.0,1.0,0.0,0.0
2874,233db9b81971aca2a,True,,,,,,,,,,1.0,1.0,1.0,1.0,0.6668612526069,1.0,1.0,1.0,0.0,0.7708941414396562
2875,c77d4472e1ca73bd3,True,,,,,,,,,,1.0,1.0,1.0,0.0,1.0,1.0,1.0,1.0,0.0,0.0
2876,6ac3abb0e9eb26113,True,,,,,,,,,,1.0,1.0,1.0,1.0,0.6499716931278837,1.0,0.0,1.0,0.0,0.6406161541024636
2877,2d48cd27787fdf6f7,True,,,,,,,,,,1.0,1.0,1.0,1.0,1.0,1.0,1.0,1.0,1.0,1.0
2878,355d2f57b20f32e9c,True,,,,,,,,,,1.0,0.0,0.0,1.0,1.0,1.0,0.0,1.0,0.0,0.0
2879,d227ec1d4a92cd5fe,True,,,,,,,,,,1.0,1.0,1.0,1.0,0.5821935971214656,1.0,1.0,1.0,0.0,0.744435499100458
2880,24474e28c524b8a8a,True,,,,,,,,,,1.0,1.0,1.0,1.0,1.0,1.0,0.0,1.0,1.0,0.875
2881,c5fd0128d19316b03,True,,,,,,,,,,1.0,1.0,1.0,1.0,1.0,1.0,0.0,1.0,1.0,0.875
2882,e85778ab78f702e4b,True,,,,,,,,,,0.0,1.0,1.0,1.0,1.0,0.0,1.0,1.0,0.0,0.0
2883,699104c386f974829,True,,,,,,,,,,0.0,1.0,1.0,1.0,1.0,0.0,1.0,1.0,0.0,0.0
2884,89628b64c8a329c07,True,,,,,,,,,,1.0,1.0,0.0,1.0,1.0,1.0,0.0,1.0,0.0,0.0
2885,500c799cf6e33c39e,True,,,,,,,,,,1.0,1.0,1.0,1.0,0.8749529273370793,1.0,1.0,1.0,1.0,0.9609227897928373
2886,ecc22288ebf17a22e,True,,,,,,,,,,1.0,0.0,1.0,1.0,1.0,1.0,1.0,1.0,1.0,0.0
2887,e5d97a89c908ac563,True,,,,,,,,,,0.0,1.0,1.0,0.0,1.0,0.0,0.0,1.0,1.0,0.0
2888,44f588c85236fe365,True,,,,,,,,,,0.0,1.0,1.0,1.0,1.0,0.0,1.0,1.0,1.0,0.0
2889,d8ae22f5da35b2ae9,True,,,,,,,,,,1.0,1.0,0.0,1.0,0.7933833543916845,1.0,0.0,1.0,1.0,0.0
2890,fbaef0dd45ccf2413,True,,,,,,,,,,1.0,0.0,1.0,1.0,0.7333735194767667,1.0,1.0,1.0,0.0,0.0
2891,382721ffdbe71cadc,True,,,,,,,,,,1.0,1.0,1.0,1.0,0.7554573528661487,1.0,0.0,1.0,0.0,0.6735804227706714
2892,3271d4013cb715ce0,True,,,,,,,,,,1.0,1.0,1.0,1.0,0.8008413733700791,1.0,0.0,1.0,0.0,0.6877629291781497
2893,3b521ee82bdceb608,True,,,,,,,,,,1.0,1.0,1.0,1.0,1.0,1.0,1.0,1.0,0.0,0.875
2894,012fd1457eb78c56c,True,,,,,,,,,,1.0,0.0,1.0,1.0,1.0,1.0,0.0,1.0,0.0,0.0
2895,1aba878032e3e7e6d,True,,,,,,,,,,1.0,1.0,1.0,1.0,0.786481786994438,1.0,1.0,1.0,1.0,0.9332755584357619
2896,87c8724fcdc627dae,True,,,,,,,,,,1.0,1.0,1.0,1.0,0.694820317218812,1.0,1.0,1.0,1.0,0.9046313491308787
2897,87ba78b703221d111,True,,,,,,,,,,1.0,1.0,1.0,1.0,1.0,1.0,1.0,1.0,1.0,1.0
2898,347e462886f69f614,True,,,,,,,,,,1.0,1.0,0.5,1.0,0.5426432189856137,1.0,0.0,1.0,0.0,0.30353800296650213
2899,eeab7294535bc0168,True,,,,,,,,,,1.0,0.0,1.0,1.0,1.0,1.0,0.0,0.0,0.0,0.0
2900,3cd90acbf3a318f94,True,,,,,,,,,,1.0,1.0,1.0,1.0,1.0,1.0,0.0,1.0,0.0,0.75
2901,84073ac4c8f117f43,True,,,,,,,,,,1.0,1.0,1.0,1.0,0.9421709635834428,1.0,0.0,1.0,1.0,0.8569284261198259
2902,f2093ddb02711422c,True,,,,,,,,,,0.0,1.0,1.0,1.0,1.0,0.0,0.0,1.0,1.0,0.0
2903,dc9a1a64623f4ee2a,True,,,,,,,,,,1.0,1.0,1.0,1.0,0.34324112328564343,1.0,0.0,1.0,1.0,0.6697628510267636
2904,3dade981d5c5fb068,True,,,,,,,,,,1.0,0.0,1.0,1.0,0.9426222449706015,1.0,1.0,1.0,0.0,0.0
2905,bbe1739362745c097,True,,,,,,,,,,0.0,0.0,1.0,1.0,1.0,0.0,1.0,1.0,1.0,0.0
2906,72decd6302c88fdf2,True,,,,,,,,,,0.0,0.0,1.0,1.0,1.0,0.0,0.0,1.0,0.0,0.0
2907,339edff793767887e,True,,,,,,,,,,1.0,1.0,1.0,1.0,1.0,0.0,0.0,1.0,0.0,0.4375
2908,3f94a9e099ddf73f0,True,,,,,,,,,,0.0,1.0,1.0,1.0,1.0,0.0,0.0,1.0,0.0,0.0
2909,3dec28d29ac4ec705,True,,,,,,,,,,1.0,1.0,1.0,1.0,1.0,1.0,1.0,1.0,1.0,1.0
2910,a2a9c734a84da7235,True,,,,,,,,,,1.0,1.0,0.5,1.0,1.0,1.0,0.0,1.0,1.0,0.4375
2911,c7c0caa29dbf55999,True,,,,,,,,,,0.0,1.0,1.0,1.0,1.0,0.0,0.0,1.0,0.0,0.0
2912,951dde0b224c880bd,True,,,,,,,,,,1.0,1.0,1.0,1.0,0.5513486472144423,1.0,1.0,1.0,0.0,0.7347964522545132
2913,14a4ca35ab5b9b46d,True,,,,,,,,,,1.0,0.0,1.0,1.0,0.6304246819340746,1.0,0.0,1.0,0.0,0.0
2914,10dc3b2e0ce99941a,True,,,,,,,,,,1.0,1.0,1.0,1.0,1.0,1.0,1.0,1.0,0.0,0.875
2915,5688641dd10efb02d,True,,,,,,,,,,1.0,1.0,1.0,1.0,0.4178404626595755,1.0,1.0,1.0,0.0,0.6930751445811173
2916,486265f291210faed,True,,,,,,,,,,1.0,1.0,1.0,1.0,1.0,1.0,1.0,1.0,0.0,0.875
2917,5f19a901791abf90c,True,,,,,,,,,,1.0,1.0,1.0,1.0,0.10453204434810937,1.0,0.0,1.0,1.0,0.5951662638587842
2918,7e5bed686151e791e,True,,,,,,,,,,1.0,1.0,1.0,1.0,0.9000387582633604,1.0,1.0,1.0,0.0,0.8437621119573001
2919,a69f76adb6218f06b,True,,,,,,,,,,1.0,1.0,1.0,1.0,0.7973369441536923,1.0,1.0,1.0,0.0,0.8116677950480289
2920,4afd4718ce4caab2c,True,,,,,,,,,,1.0,0.0,1.0,1.0,0.43389383138756854,1.0,1.0,1.0,0.0,0.0
2921,27b7e5ec4bfe00f85,True,,,,,,,,,,1.0,1.0,1.0,1.0,1.0,1.0,1.0,1.0,1.0,1.0
2922,da02d1fbeb2cec70a,True,,,,,,,,,,1.0,1.0,0.0,1.0,1.0,0.0,1.0,0.0,0.0,0.0
2923,ce3d7615ed78d6c47,True,,,,,,,,,,1.0,1.0,1.0,1.0,0.836959451084177,0.0,1.0,1.0,0.0,0.5115498284638054
2924,c03cd29553653d383,True,,,,,,,,,,1.0,1.0,1.0,1.0,0.38258849973385545,1.0,1.0,1.0,0.0,0.6820589061668298
2925,0286ad2f0fec1df3b,True,,,,,,,,,,1.0,1.0,1.0,1.0,0.29810785898094516,1.0,0.0,0.0,1.0,0.5306587059315453
2926,e0747e9a8b7b42be1,True,,,,,,,,,,1.0,1.0,1.0,1.0,0.7461660397078734,1.0,0.0,1.0,1.0,0.7956768874087105
2927,909281fad5f1bd401,True,,,,,,,,,,1.0,1.0,1.0,1.0,0.6402241929966035,1.0,1.0,1.0,1.0,0.8875700603114386
2928,aedc0bf45f1840715,True,,,,,,,,,,1.0,1.0,1.0,1.0,0.25791864438090617,1.0,0.0,1.0,0.0,0.5180995763690331
2929,bab53404d010ca7f6,True,,,,,,,,,,1.0,1.0,1.0,1.0,0.7837532786891325,1.0,1.0,1.0,1.0,0.9324228995903538
2930,c98ccf44f3285fa8b,True,,,,,,,,,,1.0,1.0,1.0,1.0,0.7943428157713162,1.0,1.0,1.0,1.0,0.9357321299285363
2931,367a9fdb29038c66e,True,,,,,,,,,,1.0,1.0,0.5,1.0,0.4952993995773155,1.0,1.0,1.0,0.0,0.35864053118395556
2932,8f669c4ed49b0595f,True,,,,,,,,,,1.0,0.0,1.0,1.0,0.6748919259040712,1.0,1.0,1.0,0.0,0.0
2933,5220d7e21ab6ff818,True,,,,,,,,,,1.0,1.0,1.0,1.0,0.3759430141889876,1.0,1.0,1.0,1.0,0.8049821919340586
2934,70204e1d928083e97,True,,,,,,,,,,1.0,1.0,1.0,1.0,0.2423875858625937,1.0,1.0,1.0,1.0,0.7632461205820605
2935,587695426dcca63ae,True,,,,,,,,,,1.0,1.0,1.0,1.0,1.0,1.0,1.0,1.0,0.0,0.875
2936,d92b3534c888c4bbb,True,,,,,,,,,,0.0,0.0,0.0,1.0,1.0,0.0,0.0,0.0,0.0,0.0
2937,0f902fca1e990d9be,True,,,,,,,,,,1.0,0.0,1.0,1.0,1.0,1.0,1.0,1.0,1.0,0.0
2938,a36a2aecb6e0cc295,True,,,,,,,,,,1.0,1.0,1.0,1.0,1.0,1.0,0.0,1.0,1.0,0.875
2939,b84a6cb8bfc991ad3,True,,,,,,,,,,0.0,1.0,1.0,1.0,1.0,0.0,1.0,1.0,0.0,0.0
2940,f29d81b7079d53bff,True,,,,,,,,,,1.0,1.0,1.0,1.0,0.4816931642476373,1.0,1.0,1.0,1.0,0.8380291138273867
2941,9c1ac53b20c284d28,True,,,,,,,,,,1.0,1.0,1.0,1.0,0.2616495742801147,1.0,1.0,1.0,0.0,0.6442654919625359
2942,96d4eccd3044219d2,True,,,,,,,,,,1.0,1.0,1.0,1.0,0.7632895891623181,1.0,1.0,1.0,1.0,0.9260279966132244
2943,6c643cf3c76195c44,True,,,,,,,,,,1.0,1.0,1.0,1.0,1.0,1.0,1.0,1.0,1.0,1.0
2944,de3ab8b6981c3e632,True,,,,,,,,,,1.0,1.0,1.0,1.0,0.31111510236139295,1.0,1.0,1.0,1.0,0.7847234694879353
2945,687fb362f72d56b1d,True,,,,,,,,,,1.0,1.0,1.0,1.0,0.30544903664115625,1.0,1.0,1.0,1.0,0.7829528239503614
2946,a455cb198227aca78,True,,,,,,,,,,1.0,0.0,1.0,1.0,1.0,1.0,1.0,1.0,0.0,0.0
2947,396a1f73f2332bb19,True,,,,,,,,,,1.0,1.0,1.0,1.0,0.7232177366320295,1.0,1.0,1.0,0.0,0.7885055426975092
2948,3b0eafa0ee94a00a4,True,,,,,,,,,,1.0,1.0,0.5,1.0,1.0,1.0,0.0,1.0,0.0,0.375
2949,d0add012a511855fa,True,,,,,,,,,,1.0,1.0,1.0,1.0,0.3666014666183356,1.0,1.0,1.0,0.0,0.6770629583182299
2950,4cac5cf4ef12bcaba,True,,,,,,,,,,1.0,1.0,1.0,1.0,0.9668967946223803,1.0,1.0,1.0,0.0,0.8646552483194938
2951,56b4d54802fcfc9b1,True,,,,,,,,,,1.0,1.0,1.0,1.0,0.8599261078649676,1.0,0.0,1.0,1.0,0.8312269087078024
2952,f754ec519c407f213,True,,,,,,,,,,1.0,1.0,1.0,1.0,0.49933082779405186,1.0,1.0,1.0,0.0,0.7185408836856412
2953,d308ca8a7878741eb,True,,,,,,,,,,1.0,0.0,1.0,1.0,1.0,1.0,0.0,1.0,0.0,0.0
2954,11f7a7f38a5e98d20,True,,,,,,,,,,1.0,1.0,1.0,1.0,0.9311964010970522,1.0,1.0,1.0,1.0,0.9784988753428288
2955,3042cb349e2487756,True,,,,,,,,,,1.0,1.0,1.0,1.0,1.0,1.0,1.0,1.0,1.0,1.0
2956,20494495b733d6710,True,,,,,,,,,,1.0,1.0,1.0,1.0,0.45114827404813607,1.0,1.0,1.0,0.0,0.7034838356400426
2957,6dfd14bd1bef71d80,True,,,,,,,,,,1.0,1.0,1.0,1.0,0.8481907328688101,1.0,0.0,1.0,1.0,0.8275596040215032
2958,b494d2dc15c7b315f,True,,,,,,,,,,1.0,1.0,1.0,1.0,1.0,1.0,0.0,1.0,1.0,0.875
2959,096db7931a7697382,True,,,,,,,,,,1.0,1.0,1.0,1.0,0.8246691456909215,1.0,1.0,1.0,1.0,0.945209108028413
2960,10933ac8239bd6fbb,True,,,,,,,,,,1.0,1.0,1.0,1.0,0.8056614421491678,1.0,1.0,1.0,1.0,0.939269200671615
2961,a436f596d2ea40baa,True,,,,,,,,,,1.0,1.0,0.0,0.0,1.0,1.0,0.0,1.0,0.0,0.0
2962,246d3c9b39fae2ec7,True,,,,,,,,,,1.0,1.0,1.0,1.0,0.8134365014502215,1.0,1.0,1.0,0.0,0.8166989067031942
2963,d7e2b5995b440ae0b,True,,,,,,,,,,1.0,1.0,1.0,1.0,1.0,1.0,1.0,1.0,0.0,0.875
2964,308f14ec6e576e4d7,True,,,,,,,,,,1.0,1.0,1.0,1.0,0.5755398044484595,0.0,0.0,1.0,1.0,0.4298561888901436
2965,88d3fad9cfca7c0ad,True,,,,,,,,,,1.0,1.0,1.0,1.0,0.6652265087097678,1.0,1.0,1.0,0.0,0.7703832839718024
2966,00c31cdc6c3be2b28,True,,,,,,,,,,1.0,1.0,1.0,1.0,0.39456784995843724,1.0,1.0,0.0,0.0,0.5608024531120117
2967,75c698c901137829c,True,,,,,,,,,,1.0,1.0,1.0,1.0,0.4360207718445522,0.0,1.0,1.0,1.0,0.5112564912014226
2968,c186ed61c25fb9316,True,,,,,,,,,,1.0,1.0,1.0,1.0,0.8541910449771833,1.0,1.0,1.0,0.0,0.8294347015553698
2969,f38039c54ad8d65a3,True,,,,,,,,,,1.0,1.0,1.0,1.0,0.6307565936158479,1.0,0.0,1.0,1.0,0.7596114355049525
2970,418477a920a7da811,True,,,,,,,,,,1.0,0.0,1.0,1.0,0.8364496358521721,1.0,1.0,1.0,0.0,0.0
2971,5fdebbeb76c9d0953,True,,,,,,,,,,1.0,1.0,0.0,1.0,1.0,1.0,0.0,1.0,0.0,0.0
2972,d919319074b4ecfbf,True,,,,,,,,,,1.0,0.0,0.0,1.0,1.0,1.0,0.0,1.0,0.0,0.0
2973,355219fd5c589d7e5,True,,,,,,,,,,0.0,1.0,1.0,1.0,1.0,0.0,1.0,0.0,0.0,0.0
2974,e1d71fd16cbfaade9,True,,,,,,,,,,1.0,1.0,1.0,1.0,0.0,1.0,1.0,1.0,1.0,0.6875
2975,6d4656583dbcb0d29,True,,,,,,,,,,1.0,1.0,1.0,1.0,0.7292950789586164,1.0,0.0,1.0,0.0,0.6654047121745676
2976,ba5e7c7cbfedb9d37,True,,,,,,,,,,0.0,0.0,1.0,1.0,1.0,0.0,0.0,1.0,0.0,0.0
2977,cdccba86287f3bf1d,True,,,,,,,,,,1.0,1.0,1.0,1.0,1.0,1.0,0.0,1.0,1.0,0.875
2978,0cdb9c6ab183da958,True,,,,,,,,,,1.0,1.0,1.0,1.0,0.7259627608514004,1.0,1.0,1.0,1.0,0.9143633627660627
2979,6f0b775b8d685abec,True,,,,,,,,,,1.0,1.0,1.0,1.0,0.7911220669759296,1.0,0.0,1.0,0.0,0.684725645929978
2980,964d3400667ae187f,True,,,,,,,,,,1.0,1.0,1.0,1.0,0.8275286139303263,1.0,1.0,1.0,1.0,0.9461026918532269
2981,bd132bb290ee8b29b,True,,,,,,,,,,1.0,1.0,0.5,1.0,1.0,1.0,0.0,1.0,1.0,0.4375
2982,8ccebe9711753a11b,True,,,,,,,,,,1.0,1.0,1.0,1.0,0.20783562530886218,1.0,1.0,1.0,1.0,0.7524486329090194
2983,c675e95ff07987458,True,,,,,,,,,,1.0,1.0,1.0,1.0,1.0,1.0,0.0,1.0,1.0,0.875
2984,af7c2f2eb8cc6b36d,True,,,,,,,,,,1.0,0.0,1.0,1.0,1.0,1.0,1.0,1.0,0.0,0.0
2985,ed0f40ad04605d018,True,,,,,,,,,,0.0,1.0,0.0,1.0,1.0,0.0,0.0,1.0,1.0,0.0
2986,df6bd29b481fbd72d,True,,,,,,,,,,1.0,1.0,1.0,1.0,0.742184514392727,1.0,1.0,1.0,0.0,0.7944326607477272
2987,3432391c5dca44cf9,True,,,,,,,,,,1.0,1.0,1.0,1.0,0.828951274725213,1.0,1.0,1.0,0.0,0.8215472733516291
2988,3b0bf9ca3855b2e20,True,,,,,,,,,,1.0,1.0,1.0,1.0,0.5690214086034101,1.0,1.0,1.0,0.0,0.7403191901885656
2989,65dbb955b70b6a26d,True,,,,,,,,,,1.0,1.0,1.0,1.0,0.7223107884808535,1.0,1.0,1.0,1.0,0.9132221214002667
2990,b7e991a05053bf3b9,True,,,,,,,,,,1.0,1.0,0.0,1.0,1.0,1.0,0.0,1.0,0.0,0.0
2991,dc0620e71b9184974,True,,,,,,,,,,1.0,0.0,1.0,1.0,0.796214645082092,1.0,1.0,1.0,0.0,0.0
2992,e6a340849c0025d9f,True,,,,,,,,,,1.0,1.0,1.0,1.0,0.6539797010223523,1.0,1.0,1.0,0.0,0.7668686565694851
2993,c279c0b2210285c1f,True,,,,,,,,,,1.0,1.0,0.0,1.0,1.0,1.0,0.0,1.0,0.0,0.0
2994,aa2fc37ba0a88cfd3,True,,,,,,,,,,1.0,1.0,1.0,1.0,0.3130446603210052,1.0,1.0,1.0,0.0,0.6603264563503142
2995,b7649c3b2cd5537c8,True,,,,,,,,,,1.0,0.0,1.0,1.0,1.0,1.0,1.0,1.0,0.0,0.0
2996,712e01f3ee0e674c0,True,,,,,,,,,,1.0,0.0,1.0,1.0,1.0,1.0,0.0,1.0,0.0,0.0
2997,d94f797b81c453893,True,,,,,,,,,,1.0,0.0,0.0,1.0,1.0,1.0,1.0,1.0,0.0,0.0
2998,ea6c6eed6cbac7b1e,True,,,,,,,,,,1.0,0.0,1.0,1.0,0.3538896333645131,1.0,0.0,1.0,0.0,0.0
2999,fc6b7a66f2b28cca4,True,,,,,,,,,,0.0,1.0,1.0,1.0,1.0,0.0,0.0,1.0,0.0,0.0
3000,ea2b7520e71b4c759,True,,,,,,,,,,1.0,1.0,1.0,1.0,0.9511288622560675,1.0,1.0,1.0,0.0,0.8597277694550212
3001,e51cdc2544fd62fa6,True,,,,,,,,,,1.0,1.0,0.0,1.0,0.7437171594332204,1.0,0.0,1.0,1.0,0.0
3002,d19cedf7c9391dacc,True,,,,,,,,,,1.0,1.0,0.0,1.0,1.0,1.0,1.0,1.0,0.0,0.0
3003,d798add46e9093547,True,,,,,,,,,,1.0,1.0,0.0,1.0,1.0,1.0,0.0,1.0,1.0,0.0
3004,80de7b5aab26bbca8,True,,,,,,,,,,1.0,1.0,1.0,1.0,0.7084594175998157,1.0,1.0,1.0,0.0,0.7838935679999424
3005,3637ec99fe87c7406,True,,,,,,,,,,1.0,1.0,1.0,1.0,0.6994743113058284,1.0,0.0,1.0,1.0,0.7810857222830714
3006,6ed7113fd3721f57b,True,,,,,,,,,,1.0,1.0,0.0,1.0,1.0,1.0,0.0,1.0,1.0,0.0
3007,616dcf87ca891dd84,True,,,,,,,,,,1.0,1.0,1.0,1.0,1.0,1.0,0.0,1.0,0.0,0.75
3008,e52b7d36af99f123d,True,,,,,,,,,,1.0,1.0,1.0,1.0,0.7223213767722111,1.0,1.0,1.0,0.0,0.788225430241316
3009,c73b72769d48ae4f5,True,,,,,,,,,,1.0,0.0,1.0,1.0,1.0,1.0,1.0,1.0,1.0,0.0
3010,dd2c6fc9d1939f427,True,,,,,,,,,,1.0,1.0,1.0,1.0,0.571072853538737,1.0,1.0,1.0,1.0,0.8659602667308554
3011,716f58dd76f073c78,True,,,,,,,,,,1.0,1.0,1.0,1.0,0.7328747318584827,1.0,0.0,1.0,0.0,0.6665233537057759
3012,3d85159a51861aba5,True,,,,,,,,,,0.0,1.0,1.0,1.0,1.0,0.0,0.0,1.0,1.0,0.0
3013,3d093356af980da3c,True,,,,,,,,,,1.0,1.0,1.0,1.0,0.55317287514119,1.0,1.0,1.0,1.0,0.8603665234816218
3014,bccc789380086dadb,True,,,,,,,,,,0.0,1.0,1.0,1.0,1.0,0.0,0.0,1.0,1.0,0.0
3015,b71a18c869cb8bd24,True,,,,,,,,,,1.0,0.0,1.0,1.0,1.0,1.0,1.0,1.0,1.0,0.0
3016,e8a42b314c0d6f88e,True,,,,,,,,,,1.0,1.0,0.5,1.0,1.0,1.0,0.0,1.0,0.0,0.375
3017,9afbf2d7c3a80fd5b,True,,,,,,,,,,1.0,1.0,1.0,1.0,1.0,1.0,0.0,1.0,1.0,0.875
3018,82fb1914f91a82579,True,,,,,,,,,,1.0,1.0,1.0,1.0,0.9019601079719668,1.0,1.0,1.0,0.0,0.8443625337412396
3019,e4cf6ec3cedd01e6b,True,,,,,,,,,,1.0,1.0,1.0,1.0,1.0,1.0,0.0,1.0,0.0,0.75
3020,82e64850661b77497,True,,,,,,,,,,1.0,1.0,1.0,1.0,0.828844864287049,1.0,1.0,1.0,1.0,0.9465140200897029
3021,e44f39d800c679960,True,,,,,,,,,,1.0,1.0,1.0,1.0,0.7729581491798896,1.0,1.0,1.0,1.0,0.9290494216187155
3022,5856d9f4b213e9865,True,,,,,,,,,,1.0,1.0,1.0,1.0,1.0,1.0,0.0,1.0,1.0,0.875
3023,aa1b4476d7c10952e,True,,,,,,,,,,1.0,0.0,1.0,1.0,1.0,1.0,0.0,1.0,1.0,0.0
3024,5a7f1b88b2ab93c12,True,,,,,,,,,,1.0,1.0,0.5,1.0,1.0,1.0,0.0,1.0,1.0,0.4375
3025,3d35e2b7007a10159,True,,,,,,,,,,1.0,0.0,1.0,1.0,1.0,1.0,0.0,1.0,1.0,0.0
3026,1d5e8b5ded8ee3baf,True,,,,,,,,,,1.0,1.0,1.0,1.0,0.8663788946868989,1.0,1.0,1.0,1.0,0.958243404589656
3027,49f0f48e0fa4af03e,True,,,,,,,,,,1.0,0.0,1.0,1.0,1.0,1.0,1.0,1.0,0.0,0.0
3028,621583964b8d7bc4a,True,,,,,,,,,,1.0,1.0,1.0,1.0,0.8973523830345772,1.0,1.0,1.0,0.0,0.8429226196983054
3029,7fa425329439a1196,True,,,,,,,,,,1.0,1.0,1.0,1.0,0.7653143036815531,1.0,1.0,1.0,1.0,0.9266607199004853
3030,f6f239b03260b58d8,True,,,,,,,,,,1.0,1.0,0.5,1.0,1.0,1.0,0.0,1.0,0.0,0.375
3031,f643477a1fb277583,True,,,,,,,,,,1.0,1.0,1.0,1.0,0.37949622769497676,1.0,1.0,1.0,0.0,0.6810925711546802
3032,fddbcf39a369cf1df,True,,,,,,,,,,1.0,0.0,1.0,1.0,0.6223813295113864,1.0,0.0,1.0,0.0,0.0
3033,0d61761d225f31579,True,,,,,,,,,,1.0,1.0,1.0,1.0,1.0,1.0,0.0,1.0,1.0,0.875
3034,f9533c6195790b299,True,,,,,,,,,,0.0,0.0,1.0,1.0,1.0,0.0,0.0,0.0,0.0,0.0
3035,053a3b165ea7a6cb4,True,,,,,,,,,,0.0,0.0,1.0,1.0,1.0,0.0,0.0,1.0,0.0,0.0
3036,a03596d2557544d9f,True,,,,,,,,,,1.0,0.0,1.0,1.0,1.0,1.0,1.0,1.0,0.0,0.0
3037,c13e406734b95eb11,True,,,,,,,,,,1.0,1.0,1.0,1.0,0.6526955405325665,1.0,1.0,1.0,1.0,0.891467356416427
3038,756e98a2a3d823c33,True,,,,,,,,,,1.0,1.0,1.0,1.0,1.0,1.0,0.0,1.0,0.0,0.75
3039,6c441b1d10cac68e5,True,,,,,,,,,,1.0,1.0,1.0,1.0,0.5860668979769147,1.0,0.0,1.0,0.0,0.6206459056177859
3040,0f02c8c55a251c58b,True,,,,,,,,,,1.0,1.0,1.0,1.0,1.0,1.0,1.0,1.0,1.0,1.0
3041,7c6eb3ebf2ec0a507,True,,,,,,,,,,1.0,1.0,1.0,1.0,1.0,1.0,0.0,1.0,0.0,0.75
3042,f5c8d07f9fe6a3b4d,True,,,,,,,,,,0.0,1.0,1.0,0.0,1.0,0.0,1.0,1.0,0.0,0.0
3043,79ba4023648130a0c,True,,,,,,,,,,0.0,1.0,1.0,1.0,1.0,0.0,1.0,1.0,0.0,0.0
3044,2d240158ae67d64dd,True,,,,,,,,,,1.0,1.0,1.0,1.0,0.6414066217054971,1.0,0.0,1.0,0.0,0.6379395692829679
3045,1212d2f99f183cece,True,,,,,,,,,,1.0,1.0,1.0,1.0,0.6824989012901481,1.0,1.0,1.0,1.0,0.9007809066531713
3046,bad2ad9c318ddb264,True,,,,,,,,,,1.0,1.0,1.0,1.0,0.730221009361179,1.0,0.0,1.0,0.0,0.6656940654253685
3047,8d59e8ecb60e11b5b,True,,,,,,,,,,1.0,1.0,1.0,1.0,0.4792638187183563,1.0,0.0,1.0,0.0,0.5872699433494863
3048,b6eff4db462e0b665,True,,,,,,,,,,1.0,1.0,1.0,1.0,1.0,1.0,1.0,1.0,1.0,1.0
3049,de50c5684cbb85a60,True,,,,,,,,,,1.0,0.0,1.0,1.0,0.5166017504615569,1.0,1.0,1.0,0.0,0.0
3050,994054d09b71160e0,True,,,,,,,,,,1.0,1.0,1.0,1.0,1.0,1.0,0.0,1.0,1.0,0.875
3051,6c853ea6e6c4a2a77,True,,,,,,,,,,1.0,1.0,0.0,1.0,1.0,1.0,0.0,1.0,1.0,0.0
3052,091f890b966563016,True,,,,,,,,,,1.0,0.0,1.0,1.0,0.6039494036610521,1.0,1.0,1.0,0.0,0.0
3053,8732dc54a30ca7f80,True,,,,,,,,,,0.0,1.0,1.0,1.0,1.0,0.0,1.0,1.0,1.0,0.0
3054,ef66f2c0cf4893824,True,,,,,,,,,,1.0,1.0,0.5,1.0,1.0,1.0,0.0,1.0,0.0,0.375
3055,17b20f1abf2c81e8d,True,,,,,,,,,,1.0,1.0,1.0,1.0,1.0,1.0,1.0,1.0,0.0,0.875
3056,21473775434910bbe,True,,,,,,,,,,1.0,1.0,0.5,1.0,1.0,1.0,0.0,1.0,0.0,0.375
3057,d02247bc43841f48b,True,,,,,,,,,,1.0,1.0,1.0,1.0,0.039721504170172714,1.0,0.0,1.0,0.0,0.449912970053179
3058,535b410078f9658ee,True,,,,,,,,,,1.0,0.0,1.0,1.0,1.0,1.0,0.0,1.0,1.0,0.0
3059,40e5f23e7c1df8791,True,,,,,,,,,,1.0,0.0,1.0,1.0,0.7302346833883722,1.0,1.0,1.0,0.0,0.0
3060,4c0a48ba08d3935ff,True,,,,,,,,,,0.0,1.0,1.0,1.0,1.0,0.0,1.0,1.0,0.0,0.0
3061,4fe667077cf665671,True,,,,,,,,,,1.0,1.0,1.0,1.0,1.0,1.0,0.0,1.0,0.0,0.75
3062,f9ab90e6bba95734a,True,,,,,,,,,,1.0,1.0,1.0,1.0,0.42145137361185636,1.0,1.0,1.0,0.0,0.6942035542537051
3063,4cf1e96869318f4da,True,,,,,,,,,,1.0,0.0,1.0,1.0,1.0,1.0,1.0,1.0,0.0,0.0
3064,fbf4ec49ea2272ba1,True,,,,,,,,,,1.0,1.0,1.0,1.0,0.8390373709017748,1.0,0.0,1.0,1.0,0.8246991784068046
3065,f69feac0ce4643512,True,,,,,,,,,,1.0,1.0,1.0,1.0,0.35222336887594224,1.0,1.0,1.0,0.0,0.6725698027737319
3066,73ebc06c5abeb011a,True,,,,,,,,,,1.0,1.0,1.0,1.0,0.8287308043066769,1.0,0.0,0.0,1.0,0.6964783763458365
3067,38d50c91468fbe6e5,True,,,,,,,,,,1.0,1.0,1.0,1.0,1.0,1.0,0.0,1.0,1.0,0.875
3068,7d9dbfb94fb6594f8,True,,,,,,,,,,1.0,1.0,1.0,1.0,0.8317492691539561,1.0,0.0,1.0,0.0,0.6974216466106113
3069,bca57d9f8472bf1be,True,,,,,,,,,,1.0,1.0,1.0,1.0,0.7796358957644718,1.0,1.0,1.0,1.0,0.9311362174263974
3070,a64fb9390dd8520e5,True,,,,,,,,,,0.0,1.0,1.0,1.0,1.0,0.0,0.0,1.0,1.0,0.0
3071,b37e58b47596bc081,True,,,,,,,,,,1.0,1.0,0.5,1.0,1.0,1.0,1.0,0.0,0.0,0.375
3072,346c72dba6f32d44c,True,,,,,,,,,,1.0,1.0,1.0,1.0,1.0,1.0,0.0,1.0,1.0,0.875
3073,c0831690e22e4cfbc,True,,,,,,,,,,1.0,1.0,1.0,1.0,0.987885018137723,1.0,1.0,1.0,0.0,0.8712140681680385
3074,a4405612b58117ecc,True,,,,,,,,,,1.0,0.0,1.0,1.0,0.4766289683894899,1.0,1.0,1.0,0.0,0.0
3075,f5a7ab053fe5143f8,True,,,,,,,,,,1.0,1.0,1.0,1.0,1.0,1.0,0.0,1.0,1.0,0.875
3076,18dbdfb5b9fe301f4,True,,,,,,,,,,1.0,1.0,1.0,1.0,1.0,1.0,1.0,1.0,0.0,0.875
3077,672d1f18c743523e4,True,,,,,,,,,,1.0,1.0,1.0,1.0,0.5298712942983556,1.0,0.0,1.0,1.0,0.7280847794682361
3078,737a6728f5f065a24,True,,,,,,,,,,1.0,1.0,1.0,1.0,0.9054334361132224,1.0,0.0,1.0,1.0,0.845447948785382
3079,80ad340ede19df8b3,True,,,,,,,,,,1.0,1.0,0.5,1.0,1.0,1.0,0.0,0.0,0.0,0.3125
3080,1cffc233df9758d3d,True,,,,,,,,,,1.0,0.0,1.0,1.0,1.0,1.0,0.0,1.0,0.0,0.0
3081,be37c56ecccec8f54,True,,,,,,,,,,1.0,0.0,1.0,1.0,1.0,1.0,0.0,1.0,1.0,0.0
3082,b5eae8e67d3680501,True,,,,,,,,,,1.0,1.0,1.0,1.0,0.555673443479683,1.0,0.0,1.0,1.0,0.7361479510874009
3083,d87e1dbb0017ab960,True,,,,,,,,,,1.0,1.0,1.0,1.0,0.6361958361529256,1.0,0.0,1.0,0.0,0.6363111987977892
3084,c55b51f6860007830,True,,,,,,,,,,1.0,1.0,0.5,1.0,1.0,1.0,0.0,1.0,1.0,0.4375
3085,10e6f976d1a03f693,True,,,,,,,,,,1.0,1.0,1.0,1.0,0.6810783473298434,1.0,1.0,1.0,0.0,0.7753369835405761
3086,12f4928a69547a0bf,True,,,,,,,,,,1.0,0.0,1.0,1.0,1.0,1.0,1.0,1.0,0.0,0.0
3087,8254112e33078afad,True,,,,,,,,,,0.0,1.0,1.0,1.0,1.0,0.0,1.0,1.0,1.0,0.0
3088,3d460fd77ec7fcd59,True,,,,,,,,,,1.0,1.0,1.0,1.0,0.647050664006951,1.0,1.0,1.0,1.0,0.8897033325021722
3089,4ce9b6dc350d286df,True,,,,,,,,,,1.0,1.0,0.0,1.0,0.8998330260254984,1.0,0.0,1.0,0.0,0.0
3090,bef503ff5929be3a8,True,,,,,,,,,,1.0,1.0,1.0,1.0,1.0,1.0,0.0,1.0,0.0,0.75
3091,5defaad214f3a99c9,True,,,,,,,,,,1.0,1.0,1.0,1.0,0.6726893908966314,1.0,0.0,1.0,0.0,0.6477154346551973
3092,648027b9205dc7650,True,,,,,,,,,,1.0,1.0,0.0,1.0,1.0,1.0,0.0,1.0,0.0,0.0
3093,99d9ea218424b8b69,True,,,,,,,,,,1.0,1.0,1.0,1.0,0.9923971911879711,1.0,0.0,1.0,1.0,0.872624122246241
3094,f15dde91900f2039a,True,,,,,,,,,,0.0,1.0,0.5,1.0,1.0,0.0,0.0,1.0,1.0,0.0
3095,ef4057d8e3d8a089e,True,,,,,,,,,,1.0,1.0,0.5,1.0,1.0,1.0,0.0,1.0,0.0,0.375
3096,0aef5f06bc06b4b67,True,,,,,,,,,,1.0,0.0,1.0,1.0,1.0,1.0,1.0,1.0,1.0,0.0
3097,e9bf575d65f297345,True,,,,,,,,,,1.0,1.0,1.0,1.0,1.0,1.0,0.0,1.0,0.0,0.75
3098,6c0f20461b27e36fb,True,,,,,,,,,,1.0,0.0,1.0,1.0,0.8721875694800044,1.0,1.0,1.0,0.0,0.0
3099,c7e0e6deef7f0758e,True,,,,,,,,,,1.0,1.0,1.0,1.0,0.7228553092724767,1.0,0.0,1.0,1.0,0.788392284147649
3100,8bc78c84321c37423,True,,,,,,,,,,1.0,1.0,1.0,1.0,0.6164625480778219,1.0,1.0,1.0,0.0,0.7551445462743194
3101,72e532553b9a9b88d,True,,,,,,,,,,1.0,0.0,1.0,1.0,1.0,1.0,1.0,1.0,1.0,0.0
3102,2114731f5f6cae12c,True,,,,,,,,,,1.0,1.0,1.0,1.0,1.0,1.0,0.0,1.0,1.0,0.875
3103,2c5c3c9002e3d1165,True,,,,,,,,,,1.0,1.0,1.0,1.0,0.8704191929345102,1.0,1.0,1.0,1.0,0.9595059977920344
3104,1924f6d5f33633039,True,,,,,,,,,,1.0,1.0,1.0,1.0,0.8953674358973969,1.0,0.0,1.0,0.0,0.7173023237179366
3105,599d18ef0c8b9c894,True,,,,,,,,,,1.0,1.0,1.0,0.0,1.0,0.0,1.0,1.0,0.0,0.0
3106,b7560bcae0414e720,True,,,,,,,,,,1.0,0.0,1.0,1.0,1.0,1.0,1.0,1.0,1.0,0.0
3107,99fca017c572f5bc8,True,,,,,,,,,,1.0,1.0,1.0,1.0,0.7375909643467834,1.0,0.0,1.0,1.0,0.7929971763583699
3108,37e08a9d04d846913,True,,,,,,,,,,1.0,1.0,1.0,1.0,1.0,1.0,0.0,1.0,0.0,0.75
3109,e373db6dd950e3e73,True,,,,,,,,,,1.0,1.0,1.0,1.0,0.9252665151845963,1.0,0.0,1.0,0.0,0.7266457859951864
3110,a30c17989141062af,True,,,,,,,,,,1.0,1.0,1.0,1.0,1.0,1.0,0.0,1.0,1.0,0.875
3111,b58b6d88823cf8754,True,,,,,,,,,,0.0,1.0,1.0,1.0,1.0,0.0,0.0,1.0,1.0,0.0
3112,a8d83051ac2ad2fa2,True,,,,,,,,,,1.0,1.0,1.0,1.0,0.3357409837226676,1.0,1.0,1.0,0.0,0.6674190574133336
3113,1cdaa96068632401f,True,,,,,,,,,,1.0,1.0,1.0,1.0,0.46393952852795767,1.0,1.0,1.0,0.0,0.7074811026649868
3114,24a39936d6d41ac30,True,,,,,,,,,,1.0,1.0,0.5,1.0,1.0,1.0,0.0,1.0,0.0,0.375
3115,87d737da1d3ba4b40,True,,,,,,,,,,1.0,1.0,1.0,1.0,0.5930258826623284,1.0,1.0,1.0,1.0,0.8728205883319776
3116,344bd2551e98ed803,True,,,,,,,,,,1.0,0.0,1.0,1.0,1.0,1.0,1.0,1.0,0.0,0.0
3117,8b8b4f2749140ac7a,True,,,,,,,,,,1.0,1.0,1.0,1.0,0.7691565631675623,1.0,1.0,1.0,1.0,0.9278614259898632
3118,44b5f6ff06f523846,True,,,,,,,,,,0.0,0.0,1.0,1.0,1.0,0.0,1.0,1.0,0.0,0.0
3119,b06305fffe2e19174,True,,,,,,,,,,1.0,1.0,0.0,1.0,0.8059240734294836,1.0,0.0,1.0,1.0,0.0
3120,aefb28d15c78ef21c,True,,,,,,,,,,0.0,1.0,1.0,1.0,1.0,0.0,1.0,0.0,0.0,0.0
3121,8254c72f094adeb13,True,,,,,,,,,,1.0,1.0,1.0,1.0,1.0,1.0,1.0,1.0,1.0,1.0
3122,4410c6e64d170360d,True,,,,,,,,,,1.0,0.0,1.0,1.0,1.0,1.0,1.0,1.0,0.0,0.0
3123,ea89785b6636000f5,True,,,,,,,,,,1.0,1.0,1.0,1.0,0.6376901689155173,1.0,0.0,1.0,0.0,0.6367781777860991
3124,3b57dcdd08ad03a39,True,,,,,,,,,,1.0,1.0,1.0,1.0,0.5843303853174147,1.0,1.0,1.0,0.0,0.7451032454116921
3125,0e21f086c18f3949c,True,,,,,,,,,,1.0,0.0,1.0,1.0,0.9390512049758902,1.0,1.0,1.0,1.0,0.0
3126,bfba18000f192b90d,True,,,,,,,,,,1.0,1.0,1.0,1.0,0.8460082694939189,1.0,0.0,1.0,1.0,0.8268775842168496
3127,95068a2e2c9c01e85,True,,,,,,,,,,1.0,1.0,1.0,1.0,1.0,1.0,0.0,1.0,1.0,0.875
3128,2e5eb89b3ec98ed08,True,,,,,,,,,,1.0,0.0,1.0,1.0,1.0,1.0,1.0,1.0,1.0,0.0
3129,7b6a6c9c50efdcf85,True,,,,,,,,,,1.0,1.0,1.0,1.0,0.8243857119319006,1.0,0.0,1.0,0.0,0.695120534978719
3130,8a790ebf1c22b11d5,True,,,,,,,,,,0.0,1.0,1.0,1.0,1.0,0.0,0.0,1.0,0.0,0.0
3131,903b3cc014d45619e,True,,,,,,,,,,1.0,1.0,1.0,1.0,1.0,1.0,0.0,1.0,0.0,0.75
3132,f1020928f69a09709,True,,,,,,,,,,1.0,1.0,1.0,1.0,1.0,1.0,1.0,1.0,0.0,0.875
3133,7928a371230bc1be6,True,,,,,,,,,,1.0,1.0,1.0,1.0,1.0,1.0,1.0,1.0,1.0,1.0
3134,143c4941004472287,True,,,,,,,,,,1.0,0.0,1.0,1.0,1.0,1.0,0.0,1.0,0.0,0.0
3135,fd45bba33b3dcb719,True,,,,,,,,,,1.0,1.0,1.0,1.0,0.5860668979769147,1.0,0.0,1.0,0.0,0.6206459056177859
3136,d44e744043dbb77b1,True,,,,,,,,,,1.0,1.0,1.0,1.0,0.3347087098878302,1.0,1.0,1.0,1.0,0.7920964718399469
3137,1ab4af6d2763780c4,True,,,,,,,,,,1.0,1.0,1.0,1.0,0.552528493397862,1.0,1.0,1.0,1.0,0.8601651541868318
3138,cd7d476e450a5083d,True,,,,,,,,,,1.0,1.0,1.0,1.0,0.1953705100823168,1.0,1.0,1.0,1.0,0.748553284400724
3139,83d2191f456a3fa85,True,,,,,,,,,,1.0,1.0,1.0,1.0,0.7360458872088811,1.0,1.0,1.0,1.0,0.9175143397527754
3140,3176ea282b5516214,True,,,,,,,,,,0.0,1.0,1.0,1.0,1.0,0.0,0.0,1.0,0.0,0.0
3141,7acc87fed29fbe645,True,,,,,,,,,,1.0,1.0,0.0,1.0,1.0,1.0,0.0,1.0,1.0,0.0
3142,b291af47ff3b66426,True,,,,,,,,,,1.0,1.0,1.0,1.0,0.7409297445589571,1.0,1.0,1.0,1.0,0.9190405451746742
3143,23ab7eb5b925e86ab,True,,,,,,,,,,1.0,1.0,0.5,1.0,1.0,1.0,0.0,1.0,1.0,0.4375
3144,6b8b063fa80fa480f,True,,,,,,,,,,1.0,1.0,1.0,1.0,0.3616594591340786,1.0,0.0,1.0,1.0,0.6755185809793995
3145,be69267980b9fb08a,True,,,,,,,,,,1.0,0.0,1.0,1.0,0.7485902647115787,1.0,1.0,1.0,0.0,0.0
3146,3dd52ad2d0d369330,True,,,,,,,,,,1.0,1.0,1.0,1.0,0.7725935329951843,1.0,0.0,1.0,1.0,0.8039354790609952
3147,f8d618822ef33e7b0,True,,,,,,,,,,1.0,1.0,1.0,1.0,0.6414382182493541,1.0,1.0,1.0,1.0,0.8879494432029231
3148,2cc336777225529c2,True,,,,,,,,,,1.0,1.0,1.0,1.0,1.0,1.0,1.0,1.0,0.0,0.875
3149,9a5ec15b58d715b9c,True,,,,,,,,,,1.0,1.0,1.0,1.0,0.5991138186289952,1.0,1.0,1.0,1.0,0.874723068321561
3150,5bd97408b667dca22,True,,,,,,,,,,1.0,1.0,1.0,1.0,1.0,1.0,0.0,1.0,1.0,0.875
3151,c86b538debe073fb7,True,,,,,,,,,,1.0,1.0,1.0,1.0,0.6424437835916973,1.0,1.0,1.0,1.0,0.8882636823724054
3152,d3163ef07eaf8014c,True,,,,,,,,,,1.0,1.0,1.0,1.0,0.7107044857931835,1.0,1.0,1.0,0.0,0.7845951518103698
3153,e1dfffddf7ca3297a,True,,,,,,,,,,0.0,0.0,1.0,1.0,1.0,0.0,0.0,1.0,1.0,0.0
3154,4aa0d20a71cc4b60d,True,,,,,,,,,,1.0,1.0,1.0,1.0,1.0,1.0,0.0,1.0,1.0,0.875
3155,b5e97b7e8ca0f8b19,True,,,,,,,,,,1.0,1.0,1.0,1.0,0.758447869847874,1.0,0.0,1.0,1.0,0.7995149593274606
3156,c855eb02dea11b02e,True,,,,,,,,,,1.0,1.0,0.0,1.0,1.0,1.0,0.0,1.0,0.0,0.0
3157,35dbe67d467571cfb,True,,,,,,,,,,1.0,0.0,0.5,1.0,0.5495743277650583,1.0,0.0,1.0,0.0,0.0
3158,24ac26ca8ac0e9395,True,,,,,,,,,,1.0,1.0,1.0,1.0,1.0,1.0,1.0,1.0,0.0,0.875
3159,801d1b42c0409656b,True,,,,,,,,,,0.0,0.0,1.0,1.0,1.0,0.0,1.0,1.0,0.0,0.0
3160,50bb35a33ba92cd52,True,,,,,,,,,,1.0,1.0,1.0,1.0,1.0,1.0,1.0,1.0,1.0,1.0
3161,82bb73b09ea17fb1a,True,,,,,,,,,,1.0,1.0,1.0,1.0,0.5486570708929668,1.0,1.0,1.0,0.0,0.7339553346540522
3162,2999813e6f4624d21,True,,,,,,,,,,0.0,1.0,1.0,1.0,1.0,0.0,0.0,1.0,1.0,0.0
3163,77fcdd159de9fa48f,True,,,,,,,,,,1.0,1.0,1.0,1.0,0.704598072680313,1.0,1.0,1.0,1.0,0.9076868977125978
3164,1c968570d73ed5505,True,,,,,,,,,,1.0,1.0,1.0,1.0,0.28266338222207266,1.0,1.0,1.0,1.0,0.7758323069443978
3165,427601a379941fcbc,True,,,,,,,,,,1.0,1.0,1.0,1.0,0.5673996606738185,1.0,1.0,1.0,0.0,0.7398123939605683
3166,55617753513055d9b,True,,,,,,,,,,0.0,0.0,1.0,1.0,1.0,0.0,1.0,1.0,0.0,0.0
3167,d8696cab0b29dcbba,True,,,,,,,,,,1.0,1.0,0.5,1.0,1.0,1.0,0.0,1.0,0.0,0.375
3168,d405764e71ecb1286,True,,,,,,,,,,1.0,1.0,1.0,1.0,0.6595391734736106,1.0,0.0,1.0,0.0,0.6436059917105033
3169,cc675839235bef34d,True,,,,,,,,,,1.0,0.0,1.0,1.0,0.6584594690361393,1.0,1.0,0.0,0.0,0.0
3170,25dc2853331e64985,True,,,,,,,,,,1.0,1.0,1.0,1.0,0.741516245722161,1.0,0.0,1.0,1.0,0.7942238267881754
3171,a5797a61db84af354,True,,,,,,,,,,1.0,1.0,1.0,1.0,0.40854527219658854,1.0,1.0,1.0,1.0,0.815170397561434
3172,095200d2374c09356,True,,,,,,,,,,1.0,1.0,0.5,1.0,1.0,1.0,0.0,1.0,0.0,0.375
3173,493a69b930b600eb5,True,,,,,,,,,,1.0,1.0,1.0,1.0,1.0,1.0,1.0,1.0,1.0,1.0
3174,23bbff1d97344d8cd,True,,,,,,,,,,1.0,1.0,1.0,1.0,0.8291757317239686,1.0,1.0,0.0,0.0,0.6966174161637402
3175,3adb9fc78ee100b06,True,,,,,,,,,,1.0,0.0,1.0,1.0,1.0,1.0,0.0,1.0,1.0,0.0
3176,90bac953ef7d525b5,True,,,,,,,,,,1.0,1.0,1.0,1.0,0.5433736833544544,1.0,1.0,1.0,0.0,0.732304276048267
3177,1afa1d77d3954125e,True,,,,,,,,,,1.0,1.0,1.0,1.0,0.8939858939773382,1.0,0.0,1.0,1.0,0.8418705918679181
3178,f38027c813030f619,True,,,,,,,,,,1.0,1.0,1.0,1.0,1.0,1.0,1.0,1.0,0.0,0.875
3179,1ac3e56e5a46a2f3a,True,,,,,,,,,,1.0,1.0,1.0,1.0,0.9923971911879711,1.0,0.0,1.0,1.0,0.872624122246241
3180,203c4d85b696869d7,True,,,,,,,,,,1.0,1.0,1.0,1.0,0.9339040952642231,1.0,1.0,1.0,1.0,0.9793450297700697
3181,1bc64f4db46ec4c9f,True,,,,,,,,,,1.0,0.0,1.0,1.0,0.5202415593674787,1.0,1.0,1.0,0.0,0.0
3182,43759bd8769ab0e07,True,,,,,,,,,,1.0,1.0,1.0,1.0,1.0,1.0,1.0,1.0,1.0,1.0
3183,2ef69b84551e22eb2,True,,,,,,,,,,1.0,1.0,0.0,1.0,0.7683877662939216,1.0,1.0,1.0,0.0,0.0
3184,bb64b91f09ac1d235,True,,,,,,,,,,1.0,1.0,1.0,1.0,0.6722603049823794,1.0,1.0,1.0,0.0,0.7725813453069936
3185,122590be147f65d56,True,,,,,,,,,,1.0,1.0,1.0,1.0,0.30421610746470484,1.0,0.0,1.0,0.0,0.5325675335827202
3186,45d88e7f92a4a9e74,True,,,,,,,,,,1.0,1.0,1.0,1.0,0.3045465693254309,1.0,1.0,1.0,0.0,0.6576708029141971
3187,90074b411c5d7d55b,True,,,,,,,,,,1.0,1.0,1.0,1.0,0.4198314734027019,1.0,1.0,1.0,0.0,0.6936973354383443
3188,54d9c82ef12c0980e,True,,,,,,,,,,1.0,1.0,1.0,1.0,0.5998137991954864,1.0,0.0,1.0,0.0,0.6249418122485895
3189,c07fcc57d1a2e1388,True,,,,,,,,,,1.0,0.0,1.0,1.0,0.5515902990122412,1.0,1.0,1.0,0.0,0.0
3190,ac022e7e85876da0a,True,,,,,,,,,,1.0,1.0,1.0,1.0,0.7672260085142759,1.0,1.0,1.0,0.0,0.8022581276607113
3191,9f1d660e1e39a5197,True,,,,,,,,,,1.0,1.0,1.0,1.0,0.6154527559881076,1.0,0.0,1.0,0.0,0.6298289862462836
3192,a1a5eeda367569815,True,,,,,,,,,,1.0,0.0,1.0,1.0,0.734838376769102,1.0,1.0,1.0,0.0,0.0
3193,6df6f08cd7de3b69e,True,,,,,,,,,,1.0,1.0,1.0,1.0,0.6095841261485198,1.0,1.0,1.0,0.0,0.7529950394214124
3194,6081eace5dbab1fce,True,,,,,,,,,,1.0,1.0,1.0,1.0,0.9839152761898569,1.0,1.0,1.0,0.0,0.8699735238093302
3195,7db6e4bbd119fd8c7,True,,,,,,,,,,1.0,0.0,1.0,1.0,0.7910514660006294,1.0,0.0,1.0,1.0,0.0
3196,7fb39ce347c2b9486,True,,,,,,,,,,1.0,1.0,1.0,1.0,1.0,1.0,0.0,1.0,1.0,0.875
3197,cb517587f4a1e3711,True,,,,,,,,,,1.0,1.0,1.0,1.0,1.0,1.0,1.0,1.0,1.0,1.0
3198,11e5a12ad80226150,True,,,,,,,,,,1.0,1.0,1.0,1.0,0.7721738956125311,1.0,0.0,1.0,0.0,0.678804342378916
3199,5dc798ecdc1897481,True,,,,,,,,,,1.0,1.0,1.0,1.0,0.8817742846672387,1.0,0.0,1.0,1.0,0.8380544639585121
3200,f13bedf0787265ff4,True,,,,,,,,,,1.0,1.0,1.0,1.0,0.5579948248841045,1.0,1.0,1.0,0.0,0.7368733827762827
3201,1cb35ff44517c5025,True,,,,,,,,,,1.0,1.0,1.0,1.0,0.7958455186698011,1.0,1.0,1.0,1.0,0.9362017245843128
3202,5dbaff082e8bd2a5b,True,,,,,,,,,,1.0,1.0,1.0,1.0,0.6557625073959077,1.0,0.0,1.0,1.0,0.7674257835612212
3203,e92600c0f705705df,True,,,,,,,,,,1.0,1.0,1.0,1.0,0.22735838994070895,1.0,1.0,1.0,1.0,0.7585494968564716
3204,b4c09963d7ae450c8,True,,,,,,,,,,0.0,0.0,1.0,1.0,1.0,0.0,1.0,1.0,0.0,0.0
3205,c82835c09890be38b,True,,,,,,,,,,1.0,0.0,1.0,1.0,0.9036494854320369,1.0,1.0,1.0,0.0,0.0
3206,0165cb0adcfce3796,True,,,,,,,,,,1.0,1.0,1.0,1.0,1.0,1.0,1.0,1.0,0.0,0.875
3207,e3b56ed4a85f713c8,True,,,,,,,,,,0.0,1.0,1.0,1.0,1.0,0.0,1.0,1.0,1.0,0.0
3208,f3374bc1daec15012,True,,,,,,,,,,1.0,1.0,1.0,1.0,0.6737745655426294,1.0,0.0,1.0,1.0,0.7730545517320717
3209,c40c7b11924becb1b,True,,,,,,,,,,0.0,1.0,1.0,1.0,1.0,0.0,1.0,1.0,1.0,0.0
3210,eb6640d34db9e73af,True,,,,,,,,,,1.0,1.0,1.0,1.0,0.36449885807075916,1.0,1.0,1.0,1.0,0.8014058931471122
3211,abe4fa3284d5d8e53,True,,,,,,,,,,1.0,1.0,1.0,1.0,0.22884809748118767,1.0,1.0,1.0,1.0,0.7590150304628711
3212,65340cec441efc0c2,True,,,,,,,,,,1.0,1.0,1.0,1.0,0.3508913162575352,1.0,1.0,1.0,0.0,0.6721535363304798
3213,0d322fa61ecc39416,True,,,,,,,,,,1.0,1.0,1.0,1.0,0.7327682206396966,1.0,1.0,1.0,0.0,0.7914900689499051
3214,3994aa71c5443aea3,True,,,,,,,,,,1.0,1.0,1.0,1.0,0.973646267294406,1.0,0.0,1.0,1.0,0.8667644585295018
3215,3f8c33cff8d582456,True,,,,,,,,,,1.0,1.0,1.0,1.0,0.08888448497313803,1.0,1.0,1.0,1.0,0.7152764015541057
3216,3e8f802de1e65025d,True,,,,,,,,,,1.0,1.0,1.0,1.0,0.792167471219594,0.0,0.0,1.0,1.0,0.49755233475612315
3217,4876fb179a00309b5,True,,,,,,,,,,1.0,1.0,1.0,1.0,0.8500800307356776,1.0,1.0,1.0,1.0,0.9531500096048993
3218,46d27733df7167bb2,True,,,,,,,,,,1.0,1.0,1.0,1.0,0.7410219852007827,1.0,1.0,1.0,1.0,0.9190693703752446
3219,a230273e8dabb271d,True,,,,,,,,,,1.0,1.0,1.0,1.0,1.0,1.0,0.0,1.0,1.0,0.875
3220,82b0238fb02f13548,True,,,,,,,,,,0.0,1.0,1.0,1.0,1.0,0.0,0.0,1.0,1.0,0.0
3221,7dd7378a3a19d8a0e,True,,,,,,,,,,1.0,1.0,1.0,1.0,0.7477030227834538,1.0,1.0,1.0,1.0,0.9211571946198294
3222,78e83fee2e80cffb8,True,,,,,,,,,,1.0,1.0,1.0,1.0,0.9550255837998826,1.0,1.0,1.0,0.0,0.8609454949374633
3223,9db9a548b803b14d9,True,,,,,,,,,,1.0,1.0,1.0,1.0,0.8398277456262527,1.0,0.0,1.0,1.0,0.824946170508204
3224,767cefbd4e52c83e0,True,,,,,,,,,,1.0,1.0,1.0,1.0,1.0,1.0,0.0,1.0,1.0,0.875
3225,db13e1f50a5d36df0,True,,,,,,,,,,1.0,1.0,1.0,1.0,0.8655574012343265,1.0,0.0,1.0,0.0,0.707986687885727
3226,4ed26e14929f14eb4,True,,,,,,,,,,1.0,1.0,1.0,1.0,0.6107613682936439,1.0,0.0,1.0,0.0,0.6283629275917637
3227,86d4226f5118e784d,True,,,,,,,,,,1.0,1.0,1.0,1.0,0.9024442196500292,1.0,1.0,1.0,0.0,0.8445138186406341
3228,da1d2937d8bad05e3,True,,,,,,,,,,1.0,1.0,1.0,1.0,0.5823324270045297,1.0,1.0,1.0,1.0,0.8694788834389156
3229,38158890d40f83da6,True,,,,,,,,,,0.0,0.0,1.0,1.0,1.0,0.0,0.0,0.0,0.0,0.0
3230,f23480d4e2e5e6146,True,,,,,,,,,,0.0,1.0,1.0,1.0,1.0,0.0,1.0,1.0,0.0,0.0
3231,b016a907699ca499b,True,,,,,,,,,,1.0,1.0,1.0,1.0,1.0,1.0,0.0,1.0,0.0,0.75
3232,c1b8b4454bc0a112c,True,,,,,,,,,,1.0,1.0,1.0,1.0,1.0,1.0,1.0,1.0,1.0,1.0
3233,c864abb5afff1f7f4,True,,,,,,,,,,1.0,1.0,1.0,1.0,0.5208032274082627,1.0,0.0,1.0,1.0,0.7252510085650821
3234,d8d45144c24388dfb,True,,,,,,,,,,1.0,0.0,1.0,1.0,1.0,1.0,1.0,1.0,0.0,0.0
3235,8b07c31db85204e64,True,,,,,,,,,,1.0,1.0,1.0,1.0,0.8145515404563237,1.0,1.0,0.0,0.0,0.6920473563926012
3236,8ebb7ac6b5b06cde1,True,,,,,,,,,,1.0,0.0,1.0,1.0,0.1742392610294853,1.0,0.0,1.0,0.0,0.0
3237,9de9e57115e5b4d5b,True,,,,,,,,,,1.0,1.0,1.0,1.0,0.5669839726646231,1.0,0.0,1.0,1.0,0.7396824914576947
3238,95f89994ef4b0b0e3,True,,,,,,,,,,1.0,1.0,1.0,1.0,0.8655574012343265,1.0,0.0,1.0,0.0,0.707986687885727
3239,514d7497a9ead95b4,True,,,,,,,,,,1.0,1.0,1.0,1.0,0.12292302150881378,1.0,1.0,1.0,1.0,0.7259134442215043
3240,ad352a19a340fd99b,True,,,,,,,,,,1.0,0.0,1.0,1.0,1.0,1.0,0.0,1.0,1.0,0.0
3241,56a96ee7abd76ab13,True,,,,,,,,,,1.0,1.0,1.0,1.0,1.0,1.0,0.0,1.0,1.0,0.875
3242,90c40a195012fa8ec,True,,,,,,,,,,1.0,0.0,1.0,1.0,1.0,1.0,1.0,1.0,1.0,0.0
3243,0f61f35dda061336d,True,,,,,,,,,,1.0,1.0,0.0,1.0,1.0,1.0,0.0,1.0,1.0,0.0
3244,271b906800ea0cf57,True,,,,,,,,,,1.0,0.0,1.0,1.0,1.0,1.0,0.0,1.0,0.0,0.0
3245,90ffd09937f409beb,True,,,,,,,,,,1.0,1.0,1.0,1.0,0.6347971221081132,1.0,1.0,1.0,0.0,0.7608741006587854
3246,ee835d04e79982ac7,True,,,,,,,,,,1.0,1.0,1.0,1.0,1.0,1.0,0.0,1.0,1.0,0.875
3247,f3b236d797b3e906c,True,,,,,,,,,,1.0,1.0,1.0,1.0,1.0,1.0,0.0,1.0,1.0,0.875
3248,e91ac9ef742425106,True,,,,,,,,,,1.0,1.0,1.0,1.0,0.7638655113063942,1.0,1.0,1.0,1.0,0.9262079722832481
3249,474ead815a6e92542,True,,,,,,,,,,1.0,1.0,1.0,1.0,1.0,1.0,0.0,1.0,1.0,0.875
3250,c5555e6107565ea71,True,,,,,,,,,,1.0,1.0,1.0,1.0,0.7318851273305977,1.0,0.0,1.0,0.0,0.6662141022908118
3251,fe2ce74b2caa3fec8,True,,,,,,,,,,1.0,1.0,1.0,1.0,0.12411265250324109,1.0,1.0,1.0,0.0,0.6012852039072628
3252,255fdde0f485718e4,True,,,,,,,,,,1.0,0.0,1.0,1.0,1.0,1.0,0.0,1.0,0.0,0.0
3253,09abf15b5898e308b,True,,,,,,,,,,1.0,1.0,0.0,1.0,1.0,1.0,0.0,1.0,1.0,0.0
3254,67f4ac3e85d08fa8a,True,,,,,,,,,,1.0,1.0,1.0,1.0,0.777962442907498,1.0,1.0,1.0,0.0,0.8056132634085931
3255,9bd02c4d06feae3dd,True,,,,,,,,,,1.0,1.0,0.0,1.0,0.8776185151232845,1.0,0.0,1.0,1.0,0.0
3256,3894c9c5592b7db82,True,,,,,,,,,,0.0,1.0,1.0,1.0,1.0,0.0,0.0,1.0,0.0,0.0
3257,6b611802253a6f2c9,True,,,,,,,,,,1.0,1.0,1.0,1.0,0.9462888623520224,1.0,0.0,1.0,1.0,0.8582152694850069
3258,2947a7779fffc9a73,True,,,,,,,,,,1.0,0.0,1.0,1.0,1.0,1.0,0.0,1.0,0.0,0.0
3259,d10399f19fe745cd8,True,,,,,,,,,,0.0,1.0,1.0,1.0,1.0,0.0,1.0,1.0,1.0,0.0
3260,362f2d9e119bf7981,True,,,,,,,,,,1.0,1.0,1.0,1.0,0.4491305947736561,1.0,1.0,1.0,0.0,0.7028533108667675
3261,a677f3956eddc7eac,True,,,,,,,,,,1.0,1.0,0.0,1.0,0.8827749201974788,1.0,0.0,1.0,1.0,0.0
3262,19f37ab0ecf15f254,True,,,,,,,,,,1.0,1.0,1.0,1.0,1.0,1.0,0.0,1.0,0.0,0.75
3263,435c8cf621dfd73fb,True,,,,,,,,,,1.0,1.0,1.0,1.0,0.8659017214135617,1.0,1.0,0.0,0.0,0.708094287941738
3264,f3c4213c78f53fa5d,True,,,,,,,,,,1.0,1.0,1.0,1.0,0.9512789890192443,1.0,1.0,1.0,0.0,0.8597746840685139
3265,856438ce448da4265,True,,,,,,,,,,0.0,1.0,1.0,1.0,1.0,0.0,1.0,1.0,0.0,0.0
3266,42e2e548a93490d54,True,,,,,,,,,,1.0,1.0,1.0,1.0,1.0,1.0,0.0,1.0,1.0,0.875
3267,bdb2442f6ebc40808,True,,,,,,,,,,1.0,1.0,0.0,1.0,1.0,1.0,0.0,1.0,1.0,0.0
3268,bc730296c22859127,True,,,,,,,,,,1.0,1.0,1.0,1.0,0.7877715065521569,1.0,1.0,1.0,0.0,0.8086785957975491
3269,4304662a687a53d30,True,,,,,,,,,,1.0,1.0,1.0,1.0,1.0,1.0,1.0,1.0,0.0,0.875
3270,787aeff562a4b851a,True,,,,,,,,,,1.0,1.0,1.0,1.0,0.7131745075946246,1.0,0.0,1.0,1.0,0.7853670336233202
3271,872a49bbab0e3eadd,True,,,,,,,,,,1.0,0.0,1.0,1.0,1.0,1.0,0.0,1.0,0.0,0.0
3272,fe124f930c37d2d0e,True,,,,,,,,,,1.0,1.0,1.0,1.0,0.6884196876293233,1.0,1.0,0.0,0.0,0.6526311523841635
3273,b4ad9997db888e2b4,True,,,,,,,,,,1.0,1.0,1.0,1.0,0.7424051651323551,1.0,0.0,1.0,0.0,0.669501614103861
3274,8480de05eed695abf,True,,,,,,,,,,1.0,1.0,1.0,1.0,0.716062500474938,1.0,0.0,1.0,0.0,0.6612695313984182
3275,70fc0f58fc8579539,True,,,,,,,,,,1.0,1.0,1.0,1.0,0.7772867111055917,1.0,0.0,1.0,1.0,0.8054020972204974
3276,00d194f38b3f05c1e,True,,,,,,,,,,1.0,1.0,0.5,1.0,1.0,1.0,0.0,1.0,0.0,0.375
3277,590744a9d3d5652dd,True,,,,,,,,,,0.0,1.0,1.0,1.0,1.0,0.0,1.0,1.0,1.0,0.0
3278,d913eb830099d4dfe,True,,,,,,,,,,1.0,0.0,1.0,1.0,1.0,1.0,0.0,1.0,1.0,0.0
3279,6995c156a66d6a8ee,True,,,,,,,,,,1.0,1.0,1.0,1.0,0.6919813040138948,1.0,0.0,1.0,0.0,0.6537441575043421
3280,f549933443a3744d4,True,,,,,,,,,,1.0,1.0,1.0,1.0,0.7930613881449856,1.0,0.0,1.0,1.0,0.8103316837953081
3281,a71664743c9a3ca78,True,,,,,,,,,,1.0,1.0,1.0,1.0,0.8051803749493427,1.0,0.0,1.0,1.0,0.8141188671716696
3282,e035483e2731dcf6b,True,,,,,,,,,,1.0,0.0,1.0,1.0,1.0,1.0,1.0,1.0,0.0,0.0
3283,8caf8f0fb08aa9aa2,True,,,,,,,,,,1.0,1.0,1.0,1.0,0.6592960100998407,1.0,1.0,1.0,1.0,0.8935300031562002
3284,ae94ff2780b7d715c,True,,,,,,,,,,1.0,1.0,0.5,1.0,0.824611909402662,1.0,0.0,1.0,0.0,0.34759561084416596
3285,e03ef0605d72ffd1a,True,,,,,,,,,,1.0,1.0,1.0,1.0,0.9947937327425872,1.0,1.0,1.0,0.0,0.8733730414820585
3286,fb8289807a1b275b3,True,,,,,,,,,,1.0,1.0,1.0,1.0,0.32106403741304707,1.0,0.0,1.0,1.0,0.6628325116915772
3287,b39cc0075afc7d408,True,,,,,,,,,,1.0,1.0,1.0,1.0,0.5144843530098433,1.0,0.0,1.0,1.0,0.7232763603155761
3288,43510bb262d6965b6,True,,,,,,,,,,1.0,1.0,1.0,1.0,0.4862049070919949,1.0,1.0,1.0,0.0,0.7144390334662484
3289,7098c40dee5929017,True,,,,,,,,,,0.0,1.0,1.0,1.0,1.0,0.0,1.0,1.0,0.0,0.0
3290,117c9da6253882bd5,True,,,,,,,,,,0.0,1.0,1.0,1.0,0.9068844182147344,0.0,0.0,1.0,1.0,0.0
3291,5ca342ee0bfdecb05,True,,,,,,,,,,1.0,1.0,1.0,1.0,1.0,1.0,1.0,1.0,1.0,1.0
3292,4fa2e904e6a4504ba,True,,,,,,,,,,1.0,0.0,0.5,1.0,1.0,1.0,0.0,1.0,0.0,0.0
3293,16e839b38304ce550,True,,,,,,,,,,1.0,1.0,1.0,1.0,0.56830925729359,1.0,1.0,1.0,1.0,0.8650966429042469
3294,be29b04863547d0c1,True,,,,,,,,,,1.0,1.0,1.0,1.0,0.771192835453709,1.0,1.0,1.0,1.0,0.9284977610792841
3295,6b912a3796564dd7e,True,,,,,,,,,,1.0,1.0,1.0,1.0,0.44074681215338757,1.0,0.0,1.0,1.0,0.7002333787979336
3296,77db839a0d3b1d5fe,True,,,,,,,,,,1.0,1.0,1.0,1.0,1.0,1.0,1.0,1.0,1.0,1.0
3297,2516d8b2211015894,True,,,,,,,,,,1.0,1.0,1.0,1.0,0.7222620677184648,1.0,1.0,1.0,0.0,0.7882068961620202
3298,4ac58ee8e6463cde1,True,,,,,,,,,,1.0,1.0,1.0,1.0,0.6045787103043432,1.0,0.0,1.0,0.0,0.6264308469701072
3299,2624b8883e65347cd,True,,,,,,,,,,1.0,1.0,0.5,1.0,1.0,1.0,1.0,1.0,0.0,0.4375
3300,9506188a844465e23,True,,,,,,,,,,1.0,1.0,1.0,1.0,0.8425979409031195,1.0,1.0,1.0,1.0,0.9508118565322248
3301,c6245a244902cb4af,True,,,,,,,,,,1.0,1.0,1.0,1.0,0.41107948454782345,1.0,1.0,1.0,1.0,0.8159623389211949
3302,e2094c50a0cc45693,True,,,,,,,,,,1.0,1.0,1.0,1.0,0.20791551045160728,1.0,1.0,1.0,1.0,0.7524735970161273
3303,893f024c9ae6bfd2c,True,,,,,,,,,,1.0,0.0,1.0,1.0,0.4228328743685587,1.0,1.0,1.0,1.0,0.0
3304,1211bf26e9a785053,True,,,,,,,,,,1.0,1.0,1.0,1.0,0.8553941069678633,1.0,1.0,1.0,1.0,0.9548106584274573
3305,7ca5efbee05a576cf,True,,,,,,,,,,1.0,1.0,0.0,1.0,1.0,1.0,0.0,1.0,1.0,0.0
3306,27061907e5be28dba,True,,,,,,,,,,1.0,1.0,1.0,1.0,0.8103867646201479,1.0,1.0,1.0,1.0,0.9407458639437962
3307,b1c50bd50a2ae1355,True,,,,,,,,,,1.0,1.0,1.0,1.0,0.7859017976655547,1.0,1.0,0.0,0.0,0.6830943117704859
3308,696843a23b748f1b0,True,,,,,,,,,,1.0,1.0,1.0,1.0,1.0,1.0,1.0,1.0,1.0,1.0
3309,c51bc3907e1c3fbac,True,,,,,,,,,,1.0,1.0,1.0,1.0,0.5531867139191724,1.0,1.0,1.0,1.0,0.8603708480997414
3310,8d2018c3d25b185de,True,,,,,,,,,,1.0,1.0,1.0,1.0,0.7915357901899308,1.0,1.0,1.0,0.0,0.8098549344343534
3311,78ff4a8811ea50019,True,,,,,,,,,,1.0,1.0,1.0,1.0,1.0,1.0,1.0,1.0,1.0,1.0
3312,1b844c67dec9fe5a6,True,,,,,,,,,,1.0,1.0,1.0,1.0,0.7358625387859866,1.0,0.0,1.0,0.0,0.6674570433706208
3313,e306d6a4971bcbd83,True,,,,,,,,,,0.0,1.0,1.0,1.0,1.0,0.0,1.0,1.0,0.0,0.0
3314,09fa657ef5c07d73d,True,,,,,,,,,,1.0,0.0,1.0,1.0,1.0,1.0,0.0,1.0,1.0,0.0
3315,cf6ea1483f38bad12,True,,,,,,,,,,1.0,1.0,1.0,1.0,0.8027660806674947,1.0,0.0,1.0,1.0,0.813364400208592
3316,69958b4858f9aa696,True,,,,,,,,,,1.0,1.0,1.0,1.0,0.7700452448688555,1.0,1.0,1.0,1.0,0.9281391390215173
3317,b360500595d619f7c,True,,,,,,,,,,1.0,1.0,1.0,1.0,0.9993379541971453,1.0,0.0,1.0,0.0,0.7497931106866079
3318,fe3af476ce56a1283,True,,,,,,,,,,1.0,1.0,1.0,1.0,0.784434497922049,1.0,1.0,1.0,1.0,0.9326357806006403
3319,a91425257255ef015,True,,,,,,,,,,0.0,1.0,0.5,1.0,1.0,0.0,0.0,0.0,0.0,0.0
3320,e837d678b75d5da6f,True,,,,,,,,,,1.0,1.0,1.0,1.0,0.9036196399794918,1.0,1.0,1.0,1.0,0.9698811374935912
3321,f44e7838ec7d4f843,True,,,,,,,,,,1.0,1.0,1.0,1.0,1.0,1.0,0.0,1.0,1.0,0.875
3322,aaa2921db2669810d,True,,,,,,,,,,1.0,1.0,1.0,1.0,0.8192207032171451,1.0,1.0,1.0,0.0,0.8185064697553579
3323,b8aa4f2712496a9c3,True,,,,,,,,,,1.0,1.0,0.5,1.0,1.0,1.0,0.0,1.0,1.0,0.4375
3324,f2ee403d63c2cb379,True,,,,,,,,,,1.0,1.0,0.5,0.0,1.0,1.0,0.0,1.0,0.0,0.0
3325,5e7944c54a12aa9bd,True,,,,,,,,,,1.0,1.0,0.5,1.0,0.7743934935466165,1.0,0.0,1.0,1.0,0.4022489833666588
3326,2b1cf649494f9cd62,True,,,,,,,,,,1.0,1.0,0.0,1.0,1.0,1.0,0.0,1.0,0.0,0.0
3327,46c89f59183915eba,True,,,,,,,,,,1.0,1.0,0.0,1.0,1.0,1.0,0.0,1.0,1.0,0.0
3328,6c19dab64235f6915,True,,,,,,,,,,1.0,0.0,1.0,1.0,0.6251589251923811,1.0,1.0,1.0,1.0,0.0
3329,3dafbde4626235155,True,,,,,,,,,,1.0,1.0,0.0,1.0,0.7894898686406929,1.0,0.0,1.0,0.0,0.0
3330,43e9554b328e8aa7f,True,,,,,,,,,,1.0,1.0,1.0,1.0,0.8458585554461805,1.0,0.0,1.0,1.0,0.8268307985769314
3331,760a1b63cdc5e0565,True,,,,,,,,,,1.0,0.0,1.0,1.0,0.5803178052087233,1.0,0.0,1.0,0.0,0.0
3332,67937388005952f7f,True,,,,,,,,,,1.0,1.0,1.0,1.0,0.5523038551095986,1.0,1.0,1.0,0.0,0.7350949547217496
3333,7e6c6310177832aed,True,,,,,,,,,,1.0,1.0,1.0,1.0,0.9146373097187425,1.0,1.0,1.0,1.0,0.973324159287107
3334,ca870ac8b947e6752,True,,,,,,,,,,0.0,1.0,1.0,1.0,1.0,0.0,1.0,1.0,0.0,0.0
3335,41a39d55c68bb7f5a,True,,,,,,,,,,1.0,1.0,1.0,1.0,0.2171172111115284,1.0,1.0,1.0,0.0,0.6303491284723526
3336,17ff329e83009189d,True,,,,,,,,,,1.0,0.0,0.5,1.0,0.2296034587023783,1.0,0.0,1.0,0.0,0.0
3337,9b4f213c9ca37efb2,True,,,,,,,,,,1.0,1.0,1.0,1.0,1.0,1.0,0.0,1.0,1.0,0.875
3338,237248dcf20ccf56f,True,,,,,,,,,,1.0,1.0,1.0,1.0,0.5869559669120197,1.0,1.0,1.0,0.0,0.7459237396600061
3339,cfdd0359dacc8fea1,True,,,,,,,,,,1.0,1.0,1.0,1.0,1.0,1.0,0.0,1.0,0.0,0.75
3340,d29fc0876909edc75,True,,,,,,,,,,1.0,1.0,1.0,1.0,0.7318588339100242,1.0,1.0,1.0,1.0,0.9162058855968825
3341,a4d8865551f14fe33,True,,,,,,,,,,1.0,1.0,1.0,1.0,0.8454694441090197,1.0,0.0,1.0,1.0,0.8267092012840687
3342,e717e9e58fcb1f253,True,,,,,,,,,,1.0,1.0,1.0,1.0,0.882216309505863,1.0,0.0,1.0,1.0,0.8381925967205822
3343,074cb9c09e56d13b7,True,,,,,,,,,,1.0,1.0,1.0,1.0,0.7710261212031583,1.0,1.0,1.0,1.0,0.928445662875987
3344,a4e79fc70ac65c883,True,,,,,,,,,,1.0,1.0,1.0,1.0,0.6025420200758396,1.0,0.0,1.0,1.0,0.7507943812736999
3345,709f734811414136f,True,,,,,,,,,,1.0,1.0,1.0,1.0,1.0,1.0,1.0,1.0,1.0,1.0
3346,a2b706d9e0ce2f53e,True,,,,,,,,,,1.0,0.0,1.0,1.0,1.0,1.0,0.0,1.0,0.0,0.0
3347,ce7eec1214fedafe8,True,,,,,,,,,,1.0,1.0,1.0,1.0,0.3532269884216822,1.0,0.0,1.0,1.0,0.6728834338817757
3348,4578349a623642d00,True,,,,,,,,,,1.0,1.0,1.0,1.0,0.4245472483800515,1.0,1.0,1.0,1.0,0.8201710151187661
3349,a617218bc7b506fc1,True,,,,,,,,,,1.0,1.0,1.0,1.0,1.0,1.0,0.0,1.0,0.0,0.75
3350,873e0ddcc4fdfae2e,True,,,,,,,,,,1.0,0.0,1.0,1.0,1.0,1.0,0.0,1.0,1.0,0.0
3351,d253a5d864e95f8d2,True,,,,,,,,,,1.0,1.0,1.0,1.0,0.9212761812278063,1.0,0.0,1.0,1.0,0.8503988066336895
3352,49243c381a0bed43b,True,,,,,,,,,,1.0,1.0,1.0,1.0,0.9070015159041503,1.0,1.0,1.0,1.0,0.970937973720047
3353,ba3f20b19ddb93cb1,True,,,,,,,,,,1.0,1.0,1.0,1.0,1.0,1.0,1.0,1.0,0.0,0.875
3354,939c99b6da1e786f5,True,,,,,,,,,,1.0,1.0,1.0,1.0,1.0,1.0,0.0,1.0,1.0,0.875
3355,298d36dd2179b1b09,True,,,,,,,,,,1.0,1.0,1.0,1.0,1.0,1.0,0.0,1.0,0.0,0.75
3356,7db61b66f69a92843,True,,,,,,,,,,1.0,1.0,1.0,1.0,0.0,1.0,1.0,1.0,1.0,0.6875
3357,f0ec163fc911ff8bb,True,,,,,,,,,,1.0,1.0,1.0,1.0,0.10753133983394095,1.0,1.0,1.0,0.0,0.5961035436981066
3358,7b53b50d5b5c3a0e4,True,,,,,,,,,,1.0,1.0,1.0,1.0,0.5748402212695596,1.0,1.0,1.0,1.0,0.8671375691467373
3359,6c5bcf6f99698fac4,True,,,,,,,,,,1.0,1.0,1.0,1.0,0.16616719142085512,1.0,1.0,1.0,0.0,0.6144272473190172
3360,8966a0b08b0be94e9,True,,,,,,,,,,1.0,1.0,0.0,1.0,1.0,1.0,0.0,1.0,1.0,0.0
3361,d6c514686f23569a7,True,,,,,,,,,,1.0,1.0,1.0,1.0,0.6818837065814219,1.0,0.0,1.0,0.0,0.6505886583066943
3362,2366b4156fa09a0bc,True,,,,,,,,,,1.0,1.0,0.5,1.0,1.0,0.0,0.0,1.0,1.0,0.28125
3363,ac0f0df8d058130c5,True,,,,,,,,,,1.0,0.0,0.5,1.0,1.0,1.0,1.0,1.0,0.0,0.0
3364,cd8fa74c681fa08d7,True,,,,,,,,,,1.0,1.0,1.0,1.0,0.8963643758649062,1.0,1.0,1.0,1.0,0.9676138674577832
3365,62631b017ceec5a18,True,,,,,,,,,,1.0,1.0,1.0,1.0,0.8240589645061098,1.0,0.0,1.0,0.0,0.6950184264081594
3366,25c21cb66208cb6c6,True,,,,,,,,,,1.0,0.0,1.0,1.0,1.0,1.0,0.0,1.0,0.0,0.0
3367,e4f6fd6cc0e09d70c,True,,,,,,,,,,1.0,1.0,1.0,1.0,1.0,1.0,1.0,1.0,0.0,0.875
3368,6023b53fce21949e9,True,,,,,,,,,,1.0,1.0,1.0,1.0,0.7805991124767396,1.0,0.0,1.0,1.0,0.8064372226489811
3369,9acdea8bbc8a06caa,True,,,,,,,,,,1.0,1.0,1.0,1.0,0.9720379761739792,1.0,1.0,1.0,0.0,0.8662618675543685
3370,41c063fac49e3b5e2,True,,,,,,,,,,0.0,1.0,1.0,1.0,1.0,0.0,1.0,1.0,1.0,0.0
3371,6eed9aba87a865c93,True,,,,,,,,,,1.0,1.0,1.0,1.0,1.0,1.0,0.0,1.0,1.0,0.875
3372,4511ae351df046b69,True,,,,,,,,,,1.0,1.0,1.0,1.0,1.0,1.0,1.0,1.0,1.0,1.0
3373,f8d974540bdca9c27,True,,,,,,,,,,1.0,1.0,0.0,1.0,1.0,1.0,0.0,1.0,0.0,0.0
3374,741792e4d3c065377,True,,,,,,,,,,1.0,1.0,1.0,1.0,0.6689385228262027,1.0,1.0,1.0,0.0,0.7715432883831883
3375,3e4a969700de7141a,True,,,,,,,,,,0.0,1.0,1.0,1.0,1.0,0.0,0.0,1.0,1.0,0.0
3376,565b302cf79ef624e,True,,,,,,,,,,1.0,1.0,1.0,1.0,0.8425945959086094,1.0,0.0,1.0,1.0,0.8258108112214404
3377,576158d07f0a09e6b,True,,,,,,,,,,1.0,1.0,1.0,1.0,0.8448078729848363,1.0,0.0,1.0,1.0,0.8265024603077613
3378,9fd492f6ce88318ef,True,,,,,,,,,,1.0,0.0,1.0,1.0,0.7314373218848628,1.0,0.0,1.0,0.0,0.0
3379,3d7cd2f667f2292d5,True,,,,,,,,,,1.0,0.0,0.5,1.0,0.5164349189247596,1.0,0.0,0.0,1.0,0.0
3380,4d6386d3f9143b9e0,True,,,,,,,,,,1.0,1.0,1.0,1.0,1.0,1.0,0.0,1.0,1.0,0.875
3381,fd2d0d2c37b2df3a5,True,,,,,,,,,,1.0,1.0,1.0,1.0,1.0,1.0,0.0,1.0,0.0,0.75
3382,b88788ff5a11cb94f,True,,,,,,,,,,1.0,1.0,1.0,1.0,0.4431051713636029,1.0,1.0,1.0,0.0,0.700970366051126
3383,2c9bdc85f913f14f3,True,,,,,,,,,,1.0,1.0,1.0,1.0,0.5658324924512526,1.0,1.0,1.0,0.0,0.7393226538910165
3384,b7b2aa82af5f10496,True,,,,,,,,,,1.0,1.0,1.0,1.0,0.2797891765129757,1.0,1.0,1.0,1.0,0.7749341176603048
3385,cca4e701be243a275,True,,,,,,,,,,1.0,0.0,1.0,1.0,1.0,1.0,0.0,0.0,0.0,0.0
3386,4ac35e2587f31ee76,True,,,,,,,,,,1.0,1.0,1.0,1.0,0.7887967584887827,1.0,1.0,1.0,1.0,0.9339989870277445
3387,81742324c5b46cc6f,True,,,,,,,,,,0.0,1.0,1.0,1.0,0.8382377799408501,0.0,0.0,1.0,0.0,0.0
3388,807ac1c906c9cfc44,True,,,,,,,,,,1.0,1.0,1.0,1.0,0.7212299880903533,1.0,1.0,1.0,1.0,0.9128843712782354
3389,a5f9745ded4663076,True,,,,,,,,,,1.0,1.0,1.0,1.0,0.9001245324987364,1.0,1.0,1.0,1.0,0.9687889164058552
3390,c624adea428b6fde5,True,,,,,,,,,,1.0,1.0,1.0,1.0,0.7492899339740235,1.0,1.0,1.0,0.0,0.7966531043668823
3391,e1c30e4d72a0c6a35,True,,,,,,,,,,0.0,1.0,0.5,1.0,1.0,0.0,0.0,1.0,1.0,0.0
3392,2e2b274bd113ed59f,True,,,,,,,,,,1.0,0.0,1.0,1.0,0.7659103466423935,1.0,1.0,1.0,0.0,0.0
3393,d7806477ce81cf2b8,True,,,,,,,,,,1.0,1.0,1.0,1.0,0.7283626200810321,1.0,1.0,1.0,1.0,0.9151133187753225
3394,e6aacc10619a6082c,True,,,,,,,,,,1.0,1.0,1.0,1.0,0.8172277947106873,1.0,1.0,1.0,0.0,0.8178836858470897
3395,ffe8f133ba4da683b,True,,,,,,,,,,1.0,1.0,1.0,1.0,0.8179672918035635,1.0,1.0,0.0,0.0,0.6931147786886136
3396,46ccc7e9752595671,True,,,,,,,,,,1.0,1.0,1.0,1.0,0.7941943945259891,1.0,0.0,1.0,1.0,0.8106857482893716
3397,bea93c9cd22af6ec1,True,,,,,,,,,,1.0,0.0,0.5,1.0,1.0,1.0,1.0,1.0,1.0,0.0
3398,17c86323e16dd5691,True,,,,,,,,,,0.0,1.0,1.0,1.0,1.0,0.0,0.0,1.0,1.0,0.0
3399,69e3a503f78a651d2,True,,,,,,,,,,1.0,1.0,1.0,1.0,1.0,1.0,1.0,1.0,1.0,1.0
3400,06be59490e2e14bcd,True,,,,,,,,,,1.0,1.0,0.0,1.0,1.0,0.0,0.0,0.0,0.0,0.0
3401,4ada67449cbca8a4f,True,,,,,,,,,,1.0,1.0,1.0,1.0,0.8481841852497852,1.0,1.0,1.0,1.0,0.9525575578905578
3402,0ea26c79c5e97b269,True,,,,,,,,,,1.0,1.0,0.5,1.0,0.4430534263136404,1.0,0.0,1.0,1.0,0.3504770978615063
3403,974c47a86ec212e1d,True,,,,,,,,,,1.0,1.0,0.0,1.0,1.0,1.0,0.0,1.0,0.0,0.0
3404,10446a2ec2be065e7,True,,,,,,,,,,1.0,1.0,1.0,1.0,0.9518787803845298,1.0,0.0,1.0,1.0,0.8599621188701656
3405,c8443f5a68a70d97c,True,,,,,,,,,,1.0,1.0,0.5,1.0,1.0,1.0,0.0,1.0,1.0,0.4375
3406,99c29f3c8b69eab4e,True,,,,,,,,,,1.0,1.0,1.0,1.0,0.4107063637101717,1.0,0.0,1.0,0.0,0.5658457386594287
3407,9fb29e611c9f4f0e2,True,,,,,,,,,,1.0,1.0,1.0,1.0,0.8279723129409736,1.0,0.0,0.0,0.0,0.5712413477940543
3408,a50c0b5a789ee7174,True,,,,,,,,,,1.0,1.0,1.0,1.0,0.7880266430451981,1.0,0.0,1.0,0.0,0.6837583259516244
3409,dfa834bc1ba00afb5,True,,,,,,,,,,0.0,1.0,1.0,1.0,1.0,0.0,1.0,1.0,1.0,0.0
3410,eaf95271513c8b2e5,True,,,,,,,,,,1.0,1.0,1.0,1.0,0.3317388983986252,1.0,1.0,1.0,1.0,0.7911684057495704
3411,fef06dc806442398d,True,,,,,,,,,,1.0,1.0,1.0,1.0,0.5322730661299105,1.0,1.0,1.0,1.0,0.853835333165597
3412,986788851f212ec8c,True,,,,,,,,,,1.0,1.0,1.0,1.0,0.6159766552448258,1.0,1.0,1.0,1.0,0.879992704764008
3413,b4750fa326ea1085b,True,,,,,,,,,,0.0,1.0,1.0,1.0,1.0,0.0,1.0,1.0,0.0,0.0
3414,5c78d4068407d661c,True,,,,,,,,,,1.0,1.0,1.0,1.0,1.0,1.0,1.0,1.0,1.0,1.0
3415,bfb52f68dcd77ef80,True,,,,,,,,,,1.0,1.0,0.0,1.0,1.0,1.0,0.0,1.0,0.0,0.0
3416,5fa2d65d901225f48,True,,,,,,,,,,1.0,1.0,1.0,1.0,0.5263214673017592,1.0,1.0,1.0,0.0,0.7269754585317998
3417,6a746336ecf0f665c,True,,,,,,,,,,1.0,1.0,0.5,1.0,1.0,0.0,0.0,1.0,0.0,0.21875
3418,823e2256b643e1b5f,True,,,,,,,,,,0.0,1.0,1.0,1.0,1.0,0.0,1.0,1.0,1.0,0.0
3419,90263fed2b7db0365,True,,,,,,,,,,1.0,1.0,1.0,1.0,0.31771818151328646,1.0,1.0,1.0,0.0,0.661786931722902
3420,7b53923d6ec4115f3,True,,,,,,,,,,1.0,0.0,0.0,1.0,1.0,1.0,0.0,1.0,0.0,0.0
3421,2d812dd423748572d,True,,,,,,,,,,1.0,1.0,1.0,1.0,0.945065047765731,1.0,0.0,1.0,1.0,0.8578328274267909
3422,1e90f84f7e7bca603,True,,,,,,,,,,1.0,1.0,1.0,1.0,1.0,1.0,1.0,1.0,1.0,1.0
3423,dbdd9c6b89f613fdf,True,,,,,,,,,,1.0,0.0,1.0,1.0,1.0,1.0,1.0,1.0,1.0,0.0
3424,cc640d20710f182c6,True,,,,,,,,,,0.0,1.0,1.0,1.0,1.0,0.0,0.0,0.0,0.0,0.0
3425,a8318f7cafe4396ae,True,,,,,,,,,,1.0,1.0,1.0,1.0,0.659707250099233,1.0,0.0,1.0,0.0,0.6436585156560103
3426,5c24c6bed91b159e3,True,,,,,,,,,,1.0,1.0,1.0,1.0,1.0,1.0,0.0,1.0,0.0,0.75
3427,a5a4330ec613db5a3,True,,,,,,,,,,0.0,1.0,1.0,1.0,1.0,0.0,1.0,0.0,0.0,0.0
3428,da3afbb4ab75483b4,True,,,,,,,,,,1.0,1.0,0.5,1.0,1.0,0.0,0.0,1.0,0.0,0.21875
3429,f5a896e060751799d,True,,,,,,,,,,0.0,1.0,1.0,1.0,1.0,0.0,1.0,1.0,0.0,0.0
3430,8586a8b63a4fed64c,True,,,,,,,,,,1.0,1.0,0.0,1.0,1.0,1.0,0.0,1.0,0.0,0.0
3431,20f30bb4990d9b84e,True,,,,,,,,,,1.0,1.0,1.0,1.0,1.0,1.0,0.0,1.0,1.0,0.875
3432,c95875cdc20edcb2a,True,,,,,,,,,,1.0,1.0,0.5,1.0,0.5424528702453433,1.0,0.0,1.0,0.0,0.3035082609758349
3433,fd56100f9058b46fa,True,,,,,,,,,,1.0,1.0,0.5,1.0,1.0,1.0,0.0,1.0,0.0,0.375
3434,6a7d426363539d6d7,True,,,,,,,,,,0.0,1.0,1.0,1.0,1.0,0.0,0.0,0.0,0.0,0.0
3435,145a730c9e1e596f5,True,,,,,,,,,,1.0,1.0,1.0,1.0,1.0,1.0,1.0,1.0,0.0,0.875
3436,04be4c5a8a9eee15b,True,,,,,,,,,,1.0,1.0,0.0,1.0,1.0,1.0,0.0,1.0,0.0,0.0
3437,f5d80ab764fc60704,True,,,,,,,,,,1.0,1.0,1.0,1.0,0.6435883829439908,1.0,0.0,1.0,1.0,0.7636213696699972
3438,99e402b94de45b44b,True,,,,,,,,,,1.0,1.0,1.0,1.0,0.5716146642486332,1.0,1.0,1.0,1.0,0.8661295825776979
3439,03e37daebfce2fb65,True,,,,,,,,,,1.0,1.0,1.0,1.0,0.7357586104718223,1.0,1.0,1.0,1.0,0.9174245657724445
3440,fc31a6f8ac42c70a9,True,,,,,,,,,,1.0,1.0,0.5,1.0,0.8040050875385949,1.0,0.0,1.0,0.0,0.3443757949279055
3441,5a7bb6958f668a475,True,,,,,,,,,,0.0,1.0,0.5,1.0,1.0,0.0,1.0,1.0,1.0,0.0
3442,c193d278e26794340,True,,,,,,,,,,1.0,1.0,1.0,1.0,0.6813143222353151,1.0,0.0,1.0,1.0,0.775410725698536
3443,c644c8d1984cd65ac,True,,,,,,,,,,1.0,1.0,1.0,1.0,0.7249964940317584,1.0,1.0,1.0,1.0,0.9140614043849244
3444,2f841ea41e11faf68,True,,,,,,,,,,1.0,1.0,0.0,1.0,0.8400745564321964,1.0,0.0,1.0,1.0,0.0
3445,2653246a8dbdf690b,True,,,,,,,,,,1.0,1.0,1.0,1.0,0.6745080074029686,1.0,0.0,1.0,0.0,0.6482837523134277
3446,daff4b299dac7a03f,True,,,,,,,,,,1.0,1.0,1.0,1.0,1.0,1.0,1.0,1.0,1.0,1.0
3447,4562930d9a4d7543b,True,,,,,,,,,,1.0,1.0,1.0,1.0,0.6109105545696772,1.0,1.0,1.0,0.0,0.7534095483030241
3448,3e5e5f35dd00868f1,True,,,,,,,,,,0.0,1.0,1.0,1.0,1.0,0.0,1.0,1.0,1.0,0.0
3449,67509cfba4d26b15a,True,,,,,,,,,,1.0,1.0,0.0,1.0,1.0,1.0,0.0,1.0,0.0,0.0
3450,41d2023a1a51da75e,True,,,,,,,,,,1.0,1.0,1.0,1.0,0.8565937157412957,1.0,1.0,1.0,0.0,0.8301855361691549
3451,85d790e9c5c2e7b7c,True,,,,,,,,,,1.0,1.0,1.0,1.0,0.47455292654574266,1.0,0.0,1.0,1.0,0.7107977895455446
3452,b13e0235a1932348c,True,,,,,,,,,,1.0,1.0,1.0,1.0,0.282542796334399,1.0,0.0,1.0,1.0,0.6507946238544997
3453,e593c645d1fd3fdb9,True,,,,,,,,,,1.0,1.0,1.0,1.0,0.803412331917452,1.0,1.0,1.0,1.0,0.9385663537242037
3454,e612d86c9121fd77b,True,,,,,,,,,,0.0,1.0,1.0,1.0,1.0,0.0,0.0,1.0,0.0,0.0
3455,64048e12035273b06,True,,,,,,,,,,1.0,1.0,1.0,1.0,0.49603372337525503,1.0,1.0,1.0,0.0,0.7175105385547672
3456,868d49798379dc351,True,,,,,,,,,,1.0,1.0,1.0,1.0,1.0,1.0,1.0,1.0,0.0,0.875
3457,ebe3f434bfee258dc,True,,,,,,,,,,1.0,1.0,1.0,1.0,0.707090909948073,1.0,1.0,1.0,1.0,0.9084659093587728
3458,cf135fafcf0b8184d,True,,,,,,,,,,1.0,1.0,1.0,1.0,0.7831166881190313,1.0,1.0,0.0,0.0,0.6822239650371973
3459,445dc87ec088dd46a,True,,,,,,,,,,1.0,0.0,0.5,1.0,0.35881339374487353,1.0,1.0,1.0,0.0,0.0
3460,033858312a3f04e99,True,,,,,,,,,,0.0,1.0,0.5,1.0,1.0,0.0,0.0,1.0,1.0,0.0
3461,648b4aa95f01b805d,True,,,,,,,,,,1.0,1.0,1.0,1.0,0.34688283146762644,1.0,0.0,1.0,0.0,0.5459008848336333
3462,cac170c5a828b564b,True,,,,,,,,,,1.0,1.0,1.0,1.0,0.6609785261100075,1.0,1.0,1.0,1.0,0.8940557894093774
3463,95839bd90cc4d94c8,True,,,,,,,,,,1.0,1.0,1.0,1.0,1.0,1.0,1.0,1.0,1.0,1.0
3464,717d5edb3fb1f4726,True,,,,,,,,,,1.0,1.0,1.0,1.0,1.0,1.0,0.0,1.0,1.0,0.875
3465,daa6b068709fe9531,True,,,,,,,,,,0.0,1.0,1.0,1.0,0.3879443439402105,0.0,1.0,1.0,0.0,0.0
3466,9e3f67fd8b392a5d6,True,,,,,,,,,,1.0,1.0,1.0,1.0,0.7594763591875362,1.0,0.0,1.0,1.0,0.7998363622461051
3467,b0fd56183680b68ae,True,,,,,,,,,,1.0,1.0,1.0,1.0,0.5497414519897337,1.0,0.0,0.0,0.0,0.4842942037467918
3468,f3f8e9c3fd11d36f3,True,,,,,,,,,,1.0,1.0,1.0,1.0,0.49811744369096167,1.0,1.0,1.0,0.0,0.7181617011534256
3469,0222e5d829f11ad1c,True,,,,,,,,,,0.0,1.0,0.5,1.0,1.0,0.0,0.0,1.0,1.0,0.0
3470,28d54bc8604f16c63,True,,,,,,,,,,1.0,1.0,1.0,1.0,1.0,1.0,0.0,1.0,1.0,0.875
3471,6f13146a94fc09b32,True,,,,,,,,,,1.0,1.0,0.5,1.0,0.7286765942890681,1.0,0.0,1.0,0.0,0.3326057178576669
3472,a2b81e8e944dc724f,True,,,,,,,,,,1.0,1.0,1.0,1.0,0.837892465460755,1.0,0.0,1.0,1.0,0.824341395456486
3473,2301f91f3f804faa5,True,,,,,,,,,,1.0,1.0,1.0,1.0,0.5704033372034759,1.0,1.0,1.0,1.0,0.8657510428760862
3474,61ea80d6d5820ce2a,True,,,,,,,,,,1.0,1.0,1.0,1.0,1.0,1.0,0.0,1.0,0.0,0.75
3475,63587c0f95bcdef4c,True,,,,,,,,,,1.0,0.0,0.0,1.0,1.0,1.0,0.0,1.0,1.0,0.0
3476,975103a3e89ae4e4b,True,,,,,,,,,,1.0,1.0,1.0,1.0,0.6059500642949014,1.0,1.0,1.0,1.0,0.8768593950921567
3477,cd486e24ba631556c,True,,,,,,,,,,1.0,0.0,1.0,1.0,0.6738389348698102,1.0,0.0,1.0,0.0,0.0
3478,45480978b802eb7d4,True,,,,,,,,,,1.0,0.0,1.0,1.0,1.0,1.0,0.0,1.0,0.0,0.0
3479,21caa7576c2da8f7a,True,,,,,,,,,,1.0,1.0,1.0,1.0,0.5360954837376166,1.0,0.0,1.0,1.0,0.7300298386680052
3480,808e6b707f608e2a9,True,,,,,,,,,,1.0,1.0,0.5,1.0,1.0,0.0,0.0,0.0,0.0,0.15625
3481,64817a4fdc07fc93a,True,,,,,,,,,,1.0,1.0,1.0,1.0,0.7879592620079716,1.0,0.0,1.0,1.0,0.8087372693774911
3482,1b62d4e2468940ddb,True,,,,,,,,,,0.0,1.0,0.5,1.0,1.0,0.0,0.0,1.0,1.0,0.0
3483,bc07273c020da88b3,True,,,,,,,,,,0.0,1.0,1.0,1.0,1.0,0.0,1.0,1.0,1.0,0.0
3484,94c40772ee3c5ee01,True,,,,,,,,,,0.0,1.0,1.0,1.0,1.0,0.0,1.0,1.0,0.0,0.0
3485,9225b4285de2f81d8,True,,,,,,,,,,1.0,1.0,1.0,1.0,1.0,1.0,1.0,1.0,1.0,1.0
3486,d3fe928c762b0cd0d,True,,,,,,,,,,1.0,1.0,1.0,1.0,0.8134908929094113,1.0,0.0,1.0,0.0,0.691715904034191
3487,a5323cbe675ea589c,True,,,,,,,,,,1.0,1.0,1.0,1.0,0.8251666656674745,1.0,1.0,1.0,0.0,0.8203645830210857
3488,249520f1574eff090,True,,,,,,,,,,1.0,1.0,1.0,1.0,0.6205279005608421,1.0,1.0,1.0,0.0,0.7564149689252632
3489,83dc61b75efe5e09e,True,,,,,,,,,,1.0,1.0,1.0,1.0,1.0,1.0,1.0,1.0,0.0,0.875
3490,d9cc3b5dd80f7b6bd,True,,,,,,,,,,1.0,1.0,1.0,1.0,0.5339019231341152,1.0,0.0,1.0,1.0,0.729344350979411
3491,ab3eab42ac8debb31,True,,,,,,,,,,1.0,1.0,0.5,1.0,0.8490524051094892,1.0,0.0,1.0,1.0,0.4139144382983577
3492,8a767a8d9952eeaf9,True,,,,,,,,,,1.0,1.0,1.0,1.0,0.37459428842530995,1.0,1.0,1.0,1.0,0.8045607151329094
3493,121c56067fcf173ae,True,,,,,,,,,,1.0,1.0,1.0,1.0,0.6429007830246711,1.0,1.0,1.0,1.0,0.8884064946952097
3494,a3a4072d8e5ed009f,True,,,,,,,,,,1.0,1.0,1.0,1.0,0.7522548744093545,1.0,1.0,1.0,0.0,0.7975796482529233
3495,c02f1f464e464fc07,True,,,,,,,,,,1.0,1.0,1.0,1.0,0.8567516362348556,1.0,1.0,1.0,0.0,0.8302348863233924
3496,a14671fac296719c0,True,,,,,,,,,,1.0,1.0,1.0,1.0,1.0,1.0,0.0,1.0,1.0,0.875
3497,60d8762d0c173197e,True,,,,,,,,,,1.0,1.0,1.0,1.0,0.6970747373291479,1.0,1.0,1.0,1.0,0.9053358554153588
3498,29f63fdd169f556cf,True,,,,,,,,,,1.0,1.0,1.0,1.0,0.5285389516190888,1.0,1.0,1.0,0.0,0.7276684223809653
3499,6cc12f84e2df62aee,True,,,,,,,,,,1.0,1.0,1.0,1.0,0.27387714031385996,1.0,0.0,1.0,0.0,0.5230866063480812
3500,f456c5e9004e0cd78,True,,,,,,,,,,1.0,1.0,1.0,1.0,0.49633394426013766,0.0,0.0,1.0,0.0,0.28010435758129304
3501,92a6f3f0e526faa65,True,,,,,,,,,,1.0,1.0,1.0,1.0,0.832655022688455,1.0,1.0,1.0,0.0,0.8227046945901422
3502,cecd0fc5ce59cf0d6,True,,,,,,,,,,1.0,1.0,1.0,1.0,0.09944271858189076,1.0,0.0,1.0,1.0,0.5935758495568408
3503,ec511fbf17452272b,True,,,,,,,,,,1.0,0.0,1.0,1.0,0.3692232507559886,1.0,1.0,1.0,0.0,0.0
3504,167e9515df0f9719a,True,,,,,,,,,,1.0,1.0,1.0,1.0,0.6433458239180014,1.0,0.0,1.0,1.0,0.7635455699743754
3505,c6d9117f5b5eb2902,True,,,,,,,,,,1.0,1.0,1.0,1.0,0.8208590125740659,1.0,1.0,1.0,0.0,0.8190184414293956
3506,f118de263d56644de,True,,,,,,,,,,1.0,1.0,1.0,1.0,0.8082045406444769,0.0,1.0,1.0,0.0,0.5025639189513991
3507,51bb4445380dac75e,True,,,,,,,,,,1.0,1.0,1.0,1.0,0.6024964655869083,1.0,0.0,1.0,1.0,0.7507801454959089
3508,4239966d2e8490d01,True,,,,,,,,,,1.0,1.0,1.0,1.0,0.77529387018231,1.0,0.0,1.0,0.0,0.6797793344319718
3509,d43228a4743b49a37,True,,,,,,,,,,1.0,1.0,1.0,1.0,0.6238990425482726,1.0,1.0,1.0,0.0,0.7574684507963352
3510,b94f2a8ed48de97e9,True,,,,,,,,,,1.0,1.0,1.0,1.0,0.80428232169349,1.0,0.0,1.0,1.0,0.8138382255292156
3511,336d890ca14e2aab5,True,,,,,,,,,,1.0,1.0,1.0,1.0,0.5653516697702172,1.0,1.0,0.0,0.0,0.6141723968031929
3512,f38fa4be9ff4556d8,True,,,,,,,,,,1.0,1.0,1.0,1.0,0.2522275171849814,1.0,1.0,1.0,1.0,0.7663210991203067
3513,9c47bf4ba9db25f5d,True,,,,,,,,,,1.0,1.0,1.0,1.0,1.0,1.0,1.0,1.0,1.0,1.0
3514,f0f7f3ed13da5cccf,True,,,,,,,,,,0.0,1.0,1.0,1.0,1.0,0.0,1.0,1.0,1.0,0.0
3515,56f3701eaba44cbba,True,,,,,,,,,,1.0,1.0,0.5,1.0,1.0,1.0,0.0,1.0,1.0,0.4375
3516,cd53b47b7ab39ebeb,True,,,,,,,,,,1.0,1.0,1.0,1.0,0.679083692799894,1.0,1.0,1.0,0.0,0.7747136539999668
3517,1a6ba40b74f9b51e5,True,,,,,,,,,,1.0,1.0,0.5,1.0,1.0,1.0,0.0,1.0,0.0,0.375
3518,9a36095a5f0caaafd,True,,,,,,,,,,1.0,1.0,1.0,1.0,0.43558064237150773,1.0,1.0,1.0,1.0,0.8236189507410961
3519,1f060c16840f9229e,True,,,,,,,,,,1.0,1.0,1.0,1.0,0.8403392962403833,1.0,1.0,1.0,1.0,0.9501060300751198
3520,53ceaabb1364b9424,True,,,,,,,,,,1.0,0.0,1.0,1.0,0.9468832656941636,1.0,1.0,1.0,0.0,0.0
3521,bd4e6cf360c4e8c49,True,,,,,,,,,,1.0,1.0,1.0,1.0,0.6975146751505469,1.0,1.0,1.0,1.0,0.9054733359845459
3522,b04390988b4a74994,True,,,,,,,,,,1.0,1.0,1.0,1.0,0.5140846596169276,1.0,1.0,1.0,0.0,0.7231514561302899
3523,a784ac158bbb30d15,True,,,,,,,,,,1.0,1.0,1.0,1.0,0.7661769858301491,1.0,1.0,1.0,0.0,0.8019303080719216
3524,4fa35324bdae11dda,True,,,,,,,,,,1.0,0.0,1.0,1.0,1.0,1.0,0.0,0.0,0.0,0.0
3525,1106accd2b5707701,True,,,,,,,,,,0.0,1.0,1.0,1.0,1.0,0.0,0.0,1.0,1.0,0.0
3526,69c099199ed066a94,True,,,,,,,,,,1.0,1.0,1.0,1.0,0.8226412461672856,1.0,0.0,1.0,1.0,0.8195753894272768
3527,fcc569fe0c7aef6a1,True,,,,,,,,,,1.0,0.0,1.0,1.0,1.0,1.0,0.0,1.0,0.0,0.0
3528,f35c027e64ad46b30,True,,,,,,,,,,1.0,0.0,1.0,1.0,0.5463814659938939,1.0,1.0,1.0,1.0,0.0
3529,767b060ded3878908,True,,,,,,,,,,1.0,1.0,1.0,1.0,0.9611620842741976,1.0,1.0,1.0,1.0,0.9878631513356868
3530,37059447ec970c23a,True,,,,,,,,,,1.0,1.0,1.0,1.0,1.0,1.0,1.0,1.0,1.0,1.0
3531,18c9cb09dce594905,True,,,,,,,,,,1.0,1.0,1.0,1.0,0.8384365128414141,1.0,0.0,1.0,0.0,0.6995114102629418
3532,4733330ccf4a023b5,True,,,,,,,,,,1.0,0.0,1.0,1.0,0.696201642129309,1.0,0.0,1.0,0.0,0.0
3533,344138bb06fa0b513,True,,,,,,,,,,1.0,0.0,1.0,1.0,1.0,1.0,1.0,1.0,1.0,0.0
3534,4f77731642644b559,True,,,,,,,,,,1.0,1.0,1.0,1.0,0.5813973976844,1.0,1.0,1.0,0.0,0.744186686776375
3535,bc6888f8da8ee3d48,True,,,,,,,,,,1.0,1.0,1.0,1.0,0.3975055212496618,1.0,1.0,1.0,1.0,0.8117204753905194
3536,0d85be806c3ea78b8,True,,,,,,,,,,1.0,1.0,1.0,1.0,1.0,1.0,0.0,1.0,0.0,0.75
3537,274217f22058c3a7c,True,,,,,,,,,,1.0,1.0,1.0,1.0,0.9285076471410186,1.0,1.0,1.0,0.0,0.8526586397315683
3538,8c7844d1d621c907b,True,,,,,,,,,,1.0,1.0,1.0,1.0,0.5806785597357481,1.0,1.0,1.0,0.0,0.7439620499174213
3539,a99d30f928a653d12,True,,,,,,,,,,1.0,1.0,1.0,1.0,0.9717709192143942,1.0,1.0,1.0,1.0,0.9911784122544982
3540,e35c9a585407c6e2a,True,,,,,,,,,,0.0,1.0,1.0,1.0,1.0,0.0,1.0,1.0,1.0,0.0
3541,7ab2fe1651beb3aae,True,,,,,,,,,,1.0,1.0,1.0,1.0,0.878040972466977,1.0,1.0,1.0,1.0,0.9618878038959303
3542,9ef93765e3465f27d,True,,,,,,,,,,1.0,1.0,0.0,1.0,0.9368389964708944,1.0,0.0,1.0,0.0,0.0
3543,9a1d8c48d604f6c79,True,,,,,,,,,,1.0,1.0,1.0,1.0,0.6975146751505469,1.0,1.0,1.0,1.0,0.9054733359845459
3544,51382084e8c016080,True,,,,,,,,,,1.0,1.0,1.0,1.0,0.8116589589286459,1.0,0.0,1.0,0.0,0.6911434246652018
3545,debbba18b341ebebb,True,,,,,,,,,,1.0,1.0,1.0,1.0,0.28375908288738855,1.0,1.0,1.0,0.0,0.6511747134023089
3546,583e0fd0c7d71cae0,True,,,,,,,,,,1.0,1.0,1.0,1.0,0.837372129685019,1.0,0.0,1.0,1.0,0.8241787905265684
3547,02c332ea4953567c5,True,,,,,,,,,,1.0,1.0,1.0,1.0,0.8222265472966821,1.0,1.0,1.0,0.0,0.8194457960302132
3548,8ea949efbc2e4d9bf,True,,,,,,,,,,1.0,0.0,1.0,1.0,1.0,1.0,1.0,1.0,0.0,0.0
3549,842ac0b9f9e4a08ca,True,,,,,,,,,,1.0,1.0,1.0,1.0,0.5161974198112519,1.0,1.0,1.0,0.0,0.7238116936910162
3550,a04d1509b1d00db31,True,,,,,,,,,,1.0,1.0,1.0,1.0,1.0,1.0,1.0,1.0,0.0,0.875
3551,06a374b6e74317285,True,,,,,,,,,,1.0,1.0,1.0,1.0,0.6794327487518224,1.0,1.0,1.0,1.0,0.8998227339849445
3552,2c22ca80805d11abc,True,,,,,,,,,,1.0,1.0,1.0,1.0,0.6597414108525119,1.0,0.0,1.0,0.0,0.64366919089141
3553,1d37c78c98407e747,True,,,,,,,,,,0.0,1.0,0.5,1.0,1.0,0.0,0.0,1.0,1.0,0.0
3554,19590a52744c02e94,True,,,,,,,,,,1.0,1.0,0.5,1.0,0.9806544015210507,1.0,1.0,1.0,0.0,0.43447725023766415
3555,36316a03f12a8e7f4,True,,,,,,,,,,1.0,0.0,1.0,1.0,1.0,1.0,1.0,1.0,0.0,0.0
3556,4e6f3caac62c57abb,True,,,,,,,,,,1.0,1.0,1.0,1.0,0.660821436858601,1.0,0.0,1.0,1.0,0.7690066990183129
3557,8b9e74d5a89159431,True,,,,,,,,,,1.0,0.0,1.0,1.0,1.0,1.0,0.0,1.0,1.0,0.0
3558,1d9b777552553488e,True,,,,,,,,,,1.0,1.0,0.0,1.0,1.0,1.0,0.0,1.0,1.0,0.0
3559,567b7524457bc9d98,True,,,,,,,,,,1.0,0.0,1.0,1.0,0.6875041639376893,1.0,0.0,1.0,0.0,0.0
3560,5fb91cdf13ec612c5,True,,,,,,,,,,1.0,1.0,1.0,1.0,0.7924731956777049,1.0,0.0,1.0,0.0,0.6851478736492828
3561,6e4ce2f0d18b57fb3,True,,,,,,,,,,1.0,1.0,1.0,1.0,0.4572684098535989,1.0,1.0,1.0,1.0,0.8303963780792496
3562,e892cc466b54878c6,True,,,,,,,,,,1.0,0.0,0.5,1.0,1.0,1.0,0.0,1.0,0.0,0.0
3563,e9b4dc8775d9b86e1,True,,,,,,,,,,1.0,1.0,1.0,1.0,0.9644726655972684,1.0,1.0,1.0,0.0,0.8638977079991463
3564,b70d444b82722ea24,True,,,,,,,,,,1.0,1.0,0.0,1.0,1.0,1.0,0.0,1.0,0.0,0.0
3565,aa97ab9606aa456ff,True,,,,,,,,,,1.0,1.0,1.0,1.0,1.0,1.0,1.0,1.0,0.0,0.875
3566,9adbf8a5bfedb36d2,True,,,,,,,,,,1.0,1.0,1.0,1.0,1.0,1.0,0.0,1.0,1.0,0.875
3567,56f5b7c7a036edaad,True,,,,,,,,,,1.0,1.0,0.5,1.0,0.8819804703669554,1.0,0.0,1.0,0.0,0.3565594484948368
3568,9529e21b44cd57c29,True,,,,,,,,,,1.0,1.0,1.0,1.0,0.7971158213038756,1.0,1.0,0.0,0.0,0.6865986941574611
3569,128cb2527d3987e61,True,,,,,,,,,,1.0,1.0,1.0,1.0,0.7162539925631957,1.0,0.0,1.0,1.0,0.7863293726759987
3570,e4c060ddfe2b49190,True,,,,,,,,,,1.0,1.0,1.0,1.0,0.5111515477819352,1.0,1.0,1.0,1.0,0.8472348586818548
3571,bd52a44e8dce6c6d8,True,,,,,,,,,,1.0,1.0,1.0,1.0,1.0,1.0,0.0,1.0,1.0,0.875
3572,be5258dc2386ca4e3,True,,,,,,,,,,1.0,1.0,1.0,1.0,1.0,1.0,1.0,1.0,0.0,0.875
3573,6952b70f303046472,True,,,,,,,,,,0.0,1.0,1.0,1.0,1.0,0.0,0.0,1.0,1.0,0.0
3574,7570ff2ee6471c7cc,True,,,,,,,,,,1.0,1.0,1.0,1.0,0.5927641470977991,1.0,0.0,1.0,0.0,0.6227387959680623
3575,11f2411e873c0fa28,True,,,,,,,,,,1.0,1.0,1.0,1.0,0.7563663159813581,1.0,0.0,1.0,1.0,0.7988644737441744
3576,2a2396b5db7435a5e,True,,,,,,,,,,1.0,1.0,0.0,1.0,1.0,1.0,0.0,1.0,0.0,0.0
3577,6e32b9a6c91fe85dc,True,,,,,,,,,,1.0,1.0,1.0,1.0,1.0,1.0,0.0,1.0,1.0,0.875
3578,9ca4cc4bfc1a7a0a0,True,,,,,,,,,,1.0,0.0,1.0,1.0,1.0,1.0,1.0,0.0,0.0,0.0
3579,b43ae2c6e0304b991,True,,,,,,,,,,1.0,1.0,1.0,1.0,0.8306296334993751,1.0,0.0,1.0,1.0,0.8220717604685548
3580,32a33652619708c65,True,,,,,,,,,,1.0,1.0,1.0,1.0,0.6409887621869765,1.0,0.0,1.0,1.0,0.7628089881834301
3581,ad123ee37bc2eb842,True,,,,,,,,,,1.0,1.0,1.0,1.0,0.8315840441711355,1.0,0.0,1.0,1.0,0.8223700138034798
3582,79a0ca425b61810ad,True,,,,,,,,,,1.0,1.0,1.0,1.0,0.03748523484696532,1.0,1.0,1.0,0.0,0.5742141358896766
3583,7feb07f9028c8bf62,True,,,,,,,,,,1.0,1.0,1.0,1.0,1.0,1.0,1.0,1.0,0.0,0.875
3584,f13330e16c05c5902,True,,,,,,,,,,0.0,1.0,1.0,1.0,0.6314226247142257,0.0,1.0,1.0,0.0,0.0
3585,5ccf2f32443625c2f,True,,,,,,,,,,0.0,1.0,1.0,1.0,1.0,0.0,1.0,1.0,0.0,0.0
3586,370b6a02f85908e66,True,,,,,,,,,,1.0,1.0,1.0,1.0,0.6229397952480079,1.0,0.0,0.0,0.0,0.5071686860150024
3587,e05ade0e231d4cf61,True,,,,,,,,,,0.0,1.0,1.0,1.0,1.0,0.0,1.0,0.0,0.0,0.0
3588,fe53e5ab658a57258,True,,,,,,,,,,1.0,1.0,0.0,1.0,1.0,1.0,0.0,1.0,0.0,0.0
3589,abf07a7ff20944b55,True,,,,,,,,,,1.0,1.0,1.0,1.0,0.8757500070941896,1.0,1.0,1.0,0.0,0.8361718772169342
3590,64176216fb79bf46c,True,,,,,,,,,,1.0,1.0,1.0,1.0,0.6690712884228535,1.0,0.0,1.0,1.0,0.7715847776321417
3591,74cc5095551bc3c7d,True,,,,,,,,,,1.0,1.0,1.0,1.0,0.7081601220264261,1.0,0.0,1.0,1.0,0.7838000381332582
3592,4d59b2a4c64101d41,True,,,,,,,,,,1.0,1.0,1.0,1.0,0.5830862612631641,1.0,1.0,1.0,0.0,0.7447144566447388
3593,b7d252306270e80e3,True,,,,,,,,,,1.0,1.0,1.0,1.0,0.6480072863617613,1.0,1.0,1.0,1.0,0.8900022769880505
3594,48b8608248fe082c2,True,,,,,,,,,,1.0,1.0,1.0,1.0,0.7300408030548404,1.0,1.0,1.0,1.0,0.9156377509546376
3595,6f43b1ff7218bc4e6,True,,,,,,,,,,1.0,1.0,1.0,1.0,0.38641467361407267,1.0,1.0,1.0,1.0,0.8082545855043977
3596,523bfa9ffbc43f698,True,,,,,,,,,,1.0,1.0,1.0,1.0,0.613551656341009,1.0,1.0,1.0,0.0,0.7542348926065654
3597,9d01fb3bc5ce52bd1,True,,,,,,,,,,1.0,1.0,1.0,1.0,0.8202523070377761,1.0,1.0,1.0,0.0,0.818828845949305
3598,8f3bf4b1cb4be05f8,True,,,,,,,,,,0.0,0.0,1.0,1.0,1.0,0.0,1.0,1.0,0.0,0.0
3599,e71523844476db4f4,True,,,,,,,,,,1.0,1.0,1.0,1.0,0.8057981723987748,1.0,0.0,1.0,1.0,0.8143119288746171
3600,0d70fefa06711301c,True,,,,,,,,,,1.0,1.0,1.0,1.0,0.7305287566863413,1.0,1.0,1.0,1.0,0.9157902364644817
3601,d760fd5131cb248fc,True,,,,,,,,,,1.0,1.0,1.0,1.0,0.7499658295427037,1.0,1.0,1.0,0.0,0.796864321732095
3602,d3150a8489aa038cb,True,,,,,,,,,,1.0,1.0,1.0,1.0,0.2418026982491247,1.0,0.0,1.0,1.0,0.6380633432028515
3603,161ae204e36c7312b,True,,,,,,,,,,1.0,1.0,1.0,1.0,0.3987629437065175,1.0,0.0,1.0,1.0,0.6871134199082867
3604,9faeca442f57af75b,True,,,,,,,,,,0.0,1.0,1.0,1.0,1.0,0.0,0.0,1.0,0.0,0.0
3605,ca2b49197179c41ac,True,,,,,,,,,,1.0,0.0,1.0,1.0,1.0,1.0,1.0,1.0,0.0,0.0
3606,b0917755d03fa6298,True,,,,,,,,,,1.0,1.0,0.5,1.0,0.5899529406479038,1.0,0.0,0.0,0.0,0.24843014697623497
3607,624b352e4b7f8d830,True,,,,,,,,,,1.0,1.0,1.0,1.0,0.7341523214524496,1.0,1.0,1.0,1.0,0.9169226004538905
3608,fe454c84ae38cb664,True,,,,,,,,,,1.0,1.0,1.0,1.0,0.6779136053367032,1.0,1.0,1.0,1.0,0.8993480016677198
3609,1a04dd2fcf47b0404,True,,,,,,,,,,1.0,1.0,1.0,1.0,0.5495871567390637,1.0,1.0,1.0,0.0,0.7342459864809574
3610,6aa7e26a080e2bd09,True,,,,,,,,,,1.0,1.0,1.0,1.0,0.8361608149202807,1.0,1.0,1.0,1.0,0.9488002546625878
3611,b9f22151c02f5a7d4,True,,,,,,,,,,0.0,1.0,1.0,1.0,0.77557451470613,0.0,1.0,1.0,1.0,0.0
3612,d853fa4b72196af01,True,,,,,,,,,,0.0,1.0,1.0,1.0,1.0,0.0,1.0,1.0,1.0,0.0
3613,6864784b80c0a0fde,True,,,,,,,,,,1.0,1.0,1.0,1.0,1.0,1.0,0.0,1.0,1.0,0.875
3614,8d7f7a041d0f59275,True,,,,,,,,,,1.0,1.0,0.0,1.0,1.0,1.0,0.0,1.0,1.0,0.0
3615,68becb68da6734f1a,True,,,,,,,,,,1.0,1.0,1.0,1.0,0.8949018245323263,1.0,1.0,1.0,1.0,0.967156820166352
3616,8fb9c005a042db260,True,,,,,,,,,,1.0,1.0,1.0,1.0,0.6701971187702257,1.0,0.0,1.0,1.0,0.7719365996156955
3617,842c77c109ef3215c,True,,,,,,,,,,1.0,1.0,0.5,1.0,0.6539906766201609,1.0,0.0,1.0,0.0,0.32093604322190017
3618,b02f376e03d453a0a,True,,,,,,,,,,0.0,1.0,1.0,1.0,1.0,0.0,1.0,1.0,0.0,0.0
3619,fedfbdfcf20092620,True,,,,,,,,,,1.0,1.0,1.0,1.0,0.033973495178501394,1.0,0.0,1.0,0.0,0.44811671724328167
3620,e677a32f0475fc05e,True,,,,,,,,,,1.0,1.0,1.0,1.0,0.6521736111302943,1.0,0.0,1.0,1.0,0.766304253478217
3621,8ab43bb08112dc9ee,True,,,,,,,,,,1.0,1.0,1.0,1.0,0.8327791203321585,1.0,1.0,1.0,1.0,0.9477434751037995
3622,e1787c2ae57c993f3,True,,,,,,,,,,1.0,1.0,1.0,1.0,0.629543446126614,1.0,0.0,1.0,0.0,0.6342323269145669
3623,15d9842199648136e,True,,,,,,,,,,0.0,0.0,0.5,1.0,1.0,0.0,0.0,0.0,0.0,0.0
3624,6faa95e5cb1141518,True,,,,,,,,,,1.0,1.0,1.0,1.0,0.3107205622221397,1.0,0.0,1.0,0.0,0.5346001756944186
3625,40fd4749fb6c9cd3a,True,,,,,,,,,,1.0,1.0,1.0,1.0,0.6111090137037312,1.0,1.0,1.0,1.0,0.878471566782416
3626,5275c2d3d823a5476,True,,,,,,,,,,1.0,0.0,1.0,1.0,0.8303474518688703,1.0,1.0,1.0,0.0,0.0
3627,35cbd378e962248ad,True,,,,,,,,,,1.0,0.0,1.0,1.0,1.0,1.0,0.0,1.0,1.0,0.0
3628,87b69a9da5677bf5b,True,,,,,,,,,,1.0,1.0,1.0,1.0,0.9024357435725913,1.0,0.0,1.0,1.0,0.8445111698664347
3629,83b6e2ed6238cd43a,True,,,,,,,,,,1.0,1.0,1.0,1.0,0.4039422643832301,1.0,1.0,1.0,0.0,0.6887319576197595
3630,3a79a64dc5c7059f8,True,,,,,,,,,,1.0,1.0,1.0,1.0,0.26155607860163854,1.0,1.0,1.0,0.0,0.644236274563012
3631,3e8522a5f8d7b3783,True,,,,,,,,,,1.0,1.0,1.0,1.0,1.0,1.0,0.0,1.0,0.0,0.75
3632,af26e74f0d5def154,True,,,,,,,,,,1.0,1.0,1.0,1.0,0.842055084919822,1.0,0.0,1.0,0.0,0.7006422140374444
3633,0323a93ef0ac2cb18,True,,,,,,,,,,0.0,1.0,0.5,1.0,1.0,0.0,0.0,1.0,0.0,0.0
3634,4b2c40907436ec443,True,,,,,,,,,,1.0,1.0,1.0,1.0,0.3029154741773925,1.0,1.0,1.0,1.0,0.7821610856804352
3635,bc1165d3665880833,True,,,,,,,,,,1.0,1.0,1.0,1.0,1.0,1.0,1.0,1.0,1.0,1.0
3636,fe021b72b8b0cf19e,True,,,,,,,,,,1.0,1.0,0.5,1.0,1.0,1.0,0.0,1.0,1.0,0.4375
3637,bd4cbb0e07c59ee69,True,,,,,,,,,,1.0,1.0,1.0,1.0,0.5067750746810973,1.0,0.0,1.0,1.0,0.7208672108378429
3638,dd01f78238cd88b26,True,,,,,,,,,,1.0,1.0,1.0,1.0,0.44101901023698753,1.0,1.0,1.0,1.0,0.8253184406990586
3639,7be779b9f100e6373,True,,,,,,,,,,1.0,1.0,1.0,1.0,1.0,1.0,1.0,1.0,0.0,0.875
3640,db8ce7c16bd7a04ef,True,,,,,,,,,,1.0,1.0,1.0,1.0,0.7342597894757209,1.0,1.0,1.0,1.0,0.9169561842111628
3641,019450490101ebf1c,True,,,,,,,,,,1.0,1.0,1.0,1.0,1.0,1.0,0.0,1.0,1.0,0.875
3642,5843e4397b88575b2,True,,,,,,,,,,0.0,1.0,0.5,1.0,1.0,0.0,0.0,1.0,1.0,0.0
3643,3ada23a933f4d460c,True,,,,,,,,,,1.0,1.0,1.0,1.0,1.0,1.0,1.0,1.0,1.0,1.0
3644,3f8f80892c70b7c5f,True,,,,,,,,,,1.0,0.0,1.0,1.0,1.0,1.0,1.0,1.0,0.0,0.0
3645,06a4317c41657c287,True,,,,,,,,,,1.0,1.0,0.0,1.0,1.0,1.0,0.0,1.0,0.0,0.0
3646,ac187965e42f68435,True,,,,,,,,,,1.0,1.0,0.5,1.0,0.9761961927605866,1.0,1.0,1.0,1.0,0.4962806551188417
3647,9f903173a7777cf35,True,,,,,,,,,,0.0,0.0,1.0,1.0,1.0,0.0,1.0,1.0,1.0,0.0
3648,246f9bdfe24441b91,True,,,,,,,,,,1.0,1.0,1.0,1.0,0.9480988679941044,1.0,0.0,1.0,0.0,0.7337808962481576
3649,303bc627ceab22570,True,,,,,,,,,,1.0,0.0,1.0,1.0,0.7223221027151843,1.0,0.0,1.0,0.0,0.0
3650,ad82260eea030954f,True,,,,,,,,,,1.0,1.0,1.0,1.0,0.7498428433820851,1.0,1.0,1.0,0.0,0.7968258885569016
3651,e33920fdd8fdbaaae,True,,,,,,,,,,1.0,1.0,1.0,1.0,0.6839196409716656,1.0,0.0,1.0,1.0,0.7762248878036455
3652,bdefe051b162261a4,True,,,,,,,,,,1.0,0.0,1.0,1.0,1.0,0.0,0.0,1.0,0.0,0.0
3653,18904eb72c5073ba1,True,,,,,,,,,,1.0,1.0,1.0,1.0,0.7659025501652902,1.0,0.0,1.0,1.0,0.8018445469266532
3654,710fa6e57a23bba80,True,,,,,,,,,,1.0,1.0,1.0,1.0,0.7643033528224401,1.0,0.0,1.0,1.0,0.8013447977570125
3655,30efc6f9cfe338bb8,True,,,,,,,,,,1.0,0.0,1.0,1.0,1.0,1.0,1.0,0.0,0.0,0.0
3656,6993cc3dbf9cc86cf,True,,,,,,,,,,0.0,0.0,1.0,1.0,1.0,0.0,1.0,1.0,1.0,0.0
3657,da94e1252342dc8d8,True,,,,,,,,,,1.0,1.0,1.0,1.0,1.0,1.0,1.0,1.0,1.0,1.0
3658,835ff0096d7b5ba4f,True,,,,,,,,,,1.0,1.0,1.0,1.0,0.9701519140406107,1.0,1.0,1.0,0.0,0.8656724731376908
3659,e1181167f5c790340,True,,,,,,,,,,1.0,1.0,1.0,1.0,0.7984657685230557,1.0,1.0,1.0,1.0,0.937020552663455
3660,119f45080f686caca,True,,,,,,,,,,1.0,1.0,1.0,1.0,0.37676633873438525,1.0,1.0,1.0,1.0,0.8052394808544954
3661,6dbbdae0bdb3174ac,True,,,,,,,,,,1.0,1.0,1.0,1.0,0.49958873818293764,1.0,1.0,1.0,0.0,0.718621480682168
3662,e8b0f787378ffb08f,True,,,,,,,,,,1.0,1.0,0.5,1.0,1.0,1.0,1.0,1.0,1.0,0.5
3663,8aea1806b6e406159,True,,,,,,,,,,1.0,0.0,1.0,1.0,0.9418798106285793,1.0,1.0,1.0,1.0,0.0
3664,fba5b4aa043d4c14b,True,,,,,,,,,,1.0,1.0,1.0,1.0,1.0,1.0,1.0,1.0,0.0,0.875
3665,97878eb5ec064dcaf,True,,,,,,,,,,1.0,1.0,1.0,1.0,0.5610338859756303,1.0,1.0,1.0,1.0,0.8628230893673845
3666,13d89543b4b7dad14,True,,,,,,,,,,1.0,1.0,0.0,1.0,1.0,1.0,0.0,1.0,0.0,0.0
3667,5e4e80a50729b531a,True,,,,,,,,,,1.0,1.0,1.0,1.0,0.7155343386339075,1.0,1.0,1.0,0.0,0.7861044808230961
3668,f5daa83268d707022,True,,,,,,,,,,1.0,1.0,1.0,1.0,0.7358509218010457,1.0,0.0,1.0,0.0,0.6674534130628268
3669,4f279eb5918287e64,True,,,,,,,,,,1.0,0.0,1.0,1.0,1.0,1.0,0.0,1.0,1.0,0.0
3670,3b82c1b1ab67f0c9a,True,,,,,,,,,,1.0,1.0,1.0,1.0,0.593378390844236,1.0,0.0,1.0,1.0,0.7479307471388238
3671,d17b5de2642504067,True,,,,,,,,,,1.0,1.0,1.0,1.0,1.0,1.0,1.0,1.0,0.0,0.875
3672,5b5acbaa4890aaac9,True,,,,,,,,,,1.0,1.0,0.0,1.0,1.0,1.0,0.0,1.0,0.0,0.0
3673,85f43c57442169f13,True,,,,,,,,,,1.0,1.0,1.0,1.0,1.0,1.0,0.0,1.0,0.0,0.75
3674,fe1ca3f5f54761556,True,,,,,,,,,,1.0,0.0,1.0,1.0,1.0,1.0,0.0,1.0,0.0,0.0
3675,147fe3531a064a546,True,,,,,,,,,,1.0,0.0,1.0,1.0,1.0,1.0,1.0,1.0,0.0,0.0
3676,1ad6a12ee1c381847,True,,,,,,,,,,1.0,1.0,1.0,1.0,1.0,1.0,0.0,1.0,1.0,0.875
3677,654d6d6e5212f40da,True,,,,,,,,,,1.0,1.0,1.0,1.0,1.0,1.0,1.0,1.0,0.0,0.875
3678,c55dc2e0f192c70a5,True,,,,,,,,,,1.0,1.0,1.0,1.0,0.2638548004459749,1.0,1.0,1.0,0.0,0.6449546251393672
3679,3fee465a29d222bb0,True,,,,,,,,,,1.0,0.0,1.0,1.0,0.8152888175036208,1.0,1.0,1.0,0.0,0.0
3680,47799590d39799760,True,,,,,,,,,,1.0,0.0,1.0,1.0,1.0,1.0,1.0,1.0,1.0,0.0
3681,d6b2852cfdf21ad06,True,,,,,,,,,,1.0,1.0,1.0,1.0,0.8110379315668962,1.0,1.0,1.0,1.0,0.940949353614655
3682,5b7d267fca157a9e6,True,,,,,,,,,,1.0,0.0,1.0,1.0,1.0,1.0,1.0,1.0,0.0,0.0
3683,363ac46bc24e8db3b,True,,,,,,,,,,1.0,1.0,1.0,1.0,0.5336095572851356,1.0,1.0,1.0,0.0,0.7292529866516049
3684,f197eb9bb03399772,True,,,,,,,,,,1.0,1.0,1.0,1.0,0.7946984103257542,1.0,0.0,1.0,1.0,0.8108432532267982
3685,b52e19bdb170f1078,True,,,,,,,,,,1.0,1.0,1.0,1.0,0.40635700529255386,1.0,1.0,1.0,0.0,0.6894865641539231
3686,b6a166b330b3673a8,True,,,,,,,,,,1.0,1.0,1.0,1.0,0.7162976880218912,1.0,1.0,1.0,0.0,0.786343027506841
3687,61b536394c345010e,True,,,,,,,,,,1.0,1.0,1.0,1.0,0.9677586441826544,1.0,1.0,1.0,0.0,0.8649245763070795
3688,e422b7a7bb9c41f95,True,,,,,,,,,,1.0,1.0,1.0,1.0,1.0,1.0,1.0,1.0,1.0,1.0
3689,1d7b812f26f914c71,True,,,,,,,,,,1.0,1.0,1.0,1.0,0.4164703726773705,0.0,1.0,1.0,0.0,0.3801469914616783
3690,4036f3945f5783618,True,,,,,,,,,,0.0,1.0,1.0,1.0,1.0,0.0,0.0,1.0,0.0,0.0
3691,c70f1e01d8a8d58e0,True,,,,,,,,,,1.0,1.0,1.0,1.0,0.6181660975312332,1.0,1.0,1.0,0.0,0.7556769054785104
3692,404bfe24cd4dfebb4,True,,,,,,,,,,0.0,1.0,1.0,1.0,1.0,0.0,1.0,1.0,0.0,0.0
3693,7272b7a2cb56feb27,True,,,,,,,,,,1.0,0.0,1.0,1.0,0.6848272968741504,1.0,1.0,1.0,0.0,0.0
3694,0062f66f0a168555e,True,,,,,,,,,,1.0,1.0,1.0,1.0,0.3110778828353057,1.0,1.0,1.0,0.0,0.659711838386033
3695,0c3447f80e5b8a35d,True,,,,,,,,,,1.0,1.0,1.0,1.0,0.28295541770781696,1.0,0.0,1.0,0.0,0.5259235680336928
3696,14fb3ae1207501c5b,True,,,,,,,,,,1.0,0.0,1.0,1.0,0.4407614268934628,1.0,1.0,1.0,1.0,0.0
3697,b853d466840f4db1b,True,,,,,,,,,,1.0,0.0,0.5,1.0,1.0,1.0,0.0,1.0,0.0,0.0
3698,1f7d87b846306d4ed,True,,,,,,,,,,1.0,1.0,1.0,1.0,1.0,1.0,0.0,1.0,0.0,0.75
3699,818f9becc81f0e975,True,,,,,,,,,,1.0,1.0,0.5,1.0,0.8523569843415906,1.0,1.0,0.0,0.0,0.35193077880337353
3700,c5e30f61f4d10eee2,True,,,,,,,,,,1.0,1.0,1.0,1.0,0.5272482698662962,1.0,1.0,1.0,0.0,0.7272650843332176
3701,6a0e7c7b6a5967f37,True,,,,,,,,,,1.0,1.0,1.0,1.0,0.35652029567546706,1.0,1.0,1.0,1.0,0.7989125923985835
3702,e18bfb53190f46707,True,,,,,,,,,,1.0,1.0,1.0,1.0,0.7940668446550626,1.0,1.0,1.0,0.0,0.810645888954707
3703,f3d58b82e93972910,True,,,,,,,,,,1.0,1.0,1.0,1.0,0.4430210000511344,1.0,1.0,1.0,0.0,0.7009440625159795
3704,cc06efea87df36bc7,True,,,,,,,,,,1.0,0.0,1.0,1.0,0.7411818120981222,1.0,0.0,1.0,1.0,0.0
3705,c2fbdb2ef268ad123,True,,,,,,,,,,1.0,1.0,1.0,1.0,1.0,1.0,1.0,1.0,1.0,1.0
3706,63aab11dd75c78ad2,True,,,,,,,,,,1.0,1.0,1.0,1.0,0.6195784523835935,1.0,1.0,1.0,1.0,0.881118266369873
3707,d86953527b4e9a76d,True,,,,,,,,,,0.0,1.0,0.0,1.0,1.0,0.0,0.0,1.0,0.0,0.0
3708,606571205dbf05df5,True,,,,,,,,,,1.0,1.0,1.0,1.0,0.7574533713529783,1.0,0.0,1.0,0.0,0.6742041785478057
3709,94f50219a9dc3389d,True,,,,,,,,,,1.0,1.0,1.0,1.0,0.7414385383168618,1.0,1.0,0.0,0.0,0.6691995432240193
3710,d6e2587cedd827dce,True,,,,,,,,,,1.0,0.0,1.0,1.0,0.4557181561240356,1.0,1.0,1.0,0.0,0.0
3711,5913dfbc435fb100c,True,,,,,,,,,,0.0,0.0,1.0,1.0,1.0,0.0,1.0,1.0,1.0,0.0
3712,86a97d3341cc8c198,True,,,,,,,,,,1.0,1.0,1.0,1.0,0.478631651875714,1.0,1.0,1.0,0.0,0.7120723912111606
3713,5e206e9ebf880f3f3,True,,,,,,,,,,1.0,1.0,1.0,1.0,1.0,1.0,0.0,1.0,1.0,0.875
3714,d02ab95331cc7550b,True,,,,,,,,,,1.0,0.0,0.5,1.0,1.0,1.0,0.0,1.0,0.0,0.0
3715,39dac9068ac428048,True,,,,,,,,,,1.0,1.0,1.0,1.0,0.7432062215463177,1.0,0.0,1.0,1.0,0.7947519442332243
3716,2c8a8566b34a09b90,True,,,,,,,,,,1.0,0.0,1.0,1.0,1.0,1.0,1.0,1.0,0.0,0.0
3717,2dac755118d4733e7,True,,,,,,,,,,1.0,1.0,1.0,1.0,0.8358261972296462,1.0,0.0,1.0,1.0,0.8236956866342644
3718,d7cb69340aa436966,True,,,,,,,,,,1.0,1.0,1.0,1.0,0.5176780620929377,1.0,1.0,1.0,1.0,0.8492743944040431
3719,4ebad6e2adb7c2ab4,True,,,,,,,,,,0.0,1.0,1.0,1.0,1.0,0.0,1.0,1.0,1.0,0.0
3720,b4590a06173d6c3f0,True,,,,,,,,,,1.0,1.0,1.0,1.0,0.652661272461552,1.0,0.0,0.0,0.0,0.516456647644235
3721,a82a0dff42f2a74f1,True,,,,,,,,,,1.0,1.0,1.0,1.0,0.9874937283853048,1.0,1.0,0.0,0.0,0.7460917901204078
3722,e5c6c91f1d3892636,True,,,,,,,,,,1.0,1.0,1.0,1.0,0.9015796222915514,1.0,1.0,1.0,0.0,0.8442436319661097
3723,c91d6633fc0516a81,True,,,,,,,,,,1.0,1.0,1.0,1.0,0.9804051605631413,1.0,1.0,1.0,1.0,0.9938766126759817
3724,bc9a77699f862350d,True,,,,,,,,,,1.0,1.0,1.0,1.0,0.43588106509783386,1.0,1.0,1.0,0.0,0.6987128328430731
3725,fcfbdd618540644fa,True,,,,,,,,,,1.0,1.0,1.0,1.0,1.0,1.0,1.0,0.0,1.0,0.875
3726,a2c78b96705709dc4,True,,,,,,,,,,1.0,1.0,1.0,1.0,0.06265705095821218,1.0,0.0,1.0,1.0,0.5820803284244414
3727,0d6f670a9daf4bde4,True,,,,,,,,,,1.0,1.0,1.0,1.0,1.0,1.0,1.0,1.0,1.0,1.0
3728,91927b9cf7456c200,True,,,,,,,,,,1.0,1.0,1.0,1.0,0.8486446130940679,1.0,1.0,1.0,1.0,0.9527014415918962
3729,8155746fdb7c4d3d8,True,,,,,,,,,,1.0,1.0,1.0,1.0,1.0,1.0,0.0,1.0,1.0,0.875
3730,059699c7343bcc1bc,True,,,,,,,,,,1.0,1.0,1.0,1.0,0.8571787485937291,1.0,0.0,1.0,0.0,0.7053683589355404
3731,87f3ff9f4e16ee2e1,True,,,,,,,,,,1.0,1.0,1.0,1.0,1.0,0.0,1.0,1.0,0.0,0.5625
3732,c481b1ded8232fa61,True,,,,,,,,,,1.0,1.0,1.0,1.0,0.07664014610365537,1.0,1.0,1.0,0.0,0.5864500456573922
3733,1bf7eb4037d08171a,True,,,,,,,,,,1.0,1.0,1.0,1.0,0.8291757317239686,1.0,1.0,0.0,0.0,0.6966174161637402
3734,7e61c66c138daab84,True,,,,,,,,,,1.0,1.0,1.0,1.0,0.44431670973593296,1.0,0.0,1.0,0.0,0.576348971792479
3735,5f64cfcf81e889869,True,,,,,,,,,,1.0,1.0,1.0,1.0,0.7671261040902211,0.0,0.0,1.0,1.0,0.4897269075281941
3736,5f53c45bd71589e3f,True,,,,,,,,,,1.0,1.0,1.0,1.0,0.8923075562428617,1.0,0.0,1.0,0.0,0.7163461113258943
3737,5bd0e7981e5378287,True,,,,,,,,,,1.0,0.0,1.0,1.0,1.0,1.0,1.0,1.0,0.0,0.0
3738,3c99b1ada8877591e,True,,,,,,,,,,1.0,1.0,1.0,1.0,0.9674477118091026,1.0,1.0,1.0,0.0,0.8648274099403446
3739,e472efc62c061addf,True,,,,,,,,,,1.0,1.0,1.0,1.0,0.728231198165307,1.0,1.0,1.0,0.0,0.7900722494266584
3740,ea22bac93bab13f69,True,,,,,,,,,,1.0,1.0,1.0,1.0,0.8872568360348779,1.0,0.0,1.0,0.0,0.7147677612608994
3741,10c72d595566b545a,True,,,,,,,,,,0.0,1.0,1.0,1.0,1.0,0.0,1.0,1.0,0.0,0.0
3742,97f0dfb7f9039bcb2,True,,,,,,,,,,0.0,0.0,1.0,1.0,1.0,0.0,0.0,0.0,0.0,0.0
3743,d694ab7fc94aa5dcf,True,,,,,,,,,,0.0,1.0,1.0,1.0,0.9997900727864979,1.0,1.0,1.0,1.0,0.0
3744,5de1e274bd9229940,True,,,,,,,,,,1.0,1.0,1.0,1.0,1.0,1.0,1.0,1.0,1.0,1.0
3745,36a0cef1b153a4f11,True,,,,,,,,,,1.0,1.0,1.0,1.0,1.0,1.0,1.0,1.0,1.0,1.0
3746,580ccf6399ed92f1c,True,,,,,,,,,,1.0,1.0,1.0,1.0,1.0,1.0,1.0,1.0,1.0,1.0
3747,4b3c2ee5f127a3fe4,True,,,,,,,,,,1.0,1.0,0.5,1.0,0.8492338323575256,1.0,0.0,0.0,0.0,0.28894278630586334
3748,25e84823ff411a3c2,True,,,,,,,,,,1.0,1.0,1.0,1.0,0.48707303421422715,1.0,0.0,1.0,1.0,0.714710323191946
3749,87b88ec189315a232,True,,,,,,,,,,1.0,1.0,1.0,1.0,0.39416372944336264,1.0,1.0,1.0,0.0,0.6856761654510508
3750,9e6b3a8efae9904aa,True,,,,,,,,,,1.0,1.0,1.0,1.0,0.4092686663325067,1.0,1.0,1.0,0.0,0.6903964582289084
3751,fa38f3940f913e8fd,True,,,,,,,,,,1.0,0.0,1.0,1.0,1.0,1.0,0.0,1.0,0.0,0.0
3752,fb243ec63be645481,True,,,,,,,,,,1.0,1.0,1.0,1.0,0.8479238328228066,1.0,1.0,1.0,1.0,0.952476197757127
3753,d069a0081ae35d442,True,,,,,,,,,,1.0,1.0,1.0,1.0,0.3552247503968776,1.0,0.0,1.0,1.0,0.6735077344990242
3754,de7117fede978534c,True,,,,,,,,,,1.0,1.0,0.5,1.0,1.0,1.0,0.0,1.0,1.0,0.4375
3755,ab0cda5402469194e,True,,,,,,,,,,1.0,1.0,0.0,1.0,0.8814532574314419,1.0,1.0,1.0,0.0,0.0
3756,ef08e59a9c882aea6,True,,,,,,,,,,0.0,1.0,1.0,1.0,1.0,0.0,1.0,1.0,0.0,0.0
3757,1549d79fb52ee0d4d,True,,,,,,,,,,1.0,1.0,1.0,1.0,0.920458530516958,1.0,1.0,1.0,1.0,0.9751432907865494
3758,95f0d6c3b4018f122,True,,,,,,,,,,1.0,1.0,1.0,1.0,1.0,1.0,1.0,1.0,0.0,0.875
3759,b50c1c40b51d7211f,True,,,,,,,,,,1.0,1.0,1.0,1.0,0.6223971842804993,1.0,0.0,1.0,0.0,0.631999120087656
3760,a4512ee0b8d11026d,True,,,,,,,,,,1.0,1.0,1.0,1.0,0.3516813730982696,1.0,1.0,1.0,0.0,0.6724004290932093
3761,cb000016d3d61dd05,True,,,,,,,,,,0.0,1.0,1.0,1.0,1.0,0.0,1.0,1.0,0.0,0.0
3762,6a1ac7cf335eb8310,True,,,,,,,,,,0.5,0.0,0.0,0.0,1.0,0.0,1.0,1.0,0.0,0.0
3763,bc9e1db1b41d9717b,True,,,,,,,,,,1.0,1.0,1.0,1.0,0.7490184688392836,1.0,1.0,1.0,0.0,0.7965682715122762
3764,5e2acee998e20682e,True,,,,,,,,,,1.0,1.0,1.0,1.0,1.0,1.0,1.0,0.0,0.0,0.75
3765,ca20bcf8f65e1fa9b,True,,,,,,,,,,1.0,1.0,1.0,1.0,0.20415421543875234,1.0,1.0,1.0,1.0,0.75129819232461
3766,c30bd4dc602d95119,True,,,,,,,,,,1.0,1.0,1.0,1.0,0.7157122002863303,1.0,0.0,1.0,0.0,0.6611600625894782
3767,3343ae6524e70afdf,True,,,,,,,,,,1.0,1.0,1.0,1.0,0.28963615900141215,1.0,1.0,1.0,0.0,0.6530112996879414
3768,f21c4208d817951b4,True,,,,,,,,,,1.0,1.0,1.0,1.0,0.7056203444906618,1.0,1.0,1.0,0.0,0.7830063576533318
3769,0ed9b19cfb122d58d,True,,,,,,,,,,1.0,1.0,0.5,1.0,0.6524890540870616,1.0,1.0,1.0,0.0,0.38320141470110336
3770,96539cf10e3cf92af,True,,,,,,,,,,1.0,1.0,1.0,1.0,0.8587438441069898,1.0,1.0,1.0,0.0,0.8308574512834344
3771,87555f32aa4e45c55,True,,,,,,,,,,1.0,1.0,1.0,1.0,0.7726475483169598,1.0,1.0,1.0,0.0,0.8039523588490499
3772,2c048c6ca0a0876cd,True,,,,,,,,,,1.0,1.0,1.0,1.0,0.7406210162251683,1.0,0.0,1.0,0.0,0.6689440675703651
3773,3504f8f8ec86e462f,True,,,,,,,,,,0.0,1.0,1.0,1.0,0.6063451149286224,0.0,0.0,1.0,0.0,0.0
3774,9384f1e1e708f3470,True,,,,,,,,,,1.0,1.0,1.0,1.0,0.7001211629965012,1.0,0.0,1.0,1.0,0.7812878634364067
3775,43f9b9de05ede6a4d,True,,,,,,,,,,1.0,1.0,1.0,1.0,0.5728600098672596,1.0,0.0,1.0,0.0,0.6165187530835186
3776,bbf03fd14411cf3b3,True,,,,,,,,,,1.0,1.0,1.0,1.0,1.0,1.0,0.0,1.0,0.0,0.75
3777,72f8e30d5fbc3839a,True,,,,,,,,,,0.0,0.0,1.0,1.0,1.0,0.0,0.0,1.0,1.0,0.0
3778,8ed1946abef82fdb9,True,,,,,,,,,,1.0,1.0,1.0,1.0,0.1797997371290992,1.0,0.0,1.0,0.0,0.4936874178528435
3779,6883dd210767ef27d,True,,,,,,,,,,1.0,1.0,1.0,1.0,0.6205513404953308,1.0,1.0,1.0,1.0,0.8814222939047909
3780,854e5e93c34b9c7cd,True,,,,,,,,,,1.0,1.0,0.0,1.0,1.0,1.0,0.0,1.0,1.0,0.0
3781,7b6d8fa488a09b8d3,True,,,,,,,,,,1.0,1.0,1.0,1.0,0.7733992969083089,1.0,1.0,1.0,0.0,0.8041872802838466
3782,21ef36d866be6b411,True,,,,,,,,,,1.0,1.0,1.0,1.0,1.0,1.0,0.0,1.0,0.0,0.75
3783,525d0548f3cf8685b,True,,,,,,,,,,1.0,1.0,1.0,1.0,1.0,1.0,0.0,0.0,0.0,0.625
3784,0db32b98281c2454b,True,,,,,,,,,,1.0,1.0,1.0,1.0,0.7154591192893917,1.0,0.0,1.0,0.0,0.6610809747779349
3785,1b3fd5e7993de38c0,True,,,,,,,,,,1.0,1.0,1.0,1.0,0.5973354845633057,1.0,1.0,1.0,1.0,0.874167338926033
3786,46738f7f1afe77303,True,,,,,,,,,,1.0,1.0,1.0,1.0,1.0,1.0,0.0,1.0,1.0,0.875
3787,e774d1b87b07638c4,True,,,,,,,,,,1.0,0.0,1.0,1.0,1.0,1.0,1.0,1.0,0.0,0.0
3788,a285844e480d8be12,True,,,,,,,,,,1.0,1.0,1.0,1.0,0.28220940660993676,1.0,0.0,1.0,1.0,0.6506904395656052
3789,5eea9af2c6acb36ec,True,,,,,,,,,,1.0,0.0,0.5,1.0,1.0,1.0,0.0,1.0,1.0,0.0
3790,88d4b366c4eb714be,True,,,,,,,,,,1.0,1.0,1.0,1.0,0.6367214287663874,1.0,0.0,1.0,1.0,0.761475446489496
3791,78d4cffc4aa085aab,True,,,,,,,,,,1.0,1.0,1.0,1.0,0.9784126085244944,1.0,1.0,1.0,0.0,0.8682539401639044
3792,c6e28acbe0fc41c9e,True,,,,,,,,,,1.0,1.0,0.5,1.0,0.9140295875900454,1.0,0.0,1.0,1.0,0.42406712306094463
3793,f07be583867d7e867,True,,,,,,,,,,1.0,1.0,1.0,1.0,1.0,1.0,1.0,1.0,0.0,0.875
3794,1c5915479f9d88e87,True,,,,,,,,,,1.0,1.0,1.0,1.0,0.702902437070471,1.0,1.0,1.0,1.0,0.9071570115845222
3795,36c7b91f3363fdeda,True,,,,,,,,,,1.0,0.0,0.0,1.0,1.0,1.0,0.0,1.0,0.0,0.0
3796,dab0fa452a04c5188,True,,,,,,,,,,1.0,1.0,1.0,1.0,1.0,1.0,1.0,1.0,0.0,0.875
3797,f93686a7de229c648,True,,,,,,,,,,1.0,1.0,1.0,1.0,0.9252308541151939,1.0,0.0,1.0,1.0,0.8516346419109981
3798,3423788f9b45444ab,True,,,,,,,,,,1.0,1.0,1.0,1.0,0.8486420584089354,1.0,1.0,1.0,1.0,0.9527006432527922
3799,661c4fdee268dcb1e,True,,,,,,,,,,1.0,1.0,1.0,1.0,0.5289003862482551,1.0,1.0,1.0,1.0,0.8527813707025798
3800,7a12897acffda91d2,True,,,,,,,,,,1.0,1.0,1.0,1.0,0.7235659395278341,1.0,0.0,1.0,0.0,0.6636143561024481
3801,01b72798ffad4fcc6,True,,,,,,,,,,1.0,1.0,1.0,1.0,0.36552763153850343,1.0,0.0,1.0,0.0,0.5517273848557823
3802,3dd919c5a93fd6754,True,,,,,,,,,,1.0,1.0,1.0,1.0,0.6540650852703556,1.0,1.0,1.0,1.0,0.8918953391469862
3803,50da2cb15a6c805e6,True,,,,,,,,,,1.0,1.0,1.0,1.0,1.0,0.0,0.0,1.0,0.0,0.4375
3804,558678d3b68828f3a,True,,,,,,,,,,1.0,0.0,0.0,1.0,1.0,1.0,0.0,1.0,1.0,0.0
3805,2fb382cc58b2e089f,True,,,,,,,,,,1.0,1.0,1.0,1.0,0.6531285160473661,1.0,0.0,1.0,1.0,0.7666026612648019
3806,817d4b24592566035,True,,,,,,,,,,0.0,0.0,1.0,1.0,1.0,0.0,1.0,1.0,0.0,0.0
3807,05eb9641b2003663e,True,,,,,,,,,,1.0,1.0,1.0,1.0,1.0,1.0,1.0,1.0,1.0,1.0
3808,97e30986c37339a1b,True,,,,,,,,,,1.0,1.0,1.0,1.0,0.8844279944643865,1.0,1.0,1.0,1.0,0.9638837482701208
3809,762f200cb2556d1a2,True,,,,,,,,,,0.0,0.0,1.0,1.0,1.0,0.0,1.0,1.0,0.0,0.0
3810,781d4b5658394c5ca,True,,,,,,,,,,1.0,1.0,1.0,1.0,0.9817896808666285,1.0,0.0,1.0,1.0,0.8693092752708214
3811,3f4e1856faab2a6f3,True,,,,,,,,,,1.0,1.0,1.0,1.0,0.8034469166082591,1.0,0.0,1.0,1.0,0.813577161440081
3812,1fbe931a028dff6f9,True,,,,,,,,,,1.0,1.0,0.0,1.0,1.0,1.0,1.0,1.0,0.0,0.0
3813,24552af895f24c7c8,True,,,,,,,,,,1.0,1.0,1.0,1.0,0.8321518135853317,1.0,1.0,1.0,1.0,0.9475474417454162
3814,6546d47d2e83caab2,True,,,,,,,,,,1.0,0.0,1.0,1.0,1.0,1.0,0.0,1.0,0.0,0.0
3815,8b017e76640de2142,True,,,,,,,,,,1.0,1.0,1.0,1.0,1.0,1.0,1.0,1.0,0.0,0.875
3816,af838aad1e6b19925,True,,,,,,,,,,1.0,1.0,1.0,1.0,0.6883669437729547,1.0,1.0,1.0,0.0,0.7776146699290484
3817,d34d8e1f656046bdd,True,,,,,,,,,,1.0,1.0,1.0,1.0,0.41772575272273255,1.0,0.0,1.0,1.0,0.6930392977258539
3818,43c0e949f19e63437,True,,,,,,,,,,1.0,0.0,1.0,1.0,0.17285517144444465,1.0,1.0,1.0,0.0,0.0
3819,fb7b5ae64dda69073,True,,,,,,,,,,1.0,1.0,1.0,1.0,0.62648439544675,1.0,1.0,1.0,0.0,0.7582763735771094
3820,3349d086f3bc06728,True,,,,,,,,,,1.0,1.0,1.0,1.0,0.7514254532628715,1.0,0.0,1.0,1.0,0.7973204541446474
3821,a0c6dbfad5c2cef6e,True,,,,,,,,,,1.0,1.0,0.5,1.0,1.0,1.0,0.0,1.0,0.0,0.375
3822,14afd0e1ef0d94d4d,True,,,,,,,,,,1.0,1.0,1.0,1.0,1.0,1.0,1.0,1.0,0.0,0.875
3823,19d1ed57ca3224e24,True,,,,,,,,,,0.0,0.0,1.0,1.0,1.0,0.0,0.0,0.0,0.0,0.0
3824,b23bdeea5132cf7af,True,,,,,,,,,,1.0,0.0,1.0,1.0,0.7958683047132712,1.0,0.0,1.0,0.0,0.0
3825,230e554a4a9b823fa,True,,,,,,,,,,1.0,1.0,1.0,1.0,1.0,0.0,0.0,1.0,0.0,0.4375
3826,28ee06f98b43e0a85,True,,,,,,,,,,1.0,1.0,1.0,1.0,0.4293798860476377,1.0,1.0,1.0,1.0,0.8216812143898868
3827,043b764789a077f63,True,,,,,,,,,,1.0,1.0,1.0,1.0,0.6609785261100075,1.0,1.0,1.0,1.0,0.8940557894093774
3828,65cf82257d919ac3a,True,,,,,,,,,,1.0,1.0,1.0,1.0,0.8757394288024162,1.0,0.0,1.0,1.0,0.8361685715007551
3829,7e3fd48eb2c70a68f,True,,,,,,,,,,1.0,1.0,1.0,1.0,0.13990225458146424,1.0,1.0,1.0,1.0,0.7312194545567076
3830,2445e4f4ae3f0fc04,True,,,,,,,,,,1.0,1.0,0.5,1.0,1.0,1.0,0.0,1.0,0.0,0.375
3831,9d4da1a5a93059ae2,True,,,,,,,,,,0.0,1.0,1.0,1.0,0.89492770883457,0.0,1.0,1.0,1.0,0.0
3832,8fb24d26d3dd62b0f,True,,,,,,,,,,1.0,1.0,1.0,1.0,0.6417778787533259,1.0,1.0,1.0,1.0,0.8880555871104143
3833,d5e47bbb90de1d48f,True,,,,,,,,,,1.0,0.0,1.0,1.0,1.0,1.0,1.0,1.0,0.0,0.0
3834,8540d07d75bf477e8,True,,,,,,,,,,1.0,1.0,1.0,1.0,0.88801807554118,0.0,1.0,1.0,0.0,0.5275056486066187
3835,2271e9cd227826682,True,,,,,,,,,,1.0,1.0,1.0,1.0,0.6800414921382882,1.0,1.0,1.0,1.0,0.900012966293215
3836,ed81a447f9a55d06c,True,,,,,,,,,,1.0,1.0,1.0,1.0,1.0,1.0,1.0,1.0,0.0,0.875
3837,c3d1977a554fb24b2,True,,,,,,,,,,1.0,1.0,1.0,1.0,0.6573423869440188,1.0,1.0,1.0,1.0,0.8929194959200059
3838,fdc9de263e1f28cd8,True,,,,,,,,,,1.0,1.0,1.0,1.0,0.9261576174457131,1.0,1.0,1.0,1.0,0.9769242554517854
3839,10da8689597a01351,True,,,,,,,,,,1.0,1.0,1.0,1.0,0.3933220178565148,1.0,1.0,1.0,1.0,0.810413130580161
3840,575fcd78444e7124b,True,,,,,,,,,,1.0,0.0,0.0,1.0,1.0,1.0,1.0,0.0,0.0,0.0
3841,bf934afd68e4b2573,True,,,,,,,,,,1.0,1.0,0.5,1.0,0.7156213658839352,1.0,0.0,1.0,0.0,0.3305658384193649
3842,892680e2569238f20,True,,,,,,,,,,1.0,1.0,1.0,1.0,0.767220019224333,1.0,0.0,1.0,1.0,0.8022562560076041
3843,bf8b68552794d8026,True,,,,,,,,,,1.0,1.0,1.0,1.0,0.7202461267126024,1.0,0.0,1.0,0.0,0.6625769145976883
3844,1bddac86d58ce72a5,True,,,,,,,,,,1.0,0.0,1.0,1.0,0.7281638232891767,1.0,1.0,1.0,0.0,0.0
3845,6eff7e6fb5d5bcf04,True,,,,,,,,,,1.0,1.0,1.0,1.0,0.8027107438895894,1.0,1.0,1.0,1.0,0.9383471074654968
3846,2cd8757231917e0ba,True,,,,,,,,,,1.0,1.0,1.0,1.0,0.5972748268551219,1.0,1.0,1.0,1.0,0.8741483833922256
3847,256b8c1f799d1f6a1,True,,,,,,,,,,1.0,1.0,1.0,1.0,0.5106932621810676,1.0,0.0,1.0,1.0,0.7220916444315837
3848,cfbef936343c3a937,True,,,,,,,,,,1.0,1.0,1.0,1.0,0.7608234881307477,1.0,0.0,1.0,1.0,0.8002573400408587
3849,13aeb83dad95704fa,True,,,,,,,,,,1.0,1.0,1.0,1.0,0.9667838455395407,1.0,0.0,1.0,1.0,0.8646199517311064
3850,7878266af5a97d7ce,True,,,,,,,,,,0.0,1.0,1.0,1.0,1.0,0.0,0.0,1.0,0.0,0.0
3851,78de0559e7e44a61a,True,,,,,,,,,,1.0,0.0,1.0,1.0,1.0,1.0,1.0,1.0,1.0,0.0
3852,d99cd68c37ac3ad2c,True,,,,,,,,,,1.0,1.0,1.0,1.0,0.8156744339880637,1.0,0.0,1.0,1.0,0.81739826062127
3853,4f3676dd29cda956d,True,,,,,,,,,,1.0,1.0,1.0,1.0,1.0,1.0,0.0,1.0,0.0,0.75
3854,21cc3fe26ab5be9ef,True,,,,,,,,,,1.0,1.0,1.0,1.0,0.8380020706591913,1.0,1.0,1.0,1.0,0.9493756470809973
3855,b24449179efd06cad,True,,,,,,,,,,1.0,1.0,1.0,1.0,0.8268471000217492,1.0,1.0,1.0,1.0,0.9458897187567966
3856,f6439042fbc2b78de,True,,,,,,,,,,1.0,1.0,1.0,1.0,0.33936121528717816,1.0,1.0,1.0,0.0,0.6685503797772432
3857,0935bea2b70d9fd2a,True,,,,,,,,,,1.0,1.0,1.0,1.0,1.0,1.0,0.0,1.0,0.0,0.75
3858,79fb2b729214ceac0,True,,,,,,,,,,1.0,1.0,0.0,1.0,0.8066603005084851,1.0,0.0,1.0,1.0,0.0
3859,74e23535d8622107d,True,,,,,,,,,,1.0,1.0,1.0,1.0,0.6179840107635621,1.0,1.0,1.0,1.0,0.8806200033636131
3860,bd7d7120ca6491008,True,,,,,,,,,,1.0,1.0,1.0,1.0,1.0,1.0,1.0,1.0,1.0,1.0
3861,ff6be79e6135c5fe5,True,,,,,,,,,,1.0,1.0,1.0,1.0,0.6418923372667867,1.0,1.0,1.0,0.0,0.7630913553958709
3862,8975720088d1d70ea,True,,,,,,,,,,1.0,1.0,0.0,1.0,0.6864481487236187,1.0,0.0,1.0,0.0,0.0
3863,4e5923e8ca30416d1,True,,,,,,,,,,1.0,1.0,1.0,1.0,0.6317051790452427,1.0,1.0,1.0,0.0,0.7599078684516384
3864,49dbbe879efac0da9,True,,,,,,,,,,1.0,1.0,0.0,0.0,1.0,1.0,0.0,1.0,0.0,0.0
3865,7d7a22329b9cef777,True,,,,,,,,,,1.0,1.0,1.0,1.0,0.8097314852681949,1.0,1.0,1.0,1.0,0.9405410891463108
3866,eedb6f9d589e745c8,True,,,,,,,,,,0.0,0.0,1.0,1.0,1.0,0.0,0.0,1.0,1.0,0.0
3867,fd157e67d430fdab3,True,,,,,,,,,,1.0,1.0,1.0,1.0,1.0,1.0,0.0,1.0,1.0,0.875
3868,a70343efbae4bbaab,True,,,,,,,,,,1.0,0.0,1.0,1.0,1.0,1.0,0.0,1.0,0.0,0.0
3869,bf348ece26ab3f920,True,,,,,,,,,,1.0,1.0,1.0,1.0,0.819079847046249,1.0,0.0,1.0,1.0,0.8184624522019528
3870,db94fae67e9339c05,True,,,,,,,,,,1.0,1.0,1.0,1.0,1.0,1.0,0.0,1.0,1.0,0.875
3871,a281f0b2e0db6ac75,True,,,,,,,,,,0.0,1.0,1.0,1.0,1.0,0.0,0.0,1.0,1.0,0.0
3872,b1c69e18979797988,True,,,,,,,,,,1.0,1.0,1.0,1.0,0.9396625261138137,1.0,0.0,1.0,1.0,0.8561445394105668
3873,0ab5cb8557d3b269d,True,,,,,,,,,,1.0,1.0,0.5,1.0,1.0,1.0,1.0,1.0,1.0,0.5
3874,bee1f7c478d5663fc,True,,,,,,,,,,1.0,1.0,1.0,1.0,1.0,1.0,0.0,1.0,1.0,0.875
3875,15cd04f7d172178fc,True,,,,,,,,,,1.0,1.0,1.0,1.0,0.2818837481978062,1.0,1.0,1.0,1.0,0.7755886713118144
3876,9c33aa775bae4e3a1,True,,,,,,,,,,1.0,1.0,1.0,1.0,0.7637195281276195,1.0,1.0,1.0,0.0,0.8011623525398811
3877,d64a870652e64162c,True,,,,,,,,,,1.0,1.0,1.0,1.0,0.6817667919648577,1.0,1.0,1.0,1.0,0.9005521224890181
3878,9583f6043942f7590,True,,,,,,,,,,1.0,0.0,1.0,1.0,1.0,1.0,0.0,1.0,0.0,0.0
3879,894784294c8d0ed99,True,,,,,,,,,,1.0,1.0,1.0,1.0,0.8533619589792737,1.0,1.0,1.0,1.0,0.954175612181023
3880,b20b0b76f7991c89b,True,,,,,,,,,,1.0,0.0,1.0,1.0,1.0,1.0,0.0,1.0,1.0,0.0
3881,d50691398e89c58dd,True,,,,,,,,,,1.0,1.0,1.0,1.0,0.6548359246191553,1.0,0.0,1.0,1.0,0.767136226443486
3882,e781cee1082355533,True,,,,,,,,,,1.0,0.0,1.0,1.0,0.3997827125811561,1.0,1.0,1.0,0.0,0.0
3883,db5a03e690d9afcdb,True,,,,,,,,,,1.0,1.0,1.0,1.0,1.0,1.0,0.0,1.0,0.0,0.75
3884,312963b5a180fcf28,True,,,,,,,,,,1.0,1.0,1.0,1.0,0.24838065648099905,1.0,0.0,1.0,0.0,0.5151189551503121
3885,f4d363a5d6d3206e3,True,,,,,,,,,,1.0,1.0,1.0,1.0,1.0,1.0,0.0,1.0,1.0,0.875
3886,87f8776a408095eee,True,,,,,,,,,,1.0,1.0,1.0,1.0,0.6328947888091422,1.0,1.0,1.0,1.0,0.8852796215028569
3887,945b57db140235d1c,True,,,,,,,,,,1.0,0.0,1.0,1.0,1.0,1.0,0.0,1.0,1.0,0.0
3888,b8a844b02dc16c393,True,,,,,,,,,,1.0,1.0,1.0,1.0,0.47478241022858086,1.0,1.0,1.0,0.0,0.7108695031964315
3889,1c036c9aff4d0cf31,True,,,,,,,,,,1.0,1.0,1.0,1.0,0.6138363539483187,1.0,1.0,1.0,0.0,0.7543238606088496
3890,321422cad3f85a6a3,True,,,,,,,,,,1.0,1.0,0.0,1.0,1.0,0.0,0.0,0.0,0.0,0.0
3891,444448ad7659dcee6,True,,,,,,,,,,1.0,1.0,1.0,1.0,1.0,1.0,0.0,1.0,1.0,0.875
3892,d1ad6506f1da6b927,True,,,,,,,,,,1.0,0.0,1.0,1.0,0.41639421445302305,1.0,1.0,1.0,0.0,0.0
3893,c3b8d6641081a7618,True,,,,,,,,,,1.0,0.0,1.0,1.0,1.0,1.0,1.0,1.0,0.0,0.0
3894,299f646dfb858774d,True,,,,,,,,,,1.0,1.0,1.0,1.0,1.0,1.0,1.0,1.0,0.0,0.875
3895,c4e1ff9b786c70034,True,,,,,,,,,,1.0,1.0,1.0,1.0,1.0,1.0,1.0,1.0,0.0,0.875
3896,e58505d2e2a702e58,True,,,,,,,,,,0.0,0.0,1.0,1.0,1.0,0.0,1.0,1.0,1.0,0.0
3897,726d488f280e59674,True,,,,,,,,,,1.0,0.0,1.0,1.0,0.9666407263629925,1.0,0.0,1.0,0.0,0.0
3898,2b2111da18ed8032d,True,,,,,,,,,,1.0,0.0,1.0,1.0,1.0,1.0,1.0,1.0,1.0,0.0
3899,155dbb3e9624d499e,True,,,,,,,,,,0.0,1.0,1.0,1.0,0.5700317421367189,0.0,1.0,1.0,0.0,0.0
3900,76d9e9afdcf9204ad,True,,,,,,,,,,1.0,1.0,1.0,1.0,1.0,1.0,1.0,1.0,1.0,1.0
3901,219cbcce551252eb2,True,,,,,,,,,,1.0,1.0,0.5,1.0,0.569008065935011,1.0,0.0,1.0,1.0,0.37015751030234545
3902,6eb44fdbacc1fdf1c,True,,,,,,,,,,1.0,1.0,1.0,1.0,1.0,1.0,1.0,1.0,0.0,0.875
3903,c41d6466acee52a7f,True,,,,,,,,,,1.0,1.0,1.0,1.0,0.9268087962161142,1.0,0.0,1.0,1.0,0.8521277488175357
3904,a8b2c2c9a9c84c4f5,True,,,,,,,,,,1.0,1.0,1.0,1.0,0.6379998242273045,1.0,1.0,1.0,0.0,0.7618749450710327
3905,84be03c80c37d30a3,True,,,,,,,,,,0.0,1.0,1.0,1.0,1.0,0.0,1.0,1.0,1.0,0.0
3906,afc5b9d01744dc019,True,,,,,,,,,,1.0,0.0,1.0,1.0,1.0,1.0,0.0,1.0,1.0,0.0
3907,bad9757cb0a673425,True,,,,,,,,,,1.0,1.0,1.0,1.0,1.0,1.0,0.0,1.0,0.0,0.75
3908,70f0bbf667ad7bd9e,True,,,,,,,,,,1.0,1.0,1.0,1.0,0.9962267225404801,1.0,0.0,1.0,1.0,0.8738208507939
3909,b24c5109d9a3320ec,True,,,,,,,,,,1.0,1.0,1.0,1.0,0.9322067066067227,1.0,0.0,1.0,1.0,0.8538145958146008
3910,eeb4b0334d12c4c0f,True,,,,,,,,,,1.0,1.0,1.0,1.0,0.9723889640106798,1.0,1.0,1.0,1.0,0.9913715512533374
3911,1e15000d249448d21,True,,,,,,,,,,0.0,1.0,1.0,1.0,1.0,0.0,1.0,1.0,0.0,0.0
3912,2a839dc18e91bbd40,True,,,,,,,,,,1.0,1.0,1.0,1.0,0.6708910770576838,1.0,0.0,1.0,0.0,0.6471534615805262
3913,9492d35704d8b1a15,True,,,,,,,,,,1.0,1.0,0.5,1.0,1.0,1.0,0.0,1.0,1.0,0.4375
3914,81b780529f08d965b,True,,,,,,,,,,1.0,1.0,1.0,1.0,0.783061955189946,1.0,1.0,1.0,1.0,0.9322068609968581
3915,6b5b128424d5357b0,True,,,,,,,,,,1.0,1.0,1.0,1.0,0.8359180173416115,1.0,0.0,1.0,1.0,0.8237243804192536
3916,5733be765824e1f33,True,,,,,,,,,,1.0,1.0,1.0,1.0,0.7262782456208252,1.0,1.0,1.0,0.0,0.7894619517565079
3917,f5d0746ef157601ff,True,,,,,,,,,,1.0,1.0,1.0,1.0,0.5015338016440692,1.0,1.0,1.0,0.0,0.7192293130137717
3918,ecccff94c00a6bd77,True,,,,,,,,,,0.0,1.0,1.0,1.0,1.0,0.0,1.0,1.0,0.0,0.0
3919,cdc8eba66ee1c79b4,True,,,,,,,,,,1.0,1.0,1.0,0.0,1.0,1.0,1.0,1.0,0.0,0.0
3920,9ce594d7aea2ad542,True,,,,,,,,,,0.0,1.0,1.0,1.0,0.6562341727037724,0.0,1.0,1.0,1.0,0.0
3921,023850d442fe9ca21,True,,,,,,,,,,1.0,1.0,1.0,1.0,0.7800176504934578,1.0,1.0,1.0,1.0,0.9312555157792055
3922,09fa01cf920102b53,True,,,,,,,,,,1.0,1.0,1.0,1.0,0.5627485442339952,1.0,1.0,1.0,0.0,0.7383589200731235
3923,bafac7b272b09ff2d,True,,,,,,,,,,1.0,1.0,1.0,1.0,0.7499363740121955,1.0,1.0,1.0,1.0,0.921855116878811
3924,a387296016f95192a,True,,,,,,,,,,1.0,1.0,1.0,1.0,0.7429101072113853,1.0,1.0,1.0,1.0,0.9196594085035579
3925,4010ab91841da1843,True,,,,,,,,,,1.0,1.0,1.0,1.0,0.5978974294000245,1.0,1.0,1.0,1.0,0.8743429466875077
3926,2ec229f35727f71c8,True,,,,,,,,,,1.0,1.0,1.0,1.0,1.0,1.0,0.0,0.0,0.0,0.625
3927,7b43da672e8898362,True,,,,,,,,,,1.0,1.0,0.0,1.0,1.0,1.0,0.0,1.0,1.0,0.0
3928,b36cff254193955cf,True,,,,,,,,,,1.0,1.0,1.0,1.0,0.5534766742890735,1.0,1.0,1.0,0.0,0.7354614607153355
3929,3e6a2a1cb427bfc4d,True,,,,,,,,,,1.0,1.0,0.5,1.0,1.0,1.0,0.0,1.0,0.0,0.375
3930,7b24f810cbd1a8c5a,True,,,,,,,,,,0.0,1.0,0.5,1.0,1.0,0.0,0.0,1.0,1.0,0.0
3931,226f8f3910e177d34,True,,,,,,,,,,1.0,1.0,1.0,1.0,0.6185519575992003,1.0,1.0,1.0,1.0,0.8807974867497501
3932,e7892fb2f09de2723,True,,,,,,,,,,0.0,1.0,1.0,1.0,1.0,0.0,1.0,1.0,0.0,0.0
3933,a94bc6fc5f5d03f39,True,,,,,,,,,,1.0,1.0,0.0,1.0,1.0,1.0,0.0,1.0,0.0,0.0
3934,c4a613ef81174337b,True,,,,,,,,,,1.0,0.0,0.5,1.0,1.0,1.0,0.0,1.0,1.0,0.0
3935,3fcd46f80ab00b6e6,True,,,,,,,,,,1.0,0.0,1.0,1.0,0.6409066708046788,0.0,0.0,1.0,1.0,0.0
3936,6029879ac957933a1,True,,,,,,,,,,1.0,1.0,1.0,1.0,0.776638959906852,1.0,1.0,1.0,0.0,0.8051996749708913
3937,6c9c8eacefc209d52,True,,,,,,,,,,1.0,1.0,1.0,1.0,0.6181272683559251,1.0,1.0,1.0,1.0,0.8806647713612266
3938,0dd2f5f325ca3c02e,True,,,,,,,,,,1.0,1.0,1.0,1.0,0.4059364728914008,1.0,1.0,1.0,1.0,0.8143551477785628
3939,ab09d2e92f141236c,True,,,,,,,,,,0.0,1.0,0.0,1.0,1.0,0.0,0.0,1.0,0.0,0.0
3940,2cb233c37065ae18d,True,,,,,,,,,,1.0,1.0,1.0,1.0,0.819079847046249,1.0,0.0,1.0,1.0,0.8184624522019528
3941,786b8a8821747f0ce,True,,,,,,,,,,1.0,1.0,0.5,1.0,1.0,1.0,0.0,1.0,1.0,0.4375
3942,f36b1891f8fcc499d,True,,,,,,,,,,1.0,1.0,1.0,1.0,1.0,1.0,1.0,1.0,1.0,1.0
3943,c9c198442a1efdc10,True,,,,,,,,,,1.0,1.0,1.0,1.0,0.32197383584579264,1.0,0.0,1.0,0.0,0.5381168237018101
3944,e7d365382ac482e2f,True,,,,,,,,,,1.0,1.0,1.0,1.0,1.0,1.0,1.0,1.0,1.0,1.0
3945,e98e051c6f03d55bd,True,,,,,,,,,,1.0,1.0,1.0,1.0,0.9111426722999266,1.0,1.0,1.0,0.0,0.847232085093727
3946,2c09013af79e257fd,True,,,,,,,,,,1.0,1.0,1.0,1.0,0.7719803235368797,1.0,1.0,1.0,0.0,0.8037438511052749
3947,2a1dc6975af402aa9,True,,,,,,,,,,1.0,1.0,1.0,1.0,0.7789257237849277,1.0,0.0,1.0,0.0,0.6809142886827899
3948,226e200de1c94187e,True,,,,,,,,,,1.0,1.0,0.5,1.0,1.0,1.0,0.0,1.0,1.0,0.4375
3949,bccd8c64fe9f7bd3b,True,,,,,,,,,,1.0,1.0,1.0,0.0,1.0,1.0,1.0,1.0,1.0,0.0
3950,fb498b2bdc72e8f69,True,,,,,,,,,,0.0,1.0,1.0,1.0,1.0,0.0,1.0,1.0,1.0,0.0
3951,57e7f219c88ab8fe0,True,,,,,,,,,,1.0,1.0,1.0,1.0,1.0,1.0,1.0,1.0,0.0,0.875
3952,6ab786f972b45ffe0,True,,,,,,,,,,1.0,1.0,1.0,1.0,0.0680402839556358,1.0,1.0,1.0,0.0,0.5837625887361362
3953,3eeb39076cf2c1547,True,,,,,,,,,,0.0,1.0,1.0,1.0,1.0,0.0,1.0,1.0,1.0,0.0
3954,8f8fa607cf20ce163,True,,,,,,,,,,1.0,1.0,1.0,1.0,0.7883520990493668,1.0,1.0,1.0,1.0,0.9338600309529271
3955,10934089f8b5ef276,True,,,,,,,,,,1.0,1.0,1.0,1.0,0.5872542426735008,1.0,0.0,1.0,0.0,0.621016950835469
3956,d0aa7f48f651d0e51,True,,,,,,,,,,1.0,1.0,1.0,1.0,1.0,1.0,1.0,1.0,0.0,0.875
3957,0a74d996f43c7783c,True,,,,,,,,,,1.0,0.0,1.0,1.0,1.0,1.0,1.0,1.0,1.0,0.0
3958,891736e00076f8901,True,,,,,,,,,,1.0,1.0,1.0,1.0,0.27716854048466394,1.0,1.0,1.0,1.0,0.7741151689014575
3959,cdb80903b75b86325,True,,,,,,,,,,1.0,1.0,1.0,1.0,0.9423472083346902,1.0,1.0,1.0,1.0,0.9819835026045907
3960,e3be3af3b3213f65e,True,,,,,,,,,,0.0,1.0,1.0,1.0,1.0,0.0,0.0,1.0,1.0,0.0
3961,c28f4287e75996da4,True,,,,,,,,,,1.0,0.0,1.0,1.0,1.0,1.0,0.0,1.0,1.0,0.0
3962,2aa8f5678f71648b6,True,,,,,,,,,,1.0,1.0,1.0,1.0,0.9442591867769919,1.0,1.0,1.0,1.0,0.98258099586781
3963,18087593f1147e61f,True,,,,,,,,,,1.0,1.0,1.0,1.0,0.016893114960526603,1.0,1.0,1.0,0.0,0.5677790984251645
3964,50dcee9926ded132e,True,,,,,,,,,,1.0,1.0,1.0,1.0,0.8043635066918898,1.0,0.0,1.0,0.0,0.6888635958412156
3965,e2f2c32fd3d5f5d35,True,,,,,,,,,,0.0,1.0,0.0,1.0,1.0,0.0,0.0,1.0,0.0,0.0
3966,014c92e4c2718adf8,True,,,,,,,,,,1.0,1.0,1.0,1.0,0.8718081878452758,1.0,1.0,1.0,1.0,0.9599400587016487
3967,87b0f0681dc28e308,True,,,,,,,,,,1.0,1.0,1.0,1.0,0.698580426366033,1.0,1.0,1.0,1.0,0.9058063832393853
3968,213fb1c5f3fda924e,True,,,,,,,,,,1.0,1.0,0.0,1.0,1.0,1.0,0.0,1.0,1.0,0.0
3969,2f18d7c845a84a85c,True,,,,,,,,,,1.0,1.0,1.0,1.0,0.9200925354772385,1.0,1.0,1.0,1.0,0.975028917336637
3970,ae529a342a5742720,True,,,,,,,,,,1.0,1.0,1.0,1.0,0.830396640616359,1.0,0.0,1.0,1.0,0.8219989501926122
3971,733dab2043d02d8e3,True,,,,,,,,,,1.0,1.0,1.0,1.0,0.19457265299449994,1.0,1.0,1.0,0.0,0.6233039540607812
3972,530a28f5b73e11f66,True,,,,,,,,,,1.0,1.0,1.0,1.0,1.0,1.0,1.0,1.0,1.0,1.0
3973,4bd3930751899054f,True,,,,,,,,,,1.0,1.0,1.0,1.0,0.63531076266575,1.0,0.0,1.0,1.0,0.7610346133330469
3974,c8b4a00f0d379d88a,True,,,,,,,,,,1.0,1.0,1.0,1.0,1.0,1.0,1.0,1.0,1.0,1.0
3975,9d72bed8e095c9a05,True,,,,,,,,,,1.0,0.0,1.0,1.0,0.6434238925224823,1.0,1.0,0.0,0.0,0.0
3976,063ea0d49748630a5,True,,,,,,,,,,1.0,1.0,1.0,1.0,0.86020969358419,1.0,1.0,1.0,1.0,0.9563155292450594
3977,6d8d91ad290f124b2,True,,,,,,,,,,1.0,1.0,1.0,1.0,0.6551087103661105,1.0,0.0,1.0,1.0,0.7672214719894095
3978,0cd9ea86052a0b8e1,True,,,,,,,,,,1.0,1.0,1.0,1.0,0.7151773927056143,1.0,1.0,1.0,1.0,0.9109929352205045
3979,d07109d7827c6eace,True,,,,,,,,,,1.0,1.0,1.0,1.0,0.7199411513374097,1.0,1.0,0.0,1.0,0.7874816097929405
3980,7427abf44bb60ffa4,True,,,,,,,,,,1.0,1.0,1.0,1.0,0.6824808436937604,1.0,1.0,1.0,0.0,0.7757752636543
3981,b592db40b4ae7d08c,True,,,,,,,,,,1.0,1.0,1.0,1.0,0.7634661951422552,1.0,0.0,1.0,1.0,0.8010831859819547
3982,4479be8eef64a3460,True,,,,,,,,,,1.0,1.0,1.0,1.0,0.5205899140152612,1.0,1.0,1.0,1.0,0.8501843481297691
3983,50268da879011f241,True,,,,,,,,,,1.0,0.0,1.0,1.0,1.0,1.0,1.0,1.0,0.0,0.0
3984,40a1b839fda812527,True,,,,,,,,,,1.0,1.0,1.0,1.0,1.0,1.0,1.0,1.0,1.0,1.0
3985,0eea2180fbf7c0949,True,,,,,,,,,,1.0,1.0,1.0,1.0,0.3886475479505017,1.0,0.0,1.0,0.0,0.5589523587345318
3986,bf42260856c674066,True,,,,,,,,,,0.0,1.0,1.0,1.0,1.0,0.0,0.0,1.0,0.0,0.0
3987,a863c3cc5f754b2b4,True,,,,,,,,,,1.0,1.0,1.0,1.0,0.5850359966486621,1.0,1.0,1.0,1.0,0.8703237489527069
3988,ef43f59a6f819d9a6,True,,,,,,,,,,1.0,0.0,1.0,1.0,0.4166922363811648,1.0,1.0,1.0,0.0,0.0
3989,441af8c8c4d582d12,True,,,,,,,,,,1.0,1.0,1.0,1.0,1.0,1.0,0.0,1.0,1.0,0.875
3990,152d958486f2526ce,True,,,,,,,,,,1.0,1.0,0.0,1.0,0.8555081191863194,1.0,0.0,1.0,1.0,0.0
3991,4784832b9639547d6,True,,,,,,,,,,1.0,1.0,1.0,1.0,0.9100322642013462,1.0,1.0,1.0,1.0,0.9718850825629206
3992,a69e816127208136c,True,,,,,,,,,,1.0,1.0,1.0,1.0,0.8159139614072847,1.0,0.0,1.0,1.0,0.8174731129397765
3993,246a9b54a485510a5,True,,,,,,,,,,0.0,1.0,1.0,1.0,1.0,0.0,1.0,1.0,0.0,0.0
3994,b3e74e5b534575941,True,,,,,,,,,,1.0,1.0,1.0,1.0,0.3461738583013478,1.0,1.0,1.0,1.0,0.7956793307191712
3995,fc50c3e2408f9caad,True,,,,,,,,,,1.0,0.0,0.0,1.0,1.0,1.0,0.0,1.0,0.0,0.0
3996,6e7525ff98599366a,True,,,,,,,,,,1.0,1.0,1.0,1.0,0.9615786477704554,1.0,0.0,1.0,1.0,0.8629933274282673
3997,aa52fd60e4fa0f00c,True,,,,,,,,,,1.0,1.0,1.0,1.0,0.5742080024711351,1.0,1.0,1.0,1.0,0.8669400007722297
3998,362376a65fe8ca576,True,,,,,,,,,,1.0,1.0,1.0,1.0,0.5277336108392984,1.0,0.0,1.0,1.0,0.7274167533872807
3999,b3597b197644a67ba,True,,,,,,,,,,1.0,1.0,1.0,1.0,0.6465388074699223,1.0,1.0,1.0,1.0,0.8895433773343507
4000,492bf2330bca28ca8,True,,,,,,,,,,1.0,1.0,1.0,1.0,0.6764990396670186,1.0,1.0,1.0,0.0,0.7739059498959433
4001,3b3f6182f292aea44,True,,,,,,,,,,1.0,1.0,1.0,1.0,0.547532624845541,1.0,1.0,1.0,0.0,0.7336039452642316
4002,3e0f957bf14b2d2d9,True,,,,,,,,,,1.0,1.0,1.0,1.0,0.7148853208860421,1.0,0.0,1.0,0.0,0.6609016627768881
4003,abeae7488b509687d,True,,,,,,,,,,1.0,1.0,0.5,1.0,0.8720272933780002,1.0,0.0,1.0,0.0,0.35500426459031253
4004,4929156d96635caed,True,,,,,,,,,,1.0,1.0,1.0,1.0,1.0,1.0,0.0,1.0,1.0,0.875
4005,b58fa3cc9262a73d1,True,,,,,,,,,,0.0,1.0,1.0,1.0,1.0,0.0,1.0,1.0,1.0,0.0
4006,9ce715dfae40ca8c0,True,,,,,,,,,,1.0,0.0,1.0,1.0,0.8992442282633268,1.0,0.0,1.0,1.0,0.0
4007,15e9e852fea33e966,True,,,,,,,,,,1.0,0.0,1.0,1.0,1.0,1.0,1.0,1.0,1.0,0.0
4008,83d03d52f14fe2aba,True,,,,,,,,,,1.0,1.0,1.0,1.0,0.0,1.0,0.0,1.0,0.0,0.4375
4009,178157ae0466a3851,True,,,,,,,,,,0.0,1.0,1.0,1.0,1.0,0.0,1.0,1.0,1.0,0.0
4010,2a3e8710c22275361,True,,,,,,,,,,1.0,1.0,1.0,1.0,0.5255124654314305,1.0,0.0,1.0,1.0,0.726722645447322
4011,cdee605a7b8acd418,True,,,,,,,,,,1.0,1.0,1.0,1.0,0.8535371275106711,1.0,1.0,1.0,1.0,0.9542303523470848
4012,1161a45a0921d7c8e,True,,,,,,,,,,1.0,1.0,0.5,1.0,0.3745502124729385,1.0,0.0,1.0,0.0,0.27727347069889663
4013,5dfa767630b9b975d,True,,,,,,,,,,1.0,1.0,1.0,1.0,0.9521473351397843,1.0,0.0,1.0,1.0,0.8600460422311826
4014,bd7729f8ddc18f827,True,,,,,,,,,,1.0,1.0,1.0,1.0,0.6056111230670281,1.0,0.0,1.0,0.0,0.6267534759584463
4015,41dae4808025d25f5,True,,,,,,,,,,1.0,1.0,1.0,1.0,0.8400305249370295,1.0,0.0,1.0,0.0,0.7000095390428217
4016,95ef6af0cd345193e,True,,,,,,,,,,1.0,1.0,0.5,1.0,0.8918769750492294,1.0,1.0,1.0,0.0,0.4206057773514421
4017,d748c74cc9549b8fe,True,,,,,,,,,,1.0,1.0,1.0,1.0,0.968484433260282,1.0,1.0,1.0,0.0,0.8651513853938382
4018,9d1689f8e6d847437,True,,,,,,,,,,1.0,1.0,0.0,1.0,1.0,1.0,0.0,1.0,0.0,0.0
4019,d38c4af1d199d57d9,True,,,,,,,,,,0.0,0.0,1.0,1.0,1.0,0.0,1.0,1.0,0.0,0.0
4020,76385bcb475cc16b8,True,,,,,,,,,,0.0,1.0,1.0,1.0,1.0,0.0,1.0,0.0,0.0,0.0
4021,e7a9f463ef537b333,True,,,,,,,,,,1.0,1.0,1.0,1.0,1.0,1.0,1.0,1.0,1.0,1.0
4022,b9d6d6e0f1c629518,True,,,,,,,,,,1.0,0.0,1.0,1.0,1.0,1.0,1.0,1.0,1.0,0.0
4023,e569c39fb04197d73,True,,,,,,,,,,1.0,1.0,1.0,1.0,0.28921752853949806,1.0,1.0,1.0,0.0,0.6528804776685931
4024,7133408c5a1a6f3bf,True,,,,,,,,,,1.0,1.0,1.0,1.0,1.0,1.0,0.0,1.0,1.0,0.875
4025,4f206a0dd84457b8a,True,,,,,,,,,,1.0,1.0,1.0,1.0,1.0,1.0,1.0,1.0,1.0,1.0
4026,0a7f7df8603204c57,True,,,,,,,,,,1.0,1.0,1.0,1.0,0.9748575521976762,1.0,1.0,1.0,1.0,0.9921429850617738
4027,5c732851fcda6c88c,True,,,,,,,,,,1.0,1.0,0.5,1.0,0.6064314789281197,1.0,0.0,1.0,0.0,0.3135049185825187
4028,703b1c2f2088dc549,True,,,,,,,,,,0.0,1.0,1.0,1.0,1.0,0.0,1.0,1.0,1.0,0.0
4029,0950505e558866cf8,True,,,,,,,,,,1.0,1.0,1.0,1.0,0.6588652612909108,1.0,0.0,1.0,1.0,0.7683953941534096
4030,6333f19e87ad08122,True,,,,,,,,,,0.0,1.0,1.0,1.0,1.0,0.0,1.0,1.0,1.0,0.0
4031,fec17ad0f4921b486,True,,,,,,,,,,1.0,1.0,1.0,1.0,0.12510388055399677,1.0,1.0,1.0,0.0,0.6015949626731241
4032,8776bb6a2a0edef8e,True,,,,,,,,,,1.0,1.0,1.0,1.0,0.7731072793587532,1.0,0.0,1.0,0.0,0.6790960247996104
4033,fd2cd8e0a11510837,True,,,,,,,,,,1.0,0.0,1.0,1.0,0.5264766809699397,1.0,0.0,1.0,0.0,0.0
4034,a5905de8a4fa82e21,True,,,,,,,,,,1.0,1.0,1.0,1.0,0.7145150014511154,1.0,1.0,1.0,1.0,0.9107859379534735
4035,5421fa2f2e2b4cb13,True,,,,,,,,,,1.0,1.0,1.0,1.0,0.9120472322360363,1.0,0.0,1.0,1.0,0.8475147600737614
4036,d20185ecb7a02769a,True,,,,,,,,,,1.0,1.0,1.0,1.0,1.0,1.0,1.0,1.0,1.0,1.0
4037,0fc796582943bab81,True,,,,,,,,,,1.0,0.0,1.0,1.0,0.8118400590260658,1.0,1.0,1.0,1.0,0.0
4038,60d2e82730e16c5a0,True,,,,,,,,,,1.0,0.0,0.0,1.0,1.0,1.0,0.0,1.0,0.0,0.0
4039,bee9d6dc42a9d273c,True,,,,,,,,,,1.0,1.0,1.0,1.0,1.0,1.0,1.0,1.0,0.0,0.875
4040,14e4693cf0f1e04ff,True,,,,,,,,,,1.0,1.0,1.0,1.0,1.0,0.0,0.0,1.0,0.0,0.4375
4041,86275551f43e6b105,True,,,,,,,,,,0.0,1.0,1.0,1.0,1.0,0.0,0.0,1.0,1.0,0.0
4042,b126b5cfaa1f25e61,True,,,,,,,,,,1.0,1.0,1.0,1.0,0.7809992966290328,1.0,1.0,1.0,1.0,0.9315622801965727
4043,d131d95c5bdd01f16,True,,,,,,,,,,1.0,1.0,1.0,1.0,0.49816863505141135,1.0,1.0,1.0,0.0,0.718177698453566
4044,8709b2e277d0597b6,True,,,,,,,,,,1.0,1.0,1.0,1.0,1.0,1.0,1.0,1.0,1.0,1.0
4045,9142b4f8d76f38072,True,,,,,,,,,,1.0,0.0,1.0,1.0,0.577889919775898,1.0,0.0,1.0,1.0,0.0
4046,28d6fffc098e43af8,True,,,,,,,,,,1.0,1.0,1.0,0.0,1.0,1.0,0.0,1.0,1.0,0.0
4047,170cbe90db917432e,True,,,,,,,,,,1.0,1.0,1.0,1.0,0.8311352921098325,1.0,0.0,1.0,1.0,0.8222297787843227
4048,7a934a0d58b6d113b,True,,,,,,,,,,0.0,1.0,1.0,1.0,1.0,0.0,1.0,0.0,0.0,0.0
4049,8d6032130dcaff306,True,,,,,,,,,,1.0,0.0,0.5,1.0,1.0,1.0,0.0,0.0,0.0,0.0
4050,d25e0e0e384818845,True,,,,,,,,,,1.0,1.0,1.0,1.0,1.0,0.0,1.0,1.0,0.0,0.5625
4051,188fef8a871d3bb74,True,,,,,,,,,,0.0,1.0,1.0,1.0,1.0,0.0,1.0,1.0,0.0,0.0
4052,9ac59d12e61e3b3ff,True,,,,,,,,,,1.0,1.0,1.0,1.0,0.5264515406720054,1.0,1.0,0.0,1.0,0.7270161064600017
4053,2df81c34dac0b3f5c,True,,,,,,,,,,1.0,1.0,1.0,1.0,0.2602428102374726,1.0,1.0,1.0,0.0,0.6438258781992101
4054,51468624f84655cc2,True,,,,,,,,,,1.0,1.0,1.0,1.0,0.9832423245260528,1.0,1.0,1.0,0.0,0.8697632264143915
4055,54474c2dd7ecfcc29,True,,,,,,,,,,1.0,0.0,1.0,1.0,1.0,1.0,1.0,1.0,1.0,0.0
4056,8f6e1b2f271bab9a1,True,,,,,,,,,,1.0,1.0,1.0,1.0,0.0,1.0,0.0,1.0,1.0,0.5625
4057,f7ae88aefcd8f251e,True,,,,,,,,,,1.0,1.0,0.5,1.0,1.0,1.0,0.0,1.0,0.0,0.375
4058,16d22cc23e0b4cce8,True,,,,,,,,,,0.0,0.0,1.0,1.0,1.0,0.0,0.0,0.0,0.0,0.0
4059,1b3141d6d2c2b651a,True,,,,,,,,,,1.0,1.0,1.0,1.0,0.725265156079417,1.0,1.0,1.0,0.0,0.7891453612748178
4060,7a574ea5511afe40d,True,,,,,,,,,,1.0,1.0,1.0,1.0,0.7651680997993534,1.0,0.0,1.0,1.0,0.8016150311872979
4061,814fa66e0a997a168,True,,,,,,,,,,1.0,0.0,1.0,1.0,1.0,1.0,0.0,1.0,0.0,0.0
4062,9eb568210e6566dd5,True,,,,,,,,,,1.0,1.0,1.0,1.0,0.5742414711465501,1.0,1.0,1.0,1.0,0.8669504597332969
4063,1fb46d16a4f179ce1,True,,,,,,,,,,1.0,1.0,0.0,1.0,1.0,1.0,0.0,1.0,1.0,0.0
4064,32e9d651acdfc8f82,True,,,,,,,,,,1.0,1.0,1.0,1.0,0.6532502659331654,1.0,0.0,1.0,0.0,0.6416407081041142
4065,0f4373d1811c9ca90,True,,,,,,,,,,1.0,1.0,1.0,1.0,0.7618874326417394,1.0,0.0,0.0,0.0,0.5505898227005436
4066,6d11863653324dee3,True,,,,,,,,,,0.0,1.0,1.0,1.0,1.0,0.0,0.0,1.0,1.0,0.0
4067,7af1b1dbb5689cb43,True,,,,,,,,,,1.0,1.0,1.0,1.0,0.41747943937984305,1.0,1.0,1.0,0.0,0.6929623248062009
4068,c0581b1e56946d6c1,True,,,,,,,,,,0.0,1.0,1.0,1.0,0.37305775433222155,0.0,0.0,1.0,1.0,0.0
4069,23406e65760566ef1,True,,,,,,,,,,1.0,1.0,1.0,1.0,0.6652265087097678,1.0,1.0,1.0,0.0,0.7703832839718024
4070,8ec2f225bd1ccc3ff,True,,,,,,,,,,1.0,1.0,1.0,1.0,0.7828366312821576,1.0,0.0,1.0,1.0,0.8071364472756742
4071,6947b69561a94404d,True,,,,,,,,,,1.0,1.0,1.0,1.0,1.0,1.0,0.0,1.0,0.0,0.75
4072,402ed0d50f8b2ce26,True,,,,,,,,,,1.0,1.0,1.0,1.0,0.6223048034357691,1.0,1.0,1.0,1.0,0.8819702510736779
4073,1a5fb4f0990893f71,True,,,,,,,,,,1.0,1.0,1.0,1.0,1.0,0.0,1.0,1.0,0.0,0.5625
4074,45a4165a206b0969b,True,,,,,,,,,,1.0,1.0,1.0,1.0,0.33666587541004583,1.0,0.0,1.0,1.0,0.6677080860656393
4075,5e199a678c61e376a,True,,,,,,,,,,1.0,1.0,1.0,1.0,0.9522857343130999,1.0,0.0,1.0,1.0,0.8600892919728438
4076,a33343b83ce194f89,True,,,,,,,,,,1.0,1.0,1.0,1.0,0.33819100917078543,1.0,1.0,1.0,1.0,0.7931846903658705
4077,bb6f79a8768f43fd9,True,,,,,,,,,,1.0,1.0,1.0,1.0,0.4735601751621073,1.0,1.0,1.0,1.0,0.8354875547381585
4078,0517c552242d8cb70,True,,,,,,,,,,1.0,1.0,1.0,1.0,0.8563450127154061,1.0,1.0,1.0,1.0,0.9551078164735645
4079,d9437c8464c89be5d,True,,,,,,,,,,1.0,1.0,1.0,1.0,1.0,1.0,1.0,1.0,0.0,0.875
4080,c4bb99fe9ff474e51,True,,,,,,,,,,1.0,1.0,1.0,1.0,0.9009965252084015,1.0,1.0,1.0,1.0,0.9690614141276255
4081,59223499b6e8a12d6,True,,,,,,,,,,1.0,1.0,0.5,1.0,0.750213421788126,1.0,1.0,1.0,0.0,0.3984708471543947
4082,071e35b1661da1366,True,,,,,,,,,,1.0,1.0,1.0,1.0,0.2437404923659419,1.0,0.0,1.0,0.0,0.5136689038643568
4083,e135d049b4587c212,True,,,,,,,,,,1.0,1.0,1.0,1.0,0.9025670380006815,1.0,0.0,1.0,1.0,0.844552199375213
4084,265a501fe44eb4a2e,True,,,,,,,,,,1.0,1.0,1.0,1.0,0.44948138310005903,1.0,0.0,1.0,0.0,0.5779629322187685
4085,14f7e3a226b0e16d8,True,,,,,,,,,,1.0,1.0,1.0,1.0,1.0,1.0,1.0,1.0,0.0,0.875
4086,47fc4c6fd21e44379,True,,,,,,,,,,1.0,1.0,1.0,1.0,0.6532230917876826,1.0,1.0,1.0,0.0,0.7666322161836507
4087,1cba72845abd54b1e,True,,,,,,,,,,1.0,1.0,1.0,1.0,0.8690244785871624,1.0,0.0,1.0,1.0,0.8340701495584882
4088,81d9160bc76331523,True,,,,,,,,,,1.0,0.0,1.0,1.0,0.7813358212889832,1.0,0.0,1.0,1.0,0.0
4089,9751b7e09b5514dd3,True,,,,,,,,,,0.0,1.0,1.0,1.0,1.0,0.0,1.0,1.0,1.0,0.0
4090,85102a1c7b55bc154,True,,,,,,,,,,1.0,0.0,1.0,1.0,0.36993245376485595,1.0,1.0,1.0,0.0,0.0
4091,71f3d5ae763258af7,True,,,,,,,,,,1.0,1.0,1.0,1.0,0.672029421908561,1.0,0.0,1.0,0.0,0.6475091943464253
4092,be30a0caa3e19507e,True,,,,,,,,,,0.0,1.0,1.0,1.0,1.0,0.0,1.0,1.0,1.0,0.0
4093,c99bfe933875f63e0,True,,,,,,,,,,1.0,0.0,1.0,1.0,0.9225061949019545,1.0,1.0,1.0,0.0,0.0
4094,161046c98f6b78205,True,,,,,,,,,,1.0,1.0,0.5,1.0,1.0,1.0,0.0,1.0,0.0,0.375
4095,c8d8656019a0cad0e,True,,,,,,,,,,1.0,1.0,1.0,1.0,0.7613344928402509,1.0,1.0,1.0,1.0,0.9254170290125784
4096,67bddd305e7735344,True,,,,,,,,,,1.0,1.0,1.0,1.0,0.8308845172455888,1.0,1.0,1.0,1.0,0.9471514116392465
4097,175f019927da9929a,True,,,,,,,,,,1.0,0.0,1.0,1.0,0.30820149931816193,1.0,1.0,1.0,0.0,0.0
4098,c1f2006b4745c21bc,True,,,,,,,,,,1.0,1.0,1.0,1.0,0.6384393545882285,1.0,1.0,1.0,1.0,0.8870122983088214
4099,363ef196e8503db27,True,,,,,,,,,,1.0,1.0,1.0,1.0,0.4786754656211715,1.0,1.0,1.0,1.0,0.8370860830066161
4100,5d16842470d67d7aa,True,,,,,,,,,,1.0,1.0,1.0,1.0,1.0,1.0,1.0,1.0,1.0,1.0
4101,07bad7098a8e98783,True,,,,,,,,,,0.0,1.0,1.0,1.0,1.0,0.0,1.0,1.0,1.0,0.0
4102,2a862303c565d9ca9,True,,,,,,,,,,1.0,1.0,1.0,1.0,0.9608981431183847,1.0,0.0,1.0,0.0,0.7377806697244953
4103,061d3699e77f9817a,True,,,,,,,,,,1.0,1.0,1.0,1.0,0.7298029420032076,1.0,1.0,1.0,0.0,0.7905634193760024
4104,eb251433c13f5a4f2,True,,,,,,,,,,1.0,0.0,1.0,1.0,1.0,1.0,0.0,1.0,0.0,0.0
4105,72596b62f23cfe8b5,True,,,,,,,,,,1.0,1.0,1.0,1.0,0.9000387582633604,1.0,1.0,1.0,0.0,0.8437621119573001
4106,7f153f8005d6de1fa,True,,,,,,,,,,1.0,0.0,1.0,1.0,1.0,1.0,0.0,1.0,0.0,0.0
4107,8d07721cee604c720,True,,,,,,,,,,1.0,1.0,1.0,1.0,0.6182238894037501,1.0,1.0,1.0,0.0,0.7556949654386719
4108,1cc09e6291c8fd8b7,True,,,,,,,,,,1.0,1.0,1.0,1.0,0.5460477803058674,1.0,1.0,1.0,0.0,0.7331399313455835
4109,fd26db12e49fe9b3e,True,,,,,,,,,,1.0,1.0,0.0,1.0,1.0,1.0,0.0,1.0,1.0,0.0
4110,526b43badebf3eca2,True,,,,,,,,,,1.0,0.0,0.0,1.0,1.0,1.0,0.0,1.0,0.0,0.0
4111,d41d6a2f8fae47904,True,,,,,,,,,,1.0,1.0,1.0,1.0,0.06290226878161234,1.0,1.0,1.0,1.0,0.7071569589942539
4112,697d22c3f19ab6820,True,,,,,,,,,,1.0,1.0,1.0,1.0,0.7148244114655021,1.0,0.0,1.0,0.0,0.6608826285829694
4113,fd0901032c45b4e62,True,,,,,,,,,,1.0,1.0,1.0,1.0,0.3466423559974346,1.0,1.0,1.0,1.0,0.7958257362491983
4114,93f8dde94dbff4d7d,True,,,,,,,,,,1.0,1.0,1.0,1.0,0.40043065629898217,1.0,1.0,1.0,1.0,0.8126345800934319
4115,9330871bc582e7f96,True,,,,,,,,,,1.0,1.0,1.0,1.0,0.8133627833542931,1.0,0.0,1.0,0.0,0.6916758697982166
4116,0ab9b133a9d7aad86,True,,,,,,,,,,1.0,0.0,1.0,1.0,1.0,1.0,0.0,1.0,0.0,0.0
4117,1e6601c658eba890a,True,,,,,,,,,,1.0,1.0,1.0,1.0,0.07995047343430746,1.0,1.0,1.0,1.0,0.7124845229482211
4118,bda9a328490cd8105,True,,,,,,,,,,0.5,1.0,1.0,1.0,0.7489612264481205,0.0,1.0,1.0,0.0,0.24202519163251882
4119,09b94e3a221caebb6,True,,,,,,,,,,1.0,1.0,0.5,1.0,1.0,1.0,0.0,1.0,0.0,0.375
4120,18ab088dbc07aa471,True,,,,,,,,,,1.0,1.0,1.0,1.0,0.5031825071417,1.0,1.0,1.0,0.0,0.7197445334817812
4121,4330e2204831576d7,True,,,,,,,,,,1.0,1.0,1.0,1.0,0.6970559971011684,1.0,0.0,1.0,0.0,0.6553299990941152
4122,faa4f514f8d862142,True,,,,,,,,,,0.0,1.0,1.0,1.0,1.0,0.0,1.0,1.0,0.0,0.0
4123,5e35c45c67a83ec9a,True,,,,,,,,,,1.0,1.0,1.0,1.0,0.777639074781114,1.0,1.0,1.0,0.0,0.8055122108690982
4124,699fb67837db96cea,True,,,,,,,,,,1.0,1.0,1.0,1.0,1.0,1.0,0.0,1.0,1.0,0.875
4125,bf56d797d033f36bd,True,,,,,,,,,,1.0,1.0,1.0,1.0,0.4401388726790307,1.0,1.0,1.0,0.0,0.7000433977121971
4126,860bdda18ca280ead,True,,,,,,,,,,1.0,0.0,0.0,1.0,1.0,1.0,0.0,1.0,0.0,0.0
4127,02a940e77418c19bc,True,,,,,,,,,,1.0,1.0,1.0,1.0,0.9838095611574172,1.0,1.0,1.0,0.0,0.8699404878616929
4128,10e8a0c218db15652,True,,,,,,,,,,1.0,1.0,1.0,1.0,1.0,1.0,0.0,1.0,1.0,0.875
4129,5d499c9197211c7e4,True,,,,,,,,,,0.0,1.0,1.0,1.0,1.0,0.0,0.0,1.0,0.0,0.0
4130,91c1ae75902e09e0c,True,,,,,,,,,,1.0,1.0,1.0,1.0,0.94423075748707,1.0,1.0,1.0,1.0,0.9825721117147094
4131,b4f924a8633b4e666,True,,,,,,,,,,0.5,1.0,1.0,1.0,1.0,0.0,1.0,1.0,0.0,0.28125
4132,1fe4ed0aea2c3ed33,True,,,,,,,,,,1.0,0.0,1.0,1.0,1.0,1.0,1.0,1.0,1.0,0.0
4133,4a5ea5d6a2735531c,True,,,,,,,,,,1.0,1.0,1.0,1.0,0.9610712215386943,1.0,0.0,1.0,1.0,0.862834756730842
4134,6b7399dbbb307ddfb,True,,,,,,,,,,1.0,1.0,1.0,1.0,0.1426863763531114,1.0,1.0,1.0,1.0,0.7320894926103474
4135,6407b45b597b1c340,True,,,,,,,,,,1.0,1.0,1.0,1.0,1.0,1.0,0.0,1.0,0.0,0.75
4136,c6e091204feb3069c,True,,,,,,,,,,1.0,1.0,1.0,1.0,0.6276431298055144,1.0,0.0,1.0,0.0,0.6336384780642232
4137,886484d2bedf04b15,True,,,,,,,,,,1.0,0.0,1.0,1.0,0.7452588192716373,1.0,1.0,1.0,1.0,0.0
4138,4c0a5d617a08c1e9e,True,,,,,,,,,,1.0,1.0,1.0,1.0,0.28373646628933785,1.0,1.0,1.0,1.0,0.7761676457154181
4139,819c74509b391434b,True,,,,,,,,,,1.0,1.0,1.0,1.0,0.8303108774369915,1.0,0.0,1.0,0.0,0.6969721491990599
4140,25afbc08ad962c6cd,True,,,,,,,,,,1.0,1.0,1.0,1.0,1.0,1.0,1.0,1.0,1.0,1.0
4141,5d8640ad77a995a45,True,,,,,,,,,,1.0,1.0,1.0,1.0,0.5282104700464034,1.0,1.0,1.0,0.0,0.727565771889501
4142,d0bc7d7a692a6b0e9,True,,,,,,,,,,0.0,1.0,1.0,1.0,1.0,0.0,1.0,1.0,1.0,0.0
4143,16e1819d7d9d5f11d,True,,,,,,,,,,1.0,1.0,0.5,1.0,0.7222277181067687,1.0,1.0,1.0,1.0,0.45659808095418264
4144,8b4f3b5980bf21a3b,True,,,,,,,,,,1.0,1.0,1.0,1.0,0.6180538315816154,1.0,1.0,1.0,1.0,0.8806418223692548
4145,9a2c6392ddbd1a611,True,,,,,,,,,,1.0,1.0,1.0,1.0,0.6555505874156744,1.0,1.0,1.0,1.0,0.8923595585673982
4146,0a61ab78c3fb6fbe9,True,,,,,,,,,,0.0,1.0,1.0,1.0,1.0,0.0,1.0,1.0,1.0,0.0
4147,50b922840407a0340,True,,,,,,,,,,1.0,1.0,0.5,1.0,0.6210131929813287,1.0,1.0,1.0,1.0,0.4407833114033326
4148,9feb421ac284e987e,True,,,,,,,,,,1.0,1.0,1.0,1.0,0.657505942118338,1.0,1.0,1.0,0.0,0.7679706069119806
4149,b9d5b5bb73e875bc3,True,,,,,,,,,,1.0,1.0,1.0,1.0,0.7511740627113933,1.0,1.0,1.0,1.0,0.9222418945973104
4150,042bf7d6a0f98a104,True,,,,,,,,,,1.0,1.0,0.5,1.0,0.8371837565865922,1.0,0.0,1.0,1.0,0.41205996196665506
4151,531e4c58eeca959a5,True,,,,,,,,,,1.0,1.0,0.5,1.0,0.8217234202878392,1.0,0.0,1.0,1.0,0.40964428441997486
4152,a1ff65c462fb19548,True,,,,,,,,,,1.0,1.0,0.5,1.0,0.8555620676383119,1.0,1.0,1.0,1.0,0.47743157306848627
4153,d16bc6d48c2d674bc,True,,,,,,,,,,1.0,1.0,0.5,1.0,1.0,1.0,0.0,1.0,1.0,0.4375
4154,1282ea8855e3dab29,True,,,,,,,,,,1.0,1.0,1.0,1.0,1.0,1.0,1.0,1.0,0.0,0.875
4155,83316d588a0204528,True,,,,,,,,,,1.0,0.0,1.0,1.0,1.0,1.0,1.0,1.0,1.0,0.0
4156,1909b0573a163be83,True,,,,,,,,,,1.0,1.0,1.0,1.0,0.8441379453841203,1.0,1.0,1.0,1.0,0.9512931079325376
4157,14a818e9a0e3772dd,True,,,,,,,,,,1.0,1.0,0.0,1.0,1.0,1.0,0.0,1.0,1.0,0.0
4158,dc92f82e6715ac493,True,,,,,,,,,,0.0,1.0,1.0,1.0,0.6011596583150145,0.0,0.0,1.0,0.0,0.0
4159,4c86c87d1f278b79a,True,,,,,,,,,,1.0,1.0,1.0,1.0,0.5933022752906988,1.0,1.0,1.0,1.0,0.8729069610283433
4160,b6f6daabfac4fa910,True,,,,,,,,,,1.0,1.0,1.0,1.0,1.0,0.0,1.0,1.0,1.0,0.6875
4161,2fde3a5e36412e1a9,True,,,,,,,,,,1.0,0.0,1.0,1.0,1.0,1.0,1.0,1.0,0.0,0.0
4162,dcb2510de7a9a4dfc,True,,,,,,,,,,1.0,1.0,1.0,1.0,0.16554119168993434,1.0,1.0,1.0,1.0,0.7392316224031045
4163,d44cdc5b9b4da0e54,True,,,,,,,,,,1.0,1.0,1.0,1.0,0.6748855334933661,1.0,1.0,1.0,0.0,0.7734017292166769
4164,8e653e8d9b170a7dd,True,,,,,,,,,,1.0,1.0,1.0,1.0,0.9610712215386943,1.0,0.0,1.0,1.0,0.862834756730842
4165,49922a7c280248e59,True,,,,,,,,,,1.0,1.0,1.0,1.0,0.812442829088999,1.0,1.0,1.0,1.0,0.9413883840903121
4166,e19b34f93116cdb17,True,,,,,,,,,,1.0,1.0,1.0,1.0,1.0,1.0,0.0,1.0,1.0,0.875
4167,37965fbc732bb2aaf,True,,,,,,,,,,1.0,1.0,1.0,1.0,0.5053326597494505,1.0,1.0,1.0,0.0,0.7204164561717032
4168,ff2677dc137bcd3f7,True,,,,,,,,,,1.0,1.0,1.0,1.0,0.8109200121264123,1.0,1.0,1.0,1.0,0.9409125037895039
4169,88d4924ebb1940ca0,True,,,,,,,,,,1.0,0.0,1.0,1.0,0.38578944634170487,1.0,1.0,1.0,0.0,0.0
4170,c9dca5652801c1a98,True,,,,,,,,,,1.0,1.0,0.5,1.0,0.6224267335101232,1.0,0.0,1.0,1.0,0.37850417711095674
4171,a2578379ff901794e,True,,,,,,,,,,1.0,1.0,1.0,0.0,1.0,1.0,1.0,1.0,1.0,0.0
4172,0ce555951f9b6a445,True,,,,,,,,,,1.0,1.0,1.0,1.0,0.7638059712292061,1.0,1.0,1.0,1.0,0.9261893660091269
4173,7cdfa18002444c694,True,,,,,,,,,,1.0,1.0,1.0,1.0,1.0,1.0,1.0,1.0,1.0,1.0
4174,aecd96a93af75adeb,True,,,,,,,,,,1.0,1.0,1.0,1.0,1.0,1.0,1.0,1.0,0.0,0.875
4175,5b387bb6b49ae731a,True,,,,,,,,,,1.0,1.0,1.0,1.0,0.6355940295511544,1.0,0.0,1.0,0.0,0.6361231342347358
4176,928a526fdbbdedce9,True,,,,,,,,,,0.0,1.0,1.0,1.0,1.0,0.0,1.0,1.0,1.0,0.0
4177,60bf68aa5fc67729a,True,,,,,,,,,,1.0,1.0,1.0,1.0,0.014144575559337673,1.0,1.0,1.0,1.0,0.691920179862293
4178,ff2e7e48f5ee14950,True,,,,,,,,,,1.0,1.0,0.0,1.0,1.0,1.0,0.0,1.0,0.0,0.0
4179,07095ff9932043d86,True,,,,,,,,,,0.0,1.0,1.0,1.0,1.0,0.0,1.0,1.0,0.0,0.0
4180,ae40e2e1ac7bb59ef,True,,,,,,,,,,1.0,0.0,1.0,1.0,0.8360624264827637,1.0,1.0,1.0,0.0,0.0
4181,bc91ea0c9c2963c7e,True,,,,,,,,,,1.0,1.0,1.0,1.0,0.7636512413146384,1.0,1.0,1.0,0.0,0.8011410129108245
4182,1138b571e8fbaaad9,True,,,,,,,,,,1.0,1.0,1.0,1.0,0.8560353922083539,1.0,1.0,1.0,1.0,0.9550110600651106
4183,58f91f82a3c230e1e,True,,,,,,,,,,1.0,1.0,0.0,1.0,1.0,0.0,0.0,1.0,0.0,0.0
4184,6e261442656fe6159,True,,,,,,,,,,1.0,1.0,0.5,1.0,0.652564378919149,1.0,1.0,1.0,0.0,0.38321318420611705
4185,3ee4790171e6a99ef,True,,,,,,,,,,1.0,1.0,1.0,1.0,0.7148379558821856,1.0,1.0,1.0,1.0,0.910886861213183
4186,a29cd4e306ffe1e14,True,,,,,,,,,,1.0,1.0,0.5,1.0,1.0,1.0,0.0,1.0,1.0,0.4375
4187,04d2f35c7f6db137f,True,,,,,,,,,,1.0,1.0,1.0,1.0,0.3981537154167066,0.0,1.0,1.0,1.0,0.4994230360677208
4188,3a3ec856e77a7616a,True,,,,,,,,,,1.0,1.0,1.0,1.0,0.8699850610705809,1.0,1.0,1.0,1.0,0.9593703315845565
4189,956a8bcaa1a0b0856,True,,,,,,,,,,0.0,1.0,1.0,1.0,1.0,0.0,0.0,1.0,0.0,0.0
4190,01fd6ca416dc0630c,True,,,,,,,,,,1.0,0.0,0.0,1.0,1.0,1.0,0.0,1.0,1.0,0.0
4191,b1914ef64d65f8786,True,,,,,,,,,,1.0,1.0,1.0,1.0,0.651472775455135,1.0,1.0,1.0,0.0,0.7660852423297297
4192,8568f4ee5859ce652,True,,,,,,,,,,1.0,1.0,1.0,1.0,0.323259912595687,1.0,0.0,1.0,0.0,0.5385187226861522
4193,f5714362919202c36,True,,,,,,,,,,1.0,1.0,1.0,1.0,0.6535608403148359,1.0,1.0,1.0,0.0,0.7667377625983862
4194,c73d5b941b453432b,True,,,,,,,,,,1.0,1.0,1.0,1.0,0.42691647607252386,1.0,0.0,1.0,1.0,0.6959113987726637
4195,7c5d86ba5e0d7e2a3,True,,,,,,,,,,1.0,1.0,1.0,1.0,0.5928679697465501,1.0,1.0,1.0,0.0,0.7477712405457969
4196,37f45087a3d60aaff,True,,,,,,,,,,1.0,1.0,1.0,1.0,0.8066878002527862,0.0,0.0,1.0,1.0,0.5020899375789957
4197,49d2336208d2cac37,True,,,,,,,,,,1.0,1.0,1.0,1.0,0.9921699333721913,1.0,1.0,1.0,1.0,0.9975531041788097
4198,c4724d2f7e5d62357,True,,,,,,,,,,0.0,1.0,1.0,1.0,1.0,0.0,1.0,1.0,0.0,0.0
4199,913e360242a39e667,True,,,,,,,,,,1.0,1.0,1.0,1.0,1.0,1.0,1.0,1.0,0.0,0.875
4200,c54816fcfbf2074c3,True,,,,,,,,,,1.0,1.0,1.0,1.0,0.7731046719971423,1.0,1.0,1.0,1.0,0.929095209999107
4201,0028b234cfbb35f30,True,,,,,,,,,,1.0,1.0,1.0,1.0,0.4604486339395398,1.0,1.0,1.0,1.0,0.8313901981061061
4202,1e33e12832b3a171e,True,,,,,,,,,,1.0,1.0,1.0,1.0,0.7200070822419782,1.0,0.0,1.0,1.0,0.7875022132006182
4203,e67970e73b3daa612,True,,,,,,,,,,1.0,1.0,1.0,1.0,0.9585285275290091,1.0,1.0,1.0,1.0,0.9870401648528153
4204,8124438bc47b3654f,True,,,,,,,,,,1.0,1.0,0.0,1.0,1.0,1.0,0.0,1.0,0.0,0.0
4205,b02622c8d05a2a7ab,True,,,,,,,,,,1.0,1.0,1.0,1.0,0.474583151362881,1.0,0.0,1.0,1.0,0.7108072348009002
4206,d1d090928a3c1ff44,True,,,,,,,,,,1.0,1.0,1.0,1.0,0.7586226193745481,1.0,0.0,1.0,1.0,0.7995695685545463
4207,b4a96aa4d4b538e2a,True,,,,,,,,,,1.0,1.0,0.0,1.0,1.0,1.0,0.0,1.0,1.0,0.0
4208,a56de10e58a3c3d6e,True,,,,,,,,,,0.0,0.0,1.0,1.0,1.0,0.0,1.0,1.0,0.0,0.0
4209,81e6ca0e63a415859,True,,,,,,,,,,1.0,1.0,1.0,1.0,1.0,1.0,0.0,1.0,1.0,0.875
4210,bec83a5e0a0ea8c80,True,,,,,,,,,,1.0,1.0,1.0,1.0,0.8096023025836115,1.0,0.0,1.0,1.0,0.8155007195573787
4211,20a64ca2d03e6cb72,True,,,,,,,,,,1.0,1.0,1.0,1.0,0.5917697534578569,1.0,1.0,1.0,1.0,0.8724280479555803
4212,e85bd1aab37f82bde,True,,,,,,,,,,0.0,1.0,1.0,1.0,1.0,0.0,1.0,1.0,1.0,0.0
4213,785173203974d1027,True,,,,,,,,,,1.0,1.0,1.0,1.0,1.0,1.0,0.0,1.0,0.0,0.75
4214,8dd4aa8138b3d9500,True,,,,,,,,,,0.0,1.0,1.0,0.0,1.0,0.0,0.0,1.0,1.0,0.0
4215,88d72263f1af2d277,True,,,,,,,,,,1.0,0.0,0.5,1.0,1.0,1.0,1.0,1.0,0.0,0.0
4216,73c6cac7e07b1cf4f,True,,,,,,,,,,1.0,0.0,1.0,1.0,0.6160065337005433,1.0,1.0,1.0,1.0,0.0
4217,a563e26d3cb76d239,True,,,,,,,,,,1.0,1.0,1.0,1.0,0.8176085347128054,1.0,1.0,1.0,0.0,0.8180026670977516
4218,67db9f3e12bbe8868,True,,,,,,,,,,0.0,1.0,1.0,1.0,1.0,0.0,1.0,1.0,0.0,0.0
4219,aaf11968df9ad811b,True,,,,,,,,,,1.0,1.0,1.0,1.0,1.0,1.0,0.0,1.0,1.0,0.875
4220,4fd96d4727fd67d4a,True,,,,,,,,,,1.0,1.0,1.0,1.0,0.5752510515244916,1.0,0.0,1.0,0.0,0.6172659536014036
4221,f8ca67d21e119b990,True,,,,,,,,,,1.0,1.0,1.0,1.0,1.0,1.0,0.0,1.0,1.0,0.875
4222,9686cdc1f5f01d68e,True,,,,,,,,,,0.0,1.0,1.0,1.0,1.0,0.0,1.0,1.0,1.0,0.0
4223,be077aa94f9771913,True,,,,,,,,,,1.0,1.0,1.0,0.0,1.0,1.0,0.0,1.0,0.0,0.0
4224,63e3d0d0e92dfb4d5,True,,,,,,,,,,1.0,1.0,1.0,1.0,1.0,1.0,1.0,1.0,0.0,0.875
4225,9c1c1fb7b2f09b8b6,True,,,,,,,,,,1.0,1.0,1.0,1.0,0.9460354218811217,1.0,0.0,1.0,0.0,0.7331360693378506
4226,a0b761c6ddf3b5b92,True,,,,,,,,,,1.0,1.0,1.0,1.0,0.555280006418209,1.0,0.0,1.0,0.0,0.6110250020056903
4227,7858c7e045c1ac9b5,True,,,,,,,,,,1.0,1.0,1.0,1.0,1.0,1.0,0.0,1.0,1.0,0.875
4228,7fda1bb28d64c96f0,True,,,,,,,,,,1.0,0.0,1.0,1.0,1.0,1.0,0.0,0.0,0.0,0.0
4229,e147b31afd8a5c390,True,,,,,,,,,,1.0,1.0,1.0,0.0,1.0,1.0,1.0,1.0,0.0,0.0
4230,5567f0e0a3373dbcb,True,,,,,,,,,,1.0,1.0,1.0,1.0,0.9279496065669305,1.0,0.0,1.0,1.0,0.8524842520521658
4231,8b44ee25391ad8a73,True,,,,,,,,,,1.0,1.0,1.0,1.0,1.0,1.0,1.0,1.0,1.0,1.0
4232,2732f280ebb7e46da,True,,,,,,,,,,1.0,1.0,1.0,1.0,0.7325392007223797,1.0,0.0,1.0,0.0,0.6664185002257437
4233,92454a3fd96f7dc58,True,,,,,,,,,,1.0,0.0,1.0,1.0,1.0,1.0,1.0,1.0,0.0,0.0
4234,d438ad9624b532d1a,True,,,,,,,,,,1.0,1.0,1.0,1.0,0.8586494904561289,1.0,1.0,1.0,1.0,0.9558279657675404
4235,6565c4983e9b3670b,True,,,,,,,,,,1.0,1.0,1.0,1.0,0.5985259725528609,1.0,0.0,1.0,1.0,0.749539366422769
4236,256ffb5e85a521e98,True,,,,,,,,,,1.0,1.0,1.0,1.0,0.807709940960436,1.0,0.0,1.0,1.0,0.8149093565501362
4237,c81e1b4650a6a20fd,True,,,,,,,,,,1.0,1.0,1.0,1.0,0.44866019184064043,1.0,1.0,1.0,0.0,0.7027063099502001
4238,a2aa45cf991d37699,True,,,,,,,,,,1.0,1.0,1.0,1.0,1.0,1.0,1.0,1.0,0.0,0.875
4239,8befb288003901497,True,,,,,,,,,,1.0,0.0,1.0,1.0,1.0,1.0,0.0,1.0,0.0,0.0
4240,eafa5db95b382255d,True,,,,,,,,,,1.0,0.0,1.0,1.0,1.0,1.0,0.0,1.0,1.0,0.0
4241,2e5b938cd95f7cf83,True,,,,,,,,,,1.0,0.0,1.0,1.0,1.0,1.0,0.0,1.0,1.0,0.0
4242,47a19dd96d0e85b4d,True,,,,,,,,,,1.0,1.0,1.0,1.0,0.7639361123607235,1.0,0.0,1.0,1.0,0.8012300351127261
4243,997169e70df191713,True,,,,,,,,,,1.0,1.0,1.0,1.0,0.4905457103629158,1.0,0.0,1.0,0.0,0.5907955344884112
4244,dec0b3a34c3d245fd,True,,,,,,,,,,1.0,1.0,1.0,1.0,0.24482214309103298,1.0,1.0,1.0,1.0,0.7640069197159478
4245,b101c591a23f8d8d9,True,,,,,,,,,,1.0,1.0,1.0,1.0,1.0,1.0,0.0,1.0,0.0,0.75
4246,feeaa6210f5b68928,True,,,,,,,,,,1.0,1.0,1.0,1.0,0.6617576042914354,1.0,0.0,1.0,0.0,0.6442992513410736
4247,4355523e202befd73,True,,,,,,,,,,1.0,1.0,1.0,1.0,0.768765629794427,1.0,1.0,1.0,1.0,0.9277392593107584
4248,514e8dc72d43731a2,True,,,,,,,,,,1.0,1.0,1.0,1.0,0.7989819090254249,1.0,0.0,1.0,1.0,0.8121818465704453
4249,bf36dbafa15d4c261,True,,,,,,,,,,1.0,1.0,1.0,1.0,0.6412212816185704,1.0,1.0,1.0,0.0,0.7628816505058033
4250,ef4eaef1d214e7da8,True,,,,,,,,,,1.0,1.0,1.0,1.0,1.0,1.0,1.0,1.0,0.0,0.875
4251,daba931964ff703a5,True,,,,,,,,,,1.0,1.0,1.0,1.0,0.2078903131860174,1.0,1.0,1.0,1.0,0.7524657228706304
4252,9a1b34a6539726796,True,,,,,,,,,,1.0,1.0,1.0,1.0,0.83441260695393,1.0,1.0,1.0,0.0,0.8232539396731031
4253,5d571e3d1a02ea00b,True,,,,,,,,,,1.0,1.0,1.0,1.0,0.9613946260009272,1.0,1.0,1.0,0.0,0.8629358206252897
4254,0c23e365770faecb8,True,,,,,,,,,,1.0,1.0,0.0,1.0,1.0,1.0,0.0,1.0,0.0,0.0
4255,b7b9067126836af21,True,,,,,,,,,,0.0,1.0,1.0,1.0,1.0,0.0,1.0,1.0,1.0,0.0
4256,ba63d32eedc1457fd,True,,,,,,,,,,1.0,1.0,1.0,1.0,0.5999752003743501,1.0,1.0,1.0,1.0,0.8749922501169844
4257,803a37fc5a01eb03c,True,,,,,,,,,,1.0,1.0,1.0,1.0,1.0,1.0,0.0,1.0,0.0,0.75
4258,4413f87001fcbb7eb,True,,,,,,,,,,1.0,1.0,1.0,1.0,1.0,0.0,1.0,1.0,1.0,0.6875
4259,3d1800c34a5e46a21,True,,,,,,,,,,1.0,0.0,1.0,1.0,1.0,1.0,1.0,1.0,0.0,0.0
4260,dfb0b00c1c3dcaa0a,True,,,,,,,,,,1.0,1.0,0.5,1.0,1.0,1.0,0.0,1.0,0.0,0.375
4261,d1dbac626089838d2,True,,,,,,,,,,1.0,1.0,0.0,1.0,1.0,1.0,0.0,1.0,1.0,0.0
4262,270e95b1d769b87a0,True,,,,,,,,,,0.0,0.0,0.5,1.0,1.0,0.0,0.0,1.0,1.0,0.0
4263,67c494ff455f7fac3,True,,,,,,,,,,1.0,1.0,1.0,1.0,0.2203702466431666,1.0,1.0,1.0,1.0,0.7563657020759895
4264,89267c56db23f89c7,True,,,,,,,,,,1.0,1.0,1.0,1.0,0.7894514067764882,1.0,1.0,1.0,0.0,0.8092035646176525
4265,7aa2434007747c439,True,,,,,,,,,,1.0,1.0,1.0,1.0,0.7788471594155927,1.0,0.0,1.0,0.0,0.6808897373173727
4266,a1cb215dcdc186fb1,True,,,,,,,,,,1.0,0.0,1.0,1.0,0.5826926554111147,1.0,1.0,1.0,1.0,0.0
4267,7a86797ebcf888d4d,True,,,,,,,,,,1.0,1.0,1.0,1.0,0.5437890219079711,1.0,1.0,1.0,0.0,0.732434069346241
4268,fb83b02b78181e4f8,True,,,,,,,,,,1.0,1.0,0.5,1.0,0.3921426476867231,1.0,0.0,1.0,1.0,0.3425222887010505
4269,944ac9576ebfdb76e,True,,,,,,,,,,1.0,1.0,1.0,1.0,1.0,1.0,1.0,1.0,1.0,1.0
4270,918a0960b5cef7615,True,,,,,,,,,,1.0,1.0,1.0,1.0,0.8139656371446263,1.0,1.0,1.0,1.0,0.9418642616076958
4271,cad1816ad074ec87f,True,,,,,,,,,,1.0,1.0,1.0,1.0,0.7526884096947392,1.0,1.0,1.0,0.0,0.797715128029606
4272,1b9be7126769fdb92,True,,,,,,,,,,1.0,1.0,1.0,1.0,0.8641280409294974,1.0,1.0,1.0,1.0,0.9575400127904679
4273,d1c72c5965ad4f57e,True,,,,,,,,,,1.0,1.0,1.0,1.0,0.8418287076304387,1.0,1.0,0.0,0.0,0.7005714711345121
4274,9e8f8fed1883534f6,True,,,,,,,,,,1.0,0.0,1.0,1.0,1.0,1.0,0.0,1.0,0.0,0.0
4275,a779cf32b55be3c41,True,,,,,,,,,,1.0,1.0,1.0,1.0,1.0,1.0,1.0,1.0,0.0,0.875
4276,4eec744ab28fc824f,True,,,,,,,,,,1.0,1.0,1.0,1.0,1.0,1.0,0.0,1.0,1.0,0.875
4277,5811614378e2be311,True,,,,,,,,,,1.0,0.0,1.0,1.0,1.0,1.0,0.0,1.0,0.0,0.0
4278,e1654044aa2aa4003,True,,,,,,,,,,1.0,1.0,1.0,1.0,0.7558545555007299,1.0,0.0,0.0,0.0,0.5487045485939781
4279,82dd82d413d8fdf95,True,,,,,,,,,,1.0,1.0,1.0,1.0,0.7099791257019771,1.0,1.0,1.0,1.0,0.9093684767818678
4280,d8df0e75d22679cef,True,,,,,,,,,,0.0,1.0,0.0,1.0,1.0,0.0,0.0,1.0,0.0,0.0
4281,a173f7714495b0d29,True,,,,,,,,,,1.0,1.0,1.0,1.0,0.6804348398048771,1.0,1.0,1.0,1.0,0.9001358874390241
4282,93c5dce231ad8a838,True,,,,,,,,,,1.0,1.0,1.0,1.0,0.4766297795696064,1.0,1.0,1.0,0.0,0.7114468061155019
4283,dd75967675d1052fc,True,,,,,,,,,,0.0,1.0,1.0,1.0,0.4017830732356375,0.0,0.0,1.0,1.0,0.0
4284,81c9c878090cea034,True,,,,,,,,,,1.0,1.0,1.0,1.0,0.6311383286785038,1.0,1.0,1.0,1.0,0.8847307277120324
4285,d3fa0f358c6066f70,True,,,,,,,,,,1.0,1.0,1.0,1.0,0.6756562504801396,1.0,1.0,1.0,1.0,0.8986425782750436
4286,5a89225b2405d13d7,True,,,,,,,,,,1.0,1.0,1.0,1.0,0.715434670400813,1.0,0.0,1.0,1.0,0.7860733345002541
4287,3e9cb5ec7e3c7d0e9,True,,,,,,,,,,1.0,1.0,1.0,1.0,1.0,1.0,0.0,1.0,1.0,0.875
4288,030c19894cf38bd4f,True,,,,,,,,,,0.0,1.0,1.0,1.0,1.0,0.0,1.0,1.0,1.0,0.0
4289,8aabedd8189160e6a,True,,,,,,,,,,1.0,1.0,1.0,1.0,0.6808942060492621,1.0,0.0,1.0,0.0,0.6502794393903943
4290,a8f42da9ce93b404d,True,,,,,,,,,,1.0,0.0,0.0,1.0,1.0,1.0,0.0,1.0,0.0,0.0
4291,c4acda7791668ad2d,True,,,,,,,,,,1.0,1.0,1.0,1.0,0.6625267499385483,1.0,1.0,1.0,1.0,0.8945396093557964
4292,5717542c5f1f77274,True,,,,,,,,,,0.0,1.0,1.0,1.0,1.0,0.0,1.0,1.0,0.0,0.0
4293,3fdf3c5e045298ad9,True,,,,,,,,,,1.0,1.0,1.0,1.0,0.7584423287377636,1.0,1.0,1.0,0.0,0.7995132277305511
4294,29155e956236db1c4,True,,,,,,,,,,1.0,1.0,1.0,1.0,0.6001935347142497,1.0,0.0,1.0,1.0,0.7500604795982031
4295,a9beba0462c712f13,True,,,,,,,,,,1.0,1.0,1.0,1.0,0.840422858055991,1.0,1.0,1.0,0.0,0.8251321431424972
4296,3a09d1ed3abb7ce82,True,,,,,,,,,,1.0,1.0,0.0,1.0,1.0,1.0,0.0,1.0,0.0,0.0
4297,2f704570e75d053c7,True,,,,,,,,,,1.0,1.0,1.0,1.0,0.8018818025255895,1.0,0.0,1.0,0.0,0.6880880632892468
4298,c532df7508f6fce92,True,,,,,,,,,,0.0,1.0,1.0,1.0,1.0,0.0,1.0,1.0,1.0,0.0
4299,10cc41fbc38a43481,True,,,,,,,,,,1.0,1.0,1.0,1.0,0.15963110250808196,1.0,1.0,1.0,0.0,0.6123847195337756
4300,1a8b28cb69aa0366e,True,,,,,,,,,,1.0,0.0,0.5,1.0,1.0,1.0,0.0,1.0,0.0,0.0
4301,f2c959958c4b3a8f0,True,,,,,,,,,,1.0,1.0,0.5,1.0,1.0,1.0,0.0,1.0,0.0,0.375
4302,735cc37028693d641,True,,,,,,,,,,1.0,1.0,1.0,1.0,0.310563146333185,1.0,1.0,1.0,0.0,0.6595509832291203
4303,dc18fd577680f44b9,True,,,,,,,,,,0.0,1.0,1.0,1.0,0.4017830732356375,0.0,0.0,1.0,1.0,0.0
4304,2796e0e0b71483121,True,,,,,,,,,,0.0,1.0,1.0,1.0,1.0,0.0,1.0,1.0,1.0,0.0
4305,92ad1ee3b8c3a8859,True,,,,,,,,,,1.0,1.0,1.0,1.0,0.7959660304838265,1.0,1.0,1.0,0.0,0.8112393845261958
4306,1adb976dcfb852711,True,,,,,,,,,,1.0,1.0,1.0,1.0,0.6500449475719441,1.0,1.0,1.0,0.0,0.7656390461162326
4307,8428b4ef1485fe533,True,,,,,,,,,,1.0,1.0,1.0,1.0,0.2818837481978062,1.0,1.0,1.0,1.0,0.7755886713118144
4308,fd3bc1efc24f56212,True,,,,,,,,,,1.0,1.0,1.0,1.0,0.397383096188232,1.0,1.0,1.0,1.0,0.8116822175588225
4309,193752eccdb929fcc,True,,,,,,,,,,1.0,1.0,0.5,1.0,0.6128233466827617,1.0,0.0,1.0,0.0,0.3145036479191815
4310,8a80c99bf844921b8,True,,,,,,,,,,1.0,1.0,1.0,1.0,0.9771973052346347,1.0,0.0,1.0,0.0,0.7428741578858233
4311,9b71a67f61e5fffb3,True,,,,,,,,,,1.0,1.0,0.5,1.0,1.0,1.0,0.0,1.0,0.0,0.375
4312,fc25d83ed4ec8aaad,True,,,,,,,,,,1.0,1.0,0.5,1.0,0.5715652311275411,1.0,0.0,1.0,1.0,0.3705570673636783
4313,961a25cea5dcb8f50,True,,,,,,,,,,1.0,1.0,1.0,1.0,0.5199937157328907,1.0,1.0,1.0,1.0,0.8499980361665284
4314,17924fa146add877f,True,,,,,,,,,,1.0,1.0,1.0,1.0,0.7905879704625619,1.0,1.0,1.0,1.0,0.9345587407695506
4315,102aa278a654e934e,True,,,,,,,,,,1.0,1.0,1.0,1.0,0.7022925724514969,1.0,1.0,1.0,0.0,0.7819664288910928
4316,9a21c94093757379d,True,,,,,,,,,,1.0,1.0,1.0,1.0,0.7746164113290664,1.0,0.0,1.0,1.0,0.8045676285403333
4317,c1ef027c99cf15974,True,,,,,,,,,,1.0,1.0,0.5,1.0,0.5479541346382001,1.0,1.0,1.0,0.0,0.36686783353721875
4318,9bcb88a77a10c4c0c,True,,,,,,,,,,1.0,1.0,1.0,1.0,0.7907583513007022,1.0,0.0,1.0,1.0,0.8096119847814695
4319,bc287d85f89c59202,True,,,,,,,,,,1.0,1.0,0.5,1.0,1.0,1.0,0.0,1.0,0.0,0.375
4320,da2b9a69d4322c6e8,True,,,,,,,,,,1.0,1.0,1.0,1.0,0.7098402027821352,1.0,1.0,1.0,0.0,0.7843250633694172
4321,c6f309a29af4e8f36,True,,,,,,,,,,1.0,1.0,0.5,1.0,0.6400101098751453,1.0,0.0,1.0,1.0,0.38125157966799145
4322,46b0816cf26d29e4f,True,,,,,,,,,,0.5,1.0,1.0,0.0,1.0,0.0,1.0,1.0,0.0,0.0
4323,2d044f90ee817dc19,True,,,,,,,,,,1.0,0.0,0.0,1.0,1.0,1.0,0.0,0.0,0.0,0.0
4324,eabd2a62e5069e1a4,True,,,,,,,,,,1.0,1.0,1.0,1.0,0.8322563559368669,1.0,1.0,1.0,0.0,0.8225801112302709
4325,c3d36eb7fd24a9ca2,True,,,,,,,,,,1.0,1.0,1.0,1.0,0.7651039596496575,0.0,0.0,1.0,1.0,0.48909498739051793
4326,9600f9f6992618229,True,,,,,,,,,,1.0,1.0,1.0,1.0,0.46928842072781374,1.0,1.0,1.0,1.0,0.8341526314774418
4327,b6963168b66273c97,True,,,,,,,,,,1.0,1.0,1.0,1.0,0.8454820965382622,1.0,1.0,1.0,1.0,0.951713155168207
4328,098f2c514384700c9,True,,,,,,,,,,1.0,1.0,1.0,1.0,0.89798584700002,1.0,0.0,1.0,1.0,0.8431205771875063
4329,d2de0edb11096f082,True,,,,,,,,,,1.0,1.0,1.0,1.0,0.816245588734255,1.0,0.0,1.0,0.0,0.6925767464794547
4330,78dcfe822980510bd,True,,,,,,,,,,0.0,1.0,1.0,1.0,1.0,0.0,0.0,1.0,1.0,0.0
4331,37c49a3e38b6b7781,True,,,,,,,,,,1.0,1.0,1.0,1.0,0.6995560906305011,1.0,1.0,1.0,0.0,0.7811112783220315
4332,f5e271bc6f92b1f61,True,,,,,,,,,,0.0,1.0,1.0,1.0,1.0,0.0,0.0,1.0,1.0,0.0
4333,e9738336730d6755b,True,,,,,,,,,,1.0,1.0,1.0,1.0,1.0,1.0,1.0,1.0,0.0,0.875
4334,ea986d3a0c0d7a702,True,,,,,,,,,,1.0,1.0,1.0,1.0,0.8498395738917425,1.0,1.0,1.0,0.0,0.8280748668411695
4335,3638bc9577d1ebfa6,True,,,,,,,,,,0.0,1.0,1.0,1.0,1.0,0.0,1.0,0.0,0.0,0.0
4336,b46505d824967a9bc,True,,,,,,,,,,1.0,1.0,1.0,1.0,0.6966837646358276,1.0,1.0,1.0,0.0,0.7802136764486961
4337,f32e09eab0a9183d4,True,,,,,,,,,,1.0,1.0,1.0,0.0,1.0,1.0,0.0,1.0,1.0,0.0
4338,c99c412737b15dcce,True,,,,,,,,,,0.0,1.0,1.0,1.0,1.0,0.0,0.0,1.0,0.0,0.0
4339,174e7a32e20f2ca14,True,,,,,,,,,,1.0,1.0,0.0,1.0,1.0,1.0,0.0,1.0,1.0,0.0
4340,3accc2d050327016d,True,,,,,,,,,,1.0,1.0,1.0,1.0,0.9037042405293594,1.0,1.0,1.0,0.0,0.8449075751654248
4341,5b1f4f799723ae119,True,,,,,,,,,,1.0,1.0,1.0,1.0,1.0,1.0,0.0,1.0,1.0,0.875
4342,4db96dc771995ab32,True,,,,,,,,,,0.0,1.0,1.0,1.0,1.0,0.0,0.0,1.0,1.0,0.0
4343,b8fafe0f06f38d320,True,,,,,,,,,,1.0,1.0,1.0,1.0,0.54725144709307,1.0,0.0,1.0,0.0,0.6085160772165844
4344,a60992b05822c13e5,True,,,,,,,,,,1.0,1.0,1.0,1.0,0.9270238332212405,1.0,0.0,1.0,1.0,0.8521949478816376
4345,987cd2bac2de5285e,True,,,,,,,,,,0.0,1.0,1.0,1.0,1.0,0.0,1.0,1.0,0.0,0.0
4346,c601af4262caa25fe,True,,,,,,,,,,1.0,1.0,1.0,1.0,0.7612954652756992,1.0,0.0,1.0,1.0,0.800404832898656
4347,fec1c3f2a8d0d6136,True,,,,,,,,,,1.0,1.0,0.0,1.0,1.0,1.0,0.0,1.0,1.0,0.0
4348,210bdf510357465fe,True,,,,,,,,,,1.0,0.0,1.0,1.0,1.0,1.0,0.0,1.0,0.0,0.0
4349,28e1ed77c94cf4d91,True,,,,,,,,,,1.0,1.0,1.0,1.0,0.752408366866613,1.0,1.0,1.0,0.0,0.7976276146458166
4350,0837e02dbb891dbc9,True,,,,,,,,,,1.0,1.0,1.0,1.0,0.7813588574865119,1.0,1.0,1.0,1.0,0.931674642964535
4351,eeae7aeaf248f7830,True,,,,,,,,,,1.0,1.0,0.0,1.0,1.0,1.0,0.0,1.0,1.0,0.0
4352,bc84695ec7d4fc814,True,,,,,,,,,,1.0,1.0,1.0,1.0,0.41744037301246284,1.0,1.0,0.0,0.0,0.5679501165663946
4353,6ef6514c231637cbf,True,,,,,,,,,,1.0,1.0,1.0,1.0,0.7607697235732447,1.0,1.0,1.0,1.0,0.9252405386166389
4354,c334b7fe14a98e8d9,True,,,,,,,,,,1.0,1.0,1.0,1.0,0.4039612273638818,1.0,0.0,1.0,1.0,0.688737883551213
4355,0acf0c1a301a7180c,True,,,,,,,,,,1.0,1.0,1.0,1.0,1.0,1.0,1.0,1.0,1.0,1.0
4356,94a40142f4cb7e391,True,,,,,,,,,,1.0,1.0,1.0,1.0,0.47181930385606136,1.0,1.0,1.0,0.0,0.7099435324550192
4357,95bfecce656f72d69,True,,,,,,,,,,0.0,0.0,1.0,1.0,1.0,0.0,1.0,1.0,0.0,0.0
4358,e848a6d0aa53e2ec3,True,,,,,,,,,,1.0,1.0,1.0,1.0,0.6819572277462984,1.0,1.0,1.0,1.0,0.9006116336707183
4359,01a49c2730cc3a531,True,,,,,,,,,,1.0,1.0,1.0,1.0,1.0,1.0,0.0,1.0,1.0,0.875
4360,56cdce665c7a8a742,True,,,,,,,,,,1.0,1.0,1.0,1.0,1.0,1.0,0.0,1.0,1.0,0.875
4361,13f7d51df20a8dc66,True,,,,,,,,,,1.0,1.0,0.5,1.0,0.8667461944369429,1.0,0.0,1.0,0.0,0.3541790928807723
4362,17a263da0e14e7155,True,,,,,,,,,,1.0,1.0,1.0,1.0,0.7934735071783898,1.0,0.0,1.0,1.0,0.8104604709932468
4363,394d8ba443460b0bf,True,,,,,,,,,,1.0,1.0,1.0,1.0,0.22705350005610087,1.0,1.0,1.0,0.0,0.6334542187675315
4364,a244e51837aaa9bc4,True,,,,,,,,,,1.0,1.0,0.5,1.0,0.7682641897684928,1.0,1.0,1.0,0.0,0.401291279651327
4365,c85aa35e5a8c7e1cc,True,,,,,,,,,,1.0,1.0,1.0,1.0,0.8534187215019585,1.0,0.0,1.0,1.0,0.829193350469362
4366,317774c453bf853ce,True,,,,,,,,,,1.0,1.0,1.0,1.0,0.915030831437366,1.0,0.0,1.0,1.0,0.8484471348241769
4367,ea85faa2c543fbbae,True,,,,,,,,,,1.0,1.0,1.0,1.0,0.5514136142695714,1.0,1.0,1.0,1.0,0.859816754459241
4368,01edf32aa82765229,True,,,,,,,,,,1.0,0.0,1.0,1.0,1.0,1.0,0.0,1.0,0.0,0.0
4369,9add3630e04fe7c41,True,,,,,,,,,,1.0,0.0,1.0,1.0,1.0,1.0,1.0,1.0,0.0,0.0
4370,5b7915b6c4d354972,True,,,,,,,,,,1.0,1.0,1.0,1.0,0.8861296813710035,1.0,1.0,1.0,1.0,0.9644155254284386
4371,01b44b930266052c5,True,,,,,,,,,,1.0,1.0,1.0,1.0,0.8212394927072583,1.0,0.0,1.0,0.0,0.6941373414710181
4372,246271906b5570c57,True,,,,,,,,,,1.0,1.0,1.0,1.0,0.5741906091103745,1.0,1.0,1.0,0.0,0.741934565346992
4373,542094f5bc210a1c8,True,,,,,,,,,,1.0,1.0,0.5,1.0,1.0,1.0,0.0,1.0,1.0,0.4375
4374,229930ba5820bb1b3,True,,,,,,,,,,0.0,1.0,0.0,1.0,1.0,0.0,0.0,1.0,0.0,0.0
4375,7e3a87b525a6b7c28,True,,,,,,,,,,1.0,1.0,1.0,1.0,0.25603411666647324,1.0,1.0,1.0,0.0,0.642510661458273
4376,44f34ef68cafc4814,True,,,,,,,,,,1.0,0.0,1.0,1.0,0.809484571763161,1.0,1.0,1.0,1.0,0.0
4377,a299bacf7699bbf82,True,,,,,,,,,,1.0,1.0,1.0,1.0,0.6931562325618436,1.0,1.0,1.0,0.0,0.7791113226755761
4378,f3886ebf44a7423f1,True,,,,,,,,,,1.0,1.0,0.5,1.0,1.0,1.0,0.0,1.0,1.0,0.4375
4379,6f6dd61939e44a14a,True,,,,,,,,,,1.0,1.0,1.0,1.0,0.6794603075257984,1.0,0.0,1.0,0.0,0.649831346101812
4380,7b88d46ce71736357,True,,,,,,,,,,1.0,1.0,0.5,1.0,1.0,1.0,0.0,1.0,1.0,0.4375
4381,72ff49b38c26122d6,True,,,,,,,,,,1.0,1.0,1.0,1.0,0.6460292132536768,1.0,0.0,1.0,0.0,0.639384129141774
4382,245fb14bb8a926556,True,,,,,,,,,,1.0,1.0,1.0,1.0,0.7439962956404236,1.0,1.0,1.0,0.0,0.7949988423876324
4383,d3738c5a4d7530837,True,,,,,,,,,,1.0,0.0,1.0,1.0,0.19515728055635326,1.0,1.0,1.0,0.0,0.0
4384,b5927d9f04e5f04d4,True,,,,,,,,,,1.0,1.0,1.0,1.0,0.5937188994571578,1.0,1.0,1.0,1.0,0.8730371560803618
4385,e302536dfb1a897a7,True,,,,,,,,,,1.0,1.0,1.0,1.0,0.6924031904368378,1.0,0.0,1.0,1.0,0.7788759970115118
4386,2c604a5718db55a9d,True,,,,,,,,,,1.0,0.0,1.0,1.0,0.6350038817167731,1.0,0.0,1.0,0.0,0.0
4387,cdc70ea2300980958,True,,,,,,,,,,0.0,1.0,1.0,1.0,0.6930080193802513,0.0,0.0,1.0,0.0,0.0
4388,1e2b6420a190b7d56,True,,,,,,,,,,1.0,1.0,1.0,1.0,0.721795317844597,1.0,1.0,1.0,0.0,0.7880610368264366
4389,8d911e0483906d5f9,True,,,,,,,,,,1.0,1.0,1.0,1.0,1.0,1.0,1.0,1.0,0.0,0.875
4390,0cb7cbb38d279ba88,True,,,,,,,,,,1.0,1.0,0.5,1.0,0.6695442779433627,1.0,0.0,1.0,1.0,0.3858662934286504
4391,2c3eb63a9cdff8129,True,,,,,,,,,,1.0,1.0,1.0,1.0,0.8125111925847405,1.0,1.0,1.0,0.0,0.8164097476827314
4392,9cbb06ac6bd21fc4c,True,,,,,,,,,,1.0,1.0,1.0,1.0,1.0,1.0,1.0,1.0,0.0,0.875
4393,0f705d42ea20356f6,True,,,,,,,,,,0.0,1.0,1.0,1.0,1.0,0.0,1.0,1.0,1.0,0.0
4394,e4755b06844a3bf92,True,,,,,,,,,,1.0,1.0,0.5,1.0,1.0,1.0,0.0,1.0,0.0,0.375
4395,dc335a90fc3e97ef3,True,,,,,,,,,,1.0,1.0,1.0,1.0,0.9949410802786268,1.0,0.0,1.0,1.0,0.8734190875870709
4396,46c11df9f73cc2f71,True,,,,,,,,,,1.0,1.0,1.0,1.0,0.7770102817341437,1.0,1.0,1.0,1.0,0.93031571304192
4397,0d3be86b0d2db1b32,True,,,,,,,,,,1.0,1.0,1.0,1.0,0.7161812983973841,1.0,1.0,1.0,0.0,0.7863066557491825
4398,9d5d767fac644cae7,True,,,,,,,,,,1.0,1.0,0.0,1.0,1.0,1.0,0.0,1.0,0.0,0.0
4399,38a27d438189dcb29,True,,,,,,,,,,1.0,1.0,1.0,1.0,1.0,1.0,1.0,1.0,0.0,0.875
4400,31e06cefab6d7169f,True,,,,,,,,,,1.0,1.0,1.0,1.0,0.42397190864035117,1.0,0.0,1.0,0.0,0.5699912214501097
4401,089e61f737418a050,True,,,,,,,,,,1.0,1.0,1.0,1.0,0.7608429680344222,1.0,1.0,1.0,1.0,0.925263427510757
4402,589cc001fa920c158,True,,,,,,,,,,0.0,1.0,0.5,1.0,1.0,0.0,0.0,1.0,1.0,0.0
4403,06b56c8b5f4b02d36,True,,,,,,,,,,1.0,0.0,1.0,1.0,0.2659687452115069,1.0,1.0,1.0,0.0,0.0
4404,1009569404037413a,True,,,,,,,,,,1.0,1.0,1.0,1.0,0.5976858022523265,1.0,1.0,1.0,0.0,0.7492768132038521
4405,fb84b929b3de63176,True,,,,,,,,,,1.0,1.0,1.0,1.0,0.37865379037105684,1.0,0.0,1.0,0.0,0.5558293094909552
4406,334428793abea228f,True,,,,,,,,,,1.0,0.0,1.0,1.0,1.0,1.0,0.0,1.0,1.0,0.0
4407,3c5f6c1f10df6f892,True,,,,,,,,,,1.0,0.0,1.0,1.0,1.0,1.0,0.0,1.0,1.0,0.0
4408,3a0d3240d496a6276,True,,,,,,,,,,1.0,1.0,1.0,1.0,0.7127996181412415,1.0,1.0,1.0,1.0,0.9102498806691379
4409,1307b26ce3d38f704,True,,,,,,,,,,1.0,0.0,1.0,1.0,0.9293906060284797,1.0,0.0,1.0,1.0,0.0
4410,f155a28a11bdfe4d3,True,,,,,,,,,,1.0,1.0,1.0,1.0,1.0,1.0,1.0,1.0,1.0,1.0
4411,80144b63550c48566,True,,,,,,,,,,0.0,1.0,0.5,1.0,1.0,0.0,0.0,1.0,1.0,0.0
4412,e0e4ca847f84568a3,True,,,,,,,,,,1.0,1.0,1.0,1.0,0.6171659106819899,1.0,0.0,1.0,0.0,0.6303643470881218
4413,aecefddf9e7523945,True,,,,,,,,,,1.0,1.0,1.0,1.0,0.43438947667833816,1.0,1.0,1.0,1.0,0.8232467114619807
4414,c2a3b350db0887b64,True,,,,,,,,,,1.0,1.0,1.0,1.0,0.9217843167761853,1.0,0.0,1.0,0.0,0.7255575989925579
4415,1977bcc474e42d28a,True,,,,,,,,,,1.0,1.0,0.5,1.0,1.0,1.0,0.0,1.0,0.0,0.375
4416,d617dbbef56f36875,True,,,,,,,,,,1.0,1.0,1.0,1.0,0.7647440658852422,1.0,0.0,1.0,1.0,0.8014825205891383
4417,4d43428f5f573b6b1,True,,,,,,,,,,1.0,1.0,1.0,1.0,0.8711514415082311,1.0,1.0,1.0,0.0,0.8347348254713223
4418,8477f7ad00092e6c2,True,,,,,,,,,,1.0,0.0,1.0,1.0,1.0,1.0,1.0,1.0,1.0,0.0
4419,45cfb7971f2d2c984,True,,,,,,,,,,1.0,1.0,1.0,1.0,0.774150977544823,1.0,0.0,1.0,1.0,0.8044221804827572
4420,e0c4f0b6dc4e1a632,True,,,,,,,,,,1.0,1.0,1.0,1.0,1.0,0.0,0.0,1.0,0.0,0.4375
4421,9e3a4761b9b643940,True,,,,,,,,,,1.0,0.0,0.5,1.0,1.0,1.0,0.0,1.0,0.0,0.0
4422,e2a4ea3d760b37276,True,,,,,,,,,,1.0,1.0,1.0,1.0,0.6074721499267608,1.0,1.0,1.0,0.0,0.7523350468521127
4423,0030f1747a12c4a8d,True,,,,,,,,,,1.0,1.0,1.0,1.0,0.6185519575992003,1.0,1.0,1.0,1.0,0.8807974867497501
4424,57b65fccc387a8607,True,,,,,,,,,,1.0,1.0,1.0,1.0,0.5568181103948354,1.0,1.0,1.0,0.0,0.7365056594983861
4425,66f77d65755a1c784,True,,,,,,,,,,1.0,1.0,1.0,1.0,0.2760670319141198,1.0,1.0,1.0,1.0,0.7737709474731624
4426,09f2c709af42130ee,True,,,,,,,,,,1.0,1.0,1.0,1.0,0.7074767584459754,1.0,0.0,1.0,0.0,0.6585864870143673
4427,fdeff0684535eaf4b,True,,,,,,,,,,1.0,1.0,1.0,1.0,0.6486553464980602,1.0,1.0,1.0,1.0,0.8902047957806438
4428,1d52003f3b3835dcd,True,,,,,,,,,,1.0,1.0,0.5,1.0,1.0,1.0,0.0,1.0,0.0,0.375
4429,eb46263a3a324c2e0,True,,,,,,,,,,1.0,1.0,1.0,1.0,0.8456043024444887,1.0,0.0,1.0,1.0,0.8267513445139028
4430,554118efec9ed40ce,True,,,,,,,,,,0.0,1.0,1.0,1.0,1.0,0.0,0.0,1.0,0.0,0.0
4431,6f5571bbc6dc5faee,True,,,,,,,,,,1.0,1.0,1.0,1.0,0.8862222254494287,1.0,0.0,1.0,1.0,0.8394444454529465
4432,11e2abc76462d36f9,True,,,,,,,,,,1.0,1.0,1.0,1.0,0.6995466646579324,1.0,0.0,1.0,1.0,0.7811083327056039
4433,0d4c14fd757504ef9,True,,,,,,,,,,1.0,1.0,0.0,1.0,1.0,1.0,0.0,1.0,1.0,0.0
4434,9a5b2373854e11383,True,,,,,,,,,,1.0,1.0,1.0,1.0,1.0,1.0,0.0,1.0,0.0,0.75
4435,23466331481723251,True,,,,,,,,,,1.0,0.0,1.0,1.0,1.0,0.0,0.0,0.0,0.0,0.0
4436,6fae01aed04d6fd01,True,,,,,,,,,,1.0,1.0,0.5,1.0,1.0,1.0,0.0,1.0,0.0,0.375
4437,0b7a0cf41a68849b4,True,,,,,,,,,,1.0,1.0,1.0,1.0,0.6279814430125997,1.0,1.0,1.0,0.0,0.7587442009414374
4438,ce40746019045f374,True,,,,,,,,,,1.0,1.0,1.0,1.0,0.9874004746031086,1.0,0.0,1.0,1.0,0.8710626483134715
4439,96e86e9c0ae1056bf,True,,,,,,,,,,0.0,1.0,1.0,1.0,1.0,0.0,1.0,1.0,1.0,0.0
4440,2309f75fc2af06a77,True,,,,,,,,,,0.0,0.0,1.0,1.0,1.0,0.0,0.0,1.0,0.0,0.0
4441,91974452b21450f60,True,,,,,,,,,,1.0,1.0,1.0,1.0,0.2293710132427989,1.0,1.0,1.0,1.0,0.7591784416383747
4442,7b4054b4f24d77967,True,,,,,,,,,,1.0,1.0,1.0,1.0,1.0,1.0,1.0,1.0,0.0,0.875
4443,dc7426c833a3749d6,True,,,,,,,,,,1.0,0.0,1.0,1.0,0.25644323093124033,1.0,1.0,1.0,1.0,0.0
4444,8d8129f6368d5e730,True,,,,,,,,,,1.0,1.0,1.0,1.0,0.7742526326911406,1.0,1.0,1.0,1.0,0.9294539477159814
4445,7441ab5cb1d596d66,True,,,,,,,,,,1.0,1.0,1.0,1.0,1.0,1.0,1.0,1.0,1.0,1.0
4446,875f6c89666fde397,True,,,,,,,,,,0.0,1.0,1.0,1.0,1.0,0.0,1.0,1.0,0.0,0.0
4447,93815cb266f991f06,True,,,,,,,,,,1.0,0.0,0.5,0.0,1.0,1.0,1.0,1.0,0.0,0.0
4448,ff268d62e1e2110ec,True,,,,,,,,,,1.0,1.0,1.0,1.0,0.9726211280177556,1.0,0.0,1.0,1.0,0.8664441025055486
4449,319a6165fd328e03e,True,,,,,,,,,,1.0,0.0,1.0,1.0,1.0,1.0,1.0,1.0,0.0,0.0
4450,9453a01b26e5f5079,True,,,,,,,,,,1.0,1.0,1.0,1.0,0.9866782342543347,1.0,1.0,1.0,1.0,0.9958369482044795
4451,ba31453558099b11f,True,,,,,,,,,,1.0,1.0,0.5,1.0,0.6660946783188103,1.0,1.0,1.0,1.0,0.4478272934873141
4452,5808626bda0a920a5,True,,,,,,,,,,1.0,1.0,1.0,1.0,0.8544182833763538,1.0,0.0,1.0,1.0,0.8295057135551106
4453,6ecd877422fdf9247,True,,,,,,,,,,1.0,1.0,1.0,1.0,0.3594595841347773,1.0,1.0,1.0,0.0,0.6748311200421179
4454,4c1f05a52e82aac85,True,,,,,,,,,,1.0,1.0,1.0,1.0,0.28671264499194465,1.0,1.0,1.0,0.0,0.6520977015599827
4455,45904686e63c2b9a3,True,,,,,,,,,,1.0,1.0,1.0,1.0,1.0,1.0,1.0,1.0,1.0,1.0
4456,456c64c9a6cfefe27,True,,,,,,,,,,1.0,1.0,1.0,1.0,0.6632499457792643,1.0,0.0,1.0,0.0,0.6447656080560201
4457,d4c12619399c7d2e4,True,,,,,,,,,,1.0,1.0,1.0,1.0,0.95052800021327,1.0,0.0,1.0,1.0,0.8595400000666469
4458,c99ebd2dc27c56b12,True,,,,,,,,,,1.0,0.0,1.0,1.0,1.0,1.0,0.0,1.0,0.0,0.0
4459,8e1bbd443f815b48a,True,,,,,,,,,,0.0,1.0,1.0,1.0,1.0,0.0,1.0,1.0,0.0,0.0
4460,0800b8cbfe2ebcaf3,True,,,,,,,,,,1.0,1.0,0.5,1.0,0.3745502124729385,1.0,0.0,1.0,0.0,0.27727347069889663
4461,9fb82728bb72ae665,True,,,,,,,,,,1.0,1.0,1.0,1.0,1.0,1.0,0.0,1.0,1.0,0.875
4462,2940f44b99e0dfbcb,True,,,,,,,,,,0.0,1.0,1.0,1.0,1.0,0.0,0.0,1.0,1.0,0.0
4463,79a8aa64c00991061,True,,,,,,,,,,1.0,1.0,0.5,1.0,0.7752817935863826,1.0,0.0,1.0,1.0,0.40238778024787225
4464,4a16da9c6c03b5918,True,,,,,,,,,,1.0,1.0,1.0,1.0,0.5903141887274268,1.0,0.0,1.0,0.0,0.6219731839773208
4465,9b67c7e02ccf82bac,True,,,,,,,,,,1.0,1.0,1.0,1.0,1.0,1.0,0.0,1.0,1.0,0.875
4466,8f18562d38dacb97d,True,,,,,,,,,,0.0,1.0,1.0,1.0,1.0,0.0,0.0,1.0,1.0,0.0
4467,ee668b68ca31e7f56,True,,,,,,,,,,1.0,1.0,0.0,1.0,1.0,1.0,0.0,1.0,0.0,0.0
4468,d0df486d88c5b89d4,True,,,,,,,,,,1.0,1.0,1.0,1.0,0.6928435793098754,1.0,1.0,1.0,1.0,0.904013618534336
4469,a19215a312654cd8f,True,,,,,,,,,,1.0,1.0,1.0,1.0,0.6309248684542174,1.0,1.0,1.0,1.0,0.8846640213919429
4470,b692c62651903c29f,True,,,,,,,,,,1.0,1.0,1.0,1.0,0.7750846717887964,1.0,1.0,1.0,0.0,0.8047139599339989
4471,501d21c67c2ddbdb0,True,,,,,,,,,,1.0,1.0,1.0,1.0,0.8697043816258427,1.0,0.0,1.0,1.0,0.8342826192580759
4472,67f2162f2fa5e2d76,True,,,,,,,,,,1.0,1.0,1.0,1.0,0.6485331795772876,1.0,1.0,1.0,0.0,0.7651666186179024
4473,c525c6d635eb5f316,True,,,,,,,,,,1.0,1.0,1.0,1.0,0.7244217622079112,1.0,1.0,1.0,0.0,0.7888818006899723
4474,c0d579f499c38fe45,True,,,,,,,,,,1.0,1.0,1.0,1.0,0.8198149161678737,1.0,0.0,1.0,1.0,0.8186921613024605
4475,0f677bebd5ee6c831,True,,,,,,,,,,1.0,1.0,1.0,1.0,0.8210359879273641,1.0,0.0,1.0,0.0,0.6940737462273012
4476,51a778c753d0604cb,True,,,,,,,,,,1.0,1.0,1.0,1.0,1.0,1.0,0.0,1.0,0.0,0.75
4477,df257ceb4f8312a9b,True,,,,,,,,,,0.0,1.0,0.0,1.0,1.0,0.0,0.0,1.0,0.0,0.0
4478,14f814e6cbf15fcb5,True,,,,,,,,,,1.0,1.0,0.0,1.0,0.9493663558239505,1.0,0.0,1.0,0.0,0.0
4479,c9b45ed2516cd216c,True,,,,,,,,,,1.0,1.0,1.0,1.0,0.39563842673951694,1.0,1.0,1.0,1.0,0.811137008356099
4480,5c17574f067aa995c,True,,,,,,,,,,1.0,1.0,1.0,1.0,1.0,1.0,1.0,1.0,1.0,1.0
4481,80bd77183c8a411b9,True,,,,,,,,,,1.0,0.0,0.5,1.0,1.0,1.0,1.0,1.0,0.0,0.0
4482,a4dff43b479ee5041,True,,,,,,,,,,1.0,1.0,0.0,1.0,1.0,1.0,0.0,1.0,0.0,0.0
4483,07d57ac58a266170f,True,,,,,,,,,,1.0,1.0,1.0,1.0,0.621645769174353,1.0,0.0,1.0,0.0,0.6317643028669853
4484,d02177dc313467bf7,True,,,,,,,,,,1.0,0.0,0.5,1.0,1.0,1.0,0.0,0.0,0.0,0.0
4485,2b357fcebd9642bfe,True,,,,,,,,,,1.0,0.0,0.5,1.0,1.0,1.0,0.0,1.0,0.0,0.0
4486,93f8da10fb7af1122,True,,,,,,,,,,1.0,0.0,1.0,1.0,1.0,1.0,0.0,1.0,0.0,0.0
4487,d220a708760298c7f,True,,,,,,,,,,1.0,1.0,1.0,1.0,0.8932497270775669,1.0,1.0,1.0,1.0,0.9666405397117397
4488,dab873d7c23152d34,True,,,,,,,,,,1.0,1.0,1.0,1.0,0.9203815155028153,1.0,0.0,1.0,1.0,0.8501192235946298
4489,fa04ce296f85923f0,True,,,,,,,,,,1.0,1.0,1.0,1.0,0.9662218205787119,1.0,1.0,1.0,1.0,0.9894443189308475
4490,8cb3057d000fc44fc,True,,,,,,,,,,1.0,1.0,1.0,1.0,0.5676586161272631,1.0,1.0,1.0,0.0,0.7398933175397697
4491,a18d6dca51d1c96c6,True,,,,,,,,,,1.0,1.0,0.5,1.0,0.6017544182821967,1.0,0.0,1.0,0.0,0.3127741278565932
4492,272d0fb68e72a32c3,True,,,,,,,,,,1.0,1.0,0.0,1.0,1.0,1.0,1.0,1.0,1.0,0.0
4493,764328b4ef560f8d6,True,,,,,,,,,,1.0,1.0,1.0,1.0,1.0,1.0,1.0,1.0,0.0,0.875
4494,fd5d539436f5c5e86,True,,,,,,,,,,1.0,1.0,1.0,1.0,0.06522243852044754,1.0,1.0,1.0,0.0,0.5828820120376399
4495,3d8397f4fcf5d9ec3,True,,,,,,,,,,1.0,1.0,1.0,1.0,0.9542673958509317,1.0,0.0,1.0,1.0,0.8607085612034162
4496,b38c2b62761a1929d,True,,,,,,,,,,1.0,1.0,1.0,1.0,1.0,1.0,0.0,1.0,1.0,0.875
4497,d23a6fb267f1f6fa5,True,,,,,,,,,,1.0,1.0,1.0,1.0,0.7257840483005615,1.0,1.0,1.0,1.0,0.9143075150939255
4498,da2e81331b0e59b3e,True,,,,,,,,,,1.0,1.0,1.0,1.0,1.0,1.0,1.0,1.0,0.0,0.875
4499,09747cf799a19f292,True,,,,,,,,,,1.0,1.0,0.5,1.0,0.8240739214815406,1.0,0.0,1.0,1.0,0.4100115502314907
4500,e929306025479f705,True,,,,,,,,,,1.0,1.0,1.0,1.0,1.0,1.0,1.0,1.0,1.0,1.0
4501,361596ff7ead113e3,True,,,,,,,,,,1.0,1.0,1.0,1.0,0.7703604356690215,1.0,0.0,1.0,1.0,0.8032376361465692
4502,da19f3b30489b58f8,True,,,,,,,,,,0.0,1.0,1.0,1.0,1.0,0.0,1.0,1.0,0.0,0.0
4503,bb77c49defa6c4631,True,,,,,,,,,,1.0,1.0,1.0,1.0,0.5559932504242723,1.0,0.0,1.0,0.0,0.6112478907575851
4504,f3895fbfb8df71a43,True,,,,,,,,,,1.0,1.0,1.0,1.0,0.46684472331333043,1.0,1.0,1.0,0.0,0.7083889760354157
4505,129fa714e230a9eae,True,,,,,,,,,,1.0,1.0,0.0,1.0,0.9429134712670024,1.0,0.0,1.0,1.0,0.0
4506,dbde88bcc1367bd88,True,,,,,,,,,,1.0,1.0,1.0,1.0,0.906649699075704,1.0,1.0,1.0,1.0,0.9708280309611574
4507,6eb14c57428cd1ec1,True,,,,,,,,,,1.0,1.0,1.0,1.0,0.8802324492773942,1.0,1.0,1.0,1.0,0.9625726403991857
4508,aaa4df0b0ab15d438,True,,,,,,,,,,1.0,1.0,1.0,0.0,1.0,1.0,0.0,1.0,1.0,0.0
4509,e691defa66927f173,True,,,,,,,,,,1.0,1.0,1.0,1.0,0.7555981440153385,1.0,0.0,1.0,1.0,0.7986244200047933
4510,93558974f46d692e7,True,,,,,,,,,,1.0,1.0,1.0,1.0,0.9713354422773329,1.0,1.0,1.0,1.0,0.9910423257116665
4511,9451e8ef901cc6db5,True,,,,,,,,,,1.0,1.0,1.0,1.0,0.6333329513487197,1.0,1.0,1.0,1.0,0.8854165472964749
4512,155b9d04c8ecbdf6e,True,,,,,,,,,,1.0,1.0,1.0,1.0,1.0,1.0,1.0,1.0,1.0,1.0
4513,0c490f2432946f48b,True,,,,,,,,,,0.0,0.0,1.0,1.0,1.0,0.0,0.0,0.0,0.0,0.0
4514,067988277091a3762,True,,,,,,,,,,1.0,1.0,1.0,1.0,0.4744491768606501,1.0,1.0,1.0,0.0,0.7107653677689532
4515,f6c5e4b7769ddda20,True,,,,,,,,,,1.0,1.0,1.0,1.0,1.0,1.0,1.0,1.0,1.0,1.0
4516,7feb54e1cfc0b6b33,True,,,,,,,,,,1.0,1.0,0.0,1.0,0.8139172235885856,1.0,0.0,1.0,1.0,0.0
4517,2532060dd97ed7c45,True,,,,,,,,,,1.0,1.0,1.0,1.0,0.9999046096984637,1.0,0.0,1.0,0.0,0.7499701905307699
4518,aa598127cd934aa23,True,,,,,,,,,,1.0,1.0,1.0,1.0,0.6802552114298216,1.0,1.0,1.0,1.0,0.9000797535718192
4519,bd2a4f1bdd5605e62,True,,,,,,,,,,1.0,1.0,1.0,1.0,0.8185847688965875,1.0,0.0,1.0,1.0,0.8183077402801836
4520,4a9850fe681028df5,True,,,,,,,,,,1.0,1.0,1.0,1.0,0.8941045778638116,1.0,1.0,0.0,0.0,0.7169076805824411
4521,c5bf49e3aca8b3adb,True,,,,,,,,,,1.0,1.0,1.0,1.0,0.315890271479574,1.0,0.0,1.0,1.0,0.6612157098373669
4522,9864904b0ceaacd61,True,,,,,,,,,,1.0,1.0,1.0,1.0,0.9261763348005073,1.0,1.0,1.0,0.0,0.8519301046251586
4523,191ccfaebd0211428,True,,,,,,,,,,1.0,0.0,1.0,1.0,1.0,1.0,0.0,1.0,0.0,0.0
4524,5f54e7582c508a3ca,True,,,,,,,,,,1.0,1.0,1.0,1.0,0.7410886297188365,1.0,0.0,1.0,1.0,0.7940901967871364
4525,0da232d1485aff38f,True,,,,,,,,,,1.0,1.0,1.0,1.0,0.5938072120365054,1.0,1.0,1.0,1.0,0.873064753761408
4526,b2a59535b3edfbc37,True,,,,,,,,,,1.0,1.0,1.0,1.0,0.8630955199380215,1.0,1.0,1.0,1.0,0.9572173499806317
4527,ad3a915c556a5c581,True,,,,,,,,,,1.0,1.0,0.5,0.0,1.0,1.0,1.0,1.0,0.0,0.0
4528,e5e284a0009e877d9,True,,,,,,,,,,1.0,0.0,0.0,1.0,1.0,1.0,0.0,1.0,0.0,0.0
4529,6eed4a0dccbd058f7,True,,,,,,,,,,1.0,0.0,1.0,1.0,0.5778130302677672,1.0,0.0,1.0,0.0,0.0
4530,04636d07d342e54cd,True,,,,,,,,,,1.0,0.0,1.0,1.0,0.8472476673450573,1.0,1.0,1.0,0.0,0.0
4531,bf747811ee475d2c1,True,,,,,,,,,,1.0,1.0,1.0,1.0,0.7407838067144017,1.0,0.0,1.0,0.0,0.6689949395982505
4532,34f398e3cb7f66124,True,,,,,,,,,,1.0,1.0,1.0,1.0,1.0,1.0,1.0,1.0,0.0,0.875
4533,8c317a99933b3b262,True,,,,,,,,,,1.0,1.0,0.5,1.0,1.0,1.0,0.0,1.0,0.0,0.375
4534,1056c520c5f8da5e9,True,,,,,,,,,,1.0,1.0,1.0,1.0,1.0,1.0,1.0,1.0,1.0,1.0
4535,31df3ebdb68bf83fe,True,,,,,,,,,,0.0,1.0,1.0,1.0,1.0,0.0,1.0,1.0,0.0,0.0
4536,1bd8d67289c963a19,True,,,,,,,,,,1.0,1.0,1.0,1.0,1.0,1.0,0.0,1.0,1.0,0.875
4537,630be1035e80b768b,True,,,,,,,,,,1.0,1.0,1.0,1.0,1.0,1.0,1.0,1.0,1.0,1.0
4538,592e29a92e9aa79df,True,,,,,,,,,,1.0,1.0,1.0,1.0,0.8744059414296723,1.0,0.0,0.0,0.0,0.5857518566967725
4539,4850e4897804c7f1a,True,,,,,,,,,,1.0,1.0,1.0,1.0,0.7833669528564972,1.0,1.0,1.0,1.0,0.9323021727676554
4540,ff95aff7630205c1a,True,,,,,,,,,,1.0,1.0,1.0,1.0,1.0,1.0,1.0,1.0,0.0,0.875
4541,3eee54f31bcaed95d,True,,,,,,,,,,1.0,0.0,1.0,1.0,0.6835083951775208,1.0,0.0,1.0,0.0,0.0
4542,dd5013a89e336b685,True,,,,,,,,,,1.0,0.0,1.0,1.0,1.0,1.0,1.0,1.0,0.0,0.0
4543,9a6ec5011d04fc0c9,True,,,,,,,,,,1.0,1.0,1.0,1.0,0.6287422195000948,1.0,1.0,1.0,0.0,0.7589819435937797
4544,bbfd9bdc997348cff,True,,,,,,,,,,1.0,1.0,1.0,1.0,0.20795641647187382,1.0,1.0,1.0,1.0,0.7524863801474606
4545,7dd030c5962831b4d,True,,,,,,,,,,1.0,1.0,1.0,1.0,0.8463335128426881,1.0,1.0,1.0,0.0,0.82697922276334
4546,24e6339c5f9336f36,True,,,,,,,,,,1.0,1.0,1.0,1.0,0.6830537880606764,1.0,1.0,1.0,1.0,0.9009543087689613
4547,5d7300eccaaae4563,True,,,,,,,,,,1.0,1.0,0.5,1.0,0.8040050875385949,1.0,0.0,1.0,0.0,0.3443757949279055
4548,a3b3172d137c4851c,True,,,,,,,,,,0.0,1.0,1.0,1.0,0.7603067098891482,0.0,1.0,1.0,0.0,0.0
4549,04de9b2eef6b71d6c,True,,,,,,,,,,1.0,1.0,1.0,1.0,0.8397795901613104,1.0,0.0,1.0,0.0,0.6999311219254095
4550,96e90fd2233ad685a,True,,,,,,,,,,1.0,1.0,0.0,1.0,1.0,1.0,0.0,1.0,0.0,0.0
4551,ece34bc681d6d755f,True,,,,,,,,,,1.0,1.0,1.0,1.0,0.6673450697001952,1.0,1.0,1.0,1.0,0.8960453342813111
4552,e56578b2f08218e36,True,,,,,,,,,,0.0,1.0,1.0,1.0,0.940735930893745,0.0,0.0,1.0,1.0,0.0
4553,eacc02fe002535ebb,True,,,,,,,,,,1.0,1.0,0.0,1.0,1.0,1.0,0.0,1.0,1.0,0.0
4554,477b98093c6f47fcc,True,,,,,,,,,,1.0,0.0,1.0,1.0,0.43614061558353845,1.0,1.0,1.0,1.0,0.0
4555,59b05ded13f97b278,True,,,,,,,,,,1.0,1.0,1.0,1.0,0.8570252404729607,1.0,0.0,1.0,1.0,0.8303203876478003
4556,df10a0ed732e3b815,True,,,,,,,,,,0.0,1.0,1.0,1.0,1.0,0.0,1.0,1.0,1.0,0.0
4557,0fc649902e2af4e9e,True,,,,,,,,,,1.0,1.0,1.0,1.0,0.7718946927099808,1.0,1.0,1.0,1.0,0.928717091471869
4558,32dda48eecd064f26,True,,,,,,,,,,1.0,1.0,1.0,1.0,0.8548276928465663,1.0,0.0,1.0,0.0,0.7046336540145519
4559,d3a6f863fceaf4d0e,True,,,,,,,,,,1.0,1.0,1.0,1.0,0.7066885075530401,1.0,1.0,1.0,1.0,0.908340158610325
4560,f1d442974b63b87f6,True,,,,,,,,,,1.0,1.0,1.0,1.0,0.6569250724638158,1.0,0.0,1.0,1.0,0.7677890851449425
4561,81d22f948dc0fae75,True,,,,,,,,,,1.0,1.0,1.0,1.0,0.9569863977864711,1.0,1.0,1.0,1.0,0.9865582493082723
4562,3a84eaeca44c1b7ad,True,,,,,,,,,,1.0,1.0,1.0,1.0,0.9624941330863235,1.0,0.0,1.0,1.0,0.8632794165894762
4563,43f7d2bb6b4b6f35a,True,,,,,,,,,,1.0,0.0,1.0,1.0,1.0,1.0,0.0,1.0,1.0,0.0
4564,dfaaf61d58472b476,True,,,,,,,,,,1.0,1.0,1.0,1.0,0.596234679839244,1.0,1.0,1.0,1.0,0.8738233374497637
4565,981dae0f5f7fb62f4,True,,,,,,,,,,1.0,1.0,0.0,1.0,1.0,1.0,0.0,1.0,0.0,0.0
4566,13ec6e28d3c1a20c1,True,,,,,,,,,,0.0,1.0,1.0,1.0,1.0,0.0,0.0,1.0,0.0,0.0
4567,5e84fb24c3fbd2647,True,,,,,,,,,,1.0,1.0,1.0,1.0,0.658541670062461,1.0,0.0,1.0,0.0,0.643294271894519
4568,59361619b736fa71d,True,,,,,,,,,,1.0,1.0,0.5,1.0,0.7822485968626249,1.0,0.0,1.0,1.0,0.40347634325978515
4569,e513c494982a0c41e,True,,,,,,,,,,1.0,1.0,0.5,1.0,1.0,1.0,0.0,0.0,0.0,0.3125
4570,b77eab715fa3e5a65,True,,,,,,,,,,1.0,1.0,1.0,1.0,0.6217818689151666,1.0,0.0,1.0,1.0,0.7568068340359896
4571,9011963333f646007,True,,,,,,,,,,1.0,0.0,1.0,1.0,0.47045707477541665,1.0,0.0,1.0,0.0,0.0
4572,8e24bdf2be5da6777,True,,,,,,,,,,1.0,1.0,1.0,1.0,0.5124008642544295,1.0,0.0,1.0,1.0,0.7226252700795093
4573,5cd39ab6536d551b7,True,,,,,,,,,,0.0,1.0,1.0,1.0,1.0,0.0,1.0,0.0,0.0,0.0
4574,8f3be1fe834c8e1e6,True,,,,,,,,,,0.0,1.0,1.0,1.0,1.0,0.0,0.0,1.0,0.0,0.0
4575,fa8f611f3da2dce93,True,,,,,,,,,,1.0,0.0,1.0,1.0,1.0,1.0,1.0,1.0,0.0,0.0
4576,a3adc8c27da8f8689,True,,,,,,,,,,1.0,1.0,1.0,1.0,0.6901735851179204,1.0,1.0,1.0,0.0,0.7781792453493501
4577,bad2ff79565afa1d2,True,,,,,,,,,,1.0,1.0,1.0,1.0,0.5370820152910327,1.0,0.0,1.0,0.0,0.6053381297784477
4578,daf6f2775f3fee4c9,True,,,,,,,,,,1.0,1.0,1.0,1.0,0.956394838265057,1.0,0.0,1.0,1.0,0.8613733869578304
4579,1572e57c1e71e8774,True,,,,,,,,,,1.0,1.0,1.0,1.0,0.4103730772547078,1.0,1.0,1.0,1.0,0.8157415866420962
4580,54ccf1e5e48744666,True,,,,,,,,,,1.0,1.0,0.0,1.0,1.0,1.0,0.0,1.0,1.0,0.0
4581,8e3a32effa7ad4fc9,True,,,,,,,,,,0.0,1.0,1.0,1.0,1.0,0.0,1.0,1.0,0.0,0.0
4582,fef836e429bc5768f,True,,,,,,,,,,1.0,1.0,1.0,1.0,0.3503413183748824,1.0,0.0,1.0,0.0,0.5469816619921508
4583,fc618b0134a5e9634,True,,,,,,,,,,1.0,1.0,1.0,1.0,0.40485721215478054,1.0,1.0,1.0,1.0,0.814017878798369
4584,adf39008de8774c39,True,,,,,,,,,,1.0,1.0,1.0,1.0,1.0,1.0,1.0,1.0,1.0,1.0
4585,8ace3a7104057a34a,True,,,,,,,,,,1.0,1.0,0.5,1.0,1.0,1.0,0.0,1.0,1.0,0.4375
4586,1f18c770d2cfe8d3c,True,,,,,,,,,,0.0,1.0,0.0,1.0,1.0,0.0,0.0,1.0,0.0,0.0
4587,86aa1518812acc807,True,,,,,,,,,,1.0,1.0,1.0,1.0,1.0,1.0,1.0,1.0,0.0,0.875
4588,edcd482f0136b535d,True,,,,,,,,,,1.0,1.0,1.0,1.0,0.5976323655636482,1.0,0.0,1.0,0.0,0.62426011423864
4589,89d2e289ba7d3fd79,True,,,,,,,,,,1.0,1.0,0.0,1.0,1.0,1.0,0.0,1.0,0.0,0.0
4590,90a368abf1e231f06,True,,,,,,,,,,1.0,1.0,1.0,1.0,0.14764018266422105,1.0,1.0,1.0,1.0,0.7336375570825691
4591,77154c328dbf81f67,True,,,,,,,,,,1.0,1.0,1.0,1.0,0.8566255539463723,1.0,1.0,1.0,1.0,0.9551954856082414
4592,7b5998d0c96e5433a,True,,,,,,,,,,1.0,1.0,1.0,1.0,0.3468792200358282,1.0,1.0,1.0,0.0,0.6708997562611962
4593,50c3efa45ebc549ab,True,,,,,,,,,,1.0,1.0,1.0,1.0,0.24482214309103298,1.0,1.0,1.0,1.0,0.7640069197159478
4594,29500c50afeb0e68a,True,,,,,,,,,,1.0,1.0,0.5,1.0,1.0,1.0,0.0,1.0,0.0,0.375
4595,a96a23b6f09cca0ae,True,,,,,,,,,,1.0,1.0,1.0,1.0,0.6710613433138977,1.0,0.0,1.0,0.0,0.647206669785593
4596,2c06706ac4ab7c708,True,,,,,,,,,,0.0,1.0,1.0,1.0,1.0,0.0,0.0,1.0,0.0,0.0
4597,7052cedfc597ff134,True,,,,,,,,,,1.0,1.0,1.0,1.0,0.9169908142982615,1.0,1.0,1.0,1.0,0.9740596294682067
4598,bffe666f9175e93c1,True,,,,,,,,,,1.0,1.0,1.0,1.0,0.41653361390658816,1.0,1.0,1.0,0.0,0.6926667543458088
4599,03e533b28bfac776e,True,,,,,,,,,,1.0,1.0,0.0,1.0,1.0,1.0,0.0,1.0,0.0,0.0
4600,94c404a1f903addc1,True,,,,,,,,,,1.0,1.0,1.0,1.0,0.5928159836903318,1.0,1.0,1.0,0.0,0.7477549949032287
4601,f6557e9f386193dfc,True,,,,,,,,,,1.0,1.0,1.0,1.0,0.4476095199374556,1.0,1.0,1.0,1.0,0.8273779749804548
4602,6d9ac6e09b2090952,True,,,,,,,,,,0.0,1.0,1.0,1.0,1.0,0.0,0.0,1.0,1.0,0.0
4603,a946e96acbe5186d9,True,,,,,,,,,,1.0,0.0,1.0,0.0,1.0,1.0,1.0,1.0,0.0,0.0
4604,0f675cf0cf0417413,True,,,,,,,,,,0.0,1.0,1.0,1.0,1.0,0.0,0.0,1.0,0.0,0.0
4605,2e49400543ea5674a,True,,,,,,,,,,1.0,1.0,0.0,1.0,1.0,1.0,0.0,1.0,1.0,0.0
4606,ccafa2d23a6f3f8b5,True,,,,,,,,,,1.0,1.0,1.0,1.0,0.7090212354900651,1.0,0.0,1.0,0.0,0.6590691360906453
4607,6a1a3e7fd861ab333,True,,,,,,,,,,1.0,0.0,1.0,1.0,1.0,1.0,1.0,1.0,0.0,0.0
4608,68d8bd51d02182ea6,True,,,,,,,,,,1.0,1.0,0.0,1.0,1.0,1.0,0.0,1.0,0.0,0.0
4609,854521fa54e11652c,True,,,,,,,,,,0.0,1.0,1.0,1.0,1.0,0.0,1.0,1.0,0.0,0.0
4610,f74ee85d684d8a2c6,True,,,,,,,,,,1.0,1.0,1.0,1.0,0.7270468098965287,1.0,1.0,0.0,1.0,0.7897021280926653
4611,9fad04b9636cbc059,True,,,,,,,,,,1.0,1.0,1.0,1.0,0.4632922167621022,1.0,0.0,1.0,1.0,0.7072788177381569
4612,991fe7806bacdbaca,True,,,,,,,,,,0.0,1.0,1.0,1.0,1.0,0.0,1.0,1.0,0.0,0.0
4613,80b51199c992e8e79,True,,,,,,,,,,1.0,1.0,1.0,1.0,0.8338109749899636,1.0,1.0,1.0,0.0,0.8230659296843637
4614,ece1be85754833649,True,,,,,,,,,,1.0,1.0,1.0,1.0,1.0,1.0,0.0,1.0,0.0,0.75
4615,bc310295755fb7084,True,,,,,,,,,,1.0,0.0,1.0,1.0,0.8735094878655655,1.0,1.0,1.0,0.0,0.0
4616,1464f6e11d5c8c6d9,True,,,,,,,,,,1.0,1.0,1.0,1.0,0.8441051632968456,1.0,1.0,1.0,1.0,0.9512828635302643
4617,368fa1aeac7542731,True,,,,,,,,,,1.0,1.0,0.5,1.0,1.0,0.0,0.0,1.0,0.0,0.21875
4618,b05df43ae389b79eb,True,,,,,,,,,,1.0,0.0,1.0,1.0,1.0,1.0,1.0,1.0,0.0,0.0
4619,a567fa13fe7716b55,True,,,,,,,,,,0.0,1.0,1.0,0.0,1.0,0.0,0.0,1.0,0.0,0.0
4620,c9eccd69e416f78ae,True,,,,,,,,,,1.0,1.0,1.0,1.0,0.8590429543674621,0.0,0.0,1.0,0.0,0.39345092323983194
4621,3bcc1dd4e60503094,True,,,,,,,,,,1.0,1.0,1.0,1.0,0.6403501844808023,1.0,0.0,1.0,1.0,0.7626094326502507
4622,e13710073c3a4f5c6,True,,,,,,,,,,1.0,1.0,1.0,1.0,0.742264111780288,1.0,1.0,1.0,1.0,0.91945753493134
4623,8381bad892c31cd51,True,,,,,,,,,,0.5,0.0,0.5,1.0,1.0,0.0,1.0,1.0,0.0,0.0
4624,ca2e709d5cab0c6e4,True,,,,,,,,,,1.0,1.0,1.0,1.0,0.48775944694597717,1.0,1.0,1.0,0.0,0.7149248271706179
4625,24d9e424388a37357,True,,,,,,,,,,1.0,1.0,1.0,1.0,0.29842105937208896,1.0,0.0,1.0,1.0,0.6557565810537778
4626,7b0ac799452a88ee3,True,,,,,,,,,,1.0,1.0,0.0,1.0,1.0,1.0,0.0,1.0,0.0,0.0
4627,3f9875514c117cb50,True,,,,,,,,,,1.0,1.0,1.0,1.0,0.7111298722281452,1.0,1.0,1.0,0.0,0.7847280850712954
4628,95d7198096423bdb7,True,,,,,,,,,,1.0,1.0,1.0,1.0,0.8125835784046894,1.0,0.0,1.0,1.0,0.8164323682514654
4629,4c03648ccf3301fe7,True,,,,,,,,,,0.0,0.0,1.0,1.0,1.0,0.0,1.0,1.0,1.0,0.0
4630,49e16e57b4df60ee3,True,,,,,,,,,,1.0,1.0,1.0,1.0,0.6945392314308724,1.0,0.0,1.0,0.0,0.6545435098221476
4631,1c913239e8b6739a5,True,,,,,,,,,,1.0,1.0,1.0,1.0,0.4317464351940409,1.0,0.0,1.0,0.0,0.5724207609981378
4632,58a0f95c3ba9a97b9,True,,,,,,,,,,1.0,1.0,1.0,1.0,0.9818439356465886,1.0,0.0,1.0,1.0,0.869326229889559
4633,88c5a08bcfdda91cd,True,,,,,,,,,,1.0,1.0,1.0,1.0,0.7984846004981901,1.0,1.0,1.0,0.0,0.8120264376556844
4634,e4e521f407f1c30df,True,,,,,,,,,,1.0,1.0,1.0,1.0,1.0,1.0,1.0,0.0,0.0,0.75
4635,4aabb029fe206ec39,True,,,,,,,,,,0.0,1.0,1.0,1.0,1.0,0.0,0.0,1.0,1.0,0.0
4636,ed9b2e5da8e4697ad,True,,,,,,,,,,1.0,1.0,1.0,1.0,0.6418084024493097,1.0,0.0,1.0,1.0,0.7630651257654093
4637,32e86d0bba3339136,True,,,,,,,,,,1.0,1.0,1.0,1.0,0.11742765716116188,1.0,0.0,1.0,1.0,0.5991961428628632
4638,2c1063aa4f44cf5f4,True,,,,,,,,,,1.0,1.0,0.5,1.0,1.0,1.0,0.0,1.0,1.0,0.4375
4639,e3bbe6b73a88e1b36,True,,,,,,,,,,1.0,1.0,1.0,1.0,0.5902887202037815,1.0,0.0,1.0,0.0,0.6219652250636818
4640,d2a3fa9bdd6ebc040,True,,,,,,,,,,1.0,1.0,1.0,1.0,0.7429636476830178,1.0,1.0,1.0,0.0,0.7946761399009431
4641,f13774881108b5e55,True,,,,,,,,,,1.0,1.0,0.5,1.0,0.9973443511812212,1.0,1.0,1.0,0.0,0.43708505487206584
4642,70886fe6fcf180420,True,,,,,,,,,,0.0,1.0,1.0,1.0,0.8507688568114797,0.0,0.0,1.0,0.0,0.0
4643,2c7084169dfd8a99a,True,,,,,,,,,,0.0,1.0,0.0,1.0,1.0,0.0,0.0,1.0,0.0,0.0
4644,977312aa1b30d7f8f,True,,,,,,,,,,1.0,0.0,1.0,1.0,1.0,1.0,0.0,1.0,1.0,0.0
4645,39ee7720dd5c83901,True,,,,,,,,,,1.0,0.0,1.0,1.0,0.7040165932751338,1.0,0.0,1.0,0.0,0.0
4646,4dcc314181f8e6c97,True,,,,,,,,,,1.0,1.0,1.0,1.0,0.6695538274876789,1.0,1.0,1.0,0.0,0.7717355710898997
4647,9d5110bb7daed22bf,True,,,,,,,,,,1.0,1.0,1.0,1.0,0.8227416879002211,1.0,1.0,1.0,1.0,0.9446067774688192
4648,bb662cb22384c44c1,True,,,,,,,,,,1.0,1.0,1.0,1.0,0.7022251279541004,1.0,1.0,1.0,1.0,0.9069453524856563
4649,b9bc285e03f488e64,True,,,,,,,,,,1.0,1.0,1.0,1.0,1.0,1.0,0.0,1.0,1.0,0.875
4650,8081e2cd26d042444,True,,,,,,,,,,1.0,1.0,1.0,1.0,1.0,1.0,1.0,1.0,0.0,0.875
4651,ddad060b5ec9428e3,True,,,,,,,,,,1.0,0.0,1.0,1.0,1.0,1.0,0.0,1.0,0.0,0.0
4652,58f8054b16f2c0e47,True,,,,,,,,,,1.0,1.0,1.0,1.0,0.5341106324393833,1.0,0.0,1.0,0.0,0.6044095726373073
4653,3d46e887da2f265d2,True,,,,,,,,,,1.0,1.0,1.0,1.0,0.7000858233296156,1.0,1.0,1.0,0.0,0.7812768197905049
4654,679e3c52a1d70d447,True,,,,,,,,,,1.0,1.0,1.0,1.0,0.8132173672839234,1.0,1.0,0.0,0.0,0.691630427276226
4655,f4fb6e871bef33f03,True,,,,,,,,,,1.0,0.0,0.5,1.0,1.0,1.0,0.0,1.0,0.0,0.0
4656,fa938137662435c29,True,,,,,,,,,,1.0,1.0,1.0,1.0,0.5397816126331128,1.0,1.0,1.0,1.0,0.8561817539478478
4657,ae591052e837d1674,True,,,,,,,,,,1.0,1.0,1.0,1.0,0.1941611751210108,1.0,1.0,1.0,0.0,0.6231753672253159
4658,9895d084a0042fff3,True,,,,,,,,,,1.0,1.0,1.0,1.0,0.8814640323084243,1.0,1.0,1.0,0.0,0.8379575100963825
4659,d55cfce0d6370e76b,True,,,,,,,,,,1.0,1.0,1.0,1.0,0.843012545571378,1.0,0.0,1.0,1.0,0.8259414204910556
4660,765c939c341bbf4f6,True,,,,,,,,,,1.0,1.0,1.0,1.0,0.8143705109120001,1.0,1.0,1.0,1.0,0.94199078466
4661,4cb9cbe26edb17f04,True,,,,,,,,,,1.0,1.0,0.0,1.0,1.0,0.0,1.0,1.0,0.0,0.0
4662,23ab167e45e62295f,True,,,,,,,,,,1.0,0.0,1.0,1.0,1.0,1.0,1.0,1.0,1.0,0.0
4663,08ad22cbb4d9d003b,True,,,,,,,,,,0.0,0.0,1.0,1.0,1.0,0.0,0.0,0.0,0.0,0.0
4664,b73265f459fb49f24,True,,,,,,,,,,1.0,1.0,1.0,1.0,0.9155092563344683,1.0,1.0,1.0,1.0,0.9735966426045213
4665,617af5a1ea48f3d16,True,,,,,,,,,,1.0,1.0,1.0,1.0,0.9914069232502684,1.0,0.0,1.0,1.0,0.8723146635157089
4666,ae09f26f3f98c0e0e,True,,,,,,,,,,1.0,1.0,0.0,1.0,1.0,1.0,0.0,1.0,0.0,0.0
4667,ae177687d99242cad,True,,,,,,,,,,1.0,1.0,1.0,1.0,0.7497626008381251,0.0,0.0,1.0,0.0,0.35930081276191406
4668,cfb8ea140d6258c81,True,,,,,,,,,,1.0,1.0,1.0,1.0,1.0,1.0,0.0,1.0,1.0,0.875
4669,045c91494e0548007,True,,,,,,,,,,1.0,1.0,1.0,1.0,0.5736206715148545,1.0,1.0,1.0,0.0,0.741756459848392
4670,516eb2ea0832b6c1d,True,,,,,,,,,,1.0,1.0,1.0,1.0,1.0,1.0,1.0,1.0,1.0,1.0
4671,7431e431b6e352571,True,,,,,,,,,,1.0,0.0,1.0,1.0,1.0,1.0,0.0,1.0,1.0,0.0
4672,aadb9d0abc30a1215,True,,,,,,,,,,1.0,1.0,1.0,1.0,1.0,1.0,0.0,1.0,0.0,0.75
4673,aa6de707b22dadf30,True,,,,,,,,,,1.0,1.0,1.0,1.0,1.0,1.0,1.0,1.0,0.0,0.875
4674,c7690543523741cf3,True,,,,,,,,,,1.0,1.0,1.0,1.0,1.0,1.0,1.0,1.0,0.0,0.875
4675,d3a043b81ea9596cd,True,,,,,,,,,,1.0,1.0,1.0,1.0,1.0,1.0,0.0,1.0,1.0,0.875
4676,c217a9de321bd6af3,True,,,,,,,,,,1.0,1.0,1.0,1.0,0.98154287234663,1.0,1.0,0.0,0.0,0.7442321476083218
4677,b87411a579f9d7c9e,True,,,,,,,,,,1.0,1.0,1.0,1.0,0.5690214086034101,1.0,1.0,1.0,0.0,0.7403191901885656
4678,a87447007dd75f539,True,,,,,,,,,,1.0,1.0,1.0,1.0,0.7562402919182557,1.0,1.0,1.0,0.0,0.7988250912244549
4679,2526f4007f6477420,True,,,,,,,,,,1.0,1.0,1.0,1.0,0.8924138632045878,1.0,1.0,1.0,1.0,0.9663793322514337
4680,e1d4af242fe8773fa,True,,,,,,,,,,1.0,1.0,1.0,1.0,0.5497414519897337,1.0,0.0,0.0,0.0,0.4842942037467918
4681,89fdadaeadc80221e,True,,,,,,,,,,0.0,1.0,1.0,1.0,1.0,0.0,1.0,1.0,0.0,0.0
4682,e4a4cf72a6a92f620,True,,,,,,,,,,1.0,1.0,1.0,1.0,0.9771103285735969,1.0,0.0,0.0,0.0,0.617846977679249
4683,6d3e5e6a1c2f52b9a,True,,,,,,,,,,1.0,1.0,1.0,1.0,1.0,1.0,0.0,1.0,1.0,0.875
4684,a481ac0055adbf0c2,True,,,,,,,,,,1.0,0.0,1.0,1.0,1.0,1.0,0.0,1.0,0.0,0.0
4685,88fb73c3952c8f9ea,True,,,,,,,,,,0.0,1.0,1.0,1.0,1.0,0.0,0.0,1.0,1.0,0.0
4686,a7eababd56f26dc5e,True,,,,,,,,,,1.0,1.0,1.0,1.0,0.8266715207503479,1.0,1.0,1.0,1.0,0.9458348502344838
4687,aa354b140b6d2c2ab,True,,,,,,,,,,1.0,1.0,0.5,1.0,0.7760536550472349,1.0,1.0,1.0,0.0,0.40250838360113045
4688,0d26c23bce11ae16b,True,,,,,,,,,,1.0,1.0,1.0,1.0,0.841027216012805,1.0,1.0,1.0,0.0,0.8253210050040015
4689,113cb8fed3d36b259,True,,,,,,,,,,1.0,1.0,1.0,1.0,0.7742568003248239,1.0,1.0,1.0,0.0,0.8044552501015074
4690,34096e25c51fff4b8,True,,,,,,,,,,1.0,0.0,1.0,1.0,0.8861048501232156,0.0,0.0,1.0,0.0,0.0
4691,6e1dbb531aa7e9555,True,,,,,,,,,,1.0,1.0,1.0,1.0,0.8169599516895506,1.0,0.0,1.0,0.0,0.6927999849029846
4692,3eb13673463836283,True,,,,,,,,,,1.0,1.0,1.0,1.0,0.49139679461330815,1.0,1.0,1.0,0.0,0.7160614983166588
4693,6f730ed4241558274,True,,,,,,,,,,1.0,1.0,0.5,1.0,1.0,1.0,0.0,1.0,1.0,0.4375
4694,ca4906fdbc82a1b29,True,,,,,,,,,,1.0,1.0,1.0,1.0,0.7202667976281532,1.0,1.0,1.0,1.0,0.9125833742587979
4695,6e878407167faf00e,True,,,,,,,,,,1.0,1.0,1.0,1.0,0.49234468256913005,1.0,0.0,1.0,0.0,0.5913577133028531
4696,8c7b004d36c8af906,True,,,,,,,,,,1.0,1.0,1.0,1.0,0.7131221068121567,1.0,1.0,1.0,1.0,0.910350658378799
4697,8cc9b24e2d92d273a,True,,,,,,,,,,1.0,1.0,1.0,1.0,0.7338248454497114,1.0,0.0,1.0,0.0,0.6668202642030348
4698,891f0c38752897ee9,True,,,,,,,,,,1.0,1.0,0.0,1.0,1.0,1.0,0.0,1.0,1.0,0.0
4699,772ca0f5b2b35d83b,True,,,,,,,,,,1.0,1.0,1.0,0.0,1.0,1.0,1.0,1.0,1.0,0.0
4700,43dd11b817c6bdaa8,True,,,,,,,,,,1.0,1.0,1.0,1.0,1.0,1.0,0.0,1.0,1.0,0.875
4701,10b844b8db1d56b80,True,,,,,,,,,,1.0,1.0,1.0,1.0,0.8619172696723205,1.0,0.0,1.0,1.0,0.8318491467726001
4702,5906874d0d863e9c0,True,,,,,,,,,,1.0,1.0,1.0,1.0,0.9981420100291858,1.0,1.0,1.0,1.0,0.9994193781341205
4703,5fbdf316a30e33058,True,,,,,,,,,,1.0,1.0,1.0,1.0,0.7325268171320756,1.0,0.0,1.0,1.0,0.7914146303537737
4704,9e0949ca46f2a4a49,True,,,,,,,,,,1.0,1.0,1.0,1.0,1.0,1.0,1.0,1.0,0.0,0.875
4705,b9ec6c1f605a620f0,True,,,,,,,,,,1.0,1.0,1.0,1.0,0.7029121168510484,1.0,0.0,1.0,1.0,0.7821600365159527
4706,ddae067a0bdc3d1ec,True,,,,,,,,,,1.0,1.0,0.0,1.0,0.9852763328700385,1.0,0.0,1.0,0.0,0.0
4707,53c6f9cae0f7a4cd1,True,,,,,,,,,,0.0,1.0,1.0,1.0,1.0,0.0,1.0,0.0,0.0,0.0
4708,2f7d514e5c41a23d7,True,,,,,,,,,,1.0,1.0,0.0,1.0,1.0,1.0,0.0,1.0,1.0,0.0
4709,5b491d7bff86c3e61,True,,,,,,,,,,1.0,1.0,1.0,1.0,0.6035662421111061,1.0,1.0,1.0,1.0,0.8761144506597207
4710,96260f12e203e8493,True,,,,,,,,,,1.0,1.0,1.0,1.0,0.628886254290886,1.0,1.0,1.0,0.0,0.7590269544659018
4711,ca6194714b4b58cfb,True,,,,,,,,,,1.0,1.0,1.0,1.0,0.9156020413076951,1.0,0.0,1.0,0.0,0.7236256379086548
4712,298d397ff94dd0eb4,True,,,,,,,,,,1.0,1.0,1.0,1.0,0.7760379244436572,1.0,0.0,1.0,1.0,0.8050118513886428
4713,89b122a0c34e4ff5b,True,,,,,,,,,,1.0,1.0,1.0,1.0,0.3877744878386178,1.0,0.0,1.0,0.0,0.5586795274495681
4714,ba9155b84dc322eac,True,,,,,,,,,,1.0,1.0,1.0,1.0,0.641158868398909,1.0,0.0,1.0,1.0,0.7628621463746591
4715,02d2d3d4304682d94,True,,,,,,,,,,1.0,1.0,1.0,1.0,0.8688619682857658,1.0,1.0,1.0,1.0,0.9590193650893017
4716,98d803d8ab5715cf8,True,,,,,,,,,,1.0,1.0,1.0,1.0,0.8291757317239686,1.0,1.0,0.0,0.0,0.6966174161637402
4717,d04ff28ed5ef1d0d5,True,,,,,,,,,,1.0,1.0,1.0,1.0,0.8787091371921114,1.0,1.0,1.0,1.0,0.9620966053725348
4718,cff8174da68b6ed57,True,,,,,,,,,,1.0,1.0,1.0,1.0,0.5243243009624533,1.0,0.0,1.0,0.0,0.6013513440507666
4719,62bb22ff90b4ff60a,True,,,,,,,,,,1.0,1.0,1.0,1.0,0.6927047383388436,1.0,1.0,1.0,0.0,0.7789702307308886
4720,a6b18ec8b52f580ef,True,,,,,,,,,,1.0,1.0,1.0,1.0,0.22746773280843888,1.0,1.0,1.0,0.0,0.6335836665026371
4721,cf516d2c4d97e69a8,True,,,,,,,,,,1.0,0.0,1.0,1.0,1.0,1.0,1.0,1.0,1.0,0.0
4722,ac83e59ec47471195,True,,,,,,,,,,1.0,1.0,1.0,1.0,0.6113501219668201,1.0,0.0,1.0,0.0,0.6285469131146313
4723,63f0437b508ffc626,True,,,,,,,,,,1.0,1.0,1.0,1.0,0.49725192333070334,0.0,0.0,1.0,0.0,0.28039122604084477
4724,67aafbe3b9430e738,True,,,,,,,,,,0.0,1.0,1.0,1.0,1.0,0.0,1.0,1.0,1.0,0.0
4725,cbfd9eec69d28b38b,True,,,,,,,,,,1.0,1.0,1.0,1.0,0.6898544993852189,1.0,1.0,1.0,0.0,0.778079531057881
4726,b73770a1de3ee8a3f,True,,,,,,,,,,1.0,1.0,1.0,1.0,0.4725345417999733,1.0,1.0,1.0,1.0,0.8351670443124917
4727,d2e7ee3ace0b92dee,True,,,,,,,,,,1.0,1.0,1.0,1.0,0.4761064373551992,1.0,1.0,1.0,1.0,0.8362832616734998
4728,20bf71807ad99d0aa,True,,,,,,,,,,0.0,1.0,1.0,1.0,1.0,0.0,1.0,1.0,1.0,0.0
4729,343c682cb6fb49290,True,,,,,,,,,,1.0,1.0,1.0,1.0,0.7879592620079716,1.0,0.0,1.0,1.0,0.8087372693774911
4730,214aedc89904305ef,True,,,,,,,,,,1.0,1.0,1.0,0.0,1.0,1.0,1.0,1.0,1.0,0.0
4731,a9c58159eca823219,True,,,,,,,,,,0.0,0.0,1.0,1.0,1.0,0.0,1.0,1.0,1.0,0.0
4732,fbdc714c905b7409f,True,,,,,,,,,,1.0,1.0,1.0,1.0,0.5452995841526005,1.0,0.0,1.0,1.0,0.7329061200476876
4733,fb36accc7106e30af,True,,,,,,,,,,1.0,1.0,1.0,1.0,0.526409044314883,1.0,0.0,1.0,0.0,0.602002826348401
4734,8a73882c047d96e3f,True,,,,,,,,,,1.0,1.0,1.0,1.0,0.30295538937951905,1.0,0.0,1.0,0.0,0.5321735591810997
4735,ca366055bc1b9838a,True,,,,,,,,,,1.0,1.0,1.0,1.0,1.0,1.0,1.0,1.0,1.0,1.0
4736,6b8247643fb8d921c,True,,,,,,,,,,1.0,1.0,1.0,1.0,0.5255124654314305,1.0,0.0,1.0,1.0,0.726722645447322
4737,e9f1d3b368a8f7603,True,,,,,,,,,,1.0,1.0,1.0,1.0,0.25066351788983965,1.0,0.0,1.0,0.0,0.5158323493405749
4738,5d72351d0cf4540a5,True,,,,,,,,,,1.0,0.0,1.0,1.0,0.7361207584165974,1.0,1.0,1.0,0.0,0.0
4739,1d5df5d9b3e4a5b4e,True,,,,,,,,,,1.0,1.0,1.0,1.0,0.8532439737335814,1.0,1.0,1.0,1.0,0.9541387417917442
4740,4cf3497675a6d22b9,True,,,,,,,,,,1.0,1.0,0.5,1.0,0.711207768782985,1.0,0.0,1.0,1.0,0.3923762138723414
4741,36ae44a98b7378f57,True,,,,,,,,,,1.0,1.0,1.0,1.0,0.37843075468170073,1.0,1.0,1.0,1.0,0.8057596108380315
4742,85cab6604a5a39b78,True,,,,,,,,,,0.0,1.0,0.0,1.0,1.0,0.0,0.0,1.0,1.0,0.0
4743,7abb624adfb880027,True,,,,,,,,,,1.0,1.0,1.0,1.0,0.6924848116825012,1.0,0.0,1.0,0.0,0.6539015036507816
4744,d31445529f320e6e9,True,,,,,,,,,,0.0,1.0,1.0,1.0,1.0,0.0,1.0,1.0,0.0,0.0
4745,c88ec2d9a664ec957,True,,,,,,,,,,1.0,1.0,1.0,1.0,1.0,0.0,1.0,1.0,1.0,0.6875
4746,0af32ef4c6cb2b293,True,,,,,,,,,,1.0,1.0,0.0,1.0,1.0,1.0,0.0,1.0,1.0,0.0
4747,29034e89288b15cef,True,,,,,,,,,,1.0,1.0,1.0,1.0,1.0,1.0,1.0,1.0,1.0,1.0
4748,2715084d8bf201e97,True,,,,,,,,,,1.0,1.0,1.0,1.0,0.9682519934090235,1.0,1.0,1.0,1.0,0.9900787479403198
4749,4aaea4c50ce77a4de,True,,,,,,,,,,0.5,0.0,1.0,1.0,1.0,0.0,1.0,0.0,0.0,0.0
4750,ee826c29f16b824e8,True,,,,,,,,,,1.0,1.0,1.0,1.0,0.5285820887221373,1.0,1.0,1.0,1.0,0.8526819027256679
4751,e6c702d5c053c4516,True,,,,,,,,,,1.0,1.0,1.0,1.0,0.7814946838800265,1.0,0.0,1.0,0.0,0.6817170887125084
4752,daae79609618606ae,True,,,,,,,,,,1.0,1.0,1.0,1.0,0.7542355290432015,1.0,0.0,1.0,0.0,0.6731986028260004
4753,da024028d53215ba3,True,,,,,,,,,,1.0,1.0,1.0,1.0,0.7623456097299248,1.0,1.0,1.0,0.0,0.8007330030406015
4754,cd454286dc0a75391,True,,,,,,,,,,1.0,0.0,1.0,1.0,1.0,1.0,1.0,1.0,1.0,0.0
4755,27f023bf8333f5410,True,,,,,,,,,,1.0,1.0,1.0,1.0,0.4656483552671401,1.0,1.0,1.0,0.0,0.7080151110209812
4756,423fdbe39c764f2e2,True,,,,,,,,,,1.0,1.0,1.0,1.0,0.535525463899957,1.0,1.0,1.0,0.0,0.7298517074687365
4757,c725d6fa44dc9c6d6,True,,,,,,,,,,0.0,1.0,1.0,1.0,1.0,0.0,1.0,1.0,0.0,0.0
4758,759a8a1916ceaf38d,True,,,,,,,,,,1.0,1.0,1.0,1.0,0.6377499739353384,1.0,1.0,1.0,0.0,0.7617968668547932
4759,25c0bd003a55fd341,True,,,,,,,,,,1.0,1.0,1.0,1.0,0.8490985100374431,1.0,1.0,1.0,1.0,0.952843284386701
4760,c909e005442d28a9c,True,,,,,,,,,,1.0,1.0,1.0,1.0,0.27035595880111407,1.0,0.0,1.0,1.0,0.6469862371253481
4761,dd51833cafb701a23,True,,,,,,,,,,1.0,1.0,1.0,1.0,0.7827778544808155,1.0,1.0,0.0,1.0,0.8071180795252548
4762,f62d00569dc5be2b9,True,,,,,,,,,,1.0,1.0,1.0,1.0,0.49605337780416153,1.0,1.0,1.0,1.0,0.8425166805638005
4763,1f85e503d38a543ba,True,,,,,,,,,,1.0,1.0,1.0,1.0,0.7855450298514832,1.0,0.0,1.0,1.0,0.8079828218285885
4764,c25da0ddaa99c1dd9,True,,,,,,,,,,0.0,1.0,1.0,1.0,1.0,0.0,1.0,1.0,1.0,0.0
4765,bebc043b24bdb6ddf,True,,,,,,,,,,1.0,0.0,1.0,1.0,0.4766289683894899,1.0,1.0,1.0,0.0,0.0
4766,c37d82f1251543152,True,,,,,,,,,,1.0,1.0,1.0,1.0,0.8442859770828929,1.0,0.0,1.0,0.0,0.701339367838404
4767,c7f30a40dbc7d2bf8,True,,,,,,,,,,1.0,1.0,1.0,1.0,0.8290873521606721,1.0,1.0,1.0,1.0,0.94658979755021
4768,7f0488639b20ae5c7,True,,,,,,,,,,1.0,1.0,1.0,1.0,0.8334454577426453,1.0,1.0,1.0,0.0,0.8229517055445766
4769,1101b454c3a1637f1,True,,,,,,,,,,1.0,1.0,1.0,1.0,0.645310267290659,1.0,0.0,1.0,1.0,0.7641594585283309
4770,9e6370c960ce41937,True,,,,,,,,,,1.0,1.0,1.0,1.0,0.5972821337184595,1.0,0.0,1.0,1.0,0.7491506667870186
4771,d784680050236fe52,True,,,,,,,,,,1.0,1.0,1.0,1.0,0.7515978014092014,1.0,0.0,1.0,1.0,0.7973743129403754
4772,15b6cbe22ab535f70,True,,,,,,,,,,1.0,1.0,1.0,1.0,0.7118411554415279,1.0,1.0,1.0,0.0,0.7849503610754774
4773,a8b1bc8442e0fb5b1,True,,,,,,,,,,1.0,1.0,1.0,1.0,0.7273499116819583,1.0,0.0,1.0,1.0,0.789796847400612
4774,28203b9c4a54e7875,True,,,,,,,,,,0.0,1.0,1.0,1.0,1.0,0.0,0.0,1.0,0.0,0.0
4775,c0c4cd4a0562039fc,True,,,,,,,,,,1.0,0.0,1.0,1.0,1.0,1.0,1.0,1.0,1.0,0.0
4776,765fab253a51a77e4,True,,,,,,,,,,1.0,1.0,1.0,1.0,0.613051600774458,1.0,0.0,1.0,1.0,0.7540786252420182
4777,c021ad43ee2e51dd3,True,,,,,,,,,,1.0,1.0,1.0,1.0,0.9040982876363187,1.0,1.0,1.0,0.0,0.8450307148863496
4778,f4eac938a68f3b495,True,,,,,,,,,,1.0,1.0,1.0,1.0,0.7998308283616767,1.0,1.0,1.0,0.0,0.8124471338630239
4779,53584220d24323201,True,,,,,,,,,,1.0,1.0,0.5,1.0,0.7698856889223913,1.0,0.0,1.0,1.0,0.4015446388941236
4780,01898e4c2520a9400,True,,,,,,,,,,1.0,1.0,1.0,1.0,0.5001572554029068,1.0,1.0,0.0,0.0,0.5937991423134084
4781,ddb08f9eb92516246,True,,,,,,,,,,1.0,1.0,0.5,1.0,0.581027039053247,1.0,1.0,1.0,1.0,0.43453547485206984
4782,5b9f80fbe5e67358f,True,,,,,,,,,,1.0,0.0,1.0,1.0,1.0,1.0,0.0,1.0,0.0,0.0
4783,329e52d1e0ada86f6,True,,,,,,,,,,1.0,1.0,1.0,1.0,0.6035662421111061,1.0,1.0,1.0,1.0,0.8761144506597207
4784,f8e452be20910fe87,True,,,,,,,,,,0.0,1.0,1.0,1.0,1.0,0.0,0.0,0.0,0.0,0.0
4785,01d3cc0b8eddd804c,True,,,,,,,,,,1.0,1.0,1.0,1.0,0.302603740880352,1.0,0.0,1.0,0.0,0.53206366902511
4786,b652abb8dca7b06f0,True,,,,,,,,,,1.0,1.0,0.5,1.0,0.9861184428752439,1.0,1.0,1.0,0.0,0.43533100669925684
4787,a0a8ed182426d3f05,True,,,,,,,,,,1.0,1.0,1.0,1.0,0.8969594529108889,1.0,1.0,1.0,1.0,0.9677998290346528
4788,9e0e0c6fe70eeb1d8,True,,,,,,,,,,1.0,0.0,1.0,1.0,1.0,1.0,0.0,1.0,0.0,0.0
4789,3cf1a7b9d21da00c2,True,,,,,,,,,,1.0,1.0,1.0,1.0,0.41056722272270996,1.0,0.0,1.0,1.0,0.6908022571008469
4790,7516958eab299d94d,True,,,,,,,,,,1.0,1.0,1.0,1.0,0.1528338146951257,1.0,1.0,1.0,0.0,0.6102605670922268
4791,af944ea40728e6074,True,,,,,,,,,,1.0,1.0,1.0,1.0,0.5456536821253059,1.0,1.0,1.0,1.0,0.8580167756641581
4792,8d00654f6a07c6c75,True,,,,,,,,,,1.0,1.0,1.0,1.0,0.6193649372115877,1.0,1.0,1.0,1.0,0.8810515428786212
4793,6d7bece364fac8d01,True,,,,,,,,,,1.0,0.0,1.0,1.0,1.0,1.0,0.0,0.0,0.0,0.0
4794,52e9709be4289e9ff,True,,,,,,,,,,1.0,1.0,0.5,1.0,0.8822597548346996,1.0,0.0,1.0,1.0,0.41910308669292184
4795,69efea362deb3273e,True,,,,,,,,,,1.0,0.0,1.0,1.0,1.0,1.0,1.0,1.0,1.0,0.0
4796,e4cc46ea076c674d9,True,,,,,,,,,,1.0,1.0,0.5,1.0,0.43806806025533224,1.0,0.0,1.0,0.0,0.28719813441489567
4797,22264d7c1336430c1,True,,,,,,,,,,1.0,1.0,1.0,1.0,0.5177945490685597,1.0,1.0,1.0,1.0,0.8493107965839249
4798,815411526d5f2c6d5,True,,,,,,,,,,1.0,0.0,0.5,1.0,1.0,1.0,0.0,1.0,1.0,0.0
4799,195adbb128cbfeea4,True,,,,,,,,,,1.0,1.0,1.0,1.0,1.0,1.0,0.0,1.0,1.0,0.875
4800,b5dd0e82552c5ca8c,True,,,,,,,,,,1.0,1.0,1.0,1.0,0.7900234176063703,1.0,1.0,1.0,0.0,0.8093823180019908
4801,b3caab7fde86ee89e,True,,,,,,,,,,1.0,1.0,1.0,1.0,0.6824487381029833,1.0,0.0,1.0,1.0,0.7757652306571823
4802,a34ac70446a543335,True,,,,,,,,,,1.0,1.0,1.0,1.0,0.938648786816294,1.0,0.0,1.0,1.0,0.8558277458800919
4803,4f2cdfaccb0f4bfac,True,,,,,,,,,,1.0,1.0,1.0,1.0,0.7836841310797997,1.0,0.0,1.0,1.0,0.8074012909624374
4804,6dc215cf4dcd911e3,True,,,,,,,,,,1.0,1.0,1.0,1.0,0.038332297156761286,1.0,1.0,1.0,1.0,0.699478842861488
4805,32888a8d5ffa4cfa6,True,,,,,,,,,,1.0,1.0,1.0,0.0,1.0,1.0,1.0,1.0,0.0,0.0
4806,8e3348c3a2dfabeab,True,,,,,,,,,,1.0,1.0,0.5,1.0,0.6157293342918008,1.0,1.0,1.0,0.0,0.3774577084830939
4807,fd21a94f937e1535f,True,,,,,,,,,,1.0,0.0,1.0,1.0,0.9579451459567784,1.0,1.0,1.0,0.0,0.0
4808,d684c7c8d5a53f7d2,True,,,,,,,,,,1.0,1.0,1.0,1.0,0.46857257127727836,1.0,1.0,1.0,1.0,0.8339289285241495
4809,db738e711b7d7a1c7,True,,,,,,,,,,1.0,1.0,1.0,1.0,0.6434280330158113,1.0,1.0,1.0,1.0,0.888571260317441
4810,553cf28c0505a3ed6,True,,,,,,,,,,1.0,1.0,1.0,1.0,0.883586818760506,1.0,0.0,1.0,1.0,0.8386208808626581
4811,35dde9258cf9db5c2,True,,,,,,,,,,1.0,1.0,1.0,1.0,0.6479993761953896,1.0,0.0,1.0,0.0,0.6399998050610592
4812,9db723ede5227209d,True,,,,,,,,,,1.0,1.0,0.0,1.0,1.0,1.0,0.0,0.0,0.0,0.0
4813,b94470389611028aa,True,,,,,,,,,,0.5,0.0,1.0,1.0,1.0,0.0,0.0,1.0,0.0,0.0
4814,fac0a5c373900e63b,True,,,,,,,,,,1.0,0.0,1.0,1.0,0.42123750131716037,1.0,1.0,1.0,1.0,0.0
4815,b6d61abe346b88db3,True,,,,,,,,,,1.0,1.0,1.0,1.0,0.7646836298521817,1.0,1.0,1.0,1.0,0.9264636343288069
4816,f60e4c60846b1a1da,True,,,,,,,,,,1.0,1.0,1.0,1.0,0.7137856481102977,1.0,1.0,1.0,0.0,0.785558015034468
4817,a480f952c0cac164f,True,,,,,,,,,,1.0,1.0,1.0,1.0,0.2991753333566693,1.0,1.0,1.0,1.0,0.7809922916739591
4818,983f5e64888cf8b80,True,,,,,,,,,,1.0,1.0,1.0,1.0,0.9008910786358734,1.0,0.0,1.0,0.0,0.7190284620737104
4819,c82ec728742abfe9a,True,,,,,,,,,,1.0,1.0,1.0,1.0,0.3695134212759724,1.0,1.0,1.0,1.0,0.8029729441487414
4820,6a64e3a4f1172e34a,True,,,,,,,,,,1.0,0.0,1.0,1.0,1.0,1.0,0.0,1.0,0.0,0.0
4821,c966f12167e10d758,True,,,,,,,,,,1.0,1.0,1.0,1.0,1.0,1.0,1.0,1.0,1.0,1.0
4822,c4a089c490ce6eb9e,True,,,,,,,,,,0.0,1.0,1.0,1.0,1.0,0.0,1.0,1.0,1.0,0.0
4823,07d73bb7099662d82,True,,,,,,,,,,0.0,1.0,1.0,1.0,1.0,0.0,0.0,1.0,0.0,0.0
4824,d9bde28612a6aad4f,True,,,,,,,,,,1.0,0.0,0.5,1.0,1.0,1.0,0.0,0.0,0.0,0.0
4825,7ed807aaa179c87b1,True,,,,,,,,,,1.0,1.0,1.0,1.0,1.0,1.0,1.0,1.0,1.0,1.0
4826,74a93e74eb8082fae,True,,,,,,,,,,0.0,1.0,1.0,1.0,1.0,0.0,0.0,1.0,1.0,0.0
4827,0b204ead40703c13f,True,,,,,,,,,,1.0,1.0,1.0,1.0,0.6015682537624464,1.0,1.0,1.0,0.0,0.7504900793007645
4828,108277792b2690db0,True,,,,,,,,,,1.0,1.0,1.0,1.0,0.6683458109848142,1.0,1.0,1.0,1.0,0.8963580659327544
4829,e6ff8ec91b67a0256,True,,,,,,,,,,1.0,1.0,1.0,1.0,0.7303002561415936,1.0,1.0,1.0,0.0,0.790718830044248
4830,baf1cc49f4250c41a,True,,,,,,,,,,0.0,1.0,1.0,1.0,1.0,0.0,0.0,1.0,1.0,0.0
4831,38c6024c468e96db8,True,,,,,,,,,,1.0,1.0,1.0,1.0,0.552926045444813,1.0,0.0,1.0,1.0,0.7352893892015041
4832,467d1a5ec9c912bda,True,,,,,,,,,,1.0,1.0,1.0,1.0,1.0,1.0,0.0,1.0,1.0,0.875
4833,43bcce57368a6bbc8,True,,,,,,,,,,1.0,1.0,0.5,1.0,1.0,1.0,0.0,1.0,1.0,0.4375
4834,bb000886556fcf3ea,True,,,,,,,,,,1.0,1.0,1.0,1.0,0.46726521350370165,1.0,0.0,1.0,1.0,0.7085203792199067
4835,b1c87adfc82a52734,True,,,,,,,,,,1.0,1.0,1.0,1.0,1.0,1.0,0.0,1.0,1.0,0.875
4836,b479708037b5c5d7c,True,,,,,,,,,,1.0,1.0,1.0,1.0,0.7071982077086206,1.0,1.0,1.0,1.0,0.9084994399089439
4837,5c23f7f4493bf911d,True,,,,,,,,,,1.0,1.0,1.0,1.0,0.7613671981352057,1.0,0.0,1.0,1.0,0.8004272494172517
4838,ab30a09f899e6330e,True,,,,,,,,,,1.0,1.0,1.0,1.0,0.35367886286880623,1.0,1.0,1.0,1.0,0.7980246446465019
4839,874ca7613e4fb30ba,True,,,,,,,,,,1.0,1.0,1.0,1.0,1.0,1.0,0.0,1.0,0.0,0.75
4840,6f033e7af721547a9,True,,,,,,,,,,1.0,0.0,1.0,1.0,0.6426157789001128,1.0,1.0,1.0,0.0,0.0
4841,5b11f358da127ff72,True,,,,,,,,,,1.0,1.0,0.5,1.0,0.7542425060302832,1.0,0.0,1.0,0.0,0.33660039156723176
4842,c9e57d49438cf3843,True,,,,,,,,,,1.0,1.0,1.0,1.0,0.7383342371687377,1.0,1.0,1.0,1.0,0.9182294491152305
4843,ff06d29f106ca64e4,True,,,,,,,,,,1.0,1.0,1.0,1.0,1.0,1.0,1.0,1.0,0.0,0.875
4844,7eaedaf0e0d844712,True,,,,,,,,,,1.0,1.0,1.0,1.0,0.7793282389199019,1.0,1.0,1.0,1.0,0.9310400746624694
4845,b81b74ab58ca68574,True,,,,,,,,,,1.0,1.0,0.0,1.0,0.7831828681968298,1.0,1.0,0.0,0.0,0.0
4846,8567f7439d7a4586e,True,,,,,,,,,,1.0,1.0,1.0,1.0,1.0,1.0,1.0,1.0,1.0,1.0
4847,88fd88a24f2995978,True,,,,,,,,,,1.0,1.0,1.0,1.0,1.0,1.0,0.0,0.0,0.0,0.625
4848,085b907f63a37b0ac,True,,,,,,,,,,1.0,1.0,1.0,1.0,0.8094610209190097,1.0,1.0,1.0,1.0,0.9404565690371905
4849,0584fafb0cb401aaf,True,,,,,,,,,,1.0,1.0,0.5,1.0,0.9724794521718131,1.0,1.0,1.0,0.0,0.4331999144018458
4850,72a853c092fda384e,True,,,,,,,,,,1.0,1.0,1.0,1.0,1.0,1.0,0.0,1.0,1.0,0.875
4851,1724e4388e1fa5055,True,,,,,,,,,,1.0,1.0,1.0,1.0,0.6656788685378979,1.0,1.0,1.0,1.0,0.895524646418093
4852,b9cbb58cb1e1b0dee,True,,,,,,,,,,1.0,1.0,1.0,1.0,0.5537790322506252,1.0,1.0,1.0,1.0,0.8605559475783204
4853,6a62285a9933482cb,True,,,,,,,,,,1.0,1.0,0.0,1.0,1.0,1.0,0.0,1.0,0.0,0.0
4854,2288b831536d541ba,True,,,,,,,,,,0.0,1.0,1.0,1.0,0.7948512329341155,0.0,1.0,1.0,1.0,0.0
4855,8fb206a9ce8434f01,True,,,,,,,,,,1.0,1.0,1.0,1.0,1.0,1.0,0.0,1.0,1.0,0.875
4856,f216d1ab22df1e533,True,,,,,,,,,,1.0,1.0,1.0,1.0,0.6612965162615215,1.0,1.0,1.0,0.0,0.7691551613317255
4857,ff17ac7233820a90f,True,,,,,,,,,,1.0,1.0,1.0,1.0,1.0,1.0,0.0,1.0,0.0,0.75
4858,fe70456ec5ebc1918,True,,,,,,,,,,1.0,1.0,1.0,1.0,0.8438559470669993,1.0,1.0,1.0,0.0,0.8262049834584373
4859,2d73739d94bdfb12e,True,,,,,,,,,,1.0,1.0,1.0,1.0,1.0,0.0,0.0,0.0,0.0,0.3125
4860,749fa88824e849ee8,True,,,,,,,,,,1.0,1.0,1.0,1.0,0.7985019189551561,1.0,1.0,1.0,1.0,0.9370318496734863
4861,626d07f3f8b80566b,True,,,,,,,,,,1.0,1.0,1.0,1.0,0.9435514194004003,1.0,1.0,1.0,1.0,0.9823598185626251
4862,1e0bfb2c4139f0062,True,,,,,,,,,,1.0,1.0,1.0,1.0,1.0,1.0,0.0,1.0,0.0,0.75
4863,4232b6ce6d0b377b8,True,,,,,,,,,,1.0,1.0,1.0,1.0,0.376049889008163,1.0,1.0,1.0,0.0,0.6800155903150509
4864,5a562731374a3054b,True,,,,,,,,,,1.0,1.0,1.0,1.0,0.5667191296632456,1.0,1.0,1.0,1.0,0.8645997280197643
4865,e4dc487d828f489c8,True,,,,,,,,,,1.0,1.0,1.0,1.0,0.6424149183730901,1.0,1.0,1.0,0.0,0.7632546619915906
4866,557e221eea6bbdd42,True,,,,,,,,,,1.0,1.0,1.0,1.0,0.43438947667833816,1.0,1.0,1.0,1.0,0.8232467114619807
4867,b8adc6e76a36fd705,True,,,,,,,,,,1.0,1.0,1.0,1.0,0.5619602578111972,1.0,0.0,1.0,1.0,0.7381125805659992
4868,4366160abaeabb363,True,,,,,,,,,,1.0,1.0,1.0,1.0,0.8407872712058577,1.0,1.0,1.0,0.0,0.8252460222518305
4869,3de0117d8b0d82352,True,,,,,,,,,,1.0,1.0,1.0,1.0,0.6237246632577257,1.0,0.0,1.0,0.0,0.6324139572680393
4870,72df155b106ed7e16,True,,,,,,,,,,1.0,0.0,1.0,1.0,0.37164278624630065,1.0,1.0,1.0,1.0,0.0
4871,8fa659be9812d12ac,True,,,,,,,,,,1.0,1.0,1.0,1.0,1.0,1.0,0.0,1.0,1.0,0.875
4872,9f1e97dfb6a8d6a6e,True,,,,,,,,,,1.0,1.0,1.0,1.0,0.95374231895147,1.0,1.0,1.0,1.0,0.9855444746723343
4873,7382576570c02547b,True,,,,,,,,,,1.0,1.0,1.0,1.0,0.6806428622787452,1.0,0.0,1.0,0.0,0.6502008944621078
4874,fff9b31e14a7c9885,True,,,,,,,,,,1.0,1.0,1.0,1.0,0.8254062405722383,1.0,1.0,1.0,0.0,0.8204394501788245
4875,7c2bed78bc3df5a9b,True,,,,,,,,,,1.0,1.0,0.5,1.0,1.0,1.0,0.0,1.0,0.0,0.375
4876,7cd1093d133170449,True,,,,,,,,,,1.0,0.0,1.0,1.0,1.0,1.0,1.0,1.0,0.0,0.0
4877,f8b4dade556ee29d7,True,,,,,,,,,,1.0,1.0,1.0,1.0,0.6049754574837559,1.0,0.0,1.0,1.0,0.7515548304636737
4878,1cc31a1834f400ea1,True,,,,,,,,,,1.0,1.0,1.0,1.0,0.7364304122579067,0.0,0.0,1.0,1.0,0.48013450383059586
4879,03e028a3b31005826,True,,,,,,,,,,1.0,1.0,1.0,1.0,0.8567516362348556,1.0,1.0,1.0,0.0,0.8302348863233924
4880,c8f09b5608e102dfb,True,,,,,,,,,,1.0,1.0,1.0,1.0,1.0,1.0,1.0,1.0,1.0,1.0
4881,1e6e2d318ec0f30bf,True,,,,,,,,,,1.0,0.0,1.0,1.0,0.7463749952861123,1.0,1.0,1.0,1.0,0.0
4882,c293d0be2f2680817,True,,,,,,,,,,1.0,0.0,0.5,1.0,1.0,1.0,0.0,0.0,0.0,0.0
4883,f39b90bb6aa1bbac7,True,,,,,,,,,,0.0,1.0,1.0,1.0,1.0,0.0,0.0,1.0,1.0,0.0
4884,bc0871e224359d4c3,True,,,,,,,,,,1.0,1.0,1.0,1.0,0.7474496994122892,1.0,1.0,1.0,1.0,0.9210780310663405
4885,e4b33d7affe423d8f,True,,,,,,,,,,1.0,1.0,1.0,1.0,1.0,1.0,1.0,1.0,0.0,0.875
4886,ab0ba6120248926e3,True,,,,,,,,,,1.0,0.0,1.0,1.0,1.0,1.0,0.0,1.0,0.0,0.0
4887,81dcc1a7db52cf064,True,,,,,,,,,,1.0,1.0,1.0,1.0,0.09549291583657012,1.0,0.0,1.0,1.0,0.5923415361989282
4888,ceabdb590d507edf3,True,,,,,,,,,,1.0,1.0,1.0,1.0,0.7809637335712797,1.0,0.0,1.0,0.0,0.6815511667410249
4889,1c973ecab8156df90,True,,,,,,,,,,1.0,1.0,1.0,1.0,1.0,1.0,0.0,1.0,0.0,0.75
4890,c9b6f0f21e11dae54,True,,,,,,,,,,1.0,1.0,1.0,1.0,0.6895763894412541,1.0,0.0,1.0,1.0,0.7779926217003919
4891,2f7d76aaf1c498bdf,True,,,,,,,,,,1.0,0.0,1.0,1.0,0.609023426424499,1.0,1.0,1.0,0.0,0.0
4892,946712c7d5a1cec37,True,,,,,,,,,,1.0,1.0,1.0,1.0,1.0,1.0,1.0,1.0,0.0,0.875
4893,27007a0ff06d16d30,True,,,,,,,,,,1.0,1.0,1.0,1.0,1.0,1.0,1.0,1.0,0.0,0.875
4894,d118da84ab5c39b69,True,,,,,,,,,,1.0,1.0,1.0,1.0,0.814467875895141,1.0,0.0,1.0,1.0,0.8170212112172316
4895,dd6cf78b8b897a171,True,,,,,,,,,,1.0,0.0,1.0,1.0,1.0,1.0,0.0,1.0,1.0,0.0
4896,5ae5fc96ae87f7041,True,,,,,,,,,,1.0,1.0,1.0,1.0,0.38719117568224426,1.0,1.0,1.0,0.0,0.6834972424007013
4897,47fd69d104912e67a,True,,,,,,,,,,1.0,0.0,1.0,1.0,0.5956988047289387,1.0,1.0,1.0,0.0,0.0
4898,f594bad990074c0ce,True,,,,,,,,,,1.0,1.0,1.0,1.0,0.9623654947399383,1.0,0.0,1.0,1.0,0.8632392171062306
4899,4fd56da0ff5065a4d,True,,,,,,,,,,1.0,1.0,1.0,1.0,0.7078542406783924,1.0,1.0,1.0,0.0,0.7837044502119976
4900,980cc797db6c51c02,True,,,,,,,,,,1.0,1.0,1.0,1.0,0.816578329218267,1.0,1.0,1.0,0.0,0.8176807278807084
4901,86503ecf3c1b0f902,True,,,,,,,,,,1.0,1.0,1.0,1.0,0.7892886835135527,1.0,1.0,1.0,0.0,0.8091527135979852
4902,1b905261d3f70d1f0,True,,,,,,,,,,1.0,1.0,1.0,1.0,0.6925291037917026,1.0,1.0,1.0,0.0,0.7789153449349071
4903,cffdc69f30e1aeda2,True,,,,,,,,,,1.0,1.0,1.0,1.0,0.9860115065749576,1.0,1.0,1.0,1.0,0.9956285958046742
4904,9a2e4a7f632a3fd8c,True,,,,,,,,,,1.0,0.0,1.0,1.0,1.0,1.0,0.0,0.0,0.0,0.0
4905,2a61f186fe92b261b,True,,,,,,,,,,0.0,1.0,0.0,1.0,1.0,0.0,0.0,1.0,1.0,0.0
4906,0dbe87a99ac3cd3e1,True,,,,,,,,,,1.0,0.0,1.0,1.0,1.0,1.0,0.0,1.0,0.0,0.0
4907,79d6ba3b0e13a7f66,True,,,,,,,,,,1.0,1.0,1.0,1.0,0.904612828638908,1.0,1.0,1.0,1.0,0.9701915089496588
4908,0939026cbd6b9cc48,True,,,,,,,,,,1.0,1.0,1.0,1.0,0.7107004970538277,1.0,0.0,1.0,1.0,0.7845939053293212
4909,fa4a246511ab86e8d,True,,,,,,,,,,1.0,0.0,0.0,1.0,1.0,1.0,0.0,1.0,0.0,0.0
4910,3db39c7599f58de4d,True,,,,,,,,,,1.0,1.0,1.0,1.0,0.34513781365116697,1.0,0.0,1.0,0.0,0.5453555667659897
4911,a81080b37a16b485a,True,,,,,,,,,,1.0,1.0,1.0,1.0,0.8338109749899636,1.0,1.0,1.0,0.0,0.8230659296843637
4912,ac979b78a3cdc5d39,True,,,,,,,,,,0.0,1.0,1.0,1.0,1.0,0.0,1.0,1.0,1.0,0.0
4913,b75d157a5ca10b698,True,,,,,,,,,,1.0,1.0,1.0,1.0,0.7450217893330993,1.0,1.0,1.0,0.0,0.7953193091665935
4914,16f88a7f9c92243cb,True,,,,,,,,,,1.0,0.0,1.0,1.0,1.0,0.0,0.0,1.0,0.0,0.0
4915,a5bcd5a0e9f79cee3,True,,,,,,,,,,1.0,1.0,1.0,1.0,1.0,1.0,1.0,1.0,1.0,1.0
4916,52beeecb68d3427e9,True,,,,,,,,,,1.0,1.0,1.0,1.0,0.7176429443069346,1.0,1.0,1.0,0.0,0.786763420095917
4917,af1a4d903d6c645ce,True,,,,,,,,,,1.0,1.0,1.0,0.0,1.0,1.0,1.0,1.0,0.0,0.0
4918,087f962c16ba01a4c,True,,,,,,,,,,1.0,1.0,1.0,1.0,0.2057581194286515,1.0,0.0,1.0,1.0,0.6267994123214535
4919,b5ee33c961aed53c5,True,,,,,,,,,,1.0,1.0,0.0,1.0,0.8106497522469767,1.0,0.0,1.0,0.0,0.0
4920,a4bf3773c3567bbdc,True,,,,,,,,,,1.0,1.0,1.0,1.0,0.6725783150415273,1.0,1.0,1.0,1.0,0.8976807234504773
4921,cbe5f4984cb4e3fe1,True,,,,,,,,,,1.0,1.0,1.0,1.0,0.6969277311032249,1.0,1.0,1.0,1.0,0.9052899159697578
4922,99c29ddae00eb2eee,True,,,,,,,,,,1.0,0.0,1.0,1.0,1.0,1.0,1.0,1.0,0.0,0.0
4923,5a6f69ea54c00b6d2,True,,,,,,,,,,1.0,1.0,1.0,1.0,0.16738100679680273,1.0,1.0,1.0,0.0,0.6148065646240009
4924,cc716ed59dd6f0250,True,,,,,,,,,,1.0,0.0,1.0,1.0,0.7567044945863672,1.0,1.0,1.0,1.0,0.0
4925,1b742b73235363011,True,,,,,,,,,,1.0,1.0,1.0,0.0,1.0,1.0,1.0,1.0,1.0,0.0
4926,1bb0ace72a38d2201,True,,,,,,,,,,1.0,1.0,1.0,1.0,0.0,1.0,1.0,1.0,1.0,0.6875
4927,d33fcf041654db4d0,True,,,,,,,,,,1.0,1.0,1.0,1.0,0.672001506007898,1.0,0.0,1.0,1.0,0.7725004706274681
4928,0c90e4fca67a92e84,True,,,,,,,,,,0.0,1.0,1.0,1.0,1.0,0.0,0.0,1.0,0.0,0.0
4929,b6b4b0f2f2a7815cb,True,,,,,,,,,,1.0,1.0,1.0,1.0,0.6803833505991838,1.0,1.0,1.0,1.0,0.900119797062245
4930,c27589c1692f0a130,True,,,,,,,,,,1.0,1.0,1.0,1.0,0.8076440672407115,1.0,1.0,1.0,1.0,0.9398887710127224
4931,52b7525b699ef9adf,True,,,,,,,,,,1.0,1.0,1.0,1.0,0.6677615957154506,1.0,1.0,1.0,1.0,0.8961754986610784
4932,20d619058c9ec6829,True,,,,,,,,,,1.0,1.0,1.0,1.0,0.8385088585939657,1.0,0.0,1.0,0.0,0.6995340183106142
4933,07ec0b134ef32ae77,True,,,,,,,,,,1.0,1.0,1.0,1.0,0.9213368333545303,1.0,1.0,1.0,1.0,0.9754177604232908
4934,d4ded05eeb073e97b,True,,,,,,,,,,1.0,0.0,1.0,1.0,1.0,1.0,1.0,1.0,1.0,0.0
4935,5dc4590f82971002e,True,,,,,,,,,,1.0,1.0,1.0,1.0,0.730496017396113,1.0,0.0,1.0,0.0,0.6657800054362853
4936,416a5f6d80036586b,True,,,,,,,,,,1.0,0.0,1.0,1.0,1.0,1.0,0.0,1.0,1.0,0.0
4937,d218a0af775558af6,True,,,,,,,,,,1.0,1.0,0.0,1.0,0.7957820042789022,1.0,0.0,1.0,1.0,0.0
4938,7f77d13ba2f205d87,True,,,,,,,,,,1.0,1.0,1.0,1.0,0.723087568804929,1.0,1.0,1.0,1.0,0.9134648652515402
4939,c23d40512beeb21d4,True,,,,,,,,,,1.0,1.0,1.0,1.0,0.754247609771978,1.0,1.0,1.0,1.0,0.9232023780537432
4940,6ba28ea05bd9dd3df,True,,,,,,,,,,1.0,1.0,1.0,0.0,1.0,1.0,1.0,1.0,1.0,0.0
4941,5e652ec452f5c3eb4,True,,,,,,,,,,1.0,1.0,1.0,1.0,0.9318420982272879,1.0,1.0,1.0,1.0,0.9787006556960275
4942,5fd00e9375f6b46f9,True,,,,,,,,,,1.0,1.0,1.0,1.0,0.41658150327878296,1.0,0.0,1.0,1.0,0.6926817197746197
4943,dcc637b763e600173,True,,,,,,,,,,1.0,1.0,1.0,1.0,0.9886735560506615,1.0,1.0,0.0,0.0,0.7464604862658317
4944,ba3335342af8a6b57,True,,,,,,,,,,1.0,1.0,1.0,1.0,0.8038174181410932,1.0,0.0,1.0,1.0,0.8136929431690916
4945,dbf2ff6fc16bf1dbf,True,,,,,,,,,,1.0,1.0,1.0,1.0,0.7480648522358084,1.0,0.0,1.0,1.0,0.7962702663236901
4946,ad43e2b3ade61b59c,True,,,,,,,,,,1.0,1.0,1.0,1.0,0.7435576845339381,1.0,0.0,1.0,0.0,0.6698617764168556
4947,24d20a80a611d5e65,True,,,,,,,,,,1.0,1.0,1.0,1.0,0.6021363543460186,1.0,1.0,1.0,1.0,0.8756676107331308
4948,4a086bbf2e29537eb,True,,,,,,,,,,1.0,1.0,1.0,1.0,0.2969939123646884,1.0,1.0,1.0,1.0,0.7803105976139652
4949,742919271b6be5815,True,,,,,,,,,,1.0,1.0,0.0,1.0,1.0,1.0,0.0,1.0,0.0,0.0
4950,63ab15ccc8dcb91fd,True,,,,,,,,,,0.0,1.0,1.0,1.0,1.0,0.0,0.0,1.0,0.0,0.0
4951,e0b4f883827dd8c7f,True,,,,,,,,,,1.0,1.0,1.0,1.0,0.5227535722544862,1.0,1.0,1.0,1.0,0.8508604913295269
4952,8cd4e7ea09172b366,True,,,,,,,,,,1.0,0.0,1.0,1.0,1.0,1.0,1.0,1.0,0.0,0.0
4953,3f5815868e493295e,True,,,,,,,,,,1.0,1.0,1.0,1.0,0.6123534406247368,1.0,1.0,1.0,1.0,0.8788604501952303
4954,fbc2b4583a81f36b9,True,,,,,,,,,,1.0,1.0,1.0,1.0,0.5357340273468775,1.0,0.0,1.0,0.0,0.6049168835458992
4955,b8f175630a8fe6f7c,True,,,,,,,,,,1.0,1.0,1.0,1.0,0.40873580567625334,1.0,0.0,1.0,0.0,0.5652299392738291
4956,286d0110f79f8450c,True,,,,,,,,,,1.0,1.0,1.0,1.0,0.7617595848057933,1.0,0.0,1.0,1.0,0.8005498702518103
4957,4619287f3174b7b19,True,,,,,,,,,,0.0,0.0,1.0,1.0,1.0,0.0,1.0,1.0,0.0,0.0
4958,f9b79d00824722fc5,True,,,,,,,,,,1.0,1.0,1.0,1.0,0.7969072861708695,1.0,0.0,1.0,0.0,0.6865335269283968
4959,c3f5f5f99bb34c5b9,True,,,,,,,,,,1.0,1.0,1.0,1.0,1.0,1.0,1.0,0.0,0.0,0.75
4960,ed92b02e2867b4579,True,,,,,,,,,,0.0,1.0,1.0,1.0,1.0,0.0,1.0,1.0,0.0,0.0
4961,b68edb5514fba0f3e,True,,,,,,,,,,1.0,1.0,1.0,1.0,0.19656506270963475,1.0,1.0,1.0,1.0,0.7489265820967609
4962,af8bb014864eab6d8,True,,,,,,,,,,1.0,1.0,1.0,1.0,0.7072642850705996,1.0,0.0,1.0,1.0,0.7835200890845624
4963,7e105472ccbc51b6a,True,,,,,,,,,,0.0,1.0,1.0,1.0,1.0,0.0,0.0,1.0,1.0,0.0
4964,892cab52968bdafc3,True,,,,,,,,,,0.0,1.0,1.0,1.0,1.0,0.0,1.0,1.0,0.0,0.0
4965,36f72d3764ee8b14f,True,,,,,,,,,,1.0,0.0,1.0,1.0,0.16768492340851385,1.0,0.0,1.0,1.0,0.0
4966,4c8f4212a26a493af,True,,,,,,,,,,1.0,1.0,1.0,1.0,1.0,1.0,1.0,1.0,0.0,0.875
4967,35d4f508b7e0207b4,True,,,,,,,,,,1.0,1.0,1.0,1.0,0.6031632105939038,1.0,1.0,1.0,0.0,0.750988503310595
4968,43d8801586cb39007,True,,,,,,,,,,1.0,1.0,1.0,1.0,0.7578971707830349,1.0,1.0,1.0,0.0,0.7993428658696984
4969,94290de1a09e79e7b,True,,,,,,,,,,1.0,1.0,0.0,1.0,1.0,1.0,0.0,1.0,1.0,0.0
4970,c2f99f2f74ef541cb,True,,,,,,,,,,1.0,0.0,1.0,1.0,1.0,1.0,0.0,1.0,0.0,0.0
4971,29202e5e7b84d0701,True,,,,,,,,,,1.0,1.0,0.5,1.0,0.7056383136440225,1.0,0.0,1.0,1.0,0.3915059865068785
4972,3501e37f323516fb9,True,,,,,,,,,,1.0,1.0,1.0,1.0,1.0,1.0,1.0,1.0,0.0,0.875
4973,f3852b4bdec74eddc,True,,,,,,,,,,1.0,1.0,1.0,1.0,1.0,1.0,1.0,1.0,1.0,1.0
4974,25ca5866628df2ed3,True,,,,,,,,,,1.0,1.0,1.0,1.0,0.7583634154097206,1.0,1.0,1.0,1.0,0.9244885673155376
4975,e19863cd98bd2677b,True,,,,,,,,,,1.0,1.0,1.0,1.0,0.44091222409637154,1.0,1.0,1.0,1.0,0.8252850700301161
4976,e1ddf841fc0409636,True,,,,,,,,,,1.0,1.0,1.0,1.0,0.5351089784229165,1.0,1.0,1.0,1.0,0.8547215557571615
4977,cc5c74bb358203037,True,,,,,,,,,,1.0,0.0,0.0,1.0,1.0,1.0,0.0,1.0,1.0,0.0
4978,ea96a137518d58ac9,True,,,,,,,,,,1.0,1.0,1.0,1.0,1.0,1.0,1.0,1.0,1.0,1.0
4979,c24ef0bd2ded98fef,True,,,,,,,,,,1.0,1.0,0.5,1.0,0.5623528643440581,1.0,0.0,1.0,1.0,0.36911763505375905
4980,936b346e0cb941232,True,,,,,,,,,,1.0,1.0,1.0,1.0,0.2702378367801009,1.0,1.0,1.0,1.0,0.7719493239937816
4981,bc20b8c58a5cffb8d,True,,,,,,,,,,1.0,0.0,0.5,1.0,1.0,1.0,0.0,1.0,0.0,0.0
4982,bd60a921930373e9e,True,,,,,,,,,,1.0,1.0,1.0,1.0,0.8872073113609853,0.0,1.0,1.0,0.0,0.5272522848003078
4983,4683eec43a1454ea9,True,,,,,,,,,,1.0,1.0,1.0,1.0,0.8811563702577436,1.0,0.0,1.0,1.0,0.8378613657055449
4984,f6ee18e1982a51d52,True,,,,,,,,,,1.0,1.0,1.0,1.0,1.0,1.0,1.0,1.0,0.0,0.875
4985,38bdb6df2119d0042,True,,,,,,,,,,1.0,1.0,1.0,1.0,0.8330882388382705,1.0,1.0,1.0,0.0,0.8228400746369595
4986,545989b6d92a09061,True,,,,,,,,,,1.0,1.0,0.5,1.0,1.0,1.0,0.0,1.0,1.0,0.4375
4987,b04402bb6e662613d,True,,,,,,,,,,1.0,1.0,1.0,1.0,0.9054259286025436,1.0,1.0,1.0,0.0,0.8454456026882948
4988,0437e4fe123ba7e19,True,,,,,,,,,,1.0,1.0,1.0,1.0,0.7373246996491273,1.0,1.0,1.0,0.0,0.7929139686403522
4989,bae5ac57314f7412b,True,,,,,,,,,,1.0,1.0,1.0,1.0,1.0,1.0,0.0,1.0,0.0,0.75
4990,59d497b24fe17609b,True,,,,,,,,,,1.0,1.0,1.0,1.0,0.6614868066389834,1.0,0.0,1.0,0.0,0.6442146270746822
4991,e6aaf829acef158f6,True,,,,,,,,,,1.0,1.0,1.0,1.0,0.4727255303100306,1.0,1.0,1.0,1.0,0.8352267282218846
4992,b0c55df9228d485bb,True,,,,,,,,,,1.0,1.0,1.0,1.0,0.7880922899602973,1.0,0.0,1.0,1.0,0.8087788406125929
4993,2cce2f9aeacb49d13,True,,,,,,,,,,1.0,1.0,0.5,1.0,0.7883050581875914,0.0,0.0,1.0,1.0,0.24817266534181115
4994,e320a3747ddfe4a53,True,,,,,,,,,,1.0,0.0,0.5,1.0,0.9246260178419147,1.0,0.0,1.0,0.0,0.0
4995,517aaa2753027db17,True,,,,,,,,,,1.0,1.0,1.0,1.0,0.6075097334885444,1.0,0.0,1.0,1.0,0.7523467917151702
4996,cb5add2e1dd5aa638,True,,,,,,,,,,1.0,1.0,1.0,1.0,0.8169072572317653,1.0,1.0,1.0,1.0,0.9427835178849266
4997,c4bc5e76f15b2b430,True,,,,,,,,,,1.0,0.0,1.0,1.0,0.791556590783308,1.0,1.0,1.0,0.0,0.0
4998,d27053118101aa310,True,,,,,,,,,,1.0,1.0,1.0,1.0,0.6704804352500695,1.0,0.0,1.0,1.0,0.7720251360156467
4999,1c7991974c14440a3,True,,,,,,,,,,1.0,0.0,0.0,1.0,1.0,1.0,0.0,1.0,0.0,0.0
5000,1aee3d353bc51c730,True,,,,,,,,,,1.0,1.0,1.0,1.0,0.5873038265810419,0.0,0.0,1.0,1.0,0.4335324458065756
5001,3b57e348407582e72,True,,,,,,,,,,1.0,1.0,0.5,1.0,1.0,1.0,1.0,1.0,1.0,0.5
5002,c5c884265f0a69c51,True,,,,,,,,,,1.0,1.0,1.0,1.0,0.7715018586512666,1.0,0.0,1.0,0.0,0.6785943308285208
5003,e5e0959cfd16213ca,True,,,,,,,,,,0.0,0.0,1.0,1.0,1.0,0.0,0.0,1.0,0.0,0.0
5004,7dbe15c1329420b90,True,,,,,,,,,,1.0,0.0,1.0,1.0,1.0,1.0,0.0,1.0,1.0,0.0
5005,6d342222e4d9d2b2a,True,,,,,,,,,,1.0,1.0,1.0,1.0,0.9346511812146447,1.0,1.0,1.0,1.0,0.9795784941295764
5006,8d9bc38e815347396,True,,,,,,,,,,1.0,1.0,1.0,1.0,0.6054907633620518,1.0,0.0,1.0,1.0,0.7517158635506411
5007,c989b3ae7e9270d2d,True,,,,,,,,,,1.0,1.0,1.0,1.0,0.5923689346004365,1.0,1.0,1.0,0.0,0.7476152920626364
5008,f7de2890aa326283e,True,,,,,,,,,,1.0,1.0,1.0,1.0,0.6960455300905243,1.0,1.0,1.0,1.0,0.9050142281532888
5009,ff355597ff0f68f3c,True,,,,,,,,,,1.0,1.0,1.0,1.0,0.7672092394870303,1.0,0.0,1.0,1.0,0.802252887339697
5010,71825455da2cde07d,True,,,,,,,,,,1.0,1.0,1.0,1.0,0.7070025932120937,1.0,1.0,1.0,0.0,0.7834383103787793
5011,757e84df9c3c5f093,True,,,,,,,,,,1.0,0.0,1.0,1.0,1.0,1.0,0.0,1.0,0.0,0.0
5012,7a1e5853909a335df,True,,,,,,,,,,1.0,1.0,0.5,1.0,0.8706031919722376,1.0,0.0,1.0,1.0,0.41728174874566215
5013,5504db91fe0808550,True,,,,,,,,,,1.0,1.0,1.0,1.0,0.7356069661511658,1.0,0.0,1.0,1.0,0.7923771769222393
5014,d24b8e6fb44849b23,True,,,,,,,,,,1.0,1.0,0.0,1.0,1.0,1.0,0.0,1.0,0.0,0.0
5015,6a435ef26f38889a0,True,,,,,,,,,,0.0,0.0,0.5,1.0,1.0,0.0,0.0,1.0,0.0,0.0
5016,eaccd2408219e6f5e,True,,,,,,,,,,1.0,1.0,1.0,1.0,0.6261480893804178,1.0,0.0,1.0,0.0,0.6331712779313805
5017,330ebf5b4dfbc967a,True,,,,,,,,,,1.0,1.0,1.0,1.0,1.0,1.0,0.0,1.0,0.0,0.75
5018,31368b2b5cafa42dc,True,,,,,,,,,,1.0,1.0,1.0,1.0,0.6804191170443405,1.0,1.0,1.0,1.0,0.9001309740763564
5019,903d42d3fe50f5b3b,True,,,,,,,,,,1.0,1.0,1.0,1.0,0.6226376844516901,1.0,1.0,1.0,1.0,0.8820742763911531
5020,5dd439bda5bf2a988,True,,,,,,,,,,1.0,1.0,1.0,1.0,0.3675821211539313,1.0,1.0,1.0,1.0,0.8023694128606036
5021,965c2a5d3c105c295,True,,,,,,,,,,1.0,1.0,1.0,1.0,0.4734686343151601,1.0,1.0,1.0,1.0,0.8354589482234875
5022,42fd65053b0da11c1,True,,,,,,,,,,1.0,1.0,1.0,1.0,0.3959232258432917,1.0,1.0,1.0,1.0,0.8112260080760286
5023,1a221329baff3bfe2,True,,,,,,,,,,1.0,1.0,1.0,1.0,1.0,1.0,1.0,1.0,1.0,1.0
5024,803b2f23625961a5b,True,,,,,,,,,,1.0,0.0,1.0,1.0,0.8775275250385989,1.0,1.0,1.0,1.0,0.0
5025,2eab4bf554ebec232,True,,,,,,,,,,1.0,1.0,1.0,1.0,0.9485086076515719,1.0,0.0,1.0,1.0,0.8589089398911163
5026,2359c99d75ecbdfaa,True,,,,,,,,,,1.0,1.0,1.0,1.0,0.6903692767863528,1.0,1.0,1.0,0.0,0.7782403989957353
5027,e5dbf5ca6877249cf,True,,,,,,,,,,0.0,1.0,1.0,1.0,1.0,0.0,1.0,1.0,0.0,0.0
5028,531b93949ba10107b,True,,,,,,,,,,1.0,1.0,0.5,1.0,1.0,1.0,0.0,1.0,1.0,0.4375
5029,5b2b7c5762e61f6b5,True,,,,,,,,,,1.0,1.0,1.0,1.0,1.0,1.0,1.0,1.0,0.0,0.875
5030,e2d44e550396a6802,True,,,,,,,,,,1.0,1.0,1.0,1.0,1.0,1.0,1.0,1.0,1.0,1.0
5031,bc72fc9245a523440,True,,,,,,,,,,1.0,1.0,1.0,1.0,0.3184810275049078,1.0,0.0,1.0,1.0,0.6620253210952837
5032,0005b7348b80106e2,True,,,,,,,,,,1.0,1.0,1.0,1.0,0.9984333726619612,1.0,1.0,1.0,1.0,0.9995104289568628
5033,d783a4e289c7f6c20,True,,,,,,,,,,1.0,1.0,1.0,1.0,0.7445050228018597,1.0,0.0,1.0,0.0,0.6701578196255812
5034,473600f4c7f5be5c9,True,,,,,,,,,,1.0,1.0,1.0,1.0,0.661831361819895,1.0,1.0,1.0,0.0,0.7693223005687172
5035,b2ad6357566bfa454,True,,,,,,,,,,1.0,1.0,0.5,1.0,0.7760536550472349,1.0,1.0,1.0,0.0,0.40250838360113045
5036,973dc194fd0092c5d,True,,,,,,,,,,1.0,1.0,1.0,1.0,1.0,1.0,0.0,1.0,1.0,0.875
5037,6564712a0860d6518,True,,,,,,,,,,1.0,1.0,1.0,1.0,0.07984738054726276,0.0,0.0,1.0,0.0,0.14995230642101962
5038,462336a687ff62978,True,,,,,,,,,,1.0,1.0,1.0,1.0,1.0,1.0,0.0,1.0,1.0,0.875
5039,6ba2025a22f212a94,True,,,,,,,,,,1.0,1.0,1.0,1.0,0.6465794348877508,1.0,1.0,1.0,0.0,0.7645560734024222
5040,b2fc06e37171c8dd9,True,,,,,,,,,,1.0,1.0,1.0,1.0,1.0,1.0,1.0,1.0,1.0,1.0
5041,5fb47f166e5559387,True,,,,,,,,,,1.0,1.0,1.0,1.0,0.7130436317102193,1.0,0.0,1.0,1.0,0.7853261349094436
5042,4f4120c32c9c42c47,True,,,,,,,,,,1.0,1.0,1.0,1.0,0.7253224730157942,1.0,1.0,1.0,1.0,0.9141632728174357
5043,a9c1cde64b777a9e3,True,,,,,,,,,,1.0,1.0,1.0,1.0,1.0,1.0,0.0,1.0,1.0,0.875
5044,3d45468e32f443cff,True,,,,,,,,,,1.0,1.0,1.0,1.0,0.8720608856625454,1.0,1.0,0.0,0.0,0.7100190267695454
5045,f9f0618a87c59174c,True,,,,,,,,,,1.0,1.0,1.0,1.0,0.33722032091573517,1.0,1.0,1.0,1.0,0.7928813502861672
5046,7fa72ac59f374d3ab,True,,,,,,,,,,0.0,1.0,1.0,1.0,1.0,0.0,0.0,1.0,1.0,0.0
5047,c69cdc989b0472928,True,,,,,,,,,,1.0,1.0,1.0,1.0,1.0,1.0,0.0,1.0,1.0,0.875
5048,1703c3627d09cd9f3,True,,,,,,,,,,1.0,1.0,1.0,1.0,1.0,1.0,1.0,1.0,1.0,1.0
5049,d18a444ba754870e9,True,,,,,,,,,,1.0,0.0,1.0,1.0,1.0,1.0,0.0,1.0,1.0,0.0
5050,1aa011bf1da1bf1c7,True,,,,,,,,,,1.0,1.0,1.0,1.0,0.11790805556881677,1.0,1.0,1.0,1.0,0.7243462673652552
5051,d015a262e6ee504bb,True,,,,,,,,,,0.0,1.0,1.0,1.0,1.0,0.0,0.0,1.0,0.0,0.0
5052,a1ec47d4c6a4ac611,True,,,,,,,,,,0.0,0.0,1.0,1.0,1.0,0.0,1.0,1.0,0.0,0.0
5053,ceeb361872a012bd7,True,,,,,,,,,,1.0,1.0,1.0,1.0,0.9225246195534546,1.0,0.0,1.0,0.0,0.7257889436104545
5054,8d71beefa48cb91fb,True,,,,,,,,,,1.0,1.0,1.0,1.0,1.0,1.0,1.0,1.0,0.0,0.875
5055,215d99206d864850d,True,,,,,,,,,,1.0,1.0,0.0,1.0,0.7688874855921816,1.0,0.0,1.0,1.0,0.0
5056,7a9cbf03b55e84c29,True,,,,,,,,,,1.0,1.0,1.0,1.0,0.5623527318829904,1.0,1.0,1.0,0.0,0.7382352287134345
5057,ccb5c099cfbfadf38,True,,,,,,,,,,1.0,0.0,1.0,1.0,1.0,1.0,1.0,1.0,0.0,0.0
5058,cdb408bfe8cbbd8b3,True,,,,,,,,,,1.0,1.0,1.0,1.0,1.0,1.0,0.0,0.0,0.0,0.625
5059,f8e644eaae7fc78c5,True,,,,,,,,,,1.0,1.0,1.0,1.0,1.0,1.0,0.0,1.0,1.0,0.875
5060,008d19d3a7e53bd2f,True,,,,,,,,,,1.0,1.0,1.0,0.0,1.0,1.0,1.0,1.0,1.0,0.0
5061,2a756bf014216177b,True,,,,,,,,,,1.0,1.0,1.0,1.0,0.7464360270655117,1.0,0.0,1.0,1.0,0.7957612584579724
5062,518126dc1af446798,True,,,,,,,,,,1.0,1.0,1.0,1.0,0.6465663815233089,1.0,0.0,1.0,1.0,0.764551994226034
5063,941e498bd0dfbd991,True,,,,,,,,,,1.0,1.0,1.0,1.0,1.0,1.0,0.0,1.0,1.0,0.875
5064,ffdfaf1a850a4f6c0,True,,,,,,,,,,0.0,1.0,1.0,1.0,1.0,0.0,1.0,1.0,1.0,0.0
5065,843ebabea0b9906f9,True,,,,,,,,,,1.0,1.0,1.0,1.0,0.5811843422125772,1.0,1.0,1.0,1.0,0.8691201069414304
5066,9d5c879308ff1f5b5,True,,,,,,,,,,1.0,1.0,1.0,1.0,0.548262279215102,1.0,0.0,1.0,1.0,0.7338319622547194
5067,e84670bb458b61a5c,True,,,,,,,,,,1.0,1.0,1.0,1.0,0.9277472700652666,1.0,1.0,1.0,0.0,0.8524210218953958
5068,4428aee2536bf6703,True,,,,,,,,,,1.0,0.0,1.0,1.0,1.0,1.0,0.0,1.0,1.0,0.0
5069,9edf6075f6a55d2a5,True,,,,,,,,,,1.0,0.0,1.0,1.0,0.8411741443033219,1.0,0.0,1.0,0.0,0.0
5070,7926b91284ef771fd,True,,,,,,,,,,1.0,0.0,1.0,1.0,0.9999689804022562,1.0,1.0,1.0,0.0,0.0
5071,0120638e7b2bd0bdf,True,,,,,,,,,,0.0,1.0,1.0,1.0,1.0,0.0,1.0,1.0,1.0,0.0
5072,ab7e7c6fb9f3451a3,True,,,,,,,,,,1.0,0.0,1.0,1.0,1.0,1.0,0.0,1.0,0.0,0.0
5073,d1a972f7af648078b,True,,,,,,,,,,1.0,1.0,1.0,1.0,0.7948942821298226,1.0,1.0,1.0,1.0,0.9359044631655695
5074,c72e69f316e2cb580,True,,,,,,,,,,1.0,1.0,1.0,1.0,0.40164131559459115,1.0,1.0,1.0,0.0,0.6880129111233098
5075,0fda3e9ba0b83c4b2,True,,,,,,,,,,0.0,0.0,0.5,1.0,1.0,0.0,0.0,1.0,0.0,0.0
5076,a99e7bb23533b8fee,True,,,,,,,,,,1.0,1.0,1.0,1.0,0.6982927786213114,1.0,1.0,1.0,1.0,0.9057164933191598
5077,02b412777e6ce82cd,True,,,,,,,,,,1.0,1.0,1.0,1.0,1.0,1.0,1.0,1.0,0.0,0.875
5078,6abf3c8e9d73929cc,True,,,,,,,,,,1.0,1.0,1.0,1.0,0.8051411482763458,1.0,1.0,1.0,0.0,0.814106608836358
5079,5037003d98e7c77a2,True,,,,,,,,,,1.0,0.0,0.0,1.0,1.0,1.0,0.0,1.0,1.0,0.0
5080,f0d9c76a3b3a29839,True,,,,,,,,,,1.0,1.0,1.0,1.0,1.0,1.0,0.0,1.0,1.0,0.875
5081,16a87b4b1ab4b9fa6,True,,,,,,,,,,1.0,1.0,1.0,1.0,1.0,1.0,0.0,1.0,1.0,0.875
5082,ccaf60b54f92a7260,True,,,,,,,,,,1.0,1.0,1.0,1.0,0.8714273945638129,1.0,0.0,1.0,1.0,0.8348210608011916
5083,b6e21e56bbdb5ba68,True,,,,,,,,,,1.0,1.0,1.0,1.0,0.7152232353617364,1.0,0.0,1.0,1.0,0.7860072610505426
5084,6ad6905cedee6197b,True,,,,,,,,,,1.0,1.0,1.0,1.0,0.7082062948198605,1.0,0.0,1.0,1.0,0.7838144671312064
5085,dc76f297f95b90094,True,,,,,,,,,,1.0,1.0,0.5,1.0,0.8126754777372812,1.0,0.0,1.0,0.0,0.34573054339645015
5086,050eb5c5cd6081213,True,,,,,,,,,,1.0,1.0,1.0,1.0,0.48552147841261883,1.0,1.0,1.0,1.0,0.8392254620039434
5087,12df8311d005ad619,True,,,,,,,,,,1.0,0.0,1.0,1.0,0.49735386822652083,1.0,1.0,1.0,1.0,0.0
5088,960a0cd8fd6e4be22,True,,,,,,,,,,1.0,1.0,1.0,1.0,0.3595528095851433,1.0,1.0,1.0,0.0,0.6748602529953573
5089,bb515ff29da41dc33,True,,,,,,,,,,0.0,1.0,1.0,1.0,1.0,0.0,0.0,1.0,0.0,0.0
5090,12eccd64a8e27f82f,True,,,,,,,,,,1.0,0.0,0.0,1.0,1.0,1.0,0.0,1.0,1.0,0.0
5091,2b296dc7b6be46a34,True,,,,,,,,,,1.0,0.0,0.5,1.0,1.0,1.0,0.0,1.0,0.0,0.0
5092,d8c1cf6f6a65ad21d,True,,,,,,,,,,1.0,0.0,0.5,1.0,1.0,1.0,0.0,1.0,0.0,0.0
5093,00bbaca29a3b34595,True,,,,,,,,,,1.0,1.0,1.0,1.0,0.7004875201900919,1.0,1.0,1.0,0.0,0.7814023500594037
5094,57b584425e87975ce,True,,,,,,,,,,1.0,1.0,0.5,1.0,1.0,1.0,0.0,1.0,0.0,0.375
5095,58ab5764f037eca22,True,,,,,,,,,,1.0,0.0,1.0,1.0,0.3466666161112707,1.0,0.0,1.0,0.0,0.0
5096,3a569f66b0a30418a,True,,,,,,,,,,1.0,1.0,1.0,1.0,0.8224384891138361,1.0,1.0,1.0,1.0,0.9445120278480738
5097,b6611f13150a67e76,True,,,,,,,,,,0.0,1.0,1.0,1.0,1.0,0.0,1.0,1.0,1.0,0.0
5098,45e565719eec672e1,True,,,,,,,,,,1.0,1.0,1.0,1.0,1.0,1.0,0.0,1.0,1.0,0.875
5099,581c763cd78c9643e,True,,,,,,,,,,1.0,0.0,1.0,1.0,1.0,1.0,1.0,1.0,1.0,0.0
5100,2add74aa82c54303c,True,,,,,,,,,,1.0,1.0,1.0,1.0,0.3882812214041594,1.0,1.0,1.0,0.0,0.6838378816887998
5101,9dc9fc49b0eb8dd9c,True,,,,,,,,,,1.0,1.0,0.0,1.0,1.0,1.0,0.0,1.0,1.0,0.0
5102,d8052b68418709942,True,,,,,,,,,,1.0,1.0,1.0,1.0,0.7209068284917708,1.0,0.0,1.0,0.0,0.6627833839036783
5103,04d4c78cf88a3c506,True,,,,,,,,,,1.0,1.0,1.0,1.0,0.625884454676902,1.0,1.0,1.0,1.0,0.8830888920865319
5104,d23dccf53d6e2e76b,True,,,,,,,,,,1.0,1.0,1.0,1.0,0.8954041650726471,1.0,1.0,1.0,0.0,0.8423138015852022
5105,aeec01880eb4ba54b,True,,,,,,,,,,1.0,0.0,1.0,1.0,1.0,1.0,0.0,1.0,1.0,0.0
5106,8fb30375f6c972c38,True,,,,,,,,,,1.0,1.0,1.0,1.0,0.8141575960209033,1.0,0.0,1.0,0.0,0.6919242487565322
5107,85c1d52fe9fa2e443,True,,,,,,,,,,1.0,1.0,1.0,1.0,0.834915308810869,1.0,1.0,1.0,0.0,0.8234110340033965
5108,1de9185a9bb05abe5,True,,,,,,,,,,1.0,1.0,1.0,1.0,0.7272615440891248,1.0,1.0,1.0,1.0,0.9147692325278515
5109,81cd2035c0d6c6dbb,True,,,,,,,,,,1.0,1.0,0.5,1.0,1.0,1.0,0.0,1.0,0.0,0.375
5110,e87ee58e2c6134551,True,,,,,,,,,,1.0,1.0,1.0,1.0,0.6292566891514041,1.0,0.0,1.0,0.0,0.6341427153598138
5111,6ca032cc95e7418a6,True,,,,,,,,,,1.0,1.0,1.0,1.0,0.6830578056219685,1.0,0.0,1.0,1.0,0.7759555642568652
5112,925c86df127c5e5b6,True,,,,,,,,,,1.0,1.0,1.0,1.0,0.5288931537189298,1.0,1.0,1.0,0.0,0.7277791105371656
5113,84b2700de34b073da,True,,,,,,,,,,1.0,1.0,1.0,1.0,0.2998382264437337,1.0,1.0,1.0,0.0,0.6561994457636668
5114,f22018746ab277cda,True,,,,,,,,,,1.0,0.0,0.5,1.0,1.0,1.0,0.0,1.0,1.0,0.0
5115,54ce409a64180a221,True,,,,,,,,,,1.0,1.0,0.0,1.0,1.0,1.0,0.0,1.0,0.0,0.0
5116,dab22ead12dbdd7e4,True,,,,,,,,,,1.0,1.0,1.0,1.0,0.7640678329259909,1.0,1.0,1.0,0.0,0.8012711977893722
5117,6f8794f5f301202d0,True,,,,,,,,,,1.0,1.0,1.0,1.0,1.0,1.0,1.0,1.0,1.0,1.0
5118,7c028a0e38d689322,True,,,,,,,,,,1.0,1.0,1.0,1.0,1.0,1.0,0.0,1.0,1.0,0.875
5119,339ecba374c29a3ea,True,,,,,,,,,,1.0,1.0,1.0,1.0,0.7432869954962904,1.0,1.0,1.0,0.0,0.7947771860925907
5120,3d8d728e149979ead,True,,,,,,,,,,1.0,1.0,0.5,1.0,0.8809445677105426,1.0,0.0,1.0,1.0,0.4188975887047723
5121,7124ea8593f4c9b14,True,,,,,,,,,,1.0,1.0,1.0,1.0,1.0,1.0,0.0,1.0,0.0,0.75
5122,cd8ff4168df3741e2,True,,,,,,,,,,1.0,1.0,1.0,1.0,0.43901174277598054,1.0,1.0,1.0,1.0,0.8246911696174939
5123,da66c0e7baeb30f35,True,,,,,,,,,,1.0,1.0,1.0,1.0,0.7622574508741174,1.0,0.0,1.0,1.0,0.8007054533981617
5124,6492cabed87012413,True,,,,,,,,,,1.0,1.0,1.0,1.0,0.5394730029117226,1.0,0.0,1.0,1.0,0.7310853134099133
5125,c9a52fd56ee7c5ee5,True,,,,,,,,,,1.0,1.0,1.0,1.0,1.0,1.0,1.0,1.0,0.0,0.875
5126,85b6589d5332018d1,True,,,,,,,,,,1.0,1.0,1.0,1.0,0.6916833120242432,1.0,1.0,1.0,0.0,0.7786510350075759
5127,8df3615e729babee2,True,,,,,,,,,,1.0,1.0,1.0,1.0,0.9721308688197312,1.0,1.0,1.0,1.0,0.991290896506166
5128,f7d4775bfad9dcab8,True,,,,,,,,,,1.0,1.0,1.0,1.0,1.0,1.0,0.0,1.0,1.0,0.875
5129,95972dc9532711131,True,,,,,,,,,,1.0,1.0,1.0,1.0,1.0,1.0,0.0,1.0,0.0,0.75
5130,def4466c6854eed10,True,,,,,,,,,,0.0,1.0,1.0,1.0,1.0,0.0,0.0,1.0,0.0,0.0
5131,61bca41b2089dee0b,True,,,,,,,,,,1.0,1.0,1.0,1.0,0.8121622237389459,1.0,1.0,1.0,1.0,0.9413006949184206
5132,239cac6c74f4f0bd4,True,,,,,,,,,,1.0,0.0,1.0,1.0,1.0,1.0,1.0,0.0,0.0,0.0
5133,85f94ff5a637ec2d5,True,,,,,,,,,,1.0,0.0,0.0,1.0,1.0,1.0,0.0,1.0,0.0,0.0
5134,04c0d966a74c0c8e0,True,,,,,,,,,,0.0,1.0,1.0,1.0,1.0,0.0,0.0,1.0,1.0,0.0
5135,2d56e1301f6cafa55,True,,,,,,,,,,0.0,1.0,1.0,1.0,1.0,0.0,1.0,1.0,1.0,0.0
5136,68dc2b23bd498da89,True,,,,,,,,,,1.0,1.0,1.0,1.0,0.7607792014507206,1.0,1.0,1.0,1.0,0.9252435004533501
5137,5bfde4f04f6f9257a,True,,,,,,,,,,1.0,1.0,1.0,1.0,0.8809840557706887,1.0,0.0,1.0,0.0,0.7128075174283403
5138,99dd1518526c46b6e,True,,,,,,,,,,1.0,1.0,0.0,1.0,1.0,1.0,0.0,1.0,0.0,0.0
5139,198d109d392dbc280,True,,,,,,,,,,1.0,0.0,1.0,1.0,1.0,1.0,0.0,1.0,0.0,0.0
5140,0105e5486cfb69483,True,,,,,,,,,,1.0,1.0,1.0,1.0,0.5676019598502765,1.0,1.0,1.0,0.0,0.7398756124532114
5141,2f5db903282a4e143,True,,,,,,,,,,1.0,1.0,1.0,1.0,0.09041757371673581,1.0,1.0,1.0,0.0,0.5907554917864799
5142,65bcd286d06e02669,True,,,,,,,,,,1.0,1.0,1.0,1.0,0.5868418561132929,1.0,1.0,1.0,0.0,0.745888080035404
5143,0ff0e427305289854,True,,,,,,,,,,1.0,1.0,1.0,1.0,1.0,1.0,0.0,1.0,1.0,0.875
5144,bbd5b072e1b30acbb,True,,,,,,,,,,1.0,1.0,0.5,1.0,1.0,1.0,0.0,1.0,1.0,0.4375
5145,cdbe73e69b2aced1d,True,,,,,,,,,,1.0,1.0,1.0,1.0,0.7859017976655547,1.0,1.0,0.0,0.0,0.6830943117704859
5146,918fb02f94c16537d,True,,,,,,,,,,1.0,1.0,1.0,1.0,0.23374493345724212,1.0,1.0,1.0,0.0,0.6355452917053881
5147,2cbe5fab2a0892e8d,True,,,,,,,,,,1.0,1.0,0.0,1.0,1.0,1.0,0.0,1.0,1.0,0.0
5148,f874994b902ae45d7,True,,,,,,,,,,1.0,1.0,1.0,1.0,1.0,1.0,0.0,1.0,1.0,0.875
5149,d20b551bd918a2353,True,,,,,,,,,,1.0,1.0,1.0,1.0,0.665376940355132,1.0,0.0,1.0,1.0,0.7704302938609787
5150,ae63fbc91467ac137,True,,,,,,,,,,0.0,1.0,1.0,1.0,1.0,0.0,1.0,1.0,1.0,0.0
5151,853836094a41151fa,True,,,,,,,,,,1.0,1.0,1.0,1.0,0.7453486138224074,1.0,1.0,1.0,0.0,0.7954214418195023
5152,1045550ffaa740987,True,,,,,,,,,,0.0,1.0,1.0,1.0,0.8072209810801302,0.0,0.0,1.0,1.0,0.0
5153,8ab7f330292d7d49f,True,,,,,,,,,,1.0,1.0,1.0,1.0,1.0,1.0,0.0,1.0,0.0,0.75
5154,bf2fac0bbe0cb019b,True,,,,,,,,,,1.0,1.0,1.0,1.0,0.05334006707998088,1.0,1.0,1.0,1.0,0.704168770962494
5155,deaaf2b39c8541966,True,,,,,,,,,,1.0,0.0,1.0,1.0,0.2644373278820736,1.0,0.0,1.0,1.0,0.0
5156,b33c373192c8560d1,True,,,,,,,,,,1.0,1.0,1.0,1.0,0.505403647048804,1.0,1.0,1.0,1.0,0.8454386397027512
5157,f67482126c7b323a5,True,,,,,,,,,,1.0,1.0,1.0,1.0,0.6706502965469825,1.0,0.0,1.0,1.0,0.772078217670932
5158,69f612044609b63d1,True,,,,,,,,,,1.0,1.0,1.0,1.0,0.9696771384295567,1.0,1.0,1.0,1.0,0.9905241057592364
5159,e1275cf277c0a36c1,True,,,,,,,,,,1.0,1.0,1.0,1.0,0.7969375589877815,1.0,1.0,1.0,0.0,0.8115429871836817
5160,439df93c525a5e285,True,,,,,,,,,,1.0,1.0,1.0,1.0,1.0,1.0,1.0,1.0,1.0,1.0
5161,e2156f59b76e7c195,True,,,,,,,,,,1.0,1.0,1.0,1.0,0.7372875014173697,1.0,1.0,1.0,1.0,0.917902344192928
5162,027609f1fbf1b3b16,True,,,,,,,,,,0.0,1.0,1.0,1.0,1.0,0.0,0.0,1.0,1.0,0.0
5163,6d342e630c70431ff,True,,,,,,,,,,1.0,1.0,1.0,1.0,0.2130468335033882,1.0,1.0,1.0,1.0,0.7540771354698088
5164,33def08f34be607b9,True,,,,,,,,,,1.0,0.0,1.0,1.0,1.0,1.0,1.0,1.0,0.0,0.0
5165,17ea9cff5974892cb,True,,,,,,,,,,1.0,1.0,1.0,1.0,0.6645971995891289,1.0,1.0,1.0,0.0,0.7701866248716027
5166,8868a14471179c2a7,True,,,,,,,,,,0.0,1.0,0.0,1.0,1.0,0.0,0.0,1.0,1.0,0.0
5167,472c522cbfefce360,True,,,,,,,,,,1.0,1.0,1.0,1.0,0.910588173027212,1.0,0.0,1.0,1.0,0.8470588040710038
5168,631e2dc2cca2e3ec5,True,,,,,,,,,,1.0,1.0,1.0,1.0,0.48760102948213874,1.0,0.0,1.0,1.0,0.7148753217131684
5169,19c10d5d061305dbd,True,,,,,,,,,,1.0,1.0,0.5,1.0,0.6784984646102086,1.0,0.0,1.0,1.0,0.3872653850953451
5170,e58c5ddaa428a3e26,True,,,,,,,,,,1.0,0.0,1.0,1.0,1.0,1.0,1.0,1.0,0.0,0.0
5171,92bb9ea2567e28fca,True,,,,,,,,,,1.0,1.0,1.0,1.0,0.8436696350657442,1.0,1.0,1.0,0.0,0.8261467609580451
5172,dc91e0fc1f890f6bc,True,,,,,,,,,,1.0,1.0,0.0,1.0,0.9552230110568876,1.0,0.0,1.0,0.0,0.0
5173,33d8d746c34cd7fc0,True,,,,,,,,,,1.0,1.0,1.0,1.0,0.6098228359198024,0.0,1.0,1.0,1.0,0.5655696362249383
5174,069407bff74cbde70,True,,,,,,,,,,1.0,1.0,1.0,1.0,0.7027959976504309,1.0,1.0,1.0,0.0,0.7821237492657597
5175,dd6072ab6974966f7,True,,,,,,,,,,1.0,1.0,0.0,1.0,1.0,1.0,0.0,1.0,1.0,0.0
5176,46571d478b3c7bc57,True,,,,,,,,,,1.0,1.0,1.0,1.0,0.4910158747619831,0.0,1.0,1.0,0.0,0.40344246086311975
5177,47c8824494b12b2ae,True,,,,,,,,,,1.0,1.0,1.0,1.0,0.7264788092569661,1.0,0.0,1.0,0.0,0.6645246278928019
5178,9afe3b5ff03c0b6bf,True,,,,,,,,,,1.0,1.0,1.0,1.0,1.0,1.0,1.0,1.0,0.0,0.875
5179,9d038765043662211,True,,,,,,,,,,0.0,1.0,0.5,1.0,1.0,0.0,0.0,1.0,0.0,0.0
5180,3c9fb934bb7f40998,True,,,,,,,,,,1.0,1.0,1.0,1.0,1.0,1.0,0.0,1.0,1.0,0.875
5181,2dbd58ac0d23460fd,True,,,,,,,,,,1.0,1.0,1.0,1.0,0.3104783205454135,1.0,1.0,1.0,1.0,0.7845244751704417
5182,6c00c1447928881d7,True,,,,,,,,,,1.0,1.0,1.0,1.0,1.0,1.0,1.0,1.0,1.0,1.0
5183,899e078cab5924628,True,,,,,,,,,,1.0,1.0,0.0,1.0,1.0,1.0,0.0,1.0,0.0,0.0
5184,4684692b32e909998,True,,,,,,,,,,1.0,1.0,1.0,1.0,0.55342319506676,1.0,1.0,1.0,1.0,0.8604447484583625
5185,55e61bb960bd1bfcd,True,,,,,,,,,,1.0,1.0,1.0,1.0,0.7355860877276122,1.0,0.0,1.0,0.0,0.6673706524148788
5186,7404698935ca6a31c,True,,,,,,,,,,1.0,1.0,0.0,1.0,1.0,1.0,0.0,1.0,1.0,0.0
5187,9efffb1c9487faa89,True,,,,,,,,,,1.0,0.0,1.0,1.0,1.0,1.0,0.0,1.0,1.0,0.0
5188,8266f573d47606b3f,True,,,,,,,,,,0.0,1.0,1.0,1.0,1.0,0.0,1.0,1.0,0.0,0.0
5189,1ee04786c1af4e2d7,True,,,,,,,,,,1.0,1.0,1.0,1.0,1.0,1.0,0.0,1.0,1.0,0.875
5190,b5837307d8a14be4a,True,,,,,,,,,,1.0,1.0,1.0,1.0,0.6080569925200449,1.0,1.0,1.0,1.0,0.8775178101625141
5191,3d03bade5b2a834b7,True,,,,,,,,,,1.0,1.0,1.0,1.0,0.8285254424134777,1.0,0.0,1.0,1.0,0.8214142007542118
5192,c3bb1145080f9b2b0,True,,,,,,,,,,1.0,1.0,1.0,1.0,0.8689721530599799,1.0,0.0,1.0,0.0,0.7090537978312437
5193,57242411e2f320c12,True,,,,,,,,,,1.0,1.0,1.0,1.0,0.6870261868156894,1.0,1.0,1.0,0.0,0.777195683379903
5194,51539f7b502dc9ffd,True,,,,,,,,,,1.0,1.0,1.0,1.0,0.9488646745183978,1.0,1.0,1.0,0.0,0.8590202107869993
5195,fb9996df723745a05,True,,,,,,,,,,1.0,1.0,1.0,1.0,0.6331045016015627,1.0,0.0,1.0,1.0,0.7603451567504884
5196,7259df2fbd4ef7047,True,,,,,,,,,,1.0,1.0,1.0,1.0,0.4223878640400612,1.0,0.0,1.0,0.0,0.5694962075125192
5197,e5b4f8a0ccdaf4e6e,True,,,,,,,,,,1.0,1.0,1.0,1.0,0.8203327348177163,1.0,1.0,1.0,1.0,0.9438539796305363
5198,1f8006333fa33abf2,True,,,,,,,,,,0.0,0.0,0.5,1.0,1.0,0.0,0.0,1.0,0.0,0.0
5199,24c8b908f552c5946,True,,,,,,,,,,1.0,1.0,1.0,1.0,0.08373906381625612,1.0,0.0,1.0,0.0,0.46366845744258006
5200,49fd1c147826df430,True,,,,,,,,,,1.0,1.0,1.0,1.0,0.7413516429536355,1.0,1.0,1.0,1.0,0.9191723884230111
5201,2a9148d48b42cfd7e,True,,,,,,,,,,1.0,1.0,1.0,1.0,0.920533131475252,1.0,1.0,1.0,1.0,0.9751666035860163
5202,2191ef080b4043736,True,,,,,,,,,,1.0,1.0,1.0,1.0,0.92599330838057,1.0,0.0,1.0,1.0,0.8518729088689281
5203,209b97b1bbd7f20ba,True,,,,,,,,,,1.0,0.0,0.0,1.0,1.0,1.0,0.0,1.0,1.0,0.0
5204,1b82ae87e58cbab28,True,,,,,,,,,,1.0,1.0,0.0,1.0,1.0,1.0,0.0,1.0,1.0,0.0
5205,eac3cd256c959f2bc,True,,,,,,,,,,1.0,1.0,1.0,1.0,0.19919599839612295,1.0,1.0,1.0,1.0,0.7497487494987884
5206,f6cb349b9078fd7c4,True,,,,,,,,,,1.0,1.0,1.0,1.0,0.6204493640136423,1.0,0.0,1.0,1.0,0.7563904262542632
5207,60849e221db8f770d,True,,,,,,,,,,1.0,1.0,1.0,1.0,1.0,1.0,1.0,1.0,1.0,1.0
5208,966244bc558d53ef7,True,,,,,,,,,,1.0,1.0,1.0,1.0,0.6146613794742144,1.0,0.0,1.0,1.0,0.754581681085692
5209,f4f52070af5d450d0,True,,,,,,,,,,1.0,1.0,1.0,1.0,1.0,1.0,1.0,0.0,1.0,0.875
5210,140e7d68475dc3f63,True,,,,,,,,,,1.0,1.0,0.0,1.0,0.8040762028906785,1.0,0.0,1.0,1.0,0.0
5211,93a1ac4a9b8b32451,True,,,,,,,,,,1.0,0.0,1.0,1.0,1.0,1.0,0.0,1.0,0.0,0.0
5212,74ccd6443745d7a0a,True,,,,,,,,,,1.0,1.0,1.0,1.0,1.0,0.0,0.0,1.0,1.0,0.5625
5213,f27131cc726cc7eb7,True,,,,,,,,,,1.0,1.0,1.0,1.0,0.3616786768631055,1.0,1.0,1.0,0.0,0.6755245865197205
5214,2a46d49b6aa55f1ca,True,,,,,,,,,,1.0,1.0,1.0,1.0,0.9015852896995784,1.0,1.0,1.0,1.0,0.9692454030311183
5215,765b429e21230f949,True,,,,,,,,,,1.0,1.0,1.0,1.0,0.28569495802152284,1.0,1.0,1.0,1.0,0.7767796743817259
5216,8f88cd86720008f23,True,,,,,,,,,,1.0,0.0,1.0,1.0,1.0,1.0,1.0,1.0,1.0,0.0
5217,fb56a869a86a4e9ee,True,,,,,,,,,,1.0,1.0,1.0,1.0,0.7869517129446727,1.0,1.0,0.0,0.0,0.6834224102952102
5218,265cbf9df314f7700,True,,,,,,,,,,1.0,1.0,1.0,1.0,0.6221285218825309,1.0,0.0,1.0,0.0,0.6319151630882909
5219,86dc24585f29d4c87,True,,,,,,,,,,1.0,1.0,1.0,1.0,0.5562310598528165,1.0,1.0,1.0,0.0,0.7363222062040051
5220,af4ad524dc8b94ef1,True,,,,,,,,,,0.0,1.0,0.5,1.0,1.0,0.0,0.0,1.0,1.0,0.0
5221,6206155cd12c2d3af,True,,,,,,,,,,0.0,1.0,1.0,1.0,1.0,0.0,1.0,1.0,1.0,0.0
5222,91eb99dcb70ea628c,True,,,,,,,,,,1.0,0.0,0.5,1.0,1.0,1.0,1.0,1.0,0.0,0.0
5223,dcd3a1adb7268a54d,True,,,,,,,,,,1.0,1.0,1.0,1.0,0.6361515577112465,1.0,1.0,1.0,1.0,0.8862973617847645
5224,5fe4444b0088c0e14,True,,,,,,,,,,1.0,1.0,1.0,1.0,0.8136398919364978,1.0,1.0,1.0,1.0,0.9417624662301556
5225,73e128068f712ead2,True,,,,,,,,,,0.0,0.0,1.0,1.0,1.0,0.0,0.0,1.0,0.0,0.0
5226,c1b9b8e570da075bf,True,,,,,,,,,,1.0,1.0,1.0,1.0,1.0,1.0,1.0,1.0,1.0,1.0
5227,5eeb6bb55001c1fc4,True,,,,,,,,,,1.0,1.0,1.0,1.0,0.6792872772779549,1.0,1.0,1.0,0.0,0.7747772741493609
5228,05e7e2acfe2b49d78,True,,,,,,,,,,1.0,1.0,1.0,1.0,0.8111387452062493,1.0,1.0,1.0,1.0,0.940980857876953
5229,86d3c9d6518530872,True,,,,,,,,,,1.0,1.0,1.0,1.0,1.0,1.0,0.0,1.0,1.0,0.875
5230,3b0bf79a32b642604,True,,,,,,,,,,1.0,1.0,1.0,1.0,0.9492012279722284,1.0,0.0,0.0,0.0,0.6091253837413213
5231,c911e86fa2d53c1d1,True,,,,,,,,,,1.0,1.0,1.0,1.0,0.8010610109330832,1.0,0.0,1.0,0.0,0.6878315659165886
5232,d3e9c090e809349ce,True,,,,,,,,,,1.0,1.0,1.0,1.0,0.6318655864347597,1.0,0.0,1.0,0.0,0.6349579957608624
5233,d53c9d9cbcfbfd03f,True,,,,,,,,,,1.0,1.0,1.0,1.0,0.5733471609132743,1.0,0.0,1.0,1.0,0.7416709877853982
5234,e1d9c45d963c62c2d,True,,,,,,,,,,1.0,1.0,1.0,1.0,0.5857307417646324,1.0,1.0,1.0,1.0,0.8705408568014477
5235,34b9989a51da95af0,True,,,,,,,,,,0.0,1.0,1.0,1.0,1.0,0.0,0.0,1.0,1.0,0.0
5236,eb18eff580c25dafb,True,,,,,,,,,,1.0,1.0,1.0,1.0,1.0,1.0,0.0,1.0,1.0,0.875
5237,966546464755fdfad,True,,,,,,,,,,1.0,1.0,1.0,1.0,0.620526182488061,1.0,1.0,1.0,0.0,0.756414432027519
5238,1b7254e27f1faae48,True,,,,,,,,,,0.0,1.0,1.0,1.0,1.0,0.0,1.0,1.0,1.0,0.0
5239,a7cf069369c371dd2,True,,,,,,,,,,1.0,0.0,1.0,1.0,0.4494090540805799,1.0,1.0,1.0,1.0,0.0
5240,281e89e3d9a31b9b6,True,,,,,,,,,,1.0,1.0,1.0,1.0,0.752936992423646,1.0,1.0,1.0,1.0,0.9227928101323893
5241,8078500be0a3e5743,True,,,,,,,,,,1.0,1.0,1.0,1.0,0.8291757317239686,1.0,1.0,0.0,0.0,0.6966174161637402
5242,704a2b5191f2e8c04,True,,,,,,,,,,1.0,1.0,0.5,1.0,1.0,1.0,0.0,1.0,1.0,0.4375
5243,cc8fe959edbcbe076,True,,,,,,,,,,0.0,1.0,1.0,1.0,1.0,0.0,0.0,1.0,0.0,0.0
5244,4a53fe73af8c37bee,True,,,,,,,,,,1.0,1.0,1.0,1.0,0.7844598092280078,1.0,0.0,1.0,1.0,0.8076436903837525
5245,6e7f645a1e9a9337a,True,,,,,,,,,,0.0,0.0,1.0,1.0,1.0,0.0,0.0,1.0,1.0,0.0
5246,568447ab7f82a5918,True,,,,,,,,,,1.0,1.0,0.0,1.0,1.0,1.0,0.0,1.0,0.0,0.0
5247,1ab13d4826a06cc9f,True,,,,,,,,,,1.0,0.0,1.0,1.0,0.6602122084101304,1.0,1.0,1.0,0.0,0.0
5248,4c9f4af922d375f71,True,,,,,,,,,,0.0,1.0,1.0,1.0,0.8392508704451866,1.0,1.0,1.0,0.0,0.0
5249,a9b93459b8bfb00a5,True,,,,,,,,,,1.0,1.0,1.0,1.0,0.8282888369094166,1.0,1.0,0.0,0.0,0.6963402615341927
5250,25e23d201bebf3f7f,True,,,,,,,,,,1.0,1.0,1.0,1.0,0.237987082130651,1.0,0.0,0.0,0.0,0.3868709631658285
5251,937a8f24b8d3c456f,True,,,,,,,,,,0.0,1.0,1.0,1.0,1.0,0.0,0.0,1.0,1.0,0.0
5252,6a802ffe0ffb0c125,True,,,,,,,,,,1.0,1.0,1.0,1.0,0.8386416206745632,1.0,1.0,1.0,1.0,0.9495755064608009
5253,8dfa62e95dcb416e8,True,,,,,,,,,,1.0,1.0,1.0,1.0,0.5126464337449658,1.0,1.0,1.0,0.0,0.7227020105453018
5254,fa350068f608950fe,True,,,,,,,,,,1.0,1.0,1.0,1.0,1.0,1.0,0.0,1.0,1.0,0.875
5255,4ce31f5e37ac47b5f,True,,,,,,,,,,1.0,1.0,1.0,1.0,0.7594178120179536,1.0,1.0,1.0,0.0,0.7998180662556105
5256,b5d11a125c8146f58,True,,,,,,,,,,1.0,1.0,1.0,1.0,0.6211907707412074,1.0,1.0,1.0,1.0,0.8816221158566273
5257,ced98f0c60c32e69a,True,,,,,,,,,,1.0,1.0,1.0,1.0,1.0,1.0,1.0,1.0,1.0,1.0
5258,c1ff77f605c58678a,True,,,,,,,,,,1.0,1.0,1.0,1.0,0.9485086076515719,1.0,0.0,1.0,1.0,0.8589089398911163
5259,6fad2bc43e18270d8,True,,,,,,,,,,1.0,1.0,1.0,1.0,0.7290037023044673,1.0,1.0,1.0,0.0,0.7903136569701461
5260,2b91925294ab78999,True,,,,,,,,,,0.0,0.0,1.0,1.0,1.0,0.0,0.0,1.0,0.0,0.0
5261,1ba581b05f68a9417,True,,,,,,,,,,1.0,1.0,1.0,1.0,0.8842507519078394,1.0,1.0,1.0,1.0,0.9638283599711999
5262,168a27b36c1bcf538,True,,,,,,,,,,1.0,1.0,0.0,1.0,1.0,1.0,0.0,1.0,1.0,0.0
5263,303ba3f05a636f6e9,True,,,,,,,,,,1.0,1.0,1.0,1.0,0.25459302033332976,1.0,1.0,1.0,0.0,0.6420603188541656
5264,a1144bd1f4f830e91,True,,,,,,,,,,1.0,1.0,1.0,1.0,0.5870987654092215,1.0,1.0,1.0,0.0,0.7459683641903817
5265,523e6115068b06a33,True,,,,,,,,,,1.0,1.0,1.0,1.0,1.0,1.0,1.0,0.0,0.0,0.75
5266,78501e6f18988cb91,True,,,,,,,,,,0.0,1.0,1.0,1.0,1.0,0.0,0.0,1.0,0.0,0.0
5267,47a79d5ba0ff53156,True,,,,,,,,,,1.0,0.0,1.0,1.0,1.0,1.0,1.0,1.0,0.0,0.0
5268,87c8ddd115e686126,True,,,,,,,,,,1.0,1.0,1.0,1.0,0.7827778544808155,1.0,1.0,0.0,1.0,0.8071180795252548
5269,cfd0e5de5d28d1a6e,True,,,,,,,,,,1.0,1.0,1.0,1.0,0.6199366392621332,1.0,0.0,1.0,0.0,0.6312301997694166
5270,49538162999026026,True,,,,,,,,,,1.0,1.0,1.0,1.0,1.0,1.0,0.0,1.0,1.0,0.875
5271,5e8bc80abe039be9e,True,,,,,,,,,,1.0,0.0,1.0,1.0,1.0,1.0,1.0,1.0,0.0,0.0
5272,cc9f51b0460d19ee5,True,,,,,,,,,,1.0,0.0,1.0,1.0,0.9602175973373779,1.0,0.0,1.0,0.0,0.0
5273,5f2d4a6779083a87d,True,,,,,,,,,,1.0,1.0,1.0,1.0,0.7580027907904672,1.0,1.0,1.0,1.0,0.924375872122021
5274,3a64c41fecb2ab1ca,True,,,,,,,,,,1.0,0.0,1.0,1.0,0.32891070518177706,1.0,1.0,1.0,0.0,0.0
5275,66d4f1e7e5ab29631,True,,,,,,,,,,1.0,1.0,1.0,1.0,0.026874519577371074,1.0,1.0,1.0,0.0,0.5708982873679285
5276,484e5d7157f571795,True,,,,,,,,,,1.0,1.0,1.0,1.0,0.5646085212642996,1.0,0.0,1.0,1.0,0.7389401628950936
5277,14123368ec92cefb0,True,,,,,,,,,,1.0,1.0,1.0,1.0,0.8526971998625923,1.0,1.0,1.0,1.0,0.9539678749570601
5278,6cca874fda7a3507a,True,,,,,,,,,,1.0,1.0,1.0,1.0,1.0,1.0,0.0,1.0,0.0,0.75
5279,797abeb7772dd6343,True,,,,,,,,,,1.0,0.0,1.0,1.0,0.7094929439761276,1.0,0.0,1.0,0.0,0.0
5280,d0edf77b02ddc46df,True,,,,,,,,,,1.0,1.0,0.0,1.0,1.0,1.0,0.0,1.0,0.0,0.0
5281,90d989f2205e253f9,True,,,,,,,,,,1.0,1.0,1.0,1.0,0.738048876151504,1.0,0.0,1.0,1.0,0.793140273797345
5282,f216b9731d3c1f375,True,,,,,,,,,,1.0,0.0,1.0,1.0,1.0,1.0,1.0,1.0,0.0,0.0
5283,6d2b3bf21e89475b9,True,,,,,,,,,,1.0,1.0,1.0,1.0,1.0,1.0,1.0,1.0,0.0,0.875
5284,6c0c0d2674d5ee28e,True,,,,,,,,,,1.0,1.0,1.0,1.0,0.5943217229920998,1.0,0.0,1.0,0.0,0.6232255384350311
5285,8f22304866f36485f,True,,,,,,,,,,1.0,1.0,0.5,1.0,0.619034580459485,1.0,0.0,1.0,0.0,0.3154741531967945
5286,3921f85c4ba81b39b,True,,,,,,,,,,1.0,1.0,1.0,1.0,0.8109349888143423,1.0,1.0,1.0,1.0,0.940917184004482
5287,bba1435e11b43591b,True,,,,,,,,,,1.0,1.0,1.0,1.0,1.0,1.0,1.0,1.0,1.0,1.0
5288,fe81231e5ce13b101,True,,,,,,,,,,1.0,1.0,1.0,1.0,1.0,1.0,0.0,1.0,1.0,0.875
5289,05ca5a62ce0754a30,True,,,,,,,,,,1.0,1.0,1.0,1.0,0.8322189103728745,1.0,0.0,1.0,0.0,0.6975684094915233
5290,cb15174665de85fb2,True,,,,,,,,,,1.0,1.0,1.0,1.0,0.7386569646680486,1.0,1.0,1.0,0.0,0.7933303014587652
5291,9cb5545908502a26c,True,,,,,,,,,,1.0,1.0,1.0,1.0,0.6173055753659052,1.0,1.0,1.0,0.0,0.7554079923018454
5292,2028fc3dfa9816bf8,True,,,,,,,,,,1.0,0.0,1.0,1.0,1.0,1.0,1.0,1.0,1.0,0.0
5293,0bb05e9c2e6296330,True,,,,,,,,,,1.0,1.0,1.0,1.0,0.768972463003704,1.0,1.0,1.0,1.0,0.9278038946886575
5294,cd43d27167de6cc79,True,,,,,,,,,,0.0,1.0,0.0,1.0,1.0,0.0,0.0,1.0,0.0,0.0
5295,0cf895d7d61939eb3,True,,,,,,,,,,1.0,1.0,1.0,1.0,0.02144762038045687,1.0,0.0,1.0,1.0,0.5692023813688928
5296,e26b9a326897c57c3,True,,,,,,,,,,1.0,1.0,0.5,1.0,0.803142981220981,1.0,0.0,1.0,1.0,0.40674109081577825
5297,3e56a32b74b50d827,True,,,,,,,,,,1.0,1.0,1.0,1.0,0.19577942589519545,1.0,1.0,1.0,0.0,0.6236810705922486
5298,8b29c1e65746a1185,True,,,,,,,,,,1.0,1.0,1.0,1.0,0.8048531528796725,1.0,0.0,1.0,1.0,0.8140166102748977
5299,664a5c4af31581693,True,,,,,,,,,,1.0,1.0,1.0,1.0,0.8523985731589812,1.0,0.0,1.0,1.0,0.8288745541121816
5300,c1db792a77989232e,True,,,,,,,,,,1.0,1.0,1.0,1.0,0.7298345022888294,1.0,0.0,1.0,1.0,0.7905732819652592
5301,44af46da795f58fa1,True,,,,,,,,,,1.0,1.0,1.0,1.0,0.7383736549424313,1.0,1.0,1.0,0.0,0.7932417671695098
5302,5634addd2134d1453,True,,,,,,,,,,1.0,1.0,1.0,1.0,0.8248429228128896,1.0,0.0,1.0,1.0,0.8202634133790281
5303,46e64616eb8cc57af,True,,,,,,,,,,1.0,1.0,1.0,1.0,0.6771523444018105,1.0,0.0,1.0,1.0,0.7741101076255658
5304,7e241b2390105cdb3,True,,,,,,,,,,1.0,1.0,1.0,1.0,0.8210359879273641,1.0,0.0,1.0,0.0,0.6940737462273012
5305,7002987261d03954e,True,,,,,,,,,,1.0,0.0,0.5,1.0,1.0,1.0,0.0,0.0,0.0,0.0
5306,b0b33738475eb449a,True,,,,,,,,,,1.0,1.0,1.0,1.0,0.8293514383633924,1.0,0.0,1.0,1.0,0.8216723244885602
5307,01e9b170c5c1365c4,True,,,,,,,,,,1.0,1.0,1.0,1.0,1.0,1.0,1.0,1.0,1.0,1.0
5308,54c064bb692276ac7,True,,,,,,,,,,1.0,1.0,1.0,1.0,1.0,1.0,0.0,1.0,0.0,0.75
5309,478ebd3b3ddcd9ccd,True,,,,,,,,,,1.0,1.0,0.5,1.0,0.589246333441344,1.0,0.0,1.0,0.0,0.31081973960021003
5310,108deb7af61e697bb,True,,,,,,,,,,1.0,1.0,1.0,1.0,1.0,1.0,1.0,1.0,0.0,0.875
5311,dda6b82566281cb83,True,,,,,,,,,,1.0,0.0,1.0,1.0,0.4558830325749429,1.0,1.0,1.0,0.0,0.0
5312,591164dffebc72c33,True,,,,,,,,,,1.0,1.0,1.0,1.0,1.0,1.0,1.0,1.0,1.0,1.0
5313,434099c65ff71b535,True,,,,,,,,,,0.0,1.0,1.0,1.0,1.0,0.0,0.0,1.0,0.0,0.0
5314,9778c919f63adf7c6,True,,,,,,,,,,1.0,1.0,1.0,1.0,0.5106106830778969,1.0,0.0,1.0,0.0,0.5970658384618428
5315,65e1feb850bbe8c9b,True,,,,,,,,,,1.0,1.0,0.5,1.0,1.0,1.0,0.0,1.0,0.0,0.375
5316,9748e22b4bb8ade92,True,,,,,,,,,,1.0,1.0,1.0,1.0,0.791170202073828,1.0,0.0,1.0,1.0,0.8097406881480713
5317,15e2547cb8af6e312,True,,,,,,,,,,1.0,0.0,0.5,1.0,0.6906611358250664,1.0,0.0,1.0,0.0,0.0
5318,99dc5d64b209fb23b,True,,,,,,,,,,1.0,1.0,1.0,1.0,0.5424396954561087,1.0,0.0,1.0,0.0,0.6070124048300339
5319,ebc1dc2ec0e635ae3,True,,,,,,,,,,1.0,0.0,1.0,1.0,1.0,1.0,1.0,1.0,0.0,0.0
5320,77ea1d582cf3df680,True,,,,,,,,,,1.0,1.0,1.0,1.0,0.8416932874962975,1.0,0.0,1.0,1.0,0.8255291523425929
5321,f047a65c1ef695e27,True,,,,,,,,,,0.0,1.0,1.0,1.0,1.0,0.0,0.0,1.0,0.0,0.0
5322,b710f4583e83f5650,True,,,,,,,,,,1.0,1.0,1.0,1.0,0.6903780146810591,1.0,1.0,1.0,0.0,0.7782431295878309
5323,60b000943deffcfb1,True,,,,,,,,,,1.0,1.0,1.0,1.0,0.8797806905579352,1.0,1.0,1.0,0.0,0.8374314657993547
5324,0ea9174f9cfe31c0d,True,,,,,,,,,,1.0,1.0,1.0,1.0,0.45135777809590993,1.0,1.0,1.0,1.0,0.8285493056549719
5325,95c7dfd77d6f446a0,True,,,,,,,,,,1.0,1.0,1.0,1.0,0.7270468098965287,1.0,1.0,0.0,1.0,0.7897021280926653
5326,ebfe50cfc0a46ef16,True,,,,,,,,,,1.0,1.0,0.5,1.0,1.0,1.0,0.0,1.0,0.0,0.375
5327,493f74af0100c9223,True,,,,,,,,,,1.0,0.0,1.0,1.0,1.0,1.0,0.0,1.0,0.0,0.0
5328,b22e723d346176e1f,True,,,,,,,,,,0.0,1.0,1.0,1.0,0.8458854068223479,0.0,0.0,1.0,1.0,0.0
5329,c8a0832c8f737ce92,True,,,,,,,,,,1.0,1.0,1.0,1.0,0.8697215659414005,1.0,1.0,1.0,1.0,0.9592879893566877
5330,e03e2999009dbd343,True,,,,,,,,,,1.0,1.0,1.0,1.0,1.0,1.0,0.0,1.0,1.0,0.875
5331,f10788e83a50fa0b2,True,,,,,,,,,,1.0,1.0,1.0,1.0,0.827846450510012,1.0,1.0,1.0,0.0,0.8212020157843788
5332,40f8e0ab453bddbb1,True,,,,,,,,,,1.0,1.0,1.0,1.0,0.6566506296428752,1.0,0.0,1.0,1.0,0.7677033217633985
5333,b840603cdbc809965,True,,,,,,,,,,1.0,1.0,0.0,1.0,1.0,1.0,0.0,1.0,0.0,0.0
5334,58c7dc2cb395006ae,True,,,,,,,,,,1.0,1.0,1.0,1.0,0.8132488705242523,1.0,1.0,1.0,1.0,0.9416402720388288
5335,570c63685f0d25c8f,True,,,,,,,,,,1.0,1.0,1.0,1.0,0.7971786929478137,1.0,1.0,1.0,0.0,0.8116183415461917
5336,9346180ef7437e555,True,,,,,,,,,,1.0,1.0,1.0,1.0,0.8361156828598949,1.0,0.0,1.0,1.0,0.8237861508937172
5337,15a4d38c20001c0e4,True,,,,,,,,,,1.0,0.0,0.0,1.0,1.0,1.0,0.0,1.0,0.0,0.0
5338,f6807a15ef236a60e,True,,,,,,,,,,1.0,0.0,1.0,1.0,1.0,1.0,1.0,0.0,0.0,0.0
5339,8c918377b8ed3a5b1,True,,,,,,,,,,1.0,1.0,1.0,1.0,0.8066224392075707,1.0,1.0,1.0,0.0,0.8145695122523658
5340,66fb23ec0e555548e,True,,,,,,,,,,1.0,1.0,1.0,1.0,0.022448683877994542,1.0,1.0,1.0,1.0,0.6945152137118733
5341,3dd2a8f5a8701cb47,True,,,,,,,,,,1.0,1.0,1.0,1.0,0.8821717331902615,1.0,0.0,1.0,0.0,0.7131786666219567
5342,9823414897079697b,True,,,,,,,,,,1.0,1.0,1.0,1.0,0.7354504826175925,1.0,0.0,1.0,0.0,0.6673282758179977
5343,15db590374cc3993a,True,,,,,,,,,,1.0,1.0,1.0,1.0,1.0,1.0,1.0,1.0,0.0,0.875
5344,86cf77209e00173f3,True,,,,,,,,,,1.0,1.0,1.0,1.0,0.799745981837556,1.0,0.0,1.0,1.0,0.8124206193242363
5345,15605fa49f762af2f,True,,,,,,,,,,1.0,1.0,1.0,1.0,0.7131474851294815,1.0,0.0,1.0,1.0,0.785358589102963
5346,75e8f9b411d1144ad,True,,,,,,,,,,1.0,1.0,1.0,1.0,0.8529220037690828,1.0,1.0,1.0,1.0,0.9540381261778383
5347,1c53209f745ee0b66,True,,,,,,,,,,1.0,1.0,1.0,1.0,0.9130727875334614,1.0,1.0,1.0,1.0,0.9728352461042067
5348,7a487393a13b1bc7e,True,,,,,,,,,,1.0,1.0,1.0,1.0,0.23709776420673329,1.0,0.0,1.0,1.0,0.6365930513146041
5349,761fdfcb355d74f9b,True,,,,,,,,,,1.0,1.0,1.0,1.0,0.8588203561350042,1.0,1.0,1.0,0.0,0.8308813612921888
5350,014d40ca62123c161,True,,,,,,,,,,1.0,0.0,1.0,1.0,1.0,1.0,1.0,1.0,1.0,0.0
5351,4743e61ca1af03cd7,True,,,,,,,,,,1.0,1.0,1.0,1.0,0.8009074328824507,1.0,1.0,1.0,0.0,0.8127835727757659
5352,a3ef9e8575b866d50,True,,,,,,,,,,1.0,1.0,1.0,1.0,1.0,1.0,1.0,1.0,1.0,1.0
5353,881878cfae4ce9953,True,,,,,,,,,,1.0,1.0,1.0,1.0,0.6669094959135874,1.0,1.0,1.0,1.0,0.8959092174729961
5354,4019a208fc30e8936,True,,,,,,,,,,0.0,1.0,1.0,1.0,1.0,0.0,0.0,1.0,1.0,0.0
5355,a9d7dd368b96f5f2d,True,,,,,,,,,,1.0,1.0,1.0,1.0,1.0,1.0,1.0,1.0,1.0,1.0
5356,b74ed296010c24598,True,,,,,,,,,,0.0,1.0,1.0,0.0,1.0,0.0,1.0,1.0,1.0,0.0
5357,cbef70f53373bf6bb,True,,,,,,,,,,1.0,1.0,1.0,1.0,0.9038577401242525,1.0,0.0,1.0,1.0,0.8449555437888289
5358,ffa118247f83dcacd,True,,,,,,,,,,1.0,1.0,1.0,1.0,0.40753526064291185,1.0,1.0,1.0,1.0,0.8148547689509099
5359,6de62a830b05d683f,True,,,,,,,,,,1.0,0.0,1.0,1.0,1.0,1.0,1.0,1.0,0.0,0.0
5360,acd449fa83a39cef2,True,,,,,,,,,,1.0,1.0,1.0,1.0,0.956835120010166,1.0,1.0,1.0,1.0,0.9865109750031769
5361,e2b3b0ba92343745a,True,,,,,,,,,,1.0,1.0,1.0,1.0,1.0,1.0,1.0,1.0,1.0,1.0
5362,b0dc4287fbb069fd7,True,,,,,,,,,,1.0,1.0,1.0,1.0,0.6899701188234207,1.0,0.0,1.0,1.0,0.778115662132319
5363,e9678d2903b5f46d6,True,,,,,,,,,,1.0,1.0,1.0,1.0,1.0,1.0,1.0,1.0,0.0,0.875
5364,b24ef110ccf50ea20,True,,,,,,,,,,1.0,1.0,1.0,1.0,0.6834188854491965,1.0,1.0,1.0,0.0,0.7760684017028738
5365,0d069b495b11daa42,True,,,,,,,,,,1.0,1.0,0.0,1.0,1.0,1.0,0.0,1.0,0.0,0.0
5366,56bd93dec0d4cb4df,True,,,,,,,,,,1.0,1.0,1.0,1.0,0.9721114301971467,1.0,1.0,1.0,1.0,0.9912848219366084
5367,03edf6df45ef3dc2c,True,,,,,,,,,,1.0,1.0,1.0,1.0,1.0,1.0,0.0,1.0,0.0,0.75
5368,7fe948a38f3a767fe,True,,,,,,,,,,1.0,1.0,0.5,1.0,0.747082863862171,1.0,0.0,1.0,1.0,0.39798169747846424
5369,b7b7adbd3d2126b3f,True,,,,,,,,,,1.0,1.0,1.0,1.0,0.7264254547093072,1.0,1.0,1.0,0.0,0.7895079545966586
5370,d62c06587889c5e1b,True,,,,,,,,,,1.0,0.0,1.0,1.0,1.0,1.0,0.0,1.0,0.0,0.0
5371,1e4fec4c7ed8b79e5,True,,,,,,,,,,1.0,1.0,1.0,1.0,0.6919251807758355,1.0,1.0,1.0,1.0,0.9037266189924487
5372,9e0cc66836c767421,True,,,,,,,,,,1.0,1.0,1.0,1.0,0.9939975615427605,1.0,1.0,1.0,1.0,0.9981242379821127
5373,03a6d53a889503fa1,True,,,,,,,,,,1.0,0.0,0.0,1.0,1.0,1.0,0.0,0.0,0.0,0.0
5374,35fc09471c163fd84,True,,,,,,,,,,1.0,1.0,1.0,1.0,0.7536492171334765,1.0,1.0,1.0,1.0,0.9230153803542114
5375,fa28a1a92ae386086,True,,,,,,,,,,1.0,1.0,1.0,1.0,0.628179822944255,1.0,1.0,1.0,0.0,0.7588061946700797
5376,1879a7c4a97f64bf9,True,,,,,,,,,,1.0,1.0,1.0,1.0,0.849441617952701,1.0,0.0,1.0,1.0,0.827950505610219
5377,bf64cc8fd71cdc3d8,True,,,,,,,,,,1.0,1.0,1.0,1.0,0.8291342036501455,1.0,1.0,1.0,0.0,0.8216044386406705
5378,b2ca4b63cda4a8fe2,True,,,,,,,,,,1.0,1.0,1.0,1.0,0.7825880570057719,1.0,0.0,1.0,1.0,0.8070587678143037
5379,67e23c9775c8647fa,True,,,,,,,,,,1.0,0.0,1.0,1.0,1.0,1.0,1.0,1.0,0.0,0.0
5380,562d93c298e442013,True,,,,,,,,,,1.0,1.0,1.0,1.0,0.7696063830959716,1.0,1.0,1.0,1.0,0.9280019947174911
5381,38237140ae3e57418,True,,,,,,,,,,1.0,1.0,1.0,1.0,0.7580968170275558,1.0,1.0,1.0,1.0,0.9244052553211112
5382,9c8f0339c698b9080,True,,,,,,,,,,1.0,1.0,1.0,1.0,0.7960773852561397,1.0,1.0,1.0,0.0,0.8112741828925436
5383,b589b9a8082420ee5,True,,,,,,,,,,1.0,1.0,1.0,1.0,1.0,1.0,0.0,1.0,1.0,0.875
5384,00c800ba9acb02aa0,True,,,,,,,,,,1.0,1.0,1.0,1.0,0.7387729803812892,1.0,1.0,1.0,1.0,0.9183665563691529
5385,66186ff8feddb320f,True,,,,,,,,,,1.0,1.0,1.0,1.0,0.8501846466209649,1.0,0.0,1.0,0.0,0.7031827020690515
5386,5744b52773894c061,True,,,,,,,,,,1.0,1.0,1.0,1.0,0.71022560146993,1.0,0.0,1.0,0.0,0.6594455004593531
5387,a075eb4cf05c9e8a0,True,,,,,,,,,,1.0,0.0,1.0,1.0,1.0,1.0,0.0,1.0,0.0,0.0
5388,5f2803a94f9f2adba,True,,,,,,,,,,1.0,1.0,1.0,1.0,0.5688904645488226,1.0,1.0,1.0,0.0,0.740278270171507
5389,99fefc4b387e5553a,True,,,,,,,,,,1.0,1.0,1.0,1.0,1.0,1.0,1.0,1.0,0.0,0.875
5390,1d0587c2228e349ac,True,,,,,,,,,,1.0,1.0,1.0,1.0,1.0,1.0,1.0,1.0,0.0,0.875
5391,43f884d69baea51f6,True,,,,,,,,,,1.0,0.0,1.0,1.0,1.0,1.0,1.0,1.0,1.0,0.0
5392,6ad5915978b38db9e,True,,,,,,,,,,0.0,1.0,1.0,1.0,1.0,0.0,0.0,1.0,0.0,0.0
5393,bc8f20a64d1f52826,True,,,,,,,,,,1.0,0.0,1.0,1.0,0.4497885938231182,1.0,1.0,1.0,1.0,0.0
5394,2c48bea3e93ba9e48,True,,,,,,,,,,1.0,1.0,1.0,1.0,0.8906320602324146,1.0,1.0,1.0,1.0,0.9658225188226295
5395,aded499bdbf17f962,True,,,,,,,,,,1.0,1.0,1.0,1.0,1.0,1.0,0.0,1.0,0.0,0.75
5396,554adddfca63d6fe8,True,,,,,,,,,,1.0,1.0,1.0,1.0,0.710398868020629,1.0,1.0,1.0,0.0,0.7844996462564466
5397,6583dc042ee97ab5a,True,,,,,,,,,,1.0,1.0,1.0,1.0,0.8590051382795385,1.0,0.0,1.0,1.0,0.8309391057123559
5398,63539a8af8e7678fa,True,,,,,,,,,,1.0,1.0,1.0,1.0,0.7359870670001897,1.0,1.0,1.0,1.0,0.9174959584375593
5399,0cbcae8358528cd55,True,,,,,,,,,,1.0,1.0,1.0,1.0,1.0,1.0,0.0,1.0,0.0,0.75
5400,8c3b732ea1b87e65b,True,,,,,,,,,,1.0,1.0,1.0,1.0,0.517351392603681,1.0,1.0,1.0,1.0,0.8491723101886504
5401,74e4cc639249b885a,True,,,,,,,,,,1.0,1.0,1.0,1.0,1.0,1.0,1.0,1.0,0.0,0.875
5402,7e80b831e8ff5883f,True,,,,,,,,,,1.0,0.0,0.0,1.0,1.0,1.0,0.0,1.0,1.0,0.0
5403,ae3513291969ee51b,True,,,,,,,,,,1.0,1.0,1.0,1.0,1.0,1.0,1.0,1.0,1.0,1.0
5404,9a7779cf31f38e961,True,,,,,,,,,,1.0,1.0,1.0,1.0,0.7842975898545409,1.0,1.0,1.0,0.0,0.807592996829544
5405,10591acdd773264c9,True,,,,,,,,,,1.0,1.0,1.0,1.0,1.0,1.0,1.0,1.0,1.0,1.0
5406,94dbe6cad76160ef1,True,,,,,,,,,,1.0,1.0,1.0,1.0,1.0,0.0,1.0,1.0,0.0,0.5625
5407,386d0b1a688b012fa,True,,,,,,,,,,1.0,1.0,0.0,1.0,0.8227666065182149,1.0,0.0,1.0,1.0,0.0
5408,cd55f0d35ddb36337,True,,,,,,,,,,1.0,1.0,1.0,1.0,0.7144067827179356,1.0,0.0,1.0,0.0,0.6607521195993549
5409,d9d4ce69f1cb10c10,True,,,,,,,,,,1.0,1.0,1.0,1.0,0.5679346430168734,1.0,1.0,1.0,0.0,0.739979575942773
5410,8999dafaeeabb1612,True,,,,,,,,,,0.0,1.0,1.0,1.0,1.0,0.0,0.0,1.0,0.0,0.0
5411,40e276fbb70b36a86,True,,,,,,,,,,1.0,1.0,1.0,1.0,0.34657547598604105,1.0,1.0,1.0,0.0,0.6708048362456378
5412,c172bf35d27bb2a60,True,,,,,,,,,,1.0,1.0,1.0,1.0,0.492975807400889,1.0,0.0,1.0,0.0,0.5915549398127777
5413,1be8c9376ad3e1e99,True,,,,,,,,,,1.0,1.0,1.0,1.0,1.0,1.0,1.0,1.0,0.0,0.875
5414,944867d5050b336ad,True,,,,,,,,,,1.0,0.0,1.0,1.0,1.0,1.0,0.0,1.0,0.0,0.0
5415,891da533fb5685c31,True,,,,,,,,,,1.0,0.0,0.5,1.0,1.0,1.0,0.0,0.0,0.0,0.0
5416,821ded6741a70217e,True,,,,,,,,,,1.0,1.0,1.0,1.0,1.0,1.0,1.0,1.0,1.0,1.0
5417,18f43a288ddc873cc,True,,,,,,,,,,1.0,1.0,1.0,1.0,0.9770349373695986,1.0,1.0,1.0,0.0,0.8678234179279996
5418,5607119f8cda83560,True,,,,,,,,,,1.0,1.0,1.0,1.0,1.0,1.0,0.0,1.0,1.0,0.875
5419,c3fd5d39095bf7d25,True,,,,,,,,,,0.0,1.0,1.0,1.0,1.0,0.0,0.0,1.0,0.0,0.0
5420,cd5f552597cd3be08,True,,,,,,,,,,1.0,1.0,1.0,1.0,0.7366426003353477,1.0,0.0,0.0,0.0,0.5427008126047961
5421,3c7f6147a0608469d,True,,,,,,,,,,1.0,1.0,1.0,1.0,1.0,1.0,1.0,1.0,1.0,1.0
5422,be4d95422b6b6e212,True,,,,,,,,,,1.0,1.0,1.0,1.0,0.6649224213783061,1.0,1.0,1.0,0.0,0.7702882566807207
5423,49f77b5c62d2c5787,True,,,,,,,,,,1.0,1.0,1.0,1.0,0.30594194873386793,1.0,1.0,1.0,0.0,0.6581068589793337
5424,7387fd37f78f3fd39,True,,,,,,,,,,1.0,1.0,1.0,1.0,0.8973445841484027,1.0,1.0,1.0,1.0,0.9679201825463759
5425,527b9dd077cc88c6e,True,,,,,,,,,,1.0,1.0,0.5,1.0,1.0,1.0,0.0,1.0,1.0,0.4375
5426,b638486d7d50a3d60,True,,,,,,,,,,1.0,1.0,1.0,1.0,1.0,1.0,1.0,1.0,1.0,1.0
5427,6adadb0caf086d050,True,,,,,,,,,,1.0,1.0,1.0,1.0,0.3508415796127251,1.0,1.0,1.0,0.0,0.6721379936289766
5428,6cb50088281513418,True,,,,,,,,,,1.0,1.0,1.0,1.0,0.6078588994063322,1.0,1.0,1.0,1.0,0.8774559060644789
5429,4f4036e82ca553ab5,True,,,,,,,,,,1.0,1.0,1.0,1.0,0.5110721365883097,1.0,1.0,1.0,1.0,0.8472100426838468
5430,fa3650efa1fa9cb64,True,,,,,,,,,,1.0,1.0,1.0,1.0,1.0,1.0,1.0,1.0,0.0,0.875
5431,c706c39c802cce2d4,True,,,,,,,,,,1.0,0.0,1.0,1.0,0.11033623826087897,1.0,1.0,1.0,1.0,0.0
5432,e2d4c33530eaef8bf,True,,,,,,,,,,1.0,1.0,1.0,1.0,0.7883520354938786,1.0,1.0,1.0,1.0,0.933860011091837
5433,d99b9f48dac697bf1,True,,,,,,,,,,1.0,1.0,1.0,1.0,0.7132841214933423,1.0,1.0,1.0,0.0,0.7854012879666694
5434,731d0bae35b763cde,True,,,,,,,,,,1.0,0.0,1.0,1.0,0.09226278537657845,1.0,0.0,1.0,0.0,0.0
5435,07c652f78c0509a49,True,,,,,,,,,,1.0,0.0,1.0,1.0,0.6820891786137796,1.0,1.0,1.0,0.0,0.0
5436,d85f111a22572d5b1,True,,,,,,,,,,1.0,1.0,1.0,1.0,1.0,1.0,1.0,0.0,0.0,0.75
5437,028df71b1e849619c,True,,,,,,,,,,1.0,1.0,1.0,1.0,1.0,1.0,1.0,1.0,1.0,1.0
5438,cad5818510a871f22,True,,,,,,,,,,0.0,1.0,1.0,1.0,1.0,0.0,1.0,1.0,1.0,0.0
5439,3d7ddf7a34c6ba150,True,,,,,,,,,,1.0,1.0,0.0,1.0,1.0,1.0,1.0,1.0,0.0,0.0
5440,83162d3d6d41557e9,True,,,,,,,,,,0.0,1.0,1.0,1.0,1.0,0.0,0.0,1.0,0.0,0.0
5441,d337b79f01dc75805,True,,,,,,,,,,1.0,1.0,0.5,1.0,0.6583221451906781,1.0,0.0,1.0,0.0,0.32161283518604344
5442,d5edc9afab7f3a337,True,,,,,,,,,,1.0,1.0,1.0,1.0,0.7359296563529321,1.0,1.0,1.0,0.0,0.7924780176102912
5443,d22b68be5e9fb8c2a,True,,,,,,,,,,1.0,1.0,1.0,1.0,1.0,1.0,1.0,1.0,0.0,0.875
5444,add2dc0d2d9ed03d5,True,,,,,,,,,,0.0,1.0,1.0,1.0,1.0,0.0,0.0,1.0,1.0,0.0
5445,c557bbca95b7a9516,True,,,,,,,,,,1.0,1.0,1.0,1.0,0.8001790128435501,1.0,1.0,1.0,1.0,0.9375559415136094
5446,d153031465d8e37cb,True,,,,,,,,,,1.0,1.0,1.0,1.0,0.5614248453373059,1.0,1.0,1.0,1.0,0.8629452641679081
5447,e3729cb0d1d99f604,True,,,,,,,,,,1.0,1.0,0.5,1.0,1.0,1.0,1.0,1.0,0.0,0.4375
5448,d6d8e9eb7b9c1befa,True,,,,,,,,,,1.0,1.0,1.0,1.0,0.30147997067112614,1.0,1.0,1.0,1.0,0.7817124908347269
5449,5154115e543f3aa9a,True,,,,,,,,,,1.0,0.0,1.0,1.0,0.543435647580911,1.0,1.0,1.0,1.0,0.0
5450,a7c33da176ab8f433,True,,,,,,,,,,1.0,0.0,1.0,1.0,1.0,1.0,0.0,0.0,0.0,0.0
5451,8e870ed69a2cd9267,True,,,,,,,,,,1.0,1.0,1.0,1.0,0.744390594412193,1.0,1.0,1.0,1.0,0.9201220607538103
5452,d0d8a6da053f9740c,True,,,,,,,,,,1.0,1.0,1.0,1.0,0.7858515271873541,1.0,1.0,1.0,1.0,0.9330786022460482
5453,a8df9dde6ff732727,True,,,,,,,,,,1.0,1.0,1.0,1.0,1.0,1.0,0.0,1.0,0.0,0.75
5454,19ef2d6f1a4a25124,True,,,,,,,,,,1.0,0.0,1.0,1.0,0.6512156710083319,1.0,1.0,1.0,1.0,0.0
5455,8cbf7cbc0d30a3d05,True,,,,,,,,,,1.0,1.0,1.0,1.0,0.14637195767651706,1.0,1.0,1.0,0.0,0.6082412367739116
5456,9862cd6616f18a7ed,True,,,,,,,,,,1.0,1.0,1.0,1.0,0.39690749199483677,1.0,1.0,1.0,1.0,0.8115335912483865
5457,6689a93bda6a6470b,True,,,,,,,,,,1.0,1.0,1.0,1.0,0.8727999426081708,1.0,1.0,1.0,1.0,0.9602499820650534
5458,1e6bc8862dcc8e9e0,True,,,,,,,,,,1.0,1.0,1.0,1.0,0.7939675540969893,1.0,0.0,1.0,1.0,0.8106148606553092
5459,0c57f2adbbbdf0401,True,,,,,,,,,,1.0,1.0,1.0,1.0,1.0,0.0,0.0,1.0,0.0,0.4375
5460,4b55982185962b484,True,,,,,,,,,,1.0,1.0,1.0,1.0,1.0,1.0,1.0,1.0,1.0,1.0
5461,41423d9768746a40d,True,,,,,,,,,,1.0,1.0,1.0,1.0,0.8727826317125233,1.0,1.0,0.0,0.0,0.7102445724101636
5462,7dc3f9cae9f72fe4c,True,,,,,,,,,,1.0,0.0,1.0,1.0,1.0,1.0,0.0,1.0,0.0,0.0
5463,5e9e3c88e21f7a346,True,,,,,,,,,,1.0,0.0,1.0,1.0,1.0,1.0,1.0,1.0,0.0,0.0
5464,4c4503dbf9554a97b,True,,,,,,,,,,1.0,1.0,1.0,1.0,0.8447088247495186,1.0,0.0,1.0,1.0,0.8264715077342246
5465,6c762cea7e7e3f6b8,True,,,,,,,,,,0.0,1.0,1.0,1.0,1.0,0.0,1.0,1.0,0.0,0.0
5466,7f0f949c3d0d9fe1f,True,,,,,,,,,,1.0,1.0,1.0,1.0,1.0,1.0,1.0,1.0,1.0,1.0
5467,14159a93c87271ed1,True,,,,,,,,,,1.0,1.0,1.0,1.0,1.0,1.0,0.0,1.0,0.0,0.75
5468,25cdeef2455f42ea7,True,,,,,,,,,,1.0,1.0,1.0,1.0,0.9866902445904824,1.0,1.0,1.0,0.0,0.8708407014345257
5469,19c21fee65a87c2d8,True,,,,,,,,,,1.0,1.0,1.0,1.0,0.6698005082844899,1.0,1.0,1.0,0.0,0.7718126588389032
5470,bda8e2ddfcebef730,True,,,,,,,,,,1.0,1.0,0.0,1.0,1.0,1.0,0.0,1.0,1.0,0.0
5471,511d6caf7ec40eb09,True,,,,,,,,,,0.0,1.0,1.0,1.0,1.0,0.0,0.0,1.0,0.0,0.0
5472,b1d448fe8d77559fd,True,,,,,,,,,,1.0,1.0,1.0,1.0,0.487313718045499,1.0,1.0,1.0,0.0,0.7147855368892184
5473,5a6b5af2e36371f17,True,,,,,,,,,,1.0,1.0,1.0,1.0,0.8181903715974407,1.0,1.0,1.0,1.0,0.9431844911242002
5474,08616e3e14acc949b,True,,,,,,,,,,1.0,0.0,1.0,1.0,1.0,1.0,0.0,1.0,1.0,0.0
5475,6a4de6b536cc07742,True,,,,,,,,,,1.0,1.0,1.0,1.0,0.6793758836930809,1.0,0.0,1.0,1.0,0.7748049636540878
5476,a52a1bf87700c06b5,True,,,,,,,,,,1.0,1.0,0.5,1.0,1.0,1.0,0.0,1.0,0.0,0.375
5477,9f8244fb38a036545,True,,,,,,,,,,1.0,1.0,1.0,1.0,0.8065955110202114,1.0,1.0,1.0,1.0,0.9395610971938161
5478,2f7f9ce16e4034224,True,,,,,,,,,,1.0,0.0,1.0,1.0,1.0,1.0,0.0,1.0,0.0,0.0
5479,b5c727c3b2286dfc5,True,,,,,,,,,,1.0,1.0,1.0,1.0,0.8002078297078582,1.0,1.0,0.0,0.0,0.6875649467837057
5480,5c51092bca4c55b7d,True,,,,,,,,,,1.0,1.0,1.0,1.0,0.5892290989750623,1.0,1.0,1.0,1.0,0.871634093429707
5481,cb1939bb101889c17,True,,,,,,,,,,0.0,1.0,1.0,1.0,1.0,0.0,0.0,1.0,0.0,0.0
5482,38c8739d0ae9e3f71,True,,,,,,,,,,1.0,0.0,1.0,1.0,1.0,1.0,1.0,1.0,0.0,0.0
5483,f324e70acbaa11675,True,,,,,,,,,,1.0,1.0,1.0,1.0,0.8302497232968679,1.0,1.0,1.0,0.0,0.8219530385302711
5484,0c5705a24a60a8fd4,True,,,,,,,,,,1.0,1.0,1.0,1.0,0.9336037884000811,1.0,0.0,1.0,1.0,0.8542511838750253
5485,2f24eb49857240d79,True,,,,,,,,,,1.0,1.0,1.0,1.0,1.0,1.0,1.0,1.0,0.0,0.875
5486,c40981d1d4e696de2,True,,,,,,,,,,1.0,0.0,1.0,1.0,0.4562375132083215,1.0,0.0,1.0,0.0,0.0
5487,4b48232c28699eff0,True,,,,,,,,,,1.0,1.0,1.0,1.0,0.8340760869182782,1.0,1.0,1.0,1.0,0.9481487771619619
5488,abb1e9c0cfeb7bb29,True,,,,,,,,,,0.0,1.0,0.5,1.0,1.0,0.0,0.0,1.0,1.0,0.0
5489,f5d454a22e5731c5a,True,,,,,,,,,,1.0,1.0,1.0,1.0,0.28616930285846703,1.0,1.0,1.0,0.0,0.651927907143271
5490,5eda23d004b1120db,True,,,,,,,,,,1.0,1.0,1.0,1.0,0.8932460309152632,1.0,0.0,1.0,0.0,0.7166393846610197
5491,30123728ead1b4804,True,,,,,,,,,,0.0,1.0,1.0,1.0,1.0,0.0,1.0,1.0,0.0,0.0
5492,ce4c369affbdefa99,True,,,,,,,,,,1.0,1.0,1.0,1.0,0.667027901148915,1.0,1.0,1.0,1.0,0.8959462191090359
5493,0ba1b091bdfec6628,True,,,,,,,,,,1.0,1.0,1.0,1.0,1.0,1.0,0.0,1.0,0.0,0.75
5494,036d27d8003dd2f2e,True,,,,,,,,,,1.0,1.0,1.0,1.0,1.0,1.0,1.0,1.0,1.0,1.0
5495,6dfe7ea162c45ba1d,True,,,,,,,,,,0.0,0.0,1.0,1.0,1.0,0.0,1.0,1.0,0.0,0.0
5496,76caf6deea5aff60c,True,,,,,,,,,,1.0,1.0,1.0,1.0,1.0,1.0,1.0,1.0,0.0,0.875
5497,289adac373c057f2c,True,,,,,,,,,,1.0,1.0,0.5,1.0,1.0,1.0,0.0,1.0,1.0,0.4375
5498,e32bd1ec1d273f2a3,True,,,,,,,,,,1.0,1.0,1.0,1.0,0.4505868528356116,1.0,1.0,1.0,0.0,0.7033083915111287
5499,eb2b9b57bc8fba12d,True,,,,,,,,,,1.0,1.0,1.0,1.0,0.8047568179161972,1.0,0.0,1.0,1.0,0.8139865055988116
5500,ceb646b2fba95ebf9,True,,,,,,,,,,1.0,1.0,1.0,1.0,0.764009424348311,1.0,0.0,1.0,1.0,0.8012529451088471
5501,77174c66f10b6d7f9,True,,,,,,,,,,1.0,0.0,1.0,1.0,0.43399965027326554,1.0,1.0,1.0,1.0,0.0
5502,054ea5b13451c621b,True,,,,,,,,,,1.0,1.0,1.0,1.0,0.8455687906704398,1.0,1.0,1.0,1.0,0.9517402470845124
5503,f295cbd77bfa4efa0,True,,,,,,,,,,1.0,1.0,1.0,1.0,1.0,1.0,0.0,1.0,1.0,0.875
5504,00cbc73194109904b,True,,,,,,,,,,1.0,1.0,1.0,1.0,1.0,1.0,0.0,1.0,1.0,0.875
5505,f320cdfa77acffb59,True,,,,,,,,,,1.0,0.0,1.0,1.0,0.7717237208067648,1.0,1.0,1.0,0.0,0.0
5506,8a9e6d29520f76dfc,True,,,,,,,,,,1.0,1.0,0.5,1.0,0.6084933816285738,1.0,0.0,1.0,1.0,0.37632709087946464
5507,d6a8d396239dfefa0,True,,,,,,,,,,1.0,1.0,0.5,1.0,0.5246563941693722,1.0,1.0,1.0,0.0,0.3632275615889644
5508,78a6c5025d620a6b9,True,,,,,,,,,,1.0,1.0,1.0,1.0,0.8605261062039852,1.0,1.0,0.0,0.0,0.7064144081887453
5509,1e704b348fb75f77d,True,,,,,,,,,,1.0,0.0,1.0,1.0,0.9692807985011829,1.0,1.0,1.0,1.0,0.0
5510,73bd1fde4cf4bbd5a,True,,,,,,,,,,0.0,1.0,1.0,1.0,1.0,0.0,0.0,1.0,0.0,0.0
5511,2da594e725662f7c5,True,,,,,,,,,,1.0,1.0,1.0,1.0,0.8560291118956115,1.0,1.0,1.0,1.0,0.9550090974673786
5512,977efa0295ed47613,True,,,,,,,,,,1.0,0.0,1.0,1.0,1.0,1.0,0.0,1.0,1.0,0.0
5513,fd168a37bcc4550df,True,,,,,,,,,,1.0,1.0,1.0,1.0,0.7983399025514523,1.0,0.0,1.0,0.0,0.6869812195473288
5514,fb36ad22580aff945,True,,,,,,,,,,1.0,1.0,0.0,1.0,1.0,1.0,0.0,1.0,0.0,0.0
5515,ae4f3518384257a07,True,,,,,,,,,,1.0,1.0,1.0,1.0,0.6660385830832857,1.0,1.0,1.0,0.0,0.7706370572135268
5516,b93890b60ea010aaa,True,,,,,,,,,,1.0,1.0,1.0,1.0,1.0,1.0,1.0,1.0,0.0,0.875
5517,04fdae6a66181ea6f,True,,,,,,,,,,1.0,0.0,1.0,1.0,1.0,1.0,0.0,1.0,1.0,0.0
5518,7338fea39e2bae90e,True,,,,,,,,,,1.0,1.0,1.0,1.0,0.6539009021121736,1.0,0.0,1.0,1.0,0.7668440319100542
5519,d12ce90d3b2b4d63a,True,,,,,,,,,,1.0,0.0,1.0,1.0,0.5463814659938939,1.0,1.0,1.0,1.0,0.0
5520,adb8420cc91f10b6d,True,,,,,,,,,,1.0,1.0,0.5,1.0,0.7806184483840507,1.0,1.0,1.0,1.0,0.4657216325600079
5521,7e909c56c1daea780,True,,,,,,,,,,1.0,1.0,1.0,1.0,0.743597385883054,1.0,1.0,1.0,0.0,0.7948741830884544
5522,6ae4df7fe6f3147d2,True,,,,,,,,,,1.0,1.0,1.0,1.0,0.6857838140274631,1.0,1.0,1.0,1.0,0.9018074418835822
5523,b378fbb6e27946979,True,,,,,,,,,,1.0,1.0,0.0,1.0,1.0,1.0,0.0,1.0,0.0,0.0
5524,aa6ae8ce4dc53d9af,True,,,,,,,,,,1.0,1.0,1.0,1.0,0.676543099736126,1.0,1.0,1.0,0.0,0.7739197186675394
5525,44a5937b14cec415b,True,,,,,,,,,,1.0,1.0,1.0,1.0,0.6881266172764832,1.0,0.0,1.0,1.0,0.777539567898901
5526,6d41dae8eb9b92cbe,True,,,,,,,,,,1.0,1.0,0.0,1.0,1.0,1.0,0.0,1.0,1.0,0.0
5527,ed00ab86d2c2f5767,True,,,,,,,,,,1.0,1.0,1.0,1.0,0.5345115375516989,1.0,0.0,1.0,1.0,0.7295348554849059
5528,947f38ffbc0854bac,True,,,,,,,,,,1.0,1.0,1.0,1.0,1.0,1.0,1.0,1.0,1.0,1.0
5529,053755e0b8f0dd052,True,,,,,,,,,,0.0,1.0,1.0,1.0,1.0,0.0,0.0,1.0,1.0,0.0
5530,b1606575e4b94f15c,True,,,,,,,,,,1.0,1.0,1.0,1.0,1.0,1.0,1.0,1.0,1.0,1.0
5531,5b8b54ff77ea4777f,True,,,,,,,,,,1.0,0.0,1.0,1.0,0.23074768657701106,1.0,0.0,1.0,1.0,0.0
5532,4ffc297962a8fbd17,True,,,,,,,,,,1.0,0.0,1.0,1.0,1.0,1.0,0.0,1.0,0.0,0.0
5533,96a372a94c983cb06,True,,,,,,,,,,1.0,1.0,1.0,1.0,0.7081069587181191,1.0,1.0,1.0,0.0,0.7837834245994122
5534,83f19b2038c24367b,True,,,,,,,,,,0.0,1.0,1.0,0.0,1.0,0.0,1.0,1.0,1.0,0.0
5535,44276d9ca75d0250b,True,,,,,,,,,,1.0,1.0,1.0,1.0,1.0,1.0,1.0,1.0,0.0,0.875
5536,27c67d28b70d594c7,True,,,,,,,,,,1.0,1.0,1.0,1.0,0.8475814175517516,1.0,1.0,1.0,0.0,0.8273691929849224
5537,65a9d726b130c91f5,True,,,,,,,,,,1.0,1.0,1.0,1.0,0.6231993371093225,1.0,1.0,1.0,1.0,0.8822497928466633
5538,66c0ac7e945e90197,True,,,,,,,,,,1.0,1.0,1.0,1.0,0.4030153134151262,1.0,0.0,1.0,1.0,0.688442285442227
5539,59837e4159b9ac2a4,True,,,,,,,,,,1.0,1.0,1.0,1.0,0.9268509288842043,1.0,0.0,1.0,1.0,0.8521409152763139
5540,ab136507f882d8c94,True,,,,,,,,,,1.0,0.0,1.0,1.0,1.0,1.0,1.0,1.0,1.0,0.0
5541,f65b972c0bb906291,True,,,,,,,,,,1.0,1.0,1.0,1.0,0.7293398130725072,1.0,0.0,1.0,1.0,0.7904186915851585
5542,544fd2c725ea1a878,True,,,,,,,,,,1.0,1.0,1.0,1.0,0.8510939956815707,1.0,1.0,1.0,1.0,0.9534668736504909
5543,71652a0843409669f,True,,,,,,,,,,1.0,1.0,1.0,1.0,1.0,1.0,0.0,1.0,0.0,0.75
5544,060c2eff47b49d915,True,,,,,,,,,,1.0,0.0,0.0,1.0,1.0,1.0,0.0,1.0,0.0,0.0
5545,5f47a3fc517f4ab93,True,,,,,,,,,,1.0,1.0,1.0,1.0,0.6303267085338587,1.0,1.0,1.0,1.0,0.8844770964168309
5546,778f661244251a842,True,,,,,,,,,,1.0,1.0,1.0,1.0,1.0,1.0,1.0,1.0,0.0,0.875
5547,93bb489a18cbb6868,True,,,,,,,,,,1.0,0.0,1.0,1.0,1.0,1.0,1.0,1.0,0.0,0.0
5548,73277da7106839e94,True,,,,,,,,,,0.0,1.0,1.0,1.0,1.0,0.0,0.0,1.0,1.0,0.0
5549,88438c22da37ffc4f,True,,,,,,,,,,1.0,1.0,1.0,1.0,0.5661382286142143,1.0,1.0,1.0,1.0,0.864418196441942
5550,370e1eb0a4295a2bc,True,,,,,,,,,,1.0,1.0,0.0,1.0,1.0,1.0,0.0,0.0,0.0,0.0
5551,7c999853833c34336,True,,,,,,,,,,1.0,1.0,1.0,1.0,0.5988273024755264,1.0,0.0,1.0,0.0,0.6246335320236021
5552,49251b4564a2244a7,True,,,,,,,,,,1.0,1.0,1.0,1.0,0.8680002768287156,1.0,1.0,1.0,0.0,0.8337500865089736
5553,f423e66e3506af742,True,,,,,,,,,,1.0,1.0,1.0,1.0,0.7245627060021201,1.0,1.0,1.0,0.0,0.7889258456256625
5554,7f444b043c5b21ab4,True,,,,,,,,,,1.0,1.0,1.0,1.0,0.809216403603698,1.0,1.0,1.0,0.0,0.8153801261261556
5555,991eb7f9b9b5d6f2f,True,,,,,,,,,,0.0,1.0,1.0,1.0,1.0,0.0,0.0,1.0,0.0,0.0
5556,ca4163d1efbe0dd9c,True,,,,,,,,,,1.0,1.0,1.0,1.0,1.0,0.0,0.0,1.0,1.0,0.5625
5557,2efb596222f8cbb75,True,,,,,,,,,,1.0,1.0,0.5,1.0,1.0,1.0,0.0,1.0,0.0,0.375
5558,2e6e31a67e672d4a5,True,,,,,,,,,,0.0,1.0,1.0,1.0,1.0,0.0,0.0,1.0,0.0,0.0
5559,2048a65fec13c23d5,True,,,,,,,,,,1.0,1.0,1.0,1.0,0.37129888035160996,1.0,1.0,1.0,1.0,0.803530900109878
5560,5bfc22f5524f10a47,True,,,,,,,,,,1.0,1.0,0.5,1.0,1.0,1.0,0.0,1.0,1.0,0.4375
5561,194d8549dce1cc044,True,,,,,,,,,,1.0,1.0,0.0,1.0,1.0,1.0,0.0,1.0,0.0,0.0
5562,aaf5db378e5bb4caa,True,,,,,,,,,,1.0,0.0,0.5,1.0,1.0,1.0,0.0,1.0,0.0,0.0
5563,bed081d2dd114adb6,True,,,,,,,,,,1.0,1.0,0.0,1.0,0.7725061990238554,1.0,0.0,0.0,0.0,0.0
5564,1b9fdb3577e3e1018,True,,,,,,,,,,1.0,1.0,1.0,1.0,0.6049568502887858,1.0,1.0,1.0,0.0,0.7515490157152456
5565,6f6d638ab426ccd16,True,,,,,,,,,,1.0,1.0,1.0,1.0,0.8934977182171691,1.0,0.0,1.0,0.0,0.7167180369428654
5566,eee0015497fc5fbb3,True,,,,,,,,,,1.0,1.0,1.0,1.0,0.7369747965256237,1.0,0.0,1.0,1.0,0.7928046239142574
5567,17014286d867292ae,True,,,,,,,,,,1.0,1.0,1.0,1.0,0.6284606109135097,1.0,1.0,1.0,0.0,0.7588939409104718
5568,0fe2cf2ea452fd529,True,,,,,,,,,,1.0,0.0,1.0,1.0,1.0,1.0,1.0,1.0,1.0,0.0
5569,5046d4b4e74d6cbbd,True,,,,,,,,,,1.0,0.0,0.0,1.0,1.0,1.0,1.0,1.0,0.0,0.0
5570,7e15600681ad3a48a,True,,,,,,,,,,1.0,1.0,1.0,1.0,0.8401077835289733,1.0,0.0,1.0,1.0,0.8250336823528042
5571,6ea72a0c3033844cf,True,,,,,,,,,,1.0,1.0,0.5,1.0,0.7483645347005694,1.0,0.0,1.0,0.0,0.335681958546964
5572,0308c9d9ebeab7805,True,,,,,,,,,,1.0,1.0,1.0,1.0,0.7318407089737412,1.0,1.0,1.0,0.0,0.7912002215542941
5573,8b829bb6658bc36c8,True,,,,,,,,,,0.0,1.0,1.0,1.0,0.9381262967634648,0.0,0.0,1.0,1.0,0.0
5574,9e4b9c5c9c0f63038,True,,,,,,,,,,1.0,1.0,1.0,1.0,0.652661272461552,1.0,0.0,0.0,0.0,0.516456647644235
5575,0f08a0aac0d912459,True,,,,,,,,,,1.0,1.0,1.0,1.0,0.979877265748198,1.0,0.0,1.0,1.0,0.8687116455463119
5576,aacc85e9299b2ee56,True,,,,,,,,,,1.0,1.0,0.5,1.0,1.0,1.0,1.0,1.0,0.0,0.4375
5577,5d5440db427d5f265,True,,,,,,,,,,1.0,1.0,1.0,1.0,0.3530802989944709,1.0,1.0,1.0,1.0,0.7978375934357722
5578,7fd5398b4e1c42134,True,,,,,,,,,,1.0,0.0,1.0,1.0,1.0,1.0,1.0,1.0,0.0,0.0
5579,afcd4a859a99df309,True,,,,,,,,,,1.0,1.0,1.0,1.0,1.0,1.0,1.0,1.0,1.0,1.0
5580,6d9888406276bc884,True,,,,,,,,,,1.0,1.0,1.0,1.0,0.4452177048305968,1.0,1.0,1.0,1.0,0.8266305327595616
5581,63a0b4eedb06db349,True,,,,,,,,,,1.0,0.0,0.0,1.0,1.0,1.0,0.0,1.0,0.0,0.0
5582,4287573d9633c7d2c,True,,,,,,,,,,1.0,1.0,1.0,1.0,0.8089448395303734,1.0,0.0,1.0,1.0,0.8152952623532417
5583,15755cd0249f8223a,True,,,,,,,,,,1.0,1.0,0.0,1.0,1.0,1.0,0.0,1.0,0.0,0.0
5584,9e268b454b8ca07a1,True,,,,,,,,,,1.0,1.0,1.0,1.0,0.6824989012901481,1.0,1.0,1.0,1.0,0.9007809066531713
5585,e9edc42aeefc7e850,True,,,,,,,,,,1.0,1.0,1.0,1.0,0.7890772873824343,1.0,0.0,1.0,1.0,0.8090866523070107
5586,10b2a2e4969e65b18,True,,,,,,,,,,1.0,1.0,1.0,1.0,0.6280024496029345,1.0,1.0,1.0,0.0,0.758750765500917
5587,2bac462f71b189be9,True,,,,,,,,,,1.0,1.0,1.0,1.0,0.7070682851230056,1.0,1.0,1.0,0.0,0.7834588391009393
5588,96bc4ac7fb23e9119,True,,,,,,,,,,1.0,1.0,1.0,1.0,0.7902867424816814,1.0,1.0,1.0,0.0,0.8094646070255255
5589,2e5740aa26165ee89,True,,,,,,,,,,1.0,1.0,1.0,1.0,0.6258554169238512,1.0,1.0,1.0,0.0,0.7580798177887035
5590,f511978077fdcd122,True,,,,,,,,,,1.0,1.0,1.0,1.0,0.6181709452008997,1.0,0.0,1.0,1.0,0.7556784203752811
5591,deec5be8952223b5f,True,,,,,,,,,,1.0,1.0,1.0,1.0,0.8330316127654951,1.0,1.0,1.0,0.0,0.8228223789892173
5592,2df66cb5d7a252afe,True,,,,,,,,,,1.0,1.0,1.0,1.0,1.0,1.0,1.0,1.0,0.0,0.875
5593,cbeda6fcf87d3407c,True,,,,,,,,,,1.0,1.0,1.0,1.0,0.6663630187004896,1.0,1.0,1.0,0.0,0.7707384433439031
5594,dbf49f5df6cc0b159,True,,,,,,,,,,0.0,0.0,1.0,1.0,1.0,0.0,1.0,1.0,0.0,0.0
5595,e36f8f24723dc8e0e,True,,,,,,,,,,1.0,0.0,1.0,1.0,0.7542581643878233,0.0,0.0,1.0,1.0,0.0
5596,6c04df27e5264b20b,True,,,,,,,,,,1.0,1.0,1.0,1.0,1.0,1.0,1.0,1.0,1.0,1.0
5597,61d3d79e3e01157d9,True,,,,,,,,,,1.0,1.0,1.0,1.0,0.8996036376262603,1.0,1.0,1.0,0.0,0.8436261367582063
5598,5b8a84de1fcdc3118,True,,,,,,,,,,1.0,1.0,0.5,0.0,1.0,1.0,1.0,1.0,0.0,0.0
5599,2bdf702f467e5cdf1,True,,,,,,,,,,1.0,1.0,1.0,1.0,0.5688441304450931,1.0,0.0,1.0,1.0,0.7402637907640917
5600,72637a23d58025fde,True,,,,,,,,,,0.0,1.0,1.0,1.0,1.0,0.0,0.0,1.0,0.0,0.0
5601,0a3d875284dd62305,True,,,,,,,,,,1.0,1.0,1.0,1.0,0.5305544081518008,1.0,1.0,1.0,1.0,0.8532982525474377
5602,23c9faa5c2360ed1f,True,,,,,,,,,,1.0,1.0,1.0,1.0,0.6417778787533259,1.0,1.0,1.0,1.0,0.8880555871104143
5603,37e2413062044f037,True,,,,,,,,,,1.0,1.0,1.0,1.0,0.7586226193745481,1.0,0.0,1.0,1.0,0.7995695685545463
5604,7f2c914bf8b40c7b7,True,,,,,,,,,,1.0,1.0,0.5,1.0,0.7143686506469056,1.0,1.0,1.0,0.0,0.392870101663579
5605,be44491ed8588df81,True,,,,,,,,,,1.0,1.0,1.0,1.0,1.0,1.0,1.0,1.0,0.0,0.875
5606,f7741428b4719155a,True,,,,,,,,,,1.0,1.0,0.0,1.0,0.8106497522469767,1.0,0.0,1.0,0.0,0.0
5607,a84f9dde85427d73a,True,,,,,,,,,,1.0,1.0,1.0,1.0,1.0,1.0,1.0,1.0,1.0,1.0
5608,728ec7568be562318,True,,,,,,,,,,1.0,1.0,1.0,1.0,1.0,1.0,0.0,1.0,1.0,0.875
5609,4466bfd1bb50dfc53,True,,,,,,,,,,1.0,1.0,1.0,1.0,0.6830082824600907,1.0,1.0,1.0,1.0,0.9009400882687784
5610,61437c5a9910331f6,True,,,,,,,,,,1.0,1.0,1.0,1.0,1.0,1.0,0.0,1.0,1.0,0.875
5611,031cc5379a5e98feb,True,,,,,,,,,,1.0,1.0,1.0,1.0,0.9110893582926775,1.0,0.0,1.0,1.0,0.8472154244664617
5612,a9b1d16817d446b6e,True,,,,,,,,,,1.0,1.0,1.0,1.0,0.832810621223004,1.0,1.0,1.0,1.0,0.9477533191321887
5613,9606e967ad3c59ad3,True,,,,,,,,,,1.0,1.0,1.0,1.0,1.0,1.0,1.0,1.0,1.0,1.0
5614,2bd137e85147a0c70,True,,,,,,,,,,1.0,0.0,0.5,1.0,1.0,1.0,0.0,1.0,0.0,0.0
5615,1dcbc0a4f06515ca6,True,,,,,,,,,,1.0,1.0,1.0,1.0,0.6588652612909108,1.0,0.0,1.0,1.0,0.7683953941534096
5616,a2b6df5b32c01b3d9,True,,,,,,,,,,1.0,1.0,0.0,1.0,1.0,1.0,0.0,1.0,0.0,0.0
5617,b5be28ec54c28eea8,True,,,,,,,,,,1.0,1.0,0.0,1.0,1.0,1.0,0.0,1.0,0.0,0.0
5618,336a85438db14731e,True,,,,,,,,,,0.0,1.0,1.0,1.0,1.0,0.0,0.0,1.0,1.0,0.0
5619,f35bd9cd53bff0ecd,True,,,,,,,,,,0.0,1.0,1.0,1.0,1.0,0.0,1.0,1.0,1.0,0.0
5620,01a7cf70d70d2fa61,True,,,,,,,,,,1.0,1.0,1.0,1.0,0.40375127288543555,1.0,0.0,1.0,1.0,0.6886722727766986
5621,3f68c9f1e2821def0,True,,,,,,,,,,1.0,1.0,1.0,1.0,0.24884508940474911,1.0,1.0,1.0,0.0,0.640264090438984
5622,69fb879cbb73f071a,True,,,,,,,,,,1.0,1.0,1.0,1.0,0.43654085623702393,1.0,1.0,1.0,0.0,0.69891901757407
5623,77dea5b8b12d56203,True,,,,,,,,,,1.0,1.0,1.0,1.0,0.8343494267640256,1.0,1.0,0.0,0.0,0.698234195863758
5624,300e70e9d228631b4,True,,,,,,,,,,1.0,1.0,0.0,1.0,1.0,1.0,0.0,0.0,0.0,0.0
5625,d2d732a1ea85df0d1,True,,,,,,,,,,1.0,1.0,1.0,1.0,0.399130296018873,1.0,1.0,1.0,1.0,0.8122282175058978
5626,d0a4601b1148fbc50,True,,,,,,,,,,1.0,1.0,1.0,1.0,0.6308764874888644,1.0,1.0,1.0,1.0,0.8846489023402702
5627,f74297ce90b621563,True,,,,,,,,,,1.0,0.0,1.0,1.0,0.88700866624349,1.0,0.0,1.0,0.0,0.0
5628,312594bc42c547bb1,True,,,,,,,,,,1.0,1.0,0.5,1.0,1.0,1.0,0.0,1.0,1.0,0.4375
5629,1c53867c6f662be8f,True,,,,,,,,,,1.0,1.0,0.0,1.0,1.0,1.0,0.0,1.0,0.0,0.0
5630,b2b89aaeeff8dd8dd,True,,,,,,,,,,1.0,0.0,0.0,1.0,1.0,1.0,0.0,1.0,0.0,0.0
5631,a42442493dd5e64ba,True,,,,,,,,,,1.0,1.0,1.0,1.0,0.6656788685378979,1.0,1.0,1.0,1.0,0.895524646418093
5632,6139b967f50241e4f,True,,,,,,,,,,1.0,1.0,0.5,1.0,0.49902283831897576,1.0,0.0,1.0,0.0,0.29672231848734
5633,29cd08f6390e4f790,True,,,,,,,,,,1.0,1.0,1.0,1.0,0.22018434777659457,1.0,1.0,1.0,0.0,0.6313076086801859
5634,dccd172b97cc9b305,True,,,,,,,,,,1.0,1.0,1.0,1.0,0.5307086504918771,1.0,1.0,1.0,0.0,0.7283464532787116
5635,de3881c003667e53e,True,,,,,,,,,,0.0,1.0,1.0,1.0,1.0,0.0,0.0,1.0,1.0,0.0
5636,91e4c1dcd12d3cf3c,True,,,,,,,,,,1.0,1.0,0.5,1.0,1.0,1.0,1.0,0.0,0.0,0.375
5637,e3e06ab2151befbbb,True,,,,,,,,,,1.0,1.0,1.0,1.0,0.8419373506731139,1.0,0.0,1.0,1.0,0.8256054220853482
5638,cf74c1bc63f84da49,True,,,,,,,,,,1.0,1.0,1.0,1.0,0.9712684699013407,1.0,1.0,1.0,1.0,0.991021396844169
5639,f4fc402c592a5d4a2,True,,,,,,,,,,1.0,1.0,0.0,1.0,0.8225995774179005,1.0,1.0,1.0,0.0,0.0
5640,a283fdc5a4a1cd3b0,True,,,,,,,,,,1.0,1.0,1.0,1.0,0.7575122625077443,1.0,1.0,1.0,0.0,0.79922258203367
5641,7bcbb548162ed8dbb,True,,,,,,,,,,1.0,1.0,1.0,1.0,0.797809600817083,1.0,1.0,1.0,1.0,0.9368155002553384
5642,f32ce52441f70bfee,True,,,,,,,,,,1.0,1.0,1.0,1.0,0.8702495456437481,1.0,1.0,1.0,1.0,0.9594529830136713
5643,4088cfb3d342b234d,True,,,,,,,,,,1.0,0.0,0.0,1.0,1.0,1.0,0.0,1.0,0.0,0.0
5644,ac7a491ea6609fc90,True,,,,,,,,,,1.0,1.0,1.0,1.0,0.4585434678429389,1.0,1.0,1.0,0.0,0.7057948337009184
5645,1a06b94eb28c15802,True,,,,,,,,,,1.0,1.0,1.0,1.0,1.0,1.0,0.0,1.0,1.0,0.875
5646,4eb8b4fdc3085e121,True,,,,,,,,,,1.0,1.0,1.0,1.0,1.0,1.0,1.0,1.0,0.0,0.875
5647,4e1acfe6d874f554d,True,,,,,,,,,,1.0,1.0,1.0,1.0,0.6845743269252378,1.0,1.0,1.0,0.0,0.7764294771641368
5648,e1e6ccb3f67db2d88,True,,,,,,,,,,1.0,1.0,1.0,1.0,0.8121217294565084,1.0,0.0,1.0,0.0,0.6912880404551589
5649,c5566cb2cc7d0ff52,True,,,,,,,,,,1.0,1.0,1.0,1.0,0.7005228961704103,1.0,1.0,1.0,1.0,0.9064134050532532
5650,4f381652c85aeb8b4,True,,,,,,,,,,1.0,1.0,1.0,1.0,0.4743039428207069,1.0,1.0,1.0,0.0,0.7107199821314709
5651,a317b20e8d007342f,True,,,,,,,,,,1.0,1.0,1.0,1.0,1.0,1.0,0.0,1.0,1.0,0.875
5652,c3a31672b53c086c7,True,,,,,,,,,,1.0,1.0,1.0,1.0,0.7356525942883522,1.0,0.0,1.0,1.0,0.7923914357151101
5653,8bd9cc5482864e291,True,,,,,,,,,,1.0,0.0,0.0,1.0,1.0,1.0,0.0,1.0,0.0,0.0
5654,493f02989c4ff9aac,True,,,,,,,,,,1.0,1.0,1.0,1.0,0.4747084540486002,1.0,1.0,1.0,0.0,0.7108463918901875
5655,ab74a4ee392eb4ffc,True,,,,,,,,,,1.0,1.0,1.0,1.0,0.6767337710749193,1.0,1.0,1.0,1.0,0.8989793034609123
5656,ceeb78663a0b4f09b,True,,,,,,,,,,1.0,1.0,1.0,1.0,0.7757818516808044,0.0,0.0,1.0,1.0,0.49243182865025137
5657,742d03b2d943caa9e,True,,,,,,,,,,1.0,1.0,1.0,1.0,0.5938072120365054,1.0,1.0,1.0,1.0,0.873064753761408
5658,f38cc020e1b05accc,True,,,,,,,,,,1.0,1.0,1.0,1.0,0.19488073145934373,1.0,1.0,1.0,0.0,0.6234002285810449
5659,2d69cb0443fc22cf0,True,,,,,,,,,,1.0,1.0,1.0,1.0,1.0,1.0,1.0,1.0,1.0,1.0
5660,9557f26df1e4356d7,True,,,,,,,,,,1.0,1.0,0.0,1.0,1.0,1.0,0.0,1.0,1.0,0.0
5661,cbabaf8e0b53e82d3,True,,,,,,,,,,1.0,0.0,1.0,1.0,1.0,1.0,0.0,1.0,0.0,0.0
5662,4da17212b5480fefc,True,,,,,,,,,,0.0,1.0,1.0,1.0,0.9719490659246248,0.0,0.0,1.0,0.0,0.0
5663,964210c085079b61a,True,,,,,,,,,,1.0,1.0,1.0,1.0,0.8231947100323571,1.0,0.0,1.0,1.0,0.8197483468851117
5664,376f87b3b2f49949d,True,,,,,,,,,,1.0,1.0,1.0,1.0,0.6352024213667703,1.0,1.0,1.0,1.0,0.8860007566771158
5665,610932681c4760e82,True,,,,,,,,,,1.0,1.0,1.0,1.0,0.7818902935846225,1.0,0.0,1.0,0.0,0.6818407167451945
5666,d039fdc59dc6803bb,True,,,,,,,,,,1.0,1.0,1.0,1.0,0.7193785293679038,1.0,1.0,1.0,0.0,0.78730579042747
5667,92d16fac53c12f99d,True,,,,,,,,,,1.0,1.0,1.0,1.0,0.48953524262304954,1.0,1.0,1.0,1.0,0.840479763319703
5668,0a8cbe192f3d3dfba,True,,,,,,,,,,1.0,1.0,1.0,1.0,0.4740094798276499,1.0,1.0,1.0,0.0,0.7106279624461406
5669,fc75e772cd8a739f3,True,,,,,,,,,,1.0,0.0,1.0,1.0,1.0,1.0,1.0,1.0,0.0,0.0
5670,3fb88c089daff90ac,True,,,,,,,,,,1.0,1.0,1.0,1.0,0.6541035857130351,1.0,1.0,1.0,1.0,0.8919073705353234
5671,94e0532c49d982780,True,,,,,,,,,,1.0,0.0,1.0,1.0,1.0,1.0,0.0,1.0,1.0,0.0
5672,3ec4e62b471309805,True,,,,,,,,,,1.0,1.0,1.0,1.0,1.0,1.0,0.0,1.0,1.0,0.875
5673,34c5a38a6aee37c97,True,,,,,,,,,,1.0,0.0,1.0,1.0,0.4562900441718788,1.0,1.0,1.0,0.0,0.0
5674,1b4910e763891cfbd,True,,,,,,,,,,0.0,0.0,0.5,1.0,1.0,0.0,0.0,1.0,0.0,0.0
5675,f48375618b581af7d,True,,,,,,,,,,1.0,0.0,1.0,1.0,1.0,1.0,1.0,1.0,0.0,0.0
5676,4f7b62e9ded399e3c,True,,,,,,,,,,1.0,0.0,1.0,1.0,1.0,1.0,0.0,1.0,1.0,0.0
5677,5a6d3d8a6cd7a7d2e,True,,,,,,,,,,1.0,1.0,1.0,1.0,0.8263859021798479,1.0,0.0,1.0,1.0,0.8207455944312024
5678,076a62d5c97d941a6,True,,,,,,,,,,1.0,1.0,1.0,1.0,0.6801907486033792,1.0,1.0,1.0,1.0,0.900059608938556
5679,434058a9bff839494,True,,,,,,,,,,1.0,1.0,1.0,1.0,0.841339658733776,1.0,0.0,1.0,1.0,0.825418643354305
5680,fb300036a09e3c31c,True,,,,,,,,,,1.0,0.0,1.0,1.0,1.0,1.0,0.0,1.0,0.0,0.0
5681,b7161060a1ad34cc6,True,,,,,,,,,,1.0,0.0,1.0,1.0,1.0,1.0,0.0,0.0,0.0,0.0
5682,46cb7915dd2c8bddc,True,,,,,,,,,,1.0,1.0,1.0,1.0,0.7440794346842529,1.0,0.0,1.0,1.0,0.7950248233388291
5683,1c46609a6f85e1150,True,,,,,,,,,,1.0,1.0,1.0,1.0,0.7782398869462261,1.0,0.0,1.0,1.0,0.8056999646706957
5684,c999a24e14bcd26f6,True,,,,,,,,,,1.0,1.0,1.0,1.0,0.5453636058838469,1.0,1.0,1.0,1.0,0.8579261268387022
5685,9e31589f9ede4587e,True,,,,,,,,,,1.0,1.0,0.5,1.0,1.0,1.0,0.0,1.0,1.0,0.4375
5686,98dc40005346d2d4e,True,,,,,,,,,,1.0,1.0,1.0,1.0,0.5036454149249658,1.0,0.0,1.0,0.0,0.5948891921640518
5687,9bcb66e43b4092040,True,,,,,,,,,,1.0,0.0,1.0,1.0,1.0,1.0,0.0,1.0,1.0,0.0
5688,94b6ffabace38c36f,True,,,,,,,,,,1.0,1.0,1.0,1.0,0.46021077302157387,1.0,0.0,1.0,0.0,0.5813158665692418
5689,08b425d9aa40aee45,True,,,,,,,,,,1.0,0.0,1.0,1.0,1.0,1.0,1.0,0.0,0.0,0.0
5690,0c4b91dd1d5fee81a,True,,,,,,,,,,1.0,1.0,0.5,1.0,1.0,1.0,0.0,1.0,0.0,0.375
5691,6a555d92cb8bdeee6,True,,,,,,,,,,1.0,1.0,1.0,1.0,0.8769757837697244,1.0,1.0,1.0,1.0,0.9615549324280388
5692,62660d36960de718f,True,,,,,,,,,,1.0,1.0,1.0,1.0,0.6112873590406798,1.0,1.0,1.0,0.0,0.7535272997002125
5693,fc4d5a62c921f8392,True,,,,,,,,,,1.0,0.0,1.0,1.0,0.626400410007059,1.0,1.0,1.0,0.0,0.0
5694,86a500b770f0588cb,True,,,,,,,,,,1.0,1.0,1.0,1.0,0.7740132476001141,1.0,1.0,1.0,0.0,0.8043791398750357
5695,a9a2a4ccbd1a06bee,True,,,,,,,,,,1.0,1.0,1.0,1.0,0.9414944465065468,1.0,1.0,1.0,0.0,0.8567170145332959
5696,b3af98bca187d3a52,True,,,,,,,,,,1.0,1.0,0.0,1.0,1.0,0.0,1.0,1.0,0.0,0.0
5697,69968d73c74d053d8,True,,,,,,,,,,1.0,1.0,0.5,1.0,1.0,1.0,0.0,1.0,0.0,0.375
5698,d3b5a3486c40ea561,True,,,,,,,,,,1.0,0.0,1.0,1.0,0.34953965644391854,1.0,1.0,1.0,0.0,0.0
5699,068049348ed36eb6a,True,,,,,,,,,,1.0,1.0,1.0,1.0,0.9211551433764985,1.0,0.0,1.0,1.0,0.8503609823051558
5700,687eac5f36b59550f,True,,,,,,,,,,1.0,0.0,1.0,1.0,1.0,1.0,1.0,1.0,1.0,0.0
5701,3b556146eac4e59da,True,,,,,,,,,,1.0,1.0,1.0,1.0,0.6139174959384754,1.0,0.0,1.0,1.0,0.7543492174807735
5702,c89e54cc4c778e2c6,True,,,,,,,,,,1.0,0.0,1.0,1.0,1.0,1.0,1.0,1.0,0.0,0.0
5703,631046410650329eb,True,,,,,,,,,,1.0,1.0,1.0,1.0,0.9042066395091916,1.0,0.0,1.0,1.0,0.8450645748466223
5704,19211d8eac9c62147,True,,,,,,,,,,1.0,1.0,1.0,1.0,0.6799634208086379,1.0,0.0,1.0,1.0,0.7749885690026994
5705,92dbe7647ced9cbf0,True,,,,,,,,,,1.0,1.0,0.0,1.0,1.0,1.0,0.0,1.0,1.0,0.0
5706,dd2ee657886ef2e66,True,,,,,,,,,,1.0,1.0,1.0,1.0,0.6065298919966713,1.0,0.0,1.0,1.0,0.7520405912489598
5707,1f46bbf6d50d08d54,True,,,,,,,,,,1.0,1.0,0.5,1.0,1.0,1.0,0.0,1.0,1.0,0.4375
5708,8ddd0967554f03e92,True,,,,,,,,,,1.0,1.0,1.0,1.0,0.33802680583766775,1.0,0.0,1.0,1.0,0.6681333768242712
5709,c6c91a989e2c0ae69,True,,,,,,,,,,1.0,1.0,1.0,1.0,0.7606143682855084,1.0,1.0,1.0,1.0,0.9251919900892214
5710,1559b4629f70930e4,True,,,,,,,,,,1.0,1.0,1.0,1.0,0.5568796091279506,1.0,1.0,1.0,0.0,0.7365248778524845
5711,c73e5118fba3f9c3f,True,,,,,,,,,,1.0,1.0,1.0,1.0,0.7167819476616043,1.0,0.0,1.0,1.0,0.7864943586442513
5712,e131606576698bb6b,True,,,,,,,,,,1.0,1.0,1.0,1.0,1.0,1.0,0.0,1.0,1.0,0.875
5713,102f1115bc733e323,True,,,,,,,,,,1.0,1.0,1.0,1.0,0.13579772755070096,1.0,0.0,1.0,0.0,0.47993678985959404
5714,65d1dc0e08fdbab3c,True,,,,,,,,,,1.0,1.0,1.0,1.0,1.0,1.0,0.0,0.0,0.0,0.625
5715,15b6de5b6b812b547,True,,,,,,,,,,1.0,1.0,1.0,1.0,1.0,1.0,1.0,1.0,1.0,1.0
5716,e318affbd4be74ca2,True,,,,,,,,,,1.0,1.0,0.0,1.0,1.0,1.0,0.0,1.0,0.0,0.0
5717,0eb1a54023685f27e,True,,,,,,,,,,1.0,1.0,1.0,1.0,1.0,1.0,0.0,1.0,0.0,0.75
5718,de4d565d2295bfce9,True,,,,,,,,,,1.0,1.0,0.5,1.0,1.0,1.0,0.0,1.0,0.0,0.375
5719,b1c7cedccc066a77d,True,,,,,,,,,,1.0,1.0,1.0,1.0,0.8275849868372799,1.0,0.0,1.0,1.0,0.82112030838665
5720,2d98dd5a526780315,True,,,,,,,,,,1.0,1.0,0.0,1.0,1.0,1.0,1.0,1.0,1.0,0.0
5721,ecc3d1d6244314a20,True,,,,,,,,,,1.0,1.0,1.0,1.0,1.0,1.0,1.0,1.0,1.0,1.0
5722,fe46394908bea81b9,True,,,,,,,,,,1.0,1.0,1.0,1.0,0.8340329818923957,1.0,1.0,1.0,1.0,0.9481353068413736
5723,e53ada22df8520033,True,,,,,,,,,,1.0,1.0,1.0,1.0,0.5834192706998442,1.0,1.0,1.0,0.0,0.7448185220937014
5724,bfc933fd0598219c3,True,,,,,,,,,,1.0,0.0,0.0,1.0,1.0,1.0,1.0,1.0,1.0,0.0
5725,2df4afab4d0b02842,True,,,,,,,,,,1.0,1.0,1.0,1.0,0.14952736236728115,1.0,0.0,1.0,1.0,0.6092273007397754
5726,3c70a054e8d40ce21,True,,,,,,,,,,1.0,1.0,1.0,1.0,1.0,1.0,0.0,1.0,1.0,0.875
5727,e0865c65b75b4c171,True,,,,,,,,,,1.0,1.0,1.0,1.0,0.8001790128435501,1.0,1.0,1.0,1.0,0.9375559415136094
5728,d113ac7bc40f321c0,True,,,,,,,,,,1.0,1.0,1.0,1.0,1.0,1.0,1.0,1.0,0.0,0.875
5729,9afa1551ea25fbb00,True,,,,,,,,,,1.0,1.0,1.0,1.0,1.0,1.0,0.0,1.0,1.0,0.875
5730,33acea7dafc3e280a,True,,,,,,,,,,1.0,1.0,1.0,1.0,1.0,1.0,0.0,1.0,0.0,0.75
5731,65d00ea9b07494406,True,,,,,,,,,,1.0,1.0,1.0,1.0,1.0,1.0,1.0,1.0,1.0,1.0
5732,8ecb5a2059e8ef8ac,True,,,,,,,,,,1.0,1.0,0.5,1.0,1.0,1.0,0.0,1.0,0.0,0.375
5733,ffa477be5c420e9a3,True,,,,,,,,,,1.0,1.0,1.0,1.0,0.740470233072599,1.0,1.0,1.0,1.0,0.9188969478351872
5734,eeb0b8f8cc54ccf58,True,,,,,,,,,,1.0,1.0,1.0,1.0,1.0,1.0,1.0,1.0,0.0,0.875
5735,25c09023519316f41,True,,,,,,,,,,1.0,0.0,1.0,1.0,1.0,1.0,1.0,1.0,0.0,0.0
5736,eeb34640b5657db25,True,,,,,,,,,,1.0,1.0,1.0,1.0,1.0,1.0,1.0,1.0,0.0,0.875
5737,b3c45b51a36a0ed65,True,,,,,,,,,,1.0,1.0,1.0,1.0,0.6631623676812771,1.0,1.0,1.0,1.0,0.8947382399003991
5738,82164b6dd39963198,True,,,,,,,,,,1.0,1.0,0.0,1.0,1.0,1.0,0.0,1.0,0.0,0.0
5739,a557acb1f1d4211d2,True,,,,,,,,,,1.0,1.0,1.0,1.0,0.828819883537074,1.0,0.0,1.0,1.0,0.8215062136053357
5740,412fcdb7f8f144443,True,,,,,,,,,,1.0,1.0,1.0,1.0,1.0,1.0,1.0,1.0,1.0,1.0
5741,e9a805fef6295d90c,True,,,,,,,,,,1.0,0.0,0.5,1.0,1.0,1.0,1.0,1.0,0.0,0.0
5742,015f3c215167f64d9,True,,,,,,,,,,1.0,1.0,1.0,1.0,0.9668967946223803,1.0,1.0,1.0,0.0,0.8646552483194938
5743,7d5a7137f0e5a166a,True,,,,,,,,,,0.0,1.0,1.0,1.0,1.0,0.0,1.0,1.0,1.0,0.0
5744,d294ac095b61c1877,True,,,,,,,,,,1.0,1.0,1.0,1.0,0.4367507108222879,1.0,1.0,1.0,0.0,0.698984597131965
5745,c7d0ddf8a1a463297,True,,,,,,,,,,1.0,1.0,1.0,1.0,0.8378672129390502,1.0,0.0,1.0,1.0,0.8243335040434532
5746,b7b75d4d1f9b05cac,True,,,,,,,,,,1.0,1.0,1.0,1.0,0.6009486018926116,1.0,0.0,1.0,1.0,0.7502964380914411
5747,03a07d09ea9a5a563,True,,,,,,,,,,1.0,1.0,1.0,1.0,0.6143586137516613,0.0,0.0,1.0,0.0,0.3169870667973942
5748,55810b94ebcc0aaa3,True,,,,,,,,,,1.0,1.0,1.0,1.0,0.8278848839736759,1.0,0.0,1.0,0.0,0.6962140262417738
5749,71311b352b3aa16e3,True,,,,,,,,,,1.0,1.0,1.0,1.0,0.11860710573067411,1.0,1.0,1.0,0.0,0.5995647205408356
5750,de1d1d3fbf4860a8c,True,,,,,,,,,,0.0,0.0,0.0,1.0,1.0,0.0,0.0,1.0,0.0,0.0
5751,961c057965f6951d8,True,,,,,,,,,,1.0,1.0,1.0,1.0,0.7923828636049669,1.0,0.0,1.0,0.0,0.6851196448765522
5752,0b20cc78c6d693794,True,,,,,,,,,,1.0,0.0,1.0,1.0,1.0,1.0,0.0,1.0,0.0,0.0
5753,889738d49bab39139,True,,,,,,,,,,1.0,1.0,1.0,1.0,0.9704400732093471,1.0,1.0,1.0,0.0,0.865762522877921
5754,dcde802c1ad40532b,True,,,,,,,,,,0.0,1.0,1.0,1.0,1.0,0.0,0.0,1.0,0.0,0.0
5755,1a8fcc346a063b55c,True,,,,,,,,,,1.0,1.0,1.0,1.0,1.0,1.0,1.0,1.0,0.0,0.875
5756,372a537447f7672b9,True,,,,,,,,,,1.0,1.0,1.0,1.0,0.9017343467000174,1.0,1.0,1.0,0.0,0.8442919833437554
5757,7e21d3337e4e59b97,True,,,,,,,,,,1.0,1.0,1.0,1.0,0.7514625827928579,1.0,0.0,1.0,1.0,0.7973320571227681
5758,11faa3428ed91e426,True,,,,,,,,,,1.0,1.0,0.0,1.0,1.0,1.0,0.0,1.0,0.0,0.0
5759,c19d3aa3c7a6557a9,True,,,,,,,,,,1.0,1.0,1.0,1.0,0.3973559677847396,1.0,1.0,1.0,1.0,0.8116737399327312
5760,3c66eb3d48ad162dc,True,,,,,,,,,,1.0,0.0,1.0,1.0,0.8463320907334357,1.0,1.0,1.0,1.0,0.0
5761,a70407f928cd54582,True,,,,,,,,,,1.0,1.0,1.0,1.0,0.6273546281874438,1.0,1.0,1.0,1.0,0.8835483213085762
5762,1435a0fd243cd3793,True,,,,,,,,,,1.0,1.0,1.0,1.0,0.6840879352323228,1.0,1.0,1.0,0.0,0.7762774797601009
5763,f9b2e117ff4ab2884,True,,,,,,,,,,1.0,1.0,1.0,1.0,0.6736655861214533,1.0,0.0,1.0,1.0,0.7730204956629542
5764,afb926f0852a51d14,True,,,,,,,,,,1.0,1.0,1.0,1.0,0.9509464309260354,1.0,1.0,1.0,0.0,0.859670759664386
5765,1821758da0d84714b,True,,,,,,,,,,1.0,1.0,0.0,1.0,1.0,1.0,0.0,1.0,0.0,0.0
5766,0369a23acb953eeac,True,,,,,,,,,,1.0,1.0,1.0,1.0,0.7394399370094391,1.0,1.0,1.0,1.0,0.9185749803154497
5767,f068d067b1949f364,True,,,,,,,,,,1.0,0.0,1.0,1.0,0.38165762792438285,1.0,0.0,0.0,0.0,0.0
5768,f76b309e043384dcf,True,,,,,,,,,,1.0,1.0,1.0,1.0,0.7862227788103223,1.0,0.0,1.0,1.0,0.8081946183782257
5769,aac5e172e96b86e25,True,,,,,,,,,,1.0,1.0,0.5,1.0,1.0,1.0,0.0,1.0,0.0,0.375
5770,c13c2ca0a9374dc3c,True,,,,,,,,,,1.0,1.0,1.0,1.0,0.6373162233845142,1.0,0.0,1.0,0.0,0.6366613198076607
5771,4df02e870186ea610,True,,,,,,,,,,1.0,1.0,1.0,1.0,0.6605171281406479,1.0,0.0,1.0,1.0,0.7689116025439524
5772,22e34699b1bc71621,True,,,,,,,,,,1.0,1.0,1.0,1.0,0.9297847151843562,1.0,1.0,1.0,1.0,0.9780577234951113
5773,40e319c83aab2731d,True,,,,,,,,,,1.0,1.0,1.0,1.0,0.8816360943674991,1.0,1.0,1.0,0.0,0.8380112794898436
5774,4fb5655af73387ef8,True,,,,,,,,,,1.0,1.0,0.0,1.0,1.0,1.0,0.0,1.0,0.0,0.0
5775,f06a4e01a1e5abdd5,True,,,,,,,,,,1.0,1.0,1.0,1.0,0.7860201123440793,1.0,1.0,1.0,0.0,0.8081312851075249
5776,b89f8f1400c121a0e,True,,,,,,,,,,1.0,1.0,1.0,1.0,1.0,1.0,1.0,1.0,1.0,1.0
5777,af6a8ab4980429b3d,True,,,,,,,,,,1.0,1.0,0.5,1.0,0.910662935703447,1.0,0.0,1.0,0.0,0.3610410837036636
5778,5929f8a55e3904cac,True,,,,,,,,,,1.0,1.0,1.0,1.0,0.6372000059404067,1.0,1.0,1.0,1.0,0.886625001856377
5779,7d026bbe1e37cd6bf,True,,,,,,,,,,1.0,1.0,1.0,1.0,0.6152229304587006,1.0,1.0,1.0,1.0,0.879757165768344
5780,7db120c56ed98be5a,True,,,,,,,,,,0.0,1.0,1.0,1.0,1.0,0.0,1.0,1.0,1.0,0.0
5781,9e892c78dc283445e,True,,,,,,,,,,1.0,1.0,1.0,1.0,1.0,1.0,1.0,1.0,1.0,1.0
5782,720fbcef3959511d0,True,,,,,,,,,,0.0,1.0,1.0,1.0,1.0,0.0,1.0,1.0,1.0,0.0
5783,a16a2970a55b1cf7f,True,,,,,,,,,,1.0,1.0,1.0,1.0,0.7654938637421477,1.0,0.0,1.0,0.0,0.6767168324194212
5784,d6cfdfbe6733111b7,True,,,,,,,,,,1.0,1.0,1.0,1.0,1.0,1.0,0.0,1.0,1.0,0.875
5785,33ff9ec8e9bc148c8,True,,,,,,,,,,1.0,1.0,1.0,1.0,0.5173151101901445,1.0,1.0,1.0,1.0,0.8491609719344202
5786,f455b09466a75b437,True,,,,,,,,,,0.0,1.0,1.0,1.0,1.0,0.0,1.0,1.0,1.0,0.0
5787,2137517554a7f8e3b,True,,,,,,,,,,1.0,1.0,1.0,1.0,0.5056473763541146,1.0,1.0,1.0,0.0,0.7205148051106608
5788,0128939093fdde786,True,,,,,,,,,,1.0,1.0,1.0,1.0,0.18411931959794972,1.0,1.0,1.0,0.0,0.6200372873743593
5789,284604b19e5b66780,True,,,,,,,,,,1.0,0.0,1.0,1.0,0.644968570800633,1.0,1.0,1.0,0.0,0.0
5790,1770d226b1fbdf6a2,True,,,,,,,,,,1.0,1.0,1.0,1.0,1.0,1.0,0.0,1.0,1.0,0.875
5791,aede15abec43ca21b,True,,,,,,,,,,1.0,0.0,1.0,1.0,1.0,1.0,0.0,1.0,0.0,0.0
5792,29e06b2285a52c6d0,True,,,,,,,,,,1.0,1.0,0.5,1.0,1.0,1.0,0.0,1.0,0.0,0.375
5793,c9a4a1c914e8a249d,True,,,,,,,,,,1.0,0.0,1.0,1.0,1.0,1.0,1.0,1.0,1.0,0.0
5794,d9320fa5d2528afc4,True,,,,,,,,,,1.0,0.0,1.0,1.0,0.6383129897633826,1.0,1.0,1.0,0.0,0.0
5795,6cbcce7f4aa5854ab,True,,,,,,,,,,1.0,1.0,1.0,1.0,1.0,1.0,0.0,1.0,1.0,0.875
5796,976f2d716419166ba,True,,,,,,,,,,1.0,1.0,1.0,1.0,0.8686983657335574,1.0,0.0,0.0,0.0,0.5839682392917367
5797,896888ec148c2c4cb,True,,,,,,,,,,0.0,1.0,1.0,1.0,0.17796405052484152,0.0,0.0,0.0,0.0,0.0
5798,234b7c4138a9802b3,True,,,,,,,,,,1.0,1.0,1.0,1.0,0.7452583731094534,1.0,0.0,1.0,0.0,0.6703932415967042
5799,9a5590594b11e4e0d,True,,,,,,,,,,1.0,1.0,1.0,1.0,0.8204505863677041,1.0,1.0,1.0,0.0,0.8188908082399076
5800,c2453cf14f2d02b30,True,,,,,,,,,,1.0,1.0,1.0,1.0,0.628179822944255,1.0,1.0,1.0,0.0,0.7588061946700797
5801,385adba134e6d7874,True,,,,,,,,,,0.0,1.0,1.0,1.0,1.0,0.0,1.0,1.0,1.0,0.0
5802,454ed2035bb0054fb,True,,,,,,,,,,1.0,1.0,1.0,1.0,0.5606916656367702,1.0,1.0,1.0,1.0,0.8627161455114907
5803,65d059ca1a57ebca1,True,,,,,,,,,,1.0,0.0,1.0,1.0,0.8294889223086719,1.0,0.0,1.0,0.0,0.0
5804,ecb3b9f1238edf126,True,,,,,,,,,,1.0,0.0,1.0,1.0,1.0,1.0,0.0,1.0,1.0,0.0
5805,ce907a202ee6095c1,True,,,,,,,,,,1.0,1.0,1.0,1.0,0.5617119809273939,1.0,1.0,1.0,0.0,0.7380349940398105
5806,e8a9486b49b69adbf,True,,,,,,,,,,0.0,1.0,1.0,1.0,1.0,0.0,1.0,1.0,0.0,0.0
5807,739639234c47bf547,True,,,,,,,,,,0.5,1.0,1.0,1.0,1.0,0.0,0.0,1.0,1.0,0.28125
5808,88b4a166a946c9537,True,,,,,,,,,,1.0,0.0,1.0,1.0,1.0,1.0,0.0,1.0,0.0,0.0
5809,aae1bf6255a96ecbe,True,,,,,,,,,,1.0,1.0,1.0,1.0,1.0,1.0,1.0,1.0,1.0,1.0
5810,17f2adbc3fb3e02c2,True,,,,,,,,,,1.0,1.0,1.0,1.0,0.6343890002630935,1.0,1.0,1.0,0.0,0.7607465625822167
5811,036879f77cadaa2d1,True,,,,,,,,,,1.0,1.0,1.0,1.0,0.9358734215196371,1.0,1.0,0.0,0.0,0.7299604442248866
5812,6697b38b1d73777b9,True,,,,,,,,,,1.0,1.0,1.0,1.0,0.651929438208209,1.0,1.0,1.0,1.0,0.8912279494400653
5813,779362891364950a1,True,,,,,,,,,,1.0,1.0,1.0,1.0,0.6096185660002734,1.0,0.0,1.0,1.0,0.7530058018750855
5814,850d4a79f659a9740,True,,,,,,,,,,1.0,1.0,1.0,1.0,0.44799058747952425,1.0,1.0,1.0,1.0,0.8274970585873513
5815,fd7743059db2ad01f,True,,,,,,,,,,0.0,1.0,1.0,1.0,1.0,0.0,1.0,1.0,0.0,0.0
5816,beae653519f0232e7,True,,,,,,,,,,1.0,1.0,1.0,1.0,1.0,1.0,1.0,1.0,0.0,0.875
5817,1321cf37404d27e22,True,,,,,,,,,,1.0,1.0,0.0,1.0,1.0,1.0,0.0,1.0,1.0,0.0
5818,7e640664f4c19d17e,True,,,,,,,,,,1.0,0.0,1.0,1.0,1.0,1.0,0.0,1.0,1.0,0.0
5819,1e3da3a342a445433,True,,,,,,,,,,1.0,1.0,1.0,1.0,0.6267603732601595,1.0,0.0,1.0,0.0,0.6333626166437999
5820,4f498e8f4ae7fedd5,True,,,,,,,,,,1.0,0.0,0.5,1.0,1.0,1.0,0.0,1.0,0.0,0.0
5821,d917882ea2d51f02c,True,,,,,,,,,,1.0,1.0,1.0,1.0,0.8410484157941779,1.0,0.0,1.0,1.0,0.8253276299356807
5822,4142c2fdf6fa0139a,True,,,,,,,,,,1.0,0.0,1.0,0.0,1.0,1.0,1.0,1.0,0.0,0.0
5823,b6030dfa5349bcc9b,True,,,,,,,,,,1.0,1.0,1.0,1.0,1.0,1.0,1.0,1.0,0.0,0.875
5824,1b26aaf90ef14383f,True,,,,,,,,,,1.0,1.0,1.0,1.0,0.9482998864097814,0.0,1.0,1.0,0.0,0.5463437145030567
5825,ddfba30b82c7a702c,True,,,,,,,,,,1.0,0.0,1.0,1.0,1.0,1.0,1.0,1.0,0.0,0.0
5826,3b99197cc8a0e07a3,True,,,,,,,,,,1.0,1.0,1.0,1.0,1.0,1.0,0.0,1.0,1.0,0.875
5827,df33e15913a4524e0,True,,,,,,,,,,1.0,1.0,1.0,1.0,0.7037919028273215,1.0,0.0,1.0,1.0,0.782434969633538
5828,4ce14eab81ed439f2,True,,,,,,,,,,1.0,1.0,0.5,1.0,0.8316903867765074,1.0,0.0,1.0,0.0,0.3487016229338293
5829,5cd83ccdc4993016d,True,,,,,,,,,,1.0,1.0,1.0,1.0,0.8635768081867429,1.0,0.0,1.0,1.0,0.8323677525583572
5830,df2f5f2688acbcf8c,True,,,,,,,,,,1.0,1.0,0.5,1.0,1.0,1.0,0.0,1.0,0.0,0.375
5831,103886298090f6b5a,True,,,,,,,,,,0.0,1.0,1.0,1.0,1.0,0.0,0.0,1.0,0.0,0.0
5832,01944b1d62426bc85,True,,,,,,,,,,1.0,0.0,1.0,1.0,1.0,1.0,1.0,1.0,1.0,0.0
5833,18cf30de794bcf3f5,True,,,,,,,,,,1.0,1.0,0.5,1.0,1.0,1.0,0.0,1.0,1.0,0.4375
5834,24b6ddd9158c4bf2c,True,,,,,,,,,,1.0,1.0,1.0,1.0,0.894608858255328,1.0,1.0,1.0,1.0,0.96706526820479
5835,d4bddc4246b475541,True,,,,,,,,,,1.0,1.0,1.0,1.0,0.6247293318612973,1.0,0.0,1.0,1.0,0.7577279162066555
5836,95617d9c8d0165269,True,,,,,,,,,,1.0,1.0,0.0,1.0,0.8025817894210929,1.0,1.0,1.0,1.0,0.0
5837,56873aea1946dc836,True,,,,,,,,,,1.0,1.0,1.0,1.0,0.8602888838631673,1.0,1.0,1.0,0.0,0.8313402762072397
5838,1d4894afb05e6ebc3,True,,,,,,,,,,1.0,1.0,1.0,1.0,1.0,1.0,0.0,1.0,0.0,0.75
5839,bd8218a7ee5744998,True,,,,,,,,,,1.0,1.0,1.0,1.0,0.4064881240545021,1.0,1.0,1.0,1.0,0.8145275387670319
5840,76a0cb9becd094e36,True,,,,,,,,,,1.0,1.0,0.5,1.0,1.0,1.0,0.0,1.0,0.0,0.375
5841,dd724782a844b55a6,True,,,,,,,,,,0.0,1.0,1.0,1.0,1.0,0.0,0.0,1.0,0.0,0.0
5842,3b99d2eccb04b25a0,True,,,,,,,,,,1.0,1.0,0.5,1.0,1.0,1.0,0.0,1.0,1.0,0.4375
5843,2afebe4218aece0b6,True,,,,,,,,,,1.0,0.0,1.0,1.0,1.0,1.0,0.0,1.0,1.0,0.0
5844,058faf4c24ca33403,True,,,,,,,,,,1.0,1.0,1.0,1.0,0.5047221553409722,1.0,1.0,1.0,0.0,0.7202256735440538
5845,84f364974b63432d3,True,,,,,,,,,,1.0,1.0,0.5,1.0,0.9861184428752439,1.0,1.0,1.0,0.0,0.43533100669925684
5846,a13664addc273bf0a,True,,,,,,,,,,1.0,1.0,1.0,1.0,0.5407451204568209,1.0,1.0,1.0,0.0,0.7314828501427565
5847,6808c5efa6976fe37,True,,,,,,,,,,1.0,1.0,1.0,1.0,0.6194199522993952,1.0,1.0,1.0,0.0,0.756068735093561
5848,ebf583743cf822ad6,True,,,,,,,,,,1.0,1.0,1.0,1.0,0.8872408770385709,1.0,0.0,1.0,0.0,0.7147627740745535
5849,0f71d78f15a2628a4,True,,,,,,,,,,1.0,0.0,1.0,1.0,1.0,1.0,0.0,1.0,0.0,0.0
5850,b51b8bf8d757ee5de,True,,,,,,,,,,1.0,1.0,1.0,1.0,1.0,1.0,0.0,1.0,1.0,0.875
5851,0b2a6af7c94670346,True,,,,,,,,,,1.0,1.0,0.0,1.0,1.0,1.0,1.0,1.0,0.0,0.0
5852,71fe821c1ced6591c,True,,,,,,,,,,1.0,1.0,1.0,1.0,0.8671795994076162,1.0,0.0,1.0,1.0,0.8334936248148801
5853,a6f2bb94eb4ae6278,True,,,,,,,,,,0.0,1.0,1.0,1.0,1.0,0.0,1.0,1.0,0.0,0.0
5854,cbb71f7b0aeef65da,True,,,,,,,,,,1.0,1.0,1.0,1.0,0.6411629711818291,1.0,0.0,1.0,0.0,0.6378634284943216
5855,25db319b5b2d36844,True,,,,,,,,,,1.0,1.0,1.0,1.0,0.5151768709600727,1.0,1.0,1.0,1.0,0.8484927721750227
5856,aaf0cbe31c7a5aa33,True,,,,,,,,,,1.0,1.0,0.5,1.0,1.0,1.0,0.0,1.0,0.0,0.375
5857,4e24a469af52b2b29,True,,,,,,,,,,1.0,0.0,1.0,1.0,0.21807794951975942,1.0,0.0,1.0,1.0,0.0
5858,325c79bfe38fe6e9a,True,,,,,,,,,,1.0,1.0,1.0,1.0,0.37241808902623236,1.0,1.0,1.0,0.0,0.6788806528206976
5859,579b0b533f44a8dd1,True,,,,,,,,,,1.0,1.0,1.0,1.0,0.9348455585214385,1.0,0.0,1.0,0.0,0.7296392370379495
5860,bd2169898173c44cb,True,,,,,,,,,,0.5,0.0,1.0,1.0,1.0,0.0,1.0,1.0,0.0,0.0
5861,8ff15043e7dd18ac8,True,,,,,,,,,,1.0,1.0,1.0,1.0,0.7641215224520985,1.0,0.0,1.0,0.0,0.6762879757662807
5862,486ba1da3162e9265,True,,,,,,,,,,1.0,1.0,1.0,1.0,1.0,1.0,0.0,0.0,0.0,0.625
5863,2b500351ad1eb0fc8,True,,,,,,,,,,1.0,1.0,1.0,1.0,1.0,1.0,1.0,1.0,1.0,1.0
5864,e04480093a92a2fc2,True,,,,,,,,,,1.0,1.0,0.0,1.0,0.9829431921072554,1.0,0.0,1.0,1.0,0.0
5865,cfe27a593a4819294,True,,,,,,,,,,1.0,1.0,1.0,1.0,0.541599825154217,1.0,1.0,1.0,0.0,0.7317499453606928
5866,16b9d0efaf330fdcf,True,,,,,,,,,,1.0,1.0,1.0,1.0,0.8449050217561621,1.0,0.0,0.0,0.0,0.5765328192988006
5867,c6834715d79ac54be,True,,,,,,,,,,0.0,1.0,1.0,1.0,1.0,0.0,1.0,1.0,1.0,0.0
5868,2f676101d71e92b1b,True,,,,,,,,,,1.0,1.0,1.0,1.0,0.7585050896943999,1.0,1.0,1.0,1.0,0.9245328405294999
5869,29ac6cd782f3052a8,True,,,,,,,,,,1.0,1.0,0.0,1.0,1.0,1.0,1.0,1.0,1.0,0.0
5870,a6158322c9262bd39,True,,,,,,,,,,1.0,1.0,1.0,1.0,0.9914167991873281,1.0,1.0,0.0,0.0,0.74731774974604
5871,ef271f3dd1d4e77d9,True,,,,,,,,,,1.0,1.0,1.0,1.0,0.31801100608118926,1.0,0.0,1.0,0.0,0.5368784394003716
5872,14e45cc6be6120e78,True,,,,,,,,,,1.0,0.0,1.0,1.0,0.8929569825137289,1.0,1.0,1.0,1.0,0.0
5873,23e989fa30e56fb01,True,,,,,,,,,,0.0,1.0,1.0,1.0,1.0,0.0,0.0,0.0,0.0,0.0
5874,6d53c1572e4753c0c,True,,,,,,,,,,1.0,1.0,1.0,1.0,1.0,0.0,1.0,1.0,0.0,0.5625
5875,6d611ec100d73e0e6,True,,,,,,,,,,1.0,1.0,0.5,1.0,1.0,1.0,0.0,1.0,1.0,0.4375
5876,3864e1953b7d8cbc6,True,,,,,,,,,,1.0,1.0,1.0,1.0,0.8156827602551179,1.0,1.0,0.0,0.0,0.6924008625797243
5877,feff8b53a0025b738,True,,,,,,,,,,1.0,1.0,1.0,1.0,0.6014216008151743,1.0,0.0,1.0,0.0,0.6254442502547419
5878,6cbd63c8a5077be25,True,,,,,,,,,,1.0,0.0,1.0,1.0,0.6887425702723317,1.0,1.0,1.0,0.0,0.0
5879,4de6ba672dc37ec25,True,,,,,,,,,,1.0,1.0,1.0,1.0,1.0,1.0,0.0,1.0,1.0,0.875
5880,5420830c429c1fcb6,True,,,,,,,,,,1.0,1.0,1.0,1.0,0.6810783473298434,1.0,1.0,1.0,0.0,0.7753369835405761
5881,2814e455e1302df51,True,,,,,,,,,,0.5,1.0,1.0,1.0,1.0,0.0,0.0,1.0,0.0,0.21875
5882,ea7e06440b39909f9,True,,,,,,,,,,1.0,1.0,1.0,1.0,1.0,1.0,1.0,1.0,0.0,0.875
5883,87c28ad76ca252469,True,,,,,,,,,,1.0,1.0,1.0,1.0,1.0,1.0,0.0,1.0,0.0,0.75
5884,3b9a4be29bdd2c8ae,True,,,,,,,,,,1.0,1.0,1.0,1.0,0.8055037079169997,1.0,0.0,1.0,1.0,0.8142199087240625
5885,1a52c544d3cfaba4b,True,,,,,,,,,,1.0,1.0,1.0,1.0,0.878444924132003,1.0,0.0,1.0,1.0,0.837014038791251
5886,5d14b0687eb2ad5a2,True,,,,,,,,,,0.5,1.0,1.0,1.0,1.0,0.0,1.0,1.0,0.0,0.28125
5887,1bd74624249d94074,True,,,,,,,,,,0.5,0.0,1.0,1.0,1.0,0.0,1.0,1.0,0.0,0.0
5888,b4fddb3dce784392e,True,,,,,,,,,,0.0,1.0,1.0,1.0,1.0,0.0,1.0,1.0,1.0,0.0
5889,f785ce4a119cc22a1,True,,,,,,,,,,1.0,1.0,1.0,1.0,1.0,1.0,0.0,1.0,1.0,0.875
5890,97a528bb2a0be2c1c,True,,,,,,,,,,1.0,1.0,0.5,1.0,0.7489774410395351,1.0,0.0,1.0,1.0,0.3982777251624274
5891,b18dce3363c25fc91,True,,,,,,,,,,1.0,1.0,0.5,1.0,1.0,0.0,0.0,1.0,0.0,0.21875
5892,db5fcc30f71c49f32,True,,,,,,,,,,1.0,1.0,1.0,1.0,0.7650206137129192,1.0,1.0,1.0,1.0,0.9265689417852873
5893,c00676be121eaac31,True,,,,,,,,,,1.0,1.0,1.0,1.0,1.0,1.0,0.0,1.0,1.0,0.875
5894,8a2f9fc5fa33f4001,True,,,,,,,,,,1.0,1.0,1.0,1.0,1.0,1.0,0.0,1.0,0.0,0.75
5895,2292f65aeeb91446d,True,,,,,,,,,,1.0,1.0,1.0,1.0,0.7113741393377601,1.0,1.0,1.0,1.0,0.90980441854305
5896,2f23bb5e69f8c5120,True,,,,,,,,,,1.0,1.0,0.5,1.0,1.0,1.0,0.0,1.0,1.0,0.4375
5897,2acdb8c02a4722af1,True,,,,,,,,,,1.0,1.0,1.0,1.0,1.0,1.0,0.0,1.0,1.0,0.875
5898,6facf1979a5a3837b,True,,,,,,,,,,1.0,1.0,1.0,1.0,1.0,1.0,1.0,1.0,0.0,0.875
5899,5c8283705c1e44a16,True,,,,,,,,,,0.0,0.0,1.0,1.0,1.0,0.0,1.0,1.0,0.0,0.0
5900,a538a6acee46ef831,True,,,,,,,,,,1.0,1.0,1.0,1.0,0.8212394927072583,1.0,0.0,1.0,0.0,0.6941373414710181
5901,071605e0e3709e71e,True,,,,,,,,,,1.0,1.0,1.0,1.0,1.0,1.0,1.0,1.0,1.0,1.0
5902,86946a7ffef3ac7b0,True,,,,,,,,,,1.0,1.0,1.0,1.0,0.37865379037105684,1.0,0.0,1.0,0.0,0.5558293094909552
5903,266ccdfd658c4fe17,True,,,,,,,,,,1.0,1.0,0.5,1.0,1.0,1.0,0.0,1.0,0.0,0.375
5904,8e2e4ad26edbb4e08,True,,,,,,,,,,1.0,1.0,1.0,1.0,0.28072843905903155,1.0,1.0,1.0,0.0,0.6502276372059473
5905,b01708b022b85bbd7,True,,,,,,,,,,1.0,0.0,1.0,1.0,1.0,1.0,1.0,1.0,1.0,0.0
5906,8134b9f604787b2c1,True,,,,,,,,,,1.0,1.0,0.5,1.0,0.7276409394629121,1.0,0.0,1.0,1.0,0.39494389679108
5907,e64bbff1f3e0c30be,True,,,,,,,,,,1.0,1.0,1.0,1.0,0.2768316643081998,1.0,0.0,1.0,0.0,0.5240098950963125
5908,4f8f53cf5fc946ea6,True,,,,,,,,,,1.0,1.0,1.0,1.0,0.5701913429606181,1.0,0.0,1.0,0.0,0.6156847946751931
5909,8ea9dd3d247a8435f,True,,,,,,,,,,1.0,1.0,1.0,1.0,0.5973262664498628,1.0,0.0,1.0,1.0,0.7491644582655821
5910,bc91b5b7dc430b04d,True,,,,,,,,,,1.0,1.0,0.0,1.0,1.0,1.0,0.0,1.0,1.0,0.0
5911,42542b30e0e5ff8c7,True,,,,,,,,,,1.0,1.0,1.0,1.0,0.7875868547191912,1.0,1.0,1.0,1.0,0.9336208920997473
5912,extended_pdm_score_stage_one,True,0.9755555555555555,0.9644444444444444,0.9922222222222222,0.9933333333333333,0.8023919066225338,0.9688888888888889,0.9488888888888889,0.9777777777777777,0.5911111111111111,,,,,,,,,,0.807235279149912
5913,extended_pdm_score_stage_two,True,,,,,,,,,,0.868188775333282,0.8459862253390434,0.9131092913968394,0.9874816720415,0.8277609140649932,0.8436681820070383,0.5200150590001528,0.9538203701022715,0.5461974494237237,0.5322110796671814
5914,extended_pdm_score_combined,True,0.9755555555555555,0.9644444444444444,0.9922222222222222,0.9933333333333333,0.8023919066225338,0.9688888888888889,0.9488888888888889,0.9777777777777777,0.5911111111111111,0.868188775333282,0.8459862253390434,0.9131092913968394,0.9874816720415,0.8277609140649932,0.8436681820070383,0.5200150590001528,0.9538203701022715,0.5461974494237237,0.43772148841465386
