,token,valid,no_at_fault_collisions_stage_one,drivable_area_compliance_stage_one,driving_direction_compliance_stage_one,traffic_light_compliance_stage_one,ego_progress_stage_one,time_to_collision_within_bound_stage_one,lane_keeping_stage_one,history_comfort_stage_one,two_frame_extended_comfort_stage_one,no_at_fault_collisions_stage_two,drivable_area_compliance_stage_two,driving_direction_compliance_stage_two,traffic_light_compliance_stage_two,ego_progress_stage_two,time_to_collision_within_bound_stage_two,lane_keeping_stage_two,history_comfort_stage_two,two_frame_extended_comfort_stage_two,score
0,a5ddad9bbb505316,True,1.0,1.0,1.0,1.0,0.5458629131523937,1.0,1.0,1.0,0.0,,,,,,,,,,0.733082160360123
1,342f42c4b2855ffb,True,1.0,1.0,1.0,1.0,0.7542405201305099,1.0,1.0,1.0,1.0,,,,,,,,,,0.9232001625407844
2,5065e99644fb5fc2,True,0.0,1.0,1.0,1.0,1.0,0.0,1.0,1.0,0.0,,,,,,,,,,0.0
3,cef1a4b302b45ad8,True,1.0,0.0,1.0,1.0,0.812338145789704,1.0,0.0,1.0,1.0,,,,,,,,,,0.0
4,67b05cf704325e6b,True,1.0,1.0,1.0,1.0,0.8438095714128403,1.0,1.0,1.0,1.0,,,,,,,,,,0.9511904910665125
5,09446e65ee9a55d3,True,1.0,1.0,1.0,1.0,1.0,1.0,1.0,0.0,0.0,,,,,,,,,,0.75
6,2e1d4bde0a16514b,True,1.0,1.0,1.0,1.0,0.5671995221824514,1.0,1.0,1.0,1.0,,,,,,,,,,0.864749850682016
7,d5b86f3b51d3535c,True,1.0,1.0,1.0,1.0,0.7516187532589453,1.0,1.0,0.0,0.0,,,,,,,,,,0.6723808603934205
8,b9f3b69b160e5ad0,True,1.0,1.0,1.0,1.0,0.8899342612155732,1.0,1.0,1.0,1.0,,,,,,,,,,0.9656044566298666
9,257773cfd41d59d5,True,1.0,1.0,1.0,1.0,1.0,1.0,1.0,1.0,1.0,,,,,,,,,,1.0
10,35b84fa433f0583f,True,1.0,1.0,1.0,1.0,0.4875131602999659,1.0,1.0,1.0,1.0,,,,,,,,,,0.8398478625937393
11,5e74b6a61b715f47,True,0.0,1.0,1.0,1.0,1.0,0.0,1.0,1.0,0.0,,,,,,,,,,0.0
12,25e9d76574075cee,True,1.0,1.0,1.0,1.0,0.5251085297129297,1.0,1.0,1.0,1.0,,,,,,,,,,0.8515964155352905
13,73b2c72a73b458ca,True,1.0,1.0,1.0,1.0,0.6468273411968012,1.0,1.0,1.0,0.0,,,,,,,,,,0.7646335441240004
14,0ce170237acd51c2,True,1.0,1.0,1.0,1.0,1.0,1.0,1.0,1.0,0.0,,,,,,,,,,0.875
15,2033fff7b44e56db,True,0.0,1.0,1.0,1.0,1.0,0.0,1.0,1.0,0.0,,,,,,,,,,0.0
16,5c4d8dfcb0aa5541,True,1.0,1.0,1.0,1.0,0.5947769060346617,1.0,1.0,0.0,0.0,,,,,,,,,,0.6233677831358317
17,3921f38b62d55f1a,True,1.0,1.0,1.0,1.0,0.9495017714163774,1.0,1.0,1.0,1.0,,,,,,,,,,0.9842193035676179
18,8f8ccbd6ffcb54b9,True,1.0,1.0,1.0,1.0,0.7658989860052876,1.0,1.0,1.0,1.0,,,,,,,,,,0.9268434331266524
19,f1ae4feebfda5b75,True,1.0,1.0,1.0,1.0,0.8140189822338606,1.0,1.0,1.0,0.0,,,,,,,,,,0.8168809319480814
20,75857e1f177b5af4,True,1.0,1.0,1.0,1.0,0.5479053724188304,1.0,1.0,1.0,1.0,,,,,,,,,,0.8587204288808845
21,63980d0b4c9352c4,True,1.0,1.0,1.0,1.0,0.7527898270064405,1.0,1.0,1.0,0.0,,,,,,,,,,0.7977468209395127
22,c1839a3333695317,True,1.0,1.0,1.0,1.0,1.0,1.0,1.0,1.0,1.0,,,,,,,,,,1.0
23,aee07628c2ab5ce1,True,1.0,1.0,1.0,1.0,0.6292326696185516,1.0,1.0,1.0,1.0,,,,,,,,,,0.8841352092557974
24,c7a44a2e52bc5e22,True,1.0,1.0,1.0,1.0,0.8663342283724399,1.0,1.0,1.0,0.0,,,,,,,,,,0.8332294463663874
25,c296ded44f9a509a,True,1.0,1.0,1.0,1.0,0.6746771499959842,1.0,1.0,1.0,0.0,,,,,,,,,,0.773336609373745
26,dded75c35039515f,True,1.0,1.0,1.0,1.0,1.0,1.0,0.0,1.0,0.0,,,,,,,,,,0.75
27,a2d7be8710535e33,True,1.0,1.0,1.0,1.0,0.6432220210707215,1.0,1.0,1.0,1.0,,,,,,,,,,0.8885068815846004
28,9b0a5826d2d357d8,True,1.0,1.0,1.0,1.0,0.6609049210458267,1.0,0.0,1.0,1.0,,,,,,,,,,0.7690327878268208
29,d142ab856b7653df,True,1.0,1.0,1.0,1.0,0.7429107205008326,1.0,1.0,1.0,1.0,,,,,,,,,,0.9196596001565102
30,c33bb70075e7594c,True,1.0,1.0,1.0,1.0,1.0,1.0,1.0,1.0,1.0,,,,,,,,,,1.0
31,e244b2ddf97a57d6,True,1.0,0.0,1.0,1.0,0.6148506051724135,1.0,1.0,1.0,1.0,,,,,,,,,,0.0
32,d073c3202a7e56da,True,1.0,1.0,1.0,1.0,1.0,1.0,1.0,1.0,1.0,,,,,,,,,,1.0
33,c8507cfbe8575463,True,0.0,1.0,1.0,1.0,1.0,0.0,1.0,1.0,0.0,,,,,,,,,,0.0
34,c28c7b29e80059d2,True,1.0,1.0,1.0,1.0,0.8610050950800126,1.0,1.0,1.0,1.0,,,,,,,,,,0.9565640922125039
35,8846d60884435288,True,1.0,1.0,1.0,1.0,0.6905815560126427,1.0,1.0,1.0,0.0,,,,,,,,,,0.7783067362539509
36,dac84d4f931e54ab,True,1.0,1.0,1.0,1.0,0.6834205424648458,1.0,1.0,1.0,1.0,,,,,,,,,,0.9010689195202644
37,029585f0509d52b0,True,1.0,1.0,1.0,1.0,1.0,1.0,1.0,1.0,0.0,,,,,,,,,,0.875
38,34489cf42e005e93,True,1.0,1.0,1.0,1.0,1.0,1.0,1.0,1.0,0.0,,,,,,,,,,0.875
39,fe9e76e6cac35fba,True,0.0,1.0,1.0,1.0,0.50585644564165,0.0,1.0,1.0,1.0,,,,,,,,,,0.0
40,f23073987e7956e3,True,1.0,1.0,1.0,1.0,0.4939134699314464,1.0,1.0,1.0,1.0,,,,,,,,,,0.841847959353577
41,59bf40c427da5eb1,True,1.0,1.0,1.0,1.0,0.5712214948361842,1.0,1.0,1.0,1.0,,,,,,,,,,0.8660067171363075
42,289a58bd2ab6512b,True,1.0,1.0,1.0,1.0,0.6447407774002318,1.0,1.0,1.0,0.0,,,,,,,,,,0.7639814929375724
43,0fde069313a35062,True,1.0,1.0,1.0,1.0,1.0,1.0,0.0,1.0,1.0,,,,,,,,,,0.875
44,179bc3ae5b9f56b0,True,1.0,1.0,0.5,1.0,0.8560183449446236,1.0,1.0,1.0,1.0,,,,,,,,,,0.4775028663975974
45,93ca181d363358eb,True,1.0,1.0,1.0,1.0,0.859802936388324,1.0,1.0,1.0,0.0,,,,,,,,,,0.8311884176213512
46,d50b69bed8f2570c,True,1.0,1.0,1.0,1.0,0.5960661200603662,1.0,1.0,1.0,0.0,,,,,,,,,,0.7487706625188644
47,e9c2b75226b85cfe,True,1.0,1.0,1.0,1.0,0.5937134384434711,1.0,1.0,1.0,1.0,,,,,,,,,,0.8730354495135847
48,6326d00e52115da4,True,1.0,1.0,1.0,1.0,1.0,1.0,1.0,1.0,1.0,,,,,,,,,,1.0
49,71405d414236553c,True,1.0,1.0,1.0,1.0,0.6927047472706153,1.0,1.0,1.0,1.0,,,,,,,,,,0.9039702335220673
50,2352aa62dbbe58d2,True,1.0,1.0,1.0,1.0,0.5810562307589403,1.0,1.0,1.0,1.0,,,,,,,,,,0.8690800721121689
51,d20dc707981f56e7,True,1.0,1.0,1.0,1.0,1.0,1.0,1.0,1.0,0.0,,,,,,,,,,0.875
52,5379d354b9b95048,True,1.0,1.0,1.0,1.0,0.7549317784305695,1.0,1.0,1.0,1.0,,,,,,,,,,0.9234161807595529
53,bcf787cdb66453f0,True,1.0,1.0,1.0,1.0,0.9525421404366834,1.0,1.0,1.0,1.0,,,,,,,,,,0.9851694188864636
54,e052a41759445a28,True,1.0,1.0,1.0,1.0,0.3960823702802407,1.0,1.0,1.0,0.0,,,,,,,,,,0.6862757407125752
55,7a8c81a7cd1256e0,True,1.0,1.0,1.0,1.0,0.9240612456456884,1.0,1.0,1.0,1.0,,,,,,,,,,0.9762691392642776
56,faa12c2adc7c521f,True,1.0,0.0,1.0,1.0,0.7963180307543725,1.0,1.0,1.0,0.0,,,,,,,,,,0.0
57,1b95b6689ee75fab,True,1.0,1.0,1.0,1.0,0.7956305834336868,1.0,1.0,1.0,0.0,,,,,,,,,,0.8111345573230271
58,712427ff1635596c,True,1.0,1.0,1.0,1.0,0.5202845931025798,1.0,1.0,1.0,1.0,,,,,,,,,,0.8500889353445562
59,e747d6fdc59252f3,True,1.0,1.0,1.0,1.0,0.6307990861423746,1.0,1.0,1.0,0.0,,,,,,,,,,0.7596247144194921
60,2b8cde20754c5f0c,True,1.0,1.0,1.0,1.0,1.0,1.0,1.0,1.0,0.0,,,,,,,,,,0.875
61,689abfdd66235378,True,1.0,1.0,0.0,1.0,0.9458816677274309,1.0,0.0,1.0,1.0,,,,,,,,,,0.0
62,f8b524a4e8925503,True,1.0,0.0,1.0,1.0,0.9699418688579318,1.0,1.0,1.0,1.0,,,,,,,,,,0.0
63,12f2dccfb88957f9,True,1.0,1.0,1.0,1.0,0.9434941812415043,1.0,1.0,1.0,0.0,,,,,,,,,,0.8573419316379701
64,1682c020a94054fa,True,1.0,1.0,1.0,1.0,0.8587136934581898,1.0,1.0,1.0,1.0,,,,,,,,,,0.9558480292056843
65,467879c3d37054f5,True,1.0,1.0,1.0,1.0,0.8163684892493495,1.0,1.0,1.0,0.0,,,,,,,,,,0.8176151528904216
66,613c9ac33f6951ca,True,1.0,1.0,1.0,1.0,0.7948730558780225,1.0,1.0,1.0,1.0,,,,,,,,,,0.9358978299618821
67,c1e0af56e9eb50b8,True,1.0,1.0,1.0,1.0,1.0,1.0,1.0,1.0,0.0,,,,,,,,,,0.875
68,c6bd79f439c254a0,True,1.0,1.0,0.5,1.0,0.922743660137509,1.0,0.0,1.0,1.0,,,,,,,,,,0.42542869689648577
69,4fbfc7dc71db50e2,True,1.0,1.0,1.0,1.0,0.6698178918828515,1.0,1.0,1.0,1.0,,,,,,,,,,0.8968180912133911
70,39a1ca97dca75beb,True,0.0,0.0,1.0,1.0,0.9952025034590389,0.0,1.0,1.0,1.0,,,,,,,,,,0.0
71,112db94505025ec5,True,1.0,1.0,1.0,1.0,0.9691572526794164,1.0,1.0,1.0,1.0,,,,,,,,,,0.9903616414623176
72,6c9e40634f705f56,True,1.0,1.0,1.0,1.0,0.7572110905841308,1.0,1.0,1.0,0.0,,,,,,,,,,0.7991284658075408
73,5593db2f64115fbf,True,1.0,1.0,1.0,1.0,1.0,1.0,1.0,1.0,0.0,,,,,,,,,,0.875
74,00c1e4eb4a045f20,True,1.0,0.0,1.0,1.0,0.7570353157685397,1.0,1.0,1.0,1.0,,,,,,,,,,0.0
75,352290f8ed8e572e,True,1.0,1.0,1.0,1.0,1.0,1.0,1.0,1.0,1.0,,,,,,,,,,1.0
76,a7d3076a7b7b58b2,True,1.0,0.0,1.0,1.0,0.7611847963912416,1.0,1.0,1.0,1.0,,,,,,,,,,0.0
77,3c34d5d03e8a5bdc,True,1.0,1.0,1.0,1.0,0.65267350266186,1.0,1.0,1.0,0.0,,,,,,,,,,0.7664604695818312
78,ecc6da85180a5eee,True,1.0,1.0,0.0,1.0,1.0,1.0,0.0,1.0,1.0,,,,,,,,,,0.0
79,53a7531622255064,True,1.0,0.0,1.0,1.0,0.6839669797100448,1.0,1.0,1.0,1.0,,,,,,,,,,0.0
80,94d74f87c8435b61,True,1.0,1.0,1.0,1.0,1.0,1.0,1.0,1.0,0.0,,,,,,,,,,0.875
81,8d90099a801d5682,True,0.0,1.0,1.0,1.0,1.0,0.0,0.0,1.0,1.0,,,,,,,,,,0.0
82,0dc54a8c8203567b,True,1.0,1.0,1.0,1.0,0.7053272544236503,1.0,1.0,1.0,1.0,,,,,,,,,,0.9079147670073907
83,a091a6a6033c559f,True,0.0,0.0,1.0,1.0,1.0,0.0,1.0,1.0,0.0,,,,,,,,,,0.0
84,082ea12d7b2355cb,True,1.0,1.0,1.0,1.0,1.0,1.0,1.0,1.0,1.0,,,,,,,,,,1.0
85,697882c22eb65ca7,True,0.5,0.0,1.0,1.0,0.5797904620413027,0.0,1.0,1.0,0.0,,,,,,,,,,0.0
86,b5ba1ec901f1522c,True,1.0,1.0,1.0,1.0,1.0,1.0,1.0,1.0,1.0,,,,,,,,,,1.0
87,bf00c76f25185b83,True,1.0,1.0,1.0,1.0,0.5689829365249399,1.0,1.0,1.0,1.0,,,,,,,,,,0.8653071676640437
88,f14e7ed78b5d55b4,True,1.0,1.0,1.0,1.0,0.6017155410202794,1.0,1.0,1.0,1.0,,,,,,,,,,0.8755361065688373
89,491a9b7a44225a75,True,1.0,1.0,1.0,1.0,1.0,1.0,1.0,0.0,0.0,,,,,,,,,,0.75
90,53f8bc4012fe5f29,True,1.0,1.0,1.0,1.0,0.4377410541773561,1.0,1.0,1.0,0.0,,,,,,,,,,0.6992940794304238
91,8a492ff6a81054a7,True,1.0,1.0,1.0,1.0,1.0,1.0,0.0,1.0,0.0,,,,,,,,,,0.75
92,f9a9b5ee707e501e,True,1.0,1.0,1.0,1.0,0.9906534505475123,1.0,1.0,1.0,0.0,,,,,,,,,,0.8720792032960976
93,e7f8a61d807f5914,True,1.0,1.0,1.0,1.0,1.0,1.0,0.0,1.0,1.0,,,,,,,,,,0.875
94,5f4991d3d2ca5eee,True,1.0,1.0,1.0,1.0,0.42202133917461754,1.0,1.0,1.0,1.0,,,,,,,,,,0.819381668492068
95,6e3cf172a2755fae,True,1.0,1.0,1.0,1.0,1.0,1.0,1.0,1.0,1.0,,,,,,,,,,1.0
96,e74ca27f40755297,True,1.0,0.0,1.0,1.0,1.0,1.0,1.0,1.0,1.0,,,,,,,,,,0.0
97,28a4a08f11a05407,True,1.0,1.0,1.0,1.0,0.40583238049602943,1.0,1.0,1.0,1.0,,,,,,,,,,0.8143226189050092
98,67bce1e28df25eaa,True,1.0,1.0,1.0,1.0,1.0,1.0,1.0,1.0,1.0,,,,,,,,,,1.0
99,0dd3256035e75770,True,1.0,1.0,1.0,1.0,0.5195119632369345,1.0,1.0,1.0,1.0,,,,,,,,,,0.849847488511542
100,d64b2da8ffb65c16,True,1.0,1.0,1.0,1.0,0.8539123904988662,1.0,1.0,1.0,0.0,,,,,,,,,,0.8293476220308957
101,8486dcafaee75d76,True,1.0,1.0,1.0,1.0,1.0,1.0,1.0,1.0,1.0,,,,,,,,,,1.0
102,b393ab92c8ac5e77,True,1.0,1.0,1.0,1.0,0.7695384357542907,1.0,1.0,0.0,0.0,,,,,,,,,,0.6779807611732158
103,9d9762d42ff5561d,True,1.0,1.0,1.0,1.0,1.0,1.0,1.0,1.0,1.0,,,,,,,,,,1.0
104,3b910accfc12560a,True,1.0,1.0,1.0,1.0,0.8350669087517483,1.0,1.0,1.0,1.0,,,,,,,,,,0.9484584089849213
105,23d647e77f2d515e,True,1.0,1.0,1.0,1.0,0.4139080825017307,1.0,1.0,1.0,0.0,,,,,,,,,,0.6918462757817909
106,3067f3d3d5a75989,True,0.0,0.0,0.5,1.0,1.0,0.0,1.0,1.0,0.0,,,,,,,,,,0.0
107,a713265a7f905034,True,1.0,1.0,1.0,1.0,1.0,1.0,1.0,1.0,0.0,,,,,,,,,,0.875
108,02b68b9cc51f506a,True,1.0,0.0,1.0,1.0,0.6111773935532431,1.0,1.0,1.0,1.0,,,,,,,,,,0.0
109,efa80e78fce1525d,True,1.0,1.0,1.0,1.0,1.0,1.0,1.0,1.0,1.0,,,,,,,,,,1.0
110,622867ce25805447,True,1.0,1.0,1.0,1.0,0.8484519954175864,1.0,1.0,1.0,0.0,,,,,,,,,,0.8276412485679958
111,a97ceb2edd0251f9,True,1.0,1.0,1.0,1.0,1.0,1.0,1.0,1.0,0.0,,,,,,,,,,0.875
112,56c64f7e47b15e0d,True,1.0,1.0,1.0,1.0,0.6602264111406394,1.0,1.0,1.0,1.0,,,,,,,,,,0.8938207534814498
113,18492b6ce9905b13,True,1.0,1.0,1.0,1.0,0.6639947126795123,1.0,0.0,1.0,1.0,,,,,,,,,,0.7699983477123475
114,99a98a7ffb075389,True,1.0,1.0,1.0,1.0,0.4517796158324444,1.0,1.0,1.0,1.0,,,,,,,,,,0.8286811299476389
115,a6edd19740415b54,True,1.0,1.0,1.0,1.0,1.0,1.0,1.0,1.0,1.0,,,,,,,,,,1.0
116,6ae2bcc5c2c050e4,True,0.0,1.0,1.0,1.0,1.0,0.0,1.0,1.0,1.0,,,,,,,,,,0.0
117,c574d461642f5deb,True,1.0,1.0,1.0,1.0,0.9997862756077086,1.0,0.0,1.0,0.0,,,,,,,,,,0.749933211127409
118,0122ce98b2735558,True,1.0,1.0,1.0,1.0,1.0,1.0,1.0,1.0,1.0,,,,,,,,,,1.0
119,1a928640315c5332,True,1.0,0.0,1.0,1.0,0.9915758978376306,1.0,1.0,1.0,1.0,,,,,,,,,,0.0
120,686b55439d5e591e,True,1.0,1.0,1.0,1.0,1.0,1.0,1.0,1.0,0.0,,,,,,,,,,0.875
121,bd2b1a4530a1538b,True,1.0,1.0,1.0,1.0,0.7692853263131993,1.0,1.0,1.0,1.0,,,,,,,,,,0.9279016644728748
122,b35e48a419d7577f,True,1.0,1.0,1.0,1.0,1.0,1.0,1.0,1.0,1.0,,,,,,,,,,1.0
123,eb3912d9717d5177,True,1.0,1.0,1.0,1.0,0.7263422065732776,1.0,1.0,1.0,1.0,,,,,,,,,,0.9144819395541492
124,dddf14378c355c3a,True,1.0,1.0,1.0,1.0,0.8240131379288482,1.0,1.0,1.0,1.0,,,,,,,,,,0.945004105602765
125,07846b829b3a575e,True,1.0,1.0,1.0,1.0,0.708277173845587,1.0,1.0,1.0,1.0,,,,,,,,,,0.9088366168267459
126,85f2b1f1f1f45b5c,True,1.0,1.0,1.0,1.0,0.3878902076270079,1.0,1.0,1.0,1.0,,,,,,,,,,0.80871568988344
127,df72dca23ca45733,True,1.0,1.0,1.0,1.0,1.0,1.0,1.0,1.0,1.0,,,,,,,,,,1.0
128,57ef08c8f98457d7,True,1.0,1.0,1.0,1.0,0.8869564016317868,1.0,0.0,1.0,1.0,,,,,,,,,,0.8396738755099333
129,e8daa33268685b31,True,1.0,0.0,1.0,1.0,1.0,1.0,1.0,1.0,1.0,,,,,,,,,,0.0
130,a2701552b0f95f7b,True,1.0,1.0,1.0,1.0,0.7536365721244149,1.0,1.0,1.0,0.0,,,,,,,,,,0.7980114287888797
131,4972962184a75fa7,True,1.0,1.0,1.0,1.0,0.7275148928848555,1.0,1.0,1.0,0.0,,,,,,,,,,0.7898484040265173
132,16a738813dbe5496,True,1.0,1.0,1.0,1.0,0.5547010602768804,1.0,1.0,1.0,0.0,,,,,,,,,,0.7358440813365251
133,b8d2227c06a351e4,True,1.0,1.0,1.0,1.0,0.7329514328006366,1.0,1.0,1.0,1.0,,,,,,,,,,0.9165473227501989
134,b459c8b7fd2b5aa4,True,1.0,1.0,1.0,1.0,1.0,1.0,0.0,1.0,0.0,,,,,,,,,,0.75
135,cbc268a868be50c2,True,1.0,1.0,1.0,1.0,1.0,1.0,1.0,1.0,0.0,,,,,,,,,,0.875
136,5d7c7edca69d5e73,True,1.0,1.0,1.0,1.0,1.0,1.0,1.0,1.0,0.0,,,,,,,,,,0.875
137,99ebd32df2f453f8,True,1.0,1.0,1.0,1.0,1.0,1.0,0.0,1.0,1.0,,,,,,,,,,0.875
138,dd16377ecfa45fe0,True,1.0,1.0,1.0,1.0,1.0,1.0,1.0,1.0,0.0,,,,,,,,,,0.875
139,0b1250020ea95539,True,1.0,1.0,1.0,1.0,0.6317200650964871,1.0,1.0,1.0,0.0,,,,,,,,,,0.7599125203426522
140,102627370a1e5b88,True,1.0,1.0,1.0,1.0,0.6216706548192839,1.0,1.0,1.0,1.0,,,,,,,,,,0.8817720796310262
141,f76112c834c25beb,True,1.0,1.0,1.0,1.0,0.7612255755917083,1.0,1.0,1.0,0.0,,,,,,,,,,0.8003829923724088
142,faa8cd5e541a5b67,True,1.0,1.0,1.0,1.0,1.0,1.0,1.0,1.0,1.0,,,,,,,,,,1.0
143,c340cf7465ab5bbe,True,1.0,1.0,1.0,1.0,0.49758613206607405,1.0,1.0,1.0,0.0,,,,,,,,,,0.7179956662706481
144,7857a22b3bc85bb4,True,1.0,0.0,1.0,1.0,0.9311781673367007,1.0,1.0,1.0,1.0,,,,,,,,,,0.0
145,b474c79361415cb0,True,1.0,1.0,1.0,1.0,0.6428026340007932,1.0,1.0,1.0,0.0,,,,,,,,,,0.7633758231252479
146,ce2f1ac423965b7a,True,1.0,1.0,1.0,1.0,0.9805057395832888,1.0,1.0,1.0,1.0,,,,,,,,,,0.9939080436197778
147,6b2cda5004dc5df9,True,1.0,1.0,1.0,1.0,1.0,1.0,1.0,1.0,0.0,,,,,,,,,,0.875
148,52deeca9acf35603,True,1.0,1.0,1.0,1.0,1.0,1.0,1.0,1.0,1.0,,,,,,,,,,1.0
149,afa8102c20685ec5,True,1.0,1.0,1.0,1.0,0.4615402991660019,1.0,1.0,1.0,1.0,,,,,,,,,,0.8317313434893756
150,68097b10029d5fe1,True,1.0,1.0,1.0,1.0,0.9351576879967965,1.0,1.0,1.0,1.0,,,,,,,,,,0.9797367774989989
151,ce05573741b75133,True,1.0,1.0,1.0,1.0,1.0,1.0,1.0,1.0,1.0,,,,,,,,,,1.0
152,c656016133b05a15,True,1.0,1.0,1.0,1.0,1.0,1.0,1.0,1.0,1.0,,,,,,,,,,1.0
153,572e6c81e32958f2,True,1.0,1.0,1.0,1.0,0.5669362546304173,1.0,1.0,1.0,0.0,,,,,,,,,,0.7396675795720054
154,7a91cd530cac57fc,True,1.0,1.0,1.0,1.0,0.8131341835742787,1.0,1.0,1.0,1.0,,,,,,,,,,0.9416044323669621
155,0e272e003af65a71,True,1.0,1.0,1.0,1.0,0.491464690911985,1.0,1.0,1.0,1.0,,,,,,,,,,0.8410827159099953
156,cfb755b8d37458ac,True,1.0,1.0,1.0,1.0,0.6600837413738471,1.0,1.0,1.0,0.0,,,,,,,,,,0.7687761691793272
157,580dac44fa305877,True,1.0,1.0,1.0,1.0,0.5399631500232175,1.0,1.0,1.0,0.0,,,,,,,,,,0.7312384843822555
158,de1662269d685ce0,True,1.0,0.0,1.0,1.0,1.0,1.0,1.0,1.0,0.0,,,,,,,,,,0.0
159,2030d3a5ed675084,True,1.0,1.0,1.0,1.0,0.9908893227236014,1.0,1.0,1.0,0.0,,,,,,,,,,0.8721529133511254
160,7b2f3235b4cb5374,True,1.0,1.0,1.0,1.0,0.5797997875768167,1.0,1.0,1.0,1.0,,,,,,,,,,0.8686874336177552
161,087023402a695ba3,True,1.0,1.0,1.0,1.0,1.0,1.0,1.0,1.0,1.0,,,,,,,,,,1.0
162,fa8c164985255698,True,1.0,1.0,1.0,1.0,0.7392135162677617,1.0,1.0,1.0,1.0,,,,,,,,,,0.9185042238336756
163,847432a116d35db0,True,0.0,1.0,1.0,1.0,1.0,0.0,1.0,1.0,1.0,,,,,,,,,,0.0
164,008844070af456e3,True,1.0,1.0,1.0,1.0,0.33908384015291243,1.0,1.0,1.0,1.0,,,,,,,,,,0.7934637000477851
165,74c8385c2d845cde,True,1.0,1.0,1.0,1.0,0.41161528080614845,1.0,1.0,1.0,0.0,,,,,,,,,,0.6911297752519214
166,3d324bda0cec57ab,True,1.0,1.0,1.0,1.0,0.8852453067108732,1.0,1.0,1.0,0.0,,,,,,,,,,0.8391391583471479
167,3af9cb4d21e15e9e,True,1.0,1.0,1.0,1.0,0.44117882939485853,1.0,1.0,1.0,1.0,,,,,,,,,,0.8253683841858933
168,452def672c5d592c,True,1.0,1.0,1.0,1.0,0.9685677476756335,1.0,1.0,1.0,0.0,,,,,,,,,,0.8651774211486354
169,1e9350ac2bc25f59,True,1.0,0.0,1.0,1.0,0.5013648093181854,1.0,1.0,1.0,0.0,,,,,,,,,,0.0
170,c887e4bc08f85aa5,True,0.5,1.0,1.0,1.0,1.0,0.0,1.0,1.0,1.0,,,,,,,,,,0.34375
171,75b6813b1f4556ce,True,1.0,1.0,1.0,1.0,1.0,1.0,1.0,1.0,0.0,,,,,,,,,,0.875
172,b031a0b55ab951f8,True,1.0,1.0,0.5,1.0,0.8267926264013243,1.0,1.0,1.0,0.0,,,,,,,,,,0.41043634787520694
173,262333f372975eef,True,1.0,1.0,1.0,1.0,1.0,1.0,1.0,1.0,0.0,,,,,,,,,,0.875
174,ff44394af7265df3,True,1.0,1.0,1.0,1.0,0.6710078634221401,1.0,1.0,1.0,1.0,,,,,,,,,,0.8971899573194189
175,f749ff64838c5664,True,1.0,1.0,1.0,1.0,1.0,1.0,1.0,1.0,0.0,,,,,,,,,,0.875
176,757c23c6819c589c,True,1.0,1.0,1.0,1.0,0.8103391912008523,1.0,1.0,1.0,1.0,,,,,,,,,,0.9407309972502663
177,da56fca2caff52e4,True,1.0,0.0,1.0,1.0,0.7190415348039298,1.0,1.0,1.0,1.0,,,,,,,,,,0.0
178,1981a85eb4ba5001,True,0.0,1.0,0.5,1.0,1.0,0.0,1.0,1.0,0.0,,,,,,,,,,0.0
179,8164612a623156ae,True,1.0,1.0,1.0,1.0,1.0,1.0,1.0,1.0,1.0,,,,,,,,,,1.0
180,5d3573d6da7952d3,True,1.0,1.0,1.0,1.0,0.9420540858092873,1.0,1.0,1.0,1.0,,,,,,,,,,0.9818919018154022
181,c02f04af32b75648,True,1.0,1.0,1.0,1.0,0.8347193351707473,1.0,1.0,1.0,0.0,,,,,,,,,,0.8233497922408586
182,aeeba19e19c35ccb,True,1.0,1.0,1.0,1.0,0.747762115310173,1.0,1.0,1.0,0.0,,,,,,,,,,0.796175661034429
183,a2047f9cb3865b75,True,1.0,1.0,1.0,1.0,0.5959496253328278,1.0,1.0,1.0,1.0,,,,,,,,,,0.8737342579165087
184,779852a1160f56f9,True,1.0,1.0,1.0,1.0,0.5586481445708849,1.0,1.0,1.0,0.0,,,,,,,,,,0.7370775451784015
185,f1bdf7e4e9f5534e,True,1.0,1.0,1.0,1.0,0.619118043212463,1.0,0.0,1.0,0.0,,,,,,,,,,0.6309743885038948
186,ad47566ea29a57bf,True,1.0,0.0,1.0,1.0,0.6227083715928179,1.0,1.0,1.0,1.0,,,,,,,,,,0.0
187,58d40da0cce05d8c,True,1.0,1.0,1.0,1.0,1.0,1.0,1.0,1.0,1.0,,,,,,,,,,1.0
188,83e895f722575452,True,1.0,1.0,1.0,1.0,0.4628960879907509,1.0,1.0,1.0,1.0,,,,,,,,,,0.8321550274971097
189,a67c6744e6c45edb,True,1.0,1.0,1.0,1.0,0.5075635770470613,1.0,1.0,1.0,0.0,,,,,,,,,,0.7211136178272066
190,59ea5c8c067e57e7,True,1.0,0.0,1.0,1.0,1.0,1.0,1.0,1.0,1.0,,,,,,,,,,0.0
191,e1886e081b945907,True,1.0,1.0,1.0,1.0,0.5660857807957647,1.0,1.0,1.0,1.0,,,,,,,,,,0.8644018064986765
192,ea31c764f6385f4a,True,1.0,1.0,1.0,1.0,0.9861596631978193,1.0,1.0,1.0,1.0,,,,,,,,,,0.9956748947493186
193,cf05c9f4f6e55af3,True,1.0,1.0,1.0,1.0,0.608057082524338,1.0,1.0,1.0,0.0,,,,,,,,,,0.7525178382888557
194,ae472d675a965aca,True,1.0,1.0,1.0,1.0,0.5991082938549352,1.0,1.0,1.0,1.0,,,,,,,,,,0.8747213418296673
195,cc4bdc0160e157c4,True,1.0,1.0,1.0,1.0,0.6310933490739523,1.0,1.0,1.0,0.0,,,,,,,,,,0.7597166715856101
196,a19d3096f2625fdb,True,1.0,1.0,1.0,1.0,1.0,1.0,1.0,1.0,1.0,,,,,,,,,,1.0
197,6b0d21782a3b5a22,True,1.0,1.0,1.0,1.0,0.5434635838088467,1.0,1.0,1.0,1.0,,,,,,,,,,0.8573323699402646
198,f56b0cc9c9d95421,True,1.0,1.0,1.0,1.0,1.0,1.0,1.0,1.0,1.0,,,,,,,,,,1.0
199,76c31764665151be,True,1.0,1.0,1.0,1.0,0.5298168980352571,1.0,1.0,1.0,1.0,,,,,,,,,,0.8530677806360178
200,98b414a515bb5b99,True,1.0,1.0,1.0,1.0,0.5652492777464836,1.0,1.0,1.0,1.0,,,,,,,,,,0.8641403992957761
201,b867b28707205c0b,True,1.0,1.0,1.0,1.0,0.5417983865730918,1.0,1.0,1.0,0.0,,,,,,,,,,0.7318119958040912
202,87b2c0e49070537f,True,1.0,1.0,1.0,1.0,1.0,1.0,1.0,1.0,0.0,,,,,,,,,,0.875
203,515fefed28a65a88,True,1.0,1.0,1.0,1.0,0.545279433885685,1.0,1.0,1.0,0.0,,,,,,,,,,0.7328998230892766
204,5c883441084d58d7,True,1.0,1.0,1.0,1.0,1.0,1.0,1.0,0.0,0.0,,,,,,,,,,0.75
205,20728d3e677b593d,True,1.0,1.0,1.0,1.0,0.576560473224611,1.0,1.0,1.0,1.0,,,,,,,,,,0.867675147882691
206,330166def5a35f4d,True,1.0,1.0,1.0,1.0,1.0,1.0,1.0,1.0,1.0,,,,,,,,,,1.0
207,06c9339fdc3e5404,True,1.0,1.0,1.0,1.0,0.7537734833701225,1.0,1.0,1.0,0.0,,,,,,,,,,0.7980542135531633
208,e5d2a01ab5b0562a,True,1.0,1.0,1.0,1.0,0.4686571554088905,1.0,1.0,1.0,0.0,,,,,,,,,,0.7089553610652783
209,4dd1ab3a667b5074,True,1.0,1.0,1.0,1.0,1.0,1.0,0.0,1.0,1.0,,,,,,,,,,0.875
210,5d5d1442b83d5c5c,True,1.0,1.0,1.0,1.0,0.52483753567791,1.0,1.0,1.0,1.0,,,,,,,,,,0.8515117298993469
211,36419e8c59275f61,True,1.0,1.0,1.0,1.0,0.9728887720217421,1.0,1.0,1.0,0.0,,,,,,,,,,0.8665277412567944
212,223d02be29c65e81,True,1.0,1.0,1.0,1.0,0.6885376652404677,1.0,1.0,1.0,0.0,,,,,,,,,,0.7776680203876462
213,90ed944de9405835,True,1.0,1.0,0.5,1.0,0.8726824294018608,1.0,1.0,1.0,1.0,,,,,,,,,,0.4801066295940407
214,5feede5c5a3c5116,True,1.0,1.0,1.0,1.0,1.0,1.0,1.0,1.0,1.0,,,,,,,,,,1.0
215,f2117260382b5d83,True,1.0,1.0,1.0,1.0,0.9276168934962672,1.0,1.0,1.0,0.0,,,,,,,,,,0.8523802792175835
216,bb5b44d240945ed0,True,1.0,1.0,1.0,1.0,1.0,1.0,1.0,1.0,0.0,,,,,,,,,,0.875
217,d64a3964875f5b41,True,1.0,1.0,1.0,1.0,1.0,1.0,1.0,1.0,1.0,,,,,,,,,,1.0
218,f3ca2707d87a586b,True,1.0,1.0,1.0,1.0,0.9915220894549442,1.0,1.0,1.0,1.0,,,,,,,,,,0.9973506529546701
219,e0b92501aa5051b1,True,1.0,1.0,1.0,1.0,1.0,1.0,1.0,1.0,1.0,,,,,,,,,,1.0
220,9ef1d618435d5e53,True,1.0,1.0,1.0,1.0,0.9344480097020059,1.0,1.0,1.0,1.0,,,,,,,,,,0.9795150030318769
221,b60afdbc7cc65971,True,1.0,1.0,1.0,1.0,1.0,1.0,1.0,1.0,0.0,,,,,,,,,,0.875
222,680c8d90658556da,True,1.0,1.0,1.0,1.0,0.6788332980862496,1.0,1.0,1.0,1.0,,,,,,,,,,0.899635405651953
223,4a919f7ea2f65200,True,1.0,1.0,1.0,1.0,1.0,1.0,1.0,1.0,1.0,,,,,,,,,,1.0
224,ffe92084016a5795,True,1.0,1.0,1.0,1.0,0.47716032056810526,1.0,1.0,1.0,1.0,,,,,,,,,,0.8366126001775329
225,4d5a01dea92b5867,True,1.0,1.0,1.0,1.0,1.0,1.0,1.0,1.0,0.0,,,,,,,,,,0.875
226,962deb8ccdaf50e3,True,1.0,1.0,1.0,1.0,0.5188002767433799,1.0,1.0,1.0,1.0,,,,,,,,,,0.8496250864823063
227,ab4401719a355a62,True,1.0,1.0,0.5,1.0,1.0,1.0,0.0,1.0,1.0,,,,,,,,,,0.4375
228,1abf52a927025259,True,1.0,1.0,1.0,1.0,0.9032507318402367,1.0,1.0,1.0,1.0,,,,,,,,,,0.969765853700074
229,7b22018666ac5b0e,True,1.0,0.0,1.0,1.0,0.8829305073312499,1.0,1.0,1.0,1.0,,,,,,,,,,0.0
230,5d5dfc678c9759a1,True,1.0,1.0,1.0,1.0,0.7007592763759579,1.0,1.0,1.0,0.0,,,,,,,,,,0.7814872738674868
231,d08ae5bc8a435f97,True,0.0,1.0,1.0,1.0,1.0,0.0,1.0,1.0,1.0,,,,,,,,,,0.0
232,a59bd481d324594a,True,1.0,1.0,1.0,1.0,0.7397266490217249,1.0,1.0,1.0,0.0,,,,,,,,,,0.793664577819289
233,1a707ed0d7ba541d,True,1.0,1.0,1.0,1.0,0.6119691404375586,1.0,1.0,1.0,0.0,,,,,,,,,,0.7537403563867371
234,7feaf6410f1854a8,True,0.0,1.0,1.0,1.0,1.0,0.0,1.0,1.0,1.0,,,,,,,,,,0.0
235,f9e3a8f1b0ae5d43,True,1.0,1.0,1.0,1.0,0.25020667867876634,1.0,1.0,1.0,0.0,,,,,,,,,,0.6406895870871145
236,ca58b2e039305479,True,1.0,1.0,1.0,1.0,0.8079979807700733,1.0,1.0,1.0,1.0,,,,,,,,,,0.9399993689906478
237,f7a9f82f17b256e2,True,1.0,1.0,1.0,1.0,0.9685913073493813,1.0,1.0,1.0,1.0,,,,,,,,,,0.9901847835466817
238,1ea152f7056659a9,True,1.0,0.0,0.5,1.0,0.7145638103129117,1.0,1.0,1.0,0.0,,,,,,,,,,0.0
239,f29d6171f46b551d,True,1.0,1.0,0.0,1.0,1.0,1.0,0.0,1.0,1.0,,,,,,,,,,0.0
240,f41cf739059453a4,True,1.0,1.0,1.0,1.0,0.5172071552697164,1.0,1.0,1.0,1.0,,,,,,,,,,0.8491272360217863
241,153ae46b6ba65721,True,0.0,1.0,0.5,1.0,1.0,0.0,0.0,1.0,0.0,,,,,,,,,,0.0
242,43162b00fe4550b8,True,1.0,0.0,1.0,1.0,0.8764846075115936,1.0,1.0,1.0,0.0,,,,,,,,,,0.0
243,54a295777c3a5d46,True,1.0,1.0,1.0,1.0,0.6320519099654406,1.0,1.0,1.0,1.0,,,,,,,,,,0.8850162218642001
244,05f1a5cbc0905d8e,True,1.0,0.0,1.0,1.0,0.5562939796280594,1.0,1.0,1.0,1.0,,,,,,,,,,0.0
245,d45f18da371a5fe5,True,1.0,1.0,1.0,1.0,0.862467921987147,1.0,0.0,1.0,1.0,,,,,,,,,,0.8320212256209834
246,afcd7846a4f35622,True,1.0,1.0,1.0,1.0,0.8518640244401775,1.0,1.0,1.0,1.0,,,,,,,,,,0.9537075076375554
247,a7d3e71b8ca456a9,True,1.0,1.0,1.0,1.0,1.0,1.0,1.0,1.0,0.0,,,,,,,,,,0.875
248,7d24bd01f77c5d87,True,1.0,1.0,1.0,1.0,0.9509745446858726,1.0,1.0,1.0,0.0,,,,,,,,,,0.8596795452143352
249,e1d83d0f913a5263,True,1.0,1.0,1.0,1.0,1.0,1.0,1.0,1.0,1.0,,,,,,,,,,1.0
250,32e5d7e804c65214,True,1.0,1.0,1.0,1.0,0.43991774766499203,0.0,1.0,1.0,1.0,,,,,,,,,,0.51247429614531
251,70f718ebc8b4505e,True,1.0,1.0,1.0,1.0,0.6436579242428614,1.0,1.0,1.0,0.0,,,,,,,,,,0.7636431013258942
252,afe83cb6c0ae5f67,True,1.0,1.0,1.0,1.0,0.8844870634733247,1.0,1.0,1.0,1.0,,,,,,,,,,0.963902207335414
253,dc207d97e04f5ce1,True,0.0,1.0,0.5,1.0,1.0,0.0,1.0,0.0,0.0,,,,,,,,,,0.0
254,36899d67473c5c91,True,1.0,1.0,1.0,1.0,1.0,1.0,1.0,1.0,0.0,,,,,,,,,,0.875
255,771c4e378bef58e4,True,1.0,1.0,1.0,1.0,1.0,1.0,1.0,1.0,1.0,,,,,,,,,,1.0
256,c7e06d79e58454ae,True,1.0,1.0,1.0,1.0,0.9908398234647504,1.0,1.0,1.0,1.0,,,,,,,,,,0.9971374448327345
257,fda0145d54065b7c,True,1.0,1.0,1.0,1.0,1.0,1.0,1.0,1.0,0.0,,,,,,,,,,0.875
258,398326681cd7500a,True,1.0,1.0,1.0,1.0,0.8950097326696741,1.0,1.0,1.0,0.0,,,,,,,,,,0.8421905414592732
259,550f8f2c9795525c,True,1.0,1.0,1.0,1.0,0.710432818191503,1.0,1.0,1.0,1.0,,,,,,,,,,0.9095102556848447
260,84b8eb5b1a5757c1,True,1.0,1.0,1.0,1.0,0.3086584276458568,1.0,1.0,1.0,0.0,,,,,,,,,,0.6589557586393302
261,5da314e6404c5213,True,1.0,1.0,1.0,1.0,1.0,1.0,1.0,1.0,1.0,,,,,,,,,,1.0
262,48fecfd582935aac,True,1.0,1.0,1.0,1.0,0.8392192685376869,1.0,1.0,1.0,1.0,,,,,,,,,,0.9497560214180272
263,42052560d5925f35,True,1.0,1.0,1.0,1.0,0.535194129233052,1.0,1.0,1.0,1.0,,,,,,,,,,0.8547481653853287
264,2322850f71fa5c4d,True,1.0,1.0,1.0,1.0,0.6910572569051694,1.0,1.0,1.0,1.0,,,,,,,,,,0.9034553927828655
265,f2592c08589e5398,True,1.0,0.0,1.0,1.0,0.6057719643004658,1.0,1.0,1.0,1.0,,,,,,,,,,0.0
266,e7ae612e880e5d5f,True,1.0,0.0,1.0,1.0,1.0,1.0,1.0,1.0,1.0,,,,,,,,,,0.0
267,67abcf0964415891,True,1.0,1.0,1.0,1.0,0.8092070454247811,1.0,1.0,0.0,0.0,,,,,,,,,,0.6903772016952441
268,ed3db88f99a05a6c,True,1.0,1.0,1.0,1.0,0.7050759916915748,1.0,1.0,1.0,1.0,,,,,,,,,,0.9078362474036171
269,0ec9a79351355022,True,1.0,1.0,1.0,1.0,1.0,1.0,1.0,1.0,0.0,,,,,,,,,,0.875
270,58d69daf413c5d5a,True,1.0,0.0,1.0,1.0,0.7652360862612826,0.0,1.0,1.0,1.0,,,,,,,,,,0.0
271,e9b43b140b1d54bf,True,1.0,0.0,1.0,1.0,1.0,1.0,1.0,1.0,1.0,,,,,,,,,,0.0
272,226e6642fbc65bdc,True,1.0,1.0,1.0,1.0,0.8101361098026525,1.0,1.0,1.0,1.0,,,,,,,,,,0.9406675343133288
273,fa2c36ce4ba156cb,True,1.0,1.0,1.0,1.0,0.8166585116400563,1.0,1.0,1.0,0.0,,,,,,,,,,0.8177057848875176
274,3838eb184c9d5989,True,1.0,1.0,1.0,1.0,0.3774005090887698,1.0,1.0,1.0,1.0,,,,,,,,,,0.8054376590902406
275,c195a8cb7ccb59fd,True,1.0,1.0,1.0,1.0,0.46974890140602943,1.0,1.0,1.0,1.0,,,,,,,,,,0.8342965316893842
276,8fb11d5808355072,True,1.0,1.0,1.0,1.0,1.0,1.0,1.0,1.0,1.0,,,,,,,,,,1.0
277,17a015f4ef9b56d0,True,1.0,1.0,1.0,1.0,0.552362716852533,1.0,1.0,1.0,1.0,,,,,,,,,,0.8601133490164166
278,ce8a292cbd7f54d5,True,1.0,1.0,1.0,1.0,0.7935231772109002,1.0,1.0,1.0,0.0,,,,,,,,,,0.8104759928784063
279,70d9d518ad0f5382,True,1.0,1.0,1.0,1.0,1.0,1.0,1.0,1.0,0.0,,,,,,,,,,0.875
280,d25b6512a43f5e54,True,1.0,1.0,1.0,1.0,0.5868294531701405,1.0,1.0,1.0,0.0,,,,,,,,,,0.7458842041156689
281,87eae54f57ea5690,True,1.0,1.0,1.0,1.0,0.7171909731892274,1.0,1.0,1.0,0.0,,,,,,,,,,0.7866221791216336
282,9483fae2cfc352eb,True,1.0,1.0,1.0,1.0,0.5457958486729247,1.0,1.0,1.0,1.0,,,,,,,,,,0.858061202710289
283,85482a4d20fd5eac,True,1.0,1.0,1.0,1.0,0.8298960673707165,1.0,1.0,1.0,1.0,,,,,,,,,,0.9468425210533489
284,a43dbb1d34665f24,True,1.0,1.0,1.0,1.0,0.44963228062871785,1.0,1.0,1.0,1.0,,,,,,,,,,0.8280100876964743
285,a5f411a2c379503d,True,1.0,1.0,1.0,1.0,0.7196626333350027,1.0,1.0,1.0,1.0,,,,,,,,,,0.9123945729171883
286,5c838efd36805c92,True,1.0,1.0,1.0,1.0,0.827638078725897,1.0,1.0,1.0,1.0,,,,,,,,,,0.9461368996018429
287,a44db880afe95be7,True,1.0,1.0,1.0,1.0,0.5266617621782174,1.0,1.0,1.0,0.0,,,,,,,,,,0.727081800680693
288,7da863f64a5f5e90,True,1.0,1.0,1.0,1.0,0.8370013203657566,1.0,1.0,1.0,1.0,,,,,,,,,,0.9490629126142989
289,9191f3f8644d50cb,True,1.0,1.0,1.0,1.0,0.5802956457707608,1.0,0.0,1.0,1.0,,,,,,,,,,0.7438423893033628
290,13310ca9a7715154,True,1.0,1.0,1.0,1.0,1.0,1.0,1.0,1.0,0.0,,,,,,,,,,0.875
291,131ab0263b07507c,True,1.0,1.0,1.0,1.0,1.0,1.0,1.0,1.0,0.0,,,,,,,,,,0.875
292,132d1ec43fc058e1,True,1.0,0.0,1.0,1.0,0.9769798278989987,1.0,1.0,1.0,1.0,,,,,,,,,,0.0
293,a18d2b32f8415373,True,1.0,1.0,1.0,1.0,0.3433768071098441,1.0,1.0,1.0,0.0,,,,,,,,,,0.6698052522218263
294,c7afdb652a9e5e73,True,1.0,1.0,1.0,1.0,1.0,1.0,1.0,1.0,1.0,,,,,,,,,,1.0
295,d01fec804cd45644,True,1.0,1.0,1.0,1.0,0.5661781395097732,1.0,1.0,1.0,0.0,,,,,,,,,,0.7394306685968042
296,e22c42694be05703,True,1.0,1.0,1.0,1.0,0.6145503782119651,1.0,1.0,1.0,1.0,,,,,,,,,,0.8795469931912391
297,8c689c4b2df55539,True,1.0,1.0,1.0,1.0,0.6848678361137345,1.0,1.0,1.0,1.0,,,,,,,,,,0.901521198785542
298,3cbb6c030b1e5d19,True,1.0,1.0,1.0,1.0,1.0,1.0,1.0,1.0,0.0,,,,,,,,,,0.875
299,0f422a003dab525e,True,1.0,1.0,1.0,1.0,0.6122519947890697,1.0,1.0,1.0,1.0,,,,,,,,,,0.8788287483715842
300,184c11a8cc875403,True,1.0,1.0,1.0,1.0,0.8760019247758549,1.0,1.0,1.0,1.0,,,,,,,,,,0.9612506014924547
301,dd35be6455fe566b,True,1.0,1.0,1.0,1.0,0.6386501504830876,1.0,1.0,1.0,1.0,,,,,,,,,,0.8870781720259648
302,fe8eddd5ec8654cd,True,1.0,1.0,1.0,1.0,0.6419511034871647,1.0,1.0,1.0,0.0,,,,,,,,,,0.763109719839739
303,00016f8b45c25a1d,True,1.0,1.0,1.0,1.0,0.8468456755859896,1.0,1.0,1.0,1.0,,,,,,,,,,0.9521392736206218
304,116aacf9868e5e4e,True,1.0,1.0,1.0,1.0,0.919387526065893,1.0,1.0,1.0,1.0,,,,,,,,,,0.9748086018955916
305,8237f47b224952b4,True,1.0,1.0,1.0,1.0,1.0,1.0,1.0,1.0,1.0,,,,,,,,,,1.0
306,2575048779565f0b,True,1.0,1.0,1.0,1.0,0.7459526721531831,1.0,1.0,1.0,1.0,,,,,,,,,,0.9206102100478697
307,a417154cf84a5426,True,1.0,1.0,1.0,1.0,1.0,1.0,1.0,1.0,0.0,,,,,,,,,,0.875
308,5521dd071ee95c1a,True,1.0,1.0,1.0,1.0,0.8786678515249738,1.0,1.0,1.0,1.0,,,,,,,,,,0.9620837036015544
309,0af68cc78d085fdb,True,1.0,1.0,1.0,1.0,0.8189277696639353,1.0,1.0,1.0,0.0,,,,,,,,,,0.8184149280199797
310,02a81792cbdb5dd5,True,1.0,1.0,1.0,1.0,1.0,1.0,1.0,1.0,1.0,,,,,,,,,,1.0
311,8f5b6181d28e5d4a,True,1.0,1.0,1.0,1.0,0.868421159331689,1.0,0.0,1.0,1.0,,,,,,,,,,0.8338816122911528
312,ef7089ecfb0c5028,True,1.0,1.0,1.0,1.0,1.0,1.0,1.0,1.0,1.0,,,,,,,,,,1.0
313,f1ca8dd77f205599,True,1.0,1.0,1.0,1.0,0.790811670941154,1.0,1.0,1.0,0.0,,,,,,,,,,0.8096286471691106
314,77f11643ced5562a,True,1.0,1.0,1.0,1.0,0.5523702392547015,1.0,1.0,1.0,1.0,,,,,,,,,,0.8601156997670942
315,67debdeae60b5fa4,True,1.0,0.0,0.5,1.0,0.7368219289706611,1.0,1.0,1.0,1.0,,,,,,,,,,0.0
316,ad34e2d0d3865530,True,1.0,1.0,1.0,1.0,0.5933165280637593,1.0,1.0,1.0,0.0,,,,,,,,,,0.7479114150199249
317,75ffe77189e95d43,True,1.0,1.0,1.0,1.0,0.6261088034377309,1.0,1.0,1.0,0.0,,,,,,,,,,0.7581590010742909
318,af335d636f4c516e,True,1.0,1.0,1.0,1.0,1.0,1.0,1.0,1.0,0.0,,,,,,,,,,0.875
319,11d28b80cd0a56d5,True,1.0,1.0,1.0,1.0,0.805773933153413,1.0,1.0,1.0,1.0,,,,,,,,,,0.9393043541104416
320,3128b8da22c75dd0,True,1.0,1.0,1.0,1.0,0.723215996480971,1.0,1.0,1.0,0.0,,,,,,,,,,0.7885049989003035
321,2391f12d7e6a5e7f,True,1.0,1.0,1.0,1.0,0.4686343250886259,1.0,1.0,1.0,1.0,,,,,,,,,,0.8339482265901956
322,5d12ad55fdd858e1,True,1.0,1.0,1.0,1.0,0.8442197786001752,1.0,1.0,1.0,1.0,,,,,,,,,,0.9513186808125547
323,b02bf210eda55579,True,1.0,1.0,1.0,1.0,1.0,1.0,0.0,1.0,0.0,,,,,,,,,,0.75
324,12d426c6727d507a,True,1.0,1.0,1.0,1.0,0.5250630300433666,1.0,1.0,1.0,1.0,,,,,,,,,,0.8515821968885521
325,19e90f2757b25f38,True,1.0,1.0,1.0,1.0,0.5562294403295603,1.0,1.0,1.0,0.0,,,,,,,,,,0.7363217001029876
326,89e4665cd63a55bd,True,0.0,1.0,1.0,1.0,1.0,0.0,1.0,1.0,0.0,,,,,,,,,,0.0
327,76b708c365e45536,True,0.0,1.0,1.0,1.0,1.0,0.0,1.0,1.0,0.0,,,,,,,,,,0.0
328,0e5653822a7a56b3,True,1.0,0.0,1.0,1.0,1.0,1.0,1.0,1.0,1.0,,,,,,,,,,0.0
329,c054f473288d5515,True,1.0,1.0,1.0,1.0,0.946035008004709,1.0,1.0,1.0,1.0,,,,,,,,,,0.9831359400014715
330,ed01297783a05dba,True,1.0,1.0,1.0,1.0,0.8720662615027138,1.0,1.0,1.0,0.0,,,,,,,,,,0.835020706719598
331,63ec67c4a58a5e5b,True,1.0,1.0,1.0,1.0,0.5904719991018188,1.0,1.0,1.0,1.0,,,,,,,,,,0.8720224997193184
332,f025b78e77b25fba,True,0.0,1.0,1.0,1.0,0.8275890976075306,0.0,1.0,1.0,1.0,,,,,,,,,,0.0
333,c5b585ddf50d5f1f,True,1.0,1.0,1.0,1.0,1.0,1.0,1.0,1.0,0.0,,,,,,,,,,0.875
334,62103d9b18645ebd,True,1.0,1.0,1.0,1.0,0.5911476124303199,1.0,1.0,1.0,1.0,,,,,,,,,,0.872233628884475
335,64a7186ab49b5cdc,True,1.0,1.0,1.0,1.0,0.8030607765742311,1.0,1.0,1.0,1.0,,,,,,,,,,0.9384564926794472
336,ac7bd595b9a3544c,True,1.0,1.0,1.0,1.0,1.0,1.0,1.0,1.0,0.0,,,,,,,,,,0.875
337,28c89352b09b55d4,True,1.0,1.0,1.0,1.0,0.5706316631537991,1.0,1.0,1.0,1.0,,,,,,,,,,0.8658223947355622
338,cb02d1e1315a5e67,True,1.0,1.0,1.0,1.0,0.7714914865941925,1.0,1.0,1.0,0.0,,,,,,,,,,0.8035910895606851
339,3b3627c7892d5b5e,True,1.0,1.0,1.0,1.0,0.7733743407010981,1.0,1.0,1.0,1.0,,,,,,,,,,0.9291794814690931
340,4aa44e006ca9579e,True,1.0,1.0,0.5,1.0,0.7407841938269545,1.0,1.0,1.0,0.0,,,,,,,,,,0.39699753028546164
341,b2abc819ebf45c11,True,1.0,1.0,1.0,1.0,1.0,1.0,1.0,1.0,1.0,,,,,,,,,,1.0
342,0802a51b0a1d512c,True,1.0,1.0,1.0,1.0,0.7105096632374535,1.0,1.0,1.0,1.0,,,,,,,,,,0.9095342697617042
343,5c084920ee285003,True,1.0,1.0,1.0,1.0,0.5491246661526623,1.0,1.0,1.0,1.0,,,,,,,,,,0.859101458172707
344,75f5cc1f425c501d,True,1.0,1.0,1.0,1.0,0.6533940509049054,1.0,1.0,1.0,0.0,,,,,,,,,,0.7666856409077829
345,0cd0aaeb35c95094,True,1.0,1.0,1.0,1.0,0.9630558323653277,1.0,1.0,1.0,1.0,,,,,,,,,,0.9884549476141649
346,1c77ba7488d35c52,True,1.0,0.0,1.0,1.0,0.6909315762499286,1.0,0.0,1.0,0.0,,,,,,,,,,0.0
347,813c23718919507a,True,0.0,1.0,1.0,1.0,1.0,0.0,1.0,1.0,0.0,,,,,,,,,,0.0
348,a312f24a197d530c,True,1.0,1.0,0.0,1.0,0.9578343804838166,1.0,0.0,1.0,1.0,,,,,,,,,,0.0
349,b9d14f59883a5496,True,1.0,1.0,1.0,1.0,0.7222528344740328,1.0,1.0,1.0,0.0,,,,,,,,,,0.7882040107731352
350,8cec7d21f7dc540b,True,1.0,1.0,1.0,1.0,0.5628266758328064,1.0,1.0,1.0,1.0,,,,,,,,,,0.863383336197752
351,3c542be991515ccd,True,1.0,0.0,1.0,1.0,0.6759868903022384,1.0,0.0,1.0,1.0,,,,,,,,,,0.0
352,afd632f043e35a49,True,1.0,1.0,1.0,1.0,0.9157845727982244,1.0,1.0,1.0,1.0,,,,,,,,,,0.9736826789994452
353,ae05160436d45a62,True,1.0,0.0,1.0,1.0,0.6417636649559346,1.0,1.0,1.0,1.0,,,,,,,,,,0.0
354,f0b6499b393152be,True,1.0,1.0,1.0,1.0,1.0,1.0,0.0,1.0,0.0,,,,,,,,,,0.75
355,bbb5018d017754d0,True,1.0,1.0,1.0,1.0,0.7827629169229174,1.0,1.0,1.0,0.0,,,,,,,,,,0.8071134115384118
356,ef703bb40b9a516c,True,1.0,0.0,1.0,1.0,0.9994530695496538,1.0,1.0,1.0,1.0,,,,,,,,,,0.0
357,529d2e20dc615c3b,True,1.0,1.0,1.0,1.0,1.0,1.0,1.0,1.0,0.0,,,,,,,,,,0.875
358,52b2e626eca85976,True,1.0,1.0,1.0,1.0,0.6569103632877833,1.0,1.0,1.0,1.0,,,,,,,,,,0.8927844885274323
359,e024bd23594b5a13,True,1.0,1.0,1.0,1.0,1.0,1.0,1.0,1.0,1.0,,,,,,,,,,1.0
360,635d0bb58aa95282,True,1.0,1.0,1.0,1.0,0.3550758684301778,1.0,1.0,1.0,1.0,,,,,,,,,,0.7984612088844305
361,f038fc7ffdab5bad,True,1.0,1.0,1.0,1.0,1.0,1.0,1.0,1.0,1.0,,,,,,,,,,1.0
362,69baa41122b45e43,True,1.0,1.0,1.0,1.0,0.8263710815149246,1.0,1.0,1.0,1.0,,,,,,,,,,0.9457409629734139
363,197f2dea642850e7,True,1.0,1.0,1.0,1.0,0.7937316015303254,1.0,1.0,1.0,1.0,,,,,,,,,,0.9355411254782267
364,90314b74c92954d6,True,1.0,1.0,0.5,1.0,1.0,1.0,0.0,1.0,1.0,,,,,,,,,,0.4375
365,e1f6c044f4235462,True,1.0,1.0,1.0,1.0,0.6989984907636043,1.0,1.0,1.0,1.0,,,,,,,,,,0.9059370283636263
366,3b1e0182cb145b8d,True,1.0,1.0,1.0,1.0,1.0,1.0,1.0,0.0,0.0,,,,,,,,,,0.75
367,a5183d5f2da251fa,True,1.0,1.0,1.0,1.0,0.985550592393563,1.0,1.0,1.0,0.0,,,,,,,,,,0.8704845601229885
368,a47772efd1d758d6,True,1.0,0.0,1.0,1.0,1.0,1.0,1.0,1.0,0.0,,,,,,,,,,0.0
369,c1d95d8a3260541c,True,1.0,1.0,0.0,1.0,0.9283847997421727,1.0,0.0,1.0,1.0,,,,,,,,,,0.0
370,5d2ee89308f958be,True,1.0,1.0,1.0,1.0,0.6847721987067517,1.0,0.0,1.0,1.0,,,,,,,,,,0.7764913120958599
371,a8a34f54618050f6,True,1.0,1.0,1.0,1.0,0.4886825419098663,1.0,1.0,1.0,0.0,,,,,,,,,,0.7152132943468332
372,14fe69db03425780,True,1.0,0.0,1.0,1.0,0.5807969516550455,1.0,0.0,1.0,1.0,,,,,,,,,,0.0
373,99e0c0250e6e54c5,True,1.0,1.0,1.0,1.0,0.7659899761259776,1.0,1.0,1.0,1.0,,,,,,,,,,0.926871867539368
374,cd7e4f70ce8e539b,True,1.0,1.0,1.0,1.0,0.6104228226307464,1.0,1.0,1.0,0.0,,,,,,,,,,0.7532571320721082
375,2c5cbab120595d79,True,1.0,1.0,1.0,1.0,0.7992573242560568,1.0,1.0,1.0,0.0,,,,,,,,,,0.8122679138300177
376,7727bf26f5845499,True,1.0,1.0,0.5,1.0,0.6706754736825125,1.0,1.0,1.0,1.0,,,,,,,,,,0.4485430427628926
377,585a681f4ad95682,True,1.0,1.0,1.0,1.0,0.47225842773882887,1.0,1.0,1.0,1.0,,,,,,,,,,0.835080758668384
378,773cb036b1195879,True,1.0,1.0,1.0,1.0,1.0,1.0,1.0,1.0,1.0,,,,,,,,,,1.0
379,76a0c83f0b6453a0,True,1.0,1.0,1.0,1.0,0.646830609005569,1.0,1.0,1.0,0.0,,,,,,,,,,0.7646345653142403
380,66583dab627951a2,True,1.0,1.0,1.0,1.0,0.7026980249697012,1.0,1.0,1.0,0.0,,,,,,,,,,0.7820931328030316
381,442b2cf63c6f570a,True,1.0,1.0,1.0,1.0,0.6378670385064544,1.0,1.0,1.0,1.0,,,,,,,,,,0.886833449533267
382,cd9d029138325c2c,True,1.0,1.0,0.5,1.0,0.8754845167444165,1.0,1.0,1.0,1.0,,,,,,,,,,0.4805444557413151
383,d715fbc6ea0551f8,True,0.0,1.0,1.0,1.0,1.0,0.0,1.0,1.0,1.0,,,,,,,,,,0.0
384,bd9abb7104dc5408,True,1.0,1.0,1.0,1.0,0.834602043747605,1.0,1.0,1.0,1.0,,,,,,,,,,0.9483131386711265
385,f289e368449b517b,True,1.0,1.0,1.0,1.0,0.6636723124773655,1.0,1.0,1.0,1.0,,,,,,,,,,0.8948975976491766
386,1c5c2e372dc954cd,True,1.0,1.0,1.0,1.0,1.0,1.0,0.0,1.0,0.0,,,,,,,,,,0.75
387,6e2c6027edb85763,True,1.0,1.0,1.0,1.0,1.0,1.0,1.0,1.0,0.0,,,,,,,,,,0.875
388,e17587a96a795abf,True,1.0,1.0,1.0,1.0,0.6101707975845839,1.0,1.0,1.0,1.0,,,,,,,,,,0.8781783742451825
389,afbf82af256b5711,True,1.0,1.0,1.0,1.0,1.0,1.0,1.0,1.0,1.0,,,,,,,,,,1.0
390,c9ca538cb3235e43,True,1.0,1.0,1.0,1.0,1.0,1.0,1.0,1.0,1.0,,,,,,,,,,1.0
391,49074bfb7c9e5c26,True,1.0,1.0,1.0,1.0,0.7755375808250098,1.0,1.0,1.0,0.0,,,,,,,,,,0.8048554940078155
392,2382542e05f253df,True,1.0,1.0,1.0,1.0,0.8855027395729905,1.0,1.0,1.0,1.0,,,,,,,,,,0.9642196061165595
393,470cfa23e42757c3,True,1.0,0.0,1.0,1.0,0.5941892505732975,1.0,1.0,1.0,0.0,,,,,,,,,,0.0
394,d5b18d6105c25004,True,1.0,1.0,1.0,1.0,0.9493237855436066,1.0,1.0,1.0,0.0,,,,,,,,,,0.859163682982377
395,551cf39c34f75b25,True,1.0,1.0,1.0,1.0,0.4085013651037241,1.0,1.0,1.0,1.0,,,,,,,,,,0.8151566765949138
396,b1906c6b8b8f5f56,True,1.0,1.0,1.0,1.0,1.0,1.0,1.0,1.0,0.0,,,,,,,,,,0.875
397,2cae5f08e11a5dbd,True,1.0,1.0,1.0,1.0,0.8448504869676688,1.0,0.0,1.0,1.0,,,,,,,,,,0.8265157771773965
398,8d0697930b5e5df0,True,1.0,1.0,1.0,1.0,1.0,1.0,1.0,1.0,0.0,,,,,,,,,,0.875
399,da36c99454f65715,True,1.0,1.0,0.5,1.0,0.9480977321247124,1.0,0.0,1.0,1.0,,,,,,,,,,0.4293902706444863
400,8b8ea705c7fd5e8a,True,1.0,1.0,1.0,1.0,0.9829381735979397,1.0,1.0,1.0,0.0,,,,,,,,,,0.8696681792493561
401,9502cdbb06dd516f,True,1.0,1.0,1.0,1.0,1.0,1.0,1.0,1.0,1.0,,,,,,,,,,1.0
402,f6b9867069845fd2,True,1.0,1.0,1.0,1.0,1.0,1.0,1.0,1.0,0.0,,,,,,,,,,0.875
403,e46762b07ca45b74,True,1.0,1.0,1.0,1.0,0.676141051741589,1.0,1.0,1.0,1.0,,,,,,,,,,0.8987940786692465
404,abbf1c193ac75f91,True,1.0,1.0,1.0,1.0,1.0,1.0,1.0,1.0,0.0,,,,,,,,,,0.875
405,64f47c2f2c7754cb,True,1.0,1.0,1.0,1.0,1.0,1.0,1.0,1.0,0.0,,,,,,,,,,0.875
406,3623049267d35a95,True,1.0,1.0,1.0,1.0,1.0,1.0,1.0,1.0,1.0,,,,,,,,,,1.0
407,9e9e33077f375062,True,1.0,0.0,1.0,1.0,0.536806869012925,1.0,1.0,1.0,1.0,,,,,,,,,,0.0
408,46deeff0d0495df6,True,1.0,1.0,1.0,1.0,0.544670427546123,1.0,1.0,1.0,1.0,,,,,,,,,,0.8577095086081634
409,082988f40658562c,True,1.0,1.0,1.0,1.0,0.5234290079178997,1.0,1.0,1.0,1.0,,,,,,,,,,0.8510715649743437
410,557a287c11cc5960,True,1.0,1.0,1.0,1.0,1.0,1.0,1.0,1.0,1.0,,,,,,,,,,1.0
411,7af0e9b8a12056e8,True,1.0,1.0,1.0,1.0,0.7765899464395172,1.0,1.0,1.0,0.0,,,,,,,,,,0.8051843582623491
412,d20be65e3dc65738,True,1.0,0.0,1.0,1.0,0.8923800338820632,1.0,1.0,1.0,1.0,,,,,,,,,,0.0
413,c3d6016d73645955,True,1.0,1.0,1.0,1.0,0.8865213078240489,1.0,1.0,1.0,1.0,,,,,,,,,,0.9645379086950152
414,599c8b2bc9b252a7,True,1.0,1.0,1.0,1.0,0.7569569560181745,1.0,1.0,1.0,0.0,,,,,,,,,,0.7990490487556795
415,c7cb2e43b2d053b7,True,1.0,1.0,1.0,1.0,0.8951957504769453,1.0,1.0,1.0,0.0,,,,,,,,,,0.8422486720240454
416,6b7c5199f84e5aac,True,1.0,1.0,1.0,1.0,0.9213882128205404,1.0,1.0,1.0,0.0,,,,,,,,,,0.8504338165064189
417,063dc3e59f7158d9,True,1.0,1.0,1.0,1.0,0.459848170518954,1.0,1.0,1.0,1.0,,,,,,,,,,0.8312025532871732
418,20cc0fdb7e2d5c3f,True,1.0,1.0,1.0,1.0,0.9353085256452465,1.0,1.0,1.0,1.0,,,,,,,,,,0.9797839142641396
419,eed801b1cd035275,True,1.0,1.0,1.0,1.0,1.0,1.0,1.0,0.0,0.0,,,,,,,,,,0.75
420,5041cdf76ecb5ee7,True,1.0,0.0,1.0,1.0,0.6290744655364076,1.0,1.0,1.0,0.0,,,,,,,,,,0.0
421,834cf95826ec5c73,True,1.0,1.0,1.0,1.0,0.6968960662963317,1.0,0.0,1.0,0.0,,,,,,,,,,0.6552800207176037
422,fe22e2c812e65096,True,1.0,1.0,1.0,1.0,0.5191616848574026,1.0,1.0,1.0,1.0,,,,,,,,,,0.8497380265179383
423,2bd04a0902095129,True,1.0,0.0,1.0,1.0,1.0,1.0,1.0,1.0,0.0,,,,,,,,,,0.0
424,cf50ffa22c81555d,True,1.0,1.0,1.0,1.0,0.7387950703867577,1.0,1.0,1.0,1.0,,,,,,,,,,0.9183734594958618
425,70f72122f1605fa1,True,1.0,1.0,1.0,1.0,0.3664012380646001,1.0,1.0,1.0,1.0,,,,,,,,,,0.8020003868951875
426,493c90dce63d5653,True,1.0,0.0,1.0,1.0,1.0,1.0,1.0,1.0,1.0,,,,,,,,,,0.0
427,ac55c7f072c6528d,True,1.0,1.0,1.0,1.0,0.7966481816187553,1.0,1.0,1.0,0.0,,,,,,,,,,0.811452556755861
428,bb4f37403cea5b0e,True,1.0,1.0,1.0,1.0,0.689572118906812,1.0,1.0,1.0,1.0,,,,,,,,,,0.9029912871583787
429,592f536375e755b6,True,1.0,0.0,1.0,1.0,0.6355703696769489,1.0,1.0,1.0,0.0,,,,,,,,,,0.0
430,e2ae05340dba502d,True,1.0,0.0,1.0,1.0,0.8571937045063012,1.0,1.0,1.0,0.0,,,,,,,,,,0.0
431,95b1bc0848e85064,True,1.0,1.0,1.0,1.0,0.28294919156723647,1.0,1.0,1.0,1.0,,,,,,,,,,0.7759216223647614
432,9b7108902e7158d6,True,1.0,1.0,1.0,1.0,1.0,1.0,1.0,1.0,0.0,,,,,,,,,,0.875
433,e41740b9529753af,True,1.0,1.0,1.0,1.0,1.0,1.0,1.0,1.0,1.0,,,,,,,,,,1.0
434,97c09fe94495563a,True,1.0,1.0,1.0,1.0,1.0,1.0,1.0,1.0,0.0,,,,,,,,,,0.875
435,b6247a5245a5554f,True,1.0,1.0,1.0,1.0,1.0,1.0,1.0,1.0,1.0,,,,,,,,,,1.0
436,deb455f53c805643,True,1.0,1.0,1.0,1.0,0.7876406037024435,1.0,1.0,0.0,0.0,,,,,,,,,,0.6836376886570136
437,4cac9f6cd85a5b47,True,1.0,1.0,1.0,1.0,0.8841088810107345,1.0,1.0,1.0,1.0,,,,,,,,,,0.9637840253158545
438,909655c780e152ac,True,1.0,1.0,1.0,1.0,1.0,1.0,1.0,1.0,1.0,,,,,,,,,,1.0
439,ac0c6104c53e581e,True,1.0,1.0,1.0,1.0,1.0,1.0,1.0,1.0,1.0,,,,,,,,,,1.0
440,5f53001e7e2d5347,True,1.0,1.0,1.0,1.0,1.0,1.0,0.0,1.0,1.0,,,,,,,,,,0.875
441,45ebc34cbe405c3e,True,1.0,0.0,1.0,1.0,0.9269004736161651,1.0,1.0,1.0,1.0,,,,,,,,,,0.0
442,889aac2576295c91,True,1.0,1.0,1.0,1.0,0.6976068951326077,1.0,1.0,1.0,0.0,,,,,,,,,,0.7805021547289399
443,1bc892186af15042,True,1.0,1.0,1.0,1.0,0.4580352056246237,1.0,1.0,1.0,1.0,,,,,,,,,,0.8306360017576949
444,2ee150fedbb15345,True,1.0,1.0,1.0,1.0,0.6987029443884908,1.0,1.0,1.0,1.0,,,,,,,,,,0.9058446701214034
445,a3f2ea7187975b13,True,1.0,1.0,1.0,1.0,1.0,1.0,1.0,1.0,0.0,,,,,,,,,,0.875
446,132307b3c1a55f97,True,1.0,1.0,1.0,1.0,0.4826285353452743,1.0,1.0,1.0,0.0,,,,,,,,,,0.7133214172953982
447,2c8a58b94332570d,True,1.0,1.0,1.0,1.0,0.32727742098976004,1.0,1.0,1.0,0.0,,,,,,,,,,0.6647741940592999
448,b6b5f3cc01a05f83,True,1.0,1.0,1.0,1.0,0.5317734272490818,1.0,1.0,1.0,0.0,,,,,,,,,,0.728679196015338
449,79e8f1ce9ed95cf6,True,1.0,1.0,1.0,1.0,0.29596884283344327,1.0,1.0,1.0,1.0,,,,,,,,,,0.779990263385451
450,2f25ad449c40ae04c,True,,,,,,,,,,1.0,1.0,1.0,1.0,0.5649638626712765,1.0,0.0,1.0,0.0,0.6140512070847739
451,5d571e3d1a02ea00b,True,,,,,,,,,,1.0,0.0,1.0,1.0,1.0,1.0,0.0,1.0,1.0,0.0
452,a752f273da4956217,True,,,,,,,,,,1.0,1.0,1.0,1.0,0.7388053489905204,1.0,1.0,1.0,1.0,0.9183766715595376
453,ca366055bc1b9838a,True,,,,,,,,,,1.0,1.0,1.0,1.0,0.6855492519066944,1.0,1.0,1.0,0.0,0.776734141220842
454,71d45b383e1e50669,True,,,,,,,,,,1.0,1.0,1.0,1.0,0.09303057934747987,1.0,1.0,1.0,1.0,0.7165720560460875
455,d1982bae71566acc5,True,,,,,,,,,,0.0,1.0,1.0,1.0,1.0,0.0,1.0,1.0,1.0,0.0
456,daff4b299dac7a03f,True,,,,,,,,,,0.5,0.0,1.0,1.0,1.0,0.0,1.0,1.0,0.0,0.0
457,27ddf7be2179b60af,True,,,,,,,,,,1.0,1.0,1.0,1.0,0.9423999590150914,0.0,0.0,1.0,1.0,0.544499987192216
458,579935f9cfdd09614,True,,,,,,,,,,1.0,1.0,1.0,1.0,0.44351658158423174,1.0,0.0,1.0,1.0,0.7010989317450724
459,4de6ba672dc37ec25,True,,,,,,,,,,1.0,1.0,1.0,1.0,1.0,1.0,0.0,1.0,1.0,0.875
460,7acc87fed29fbe645,True,,,,,,,,,,1.0,1.0,0.5,1.0,1.0,1.0,0.0,1.0,1.0,0.4375
461,20494495b733d6710,True,,,,,,,,,,1.0,1.0,1.0,1.0,0.4209300532245655,1.0,1.0,1.0,1.0,0.8190406416326768
462,68f17e6223ed08ff9,True,,,,,,,,,,1.0,1.0,0.5,1.0,1.0,1.0,0.0,1.0,0.0,0.375
463,1d749bcf71869340e,True,,,,,,,,,,1.0,0.0,1.0,1.0,0.4778282026028459,1.0,0.0,1.0,1.0,0.0
464,1ab13d4826a06cc9f,True,,,,,,,,,,1.0,0.0,1.0,1.0,0.6551036651081575,1.0,1.0,1.0,1.0,0.0
465,5de1e274bd9229940,True,,,,,,,,,,1.0,1.0,1.0,1.0,1.0,1.0,1.0,1.0,0.0,0.875
466,14f814e6cbf15fcb5,True,,,,,,,,,,1.0,0.0,1.0,1.0,0.9653221135231789,1.0,1.0,1.0,1.0,0.0
467,1009569404037413a,True,,,,,,,,,,1.0,1.0,1.0,1.0,0.49129215375567226,1.0,1.0,1.0,1.0,0.8410287980486476
468,514e8dc72d43731a2,True,,,,,,,,,,1.0,1.0,1.0,1.0,0.9591116581467307,1.0,0.0,1.0,0.0,0.7372223931708534
469,cade01084629da760,True,,,,,,,,,,0.5,1.0,1.0,1.0,1.0,0.0,1.0,1.0,1.0,0.34375
470,024776041efb70cd4,True,,,,,,,,,,0.0,1.0,0.0,1.0,0.7995712285849946,0.0,0.0,1.0,1.0,0.0
471,0cbcae8358528cd55,True,,,,,,,,,,1.0,1.0,1.0,1.0,1.0,1.0,1.0,1.0,0.0,0.875
472,88943e0d8ac52cc5f,True,,,,,,,,,,0.0,1.0,1.0,1.0,1.0,0.0,0.0,1.0,1.0,0.0
473,dcf19e94036cc47aa,True,,,,,,,,,,1.0,1.0,0.5,1.0,1.0,1.0,0.0,1.0,1.0,0.4375
474,29ac6cd782f3052a8,True,,,,,,,,,,1.0,1.0,0.0,1.0,1.0,1.0,0.0,1.0,1.0,0.0
475,9c47bf4ba9db25f5d,True,,,,,,,,,,0.0,1.0,1.0,1.0,1.0,0.0,1.0,1.0,1.0,0.0
476,dee771fcf184f2521,True,,,,,,,,,,1.0,1.0,1.0,1.0,0.17035906848165489,1.0,0.0,1.0,1.0,0.6157372089005171
477,a33fa10f772275b4a,True,,,,,,,,,,0.0,1.0,1.0,1.0,1.0,0.0,0.0,1.0,1.0,0.0
478,2e5a54d80147f955d,True,,,,,,,,,,1.0,1.0,1.0,1.0,0.5772571148155315,1.0,0.0,1.0,0.0,0.6178928483798536
479,af944ea40728e6074,True,,,,,,,,,,1.0,1.0,1.0,1.0,0.44492338985930563,1.0,1.0,1.0,0.0,0.701538559331033
480,68becb68da6734f1a,True,,,,,,,,,,1.0,1.0,1.0,1.0,0.7553203393377924,1.0,0.0,1.0,1.0,0.7985376060430601
481,256ffb5e85a521e98,True,,,,,,,,,,1.0,1.0,1.0,1.0,0.42228347641478964,1.0,0.0,1.0,1.0,0.6944635863796218
482,49538162999026026,True,,,,,,,,,,1.0,0.0,1.0,1.0,1.0,1.0,0.0,1.0,1.0,0.0
483,44c452535c1f9bd1b,True,,,,,,,,,,1.0,1.0,1.0,1.0,0.7136118980062871,1.0,1.0,1.0,1.0,0.9105037181269647
484,a43ef1df0d28a30db,True,,,,,,,,,,0.0,1.0,1.0,1.0,1.0,0.0,0.0,1.0,1.0,0.0
485,eee0015497fc5fbb3,True,,,,,,,,,,1.0,1.0,1.0,1.0,0.6777931196266656,1.0,0.0,1.0,1.0,0.774310349883333
486,8fc9c5ae5ccfdda02,True,,,,,,,,,,1.0,1.0,1.0,1.0,0.4274215622710411,1.0,1.0,1.0,1.0,0.8210692382097003
487,239cac6c74f4f0bd4,True,,,,,,,,,,1.0,0.0,0.0,1.0,1.0,1.0,0.0,1.0,1.0,0.0
488,b0cbc535fe9913787,True,,,,,,,,,,1.0,1.0,0.0,1.0,0.7974405528775915,1.0,1.0,1.0,0.0,0.0
489,824d8ba46202fe8eb,True,,,,,,,,,,1.0,1.0,1.0,1.0,0.34875153531116987,1.0,1.0,1.0,1.0,0.7964848547847405
490,fc618b0134a5e9634,True,,,,,,,,,,1.0,0.0,1.0,1.0,1.0,1.0,1.0,1.0,0.0,0.0
491,5ffbd12109319857a,True,,,,,,,,,,1.0,1.0,1.0,1.0,0.6605680394905938,1.0,0.0,1.0,1.0,0.7689275123408106
492,eb2b9b57bc8fba12d,True,,,,,,,,,,1.0,1.0,1.0,1.0,0.9148997813872736,1.0,0.0,1.0,1.0,0.848406181683523
493,66d4f1e7e5ab29631,True,,,,,,,,,,1.0,1.0,1.0,1.0,0.3702255720545922,1.0,1.0,1.0,1.0,0.80319549126706
494,db94fae67e9339c05,True,,,,,,,,,,1.0,1.0,1.0,1.0,0.8790488879248188,1.0,0.0,1.0,1.0,0.8372027774765058
495,60d8762d0c173197e,True,,,,,,,,,,1.0,1.0,1.0,1.0,0.44073187244306633,1.0,0.0,1.0,1.0,0.7002287101384582
496,c379f5f53ec8ac236,True,,,,,,,,,,1.0,1.0,1.0,1.0,1.0,1.0,0.0,1.0,1.0,0.875
497,b1aefb166ba160b03,True,,,,,,,,,,1.0,1.0,1.0,1.0,0.7964932588866509,1.0,0.0,1.0,1.0,0.8114041434020784
498,4bd3930751899054f,True,,,,,,,,,,0.0,1.0,1.0,1.0,0.8335859748689023,0.0,1.0,1.0,0.0,0.0
499,16b9d0efaf330fdcf,True,,,,,,,,,,1.0,1.0,1.0,1.0,0.7639504591713034,1.0,1.0,0.0,0.0,0.6762345184910323
500,83f19b2038c24367b,True,,,,,,,,,,1.0,1.0,1.0,1.0,1.0,1.0,1.0,1.0,1.0,1.0
501,af0d83c05846b8b86,True,,,,,,,,,,0.0,0.0,0.0,1.0,1.0,0.0,0.0,1.0,0.0,0.0
502,4fe667077cf665671,True,,,,,,,,,,1.0,1.0,1.0,1.0,1.0,1.0,0.0,1.0,1.0,0.875
503,6c4cdcc93a5b36c13,True,,,,,,,,,,1.0,1.0,1.0,1.0,0.47143355120318253,1.0,1.0,1.0,0.0,0.7098229847509945
504,918fb02f94c16537d,True,,,,,,,,,,1.0,1.0,1.0,1.0,0.2693641308377453,1.0,1.0,1.0,0.0,0.6466762908867953
505,c3200abf96a354efa,True,,,,,,,,,,1.0,1.0,1.0,1.0,0.2484997404833584,1.0,1.0,1.0,1.0,0.7651561689010495
506,8ff1eaec9e4ad790c,True,,,,,,,,,,1.0,1.0,1.0,1.0,1.0,1.0,1.0,1.0,0.0,0.875
507,9eb568210e6566dd5,True,,,,,,,,,,1.0,1.0,1.0,1.0,0.34908307817561185,1.0,1.0,1.0,0.0,0.6715884619298786
508,115bbfc42ca3a09e4,True,,,,,,,,,,1.0,1.0,1.0,1.0,0.5216473192867102,1.0,0.0,1.0,1.0,0.725514787277097
509,406c46b5527457915,True,,,,,,,,,,1.0,1.0,1.0,1.0,0.9786827168848655,1.0,0.0,1.0,1.0,0.8683383490265204
510,8c19ef349d4fc37cb,True,,,,,,,,,,1.0,1.0,1.0,1.0,0.8565209483531739,1.0,1.0,1.0,1.0,0.9551627963603668
511,0fe2cf2ea452fd529,True,,,,,,,,,,1.0,0.0,1.0,1.0,1.0,1.0,1.0,1.0,1.0,0.0
512,be69267980b9fb08a,True,,,,,,,,,,1.0,0.0,1.0,1.0,0.8683590824186548,1.0,1.0,1.0,1.0,0.0
513,2e5b938cd95f7cf83,True,,,,,,,,,,1.0,0.0,1.0,1.0,1.0,1.0,0.0,1.0,1.0,0.0
514,23c9faa5c2360ed1f,True,,,,,,,,,,1.0,1.0,1.0,1.0,0.4576269755195696,1.0,1.0,1.0,0.0,0.7055084298498655
515,0f61f35dda061336d,True,,,,,,,,,,1.0,1.0,0.0,1.0,1.0,1.0,0.0,1.0,1.0,0.0
516,752a0e5be19b82b59,True,,,,,,,,,,0.0,1.0,1.0,1.0,1.0,0.0,0.0,1.0,1.0,0.0
517,aa06b6b1578ec1270,True,,,,,,,,,,1.0,1.0,1.0,1.0,1.0,1.0,1.0,1.0,0.0,0.875
518,ddea16ece1f071cc3,True,,,,,,,,,,1.0,1.0,1.0,1.0,0.5898768054284441,1.0,1.0,1.0,1.0,0.8718365016963888
519,6995c156a66d6a8ee,True,,,,,,,,,,1.0,1.0,1.0,1.0,0.5561763695173385,1.0,0.0,1.0,1.0,0.7363051154741682
520,5f69ad192f42e1e35,True,,,,,,,,,,1.0,1.0,1.0,1.0,0.6249861178555909,1.0,1.0,1.0,0.0,0.7578081618298722
521,afb926f0852a51d14,True,,,,,,,,,,1.0,1.0,1.0,1.0,0.8222433715981532,1.0,1.0,1.0,0.0,0.8194510536244228
522,0a3d875284dd62305,True,,,,,,,,,,1.0,1.0,1.0,1.0,0.5426460084332557,1.0,1.0,1.0,1.0,0.8570768776353924
523,028df71b1e849619c,True,,,,,,,,,,1.0,1.0,1.0,1.0,1.0,1.0,1.0,1.0,1.0,1.0
524,3dd2a8f5a8701cb47,True,,,,,,,,,,1.0,1.0,1.0,1.0,1.0,1.0,0.0,1.0,1.0,0.875
525,597d6626cc9f6cdbd,True,,,,,,,,,,1.0,0.0,1.0,1.0,0.800812200006713,0.0,0.0,1.0,0.0,0.0
526,b9a43db97480bc666,True,,,,,,,,,,1.0,1.0,0.0,1.0,1.0,1.0,0.0,1.0,0.0,0.0
527,9002fdd0eaf7d6a7a,True,,,,,,,,,,1.0,1.0,1.0,1.0,1.0,1.0,1.0,1.0,1.0,1.0
528,8254112e33078afad,True,,,,,,,,,,1.0,1.0,1.0,1.0,0.6632605542560583,1.0,1.0,1.0,1.0,0.8947689232050182
529,517aaa2753027db17,True,,,,,,,,,,1.0,1.0,1.0,1.0,0.40720566187309015,1.0,0.0,1.0,0.0,0.5647517693353407
530,78dcfe822980510bd,True,,,,,,,,,,0.0,1.0,1.0,1.0,1.0,0.0,0.0,1.0,1.0,0.0
531,25cdeef2455f42ea7,True,,,,,,,,,,1.0,1.0,1.0,1.0,0.9845468658916582,1.0,1.0,1.0,0.0,0.8701708955911431
532,e9a805fef6295d90c,True,,,,,,,,,,1.0,0.0,0.5,1.0,1.0,1.0,0.0,1.0,0.0,0.0
533,9ca4cc4bfc1a7a0a0,True,,,,,,,,,,0.0,0.0,1.0,1.0,1.0,0.0,0.0,0.0,0.0,0.0
534,f94ffca3fb08a2c86,True,,,,,,,,,,1.0,1.0,0.0,1.0,1.0,1.0,0.0,1.0,1.0,0.0
535,b5f4b999881d2b7f7,True,,,,,,,,,,1.0,1.0,1.0,1.0,0.6195227815621851,1.0,0.0,1.0,1.0,0.7561008692381829
536,7d348078ef5cd9345,True,,,,,,,,,,1.0,1.0,1.0,1.0,0.5696787425701133,1.0,1.0,1.0,1.0,0.8655246070531604
537,9b0fa1196afa1a71b,True,,,,,,,,,,1.0,0.0,1.0,1.0,0.7090815443887423,1.0,1.0,1.0,0.0,0.0
538,4a421aa61a3bbad1d,True,,,,,,,,,,1.0,1.0,1.0,1.0,0.9487769256645522,1.0,1.0,1.0,1.0,0.9839927892701725
539,eeb4b0334d12c4c0f,True,,,,,,,,,,1.0,1.0,1.0,1.0,0.8995625777489986,1.0,1.0,1.0,0.0,0.843613305546562
540,2c1190d3b505388dd,True,,,,,,,,,,1.0,1.0,1.0,1.0,0.7656705703935299,1.0,1.0,1.0,0.0,0.8017720532479781
541,c21a8802e9c30c4ba,True,,,,,,,,,,1.0,1.0,0.5,1.0,0.4420509168598817,1.0,0.0,1.0,0.0,0.2878204557593565
542,d80a5ecfeec414cd1,True,,,,,,,,,,1.0,1.0,1.0,1.0,0.8128418161441922,1.0,1.0,1.0,1.0,0.94151306754506
543,789c9e60213111cde,True,,,,,,,,,,1.0,1.0,0.0,1.0,1.0,1.0,0.0,1.0,1.0,0.0
544,bfba18000f192b90d,True,,,,,,,,,,1.0,1.0,1.0,1.0,0.6274327336628455,1.0,1.0,1.0,1.0,0.8835727292696391
545,aaa4df0b0ab15d438,True,,,,,,,,,,1.0,1.0,1.0,0.0,1.0,1.0,0.0,1.0,1.0,0.0
546,e855857341cd72c99,True,,,,,,,,,,1.0,1.0,1.0,1.0,0.44281711374913063,1.0,1.0,1.0,1.0,0.8258803480466033
547,81a1a5d071b2c2a11,True,,,,,,,,,,1.0,0.0,1.0,1.0,1.0,1.0,0.0,1.0,0.0,0.0
548,97878eb5ec064dcaf,True,,,,,,,,,,0.0,1.0,1.0,1.0,0.20960986928205388,0.0,0.0,1.0,0.0,0.0
549,6e89fe515e3ad5428,True,,,,,,,,,,1.0,1.0,1.0,1.0,0.5716275927304315,1.0,1.0,1.0,0.0,0.7411336227282599
550,9dc9fc49b0eb8dd9c,True,,,,,,,,,,1.0,1.0,0.0,1.0,1.0,1.0,0.0,1.0,0.0,0.0
551,1c036c9aff4d0cf31,True,,,,,,,,,,1.0,1.0,1.0,1.0,0.7041988272343429,1.0,1.0,1.0,1.0,0.9075621335107322
552,43bcce57368a6bbc8,True,,,,,,,,,,1.0,1.0,0.5,1.0,1.0,1.0,1.0,1.0,1.0,0.5
553,c60975bf95e458f4f,True,,,,,,,,,,1.0,1.0,1.0,1.0,0.7897479264744499,1.0,1.0,0.0,0.0,0.6842962270232655
554,a8591c7d6a4f149f2,True,,,,,,,,,,1.0,1.0,1.0,1.0,0.24454893591890037,1.0,0.0,1.0,1.0,0.6389215424746564
555,2f5db903282a4e143,True,,,,,,,,,,1.0,0.0,1.0,1.0,0.21941704030530323,1.0,0.0,1.0,1.0,0.0
556,b75d157a5ca10b698,True,,,,,,,,,,1.0,1.0,1.0,1.0,0.7430104504761503,1.0,1.0,1.0,0.0,0.7946907657737969
557,f2d69faa21d148235,True,,,,,,,,,,0.0,1.0,1.0,1.0,0.7217770465977027,0.0,0.0,1.0,1.0,0.0
558,7cdfa18002444c694,True,,,,,,,,,,1.0,1.0,1.0,1.0,1.0,1.0,1.0,1.0,1.0,1.0
559,81d9160bc76331523,True,,,,,,,,,,1.0,1.0,1.0,1.0,0.7738170080158849,1.0,0.0,1.0,0.0,0.679317815004964
560,81f85141bab63b560,True,,,,,,,,,,1.0,1.0,1.0,1.0,0.6781333886384593,1.0,1.0,1.0,1.0,0.8994166839495186
561,3029efd936ffc0d0d,True,,,,,,,,,,1.0,1.0,1.0,1.0,0.1264624476940915,1.0,1.0,1.0,1.0,0.7270195149044036
562,b3af98bca187d3a52,True,,,,,,,,,,1.0,1.0,0.0,1.0,1.0,0.0,1.0,0.0,0.0,0.0
563,17d241e8d709ddebf,True,,,,,,,,,,1.0,1.0,1.0,1.0,0.8877659859464213,1.0,0.0,1.0,1.0,0.8399268706082567
564,42dea16d984c67d19,True,,,,,,,,,,0.0,1.0,0.0,1.0,1.0,0.0,0.0,1.0,1.0,0.0
565,64c25286434cfc0a6,True,,,,,,,,,,1.0,1.0,1.0,1.0,0.8854838728853769,1.0,1.0,1.0,1.0,0.9642137102766803
566,f507ae7c610fe346a,True,,,,,,,,,,1.0,1.0,1.0,0.0,1.0,1.0,1.0,1.0,1.0,0.0
567,980cc797db6c51c02,True,,,,,,,,,,1.0,0.0,1.0,1.0,0.8477895252705724,1.0,1.0,1.0,1.0,0.0
568,390d17b9e350ffe45,True,,,,,,,,,,1.0,1.0,1.0,1.0,0.8161223781812729,1.0,1.0,1.0,1.0,0.9425382431816478
569,6faa95e5cb1141518,True,,,,,,,,,,1.0,1.0,1.0,1.0,0.4222201430054621,1.0,1.0,1.0,0.0,0.6944437946892069
570,3108d12aec681dcb0,True,,,,,,,,,,1.0,1.0,1.0,1.0,0.38971704531792184,1.0,0.0,1.0,0.0,0.5592865766618506
571,204d7543af9e55675,True,,,,,,,,,,1.0,1.0,1.0,1.0,0.39788082076061126,1.0,1.0,1.0,1.0,0.8118377564876911
572,7db6e4bbd119fd8c7,True,,,,,,,,,,1.0,0.0,1.0,1.0,0.8027705319771019,1.0,0.0,1.0,0.0,0.0
573,5d8640ad77a995a45,True,,,,,,,,,,1.0,1.0,1.0,1.0,0.2220692839124171,1.0,1.0,1.0,1.0,0.7568966512226303
574,ae177687d99242cad,True,,,,,,,,,,1.0,1.0,1.0,1.0,0.87754342493595,0.0,0.0,1.0,1.0,0.5242323202924843
575,91974452b21450f60,True,,,,,,,,,,1.0,1.0,1.0,1.0,0.4728804836731815,1.0,1.0,1.0,1.0,0.8352751511478692
576,2a46d49b6aa55f1ca,True,,,,,,,,,,1.0,1.0,1.0,1.0,0.9355148430954386,1.0,0.0,1.0,1.0,0.8548483884673246
577,7681847aa2ebf24e0,True,,,,,,,,,,1.0,0.0,1.0,1.0,1.0,1.0,0.0,1.0,0.0,0.0
578,3637ec99fe87c7406,True,,,,,,,,,,1.0,1.0,1.0,1.0,0.6680435320374619,1.0,0.0,1.0,0.0,0.6462636037617069
579,e2156f59b76e7c195,True,,,,,,,,,,1.0,1.0,1.0,1.0,0.41647394875874855,1.0,1.0,1.0,1.0,0.8176481089871089
580,b7560bcae0414e720,True,,,,,,,,,,1.0,1.0,1.0,1.0,1.0,1.0,1.0,1.0,1.0,1.0
581,5b9f80fbe5e67358f,True,,,,,,,,,,1.0,0.0,1.0,1.0,1.0,1.0,0.0,1.0,1.0,0.0
582,c138df3ef41d3bfe5,True,,,,,,,,,,1.0,1.0,1.0,1.0,0.6817471665213533,1.0,1.0,0.0,1.0,0.7755459895379229
583,bb6f79a8768f43fd9,True,,,,,,,,,,1.0,1.0,1.0,1.0,0.5378116189609881,1.0,1.0,1.0,0.0,0.7305661309253088
584,d44e744043dbb77b1,True,,,,,,,,,,1.0,1.0,1.0,1.0,0.39766624138234485,1.0,1.0,1.0,1.0,0.8117707004319827
585,f9533c6195790b299,True,,,,,,,,,,0.0,0.0,1.0,1.0,1.0,0.0,0.0,1.0,1.0,0.0
586,55a589ced770cbf72,True,,,,,,,,,,1.0,1.0,1.0,1.0,0.9448580500762456,1.0,1.0,1.0,1.0,0.9827681406488267
587,19c10d5d061305dbd,True,,,,,,,,,,1.0,1.0,0.5,1.0,0.5670430538363214,1.0,0.0,1.0,1.0,0.3698504771619252
588,5a653e174a05d5da0,True,,,,,,,,,,1.0,1.0,1.0,1.0,0.8766930600096505,1.0,1.0,1.0,0.0,0.8364665812530158
589,9b4ae64ef14740be5,True,,,,,,,,,,0.0,1.0,1.0,1.0,1.0,0.0,0.0,1.0,0.0,0.0
590,a480f952c0cac164f,True,,,,,,,,,,1.0,1.0,1.0,1.0,0.33203803325366876,1.0,1.0,1.0,1.0,0.7912618853917714
591,6d54d84f2aa7b99a8,True,,,,,,,,,,1.0,0.0,1.0,1.0,0.5579766562485642,1.0,1.0,1.0,0.0,0.0
592,d37b7028969d97560,True,,,,,,,,,,1.0,0.0,1.0,1.0,0.5146322935080989,1.0,1.0,1.0,0.0,0.0
593,dc91e0fc1f890f6bc,True,,,,,,,,,,1.0,1.0,1.0,1.0,1.0,1.0,1.0,1.0,1.0,1.0
594,d9d4ce69f1cb10c10,True,,,,,,,,,,1.0,1.0,1.0,1.0,0.2125357212281124,1.0,1.0,1.0,1.0,0.7539174128837851
595,7577c592d62db033f,True,,,,,,,,,,1.0,1.0,1.0,1.0,0.6680580217012992,1.0,0.0,1.0,1.0,0.771268131781656
596,f67482126c7b323a5,True,,,,,,,,,,1.0,1.0,1.0,1.0,0.8427220296119817,1.0,0.0,1.0,1.0,0.8258506342537443
597,47c8824494b12b2ae,True,,,,,,,,,,1.0,1.0,1.0,1.0,0.7614104796297168,1.0,0.0,1.0,1.0,0.8004407748842866
598,9b14a119979ac6d94,True,,,,,,,,,,1.0,1.0,1.0,1.0,1.0,1.0,0.0,1.0,1.0,0.875
599,6232a0b37017c2c9f,True,,,,,,,,,,1.0,1.0,1.0,1.0,0.3319108923389633,1.0,1.0,1.0,0.0,0.6662221538559261
600,7474911d349b5a097,True,,,,,,,,,,1.0,1.0,1.0,1.0,0.9836786401825746,1.0,1.0,1.0,1.0,0.9948995750570546
601,6808c5efa6976fe37,True,,,,,,,,,,1.0,1.0,1.0,1.0,0.5741183262586228,1.0,0.0,1.0,0.0,0.6169119769558196
602,73ebc06c5abeb011a,True,,,,,,,,,,1.0,1.0,1.0,1.0,0.9841774952172841,1.0,0.0,0.0,0.0,0.6200554672554013
603,2e2b274bd113ed59f,True,,,,,,,,,,1.0,0.0,1.0,1.0,0.7769481590387121,1.0,1.0,1.0,1.0,0.0
604,880ea2e1739fd042f,True,,,,,,,,,,1.0,0.0,1.0,1.0,0.6041150934395545,1.0,1.0,1.0,1.0,0.0
605,8d9bc38e815347396,True,,,,,,,,,,1.0,1.0,1.0,1.0,0.30780621611476144,1.0,0.0,1.0,1.0,0.6586894425358629
606,34b9989a51da95af0,True,,,,,,,,,,1.0,1.0,1.0,1.0,0.7253690342473895,1.0,0.0,1.0,0.0,0.6641778232023092
607,761fdfcb355d74f9b,True,,,,,,,,,,1.0,1.0,1.0,1.0,1.0,1.0,1.0,1.0,1.0,1.0
608,10e8a0c218db15652,True,,,,,,,,,,1.0,1.0,1.0,1.0,1.0,1.0,0.0,1.0,0.0,0.75
609,af48e9c0da650fb5e,True,,,,,,,,,,1.0,1.0,1.0,1.0,0.42470297801105894,1.0,0.0,1.0,0.0,0.5702196806284558
610,d62c06587889c5e1b,True,,,,,,,,,,1.0,0.0,1.0,1.0,1.0,1.0,0.0,1.0,1.0,0.0
611,d99cd68c37ac3ad2c,True,,,,,,,,,,1.0,1.0,1.0,1.0,0.5544029027238564,1.0,0.0,1.0,0.0,0.6107509071012052
612,8f3bf4b1cb4be05f8,True,,,,,,,,,,0.0,1.0,0.0,1.0,1.0,0.0,0.0,1.0,1.0,0.0
613,49243c381a0bed43b,True,,,,,,,,,,0.0,1.0,1.0,1.0,1.0,1.0,1.0,1.0,0.0,0.0
614,f14211934248f5602,True,,,,,,,,,,0.0,1.0,1.0,1.0,0.5626377635581965,0.0,0.0,1.0,1.0,0.0
615,739eb54d88f3b3d35,True,,,,,,,,,,1.0,1.0,1.0,1.0,0.4230205902470658,1.0,1.0,1.0,0.0,0.6946939344522081
616,87c8724fcdc627dae,True,,,,,,,,,,1.0,1.0,1.0,1.0,0.2284078702533833,1.0,1.0,1.0,1.0,0.7588774594541823
617,781d4b5658394c5ca,True,,,,,,,,,,1.0,1.0,1.0,1.0,1.0,1.0,0.0,1.0,1.0,0.875
618,b0dc4287fbb069fd7,True,,,,,,,,,,1.0,1.0,1.0,1.0,0.38578493071285347,1.0,0.0,1.0,1.0,0.6830577908477667
619,55c8df3b0682a658a,True,,,,,,,,,,1.0,1.0,1.0,1.0,0.853753565878621,1.0,0.0,1.0,1.0,0.8292979893370691
620,6b5b128424d5357b0,True,,,,,,,,,,1.0,1.0,1.0,1.0,0.48687147831244654,1.0,0.0,1.0,1.0,0.7146473369726396
621,3b8ae7a448c0eb280,True,,,,,,,,,,1.0,0.0,0.5,1.0,1.0,0.0,1.0,1.0,0.0,0.0
622,25fb03a1d180b3b47,True,,,,,,,,,,1.0,1.0,1.0,1.0,1.0,1.0,1.0,1.0,0.0,0.875
623,ba2d0c2b1a0d13a74,True,,,,,,,,,,1.0,0.0,0.0,1.0,1.0,1.0,0.0,1.0,0.0,0.0
624,15a72986ee0932891,True,,,,,,,,,,0.0,0.0,1.0,1.0,1.0,0.0,1.0,0.0,0.0,0.0
625,557e221eea6bbdd42,True,,,,,,,,,,1.0,1.0,1.0,1.0,0.48529120480562987,1.0,1.0,1.0,1.0,0.8391535015017593
626,79f1db0434b2c4330,True,,,,,,,,,,1.0,1.0,0.0,1.0,0.7893317223367048,1.0,0.0,1.0,1.0,0.0
627,501d21c67c2ddbdb0,True,,,,,,,,,,1.0,1.0,1.0,1.0,1.0,1.0,0.0,1.0,0.0,0.75
628,e41845d0f5aba53e4,True,,,,,,,,,,0.0,1.0,1.0,1.0,1.0,0.0,0.0,1.0,0.0,0.0
629,84f364974b63432d3,True,,,,,,,,,,1.0,1.0,1.0,1.0,0.6755625307525299,1.0,1.0,1.0,1.0,0.8986132908601656
630,44f588c85236fe365,True,,,,,,,,,,0.0,1.0,1.0,1.0,1.0,0.0,1.0,1.0,0.0,0.0
631,20d619058c9ec6829,True,,,,,,,,,,1.0,1.0,1.0,1.0,0.5848231426021261,1.0,0.0,1.0,0.0,0.6202572320631644
632,83d2191f456a3fa85,True,,,,,,,,,,1.0,1.0,1.0,1.0,0.6924101984463671,1.0,1.0,1.0,0.0,0.7788781870144897
633,2366b4156fa09a0bc,True,,,,,,,,,,1.0,1.0,0.5,1.0,1.0,1.0,0.0,1.0,1.0,0.4375
634,62efc5db12ae35bc5,True,,,,,,,,,,1.0,1.0,1.0,1.0,0.5073093885694342,1.0,1.0,1.0,1.0,0.8460341839279482
635,75bc6c0b77408dcd2,True,,,,,,,,,,1.0,1.0,1.0,1.0,0.5172996099824715,1.0,1.0,1.0,0.0,0.7241561281195223
636,07f017abc801c8b9e,True,,,,,,,,,,1.0,0.0,1.0,1.0,1.0,1.0,0.0,1.0,1.0,0.0
637,dcea45b5db447124d,True,,,,,,,,,,1.0,0.0,1.0,1.0,1.0,1.0,0.0,1.0,1.0,0.0
638,e135d049b4587c212,True,,,,,,,,,,1.0,1.0,0.0,1.0,0.861149284506355,1.0,0.0,1.0,1.0,0.0
639,8c317a99933b3b262,True,,,,,,,,,,1.0,1.0,0.5,1.0,1.0,1.0,0.0,1.0,1.0,0.4375
640,fedd8a6a80f03da33,True,,,,,,,,,,1.0,1.0,1.0,1.0,0.6047644588798803,1.0,1.0,1.0,1.0,0.8764888933999626
641,69efea362deb3273e,True,,,,,,,,,,1.0,0.0,1.0,1.0,1.0,1.0,0.0,1.0,1.0,0.0
642,64173df5c7bc60b13,True,,,,,,,,,,1.0,1.0,1.0,1.0,0.6451340185976309,1.0,1.0,1.0,0.0,0.7641043808117596
643,b0c55df9228d485bb,True,,,,,,,,,,1.0,1.0,1.0,1.0,0.7209791859121107,1.0,0.0,1.0,1.0,0.7878059955975346
644,3f8c33cff8d582456,True,,,,,,,,,,1.0,1.0,1.0,1.0,0.29892633031926014,1.0,1.0,1.0,1.0,0.7809144782247688
645,4ee799c8d99616aed,True,,,,,,,,,,1.0,1.0,1.0,1.0,0.20977111922691344,1.0,0.0,1.0,1.0,0.6280534747584104
646,fd168a37bcc4550df,True,,,,,,,,,,1.0,1.0,1.0,1.0,1.0,1.0,0.0,1.0,0.0,0.75
647,7858c7e045c1ac9b5,True,,,,,,,,,,1.0,1.0,1.0,1.0,1.0,1.0,0.0,1.0,1.0,0.875
648,6aa6cb2757b09918e,True,,,,,,,,,,1.0,1.0,1.0,1.0,0.5406789303648987,1.0,0.0,1.0,0.0,0.6064621657390308
649,a018170a118dc39bc,True,,,,,,,,,,1.0,1.0,1.0,1.0,0.3438552029838058,1.0,0.0,1.0,1.0,0.6699547509324393
650,4cb9cbe26edb17f04,True,,,,,,,,,,1.0,1.0,0.0,1.0,1.0,0.0,1.0,0.0,0.0,0.0
651,b9d6d6e0f1c629518,True,,,,,,,,,,1.0,0.0,1.0,1.0,1.0,1.0,1.0,1.0,1.0,0.0
652,c82fe572121770ee2,True,,,,,,,,,,1.0,0.0,1.0,1.0,1.0,1.0,0.0,1.0,0.0,0.0
653,e7ae2cd68d33a847e,True,,,,,,,,,,1.0,1.0,1.0,1.0,0.8608456765294181,1.0,0.0,1.0,1.0,0.8315142739154432
654,7f0f949c3d0d9fe1f,True,,,,,,,,,,1.0,1.0,1.0,1.0,1.0,1.0,0.0,1.0,1.0,0.875
655,0a5f73f132223809d,True,,,,,,,,,,1.0,1.0,1.0,1.0,0.5660154416762322,1.0,0.0,1.0,0.0,0.6143798255238225
656,2445e4f4ae3f0fc04,True,,,,,,,,,,1.0,1.0,1.0,1.0,1.0,1.0,0.0,1.0,1.0,0.875
657,36f72d3764ee8b14f,True,,,,,,,,,,1.0,0.0,1.0,1.0,0.20905626133378163,1.0,0.0,1.0,1.0,0.0
658,b016a907699ca499b,True,,,,,,,,,,0.0,1.0,1.0,0.0,1.0,0.0,0.0,1.0,0.0,0.0
659,71ff6e1295d5d408e,True,,,,,,,,,,1.0,1.0,0.5,1.0,1.0,0.0,0.0,1.0,0.0,0.21875
660,c3e34d7de79504c8f,True,,,,,,,,,,1.0,0.0,1.0,0.0,1.0,1.0,1.0,1.0,1.0,0.0
661,728522f233e8a9fa9,True,,,,,,,,,,1.0,0.0,0.0,1.0,1.0,1.0,0.0,1.0,1.0,0.0
662,aee14ef0a789e2911,True,,,,,,,,,,1.0,1.0,1.0,1.0,0.9578164507693322,1.0,1.0,1.0,1.0,0.9868176408654163
663,facc7bdf3ca0a7492,True,,,,,,,,,,0.0,1.0,1.0,1.0,0.8840320968143235,0.0,0.0,1.0,0.0,0.0
664,0af32ef4c6cb2b293,True,,,,,,,,,,1.0,1.0,0.0,1.0,1.0,1.0,0.0,1.0,0.0,0.0
665,b594f9ffaa680c514,True,,,,,,,,,,1.0,1.0,1.0,1.0,0.4055992508944455,1.0,0.0,1.0,1.0,0.6892497659045143
666,2f12a482af4499e20,True,,,,,,,,,,1.0,1.0,1.0,1.0,0.30761415491663036,1.0,1.0,1.0,0.0,0.6586294234114469
667,ece1be85754833649,True,,,,,,,,,,1.0,1.0,1.0,1.0,0.5435416755560766,1.0,0.0,1.0,1.0,0.7323567736112739
668,b94f2a8ed48de97e9,True,,,,,,,,,,1.0,1.0,1.0,1.0,0.8119657433503608,1.0,0.0,1.0,1.0,0.8162392947969878
669,f62d00569dc5be2b9,True,,,,,,,,,,1.0,1.0,1.0,1.0,0.6580707390469943,1.0,1.0,1.0,1.0,0.8931471059521857
670,2624b8883e65347cd,True,,,,,,,,,,1.0,0.0,0.0,1.0,1.0,1.0,1.0,1.0,0.0,0.0
671,f7592c27f95e1ae0e,True,,,,,,,,,,1.0,1.0,1.0,1.0,0.7443952989964666,1.0,1.0,1.0,0.0,0.7951235309363958
672,a1ff65c462fb19548,True,,,,,,,,,,1.0,1.0,0.5,1.0,0.976923517746885,1.0,1.0,1.0,1.0,0.4963942996479508
673,2c12490b19101760e,True,,,,,,,,,,1.0,1.0,1.0,1.0,0.5502255292608759,1.0,1.0,1.0,1.0,0.8594454778940237
674,4f77731642644b559,True,,,,,,,,,,1.0,1.0,1.0,1.0,0.3132201546494688,1.0,1.0,1.0,1.0,0.785381298327959
675,65a9d726b130c91f5,True,,,,,,,,,,1.0,1.0,1.0,1.0,0.7246864426316585,1.0,0.0,1.0,0.0,0.6639645133223933
676,a9c1cde64b777a9e3,True,,,,,,,,,,1.0,1.0,1.0,1.0,1.0,1.0,0.0,1.0,0.0,0.75
677,1c53867c6f662be8f,True,,,,,,,,,,1.0,1.0,0.0,1.0,1.0,1.0,0.0,1.0,1.0,0.0
678,7d544582497e9153d,True,,,,,,,,,,1.0,1.0,1.0,1.0,0.828511124701067,1.0,1.0,1.0,1.0,0.9464097264690834
679,1088e54d61d6c1c1a,True,,,,,,,,,,1.0,1.0,1.0,1.0,0.4425032396736333,1.0,1.0,1.0,1.0,0.8257822623980104
680,35cbd378e962248ad,True,,,,,,,,,,1.0,0.0,1.0,1.0,1.0,1.0,0.0,1.0,1.0,0.0
681,dcc637b763e600173,True,,,,,,,,,,1.0,0.0,1.0,1.0,1.0,1.0,1.0,0.0,0.0,0.0
682,70271e1e4a4efb5c5,True,,,,,,,,,,1.0,1.0,1.0,1.0,0.6540437790702575,1.0,0.0,1.0,1.0,0.7668886809594555
683,340986fda5e34ccac,True,,,,,,,,,,1.0,1.0,0.0,1.0,1.0,1.0,1.0,1.0,1.0,0.0
684,e58c5ddaa428a3e26,True,,,,,,,,,,1.0,0.0,1.0,1.0,1.0,1.0,1.0,1.0,0.0,0.0
685,e10827f1aaf62efb8,True,,,,,,,,,,1.0,1.0,1.0,1.0,0.1708666801964608,1.0,1.0,1.0,1.0,0.740895837561394
686,4ada67449cbca8a4f,True,,,,,,,,,,1.0,1.0,1.0,1.0,0.8388999901237587,1.0,1.0,1.0,1.0,0.9496562469136747
687,2814e455e1302df51,True,,,,,,,,,,0.5,1.0,1.0,1.0,1.0,0.0,0.0,1.0,1.0,0.28125
688,f228148d75c9d3b09,True,,,,,,,,,,1.0,1.0,1.0,1.0,0.580939684514093,1.0,0.0,1.0,1.0,0.7440436514106541
689,2f7b3c8c203e87c73,True,,,,,,,,,,1.0,0.0,1.0,1.0,1.0,1.0,0.0,1.0,1.0,0.0
690,1724e4388e1fa5055,True,,,,,,,,,,1.0,0.0,1.0,1.0,0.8372579617191516,1.0,0.0,1.0,0.0,0.0
691,63e4138abce599b86,True,,,,,,,,,,1.0,1.0,1.0,1.0,0.9589130418705344,1.0,1.0,1.0,1.0,0.987160325584542
692,568447ab7f82a5918,True,,,,,,,,,,1.0,0.0,0.0,1.0,1.0,1.0,0.0,1.0,1.0,0.0
693,57e7f219c88ab8fe0,True,,,,,,,,,,1.0,0.0,1.0,1.0,1.0,1.0,1.0,1.0,0.0,0.0
694,8fb30375f6c972c38,True,,,,,,,,,,1.0,1.0,1.0,1.0,0.7949960974366739,1.0,0.0,1.0,0.0,0.6859362804489606
695,710fa6e57a23bba80,True,,,,,,,,,,1.0,1.0,1.0,1.0,0.5674990920975551,1.0,0.0,1.0,1.0,0.739843466280486
696,20bf71807ad99d0aa,True,,,,,,,,,,0.0,1.0,1.0,1.0,1.0,0.0,1.0,1.0,1.0,0.0
697,5d2c37d1b97718200,True,,,,,,,,,,0.0,1.0,1.0,0.0,1.0,0.0,1.0,0.0,0.0,0.0
698,ecc22288ebf17a22e,True,,,,,,,,,,1.0,1.0,1.0,1.0,1.0,1.0,1.0,1.0,1.0,1.0
699,fb069de5c1aacc9f5,True,,,,,,,,,,1.0,1.0,1.0,1.0,0.6785334618210686,1.0,1.0,1.0,1.0,0.8995417068190839
700,af1a4d903d6c645ce,True,,,,,,,,,,1.0,1.0,1.0,0.0,1.0,1.0,1.0,1.0,0.0,0.0
701,9864904b0ceaacd61,True,,,,,,,,,,1.0,1.0,1.0,1.0,0.6267496385715088,1.0,0.0,1.0,1.0,0.7583592620535965
702,1e114b2c7da13a9b8,True,,,,,,,,,,1.0,1.0,1.0,1.0,0.46953326895186104,1.0,1.0,1.0,1.0,0.8342291465474566
703,7fd931e169ce1f227,True,,,,,,,,,,1.0,1.0,1.0,1.0,0.6839195467226571,1.0,0.0,1.0,0.0,0.6512248583508303
704,953bd3451def71fb4,True,,,,,,,,,,1.0,1.0,1.0,1.0,0.6112960332009972,1.0,1.0,1.0,0.0,0.7535300103753116
705,8d358053106bc9580,True,,,,,,,,,,0.0,1.0,1.0,1.0,1.0,0.0,0.0,1.0,1.0,0.0
706,95285e276d73120c3,True,,,,,,,,,,1.0,1.0,1.0,1.0,0.07384122021269311,1.0,1.0,1.0,1.0,0.7105753813164666
707,069407bff74cbde70,True,,,,,,,,,,1.0,1.0,1.0,1.0,0.3852562457146262,1.0,1.0,1.0,0.0,0.6828925767858207
708,308f14ec6e576e4d7,True,,,,,,,,,,0.0,0.0,1.0,1.0,0.44116886691195434,0.0,0.0,1.0,0.0,0.0
709,e848a6d0aa53e2ec3,True,,,,,,,,,,1.0,1.0,1.0,1.0,0.8349779637404041,1.0,1.0,1.0,1.0,0.9484306136688763
710,c4c07e77aa29efd40,True,,,,,,,,,,1.0,1.0,1.0,1.0,0.8970759456752994,1.0,1.0,1.0,0.0,0.8428362330235311
711,d0aa7f48f651d0e51,True,,,,,,,,,,1.0,0.0,0.5,1.0,1.0,1.0,1.0,1.0,0.0,0.0
712,7bcbb548162ed8dbb,True,,,,,,,,,,1.0,1.0,1.0,1.0,0.7307727547432307,1.0,1.0,1.0,1.0,0.9158664858572596
713,8d2018c3d25b185de,True,,,,,,,,,,1.0,1.0,1.0,1.0,0.8294630841946823,1.0,1.0,1.0,1.0,0.9467072138108382
714,38237140ae3e57418,True,,,,,,,,,,1.0,1.0,1.0,1.0,0.7944014893135213,1.0,0.0,1.0,0.0,0.6857504654104754
715,79fb2b729214ceac0,True,,,,,,,,,,0.0,1.0,0.0,1.0,0.8222855833785971,0.0,0.0,1.0,1.0,0.0
716,ab4161a99b49b3ba2,True,,,,,,,,,,1.0,1.0,1.0,1.0,0.6689200986295343,1.0,1.0,0.0,0.0,0.6465375308217295
717,ff7b96c916771e141,True,,,,,,,,,,1.0,1.0,1.0,1.0,0.4113154826913322,1.0,1.0,1.0,1.0,0.8160360883410414
718,562756132cea470ea,True,,,,,,,,,,1.0,1.0,1.0,1.0,0.6065407054740728,1.0,1.0,1.0,1.0,0.8770439704606477
719,d73385f96b3a8b16d,True,,,,,,,,,,1.0,1.0,1.0,1.0,0.7909289417492771,1.0,1.0,1.0,1.0,0.9346652942966491
720,79a0ca425b61810ad,True,,,,,,,,,,1.0,1.0,1.0,1.0,0.6408379266072506,1.0,1.0,1.0,1.0,0.8877618520647659
721,f422184af5c3c266b,True,,,,,,,,,,1.0,1.0,1.0,1.0,1.0,1.0,1.0,1.0,1.0,1.0
722,46c89f59183915eba,True,,,,,,,,,,1.0,1.0,0.5,1.0,1.0,1.0,0.0,1.0,1.0,0.4375
723,ab729d3e912f125a5,True,,,,,,,,,,0.0,1.0,1.0,1.0,1.0,0.0,0.0,1.0,0.0,0.0
724,9d4b20553cbf06af4,True,,,,,,,,,,1.0,1.0,1.0,1.0,0.5341637771302504,1.0,1.0,1.0,0.0,0.7294261803532033
725,cf516d2c4d97e69a8,True,,,,,,,,,,1.0,0.0,1.0,1.0,1.0,1.0,1.0,1.0,0.0,0.0
726,cd5f552597cd3be08,True,,,,,,,,,,1.0,0.0,1.0,1.0,0.7494871878265142,1.0,0.0,0.0,0.0,0.0
727,289adac373c057f2c,True,,,,,,,,,,1.0,1.0,0.5,1.0,1.0,1.0,0.0,1.0,0.0,0.375
728,5d4aa32c37f581673,True,,,,,,,,,,0.5,1.0,1.0,1.0,1.0,0.0,0.0,1.0,1.0,0.28125
729,9e6b3a8efae9904aa,True,,,,,,,,,,1.0,1.0,1.0,1.0,1.0,1.0,1.0,1.0,0.0,0.875
730,e3a9da177d10be28d,True,,,,,,,,,,1.0,1.0,1.0,1.0,1.0,1.0,0.0,1.0,0.0,0.75
731,960a0cd8fd6e4be22,True,,,,,,,,,,0.0,0.0,1.0,1.0,0.7653597489578919,0.0,1.0,1.0,1.0,0.0
732,e1dfffddf7ca3297a,True,,,,,,,,,,0.0,0.0,0.0,1.0,1.0,0.0,0.0,1.0,1.0,0.0
733,e4cc46ea076c674d9,True,,,,,,,,,,1.0,1.0,1.0,1.0,0.2066195849559832,1.0,0.0,1.0,0.0,0.5020686202987448
734,c2d01510da5dcbb7b,True,,,,,,,,,,1.0,1.0,1.0,1.0,0.5022567049094473,1.0,1.0,1.0,1.0,0.8444552202842023
735,7a934a0d58b6d113b,True,,,,,,,,,,0.0,1.0,1.0,1.0,1.0,0.0,1.0,1.0,0.0,0.0
736,f0d9c76a3b3a29839,True,,,,,,,,,,1.0,1.0,1.0,1.0,1.0,1.0,0.0,1.0,1.0,0.875
737,0ba1b091bdfec6628,True,,,,,,,,,,1.0,1.0,1.0,1.0,1.0,1.0,0.0,1.0,0.0,0.75
738,68681651575ebbc90,True,,,,,,,,,,1.0,1.0,1.0,1.0,1.0,1.0,0.0,1.0,0.0,0.75
739,eedb6f9d589e745c8,True,,,,,,,,,,0.0,0.0,1.0,1.0,1.0,0.0,1.0,1.0,1.0,0.0
740,80fbecd9f16630510,True,,,,,,,,,,1.0,1.0,1.0,1.0,0.8260807575762583,1.0,1.0,1.0,1.0,0.9456502367425808
741,6883dd210767ef27d,True,,,,,,,,,,1.0,1.0,1.0,1.0,0.5840045265127333,1.0,1.0,1.0,0.0,0.7450014145352292
742,c35e331384b550d78,True,,,,,,,,,,1.0,1.0,1.0,1.0,0.3811394940633425,1.0,1.0,1.0,0.0,0.6816060918947946
743,56ce783224ed8bbc4,True,,,,,,,,,,1.0,1.0,1.0,1.0,1.0,1.0,0.0,1.0,0.0,0.75
744,c3b8d6641081a7618,True,,,,,,,,,,0.0,0.0,0.5,1.0,1.0,0.0,0.0,1.0,0.0,0.0
745,2191ef080b4043736,True,,,,,,,,,,1.0,1.0,1.0,1.0,0.8507412578165252,1.0,0.0,1.0,1.0,0.8283566430676641
746,f0150096a41797505,True,,,,,,,,,,1.0,1.0,1.0,1.0,0.8530928219031291,1.0,0.0,1.0,0.0,0.7040915068447278
747,2c09013af79e257fd,True,,,,,,,,,,1.0,0.0,1.0,1.0,0.7195304195240009,1.0,0.0,1.0,1.0,0.0
748,59361619b736fa71d,True,,,,,,,,,,1.0,1.0,0.5,1.0,0.942972935616016,1.0,0.0,1.0,0.0,0.3660895211900025
749,f22018746ab277cda,True,,,,,,,,,,1.0,0.0,0.5,1.0,1.0,1.0,0.0,1.0,0.0,0.0
750,b42c321597e6726d4,True,,,,,,,,,,1.0,1.0,0.5,1.0,0.8379957562701406,1.0,0.0,1.0,0.0,0.3496868369172095
751,54d9c82ef12c0980e,True,,,,,,,,,,1.0,1.0,1.0,1.0,0.46115109772573304,1.0,0.0,1.0,0.0,0.5816097180392916
752,10e6f976d1a03f693,True,,,,,,,,,,1.0,1.0,1.0,1.0,0.9115938053555278,1.0,1.0,1.0,1.0,0.9723730641736024
753,526b43badebf3eca2,True,,,,,,,,,,1.0,0.0,0.0,1.0,1.0,1.0,1.0,1.0,0.0,0.0
754,eadba795c4950544f,True,,,,,,,,,,1.0,1.0,1.0,1.0,0.972777656555689,1.0,1.0,1.0,0.0,0.8664930176736528
755,17014286d867292ae,True,,,,,,,,,,1.0,1.0,1.0,1.0,0.44201328437952647,1.0,1.0,1.0,1.0,0.825629151368602
756,32506dba644177a4e,True,,,,,,,,,,1.0,1.0,1.0,1.0,0.4639656672661426,1.0,1.0,1.0,0.0,0.7074892710206695
757,8266f573d47606b3f,True,,,,,,,,,,0.0,1.0,1.0,1.0,1.0,0.0,1.0,1.0,0.0,0.0
758,4ec9148a1b26673a2,True,,,,,,,,,,1.0,0.0,1.0,1.0,1.0,1.0,0.0,1.0,1.0,0.0
759,6949e44c974752c39,True,,,,,,,,,,1.0,1.0,1.0,1.0,0.38933481503338263,1.0,1.0,1.0,1.0,0.8091671296979321
760,759a8a1916ceaf38d,True,,,,,,,,,,1.0,1.0,1.0,1.0,1.0,1.0,0.0,1.0,0.0,0.75
761,0f4ea7fb12b00026d,True,,,,,,,,,,1.0,1.0,1.0,1.0,0.7396171052329796,1.0,1.0,1.0,0.0,0.7936303453853062
762,83b6e2ed6238cd43a,True,,,,,,,,,,1.0,1.0,1.0,1.0,0.9248367457073068,1.0,1.0,1.0,0.0,0.8515114830335333
763,4f3ef64863f32d7b6,True,,,,,,,,,,1.0,0.0,1.0,1.0,1.0,1.0,0.0,1.0,1.0,0.0
764,c8d8656019a0cad0e,True,,,,,,,,,,1.0,1.0,1.0,1.0,0.7847767140857702,1.0,1.0,1.0,1.0,0.9327427231518032
765,d9ae5adb158047d47,True,,,,,,,,,,1.0,1.0,1.0,1.0,1.0,1.0,0.0,1.0,1.0,0.875
766,da13eae8d0d83af38,True,,,,,,,,,,1.0,1.0,0.5,1.0,1.0,1.0,0.0,1.0,1.0,0.4375
767,50c3efa45ebc549ab,True,,,,,,,,,,1.0,1.0,1.0,1.0,0.4592201292374426,1.0,0.0,1.0,1.0,0.7060062903867008
768,a9b93459b8bfb00a5,True,,,,,,,,,,1.0,1.0,1.0,1.0,0.7612282827500642,1.0,1.0,0.0,0.0,0.6753838383593951
769,8f22304866f36485f,True,,,,,,,,,,1.0,1.0,1.0,1.0,0.7639840701382572,1.0,0.0,1.0,0.0,0.6762450219182053
770,c3ae26874d15feb7d,True,,,,,,,,,,1.0,1.0,0.5,1.0,1.0,1.0,0.0,1.0,0.0,0.375
771,99843a353c9918cfd,True,,,,,,,,,,1.0,1.0,1.0,1.0,0.681709551328243,1.0,1.0,1.0,1.0,0.900534234790076
772,117c9da6253882bd5,True,,,,,,,,,,0.0,1.0,1.0,1.0,0.4279587739125234,0.0,0.0,1.0,0.0,0.0
773,eaae6fd2529ee2b0b,True,,,,,,,,,,1.0,1.0,1.0,1.0,1.0,1.0,0.0,1.0,1.0,0.875
774,1bd8d67289c963a19,True,,,,,,,,,,1.0,1.0,1.0,1.0,0.8258406096625528,1.0,0.0,1.0,0.0,0.6955751905195477
775,3ded0591b23a7df67,True,,,,,,,,,,1.0,1.0,1.0,1.0,0.6088297135642228,1.0,1.0,1.0,0.0,0.7527592854888197
776,2c1063aa4f44cf5f4,True,,,,,,,,,,1.0,1.0,0.5,1.0,1.0,1.0,0.0,1.0,1.0,0.4375
777,983f5e64888cf8b80,True,,,,,,,,,,1.0,1.0,1.0,1.0,0.9111534304545833,1.0,0.0,1.0,1.0,0.8472354470170573
778,10446a2ec2be065e7,True,,,,,,,,,,1.0,1.0,1.0,1.0,0.9126616331793123,1.0,0.0,1.0,0.0,0.7227067603685351
779,aee13b42cfd66c8a3,True,,,,,,,,,,1.0,1.0,1.0,1.0,0.7972644306995604,1.0,1.0,1.0,1.0,0.9366451345936126
780,bfa4c1bdc4387e96e,True,,,,,,,,,,1.0,1.0,1.0,1.0,0.9286030749998381,1.0,0.0,1.0,1.0,0.8526884609374494
781,ed75936c057902b19,True,,,,,,,,,,1.0,1.0,1.0,1.0,0.5215750771097784,1.0,0.0,1.0,1.0,0.7254922115968058
782,7d17bb3bdf0937570,True,,,,,,,,,,1.0,1.0,1.0,1.0,0.6832439677875245,1.0,1.0,1.0,0.0,0.7760137399336013
783,f42ba561b2c6f684a,True,,,,,,,,,,1.0,1.0,1.0,1.0,0.5161656611630998,1.0,1.0,1.0,1.0,0.8488017691134687
784,47fd69d104912e67a,True,,,,,,,,,,1.0,0.0,1.0,1.0,0.895621971309204,1.0,1.0,1.0,0.0,0.0
785,83162d3d6d41557e9,True,,,,,,,,,,0.0,1.0,1.0,1.0,1.0,0.0,0.0,1.0,0.0,0.0
786,ddc0d9aad62836b90,True,,,,,,,,,,1.0,1.0,1.0,1.0,1.0,1.0,1.0,1.0,0.0,0.875
787,2da594e725662f7c5,True,,,,,,,,,,1.0,1.0,1.0,1.0,0.5695310360113641,1.0,1.0,1.0,1.0,0.8654784487535513
788,bf56d797d033f36bd,True,,,,,,,,,,1.0,1.0,1.0,1.0,0.3838700880256009,1.0,1.0,1.0,1.0,0.8074594025080003
789,f9f0618a87c59174c,True,,,,,,,,,,1.0,1.0,1.0,1.0,0.6740169696136837,1.0,1.0,1.0,0.0,0.7731303030042762
790,a99e7bb23533b8fee,True,,,,,,,,,,1.0,0.0,1.0,1.0,0.7789080057564799,1.0,1.0,1.0,1.0,0.0
791,ca78ccfc1f366ca72,True,,,,,,,,,,0.0,1.0,0.0,1.0,1.0,0.0,0.0,1.0,0.0,0.0
792,1b9be7126769fdb92,True,,,,,,,,,,1.0,1.0,1.0,1.0,0.880078194465044,1.0,1.0,1.0,1.0,0.9625244357703262
793,b43ae2c6e0304b991,True,,,,,,,,,,1.0,1.0,1.0,1.0,1.0,1.0,0.0,1.0,1.0,0.875
794,e2a4ea3d760b37276,True,,,,,,,,,,1.0,1.0,1.0,1.0,0.4179038708656378,1.0,1.0,1.0,0.0,0.6930949596455118
795,ac09d37b9d495cdc7,True,,,,,,,,,,1.0,1.0,0.0,1.0,1.0,1.0,0.0,1.0,0.0,0.0
796,cca4e701be243a275,True,,,,,,,,,,1.0,0.0,0.5,1.0,1.0,1.0,0.0,0.0,0.0,0.0
797,b87411a579f9d7c9e,True,,,,,,,,,,1.0,1.0,1.0,1.0,0.4428057095713828,1.0,1.0,1.0,1.0,0.8258767842410571
798,beee26fb5719cdfcb,True,,,,,,,,,,1.0,1.0,1.0,0.0,1.0,1.0,1.0,0.0,0.0,0.0
799,74ccd6443745d7a0a,True,,,,,,,,,,0.0,1.0,1.0,1.0,0.5439575748313474,0.0,0.0,1.0,0.0,0.0
800,6e060f8eb067a3b37,True,,,,,,,,,,1.0,1.0,0.0,1.0,1.0,1.0,0.0,1.0,1.0,0.0
801,223f276058256f999,True,,,,,,,,,,1.0,1.0,1.0,1.0,0.7169562632155251,1.0,1.0,1.0,0.0,0.7865488322548516
802,3f9875514c117cb50,True,,,,,,,,,,1.0,1.0,1.0,1.0,0.476113893587219,1.0,1.0,1.0,1.0,0.8362855917460059
803,742d03b2d943caa9e,True,,,,,,,,,,1.0,1.0,1.0,1.0,0.8223720513386642,1.0,1.0,1.0,0.0,0.8194912660433326
804,99d9ea218424b8b69,True,,,,,,,,,,1.0,1.0,1.0,1.0,1.0,1.0,1.0,1.0,0.0,0.875
805,82d900751ef2cc1dc,True,,,,,,,,,,1.0,0.0,1.0,1.0,1.0,1.0,0.0,1.0,0.0,0.0
806,90bd22f98b4c8c0db,True,,,,,,,,,,1.0,1.0,1.0,1.0,1.0,1.0,0.0,1.0,0.0,0.75
807,2b296dc7b6be46a34,True,,,,,,,,,,1.0,0.0,0.5,1.0,1.0,1.0,0.0,1.0,0.0,0.0
808,23e989fa30e56fb01,True,,,,,,,,,,0.0,1.0,1.0,0.0,1.0,0.0,0.0,1.0,0.0,0.0
809,575fcd78444e7124b,True,,,,,,,,,,1.0,0.0,0.0,1.0,1.0,1.0,1.0,1.0,0.0,0.0
810,f822b7fedd599ccea,True,,,,,,,,,,1.0,0.0,1.0,1.0,1.0,1.0,0.0,1.0,0.0,0.0
811,4d65febaea8d3fd84,True,,,,,,,,,,1.0,1.0,1.0,1.0,0.3873755301098308,1.0,0.0,1.0,1.0,0.6835548531593221
812,89c18ed69c931aa0a,True,,,,,,,,,,1.0,1.0,1.0,1.0,0.7838621585913308,1.0,0.0,1.0,1.0,0.8074569245597909
813,0a9a4ef68cc4ce8b2,True,,,,,,,,,,1.0,1.0,1.0,1.0,1.0,0.0,0.0,1.0,1.0,0.5625
814,f27131cc726cc7eb7,True,,,,,,,,,,1.0,1.0,1.0,1.0,0.3637193035538427,1.0,1.0,1.0,1.0,0.8011622823605759
815,9e5efb38c692a4895,True,,,,,,,,,,1.0,1.0,1.0,1.0,0.5184109924470651,1.0,1.0,1.0,1.0,0.8495034351397078
816,aa6a0de76f6f09404,True,,,,,,,,,,1.0,0.0,0.5,1.0,1.0,1.0,0.0,0.0,0.0,0.0
817,0c3447f80e5b8a35d,True,,,,,,,,,,1.0,1.0,0.5,1.0,0.3999158846331114,1.0,0.0,1.0,1.0,0.34373685697392364
818,4f7b62e9ded399e3c,True,,,,,,,,,,1.0,0.0,1.0,1.0,1.0,1.0,0.0,1.0,1.0,0.0
819,e8b0f787378ffb08f,True,,,,,,,,,,1.0,1.0,1.0,1.0,1.0,1.0,1.0,1.0,1.0,1.0
820,7b4787e090d286d89,True,,,,,,,,,,1.0,1.0,0.0,1.0,1.0,1.0,0.0,1.0,0.0,0.0
821,bd132bb290ee8b29b,True,,,,,,,,,,1.0,1.0,0.5,1.0,1.0,1.0,0.0,1.0,0.0,0.375
822,1a8b28cb69aa0366e,True,,,,,,,,,,0.5,0.0,0.0,1.0,1.0,0.0,0.0,1.0,0.0,0.0
823,2afbbdc8bf9e5efe2,True,,,,,,,,,,0.0,1.0,1.0,1.0,1.0,0.0,0.0,1.0,0.0,0.0
824,1ae5d174f7d867121,True,,,,,,,,,,1.0,1.0,1.0,1.0,1.0,1.0,1.0,1.0,0.0,0.875
825,0fd0f1481edb016f4,True,,,,,,,,,,1.0,0.0,0.5,1.0,0.6401883986892178,1.0,0.0,1.0,1.0,0.0
826,2ec229f35727f71c8,True,,,,,,,,,,1.0,1.0,1.0,1.0,0.7870905919427538,0.0,0.0,1.0,1.0,0.49596580998211054
827,229930ba5820bb1b3,True,,,,,,,,,,1.0,0.0,0.0,1.0,1.0,1.0,0.0,1.0,1.0,0.0
828,2917a71e0e9572784,True,,,,,,,,,,1.0,1.0,1.0,1.0,0.8775416347189182,1.0,0.0,1.0,1.0,0.8367317608496619
829,7fb39ce347c2b9486,True,,,,,,,,,,1.0,1.0,1.0,1.0,1.0,1.0,0.0,1.0,0.0,0.75
830,58ab5764f037eca22,True,,,,,,,,,,1.0,0.0,1.0,1.0,0.10782655691767451,1.0,1.0,1.0,0.0,0.0
831,c8a0832c8f737ce92,True,,,,,,,,,,1.0,1.0,1.0,1.0,0.8653052257156582,1.0,1.0,1.0,1.0,0.9579078830361432
832,a382d4a158cc4f443,True,,,,,,,,,,1.0,1.0,1.0,1.0,0.477236622585337,1.0,0.0,1.0,0.0,0.5866364445579177
833,c532df7508f6fce92,True,,,,,,,,,,0.0,1.0,1.0,1.0,1.0,0.0,1.0,1.0,1.0,0.0
834,0120638e7b2bd0bdf,True,,,,,,,,,,0.0,1.0,1.0,1.0,1.0,0.0,1.0,1.0,1.0,0.0
835,b8fafe0f06f38d320,True,,,,,,,,,,0.0,1.0,0.5,1.0,1.0,0.0,0.0,1.0,0.0,0.0
836,2db08d812a386295d,True,,,,,,,,,,1.0,1.0,1.0,1.0,1.0,1.0,1.0,1.0,1.0,1.0
837,e1181167f5c790340,True,,,,,,,,,,1.0,1.0,1.0,1.0,0.8120300811382141,1.0,1.0,1.0,1.0,0.9412594003556919
838,9b71a67f61e5fffb3,True,,,,,,,,,,1.0,1.0,0.5,1.0,1.0,1.0,0.0,1.0,0.0,0.375
839,c0d579f499c38fe45,True,,,,,,,,,,1.0,1.0,1.0,1.0,0.8171073295400167,1.0,0.0,1.0,1.0,0.8178460404812553
840,87c8ddd115e686126,True,,,,,,,,,,1.0,1.0,0.5,1.0,0.7816756554117623,1.0,1.0,0.0,0.0,0.3408868211580879
841,01ad91141d2668de6,True,,,,,,,,,,0.0,1.0,1.0,1.0,1.0,0.0,1.0,1.0,1.0,0.0
842,ad89b51facf4ec5e5,True,,,,,,,,,,1.0,1.0,0.0,1.0,1.0,1.0,0.0,1.0,1.0,0.0
843,9ce594d7aea2ad542,True,,,,,,,,,,0.0,1.0,1.0,1.0,1.0,0.0,1.0,1.0,0.0,0.0
844,b1d448fe8d77559fd,True,,,,,,,,,,1.0,0.0,1.0,1.0,0.9072043211449866,1.0,1.0,1.0,0.0,0.0
845,306bd7dfd9818a9eb,True,,,,,,,,,,0.0,0.0,1.0,1.0,0.7149865010627022,0.0,1.0,0.0,0.0,0.0
846,b84a6cb8bfc991ad3,True,,,,,,,,,,0.0,0.0,1.0,1.0,1.0,0.0,1.0,1.0,0.0,0.0
847,e6d32880a78e81ea9,True,,,,,,,,,,1.0,1.0,1.0,1.0,0.5988846966103649,1.0,0.0,1.0,1.0,0.7496514676907391
848,0105e5486cfb69483,True,,,,,,,,,,1.0,1.0,1.0,1.0,0.520863249557628,1.0,1.0,1.0,0.0,0.7252697654867588
849,7404698935ca6a31c,True,,,,,,,,,,1.0,1.0,0.0,1.0,1.0,1.0,0.0,1.0,1.0,0.0
850,4f4151894f1e74390,True,,,,,,,,,,1.0,1.0,1.0,1.0,0.7630805124295917,1.0,0.0,1.0,1.0,0.8009626601342474
851,07c7971b452106335,True,,,,,,,,,,1.0,1.0,1.0,1.0,0.28723876339423937,1.0,1.0,1.0,1.0,0.7772621135606999
852,17ea9cff5974892cb,True,,,,,,,,,,1.0,1.0,1.0,1.0,0.6222991672458338,1.0,1.0,1.0,0.0,0.7569684897643231
853,966546464755fdfad,True,,,,,,,,,,1.0,1.0,1.0,1.0,0.4813684719928953,1.0,1.0,1.0,1.0,0.8379276474977798
854,f0f7f3ed13da5cccf,True,,,,,,,,,,0.0,1.0,1.0,1.0,1.0,0.0,0.0,1.0,0.0,0.0
855,343c682cb6fb49290,True,,,,,,,,,,1.0,1.0,1.0,1.0,1.0,1.0,0.0,1.0,0.0,0.75
856,98d803d8ab5715cf8,True,,,,,,,,,,1.0,1.0,1.0,1.0,0.7434512866314226,1.0,1.0,0.0,0.0,0.6698285270723195
857,4930cf1a642d2c66b,True,,,,,,,,,,0.0,1.0,1.0,1.0,1.0,0.0,1.0,1.0,0.0,0.0
858,50e8217a812643799,True,,,,,,,,,,1.0,1.0,1.0,1.0,0.5479689421137236,1.0,1.0,1.0,1.0,0.8587402944105387
859,fdef069dff8b15c66,True,,,,,,,,,,1.0,1.0,1.0,1.0,1.0,1.0,1.0,1.0,0.0,0.875
860,7e6c6310177832aed,True,,,,,,,,,,1.0,1.0,1.0,1.0,0.7909851005177285,1.0,1.0,1.0,1.0,0.9346828439117901
861,77ea1d582cf3df680,True,,,,,,,,,,1.0,1.0,1.0,1.0,0.32968365398637844,1.0,0.0,1.0,0.0,0.5405261418707432
862,b83c30081d33ba2dd,True,,,,,,,,,,1.0,1.0,1.0,1.0,0.8192202924079822,1.0,1.0,1.0,1.0,0.9435063413774945
863,e131606576698bb6b,True,,,,,,,,,,1.0,1.0,1.0,1.0,1.0,1.0,0.0,1.0,0.0,0.75
864,c85dd3e87ba3c50e0,True,,,,,,,,,,1.0,1.0,1.0,1.0,1.0,1.0,0.0,1.0,0.0,0.75
865,342ef8eb6e93505ce,True,,,,,,,,,,1.0,1.0,1.0,1.0,1.0,1.0,0.0,1.0,1.0,0.875
866,dd6cf78b8b897a171,True,,,,,,,,,,1.0,0.0,1.0,1.0,1.0,1.0,0.0,1.0,0.0,0.0
867,a8b1bc8442e0fb5b1,True,,,,,,,,,,1.0,1.0,1.0,1.0,0.6908045607429578,1.0,1.0,1.0,1.0,0.9033764252321743
868,fd482580f69491ce5,True,,,,,,,,,,0.0,1.0,1.0,1.0,1.0,0.0,1.0,1.0,0.0,0.0
869,db13e1f50a5d36df0,True,,,,,,,,,,1.0,1.0,1.0,1.0,0.8662574406120099,1.0,0.0,1.0,1.0,0.8332054501912531
870,020ac08667a119075,True,,,,,,,,,,1.0,1.0,1.0,1.0,0.7365180096750131,1.0,1.0,1.0,0.0,0.7926618780234416
871,546ea00bc8516f8dc,True,,,,,,,,,,1.0,0.0,0.5,1.0,1.0,1.0,1.0,1.0,1.0,0.0
872,8dd4aa8138b3d9500,True,,,,,,,,,,0.0,1.0,1.0,1.0,1.0,0.0,0.0,1.0,0.0,0.0
873,8f18562d38dacb97d,True,,,,,,,,,,0.0,1.0,1.0,1.0,1.0,0.0,0.0,1.0,0.0,0.0
874,eb251433c13f5a4f2,True,,,,,,,,,,0.0,0.0,0.5,1.0,1.0,0.0,0.0,1.0,0.0,0.0
875,15b6cbe22ab535f70,True,,,,,,,,,,1.0,1.0,1.0,1.0,0.7468794632876823,1.0,1.0,1.0,0.0,0.7958998322774007
876,ddfba30b82c7a702c,True,,,,,,,,,,1.0,0.0,1.0,1.0,0.9911700349658075,1.0,1.0,1.0,1.0,0.0
877,9e4b9c5c9c0f63038,True,,,,,,,,,,1.0,1.0,1.0,1.0,0.9105242113509217,1.0,0.0,0.0,0.0,0.597038816047163
878,bef08816de1b95125,True,,,,,,,,,,1.0,1.0,0.0,1.0,1.0,1.0,0.0,1.0,0.0,0.0
879,5667ac6a20c2d6e51,True,,,,,,,,,,1.0,1.0,0.0,1.0,0.9413783443820044,1.0,0.0,1.0,0.0,0.0
880,2309f75fc2af06a77,True,,,,,,,,,,1.0,0.0,1.0,1.0,1.0,1.0,0.0,1.0,1.0,0.0
881,01d3cc0b8eddd804c,True,,,,,,,,,,1.0,1.0,1.0,1.0,0.24317149477201835,1.0,0.0,1.0,1.0,0.6384910921162558
882,a5cb0e8e1b25b4ad4,True,,,,,,,,,,1.0,0.0,1.0,1.0,0.6811243853062183,1.0,1.0,1.0,0.0,0.0
883,733dab2043d02d8e3,True,,,,,,,,,,1.0,1.0,1.0,1.0,0.44839303014301063,1.0,1.0,1.0,1.0,0.8276228219196908
884,87b88ec189315a232,True,,,,,,,,,,1.0,1.0,1.0,1.0,0.2668143562788403,1.0,1.0,1.0,1.0,0.7708794863371375
885,a84f9dde85427d73a,True,,,,,,,,,,1.0,1.0,1.0,1.0,1.0,1.0,1.0,1.0,1.0,1.0
886,f38cc020e1b05accc,True,,,,,,,,,,1.0,0.0,1.0,1.0,0.3247538392962723,1.0,1.0,1.0,0.0,0.0
887,91df963d13c291bb9,True,,,,,,,,,,1.0,0.0,1.0,1.0,0.8649333511984574,1.0,0.0,1.0,0.0,0.0
888,29155e956236db1c4,True,,,,,,,,,,1.0,1.0,1.0,1.0,0.2649999049018507,1.0,0.0,1.0,0.0,0.5203124702818284
889,c567a3cd6305bc4a6,True,,,,,,,,,,1.0,1.0,1.0,1.0,0.9470436857288903,0.0,0.0,1.0,0.0,0.4209511517902782
890,606571205dbf05df5,True,,,,,,,,,,1.0,1.0,1.0,1.0,0.4125569540960207,1.0,0.0,1.0,1.0,0.6914240481550065
891,367a9fdb29038c66e,True,,,,,,,,,,1.0,1.0,1.0,1.0,0.12720415824512835,1.0,1.0,1.0,1.0,0.7272512994516026
892,80bd77183c8a411b9,True,,,,,,,,,,1.0,1.0,1.0,1.0,1.0,1.0,1.0,1.0,1.0,1.0
893,aee8a0b219134ae2b,True,,,,,,,,,,1.0,1.0,1.0,1.0,0.5805422652828495,1.0,0.0,1.0,0.0,0.6189194579008904
894,37e2413062044f037,True,,,,,,,,,,1.0,1.0,1.0,1.0,0.8711877567459365,1.0,0.0,1.0,0.0,0.7097461739831051
895,46cb7915dd2c8bddc,True,,,,,,,,,,1.0,1.0,1.0,1.0,0.7764141612746303,1.0,0.0,1.0,1.0,0.8051294253983219
896,194d8549dce1cc044,True,,,,,,,,,,1.0,1.0,0.0,1.0,1.0,1.0,0.0,1.0,1.0,0.0
897,339edff793767887e,True,,,,,,,,,,1.0,1.0,1.0,1.0,0.43810462469356287,1.0,0.0,1.0,1.0,0.6994076952167384
898,0ec4048ba57347962,True,,,,,,,,,,0.0,1.0,0.0,1.0,1.0,0.0,0.0,1.0,0.0,0.0
899,f9a60116425308d57,True,,,,,,,,,,1.0,1.0,0.0,1.0,1.0,1.0,0.0,1.0,1.0,0.0
900,bf23a089fb07a1891,True,,,,,,,,,,1.0,1.0,1.0,1.0,0.738324464107291,1.0,0.0,1.0,0.0,0.6682263950335284
901,96539cf10e3cf92af,True,,,,,,,,,,0.0,1.0,1.0,1.0,1.0,0.0,1.0,1.0,1.0,0.0
902,9011963333f646007,True,,,,,,,,,,1.0,1.0,1.0,1.0,0.6640625798066272,1.0,0.0,1.0,0.0,0.645019556189571
903,a67f897e584962db9,True,,,,,,,,,,1.0,1.0,1.0,1.0,0.5901039669793575,1.0,1.0,1.0,1.0,0.8719074896810493
904,5b7915b6c4d354972,True,,,,,,,,,,1.0,1.0,1.0,1.0,0.6485386206895253,1.0,1.0,1.0,1.0,0.8901683189654767
905,8f53dde363962b143,True,,,,,,,,,,1.0,1.0,0.5,1.0,0.7371818911267887,1.0,0.0,1.0,1.0,0.39643467048856074
906,d2e7ee3ace0b92dee,True,,,,,,,,,,1.0,1.0,1.0,1.0,0.6749286457583367,1.0,1.0,1.0,1.0,0.8984152017994802
907,cac389eb6249d6874,True,,,,,,,,,,1.0,1.0,1.0,1.0,0.6442012060366639,1.0,0.0,1.0,1.0,0.7638128768864575
908,b9ec6c1f605a620f0,True,,,,,,,,,,1.0,1.0,1.0,1.0,0.8599413082509031,1.0,0.0,1.0,1.0,0.8312316588284072
909,b8adc6e76a36fd705,True,,,,,,,,,,1.0,1.0,0.0,1.0,0.8556940629529862,1.0,0.0,1.0,0.0,0.0
910,d9bbca7a0907304f1,True,,,,,,,,,,1.0,1.0,1.0,1.0,0.5744119275053443,1.0,0.0,1.0,0.0,0.6170037273454201
911,6b912a3796564dd7e,True,,,,,,,,,,1.0,1.0,1.0,1.0,0.5572495523498736,1.0,0.0,1.0,1.0,0.7366404851093356
912,397b093b8766274f9,True,,,,,,,,,,1.0,1.0,0.0,1.0,0.8212986350357333,1.0,0.0,1.0,1.0,0.0
913,637ff125ef04d0dae,True,,,,,,,,,,1.0,0.0,1.0,1.0,1.0,1.0,0.0,1.0,0.0,0.0
914,6324e7d77bf56fdb3,True,,,,,,,,,,1.0,1.0,1.0,1.0,0.7100663964225817,1.0,1.0,1.0,0.0,0.7843957488820568
915,5d5f36ba279588ae3,True,,,,,,,,,,1.0,0.0,1.0,1.0,1.0,1.0,0.0,1.0,0.0,0.0
916,45480978b802eb7d4,True,,,,,,,,,,1.0,0.0,1.0,1.0,1.0,1.0,0.0,1.0,1.0,0.0
917,8cc9b24e2d92d273a,True,,,,,,,,,,1.0,0.0,1.0,1.0,0.832872406444009,1.0,0.0,1.0,0.0,0.0
918,556038b758f3b54f6,True,,,,,,,,,,1.0,1.0,1.0,1.0,0.9934849060416542,1.0,0.0,1.0,0.0,0.747964033138017
919,6fe71c9fa733e801d,True,,,,,,,,,,1.0,1.0,1.0,1.0,0.6646178487383672,1.0,1.0,1.0,0.0,0.7701930777307398
920,2b1010d61e3c4e8ec,True,,,,,,,,,,1.0,1.0,0.5,1.0,0.804484096023869,1.0,0.0,1.0,0.0,0.34445064000372955
921,3adb9fc78ee100b06,True,,,,,,,,,,1.0,0.0,1.0,1.0,1.0,1.0,0.0,1.0,1.0,0.0
922,019450490101ebf1c,True,,,,,,,,,,1.0,1.0,1.0,1.0,1.0,1.0,0.0,1.0,0.0,0.75
923,801d1b42c0409656b,True,,,,,,,,,,0.0,1.0,1.0,1.0,1.0,0.0,0.0,1.0,1.0,0.0
924,436fb766823bdb92e,True,,,,,,,,,,1.0,1.0,1.0,1.0,0.5207933975761759,1.0,1.0,1.0,1.0,0.8502479367425549
925,0d5b6ee9d0a973914,True,,,,,,,,,,1.0,1.0,1.0,0.0,1.0,1.0,1.0,1.0,1.0,0.0
926,545989b6d92a09061,True,,,,,,,,,,1.0,1.0,0.5,1.0,0.8545292108797387,1.0,0.0,1.0,0.0,0.35227018919995917
927,b13e0235a1932348c,True,,,,,,,,,,1.0,1.0,1.0,1.0,0.702888094867469,1.0,0.0,1.0,0.0,0.6571525296460841
928,d7cb69340aa436966,True,,,,,,,,,,1.0,1.0,1.0,1.0,0.30236139201218704,1.0,1.0,1.0,0.0,0.6569879350038085
929,3fa63924a53aacc9a,True,,,,,,,,,,1.0,1.0,1.0,1.0,0.4729930659241145,1.0,1.0,1.0,0.0,0.7103103331012858
930,a14ccfc8d2eea6574,True,,,,,,,,,,1.0,1.0,1.0,1.0,0.320595864638981,1.0,1.0,1.0,1.0,0.7876862076996816
931,1aa011bf1da1bf1c7,True,,,,,,,,,,1.0,1.0,1.0,1.0,0.6155574799666929,1.0,1.0,1.0,1.0,0.8798617124895916
932,51b90828c7ba37b79,True,,,,,,,,,,1.0,1.0,1.0,1.0,0.8428301849152045,1.0,1.0,1.0,0.0,0.8258844327860013
933,3048f4817a5a5e48b,True,,,,,,,,,,0.0,1.0,1.0,1.0,1.0,0.0,0.0,1.0,1.0,0.0
934,93dbd55a373bc4efe,True,,,,,,,,,,1.0,1.0,1.0,1.0,0.8253726654246444,1.0,1.0,1.0,1.0,0.9454289579452013
935,6cca874fda7a3507a,True,,,,,,,,,,0.0,1.0,1.0,1.0,1.0,0.0,0.0,1.0,0.0,0.0
936,a946e96acbe5186d9,True,,,,,,,,,,1.0,1.0,1.0,0.0,1.0,1.0,0.0,1.0,0.0,0.0
937,c0ff231e77243d969,True,,,,,,,,,,0.0,0.0,1.0,1.0,1.0,1.0,1.0,1.0,1.0,0.0
938,24ac26ca8ac0e9395,True,,,,,,,,,,1.0,0.0,1.0,1.0,1.0,1.0,1.0,1.0,0.0,0.0
939,56873aea1946dc836,True,,,,,,,,,,1.0,1.0,1.0,1.0,0.9996986174508437,1.0,1.0,1.0,1.0,0.9999058179533886
940,d0bc7d7a692a6b0e9,True,,,,,,,,,,0.0,1.0,1.0,1.0,1.0,0.0,1.0,1.0,1.0,0.0
941,d328dc60ffaca31bf,True,,,,,,,,,,1.0,1.0,1.0,1.0,0.727889241021084,1.0,0.0,1.0,0.0,0.6649653878190888
942,14e45cc6be6120e78,True,,,,,,,,,,1.0,1.0,1.0,1.0,0.697236319591675,1.0,1.0,1.0,1.0,0.9053863498723984
943,fc9d3ef48d94c0485,True,,,,,,,,,,1.0,1.0,0.5,1.0,0.5240199936341252,1.0,0.0,1.0,1.0,0.36312812400533206
944,b94470389611028aa,True,,,,,,,,,,0.5,0.0,0.5,1.0,1.0,0.0,0.0,1.0,0.0,0.0
945,c989b3ae7e9270d2d,True,,,,,,,,,,1.0,1.0,1.0,1.0,0.3845348644479069,1.0,1.0,1.0,0.0,0.6826671451399708
946,f5d454a22e5731c5a,True,,,,,,,,,,1.0,1.0,1.0,1.0,0.44856262084552917,1.0,1.0,1.0,0.0,0.7026758190142279
947,6c441b1d10cac68e5,True,,,,,,,,,,1.0,1.0,1.0,1.0,0.36085071639629535,1.0,1.0,1.0,0.0,0.6752658488738423
948,4f8f53cf5fc946ea6,True,,,,,,,,,,1.0,1.0,1.0,1.0,0.5479495091369324,1.0,0.0,1.0,0.0,0.6087342216052913
949,dba7acca42dcb992f,True,,,,,,,,,,1.0,0.0,1.0,1.0,1.0,1.0,0.0,1.0,1.0,0.0
950,3b3f6182f292aea44,True,,,,,,,,,,1.0,1.0,1.0,1.0,0.23243727264661715,1.0,1.0,1.0,1.0,0.7601366477020679
951,3eb13673463836283,True,,,,,,,,,,1.0,1.0,1.0,1.0,0.6025240372394444,1.0,1.0,1.0,1.0,0.8757887616373263
952,ab136507f882d8c94,True,,,,,,,,,,1.0,0.0,1.0,1.0,1.0,1.0,1.0,1.0,1.0,0.0
953,25c09023519316f41,True,,,,,,,,,,1.0,0.0,1.0,1.0,1.0,1.0,1.0,1.0,0.0,0.0
954,9f8244fb38a036545,True,,,,,,,,,,1.0,1.0,1.0,1.0,0.22324815727464087,1.0,1.0,1.0,1.0,0.7572650491483253
955,6a555d92cb8bdeee6,True,,,,,,,,,,1.0,1.0,1.0,1.0,0.8286576604619091,1.0,1.0,1.0,1.0,0.9464555188943466
956,e1d015abbef9b482d,True,,,,,,,,,,1.0,1.0,1.0,1.0,0.30270798949153277,1.0,0.0,1.0,0.0,0.532096246716104
957,996756f9de2d21bac,True,,,,,,,,,,1.0,1.0,1.0,1.0,1.0,1.0,0.0,1.0,1.0,0.875
958,80d068bd845098002,True,,,,,,,,,,1.0,1.0,1.0,1.0,1.0,1.0,1.0,1.0,0.0,0.875
959,3fc80f9e72ac43027,True,,,,,,,,,,1.0,0.0,1.0,1.0,0.3485414931936572,1.0,0.0,1.0,0.0,0.0
960,8f3be1fe834c8e1e6,True,,,,,,,,,,0.0,1.0,1.0,1.0,1.0,0.0,0.0,1.0,0.0,0.0
961,0eef4e705a397f8df,True,,,,,,,,,,1.0,1.0,1.0,1.0,0.6422825141846881,1.0,1.0,1.0,1.0,0.888213285682715
962,bab672bfc41847afb,True,,,,,,,,,,1.0,1.0,1.0,1.0,0.5006835418730557,1.0,1.0,1.0,1.0,0.8439636068353299
963,38a27d438189dcb29,True,,,,,,,,,,1.0,1.0,1.0,1.0,0.8156102597194924,1.0,1.0,1.0,0.0,0.8173782061623414
964,25e23d201bebf3f7f,True,,,,,,,,,,1.0,1.0,1.0,1.0,0.7431482806978119,1.0,0.0,0.0,1.0,0.6697338377180662
965,a4a30a8fdac11dd71,True,,,,,,,,,,1.0,1.0,1.0,1.0,0.5120751808434314,1.0,1.0,1.0,1.0,0.8475234940135723
966,1a52c544d3cfaba4b,True,,,,,,,,,,1.0,1.0,0.0,1.0,0.8943913842427672,1.0,0.0,1.0,1.0,0.0
967,1d9b777552553488e,True,,,,,,,,,,1.0,1.0,0.0,1.0,1.0,1.0,0.0,1.0,1.0,0.0
968,eaccd2408219e6f5e,True,,,,,,,,,,1.0,1.0,1.0,1.0,0.7050473189706812,1.0,0.0,1.0,1.0,0.7828272871783379
969,a5dae75091c9d8f94,True,,,,,,,,,,1.0,0.0,1.0,1.0,1.0,1.0,0.0,1.0,1.0,0.0
970,a5bcd5a0e9f79cee3,True,,,,,,,,,,1.0,1.0,1.0,1.0,1.0,1.0,1.0,1.0,1.0,1.0
971,26961603aa068511e,True,,,,,,,,,,1.0,1.0,1.0,1.0,0.9484463908725799,1.0,1.0,1.0,1.0,0.9838894971476813
972,ee893ffe397bbd4fb,True,,,,,,,,,,0.5,0.0,1.0,1.0,1.0,0.0,1.0,1.0,1.0,0.0
973,0dacd04f2b5cb9990,True,,,,,,,,,,1.0,1.0,0.0,1.0,1.0,1.0,0.0,1.0,1.0,0.0
974,92d16fac53c12f99d,True,,,,,,,,,,1.0,1.0,1.0,1.0,0.8101589387142152,1.0,1.0,1.0,0.0,0.8156746683481922
975,5216f5e0df50fa3bf,True,,,,,,,,,,1.0,1.0,0.0,1.0,1.0,1.0,0.0,1.0,1.0,0.0
976,f7741428b4719155a,True,,,,,,,,,,1.0,1.0,0.0,1.0,0.7708942153078214,1.0,0.0,1.0,1.0,0.0
977,e87f91497184fed2b,True,,,,,,,,,,0.0,1.0,1.0,1.0,1.0,0.0,1.0,1.0,1.0,0.0
978,c4db0ed678d459874,True,,,,,,,,,,1.0,1.0,1.0,1.0,0.8212177934579744,1.0,0.0,1.0,1.0,0.8191305604556169
979,925bbd1a587bfa622,True,,,,,,,,,,1.0,1.0,1.0,1.0,0.34649282635034184,1.0,0.0,1.0,0.0,0.5457790082344818
980,a96a23b6f09cca0ae,True,,,,,,,,,,1.0,1.0,1.0,1.0,1.0,1.0,0.0,1.0,0.0,0.75
981,b8a844b02dc16c393,True,,,,,,,,,,1.0,1.0,1.0,1.0,0.5167188344755614,1.0,1.0,1.0,0.0,0.723974635773613
982,5959223c7ec6a8c04,True,,,,,,,,,,1.0,1.0,1.0,0.0,1.0,1.0,0.0,1.0,0.0,0.0
983,0c490f2432946f48b,True,,,,,,,,,,0.0,1.0,1.0,1.0,1.0,0.0,0.0,1.0,0.0,0.0
984,09ff70ea6f020da6f,True,,,,,,,,,,0.0,1.0,1.0,1.0,1.0,1.0,1.0,1.0,1.0,0.0
985,2cc556c9db9fd5088,True,,,,,,,,,,0.0,1.0,1.0,1.0,1.0,0.0,1.0,1.0,1.0,0.0
986,fb83b02b78181e4f8,True,,,,,,,,,,1.0,1.0,0.5,1.0,0.49548393531321977,1.0,0.0,1.0,1.0,0.3586693648926906
987,3994aa71c5443aea3,True,,,,,,,,,,1.0,1.0,1.0,1.0,1.0,1.0,0.0,1.0,1.0,0.875
988,ae4f3518384257a07,True,,,,,,,,,,1.0,1.0,1.0,1.0,0.3971314278253787,1.0,1.0,1.0,0.0,0.6866035711954308
989,25dc2853331e64985,True,,,,,,,,,,1.0,1.0,0.5,1.0,0.7694510093907178,1.0,0.0,1.0,1.0,0.40147672021729963
990,e8a9486b49b69adbf,True,,,,,,,,,,1.0,1.0,1.0,1.0,1.0,1.0,1.0,1.0,1.0,1.0
991,66f77d65755a1c784,True,,,,,,,,,,1.0,1.0,1.0,1.0,0.14867122836942148,1.0,1.0,1.0,0.0,0.6089597588654443
992,2a839dc18e91bbd40,True,,,,,,,,,,1.0,1.0,0.0,1.0,0.7844366239233121,1.0,0.0,1.0,1.0,0.0
993,27fe2548642974f6e,True,,,,,,,,,,1.0,1.0,1.0,1.0,0.5070952831444153,0.0,0.0,1.0,1.0,0.4084672759826298
994,37059447ec970c23a,True,,,,,,,,,,1.0,1.0,1.0,1.0,0.7485623458109019,1.0,1.0,1.0,1.0,0.9214257330659068
995,6a746336ecf0f665c,True,,,,,,,,,,1.0,1.0,0.0,1.0,1.0,0.0,0.0,1.0,0.0,0.0
996,e88bf694837e674f5,True,,,,,,,,,,1.0,1.0,0.0,1.0,1.0,1.0,0.0,1.0,1.0,0.0
997,7002b130242124367,True,,,,,,,,,,1.0,1.0,1.0,1.0,0.70496611782918,1.0,1.0,1.0,1.0,0.9078019118216187
998,11f2411e873c0fa28,True,,,,,,,,,,1.0,1.0,1.0,1.0,0.7679429613792798,1.0,0.0,1.0,1.0,0.802482175431025
999,7c1d966d6a3783a65,True,,,,,,,,,,1.0,1.0,1.0,1.0,0.7484884821674589,1.0,0.0,1.0,1.0,0.796402650677331
1000,ec8c748e31436c7e5,True,,,,,,,,,,1.0,0.0,1.0,1.0,1.0,0.0,1.0,1.0,0.0,0.0
1001,522f0d16763a76d06,True,,,,,,,,,,1.0,1.0,1.0,1.0,0.7477546381413371,1.0,1.0,1.0,0.0,0.7961733244191679
1002,aa52fd60e4fa0f00c,True,,,,,,,,,,1.0,1.0,1.0,1.0,0.6290217013372194,1.0,1.0,1.0,1.0,0.884069281667881
1003,ff494c8f27c7b3c5d,True,,,,,,,,,,1.0,1.0,1.0,1.0,0.6591310988145468,1.0,1.0,1.0,1.0,0.8934784683795458
1004,8e2e4ad26edbb4e08,True,,,,,,,,,,1.0,1.0,1.0,1.0,0.34033972269597634,1.0,1.0,1.0,1.0,0.7938561633424925
1005,1738de90a4b9b6de0,True,,,,,,,,,,1.0,1.0,1.0,1.0,0.9713492359923213,1.0,1.0,1.0,0.0,0.8660466362476004
1006,209b97b1bbd7f20ba,True,,,,,,,,,,1.0,0.0,0.0,1.0,1.0,1.0,0.0,1.0,1.0,0.0
1007,c8443f5a68a70d97c,True,,,,,,,,,,1.0,1.0,0.0,1.0,1.0,1.0,0.0,1.0,1.0,0.0
1008,d218a0af775558af6,True,,,,,,,,,,1.0,1.0,0.0,1.0,0.8566462397380654,1.0,0.0,1.0,1.0,0.0
1009,4a9850fe681028df5,True,,,,,,,,,,1.0,1.0,0.5,1.0,0.8161475437693173,1.0,0.0,0.0,0.0,0.28377305371395584
1010,19211d8eac9c62147,True,,,,,,,,,,1.0,1.0,1.0,1.0,0.6281768769828204,1.0,0.0,1.0,1.0,0.7588052740571314
1011,63587c0f95bcdef4c,True,,,,,,,,,,1.0,0.0,0.5,1.0,1.0,1.0,0.0,1.0,0.0,0.0
1012,9958c9d44c4338562,True,,,,,,,,,,1.0,1.0,1.0,1.0,0.5567238446773003,1.0,1.0,1.0,0.0,0.7364762014616564
1013,5b2b7c5762e61f6b5,True,,,,,,,,,,1.0,1.0,1.0,1.0,1.0,1.0,1.0,1.0,0.0,0.875
1014,977efa0295ed47613,True,,,,,,,,,,1.0,0.0,1.0,1.0,1.0,1.0,0.0,1.0,1.0,0.0
1015,631046410650329eb,True,,,,,,,,,,1.0,1.0,1.0,1.0,0.380253681887464,1.0,0.0,1.0,1.0,0.6813292755898325
1016,d24b8e6fb44849b23,True,,,,,,,,,,1.0,1.0,0.0,1.0,1.0,1.0,0.0,1.0,1.0,0.0
1017,82e64850661b77497,True,,,,,,,,,,1.0,1.0,1.0,1.0,1.0,0.0,1.0,1.0,1.0,0.6875
1018,797abeb7772dd6343,True,,,,,,,,,,1.0,1.0,1.0,1.0,0.6110211963323059,1.0,0.0,1.0,0.0,0.6284441238538456
1019,8975720088d1d70ea,True,,,,,,,,,,1.0,1.0,0.0,1.0,0.745829338672193,1.0,0.0,1.0,0.0,0.0
1020,4466bfd1bb50dfc53,True,,,,,,,,,,1.0,1.0,1.0,1.0,0.7722825599541525,1.0,1.0,1.0,0.0,0.8038382999856727
1021,191ccfaebd0211428,True,,,,,,,,,,1.0,0.0,0.5,1.0,1.0,1.0,0.0,1.0,0.0,0.0
1022,a7c33da176ab8f433,True,,,,,,,,,,1.0,0.0,1.0,1.0,1.0,1.0,0.0,0.0,0.0,0.0
1023,13f7d51df20a8dc66,True,,,,,,,,,,1.0,1.0,0.0,1.0,1.0,1.0,0.0,1.0,0.0,0.0
1024,d3e9c090e809349ce,True,,,,,,,,,,1.0,1.0,1.0,1.0,0.8175346634944056,1.0,0.0,1.0,0.0,0.6929795823420017
1025,d64a870652e64162c,True,,,,,,,,,,1.0,1.0,1.0,1.0,0.49313267204365685,1.0,0.0,1.0,1.0,0.7166039600136428
1026,2c604a5718db55a9d,True,,,,,,,,,,1.0,0.0,1.0,1.0,0.6379028751024695,1.0,0.0,1.0,1.0,0.0
1027,059699c7343bcc1bc,True,,,,,,,,,,1.0,1.0,1.0,1.0,0.9981559745823149,1.0,0.0,1.0,0.0,0.7494237420569734
1028,c19a21525d410c990,True,,,,,,,,,,0.0,1.0,1.0,1.0,1.0,0.0,1.0,1.0,1.0,0.0
1029,bfb52f68dcd77ef80,True,,,,,,,,,,1.0,1.0,0.0,1.0,1.0,1.0,0.0,1.0,1.0,0.0
1030,2efb596222f8cbb75,True,,,,,,,,,,1.0,1.0,0.5,1.0,1.0,1.0,0.0,1.0,1.0,0.4375
1031,5f02891c6336297bf,True,,,,,,,,,,1.0,1.0,1.0,1.0,0.5377500354848466,1.0,1.0,1.0,1.0,0.8555468860890145
1032,978616965b8fd4cd6,True,,,,,,,,,,1.0,1.0,1.0,1.0,0.5683703644200152,1.0,0.0,1.0,1.0,0.7401157388812547
1033,7feb54e1cfc0b6b33,True,,,,,,,,,,1.0,1.0,0.5,1.0,0.4581455630388405,1.0,0.0,1.0,0.0,0.2903352442248188
1034,7cef24e9f023c00e8,True,,,,,,,,,,0.0,0.0,1.0,1.0,1.0,0.0,1.0,1.0,0.0,0.0
1035,9751b7e09b5514dd3,True,,,,,,,,,,0.0,1.0,1.0,1.0,1.0,0.0,1.0,1.0,1.0,0.0
1036,909281fad5f1bd401,True,,,,,,,,,,1.0,1.0,1.0,1.0,0.5378487935953555,1.0,1.0,1.0,0.0,0.7305777479985486
1037,2498bf6f5436ef1e3,True,,,,,,,,,,1.0,1.0,0.0,1.0,1.0,1.0,0.0,1.0,1.0,0.0
1038,aded499bdbf17f962,True,,,,,,,,,,1.0,1.0,1.0,1.0,1.0,1.0,0.0,1.0,0.0,0.75
1039,2acdb8c02a4722af1,True,,,,,,,,,,1.0,1.0,1.0,1.0,1.0,1.0,0.0,1.0,0.0,0.75
1040,85227ded294bb6273,True,,,,,,,,,,1.0,1.0,1.0,1.0,0.7363934843897659,1.0,1.0,1.0,0.0,0.7926229638718019
1041,d25b5af7899d7e8e0,True,,,,,,,,,,1.0,0.0,1.0,1.0,0.2509323138239048,1.0,0.0,1.0,1.0,0.0
1042,f2ffa929974330310,True,,,,,,,,,,1.0,1.0,0.0,1.0,1.0,1.0,0.0,1.0,0.0,0.0
1043,bd9cfcf17b064f7df,True,,,,,,,,,,1.0,1.0,1.0,1.0,0.34706985814256197,1.0,1.0,1.0,1.0,0.7959593306695506
1044,4eb62ff777df6de35,True,,,,,,,,,,1.0,1.0,1.0,1.0,0.49962066949577766,1.0,0.0,1.0,0.0,0.5936314592174305
1045,0c70bd071d5a4b2fd,True,,,,,,,,,,1.0,1.0,1.0,1.0,0.7330074470035655,1.0,1.0,1.0,1.0,0.9165648271886142
1046,e2a9d0b71a44f5df6,True,,,,,,,,,,1.0,1.0,1.0,1.0,0.3500545337733509,1.0,0.0,1.0,0.0,0.5468920418041722
1047,932b2f68de04adb10,True,,,,,,,,,,1.0,1.0,1.0,1.0,1.0,1.0,0.0,1.0,1.0,0.875
1048,7f77d13ba2f205d87,True,,,,,,,,,,1.0,1.0,1.0,1.0,0.30490653233064063,1.0,1.0,1.0,1.0,0.7827832913533253
1049,85ec4ed1a5648c678,True,,,,,,,,,,0.0,1.0,1.0,1.0,1.0,0.0,1.0,1.0,0.0,0.0
1050,8e653e8d9b170a7dd,True,,,,,,,,,,1.0,1.0,1.0,1.0,0.9722077101237612,1.0,1.0,1.0,1.0,0.9913149094136754
1051,bda9a328490cd8105,True,,,,,,,,,,0.0,1.0,1.0,1.0,1.0,0.0,1.0,1.0,1.0,0.0
1052,b1c7cedccc066a77d,True,,,,,,,,,,1.0,1.0,1.0,1.0,0.4608428622982566,1.0,0.0,1.0,1.0,0.7065133944682052
1053,ee7793a6b27386136,True,,,,,,,,,,1.0,1.0,1.0,1.0,0.6918526448457635,1.0,1.0,1.0,1.0,0.903703951514301
1054,506d9cb85442a6577,True,,,,,,,,,,1.0,1.0,1.0,1.0,0.3111087934397005,1.0,0.0,1.0,1.0,0.6597214979499064
1055,f726e244468ccbbe6,True,,,,,,,,,,1.0,1.0,1.0,1.0,0.8366959130204195,1.0,1.0,1.0,0.0,0.823967472818881
1056,2b2111da18ed8032d,True,,,,,,,,,,1.0,0.0,1.0,1.0,1.0,1.0,1.0,1.0,0.0,0.0
1057,8c353bfb7146d30cd,True,,,,,,,,,,1.0,1.0,1.0,1.0,0.553359621418603,1.0,1.0,1.0,1.0,0.8604248816933134
1058,83daac46cb68fabb0,True,,,,,,,,,,1.0,1.0,1.0,1.0,0.47956742747351905,1.0,1.0,1.0,0.0,0.7123648210854747
1059,9d1689f8e6d847437,True,,,,,,,,,,1.0,1.0,0.0,1.0,1.0,1.0,0.0,1.0,1.0,0.0
1060,9ef93765e3465f27d,True,,,,,,,,,,1.0,1.0,0.0,1.0,0.9241854541000832,1.0,0.0,1.0,0.0,0.0
1061,f1020928f69a09709,True,,,,,,,,,,1.0,1.0,1.0,1.0,1.0,1.0,1.0,1.0,1.0,1.0
1062,108deb7af61e697bb,True,,,,,,,,,,1.0,0.0,1.0,1.0,1.0,1.0,1.0,1.0,0.0,0.0
1063,893f024c9ae6bfd2c,True,,,,,,,,,,1.0,0.0,1.0,1.0,0.27223603887069003,1.0,1.0,1.0,1.0,0.0
1064,21caa7576c2da8f7a,True,,,,,,,,,,1.0,1.0,1.0,1.0,0.6193771737365799,1.0,0.0,1.0,0.0,0.6310553667926813
1065,c2c820f86bd4ff546,True,,,,,,,,,,1.0,1.0,0.5,1.0,0.6961204999524603,1.0,0.0,1.0,0.0,0.32751882811757194
1066,8ae96b22321e730ee,True,,,,,,,,,,1.0,1.0,1.0,1.0,0.7792770855512587,1.0,0.0,1.0,0.0,0.6810240892347683
1067,aedc0bf45f1840715,True,,,,,,,,,,1.0,1.0,0.5,1.0,0.6793562560081645,1.0,0.0,1.0,1.0,0.3873994150012757
1068,f1d442974b63b87f6,True,,,,,,,,,,1.0,1.0,0.0,1.0,0.8541746394231173,1.0,0.0,1.0,1.0,0.0
1069,be30a0caa3e19507e,True,,,,,,,,,,0.0,1.0,1.0,1.0,1.0,0.0,1.0,1.0,0.0,0.0
1070,c864abb5afff1f7f4,True,,,,,,,,,,1.0,1.0,1.0,1.0,0.5518809792875725,1.0,0.0,1.0,1.0,0.7349628060273664
1071,e892cc466b54878c6,True,,,,,,,,,,1.0,0.0,0.0,1.0,1.0,1.0,0.0,1.0,0.0,0.0
1072,829b5dca21edece70,True,,,,,,,,,,1.0,1.0,1.0,1.0,0.6833101163383838,1.0,1.0,1.0,0.0,0.7760344113557449
1073,1aaa4996c12e817a7,True,,,,,,,,,,1.0,1.0,1.0,1.0,0.4629431404064057,1.0,1.0,1.0,1.0,0.8321697313770018
1074,3a914696b13bea070,True,,,,,,,,,,1.0,1.0,1.0,1.0,0.514212411766055,1.0,0.0,1.0,1.0,0.7231913786768922
1075,174e7a32e20f2ca14,True,,,,,,,,,,1.0,1.0,0.0,1.0,1.0,1.0,0.0,1.0,0.0,0.0
1076,0c5705a24a60a8fd4,True,,,,,,,,,,1.0,1.0,1.0,1.0,0.7717282002787295,1.0,0.0,1.0,0.0,0.6786650625871029
1077,6139b967f50241e4f,True,,,,,,,,,,1.0,1.0,1.0,1.0,0.2575364129132291,1.0,0.0,1.0,1.0,0.642980129035384
1078,5bfc22f5524f10a47,True,,,,,,,,,,1.0,1.0,0.5,1.0,0.6835501387657492,1.0,0.0,1.0,0.0,0.32555470918214835
1079,068049348ed36eb6a,True,,,,,,,,,,1.0,1.0,1.0,1.0,0.8240005046922522,1.0,0.0,1.0,0.0,0.6950001577163287
1080,936b346e0cb941232,True,,,,,,,,,,1.0,0.0,0.5,1.0,0.6937187756702482,1.0,1.0,1.0,0.0,0.0
1081,86d3c9d6518530872,True,,,,,,,,,,1.0,1.0,1.0,1.0,1.0,1.0,0.0,1.0,1.0,0.875
1082,dfa9b874b33acc858,True,,,,,,,,,,1.0,0.0,1.0,1.0,0.6792206203869345,1.0,0.0,1.0,0.0,0.0
1083,9e017dbb384c3b2b8,True,,,,,,,,,,1.0,1.0,1.0,1.0,1.0,1.0,1.0,1.0,1.0,1.0
1084,3dade981d5c5fb068,True,,,,,,,,,,1.0,0.0,1.0,1.0,1.0,1.0,1.0,1.0,0.0,0.0
1085,adab3d6fadc01f0e9,True,,,,,,,,,,1.0,1.0,1.0,1.0,1.0,1.0,1.0,1.0,1.0,1.0
1086,7ff35ca5444967bbf,True,,,,,,,,,,1.0,1.0,0.5,1.0,1.0,1.0,0.0,1.0,0.0,0.375
1087,85102a1c7b55bc154,True,,,,,,,,,,1.0,1.0,1.0,1.0,0.12925936973837507,1.0,1.0,1.0,1.0,0.7278935530432422
1088,6dbbdae0bdb3174ac,True,,,,,,,,,,1.0,1.0,1.0,1.0,0.49756616310299523,1.0,1.0,1.0,0.0,0.717989425969686
1089,c91d6633fc0516a81,True,,,,,,,,,,1.0,1.0,1.0,1.0,1.0,1.0,1.0,1.0,0.0,0.875
1090,23466331481723251,True,,,,,,,,,,0.5,0.0,0.0,1.0,1.0,0.0,0.0,1.0,0.0,0.0
1091,00c31cdc6c3be2b28,True,,,,,,,,,,1.0,1.0,1.0,1.0,0.8758744479651928,1.0,1.0,0.0,0.0,0.7112107649891227
1092,3cd90acbf3a318f94,True,,,,,,,,,,0.0,1.0,1.0,1.0,1.0,0.0,0.0,1.0,0.0,0.0
1093,a78de65bf5a2ee68b,True,,,,,,,,,,1.0,0.0,1.0,1.0,1.0,1.0,1.0,1.0,1.0,0.0
1094,e306d6a4971bcbd83,True,,,,,,,,,,0.0,0.0,1.0,1.0,1.0,0.0,1.0,1.0,0.0,0.0
1095,152d0a2d7a121ac40,True,,,,,,,,,,1.0,1.0,1.0,1.0,0.7792792974795948,1.0,1.0,1.0,0.0,0.8060247804623734
1096,686b6dd5e1ca96d8a,True,,,,,,,,,,1.0,1.0,1.0,1.0,0.42676332006949486,1.0,1.0,1.0,0.0,0.6958635375217171
1097,4142c2fdf6fa0139a,True,,,,,,,,,,1.0,0.0,1.0,0.0,1.0,1.0,1.0,1.0,0.0,0.0
1098,fde62db47c2545623,True,,,,,,,,,,1.0,1.0,1.0,1.0,0.402513590449304,1.0,1.0,1.0,0.0,0.6882854970154075
1099,d92b3534c888c4bbb,True,,,,,,,,,,0.0,0.0,1.0,1.0,1.0,0.0,1.0,0.0,0.0,0.0
1100,1c6327dd6c33a1c36,True,,,,,,,,,,1.0,1.0,1.0,1.0,0.422433360829069,1.0,1.0,1.0,1.0,0.8195104252590841
1101,ae42ff25d7ab0442f,True,,,,,,,,,,1.0,0.0,1.0,1.0,0.24439902868509739,1.0,0.0,1.0,1.0,0.0
1102,02a66384ce22f1be6,True,,,,,,,,,,1.0,1.0,1.0,1.0,0.5443305063563022,1.0,1.0,1.0,0.0,0.7326032832363445
1103,63ab15ccc8dcb91fd,True,,,,,,,,,,0.0,1.0,1.0,1.0,1.0,0.0,0.0,1.0,1.0,0.0
1104,b2a29ceff702c11c1,True,,,,,,,,,,1.0,1.0,0.5,1.0,0.5950641529181337,1.0,0.0,1.0,1.0,0.37422877389345843
1105,e125fce6404cad012,True,,,,,,,,,,1.0,1.0,1.0,1.0,0.20924585986448144,1.0,1.0,1.0,1.0,0.7528893312076504
1106,7387fd37f78f3fd39,True,,,,,,,,,,1.0,1.0,1.0,1.0,0.5942622164448872,1.0,1.0,1.0,1.0,0.8732069426390272
1107,015f3c215167f64d9,True,,,,,,,,,,1.0,0.0,1.0,1.0,0.9246316109828814,1.0,1.0,1.0,0.0,0.0
1108,c54816fcfbf2074c3,True,,,,,,,,,,1.0,1.0,1.0,1.0,0.6716857237235124,1.0,1.0,1.0,0.0,0.7724017886635977
1109,1f61d345cacd5e1d1,True,,,,,,,,,,1.0,0.0,1.0,1.0,0.9693244593428701,1.0,1.0,1.0,1.0,0.0
1110,0030f1747a12c4a8d,True,,,,,,,,,,1.0,1.0,1.0,1.0,0.789472038541595,1.0,1.0,1.0,0.0,0.8092100120442485
1111,1c7991974c14440a3,True,,,,,,,,,,1.0,0.0,0.0,1.0,1.0,1.0,0.0,1.0,1.0,0.0
1112,32f66fdb48e988c92,True,,,,,,,,,,0.0,1.0,1.0,1.0,1.0,1.0,0.0,1.0,0.0,0.0
1113,bec83a5e0a0ea8c80,True,,,,,,,,,,1.0,1.0,1.0,1.0,0.8142879174709268,1.0,0.0,1.0,1.0,0.8169649742096646
1114,0db32b98281c2454b,True,,,,,,,,,,1.0,1.0,1.0,1.0,0.8031310642827294,1.0,1.0,1.0,1.0,0.9384784575883529
1115,ee30df8e553e929cb,True,,,,,,,,,,1.0,1.0,1.0,1.0,1.0,1.0,1.0,1.0,0.0,0.875
1116,e612d86c9121fd77b,True,,,,,,,,,,0.0,1.0,0.5,1.0,1.0,0.0,1.0,1.0,0.0,0.0
1117,85dc9224d8159ff88,True,,,,,,,,,,1.0,1.0,1.0,1.0,1.0,1.0,0.0,0.0,0.0,0.625
1118,09eb15786b4c45a6b,True,,,,,,,,,,1.0,0.0,1.0,1.0,0.49705267273592035,1.0,0.0,1.0,1.0,0.0
1119,4831965b341a7fca8,True,,,,,,,,,,1.0,1.0,1.0,1.0,0.49099030678716993,1.0,1.0,1.0,1.0,0.8409344708709906
1120,1770d226b1fbdf6a2,True,,,,,,,,,,1.0,1.0,1.0,1.0,0.7540748084066211,1.0,0.0,1.0,1.0,0.798148377627069
1121,53ceaabb1364b9424,True,,,,,,,,,,1.0,1.0,1.0,1.0,0.6864086718925392,1.0,0.0,1.0,1.0,0.7770027099664185
1122,182b0871961fced6d,True,,,,,,,,,,1.0,1.0,1.0,1.0,0.3713679316349754,1.0,1.0,1.0,1.0,0.8035524786359298
1123,995a5ceaca13fa6a0,True,,,,,,,,,,1.0,0.0,1.0,1.0,1.0,1.0,0.0,1.0,0.0,0.0
1124,0e81443200fd71592,True,,,,,,,,,,0.0,1.0,1.0,1.0,1.0,0.0,1.0,1.0,0.0,0.0
1125,9bbec38bd775ea622,True,,,,,,,,,,1.0,1.0,1.0,1.0,0.420133184533341,1.0,0.0,1.0,0.0,0.5687916201666691
1126,2fb382cc58b2e089f,True,,,,,,,,,,1.0,1.0,1.0,1.0,1.0,1.0,0.0,1.0,0.0,0.75
1127,49bf9b39d6fc7eeb6,True,,,,,,,,,,1.0,1.0,1.0,1.0,1.0,1.0,1.0,1.0,0.0,0.875
1128,f15e1bae8a03b12b1,True,,,,,,,,,,1.0,1.0,1.0,1.0,0.8495985391584284,1.0,0.0,1.0,1.0,0.8279995434870089
1129,18f43a288ddc873cc,True,,,,,,,,,,1.0,1.0,1.0,1.0,0.8176560200706381,1.0,1.0,1.0,0.0,0.8180175062720745
1130,7878266af5a97d7ce,True,,,,,,,,,,1.0,1.0,1.0,1.0,1.0,1.0,0.0,1.0,0.0,0.75
1131,1cffc233df9758d3d,True,,,,,,,,,,1.0,0.0,0.5,1.0,1.0,1.0,0.0,1.0,0.0,0.0
1132,ea91b41c76a3a54d3,True,,,,,,,,,,1.0,1.0,1.0,1.0,0.30951183210577615,1.0,0.0,1.0,1.0,0.659222447533055
1133,702b15efbe7996592,True,,,,,,,,,,1.0,1.0,1.0,1.0,0.5785924941712601,1.0,1.0,1.0,0.0,0.7433101544285188
1134,1ad6a12ee1c381847,True,,,,,,,,,,1.0,1.0,1.0,1.0,1.0,1.0,0.0,1.0,0.0,0.75
1135,20a8cbfef6940983b,True,,,,,,,,,,1.0,1.0,1.0,1.0,0.3817438005067182,1.0,1.0,1.0,1.0,0.8067949376583494
1136,b96ce0efca7101f74,True,,,,,,,,,,1.0,0.0,1.0,1.0,0.3237327456088959,1.0,0.0,1.0,1.0,0.0
1137,a8f42da9ce93b404d,True,,,,,,,,,,1.0,0.0,0.5,1.0,1.0,1.0,0.0,1.0,0.0,0.0
1138,28c1180e271272d18,True,,,,,,,,,,0.0,0.0,1.0,1.0,1.0,0.0,0.0,1.0,0.0,0.0
1139,785173203974d1027,True,,,,,,,,,,1.0,1.0,1.0,1.0,0.8592437056054185,1.0,1.0,1.0,1.0,0.9560136580016934
1140,4413f87001fcbb7eb,True,,,,,,,,,,1.0,1.0,1.0,1.0,1.0,0.0,1.0,1.0,0.0,0.5625
1141,d9eb3c465a5635619,True,,,,,,,,,,1.0,1.0,1.0,1.0,0.3384006674721757,1.0,1.0,0.0,0.0,0.5432502085850549
1142,762f200cb2556d1a2,True,,,,,,,,,,0.0,0.0,1.0,1.0,1.0,0.0,1.0,1.0,0.0,0.0
1143,e44f39d800c679960,True,,,,,,,,,,1.0,1.0,1.0,1.0,0.7927194117925708,1.0,1.0,1.0,1.0,0.9352248161851784
1144,a87447007dd75f539,True,,,,,,,,,,1.0,1.0,1.0,1.0,0.5526598804416065,1.0,1.0,1.0,0.0,0.735206212638002
1145,dc7426c833a3749d6,True,,,,,,,,,,1.0,0.0,1.0,1.0,0.6844570168316461,1.0,1.0,1.0,0.0,0.0
1146,a34d3365f758f1c85,True,,,,,,,,,,1.0,1.0,1.0,1.0,0.827894664044698,1.0,0.0,1.0,1.0,0.8212170825139682
1147,aa2d7b83ea2052e20,True,,,,,,,,,,1.0,1.0,1.0,1.0,0.8234788785360302,1.0,1.0,1.0,1.0,0.9448371495425094
1148,32dda48eecd064f26,True,,,,,,,,,,1.0,1.0,1.0,1.0,0.27351966882821105,1.0,0.0,1.0,1.0,0.6479748965088159
1149,dec0b3a34c3d245fd,True,,,,,,,,,,1.0,1.0,1.0,1.0,0.3061995198095569,1.0,1.0,1.0,0.0,0.6581873499404866
1150,c69cdc989b0472928,True,,,,,,,,,,1.0,1.0,1.0,1.0,0.7241688600495639,1.0,0.0,1.0,0.0,0.6638027687654887
1151,40fe52aee319a8b70,True,,,,,,,,,,1.0,1.0,1.0,1.0,0.24014541776470247,1.0,1.0,1.0,0.0,0.6375454430514695
1152,7338fea39e2bae90e,True,,,,,,,,,,1.0,1.0,1.0,1.0,0.4795659252828019,1.0,0.0,1.0,1.0,0.7123643516508755
1153,0802cacabc6a28d18,True,,,,,,,,,,1.0,1.0,1.0,1.0,0.7152760906590202,1.0,0.0,1.0,1.0,0.7860237783309438
1154,f38039c54ad8d65a3,True,,,,,,,,,,1.0,1.0,1.0,1.0,0.7194424806798356,1.0,0.0,1.0,1.0,0.7873257752124486
1155,078d13ba093831831,True,,,,,,,,,,1.0,1.0,1.0,1.0,1.0,1.0,1.0,1.0,0.0,0.875
1156,f25f0a0a5f68f4d90,True,,,,,,,,,,1.0,1.0,1.0,1.0,0.6755370857035039,1.0,0.0,1.0,0.0,0.648605339282345
1157,6f5571bbc6dc5faee,True,,,,,,,,,,1.0,1.0,1.0,1.0,0.9199814078888306,1.0,0.0,1.0,0.0,0.7249941899652596
1158,51539f7b502dc9ffd,True,,,,,,,,,,1.0,1.0,1.0,1.0,1.0,1.0,1.0,1.0,1.0,1.0
1159,aecefddf9e7523945,True,,,,,,,,,,1.0,1.0,1.0,1.0,0.5319727990121822,1.0,1.0,1.0,1.0,0.853741499691307
1160,af6044bdbd6647378,True,,,,,,,,,,0.0,1.0,0.0,1.0,1.0,0.0,0.0,1.0,0.0,0.0
1161,6eb14c57428cd1ec1,True,,,,,,,,,,1.0,1.0,1.0,1.0,0.8893961798761215,1.0,1.0,1.0,1.0,0.965436306211288
1162,c3d1977a554fb24b2,True,,,,,,,,,,1.0,1.0,1.0,1.0,0.3664824190613013,1.0,0.0,1.0,0.0,0.5520257559566566
1163,da024028d53215ba3,True,,,,,,,,,,1.0,1.0,1.0,1.0,0.6659640306315882,1.0,1.0,1.0,1.0,0.8956137595723713
1164,f0a661b0e2a358ecf,True,,,,,,,,,,1.0,1.0,1.0,1.0,0.3110149303112548,1.0,1.0,1.0,1.0,0.7846921657222672
1165,0f02c8c55a251c58b,True,,,,,,,,,,0.0,1.0,1.0,1.0,1.0,0.0,0.0,1.0,1.0,0.0
1166,581c763cd78c9643e,True,,,,,,,,,,1.0,0.0,1.0,1.0,1.0,1.0,1.0,1.0,1.0,0.0
1167,00caf7c273c7d5065,True,,,,,,,,,,1.0,1.0,1.0,1.0,0.9405408000748936,1.0,1.0,1.0,1.0,0.9814190000234042
1168,d7f69774de0c9938e,True,,,,,,,,,,1.0,0.0,1.0,1.0,0.8449464973176207,1.0,1.0,1.0,1.0,0.0
1169,5d7c10a16ad487174,True,,,,,,,,,,1.0,1.0,1.0,1.0,1.0,1.0,0.0,1.0,1.0,0.875
1170,0502403f486b71c32,True,,,,,,,,,,1.0,1.0,1.0,1.0,0.5813780677708165,1.0,1.0,1.0,1.0,0.8691806461783802
1171,1169425dafd2dc633,True,,,,,,,,,,1.0,1.0,1.0,1.0,0.7440532767913688,1.0,1.0,1.0,0.0,0.7950166489973027
1172,2999813e6f4624d21,True,,,,,,,,,,0.0,1.0,1.0,1.0,1.0,0.0,0.0,1.0,0.0,0.0
1173,9105cbfa672b3e348,True,,,,,,,,,,1.0,1.0,1.0,1.0,1.0,1.0,0.0,1.0,0.0,0.75
1174,b32be2ef15c6d9947,True,,,,,,,,,,1.0,1.0,1.0,1.0,0.6202814217120876,1.0,1.0,1.0,0.0,0.7563379442850273
1175,bcb569c08d9409956,True,,,,,,,,,,1.0,0.0,1.0,1.0,0.4946288789607921,1.0,0.0,1.0,0.0,0.0
1176,03e37daebfce2fb65,True,,,,,,,,,,0.5,1.0,1.0,1.0,1.0,0.0,1.0,1.0,1.0,0.34375
1177,4d115c250e5dc02b1,True,,,,,,,,,,1.0,1.0,1.0,1.0,0.5649530881134782,1.0,1.0,1.0,1.0,0.864047840035462
1178,6d11863653324dee3,True,,,,,,,,,,0.0,1.0,1.0,1.0,1.0,0.0,0.0,1.0,1.0,0.0
1179,9aae6ea45a3c7efaf,True,,,,,,,,,,1.0,1.0,0.5,1.0,0.8345863387970887,1.0,1.0,1.0,1.0,0.4741541154370451
1180,e5e284a0009e877d9,True,,,,,,,,,,1.0,0.0,0.0,1.0,1.0,1.0,0.0,1.0,1.0,0.0
1181,66f2ad1b5f1ca119d,True,,,,,,,,,,1.0,0.0,1.0,1.0,0.9589564981980013,1.0,1.0,1.0,0.0,0.0
1182,01ac04b9f18ecdbc6,True,,,,,,,,,,1.0,0.0,1.0,1.0,1.0,1.0,1.0,1.0,0.0,0.0
1183,a3adc8c27da8f8689,True,,,,,,,,,,1.0,1.0,1.0,1.0,0.5919277390179307,1.0,1.0,1.0,0.0,0.7474774184431033
1184,0e55c21e09e86d8ba,True,,,,,,,,,,1.0,1.0,1.0,1.0,0.5959186124781228,1.0,1.0,1.0,0.0,0.7487245663994133
1185,9eaf4038cc95831dd,True,,,,,,,,,,1.0,1.0,1.0,1.0,0.981894894150507,1.0,0.0,1.0,1.0,0.8693421544220334
1186,8ea9dd3d247a8435f,True,,,,,,,,,,1.0,1.0,1.0,1.0,0.4519283934327261,1.0,0.0,1.0,1.0,0.703727622947727
1187,977312aa1b30d7f8f,True,,,,,,,,,,1.0,0.0,1.0,1.0,1.0,1.0,1.0,1.0,1.0,0.0
1188,56cdce665c7a8a742,True,,,,,,,,,,1.0,1.0,1.0,1.0,1.0,1.0,0.0,1.0,0.0,0.75
1189,3c8a99a0db652a225,True,,,,,,,,,,0.0,1.0,1.0,1.0,1.0,0.0,0.0,1.0,0.0,0.0
1190,0a8cbe192f3d3dfba,True,,,,,,,,,,1.0,1.0,1.0,1.0,0.5574336725507542,1.0,1.0,1.0,0.0,0.7366980226721107
1191,5c732851fcda6c88c,True,,,,,,,,,,1.0,1.0,0.5,1.0,0.41705228897091284,1.0,0.0,1.0,0.0,0.28391442015170515
1192,e2ea1000f4e2d0904,True,,,,,,,,,,1.0,1.0,1.0,1.0,0.6002285986485862,1.0,1.0,1.0,1.0,0.8750714370776832
1193,6d342e630c70431ff,True,,,,,,,,,,1.0,1.0,1.0,1.0,0.6905822256830194,1.0,1.0,1.0,1.0,0.9033069455259436
1194,6c8d225b7e93d1ff8,True,,,,,,,,,,1.0,0.0,1.0,1.0,0.8732913487241365,1.0,0.0,0.0,0.0,0.0
1195,3965541eb07d065e9,True,,,,,,,,,,0.0,1.0,1.0,1.0,1.0,0.0,1.0,1.0,1.0,0.0
1196,905ea255ddc3a837c,True,,,,,,,,,,1.0,0.0,1.0,1.0,0.7491319235105168,1.0,1.0,1.0,1.0,0.0
1197,e717e9e58fcb1f253,True,,,,,,,,,,1.0,1.0,1.0,1.0,0.8036774079167437,1.0,0.0,1.0,0.0,0.6886491899739824
1198,cad0619a5797da011,True,,,,,,,,,,1.0,1.0,1.0,1.0,0.5850770570993818,1.0,0.0,1.0,1.0,0.7453365803435568
1199,eb5c033b5d728ecba,True,,,,,,,,,,1.0,1.0,1.0,1.0,0.3005577252409111,1.0,0.0,1.0,0.0,0.5314242891377847
1200,e4c060ddfe2b49190,True,,,,,,,,,,1.0,1.0,1.0,1.0,0.31760549895511275,1.0,1.0,1.0,1.0,0.7867517184234727
1201,4e3a5df59e6d56d34,True,,,,,,,,,,0.0,1.0,1.0,1.0,1.0,0.0,1.0,1.0,0.0,0.0
1202,fd26db12e49fe9b3e,True,,,,,,,,,,1.0,1.0,0.5,1.0,1.0,1.0,0.0,1.0,1.0,0.4375
1203,09abf15b5898e308b,True,,,,,,,,,,1.0,1.0,0.0,1.0,1.0,1.0,0.0,1.0,0.0,0.0
1204,249520f1574eff090,True,,,,,,,,,,1.0,1.0,1.0,1.0,0.21210148069484994,1.0,1.0,1.0,1.0,0.7537817127171407
1205,9b67c7e02ccf82bac,True,,,,,,,,,,1.0,1.0,1.0,1.0,1.0,1.0,0.0,1.0,1.0,0.875
1206,7c851ab07e3f1d15f,True,,,,,,,,,,1.0,1.0,1.0,1.0,0.855579001753307,1.0,1.0,1.0,0.0,0.8298684380479084
1207,69958b4858f9aa696,True,,,,,,,,,,1.0,1.0,1.0,1.0,1.0,1.0,1.0,1.0,0.0,0.875
1208,f86cff80de8851a4b,True,,,,,,,,,,1.0,1.0,1.0,1.0,0.7011782402777611,1.0,1.0,1.0,1.0,0.9066182000868004
1209,7559939decc250054,True,,,,,,,,,,1.0,1.0,1.0,1.0,0.9237026402322411,1.0,1.0,1.0,1.0,0.9761570750725754
1210,961c057965f6951d8,True,,,,,,,,,,1.0,1.0,1.0,1.0,0.9459091962825416,1.0,0.0,1.0,0.0,0.7330966238382942
1211,bc4f98185e46d819e,True,,,,,,,,,,1.0,1.0,0.5,1.0,1.0,1.0,1.0,1.0,1.0,0.5
1212,cff8174da68b6ed57,True,,,,,,,,,,1.0,1.0,1.0,1.0,0.6344914351482407,1.0,0.0,1.0,0.0,0.6357785734838253
1213,520f935b586e7b731,True,,,,,,,,,,1.0,1.0,1.0,1.0,1.0,1.0,0.0,1.0,0.0,0.75
1214,65e1feb850bbe8c9b,True,,,,,,,,,,1.0,1.0,0.5,1.0,1.0,1.0,0.0,1.0,1.0,0.4375
1215,8dfa62e95dcb416e8,True,,,,,,,,,,1.0,1.0,1.0,1.0,0.6031843459507991,1.0,1.0,1.0,1.0,0.8759951081096247
1216,4ac58ee8e6463cde1,True,,,,,,,,,,1.0,1.0,1.0,1.0,0.48336100851873953,1.0,0.0,1.0,1.0,0.7135503151621061
1217,a9b1d16817d446b6e,True,,,,,,,,,,1.0,1.0,1.0,1.0,0.8458840674572325,1.0,1.0,1.0,1.0,0.9518387710803852
1218,3fb88c089daff90ac,True,,,,,,,,,,1.0,1.0,1.0,1.0,0.8599582434627707,1.0,1.0,1.0,1.0,0.9562369510821158
1219,de1d1d3fbf4860a8c,True,,,,,,,,,,0.0,1.0,0.0,1.0,1.0,0.0,0.0,1.0,1.0,0.0
1220,b5026163c611c7730,True,,,,,,,,,,1.0,1.0,1.0,1.0,0.9411757584525862,1.0,1.0,1.0,1.0,0.9816174245164332
1221,16a84f7e077130ca6,True,,,,,,,,,,1.0,1.0,0.0,1.0,1.0,1.0,0.0,1.0,1.0,0.0
1222,25afbc08ad962c6cd,True,,,,,,,,,,0.0,1.0,1.0,1.0,1.0,0.0,0.0,1.0,0.0,0.0
1223,e03e2999009dbd343,True,,,,,,,,,,1.0,1.0,1.0,1.0,0.7747444214087956,1.0,0.0,1.0,0.0,0.6796076316902486
1224,6ad5915978b38db9e,True,,,,,,,,,,1.0,1.0,1.0,1.0,0.8561947903472111,1.0,0.0,1.0,1.0,0.8300608719835034
1225,d3a6f863fceaf4d0e,True,,,,,,,,,,0.0,1.0,1.0,1.0,0.22692224506909908,0.0,1.0,1.0,1.0,0.0
1226,a230273e8dabb271d,True,,,,,,,,,,1.0,1.0,1.0,1.0,1.0,1.0,0.0,1.0,0.0,0.75
1227,232ee9d7342aed6a0,True,,,,,,,,,,1.0,1.0,1.0,1.0,1.0,1.0,1.0,1.0,0.0,0.875
1228,fbcd36a566009598c,True,,,,,,,,,,1.0,1.0,0.0,1.0,1.0,1.0,0.0,1.0,1.0,0.0
1229,fb300036a09e3c31c,True,,,,,,,,,,1.0,0.0,1.0,1.0,1.0,0.0,0.0,1.0,0.0,0.0
1230,646aa5cbfd5f84a9e,True,,,,,,,,,,1.0,1.0,0.5,1.0,0.8277165556326663,1.0,0.0,1.0,1.0,0.41058071181760414
1231,4f54492b07cc07b87,True,,,,,,,,,,0.0,0.0,0.5,1.0,1.0,0.0,0.0,1.0,0.0,0.0
1232,8995bd04ab8959f6a,True,,,,,,,,,,0.0,0.0,1.0,1.0,1.0,0.0,1.0,1.0,0.0,0.0
1233,60849e221db8f770d,True,,,,,,,,,,1.0,1.0,1.0,0.0,1.0,1.0,0.0,1.0,1.0,0.0
1234,fc6b7a66f2b28cca4,True,,,,,,,,,,0.0,1.0,1.0,1.0,1.0,0.0,0.0,1.0,0.0,0.0
1235,aad606c2d4cfea9a1,True,,,,,,,,,,1.0,1.0,1.0,1.0,0.7561115456648443,1.0,1.0,1.0,0.0,0.7987848580202639
1236,01529344a0b068d88,True,,,,,,,,,,1.0,1.0,1.0,1.0,0.4283630861637181,1.0,1.0,1.0,0.0,0.6963634644261619
1237,c6e091204feb3069c,True,,,,,,,,,,1.0,1.0,1.0,1.0,0.5096004689586286,1.0,1.0,1.0,0.0,0.7217501465495715
1238,07095ff9932043d86,True,,,,,,,,,,0.0,1.0,1.0,1.0,1.0,0.0,1.0,1.0,0.0,0.0
1239,0a74d996f43c7783c,True,,,,,,,,,,1.0,1.0,1.0,1.0,1.0,1.0,1.0,1.0,1.0,1.0
1240,0c90e4fca67a92e84,True,,,,,,,,,,0.0,1.0,1.0,1.0,1.0,0.0,0.0,1.0,0.0,0.0
1241,188fef8a871d3bb74,True,,,,,,,,,,0.0,1.0,0.0,1.0,1.0,0.0,0.0,1.0,1.0,0.0
1242,b6ff83d0cafd7c12e,True,,,,,,,,,,1.0,0.0,1.0,1.0,0.4953286058889429,1.0,0.0,1.0,1.0,0.0
1243,241e6bedc6fcf2de4,True,,,,,,,,,,0.0,0.0,1.0,1.0,1.0,0.0,1.0,1.0,1.0,0.0
1244,e4b33d7affe423d8f,True,,,,,,,,,,1.0,1.0,1.0,1.0,1.0,1.0,1.0,1.0,0.0,0.875
1245,ff2edd12a568b7eac,True,,,,,,,,,,1.0,1.0,1.0,1.0,0.7893865602958321,1.0,0.0,1.0,1.0,0.8091833000924475
1246,c783da5c9c8124365,True,,,,,,,,,,1.0,1.0,0.0,1.0,1.0,1.0,0.0,1.0,1.0,0.0
1247,ac59b5b148af8474e,True,,,,,,,,,,1.0,1.0,1.0,1.0,0.4828282145156366,1.0,1.0,1.0,1.0,0.8383838170361364
1248,ddad060b5ec9428e3,True,,,,,,,,,,1.0,0.0,1.0,1.0,1.0,1.0,0.0,1.0,0.0,0.0
1249,df49c73fde01293e8,True,,,,,,,,,,1.0,1.0,1.0,1.0,1.0,1.0,1.0,1.0,0.0,0.875
1250,d932bcf26367122a9,True,,,,,,,,,,1.0,0.0,1.0,1.0,1.0,1.0,0.0,1.0,1.0,0.0
1251,946712c7d5a1cec37,True,,,,,,,,,,1.0,1.0,0.5,1.0,1.0,1.0,0.0,1.0,1.0,0.4375
1252,52beeecb68d3427e9,True,,,,,,,,,,1.0,1.0,1.0,1.0,0.7360735574711439,1.0,1.0,1.0,0.0,0.7925229867097325
1253,704a2b5191f2e8c04,True,,,,,,,,,,1.0,1.0,1.0,1.0,0.4378507313027505,1.0,0.0,1.0,1.0,0.6993283535321095
1254,47bbf73e6941376ea,True,,,,,,,,,,1.0,1.0,1.0,1.0,0.7506704245679218,1.0,1.0,1.0,0.0,0.7970845076774755
1255,af7c2f2eb8cc6b36d,True,,,,,,,,,,1.0,0.0,1.0,1.0,1.0,1.0,1.0,1.0,0.0,0.0
1256,a4d8865551f14fe33,True,,,,,,,,,,1.0,1.0,1.0,1.0,0.7265508179033167,1.0,0.0,1.0,1.0,0.7895471305947864
1257,f5a7ab053fe5143f8,True,,,,,,,,,,1.0,1.0,1.0,1.0,1.0,1.0,0.0,1.0,1.0,0.875
1258,8c3b732ea1b87e65b,True,,,,,,,,,,1.0,1.0,1.0,1.0,0.5874134689560936,1.0,1.0,1.0,0.0,0.7460667090487793
1259,81742324c5b46cc6f,True,,,,,,,,,,0.0,1.0,1.0,1.0,0.8213798195515172,0.0,0.0,1.0,0.0,0.0
1260,026597b466e481724,True,,,,,,,,,,1.0,1.0,1.0,1.0,0.7973517121686335,1.0,1.0,1.0,0.0,0.811672410052698
1261,5e6df44031e160cad,True,,,,,,,,,,1.0,0.0,1.0,1.0,1.0,1.0,1.0,1.0,0.0,0.0
1262,9686cdc1f5f01d68e,True,,,,,,,,,,0.0,1.0,1.0,1.0,1.0,0.0,1.0,1.0,0.0,0.0
1263,014d40ca62123c161,True,,,,,,,,,,1.0,0.0,1.0,1.0,1.0,1.0,1.0,1.0,0.0,0.0
1264,a71e198a60b5a7b1b,True,,,,,,,,,,1.0,1.0,1.0,1.0,0.6890931502793802,1.0,1.0,1.0,0.0,0.7778416094623063
1265,bc8f20a64d1f52826,True,,,,,,,,,,1.0,1.0,1.0,1.0,0.37846527157535254,1.0,1.0,1.0,1.0,0.8057703973672976
1266,5421fa2f2e2b4cb13,True,,,,,,,,,,1.0,1.0,1.0,1.0,1.0,1.0,0.0,1.0,0.0,0.75
1267,11143001e21e68daf,True,,,,,,,,,,1.0,1.0,0.5,1.0,0.6599394775557259,1.0,1.0,1.0,1.0,0.44686554336808215
1268,bc310295755fb7084,True,,,,,,,,,,1.0,0.0,1.0,1.0,0.9122401912852341,1.0,1.0,1.0,0.0,0.0
1269,2a61f186fe92b261b,True,,,,,,,,,,0.0,1.0,0.0,1.0,1.0,0.0,0.0,1.0,0.0,0.0
1270,94d9715aabd9df7cd,True,,,,,,,,,,1.0,1.0,1.0,1.0,1.0,1.0,1.0,1.0,1.0,1.0
1271,d4866f416d8d48597,True,,,,,,,,,,1.0,0.0,1.0,1.0,1.0,1.0,1.0,1.0,1.0,0.0
1272,4d27e0875d79e55cb,True,,,,,,,,,,1.0,1.0,1.0,1.0,0.2698084230525707,1.0,1.0,1.0,1.0,0.7718151322039284
1273,5e5905ae1266bc1cb,True,,,,,,,,,,1.0,1.0,1.0,1.0,0.7733830608945851,1.0,1.0,1.0,1.0,0.9291822065295579
1274,3f5815868e493295e,True,,,,,,,,,,1.0,1.0,1.0,1.0,0.7834557131257801,1.0,1.0,1.0,1.0,0.9323299103518063
1275,93f8da10fb7af1122,True,,,,,,,,,,1.0,0.0,1.0,1.0,1.0,1.0,0.0,1.0,1.0,0.0
1276,e52b7d36af99f123d,True,,,,,,,,,,1.0,1.0,1.0,1.0,0.9031618775033058,1.0,1.0,1.0,0.0,0.8447380867197831
1277,fb83d9aa77ed50be0,True,,,,,,,,,,1.0,1.0,1.0,1.0,1.0,1.0,1.0,1.0,1.0,1.0
1278,5f19a901791abf90c,True,,,,,,,,,,1.0,1.0,1.0,1.0,0.5728158778748117,1.0,0.0,1.0,0.0,0.6165049618358787
1279,606f1011a6999f264,True,,,,,,,,,,0.0,1.0,1.0,1.0,1.0,1.0,1.0,1.0,1.0,0.0
1280,da1d2937d8bad05e3,True,,,,,,,,,,1.0,1.0,1.0,1.0,0.43592995858378836,1.0,1.0,1.0,0.0,0.6987281120574338
1281,67df061cc3bf5fa44,True,,,,,,,,,,1.0,1.0,1.0,1.0,0.5710711283034785,1.0,1.0,1.0,1.0,0.865959727594837
1282,5a89225b2405d13d7,True,,,,,,,,,,1.0,1.0,1.0,1.0,0.7767821331570652,1.0,0.0,1.0,1.0,0.8052444166115829
1283,fd7d31b9e1dfb00e7,True,,,,,,,,,,1.0,1.0,1.0,1.0,1.0,1.0,1.0,1.0,0.0,0.875
1284,0f9705c901c463e2c,True,,,,,,,,,,1.0,1.0,1.0,1.0,0.4659859734186041,1.0,1.0,1.0,0.0,0.7081206166933138
1285,65b5a6fd57eb4ffb9,True,,,,,,,,,,1.0,1.0,1.0,1.0,1.0,1.0,0.0,1.0,1.0,0.875
1286,a60992b05822c13e5,True,,,,,,,,,,1.0,1.0,1.0,1.0,0.9320264137719326,1.0,0.0,1.0,1.0,0.853758254303729
1287,8fe0f4c205937d179,True,,,,,,,,,,1.0,1.0,1.0,1.0,1.0,1.0,0.0,1.0,0.0,0.75
1288,8f6e1b2f271bab9a1,True,,,,,,,,,,1.0,1.0,1.0,1.0,0.15727148155251056,1.0,0.0,1.0,0.0,0.4866473379851596
1289,5f2d4a6779083a87d,True,,,,,,,,,,1.0,1.0,1.0,1.0,0.6797384597014726,1.0,1.0,1.0,1.0,0.8999182686567102
1290,1056c520c5f8da5e9,True,,,,,,,,,,1.0,1.0,1.0,1.0,1.0,1.0,1.0,1.0,0.0,0.875
1291,756e98a2a3d823c33,True,,,,,,,,,,1.0,1.0,1.0,1.0,0.6686063857520252,1.0,0.0,1.0,1.0,0.7714394955475079
1292,dd2c6fc9d1939f427,True,,,,,,,,,,1.0,1.0,1.0,1.0,0.31129737114932865,1.0,0.0,1.0,1.0,0.6597804284841652
1293,13f2d7e9ace73e420,True,,,,,,,,,,0.0,1.0,1.0,1.0,1.0,0.0,0.0,1.0,1.0,0.0
1294,1572e57c1e71e8774,True,,,,,,,,,,1.0,1.0,1.0,1.0,0.531684895037202,1.0,1.0,1.0,0.0,0.7286515296991256
1295,7c028a0e38d689322,True,,,,,,,,,,1.0,1.0,1.0,1.0,1.0,1.0,0.0,1.0,0.0,0.75
1296,d362ccbdddf4e0d3f,True,,,,,,,,,,1.0,0.0,1.0,1.0,1.0,1.0,0.0,1.0,1.0,0.0
1297,205bfe6adc22021bb,True,,,,,,,,,,1.0,1.0,1.0,1.0,0.5963081854739553,1.0,1.0,1.0,0.0,0.748846307960611
1298,226f8f3910e177d34,True,,,,,,,,,,1.0,1.0,1.0,1.0,0.7910320659412844,1.0,1.0,1.0,0.0,0.8096975206066513
1299,531b93949ba10107b,True,,,,,,,,,,1.0,0.0,0.0,1.0,1.0,1.0,0.0,1.0,1.0,0.0
1300,34c0cbcc136c66c89,True,,,,,,,,,,1.0,1.0,1.0,1.0,0.871486602836749,1.0,0.0,1.0,1.0,0.834839563386484
1301,b0b33738475eb449a,True,,,,,,,,,,1.0,1.0,0.0,1.0,0.864291791530138,1.0,0.0,1.0,1.0,0.0
1302,fbc47d17828f56207,True,,,,,,,,,,1.0,1.0,0.0,1.0,0.9270004322392307,1.0,0.0,1.0,1.0,0.0
1303,4923ab814b3842354,True,,,,,,,,,,1.0,1.0,1.0,1.0,0.17047218064180708,1.0,1.0,1.0,1.0,0.7407725564505647
1304,3a09d1ed3abb7ce82,True,,,,,,,,,,1.0,1.0,0.0,1.0,1.0,1.0,0.0,1.0,1.0,0.0
1305,4699eb47aa0ff2aa8,True,,,,,,,,,,0.0,1.0,1.0,1.0,1.0,0.0,0.0,1.0,0.0,0.0
1306,506ef1fd93816539d,True,,,,,,,,,,1.0,1.0,1.0,1.0,1.0,1.0,1.0,1.0,1.0,1.0
1307,050eb5c5cd6081213,True,,,,,,,,,,1.0,1.0,1.0,1.0,0.33078611907498595,1.0,1.0,1.0,1.0,0.7908706622109332
1308,ff06d29f106ca64e4,True,,,,,,,,,,1.0,1.0,1.0,1.0,1.0,1.0,1.0,1.0,1.0,1.0
1309,22e34699b1bc71621,True,,,,,,,,,,1.0,1.0,1.0,1.0,0.9537970271813699,1.0,1.0,1.0,0.0,0.8605615709941781
1310,703b1c2f2088dc549,True,,,,,,,,,,0.0,1.0,1.0,1.0,1.0,0.0,1.0,1.0,1.0,0.0
1311,f89453f475567e939,True,,,,,,,,,,1.0,1.0,1.0,1.0,1.0,1.0,1.0,1.0,0.0,0.875
1312,71fe821c1ced6591c,True,,,,,,,,,,1.0,1.0,1.0,1.0,0.8557317892540557,1.0,0.0,1.0,1.0,0.8299161841418924
1313,9e8f8fed1883534f6,True,,,,,,,,,,1.0,0.0,0.0,1.0,1.0,1.0,0.0,1.0,0.0,0.0
1314,1307b26ce3d38f704,True,,,,,,,,,,1.0,1.0,0.0,1.0,1.0,1.0,0.0,1.0,0.0,0.0
1315,6bb22c30119ed991a,True,,,,,,,,,,1.0,1.0,1.0,1.0,0.4943193340089514,1.0,0.0,1.0,0.0,0.5919747918777973
1316,2e14fecb99657b5f6,True,,,,,,,,,,1.0,1.0,1.0,1.0,0.8587557050371718,1.0,1.0,1.0,1.0,0.9558611578241162
1317,dc83f2167ec7e2ca3,True,,,,,,,,,,1.0,1.0,1.0,1.0,1.0,1.0,0.0,1.0,0.0,0.75
1318,c596165a8d328b5dd,True,,,,,,,,,,1.0,1.0,0.5,1.0,1.0,1.0,1.0,1.0,1.0,0.5
1319,17e36b4f4f12c5fd5,True,,,,,,,,,,1.0,1.0,1.0,1.0,0.8250792669363548,1.0,1.0,1.0,1.0,0.9453372709176109
1320,067988277091a3762,True,,,,,,,,,,1.0,1.0,1.0,1.0,0.41419075104372993,1.0,1.0,1.0,0.0,0.6919346097011656
1321,88f98f8020b3e0f5f,True,,,,,,,,,,0.0,1.0,1.0,1.0,1.0,0.0,0.0,0.0,0.0,0.0
1322,3eee54f31bcaed95d,True,,,,,,,,,,1.0,0.0,1.0,1.0,0.5819745360694819,1.0,0.0,1.0,1.0,0.0
1323,cbeda6fcf87d3407c,True,,,,,,,,,,1.0,1.0,1.0,1.0,0.36557101541559994,1.0,0.0,1.0,0.0,0.5517409423173749
1324,e1275cf277c0a36c1,True,,,,,,,,,,1.0,1.0,0.0,1.0,0.7972652599555257,1.0,0.0,1.0,1.0,0.0
1325,87555f32aa4e45c55,True,,,,,,,,,,1.0,1.0,1.0,1.0,0.65589374985965,1.0,1.0,1.0,0.0,0.7674667968311406
1326,c7eba674ea24ca81f,True,,,,,,,,,,0.0,1.0,1.0,1.0,1.0,0.0,0.0,1.0,0.0,0.0
1327,25ca5866628df2ed3,True,,,,,,,,,,1.0,1.0,1.0,1.0,0.6664632275509917,1.0,1.0,1.0,0.0,0.7707697586096849
1328,49f77b5c62d2c5787,True,,,,,,,,,,1.0,1.0,1.0,1.0,0.6568538029262015,1.0,1.0,1.0,0.0,0.767766813414438
1329,665d1799755e51e9a,True,,,,,,,,,,1.0,1.0,1.0,1.0,0.800210416853762,1.0,0.0,1.0,1.0,0.8125657552668006
1330,eeccf27f0b76f2d75,True,,,,,,,,,,1.0,1.0,1.0,1.0,0.586302900360932,1.0,1.0,1.0,0.0,0.7457196563627913
1331,c8508736bb790cc27,True,,,,,,,,,,1.0,1.0,1.0,1.0,0.5414713053984661,1.0,1.0,1.0,0.0,0.7317097829370207
1332,cdb80903b75b86325,True,,,,,,,,,,1.0,1.0,1.0,1.0,0.7441915583005557,1.0,0.0,1.0,0.0,0.6700598619689236
1333,c4630acafb54056da,True,,,,,,,,,,1.0,1.0,0.0,1.0,0.754368769748661,1.0,0.0,1.0,1.0,0.0
1334,4bec08cedd964d496,True,,,,,,,,,,1.0,0.0,1.0,1.0,1.0,1.0,1.0,1.0,1.0,0.0
1335,0d85be806c3ea78b8,True,,,,,,,,,,1.0,1.0,1.0,1.0,1.0,1.0,0.0,1.0,1.0,0.875
1336,c07fcc57d1a2e1388,True,,,,,,,,,,1.0,0.0,1.0,1.0,0.2835149651460773,1.0,1.0,1.0,1.0,0.0
1337,ca9875b6ae5e08eed,True,,,,,,,,,,1.0,1.0,1.0,1.0,1.0,1.0,0.0,1.0,1.0,0.875
1338,fa7ca9fcddad7a40d,True,,,,,,,,,,1.0,0.0,1.0,1.0,0.6590083410657462,1.0,0.0,1.0,1.0,0.0
1339,2c6298b7b191f9461,True,,,,,,,,,,1.0,1.0,1.0,1.0,0.6632123116568736,1.0,1.0,1.0,1.0,0.894753847392773
1340,7e2d7288e94ae54c5,True,,,,,,,,,,1.0,1.0,1.0,1.0,0.3892393349156345,1.0,1.0,1.0,1.0,0.8091372921611357
1341,dc9a1a64623f4ee2a,True,,,,,,,,,,1.0,1.0,1.0,1.0,0.4127114346299292,1.0,0.0,1.0,1.0,0.6914723233218529
1342,2f841ea41e11faf68,True,,,,,,,,,,1.0,1.0,0.0,1.0,0.8020798239452698,1.0,0.0,1.0,1.0,0.0
1343,3f4e1856faab2a6f3,True,,,,,,,,,,1.0,1.0,1.0,1.0,0.9283814876446399,1.0,0.0,1.0,0.0,0.72761921488895
1344,da19f3b30489b58f8,True,,,,,,,,,,0.0,1.0,1.0,1.0,1.0,0.0,1.0,0.0,0.0,0.0
1345,b46226c085423d5a9,True,,,,,,,,,,1.0,1.0,1.0,1.0,0.5087592519792863,1.0,1.0,1.0,1.0,0.846487266243527
1346,370e1eb0a4295a2bc,True,,,,,,,,,,1.0,1.0,0.0,1.0,1.0,1.0,0.0,0.0,0.0,0.0
1347,a874b5928d421efad,True,,,,,,,,,,1.0,1.0,1.0,1.0,0.43645677983216086,1.0,1.0,1.0,1.0,0.8238927436975503
1348,fff510b0ac67a1e0a,True,,,,,,,,,,1.0,1.0,1.0,1.0,0.34453828645838586,1.0,0.0,1.0,1.0,0.6701682145182456
1349,3e5e5f35dd00868f1,True,,,,,,,,,,1.0,1.0,1.0,1.0,1.0,0.0,1.0,1.0,0.0,0.5625
1350,6cb50088281513418,True,,,,,,,,,,1.0,1.0,1.0,1.0,0.742971501208934,1.0,1.0,1.0,0.0,0.7946785941277918
1351,14159a93c87271ed1,True,,,,,,,,,,1.0,1.0,1.0,1.0,1.0,1.0,0.0,1.0,0.0,0.75
1352,89d2e289ba7d3fd79,True,,,,,,,,,,1.0,1.0,0.0,1.0,1.0,1.0,0.0,1.0,1.0,0.0
1353,7daae87faa1540ace,True,,,,,,,,,,1.0,1.0,1.0,1.0,0.8285865840522498,1.0,0.0,1.0,1.0,0.821433307516328
1354,76a0cb9becd094e36,True,,,,,,,,,,1.0,1.0,1.0,1.0,0.9055123681046251,1.0,1.0,1.0,0.0,0.8454726150326953
1355,6e1dbb531aa7e9555,True,,,,,,,,,,1.0,1.0,1.0,1.0,0.43943375984113925,1.0,0.0,1.0,0.0,0.574823049950356
1356,00fac31cd24587354,True,,,,,,,,,,1.0,1.0,1.0,1.0,0.9663663440826016,1.0,0.0,1.0,0.0,0.7394894825258129
1357,7b35876d62521ffc5,True,,,,,,,,,,1.0,1.0,0.0,1.0,0.8643994495845311,1.0,0.0,1.0,0.0,0.0
1358,ceec882b56eebd8c4,True,,,,,,,,,,1.0,1.0,1.0,1.0,0.7377331900132097,1.0,1.0,1.0,0.0,0.7930416218791281
1359,9e1b38c16d0ece554,True,,,,,,,,,,1.0,1.0,1.0,1.0,0.806352403611279,1.0,1.0,1.0,1.0,0.9394851261285246
1360,1977bcc474e42d28a,True,,,,,,,,,,1.0,1.0,0.5,1.0,1.0,1.0,0.0,1.0,0.0,0.375
1361,a0c6dbfad5c2cef6e,True,,,,,,,,,,1.0,1.0,0.5,1.0,1.0,1.0,0.0,1.0,1.0,0.4375
1362,0d922ca55b8036075,True,,,,,,,,,,1.0,1.0,1.0,1.0,0.7474147302545936,1.0,1.0,1.0,1.0,0.9210671032045605
1363,b2b89aaeeff8dd8dd,True,,,,,,,,,,1.0,0.0,0.0,1.0,1.0,1.0,0.0,1.0,0.0,0.0
1364,6280da1271d9fac21,True,,,,,,,,,,1.0,1.0,1.0,1.0,1.0,1.0,0.0,1.0,0.0,0.75
1365,429111d26e72d90ae,True,,,,,,,,,,1.0,1.0,1.0,1.0,1.0,1.0,1.0,1.0,0.0,0.875
1366,6f43b1ff7218bc4e6,True,,,,,,,,,,1.0,1.0,1.0,1.0,0.3784499565468437,1.0,1.0,1.0,1.0,0.8057656114208886
1367,ecefe6eb9d594a685,True,,,,,,,,,,1.0,1.0,1.0,1.0,0.9799687840116236,1.0,1.0,1.0,1.0,0.9937402450036323
1368,daba931964ff703a5,True,,,,,,,,,,1.0,1.0,1.0,1.0,0.325731345003178,1.0,1.0,1.0,0.0,0.6642910453134931
1369,1101b454c3a1637f1,True,,,,,,,,,,1.0,1.0,1.0,1.0,0.4060486615712362,1.0,0.0,1.0,1.0,0.6893902067410114
1370,061cce46c96a0fd2c,True,,,,,,,,,,1.0,1.0,1.0,1.0,0.3266275660174466,1.0,0.0,1.0,0.0,0.539571114380452
1371,8381bad892c31cd51,True,,,,,,,,,,0.5,0.0,0.0,1.0,1.0,0.0,0.0,1.0,1.0,0.0
1372,2d56e1301f6cafa55,True,,,,,,,,,,0.0,1.0,1.0,1.0,1.0,0.0,1.0,1.0,0.0,0.0
1373,3ba190ee6bf34b836,True,,,,,,,,,,1.0,1.0,1.0,1.0,1.0,1.0,0.0,1.0,1.0,0.875
1374,aae1bf6255a96ecbe,True,,,,,,,,,,1.0,1.0,1.0,1.0,1.0,1.0,1.0,1.0,0.0,0.875
1375,70fff47737f1e15b4,True,,,,,,,,,,1.0,1.0,1.0,1.0,0.6873998336152056,1.0,1.0,1.0,1.0,0.9023124480047517
1376,3c2d7205574952616,True,,,,,,,,,,1.0,1.0,1.0,1.0,0.969955609124925,0.0,0.0,1.0,0.0,0.42811112785153904
1377,1c973ecab8156df90,True,,,,,,,,,,1.0,1.0,1.0,1.0,1.0,1.0,0.0,1.0,1.0,0.875
1378,a2b81e8e944dc724f,True,,,,,,,,,,1.0,1.0,1.0,1.0,0.7422441381886603,1.0,0.0,1.0,1.0,0.7944512931839564
1379,f2ee403d63c2cb379,True,,,,,,,,,,1.0,1.0,0.0,1.0,1.0,1.0,0.0,1.0,0.0,0.0
1380,b7f6a370ec46c9fef,True,,,,,,,,,,1.0,1.0,1.0,1.0,0.4573502995140097,1.0,1.0,1.0,0.0,0.705421968598128
1381,a70343efbae4bbaab,True,,,,,,,,,,1.0,0.0,1.0,1.0,1.0,1.0,0.0,1.0,1.0,0.0
1382,1a67fcc3becbce6bf,True,,,,,,,,,,1.0,1.0,1.0,1.0,0.9639117978513101,1.0,0.0,1.0,1.0,0.8637224368285343
1383,95f89994ef4b0b0e3,True,,,,,,,,,,1.0,1.0,1.0,1.0,0.8792110880645474,1.0,0.0,1.0,1.0,0.8372534650201711
1384,c598788caa8a8109f,True,,,,,,,,,,1.0,1.0,1.0,1.0,0.4128991160497952,1.0,1.0,1.0,0.0,0.691530973765561
1385,3c7f6147a0608469d,True,,,,,,,,,,1.0,0.0,0.5,1.0,1.0,1.0,1.0,1.0,0.0,0.0
1386,df73f150c23f6aeec,True,,,,,,,,,,1.0,0.0,0.0,1.0,1.0,1.0,0.0,1.0,0.0,0.0
1387,2b19e158862e6b7cd,True,,,,,,,,,,1.0,1.0,1.0,1.0,0.7713381779407663,1.0,0.0,1.0,1.0,0.8035431806064894
1388,37965fbc732bb2aaf,True,,,,,,,,,,1.0,1.0,1.0,1.0,0.6680313664072455,1.0,1.0,1.0,1.0,0.8962598020022642
1389,47349a858e8660e9e,True,,,,,,,,,,1.0,1.0,1.0,1.0,1.0,1.0,1.0,1.0,1.0,1.0
1390,d400b7a715f88fcf5,True,,,,,,,,,,1.0,0.0,1.0,1.0,0.177380817868357,1.0,0.0,1.0,1.0,0.0
1391,36c18e8d239512a08,True,,,,,,,,,,1.0,1.0,1.0,1.0,1.0,1.0,0.0,1.0,1.0,0.875
1392,32b8d38d96342e28b,True,,,,,,,,,,1.0,1.0,1.0,1.0,0.1753981429878481,1.0,1.0,1.0,1.0,0.7423119196837025
1393,2a862303c565d9ca9,True,,,,,,,,,,1.0,1.0,1.0,1.0,1.0,1.0,0.0,1.0,0.0,0.75
1394,317774c453bf853ce,True,,,,,,,,,,1.0,1.0,1.0,1.0,0.8396450543055496,1.0,0.0,1.0,1.0,0.8248890794704842
1395,1d6a75c2185cddac3,True,,,,,,,,,,1.0,1.0,1.0,1.0,0.2681784769429425,1.0,1.0,1.0,0.0,0.6463057740446696
1396,e9edc42aeefc7e850,True,,,,,,,,,,1.0,1.0,0.0,1.0,0.7596521490064292,1.0,0.0,1.0,1.0,0.0
1397,e422b7a7bb9c41f95,True,,,,,,,,,,0.0,1.0,1.0,1.0,1.0,0.0,1.0,1.0,1.0,0.0
1398,e8015a37a1ba3f7a3,True,,,,,,,,,,1.0,1.0,1.0,1.0,0.6032582869825203,1.0,1.0,1.0,0.0,0.7510182146820376
1399,84ca2983c8da58e9b,True,,,,,,,,,,1.0,1.0,1.0,1.0,1.0,1.0,0.0,1.0,0.0,0.75
1400,a4564a26800be40aa,True,,,,,,,,,,1.0,1.0,0.5,1.0,1.0,0.0,0.0,1.0,1.0,0.28125
1401,ddb023146aa3ea8a6,True,,,,,,,,,,1.0,1.0,1.0,1.0,0.8783252464166403,1.0,1.0,1.0,0.0,0.8369766395052001
1402,4b9efbcd44942d553,True,,,,,,,,,,1.0,1.0,1.0,1.0,0.41826716011221826,1.0,1.0,1.0,0.0,0.6932084875350681
1403,7a9cbf03b55e84c29,True,,,,,,,,,,1.0,1.0,1.0,1.0,0.23266439336053657,1.0,1.0,1.0,1.0,0.7602076229251677
1404,404bfe24cd4dfebb4,True,,,,,,,,,,1.0,1.0,1.0,1.0,1.0,1.0,1.0,1.0,1.0,1.0
1405,d84d05e0468db43cc,True,,,,,,,,,,1.0,1.0,0.0,1.0,1.0,1.0,0.0,1.0,1.0,0.0
1406,c71b26ad44d13d5a5,True,,,,,,,,,,0.0,1.0,1.0,1.0,1.0,0.0,1.0,1.0,1.0,0.0
1407,dbde88bcc1367bd88,True,,,,,,,,,,1.0,1.0,1.0,1.0,0.8421211554086728,1.0,1.0,1.0,0.0,0.8256628610652103
1408,dd7cd37257f99be9e,True,,,,,,,,,,1.0,0.0,1.0,1.0,1.0,1.0,1.0,1.0,1.0,0.0
1409,19c21fee65a87c2d8,True,,,,,,,,,,1.0,1.0,1.0,1.0,0.5871135199683764,1.0,0.0,1.0,1.0,0.7459729749901176
1410,6c19dab64235f6915,True,,,,,,,,,,1.0,0.0,1.0,1.0,0.3825815761550268,1.0,1.0,1.0,1.0,0.0
1411,3e8f802de1e65025d,True,,,,,,,,,,1.0,1.0,1.0,1.0,0.26600341140142475,0.0,0.0,1.0,0.0,0.20812606606294523
1412,d43228a4743b49a37,True,,,,,,,,,,1.0,1.0,1.0,1.0,0.6146825192495329,1.0,1.0,1.0,0.0,0.754588287265479
1413,881878cfae4ce9953,True,,,,,,,,,,1.0,1.0,1.0,1.0,0.6013887891678623,1.0,1.0,1.0,1.0,0.8754339966149569
1414,22a3ae905426058d2,True,,,,,,,,,,1.0,1.0,0.0,1.0,1.0,1.0,0.0,1.0,0.0,0.0
1415,198d109d392dbc280,True,,,,,,,,,,1.0,0.0,1.0,1.0,1.0,0.0,0.0,1.0,0.0,0.0
1416,c24873028db688fff,True,,,,,,,,,,1.0,0.0,1.0,1.0,0.612010821381511,1.0,1.0,1.0,1.0,0.0
1417,444448ad7659dcee6,True,,,,,,,,,,1.0,1.0,1.0,1.0,0.9075007722042732,1.0,0.0,1.0,0.0,0.7210939913138353
1418,76d9e9afdcf9204ad,True,,,,,,,,,,1.0,0.0,1.0,1.0,1.0,1.0,1.0,1.0,0.0,0.0
1419,bc3c63c0479feee36,True,,,,,,,,,,1.0,1.0,1.0,1.0,0.6651885838644346,1.0,1.0,1.0,0.0,0.7703714324576358
1420,fed773a2bcad8ee41,True,,,,,,,,,,1.0,0.0,0.0,1.0,1.0,1.0,0.0,1.0,0.0,0.0
1421,ce40746019045f374,True,,,,,,,,,,1.0,1.0,1.0,1.0,0.9920452015356742,1.0,0.0,1.0,1.0,0.8725141254798983
1422,14a4ca35ab5b9b46d,True,,,,,,,,,,1.0,0.0,0.5,1.0,0.581992881225292,1.0,0.0,1.0,1.0,0.0
1423,2bf48c9a1af27a0a1,True,,,,,,,,,,1.0,1.0,1.0,1.0,0.48778216349230114,1.0,1.0,1.0,1.0,0.839931926091344
1424,01e9b170c5c1365c4,True,,,,,,,,,,1.0,1.0,1.0,1.0,0.5482874908993641,1.0,1.0,1.0,1.0,0.8588398409060513
1425,c47485175a1a20fe8,True,,,,,,,,,,0.0,0.0,0.5,1.0,1.0,0.0,0.0,1.0,0.0,0.0
1426,9d3a947ac7ae15c8a,True,,,,,,,,,,0.0,1.0,1.0,1.0,1.0,0.0,0.0,1.0,1.0,0.0
1427,2e0773dd81838320f,True,,,,,,,,,,1.0,1.0,1.0,1.0,0.8787456608731135,1.0,0.0,1.0,1.0,0.8371080190228479
1428,63b1d16ef6fc7e410,True,,,,,,,,,,1.0,1.0,1.0,1.0,0.6423449836085379,1.0,1.0,1.0,0.0,0.7632328073776681
1429,c43ce94d4cb321477,True,,,,,,,,,,1.0,1.0,1.0,1.0,0.7017133628435306,1.0,1.0,1.0,0.0,0.7817854258886033
1430,120c21d6c27040aa9,True,,,,,,,,,,1.0,1.0,1.0,1.0,0.35928150198361847,1.0,1.0,1.0,1.0,0.7997754693698808
1431,e829e9b1fb63a8774,True,,,,,,,,,,1.0,0.0,1.0,1.0,1.0,1.0,0.0,1.0,1.0,0.0
1432,a70407f928cd54582,True,,,,,,,,,,1.0,1.0,1.0,1.0,0.24200136060223446,1.0,1.0,1.0,1.0,0.7631254251881983
1433,75c869092ef8bc8ce,True,,,,,,,,,,1.0,1.0,1.0,1.0,0.5915038163715468,1.0,1.0,1.0,1.0,0.8723449426161084
1434,b3e74e5b534575941,True,,,,,,,,,,1.0,1.0,1.0,1.0,0.25133449630126126,1.0,1.0,1.0,1.0,0.7660420300941442
1435,f9b2e117ff4ab2884,True,,,,,,,,,,0.0,1.0,1.0,1.0,0.8313266929155672,0.0,1.0,1.0,0.0,0.0
1436,6c762cea7e7e3f6b8,True,,,,,,,,,,0.0,1.0,1.0,1.0,1.0,0.0,1.0,1.0,1.0,0.0
1437,312963b5a180fcf28,True,,,,,,,,,,1.0,0.0,1.0,1.0,0.39127920695283347,1.0,0.0,1.0,1.0,0.0
1438,c3fd5d39095bf7d25,True,,,,,,,,,,0.0,1.0,1.0,1.0,1.0,0.0,0.0,1.0,0.0,0.0
1439,b9cbb58cb1e1b0dee,True,,,,,,,,,,1.0,1.0,1.0,1.0,0.4396865346859527,1.0,1.0,1.0,1.0,0.8249020420893602
1440,3a79a64dc5c7059f8,True,,,,,,,,,,1.0,1.0,1.0,1.0,0.22954757513989257,1.0,1.0,1.0,1.0,0.7592336172312164
1441,3fa85a7614a4df720,True,,,,,,,,,,1.0,1.0,1.0,1.0,0.5699801892865458,1.0,0.0,1.0,1.0,0.7406188091520456
1442,51bb4445380dac75e,True,,,,,,,,,,1.0,1.0,1.0,1.0,0.5621536399182392,1.0,0.0,1.0,1.0,0.7381730124744498
1443,cf6204044bf64f9d2,True,,,,,,,,,,1.0,1.0,1.0,1.0,0.1688708470586458,1.0,1.0,1.0,1.0,0.7402721397058268
1444,939c99b6da1e786f5,True,,,,,,,,,,1.0,1.0,1.0,1.0,0.9672750668359974,1.0,0.0,1.0,1.0,0.8647734583862492
1445,621583964b8d7bc4a,True,,,,,,,,,,1.0,1.0,1.0,1.0,0.5871700533540408,1.0,1.0,1.0,0.0,0.7459906416731378
1446,486ba1da3162e9265,True,,,,,,,,,,0.0,1.0,1.0,1.0,1.0,0.0,0.0,0.0,0.0,0.0
1447,86a97d3341cc8c198,True,,,,,,,,,,1.0,0.0,0.0,1.0,1.0,1.0,0.0,1.0,1.0,0.0
1448,d5c1ffdf7189b229c,True,,,,,,,,,,1.0,0.0,0.5,1.0,1.0,1.0,0.0,0.0,0.0,0.0
1449,1dbcea959d196209c,True,,,,,,,,,,1.0,1.0,1.0,1.0,0.451791057281253,1.0,0.0,1.0,1.0,0.7036847054003916
1450,67ceda29f620bb598,True,,,,,,,,,,1.0,1.0,1.0,1.0,1.0,1.0,1.0,1.0,0.0,0.875
1451,1bb0ace72a38d2201,True,,,,,,,,,,1.0,1.0,1.0,1.0,0.42674361028490204,1.0,1.0,1.0,1.0,0.8208573782140318
1452,1adb976dcfb852711,True,,,,,,,,,,1.0,1.0,1.0,1.0,0.4201695823697077,1.0,1.0,1.0,0.0,0.6938029944905336
1453,ac3ff7df2071920ad,True,,,,,,,,,,1.0,1.0,1.0,1.0,1.0,1.0,0.0,1.0,0.0,0.75
1454,96cc2557a7240b2e7,True,,,,,,,,,,0.0,1.0,1.0,1.0,0.9738489700478781,0.0,1.0,1.0,0.0,0.0
1455,cf74c1bc63f84da49,True,,,,,,,,,,1.0,1.0,1.0,1.0,0.9751999754098284,1.0,1.0,1.0,1.0,0.9922499923155714
1456,c7f30a40dbc7d2bf8,True,,,,,,,,,,1.0,1.0,1.0,1.0,1.0,1.0,1.0,1.0,0.0,0.875
1457,b5d11a125c8146f58,True,,,,,,,,,,1.0,1.0,1.0,1.0,0.8455941363038484,1.0,1.0,1.0,0.0,0.8267481675949526
1458,bb5645d7e55a4f54b,True,,,,,,,,,,0.0,1.0,1.0,1.0,1.0,0.0,0.0,1.0,0.0,0.0
1459,7b88d46ce71736357,True,,,,,,,,,,1.0,1.0,0.5,1.0,1.0,1.0,0.0,1.0,1.0,0.4375
1460,44f34ef68cafc4814,True,,,,,,,,,,1.0,1.0,1.0,1.0,0.3479315614397417,1.0,1.0,1.0,0.0,0.6712286129499193
1461,d53c9d9cbcfbfd03f,True,,,,,,,,,,1.0,1.0,1.0,1.0,0.26285567300271184,1.0,0.0,1.0,0.0,0.5196423978133474
1462,37501de016a2976a7,True,,,,,,,,,,1.0,1.0,1.0,1.0,0.8828149019067034,1.0,1.0,1.0,1.0,0.9633796568458448
1463,03edf6df45ef3dc2c,True,,,,,,,,,,1.0,1.0,1.0,1.0,1.0,1.0,0.0,1.0,1.0,0.875
1464,db738e711b7d7a1c7,True,,,,,,,,,,1.0,1.0,1.0,1.0,0.738979880176168,1.0,1.0,1.0,0.0,0.7934312125550524
1465,c81e1b4650a6a20fd,True,,,,,,,,,,1.0,1.0,1.0,1.0,0.9123475326219938,1.0,1.0,1.0,0.0,0.8476086039443731
1466,edb62f47f8009856e,True,,,,,,,,,,1.0,1.0,1.0,1.0,0.8095552133534363,1.0,1.0,1.0,1.0,0.9404860041729488
1467,8170f12fb1131df99,True,,,,,,,,,,1.0,1.0,1.0,1.0,1.0,1.0,0.0,1.0,1.0,0.875
1468,88438c22da37ffc4f,True,,,,,,,,,,1.0,1.0,1.0,1.0,1.0,1.0,1.0,1.0,1.0,1.0
1469,28d54bc8604f16c63,True,,,,,,,,,,1.0,1.0,1.0,1.0,1.0,1.0,0.0,1.0,0.0,0.75
1470,69c099199ed066a94,True,,,,,,,,,,1.0,1.0,1.0,1.0,0.8394699422218972,1.0,0.0,1.0,1.0,0.8248343569443428
1471,8d442a4953c9da694,True,,,,,,,,,,1.0,1.0,1.0,1.0,0.6780461699332407,1.0,1.0,1.0,1.0,0.8993894281041377
1472,c72e69f316e2cb580,True,,,,,,,,,,1.0,0.0,1.0,1.0,0.6620424520411397,1.0,1.0,1.0,0.0,0.0
1473,2c41c5664b187598f,True,,,,,,,,,,1.0,0.0,1.0,1.0,1.0,1.0,1.0,1.0,1.0,0.0
1474,699104c386f974829,True,,,,,,,,,,0.0,1.0,1.0,1.0,1.0,0.0,0.0,1.0,0.0,0.0
1475,bc730296c22859127,True,,,,,,,,,,1.0,1.0,1.0,1.0,0.8626336641598608,1.0,1.0,1.0,0.0,0.8320730200499564
1476,ae6ddb39ee6d093e7,True,,,,,,,,,,0.0,1.0,1.0,1.0,1.0,0.0,0.0,1.0,1.0,0.0
1477,803a37fc5a01eb03c,True,,,,,,,,,,1.0,1.0,1.0,1.0,1.0,1.0,0.0,1.0,1.0,0.875
1478,6583dc042ee97ab5a,True,,,,,,,,,,1.0,1.0,1.0,1.0,0.29591471167534034,1.0,0.0,1.0,1.0,0.6549733473985438
1479,b3b9360d8f660b634,True,,,,,,,,,,1.0,0.0,1.0,1.0,1.0,1.0,1.0,1.0,0.0,0.0
1480,88fd88a24f2995978,True,,,,,,,,,,0.0,0.0,1.0,1.0,1.0,0.0,1.0,0.0,0.0,0.0
1481,e2575892f97539fa7,True,,,,,,,,,,1.0,0.0,1.0,1.0,1.0,1.0,1.0,1.0,1.0,0.0
1482,e51490fe813037042,True,,,,,,,,,,0.0,1.0,1.0,0.0,1.0,0.0,1.0,1.0,0.0,0.0
1483,bf64cc8fd71cdc3d8,True,,,,,,,,,,1.0,1.0,1.0,1.0,0.9222515058310407,1.0,1.0,1.0,0.0,0.8507035955722002
1484,a9e0e52d177dd7f09,True,,,,,,,,,,1.0,1.0,0.0,1.0,1.0,1.0,0.0,1.0,0.0,0.0
1485,ac6225d45da8b51cf,True,,,,,,,,,,1.0,1.0,1.0,1.0,1.0,1.0,0.0,1.0,1.0,0.875
1486,96d4eccd3044219d2,True,,,,,,,,,,1.0,1.0,1.0,1.0,0.630885738136221,1.0,1.0,1.0,1.0,0.884651793167569
1487,d8126a7e3ab8882d8,True,,,,,,,,,,1.0,0.0,0.5,1.0,0.6832305061249984,1.0,0.0,1.0,0.0,0.0
1488,6a62285a9933482cb,True,,,,,,,,,,1.0,1.0,0.0,1.0,1.0,1.0,0.0,1.0,1.0,0.0
1489,11efb68d8748f6136,True,,,,,,,,,,1.0,0.0,0.5,1.0,1.0,1.0,0.0,1.0,1.0,0.0
1490,46e64616eb8cc57af,True,,,,,,,,,,1.0,0.0,1.0,1.0,0.7956701928160927,1.0,1.0,1.0,1.0,0.0
1491,80b2e317f6ca277c9,True,,,,,,,,,,1.0,1.0,1.0,1.0,0.8051796769007038,1.0,0.0,1.0,0.0,0.6891186490314699
1492,3e8522a5f8d7b3783,True,,,,,,,,,,1.0,1.0,1.0,1.0,1.0,1.0,0.0,1.0,1.0,0.875
1493,bc91b5b7dc430b04d,True,,,,,,,,,,1.0,1.0,0.0,1.0,1.0,1.0,0.0,1.0,1.0,0.0
1494,3e6a2a1cb427bfc4d,True,,,,,,,,,,1.0,1.0,0.5,1.0,1.0,1.0,0.0,1.0,0.0,0.375
1495,d294ac095b61c1877,True,,,,,,,,,,1.0,1.0,1.0,1.0,0.2529784887511659,1.0,1.0,1.0,1.0,0.7665557777347394
1496,6546d47d2e83caab2,True,,,,,,,,,,1.0,0.0,1.0,1.0,1.0,1.0,0.0,1.0,0.0,0.0
1497,02d45c7622ee47f85,True,,,,,,,,,,1.0,1.0,0.0,1.0,1.0,1.0,1.0,1.0,1.0,0.0
1498,62c083fa4339253f3,True,,,,,,,,,,1.0,1.0,1.0,1.0,0.9840311210756555,1.0,1.0,1.0,1.0,0.9950097253361423
1499,ebfe50cfc0a46ef16,True,,,,,,,,,,1.0,1.0,1.0,1.0,0.5435981128515777,1.0,0.0,1.0,1.0,0.732374410266118
1500,2796e0e0b71483121,True,,,,,,,,,,0.0,1.0,1.0,1.0,1.0,0.0,1.0,1.0,1.0,0.0
1501,db8ce7c16bd7a04ef,True,,,,,,,,,,1.0,1.0,1.0,1.0,0.38459593097780687,1.0,1.0,1.0,1.0,0.8076862284305646
1502,981f8d9ddc9472041,True,,,,,,,,,,0.0,0.0,1.0,1.0,1.0,0.0,0.0,1.0,0.0,0.0
1503,e6ece8d2d8cf12a8c,True,,,,,,,,,,1.0,1.0,1.0,1.0,0.6025477644501802,1.0,1.0,1.0,1.0,0.8757961763906813
1504,92bc964803e65244e,True,,,,,,,,,,1.0,1.0,1.0,1.0,0.2704831570389232,1.0,1.0,1.0,1.0,0.7720259865746635
1505,42542b30e0e5ff8c7,True,,,,,,,,,,1.0,1.0,1.0,1.0,0.674465997461285,1.0,1.0,1.0,1.0,0.8982706242066516
1506,c42f42235ba427d14,True,,,,,,,,,,1.0,1.0,1.0,1.0,0.39538869844070995,1.0,1.0,1.0,0.0,0.6860589682627218
1507,1dc0015e76a4342d9,True,,,,,,,,,,1.0,0.0,1.0,1.0,1.0,1.0,0.0,1.0,1.0,0.0
1508,203c4d85b696869d7,True,,,,,,,,,,1.0,1.0,1.0,1.0,0.9641334156520045,1.0,1.0,1.0,1.0,0.9887916923912514
1509,3a0d3240d496a6276,True,,,,,,,,,,1.0,1.0,1.0,1.0,0.6952393352296402,1.0,1.0,1.0,1.0,0.9047622922592626
1510,071e35b1661da1366,True,,,,,,,,,,1.0,1.0,1.0,1.0,0.7903748173024063,1.0,0.0,1.0,1.0,0.809492130407002
1511,b853d466840f4db1b,True,,,,,,,,,,1.0,0.0,0.5,1.0,1.0,1.0,0.0,1.0,1.0,0.0
1512,2f70249e5e3153c88,True,,,,,,,,,,1.0,1.0,1.0,1.0,0.5450531868389036,1.0,0.0,1.0,1.0,0.7328291208871573
1513,33ff9ec8e9bc148c8,True,,,,,,,,,,1.0,1.0,1.0,1.0,0.3522874691107863,1.0,1.0,1.0,1.0,0.7975898340971207
1514,8051fe3f500d43528,True,,,,,,,,,,1.0,1.0,1.0,1.0,0.8566779291583208,1.0,0.0,1.0,1.0,0.8302118528619753
1515,dbf49f5df6cc0b159,True,,,,,,,,,,0.0,0.0,1.0,1.0,1.0,0.0,0.0,1.0,1.0,0.0
1516,778099fc6283d21e0,True,,,,,,,,,,1.0,1.0,1.0,1.0,0.2445081149608332,1.0,1.0,1.0,0.0,0.6389087859252603
1517,afc5b9d01744dc019,True,,,,,,,,,,1.0,0.0,0.5,1.0,1.0,1.0,0.0,1.0,1.0,0.0
1518,997169e70df191713,True,,,,,,,,,,1.0,0.0,1.0,1.0,0.21522612154466006,1.0,0.0,1.0,1.0,0.0
1519,f6eaaf2106ca53ffa,True,,,,,,,,,,1.0,1.0,1.0,1.0,0.6384750303214591,1.0,1.0,1.0,0.0,0.762023446975456
1520,6eaee379045fa8bd9,True,,,,,,,,,,1.0,1.0,1.0,1.0,1.0,1.0,0.0,1.0,1.0,0.875
1521,9453a01b26e5f5079,True,,,,,,,,,,1.0,1.0,1.0,1.0,1.0,1.0,1.0,1.0,0.0,0.875
1522,7d00bd785ae5140f2,True,,,,,,,,,,1.0,1.0,1.0,1.0,1.0,1.0,1.0,1.0,1.0,1.0
1523,29a75324e23136d91,True,,,,,,,,,,1.0,1.0,1.0,1.0,0.8971565168672593,1.0,1.0,1.0,1.0,0.9678614115210185
1524,47af7b18d8bb14656,True,,,,,,,,,,1.0,0.0,1.0,1.0,0.69722729575078,1.0,0.0,1.0,0.0,0.0
1525,329e52d1e0ada86f6,True,,,,,,,,,,1.0,1.0,1.0,1.0,0.7104599584113295,1.0,1.0,1.0,0.0,0.7845187370035405
1526,88d4924ebb1940ca0,True,,,,,,,,,,1.0,1.0,1.0,1.0,0.39136013197462705,1.0,1.0,1.0,1.0,0.809800041242071
1527,4250d2db3b613460c,True,,,,,,,,,,1.0,1.0,1.0,1.0,0.7913228481877091,1.0,0.0,1.0,1.0,0.8097883900586591
1528,d31445529f320e6e9,True,,,,,,,,,,1.0,1.0,1.0,1.0,1.0,1.0,1.0,1.0,1.0,1.0
1529,c5566cb2cc7d0ff52,True,,,,,,,,,,1.0,1.0,1.0,1.0,0.7681722997861926,1.0,1.0,1.0,0.0,0.8025538436831852
1530,9ce85f2dc52093c43,True,,,,,,,,,,1.0,1.0,1.0,1.0,0.3091282572526421,1.0,0.0,1.0,1.0,0.6591025803914506
1531,c107f7eeb5856c0bf,True,,,,,,,,,,1.0,1.0,0.0,1.0,0.9358060702780528,1.0,0.0,1.0,0.0,0.0
1532,f4eac938a68f3b495,True,,,,,,,,,,1.0,0.0,1.0,1.0,0.8448624091106333,1.0,1.0,1.0,1.0,0.0
1533,ab0cda5402469194e,True,,,,,,,,,,1.0,1.0,0.5,1.0,0.8494270021699364,0.0,1.0,1.0,1.0,0.32022296908905257
1534,481cb8f4c173a9ed0,True,,,,,,,,,,1.0,1.0,1.0,1.0,0.7571329183173041,1.0,1.0,1.0,0.0,0.7991040369741575
1535,18c7e56e43eebb62f,True,,,,,,,,,,1.0,1.0,0.5,1.0,0.8304415457982599,1.0,0.0,0.0,0.0,0.2860064915309781
1536,2a1dc6975af402aa9,True,,,,,,,,,,1.0,1.0,1.0,1.0,0.42527112612511714,1.0,0.0,1.0,1.0,0.6953972269140991
1537,2fd5a616331094ce1,True,,,,,,,,,,1.0,0.0,1.0,1.0,1.0,1.0,0.0,1.0,1.0,0.0
1538,3eeb39076cf2c1547,True,,,,,,,,,,0.0,1.0,1.0,1.0,1.0,0.0,1.0,1.0,0.0,0.0
1539,778f661244251a842,True,,,,,,,,,,1.0,1.0,1.0,1.0,1.0,1.0,1.0,1.0,0.0,0.875
1540,a8335bbfcf7c51cd5,True,,,,,,,,,,1.0,1.0,1.0,1.0,0.7809276763735575,1.0,0.0,1.0,0.0,0.6815398988667367
1541,3e2f29d51ba0c82c3,True,,,,,,,,,,1.0,1.0,1.0,1.0,0.48464913768067464,1.0,1.0,1.0,0.0,0.7139528555252108
1542,16e839b38304ce550,True,,,,,,,,,,1.0,1.0,1.0,1.0,0.46113088422022375,1.0,1.0,1.0,1.0,0.8316034013188199
1543,b757155200a7aea72,True,,,,,,,,,,1.0,0.0,1.0,1.0,1.0,0.0,0.0,1.0,0.0,0.0
1544,51438ce1bf4a62b2e,True,,,,,,,,,,1.0,1.0,1.0,1.0,0.3153143538640942,1.0,1.0,1.0,1.0,0.7860357355825294
1545,15b50c1e18979a018,True,,,,,,,,,,1.0,1.0,1.0,1.0,0.4120176353468479,1.0,1.0,1.0,1.0,0.81625551104589
1546,f3895fbfb8df71a43,True,,,,,,,,,,1.0,1.0,1.0,1.0,1.0,1.0,1.0,1.0,0.0,0.875
1547,7e21d3337e4e59b97,True,,,,,,,,,,1.0,1.0,1.0,1.0,0.7482680836401513,1.0,1.0,1.0,1.0,0.9213337761375473
1548,e8b8ef9bb7f4bdccb,True,,,,,,,,,,1.0,1.0,1.0,1.0,0.9864581523465233,1.0,0.0,1.0,0.0,0.7457681726082885
1549,aac5e172e96b86e25,True,,,,,,,,,,1.0,1.0,0.5,1.0,1.0,1.0,0.0,1.0,0.0,0.375
1550,24b6ddd9158c4bf2c,True,,,,,,,,,,1.0,1.0,1.0,1.0,0.8126443537618991,1.0,1.0,1.0,1.0,0.9414513605505934
1551,1a6ba40b74f9b51e5,True,,,,,,,,,,1.0,1.0,0.0,1.0,1.0,1.0,0.0,1.0,0.0,0.0
1552,0b23cba96b245dcbe,True,,,,,,,,,,1.0,1.0,1.0,1.0,0.8435692484346848,1.0,1.0,1.0,0.0,0.826115390135839
1553,4b7a0a59fd31c7c90,True,,,,,,,,,,1.0,1.0,0.0,1.0,1.0,1.0,0.0,1.0,1.0,0.0
1554,531e4c58eeca959a5,True,,,,,,,,,,1.0,1.0,1.0,1.0,0.23006158269727078,1.0,1.0,1.0,0.0,0.6343942445928972
1555,39a33f6262e8b8c0c,True,,,,,,,,,,1.0,1.0,1.0,1.0,0.4127896828336652,1.0,1.0,1.0,0.0,0.6914967758855204
1556,01b75264953369ae4,True,,,,,,,,,,1.0,1.0,0.0,1.0,1.0,1.0,0.0,1.0,1.0,0.0
1557,aa1c2ba87587b53cb,True,,,,,,,,,,1.0,1.0,1.0,1.0,1.0,1.0,1.0,1.0,0.0,0.875
1558,b4750fa326ea1085b,True,,,,,,,,,,0.0,1.0,1.0,1.0,1.0,0.0,1.0,1.0,0.0,0.0
1559,38cc35d94ab3f203c,True,,,,,,,,,,1.0,1.0,0.5,1.0,0.43026437915548693,1.0,0.0,1.0,1.0,0.34847880924304486
1560,18087593f1147e61f,True,,,,,,,,,,1.0,1.0,1.0,1.0,0.2912151706160109,1.0,1.0,1.0,1.0,0.7785047408175034
1561,47333aea0afd08b32,True,,,,,,,,,,0.0,1.0,1.0,1.0,1.0,0.0,1.0,1.0,0.0,0.0
1562,d21b58003792bc68a,True,,,,,,,,,,1.0,1.0,1.0,1.0,0.7082958522536519,1.0,0.0,1.0,1.0,0.7838424538292662
1563,56bd93dec0d4cb4df,True,,,,,,,,,,1.0,1.0,1.0,1.0,0.9476080472825278,1.0,1.0,1.0,1.0,0.9836275147757899
1564,ddb08f9eb92516246,True,,,,,,,,,,1.0,1.0,0.5,1.0,0.6355997869365126,1.0,1.0,1.0,1.0,0.4430624667088301
1565,5ccf2f32443625c2f,True,,,,,,,,,,0.0,1.0,1.0,1.0,1.0,0.0,1.0,1.0,0.0,0.0
1566,06b56c8b5f4b02d36,True,,,,,,,,,,1.0,1.0,1.0,1.0,0.14772433085558873,1.0,1.0,1.0,1.0,0.7336638533923715
1567,8a5a158e9d0cf7649,True,,,,,,,,,,0.0,1.0,1.0,1.0,1.0,0.0,1.0,1.0,0.0,0.0
1568,ba9155b84dc322eac,True,,,,,,,,,,1.0,1.0,1.0,1.0,0.5014788210798051,1.0,0.0,1.0,1.0,0.7192121315874391
1569,0b2a954e62c86d95c,True,,,,,,,,,,1.0,1.0,1.0,1.0,0.6605056744275212,1.0,1.0,1.0,0.0,0.7689080232586003
1570,7e80b831e8ff5883f,True,,,,,,,,,,1.0,0.0,0.0,1.0,1.0,1.0,0.0,1.0,1.0,0.0
1571,875f6c89666fde397,True,,,,,,,,,,1.0,1.0,1.0,1.0,0.8462440610579015,1.0,1.0,1.0,1.0,0.9519512690805942
1572,58f8bb6cc7ee41227,True,,,,,,,,,,1.0,0.0,1.0,1.0,0.9171110106414828,1.0,0.0,1.0,0.0,0.0
1573,5d499c9197211c7e4,True,,,,,,,,,,1.0,1.0,1.0,1.0,1.0,1.0,0.0,1.0,1.0,0.875
1574,5dbaff082e8bd2a5b,True,,,,,,,,,,1.0,1.0,1.0,1.0,0.7553720188018468,1.0,0.0,1.0,1.0,0.7985537558755771
1575,e6c702d5c053c4516,True,,,,,,,,,,1.0,1.0,1.0,1.0,0.6097522624347153,1.0,0.0,1.0,0.0,0.6280475820108485
1576,45904686e63c2b9a3,True,,,,,,,,,,1.0,1.0,1.0,1.0,0.24567688622701786,1.0,1.0,1.0,1.0,0.7642740269459432
1577,52273aa3c8bd19695,True,,,,,,,,,,1.0,0.0,1.0,1.0,1.0,1.0,1.0,1.0,0.0,0.0
1578,f5ffbc82e55558f49,True,,,,,,,,,,1.0,1.0,1.0,1.0,0.9074055753712856,1.0,0.0,1.0,0.0,0.7210642423035267
1579,7a1e5853909a335df,True,,,,,,,,,,1.0,1.0,0.5,1.0,0.7185512282922916,1.0,1.0,1.0,1.0,0.45602362942067054
1580,5c7504aeee1fc6587,True,,,,,,,,,,0.0,0.0,1.0,1.0,1.0,0.0,1.0,1.0,0.0,0.0
1581,853836094a41151fa,True,,,,,,,,,,1.0,1.0,1.0,1.0,0.6514106965957596,1.0,1.0,1.0,1.0,0.8910658426861748
1582,ac7a491ea6609fc90,True,,,,,,,,,,1.0,1.0,1.0,1.0,0.7302467206373997,1.0,1.0,1.0,0.0,0.7907021001991874
1583,3efd4f33e21321aca,True,,,,,,,,,,1.0,1.0,1.0,1.0,0.8137723759832732,1.0,1.0,1.0,0.0,0.8168038674947729
1584,8a9e6d29520f76dfc,True,,,,,,,,,,1.0,1.0,0.5,1.0,1.0,1.0,0.0,1.0,0.0,0.375
1585,09bd7428736e6525b,True,,,,,,,,,,1.0,1.0,1.0,1.0,0.6724527444147108,1.0,1.0,1.0,0.0,0.7726414826295971
1586,58a0f95c3ba9a97b9,True,,,,,,,,,,1.0,1.0,1.0,1.0,0.8890297753591438,1.0,0.0,1.0,1.0,0.8403218047997325
1587,e6ff8ec91b67a0256,True,,,,,,,,,,1.0,1.0,1.0,1.0,0.8621088586339085,1.0,1.0,1.0,0.0,0.8319090183230964
1588,1d52003f3b3835dcd,True,,,,,,,,,,1.0,1.0,0.5,1.0,1.0,1.0,0.0,1.0,0.0,0.375
1589,d38a1a28476d4851e,True,,,,,,,,,,0.0,1.0,1.0,1.0,1.0,0.0,0.0,1.0,0.0,0.0
1590,89267c56db23f89c7,True,,,,,,,,,,1.0,1.0,1.0,1.0,0.8252088090953168,0.0,1.0,1.0,0.0,0.5078777528422864
1591,ef4eaef1d214e7da8,True,,,,,,,,,,1.0,1.0,1.0,1.0,0.6266680744824686,1.0,1.0,1.0,1.0,0.8833337732757714
1592,1d9d3ed0717ab4ffd,True,,,,,,,,,,0.5,1.0,1.0,1.0,0.7134257986728596,0.0,0.0,1.0,1.0,0.2364727810426343
1593,071605e0e3709e71e,True,,,,,,,,,,1.0,1.0,1.0,1.0,1.0,1.0,1.0,1.0,1.0,1.0
1594,e0c4f0b6dc4e1a632,True,,,,,,,,,,0.0,1.0,1.0,1.0,1.0,0.0,0.0,1.0,0.0,0.0
1595,9450ae84450a77fc4,True,,,,,,,,,,1.0,1.0,1.0,1.0,0.8589875929700801,1.0,0.0,1.0,1.0,0.8309336228031501
1596,91927b9cf7456c200,True,,,,,,,,,,1.0,0.0,1.0,1.0,0.9323520046226238,1.0,1.0,1.0,1.0,0.0
1597,8bc78c84321c37423,True,,,,,,,,,,0.0,0.0,1.0,1.0,0.7826714073517068,0.0,1.0,1.0,0.0,0.0
1598,3843fa52f9eff158e,True,,,,,,,,,,0.5,0.0,0.0,1.0,1.0,0.0,1.0,1.0,0.0,0.0
1599,843dea321ea12e93c,True,,,,,,,,,,1.0,1.0,1.0,1.0,0.6849480650205666,1.0,0.0,1.0,0.0,0.6515462703189271
1600,1e0bfb2c4139f0062,True,,,,,,,,,,1.0,1.0,1.0,1.0,1.0,1.0,0.0,1.0,1.0,0.875
1601,6c9c8eacefc209d52,True,,,,,,,,,,1.0,1.0,1.0,1.0,0.6764287098199834,1.0,1.0,1.0,1.0,0.8988839718187448
1602,59b413d34d6d4b46a,True,,,,,,,,,,1.0,1.0,0.0,1.0,1.0,1.0,0.0,1.0,0.0,0.0
1603,122590be147f65d56,True,,,,,,,,,,1.0,1.0,1.0,1.0,0.473903204158433,1.0,0.0,1.0,0.0,0.5855947512995103
1604,61fc4b92e35089b4c,True,,,,,,,,,,1.0,1.0,1.0,1.0,0.8369936978461828,1.0,1.0,1.0,0.0,0.8240605305769322
1605,553919abb3a801b7e,True,,,,,,,,,,1.0,0.0,1.0,1.0,1.0,1.0,1.0,1.0,1.0,0.0
1606,c9ac843f74b17080f,True,,,,,,,,,,1.0,1.0,1.0,1.0,0.7183507642341332,1.0,0.0,1.0,1.0,0.7869846138231666
1607,ddfce47695493c151,True,,,,,,,,,,1.0,1.0,1.0,1.0,1.0,1.0,0.0,1.0,1.0,0.875
1608,819c74509b391434b,True,,,,,,,,,,1.0,1.0,1.0,1.0,0.7279381951230236,1.0,0.0,1.0,1.0,0.7899806859759448
1609,97f0dfb7f9039bcb2,True,,,,,,,,,,0.0,1.0,1.0,1.0,1.0,0.0,0.0,1.0,0.0,0.0
1610,a2b18a44314422b37,True,,,,,,,,,,1.0,1.0,1.0,1.0,0.14358018213512858,1.0,1.0,1.0,1.0,0.7323688069172276
1611,ea96a137518d58ac9,True,,,,,,,,,,1.0,1.0,1.0,1.0,1.0,1.0,1.0,1.0,1.0,1.0
1612,b1606575e4b94f15c,True,,,,,,,,,,1.0,1.0,1.0,1.0,0.8286582410172194,1.0,1.0,1.0,1.0,0.9464557003178811
1613,63c3e07f95869dd8a,True,,,,,,,,,,1.0,0.0,1.0,1.0,1.0,1.0,1.0,1.0,0.0,0.0
1614,956f2e4043c1b8f4d,True,,,,,,,,,,1.0,1.0,1.0,1.0,0.6959609750832496,1.0,1.0,1.0,0.0,0.7799878047135155
1615,94e0532c49d982780,True,,,,,,,,,,1.0,0.0,1.0,1.0,1.0,1.0,0.0,1.0,1.0,0.0
1616,c1ab514b18918fc4d,True,,,,,,,,,,1.0,1.0,1.0,1.0,0.6285915855338258,1.0,0.0,1.0,1.0,0.7589348704793206
1617,0b7a0cf41a68849b4,True,,,,,,,,,,1.0,1.0,1.0,1.0,0.7602010242115989,1.0,1.0,1.0,1.0,0.9250628200661246
1618,1dcbc0a4f06515ca6,True,,,,,,,,,,1.0,1.0,1.0,1.0,0.7875099737360859,1.0,0.0,1.0,1.0,0.8085968667925268
1619,9ed233c4d30f0d7d9,True,,,,,,,,,,1.0,1.0,1.0,1.0,1.0,1.0,0.0,1.0,0.0,0.75
1620,2df66cb5d7a252afe,True,,,,,,,,,,0.0,1.0,1.0,1.0,1.0,0.0,1.0,1.0,0.0,0.0
1621,5f775bac151622950,True,,,,,,,,,,1.0,1.0,1.0,1.0,0.875383476976675,1.0,1.0,1.0,1.0,0.9610573365552109
1622,7e241b2390105cdb3,True,,,,,,,,,,1.0,1.0,1.0,1.0,0.8153037537395199,1.0,0.0,1.0,0.0,0.6922824230436
1623,64176216fb79bf46c,True,,,,,,,,,,1.0,1.0,1.0,1.0,0.7362044719890852,1.0,0.0,1.0,1.0,0.7925638974965892
1624,4c74c0df8c74b80db,True,,,,,,,,,,1.0,0.0,1.0,1.0,1.0,1.0,0.0,1.0,0.0,0.0
1625,83643b4c5add93044,True,,,,,,,,,,1.0,1.0,1.0,1.0,0.3323644816353254,1.0,1.0,1.0,0.0,0.6663639005110392
1626,d394c98f566e20aab,True,,,,,,,,,,1.0,1.0,1.0,1.0,0.8258865708675649,1.0,0.0,1.0,1.0,0.8205895533961141
1627,c73b72769d48ae4f5,True,,,,,,,,,,1.0,0.0,1.0,1.0,1.0,1.0,1.0,1.0,1.0,0.0
1628,79ba4023648130a0c,True,,,,,,,,,,0.0,1.0,1.0,1.0,1.0,0.0,1.0,1.0,0.0,0.0
1629,128cb2527d3987e61,True,,,,,,,,,,1.0,1.0,1.0,1.0,0.44157372231624237,1.0,0.0,1.0,1.0,0.7004917882238257
1630,74a93e74eb8082fae,True,,,,,,,,,,0.0,1.0,1.0,1.0,1.0,0.0,0.0,1.0,0.0,0.0
1631,a1cb215dcdc186fb1,True,,,,,,,,,,1.0,0.0,1.0,1.0,0.42397599230887895,1.0,1.0,1.0,1.0,0.0
1632,815411526d5f2c6d5,True,,,,,,,,,,1.0,1.0,1.0,1.0,1.0,1.0,0.0,1.0,0.0,0.75
1633,bbf03fd14411cf3b3,True,,,,,,,,,,1.0,1.0,1.0,1.0,1.0,1.0,0.0,1.0,1.0,0.875
1634,5808626bda0a920a5,True,,,,,,,,,,1.0,1.0,0.0,1.0,0.7306125979072293,1.0,0.0,1.0,1.0,0.0
1635,9e892c78dc283445e,True,,,,,,,,,,1.0,1.0,1.0,1.0,1.0,1.0,1.0,1.0,1.0,1.0
1636,1bd9daba7d7d502b0,True,,,,,,,,,,1.0,1.0,1.0,1.0,0.6091704514652952,1.0,1.0,1.0,0.0,0.7528657660829048
1637,b2be12870f04d58f6,True,,,,,,,,,,0.0,1.0,1.0,1.0,1.0,0.0,1.0,1.0,1.0,0.0
1638,67580f8a1bb721dcf,True,,,,,,,,,,1.0,1.0,1.0,1.0,0.6681876415151599,1.0,1.0,1.0,1.0,0.8963086379734875
1639,19f59045564664e53,True,,,,,,,,,,1.0,0.0,1.0,1.0,1.0,1.0,0.0,1.0,1.0,0.0
1640,6e6153a1da30b26bd,True,,,,,,,,,,1.0,1.0,1.0,1.0,0.04452745408170096,1.0,1.0,1.0,0.0,0.5764148294005316
1641,1b844c67dec9fe5a6,True,,,,,,,,,,1.0,1.0,1.0,1.0,0.7389552231051465,1.0,0.0,1.0,0.0,0.6684235072203583
1642,ab30a09f899e6330e,True,,,,,,,,,,1.0,1.0,1.0,1.0,0.29518887159872625,1.0,1.0,1.0,0.0,0.654746522374602
1643,cd55f0d35ddb36337,True,,,,,,,,,,1.0,1.0,1.0,1.0,0.7010761431870265,1.0,0.0,1.0,0.0,0.6565862947459458
1644,e742e687d4142df74,True,,,,,,,,,,1.0,0.0,1.0,1.0,0.3211739424774895,1.0,1.0,1.0,1.0,0.0
1645,60b5ffeeaa577037f,True,,,,,,,,,,1.0,1.0,1.0,1.0,0.4806915356735783,1.0,0.0,1.0,0.0,0.5877161048979932
1646,81dcc1a7db52cf064,True,,,,,,,,,,1.0,1.0,1.0,1.0,0.13516100945718018,1.0,0.0,1.0,1.0,0.6047378154553689
1647,d29638c5140885ccd,True,,,,,,,,,,1.0,0.0,0.5,1.0,1.0,1.0,0.0,0.0,0.0,0.0
1648,0d4c14fd757504ef9,True,,,,,,,,,,1.0,1.0,0.0,1.0,1.0,1.0,0.0,1.0,1.0,0.0
1649,fd0901032c45b4e62,True,,,,,,,,,,1.0,1.0,1.0,1.0,0.38288632339688833,1.0,1.0,1.0,0.0,0.6821519760615276
1650,3a569f66b0a30418a,True,,,,,,,,,,1.0,1.0,1.0,1.0,0.8427832305455024,1.0,1.0,1.0,0.0,0.8258697595454695
1651,5b1f4f799723ae119,True,,,,,,,,,,1.0,1.0,1.0,1.0,1.0,1.0,0.0,1.0,1.0,0.875
1652,fb8289807a1b275b3,True,,,,,,,,,,1.0,1.0,1.0,1.0,0.9362176890439747,1.0,0.0,1.0,1.0,0.8550680278262421
1653,506e98e6817013978,True,,,,,,,,,,1.0,1.0,1.0,1.0,0.6245326192382122,1.0,1.0,1.0,1.0,0.8826664435119413
1654,509ec142f891e0766,True,,,,,,,,,,0.0,1.0,1.0,1.0,1.0,0.0,0.0,1.0,0.0,0.0
1655,fcba11bedf38fce20,True,,,,,,,,,,1.0,1.0,1.0,1.0,0.4937740590997043,1.0,1.0,1.0,1.0,0.8418043934686577
1656,e2d10c9ccbbc61bce,True,,,,,,,,,,1.0,1.0,1.0,1.0,0.20976261747373162,1.0,1.0,1.0,0.0,0.6280508179605411
1657,9e800327f6e34c777,True,,,,,,,,,,0.0,1.0,1.0,1.0,1.0,0.0,0.0,1.0,0.0,0.0
1658,bad2ff79565afa1d2,True,,,,,,,,,,1.0,1.0,1.0,1.0,0.44945589842968714,1.0,0.0,1.0,0.0,0.5779549682592773
1659,2288b831536d541ba,True,,,,,,,,,,0.0,1.0,1.0,1.0,0.9173314961767757,0.0,1.0,1.0,0.0,0.0
1660,dcde802c1ad40532b,True,,,,,,,,,,0.0,1.0,1.0,1.0,1.0,0.0,0.0,1.0,0.0,0.0
1661,80ad340ede19df8b3,True,,,,,,,,,,1.0,0.0,0.5,1.0,1.0,1.0,0.0,0.0,0.0,0.0
1662,b178cd8e12d552cb7,True,,,,,,,,,,1.0,1.0,1.0,1.0,0.6458736870132075,1.0,0.0,1.0,1.0,0.7643355271916273
1663,02cf44d6c32b48bea,True,,,,,,,,,,1.0,0.0,1.0,1.0,0.9097392213916952,1.0,1.0,0.0,1.0,0.0
1664,298d397ff94dd0eb4,True,,,,,,,,,,1.0,1.0,1.0,1.0,0.9447852896611181,1.0,0.0,1.0,1.0,0.8577454030190994
1665,0028b234cfbb35f30,True,,,,,,,,,,1.0,1.0,1.0,1.0,0.6054230157123355,1.0,1.0,1.0,1.0,0.8766946924101049
1666,65cf82257d919ac3a,True,,,,,,,,,,1.0,1.0,1.0,1.0,0.8700046911830326,1.0,1.0,1.0,0.0,0.8343764659946977
1667,d783a4e289c7f6c20,True,,,,,,,,,,1.0,1.0,1.0,1.0,0.7731471481366097,1.0,0.0,1.0,1.0,0.8041084837926905
1668,19a22a2c5501797dc,True,,,,,,,,,,1.0,1.0,1.0,1.0,0.7665459628717703,1.0,1.0,1.0,1.0,0.9270456133974283
1669,fb9996df723745a05,True,,,,,,,,,,1.0,1.0,1.0,1.0,1.0,1.0,0.0,1.0,0.0,0.75
1670,6d3e5e6a1c2f52b9a,True,,,,,,,,,,0.0,1.0,1.0,1.0,1.0,0.0,1.0,1.0,1.0,0.0
1671,152d958486f2526ce,True,,,,,,,,,,1.0,1.0,0.0,1.0,0.8201165490269972,1.0,0.0,1.0,1.0,0.0
1672,4929156d96635caed,True,,,,,,,,,,1.0,1.0,1.0,1.0,0.6699538525611608,1.0,0.0,1.0,1.0,0.7718605789253628
1673,008d19d3a7e53bd2f,True,,,,,,,,,,1.0,1.0,1.0,0.0,1.0,1.0,1.0,1.0,0.0,0.0
1674,93bb489a18cbb6868,True,,,,,,,,,,1.0,0.0,1.0,1.0,1.0,1.0,1.0,1.0,1.0,0.0
1675,4562930d9a4d7543b,True,,,,,,,,,,1.0,1.0,1.0,1.0,0.3979006366585281,1.0,1.0,1.0,1.0,0.81184394895579
1676,9e0949ca46f2a4a49,True,,,,,,,,,,1.0,1.0,1.0,1.0,0.6550509248379559,1.0,1.0,1.0,1.0,0.8922034140118612
1677,59ea6f742dc62b430,True,,,,,,,,,,1.0,0.0,1.0,1.0,0.5947659291498444,1.0,0.0,1.0,1.0,0.0
1678,da72d5ca0828d5a3d,True,,,,,,,,,,1.0,1.0,1.0,1.0,0.8334293381082601,1.0,1.0,1.0,1.0,0.9479466681588313
1679,514d7497a9ead95b4,True,,,,,,,,,,0.0,1.0,1.0,1.0,0.3812906289079759,0.0,1.0,1.0,1.0,0.0
1680,58f91f82a3c230e1e,True,,,,,,,,,,1.0,1.0,0.0,1.0,1.0,0.0,0.0,1.0,0.0,0.0
1681,bd7d7120ca6491008,True,,,,,,,,,,1.0,1.0,1.0,1.0,1.0,1.0,1.0,1.0,1.0,1.0
1682,bdb2442f6ebc40808,True,,,,,,,,,,1.0,1.0,0.0,1.0,1.0,1.0,0.0,1.0,1.0,0.0
1683,891da533fb5685c31,True,,,,,,,,,,1.0,0.0,0.5,1.0,1.0,1.0,0.0,0.0,0.0,0.0
1684,4e1091afb4068e9ee,True,,,,,,,,,,1.0,1.0,0.5,1.0,1.0,1.0,0.0,1.0,1.0,0.4375
1685,e4c493d897f14300a,True,,,,,,,,,,1.0,1.0,1.0,1.0,0.714483831794493,1.0,0.0,1.0,1.0,0.7857761974357791
1686,2271e9cd227826682,True,,,,,,,,,,1.0,1.0,1.0,1.0,0.845011850627601,1.0,1.0,1.0,0.0,0.8265662033211253
1687,c47263e93d93b6838,True,,,,,,,,,,1.0,1.0,1.0,1.0,0.4252517502352986,0.0,1.0,1.0,1.0,0.5078911719485308
1688,63539a8af8e7678fa,True,,,,,,,,,,1.0,1.0,1.0,1.0,0.8257097362388849,1.0,1.0,1.0,0.0,0.8205342925746515
1689,f65b972c0bb906291,True,,,,,,,,,,1.0,1.0,1.0,1.0,0.9022915076354129,1.0,0.0,1.0,1.0,0.8444660961360666
1690,ebc1dc2ec0e635ae3,True,,,,,,,,,,1.0,1.0,1.0,1.0,0.6533419617644693,1.0,1.0,1.0,1.0,0.8916693630513967
1691,cf70e8986954b642f,True,,,,,,,,,,1.0,1.0,0.0,1.0,1.0,1.0,0.0,1.0,1.0,0.0
1692,8e3a32effa7ad4fc9,True,,,,,,,,,,0.0,1.0,1.0,1.0,1.0,0.0,1.0,1.0,0.0,0.0
1693,5cfc1b909ca5a6869,True,,,,,,,,,,1.0,1.0,0.0,1.0,1.0,1.0,0.0,1.0,1.0,0.0
1694,aaaeb97c15db0e2f6,True,,,,,,,,,,1.0,1.0,1.0,1.0,0.8082963445333348,1.0,1.0,1.0,1.0,0.9400926076666671
1695,90a368abf1e231f06,True,,,,,,,,,,1.0,0.0,1.0,1.0,0.37378759398427513,1.0,1.0,1.0,1.0,0.0
1696,8c15ca99bf75d7dbe,True,,,,,,,,,,1.0,1.0,1.0,1.0,0.8171252729139017,1.0,0.0,1.0,1.0,0.8178516477855943
1697,085b907f63a37b0ac,True,,,,,,,,,,1.0,1.0,1.0,1.0,0.812247772395836,1.0,1.0,1.0,1.0,0.9413274288736988
1698,bb46fbd459543e9c1,True,,,,,,,,,,1.0,0.0,1.0,1.0,0.9288787603128438,1.0,1.0,1.0,1.0,0.0
1699,f455b09466a75b437,True,,,,,,,,,,0.0,1.0,1.0,1.0,1.0,0.0,1.0,1.0,1.0,0.0
1700,c0ec09e19eaff83c9,True,,,,,,,,,,1.0,1.0,1.0,1.0,1.0,1.0,0.0,1.0,1.0,0.875
1701,f67fdc6f83d2e8656,True,,,,,,,,,,1.0,1.0,0.5,1.0,1.0,1.0,0.0,1.0,0.0,0.375
1702,bb539282bfa7303c7,True,,,,,,,,,,1.0,1.0,1.0,1.0,0.9080137786999896,1.0,0.0,1.0,1.0,0.8462543058437467
1703,49d2336208d2cac37,True,,,,,,,,,,1.0,1.0,1.0,1.0,0.9409970646316999,1.0,1.0,1.0,1.0,0.9815615826974062
1704,a3d3acd8f46271484,True,,,,,,,,,,1.0,1.0,1.0,1.0,0.5875287874787061,1.0,1.0,1.0,1.0,0.8711027460870957
1705,7e4af807f673c946b,True,,,,,,,,,,1.0,1.0,1.0,1.0,0.6773601632380216,1.0,0.0,1.0,0.0,0.6491750510118818
1706,63aab11dd75c78ad2,True,,,,,,,,,,1.0,1.0,1.0,1.0,0.817959862981167,1.0,1.0,1.0,1.0,0.9431124571816147
1707,6d8d91ad290f124b2,True,,,,,,,,,,1.0,1.0,1.0,1.0,0.8068441045093212,1.0,0.0,1.0,1.0,0.8146387826591629
1708,b4c09963d7ae450c8,True,,,,,,,,,,0.0,0.0,0.0,1.0,1.0,0.0,0.0,1.0,0.0,0.0
1709,cde1512dfd75d52a2,True,,,,,,,,,,1.0,1.0,1.0,1.0,0.44932769192196137,1.0,1.0,1.0,1.0,0.8279149037256129
1710,4fb5655af73387ef8,True,,,,,,,,,,1.0,1.0,0.0,1.0,1.0,0.0,0.0,1.0,0.0,0.0
1711,18904eb72c5073ba1,True,,,,,,,,,,1.0,1.0,1.0,1.0,0.8677600780035896,1.0,0.0,1.0,0.0,0.7086750243761217
1712,2bac462f71b189be9,True,,,,,,,,,,1.0,1.0,1.0,1.0,0.6837172009645981,1.0,1.0,1.0,0.0,0.776161625301437
1713,57f473049e88971e9,True,,,,,,,,,,1.0,1.0,1.0,1.0,0.6509768688360723,1.0,1.0,1.0,1.0,0.8909302715112726
1714,ddbab6bc7b8883cc3,True,,,,,,,,,,1.0,1.0,1.0,1.0,0.7076163258797474,0.0,1.0,1.0,0.0,0.4711301018374211
1715,c1c57e75b2d100427,True,,,,,,,,,,1.0,1.0,0.0,1.0,0.7372049272139319,1.0,0.0,1.0,1.0,0.0
1716,3c99b1ada8877591e,True,,,,,,,,,,1.0,1.0,1.0,1.0,1.0,1.0,1.0,1.0,1.0,1.0
1717,9a2e4a7f632a3fd8c,True,,,,,,,,,,1.0,0.0,1.0,1.0,1.0,1.0,0.0,0.0,0.0,0.0
1718,4485e78013e23fef4,True,,,,,,,,,,1.0,1.0,0.0,1.0,1.0,1.0,0.0,1.0,0.0,0.0
1719,5fe5ada2e768e26b3,True,,,,,,,,,,0.0,1.0,1.0,1.0,1.0,0.0,0.0,1.0,0.0,0.0
1720,0d62abe857251412c,True,,,,,,,,,,1.0,1.0,1.0,1.0,0.9572538822608166,1.0,1.0,1.0,1.0,0.9866418382065052
1721,96e56db3408ebe51e,True,,,,,,,,,,0.0,1.0,1.0,1.0,1.0,0.0,0.0,1.0,0.0,0.0
1722,fec4e607d84e38636,True,,,,,,,,,,1.0,1.0,1.0,1.0,1.0,1.0,0.0,1.0,1.0,0.875
1723,fa38f3940f913e8fd,True,,,,,,,,,,1.0,0.0,1.0,1.0,1.0,1.0,0.0,1.0,0.0,0.0
1724,d3fd9caab2859cfd1,True,,,,,,,,,,0.0,1.0,0.0,1.0,1.0,0.0,0.0,1.0,1.0,0.0
1725,ed9b2e5da8e4697ad,True,,,,,,,,,,1.0,1.0,1.0,1.0,0.615729941651257,1.0,0.0,1.0,1.0,0.7549156067660179
1726,8ace04c31034f39f7,True,,,,,,,,,,0.5,1.0,1.0,1.0,1.0,0.0,0.0,1.0,1.0,0.28125
1727,c1bf650dac02cb0f8,True,,,,,,,,,,1.0,1.0,1.0,1.0,0.992145050489471,1.0,1.0,1.0,1.0,0.9975453282779596
1728,5567f0e0a3373dbcb,True,,,,,,,,,,1.0,1.0,1.0,1.0,0.9229825200229508,1.0,0.0,1.0,1.0,0.8509320375071721
1729,8a5b80c748963e0a4,True,,,,,,,,,,1.0,1.0,0.5,1.0,0.7193203359985963,1.0,1.0,1.0,1.0,0.4561438024997807
1730,60b000943deffcfb1,True,,,,,,,,,,1.0,1.0,1.0,1.0,0.9174765019955109,1.0,1.0,1.0,0.0,0.8492114068735972
1731,41dae4808025d25f5,True,,,,,,,,,,1.0,1.0,1.0,1.0,0.8529514298508413,1.0,0.0,1.0,0.0,0.7040473218283879
1732,175bc910c16425e5c,True,,,,,,,,,,1.0,1.0,1.0,1.0,0.3629061019577675,1.0,1.0,1.0,1.0,0.8009081568618024
1733,1c719a50f45d2db1e,True,,,,,,,,,,1.0,0.0,1.0,1.0,0.8958654652094326,1.0,0.0,1.0,1.0,0.0
1734,36c78e1f966d78d1b,True,,,,,,,,,,1.0,1.0,1.0,1.0,0.44468684149240445,1.0,1.0,1.0,1.0,0.8264646379663764
1735,cf9851f86105d9f8c,True,,,,,,,,,,1.0,1.0,1.0,1.0,0.8063608665346372,1.0,0.0,1.0,0.0,0.6894877707920741
1736,67aafbe3b9430e738,True,,,,,,,,,,0.0,1.0,1.0,1.0,1.0,0.0,0.0,1.0,0.0,0.0
1737,081da8854328d5c79,True,,,,,,,,,,1.0,1.0,0.5,1.0,0.4612290713520859,1.0,0.0,1.0,1.0,0.35331704239876344
1738,71afcb9b1ac436e14,True,,,,,,,,,,1.0,1.0,1.0,1.0,0.5619413690691738,1.0,1.0,1.0,1.0,0.8631066778341168
1739,ea89785b6636000f5,True,,,,,,,,,,1.0,1.0,1.0,1.0,0.4433644286523212,1.0,1.0,1.0,1.0,0.8260513839538504
1740,1b7254e27f1faae48,True,,,,,,,,,,0.0,1.0,1.0,1.0,1.0,0.0,1.0,1.0,0.0,0.0
1741,431df46346088a1de,True,,,,,,,,,,1.0,1.0,1.0,1.0,0.7955260904707276,1.0,1.0,1.0,0.0,0.8111019032721024
1742,210bdf510357465fe,True,,,,,,,,,,1.0,0.0,1.0,1.0,1.0,1.0,0.0,1.0,0.0,0.0
1743,9d9f3b3f6578c5375,True,,,,,,,,,,1.0,1.0,1.0,1.0,1.0,1.0,0.0,1.0,0.0,0.75
1744,af26e74f0d5def154,True,,,,,,,,,,1.0,1.0,1.0,1.0,0.4422402758185911,1.0,0.0,1.0,1.0,0.7007000861933097
1745,5ebd4357b2535cfa9,True,,,,,,,,,,1.0,1.0,1.0,1.0,0.8176853052102102,1.0,0.0,1.0,0.0,0.6930266578781907
1746,6f0b775b8d685abec,True,,,,,,,,,,1.0,1.0,1.0,1.0,0.760354717476645,1.0,0.0,1.0,1.0,0.8001108492114515
1747,735cc37028693d641,True,,,,,,,,,,1.0,1.0,1.0,1.0,0.501822890551115,1.0,0.0,1.0,1.0,0.7193196532972235
1748,9cb5545908502a26c,True,,,,,,,,,,1.0,1.0,1.0,1.0,0.2576138530505362,1.0,1.0,1.0,1.0,0.7680043290782925
1749,273762480ecf0bcd6,True,,,,,,,,,,0.0,1.0,1.0,1.0,1.0,1.0,0.0,1.0,0.0,0.0
1750,0179e3078c6c79cd3,True,,,,,,,,,,1.0,1.0,1.0,1.0,0.4277605171808152,1.0,0.0,1.0,0.0,0.5711751616190047
1751,3c4a076e3eb21f85e,True,,,,,,,,,,1.0,1.0,0.0,1.0,1.0,1.0,0.0,1.0,1.0,0.0
1752,8428b4ef1485fe533,True,,,,,,,,,,1.0,0.0,1.0,1.0,0.6121953472587478,1.0,1.0,1.0,1.0,0.0
1753,c02f1f464e464fc07,True,,,,,,,,,,1.0,1.0,1.0,1.0,0.6358125963876096,1.0,1.0,1.0,0.0,0.761191436371128
1754,cd5e5b17476268370,True,,,,,,,,,,1.0,0.0,1.0,1.0,0.8881712982757999,1.0,0.0,1.0,1.0,0.0
1755,8e3348c3a2dfabeab,True,,,,,,,,,,1.0,0.0,0.5,1.0,0.5570598115392503,1.0,1.0,1.0,1.0,0.0
1756,8155d4f80d0416c00,True,,,,,,,,,,1.0,1.0,1.0,1.0,0.3786818481616851,1.0,1.0,1.0,1.0,0.8058380775505266
1757,08ad22cbb4d9d003b,True,,,,,,,,,,0.0,1.0,1.0,1.0,1.0,0.0,0.0,1.0,0.0,0.0
1758,85f43c57442169f13,True,,,,,,,,,,1.0,1.0,1.0,1.0,1.0,1.0,0.0,1.0,1.0,0.875
1759,1c968570d73ed5505,True,,,,,,,,,,1.0,0.0,1.0,1.0,0.44312939954901476,1.0,1.0,1.0,0.0,0.0
1760,2a756bf014216177b,True,,,,,,,,,,1.0,1.0,1.0,1.0,0.5405504582070769,1.0,0.0,1.0,1.0,0.7314220181897115
1761,77174c66f10b6d7f9,True,,,,,,,,,,1.0,0.0,1.0,1.0,0.21988235902432024,1.0,1.0,1.0,1.0,0.0
1762,c6c58dc45bd1123e3,True,,,,,,,,,,1.0,1.0,1.0,1.0,0.5178311578825515,1.0,1.0,1.0,1.0,0.8493222368382973
1763,0c32d5324fdca8702,True,,,,,,,,,,1.0,1.0,1.0,1.0,0.8325481523902979,1.0,1.0,1.0,1.0,0.9476712976219681
1764,def4466c6854eed10,True,,,,,,,,,,0.0,1.0,1.0,1.0,1.0,0.0,0.0,1.0,0.0,0.0
1765,36f3fac010047f5a8,True,,,,,,,,,,0.0,0.0,1.0,1.0,1.0,0.0,0.0,1.0,0.0,0.0
1766,5dfa767630b9b975d,True,,,,,,,,,,1.0,1.0,1.0,1.0,0.7546666104912069,1.0,0.0,1.0,1.0,0.7983333157785022
1767,aebf91cab56134486,True,,,,,,,,,,1.0,1.0,0.5,1.0,0.6879412834842645,1.0,0.0,1.0,1.0,0.38874082554441636
1768,d9320fa5d2528afc4,True,,,,,,,,,,1.0,1.0,1.0,1.0,0.708323615785871,1.0,1.0,1.0,0.0,0.7838511299330847
1769,1f7d87b846306d4ed,True,,,,,,,,,,0.0,1.0,1.0,1.0,1.0,0.0,0.0,1.0,1.0,0.0
1770,7c2bed78bc3df5a9b,True,,,,,,,,,,1.0,1.0,0.5,1.0,0.9537920000526362,1.0,0.0,1.0,0.0,0.3677800000082244
1771,8fb004759e2d805f0,True,,,,,,,,,,1.0,0.0,1.0,1.0,1.0,1.0,1.0,1.0,0.0,0.0
1772,99fefc4b387e5553a,True,,,,,,,,,,1.0,0.0,1.0,1.0,1.0,1.0,1.0,1.0,0.0,0.0
1773,ae2bc6336b41077f4,True,,,,,,,,,,1.0,1.0,1.0,1.0,0.3093584278817002,1.0,0.0,1.0,1.0,0.6591745087130313
1774,dabeaa21a655424eb,True,,,,,,,,,,1.0,1.0,1.0,1.0,0.3867018775702245,1.0,1.0,1.0,0.0,0.6833443367406952
1775,8eb4319f6f1477277,True,,,,,,,,,,1.0,1.0,1.0,1.0,1.0,1.0,1.0,1.0,1.0,1.0
1776,728ec7568be562318,True,,,,,,,,,,1.0,1.0,1.0,1.0,1.0,1.0,0.0,1.0,1.0,0.875
1777,a6f5d379f32e1dd9a,True,,,,,,,,,,1.0,1.0,1.0,1.0,0.8241716025950728,1.0,1.0,1.0,1.0,0.9450536258109603
1778,c99bfe933875f63e0,True,,,,,,,,,,1.0,0.0,1.0,1.0,0.8626282093310318,1.0,1.0,1.0,0.0,0.0
1779,9225b4285de2f81d8,True,,,,,,,,,,1.0,0.0,1.0,1.0,1.0,1.0,1.0,1.0,1.0,0.0
1780,c3eabd6982ee224c4,True,,,,,,,,,,1.0,0.0,1.0,1.0,0.3827531348286369,1.0,0.0,1.0,1.0,0.0
1781,61b536394c345010e,True,,,,,,,,,,1.0,1.0,1.0,1.0,1.0,1.0,1.0,1.0,1.0,1.0
1782,80144b63550c48566,True,,,,,,,,,,1.0,0.0,0.5,1.0,0.9877870387553236,1.0,1.0,1.0,0.0,0.0
1783,05e7e2acfe2b49d78,True,,,,,,,,,,1.0,1.0,1.0,1.0,0.7487186513873515,1.0,1.0,1.0,1.0,0.9214745785585473
1784,5c8283705c1e44a16,True,,,,,,,,,,0.0,1.0,0.0,1.0,1.0,0.0,0.0,1.0,1.0,0.0
1785,44a5937b14cec415b,True,,,,,,,,,,1.0,1.0,1.0,1.0,0.5990480265238388,1.0,0.0,1.0,0.0,0.6247025082886997
1786,89474c5ba034ced0c,True,,,,,,,,,,1.0,1.0,1.0,1.0,0.8277097079024074,1.0,1.0,1.0,0.0,0.8211592837195023
1787,78e346fdbeb014770,True,,,,,,,,,,1.0,1.0,1.0,1.0,0.5615534258354266,1.0,1.0,1.0,1.0,0.8629854455735708
1788,6b0615242bd92eaed,True,,,,,,,,,,1.0,1.0,1.0,1.0,1.0,1.0,1.0,1.0,1.0,1.0
1789,7e63683bda8a632ba,True,,,,,,,,,,1.0,1.0,1.0,1.0,0.41136125623859376,1.0,1.0,1.0,1.0,0.8160503925745606
1790,eaa70df977f0ed637,True,,,,,,,,,,1.0,1.0,1.0,1.0,0.6048642668512311,1.0,0.0,1.0,1.0,0.7515200833910097
1791,f0ec163fc911ff8bb,True,,,,,,,,,,1.0,1.0,1.0,1.0,0.4993096284818905,1.0,1.0,1.0,1.0,0.8435342589005907
1792,5fc5bb18513bc7d0b,True,,,,,,,,,,1.0,1.0,0.5,1.0,0.5636094457286542,1.0,0.0,1.0,1.0,0.36931397589510223
1793,318b2d84b07441bb0,True,,,,,,,,,,1.0,1.0,1.0,1.0,0.32408537671949,1.0,0.0,1.0,1.0,0.6637766802248406
1794,d16bc6d48c2d674bc,True,,,,,,,,,,1.0,1.0,0.0,1.0,1.0,1.0,0.0,1.0,1.0,0.0
1795,6a1ac7cf335eb8310,True,,,,,,,,,,0.5,0.0,0.0,1.0,1.0,0.0,1.0,1.0,0.0,0.0
1796,d5cbf126369d32fdf,True,,,,,,,,,,1.0,0.0,1.0,1.0,1.0,1.0,1.0,1.0,0.0,0.0
1797,e3b56ed4a85f713c8,True,,,,,,,,,,0.0,1.0,1.0,1.0,1.0,0.0,1.0,1.0,1.0,0.0
1798,33acea7dafc3e280a,True,,,,,,,,,,1.0,1.0,1.0,1.0,0.7819625727503445,1.0,0.0,1.0,1.0,0.8068633039844827
1799,0206d7321fb32894a,True,,,,,,,,,,1.0,1.0,1.0,1.0,0.3234620358121889,1.0,0.0,1.0,1.0,0.663581886191309
1800,9bbf0a9e8d47e6d77,True,,,,,,,,,,1.0,1.0,0.5,1.0,1.0,1.0,0.0,1.0,1.0,0.4375
1801,daf6c56e39384e309,True,,,,,,,,,,1.0,1.0,1.0,1.0,0.698013819953694,1.0,1.0,1.0,1.0,0.9056293187355293
1802,be37c56ecccec8f54,True,,,,,,,,,,1.0,0.0,1.0,1.0,1.0,1.0,0.0,1.0,1.0,0.0
1803,5a73952aa052dbbce,True,,,,,,,,,,1.0,1.0,1.0,1.0,1.0,1.0,0.0,1.0,1.0,0.875
1804,c4aee2d09a8407408,True,,,,,,,,,,1.0,1.0,1.0,1.0,0.8346202239303583,1.0,1.0,1.0,1.0,0.948318819978237
1805,ec511fbf17452272b,True,,,,,,,,,,1.0,0.0,1.0,1.0,0.48578408821931135,1.0,1.0,1.0,0.0,0.0
1806,ca4163d1efbe0dd9c,True,,,,,,,,,,1.0,1.0,0.5,1.0,1.0,1.0,0.0,1.0,0.0,0.375
1807,1c53209f745ee0b66,True,,,,,,,,,,1.0,1.0,1.0,1.0,0.9367787043010601,1.0,1.0,1.0,1.0,0.9802433450940813
1808,3a3ec856e77a7616a,True,,,,,,,,,,1.0,1.0,1.0,1.0,0.9296986955021271,1.0,1.0,1.0,1.0,0.9780308423444147
1809,3a833c6bb917d783d,True,,,,,,,,,,1.0,1.0,1.0,1.0,0.6301493099374471,1.0,1.0,1.0,1.0,0.8844216593554522
1810,c2a3b350db0887b64,True,,,,,,,,,,1.0,1.0,1.0,1.0,0.9032513888638957,1.0,0.0,1.0,1.0,0.8447660590199674
1811,bc20b8c58a5cffb8d,True,,,,,,,,,,1.0,0.0,0.5,1.0,1.0,1.0,0.0,1.0,1.0,0.0
1812,591164dffebc72c33,True,,,,,,,,,,1.0,1.0,1.0,1.0,1.0,1.0,1.0,1.0,0.0,0.875
1813,fc25d83ed4ec8aaad,True,,,,,,,,,,1.0,1.0,0.5,1.0,0.5143903715799714,1.0,0.0,1.0,0.0,0.2991234955593705
1814,a6f2bb94eb4ae6278,True,,,,,,,,,,0.0,1.0,1.0,1.0,1.0,0.0,1.0,1.0,0.0,0.0
1815,e373db6dd950e3e73,True,,,,,,,,,,1.0,1.0,1.0,1.0,0.9208172056637028,1.0,1.0,1.0,1.0,0.9752553767699071
1816,b141bcb6ae7025055,True,,,,,,,,,,1.0,1.0,1.0,1.0,1.0,1.0,1.0,1.0,1.0,1.0
1817,55810b94ebcc0aaa3,True,,,,,,,,,,1.0,1.0,1.0,1.0,1.0,1.0,0.0,1.0,0.0,0.75
1818,5d5440db427d5f265,True,,,,,,,,,,1.0,1.0,1.0,1.0,0.3056421087985202,1.0,1.0,1.0,1.0,0.7830131589995375
1819,cd00bd6a4daf5fce4,True,,,,,,,,,,1.0,1.0,1.0,1.0,0.3388439529678027,1.0,0.0,1.0,1.0,0.6683887353024384
1820,e4cf6ec3cedd01e6b,True,,,,,,,,,,1.0,1.0,1.0,1.0,1.0,1.0,0.0,1.0,1.0,0.875
1821,cdccba86287f3bf1d,True,,,,,,,,,,0.5,1.0,1.0,1.0,1.0,1.0,0.0,1.0,1.0,0.4375
1822,4b55982185962b484,True,,,,,,,,,,1.0,1.0,1.0,1.0,1.0,0.0,1.0,1.0,1.0,0.6875
1823,c99c412737b15dcce,True,,,,,,,,,,0.0,1.0,1.0,0.0,1.0,0.0,0.0,1.0,0.0,0.0
1824,7b5998d0c96e5433a,True,,,,,,,,,,1.0,1.0,1.0,1.0,0.5454976114493265,1.0,1.0,1.0,1.0,0.8579680035779145
1825,bd31f3930e078d690,True,,,,,,,,,,1.0,0.0,1.0,1.0,0.39363294941321303,1.0,1.0,1.0,1.0,0.0
1826,5fe4444b0088c0e14,True,,,,,,,,,,1.0,1.0,1.0,1.0,0.9433698686382063,1.0,1.0,1.0,1.0,0.9823030839494394
1827,b4ad9997db888e2b4,True,,,,,,,,,,1.0,1.0,1.0,1.0,1.0,1.0,0.0,1.0,0.0,0.75
1828,0aef5f06bc06b4b67,True,,,,,,,,,,1.0,0.0,1.0,1.0,1.0,1.0,1.0,1.0,1.0,0.0
1829,960134e598a1cc28b,True,,,,,,,,,,1.0,1.0,0.5,1.0,1.0,1.0,0.0,1.0,1.0,0.4375
1830,bf934afd68e4b2573,True,,,,,,,,,,1.0,1.0,0.5,1.0,0.7736803162935814,1.0,0.0,1.0,1.0,0.4021375494208721
1831,d1dbac626089838d2,True,,,,,,,,,,1.0,1.0,0.0,1.0,1.0,1.0,0.0,1.0,0.0,0.0
1832,7158ea4fc0b59fdee,True,,,,,,,,,,1.0,1.0,1.0,1.0,1.0,1.0,0.0,1.0,1.0,0.875
1833,0d26c23bce11ae16b,True,,,,,,,,,,1.0,1.0,1.0,1.0,0.9486780897356935,1.0,1.0,1.0,0.0,0.8589619030424043
1834,c0a268f5942ff8fac,True,,,,,,,,,,1.0,1.0,1.0,1.0,0.3086680325384609,1.0,1.0,1.0,0.0,0.658958760168269
1835,ff77cf6e6c1e73c86,True,,,,,,,,,,1.0,1.0,1.0,1.0,0.6629576378003244,1.0,0.0,1.0,1.0,0.7696742618126013
1836,ecd4cf358c244bf21,True,,,,,,,,,,0.5,0.0,1.0,1.0,1.0,0.0,0.0,1.0,1.0,0.0
1837,4e231a60b33891721,True,,,,,,,,,,0.0,1.0,1.0,1.0,1.0,0.0,0.0,1.0,0.0,0.0
1838,7a163daf930e48637,True,,,,,,,,,,1.0,0.0,0.0,1.0,1.0,1.0,0.0,1.0,0.0,0.0
1839,0d70fefa06711301c,True,,,,,,,,,,1.0,1.0,1.0,1.0,0.5388212221139475,1.0,1.0,1.0,1.0,0.8558816319106086
1840,dda43e7963e96149d,True,,,,,,,,,,1.0,1.0,1.0,1.0,0.958820768113777,1.0,0.0,1.0,0.0,0.7371314900355553
1841,ffa118247f83dcacd,True,,,,,,,,,,1.0,1.0,1.0,1.0,0.3155213584143255,1.0,1.0,1.0,0.0,0.6611004245044767
1842,adbf76475e83933e1,True,,,,,,,,,,1.0,1.0,0.5,1.0,1.0,0.0,0.0,1.0,1.0,0.28125
1843,b46505d824967a9bc,True,,,,,,,,,,1.0,1.0,1.0,1.0,0.42772964464172325,1.0,1.0,1.0,0.0,0.6961655139505385
1844,5dc4590f82971002e,True,,,,,,,,,,1.0,1.0,1.0,1.0,0.9490085671544148,1.0,0.0,1.0,0.0,0.7340651772357547
1845,64cb1964d2bb9f801,True,,,,,,,,,,1.0,1.0,1.0,1.0,0.7656281427874643,1.0,0.0,1.0,0.0,0.6767587946210826
1846,5d362d17d2494ac7c,True,,,,,,,,,,1.0,1.0,1.0,1.0,0.44361287820230105,1.0,1.0,1.0,0.0,0.7011290244382191
1847,7dd030c5962831b4d,True,,,,,,,,,,1.0,1.0,0.0,1.0,0.8732495470887811,1.0,1.0,1.0,1.0,0.0
1848,8a72c1ce26bcc476d,True,,,,,,,,,,0.0,1.0,1.0,1.0,0.8566156104446397,0.0,1.0,1.0,1.0,0.0
1849,377968d648e50daf0,True,,,,,,,,,,0.0,1.0,1.0,1.0,1.0,0.0,0.0,1.0,0.0,0.0
1850,f6439042fbc2b78de,True,,,,,,,,,,1.0,0.0,1.0,1.0,0.30469510002445055,1.0,1.0,1.0,0.0,0.0
1851,dfaaf61d58472b476,True,,,,,,,,,,1.0,1.0,1.0,1.0,0.40669842273011414,1.0,1.0,1.0,1.0,0.8145932571031607
1852,00aa61063a3147cb9,True,,,,,,,,,,1.0,1.0,1.0,1.0,0.4357903575653347,1.0,1.0,1.0,1.0,0.823684486739167
1853,6689a93bda6a6470b,True,,,,,,,,,,1.0,1.0,1.0,1.0,0.8870820618222391,1.0,1.0,1.0,1.0,0.9647131443194497
1854,15e2547cb8af6e312,True,,,,,,,,,,1.0,0.0,0.5,1.0,0.9075552752184955,1.0,0.0,1.0,0.0,0.0
1855,fa350068f608950fe,True,,,,,,,,,,1.0,1.0,1.0,1.0,0.8491186220842046,1.0,0.0,1.0,0.0,0.7028495694013139
1856,c30bd4dc602d95119,True,,,,,,,,,,1.0,1.0,1.0,1.0,0.8751292906459123,1.0,0.0,1.0,1.0,0.8359779033268475
1857,d2d732a1ea85df0d1,True,,,,,,,,,,1.0,1.0,1.0,1.0,0.3693972011696224,1.0,1.0,1.0,1.0,0.802936625365507
1858,d41d6a2f8fae47904,True,,,,,,,,,,1.0,1.0,1.0,1.0,0.29238405379912247,1.0,1.0,1.0,1.0,0.7788700168122258
1859,69fb879cbb73f071a,True,,,,,,,,,,1.0,1.0,1.0,1.0,0.534706405289503,1.0,1.0,1.0,0.0,0.7295957516529696
1860,9bdc2e6f73aad36a5,True,,,,,,,,,,1.0,1.0,1.0,1.0,0.6463303591101297,1.0,1.0,1.0,1.0,0.8894782372219155
1861,12df8311d005ad619,True,,,,,,,,,,1.0,1.0,1.0,1.0,0.3493996323258217,1.0,1.0,1.0,1.0,0.7966873851018192
1862,934dcf983849279e2,True,,,,,,,,,,1.0,0.0,1.0,1.0,0.8106010843644943,1.0,1.0,1.0,1.0,0.0
1863,9c091b0cc6c49fd2a,True,,,,,,,,,,1.0,1.0,0.0,1.0,0.86916474118708,0.0,0.0,0.0,0.0,0.0
1864,802f2dcbc798db1bd,True,,,,,,,,,,1.0,0.0,0.5,1.0,1.0,1.0,0.0,1.0,1.0,0.0
1865,0be67c62d046cc4b1,True,,,,,,,,,,1.0,1.0,0.5,1.0,1.0,1.0,0.0,1.0,1.0,0.4375
1866,cc8fe959edbcbe076,True,,,,,,,,,,0.0,1.0,1.0,1.0,1.0,0.0,0.0,1.0,0.0,0.0
1867,488b7f582a8d0e834,True,,,,,,,,,,1.0,1.0,1.0,1.0,0.33435923190934624,1.0,1.0,1.0,1.0,0.7919872599716706
1868,07d57ac58a266170f,True,,,,,,,,,,1.0,1.0,1.0,1.0,0.5736743742910317,1.0,0.0,1.0,0.0,0.6167732419659474
1869,5e6d2cd10c8d3e867,True,,,,,,,,,,1.0,1.0,1.0,1.0,0.8181687776198653,1.0,0.0,1.0,1.0,0.8181777430062078
1870,ff2677dc137bcd3f7,True,,,,,,,,,,1.0,1.0,1.0,1.0,0.5521209871393443,1.0,1.0,1.0,1.0,0.8600378084810452
1871,ebf583743cf822ad6,True,,,,,,,,,,1.0,1.0,0.0,1.0,0.9292449196041801,1.0,0.0,1.0,1.0,0.0
1872,f6f0f9e856ac09aa5,True,,,,,,,,,,1.0,1.0,1.0,1.0,0.2524278009100985,1.0,1.0,1.0,1.0,0.7663836877844058
1873,f3ce063b49364f5ba,True,,,,,,,,,,1.0,1.0,1.0,1.0,0.18538128200695922,1.0,1.0,1.0,1.0,0.7454316506271748
1874,77591ae74db6e241c,True,,,,,,,,,,0.5,0.0,1.0,1.0,1.0,0.0,1.0,1.0,1.0,0.0
1875,fbc2b4583a81f36b9,True,,,,,,,,,,1.0,1.0,1.0,1.0,0.48338081516862136,1.0,0.0,1.0,1.0,0.7135565047401942
1876,b20b0b76f7991c89b,True,,,,,,,,,,1.0,1.0,1.0,1.0,1.0,1.0,1.0,1.0,1.0,1.0
1877,a617218bc7b506fc1,True,,,,,,,,,,1.0,1.0,0.0,1.0,1.0,1.0,0.0,1.0,1.0,0.0
1878,d50691398e89c58dd,True,,,,,,,,,,1.0,1.0,0.5,1.0,0.7107467109711456,1.0,0.0,1.0,1.0,0.3923041735892415
1879,dc335a90fc3e97ef3,True,,,,,,,,,,1.0,1.0,1.0,1.0,0.9011417749678716,1.0,0.0,1.0,1.0,0.8441068046774599
1880,fef836e429bc5768f,True,,,,,,,,,,1.0,1.0,1.0,1.0,0.5812083891319174,1.0,0.0,1.0,0.0,0.6191276216037243
1881,4511ae351df046b69,True,,,,,,,,,,1.0,1.0,1.0,1.0,1.0,1.0,1.0,1.0,0.0,0.875
1882,f4fb3d3b43707d6a3,True,,,,,,,,,,1.0,1.0,1.0,1.0,1.0,1.0,0.0,1.0,0.0,0.75
1883,49f60cc575589f36c,True,,,,,,,,,,1.0,1.0,0.0,1.0,0.9253381469560923,1.0,0.0,1.0,1.0,0.0
1884,3423788f9b45444ab,True,,,,,,,,,,1.0,1.0,1.0,1.0,0.5765587927227382,1.0,1.0,1.0,0.0,0.7426746227258557
1885,d20b551bd918a2353,True,,,,,,,,,,1.0,1.0,1.0,1.0,0.5732178785752545,1.0,0.0,1.0,1.0,0.741630587054767
1886,4304662a687a53d30,True,,,,,,,,,,1.0,1.0,1.0,1.0,0.33123454092108523,1.0,1.0,1.0,1.0,0.7910107940378391
1887,49057fbf986facf33,True,,,,,,,,,,1.0,1.0,1.0,1.0,0.31396277647389087,1.0,0.0,1.0,0.0,0.5356133676480909
1888,cf84397ec4944d689,True,,,,,,,,,,0.0,1.0,1.0,1.0,1.0,0.0,0.0,0.0,0.0,0.0
1889,d1a972f7af648078b,True,,,,,,,,,,1.0,1.0,1.0,1.0,0.47412723764421894,1.0,1.0,1.0,1.0,0.8356647617638184
1890,96e86e9c0ae1056bf,True,,,,,,,,,,0.0,1.0,1.0,1.0,1.0,0.0,1.0,1.0,1.0,0.0
1891,1a5fb4f0990893f71,True,,,,,,,,,,0.0,0.0,1.0,1.0,0.7856333307125443,1.0,1.0,1.0,0.0,0.0
1892,1e2b6420a190b7d56,True,,,,,,,,,,1.0,1.0,1.0,1.0,0.88335435954636,1.0,1.0,1.0,0.0,0.8385482373582375
1893,da2b9a69d4322c6e8,True,,,,,,,,,,1.0,1.0,1.0,1.0,0.4496129205046027,1.0,1.0,1.0,1.0,0.8280040376576884
1894,e33aa6b2d5b26910b,True,,,,,,,,,,1.0,1.0,0.0,1.0,1.0,1.0,0.0,1.0,1.0,0.0
1895,6d7d0467feb2787ea,True,,,,,,,,,,1.0,1.0,1.0,1.0,0.3191178072732898,1.0,0.0,1.0,1.0,0.662224314772903
1896,53667f0557981798d,True,,,,,,,,,,1.0,1.0,1.0,1.0,0.8342553138726394,1.0,0.0,1.0,1.0,0.8232047855851998
1897,c9502401d0ae63498,True,,,,,,,,,,1.0,0.0,0.0,1.0,1.0,1.0,0.0,1.0,0.0,0.0
1898,5c17574f067aa995c,True,,,,,,,,,,1.0,0.0,1.0,1.0,1.0,1.0,1.0,1.0,0.0,0.0
1899,28d6fffc098e43af8,True,,,,,,,,,,1.0,1.0,1.0,0.0,0.42085531253665764,1.0,0.0,1.0,1.0,0.0
1900,2913dab4565a29b87,True,,,,,,,,,,1.0,0.0,1.0,1.0,0.6862317348806475,1.0,0.0,0.0,0.0,0.0
1901,ca521b286f7fb606e,True,,,,,,,,,,0.0,1.0,1.0,1.0,1.0,0.0,1.0,1.0,0.0,0.0
1902,430915b356a81da1d,True,,,,,,,,,,1.0,1.0,1.0,1.0,0.7787660570084141,1.0,1.0,1.0,0.0,0.8058643928151294
1903,256b8c1f799d1f6a1,True,,,,,,,,,,1.0,1.0,1.0,1.0,0.5864509386674104,1.0,0.0,1.0,1.0,0.7457659183335658
1904,9d5110bb7daed22bf,True,,,,,,,,,,1.0,1.0,1.0,1.0,0.8533612524506314,1.0,1.0,1.0,1.0,0.9541753913908223
1905,7e15600681ad3a48a,True,,,,,,,,,,1.0,1.0,1.0,1.0,0.7529879271652831,1.0,0.0,1.0,1.0,0.797808727239151
1906,b88788ff5a11cb94f,True,,,,,,,,,,1.0,1.0,1.0,1.0,0.5821802195427263,1.0,1.0,1.0,0.0,0.744431318607102
1907,25db319b5b2d36844,True,,,,,,,,,,1.0,1.0,1.0,1.0,0.47416854924647645,1.0,1.0,1.0,1.0,0.8356776716395239
1908,bee9d6dc42a9d273c,True,,,,,,,,,,1.0,1.0,1.0,1.0,0.8149948496238268,1.0,1.0,1.0,1.0,0.9421858905074458
1909,cfd0e5de5d28d1a6e,True,,,,,,,,,,1.0,1.0,1.0,1.0,0.2892976412883175,1.0,0.0,1.0,1.0,0.6529055129025992
1910,bccc789380086dadb,True,,,,,,,,,,1.0,1.0,1.0,1.0,0.6283484440432779,1.0,0.0,1.0,1.0,0.7588588887635244
1911,f6557e9f386193dfc,True,,,,,,,,,,1.0,1.0,1.0,1.0,0.4462747771096793,1.0,1.0,1.0,1.0,0.8269608678467748
1912,24d58aedbf92c910a,True,,,,,,,,,,1.0,1.0,1.0,1.0,0.8206243216289876,1.0,1.0,1.0,1.0,0.9439451005090587
1913,2cb233c37065ae18d,True,,,,,,,,,,0.0,0.0,1.0,1.0,1.0,0.0,0.0,1.0,0.0,0.0
1914,9922b31c71414db50,True,,,,,,,,,,0.0,1.0,1.0,1.0,1.0,0.0,0.0,1.0,1.0,0.0
1915,f13774881108b5e55,True,,,,,,,,,,1.0,1.0,1.0,1.0,0.37517442542681595,1.0,1.0,1.0,0.0,0.67974200794588
1916,1b7240da7a5598b38,True,,,,,,,,,,0.0,1.0,1.0,1.0,1.0,0.0,1.0,1.0,0.0,0.0
1917,4b4fe8d10a7defecd,True,,,,,,,,,,1.0,1.0,1.0,1.0,1.0,0.0,1.0,1.0,0.0,0.5625
1918,9f8032f6872d56164,True,,,,,,,,,,1.0,1.0,1.0,1.0,0.3322527330004341,1.0,1.0,1.0,1.0,0.7913289790626357
1919,0bb05e9c2e6296330,True,,,,,,,,,,1.0,1.0,1.0,1.0,0.8864472510385121,1.0,1.0,1.0,0.0,0.839514765949535
1920,5713b6b9f58be2004,True,,,,,,,,,,1.0,1.0,1.0,1.0,1.0,1.0,0.0,1.0,0.0,0.75
1921,0f677bebd5ee6c831,True,,,,,,,,,,1.0,1.0,1.0,1.0,0.799809065228891,1.0,0.0,1.0,0.0,0.6874403328840284
1922,c5fd0128d19316b03,True,,,,,,,,,,1.0,1.0,1.0,1.0,0.7583756898917695,1.0,0.0,1.0,0.0,0.674492403091178
1923,11e5a12ad80226150,True,,,,,,,,,,1.0,1.0,1.0,1.0,0.8014952592998188,1.0,0.0,1.0,0.0,0.6879672685311934
1924,114cffc6aed0cbf4b,True,,,,,,,,,,1.0,0.0,1.0,1.0,0.5578894824512409,1.0,0.0,1.0,0.0,0.0
1925,a4e2233cf54403d43,True,,,,,,,,,,1.0,1.0,1.0,1.0,0.6710910856484746,1.0,1.0,1.0,0.0,0.7722159642651483
1926,a2924cf3c11b98cb0,True,,,,,,,,,,1.0,1.0,1.0,1.0,0.4732867781517413,1.0,0.0,1.0,1.0,0.7104021181724192
1927,a2d247bf6cbf13f7c,True,,,,,,,,,,0.0,1.0,1.0,1.0,1.0,0.0,0.0,1.0,0.0,0.0
1928,d153031465d8e37cb,True,,,,,,,,,,1.0,1.0,1.0,1.0,0.6305595199152971,1.0,1.0,1.0,1.0,0.8845498499735304
1929,ba8e76ba50850dffe,True,,,,,,,,,,1.0,1.0,1.0,1.0,0.9093793411957503,1.0,1.0,1.0,0.0,0.846681044123672
1930,70f0bbf667ad7bd9e,True,,,,,,,,,,1.0,1.0,1.0,1.0,1.0,1.0,0.0,1.0,0.0,0.75
1931,f9f68056cf387b7a7,True,,,,,,,,,,0.0,0.0,1.0,1.0,1.0,0.0,0.0,1.0,1.0,0.0
1932,27f023bf8333f5410,True,,,,,,,,,,1.0,1.0,1.0,1.0,0.37958440765018736,1.0,1.0,1.0,0.0,0.6811201273906835
1933,6023b53fce21949e9,True,,,,,,,,,,1.0,1.0,1.0,1.0,0.4378872514488397,1.0,0.0,1.0,1.0,0.6993397660777624
1934,e2e0472858fa4a63e,True,,,,,,,,,,1.0,1.0,1.0,1.0,0.6964441714136146,1.0,0.0,1.0,1.0,0.7801388035667546
1935,ec14753ed2c513cef,True,,,,,,,,,,1.0,1.0,1.0,1.0,0.31197542358239977,1.0,0.0,1.0,1.0,0.6599923198694999
1936,b19a34b568608122f,True,,,,,,,,,,1.0,1.0,1.0,1.0,0.8395656029812727,1.0,0.0,1.0,1.0,0.8248642509316477
1937,8821c536a27933ed5,True,,,,,,,,,,1.0,1.0,1.0,1.0,1.0,1.0,0.0,1.0,0.0,0.75
1938,a82a0dff42f2a74f1,True,,,,,,,,,,1.0,1.0,1.0,1.0,0.5901903791802917,1.0,1.0,0.0,1.0,0.7469344934938411
1939,ca9e9b5a18bc96373,True,,,,,,,,,,1.0,1.0,1.0,1.0,0.6989092119189126,1.0,0.0,1.0,1.0,0.7809091287246602
1940,f068d067b1949f364,True,,,,,,,,,,1.0,0.0,1.0,1.0,1.0,1.0,0.0,1.0,1.0,0.0
1941,34112583ba024c56e,True,,,,,,,,,,0.5,0.0,1.0,1.0,1.0,0.0,1.0,1.0,0.0,0.0
1942,2137517554a7f8e3b,True,,,,,,,,,,1.0,0.0,1.0,1.0,0.8277626667837344,1.0,1.0,1.0,0.0,0.0
1943,8779ba759ea792fbc,True,,,,,,,,,,1.0,1.0,1.0,1.0,0.10578276568388247,1.0,1.0,1.0,1.0,0.7205571142762133
1944,1bc64f4db46ec4c9f,True,,,,,,,,,,1.0,0.0,0.5,1.0,0.9778557675902024,1.0,0.0,1.0,0.0,0.0
1945,1a8fcc346a063b55c,True,,,,,,,,,,1.0,1.0,1.0,1.0,1.0,1.0,1.0,1.0,0.0,0.875
1946,22264d7c1336430c1,True,,,,,,,,,,0.0,1.0,1.0,1.0,1.0,0.0,1.0,1.0,0.0,0.0
1947,e85bd1aab37f82bde,True,,,,,,,,,,0.0,1.0,1.0,1.0,1.0,0.0,1.0,1.0,1.0,0.0
1948,62bb22ff90b4ff60a,True,,,,,,,,,,1.0,1.0,1.0,1.0,0.3388551189670381,1.0,1.0,1.0,1.0,0.7933922246771994
1949,dab0fa452a04c5188,True,,,,,,,,,,0.0,1.0,1.0,1.0,1.0,0.0,1.0,1.0,1.0,0.0
1950,f74297ce90b621563,True,,,,,,,,,,1.0,0.0,1.0,1.0,0.35320569305105765,1.0,1.0,1.0,1.0,0.0
1951,72a853c092fda384e,True,,,,,,,,,,0.0,1.0,1.0,1.0,1.0,0.0,0.0,1.0,0.0,0.0
1952,1f46bbf6d50d08d54,True,,,,,,,,,,1.0,1.0,0.5,1.0,1.0,1.0,0.0,1.0,1.0,0.4375
1953,f7608da692db5aeb1,True,,,,,,,,,,1.0,0.0,0.5,1.0,1.0,1.0,0.0,1.0,1.0,0.0
1954,50af9c4a2721fb804,True,,,,,,,,,,1.0,1.0,1.0,1.0,1.0,1.0,1.0,1.0,0.0,0.875
1955,218dfa1bf4d961da8,True,,,,,,,,,,0.0,1.0,1.0,1.0,1.0,0.0,0.0,1.0,1.0,0.0
1956,f19d36e6d48219eba,True,,,,,,,,,,0.0,0.0,0.5,1.0,1.0,0.0,0.0,1.0,0.0,0.0
1957,4c8f4212a26a493af,True,,,,,,,,,,0.5,0.0,1.0,1.0,1.0,0.0,1.0,1.0,0.0,0.0
1958,972be27c6916c8ef1,True,,,,,,,,,,0.0,1.0,1.0,1.0,1.0,0.0,1.0,1.0,0.0,0.0
1959,f476792b1bd197fca,True,,,,,,,,,,1.0,1.0,1.0,1.0,0.3458504520362112,1.0,0.0,1.0,1.0,0.670578266261316
1960,c624adea428b6fde5,True,,,,,,,,,,1.0,1.0,1.0,1.0,0.6115997692505081,1.0,1.0,1.0,0.0,0.7536249278907838
1961,acd449fa83a39cef2,True,,,,,,,,,,1.0,1.0,1.0,1.0,0.9117373077417589,1.0,0.0,1.0,1.0,0.8474179086692997
1962,2732f280ebb7e46da,True,,,,,,,,,,1.0,1.0,1.0,1.0,0.7209633653234292,1.0,1.0,1.0,0.0,0.7878010516635716
1963,85c1d52fe9fa2e443,True,,,,,,,,,,1.0,1.0,1.0,1.0,0.8664164323358162,1.0,1.0,1.0,1.0,0.9582551351049426
1964,1b4910e763891cfbd,True,,,,,,,,,,0.0,0.0,1.0,1.0,1.0,0.0,0.0,1.0,0.0,0.0
1965,2532060dd97ed7c45,True,,,,,,,,,,1.0,1.0,1.0,1.0,0.6742883174889255,1.0,0.0,0.0,0.0,0.5232150992152892
1966,3864e1953b7d8cbc6,True,,,,,,,,,,1.0,1.0,1.0,1.0,0.7069481338493454,1.0,1.0,0.0,0.0,0.6584212918279204
1967,aaf7a6f6d13220a76,True,,,,,,,,,,1.0,1.0,1.0,1.0,0.628305607575371,1.0,0.0,1.0,0.0,0.6338455023673034
1968,219cbcce551252eb2,True,,,,,,,,,,1.0,1.0,1.0,1.0,0.5093127745823146,1.0,0.0,1.0,1.0,0.7216602420569733
1969,cdf1706038e1c4e1c,True,,,,,,,,,,1.0,0.0,1.0,1.0,0.4347888455921329,1.0,0.0,1.0,0.0,0.0
1970,87b69a9da5677bf5b,True,,,,,,,,,,1.0,1.0,1.0,1.0,0.21435871963655945,1.0,0.0,1.0,0.0,0.5044870998864248
1971,3d45468e32f443cff,True,,,,,,,,,,1.0,1.0,1.0,1.0,0.8554531122349136,1.0,1.0,0.0,0.0,0.7048290975734105
1972,b83ed44f0a4151018,True,,,,,,,,,,1.0,1.0,1.0,1.0,1.0,1.0,1.0,1.0,0.0,0.875
1973,386d0b1a688b012fa,True,,,,,,,,,,1.0,1.0,0.5,1.0,0.755781445647456,1.0,0.0,1.0,1.0,0.399340850882415
1974,ed0f40ad04605d018,True,,,,,,,,,,0.0,1.0,0.0,1.0,1.0,0.0,0.0,1.0,1.0,0.0
1975,891736e00076f8901,True,,,,,,,,,,0.5,0.0,1.0,1.0,0.6048179818710298,0.0,1.0,1.0,0.0,0.0
1976,db8e9c0ed37d0df11,True,,,,,,,,,,0.0,1.0,0.5,1.0,1.0,0.0,0.0,1.0,0.0,0.0
1977,c82ec728742abfe9a,True,,,,,,,,,,1.0,1.0,1.0,1.0,0.6060283868551702,1.0,1.0,1.0,1.0,0.8768838708922407
1978,09747cf799a19f292,True,,,,,,,,,,1.0,1.0,0.5,1.0,1.0,1.0,0.0,1.0,1.0,0.4375
1979,c1b9b8e570da075bf,True,,,,,,,,,,1.0,1.0,1.0,1.0,1.0,1.0,1.0,1.0,1.0,1.0
1980,bc14063bcfe64e058,True,,,,,,,,,,0.0,0.0,1.0,1.0,1.0,0.0,1.0,1.0,0.0,0.0
1981,2d044f90ee817dc19,True,,,,,,,,,,1.0,0.0,0.0,1.0,1.0,1.0,0.0,1.0,1.0,0.0
1982,9492d35704d8b1a15,True,,,,,,,,,,1.0,1.0,0.5,1.0,1.0,1.0,0.0,1.0,1.0,0.4375
1983,9faeca442f57af75b,True,,,,,,,,,,1.0,1.0,1.0,1.0,0.9080913298730826,1.0,0.0,1.0,0.0,0.7212785405853384
1984,95c7dfd77d6f446a0,True,,,,,,,,,,1.0,1.0,1.0,1.0,0.8369328506707214,1.0,0.0,0.0,0.0,0.5740415158346004
1985,7272b7a2cb56feb27,True,,,,,,,,,,1.0,0.0,1.0,1.0,0.4895354634222365,1.0,0.0,1.0,1.0,0.0
1986,a285844e480d8be12,True,,,,,,,,,,1.0,1.0,1.0,1.0,0.4538196634507171,1.0,0.0,1.0,1.0,0.7043186448283492
1987,2385397b4291e7094,True,,,,,,,,,,1.0,1.0,1.0,1.0,0.790928126390513,1.0,1.0,1.0,1.0,0.9346650394970353
1988,8d47793d9ca1f6778,True,,,,,,,,,,1.0,1.0,1.0,1.0,1.0,1.0,1.0,1.0,1.0,1.0
1989,2565c982d32c96893,True,,,,,,,,,,1.0,1.0,0.0,1.0,0.7631818733251773,1.0,1.0,1.0,1.0,0.0
1990,917bf16baa9646d6c,True,,,,,,,,,,1.0,1.0,1.0,1.0,0.40687302839793343,1.0,1.0,1.0,1.0,0.8146478213743542
1991,874ca7613e4fb30ba,True,,,,,,,,,,1.0,1.0,0.5,1.0,1.0,1.0,0.0,1.0,0.0,0.375
1992,036d27d8003dd2f2e,True,,,,,,,,,,1.0,1.0,1.0,1.0,1.0,1.0,1.0,1.0,1.0,1.0
1993,7acdb574f1a885262,True,,,,,,,,,,1.0,1.0,1.0,1.0,0.8112115404431023,1.0,0.0,1.0,1.0,0.8160036063884695
1994,81c9c878090cea034,True,,,,,,,,,,1.0,1.0,1.0,1.0,0.1427820706178348,1.0,1.0,1.0,1.0,0.7321193970680734
1995,8c29c71f168e21bbd,True,,,,,,,,,,1.0,1.0,1.0,1.0,1.0,1.0,1.0,1.0,0.0,0.875
1996,15f652f1382299b99,True,,,,,,,,,,1.0,1.0,0.5,1.0,1.0,1.0,0.0,1.0,1.0,0.4375
1997,6a0e7c7b6a5967f37,True,,,,,,,,,,1.0,1.0,1.0,1.0,0.6049298279749147,1.0,1.0,1.0,1.0,0.8765405712421608
1998,014c92e4c2718adf8,True,,,,,,,,,,1.0,1.0,1.0,1.0,0.9319254275425449,1.0,1.0,1.0,0.0,0.8537266961070453
1999,091f890b966563016,True,,,,,,,,,,1.0,1.0,1.0,1.0,0.31288217920316974,1.0,1.0,1.0,1.0,0.7852756810009905
2000,d0df486d88c5b89d4,True,,,,,,,,,,1.0,1.0,1.0,1.0,0.7242492446744049,1.0,1.0,1.0,1.0,0.9138278889607515
2001,aa598127cd934aa23,True,,,,,,,,,,1.0,1.0,1.0,1.0,0.40979494988681997,1.0,1.0,1.0,1.0,0.8155609218396312
2002,4b2c40907436ec443,True,,,,,,,,,,1.0,1.0,1.0,1.0,0.14581754513495004,1.0,1.0,1.0,1.0,0.7330679828546719
2003,0225e9a16d781eb96,True,,,,,,,,,,0.0,1.0,0.0,1.0,1.0,0.0,0.0,1.0,1.0,0.0
2004,4cdaeeeeccac7dcd3,True,,,,,,,,,,1.0,1.0,0.0,1.0,1.0,1.0,0.0,1.0,0.0,0.0
2005,9852fe25aea4c5db3,True,,,,,,,,,,1.0,0.0,1.0,1.0,0.8283480448572805,1.0,0.0,1.0,0.0,0.0
2006,0fc796582943bab81,True,,,,,,,,,,1.0,1.0,1.0,1.0,0.65710554390317,1.0,1.0,1.0,1.0,0.8928454824697406
2007,a07db051c3599a582,True,,,,,,,,,,1.0,1.0,0.5,1.0,1.0,1.0,0.0,1.0,0.0,0.375
2008,a9a2a4ccbd1a06bee,True,,,,,,,,,,1.0,0.0,1.0,1.0,0.9410570159402226,1.0,1.0,1.0,1.0,0.0
2009,5d16842470d67d7aa,True,,,,,,,,,,1.0,1.0,1.0,1.0,1.0,1.0,1.0,1.0,1.0,1.0
2010,c672054b9f22ca68b,True,,,,,,,,,,1.0,0.0,1.0,1.0,1.0,1.0,0.0,1.0,0.0,0.0
2011,e20ec0633fcd9af94,True,,,,,,,,,,1.0,1.0,1.0,1.0,0.8228406272713993,1.0,1.0,1.0,1.0,0.9446376960223123
2012,bd799913f5456fbe9,True,,,,,,,,,,1.0,0.0,1.0,1.0,1.0,1.0,0.0,0.0,0.0,0.0
2013,451c8ee9a94e9524f,True,,,,,,,,,,1.0,1.0,0.0,1.0,1.0,1.0,0.0,1.0,0.0,0.0
2014,b50c1c40b51d7211f,True,,,,,,,,,,1.0,1.0,1.0,1.0,0.3876728097848008,1.0,0.0,1.0,1.0,0.6836477530577503
2015,36350983298c6896a,True,,,,,,,,,,1.0,1.0,1.0,1.0,0.35026984052098264,1.0,1.0,1.0,1.0,0.7969593251628071
2016,f0fac8077bc98ead2,True,,,,,,,,,,1.0,1.0,1.0,1.0,0.39278288462383226,1.0,0.0,1.0,1.0,0.6852446514449476
2017,3e179fc29839a19a3,True,,,,,,,,,,1.0,1.0,1.0,1.0,1.0,1.0,0.0,1.0,1.0,0.875
2018,ee0214c25403e4214,True,,,,,,,,,,1.0,1.0,1.0,1.0,0.3658420519908636,1.0,0.0,1.0,0.0,0.551825641247145
2019,7339827ceaab8796b,True,,,,,,,,,,1.0,0.0,1.0,1.0,0.6177861977681157,1.0,1.0,1.0,1.0,0.0
2020,5415935ab116cd94f,True,,,,,,,,,,1.0,1.0,1.0,1.0,0.9149042436539679,1.0,1.0,1.0,1.0,0.973407576141865
2021,9cef002202fcf25ea,True,,,,,,,,,,1.0,1.0,1.0,1.0,1.0,1.0,1.0,1.0,0.0,0.875
2022,eb16cfaf356e80f1f,True,,,,,,,,,,1.0,1.0,1.0,1.0,0.9569823313799788,1.0,1.0,1.0,1.0,0.9865569785562434
2023,4cac5cf4ef12bcaba,True,,,,,,,,,,1.0,0.0,1.0,1.0,0.891481995266264,1.0,0.0,1.0,0.0,0.0
2024,a4dff43b479ee5041,True,,,,,,,,,,1.0,1.0,0.0,1.0,1.0,1.0,0.0,1.0,1.0,0.0
2025,1a764c92b4c5c5a8a,True,,,,,,,,,,0.0,1.0,1.0,1.0,0.9154360272951981,0.0,1.0,1.0,0.0,0.0
2026,3be7098579628f9d1,True,,,,,,,,,,0.0,1.0,1.0,1.0,1.0,0.0,1.0,1.0,0.0,0.0
2027,0c384c629c8faf4a0,True,,,,,,,,,,1.0,1.0,1.0,1.0,0.7561916674932598,1.0,1.0,1.0,0.0,0.7988098960916437
2028,7ad621cdbc4494e0d,True,,,,,,,,,,1.0,1.0,0.5,1.0,0.5927104131853392,1.0,0.0,1.0,0.0,0.3113610020602092
2029,f26e03767d82f4ae7,True,,,,,,,,,,1.0,1.0,1.0,1.0,1.0,1.0,1.0,1.0,1.0,1.0
2030,92f6dfd3e7865475c,True,,,,,,,,,,1.0,1.0,1.0,1.0,0.9138884263083461,1.0,1.0,1.0,1.0,0.9730901332213582
2031,53c6f9cae0f7a4cd1,True,,,,,,,,,,0.0,0.0,0.5,1.0,1.0,0.0,1.0,1.0,0.0,0.0
2032,0584fafb0cb401aaf,True,,,,,,,,,,1.0,1.0,0.5,1.0,1.0,1.0,1.0,1.0,0.0,0.4375
2033,587695426dcca63ae,True,,,,,,,,,,1.0,1.0,1.0,1.0,1.0,1.0,1.0,1.0,1.0,1.0
2034,daf6f2775f3fee4c9,True,,,,,,,,,,1.0,1.0,1.0,1.0,0.6946876135148309,1.0,0.0,1.0,0.0,0.6545898792233846
2035,378f516a635bd9169,True,,,,,,,,,,0.0,1.0,1.0,1.0,1.0,0.0,1.0,1.0,0.0,0.0
2036,2615ffc998d3b5976,True,,,,,,,,,,1.0,1.0,1.0,1.0,0.7484161708487835,1.0,1.0,1.0,0.0,0.7963800533902449
2037,ff355597ff0f68f3c,True,,,,,,,,,,1.0,1.0,1.0,1.0,1.0,1.0,0.0,1.0,0.0,0.75
2038,20a64ca2d03e6cb72,True,,,,,,,,,,1.0,1.0,1.0,1.0,0.4932171928234885,1.0,1.0,1.0,1.0,0.8416303727573402
2039,a7ac5526d9ab827a7,True,,,,,,,,,,1.0,1.0,1.0,1.0,1.0,1.0,1.0,1.0,0.0,0.875
2040,ae94ff2780b7d715c,True,,,,,,,,,,1.0,1.0,0.5,1.0,0.7710173779074229,1.0,0.0,1.0,0.0,0.3392214652980348
2041,063ea0d49748630a5,True,,,,,,,,,,1.0,1.0,1.0,1.0,0.21021089977770058,1.0,1.0,1.0,1.0,0.7531909061805314
2042,17ff329e83009189d,True,,,,,,,,,,1.0,1.0,0.5,1.0,0.6000959059329914,1.0,0.0,1.0,0.0,0.3125149853020299
2043,aa354b140b6d2c2ab,True,,,,,,,,,,1.0,1.0,1.0,1.0,0.298622508285172,1.0,1.0,1.0,1.0,0.7808195338391163
2044,7fd5398b4e1c42134,True,,,,,,,,,,1.0,0.0,1.0,1.0,1.0,1.0,1.0,1.0,1.0,0.0
2045,dfa834bc1ba00afb5,True,,,,,,,,,,0.0,1.0,1.0,1.0,1.0,0.0,0.0,1.0,1.0,0.0
2046,3ea710ad8425a9566,True,,,,,,,,,,1.0,0.0,1.0,1.0,0.22931971147667954,1.0,1.0,1.0,1.0,0.0
2047,7ee10c65aff66f1f6,True,,,,,,,,,,1.0,1.0,0.5,1.0,1.0,1.0,0.0,1.0,0.0,0.375
2048,bebc043b24bdb6ddf,True,,,,,,,,,,1.0,1.0,1.0,1.0,0.25498940636491546,1.0,1.0,1.0,1.0,0.7671841894890361
2049,735bf126af1875fe2,True,,,,,,,,,,0.0,1.0,1.0,1.0,1.0,0.0,0.0,1.0,1.0,0.0
2050,31cc7cd0fdf16f061,True,,,,,,,,,,1.0,1.0,0.0,1.0,0.7981256359271302,1.0,1.0,0.0,0.0,0.0
2051,655169c8955ef778b,True,,,,,,,,,,1.0,1.0,1.0,1.0,1.0,1.0,1.0,1.0,1.0,1.0
2052,f75452f2564e8f2ae,True,,,,,,,,,,1.0,1.0,1.0,1.0,1.0,1.0,0.0,1.0,1.0,0.875
2053,1e3da3a342a445433,True,,,,,,,,,,1.0,1.0,0.5,1.0,0.5933318642872243,1.0,0.0,1.0,0.0,0.3114581037948788
2054,6e7de4339dc039c41,True,,,,,,,,,,1.0,1.0,1.0,1.0,0.3519062205716819,1.0,1.0,1.0,0.0,0.6724706939286507
2055,a3ebde725e612b5f3,True,,,,,,,,,,1.0,0.0,1.0,1.0,1.0,1.0,1.0,1.0,0.0,0.0
2056,3e180f4a19fe95fc4,True,,,,,,,,,,1.0,1.0,1.0,1.0,0.9069668296541474,1.0,0.0,1.0,0.0,0.720927134266921
2057,e677a32f0475fc05e,True,,,,,,,,,,1.0,1.0,1.0,1.0,0.45926088713125357,1.0,0.0,1.0,1.0,0.7060190272285167
2058,19b51ad1679f9fa3c,True,,,,,,,,,,1.0,1.0,1.0,1.0,0.5153698682078324,1.0,1.0,1.0,1.0,0.8485530838149477
2059,07f1e4860bc02a04d,True,,,,,,,,,,1.0,1.0,1.0,1.0,1.0,1.0,0.0,1.0,0.0,0.75
2060,1b905261d3f70d1f0,True,,,,,,,,,,1.0,1.0,1.0,1.0,0.3903402009969333,1.0,1.0,1.0,1.0,0.8094813128115417
2061,8b9e74d5a89159431,True,,,,,,,,,,1.0,0.0,0.5,1.0,1.0,1.0,0.0,1.0,1.0,0.0
2062,45e565719eec672e1,True,,,,,,,,,,0.5,1.0,1.0,1.0,1.0,0.0,0.0,1.0,1.0,0.28125
2063,769c42d02e0f583b2,True,,,,,,,,,,1.0,1.0,0.5,1.0,1.0,1.0,0.0,1.0,1.0,0.4375
2064,974e05c39e876c78a,True,,,,,,,,,,1.0,1.0,1.0,1.0,0.5046557525929003,1.0,0.0,1.0,0.0,0.5952049226852814
2065,35dbe67d467571cfb,True,,,,,,,,,,1.0,0.0,1.0,1.0,0.5900377239023392,1.0,0.0,1.0,0.0,0.0
2066,b5927d9f04e5f04d4,True,,,,,,,,,,1.0,1.0,1.0,1.0,0.5116979890131217,1.0,1.0,1.0,1.0,0.8474056215666006
2067,89fdadaeadc80221e,True,,,,,,,,,,1.0,1.0,1.0,1.0,1.0,1.0,1.0,1.0,0.0,0.875
2068,a0663290a63074719,True,,,,,,,,,,1.0,1.0,1.0,1.0,0.8270110274554779,1.0,0.0,1.0,1.0,0.8209409460798369
2069,cfa0d13a7c93691c3,True,,,,,,,,,,1.0,0.0,1.0,1.0,0.2819017515159948,1.0,0.0,1.0,0.0,0.0
2070,dc140e9555d47bb86,True,,,,,,,,,,1.0,1.0,1.0,1.0,0.5486552602068376,1.0,1.0,1.0,0.0,0.7339547688146367
2071,6ca032cc95e7418a6,True,,,,,,,,,,1.0,0.0,0.5,1.0,0.617624534435984,1.0,0.0,1.0,1.0,0.0
2072,c58481114df532967,True,,,,,,,,,,1.0,1.0,1.0,1.0,0.8694151214582896,1.0,1.0,1.0,0.0,0.8341922254557155
2073,bc79ecb5bdc5ca4f3,True,,,,,,,,,,1.0,1.0,1.0,1.0,0.6099673963081905,1.0,1.0,1.0,1.0,0.8781148113463095
2074,e4dc487d828f489c8,True,,,,,,,,,,1.0,1.0,1.0,1.0,0.6217762129954326,1.0,1.0,1.0,1.0,0.8818050665610727
2075,afcd4a859a99df309,True,,,,,,,,,,1.0,1.0,1.0,1.0,0.9346575928644915,1.0,1.0,1.0,1.0,0.9795804977701537
2076,abeae7488b509687d,True,,,,,,,,,,1.0,1.0,0.5,1.0,1.0,1.0,0.0,1.0,0.0,0.375
2077,c71bdecb4c4eb5848,True,,,,,,,,,,1.0,1.0,1.0,1.0,0.37523835012593826,1.0,0.0,1.0,1.0,0.6797619844143556
2078,0062f66f0a168555e,True,,,,,,,,,,1.0,1.0,1.0,1.0,0.219830612720721,1.0,1.0,1.0,0.0,0.6311970664752253
2079,a563e26d3cb76d239,True,,,,,,,,,,1.0,1.0,1.0,1.0,0.11839991515890391,1.0,1.0,1.0,0.0,0.5994999734871574
2080,d38c4af1d199d57d9,True,,,,,,,,,,0.0,0.0,1.0,1.0,1.0,0.0,0.0,1.0,1.0,0.0
2081,d86953527b4e9a76d,True,,,,,,,,,,1.0,1.0,0.0,1.0,1.0,0.0,0.0,1.0,0.0,0.0
2082,de6d8849e57d7258f,True,,,,,,,,,,1.0,1.0,1.0,1.0,0.7427740696450044,1.0,1.0,1.0,1.0,0.9196168967640639
2083,336d890ca14e2aab5,True,,,,,,,,,,1.0,1.0,1.0,1.0,0.622898027339075,1.0,1.0,0.0,1.0,0.7571556335434609
2084,f836208030ee5d621,True,,,,,,,,,,1.0,1.0,0.0,1.0,1.0,0.0,0.0,1.0,0.0,0.0
2085,ad215da365bb78fd6,True,,,,,,,,,,1.0,0.0,0.5,1.0,0.6338281901652734,1.0,0.0,1.0,1.0,0.0
2086,e96c4d87797ab96d1,True,,,,,,,,,,1.0,1.0,1.0,1.0,0.8355475817296945,1.0,0.0,1.0,1.0,0.8236086192905295
2087,8ec2f225bd1ccc3ff,True,,,,,,,,,,1.0,1.0,1.0,1.0,0.7823605650645808,1.0,0.0,1.0,1.0,0.8069876765826816
2088,b7d252306270e80e3,True,,,,,,,,,,1.0,1.0,1.0,1.0,0.5559603019184742,1.0,1.0,1.0,1.0,0.8612375943495232
2089,2add74aa82c54303c,True,,,,,,,,,,0.0,0.0,1.0,1.0,0.9602559298129368,0.0,1.0,1.0,0.0,0.0
2090,9766a7687623d62c6,True,,,,,,,,,,1.0,1.0,1.0,1.0,0.38154657967561906,1.0,0.0,1.0,1.0,0.6817333061486309
2091,1efa58a926126dcc0,True,,,,,,,,,,1.0,0.0,1.0,1.0,0.3750122854695292,1.0,1.0,1.0,1.0,0.0
2092,c6d9117f5b5eb2902,True,,,,,,,,,,1.0,1.0,1.0,1.0,0.38976374322236607,1.0,1.0,1.0,1.0,0.8093011697569894
2093,c2fbdb2ef268ad123,True,,,,,,,,,,1.0,1.0,1.0,1.0,1.0,1.0,1.0,1.0,1.0,1.0
2094,d748c74cc9549b8fe,True,,,,,,,,,,1.0,1.0,1.0,1.0,0.6369919884317307,1.0,1.0,1.0,1.0,0.8865599963849158
2095,73f7119a7b5a0b42c,True,,,,,,,,,,1.0,1.0,1.0,1.0,0.6531108911221103,1.0,1.0,1.0,1.0,0.8915971534756595
2096,d9229c0f61c8ff48a,True,,,,,,,,,,1.0,1.0,1.0,1.0,0.9363393846189652,1.0,1.0,1.0,0.0,0.8551060576934266
2097,d259b8e83d8d206fe,True,,,,,,,,,,1.0,1.0,1.0,1.0,1.0,1.0,0.0,1.0,1.0,0.875
2098,83e0eefcee219247b,True,,,,,,,,,,1.0,1.0,1.0,1.0,0.3250590678539453,1.0,0.0,1.0,0.0,0.5390809587043579
2099,9c439f9711b4d4d8a,True,,,,,,,,,,1.0,1.0,1.0,1.0,0.9763208889404746,1.0,1.0,1.0,1.0,0.9926002777938983
2100,4e61e52835cb5d3ef,True,,,,,,,,,,1.0,1.0,1.0,1.0,0.7241985211545897,1.0,1.0,1.0,1.0,0.9138120378608092
2101,947f38ffbc0854bac,True,,,,,,,,,,0.0,1.0,1.0,1.0,1.0,0.0,1.0,1.0,1.0,0.0
2102,d4b0d052629a32f79,True,,,,,,,,,,1.0,1.0,1.0,1.0,1.0,1.0,1.0,0.0,0.0,0.75
2103,40e319c83aab2731d,True,,,,,,,,,,1.0,1.0,1.0,1.0,1.0,1.0,0.0,1.0,0.0,0.75
2104,a69e816127208136c,True,,,,,,,,,,1.0,1.0,1.0,1.0,0.8021228614373579,1.0,0.0,1.0,1.0,0.8131633941991743
2105,cb9eb4dbe16a93d2e,True,,,,,,,,,,1.0,1.0,1.0,1.0,0.5614213407048277,1.0,1.0,1.0,0.0,0.7379441689702586
2106,a5797a61db84af354,True,,,,,,,,,,1.0,1.0,1.0,1.0,0.5289552118321547,1.0,1.0,1.0,0.0,0.7277985036975483
2107,66c0ac7e945e90197,True,,,,,,,,,,1.0,1.0,0.5,1.0,0.4240303340827714,1.0,0.0,1.0,1.0,0.34750473970043305
2108,e5c6c91f1d3892636,True,,,,,,,,,,1.0,1.0,1.0,1.0,0.7854343285266657,1.0,1.0,1.0,0.0,0.8079482276645831
2109,ad537f45665843f16,True,,,,,,,,,,1.0,1.0,1.0,1.0,0.4410699302549669,1.0,1.0,1.0,0.0,0.7003343532046772
2110,4aa1d2e5835ad59ee,True,,,,,,,,,,1.0,1.0,1.0,1.0,0.3552468152017451,1.0,1.0,1.0,1.0,0.7985146297505453
2111,ca8771e5e055dcfca,True,,,,,,,,,,1.0,0.0,0.5,1.0,1.0,1.0,0.0,1.0,1.0,0.0
2112,9fb29e611c9f4f0e2,True,,,,,,,,,,1.0,1.0,1.0,1.0,0.8252240519254529,1.0,0.0,0.0,0.0,0.570382516226704
2113,700c12c03b64be698,True,,,,,,,,,,1.0,1.0,1.0,1.0,1.0,1.0,0.0,1.0,1.0,0.875
2114,b126b5cfaa1f25e61,True,,,,,,,,,,1.0,1.0,1.0,1.0,0.4484607846241826,1.0,1.0,1.0,1.0,0.827643995195057
2115,fb487048e0748febd,True,,,,,,,,,,1.0,1.0,1.0,1.0,0.73626067539773,1.0,0.0,1.0,1.0,0.7925814610617906
2116,161ae204e36c7312b,True,,,,,,,,,,1.0,1.0,1.0,1.0,0.2988095351852544,1.0,0.0,1.0,0.0,0.530877979745392
2117,00cbc73194109904b,True,,,,,,,,,,1.0,1.0,1.0,1.0,0.8591279986431253,1.0,0.0,1.0,1.0,0.8309774995759767
2118,5f6ba007265885758,True,,,,,,,,,,1.0,1.0,1.0,1.0,0.7795365997808454,1.0,0.0,1.0,0.0,0.6811051874315142
2119,dd0ed1239e6562358,True,,,,,,,,,,1.0,0.0,0.0,1.0,1.0,1.0,0.0,1.0,0.0,0.0
2120,5e5a2a6c7ddbfc092,True,,,,,,,,,,1.0,0.0,1.0,1.0,0.6983406259888424,1.0,1.0,1.0,0.0,0.0
2121,b6e21e56bbdb5ba68,True,,,,,,,,,,1.0,1.0,1.0,1.0,0.9549740567040512,1.0,1.0,1.0,1.0,0.985929392720016
2122,3428d82c17d7e5501,True,,,,,,,,,,0.5,0.0,1.0,1.0,1.0,0.0,1.0,1.0,1.0,0.0
2123,845c54f5c31f66323,True,,,,,,,,,,1.0,1.0,1.0,1.0,0.8241007321688967,1.0,1.0,1.0,1.0,0.9450314788027803
2124,53932082fb71ad6d8,True,,,,,,,,,,1.0,1.0,1.0,1.0,0.4379956345040518,1.0,1.0,1.0,1.0,0.8243736357825162
2125,594f782a45aefdedc,True,,,,,,,,,,0.0,1.0,1.0,1.0,1.0,0.0,0.0,1.0,0.0,0.0
2126,0cb7cbb38d279ba88,True,,,,,,,,,,1.0,1.0,0.5,1.0,0.7327237391036,1.0,0.0,1.0,0.0,0.3332380842349375
2127,2da7f9d5b6d7592f7,True,,,,,,,,,,1.0,1.0,1.0,1.0,0.8572852805843877,1.0,0.0,1.0,1.0,0.8304016501826211
2128,583e0fd0c7d71cae0,True,,,,,,,,,,0.0,1.0,0.0,1.0,0.8329472198249109,0.0,0.0,1.0,1.0,0.0
2129,6663c84e1f3447a03,True,,,,,,,,,,1.0,1.0,1.0,1.0,0.822201495821914,1.0,0.0,1.0,0.0,0.6944379674443482
2130,2f676101d71e92b1b,True,,,,,,,,,,1.0,1.0,1.0,1.0,0.9386317184836783,1.0,1.0,1.0,0.0,0.8558224120261495
2131,2c253de40b51a352a,True,,,,,,,,,,1.0,1.0,1.0,1.0,0.7116376534898938,1.0,1.0,1.0,0.0,0.7848867667155919
2132,e2d44e550396a6802,True,,,,,,,,,,1.0,1.0,1.0,1.0,0.9796287727648099,1.0,1.0,1.0,1.0,0.9936339914890031
2133,297ba1c65109e01ba,True,,,,,,,,,,1.0,1.0,1.0,1.0,0.5843013961610942,1.0,1.0,0.0,1.0,0.745094186300342
2134,ad027cf65e5484130,True,,,,,,,,,,1.0,1.0,1.0,1.0,0.596790508545657,1.0,1.0,1.0,0.0,0.7489970339205179
2135,f5d80ab764fc60704,True,,,,,,,,,,1.0,1.0,1.0,1.0,0.45617089523528304,1.0,0.0,1.0,1.0,0.705053404761026
2136,ecccff94c00a6bd77,True,,,,,,,,,,0.0,0.0,0.5,1.0,1.0,0.0,0.0,1.0,1.0,0.0
2137,b83cdd77a941b515d,True,,,,,,,,,,1.0,1.0,0.5,1.0,1.0,1.0,0.0,1.0,0.0,0.375
2138,9b4f213c9ca37efb2,True,,,,,,,,,,1.0,1.0,1.0,1.0,1.0,1.0,0.0,1.0,1.0,0.875
2139,5504db91fe0808550,True,,,,,,,,,,1.0,1.0,1.0,1.0,0.7632383612168292,1.0,0.0,1.0,1.0,0.8010119878802591
2140,a7cf069369c371dd2,True,,,,,,,,,,1.0,0.0,1.0,1.0,0.27735823558426564,1.0,1.0,1.0,1.0,0.0
2141,524162acddc61c61a,True,,,,,,,,,,0.5,0.0,1.0,1.0,1.0,0.0,0.0,1.0,1.0,0.0
2142,cf6ea1483f38bad12,True,,,,,,,,,,1.0,1.0,1.0,1.0,0.14709415913327334,1.0,0.0,1.0,0.0,0.48346692472914793
2143,36fe5d9f407c60a58,True,,,,,,,,,,1.0,0.0,1.0,1.0,0.4005887761337664,1.0,1.0,1.0,1.0,0.0
2144,516eb2ea0832b6c1d,True,,,,,,,,,,1.0,1.0,1.0,1.0,1.0,1.0,1.0,1.0,1.0,1.0
2145,534a1ef23eb35451c,True,,,,,,,,,,1.0,1.0,1.0,1.0,1.0,1.0,1.0,0.0,0.0,0.75
2146,17d06ef1ec00f95dc,True,,,,,,,,,,1.0,1.0,1.0,1.0,1.0,1.0,1.0,1.0,1.0,1.0
2147,e41e35545e4667bbb,True,,,,,,,,,,1.0,0.0,0.0,1.0,1.0,1.0,0.0,1.0,0.0,0.0
2148,5b8a84de1fcdc3118,True,,,,,,,,,,1.0,0.0,1.0,0.0,1.0,1.0,1.0,1.0,0.0,0.0
2149,e14d602917d1d211f,True,,,,,,,,,,1.0,1.0,1.0,1.0,0.8191364896399136,1.0,0.0,1.0,1.0,0.818480153012473
2150,749fa88824e849ee8,True,,,,,,,,,,0.0,1.0,1.0,1.0,0.8075068599548332,0.0,0.0,1.0,1.0,0.0
2151,7036ba346c7d2824b,True,,,,,,,,,,1.0,0.0,0.5,1.0,1.0,1.0,0.0,1.0,1.0,0.0
2152,be1d5bdbfc0e6edc2,True,,,,,,,,,,1.0,1.0,1.0,1.0,0.8184808839969329,1.0,0.0,1.0,1.0,0.8182752762490415
2153,4fd96d4727fd67d4a,True,,,,,,,,,,1.0,1.0,1.0,1.0,0.6269041740077276,1.0,0.0,1.0,0.0,0.6334075543774149
2154,53df090218b63e39f,True,,,,,,,,,,1.0,1.0,1.0,1.0,0.6060580304144987,1.0,1.0,1.0,0.0,0.7518931345045308
2155,5f47a3fc517f4ab93,True,,,,,,,,,,1.0,1.0,1.0,1.0,1.0,1.0,1.0,1.0,0.0,0.875
2156,bee1f7c478d5663fc,True,,,,,,,,,,1.0,1.0,1.0,1.0,1.0,1.0,0.0,1.0,1.0,0.875
2157,f6817999b4946e35c,True,,,,,,,,,,1.0,1.0,1.0,1.0,1.0,1.0,1.0,1.0,1.0,1.0
2158,deb3331dfd3043c59,True,,,,,,,,,,1.0,0.0,1.0,1.0,1.0,1.0,0.0,1.0,1.0,0.0
2159,2d69cb0443fc22cf0,True,,,,,,,,,,1.0,1.0,1.0,1.0,1.0,1.0,1.0,1.0,1.0,1.0
2160,5688641dd10efb02d,True,,,,,,,,,,1.0,1.0,1.0,1.0,0.5018708474271065,1.0,1.0,1.0,1.0,0.8443346398209708
2161,2f6210cf0561159ae,True,,,,,,,,,,1.0,0.0,1.0,1.0,1.0,1.0,1.0,1.0,1.0,0.0
2162,6697b38b1d73777b9,True,,,,,,,,,,1.0,1.0,1.0,1.0,0.6889214549966909,1.0,1.0,1.0,1.0,0.9027879546864659
2163,6de62a830b05d683f,True,,,,,,,,,,1.0,0.0,1.0,1.0,1.0,1.0,0.0,1.0,1.0,0.0
2164,21473775434910bbe,True,,,,,,,,,,1.0,1.0,1.0,1.0,1.0,1.0,0.0,1.0,1.0,0.875
2165,271b906800ea0cf57,True,,,,,,,,,,1.0,0.0,1.0,1.0,1.0,1.0,0.0,1.0,0.0,0.0
2166,e7f8c99f8df8cf65b,True,,,,,,,,,,0.0,1.0,1.0,1.0,1.0,0.0,1.0,1.0,1.0,0.0
2167,864a83021c759e07e,True,,,,,,,,,,1.0,0.0,0.5,1.0,1.0,1.0,0.0,1.0,0.0,0.0
2168,ae646ba56f5add8db,True,,,,,,,,,,1.0,1.0,0.5,1.0,0.5066122096041439,1.0,0.0,1.0,1.0,0.3604081577506475
2169,ea7e06440b39909f9,True,,,,,,,,,,1.0,1.0,1.0,1.0,0.5837913438659168,1.0,1.0,1.0,0.0,0.744934794958099
2170,0118e2ec3759cc2bc,True,,,,,,,,,,1.0,1.0,1.0,1.0,1.0,1.0,0.0,1.0,1.0,0.875
2171,5c24c6bed91b159e3,True,,,,,,,,,,1.0,1.0,1.0,1.0,1.0,1.0,0.0,1.0,1.0,0.875
2172,b7b75d4d1f9b05cac,True,,,,,,,,,,1.0,1.0,1.0,1.0,0.4391660113417297,1.0,0.0,1.0,1.0,0.6997393785442905
2173,f6eee6000df177477,True,,,,,,,,,,1.0,0.0,1.0,1.0,1.0,1.0,0.0,1.0,1.0,0.0
2174,2c920866d1784abe5,True,,,,,,,,,,0.0,1.0,1.0,0.0,1.0,0.0,0.0,1.0,0.0,0.0
2175,1442b131da263f4dc,True,,,,,,,,,,1.0,1.0,1.0,1.0,0.41748299666796346,1.0,0.0,1.0,0.0,0.5679634364587386
2176,d33fcf041654db4d0,True,,,,,,,,,,1.0,1.0,1.0,1.0,0.5692126069148857,1.0,0.0,1.0,0.0,0.6153789396609017
2177,687fb362f72d56b1d,True,,,,,,,,,,1.0,1.0,1.0,1.0,0.5226926090235221,1.0,1.0,1.0,0.0,0.7258414403198507
2178,205e1f314131287bc,True,,,,,,,,,,1.0,1.0,1.0,1.0,0.8714788603383621,1.0,1.0,1.0,0.0,0.8348371438557382
2179,ce3d7615ed78d6c47,True,,,,,,,,,,1.0,1.0,1.0,1.0,0.7378921547727407,0.0,1.0,1.0,0.0,0.4805912983664815
2180,ac0e0083b3ca184aa,True,,,,,,,,,,0.0,0.0,1.0,1.0,1.0,0.0,1.0,0.0,0.0,0.0
2181,5b387bb6b49ae731a,True,,,,,,,,,,1.0,1.0,1.0,1.0,0.6344962276893491,1.0,0.0,1.0,0.0,0.6357800711529216
2182,c23afa5ae384dc837,True,,,,,,,,,,1.0,1.0,1.0,1.0,1.0,1.0,1.0,1.0,1.0,1.0
2183,9fb82728bb72ae665,True,,,,,,,,,,0.0,1.0,1.0,1.0,1.0,1.0,0.0,1.0,1.0,0.0
2184,2bf5a9368dfcf4f1a,True,,,,,,,,,,1.0,1.0,0.5,1.0,1.0,1.0,1.0,1.0,1.0,0.5
2185,0a043b6dfbe71d53e,True,,,,,,,,,,1.0,1.0,1.0,1.0,0.6884081395488963,1.0,0.0,1.0,0.0,0.6526275436090301
2186,1a04dd2fcf47b0404,True,,,,,,,,,,1.0,1.0,1.0,1.0,0.42636626469020095,1.0,1.0,1.0,0.0,0.6957394577156878
2187,94c404a1f903addc1,True,,,,,,,,,,1.0,1.0,1.0,1.0,0.3715448859857232,1.0,1.0,1.0,1.0,0.8036077768705385
2188,f39b90bb6aa1bbac7,True,,,,,,,,,,0.0,1.0,1.0,1.0,1.0,0.0,0.0,1.0,1.0,0.0
2189,bf16a1467ed27acf5,True,,,,,,,,,,0.0,1.0,1.0,1.0,1.0,0.0,1.0,1.0,0.0,0.0
2190,2f1ef51a33585046a,True,,,,,,,,,,1.0,1.0,1.0,1.0,1.0,1.0,0.0,1.0,1.0,0.875
2191,3c5f6c1f10df6f892,True,,,,,,,,,,1.0,0.0,1.0,1.0,1.0,1.0,1.0,1.0,0.0,0.0
2192,04c0d966a74c0c8e0,True,,,,,,,,,,0.0,1.0,1.0,1.0,1.0,0.0,0.0,1.0,1.0,0.0
2193,b0917755d03fa6298,True,,,,,,,,,,1.0,0.0,0.5,1.0,0.6776387810637835,1.0,0.0,1.0,0.0,0.0
2194,7e931dfbe8e295f21,True,,,,,,,,,,1.0,1.0,1.0,1.0,0.7138848880480786,1.0,1.0,1.0,1.0,0.9105890275150246
2195,ce572306b1a6a0b96,True,,,,,,,,,,1.0,1.0,0.5,1.0,1.0,1.0,0.0,1.0,1.0,0.4375
2196,134a68b7ad7fc9ec4,True,,,,,,,,,,1.0,1.0,1.0,1.0,1.0,1.0,1.0,1.0,1.0,1.0
2197,b06abb0b6477b1473,True,,,,,,,,,,1.0,0.0,0.5,1.0,1.0,1.0,1.0,1.0,1.0,0.0
2198,f3e993209190be300,True,,,,,,,,,,1.0,1.0,1.0,1.0,0.6002374115714141,1.0,1.0,1.0,1.0,0.8750741911160669
2199,5afefbf1463923c97,True,,,,,,,,,,1.0,1.0,1.0,1.0,0.6465487919963185,1.0,0.0,1.0,1.0,0.7645464974988495
2200,2dbe11fffefbf239c,True,,,,,,,,,,1.0,0.0,0.0,1.0,0.7147206030073243,1.0,0.0,1.0,0.0,0.0
2201,a4f24e691930789eb,True,,,,,,,,,,1.0,1.0,1.0,1.0,1.0,1.0,1.0,1.0,1.0,1.0
2202,f07be583867d7e867,True,,,,,,,,,,0.0,0.0,0.0,1.0,1.0,0.0,0.0,1.0,0.0,0.0
2203,e987a00eb520c3af5,True,,,,,,,,,,1.0,1.0,1.0,1.0,0.23582111985810586,1.0,1.0,1.0,1.0,0.7611940999556581
2204,6ef6514c231637cbf,True,,,,,,,,,,1.0,1.0,1.0,1.0,1.0,1.0,1.0,1.0,1.0,1.0
2205,bc07273c020da88b3,True,,,,,,,,,,0.0,1.0,1.0,1.0,0.9134330644336907,0.0,1.0,1.0,1.0,0.0
2206,95d7198096423bdb7,True,,,,,,,,,,1.0,1.0,1.0,1.0,0.6040458874666237,1.0,0.0,1.0,1.0,0.7512643398333199
2207,7459b322982d2932c,True,,,,,,,,,,1.0,1.0,1.0,1.0,0.7883538318397578,1.0,1.0,1.0,1.0,0.9338605724499243
2208,09fa657ef5c07d73d,True,,,,,,,,,,1.0,1.0,1.0,1.0,1.0,1.0,0.0,1.0,1.0,0.875
2209,a4dd32146e7a66591,True,,,,,,,,,,1.0,1.0,1.0,1.0,0.8487860917663822,1.0,1.0,1.0,1.0,0.9527456536769945
2210,bd0a7b8b83e474560,True,,,,,,,,,,1.0,1.0,1.0,1.0,0.6136050602581401,1.0,0.0,1.0,0.0,0.6292515813306687
2211,12f4928a69547a0bf,True,,,,,,,,,,1.0,0.0,1.0,1.0,1.0,1.0,1.0,1.0,0.0,0.0
2212,bb64b91f09ac1d235,True,,,,,,,,,,1.0,1.0,1.0,1.0,0.4148108888199552,1.0,1.0,1.0,0.0,0.692128402756236
2213,ed6284a7f1cce40a2,True,,,,,,,,,,1.0,1.0,1.0,1.0,1.0,1.0,1.0,1.0,1.0,1.0
2214,fb84b929b3de63176,True,,,,,,,,,,1.0,1.0,1.0,1.0,0.43356223226498364,1.0,0.0,1.0,0.0,0.5729881975828074
2215,7124ea8593f4c9b14,True,,,,,,,,,,1.0,0.0,0.5,1.0,1.0,1.0,1.0,1.0,1.0,0.0
2216,2ba1cba17d48212d7,True,,,,,,,,,,0.5,1.0,1.0,1.0,1.0,0.0,1.0,1.0,0.0,0.28125
2217,8134b9f604787b2c1,True,,,,,,,,,,1.0,1.0,1.0,1.0,0.8635610234745618,1.0,0.0,1.0,0.0,0.7073628198358006
2218,a67e740ebc3efc17e,True,,,,,,,,,,1.0,1.0,0.5,1.0,1.0,1.0,0.0,1.0,1.0,0.4375
2219,bb77c49defa6c4631,True,,,,,,,,,,1.0,0.0,1.0,1.0,0.6024360463808687,1.0,0.0,1.0,1.0,0.0
2220,e51cdc2544fd62fa6,True,,,,,,,,,,1.0,1.0,0.5,1.0,0.5234253334643647,1.0,0.0,1.0,1.0,0.363035208353807
2221,81b780529f08d965b,True,,,,,,,,,,1.0,0.0,1.0,1.0,0.8149145611667526,1.0,1.0,1.0,0.0,0.0
2222,589cc001fa920c158,True,,,,,,,,,,0.0,1.0,0.0,1.0,1.0,0.0,0.0,1.0,1.0,0.0
2223,b12d970eb84c1530f,True,,,,,,,,,,1.0,1.0,1.0,1.0,1.0,1.0,0.0,1.0,0.0,0.75
2224,36ae44a98b7378f57,True,,,,,,,,,,1.0,0.0,1.0,1.0,0.5774194464770868,1.0,1.0,1.0,0.0,0.0
2225,63f0437b508ffc626,True,,,,,,,,,,0.0,1.0,1.0,1.0,1.0,0.0,1.0,1.0,0.0,0.0
2226,0cda637bebb7a14dc,True,,,,,,,,,,0.0,1.0,1.0,1.0,1.0,0.0,1.0,0.0,1.0,0.0
2227,52454445f992935d8,True,,,,,,,,,,1.0,1.0,1.0,1.0,0.7528728099977458,1.0,1.0,1.0,0.0,0.7977727531242955
2228,11f7a7f38a5e98d20,True,,,,,,,,,,1.0,1.0,1.0,1.0,0.9051548164672648,1.0,1.0,1.0,1.0,0.9703608801460202
2229,72df155b106ed7e16,True,,,,,,,,,,1.0,1.0,1.0,1.0,0.3799702091762698,1.0,1.0,1.0,1.0,0.8062406903675843
2230,ff17ac7233820a90f,True,,,,,,,,,,1.0,1.0,1.0,1.0,1.0,1.0,0.0,1.0,1.0,0.875
2231,f7f422a9d4e7a419f,True,,,,,,,,,,1.0,0.0,1.0,1.0,0.1566090587362785,1.0,0.0,1.0,1.0,0.0
2232,c6d10cce20bba3c8f,True,,,,,,,,,,1.0,1.0,1.0,1.0,0.6392488614089343,1.0,1.0,1.0,1.0,0.887265269190292
2233,a368b8806368419d0,True,,,,,,,,,,1.0,1.0,1.0,1.0,1.0,1.0,1.0,1.0,1.0,1.0
2234,f6cb349b9078fd7c4,True,,,,,,,,,,1.0,1.0,1.0,1.0,0.5389466328203015,1.0,0.0,1.0,1.0,0.7309208227563442
2235,583b2af0de861778c,True,,,,,,,,,,1.0,1.0,0.5,1.0,0.8727206224952728,1.0,0.0,1.0,0.0,0.35511259726488636
2236,396a1f73f2332bb19,True,,,,,,,,,,1.0,1.0,1.0,1.0,0.7500320553314065,1.0,1.0,1.0,0.0,0.7968850172910645
2237,59f54dd987b4a80fd,True,,,,,,,,,,1.0,1.0,1.0,1.0,0.6714192165430813,1.0,1.0,1.0,1.0,0.8973185051697129
2238,f6ee18e1982a51d52,True,,,,,,,,,,1.0,1.0,1.0,1.0,0.5617368962328376,1.0,1.0,1.0,1.0,0.8630427800727618
2239,7b34cc67f7a1ee247,True,,,,,,,,,,1.0,1.0,1.0,1.0,1.0,1.0,0.0,1.0,0.0,0.75
2240,39dac9068ac428048,True,,,,,,,,,,1.0,1.0,1.0,1.0,0.7961703732145637,1.0,0.0,1.0,1.0,0.8113032416295511
2241,3f501988e5d39bd03,True,,,,,,,,,,1.0,1.0,1.0,1.0,0.34848559531863876,1.0,0.0,1.0,1.0,0.6714017485370747
2242,aaf0cbe31c7a5aa33,True,,,,,,,,,,1.0,1.0,0.5,1.0,1.0,1.0,0.0,1.0,1.0,0.4375
2243,7e1f129d7bf7e7065,True,,,,,,,,,,1.0,1.0,1.0,1.0,1.0,1.0,1.0,1.0,0.0,0.875
2244,915f97c98701afaae,True,,,,,,,,,,1.0,1.0,0.0,1.0,0.8844401727034517,0.0,0.0,1.0,0.0,0.0
2245,b8b2aad7145d418e5,True,,,,,,,,,,1.0,1.0,1.0,1.0,0.43579265313163257,1.0,1.0,1.0,0.0,0.6986852041036352
2246,fa217f69e5273bf53,True,,,,,,,,,,1.0,1.0,1.0,1.0,0.28464062788297045,1.0,1.0,1.0,1.0,0.7764501962134283
2247,c9a52fd56ee7c5ee5,True,,,,,,,,,,1.0,1.0,1.0,1.0,1.0,1.0,1.0,1.0,0.0,0.875
2248,c1971860f95cbc9ac,True,,,,,,,,,,1.0,1.0,1.0,1.0,0.7416292367599637,1.0,1.0,1.0,1.0,0.9192591364874887
2249,d3fa0f358c6066f70,True,,,,,,,,,,1.0,1.0,1.0,1.0,0.330820814103257,1.0,0.0,1.0,0.0,0.5408815044072678
2250,89ffb6efe20df9ccf,True,,,,,,,,,,0.5,0.0,1.0,1.0,1.0,0.0,1.0,1.0,0.0,0.0
2251,0c4b91dd1d5fee81a,True,,,,,,,,,,1.0,1.0,0.5,1.0,0.8450550062326392,1.0,0.0,1.0,0.0,0.3507898447238499
2252,0aaae91a3ffa7e596,True,,,,,,,,,,1.0,0.0,1.0,1.0,0.676410814953931,1.0,0.0,1.0,1.0,0.0
2253,7ca5efbee05a576cf,True,,,,,,,,,,1.0,1.0,0.0,1.0,1.0,1.0,0.0,1.0,1.0,0.0
2254,c4bc5e76f15b2b430,True,,,,,,,,,,1.0,1.0,1.0,1.0,0.5763190173370898,1.0,1.0,1.0,1.0,0.8675996929178406
2255,95617d9c8d0165269,True,,,,,,,,,,1.0,1.0,0.5,1.0,0.6546368441842276,1.0,1.0,1.0,0.0,0.38353700690378556
2256,4f3676dd29cda956d,True,,,,,,,,,,1.0,1.0,1.0,1.0,1.0,1.0,0.0,1.0,1.0,0.875
2257,17b20f1abf2c81e8d,True,,,,,,,,,,1.0,1.0,1.0,1.0,1.0,1.0,1.0,1.0,0.0,0.875
2258,67ac6348f814bfca1,True,,,,,,,,,,1.0,1.0,1.0,1.0,0.4337109776250629,1.0,1.0,1.0,1.0,0.8230346805078321
2259,610932681c4760e82,True,,,,,,,,,,1.0,1.0,1.0,1.0,0.4192285857755453,1.0,0.0,1.0,1.0,0.6935089330548578
2260,f8ca67d21e119b990,True,,,,,,,,,,1.0,1.0,1.0,1.0,1.0,1.0,0.0,1.0,1.0,0.875
2261,78d4cffc4aa085aab,True,,,,,,,,,,1.0,1.0,1.0,1.0,1.0,1.0,1.0,1.0,0.0,0.875
2262,939cad6fe88e1d488,True,,,,,,,,,,1.0,1.0,1.0,1.0,0.5208892999325293,0.0,1.0,1.0,1.0,0.5377779062289154
2263,3791263c877ce2d77,True,,,,,,,,,,1.0,1.0,1.0,0.0,1.0,1.0,1.0,1.0,1.0,0.0
2264,c172bf35d27bb2a60,True,,,,,,,,,,1.0,1.0,1.0,1.0,0.8715660332193716,1.0,0.0,1.0,0.0,0.7098643853810536
2265,48cab8078b80242a1,True,,,,,,,,,,1.0,1.0,1.0,1.0,0.8691132674774179,1.0,1.0,1.0,1.0,0.9590978960866932
2266,2c048c6ca0a0876cd,True,,,,,,,,,,1.0,1.0,1.0,1.0,1.0,1.0,0.0,1.0,0.0,0.75
2267,d6cfdfbe6733111b7,True,,,,,,,,,,1.0,1.0,1.0,1.0,1.0,1.0,0.0,1.0,1.0,0.875
2268,20c10d1762c2f560d,True,,,,,,,,,,0.0,0.0,0.0,1.0,1.0,0.0,0.0,1.0,0.0,0.0
2269,535b410078f9658ee,True,,,,,,,,,,1.0,0.0,1.0,1.0,0.941887391691889,1.0,0.0,1.0,0.0,0.0
2270,989f4b8f1e6bddc26,True,,,,,,,,,,1.0,1.0,1.0,1.0,0.3518895481489464,1.0,1.0,1.0,1.0,0.7974654837965458
2271,9a5ec15b58d715b9c,True,,,,,,,,,,1.0,1.0,1.0,1.0,0.3571296642959421,1.0,1.0,1.0,1.0,0.7991030200924819
2272,bad9757cb0a673425,True,,,,,,,,,,1.0,1.0,1.0,1.0,1.0,1.0,1.0,1.0,1.0,1.0
2273,feeaa6210f5b68928,True,,,,,,,,,,1.0,0.0,1.0,1.0,0.5845573360382911,1.0,0.0,1.0,0.0,0.0
2274,e5f62e45611621e50,True,,,,,,,,,,0.0,1.0,1.0,1.0,1.0,0.0,1.0,1.0,1.0,0.0
2275,d0edf77b02ddc46df,True,,,,,,,,,,1.0,1.0,0.0,1.0,1.0,1.0,0.0,1.0,0.0,0.0
2276,56b4d54802fcfc9b1,True,,,,,,,,,,1.0,1.0,1.0,1.0,0.7992724983074627,1.0,0.0,1.0,1.0,0.8122726557210821
2277,55c8727d5f4634051,True,,,,,,,,,,1.0,1.0,1.0,1.0,0.6621770383643668,1.0,1.0,1.0,0.0,0.7694303244888646
2278,e781cee1082355533,True,,,,,,,,,,1.0,0.0,1.0,1.0,0.6239434203334671,1.0,1.0,1.0,0.0,0.0
2279,fbaef0dd45ccf2413,True,,,,,,,,,,1.0,0.0,1.0,1.0,0.8102485697356732,1.0,1.0,1.0,1.0,0.0
2280,78501e6f18988cb91,True,,,,,,,,,,0.0,1.0,1.0,1.0,1.0,0.0,0.0,1.0,0.0,0.0
2281,944867d5050b336ad,True,,,,,,,,,,1.0,0.0,0.5,1.0,1.0,0.0,0.0,1.0,1.0,0.0
2282,087f962c16ba01a4c,True,,,,,,,,,,1.0,1.0,1.0,1.0,0.6147858623036624,1.0,0.0,1.0,0.0,0.6296205819698946
2283,df33e15913a4524e0,True,,,,,,,,,,1.0,1.0,1.0,1.0,0.7624201781729303,1.0,0.0,1.0,1.0,0.8007563056790408
2284,d917882ea2d51f02c,True,,,,,,,,,,1.0,1.0,0.5,1.0,0.5017032189833296,1.0,0.0,1.0,1.0,0.3596411279661452
2285,312594bc42c547bb1,True,,,,,,,,,,1.0,1.0,0.5,1.0,1.0,1.0,0.0,1.0,0.0,0.375
2286,9985c549514dec050,True,,,,,,,,,,1.0,1.0,0.5,1.0,1.0,1.0,0.0,1.0,0.0,0.375
2287,140e7d68475dc3f63,True,,,,,,,,,,1.0,1.0,0.0,1.0,0.7563424740981086,1.0,0.0,1.0,1.0,0.0
2288,d8df0e75d22679cef,True,,,,,,,,,,0.0,1.0,0.0,1.0,1.0,0.0,0.0,1.0,0.0,0.0
2289,3a181370dbfab5b1c,True,,,,,,,,,,1.0,1.0,1.0,1.0,0.7668250652299167,1.0,0.0,1.0,1.0,0.8021328328843489
2290,969a72274e20ef86e,True,,,,,,,,,,1.0,1.0,1.0,1.0,0.46450774010026674,1.0,1.0,1.0,1.0,0.8326586687813333
2291,c4e43258697fbd31e,True,,,,,,,,,,1.0,1.0,1.0,1.0,0.3552151063308809,1.0,1.0,1.0,1.0,0.7985047207284003
2292,a538a6acee46ef831,True,,,,,,,,,,1.0,1.0,1.0,1.0,0.8178752427589219,1.0,1.0,1.0,1.0,0.943086013362163
2293,15a4d38c20001c0e4,True,,,,,,,,,,1.0,0.0,0.0,1.0,1.0,1.0,0.0,1.0,0.0,0.0
2294,246271906b5570c57,True,,,,,,,,,,1.0,0.0,1.0,1.0,0.27892324930382634,1.0,0.0,1.0,0.0,0.0
2295,8ab7f330292d7d49f,True,,,,,,,,,,1.0,1.0,1.0,1.0,0.8494268397321451,1.0,0.0,1.0,1.0,0.8279458874162953
2296,43759bd8769ab0e07,True,,,,,,,,,,1.0,1.0,1.0,1.0,1.0,1.0,1.0,1.0,1.0,1.0
2297,6a39e3072cc5a4e56,True,,,,,,,,,,1.0,1.0,0.5,1.0,0.7419547372771627,1.0,1.0,1.0,0.0,0.39718042769955664
2298,974c47a86ec212e1d,True,,,,,,,,,,1.0,1.0,0.5,1.0,1.0,1.0,0.0,1.0,0.0,0.375
2299,01fd6ca416dc0630c,True,,,,,,,,,,1.0,0.0,0.0,1.0,1.0,1.0,0.0,1.0,1.0,0.0
2300,c2e48998f58fcf229,True,,,,,,,,,,1.0,1.0,1.0,1.0,0.48295180643654007,1.0,1.0,1.0,1.0,0.8384224395114188
2301,b7b9067126836af21,True,,,,,,,,,,0.0,1.0,1.0,1.0,1.0,0.0,1.0,1.0,1.0,0.0
2302,964d3400667ae187f,True,,,,,,,,,,1.0,1.0,1.0,1.0,0.40683312630768814,1.0,1.0,1.0,1.0,0.8146353519711526
2303,1f06c169ad7123eab,True,,,,,,,,,,0.0,1.0,1.0,1.0,1.0,0.0,0.0,1.0,1.0,0.0
2304,32dff9c93368fc640,True,,,,,,,,,,1.0,1.0,0.0,1.0,1.0,1.0,0.0,1.0,0.0,0.0
2305,774a05df3c1512cac,True,,,,,,,,,,1.0,1.0,1.0,1.0,0.5215327452116129,1.0,1.0,1.0,0.0,0.725478982878629
2306,f7d4775bfad9dcab8,True,,,,,,,,,,1.0,1.0,1.0,1.0,1.0,1.0,0.0,1.0,1.0,0.875
2307,7d08b706a7adba557,True,,,,,,,,,,1.0,1.0,1.0,1.0,0.7652511958064508,1.0,0.0,1.0,1.0,0.8016409986895159
2308,303bc627ceab22570,True,,,,,,,,,,1.0,0.0,1.0,1.0,1.0,0.0,0.0,1.0,0.0,0.0
2309,d0d8a6da053f9740c,True,,,,,,,,,,1.0,1.0,1.0,1.0,0.6132724951501627,1.0,1.0,1.0,1.0,0.8791476547344259
2310,19f37ab0ecf15f254,True,,,,,,,,,,1.0,0.0,1.0,1.0,0.598856135020217,1.0,0.0,1.0,1.0,0.0
2311,d5edc9afab7f3a337,True,,,,,,,,,,1.0,1.0,1.0,1.0,0.8014105348517233,1.0,1.0,1.0,0.0,0.8129407921411635
2312,ab7e7c6fb9f3451a3,True,,,,,,,,,,1.0,0.0,1.0,1.0,1.0,1.0,0.0,1.0,0.0,0.0
2313,af838aad1e6b19925,True,,,,,,,,,,1.0,1.0,1.0,1.0,0.17859572010501,1.0,1.0,1.0,0.0,0.6183111625328156
2314,3accc2d050327016d,True,,,,,,,,,,0.0,1.0,1.0,1.0,1.0,0.0,1.0,1.0,0.0,0.0
2315,26fc6837ede450373,True,,,,,,,,,,1.0,1.0,1.0,1.0,0.5592201979196325,1.0,1.0,1.0,1.0,0.8622563118498852
2316,6d33b3de92c436972,True,,,,,,,,,,1.0,1.0,1.0,1.0,0.6296824684297604,1.0,1.0,0.0,0.0,0.6342757713843001
2317,8254c72f094adeb13,True,,,,,,,,,,1.0,1.0,1.0,1.0,1.0,1.0,1.0,1.0,1.0,1.0
2318,77db839a0d3b1d5fe,True,,,,,,,,,,1.0,1.0,1.0,1.0,0.8085162164243331,1.0,1.0,1.0,1.0,0.9401613176326041
2319,186f59c514ff34824,True,,,,,,,,,,1.0,1.0,1.0,1.0,1.0,1.0,1.0,1.0,0.0,0.875
2320,cc675839235bef34d,True,,,,,,,,,,1.0,1.0,1.0,1.0,0.8496634573422678,1.0,1.0,0.0,0.0,0.7030198304194587
2321,e8a42b314c0d6f88e,True,,,,,,,,,,1.0,1.0,0.5,1.0,1.0,1.0,0.0,1.0,0.0,0.375
2322,344138bb06fa0b513,True,,,,,,,,,,1.0,0.0,1.0,1.0,1.0,1.0,1.0,1.0,1.0,0.0
2323,b89f8f1400c121a0e,True,,,,,,,,,,1.0,1.0,1.0,1.0,1.0,1.0,1.0,1.0,1.0,1.0
2324,ae09f26f3f98c0e0e,True,,,,,,,,,,1.0,1.0,0.5,1.0,1.0,1.0,1.0,1.0,1.0,0.5
2325,2d240158ae67d64dd,True,,,,,,,,,,1.0,1.0,0.5,1.0,0.4879948187653079,1.0,0.0,1.0,1.0,0.35749919043207934
2326,9557f26df1e4356d7,True,,,,,,,,,,1.0,1.0,0.0,1.0,1.0,1.0,0.0,1.0,1.0,0.0
2327,9d01fb3bc5ce52bd1,True,,,,,,,,,,1.0,1.0,1.0,1.0,0.8279025070711219,1.0,1.0,1.0,1.0,0.9462195334597256
2328,78cbfd303e7f32efc,True,,,,,,,,,,1.0,1.0,1.0,1.0,1.0,1.0,0.0,1.0,1.0,0.875
2329,3b57e348407582e72,True,,,,,,,,,,1.0,1.0,0.5,1.0,0.8635855429515114,1.0,1.0,1.0,1.0,0.47868524108617366
2330,544fd2c725ea1a878,True,,,,,,,,,,1.0,1.0,1.0,1.0,0.8596964619875749,1.0,1.0,1.0,1.0,0.9561551443711171
2331,df67b662b2c444fa9,True,,,,,,,,,,1.0,1.0,1.0,1.0,0.7803818332773896,1.0,1.0,1.0,1.0,0.9313693228991843
2332,ae40e2e1ac7bb59ef,True,,,,,,,,,,1.0,1.0,1.0,1.0,0.422935044673561,1.0,1.0,1.0,1.0,0.8196672014604878
2333,5cabba46461e04874,True,,,,,,,,,,1.0,1.0,1.0,1.0,1.0,1.0,0.0,1.0,1.0,0.875
2334,d337b79f01dc75805,True,,,,,,,,,,1.0,1.0,0.5,1.0,0.49924291092213346,1.0,0.0,1.0,0.0,0.29675670483158334
2335,2653246a8dbdf690b,True,,,,,,,,,,1.0,1.0,1.0,1.0,0.4150051481706645,1.0,0.0,1.0,1.0,0.6921891088033326
2336,7cd1093d133170449,True,,,,,,,,,,1.0,0.0,1.0,1.0,1.0,1.0,1.0,1.0,0.0,0.0
2337,ef01e0a3e1ff9b43f,True,,,,,,,,,,1.0,1.0,1.0,1.0,0.8061522605588275,1.0,1.0,1.0,0.0,0.8144225814246335
2338,946b593648412d83c,True,,,,,,,,,,1.0,1.0,1.0,1.0,1.0,1.0,1.0,1.0,1.0,1.0
2339,1b82ae87e58cbab28,True,,,,,,,,,,1.0,1.0,0.0,1.0,0.9903708281972254,1.0,0.0,1.0,0.0,0.0
2340,c3f88ffa3ddcecc64,True,,,,,,,,,,0.0,1.0,1.0,1.0,1.0,0.0,0.0,1.0,1.0,0.0
2341,64817a4fdc07fc93a,True,,,,,,,,,,1.0,1.0,1.0,1.0,1.0,1.0,0.0,1.0,0.0,0.75
2342,b18dce3363c25fc91,True,,,,,,,,,,1.0,0.0,0.0,1.0,1.0,0.0,0.0,1.0,0.0,0.0
2343,ef00d37c017fde631,True,,,,,,,,,,1.0,1.0,1.0,1.0,0.8131741933428042,1.0,0.0,0.0,0.0,0.5666169354196263
2344,57b584425e87975ce,True,,,,,,,,,,1.0,1.0,0.0,1.0,1.0,1.0,0.0,1.0,1.0,0.0
2345,bafac7b272b09ff2d,True,,,,,,,,,,1.0,1.0,1.0,1.0,0.8363035155795393,1.0,1.0,1.0,1.0,0.9488448486186061
2346,8a767a8d9952eeaf9,True,,,,,,,,,,1.0,1.0,1.0,1.0,1.0,1.0,1.0,1.0,0.0,0.875
2347,9a6ec5011d04fc0c9,True,,,,,,,,,,1.0,1.0,1.0,1.0,0.2129988696987243,1.0,1.0,1.0,1.0,0.7540621467808514
2348,fd3bc1efc24f56212,True,,,,,,,,,,1.0,1.0,1.0,1.0,1.0,1.0,1.0,1.0,0.0,0.875
2349,b74af0790b5550372,True,,,,,,,,,,1.0,1.0,1.0,1.0,0.4970738107742441,1.0,0.0,1.0,0.0,0.5928355658669513
2350,bbc7311ff7a7c3e18,True,,,,,,,,,,1.0,1.0,1.0,1.0,1.0,1.0,1.0,1.0,0.0,0.875
2351,23ab167e45e62295f,True,,,,,,,,,,1.0,0.0,1.0,1.0,1.0,1.0,1.0,1.0,0.0,0.0
2352,eb588d2e3b1e3409d,True,,,,,,,,,,1.0,1.0,1.0,1.0,0.9365799532401451,1.0,0.0,1.0,1.0,0.8551812353875453
2353,159be5a151baf8f5b,True,,,,,,,,,,1.0,0.0,0.5,1.0,1.0,1.0,0.0,1.0,0.0,0.0
2354,fe05597461d3229f2,True,,,,,,,,,,1.0,0.0,1.0,1.0,0.4019211539608074,1.0,1.0,1.0,1.0,0.0
2355,d118da84ab5c39b69,True,,,,,,,,,,1.0,1.0,1.0,1.0,0.669765104558411,1.0,0.0,1.0,1.0,0.7718015951745034
2356,cc2b7831784a6242d,True,,,,,,,,,,1.0,1.0,1.0,1.0,0.7791113093706095,1.0,1.0,1.0,1.0,0.9309722841783155
2357,7d0e6ab1e39a11f7e,True,,,,,,,,,,1.0,1.0,0.5,1.0,0.4675961495242407,1.0,1.0,1.0,1.0,0.4168118983631626
2358,c950df7be837da65b,True,,,,,,,,,,1.0,1.0,1.0,1.0,1.0,1.0,1.0,1.0,1.0,1.0
2359,2eab4bf554ebec232,True,,,,,,,,,,0.0,1.0,1.0,1.0,1.0,0.0,0.0,1.0,0.0,0.0
2360,842ac0b9f9e4a08ca,True,,,,,,,,,,1.0,0.0,1.0,1.0,0.8835291379986991,1.0,1.0,1.0,1.0,0.0
2361,24d20a80a611d5e65,True,,,,,,,,,,1.0,1.0,1.0,1.0,0.25810229840222076,1.0,1.0,1.0,0.0,0.643156968250694
2362,4ebad6e2adb7c2ab4,True,,,,,,,,,,1.0,1.0,1.0,1.0,1.0,1.0,1.0,1.0,1.0,1.0
2363,e92600c0f705705df,True,,,,,,,,,,1.0,0.0,1.0,1.0,0.7467391855801566,1.0,1.0,1.0,1.0,0.0
2364,b8aa4f2712496a9c3,True,,,,,,,,,,1.0,1.0,0.5,1.0,1.0,1.0,0.0,1.0,1.0,0.4375
2365,ccaf60b54f92a7260,True,,,,,,,,,,1.0,1.0,1.0,1.0,0.8867401349144598,1.0,0.0,1.0,1.0,0.8396062921607688
2366,e1a05afadd29c9d52,True,,,,,,,,,,1.0,1.0,1.0,1.0,1.0,1.0,0.0,1.0,1.0,0.875
2367,402ed0d50f8b2ce26,True,,,,,,,,,,1.0,1.0,1.0,1.0,0.5150147809697195,1.0,1.0,1.0,0.0,0.7234421190530373
2368,322862242b452cccc,True,,,,,,,,,,1.0,0.0,1.0,1.0,0.44089914252003987,1.0,0.0,1.0,1.0,0.0
2369,0c19c99a701794b8d,True,,,,,,,,,,0.0,1.0,1.0,1.0,1.0,0.0,1.0,1.0,0.0,0.0
2370,cad1816ad074ec87f,True,,,,,,,,,,1.0,1.0,1.0,1.0,0.909046089165281,1.0,1.0,1.0,1.0,0.9715769028641503
2371,2b1c7704ed19c6b68,True,,,,,,,,,,1.0,1.0,1.0,1.0,1.0,1.0,1.0,1.0,1.0,1.0
2372,eeb34640b5657db25,True,,,,,,,,,,1.0,1.0,1.0,1.0,1.0,1.0,1.0,1.0,0.0,0.875
2373,d2a3fa9bdd6ebc040,True,,,,,,,,,,1.0,1.0,1.0,1.0,0.7538909634905041,1.0,1.0,1.0,1.0,0.9230909260907825
2374,fe36ce4fe80f5c45b,True,,,,,,,,,,0.0,1.0,1.0,1.0,0.7127453567182712,0.0,1.0,1.0,1.0,0.0
2375,1bd74624249d94074,True,,,,,,,,,,0.5,0.0,1.0,1.0,1.0,0.0,1.0,1.0,1.0,0.0
2376,f1386d10ece58ca18,True,,,,,,,,,,1.0,1.0,1.0,1.0,0.7890680344811385,1.0,0.0,1.0,0.0,0.6840837607753558
2377,60f4ba34fce9a6a16,True,,,,,,,,,,1.0,1.0,1.0,1.0,0.9843674472650641,1.0,1.0,1.0,1.0,0.9951148272703325
2378,4f381652c85aeb8b4,True,,,,,,,,,,1.0,1.0,1.0,1.0,0.42286960031461207,1.0,1.0,1.0,0.0,0.6946467500983162
2379,c86b538debe073fb7,True,,,,,,,,,,1.0,1.0,1.0,1.0,0.8375773686827637,1.0,1.0,1.0,1.0,0.9492429277133636
2380,246d3c9b39fae2ec7,True,,,,,,,,,,1.0,1.0,1.0,1.0,0.9624384163487752,1.0,1.0,1.0,0.0,0.8632620051089923
2381,ee826c29f16b824e8,True,,,,,,,,,,1.0,1.0,1.0,1.0,0.4297797937340987,1.0,1.0,1.0,1.0,0.8218061855419059
2382,c334b7fe14a98e8d9,True,,,,,,,,,,1.0,1.0,0.5,1.0,0.9634760000887844,1.0,0.0,1.0,0.0,0.36929312501387257
2383,38de297bc8ae7c55e,True,,,,,,,,,,1.0,1.0,1.0,1.0,0.9887943480599849,1.0,1.0,1.0,0.0,0.8714982337687454
2384,3d8397f4fcf5d9ec3,True,,,,,,,,,,1.0,1.0,1.0,1.0,0.8242430024748709,1.0,0.0,1.0,1.0,0.8200759382733971
2385,1c3db8608be4d76f0,True,,,,,,,,,,1.0,1.0,1.0,1.0,0.9194403086871531,1.0,1.0,1.0,1.0,0.9748250964647354
2386,2bb698b451e491605,True,,,,,,,,,,1.0,1.0,1.0,1.0,0.19131829933951786,1.0,0.0,1.0,1.0,0.6222869685435993
2387,f643477a1fb277583,True,,,,,,,,,,1.0,1.0,1.0,1.0,0.9927733030182374,0.0,1.0,1.0,0.0,0.5602416571931992
2388,4a2ae0b5cd41f2676,True,,,,,,,,,,1.0,1.0,1.0,1.0,0.3676861349759942,1.0,1.0,1.0,1.0,0.8024019171799982
2389,d6a8d396239dfefa0,True,,,,,,,,,,1.0,1.0,1.0,1.0,0.17733634329399398,1.0,1.0,1.0,1.0,0.7429176072793731
2390,23a9805ef118f909c,True,,,,,,,,,,1.0,1.0,0.0,1.0,0.8579648477114824,1.0,0.0,1.0,0.0,0.0
2391,5e652ec452f5c3eb4,True,,,,,,,,,,1.0,1.0,1.0,1.0,0.8431248108213563,1.0,1.0,1.0,1.0,0.9509765033816738
2392,b692dc44c9a90c1e2,True,,,,,,,,,,1.0,0.0,1.0,1.0,0.7557699036195749,1.0,1.0,1.0,1.0,0.0
2393,62b18a39075ffdaba,True,,,,,,,,,,1.0,1.0,1.0,1.0,1.0,1.0,0.0,1.0,1.0,0.875
2394,b22a9c0ef981d4004,True,,,,,,,,,,1.0,1.0,1.0,1.0,0.6293796368834857,1.0,1.0,1.0,0.0,0.7591811365260893
2395,41a39d55c68bb7f5a,True,,,,,,,,,,1.0,1.0,1.0,1.0,0.41517564556669434,1.0,1.0,1.0,0.0,0.6922423892395919
2396,cac170c5a828b564b,True,,,,,,,,,,1.0,1.0,1.0,1.0,0.8426074917449592,1.0,1.0,1.0,1.0,0.9508148411702997
2397,3d9b28f26222924ba,True,,,,,,,,,,0.0,1.0,1.0,1.0,1.0,0.0,0.0,1.0,0.0,0.0
2398,1211bf26e9a785053,True,,,,,,,,,,1.0,1.0,1.0,1.0,0.8189049197341056,1.0,0.0,1.0,1.0,0.818407787416908
2399,5856d9f4b213e9865,True,,,,,,,,,,1.0,1.0,1.0,1.0,1.0,1.0,0.0,1.0,1.0,0.875
2400,614c25aa5977470dc,True,,,,,,,,,,1.0,1.0,1.0,1.0,0.16474325939886247,1.0,1.0,1.0,1.0,0.7389822685621446
2401,5b7d267fca157a9e6,True,,,,,,,,,,1.0,0.0,1.0,1.0,1.0,1.0,0.0,1.0,0.0,0.0
2402,965c2a5d3c105c295,True,,,,,,,,,,1.0,1.0,1.0,1.0,0.6508861746230925,1.0,0.0,1.0,0.0,0.6409019295697165
2403,2516d8b2211015894,True,,,,,,,,,,1.0,0.0,1.0,1.0,0.6862040025445125,1.0,1.0,1.0,1.0,0.0
2404,67509cfba4d26b15a,True,,,,,,,,,,1.0,1.0,0.0,1.0,1.0,1.0,0.0,1.0,0.0,0.0
2405,ce6402fbad2038696,True,,,,,,,,,,1.0,0.0,0.5,1.0,1.0,1.0,0.0,0.0,0.0,0.0
2406,c35bfd24684ea8d55,True,,,,,,,,,,0.0,1.0,0.0,1.0,0.8460611411029157,0.0,0.0,1.0,1.0,0.0
2407,4355523e202befd73,True,,,,,,,,,,1.0,1.0,1.0,1.0,0.8034761083324278,1.0,1.0,1.0,1.0,0.9385862838538837
2408,67f2162f2fa5e2d76,True,,,,,,,,,,1.0,1.0,1.0,1.0,0.9094392119131448,1.0,1.0,1.0,0.0,0.8466997537228578
2409,24eaf29d6a3fb645e,True,,,,,,,,,,1.0,1.0,1.0,1.0,1.0,1.0,0.0,1.0,1.0,0.875
2410,8c7844d1d621c907b,True,,,,,,,,,,0.0,1.0,1.0,1.0,1.0,0.0,1.0,1.0,1.0,0.0
2411,deec5be8952223b5f,True,,,,,,,,,,1.0,1.0,1.0,1.0,0.805352286448833,1.0,1.0,1.0,1.0,0.9391725895152603
2412,2359c99d75ecbdfaa,True,,,,,,,,,,1.0,1.0,1.0,1.0,0.4111597991414476,1.0,1.0,1.0,1.0,0.8159874372317024
2413,b7e991a05053bf3b9,True,,,,,,,,,,1.0,0.0,0.0,1.0,1.0,1.0,0.0,1.0,1.0,0.0
2414,0ce555951f9b6a445,True,,,,,,,,,,1.0,1.0,1.0,1.0,0.8154965134321585,1.0,1.0,1.0,1.0,0.9423426604475496
2415,765fab253a51a77e4,True,,,,,,,,,,1.0,1.0,1.0,1.0,0.5286220824997341,1.0,0.0,1.0,1.0,0.7276944007811669
2416,19ef2d6f1a4a25124,True,,,,,,,,,,1.0,1.0,1.0,1.0,0.6923036832255329,1.0,1.0,1.0,1.0,0.903844901007979
2417,bf42260856c674066,True,,,,,,,,,,1.0,1.0,1.0,1.0,0.9372876475842608,1.0,0.0,1.0,1.0,0.8554023898700815
2418,0947aa4445fd336d1,True,,,,,,,,,,0.0,1.0,1.0,1.0,1.0,0.0,1.0,1.0,0.0,0.0
2419,764328b4ef560f8d6,True,,,,,,,,,,1.0,1.0,1.0,1.0,1.0,1.0,1.0,1.0,1.0,1.0
2420,781cb5a7c59f1d728,True,,,,,,,,,,1.0,0.0,0.5,1.0,1.0,1.0,0.0,1.0,0.0,0.0
2421,38e9599c6c91e204f,True,,,,,,,,,,1.0,1.0,0.5,1.0,1.0,1.0,0.0,1.0,0.0,0.375
2422,0222e5d829f11ad1c,True,,,,,,,,,,0.0,0.0,0.5,1.0,1.0,0.0,0.0,1.0,1.0,0.0
2423,daa6b068709fe9531,True,,,,,,,,,,0.0,0.0,0.5,1.0,0.6482835578338517,0.0,1.0,1.0,0.0,0.0
2424,096db7931a7697382,True,,,,,,,,,,1.0,1.0,1.0,1.0,0.7728034449759414,1.0,1.0,1.0,1.0,0.9290010765549817
2425,1f060c16840f9229e,True,,,,,,,,,,1.0,1.0,1.0,1.0,0.3146011807900117,1.0,1.0,1.0,1.0,0.7858128689968786
2426,942c13a25166d5723,True,,,,,,,,,,1.0,0.0,1.0,1.0,0.6124376150975203,1.0,1.0,1.0,0.0,0.0
2427,40a1b839fda812527,True,,,,,,,,,,1.0,1.0,1.0,1.0,1.0,1.0,1.0,1.0,0.0,0.875
2428,c0e8d70495bec7921,True,,,,,,,,,,0.0,0.0,1.0,1.0,1.0,0.0,0.0,1.0,1.0,0.0
2429,3dafbde4626235155,True,,,,,,,,,,1.0,1.0,0.0,1.0,0.8218165375907853,1.0,0.0,1.0,1.0,0.0
2430,a83b75532f5ded9db,True,,,,,,,,,,0.0,1.0,1.0,1.0,1.0,0.0,0.0,1.0,0.0,0.0
2431,6ac3abb0e9eb26113,True,,,,,,,,,,1.0,1.0,1.0,1.0,0.7926201824748502,1.0,0.0,1.0,1.0,0.8101938070233907
2432,bd30767ff605ef96c,True,,,,,,,,,,1.0,1.0,1.0,1.0,1.0,1.0,0.0,1.0,1.0,0.875
2433,d913eb830099d4dfe,True,,,,,,,,,,1.0,0.0,1.0,1.0,1.0,1.0,0.0,1.0,1.0,0.0
2434,1c913239e8b6739a5,True,,,,,,,,,,1.0,1.0,1.0,1.0,0.43996591466460944,1.0,1.0,1.0,0.0,0.6999893483326904
2435,8c918377b8ed3a5b1,True,,,,,,,,,,1.0,1.0,1.0,1.0,0.9283325040831193,1.0,0.0,1.0,0.0,0.7276039075259748
2436,8d969226c609be10d,True,,,,,,,,,,1.0,1.0,1.0,1.0,1.0,1.0,0.0,1.0,1.0,0.875
2437,3a5164bb3f2fdabd5,True,,,,,,,,,,1.0,1.0,1.0,1.0,0.35735652392006967,1.0,1.0,1.0,0.0,0.6741739137250218
2438,dd7c29b15f5cef89c,True,,,,,,,,,,1.0,1.0,1.0,1.0,0.795161200953938,1.0,0.0,1.0,1.0,0.8109878752981057
2439,597a84c12865d3cb1,True,,,,,,,,,,1.0,1.0,0.0,1.0,0.8166870113195212,1.0,0.0,1.0,1.0,0.0
2440,937a8f24b8d3c456f,True,,,,,,,,,,0.0,1.0,1.0,1.0,1.0,0.0,0.0,1.0,1.0,0.0
2441,790a3e3a75361c895,True,,,,,,,,,,1.0,1.0,1.0,1.0,0.6953052999243248,1.0,1.0,1.0,1.0,0.9047829062263515
2442,c429ee2fbcaf012bc,True,,,,,,,,,,1.0,1.0,1.0,1.0,0.5024718709029334,1.0,1.0,1.0,1.0,0.8445224596571668
2443,1ac3e56e5a46a2f3a,True,,,,,,,,,,1.0,1.0,1.0,1.0,1.0,1.0,1.0,1.0,0.0,0.875
2444,41efa8e340c6ec6b0,True,,,,,,,,,,1.0,0.0,1.0,1.0,1.0,1.0,1.0,1.0,0.0,0.0
2445,b73770a1de3ee8a3f,True,,,,,,,,,,1.0,1.0,1.0,1.0,0.4260923195750163,1.0,1.0,1.0,0.0,0.6956538498671926
2446,6abfaa7acf5d00640,True,,,,,,,,,,1.0,1.0,1.0,1.0,0.8727598837539645,1.0,1.0,1.0,1.0,0.9602374636731139
2447,c833d5b0fc76fdd86,True,,,,,,,,,,1.0,1.0,1.0,1.0,0.187911683230492,1.0,1.0,1.0,1.0,0.7462224010095287
2448,a436f596d2ea40baa,True,,,,,,,,,,1.0,1.0,0.0,1.0,1.0,1.0,0.0,1.0,1.0,0.0
2449,11faa3428ed91e426,True,,,,,,,,,,1.0,1.0,0.5,1.0,1.0,1.0,0.0,1.0,0.0,0.375
2450,8ea949efbc2e4d9bf,True,,,,,,,,,,1.0,0.0,1.0,1.0,1.0,1.0,0.0,1.0,0.0,0.0
2451,fda2ab172e994071b,True,,,,,,,,,,1.0,1.0,1.0,1.0,0.5921065294921676,1.0,1.0,1.0,0.0,0.7475332904663023
2452,a2c78b96705709dc4,True,,,,,,,,,,1.0,1.0,1.0,1.0,0.6275876735390925,1.0,0.0,1.0,1.0,0.7586211479809664
2453,24d9e424388a37357,True,,,,,,,,,,1.0,1.0,1.0,1.0,0.5442196103305539,1.0,0.0,1.0,0.0,0.6075686282282982
2454,b9d5b5bb73e875bc3,True,,,,,,,,,,1.0,1.0,1.0,1.0,0.6625423475433961,1.0,1.0,1.0,0.0,0.7695444836073113
2455,d405764e71ecb1286,True,,,,,,,,,,1.0,1.0,1.0,1.0,1.0,1.0,0.0,1.0,0.0,0.75
2456,4b3c2ee5f127a3fe4,True,,,,,,,,,,1.0,1.0,0.0,1.0,0.8519183811432259,0.0,0.0,0.0,0.0,0.0
2457,b73265f459fb49f24,True,,,,,,,,,,1.0,1.0,1.0,1.0,0.8935940442881112,1.0,1.0,1.0,1.0,0.9667481388400347
2458,6c5bcf6f99698fac4,True,,,,,,,,,,1.0,1.0,1.0,1.0,0.4665916238314871,1.0,1.0,1.0,0.0,0.7083098824473397
2459,cbe052f2880b9cd3c,True,,,,,,,,,,1.0,1.0,1.0,1.0,0.19316564169809075,1.0,1.0,1.0,0.0,0.6228642630306533
2460,7fe948a38f3a767fe,True,,,,,,,,,,1.0,1.0,0.5,1.0,0.44297730738095503,1.0,0.0,1.0,1.0,0.3504652042782742
2461,055b2b04eb387aadb,True,,,,,,,,,,1.0,0.0,1.0,1.0,1.0,1.0,0.0,1.0,1.0,0.0
2462,68d8bd51d02182ea6,True,,,,,,,,,,1.0,1.0,0.0,1.0,1.0,1.0,0.0,1.0,1.0,0.0
2463,49fd1c147826df430,True,,,,,,,,,,1.0,1.0,1.0,1.0,0.888429388610833,1.0,1.0,1.0,1.0,0.9651341839408853
2464,51cb45da3827bd0fb,True,,,,,,,,,,1.0,1.0,1.0,1.0,0.2568000235094909,1.0,1.0,1.0,1.0,0.7677500073467158
2465,7904bcffe314d0056,True,,,,,,,,,,1.0,0.0,1.0,1.0,1.0,1.0,1.0,1.0,0.0,0.0
2466,90c45199dafb82117,True,,,,,,,,,,1.0,1.0,1.0,1.0,0.8335684240294596,1.0,1.0,1.0,1.0,0.9479901325092062
2467,96260f12e203e8493,True,,,,,,,,,,1.0,1.0,1.0,1.0,0.12274760239655638,1.0,1.0,1.0,1.0,0.7258586257489239
2468,215d99206d864850d,True,,,,,,,,,,1.0,1.0,0.0,1.0,0.7585757768312953,1.0,0.0,1.0,1.0,0.0
2469,09eeb5f6259309d1e,True,,,,,,,,,,0.0,1.0,1.0,1.0,1.0,0.0,1.0,1.0,1.0,0.0
2470,462336a687ff62978,True,,,,,,,,,,1.0,1.0,1.0,1.0,1.0,1.0,0.0,1.0,0.0,0.75
2471,595a7bb76f59c677e,True,,,,,,,,,,1.0,0.0,1.0,1.0,0.41021728377683203,1.0,1.0,1.0,1.0,0.0
2472,aa7d114cf25b1f9f0,True,,,,,,,,,,1.0,1.0,1.0,1.0,0.6517968900259212,1.0,0.0,1.0,1.0,0.7661865281331004
2473,eac3cd256c959f2bc,True,,,,,,,,,,1.0,1.0,1.0,1.0,0.6262061558747871,1.0,1.0,1.0,1.0,0.883189423710871
2474,5e84fb24c3fbd2647,True,,,,,,,,,,1.0,1.0,1.0,1.0,0.8425199132596091,1.0,0.0,1.0,0.0,0.7007874728936279
2475,5b406458d7f722fb2,True,,,,,,,,,,1.0,1.0,1.0,1.0,0.8050763922167534,1.0,0.0,1.0,1.0,0.8140863725677354
2476,6cbcce7f4aa5854ab,True,,,,,,,,,,1.0,1.0,1.0,1.0,1.0,1.0,0.0,1.0,1.0,0.875
2477,dc76f297f95b90094,True,,,,,,,,,,1.0,1.0,0.0,1.0,0.803422431451723,1.0,0.0,1.0,1.0,0.0
2478,118825fc5cd99a244,True,,,,,,,,,,1.0,1.0,1.0,1.0,0.3341787300842583,1.0,0.0,1.0,1.0,0.6669308531513307
2479,d6e2587cedd827dce,True,,,,,,,,,,1.0,1.0,1.0,1.0,0.11971386365714975,1.0,1.0,1.0,0.0,0.5999105823928593
2480,96f3c7fe0e97ef1f0,True,,,,,,,,,,1.0,1.0,1.0,1.0,0.8583488675651102,1.0,1.0,1.0,1.0,0.955734021114097
2481,cb15174665de85fb2,True,,,,,,,,,,1.0,1.0,1.0,1.0,0.6010602181723196,1.0,1.0,1.0,1.0,0.8753313181788499
2482,f41a422f052cd19d9,True,,,,,,,,,,1.0,1.0,0.0,1.0,1.0,1.0,1.0,1.0,0.0,0.0
2483,786f6723260569e56,True,,,,,,,,,,1.0,1.0,1.0,1.0,0.5177289309575444,1.0,0.0,1.0,0.0,0.5992902909242326
2484,f423e66e3506af742,True,,,,,,,,,,1.0,1.0,1.0,1.0,0.7929393518203042,1.0,0.0,1.0,0.0,0.6852935474438451
2485,4da17212b5480fefc,True,,,,,,,,,,0.0,1.0,0.5,1.0,0.9688101072172325,0.0,0.0,1.0,0.0,0.0
2486,3b32da65a709f23d8,True,,,,,,,,,,1.0,1.0,1.0,1.0,0.566956321154585,1.0,0.0,1.0,1.0,0.7396738503608078
2487,dc92f82e6715ac493,True,,,,,,,,,,0.0,1.0,1.0,1.0,0.764658673688692,0.0,0.0,1.0,0.0,0.0
2488,17416a9c9123b7bc1,True,,,,,,,,,,1.0,1.0,1.0,1.0,0.912430212472706,1.0,1.0,1.0,1.0,0.9726344413977206
2489,aa2fc37ba0a88cfd3,True,,,,,,,,,,1.0,0.0,1.0,1.0,0.716930055936007,1.0,0.0,1.0,0.0,0.0
2490,1b3141d6d2c2b651a,True,,,,,,,,,,1.0,1.0,1.0,1.0,0.5299222118102919,1.0,1.0,1.0,1.0,0.8531006911907162
2491,79a8aa64c00991061,True,,,,,,,,,,1.0,1.0,0.5,1.0,1.0,1.0,0.0,1.0,0.0,0.375
2492,f573807ec3756dc53,True,,,,,,,,,,1.0,0.0,1.0,1.0,0.853012517612085,1.0,1.0,1.0,1.0,0.0
2493,8fb206a9ce8434f01,True,,,,,,,,,,1.0,1.0,1.0,1.0,1.0,1.0,0.0,1.0,0.0,0.75
2494,b81b74ab58ca68574,True,,,,,,,,,,1.0,1.0,0.0,1.0,0.8182353913541547,1.0,1.0,0.0,0.0,0.0
2495,96e90fd2233ad685a,True,,,,,,,,,,1.0,1.0,0.0,1.0,1.0,1.0,0.0,1.0,0.0,0.0
2496,fc4ca8b0a98a8fade,True,,,,,,,,,,1.0,1.0,1.0,1.0,1.0,1.0,0.0,1.0,0.0,0.75
2497,b7670ba8822752554,True,,,,,,,,,,0.0,1.0,1.0,1.0,1.0,1.0,1.0,1.0,1.0,0.0
2498,6d2b3bf21e89475b9,True,,,,,,,,,,1.0,1.0,1.0,1.0,1.0,1.0,1.0,1.0,1.0,1.0
2499,4f6a928a2fd54c0ce,True,,,,,,,,,,0.0,1.0,1.0,1.0,1.0,0.0,1.0,1.0,1.0,0.0
2500,6fad2bc43e18270d8,True,,,,,,,,,,1.0,1.0,1.0,1.0,0.7692030612781668,1.0,1.0,1.0,0.0,0.8028759566494271
2501,4c03648ccf3301fe7,True,,,,,,,,,,0.0,0.0,1.0,1.0,1.0,0.0,1.0,1.0,1.0,0.0
2502,a8a3d313576f30414,True,,,,,,,,,,1.0,1.0,1.0,1.0,0.4909000871550414,0.0,1.0,1.0,1.0,0.5284062772359505
2503,73eec9539b3994724,True,,,,,,,,,,1.0,1.0,0.0,1.0,1.0,1.0,0.0,1.0,1.0,0.0
2504,610fbfffa032daacc,True,,,,,,,,,,1.0,0.0,1.0,1.0,1.0,1.0,0.0,1.0,0.0,0.0
2505,30123728ead1b4804,True,,,,,,,,,,0.0,1.0,1.0,1.0,1.0,0.0,0.0,1.0,0.0,0.0
2506,72ff49b38c26122d6,True,,,,,,,,,,1.0,1.0,1.0,1.0,0.6056620511890116,1.0,0.0,1.0,0.0,0.6267693909965661
2507,8090a94784c5adc03,True,,,,,,,,,,1.0,1.0,1.0,1.0,0.7261725721874686,1.0,1.0,1.0,1.0,0.914428928808584
2508,b8f175630a8fe6f7c,True,,,,,,,,,,1.0,1.0,1.0,1.0,0.3687109938602492,1.0,0.0,1.0,0.0,0.5527221855813279
2509,1de9185a9bb05abe5,True,,,,,,,,,,1.0,1.0,1.0,1.0,0.32849414470889643,1.0,1.0,1.0,1.0,0.7901544202215302
2510,5907808b0fa7fc555,True,,,,,,,,,,1.0,1.0,1.0,1.0,0.41656961923832125,1.0,1.0,1.0,1.0,0.8176780060119754
2511,5913dfbc435fb100c,True,,,,,,,,,,0.0,1.0,1.0,1.0,1.0,0.0,1.0,1.0,0.0,0.0
2512,e7db08ac75d56b8b2,True,,,,,,,,,,1.0,1.0,1.0,1.0,0.4660071769982231,1.0,0.0,1.0,1.0,0.7081272428119447
2513,b2ad6357566bfa454,True,,,,,,,,,,1.0,1.0,1.0,1.0,0.30945213461945537,1.0,1.0,1.0,1.0,0.7842037920685798
2514,01f31009879396921,True,,,,,,,,,,1.0,0.0,1.0,1.0,0.566221019447349,1.0,1.0,1.0,0.0,0.0
2515,eabd2a62e5069e1a4,True,,,,,,,,,,1.0,1.0,1.0,1.0,0.8168163365244886,1.0,1.0,1.0,0.0,0.8177551051639027
2516,21c67a61bb969877f,True,,,,,,,,,,1.0,1.0,1.0,1.0,1.0,1.0,0.0,1.0,0.0,0.75
2517,fcdbf5378a4eecdc5,True,,,,,,,,,,1.0,1.0,1.0,1.0,0.5331666215880223,1.0,1.0,1.0,1.0,0.854114569246257
2518,8192ed9c4330db32d,True,,,,,,,,,,1.0,1.0,1.0,1.0,1.0,1.0,0.0,1.0,1.0,0.875
2519,033858312a3f04e99,True,,,,,,,,,,0.0,1.0,0.0,1.0,1.0,0.0,0.0,1.0,0.0,0.0
2520,474779897c967667c,True,,,,,,,,,,0.0,1.0,0.0,1.0,1.0,0.0,0.0,1.0,1.0,0.0
2521,23406e65760566ef1,True,,,,,,,,,,1.0,1.0,1.0,1.0,0.49226996680387275,1.0,1.0,1.0,0.0,0.7163343646262103
2522,098f2c514384700c9,True,,,,,,,,,,1.0,1.0,1.0,1.0,0.9120796468957213,1.0,0.0,1.0,1.0,0.8475248896549129
2523,f60e4c60846b1a1da,True,,,,,,,,,,1.0,1.0,1.0,1.0,0.676926224515821,1.0,1.0,1.0,1.0,0.899039445161194
2524,c047340a6e1fc6422,True,,,,,,,,,,1.0,1.0,1.0,1.0,0.5336157564681193,1.0,1.0,1.0,0.0,0.7292549238962873
2525,1559b4629f70930e4,True,,,,,,,,,,0.0,1.0,1.0,1.0,0.8501643681677067,0.0,0.0,1.0,0.0,0.0
2526,8a89ac1132afc51b4,True,,,,,,,,,,1.0,1.0,1.0,1.0,0.9440685388992615,1.0,0.0,1.0,0.0,0.7325214184060191
2527,50b922840407a0340,True,,,,,,,,,,1.0,1.0,0.5,1.0,0.714930611702834,1.0,1.0,1.0,0.0,0.3929579080785678
2528,51a40ab9f271c6454,True,,,,,,,,,,1.0,1.0,0.5,1.0,0.8108900484925547,1.0,0.0,1.0,1.0,0.4079515700769617
2529,46b622275a28d1d2d,True,,,,,,,,,,0.0,0.0,1.0,1.0,1.0,0.0,1.0,1.0,1.0,0.0
2530,b3d317372d76fa570,True,,,,,,,,,,1.0,1.0,1.0,1.0,0.0,1.0,0.0,1.0,0.0,0.4375
2531,087f308c89d8be0ec,True,,,,,,,,,,1.0,0.0,0.5,1.0,0.7274757072526719,1.0,1.0,1.0,0.0,0.0
2532,3e0f957bf14b2d2d9,True,,,,,,,,,,1.0,1.0,1.0,1.0,1.0,1.0,0.0,1.0,0.0,0.75
2533,45da4abe095b0e759,True,,,,,,,,,,1.0,1.0,0.5,1.0,1.0,1.0,1.0,1.0,0.0,0.4375
2534,b2ca4b63cda4a8fe2,True,,,,,,,,,,1.0,1.0,1.0,1.0,0.7418517927883866,1.0,0.0,1.0,1.0,0.7943286852463708
2535,c5bf49e3aca8b3adb,True,,,,,,,,,,1.0,1.0,1.0,1.0,0.47837332483749817,1.0,1.0,1.0,0.0,0.7119916640117182
2536,630694a2f5646413d,True,,,,,,,,,,1.0,1.0,0.0,1.0,1.0,1.0,0.0,1.0,1.0,0.0
2537,c19d3aa3c7a6557a9,True,,,,,,,,,,1.0,1.0,1.0,1.0,0.3799127065956904,1.0,1.0,1.0,1.0,0.8062227208111532
2538,1ea8537ea6898e4e2,True,,,,,,,,,,1.0,1.0,1.0,1.0,0.600064621770522,1.0,0.0,1.0,1.0,0.7500201943032881
2539,9f30b4f8547cd991f,True,,,,,,,,,,0.0,1.0,1.0,0.0,1.0,0.0,1.0,1.0,0.0,0.0
2540,78ff4a8811ea50019,True,,,,,,,,,,1.0,1.0,1.0,1.0,1.0,1.0,1.0,1.0,0.0,0.875
2541,7c08e3a9b6ee87717,True,,,,,,,,,,1.0,1.0,1.0,1.0,0.7061535323324767,1.0,0.0,1.0,0.0,0.658172978853899
2542,872a49bbab0e3eadd,True,,,,,,,,,,0.0,0.0,1.0,1.0,1.0,0.0,0.0,1.0,0.0,0.0
2543,a784ac158bbb30d15,True,,,,,,,,,,1.0,1.0,1.0,1.0,0.7507015058800015,1.0,1.0,1.0,1.0,0.9220942205875005
2544,766195ae1ef2dac03,True,,,,,,,,,,1.0,1.0,0.5,1.0,0.7833783404249286,1.0,1.0,1.0,1.0,0.4661528656913951
2545,88d4b366c4eb714be,True,,,,,,,,,,1.0,1.0,1.0,1.0,1.0,1.0,0.0,1.0,0.0,0.75
2546,aaf11968df9ad811b,True,,,,,,,,,,1.0,1.0,0.0,1.0,1.0,1.0,0.0,1.0,1.0,0.0
2547,8b29c1e65746a1185,True,,,,,,,,,,1.0,1.0,1.0,1.0,0.4519773383004133,1.0,1.0,1.0,0.0,0.7037429182188791
2548,a0f74d36d2aa52b1f,True,,,,,,,,,,1.0,1.0,1.0,1.0,0.4636336743103548,1.0,1.0,1.0,0.0,0.7073855232219859
2549,2810fb7a63c63635c,True,,,,,,,,,,1.0,1.0,1.0,1.0,0.8122809923380695,1.0,1.0,1.0,1.0,0.9413378101056467
2550,198e5922fee004f44,True,,,,,,,,,,1.0,1.0,1.0,1.0,0.9027518000910066,1.0,1.0,1.0,1.0,0.9696099375284396
2551,1b26aaf90ef14383f,True,,,,,,,,,,1.0,1.0,1.0,1.0,0.9842094771552136,0.0,1.0,1.0,1.0,0.6825654616110042
2552,9142b4f8d76f38072,True,,,,,,,,,,1.0,1.0,1.0,1.0,0.580470966283588,1.0,0.0,1.0,0.0,0.6188971769636212
2553,03a6d53a889503fa1,True,,,,,,,,,,1.0,0.0,0.0,1.0,1.0,1.0,0.0,1.0,0.0,0.0
2554,4f4036e82ca553ab5,True,,,,,,,,,,1.0,1.0,1.0,1.0,0.46169550437089807,1.0,1.0,1.0,1.0,0.8317798451159056
2555,193752eccdb929fcc,True,,,,,,,,,,1.0,1.0,1.0,1.0,0.12735194895073645,1.0,0.0,1.0,1.0,0.6022974840471051
2556,70204e1d928083e97,True,,,,,,,,,,1.0,1.0,1.0,1.0,0.1700366113311947,1.0,1.0,1.0,1.0,0.7406364410409984
2557,1212d2f99f183cece,True,,,,,,,,,,1.0,1.0,1.0,1.0,0.7577769611072196,1.0,0.0,1.0,1.0,0.7993053003460061
2558,976f2d716419166ba,True,,,,,,,,,,1.0,1.0,1.0,1.0,0.8635785191927493,1.0,0.0,0.0,0.0,0.5823682872477342
2559,f50ba88f5b3fedfcd,True,,,,,,,,,,1.0,1.0,1.0,1.0,0.16831191724380634,1.0,0.0,1.0,1.0,0.6150974741386894
2560,89628b64c8a329c07,True,,,,,,,,,,1.0,1.0,0.0,1.0,1.0,1.0,0.0,1.0,1.0,0.0
2561,9a5590594b11e4e0d,True,,,,,,,,,,1.0,1.0,1.0,1.0,0.9277178558864011,1.0,1.0,1.0,1.0,0.9774118299645003
2562,518126dc1af446798,True,,,,,,,,,,1.0,1.0,1.0,1.0,0.4510507265444887,1.0,0.0,1.0,1.0,0.7034533520451527
2563,2dbd58ac0d23460fd,True,,,,,,,,,,1.0,1.0,1.0,1.0,0.13871405290443925,1.0,1.0,1.0,1.0,0.7308481415326373
2564,44af46da795f58fa1,True,,,,,,,,,,1.0,1.0,1.0,1.0,0.2786503895460676,1.0,1.0,1.0,1.0,0.7745782467331461
2565,492bf2330bca28ca8,True,,,,,,,,,,1.0,1.0,1.0,1.0,1.0,1.0,0.0,1.0,0.0,0.75
2566,5717f95b78bfe233e,True,,,,,,,,,,1.0,1.0,1.0,1.0,1.0,1.0,1.0,1.0,0.0,0.875
2567,fec1c3f2a8d0d6136,True,,,,,,,,,,1.0,1.0,0.0,1.0,1.0,1.0,0.0,1.0,1.0,0.0
2568,772ca0f5b2b35d83b,True,,,,,,,,,,1.0,1.0,1.0,0.0,1.0,1.0,1.0,1.0,1.0,0.0
2569,02b1fffab31483b6f,True,,,,,,,,,,1.0,0.0,0.5,1.0,1.0,1.0,0.0,1.0,1.0,0.0
2570,66cd8a056ef3dbdd3,True,,,,,,,,,,1.0,1.0,1.0,1.0,0.2699036252674284,1.0,1.0,1.0,1.0,0.7718448828960713
2571,4fc9662f3c2a3bb75,True,,,,,,,,,,1.0,0.0,0.0,1.0,1.0,1.0,0.0,1.0,0.0,0.0
2572,fbe98e6e1454f315c,True,,,,,,,,,,1.0,1.0,1.0,1.0,0.6562331403220603,1.0,1.0,1.0,0.0,0.7675728563506439
2573,0c9af5dd9b0259374,True,,,,,,,,,,0.0,1.0,1.0,0.0,1.0,0.0,0.0,1.0,0.0,0.0
2574,f843c5c835c2922c1,True,,,,,,,,,,1.0,0.0,0.5,1.0,1.0,1.0,0.0,1.0,0.0,0.0
2575,a092442b5e964fcce,True,,,,,,,,,,1.0,0.0,1.0,1.0,1.0,1.0,1.0,1.0,0.0,0.0
2576,e1a0c043fd6b131e0,True,,,,,,,,,,1.0,1.0,1.0,1.0,0.6793191424311292,1.0,1.0,1.0,0.0,0.7747872320097279
2577,fd45bba33b3dcb719,True,,,,,,,,,,1.0,1.0,1.0,1.0,0.3819034304127417,1.0,1.0,1.0,0.0,0.6818448220039818
2578,5c51092bca4c55b7d,True,,,,,,,,,,1.0,1.0,1.0,1.0,0.46666108789094096,1.0,1.0,1.0,1.0,0.833331589965919
2579,d78f1814c06d766b1,True,,,,,,,,,,1.0,1.0,1.0,1.0,1.0,1.0,1.0,1.0,0.0,0.875
2580,0d20e006578be6327,True,,,,,,,,,,1.0,1.0,0.5,1.0,1.0,1.0,0.0,1.0,1.0,0.4375
2581,c1ef027c99cf15974,True,,,,,,,,,,1.0,1.0,0.5,1.0,0.5652051576564645,1.0,1.0,1.0,0.0,0.3695633058838226
2582,f3b236d797b3e906c,True,,,,,,,,,,1.0,1.0,1.0,1.0,1.0,1.0,0.0,1.0,1.0,0.875
2583,892680e2569238f20,True,,,,,,,,,,1.0,1.0,1.0,1.0,0.7666738448629707,1.0,0.0,1.0,1.0,0.8020855765196784
2584,4428aee2536bf6703,True,,,,,,,,,,1.0,0.0,1.0,1.0,1.0,1.0,0.0,1.0,1.0,0.0
2585,13aeb83dad95704fa,True,,,,,,,,,,1.0,1.0,1.0,1.0,1.0,1.0,0.0,1.0,0.0,0.75
2586,4c9f4af922d375f71,True,,,,,,,,,,1.0,1.0,1.0,1.0,0.7808456002300115,1.0,1.0,1.0,0.0,0.8065142500718786
2587,4c0a48ba08d3935ff,True,,,,,,,,,,0.0,1.0,1.0,1.0,1.0,0.0,1.0,1.0,1.0,0.0
2588,53829d49d04c9df23,True,,,,,,,,,,1.0,0.0,1.0,1.0,0.44885630133418586,1.0,0.0,1.0,1.0,0.0
2589,ff530ac4388942e42,True,,,,,,,,,,1.0,1.0,1.0,1.0,0.9028301955441469,1.0,1.0,1.0,0.0,0.844634436107546
2590,d4443eaf8695fc97e,True,,,,,,,,,,1.0,1.0,0.0,1.0,0.7770838643793531,0.0,0.0,0.0,0.0,0.0
2591,2729d19c18ef21b96,True,,,,,,,,,,1.0,1.0,0.0,1.0,1.0,1.0,0.0,1.0,0.0,0.0
2592,3b521ee82bdceb608,True,,,,,,,,,,1.0,1.0,1.0,1.0,1.0,1.0,1.0,1.0,1.0,1.0
2593,76ce40d34831b1542,True,,,,,,,,,,1.0,0.0,1.0,1.0,1.0,1.0,0.0,1.0,0.0,0.0
2594,845a83fdb1732a5ef,True,,,,,,,,,,1.0,0.0,0.5,0.0,1.0,1.0,0.0,1.0,1.0,0.0
2595,a455cb198227aca78,True,,,,,,,,,,1.0,0.0,0.0,1.0,1.0,1.0,0.0,1.0,1.0,0.0
2596,afee933aa0fe755d2,True,,,,,,,,,,1.0,1.0,0.0,1.0,1.0,1.0,0.0,1.0,1.0,0.0
2597,ad352a19a340fd99b,True,,,,,,,,,,1.0,0.0,1.0,1.0,1.0,1.0,0.0,1.0,1.0,0.0
2598,108350d1060a66bd9,True,,,,,,,,,,1.0,1.0,0.0,1.0,0.7868140470389938,1.0,0.0,1.0,0.0,0.0
2599,19d1ed57ca3224e24,True,,,,,,,,,,0.0,0.0,1.0,1.0,1.0,0.0,0.0,0.0,0.0,0.0
2600,d50c124d290a31078,True,,,,,,,,,,1.0,0.0,0.0,1.0,1.0,1.0,1.0,1.0,0.0,0.0
2601,b768b66003f09acc0,True,,,,,,,,,,1.0,0.0,1.0,1.0,0.2436378873651777,1.0,1.0,1.0,1.0,0.0
2602,8d8129f6368d5e730,True,,,,,,,,,,1.0,1.0,1.0,1.0,0.6378797690858683,1.0,1.0,1.0,1.0,0.8868374278393338
2603,3e9cb5ec7e3c7d0e9,True,,,,,,,,,,1.0,1.0,1.0,1.0,0.9468019520147717,1.0,0.0,1.0,1.0,0.8583756100046162
2604,00d194f38b3f05c1e,True,,,,,,,,,,1.0,1.0,0.5,1.0,1.0,1.0,0.0,1.0,1.0,0.4375
2605,7d8867cd2c80b0fd8,True,,,,,,,,,,1.0,1.0,1.0,1.0,0.23419997681236968,1.0,1.0,1.0,1.0,0.7606874927538655
2606,08b425d9aa40aee45,True,,,,,,,,,,1.0,0.0,1.0,1.0,1.0,1.0,0.0,0.0,1.0,0.0
2607,c398b0b20ab17435c,True,,,,,,,,,,1.0,1.0,1.0,1.0,0.42251835566171525,1.0,0.0,1.0,1.0,0.694536986144286
2608,b3c45b51a36a0ed65,True,,,,,,,,,,1.0,1.0,1.0,1.0,0.6110475644353767,1.0,1.0,1.0,1.0,0.8784523638860552
2609,e280063b53c411361,True,,,,,,,,,,0.0,0.0,0.5,1.0,1.0,0.0,0.0,1.0,0.0,0.0
2610,9ca95a29837848e74,True,,,,,,,,,,1.0,1.0,1.0,1.0,0.3461208756458191,1.0,0.0,0.0,0.0,0.4206627736393185
2611,b24449179efd06cad,True,,,,,,,,,,1.0,1.0,1.0,1.0,0.5316540536384807,1.0,1.0,1.0,1.0,0.8536418917620252
2612,a42442493dd5e64ba,True,,,,,,,,,,1.0,1.0,1.0,1.0,0.8197013099020504,1.0,0.0,1.0,0.0,0.6936566593443907
2613,dd091b9e715ca6370,True,,,,,,,,,,0.0,1.0,1.0,1.0,0.45025740725762864,0.0,0.0,1.0,1.0,0.0
2614,01a49c2730cc3a531,True,,,,,,,,,,1.0,1.0,1.0,1.0,1.0,1.0,0.0,1.0,1.0,0.875
2615,3f94a9e099ddf73f0,True,,,,,,,,,,1.0,1.0,1.0,1.0,0.3855074612616997,1.0,0.0,1.0,1.0,0.6829710816442811
2616,87ba78b703221d111,True,,,,,,,,,,1.0,1.0,1.0,1.0,1.0,1.0,1.0,1.0,1.0,1.0
2617,c3d63199e3d09c551,True,,,,,,,,,,0.5,1.0,1.0,1.0,0.9792173792973936,0.0,1.0,1.0,0.0,0.2780027155152177
2618,44b5f6ff06f523846,True,,,,,,,,,,0.0,0.0,1.0,1.0,1.0,0.0,1.0,1.0,1.0,0.0
2619,c1b8b4454bc0a112c,True,,,,,,,,,,1.0,1.0,1.0,1.0,0.8442000296985883,1.0,1.0,1.0,0.0,0.8263125092808088
2620,a2df1d2e1065e5f83,True,,,,,,,,,,1.0,1.0,1.0,1.0,0.6061778313711353,1.0,1.0,1.0,1.0,0.8769305723034798
2621,be44491ed8588df81,True,,,,,,,,,,1.0,1.0,1.0,1.0,1.0,1.0,1.0,1.0,1.0,1.0
2622,e98e051c6f03d55bd,True,,,,,,,,,,1.0,1.0,1.0,1.0,1.0,0.0,1.0,1.0,0.0,0.5625
2623,ced98f0c60c32e69a,True,,,,,,,,,,1.0,1.0,1.0,1.0,0.5333117392029265,1.0,1.0,1.0,0.0,0.7291599185009146
2624,856438ce448da4265,True,,,,,,,,,,1.0,1.0,1.0,1.0,1.0,1.0,1.0,1.0,1.0,1.0
2625,6eb44fdbacc1fdf1c,True,,,,,,,,,,1.0,1.0,1.0,1.0,1.0,1.0,1.0,1.0,0.0,0.875
2626,1cc4886b926fd9c8b,True,,,,,,,,,,1.0,1.0,1.0,1.0,0.2880051717887801,1.0,1.0,1.0,0.0,0.6525016161839938
2627,de50c5684cbb85a60,True,,,,,,,,,,1.0,1.0,1.0,1.0,0.8299694562668724,1.0,1.0,1.0,1.0,0.9468654550833976
2628,de0ea29426ca0c381,True,,,,,,,,,,1.0,1.0,1.0,1.0,0.2712339058687034,1.0,0.0,1.0,1.0,0.6472605955839699
2629,9bfb6e5100707e5d1,True,,,,,,,,,,1.0,1.0,1.0,1.0,0.7126186362332672,1.0,0.0,1.0,1.0,0.785193323822896
2630,a2b706d9e0ce2f53e,True,,,,,,,,,,1.0,0.0,1.0,1.0,1.0,1.0,0.0,1.0,1.0,0.0
2631,04be4c5a8a9eee15b,True,,,,,,,,,,0.0,1.0,1.0,1.0,0.7606295288792441,0.0,0.0,1.0,1.0,0.0
2632,7c441bc98b8690113,True,,,,,,,,,,1.0,1.0,0.0,1.0,1.0,1.0,0.0,1.0,1.0,0.0
2633,7f0488639b20ae5c7,True,,,,,,,,,,1.0,1.0,1.0,1.0,1.0,1.0,1.0,1.0,1.0,1.0
2634,3410786351a3e24b2,True,,,,,,,,,,1.0,1.0,1.0,1.0,0.5805242262681882,1.0,0.0,1.0,1.0,0.7439138207088088
2635,65340cec441efc0c2,True,,,,,,,,,,0.0,0.0,0.0,1.0,0.620609891807136,0.0,1.0,1.0,0.0,0.0
2636,6c0c0d2674d5ee28e,True,,,,,,,,,,1.0,1.0,1.0,1.0,0.4893542543314367,1.0,0.0,1.0,1.0,0.715423204478574
2637,18cc6c426879cd157,True,,,,,,,,,,1.0,1.0,1.0,1.0,1.0,1.0,0.0,1.0,1.0,0.875
2638,df10a0ed732e3b815,True,,,,,,,,,,0.0,1.0,1.0,1.0,1.0,0.0,1.0,1.0,0.0,0.0
2639,70fc0f58fc8579539,True,,,,,,,,,,1.0,1.0,1.0,1.0,0.8387714724928663,1.0,0.0,1.0,1.0,0.8246160851540207
2640,4d2744d7e3bd555b5,True,,,,,,,,,,1.0,1.0,1.0,1.0,0.8914437857985188,1.0,1.0,1.0,1.0,0.9660761830620371
2641,d3fe928c762b0cd0d,True,,,,,,,,,,1.0,1.0,1.0,1.0,0.714229602622527,1.0,0.0,1.0,1.0,0.7856967508195397
2642,c28452cccc45f49a1,True,,,,,,,,,,1.0,1.0,1.0,1.0,0.657313883591844,1.0,1.0,1.0,1.0,0.8929105886224512
2643,6d4dbc1af5fc2435b,True,,,,,,,,,,0.0,1.0,1.0,1.0,0.5889449989197679,0.0,1.0,1.0,1.0,0.0
2644,3de0117d8b0d82352,True,,,,,,,,,,1.0,1.0,1.0,1.0,0.69641943521868,1.0,0.0,1.0,1.0,0.7801310735058375
2645,ba6dae21cadca949f,True,,,,,,,,,,1.0,1.0,1.0,1.0,0.7475630102149112,1.0,1.0,1.0,0.0,0.7961134406921597
2646,eafa5db95b382255d,True,,,,,,,,,,1.0,0.0,1.0,1.0,1.0,1.0,0.0,1.0,1.0,0.0
2647,98908f760ae1f8648,True,,,,,,,,,,1.0,1.0,1.0,1.0,0.6108616203745798,1.0,0.0,1.0,0.0,0.6283942563670561
2648,07f73e596a2b2e3ec,True,,,,,,,,,,1.0,1.0,0.0,1.0,0.7680773770438697,1.0,0.0,1.0,1.0,0.0
2649,90d989f2205e253f9,True,,,,,,,,,,1.0,1.0,1.0,1.0,0.8759091645218118,1.0,0.0,1.0,0.0,0.7112216139130662
2650,c966f12167e10d758,True,,,,,,,,,,1.0,1.0,1.0,1.0,0.4716134921543716,1.0,1.0,1.0,0.0,0.7098792162982411
2651,56528b515c3eb4ed5,True,,,,,,,,,,1.0,1.0,1.0,1.0,1.0,1.0,0.0,1.0,1.0,0.875
2652,6c0405cd5c40c15ab,True,,,,,,,,,,1.0,0.0,1.0,1.0,1.0,1.0,0.0,1.0,1.0,0.0
2653,cd1312c660b0759a0,True,,,,,,,,,,1.0,1.0,1.0,1.0,0.5274717129417472,1.0,0.0,1.0,1.0,0.727334910294296
2654,4762ced79d548ee7c,True,,,,,,,,,,1.0,1.0,0.0,1.0,0.879750156366245,1.0,1.0,1.0,1.0,0.0
2655,045c91494e0548007,True,,,,,,,,,,1.0,0.0,1.0,1.0,0.49415639562174374,1.0,0.0,1.0,1.0,0.0
2656,94787bba8c2128445,True,,,,,,,,,,0.0,0.0,1.0,1.0,1.0,0.0,0.0,0.0,0.0,0.0
2657,5e3a21657a7371a7a,True,,,,,,,,,,1.0,1.0,0.0,1.0,1.0,1.0,0.0,1.0,1.0,0.0
2658,e3be3af3b3213f65e,True,,,,,,,,,,0.0,1.0,1.0,1.0,1.0,0.0,0.0,1.0,0.0,0.0
2659,8d28f9f70a6b86ce7,True,,,,,,,,,,1.0,0.0,1.0,1.0,1.0,1.0,0.0,1.0,0.0,0.0
2660,58bf2e385090a00e8,True,,,,,,,,,,1.0,1.0,1.0,1.0,0.5046294319920318,1.0,0.0,1.0,0.0,0.5951966974975099
2661,2947a7779fffc9a73,True,,,,,,,,,,1.0,0.0,0.5,1.0,1.0,1.0,0.0,1.0,0.0,0.0
2662,cc4c628ad79f6395d,True,,,,,,,,,,1.0,1.0,1.0,1.0,0.30134383002873133,1.0,0.0,1.0,1.0,0.6566699468839785
2663,0c3cbb85755a00eb2,True,,,,,,,,,,1.0,1.0,1.0,1.0,0.7035026721619411,1.0,0.0,1.0,0.0,0.6573445850506066
2664,f216b9731d3c1f375,True,,,,,,,,,,1.0,0.0,0.0,1.0,1.0,1.0,1.0,0.0,0.0,0.0
2665,9419f81f3116fcd08,True,,,,,,,,,,0.0,1.0,1.0,1.0,1.0,0.0,1.0,1.0,1.0,0.0
2666,9f713e2cd506e1fef,True,,,,,,,,,,1.0,1.0,1.0,1.0,1.0,1.0,1.0,1.0,1.0,1.0
2667,2d8eeec7c41db723f,True,,,,,,,,,,1.0,1.0,1.0,1.0,1.0,0.0,1.0,1.0,0.0,0.5625
2668,bbe1739362745c097,True,,,,,,,,,,1.0,1.0,1.0,1.0,1.0,1.0,1.0,1.0,1.0,1.0
2669,b5837307d8a14be4a,True,,,,,,,,,,1.0,1.0,1.0,1.0,0.527838082514528,1.0,1.0,1.0,1.0,0.85244940078579
2670,c82835c09890be38b,True,,,,,,,,,,1.0,0.0,1.0,1.0,0.5342142757059734,1.0,1.0,1.0,0.0,0.0
2671,cad5818510a871f22,True,,,,,,,,,,0.0,1.0,1.0,1.0,1.0,0.0,1.0,1.0,0.0,0.0
2672,074cb9c09e56d13b7,True,,,,,,,,,,1.0,0.0,1.0,1.0,0.7482475914268042,1.0,0.0,1.0,1.0,0.0
2673,054ea5b13451c621b,True,,,,,,,,,,1.0,1.0,1.0,1.0,0.6536369403448605,1.0,1.0,1.0,1.0,0.8917615438577688
2674,7077621a398aa2bf0,True,,,,,,,,,,1.0,0.0,1.0,1.0,0.37987149593728525,1.0,1.0,1.0,1.0,0.0
2675,617af5a1ea48f3d16,True,,,,,,,,,,1.0,1.0,1.0,1.0,0.3346753467979754,1.0,0.0,1.0,0.0,0.5420860458743673
2676,9adbf8a5bfedb36d2,True,,,,,,,,,,1.0,1.0,1.0,1.0,1.0,1.0,0.0,1.0,1.0,0.875
2677,aefb28d15c78ef21c,True,,,,,,,,,,0.0,0.0,1.0,1.0,1.0,0.0,1.0,0.0,0.0,0.0
2678,3e0e15540dab7a9e5,True,,,,,,,,,,1.0,0.0,1.0,1.0,0.3211187518152216,1.0,0.0,1.0,1.0,0.0
2679,9818610284ab89cea,True,,,,,,,,,,1.0,1.0,1.0,1.0,0.39103320525310975,1.0,0.0,1.0,1.0,0.6846978766415968
2680,0ea26c79c5e97b269,True,,,,,,,,,,1.0,1.0,1.0,1.0,0.49575989496132816,1.0,0.0,1.0,1.0,0.717424967175415
2681,94fe185f4d4ccc501,True,,,,,,,,,,1.0,1.0,1.0,1.0,0.4015269965197581,1.0,1.0,1.0,0.0,0.6879771864124244
2682,a16a2970a55b1cf7f,True,,,,,,,,,,1.0,1.0,1.0,1.0,0.7614012067023243,1.0,0.0,1.0,0.0,0.6754378770944763
2683,ee1505d57883cfc9f,True,,,,,,,,,,1.0,1.0,1.0,1.0,0.606740868316596,1.0,0.0,1.0,1.0,0.7521065213489362
2684,bdefe051b162261a4,True,,,,,,,,,,1.0,0.0,1.0,1.0,1.0,1.0,1.0,1.0,0.0,0.0
2685,5eda23d004b1120db,True,,,,,,,,,,0.0,1.0,0.0,1.0,0.8244720921683357,0.0,0.0,1.0,1.0,0.0
2686,0f71d78f15a2628a4,True,,,,,,,,,,1.0,0.0,1.0,1.0,1.0,1.0,0.0,1.0,0.0,0.0
2687,38fd2f329eb063f83,True,,,,,,,,,,1.0,1.0,1.0,1.0,0.46353153755815135,1.0,0.0,1.0,1.0,0.7073536054869223
2688,32888a8d5ffa4cfa6,True,,,,,,,,,,1.0,1.0,1.0,0.0,1.0,1.0,1.0,1.0,0.0,0.0
2689,c855eb02dea11b02e,True,,,,,,,,,,1.0,1.0,0.0,1.0,1.0,1.0,0.0,1.0,0.0,0.0
2690,46738f7f1afe77303,True,,,,,,,,,,1.0,1.0,1.0,1.0,1.0,1.0,0.0,1.0,1.0,0.875
2691,1ee04786c1af4e2d7,True,,,,,,,,,,1.0,1.0,1.0,1.0,1.0,0.0,1.0,1.0,1.0,0.6875
2692,7aa5cbd37497728d5,True,,,,,,,,,,1.0,1.0,1.0,1.0,0.5907496268783943,1.0,1.0,1.0,0.0,0.7471092583994983
2693,4c0a5d617a08c1e9e,True,,,,,,,,,,1.0,1.0,1.0,1.0,0.4281179437261253,1.0,1.0,1.0,1.0,0.8212868574144141
2694,b896aed2b2d4e576b,True,,,,,,,,,,1.0,1.0,1.0,1.0,1.0,1.0,1.0,0.0,0.0,0.75
2695,e5dbf5ca6877249cf,True,,,,,,,,,,0.0,1.0,1.0,1.0,1.0,0.0,1.0,1.0,0.0,0.0
2696,687eac5f36b59550f,True,,,,,,,,,,1.0,0.0,1.0,1.0,1.0,1.0,1.0,1.0,0.0,0.0
2697,4af67dc39e7984c17,True,,,,,,,,,,1.0,1.0,1.0,1.0,0.5749057957769864,1.0,1.0,1.0,0.0,0.7421580611803082
2698,c9b45ed2516cd216c,True,,,,,,,,,,1.0,0.0,0.5,1.0,0.7212673329869591,1.0,1.0,1.0,1.0,0.0
2699,41772b779157e530a,True,,,,,,,,,,1.0,1.0,1.0,1.0,0.5565238153125251,1.0,0.0,1.0,0.0,0.6114136922851641
2700,66582437b06794318,True,,,,,,,,,,1.0,1.0,0.0,1.0,1.0,0.0,1.0,0.0,0.0,0.0
2701,46ccc7e9752595671,True,,,,,,,,,,1.0,1.0,1.0,1.0,0.58579541148978,1.0,0.0,1.0,1.0,0.7455610660905563
2702,1562459800e0a5ba5,True,,,,,,,,,,1.0,1.0,1.0,1.0,0.37926334090577635,1.0,1.0,1.0,1.0,0.8060197940330551
2703,108277792b2690db0,True,,,,,,,,,,1.0,1.0,1.0,1.0,0.5415283664773844,1.0,1.0,1.0,1.0,0.8567276145241827
2704,5a7f1b88b2ab93c12,True,,,,,,,,,,1.0,1.0,0.5,1.0,1.0,1.0,0.0,1.0,0.0,0.375
2705,302d43ed9ed327d94,True,,,,,,,,,,0.0,1.0,1.0,1.0,1.0,0.0,0.0,1.0,0.0,0.0
2706,709f734811414136f,True,,,,,,,,,,1.0,0.0,1.0,1.0,0.9914684949198229,1.0,1.0,1.0,1.0,0.0
2707,ffa477be5c420e9a3,True,,,,,,,,,,1.0,0.0,1.0,1.0,0.7607180949112002,1.0,1.0,1.0,1.0,0.0
2708,4036f3945f5783618,True,,,,,,,,,,0.0,1.0,1.0,1.0,1.0,0.0,0.0,1.0,0.0,0.0
2709,a5f9745ded4663076,True,,,,,,,,,,1.0,1.0,1.0,1.0,0.7475769631996637,1.0,0.0,1.0,1.0,0.7961178009998949
2710,f37a107cfe0b65537,True,,,,,,,,,,1.0,1.0,1.0,1.0,0.11585046154481755,1.0,1.0,1.0,1.0,0.7237032692327554
2711,74fbb7c806207e386,True,,,,,,,,,,1.0,1.0,1.0,1.0,0.29219898231405217,1.0,0.0,1.0,0.0,0.5288121819731413
2712,3e4a969700de7141a,True,,,,,,,,,,0.0,1.0,1.0,1.0,1.0,0.0,0.0,1.0,0.0,0.0
2713,09f2c709af42130ee,True,,,,,,,,,,1.0,1.0,1.0,1.0,0.4736989990436073,1.0,0.0,1.0,0.0,0.5855309372011273
2714,ae43de39d8b2ab73c,True,,,,,,,,,,1.0,0.0,1.0,1.0,0.01973566996238234,1.0,0.0,1.0,1.0,0.0
2715,65bcd286d06e02669,True,,,,,,,,,,1.0,1.0,1.0,1.0,0.47614267735574856,1.0,1.0,1.0,0.0,0.7112945866736714
2716,51382084e8c016080,True,,,,,,,,,,1.0,1.0,0.0,1.0,0.781661493120318,1.0,0.0,1.0,1.0,0.0
2717,01898e4c2520a9400,True,,,,,,,,,,1.0,1.0,1.0,1.0,0.36228268294621313,1.0,1.0,0.0,0.0,0.5507133384206916
2718,3d460fd77ec7fcd59,True,,,,,,,,,,1.0,1.0,1.0,1.0,0.544465074275863,1.0,1.0,1.0,1.0,0.8576453357112072
2719,01123cb3db29c9287,True,,,,,,,,,,1.0,0.0,1.0,1.0,1.0,1.0,0.0,0.0,0.0,0.0
2720,c0ae3c7041a387641,True,,,,,,,,,,1.0,1.0,1.0,1.0,1.0,1.0,1.0,1.0,0.0,0.875
2721,4aabb029fe206ec39,True,,,,,,,,,,0.0,1.0,1.0,1.0,1.0,0.0,0.0,1.0,1.0,0.0
2722,5c1c76ff6dae6f388,True,,,,,,,,,,1.0,1.0,1.0,1.0,0.7648778667024272,1.0,0.0,1.0,1.0,0.8015243333445086
2723,6f4a5b483a72cf990,True,,,,,,,,,,0.0,1.0,1.0,1.0,1.0,0.0,1.0,1.0,1.0,0.0
2724,227d0fa0ac82a6985,True,,,,,,,,,,1.0,0.0,0.0,1.0,0.867470709473841,1.0,1.0,1.0,0.0,0.0
2725,b909db4a1499a9c5b,True,,,,,,,,,,1.0,1.0,1.0,1.0,0.7622719956293051,1.0,1.0,1.0,0.0,0.8007099986341579
2726,04ea6a683ebec3208,True,,,,,,,,,,1.0,1.0,1.0,1.0,1.0,1.0,0.0,1.0,0.0,0.75
2727,4a263f9bce5d33176,True,,,,,,,,,,1.0,1.0,1.0,1.0,1.0,1.0,0.0,1.0,0.0,0.75
2728,b4f924a8633b4e666,True,,,,,,,,,,0.5,1.0,1.0,1.0,1.0,0.0,1.0,1.0,1.0,0.34375
2729,bf1cc9724e9048572,True,,,,,,,,,,1.0,1.0,1.0,1.0,0.46644615731850486,1.0,0.0,1.0,0.0,0.5832644241620328
2730,75e8f9b411d1144ad,True,,,,,,,,,,1.0,1.0,1.0,1.0,0.8527499399175519,1.0,1.0,1.0,1.0,0.9539843562242349
2731,cbe5f4984cb4e3fe1,True,,,,,,,,,,1.0,1.0,1.0,1.0,0.25677859536238967,1.0,1.0,1.0,0.0,0.6427433110507468
2732,2fb8e40dec69f26c4,True,,,,,,,,,,1.0,1.0,0.0,1.0,1.0,1.0,0.0,1.0,1.0,0.0
2733,38bdb6df2119d0042,True,,,,,,,,,,1.0,1.0,1.0,1.0,0.888824323460021,1.0,1.0,1.0,0.0,0.8402576010812566
2734,f0da7e68f4547e66a,True,,,,,,,,,,0.0,0.0,1.0,1.0,1.0,0.0,0.0,1.0,0.0,0.0
2735,8ad941de7669cfce3,True,,,,,,,,,,0.0,1.0,1.0,1.0,1.0,0.0,0.0,1.0,0.0,0.0
2736,ebfcdb01551105c49,True,,,,,,,,,,0.0,1.0,1.0,0.0,1.0,0.0,1.0,1.0,0.0,0.0
2737,dfc4fb3ce45ccca81,True,,,,,,,,,,1.0,1.0,0.0,1.0,1.0,1.0,0.0,1.0,0.0,0.0
2738,ecc3d1d6244314a20,True,,,,,,,,,,1.0,0.0,0.5,1.0,1.0,1.0,1.0,1.0,1.0,0.0
2739,737a6728f5f065a24,True,,,,,,,,,,1.0,1.0,1.0,1.0,0.2666410005449889,1.0,0.0,1.0,1.0,0.6458253126703091
2740,6ed7113fd3721f57b,True,,,,,,,,,,1.0,1.0,0.0,1.0,1.0,1.0,0.0,1.0,1.0,0.0
2741,b291af47ff3b66426,True,,,,,,,,,,1.0,1.0,1.0,1.0,0.8810893309698542,1.0,1.0,1.0,1.0,0.9628404159280795
2742,6d4656583dbcb0d29,True,,,,,,,,,,1.0,1.0,1.0,1.0,0.2796212002756087,1.0,0.0,1.0,1.0,0.6498816250861277
2743,cd43d27167de6cc79,True,,,,,,,,,,1.0,1.0,0.0,1.0,1.0,0.0,0.0,1.0,0.0,0.0
2744,53584220d24323201,True,,,,,,,,,,1.0,1.0,0.5,1.0,0.9982686897427663,1.0,0.0,1.0,1.0,0.4372294827723072
2745,8ccebe9711753a11b,True,,,,,,,,,,1.0,1.0,1.0,1.0,0.2536407956148408,1.0,1.0,1.0,1.0,0.7667627486296378
2746,576ad4ad9e64275b1,True,,,,,,,,,,1.0,0.0,1.0,1.0,0.07726224354992971,1.0,0.0,1.0,0.0,0.0
2747,ac3a27db9ffc981a6,True,,,,,,,,,,1.0,1.0,1.0,1.0,0.7126030715638182,1.0,0.0,1.0,1.0,0.7851884598636931
2748,f5daa83268d707022,True,,,,,,,,,,1.0,1.0,1.0,1.0,0.568308745552413,1.0,0.0,1.0,0.0,0.6150964829851291
2749,87f3ff9f4e16ee2e1,True,,,,,,,,,,0.0,1.0,1.0,1.0,1.0,0.0,0.0,1.0,0.0,0.0
2750,7fa425329439a1196,True,,,,,,,,,,1.0,1.0,1.0,1.0,0.6431643622762245,1.0,0.0,1.0,1.0,0.7634888632113201
2751,85d790e9c5c2e7b7c,True,,,,,,,,,,1.0,1.0,1.0,1.0,0.20939811236435507,1.0,0.0,1.0,1.0,0.627936910113861
2752,1464f6e11d5c8c6d9,True,,,,,,,,,,1.0,1.0,1.0,1.0,0.803480421239469,1.0,1.0,1.0,1.0,0.938587631637334
2753,17848b0db348eea20,True,,,,,,,,,,1.0,1.0,1.0,1.0,0.640114994450257,1.0,1.0,1.0,1.0,0.8875359357657053
2754,6a435ef26f38889a0,True,,,,,,,,,,0.0,1.0,0.5,1.0,1.0,0.0,0.0,1.0,0.0,0.0
2755,50e0b955654ae8794,True,,,,,,,,,,1.0,1.0,1.0,1.0,0.1104301736292787,1.0,0.0,1.0,1.0,0.5970094292591496
2756,3b13a581a5a50dcdd,True,,,,,,,,,,1.0,1.0,1.0,1.0,0.8683646346606096,1.0,0.0,1.0,0.0,0.7088639483314405
2757,30ae4fd49fda24627,True,,,,,,,,,,1.0,1.0,1.0,1.0,1.0,1.0,0.0,1.0,1.0,0.875
2758,16149296d3a6ee433,True,,,,,,,,,,1.0,1.0,1.0,1.0,0.5694417677725432,1.0,1.0,1.0,1.0,0.8654505524289198
2759,39cc92992ccc3244a,True,,,,,,,,,,1.0,1.0,0.0,1.0,1.0,1.0,0.0,1.0,1.0,0.0
2760,a78f2817702c75036,True,,,,,,,,,,1.0,0.0,1.0,1.0,0.727264915515414,0.0,0.0,1.0,1.0,0.0
2761,e42fb75cf07b74514,True,,,,,,,,,,1.0,1.0,1.0,1.0,0.5801871934233,1.0,1.0,1.0,1.0,0.8688084979447812
2762,9a546e8b85e191da8,True,,,,,,,,,,1.0,1.0,1.0,1.0,1.0,1.0,1.0,1.0,1.0,1.0
2763,d7e2b5995b440ae0b,True,,,,,,,,,,1.0,1.0,1.0,1.0,1.0,1.0,1.0,1.0,0.0,0.875
2764,82fb1914f91a82579,True,,,,,,,,,,1.0,1.0,1.0,1.0,0.8790071992003843,1.0,1.0,1.0,1.0,0.9621897497501201
2765,027609f1fbf1b3b16,True,,,,,,,,,,0.0,1.0,1.0,1.0,1.0,0.0,0.0,1.0,1.0,0.0
2766,b0687bfcbe79bec09,True,,,,,,,,,,1.0,1.0,1.0,1.0,0.29753437637208285,1.0,1.0,1.0,1.0,0.7804794926162759
2767,c8b4a00f0d379d88a,True,,,,,,,,,,1.0,1.0,1.0,1.0,0.9287158060055524,1.0,1.0,1.0,0.0,0.8527236893767351
2768,1fe19452daacb7953,True,,,,,,,,,,0.0,1.0,1.0,1.0,1.0,0.0,1.0,1.0,1.0,0.0
2769,b04390988b4a74994,True,,,,,,,,,,1.0,1.0,1.0,1.0,0.5283768082599534,1.0,1.0,1.0,1.0,0.8526177525812354
2770,ff916ad047eb525de,True,,,,,,,,,,1.0,1.0,1.0,1.0,0.3777690598979163,1.0,0.0,1.0,0.0,0.5555528312180988
2771,de5c3636623914b49,True,,,,,,,,,,1.0,1.0,0.0,1.0,1.0,1.0,0.0,1.0,0.0,0.0
2772,99fca017c572f5bc8,True,,,,,,,,,,1.0,1.0,1.0,1.0,0.6672894051427487,1.0,0.0,1.0,1.0,0.771027939107109
2773,d14bb6b9926bccfb5,True,,,,,,,,,,1.0,1.0,1.0,1.0,1.0,1.0,1.0,1.0,0.0,0.875
2774,35f03ec2d26d4c3df,True,,,,,,,,,,0.0,0.0,0.0,1.0,1.0,0.0,0.0,1.0,1.0,0.0
2775,fbf6a32724a0d16f2,True,,,,,,,,,,1.0,1.0,1.0,1.0,1.0,1.0,0.0,1.0,1.0,0.875
2776,75c698c901137829c,True,,,,,,,,,,1.0,1.0,1.0,1.0,0.43905905874633167,0.0,1.0,1.0,1.0,0.5122059558582286
2777,40fd4749fb6c9cd3a,True,,,,,,,,,,1.0,1.0,1.0,1.0,0.5587811238728518,1.0,1.0,1.0,0.0,0.7371191012102662
2778,5717542c5f1f77274,True,,,,,,,,,,0.0,0.0,1.0,1.0,1.0,0.0,1.0,1.0,1.0,0.0
2779,085b24e5cde180825,True,,,,,,,,,,0.0,1.0,1.0,1.0,1.0,0.0,0.0,1.0,1.0,0.0
2780,385adba134e6d7874,True,,,,,,,,,,0.0,1.0,1.0,1.0,1.0,0.0,1.0,1.0,0.0,0.0
2781,3affb77370b09f4d7,True,,,,,,,,,,1.0,1.0,1.0,1.0,0.9190155556920137,1.0,0.0,1.0,0.0,0.7246923611537542
2782,bc0871e224359d4c3,True,,,,,,,,,,1.0,1.0,1.0,1.0,0.8159121637144475,1.0,1.0,1.0,1.0,0.9424725511607648
2783,19762a72ff72dc0cd,True,,,,,,,,,,1.0,1.0,1.0,1.0,0.27608045321234387,1.0,1.0,1.0,0.0,0.6487751416288574
2784,04636d07d342e54cd,True,,,,,,,,,,1.0,0.0,1.0,1.0,0.6147625220255566,0.0,1.0,1.0,0.0,0.0
2785,71ad6b3fd5d476975,True,,,,,,,,,,1.0,0.0,1.0,1.0,1.0,1.0,1.0,1.0,1.0,0.0
2786,81523e3e502f7fd7f,True,,,,,,,,,,1.0,1.0,0.5,1.0,1.0,1.0,1.0,1.0,0.0,0.4375
2787,04fdae6a66181ea6f,True,,,,,,,,,,1.0,0.0,1.0,1.0,1.0,1.0,0.0,1.0,0.0,0.0
2788,8f84117d4bb5c6f9b,True,,,,,,,,,,1.0,1.0,1.0,1.0,0.8875378478405213,1.0,0.0,1.0,1.0,0.8398555774501628
2789,bf39b618ccc33f36a,True,,,,,,,,,,1.0,1.0,1.0,1.0,0.6123283205650619,1.0,0.0,1.0,0.0,0.6288526001765818
2790,4619287f3174b7b19,True,,,,,,,,,,0.0,1.0,1.0,1.0,1.0,0.0,1.0,1.0,0.0,0.0
2791,0d3be86b0d2db1b32,True,,,,,,,,,,1.0,1.0,1.0,1.0,0.5765289601247622,1.0,1.0,1.0,0.0,0.7426653000389882
2792,07ec0b134ef32ae77,True,,,,,,,,,,1.0,1.0,1.0,1.0,0.935303213791997,1.0,1.0,1.0,1.0,0.979782254309999
2793,e147b31afd8a5c390,True,,,,,,,,,,1.0,1.0,1.0,0.0,1.0,1.0,1.0,0.0,0.0,0.0
2794,6c853ea6e6c4a2a77,True,,,,,,,,,,1.0,1.0,0.5,1.0,1.0,1.0,0.0,1.0,1.0,0.4375
2795,ca65ee7c58adc26d8,True,,,,,,,,,,1.0,1.0,1.0,1.0,1.0,1.0,1.0,1.0,1.0,1.0
2796,b04402bb6e662613d,True,,,,,,,,,,1.0,1.0,1.0,1.0,1.0,1.0,1.0,1.0,0.0,0.875
2797,ca6194714b4b58cfb,True,,,,,,,,,,1.0,1.0,1.0,1.0,0.3098476819202977,1.0,0.0,1.0,1.0,0.6593274006000931
2798,33bdd00b087ff8b4e,True,,,,,,,,,,1.0,1.0,1.0,1.0,0.4092662589575733,1.0,1.0,1.0,1.0,0.8153957059242416
2799,dcb2510de7a9a4dfc,True,,,,,,,,,,1.0,1.0,1.0,1.0,0.25237261841827696,1.0,1.0,1.0,1.0,0.7663664432557116
2800,1dc510be8e058122d,True,,,,,,,,,,1.0,1.0,1.0,1.0,0.6585565511386108,1.0,1.0,1.0,1.0,0.8932989222308159
2801,b9bc285e03f488e64,True,,,,,,,,,,1.0,1.0,1.0,1.0,1.0,1.0,0.0,1.0,1.0,0.875
2802,7caf8d7d76cd0a120,True,,,,,,,,,,0.0,1.0,1.0,1.0,1.0,0.0,1.0,1.0,0.0,0.0
2803,444902bbbb7e82af9,True,,,,,,,,,,1.0,1.0,1.0,1.0,0.40681578747776387,1.0,0.0,1.0,0.0,0.5646299335868012
2804,d853fa4b72196af01,True,,,,,,,,,,0.0,1.0,1.0,1.0,1.0,0.0,1.0,1.0,1.0,0.0
2805,3c8afefbaf08142c1,True,,,,,,,,,,1.0,0.0,1.0,1.0,1.0,1.0,1.0,1.0,0.0,0.0
2806,99775d29ec2361de1,True,,,,,,,,,,0.5,0.0,1.0,1.0,1.0,0.0,0.0,1.0,0.0,0.0
2807,9ce715dfae40ca8c0,True,,,,,,,,,,1.0,0.0,1.0,1.0,0.9016081646996101,1.0,0.0,1.0,1.0,0.0
2808,129d3c576dc7bb588,True,,,,,,,,,,1.0,0.0,1.0,1.0,0.0,1.0,0.0,1.0,1.0,0.0
2809,217065a6aefbd8186,True,,,,,,,,,,1.0,1.0,1.0,1.0,0.8666651973523137,1.0,1.0,1.0,1.0,0.958332874172598
2810,65dbb955b70b6a26d,True,,,,,,,,,,1.0,1.0,1.0,1.0,0.7832448959547926,1.0,0.0,1.0,1.0,0.8072640299858727
2811,1a2a9699acac9d639,True,,,,,,,,,,1.0,1.0,1.0,1.0,0.9019125461235064,0.0,0.0,1.0,1.0,0.5318476706635957
2812,710c63e733bb79b47,True,,,,,,,,,,1.0,1.0,1.0,1.0,0.8900181151102041,1.0,1.0,1.0,1.0,0.9656306609719387
2813,df1a0f92cba6a82a6,True,,,,,,,,,,1.0,1.0,1.0,1.0,0.7041197545018202,1.0,1.0,1.0,0.0,0.7825374232818187
2814,9a21c94093757379d,True,,,,,,,,,,1.0,1.0,1.0,1.0,0.4649935294572621,1.0,0.0,1.0,1.0,0.7078104779553944
2815,493f02989c4ff9aac,True,,,,,,,,,,1.0,1.0,1.0,1.0,0.2527846794522216,1.0,1.0,1.0,1.0,0.7664952123288192
2816,c999a24e14bcd26f6,True,,,,,,,,,,1.0,1.0,1.0,1.0,0.898717233130534,1.0,1.0,1.0,1.0,0.9683491353532918
2817,8b8b4f2749140ac7a,True,,,,,,,,,,1.0,1.0,1.0,1.0,0.8223836335004978,1.0,1.0,1.0,0.0,0.8194948854689056
2818,c55dc2e0f192c70a5,True,,,,,,,,,,1.0,1.0,1.0,1.0,0.5079760300234788,1.0,1.0,1.0,1.0,0.8462425093823371
2819,e2094c50a0cc45693,True,,,,,,,,,,1.0,0.0,0.5,1.0,0.470336042887092,1.0,1.0,1.0,1.0,0.0
2820,9451e8ef901cc6db5,True,,,,,,,,,,1.0,1.0,1.0,1.0,0.4219235201622034,1.0,1.0,1.0,1.0,0.8193511000506886
2821,debbba18b341ebebb,True,,,,,,,,,,1.0,1.0,1.0,1.0,0.6669322594136071,1.0,1.0,1.0,0.0,0.7709163310667522
2822,a3b3172d137c4851c,True,,,,,,,,,,0.0,1.0,1.0,1.0,1.0,0.0,1.0,1.0,1.0,0.0
2823,f456c5e9004e0cd78,True,,,,,,,,,,0.0,0.0,1.0,1.0,1.0,0.0,0.0,1.0,0.0,0.0
2824,9fe9464c7d920430e,True,,,,,,,,,,1.0,0.0,0.5,1.0,1.0,1.0,0.0,1.0,0.0,0.0
2825,d1c72c5965ad4f57e,True,,,,,,,,,,1.0,1.0,1.0,1.0,0.7853801358270678,1.0,1.0,0.0,0.0,0.6829312924459587
2826,37e08a9d04d846913,True,,,,,,,,,,1.0,0.0,1.0,1.0,1.0,1.0,0.0,1.0,1.0,0.0
2827,ef863110f1ea79566,True,,,,,,,,,,0.0,1.0,1.0,1.0,1.0,0.0,1.0,1.0,1.0,0.0
2828,eef5eabe1b1b7f149,True,,,,,,,,,,1.0,1.0,1.0,1.0,1.0,1.0,1.0,1.0,1.0,1.0
2829,e774d1b87b07638c4,True,,,,,,,,,,1.0,1.0,1.0,1.0,0.8832380705581107,1.0,1.0,1.0,1.0,0.9635118970494096
2830,bf56b1e490af51e25,True,,,,,,,,,,1.0,1.0,1.0,1.0,0.24637043474862597,1.0,0.0,1.0,1.0,0.6394907608589456
2831,a2578379ff901794e,True,,,,,,,,,,0.5,1.0,1.0,1.0,1.0,0.0,1.0,1.0,1.0,0.34375
2832,ec4a1a5062f088a0f,True,,,,,,,,,,1.0,1.0,1.0,1.0,1.0,1.0,1.0,1.0,1.0,1.0
2833,4e6440872891a9f19,True,,,,,,,,,,1.0,0.0,1.0,1.0,1.0,1.0,1.0,1.0,0.0,0.0
2834,aede15abec43ca21b,True,,,,,,,,,,1.0,0.0,1.0,1.0,1.0,1.0,0.0,1.0,0.0,0.0
2835,4ff48fa4e19774be7,True,,,,,,,,,,0.0,1.0,1.0,1.0,0.8159587304836523,0.0,0.0,1.0,1.0,0.0
2836,25c21cb66208cb6c6,True,,,,,,,,,,1.0,0.0,1.0,1.0,1.0,1.0,0.0,1.0,1.0,0.0
2837,9add3630e04fe7c41,True,,,,,,,,,,1.0,0.0,1.0,1.0,1.0,1.0,1.0,1.0,1.0,0.0
2838,9574cf693ee2e6774,True,,,,,,,,,,1.0,1.0,1.0,1.0,0.5242066334106905,1.0,0.0,1.0,1.0,0.7263145729408408
2839,477b98093c6f47fcc,True,,,,,,,,,,0.5,0.0,0.5,1.0,0.9689487283907112,0.0,0.0,1.0,1.0,0.0
2840,ce2108b53dc19946a,True,,,,,,,,,,1.0,1.0,1.0,1.0,1.0,1.0,0.0,1.0,0.0,0.75
2841,9d5ce658b960c75f6,True,,,,,,,,,,1.0,1.0,1.0,1.0,0.2454679626118644,1.0,0.0,1.0,1.0,0.6392087383162076
2842,c22f538fee4004aa6,True,,,,,,,,,,1.0,1.0,1.0,1.0,0.5403786197564637,1.0,0.0,1.0,1.0,0.7313683186738948
2843,bc9e1db1b41d9717b,True,,,,,,,,,,1.0,1.0,0.5,1.0,0.5997666461798683,1.0,1.0,1.0,1.0,0.43746353846560443
2844,2f7f9ce16e4034224,True,,,,,,,,,,1.0,0.0,1.0,1.0,1.0,1.0,0.0,1.0,0.0,0.0
2845,d50743776b4ebf7b3,True,,,,,,,,,,1.0,1.0,1.0,1.0,0.7639778954495254,1.0,0.0,1.0,0.0,0.6762430923279767
2846,dd75967675d1052fc,True,,,,,,,,,,0.0,1.0,1.0,1.0,0.37620758189177195,0.0,0.0,1.0,0.0,0.0
2847,7a999e76f404c4956,True,,,,,,,,,,1.0,1.0,1.0,1.0,0.9176527360824618,1.0,1.0,1.0,1.0,0.9742664800257693
2848,fa4895c5592886086,True,,,,,,,,,,1.0,1.0,1.0,1.0,1.0,1.0,1.0,1.0,0.0,0.875
2849,d4ded05eeb073e97b,True,,,,,,,,,,1.0,0.0,1.0,1.0,1.0,1.0,1.0,1.0,0.0,0.0
2850,b19bff260481a9a60,True,,,,,,,,,,1.0,1.0,0.5,1.0,1.0,1.0,0.0,1.0,0.0,0.375
2851,8ab43bb08112dc9ee,True,,,,,,,,,,1.0,1.0,1.0,1.0,1.0,1.0,1.0,1.0,0.0,0.875
2852,075c6629f363025a1,True,,,,,,,,,,1.0,1.0,1.0,1.0,0.8378007389311931,1.0,1.0,1.0,1.0,0.9493127309159979
2853,8a73882c047d96e3f,True,,,,,,,,,,1.0,1.0,1.0,1.0,0.251764468369917,1.0,0.0,1.0,0.0,0.5161763963655991
2854,7e6c9f4638d88c304,True,,,,,,,,,,1.0,0.0,1.0,1.0,0.723079749890866,1.0,1.0,1.0,1.0,0.0
2855,23c64b101bb797591,True,,,,,,,,,,1.0,1.0,0.5,1.0,1.0,1.0,0.0,1.0,0.0,0.375
2856,2d48cd27787fdf6f7,True,,,,,,,,,,1.0,1.0,1.0,1.0,1.0,1.0,1.0,1.0,1.0,1.0
2857,7b49a5c516fc052ba,True,,,,,,,,,,1.0,1.0,0.0,1.0,0.8479375238014112,1.0,0.0,1.0,1.0,0.0
2858,0b2a6af7c94670346,True,,,,,,,,,,1.0,1.0,0.0,1.0,1.0,1.0,0.0,1.0,0.0,0.0
2859,0ba7e570a3d546654,True,,,,,,,,,,1.0,1.0,1.0,1.0,0.7021465027680772,1.0,0.0,1.0,1.0,0.7819207821150241
2860,bccd8c64fe9f7bd3b,True,,,,,,,,,,1.0,1.0,1.0,0.0,1.0,1.0,1.0,1.0,1.0,0.0
2861,24f191a721f816f48,True,,,,,,,,,,1.0,1.0,1.0,1.0,0.8027204361652227,1.0,1.0,1.0,1.0,0.9383501363016321
2862,7516958eab299d94d,True,,,,,,,,,,1.0,1.0,1.0,1.0,0.4764421287260898,1.0,1.0,1.0,0.0,0.7113881652269031
2863,f1e68724beef04f5c,True,,,,,,,,,,0.0,1.0,1.0,1.0,0.8313101099812239,0.0,1.0,1.0,0.0,0.0
2864,e3a1602ce511b854c,True,,,,,,,,,,1.0,1.0,1.0,1.0,0.8256826045842791,1.0,1.0,1.0,0.0,0.8205258139325873
2865,648027b9205dc7650,True,,,,,,,,,,1.0,1.0,0.0,1.0,1.0,1.0,0.0,1.0,1.0,0.0
2866,146404d39b9ce38d7,True,,,,,,,,,,1.0,1.0,1.0,1.0,0.8900610958326532,1.0,1.0,0.0,0.0,0.7156440924477041
2867,38c8739d0ae9e3f71,True,,,,,,,,,,1.0,1.0,1.0,1.0,0.6381041342679253,1.0,1.0,1.0,1.0,0.8869075419587267
2868,19b9962d1050c08e3,True,,,,,,,,,,1.0,1.0,1.0,1.0,0.5057646964454465,1.0,1.0,1.0,0.0,0.720551467639202
2869,35a201132842b0275,True,,,,,,,,,,1.0,1.0,0.5,1.0,0.5745081365150376,1.0,0.0,1.0,1.0,0.37101689633047463
2870,63584edd9b86f7faf,True,,,,,,,,,,1.0,0.0,1.0,1.0,1.0,1.0,1.0,1.0,0.0,0.0
2871,9a1b34a6539726796,True,,,,,,,,,,1.0,1.0,1.0,1.0,0.691024149034225,1.0,1.0,1.0,0.0,0.7784450465731954
2872,ebe3f434bfee258dc,True,,,,,,,,,,1.0,1.0,1.0,1.0,0.9745835179358838,1.0,1.0,1.0,1.0,0.9920573493549637
2873,a387296016f95192a,True,,,,,,,,,,1.0,1.0,1.0,1.0,1.0,1.0,1.0,1.0,0.0,0.875
2874,f3374bc1daec15012,True,,,,,,,,,,1.0,1.0,1.0,1.0,0.7852377373679944,1.0,0.0,1.0,0.0,0.6828867929274982
2875,0b204ead40703c13f,True,,,,,,,,,,1.0,1.0,1.0,1.0,0.4717090375246663,1.0,1.0,1.0,1.0,0.8349090742264582
2876,1e76d24e6c9b36a12,True,,,,,,,,,,1.0,0.0,1.0,1.0,0.9381151414196622,1.0,1.0,1.0,1.0,0.0
2877,c3bb1145080f9b2b0,True,,,,,,,,,,1.0,1.0,1.0,1.0,0.8524031225747972,1.0,0.0,1.0,0.0,0.7038759758046241
2878,0437e4fe123ba7e19,True,,,,,,,,,,1.0,1.0,1.0,1.0,1.0,1.0,1.0,1.0,0.0,0.875
2879,548f3a3e3c14a9e80,True,,,,,,,,,,1.0,1.0,0.0,1.0,1.0,1.0,0.0,1.0,1.0,0.0
2880,94dbe6cad76160ef1,True,,,,,,,,,,0.0,1.0,1.0,1.0,1.0,0.0,1.0,1.0,1.0,0.0
2881,10f3932f4f651de8c,True,,,,,,,,,,1.0,0.0,1.0,1.0,1.0,1.0,1.0,1.0,0.0,0.0
2882,a3159a9839e251bcb,True,,,,,,,,,,1.0,1.0,1.0,1.0,0.7764711171538868,1.0,0.0,1.0,1.0,0.8051472241105897
2883,10369bbacaa4e3b7d,True,,,,,,,,,,1.0,1.0,1.0,1.0,0.2874569022473523,1.0,1.0,1.0,0.0,0.6523302819522976
2884,bd2169898173c44cb,True,,,,,,,,,,0.0,0.0,1.0,1.0,1.0,0.0,0.0,1.0,0.0,0.0
2885,146060978cf746557,True,,,,,,,,,,1.0,1.0,1.0,1.0,0.7543065832974994,1.0,1.0,1.0,0.0,0.7982208072804686
2886,0f261a9f083cf0d25,True,,,,,,,,,,1.0,1.0,1.0,1.0,0.7514154228619667,1.0,1.0,1.0,0.0,0.7973173196443646
2887,fd2cd8e0a11510837,True,,,,,,,,,,1.0,0.0,1.0,1.0,0.35647227395646985,1.0,0.0,1.0,0.0,0.0
2888,dfe73ad8f70781d46,True,,,,,,,,,,1.0,1.0,1.0,1.0,0.8503381904140831,1.0,0.0,1.0,0.0,0.703230684504401
2889,af8bb014864eab6d8,True,,,,,,,,,,1.0,1.0,1.0,1.0,0.8733106563904102,1.0,0.0,1.0,0.0,0.7104095801220032
2890,4c1f05a52e82aac85,True,,,,,,,,,,1.0,1.0,1.0,1.0,0.2473854970730513,1.0,1.0,1.0,0.0,0.6398079678353286
2891,0a1cec4bdc1f7ba66,True,,,,,,,,,,1.0,1.0,1.0,1.0,1.0,1.0,0.0,1.0,1.0,0.875
2892,6d649dcdbc3037d7a,True,,,,,,,,,,1.0,1.0,1.0,1.0,0.5958573263472257,1.0,0.0,1.0,0.0,0.623705414483508
2893,12eccd64a8e27f82f,True,,,,,,,,,,1.0,0.0,0.0,1.0,1.0,1.0,0.0,1.0,1.0,0.0
2894,52cc30d63f3ee962c,True,,,,,,,,,,1.0,0.0,1.0,1.0,0.7659251311341178,1.0,0.0,1.0,1.0,0.0
2895,1321cf37404d27e22,True,,,,,,,,,,1.0,1.0,0.0,1.0,1.0,1.0,0.0,1.0,1.0,0.0
2896,12776777ba8546e14,True,,,,,,,,,,0.0,0.0,0.0,1.0,1.0,0.0,0.0,1.0,0.0,0.0
2897,bec8d578f7182bbcd,True,,,,,,,,,,1.0,1.0,1.0,1.0,1.0,1.0,0.0,1.0,1.0,0.875
2898,114bae5e9b92e8933,True,,,,,,,,,,0.0,0.0,0.5,1.0,1.0,0.0,1.0,1.0,0.0,0.0
2899,986788851f212ec8c,True,,,,,,,,,,1.0,1.0,1.0,1.0,0.5079598690265815,1.0,1.0,1.0,1.0,0.8462374590708067
2900,59e6ebcbd44500064,True,,,,,,,,,,1.0,1.0,1.0,1.0,1.0,1.0,0.0,1.0,0.0,0.75
2901,81d22f948dc0fae75,True,,,,,,,,,,1.0,1.0,1.0,1.0,0.8945392861010913,1.0,1.0,1.0,1.0,0.9670435269065911
2902,9afbf2d7c3a80fd5b,True,,,,,,,,,,1.0,0.0,1.0,1.0,1.0,1.0,1.0,1.0,1.0,0.0
2903,0b444583aebb693a7,True,,,,,,,,,,1.0,1.0,1.0,1.0,1.0,1.0,1.0,1.0,0.0,0.875
2904,96a1227ca8539a33e,True,,,,,,,,,,1.0,1.0,1.0,1.0,0.7869623854562054,1.0,1.0,1.0,1.0,0.9334257454550642
2905,0e6b7e12965c8e997,True,,,,,,,,,,1.0,1.0,0.0,1.0,1.0,1.0,0.0,1.0,1.0,0.0
2906,bfc933fd0598219c3,True,,,,,,,,,,1.0,1.0,0.0,1.0,1.0,1.0,0.0,1.0,0.0,0.0
2907,ff268d62e1e2110ec,True,,,,,,,,,,1.0,1.0,1.0,1.0,0.9154976261463447,1.0,0.0,1.0,1.0,0.8485930081707327
2908,b9b2eb5e7bcdfdb6b,True,,,,,,,,,,1.0,1.0,1.0,1.0,0.29086389526359824,1.0,1.0,1.0,1.0,0.7783949672698744
2909,66f45177e81fc8115,True,,,,,,,,,,1.0,1.0,1.0,1.0,0.7996752494222625,1.0,0.0,1.0,0.0,0.6873985154444571
2910,b24ef110ccf50ea20,True,,,,,,,,,,1.0,1.0,1.0,1.0,0.5338308256605896,1.0,1.0,1.0,1.0,0.8543221330189342
2911,5c78d4068407d661c,True,,,,,,,,,,1.0,1.0,0.5,1.0,1.0,1.0,1.0,1.0,1.0,0.5
2912,4ed26e14929f14eb4,True,,,,,,,,,,1.0,1.0,0.0,1.0,0.8212944423342664,1.0,0.0,1.0,0.0,0.0
2913,8155746fdb7c4d3d8,True,,,,,,,,,,1.0,1.0,1.0,1.0,1.0,1.0,0.0,1.0,1.0,0.875
2914,3fa4f9afc8577cdb1,True,,,,,,,,,,1.0,1.0,1.0,1.0,0.2802382853887935,1.0,0.0,1.0,0.0,0.525074464183998
2915,4e1acfe6d874f554d,True,,,,,,,,,,1.0,1.0,1.0,1.0,0.6123974564815183,1.0,1.0,1.0,0.0,0.7538742051504745
2916,44200def81a985e9f,True,,,,,,,,,,0.0,1.0,1.0,1.0,1.0,0.0,0.0,1.0,1.0,0.0
2917,47a19dd96d0e85b4d,True,,,,,,,,,,1.0,1.0,1.0,1.0,0.6474781332889793,1.0,0.0,1.0,1.0,0.7648369166528061
2918,a0b761c6ddf3b5b92,True,,,,,,,,,,1.0,1.0,0.5,1.0,0.448220548715225,1.0,0.0,1.0,1.0,0.3512844607367539
2919,8ace3a7104057a34a,True,,,,,,,,,,1.0,1.0,0.5,1.0,1.0,1.0,0.0,1.0,0.0,0.375
2920,99c29f3c8b69eab4e,True,,,,,,,,,,1.0,1.0,1.0,1.0,0.29241136236255905,1.0,0.0,1.0,1.0,0.6538785507382997
2921,0939026cbd6b9cc48,True,,,,,,,,,,1.0,1.0,1.0,1.0,0.35157897679474426,1.0,0.0,1.0,0.0,0.5473684302483576
2922,f3d789e129d07af8b,True,,,,,,,,,,1.0,1.0,1.0,1.0,0.937514166474968,1.0,0.0,1.0,1.0,0.8554731770234275
2923,65d059ca1a57ebca1,True,,,,,,,,,,1.0,1.0,1.0,1.0,1.0,1.0,0.0,1.0,0.0,0.75
2924,9afa1551ea25fbb00,True,,,,,,,,,,1.0,1.0,1.0,1.0,1.0,1.0,0.0,1.0,1.0,0.875
2925,46674c511c8ea3dfc,True,,,,,,,,,,1.0,1.0,1.0,1.0,0.8424427326971708,1.0,1.0,1.0,0.0,0.8257633539678659
2926,3dd52ad2d0d369330,True,,,,,,,,,,1.0,1.0,1.0,1.0,0.8100607180969319,1.0,0.0,1.0,1.0,0.8156439744052912
2927,23ab7eb5b925e86ab,True,,,,,,,,,,1.0,1.0,0.5,1.0,1.0,1.0,0.0,1.0,1.0,0.4375
2928,5806dc63fc6e3cad9,True,,,,,,,,,,1.0,1.0,1.0,1.0,1.0,1.0,1.0,1.0,1.0,1.0
2929,5a562731374a3054b,True,,,,,,,,,,1.0,1.0,1.0,1.0,0.4541402412210639,1.0,1.0,1.0,0.0,0.7044188253815824
2930,99f4cdc8eeabc0426,True,,,,,,,,,,1.0,0.0,0.5,1.0,1.0,1.0,0.0,1.0,1.0,0.0
2931,82164b6dd39963198,True,,,,,,,,,,1.0,1.0,0.0,1.0,1.0,1.0,0.0,1.0,1.0,0.0
2932,083ca0b9e4853254e,True,,,,,,,,,,1.0,0.0,1.0,1.0,1.0,1.0,0.0,1.0,0.0,0.0
2933,fa8d78f84cd8b7f8c,True,,,,,,,,,,1.0,1.0,1.0,1.0,0.6160137495458406,1.0,0.0,1.0,0.0,0.6300042967330752
2934,765c939c341bbf4f6,True,,,,,,,,,,1.0,1.0,1.0,1.0,0.5985854701337714,1.0,1.0,1.0,0.0,0.7495579594168036
2935,fdc9de263e1f28cd8,True,,,,,,,,,,1.0,1.0,1.0,1.0,0.718692631308104,1.0,1.0,1.0,1.0,0.9120914472837824
2936,32e366dcde5a1ff12,True,,,,,,,,,,1.0,1.0,1.0,1.0,0.9085675698944967,1.0,0.0,1.0,1.0,0.8464273655920302
2937,67937388005952f7f,True,,,,,,,,,,1.0,1.0,1.0,1.0,0.7588685702255038,1.0,1.0,1.0,0.0,0.7996464281954699
2938,f38fa4be9ff4556d8,True,,,,,,,,,,1.0,0.0,1.0,1.0,0.6857842465016047,1.0,1.0,1.0,1.0,0.0
2939,334428793abea228f,True,,,,,,,,,,1.0,0.0,1.0,1.0,1.0,1.0,0.0,1.0,0.0,0.0
2940,944ac9576ebfdb76e,True,,,,,,,,,,1.0,1.0,1.0,1.0,1.0,1.0,1.0,1.0,1.0,1.0
2941,15ab133cee3e14b85,True,,,,,,,,,,0.0,0.0,0.0,1.0,1.0,0.0,1.0,0.0,0.0,0.0
2942,7b6367ddd040256d3,True,,,,,,,,,,0.0,1.0,1.0,1.0,1.0,0.0,0.0,1.0,0.0,0.0
2943,4533792bbf9b2478b,True,,,,,,,,,,1.0,1.0,1.0,1.0,0.6887922650608761,1.0,1.0,1.0,0.0,0.7777475828315238
2944,003fad41549a954eb,True,,,,,,,,,,1.0,0.0,0.5,1.0,1.0,1.0,0.0,1.0,0.0,0.0
2945,8cb5e32c7adc0ee45,True,,,,,,,,,,0.0,1.0,1.0,1.0,1.0,0.0,1.0,1.0,1.0,0.0
2946,6561872854225db74,True,,,,,,,,,,1.0,1.0,1.0,1.0,0.8583814857441074,1.0,1.0,1.0,0.0,0.8307442142950336
2947,c1d111042e2830ff9,True,,,,,,,,,,1.0,0.0,1.0,1.0,0.41977702980462755,1.0,1.0,1.0,1.0,0.0
2948,37eb625a0529e1cfa,True,,,,,,,,,,1.0,1.0,1.0,1.0,1.0,1.0,0.0,1.0,0.0,0.75
2949,7002987261d03954e,True,,,,,,,,,,1.0,0.0,0.5,1.0,1.0,1.0,0.0,0.0,0.0,0.0
2950,dad71058266c1b1e8,True,,,,,,,,,,1.0,1.0,1.0,1.0,0.4540910215444058,1.0,1.0,1.0,1.0,0.8294034442326268
2951,821ded6741a70217e,True,,,,,,,,,,1.0,1.0,1.0,1.0,0.663046397080649,1.0,1.0,1.0,0.0,0.7697019990877028
2952,889738d49bab39139,True,,,,,,,,,,1.0,0.0,1.0,1.0,0.8410849985204428,1.0,0.0,1.0,0.0,0.0
2953,2a1e301e08b641e81,True,,,,,,,,,,1.0,0.0,0.0,1.0,1.0,1.0,0.0,1.0,0.0,0.0
2954,76a210a0c3456a3e3,True,,,,,,,,,,1.0,1.0,1.0,1.0,0.44852630414131905,1.0,1.0,1.0,1.0,0.8276644700441622
2955,4aaea4c50ce77a4de,True,,,,,,,,,,0.5,0.0,0.0,1.0,1.0,0.0,1.0,1.0,0.0,0.0
2956,f55f780bee7a572bb,True,,,,,,,,,,1.0,0.0,0.0,1.0,1.0,1.0,0.0,1.0,0.0,0.0
2957,ec56aefe2cb604a4f,True,,,,,,,,,,1.0,1.0,1.0,1.0,1.0,1.0,1.0,1.0,0.0,0.875
2958,15c7d65066442dddd,True,,,,,,,,,,0.5,0.0,0.5,1.0,1.0,0.0,0.0,1.0,0.0,0.0
2959,42e2e548a93490d54,True,,,,,,,,,,1.0,1.0,1.0,1.0,1.0,1.0,0.0,1.0,1.0,0.875
2960,5922fad17f2f5e59f,True,,,,,,,,,,0.0,1.0,0.0,1.0,1.0,0.0,0.0,1.0,0.0,0.0
2961,fc8281af0699f4976,True,,,,,,,,,,1.0,1.0,1.0,1.0,0.42139958223406326,1.0,0.0,1.0,0.0,0.5691873694481447
2962,1297091b925da475f,True,,,,,,,,,,1.0,1.0,1.0,1.0,0.6991596769923331,1.0,0.0,1.0,0.0,0.6559873990601041
2963,f38027c813030f619,True,,,,,,,,,,1.0,1.0,1.0,1.0,0.8970740484868299,1.0,1.0,1.0,1.0,0.9678356401521344
2964,e05ade0e231d4cf61,True,,,,,,,,,,0.0,1.0,1.0,0.0,1.0,0.0,1.0,1.0,0.0,0.0
2965,f118de263d56644de,True,,,,,,,,,,1.0,1.0,1.0,1.0,0.7589366583530155,1.0,1.0,1.0,1.0,0.9246677057353173
2966,a66365f9db94531ab,True,,,,,,,,,,1.0,1.0,1.0,1.0,0.9562421380641649,1.0,1.0,1.0,0.0,0.8613256681450515
2967,e5d97a89c908ac563,True,,,,,,,,,,0.0,1.0,1.0,1.0,1.0,0.0,0.0,1.0,0.0,0.0
2968,286d0110f79f8450c,True,,,,,,,,,,1.0,1.0,1.0,1.0,0.8056196216427984,1.0,0.0,1.0,1.0,0.8142561317633745
2969,c5c884265f0a69c51,True,,,,,,,,,,1.0,1.0,1.0,1.0,0.3904964982862652,1.0,0.0,1.0,1.0,0.6845301557144579
2970,1a06b94eb28c15802,True,,,,,,,,,,0.5,1.0,1.0,1.0,1.0,0.0,0.0,1.0,1.0,0.28125
2971,6d9ac6e09b2090952,True,,,,,,,,,,1.0,1.0,1.0,1.0,0.6573617747727594,1.0,0.0,1.0,0.0,0.6429255546164874
2972,064dc83e13c6841b5,True,,,,,,,,,,1.0,1.0,0.0,1.0,0.7901036508275525,1.0,0.0,1.0,1.0,0.0
2973,322359bc569d9c145,True,,,,,,,,,,1.0,0.0,1.0,1.0,1.0,1.0,0.0,1.0,1.0,0.0
2974,d745c239ecbf42d39,True,,,,,,,,,,1.0,0.0,1.0,1.0,0.7384831807329554,1.0,1.0,1.0,0.0,0.0
2975,fdf5d3fe80143a1aa,True,,,,,,,,,,1.0,1.0,1.0,1.0,0.6534191599109477,1.0,1.0,1.0,1.0,0.8916934874721711
2976,ba66893d0046c895c,True,,,,,,,,,,1.0,1.0,1.0,1.0,1.0,1.0,0.0,1.0,1.0,0.875
2977,f1e82aeab9ae98314,True,,,,,,,,,,1.0,1.0,1.0,1.0,0.6365238494867679,1.0,1.0,1.0,1.0,0.886413702964615
2978,10d905dbddd82d817,True,,,,,,,,,,1.0,1.0,1.0,1.0,0.7382891067274525,1.0,1.0,1.0,1.0,0.9182153458523289
2979,5e199a678c61e376a,True,,,,,,,,,,1.0,1.0,1.0,1.0,0.75553319151405,1.0,0.0,1.0,0.0,0.6736041223481406
2980,2940f44b99e0dfbcb,True,,,,,,,,,,0.0,1.0,1.0,1.0,1.0,0.0,0.0,1.0,0.0,0.0
2981,36973343935f49ac7,True,,,,,,,,,,1.0,1.0,1.0,1.0,1.0,1.0,1.0,1.0,0.0,0.875
2982,4df02e870186ea610,True,,,,,,,,,,1.0,1.0,1.0,1.0,0.7764285864338921,1.0,1.0,1.0,0.0,0.8051339332605914
2983,e11c0271d9082ef0a,True,,,,,,,,,,1.0,1.0,1.0,1.0,0.7190859672783741,1.0,0.0,1.0,1.0,0.7872143647744919
2984,bb662cb22384c44c1,True,,,,,,,,,,1.0,1.0,1.0,1.0,0.47069932634640815,1.0,1.0,1.0,1.0,0.8345935394832525
2985,cd53b47b7ab39ebeb,True,,,,,,,,,,1.0,0.0,1.0,1.0,0.44221985120194374,1.0,1.0,1.0,1.0,0.0
2986,51468624f84655cc2,True,,,,,,,,,,1.0,1.0,1.0,1.0,0.8810089555543842,1.0,1.0,1.0,0.0,0.837815298610745
2987,d1d090928a3c1ff44,True,,,,,,,,,,1.0,1.0,1.0,1.0,0.9473098500665385,1.0,0.0,1.0,1.0,0.8585343281457933
2988,981dae0f5f7fb62f4,True,,,,,,,,,,1.0,1.0,0.0,1.0,1.0,1.0,0.0,1.0,1.0,0.0
2989,9d5c879308ff1f5b5,True,,,,,,,,,,1.0,1.0,1.0,1.0,0.4860591198622492,1.0,0.0,1.0,1.0,0.7143934749569529
2990,b638486d7d50a3d60,True,,,,,,,,,,1.0,1.0,1.0,1.0,1.0,1.0,1.0,1.0,1.0,1.0
2991,1f607fe68e3fc6846,True,,,,,,,,,,0.0,1.0,1.0,1.0,1.0,0.0,1.0,1.0,0.0,0.0
2992,7feb07f9028c8bf62,True,,,,,,,,,,0.0,1.0,1.0,1.0,1.0,0.0,1.0,1.0,1.0,0.0
2993,8db77c0cfd06714d8,True,,,,,,,,,,1.0,1.0,1.0,1.0,1.0,1.0,1.0,1.0,1.0,1.0
2994,b5ee33c961aed53c5,True,,,,,,,,,,1.0,1.0,0.0,1.0,0.7712472521183756,1.0,0.0,1.0,1.0,0.0
2995,2cbe5fab2a0892e8d,True,,,,,,,,,,1.0,1.0,0.0,1.0,1.0,1.0,0.0,1.0,1.0,0.0
2996,b5eae8e67d3680501,True,,,,,,,,,,1.0,1.0,1.0,1.0,0.29426342299337327,1.0,0.0,1.0,0.0,0.5294573196854291
2997,0dd2f5f325ca3c02e,True,,,,,,,,,,1.0,1.0,1.0,1.0,0.5994596403900727,1.0,1.0,1.0,1.0,0.8748311376218978
2998,2bb929aa7298012be,True,,,,,,,,,,0.0,1.0,1.0,1.0,1.0,0.0,1.0,1.0,0.0,0.0
2999,41c063fac49e3b5e2,True,,,,,,,,,,1.0,1.0,1.0,1.0,0.09202710299213462,1.0,1.0,1.0,0.0,0.591258469685042
3000,59873106299ffb94f,True,,,,,,,,,,1.0,1.0,1.0,1.0,0.7824540558050462,0.0,0.0,1.0,1.0,0.4945168924390769
3001,956a8bcaa1a0b0856,True,,,,,,,,,,0.0,1.0,1.0,1.0,1.0,0.0,0.0,1.0,0.0,0.0
3002,257ea63714e4b9db0,True,,,,,,,,,,1.0,1.0,1.0,1.0,0.5089194309999789,1.0,1.0,1.0,0.0,0.7215373221874934
3003,8d65d3f4d930b58ae,True,,,,,,,,,,1.0,0.0,1.0,1.0,1.0,1.0,0.0,1.0,0.0,0.0
3004,868d49798379dc351,True,,,,,,,,,,1.0,1.0,1.0,1.0,0.8346287695828286,1.0,1.0,1.0,0.0,0.823321490494634
3005,d8e3174dae4ece006,True,,,,,,,,,,1.0,1.0,1.0,1.0,0.2116035898117938,1.0,0.0,1.0,1.0,0.6286261218161855
3006,c5555e6107565ea71,True,,,,,,,,,,1.0,0.0,1.0,1.0,0.6119406834097892,1.0,0.0,1.0,1.0,0.0
3007,a71664743c9a3ca78,True,,,,,,,,,,1.0,1.0,1.0,1.0,0.7909585749920861,1.0,0.0,1.0,1.0,0.8096745546850269
3008,8078500be0a3e5743,True,,,,,,,,,,1.0,1.0,1.0,1.0,0.7263229981675764,1.0,1.0,0.0,0.0,0.6644759369273676
3009,32a0c7a629ebabc37,True,,,,,,,,,,1.0,1.0,1.0,0.0,1.0,1.0,1.0,1.0,0.0,0.0
3010,116930ec4ef8fd410,True,,,,,,,,,,1.0,1.0,1.0,1.0,1.0,1.0,1.0,1.0,0.0,0.875
3011,f11c7bd81d7370578,True,,,,,,,,,,1.0,1.0,1.0,1.0,0.6102734832532546,1.0,0.0,1.0,0.0,0.6282104635166421
3012,7d9dbfb94fb6594f8,True,,,,,,,,,,1.0,0.0,1.0,1.0,0.8332423079547816,1.0,0.0,1.0,0.0,0.0
3013,e1d4af242fe8773fa,True,,,,,,,,,,0.0,0.0,1.0,1.0,1.0,0.0,0.0,0.0,0.0,0.0
3014,cc716ed59dd6f0250,True,,,,,,,,,,1.0,1.0,1.0,1.0,0.7448475691590812,1.0,1.0,1.0,1.0,0.9202648653622129
3015,7052cedfc597ff134,True,,,,,,,,,,1.0,1.0,1.0,1.0,0.9481344951270118,1.0,1.0,1.0,0.0,0.8587920297271912
3016,e6d1e14cb2784e8d9,True,,,,,,,,,,1.0,1.0,1.0,1.0,0.6852332622049222,1.0,1.0,1.0,1.0,0.9016353944390382
3017,c2aa1b724cefce8f0,True,,,,,,,,,,0.0,0.0,1.0,1.0,1.0,0.0,0.0,1.0,1.0,0.0
3018,478ebd3b3ddcd9ccd,True,,,,,,,,,,1.0,1.0,0.0,1.0,1.0,0.0,0.0,1.0,0.0,0.0
3019,6029879ac957933a1,True,,,,,,,,,,0.0,1.0,1.0,1.0,1.0,0.0,1.0,1.0,1.0,0.0
3020,823e2256b643e1b5f,True,,,,,,,,,,0.0,1.0,1.0,1.0,1.0,0.0,1.0,1.0,1.0,0.0
3021,2df81c34dac0b3f5c,True,,,,,,,,,,1.0,1.0,1.0,1.0,0.6121533447643216,1.0,1.0,1.0,0.0,0.7537979202388505
3022,a30c17989141062af,True,,,,,,,,,,1.0,1.0,0.5,1.0,1.0,1.0,0.0,1.0,1.0,0.4375
3023,c7690543523741cf3,True,,,,,,,,,,1.0,1.0,1.0,1.0,1.0,1.0,1.0,1.0,0.0,0.875
3024,807ac1c906c9cfc44,True,,,,,,,,,,1.0,1.0,1.0,1.0,0.6933522050219677,1.0,1.0,1.0,1.0,0.904172564069365
3025,f8e644eaae7fc78c5,True,,,,,,,,,,1.0,1.0,1.0,1.0,1.0,1.0,0.0,1.0,1.0,0.875
3026,ed92b02e2867b4579,True,,,,,,,,,,0.0,0.0,0.5,1.0,1.0,0.0,1.0,1.0,0.0,0.0
3027,74e23535d8622107d,True,,,,,,,,,,1.0,1.0,1.0,1.0,0.7548581988729671,1.0,1.0,1.0,1.0,0.9233931871478023
3028,2f704570e75d053c7,True,,,,,,,,,,1.0,1.0,1.0,1.0,0.47593689072843276,1.0,1.0,1.0,0.0,0.7112302783526352
3029,82bb73b09ea17fb1a,True,,,,,,,,,,1.0,1.0,1.0,1.0,0.5080698102127624,1.0,1.0,1.0,1.0,0.8462718156914882
3030,97e73edb0ec984db5,True,,,,,,,,,,0.0,1.0,1.0,1.0,1.0,0.0,1.0,1.0,0.0,0.0
3031,1aee3d353bc51c730,True,,,,,,,,,,0.0,1.0,1.0,1.0,0.8343847339378808,0.0,0.0,1.0,1.0,0.0
3032,66138b6a89d5d40bf,True,,,,,,,,,,1.0,1.0,1.0,1.0,0.44419330918789257,0.0,1.0,1.0,1.0,0.5138104091212164
3033,e07233c9901810349,True,,,,,,,,,,1.0,1.0,1.0,1.0,0.808557687824387,1.0,0.0,1.0,1.0,0.8151742774451209
3034,68c48977b8b13f11f,True,,,,,,,,,,0.0,1.0,1.0,1.0,1.0,0.0,1.0,1.0,1.0,0.0
3035,d784680050236fe52,True,,,,,,,,,,1.0,1.0,0.5,1.0,0.8188324204366695,1.0,0.0,1.0,0.0,0.3466925656932296
3036,16e1819d7d9d5f11d,True,,,,,,,,,,1.0,1.0,1.0,1.0,0.2517202211193255,1.0,1.0,1.0,1.0,0.7661625690997892
3037,83d03d52f14fe2aba,True,,,,,,,,,,1.0,0.0,1.0,1.0,0.08604505656430808,1.0,1.0,1.0,1.0,0.0
3038,9e0e0c6fe70eeb1d8,True,,,,,,,,,,1.0,0.0,1.0,1.0,1.0,1.0,0.0,1.0,0.0,0.0
3039,6bdc53cfa4a8ecb29,True,,,,,,,,,,1.0,1.0,1.0,1.0,0.5923253631544588,1.0,1.0,1.0,0.0,0.7476016759857684
3040,67e23c9775c8647fa,True,,,,,,,,,,1.0,0.0,1.0,1.0,1.0,1.0,1.0,1.0,0.0,0.0
3041,01d8a706eb3443501,True,,,,,,,,,,0.0,1.0,1.0,1.0,1.0,0.0,1.0,1.0,0.0,0.0
3042,e837d678b75d5da6f,True,,,,,,,,,,1.0,1.0,1.0,1.0,0.8156777199488568,1.0,1.0,1.0,0.0,0.8173992874840177
3043,fa2224428f7eab22f,True,,,,,,,,,,1.0,1.0,1.0,1.0,0.6297921889971461,1.0,1.0,1.0,0.0,0.7593100590616082
3044,3b55569be269255c2,True,,,,,,,,,,1.0,1.0,1.0,1.0,0.8183121896086675,1.0,1.0,0.0,0.0,0.6932225592527086
3045,5a7bb6958f668a475,True,,,,,,,,,,1.0,1.0,1.0,1.0,0.7998732400837935,1.0,1.0,1.0,0.0,0.8124603875261854
3046,3fd0808364384b621,True,,,,,,,,,,1.0,1.0,0.5,1.0,1.0,1.0,0.0,1.0,1.0,0.4375
3047,d039fdc59dc6803bb,True,,,,,,,,,,1.0,1.0,1.0,1.0,0.35823256890716276,1.0,1.0,1.0,1.0,0.7994476777834884
3048,e4dcc4b775028c0f4,True,,,,,,,,,,1.0,0.0,1.0,1.0,0.8130419061369059,1.0,1.0,1.0,1.0,0.0
3049,c6f309a29af4e8f36,True,,,,,,,,,,1.0,1.0,1.0,1.0,0.8518055825735437,1.0,0.0,1.0,1.0,0.8286892445542324
3050,ceeb78663a0b4f09b,True,,,,,,,,,,1.0,1.0,1.0,1.0,0.7291384866719379,0.0,0.0,1.0,0.0,0.3528557770849806
3051,a0b8747e5af0f2b1d,True,,,,,,,,,,1.0,0.0,1.0,1.0,1.0,1.0,1.0,1.0,0.0,0.0
3052,80c12d47df3847b19,True,,,,,,,,,,1.0,1.0,1.0,1.0,0.8184032405545661,0.0,0.0,1.0,1.0,0.5057510126733019
3053,d89331799987b6909,True,,,,,,,,,,0.0,1.0,1.0,1.0,1.0,0.0,1.0,0.0,0.0,0.0
3054,1e3e373072e96c044,True,,,,,,,,,,1.0,0.0,1.0,1.0,1.0,1.0,1.0,1.0,1.0,0.0
3055,93a1ac4a9b8b32451,True,,,,,,,,,,1.0,1.0,1.0,1.0,0.48955472282263124,1.0,0.0,1.0,0.0,0.5904858508820723
3056,151d16ac2d96ae161,True,,,,,,,,,,0.0,1.0,1.0,1.0,1.0,0.0,1.0,1.0,1.0,0.0
3057,abf07a7ff20944b55,True,,,,,,,,,,1.0,1.0,1.0,1.0,0.9094333474232094,1.0,0.0,1.0,1.0,0.846697921069753
3058,b589b9a8082420ee5,True,,,,,,,,,,1.0,1.0,1.0,1.0,0.8285450835387596,1.0,0.0,1.0,0.0,0.6964203386058624
3059,7ff58b20e56a787e0,True,,,,,,,,,,1.0,1.0,0.5,1.0,1.0,0.0,0.0,1.0,0.0,0.21875
3060,a9400ab68fb27ff72,True,,,,,,,,,,1.0,1.0,0.5,1.0,1.0,1.0,0.0,1.0,0.0,0.375
3061,947c5404a2702b039,True,,,,,,,,,,1.0,1.0,0.5,1.0,1.0,1.0,0.0,1.0,1.0,0.4375
3062,90ffd09937f409beb,True,,,,,,,,,,1.0,1.0,1.0,1.0,0.5160763179686484,1.0,0.0,1.0,0.0,0.5987738493652026
3063,252b287c4bec81c38,True,,,,,,,,,,1.0,1.0,1.0,1.0,0.7172099735226549,1.0,0.0,1.0,0.0,0.6616281167258297
3064,403fbd9b66d2c8d5f,True,,,,,,,,,,1.0,0.0,0.0,1.0,1.0,1.0,0.0,1.0,0.0,0.0
3065,76385bcb475cc16b8,True,,,,,,,,,,0.0,1.0,0.0,1.0,1.0,0.0,0.0,0.0,0.0,0.0
3066,9b8863dbb1afcaba3,True,,,,,,,,,,1.0,1.0,0.5,1.0,1.0,1.0,0.0,1.0,1.0,0.4375
3067,ab96e33e9ab4e191b,True,,,,,,,,,,0.5,0.0,0.0,1.0,1.0,0.0,0.0,1.0,0.0,0.0
3068,25e84823ff411a3c2,True,,,,,,,,,,0.0,0.0,1.0,1.0,0.24641638849803763,0.0,0.0,1.0,0.0,0.0
3069,fe3af476ce56a1283,True,,,,,,,,,,1.0,1.0,1.0,1.0,0.688557150763629,1.0,1.0,1.0,1.0,0.902674109613634
3070,43a6dc7b51c8d9d06,True,,,,,,,,,,1.0,0.0,1.0,1.0,0.9846138532425902,1.0,1.0,1.0,1.0,0.0
3071,347e462886f69f614,True,,,,,,,,,,1.0,1.0,0.5,1.0,0.5246659615569604,1.0,0.0,1.0,0.0,0.3007290564932751
3072,90560af9aba9040f6,True,,,,,,,,,,1.0,1.0,1.0,1.0,0.6465608806603669,1.0,0.0,1.0,1.0,0.7645502752063646
3073,298d36dd2179b1b09,True,,,,,,,,,,0.0,1.0,1.0,1.0,1.0,0.0,0.0,1.0,0.0,0.0
3074,4225dd6384602da80,True,,,,,,,,,,1.0,1.0,1.0,1.0,0.25257656757418895,1.0,0.0,1.0,1.0,0.641430177366934
3075,9c691b673576a2299,True,,,,,,,,,,1.0,1.0,1.0,1.0,0.2654760878725887,1.0,1.0,1.0,1.0,0.770461277460184
3076,030c19894cf38bd4f,True,,,,,,,,,,0.5,1.0,1.0,1.0,1.0,0.0,1.0,1.0,1.0,0.34375
3077,02a790e5861b97543,True,,,,,,,,,,1.0,1.0,1.0,1.0,0.4153315541144554,1.0,1.0,1.0,0.0,0.6922911106607673
3078,82e6ed49ff7af43fe,True,,,,,,,,,,1.0,1.0,1.0,1.0,0.43928971807428013,1.0,1.0,1.0,1.0,0.8247780368982125
3079,cd8fa74c681fa08d7,True,,,,,,,,,,1.0,1.0,1.0,1.0,0.8510217224915217,1.0,1.0,1.0,1.0,0.9534442882786005
3080,95972dc9532711131,True,,,,,,,,,,0.0,1.0,1.0,1.0,1.0,0.0,0.0,1.0,0.0,0.0
3081,d8d45144c24388dfb,True,,,,,,,,,,1.0,0.0,1.0,1.0,1.0,1.0,0.0,1.0,1.0,0.0
3082,f35bd9cd53bff0ecd,True,,,,,,,,,,0.0,1.0,1.0,1.0,1.0,0.0,1.0,1.0,1.0,0.0
3083,bd89af5e343d69421,True,,,,,,,,,,1.0,1.0,1.0,1.0,0.6656705207646673,1.0,0.0,1.0,1.0,0.7705220377389586
3084,2de791cac29ff4f89,True,,,,,,,,,,1.0,1.0,1.0,1.0,0.542658714250006,1.0,1.0,1.0,1.0,0.8570808482031269
3085,145a730c9e1e596f5,True,,,,,,,,,,1.0,1.0,1.0,1.0,1.0,1.0,1.0,1.0,0.0,0.875
3086,854521fa54e11652c,True,,,,,,,,,,1.0,1.0,1.0,1.0,1.0,1.0,1.0,1.0,1.0,1.0
3087,b6a166b330b3673a8,True,,,,,,,,,,1.0,1.0,1.0,1.0,0.3679857054090298,1.0,1.0,1.0,1.0,0.8024955329403218
3088,1d56f1ceb0d56960c,True,,,,,,,,,,1.0,1.0,1.0,1.0,1.0,1.0,1.0,1.0,1.0,1.0
3089,a0dc275ea4b2b9c05,True,,,,,,,,,,1.0,1.0,1.0,1.0,0.9944726214086651,1.0,1.0,1.0,0.0,0.8732726941902078
3090,bef503ff5929be3a8,True,,,,,,,,,,1.0,1.0,1.0,1.0,1.0,1.0,0.0,1.0,0.0,0.75
3091,038ec02db8bacb10c,True,,,,,,,,,,1.0,1.0,1.0,1.0,0.14221815089536638,1.0,1.0,1.0,1.0,0.731943172154802
3092,59af906a1320b6ea8,True,,,,,,,,,,1.0,0.0,0.5,1.0,1.0,1.0,1.0,1.0,0.0,0.0
3093,d0add012a511855fa,True,,,,,,,,,,1.0,1.0,1.0,1.0,0.2919676859038665,1.0,1.0,1.0,0.0,0.6537399018449583
3094,f2c959958c4b3a8f0,True,,,,,,,,,,1.0,1.0,1.0,1.0,1.0,1.0,0.0,1.0,0.0,0.75
3095,a40fbf3b2009b98da,True,,,,,,,,,,1.0,1.0,0.0,1.0,1.0,1.0,0.0,1.0,0.0,0.0
3096,9d038765043662211,True,,,,,,,,,,1.0,1.0,0.5,1.0,1.0,1.0,0.0,1.0,1.0,0.4375
3097,161046c98f6b78205,True,,,,,,,,,,1.0,1.0,0.5,1.0,1.0,1.0,0.0,1.0,0.0,0.375
3098,84c83fdf5cd2bf3d0,True,,,,,,,,,,1.0,1.0,0.0,1.0,1.0,1.0,0.0,1.0,1.0,0.0
3099,594bcaa89ef7fc267,True,,,,,,,,,,1.0,1.0,1.0,1.0,0.9688133625142155,1.0,1.0,1.0,0.0,0.8652541757856923
3100,4e6f3caac62c57abb,True,,,,,,,,,,1.0,1.0,1.0,1.0,0.40206943340463336,1.0,0.0,1.0,0.0,0.5631466979389479
3101,1b742b73235363011,True,,,,,,,,,,1.0,1.0,1.0,0.0,1.0,1.0,1.0,1.0,1.0,0.0
3102,6ab786f972b45ffe0,True,,,,,,,,,,1.0,0.0,1.0,1.0,0.2628359445215827,1.0,0.0,1.0,1.0,0.0
3103,023850d442fe9ca21,True,,,,,,,,,,1.0,1.0,1.0,1.0,0.6943690586394884,1.0,1.0,1.0,1.0,0.9044903308248401
3104,fa3650efa1fa9cb64,True,,,,,,,,,,1.0,1.0,1.0,1.0,0.9612598980606976,1.0,0.0,1.0,0.0,0.737893718143968
3105,75161de465d28f625,True,,,,,,,,,,1.0,1.0,1.0,1.0,0.730484781172877,1.0,1.0,1.0,1.0,0.9157764941165241
3106,d2eb3158a4dcc825e,True,,,,,,,,,,0.0,1.0,1.0,1.0,1.0,0.0,0.0,1.0,1.0,0.0
3107,9c9df3f60654177e5,True,,,,,,,,,,1.0,0.0,1.0,1.0,0.3569695314203907,0.0,1.0,1.0,0.0,0.0
3108,b1eef6642f7b29370,True,,,,,,,,,,1.0,1.0,1.0,1.0,0.48791846737434413,1.0,1.0,1.0,1.0,0.8399745210544826
3109,3b8447bf8c7f49917,True,,,,,,,,,,1.0,0.0,0.5,1.0,1.0,1.0,1.0,1.0,0.0,0.0
3110,646863c254a0a7a48,True,,,,,,,,,,1.0,1.0,0.0,1.0,0.7759911197428662,1.0,0.0,1.0,1.0,0.0
3111,089e61f737418a050,True,,,,,,,,,,1.0,1.0,1.0,1.0,0.6634217863834116,1.0,0.0,1.0,1.0,0.7698193082448161
3112,583a61a4880467bf7,True,,,,,,,,,,1.0,1.0,1.0,1.0,0.4968047641534429,1.0,1.0,1.0,0.0,0.7177514887979509
3113,c303322f8c6fe45b9,True,,,,,,,,,,1.0,1.0,1.0,1.0,1.0,1.0,0.0,1.0,1.0,0.875
3114,28ee06f98b43e0a85,True,,,,,,,,,,1.0,1.0,1.0,1.0,0.765288218691267,1.0,1.0,1.0,1.0,0.9266525683410209
3115,14a48836a583fe310,True,,,,,,,,,,1.0,1.0,1.0,1.0,0.6738977509737222,1.0,0.0,1.0,0.0,0.6480930471792882
3116,0bc2b72e890837ec6,True,,,,,,,,,,1.0,1.0,1.0,1.0,0.8205884580067025,0.0,1.0,1.0,0.0,0.5064338931270945
3117,37c49a3e38b6b7781,True,,,,,,,,,,1.0,1.0,1.0,1.0,0.5788724174975948,1.0,1.0,1.0,1.0,0.8683976304679983
3118,e7c2b26b8d9679ed7,True,,,,,,,,,,1.0,1.0,1.0,1.0,0.40814558498841924,1.0,1.0,1.0,1.0,0.815045495308881
3119,6952b70f303046472,True,,,,,,,,,,0.0,1.0,1.0,1.0,1.0,0.0,0.0,1.0,0.0,0.0
3120,7abb624adfb880027,True,,,,,,,,,,1.0,1.0,1.0,1.0,0.7531812007343524,1.0,0.0,1.0,1.0,0.7978691252294852
3121,ef4057d8e3d8a089e,True,,,,,,,,,,0.0,1.0,0.0,1.0,1.0,0.0,0.0,1.0,0.0,0.0
3122,3a96e943c2c264f67,True,,,,,,,,,,1.0,1.0,0.5,1.0,1.0,0.0,0.0,1.0,0.0,0.21875
3123,9583f6043942f7590,True,,,,,,,,,,1.0,0.0,1.0,1.0,1.0,1.0,0.0,1.0,1.0,0.0
3124,805995afc5d305912,True,,,,,,,,,,0.0,1.0,1.0,1.0,1.0,0.0,0.0,1.0,0.0,0.0
3125,9f1e97dfb6a8d6a6e,True,,,,,,,,,,1.0,1.0,1.0,1.0,0.9473840832462725,1.0,1.0,1.0,1.0,0.9835575260144602
3126,664a5c4af31581693,True,,,,,,,,,,1.0,1.0,1.0,1.0,0.7897270065386173,1.0,0.0,1.0,1.0,0.8092896895433179
3127,9a36095a5f0caaafd,True,,,,,,,,,,1.0,1.0,1.0,1.0,0.33835599603611677,1.0,1.0,1.0,1.0,0.7932362487612865
3128,e4a4cf72a6a92f620,True,,,,,,,,,,1.0,1.0,1.0,1.0,0.8991247840868344,1.0,0.0,0.0,0.0,0.5934764950271357
3129,edcd482f0136b535d,True,,,,,,,,,,1.0,1.0,1.0,1.0,0.7406410346403004,1.0,0.0,1.0,1.0,0.7939503233250939
3130,265f651d3984bee82,True,,,,,,,,,,1.0,1.0,1.0,1.0,1.0,1.0,1.0,1.0,0.0,0.875
3131,abe4fa3284d5d8e53,True,,,,,,,,,,1.0,0.0,1.0,1.0,0.538626955191424,1.0,1.0,1.0,0.0,0.0
3132,cc640d20710f182c6,True,,,,,,,,,,0.0,1.0,1.0,1.0,1.0,0.0,0.0,0.0,0.0,0.0
3133,1d5df5d9b3e4a5b4e,True,,,,,,,,,,1.0,1.0,1.0,1.0,0.7735949394561638,1.0,1.0,1.0,1.0,0.9292484185800511
3134,e33920fdd8fdbaaae,True,,,,,,,,,,1.0,1.0,1.0,1.0,0.40130233217387884,1.0,0.0,1.0,0.0,0.5629069788043372
3135,c62f78ae6b2bb3ad4,True,,,,,,,,,,1.0,1.0,1.0,1.0,0.7967946538334126,1.0,1.0,1.0,1.0,0.9364983293229414
3136,325c79bfe38fe6e9a,True,,,,,,,,,,1.0,1.0,1.0,1.0,0.6771844450170332,1.0,1.0,1.0,1.0,0.899120139067823
3137,a36a2aecb6e0cc295,True,,,,,,,,,,1.0,1.0,1.0,1.0,0.9921989303640499,1.0,0.0,1.0,1.0,0.8725621657387657
3138,fa5f831bdaa6b6167,True,,,,,,,,,,1.0,1.0,0.5,1.0,1.0,1.0,0.0,1.0,0.0,0.375
3139,ab9b0531b8d7800ce,True,,,,,,,,,,1.0,0.0,1.0,1.0,1.0,1.0,0.0,1.0,0.0,0.0
3140,6081eace5dbab1fce,True,,,,,,,,,,1.0,1.0,1.0,1.0,0.90765055185574,1.0,1.0,1.0,0.0,0.8461407974549187
3141,b360500595d619f7c,True,,,,,,,,,,1.0,1.0,1.0,1.0,0.9289671666332013,1.0,0.0,1.0,1.0,0.8528022395728754
3142,7d4ce2377f19fda93,True,,,,,,,,,,1.0,1.0,1.0,1.0,0.7784138580084988,1.0,1.0,1.0,1.0,0.9307543306276559
3143,903801b8d2a6d7f58,True,,,,,,,,,,1.0,1.0,1.0,1.0,0.4015747534346132,1.0,0.0,1.0,1.0,0.6879921104483167
3144,c807c2486a7897e81,True,,,,,,,,,,0.0,1.0,1.0,1.0,0.576254660816724,0.0,1.0,1.0,1.0,0.0
3145,4d45bc29714d004dd,True,,,,,,,,,,1.0,0.0,0.0,1.0,1.0,1.0,1.0,1.0,1.0,0.0
3146,2f7d76aaf1c498bdf,True,,,,,,,,,,1.0,0.0,1.0,1.0,0.33173587872820565,1.0,1.0,1.0,1.0,0.0
3147,4db96dc771995ab32,True,,,,,,,,,,1.0,1.0,1.0,1.0,0.5855079057619049,1.0,0.0,1.0,1.0,0.7454712205505953
3148,e04480093a92a2fc2,True,,,,,,,,,,1.0,1.0,0.5,1.0,0.9286660905569523,1.0,1.0,1.0,1.0,0.4888540766495238
3149,90060fb4a17c1e73a,True,,,,,,,,,,1.0,1.0,0.5,1.0,1.0,1.0,0.0,1.0,0.0,0.375
3150,ac022e7e85876da0a,True,,,,,,,,,,1.0,1.0,1.0,1.0,0.25747582599995,1.0,1.0,1.0,1.0,0.7679611956249843
3151,4e062143c7bd91118,True,,,,,,,,,,1.0,1.0,0.5,1.0,1.0,1.0,1.0,1.0,1.0,0.5
3152,7b43da672e8898362,True,,,,,,,,,,1.0,1.0,0.5,1.0,1.0,1.0,0.0,1.0,1.0,0.4375
3153,e4e521f407f1c30df,True,,,,,,,,,,0.0,1.0,1.0,1.0,1.0,0.0,1.0,1.0,0.0,0.0
3154,3d46e887da2f265d2,True,,,,,,,,,,1.0,1.0,1.0,1.0,0.6002471242070757,1.0,1.0,1.0,0.0,0.7500772263147112
3155,b0c4ee557f41b780c,True,,,,,,,,,,1.0,0.0,1.0,1.0,0.24156202452715783,1.0,1.0,1.0,1.0,0.0
3156,858914d079ed93fdb,True,,,,,,,,,,1.0,0.0,1.0,1.0,1.0,1.0,1.0,1.0,1.0,0.0
3157,523e6115068b06a33,True,,,,,,,,,,1.0,1.0,1.0,1.0,1.0,1.0,1.0,0.0,0.0,0.75
3158,f5cba35a5a2bc646e,True,,,,,,,,,,1.0,0.0,1.0,1.0,1.0,1.0,1.0,1.0,0.0,0.0
3159,c13e406734b95eb11,True,,,,,,,,,,1.0,1.0,1.0,1.0,0.5953988932157392,1.0,1.0,1.0,0.0,0.7485621541299186
3160,62dc7352b73b8635d,True,,,,,,,,,,1.0,0.0,1.0,1.0,0.9717982849253392,1.0,1.0,1.0,0.0,0.0
3161,8413ea29ea72fdfde,True,,,,,,,,,,1.0,1.0,1.0,1.0,0.6344979637237964,1.0,1.0,1.0,0.0,0.7607806136636863
3162,fc3f449099625878e,True,,,,,,,,,,1.0,1.0,1.0,1.0,0.5418534874906489,1.0,0.0,1.0,1.0,0.7318292148408277
3163,8f284d670d5b623bf,True,,,,,,,,,,1.0,1.0,1.0,1.0,0.6089926923839434,1.0,1.0,1.0,1.0,0.8778102163699824
3164,d6427f6451b02059f,True,,,,,,,,,,1.0,1.0,0.0,1.0,0.843812155327737,1.0,0.0,1.0,1.0,0.0
3165,a1144bd1f4f830e91,True,,,,,,,,,,1.0,1.0,1.0,1.0,0.4184985287649984,1.0,1.0,1.0,1.0,0.818280790239062
3166,f09090db20660a80f,True,,,,,,,,,,1.0,1.0,1.0,1.0,1.0,1.0,1.0,1.0,1.0,1.0
3167,5811614378e2be311,True,,,,,,,,,,1.0,0.0,1.0,1.0,1.0,1.0,0.0,1.0,1.0,0.0
3168,5b8b54ff77ea4777f,True,,,,,,,,,,1.0,0.0,1.0,1.0,0.15273023150054948,1.0,0.0,1.0,0.0,0.0
3169,4a99f83b526b20ecf,True,,,,,,,,,,1.0,1.0,1.0,1.0,0.36824967700885847,1.0,0.0,1.0,1.0,0.6775780240652682
3170,da5a71cf5abef95d8,True,,,,,,,,,,1.0,1.0,1.0,1.0,0.8222272624899054,1.0,0.0,1.0,1.0,0.8194460195280955
3171,efd620a9103f0ef3f,True,,,,,,,,,,1.0,1.0,1.0,1.0,1.0,1.0,1.0,1.0,0.0,0.875
3172,d23dccf53d6e2e76b,True,,,,,,,,,,1.0,0.0,1.0,1.0,0.9651250730798256,1.0,0.0,1.0,1.0,0.0
3173,7c2d2abd001548d86,True,,,,,,,,,,1.0,1.0,0.0,1.0,1.0,1.0,0.0,1.0,0.0,0.0
3174,a8d83051ac2ad2fa2,True,,,,,,,,,,1.0,1.0,1.0,1.0,0.7063602979906514,1.0,1.0,1.0,0.0,0.7832375931220785
3175,bc1165d3665880833,True,,,,,,,,,,1.0,1.0,1.0,1.0,1.0,1.0,0.0,1.0,1.0,0.875
3176,60bf68aa5fc67729a,True,,,,,,,,,,1.0,1.0,1.0,1.0,0.3944773601860971,1.0,1.0,1.0,1.0,0.8107741750581554
3177,07d601991746bbf45,True,,,,,,,,,,0.0,1.0,0.5,1.0,1.0,0.0,0.0,1.0,0.0,0.0
3178,1924f6d5f33633039,True,,,,,,,,,,1.0,1.0,0.5,1.0,0.823268185970816,1.0,0.0,1.0,0.0,0.34738565405794
3179,988fa96e564a80331,True,,,,,,,,,,1.0,1.0,1.0,1.0,0.8401690158596505,1.0,1.0,1.0,1.0,0.9500528174561408
3180,12b8102851dec66e5,True,,,,,,,,,,0.0,1.0,1.0,1.0,0.9283743992083469,0.0,1.0,1.0,0.0,0.0
3181,2e49400543ea5674a,True,,,,,,,,,,1.0,0.0,0.0,1.0,1.0,1.0,0.0,1.0,1.0,0.0
3182,8e870ed69a2cd9267,True,,,,,,,,,,1.0,1.0,1.0,1.0,0.6751645019048386,1.0,1.0,1.0,1.0,0.8984889068452621
3183,363ef196e8503db27,True,,,,,,,,,,1.0,1.0,1.0,1.0,0.6882758019910259,1.0,1.0,1.0,1.0,0.9025861881221956
3184,0fc2fec903c77398f,True,,,,,,,,,,1.0,1.0,1.0,1.0,0.6995358268094455,1.0,0.0,1.0,1.0,0.7811049458779518
3185,b3ef71b2c228693bd,True,,,,,,,,,,1.0,1.0,1.0,1.0,0.9914069395082998,1.0,1.0,1.0,1.0,0.9973146685963437
3186,e5f10bfebbe5b0bc2,True,,,,,,,,,,1.0,1.0,1.0,1.0,0.7689815327806484,1.0,1.0,1.0,1.0,0.9278067289939527
3187,4232b6ce6d0b377b8,True,,,,,,,,,,1.0,0.0,1.0,1.0,0.9760969629153823,1.0,0.0,1.0,0.0,0.0
3188,91eb99dcb70ea628c,True,,,,,,,,,,1.0,0.0,0.0,1.0,1.0,1.0,0.0,1.0,1.0,0.0
3189,0935bea2b70d9fd2a,True,,,,,,,,,,1.0,1.0,1.0,1.0,1.0,1.0,0.0,1.0,1.0,0.875
3190,91c1ae75902e09e0c,True,,,,,,,,,,1.0,1.0,1.0,1.0,0.9748239813848254,1.0,1.0,1.0,1.0,0.992132494182758
3191,dab86e6eab3ddf22e,True,,,,,,,,,,1.0,1.0,0.0,1.0,1.0,1.0,1.0,1.0,0.0,0.0
3192,c9b6f0f21e11dae54,True,,,,,,,,,,1.0,1.0,1.0,1.0,0.786496118285726,1.0,1.0,1.0,1.0,0.9332800369642893
3193,961a25cea5dcb8f50,True,,,,,,,,,,1.0,1.0,1.0,1.0,0.27768918820788546,1.0,1.0,1.0,1.0,0.7742778713149642
3194,27e6f42dd9776a1d4,True,,,,,,,,,,0.0,0.0,1.0,1.0,0.8890347741646872,0.0,0.0,1.0,0.0,0.0
3195,20264c75b9737127d,True,,,,,,,,,,1.0,1.0,1.0,1.0,0.9112044863858871,1.0,1.0,1.0,0.0,0.8472514019955897
3196,554adddfca63d6fe8,True,,,,,,,,,,1.0,1.0,1.0,1.0,0.636776819048786,1.0,1.0,1.0,0.0,0.7614927559527456
3197,10b844b8db1d56b80,True,,,,,,,,,,1.0,1.0,1.0,1.0,0.7476689245805013,1.0,0.0,1.0,1.0,0.7961465389314066
3198,6a7d426363539d6d7,True,,,,,,,,,,0.0,1.0,1.0,1.0,1.0,0.0,0.0,0.0,0.0,0.0
3199,c911e86fa2d53c1d1,True,,,,,,,,,,1.0,1.0,1.0,1.0,0.937731986580449,1.0,0.0,1.0,0.0,0.7305412458063902
3200,afaf4dd4fa375bb85,True,,,,,,,,,,1.0,0.0,1.0,0.0,1.0,1.0,1.0,1.0,0.0,0.0
3201,9aabc1816bfcdd63e,True,,,,,,,,,,1.0,1.0,1.0,1.0,0.689442785229144,1.0,0.0,1.0,1.0,0.7779508703841075
3202,ab3eab42ac8debb31,True,,,,,,,,,,1.0,1.0,1.0,1.0,0.9253688914737109,1.0,1.0,1.0,1.0,0.9766777785855347
3203,031cc5379a5e98feb,True,,,,,,,,,,1.0,1.0,1.0,1.0,0.8694684317064995,1.0,0.0,1.0,1.0,0.8342088849082812
3204,a423127bc4cb28773,True,,,,,,,,,,0.0,1.0,1.0,1.0,0.6174572603343538,0.0,0.0,1.0,0.0,0.0
3205,7859f7283b9d34589,True,,,,,,,,,,1.0,1.0,1.0,1.0,0.7058568628581602,1.0,1.0,1.0,0.0,0.7830802696431751
3206,01edf32aa82765229,True,,,,,,,,,,1.0,0.0,0.5,1.0,1.0,1.0,0.0,1.0,0.0,0.0
3207,eb18eff580c25dafb,True,,,,,,,,,,0.0,1.0,1.0,1.0,1.0,0.0,0.0,1.0,0.0,0.0
3208,2a3e8710c22275361,True,,,,,,,,,,0.5,1.0,1.0,1.0,0.8363912980498752,0.0,1.0,1.0,0.0,0.255686140320293
3209,e3fffb822fb5efac2,True,,,,,,,,,,0.0,0.0,0.5,1.0,1.0,0.0,0.0,1.0,1.0,0.0
3210,1f8006333fa33abf2,True,,,,,,,,,,0.0,1.0,1.0,1.0,1.0,0.0,1.0,1.0,0.0,0.0
3211,1e704b348fb75f77d,True,,,,,,,,,,1.0,1.0,1.0,1.0,0.8992084277545547,1.0,1.0,1.0,0.0,0.8435026336732984
3212,f295cbd77bfa4efa0,True,,,,,,,,,,1.0,1.0,1.0,1.0,0.9911403154699742,1.0,0.0,1.0,0.0,0.7472313485843669
3213,9923250503e62f3e8,True,,,,,,,,,,1.0,1.0,1.0,1.0,0.22060650961398834,1.0,1.0,1.0,1.0,0.7564395342543714
3214,b740de6b775b4ec70,True,,,,,,,,,,1.0,1.0,1.0,1.0,0.5273501714901417,1.0,1.0,1.0,0.0,0.7272969285906693
3215,88c5a08bcfdda91cd,True,,,,,,,,,,1.0,1.0,1.0,1.0,0.9488657596291201,1.0,1.0,1.0,1.0,0.9840205498841
3216,04635beeb994d0ded,True,,,,,,,,,,1.0,1.0,0.0,1.0,1.0,1.0,0.0,1.0,0.0,0.0
3217,7d026bbe1e37cd6bf,True,,,,,,,,,,1.0,1.0,1.0,1.0,0.3881710693602537,1.0,1.0,1.0,0.0,0.6838034591750792
3218,df8882fb6dbefa033,True,,,,,,,,,,1.0,0.0,1.0,1.0,1.0,1.0,0.0,1.0,1.0,0.0
3219,d23a6fb267f1f6fa5,True,,,,,,,,,,1.0,1.0,1.0,1.0,1.0,1.0,1.0,1.0,0.0,0.875
3220,18f8bfb875dae178e,True,,,,,,,,,,1.0,1.0,1.0,1.0,1.0,1.0,1.0,1.0,1.0,1.0
3221,ffe8f133ba4da683b,True,,,,,,,,,,1.0,1.0,1.0,1.0,0.7048472073929385,1.0,1.0,0.0,0.0,0.6577647523102933
3222,c4a1482387b6b8440,True,,,,,,,,,,1.0,1.0,1.0,1.0,1.0,1.0,1.0,1.0,1.0,1.0
3223,2ddb8a77091ace2c6,True,,,,,,,,,,1.0,1.0,1.0,1.0,0.4087161681853399,1.0,1.0,1.0,0.0,0.6902238025579187
3224,87c28ad76ca252469,True,,,,,,,,,,1.0,1.0,1.0,1.0,1.0,1.0,0.0,1.0,1.0,0.875
3225,f32ce52441f70bfee,True,,,,,,,,,,1.0,1.0,1.0,1.0,0.9235679470127588,1.0,1.0,1.0,1.0,0.9761149834414871
3226,a5a4330ec613db5a3,True,,,,,,,,,,0.0,1.0,1.0,1.0,1.0,0.0,0.0,0.0,0.0,0.0
3227,c6245a244902cb4af,True,,,,,,,,,,1.0,1.0,1.0,1.0,0.3341229250630194,1.0,1.0,1.0,1.0,0.7919134140821935
3228,39ebfd58dcc9b5aea,True,,,,,,,,,,0.0,0.0,0.0,1.0,1.0,0.0,0.0,1.0,0.0,0.0
3229,1cb35ff44517c5025,True,,,,,,,,,,1.0,1.0,0.5,1.0,0.7973470198857103,1.0,1.0,1.0,0.0,0.40583547185714225
3230,72decd6302c88fdf2,True,,,,,,,,,,0.5,0.0,0.0,1.0,1.0,0.0,0.0,1.0,0.0,0.0
3231,8ed1946abef82fdb9,True,,,,,,,,,,1.0,0.0,1.0,1.0,0.6316584142216373,1.0,0.0,1.0,1.0,0.0
3232,1e15000d249448d21,True,,,,,,,,,,1.0,1.0,1.0,1.0,1.0,1.0,1.0,1.0,1.0,1.0
3233,f216d1ab22df1e533,True,,,,,,,,,,1.0,1.0,1.0,1.0,0.9069750569415548,1.0,1.0,1.0,1.0,0.9709297052942358
3234,f705ea7622e27d209,True,,,,,,,,,,0.0,1.0,1.0,1.0,0.37818297924179317,0.0,0.0,1.0,0.0,0.0
3235,a810d97362a0219ed,True,,,,,,,,,,1.0,1.0,1.0,1.0,0.8850395306902944,1.0,1.0,1.0,1.0,0.9640748533407171
3236,87e87ae4d5581f967,True,,,,,,,,,,1.0,1.0,1.0,1.0,0.23551027666267454,1.0,0.0,1.0,1.0,0.6360969614570858
3237,3c5a4ce4780db74b7,True,,,,,,,,,,1.0,1.0,1.0,1.0,0.9833386893961632,1.0,1.0,1.0,1.0,0.994793340436301
3238,b7e52abb299941045,True,,,,,,,,,,0.0,1.0,1.0,1.0,1.0,0.0,1.0,1.0,0.0,0.0
3239,54c064bb692276ac7,True,,,,,,,,,,1.0,1.0,1.0,1.0,1.0,0.0,0.0,1.0,0.0,0.4375
3240,8732dc54a30ca7f80,True,,,,,,,,,,0.0,1.0,0.5,1.0,1.0,0.0,1.0,1.0,0.0,0.0
3241,a9d7dd368b96f5f2d,True,,,,,,,,,,1.0,1.0,1.0,1.0,1.0,1.0,1.0,1.0,1.0,1.0
3242,69f612044609b63d1,True,,,,,,,,,,1.0,1.0,1.0,1.0,0.9001299574435468,1.0,1.0,1.0,1.0,0.9687906117011084
3243,a0ab616e5270b617a,True,,,,,,,,,,1.0,1.0,1.0,1.0,0.8446207351545867,1.0,0.0,1.0,1.0,0.8264439797358083
3244,6d0d47e6df17b8442,True,,,,,,,,,,1.0,1.0,1.0,1.0,0.8691758476206792,1.0,1.0,1.0,0.0,0.8341174523814623
3245,4733330ccf4a023b5,True,,,,,,,,,,1.0,1.0,1.0,1.0,0.6775343018094754,1.0,0.0,1.0,0.0,0.649229469315461
3246,900aad7dc85139b3e,True,,,,,,,,,,1.0,1.0,1.0,1.0,0.8181628553448658,1.0,0.0,1.0,1.0,0.8181758922952705
3247,d44eb346043c78d47,True,,,,,,,,,,1.0,0.0,0.0,1.0,1.0,1.0,0.0,1.0,1.0,0.0
3248,3b57dcdd08ad03a39,True,,,,,,,,,,1.0,1.0,1.0,1.0,0.4705011906887242,1.0,1.0,1.0,0.0,0.7095316220902264
3249,57b65fccc387a8607,True,,,,,,,,,,1.0,1.0,1.0,1.0,0.14480667638099956,1.0,1.0,1.0,1.0,0.7327520863690624
3250,51d3d62e78d712283,True,,,,,,,,,,1.0,1.0,1.0,1.0,0.7815113756519717,1.0,0.0,1.0,0.0,0.6817223048912412
3251,02a940e77418c19bc,True,,,,,,,,,,1.0,1.0,1.0,1.0,0.512983244906362,1.0,1.0,1.0,1.0,0.8478072640332381
3252,14fb3ae1207501c5b,True,,,,,,,,,,1.0,1.0,1.0,1.0,0.5922618202879367,1.0,1.0,1.0,1.0,0.8725818188399802
3253,b33c373192c8560d1,True,,,,,,,,,,1.0,1.0,1.0,1.0,0.7422805209218235,1.0,1.0,1.0,1.0,0.9194626627880699
3254,3c71818855c39904e,True,,,,,,,,,,1.0,1.0,1.0,1.0,1.0,1.0,0.0,1.0,1.0,0.875
3255,7e5bed686151e791e,True,,,,,,,,,,1.0,1.0,1.0,1.0,1.0,1.0,1.0,1.0,1.0,1.0
3256,ae591052e837d1674,True,,,,,,,,,,1.0,0.0,1.0,1.0,0.6736901735407166,1.0,1.0,1.0,0.0,0.0
3257,4fa2e904e6a4504ba,True,,,,,,,,,,1.0,0.0,0.5,1.0,1.0,1.0,0.0,1.0,1.0,0.0
3258,e1c118cf727cb2222,True,,,,,,,,,,1.0,1.0,1.0,1.0,0.6618245285232599,1.0,1.0,1.0,1.0,0.8943201651635188
3259,4ce9b6dc350d286df,True,,,,,,,,,,1.0,1.0,0.0,1.0,1.0,1.0,0.0,1.0,1.0,0.0
3260,7be779b9f100e6373,True,,,,,,,,,,1.0,1.0,1.0,1.0,1.0,1.0,1.0,1.0,1.0,1.0
3261,f185085421e3aa72f,True,,,,,,,,,,1.0,1.0,1.0,1.0,0.7384364786939791,1.0,1.0,1.0,0.0,0.7932613995918685
3262,7928a371230bc1be6,True,,,,,,,,,,1.0,1.0,1.0,1.0,1.0,1.0,1.0,1.0,0.0,0.875
3263,be32b597dc6df2a8a,True,,,,,,,,,,1.0,1.0,1.0,1.0,0.8453284443950139,1.0,0.0,1.0,1.0,0.8266651388734418
3264,cd294e9205c77defd,True,,,,,,,,,,1.0,1.0,1.0,1.0,0.743377833456532,1.0,0.0,1.0,1.0,0.7948055729551662
3265,da94e1252342dc8d8,True,,,,,,,,,,1.0,0.0,1.0,1.0,1.0,1.0,1.0,1.0,1.0,0.0
3266,102d7c98065905ad0,True,,,,,,,,,,1.0,1.0,0.0,1.0,1.0,1.0,0.0,0.0,1.0,0.0
3267,0950505e558866cf8,True,,,,,,,,,,1.0,1.0,1.0,1.0,0.8310406584858707,1.0,0.0,1.0,1.0,0.8222002057768346
3268,6755c5223bb08c967,True,,,,,,,,,,1.0,1.0,1.0,1.0,0.611067721462553,1.0,1.0,1.0,1.0,0.8784586629570478
3269,df00098f604a521a4,True,,,,,,,,,,1.0,1.0,1.0,1.0,0.4512093252194138,0.0,0.0,1.0,0.0,0.2660029141310668
3270,4f206a0dd84457b8a,True,,,,,,,,,,1.0,1.0,1.0,1.0,0.6449616400104324,1.0,1.0,1.0,1.0,0.8890505125032602
3271,49922a7c280248e59,True,,,,,,,,,,1.0,1.0,1.0,1.0,0.6108544980616548,1.0,1.0,1.0,0.0,0.7533920306442672
3272,4dcc314181f8e6c97,True,,,,,,,,,,1.0,1.0,1.0,1.0,0.45380458515861744,1.0,1.0,1.0,1.0,0.829313932862068
3273,6e10df391ad68426e,True,,,,,,,,,,1.0,1.0,1.0,1.0,1.0,1.0,1.0,1.0,1.0,1.0
3274,d99b9f48dac697bf1,True,,,,,,,,,,1.0,1.0,1.0,1.0,0.7960447587450854,1.0,0.0,0.0,0.0,0.5612639871078392
3275,10f68fec177e9b51c,True,,,,,,,,,,1.0,1.0,1.0,1.0,0.9747953149124846,1.0,1.0,1.0,1.0,0.9921235359101515
3276,c7f0d1c6de80f0c15,True,,,,,,,,,,1.0,1.0,1.0,1.0,0.28653942197415744,1.0,1.0,1.0,1.0,0.7770435693669242
3277,28e1ed77c94cf4d91,True,,,,,,,,,,1.0,1.0,1.0,1.0,0.7944259541932583,1.0,0.0,1.0,0.0,0.6857581106853932
3278,eb0047db76ca54d58,True,,,,,,,,,,1.0,1.0,1.0,1.0,0.6395017524091865,1.0,1.0,1.0,1.0,0.8873442976278708
3279,096330032f89cefb3,True,,,,,,,,,,1.0,1.0,1.0,1.0,0.633291011201981,1.0,1.0,1.0,1.0,0.8854034410006191
3280,8783df49ca89f8dd7,True,,,,,,,,,,1.0,0.0,0.0,1.0,1.0,1.0,0.0,1.0,0.0,0.0
3281,f3d58b82e93972910,True,,,,,,,,,,1.0,1.0,1.0,1.0,0.2854957997520299,1.0,1.0,1.0,1.0,0.7767174374225093
3282,56f5b7c7a036edaad,True,,,,,,,,,,1.0,1.0,1.0,1.0,0.3813307985958764,1.0,1.0,1.0,1.0,0.8066658745612114
3283,ef8b4c4b3e7ec1358,True,,,,,,,,,,1.0,1.0,1.0,1.0,0.7946342906753646,1.0,1.0,1.0,0.0,0.8108232158360514
3284,e4f6fd6cc0e09d70c,True,,,,,,,,,,1.0,1.0,1.0,1.0,1.0,1.0,1.0,1.0,0.0,0.875
3285,72f8e30d5fbc3839a,True,,,,,,,,,,1.0,0.0,1.0,1.0,1.0,1.0,0.0,1.0,1.0,0.0
3286,270e95b1d769b87a0,True,,,,,,,,,,0.0,0.0,1.0,1.0,1.0,0.0,1.0,1.0,0.0,0.0
3287,3b82c1b1ab67f0c9a,True,,,,,,,,,,1.0,0.0,1.0,1.0,0.40306814072580954,1.0,0.0,1.0,0.0,0.0
3288,09175d9fa6fa3c5c2,True,,,,,,,,,,1.0,0.0,1.0,1.0,0.5770505497553678,1.0,0.0,1.0,1.0,0.0
3289,9506188a844465e23,True,,,,,,,,,,1.0,1.0,1.0,1.0,0.816039848775756,1.0,0.0,1.0,1.0,0.8175124527424238
3290,dd8018127da6cb6ad,True,,,,,,,,,,1.0,1.0,1.0,1.0,0.5163140957872807,1.0,1.0,1.0,1.0,0.8488481549335252
3291,bf348ece26ab3f920,True,,,,,,,,,,0.0,0.0,1.0,1.0,1.0,0.0,0.0,1.0,0.0,0.0
3292,c3a31672b53c086c7,True,,,,,,,,,,1.0,1.0,1.0,1.0,0.5056990716276425,1.0,0.0,1.0,1.0,0.7205309598836382
3293,add057f5877074b22,True,,,,,,,,,,1.0,1.0,1.0,1.0,1.0,1.0,0.0,1.0,1.0,0.875
3294,4fa35324bdae11dda,True,,,,,,,,,,1.0,0.0,0.5,1.0,1.0,1.0,1.0,1.0,0.0,0.0
3295,33def08f34be607b9,True,,,,,,,,,,1.0,0.0,1.0,1.0,1.0,1.0,1.0,1.0,1.0,0.0
3296,89b122a0c34e4ff5b,True,,,,,,,,,,1.0,1.0,1.0,1.0,0.5449479856351237,0.0,0.0,1.0,0.0,0.29529624551097616
3297,dcb9f36fff6b09354,True,,,,,,,,,,1.0,1.0,1.0,1.0,0.8481995994263095,1.0,0.0,1.0,0.0,0.7025623748207217
3298,195adbb128cbfeea4,True,,,,,,,,,,1.0,1.0,1.0,1.0,1.0,1.0,0.0,1.0,0.0,0.75
3299,b4a96aa4d4b538e2a,True,,,,,,,,,,1.0,1.0,0.0,1.0,1.0,1.0,0.0,1.0,1.0,0.0
3300,733f274e5e937aae5,True,,,,,,,,,,0.0,1.0,0.5,1.0,1.0,0.0,0.0,1.0,1.0,0.0
3301,f594bad990074c0ce,True,,,,,,,,,,1.0,1.0,1.0,1.0,1.0,1.0,0.0,1.0,0.0,0.75
3302,a3ef9e8575b866d50,True,,,,,,,,,,1.0,1.0,1.0,1.0,1.0,1.0,1.0,1.0,1.0,1.0
3303,6dfd14bd1bef71d80,True,,,,,,,,,,1.0,1.0,1.0,1.0,0.801190402409638,1.0,0.0,1.0,1.0,0.8128720007530119
3304,ccafa2d23a6f3f8b5,True,,,,,,,,,,1.0,1.0,1.0,1.0,0.28430444228495927,1.0,0.0,1.0,1.0,0.6513451382140498
3305,e035483e2731dcf6b,True,,,,,,,,,,1.0,0.0,1.0,1.0,1.0,1.0,1.0,1.0,1.0,0.0
3306,40f4ad799feb54f82,True,,,,,,,,,,1.0,1.0,1.0,0.0,1.0,1.0,1.0,1.0,0.0,0.0
3307,4954200b641849a4c,True,,,,,,,,,,1.0,1.0,1.0,1.0,0.513611293435298,1.0,0.0,1.0,1.0,0.7230035291985306
3308,18ab088dbc07aa471,True,,,,,,,,,,1.0,0.0,1.0,1.0,0.38793547362374026,1.0,1.0,1.0,0.0,0.0
3309,a1467b53499fa05f6,True,,,,,,,,,,1.0,0.0,1.0,1.0,1.0,1.0,0.0,1.0,0.0,0.0
3310,7570ff2ee6471c7cc,True,,,,,,,,,,1.0,1.0,1.0,1.0,0.4898656774983309,1.0,0.0,1.0,1.0,0.7155830242182284
3311,0976a098312b0ead1,True,,,,,,,,,,1.0,0.0,0.0,1.0,1.0,1.0,1.0,1.0,1.0,0.0
3312,153383cdbca3694c0,True,,,,,,,,,,1.0,0.0,1.0,1.0,0.4149007906239061,1.0,1.0,1.0,1.0,0.0
3313,80b51199c992e8e79,True,,,,,,,,,,1.0,0.0,1.0,1.0,0.7850495769012928,1.0,1.0,1.0,0.0,0.0
3314,903d42d3fe50f5b3b,True,,,,,,,,,,1.0,1.0,1.0,1.0,0.7451562266251363,1.0,1.0,1.0,0.0,0.795361320820355
3315,93c5dce231ad8a838,True,,,,,,,,,,1.0,1.0,1.0,1.0,0.9409869999824074,1.0,1.0,1.0,0.0,0.8565584374945023
3316,9f676ba5230d2ce0f,True,,,,,,,,,,1.0,1.0,1.0,1.0,1.0,1.0,1.0,1.0,1.0,1.0
3317,86dc24585f29d4c87,True,,,,,,,,,,0.0,0.0,0.0,1.0,0.9253207354377547,0.0,1.0,1.0,0.0,0.0
3318,ecb3b9f1238edf126,True,,,,,,,,,,1.0,0.0,1.0,1.0,0.9703769771107142,1.0,1.0,1.0,1.0,0.0
3319,2b500351ad1eb0fc8,True,,,,,,,,,,1.0,1.0,1.0,1.0,0.5642789501157143,1.0,1.0,1.0,0.0,0.7388371719111607
3320,903b3cc014d45619e,True,,,,,,,,,,1.0,1.0,1.0,1.0,1.0,1.0,0.0,1.0,0.0,0.75
3321,23b5ec16bb6ad0b92,True,,,,,,,,,,1.0,1.0,1.0,1.0,0.989747841217351,1.0,1.0,1.0,0.0,0.8717962003804223
3322,98fc31c7de325cbf0,True,,,,,,,,,,1.0,1.0,1.0,1.0,0.726548422679168,1.0,1.0,1.0,1.0,0.9145463820872399
3323,0883e274dffb8a761,True,,,,,,,,,,1.0,0.0,1.0,1.0,1.0,1.0,1.0,1.0,1.0,0.0
3324,77bdbbf59381ce4d3,True,,,,,,,,,,1.0,1.0,1.0,1.0,0.3071190253173319,1.0,0.0,1.0,0.0,0.5334746954116663
3325,08888312c5d67618e,True,,,,,,,,,,1.0,1.0,1.0,1.0,1.0,1.0,0.0,1.0,1.0,0.875
3326,4222a702d3e9ef7bb,True,,,,,,,,,,1.0,1.0,1.0,1.0,1.0,1.0,0.0,1.0,1.0,0.875
3327,7431e431b6e352571,True,,,,,,,,,,1.0,1.0,1.0,1.0,1.0,1.0,0.0,1.0,1.0,0.875
3328,1e6601c658eba890a,True,,,,,,,,,,1.0,1.0,1.0,1.0,0.5102459908863692,1.0,1.0,1.0,1.0,0.8469518721519904
3329,886484d2bedf04b15,True,,,,,,,,,,1.0,1.0,1.0,1.0,0.4364095931971351,1.0,1.0,1.0,1.0,0.8238779978741048
3330,d0a4601b1148fbc50,True,,,,,,,,,,1.0,1.0,1.0,1.0,0.6470158747995276,1.0,1.0,1.0,1.0,0.8896924608748524
3331,e0a8201279694e092,True,,,,,,,,,,0.0,1.0,1.0,1.0,1.0,0.0,1.0,1.0,0.0,0.0
3332,4f7f3184912163792,True,,,,,,,,,,1.0,1.0,1.0,1.0,0.9091401010813024,1.0,0.0,1.0,0.0,0.721606281587907
3333,daae79609618606ae,True,,,,,,,,,,1.0,1.0,1.0,1.0,1.0,1.0,0.0,1.0,0.0,0.75
3334,6e1ecc74646f12ab1,True,,,,,,,,,,1.0,1.0,0.0,1.0,1.0,1.0,0.0,1.0,1.0,0.0
3335,b58b6d88823cf8754,True,,,,,,,,,,0.0,1.0,1.0,1.0,1.0,0.0,0.0,1.0,1.0,0.0
3336,02d32235a5a1497cc,True,,,,,,,,,,1.0,1.0,0.5,1.0,0.5695111379526475,1.0,0.0,1.0,0.0,0.30773611530510114
3337,ccb673fb277fc767d,True,,,,,,,,,,1.0,1.0,1.0,1.0,1.0,1.0,1.0,1.0,1.0,1.0
3338,c7f9e3c05b67e2257,True,,,,,,,,,,1.0,1.0,1.0,1.0,0.9347841603686426,1.0,0.0,1.0,1.0,0.8546200501152008
3339,5fb47f166e5559387,True,,,,,,,,,,1.0,1.0,1.0,1.0,1.0,1.0,0.0,1.0,0.0,0.75
3340,a97b99ff7fc06eb65,True,,,,,,,,,,1.0,1.0,1.0,1.0,0.3885383109711741,1.0,1.0,1.0,0.0,0.6839182221784919
3341,cc641ddb31703cb06,True,,,,,,,,,,1.0,1.0,1.0,1.0,0.9569094795208458,1.0,0.0,1.0,1.0,0.8615342123502643
3342,d70caeb8eb50fae31,True,,,,,,,,,,1.0,1.0,1.0,1.0,0.6340419486476571,1.0,0.0,1.0,0.0,0.6356381089523928
3343,7e105472ccbc51b6a,True,,,,,,,,,,0.0,1.0,1.0,1.0,1.0,0.0,0.0,1.0,0.0,0.0
3344,deaaf2b39c8541966,True,,,,,,,,,,1.0,0.0,1.0,1.0,0.23466441015969705,1.0,0.0,1.0,1.0,0.0
3345,6993cc3dbf9cc86cf,True,,,,,,,,,,0.0,0.0,1.0,1.0,1.0,0.0,1.0,1.0,0.0,0.0
3346,ee668b68ca31e7f56,True,,,,,,,,,,1.0,1.0,0.0,1.0,1.0,1.0,0.0,1.0,1.0,0.0
3347,580ccf6399ed92f1c,True,,,,,,,,,,1.0,1.0,1.0,1.0,1.0,1.0,1.0,1.0,1.0,1.0
3348,a2ebc2aec41ccbb33,True,,,,,,,,,,1.0,1.0,1.0,1.0,0.3942175617932146,1.0,1.0,1.0,1.0,0.8106929880603796
3349,0a7f7df8603204c57,True,,,,,,,,,,1.0,1.0,1.0,1.0,0.9435034016658246,1.0,1.0,1.0,1.0,0.9823448130205702
3350,4088cfb3d342b234d,True,,,,,,,,,,1.0,0.0,0.5,1.0,1.0,1.0,0.0,1.0,0.0,0.0
3351,9feb421ac284e987e,True,,,,,,,,,,1.0,1.0,1.0,1.0,0.5887431528264061,1.0,1.0,1.0,0.0,0.7464822352582519
3352,9c7d353e930a79a97,True,,,,,,,,,,1.0,1.0,0.5,1.0,0.6605821499677825,1.0,0.0,1.0,0.0,0.321965960932466
3353,eb818e242c63c7f20,True,,,,,,,,,,1.0,1.0,1.0,1.0,0.7548020865805152,1.0,1.0,1.0,0.0,0.7983756520564109
3354,1549d79fb52ee0d4d,True,,,,,,,,,,1.0,1.0,1.0,1.0,0.36618113456108503,1.0,1.0,1.0,1.0,0.8019316045503391
3355,b928ef9aeaf66b2ad,True,,,,,,,,,,0.0,1.0,1.0,1.0,1.0,0.0,0.0,1.0,1.0,0.0
3356,7b24f810cbd1a8c5a,True,,,,,,,,,,1.0,1.0,1.0,1.0,1.0,1.0,0.0,1.0,1.0,0.875
3357,1f91f3523e536e074,True,,,,,,,,,,1.0,1.0,1.0,1.0,0.9380429930707002,1.0,0.0,1.0,1.0,0.8556384353345938
3358,65d00ea9b07494406,True,,,,,,,,,,1.0,0.0,1.0,1.0,1.0,1.0,1.0,1.0,1.0,0.0
3359,97e30986c37339a1b,True,,,,,,,,,,1.0,1.0,1.0,1.0,0.9267747037483254,1.0,1.0,1.0,1.0,0.9771170949213517
3360,8aea1806b6e406159,True,,,,,,,,,,1.0,1.0,1.0,1.0,0.7687589163626304,1.0,1.0,1.0,1.0,0.927737161363322
3361,56acd80cef7047ce3,True,,,,,,,,,,1.0,0.0,1.0,1.0,1.0,1.0,1.0,1.0,0.0,0.0
3362,2d812dd423748572d,True,,,,,,,,,,1.0,1.0,1.0,1.0,0.495251806053157,1.0,0.0,1.0,1.0,0.7172661893916116
3363,d760fd5131cb248fc,True,,,,,,,,,,1.0,1.0,1.0,1.0,0.7727318191857314,1.0,1.0,1.0,1.0,0.9289786934955411
3364,eb6640d34db9e73af,True,,,,,,,,,,1.0,1.0,1.0,1.0,0.23539685786767414,1.0,1.0,1.0,1.0,0.7610615180836482
3365,8162ca210af0620b8,True,,,,,,,,,,1.0,0.0,0.0,1.0,0.8260691012974455,1.0,0.0,1.0,0.0,0.0
3366,8257b0ad7e1b11a15,True,,,,,,,,,,1.0,1.0,1.0,1.0,0.8157061207642862,1.0,1.0,1.0,1.0,0.9424081627388394
3367,6facf1979a5a3837b,True,,,,,,,,,,0.0,1.0,1.0,1.0,1.0,0.0,1.0,1.0,1.0,0.0
3368,aaa2921db2669810d,True,,,,,,,,,,1.0,1.0,1.0,1.0,0.7899378277502068,1.0,1.0,1.0,0.0,0.8093555711719396
3369,5b460729c6e5e42fd,True,,,,,,,,,,1.0,1.0,1.0,1.0,0.5066639082688185,1.0,1.0,1.0,1.0,0.8458324713340057
3370,45f0a34210cea5243,True,,,,,,,,,,1.0,1.0,1.0,1.0,0.6918278363260862,1.0,1.0,1.0,0.0,0.7786961988519019
3371,04de9b2eef6b71d6c,True,,,,,,,,,,1.0,1.0,1.0,1.0,0.888380242722123,1.0,0.0,1.0,0.0,0.7151188258506634
3372,13a793ea62b767a28,True,,,,,,,,,,1.0,1.0,1.0,1.0,0.8505797550741123,1.0,1.0,1.0,0.0,0.82830617346066
3373,10935babd12d37a58,True,,,,,,,,,,1.0,1.0,1.0,1.0,0.588644824514376,1.0,0.0,1.0,1.0,0.7464515076607425
3374,d20185ecb7a02769a,True,,,,,,,,,,1.0,1.0,1.0,1.0,0.7143425181178356,1.0,1.0,1.0,1.0,0.9107320369118236
3375,f1e38b58130384157,True,,,,,,,,,,1.0,1.0,1.0,1.0,0.6166625527637041,1.0,0.0,1.0,0.0,0.6302070477386575
3376,0589a66493d098e9d,True,,,,,,,,,,1.0,1.0,1.0,1.0,0.7191570845974421,1.0,1.0,1.0,1.0,0.9122365889367007
3377,321422cad3f85a6a3,True,,,,,,,,,,0.0,1.0,0.0,1.0,1.0,0.0,0.0,1.0,0.0,0.0
3378,9de9e57115e5b4d5b,True,,,,,,,,,,1.0,1.0,1.0,1.0,0.6349246086819891,1.0,0.0,1.0,0.0,0.6359139402131215
3379,b23bdeea5132cf7af,True,,,,,,,,,,1.0,1.0,1.0,1.0,0.7478587622194202,1.0,1.0,1.0,0.0,0.7962058631935688
3380,7427abf44bb60ffa4,True,,,,,,,,,,1.0,0.0,1.0,1.0,0.5808259601974397,1.0,0.0,1.0,1.0,0.0
3381,fbf4ec49ea2272ba1,True,,,,,,,,,,1.0,1.0,1.0,1.0,0.4346709040123525,1.0,0.0,1.0,1.0,0.6983346575038601
3382,33d8d746c34cd7fc0,True,,,,,,,,,,1.0,1.0,1.0,1.0,0.5375200446688301,0.0,1.0,1.0,1.0,0.5429750139590094
3383,a04d1509b1d00db31,True,,,,,,,,,,1.0,1.0,1.0,1.0,1.0,1.0,1.0,1.0,1.0,1.0
3384,29e70aa1afb308764,True,,,,,,,,,,0.0,1.0,1.0,1.0,1.0,0.0,1.0,1.0,0.0,0.0
3385,79d6ba3b0e13a7f66,True,,,,,,,,,,1.0,1.0,1.0,1.0,0.6374896926606409,1.0,1.0,1.0,1.0,0.8867155289564503
3386,bfee1080de1fa0853,True,,,,,,,,,,1.0,1.0,1.0,1.0,1.0,1.0,0.0,1.0,1.0,0.875
3387,07bad7098a8e98783,True,,,,,,,,,,0.0,1.0,1.0,1.0,1.0,0.0,1.0,1.0,1.0,0.0
3388,82b54bb048c67baba,True,,,,,,,,,,1.0,1.0,1.0,1.0,0.18321715671069605,1.0,0.0,1.0,1.0,0.6197553614720925
3389,34096e25c51fff4b8,True,,,,,,,,,,0.0,0.0,1.0,1.0,0.9364786936295629,0.0,0.0,1.0,0.0,0.0
3390,2611c3a201b36f3af,True,,,,,,,,,,1.0,1.0,1.0,1.0,0.9238719251214594,1.0,1.0,1.0,0.0,0.851209976600456
3391,4c8f99b2e4efaa034,True,,,,,,,,,,1.0,1.0,1.0,1.0,0.9599878838279654,1.0,0.0,1.0,0.0,0.7374962136962392
3392,03777a197c96bea9d,True,,,,,,,,,,1.0,1.0,1.0,1.0,0.7736443803108396,1.0,1.0,1.0,0.0,0.8042638688471374
3393,dea13a804cc9407af,True,,,,,,,,,,1.0,1.0,1.0,1.0,0.40253120298190026,1.0,1.0,1.0,1.0,0.8132910009318438
3394,4683eec43a1454ea9,True,,,,,,,,,,1.0,1.0,1.0,1.0,0.7607492158203354,1.0,0.0,1.0,1.0,0.8002341299438548
3395,4cf1e96869318f4da,True,,,,,,,,,,1.0,0.0,1.0,1.0,1.0,1.0,1.0,1.0,0.0,0.0
3396,35fc09471c163fd84,True,,,,,,,,,,1.0,1.0,1.0,1.0,0.4324734310577739,1.0,1.0,1.0,1.0,0.8226479472055543
3397,a299bacf7699bbf82,True,,,,,,,,,,1.0,1.0,1.0,1.0,0.5324385668229618,1.0,1.0,1.0,0.0,0.7288870521321755
3398,d55cfce0d6370e76b,True,,,,,,,,,,1.0,1.0,1.0,1.0,0.8580552753032,1.0,0.0,1.0,1.0,0.8306422735322501
3399,fe6eb7191dafdb638,True,,,,,,,,,,1.0,1.0,1.0,1.0,1.0,1.0,0.0,1.0,0.0,0.75
3400,6ba2025a22f212a94,True,,,,,,,,,,1.0,0.0,1.0,1.0,0.364126106566442,1.0,1.0,1.0,0.0,0.0
3401,e26b9a326897c57c3,True,,,,,,,,,,1.0,1.0,1.0,1.0,0.2559827991758083,1.0,0.0,1.0,0.0,0.5174946247424401
3402,110d0d3e6fdd95bda,True,,,,,,,,,,1.0,1.0,1.0,1.0,1.0,0.0,0.0,1.0,1.0,0.5625
3403,96cf7424a206ab31f,True,,,,,,,,,,0.0,1.0,1.0,1.0,0.7243128980870862,0.0,1.0,1.0,1.0,0.0
3404,fcc569fe0c7aef6a1,True,,,,,,,,,,1.0,0.0,1.0,1.0,1.0,1.0,0.0,1.0,1.0,0.0
3405,2fb3e2d50e23c577b,True,,,,,,,,,,1.0,1.0,1.0,1.0,0.6624091277382632,1.0,0.0,1.0,0.0,0.6445028524182073
3406,c1db792a77989232e,True,,,,,,,,,,1.0,1.0,1.0,1.0,0.0910605786979541,1.0,0.0,1.0,1.0,0.5909564308431107
3407,439df93c525a5e285,True,,,,,,,,,,1.0,1.0,1.0,1.0,1.0,1.0,1.0,1.0,1.0,1.0
3408,a7f6db3ebc16e5c7c,True,,,,,,,,,,1.0,1.0,1.0,1.0,0.9439830362072407,1.0,1.0,1.0,0.0,0.8574946988147627
3409,a3a4072d8e5ed009f,True,,,,,,,,,,1.0,1.0,1.0,1.0,0.7596855314240945,1.0,0.0,1.0,0.0,0.6749017285700295
3410,a677f3956eddc7eac,True,,,,,,,,,,1.0,1.0,0.0,1.0,0.7991329548259852,1.0,0.0,1.0,0.0,0.0
3411,c193d278e26794340,True,,,,,,,,,,1.0,1.0,1.0,1.0,0.8265740367720942,1.0,0.0,1.0,1.0,0.8208043864912794
3412,9a7779cf31f38e961,True,,,,,,,,,,1.0,1.0,0.0,1.0,0.7652304188514762,1.0,1.0,1.0,0.0,0.0
3413,0fa05fe58f28e1239,True,,,,,,,,,,1.0,1.0,1.0,1.0,0.6068839251652469,1.0,1.0,1.0,1.0,0.8771512266141397
3414,0c57f2adbbbdf0401,True,,,,,,,,,,0.0,1.0,1.0,1.0,1.0,0.0,0.0,1.0,0.0,0.0
3415,b5dd0e82552c5ca8c,True,,,,,,,,,,1.0,1.0,0.5,1.0,0.7714627704793378,1.0,1.0,1.0,0.0,0.40179105788739655
3416,6787e9f15b62de1b8,True,,,,,,,,,,0.5,1.0,1.0,0.0,1.0,0.0,1.0,1.0,1.0,0.0
3417,fb2b568b2a055b83c,True,,,,,,,,,,1.0,1.0,1.0,1.0,0.3595627362735766,1.0,0.0,1.0,0.0,0.5498633550854927
3418,0ab5cb8557d3b269d,True,,,,,,,,,,1.0,1.0,0.5,1.0,1.0,1.0,1.0,1.0,1.0,0.5
3419,c5e30f61f4d10eee2,True,,,,,,,,,,1.0,1.0,1.0,1.0,0.2626741625705287,1.0,1.0,1.0,1.0,0.7695856758032902
3420,f785ce4a119cc22a1,True,,,,,,,,,,0.5,1.0,1.0,1.0,1.0,0.0,0.0,1.0,1.0,0.28125
3421,f11206119e3dafe73,True,,,,,,,,,,1.0,1.0,1.0,1.0,0.9125006448714966,1.0,0.0,1.0,1.0,0.8476564515223427
3422,ab09d2e92f141236c,True,,,,,,,,,,0.0,1.0,0.0,1.0,1.0,0.0,0.0,1.0,1.0,0.0
3423,14afd0e1ef0d94d4d,True,,,,,,,,,,1.0,1.0,1.0,1.0,0.7703121394080431,1.0,1.0,1.0,0.0,0.8032225435650134
3424,818f9becc81f0e975,True,,,,,,,,,,1.0,1.0,0.0,1.0,0.8350629970819523,0.0,0.0,0.0,0.0,0.0
3425,9b28f2e81fd405453,True,,,,,,,,,,1.0,1.0,1.0,1.0,0.4050692590712792,1.0,1.0,1.0,1.0,0.8140841434597748
3426,ab0eca9405de9696c,True,,,,,,,,,,1.0,0.0,1.0,1.0,0.7922876929069024,1.0,1.0,1.0,0.0,0.0
3427,654d6d6e5212f40da,True,,,,,,,,,,1.0,1.0,1.0,1.0,1.0,1.0,1.0,1.0,0.0,0.875
3428,5a0a989dc5a853c97,True,,,,,,,,,,1.0,1.0,1.0,1.0,0.6131873614723686,1.0,0.0,1.0,1.0,0.7541210504601152
3429,71f3d5ae763258af7,True,,,,,,,,,,1.0,0.0,1.0,1.0,1.0,1.0,0.0,1.0,0.0,0.0
3430,14a818e9a0e3772dd,True,,,,,,,,,,1.0,1.0,0.0,1.0,0.9573043055133219,1.0,0.0,1.0,1.0,0.0
3431,e472efc62c061addf,True,,,,,,,,,,1.0,0.0,1.0,1.0,0.3982421672648304,1.0,1.0,1.0,1.0,0.0
3432,9862cd6616f18a7ed,True,,,,,,,,,,1.0,1.0,1.0,1.0,0.30280466712646964,1.0,1.0,1.0,1.0,0.7821264584770218
3433,9823414897079697b,True,,,,,,,,,,1.0,1.0,1.0,1.0,0.6195158482472156,1.0,0.0,1.0,1.0,0.7560987025772549
3434,ef019ffb0a16f5e9f,True,,,,,,,,,,1.0,0.0,0.0,1.0,0.6537018088623898,0.0,1.0,1.0,0.0,0.0
3435,9a1d8c48d604f6c79,True,,,,,,,,,,1.0,1.0,1.0,1.0,0.8318201144854334,1.0,1.0,1.0,1.0,0.947443785776698
3436,16d22cc23e0b4cce8,True,,,,,,,,,,0.0,0.0,1.0,1.0,1.0,0.0,0.0,0.0,0.0,0.0
3437,6e4ce2f0d18b57fb3,True,,,,,,,,,,1.0,1.0,1.0,1.0,0.6923360838166486,1.0,1.0,1.0,0.0,0.7788550261927027
3438,041ef3b3c078e7cea,True,,,,,,,,,,0.0,1.0,1.0,1.0,0.8604399267131582,0.0,0.0,1.0,1.0,0.0
3439,a283fdc5a4a1cd3b0,True,,,,,,,,,,1.0,1.0,0.0,1.0,0.7485773106444163,1.0,0.0,1.0,1.0,0.0
3440,d16ba8a46fd2ff788,True,,,,,,,,,,1.0,1.0,1.0,1.0,0.5756625748510704,1.0,1.0,1.0,1.0,0.8673945546409595
3441,899e078cab5924628,True,,,,,,,,,,1.0,1.0,0.0,1.0,1.0,1.0,0.0,1.0,0.0,0.0
3442,9e2bf4fef7c5a70f5,True,,,,,,,,,,0.0,1.0,1.0,1.0,0.48160479436102255,0.0,0.0,1.0,0.0,0.0
3443,fafc51e87167a3031,True,,,,,,,,,,1.0,1.0,1.0,1.0,0.9209725220198721,1.0,1.0,1.0,0.0,0.85030391313121
3444,3b60c8877787da3e0,True,,,,,,,,,,1.0,0.0,1.0,1.0,1.0,1.0,1.0,1.0,1.0,0.0
3445,5b77cb58dfa1f5823,True,,,,,,,,,,1.0,1.0,0.0,1.0,1.0,1.0,0.0,1.0,1.0,0.0
3446,e544f94267510bde0,True,,,,,,,,,,1.0,0.0,1.0,1.0,1.0,1.0,0.0,1.0,0.0,0.0
3447,d7806477ce81cf2b8,True,,,,,,,,,,1.0,1.0,1.0,1.0,0.3058537688297867,1.0,1.0,1.0,1.0,0.7830793027593084
3448,63a044757376360cc,True,,,,,,,,,,1.0,1.0,1.0,1.0,0.8937502658061741,1.0,1.0,0.0,0.0,0.7167969580644293
3449,9c40a73dcfa534ce7,True,,,,,,,,,,1.0,1.0,1.0,1.0,0.8588757406251191,1.0,1.0,1.0,1.0,0.9558986689453497
3450,ba1d4ee6517641b7b,True,,,,,,,,,,1.0,1.0,1.0,1.0,1.0,1.0,0.0,1.0,1.0,0.875
3451,7f520a3f0158554b6,True,,,,,,,,,,1.0,1.0,1.0,1.0,0.8877832181044992,0.0,1.0,1.0,0.0,0.5274322556576561
3452,8999dafaeeabb1612,True,,,,,,,,,,0.0,1.0,1.0,1.0,1.0,0.0,0.0,1.0,0.0,0.0
3453,2114731f5f6cae12c,True,,,,,,,,,,1.0,1.0,1.0,1.0,0.5100190343986107,1.0,0.0,1.0,1.0,0.7218809482495658
3454,566746c1b29ff6a10,True,,,,,,,,,,1.0,1.0,1.0,1.0,0.6718795999722528,1.0,1.0,1.0,0.0,0.772462374991329
3455,60bb87853fd5997e5,True,,,,,,,,,,1.0,1.0,1.0,1.0,0.41394702635374625,1.0,1.0,1.0,1.0,0.8168584457355457
3456,245fb14bb8a926556,True,,,,,,,,,,1.0,0.0,1.0,1.0,0.800116706612104,1.0,1.0,1.0,1.0,0.0
3457,cc9e04e3c4887f26c,True,,,,,,,,,,1.0,0.0,1.0,1.0,0.7597597864109934,1.0,1.0,1.0,1.0,0.0
3458,860bdda18ca280ead,True,,,,,,,,,,1.0,0.0,1.0,1.0,1.0,1.0,0.0,1.0,0.0,0.0
3459,f13bedf0787265ff4,True,,,,,,,,,,1.0,1.0,1.0,1.0,0.9349944944381045,1.0,0.0,1.0,1.0,0.8546857795119076
3460,b5c727c3b2286dfc5,True,,,,,,,,,,1.0,1.0,1.0,1.0,0.540659759043871,1.0,1.0,0.0,1.0,0.7314561747012097
3461,0e21f086c18f3949c,True,,,,,,,,,,1.0,1.0,1.0,1.0,0.8675821615973901,1.0,1.0,1.0,0.0,0.8336194254991844
3462,7206aa9198632886d,True,,,,,,,,,,1.0,1.0,1.0,1.0,0.29835852981895866,1.0,0.0,1.0,0.0,0.5307370405684246
3463,6564712a0860d6518,True,,,,,,,,,,0.0,1.0,1.0,1.0,0.1927197899504175,0.0,0.0,1.0,1.0,0.0
3464,71825455da2cde07d,True,,,,,,,,,,1.0,0.0,1.0,1.0,0.6244836404369412,1.0,1.0,1.0,0.0,0.0
3465,50ca93bd394c4a025,True,,,,,,,,,,1.0,1.0,1.0,1.0,1.0,1.0,1.0,1.0,1.0,1.0
3466,43e9554b328e8aa7f,True,,,,,,,,,,1.0,1.0,1.0,1.0,0.7313652941542532,1.0,0.0,1.0,1.0,0.7910516544232041
3467,2efb8ce9a842354c8,True,,,,,,,,,,1.0,0.0,1.0,1.0,0.7311150365689416,1.0,1.0,1.0,1.0,0.0
3468,2a32769c4b35a8c07,True,,,,,,,,,,1.0,1.0,1.0,1.0,0.4488674256298679,1.0,1.0,1.0,0.0,0.7027710705093337
3469,2b91925294ab78999,True,,,,,,,,,,0.0,0.0,1.0,1.0,1.0,0.0,0.0,1.0,0.0,0.0
3470,23d3b2f93978ceabf,True,,,,,,,,,,1.0,1.0,1.0,1.0,0.49942868993734574,1.0,0.0,1.0,1.0,0.7185714656054205
3471,4a53fe73af8c37bee,True,,,,,,,,,,1.0,1.0,1.0,1.0,0.5101025674335907,1.0,0.0,1.0,1.0,0.7219070523229971
3472,31df3ebdb68bf83fe,True,,,,,,,,,,0.0,1.0,1.0,1.0,1.0,0.0,1.0,1.0,1.0,0.0
3473,b7f7527c14d0de1ef,True,,,,,,,,,,1.0,1.0,0.0,1.0,1.0,1.0,0.0,1.0,1.0,0.0
3474,73b46033e2af4eb96,True,,,,,,,,,,1.0,1.0,1.0,1.0,0.7677350655566754,1.0,0.0,1.0,0.0,0.6774172079864611
3475,dbc538d7bed435cad,True,,,,,,,,,,1.0,1.0,1.0,1.0,1.0,1.0,1.0,1.0,1.0,1.0
3476,7098c40dee5929017,True,,,,,,,,,,0.0,1.0,0.0,1.0,1.0,0.0,0.0,1.0,1.0,0.0
3477,918a0960b5cef7615,True,,,,,,,,,,1.0,1.0,1.0,1.0,0.630917788874795,1.0,1.0,1.0,0.0,0.7596618090233734
3478,d24b5a7c9247ecd43,True,,,,,,,,,,1.0,1.0,1.0,1.0,0.24117879471672712,1.0,1.0,1.0,1.0,0.7628683733489772
3479,7133408c5a1a6f3bf,True,,,,,,,,,,1.0,1.0,1.0,1.0,0.735912451087683,1.0,1.0,1.0,0.0,0.792472640964901
3480,b64ff461b41b49e3c,True,,,,,,,,,,1.0,1.0,0.5,1.0,0.4104000653315177,1.0,0.0,1.0,1.0,0.3453750102080496
3481,1189a6ada09f1958a,True,,,,,,,,,,1.0,1.0,1.0,1.0,1.0,1.0,1.0,1.0,1.0,1.0
3482,266ccdfd658c4fe17,True,,,,,,,,,,0.0,1.0,1.0,1.0,1.0,0.0,0.0,1.0,1.0,0.0
3483,281e89e3d9a31b9b6,True,,,,,,,,,,1.0,1.0,1.0,1.0,0.8365873166920373,1.0,1.0,1.0,1.0,0.9489335364662617
3484,c8f09b5608e102dfb,True,,,,,,,,,,0.0,1.0,1.0,1.0,1.0,0.0,1.0,1.0,0.0,0.0
3485,8f3dd68f4334d028e,True,,,,,,,,,,1.0,1.0,1.0,1.0,0.7346025217172572,1.0,0.0,1.0,1.0,0.7920632880366428
3486,4c3e13d3975af4927,True,,,,,,,,,,1.0,1.0,1.0,1.0,0.8480306932099456,1.0,1.0,1.0,1.0,0.952509591628108
3487,e71523844476db4f4,True,,,,,,,,,,1.0,1.0,1.0,1.0,0.8683619439184413,1.0,0.0,1.0,0.0,0.7088631074745129
3488,ec57bab7a9c75c4d0,True,,,,,,,,,,1.0,1.0,0.0,1.0,1.0,1.0,0.0,1.0,0.0,0.0
3489,d617dbbef56f36875,True,,,,,,,,,,1.0,1.0,1.0,1.0,0.7113426823943628,1.0,0.0,1.0,1.0,0.7847945882482383
3490,f76b309e043384dcf,True,,,,,,,,,,1.0,1.0,0.0,1.0,0.8565582239072461,1.0,0.0,1.0,0.0,0.0
3491,4eb8b4fdc3085e121,True,,,,,,,,,,1.0,1.0,1.0,1.0,1.0,1.0,1.0,1.0,1.0,1.0
3492,530edf0e35aa025b6,True,,,,,,,,,,0.5,1.0,1.0,1.0,1.0,0.0,1.0,1.0,1.0,0.34375
3493,52c153c82d99556d6,True,,,,,,,,,,1.0,0.0,0.0,1.0,1.0,1.0,0.0,1.0,0.0,0.0
3494,2833f76e80e4d4998,True,,,,,,,,,,1.0,1.0,1.0,1.0,0.7398939102161839,1.0,1.0,1.0,1.0,0.9187168469425575
3495,2d176dbb12e40c2aa,True,,,,,,,,,,0.0,1.0,1.0,1.0,1.0,0.0,0.0,1.0,0.0,0.0
3496,4f8dbc02e3dd5b958,True,,,,,,,,,,0.0,1.0,1.0,1.0,1.0,0.0,1.0,1.0,0.0,0.0
3497,d790b694cb899e145,True,,,,,,,,,,1.0,1.0,1.0,1.0,0.7867692825833189,1.0,1.0,1.0,1.0,0.9333654008072871
3498,913e360242a39e667,True,,,,,,,,,,1.0,1.0,1.0,1.0,0.6982136080506517,1.0,1.0,1.0,1.0,0.9056917525158287
3499,7447fa48c5294d130,True,,,,,,,,,,1.0,0.0,1.0,1.0,1.0,1.0,0.0,1.0,0.0,0.0
3500,6333f19e87ad08122,True,,,,,,,,,,0.0,1.0,1.0,1.0,1.0,0.0,1.0,1.0,0.0,0.0
3501,a559541fda572fe81,True,,,,,,,,,,1.0,1.0,1.0,1.0,0.4676581358686658,1.0,1.0,1.0,1.0,0.8336431674589581
3502,c525c6d635eb5f316,True,,,,,,,,,,1.0,1.0,1.0,1.0,0.5529791626482522,1.0,1.0,1.0,0.0,0.7353059883275788
3503,d7db484a0d7198ab9,True,,,,,,,,,,1.0,1.0,1.0,1.0,1.0,1.0,0.0,1.0,0.0,0.75
3504,7382576570c02547b,True,,,,,,,,,,1.0,1.0,1.0,1.0,0.506743708554266,1.0,0.0,1.0,0.0,0.5958574089232082
3505,4470091fffca9e391,True,,,,,,,,,,1.0,1.0,1.0,1.0,1.0,1.0,1.0,1.0,1.0,1.0
3506,472c522cbfefce360,True,,,,,,,,,,1.0,1.0,1.0,1.0,0.8390855873956224,1.0,0.0,1.0,0.0,0.6997142460611321
3507,3b9a4be29bdd2c8ae,True,,,,,,,,,,1.0,1.0,1.0,1.0,0.5227267448244373,1.0,0.0,1.0,1.0,0.7258521077576366
3508,1d4894afb05e6ebc3,True,,,,,,,,,,1.0,1.0,1.0,1.0,1.0,1.0,0.0,1.0,1.0,0.875
3509,85f94ff5a637ec2d5,True,,,,,,,,,,1.0,0.0,0.5,1.0,1.0,1.0,0.0,1.0,0.0,0.0
3510,61d3d79e3e01157d9,True,,,,,,,,,,1.0,1.0,1.0,1.0,0.3139851417154629,1.0,1.0,1.0,1.0,0.7856203567860822
3511,cdbe73e69b2aced1d,True,,,,,,,,,,1.0,0.0,1.0,1.0,0.6685110513499428,1.0,1.0,0.0,0.0,0.0
3512,f9693c34fe2422ec2,True,,,,,,,,,,0.0,1.0,1.0,1.0,0.5312802206235306,0.0,1.0,1.0,1.0,0.0
3513,1ad3760588008efe5,True,,,,,,,,,,1.0,1.0,1.0,1.0,1.0,1.0,0.0,1.0,1.0,0.875
3514,46571d478b3c7bc57,True,,,,,,,,,,0.0,1.0,1.0,1.0,0.9678098110267706,0.0,1.0,1.0,1.0,0.0
3515,bd8218a7ee5744998,True,,,,,,,,,,1.0,1.0,1.0,1.0,0.24703742701522907,1.0,1.0,1.0,1.0,0.7646991959422591
3516,db59121d7d601b04b,True,,,,,,,,,,0.0,1.0,1.0,1.0,1.0,0.0,1.0,1.0,1.0,0.0
3517,b7649c3b2cd5537c8,True,,,,,,,,,,1.0,0.0,1.0,1.0,1.0,1.0,1.0,1.0,1.0,0.0
3518,cabbf4a701b27f4f2,True,,,,,,,,,,1.0,0.0,0.0,1.0,1.0,1.0,0.0,1.0,1.0,0.0
3519,370df15505429bd41,True,,,,,,,,,,1.0,1.0,1.0,1.0,0.6074633305449351,1.0,1.0,1.0,0.0,0.7523322907952922
3520,c73d5b941b453432b,True,,,,,,,,,,1.0,1.0,1.0,1.0,0.5453072920410695,1.0,0.0,1.0,1.0,0.7329085287628343
3521,80a5f0392d8aa9afb,True,,,,,,,,,,1.0,1.0,1.0,1.0,0.44180105831578137,1.0,1.0,1.0,1.0,0.8255628307236816
3522,7f2c914bf8b40c7b7,True,,,,,,,,,,1.0,1.0,1.0,1.0,0.6951796533724331,1.0,1.0,1.0,0.0,0.7797436416788853
3523,8d59e8ecb60e11b5b,True,,,,,,,,,,1.0,1.0,1.0,1.0,0.5785009804539112,1.0,0.0,1.0,1.0,0.7432815563918472
3524,d4bddc4246b475541,True,,,,,,,,,,1.0,1.0,1.0,1.0,0.6670305048698046,1.0,0.0,1.0,1.0,0.770947032771814
3525,95ef6af0cd345193e,True,,,,,,,,,,1.0,1.0,0.5,1.0,0.8248388444521224,1.0,1.0,1.0,0.0,0.41013106944564415
3526,3d8d728e149979ead,True,,,,,,,,,,1.0,1.0,1.0,1.0,0.5454613173781313,1.0,0.0,1.0,1.0,0.732956661680666
3527,fa04ce296f85923f0,True,,,,,,,,,,1.0,1.0,1.0,1.0,0.3298865043425699,1.0,1.0,1.0,1.0,0.7905895326070531
3528,147fe3531a064a546,True,,,,,,,,,,1.0,0.0,0.5,1.0,1.0,1.0,0.0,1.0,0.0,0.0
3529,1aba878032e3e7e6d,True,,,,,,,,,,0.0,1.0,1.0,1.0,0.6341748733089505,1.0,1.0,1.0,1.0,0.0
3530,2ad6d15da5c47d1be,True,,,,,,,,,,1.0,0.0,1.0,1.0,0.7299285952416087,1.0,1.0,1.0,1.0,0.0
3531,2bd137e85147a0c70,True,,,,,,,,,,1.0,0.0,1.0,1.0,1.0,1.0,0.0,1.0,1.0,0.0
3532,3ec4e62b471309805,True,,,,,,,,,,1.0,1.0,1.0,1.0,1.0,1.0,0.0,1.0,1.0,0.875
3533,d04ff28ed5ef1d0d5,True,,,,,,,,,,1.0,1.0,1.0,1.0,0.3644475909617093,1.0,1.0,1.0,1.0,0.8013898721755341
3534,db5fcc30f71c49f32,True,,,,,,,,,,1.0,1.0,1.0,1.0,0.6781465738897609,1.0,0.0,1.0,1.0,0.7744208043405503
3535,425b819f70d25df0e,True,,,,,,,,,,1.0,1.0,1.0,1.0,0.6739112438699868,1.0,1.0,1.0,0.0,0.7730972637093709
3536,8108a6fe2b34f4118,True,,,,,,,,,,1.0,1.0,1.0,1.0,0.8616635633533424,1.0,1.0,1.0,1.0,0.9567698635479195
3537,fa938137662435c29,True,,,,,,,,,,1.0,1.0,1.0,1.0,0.40235727812812105,1.0,1.0,1.0,1.0,0.8132366494150378
3538,ea22bac93bab13f69,True,,,,,,,,,,1.0,1.0,1.0,1.0,0.8361510844100232,1.0,0.0,1.0,0.0,0.6987972138781322
3539,35fe984f84deeb76b,True,,,,,,,,,,1.0,1.0,1.0,1.0,0.8820134820798199,1.0,1.0,1.0,1.0,0.9631292131499437
3540,65d1dc0e08fdbab3c,True,,,,,,,,,,0.0,0.0,1.0,1.0,1.0,0.0,1.0,0.0,0.0,0.0
3541,3d85159a51861aba5,True,,,,,,,,,,0.0,1.0,1.0,1.0,1.0,0.0,0.0,1.0,0.0,0.0
3542,fe46394908bea81b9,True,,,,,,,,,,1.0,1.0,1.0,1.0,0.8220409845023224,1.0,1.0,1.0,1.0,0.9443878076569758
3543,fc4d5a62c921f8392,True,,,,,,,,,,1.0,1.0,1.0,1.0,0.543514192633023,1.0,1.0,1.0,0.0,0.7323481851978197
3544,3cd41195f5d27a4f7,True,,,,,,,,,,1.0,1.0,1.0,1.0,0.06198297612282628,1.0,1.0,1.0,1.0,0.7068696800383832
3545,b6d61abe346b88db3,True,,,,,,,,,,1.0,1.0,1.0,1.0,0.874977735034096,1.0,1.0,1.0,0.0,0.835930542198155
3546,c40981d1d4e696de2,True,,,,,,,,,,1.0,1.0,1.0,1.0,0.5867051631423381,1.0,0.0,1.0,0.0,0.6208453634819806
3547,31944303cafb772a3,True,,,,,,,,,,0.0,1.0,1.0,1.0,1.0,0.0,1.0,1.0,0.0,0.0
3548,7926b91284ef771fd,True,,,,,,,,,,1.0,0.0,1.0,1.0,0.822861218200171,1.0,1.0,1.0,0.0,0.0
3549,9e31589f9ede4587e,True,,,,,,,,,,1.0,1.0,0.5,1.0,1.0,1.0,0.0,1.0,0.0,0.375
3550,8abc54b8e7a9ff3ca,True,,,,,,,,,,1.0,1.0,0.5,1.0,1.0,1.0,0.0,1.0,1.0,0.4375
3551,c73438b8126946550,True,,,,,,,,,,1.0,1.0,1.0,1.0,0.6365574112327038,1.0,0.0,1.0,1.0,0.76142419101022
3552,2806ce33b59f03ee9,True,,,,,,,,,,1.0,1.0,1.0,1.0,0.464563620858807,1.0,0.0,1.0,1.0,0.7076761315183772
3553,64c4d0aeacb7df063,True,,,,,,,,,,1.0,1.0,1.0,1.0,0.5554305369303663,1.0,0.0,1.0,0.0,0.6110720427907395
3554,92bb9ea2567e28fca,True,,,,,,,,,,1.0,1.0,1.0,1.0,0.9795052550730243,1.0,1.0,1.0,1.0,0.9935953922103201
3555,c35b2274d82ebf3a1,True,,,,,,,,,,1.0,1.0,1.0,1.0,0.576975315978097,1.0,1.0,1.0,0.0,0.7428047862431553
3556,562d93c298e442013,True,,,,,,,,,,1.0,1.0,1.0,1.0,0.7883426136693948,1.0,1.0,1.0,1.0,0.9338570667716859
3557,9559a76868f2d58b3,True,,,,,,,,,,1.0,1.0,1.0,1.0,0.7818411209651502,1.0,1.0,1.0,1.0,0.9318253503016094
3558,0837e02dbb891dbc9,True,,,,,,,,,,1.0,1.0,1.0,1.0,0.7305988726020827,1.0,0.0,1.0,1.0,0.7908121476881509
3559,5b31db57958441e62,True,,,,,,,,,,1.0,1.0,1.0,1.0,0.3279653950114247,1.0,1.0,1.0,1.0,0.7899891859410701
3560,ab7c66f93bd1cb471,True,,,,,,,,,,1.0,1.0,1.0,1.0,1.0,1.0,0.0,1.0,1.0,0.875
3561,59223499b6e8a12d6,True,,,,,,,,,,1.0,1.0,0.5,1.0,1.0,1.0,1.0,1.0,0.0,0.4375
3562,c6b07c5dde1ec90c2,True,,,,,,,,,,1.0,1.0,1.0,1.0,1.0,1.0,0.0,1.0,1.0,0.875
3563,e6aacc10619a6082c,True,,,,,,,,,,1.0,1.0,1.0,1.0,0.6617840976069123,1.0,1.0,1.0,1.0,0.89430753050216
3564,d8052b68418709942,True,,,,,,,,,,0.0,1.0,1.0,1.0,1.0,1.0,1.0,1.0,0.0,0.0
3565,ba3f20b19ddb93cb1,True,,,,,,,,,,0.0,1.0,0.5,1.0,1.0,0.0,1.0,1.0,1.0,0.0
3566,6c0f20461b27e36fb,True,,,,,,,,,,1.0,1.0,1.0,1.0,0.710585562687256,1.0,0.0,1.0,0.0,0.6595579883397675
3567,898965de3a97c47dc,True,,,,,,,,,,0.0,1.0,1.0,1.0,1.0,0.0,0.0,1.0,0.0,0.0
3568,c51bc3907e1c3fbac,True,,,,,,,,,,1.0,1.0,1.0,1.0,0.47107391523398734,1.0,1.0,1.0,1.0,0.834710598510621
3569,ed038c1798a7006eb,True,,,,,,,,,,0.0,1.0,1.0,1.0,1.0,0.0,0.0,1.0,1.0,0.0
3570,e260f18e09079fc0a,True,,,,,,,,,,1.0,1.0,1.0,1.0,0.8257722197618165,1.0,1.0,1.0,0.0,0.8205538186755676
3571,e204182883d94ae66,True,,,,,,,,,,0.0,1.0,1.0,1.0,0.7858947016404241,0.0,0.0,1.0,1.0,0.0
3572,6f8cba85e3f6cd0d4,True,,,,,,,,,,1.0,1.0,0.5,1.0,1.0,1.0,0.0,1.0,1.0,0.4375
3573,d27053118101aa310,True,,,,,,,,,,1.0,1.0,1.0,1.0,0.3953551601480343,1.0,0.0,1.0,0.0,0.5610484875462607
3574,f4fb6e871bef33f03,True,,,,,,,,,,1.0,0.0,1.0,1.0,1.0,1.0,0.0,1.0,0.0,0.0
3575,eddb07c8294cf8efd,True,,,,,,,,,,1.0,1.0,1.0,1.0,1.0,1.0,1.0,1.0,1.0,1.0
3576,6eff7e6fb5d5bcf04,True,,,,,,,,,,1.0,1.0,1.0,1.0,1.0,1.0,1.0,1.0,0.0,0.875
3577,7dc342f8c0d3f169b,True,,,,,,,,,,1.0,0.0,0.0,1.0,1.0,1.0,0.0,1.0,0.0,0.0
3578,ef271f3dd1d4e77d9,True,,,,,,,,,,1.0,1.0,0.5,1.0,0.5533240278891189,1.0,0.0,1.0,0.0,0.3052068793576748
3579,6d53c1572e4753c0c,True,,,,,,,,,,0.0,1.0,1.0,1.0,1.0,0.0,1.0,1.0,0.0,0.0
3580,0005b7348b80106e2,True,,,,,,,,,,1.0,1.0,1.0,1.0,0.9331424546305213,1.0,1.0,1.0,1.0,0.979107017072038
3581,f23480d4e2e5e6146,True,,,,,,,,,,1.0,1.0,1.0,1.0,0.9488980159053376,1.0,1.0,1.0,0.0,0.859030629970418
3582,565b302cf79ef624e,True,,,,,,,,,,1.0,1.0,1.0,1.0,0.8043618207898483,1.0,0.0,1.0,1.0,0.8138630689968276
3583,fe81231e5ce13b101,True,,,,,,,,,,1.0,1.0,1.0,1.0,1.0,1.0,0.0,1.0,1.0,0.875
3584,570c63685f0d25c8f,True,,,,,,,,,,1.0,1.0,0.0,1.0,0.6746411456823077,1.0,0.0,1.0,0.0,0.0
3585,6cbd63c8a5077be25,True,,,,,,,,,,1.0,0.0,1.0,1.0,0.600997266392644,1.0,1.0,1.0,0.0,0.0
3586,86ef74bf900e70e17,True,,,,,,,,,,1.0,0.0,0.0,1.0,1.0,1.0,0.0,0.0,0.0,0.0
3587,1087cd8acf5661e9c,True,,,,,,,,,,1.0,1.0,0.0,1.0,0.8270243767737511,1.0,0.0,1.0,1.0,0.0
3588,4e0a366def21f29ed,True,,,,,,,,,,1.0,1.0,1.0,1.0,0.1751305721241732,1.0,1.0,1.0,1.0,0.7422283037888041
3589,f2093ddb02711422c,True,,,,,,,,,,0.0,1.0,1.0,1.0,1.0,0.0,0.0,1.0,1.0,0.0
3590,2e822d476fd14739c,True,,,,,,,,,,1.0,1.0,1.0,1.0,0.8657914680876488,1.0,1.0,1.0,1.0,0.9580598337773902
3591,e1ef0211a91fc5373,True,,,,,,,,,,1.0,0.0,1.0,1.0,1.0,1.0,0.0,1.0,1.0,0.0
3592,0409a56c40aabf66c,True,,,,,,,,,,1.0,1.0,1.0,1.0,0.7094410296838269,1.0,0.0,1.0,0.0,0.6592003217761959
3593,c3fa7a5ee86676098,True,,,,,,,,,,1.0,1.0,1.0,1.0,0.833458968457172,1.0,1.0,1.0,1.0,0.9479559276428663
3594,342254f2ea2e57645,True,,,,,,,,,,1.0,1.0,1.0,1.0,0.6000143861683114,1.0,0.0,1.0,1.0,0.7500044956775973
3595,fd163457fdae33b78,True,,,,,,,,,,1.0,0.0,1.0,1.0,1.0,1.0,1.0,1.0,0.0,0.0
3596,08832f5c360f2e9d6,True,,,,,,,,,,0.5,0.0,1.0,1.0,1.0,0.0,1.0,1.0,1.0,0.0
3597,86d4226f5118e784d,True,,,,,,,,,,1.0,1.0,1.0,1.0,0.8691185065721517,1.0,1.0,1.0,1.0,0.9590995333037975
3598,c4bb99fe9ff474e51,True,,,,,,,,,,1.0,1.0,1.0,1.0,0.3161322361554723,1.0,1.0,1.0,1.0,0.7862913237985851
3599,3e0e221b32c026dc2,True,,,,,,,,,,1.0,0.0,0.0,1.0,1.0,1.0,0.0,1.0,1.0,0.0
3600,f93b7461f7882ff58,True,,,,,,,,,,1.0,1.0,1.0,1.0,0.33893384119705294,1.0,1.0,1.0,0.0,0.668416825374079
3601,0ff0e427305289854,True,,,,,,,,,,1.0,0.0,1.0,1.0,1.0,1.0,0.0,1.0,1.0,0.0
3602,ec788232fc7f2cf7e,True,,,,,,,,,,1.0,1.0,1.0,1.0,0.7285860014606356,1.0,1.0,1.0,1.0,0.9151831254564486
3603,d85f111a22572d5b1,True,,,,,,,,,,1.0,1.0,1.0,1.0,1.0,1.0,1.0,0.0,0.0,0.75
3604,d3a043b81ea9596cd,True,,,,,,,,,,1.0,1.0,1.0,1.0,1.0,1.0,0.0,1.0,1.0,0.875
3605,dae98f820d40b2d3d,True,,,,,,,,,,1.0,1.0,1.0,1.0,0.7129876979528567,0.0,0.0,1.0,1.0,0.4728086556102677
3606,ab4e7191ed67b8ea4,True,,,,,,,,,,1.0,1.0,1.0,1.0,0.4523336378317893,1.0,1.0,1.0,1.0,0.8288542618224342
3607,88b4a166a946c9537,True,,,,,,,,,,1.0,1.0,1.0,1.0,1.0,1.0,0.0,1.0,1.0,0.875
3608,2aa8f5678f71648b6,True,,,,,,,,,,1.0,1.0,1.0,1.0,0.3006382088613976,1.0,1.0,1.0,1.0,0.7814494402691867
3609,7dbe15c1329420b90,True,,,,,,,,,,1.0,0.0,1.0,1.0,1.0,1.0,0.0,1.0,1.0,0.0
3610,a173f7714495b0d29,True,,,,,,,,,,1.0,1.0,1.0,1.0,0.3843540717779367,1.0,1.0,1.0,0.0,0.6826106474306052
3611,d82ea5f1c94fd6d13,True,,,,,,,,,,1.0,1.0,1.0,1.0,0.5672741032169857,1.0,1.0,1.0,0.0,0.739773157255308
3612,7b4054b4f24d77967,True,,,,,,,,,,1.0,1.0,1.0,1.0,1.0,1.0,0.0,1.0,0.0,0.75
3613,0ff61f43578c0d8e7,True,,,,,,,,,,1.0,0.0,0.0,1.0,1.0,1.0,0.0,1.0,1.0,0.0
3614,4d43428f5f573b6b1,True,,,,,,,,,,1.0,0.0,1.0,1.0,0.8848458895354849,1.0,1.0,1.0,0.0,0.0
3615,3e4706910942fcca4,True,,,,,,,,,,1.0,1.0,1.0,1.0,1.0,1.0,1.0,1.0,1.0,1.0
3616,52998366db81d0fca,True,,,,,,,,,,1.0,1.0,1.0,1.0,0.7541937097293376,1.0,1.0,1.0,1.0,0.923185534290418
3617,01944b1d62426bc85,True,,,,,,,,,,1.0,0.0,1.0,1.0,1.0,1.0,1.0,1.0,1.0,0.0
3618,4429b647133616c7e,True,,,,,,,,,,1.0,1.0,1.0,1.0,0.6787802090340622,1.0,1.0,1.0,0.0,0.7746188153231445
3619,896888ec148c2c4cb,True,,,,,,,,,,0.0,1.0,1.0,1.0,0.7903721444667676,0.0,0.0,1.0,1.0,0.0
3620,39db66b6b4731fede,True,,,,,,,,,,1.0,1.0,0.5,1.0,1.0,1.0,1.0,1.0,0.0,0.4375
3621,bf717edbbf1c0b8db,True,,,,,,,,,,1.0,1.0,0.0,1.0,1.0,1.0,0.0,1.0,0.0,0.0
3622,99f90a71ce3411a4f,True,,,,,,,,,,0.0,1.0,0.0,1.0,1.0,0.0,0.0,1.0,1.0,0.0
3623,569fb4f27fe2509f7,True,,,,,,,,,,1.0,1.0,1.0,1.0,0.44077297061369247,1.0,1.0,1.0,0.0,0.700241553316779
3624,500c799cf6e33c39e,True,,,,,,,,,,1.0,1.0,1.0,1.0,0.7847557848590552,1.0,1.0,1.0,1.0,0.9327361827684547
3625,e7a9f463ef537b333,True,,,,,,,,,,1.0,0.0,1.0,1.0,1.0,1.0,1.0,1.0,1.0,0.0
3626,2526f4007f6477420,True,,,,,,,,,,1.0,1.0,1.0,1.0,0.8715963472996832,1.0,1.0,1.0,1.0,0.959873858531151
3627,757e84df9c3c5f093,True,,,,,,,,,,1.0,0.0,1.0,1.0,1.0,1.0,0.0,1.0,0.0,0.0
3628,c95a60eebe3ab0adb,True,,,,,,,,,,1.0,1.0,1.0,1.0,0.6560805525603702,1.0,0.0,1.0,1.0,0.7675251726751157
3629,5fdebbeb76c9d0953,True,,,,,,,,,,1.0,1.0,0.0,1.0,1.0,1.0,0.0,1.0,0.0,0.0
3630,d6e3a8fc354d62753,True,,,,,,,,,,0.0,1.0,1.0,1.0,1.0,0.0,0.0,1.0,0.0,0.0
3631,ef66f2c0cf4893824,True,,,,,,,,,,1.0,0.0,0.5,1.0,1.0,1.0,0.0,1.0,1.0,0.0
3632,b70d444b82722ea24,True,,,,,,,,,,1.0,0.0,0.0,1.0,1.0,1.0,0.0,1.0,1.0,0.0
3633,19d93db92ab5bcc09,True,,,,,,,,,,1.0,1.0,1.0,1.0,0.7747873090840357,1.0,1.0,1.0,0.0,0.8046210340887612
3634,f77bd4f74cbf5fa01,True,,,,,,,,,,1.0,1.0,1.0,1.0,0.6098263017642984,1.0,1.0,1.0,1.0,0.8780707193013433
3635,35d4f508b7e0207b4,True,,,,,,,,,,1.0,1.0,1.0,1.0,0.797815085364564,1.0,1.0,1.0,0.0,0.8118172141764263
3636,950706a6956dc566f,True,,,,,,,,,,0.0,1.0,1.0,1.0,1.0,0.0,0.0,1.0,1.0,0.0
3637,97d9f320cc65aac2b,True,,,,,,,,,,1.0,1.0,1.0,1.0,1.0,1.0,0.0,1.0,1.0,0.875
3638,c43503e3cebf10b69,True,,,,,,,,,,1.0,1.0,0.0,1.0,0.715732403856125,1.0,0.0,1.0,0.0,0.0
3639,29f63fdd169f556cf,True,,,,,,,,,,1.0,1.0,1.0,1.0,0.15466282631298836,1.0,1.0,1.0,1.0,0.7358321332228088
3640,7e909c56c1daea780,True,,,,,,,,,,1.0,1.0,1.0,1.0,0.4672007009827384,1.0,1.0,1.0,1.0,0.8335002190571057
3641,1bf7eb4037d08171a,True,,,,,,,,,,1.0,1.0,1.0,1.0,0.7391949321035547,1.0,1.0,0.0,0.0,0.6684984162823608
3642,72596b62f23cfe8b5,True,,,,,,,,,,0.0,1.0,1.0,1.0,1.0,1.0,1.0,1.0,1.0,0.0
3643,e6338db1d83f3ba4e,True,,,,,,,,,,1.0,1.0,1.0,1.0,0.8398213625314608,1.0,1.0,1.0,1.0,0.9499441757910815
3644,015532dcc98a07ab5,True,,,,,,,,,,0.0,1.0,0.0,1.0,1.0,0.0,0.0,1.0,1.0,0.0
3645,f8e452be20910fe87,True,,,,,,,,,,0.0,0.0,0.0,1.0,1.0,0.0,0.0,1.0,0.0,0.0
3646,41d2023a1a51da75e,True,,,,,,,,,,1.0,1.0,1.0,1.0,1.0,1.0,1.0,1.0,0.0,0.875
3647,ceeb361872a012bd7,True,,,,,,,,,,1.0,1.0,0.5,1.0,0.7879940311183217,1.0,0.0,1.0,0.0,0.34187406736223774
3648,d6cd8e55b889c7739,True,,,,,,,,,,1.0,1.0,1.0,1.0,0.8077183349222856,1.0,0.0,1.0,0.0,0.6899119796632143
3649,5b6eb771ffaf06f55,True,,,,,,,,,,1.0,1.0,0.0,1.0,1.0,1.0,0.0,1.0,1.0,0.0
3650,0f902fca1e990d9be,True,,,,,,,,,,1.0,0.0,1.0,1.0,1.0,1.0,1.0,1.0,1.0,0.0
3651,11b6577b5cc201594,True,,,,,,,,,,0.0,1.0,1.0,1.0,1.0,0.0,1.0,1.0,1.0,0.0
3652,f9b640894b4a02a02,True,,,,,,,,,,1.0,1.0,0.0,1.0,1.0,1.0,0.0,1.0,1.0,0.0
3653,987cd2bac2de5285e,True,,,,,,,,,,1.0,1.0,1.0,1.0,0.5371257332725127,1.0,1.0,1.0,0.0,0.7303517916476602
3654,5037003d98e7c77a2,True,,,,,,,,,,1.0,0.0,0.0,1.0,1.0,1.0,0.0,1.0,0.0,0.0
3655,aeec01880eb4ba54b,True,,,,,,,,,,1.0,0.0,1.0,1.0,1.0,1.0,0.0,1.0,1.0,0.0
3656,9748e22b4bb8ade92,True,,,,,,,,,,1.0,1.0,1.0,1.0,0.7170351222279582,1.0,0.0,1.0,1.0,0.7865734756962369
3657,e0865c65b75b4c171,True,,,,,,,,,,1.0,1.0,1.0,1.0,1.0,1.0,1.0,1.0,0.0,0.875
3658,f8d618822ef33e7b0,True,,,,,,,,,,1.0,1.0,1.0,1.0,0.5477844603561794,1.0,1.0,1.0,0.0,0.7336826438613061
3659,c00dec2389baa0134,True,,,,,,,,,,1.0,1.0,1.0,1.0,0.23790757681818764,1.0,0.0,1.0,1.0,0.6368461177556837
3660,d83d3619e63d183d6,True,,,,,,,,,,0.0,1.0,1.0,1.0,1.0,0.0,1.0,1.0,0.0,0.0
3661,850d4a79f659a9740,True,,,,,,,,,,1.0,1.0,1.0,1.0,0.26045813386437344,1.0,0.0,1.0,1.0,0.6438931668326167
3662,11e2abc76462d36f9,True,,,,,,,,,,1.0,1.0,1.0,1.0,0.26863845543578135,1.0,0.0,1.0,1.0,0.6464495173236817
3663,b378fbb6e27946979,True,,,,,,,,,,1.0,1.0,0.0,1.0,1.0,1.0,0.0,1.0,1.0,0.0
3664,5139fde7658566f8c,True,,,,,,,,,,1.0,1.0,0.5,1.0,0.9134598232401224,1.0,0.0,1.0,1.0,0.4239780973812691
3665,04d4c78cf88a3c506,True,,,,,,,,,,1.0,1.0,1.0,1.0,0.27676989130402796,1.0,1.0,1.0,0.0,0.6489905910325087
3666,8ebb7ac6b5b06cde1,True,,,,,,,,,,1.0,0.0,1.0,1.0,0.3972586695780903,1.0,0.0,1.0,0.0,0.0
3667,99304f2615a52fab7,True,,,,,,,,,,1.0,1.0,0.5,1.0,1.0,1.0,0.0,1.0,1.0,0.4375
3668,053755e0b8f0dd052,True,,,,,,,,,,0.0,1.0,1.0,1.0,1.0,0.0,0.0,1.0,1.0,0.0
3669,88685892fa01fcedf,True,,,,,,,,,,1.0,0.0,0.5,1.0,0.4578228255366739,1.0,0.0,1.0,0.0,0.0
3670,e3bbe6b73a88e1b36,True,,,,,,,,,,1.0,1.0,1.0,1.0,0.34064228943367586,1.0,0.0,1.0,1.0,0.6689507154480236
3671,1e843d54340d01971,True,,,,,,,,,,0.5,1.0,1.0,1.0,0.9234820187629064,0.0,1.0,1.0,1.0,0.3317940654317041
3672,6b611802253a6f2c9,True,,,,,,,,,,1.0,1.0,1.0,1.0,0.7204710823113948,1.0,0.0,1.0,0.0,0.6626472132223109
3673,67c191e1da4b23c8a,True,,,,,,,,,,1.0,1.0,1.0,1.0,1.0,1.0,0.0,1.0,0.0,0.75
3674,294d19afced5a7af8,True,,,,,,,,,,1.0,1.0,1.0,1.0,0.3393200254418089,1.0,1.0,1.0,1.0,0.7935375079505653
3675,a8b0718f4ba8367ac,True,,,,,,,,,,1.0,0.0,1.0,1.0,0.6328332280011318,1.0,1.0,1.0,0.0,0.0
3676,873b2bce6903cffc1,True,,,,,,,,,,1.0,0.0,0.0,1.0,1.0,1.0,0.0,1.0,1.0,0.0
3677,c356f7c7a4dfada23,True,,,,,,,,,,1.0,1.0,1.0,1.0,0.267328561728045,1.0,0.0,1.0,1.0,0.646040175540014
3678,b6cc9d50323153d21,True,,,,,,,,,,1.0,1.0,0.0,1.0,0.8172258371432389,1.0,1.0,1.0,1.0,0.0
3679,fa8f611f3da2dce93,True,,,,,,,,,,1.0,0.0,1.0,1.0,1.0,0.0,1.0,1.0,0.0,0.0
3680,d25e0e0e384818845,True,,,,,,,,,,1.0,0.0,1.0,1.0,0.7654423971520334,1.0,1.0,1.0,0.0,0.0
3681,41c255d09766b4099,True,,,,,,,,,,0.0,1.0,1.0,1.0,1.0,0.0,0.0,1.0,0.0,0.0
3682,f8269fa1de4da78ec,True,,,,,,,,,,1.0,1.0,1.0,1.0,0.9972101861881522,1.0,1.0,1.0,1.0,0.9991281831837975
3683,5573b3c15a0cc7845,True,,,,,,,,,,1.0,0.0,1.0,1.0,1.0,1.0,1.0,1.0,1.0,0.0
3684,57108f72bba7b23f2,True,,,,,,,,,,1.0,1.0,0.0,1.0,1.0,1.0,0.0,1.0,0.0,0.0
3685,a75b9fbb36886afaf,True,,,,,,,,,,0.0,1.0,0.0,1.0,1.0,0.0,0.0,1.0,0.0,0.0
3686,96ae6eb1972fb4ba7,True,,,,,,,,,,0.0,1.0,0.0,1.0,1.0,0.0,0.0,0.0,0.0,0.0
3687,5ca342ee0bfdecb05,True,,,,,,,,,,1.0,1.0,1.0,1.0,1.0,1.0,1.0,1.0,1.0,1.0
3688,7fc94bcc4790ac58b,True,,,,,,,,,,1.0,0.0,1.0,1.0,0.7277310798632244,1.0,0.0,1.0,0.0,0.0
3689,4479be8eef64a3460,True,,,,,,,,,,1.0,1.0,1.0,1.0,0.16666875881348914,1.0,1.0,1.0,1.0,0.7395839871292154
3690,253e19e9e77501575,True,,,,,,,,,,1.0,1.0,1.0,1.0,0.8252011706272214,1.0,1.0,1.0,0.0,0.8203753658210067
3691,8b639fb0376857c55,True,,,,,,,,,,1.0,1.0,1.0,1.0,0.5132900358908793,1.0,0.0,1.0,0.0,0.5979031362158997
3692,7d4dd35efebf5aa8f,True,,,,,,,,,,1.0,1.0,1.0,1.0,0.9148512155468519,1.0,0.0,1.0,0.0,0.7233910048583911
3693,c82d37b03fda156aa,True,,,,,,,,,,1.0,1.0,0.0,1.0,0.8123329146228574,1.0,0.0,1.0,1.0,0.0
3694,05eb9641b2003663e,True,,,,,,,,,,1.0,1.0,1.0,1.0,1.0,1.0,1.0,1.0,0.0,0.875
3695,cf135fafcf0b8184d,True,,,,,,,,,,1.0,1.0,1.0,1.0,0.7730205854999143,1.0,1.0,0.0,0.0,0.6790689329687232
3696,b1b76999fa25ad35b,True,,,,,,,,,,1.0,0.0,1.0,1.0,1.0,1.0,0.0,1.0,1.0,0.0
3697,863415a0e3cc1897d,True,,,,,,,,,,1.0,1.0,1.0,1.0,0.87048982851749,1.0,1.0,1.0,0.0,0.8345280714117156
3698,01a7cf70d70d2fa61,True,,,,,,,,,,1.0,1.0,1.0,1.0,0.4670198799561137,1.0,0.0,1.0,1.0,0.7084437124862856
3699,4fd56da0ff5065a4d,True,,,,,,,,,,1.0,1.0,1.0,1.0,0.7351567849998758,1.0,1.0,1.0,0.0,0.7922364953124612
3700,b02f376e03d453a0a,True,,,,,,,,,,0.0,1.0,1.0,1.0,1.0,0.0,1.0,1.0,1.0,0.0
3701,29034e89288b15cef,True,,,,,,,,,,0.0,1.0,1.0,1.0,1.0,0.0,1.0,1.0,1.0,0.0
3702,be4d95422b6b6e212,True,,,,,,,,,,1.0,1.0,1.0,1.0,0.8268112871324551,1.0,1.0,1.0,0.0,0.8208785272288922
3703,49f0f48e0fa4af03e,True,,,,,,,,,,1.0,0.0,1.0,1.0,1.0,1.0,1.0,1.0,0.0,0.0
3704,7c5d86ba5e0d7e2a3,True,,,,,,,,,,1.0,1.0,1.0,1.0,0.39761423420529224,1.0,1.0,1.0,1.0,0.8117544481891539
3705,375ef6cffa757aadf,True,,,,,,,,,,1.0,1.0,1.0,1.0,0.48876064189454166,1.0,1.0,1.0,1.0,0.8402377005920443
3706,a13664addc273bf0a,True,,,,,,,,,,1.0,1.0,1.0,1.0,0.41142310339328997,1.0,1.0,1.0,0.0,0.6910697198104031
3707,0e893b68e326d1c97,True,,,,,,,,,,1.0,1.0,1.0,1.0,0.18178571968897989,1.0,1.0,1.0,0.0,0.6193080374028062
3708,0369a23acb953eeac,True,,,,,,,,,,1.0,1.0,1.0,1.0,0.7400283231344386,1.0,1.0,1.0,0.0,0.793758850979512
3709,170cbe90db917432e,True,,,,,,,,,,1.0,1.0,1.0,1.0,0.7575722654074909,1.0,0.0,1.0,1.0,0.7992413329398409
3710,73e128068f712ead2,True,,,,,,,,,,0.0,0.0,1.0,1.0,1.0,0.0,0.0,1.0,0.0,0.0
3711,38158890d40f83da6,True,,,,,,,,,,0.0,1.0,1.0,1.0,1.0,0.0,0.0,1.0,0.0,0.0
3712,18d79c8cb12df7f0e,True,,,,,,,,,,1.0,1.0,1.0,1.0,0.6274082251538827,1.0,0.0,0.0,1.0,0.6335650703605884
3713,0908976a3d8f0a196,True,,,,,,,,,,1.0,1.0,1.0,1.0,0.7744576351629664,1.0,1.0,1.0,0.0,0.804518010988427
3714,e302536dfb1a897a7,True,,,,,,,,,,0.0,1.0,1.0,1.0,0.24425390000542738,0.0,0.0,1.0,0.0,0.0
3715,24c8b908f552c5946,True,,,,,,,,,,1.0,1.0,1.0,1.0,0.2644081530848817,1.0,0.0,1.0,0.0,0.5201275478390255
3716,d94f797b81c453893,True,,,,,,,,,,1.0,0.0,0.5,1.0,1.0,1.0,0.0,1.0,1.0,0.0
3717,1c9335961ee565478,True,,,,,,,,,,1.0,1.0,1.0,1.0,0.701567749155114,1.0,1.0,1.0,0.0,0.781739921610973
3718,d17b5de2642504067,True,,,,,,,,,,1.0,1.0,1.0,1.0,0.8281747125314982,1.0,1.0,1.0,1.0,0.9463045976660932
3719,4b48232c28699eff0,True,,,,,,,,,,0.0,1.0,1.0,1.0,1.0,0.0,1.0,1.0,0.0,0.0
3720,46790b0b88d5ee5b3,True,,,,,,,,,,1.0,1.0,1.0,1.0,1.0,1.0,1.0,1.0,0.0,0.875
3721,dda6b82566281cb83,True,,,,,,,,,,1.0,1.0,1.0,1.0,0.533746914412912,1.0,1.0,1.0,0.0,0.729295910754035
3722,1062c697adcf808eb,True,,,,,,,,,,1.0,1.0,1.0,1.0,0.6604865743412917,1.0,1.0,1.0,1.0,0.8939020544816536
3723,5cd83ccdc4993016d,True,,,,,,,,,,1.0,1.0,1.0,1.0,0.9116346715124944,1.0,0.0,1.0,1.0,0.8473858348476545
3724,edf02a219abbc7a0d,True,,,,,,,,,,1.0,1.0,1.0,1.0,0.9882467363000857,1.0,1.0,1.0,1.0,0.9963271050937768
3725,6864784b80c0a0fde,True,,,,,,,,,,1.0,1.0,1.0,1.0,1.0,1.0,0.0,1.0,1.0,0.875
3726,ad82260eea030954f,True,,,,,,,,,,1.0,1.0,1.0,1.0,0.7327682165621958,1.0,1.0,1.0,0.0,0.7914900676756862
3727,f8f9337702054ca25,True,,,,,,,,,,1.0,1.0,1.0,1.0,1.0,1.0,0.0,1.0,0.0,0.75
3728,43510bb262d6965b6,True,,,,,,,,,,1.0,1.0,1.0,1.0,0.29827949702103224,1.0,1.0,1.0,1.0,0.7807123428190725
3729,1282ea8855e3dab29,True,,,,,,,,,,1.0,1.0,1.0,1.0,1.0,1.0,1.0,1.0,0.0,0.875
3730,29e06b2285a52c6d0,True,,,,,,,,,,1.0,1.0,0.0,1.0,1.0,0.0,0.0,1.0,0.0,0.0
3731,ba3bd0fad9e3fb6eb,True,,,,,,,,,,1.0,1.0,1.0,1.0,0.470613414000242,1.0,1.0,1.0,1.0,0.8345666918750756
3732,3b8808368bea4771a,True,,,,,,,,,,1.0,1.0,1.0,1.0,0.793549105231755,1.0,1.0,1.0,0.0,0.8104840953849235
3733,b840603cdbc809965,True,,,,,,,,,,1.0,1.0,0.0,1.0,1.0,1.0,0.0,1.0,0.0,0.0
3734,2cfe97d8f0bc1727a,True,,,,,,,,,,1.0,0.0,0.0,1.0,1.0,1.0,0.0,1.0,0.0,0.0
3735,c7c091e891a6bdac2,True,,,,,,,,,,1.0,1.0,1.0,1.0,0.8727441786923988,1.0,0.0,1.0,1.0,0.8352325558413747
3736,63e3d0d0e92dfb4d5,True,,,,,,,,,,1.0,0.0,1.0,1.0,1.0,1.0,1.0,1.0,0.0,0.0
3737,84be03c80c37d30a3,True,,,,,,,,,,0.0,1.0,1.0,1.0,1.0,0.0,1.0,1.0,0.0,0.0
3738,ea2b7520e71b4c759,True,,,,,,,,,,1.0,1.0,1.0,1.0,1.0,1.0,1.0,1.0,1.0,1.0
3739,84073ac4c8f117f43,True,,,,,,,,,,1.0,1.0,1.0,1.0,0.49278352182428253,1.0,0.0,1.0,1.0,0.7164948505700883
3740,e1f0dcd38a9ec2523,True,,,,,,,,,,1.0,1.0,0.0,1.0,1.0,0.0,0.0,1.0,0.0,0.0
3741,1a873a18080ef431b,True,,,,,,,,,,0.0,1.0,1.0,1.0,1.0,0.0,1.0,1.0,1.0,0.0
3742,393ebaed8cd47962e,True,,,,,,,,,,1.0,1.0,1.0,1.0,0.6134270613032348,1.0,1.0,1.0,1.0,0.8791959566572609
3743,3eb821b7811f5890d,True,,,,,,,,,,1.0,1.0,1.0,1.0,0.22805165102771577,1.0,0.0,1.0,1.0,0.6337661409461612
3744,4855fc07a04961bfd,True,,,,,,,,,,0.0,1.0,1.0,0.0,1.0,0.0,0.0,1.0,0.0,0.0
3745,f8ef03363118bcda4,True,,,,,,,,,,1.0,1.0,0.0,1.0,1.0,1.0,0.0,1.0,0.0,0.0
3746,767b060ded3878908,True,,,,,,,,,,1.0,1.0,1.0,1.0,0.9112680992934824,1.0,1.0,1.0,1.0,0.9722712810292132
3747,2bdf702f467e5cdf1,True,,,,,,,,,,1.0,1.0,1.0,1.0,0.3386670786772616,1.0,0.0,1.0,1.0,0.6683334620866442
3748,9529e21b44cd57c29,True,,,,,,,,,,1.0,1.0,1.0,1.0,0.7749666132030244,1.0,1.0,0.0,0.0,0.6796770666259451
3749,14a7cb384c787a167,True,,,,,,,,,,1.0,0.0,0.5,1.0,0.8122048308454537,1.0,0.0,1.0,0.0,0.0
3750,17924fa146add877f,True,,,,,,,,,,1.0,1.0,1.0,1.0,0.7329150004867586,1.0,1.0,1.0,1.0,0.916535937652112
3751,dd0ab6f5e9d352fb2,True,,,,,,,,,,1.0,1.0,0.5,1.0,1.0,1.0,0.0,1.0,1.0,0.4375
3752,21dda72ce686d45f5,True,,,,,,,,,,1.0,1.0,0.5,1.0,0.9292895070324447,1.0,0.0,1.0,0.0,0.3639514854738195
3753,40f8e0ab453bddbb1,True,,,,,,,,,,1.0,1.0,1.0,1.0,0.2555082445282105,1.0,0.0,1.0,1.0,0.6423463264150657
3754,85cab6604a5a39b78,True,,,,,,,,,,0.0,1.0,0.5,1.0,0.5848858699462239,0.0,0.0,1.0,0.0,0.0
3755,d015a262e6ee504bb,True,,,,,,,,,,1.0,1.0,1.0,1.0,1.0,1.0,0.0,1.0,0.0,0.75
3756,ea6b0110876910b22,True,,,,,,,,,,1.0,1.0,1.0,1.0,0.710143482080892,1.0,1.0,1.0,1.0,0.9094198381502787
3757,62631b017ceec5a18,True,,,,,,,,,,1.0,1.0,1.0,1.0,0.7180148200060652,1.0,0.0,1.0,0.0,0.6618796312518953
3758,b1c69e18979797988,True,,,,,,,,,,1.0,1.0,1.0,1.0,0.9118387251094436,1.0,0.0,1.0,1.0,0.8474496015967011
3759,06c6fd20a526803c4,True,,,,,,,,,,0.0,1.0,1.0,1.0,1.0,0.0,1.0,1.0,0.0,0.0
3760,43d8801586cb39007,True,,,,,,,,,,1.0,1.0,1.0,1.0,0.39234763425355573,1.0,0.0,1.0,0.0,0.5601086357042362
3761,0cf895d7d61939eb3,True,,,,,,,,,,1.0,1.0,1.0,1.0,1.0,1.0,0.0,1.0,0.0,0.75
3762,bf8b68552794d8026,True,,,,,,,,,,1.0,1.0,1.0,1.0,0.9896362038215603,1.0,0.0,1.0,0.0,0.7467613136942376
3763,ca4b53e32b7f4aedf,True,,,,,,,,,,1.0,1.0,1.0,1.0,0.49241775616955913,1.0,0.0,1.0,1.0,0.7163805488029873
3764,9afe3b5ff03c0b6bf,True,,,,,,,,,,1.0,1.0,1.0,1.0,1.0,1.0,1.0,1.0,1.0,1.0
3765,eb926b1ea7a29e612,True,,,,,,,,,,0.0,1.0,1.0,1.0,1.0,0.0,1.0,1.0,1.0,0.0
3766,cd9aed75f054bccb5,True,,,,,,,,,,1.0,1.0,1.0,1.0,0.5454394268080375,1.0,0.0,1.0,0.0,0.6079498208775117
3767,8cbf7cbc0d30a3d05,True,,,,,,,,,,1.0,1.0,1.0,1.0,0.537311472349686,1.0,1.0,1.0,0.0,0.7304098351092769
3768,5bd0e7981e5378287,True,,,,,,,,,,1.0,0.0,1.0,1.0,1.0,1.0,0.0,1.0,1.0,0.0
3769,bc91ea0c9c2963c7e,True,,,,,,,,,,1.0,1.0,1.0,1.0,0.6930507667580601,1.0,1.0,1.0,1.0,0.9040783646118937
3770,17f2adbc3fb3e02c2,True,,,,,,,,,,1.0,1.0,1.0,1.0,0.6892669554866608,1.0,1.0,1.0,0.0,0.7778959235895815
3771,c706c39c802cce2d4,True,,,,,,,,,,1.0,0.0,1.0,1.0,0.19493871906073296,1.0,1.0,1.0,1.0,0.0
3772,5dc798ecdc1897481,True,,,,,,,,,,1.0,1.0,0.0,1.0,0.8759552492339221,1.0,0.0,1.0,1.0,0.0
3773,5fa6ede627d6c9af7,True,,,,,,,,,,1.0,0.0,0.5,1.0,1.0,1.0,0.0,1.0,0.0,0.0
3774,d6c514686f23569a7,True,,,,,,,,,,1.0,1.0,1.0,1.0,0.6490129609299112,1.0,0.0,1.0,0.0,0.6403165502905972
3775,d6ae7a1180d77eafb,True,,,,,,,,,,1.0,1.0,1.0,1.0,0.6585773268513453,1.0,1.0,1.0,0.0,0.7683054146410454
3776,b7e1048a59015eb95,True,,,,,,,,,,1.0,1.0,1.0,1.0,0.6427266987549434,1.0,1.0,1.0,1.0,0.8883520933609198
3777,144eb49ce2929f8ea,True,,,,,,,,,,1.0,1.0,1.0,1.0,1.0,1.0,1.0,1.0,0.0,0.875
3778,d78e4f39396f3678e,True,,,,,,,,,,1.0,1.0,1.0,1.0,0.49368989062739244,1.0,1.0,1.0,0.0,0.7167780908210601
3779,d12e9fb682bb31656,True,,,,,,,,,,0.0,1.0,0.0,1.0,1.0,0.0,0.0,1.0,0.0,0.0
3780,624d6c465e568f7a9,True,,,,,,,,,,1.0,0.0,0.0,1.0,1.0,1.0,0.0,1.0,1.0,0.0
3781,2c7084169dfd8a99a,True,,,,,,,,,,0.0,1.0,0.0,1.0,1.0,0.0,0.0,1.0,1.0,0.0
3782,e03ef0605d72ffd1a,True,,,,,,,,,,1.0,1.0,1.0,1.0,0.43675697861534424,1.0,1.0,1.0,0.0,0.6989865558172951
3783,923c60fcee28fff76,True,,,,,,,,,,1.0,1.0,1.0,1.0,0.27069146788669,1.0,0.0,1.0,1.0,0.6470910837145907
3784,fef06dc806442398d,True,,,,,,,,,,1.0,1.0,1.0,1.0,0.5077984465261508,1.0,1.0,1.0,1.0,0.8461870145394221
3785,8776bb6a2a0edef8e,True,,,,,,,,,,1.0,1.0,1.0,1.0,0.382068220339141,1.0,0.0,1.0,1.0,0.6818963188559816
3786,f32e09eab0a9183d4,True,,,,,,,,,,1.0,1.0,1.0,0.0,1.0,1.0,0.0,1.0,1.0,0.0
3787,2b357fcebd9642bfe,True,,,,,,,,,,1.0,0.0,1.0,1.0,1.0,1.0,0.0,1.0,0.0,0.0
3788,434058a9bff839494,True,,,,,,,,,,1.0,1.0,0.5,1.0,0.8651972116487342,1.0,0.0,1.0,1.0,0.41643706432011474
3789,15b6de5b6b812b547,True,,,,,,,,,,0.0,1.0,1.0,1.0,1.0,0.0,1.0,0.0,0.0,0.0
3790,4aa528f577df911a3,True,,,,,,,,,,1.0,1.0,1.0,1.0,0.8645802041398284,1.0,0.0,1.0,1.0,0.8326813137936964
3791,98f63c421f75a8ead,True,,,,,,,,,,1.0,1.0,1.0,1.0,1.0,1.0,0.0,1.0,1.0,0.875
3792,5f64cfcf81e889869,True,,,,,,,,,,0.0,1.0,1.0,1.0,0.2934837734235859,0.0,0.0,1.0,0.0,0.0
3793,64560358188d68edd,True,,,,,,,,,,1.0,1.0,1.0,1.0,1.0,1.0,0.0,1.0,0.0,0.75
3794,6a802ffe0ffb0c125,True,,,,,,,,,,1.0,1.0,1.0,1.0,0.5337039104666337,1.0,1.0,1.0,1.0,0.8542824720208231
3795,dcd3a1adb7268a54d,True,,,,,,,,,,1.0,1.0,1.0,1.0,0.5978924122332283,1.0,1.0,1.0,0.0,0.7493413788228839
3796,274217f22058c3a7c,True,,,,,,,,,,1.0,1.0,1.0,1.0,0.935692872326073,1.0,1.0,1.0,1.0,0.9799040226018978
3797,c4acda7791668ad2d,True,,,,,,,,,,1.0,1.0,1.0,1.0,0.52302902976775,1.0,1.0,1.0,1.0,0.8509465718024218
3798,a1de70408377fb037,True,,,,,,,,,,1.0,1.0,1.0,1.0,0.817393235405585,1.0,1.0,1.0,1.0,0.9429353860642453
3799,9e8bcf0ba8fefe716,True,,,,,,,,,,1.0,1.0,1.0,1.0,0.8815583543020605,1.0,1.0,1.0,1.0,0.9629869857193939
3800,cdb408bfe8cbbd8b3,True,,,,,,,,,,0.0,0.0,0.5,1.0,0.8947478632392726,0.0,1.0,1.0,0.0,0.0
3801,c2ee3d175867a9e7a,True,,,,,,,,,,1.0,1.0,0.0,1.0,0.9700837317297696,1.0,1.0,1.0,1.0,0.0
3802,2730c2af7fa40d559,True,,,,,,,,,,1.0,1.0,1.0,1.0,1.0,1.0,1.0,1.0,1.0,1.0
3803,7442542b3671c78bc,True,,,,,,,,,,1.0,1.0,1.0,1.0,0.6053846443219288,1.0,0.0,1.0,1.0,0.7516827013506028
3804,1cc31a1834f400ea1,True,,,,,,,,,,0.0,1.0,1.0,1.0,1.0,0.0,0.0,1.0,0.0,0.0
3805,ee232d7fae40f5bcc,True,,,,,,,,,,1.0,0.0,1.0,1.0,1.0,1.0,1.0,1.0,0.0,0.0
3806,d438ad9624b532d1a,True,,,,,,,,,,1.0,1.0,1.0,1.0,0.6948607594441857,1.0,0.0,1.0,1.0,0.779643987326308
3807,ffe0db4c4b5ed141a,True,,,,,,,,,,1.0,1.0,0.5,1.0,1.0,1.0,0.0,1.0,1.0,0.4375
3808,c4a613ef81174337b,True,,,,,,,,,,1.0,0.0,0.5,1.0,1.0,1.0,0.0,1.0,1.0,0.0
3809,a50c0b5a789ee7174,True,,,,,,,,,,0.0,1.0,0.0,1.0,0.845343077091166,0.0,0.0,1.0,1.0,0.0
3810,46c11df9f73cc2f71,True,,,,,,,,,,1.0,1.0,1.0,1.0,0.4702261075473023,1.0,1.0,1.0,1.0,0.834445658608532
3811,e1bcade7bd67e9b78,True,,,,,,,,,,1.0,1.0,1.0,1.0,0.9613407470707067,1.0,0.0,1.0,1.0,0.8629189834595958
3812,9e3a4761b9b643940,True,,,,,,,,,,1.0,0.0,0.0,1.0,1.0,1.0,0.0,1.0,0.0,0.0
3813,8568f4ee5859ce652,True,,,,,,,,,,1.0,1.0,0.5,1.0,0.7478898650493814,1.0,0.0,1.0,1.0,0.39810779141396585
3814,6565c4983e9b3670b,True,,,,,,,,,,1.0,0.0,0.5,1.0,0.6712130692469824,1.0,0.0,1.0,0.0,0.0
3815,f6807a15ef236a60e,True,,,,,,,,,,1.0,0.0,1.0,1.0,1.0,1.0,1.0,0.0,0.0,0.0
3816,c6e28acbe0fc41c9e,True,,,,,,,,,,1.0,1.0,1.0,1.0,0.3490935189601206,1.0,0.0,1.0,1.0,0.6715917246750377
3817,e620593c6271f1028,True,,,,,,,,,,1.0,1.0,1.0,1.0,0.2643704087897636,1.0,0.0,1.0,1.0,0.6451157527468011
3818,5607119f8cda83560,True,,,,,,,,,,1.0,1.0,1.0,1.0,1.0,1.0,0.0,1.0,0.0,0.75
3819,bbd5b072e1b30acbb,True,,,,,,,,,,1.0,1.0,0.5,1.0,1.0,1.0,0.0,1.0,0.0,0.375
3820,8540d07d75bf477e8,True,,,,,,,,,,0.0,1.0,1.0,1.0,0.8894346965934132,0.0,1.0,1.0,0.0,0.0
3821,6407b45b597b1c340,True,,,,,,,,,,1.0,1.0,1.0,1.0,1.0,1.0,0.0,1.0,0.0,0.75
3822,2d73739d94bdfb12e,True,,,,,,,,,,0.0,1.0,1.0,1.0,1.0,0.0,0.0,1.0,0.0,0.0
3823,a34ac70446a543335,True,,,,,,,,,,1.0,1.0,1.0,1.0,1.0,1.0,1.0,1.0,0.0,0.875
3824,00bbaca29a3b34595,True,,,,,,,,,,1.0,1.0,1.0,1.0,0.7578093514436038,1.0,1.0,1.0,1.0,0.9243154223261262
3825,90b96d597a7a1dd74,True,,,,,,,,,,1.0,1.0,1.0,1.0,0.8889955705551508,1.0,1.0,1.0,1.0,0.9653111157984846
3826,b3caab7fde86ee89e,True,,,,,,,,,,1.0,1.0,1.0,1.0,0.3404695473261463,1.0,0.0,1.0,1.0,0.6688967335394207
3827,537f7c58a5c39bec7,True,,,,,,,,,,1.0,1.0,1.0,1.0,0.8749715598305363,1.0,0.0,1.0,1.0,0.8359286124470426
3828,d66bc12e93857dd9a,True,,,,,,,,,,1.0,1.0,1.0,1.0,0.18295062788870625,1.0,1.0,1.0,1.0,0.7446720712152207
3829,2dac755118d4733e7,True,,,,,,,,,,1.0,1.0,1.0,1.0,0.8885356346451376,1.0,0.0,1.0,1.0,0.8401673858266054
3830,e318affbd4be74ca2,True,,,,,,,,,,1.0,1.0,0.0,1.0,0.9779679297264804,1.0,0.0,1.0,1.0,0.0
3831,8f8fa607cf20ce163,True,,,,,,,,,,1.0,1.0,1.0,1.0,0.7427023638705542,1.0,1.0,1.0,1.0,0.9195944887095482
3832,214aedc89904305ef,True,,,,,,,,,,1.0,1.0,1.0,0.0,1.0,1.0,1.0,1.0,1.0,0.0
3833,412fcdb7f8f144443,True,,,,,,,,,,1.0,1.0,1.0,1.0,1.0,1.0,1.0,1.0,1.0,1.0
3834,c9e15316a3a9036a8,True,,,,,,,,,,1.0,0.0,1.0,1.0,0.8296521782565223,1.0,1.0,1.0,0.0,0.0
3835,e9678d2903b5f46d6,True,,,,,,,,,,1.0,1.0,1.0,1.0,1.0,1.0,0.0,1.0,1.0,0.875
3836,5e35c45c67a83ec9a,True,,,,,,,,,,1.0,1.0,1.0,1.0,0.6238023287455475,1.0,1.0,1.0,0.0,0.7574382277329836
3837,bc9c6d13fa066c8ed,True,,,,,,,,,,1.0,1.0,1.0,1.0,0.9574326939730534,1.0,1.0,1.0,1.0,0.9866977168665791
3838,bf77adfc09f7cebc5,True,,,,,,,,,,1.0,1.0,1.0,1.0,1.0,1.0,1.0,1.0,1.0,1.0
3839,7dd7378a3a19d8a0e,True,,,,,,,,,,1.0,1.0,1.0,1.0,0.6684378355400391,1.0,1.0,1.0,1.0,0.8963868236062622
3840,b1c87adfc82a52734,True,,,,,,,,,,0.0,1.0,1.0,1.0,1.0,0.0,0.0,1.0,0.0,0.0
3841,0fc649902e2af4e9e,True,,,,,,,,,,1.0,1.0,1.0,1.0,0.6154447339146519,1.0,1.0,1.0,1.0,0.8798264793483287
3842,8477f7ad00092e6c2,True,,,,,,,,,,1.0,0.0,1.0,1.0,1.0,1.0,1.0,1.0,1.0,0.0
3843,ed6d05f676ec3069b,True,,,,,,,,,,1.0,1.0,1.0,1.0,0.4773296848425382,1.0,1.0,1.0,1.0,0.8366655265132932
3844,59c1acee0df7ca984,True,,,,,,,,,,1.0,1.0,1.0,1.0,0.5696100024822668,1.0,0.0,1.0,1.0,0.7405031257757084
3845,fb36ad22580aff945,True,,,,,,,,,,1.0,1.0,0.0,1.0,1.0,1.0,0.0,1.0,1.0,0.0
3846,bba1435e11b43591b,True,,,,,,,,,,0.0,1.0,1.0,1.0,0.30727113668053246,1.0,1.0,1.0,0.0,0.0
3847,ecd732b7421818ec0,True,,,,,,,,,,1.0,0.0,1.0,1.0,1.0,1.0,0.0,1.0,1.0,0.0
3848,816c667298ca2d859,True,,,,,,,,,,1.0,1.0,1.0,1.0,0.854816533210029,1.0,1.0,1.0,1.0,0.954630166628134
3849,3d0fbd6a6fbde5f86,True,,,,,,,,,,1.0,0.0,1.0,1.0,1.0,1.0,1.0,1.0,1.0,0.0
3850,9941e5249d262210a,True,,,,,,,,,,1.0,1.0,1.0,1.0,0.7588996902949691,1.0,1.0,1.0,0.0,0.7996561532171779
3851,4f84585468f82a1fc,True,,,,,,,,,,1.0,1.0,0.0,1.0,1.0,1.0,0.0,1.0,1.0,0.0
3852,a4e79fc70ac65c883,True,,,,,,,,,,1.0,1.0,1.0,1.0,0.7214184261402776,1.0,0.0,1.0,0.0,0.6629432581688368
3853,ceabdb590d507edf3,True,,,,,,,,,,1.0,1.0,0.0,1.0,0.7310473234300248,1.0,0.0,1.0,0.0,0.0
3854,0b1c3be99252f24af,True,,,,,,,,,,1.0,1.0,1.0,1.0,1.0,1.0,1.0,1.0,0.0,0.875
3855,c909e005442d28a9c,True,,,,,,,,,,1.0,1.0,1.0,1.0,0.8492939731371956,1.0,1.0,1.0,1.0,0.9529043666053736
3856,f878117d44bbeb817,True,,,,,,,,,,1.0,1.0,1.0,1.0,1.0,1.0,0.0,1.0,1.0,0.875
3857,da66c0e7baeb30f35,True,,,,,,,,,,1.0,1.0,1.0,1.0,0.789843210459605,1.0,0.0,1.0,1.0,0.8093260032686266
3858,7128f87176a382be0,True,,,,,,,,,,0.0,1.0,1.0,1.0,1.0,0.0,1.0,1.0,0.0,0.0
3859,a5fd097616c7708db,True,,,,,,,,,,1.0,1.0,1.0,1.0,1.0,1.0,0.0,1.0,1.0,0.875
3860,10cc41fbc38a43481,True,,,,,,,,,,0.0,1.0,1.0,1.0,0.6976188089256927,0.0,1.0,1.0,1.0,0.0
3861,699fb67837db96cea,True,,,,,,,,,,1.0,1.0,0.0,1.0,1.0,1.0,0.0,1.0,1.0,0.0
3862,e2d605dbd1207f15f,True,,,,,,,,,,1.0,1.0,1.0,1.0,0.68627355446863,1.0,0.0,1.0,1.0,0.7769604857714469
3863,feff8b53a0025b738,True,,,,,,,,,,1.0,1.0,1.0,1.0,0.3707057058743848,1.0,0.0,1.0,0.0,0.5533455330857453
3864,e536d36c3e7306e47,True,,,,,,,,,,0.0,1.0,1.0,1.0,1.0,0.0,0.0,1.0,0.0,0.0
3865,6f8794f5f301202d0,True,,,,,,,,,,1.0,1.0,1.0,1.0,1.0,1.0,1.0,1.0,1.0,1.0
3866,eb46263a3a324c2e0,True,,,,,,,,,,1.0,1.0,1.0,1.0,0.8485236177272426,1.0,1.0,1.0,1.0,0.9526636305397633
3867,ef08e59a9c882aea6,True,,,,,,,,,,0.0,1.0,1.0,1.0,1.0,0.0,0.0,1.0,1.0,0.0
3868,aecd96a93af75adeb,True,,,,,,,,,,1.0,1.0,1.0,1.0,1.0,1.0,0.0,1.0,0.0,0.75
3869,f324e70acbaa11675,True,,,,,,,,,,1.0,1.0,1.0,1.0,0.6331096493254611,1.0,1.0,1.0,1.0,0.8853467654142066
3870,be5258dc2386ca4e3,True,,,,,,,,,,1.0,1.0,1.0,1.0,1.0,1.0,0.0,1.0,0.0,0.75
3871,4ea8e51fd89a2e0aa,True,,,,,,,,,,1.0,0.0,0.0,1.0,1.0,1.0,0.0,1.0,0.0,0.0
3872,c7e0e6deef7f0758e,True,,,,,,,,,,1.0,1.0,1.0,1.0,0.704957680299466,1.0,1.0,1.0,0.0,0.7827992750935832
3873,a244e51837aaa9bc4,True,,,,,,,,,,1.0,1.0,1.0,1.0,1.0,1.0,0.0,1.0,0.0,0.75
3874,10c72d595566b545a,True,,,,,,,,,,1.0,1.0,1.0,1.0,1.0,0.0,1.0,1.0,0.0,0.5625
3875,7ac64209033f8834f,True,,,,,,,,,,1.0,1.0,0.5,1.0,0.6458189364243161,1.0,0.0,1.0,1.0,0.3821592088162994
3876,ee835d04e79982ac7,True,,,,,,,,,,1.0,1.0,1.0,1.0,1.0,1.0,0.0,1.0,1.0,0.875
3877,fa28a1a92ae386086,True,,,,,,,,,,1.0,0.0,1.0,1.0,0.646041331937191,1.0,1.0,1.0,0.0,0.0
3878,f10788e83a50fa0b2,True,,,,,,,,,,1.0,0.0,1.0,1.0,0.5644948229799505,1.0,0.0,1.0,1.0,0.0
3879,9e4e2947f7b3098a7,True,,,,,,,,,,0.0,1.0,1.0,1.0,1.0,0.0,0.0,1.0,1.0,0.0
3880,b5e97b7e8ca0f8b19,True,,,,,,,,,,1.0,1.0,1.0,1.0,0.7392250219321076,1.0,1.0,1.0,1.0,0.9185078193537837
3881,2fde3a5e36412e1a9,True,,,,,,,,,,1.0,0.0,1.0,1.0,1.0,1.0,1.0,1.0,0.0,0.0
3882,bca57d9f8472bf1be,True,,,,,,,,,,1.0,1.0,1.0,1.0,0.7895193231177579,1.0,1.0,1.0,1.0,0.9342247884742994
3883,b9f22151c02f5a7d4,True,,,,,,,,,,0.0,1.0,0.5,1.0,1.0,0.0,1.0,1.0,0.0,0.0
3884,d4c12619399c7d2e4,True,,,,,,,,,,1.0,1.0,1.0,1.0,0.9467363347035155,1.0,0.0,1.0,1.0,0.8583551045948485
3885,da2e81331b0e59b3e,True,,,,,,,,,,1.0,1.0,1.0,1.0,1.0,1.0,0.0,1.0,1.0,0.875
3886,d42ef26a98f8b0220,True,,,,,,,,,,1.0,1.0,1.0,1.0,0.9426788443429671,1.0,1.0,1.0,1.0,0.9820871388571772
3887,666a09df2cf7b4568,True,,,,,,,,,,1.0,1.0,0.0,1.0,1.0,1.0,0.0,1.0,1.0,0.0
3888,56c892f39067ffb33,True,,,,,,,,,,1.0,0.0,1.0,1.0,0.8852941583632048,1.0,1.0,1.0,1.0,0.0
3889,bcdf9aeebdcada173,True,,,,,,,,,,1.0,1.0,1.0,1.0,0.9960744150081875,1.0,0.0,1.0,0.0,0.7487732546900586
3890,ad6a7a2414e2a5ac3,True,,,,,,,,,,1.0,0.0,0.0,1.0,1.0,1.0,0.0,1.0,1.0,0.0
3891,3d093356af980da3c,True,,,,,,,,,,1.0,1.0,1.0,1.0,0.6638848000196322,1.0,1.0,1.0,1.0,0.8949640000061351
3892,0d82f96df900285cb,True,,,,,,,,,,1.0,1.0,1.0,1.0,0.43017404570541745,1.0,1.0,1.0,0.0,0.6969293892829429
3893,1ddeaca2c3ce651e2,True,,,,,,,,,,1.0,1.0,1.0,1.0,0.8727754082554516,1.0,1.0,1.0,1.0,0.9602423150798287
3894,087c2f352474fc4ee,True,,,,,,,,,,1.0,1.0,1.0,1.0,0.2855947604479495,1.0,1.0,1.0,1.0,0.7767483626399843
3895,2f24eb49857240d79,True,,,,,,,,,,1.0,1.0,1.0,1.0,1.0,1.0,1.0,1.0,1.0,1.0
3896,c293d0be2f2680817,True,,,,,,,,,,1.0,0.0,0.5,1.0,1.0,1.0,0.0,0.0,0.0,0.0
3897,5046d4b4e74d6cbbd,True,,,,,,,,,,1.0,0.0,1.0,0.0,1.0,1.0,0.0,1.0,1.0,0.0
3898,749b3e461ac448a6a,True,,,,,,,,,,0.0,0.0,0.0,1.0,1.0,0.0,0.0,1.0,0.0,0.0
3899,f57b598a624e522c7,True,,,,,,,,,,1.0,1.0,1.0,1.0,0.5201898338104783,1.0,0.0,1.0,1.0,0.7250593230657745
3900,67bddd305e7735344,True,,,,,,,,,,1.0,1.0,1.0,1.0,0.3281921741557368,1.0,1.0,1.0,1.0,0.7900600544236678
3901,15f665441aeb9b139,True,,,,,,,,,,1.0,1.0,1.0,1.0,1.0,1.0,1.0,1.0,0.0,0.875
3902,2614f6ffeaef993a9,True,,,,,,,,,,1.0,1.0,1.0,1.0,0.5279208583437304,1.0,0.0,1.0,1.0,0.7274752682324157
3903,ab0ba6120248926e3,True,,,,,,,,,,1.0,0.0,1.0,1.0,1.0,1.0,0.0,1.0,0.0,0.0
3904,272d0fb68e72a32c3,True,,,,,,,,,,1.0,1.0,0.5,1.0,1.0,1.0,1.0,1.0,1.0,0.5
3905,93815cb266f991f06,True,,,,,,,,,,1.0,0.0,1.0,0.0,1.0,1.0,1.0,1.0,0.0,0.0
3906,fd21a94f937e1535f,True,,,,,,,,,,1.0,0.0,1.0,1.0,0.4524762086958729,1.0,1.0,1.0,1.0,0.0
3907,031e271f324d8fe95,True,,,,,,,,,,1.0,1.0,0.0,1.0,1.0,1.0,0.0,1.0,1.0,0.0
3908,395c08bc6114b0b9e,True,,,,,,,,,,1.0,1.0,1.0,1.0,0.30308388944752385,1.0,1.0,1.0,1.0,0.7822137154523512
3909,19590a52744c02e94,True,,,,,,,,,,1.0,1.0,1.0,1.0,0.9419166417760867,1.0,1.0,1.0,1.0,0.9818489505550271
3910,1d7b812f26f914c71,True,,,,,,,,,,0.0,1.0,1.0,1.0,1.0,0.0,0.0,0.0,0.0,0.0
3911,9e9f60c0dd89a3428,True,,,,,,,,,,1.0,0.0,1.0,1.0,0.685897588411038,1.0,0.0,1.0,0.0,0.0
3912,3fdf3c5e045298ad9,True,,,,,,,,,,1.0,1.0,1.0,1.0,0.7176849746957744,1.0,1.0,1.0,0.0,0.7867765545924295
3913,30c354120aed6af34,True,,,,,,,,,,1.0,0.0,1.0,1.0,1.0,1.0,1.0,1.0,0.0,0.0
3914,5ee839d646b6d620e,True,,,,,,,,,,1.0,1.0,0.5,1.0,0.38235770641107664,1.0,0.0,1.0,1.0,0.3409933916267307
3915,b6d9feff81539b7b7,True,,,,,,,,,,1.0,1.0,0.0,1.0,1.0,1.0,0.0,1.0,0.0,0.0
3916,02e812e171526ec23,True,,,,,,,,,,1.0,1.0,1.0,1.0,0.46452563148173076,1.0,1.0,1.0,1.0,0.8326642598380409
3917,c1f2006b4745c21bc,True,,,,,,,,,,1.0,0.0,1.0,1.0,0.7789048116284022,1.0,1.0,1.0,0.0,0.0
3918,f12a7ee18a123034b,True,,,,,,,,,,1.0,0.0,1.0,1.0,1.0,1.0,1.0,1.0,1.0,0.0
3919,b4804c80431225e41,True,,,,,,,,,,1.0,0.0,1.0,1.0,1.0,1.0,1.0,1.0,1.0,0.0
3920,a317b20e8d007342f,True,,,,,,,,,,1.0,1.0,1.0,1.0,1.0,1.0,0.0,1.0,0.0,0.75
3921,b592db40b4ae7d08c,True,,,,,,,,,,1.0,1.0,1.0,1.0,0.35994490222914244,1.0,0.0,1.0,0.0,0.549982781946607
3922,525d0548f3cf8685b,True,,,,,,,,,,0.0,0.0,0.5,1.0,0.8885364529702889,0.0,1.0,1.0,0.0,0.0
3923,77f94784109733a34,True,,,,,,,,,,1.0,1.0,1.0,1.0,0.5879609520446065,1.0,0.0,1.0,0.0,0.6212377975139396
3924,01939f050c164b6c4,True,,,,,,,,,,1.0,1.0,1.0,1.0,1.0,1.0,0.0,1.0,1.0,0.875
3925,5de761c988f97e1fa,True,,,,,,,,,,1.0,1.0,1.0,1.0,0.6389063656258471,1.0,1.0,1.0,1.0,0.8871582392580772
3926,78e83fee2e80cffb8,True,,,,,,,,,,1.0,1.0,1.0,1.0,0.29239550584253476,1.0,1.0,1.0,1.0,0.7788735955757922
3927,6ba28ea05bd9dd3df,True,,,,,,,,,,1.0,1.0,1.0,0.0,1.0,1.0,1.0,1.0,1.0,0.0
3928,f874994b902ae45d7,True,,,,,,,,,,1.0,1.0,1.0,1.0,1.0,1.0,0.0,1.0,1.0,0.875
3929,a5323cbe675ea589c,True,,,,,,,,,,1.0,0.0,1.0,1.0,0.581728801142529,1.0,0.0,1.0,1.0,0.0
3930,8e24bdf2be5da6777,True,,,,,,,,,,1.0,1.0,1.0,1.0,0.468941996950135,1.0,0.0,1.0,1.0,0.7090443740469172
3931,28129e06d328f708d,True,,,,,,,,,,1.0,1.0,1.0,1.0,0.7906983593928639,1.0,1.0,0.0,0.0,0.68459323731027
3932,102f1115bc733e323,True,,,,,,,,,,1.0,1.0,1.0,1.0,0.2656210718307254,1.0,0.0,1.0,0.0,0.5205065849471017
3933,2fcce49ea42967480,True,,,,,,,,,,1.0,1.0,1.0,1.0,0.3693592778686724,1.0,1.0,1.0,0.0,0.6779247743339601
3934,f6f239b03260b58d8,True,,,,,,,,,,1.0,0.0,0.5,1.0,1.0,1.0,0.0,1.0,0.0,0.0
3935,8add9070020c81cb2,True,,,,,,,,,,0.0,1.0,1.0,1.0,1.0,0.0,0.0,1.0,1.0,0.0
3936,246f9bdfe24441b91,True,,,,,,,,,,0.0,1.0,1.0,1.0,1.0,0.0,0.0,1.0,0.0,0.0
3937,3501e37f323516fb9,True,,,,,,,,,,1.0,0.0,1.0,1.0,1.0,1.0,1.0,1.0,1.0,0.0
3938,a779cf32b55be3c41,True,,,,,,,,,,1.0,1.0,1.0,1.0,0.8663256940121088,1.0,1.0,1.0,1.0,0.958226779378784
3939,3d05bde7ec3405ddd,True,,,,,,,,,,0.5,0.0,1.0,1.0,1.0,0.0,0.0,1.0,0.0,0.0
3940,71313a0d415f3ff89,True,,,,,,,,,,1.0,1.0,1.0,1.0,0.7925358782945569,1.0,1.0,1.0,1.0,0.935167461967049
3941,5b5acbaa4890aaac9,True,,,,,,,,,,1.0,0.0,0.0,1.0,1.0,1.0,0.0,1.0,1.0,0.0
3942,5154115e543f3aa9a,True,,,,,,,,,,1.0,0.0,1.0,1.0,0.4345230029520483,1.0,1.0,1.0,1.0,0.0
3943,977ccf108c51d43d0,True,,,,,,,,,,1.0,1.0,1.0,1.0,0.43633846657876485,1.0,1.0,1.0,0.0,0.698855770805864
3944,bc9a77699f862350d,True,,,,,,,,,,1.0,1.0,1.0,1.0,0.39007617844620973,1.0,1.0,1.0,1.0,0.8093988057644406
3945,bab53404d010ca7f6,True,,,,,,,,,,1.0,1.0,0.0,1.0,0.8281350874810508,1.0,1.0,1.0,1.0,0.0
3946,cbf6dd30a0ed348b8,True,,,,,,,,,,0.0,1.0,1.0,1.0,1.0,0.0,0.0,1.0,1.0,0.0
3947,27061907e5be28dba,True,,,,,,,,,,1.0,1.0,1.0,1.0,0.7448879498961762,1.0,1.0,1.0,1.0,0.9202774843425551
3948,28416fd7feabf49fd,True,,,,,,,,,,1.0,1.0,1.0,1.0,0.42602235872810645,1.0,1.0,1.0,1.0,0.8206319871025333
3949,f24aff9d7884c81d2,True,,,,,,,,,,0.5,1.0,1.0,1.0,1.0,0.0,1.0,1.0,0.0,0.28125
3950,16f88a7f9c92243cb,True,,,,,,,,,,1.0,0.0,1.0,1.0,1.0,0.0,0.0,1.0,0.0,0.0
3951,0d322fa61ecc39416,True,,,,,,,,,,1.0,1.0,1.0,1.0,0.797431627372685,1.0,1.0,1.0,1.0,0.936697383553964
3952,06a374b6e74317285,True,,,,,,,,,,1.0,1.0,1.0,1.0,0.7033309222188987,1.0,1.0,1.0,0.0,0.7822909131934058
3953,ee370f6df7c0912be,True,,,,,,,,,,1.0,1.0,1.0,1.0,1.0,1.0,1.0,1.0,0.0,0.875
3954,5c23f7f4493bf911d,True,,,,,,,,,,1.0,1.0,1.0,1.0,0.8383321678437737,1.0,0.0,1.0,1.0,0.8244788024511793
3955,8081e2cd26d042444,True,,,,,,,,,,1.0,1.0,1.0,1.0,1.0,1.0,1.0,1.0,0.0,0.875
3956,4a5ea5d6a2735531c,True,,,,,,,,,,1.0,1.0,1.0,1.0,0.9871546449804633,1.0,1.0,1.0,1.0,0.9959858265563948
3957,59b05ded13f97b278,True,,,,,,,,,,1.0,1.0,1.0,1.0,0.5363871015860889,1.0,0.0,1.0,0.0,0.6051209692456527
3958,c98ccf44f3285fa8b,True,,,,,,,,,,1.0,1.0,1.0,1.0,0.8015916285835373,1.0,1.0,1.0,1.0,0.9379973839323554
3959,6f730ed4241558274,True,,,,,,,,,,1.0,1.0,0.0,1.0,1.0,1.0,0.0,1.0,1.0,0.0
3960,a8b2c2c9a9c84c4f5,True,,,,,,,,,,1.0,1.0,1.0,1.0,0.29703004103003955,1.0,1.0,1.0,1.0,0.7803218878218874
3961,43dd11b817c6bdaa8,True,,,,,,,,,,1.0,1.0,1.0,1.0,1.0,1.0,0.0,1.0,0.0,0.75
3962,a557acb1f1d4211d2,True,,,,,,,,,,1.0,1.0,1.0,1.0,0.6986903340174437,1.0,0.0,1.0,1.0,0.7808407293804511
3963,3cf1a7b9d21da00c2,True,,,,,,,,,,1.0,1.0,1.0,1.0,0.40883281860901644,1.0,0.0,1.0,1.0,0.6902602558153177
3964,76caf6deea5aff60c,True,,,,,,,,,,1.0,1.0,1.0,1.0,1.0,1.0,1.0,1.0,0.0,0.875
3965,57226182464088f5d,True,,,,,,,,,,1.0,0.0,1.0,1.0,1.0,1.0,1.0,1.0,0.0,0.0
3966,95f0d6c3b4018f122,True,,,,,,,,,,1.0,1.0,1.0,1.0,0.9404536038879369,1.0,1.0,1.0,1.0,0.9813917512149803
3967,fb56a869a86a4e9ee,True,,,,,,,,,,1.0,1.0,1.0,1.0,0.8065998361981064,1.0,1.0,0.0,0.0,0.6895624488119083
3968,cc06efea87df36bc7,True,,,,,,,,,,1.0,1.0,1.0,1.0,0.585659122231636,1.0,0.0,1.0,0.0,0.6205184756973863
3969,03ba5f567d1b3dc30,True,,,,,,,,,,1.0,1.0,1.0,1.0,0.42014660462781767,1.0,1.0,1.0,0.0,0.693795813946193
3970,b6b4b0f2f2a7815cb,True,,,,,,,,,,1.0,1.0,1.0,1.0,0.4392878467102129,1.0,1.0,1.0,1.0,0.8247774520969415
3971,cd8ff4168df3741e2,True,,,,,,,,,,1.0,1.0,1.0,1.0,0.5522138168081249,1.0,1.0,1.0,0.0,0.735066817752539
3972,aa6ae8ce4dc53d9af,True,,,,,,,,,,1.0,1.0,1.0,1.0,0.938415220940327,1.0,0.0,1.0,1.0,0.8557547565438521
3973,8caf8f0fb08aa9aa2,True,,,,,,,,,,1.0,1.0,1.0,1.0,0.4831912192201905,1.0,1.0,1.0,1.0,0.8384972560063095
3974,88805cefd139114f5,True,,,,,,,,,,0.0,0.0,1.0,1.0,1.0,0.0,0.0,1.0,0.0,0.0
3975,168a27b36c1bcf538,True,,,,,,,,,,1.0,1.0,0.0,1.0,0.9765076359065991,1.0,0.0,1.0,0.0,0.0
3976,4287573d9633c7d2c,True,,,,,,,,,,1.0,1.0,0.5,1.0,0.8104724517991646,1.0,0.0,1.0,1.0,0.40788632059361946
3977,bc686838d510dad87,True,,,,,,,,,,1.0,1.0,1.0,1.0,0.9118927538087928,1.0,0.0,1.0,0.0,0.7224664855652477
3978,994054d09b71160e0,True,,,,,,,,,,1.0,1.0,1.0,1.0,0.5685621688391793,1.0,0.0,1.0,1.0,0.7401756777622435
3979,d1e49d53c8a87357c,True,,,,,,,,,,1.0,0.0,0.5,1.0,1.0,1.0,0.0,1.0,0.0,0.0
3980,891a4a3fda5ecaf08,True,,,,,,,,,,1.0,1.0,1.0,1.0,1.0,1.0,0.0,1.0,1.0,0.875
3981,660b054f474f6bec1,True,,,,,,,,,,1.0,1.0,1.0,1.0,0.5854785729427981,1.0,1.0,1.0,1.0,0.8704620540446244
3982,38a3f728f0878e6c6,True,,,,,,,,,,0.0,1.0,1.0,0.0,1.0,0.0,1.0,1.0,0.0,0.0
3983,b1446d3c05a5f7c0a,True,,,,,,,,,,1.0,1.0,0.5,1.0,1.0,1.0,0.0,1.0,0.0,0.375
3984,5453eaf707e343346,True,,,,,,,,,,1.0,1.0,1.0,1.0,1.0,1.0,1.0,1.0,0.0,0.875
3985,9606e967ad3c59ad3,True,,,,,,,,,,1.0,1.0,1.0,1.0,1.0,1.0,1.0,1.0,0.0,0.875
3986,5bf5914f66c7794ef,True,,,,,,,,,,1.0,0.0,1.0,1.0,0.8567529126853561,1.0,0.0,1.0,1.0,0.0
3987,951dde0b224c880bd,True,,,,,,,,,,1.0,1.0,1.0,1.0,0.38601421448284134,1.0,1.0,1.0,1.0,0.808129442025888
3988,6e7f645a1e9a9337a,True,,,,,,,,,,0.0,0.0,1.0,1.0,1.0,0.0,0.0,1.0,0.0,0.0
3989,8c25a75ef46e49d9f,True,,,,,,,,,,1.0,1.0,1.0,1.0,0.3160450115495188,1.0,1.0,1.0,1.0,0.7862640661092246
3990,2d98dd5a526780315,True,,,,,,,,,,1.0,1.0,0.0,1.0,1.0,1.0,1.0,1.0,0.0,0.0
3991,6f033e7af721547a9,True,,,,,,,,,,1.0,1.0,1.0,1.0,0.662151495659269,1.0,1.0,1.0,1.0,0.8944223423935216
3992,d18ebc94f4f3cb405,True,,,,,,,,,,1.0,1.0,1.0,1.0,1.0,1.0,0.0,1.0,0.0,0.75
3993,fe2856fd4df6ee473,True,,,,,,,,,,1.0,1.0,1.0,1.0,0.79858808967204,1.0,0.0,1.0,1.0,0.8120587780225125
3994,c03a37189cd1ca69a,True,,,,,,,,,,0.0,1.0,1.0,1.0,1.0,0.0,0.0,1.0,0.0,0.0
3995,36c3a5d31d406a1c2,True,,,,,,,,,,1.0,1.0,1.0,1.0,0.95632565861552,1.0,1.0,1.0,0.0,0.8613517683173499
3996,b3c7672d677c644c7,True,,,,,,,,,,1.0,1.0,1.0,1.0,0.6617169207320366,1.0,1.0,1.0,1.0,0.8942865377287614
3997,fe1ca3f5f54761556,True,,,,,,,,,,1.0,0.0,0.0,1.0,1.0,1.0,0.0,1.0,0.0,0.0
3998,452f589a00d505838,True,,,,,,,,,,1.0,1.0,1.0,1.0,0.41920053314644234,1.0,0.0,1.0,0.0,0.5685001666082632
3999,e19b34f93116cdb17,True,,,,,,,,,,1.0,1.0,1.0,1.0,1.0,1.0,0.0,1.0,1.0,0.875
4000,299c68e344d04e536,True,,,,,,,,,,1.0,1.0,1.0,1.0,0.37031063501891764,1.0,0.0,1.0,0.0,0.5532220734434118
4001,234e963b7ceee8f00,True,,,,,,,,,,1.0,1.0,1.0,1.0,0.9234188960711885,1.0,1.0,1.0,1.0,0.9760684050222463
4002,c0c4cd4a0562039fc,True,,,,,,,,,,1.0,0.0,0.5,1.0,1.0,1.0,0.0,1.0,0.0,0.0
4003,55e61bb960bd1bfcd,True,,,,,,,,,,1.0,1.0,1.0,1.0,0.38538570049005666,0.0,0.0,1.0,0.0,0.2454330314031427
4004,d2ac4238dd1e06e2b,True,,,,,,,,,,1.0,0.0,1.0,1.0,1.0,1.0,1.0,1.0,0.0,0.0
4005,92fd62b816fa1435c,True,,,,,,,,,,1.0,1.0,0.5,1.0,1.0,1.0,0.0,1.0,1.0,0.4375
4006,9d5d767fac644cae7,True,,,,,,,,,,1.0,1.0,0.5,1.0,1.0,1.0,0.0,1.0,0.0,0.375
4007,102bb69d5a0263f53,True,,,,,,,,,,0.0,1.0,1.0,1.0,0.3194099611116019,0.0,0.0,1.0,0.0,0.0
4008,4f4120c32c9c42c47,True,,,,,,,,,,1.0,1.0,1.0,1.0,0.6960444314324777,1.0,1.0,1.0,0.0,0.7800138848226493
4009,32a33652619708c65,True,,,,,,,,,,1.0,1.0,1.0,1.0,0.6724694504771892,1.0,0.0,1.0,1.0,0.7726467032741217
4010,d220a708760298c7f,True,,,,,,,,,,1.0,1.0,1.0,1.0,0.949437313085241,1.0,1.0,1.0,1.0,0.9841991603391378
4011,b51661ff3ed628c29,True,,,,,,,,,,1.0,1.0,1.0,1.0,1.0,1.0,1.0,1.0,1.0,1.0
4012,d3163ef07eaf8014c,True,,,,,,,,,,1.0,0.0,1.0,1.0,0.7979930891537174,1.0,1.0,1.0,0.0,0.0
4013,463716f28ebb21a5d,True,,,,,,,,,,1.0,0.0,1.0,1.0,1.0,1.0,1.0,1.0,1.0,0.0
4014,bc84695ec7d4fc814,True,,,,,,,,,,0.0,1.0,1.0,1.0,0.7293545995514995,0.0,1.0,0.0,1.0,0.0
4015,93665513823171463,True,,,,,,,,,,1.0,1.0,1.0,1.0,1.0,1.0,0.0,1.0,1.0,0.875
4016,727fa1e7c8aa0cdc1,True,,,,,,,,,,1.0,1.0,1.0,1.0,0.8979337425715622,1.0,0.0,1.0,0.0,0.7181042945536131
4017,527b9dd077cc88c6e,True,,,,,,,,,,1.0,1.0,0.0,1.0,1.0,1.0,0.0,1.0,1.0,0.0
4018,d131d95c5bdd01f16,True,,,,,,,,,,1.0,0.0,1.0,1.0,0.498622032453601,1.0,1.0,1.0,0.0,0.0
4019,4e0c450f15f308dcf,True,,,,,,,,,,1.0,0.0,1.0,1.0,0.453016775728698,0.0,1.0,1.0,1.0,0.0
4020,3ed84fc02c7624898,True,,,,,,,,,,1.0,1.0,1.0,1.0,0.39892834461219434,1.0,1.0,1.0,1.0,0.8121651076913108
4021,90dfc4788a349e60b,True,,,,,,,,,,1.0,1.0,1.0,1.0,0.7210703368560566,1.0,1.0,1.0,1.0,0.9128344802675177
4022,14b4d5dae8ea46cbc,True,,,,,,,,,,1.0,1.0,1.0,1.0,0.9854943774393947,1.0,0.0,1.0,0.0,0.7454669929498108
4023,a91425257255ef015,True,,,,,,,,,,0.0,1.0,0.0,1.0,1.0,0.0,0.0,0.0,0.0,0.0
4024,1ba581b05f68a9417,True,,,,,,,,,,0.0,0.0,1.0,1.0,1.0,0.0,1.0,1.0,0.0,0.0
4025,eeae7aeaf248f7830,True,,,,,,,,,,1.0,1.0,0.0,1.0,1.0,1.0,0.0,1.0,0.0,0.0
4026,d3b5a3486c40ea561,True,,,,,,,,,,1.0,0.0,0.5,1.0,0.9532234882126949,1.0,1.0,1.0,0.0,0.0
4027,1821758da0d84714b,True,,,,,,,,,,1.0,0.0,0.0,1.0,1.0,1.0,0.0,1.0,0.0,0.0
4028,4aa85cd3f686e016d,True,,,,,,,,,,1.0,1.0,1.0,1.0,0.39949969238527966,1.0,1.0,1.0,0.0,0.6873436538703999
4029,121c56067fcf173ae,True,,,,,,,,,,1.0,1.0,1.0,1.0,0.522461284698315,1.0,1.0,1.0,1.0,0.8507691514682234
4030,90d6b6889f35e691d,True,,,,,,,,,,1.0,1.0,1.0,1.0,0.8822433343137556,1.0,0.0,1.0,1.0,0.8382010419730486
4031,1b62d4e2468940ddb,True,,,,,,,,,,0.0,1.0,0.5,1.0,1.0,0.0,0.0,1.0,0.0,0.0
4032,8c7b004d36c8af906,True,,,,,,,,,,1.0,1.0,1.0,1.0,0.4953100887381703,1.0,1.0,1.0,1.0,0.8422844027306782
4033,e18bfb53190f46707,True,,,,,,,,,,1.0,1.0,1.0,1.0,0.9461055196856964,1.0,1.0,1.0,0.0,0.8581579749017801
4034,579b0b533f44a8dd1,True,,,,,,,,,,1.0,1.0,1.0,1.0,0.380635731990566,1.0,0.0,1.0,0.0,0.5564486662470518
4035,94f50219a9dc3389d,True,,,,,,,,,,0.0,1.0,1.0,1.0,1.0,0.0,0.0,0.0,0.0,0.0
4036,5d14b0687eb2ad5a2,True,,,,,,,,,,0.5,1.0,1.0,1.0,0.894827603798718,0.0,1.0,1.0,0.0,0.26481681309354965
4037,a53b204e1934058ab,True,,,,,,,,,,1.0,0.0,1.0,1.0,1.0,1.0,0.0,1.0,1.0,0.0
4038,a1ec47d4c6a4ac611,True,,,,,,,,,,0.0,0.0,0.0,1.0,1.0,0.0,0.0,1.0,0.0,0.0
4039,c89e54cc4c778e2c6,True,,,,,,,,,,1.0,0.0,1.0,1.0,1.0,1.0,1.0,1.0,0.0,0.0
4040,afae980cb1f67291e,True,,,,,,,,,,1.0,0.0,1.0,1.0,0.32225288814841624,1.0,1.0,1.0,0.0,0.0
4041,c28f4287e75996da4,True,,,,,,,,,,0.5,0.0,1.0,1.0,1.0,0.0,0.0,1.0,1.0,0.0
4042,2dac2b9cae0ff11f8,True,,,,,,,,,,1.0,1.0,0.5,1.0,1.0,1.0,0.0,1.0,0.0,0.375
4043,bec0eb9fc0a02638a,True,,,,,,,,,,1.0,1.0,1.0,1.0,1.0,1.0,1.0,1.0,0.0,0.875
4044,e2b3b0ba92343745a,True,,,,,,,,,,1.0,1.0,1.0,1.0,1.0,1.0,1.0,1.0,1.0,1.0
4045,c3f5f5f99bb34c5b9,True,,,,,,,,,,1.0,1.0,1.0,1.0,1.0,1.0,1.0,0.0,0.0,0.75
4046,2c06706ac4ab7c708,True,,,,,,,,,,0.0,1.0,1.0,1.0,1.0,0.0,0.0,1.0,0.0,0.0
4047,7d44659c706a23779,True,,,,,,,,,,0.0,1.0,1.0,1.0,1.0,0.0,0.0,1.0,0.0,0.0
4048,6e261442656fe6159,True,,,,,,,,,,1.0,1.0,1.0,1.0,0.2845266141361649,1.0,1.0,1.0,0.0,0.6514145669175515
4049,713ecb5e6f7885bee,True,,,,,,,,,,1.0,1.0,1.0,1.0,1.0,1.0,1.0,1.0,1.0,1.0
4050,93f8dde94dbff4d7d,True,,,,,,,,,,1.0,1.0,1.0,1.0,0.575548730009325,1.0,1.0,1.0,0.0,0.7423589781279141
4051,4a6a0597bd6bf2f20,True,,,,,,,,,,1.0,1.0,1.0,1.0,0.8792831890966057,1.0,1.0,1.0,0.0,0.8372759965926893
4052,6e06dc9cb502fab19,True,,,,,,,,,,1.0,1.0,1.0,1.0,1.0,1.0,1.0,1.0,1.0,1.0
4053,0980084e5c33ab76e,True,,,,,,,,,,1.0,1.0,1.0,1.0,0.7668352891303225,1.0,1.0,1.0,0.0,0.8021360278532258
4054,6e32b9a6c91fe85dc,True,,,,,,,,,,1.0,1.0,1.0,1.0,1.0,1.0,0.0,1.0,1.0,0.875
4055,0d51246322745f1a6,True,,,,,,,,,,1.0,1.0,1.0,1.0,0.8022617285315671,1.0,0.0,1.0,1.0,0.8132067901661146
4056,68e2d10ecbeed8111,True,,,,,,,,,,1.0,0.0,0.5,1.0,1.0,1.0,1.0,1.0,1.0,0.0
4057,b3648e983488baa4f,True,,,,,,,,,,1.0,0.0,1.0,1.0,0.5995136123413136,1.0,1.0,1.0,1.0,0.0
4058,3dd919c5a93fd6754,True,,,,,,,,,,0.5,1.0,1.0,1.0,0.8466922535044495,0.0,1.0,1.0,1.0,0.31979566461007025
4059,b22e723d346176e1f,True,,,,,,,,,,1.0,1.0,1.0,1.0,0.258183047628439,1.0,0.0,1.0,0.0,0.5181822023838871
4060,cb517587f4a1e3711,True,,,,,,,,,,1.0,1.0,1.0,1.0,0.9547602413687759,1.0,0.0,1.0,1.0,0.8608625754277425
4061,b2bf35ee955a9d497,True,,,,,,,,,,1.0,1.0,1.0,1.0,0.2637120099334756,1.0,1.0,1.0,1.0,0.7699100031042111
4062,1703c3627d09cd9f3,True,,,,,,,,,,1.0,1.0,1.0,1.0,1.0,1.0,1.0,1.0,1.0,1.0
4063,a81080b37a16b485a,True,,,,,,,,,,1.0,0.0,1.0,1.0,0.7905780061788017,1.0,1.0,1.0,0.0,0.0
4064,efc42904915428868,True,,,,,,,,,,0.0,1.0,1.0,1.0,1.0,0.0,0.0,1.0,0.0,0.0
4065,caa48a6115952f402,True,,,,,,,,,,1.0,0.0,0.5,1.0,1.0,1.0,0.0,1.0,0.0,0.0
4066,7ed807aaa179c87b1,True,,,,,,,,,,0.0,1.0,1.0,1.0,1.0,0.0,1.0,1.0,1.0,0.0
4067,0f4373d1811c9ca90,True,,,,,,,,,,1.0,1.0,1.0,1.0,0.8788658582383695,1.0,1.0,0.0,0.0,0.7121455806994905
4068,cb1939bb101889c17,True,,,,,,,,,,0.0,1.0,1.0,1.0,1.0,0.0,0.0,1.0,1.0,0.0
4069,362f2d9e119bf7981,True,,,,,,,,,,1.0,1.0,1.0,1.0,0.43625395956134716,1.0,0.0,1.0,1.0,0.6988293623629209
4070,7837a188fc6d747f2,True,,,,,,,,,,0.0,1.0,1.0,1.0,1.0,0.0,1.0,1.0,1.0,0.0
4071,885154f1032e04177,True,,,,,,,,,,1.0,0.0,0.5,1.0,1.0,1.0,0.0,1.0,0.0,0.0
4072,a2aa45cf991d37699,True,,,,,,,,,,1.0,1.0,1.0,1.0,0.45174232310822404,1.0,1.0,1.0,1.0,0.82866947597132
4073,5e7944c54a12aa9bd,True,,,,,,,,,,1.0,1.0,0.5,1.0,0.896516526298515,1.0,0.0,1.0,0.0,0.35883070723414295
4074,34c5a38a6aee37c97,True,,,,,,,,,,1.0,0.0,1.0,1.0,0.6342877803321177,1.0,1.0,1.0,0.0,0.0
4075,5ae5fc96ae87f7041,True,,,,,,,,,,1.0,1.0,1.0,1.0,0.4983293585885818,1.0,1.0,1.0,1.0,0.8432279245589318
4076,4850e4897804c7f1a,True,,,,,,,,,,1.0,1.0,1.0,1.0,0.834087930668415,1.0,0.0,1.0,1.0,0.8231524783338797
4077,d253a5d864e95f8d2,True,,,,,,,,,,1.0,1.0,1.0,1.0,0.7839991304154417,1.0,0.0,1.0,0.0,0.6824997282548255
4078,10933ac8239bd6fbb,True,,,,,,,,,,1.0,1.0,1.0,1.0,0.6241407448871495,1.0,1.0,1.0,1.0,0.8825439827772342
4079,e58505d2e2a702e58,True,,,,,,,,,,0.0,1.0,1.0,1.0,1.0,0.0,1.0,1.0,1.0,0.0
4080,61437c5a9910331f6,True,,,,,,,,,,1.0,1.0,1.0,1.0,1.0,1.0,0.0,1.0,1.0,0.875
4081,626d07f3f8b80566b,True,,,,,,,,,,1.0,1.0,1.0,1.0,0.2941807386041829,1.0,1.0,1.0,1.0,0.7794314808138072
4082,ed81a447f9a55d06c,True,,,,,,,,,,1.0,0.0,1.0,1.0,1.0,1.0,1.0,1.0,1.0,0.0
4083,86503ecf3c1b0f902,True,,,,,,,,,,1.0,1.0,1.0,1.0,0.6918111699901645,1.0,1.0,1.0,0.0,0.7786909906219264
4084,f66f81ffd843802cd,True,,,,,,,,,,0.0,1.0,1.0,1.0,1.0,0.0,1.0,1.0,1.0,0.0
4085,372a537447f7672b9,True,,,,,,,,,,1.0,1.0,1.0,1.0,0.8050899238247402,1.0,1.0,1.0,0.0,0.8140906011952314
4086,4ac35e2587f31ee76,True,,,,,,,,,,1.0,1.0,1.0,1.0,0.8003337616792802,1.0,0.0,1.0,1.0,0.8126043005247751
4087,f5e271bc6f92b1f61,True,,,,,,,,,,1.0,1.0,1.0,1.0,1.0,1.0,0.0,1.0,1.0,0.875
4088,739639234c47bf547,True,,,,,,,,,,0.5,1.0,1.0,1.0,1.0,0.0,0.0,1.0,1.0,0.28125
4089,e0fd3073c76ba643d,True,,,,,,,,,,1.0,1.0,1.0,1.0,0.41159055545003376,1.0,1.0,1.0,1.0,0.8161220485781355
4090,cfb8ea140d6258c81,True,,,,,,,,,,1.0,1.0,1.0,1.0,1.0,1.0,0.0,1.0,1.0,0.875
4091,a52a1bf87700c06b5,True,,,,,,,,,,1.0,1.0,1.0,1.0,1.0,1.0,0.0,1.0,1.0,0.875
4092,b947c49e539199af0,True,,,,,,,,,,1.0,1.0,1.0,1.0,0.6598048082237112,1.0,1.0,1.0,0.0,0.7686890025699098
4093,3c66eb3d48ad162dc,True,,,,,,,,,,1.0,1.0,1.0,1.0,0.37845961570153525,1.0,1.0,1.0,1.0,0.8057686299067297
4094,19076eddbca015da6,True,,,,,,,,,,1.0,1.0,1.0,1.0,1.0,1.0,1.0,1.0,0.0,0.875
4095,c4f1e612f0a907247,True,,,,,,,,,,1.0,1.0,1.0,1.0,0.5718392296187161,1.0,1.0,1.0,1.0,0.8661997592558488
4096,baf1cc49f4250c41a,True,,,,,,,,,,1.0,1.0,1.0,1.0,1.0,1.0,0.0,1.0,1.0,0.875
4097,aae1be1d1482069d0,True,,,,,,,,,,0.0,0.0,1.0,1.0,1.0,0.0,0.0,1.0,1.0,0.0
4098,1d5e8b5ded8ee3baf,True,,,,,,,,,,1.0,1.0,1.0,1.0,0.7991363326141058,1.0,1.0,1.0,1.0,0.9372301039419081
4099,beae653519f0232e7,True,,,,,,,,,,1.0,1.0,1.0,1.0,0.5240268709443551,1.0,0.0,1.0,0.0,0.601258397170111
4100,168ec5291b8accf12,True,,,,,,,,,,1.0,1.0,1.0,1.0,0.33892185113221257,1.0,1.0,1.0,0.0,0.6684130784788165
4101,f4012a586df6289ed,True,,,,,,,,,,0.5,0.0,1.0,1.0,1.0,0.0,0.0,1.0,1.0,0.0
4102,aadb9d0abc30a1215,True,,,,,,,,,,0.0,1.0,1.0,1.0,0.931850875344341,0.0,1.0,1.0,1.0,0.0
4103,86aa1518812acc807,True,,,,,,,,,,1.0,1.0,1.0,1.0,1.0,1.0,1.0,1.0,0.0,0.875
4104,8a2f9fc5fa33f4001,True,,,,,,,,,,1.0,0.0,0.5,1.0,1.0,1.0,0.0,1.0,1.0,0.0
4105,b479708037b5c5d7c,True,,,,,,,,,,1.0,1.0,1.0,1.0,0.6785309509584608,1.0,1.0,1.0,1.0,0.899540922174519
4106,6ea72a0c3033844cf,True,,,,,,,,,,1.0,1.0,1.0,1.0,0.21807310521016365,1.0,0.0,1.0,1.0,0.6306478453781761
4107,e32bd1ec1d273f2a3,True,,,,,,,,,,1.0,1.0,1.0,1.0,0.6278847563348666,1.0,1.0,1.0,1.0,0.8837139863546458
4108,428b6ffe51af1390c,True,,,,,,,,,,1.0,0.0,1.0,1.0,1.0,1.0,0.0,1.0,1.0,0.0
4109,35af9247ec4aef73d,True,,,,,,,,,,1.0,1.0,1.0,1.0,0.8888219013750004,1.0,1.0,1.0,1.0,0.9652568441796876
4110,ca2e709d5cab0c6e4,True,,,,,,,,,,1.0,1.0,1.0,1.0,0.35922962733141733,1.0,1.0,1.0,1.0,0.7997592585410679
4111,82b0238fb02f13548,True,,,,,,,,,,1.0,1.0,1.0,1.0,1.0,1.0,0.0,1.0,0.0,0.75
4112,6c00c1447928881d7,True,,,,,,,,,,1.0,1.0,1.0,1.0,0.7239448922783182,1.0,1.0,1.0,1.0,0.9137327788369745
4113,ba3335342af8a6b57,True,,,,,,,,,,1.0,1.0,1.0,1.0,0.7527057089677504,1.0,1.0,1.0,1.0,0.922720534052422
4114,a8066d7e843deda8f,True,,,,,,,,,,1.0,1.0,1.0,1.0,0.65099342109721,1.0,1.0,1.0,0.0,0.7659354440928782
4115,0cd1d84434c6f5d44,True,,,,,,,,,,0.0,0.0,0.0,1.0,1.0,0.0,0.0,1.0,0.0,0.0
4116,6fb2b8cc6f313cf96,True,,,,,,,,,,1.0,1.0,1.0,1.0,0.36012620318398386,1.0,1.0,0.0,1.0,0.6750394384949949
4117,1d31047f2f32de9e1,True,,,,,,,,,,1.0,1.0,0.0,1.0,1.0,1.0,0.0,1.0,1.0,0.0
4118,8b07c31db85204e64,True,,,,,,,,,,1.0,1.0,0.0,1.0,0.8566139306886419,0.0,0.0,0.0,0.0,0.0
4119,6bdee3f4f4da685e0,True,,,,,,,,,,1.0,1.0,1.0,1.0,0.31264000131618014,1.0,1.0,1.0,0.0,0.6602000004113062
4120,c70f1e01d8a8d58e0,True,,,,,,,,,,1.0,1.0,1.0,1.0,0.351731288790617,1.0,1.0,1.0,1.0,0.7974160277470679
4121,e1d71fd16cbfaade9,True,,,,,,,,,,1.0,1.0,1.0,1.0,0.4193375624417638,1.0,1.0,1.0,1.0,0.8185429882630512
4122,5dd439bda5bf2a988,True,,,,,,,,,,1.0,1.0,1.0,1.0,0.5453499178949895,1.0,1.0,1.0,0.0,0.7329218493421843
4123,2c5d88f56ea71888d,True,,,,,,,,,,0.0,0.0,1.0,1.0,0.36111618418665953,0.0,0.0,1.0,0.0,0.0
4124,69e3a503f78a651d2,True,,,,,,,,,,1.0,1.0,1.0,1.0,1.0,1.0,1.0,1.0,0.0,0.875
4125,d2abdf59c161f4eef,True,,,,,,,,,,1.0,1.0,1.0,1.0,0.8964671825537288,1.0,0.0,1.0,0.0,0.7176459945480402
4126,167e9515df0f9719a,True,,,,,,,,,,1.0,1.0,1.0,1.0,0.6090196021795108,1.0,0.0,1.0,1.0,0.7528186256810971
4127,0e0c4a0cc9feb9612,True,,,,,,,,,,1.0,1.0,1.0,1.0,0.37953166612852884,1.0,0.0,1.0,1.0,0.6811036456651652
4128,467d53c4d720db393,True,,,,,,,,,,1.0,0.0,1.0,1.0,0.8449888839809007,1.0,1.0,1.0,0.0,0.0
4129,95b104c6ad1c29b95,True,,,,,,,,,,1.0,1.0,1.0,1.0,0.7890604421650197,1.0,0.0,1.0,1.0,0.8090813881765686
4130,16d41ea13c0836f9f,True,,,,,,,,,,1.0,1.0,0.0,1.0,1.0,1.0,0.0,1.0,1.0,0.0
4131,f7de2890aa326283e,True,,,,,,,,,,1.0,1.0,1.0,1.0,0.5444551696352341,1.0,1.0,1.0,0.0,0.7326422405110107
4132,f9ab90e6bba95734a,True,,,,,,,,,,1.0,1.0,1.0,1.0,0.2526263355252079,1.0,1.0,1.0,1.0,0.7664457298516274
4133,b3597b197644a67ba,True,,,,,,,,,,1.0,1.0,1.0,1.0,0.3985117555523011,1.0,1.0,1.0,1.0,0.8120349236100941
4134,4010ab91841da1843,True,,,,,,,,,,1.0,1.0,1.0,1.0,0.5820205993762587,1.0,1.0,1.0,0.0,0.7443814373050809
4135,a281f0b2e0db6ac75,True,,,,,,,,,,0.0,1.0,1.0,1.0,1.0,0.0,0.0,1.0,1.0,0.0
4136,f803ae18d279169ec,True,,,,,,,,,,1.0,1.0,1.0,1.0,0.6022178836233187,1.0,0.0,1.0,0.0,0.6256930886322871
4137,175f019927da9929a,True,,,,,,,,,,1.0,0.0,1.0,1.0,0.4963942389354078,1.0,0.0,1.0,0.0,0.0
4138,0a16bdbfa64eeb441,True,,,,,,,,,,1.0,0.0,1.0,1.0,1.0,1.0,1.0,1.0,0.0,0.0
4139,fb498b2bdc72e8f69,True,,,,,,,,,,0.0,1.0,1.0,1.0,1.0,0.0,1.0,1.0,1.0,0.0
4140,226e200de1c94187e,True,,,,,,,,,,1.0,1.0,0.5,1.0,1.0,1.0,0.0,1.0,0.0,0.375
4141,6a8f1db0741e3de32,True,,,,,,,,,,1.0,1.0,1.0,1.0,0.5816613857360291,1.0,0.0,1.0,1.0,0.7442691830425091
4142,01e51bacf68548cab,True,,,,,,,,,,0.0,1.0,1.0,1.0,1.0,0.0,0.0,1.0,1.0,0.0
4143,71652a0843409669f,True,,,,,,,,,,1.0,1.0,0.5,1.0,1.0,1.0,0.0,1.0,1.0,0.4375
4144,e9bf575d65f297345,True,,,,,,,,,,1.0,1.0,0.0,1.0,1.0,1.0,0.0,1.0,0.0,0.0
4145,d8696cab0b29dcbba,True,,,,,,,,,,1.0,1.0,0.5,1.0,1.0,1.0,0.0,1.0,0.0,0.375
4146,b6f613e0c148d3e98,True,,,,,,,,,,1.0,1.0,1.0,1.0,0.3712470643605354,1.0,1.0,1.0,1.0,0.8035147076126673
4147,843ebabea0b9906f9,True,,,,,,,,,,1.0,1.0,1.0,1.0,0.45535251942814137,1.0,1.0,1.0,1.0,0.8297976623212941
4148,ead470fc76d3720d5,True,,,,,,,,,,1.0,1.0,1.0,1.0,0.0,1.0,1.0,1.0,1.0,0.6875
4149,07f4044fd390149ba,True,,,,,,,,,,1.0,1.0,0.5,1.0,1.0,1.0,0.0,1.0,0.0,0.375
4150,0e733cf0e386ffd7e,True,,,,,,,,,,1.0,0.0,1.0,1.0,1.0,1.0,1.0,1.0,1.0,0.0
4151,a33343b83ce194f89,True,,,,,,,,,,1.0,1.0,1.0,1.0,0.6958071224226948,1.0,1.0,1.0,0.0,0.7799397257570921
4152,e1ddf841fc0409636,True,,,,,,,,,,1.0,1.0,1.0,1.0,0.3157944451604345,1.0,1.0,1.0,1.0,0.7861857641126357
4153,161174e0143b41afa,True,,,,,,,,,,1.0,1.0,0.0,1.0,0.7458705006477162,1.0,0.0,1.0,1.0,0.0
4154,281b6c4a5468c1447,True,,,,,,,,,,1.0,1.0,0.0,1.0,0.7748554505196266,1.0,0.0,1.0,1.0,0.0
4155,d7b9e3963f7cb14e1,True,,,,,,,,,,1.0,1.0,1.0,1.0,0.6867348277772061,1.0,1.0,1.0,1.0,0.9021046336803769
4156,b36a5e74ec4ae9574,True,,,,,,,,,,1.0,1.0,1.0,1.0,0.17863411697324877,1.0,1.0,1.0,1.0,0.7433231615541402
4157,f732598080ee7f0cf,True,,,,,,,,,,1.0,1.0,1.0,1.0,0.2160751442737158,1.0,1.0,1.0,1.0,0.7550234825855362
4158,1cdb5f8486a6e3a2b,True,,,,,,,,,,1.0,1.0,1.0,1.0,0.8436824558158651,1.0,1.0,1.0,1.0,0.9511507674424579
4159,9e3f67fd8b392a5d6,True,,,,,,,,,,1.0,0.0,1.0,1.0,0.8452404636089752,1.0,1.0,1.0,1.0,0.0
4160,d6d8e9eb7b9c1befa,True,,,,,,,,,,1.0,0.0,1.0,1.0,0.4101898915202347,1.0,1.0,1.0,1.0,0.0
4161,f7aca65344c3b8a4b,True,,,,,,,,,,1.0,1.0,1.0,1.0,0.5153227496371527,1.0,1.0,1.0,0.0,0.7235383592616103
4162,237248dcf20ccf56f,True,,,,,,,,,,1.0,1.0,1.0,1.0,0.29409413134886175,1.0,1.0,1.0,1.0,0.7794044160465193
4163,a6b18ec8b52f580ef,True,,,,,,,,,,1.0,1.0,1.0,1.0,0.16581085780247126,1.0,1.0,1.0,0.0,0.6143158930632723
4164,00ca98016027ffb8d,True,,,,,,,,,,1.0,0.0,1.0,1.0,1.0,1.0,1.0,1.0,1.0,0.0
4165,dab873d7c23152d34,True,,,,,,,,,,1.0,1.0,1.0,1.0,0.9134887326894215,1.0,0.0,1.0,1.0,0.8479652289654442
4166,103886298090f6b5a,True,,,,,,,,,,0.0,1.0,1.0,1.0,1.0,0.0,0.0,1.0,0.0,0.0
4167,29b4bcae1bc32da3c,True,,,,,,,,,,1.0,1.0,1.0,1.0,0.3559422001864825,1.0,1.0,1.0,1.0,0.7987319375582758
4168,95bfecce656f72d69,True,,,,,,,,,,0.0,1.0,0.0,1.0,1.0,0.0,0.0,1.0,1.0,0.0
4169,9eba308c132370234,True,,,,,,,,,,1.0,1.0,1.0,1.0,0.4819949679425876,1.0,0.0,1.0,1.0,0.7131234274820586
4170,e1654044aa2aa4003,True,,,,,,,,,,1.0,0.0,1.0,1.0,0.7331844608478938,1.0,0.0,0.0,0.0,0.0
4171,1e33e12832b3a171e,True,,,,,,,,,,1.0,1.0,1.0,1.0,1.0,1.0,0.0,1.0,0.0,0.75
4172,2f1499aa1461b6ec6,True,,,,,,,,,,1.0,0.0,0.0,1.0,1.0,1.0,0.0,1.0,1.0,0.0
4173,1ea06c577a84beafb,True,,,,,,,,,,1.0,1.0,1.0,1.0,0.5775388499989564,1.0,1.0,1.0,1.0,0.8679808906246739
4174,434099c65ff71b535,True,,,,,,,,,,0.0,1.0,1.0,1.0,1.0,0.0,1.0,1.0,0.0,0.0
4175,02c332ea4953567c5,True,,,,,,,,,,1.0,1.0,1.0,1.0,0.4145389344046255,1.0,1.0,1.0,0.0,0.6920434170014454
4176,d3150a8489aa038cb,True,,,,,,,,,,1.0,1.0,1.0,1.0,0.5550058452362273,1.0,0.0,1.0,1.0,0.735939326636321
4177,c25117617d76189c0,True,,,,,,,,,,1.0,1.0,1.0,1.0,1.0,1.0,1.0,1.0,0.0,0.875
4178,7dc3f9cae9f72fe4c,True,,,,,,,,,,1.0,0.0,0.5,1.0,1.0,1.0,0.0,1.0,0.0,0.0
4179,54f184883023efbf9,True,,,,,,,,,,1.0,1.0,1.0,1.0,0.3786703996506083,1.0,1.0,1.0,1.0,0.8058344998908151
4180,9ed7d460817e222e9,True,,,,,,,,,,1.0,1.0,0.0,1.0,0.758313601366415,1.0,0.0,1.0,1.0,0.0
4181,2292f65aeeb91446d,True,,,,,,,,,,1.0,1.0,1.0,1.0,0.28437358369809157,1.0,1.0,1.0,0.0,0.6513667449056536
4182,435c8cf621dfd73fb,True,,,,,,,,,,1.0,1.0,1.0,1.0,0.8126482180197107,1.0,1.0,0.0,0.0,0.6914525681311596
4183,c6f215cb7b0d88628,True,,,,,,,,,,0.0,1.0,0.0,1.0,1.0,0.0,0.0,1.0,1.0,0.0
4184,19b05b1af3b23f887,True,,,,,,,,,,1.0,1.0,0.0,1.0,1.0,1.0,0.0,1.0,1.0,0.0
4185,fad1ad3bce41df4d9,True,,,,,,,,,,1.0,1.0,1.0,1.0,0.4918611745763186,1.0,0.0,1.0,0.0,0.5912066170550996
4186,3f8f80892c70b7c5f,True,,,,,,,,,,1.0,0.0,1.0,1.0,1.0,1.0,1.0,1.0,0.0,0.0
4187,3b9ed44b6aec2276a,True,,,,,,,,,,1.0,1.0,1.0,1.0,0.5136789631996662,1.0,1.0,1.0,1.0,0.8480246759998957
4188,d241d7576360a6907,True,,,,,,,,,,1.0,1.0,1.0,1.0,1.0,1.0,0.0,1.0,0.0,0.75
4189,f5fd2bdb809b789db,True,,,,,,,,,,1.0,0.0,0.5,1.0,1.0,1.0,0.0,1.0,1.0,0.0
4190,50f513cc32849ede8,True,,,,,,,,,,1.0,1.0,1.0,1.0,0.7962440123599303,1.0,1.0,1.0,0.0,0.8113262538624781
4191,d17adfd1c40c90f05,True,,,,,,,,,,0.0,1.0,1.0,1.0,1.0,0.0,0.0,1.0,1.0,0.0
4192,c2453cf14f2d02b30,True,,,,,,,,,,1.0,0.0,1.0,1.0,0.7017647901683751,1.0,1.0,1.0,0.0,0.0
4193,194e5931bc902ac73,True,,,,,,,,,,1.0,1.0,1.0,1.0,1.0,1.0,0.0,1.0,0.0,0.75
4194,c23d40512beeb21d4,True,,,,,,,,,,1.0,1.0,1.0,1.0,0.6241542140886661,1.0,1.0,1.0,0.0,0.7575481919027082
4195,5275c2d3d823a5476,True,,,,,,,,,,1.0,1.0,1.0,1.0,0.6485612968497,1.0,1.0,1.0,1.0,0.8901754052655313
4196,2fa5ec5e442e3f499,True,,,,,,,,,,1.0,1.0,1.0,1.0,0.32444366404003294,1.0,1.0,1.0,1.0,0.7888886450125103
4197,4c4503dbf9554a97b,True,,,,,,,,,,1.0,1.0,1.0,1.0,0.8367109107354629,1.0,0.0,1.0,1.0,0.8239721596048322
4198,0dd1d00f6d1725ec3,True,,,,,,,,,,1.0,1.0,1.0,1.0,1.0,1.0,0.0,1.0,1.0,0.875
4199,d5638ab82149e235f,True,,,,,,,,,,1.0,1.0,1.0,1.0,0.8664885295079053,1.0,1.0,1.0,1.0,0.9582776654712204
4200,873e0ddcc4fdfae2e,True,,,,,,,,,,1.0,0.0,1.0,1.0,1.0,1.0,0.0,1.0,0.0,0.0
4201,81745b0b8691480d6,True,,,,,,,,,,0.0,1.0,1.0,1.0,0.8402387861125893,0.0,1.0,1.0,0.0,0.0
4202,71965da4aff01d13c,True,,,,,,,,,,1.0,0.0,1.0,1.0,0.3810142564987626,1.0,0.0,1.0,0.0,0.0
4203,576158d07f0a09e6b,True,,,,,,,,,,1.0,1.0,1.0,1.0,0.6562503262565292,1.0,0.0,1.0,1.0,0.7675782269551654
4204,a4e64fbb3636ad2e6,True,,,,,,,,,,1.0,1.0,1.0,1.0,0.8606580869003827,1.0,0.0,1.0,1.0,0.8314556521563696
4205,51f2dcebd843e5ea9,True,,,,,,,,,,1.0,1.0,1.0,1.0,0.4945762465979971,1.0,0.0,1.0,0.0,0.5920550770618741
4206,46b0816cf26d29e4f,True,,,,,,,,,,0.5,1.0,1.0,1.0,1.0,0.0,1.0,1.0,1.0,0.34375
4207,fb243ec63be645481,True,,,,,,,,,,1.0,1.0,1.0,1.0,0.879818933833035,1.0,1.0,1.0,1.0,0.9624434168228234
4208,7259df2fbd4ef7047,True,,,,,,,,,,1.0,1.0,1.0,1.0,0.35651136826395297,1.0,1.0,1.0,1.0,0.7989098025824852
4209,4dbc9cc6aa10c611c,True,,,,,,,,,,1.0,1.0,1.0,1.0,0.6007001796530769,1.0,1.0,1.0,0.0,0.7502188061415865
4210,29500c50afeb0e68a,True,,,,,,,,,,1.0,0.0,0.5,1.0,1.0,1.0,0.0,1.0,0.0,0.0
4211,5ac7230087ab9e9cc,True,,,,,,,,,,1.0,1.0,0.0,1.0,1.0,1.0,0.0,1.0,1.0,0.0
4212,f74ee85d684d8a2c6,True,,,,,,,,,,1.0,1.0,1.0,1.0,0.7695626151891716,1.0,0.0,0.0,0.0,0.5529883172466161
4213,030798975779630c4,True,,,,,,,,,,1.0,0.0,1.0,1.0,1.0,0.0,0.0,1.0,0.0,0.0
4214,f5a896e060751799d,True,,,,,,,,,,0.0,1.0,1.0,1.0,1.0,0.0,1.0,1.0,0.0,0.0
4215,712e01f3ee0e674c0,True,,,,,,,,,,1.0,0.0,1.0,1.0,1.0,1.0,0.0,1.0,1.0,0.0
4216,15cd04f7d172178fc,True,,,,,,,,,,1.0,0.0,1.0,1.0,0.5268155272767259,1.0,1.0,1.0,1.0,0.0
4217,f8d974540bdca9c27,True,,,,,,,,,,1.0,1.0,0.0,1.0,1.0,1.0,0.0,1.0,0.0,0.0
4218,faa4f514f8d862142,True,,,,,,,,,,1.0,1.0,1.0,1.0,1.0,1.0,1.0,1.0,1.0,1.0
4219,427e704f6c39ca2c4,True,,,,,,,,,,1.0,1.0,1.0,1.0,0.3124820955317232,1.0,1.0,1.0,1.0,0.7851506548536635
4220,b37e58b47596bc081,True,,,,,,,,,,1.0,1.0,1.0,1.0,0.6336158160691484,1.0,1.0,0.0,1.0,0.7605049425216088
4221,693313e8d44aa5fd8,True,,,,,,,,,,1.0,1.0,1.0,1.0,0.8359317887554278,1.0,1.0,1.0,1.0,0.9487286839860711
4222,c481b1ded8232fa61,True,,,,,,,,,,1.0,1.0,1.0,1.0,0.31088525606654194,1.0,1.0,1.0,0.0,0.6596516425207943
4223,5bd97408b667dca22,True,,,,,,,,,,1.0,1.0,1.0,1.0,1.0,1.0,0.0,1.0,1.0,0.875
4224,355d2f57b20f32e9c,True,,,,,,,,,,1.0,0.0,0.0,1.0,1.0,1.0,0.0,1.0,0.0,0.0
4225,0f08a0aac0d912459,True,,,,,,,,,,1.0,1.0,1.0,1.0,0.7906146488169564,1.0,1.0,1.0,1.0,0.9345670777552989
4226,80d8583368d2573b4,True,,,,,,,,,,0.5,0.0,1.0,1.0,1.0,0.0,1.0,1.0,0.0,0.0
4227,c279c0b2210285c1f,True,,,,,,,,,,1.0,1.0,0.0,1.0,1.0,0.0,0.0,1.0,0.0,0.0
4228,9bcb66e43b4092040,True,,,,,,,,,,1.0,0.0,1.0,1.0,1.0,1.0,0.0,1.0,1.0,0.0
4229,0952835e9ba422028,True,,,,,,,,,,1.0,1.0,1.0,1.0,0.5360271639688184,1.0,1.0,1.0,0.0,0.7300084887402558
4230,0f675cf0cf0417413,True,,,,,,,,,,0.0,1.0,1.0,1.0,1.0,0.0,0.0,1.0,0.0,0.0
4231,473600f4c7f5be5c9,True,,,,,,,,,,1.0,1.0,1.0,1.0,0.9524211494455938,1.0,0.0,1.0,1.0,0.860131609201748
4232,fc2f7b0ec25d44aea,True,,,,,,,,,,0.0,1.0,1.0,1.0,1.0,0.0,0.0,1.0,0.0,0.0
4233,f7e01b97b6868da57,True,,,,,,,,,,1.0,1.0,1.0,1.0,0.7877032826859166,1.0,0.0,1.0,1.0,0.8086572758393489
4234,d021a67c53a7865f3,True,,,,,,,,,,1.0,1.0,1.0,1.0,0.4747055270697968,1.0,0.0,1.0,1.0,0.7108454772093115
4235,b0fd56183680b68ae,True,,,,,,,,,,0.0,0.0,1.0,1.0,1.0,0.0,0.0,0.0,0.0,0.0
4236,3c9fb934bb7f40998,True,,,,,,,,,,1.0,1.0,1.0,1.0,0.8017035270982386,1.0,0.0,1.0,1.0,0.8130323522181995
4237,346c72dba6f32d44c,True,,,,,,,,,,1.0,1.0,1.0,1.0,1.0,1.0,0.0,1.0,1.0,0.875
4238,03e028a3b31005826,True,,,,,,,,,,1.0,1.0,1.0,1.0,0.43408566187416664,1.0,1.0,1.0,0.0,0.6981517693356771
4239,d216a742018af5843,True,,,,,,,,,,1.0,0.0,1.0,1.0,1.0,1.0,1.0,1.0,0.0,0.0
4240,5f175bac4c1de5964,True,,,,,,,,,,1.0,1.0,1.0,1.0,0.8149184415659642,1.0,0.0,1.0,1.0,0.8171620129893638
4241,a4512ee0b8d11026d,True,,,,,,,,,,1.0,0.0,1.0,1.0,0.34182582075975926,1.0,1.0,1.0,1.0,0.0
4242,d18a444ba754870e9,True,,,,,,,,,,1.0,0.0,0.0,1.0,1.0,1.0,0.0,1.0,1.0,0.0
4243,e56578b2f08218e36,True,,,,,,,,,,0.5,1.0,1.0,1.0,0.8972532144749542,0.0,0.0,1.0,1.0,0.2651958147617116
4244,90411c0174cf07251,True,,,,,,,,,,1.0,1.0,1.0,1.0,0.7080894801130683,1.0,1.0,1.0,0.0,0.7837779625353338
4245,96cad6ca7a1cc6e43,True,,,,,,,,,,1.0,1.0,1.0,1.0,0.2997043113694778,1.0,1.0,1.0,1.0,0.7811575973029619
4246,0f6d4f139537fd8c3,True,,,,,,,,,,0.0,1.0,1.0,1.0,1.0,0.0,1.0,1.0,1.0,0.0
4247,6e7525ff98599366a,True,,,,,,,,,,1.0,1.0,1.0,1.0,0.5738365576461868,1.0,0.0,1.0,1.0,0.7418239242644333
4248,31368b2b5cafa42dc,True,,,,,,,,,,1.0,1.0,1.0,1.0,0.7860506408293183,1.0,1.0,1.0,0.0,0.808140825259162
4249,b4590a06173d6c3f0,True,,,,,,,,,,1.0,1.0,1.0,1.0,0.9260213308783604,1.0,0.0,0.0,0.0,0.6018816658994877
4250,22e6f3013edf76fa7,True,,,,,,,,,,1.0,1.0,1.0,1.0,0.4321315671849909,1.0,1.0,1.0,1.0,0.8225411147453097
4251,1348d09a15e4bfd3f,True,,,,,,,,,,1.0,1.0,1.0,1.0,0.4311423627778821,1.0,0.0,1.0,0.0,0.5722319883680882
4252,bc72fc9245a523440,True,,,,,,,,,,1.0,1.0,1.0,1.0,0.6152836700165065,1.0,0.0,1.0,0.0,0.6297761468801583
4253,ffa71fc1b5b55f4ea,True,,,,,,,,,,1.0,1.0,1.0,1.0,0.7257098723945001,1.0,0.0,1.0,1.0,0.7892843351232812
4254,5b733b329372ed8c8,True,,,,,,,,,,1.0,1.0,1.0,1.0,0.768320325159297,1.0,1.0,1.0,1.0,0.9276001016122803
4255,f0cb86afe097df891,True,,,,,,,,,,1.0,1.0,1.0,1.0,0.7257511895963381,1.0,0.0,1.0,1.0,0.7892972467488557
4256,effa3c121b26ed3b5,True,,,,,,,,,,1.0,1.0,1.0,1.0,1.0,1.0,1.0,1.0,1.0,1.0
4257,474ead815a6e92542,True,,,,,,,,,,1.0,1.0,1.0,1.0,1.0,1.0,0.0,1.0,1.0,0.875
4258,67d0d1179730f6191,True,,,,,,,,,,1.0,1.0,0.5,1.0,1.0,1.0,0.0,1.0,1.0,0.4375
4259,c69efd29d5a9049e3,True,,,,,,,,,,1.0,1.0,1.0,1.0,0.9715095210700939,1.0,1.0,1.0,1.0,0.9910967253344043
4260,cfdd0359dacc8fea1,True,,,,,,,,,,1.0,1.0,1.0,1.0,0.9645076836972963,1.0,0.0,1.0,0.0,0.738908651155405
4261,786b8a8821747f0ce,True,,,,,,,,,,1.0,1.0,0.5,1.0,1.0,1.0,0.0,1.0,1.0,0.4375
4262,14e4693cf0f1e04ff,True,,,,,,,,,,1.0,1.0,1.0,1.0,1.0,0.0,0.0,1.0,0.0,0.4375
4263,f8632cecfa6bdd21f,True,,,,,,,,,,1.0,1.0,0.5,1.0,1.0,1.0,0.0,1.0,0.0,0.375
4264,bd4e6cf360c4e8c49,True,,,,,,,,,,1.0,1.0,1.0,1.0,0.8387023850497379,1.0,1.0,1.0,1.0,0.9495944953280431
4265,85b6589d5332018d1,True,,,,,,,,,,1.0,1.0,1.0,1.0,0.9538216098476704,1.0,1.0,1.0,1.0,0.985569253077397
4266,c03cd29553653d383,True,,,,,,,,,,1.0,1.0,1.0,1.0,0.5213684481948369,1.0,1.0,1.0,0.0,0.7254276400608866
4267,14123368ec92cefb0,True,,,,,,,,,,1.0,0.0,1.0,1.0,0.8429976228481102,1.0,0.0,1.0,0.0,0.0
4268,b68edb5514fba0f3e,True,,,,,,,,,,1.0,1.0,1.0,1.0,0.266429535359813,1.0,1.0,1.0,1.0,0.7707592297999415
4269,52825507b7931e0f3,True,,,,,,,,,,1.0,1.0,1.0,1.0,0.8576488701146141,1.0,1.0,1.0,1.0,0.9555152719108169
4270,6c643cf3c76195c44,True,,,,,,,,,,1.0,1.0,1.0,1.0,1.0,1.0,1.0,1.0,1.0,1.0
4271,a77ac8c195ac2cc7a,True,,,,,,,,,,1.0,0.0,0.5,1.0,1.0,1.0,0.0,1.0,1.0,0.0
4272,ff555d2dfbada57ed,True,,,,,,,,,,1.0,0.0,1.0,1.0,1.0,1.0,0.0,1.0,1.0,0.0
4273,36316a03f12a8e7f4,True,,,,,,,,,,1.0,0.0,0.0,1.0,1.0,1.0,0.0,1.0,0.0,0.0
4274,47b4f8325c08a9af6,True,,,,,,,,,,1.0,1.0,1.0,1.0,0.49623109289570944,1.0,0.0,1.0,0.0,0.5925722165299092
4275,b57ec07d7cbceb48b,True,,,,,,,,,,1.0,1.0,1.0,1.0,0.8476956074635177,1.0,1.0,1.0,0.0,0.8274048773323492
4276,7db61b66f69a92843,True,,,,,,,,,,1.0,1.0,1.0,1.0,0.3676598600341264,1.0,1.0,1.0,1.0,0.8023937062606645
4277,a1ad222a6de4f84d8,True,,,,,,,,,,0.0,1.0,1.0,1.0,1.0,0.0,0.0,1.0,0.0,0.0
4278,5fb2ee221c72e08b2,True,,,,,,,,,,1.0,1.0,1.0,1.0,0.6321900800216308,1.0,1.0,1.0,1.0,0.8850594000067596
4279,ff15360ae71790eb6,True,,,,,,,,,,1.0,1.0,0.5,1.0,1.0,1.0,0.0,1.0,1.0,0.4375
4280,113cb8fed3d36b259,True,,,,,,,,,,1.0,1.0,1.0,1.0,0.30255276861184666,1.0,1.0,1.0,1.0,0.782047740191202
4281,32e86d0bba3339136,True,,,,,,,,,,1.0,1.0,1.0,1.0,0.44541679273716445,1.0,0.0,1.0,1.0,0.7016927477303638
4282,87d737da1d3ba4b40,True,,,,,,,,,,1.0,1.0,1.0,1.0,0.9613585539469881,1.0,1.0,1.0,0.0,0.8629245481084338
4283,1875ccbefe8233a69,True,,,,,,,,,,1.0,0.0,1.0,1.0,0.34469581532820637,1.0,1.0,1.0,0.0,0.0
4284,4f279eb5918287e64,True,,,,,,,,,,1.0,0.0,1.0,1.0,1.0,1.0,0.0,1.0,1.0,0.0
4285,fcfbdd618540644fa,True,,,,,,,,,,0.0,0.0,0.0,1.0,1.0,0.0,1.0,0.0,0.0,0.0
4286,2eb3bf3c471605eb4,True,,,,,,,,,,1.0,1.0,1.0,1.0,1.0,1.0,1.0,1.0,1.0,1.0
4287,5e206e9ebf880f3f3,True,,,,,,,,,,1.0,1.0,1.0,1.0,1.0,1.0,1.0,1.0,1.0,1.0
4288,58c7dc2cb395006ae,True,,,,,,,,,,1.0,1.0,1.0,1.0,0.990425278512675,1.0,1.0,1.0,1.0,0.997007899535211
4289,362376a65fe8ca576,True,,,,,,,,,,1.0,1.0,1.0,1.0,0.48813907469648143,1.0,0.0,1.0,1.0,0.7150434608426505
4290,1435a0fd243cd3793,True,,,,,,,,,,1.0,1.0,1.0,1.0,0.3021897853491684,1.0,1.0,1.0,0.0,0.6569343079216151
4291,b101c591a23f8d8d9,True,,,,,,,,,,1.0,0.0,1.0,1.0,1.0,1.0,0.0,1.0,0.0,0.0
4292,59837e4159b9ac2a4,True,,,,,,,,,,1.0,1.0,1.0,1.0,0.5868043164389634,1.0,0.0,1.0,1.0,0.745876348887176
4293,c4c4fa45496336f70,True,,,,,,,,,,1.0,1.0,0.5,1.0,1.0,1.0,0.0,1.0,0.0,0.375
4294,9ddf964682ac312d8,True,,,,,,,,,,1.0,1.0,1.0,1.0,0.30167605699385625,1.0,1.0,1.0,0.0,0.6567737678105801
4295,1d0587c2228e349ac,True,,,,,,,,,,1.0,1.0,1.0,1.0,0.5938305914255944,1.0,1.0,1.0,1.0,0.8730720598204982
4296,96a58a5e3850d0b3d,True,,,,,,,,,,1.0,1.0,1.0,1.0,0.3252163418094062,1.0,1.0,1.0,1.0,0.7891301068154395
4297,cd7e663897f923d92,True,,,,,,,,,,1.0,1.0,1.0,1.0,1.0,1.0,0.0,1.0,0.0,0.75
4298,84e277e20e4dfaf5c,True,,,,,,,,,,1.0,1.0,1.0,1.0,0.47292771871453,1.0,0.0,1.0,1.0,0.7102899120982906
4299,6b8247643fb8d921c,True,,,,,,,,,,0.5,1.0,1.0,1.0,0.8664644787155061,0.0,1.0,1.0,0.0,0.26038507479929784
4300,c0581b1e56946d6c1,True,,,,,,,,,,0.0,1.0,1.0,1.0,0.8109907577039843,0.0,0.0,1.0,1.0,0.0
4301,b24c5109d9a3320ec,True,,,,,,,,,,1.0,1.0,1.0,1.0,0.9102491090101856,1.0,0.0,1.0,1.0,0.846952846565683
4302,c38b7f486c2411a81,True,,,,,,,,,,0.0,1.0,1.0,1.0,1.0,0.0,0.0,1.0,1.0,0.0
4303,336a85438db14731e,True,,,,,,,,,,0.0,1.0,1.0,1.0,1.0,0.0,0.0,1.0,0.0,0.0
4304,6e72febafe28c367c,True,,,,,,,,,,1.0,1.0,0.5,1.0,1.0,1.0,0.0,1.0,0.0,0.375
4305,a075eb4cf05c9e8a0,True,,,,,,,,,,1.0,0.0,1.0,1.0,1.0,1.0,1.0,1.0,1.0,0.0
4306,b6030dfa5349bcc9b,True,,,,,,,,,,1.0,1.0,1.0,1.0,1.0,1.0,1.0,1.0,0.0,0.875
4307,5f2803a94f9f2adba,True,,,,,,,,,,1.0,1.0,1.0,1.0,0.2355080334794814,1.0,1.0,1.0,1.0,0.7610962604623379
4308,355e5bb60c8fb0793,True,,,,,,,,,,1.0,1.0,0.5,1.0,1.0,1.0,0.0,1.0,1.0,0.4375
4309,3921f85c4ba81b39b,True,,,,,,,,,,1.0,1.0,1.0,1.0,1.0,1.0,0.0,1.0,0.0,0.75
4310,ad16a8e4063d7973e,True,,,,,,,,,,1.0,1.0,1.0,1.0,0.5978466186257709,1.0,1.0,1.0,1.0,0.8743270683205534
4311,ada3a1a9a3d4dee81,True,,,,,,,,,,1.0,1.0,1.0,1.0,0.9386479735893734,1.0,1.0,1.0,1.0,0.9808274917466792
4312,d4aaf5d6841ea2cad,True,,,,,,,,,,1.0,1.0,1.0,1.0,0.8585338485196305,1.0,1.0,1.0,1.0,0.9557918276623846
4313,dbfff1a4f70af53a6,True,,,,,,,,,,1.0,1.0,1.0,1.0,1.0,1.0,1.0,1.0,0.0,0.875
4314,b1c50bd50a2ae1355,True,,,,,,,,,,1.0,0.0,1.0,1.0,0.7097457639957386,1.0,1.0,0.0,0.0,0.0
4315,47799590d39799760,True,,,,,,,,,,1.0,0.0,1.0,1.0,1.0,1.0,1.0,1.0,1.0,0.0
4316,4330e2204831576d7,True,,,,,,,,,,1.0,0.0,1.0,1.0,0.5582116269767903,1.0,0.0,1.0,0.0,0.0
4317,542094f5bc210a1c8,True,,,,,,,,,,1.0,1.0,0.5,1.0,1.0,1.0,0.0,1.0,1.0,0.4375
4318,645751bf568658675,True,,,,,,,,,,1.0,1.0,1.0,1.0,0.45414573379482964,1.0,0.0,1.0,0.0,0.5794205418108842
4319,05ca5a62ce0754a30,True,,,,,,,,,,1.0,1.0,0.0,1.0,0.8031112403948764,1.0,0.0,1.0,0.0,0.0
4320,213be589c1849a8ad,True,,,,,,,,,,1.0,0.0,0.5,1.0,1.0,1.0,0.0,1.0,0.0,0.0
4321,b1429f698429f9202,True,,,,,,,,,,1.0,1.0,1.0,1.0,0.8798493241572695,1.0,0.0,1.0,1.0,0.8374529137991467
4322,f5751be1c6f840216,True,,,,,,,,,,1.0,0.0,0.0,1.0,1.0,1.0,0.0,1.0,1.0,0.0
4323,ce91aa0b54e55f85e,True,,,,,,,,,,1.0,1.0,1.0,1.0,0.5406536790367729,1.0,1.0,1.0,1.0,0.8564542746989915
4324,e013e127e2126bb32,True,,,,,,,,,,1.0,1.0,0.5,1.0,1.0,1.0,1.0,1.0,0.0,0.4375
4325,d57d9c1eba8896d77,True,,,,,,,,,,1.0,1.0,1.0,1.0,0.8536398175425974,1.0,0.0,1.0,0.0,0.7042624429820616
4326,1dc0a8f14dc973a72,True,,,,,,,,,,0.0,1.0,1.0,1.0,1.0,0.0,1.0,1.0,0.0,0.0
4327,60b75083635860a0a,True,,,,,,,,,,1.0,0.0,1.0,1.0,1.0,1.0,1.0,1.0,0.0,0.0
4328,36a59107f58b13a57,True,,,,,,,,,,1.0,1.0,1.0,1.0,0.3156867719589831,1.0,1.0,1.0,0.0,0.6611521162371823
4329,3c70a054e8d40ce21,True,,,,,,,,,,1.0,1.0,1.0,1.0,0.6753153076309679,1.0,0.0,1.0,0.0,0.6485360336346775
4330,f155a28a11bdfe4d3,True,,,,,,,,,,1.0,1.0,1.0,1.0,1.0,1.0,1.0,1.0,1.0,1.0
4331,66186ff8feddb320f,True,,,,,,,,,,1.0,1.0,1.0,1.0,0.5216727291577731,1.0,0.0,1.0,1.0,0.725522727861804
4332,52e9709be4289e9ff,True,,,,,,,,,,1.0,0.0,1.0,1.0,0.9316863201542763,1.0,0.0,1.0,0.0,0.0
4333,3888d194819d19b6e,True,,,,,,,,,,1.0,1.0,0.0,1.0,1.0,1.0,0.0,1.0,0.0,0.0
4334,808228d1cf4a9f699,True,,,,,,,,,,1.0,1.0,1.0,1.0,0.7222395246298994,1.0,1.0,1.0,1.0,0.9131998514468436
4335,c021ad43ee2e51dd3,True,,,,,,,,,,1.0,1.0,1.0,1.0,0.916949882334868,1.0,1.0,1.0,0.0,0.8490468382296462
4336,92dbe7647ced9cbf0,True,,,,,,,,,,1.0,1.0,0.5,1.0,0.384858394334513,1.0,0.0,1.0,0.0,0.27888412411476765
4337,3fee465a29d222bb0,True,,,,,,,,,,1.0,1.0,1.0,1.0,0.23935421857207606,1.0,1.0,1.0,0.0,0.6372981933037738
4338,7c999853833c34336,True,,,,,,,,,,1.0,1.0,1.0,1.0,0.5934830167304194,1.0,0.0,1.0,0.0,0.622963442728256
4339,8fb9c005a042db260,True,,,,,,,,,,1.0,1.0,1.0,1.0,0.4042163560481759,1.0,0.0,1.0,1.0,0.688817611265055
4340,4366160abaeabb363,True,,,,,,,,,,0.0,1.0,1.0,1.0,0.9011866029682013,0.0,1.0,1.0,0.0,0.0
4341,1ea195d959bce2d65,True,,,,,,,,,,0.0,0.0,0.5,1.0,1.0,0.0,0.0,1.0,1.0,0.0
4342,de3ab8b6981c3e632,True,,,,,,,,,,1.0,1.0,1.0,1.0,0.3582779294628795,1.0,1.0,1.0,1.0,0.7994618529571498
4343,73c0e8fd14908dce6,True,,,,,,,,,,1.0,1.0,1.0,1.0,1.0,1.0,1.0,1.0,0.0,0.875
4344,ea85faa2c543fbbae,True,,,,,,,,,,1.0,1.0,1.0,1.0,0.6474312906876452,1.0,1.0,1.0,0.0,0.7648222783398891
4345,3d7ddf7a34c6ba150,True,,,,,,,,,,1.0,1.0,0.5,1.0,1.0,1.0,1.0,1.0,1.0,0.5
4346,cd892a7201a57c9b3,True,,,,,,,,,,1.0,1.0,1.0,1.0,0.47058141252057867,1.0,0.0,1.0,1.0,0.7095566914126809
4347,5776fb2bb724aff1e,True,,,,,,,,,,1.0,1.0,0.0,1.0,1.0,1.0,1.0,1.0,1.0,0.0
4348,1b09ba4c4fe0b53e9,True,,,,,,,,,,1.0,1.0,0.0,1.0,1.0,1.0,0.0,1.0,0.0,0.0
4349,c9eccd69e416f78ae,True,,,,,,,,,,0.0,0.0,1.0,1.0,1.0,0.0,0.0,1.0,1.0,0.0
4350,3ada23a933f4d460c,True,,,,,,,,,,1.0,1.0,1.0,1.0,1.0,1.0,1.0,1.0,1.0,1.0
4351,13d3b12e20ec70ec5,True,,,,,,,,,,1.0,1.0,1.0,1.0,0.8655344857674818,1.0,1.0,1.0,0.0,0.8329795268023381
4352,a1fc0c3eb1ef15aba,True,,,,,,,,,,1.0,1.0,0.5,1.0,1.0,0.0,0.0,1.0,0.0,0.21875
4353,fc75e772cd8a739f3,True,,,,,,,,,,1.0,0.0,1.0,1.0,1.0,1.0,1.0,1.0,0.0,0.0
4354,8eddcff969b67fe18,True,,,,,,,,,,1.0,1.0,1.0,1.0,0.19857051007546286,1.0,1.0,1.0,1.0,0.7495532843985822
4355,0dbe87a99ac3cd3e1,True,,,,,,,,,,1.0,0.0,1.0,1.0,1.0,1.0,0.0,1.0,1.0,0.0
4356,760a1b63cdc5e0565,True,,,,,,,,,,1.0,1.0,1.0,1.0,0.5956798804767982,1.0,1.0,1.0,0.0,0.7486499626489994
4357,f2b84517dc455c03f,True,,,,,,,,,,1.0,1.0,1.0,1.0,0.8577526068796382,1.0,1.0,1.0,1.0,0.9555476896498869
4358,616dcf87ca891dd84,True,,,,,,,,,,0.0,1.0,1.0,1.0,1.0,0.0,0.0,1.0,1.0,0.0
4359,888343bb23c96916c,True,,,,,,,,,,1.0,1.0,1.0,1.0,0.2427751549539193,1.0,0.0,1.0,1.0,0.6383672359230999
4360,4b0f639cbf3aaa353,True,,,,,,,,,,1.0,1.0,1.0,1.0,0.7227294124704935,1.0,0.0,1.0,1.0,0.7883529413970292
4361,1f200aef5aa80a98d,True,,,,,,,,,,1.0,1.0,1.0,1.0,1.0,1.0,1.0,1.0,1.0,1.0
4362,fb23a658d96acd780,True,,,,,,,,,,0.0,1.0,1.0,1.0,1.0,0.0,0.0,1.0,0.0,0.0
4363,d48e40aefebe5e31f,True,,,,,,,,,,1.0,0.0,0.0,1.0,1.0,1.0,1.0,1.0,0.0,0.0
4364,060c2eff47b49d915,True,,,,,,,,,,1.0,0.0,0.0,1.0,1.0,1.0,0.0,1.0,0.0,0.0
4365,a03596d2557544d9f,True,,,,,,,,,,1.0,0.0,1.0,1.0,1.0,1.0,0.0,1.0,0.0,0.0
4366,b5d691e56539e289e,True,,,,,,,,,,1.0,1.0,1.0,1.0,0.2931648664728249,1.0,1.0,1.0,1.0,0.7791140207727578
4367,891f0c38752897ee9,True,,,,,,,,,,1.0,1.0,0.0,1.0,1.0,1.0,0.0,1.0,1.0,0.0
4368,41a150d2b1beead49,True,,,,,,,,,,1.0,1.0,0.5,1.0,1.0,1.0,1.0,1.0,0.0,0.4375
4369,6a4de6b536cc07742,True,,,,,,,,,,1.0,1.0,0.0,1.0,0.7406063939117777,1.0,0.0,1.0,1.0,0.0
4370,d87106abfc25f2fab,True,,,,,,,,,,1.0,0.0,1.0,1.0,0.8748795137659368,1.0,0.0,0.0,0.0,0.0
4371,e691defa66927f173,True,,,,,,,,,,1.0,1.0,1.0,1.0,0.3595193119679396,1.0,0.0,1.0,1.0,0.6748497849899812
4372,742919271b6be5815,True,,,,,,,,,,1.0,1.0,0.0,1.0,1.0,1.0,0.0,1.0,1.0,0.0
4373,56a96ee7abd76ab13,True,,,,,,,,,,0.0,1.0,1.0,1.0,1.0,0.0,0.0,1.0,0.0,0.0
4374,0224d4cee538e69c3,True,,,,,,,,,,1.0,0.0,1.0,1.0,1.0,1.0,1.0,1.0,1.0,0.0
4375,221ee037ec27dbb36,True,,,,,,,,,,1.0,1.0,1.0,1.0,0.08172737549199006,1.0,1.0,1.0,0.0,0.588039804841247
4376,2c9bdc85f913f14f3,True,,,,,,,,,,1.0,1.0,1.0,1.0,0.6821015265395907,1.0,1.0,1.0,0.0,0.7756567270436221
4377,252b55b927f05ad09,True,,,,,,,,,,1.0,1.0,1.0,1.0,0.5084167115750168,1.0,1.0,1.0,1.0,0.8463802223671928
4378,6f388bff9ecc03286,True,,,,,,,,,,1.0,1.0,1.0,1.0,0.5457932594575433,1.0,0.0,1.0,1.0,0.7330603935804823
4379,043b764789a077f63,True,,,,,,,,,,1.0,1.0,1.0,1.0,0.8318577971037591,1.0,1.0,1.0,1.0,0.9474555615949247
4380,1be8c9376ad3e1e99,True,,,,,,,,,,1.0,0.0,1.0,1.0,1.0,1.0,1.0,1.0,1.0,0.0
4381,09bcac39474bd36a4,True,,,,,,,,,,1.0,1.0,1.0,1.0,0.5538677204461901,1.0,1.0,1.0,1.0,0.8605836626394344
4382,4bdf97e7a68a220e2,True,,,,,,,,,,1.0,1.0,1.0,1.0,0.6745755242290536,1.0,0.0,1.0,0.0,0.6483048513215792
4383,50119f57063995e29,True,,,,,,,,,,0.0,1.0,1.0,1.0,1.0,0.0,1.0,0.0,0.0,0.0
4384,b9297371e1c1fc881,True,,,,,,,,,,1.0,1.0,1.0,1.0,1.0,1.0,0.0,1.0,1.0,0.875
4385,cdc70ea2300980958,True,,,,,,,,,,0.0,1.0,1.0,1.0,1.0,0.0,0.0,1.0,1.0,0.0
4386,ce907a202ee6095c1,True,,,,,,,,,,1.0,1.0,1.0,1.0,0.3858979221676068,1.0,1.0,1.0,1.0,0.8080931006773772
4387,a20d11131b97593ab,True,,,,,,,,,,1.0,1.0,1.0,1.0,0.6772620449950719,1.0,0.0,1.0,1.0,0.77414438906096
4388,339ecba374c29a3ea,True,,,,,,,,,,1.0,1.0,1.0,1.0,0.527573051264945,1.0,1.0,1.0,0.0,0.7273665785202953
4389,6c04df27e5264b20b,True,,,,,,,,,,1.0,1.0,1.0,1.0,1.0,1.0,1.0,1.0,0.0,0.875
4390,553cf28c0505a3ed6,True,,,,,,,,,,1.0,1.0,1.0,1.0,0.3182259111465123,1.0,0.0,1.0,0.0,0.536945597233285
4391,9fd492f6ce88318ef,True,,,,,,,,,,1.0,1.0,1.0,1.0,0.8661628321387991,1.0,1.0,1.0,0.0,0.8331758850433747
4392,2ae5b4d91dcfac803,True,,,,,,,,,,0.0,1.0,1.0,1.0,1.0,0.0,0.0,1.0,0.0,0.0
4393,78de0559e7e44a61a,True,,,,,,,,,,1.0,0.0,1.0,1.0,1.0,1.0,1.0,1.0,1.0,0.0
4394,7fda1bb28d64c96f0,True,,,,,,,,,,1.0,0.0,1.0,1.0,1.0,1.0,0.0,1.0,0.0,0.0
4395,e9751ea5c28dbd703,True,,,,,,,,,,0.0,1.0,1.0,1.0,0.2571945295423207,0.0,1.0,1.0,0.0,0.0
4396,7897a78a2a7b1d695,True,,,,,,,,,,1.0,1.0,1.0,1.0,1.0,1.0,0.0,1.0,0.0,0.75
4397,b77f2183b554e6641,True,,,,,,,,,,1.0,1.0,1.0,1.0,0.5240604055566559,1.0,1.0,1.0,1.0,0.8512688767364549
4398,879334719374ec947,True,,,,,,,,,,1.0,1.0,1.0,1.0,0.35305317359952526,1.0,1.0,1.0,0.0,0.6728291167498517
4399,f5714362919202c36,True,,,,,,,,,,1.0,1.0,1.0,1.0,0.0638248579898164,1.0,1.0,1.0,1.0,0.7074452681218176
4400,d10399f19fe745cd8,True,,,,,,,,,,0.0,1.0,1.0,1.0,1.0,0.0,1.0,1.0,0.0,0.0
4401,4c838e94f573fa977,True,,,,,,,,,,1.0,1.0,1.0,1.0,0.30805343743274693,1.0,0.0,1.0,1.0,0.6587666991977335
4402,1c5915479f9d88e87,True,,,,,,,,,,1.0,0.0,1.0,1.0,0.689106735938439,1.0,0.0,1.0,1.0,0.0
4403,67c494ff455f7fac3,True,,,,,,,,,,1.0,1.0,1.0,1.0,0.5909847528728304,1.0,1.0,1.0,1.0,0.8721827352727595
4404,c557bbca95b7a9516,True,,,,,,,,,,1.0,1.0,1.0,1.0,0.937961934054489,1.0,1.0,1.0,0.0,0.8556131043920279
4405,5dba5a1d4aea8c679,True,,,,,,,,,,1.0,1.0,1.0,1.0,0.49221603048768703,1.0,0.0,1.0,1.0,0.7163175095274021
4406,40ab16e6d2c7b1db0,True,,,,,,,,,,1.0,0.0,1.0,1.0,0.2602375698388077,1.0,0.0,1.0,1.0,0.0
4407,88fb73c3952c8f9ea,True,,,,,,,,,,0.0,1.0,1.0,1.0,1.0,0.0,1.0,1.0,1.0,0.0
4408,54319e96916504611,True,,,,,,,,,,1.0,1.0,1.0,1.0,0.5676260368962093,1.0,0.0,1.0,1.0,0.7398831365300654
4409,d9f0da556a4c7bb77,True,,,,,,,,,,1.0,1.0,1.0,1.0,1.0,1.0,0.0,1.0,0.0,0.75
4410,edd46eab5d581d11a,True,,,,,,,,,,1.0,1.0,0.0,1.0,1.0,1.0,1.0,1.0,0.0,0.0
4411,511d6caf7ec40eb09,True,,,,,,,,,,0.0,1.0,0.0,1.0,1.0,0.0,0.0,1.0,0.0,0.0
4412,9d4da1a5a93059ae2,True,,,,,,,,,,0.0,1.0,1.0,1.0,0.8927370570748762,0.0,0.0,1.0,1.0,0.0
4413,ba31453558099b11f,True,,,,,,,,,,1.0,1.0,1.0,1.0,0.5678540481276217,1.0,1.0,1.0,0.0,0.7399543900398817
4414,765b429e21230f949,True,,,,,,,,,,1.0,0.0,1.0,1.0,0.5444624410552799,1.0,1.0,1.0,1.0,0.0
4415,b51b8bf8d757ee5de,True,,,,,,,,,,1.0,1.0,1.0,1.0,0.9873804997639388,1.0,0.0,1.0,1.0,0.8710564061762309
4416,eb6579d91982e38e5,True,,,,,,,,,,1.0,0.0,1.0,1.0,0.36209378803718567,1.0,1.0,1.0,0.0,0.0
4417,dbfdf8f55f68e448a,True,,,,,,,,,,0.0,1.0,1.0,1.0,1.0,0.0,1.0,1.0,1.0,0.0
4418,15d9842199648136e,True,,,,,,,,,,0.0,0.0,0.5,1.0,1.0,0.0,0.0,0.0,0.0,0.0
4419,b692c62651903c29f,True,,,,,,,,,,1.0,1.0,1.0,1.0,0.31002321710467595,1.0,1.0,1.0,0.0,0.6593822553452112
4420,8d71beefa48cb91fb,True,,,,,,,,,,1.0,1.0,1.0,1.0,0.8817838142143203,1.0,1.0,1.0,1.0,0.9630574419419751
4421,f3886ebf44a7423f1,True,,,,,,,,,,1.0,1.0,0.5,1.0,1.0,1.0,0.0,1.0,1.0,0.4375
4422,0abe9e69bf806a8c4,True,,,,,,,,,,1.0,1.0,1.0,1.0,0.7331093341472407,1.0,1.0,1.0,0.0,0.7915966669210127
4423,8da51d4b0fa17ee9a,True,,,,,,,,,,1.0,1.0,1.0,1.0,0.8822062756469399,1.0,0.0,1.0,1.0,0.8381894611396687
4424,908b05ed734967ac3,True,,,,,,,,,,1.0,1.0,1.0,1.0,0.8941364791675988,1.0,0.0,1.0,1.0,0.8419176497398746
4425,1c18bdd5b49d08afb,True,,,,,,,,,,0.0,1.0,0.0,1.0,1.0,0.0,0.0,1.0,0.0,0.0
4426,0fda3e9ba0b83c4b2,True,,,,,,,,,,0.0,0.0,0.0,1.0,1.0,0.0,0.0,1.0,1.0,0.0
4427,09217d8288feb5fad,True,,,,,,,,,,1.0,1.0,1.0,1.0,1.0,1.0,1.0,1.0,1.0,1.0
4428,b6611f13150a67e76,True,,,,,,,,,,0.0,1.0,1.0,1.0,1.0,0.0,1.0,1.0,0.0,0.0
4429,f74e8cda8ff469419,True,,,,,,,,,,1.0,1.0,1.0,1.0,1.0,1.0,1.0,1.0,1.0,1.0
4430,e85a39742e3e7ef00,True,,,,,,,,,,1.0,0.0,0.0,1.0,1.0,1.0,0.0,1.0,1.0,0.0
4431,eeab7294535bc0168,True,,,,,,,,,,1.0,0.0,0.5,1.0,1.0,1.0,0.0,1.0,0.0,0.0
4432,4011046e283cb0a28,True,,,,,,,,,,1.0,1.0,1.0,1.0,0.2761036655381106,1.0,1.0,1.0,1.0,0.7737823954806595
4433,33f0f0e933c91112e,True,,,,,,,,,,1.0,1.0,1.0,1.0,1.0,1.0,1.0,1.0,0.0,0.875
4434,3a84eaeca44c1b7ad,True,,,,,,,,,,1.0,1.0,1.0,1.0,0.8658080561434435,1.0,0.0,1.0,1.0,0.8330650175448261
4435,5bc5b9c19039b3131,True,,,,,,,,,,1.0,1.0,1.0,1.0,0.7381854257713504,1.0,0.0,1.0,1.0,0.793182945553547
4436,e30153992e5712828,True,,,,,,,,,,1.0,1.0,1.0,1.0,0.31651056913528886,1.0,0.0,1.0,0.0,0.5364095528547778
4437,757cbf6c460160db5,True,,,,,,,,,,0.0,1.0,1.0,1.0,1.0,0.0,1.0,1.0,1.0,0.0
4438,9e268b454b8ca07a1,True,,,,,,,,,,1.0,1.0,1.0,1.0,0.7026037526749774,1.0,1.0,1.0,1.0,0.9070636727109305
4439,50442ffec20a73824,True,,,,,,,,,,1.0,1.0,1.0,1.0,0.682361112684436,1.0,0.0,1.0,1.0,0.7757378477138863
4440,599d18ef0c8b9c894,True,,,,,,,,,,0.5,1.0,1.0,1.0,1.0,0.0,1.0,1.0,1.0,0.34375
4441,f549933443a3744d4,True,,,,,,,,,,1.0,1.0,1.0,1.0,0.8113570882909247,1.0,0.0,1.0,1.0,0.816049090090914
4442,76112959f0c3cee44,True,,,,,,,,,,1.0,1.0,1.0,1.0,0.44078483114520906,1.0,1.0,1.0,1.0,0.8252452597328779
4443,bbfd9bdc997348cff,True,,,,,,,,,,1.0,0.0,1.0,1.0,0.6762700754338963,1.0,1.0,1.0,0.0,0.0
4444,d9bde28612a6aad4f,True,,,,,,,,,,1.0,0.0,1.0,1.0,1.0,1.0,0.0,0.0,0.0,0.0
4445,17a263da0e14e7155,True,,,,,,,,,,1.0,1.0,1.0,1.0,0.7775093087255807,0.0,0.0,1.0,1.0,0.49297165897674394
4446,6eb2d372480ee2f5b,True,,,,,,,,,,1.0,1.0,1.0,1.0,1.0,1.0,1.0,1.0,1.0,1.0
4447,f047a65c1ef695e27,True,,,,,,,,,,1.0,1.0,1.0,1.0,0.8282565410541672,1.0,0.0,1.0,1.0,0.8213301690794272
4448,5b11f358da127ff72,True,,,,,,,,,,1.0,1.0,1.0,1.0,0.9708400177861097,1.0,0.0,1.0,1.0,0.8658875055581593
4449,87bc17b46db863809,True,,,,,,,,,,1.0,1.0,0.5,1.0,0.7158185819088307,1.0,0.0,1.0,0.0,0.33059665342325484
4450,cfe27a593a4819294,True,,,,,,,,,,1.0,1.0,0.5,1.0,1.0,1.0,0.0,0.0,1.0,0.375
4451,cff10d121d9ee4a1a,True,,,,,,,,,,1.0,1.0,0.5,1.0,0.5290217309984537,1.0,0.0,1.0,1.0,0.3639096454685084
4452,34e7a39f33ba4f108,True,,,,,,,,,,0.0,1.0,1.0,1.0,1.0,0.0,1.0,1.0,0.0,0.0
4453,6dfe7ea162c45ba1d,True,,,,,,,,,,0.0,0.0,1.0,1.0,1.0,0.0,0.0,1.0,1.0,0.0
4454,0e655768a5fd9c8ad,True,,,,,,,,,,0.0,1.0,0.5,1.0,1.0,0.0,0.0,1.0,0.0,0.0
4455,5744b52773894c061,True,,,,,,,,,,1.0,1.0,1.0,1.0,0.6831930827969159,1.0,0.0,1.0,1.0,0.7759978383740362
4456,e5b4f8a0ccdaf4e6e,True,,,,,,,,,,1.0,1.0,1.0,1.0,0.6067776480741939,1.0,1.0,1.0,1.0,0.8771180150231856
4457,fd6e363385145a378,True,,,,,,,,,,1.0,1.0,0.0,1.0,1.0,1.0,0.0,1.0,1.0,0.0
4458,9f903173a7777cf35,True,,,,,,,,,,1.0,1.0,1.0,1.0,1.0,1.0,1.0,1.0,1.0,1.0
4459,3ff3a293385e2be07,True,,,,,,,,,,1.0,0.0,1.0,1.0,0.27618620967922336,1.0,1.0,1.0,0.0,0.0
4460,541803e1775a85786,True,,,,,,,,,,1.0,1.0,1.0,1.0,0.7637527340813898,1.0,1.0,1.0,1.0,0.9261727294004343
4461,a29cd4e306ffe1e14,True,,,,,,,,,,1.0,1.0,1.0,1.0,0.48652802233389475,1.0,0.0,1.0,1.0,0.7145400069793422
4462,9d72bed8e095c9a05,True,,,,,,,,,,1.0,0.0,0.5,1.0,1.0,1.0,0.0,1.0,1.0,0.0
4463,8cf82bdb10f083506,True,,,,,,,,,,1.0,1.0,1.0,1.0,0.9444695873203598,1.0,1.0,1.0,1.0,0.9826467460376125
4464,363ac46bc24e8db3b,True,,,,,,,,,,1.0,0.0,1.0,1.0,0.7636607243778117,1.0,0.0,1.0,0.0,0.0
4465,0165cb0adcfce3796,True,,,,,,,,,,1.0,0.0,1.0,1.0,1.0,1.0,1.0,1.0,0.0,0.0
4466,8fa659be9812d12ac,True,,,,,,,,,,1.0,1.0,1.0,1.0,1.0,1.0,1.0,1.0,1.0,1.0
4467,6df6f08cd7de3b69e,True,,,,,,,,,,1.0,1.0,1.0,1.0,0.3920087039145192,1.0,1.0,1.0,1.0,0.8100027199732873
4468,7eb1127a01c79ed76,True,,,,,,,,,,1.0,1.0,1.0,1.0,0.20768987345257717,1.0,1.0,1.0,0.0,0.6274030854539303
4469,c00676be121eaac31,True,,,,,,,,,,0.0,1.0,1.0,1.0,1.0,0.0,1.0,1.0,0.0,0.0
4470,b58fa3cc9262a73d1,True,,,,,,,,,,0.0,1.0,1.0,1.0,1.0,0.0,1.0,1.0,0.0,0.0
4471,5906874d0d863e9c0,True,,,,,,,,,,1.0,1.0,1.0,1.0,0.9754469027599826,1.0,1.0,1.0,1.0,0.9923271571124945
4472,86a500b770f0588cb,True,,,,,,,,,,1.0,1.0,1.0,1.0,0.8016032419448822,1.0,1.0,1.0,1.0,0.9380010131077756
4473,cffdc69f30e1aeda2,True,,,,,,,,,,1.0,1.0,1.0,1.0,0.5992780619688566,1.0,1.0,1.0,0.0,0.7497743943652677
4474,6c8c6dc401c0c9ea2,True,,,,,,,,,,1.0,1.0,1.0,1.0,0.48987355012955575,1.0,1.0,1.0,1.0,0.8405854844154862
4475,a0dee764f3cd352e8,True,,,,,,,,,,1.0,1.0,1.0,1.0,0.9395704835127495,1.0,1.0,1.0,1.0,0.9811157760977343
4476,81da68a500fb17473,True,,,,,,,,,,1.0,1.0,1.0,1.0,0.7144595957865616,1.0,0.0,1.0,1.0,0.7857686236833005
4477,1ab4af6d2763780c4,True,,,,,,,,,,1.0,1.0,1.0,1.0,0.5233836871002255,1.0,1.0,1.0,0.0,0.7260574022188204
4478,f229cb59e31bbd82f,True,,,,,,,,,,1.0,1.0,1.0,1.0,1.0,0.0,0.0,1.0,1.0,0.5625
4479,50dcee9926ded132e,True,,,,,,,,,,1.0,1.0,1.0,1.0,0.8230008682998626,1.0,0.0,1.0,0.0,0.6946877713437071
4480,9778c919f63adf7c6,True,,,,,,,,,,1.0,1.0,1.0,1.0,0.7234384488487123,1.0,1.0,1.0,0.0,0.7885745152652226
4481,15e9e852fea33e966,True,,,,,,,,,,1.0,0.0,1.0,1.0,1.0,1.0,1.0,1.0,1.0,0.0
4482,55d87f273908bb975,True,,,,,,,,,,0.0,1.0,1.0,1.0,1.0,0.0,0.0,1.0,0.0,0.0
4483,a686334790117f882,True,,,,,,,,,,1.0,1.0,1.0,1.0,1.0,1.0,1.0,1.0,1.0,1.0
4484,9db723ede5227209d,True,,,,,,,,,,1.0,1.0,0.5,1.0,1.0,1.0,0.0,0.0,0.0,0.3125
4485,1b2cd068b0d562449,True,,,,,,,,,,1.0,1.0,1.0,1.0,0.7655522665005846,1.0,1.0,1.0,0.0,0.8017350832814327
4486,acd2363307018e31e,True,,,,,,,,,,1.0,1.0,0.5,1.0,1.0,1.0,0.0,1.0,1.0,0.4375
4487,4578349a623642d00,True,,,,,,,,,,1.0,1.0,1.0,1.0,1.0,1.0,1.0,1.0,0.0,0.875
4488,c8bce5ae9777b5139,True,,,,,,,,,,1.0,1.0,1.0,1.0,0.5575888901618494,1.0,1.0,1.0,1.0,0.861746528175578
4489,c2f99f2f74ef541cb,True,,,,,,,,,,1.0,0.0,1.0,1.0,1.0,1.0,0.0,1.0,0.0,0.0
4490,b95297d2453c0e1e8,True,,,,,,,,,,1.0,0.0,1.0,1.0,1.0,1.0,1.0,1.0,1.0,0.0
4491,54ce409a64180a221,True,,,,,,,,,,1.0,0.0,0.0,1.0,1.0,1.0,0.0,1.0,0.0,0.0
4492,f511978077fdcd122,True,,,,,,,,,,1.0,1.0,1.0,1.0,0.2937318050726208,1.0,0.0,1.0,0.0,0.529291189085194
4493,bad2ad9c318ddb264,True,,,,,,,,,,1.0,1.0,1.0,1.0,0.6571913181394018,1.0,0.0,1.0,0.0,0.642872286918563
4494,bfd4cb9e2a8bebc15,True,,,,,,,,,,1.0,1.0,1.0,1.0,0.7644543744269711,1.0,1.0,1.0,0.0,0.8013919920084285
4495,c97f59b36279e74ae,True,,,,,,,,,,1.0,0.0,0.5,1.0,1.0,1.0,0.0,1.0,0.0,0.0
4496,394d8ba443460b0bf,True,,,,,,,,,,1.0,1.0,1.0,1.0,0.33483489305418784,1.0,1.0,1.0,0.0,0.6671359040794337
4497,6b41ad5e55b0662fc,True,,,,,,,,,,1.0,1.0,1.0,1.0,0.6092751429448382,1.0,1.0,1.0,1.0,0.877898482170262
4498,b68951cab847f0bf5,True,,,,,,,,,,0.0,1.0,1.0,1.0,1.0,0.0,1.0,1.0,0.0,0.0
4499,3e0c9c2ea255fd348,True,,,,,,,,,,1.0,1.0,1.0,1.0,1.0,0.0,0.0,1.0,1.0,0.5625
4500,e70eb6c2ef34c64ec,True,,,,,,,,,,1.0,1.0,1.0,1.0,0.5983288957474626,1.0,1.0,1.0,0.0,0.7494777799210821
4501,77dea5b8b12d56203,True,,,,,,,,,,1.0,1.0,1.0,1.0,0.6782996846129307,1.0,0.0,0.0,0.0,0.5244686514415409
4502,a1a35da673b8752f6,True,,,,,,,,,,1.0,0.0,0.5,1.0,0.8840207027412128,1.0,1.0,1.0,0.0,0.0
4503,fd157e67d430fdab3,True,,,,,,,,,,1.0,1.0,1.0,1.0,1.0,1.0,0.0,1.0,1.0,0.875
4504,ff4cc095b1e90f672,True,,,,,,,,,,1.0,1.0,1.0,1.0,0.7985090508999677,1.0,1.0,1.0,1.0,0.9370340784062399
4505,74dc897cc60962fc0,True,,,,,,,,,,1.0,1.0,0.0,1.0,1.0,1.0,0.0,0.0,1.0,0.0
4506,0128939093fdde786,True,,,,,,,,,,1.0,1.0,1.0,1.0,0.5747957477001392,1.0,1.0,1.0,0.0,0.7421236711562935
4507,7186caba98873825a,True,,,,,,,,,,1.0,0.0,1.0,1.0,0.7554083022118762,1.0,1.0,1.0,1.0,0.0
4508,95068a2e2c9c01e85,True,,,,,,,,,,1.0,1.0,1.0,1.0,0.8420070108729646,1.0,0.0,1.0,1.0,0.8256271908978015
4509,57eb7d1fb4d00dce9,True,,,,,,,,,,1.0,1.0,1.0,1.0,1.0,1.0,0.0,1.0,1.0,0.875
4510,45cfb7971f2d2c984,True,,,,,,,,,,1.0,1.0,1.0,1.0,0.7159426455630307,1.0,0.0,1.0,1.0,0.7862320767384471
4511,ad43e2b3ade61b59c,True,,,,,,,,,,1.0,1.0,1.0,1.0,0.7522159643519909,1.0,0.0,1.0,0.0,0.6725674888599972
4512,31cff30cd9b0dac82,True,,,,,,,,,,1.0,1.0,1.0,1.0,0.3554857134762706,1.0,1.0,1.0,1.0,0.7985892854613346
4513,8f669c4ed49b0595f,True,,,,,,,,,,1.0,0.0,1.0,1.0,0.6137989985072462,1.0,1.0,1.0,1.0,0.0
4514,403463355af416781,True,,,,,,,,,,1.0,1.0,1.0,1.0,0.9053782550881413,1.0,0.0,1.0,1.0,0.8454307047150442
4515,ff0923fcd8d30a51b,True,,,,,,,,,,1.0,0.0,1.0,1.0,1.0,1.0,1.0,1.0,0.0,0.0
4516,6f13146a94fc09b32,True,,,,,,,,,,1.0,1.0,1.0,1.0,0.6597813911450566,1.0,0.0,1.0,0.0,0.6436816847328302
4517,02b412777e6ce82cd,True,,,,,,,,,,1.0,1.0,1.0,1.0,0.9586423358839766,1.0,1.0,1.0,0.0,0.8620757299637427
4518,b38c2b62761a1929d,True,,,,,,,,,,1.0,1.0,1.0,1.0,0.5446690681445533,1.0,0.0,1.0,1.0,0.7327090837951729
4519,a19215a312654cd8f,True,,,,,,,,,,1.0,1.0,1.0,1.0,1.0,1.0,1.0,1.0,0.0,0.875
4520,9895d084a0042fff3,True,,,,,,,,,,1.0,1.0,1.0,1.0,0.5256674796407059,1.0,1.0,1.0,0.0,0.7267710873877207
4521,255fdde0f485718e4,True,,,,,,,,,,1.0,0.0,1.0,1.0,1.0,0.0,0.0,1.0,0.0,0.0
4522,6b13c052d037390cc,True,,,,,,,,,,1.0,1.0,1.0,1.0,0.45408939357576616,1.0,1.0,1.0,1.0,0.8294029354924269
4523,8f88cd86720008f23,True,,,,,,,,,,1.0,0.0,1.0,1.0,1.0,1.0,1.0,1.0,1.0,0.0
4524,63c41e35465456dc7,True,,,,,,,,,,1.0,0.0,0.0,1.0,1.0,1.0,0.0,1.0,1.0,0.0
4525,4ce14eab81ed439f2,True,,,,,,,,,,1.0,1.0,0.5,1.0,0.76588292965491,1.0,0.0,1.0,1.0,0.4009192077585797
4526,5ce376c0d0c1cc13f,True,,,,,,,,,,1.0,0.0,1.0,1.0,0.6877572355003853,1.0,0.0,1.0,0.0,0.0
4527,8d911e0483906d5f9,True,,,,,,,,,,1.0,1.0,1.0,1.0,1.0,1.0,1.0,1.0,1.0,1.0
4528,e2bde995b7f918cba,True,,,,,,,,,,1.0,1.0,0.0,1.0,0.9293692901979623,1.0,0.0,1.0,1.0,0.0
4529,dd01f78238cd88b26,True,,,,,,,,,,1.0,1.0,1.0,1.0,0.6844217123168514,1.0,1.0,1.0,0.0,0.776381785099016
4530,cdcb9b51f99934711,True,,,,,,,,,,1.0,1.0,1.0,1.0,0.4155469344917481,1.0,0.0,1.0,1.0,0.6923584170286713
4531,493f74af0100c9223,True,,,,,,,,,,1.0,0.0,1.0,1.0,1.0,0.0,0.0,1.0,1.0,0.0
4532,9db9a548b803b14d9,True,,,,,,,,,,1.0,1.0,1.0,1.0,0.7360577227920849,1.0,0.0,1.0,1.0,0.7925180383725265
4533,1909b0573a163be83,True,,,,,,,,,,1.0,1.0,1.0,1.0,0.5671938803273411,1.0,1.0,1.0,1.0,0.8647480876022942
4534,8ddd0967554f03e92,True,,,,,,,,,,1.0,1.0,1.0,1.0,0.6108219920709685,1.0,0.0,1.0,0.0,0.6283818725221777
4535,c9a4a1c914e8a249d,True,,,,,,,,,,1.0,0.0,1.0,1.0,1.0,1.0,1.0,1.0,1.0,0.0
4536,ca4906fdbc82a1b29,True,,,,,,,,,,1.0,1.0,1.0,1.0,0.7567855517277029,1.0,1.0,1.0,1.0,0.9239954849149071
4537,5fcf415bcf1a37722,True,,,,,,,,,,0.0,1.0,1.0,1.0,1.0,0.0,0.0,1.0,0.0,0.0
4538,1106accd2b5707701,True,,,,,,,,,,0.0,1.0,1.0,1.0,0.9371094801424481,0.0,0.0,1.0,1.0,0.0
4539,064aaacc7d9acb094,True,,,,,,,,,,1.0,1.0,1.0,1.0,1.0,1.0,0.0,1.0,1.0,0.875
4540,be077aa94f9771913,True,,,,,,,,,,1.0,0.0,1.0,0.0,1.0,1.0,0.0,1.0,0.0,0.0
4541,ace512518cdd33ce6,True,,,,,,,,,,1.0,0.0,1.0,1.0,1.0,1.0,0.0,1.0,0.0,0.0
4542,6d9912bf7efcd9fa0,True,,,,,,,,,,1.0,1.0,1.0,1.0,0.22937685593311258,1.0,1.0,1.0,1.0,0.7591802674790977
4543,8124438bc47b3654f,True,,,,,,,,,,1.0,1.0,0.0,1.0,1.0,1.0,0.0,1.0,1.0,0.0
4544,69968d73c74d053d8,True,,,,,,,,,,1.0,1.0,0.0,1.0,1.0,1.0,0.0,1.0,1.0,0.0
4545,8709b2e277d0597b6,True,,,,,,,,,,1.0,1.0,1.0,1.0,1.0,1.0,1.0,1.0,1.0,1.0
4546,c675e95ff07987458,True,,,,,,,,,,1.0,1.0,1.0,1.0,1.0,1.0,0.0,1.0,1.0,0.875
4547,c1c2f041cb05320b6,True,,,,,,,,,,1.0,1.0,0.5,1.0,1.0,1.0,0.0,1.0,1.0,0.4375
4548,991eb7f9b9b5d6f2f,True,,,,,,,,,,1.0,1.0,1.0,1.0,1.0,1.0,0.0,1.0,1.0,0.875
4549,fddbcf39a369cf1df,True,,,,,,,,,,1.0,0.0,0.5,1.0,1.0,1.0,0.0,1.0,0.0,0.0
4550,d19cedf7c9391dacc,True,,,,,,,,,,1.0,0.0,1.0,0.0,1.0,1.0,1.0,1.0,1.0,0.0
4551,1fa4a4d07117f21ba,True,,,,,,,,,,1.0,1.0,1.0,1.0,0.8869250721570008,0.0,1.0,1.0,1.0,0.6521640850490628
4552,86cf77209e00173f3,True,,,,,,,,,,1.0,1.0,1.0,1.0,0.9269084877682527,1.0,0.0,1.0,0.0,0.727158902427579
4553,2c126d0b4fc4f59f6,True,,,,,,,,,,1.0,0.0,1.0,1.0,1.0,1.0,0.0,1.0,0.0,0.0
4554,57242411e2f320c12,True,,,,,,,,,,1.0,1.0,1.0,1.0,0.5715696132817324,1.0,1.0,1.0,0.0,0.7411155041505414
4555,daa10fc178dc83dfb,True,,,,,,,,,,1.0,0.0,1.0,1.0,1.0,1.0,1.0,1.0,0.0,0.0
4556,661923b68a72445aa,True,,,,,,,,,,1.0,0.0,1.0,1.0,0.8716423428455637,1.0,0.0,1.0,0.0,0.0
4557,ac657cb166434db62,True,,,,,,,,,,1.0,1.0,1.0,1.0,1.0,1.0,1.0,1.0,1.0,1.0
4558,8d00654f6a07c6c75,True,,,,,,,,,,1.0,1.0,1.0,1.0,1.0,1.0,1.0,1.0,0.0,0.875
4559,e2c6d877481b28f7e,True,,,,,,,,,,0.0,1.0,1.0,1.0,1.0,0.0,0.0,1.0,1.0,0.0
4560,c9ec6104d455f3e47,True,,,,,,,,,,0.0,0.0,0.5,1.0,1.0,0.0,0.0,1.0,0.0,0.0
4561,b7b7adbd3d2126b3f,True,,,,,,,,,,1.0,1.0,1.0,1.0,0.3906500630733639,1.0,1.0,1.0,1.0,0.8095781447104262
4562,dd0951850bdae5fd8,True,,,,,,,,,,1.0,0.0,1.0,1.0,0.7790305438823175,1.0,1.0,0.0,0.0,0.0
4563,95839bd90cc4d94c8,True,,,,,,,,,,1.0,0.0,1.0,1.0,0.9358029963256136,1.0,1.0,1.0,1.0,0.0
4564,696843a23b748f1b0,True,,,,,,,,,,1.0,0.0,0.5,1.0,1.0,1.0,1.0,1.0,1.0,0.0
4565,8868a14471179c2a7,True,,,,,,,,,,0.0,1.0,0.0,1.0,1.0,0.0,0.0,1.0,1.0,0.0
4566,eee3dbfa0ec3233b6,True,,,,,,,,,,1.0,1.0,1.0,1.0,0.6537193792073552,1.0,1.0,1.0,0.0,0.7667873060022985
4567,f6c5e4b7769ddda20,True,,,,,,,,,,1.0,1.0,1.0,1.0,1.0,1.0,1.0,1.0,0.0,0.875
4568,b74ed296010c24598,True,,,,,,,,,,0.0,1.0,1.0,0.0,1.0,0.0,1.0,1.0,0.0,0.0
4569,2b1cf649494f9cd62,True,,,,,,,,,,1.0,1.0,0.0,1.0,1.0,1.0,0.0,1.0,0.0,0.0
4570,3e951c01a5baffd96,True,,,,,,,,,,1.0,1.0,1.0,1.0,1.0,1.0,0.0,1.0,1.0,0.875
4571,1138b571e8fbaaad9,True,,,,,,,,,,1.0,1.0,1.0,1.0,1.0,1.0,1.0,1.0,1.0,1.0
4572,012fd1457eb78c56c,True,,,,,,,,,,1.0,0.0,1.0,1.0,1.0,1.0,0.0,1.0,1.0,0.0
4573,370b6a02f85908e66,True,,,,,,,,,,1.0,1.0,1.0,1.0,0.6584270742642575,1.0,0.0,0.0,1.0,0.6432584607075804
4574,71c904391b4dd4412,True,,,,,,,,,,1.0,1.0,1.0,1.0,0.5389292176574197,1.0,1.0,1.0,1.0,0.8559153805179437
4575,484e5d7157f571795,True,,,,,,,,,,1.0,1.0,1.0,1.0,0.8406794657828529,1.0,1.0,1.0,0.0,0.8252123330571415
4576,73db1be2e0c010ac5,True,,,,,,,,,,0.0,1.0,1.0,1.0,1.0,0.0,1.0,1.0,1.0,0.0
4577,b6f6daabfac4fa910,True,,,,,,,,,,1.0,1.0,1.0,1.0,1.0,1.0,1.0,1.0,1.0,1.0
4578,08616e3e14acc949b,True,,,,,,,,,,1.0,1.0,1.0,1.0,1.0,1.0,0.0,1.0,1.0,0.875
4579,726d488f280e59674,True,,,,,,,,,,1.0,0.0,0.0,1.0,0.7552402004270592,1.0,0.0,1.0,1.0,0.0
4580,fc2eb6e32259de9aa,True,,,,,,,,,,0.0,0.0,1.0,1.0,1.0,0.0,0.0,1.0,0.0,0.0
4581,590744a9d3d5652dd,True,,,,,,,,,,1.0,1.0,1.0,1.0,0.5096733199385852,0.0,0.0,1.0,0.0,0.2842729124808079
4582,842c77c109ef3215c,True,,,,,,,,,,1.0,0.0,0.5,1.0,1.0,1.0,0.0,1.0,0.0,0.0
4583,8bd9cc5482864e291,True,,,,,,,,,,1.0,0.0,0.0,1.0,1.0,1.0,0.0,1.0,0.0,0.0
4584,92454a3fd96f7dc58,True,,,,,,,,,,1.0,0.0,1.0,1.0,1.0,1.0,1.0,1.0,1.0,0.0
4585,384e8594099b2b5f2,True,,,,,,,,,,1.0,1.0,1.0,1.0,0.43719594837292625,1.0,0.0,1.0,1.0,0.6991237338665395
4586,10dc3b2e0ce99941a,True,,,,,,,,,,1.0,1.0,1.0,1.0,1.0,1.0,1.0,1.0,1.0,1.0
4587,630be1035e80b768b,True,,,,,,,,,,0.0,1.0,1.0,1.0,1.0,0.0,1.0,0.0,0.0,0.0
4588,6f30da8067d92b503,True,,,,,,,,,,0.0,1.0,1.0,1.0,1.0,0.0,0.0,1.0,1.0,0.0
4589,67ef263669c2bab4b,True,,,,,,,,,,1.0,1.0,1.0,1.0,0.6677476181635004,1.0,1.0,1.0,1.0,0.8961711306760939
4590,cc4ba9f3c63ddbc5c,True,,,,,,,,,,1.0,1.0,1.0,1.0,1.0,1.0,1.0,1.0,0.0,0.875
4591,5a4fe1d15e2ccbce1,True,,,,,,,,,,1.0,1.0,1.0,1.0,0.5198138576185831,1.0,1.0,1.0,1.0,0.8499418305058073
4592,b1914ef64d65f8786,True,,,,,,,,,,1.0,1.0,1.0,1.0,0.5909051610510689,1.0,1.0,1.0,1.0,0.872157862828459
4593,8cb3057d000fc44fc,True,,,,,,,,,,1.0,1.0,1.0,1.0,0.4504409960633987,1.0,1.0,1.0,1.0,0.828262811269812
4594,5a6b5af2e36371f17,True,,,,,,,,,,1.0,1.0,1.0,1.0,1.0,1.0,1.0,1.0,0.0,0.875
4595,7d5a7137f0e5a166a,True,,,,,,,,,,0.0,1.0,1.0,1.0,1.0,0.0,1.0,1.0,1.0,0.0
4596,3bcc1dd4e60503094,True,,,,,,,,,,1.0,1.0,1.0,1.0,0.7099718462815966,1.0,0.0,1.0,0.0,0.6593662019629989
4597,4189825e20758be70,True,,,,,,,,,,1.0,1.0,1.0,1.0,0.9118791966876291,1.0,1.0,1.0,0.0,0.8474622489648841
4598,6b0fd30198ec1713c,True,,,,,,,,,,1.0,1.0,1.0,1.0,0.31382978265255296,1.0,1.0,1.0,1.0,0.7855718070789228
4599,ad104e5c73f603ad8,True,,,,,,,,,,1.0,1.0,1.0,1.0,0.3300205206390692,1.0,1.0,1.0,0.0,0.6656314126997092
4600,09fa01cf920102b53,True,,,,,,,,,,1.0,1.0,1.0,1.0,0.5390958545021245,1.0,1.0,1.0,0.0,0.7309674545319139
4601,a64fb9390dd8520e5,True,,,,,,,,,,0.0,1.0,1.0,1.0,1.0,0.0,0.0,1.0,1.0,0.0
4602,6d02e71114637a043,True,,,,,,,,,,1.0,0.0,1.0,1.0,0.5955920615463368,1.0,1.0,1.0,1.0,0.0
4603,58a779e8d452e3877,True,,,,,,,,,,0.0,1.0,1.0,1.0,1.0,0.0,1.0,1.0,1.0,0.0
4604,06a4317c41657c287,True,,,,,,,,,,1.0,1.0,0.0,1.0,1.0,1.0,0.0,1.0,0.0,0.0
4605,f54aae942b797da5a,True,,,,,,,,,,1.0,1.0,1.0,1.0,0.8235079641809354,1.0,0.0,1.0,1.0,0.8198462388065424
4606,27007a0ff06d16d30,True,,,,,,,,,,1.0,1.0,1.0,1.0,1.0,1.0,1.0,1.0,0.0,0.875
4607,cc5c74bb358203037,True,,,,,,,,,,1.0,0.0,0.0,1.0,1.0,1.0,0.0,1.0,1.0,0.0
4608,1291da52f5c1dfbde,True,,,,,,,,,,1.0,1.0,1.0,1.0,1.0,1.0,0.0,1.0,0.0,0.75
4609,2cce2f9aeacb49d13,True,,,,,,,,,,1.0,1.0,1.0,1.0,0.855964627155727,0.0,0.0,1.0,1.0,0.5174889459861647
4610,0ac03aaa52e160cd9,True,,,,,,,,,,1.0,1.0,1.0,1.0,0.30496264000332796,1.0,1.0,1.0,1.0,0.78280082500104
4611,fd516de1672fb997a,True,,,,,,,,,,1.0,0.0,1.0,1.0,1.0,1.0,0.0,1.0,0.0,0.0
4612,5cf2681114e11d9c7,True,,,,,,,,,,0.0,1.0,1.0,1.0,1.0,0.0,1.0,1.0,1.0,0.0
4613,3b2fcd8bf613ba28f,True,,,,,,,,,,1.0,1.0,1.0,1.0,0.41566538031174194,1.0,0.0,1.0,1.0,0.6923954313474193
4614,56f3701eaba44cbba,True,,,,,,,,,,1.0,1.0,1.0,1.0,0.5324153854497581,1.0,0.0,1.0,1.0,0.7288798079530494
4615,bea93c9cd22af6ec1,True,,,,,,,,,,1.0,0.0,1.0,1.0,1.0,1.0,0.0,1.0,0.0,0.0
4616,1cdaa96068632401f,True,,,,,,,,,,1.0,1.0,1.0,1.0,0.41608091665564484,1.0,1.0,1.0,0.0,0.692525286454889
4617,5e4e80a50729b531a,True,,,,,,,,,,1.0,1.0,1.0,1.0,0.654159488746758,1.0,1.0,1.0,0.0,0.7669248402333619
4618,bd7729f8ddc18f827,True,,,,,,,,,,1.0,1.0,1.0,1.0,0.6082587938015784,1.0,0.0,1.0,1.0,0.7525808730629933
4619,50da2cb15a6c805e6,True,,,,,,,,,,0.0,1.0,1.0,1.0,1.0,0.0,0.0,1.0,0.0,0.0
4620,6ae4df7fe6f3147d2,True,,,,,,,,,,1.0,1.0,1.0,1.0,0.6843507690519842,1.0,0.0,1.0,1.0,0.7763596153287451
4621,fe454c84ae38cb664,True,,,,,,,,,,1.0,1.0,1.0,1.0,0.7177472407630845,1.0,1.0,1.0,0.0,0.7867960127384639
4622,e9a53fb1b01539d71,True,,,,,,,,,,1.0,1.0,1.0,1.0,0.5482771365881107,1.0,0.0,1.0,1.0,0.7338366051837846
4623,6e878407167faf00e,True,,,,,,,,,,1.0,0.0,1.0,1.0,0.6997583774721015,1.0,0.0,1.0,0.0,0.0
4624,2048a65fec13c23d5,True,,,,,,,,,,1.0,1.0,1.0,1.0,0.4388953730746046,1.0,1.0,1.0,1.0,0.8246548040858139
4625,053a3b165ea7a6cb4,True,,,,,,,,,,1.0,0.0,1.0,1.0,1.0,1.0,0.0,1.0,1.0,0.0
4626,d29fc0876909edc75,True,,,,,,,,,,1.0,1.0,1.0,1.0,0.5844778724702889,1.0,1.0,1.0,1.0,0.8701493351469654
4627,1f5d0fc347f539ce3,True,,,,,,,,,,1.0,0.0,1.0,1.0,1.0,0.0,0.0,1.0,0.0,0.0
4628,43b92681b98be1dd3,True,,,,,,,,,,0.5,0.0,0.5,1.0,1.0,1.0,0.0,1.0,0.0,0.0
4629,fedfbdfcf20092620,True,,,,,,,,,,1.0,1.0,1.0,1.0,0.49726806786633176,1.0,0.0,1.0,1.0,0.7178962712082286
4630,92ad1ee3b8c3a8859,True,,,,,,,,,,1.0,1.0,1.0,1.0,0.5504909339096148,1.0,1.0,1.0,0.0,0.7345284168467546
4631,9bd02c4d06feae3dd,True,,,,,,,,,,1.0,1.0,0.0,1.0,0.9020647209273954,1.0,0.0,1.0,1.0,0.0
4632,255c5f4408394746c,True,,,,,,,,,,1.0,1.0,1.0,1.0,1.0,1.0,0.0,1.0,1.0,0.875
4633,692440daecd03cbe0,True,,,,,,,,,,1.0,1.0,0.5,1.0,1.0,1.0,0.0,1.0,1.0,0.4375
4634,3042cb349e2487756,True,,,,,,,,,,1.0,1.0,1.0,1.0,1.0,1.0,1.0,1.0,0.0,0.875
4635,e84670bb458b61a5c,True,,,,,,,,,,1.0,1.0,1.0,1.0,0.9812844785754921,1.0,1.0,1.0,1.0,0.9941513995548412
4636,e92394471671ed533,True,,,,,,,,,,1.0,1.0,1.0,1.0,0.3009752371429411,1.0,1.0,1.0,1.0,0.7815547616071691
4637,02644631a56fa1750,True,,,,,,,,,,1.0,1.0,1.0,1.0,0.4336118702119237,1.0,1.0,1.0,1.0,0.8230037094412261
4638,dc0620e71b9184974,True,,,,,,,,,,1.0,0.0,1.0,1.0,0.8852633678760815,1.0,1.0,1.0,0.0,0.0
4639,70886fe6fcf180420,True,,,,,,,,,,0.0,1.0,0.0,1.0,0.8182977227254572,0.0,0.0,1.0,0.0,0.0
4640,0e14703cf05b5dfd9,True,,,,,,,,,,1.0,0.0,0.0,1.0,0.6873350172582635,1.0,0.0,1.0,0.0,0.0
4641,c601af4262caa25fe,True,,,,,,,,,,1.0,1.0,1.0,1.0,0.8034272250954211,1.0,0.0,1.0,1.0,0.8135710078423191
4642,769c3d78ab53dd47b,True,,,,,,,,,,1.0,1.0,1.0,1.0,0.34928201496909494,1.0,1.0,1.0,0.0,0.6716506296778422
4643,4ccd60de6eb6c50c6,True,,,,,,,,,,1.0,1.0,0.0,1.0,1.0,1.0,0.0,1.0,0.0,0.0
4644,3432391c5dca44cf9,True,,,,,,,,,,1.0,1.0,1.0,1.0,0.8511835171345703,1.0,1.0,1.0,0.0,0.8284948491045532
4645,b5897b8cc4c644be1,True,,,,,,,,,,1.0,1.0,1.0,1.0,0.8556975179055696,1.0,1.0,1.0,1.0,0.9549054743454906
4646,6a3bedd49247610ca,True,,,,,,,,,,1.0,1.0,0.0,1.0,1.0,1.0,0.0,1.0,0.0,0.0
4647,155dbb3e9624d499e,True,,,,,,,,,,0.0,0.0,1.0,1.0,0.39062947658254815,0.0,0.0,1.0,1.0,0.0
4648,530a28f5b73e11f66,True,,,,,,,,,,1.0,1.0,1.0,1.0,1.0,1.0,1.0,1.0,0.0,0.875
4649,a9beba0462c712f13,True,,,,,,,,,,1.0,1.0,1.0,1.0,0.6842800870685704,1.0,1.0,1.0,0.0,0.7763375272089282
4650,0b20cc78c6d693794,True,,,,,,,,,,1.0,0.0,0.5,1.0,1.0,1.0,0.0,1.0,1.0,0.0
4651,ac16065f66685feff,True,,,,,,,,,,1.0,1.0,1.0,1.0,0.49299630211369316,1.0,1.0,1.0,0.0,0.7165613444105291
4652,38a3a85f24db9d0f8,True,,,,,,,,,,1.0,1.0,0.0,1.0,1.0,1.0,0.0,1.0,1.0,0.0
4653,7a67496152fb3bdcb,True,,,,,,,,,,1.0,1.0,1.0,1.0,0.3737142094990662,1.0,0.0,1.0,0.0,0.5542856904684582
4654,476448c3e62fe40b1,True,,,,,,,,,,0.0,1.0,1.0,1.0,1.0,0.0,1.0,0.0,0.0,0.0
4655,cd454286dc0a75391,True,,,,,,,,,,1.0,1.0,1.0,1.0,1.0,1.0,1.0,1.0,0.0,0.875
4656,648b4aa95f01b805d,True,,,,,,,,,,1.0,1.0,1.0,1.0,0.3119192983766693,1.0,0.0,1.0,1.0,0.6599747807427092
4657,095200d2374c09356,True,,,,,,,,,,1.0,1.0,1.0,1.0,1.0,1.0,0.0,1.0,1.0,0.875
4658,b2fc06e37171c8dd9,True,,,,,,,,,,1.0,1.0,1.0,1.0,1.0,1.0,1.0,1.0,1.0,1.0
4659,f5c8d07f9fe6a3b4d,True,,,,,,,,,,0.0,1.0,1.0,0.0,1.0,0.0,1.0,0.0,0.0,0.0
4660,bd4cbb0e07c59ee69,True,,,,,,,,,,1.0,1.0,1.0,1.0,0.4639181173284349,1.0,0.0,1.0,1.0,0.7074744116651359
4661,0d6f670a9daf4bde4,True,,,,,,,,,,1.0,0.0,0.5,1.0,1.0,1.0,1.0,1.0,1.0,0.0
4662,058faf4c24ca33403,True,,,,,,,,,,1.0,1.0,1.0,1.0,0.45569200285892936,1.0,1.0,1.0,1.0,0.8299037508934154
4663,2c0f4b65d27645882,True,,,,,,,,,,0.0,1.0,1.0,1.0,1.0,0.0,1.0,1.0,1.0,0.0
4664,0eea2180fbf7c0949,True,,,,,,,,,,1.0,1.0,1.0,1.0,0.5342166282417222,1.0,0.0,1.0,0.0,0.6044426963255383
4665,ae529a342a5742720,True,,,,,,,,,,1.0,1.0,1.0,1.0,0.753779128832006,1.0,0.0,1.0,1.0,0.7980559777600019
4666,37744feedc918aa7b,True,,,,,,,,,,0.5,1.0,1.0,1.0,1.0,0.0,1.0,1.0,1.0,0.34375
4667,b597eeb6a07198090,True,,,,,,,,,,1.0,0.0,1.0,1.0,1.0,1.0,1.0,1.0,0.0,0.0
4668,3df43c406e596ada4,True,,,,,,,,,,1.0,1.0,1.0,1.0,0.74489912943778,1.0,1.0,1.0,0.0,0.7952809779493062
4669,87f8776a408095eee,True,,,,,,,,,,1.0,1.0,1.0,1.0,0.5298634741919771,1.0,1.0,1.0,1.0,0.8530823356849928
4670,8567f7439d7a4586e,True,,,,,,,,,,1.0,1.0,1.0,1.0,1.0,1.0,1.0,1.0,1.0,1.0
4671,234b7c4138a9802b3,True,,,,,,,,,,1.0,1.0,0.5,1.0,0.5681013761942655,1.0,0.0,1.0,1.0,0.370015840030354
4672,5c4cdaaf289584cd5,True,,,,,,,,,,1.0,0.0,1.0,1.0,1.0,1.0,1.0,1.0,0.0,0.0
4673,c55b51f6860007830,True,,,,,,,,,,1.0,1.0,0.5,1.0,1.0,1.0,0.0,1.0,1.0,0.4375
4674,01b44b930266052c5,True,,,,,,,,,,1.0,1.0,1.0,1.0,0.8175501304322955,1.0,1.0,1.0,1.0,0.9429844157600924
4675,1d37c78c98407e747,True,,,,,,,,,,0.0,1.0,0.5,1.0,1.0,0.0,0.0,1.0,1.0,0.0
4676,dc6135734ed70b551,True,,,,,,,,,,1.0,1.0,1.0,1.0,0.8912535978639747,1.0,1.0,1.0,1.0,0.966016749332492
4677,e36f8f24723dc8e0e,True,,,,,,,,,,1.0,0.0,1.0,1.0,0.7778739890877076,0.0,0.0,1.0,0.0,0.0
4678,6dc61a791e23a0224,True,,,,,,,,,,1.0,1.0,1.0,1.0,0.673519178739158,1.0,1.0,1.0,1.0,0.8979747433559868
4679,2328dbb272ccbb947,True,,,,,,,,,,1.0,1.0,1.0,1.0,1.0,1.0,0.0,1.0,0.0,0.75
4680,a42fb99bdb7e61156,True,,,,,,,,,,1.0,0.0,1.0,1.0,0.5028422153842378,1.0,1.0,1.0,0.0,0.0
4681,6b27e18868c49b898,True,,,,,,,,,,1.0,1.0,1.0,1.0,0.33817276254011713,1.0,1.0,1.0,0.0,0.6681789882937866
4682,1b3fd5e7993de38c0,True,,,,,,,,,,1.0,1.0,1.0,1.0,0.5748576836798852,1.0,1.0,1.0,1.0,0.8671430261499642
4683,705844c20fec39ce6,True,,,,,,,,,,1.0,1.0,1.0,1.0,0.7652762918005643,1.0,1.0,1.0,0.0,0.8016488411876763
4684,5a6d3d8a6cd7a7d2e,True,,,,,,,,,,1.0,1.0,1.0,1.0,0.5445816616445528,1.0,0.0,1.0,1.0,0.7326817692639227
4685,5e403ae55f93fea63,True,,,,,,,,,,1.0,1.0,0.5,1.0,1.0,1.0,0.0,1.0,1.0,0.4375
4686,4a1669fb6d9debfb0,True,,,,,,,,,,1.0,1.0,1.0,1.0,0.9455307269061862,1.0,1.0,1.0,0.0,0.8579783521581832
4687,d5b310b71bd0dd6fd,True,,,,,,,,,,1.0,1.0,1.0,1.0,0.3344356916013909,1.0,1.0,1.0,1.0,0.7920111536254346
4688,9f1d660e1e39a5197,True,,,,,,,,,,1.0,0.0,1.0,1.0,0.2734612071559629,1.0,0.0,1.0,0.0,0.0
4689,e3e06ab2151befbbb,True,,,,,,,,,,1.0,1.0,1.0,1.0,0.7253522642446276,1.0,0.0,1.0,1.0,0.7891725825764462
4690,9346180ef7437e555,True,,,,,,,,,,1.0,1.0,1.0,1.0,0.7107622530195966,1.0,0.0,1.0,1.0,0.784613204068624
4691,74e68e4dba8d14dfa,True,,,,,,,,,,1.0,0.0,1.0,1.0,1.0,1.0,1.0,1.0,0.0,0.0
4692,ea6c6eed6cbac7b1e,True,,,,,,,,,,1.0,0.0,1.0,1.0,0.14188873992250173,1.0,0.0,1.0,0.0,0.0
4693,7e61c66c138daab84,True,,,,,,,,,,1.0,1.0,1.0,1.0,1.0,1.0,1.0,1.0,0.0,0.875
4694,04d2f35c7f6db137f,True,,,,,,,,,,1.0,1.0,1.0,1.0,0.431862847268279,0.0,1.0,1.0,1.0,0.5099571397713372
4695,bb000886556fcf3ea,True,,,,,,,,,,1.0,1.0,1.0,1.0,0.7647846866431797,1.0,0.0,1.0,1.0,0.8014952145759937
4696,2f18d7c845a84a85c,True,,,,,,,,,,1.0,1.0,1.0,1.0,0.9782945592397702,1.0,1.0,1.0,1.0,0.9932170497624282
4697,dda492e77bd06b5da,True,,,,,,,,,,1.0,0.0,1.0,1.0,0.706264345336547,1.0,1.0,1.0,0.0,0.0
4698,69c96d373972cc736,True,,,,,,,,,,1.0,1.0,1.0,1.0,0.4089136394718924,1.0,1.0,1.0,1.0,0.8152855123349664
4699,8cf5c8b605a2a4959,True,,,,,,,,,,1.0,1.0,1.0,1.0,0.22661290797805947,1.0,0.0,1.0,1.0,0.6333165337431436
4700,9aaa6dbe1c4b11d07,True,,,,,,,,,,1.0,1.0,1.0,1.0,0.44616612181332965,1.0,1.0,1.0,1.0,0.8269269130666655
4701,fd5d539436f5c5e86,True,,,,,,,,,,1.0,1.0,1.0,1.0,0.4243517864768002,1.0,1.0,1.0,0.0,0.6951099332740001
4702,0800b8cbfe2ebcaf3,True,,,,,,,,,,1.0,1.0,0.5,1.0,0.4627739487481151,1.0,0.0,1.0,0.0,0.291058429491893
4703,592e29a92e9aa79df,True,,,,,,,,,,1.0,1.0,1.0,1.0,1.0,1.0,0.0,0.0,0.0,0.625
4704,48b8608248fe082c2,True,,,,,,,,,,1.0,1.0,1.0,1.0,1.0,1.0,1.0,1.0,0.0,0.875
4705,bd51b4ed9e85eff41,True,,,,,,,,,,1.0,1.0,1.0,1.0,0.7675072171220878,1.0,0.0,1.0,0.0,0.6773460053506524
4706,ea1bac206caf8d18e,True,,,,,,,,,,1.0,1.0,1.0,1.0,0.6869407928562822,1.0,1.0,1.0,0.0,0.7771689977675882
4707,10da8689597a01351,True,,,,,,,,,,1.0,1.0,1.0,1.0,0.6272237656672793,1.0,1.0,1.0,1.0,0.8835074267710248
4708,f48375618b581af7d,True,,,,,,,,,,1.0,0.0,0.0,1.0,1.0,1.0,1.0,0.0,0.0,0.0
4709,5e9774a9c27631bee,True,,,,,,,,,,1.0,0.0,1.0,1.0,1.0,1.0,1.0,1.0,1.0,0.0
4710,b652abb8dca7b06f0,True,,,,,,,,,,1.0,1.0,1.0,1.0,0.7311723097425171,1.0,1.0,1.0,1.0,0.9159913467945366
4711,d919319074b4ecfbf,True,,,,,,,,,,1.0,0.0,0.0,1.0,1.0,1.0,0.0,1.0,1.0,0.0
4712,d07109d7827c6eace,True,,,,,,,,,,1.0,1.0,1.0,1.0,1.0,1.0,1.0,0.0,0.0,0.75
4713,1d631538778b4fffe,True,,,,,,,,,,1.0,1.0,1.0,1.0,0.45339870649962677,1.0,1.0,1.0,0.0,0.7041870957811334
4714,83dc61b75efe5e09e,True,,,,,,,,,,1.0,1.0,1.0,1.0,1.0,1.0,1.0,1.0,1.0,1.0
4715,8a80c99bf844921b8,True,,,,,,,,,,1.0,1.0,1.0,1.0,0.5649553749744831,1.0,0.0,1.0,0.0,0.614048554679526
4716,63a0b4eedb06db349,True,,,,,,,,,,1.0,0.0,0.0,1.0,1.0,1.0,0.0,1.0,0.0,0.0
4717,213fb1c5f3fda924e,True,,,,,,,,,,1.0,1.0,0.5,1.0,1.0,1.0,0.0,1.0,1.0,0.4375
4718,129fa714e230a9eae,True,,,,,,,,,,1.0,1.0,0.5,1.0,0.7096151084301888,1.0,0.0,1.0,1.0,0.392127360692217
4719,58bd6bb780642e715,True,,,,,,,,,,0.5,0.0,0.5,1.0,1.0,0.0,0.0,1.0,1.0,0.0
4720,036879f77cadaa2d1,True,,,,,,,,,,1.0,1.0,1.0,1.0,1.0,0.0,1.0,0.0,0.0,0.4375
4721,74e4cc639249b885a,True,,,,,,,,,,1.0,1.0,1.0,1.0,1.0,1.0,1.0,1.0,0.0,0.875
4722,f21c4208d817951b4,True,,,,,,,,,,1.0,0.0,1.0,1.0,0.5360182328760446,1.0,0.0,1.0,0.0,0.0
4723,24552af895f24c7c8,True,,,,,,,,,,1.0,1.0,1.0,1.0,0.5354966828041298,1.0,1.0,1.0,1.0,0.8548427133762906
4724,519a6a71d9b2fda8a,True,,,,,,,,,,1.0,1.0,1.0,1.0,1.0,1.0,0.0,1.0,0.0,0.75
4725,57ff3b08be49081c8,True,,,,,,,,,,1.0,1.0,1.0,1.0,0.9114374671392835,1.0,0.0,1.0,1.0,0.8473242084810261
4726,3349d086f3bc06728,True,,,,,,,,,,1.0,1.0,1.0,1.0,0.7917321924781926,1.0,0.0,1.0,1.0,0.8099163101494352
4727,e13710073c3a4f5c6,True,,,,,,,,,,0.0,1.0,1.0,1.0,1.0,0.0,1.0,1.0,1.0,0.0
4728,230e554a4a9b823fa,True,,,,,,,,,,0.5,0.0,1.0,1.0,1.0,0.0,0.0,1.0,0.0,0.0
4729,3b99d2eccb04b25a0,True,,,,,,,,,,1.0,1.0,0.5,1.0,1.0,1.0,0.0,1.0,1.0,0.4375
4730,13c1bc44a34013f46,True,,,,,,,,,,1.0,1.0,0.0,1.0,1.0,1.0,0.0,1.0,0.0,0.0
4731,1a221329baff3bfe2,True,,,,,,,,,,1.0,1.0,1.0,1.0,0.7192108091824445,1.0,1.0,1.0,0.0,0.7872533778695139
4732,e19863cd98bd2677b,True,,,,,,,,,,1.0,1.0,1.0,1.0,0.6590482936313101,1.0,1.0,1.0,1.0,0.8934525917597844
4733,ebc9bb73d92a43a32,True,,,,,,,,,,1.0,1.0,1.0,1.0,0.6801655577475318,1.0,1.0,1.0,1.0,0.9000517367961037
4734,dcf0be9d22af78eca,True,,,,,,,,,,1.0,1.0,1.0,1.0,0.4679647372363611,1.0,1.0,1.0,1.0,0.8337389803863628
4735,5fb91cdf13ec612c5,True,,,,,,,,,,1.0,1.0,1.0,1.0,0.7011328671729592,1.0,0.0,1.0,1.0,0.7816040209915498
4736,975923741f66dd57f,True,,,,,,,,,,1.0,1.0,1.0,1.0,0.626434269537938,1.0,1.0,1.0,1.0,0.8832607092306056
4737,e262bce33b82a53de,True,,,,,,,,,,1.0,0.0,1.0,1.0,0.5429756483661011,1.0,1.0,1.0,0.0,0.0
4738,02d2d3d4304682d94,True,,,,,,,,,,1.0,1.0,1.0,1.0,0.30864193976537896,1.0,1.0,1.0,0.0,0.658950606176681
4739,792d3420eef5dbc41,True,,,,,,,,,,1.0,1.0,1.0,1.0,0.44569589220933614,1.0,1.0,1.0,1.0,0.8267799663154176
4740,51a778c753d0604cb,True,,,,,,,,,,1.0,1.0,1.0,1.0,0.6636261997276421,1.0,0.0,1.0,1.0,0.7698831874148881
4741,c64e0d6194293f51e,True,,,,,,,,,,1.0,1.0,1.0,1.0,0.32734141268523737,1.0,1.0,1.0,1.0,0.7897941914641367
4742,aedab2f29ef97f26a,True,,,,,,,,,,1.0,0.0,1.0,1.0,0.6481241547388699,1.0,1.0,1.0,1.0,0.0
4743,883dbba6979f32ae3,True,,,,,,,,,,1.0,1.0,1.0,1.0,0.37960257294445154,1.0,1.0,1.0,1.0,0.8061258040451411
4744,f5d0746ef157601ff,True,,,,,,,,,,1.0,1.0,1.0,1.0,0.3451731911715975,1.0,1.0,1.0,1.0,0.7953666222411242
4745,4082fe517c4e84c40,True,,,,,,,,,,1.0,1.0,1.0,1.0,0.9476874000075611,1.0,1.0,1.0,1.0,0.9836523125023628
4746,2664f428da61db472,True,,,,,,,,,,1.0,1.0,1.0,1.0,0.8546657874288963,1.0,1.0,1.0,1.0,0.95458305857153
4747,522ec458b8ed55662,True,,,,,,,,,,1.0,1.0,1.0,1.0,0.4876181951139616,1.0,0.0,1.0,1.0,0.7148806859731129
4748,6947b69561a94404d,True,,,,,,,,,,1.0,1.0,1.0,1.0,1.0,1.0,0.0,1.0,0.0,0.75
4749,2b5b15e806903df0c,True,,,,,,,,,,1.0,1.0,1.0,1.0,1.0,1.0,0.0,1.0,0.0,0.75
4750,44028467a67d38460,True,,,,,,,,,,1.0,0.0,1.0,1.0,1.0,1.0,0.0,1.0,1.0,0.0
4751,b7f83635c23a2a5d8,True,,,,,,,,,,1.0,0.0,1.0,1.0,1.0,1.0,0.0,1.0,0.0,0.0
4752,0352c14b8d7493b9a,True,,,,,,,,,,1.0,1.0,1.0,1.0,0.1498493193377969,1.0,1.0,1.0,1.0,0.7343279122930615
4753,6abf3c8e9d73929cc,True,,,,,,,,,,1.0,1.0,1.0,1.0,0.7122770343016833,1.0,1.0,1.0,1.0,0.910086573219276
4754,7a7fa75bb756308ba,True,,,,,,,,,,1.0,1.0,1.0,1.0,1.0,1.0,0.0,1.0,1.0,0.875
4755,54ccf1e5e48744666,True,,,,,,,,,,1.0,1.0,0.0,1.0,1.0,1.0,0.0,1.0,1.0,0.0
4756,344bd2551e98ed803,True,,,,,,,,,,1.0,0.0,1.0,1.0,1.0,1.0,0.0,1.0,1.0,0.0
4757,558bb29151a7f95b1,True,,,,,,,,,,1.0,1.0,1.0,1.0,1.0,1.0,0.0,1.0,0.0,0.75
4758,679e3c52a1d70d447,True,,,,,,,,,,1.0,1.0,1.0,1.0,0.7231254377690861,1.0,0.0,0.0,0.0,0.5384766993028394
4759,330ebf5b4dfbc967a,True,,,,,,,,,,0.0,1.0,1.0,1.0,1.0,0.0,0.0,1.0,0.0,0.0
4760,a5929390d283fddb9,True,,,,,,,,,,1.0,1.0,1.0,1.0,1.0,1.0,0.0,1.0,1.0,0.875
4761,787aeff562a4b851a,True,,,,,,,,,,1.0,1.0,1.0,1.0,0.7924472435217875,1.0,0.0,1.0,0.0,0.6851397636005586
4762,d7a37061fcfc5dfd1,True,,,,,,,,,,1.0,1.0,1.0,1.0,1.0,1.0,1.0,1.0,0.0,0.875
4763,21cc3fe26ab5be9ef,True,,,,,,,,,,1.0,1.0,1.0,1.0,0.5758026258290971,1.0,1.0,1.0,0.0,0.7424383205715929
4764,b4fddb3dce784392e,True,,,,,,,,,,0.0,1.0,1.0,1.0,1.0,0.0,0.0,1.0,0.0,0.0
4765,022f2dcc42d892201,True,,,,,,,,,,1.0,1.0,1.0,1.0,0.3919552347063911,1.0,0.0,1.0,1.0,0.6849860108457473
4766,973dc194fd0092c5d,True,,,,,,,,,,1.0,1.0,1.0,1.0,1.0,1.0,0.0,1.0,1.0,0.875
4767,aa97ab9606aa456ff,True,,,,,,,,,,1.0,1.0,1.0,1.0,0.9179542190313077,1.0,1.0,1.0,0.0,0.8493606934472837
4768,74112fd9ef3478d34,True,,,,,,,,,,1.0,0.0,1.0,1.0,1.0,1.0,0.0,1.0,1.0,0.0
4769,731d0bae35b763cde,True,,,,,,,,,,1.0,0.0,1.0,1.0,0.32062270973703744,1.0,0.0,1.0,1.0,0.0
4770,2301f91f3f804faa5,True,,,,,,,,,,1.0,1.0,1.0,1.0,0.4970172211984324,1.0,1.0,1.0,1.0,0.8428178816245101
4771,9a7f43d4720b544da,True,,,,,,,,,,1.0,1.0,1.0,1.0,0.8274082878571152,1.0,1.0,1.0,1.0,0.9460650899553484
4772,38d50c91468fbe6e5,True,,,,,,,,,,1.0,1.0,1.0,1.0,0.9318527400465029,1.0,0.0,1.0,0.0,0.7287039812645322
4773,6bd45348ddbfea0ce,True,,,,,,,,,,0.0,1.0,1.0,1.0,1.0,0.0,1.0,1.0,0.0,0.0
4774,456c64c9a6cfefe27,True,,,,,,,,,,1.0,0.0,1.0,1.0,0.2622702288175001,1.0,0.0,1.0,0.0,0.0
4775,155b9d04c8ecbdf6e,True,,,,,,,,,,1.0,1.0,1.0,1.0,1.0,1.0,1.0,1.0,1.0,1.0
4776,0ac5f53f5bbf5603e,True,,,,,,,,,,1.0,1.0,1.0,1.0,1.0,1.0,1.0,1.0,0.0,0.875
4777,6eb7971620ae92336,True,,,,,,,,,,1.0,0.0,0.5,1.0,1.0,1.0,1.0,1.0,0.0,0.0
4778,3d03bade5b2a834b7,True,,,,,,,,,,1.0,1.0,1.0,1.0,0.7776416013501345,1.0,0.0,1.0,1.0,0.8055130004219171
4779,c37d82f1251543152,True,,,,,,,,,,1.0,0.0,1.0,1.0,0.8308771019565212,1.0,0.0,1.0,0.0,0.0
4780,36c1bdf64ea8ffbe0,True,,,,,,,,,,1.0,1.0,1.0,1.0,0.8509292834898328,1.0,0.0,1.0,1.0,0.8284154010905728
4781,b05df43ae389b79eb,True,,,,,,,,,,1.0,0.0,0.0,1.0,1.0,1.0,0.0,1.0,0.0,0.0
4782,2629f98f6e294c4f4,True,,,,,,,,,,1.0,1.0,1.0,1.0,0.7254785661371582,1.0,1.0,1.0,1.0,0.9142120519178619
4783,59d497b24fe17609b,True,,,,,,,,,,1.0,1.0,1.0,1.0,0.6260529357463142,1.0,0.0,1.0,0.0,0.6331415424207232
4784,5b8389f00775d1a89,True,,,,,,,,,,1.0,0.0,0.5,1.0,1.0,1.0,0.0,1.0,0.0,0.0
4785,8dd36b48e9549dfbb,True,,,,,,,,,,1.0,0.0,0.5,1.0,1.0,1.0,0.0,1.0,0.0,0.0
4786,0128e6a2b97ff89b5,True,,,,,,,,,,0.0,1.0,1.0,1.0,1.0,0.0,0.0,1.0,1.0,0.0
4787,7a574ea5511afe40d,True,,,,,,,,,,1.0,1.0,1.0,1.0,1.0,1.0,0.0,1.0,0.0,0.75
4788,d773ee01e5118e39d,True,,,,,,,,,,1.0,0.0,1.0,1.0,1.0,1.0,0.0,1.0,1.0,0.0
4789,d9b6f0d1e16d88b7e,True,,,,,,,,,,0.0,1.0,1.0,1.0,0.9143790110234281,0.0,0.0,0.0,0.0,0.0
4790,3176ea282b5516214,True,,,,,,,,,,0.0,1.0,1.0,0.0,1.0,0.0,0.0,1.0,0.0,0.0
4791,19cc6e3c4179dce92,True,,,,,,,,,,0.0,1.0,1.0,1.0,1.0,1.0,0.0,1.0,0.0,0.0
4792,554118efec9ed40ce,True,,,,,,,,,,1.0,1.0,1.0,1.0,0.8188722133436962,1.0,0.0,1.0,0.0,0.693397566669905
4793,b2a98e2ef3f3f2ff4,True,,,,,,,,,,1.0,1.0,0.5,1.0,0.8464293869201301,1.0,0.0,1.0,1.0,0.4135045917062703
4794,7e3a87b525a6b7c28,True,,,,,,,,,,1.0,1.0,1.0,1.0,0.4073842927650395,1.0,1.0,1.0,0.0,0.6898075914890749
4795,265cbf9df314f7700,True,,,,,,,,,,1.0,1.0,1.0,1.0,0.5339066622542572,1.0,0.0,1.0,0.0,0.6043458319544553
4796,27fefe70564fbc07a,True,,,,,,,,,,0.5,1.0,1.0,1.0,1.0,0.0,1.0,1.0,1.0,0.34375
4797,54ddae029448a073a,True,,,,,,,,,,1.0,1.0,1.0,1.0,0.7290712887857442,1.0,1.0,1.0,1.0,0.9153347777455451
4798,997532ca2ca1c8c42,True,,,,,,,,,,1.0,1.0,1.0,1.0,0.2627292951443512,1.0,1.0,1.0,1.0,0.7696029047326097
4799,15342621fd40bb637,True,,,,,,,,,,1.0,1.0,0.5,1.0,0.8767101465619395,1.0,0.0,1.0,0.0,0.35573596040030303
4800,ea986d3a0c0d7a702,True,,,,,,,,,,1.0,0.0,1.0,1.0,0.4484225407248935,1.0,1.0,1.0,0.0,0.0
4801,4a16da9c6c03b5918,True,,,,,,,,,,1.0,1.0,1.0,1.0,0.5475054028591005,1.0,0.0,1.0,0.0,0.6085954383934689
4802,232e7693cefbcf60f,True,,,,,,,,,,1.0,1.0,0.0,1.0,0.9179193845239885,1.0,0.0,1.0,1.0,0.0
4803,b6217c8c8ec53139f,True,,,,,,,,,,1.0,1.0,1.0,1.0,0.4665024070963103,1.0,1.0,1.0,1.0,0.833282002217597
4804,abb1e9c0cfeb7bb29,True,,,,,,,,,,1.0,1.0,1.0,1.0,1.0,1.0,0.0,1.0,1.0,0.875
4805,515197f50a14bc2fc,True,,,,,,,,,,1.0,1.0,1.0,1.0,0.8834377389664645,1.0,0.0,1.0,1.0,0.8385742934270202
4806,493a69b930b600eb5,True,,,,,,,,,,1.0,1.0,1.0,1.0,1.0,1.0,1.0,1.0,1.0,1.0
4807,b817b5a5887d3fa36,True,,,,,,,,,,1.0,1.0,1.0,1.0,0.23291509589474646,1.0,1.0,1.0,1.0,0.7602859674671083
4808,92b72601aef2807d0,True,,,,,,,,,,1.0,1.0,1.0,1.0,0.8716774751626716,1.0,0.0,1.0,1.0,0.8348992109883349
4809,7f866f8c8d00bd3d1,True,,,,,,,,,,1.0,1.0,1.0,1.0,0.9177081260710235,1.0,0.0,1.0,0.0,0.7242837893971948
4810,96bc4ac7fb23e9119,True,,,,,,,,,,1.0,1.0,1.0,1.0,0.7628166341377015,1.0,1.0,1.0,0.0,0.8008801981680317
4811,624b352e4b7f8d830,True,,,,,,,,,,1.0,1.0,1.0,1.0,0.7444032050954201,1.0,1.0,1.0,0.0,0.7951260015923187
4812,507ff750eaaf02bd0,True,,,,,,,,,,1.0,1.0,1.0,1.0,0.9922395256772412,1.0,1.0,1.0,1.0,0.9975748517741378
4813,5220d7e21ab6ff818,True,,,,,,,,,,1.0,0.0,1.0,1.0,0.45846304705449376,1.0,1.0,1.0,1.0,0.0
4814,e78314605bf2c19c9,True,,,,,,,,,,1.0,1.0,1.0,1.0,0.8450262303964945,1.0,1.0,1.0,1.0,0.9515706969989045
4815,3de4e2683ea8699d4,True,,,,,,,,,,1.0,1.0,1.0,1.0,0.36113258579625773,1.0,1.0,1.0,0.0,0.6753539330613305
4816,b52e19bdb170f1078,True,,,,,,,,,,1.0,1.0,1.0,1.0,0.5210163236416055,1.0,1.0,1.0,1.0,0.8503176011380017
4817,461b3554166aa0d6f,True,,,,,,,,,,0.0,0.0,1.0,1.0,1.0,0.0,0.0,1.0,0.0,0.0
4818,cea842f2d5b0ad72d,True,,,,,,,,,,1.0,1.0,1.0,1.0,0.278172860193348,1.0,1.0,1.0,1.0,0.7744290188104213
4819,5177a4ffa159dea26,True,,,,,,,,,,1.0,0.0,1.0,1.0,1.0,1.0,1.0,1.0,0.0,0.0
4820,c186ed61c25fb9316,True,,,,,,,,,,1.0,1.0,1.0,1.0,1.0,1.0,1.0,1.0,1.0,1.0
4821,84216c5077769d755,True,,,,,,,,,,1.0,1.0,0.0,1.0,1.0,1.0,0.0,1.0,0.0,0.0
4822,0f705d42ea20356f6,True,,,,,,,,,,0.0,1.0,1.0,1.0,1.0,0.0,1.0,1.0,1.0,0.0
4823,dc18fd577680f44b9,True,,,,,,,,,,0.0,1.0,1.0,1.0,0.38093791349244954,0.0,0.0,1.0,0.0,0.0
4824,e569c39fb04197d73,True,,,,,,,,,,1.0,1.0,1.0,1.0,0.17725817120462836,1.0,1.0,1.0,0.0,0.6178931785014463
4825,99c29ddae00eb2eee,True,,,,,,,,,,1.0,0.0,1.0,1.0,1.0,1.0,1.0,1.0,0.0,0.0
4826,165e39945068ad586,True,,,,,,,,,,1.0,1.0,1.0,1.0,0.4783366559010004,1.0,0.0,1.0,0.0,0.5869802049690627
4827,23d3fdeb556df092e,True,,,,,,,,,,1.0,1.0,1.0,1.0,0.8723848740721276,1.0,1.0,1.0,1.0,0.9601202731475399
4828,948ee6f4ce68f4290,True,,,,,,,,,,1.0,1.0,1.0,1.0,0.5118826260290678,1.0,1.0,1.0,0.0,0.7224633206340837
4829,9a5b2373854e11383,True,,,,,,,,,,0.0,1.0,1.0,1.0,0.890067530186152,0.0,1.0,1.0,1.0,0.0
4830,dd51833cafb701a23,True,,,,,,,,,,1.0,1.0,0.5,1.0,0.7750368184158626,1.0,1.0,0.0,0.0,0.3398495028774785
4831,a8318f7cafe4396ae,True,,,,,,,,,,1.0,0.0,1.0,1.0,0.589655050379264,1.0,0.0,1.0,1.0,0.0
4832,e4755b06844a3bf92,True,,,,,,,,,,1.0,1.0,0.0,1.0,1.0,1.0,0.0,1.0,0.0,0.0
4833,28b439620873c91b9,True,,,,,,,,,,1.0,1.0,1.0,1.0,0.5094153356800852,1.0,1.0,1.0,0.0,0.7216922924000266
4834,3e552e543e3533e54,True,,,,,,,,,,1.0,1.0,1.0,1.0,0.707544298396611,1.0,0.0,1.0,0.0,0.6586075932489409
4835,467d1a5ec9c912bda,True,,,,,,,,,,1.0,1.0,1.0,1.0,1.0,1.0,0.0,1.0,0.0,0.75
4836,fe96f199e96744aa6,True,,,,,,,,,,1.0,0.0,1.0,1.0,0.2874978128061038,1.0,1.0,1.0,0.0,0.0
4837,76e0516677156bad8,True,,,,,,,,,,1.0,0.0,1.0,1.0,1.0,1.0,0.0,1.0,1.0,0.0
4838,beb03158751d7049b,True,,,,,,,,,,1.0,1.0,1.0,1.0,0.8986003060272464,1.0,0.0,1.0,1.0,0.8433125956335146
4839,4cf3497675a6d22b9,True,,,,,,,,,,1.0,1.0,1.0,1.0,0.26350907430336395,1.0,0.0,1.0,1.0,0.6448465857198012
4840,e64bbff1f3e0c30be,True,,,,,,,,,,1.0,1.0,1.0,1.0,0.6079080824808735,1.0,0.0,1.0,0.0,0.627471275775273
4841,3e56a32b74b50d827,True,,,,,,,,,,1.0,1.0,1.0,1.0,0.5912657277470488,1.0,1.0,1.0,1.0,0.8722705399209527
4842,30b4066d1794ea8ff,True,,,,,,,,,,1.0,1.0,1.0,1.0,1.0,1.0,0.0,1.0,0.0,0.75
4843,4e5923e8ca30416d1,True,,,,,,,,,,1.0,1.0,1.0,1.0,0.8158578537286411,1.0,1.0,1.0,0.0,0.8174555792902003
4844,d7df71a05797f5711,True,,,,,,,,,,1.0,1.0,0.5,1.0,0.7991278770299816,1.0,0.0,1.0,0.0,0.3436137307859346
4845,e0747e9a8b7b42be1,True,,,,,,,,,,1.0,1.0,1.0,1.0,0.6735834652024074,1.0,0.0,1.0,1.0,0.7729948328757523
4846,ddc382f4a2aa9f33e,True,,,,,,,,,,1.0,1.0,0.0,1.0,1.0,1.0,0.0,1.0,0.0,0.0
4847,853bdf919d41bd5e6,True,,,,,,,,,,1.0,1.0,1.0,1.0,0.4166696095088457,1.0,1.0,1.0,0.0,0.6927092529715143
4848,d02177dc313467bf7,True,,,,,,,,,,1.0,0.0,0.0,1.0,1.0,1.0,0.0,1.0,0.0,0.0
4849,ccb5c099cfbfadf38,True,,,,,,,,,,1.0,0.0,1.0,1.0,1.0,1.0,1.0,1.0,0.0,0.0
4850,42fd65053b0da11c1,True,,,,,,,,,,1.0,1.0,1.0,1.0,0.8105453631134582,1.0,1.0,1.0,0.0,0.8157954259729556
4851,8d6032130dcaff306,True,,,,,,,,,,0.0,0.0,0.5,1.0,1.0,0.0,0.0,1.0,0.0,0.0
4852,265a501fe44eb4a2e,True,,,,,,,,,,1.0,1.0,1.0,1.0,0.41039770537640613,1.0,0.0,1.0,0.0,0.5657492829301269
4853,f36b1891f8fcc499d,True,,,,,,,,,,1.0,0.0,1.0,1.0,1.0,1.0,1.0,1.0,1.0,0.0
4854,467689ba5841d624f,True,,,,,,,,,,1.0,1.0,1.0,1.0,0.8254894301003769,1.0,0.0,1.0,0.0,0.6954654469063678
4855,2251eed913b2fbe46,True,,,,,,,,,,1.0,1.0,1.0,1.0,0.3696721005158585,1.0,1.0,1.0,0.0,0.6780225314112058
4856,adb8420cc91f10b6d,True,,,,,,,,,,1.0,1.0,1.0,1.0,0.7207918097214545,1.0,1.0,1.0,1.0,0.9127474405379545
4857,bed081d2dd114adb6,True,,,,,,,,,,1.0,1.0,0.0,1.0,1.0,1.0,0.0,1.0,1.0,0.0
4858,581dff20c11d113e2,True,,,,,,,,,,1.0,1.0,1.0,1.0,0.3742395944290496,1.0,1.0,1.0,0.0,0.679449873259078
4859,ff95aff7630205c1a,True,,,,,,,,,,1.0,1.0,1.0,1.0,1.0,1.0,1.0,1.0,1.0,1.0
4860,3d35e2b7007a10159,True,,,,,,,,,,1.0,1.0,1.0,1.0,1.0,1.0,1.0,1.0,0.0,0.875
4861,817d4b24592566035,True,,,,,,,,,,0.0,0.0,1.0,1.0,1.0,0.0,0.0,1.0,0.0,0.0
4862,02bafb0e20897c0c6,True,,,,,,,,,,1.0,0.0,0.5,1.0,0.5632552605535619,1.0,1.0,1.0,1.0,0.0
4863,96162a63802df3c29,True,,,,,,,,,,1.0,1.0,1.0,1.0,0.5543223087667136,1.0,1.0,1.0,1.0,0.860725721489598
4864,6eed4a0dccbd058f7,True,,,,,,,,,,1.0,0.0,1.0,1.0,0.5027345417767229,1.0,0.0,1.0,0.0,0.0
4865,556d1d92f66a8344d,True,,,,,,,,,,1.0,1.0,1.0,1.0,1.0,1.0,0.0,1.0,1.0,0.875
4866,eaf95271513c8b2e5,True,,,,,,,,,,1.0,1.0,1.0,1.0,0.6097911696501063,1.0,1.0,1.0,0.0,0.7530597405156583
4867,c644c8d1984cd65ac,True,,,,,,,,,,1.0,1.0,1.0,1.0,0.5010130115518314,1.0,1.0,1.0,1.0,0.8440665661099473
4868,84b2700de34b073da,True,,,,,,,,,,1.0,1.0,1.0,1.0,0.7954652992990062,1.0,1.0,1.0,0.0,0.8110829060309395
4869,5843e4397b88575b2,True,,,,,,,,,,1.0,0.0,1.0,1.0,1.0,1.0,0.0,1.0,1.0,0.0
4870,e02ebb163a52bd53e,True,,,,,,,,,,1.0,1.0,1.0,1.0,0.6314749659339306,1.0,1.0,1.0,1.0,0.8848359268543533
4871,6b7399dbbb307ddfb,True,,,,,,,,,,1.0,0.0,1.0,1.0,0.2170097572836505,1.0,1.0,1.0,1.0,0.0
4872,741792e4d3c065377,True,,,,,,,,,,1.0,0.0,1.0,1.0,0.7590432667207074,1.0,0.0,1.0,0.0,0.0
4873,af6a8ab4980429b3d,True,,,,,,,,,,1.0,1.0,1.0,1.0,0.9375656428674378,1.0,0.0,1.0,1.0,0.8554892633960743
4874,892cab52968bdafc3,True,,,,,,,,,,0.0,1.0,1.0,1.0,1.0,0.0,1.0,1.0,0.0,0.0
4875,fa4a246511ab86e8d,True,,,,,,,,,,1.0,0.0,0.0,1.0,1.0,1.0,0.0,1.0,1.0,0.0
4876,3894c9c5592b7db82,True,,,,,,,,,,0.0,1.0,1.0,1.0,1.0,0.0,0.0,1.0,0.0,0.0
4877,5cd73374e1336ce3f,True,,,,,,,,,,1.0,1.0,0.0,1.0,1.0,1.0,0.0,1.0,1.0,0.0
4878,00fa9133315b462d3,True,,,,,,,,,,1.0,1.0,1.0,1.0,0.39683667802468175,1.0,1.0,1.0,0.0,0.6865114618827131
4879,94f8422c63c8418c0,True,,,,,,,,,,1.0,1.0,1.0,1.0,0.9287767412974628,1.0,0.0,1.0,1.0,0.8527427316554571
4880,1cba72845abd54b1e,True,,,,,,,,,,1.0,1.0,1.0,1.0,0.2761094926124318,1.0,0.0,1.0,1.0,0.648784216441385
4881,cecd0fc5ce59cf0d6,True,,,,,,,,,,1.0,1.0,1.0,1.0,0.6305357822170561,1.0,0.0,1.0,0.0,0.63454243194283
4882,e3e11c324948199da,True,,,,,,,,,,1.0,1.0,1.0,1.0,1.0,1.0,1.0,1.0,1.0,1.0
4883,991fe7806bacdbaca,True,,,,,,,,,,0.0,1.0,1.0,1.0,1.0,0.0,1.0,1.0,0.0,0.0
4884,9b164e112834437ea,True,,,,,,,,,,1.0,1.0,1.0,1.0,0.36637487712770805,1.0,1.0,1.0,1.0,0.8019921491024088
4885,82aeafe6afee99d4b,True,,,,,,,,,,1.0,1.0,1.0,1.0,0.6399488337144275,1.0,1.0,1.0,0.0,0.7624840105357586
4886,b55de67890f581798,True,,,,,,,,,,0.5,1.0,1.0,1.0,0.47071126378965916,0.0,1.0,1.0,1.0,0.26104863496713426
4887,0d2f41b0b8ec0376a,True,,,,,,,,,,1.0,1.0,1.0,1.0,0.7179594165608866,1.0,0.0,1.0,0.0,0.661862317675277
4888,cbabaf8e0b53e82d3,True,,,,,,,,,,1.0,0.0,0.5,1.0,1.0,1.0,0.0,1.0,0.0,0.0
4889,5eea9af2c6acb36ec,True,,,,,,,,,,1.0,0.0,1.0,1.0,1.0,1.0,0.0,1.0,0.0,0.0
4890,2beda3235f74c6edb,True,,,,,,,,,,1.0,1.0,1.0,1.0,0.27758007161311105,1.0,0.0,1.0,1.0,0.6492437723790971
4891,547ea2ddfb8be2f7c,True,,,,,,,,,,1.0,1.0,1.0,1.0,0.620255886859917,0.0,0.0,1.0,1.0,0.44382996464372404
4892,1a7308db2e3923b30,True,,,,,,,,,,1.0,1.0,0.0,1.0,0.7918287631453848,1.0,1.0,1.0,0.0,0.0
4893,5864544991537f112,True,,,,,,,,,,0.0,0.0,1.0,1.0,1.0,0.0,0.0,1.0,0.0,0.0
4894,ba5e7c7cbfedb9d37,True,,,,,,,,,,0.0,0.0,0.0,1.0,1.0,0.0,0.0,1.0,1.0,0.0
4895,835ff0096d7b5ba4f,True,,,,,,,,,,1.0,1.0,1.0,1.0,0.5485948094806863,1.0,1.0,1.0,1.0,0.8589358779627145
4896,fd59576ebdf2661ee,True,,,,,,,,,,1.0,1.0,1.0,1.0,0.7037021180998148,1.0,0.0,1.0,1.0,0.782406911906192
4897,74cc5095551bc3c7d,True,,,,,,,,,,1.0,1.0,0.0,1.0,0.7949200184995304,1.0,0.0,1.0,0.0,0.0
4898,ac187965e42f68435,True,,,,,,,,,,1.0,1.0,0.5,1.0,0.8516687211723405,1.0,1.0,1.0,1.0,0.4768232376831782
4899,9d70974d55a05357d,True,,,,,,,,,,1.0,1.0,1.0,1.0,0.7970382860086632,1.0,1.0,0.0,0.0,0.6865744643777072
4900,588f47bdc35784c16,True,,,,,,,,,,1.0,1.0,1.0,1.0,0.31438841530706246,1.0,0.0,1.0,1.0,0.660746379783457
4901,b545597d491f4a96e,True,,,,,,,,,,1.0,1.0,1.0,1.0,0.7478806263158401,1.0,1.0,1.0,1.0,0.9212126957237
4902,9384f1e1e708f3470,True,,,,,,,,,,1.0,1.0,1.0,1.0,0.5195849871646983,1.0,1.0,1.0,1.0,0.8498703084889683
4903,fb36accc7106e30af,True,,,,,,,,,,1.0,0.0,1.0,1.0,0.4800347611639789,1.0,0.0,1.0,1.0,0.0
4904,4784832b9639547d6,True,,,,,,,,,,1.0,1.0,1.0,1.0,0.7421806068976625,1.0,1.0,1.0,1.0,0.9194314396555195
4905,bf14f0399e0ccf645,True,,,,,,,,,,1.0,0.0,0.5,1.0,0.4501970751239272,1.0,1.0,1.0,1.0,0.0
4906,2c22ca80805d11abc,True,,,,,,,,,,1.0,1.0,0.5,1.0,1.0,1.0,0.0,1.0,0.0,0.375
4907,fd2d0d2c37b2df3a5,True,,,,,,,,,,1.0,1.0,1.0,1.0,1.0,1.0,0.0,1.0,0.0,0.75
4908,b02622c8d05a2a7ab,True,,,,,,,,,,1.0,1.0,1.0,1.0,0.5449931587403669,1.0,0.0,1.0,1.0,0.7328103621063646
4909,385a771804ff89676,True,,,,,,,,,,1.0,0.0,1.0,1.0,0.911753056560479,1.0,0.0,1.0,1.0,0.0
4910,4e24a469af52b2b29,True,,,,,,,,,,1.0,0.0,1.0,1.0,0.3972595853801339,1.0,0.0,1.0,1.0,0.0
4911,83316d588a0204528,True,,,,,,,,,,1.0,1.0,1.0,1.0,1.0,1.0,1.0,1.0,1.0,1.0
4912,350cac7c1e8fc966a,True,,,,,,,,,,0.0,1.0,1.0,1.0,1.0,0.0,0.0,1.0,1.0,0.0
4913,7ab2fe1651beb3aae,True,,,,,,,,,,1.0,1.0,1.0,1.0,0.8608926620019468,1.0,0.0,1.0,1.0,0.8315289568756083
4914,d798add46e9093547,True,,,,,,,,,,1.0,1.0,0.0,1.0,1.0,1.0,0.0,1.0,1.0,0.0
4915,1a1b33942c90c349f,True,,,,,,,,,,1.0,1.0,1.0,1.0,0.7122366649594334,1.0,1.0,1.0,0.0,0.7850739577998229
4916,0d61761d225f31579,True,,,,,,,,,,1.0,1.0,1.0,1.0,1.0,1.0,0.0,1.0,0.0,0.75
4917,6d41dae8eb9b92cbe,True,,,,,,,,,,1.0,1.0,0.0,1.0,1.0,1.0,0.0,1.0,1.0,0.0
4918,c6834715d79ac54be,True,,,,,,,,,,0.0,1.0,1.0,1.0,1.0,0.0,1.0,1.0,1.0,0.0
4919,c3430498fdada1e4d,True,,,,,,,,,,1.0,1.0,1.0,1.0,0.6371872313020934,1.0,0.0,1.0,1.0,0.7616210097819042
4920,5e2acee998e20682e,True,,,,,,,,,,1.0,0.0,1.0,1.0,1.0,1.0,1.0,1.0,0.0,0.0
4921,f44e7838ec7d4f843,True,,,,,,,,,,0.0,1.0,1.0,1.0,1.0,0.0,0.0,1.0,1.0,0.0
4922,07019aee6f130ff5d,True,,,,,,,,,,1.0,0.0,1.0,1.0,0.6425458796990388,1.0,0.0,1.0,1.0,0.0
4923,f1ba8705833975e6b,True,,,,,,,,,,1.0,1.0,1.0,1.0,1.0,1.0,1.0,1.0,0.0,0.875
4924,1f18c770d2cfe8d3c,True,,,,,,,,,,0.0,0.0,0.0,1.0,1.0,0.0,0.0,1.0,0.0,0.0
4925,dbdd9c6b89f613fdf,True,,,,,,,,,,1.0,0.0,1.0,1.0,1.0,1.0,1.0,1.0,1.0,0.0
4926,10591acdd773264c9,True,,,,,,,,,,1.0,1.0,1.0,1.0,1.0,1.0,1.0,1.0,0.0,0.875
4927,2cd8757231917e0ba,True,,,,,,,,,,1.0,1.0,1.0,1.0,0.5719982035565908,1.0,1.0,1.0,1.0,0.8662494386114347
4928,d22b68be5e9fb8c2a,True,,,,,,,,,,1.0,1.0,1.0,1.0,1.0,1.0,1.0,1.0,0.0,0.875
4929,749ce2a3f7c56b638,True,,,,,,,,,,1.0,1.0,1.0,1.0,0.39032667039193436,1.0,1.0,1.0,1.0,0.8094770844974795
4930,f743301660e4f13bf,True,,,,,,,,,,1.0,1.0,1.0,1.0,0.6125343847174487,1.0,1.0,1.0,0.0,0.7539169952242027
4931,03a07d09ea9a5a563,True,,,,,,,,,,0.0,1.0,1.0,1.0,0.8838266836880156,0.0,0.0,1.0,0.0,0.0
4932,b36cff254193955cf,True,,,,,,,,,,1.0,1.0,1.0,1.0,0.1450098723143168,1.0,1.0,1.0,1.0,0.732815585098224
4933,8003dfc9e785aaede,True,,,,,,,,,,0.0,1.0,1.0,1.0,1.0,0.0,1.0,1.0,0.0,0.0
4934,b3989347b7f24848c,True,,,,,,,,,,1.0,1.0,1.0,1.0,0.571054826044053,1.0,1.0,1.0,1.0,0.8659546331387665
4935,00c800ba9acb02aa0,True,,,,,,,,,,1.0,1.0,1.0,1.0,0.7440586115864688,1.0,1.0,1.0,1.0,0.9200183161207716
4936,bb22e24798c605096,True,,,,,,,,,,1.0,1.0,1.0,1.0,0.9800208400926942,1.0,1.0,1.0,0.0,0.8687565125289669
4937,94290de1a09e79e7b,True,,,,,,,,,,1.0,0.0,0.5,1.0,1.0,1.0,0.0,1.0,0.0,0.0
4938,7e3fd48eb2c70a68f,True,,,,,,,,,,1.0,1.0,1.0,1.0,0.16135212455562586,1.0,1.0,1.0,0.0,0.612922538923633
4939,bda8e2ddfcebef730,True,,,,,,,,,,1.0,0.0,0.0,1.0,1.0,1.0,0.0,1.0,1.0,0.0
4940,cd9f9355204a28a77,True,,,,,,,,,,1.0,0.0,1.0,1.0,1.0,1.0,1.0,1.0,1.0,0.0
4941,adf39008de8774c39,True,,,,,,,,,,1.0,1.0,1.0,1.0,0.996836143711951,1.0,1.0,1.0,1.0,0.9990112949099847
4942,cdee605a7b8acd418,True,,,,,,,,,,1.0,1.0,1.0,1.0,0.28236666640006564,1.0,1.0,1.0,0.0,0.6507395832500205
4943,78910a88891eef166,True,,,,,,,,,,1.0,1.0,1.0,1.0,0.35612236249147006,1.0,0.0,1.0,1.0,0.6737882382785844
4944,0389a1afc56cd9768,True,,,,,,,,,,1.0,1.0,1.0,1.0,0.711581743430275,1.0,0.0,1.0,1.0,0.7848692948219609
4945,ab74a4ee392eb4ffc,True,,,,,,,,,,1.0,0.0,1.0,1.0,0.7930231716934292,1.0,1.0,1.0,1.0,0.0
4946,552b5ed253cfd2ed4,True,,,,,,,,,,1.0,1.0,1.0,1.0,0.7934379018846935,1.0,0.0,1.0,1.0,0.8104493443389668
4947,fdeff0684535eaf4b,True,,,,,,,,,,1.0,1.0,1.0,1.0,0.5441057695889562,1.0,1.0,1.0,1.0,0.8575330529965488
4948,44873a7eb00654595,True,,,,,,,,,,1.0,1.0,1.0,1.0,0.7077466467938861,1.0,0.0,1.0,1.0,0.7836708271230894
4949,c9e57d49438cf3843,True,,,,,,,,,,1.0,1.0,1.0,1.0,0.7854370114801829,1.0,1.0,1.0,1.0,0.9329490660875571
4950,aa6de707b22dadf30,True,,,,,,,,,,1.0,0.0,1.0,1.0,1.0,1.0,1.0,1.0,0.0,0.0
4951,ab20f07e685b59761,True,,,,,,,,,,1.0,1.0,1.0,1.0,0.33001703221651163,1.0,1.0,1.0,0.0,0.6656303225676599
4952,5351d5bec3ef40436,True,,,,,,,,,,1.0,0.0,1.0,1.0,0.895514994821586,1.0,0.0,1.0,1.0,0.0
4953,aa1b4476d7c10952e,True,,,,,,,,,,1.0,0.0,1.0,1.0,1.0,1.0,0.0,1.0,1.0,0.0
4954,d2de0edb11096f082,True,,,,,,,,,,1.0,1.0,1.0,1.0,0.7998723409428092,1.0,1.0,1.0,1.0,0.9374601065446279
4955,dab22ead12dbdd7e4,True,,,,,,,,,,1.0,1.0,1.0,1.0,0.3125720843176152,1.0,1.0,1.0,0.0,0.6601787763492548
4956,945b57db140235d1c,True,,,,,,,,,,1.0,0.0,1.0,1.0,1.0,1.0,0.0,1.0,0.0,0.0
4957,8cd4e7ea09172b366,True,,,,,,,,,,1.0,0.0,1.0,1.0,1.0,1.0,1.0,1.0,1.0,0.0
4958,402bdbb00ffac92e5,True,,,,,,,,,,1.0,1.0,1.0,1.0,0.8811480718698996,1.0,1.0,1.0,0.0,0.8378587724593436
4959,6492cabed87012413,True,,,,,,,,,,1.0,1.0,1.0,1.0,0.7507005092027272,1.0,0.0,1.0,1.0,0.7970939091258522
4960,fd0fe3e97024a208f,True,,,,,,,,,,0.0,1.0,1.0,1.0,0.7633417985276976,0.0,0.0,1.0,0.0,0.0
4961,5cd39ab6536d551b7,True,,,,,,,,,,0.0,1.0,1.0,1.0,1.0,0.0,1.0,1.0,0.0,0.0
4962,2028b4dbdc9149a19,True,,,,,,,,,,1.0,1.0,1.0,1.0,0.33535820799616195,1.0,1.0,1.0,1.0,0.7922994399988006
4963,964210c085079b61a,True,,,,,,,,,,1.0,1.0,1.0,1.0,0.39097781459898784,1.0,0.0,1.0,1.0,0.6846805670621837
4964,cc84a91b9d7b3a3d5,True,,,,,,,,,,1.0,1.0,1.0,1.0,0.8383602988006825,1.0,0.0,1.0,1.0,0.8244875933752133
4965,618e08d8da0ee9129,True,,,,,,,,,,0.0,0.0,1.0,1.0,1.0,0.0,1.0,1.0,1.0,0.0
4966,bec064ed6d9582bcc,True,,,,,,,,,,1.0,1.0,1.0,1.0,1.0,1.0,0.0,1.0,1.0,0.875
4967,eb1f907b28806d98c,True,,,,,,,,,,1.0,1.0,1.0,1.0,0.8147956700274345,1.0,0.0,1.0,0.0,0.6921236468835732
4968,ad467d131723f8e9e,True,,,,,,,,,,1.0,1.0,1.0,1.0,0.40392706984227655,1.0,1.0,0.0,1.0,0.6887272093257114
4969,6d342222e4d9d2b2a,True,,,,,,,,,,1.0,1.0,1.0,1.0,0.8307019065099297,1.0,1.0,1.0,1.0,0.947094345784353
4970,6b8ebd7a081ffa425,True,,,,,,,,,,1.0,0.0,0.0,1.0,1.0,1.0,0.0,1.0,0.0,0.0
4971,34f398e3cb7f66124,True,,,,,,,,,,1.0,1.0,1.0,1.0,0.8733549921495309,1.0,1.0,1.0,1.0,0.9604234350467284
4972,47a79d5ba0ff53156,True,,,,,,,,,,1.0,0.0,1.0,1.0,1.0,1.0,1.0,1.0,0.0,0.0
4973,233db9b81971aca2a,True,,,,,,,,,,1.0,1.0,1.0,1.0,0.5214688429369365,1.0,1.0,1.0,1.0,0.8504590134177927
4974,1300580f22bac5f4c,True,,,,,,,,,,1.0,1.0,0.5,1.0,1.0,1.0,0.0,1.0,0.0,0.375
4975,64dbb32a1a6005581,True,,,,,,,,,,1.0,1.0,1.0,1.0,1.0,1.0,0.0,1.0,0.0,0.75
4976,cc082d08854f64656,True,,,,,,,,,,0.0,1.0,0.5,1.0,1.0,0.0,0.0,1.0,0.0,0.0
4977,c9dca5652801c1a98,True,,,,,,,,,,1.0,1.0,0.5,1.0,0.5290020278477929,1.0,0.0,1.0,1.0,0.36390656685121764
4978,f7c257dc15f6031fb,True,,,,,,,,,,1.0,1.0,1.0,1.0,0.8882296599014818,1.0,0.0,1.0,0.0,0.7150717687192131
4979,da02d1fbeb2cec70a,True,,,,,,,,,,1.0,1.0,0.0,1.0,1.0,0.0,1.0,0.0,0.0,0.0
4980,bffe666f9175e93c1,True,,,,,,,,,,1.0,1.0,1.0,1.0,0.3530722581126087,1.0,1.0,1.0,0.0,0.6728350806601902
4981,48b2b4044e41f6e13,True,,,,,,,,,,1.0,1.0,1.0,1.0,0.5245369485391757,1.0,1.0,1.0,1.0,0.8514177964184924
4982,0eb1a54023685f27e,True,,,,,,,,,,1.0,1.0,1.0,1.0,1.0,1.0,0.0,1.0,1.0,0.875
4983,eb9e203aa49fcf83a,True,,,,,,,,,,1.0,1.0,1.0,1.0,0.7974081255781659,1.0,0.0,1.0,0.0,0.6866900392431768
4984,ae63fbc91467ac137,True,,,,,,,,,,0.0,1.0,0.5,1.0,1.0,0.0,0.0,1.0,0.0,0.0
4985,c4f1bbae37da9b03a,True,,,,,,,,,,1.0,1.0,1.0,1.0,0.5097979992616287,1.0,1.0,1.0,1.0,0.846811874769259
4986,8ff15043e7dd18ac8,True,,,,,,,,,,1.0,1.0,1.0,1.0,0.5409530288179569,1.0,0.0,1.0,0.0,0.6065478215056115
4987,a4405612b58117ecc,True,,,,,,,,,,1.0,1.0,1.0,1.0,0.26228648368895563,1.0,1.0,1.0,0.0,0.6444645261527986
4988,b65f9c34340591fdf,True,,,,,,,,,,1.0,1.0,1.0,1.0,0.6466149164994555,1.0,0.0,1.0,1.0,0.7645671614060798
4989,6a934a93966865e05,True,,,,,,,,,,1.0,1.0,1.0,1.0,0.4769435433712082,1.0,1.0,1.0,0.0,0.7115448573035026
4990,0acf0c1a301a7180c,True,,,,,,,,,,1.0,1.0,1.0,1.0,1.0,1.0,1.0,1.0,1.0,1.0
4991,f65fc2cd212c5af85,True,,,,,,,,,,1.0,1.0,1.0,1.0,1.0,0.0,1.0,0.0,0.0,0.4375
4992,0308c9d9ebeab7805,True,,,,,,,,,,1.0,1.0,1.0,1.0,0.3909004929802437,1.0,1.0,1.0,1.0,0.8096564040563261
4993,50268da879011f241,True,,,,,,,,,,0.0,0.0,0.5,1.0,1.0,0.0,0.0,1.0,0.0,0.0
4994,418477a920a7da811,True,,,,,,,,,,1.0,1.0,1.0,1.0,0.4309021919562448,1.0,1.0,1.0,1.0,0.8221569349863265
4995,83eedcad4df5c24c6,True,,,,,,,,,,1.0,1.0,0.0,1.0,1.0,1.0,0.0,1.0,1.0,0.0
4996,c35d767a796986c02,True,,,,,,,,,,0.0,1.0,0.5,1.0,1.0,0.0,0.0,1.0,0.0,0.0
4997,ac979b78a3cdc5d39,True,,,,,,,,,,0.0,1.0,1.0,1.0,1.0,0.0,0.0,1.0,0.0,0.0
4998,02693119b4e1bacb0,True,,,,,,,,,,1.0,0.0,1.0,1.0,0.2880138269597314,1.0,1.0,1.0,0.0,0.0
4999,13d89543b4b7dad14,True,,,,,,,,,,1.0,1.0,0.0,1.0,0.9779098809148696,1.0,1.0,1.0,1.0,0.0
5000,40e5f23e7c1df8791,True,,,,,,,,,,1.0,1.0,1.0,1.0,0.6734144525236982,1.0,1.0,1.0,0.0,0.7729420164136557
5001,4447196f3f8f1a9e5,True,,,,,,,,,,0.5,0.0,0.0,1.0,1.0,0.0,1.0,1.0,0.0,0.0
5002,5bfde4f04f6f9257a,True,,,,,,,,,,1.0,1.0,0.0,1.0,0.9129399026313398,1.0,0.0,1.0,1.0,0.0
5003,5e8bc80abe039be9e,True,,,,,,,,,,1.0,0.0,1.0,1.0,1.0,1.0,1.0,1.0,0.0,0.0
5004,16a87b4b1ab4b9fa6,True,,,,,,,,,,1.0,1.0,1.0,1.0,0.9659004572189078,1.0,0.0,1.0,1.0,0.8643438928809086
5005,cd7d476e450a5083d,True,,,,,,,,,,1.0,0.0,1.0,1.0,0.10256128284317473,1.0,1.0,1.0,0.0,0.0
5006,d34d8e1f656046bdd,True,,,,,,,,,,1.0,1.0,1.0,1.0,0.6652616630327958,1.0,0.0,1.0,1.0,0.7703942696977487
5007,241e8b27fb85d3e53,True,,,,,,,,,,1.0,1.0,1.0,1.0,1.0,1.0,1.0,1.0,1.0,1.0
5008,6d611ec100d73e0e6,True,,,,,,,,,,1.0,1.0,0.5,1.0,0.7160849546806602,1.0,0.0,1.0,1.0,0.39313827416885316
5009,bccac7c12e34ccda7,True,,,,,,,,,,1.0,1.0,1.0,1.0,0.292165731261634,1.0,1.0,1.0,0.0,0.6538017910192606
5010,178157ae0466a3851,True,,,,,,,,,,0.0,0.0,1.0,1.0,1.0,0.0,0.0,1.0,0.0,0.0
5011,9c849c1f3da3d7ffa,True,,,,,,,,,,1.0,1.0,1.0,1.0,0.4454754961216293,1.0,1.0,1.0,1.0,0.8267110925380091
5012,e9998b8b863aa29d4,True,,,,,,,,,,1.0,0.0,1.0,1.0,0.5148784804132615,1.0,0.0,1.0,0.0,0.0
5013,d7437e062d9eed183,True,,,,,,,,,,1.0,1.0,1.0,1.0,0.21045786033013203,1.0,0.0,1.0,1.0,0.6282680813531663
5014,d227ec1d4a92cd5fe,True,,,,,,,,,,1.0,0.0,1.0,1.0,0.4082196487930542,1.0,1.0,1.0,1.0,0.0
5015,2a8ffeaa7391e73c7,True,,,,,,,,,,1.0,1.0,0.5,1.0,1.0,1.0,1.0,1.0,1.0,0.5
5016,5cd160daac2e582eb,True,,,,,,,,,,1.0,1.0,1.0,1.0,0.3176225708205016,1.0,1.0,1.0,1.0,0.7867570533814068
5017,6aa7e26a080e2bd09,True,,,,,,,,,,1.0,1.0,1.0,1.0,0.9956658442233104,1.0,1.0,1.0,0.0,0.8736455763197846
5018,80412ca123ecd72bc,True,,,,,,,,,,1.0,1.0,1.0,1.0,0.4753307117091219,1.0,1.0,1.0,1.0,0.8360408474091006
5019,f3f8e9c3fd11d36f3,True,,,,,,,,,,1.0,1.0,1.0,1.0,0.9253574839349445,1.0,1.0,1.0,0.0,0.8516742137296702
5020,d603eac1517a7fe9a,True,,,,,,,,,,1.0,1.0,1.0,1.0,0.8517348949732468,1.0,1.0,1.0,0.0,0.8286671546791397
5021,bb1231abd88057215,True,,,,,,,,,,1.0,1.0,1.0,1.0,0.38640491544197714,1.0,0.0,1.0,1.0,0.6832515360756178
5022,4876fb179a00309b5,True,,,,,,,,,,1.0,1.0,1.0,1.0,0.7835770243686014,1.0,1.0,1.0,1.0,0.9323678201151879
5023,cc7eeb6ef4e923a61,True,,,,,,,,,,1.0,1.0,0.0,1.0,1.0,1.0,0.0,1.0,0.0,0.0
5024,15755cd0249f8223a,True,,,,,,,,,,1.0,1.0,0.0,1.0,1.0,0.0,0.0,1.0,0.0,0.0
5025,68dc2b23bd498da89,True,,,,,,,,,,1.0,1.0,1.0,1.0,0.6343636420529996,1.0,1.0,1.0,1.0,0.8857386381415624
5026,046b8681d380244e2,True,,,,,,,,,,1.0,1.0,1.0,1.0,1.0,1.0,1.0,1.0,0.0,0.875
5027,80d431e91d34320c9,True,,,,,,,,,,1.0,1.0,1.0,1.0,0.6125221011823873,1.0,0.0,1.0,1.0,0.753913156619496
5028,ea57c9c13c9526722,True,,,,,,,,,,0.5,0.0,1.0,1.0,1.0,0.0,0.0,1.0,1.0,0.0
5029,bc6888f8da8ee3d48,True,,,,,,,,,,1.0,1.0,1.0,1.0,0.6095550063241606,1.0,0.0,1.0,0.0,0.6279859394763002
5030,ccd1d26bd7d71f952,True,,,,,,,,,,1.0,0.0,1.0,1.0,0.47302352361656036,1.0,1.0,1.0,1.0,0.0
5031,de3881c003667e53e,True,,,,,,,,,,0.0,1.0,1.0,1.0,1.0,0.0,0.0,1.0,1.0,0.0
5032,416a5f6d80036586b,True,,,,,,,,,,1.0,0.0,0.0,1.0,1.0,1.0,0.0,1.0,1.0,0.0
5033,c27589c1692f0a130,True,,,,,,,,,,1.0,1.0,1.0,1.0,0.587199026040608,1.0,1.0,1.0,0.0,0.74599969563769
5034,2715084d8bf201e97,True,,,,,,,,,,1.0,1.0,1.0,1.0,0.6624732099174294,1.0,1.0,1.0,0.0,0.7695228780991967
5035,300e70e9d228631b4,True,,,,,,,,,,1.0,1.0,0.0,1.0,1.0,1.0,0.0,0.0,0.0,0.0
5036,7bc8b418055d0cc73,True,,,,,,,,,,0.0,1.0,0.0,1.0,1.0,0.0,0.0,1.0,0.0,0.0
5037,61fd1e677d1c01a32,True,,,,,,,,,,1.0,0.0,0.0,1.0,1.0,0.0,0.0,1.0,0.0,0.0
5038,52b7525b699ef9adf,True,,,,,,,,,,1.0,1.0,1.0,1.0,0.439366146612851,1.0,1.0,1.0,1.0,0.8248019208165159
5039,46d27733df7167bb2,True,,,,,,,,,,1.0,1.0,1.0,1.0,0.5234590694879979,1.0,1.0,1.0,1.0,0.8510809592149994
5040,5f54e7582c508a3ca,True,,,,,,,,,,1.0,1.0,1.0,1.0,0.7899595165561314,1.0,0.0,1.0,1.0,0.8093623489237911
5041,13d12623bf8ef0e4f,True,,,,,,,,,,1.0,1.0,0.0,1.0,0.9521832259915056,0.0,1.0,1.0,1.0,0.0
5042,ed00ab86d2c2f5767,True,,,,,,,,,,1.0,1.0,1.0,1.0,0.5328975230235791,1.0,0.0,1.0,1.0,0.7290304759448685
5043,b6963168b66273c97,True,,,,,,,,,,1.0,1.0,1.0,1.0,0.8439443188441961,1.0,1.0,1.0,1.0,0.9512325996388113
5044,d44cdc5b9b4da0e54,True,,,,,,,,,,1.0,1.0,1.0,1.0,0.4649207679283753,1.0,1.0,1.0,0.0,0.7077877399776172
5045,b60c0ec16d57413b5,True,,,,,,,,,,1.0,0.0,0.0,1.0,1.0,1.0,0.0,1.0,0.0,0.0
5046,99e402b94de45b44b,True,,,,,,,,,,1.0,1.0,1.0,1.0,0.525148941091617,1.0,1.0,1.0,0.0,0.7266090440911304
5047,b71bf73462ddcaa0c,True,,,,,,,,,,1.0,1.0,1.0,1.0,0.923409108528499,1.0,0.0,1.0,0.0,0.726065346415156
5048,4ffc297962a8fbd17,True,,,,,,,,,,1.0,0.0,0.5,1.0,1.0,1.0,0.0,1.0,0.0,0.0
5049,e1787c2ae57c993f3,True,,,,,,,,,,1.0,1.0,1.0,1.0,0.7262895539275716,1.0,0.0,1.0,1.0,0.7894654856023662
5050,da0cbcf9661157a63,True,,,,,,,,,,1.0,1.0,1.0,1.0,0.7735379996002751,1.0,1.0,1.0,1.0,0.929230624875086
5051,add2dc0d2d9ed03d5,True,,,,,,,,,,0.0,1.0,1.0,1.0,1.0,0.0,0.0,1.0,1.0,0.0
5052,1484a0a00421bfda6,True,,,,,,,,,,1.0,0.0,1.0,1.0,0.19121758889674234,1.0,1.0,1.0,1.0,0.0
5053,67f4ac3e85d08fa8a,True,,,,,,,,,,1.0,1.0,1.0,1.0,0.7394394914409043,1.0,1.0,1.0,1.0,0.9185748410752825
5054,9edf6075f6a55d2a5,True,,,,,,,,,,1.0,0.0,0.5,1.0,0.455346119675889,1.0,0.0,1.0,0.0,0.0
5055,5b491d7bff86c3e61,True,,,,,,,,,,1.0,1.0,1.0,1.0,0.668751305395803,1.0,1.0,1.0,0.0,0.7714847829361884
5056,f93686a7de229c648,True,,,,,,,,,,1.0,1.0,1.0,1.0,0.8380450283391362,1.0,0.0,1.0,0.0,0.69938907135598
5057,8e1bbd443f815b48a,True,,,,,,,,,,0.0,1.0,1.0,1.0,1.0,0.0,1.0,1.0,0.0,0.0
5058,e5f171ef890e7a042,True,,,,,,,,,,1.0,1.0,1.0,1.0,0.6700815077756183,1.0,0.0,1.0,1.0,0.7719004711798807
5059,8858ecf4e78fd953a,True,,,,,,,,,,1.0,1.0,1.0,1.0,0.7350743575647034,1.0,0.0,1.0,1.0,0.7922107367389698
5060,43c0e949f19e63437,True,,,,,,,,,,1.0,0.0,1.0,1.0,0.3517825837132798,1.0,1.0,1.0,0.0,0.0
5061,d5f2dcdb50158c20e,True,,,,,,,,,,1.0,0.0,1.0,1.0,0.2518620610799803,1.0,0.0,1.0,1.0,0.0
5062,441af8c8c4d582d12,True,,,,,,,,,,1.0,1.0,1.0,1.0,1.0,1.0,0.0,1.0,1.0,0.875
5063,814fa66e0a997a168,True,,,,,,,,,,0.0,0.0,0.5,1.0,1.0,0.0,0.0,1.0,0.0,0.0
5064,08dd93ec00ee02183,True,,,,,,,,,,1.0,1.0,1.0,1.0,0.6566744160690687,1.0,1.0,1.0,0.0,0.767710755021584
5065,43f7d2bb6b4b6f35a,True,,,,,,,,,,1.0,0.0,1.0,1.0,1.0,1.0,0.0,1.0,0.0,0.0
5066,a14671fac296719c0,True,,,,,,,,,,1.0,1.0,1.0,1.0,1.0,1.0,0.0,1.0,1.0,0.875
5067,fe3306915ae1e2328,True,,,,,,,,,,1.0,1.0,1.0,1.0,0.714790195618058,1.0,1.0,1.0,0.0,0.7858719361306431
5068,e1e6ccb3f67db2d88,True,,,,,,,,,,1.0,1.0,0.0,1.0,0.9117289047873826,1.0,0.0,1.0,1.0,0.0
5069,6ecd877422fdf9247,True,,,,,,,,,,1.0,1.0,1.0,1.0,0.4874184722334729,1.0,1.0,1.0,1.0,0.8398182725729603
5070,37f45087a3d60aaff,True,,,,,,,,,,0.0,1.0,1.0,1.0,0.40161622393613516,0.0,0.0,1.0,0.0,0.0
5071,97a528bb2a0be2c1c,True,,,,,,,,,,1.0,1.0,0.5,1.0,0.8408230033663034,1.0,0.0,1.0,0.0,0.3501285942759849
5072,9c8f0339c698b9080,True,,,,,,,,,,1.0,1.0,0.0,1.0,0.7429391475763789,1.0,0.0,1.0,1.0,0.0
5073,3dec28d29ac4ec705,True,,,,,,,,,,1.0,1.0,1.0,1.0,1.0,1.0,1.0,1.0,1.0,1.0
5074,b7f82c0f75ba493fc,True,,,,,,,,,,1.0,0.0,1.0,1.0,0.6341903617616402,1.0,1.0,1.0,0.0,0.0
5075,0a61ab78c3fb6fbe9,True,,,,,,,,,,0.0,1.0,1.0,1.0,1.0,0.0,1.0,1.0,0.0,0.0
5076,3df563a8c00556068,True,,,,,,,,,,1.0,1.0,1.0,1.0,0.34110398852718377,1.0,1.0,1.0,1.0,0.7940949964147449
5077,f5ac498d3e649455a,True,,,,,,,,,,1.0,0.0,0.5,1.0,1.0,1.0,0.0,1.0,1.0,0.0
5078,9b219df65a0e3f22b,True,,,,,,,,,,0.0,1.0,1.0,1.0,1.0,0.0,0.0,1.0,1.0,0.0
5079,ecb1dd4076b28cd84,True,,,,,,,,,,1.0,0.0,1.0,1.0,0.8584873524140124,1.0,1.0,1.0,0.0,0.0
5080,e6d6645a3d41d9627,True,,,,,,,,,,1.0,1.0,1.0,1.0,1.0,1.0,1.0,1.0,0.0,0.875
5081,e53ada22df8520033,True,,,,,,,,,,1.0,1.0,1.0,1.0,0.6401434384902415,1.0,1.0,1.0,1.0,0.8875448245282005
5082,fedf09c50e4a8ef7b,True,,,,,,,,,,1.0,1.0,0.5,1.0,1.0,1.0,0.0,1.0,0.0,0.375
5083,b6eff4db462e0b665,True,,,,,,,,,,1.0,1.0,1.0,1.0,1.0,1.0,1.0,1.0,0.0,0.875
5084,2c5a6bcca688df5f6,True,,,,,,,,,,1.0,0.0,0.0,1.0,1.0,1.0,0.0,1.0,1.0,0.0
5085,1cee104dd05ce3a78,True,,,,,,,,,,1.0,0.0,1.0,1.0,1.0,1.0,1.0,1.0,0.0,0.0
5086,3b99197cc8a0e07a3,True,,,,,,,,,,1.0,1.0,1.0,1.0,1.0,1.0,0.0,1.0,1.0,0.875
5087,38243f89c66ef146f,True,,,,,,,,,,1.0,0.0,1.0,1.0,0.3827740582967237,1.0,1.0,1.0,1.0,0.0
5088,5dfd054f0a5ff50d9,True,,,,,,,,,,1.0,1.0,1.0,1.0,1.0,0.0,0.0,1.0,1.0,0.5625
5089,2a2396b5db7435a5e,True,,,,,,,,,,1.0,1.0,0.0,1.0,0.9308359473160589,1.0,0.0,1.0,0.0,0.0
5090,0e447192563e126ef,True,,,,,,,,,,1.0,1.0,1.0,1.0,0.45848290800816477,1.0,1.0,1.0,1.0,0.8307759087525515
5091,29a8fd6439b689c2f,True,,,,,,,,,,1.0,1.0,1.0,1.0,0.874749641451091,1.0,0.0,1.0,0.0,0.710859262953466
5092,303ba3f05a636f6e9,True,,,,,,,,,,1.0,1.0,1.0,1.0,0.9256739374863727,1.0,1.0,1.0,0.0,0.8517731054644915
5093,669069f25d57f77ae,True,,,,,,,,,,1.0,1.0,1.0,1.0,1.0,1.0,0.0,1.0,1.0,0.875
5094,d02ab95331cc7550b,True,,,,,,,,,,1.0,0.0,0.0,1.0,1.0,1.0,0.0,1.0,1.0,0.0
5095,12499ddd90200ea9f,True,,,,,,,,,,1.0,1.0,1.0,1.0,0.40441823566933816,1.0,1.0,1.0,1.0,0.8138806986466682
5096,70543352531547cfd,True,,,,,,,,,,1.0,1.0,1.0,1.0,1.0,1.0,0.0,1.0,0.0,0.75
5097,1b9fdb3577e3e1018,True,,,,,,,,,,1.0,1.0,1.0,1.0,0.8664074053761871,1.0,1.0,1.0,0.0,0.8332523141800585
5098,aeafb748fb3a37e8c,True,,,,,,,,,,1.0,1.0,1.0,1.0,0.687025813045411,1.0,1.0,1.0,0.0,0.777195566576691
5099,d8c8d7ca717326aa5,True,,,,,,,,,,1.0,0.0,0.5,1.0,0.7604129573571599,1.0,0.0,1.0,1.0,0.0
5100,ddf4d43735ce80242,True,,,,,,,,,,1.0,1.0,0.5,1.0,1.0,0.0,0.0,1.0,1.0,0.28125
5101,3fcd46f80ab00b6e6,True,,,,,,,,,,1.0,1.0,1.0,1.0,0.3828396918010413,0.0,1.0,1.0,1.0,0.4946374036878254
5102,4a6cfd874f908500b,True,,,,,,,,,,1.0,1.0,1.0,1.0,0.782740652686991,1.0,0.0,1.0,1.0,0.8071064539646847
5103,2f7d514e5c41a23d7,True,,,,,,,,,,1.0,1.0,0.5,1.0,1.0,1.0,0.0,1.0,0.0,0.375
5104,3b0bf9ca3855b2e20,True,,,,,,,,,,1.0,1.0,1.0,1.0,0.44820529259547237,1.0,1.0,1.0,1.0,0.8275641539360852
5105,894ee0eaafbdc05e5,True,,,,,,,,,,1.0,0.0,1.0,1.0,1.0,1.0,1.0,1.0,0.0,0.0
5106,81cd2035c0d6c6dbb,True,,,,,,,,,,1.0,1.0,0.5,1.0,0.8860169907242982,1.0,0.0,1.0,0.0,0.3571901548006716
5107,c63fc1f399e5c5f1c,True,,,,,,,,,,1.0,1.0,1.0,1.0,0.4901198593011299,1.0,1.0,1.0,0.0,0.7156624560316031
5108,f53ce77b754edd1f8,True,,,,,,,,,,1.0,1.0,1.0,1.0,0.5818013566364606,1.0,1.0,1.0,0.0,0.7443129239488939
5109,ff0db1e010ed49544,True,,,,,,,,,,1.0,1.0,0.5,1.0,1.0,1.0,0.0,1.0,0.0,0.375
5110,f4441ff7b0692d28d,True,,,,,,,,,,1.0,1.0,1.0,1.0,0.20539136674644132,1.0,0.0,1.0,1.0,0.6266848021082629
5111,b795e9c4c8fde41bb,True,,,,,,,,,,1.0,0.0,0.0,1.0,1.0,0.0,0.0,1.0,0.0,0.0
5112,9463bb4964cd37676,True,,,,,,,,,,1.0,1.0,1.0,1.0,0.7593319823274876,1.0,1.0,1.0,1.0,0.9247912444773398
5113,cfbef936343c3a937,True,,,,,,,,,,1.0,1.0,1.0,1.0,0.3766433706641213,1.0,0.0,1.0,0.0,0.5552010533325379
5114,2c3eb63a9cdff8129,True,,,,,,,,,,1.0,0.0,1.0,1.0,0.9330414238511466,1.0,1.0,1.0,0.0,0.0
5115,9dd3876cb173c36aa,True,,,,,,,,,,1.0,0.0,0.0,1.0,1.0,1.0,0.0,1.0,0.0,0.0
5116,230446b36041db9de,True,,,,,,,,,,0.0,1.0,1.0,1.0,1.0,0.0,0.0,1.0,1.0,0.0
5117,5d7300eccaaae4563,True,,,,,,,,,,1.0,1.0,0.5,1.0,0.7112823482046946,1.0,1.0,1.0,0.0,0.3923878669069835
5118,631e2dc2cca2e3ec5,True,,,,,,,,,,1.0,1.0,1.0,1.0,0.8463227469675412,1.0,0.0,1.0,1.0,0.8269758584273565
5119,8a790ebf1c22b11d5,True,,,,,,,,,,0.0,1.0,1.0,1.0,1.0,0.0,0.0,1.0,0.0,0.0
5120,e1cc25220fa30adcd,True,,,,,,,,,,1.0,1.0,1.0,1.0,1.0,1.0,0.0,1.0,0.0,0.75
5121,09b94e3a221caebb6,True,,,,,,,,,,1.0,0.0,0.5,1.0,0.6810325687515498,1.0,0.0,1.0,0.0,0.0
5122,d8c1cf6f6a65ad21d,True,,,,,,,,,,1.0,0.0,1.0,1.0,1.0,1.0,0.0,1.0,0.0,0.0
5123,e87ee58e2c6134551,True,,,,,,,,,,1.0,1.0,1.0,1.0,0.47205808970833146,1.0,0.0,1.0,0.0,0.5850181530338536
5124,29202e5e7b84d0701,True,,,,,,,,,,1.0,1.0,0.0,1.0,0.8308946772540079,1.0,0.0,1.0,0.0,0.0
5125,b123636b63cd85bd6,True,,,,,,,,,,1.0,1.0,1.0,1.0,0.38108519939759145,1.0,0.0,1.0,1.0,0.6815891248117474
5126,7e640664f4c19d17e,True,,,,,,,,,,1.0,0.0,1.0,1.0,1.0,1.0,0.0,1.0,1.0,0.0
5127,0cdb9c6ab183da958,True,,,,,,,,,,1.0,1.0,1.0,1.0,0.6570725157472124,1.0,1.0,1.0,1.0,0.8928351611710039
5128,a18d6dca51d1c96c6,True,,,,,,,,,,1.0,1.0,0.5,1.0,0.3970372914183657,1.0,0.0,1.0,1.0,0.3432870767841196
5129,eafc663e431fb2efe,True,,,,,,,,,,1.0,1.0,0.5,1.0,0.7132281772975264,1.0,1.0,0.0,0.0,0.3301919027027385
5130,50bb35a33ba92cd52,True,,,,,,,,,,1.0,1.0,1.0,1.0,1.0,1.0,1.0,1.0,1.0,1.0
5131,6eed9aba87a865c93,True,,,,,,,,,,1.0,1.0,1.0,1.0,1.0,1.0,0.0,1.0,1.0,0.875
5132,b01ea6107aea79f6c,True,,,,,,,,,,1.0,1.0,1.0,1.0,0.32299606487904275,1.0,1.0,1.0,1.0,0.7884362702747009
5133,00e5457ca561abfbb,True,,,,,,,,,,1.0,1.0,1.0,1.0,0.46328100405399575,1.0,1.0,1.0,0.0,0.7072753137668737
5134,2f23bb5e69f8c5120,True,,,,,,,,,,1.0,1.0,0.5,1.0,1.0,1.0,0.0,1.0,1.0,0.4375
5135,62c7829548c7f7e94,True,,,,,,,,,,1.0,1.0,1.0,1.0,0.8691115686526696,1.0,0.0,1.0,1.0,0.8340973652039593
5136,a863c3cc5f754b2b4,True,,,,,,,,,,1.0,1.0,1.0,1.0,0.6355723506787025,1.0,1.0,1.0,1.0,0.8861163595870946
5137,e9f1d3b368a8f7603,True,,,,,,,,,,1.0,1.0,1.0,1.0,0.5332765650411586,1.0,0.0,1.0,0.0,0.6041489265753621
5138,a4bf3773c3567bbdc,True,,,,,,,,,,1.0,1.0,1.0,1.0,0.8782622960083222,1.0,0.0,1.0,1.0,0.8369569675026007
5139,1cc09e6291c8fd8b7,True,,,,,,,,,,1.0,0.0,1.0,1.0,0.9283074684933272,1.0,0.0,1.0,1.0,0.0
5140,fac0a5c373900e63b,True,,,,,,,,,,1.0,1.0,1.0,1.0,0.3592748556942973,1.0,1.0,1.0,1.0,0.7997733924044679
5141,90074b411c5d7d55b,True,,,,,,,,,,1.0,1.0,0.5,1.0,0.46212246131086987,1.0,1.0,1.0,0.0,0.3534566345798234
5142,ad123ee37bc2eb842,True,,,,,,,,,,1.0,1.0,1.0,1.0,0.6072273019364571,1.0,0.0,1.0,1.0,0.7522585318551429
5143,836d617c75ae603a0,True,,,,,,,,,,1.0,1.0,1.0,1.0,0.7937418192040735,1.0,1.0,1.0,0.0,0.810544318501273
5144,07c652f78c0509a49,True,,,,,,,,,,1.0,0.0,1.0,1.0,0.91276237178477,1.0,1.0,1.0,0.0,0.0
5145,78fdd992fa8acb334,True,,,,,,,,,,0.0,1.0,0.0,1.0,1.0,0.0,0.0,1.0,1.0,0.0
5146,ac132e5b2d0fb3476,True,,,,,,,,,,1.0,1.0,1.0,1.0,1.0,1.0,1.0,1.0,0.0,0.875
5147,676ffbee9ca648d5c,True,,,,,,,,,,0.0,1.0,1.0,1.0,1.0,0.0,1.0,1.0,1.0,0.0
5148,13ec6e28d3c1a20c1,True,,,,,,,,,,0.0,1.0,1.0,1.0,1.0,0.0,0.0,1.0,1.0,0.0
5149,03e533b28bfac776e,True,,,,,,,,,,1.0,1.0,0.5,1.0,1.0,1.0,1.0,1.0,1.0,0.5
5150,c808695431d352ba9,True,,,,,,,,,,0.5,1.0,1.0,1.0,1.0,0.0,1.0,1.0,1.0,0.34375
5151,34bba0aaea8099d53,True,,,,,,,,,,1.0,1.0,1.0,1.0,1.0,1.0,0.0,1.0,1.0,0.875
5152,18cf30de794bcf3f5,True,,,,,,,,,,1.0,1.0,1.0,1.0,1.0,1.0,0.0,1.0,1.0,0.875
5153,08b3cebccffcada58,True,,,,,,,,,,1.0,0.0,1.0,1.0,1.0,1.0,1.0,1.0,0.0,0.0
5154,e26a54b7a798e6e57,True,,,,,,,,,,1.0,1.0,1.0,1.0,0.8611476341490197,1.0,1.0,1.0,0.0,0.8316086356715686
5155,4c86c87d1f278b79a,True,,,,,,,,,,1.0,1.0,1.0,1.0,0.5734638986692742,1.0,1.0,1.0,1.0,0.8667074683341482
5156,9157e54640172d150,True,,,,,,,,,,1.0,0.0,1.0,1.0,1.0,1.0,1.0,1.0,1.0,0.0
5157,df2f5f2688acbcf8c,True,,,,,,,,,,1.0,0.0,1.0,1.0,0.7658933641637165,1.0,1.0,1.0,0.0,0.0
5158,e0a3b2c921d0f6f6d,True,,,,,,,,,,1.0,1.0,1.0,1.0,0.8802839243139216,1.0,1.0,1.0,0.0,0.8375887263481006
5159,68bca311e7f195048,True,,,,,,,,,,0.0,1.0,1.0,1.0,0.8194517161091891,0.0,1.0,1.0,1.0,0.0
5160,8b829bb6658bc36c8,True,,,,,,,,,,0.0,1.0,0.0,1.0,0.7784097799376569,0.0,0.0,1.0,1.0,0.0
5161,49e16e57b4df60ee3,True,,,,,,,,,,1.0,1.0,1.0,1.0,0.653700911288913,1.0,0.0,1.0,1.0,0.7667815347777853
5162,6dc215cf4dcd911e3,True,,,,,,,,,,1.0,1.0,1.0,1.0,1.0,1.0,1.0,1.0,0.0,0.875
5163,894784294c8d0ed99,True,,,,,,,,,,1.0,1.0,1.0,1.0,0.8194589707338992,1.0,1.0,1.0,1.0,0.9435809283543435
5164,94b6ffabace38c36f,True,,,,,,,,,,1.0,1.0,1.0,1.0,0.7318368343351277,1.0,0.0,1.0,1.0,0.7911990107297274
5165,d6b2852cfdf21ad06,True,,,,,,,,,,1.0,1.0,1.0,1.0,0.7280186564940196,1.0,1.0,1.0,1.0,0.9150058301543811
5166,4a086bbf2e29537eb,True,,,,,,,,,,1.0,0.0,1.0,1.0,0.3523564670475522,1.0,1.0,1.0,1.0,0.0
5167,03765fd57aa87ab53,True,,,,,,,,,,1.0,1.0,1.0,1.0,0.2908615871750081,1.0,1.0,1.0,1.0,0.77839424599219
5168,e2da039b5ef4ab27c,True,,,,,,,,,,1.0,0.0,1.0,1.0,0.9892880897822348,1.0,1.0,1.0,1.0,0.0
5169,335b43f5320efd73d,True,,,,,,,,,,0.5,0.0,1.0,1.0,1.0,0.0,1.0,1.0,1.0,0.0
5170,99dc5d64b209fb23b,True,,,,,,,,,,1.0,1.0,1.0,1.0,0.7065838619196185,1.0,0.0,1.0,1.0,0.7833074568498808
5171,a73bc7fee06a21930,True,,,,,,,,,,1.0,0.0,0.0,1.0,1.0,1.0,0.0,1.0,0.0,0.0
5172,be29b04863547d0c1,True,,,,,,,,,,0.0,1.0,1.0,1.0,1.0,0.0,1.0,1.0,0.0,0.0
5173,0323a93ef0ac2cb18,True,,,,,,,,,,0.0,1.0,0.0,1.0,1.0,0.0,0.0,1.0,0.0,0.0
5174,d64fff6b350c44bf6,True,,,,,,,,,,1.0,1.0,1.0,1.0,0.8448764475880894,1.0,1.0,1.0,0.0,0.8265238898712779
5175,3b0bf79a32b642604,True,,,,,,,,,,1.0,0.0,1.0,1.0,1.0,1.0,0.0,0.0,0.0,0.0
5176,18a239284011dd8c3,True,,,,,,,,,,1.0,1.0,0.0,1.0,0.930209332206759,1.0,0.0,1.0,0.0,0.0
5177,6cc12f84e2df62aee,True,,,,,,,,,,1.0,1.0,1.0,1.0,0.4945162044665842,1.0,0.0,1.0,1.0,0.7170363138958076
5178,d40afa32f3c10b9e0,True,,,,,,,,,,1.0,1.0,1.0,1.0,0.28228622932564745,1.0,1.0,1.0,1.0,0.7757144466642648
5179,fd2d5da64073721d2,True,,,,,,,,,,1.0,1.0,1.0,1.0,0.5626460407588441,1.0,0.0,1.0,0.0,0.6133268877371387
5180,5b32d8e1dbbbd670a,True,,,,,,,,,,1.0,1.0,0.0,1.0,1.0,1.0,0.0,1.0,1.0,0.0
5181,49251b4564a2244a7,True,,,,,,,,,,1.0,1.0,1.0,1.0,0.8247253645421987,1.0,1.0,1.0,1.0,0.945226676419437
5182,3331cabab3946bf78,True,,,,,,,,,,1.0,1.0,1.0,1.0,0.726048734593988,1.0,0.0,1.0,1.0,0.7893902295606212
5183,8cc221e21b07d66db,True,,,,,,,,,,0.0,1.0,1.0,1.0,1.0,0.0,0.0,0.0,0.0,0.0
5184,e2f2c32fd3d5f5d35,True,,,,,,,,,,0.0,0.0,0.0,1.0,1.0,0.0,0.0,1.0,0.0,0.0
5185,a42ef2d15ed8d3d94,True,,,,,,,,,,0.0,1.0,1.0,1.0,1.0,0.0,1.0,1.0,0.0,0.0
5186,f1abd83315867c099,True,,,,,,,,,,1.0,1.0,1.0,1.0,0.518809596182605,1.0,1.0,1.0,1.0,0.8496279988070641
5187,14f7e3a226b0e16d8,True,,,,,,,,,,1.0,1.0,0.0,1.0,1.0,1.0,1.0,1.0,1.0,0.0
5188,172abde18b548feb2,True,,,,,,,,,,1.0,1.0,1.0,1.0,0.727382880223043,1.0,1.0,1.0,0.0,0.7898071500697009
5189,2182fa4ac8750cb31,True,,,,,,,,,,1.0,1.0,1.0,1.0,0.335644963288785,1.0,1.0,1.0,1.0,0.7923890510277454
5190,4410c6e64d170360d,True,,,,,,,,,,0.0,0.0,0.5,1.0,1.0,0.0,0.0,1.0,0.0,0.0
5191,90641ae47d3a38ca0,True,,,,,,,,,,1.0,1.0,1.0,1.0,1.0,1.0,1.0,1.0,0.0,0.875
5192,a0a8ed182426d3f05,True,,,,,,,,,,1.0,0.0,1.0,1.0,0.9012939099230218,1.0,1.0,1.0,1.0,0.0
5193,d694ab7fc94aa5dcf,True,,,,,,,,,,0.0,1.0,1.0,1.0,1.0,0.0,1.0,1.0,0.0,0.0
5194,e593c645d1fd3fdb9,True,,,,,,,,,,1.0,1.0,1.0,1.0,0.49170677289988074,1.0,1.0,1.0,1.0,0.8411583665312128
5195,8b6ef443197adad55,True,,,,,,,,,,1.0,0.0,1.0,1.0,1.0,1.0,1.0,1.0,0.0,0.0
5196,934550d99dbe5a996,True,,,,,,,,,,1.0,1.0,0.0,1.0,0.7569884664346621,1.0,0.0,1.0,1.0,0.0
5197,45cc427b1c222f829,True,,,,,,,,,,1.0,1.0,0.5,1.0,1.0,1.0,0.0,1.0,0.0,0.375
5198,5929f8a55e3904cac,True,,,,,,,,,,1.0,1.0,1.0,1.0,0.7837585891450087,1.0,1.0,1.0,1.0,0.9324245591078153
5199,1ce076a3d8049e0e4,True,,,,,,,,,,1.0,1.0,1.0,1.0,0.2192799113593431,1.0,0.0,1.0,0.0,0.5060249722997947
5200,8499ef24e45dc8fa6,True,,,,,,,,,,1.0,0.0,0.0,1.0,1.0,1.0,0.0,1.0,1.0,0.0
5201,119f45080f686caca,True,,,,,,,,,,1.0,0.0,1.0,1.0,0.5786179982493941,1.0,1.0,1.0,0.0,0.0
5202,928a526fdbbdedce9,True,,,,,,,,,,0.0,1.0,1.0,1.0,1.0,0.0,0.0,1.0,0.0,0.0
5203,b93890b60ea010aaa,True,,,,,,,,,,1.0,1.0,1.0,1.0,1.0,1.0,1.0,1.0,1.0,1.0
5204,d79599d25c9842625,True,,,,,,,,,,1.0,1.0,1.0,1.0,0.944460515391157,1.0,0.0,1.0,1.0,0.8576439110597366
5205,1e6e2d318ec0f30bf,True,,,,,,,,,,1.0,0.0,1.0,1.0,0.621100118994245,1.0,1.0,1.0,1.0,0.0
5206,f21a1d0c82db2ce84,True,,,,,,,,,,1.0,1.0,0.5,1.0,1.0,1.0,0.0,1.0,0.0,0.375
5207,92543dc9e560f1be0,True,,,,,,,,,,1.0,1.0,1.0,1.0,1.0,1.0,1.0,1.0,1.0,1.0
5208,28203b9c4a54e7875,True,,,,,,,,,,0.0,1.0,1.0,1.0,1.0,0.0,0.0,1.0,0.0,0.0
5209,6206155cd12c2d3af,True,,,,,,,,,,1.0,1.0,1.0,1.0,1.0,1.0,1.0,1.0,1.0,1.0
5210,6adadb0caf086d050,True,,,,,,,,,,1.0,1.0,1.0,1.0,0.48328818614685226,1.0,1.0,1.0,0.0,0.7135275581708913
5211,6f6d638ab426ccd16,True,,,,,,,,,,1.0,1.0,0.5,1.0,0.8922200714024094,1.0,0.0,1.0,1.0,0.42065938615662646
5212,6f23cf03f94e36b89,True,,,,,,,,,,1.0,1.0,1.0,1.0,0.8875035170393645,1.0,1.0,1.0,1.0,0.9648448490748014
5213,1fbe931a028dff6f9,True,,,,,,,,,,1.0,1.0,0.0,1.0,1.0,1.0,1.0,1.0,0.0,0.0
5214,2c48bea3e93ba9e48,True,,,,,,,,,,1.0,1.0,1.0,1.0,0.8278032797553773,1.0,1.0,1.0,1.0,0.9461885249235553
5215,b5be28ec54c28eea8,True,,,,,,,,,,1.0,1.0,0.0,1.0,1.0,1.0,0.0,1.0,1.0,0.0
5216,78a6c5025d620a6b9,True,,,,,,,,,,1.0,1.0,1.0,1.0,0.9781082597363557,1.0,1.0,0.0,0.0,0.7431588311676112
5217,e91ac9ef742425106,True,,,,,,,,,,1.0,1.0,1.0,1.0,0.6381750111821071,1.0,0.0,1.0,1.0,0.7619296909944084
5218,d32b81cb4448f19f1,True,,,,,,,,,,1.0,1.0,1.0,1.0,0.4708199751282088,1.0,0.0,1.0,0.0,0.5846312422275652
5219,d8bd07f4fcdcdc313,True,,,,,,,,,,1.0,1.0,1.0,1.0,0.28483358940065195,1.0,1.0,1.0,0.0,0.6515104966877037
5220,c217a9de321bd6af3,True,,,,,,,,,,1.0,1.0,1.0,1.0,1.0,1.0,0.0,0.0,0.0,0.625
5221,58529df281ddba3bc,True,,,,,,,,,,1.0,1.0,1.0,1.0,0.3256999220884671,1.0,1.0,1.0,1.0,0.789281225652646
5222,3b556146eac4e59da,True,,,,,,,,,,1.0,1.0,1.0,1.0,0.7402258609056486,1.0,0.0,1.0,0.0,0.6688205815330152
5223,5bd3f77bfdb480b75,True,,,,,,,,,,1.0,1.0,1.0,1.0,1.0,1.0,1.0,1.0,1.0,1.0
5224,a17ae323ec016c413,True,,,,,,,,,,1.0,1.0,1.0,1.0,0.2221824409753538,1.0,0.0,1.0,1.0,0.631932012804798
5225,543679cd5973594a2,True,,,,,,,,,,1.0,1.0,1.0,1.0,0.8028718620595445,1.0,1.0,1.0,1.0,0.9383974568936077
5226,44276d9ca75d0250b,True,,,,,,,,,,1.0,1.0,1.0,1.0,1.0,1.0,1.0,1.0,0.0,0.875
5227,f94bdc2e7d5bba8a9,True,,,,,,,,,,1.0,1.0,1.0,1.0,0.8261555962290612,0.0,0.0,1.0,0.0,0.3831736238215816
5228,5defaad214f3a99c9,True,,,,,,,,,,1.0,1.0,1.0,1.0,0.43719573211482715,1.0,0.0,1.0,0.0,0.5741236662858835
5229,bc0cc2d8f71b0e8a8,True,,,,,,,,,,1.0,1.0,1.0,1.0,0.6101438092632995,1.0,1.0,1.0,0.0,0.7531699403947811
5230,d12ce90d3b2b4d63a,True,,,,,,,,,,1.0,0.0,1.0,1.0,0.7459330614583682,1.0,1.0,1.0,0.0,0.0
5231,def3a7e5b9515c6fb,True,,,,,,,,,,1.0,1.0,1.0,1.0,0.461868151504899,1.0,1.0,1.0,0.0,0.706833797345281
5232,6d9888406276bc884,True,,,,,,,,,,1.0,1.0,1.0,1.0,0.6305721136002643,1.0,1.0,1.0,1.0,0.8845537855000826
5233,6ccefb14640c0647d,True,,,,,,,,,,1.0,1.0,1.0,1.0,0.3073888511457241,1.0,0.0,1.0,0.0,0.5335590159830388
5234,cc9f51b0460d19ee5,True,,,,,,,,,,1.0,0.0,0.0,1.0,0.8618141839179472,1.0,0.0,1.0,1.0,0.0
5235,dd724782a844b55a6,True,,,,,,,,,,1.0,1.0,1.0,1.0,1.0,1.0,0.0,1.0,0.0,0.75
5236,3f9281303565d8313,True,,,,,,,,,,1.0,0.0,1.0,1.0,0.9320613910449542,1.0,0.0,1.0,1.0,0.0
5237,486265f291210faed,True,,,,,,,,,,1.0,1.0,1.0,1.0,1.0,1.0,1.0,1.0,1.0,1.0
5238,cac2753c7c7b93847,True,,,,,,,,,,1.0,1.0,1.0,1.0,1.0,1.0,1.0,1.0,1.0,1.0
5239,21ef36d866be6b411,True,,,,,,,,,,1.0,0.0,1.0,1.0,1.0,1.0,0.0,1.0,1.0,0.0
5240,f197eb9bb03399772,True,,,,,,,,,,1.0,1.0,1.0,1.0,0.7843849182416837,1.0,0.0,1.0,1.0,0.8076202869505261
5241,24e6339c5f9336f36,True,,,,,,,,,,1.0,1.0,1.0,1.0,0.6038607958875063,1.0,1.0,1.0,1.0,0.8762064987148457
5242,d8ae22f5da35b2ae9,True,,,,,,,,,,1.0,1.0,0.5,1.0,0.7405689445084572,1.0,0.0,1.0,1.0,0.39696389757944645
5243,07675a8f705892e3b,True,,,,,,,,,,1.0,1.0,1.0,1.0,0.5450657963165491,1.0,1.0,1.0,1.0,0.8578330613489216
5244,ece6eaee0991a44ed,True,,,,,,,,,,1.0,1.0,0.0,1.0,1.0,1.0,0.0,1.0,0.0,0.0
5245,376f87b3b2f49949d,True,,,,,,,,,,1.0,1.0,1.0,1.0,0.4139637779258167,1.0,1.0,1.0,1.0,0.8168636806018177
5246,80800198aa496ffc8,True,,,,,,,,,,1.0,1.0,1.0,1.0,0.6746220099726365,1.0,0.0,0.0,1.0,0.6483193781164489
5247,672d1f18c743523e4,True,,,,,,,,,,1.0,1.0,1.0,1.0,0.26076480220966275,1.0,0.0,1.0,1.0,0.6439890006905196
5248,3504f8f8ec86e462f,True,,,,,,,,,,1.0,1.0,1.0,1.0,0.2882475003097192,1.0,0.0,1.0,1.0,0.6525773438467872
5249,e0d627ef80faeebd6,True,,,,,,,,,,0.0,1.0,1.0,1.0,0.9137901435388879,0.0,1.0,1.0,1.0,0.0
5250,7b0ac799452a88ee3,True,,,,,,,,,,1.0,1.0,0.0,1.0,1.0,1.0,0.0,1.0,1.0,0.0
5251,d069a0081ae35d442,True,,,,,,,,,,1.0,0.0,1.0,1.0,0.286114434007187,1.0,0.0,1.0,0.0,0.0
5252,d06e479e4e59a2a44,True,,,,,,,,,,0.0,0.0,0.5,1.0,1.0,0.0,0.0,1.0,0.0,0.0
5253,975103a3e89ae4e4b,True,,,,,,,,,,1.0,1.0,1.0,1.0,0.36160564295519204,1.0,1.0,1.0,1.0,0.8005017634234975
5254,08c4b293745d6aef6,True,,,,,,,,,,1.0,1.0,1.0,0.0,1.0,1.0,1.0,1.0,0.0,0.0
5255,71311b352b3aa16e3,True,,,,,,,,,,1.0,1.0,1.0,1.0,0.24219581853338923,1.0,1.0,1.0,0.0,0.6381861932916841
5256,f9b79d00824722fc5,True,,,,,,,,,,1.0,1.0,1.0,1.0,0.7103957142638342,1.0,1.0,1.0,0.0,0.7844986607074482
5257,e2272321d7d429d4f,True,,,,,,,,,,1.0,0.0,0.5,1.0,1.0,1.0,0.0,0.0,0.0,0.0
5258,ad3a915c556a5c581,True,,,,,,,,,,1.0,1.0,0.0,0.0,1.0,1.0,0.0,1.0,0.0,0.0
5259,142f665559387e2c2,True,,,,,,,,,,1.0,1.0,1.0,1.0,0.6377990768745306,1.0,1.0,1.0,1.0,0.8868122115232908
5260,a2b6df5b32c01b3d9,True,,,,,,,,,,1.0,1.0,0.0,1.0,1.0,1.0,0.0,1.0,0.0,0.0
5261,73bd1fde4cf4bbd5a,True,,,,,,,,,,0.0,1.0,1.0,1.0,1.0,0.0,0.0,1.0,0.0,0.0
5262,fba5b4aa043d4c14b,True,,,,,,,,,,1.0,0.0,1.0,1.0,1.0,1.0,1.0,1.0,0.0,0.0
5263,7af1b1dbb5689cb43,True,,,,,,,,,,1.0,1.0,1.0,1.0,0.36824987757321465,1.0,1.0,1.0,0.0,0.6775780867416296
5264,a41ba68bdc9f9fb88,True,,,,,,,,,,1.0,1.0,1.0,1.0,0.4884377597575765,1.0,1.0,1.0,1.0,0.8401367999242426
5265,754d33f5c0419048c,True,,,,,,,,,,1.0,1.0,1.0,1.0,0.5526166977925843,1.0,1.0,1.0,0.0,0.7351927180601826
5266,036aaebb3ee3a09af,True,,,,,,,,,,1.0,1.0,1.0,1.0,1.0,1.0,0.0,1.0,1.0,0.875
5267,808e6b707f608e2a9,True,,,,,,,,,,1.0,1.0,0.0,1.0,1.0,0.0,0.0,1.0,0.0,0.0
5268,d409509cfbf993fc3,True,,,,,,,,,,1.0,1.0,1.0,1.0,0.5992959701871634,1.0,1.0,1.0,0.0,0.7497799906834886
5269,ec84cf228d6d79089,True,,,,,,,,,,1.0,1.0,1.0,1.0,0.40215535611636966,1.0,1.0,1.0,0.0,0.6881735487863655
5270,e2d4c33530eaef8bf,True,,,,,,,,,,1.0,0.0,0.5,1.0,0.6068673588273873,1.0,0.0,1.0,1.0,0.0
5271,fe021b72b8b0cf19e,True,,,,,,,,,,1.0,1.0,1.0,1.0,1.0,1.0,1.0,1.0,0.0,0.875
5272,af40e0723b46e7fed,True,,,,,,,,,,1.0,0.0,1.0,1.0,0.5175411940044525,0.0,0.0,1.0,0.0,0.0
5273,5065468cd60f1bc00,True,,,,,,,,,,1.0,1.0,1.0,1.0,0.45510103909552035,1.0,1.0,1.0,1.0,0.8297190747173502
5274,df6bd29b481fbd72d,True,,,,,,,,,,1.0,1.0,1.0,1.0,0.8429286056133083,1.0,1.0,1.0,0.0,0.8259151892541589
5275,a69f76adb6218f06b,True,,,,,,,,,,1.0,1.0,1.0,1.0,0.7168067032209586,1.0,0.0,1.0,1.0,0.7865020947565495
5276,1b0a591d6b3ec8ee1,True,,,,,,,,,,1.0,1.0,1.0,1.0,0.5881211152654825,1.0,1.0,1.0,0.0,0.7462878485204633
5277,90bac953ef7d525b5,True,,,,,,,,,,1.0,1.0,1.0,1.0,0.2471269262616618,1.0,1.0,1.0,0.0,0.6397271644567692
5278,423fdbe39c764f2e2,True,,,,,,,,,,1.0,0.0,1.0,1.0,0.48224316503175857,1.0,1.0,1.0,0.0,0.0
5279,c24ef0bd2ded98fef,True,,,,,,,,,,1.0,1.0,1.0,1.0,0.43545061069432184,1.0,0.0,1.0,1.0,0.6985783158419756
5280,17f3ba89b58f991f4,True,,,,,,,,,,1.0,1.0,1.0,1.0,0.7474859685409388,1.0,0.0,1.0,1.0,0.7960893651690434
5281,e9738336730d6755b,True,,,,,,,,,,1.0,0.0,1.0,1.0,1.0,1.0,1.0,1.0,0.0,0.0
5282,102c820549ded1872,True,,,,,,,,,,1.0,1.0,0.0,1.0,1.0,1.0,0.0,1.0,1.0,0.0
5283,143c4941004472287,True,,,,,,,,,,1.0,0.0,1.0,1.0,1.0,1.0,0.0,1.0,0.0,0.0
5284,8f458d524a4774548,True,,,,,,,,,,1.0,1.0,1.0,1.0,1.0,1.0,0.0,1.0,1.0,0.875
5285,e1d9c45d963c62c2d,True,,,,,,,,,,1.0,0.0,1.0,1.0,0.43685298384844545,1.0,1.0,1.0,1.0,0.0
5286,17c86323e16dd5691,True,,,,,,,,,,1.0,1.0,1.0,1.0,0.9731100210986401,1.0,0.0,1.0,0.0,0.741596881593325
5287,b7161060a1ad34cc6,True,,,,,,,,,,1.0,0.0,0.0,1.0,1.0,1.0,0.0,1.0,0.0,0.0
5288,c3d36eb7fd24a9ca2,True,,,,,,,,,,1.0,0.0,1.0,1.0,0.8107131583749839,0.0,0.0,1.0,1.0,0.0
5289,aacc85e9299b2ee56,True,,,,,,,,,,1.0,0.0,0.5,1.0,1.0,1.0,1.0,1.0,0.0,0.0
5290,de7117fede978534c,True,,,,,,,,,,1.0,1.0,0.5,1.0,1.0,1.0,0.0,1.0,0.0,0.375
5291,efd390e03153a7806,True,,,,,,,,,,1.0,1.0,1.0,1.0,0.7536720663851711,1.0,1.0,1.0,1.0,0.923022520745366
5292,355219fd5c589d7e5,True,,,,,,,,,,0.0,1.0,0.5,1.0,1.0,0.0,0.0,1.0,0.0,0.0
5293,3eff742f795344f8e,True,,,,,,,,,,1.0,0.0,1.0,1.0,0.0,1.0,0.0,1.0,1.0,0.0
5294,9a2c6392ddbd1a611,True,,,,,,,,,,1.0,1.0,1.0,1.0,0.9049572246617472,1.0,1.0,1.0,1.0,0.970299132706796
5295,1fe4ed0aea2c3ed33,True,,,,,,,,,,1.0,0.0,1.0,1.0,1.0,1.0,0.0,1.0,0.0,0.0
5296,9acdea8bbc8a06caa,True,,,,,,,,,,1.0,1.0,1.0,1.0,0.5629666521111971,1.0,1.0,1.0,1.0,0.8634270787847491
5297,9e0cc66836c767421,True,,,,,,,,,,1.0,1.0,1.0,1.0,0.9561710978242965,1.0,1.0,1.0,1.0,0.9863034680700926
5298,a1a5eeda367569815,True,,,,,,,,,,1.0,1.0,1.0,1.0,0.49442177829037,1.0,1.0,1.0,1.0,0.8420068057157406
5299,4f2cdfaccb0f4bfac,True,,,,,,,,,,1.0,1.0,1.0,1.0,0.8302420417004457,1.0,0.0,1.0,0.0,0.6969506380313892
5300,887a22206566761ea,True,,,,,,,,,,1.0,1.0,1.0,1.0,0.7351159258320781,1.0,0.0,1.0,0.0,0.6672237268225244
5301,61bca41b2089dee0b,True,,,,,,,,,,1.0,1.0,1.0,1.0,1.0,1.0,1.0,1.0,1.0,1.0
5302,558678d3b68828f3a,True,,,,,,,,,,1.0,0.0,0.0,1.0,1.0,1.0,0.0,1.0,1.0,0.0
5303,f8b4dade556ee29d7,True,,,,,,,,,,1.0,1.0,1.0,1.0,0.9075836562272686,1.0,0.0,1.0,0.0,0.7211198925710214
5304,fbdc714c905b7409f,True,,,,,,,,,,1.0,1.0,1.0,1.0,0.7748957662450654,1.0,0.0,1.0,1.0,0.8046549269515829
5305,9600f9f6992618229,True,,,,,,,,,,1.0,1.0,1.0,1.0,0.7296792879718297,1.0,1.0,1.0,1.0,0.9155247774911968
5306,43f7fbb8fc3c4d17b,True,,,,,,,,,,1.0,1.0,1.0,1.0,1.0,1.0,1.0,1.0,0.0,0.875
5307,ddae067a0bdc3d1ec,True,,,,,,,,,,1.0,0.0,0.0,1.0,1.0,1.0,0.0,1.0,1.0,0.0
5308,7b6d8fa488a09b8d3,True,,,,,,,,,,1.0,1.0,1.0,1.0,0.778337003421703,1.0,1.0,1.0,0.0,0.8057303135692822
5309,854e5e93c34b9c7cd,True,,,,,,,,,,1.0,1.0,0.5,1.0,0.8355964647022408,1.0,0.0,1.0,1.0,0.4118119476097251
5310,e73143b99e1e6dcd3,True,,,,,,,,,,1.0,1.0,1.0,1.0,0.769301511412062,1.0,0.0,1.0,0.0,0.6779067223162694
5311,ce2057b130f4218b8,True,,,,,,,,,,1.0,1.0,1.0,1.0,1.0,1.0,0.0,1.0,0.0,0.75
5312,dfb3b08e2dddf7b38,True,,,,,,,,,,1.0,1.0,1.0,1.0,0.8422349337327308,1.0,0.0,1.0,1.0,0.8256984167914784
5313,925c86df127c5e5b6,True,,,,,,,,,,1.0,0.0,1.0,1.0,0.6537810072510566,1.0,1.0,1.0,0.0,0.0
5314,7aa2434007747c439,True,,,,,,,,,,1.0,1.0,0.0,1.0,1.0,1.0,0.0,1.0,1.0,0.0
5315,69f1ebdf6731c7c70,True,,,,,,,,,,1.0,1.0,1.0,1.0,1.0,1.0,1.0,1.0,1.0,1.0
5316,18c9cb09dce594905,True,,,,,,,,,,1.0,1.0,0.5,1.0,0.4957187167395124,1.0,0.0,1.0,0.0,0.2962060494905488
5317,a34f2a190f165bd3c,True,,,,,,,,,,1.0,1.0,1.0,1.0,0.6738137798973506,1.0,1.0,1.0,0.0,0.773066806217922
5318,66fb23ec0e555548e,True,,,,,,,,,,1.0,1.0,1.0,1.0,0.24749326380616526,1.0,1.0,1.0,1.0,0.7648416449394266
5319,596506940b29ec5c0,True,,,,,,,,,,1.0,1.0,1.0,1.0,0.8184436320846032,1.0,1.0,1.0,1.0,0.9432636350264385
5320,7ce8dbee04817c7de,True,,,,,,,,,,1.0,1.0,1.0,1.0,0.563402501527648,1.0,0.0,1.0,0.0,0.6135632817273899
5321,8f0ed4cbd9cfb8ff3,True,,,,,,,,,,0.0,1.0,1.0,1.0,1.0,0.0,1.0,1.0,1.0,0.0
5322,cdec99ac469508647,True,,,,,,,,,,0.5,0.0,1.0,1.0,0.6497795366620721,0.0,1.0,1.0,1.0,0.0
5323,3aa9ab0760c9f1c8a,True,,,,,,,,,,1.0,1.0,1.0,1.0,0.4000499786972013,1.0,1.0,1.0,0.0,0.6875156183428754
5324,f6a13add7d93584e0,True,,,,,,,,,,1.0,0.0,1.0,1.0,0.5663115628227842,1.0,0.0,1.0,1.0,0.0
5325,7f444b043c5b21ab4,True,,,,,,,,,,1.0,1.0,1.0,1.0,0.8175189348017343,1.0,1.0,1.0,1.0,0.9429746671255419
5326,190768b2e92e01b36,True,,,,,,,,,,1.0,1.0,1.0,1.0,1.0,1.0,0.0,1.0,0.0,0.75
5327,b494d2dc15c7b315f,True,,,,,,,,,,0.5,1.0,1.0,1.0,1.0,0.0,0.0,1.0,0.0,0.21875
5328,2115b48841ebae650,True,,,,,,,,,,0.0,1.0,1.0,1.0,1.0,0.0,1.0,1.0,1.0,0.0
5329,cbb71f7b0aeef65da,True,,,,,,,,,,1.0,1.0,0.5,1.0,1.0,1.0,0.0,1.0,0.0,0.375
5330,40e276fbb70b36a86,True,,,,,,,,,,1.0,0.0,1.0,1.0,0.3152421069337267,1.0,1.0,1.0,0.0,0.0
5331,3d7cd2f667f2292d5,True,,,,,,,,,,1.0,0.0,1.0,1.0,1.0,1.0,0.0,0.0,0.0,0.0
5332,fbce95baf9103a2ff,True,,,,,,,,,,1.0,1.0,0.0,1.0,1.0,1.0,0.0,1.0,1.0,0.0
5333,155a384f7f1dbf66b,True,,,,,,,,,,1.0,1.0,1.0,1.0,0.3844914844036361,1.0,1.0,1.0,1.0,0.8076535888761363
5334,36c7b91f3363fdeda,True,,,,,,,,,,1.0,0.0,0.0,1.0,1.0,1.0,0.0,1.0,1.0,0.0
5335,4743e61ca1af03cd7,True,,,,,,,,,,1.0,1.0,1.0,1.0,0.7628151435636391,1.0,1.0,1.0,1.0,0.9258797323636372
5336,ceb646b2fba95ebf9,True,,,,,,,,,,1.0,1.0,1.0,1.0,0.5826673682711384,1.0,0.0,1.0,1.0,0.7445835525847307
5337,6b7ec09b2f5066af8,True,,,,,,,,,,1.0,1.0,1.0,1.0,0.7475138151195415,1.0,1.0,1.0,1.0,0.9210980672248568
5338,8a8e36fc6f3133ab1,True,,,,,,,,,,1.0,0.0,1.0,1.0,0.4919176508476675,1.0,0.0,1.0,0.0,0.0
5339,50efe42947fa108c7,True,,,,,,,,,,1.0,1.0,1.0,1.0,0.8289524725962,1.0,1.0,1.0,1.0,0.9465476476863125
5340,bc287d85f89c59202,True,,,,,,,,,,1.0,1.0,0.5,1.0,0.5829297544621278,1.0,0.0,1.0,1.0,0.37233277413470744
5341,9e6370c960ce41937,True,,,,,,,,,,1.0,1.0,1.0,1.0,0.3595712301645383,1.0,0.0,1.0,1.0,0.6748660094264183
5342,701516f2dc4b0ec24,True,,,,,,,,,,1.0,1.0,1.0,1.0,0.39893671912523765,1.0,1.0,1.0,1.0,0.8121677247266368
5343,c9c198442a1efdc10,True,,,,,,,,,,1.0,1.0,0.0,1.0,1.0,1.0,1.0,1.0,0.0,0.0
5344,382721ffdbe71cadc,True,,,,,,,,,,1.0,1.0,1.0,1.0,0.5097970818422981,1.0,0.0,1.0,1.0,0.7218115880757181
5345,da3afbb4ab75483b4,True,,,,,,,,,,1.0,0.0,0.0,1.0,1.0,0.0,0.0,1.0,0.0,0.0
5346,c4e1ff9b786c70034,True,,,,,,,,,,1.0,0.0,1.0,1.0,1.0,1.0,1.0,1.0,0.0,0.0
5347,5eeb6bb55001c1fc4,True,,,,,,,,,,1.0,0.0,1.0,1.0,0.60789023781152,1.0,1.0,1.0,0.0,0.0
5348,fb7b5ae64dda69073,True,,,,,,,,,,1.0,1.0,1.0,1.0,0.6796396494557124,1.0,0.0,1.0,0.0,0.6498873904549101
5349,77fcdd159de9fa48f,True,,,,,,,,,,1.0,1.0,1.0,1.0,0.781498468457392,1.0,1.0,1.0,1.0,0.9317182713929351
5350,9bd2024518849085f,True,,,,,,,,,,1.0,1.0,1.0,1.0,1.0,1.0,0.0,1.0,1.0,0.875
5351,c88ec2d9a664ec957,True,,,,,,,,,,1.0,1.0,1.0,1.0,1.0,0.0,1.0,1.0,1.0,0.6875
5352,7a86797ebcf888d4d,True,,,,,,,,,,1.0,1.0,1.0,1.0,0.3940368531634132,1.0,1.0,1.0,1.0,0.8106365166135666
5353,d85e0580a10c3e544,True,,,,,,,,,,1.0,1.0,1.0,1.0,0.845227627667121,1.0,0.0,1.0,0.0,0.7016336336459753
5354,686f1f87016b7e54b,True,,,,,,,,,,1.0,1.0,1.0,1.0,1.0,1.0,1.0,1.0,1.0,1.0
5355,312967b0fb74d9524,True,,,,,,,,,,1.0,1.0,1.0,1.0,0.6796977826253483,1.0,1.0,1.0,1.0,0.8999055570704213
5356,c0831690e22e4cfbc,True,,,,,,,,,,1.0,1.0,1.0,1.0,1.0,1.0,1.0,1.0,0.0,0.875
5357,4689ca7c12d8569bc,True,,,,,,,,,,1.0,0.0,1.0,1.0,0.7762854849770354,1.0,1.0,1.0,0.0,0.0
5358,11c4a9e4096f68947,True,,,,,,,,,,1.0,0.0,1.0,1.0,0.6448619638873625,1.0,1.0,1.0,0.0,0.0
5359,db5a03e690d9afcdb,True,,,,,,,,,,1.0,1.0,1.0,1.0,0.49947774464427813,1.0,0.0,1.0,1.0,0.718586795201337
5360,61261a713792f46b2,True,,,,,,,,,,1.0,1.0,1.0,1.0,0.5140187473582738,1.0,0.0,1.0,1.0,0.7231308585494606
5361,91e2e5e740db004ce,True,,,,,,,,,,1.0,1.0,1.0,1.0,0.8106972217392464,1.0,0.0,1.0,0.0,0.6908428817935145
5362,941e498bd0dfbd991,True,,,,,,,,,,1.0,1.0,1.0,1.0,0.9613000615223514,1.0,0.0,1.0,0.0,0.7379062692257348
5363,4afd4718ce4caab2c,True,,,,,,,,,,1.0,1.0,1.0,1.0,0.3404245707974827,1.0,1.0,1.0,1.0,0.7938826783742133
5364,e0b4f883827dd8c7f,True,,,,,,,,,,1.0,1.0,1.0,1.0,0.7427751596125318,1.0,1.0,1.0,0.0,0.7946172373789162
5365,ca0adf718f5972567,True,,,,,,,,,,1.0,1.0,1.0,1.0,0.8084952638025389,1.0,1.0,1.0,1.0,0.9401547699382934
5366,c4a089c490ce6eb9e,True,,,,,,,,,,0.0,1.0,1.0,1.0,1.0,0.0,1.0,1.0,1.0,0.0
5367,f13330e16c05c5902,True,,,,,,,,,,1.0,1.0,1.0,1.0,0.45248111469047364,1.0,1.0,1.0,1.0,0.828900348340773
5368,9fad04b9636cbc059,True,,,,,,,,,,1.0,1.0,1.0,1.0,0.6938687232921247,1.0,0.0,1.0,1.0,0.779333976028789
5369,ac0f0df8d058130c5,True,,,,,,,,,,1.0,1.0,1.0,1.0,1.0,1.0,1.0,1.0,1.0,1.0
5370,06be59490e2e14bcd,True,,,,,,,,,,0.0,1.0,0.0,1.0,1.0,0.0,0.0,1.0,0.0,0.0
5371,38c6024c468e96db8,True,,,,,,,,,,1.0,1.0,1.0,1.0,0.46084342180536464,1.0,0.0,1.0,1.0,0.7065135693141764
5372,2028fc3dfa9816bf8,True,,,,,,,,,,1.0,0.0,1.0,1.0,1.0,1.0,1.0,1.0,1.0,0.0
5373,8d7f7a041d0f59275,True,,,,,,,,,,1.0,1.0,1.0,1.0,0.40817107984372475,1.0,0.0,1.0,1.0,0.690053462451164
5374,ed8e5c526e1f42a73,True,,,,,,,,,,1.0,1.0,1.0,1.0,1.0,1.0,1.0,1.0,1.0,1.0
5375,3f68c9f1e2821def0,True,,,,,,,,,,1.0,1.0,1.0,1.0,0.9053726362679693,1.0,1.0,1.0,0.0,0.8454289488337404
5376,1e4fec4c7ed8b79e5,True,,,,,,,,,,1.0,1.0,1.0,1.0,0.38517209679187053,1.0,1.0,1.0,1.0,0.8078662802474595
5377,4239966d2e8490d01,True,,,,,,,,,,1.0,1.0,1.0,1.0,0.6832574398182594,1.0,0.0,1.0,1.0,0.776017949943206
5378,dd5013a89e336b685,True,,,,,,,,,,1.0,0.0,0.5,1.0,1.0,1.0,0.0,1.0,0.0,0.0
5379,3d1800c34a5e46a21,True,,,,,,,,,,0.0,1.0,1.0,1.0,1.0,0.0,1.0,1.0,1.0,0.0
5380,fec17ad0f4921b486,True,,,,,,,,,,1.0,1.0,1.0,1.0,0.49614129144548363,1.0,1.0,1.0,1.0,0.8425441535767136
5381,1e345865d056e4812,True,,,,,,,,,,1.0,1.0,1.0,1.0,0.8796484015470303,1.0,0.0,1.0,1.0,0.8373901254834469
5382,6d7bece364fac8d01,True,,,,,,,,,,1.0,0.0,1.0,1.0,1.0,1.0,0.0,1.0,1.0,0.0
5383,644712e1f5b51074a,True,,,,,,,,,,1.0,0.0,0.5,1.0,0.8169102435797,1.0,0.0,1.0,1.0,0.0
5384,7964eadbdbfc7f2a6,True,,,,,,,,,,1.0,1.0,1.0,1.0,0.2057996951589507,1.0,0.0,1.0,0.0,0.5018124047371721
5385,ce0d18bc2635a901b,True,,,,,,,,,,1.0,1.0,1.0,1.0,0.9718203163312129,1.0,0.0,1.0,1.0,0.866193848853504
5386,9330871bc582e7f96,True,,,,,,,,,,1.0,1.0,1.0,1.0,0.809196217761513,1.0,0.0,1.0,1.0,0.8153738180504728
5387,69983915889fb6856,True,,,,,,,,,,1.0,1.0,1.0,1.0,0.4841314722207181,1.0,0.0,1.0,1.0,0.7137910850689744
5388,96a372a94c983cb06,True,,,,,,,,,,1.0,0.0,1.0,1.0,0.6725062791108842,1.0,1.0,1.0,1.0,0.0
5389,8d07721cee604c720,True,,,,,,,,,,1.0,0.0,1.0,1.0,0.5001479535895483,1.0,0.0,1.0,0.0,0.0
5390,1285808d1703253f0,True,,,,,,,,,,1.0,0.0,1.0,1.0,1.0,1.0,1.0,1.0,1.0,0.0
5391,c99ebd2dc27c56b12,True,,,,,,,,,,1.0,0.0,0.5,1.0,1.0,1.0,0.0,1.0,1.0,0.0
5392,0fd638d4d67935416,True,,,,,,,,,,0.0,1.0,1.0,0.0,1.0,0.0,1.0,1.0,0.0,0.0
5393,2e6e31a67e672d4a5,True,,,,,,,,,,1.0,1.0,1.0,1.0,0.3899786313905233,1.0,0.0,1.0,0.0,0.5593683223095385
5394,f3852b4bdec74eddc,True,,,,,,,,,,0.5,0.0,1.0,1.0,1.0,0.0,1.0,1.0,0.0,0.0
5395,fff9b31e14a7c9885,True,,,,,,,,,,1.0,1.0,1.0,1.0,0.6625263720514997,1.0,0.0,1.0,0.0,0.6445394912660937
5396,299f646dfb858774d,True,,,,,,,,,,1.0,1.0,1.0,1.0,1.0,1.0,1.0,1.0,0.0,0.875
5397,72637a23d58025fde,True,,,,,,,,,,0.0,1.0,1.0,1.0,0.46434942212807595,0.0,0.0,1.0,0.0,0.0
5398,8be69e03781f4c138,True,,,,,,,,,,1.0,1.0,1.0,1.0,0.8719087034171403,1.0,1.0,1.0,1.0,0.9599714698178563
5399,3db39c7599f58de4d,True,,,,,,,,,,1.0,1.0,1.0,1.0,0.15985566216293934,1.0,0.0,1.0,0.0,0.48745489442591855
5400,f35c027e64ad46b30,True,,,,,,,,,,1.0,0.0,1.0,1.0,0.7523866886311995,1.0,1.0,1.0,1.0,0.0
5401,52d06afe759842b4a,True,,,,,,,,,,1.0,0.0,0.5,1.0,1.0,1.0,0.0,1.0,0.0,0.0
5402,0fc3bc1b7fce2461a,True,,,,,,,,,,1.0,1.0,1.0,1.0,0.7922302846737809,1.0,0.0,1.0,1.0,0.8100719639605565
5403,329089047f59e67fb,True,,,,,,,,,,1.0,1.0,1.0,1.0,1.0,1.0,0.0,1.0,0.0,0.75
5404,d1b44adf0f1195ea7,True,,,,,,,,,,1.0,1.0,1.0,1.0,0.7293583096669956,1.0,1.0,1.0,0.0,0.7904244717709361
5405,0c9e5d46eff0fcf41,True,,,,,,,,,,1.0,1.0,1.0,1.0,0.6406476440029415,1.0,1.0,1.0,1.0,0.8877023887509192
5406,bdc5b1c53a1749c9d,True,,,,,,,,,,1.0,0.0,0.0,1.0,1.0,1.0,0.0,1.0,0.0,0.0
5407,cbef70f53373bf6bb,True,,,,,,,,,,1.0,1.0,1.0,1.0,0.9114269858296805,1.0,0.0,1.0,0.0,0.7223209330717751
5408,a94bc6fc5f5d03f39,True,,,,,,,,,,1.0,1.0,0.0,1.0,1.0,1.0,0.0,1.0,1.0,0.0
5409,7eaedaf0e0d844712,True,,,,,,,,,,1.0,1.0,1.0,1.0,0.6946577895205681,1.0,1.0,1.0,1.0,0.9045805592251775
5410,35cc09d55a37ee702,True,,,,,,,,,,1.0,1.0,1.0,1.0,0.3474694097746441,1.0,1.0,1.0,1.0,0.7960841905545762
5411,8befb288003901497,True,,,,,,,,,,1.0,0.0,1.0,1.0,1.0,1.0,1.0,1.0,1.0,0.0
5412,d6f75a03673049ff0,True,,,,,,,,,,1.0,0.0,0.0,1.0,0.8667020538961444,1.0,0.0,1.0,0.0,0.0
5413,9abae68cd6e25c030,True,,,,,,,,,,1.0,1.0,1.0,1.0,0.5726321590636742,1.0,1.0,1.0,0.0,0.7414475497073982
5414,47fc4c6fd21e44379,True,,,,,,,,,,1.0,1.0,1.0,1.0,0.3956228251843126,1.0,1.0,1.0,0.0,0.6861321328700977
5415,970116f72225f9d8b,True,,,,,,,,,,1.0,1.0,0.0,1.0,0.8147599687631161,1.0,0.0,1.0,1.0,0.0
5416,bd52a44e8dce6c6d8,True,,,,,,,,,,1.0,1.0,1.0,1.0,1.0,1.0,0.0,1.0,1.0,0.875
5417,1f4df83dd9414d0c4,True,,,,,,,,,,1.0,1.0,0.0,1.0,0.7414168650608021,1.0,0.0,1.0,1.0,0.0
5418,c13c2ca0a9374dc3c,True,,,,,,,,,,1.0,1.0,1.0,1.0,0.6717744004856109,1.0,0.0,1.0,0.0,0.6474295001517534
5419,0e3016e58756dedce,True,,,,,,,,,,1.0,0.0,0.0,1.0,1.0,1.0,0.0,1.0,0.0,0.0
5420,d7ae6e55bf567365e,True,,,,,,,,,,1.0,1.0,0.0,1.0,1.0,1.0,0.0,1.0,1.0,0.0
5421,f4f52070af5d450d0,True,,,,,,,,,,1.0,0.0,0.5,1.0,1.0,1.0,1.0,0.0,0.0,0.0
5422,5f80678c8465899ca,True,,,,,,,,,,1.0,1.0,1.0,1.0,0.5494100378643961,1.0,0.0,1.0,1.0,0.7341906368326238
5423,368fa1aeac7542731,True,,,,,,,,,,0.5,0.0,1.0,1.0,1.0,0.0,0.0,1.0,1.0,0.0
5424,c7d0ddf8a1a463297,True,,,,,,,,,,1.0,1.0,1.0,1.0,0.7357125847624661,1.0,0.0,1.0,1.0,0.7924101827382707
5425,3110b909a8ee018b8,True,,,,,,,,,,1.0,1.0,1.0,1.0,1.0,1.0,0.0,1.0,0.0,0.75
5426,43f884d69baea51f6,True,,,,,,,,,,1.0,0.0,1.0,1.0,1.0,1.0,1.0,1.0,1.0,0.0
5427,1e733017715140218,True,,,,,,,,,,1.0,1.0,1.0,1.0,0.4182195055403467,1.0,1.0,1.0,0.0,0.6931935954813584
5428,8480de05eed695abf,True,,,,,,,,,,1.0,1.0,1.0,1.0,0.7951101464045365,1.0,0.0,1.0,1.0,0.8109719207514177
5429,832b4c7a0e847fb0c,True,,,,,,,,,,1.0,1.0,1.0,1.0,0.5456730089059036,1.0,1.0,1.0,1.0,0.8580228152830949
5430,098638022c2e17fd7,True,,,,,,,,,,1.0,1.0,1.0,1.0,0.13618110841384048,1.0,0.0,1.0,1.0,0.6050565963793251
5431,717d5edb3fb1f4726,True,,,,,,,,,,1.0,1.0,1.0,1.0,0.5384243638958737,1.0,0.0,1.0,0.0,0.6057576137174605
5432,2df4afab4d0b02842,True,,,,,,,,,,1.0,1.0,1.0,1.0,0.29988340113861234,1.0,0.0,1.0,0.0,0.5312135628558163
5433,92a6f3f0e526faa65,True,,,,,,,,,,1.0,1.0,1.0,1.0,0.9581418121207858,1.0,1.0,1.0,0.0,0.8619193162877455
5434,2496fb23d66af6353,True,,,,,,,,,,1.0,1.0,1.0,1.0,0.4584740501441341,1.0,0.0,1.0,1.0,0.7057731406700419
5435,dd2ee657886ef2e66,True,,,,,,,,,,1.0,1.0,1.0,1.0,0.6990273784534317,1.0,0.0,1.0,1.0,0.7809460557666974
5436,367254bcce7ceee1d,True,,,,,,,,,,1.0,1.0,1.0,1.0,0.5528951431679605,1.0,0.0,1.0,1.0,0.7352797322399877
5437,0ea9174f9cfe31c0d,True,,,,,,,,,,1.0,1.0,1.0,1.0,0.610517536644998,1.0,1.0,1.0,1.0,0.8782867302015619
5438,7b53923d6ec4115f3,True,,,,,,,,,,1.0,0.0,0.0,1.0,1.0,1.0,0.0,1.0,1.0,0.0
5439,b06305fffe2e19174,True,,,,,,,,,,1.0,1.0,0.5,1.0,0.8843376261183744,1.0,0.0,1.0,1.0,0.419427754080996
5440,987228c8136243451,True,,,,,,,,,,0.0,1.0,0.5,1.0,1.0,0.0,0.0,1.0,1.0,0.0
5441,cd5f94c276881c890,True,,,,,,,,,,1.0,1.0,1.0,1.0,0.43799952924906765,1.0,1.0,1.0,1.0,0.8243748528903336
5442,87940f7f64854009d,True,,,,,,,,,,0.5,1.0,1.0,1.0,1.0,0.0,1.0,1.0,1.0,0.34375
5443,7ee964bcd33d7480e,True,,,,,,,,,,1.0,1.0,1.0,1.0,0.7842794792018847,1.0,0.0,1.0,1.0,0.807587337250589
5444,d338d0b0f53782114,True,,,,,,,,,,1.0,1.0,1.0,1.0,0.995989001895017,1.0,0.0,1.0,0.0,0.7487465630921928
5445,73277da7106839e94,True,,,,,,,,,,1.0,1.0,1.0,1.0,1.0,0.0,0.0,1.0,1.0,0.5625
5446,d9a1e3491e140bd54,True,,,,,,,,,,1.0,1.0,1.0,1.0,0.7995158017635599,1.0,0.0,1.0,0.0,0.6873486880511125
5447,37630795fa7fa1e51,True,,,,,,,,,,1.0,1.0,1.0,1.0,0.5878510207555911,1.0,1.0,1.0,0.0,0.7462034439861223
5448,ec7a65597cb09372c,True,,,,,,,,,,1.0,1.0,0.0,1.0,0.8205521731197671,1.0,0.0,1.0,1.0,0.0
5449,a95316ef51f44b853,True,,,,,,,,,,1.0,1.0,1.0,1.0,0.6466789521238014,1.0,0.0,1.0,1.0,0.7645871725386879
5450,9c1c1fb7b2f09b8b6,True,,,,,,,,,,1.0,1.0,1.0,1.0,1.0,1.0,0.0,1.0,1.0,0.875
5451,39bdf934b35cb930d,True,,,,,,,,,,1.0,1.0,1.0,1.0,0.9036642247963367,1.0,1.0,1.0,1.0,0.9698950702488552
5452,f95cca8cfa91db038,True,,,,,,,,,,0.0,1.0,1.0,1.0,1.0,0.0,1.0,1.0,0.0,0.0
5453,e7e93c5b22cdc4824,True,,,,,,,,,,1.0,0.0,0.5,1.0,0.4597919090915333,1.0,1.0,1.0,0.0,0.0
5454,f03413df184aedd86,True,,,,,,,,,,1.0,1.0,1.0,1.0,0.4091880943223837,1.0,1.0,1.0,1.0,0.8153712794757448
5455,d31a201a98822b2ce,True,,,,,,,,,,1.0,1.0,1.0,1.0,0.5767976415216272,1.0,1.0,1.0,1.0,0.8677492629755085
5456,90263fed2b7db0365,True,,,,,,,,,,1.0,1.0,1.0,1.0,0.2578502468097121,1.0,1.0,1.0,1.0,0.768078202128035
5457,a31ca4af2bc4ff90a,True,,,,,,,,,,0.0,1.0,1.0,1.0,0.9839985410518541,0.0,0.0,1.0,0.0,0.0
5458,7f153f8005d6de1fa,True,,,,,,,,,,1.0,0.0,0.0,1.0,1.0,1.0,0.0,1.0,0.0,0.0
5459,45eccc47d6cb959e7,True,,,,,,,,,,1.0,1.0,1.0,1.0,0.584734282122665,1.0,1.0,1.0,1.0,0.8702294631633328
5460,bdd6ec1614649724b,True,,,,,,,,,,1.0,0.0,1.0,1.0,1.0,1.0,0.0,1.0,0.0,0.0
5461,3d20ef43bc694566a,True,,,,,,,,,,1.0,1.0,1.0,1.0,1.0,1.0,0.0,1.0,1.0,0.875
5462,b66b0513b3b0cf5c4,True,,,,,,,,,,1.0,1.0,1.0,1.0,1.0,1.0,0.0,1.0,1.0,0.875
5463,6a18b0260de73481a,True,,,,,,,,,,1.0,0.0,1.0,1.0,1.0,1.0,0.0,1.0,0.0,0.0
5464,a9c58159eca823219,True,,,,,,,,,,0.0,1.0,1.0,1.0,1.0,0.0,1.0,1.0,1.0,0.0
5465,6e6061d855992b2c3,True,,,,,,,,,,1.0,1.0,1.0,1.0,0.4655066672792724,1.0,1.0,1.0,0.0,0.7079708335247726
5466,43f9b9de05ede6a4d,True,,,,,,,,,,1.0,1.0,1.0,1.0,0.717839362482861,1.0,0.0,1.0,0.0,0.661824800775894
5467,d9437c8464c89be5d,True,,,,,,,,,,1.0,1.0,1.0,1.0,1.0,1.0,1.0,1.0,1.0,1.0
5468,45429b4b5e82551ac,True,,,,,,,,,,0.0,1.0,1.0,1.0,1.0,0.0,0.0,1.0,0.0,0.0
5469,1effe02b2af9680a9,True,,,,,,,,,,1.0,1.0,1.0,1.0,0.45268908957155946,1.0,0.0,1.0,1.0,0.7039653404911124
5470,9c33aa775bae4e3a1,True,,,,,,,,,,1.0,1.0,1.0,1.0,0.6753533041602873,1.0,1.0,1.0,0.0,0.7735479075500897
5471,ef43f59a6f819d9a6,True,,,,,,,,,,1.0,1.0,1.0,1.0,0.31677185525570783,1.0,1.0,1.0,0.0,0.6614912047674086
5472,cd19384b9fe667753,True,,,,,,,,,,1.0,0.0,1.0,1.0,0.7216974148761204,1.0,1.0,1.0,0.0,0.0
5473,3271d4013cb715ce0,True,,,,,,,,,,1.0,1.0,1.0,1.0,0.42046763709125234,1.0,0.0,1.0,0.0,0.5688961365910163
5474,a389c63fbad3287f2,True,,,,,,,,,,1.0,1.0,1.0,1.0,1.0,1.0,1.0,1.0,1.0,1.0
5475,25749b785814d5941,True,,,,,,,,,,1.0,1.0,1.0,1.0,0.46980622692295854,1.0,1.0,1.0,0.0,0.7093144459134245
5476,c48fe378c45229ffa,True,,,,,,,,,,0.0,0.0,1.0,1.0,1.0,0.0,1.0,0.0,0.0,0.0
5477,3c5f94f941b068a40,True,,,,,,,,,,0.0,0.0,1.0,1.0,1.0,0.0,1.0,1.0,0.0,0.0
5478,5875003845a7403ab,True,,,,,,,,,,1.0,1.0,1.0,1.0,1.0,1.0,1.0,1.0,1.0,1.0
5479,a567fa13fe7716b55,True,,,,,,,,,,1.0,1.0,1.0,1.0,1.0,0.0,0.0,1.0,1.0,0.5625
5480,a436762e9938c1e5b,True,,,,,,,,,,1.0,1.0,1.0,1.0,1.0,1.0,1.0,1.0,0.0,0.875
5481,3ee4790171e6a99ef,True,,,,,,,,,,1.0,1.0,1.0,1.0,0.6827039639648163,1.0,1.0,1.0,1.0,0.9008449887390051
5482,ece34bc681d6d755f,True,,,,,,,,,,1.0,1.0,1.0,1.0,0.5603288832535294,1.0,1.0,1.0,1.0,0.8626027760167279
5483,a481ac0055adbf0c2,True,,,,,,,,,,1.0,0.0,1.0,1.0,1.0,1.0,0.0,1.0,0.0,0.0
5484,56e93c94aeafcbe6b,True,,,,,,,,,,1.0,1.0,1.0,1.0,0.9899961775773363,1.0,0.0,1.0,1.0,0.8718738054929176
5485,1161a45a0921d7c8e,True,,,,,,,,,,1.0,1.0,0.5,1.0,0.4357654285642908,1.0,0.0,1.0,0.0,0.28683834821317045
5486,626e000a64788c202,True,,,,,,,,,,1.0,1.0,1.0,1.0,0.7752004649016546,1.0,0.0,1.0,0.0,0.6797501452817671
5487,1048c5ca4a09af32d,True,,,,,,,,,,1.0,1.0,1.0,1.0,0.762353624744199,1.0,0.0,1.0,1.0,0.8007355077325622
5488,c912edcab444df468,True,,,,,,,,,,1.0,1.0,1.0,1.0,0.74900313811421,1.0,1.0,1.0,0.0,0.7965634806606906
5489,4f4a53796fa5bb136,True,,,,,,,,,,1.0,1.0,1.0,1.0,0.36437016603368755,1.0,0.0,1.0,1.0,0.6763656768855273
5490,dccd172b97cc9b305,True,,,,,,,,,,1.0,1.0,1.0,1.0,0.2902872140102411,1.0,1.0,1.0,1.0,0.7782147543782003
5491,e35c9a585407c6e2a,True,,,,,,,,,,1.0,1.0,1.0,1.0,0.7481547934397594,1.0,1.0,1.0,0.0,0.7962983729499249
5492,a7eababd56f26dc5e,True,,,,,,,,,,1.0,1.0,1.0,1.0,0.8436572868143234,1.0,1.0,1.0,0.0,0.826142902129476
5493,29cd08f6390e4f790,True,,,,,,,,,,1.0,1.0,1.0,1.0,0.5350019996020532,1.0,1.0,1.0,0.0,0.7296881248756416
5494,75a91bdf0ba2aeea9,True,,,,,,,,,,1.0,0.0,1.0,1.0,0.654903002620223,1.0,1.0,1.0,0.0,0.0
5495,f6f0c7a27b1c90f37,True,,,,,,,,,,1.0,1.0,1.0,1.0,0.76139570431281,1.0,1.0,1.0,1.0,0.9254361575977531
5496,812c204d59813e5fb,True,,,,,,,,,,1.0,1.0,1.0,1.0,0.6366232165497769,1.0,1.0,1.0,0.0,0.7614447551718053
5497,a33c0d08df145dd4a,True,,,,,,,,,,0.0,1.0,1.0,1.0,1.0,0.0,1.0,1.0,1.0,0.0
5498,2cc336777225529c2,True,,,,,,,,,,1.0,1.0,1.0,1.0,1.0,1.0,1.0,1.0,1.0,1.0
5499,3365055ca32faadaa,True,,,,,,,,,,1.0,1.0,1.0,1.0,0.2661855181930626,1.0,1.0,1.0,1.0,0.7706829744353321
5500,9632710f733828256,True,,,,,,,,,,1.0,1.0,1.0,1.0,0.8019019306920749,1.0,0.0,1.0,1.0,0.8130943533412734
5501,71755f3b7a0b20f35,True,,,,,,,,,,0.0,0.0,1.0,1.0,1.0,0.0,1.0,1.0,0.0,0.0
5502,94a40142f4cb7e391,True,,,,,,,,,,1.0,0.0,1.0,1.0,0.8450393427651092,1.0,0.0,1.0,1.0,0.0
5503,1045550ffaa740987,True,,,,,,,,,,0.0,1.0,1.0,1.0,0.9394069696772377,0.0,1.0,1.0,0.0,0.0
5504,20f30bb4990d9b84e,True,,,,,,,,,,1.0,0.0,1.0,1.0,1.0,1.0,0.0,1.0,1.0,0.0
5505,0cd9ea86052a0b8e1,True,,,,,,,,,,1.0,1.0,1.0,1.0,0.5138714977787545,1.0,1.0,1.0,1.0,0.8480848430558607
5506,d2db523662daf6690,True,,,,,,,,,,0.0,1.0,0.5,1.0,1.0,0.0,1.0,1.0,0.0,0.0
5507,18dbdfb5b9fe301f4,True,,,,,,,,,,1.0,1.0,1.0,1.0,1.0,1.0,1.0,1.0,0.0,0.875
5508,87b0f0681dc28e308,True,,,,,,,,,,0.5,1.0,1.0,1.0,1.0,0.0,1.0,1.0,1.0,0.34375
5509,af4ad524dc8b94ef1,True,,,,,,,,,,0.0,1.0,0.0,1.0,1.0,0.0,0.0,1.0,1.0,0.0
5510,3a64c41fecb2ab1ca,True,,,,,,,,,,1.0,1.0,1.0,1.0,0.18222801143013487,1.0,1.0,1.0,0.0,0.6194462535719172
5511,81e6ca0e63a415859,True,,,,,,,,,,1.0,1.0,1.0,1.0,1.0,1.0,0.0,1.0,0.0,0.75
5512,523bfa9ffbc43f698,True,,,,,,,,,,1.0,1.0,1.0,1.0,0.5078311187961699,1.0,1.0,1.0,1.0,0.8461972246238031
5513,8966a0b08b0be94e9,True,,,,,,,,,,1.0,1.0,0.0,1.0,1.0,1.0,0.0,1.0,1.0,0.0
5514,3606310eace955ba8,True,,,,,,,,,,0.0,1.0,0.5,1.0,1.0,0.0,0.0,1.0,0.0,0.0
5515,8586a8b63a4fed64c,True,,,,,,,,,,1.0,1.0,0.0,1.0,1.0,1.0,0.0,1.0,0.0,0.0
5516,99dd1518526c46b6e,True,,,,,,,,,,1.0,1.0,0.0,1.0,1.0,1.0,0.0,1.0,0.0,0.0
5517,b6ce710fb40df843d,True,,,,,,,,,,1.0,0.0,1.0,1.0,1.0,1.0,1.0,0.0,1.0,0.0
5518,e02f0131e55e31509,True,,,,,,,,,,0.0,1.0,1.0,1.0,1.0,0.0,1.0,1.0,0.0,0.0
5519,db7100201c9cbe2f6,True,,,,,,,,,,1.0,1.0,1.0,1.0,0.33405670360026596,1.0,1.0,1.0,1.0,0.7918927198750831
5520,20f4af07bc30fb4fd,True,,,,,,,,,,1.0,1.0,1.0,1.0,0.7792350349416314,1.0,1.0,1.0,1.0,0.9310109484192598
5521,803b2f23625961a5b,True,,,,,,,,,,1.0,0.0,1.0,1.0,0.875716724042045,1.0,1.0,1.0,1.0,0.0
5522,7441ab5cb1d596d66,True,,,,,,,,,,1.0,1.0,1.0,1.0,0.45735990015619804,1.0,1.0,1.0,0.0,0.7054249687988119
5523,86ec67f271b64b199,True,,,,,,,,,,1.0,1.0,0.0,1.0,0.7586109200053491,1.0,0.0,1.0,0.0,0.0
5524,7acbde1d7760e6ca2,True,,,,,,,,,,1.0,1.0,1.0,1.0,1.0,1.0,0.0,1.0,0.0,0.75
5525,64680c5b6bd6a89e4,True,,,,,,,,,,1.0,0.0,0.5,1.0,0.4821437406078722,1.0,0.0,1.0,1.0,0.0
5526,6ad6905cedee6197b,True,,,,,,,,,,1.0,1.0,1.0,1.0,0.3663941350433746,1.0,0.0,1.0,1.0,0.6769981672010545
5527,27b7e5ec4bfe00f85,True,,,,,,,,,,1.0,0.0,1.0,1.0,1.0,1.0,1.0,1.0,1.0,0.0
5528,8b4f3b5980bf21a3b,True,,,,,,,,,,1.0,1.0,1.0,1.0,0.7785264656453008,1.0,1.0,1.0,1.0,0.9307895205141565
5529,e513c494982a0c41e,True,,,,,,,,,,1.0,0.0,1.0,1.0,1.0,1.0,0.0,1.0,1.0,0.0
5530,c3ded6e25641b2068,True,,,,,,,,,,1.0,1.0,1.0,1.0,1.0,1.0,1.0,1.0,0.0,0.875
5531,31e06cefab6d7169f,True,,,,,,,,,,1.0,1.0,1.0,1.0,0.7917285702011209,1.0,0.0,1.0,0.0,0.6849151781878503
5532,8aabedd8189160e6a,True,,,,,,,,,,1.0,1.0,1.0,1.0,0.288301842075443,1.0,0.0,1.0,1.0,0.652594325648576
5533,bc9c320fb031a11ff,True,,,,,,,,,,1.0,1.0,1.0,1.0,0.8899889527403475,1.0,0.0,1.0,0.0,0.7156215477313586
5534,720fbcef3959511d0,True,,,,,,,,,,0.0,1.0,1.0,1.0,1.0,0.0,1.0,1.0,1.0,0.0
5535,d5e47bbb90de1d48f,True,,,,,,,,,,1.0,1.0,1.0,1.0,1.0,1.0,0.0,1.0,0.0,0.75
5536,94c40772ee3c5ee01,True,,,,,,,,,,1.0,1.0,1.0,1.0,0.6766564951963845,1.0,1.0,1.0,0.0,0.7739551547488701
5537,4ff5465a026db2df0,True,,,,,,,,,,1.0,1.0,0.0,1.0,0.77714870304557,1.0,0.0,1.0,1.0,0.0
5538,c548f7528dc6ad5c8,True,,,,,,,,,,1.0,1.0,1.0,1.0,0.8698602087723355,1.0,0.0,1.0,1.0,0.8343313152413548
5539,64048e12035273b06,True,,,,,,,,,,1.0,1.0,1.0,1.0,0.26523105104884004,1.0,1.0,1.0,1.0,0.7703847034527624
5540,e5e0959cfd16213ca,True,,,,,,,,,,0.0,0.0,1.0,1.0,1.0,0.0,0.0,1.0,0.0,0.0
5541,0b09e2367441527e4,True,,,,,,,,,,1.0,1.0,1.0,1.0,1.0,1.0,1.0,1.0,1.0,1.0
5542,2931dbf8882478baa,True,,,,,,,,,,1.0,0.0,1.0,1.0,1.0,1.0,0.0,1.0,1.0,0.0
5543,2a16480d68428e775,True,,,,,,,,,,1.0,1.0,1.0,1.0,0.3435550584845368,1.0,1.0,1.0,1.0,0.7948609557764177
5544,e06d3e2d64736c62d,True,,,,,,,,,,1.0,1.0,1.0,1.0,0.45209110867258373,1.0,0.0,1.0,0.0,0.5787784714601825
5545,85e4825cd9ff0b2e5,True,,,,,,,,,,0.0,1.0,1.0,1.0,1.0,0.0,0.0,1.0,1.0,0.0
5546,1e90f84f7e7bca603,True,,,,,,,,,,1.0,0.0,1.0,1.0,1.0,1.0,1.0,1.0,0.0,0.0
5547,c1ff77f605c58678a,True,,,,,,,,,,0.0,1.0,1.0,1.0,1.0,0.0,0.0,1.0,0.0,0.0
5548,b2a59535b3edfbc37,True,,,,,,,,,,1.0,1.0,1.0,1.0,0.8828626644393046,1.0,1.0,1.0,1.0,0.9633945826372827
5549,80de7b5aab26bbca8,True,,,,,,,,,,0.0,0.0,1.0,1.0,1.0,0.0,0.0,1.0,0.0,0.0
5550,c40c7b11924becb1b,True,,,,,,,,,,0.0,1.0,1.0,1.0,1.0,0.0,1.0,1.0,1.0,0.0
5551,5fbdf316a30e33058,True,,,,,,,,,,1.0,1.0,1.0,1.0,0.6726627707051339,1.0,0.0,1.0,1.0,0.7727071158453543
5552,bc012430feac631cb,True,,,,,,,,,,1.0,1.0,1.0,1.0,0.7091335445853959,1.0,1.0,1.0,1.0,0.9091042326829362
5553,03aa909d3767ff00e,True,,,,,,,,,,1.0,1.0,1.0,1.0,0.7247322632464213,1.0,1.0,1.0,1.0,0.9139788322645066
5554,bd60a921930373e9e,True,,,,,,,,,,1.0,1.0,1.0,1.0,0.9311921420835977,0.0,1.0,1.0,1.0,0.6659975444011244
5555,ac83e59ec47471195,True,,,,,,,,,,1.0,1.0,1.0,1.0,0.39609241810145573,1.0,1.0,1.0,1.0,0.811278880656705
5556,4d6386d3f9143b9e0,True,,,,,,,,,,1.0,1.0,1.0,1.0,1.0,1.0,0.0,1.0,1.0,0.875
5557,277e3887919b46cb1,True,,,,,,,,,,1.0,1.0,1.0,1.0,0.8498397236874561,1.0,1.0,1.0,1.0,0.95307491365233
5558,dbf2ff6fc16bf1dbf,True,,,,,,,,,,1.0,1.0,1.0,1.0,0.6784335050454569,1.0,0.0,1.0,1.0,0.7745104703267053
5559,e6aaf829acef158f6,True,,,,,,,,,,1.0,1.0,1.0,1.0,0.334888214497332,1.0,1.0,1.0,1.0,0.7921525670304163
5560,47269d59365ccc36c,True,,,,,,,,,,1.0,1.0,1.0,1.0,0.8821304061360192,1.0,1.0,1.0,1.0,0.9631657519175061
5561,e4fca12e85b84a61b,True,,,,,,,,,,0.0,1.0,1.0,1.0,1.0,0.0,1.0,1.0,0.0,0.0
5562,98dc40005346d2d4e,True,,,,,,,,,,1.0,1.0,1.0,1.0,0.47093484429530763,1.0,0.0,1.0,0.0,0.5846671388422836
5563,81a0fd8a5f248a253,True,,,,,,,,,,0.0,1.0,1.0,1.0,1.0,0.0,1.0,1.0,1.0,0.0
5564,628be721855b43213,True,,,,,,,,,,1.0,1.0,1.0,1.0,0.9106442648221017,1.0,0.0,1.0,0.0,0.7220763327569069
5565,7d7a22329b9cef777,True,,,,,,,,,,1.0,1.0,1.0,1.0,0.843124359686184,1.0,1.0,1.0,1.0,0.9509763624019325
5566,8b017e76640de2142,True,,,,,,,,,,1.0,1.0,1.0,1.0,1.0,1.0,1.0,1.0,0.0,0.875
5567,0e79638f76319d5dd,True,,,,,,,,,,1.0,1.0,1.0,1.0,0.6405220283177305,1.0,1.0,1.0,0.0,0.7626631338492909
5568,6fea2b47f85b2b5c3,True,,,,,,,,,,1.0,1.0,1.0,1.0,0.8085714715971689,1.0,1.0,1.0,0.0,0.8151785848741153
5569,2886484dc5237f884,True,,,,,,,,,,1.0,1.0,1.0,1.0,0.6935888758387698,1.0,1.0,1.0,1.0,0.9042465236996156
5570,a99d30f928a653d12,True,,,,,,,,,,1.0,1.0,1.0,1.0,0.9471094216267317,1.0,0.0,1.0,1.0,0.8584716942583537
5571,c55fd3e0272579bda,True,,,,,,,,,,1.0,1.0,1.0,1.0,0.559346773988497,1.0,1.0,1.0,0.0,0.7372958668714054
5572,ffdfaf1a850a4f6c0,True,,,,,,,,,,0.0,1.0,1.0,1.0,1.0,0.0,1.0,1.0,0.0,0.0
5573,1f85e503d38a543ba,True,,,,,,,,,,1.0,1.0,0.0,1.0,0.7578043046895531,1.0,0.0,1.0,1.0,0.0
5574,f69feac0ce4643512,True,,,,,,,,,,1.0,1.0,1.0,1.0,0.6378225379970188,1.0,1.0,1.0,1.0,0.8868195431240684
5575,a2d7b9c1ccf5a5070,True,,,,,,,,,,1.0,1.0,1.0,1.0,0.19405076772932245,1.0,1.0,1.0,0.0,0.6231408649154133
5576,f320cdfa77acffb59,True,,,,,,,,,,1.0,0.0,1.0,1.0,0.6409054561820837,1.0,1.0,1.0,0.0,0.0
5577,e929306025479f705,True,,,,,,,,,,1.0,0.0,0.5,1.0,1.0,1.0,1.0,1.0,0.0,0.0
5578,042bf7d6a0f98a104,True,,,,,,,,,,1.0,1.0,0.5,1.0,1.0,1.0,0.0,1.0,0.0,0.375
5579,567b7524457bc9d98,True,,,,,,,,,,1.0,0.0,1.0,1.0,0.4401773736366027,1.0,1.0,1.0,1.0,0.0
5580,f24caea64b35ec9e9,True,,,,,,,,,,1.0,1.0,1.0,1.0,0.7307040304600664,1.0,1.0,1.0,1.0,0.9158450095187707
5581,25c0bd003a55fd341,True,,,,,,,,,,1.0,1.0,1.0,1.0,0.7157834942343988,1.0,1.0,1.0,0.0,0.7861823419482497
5582,e7d365382ac482e2f,True,,,,,,,,,,0.0,1.0,1.0,1.0,1.0,0.0,1.0,1.0,0.0,0.0
5583,352716976d8eac750,True,,,,,,,,,,1.0,1.0,1.0,1.0,0.4040804358579211,1.0,1.0,1.0,1.0,0.8137751362056003
5584,db81ab220d6667266,True,,,,,,,,,,0.0,1.0,1.0,1.0,0.8473244063786143,0.0,0.0,1.0,0.0,0.0
5585,2c5c3c9002e3d1165,True,,,,,,,,,,1.0,1.0,1.0,1.0,0.8901819298584628,1.0,1.0,1.0,1.0,0.9656818530807696
5586,2e5eb89b3ec98ed08,True,,,,,,,,,,0.5,0.0,1.0,1.0,1.0,0.0,1.0,1.0,1.0,0.0
5587,60d2e82730e16c5a0,True,,,,,,,,,,1.0,0.0,0.0,1.0,1.0,1.0,0.0,1.0,1.0,0.0
5588,f06a4e01a1e5abdd5,True,,,,,,,,,,1.0,0.0,1.0,1.0,0.9232305300124333,1.0,1.0,1.0,1.0,0.0
5589,88d72263f1af2d277,True,,,,,,,,,,1.0,0.0,0.5,1.0,1.0,1.0,0.0,1.0,0.0,0.0
5590,86946a7ffef3ac7b0,True,,,,,,,,,,1.0,1.0,1.0,1.0,0.40557286481592436,1.0,0.0,1.0,0.0,0.5642415202549764
5591,23bbff1d97344d8cd,True,,,,,,,,,,1.0,1.0,1.0,1.0,0.7347426357518326,1.0,1.0,0.0,0.0,0.6671070736724477
5592,5e9e3c88e21f7a346,True,,,,,,,,,,1.0,0.0,1.0,1.0,1.0,1.0,1.0,1.0,0.0,0.0
5593,bae5ac57314f7412b,True,,,,,,,,,,1.0,1.0,1.0,1.0,1.0,1.0,1.0,1.0,0.0,0.875
5594,332234ee590ff1dd2,True,,,,,,,,,,1.0,0.0,1.0,1.0,0.6751404180738345,1.0,1.0,1.0,1.0,0.0
5595,7c8ff6814e197c909,True,,,,,,,,,,0.0,1.0,1.0,1.0,1.0,0.0,0.0,1.0,0.0,0.0
5596,1879a7c4a97f64bf9,True,,,,,,,,,,1.0,1.0,0.5,1.0,0.7547129812350215,1.0,0.0,1.0,1.0,0.3991739033179721
5597,41423d9768746a40d,True,,,,,,,,,,1.0,1.0,1.0,1.0,0.881000326595571,1.0,1.0,0.0,0.0,0.712812602061116
5598,3fec70d4e8fe8d5b1,True,,,,,,,,,,0.0,1.0,1.0,1.0,1.0,0.0,0.0,0.0,0.0,0.0
5599,55803d7542740813d,True,,,,,,,,,,1.0,1.0,0.0,1.0,1.0,1.0,1.0,1.0,1.0,0.0
5600,fb4312a55bc021d23,True,,,,,,,,,,1.0,1.0,1.0,1.0,0.47706134596208855,1.0,1.0,1.0,1.0,0.8365816706131527
5601,c09eaf80eb8a24e39,True,,,,,,,,,,1.0,1.0,1.0,1.0,0.4850433743838352,1.0,1.0,1.0,1.0,0.8390760544949485
5602,82dd82d413d8fdf95,True,,,,,,,,,,1.0,1.0,1.0,1.0,0.43083124530201633,1.0,1.0,1.0,1.0,0.8221347641568801
5603,fc31a6f8ac42c70a9,True,,,,,,,,,,1.0,1.0,0.5,1.0,0.7801908815205076,1.0,0.0,1.0,1.0,0.4031548252375793
5604,881d6a8509303a3b0,True,,,,,,,,,,1.0,1.0,1.0,1.0,0.8370286181989953,1.0,1.0,1.0,1.0,0.9490714431871861
5605,0f32999a6e12e6b4f,True,,,,,,,,,,1.0,1.0,1.0,1.0,1.0,1.0,0.0,1.0,1.0,0.875
5606,779362891364950a1,True,,,,,,,,,,1.0,1.0,1.0,1.0,0.5523104880094747,1.0,1.0,1.0,1.0,0.8600970275029609
5607,454ed2035bb0054fb,True,,,,,,,,,,1.0,1.0,1.0,1.0,0.49290544973293055,1.0,1.0,1.0,1.0,0.8415329530415407
5608,fe2ce74b2caa3fec8,True,,,,,,,,,,1.0,1.0,1.0,1.0,0.17405634640869197,1.0,1.0,1.0,1.0,0.7418926082527162
5609,de6c242bf7dbf68eb,True,,,,,,,,,,1.0,1.0,1.0,1.0,0.24460575897795667,1.0,0.0,1.0,1.0,0.6389392996806115
5610,2ffcefe9968b81e13,True,,,,,,,,,,1.0,1.0,0.5,1.0,0.7288133872685696,1.0,0.0,1.0,1.0,0.39512709176071403
5611,d684c7c8d5a53f7d2,True,,,,,,,,,,1.0,1.0,1.0,1.0,0.19551495747712705,1.0,0.0,1.0,1.0,0.6235984242116022
5612,6a45a8aa53220a0e3,True,,,,,,,,,,1.0,1.0,1.0,1.0,0.5764834720853711,1.0,1.0,1.0,0.0,0.7426510850266785
5613,e69df86c33d5e5522,True,,,,,,,,,,1.0,1.0,1.0,1.0,0.8114150110506803,1.0,0.0,1.0,1.0,0.8160671909533376
5614,e320a3747ddfe4a53,True,,,,,,,,,,1.0,1.0,0.5,1.0,0.4358089935771857,1.0,0.0,1.0,1.0,0.3493451552464353
5615,7026d28794e20a290,True,,,,,,,,,,1.0,0.0,0.0,1.0,1.0,1.0,0.0,1.0,1.0,0.0
5616,18baf55921621bf61,True,,,,,,,,,,1.0,1.0,1.0,0.0,1.0,1.0,1.0,1.0,0.0,0.0
5617,cb891ab8f0c9f0ffc,True,,,,,,,,,,1.0,1.0,1.0,1.0,0.9316075706687458,1.0,0.0,1.0,1.0,0.853627365833983
5618,b710f4583e83f5650,True,,,,,,,,,,1.0,0.0,1.0,1.0,0.6616406462040927,1.0,1.0,1.0,0.0,0.0
5619,15605fa49f762af2f,True,,,,,,,,,,1.0,1.0,1.0,1.0,0.14628919904472698,1.0,0.0,1.0,1.0,0.6082153747014771
5620,bba03402f6222135f,True,,,,,,,,,,0.0,1.0,1.0,1.0,1.0,0.0,1.0,1.0,0.0,0.0
5621,2407bd58b67ea70b2,True,,,,,,,,,,1.0,1.0,1.0,1.0,0.7380086847089394,1.0,0.0,1.0,1.0,0.7931277139715436
5622,2e221a5360953028d,True,,,,,,,,,,1.0,1.0,1.0,1.0,0.2829422651707039,1.0,1.0,1.0,0.0,0.650919457865845
5623,e1c30e4d72a0c6a35,True,,,,,,,,,,0.0,1.0,0.5,1.0,1.0,0.0,0.0,1.0,0.0,0.0
5624,49dbbe879efac0da9,True,,,,,,,,,,1.0,1.0,0.0,1.0,1.0,1.0,0.0,1.0,1.0,0.0
5625,48bf246ac8952b23d,True,,,,,,,,,,1.0,0.0,0.0,1.0,1.0,1.0,0.0,1.0,0.0,0.0
5626,445dc87ec088dd46a,True,,,,,,,,,,1.0,0.0,1.0,1.0,0.5752571956521022,1.0,1.0,1.0,0.0,0.0
5627,061d3699e77f9817a,True,,,,,,,,,,1.0,1.0,1.0,1.0,0.8241058941374266,1.0,1.0,1.0,1.0,0.9450330919179458
5628,3343ae6524e70afdf,True,,,,,,,,,,1.0,0.0,1.0,1.0,0.303283889060215,1.0,1.0,1.0,0.0,0.0
5629,2e5740aa26165ee89,True,,,,,,,,,,1.0,1.0,1.0,1.0,0.45883227447184977,1.0,1.0,1.0,1.0,0.830885085772453
5630,dfb0b00c1c3dcaa0a,True,,,,,,,,,,1.0,1.0,1.0,1.0,0.5169107395957719,1.0,0.0,1.0,0.0,0.5990346061236788
5631,bff99a3eb84ffe4ba,True,,,,,,,,,,1.0,0.0,1.0,1.0,0.4228770584524147,1.0,0.0,1.0,0.0,0.0
5632,9efffb1c9487faa89,True,,,,,,,,,,1.0,0.0,1.0,1.0,1.0,1.0,0.0,1.0,1.0,0.0
5633,1bddac86d58ce72a5,True,,,,,,,,,,1.0,1.0,1.0,1.0,0.5721715871810259,1.0,1.0,1.0,0.0,0.7413036209940707
5634,111982efc7ab59a6d,True,,,,,,,,,,1.0,1.0,1.0,1.0,0.2899867862146458,1.0,1.0,1.0,1.0,0.7781208706920768
5635,b71a18c869cb8bd24,True,,,,,,,,,,1.0,0.0,1.0,1.0,1.0,1.0,0.0,1.0,1.0,0.0
5636,99dfc5eae6278dfec,True,,,,,,,,,,1.0,1.0,1.0,1.0,0.8271822229216307,0.0,0.0,1.0,1.0,0.5084944446630095
5637,4ce31f5e37ac47b5f,True,,,,,,,,,,1.0,1.0,1.0,1.0,0.5239323353897426,1.0,1.0,1.0,1.0,0.8512288548092946
5638,ca2b49197179c41ac,True,,,,,,,,,,1.0,0.0,1.0,1.0,1.0,1.0,1.0,1.0,0.0,0.0
5639,bf36dbafa15d4c261,True,,,,,,,,,,1.0,1.0,1.0,1.0,0.6440332924956802,1.0,1.0,1.0,1.0,0.8887604039049001
5640,bef5978ef06f054f6,True,,,,,,,,,,1.0,1.0,1.0,1.0,0.7983046879720562,1.0,1.0,1.0,1.0,0.9369702149912675
5641,07d73bb7099662d82,True,,,,,,,,,,1.0,1.0,1.0,1.0,0.6505701917163412,1.0,0.0,1.0,0.0,0.6408031849113567
5642,dedf2ffe66804a16a,True,,,,,,,,,,1.0,1.0,1.0,1.0,0.8276968713137128,1.0,1.0,1.0,1.0,0.9461552722855353
5643,fd56100f9058b46fa,True,,,,,,,,,,1.0,1.0,0.5,1.0,1.0,1.0,0.0,1.0,1.0,0.4375
5644,e5f874a384d04ada1,True,,,,,,,,,,1.0,1.0,0.0,1.0,1.0,1.0,0.0,1.0,0.0,0.0
5645,4358e02f26d710fd9,True,,,,,,,,,,1.0,1.0,1.0,1.0,0.590299277799937,1.0,1.0,1.0,1.0,0.8719685243124803
5646,ca20bcf8f65e1fa9b,True,,,,,,,,,,1.0,1.0,1.0,1.0,0.4306594744011743,1.0,1.0,1.0,1.0,0.822081085750367
5647,3812881ab01c38f32,True,,,,,,,,,,0.0,1.0,1.0,1.0,1.0,0.0,1.0,1.0,1.0,0.0
5648,a8df9dde6ff732727,True,,,,,,,,,,1.0,1.0,1.0,1.0,0.8290775043623605,1.0,0.0,1.0,1.0,0.8215867201132376
5649,aaf5db378e5bb4caa,True,,,,,,,,,,1.0,0.0,0.5,1.0,1.0,1.0,0.0,1.0,1.0,0.0
5650,b7f53c6ea01b7cbc9,True,,,,,,,,,,1.0,1.0,1.0,1.0,0.5648536746276919,1.0,0.0,1.0,1.0,0.7390167733211537
5651,eacc02fe002535ebb,True,,,,,,,,,,1.0,1.0,0.0,1.0,1.0,1.0,0.0,1.0,1.0,0.0
5652,80f0bde16c34c246a,True,,,,,,,,,,1.0,1.0,0.5,1.0,1.0,1.0,0.0,1.0,0.0,0.375
5653,55617753513055d9b,True,,,,,,,,,,0.0,0.0,1.0,1.0,1.0,0.0,1.0,1.0,0.0,0.0
5654,904fec4de373b84b3,True,,,,,,,,,,1.0,1.0,1.0,1.0,0.6124808218065374,1.0,0.0,1.0,0.0,0.628900256814543
5655,0286ad2f0fec1df3b,True,,,,,,,,,,1.0,1.0,1.0,1.0,0.43466480394131296,1.0,0.0,0.0,0.0,0.4483327512316603
5656,d3f900cebad176f8c,True,,,,,,,,,,0.0,1.0,0.5,1.0,1.0,0.0,0.0,1.0,1.0,0.0
5657,e67970e73b3daa612,True,,,,,,,,,,1.0,1.0,1.0,1.0,0.8795573298022957,1.0,1.0,1.0,1.0,0.9623616655632174
5658,1fb46d16a4f179ce1,True,,,,,,,,,,1.0,1.0,0.0,1.0,1.0,1.0,0.0,1.0,1.0,0.0
5659,2160f6e5d4720f94b,True,,,,,,,,,,1.0,0.0,1.0,1.0,1.0,1.0,0.0,1.0,1.0,0.0
5660,f960c8624d9938147,True,,,,,,,,,,1.0,1.0,0.0,1.0,1.0,1.0,0.0,1.0,1.0,0.0
5661,fd7743059db2ad01f,True,,,,,,,,,,0.0,1.0,1.0,1.0,1.0,0.0,1.0,1.0,0.0,0.0
5662,67db9f3e12bbe8868,True,,,,,,,,,,0.0,1.0,1.0,1.0,1.0,0.0,1.0,1.0,1.0,0.0
5663,86275551f43e6b105,True,,,,,,,,,,1.0,1.0,1.0,1.0,1.0,0.0,0.0,1.0,0.0,0.4375
5664,f29d81b7079d53bff,True,,,,,,,,,,1.0,1.0,1.0,1.0,0.5398360232315521,1.0,1.0,1.0,1.0,0.85619875725986
5665,fb0fb16361fd50a45,True,,,,,,,,,,1.0,1.0,1.0,1.0,0.39843874848948657,1.0,1.0,1.0,0.0,0.6870121089029646
5666,ce7eec1214fedafe8,True,,,,,,,,,,1.0,1.0,1.0,1.0,0.7513650501272631,0.0,0.0,1.0,1.0,0.4848015781647697
5667,6c3a8a0290c8e05e9,True,,,,,,,,,,0.0,1.0,1.0,1.0,1.0,0.0,1.0,1.0,1.0,0.0
5668,9a9ccb6c7221c42a1,True,,,,,,,,,,1.0,1.0,1.0,1.0,0.7565159810423546,0.0,0.0,1.0,1.0,0.4864112440757358
5669,5a9483df05571155b,True,,,,,,,,,,0.0,1.0,1.0,1.0,0.9575409511114081,0.0,0.0,1.0,1.0,0.0
5670,f15dde91900f2039a,True,,,,,,,,,,0.0,1.0,0.5,1.0,1.0,0.0,0.0,1.0,1.0,0.0
5671,5634addd2134d1453,True,,,,,,,,,,1.0,1.0,1.0,1.0,0.9473243761888824,1.0,0.0,1.0,0.0,0.7335388675590258
5672,32f2437326c9e81b2,True,,,,,,,,,,1.0,1.0,1.0,1.0,1.0,1.0,0.0,1.0,1.0,0.875
5673,2a9148d48b42cfd7e,True,,,,,,,,,,1.0,1.0,1.0,1.0,0.7982060232498971,1.0,1.0,1.0,1.0,0.9369393822655928
5674,91df938553d5b89fb,True,,,,,,,,,,1.0,1.0,1.0,1.0,0.19445599616375744,1.0,0.0,1.0,0.0,0.4982674988011742
5675,2bac8b14908f94a2b,True,,,,,,,,,,1.0,1.0,1.0,1.0,0.6593396984912501,1.0,1.0,1.0,1.0,0.8935436557785157
5676,a5905de8a4fa82e21,True,,,,,,,,,,1.0,1.0,1.0,1.0,0.5314901465638271,1.0,1.0,1.0,1.0,0.853590670801196
5677,b39cc0075afc7d408,True,,,,,,,,,,1.0,1.0,1.0,1.0,0.5871247483148792,1.0,0.0,1.0,1.0,0.7459764838483998
5678,ce4c369affbdefa99,True,,,,,,,,,,1.0,1.0,1.0,1.0,0.5887299660547668,1.0,1.0,1.0,1.0,0.8714781143921146
5679,f7ae88aefcd8f251e,True,,,,,,,,,,1.0,1.0,0.5,1.0,1.0,1.0,0.0,1.0,1.0,0.4375
5680,c77d4472e1ca73bd3,True,,,,,,,,,,1.0,1.0,1.0,0.0,1.0,1.0,0.0,1.0,0.0,0.0
5681,d443dcd06a9dbae34,True,,,,,,,,,,1.0,0.0,1.0,1.0,1.0,1.0,1.0,1.0,1.0,0.0
5682,20e09bbb0401bd1be,True,,,,,,,,,,1.0,1.0,1.0,1.0,0.8599960736164443,1.0,0.0,1.0,0.0,0.7062487730051388
5683,102aa278a654e934e,True,,,,,,,,,,1.0,1.0,1.0,1.0,0.39500847477730056,1.0,1.0,1.0,1.0,0.8109401483679064
5684,d113ac7bc40f321c0,True,,,,,,,,,,1.0,1.0,1.0,1.0,1.0,1.0,1.0,1.0,0.0,0.875
5685,d02247bc43841f48b,True,,,,,,,,,,1.0,1.0,1.0,1.0,0.6574225864235418,1.0,0.0,1.0,1.0,0.7679445582573567
5686,f6021914cda2ce515,True,,,,,,,,,,1.0,1.0,1.0,1.0,0.8340494677582464,1.0,0.0,1.0,1.0,0.823140458674452
5687,73c6cac7e07b1cf4f,True,,,,,,,,,,1.0,0.0,1.0,1.0,0.23577986175967106,1.0,1.0,1.0,0.0,0.0
5688,53435e78f75ede28c,True,,,,,,,,,,1.0,1.0,1.0,1.0,1.0,0.0,0.0,1.0,0.0,0.4375
5689,4bcb003422a19ae9a,True,,,,,,,,,,1.0,0.0,0.5,1.0,1.0,1.0,0.0,1.0,1.0,0.0
5690,bd2a4f1bdd5605e62,True,,,,,,,,,,1.0,1.0,1.0,1.0,0.7712157285478501,1.0,0.0,1.0,1.0,0.8035049151712031
5691,8b44ee25391ad8a73,True,,,,,,,,,,1.0,1.0,1.0,1.0,1.0,1.0,1.0,1.0,0.0,0.875
5692,933ba8311a18f9035,True,,,,,,,,,,1.0,1.0,1.0,1.0,0.41496773978163753,1.0,0.0,1.0,0.0,0.5671774186817617
5693,27d64cbd86e07452b,True,,,,,,,,,,1.0,1.0,1.0,0.0,1.0,1.0,1.0,0.0,0.0,0.0
5694,14a8b09c096718d35,True,,,,,,,,,,1.0,1.0,1.0,1.0,0.22854690257148824,1.0,0.0,1.0,1.0,0.63392090705359
5695,246a9b54a485510a5,True,,,,,,,,,,0.0,1.0,1.0,1.0,1.0,0.0,1.0,1.0,0.0,0.0
5696,61ea80d6d5820ce2a,True,,,,,,,,,,1.0,1.0,1.0,1.0,1.0,1.0,0.0,1.0,0.0,0.75
5697,7c6eb3ebf2ec0a507,True,,,,,,,,,,0.0,1.0,1.0,1.0,1.0,0.0,0.0,1.0,0.0,0.0
5698,e85778ab78f702e4b,True,,,,,,,,,,0.0,0.0,1.0,1.0,1.0,0.0,1.0,1.0,0.0,0.0
5699,39ee7720dd5c83901,True,,,,,,,,,,1.0,1.0,1.0,1.0,0.8049981625221057,1.0,1.0,1.0,0.0,0.8140619257881581
5700,0517c552242d8cb70,True,,,,,,,,,,1.0,1.0,1.0,1.0,0.8206584748438683,1.0,1.0,1.0,1.0,0.9439557733887088
5701,1e6bc8862dcc8e9e0,True,,,,,,,,,,1.0,0.0,0.0,1.0,0.7633511875250217,1.0,0.0,1.0,1.0,0.0
5702,8ecb5a2059e8ef8ac,True,,,,,,,,,,0.0,0.0,0.5,1.0,1.0,1.0,1.0,1.0,0.0,0.0
5703,5fa2d65d901225f48,True,,,,,,,,,,1.0,1.0,1.0,1.0,0.6902125629095123,1.0,1.0,1.0,1.0,0.9031914259092226
5704,697d22c3f19ab6820,True,,,,,,,,,,1.0,1.0,1.0,1.0,0.37600713058225654,1.0,0.0,1.0,1.0,0.6800022283069551
5705,4d59b2a4c64101d41,True,,,,,,,,,,0.0,1.0,1.0,1.0,0.9894348656130232,0.0,1.0,1.0,0.0,0.0
5706,1730cbbbd72e9ce7d,True,,,,,,,,,,0.0,1.0,1.0,1.0,1.0,0.0,0.0,1.0,1.0,0.0
5707,c725d6fa44dc9c6d6,True,,,,,,,,,,0.0,1.0,1.0,1.0,1.0,0.0,1.0,1.0,0.0,0.0
5708,4eec744ab28fc824f,True,,,,,,,,,,1.0,1.0,1.0,1.0,1.0,1.0,0.0,1.0,1.0,0.875
5709,6a64e3a4f1172e34a,True,,,,,,,,,,1.0,0.0,1.0,1.0,1.0,1.0,0.0,1.0,1.0,0.0
5710,e33c0044eab71bc97,True,,,,,,,,,,1.0,1.0,1.0,1.0,0.6438066766857149,1.0,1.0,1.0,1.0,0.8886895864642859
5711,8fb24d26d3dd62b0f,True,,,,,,,,,,1.0,1.0,1.0,1.0,0.43751904888981247,1.0,1.0,1.0,0.0,0.6992247027780664
5712,1500bcfee0aae247d,True,,,,,,,,,,1.0,1.0,1.0,1.0,0.5939850278162797,1.0,1.0,1.0,1.0,0.8731203211925874
5713,d9cc3b5dd80f7b6bd,True,,,,,,,,,,1.0,1.0,1.0,1.0,0.6503609568777919,1.0,1.0,1.0,1.0,0.8907377990243099
5714,5733be765824e1f33,True,,,,,,,,,,1.0,0.0,1.0,1.0,0.32616421355736286,1.0,1.0,1.0,0.0,0.0
5715,ba63d32eedc1457fd,True,,,,,,,,,,1.0,1.0,1.0,1.0,0.6525118074641064,1.0,0.0,1.0,1.0,0.7664099398325332
5716,08bcd54c271622666,True,,,,,,,,,,1.0,1.0,1.0,1.0,0.663809577732024,1.0,1.0,1.0,1.0,0.8949404930412574
5717,76cde40b4dab9f0f1,True,,,,,,,,,,1.0,1.0,1.0,1.0,1.0,1.0,1.0,1.0,1.0,1.0
5718,c6144081cdf888af5,True,,,,,,,,,,1.0,1.0,1.0,1.0,0.8717286582475356,1.0,1.0,1.0,0.0,0.8349152057023549
5719,319a6165fd328e03e,True,,,,,,,,,,1.0,0.0,1.0,1.0,1.0,1.0,1.0,1.0,1.0,0.0
5720,5b01b06231ac39143,True,,,,,,,,,,1.0,1.0,1.0,1.0,0.812613038294441,1.0,1.0,1.0,1.0,0.9414415744670128
5721,cbfd9eec69d28b38b,True,,,,,,,,,,1.0,1.0,1.0,1.0,0.7050430300391127,1.0,1.0,1.0,0.0,0.7828259468872227
5722,61c5dadb5c926478c,True,,,,,,,,,,0.0,1.0,1.0,1.0,1.0,0.0,0.0,1.0,1.0,0.0
5723,45d88e7f92a4a9e74,True,,,,,,,,,,1.0,1.0,1.0,1.0,0.5406996267345352,1.0,1.0,1.0,1.0,0.8564686333545423
5724,abb500cc3351d897a,True,,,,,,,,,,1.0,0.0,0.5,1.0,0.7518718843184763,1.0,0.0,1.0,1.0,0.0
5725,cb5add2e1dd5aa638,True,,,,,,,,,,1.0,1.0,1.0,1.0,1.0,1.0,1.0,1.0,0.0,0.875
5726,f3c4213c78f53fa5d,True,,,,,,,,,,1.0,1.0,1.0,1.0,1.0,1.0,1.0,1.0,1.0,1.0
5727,686930fbb99ca475c,True,,,,,,,,,,1.0,1.0,1.0,1.0,0.18385854351032466,1.0,0.0,1.0,1.0,0.6199557948469765
5728,6f6dd61939e44a14a,True,,,,,,,,,,1.0,1.0,1.0,1.0,0.6798937496003186,1.0,0.0,1.0,0.0,0.6499667967500995
5729,44d4ff5239aca3b14,True,,,,,,,,,,1.0,0.0,1.0,1.0,1.0,1.0,0.0,0.0,1.0,0.0
5730,df257ceb4f8312a9b,True,,,,,,,,,,0.0,1.0,0.0,1.0,1.0,0.0,0.0,1.0,1.0,0.0
5731,29099b056d78d6ffb,True,,,,,,,,,,1.0,0.0,0.5,1.0,1.0,1.0,0.0,1.0,0.0,0.0
5732,6a1a3e7fd861ab333,True,,,,,,,,,,1.0,0.0,1.0,1.0,1.0,1.0,0.0,1.0,0.0,0.0
5733,e3729cb0d1d99f604,True,,,,,,,,,,1.0,1.0,0.5,1.0,1.0,1.0,1.0,1.0,1.0,0.5
5734,40e3b1336b570fbf6,True,,,,,,,,,,1.0,1.0,0.0,1.0,1.0,1.0,0.0,1.0,0.0,0.0
5735,7b6a6c9c50efdcf85,True,,,,,,,,,,1.0,1.0,1.0,1.0,0.8877040753381384,1.0,0.0,1.0,1.0,0.8399075235431683
5736,d1ad6506f1da6b927,True,,,,,,,,,,1.0,1.0,1.0,1.0,0.2963071954523001,1.0,1.0,1.0,1.0,0.7800959985788438
5737,4684692b32e909998,True,,,,,,,,,,1.0,1.0,1.0,1.0,0.49628213313281133,1.0,1.0,1.0,1.0,0.8425881666040036
5738,f754ec519c407f213,True,,,,,,,,,,1.0,1.0,1.0,1.0,0.3642355074808411,1.0,1.0,1.0,0.0,0.6763235960877628
5739,f0e29874418de93db,True,,,,,,,,,,0.0,1.0,1.0,1.0,1.0,0.0,1.0,1.0,0.0,0.0
5740,729e2b3a6ce97a377,True,,,,,,,,,,1.0,1.0,1.0,1.0,0.8536510499476117,1.0,1.0,1.0,1.0,0.9542659531086286
5741,72e532553b9a9b88d,True,,,,,,,,,,1.0,0.0,1.0,1.0,1.0,1.0,1.0,1.0,1.0,0.0
5742,90c40a195012fa8ec,True,,,,,,,,,,1.0,0.0,0.5,1.0,1.0,1.0,0.0,1.0,1.0,0.0
5743,bf2fac0bbe0cb019b,True,,,,,,,,,,1.0,1.0,1.0,1.0,0.4564941559549612,1.0,0.0,1.0,0.0,0.5801544237359254
5744,3b0eafa0ee94a00a4,True,,,,,,,,,,1.0,1.0,0.5,1.0,1.0,1.0,0.0,1.0,0.0,0.375
5745,5fd00e9375f6b46f9,True,,,,,,,,,,1.0,1.0,1.0,1.0,0.5070453518628215,1.0,0.0,1.0,0.0,0.5959516724571317
5746,cd486e24ba631556c,True,,,,,,,,,,1.0,0.0,1.0,1.0,0.44259791447327845,1.0,0.0,1.0,0.0,0.0
5747,92eaa01aaa1cb995e,True,,,,,,,,,,1.0,1.0,1.0,1.0,0.689233237708902,1.0,1.0,1.0,0.0,0.7778853867840319
5748,9bcb88a77a10c4c0c,True,,,,,,,,,,1.0,1.0,1.0,1.0,0.49376037651228927,1.0,0.0,1.0,1.0,0.7168001176600904
5749,dd6072ab6974966f7,True,,,,,,,,,,1.0,1.0,0.0,1.0,1.0,1.0,0.0,1.0,1.0,0.0
5750,fc50c3e2408f9caad,True,,,,,,,,,,1.0,0.0,0.0,1.0,1.0,1.0,0.0,1.0,1.0,0.0
5751,6f0c6f5848fccc5d0,True,,,,,,,,,,1.0,1.0,1.0,1.0,0.6726723062921565,1.0,1.0,1.0,1.0,0.8977100957162989
5752,a1852737c84ea03fc,True,,,,,,,,,,1.0,1.0,1.0,1.0,0.3336362097594313,1.0,1.0,1.0,1.0,0.7917613155498223
5753,f4d363a5d6d3206e3,True,,,,,,,,,,1.0,1.0,1.0,1.0,0.547465482939218,1.0,0.0,1.0,0.0,0.6085829634185056
5754,87d2841ebf764daf7,True,,,,,,,,,,1.0,1.0,1.0,1.0,0.6191297301790322,1.0,1.0,1.0,1.0,0.8809780406809475
5755,966244bc558d53ef7,True,,,,,,,,,,1.0,1.0,1.0,1.0,0.4666581131809748,1.0,0.0,1.0,1.0,0.7083306603690547
5756,e7892fb2f09de2723,True,,,,,,,,,,0.0,0.0,1.0,1.0,1.0,0.0,1.0,1.0,0.0,0.0
5757,e576f1ec67be1cbd0,True,,,,,,,,,,1.0,0.0,1.0,1.0,0.8345243530591007,1.0,1.0,1.0,1.0,0.0
5758,b81180657e76ac7aa,True,,,,,,,,,,1.0,1.0,1.0,1.0,0.3167509579836325,1.0,1.0,1.0,1.0,0.7864846743698852
5759,04d4f1277557232ce,True,,,,,,,,,,1.0,0.0,1.0,1.0,1.0,1.0,0.0,1.0,0.0,0.0
5760,bb3d79c6ae2460067,True,,,,,,,,,,1.0,1.0,1.0,1.0,0.621442946920925,1.0,1.0,1.0,0.0,0.7567009209127891
5761,1908461428632f5dd,True,,,,,,,,,,1.0,1.0,0.0,1.0,0.9107749899561334,1.0,0.0,1.0,1.0,0.0
5762,661c4fdee268dcb1e,True,,,,,,,,,,1.0,1.0,1.0,1.0,0.4359189827964402,1.0,1.0,1.0,0.0,0.6987246821238875
5763,129e42105cbb4c354,True,,,,,,,,,,1.0,1.0,1.0,1.0,0.16101412817842203,1.0,1.0,1.0,1.0,0.7378169150557569
5764,c73e5118fba3f9c3f,True,,,,,,,,,,1.0,1.0,0.5,1.0,0.5481474390355082,1.0,0.0,1.0,1.0,0.36689803734929816
5765,b01708b022b85bbd7,True,,,,,,,,,,1.0,1.0,1.0,1.0,1.0,1.0,1.0,1.0,0.0,0.875
5766,de4d565d2295bfce9,True,,,,,,,,,,0.0,1.0,1.0,1.0,1.0,0.0,0.0,1.0,0.0,0.0
5767,517d13818dab667f5,True,,,,,,,,,,1.0,1.0,1.0,1.0,0.6240809604442886,1.0,0.0,1.0,1.0,0.7575253001388402
5768,cb000016d3d61dd05,True,,,,,,,,,,0.0,1.0,1.0,1.0,1.0,0.0,1.0,1.0,0.0,0.0
5769,17de904ac4c504886,True,,,,,,,,,,1.0,1.0,1.0,1.0,0.2452408675721274,1.0,1.0,1.0,1.0,0.7641377711162898
5770,8f18f5e39ad7208bd,True,,,,,,,,,,1.0,1.0,1.0,1.0,0.5699392242308596,1.0,0.0,1.0,1.0,0.7406060075721437
5771,7c1dac6894ccd6151,True,,,,,,,,,,1.0,1.0,1.0,1.0,1.0,1.0,0.0,1.0,1.0,0.875
5772,2fc976c7bc0d58fed,True,,,,,,,,,,1.0,1.0,1.0,1.0,0.9836350283626687,1.0,1.0,1.0,1.0,0.9948859463633339
5773,3f8a80414eacde90b,True,,,,,,,,,,1.0,1.0,1.0,1.0,0.7330378721517306,1.0,0.0,1.0,1.0,0.7915743350474158
5774,d4b7ede155f05dff3,True,,,,,,,,,,1.0,0.0,0.5,1.0,1.0,1.0,0.0,0.0,0.0,0.0
5775,bf747811ee475d2c1,True,,,,,,,,,,1.0,1.0,1.0,1.0,0.8742577045095326,1.0,0.0,1.0,1.0,0.8357055326592289
5776,284604b19e5b66780,True,,,,,,,,,,1.0,0.0,1.0,1.0,0.6185882816410905,1.0,1.0,1.0,0.0,0.0
5777,1c46609a6f85e1150,True,,,,,,,,,,1.0,1.0,1.0,1.0,0.7294851724648727,1.0,0.0,1.0,1.0,0.7904641163952727
5778,10b2a2e4969e65b18,True,,,,,,,,,,1.0,0.0,1.0,1.0,0.9332887801697016,1.0,1.0,1.0,0.0,0.0
5779,4019a208fc30e8936,True,,,,,,,,,,0.0,1.0,1.0,1.0,1.0,0.0,0.0,1.0,1.0,0.0
5780,ff6be79e6135c5fe5,True,,,,,,,,,,1.0,1.0,1.0,1.0,0.5050289935905111,1.0,1.0,1.0,0.0,0.7203215604970348
5781,48f968a3c272876d9,True,,,,,,,,,,1.0,0.0,1.0,1.0,0.48947705824287696,1.0,1.0,1.0,1.0,0.0
5782,f6d1ce467bb8ef333,True,,,,,,,,,,1.0,0.0,1.0,1.0,0.4329275183600221,1.0,1.0,1.0,0.0,0.0
5783,e9b4dc8775d9b86e1,True,,,,,,,,,,1.0,0.0,1.0,1.0,1.0,1.0,0.0,1.0,1.0,0.0
5784,63afd42accc1a8cd9,True,,,,,,,,,,1.0,0.0,1.0,1.0,0.7993641058077218,1.0,1.0,1.0,1.0,0.0
5785,de42e07d2e34faed5,True,,,,,,,,,,1.0,1.0,1.0,1.0,0.3691636894429231,1.0,0.0,1.0,0.0,0.5528636529509134
5786,2d4e4632841c3cf8e,True,,,,,,,,,,1.0,1.0,1.0,1.0,1.0,1.0,0.0,1.0,1.0,0.875
5787,361596ff7ead113e3,True,,,,,,,,,,0.5,1.0,1.0,1.0,1.0,0.0,1.0,1.0,0.0,0.28125
5788,93558974f46d692e7,True,,,,,,,,,,1.0,0.0,1.0,1.0,0.9312267967726202,1.0,1.0,1.0,1.0,0.0
5789,88d3fad9cfca7c0ad,True,,,,,,,,,,1.0,1.0,1.0,1.0,0.4787471445662462,1.0,1.0,1.0,0.0,0.7121084826769519
5790,32e9d651acdfc8f82,True,,,,,,,,,,1.0,1.0,1.0,1.0,0.5535657741371192,1.0,0.0,1.0,1.0,0.7354893044178498
5791,20120f09d1f74eb2c,True,,,,,,,,,,1.0,1.0,0.0,1.0,0.7640505739718572,1.0,0.0,1.0,1.0,0.0
5792,ff2e7e48f5ee14950,True,,,,,,,,,,1.0,1.0,0.5,1.0,1.0,1.0,0.0,1.0,1.0,0.4375
5793,fc8bd325b3da03b85,True,,,,,,,,,,1.0,1.0,1.0,1.0,0.8941393860772515,1.0,0.0,1.0,1.0,0.8419185581491411
5794,0d069b495b11daa42,True,,,,,,,,,,1.0,1.0,0.0,1.0,1.0,1.0,0.0,1.0,0.0,0.0
5795,4aa0d20a71cc4b60d,True,,,,,,,,,,1.0,1.0,1.0,1.0,0.7517918001328386,1.0,0.0,1.0,0.0,0.6724349375415121
5796,f2d7c34919985c798,True,,,,,,,,,,0.0,1.0,1.0,1.0,1.0,0.0,0.0,1.0,1.0,0.0
5797,7e160b5ef1f82a420,True,,,,,,,,,,1.0,1.0,1.0,1.0,1.0,1.0,0.0,1.0,0.0,0.75
5798,1395f6f7af57b553b,True,,,,,,,,,,1.0,0.0,1.0,1.0,0.6776918105022747,1.0,0.0,1.0,0.0,0.0
5799,4f498e8f4ae7fedd5,True,,,,,,,,,,1.0,0.0,0.0,1.0,1.0,1.0,0.0,1.0,0.0,0.0
5800,0da232d1485aff38f,True,,,,,,,,,,1.0,1.0,1.0,1.0,0.8264907075826422,1.0,1.0,1.0,0.0,0.8207783461195757
5801,099b82495b2e618d3,True,,,,,,,,,,1.0,0.0,1.0,1.0,0.39678342394526545,1.0,1.0,1.0,1.0,0.0
5802,7b53b50d5b5c3a0e4,True,,,,,,,,,,1.0,1.0,1.0,1.0,0.5196279278216998,1.0,1.0,1.0,0.0,0.7248837274442812
5803,44e8cafa5fe4603a5,True,,,,,,,,,,0.0,1.0,1.0,1.0,1.0,0.0,0.0,1.0,1.0,0.0
5804,0ab9b133a9d7aad86,True,,,,,,,,,,1.0,0.0,1.0,1.0,1.0,1.0,0.0,1.0,1.0,0.0
5805,7a12897acffda91d2,True,,,,,,,,,,1.0,1.0,0.5,1.0,0.7411213994117162,1.0,0.0,1.0,1.0,0.39705021865808066
5806,7a487393a13b1bc7e,True,,,,,,,,,,1.0,1.0,0.0,1.0,0.9624243806200599,1.0,0.0,1.0,0.0,0.0
5807,0ed9b19cfb122d58d,True,,,,,,,,,,1.0,1.0,1.0,1.0,0.5009985048360895,1.0,1.0,1.0,0.0,0.719062032761278
5808,2ef69b84551e22eb2,True,,,,,,,,,,1.0,1.0,1.0,1.0,0.6883561256080665,1.0,1.0,1.0,1.0,0.9026112892525208
5809,c25da0ddaa99c1dd9,True,,,,,,,,,,0.0,1.0,1.0,1.0,1.0,0.0,1.0,1.0,1.0,0.0
5810,58f8054b16f2c0e47,True,,,,,,,,,,1.0,1.0,1.0,1.0,0.19338661716459812,1.0,0.0,0.0,1.0,0.4979333178639369
5811,b4bb23be8c8b3c00e,True,,,,,,,,,,1.0,1.0,1.0,1.0,0.7938428059879301,1.0,0.0,1.0,1.0,0.8105758768712281
5812,9b4e2ae84afe8c832,True,,,,,,,,,,1.0,1.0,1.0,1.0,0.5055016080847293,1.0,1.0,1.0,1.0,0.845469252526478
5813,fe124f930c37d2d0e,True,,,,,,,,,,1.0,1.0,1.0,1.0,0.8233928505537997,0.0,1.0,0.0,0.0,0.38231026579806243
5814,de5875c3da62d3850,True,,,,,,,,,,1.0,1.0,0.5,1.0,1.0,1.0,0.0,1.0,1.0,0.4375
5815,fe70456ec5ebc1918,True,,,,,,,,,,1.0,1.0,1.0,1.0,0.3218507503893581,1.0,1.0,1.0,0.0,0.6630783594966745
5816,dba739bec7326715c,True,,,,,,,,,,1.0,1.0,1.0,1.0,1.0,1.0,1.0,1.0,0.0,0.875
5817,a56de10e58a3c3d6e,True,,,,,,,,,,0.0,1.0,1.0,1.0,1.0,0.0,1.0,1.0,0.0,0.0
5818,a2a9c734a84da7235,True,,,,,,,,,,1.0,1.0,0.5,1.0,1.0,1.0,0.0,1.0,0.0,0.375
5819,eab8a152f7ae593ae,True,,,,,,,,,,0.0,1.0,0.0,1.0,1.0,0.0,0.0,1.0,1.0,0.0
5820,221c392b5c088f6ce,True,,,,,,,,,,0.0,1.0,1.0,1.0,1.0,0.0,0.0,1.0,1.0,0.0
5821,5f53c45bd71589e3f,True,,,,,,,,,,1.0,1.0,1.0,1.0,0.8032498258248252,1.0,0.0,1.0,1.0,0.8135155705702579
5822,767cefbd4e52c83e0,True,,,,,,,,,,1.0,1.0,1.0,1.0,0.9841534807634762,1.0,0.0,1.0,1.0,0.8700479627385863
5823,5f9c9346ee3131354,True,,,,,,,,,,0.0,1.0,1.0,1.0,0.9498695283798541,0.0,0.0,1.0,0.0,0.0
5824,50035f9f546fb6074,True,,,,,,,,,,1.0,1.0,1.0,1.0,0.8593416100513164,1.0,0.0,1.0,1.0,0.8310442531410364
5825,dc0cffde6935fbd2b,True,,,,,,,,,,1.0,1.0,1.0,1.0,0.8195914682943354,1.0,1.0,1.0,0.0,0.8186223338419798
5826,716f58dd76f073c78,True,,,,,,,,,,1.0,1.0,1.0,1.0,0.7685292042340871,1.0,0.0,1.0,1.0,0.8026653763231522
5827,004a5a808615d791d,True,,,,,,,,,,1.0,1.0,1.0,1.0,0.6493459711358966,1.0,0.0,1.0,0.0,0.6404206159799677
5828,30efc6f9cfe338bb8,True,,,,,,,,,,1.0,0.0,0.0,1.0,1.0,1.0,0.0,1.0,0.0,0.0
5829,0b3ce3fcc2b9cdf45,True,,,,,,,,,,1.0,1.0,1.0,1.0,0.24190143016474983,1.0,0.0,1.0,1.0,0.6380941969264844
5830,36a0cef1b153a4f11,True,,,,,,,,,,1.0,1.0,1.0,1.0,0.5976770774512413,1.0,1.0,1.0,1.0,0.8742740867035129
5831,cdc8eba66ee1c79b4,True,,,,,,,,,,1.0,1.0,1.0,1.0,1.0,1.0,1.0,1.0,1.0,1.0
5832,2afebe4218aece0b6,True,,,,,,,,,,1.0,0.0,0.5,1.0,1.0,1.0,0.0,1.0,0.0,0.0
5833,294074b42621095d5,True,,,,,,,,,,1.0,1.0,1.0,1.0,0.9764314929948905,1.0,0.0,1.0,0.0,0.7426348415609033
5834,d308ca8a7878741eb,True,,,,,,,,,,1.0,0.0,1.0,1.0,1.0,1.0,0.0,1.0,0.0,0.0
5835,9cbb06ac6bd21fc4c,True,,,,,,,,,,1.0,1.0,0.0,1.0,1.0,1.0,0.0,1.0,1.0,0.0
5836,07a36d3f2100bc352,True,,,,,,,,,,1.0,1.0,0.5,1.0,1.0,1.0,0.0,1.0,1.0,0.4375
5837,2c8a8566b34a09b90,True,,,,,,,,,,1.0,0.0,1.0,1.0,1.0,0.0,1.0,1.0,0.0,0.0
5838,e6a340849c0025d9f,True,,,,,,,,,,1.0,0.0,1.0,1.0,0.36635718840798953,1.0,1.0,1.0,0.0,0.0
5839,32f1711fd411244b6,True,,,,,,,,,,1.0,0.0,1.0,1.0,1.0,1.0,0.0,1.0,1.0,0.0
5840,c95875cdc20edcb2a,True,,,,,,,,,,1.0,1.0,0.0,1.0,0.6451654737720219,1.0,0.0,1.0,1.0,0.0
5841,5420830c429c1fcb6,True,,,,,,,,,,1.0,0.0,1.0,1.0,0.9028109086758327,1.0,1.0,1.0,1.0,0.0
5842,01b72798ffad4fcc6,True,,,,,,,,,,1.0,1.0,1.0,1.0,1.0,1.0,0.0,1.0,0.0,0.75
5843,d3738c5a4d7530837,True,,,,,,,,,,1.0,1.0,1.0,1.0,0.16968616483369237,1.0,1.0,1.0,0.0,0.6155269265105289
5844,8df3615e729babee2,True,,,,,,,,,,1.0,1.0,1.0,1.0,0.9167693199982065,1.0,1.0,1.0,0.0,0.8489904124994395
5845,10934089f8b5ef276,True,,,,,,,,,,1.0,1.0,1.0,1.0,0.8004898942864592,1.0,0.0,1.0,0.0,0.6876530919645185
5846,b7b2aa82af5f10496,True,,,,,,,,,,1.0,1.0,1.0,1.0,0.3589553771358127,1.0,0.0,1.0,1.0,0.6746735553549414
5847,24474e28c524b8a8a,True,,,,,,,,,,1.0,1.0,1.0,1.0,1.0,1.0,0.0,1.0,0.0,0.75
5848,6b8b063fa80fa480f,True,,,,,,,,,,1.0,1.0,1.0,1.0,1.0,1.0,1.0,1.0,0.0,0.875
5849,6fae01aed04d6fd01,True,,,,,,,,,,1.0,1.0,1.0,1.0,1.0,0.0,0.0,1.0,0.0,0.4375
5850,cb2e1dad4d21a5bf1,True,,,,,,,,,,1.0,1.0,0.5,1.0,0.4663577730905224,1.0,0.0,1.0,1.0,0.35411840204539413
5851,0c23e365770faecb8,True,,,,,,,,,,1.0,1.0,0.0,1.0,1.0,1.0,0.0,1.0,1.0,0.0
5852,2676c3c7286b4756a,True,,,,,,,,,,1.0,1.0,1.0,1.0,0.16630250673377217,1.0,1.0,1.0,1.0,0.7394695333543038
5853,45a4165a206b0969b,True,,,,,,,,,,1.0,1.0,1.0,1.0,0.5920517018330714,1.0,0.0,1.0,1.0,0.7475161568228348
5854,a8cfebbab95e53606,True,,,,,,,,,,1.0,1.0,1.0,1.0,0.5387617001639354,1.0,1.0,1.0,1.0,0.8558630313012299
5855,ae3513291969ee51b,True,,,,,,,,,,1.0,1.0,1.0,1.0,1.0,1.0,1.0,1.0,1.0,1.0
5856,4e5f4494c8076cc5b,True,,,,,,,,,,1.0,1.0,1.0,1.0,0.8396400595388392,1.0,0.0,1.0,0.0,0.6998875186058873
5857,62660d36960de718f,True,,,,,,,,,,1.0,1.0,1.0,1.0,0.42519295331397494,1.0,1.0,1.0,1.0,0.8203727979106172
5858,15db590374cc3993a,True,,,,,,,,,,1.0,1.0,1.0,1.0,1.0,1.0,1.0,1.0,0.0,0.875
5859,eeb0b8f8cc54ccf58,True,,,,,,,,,,1.0,1.0,1.0,1.0,1.0,1.0,1.0,1.0,1.0,1.0
5860,9c1ac53b20c284d28,True,,,,,,,,,,1.0,1.0,0.5,1.0,0.7671983741740681,1.0,1.0,1.0,1.0,0.46362474596469816
5861,e0e4ca847f84568a3,True,,,,,,,,,,1.0,1.0,1.0,1.0,0.605525189672727,1.0,0.0,1.0,1.0,0.7517266217727272
5862,3079c8b009170b052,True,,,,,,,,,,1.0,0.0,1.0,1.0,0.8448225949976141,1.0,1.0,1.0,1.0,0.0
5863,fa08741543328286c,True,,,,,,,,,,1.0,1.0,1.0,1.0,0.4218600801126847,1.0,1.0,1.0,1.0,0.819331275035214
5864,7db120c56ed98be5a,True,,,,,,,,,,0.0,1.0,1.0,1.0,1.0,0.0,1.0,1.0,1.0,0.0
5865,5d72351d0cf4540a5,True,,,,,,,,,,1.0,1.0,1.0,1.0,0.4812073044742652,1.0,1.0,1.0,1.0,0.8378772826482079
5866,54c5618f3af037eb9,True,,,,,,,,,,1.0,1.0,1.0,1.0,1.0,1.0,0.0,1.0,1.0,0.875
5867,ca870ac8b947e6752,True,,,,,,,,,,0.0,0.0,1.0,1.0,1.0,1.0,1.0,1.0,0.0,0.0
5868,ba8bf5b95601df543,True,,,,,,,,,,1.0,1.0,1.0,1.0,0.5479948411008528,1.0,1.0,1.0,0.0,0.7337483878440165
5869,2bf1c7fc03ffaa988,True,,,,,,,,,,1.0,1.0,1.0,1.0,0.7737333827491361,1.0,0.0,1.0,1.0,0.8042916821091051
5870,f4fc402c592a5d4a2,True,,,,,,,,,,1.0,0.0,1.0,1.0,0.7301060507676777,1.0,1.0,1.0,1.0,0.0
5871,43eb9502a0d70fcea,True,,,,,,,,,,1.0,1.0,1.0,1.0,0.3460187592543923,1.0,1.0,1.0,1.0,0.7956308622669976
5872,4f21dca90878d8a58,True,,,,,,,,,,1.0,1.0,1.0,1.0,0.7732467730752894,1.0,1.0,0.0,0.0,0.679139616586028
5873,db1f577b1f0df7a26,True,,,,,,,,,,1.0,0.0,1.0,1.0,1.0,1.0,1.0,1.0,0.0,0.0
5874,a8e077fe91ae167df,True,,,,,,,,,,1.0,1.0,1.0,1.0,0.49124120061307863,1.0,0.0,1.0,1.0,0.7160128751915871
5875,35dde9258cf9db5c2,True,,,,,,,,,,1.0,1.0,1.0,1.0,0.6765086940458159,1.0,0.0,1.0,1.0,0.7739089668893175
5876,c7c0caa29dbf55999,True,,,,,,,,,,0.0,1.0,1.0,1.0,1.0,0.0,0.0,1.0,0.0,0.0
5877,d87e1dbb0017ab960,True,,,,,,,,,,1.0,1.0,1.0,1.0,0.771495252320649,1.0,0.0,1.0,0.0,0.6785922663502029
5878,a6158322c9262bd39,True,,,,,,,,,,1.0,1.0,0.5,1.0,1.0,1.0,1.0,0.0,0.0,0.375
5879,ddeb5e032c4e1657a,True,,,,,,,,,,0.0,1.0,1.0,1.0,0.3365425416740716,0.0,1.0,1.0,1.0,0.0
5880,c92c8161fb36eab75,True,,,,,,,,,,1.0,1.0,1.0,1.0,0.8954518386658386,1.0,0.0,1.0,0.0,0.7173286995830745
5881,24a39936d6d41ac30,True,,,,,,,,,,1.0,1.0,0.5,1.0,1.0,1.0,0.0,1.0,0.0,0.375
5882,5957a4b8c0696f222,True,,,,,,,,,,1.0,0.0,1.0,1.0,1.0,1.0,1.0,1.0,1.0,0.0
5883,c4724d2f7e5d62357,True,,,,,,,,,,0.0,1.0,1.0,1.0,1.0,0.0,1.0,1.0,1.0,0.0
5884,280a9911bfe1f941e,True,,,,,,,,,,1.0,1.0,1.0,1.0,0.6691108624994732,1.0,1.0,1.0,1.0,0.8965971445310854
5885,41605b0da6ca7fa55,True,,,,,,,,,,1.0,1.0,1.0,1.0,0.8045055416427409,1.0,0.0,1.0,1.0,0.8139079817633565
5886,0327a1d58fc2a7c5d,True,,,,,,,,,,1.0,1.0,1.0,1.0,0.9603346821976523,1.0,1.0,1.0,1.0,0.9876045881867663
5887,7712653347183e698,True,,,,,,,,,,1.0,1.0,1.0,1.0,0.6455994546536867,1.0,0.0,1.0,1.0,0.7642498295792771
5888,f3e7c306d8f0e2898,True,,,,,,,,,,1.0,1.0,0.5,1.0,1.0,0.0,0.0,1.0,0.0,0.21875
5889,2515a4049787b61ac,True,,,,,,,,,,1.0,1.0,1.0,1.0,1.0,1.0,0.0,1.0,0.0,0.75
5890,9ac59d12e61e3b3ff,True,,,,,,,,,,1.0,1.0,1.0,1.0,0.581166156224852,1.0,1.0,0.0,1.0,0.7441144238202663
5891,3638bc9577d1ebfa6,True,,,,,,,,,,0.0,1.0,0.0,1.0,1.0,0.0,0.0,0.0,0.0,0.0
5892,427601a379941fcbc,True,,,,,,,,,,1.0,1.0,1.0,1.0,0.2638993661668,1.0,1.0,1.0,0.0,0.644968551927125
5893,076a62d5c97d941a6,True,,,,,,,,,,1.0,1.0,1.0,1.0,0.38189493915492895,1.0,1.0,1.0,1.0,0.8068421684859153
5894,54474c2dd7ecfcc29,True,,,,,,,,,,1.0,0.0,1.0,1.0,1.0,1.0,1.0,1.0,1.0,0.0
5895,c6c91a989e2c0ae69,True,,,,,,,,,,1.0,1.0,1.0,1.0,0.4490028201804411,1.0,0.0,1.0,1.0,0.7028133813063878
5896,e6319072517f4b675,True,,,,,,,,,,1.0,1.0,1.0,1.0,0.39491502613327556,1.0,1.0,1.0,1.0,0.8109109456666486
5897,fe53e5ab658a57258,True,,,,,,,,,,1.0,1.0,0.0,1.0,1.0,1.0,0.0,1.0,1.0,0.0
5898,b77eab715fa3e5a65,True,,,,,,,,,,1.0,1.0,1.0,1.0,0.4567280528963011,1.0,1.0,1.0,1.0,0.8302275165300941
5899,073a5d3c4224d9aa8,True,,,,,,,,,,0.0,1.0,1.0,1.0,1.0,0.0,0.0,1.0,0.0,0.0
5900,5a6f69ea54c00b6d2,True,,,,,,,,,,1.0,1.0,1.0,1.0,0.21159130957678848,1.0,1.0,1.0,1.0,0.7536222842427465
5901,2ad55ac1a6a8d1422,True,,,,,,,,,,1.0,1.0,1.0,1.0,0.6731368333010596,1.0,1.0,1.0,0.0,0.7728552604065811
5902,7fa72ac59f374d3ab,True,,,,,,,,,,0.0,1.0,1.0,1.0,1.0,0.0,0.0,1.0,0.0,0.0
5903,89184cd5e26fb9bde,True,,,,,,,,,,1.0,1.0,1.0,1.0,1.0,1.0,0.0,1.0,1.0,0.875
5904,1afa1d77d3954125e,True,,,,,,,,,,1.0,1.0,1.0,1.0,0.8280244038171556,1.0,0.0,1.0,1.0,0.8212576261928611
5905,c02fa35875ea4e3e1,True,,,,,,,,,,1.0,1.0,1.0,1.0,0.3251590607782281,1.0,1.0,1.0,0.0,0.6641122064931962
5906,27c67d28b70d594c7,True,,,,,,,,,,1.0,1.0,1.0,1.0,0.7498463635122027,1.0,1.0,1.0,1.0,0.9218269885975634
5907,c85aa35e5a8c7e1cc,True,,,,,,,,,,1.0,1.0,1.0,1.0,0.7698834734236527,1.0,0.0,1.0,1.0,0.8030885854448915
5908,bb515ff29da41dc33,True,,,,,,,,,,0.0,1.0,1.0,1.0,1.0,0.0,0.0,1.0,1.0,0.0
5909,c41d6466acee52a7f,True,,,,,,,,,,1.0,1.0,1.0,1.0,1.0,1.0,0.0,1.0,0.0,0.75
5910,91e4c1dcd12d3cf3c,True,,,,,,,,,,1.0,1.0,0.5,1.0,1.0,1.0,1.0,0.0,0.0,0.375
5911,77154c328dbf81f67,True,,,,,,,,,,1.0,0.0,1.0,1.0,0.8202871874437033,1.0,1.0,1.0,1.0,0.0
5912,extended_pdm_score_stage_one,True,0.9511111111111111,0.8955555555555555,0.9711111111111111,1.0,0.7969816682501245,0.9444444444444444,0.9177777777777778,0.9755555555555555,0.5911111111111111,,,,,,,,,,0.7215942777212515
5913,extended_pdm_score_stage_two,True,,,,,,,,,,0.8509026939031135,0.8019487214056581,0.8755037960994535,0.9891616857750355,0.793117940266957,0.8215539940511037,0.5227956142299611,0.9729348655507069,0.6038318440484257,0.4782091613541843
5914,extended_pdm_score_combined,True,0.9511111111111111,0.8955555555555555,0.9711111111111111,1.0,0.7969816682501245,0.9444444444444444,0.9177777777777778,0.9755555555555555,0.5911111111111111,0.8509026939031135,0.8019487214056581,0.8755037960994535,0.9891616857750355,0.793117940266957,0.8215539940511037,0.5227956142299611,0.9729348655507069,0.6038318440484257,0.35894650068423983
