,token,valid,no_at_fault_collisions_stage_one,drivable_area_compliance_stage_one,driving_direction_compliance_stage_one,traffic_light_compliance_stage_one,ego_progress_stage_one,time_to_collision_within_bound_stage_one,lane_keeping_stage_one,history_comfort_stage_one,two_frame_extended_comfort_stage_one,no_at_fault_collisions_stage_two,drivable_area_compliance_stage_two,driving_direction_compliance_stage_two,traffic_light_compliance_stage_two,ego_progress_stage_two,time_to_collision_within_bound_stage_two,lane_keeping_stage_two,history_comfort_stage_two,two_frame_extended_comfort_stage_two,score
0,e2ae05340dba502d,True,1.0,0.0,0.5,1.0,0.9861090273047045,1.0,1.0,1.0,0.0,,,,,,,,,,0.0
1,551cf39c34f75b25,True,1.0,1.0,1.0,1.0,0.2887045666009678,1.0,1.0,1.0,1.0,,,,,,,,,,0.7777201770628024
2,2bd04a0902095129,True,1.0,0.0,1.0,1.0,1.0,1.0,1.0,1.0,1.0,,,,,,,,,,0.0
3,18492b6ce9905b13,True,1.0,1.0,1.0,1.0,0.7030820866796375,1.0,0.0,1.0,0.0,,,,,,,,,,0.6572131520873867
4,a312f24a197d530c,True,1.0,1.0,0.0,1.0,0.9756605363543257,1.0,0.0,1.0,1.0,,,,,,,,,,0.0
5,0e5653822a7a56b3,True,1.0,0.0,1.0,1.0,1.0,1.0,1.0,1.0,1.0,,,,,,,,,,0.0
6,83e895f722575452,True,1.0,1.0,1.0,1.0,0.5427688267791487,1.0,1.0,1.0,0.0,,,,,,,,,,0.732115258368484
7,48fecfd582935aac,True,1.0,1.0,1.0,1.0,0.6638684451867701,1.0,1.0,1.0,1.0,,,,,,,,,,0.8949588891208656
8,8486dcafaee75d76,True,0.0,1.0,1.0,1.0,1.0,0.0,1.0,1.0,1.0,,,,,,,,,,0.0
9,59ea5c8c067e57e7,True,1.0,0.0,1.0,1.0,1.0,1.0,1.0,1.0,1.0,,,,,,,,,,0.0
10,63ec67c4a58a5e5b,True,1.0,0.0,1.0,1.0,0.6480251976399359,1.0,1.0,1.0,0.0,,,,,,,,,,0.0
11,5041cdf76ecb5ee7,True,1.0,0.0,1.0,1.0,0.6088116306862813,1.0,1.0,1.0,1.0,,,,,,,,,,0.0
12,aeeba19e19c35ccb,True,1.0,1.0,1.0,1.0,0.7713992598895555,1.0,1.0,1.0,0.0,,,,,,,,,,0.8035622687154861
13,b35e48a419d7577f,True,1.0,1.0,1.0,1.0,0.6771734965969222,1.0,1.0,1.0,1.0,,,,,,,,,,0.8991167176865382
14,342f42c4b2855ffb,True,1.0,1.0,1.0,1.0,0.6574257215226524,1.0,1.0,1.0,1.0,,,,,,,,,,0.8929455379758289
15,5521dd071ee95c1a,True,1.0,1.0,1.0,1.0,0.8720656608052578,1.0,1.0,1.0,1.0,,,,,,,,,,0.9600205190016431
16,5379d354b9b95048,True,1.0,1.0,1.0,1.0,0.8096356092988451,1.0,1.0,1.0,1.0,,,,,,,,,,0.9405111279058891
17,4d5a01dea92b5867,True,1.0,1.0,1.0,1.0,1.0,1.0,1.0,1.0,0.0,,,,,,,,,,0.875
18,faa12c2adc7c521f,True,1.0,0.0,1.0,1.0,0.8436303799152943,1.0,1.0,1.0,0.0,,,,,,,,,,0.0
19,f749ff64838c5664,True,1.0,1.0,1.0,1.0,1.0,1.0,1.0,1.0,0.0,,,,,,,,,,0.875
20,e17587a96a795abf,True,1.0,1.0,1.0,1.0,0.6380039216304156,1.0,1.0,1.0,1.0,,,,,,,,,,0.8868762255095048
21,afbf82af256b5711,True,1.0,1.0,1.0,1.0,1.0,1.0,1.0,1.0,1.0,,,,,,,,,,1.0
22,98b414a515bb5b99,True,1.0,1.0,1.0,1.0,0.589053928260502,1.0,1.0,1.0,0.0,,,,,,,,,,0.7465793525814068
23,64a7186ab49b5cdc,True,1.0,1.0,1.0,1.0,0.7790352862168407,1.0,1.0,1.0,1.0,,,,,,,,,,0.9309485269427628
24,289a58bd2ab6512b,True,1.0,1.0,1.0,1.0,0.6737442171782002,1.0,1.0,1.0,1.0,,,,,,,,,,0.8980450678681875
25,95b1bc0848e85064,True,1.0,1.0,1.0,1.0,0.4216286441704908,1.0,1.0,1.0,1.0,,,,,,,,,,0.8192589513032784
26,8c689c4b2df55539,True,1.0,1.0,1.0,1.0,0.7902595787931915,1.0,1.0,1.0,0.0,,,,,,,,,,0.8094561183728723
27,76a0c83f0b6453a0,True,1.0,1.0,1.0,1.0,0.8092684859197091,1.0,1.0,1.0,0.0,,,,,,,,,,0.8153964018499091
28,cbc268a868be50c2,True,1.0,1.0,1.0,1.0,1.0,1.0,1.0,1.0,1.0,,,,,,,,,,1.0
29,58d40da0cce05d8c,True,1.0,1.0,1.0,1.0,1.0,1.0,1.0,1.0,1.0,,,,,,,,,,1.0
30,e9c2b75226b85cfe,True,1.0,1.0,1.0,1.0,0.7161629046844833,1.0,1.0,1.0,1.0,,,,,,,,,,0.911300907713901
31,689abfdd66235378,True,1.0,1.0,0.0,1.0,0.9552158308651821,1.0,0.0,1.0,1.0,,,,,,,,,,0.0
32,8164612a623156ae,True,1.0,1.0,1.0,1.0,1.0,1.0,1.0,1.0,1.0,,,,,,,,,,1.0
33,c887e4bc08f85aa5,True,1.0,1.0,1.0,1.0,1.0,0.0,1.0,1.0,1.0,,,,,,,,,,0.6875
34,2ee150fedbb15345,True,1.0,1.0,1.0,1.0,0.7457283510936278,1.0,1.0,1.0,1.0,,,,,,,,,,0.9205401097167587
35,cd9d029138325c2c,True,1.0,1.0,0.5,1.0,0.8953124769498971,1.0,1.0,1.0,1.0,,,,,,,,,,0.4836425745234214
36,74c8385c2d845cde,True,1.0,1.0,1.0,1.0,0.5092546847387993,1.0,1.0,1.0,0.0,,,,,,,,,,0.7216420889808748
37,ac7bd595b9a3544c,True,1.0,1.0,1.0,1.0,1.0,1.0,1.0,1.0,0.0,,,,,,,,,,0.875
38,a713265a7f905034,True,1.0,1.0,1.0,1.0,1.0,1.0,1.0,1.0,1.0,,,,,,,,,,1.0
39,e747d6fdc59252f3,True,1.0,1.0,1.0,1.0,0.6683992793927693,1.0,1.0,1.0,0.0,,,,,,,,,,0.7713747748102404
40,89e4665cd63a55bd,True,0.0,1.0,1.0,1.0,1.0,0.0,1.0,1.0,0.0,,,,,,,,,,0.0
41,62103d9b18645ebd,True,1.0,1.0,1.0,1.0,0.6841402862217646,1.0,1.0,1.0,1.0,,,,,,,,,,0.9012938394443014
42,b6247a5245a5554f,True,1.0,1.0,1.0,1.0,1.0,1.0,1.0,1.0,1.0,,,,,,,,,,1.0
43,02a81792cbdb5dd5,True,1.0,1.0,1.0,1.0,1.0,1.0,1.0,1.0,0.0,,,,,,,,,,0.875
44,70f718ebc8b4505e,True,1.0,1.0,1.0,1.0,0.9486652211488673,1.0,1.0,1.0,1.0,,,,,,,,,,0.9839578816090211
45,cd7e4f70ce8e539b,True,1.0,1.0,1.0,1.0,0.5597963758401612,1.0,1.0,1.0,1.0,,,,,,,,,,0.8624363674500504
46,5c084920ee285003,True,1.0,1.0,1.0,1.0,0.6140758254361816,1.0,0.0,1.0,0.0,,,,,,,,,,0.6293986954488067
47,3623049267d35a95,True,1.0,1.0,1.0,1.0,0.7297527765747047,1.0,1.0,1.0,1.0,,,,,,,,,,0.9155477426795953
48,962deb8ccdaf50e3,True,1.0,1.0,1.0,1.0,0.37486811294301925,1.0,1.0,1.0,1.0,,,,,,,,,,0.8046462852946935
49,c340cf7465ab5bbe,True,1.0,1.0,1.0,1.0,0.65503556726291,1.0,1.0,1.0,1.0,,,,,,,,,,0.8921986147696594
50,ffe92084016a5795,True,1.0,1.0,1.0,1.0,0.5300600866797287,1.0,1.0,1.0,0.0,,,,,,,,,,0.7281437770874153
51,e0b92501aa5051b1,True,1.0,1.0,1.0,1.0,1.0,1.0,1.0,1.0,1.0,,,,,,,,,,1.0
52,6e2c6027edb85763,True,1.0,1.0,1.0,1.0,1.0,1.0,0.0,1.0,0.0,,,,,,,,,,0.75
53,63980d0b4c9352c4,True,1.0,1.0,1.0,1.0,0.7727513994460126,1.0,1.0,1.0,0.0,,,,,,,,,,0.8039848123268789
54,3af9cb4d21e15e9e,True,1.0,1.0,1.0,1.0,0.506374327824992,1.0,1.0,1.0,1.0,,,,,,,,,,0.84574197744531
55,d25b6512a43f5e54,True,1.0,1.0,1.0,1.0,0.6099563957263948,1.0,1.0,1.0,0.0,,,,,,,,,,0.7531113736644983
56,e1d83d0f913a5263,True,1.0,1.0,1.0,1.0,1.0,1.0,1.0,1.0,1.0,,,,,,,,,,1.0
57,42052560d5925f35,True,1.0,1.0,1.0,1.0,0.6148405484684618,1.0,1.0,1.0,1.0,,,,,,,,,,0.8796376713963943
58,c8507cfbe8575463,True,0.0,1.0,1.0,1.0,1.0,0.0,1.0,1.0,0.0,,,,,,,,,,0.0
59,fe22e2c812e65096,True,1.0,1.0,1.0,1.0,0.5323843956890562,1.0,1.0,1.0,1.0,,,,,,,,,,0.8538701236528301
60,2322850f71fa5c4d,True,1.0,1.0,1.0,1.0,0.832944959408002,1.0,1.0,1.0,1.0,,,,,,,,,,0.9477952998150005
61,7d24bd01f77c5d87,True,1.0,1.0,1.0,1.0,0.8775432187854671,1.0,1.0,1.0,0.0,,,,,,,,,,0.8367322558704584
62,8f8ccbd6ffcb54b9,True,1.0,1.0,1.0,1.0,0.8541861192171539,1.0,1.0,1.0,1.0,,,,,,,,,,0.9544331622553606
63,4dd1ab3a667b5074,True,1.0,1.0,1.0,1.0,1.0,1.0,0.0,1.0,0.0,,,,,,,,,,0.75
64,df72dca23ca45733,True,1.0,1.0,1.0,1.0,1.0,1.0,1.0,1.0,1.0,,,,,,,,,,1.0
65,f1bdf7e4e9f5534e,True,1.0,1.0,1.0,1.0,0.6913432792361146,1.0,0.0,1.0,1.0,,,,,,,,,,0.7785447747612858
66,f2117260382b5d83,True,1.0,1.0,1.0,1.0,0.9549563633409426,1.0,1.0,1.0,0.0,,,,,,,,,,0.8609238635440446
67,69baa41122b45e43,True,1.0,1.0,1.0,1.0,0.8363132991612583,1.0,1.0,1.0,0.0,,,,,,,,,,0.8238479059878931
68,8237f47b224952b4,True,1.0,0.0,1.0,1.0,0.9882215003776048,1.0,1.0,1.0,1.0,,,,,,,,,,0.0
69,9e9e33077f375062,True,1.0,0.0,1.0,1.0,0.7975545286873977,1.0,1.0,1.0,0.0,,,,,,,,,,0.0
70,9483fae2cfc352eb,True,1.0,1.0,1.0,1.0,0.6220812680288534,1.0,1.0,1.0,0.0,,,,,,,,,,0.7569003962590167
71,75ffe77189e95d43,True,1.0,1.0,1.0,1.0,0.6637713966640542,1.0,1.0,1.0,0.0,,,,,,,,,,0.7699285614575169
72,6326d00e52115da4,True,1.0,1.0,1.0,1.0,1.0,1.0,1.0,1.0,1.0,,,,,,,,,,1.0
73,eb3912d9717d5177,True,1.0,1.0,1.0,1.0,0.7338484100393249,1.0,1.0,1.0,1.0,,,,,,,,,,0.916827628137289
74,b8d2227c06a351e4,True,1.0,1.0,1.0,1.0,0.40839554699659175,1.0,1.0,1.0,1.0,,,,,,,,,,0.8151236084364349
75,fa2c36ce4ba156cb,True,1.0,1.0,1.0,1.0,0.9053354429876204,1.0,1.0,1.0,1.0,,,,,,,,,,0.9704173259336314
76,87b2c0e49070537f,True,1.0,1.0,1.0,1.0,1.0,1.0,1.0,1.0,1.0,,,,,,,,,,1.0
77,17a015f4ef9b56d0,True,1.0,1.0,1.0,1.0,0.6699820120754528,1.0,1.0,1.0,1.0,,,,,,,,,,0.896869378773579
78,a7d3e71b8ca456a9,True,1.0,1.0,1.0,1.0,1.0,1.0,1.0,1.0,0.0,,,,,,,,,,0.875
79,67debdeae60b5fa4,True,1.0,0.0,0.5,1.0,0.7500708967786973,1.0,1.0,1.0,1.0,,,,,,,,,,0.0
80,46deeff0d0495df6,True,1.0,1.0,1.0,1.0,0.6048434870073129,1.0,1.0,1.0,1.0,,,,,,,,,,0.8765135896897853
81,d45f18da371a5fe5,True,1.0,1.0,1.0,1.0,0.8779625515002707,1.0,0.0,1.0,1.0,,,,,,,,,,0.8368632973438346
82,e9b43b140b1d54bf,True,1.0,0.0,1.0,1.0,1.0,1.0,1.0,1.0,1.0,,,,,,,,,,0.0
83,5c883441084d58d7,True,1.0,1.0,1.0,1.0,1.0,1.0,1.0,0.0,0.0,,,,,,,,,,0.75
84,c7a44a2e52bc5e22,True,1.0,1.0,1.0,1.0,0.8797048097164512,1.0,1.0,1.0,0.0,,,,,,,,,,0.837407753036391
85,262333f372975eef,True,1.0,1.0,1.0,1.0,1.0,1.0,1.0,1.0,0.0,,,,,,,,,,0.875
86,54a295777c3a5d46,True,1.0,1.0,1.0,1.0,0.6714189548887987,1.0,1.0,1.0,1.0,,,,,,,,,,0.8973184234027496
87,0122ce98b2735558,True,1.0,1.0,1.0,1.0,1.0,1.0,1.0,1.0,1.0,,,,,,,,,,1.0
88,07846b829b3a575e,True,1.0,1.0,1.0,1.0,0.7472267273789964,1.0,1.0,1.0,1.0,,,,,,,,,,0.9210083523059364
89,67abcf0964415891,True,0.0,1.0,1.0,1.0,0.8241977288954109,0.0,1.0,0.0,0.0,,,,,,,,,,0.0
90,a6edd19740415b54,True,1.0,1.0,1.0,1.0,1.0,1.0,1.0,1.0,0.0,,,,,,,,,,0.875
91,f8b524a4e8925503,True,1.0,0.0,1.0,1.0,0.9775064743143816,1.0,1.0,1.0,1.0,,,,,,,,,,0.0
92,d08ae5bc8a435f97,True,0.0,1.0,1.0,1.0,1.0,0.0,1.0,1.0,1.0,,,,,,,,,,0.0
93,c02f04af32b75648,True,1.0,1.0,1.0,1.0,0.8521218735165251,1.0,1.0,1.0,0.0,,,,,,,,,,0.828788085473914
94,ecc6da85180a5eee,True,1.0,1.0,0.0,1.0,1.0,1.0,0.0,1.0,1.0,,,,,,,,,,0.0
95,442b2cf63c6f570a,True,1.0,1.0,1.0,1.0,0.6877054537812137,1.0,1.0,1.0,0.0,,,,,,,,,,0.7774079543066292
96,680c8d90658556da,True,1.0,0.0,1.0,1.0,0.6839909716784528,1.0,1.0,1.0,0.0,,,,,,,,,,0.0
97,39a1ca97dca75beb,True,0.0,0.0,1.0,1.0,1.0,0.0,1.0,1.0,1.0,,,,,,,,,,0.0
98,f3ca2707d87a586b,True,1.0,1.0,1.0,1.0,1.0,1.0,1.0,1.0,1.0,,,,,,,,,,1.0
99,bd9abb7104dc5408,True,1.0,1.0,1.0,1.0,0.7334530648972796,1.0,1.0,1.0,1.0,,,,,,,,,,0.9167040827803998
100,c1e0af56e9eb50b8,True,1.0,1.0,1.0,1.0,1.0,1.0,1.0,1.0,0.0,,,,,,,,,,0.875
101,ce8a292cbd7f54d5,True,1.0,1.0,1.0,1.0,0.8166268340051067,1.0,1.0,1.0,1.0,,,,,,,,,,0.9426958856265959
102,11d28b80cd0a56d5,True,1.0,1.0,1.0,1.0,0.9808281740637953,1.0,1.0,1.0,0.0,,,,,,,,,,0.869008804394936
103,116aacf9868e5e4e,True,1.0,1.0,1.0,1.0,0.9124372739313394,1.0,1.0,1.0,1.0,,,,,,,,,,0.9726366481035436
104,f038fc7ffdab5bad,True,1.0,1.0,1.0,1.0,1.0,1.0,1.0,1.0,0.0,,,,,,,,,,0.875
105,abbf1c193ac75f91,True,1.0,1.0,1.0,1.0,1.0,1.0,1.0,1.0,1.0,,,,,,,,,,1.0
106,c656016133b05a15,True,1.0,1.0,1.0,1.0,1.0,1.0,1.0,1.0,1.0,,,,,,,,,,1.0
107,66583dab627951a2,True,1.0,1.0,1.0,1.0,0.7333597968365465,1.0,1.0,1.0,0.0,,,,,,,,,,0.7916749365114208
108,faa8cd5e541a5b67,True,1.0,1.0,1.0,1.0,1.0,1.0,0.0,1.0,1.0,,,,,,,,,,0.875
109,580dac44fa305877,True,1.0,1.0,1.0,1.0,0.5747674830745834,1.0,1.0,1.0,0.0,,,,,,,,,,0.7421148384608073
110,c28c7b29e80059d2,True,1.0,1.0,1.0,1.0,0.8727950774809466,1.0,1.0,1.0,1.0,,,,,,,,,,0.9602484617127958
111,49074bfb7c9e5c26,True,1.0,1.0,1.0,1.0,0.7939662812126197,1.0,1.0,1.0,0.0,,,,,,,,,,0.8106144628789437
112,1a707ed0d7ba541d,True,1.0,1.0,1.0,1.0,0.7395939289168254,1.0,1.0,1.0,0.0,,,,,,,,,,0.7936231027865079
113,fda0145d54065b7c,True,1.0,1.0,1.0,1.0,1.0,1.0,1.0,1.0,0.0,,,,,,,,,,0.875
114,5d2ee89308f958be,True,1.0,1.0,1.0,1.0,0.7163564913289294,1.0,1.0,1.0,1.0,,,,,,,,,,0.9113614035402904
115,515fefed28a65a88,True,1.0,1.0,1.0,1.0,0.6349190983578425,1.0,1.0,1.0,0.0,,,,,,,,,,0.7609122182368258
116,eed801b1cd035275,True,1.0,1.0,1.0,1.0,1.0,1.0,1.0,0.0,0.0,,,,,,,,,,0.75
117,da36c99454f65715,True,1.0,0.0,1.0,1.0,0.9167145757101204,1.0,0.0,1.0,0.0,,,,,,,,,,0.0
118,b393ab92c8ac5e77,True,1.0,1.0,1.0,1.0,0.8520401029747041,1.0,1.0,0.0,0.0,,,,,,,,,,0.7037625321795951
119,f289e368449b517b,True,1.0,1.0,1.0,1.0,0.7383593948482865,1.0,1.0,1.0,1.0,,,,,,,,,,0.9182373108900895
120,20728d3e677b593d,True,1.0,1.0,1.0,1.0,0.5920362461175904,1.0,1.0,1.0,1.0,,,,,,,,,,0.872511326911747
121,5f53001e7e2d5347,True,1.0,1.0,1.0,1.0,1.0,1.0,0.0,1.0,1.0,,,,,,,,,,0.875
122,fe9e76e6cac35fba,True,1.0,1.0,1.0,1.0,0.37389452867067907,1.0,1.0,1.0,1.0,,,,,,,,,,0.8043420402095872
123,a19d3096f2625fdb,True,1.0,1.0,1.0,1.0,1.0,1.0,1.0,1.0,1.0,,,,,,,,,,1.0
124,4cac9f6cd85a5b47,True,1.0,1.0,1.0,1.0,0.8740379388994948,1.0,1.0,1.0,1.0,,,,,,,,,,0.960636855906092
125,063dc3e59f7158d9,True,1.0,1.0,1.0,1.0,0.41948928880101316,1.0,1.0,1.0,1.0,,,,,,,,,,0.8185904027503166
126,6e3cf172a2755fae,True,1.0,1.0,1.0,1.0,0.8837018223079899,1.0,1.0,1.0,1.0,,,,,,,,,,0.9636568194712468
127,05f1a5cbc0905d8e,True,1.0,1.0,1.0,1.0,0.7449556264352155,1.0,1.0,1.0,0.0,,,,,,,,,,0.7952986332610048
128,a67c6744e6c45edb,True,1.0,1.0,1.0,1.0,0.6535031640677034,1.0,1.0,1.0,0.0,,,,,,,,,,0.7667197387711573
129,2e1d4bde0a16514b,True,1.0,1.0,1.0,1.0,0.6430732252270742,1.0,1.0,1.0,1.0,,,,,,,,,,0.8884603828834607
130,1bc892186af15042,True,1.0,1.0,1.0,1.0,0.5587353085413068,1.0,1.0,1.0,1.0,,,,,,,,,,0.8621047839191583
131,8d90099a801d5682,True,0.0,1.0,1.0,1.0,1.0,0.0,0.0,1.0,1.0,,,,,,,,,,0.0
132,6b0d21782a3b5a22,True,1.0,1.0,1.0,1.0,0.5666702027433275,1.0,1.0,1.0,1.0,,,,,,,,,,0.8645844383572898
133,c5b585ddf50d5f1f,True,1.0,1.0,1.0,1.0,1.0,1.0,1.0,1.0,0.0,,,,,,,,,,0.875
134,ed01297783a05dba,True,1.0,1.0,1.0,1.0,0.941486441571414,1.0,1.0,1.0,0.0,,,,,,,,,,0.8567145129910669
135,f23073987e7956e3,True,1.0,1.0,1.0,1.0,0.6991866281266629,1.0,1.0,1.0,1.0,,,,,,,,,,0.9059958212895821
136,52b2e626eca85976,True,1.0,1.0,1.0,1.0,0.6306501320528787,1.0,1.0,1.0,1.0,,,,,,,,,,0.8845781662665246
137,90ed944de9405835,True,1.0,1.0,1.0,1.0,0.8618882655221852,1.0,1.0,1.0,1.0,,,,,,,,,,0.9568400829756829
138,90314b74c92954d6,True,1.0,1.0,0.5,1.0,1.0,1.0,0.0,1.0,1.0,,,,,,,,,,0.4375
139,28c89352b09b55d4,True,1.0,1.0,1.0,1.0,0.6396113185367048,1.0,1.0,1.0,1.0,,,,,,,,,,0.8873785370427203
140,1b95b6689ee75fab,True,1.0,1.0,1.0,1.0,0.8675790883585709,1.0,1.0,1.0,0.0,,,,,,,,,,0.8336184651120534
141,557a287c11cc5960,True,1.0,1.0,1.0,1.0,1.0,1.0,1.0,1.0,1.0,,,,,,,,,,1.0
142,a44db880afe95be7,True,1.0,1.0,1.0,1.0,0.8244655004719275,1.0,0.0,1.0,1.0,,,,,,,,,,0.8201454688974773
143,85f2b1f1f1f45b5c,True,1.0,1.0,1.0,1.0,0.5629965235176819,1.0,0.0,1.0,0.0,,,,,,,,,,0.6134364135992756
144,b9f3b69b160e5ad0,True,1.0,1.0,1.0,1.0,0.9383750412939809,1.0,1.0,1.0,0.0,,,,,,,,,,0.855742200404369
145,3b910accfc12560a,True,1.0,1.0,1.0,1.0,0.6962936067778065,1.0,1.0,1.0,1.0,,,,,,,,,,0.9050917521180646
146,e1886e081b945907,True,1.0,1.0,1.0,1.0,0.6199160443886474,1.0,1.0,1.0,1.0,,,,,,,,,,0.8812237638714523
147,330166def5a35f4d,True,1.0,1.0,1.0,1.0,1.0,1.0,1.0,1.0,1.0,,,,,,,,,,1.0
148,a2d7be8710535e33,True,1.0,1.0,1.0,1.0,0.7717455723748579,1.0,1.0,1.0,1.0,,,,,,,,,,0.9286704913671431
149,67b05cf704325e6b,True,1.0,0.0,1.0,1.0,0.8251443039539815,1.0,1.0,1.0,1.0,,,,,,,,,,0.0
150,dded75c35039515f,True,1.0,1.0,1.0,1.0,1.0,1.0,1.0,1.0,1.0,,,,,,,,,,1.0
151,757c23c6819c589c,True,1.0,1.0,1.0,1.0,0.8197588922458008,1.0,1.0,1.0,1.0,,,,,,,,,,0.9436746538268128
152,771c4e378bef58e4,True,1.0,1.0,1.0,1.0,1.0,1.0,1.0,1.0,1.0,,,,,,,,,,1.0
153,a3f2ea7187975b13,True,1.0,1.0,1.0,1.0,1.0,1.0,1.0,1.0,1.0,,,,,,,,,,1.0
154,afcd7846a4f35622,True,1.0,1.0,1.0,1.0,0.8156175079615283,1.0,1.0,1.0,1.0,,,,,,,,,,0.9423804712379775
155,5f4991d3d2ca5eee,True,1.0,1.0,1.0,1.0,0.42459238967187907,1.0,1.0,1.0,1.0,,,,,,,,,,0.8201851217724623
156,f025b78e77b25fba,True,0.0,1.0,1.0,1.0,0.859068774672072,0.0,1.0,1.0,1.0,,,,,,,,,,0.0
157,8fb11d5808355072,True,0.0,1.0,1.0,1.0,1.0,0.0,1.0,1.0,1.0,,,,,,,,,,0.0
158,0cd0aaeb35c95094,True,1.0,1.0,1.0,1.0,1.0,1.0,1.0,1.0,1.0,,,,,,,,,,1.0
159,2382542e05f253df,True,1.0,1.0,1.0,1.0,0.8761293421136291,1.0,1.0,1.0,1.0,,,,,,,,,,0.9612904194105091
160,834cf95826ec5c73,True,1.0,1.0,1.0,1.0,0.7235167431426821,1.0,0.0,1.0,0.0,,,,,,,,,,0.6635989822320881
161,b474c79361415cb0,True,1.0,1.0,1.0,1.0,0.7608396449340181,1.0,1.0,1.0,0.0,,,,,,,,,,0.8002623890418806
162,179bc3ae5b9f56b0,True,1.0,1.0,0.0,1.0,0.8786725177942697,1.0,1.0,1.0,1.0,,,,,,,,,,0.0
163,76c31764665151be,True,1.0,1.0,1.0,1.0,0.5707682826478359,1.0,1.0,1.0,0.0,,,,,,,,,,0.7408650883274487
164,1c77ba7488d35c52,True,1.0,0.0,1.0,1.0,0.8299928803372415,1.0,1.0,1.0,1.0,,,,,,,,,,0.0
165,3d324bda0cec57ab,True,1.0,1.0,1.0,1.0,0.9416906900988413,1.0,1.0,1.0,0.0,,,,,,,,,,0.856778340655888
166,1a928640315c5332,True,1.0,0.0,1.0,1.0,0.980253684294629,1.0,0.0,1.0,1.0,,,,,,,,,,0.0
167,9d9762d42ff5561d,True,1.0,1.0,1.0,1.0,1.0,1.0,1.0,1.0,1.0,,,,,,,,,,1.0
168,aee07628c2ab5ce1,True,1.0,1.0,1.0,1.0,0.6696437692937545,1.0,1.0,1.0,1.0,,,,,,,,,,0.8967636779042982
169,8f5b6181d28e5d4a,True,1.0,1.0,1.0,1.0,0.8777778368910653,1.0,0.0,1.0,1.0,,,,,,,,,,0.8368055740284579
170,75857e1f177b5af4,True,1.0,1.0,1.0,1.0,0.5681698226144826,1.0,1.0,1.0,1.0,,,,,,,,,,0.8650530695670258
171,5593db2f64115fbf,True,1.0,1.0,1.0,1.0,1.0,1.0,1.0,1.0,1.0,,,,,,,,,,1.0
172,082ea12d7b2355cb,True,1.0,1.0,1.0,1.0,1.0,1.0,1.0,1.0,1.0,,,,,,,,,,1.0
173,a091a6a6033c559f,True,0.0,0.0,1.0,1.0,1.0,0.0,1.0,1.0,0.0,,,,,,,,,,0.0
174,a43dbb1d34665f24,True,1.0,0.0,1.0,1.0,0.5701177750291196,1.0,1.0,1.0,1.0,,,,,,,,,,0.0
175,d142ab856b7653df,True,1.0,1.0,1.0,1.0,0.7614890303115041,1.0,1.0,1.0,1.0,,,,,,,,,,0.925465321972345
176,1ea152f7056659a9,True,1.0,0.0,0.5,1.0,0.7957232381594508,1.0,1.0,1.0,0.0,,,,,,,,,,0.0
177,4972962184a75fa7,True,1.0,0.0,1.0,1.0,0.7413591091750942,1.0,1.0,1.0,0.0,,,,,,,,,,0.0
178,e7f8a61d807f5914,True,1.0,0.0,1.0,1.0,1.0,1.0,0.0,1.0,1.0,,,,,,,,,,0.0
179,3921f38b62d55f1a,True,1.0,1.0,1.0,1.0,0.9405687945302982,1.0,1.0,1.0,1.0,,,,,,,,,,0.9814277482907181
180,afe83cb6c0ae5f67,True,1.0,1.0,1.0,1.0,0.8444054113119692,1.0,1.0,1.0,0.0,,,,,,,,,,0.8263766910349903
181,19e90f2757b25f38,True,1.0,1.0,1.0,1.0,0.6619810865541098,1.0,1.0,1.0,0.0,,,,,,,,,,0.7693690895481593
182,197f2dea642850e7,True,1.0,1.0,1.0,1.0,1.0,1.0,1.0,1.0,1.0,,,,,,,,,,1.0
183,7a8c81a7cd1256e0,True,1.0,1.0,1.0,1.0,0.7275799414280564,1.0,1.0,1.0,1.0,,,,,,,,,,0.9148687316962676
184,470cfa23e42757c3,True,1.0,0.0,1.0,1.0,0.6015101629018569,1.0,1.0,1.0,1.0,,,,,,,,,,0.0
185,f56b0cc9c9d95421,True,1.0,1.0,1.0,1.0,1.0,1.0,1.0,1.0,1.0,,,,,,,,,,1.0
186,cf05c9f4f6e55af3,True,1.0,1.0,1.0,1.0,0.5983726988783636,1.0,1.0,1.0,0.0,,,,,,,,,,0.7494914683994887
187,c296ded44f9a509a,True,1.0,1.0,1.0,1.0,0.7361020679647673,1.0,1.0,1.0,1.0,,,,,,,,,,0.9175318962389898
188,a417154cf84a5426,True,1.0,1.0,1.0,1.0,1.0,1.0,1.0,1.0,0.0,,,,,,,,,,0.875
189,dac84d4f931e54ab,True,0.0,1.0,1.0,1.0,0.7377732636807441,0.0,1.0,1.0,1.0,,,,,,,,,,0.0
190,ac0c6104c53e581e,True,1.0,1.0,1.0,1.0,1.0,1.0,1.0,1.0,1.0,,,,,,,,,,1.0
191,f9e3a8f1b0ae5d43,True,1.0,1.0,1.0,1.0,0.5217693500065741,1.0,1.0,1.0,0.0,,,,,,,,,,0.7255529218770544
192,79e8f1ce9ed95cf6,True,1.0,1.0,1.0,1.0,0.44816090156428934,1.0,1.0,1.0,1.0,,,,,,,,,,0.8275502817388405
193,a47772efd1d758d6,True,1.0,0.0,1.0,1.0,1.0,1.0,1.0,1.0,0.0,,,,,,,,,,0.0
194,5d7c7edca69d5e73,True,0.0,1.0,1.0,1.0,1.0,0.0,1.0,1.0,0.0,,,,,,,,,,0.0
195,102627370a1e5b88,True,1.0,1.0,1.0,1.0,0.7536204496542157,1.0,1.0,1.0,1.0,,,,,,,,,,0.9230063905169424
196,132d1ec43fc058e1,True,1.0,0.0,1.0,1.0,0.9864012187437656,1.0,1.0,1.0,1.0,,,,,,,,,,0.0
197,847432a116d35db0,True,0.0,1.0,1.0,1.0,1.0,0.0,1.0,1.0,0.0,,,,,,,,,,0.0
198,889aac2576295c91,True,1.0,1.0,1.0,1.0,0.8464414567151269,1.0,1.0,1.0,0.0,,,,,,,,,,0.8270129552234772
199,5c838efd36805c92,True,1.0,1.0,1.0,1.0,0.8415310411287569,1.0,1.0,1.0,1.0,,,,,,,,,,0.9504784503527366
200,34489cf42e005e93,True,1.0,1.0,1.0,1.0,1.0,1.0,1.0,1.0,0.0,,,,,,,,,,0.875
201,0b1250020ea95539,True,1.0,1.0,1.0,1.0,0.667347085067565,1.0,1.0,1.0,0.0,,,,,,,,,,0.771045964083614
202,99ebd32df2f453f8,True,1.0,0.0,1.0,1.0,1.0,1.0,0.0,1.0,1.0,,,,,,,,,,0.0
203,7a91cd530cac57fc,True,1.0,1.0,1.0,1.0,0.7083448741139187,1.0,1.0,1.0,1.0,,,,,,,,,,0.9088577731605996
204,5e74b6a61b715f47,True,0.0,1.0,0.0,1.0,1.0,0.0,1.0,1.0,0.0,,,,,,,,,,0.0
205,ae472d675a965aca,True,1.0,1.0,1.0,1.0,0.8299144143902261,1.0,1.0,1.0,1.0,,,,,,,,,,0.9468482544969457
206,635d0bb58aa95282,True,1.0,1.0,1.0,1.0,0.5472844741906651,1.0,1.0,1.0,1.0,,,,,,,,,,0.8585263981845828
207,68097b10029d5fe1,True,1.0,1.0,1.0,1.0,0.9881606709912737,1.0,1.0,1.0,1.0,,,,,,,,,,0.9963002096847731
208,622867ce25805447,True,1.0,1.0,1.0,1.0,0.981719874629033,1.0,1.0,1.0,1.0,,,,,,,,,,0.9942874608215728
209,b02bf210eda55579,True,1.0,1.0,1.0,1.0,1.0,1.0,0.0,1.0,1.0,,,,,,,,,,0.875
210,deb455f53c805643,True,1.0,1.0,1.0,1.0,0.834637686218201,1.0,1.0,0.0,0.0,,,,,,,,,,0.6983242769431879
211,2030d3a5ed675084,True,1.0,1.0,1.0,1.0,0.9897938035309136,1.0,1.0,1.0,0.0,,,,,,,,,,0.8718105636034106
212,773cb036b1195879,True,1.0,1.0,1.0,1.0,1.0,1.0,1.0,1.0,1.0,,,,,,,,,,1.0
213,d5b18d6105c25004,True,1.0,1.0,1.0,1.0,1.0,1.0,1.0,1.0,1.0,,,,,,,,,,1.0
214,b9d14f59883a5496,True,1.0,1.0,1.0,1.0,0.7195639875530951,1.0,1.0,1.0,0.0,,,,,,,,,,0.7873637461103422
215,d20be65e3dc65738,True,1.0,0.0,1.0,1.0,0.9020118981347669,1.0,1.0,1.0,1.0,,,,,,,,,,0.0
216,c054f473288d5515,True,1.0,1.0,1.0,1.0,1.0,1.0,1.0,1.0,1.0,,,,,,,,,,1.0
217,529d2e20dc615c3b,True,1.0,1.0,1.0,1.0,1.0,1.0,1.0,1.0,0.0,,,,,,,,,,0.875
218,cb02d1e1315a5e67,True,1.0,1.0,1.0,1.0,0.8032557536597761,1.0,1.0,1.0,0.0,,,,,,,,,,0.81351742301868
219,7af0e9b8a12056e8,True,1.0,1.0,1.0,1.0,0.8123931561671462,1.0,1.0,1.0,0.0,,,,,,,,,,0.8163728613022332
220,ef7089ecfb0c5028,True,1.0,0.0,1.0,1.0,1.0,1.0,1.0,1.0,1.0,,,,,,,,,,0.0
221,5d5d1442b83d5c5c,True,1.0,1.0,1.0,1.0,0.4488652534296698,1.0,1.0,1.0,1.0,,,,,,,,,,0.8277703916967718
222,813c23718919507a,True,0.0,1.0,1.0,1.0,1.0,0.0,1.0,1.0,0.0,,,,,,,,,,0.0
223,3b3627c7892d5b5e,True,1.0,1.0,1.0,1.0,0.7983549113890586,1.0,1.0,1.0,1.0,,,,,,,,,,0.9369859098090808
224,0dc54a8c8203567b,True,1.0,1.0,1.0,1.0,0.712865260242493,1.0,1.0,1.0,1.0,,,,,,,,,,0.910270393825779
225,3067f3d3d5a75989,True,0.0,0.0,0.5,1.0,1.0,0.0,1.0,1.0,0.0,,,,,,,,,,0.0
226,e024bd23594b5a13,True,1.0,1.0,1.0,1.0,1.0,1.0,1.0,1.0,1.0,,,,,,,,,,1.0
227,fe8eddd5ec8654cd,True,1.0,1.0,1.0,1.0,0.6739593339273987,1.0,1.0,1.0,0.0,,,,,,,,,,0.7731122918523121
228,697882c22eb65ca7,True,0.5,0.0,0.5,1.0,0.6333825832236797,0.0,1.0,1.0,0.0,,,,,,,,,,0.0
229,7feaf6410f1854a8,True,1.0,1.0,1.0,1.0,1.0,1.0,1.0,1.0,0.0,,,,,,,,,,0.875
230,bb5b44d240945ed0,True,1.0,1.0,1.0,1.0,1.0,1.0,1.0,1.0,0.0,,,,,,,,,,0.875
231,dddf14378c355c3a,True,1.0,1.0,1.0,1.0,0.8390025997975877,1.0,1.0,1.0,1.0,,,,,,,,,,0.9496883124367461
232,686b55439d5e591e,True,1.0,1.0,1.0,1.0,0.9560735825551645,1.0,1.0,1.0,1.0,,,,,,,,,,0.9862729945484889
233,afd632f043e35a49,True,1.0,1.0,1.0,1.0,0.8861943427106529,1.0,1.0,1.0,1.0,,,,,,,,,,0.964435732097079
234,c7cb2e43b2d053b7,True,1.0,1.0,1.0,1.0,0.9418046238352618,1.0,1.0,1.0,0.0,,,,,,,,,,0.8568139449485193
235,b459c8b7fd2b5aa4,True,1.0,1.0,1.0,1.0,1.0,1.0,0.0,1.0,0.0,,,,,,,,,,0.75
236,1e9350ac2bc25f59,True,1.0,0.0,1.0,1.0,0.5355656758642112,1.0,1.0,1.0,0.0,,,,,,,,,,0.0
237,7da863f64a5f5e90,True,1.0,1.0,1.0,1.0,0.8601055373904574,1.0,1.0,1.0,1.0,,,,,,,,,,0.9562829804345179
238,8cec7d21f7dc540b,True,1.0,1.0,1.0,1.0,0.5878163835893165,1.0,1.0,1.0,1.0,,,,,,,,,,0.8711926198716614
239,64f47c2f2c7754cb,True,1.0,1.0,1.0,1.0,1.0,1.0,1.0,1.0,0.0,,,,,,,,,,0.875
240,132307b3c1a55f97,True,1.0,1.0,1.0,1.0,1.0,1.0,1.0,1.0,0.0,,,,,,,,,,0.875
241,398326681cd7500a,True,1.0,1.0,1.0,1.0,0.9217448535888125,1.0,1.0,1.0,0.0,,,,,,,,,,0.8505452667465039
242,28a4a08f11a05407,True,1.0,1.0,1.0,1.0,0.2939072722336695,1.0,1.0,1.0,1.0,,,,,,,,,,0.7793460225730218
243,0802a51b0a1d512c,True,1.0,1.0,1.0,1.0,0.8052567941137051,1.0,1.0,1.0,1.0,,,,,,,,,,0.9391427481605328
244,d64b2da8ffb65c16,True,1.0,1.0,1.0,1.0,0.8761916339849142,1.0,1.0,1.0,0.0,,,,,,,,,,0.8363098856202857
245,ef703bb40b9a516c,True,1.0,0.0,1.0,1.0,0.9816873353514708,1.0,0.0,1.0,1.0,,,,,,,,,,0.0
246,c3d6016d73645955,True,1.0,1.0,1.0,1.0,1.0,1.0,1.0,1.0,1.0,,,,,,,,,,1.0
247,cfb755b8d37458ac,True,1.0,1.0,1.0,1.0,0.6317978358932439,1.0,1.0,1.0,0.0,,,,,,,,,,0.7599368237166387
248,4a919f7ea2f65200,True,1.0,1.0,1.0,1.0,1.0,1.0,1.0,1.0,1.0,,,,,,,,,,1.0
249,712427ff1635596c,True,1.0,1.0,1.0,1.0,0.3990597156483907,1.0,1.0,1.0,1.0,,,,,,,,,,0.8122061611401221
250,a5f411a2c379503d,True,1.0,1.0,1.0,1.0,0.7458195245622717,1.0,1.0,1.0,1.0,,,,,,,,,,0.92056860142571
251,99e0c0250e6e54c5,True,1.0,1.0,1.0,1.0,0.6537114570071955,1.0,1.0,1.0,1.0,,,,,,,,,,0.8917848303147486
252,7b22018666ac5b0e,True,1.0,0.0,1.0,1.0,0.9177336269985849,1.0,1.0,1.0,1.0,,,,,,,,,,0.0
253,7727bf26f5845499,True,1.0,1.0,1.0,1.0,0.6366478295286612,1.0,1.0,1.0,1.0,,,,,,,,,,0.8864524467277066
254,b867b28707205c0b,True,1.0,1.0,1.0,1.0,0.6714832045418129,1.0,1.0,1.0,0.0,,,,,,,,,,0.7723385014193165
255,ac55c7f072c6528d,True,1.0,1.0,1.0,1.0,0.8335014642522662,1.0,1.0,1.0,0.0,,,,,,,,,,0.8229692075788332
256,e41740b9529753af,True,1.0,1.0,1.0,1.0,1.0,1.0,1.0,1.0,1.0,,,,,,,,,,1.0
257,ce2f1ac423965b7a,True,1.0,1.0,1.0,1.0,0.9850637528799645,1.0,1.0,1.0,0.0,,,,,,,,,,0.8703324227749889
258,9ef1d618435d5e53,True,1.0,1.0,1.0,1.0,0.5447837152292899,1.0,1.0,1.0,0.0,,,,,,,,,,0.7327449110091531
259,99a98a7ffb075389,True,1.0,1.0,1.0,1.0,0.7927020605127973,1.0,1.0,1.0,1.0,,,,,,,,,,0.9352193939102491
260,5d12ad55fdd858e1,True,1.0,1.0,1.0,1.0,0.8404174604809332,1.0,1.0,1.0,1.0,,,,,,,,,,0.9501304564002917
261,c9ca538cb3235e43,True,1.0,1.0,1.0,1.0,1.0,1.0,0.0,1.0,1.0,,,,,,,,,,0.875
262,8846d60884435288,True,1.0,1.0,1.0,1.0,0.7871975958504138,1.0,1.0,1.0,0.0,,,,,,,,,,0.8084992487032543
263,3c542be991515ccd,True,1.0,0.0,1.0,1.0,0.7241026266282693,1.0,0.0,1.0,1.0,,,,,,,,,,0.0
264,087023402a695ba3,True,1.0,1.0,1.0,1.0,1.0,1.0,1.0,1.0,1.0,,,,,,,,,,1.0
265,de1662269d685ce0,True,1.0,0.0,1.0,1.0,1.0,1.0,1.0,1.0,1.0,,,,,,,,,,0.0
266,93ca181d363358eb,True,1.0,1.0,1.0,1.0,0.9178877705344838,1.0,1.0,1.0,0.0,,,,,,,,,,0.8493399282920262
267,ad34e2d0d3865530,True,1.0,1.0,1.0,1.0,0.7189352223556927,1.0,1.0,1.0,0.0,,,,,,,,,,0.787167256986154
268,84b8eb5b1a5757c1,True,1.0,0.0,1.0,1.0,0.7374564487026813,1.0,1.0,1.0,0.0,,,,,,,,,,0.0
269,43162b00fe4550b8,True,1.0,0.0,1.0,1.0,0.8955018029130023,1.0,1.0,1.0,0.0,,,,,,,,,,0.0
270,6ae2bcc5c2c050e4,True,0.0,1.0,1.0,1.0,1.0,0.0,1.0,1.0,1.0,,,,,,,,,,0.0
271,16a738813dbe5496,True,1.0,1.0,1.0,1.0,0.6278872559762263,1.0,1.0,1.0,0.0,,,,,,,,,,0.7587147674925707
272,082988f40658562c,True,1.0,1.0,1.0,1.0,1.0,1.0,1.0,1.0,1.0,,,,,,,,,,1.0
273,35b84fa433f0583f,True,1.0,1.0,1.0,1.0,0.41549662355251726,1.0,1.0,1.0,1.0,,,,,,,,,,0.8173426948601616
274,ed3db88f99a05a6c,True,1.0,1.0,1.0,1.0,0.7241559958453136,1.0,1.0,1.0,1.0,,,,,,,,,,0.9137987487016606
275,da56fca2caff52e4,True,0.5,0.0,1.0,1.0,0.792381304542181,0.0,1.0,1.0,1.0,,,,,,,,,,0.0
276,1abf52a927025259,True,1.0,1.0,1.0,1.0,0.8875170286308264,1.0,1.0,1.0,1.0,,,,,,,,,,0.9648490714471332
277,a18d2b32f8415373,True,1.0,0.0,1.0,1.0,0.8529249822849626,1.0,1.0,1.0,0.0,,,,,,,,,,0.0
278,2352aa62dbbe58d2,True,1.0,1.0,1.0,1.0,0.6026903924430179,1.0,1.0,1.0,1.0,,,,,,,,,,0.8758407476384431
279,5da314e6404c5213,True,1.0,1.0,1.0,1.0,1.0,1.0,1.0,1.0,1.0,,,,,,,,,,1.0
280,5065e99644fb5fc2,True,0.0,1.0,1.0,1.0,1.0,0.0,1.0,1.0,0.0,,,,,,,,,,0.0
281,d073c3202a7e56da,True,1.0,1.0,1.0,1.0,1.0,1.0,1.0,1.0,1.0,,,,,,,,,,1.0
282,257773cfd41d59d5,True,1.0,1.0,1.0,1.0,0.6674193671004767,1.0,1.0,1.0,1.0,,,,,,,,,,0.8960685522188989
283,bd2b1a4530a1538b,True,1.0,1.0,1.0,1.0,0.5194719350615499,1.0,1.0,1.0,1.0,,,,,,,,,,0.8498349797067344
284,f1ae4feebfda5b75,True,1.0,1.0,1.0,1.0,0.8648882942414561,1.0,1.0,1.0,0.0,,,,,,,,,,0.832777591950455
285,572e6c81e32958f2,True,1.0,1.0,1.0,1.0,0.7114389852859361,1.0,1.0,1.0,1.0,,,,,,,,,,0.909824682901855
286,ab4401719a355a62,True,1.0,1.0,0.0,1.0,1.0,1.0,0.0,1.0,1.0,,,,,,,,,,0.0
287,a97ceb2edd0251f9,True,1.0,1.0,1.0,1.0,1.0,1.0,1.0,1.0,1.0,,,,,,,,,,1.0
288,008844070af456e3,True,1.0,1.0,1.0,1.0,0.5220898350524203,1.0,1.0,1.0,1.0,,,,,,,,,,0.8506530734538813
289,20cc0fdb7e2d5c3f,True,1.0,1.0,1.0,1.0,0.8719863207277515,1.0,1.0,1.0,1.0,,,,,,,,,,0.9599957252274223
290,1c5c2e372dc954cd,True,1.0,1.0,1.0,1.0,0.9997239710544902,1.0,0.0,1.0,0.0,,,,,,,,,,0.7499137409545282
291,f1ca8dd77f205599,True,1.0,1.0,1.0,1.0,0.8708527132996385,1.0,1.0,1.0,0.0,,,,,,,,,,0.8346414729061371
292,2cae5f08e11a5dbd,True,1.0,1.0,1.0,1.0,0.8171291886081219,1.0,0.0,1.0,0.0,,,,,,,,,,0.6928528714400382
293,cc4bdc0160e157c4,True,1.0,1.0,1.0,1.0,0.6616880727552623,1.0,1.0,1.0,1.0,,,,,,,,,,0.8942775227360195
294,afa8102c20685ec5,True,1.0,1.0,1.0,1.0,0.38285625492044245,1.0,1.0,1.0,1.0,,,,,,,,,,0.8071425796626382
295,f14e7ed78b5d55b4,True,1.0,1.0,1.0,1.0,0.848662385204681,1.0,1.0,1.0,1.0,,,,,,,,,,0.9527069953764629
296,0ec9a79351355022,True,1.0,1.0,1.0,1.0,1.0,1.0,1.0,1.0,0.0,,,,,,,,,,0.875
297,75f5cc1f425c501d,True,1.0,0.0,1.0,1.0,0.8285841759484727,1.0,1.0,1.0,0.0,,,,,,,,,,0.0
298,c33bb70075e7594c,True,1.0,1.0,1.0,1.0,1.0,1.0,1.0,1.0,0.0,,,,,,,,,,0.875
299,5feede5c5a3c5116,True,0.5,0.0,1.0,1.0,1.0,0.0,1.0,1.0,1.0,,,,,,,,,,0.0
300,dd35be6455fe566b,True,1.0,1.0,1.0,1.0,0.39600191799460904,1.0,1.0,1.0,1.0,,,,,,,,,,0.8112505993733153
301,6c9e40634f705f56,True,1.0,1.0,1.0,1.0,0.8241300007954939,1.0,1.0,1.0,0.0,,,,,,,,,,0.8200406252485919
302,e5d2a01ab5b0562a,True,1.0,0.0,1.0,1.0,0.6397691994496235,1.0,1.0,1.0,0.0,,,,,,,,,,0.0
303,2575048779565f0b,True,1.0,1.0,1.0,1.0,0.8168126249941183,1.0,1.0,1.0,1.0,,,,,,,,,,0.9427539453106619
304,bcf787cdb66453f0,True,1.0,1.0,1.0,1.0,1.0,1.0,1.0,1.0,0.0,,,,,,,,,,0.875
305,f76112c834c25beb,True,1.0,0.0,1.0,1.0,0.7814288173084024,1.0,1.0,1.0,0.0,,,,,,,,,,0.0
306,a5183d5f2da251fa,True,1.0,1.0,1.0,1.0,1.0,1.0,1.0,1.0,1.0,,,,,,,,,,1.0
307,592f536375e755b6,True,1.0,0.0,1.0,1.0,0.7060219372086001,1.0,1.0,1.0,1.0,,,,,,,,,,0.0
308,352290f8ed8e572e,True,1.0,1.0,1.0,1.0,1.0,1.0,1.0,1.0,1.0,,,,,,,,,,1.0
309,53f8bc4012fe5f29,True,1.0,1.0,1.0,1.0,0.5162904424305912,1.0,1.0,1.0,0.0,,,,,,,,,,0.7238407632595598
310,ae05160436d45a62,True,1.0,1.0,1.0,1.0,0.7027086354001111,1.0,1.0,1.0,0.0,,,,,,,,,,0.7820964485625347
311,97c09fe94495563a,True,1.0,1.0,1.0,1.0,1.0,1.0,1.0,1.0,0.0,,,,,,,,,,0.875
312,57ef08c8f98457d7,True,1.0,1.0,1.0,1.0,0.8471042852078527,1.0,0.0,1.0,0.0,,,,,,,,,,0.7022200891274539
313,b60afdbc7cc65971,True,1.0,1.0,1.0,1.0,1.0,1.0,0.0,1.0,1.0,,,,,,,,,,0.875
314,b031a0b55ab951f8,True,1.0,1.0,0.5,1.0,0.8634246150725206,1.0,1.0,1.0,0.0,,,,,,,,,,0.4161600961050813
315,d64a3964875f5b41,True,1.0,1.0,1.0,1.0,1.0,1.0,1.0,1.0,1.0,,,,,,,,,,1.0
316,c1d95d8a3260541c,True,1.0,1.0,0.0,1.0,0.9097013689686643,1.0,0.0,1.0,1.0,,,,,,,,,,0.0
317,9b0a5826d2d357d8,True,1.0,1.0,1.0,1.0,0.6863176538299142,1.0,0.0,1.0,1.0,,,,,,,,,,0.7769742668218482
318,cef1a4b302b45ad8,True,1.0,0.0,1.0,1.0,0.8303075981702633,1.0,0.0,1.0,1.0,,,,,,,,,,0.0
319,0fde069313a35062,True,1.0,1.0,1.0,1.0,1.0,1.0,0.0,1.0,1.0,,,,,,,,,,0.875
320,f2592c08589e5398,True,1.0,0.0,1.0,1.0,0.6646390788685733,1.0,1.0,1.0,0.0,,,,,,,,,,0.0
321,a59bd481d324594a,True,1.0,0.0,1.0,1.0,0.7820123410801413,1.0,1.0,1.0,0.0,,,,,,,,,,0.0
322,73b2c72a73b458ca,True,1.0,1.0,1.0,1.0,0.44305020275207285,1.0,1.0,1.0,0.0,,,,,,,,,,0.7009531883600227
323,f7a9f82f17b256e2,True,1.0,1.0,1.0,1.0,1.0,1.0,1.0,1.0,1.0,,,,,,,,,,1.0
324,ad47566ea29a57bf,True,1.0,0.0,1.0,1.0,0.5680944826399205,1.0,1.0,1.0,0.0,,,,,,,,,,0.0
325,599c8b2bc9b252a7,True,1.0,1.0,1.0,1.0,0.8064635092622434,1.0,1.0,1.0,0.0,,,,,,,,,,0.8145198466444511
326,b1906c6b8b8f5f56,True,1.0,1.0,1.0,1.0,1.0,1.0,1.0,1.0,0.0,,,,,,,,,,0.875
327,452def672c5d592c,True,1.0,1.0,1.0,1.0,1.0,1.0,1.0,1.0,0.0,,,,,,,,,,0.875
328,d01fec804cd45644,True,1.0,1.0,1.0,1.0,0.6433337001123095,1.0,1.0,1.0,0.0,,,,,,,,,,0.7635417812850968
329,13310ca9a7715154,True,1.0,1.0,1.0,1.0,1.0,1.0,1.0,1.0,0.0,,,,,,,,,,0.875
330,a5ddad9bbb505316,True,1.0,1.0,1.0,1.0,0.6116755555659739,1.0,1.0,1.0,0.0,,,,,,,,,,0.7536486111143668
331,12d426c6727d507a,True,1.0,1.0,1.0,1.0,0.45484779511979617,1.0,1.0,1.0,1.0,,,,,,,,,,0.8296399359749362
332,585a681f4ad95682,True,1.0,1.0,1.0,1.0,0.7021042716782231,1.0,1.0,1.0,1.0,,,,,,,,,,0.9069075848994448
333,77f11643ced5562a,True,1.0,1.0,1.0,1.0,0.5822311843183462,1.0,1.0,1.0,1.0,,,,,,,,,,0.8694472450994832
334,a8a34f54618050f6,True,1.0,1.0,1.0,1.0,0.8152057912713432,1.0,1.0,1.0,1.0,,,,,,,,,,0.9422518097722947
335,59bf40c427da5eb1,True,1.0,0.0,1.0,1.0,0.6008945893376729,1.0,1.0,1.0,1.0,,,,,,,,,,0.0
336,e8daa33268685b31,True,1.0,0.0,1.0,1.0,1.0,1.0,1.0,1.0,0.0,,,,,,,,,,0.0
337,223d02be29c65e81,True,1.0,1.0,1.0,1.0,0.7564997923290323,1.0,1.0,1.0,1.0,,,,,,,,,,0.9239061851028226
338,e052a41759445a28,True,1.0,1.0,1.0,1.0,0.42324253785457144,1.0,1.0,1.0,0.0,,,,,,,,,,0.6947632930795535
339,5d5dfc678c9759a1,True,1.0,1.0,1.0,1.0,0.7327687898600025,1.0,1.0,1.0,0.0,,,,,,,,,,0.7914902468312508
340,23d647e77f2d515e,True,1.0,1.0,1.0,1.0,0.7136249790497863,0.0,1.0,1.0,1.0,,,,,,,,,,0.5980078059530582
341,e1f6c044f4235462,True,1.0,1.0,1.0,1.0,0.8685164627140012,1.0,1.0,1.0,1.0,,,,,,,,,,0.9589113945981254
342,e22c42694be05703,True,1.0,0.0,1.0,1.0,0.5845583569593792,1.0,1.0,1.0,1.0,,,,,,,,,,0.0
343,e244b2ddf97a57d6,True,1.0,0.0,1.0,1.0,0.6588260916873017,1.0,1.0,1.0,0.0,,,,,,,,,,0.0
344,184c11a8cc875403,True,1.0,1.0,1.0,1.0,0.8898197263657625,1.0,1.0,1.0,1.0,,,,,,,,,,0.9655686644893008
345,12f2dccfb88957f9,True,1.0,1.0,1.0,0.0,1.0,1.0,1.0,1.0,1.0,,,,,,,,,,0.0
346,e7ae612e880e5d5f,True,1.0,0.0,1.0,1.0,1.0,1.0,1.0,1.0,1.0,,,,,,,,,,0.0
347,7b2f3235b4cb5374,True,1.0,1.0,1.0,1.0,0.6027952712094946,1.0,1.0,1.0,1.0,,,,,,,,,,0.875873522252967
348,550f8f2c9795525c,True,1.0,1.0,1.0,1.0,1.0,1.0,1.0,1.0,0.0,,,,,,,,,,0.875
349,3b1e0182cb145b8d,True,1.0,1.0,0.5,1.0,1.0,1.0,1.0,0.0,0.0,,,,,,,,,,0.375
350,87eae54f57ea5690,True,1.0,1.0,1.0,1.0,0.7528047170065005,1.0,1.0,1.0,0.0,,,,,,,,,,0.7977514740645314
351,bb4f37403cea5b0e,True,1.0,0.0,1.0,1.0,0.6525676837752193,1.0,0.0,1.0,1.0,,,,,,,,,,0.0
352,70f72122f1605fa1,True,1.0,0.0,1.0,1.0,0.7598260449727282,1.0,1.0,1.0,1.0,,,,,,,,,,0.0
353,a2701552b0f95f7b,True,1.0,1.0,1.0,1.0,0.8439698214347556,1.0,1.0,1.0,0.0,,,,,,,,,,0.8262405691983612
354,112db94505025ec5,True,1.0,1.0,1.0,1.0,0.9035206075266919,1.0,1.0,1.0,1.0,,,,,,,,,,0.9698501898520913
355,1682c020a94054fa,True,1.0,1.0,1.0,1.0,0.8701025573454336,1.0,1.0,1.0,0.0,,,,,,,,,,0.8344070491704481
356,493c90dce63d5653,True,1.0,0.0,1.0,1.0,1.0,1.0,1.0,1.0,1.0,,,,,,,,,,0.0
357,d5b86f3b51d3535c,True,1.0,1.0,1.0,1.0,0.7727303650545092,1.0,1.0,0.0,0.0,,,,,,,,,,0.6789782390795341
358,56c64f7e47b15e0d,True,1.0,1.0,1.0,1.0,0.5687665174997016,1.0,1.0,1.0,1.0,,,,,,,,,,0.8652395367186567
359,ca58b2e039305479,True,1.0,1.0,1.0,1.0,0.8300903232751312,1.0,1.0,1.0,1.0,,,,,,,,,,0.9469032260234784
360,f0b6499b393152be,True,1.0,1.0,1.0,1.0,1.0,1.0,0.0,1.0,0.0,,,,,,,,,,0.75
361,bf00c76f25185b83,True,1.0,1.0,1.0,1.0,0.8825390901948986,1.0,1.0,1.0,1.0,,,,,,,,,,0.9632934656859058
362,0e272e003af65a71,True,1.0,1.0,1.0,1.0,0.657442594909811,1.0,1.0,1.0,1.0,,,,,,,,,,0.8929508109093159
363,b5ba1ec901f1522c,True,1.0,1.0,1.0,1.0,1.0,1.0,1.0,1.0,0.0,,,,,,,,,,0.875
364,9191f3f8644d50cb,True,1.0,1.0,1.0,1.0,1.0,1.0,0.0,1.0,0.0,,,,,,,,,,0.75
365,7857a22b3bc85bb4,True,1.0,1.0,1.0,1.0,0.9292091833600669,1.0,1.0,1.0,1.0,,,,,,,,,,0.9778778698000209
366,9b7108902e7158d6,True,1.0,1.0,1.0,1.0,1.0,1.0,1.0,1.0,0.0,,,,,,,,,,0.875
367,226e6642fbc65bdc,True,1.0,1.0,1.0,1.0,0.8310242997865549,1.0,1.0,1.0,1.0,,,,,,,,,,0.9471950936832985
368,491a9b7a44225a75,True,1.0,1.0,1.0,1.0,1.0,1.0,1.0,0.0,0.0,,,,,,,,,,0.75
369,c6bd79f439c254a0,True,1.0,1.0,0.0,1.0,0.9046498893164572,1.0,0.0,1.0,1.0,,,,,,,,,,0.0
370,ce05573741b75133,True,1.0,1.0,1.0,1.0,1.0,1.0,1.0,1.0,1.0,,,,,,,,,,1.0
371,c574d461642f5deb,True,1.0,1.0,1.0,1.0,1.0,1.0,0.0,1.0,0.0,,,,,,,,,,0.75
372,2c8a58b94332570d,True,1.0,1.0,1.0,1.0,0.6450336993595235,1.0,1.0,1.0,1.0,,,,,,,,,,0.8890730310498511
373,32e5d7e804c65214,True,1.0,1.0,1.0,1.0,0.3015085936152226,1.0,1.0,1.0,1.0,,,,,,,,,,0.781721435504757
374,613c9ac33f6951ca,True,1.0,1.0,1.0,1.0,0.7860036689847045,1.0,1.0,1.0,1.0,,,,,,,,,,0.9331261465577202
375,2b8cde20754c5f0c,True,1.0,1.0,1.0,1.0,1.0,1.0,1.0,1.0,0.0,,,,,,,,,,0.875
376,70d9d518ad0f5382,True,1.0,1.0,1.0,1.0,1.0,1.0,1.0,1.0,1.0,,,,,,,,,,1.0
377,c7afdb652a9e5e73,True,1.0,1.0,1.0,1.0,1.0,1.0,1.0,1.0,1.0,,,,,,,,,,1.0
378,ea31c764f6385f4a,True,1.0,1.0,1.0,1.0,1.0,1.0,1.0,1.0,1.0,,,,,,,,,,1.0
379,00c1e4eb4a045f20,True,1.0,0.0,1.0,1.0,0.7615968461627217,1.0,1.0,1.0,1.0,,,,,,,,,,0.0
380,d50b69bed8f2570c,True,1.0,1.0,1.0,1.0,0.620275485169384,1.0,1.0,1.0,0.0,,,,,,,,,,0.7563360891154325
381,efa80e78fce1525d,True,1.0,1.0,1.0,1.0,1.0,1.0,1.0,1.0,1.0,,,,,,,,,,1.0
382,0ce170237acd51c2,True,1.0,1.0,1.0,1.0,1.0,1.0,1.0,1.0,0.0,,,,,,,,,,0.875
383,dd16377ecfa45fe0,True,1.0,1.0,1.0,1.0,1.0,1.0,1.0,1.0,0.0,,,,,,,,,,0.875
384,09446e65ee9a55d3,True,0.0,1.0,1.0,1.0,1.0,0.0,1.0,0.0,0.0,,,,,,,,,,0.0
385,8a492ff6a81054a7,True,1.0,1.0,1.0,1.0,1.0,1.0,0.0,1.0,0.0,,,,,,,,,,0.75
386,2391f12d7e6a5e7f,True,1.0,1.0,1.0,1.0,0.5488468081195934,1.0,1.0,1.0,1.0,,,,,,,,,,0.8590146275373729
387,71405d414236553c,True,1.0,1.0,1.0,1.0,0.7666882450656188,1.0,1.0,1.0,1.0,,,,,,,,,,0.9270900765830059
388,a7d3076a7b7b58b2,True,1.0,0.0,1.0,1.0,0.834263835975786,1.0,1.0,1.0,1.0,,,,,,,,,,0.0
389,5c4d8dfcb0aa5541,True,1.0,0.0,1.0,1.0,0.5154219249713272,1.0,1.0,0.0,1.0,,,,,,,,,,0.0
390,4fbfc7dc71db50e2,True,1.0,1.0,1.0,1.0,0.7020555532718324,1.0,1.0,1.0,1.0,,,,,,,,,,0.9068923603974477
391,a2047f9cb3865b75,True,1.0,1.0,1.0,1.0,0.6372986267211955,1.0,1.0,1.0,1.0,,,,,,,,,,0.8866558208503736
392,ff44394af7265df3,True,1.0,1.0,1.0,1.0,0.6399530815901893,1.0,1.0,1.0,1.0,,,,,,,,,,0.8874853379969341
393,85482a4d20fd5eac,True,1.0,1.0,1.0,1.0,0.8392851375199212,1.0,1.0,1.0,0.0,,,,,,,,,,0.8247766054749754
394,e74ca27f40755297,True,1.0,0.0,1.0,1.0,1.0,1.0,0.0,1.0,1.0,,,,,,,,,,0.0
395,f6b9867069845fd2,True,1.0,1.0,1.0,1.0,1.0,1.0,1.0,1.0,0.0,,,,,,,,,,0.875
396,0af68cc78d085fdb,True,1.0,1.0,1.0,1.0,0.8707732966402035,1.0,1.0,1.0,0.0,,,,,,,,,,0.8346166552000636
397,131ab0263b07507c,True,1.0,1.0,1.0,1.0,1.0,1.0,1.0,1.0,0.0,,,,,,,,,,0.875
398,9502cdbb06dd516f,True,1.0,1.0,1.0,1.0,1.0,1.0,1.0,1.0,1.0,,,,,,,,,,1.0
399,bbb5018d017754d0,True,1.0,1.0,1.0,1.0,1.0,1.0,1.0,1.0,1.0,,,,,,,,,,1.0
400,3cbb6c030b1e5d19,True,1.0,1.0,1.0,1.0,1.0,1.0,1.0,1.0,0.0,,,,,,,,,,0.875
401,0dd3256035e75770,True,1.0,1.0,1.0,1.0,0.5921740413754913,1.0,1.0,1.0,1.0,,,,,,,,,,0.8725543879298411
402,e46762b07ca45b74,True,1.0,1.0,1.0,1.0,0.6897954608291049,1.0,1.0,1.0,0.0,,,,,,,,,,0.7780610815090953
403,8b8ea705c7fd5e8a,True,1.0,1.0,1.0,1.0,1.0,1.0,1.0,1.0,0.0,,,,,,,,,,0.875
404,cf50ffa22c81555d,True,1.0,1.0,1.0,1.0,0.767576993694733,1.0,1.0,1.0,1.0,,,,,,,,,,0.927367810529604
405,0f422a003dab525e,True,1.0,1.0,1.0,1.0,0.6522541681709747,1.0,1.0,1.0,1.0,,,,,,,,,,0.8913294275534296
406,02b68b9cc51f506a,True,1.0,0.0,1.0,1.0,0.6396565314163107,1.0,1.0,1.0,1.0,,,,,,,,,,0.0
407,45ebc34cbe405c3e,True,1.0,0.0,1.0,1.0,0.9208818779037293,1.0,1.0,1.0,1.0,,,,,,,,,,0.0
408,8d0697930b5e5df0,True,1.0,1.0,1.0,1.0,1.0,1.0,1.0,1.0,0.0,,,,,,,,,,0.875
409,5d3573d6da7952d3,True,1.0,1.0,1.0,1.0,0.9588962481812212,1.0,1.0,1.0,1.0,,,,,,,,,,0.9871550775566316
410,c7e06d79e58454ae,True,1.0,1.0,1.0,1.0,0.990971548021665,1.0,1.0,1.0,0.0,,,,,,,,,,0.8721786087567703
411,00016f8b45c25a1d,True,1.0,1.0,1.0,1.0,0.9313550526884143,1.0,1.0,1.0,1.0,,,,,,,,,,0.9785484539651295
412,36419e8c59275f61,True,1.0,0.0,1.0,1.0,1.0,1.0,1.0,1.0,0.0,,,,,,,,,,0.0
413,25e9d76574075cee,True,1.0,0.0,1.0,1.0,0.5549326776428741,1.0,1.0,1.0,1.0,,,,,,,,,,0.0
414,dc207d97e04f5ce1,True,0.0,1.0,0.0,1.0,1.0,0.0,1.0,0.0,0.0,,,,,,,,,,0.0
415,2033fff7b44e56db,True,0.0,1.0,1.0,1.0,1.0,0.0,1.0,1.0,0.0,,,,,,,,,,0.0
416,3128b8da22c75dd0,True,1.0,1.0,1.0,1.0,0.7599404435374778,1.0,1.0,1.0,0.0,,,,,,,,,,0.7999813886054619
417,d715fbc6ea0551f8,True,0.0,1.0,1.0,1.0,1.0,0.0,1.0,1.0,1.0,,,,,,,,,,0.0
418,06c9339fdc3e5404,True,1.0,1.0,1.0,1.0,0.7833446111688356,1.0,1.0,1.0,0.0,,,,,,,,,,0.8072951909902611
419,76b708c365e45536,True,0.0,1.0,1.0,1.0,1.0,0.0,1.0,1.0,0.0,,,,,,,,,,0.0
420,14fe69db03425780,True,1.0,0.0,1.0,1.0,0.6722180344012407,1.0,0.0,1.0,0.0,,,,,,,,,,0.0
421,53a7531622255064,True,1.0,0.0,1.0,1.0,0.8788571796165086,1.0,1.0,1.0,1.0,,,,,,,,,,0.0
422,d20dc707981f56e7,True,1.0,1.0,1.0,1.0,1.0,1.0,1.0,1.0,1.0,,,,,,,,,,1.0
423,36899d67473c5c91,True,1.0,1.0,1.0,1.0,1.0,1.0,1.0,1.0,0.0,,,,,,,,,,0.875
424,2c5cbab120595d79,True,1.0,1.0,1.0,1.0,0.8322896737396768,1.0,0.0,1.0,1.0,,,,,,,,,,0.822590523043649
425,6b2cda5004dc5df9,True,1.0,1.0,1.0,1.0,1.0,1.0,1.0,1.0,0.0,,,,,,,,,,0.875
426,52deeca9acf35603,True,1.0,1.0,1.0,1.0,1.0,1.0,1.0,1.0,1.0,,,,,,,,,,1.0
427,94d74f87c8435b61,True,1.0,1.0,1.0,1.0,1.0,1.0,1.0,1.0,1.0,,,,,,,,,,1.0
428,58d69daf413c5d5a,True,0.5,0.0,1.0,1.0,0.7915795857567752,0.0,1.0,1.0,1.0,,,,,,,,,,0.0
429,c1839a3333695317,True,1.0,1.0,1.0,1.0,1.0,1.0,1.0,1.0,1.0,,,,,,,,,,1.0
430,029585f0509d52b0,True,1.0,1.0,1.0,1.0,1.0,1.0,1.0,1.0,0.0,,,,,,,,,,0.875
431,467879c3d37054f5,True,1.0,1.0,1.0,1.0,0.7921674475769437,1.0,1.0,1.0,0.0,,,,,,,,,,0.8100523273677949
432,fa8c164985255698,True,1.0,1.0,1.0,1.0,0.4814021509531132,1.0,1.0,1.0,1.0,,,,,,,,,,0.8379381721728478
433,3c34d5d03e8a5bdc,True,1.0,1.0,1.0,1.0,0.7281265049245087,1.0,1.0,1.0,0.0,,,,,,,,,,0.7900395327889089
434,af335d636f4c516e,True,1.0,1.0,1.0,1.0,1.0,1.0,1.0,1.0,1.0,,,,,,,,,,1.0
435,153ae46b6ba65721,True,0.0,1.0,0.0,1.0,0.9993350646277589,0.0,0.0,1.0,0.0,,,,,,,,,,0.0
436,b6b5f3cc01a05f83,True,1.0,1.0,1.0,1.0,0.5500445448100983,1.0,1.0,1.0,1.0,,,,,,,,,,0.8593889202531557
437,f41cf739059453a4,True,1.0,1.0,1.0,1.0,0.7192251331359434,1.0,1.0,1.0,1.0,,,,,,,,,,0.9122578541049823
438,67bce1e28df25eaa,True,1.0,1.0,1.0,1.0,1.0,1.0,1.0,1.0,1.0,,,,,,,,,,1.0
439,779852a1160f56f9,True,1.0,1.0,1.0,1.0,0.6025331992127185,1.0,1.0,1.0,0.0,,,,,,,,,,0.7507916247539745
440,f29d6171f46b551d,True,1.0,1.0,0.0,1.0,1.0,1.0,0.0,1.0,1.0,,,,,,,,,,0.0
441,1981a85eb4ba5001,True,0.0,1.0,0.5,1.0,1.0,0.0,1.0,1.0,0.0,,,,,,,,,,0.0
442,c195a8cb7ccb59fd,True,1.0,1.0,1.0,1.0,0.5960509913962154,1.0,1.0,1.0,1.0,,,,,,,,,,0.8737659348113174
443,3838eb184c9d5989,True,1.0,1.0,1.0,1.0,0.4397799831128702,1.0,1.0,1.0,1.0,,,,,,,,,,0.8249312447227719
444,f9a9b5ee707e501e,True,1.0,1.0,1.0,1.0,1.0,0.0,1.0,1.0,0.0,,,,,,,,,,0.5625
445,b2abc819ebf45c11,True,1.0,1.0,1.0,1.0,0.41764456892134344,1.0,1.0,1.0,0.0,,,,,,,,,,0.6930139277879198
446,909655c780e152ac,True,1.0,1.0,1.0,1.0,1.0,1.0,1.0,1.0,0.0,,,,,,,,,,0.875
447,4aa44e006ca9579e,True,1.0,0.0,0.5,1.0,0.7561112361771287,1.0,1.0,1.0,0.0,,,,,,,,,,0.0
448,75b6813b1f4556ce,True,1.0,1.0,1.0,1.0,1.0,1.0,1.0,1.0,0.0,,,,,,,,,,0.875
449,6b7c5199f84e5aac,True,1.0,1.0,1.0,1.0,0.9589032815121514,1.0,1.0,1.0,0.0,,,,,,,,,,0.8621572754725473
450,1ee04786c1af4e2d7,True,,,,,,,,,,1.0,1.0,1.0,1.0,1.0,0.0,1.0,1.0,0.0,0.5625
451,2191ef080b4043736,True,,,,,,,,,,1.0,1.0,1.0,1.0,0.8388999866464958,1.0,0.0,1.0,1.0,0.8246562458270299
452,b3648e983488baa4f,True,,,,,,,,,,1.0,0.0,1.0,1.0,0.6867115716190721,1.0,1.0,1.0,1.0,0.0
453,8a5b80c748963e0a4,True,,,,,,,,,,1.0,1.0,1.0,1.0,0.7078715481194945,1.0,1.0,1.0,1.0,0.908709858787342
454,9a7779cf31f38e961,True,,,,,,,,,,1.0,1.0,0.0,1.0,0.7943946534240002,0.0,1.0,1.0,0.0,0.0
455,46d27733df7167bb2,True,,,,,,,,,,1.0,1.0,1.0,1.0,0.7229609549388609,1.0,1.0,1.0,0.0,0.788425298418394
456,c1b9b8e570da075bf,True,,,,,,,,,,1.0,1.0,1.0,1.0,1.0,1.0,1.0,1.0,1.0,1.0
457,e929306025479f705,True,,,,,,,,,,1.0,0.0,0.5,1.0,1.0,1.0,1.0,1.0,0.0,0.0
458,e781cee1082355533,True,,,,,,,,,,0.5,0.0,1.0,1.0,0.9640367351805759,0.0,1.0,1.0,1.0,0.0
459,82aeafe6afee99d4b,True,,,,,,,,,,1.0,1.0,0.5,1.0,0.7120789048465168,1.0,1.0,1.0,0.0,0.3925123288822683
460,a3ebde725e612b5f3,True,,,,,,,,,,1.0,0.0,1.0,1.0,0.8836375792601342,1.0,0.0,1.0,1.0,0.0
461,c4a613ef81174337b,True,,,,,,,,,,1.0,0.0,0.5,1.0,1.0,1.0,0.0,1.0,0.0,0.0
462,e6319072517f4b675,True,,,,,,,,,,1.0,0.0,1.0,1.0,0.4590764001878505,1.0,1.0,1.0,1.0,0.0
463,ee893ffe397bbd4fb,True,,,,,,,,,,0.5,0.0,1.0,1.0,1.0,0.0,0.0,1.0,1.0,0.0
464,a283fdc5a4a1cd3b0,True,,,,,,,,,,1.0,1.0,0.0,1.0,0.7630432097173744,1.0,0.0,1.0,1.0,0.0
465,51a778c753d0604cb,True,,,,,,,,,,1.0,1.0,1.0,1.0,0.6040724050383198,1.0,0.0,1.0,1.0,0.7512726265744749
466,a31ca4af2bc4ff90a,True,,,,,,,,,,0.0,1.0,1.0,1.0,1.0,0.0,0.0,1.0,0.0,0.0
467,44f34ef68cafc4814,True,,,,,,,,,,1.0,1.0,1.0,1.0,0.2565102672079459,1.0,1.0,1.0,0.0,0.6426594585024831
468,ae4f3518384257a07,True,,,,,,,,,,1.0,1.0,1.0,1.0,0.5819944088665204,1.0,1.0,1.0,0.0,0.7443732527707876
469,fb243ec63be645481,True,,,,,,,,,,1.0,1.0,1.0,1.0,0.8801157887262939,1.0,1.0,1.0,1.0,0.9625361839769668
470,a436f596d2ea40baa,True,,,,,,,,,,1.0,1.0,0.0,1.0,1.0,1.0,0.0,1.0,1.0,0.0
471,5f69ad192f42e1e35,True,,,,,,,,,,1.0,1.0,1.0,1.0,0.7073788398704951,1.0,1.0,1.0,0.0,0.7835558874595298
472,fe3af476ce56a1283,True,,,,,,,,,,1.0,1.0,1.0,1.0,0.713418705788161,1.0,1.0,1.0,1.0,0.9104433455588004
473,fe454c84ae38cb664,True,,,,,,,,,,1.0,1.0,1.0,1.0,0.5304117130717252,1.0,1.0,1.0,1.0,0.8532536603349141
474,2c3eb63a9cdff8129,True,,,,,,,,,,1.0,1.0,1.0,1.0,0.7841117161430239,1.0,1.0,1.0,0.0,0.807534911294695
475,da19f3b30489b58f8,True,,,,,,,,,,0.0,1.0,1.0,1.0,1.0,0.0,1.0,0.0,0.0,0.0
476,d617dbbef56f36875,True,,,,,,,,,,1.0,1.0,1.0,1.0,0.7402254769321638,1.0,0.0,1.0,1.0,0.7938204615413011
477,ab9b0531b8d7800ce,True,,,,,,,,,,1.0,0.0,1.0,1.0,1.0,1.0,0.0,1.0,0.0,0.0
478,62631b017ceec5a18,True,,,,,,,,,,1.0,1.0,1.0,1.0,0.8227439043371143,1.0,0.0,1.0,0.0,0.6946074701053482
479,dd7cd37257f99be9e,True,,,,,,,,,,1.0,0.0,1.0,1.0,1.0,1.0,1.0,1.0,0.0,0.0
480,fe53e5ab658a57258,True,,,,,,,,,,1.0,1.0,0.0,1.0,1.0,1.0,0.0,1.0,1.0,0.0
481,75a91bdf0ba2aeea9,True,,,,,,,,,,1.0,0.0,1.0,1.0,0.7783456855066213,1.0,1.0,1.0,0.0,0.0
482,a42ef2d15ed8d3d94,True,,,,,,,,,,1.0,1.0,1.0,1.0,0.8523899614834084,1.0,1.0,1.0,1.0,0.9538718629635652
483,fe6eb7191dafdb638,True,,,,,,,,,,1.0,1.0,1.0,1.0,1.0,1.0,0.0,1.0,0.0,0.75
484,06be59490e2e14bcd,True,,,,,,,,,,0.0,1.0,0.0,1.0,1.0,0.0,0.0,1.0,0.0,0.0
485,329e52d1e0ada86f6,True,,,,,,,,,,1.0,1.0,1.0,1.0,0.7910216321411708,1.0,1.0,1.0,0.0,0.8096942600441159
486,af4ad524dc8b94ef1,True,,,,,,,,,,0.0,1.0,0.5,1.0,1.0,0.0,0.0,1.0,1.0,0.0
487,bfb52f68dcd77ef80,True,,,,,,,,,,1.0,1.0,0.0,1.0,1.0,1.0,0.0,1.0,1.0,0.0
488,506e98e6817013978,True,,,,,,,,,,1.0,1.0,1.0,1.0,0.6693992482678411,1.0,1.0,1.0,1.0,0.8966872650837003
489,289adac373c057f2c,True,,,,,,,,,,1.0,1.0,0.5,1.0,1.0,1.0,0.0,1.0,0.0,0.375
490,ac59b5b148af8474e,True,,,,,,,,,,1.0,1.0,1.0,1.0,0.3260159882482713,1.0,1.0,1.0,0.0,0.6643799963275848
491,f511978077fdcd122,True,,,,,,,,,,1.0,1.0,1.0,1.0,0.5677913466529377,1.0,0.0,1.0,1.0,0.739934795829043
492,402bdbb00ffac92e5,True,,,,,,,,,,1.0,1.0,1.0,1.0,0.8896376322675857,1.0,1.0,1.0,1.0,0.9655117600836205
493,64c4d0aeacb7df063,True,,,,,,,,,,1.0,1.0,1.0,1.0,0.7386955034886022,1.0,0.0,1.0,1.0,0.7933423448401882
494,1c7991974c14440a3,True,,,,,,,,,,1.0,0.0,0.0,1.0,1.0,1.0,0.0,1.0,1.0,0.0
495,6b912a3796564dd7e,True,,,,,,,,,,1.0,1.0,1.0,1.0,0.5852921707003755,1.0,0.0,1.0,1.0,0.7454038033438674
496,961c057965f6951d8,True,,,,,,,,,,1.0,1.0,1.0,1.0,0.9309866499718761,1.0,0.0,1.0,0.0,0.7284333281162112
497,f76b309e043384dcf,True,,,,,,,,,,1.0,1.0,0.0,1.0,0.8691714430441098,1.0,0.0,1.0,0.0,0.0
498,b2ca4b63cda4a8fe2,True,,,,,,,,,,1.0,1.0,1.0,1.0,0.7675760346642893,1.0,1.0,1.0,1.0,0.9273675108325904
499,8cbf7cbc0d30a3d05,True,,,,,,,,,,1.0,1.0,1.0,1.0,0.7673162272816659,1.0,1.0,1.0,0.0,0.8022863210255207
500,06a4317c41657c287,True,,,,,,,,,,1.0,1.0,0.0,1.0,1.0,1.0,0.0,1.0,1.0,0.0
501,0935bea2b70d9fd2a,True,,,,,,,,,,1.0,1.0,1.0,1.0,1.0,1.0,0.0,1.0,1.0,0.875
502,80a5f0392d8aa9afb,True,,,,,,,,,,1.0,1.0,1.0,1.0,0.5757672853872317,1.0,1.0,1.0,1.0,0.8674272766835098
503,8078500be0a3e5743,True,,,,,,,,,,1.0,1.0,1.0,1.0,0.7529045879402901,1.0,1.0,0.0,0.0,0.6727826837313406
504,dd2ee657886ef2e66,True,,,,,,,,,,1.0,1.0,1.0,1.0,0.8192362307675352,1.0,0.0,1.0,1.0,0.8185113221148548
505,e2da039b5ef4ab27c,True,,,,,,,,,,1.0,0.0,1.0,1.0,0.9869194771143386,1.0,1.0,1.0,1.0,0.0
506,4c8f99b2e4efaa034,True,,,,,,,,,,1.0,1.0,1.0,1.0,0.6257060048373807,1.0,0.0,1.0,1.0,0.7580331265116815
507,c37d82f1251543152,True,,,,,,,,,,1.0,0.0,1.0,1.0,0.8236383961168999,1.0,0.0,1.0,0.0,0.0
508,14a8b09c096718d35,True,,,,,,,,,,1.0,1.0,1.0,1.0,0.0759745966674197,1.0,0.0,1.0,1.0,0.5862420614585686
509,0e81443200fd71592,True,,,,,,,,,,0.0,1.0,1.0,1.0,1.0,0.0,1.0,1.0,0.0,0.0
510,64dbb32a1a6005581,True,,,,,,,,,,1.0,1.0,1.0,1.0,1.0,1.0,0.0,1.0,0.0,0.75
511,3fee465a29d222bb0,True,,,,,,,,,,1.0,1.0,1.0,1.0,0.322400220236158,1.0,1.0,1.0,0.0,0.6632500688237994
512,71f3d5ae763258af7,True,,,,,,,,,,1.0,0.0,1.0,1.0,1.0,1.0,0.0,1.0,0.0,0.0
513,74112fd9ef3478d34,True,,,,,,,,,,1.0,0.0,1.0,1.0,1.0,1.0,0.0,1.0,0.0,0.0
514,ced98f0c60c32e69a,True,,,,,,,,,,1.0,1.0,1.0,1.0,0.33911271382073005,1.0,1.0,1.0,1.0,0.7934727230689782
515,58a0f95c3ba9a97b9,True,,,,,,,,,,1.0,1.0,1.0,1.0,0.897738009133969,1.0,0.0,1.0,1.0,0.8430431278543653
516,339edff793767887e,True,,,,,,,,,,1.0,1.0,1.0,1.0,0.5478244106442338,1.0,0.0,1.0,1.0,0.7336951283263231
517,e2d44e550396a6802,True,,,,,,,,,,1.0,1.0,1.0,1.0,0.9923127703903963,1.0,1.0,1.0,1.0,0.9975977407469989
518,c24873028db688fff,True,,,,,,,,,,1.0,0.0,1.0,1.0,0.6917254340754464,1.0,1.0,1.0,1.0,0.0
519,8d47793d9ca1f6778,True,,,,,,,,,,1.0,1.0,1.0,1.0,1.0,1.0,1.0,1.0,1.0,1.0
520,102f1115bc733e323,True,,,,,,,,,,1.0,1.0,1.0,1.0,0.132492012944899,1.0,0.0,1.0,1.0,0.603903754045281
521,e774d1b87b07638c4,True,,,,,,,,,,0.0,1.0,1.0,1.0,1.0,0.0,1.0,1.0,1.0,0.0
522,155a384f7f1dbf66b,True,,,,,,,,,,1.0,1.0,1.0,1.0,0.6459459716493701,1.0,1.0,1.0,0.0,0.7643581161404281
523,382721ffdbe71cadc,True,,,,,,,,,,1.0,1.0,1.0,1.0,0.6540443972093587,1.0,0.0,1.0,1.0,0.7668888741279246
524,556d1d92f66a8344d,True,,,,,,,,,,1.0,1.0,1.0,1.0,0.7994319167025126,1.0,0.0,1.0,1.0,0.8123224739695352
525,427e704f6c39ca2c4,True,,,,,,,,,,1.0,1.0,1.0,1.0,0.2713475082834329,1.0,1.0,1.0,1.0,0.7722960963385728
526,8ae96b22321e730ee,True,,,,,,,,,,1.0,1.0,1.0,1.0,0.47173523071632784,1.0,0.0,1.0,0.0,0.5849172595988524
527,add057f5877074b22,True,,,,,,,,,,1.0,1.0,1.0,1.0,0.9732644876001199,1.0,0.0,1.0,1.0,0.8666451523750375
528,a60992b05822c13e5,True,,,,,,,,,,1.0,1.0,1.0,1.0,0.9513961550990346,1.0,0.0,1.0,1.0,0.8598112984684483
529,0f4373d1811c9ca90,True,,,,,,,,,,1.0,1.0,1.0,1.0,0.7941046738921991,1.0,1.0,0.0,0.0,0.6856577105913122
530,57226182464088f5d,True,,,,,,,,,,1.0,0.0,1.0,1.0,1.0,1.0,1.0,1.0,0.0,0.0
531,904fec4de373b84b3,True,,,,,,,,,,1.0,1.0,1.0,1.0,0.5722343172635133,1.0,0.0,1.0,0.0,0.6163232241448479
532,ed6d05f676ec3069b,True,,,,,,,,,,1.0,1.0,1.0,1.0,0.5715609398845763,1.0,1.0,1.0,1.0,0.8661127937139301
533,960a0cd8fd6e4be22,True,,,,,,,,,,0.0,0.0,1.0,1.0,0.960997200112445,0.0,1.0,1.0,1.0,0.0
534,6a435ef26f38889a0,True,,,,,,,,,,0.0,1.0,0.5,1.0,1.0,0.0,0.0,1.0,0.0,0.0
535,e4cf6ec3cedd01e6b,True,,,,,,,,,,1.0,1.0,0.0,1.0,1.0,1.0,0.0,1.0,0.0,0.0
536,e44f39d800c679960,True,,,,,,,,,,1.0,1.0,1.0,1.0,0.7833481509317011,1.0,1.0,1.0,1.0,0.9322962971661566
537,9e9f60c0dd89a3428,True,,,,,,,,,,1.0,0.0,1.0,1.0,0.7263295815624263,1.0,0.0,1.0,0.0,0.0
538,a75b9fbb36886afaf,True,,,,,,,,,,0.0,1.0,0.0,1.0,1.0,0.0,0.0,1.0,0.0,0.0
539,16a84f7e077130ca6,True,,,,,,,,,,1.0,1.0,0.0,1.0,1.0,1.0,0.0,1.0,1.0,0.0
540,078d13ba093831831,True,,,,,,,,,,1.0,1.0,1.0,1.0,1.0,1.0,1.0,1.0,0.0,0.875
541,a3adc8c27da8f8689,True,,,,,,,,,,1.0,1.0,1.0,1.0,0.7566015189306008,1.0,1.0,1.0,1.0,0.9239379746658127
542,b9d6d6e0f1c629518,True,,,,,,,,,,1.0,0.0,1.0,1.0,1.0,1.0,1.0,1.0,1.0,0.0
543,f39b90bb6aa1bbac7,True,,,,,,,,,,0.0,1.0,1.0,1.0,1.0,0.0,0.0,1.0,0.0,0.0
544,32dff9c93368fc640,True,,,,,,,,,,1.0,1.0,0.0,1.0,1.0,1.0,0.0,1.0,1.0,0.0
545,17a263da0e14e7155,True,,,,,,,,,,1.0,1.0,1.0,1.0,0.7964611271877001,0.0,0.0,1.0,1.0,0.49889410224615627
546,cac2753c7c7b93847,True,,,,,,,,,,1.0,1.0,1.0,1.0,1.0,1.0,1.0,1.0,1.0,1.0
547,5ffbd12109319857a,True,,,,,,,,,,1.0,1.0,1.0,1.0,0.743221789653724,1.0,0.0,1.0,0.0,0.6697568092667887
548,38d50c91468fbe6e5,True,,,,,,,,,,1.0,1.0,1.0,1.0,0.33654375648916984,1.0,0.0,1.0,1.0,0.6676699239028656
549,f89453f475567e939,True,,,,,,,,,,1.0,1.0,1.0,1.0,0.9085998789308898,1.0,1.0,1.0,0.0,0.846437462165903
550,cbe052f2880b9cd3c,True,,,,,,,,,,1.0,1.0,1.0,1.0,0.35848960068726105,1.0,1.0,1.0,0.0,0.6745280002147691
551,1cee104dd05ce3a78,True,,,,,,,,,,1.0,0.0,1.0,1.0,1.0,1.0,1.0,1.0,0.0,0.0
552,3fec70d4e8fe8d5b1,True,,,,,,,,,,0.0,1.0,1.0,1.0,1.0,0.0,0.0,0.0,0.0,0.0
553,20e09bbb0401bd1be,True,,,,,,,,,,1.0,1.0,1.0,1.0,0.8591094405842664,1.0,0.0,1.0,0.0,0.7059717001825833
554,15342621fd40bb637,True,,,,,,,,,,1.0,1.0,0.5,1.0,0.6611469844642618,1.0,0.0,1.0,0.0,0.3220542163225409
555,07c652f78c0509a49,True,,,,,,,,,,1.0,0.0,1.0,1.0,0.7474945880636666,1.0,1.0,1.0,1.0,0.0
556,6333f19e87ad08122,True,,,,,,,,,,0.0,1.0,1.0,1.0,1.0,0.0,1.0,1.0,1.0,0.0
557,8fb30375f6c972c38,True,,,,,,,,,,1.0,1.0,1.0,1.0,0.8369089987021262,1.0,0.0,1.0,0.0,0.6990340620944144
558,a075eb4cf05c9e8a0,True,,,,,,,,,,1.0,0.0,1.0,1.0,1.0,1.0,0.0,1.0,1.0,0.0
559,be30a0caa3e19507e,True,,,,,,,,,,1.0,1.0,1.0,1.0,1.0,0.0,1.0,1.0,0.0,0.5625
560,403463355af416781,True,,,,,,,,,,1.0,1.0,1.0,1.0,0.9715208019624781,1.0,0.0,1.0,1.0,0.8661002506132744
561,beb03158751d7049b,True,,,,,,,,,,1.0,1.0,1.0,1.0,0.9754589677125652,1.0,0.0,1.0,1.0,0.8673309274101766
562,c70f1e01d8a8d58e0,True,,,,,,,,,,1.0,1.0,1.0,1.0,0.3428070361032606,1.0,1.0,1.0,1.0,0.794627198782269
563,7e241b2390105cdb3,True,,,,,,,,,,1.0,1.0,1.0,1.0,0.8637941067469523,1.0,0.0,1.0,0.0,0.7074356583584226
564,49922a7c280248e59,True,,,,,,,,,,1.0,1.0,1.0,1.0,0.7011803057483638,1.0,1.0,1.0,0.0,0.7816188455463637
565,d06e479e4e59a2a44,True,,,,,,,,,,0.0,0.0,0.0,1.0,1.0,0.0,0.0,1.0,0.0,0.0
566,c43ce94d4cb321477,True,,,,,,,,,,1.0,1.0,1.0,1.0,0.7476938342725932,1.0,1.0,1.0,1.0,0.9211543232101853
567,1e843d54340d01971,True,,,,,,,,,,0.5,1.0,1.0,1.0,1.0,0.0,1.0,1.0,0.0,0.28125
568,c23d40512beeb21d4,True,,,,,,,,,,1.0,0.0,1.0,1.0,0.8175030754506407,1.0,1.0,1.0,0.0,0.0
569,514e8dc72d43731a2,True,,,,,,,,,,1.0,1.0,1.0,1.0,0.6487427067546068,1.0,0.0,1.0,1.0,0.7652320958608146
570,04635beeb994d0ded,True,,,,,,,,,,1.0,1.0,0.0,1.0,1.0,1.0,0.0,1.0,0.0,0.0
571,2eab4bf554ebec232,True,,,,,,,,,,0.0,1.0,1.0,1.0,1.0,0.0,0.0,1.0,1.0,0.0
572,8428b4ef1485fe533,True,,,,,,,,,,1.0,0.0,1.0,1.0,0.7520719941357699,1.0,1.0,1.0,1.0,0.0
573,9d4da1a5a93059ae2,True,,,,,,,,,,0.0,1.0,1.0,1.0,0.9097308240875916,0.0,0.0,1.0,1.0,0.0
574,7516958eab299d94d,True,,,,,,,,,,1.0,1.0,1.0,1.0,1.0,1.0,1.0,1.0,0.0,0.875
575,977efa0295ed47613,True,,,,,,,,,,1.0,0.0,1.0,1.0,1.0,1.0,0.0,1.0,1.0,0.0
576,e7a9f463ef537b333,True,,,,,,,,,,1.0,0.0,1.0,1.0,1.0,1.0,1.0,1.0,1.0,0.0
577,2c6298b7b191f9461,True,,,,,,,,,,1.0,1.0,1.0,1.0,0.25426187621244745,1.0,1.0,1.0,1.0,0.7669568363163899
578,afaf4dd4fa375bb85,True,,,,,,,,,,1.0,0.0,1.0,0.0,1.0,1.0,1.0,1.0,0.0,0.0
579,b46505d824967a9bc,True,,,,,,,,,,1.0,1.0,1.0,1.0,0.7824463660551432,1.0,1.0,1.0,0.0,0.8070144893922322
580,67f2162f2fa5e2d76,True,,,,,,,,,,1.0,1.0,1.0,1.0,0.5997905215095657,1.0,1.0,1.0,0.0,0.7499345379717393
581,803a37fc5a01eb03c,True,,,,,,,,,,1.0,1.0,1.0,1.0,1.0,1.0,0.0,1.0,1.0,0.875
582,2c048c6ca0a0876cd,True,,,,,,,,,,1.0,1.0,1.0,1.0,0.9004831513982657,1.0,0.0,1.0,1.0,0.8439009848119581
583,cb1939bb101889c17,True,,,,,,,,,,0.0,1.0,1.0,1.0,1.0,0.0,0.0,1.0,1.0,0.0
584,0bb05e9c2e6296330,True,,,,,,,,,,1.0,1.0,1.0,1.0,0.8646117786813975,1.0,1.0,1.0,0.0,0.8326911808379367
585,14a7cb384c787a167,True,,,,,,,,,,1.0,0.0,0.5,1.0,0.8218423460512797,1.0,0.0,1.0,0.0,0.0
586,6755c5223bb08c967,True,,,,,,,,,,1.0,1.0,1.0,1.0,0.6710534368130364,1.0,1.0,1.0,1.0,0.8972041990040739
587,1a221329baff3bfe2,True,,,,,,,,,,1.0,1.0,1.0,1.0,0.8762177125675158,1.0,1.0,1.0,0.0,0.8363180351773487
588,4287573d9633c7d2c,True,,,,,,,,,,1.0,1.0,0.0,1.0,0.8003447917120037,1.0,0.0,1.0,1.0,0.0
589,c0581b1e56946d6c1,True,,,,,,,,,,0.0,1.0,1.0,1.0,0.5551466547695453,0.0,0.0,1.0,1.0,0.0
590,b39cc0075afc7d408,True,,,,,,,,,,1.0,1.0,1.0,1.0,0.6232747527549664,1.0,0.0,1.0,1.0,0.757273360235927
591,769c3d78ab53dd47b,True,,,,,,,,,,1.0,1.0,1.0,1.0,0.6722887307457254,1.0,1.0,1.0,0.0,0.7725902283580391
592,fd2d5da64073721d2,True,,,,,,,,,,1.0,1.0,1.0,1.0,0.6963275917067983,1.0,0.0,1.0,1.0,0.7801023724083744
593,710c63e733bb79b47,True,,,,,,,,,,1.0,1.0,1.0,1.0,0.9295832975930529,1.0,1.0,1.0,1.0,0.9779947804978291
594,b123636b63cd85bd6,True,,,,,,,,,,1.0,1.0,1.0,1.0,0.4477224890874932,1.0,0.0,1.0,1.0,0.7024132778398416
595,aaa4df0b0ab15d438,True,,,,,,,,,,1.0,1.0,1.0,0.0,1.0,1.0,0.0,1.0,0.0,0.0
596,b2a29ceff702c11c1,True,,,,,,,,,,1.0,1.0,0.5,1.0,0.6912332848958692,1.0,0.0,1.0,1.0,0.38925520076497955
597,c4630acafb54056da,True,,,,,,,,,,1.0,1.0,0.0,1.0,0.7650175866585794,1.0,0.0,1.0,0.0,0.0
598,4f381652c85aeb8b4,True,,,,,,,,,,1.0,1.0,1.0,1.0,0.364076933308831,1.0,1.0,1.0,0.0,0.6762740416590096
599,29ac6cd782f3052a8,True,,,,,,,,,,1.0,1.0,0.0,1.0,1.0,1.0,0.0,1.0,1.0,0.0
600,9ed7d460817e222e9,True,,,,,,,,,,1.0,1.0,0.0,1.0,0.785054754853024,1.0,0.0,1.0,1.0,0.0
601,386d0b1a688b012fa,True,,,,,,,,,,1.0,1.0,0.5,1.0,0.7516003877846508,1.0,0.0,1.0,1.0,0.3986875605913517
602,8858ecf4e78fd953a,True,,,,,,,,,,1.0,1.0,1.0,1.0,0.5642229856105332,1.0,0.0,1.0,0.0,0.6138196830032916
603,f5714362919202c36,True,,,,,,,,,,1.0,1.0,1.0,1.0,0.0,1.0,1.0,1.0,1.0,0.6875
604,5806dc63fc6e3cad9,True,,,,,,,,,,1.0,1.0,1.0,1.0,1.0,1.0,0.0,1.0,1.0,0.875
605,61fc4b92e35089b4c,True,,,,,,,,,,1.0,1.0,1.0,1.0,0.8348431989252115,1.0,1.0,1.0,0.0,0.8233884996641285
606,531b93949ba10107b,True,,,,,,,,,,1.0,0.0,0.0,1.0,1.0,1.0,0.0,1.0,0.0,0.0
607,1a6ba40b74f9b51e5,True,,,,,,,,,,1.0,1.0,0.0,1.0,1.0,1.0,0.0,1.0,0.0,0.0
608,a33c0d08df145dd4a,True,,,,,,,,,,0.0,1.0,1.0,1.0,1.0,0.0,1.0,1.0,1.0,0.0
609,32a0c7a629ebabc37,True,,,,,,,,,,1.0,1.0,1.0,0.0,1.0,1.0,1.0,1.0,1.0,0.0
610,3504f8f8ec86e462f,True,,,,,,,,,,1.0,1.0,1.0,1.0,0.30588978481526985,1.0,0.0,1.0,0.0,0.5330905577547718
611,1ba581b05f68a9417,True,,,,,,,,,,0.0,0.0,1.0,1.0,1.0,0.0,1.0,1.0,0.0,0.0
612,363ef196e8503db27,True,,,,,,,,,,1.0,1.0,1.0,1.0,0.7579544836201042,1.0,1.0,1.0,1.0,0.9243607761312825
613,9dd3876cb173c36aa,True,,,,,,,,,,1.0,0.0,0.0,1.0,1.0,1.0,0.0,1.0,0.0,0.0
614,9e3f67fd8b392a5d6,True,,,,,,,,,,1.0,1.0,1.0,1.0,0.8574399287278427,1.0,1.0,1.0,1.0,0.9554499777274508
615,c596165a8d328b5dd,True,,,,,,,,,,1.0,0.0,0.5,1.0,1.0,1.0,1.0,1.0,1.0,0.0
616,71652a0843409669f,True,,,,,,,,,,1.0,1.0,1.0,1.0,1.0,1.0,0.0,1.0,1.0,0.875
617,d21b58003792bc68a,True,,,,,,,,,,1.0,1.0,1.0,1.0,0.7767608679800926,1.0,0.0,1.0,1.0,0.8052377712437789
618,4f6a928a2fd54c0ce,True,,,,,,,,,,0.5,1.0,1.0,1.0,1.0,0.0,1.0,1.0,1.0,0.34375
619,69c099199ed066a94,True,,,,,,,,,,1.0,1.0,1.0,1.0,0.8226175655506713,1.0,0.0,1.0,1.0,0.8195679892345848
620,3a79a64dc5c7059f8,True,,,,,,,,,,1.0,1.0,1.0,1.0,0.30094641984461645,1.0,1.0,1.0,0.0,0.6565457562014426
621,322359bc569d9c145,True,,,,,,,,,,1.0,0.0,1.0,1.0,1.0,1.0,0.0,1.0,0.0,0.0
622,9c1c1fb7b2f09b8b6,True,,,,,,,,,,1.0,1.0,1.0,1.0,1.0,1.0,0.0,1.0,1.0,0.875
623,a70407f928cd54582,True,,,,,,,,,,1.0,1.0,1.0,1.0,0.27443313152564286,1.0,1.0,1.0,1.0,0.7732603536017634
624,d0bc7d7a692a6b0e9,True,,,,,,,,,,0.0,1.0,1.0,1.0,1.0,0.0,1.0,1.0,0.0,0.0
625,1821758da0d84714b,True,,,,,,,,,,1.0,0.0,0.0,1.0,1.0,1.0,0.0,1.0,0.0,0.0
626,a2b6df5b32c01b3d9,True,,,,,,,,,,1.0,1.0,0.0,1.0,1.0,1.0,0.0,1.0,1.0,0.0
627,517d13818dab667f5,True,,,,,,,,,,1.0,1.0,1.0,1.0,0.6987138536693395,1.0,0.0,1.0,1.0,0.7808480792716685
628,d37b7028969d97560,True,,,,,,,,,,1.0,1.0,0.5,1.0,0.7365725591793927,1.0,1.0,1.0,0.0,0.3963394623717801
629,00fa9133315b462d3,True,,,,,,,,,,1.0,1.0,0.5,1.0,0.7264264049156168,1.0,1.0,1.0,0.0,0.3947541257680651
630,08c4b293745d6aef6,True,,,,,,,,,,1.0,1.0,1.0,0.0,1.0,1.0,1.0,1.0,0.0,0.0
631,4ff48fa4e19774be7,True,,,,,,,,,,0.0,1.0,1.0,1.0,0.5135724784314047,0.0,0.0,1.0,1.0,0.0
632,00c31cdc6c3be2b28,True,,,,,,,,,,1.0,1.0,1.0,1.0,0.630106730782007,1.0,1.0,0.0,1.0,0.7594083533693772
633,87d2841ebf764daf7,True,,,,,,,,,,1.0,1.0,1.0,1.0,0.3654142418980406,1.0,1.0,1.0,1.0,0.8016919505931377
634,15e2547cb8af6e312,True,,,,,,,,,,1.0,0.0,0.5,1.0,1.0,1.0,0.0,1.0,0.0,0.0
635,4e5f4494c8076cc5b,True,,,,,,,,,,1.0,1.0,0.5,1.0,0.8894337606440467,1.0,0.0,1.0,0.0,0.3577240251006323
636,2f23bb5e69f8c5120,True,,,,,,,,,,1.0,1.0,0.0,1.0,1.0,1.0,0.0,1.0,1.0,0.0
637,6f6d638ab426ccd16,True,,,,,,,,,,1.0,1.0,0.5,1.0,0.9163248083109776,1.0,0.0,1.0,1.0,0.4244257512985903
638,ef8b4c4b3e7ec1358,True,,,,,,,,,,1.0,1.0,1.0,1.0,0.5911078987524266,1.0,1.0,1.0,0.0,0.7472212183601333
639,a87447007dd75f539,True,,,,,,,,,,1.0,1.0,1.0,1.0,0.8383991128493243,1.0,0.0,1.0,0.0,0.6994997227654138
640,194d8549dce1cc044,True,,,,,,,,,,1.0,0.0,0.0,1.0,1.0,1.0,0.0,1.0,1.0,0.0
641,cc4c628ad79f6395d,True,,,,,,,,,,1.0,1.0,1.0,1.0,0.24634807173462092,1.0,0.0,1.0,1.0,0.639483772417069
642,36973343935f49ac7,True,,,,,,,,,,1.0,1.0,1.0,1.0,0.9984570696265865,1.0,1.0,1.0,1.0,0.9995178342583083
643,4f21dca90878d8a58,True,,,,,,,,,,1.0,1.0,1.0,1.0,0.806688332956691,1.0,1.0,0.0,0.0,0.6895901040489659
644,265f651d3984bee82,True,,,,,,,,,,1.0,1.0,1.0,1.0,1.0,1.0,1.0,1.0,0.0,0.875
645,961a25cea5dcb8f50,True,,,,,,,,,,1.0,1.0,1.0,1.0,0.2768621265938213,1.0,1.0,1.0,1.0,0.7740194145605692
646,704a2b5191f2e8c04,True,,,,,,,,,,1.0,1.0,1.0,1.0,0.5017154043806686,1.0,0.0,1.0,1.0,0.7192860638689589
647,1ddeaca2c3ce651e2,True,,,,,,,,,,1.0,1.0,1.0,1.0,0.8333303942933122,1.0,1.0,1.0,1.0,0.94791574821666
648,ab09d2e92f141236c,True,,,,,,,,,,0.0,1.0,0.5,1.0,1.0,0.0,0.0,1.0,1.0,0.0
649,155dbb3e9624d499e,True,,,,,,,,,,0.0,0.0,1.0,1.0,0.5777125299794269,0.0,0.0,1.0,0.0,0.0
650,209b97b1bbd7f20ba,True,,,,,,,,,,1.0,0.0,0.0,1.0,1.0,1.0,0.0,1.0,1.0,0.0
651,28203b9c4a54e7875,True,,,,,,,,,,0.0,1.0,1.0,1.0,1.0,0.0,0.0,1.0,0.0,0.0
652,10933ac8239bd6fbb,True,,,,,,,,,,1.0,1.0,1.0,1.0,0.580604820014725,1.0,1.0,1.0,1.0,0.8689390062546016
653,720fbcef3959511d0,True,,,,,,,,,,0.0,1.0,1.0,1.0,1.0,0.0,1.0,1.0,1.0,0.0
654,c21a8802e9c30c4ba,True,,,,,,,,,,1.0,1.0,0.5,1.0,0.34142583204720484,1.0,0.0,1.0,1.0,0.33459778625737574
655,2913dab4565a29b87,True,,,,,,,,,,1.0,0.0,1.0,1.0,0.7127782239070317,1.0,0.0,0.0,0.0,0.0
656,17de904ac4c504886,True,,,,,,,,,,1.0,1.0,1.0,1.0,0.39383618676467513,1.0,1.0,1.0,1.0,0.810573808363961
657,e9bf575d65f297345,True,,,,,,,,,,1.0,1.0,0.0,1.0,1.0,1.0,0.0,1.0,0.0,0.0
658,a6158322c9262bd39,True,,,,,,,,,,1.0,1.0,0.0,1.0,1.0,1.0,1.0,0.0,0.0,0.0
659,f4fb3d3b43707d6a3,True,,,,,,,,,,0.0,1.0,1.0,1.0,1.0,0.0,0.0,1.0,0.0,0.0
660,548f3a3e3c14a9e80,True,,,,,,,,,,1.0,1.0,0.0,1.0,1.0,1.0,0.0,1.0,0.0,0.0
661,8d65d3f4d930b58ae,True,,,,,,,,,,1.0,0.0,1.0,1.0,1.0,1.0,0.0,1.0,1.0,0.0
662,d5638ab82149e235f,True,,,,,,,,,,1.0,1.0,1.0,1.0,0.6561754556418021,1.0,1.0,1.0,0.0,0.7675548298880632
663,fb069de5c1aacc9f5,True,,,,,,,,,,1.0,0.0,1.0,1.0,0.700634818043742,1.0,1.0,1.0,1.0,0.0
664,b1b76999fa25ad35b,True,,,,,,,,,,1.0,0.0,1.0,1.0,1.0,1.0,0.0,1.0,1.0,0.0
665,042bf7d6a0f98a104,True,,,,,,,,,,1.0,1.0,0.5,1.0,0.7044580923659272,1.0,0.0,1.0,1.0,0.3913215769321761
666,e4f6fd6cc0e09d70c,True,,,,,,,,,,1.0,1.0,1.0,1.0,1.0,1.0,1.0,1.0,1.0,1.0
667,362376a65fe8ca576,True,,,,,,,,,,1.0,1.0,1.0,1.0,0.5160395539714496,1.0,0.0,1.0,1.0,0.723762360616078
668,5d8640ad77a995a45,True,,,,,,,,,,1.0,1.0,1.0,1.0,0.3442507404390313,1.0,1.0,1.0,1.0,0.7950783563871973
669,27d64cbd86e07452b,True,,,,,,,,,,1.0,1.0,1.0,0.0,1.0,1.0,1.0,0.0,0.0,0.0
670,3108d12aec681dcb0,True,,,,,,,,,,1.0,1.0,1.0,1.0,0.528367487251282,1.0,0.0,1.0,0.0,0.6026148397660256
671,bda9a328490cd8105,True,,,,,,,,,,0.0,1.0,1.0,1.0,1.0,0.0,1.0,1.0,1.0,0.0
672,b2a98e2ef3f3f2ff4,True,,,,,,,,,,1.0,1.0,0.0,1.0,0.8407959169869863,1.0,0.0,1.0,1.0,0.0
673,53932082fb71ad6d8,True,,,,,,,,,,1.0,1.0,1.0,1.0,0.5593976986506468,1.0,1.0,1.0,1.0,0.8623117808283272
674,dbfdf8f55f68e448a,True,,,,,,,,,,0.0,1.0,1.0,1.0,1.0,0.0,1.0,1.0,1.0,0.0
675,b73770a1de3ee8a3f,True,,,,,,,,,,1.0,1.0,1.0,1.0,0.3559387341346414,1.0,1.0,1.0,0.0,0.6737308544170755
676,d85e0580a10c3e544,True,,,,,,,,,,1.0,1.0,0.5,1.0,0.8894337606440467,1.0,0.0,1.0,0.0,0.3577240251006323
677,47bbf73e6941376ea,True,,,,,,,,,,1.0,1.0,1.0,1.0,0.7919251197008841,1.0,1.0,1.0,1.0,0.9349765999065263
678,be077aa94f9771913,True,,,,,,,,,,1.0,0.0,1.0,0.0,1.0,1.0,0.0,1.0,1.0,0.0
679,8709b2e277d0597b6,True,,,,,,,,,,1.0,1.0,1.0,1.0,1.0,1.0,1.0,1.0,1.0,1.0
680,2b357fcebd9642bfe,True,,,,,,,,,,1.0,0.0,1.0,1.0,1.0,1.0,0.0,1.0,0.0,0.0
681,6689a93bda6a6470b,True,,,,,,,,,,1.0,1.0,1.0,1.0,0.88594570013394,1.0,1.0,1.0,1.0,0.9643580312918563
682,fc4ca8b0a98a8fade,True,,,,,,,,,,1.0,1.0,1.0,1.0,1.0,1.0,0.0,1.0,0.0,0.75
683,edcd482f0136b535d,True,,,,,,,,,,1.0,1.0,1.0,1.0,0.49310188921906234,1.0,0.0,1.0,1.0,0.7165943403809569
684,6e32b9a6c91fe85dc,True,,,,,,,,,,1.0,1.0,1.0,1.0,1.0,1.0,0.0,1.0,1.0,0.875
685,4358e02f26d710fd9,True,,,,,,,,,,1.0,1.0,1.0,1.0,0.2791207335244903,1.0,1.0,1.0,1.0,0.7747252292264032
686,71afcb9b1ac436e14,True,,,,,,,,,,1.0,1.0,1.0,1.0,0.6913019207447815,1.0,1.0,1.0,0.0,0.7785318502327442
687,312967b0fb74d9524,True,,,,,,,,,,1.0,1.0,1.0,1.0,0.4981400476858183,1.0,1.0,1.0,1.0,0.8431687649018182
688,699fb67837db96cea,True,,,,,,,,,,1.0,1.0,0.0,1.0,1.0,1.0,0.0,1.0,1.0,0.0
689,20c10d1762c2f560d,True,,,,,,,,,,0.0,0.0,0.0,1.0,1.0,0.0,0.0,1.0,0.0,0.0
690,36c78e1f966d78d1b,True,,,,,,,,,,1.0,1.0,1.0,1.0,0.47323355446202975,1.0,1.0,1.0,1.0,0.8353854857693843
691,096330032f89cefb3,True,,,,,,,,,,1.0,1.0,1.0,1.0,0.40853733307307905,1.0,1.0,1.0,1.0,0.8151679165853372
692,8586a8b63a4fed64c,True,,,,,,,,,,1.0,1.0,0.0,1.0,1.0,1.0,0.0,1.0,0.0,0.0
693,cc06efea87df36bc7,True,,,,,,,,,,1.0,1.0,1.0,1.0,0.6084805278424867,1.0,0.0,1.0,1.0,0.7526501649507771
694,dfb3b08e2dddf7b38,True,,,,,,,,,,1.0,1.0,1.0,1.0,0.8239511493570228,1.0,0.0,1.0,1.0,0.8199847341740696
695,8f53dde363962b143,True,,,,,,,,,,1.0,1.0,0.5,1.0,0.7061633772361244,1.0,0.0,1.0,1.0,0.39158802769314444
696,69efea362deb3273e,True,,,,,,,,,,1.0,0.0,1.0,1.0,1.0,1.0,0.0,1.0,1.0,0.0
697,50ca93bd394c4a025,True,,,,,,,,,,1.0,1.0,1.0,1.0,1.0,1.0,1.0,1.0,0.0,0.875
698,c41d6466acee52a7f,True,,,,,,,,,,1.0,1.0,1.0,1.0,0.9915853708819333,1.0,0.0,1.0,0.0,0.7473704284006042
699,7ff58b20e56a787e0,True,,,,,,,,,,1.0,1.0,0.5,1.0,1.0,1.0,0.0,1.0,0.0,0.375
700,41605b0da6ca7fa55,True,,,,,,,,,,1.0,1.0,1.0,1.0,0.761301347653201,1.0,0.0,1.0,1.0,0.8004066711416253
701,b3b9360d8f660b634,True,,,,,,,,,,1.0,0.0,1.0,1.0,1.0,1.0,1.0,1.0,0.0,0.0
702,113cb8fed3d36b259,True,,,,,,,,,,1.0,1.0,1.0,1.0,0.2164294121736911,1.0,1.0,1.0,1.0,0.7551341913042785
703,61fd1e677d1c01a32,True,,,,,,,,,,1.0,0.0,0.0,1.0,1.0,0.0,0.0,1.0,1.0,0.0
704,01939f050c164b6c4,True,,,,,,,,,,1.0,1.0,1.0,1.0,1.0,1.0,0.0,1.0,1.0,0.875
705,cac389eb6249d6874,True,,,,,,,,,,1.0,1.0,1.0,1.0,0.5856577752649826,1.0,0.0,1.0,0.0,0.6205180547703071
706,c69efd29d5a9049e3,True,,,,,,,,,,0.5,1.0,1.0,1.0,1.0,1.0,1.0,1.0,1.0,0.5
707,44f588c85236fe365,True,,,,,,,,,,0.0,1.0,1.0,1.0,1.0,0.0,1.0,1.0,0.0,0.0
708,dedf2ffe66804a16a,True,,,,,,,,,,1.0,1.0,1.0,1.0,0.5855927053601896,1.0,1.0,1.0,1.0,0.8704977204250592
709,1bd74624249d94074,True,,,,,,,,,,0.5,0.0,1.0,1.0,1.0,0.0,1.0,1.0,1.0,0.0
710,4c9f4af922d375f71,True,,,,,,,,,,1.0,1.0,1.0,1.0,0.7837360626529513,1.0,1.0,1.0,1.0,0.9324175195790473
711,16e1819d7d9d5f11d,True,,,,,,,,,,1.0,1.0,1.0,1.0,0.30044362705095534,1.0,1.0,1.0,1.0,0.7813886334534236
712,ff2e7e48f5ee14950,True,,,,,,,,,,1.0,1.0,0.5,1.0,1.0,1.0,0.0,1.0,0.0,0.375
713,033858312a3f04e99,True,,,,,,,,,,0.0,1.0,0.5,1.0,1.0,0.0,0.0,1.0,1.0,0.0
714,2c09013af79e257fd,True,,,,,,,,,,1.0,0.0,1.0,1.0,0.7288376774290835,1.0,0.0,1.0,1.0,0.0
715,def3a7e5b9515c6fb,True,,,,,,,,,,1.0,1.0,1.0,1.0,0.41084012174903745,1.0,1.0,1.0,0.0,0.6908875380465742
716,31cc7cd0fdf16f061,True,,,,,,,,,,1.0,1.0,0.0,1.0,0.8295191772376275,1.0,1.0,0.0,0.0,0.0
717,0eb1a54023685f27e,True,,,,,,,,,,1.0,1.0,1.0,1.0,1.0,1.0,0.0,1.0,0.0,0.75
718,1c5915479f9d88e87,True,,,,,,,,,,1.0,0.0,1.0,1.0,0.48318163069488557,1.0,0.0,1.0,1.0,0.0
719,892680e2569238f20,True,,,,,,,,,,1.0,1.0,1.0,1.0,0.6969468090723184,1.0,0.0,1.0,1.0,0.7802958778350995
720,b1eef6642f7b29370,True,,,,,,,,,,1.0,1.0,1.0,1.0,0.4275227291202217,1.0,1.0,1.0,1.0,0.8211008528500693
721,b12d970eb84c1530f,True,,,,,,,,,,1.0,1.0,1.0,1.0,1.0,1.0,0.0,1.0,1.0,0.875
722,92b72601aef2807d0,True,,,,,,,,,,1.0,1.0,1.0,1.0,0.8237269295231852,1.0,0.0,1.0,1.0,0.8199146654759953
723,31e06cefab6d7169f,True,,,,,,,,,,1.0,1.0,1.0,1.0,0.7198144708539813,1.0,0.0,1.0,0.0,0.6624420221418692
724,a71664743c9a3ca78,True,,,,,,,,,,1.0,1.0,1.0,1.0,0.8005618660756255,1.0,0.0,1.0,1.0,0.812675583148633
725,9450ae84450a77fc4,True,,,,,,,,,,1.0,1.0,1.0,1.0,0.9548545409448034,1.0,0.0,1.0,1.0,0.860892044045251
726,93dbd55a373bc4efe,True,,,,,,,,,,1.0,1.0,1.0,1.0,0.8360299819234028,1.0,1.0,1.0,1.0,0.9487593693510634
727,5744b52773894c061,True,,,,,,,,,,1.0,1.0,1.0,1.0,0.7568592325385319,1.0,0.0,1.0,0.0,0.6740185101682912
728,cd53b47b7ab39ebeb,True,,,,,,,,,,1.0,0.0,1.0,1.0,0.43711194826553934,1.0,1.0,1.0,1.0,0.0
729,9862cd6616f18a7ed,True,,,,,,,,,,1.0,1.0,1.0,1.0,0.29123490368631255,1.0,1.0,1.0,1.0,0.7785109074019727
730,7e6c9f4638d88c304,True,,,,,,,,,,1.0,0.0,1.0,1.0,0.6946556994789508,1.0,1.0,1.0,1.0,0.0
731,32e9d651acdfc8f82,True,,,,,,,,,,1.0,1.0,1.0,1.0,0.603799983941608,1.0,0.0,1.0,1.0,0.7511874949817525
732,1e3da3a342a445433,True,,,,,,,,,,1.0,1.0,0.5,1.0,0.6434261900324516,1.0,0.0,1.0,1.0,0.38178534219257054
733,4619287f3174b7b19,True,,,,,,,,,,0.0,1.0,1.0,1.0,1.0,0.0,1.0,1.0,0.0,0.0
734,1a8fcc346a063b55c,True,,,,,,,,,,1.0,1.0,1.0,1.0,1.0,1.0,1.0,1.0,0.0,0.875
735,f2093ddb02711422c,True,,,,,,,,,,0.0,1.0,1.0,1.0,1.0,0.0,0.0,1.0,1.0,0.0
736,336a85438db14731e,True,,,,,,,,,,0.0,1.0,1.0,1.0,1.0,0.0,0.0,1.0,1.0,0.0
737,bb662cb22384c44c1,True,,,,,,,,,,1.0,1.0,1.0,1.0,0.4322053865371433,1.0,1.0,1.0,1.0,0.8225641832928573
738,9f8244fb38a036545,True,,,,,,,,,,1.0,1.0,1.0,1.0,0.20287192362306947,1.0,1.0,1.0,0.0,0.6258974761322091
739,b768b66003f09acc0,True,,,,,,,,,,1.0,0.0,1.0,1.0,0.22300418589212104,1.0,1.0,1.0,0.0,0.0
740,abb500cc3351d897a,True,,,,,,,,,,1.0,0.0,0.5,1.0,0.7666118699424053,1.0,0.0,1.0,1.0,0.0
741,579b0b533f44a8dd1,True,,,,,,,,,,1.0,1.0,1.0,1.0,0.23218895785619212,1.0,0.0,1.0,0.0,0.5100590493300601
742,1572e57c1e71e8774,True,,,,,,,,,,1.0,1.0,1.0,1.0,0.48117211438243934,1.0,1.0,1.0,0.0,0.7128662857445123
743,ae529a342a5742720,True,,,,,,,,,,1.0,1.0,1.0,1.0,0.7811155311908978,1.0,0.0,1.0,1.0,0.8065986034971555
744,ef66f2c0cf4893824,True,,,,,,,,,,1.0,0.0,0.5,1.0,1.0,1.0,0.0,1.0,1.0,0.0
745,1fe4ed0aea2c3ed33,True,,,,,,,,,,0.0,0.0,1.0,1.0,1.0,0.0,0.0,1.0,1.0,0.0
746,5959223c7ec6a8c04,True,,,,,,,,,,1.0,1.0,1.0,0.0,1.0,1.0,0.0,1.0,0.0,0.0
747,c86b538debe073fb7,True,,,,,,,,,,1.0,1.0,1.0,1.0,0.7661631319428017,1.0,1.0,1.0,0.0,0.8019259787321256
748,64048e12035273b06,True,,,,,,,,,,1.0,1.0,1.0,1.0,0.8259967792881946,1.0,1.0,1.0,0.0,0.8206239935275608
749,3d8397f4fcf5d9ec3,True,,,,,,,,,,1.0,1.0,1.0,1.0,0.8434828475245018,1.0,0.0,1.0,1.0,0.8260883898514069
750,e3a9da177d10be28d,True,,,,,,,,,,1.0,1.0,1.0,1.0,1.0,1.0,0.0,1.0,1.0,0.875
751,e2575892f97539fa7,True,,,,,,,,,,1.0,0.0,1.0,1.0,1.0,1.0,1.0,1.0,1.0,0.0
752,4e0c450f15f308dcf,True,,,,,,,,,,1.0,0.0,1.0,1.0,0.5194833184263182,0.0,1.0,1.0,0.0,0.0
753,2624b8883e65347cd,True,,,,,,,,,,1.0,0.0,0.0,1.0,1.0,1.0,0.0,1.0,0.0,0.0
754,2b91925294ab78999,True,,,,,,,,,,0.0,0.0,1.0,1.0,1.0,0.0,0.0,1.0,0.0,0.0
755,58529df281ddba3bc,True,,,,,,,,,,1.0,1.0,1.0,1.0,0.36286271722923413,1.0,1.0,1.0,0.0,0.6758945991341356
756,5e5a2a6c7ddbfc092,True,,,,,,,,,,1.0,0.0,1.0,1.0,0.7042843160600174,1.0,1.0,1.0,0.0,0.0
757,9e800327f6e34c777,True,,,,,,,,,,0.0,1.0,1.0,1.0,1.0,0.0,0.0,1.0,0.0,0.0
758,eb2b9b57bc8fba12d,True,,,,,,,,,,1.0,1.0,1.0,1.0,0.8676028367673276,1.0,0.0,1.0,0.0,0.7086258864897899
759,82b54bb048c67baba,True,,,,,,,,,,1.0,1.0,1.0,1.0,0.18334577598448817,1.0,0.0,1.0,1.0,0.6197955549951526
760,bea93c9cd22af6ec1,True,,,,,,,,,,1.0,0.0,1.0,1.0,1.0,1.0,0.0,1.0,0.0,0.0
761,aa6a0de76f6f09404,True,,,,,,,,,,1.0,0.0,0.0,1.0,1.0,1.0,0.0,0.0,0.0,0.0
762,aaaeb97c15db0e2f6,True,,,,,,,,,,1.0,1.0,1.0,1.0,0.7285035615336247,1.0,1.0,1.0,0.0,0.7901573629792578
763,e87ee58e2c6134551,True,,,,,,,,,,1.0,1.0,1.0,1.0,0.2768131204846206,1.0,0.0,1.0,1.0,0.6490041001514439
764,e6a340849c0025d9f,True,,,,,,,,,,1.0,0.0,1.0,1.0,0.6680049671502875,1.0,1.0,1.0,0.0,0.0
765,02693119b4e1bacb0,True,,,,,,,,,,1.0,0.0,1.0,1.0,0.5799872914845623,1.0,1.0,1.0,0.0,0.0
766,6808c5efa6976fe37,True,,,,,,,,,,1.0,1.0,1.0,1.0,0.3855839849147564,1.0,0.0,1.0,0.0,0.5579949952858614
767,182b0871961fced6d,True,,,,,,,,,,1.0,1.0,1.0,1.0,0.3333945587241747,1.0,1.0,1.0,0.0,0.6666857996013046
768,7d0e6ab1e39a11f7e,True,,,,,,,,,,1.0,1.0,0.5,1.0,0.6952799931283165,1.0,1.0,1.0,0.0,0.3898874989262995
769,1ad3760588008efe5,True,,,,,,,,,,1.0,1.0,1.0,1.0,1.0,1.0,0.0,1.0,1.0,0.875
770,e88bf694837e674f5,True,,,,,,,,,,1.0,1.0,0.0,1.0,1.0,1.0,0.0,1.0,1.0,0.0
771,5fd00e9375f6b46f9,True,,,,,,,,,,1.0,1.0,1.0,1.0,0.35577849866344413,1.0,0.0,1.0,1.0,0.6736807808323263
772,9b8863dbb1afcaba3,True,,,,,,,,,,1.0,1.0,1.0,1.0,1.0,1.0,0.0,1.0,0.0,0.75
773,143c4941004472287,True,,,,,,,,,,1.0,0.0,1.0,1.0,1.0,1.0,0.0,1.0,0.0,0.0
774,2e6e31a67e672d4a5,True,,,,,,,,,,1.0,1.0,1.0,1.0,0.4016460632770185,1.0,0.0,1.0,0.0,0.5630143947740682
775,727fa1e7c8aa0cdc1,True,,,,,,,,,,1.0,1.0,1.0,1.0,0.5384704343104545,1.0,0.0,1.0,1.0,0.730772010722017
776,c3430498fdada1e4d,True,,,,,,,,,,1.0,1.0,1.0,1.0,0.7111988721642589,1.0,0.0,1.0,1.0,0.7847496475513309
777,9b28f2e81fd405453,True,,,,,,,,,,1.0,1.0,0.5,1.0,0.6347540338201629,1.0,1.0,1.0,1.0,0.44293031778440045
778,69968d73c74d053d8,True,,,,,,,,,,1.0,1.0,0.0,1.0,1.0,1.0,0.0,1.0,1.0,0.0
779,cdb80903b75b86325,True,,,,,,,,,,1.0,1.0,1.0,1.0,0.5778611179304639,1.0,0.0,1.0,0.0,0.61808159935327
780,d3fe928c762b0cd0d,True,,,,,,,,,,1.0,1.0,1.0,1.0,1.0,1.0,0.0,1.0,1.0,0.875
781,1c719a50f45d2db1e,True,,,,,,,,,,1.0,0.0,1.0,1.0,0.8248699418892594,1.0,0.0,1.0,1.0,0.0
782,2beda3235f74c6edb,True,,,,,,,,,,1.0,1.0,1.0,1.0,0.3397221769967771,1.0,0.0,1.0,1.0,0.6686631803114929
783,50e8217a812643799,True,,,,,,,,,,1.0,1.0,1.0,1.0,0.7485616476424509,1.0,1.0,1.0,1.0,0.921425514888266
784,f320cdfa77acffb59,True,,,,,,,,,,1.0,0.0,1.0,1.0,0.7309753949792382,1.0,1.0,1.0,0.0,0.0
785,f422184af5c3c266b,True,,,,,,,,,,0.0,1.0,1.0,1.0,1.0,0.0,1.0,1.0,1.0,0.0
786,62b18a39075ffdaba,True,,,,,,,,,,1.0,0.0,1.0,1.0,1.0,1.0,0.0,1.0,1.0,0.0
787,3f5815868e493295e,True,,,,,,,,,,1.0,1.0,1.0,1.0,0.5925206838381173,1.0,1.0,1.0,1.0,0.8726627136994116
788,10e8a0c218db15652,True,,,,,,,,,,1.0,1.0,1.0,1.0,1.0,1.0,0.0,1.0,0.0,0.75
789,3ff3a293385e2be07,True,,,,,,,,,,1.0,1.0,1.0,1.0,0.2219976328811261,1.0,1.0,1.0,0.0,0.6318742602753519
790,8779ba759ea792fbc,True,,,,,,,,,,1.0,1.0,1.0,1.0,0.06239435368669309,1.0,1.0,1.0,1.0,0.7069982355270916
791,8f0ed4cbd9cfb8ff3,True,,,,,,,,,,0.0,1.0,1.0,1.0,1.0,0.0,1.0,1.0,1.0,0.0
792,467d1a5ec9c912bda,True,,,,,,,,,,1.0,1.0,1.0,1.0,1.0,1.0,0.0,1.0,1.0,0.875
793,1c913239e8b6739a5,True,,,,,,,,,,1.0,1.0,1.0,1.0,0.5788750934339073,1.0,0.0,1.0,0.0,0.6183984666980961
794,d760fd5131cb248fc,True,,,,,,,,,,1.0,1.0,1.0,1.0,0.8174227006506014,1.0,1.0,1.0,1.0,0.942944593953313
795,0a5f73f132223809d,True,,,,,,,,,,1.0,1.0,1.0,1.0,1.0,1.0,0.0,1.0,0.0,0.75
796,18c7e56e43eebb62f,True,,,,,,,,,,1.0,1.0,0.0,1.0,0.8872920473527047,1.0,0.0,0.0,0.0,0.0
797,27061907e5be28dba,True,,,,,,,,,,1.0,1.0,1.0,1.0,0.7781594873061783,1.0,1.0,1.0,1.0,0.9306748397831808
798,a779cf32b55be3c41,True,,,,,,,,,,1.0,1.0,1.0,1.0,0.9233945576855371,1.0,1.0,1.0,1.0,0.9760607992767303
799,6993cc3dbf9cc86cf,True,,,,,,,,,,0.0,0.0,1.0,1.0,1.0,0.0,1.0,1.0,1.0,0.0
800,b1c50bd50a2ae1355,True,,,,,,,,,,1.0,0.0,1.0,1.0,0.8352517325090747,1.0,1.0,0.0,0.0,0.0
801,2bf48c9a1af27a0a1,True,,,,,,,,,,1.0,1.0,1.0,1.0,0.5287784844668392,1.0,1.0,1.0,1.0,0.8527432763958872
802,c27589c1692f0a130,True,,,,,,,,,,1.0,1.0,1.0,1.0,0.7683621705198735,1.0,1.0,1.0,1.0,0.9276131782874605
803,8c25a75ef46e49d9f,True,,,,,,,,,,1.0,1.0,1.0,1.0,0.34906813055537383,1.0,1.0,1.0,1.0,0.7965837907985543
804,597d6626cc9f6cdbd,True,,,,,,,,,,1.0,1.0,1.0,1.0,0.7468095848508366,1.0,0.0,1.0,1.0,0.7958779952658864
805,abb1e9c0cfeb7bb29,True,,,,,,,,,,1.0,1.0,1.0,1.0,1.0,1.0,0.0,1.0,1.0,0.875
806,1ea8537ea6898e4e2,True,,,,,,,,,,1.0,1.0,1.0,1.0,0.6903573502820888,1.0,0.0,1.0,1.0,0.7782366719631527
807,8aabedd8189160e6a,True,,,,,,,,,,1.0,1.0,1.0,1.0,0.31846045560874886,1.0,0.0,1.0,1.0,0.662018892377734
808,af48e9c0da650fb5e,True,,,,,,,,,,1.0,1.0,1.0,1.0,0.6768210744122524,1.0,0.0,1.0,1.0,0.7740065857538289
809,efd390e03153a7806,True,,,,,,,,,,1.0,1.0,1.0,1.0,0.7704531286057387,1.0,1.0,1.0,0.0,0.8032666026892934
810,b6f6daabfac4fa910,True,,,,,,,,,,0.0,1.0,1.0,1.0,1.0,0.0,1.0,1.0,1.0,0.0
811,36ae44a98b7378f57,True,,,,,,,,,,1.0,0.0,1.0,1.0,0.539379040120682,1.0,1.0,1.0,0.0,0.0
812,945b57db140235d1c,True,,,,,,,,,,1.0,0.0,1.0,1.0,1.0,1.0,0.0,1.0,1.0,0.0
813,c51bc3907e1c3fbac,True,,,,,,,,,,1.0,1.0,1.0,1.0,0.5691855438981319,1.0,1.0,1.0,1.0,0.8653704824681663
814,10cc41fbc38a43481,True,,,,,,,,,,0.0,1.0,1.0,1.0,0.711988660495341,0.0,1.0,1.0,0.0,0.0
815,1879a7c4a97f64bf9,True,,,,,,,,,,1.0,1.0,0.5,1.0,0.7008478872024488,1.0,0.0,1.0,1.0,0.39075748237538266
816,b597eeb6a07198090,True,,,,,,,,,,1.0,0.0,1.0,1.0,1.0,1.0,1.0,1.0,0.0,0.0
817,14a4ca35ab5b9b46d,True,,,,,,,,,,1.0,0.0,0.5,1.0,0.6254617456867054,1.0,0.0,1.0,1.0,0.0
818,5421fa2f2e2b4cb13,True,,,,,,,,,,1.0,1.0,1.0,1.0,0.8662156929135105,1.0,0.0,1.0,1.0,0.833192404035472
819,e2094c50a0cc45693,True,,,,,,,,,,1.0,0.0,0.5,1.0,0.5896972842270266,1.0,1.0,1.0,0.0,0.0
820,3432391c5dca44cf9,True,,,,,,,,,,1.0,1.0,1.0,1.0,0.8644324883937297,1.0,1.0,1.0,1.0,0.9576351526230404
821,d4c12619399c7d2e4,True,,,,,,,,,,1.0,1.0,1.0,1.0,0.8454405348323529,1.0,0.0,1.0,1.0,0.8267001671351103
822,2048a65fec13c23d5,True,,,,,,,,,,1.0,1.0,1.0,1.0,0.588249587500032,1.0,1.0,1.0,0.0,0.74632799609376
823,44873a7eb00654595,True,,,,,,,,,,1.0,1.0,1.0,1.0,0.7588517202239013,1.0,0.0,1.0,1.0,0.7996411625699692
824,a2ebc2aec41ccbb33,True,,,,,,,,,,1.0,1.0,1.0,1.0,0.5847203398833362,1.0,1.0,1.0,0.0,0.7452251062135425
825,b06abb0b6477b1473,True,,,,,,,,,,1.0,0.0,0.5,1.0,1.0,1.0,1.0,1.0,1.0,0.0
826,5b387bb6b49ae731a,True,,,,,,,,,,1.0,1.0,1.0,1.0,0.6612187512959599,1.0,0.0,1.0,0.0,0.6441308597799875
827,76d9e9afdcf9204ad,True,,,,,,,,,,0.0,0.0,1.0,1.0,1.0,0.0,1.0,1.0,0.0,0.0
828,74fbb7c806207e386,True,,,,,,,,,,1.0,1.0,1.0,1.0,0.4119856785337983,1.0,1.0,1.0,0.0,0.691245524541812
829,f1e68724beef04f5c,True,,,,,,,,,,0.0,1.0,1.0,1.0,0.8875449100084887,0.0,1.0,1.0,0.0,0.0
830,df49c73fde01293e8,True,,,,,,,,,,1.0,1.0,1.0,1.0,0.8690612513493432,1.0,1.0,1.0,0.0,0.8340816410466698
831,0f6d4f139537fd8c3,True,,,,,,,,,,0.0,1.0,1.0,1.0,1.0,0.0,1.0,1.0,1.0,0.0
832,fa4a246511ab86e8d,True,,,,,,,,,,1.0,0.0,0.0,1.0,1.0,1.0,0.0,1.0,1.0,0.0
833,cecd0fc5ce59cf0d6,True,,,,,,,,,,1.0,1.0,1.0,1.0,0.6498654377113245,1.0,0.0,1.0,0.0,0.640582949284789
834,ce4c369affbdefa99,True,,,,,,,,,,1.0,1.0,1.0,1.0,0.6635034487613022,1.0,1.0,1.0,1.0,0.894844827737907
835,e1dfffddf7ca3297a,True,,,,,,,,,,0.0,0.0,0.0,1.0,1.0,0.0,0.0,1.0,1.0,0.0
836,fec4e607d84e38636,True,,,,,,,,,,1.0,1.0,1.0,1.0,1.0,1.0,0.0,1.0,1.0,0.875
837,56528b515c3eb4ed5,True,,,,,,,,,,1.0,1.0,1.0,1.0,1.0,1.0,0.0,1.0,1.0,0.875
838,0cd1d84434c6f5d44,True,,,,,,,,,,0.0,0.0,0.0,1.0,1.0,0.0,0.0,1.0,0.0,0.0
839,9c47bf4ba9db25f5d,True,,,,,,,,,,0.0,1.0,1.0,1.0,1.0,0.0,1.0,1.0,0.0,0.0
840,5864544991537f112,True,,,,,,,,,,0.0,0.0,1.0,1.0,1.0,0.0,0.0,1.0,0.0,0.0
841,b7e1048a59015eb95,True,,,,,,,,,,1.0,1.0,1.0,1.0,0.31374588720255364,1.0,1.0,1.0,1.0,0.785545589750798
842,55a589ced770cbf72,True,,,,,,,,,,1.0,1.0,1.0,1.0,0.9589415991031859,1.0,1.0,1.0,1.0,0.9871692497197455
843,a0dc275ea4b2b9c05,True,,,,,,,,,,1.0,1.0,1.0,1.0,0.9729795691284386,1.0,1.0,1.0,1.0,0.9915561153526371
844,fbf4ec49ea2272ba1,True,,,,,,,,,,1.0,1.0,1.0,1.0,0.36982321663952794,1.0,0.0,1.0,1.0,0.6780697551998525
845,6ca032cc95e7418a6,True,,,,,,,,,,1.0,0.0,0.0,1.0,0.8183651313774738,1.0,0.0,1.0,0.0,0.0
846,e3e11c324948199da,True,,,,,,,,,,1.0,1.0,1.0,1.0,1.0,1.0,1.0,1.0,1.0,1.0
847,f77bd4f74cbf5fa01,True,,,,,,,,,,1.0,1.0,1.0,1.0,0.5104558118105693,1.0,1.0,1.0,1.0,0.8470174411908029
848,d07109d7827c6eace,True,,,,,,,,,,1.0,1.0,1.0,1.0,0.7102089355256678,1.0,1.0,0.0,1.0,0.7844402923517712
849,c98ccf44f3285fa8b,True,,,,,,,,,,1.0,1.0,1.0,1.0,0.7809988453396267,1.0,1.0,1.0,1.0,0.9315621391686333
850,c88ec2d9a664ec957,True,,,,,,,,,,1.0,1.0,1.0,1.0,1.0,0.0,1.0,1.0,1.0,0.6875
851,687fb362f72d56b1d,True,,,,,,,,,,1.0,1.0,1.0,1.0,0.437443451524927,1.0,1.0,1.0,0.0,0.6992010786015397
852,af838aad1e6b19925,True,,,,,,,,,,1.0,1.0,1.0,1.0,0.5616778040984023,1.0,1.0,1.0,0.0,0.7380243137807507
853,1435a0fd243cd3793,True,,,,,,,,,,1.0,1.0,1.0,1.0,0.3690859116300743,1.0,1.0,1.0,0.0,0.6778393473843982
854,7d544582497e9153d,True,,,,,,,,,,1.0,1.0,1.0,1.0,0.7750802079370805,1.0,0.0,1.0,1.0,0.8047125649803377
855,49f77b5c62d2c5787,True,,,,,,,,,,1.0,1.0,0.5,1.0,0.7402908692491247,1.0,1.0,1.0,0.0,0.3969204483201757
856,a66365f9db94531ab,True,,,,,,,,,,1.0,1.0,1.0,1.0,0.3318125605887547,1.0,0.0,1.0,1.0,0.6661914251839858
857,2715084d8bf201e97,True,,,,,,,,,,1.0,1.0,1.0,1.0,0.784688057436747,1.0,1.0,1.0,0.0,0.8077150179489834
858,893f024c9ae6bfd2c,True,,,,,,,,,,1.0,0.0,1.0,1.0,0.28503905740327806,1.0,1.0,1.0,1.0,0.0
859,679e3c52a1d70d447,True,,,,,,,,,,1.0,1.0,0.5,1.0,0.7720755498186637,1.0,0.0,0.0,0.0,0.2768868046591662
860,b360500595d619f7c,True,,,,,,,,,,1.0,1.0,1.0,1.0,0.9403468493183891,1.0,0.0,1.0,1.0,0.8563583904119966
861,312963b5a180fcf28,True,,,,,,,,,,1.0,0.0,1.0,1.0,0.5282426368266792,1.0,1.0,1.0,0.0,0.0
862,168a27b36c1bcf538,True,,,,,,,,,,1.0,0.0,0.0,1.0,1.0,1.0,0.0,1.0,0.0,0.0
863,88d72263f1af2d277,True,,,,,,,,,,1.0,0.0,1.0,1.0,1.0,1.0,1.0,1.0,0.0,0.0
864,273762480ecf0bcd6,True,,,,,,,,,,1.0,1.0,1.0,1.0,0.7010483128620648,1.0,0.0,1.0,1.0,0.7815775977693953
865,9958c9d44c4338562,True,,,,,,,,,,1.0,1.0,1.0,1.0,0.6306290374775703,1.0,1.0,1.0,0.0,0.7595715742117407
866,1e90f84f7e7bca603,True,,,,,,,,,,0.0,0.0,1.0,1.0,1.0,0.0,1.0,1.0,0.0,0.0
867,e18bfb53190f46707,True,,,,,,,,,,1.0,1.0,1.0,1.0,1.0,1.0,1.0,1.0,0.0,0.875
868,ef08e59a9c882aea6,True,,,,,,,,,,0.0,1.0,1.0,1.0,1.0,0.0,0.0,1.0,1.0,0.0
869,5d72351d0cf4540a5,True,,,,,,,,,,1.0,1.0,1.0,1.0,0.2794859750423957,1.0,1.0,1.0,1.0,0.7748393672007486
870,d3a6f863fceaf4d0e,True,,,,,,,,,,0.0,1.0,1.0,1.0,0.23447446931132276,0.0,1.0,1.0,0.0,0.0
871,4c74c0df8c74b80db,True,,,,,,,,,,1.0,0.0,1.0,1.0,1.0,1.0,0.0,1.0,0.0,0.0
872,3eb13673463836283,True,,,,,,,,,,1.0,1.0,1.0,1.0,0.4355089129070632,1.0,1.0,1.0,0.0,0.6985965352834572
873,efd620a9103f0ef3f,True,,,,,,,,,,1.0,1.0,1.0,1.0,1.0,1.0,1.0,1.0,0.0,0.875
874,e0b4f883827dd8c7f,True,,,,,,,,,,1.0,1.0,1.0,1.0,0.8080088807317486,1.0,1.0,1.0,0.0,0.8150027752286715
875,004a5a808615d791d,True,,,,,,,,,,1.0,1.0,1.0,1.0,0.26040145192994535,1.0,0.0,1.0,1.0,0.643875453728108
876,c0a268f5942ff8fac,True,,,,,,,,,,1.0,1.0,1.0,1.0,0.5916141707570028,1.0,1.0,1.0,0.0,0.7473794283615633
877,c73438b8126946550,True,,,,,,,,,,1.0,1.0,1.0,1.0,0.684005567575201,1.0,0.0,1.0,1.0,0.7762517398672504
878,17e36b4f4f12c5fd5,True,,,,,,,,,,1.0,1.0,1.0,1.0,0.7787633799962286,1.0,1.0,1.0,1.0,0.9308635562488214
879,85227ded294bb6273,True,,,,,,,,,,1.0,1.0,1.0,1.0,0.49119908319005295,1.0,1.0,1.0,1.0,0.8409997134968915
880,5c23f7f4493bf911d,True,,,,,,,,,,1.0,1.0,1.0,1.0,0.8161201711228081,1.0,0.0,1.0,1.0,0.8175375534758775
881,d3163ef07eaf8014c,True,,,,,,,,,,1.0,0.0,1.0,1.0,0.9072559107719441,1.0,1.0,1.0,0.0,0.0
882,c9b6f0f21e11dae54,True,,,,,,,,,,1.0,1.0,1.0,1.0,0.7107901380945457,1.0,0.0,1.0,1.0,0.7846219181545455
883,739eb54d88f3b3d35,True,,,,,,,,,,1.0,1.0,1.0,1.0,0.512152957837495,1.0,1.0,1.0,0.0,0.7225477993242172
884,198d109d392dbc280,True,,,,,,,,,,1.0,0.0,0.5,1.0,1.0,0.0,0.0,1.0,0.0,0.0
885,553919abb3a801b7e,True,,,,,,,,,,1.0,0.0,1.0,1.0,1.0,1.0,1.0,1.0,1.0,0.0
886,3a64c41fecb2ab1ca,True,,,,,,,,,,1.0,1.0,1.0,1.0,0.21213548927542517,1.0,1.0,1.0,0.0,0.6287923403985703
887,2182fa4ac8750cb31,True,,,,,,,,,,1.0,1.0,1.0,1.0,0.2017571292827033,1.0,1.0,1.0,0.0,0.6255491029008448
888,0a3d875284dd62305,True,,,,,,,,,,1.0,1.0,1.0,1.0,0.6892508862395276,1.0,1.0,1.0,0.0,0.7778909019498523
889,2fa5ec5e442e3f499,True,,,,,,,,,,1.0,1.0,1.0,1.0,0.40506529791335777,1.0,1.0,1.0,0.0,0.6890829055979243
890,f9693c34fe2422ec2,True,,,,,,,,,,0.0,1.0,0.5,1.0,1.0,0.0,0.0,1.0,1.0,0.0
891,0327a1d58fc2a7c5d,True,,,,,,,,,,1.0,1.0,1.0,1.0,0.9936868411733721,1.0,0.0,1.0,0.0,0.7480271378666787
892,886484d2bedf04b15,True,,,,,,,,,,1.0,1.0,1.0,1.0,0.44059274407166976,1.0,1.0,1.0,1.0,0.8251852325223968
893,226f8f3910e177d34,True,,,,,,,,,,1.0,1.0,1.0,1.0,0.3278141459240112,1.0,0.0,1.0,1.0,0.6649419206012535
894,a4a30a8fdac11dd71,True,,,,,,,,,,1.0,1.0,1.0,1.0,0.5643309567266894,1.0,0.0,1.0,1.0,0.7388534239770904
895,221ee037ec27dbb36,True,,,,,,,,,,1.0,1.0,1.0,1.0,0.1498680599074528,1.0,1.0,1.0,1.0,0.734333768721079
896,c47263e93d93b6838,True,,,,,,,,,,0.0,1.0,1.0,1.0,0.4895416955596379,0.0,1.0,1.0,1.0,0.0
897,e0e4ca847f84568a3,True,,,,,,,,,,1.0,1.0,1.0,1.0,0.41511726660501586,1.0,0.0,1.0,1.0,0.6922241458140674
898,e6d6645a3d41d9627,True,,,,,,,,,,1.0,1.0,1.0,1.0,1.0,1.0,1.0,1.0,0.0,0.875
899,705844c20fec39ce6,True,,,,,,,,,,1.0,1.0,1.0,1.0,0.8797514383353097,1.0,1.0,1.0,0.0,0.8374223244797843
900,562756132cea470ea,True,,,,,,,,,,1.0,1.0,1.0,1.0,0.7064243384335864,1.0,1.0,1.0,1.0,0.9082576057604957
901,fec17ad0f4921b486,True,,,,,,,,,,1.0,1.0,1.0,1.0,0.31333474794997446,1.0,1.0,1.0,1.0,0.785417108734367
902,ace512518cdd33ce6,True,,,,,,,,,,1.0,0.0,1.0,1.0,1.0,1.0,0.0,1.0,1.0,0.0
903,83b6e2ed6238cd43a,True,,,,,,,,,,1.0,1.0,1.0,1.0,0.668649484910172,1.0,1.0,1.0,0.0,0.7714529640344288
904,075c6629f363025a1,True,,,,,,,,,,1.0,1.0,1.0,1.0,0.8005380919896262,1.0,1.0,1.0,1.0,0.9376681537467582
905,492bf2330bca28ca8,True,,,,,,,,,,1.0,1.0,1.0,1.0,0.5797604658055792,1.0,1.0,1.0,1.0,0.8686751455642435
906,09175d9fa6fa3c5c2,True,,,,,,,,,,1.0,0.0,1.0,1.0,0.7273274804438726,1.0,0.0,1.0,0.0,0.0
907,80fbecd9f16630510,True,,,,,,,,,,1.0,1.0,1.0,1.0,0.9552454817207566,1.0,1.0,1.0,1.0,0.9860142130377365
908,f2b84517dc455c03f,True,,,,,,,,,,1.0,1.0,1.0,1.0,0.9967224290331438,1.0,1.0,1.0,1.0,0.9989757590728574
909,4485e78013e23fef4,True,,,,,,,,,,1.0,1.0,0.0,1.0,1.0,1.0,0.0,1.0,0.0,0.0
910,370b6a02f85908e66,True,,,,,,,,,,1.0,1.0,1.0,1.0,0.18649039995114994,1.0,0.0,0.0,0.0,0.37077824998473435
911,903b3cc014d45619e,True,,,,,,,,,,1.0,1.0,1.0,1.0,1.0,1.0,0.0,1.0,0.0,0.75
912,eacc02fe002535ebb,True,,,,,,,,,,1.0,1.0,0.0,1.0,1.0,1.0,0.0,1.0,1.0,0.0
913,5cd83ccdc4993016d,True,,,,,,,,,,1.0,1.0,0.5,1.0,0.8637205406001124,1.0,0.0,1.0,1.0,0.41620633446876754
914,de5c3636623914b49,True,,,,,,,,,,1.0,1.0,0.0,1.0,1.0,1.0,0.0,1.0,1.0,0.0
915,2d812dd423748572d,True,,,,,,,,,,1.0,1.0,1.0,1.0,0.5326502479770933,1.0,0.0,1.0,1.0,0.7289532024928417
916,8d00654f6a07c6c75,True,,,,,,,,,,1.0,1.0,1.0,1.0,0.8529831273324183,1.0,1.0,1.0,0.0,0.8290572272913808
917,ff0db1e010ed49544,True,,,,,,,,,,1.0,1.0,0.5,1.0,1.0,1.0,0.0,1.0,0.0,0.375
918,b55de67890f581798,True,,,,,,,,,,0.5,0.0,1.0,1.0,0.5854975019180911,0.0,1.0,1.0,1.0,0.0
919,25cdeef2455f42ea7,True,,,,,,,,,,1.0,0.0,1.0,1.0,1.0,1.0,1.0,1.0,0.0,0.0
920,b4a96aa4d4b538e2a,True,,,,,,,,,,1.0,1.0,0.0,1.0,1.0,1.0,0.0,1.0,1.0,0.0
921,c1ef027c99cf15974,True,,,,,,,,,,1.0,1.0,0.0,1.0,0.6262410693291472,1.0,1.0,1.0,0.0,0.0
922,3ba190ee6bf34b836,True,,,,,,,,,,1.0,1.0,1.0,1.0,1.0,1.0,1.0,1.0,1.0,1.0
923,a34ac70446a543335,True,,,,,,,,,,1.0,1.0,1.0,1.0,0.39038471965615784,1.0,0.0,1.0,1.0,0.6844952248925493
924,fbce95baf9103a2ff,True,,,,,,,,,,1.0,1.0,0.0,1.0,1.0,1.0,0.0,1.0,1.0,0.0
925,277e3887919b46cb1,True,,,,,,,,,,1.0,1.0,1.0,1.0,0.8354997997717645,1.0,1.0,1.0,1.0,0.9485936874286764
926,da66c0e7baeb30f35,True,,,,,,,,,,1.0,1.0,1.0,1.0,0.8090994943456493,1.0,0.0,1.0,1.0,0.8153435919830154
927,bec0eb9fc0a02638a,True,,,,,,,,,,1.0,1.0,1.0,1.0,0.39607243156046235,1.0,1.0,1.0,1.0,0.8112726348626444
928,4e231a60b33891721,True,,,,,,,,,,0.0,1.0,1.0,1.0,1.0,0.0,0.0,1.0,0.0,0.0
929,ce3d7615ed78d6c47,True,,,,,,,,,,0.0,1.0,1.0,1.0,0.5056444539133679,0.0,1.0,1.0,1.0,0.0
930,a4dd32146e7a66591,True,,,,,,,,,,1.0,1.0,1.0,1.0,0.8403605753437118,1.0,1.0,1.0,1.0,0.95011267979491
931,3ec4e62b471309805,True,,,,,,,,,,1.0,1.0,1.0,1.0,1.0,1.0,0.0,1.0,1.0,0.875
932,7ce8dbee04817c7de,True,,,,,,,,,,1.0,1.0,1.0,1.0,0.4510364099298216,1.0,0.0,1.0,0.0,0.5784488781030692
933,43f884d69baea51f6,True,,,,,,,,,,1.0,0.0,1.0,1.0,1.0,1.0,0.0,1.0,1.0,0.0
934,9d5ce658b960c75f6,True,,,,,,,,,,1.0,1.0,1.0,1.0,0.16751978194715858,1.0,0.0,1.0,1.0,0.614849931858487
935,b3d317372d76fa570,True,,,,,,,,,,1.0,1.0,1.0,1.0,0.0,1.0,0.0,1.0,0.0,0.4375
936,4aa1d2e5835ad59ee,True,,,,,,,,,,1.0,1.0,1.0,1.0,0.6515494621223916,1.0,1.0,1.0,1.0,0.8911092069132474
937,cf84397ec4944d689,True,,,,,,,,,,0.0,1.0,1.0,1.0,1.0,0.0,0.0,0.0,0.0,0.0
938,bc1165d3665880833,True,,,,,,,,,,1.0,1.0,1.0,1.0,1.0,1.0,0.0,1.0,1.0,0.875
939,63ab15ccc8dcb91fd,True,,,,,,,,,,0.0,1.0,1.0,1.0,1.0,0.0,0.0,1.0,1.0,0.0
940,038ec02db8bacb10c,True,,,,,,,,,,1.0,1.0,1.0,1.0,0.11625907511024805,1.0,1.0,1.0,1.0,0.7238309609719525
941,4e3a5df59e6d56d34,True,,,,,,,,,,0.0,1.0,1.0,1.0,1.0,0.0,1.0,1.0,0.0,0.0
942,75c869092ef8bc8ce,True,,,,,,,,,,1.0,1.0,1.0,1.0,0.6601177171100209,1.0,1.0,1.0,1.0,0.8937867865968815
943,fbe98e6e1454f315c,True,,,,,,,,,,1.0,1.0,1.0,1.0,0.7335808867002996,1.0,1.0,1.0,0.0,0.7917440270938436
944,fc618b0134a5e9634,True,,,,,,,,,,1.0,0.0,0.5,1.0,1.0,1.0,1.0,1.0,0.0,0.0
945,c4e43258697fbd31e,True,,,,,,,,,,1.0,1.0,1.0,1.0,0.6370940116555471,1.0,1.0,1.0,1.0,0.8865918786423584
946,f13774881108b5e55,True,,,,,,,,,,1.0,1.0,1.0,1.0,0.49122014642308653,1.0,1.0,1.0,1.0,0.8410062957572145
947,bf747811ee475d2c1,True,,,,,,,,,,1.0,1.0,1.0,1.0,0.9406775177990468,1.0,0.0,1.0,1.0,0.8564617243122021
948,90ffd09937f409beb,True,,,,,,,,,,1.0,1.0,1.0,1.0,0.38010964447622436,1.0,0.0,1.0,1.0,0.6812842638988201
949,6fe71c9fa733e801d,True,,,,,,,,,,1.0,1.0,1.0,1.0,0.8264617204821313,1.0,1.0,1.0,1.0,0.945769287650666
950,191ccfaebd0211428,True,,,,,,,,,,1.0,0.0,0.5,1.0,1.0,1.0,0.0,1.0,0.0,0.0
951,8dfa62e95dcb416e8,True,,,,,,,,,,1.0,0.0,1.0,1.0,0.6702223879184322,1.0,1.0,1.0,0.0,0.0
952,a8a3d313576f30414,True,,,,,,,,,,1.0,1.0,1.0,1.0,0.6450037419366562,1.0,1.0,1.0,1.0,0.8890636693552051
953,17ea9cff5974892cb,True,,,,,,,,,,1.0,1.0,1.0,1.0,0.7094426208928373,1.0,1.0,1.0,0.0,0.7842008190290116
954,fef836e429bc5768f,True,,,,,,,,,,1.0,1.0,1.0,1.0,0.6907106162129435,1.0,0.0,1.0,0.0,0.6533470675665448
955,cffdc69f30e1aeda2,True,,,,,,,,,,1.0,1.0,1.0,1.0,0.6911043178289259,1.0,1.0,1.0,0.0,0.7784700993215393
956,239cac6c74f4f0bd4,True,,,,,,,,,,1.0,0.0,0.0,1.0,1.0,1.0,1.0,1.0,0.0,0.0
957,25fb03a1d180b3b47,True,,,,,,,,,,1.0,1.0,1.0,1.0,1.0,1.0,1.0,1.0,1.0,1.0
958,13aeb83dad95704fa,True,,,,,,,,,,1.0,1.0,1.0,1.0,0.9532456321352316,1.0,0.0,1.0,0.0,0.7353892600422599
959,937a8f24b8d3c456f,True,,,,,,,,,,0.0,1.0,1.0,1.0,1.0,0.0,0.0,1.0,1.0,0.0
960,85c1d52fe9fa2e443,True,,,,,,,,,,1.0,1.0,1.0,1.0,0.8588282896098897,1.0,1.0,1.0,1.0,0.9558838405030905
961,6a3bedd49247610ca,True,,,,,,,,,,1.0,1.0,0.0,1.0,1.0,1.0,0.0,1.0,1.0,0.0
962,880ea2e1739fd042f,True,,,,,,,,,,1.0,0.0,1.0,1.0,0.7834528809307466,1.0,1.0,1.0,1.0,0.0
963,4cdaeeeeccac7dcd3,True,,,,,,,,,,1.0,1.0,0.0,1.0,1.0,1.0,0.0,1.0,1.0,0.0
964,d216a742018af5843,True,,,,,,,,,,1.0,0.0,1.0,1.0,1.0,1.0,1.0,1.0,1.0,0.0
965,4036f3945f5783618,True,,,,,,,,,,0.0,1.0,1.0,1.0,1.0,0.0,0.0,1.0,0.0,0.0
966,e19863cd98bd2677b,True,,,,,,,,,,1.0,1.0,1.0,1.0,0.7056196882208983,1.0,1.0,1.0,1.0,0.9080061525690307
967,e91ac9ef742425106,True,,,,,,,,,,1.0,1.0,1.0,1.0,0.7015038156743832,1.0,0.0,1.0,1.0,0.7817199423982448
968,e612d86c9121fd77b,True,,,,,,,,,,0.0,1.0,1.0,1.0,1.0,0.0,1.0,1.0,0.0,0.0
969,a7eababd56f26dc5e,True,,,,,,,,,,1.0,1.0,1.0,1.0,0.8361366909357761,1.0,1.0,1.0,0.0,0.8237927159174301
970,dbdd9c6b89f613fdf,True,,,,,,,,,,1.0,0.0,1.0,1.0,1.0,1.0,1.0,1.0,1.0,0.0
971,340986fda5e34ccac,True,,,,,,,,,,1.0,1.0,0.0,1.0,1.0,1.0,0.0,1.0,1.0,0.0
972,a9c1cde64b777a9e3,True,,,,,,,,,,1.0,1.0,1.0,1.0,0.825814084389342,1.0,0.0,1.0,1.0,0.8205669013716694
973,81cd2035c0d6c6dbb,True,,,,,,,,,,1.0,1.0,0.5,1.0,0.9926848718621908,1.0,0.0,1.0,0.0,0.3738570112284673
974,c47485175a1a20fe8,True,,,,,,,,,,0.0,0.0,0.5,1.0,1.0,0.0,0.0,1.0,0.0,0.0
975,d14bb6b9926bccfb5,True,,,,,,,,,,1.0,1.0,1.0,1.0,0.6578423113492146,1.0,1.0,1.0,1.0,0.8930757222966296
976,614c25aa5977470dc,True,,,,,,,,,,1.0,1.0,1.0,1.0,0.1919791988606061,1.0,1.0,1.0,1.0,0.7474934996439394
977,939cad6fe88e1d488,True,,,,,,,,,,1.0,1.0,1.0,1.0,0.7525308026588368,0.0,1.0,1.0,0.0,0.4851658758308865
978,81a1a5d071b2c2a11,True,,,,,,,,,,1.0,0.0,1.0,1.0,1.0,1.0,0.0,1.0,0.0,0.0
979,606571205dbf05df5,True,,,,,,,,,,1.0,1.0,1.0,1.0,0.5116366635207985,1.0,0.0,1.0,1.0,0.7223864573502495
980,b6963168b66273c97,True,,,,,,,,,,1.0,1.0,1.0,1.0,0.874829880952437,1.0,1.0,1.0,1.0,0.9608843377976366
981,24552af895f24c7c8,True,,,,,,,,,,1.0,1.0,1.0,1.0,0.44122601886181007,1.0,1.0,1.0,1.0,0.8253831308943156
982,0005b7348b80106e2,True,,,,,,,,,,1.0,1.0,1.0,1.0,1.0,1.0,1.0,1.0,1.0,1.0
983,49e16e57b4df60ee3,True,,,,,,,,,,1.0,0.0,1.0,1.0,0.6839883378275744,1.0,0.0,1.0,0.0,0.0
984,dda492e77bd06b5da,True,,,,,,,,,,1.0,0.0,1.0,1.0,0.7493932305785737,1.0,1.0,1.0,0.0,0.0
985,84e277e20e4dfaf5c,True,,,,,,,,,,1.0,1.0,1.0,1.0,0.5778720692802677,1.0,0.0,1.0,1.0,0.7430850216500837
986,c2d01510da5dcbb7b,True,,,,,,,,,,1.0,1.0,1.0,1.0,0.3260159882482713,1.0,1.0,1.0,0.0,0.6643799963275848
987,da94e1252342dc8d8,True,,,,,,,,,,1.0,0.0,1.0,1.0,1.0,1.0,1.0,1.0,1.0,0.0
988,488b7f582a8d0e834,True,,,,,,,,,,1.0,1.0,1.0,1.0,0.5891872443915679,1.0,1.0,1.0,0.0,0.746621013872365
989,20f30bb4990d9b84e,True,,,,,,,,,,1.0,0.0,1.0,1.0,1.0,1.0,0.0,1.0,1.0,0.0
990,c6f309a29af4e8f36,True,,,,,,,,,,1.0,1.0,1.0,1.0,0.9451305029323785,1.0,0.0,1.0,1.0,0.8578532821663682
991,fa938137662435c29,True,,,,,,,,,,1.0,1.0,1.0,1.0,0.31522827551795846,1.0,1.0,1.0,1.0,0.786008836099362
992,ba63d32eedc1457fd,True,,,,,,,,,,1.0,1.0,1.0,1.0,0.6450406238111812,1.0,1.0,1.0,1.0,0.8890751949409941
993,d6e3a8fc354d62753,True,,,,,,,,,,0.0,1.0,1.0,1.0,1.0,0.0,0.0,1.0,0.0,0.0
994,ab96e33e9ab4e191b,True,,,,,,,,,,0.5,0.0,0.0,1.0,1.0,0.0,0.0,1.0,0.0,0.0
995,7e1f129d7bf7e7065,True,,,,,,,,,,1.0,1.0,1.0,1.0,0.6442707608685706,1.0,1.0,1.0,0.0,0.7638346127714283
996,17f2adbc3fb3e02c2,True,,,,,,,,,,1.0,1.0,1.0,1.0,0.7506884779546004,1.0,1.0,1.0,0.0,0.7970901493608127
997,04d4f1277557232ce,True,,,,,,,,,,1.0,0.0,1.0,1.0,1.0,1.0,0.0,1.0,0.0,0.0
998,51bb4445380dac75e,True,,,,,,,,,,1.0,1.0,1.0,1.0,0.6768900051480777,1.0,0.0,1.0,1.0,0.7740281266087743
999,bd31f3930e078d690,True,,,,,,,,,,1.0,0.0,1.0,1.0,0.39926304203868196,1.0,1.0,1.0,1.0,0.0
1000,8b44ee25391ad8a73,True,,,,,,,,,,1.0,0.0,1.0,1.0,1.0,1.0,1.0,1.0,0.0,0.0
1001,710fa6e57a23bba80,True,,,,,,,,,,1.0,1.0,1.0,1.0,0.5741807478640488,1.0,0.0,1.0,1.0,0.7419314837075153
1002,a3b3172d137c4851c,True,,,,,,,,,,0.0,1.0,1.0,1.0,1.0,0.0,1.0,1.0,1.0,0.0
1003,fff510b0ac67a1e0a,True,,,,,,,,,,1.0,1.0,1.0,1.0,0.2581581200707032,1.0,0.0,1.0,0.0,0.5181744125220947
1004,d89331799987b6909,True,,,,,,,,,,0.0,1.0,1.0,1.0,1.0,0.0,1.0,0.0,0.0,0.0
1005,94c40772ee3c5ee01,True,,,,,,,,,,0.0,1.0,1.0,1.0,1.0,0.0,1.0,1.0,0.0,0.0
1006,d3e9c090e809349ce,True,,,,,,,,,,1.0,1.0,1.0,1.0,0.8816022464056028,1.0,0.0,1.0,0.0,0.7130007020017508
1007,1e4fec4c7ed8b79e5,True,,,,,,,,,,1.0,0.0,1.0,1.0,0.7216813903281897,1.0,1.0,1.0,0.0,0.0
1008,836d617c75ae603a0,True,,,,,,,,,,1.0,1.0,1.0,1.0,0.5914580819805242,1.0,1.0,1.0,1.0,0.8723306506189138
1009,d9b6f0d1e16d88b7e,True,,,,,,,,,,0.0,1.0,1.0,1.0,1.0,0.0,1.0,0.0,0.0,0.0
1010,873e0ddcc4fdfae2e,True,,,,,,,,,,1.0,0.0,1.0,1.0,1.0,1.0,0.0,1.0,1.0,0.0
1011,ccafa2d23a6f3f8b5,True,,,,,,,,,,1.0,1.0,1.0,1.0,0.9652645264762146,1.0,0.0,1.0,0.0,0.7391451645238171
1012,2833f76e80e4d4998,True,,,,,,,,,,1.0,1.0,1.0,1.0,0.7540507216357331,1.0,1.0,1.0,1.0,0.9231408505111666
1013,3f8c33cff8d582456,True,,,,,,,,,,0.0,1.0,1.0,1.0,0.28098823813568324,1.0,1.0,1.0,1.0,0.0
1014,c3bb1145080f9b2b0,True,,,,,,,,,,1.0,1.0,1.0,1.0,0.9131005854521221,1.0,0.0,1.0,0.0,0.7228439329537881
1015,6d342e630c70431ff,True,,,,,,,,,,1.0,1.0,1.0,1.0,0.734124342485993,1.0,1.0,1.0,1.0,0.9169138570268728
1016,741792e4d3c065377,True,,,,,,,,,,1.0,0.0,1.0,1.0,0.8078119696345787,1.0,1.0,1.0,0.0,0.0
1017,17f3ba89b58f991f4,True,,,,,,,,,,1.0,1.0,1.0,1.0,0.7816587321678994,1.0,0.0,1.0,1.0,0.8067683538024686
1018,a94bc6fc5f5d03f39,True,,,,,,,,,,1.0,1.0,0.0,1.0,1.0,1.0,0.0,1.0,1.0,0.0
1019,bdb2442f6ebc40808,True,,,,,,,,,,1.0,1.0,0.0,1.0,1.0,1.0,0.0,1.0,0.0,0.0
1020,52825507b7931e0f3,True,,,,,,,,,,1.0,1.0,1.0,1.0,1.0,1.0,1.0,1.0,1.0,1.0
1021,15f665441aeb9b139,True,,,,,,,,,,1.0,1.0,1.0,1.0,0.49475929870904733,1.0,1.0,1.0,1.0,0.8421122808465773
1022,aede15abec43ca21b,True,,,,,,,,,,1.0,0.0,1.0,1.0,1.0,1.0,0.0,1.0,0.0,0.0
1023,3d460fd77ec7fcd59,True,,,,,,,,,,1.0,1.0,1.0,1.0,0.660035452457691,1.0,1.0,1.0,1.0,0.8937610788930285
1024,39dac9068ac428048,True,,,,,,,,,,1.0,1.0,1.0,1.0,0.7398593571778119,1.0,0.0,1.0,1.0,0.7937060491180662
1025,cb5add2e1dd5aa638,True,,,,,,,,,,1.0,1.0,1.0,1.0,0.7518644681210713,1.0,1.0,1.0,1.0,0.9224576462878348
1026,230446b36041db9de,True,,,,,,,,,,0.0,1.0,1.0,1.0,0.9065951375137237,0.0,0.0,1.0,1.0,0.0
1027,4ea8e51fd89a2e0aa,True,,,,,,,,,,1.0,0.0,0.0,1.0,1.0,1.0,0.0,1.0,0.0,0.0
1028,e9edc42aeefc7e850,True,,,,,,,,,,1.0,1.0,0.0,1.0,0.8751631059461218,1.0,0.0,1.0,1.0,0.0
1029,ff355597ff0f68f3c,True,,,,,,,,,,1.0,1.0,1.0,1.0,0.6852718595067236,1.0,0.0,1.0,1.0,0.7766474560958512
1030,9c091b0cc6c49fd2a,True,,,,,,,,,,1.0,1.0,0.0,1.0,0.8875072058803385,0.0,0.0,0.0,0.0,0.0
1031,a018170a118dc39bc,True,,,,,,,,,,1.0,1.0,1.0,1.0,0.27385392171229733,1.0,0.0,1.0,0.0,0.5230793505350929
1032,ee826c29f16b824e8,True,,,,,,,,,,1.0,1.0,1.0,1.0,0.5141049212034697,1.0,1.0,1.0,1.0,0.8481577878760843
1033,01d3cc0b8eddd804c,True,,,,,,,,,,1.0,1.0,0.5,1.0,0.6378295789912034,1.0,0.0,1.0,0.0,0.31841087171737553
1034,509ec142f891e0766,True,,,,,,,,,,0.0,1.0,1.0,1.0,1.0,0.0,0.0,1.0,0.0,0.0
1035,65340cec441efc0c2,True,,,,,,,,,,0.0,0.0,0.0,1.0,0.6464117746376447,0.0,1.0,1.0,0.0,0.0
1036,b6b4b0f2f2a7815cb,True,,,,,,,,,,1.0,1.0,1.0,1.0,0.6082586429078088,1.0,1.0,1.0,1.0,0.8775808259086902
1037,be32b597dc6df2a8a,True,,,,,,,,,,1.0,1.0,1.0,1.0,0.5500795554179101,1.0,0.0,1.0,1.0,0.7343998610680968
1038,ea91b41c76a3a54d3,True,,,,,,,,,,1.0,1.0,1.0,1.0,0.20371089434865772,1.0,0.0,1.0,0.0,0.5011596544839556
1039,f3b236d797b3e906c,True,,,,,,,,,,1.0,1.0,1.0,1.0,1.0,1.0,0.0,1.0,1.0,0.875
1040,5415935ab116cd94f,True,,,,,,,,,,1.0,1.0,1.0,1.0,0.7715829407409829,1.0,0.0,1.0,0.0,0.6786196689815571
1041,2940f44b99e0dfbcb,True,,,,,,,,,,0.0,1.0,1.0,1.0,1.0,0.0,0.0,1.0,1.0,0.0
1042,61b536394c345010e,True,,,,,,,,,,1.0,1.0,1.0,1.0,1.0,1.0,1.0,1.0,1.0,1.0
1043,1c3db8608be4d76f0,True,,,,,,,,,,1.0,1.0,1.0,1.0,1.0,1.0,1.0,1.0,1.0,1.0
1044,803b2f23625961a5b,True,,,,,,,,,,1.0,0.0,1.0,1.0,0.8462404201183531,1.0,1.0,1.0,1.0,0.0
1045,99dc5d64b209fb23b,True,,,,,,,,,,1.0,1.0,1.0,1.0,0.7700364143911657,1.0,0.0,1.0,0.0,0.6781363794972393
1046,b7670ba8822752554,True,,,,,,,,,,1.0,1.0,1.0,1.0,0.7008840058625196,1.0,1.0,1.0,0.0,0.7815262518320374
1047,e848a6d0aa53e2ec3,True,,,,,,,,,,1.0,1.0,1.0,1.0,0.7672642397595129,1.0,1.0,1.0,0.0,0.8022700749248477
1048,dc83f2167ec7e2ca3,True,,,,,,,,,,0.0,1.0,1.0,1.0,1.0,0.0,0.0,1.0,0.0,0.0
1049,7f520a3f0158554b6,True,,,,,,,,,,1.0,1.0,1.0,1.0,0.9125995455062904,0.0,1.0,1.0,0.0,0.5351873579707158
1050,3c8afefbaf08142c1,True,,,,,,,,,,1.0,0.0,1.0,1.0,1.0,1.0,0.0,1.0,0.0,0.0
1051,6cb50088281513418,True,,,,,,,,,,1.0,1.0,1.0,1.0,0.8411095628675777,1.0,1.0,1.0,0.0,0.8253467383961179
1052,fb0fb16361fd50a45,True,,,,,,,,,,1.0,1.0,1.0,1.0,0.5205232444017499,1.0,1.0,1.0,0.0,0.7251635138755468
1053,9f903173a7777cf35,True,,,,,,,,,,1.0,1.0,1.0,1.0,1.0,1.0,1.0,1.0,1.0,1.0
1054,5b406458d7f722fb2,True,,,,,,,,,,1.0,1.0,1.0,1.0,0.8977270101698341,1.0,0.0,1.0,1.0,0.8430396906780732
1055,6f6dd61939e44a14a,True,,,,,,,,,,1.0,1.0,1.0,1.0,0.6227726889689167,1.0,0.0,1.0,0.0,0.6321164653027864
1056,d19cedf7c9391dacc,True,,,,,,,,,,1.0,0.0,1.0,0.0,1.0,1.0,1.0,1.0,1.0,0.0
1057,d87106abfc25f2fab,True,,,,,,,,,,1.0,0.0,1.0,1.0,1.0,1.0,0.0,0.0,0.0,0.0
1058,d6b2852cfdf21ad06,True,,,,,,,,,,1.0,1.0,1.0,1.0,0.7091551174264081,1.0,1.0,1.0,1.0,0.9091109741957526
1059,b5897b8cc4c644be1,True,,,,,,,,,,1.0,1.0,1.0,1.0,0.7895146663815412,1.0,1.0,1.0,0.0,0.8092233332442316
1060,1285808d1703253f0,True,,,,,,,,,,1.0,0.0,1.0,1.0,1.0,1.0,1.0,1.0,0.0,0.0
1061,941e498bd0dfbd991,True,,,,,,,,,,1.0,1.0,1.0,1.0,0.9327285800830529,1.0,0.0,1.0,0.0,0.7289776812759541
1062,ccaf60b54f92a7260,True,,,,,,,,,,1.0,1.0,1.0,1.0,0.8491466956296582,1.0,0.0,1.0,1.0,0.8278583423842683
1063,cc84a91b9d7b3a3d5,True,,,,,,,,,,1.0,1.0,1.0,1.0,0.8389003005275565,1.0,0.0,1.0,1.0,0.8246563439148614
1064,3b60c8877787da3e0,True,,,,,,,,,,1.0,0.0,1.0,1.0,1.0,1.0,1.0,1.0,1.0,0.0
1065,43eb9502a0d70fcea,True,,,,,,,,,,1.0,1.0,1.0,1.0,0.3187664894975209,1.0,1.0,1.0,1.0,0.7871145279679752
1066,e9a805fef6295d90c,True,,,,,,,,,,1.0,0.0,0.5,1.0,1.0,1.0,1.0,1.0,0.0,0.0
1067,e3be3af3b3213f65e,True,,,,,,,,,,0.0,1.0,1.0,1.0,1.0,0.0,0.0,1.0,0.0,0.0
1068,65a9d726b130c91f5,True,,,,,,,,,,1.0,1.0,1.0,1.0,0.6997582946542305,1.0,0.0,1.0,0.0,0.656174467079447
1069,df257ceb4f8312a9b,True,,,,,,,,,,0.0,1.0,0.5,1.0,1.0,0.0,0.0,1.0,1.0,0.0
1070,a387296016f95192a,True,,,,,,,,,,1.0,1.0,1.0,1.0,0.6930661156388719,1.0,1.0,1.0,1.0,0.9040831611371475
1071,227d0fa0ac82a6985,True,,,,,,,,,,1.0,0.0,0.0,1.0,0.8585636120186236,1.0,1.0,1.0,0.0,0.0
1072,b5eae8e67d3680501,True,,,,,,,,,,1.0,1.0,1.0,1.0,0.3122802652904961,1.0,0.0,1.0,0.0,0.53508758290328
1073,67ef263669c2bab4b,True,,,,,,,,,,1.0,1.0,1.0,1.0,0.5607455569293066,1.0,1.0,1.0,0.0,0.7377329865404083
1074,92bc964803e65244e,True,,,,,,,,,,0.0,1.0,1.0,1.0,0.6317291758412259,0.0,1.0,1.0,1.0,0.0
1075,a9d7dd368b96f5f2d,True,,,,,,,,,,1.0,1.0,1.0,1.0,1.0,1.0,1.0,1.0,1.0,1.0
1076,fedd8a6a80f03da33,True,,,,,,,,,,1.0,1.0,1.0,1.0,0.6609684815557124,1.0,1.0,1.0,1.0,0.8940526504861601
1077,5046d4b4e74d6cbbd,True,,,,,,,,,,1.0,0.0,1.0,0.0,1.0,1.0,0.0,1.0,1.0,0.0
1078,aae1bf6255a96ecbe,True,,,,,,,,,,1.0,1.0,1.0,1.0,1.0,1.0,1.0,1.0,0.0,0.875
1079,37059447ec970c23a,True,,,,,,,,,,1.0,1.0,1.0,1.0,0.6982703241298689,1.0,1.0,1.0,1.0,0.905709476290584
1080,c4db0ed678d459874,True,,,,,,,,,,1.0,1.0,1.0,1.0,0.8263465901142448,1.0,0.0,1.0,0.0,0.6957333094107014
1081,0d069b495b11daa42,True,,,,,,,,,,1.0,0.0,0.0,1.0,1.0,1.0,0.0,1.0,0.0,0.0
1082,f324e70acbaa11675,True,,,,,,,,,,1.0,1.0,1.0,1.0,1.0,1.0,1.0,1.0,0.0,0.875
1083,576158d07f0a09e6b,True,,,,,,,,,,1.0,1.0,1.0,1.0,0.5213839646868494,1.0,0.0,1.0,0.0,0.6004324889646404
1084,72ff49b38c26122d6,True,,,,,,,,,,1.0,0.0,1.0,1.0,0.6698761032829282,1.0,0.0,1.0,0.0,0.0
1085,fd6e363385145a378,True,,,,,,,,,,1.0,1.0,0.0,1.0,1.0,1.0,0.0,1.0,1.0,0.0
1086,d3b5a3486c40ea561,True,,,,,,,,,,1.0,0.0,0.5,1.0,1.0,1.0,1.0,1.0,0.0,0.0
1087,425b819f70d25df0e,True,,,,,,,,,,1.0,1.0,1.0,1.0,0.7167197788891859,1.0,1.0,1.0,0.0,0.7864749309028706
1088,d328dc60ffaca31bf,True,,,,,,,,,,1.0,1.0,1.0,1.0,0.7381999117292262,1.0,0.0,1.0,0.0,0.6681874724153831
1089,d31445529f320e6e9,True,,,,,,,,,,1.0,1.0,1.0,1.0,1.0,1.0,1.0,1.0,0.0,0.875
1090,ef4057d8e3d8a089e,True,,,,,,,,,,1.0,1.0,0.5,1.0,1.0,1.0,0.0,1.0,1.0,0.4375
1091,90060fb4a17c1e73a,True,,,,,,,,,,1.0,1.0,0.5,1.0,1.0,1.0,0.0,1.0,0.0,0.375
1092,ce91aa0b54e55f85e,True,,,,,,,,,,1.0,1.0,1.0,1.0,0.7153224419134182,1.0,1.0,1.0,0.0,0.7860382630979432
1093,d798add46e9093547,True,,,,,,,,,,1.0,1.0,0.0,1.0,1.0,1.0,0.0,1.0,1.0,0.0
1094,d9eb3c465a5635619,True,,,,,,,,,,1.0,1.0,1.0,1.0,0.3616371472509877,1.0,1.0,0.0,0.0,0.5505116085159336
1095,67aafbe3b9430e738,True,,,,,,,,,,0.0,1.0,1.0,1.0,1.0,0.0,0.0,1.0,1.0,0.0
1096,418477a920a7da811,True,,,,,,,,,,1.0,1.0,1.0,1.0,0.6012889047456559,1.0,1.0,1.0,1.0,0.8754027827330175
1097,a4405612b58117ecc,True,,,,,,,,,,1.0,1.0,1.0,1.0,0.7445570743689068,1.0,1.0,1.0,0.0,0.7951740857402834
1098,8b07c31db85204e64,True,,,,,,,,,,1.0,1.0,0.0,1.0,0.8662821074999997,0.0,0.0,0.0,0.0,0.0
1099,6f0b775b8d685abec,True,,,,,,,,,,1.0,1.0,1.0,1.0,0.7830200707965402,1.0,0.0,1.0,1.0,0.8071937721239189
1100,332234ee590ff1dd2,True,,,,,,,,,,1.0,0.0,0.5,1.0,1.0,1.0,1.0,1.0,0.0,0.0
1101,fb2b568b2a055b83c,True,,,,,,,,,,1.0,1.0,1.0,1.0,0.3982802892256741,1.0,0.0,1.0,0.0,0.5619625903830232
1102,3b55569be269255c2,True,,,,,,,,,,1.0,1.0,1.0,1.0,0.8898256301017661,1.0,1.0,0.0,0.0,0.7155705094068019
1103,a56de10e58a3c3d6e,True,,,,,,,,,,0.0,1.0,1.0,1.0,1.0,0.0,1.0,1.0,0.0,0.0
1104,8ebb7ac6b5b06cde1,True,,,,,,,,,,1.0,0.0,1.0,1.0,0.5442599648063362,1.0,0.0,1.0,0.0,0.0
1105,1adb976dcfb852711,True,,,,,,,,,,1.0,1.0,1.0,1.0,0.6670716932496945,1.0,1.0,1.0,0.0,0.7709599041405295
1106,df8882fb6dbefa033,True,,,,,,,,,,1.0,0.0,1.0,1.0,1.0,1.0,0.0,1.0,1.0,0.0
1107,281e89e3d9a31b9b6,True,,,,,,,,,,1.0,1.0,1.0,1.0,0.7869168038690824,1.0,1.0,1.0,0.0,0.8084115012090882
1108,987cd2bac2de5285e,True,,,,,,,,,,1.0,1.0,1.0,1.0,0.42587144520339093,1.0,1.0,1.0,0.0,0.6955848266260597
1109,c567a3cd6305bc4a6,True,,,,,,,,,,1.0,1.0,1.0,1.0,0.9517362323857286,0.0,0.0,1.0,0.0,0.4224175726205402
1110,f3886ebf44a7423f1,True,,,,,,,,,,0.0,1.0,0.5,1.0,1.0,0.0,0.0,1.0,0.0,0.0
1111,175f019927da9929a,True,,,,,,,,,,1.0,0.0,1.0,1.0,0.582482800393021,1.0,0.0,1.0,0.0,0.0
1112,7e160b5ef1f82a420,True,,,,,,,,,,1.0,1.0,1.0,1.0,1.0,1.0,0.0,1.0,0.0,0.75
1113,b19bff260481a9a60,True,,,,,,,,,,1.0,1.0,0.5,1.0,1.0,1.0,0.0,1.0,0.0,0.375
1114,973dc194fd0092c5d,True,,,,,,,,,,1.0,1.0,1.0,1.0,1.0,1.0,0.0,1.0,1.0,0.875
1115,f9b79d00824722fc5,True,,,,,,,,,,1.0,1.0,1.0,1.0,0.8819888160498037,1.0,1.0,1.0,1.0,0.9631215050155637
1116,8f458d524a4774548,True,,,,,,,,,,1.0,1.0,1.0,1.0,1.0,1.0,0.0,1.0,1.0,0.875
1117,52b7525b699ef9adf,True,,,,,,,,,,1.0,1.0,1.0,1.0,0.6655177208506414,1.0,1.0,1.0,1.0,0.8954742877658255
1118,86cf77209e00173f3,True,,,,,,,,,,1.0,1.0,1.0,1.0,0.6083640473126315,1.0,0.0,1.0,0.0,0.6276137647851974
1119,257ea63714e4b9db0,True,,,,,,,,,,1.0,1.0,1.0,1.0,0.6721022581612904,1.0,1.0,1.0,0.0,0.7725319556754032
1120,56acd80cef7047ce3,True,,,,,,,,,,1.0,0.0,1.0,1.0,1.0,1.0,1.0,1.0,0.0,0.0
1121,9e1b38c16d0ece554,True,,,,,,,,,,1.0,1.0,1.0,1.0,0.5268508573711522,1.0,1.0,1.0,1.0,0.852140892928485
1122,344bd2551e98ed803,True,,,,,,,,,,1.0,0.0,1.0,1.0,1.0,1.0,0.0,1.0,1.0,0.0
1123,944ac9576ebfdb76e,True,,,,,,,,,,1.0,1.0,1.0,1.0,1.0,1.0,1.0,1.0,1.0,1.0
1124,1d9d3ed0717ab4ffd,True,,,,,,,,,,0.5,1.0,1.0,1.0,0.8037664249135346,0.0,0.0,1.0,0.0,0.1880885038927398
1125,d6cd8e55b889c7739,True,,,,,,,,,,1.0,1.0,1.0,1.0,0.8401342476187998,1.0,1.0,1.0,0.0,0.825041952380875
1126,ed0f40ad04605d018,True,,,,,,,,,,0.0,1.0,0.0,1.0,1.0,0.0,0.0,1.0,1.0,0.0
1127,8cf82bdb10f083506,True,,,,,,,,,,1.0,1.0,1.0,1.0,0.9169600674436571,1.0,1.0,1.0,1.0,0.9740500210761429
1128,1cba72845abd54b1e,True,,,,,,,,,,1.0,1.0,1.0,1.0,0.3137130423920937,0.0,0.0,1.0,1.0,0.34803532574752927
1129,c43503e3cebf10b69,True,,,,,,,,,,1.0,1.0,0.0,1.0,0.7552343428980525,1.0,0.0,1.0,1.0,0.0
1130,e73143b99e1e6dcd3,True,,,,,,,,,,1.0,1.0,1.0,1.0,0.3503098768338321,1.0,0.0,1.0,0.0,0.5469718365105725
1131,86a500b770f0588cb,True,,,,,,,,,,1.0,1.0,1.0,1.0,0.7113178610339286,1.0,1.0,1.0,1.0,0.9097868315731027
1132,fcc569fe0c7aef6a1,True,,,,,,,,,,1.0,0.0,1.0,1.0,1.0,1.0,0.0,1.0,0.0,0.0
1133,303ba3f05a636f6e9,True,,,,,,,,,,1.0,1.0,1.0,1.0,0.8944410553785926,1.0,1.0,1.0,1.0,0.9670128298058103
1134,88fd88a24f2995978,True,,,,,,,,,,0.0,0.0,1.0,1.0,1.0,0.0,1.0,0.0,0.0,0.0
1135,c6c91a989e2c0ae69,True,,,,,,,,,,1.0,0.0,1.0,1.0,0.8265120242966882,1.0,0.0,1.0,0.0,0.0
1136,6eed9aba87a865c93,True,,,,,,,,,,1.0,1.0,1.0,1.0,1.0,1.0,0.0,1.0,1.0,0.875
1137,1500bcfee0aae247d,True,,,,,,,,,,1.0,1.0,1.0,1.0,0.4956510535154781,1.0,1.0,1.0,1.0,0.8423909542235869
1138,983f5e64888cf8b80,True,,,,,,,,,,1.0,1.0,1.0,1.0,0.844650011999434,1.0,0.0,1.0,1.0,0.8264531287498231
1139,f5fd2bdb809b789db,True,,,,,,,,,,1.0,0.0,0.0,1.0,1.0,1.0,0.0,1.0,1.0,0.0
1140,769c42d02e0f583b2,True,,,,,,,,,,0.0,1.0,0.5,1.0,1.0,0.0,0.0,1.0,1.0,0.0
1141,6eaee379045fa8bd9,True,,,,,,,,,,1.0,1.0,1.0,1.0,1.0,1.0,0.0,1.0,0.0,0.75
1142,023850d442fe9ca21,True,,,,,,,,,,1.0,0.0,1.0,1.0,0.670217422627306,1.0,0.0,1.0,0.0,0.0
1143,73ebc06c5abeb011a,True,,,,,,,,,,1.0,1.0,1.0,1.0,0.8559091783435501,1.0,0.0,0.0,0.0,0.5799716182323593
1144,c4aee2d09a8407408,True,,,,,,,,,,1.0,1.0,1.0,1.0,0.7787105918330547,1.0,1.0,1.0,1.0,0.9308470599478296
1145,2359c99d75ecbdfaa,True,,,,,,,,,,1.0,1.0,1.0,1.0,0.5668293560431323,1.0,1.0,1.0,1.0,0.8646341737634788
1146,5a6f69ea54c00b6d2,True,,,,,,,,,,1.0,1.0,1.0,1.0,0.24540040902348947,1.0,1.0,1.0,1.0,0.7641876278198405
1147,5c17574f067aa995c,True,,,,,,,,,,1.0,0.0,1.0,1.0,1.0,1.0,1.0,1.0,0.0,0.0
1148,9a5b2373854e11383,True,,,,,,,,,,0.0,1.0,1.0,1.0,1.0,0.0,1.0,1.0,1.0,0.0
1149,75161de465d28f625,True,,,,,,,,,,1.0,1.0,1.0,1.0,0.7998791732740025,1.0,1.0,1.0,1.0,0.9374622416481257
1150,5808626bda0a920a5,True,,,,,,,,,,1.0,1.0,0.5,1.0,0.5915423104830301,1.0,0.0,1.0,1.0,0.37367848601297343
1151,9451e8ef901cc6db5,True,,,,,,,,,,1.0,1.0,1.0,1.0,0.46544356917267526,1.0,1.0,1.0,1.0,0.832951115366461
1152,d7db484a0d7198ab9,True,,,,,,,,,,1.0,1.0,1.0,1.0,1.0,1.0,0.0,1.0,1.0,0.875
1153,f6cb349b9078fd7c4,True,,,,,,,,,,1.0,1.0,1.0,1.0,0.474689989088759,1.0,0.0,1.0,1.0,0.7108406215902372
1154,c7eba674ea24ca81f,True,,,,,,,,,,0.0,1.0,1.0,1.0,1.0,0.0,0.0,1.0,1.0,0.0
1155,fbcd36a566009598c,True,,,,,,,,,,1.0,1.0,0.0,1.0,1.0,0.0,0.0,1.0,1.0,0.0
1156,27ddf7be2179b60af,True,,,,,,,,,,1.0,1.0,1.0,1.0,0.831259006509453,1.0,0.0,1.0,1.0,0.822268439534204
1157,2614f6ffeaef993a9,True,,,,,,,,,,1.0,1.0,1.0,1.0,0.43615960280045385,1.0,0.0,1.0,1.0,0.6987998758751418
1158,65d00ea9b07494406,True,,,,,,,,,,1.0,0.0,1.0,1.0,1.0,1.0,1.0,1.0,0.0,0.0
1159,1a1b33942c90c349f,True,,,,,,,,,,1.0,1.0,1.0,1.0,0.4947019167271374,1.0,0.0,1.0,0.0,0.5920943489772305
1160,5420830c429c1fcb6,True,,,,,,,,,,1.0,1.0,1.0,1.0,0.7624838471786948,1.0,1.0,1.0,0.0,0.8007762022433421
1161,2c5c3c9002e3d1165,True,,,,,,,,,,1.0,1.0,1.0,1.0,0.9161048574779682,1.0,1.0,1.0,1.0,0.9737827679618651
1162,4a6a0597bd6bf2f20,True,,,,,,,,,,1.0,1.0,1.0,1.0,0.6008564648495789,1.0,1.0,1.0,1.0,0.8752676452654934
1163,13a793ea62b767a28,True,,,,,,,,,,1.0,1.0,1.0,1.0,0.8762753944131834,1.0,1.0,1.0,1.0,0.9613360607541198
1164,616dcf87ca891dd84,True,,,,,,,,,,0.0,1.0,1.0,1.0,1.0,0.0,0.0,1.0,1.0,0.0
1165,f295cbd77bfa4efa0,True,,,,,,,,,,1.0,1.0,1.0,1.0,0.7398172750069004,1.0,0.0,1.0,1.0,0.7936928984396564
1166,df2f5f2688acbcf8c,True,,,,,,,,,,1.0,0.0,0.5,1.0,1.0,1.0,1.0,1.0,0.0,0.0
1167,99f90a71ce3411a4f,True,,,,,,,,,,0.0,1.0,1.0,1.0,1.0,0.0,0.0,1.0,1.0,0.0
1168,bd799913f5456fbe9,True,,,,,,,,,,1.0,0.0,1.0,1.0,1.0,1.0,0.0,0.0,0.0,0.0
1169,4a1669fb6d9debfb0,True,,,,,,,,,,1.0,1.0,0.5,1.0,1.0,1.0,1.0,1.0,0.0,0.4375
1170,98d803d8ab5715cf8,True,,,,,,,,,,1.0,1.0,1.0,1.0,0.7529045879402901,1.0,1.0,0.0,0.0,0.6727826837313406
1171,0ac5f53f5bbf5603e,True,,,,,,,,,,1.0,1.0,1.0,1.0,1.0,1.0,1.0,1.0,0.0,0.875
1172,0ea26c79c5e97b269,True,,,,,,,,,,1.0,1.0,1.0,1.0,0.7733116254734784,1.0,0.0,1.0,1.0,0.804159882960462
1173,55c8727d5f4634051,True,,,,,,,,,,1.0,1.0,1.0,1.0,0.3753746352176376,1.0,1.0,1.0,1.0,0.8048045735055117
1174,1395f6f7af57b553b,True,,,,,,,,,,1.0,0.0,1.0,1.0,0.6934058371954086,1.0,0.0,1.0,0.0,0.0
1175,069407bff74cbde70,True,,,,,,,,,,1.0,1.0,1.0,1.0,0.40989185819316115,1.0,1.0,1.0,0.0,0.6905912056853629
1176,fa38f3940f913e8fd,True,,,,,,,,,,1.0,0.0,1.0,1.0,1.0,1.0,0.0,1.0,1.0,0.0
1177,0105e5486cfb69483,True,,,,,,,,,,1.0,1.0,1.0,1.0,0.3530212169692349,1.0,1.0,1.0,1.0,0.7978191303028859
1178,15a4d38c20001c0e4,True,,,,,,,,,,1.0,0.0,0.0,1.0,1.0,1.0,0.0,1.0,0.0,0.0
1179,a9beba0462c712f13,True,,,,,,,,,,1.0,1.0,1.0,1.0,0.36411398837460623,1.0,1.0,1.0,1.0,0.8012856213670645
1180,41423d9768746a40d,True,,,,,,,,,,1.0,1.0,1.0,1.0,0.8614245205048867,1.0,1.0,0.0,0.0,0.7066951626577771
1181,1d56f1ceb0d56960c,True,,,,,,,,,,1.0,1.0,1.0,1.0,1.0,1.0,1.0,1.0,1.0,1.0
1182,b5dd0e82552c5ca8c,True,,,,,,,,,,1.0,1.0,0.0,1.0,0.8030912744085109,1.0,1.0,1.0,0.0,0.0
1183,35fe984f84deeb76b,True,,,,,,,,,,1.0,1.0,1.0,1.0,0.8780685089110553,1.0,1.0,1.0,1.0,0.9618964090347047
1184,946b593648412d83c,True,,,,,,,,,,1.0,1.0,1.0,1.0,1.0,1.0,1.0,1.0,1.0,1.0
1185,372a537447f7672b9,True,,,,,,,,,,1.0,1.0,1.0,1.0,0.49738230428288377,1.0,1.0,1.0,1.0,0.8429319700884012
1186,f41a422f052cd19d9,True,,,,,,,,,,1.0,1.0,0.0,1.0,1.0,1.0,1.0,1.0,1.0,0.0
1187,4304662a687a53d30,True,,,,,,,,,,1.0,1.0,1.0,1.0,0.3084791898407569,1.0,1.0,1.0,1.0,0.7838997468252366
1188,9a2e4a7f632a3fd8c,True,,,,,,,,,,1.0,0.0,0.5,1.0,1.0,1.0,0.0,0.0,0.0,0.0
1189,0bc2b72e890837ec6,True,,,,,,,,,,1.0,1.0,1.0,1.0,0.4982148464932633,1.0,1.0,1.0,1.0,0.8431921395291448
1190,4f206a0dd84457b8a,True,,,,,,,,,,1.0,1.0,1.0,1.0,0.7395170902115844,1.0,1.0,1.0,0.0,0.7935990906911201
1191,7ca5efbee05a576cf,True,,,,,,,,,,1.0,1.0,0.0,1.0,1.0,1.0,0.0,1.0,1.0,0.0
1192,cbfd9eec69d28b38b,True,,,,,,,,,,1.0,1.0,0.5,1.0,0.8220981947297363,1.0,1.0,1.0,0.0,0.4097028429265213
1193,e3b56ed4a85f713c8,True,,,,,,,,,,0.0,1.0,1.0,1.0,1.0,0.0,1.0,1.0,0.0,0.0
1194,1c036c9aff4d0cf31,True,,,,,,,,,,1.0,1.0,1.0,1.0,0.618666993751255,1.0,1.0,1.0,1.0,0.8808334355472671
1195,3812881ab01c38f32,True,,,,,,,,,,0.0,1.0,1.0,1.0,1.0,0.0,1.0,1.0,1.0,0.0
1196,5634addd2134d1453,True,,,,,,,,,,1.0,1.0,1.0,1.0,0.7883066437169676,1.0,0.0,1.0,1.0,0.8088458261615523
1197,d7ae6e55bf567365e,True,,,,,,,,,,1.0,1.0,0.0,1.0,1.0,1.0,0.0,1.0,1.0,0.0
1198,0fc3bc1b7fce2461a,True,,,,,,,,,,1.0,1.0,1.0,1.0,0.7733458998118825,1.0,0.0,1.0,1.0,0.8041705936912134
1199,44a5937b14cec415b,True,,,,,,,,,,1.0,1.0,1.0,1.0,0.6663475876664037,1.0,0.0,1.0,0.0,0.6457336211457512
1200,84073ac4c8f117f43,True,,,,,,,,,,1.0,1.0,1.0,1.0,0.6652474984503446,1.0,0.0,1.0,1.0,0.7703898432657327
1201,b0687bfcbe79bec09,True,,,,,,,,,,1.0,1.0,1.0,1.0,0.3357068619087416,1.0,1.0,1.0,1.0,0.7924083943464817
1202,85d790e9c5c2e7b7c,True,,,,,,,,,,1.0,1.0,1.0,1.0,0.22231385972421439,1.0,0.0,1.0,1.0,0.631973081163817
1203,b479708037b5c5d7c,True,,,,,,,,,,1.0,1.0,1.0,1.0,0.7641603468779746,1.0,1.0,1.0,1.0,0.926300108399367
1204,51f2dcebd843e5ea9,True,,,,,,,,,,1.0,1.0,1.0,1.0,0.24145276429572818,1.0,0.0,1.0,1.0,0.637953988842415
1205,3accc2d050327016d,True,,,,,,,,,,0.0,1.0,1.0,1.0,1.0,0.0,1.0,1.0,0.0,0.0
1206,8d28f9f70a6b86ce7,True,,,,,,,,,,1.0,0.0,1.0,1.0,1.0,1.0,0.0,1.0,0.0,0.0
1207,bfd4cb9e2a8bebc15,True,,,,,,,,,,1.0,1.0,1.0,1.0,0.7815508899552636,1.0,1.0,1.0,0.0,0.8067346531110199
1208,c25da0ddaa99c1dd9,True,,,,,,,,,,0.0,1.0,1.0,1.0,1.0,0.0,1.0,1.0,1.0,0.0
1209,46674c511c8ea3dfc,True,,,,,,,,,,1.0,1.0,1.0,1.0,0.8872411407485031,1.0,1.0,1.0,0.0,0.8397628564839072
1210,1e33e12832b3a171e,True,,,,,,,,,,1.0,1.0,1.0,1.0,0.7717351938783243,1.0,0.0,1.0,0.0,0.6786672480869764
1211,6f388bff9ecc03286,True,,,,,,,,,,1.0,1.0,1.0,1.0,0.5637624619739485,1.0,0.0,1.0,0.0,0.6136757693668589
1212,81da68a500fb17473,True,,,,,,,,,,1.0,1.0,1.0,1.0,0.44110747633879477,1.0,0.0,1.0,1.0,0.7003460863558734
1213,d2eb3158a4dcc825e,True,,,,,,,,,,0.0,1.0,1.0,1.0,1.0,0.0,0.0,1.0,1.0,0.0
1214,f705ea7622e27d209,True,,,,,,,,,,0.0,1.0,1.0,1.0,0.4797973399691529,0.0,0.0,1.0,0.0,0.0
1215,4afd4718ce4caab2c,True,,,,,,,,,,1.0,1.0,1.0,1.0,0.62081902065681,1.0,1.0,1.0,1.0,0.8815059439552532
1216,1c53209f745ee0b66,True,,,,,,,,,,1.0,1.0,1.0,1.0,0.9322689806676645,1.0,1.0,1.0,1.0,0.9788340564586452
1217,a784ac158bbb30d15,True,,,,,,,,,,1.0,1.0,1.0,1.0,0.8188638664205182,1.0,1.0,1.0,0.0,0.818394958256412
1218,271b906800ea0cf57,True,,,,,,,,,,1.0,0.0,1.0,1.0,1.0,1.0,0.0,1.0,0.0,0.0
1219,cb891ab8f0c9f0ffc,True,,,,,,,,,,1.0,1.0,1.0,1.0,1.0,1.0,0.0,1.0,1.0,0.875
1220,f32e09eab0a9183d4,True,,,,,,,,,,1.0,1.0,1.0,0.0,1.0,1.0,0.0,1.0,0.0,0.0
1221,4d43428f5f573b6b1,True,,,,,,,,,,1.0,0.0,1.0,1.0,0.8629905787322574,1.0,1.0,1.0,1.0,0.0
1222,b5837307d8a14be4a,True,,,,,,,,,,1.0,1.0,1.0,1.0,0.6752675198821754,1.0,1.0,1.0,1.0,0.8985210999631799
1223,5453eaf707e343346,True,,,,,,,,,,1.0,1.0,1.0,1.0,0.8580341076246262,1.0,1.0,1.0,0.0,0.8306356586326957
1224,406c46b5527457915,True,,,,,,,,,,1.0,1.0,1.0,1.0,1.0,1.0,0.0,1.0,1.0,0.875
1225,35a201132842b0275,True,,,,,,,,,,1.0,1.0,1.0,1.0,0.3973454025241794,1.0,0.0,1.0,1.0,0.686670438288806
1226,b36a5e74ec4ae9574,True,,,,,,,,,,1.0,1.0,1.0,1.0,0.2463154852363392,1.0,1.0,1.0,1.0,0.764473589136356
1227,7dd7378a3a19d8a0e,True,,,,,,,,,,1.0,1.0,1.0,1.0,0.7404944122807886,1.0,1.0,1.0,1.0,0.9189045038377465
1228,f874994b902ae45d7,True,,,,,,,,,,1.0,1.0,1.0,1.0,1.0,1.0,0.0,1.0,0.0,0.75
1229,693313e8d44aa5fd8,True,,,,,,,,,,1.0,1.0,1.0,1.0,0.8651314374990324,1.0,1.0,1.0,1.0,0.9578535742184476
1230,95068a2e2c9c01e85,True,,,,,,,,,,1.0,1.0,1.0,1.0,0.943519178441238,1.0,0.0,1.0,1.0,0.8573497432628869
1231,7c6eb3ebf2ec0a507,True,,,,,,,,,,0.0,1.0,1.0,1.0,1.0,0.0,0.0,1.0,0.0,0.0
1232,1f200aef5aa80a98d,True,,,,,,,,,,1.0,0.0,1.0,1.0,1.0,1.0,1.0,1.0,1.0,0.0
1233,a0f74d36d2aa52b1f,True,,,,,,,,,,1.0,1.0,1.0,1.0,0.1387356628659867,1.0,1.0,1.0,1.0,0.7308548946456208
1234,e6338db1d83f3ba4e,True,,,,,,,,,,1.0,1.0,1.0,1.0,0.9807845446950484,1.0,1.0,1.0,0.0,0.8689951702172026
1235,4a263f9bce5d33176,True,,,,,,,,,,1.0,1.0,1.0,1.0,1.0,1.0,0.0,1.0,1.0,0.875
1236,6ad6905cedee6197b,True,,,,,,,,,,1.0,1.0,1.0,1.0,0.4614276667714852,1.0,0.0,1.0,1.0,0.7066961458660892
1237,0fc649902e2af4e9e,True,,,,,,,,,,1.0,1.0,1.0,1.0,0.43637706346722904,1.0,1.0,1.0,1.0,0.8238678323335091
1238,9c691b673576a2299,True,,,,,,,,,,1.0,1.0,1.0,1.0,0.3725255968269381,1.0,1.0,1.0,1.0,0.8039142490084181
1239,188fef8a871d3bb74,True,,,,,,,,,,0.0,1.0,0.0,1.0,1.0,0.0,0.0,1.0,0.0,0.0
1240,637ff125ef04d0dae,True,,,,,,,,,,1.0,0.0,1.0,1.0,1.0,1.0,0.0,1.0,0.0,0.0
1241,2515a4049787b61ac,True,,,,,,,,,,1.0,1.0,1.0,1.0,1.0,1.0,0.0,1.0,0.0,0.75
1242,1908461428632f5dd,True,,,,,,,,,,1.0,1.0,0.0,1.0,0.9115410053551223,1.0,0.0,1.0,1.0,0.0
1243,21cc3fe26ab5be9ef,True,,,,,,,,,,1.0,1.0,1.0,1.0,0.5449166377283647,1.0,1.0,1.0,0.0,0.7327864492901139
1244,b43ae2c6e0304b991,True,,,,,,,,,,1.0,1.0,1.0,1.0,1.0,1.0,0.0,1.0,1.0,0.875
1245,6d11863653324dee3,True,,,,,,,,,,0.0,1.0,1.0,1.0,1.0,0.0,0.0,1.0,1.0,0.0
1246,bda8e2ddfcebef730,True,,,,,,,,,,1.0,1.0,0.0,1.0,1.0,1.0,0.0,1.0,1.0,0.0
1247,cb517587f4a1e3711,True,,,,,,,,,,1.0,1.0,1.0,1.0,1.0,1.0,0.0,1.0,1.0,0.875
1248,948ee6f4ce68f4290,True,,,,,,,,,,1.0,1.0,1.0,1.0,0.6218094171443146,1.0,1.0,1.0,0.0,0.7568154428575983
1249,ad537f45665843f16,True,,,,,,,,,,1.0,1.0,1.0,1.0,0.607661271784861,1.0,1.0,1.0,0.0,0.7523941474327691
1250,bffe666f9175e93c1,True,,,,,,,,,,1.0,1.0,1.0,1.0,0.491066733284911,1.0,1.0,1.0,1.0,0.8409583541515346
1251,63539a8af8e7678fa,True,,,,,,,,,,1.0,1.0,1.0,1.0,0.7267956986898727,1.0,1.0,1.0,1.0,0.9146236558405852
1252,c9e57d49438cf3843,True,,,,,,,,,,1.0,1.0,1.0,1.0,0.8617626734264303,1.0,1.0,1.0,1.0,0.9568008354457594
1253,134a68b7ad7fc9ec4,True,,,,,,,,,,1.0,1.0,1.0,1.0,1.0,1.0,1.0,1.0,1.0,1.0
1254,3f9875514c117cb50,True,,,,,,,,,,1.0,1.0,1.0,1.0,0.3799387070808881,1.0,1.0,1.0,1.0,0.8062308459627776
1255,b4bb23be8c8b3c00e,True,,,,,,,,,,1.0,1.0,1.0,1.0,0.7512595874875247,1.0,0.0,1.0,1.0,0.7972686210898514
1256,e4755b06844a3bf92,True,,,,,,,,,,1.0,0.0,0.0,1.0,1.0,1.0,0.0,1.0,0.0,0.0
1257,af6044bdbd6647378,True,,,,,,,,,,1.0,1.0,0.0,1.0,1.0,1.0,0.0,1.0,1.0,0.0
1258,43f7fbb8fc3c4d17b,True,,,,,,,,,,1.0,0.0,1.0,1.0,1.0,1.0,1.0,1.0,0.0,0.0
1259,3ea710ad8425a9566,True,,,,,,,,,,1.0,0.0,0.5,1.0,0.4605197908339796,1.0,1.0,1.0,0.0,0.0
1260,c42f42235ba427d14,True,,,,,,,,,,1.0,1.0,1.0,1.0,0.782786980816207,1.0,1.0,1.0,0.0,0.8071209315050647
1261,c3d63199e3d09c551,True,,,,,,,,,,0.5,1.0,1.0,1.0,0.9758444502798682,0.0,1.0,1.0,0.0,0.2774756953562294
1262,5a562731374a3054b,True,,,,,,,,,,1.0,1.0,1.0,1.0,0.5035937902247097,1.0,1.0,1.0,0.0,0.7198730594452218
1263,e69df86c33d5e5522,True,,,,,,,,,,1.0,1.0,1.0,1.0,0.6038872965370835,1.0,0.0,1.0,1.0,0.7512147801678386
1264,08888312c5d67618e,True,,,,,,,,,,1.0,1.0,1.0,1.0,1.0,1.0,0.0,1.0,0.0,0.75
1265,117c9da6253882bd5,True,,,,,,,,,,0.0,1.0,1.0,1.0,0.6489806163360171,0.0,0.0,1.0,0.0,0.0
1266,2288b831536d541ba,True,,,,,,,,,,0.0,1.0,1.0,1.0,0.49873917459535516,0.0,1.0,1.0,1.0,0.0
1267,31df3ebdb68bf83fe,True,,,,,,,,,,0.0,1.0,1.0,1.0,1.0,0.0,1.0,1.0,1.0,0.0
1268,0286ad2f0fec1df3b,True,,,,,,,,,,1.0,1.0,1.0,1.0,0.14579230415213754,1.0,0.0,0.0,1.0,0.483060095047543
1269,f07be583867d7e867,True,,,,,,,,,,0.0,0.0,0.0,1.0,1.0,0.0,0.0,1.0,0.0,0.0
1270,ba66893d0046c895c,True,,,,,,,,,,1.0,1.0,1.0,1.0,1.0,1.0,0.0,1.0,1.0,0.875
1271,54c5618f3af037eb9,True,,,,,,,,,,1.0,0.0,1.0,0.0,1.0,1.0,0.0,1.0,1.0,0.0
1272,07f1e4860bc02a04d,True,,,,,,,,,,1.0,1.0,1.0,1.0,1.0,1.0,0.0,1.0,1.0,0.875
1273,5a73952aa052dbbce,True,,,,,,,,,,1.0,1.0,1.0,1.0,1.0,1.0,0.0,1.0,1.0,0.875
1274,ea6c6eed6cbac7b1e,True,,,,,,,,,,1.0,0.0,1.0,1.0,0.1785648770446386,1.0,0.0,1.0,0.0,0.0
1275,786b8a8821747f0ce,True,,,,,,,,,,1.0,1.0,0.5,1.0,1.0,1.0,0.0,1.0,1.0,0.4375
1276,d6d8e9eb7b9c1befa,True,,,,,,,,,,1.0,0.0,1.0,1.0,0.5758124414736409,1.0,1.0,1.0,1.0,0.0
1277,716f58dd76f073c78,True,,,,,,,,,,1.0,1.0,1.0,1.0,0.7936146412240294,1.0,0.0,1.0,1.0,0.8105045753825092
1278,749ce2a3f7c56b638,True,,,,,,,,,,1.0,1.0,1.0,1.0,0.4352596738812682,1.0,1.0,1.0,1.0,0.8235186480878963
1279,cd5e5b17476268370,True,,,,,,,,,,1.0,0.0,1.0,1.0,0.8726676511013806,1.0,0.0,1.0,1.0,0.0
1280,fe96f199e96744aa6,True,,,,,,,,,,1.0,0.0,1.0,1.0,0.35718462586158845,1.0,1.0,1.0,0.0,0.0
1281,abe4fa3284d5d8e53,True,,,,,,,,,,1.0,0.0,1.0,1.0,0.7234324645886179,1.0,1.0,1.0,1.0,0.0
1282,d8c8d7ca717326aa5,True,,,,,,,,,,1.0,0.0,0.5,1.0,0.7979461730422821,1.0,0.0,1.0,0.0,0.0
1283,350cac7c1e8fc966a,True,,,,,,,,,,0.0,1.0,1.0,1.0,1.0,0.0,1.0,1.0,1.0,0.0
1284,9ce594d7aea2ad542,True,,,,,,,,,,0.0,1.0,1.0,1.0,0.7733657386847196,0.0,1.0,1.0,1.0,0.0
1285,86dc24585f29d4c87,True,,,,,,,,,,0.0,0.0,0.0,1.0,0.9380974532712278,0.0,1.0,1.0,0.0,0.0
1286,44b5f6ff06f523846,True,,,,,,,,,,0.0,0.0,1.0,1.0,1.0,0.0,0.0,1.0,0.0,0.0
1287,47333aea0afd08b32,True,,,,,,,,,,0.0,1.0,1.0,1.0,1.0,0.0,1.0,1.0,0.0,0.0
1288,48f968a3c272876d9,True,,,,,,,,,,1.0,0.0,1.0,1.0,0.4929967372580111,1.0,1.0,1.0,1.0,0.0
1289,d57d9c1eba8896d77,True,,,,,,,,,,1.0,1.0,1.0,1.0,0.8822703013590264,1.0,0.0,1.0,1.0,0.8382094691746957
1290,d917882ea2d51f02c,True,,,,,,,,,,1.0,1.0,1.0,1.0,0.2738525755362637,1.0,0.0,1.0,0.0,0.5230789298550824
1291,dc9a1a64623f4ee2a,True,,,,,,,,,,1.0,1.0,1.0,1.0,0.39060552400065873,1.0,0.0,1.0,1.0,0.6845642262502059
1292,506ef1fd93816539d,True,,,,,,,,,,1.0,1.0,1.0,1.0,1.0,1.0,1.0,1.0,1.0,1.0
1293,7272b7a2cb56feb27,True,,,,,,,,,,1.0,0.0,1.0,1.0,0.5572177499474694,1.0,0.0,1.0,1.0,0.0
1294,9a6ec5011d04fc0c9,True,,,,,,,,,,1.0,1.0,1.0,1.0,0.23269463571605065,1.0,1.0,1.0,1.0,0.7602170736612659
1295,a53b204e1934058ab,True,,,,,,,,,,1.0,0.0,1.0,1.0,1.0,1.0,0.0,1.0,0.0,0.0
1296,b6d9feff81539b7b7,True,,,,,,,,,,1.0,1.0,0.0,1.0,1.0,1.0,0.0,1.0,1.0,0.0
1297,dd6cf78b8b897a171,True,,,,,,,,,,1.0,0.0,1.0,1.0,1.0,1.0,0.0,1.0,0.0,0.0
1298,0ab9b133a9d7aad86,True,,,,,,,,,,1.0,0.0,1.0,1.0,1.0,1.0,0.0,1.0,1.0,0.0
1299,1e15000d249448d21,True,,,,,,,,,,0.0,1.0,1.0,1.0,1.0,0.0,1.0,1.0,1.0,0.0
1300,87c8724fcdc627dae,True,,,,,,,,,,1.0,1.0,1.0,1.0,0.2784597697824053,1.0,1.0,1.0,1.0,0.7745186780570017
1301,41c255d09766b4099,True,,,,,,,,,,0.0,1.0,1.0,1.0,1.0,0.0,0.0,1.0,0.0,0.0
1302,28416fd7feabf49fd,True,,,,,,,,,,1.0,1.0,1.0,1.0,0.7191814732631946,1.0,1.0,1.0,1.0,0.9122442103947483
1303,fb36accc7106e30af,True,,,,,,,,,,1.0,0.0,1.0,1.0,0.6020500063595244,1.0,0.0,1.0,0.0,0.0
1304,781d4b5658394c5ca,True,,,,,,,,,,1.0,1.0,1.0,1.0,1.0,1.0,0.0,1.0,1.0,0.875
1305,ead470fc76d3720d5,True,,,,,,,,,,1.0,1.0,1.0,1.0,0.02181937713717236,1.0,1.0,1.0,1.0,0.6943185553553664
1306,e35c9a585407c6e2a,True,,,,,,,,,,0.0,1.0,1.0,1.0,1.0,0.0,1.0,1.0,0.0,0.0
1307,4b9efbcd44942d553,True,,,,,,,,,,1.0,1.0,1.0,1.0,0.33725640550692093,1.0,1.0,1.0,1.0,0.7928926267209128
1308,fcfbdd618540644fa,True,,,,,,,,,,0.0,0.0,0.0,1.0,1.0,0.0,0.0,0.0,0.0,0.0
1309,bc4f98185e46d819e,True,,,,,,,,,,1.0,1.0,0.5,1.0,1.0,1.0,1.0,1.0,1.0,0.5
1310,ea85faa2c543fbbae,True,,,,,,,,,,1.0,1.0,1.0,1.0,0.5878576549401585,1.0,1.0,1.0,0.0,0.7462055171687996
1311,36fe5d9f407c60a58,True,,,,,,,,,,1.0,0.0,0.5,1.0,0.5760718009945991,1.0,0.0,1.0,1.0,0.0
1312,d99cd68c37ac3ad2c,True,,,,,,,,,,1.0,1.0,1.0,1.0,0.6883933930728091,1.0,0.0,1.0,1.0,0.7776229353352528
1313,a230273e8dabb271d,True,,,,,,,,,,1.0,1.0,1.0,1.0,1.0,1.0,0.0,1.0,1.0,0.875
1314,eeccf27f0b76f2d75,True,,,,,,,,,,1.0,1.0,1.0,1.0,0.8523129441124168,1.0,1.0,1.0,0.0,0.8288477950351303
1315,7442542b3671c78bc,True,,,,,,,,,,1.0,1.0,1.0,1.0,0.831035579203235,1.0,0.0,1.0,0.0,0.697198618501011
1316,765c939c341bbf4f6,True,,,,,,,,,,1.0,1.0,1.0,1.0,0.5606346334326688,1.0,1.0,1.0,1.0,0.862698322947709
1317,898965de3a97c47dc,True,,,,,,,,,,0.0,1.0,1.0,1.0,1.0,0.0,0.0,1.0,0.0,0.0
1318,bd60a921930373e9e,True,,,,,,,,,,1.0,1.0,1.0,1.0,0.8940257377643912,0.0,0.0,1.0,1.0,0.5293830430513722
1319,0409a56c40aabf66c,True,,,,,,,,,,1.0,1.0,1.0,1.0,0.549880102167144,1.0,0.0,1.0,0.0,0.6093375319272325
1320,04ea6a683ebec3208,True,,,,,,,,,,1.0,1.0,1.0,1.0,0.6722908315700765,1.0,0.0,1.0,1.0,0.7725908848656489
1321,2d56e1301f6cafa55,True,,,,,,,,,,0.0,1.0,1.0,1.0,1.0,0.0,1.0,1.0,0.0,0.0
1322,c7f0d1c6de80f0c15,True,,,,,,,,,,1.0,1.0,1.0,1.0,0.6320972424346973,1.0,1.0,1.0,0.0,0.7600303882608429
1323,6a1ac7cf335eb8310,True,,,,,,,,,,0.5,0.0,0.0,1.0,1.0,0.0,1.0,1.0,0.0,0.0
1324,4d65febaea8d3fd84,True,,,,,,,,,,1.0,1.0,1.0,1.0,0.31631662723847287,1.0,0.0,1.0,1.0,0.6613489460120228
1325,85b6589d5332018d1,True,,,,,,,,,,1.0,1.0,1.0,1.0,0.9468099199677747,1.0,1.0,1.0,1.0,0.9833780999899295
1326,5c1c76ff6dae6f388,True,,,,,,,,,,1.0,1.0,1.0,1.0,0.8197281631577447,1.0,0.0,1.0,1.0,0.8186650509867952
1327,d18a444ba754870e9,True,,,,,,,,,,1.0,0.0,0.0,1.0,1.0,1.0,0.0,1.0,1.0,0.0
1328,2a1e301e08b641e81,True,,,,,,,,,,1.0,0.0,0.0,1.0,1.0,1.0,0.0,1.0,1.0,0.0
1329,d31a201a98822b2ce,True,,,,,,,,,,1.0,1.0,1.0,1.0,0.28298653483827874,1.0,1.0,1.0,1.0,0.7759332921369622
1330,c706c39c802cce2d4,True,,,,,,,,,,1.0,0.0,1.0,1.0,0.22408188052391936,1.0,1.0,1.0,1.0,0.0
1331,d6a8d396239dfefa0,True,,,,,,,,,,1.0,1.0,1.0,1.0,0.15509544030751646,1.0,1.0,1.0,1.0,0.735967325096099
1332,2f7d76aaf1c498bdf,True,,,,,,,,,,1.0,0.0,1.0,1.0,0.5094282767890763,1.0,1.0,1.0,1.0,0.0
1333,29202e5e7b84d0701,True,,,,,,,,,,1.0,1.0,0.0,1.0,0.8181666018335204,1.0,0.0,1.0,0.0,0.0
1334,ece1be85754833649,True,,,,,,,,,,1.0,1.0,1.0,1.0,0.3941335586549337,1.0,0.0,1.0,1.0,0.6856667370796667
1335,0af32ef4c6cb2b293,True,,,,,,,,,,1.0,1.0,0.0,1.0,1.0,1.0,0.0,1.0,0.0,0.0
1336,bf934afd68e4b2573,True,,,,,,,,,,1.0,1.0,0.5,1.0,0.636613166512599,1.0,0.0,1.0,1.0,0.3807208072675936
1337,735cc37028693d641,True,,,,,,,,,,1.0,1.0,1.0,1.0,0.6021818027943903,1.0,0.0,1.0,1.0,0.7506818133732469
1338,c1f2006b4745c21bc,True,,,,,,,,,,1.0,0.0,1.0,1.0,0.7151540312208184,1.0,1.0,1.0,0.0,0.0
1339,645751bf568658675,True,,,,,,,,,,1.0,1.0,1.0,1.0,0.31805016662547025,1.0,0.0,1.0,0.0,0.5368906770704595
1340,987228c8136243451,True,,,,,,,,,,0.0,1.0,0.5,1.0,1.0,0.0,0.0,1.0,1.0,0.0
1341,eb5c033b5d728ecba,True,,,,,,,,,,1.0,1.0,1.0,1.0,0.33891243635418467,1.0,0.0,1.0,0.0,0.5434101363606827
1342,8f3dd68f4334d028e,True,,,,,,,,,,1.0,1.0,1.0,1.0,0.7439767053241008,1.0,0.0,1.0,1.0,0.7949927204137814
1343,15b6de5b6b812b547,True,,,,,,,,,,0.0,1.0,1.0,1.0,1.0,0.0,1.0,0.0,0.0,0.0
1344,25c0bd003a55fd341,True,,,,,,,,,,1.0,1.0,1.0,1.0,0.44627937888143904,1.0,1.0,1.0,1.0,0.8269623059004497
1345,f9b2e117ff4ab2884,True,,,,,,,,,,1.0,1.0,1.0,1.0,0.7751833782258877,1.0,0.0,1.0,1.0,0.8047448056955899
1346,83daac46cb68fabb0,True,,,,,,,,,,1.0,1.0,1.0,1.0,0.6678047440364206,1.0,1.0,1.0,0.0,0.7711889825113815
1347,789c9e60213111cde,True,,,,,,,,,,1.0,1.0,0.0,1.0,1.0,1.0,0.0,1.0,1.0,0.0
1348,ce0d18bc2635a901b,True,,,,,,,,,,1.0,1.0,1.0,1.0,0.9490483301196894,1.0,0.0,1.0,1.0,0.859077603162403
1349,f197eb9bb03399772,True,,,,,,,,,,1.0,1.0,1.0,1.0,0.7814957461643354,1.0,0.0,1.0,1.0,0.8067174206763548
1350,da72d5ca0828d5a3d,True,,,,,,,,,,1.0,1.0,1.0,1.0,0.5581381767967655,1.0,1.0,1.0,1.0,0.8619181802489893
1351,39ebfd58dcc9b5aea,True,,,,,,,,,,0.0,0.0,0.0,1.0,1.0,0.0,0.0,1.0,0.0,0.0
1352,ae177687d99242cad,True,,,,,,,,,,1.0,1.0,1.0,1.0,0.9255235290126796,0.0,0.0,1.0,0.0,0.4142261028164624
1353,e6d1e14cb2784e8d9,True,,,,,,,,,,1.0,1.0,1.0,1.0,0.7105662198836119,1.0,1.0,1.0,1.0,0.9095519437136287
1354,af7c2f2eb8cc6b36d,True,,,,,,,,,,1.0,1.0,1.0,1.0,1.0,1.0,1.0,1.0,0.0,0.875
1355,58f8054b16f2c0e47,True,,,,,,,,,,1.0,1.0,1.0,1.0,0.23756625706819093,1.0,0.0,0.0,1.0,0.5117394553338097
1356,1e704b348fb75f77d,True,,,,,,,,,,1.0,1.0,1.0,1.0,0.9237855310425825,1.0,1.0,1.0,0.0,0.851182978450807
1357,2dbd58ac0d23460fd,True,,,,,,,,,,1.0,1.0,1.0,1.0,0.0914107714435268,1.0,1.0,1.0,1.0,0.7160658660761021
1358,2729d19c18ef21b96,True,,,,,,,,,,1.0,1.0,0.5,1.0,1.0,1.0,0.0,1.0,1.0,0.4375
1359,8a9e6d29520f76dfc,True,,,,,,,,,,1.0,1.0,0.5,1.0,0.5263599210156384,1.0,0.0,1.0,0.0,0.3009937376586935
1360,6dc61a791e23a0224,True,,,,,,,,,,1.0,1.0,1.0,1.0,0.2596442662746983,1.0,1.0,1.0,1.0,0.7686388332108431
1361,c02fa35875ea4e3e1,True,,,,,,,,,,1.0,1.0,1.0,1.0,0.615041427965869,1.0,1.0,1.0,1.0,0.8797004462393341
1362,0cda637bebb7a14dc,True,,,,,,,,,,0.0,1.0,1.0,1.0,1.0,0.0,1.0,0.0,0.0,0.0
1363,88b4a166a946c9537,True,,,,,,,,,,1.0,1.0,1.0,1.0,1.0,1.0,0.0,1.0,0.0,0.75
1364,5eea9af2c6acb36ec,True,,,,,,,,,,1.0,0.0,1.0,1.0,1.0,1.0,0.0,1.0,0.0,0.0
1365,eb1f907b28806d98c,True,,,,,,,,,,1.0,1.0,1.0,1.0,0.7284993725671715,1.0,1.0,1.0,1.0,0.9151560539272411
1366,ddf4d43735ce80242,True,,,,,,,,,,0.0,0.0,0.5,1.0,1.0,0.0,0.0,1.0,1.0,0.0
1367,178157ae0466a3851,True,,,,,,,,,,0.0,0.0,1.0,1.0,1.0,0.0,0.0,1.0,1.0,0.0
1368,9db9a548b803b14d9,True,,,,,,,,,,1.0,1.0,1.0,1.0,0.734830048712086,1.0,0.0,1.0,0.0,0.6671343902225269
1369,778099fc6283d21e0,True,,,,,,,,,,1.0,1.0,1.0,1.0,0.5121415509070324,1.0,1.0,1.0,0.0,0.7225442346584476
1370,fa08741543328286c,True,,,,,,,,,,1.0,1.0,1.0,1.0,0.48796078705855844,1.0,1.0,1.0,0.0,0.7149877459557995
1371,19c10d5d061305dbd,True,,,,,,,,,,1.0,1.0,0.0,1.0,0.6677059860321277,1.0,0.0,1.0,1.0,0.0
1372,1de9185a9bb05abe5,True,,,,,,,,,,1.0,1.0,1.0,1.0,0.5498870883566397,1.0,1.0,1.0,1.0,0.8593397151114499
1373,2d240158ae67d64dd,True,,,,,,,,,,1.0,1.0,0.5,1.0,0.5124411969034448,1.0,0.0,1.0,1.0,0.36131893701616324
1374,d12ce90d3b2b4d63a,True,,,,,,,,,,1.0,0.0,1.0,1.0,0.7050351638195539,1.0,1.0,1.0,0.0,0.0
1375,053755e0b8f0dd052,True,,,,,,,,,,0.0,1.0,1.0,1.0,1.0,0.0,0.0,1.0,1.0,0.0
1376,54c064bb692276ac7,True,,,,,,,,,,0.0,1.0,1.0,1.0,1.0,0.0,0.0,1.0,0.0,0.0
1377,ad16a8e4063d7973e,True,,,,,,,,,,1.0,1.0,1.0,1.0,0.4381744693421466,1.0,1.0,1.0,1.0,0.8244295216694209
1378,da3afbb4ab75483b4,True,,,,,,,,,,1.0,0.0,0.0,1.0,1.0,0.0,0.0,1.0,0.0,0.0
1379,1effe02b2af9680a9,True,,,,,,,,,,1.0,1.0,1.0,1.0,0.2692643709130415,1.0,0.0,1.0,1.0,0.6466451159103255
1380,bc730296c22859127,True,,,,,,,,,,1.0,1.0,1.0,1.0,0.4717456945772854,1.0,1.0,1.0,0.0,0.7099205295554016
1381,f4012a586df6289ed,True,,,,,,,,,,0.5,0.0,1.0,1.0,1.0,0.0,0.0,1.0,1.0,0.0
1382,52cc30d63f3ee962c,True,,,,,,,,,,1.0,0.0,1.0,1.0,0.7932847335637015,1.0,0.0,1.0,1.0,0.0
1383,8d2018c3d25b185de,True,,,,,,,,,,1.0,1.0,1.0,1.0,0.8406875368663498,1.0,1.0,1.0,1.0,0.9502148552707343
1384,2c41c5664b187598f,True,,,,,,,,,,1.0,0.0,1.0,1.0,1.0,1.0,1.0,1.0,0.0,0.0
1385,78910a88891eef166,True,,,,,,,,,,1.0,1.0,1.0,1.0,0.4077266867112798,1.0,0.0,1.0,1.0,0.6899145895972749
1386,b37e58b47596bc081,True,,,,,,,,,,1.0,1.0,0.5,1.0,1.0,1.0,1.0,0.0,0.0,0.375
1387,0d82f96df900285cb,True,,,,,,,,,,1.0,1.0,1.0,1.0,0.3163985134289511,1.0,1.0,1.0,1.0,0.7863745354465472
1388,45cc427b1c222f829,True,,,,,,,,,,1.0,1.0,0.5,1.0,1.0,1.0,0.0,1.0,0.0,0.375
1389,29cd08f6390e4f790,True,,,,,,,,,,1.0,1.0,1.0,1.0,0.6278631682521074,1.0,1.0,1.0,0.0,0.7587072400787835
1390,01898e4c2520a9400,True,,,,,,,,,,1.0,1.0,1.0,1.0,0.4723007034081134,1.0,1.0,0.0,0.0,0.5850939698150355
1391,1e6e2d318ec0f30bf,True,,,,,,,,,,1.0,0.0,1.0,1.0,0.7892662717130309,1.0,0.0,1.0,1.0,0.0
1392,4f3ef64863f32d7b6,True,,,,,,,,,,1.0,0.0,1.0,1.0,1.0,1.0,0.0,1.0,1.0,0.0
1393,3994aa71c5443aea3,True,,,,,,,,,,1.0,1.0,1.0,1.0,1.0,1.0,0.0,1.0,1.0,0.875
1394,a8d83051ac2ad2fa2,True,,,,,,,,,,1.0,1.0,1.0,1.0,0.9264136024221353,1.0,1.0,1.0,1.0,0.9770042507569172
1395,575fcd78444e7124b,True,,,,,,,,,,1.0,0.0,0.0,1.0,1.0,1.0,1.0,1.0,0.0,0.0
1396,2bf5a9368dfcf4f1a,True,,,,,,,,,,1.0,1.0,0.5,1.0,1.0,1.0,1.0,1.0,1.0,0.5
1397,f29d81b7079d53bff,True,,,,,,,,,,1.0,1.0,1.0,1.0,0.33776162395107484,1.0,1.0,1.0,1.0,0.793050507484711
1398,cb000016d3d61dd05,True,,,,,,,,,,0.0,1.0,1.0,1.0,1.0,0.0,1.0,1.0,0.0,0.0
1399,8f3bf4b1cb4be05f8,True,,,,,,,,,,0.0,1.0,0.0,1.0,1.0,0.0,0.0,1.0,1.0,0.0
1400,04c0d966a74c0c8e0,True,,,,,,,,,,0.0,1.0,1.0,1.0,1.0,0.0,0.0,1.0,1.0,0.0
1401,9e4e2947f7b3098a7,True,,,,,,,,,,0.0,1.0,1.0,1.0,1.0,0.0,0.0,1.0,1.0,0.0
1402,6c643cf3c76195c44,True,,,,,,,,,,1.0,1.0,1.0,1.0,1.0,1.0,1.0,1.0,1.0,1.0
1403,79d6ba3b0e13a7f66,True,,,,,,,,,,1.0,1.0,1.0,1.0,0.46934848949553415,1.0,1.0,1.0,1.0,0.8341714029673544
1404,c89e54cc4c778e2c6,True,,,,,,,,,,1.0,0.0,1.0,1.0,1.0,1.0,1.0,1.0,0.0,0.0
1405,591164dffebc72c33,True,,,,,,,,,,1.0,1.0,1.0,1.0,1.0,1.0,1.0,1.0,1.0,1.0
1406,5ae5fc96ae87f7041,True,,,,,,,,,,1.0,1.0,1.0,1.0,0.6506614743158565,1.0,1.0,1.0,1.0,0.8908317107237052
1407,e472efc62c061addf,True,,,,,,,,,,1.0,0.0,1.0,1.0,0.5122105291097927,1.0,1.0,1.0,1.0,0.0
1408,3efd4f33e21321aca,True,,,,,,,,,,1.0,1.0,1.0,1.0,0.9212505185262329,1.0,1.0,1.0,0.0,0.8503907870394478
1409,9a5590594b11e4e0d,True,,,,,,,,,,1.0,1.0,1.0,1.0,0.9363297335741073,1.0,1.0,1.0,1.0,0.9801030417419085
1410,87c8ddd115e686126,True,,,,,,,,,,1.0,1.0,0.0,1.0,0.8046276943823905,1.0,0.0,0.0,0.0,0.0
1411,f94ffca3fb08a2c86,True,,,,,,,,,,1.0,1.0,0.0,1.0,0.9843709676202939,1.0,0.0,1.0,1.0,0.0
1412,1a2a9699acac9d639,True,,,,,,,,,,1.0,1.0,1.0,1.0,0.8290400300580877,0.0,0.0,1.0,1.0,0.5090750093931524
1413,dd8018127da6cb6ad,True,,,,,,,,,,1.0,1.0,1.0,1.0,0.27800598632466966,1.0,1.0,1.0,1.0,0.7743768707264593
1414,10446a2ec2be065e7,True,,,,,,,,,,1.0,1.0,1.0,1.0,0.8847110107525734,0.0,0.0,1.0,1.0,0.5264721908601793
1415,fc3f449099625878e,True,,,,,,,,,,1.0,1.0,1.0,1.0,0.3284478797366865,1.0,0.0,1.0,1.0,0.6651399624177146
1416,88d3fad9cfca7c0ad,True,,,,,,,,,,1.0,1.0,1.0,1.0,0.729608069642642,1.0,1.0,1.0,0.0,0.7905025217633257
1417,317774c453bf853ce,True,,,,,,,,,,1.0,1.0,1.0,1.0,0.6081650345171589,1.0,0.0,1.0,1.0,0.7525515732866122
1418,5c7504aeee1fc6587,True,,,,,,,,,,0.0,0.0,1.0,1.0,1.0,0.0,1.0,1.0,1.0,0.0
1419,fb8289807a1b275b3,True,,,,,,,,,,1.0,1.0,1.0,1.0,0.8879590989370942,1.0,0.0,1.0,1.0,0.839987218417842
1420,205bfe6adc22021bb,True,,,,,,,,,,1.0,1.0,1.0,1.0,0.6950605867651478,1.0,1.0,1.0,0.0,0.7797064333641087
1421,272d0fb68e72a32c3,True,,,,,,,,,,1.0,1.0,0.5,1.0,1.0,1.0,1.0,1.0,1.0,0.5
1422,ba8bf5b95601df543,True,,,,,,,,,,1.0,1.0,1.0,1.0,0.7088740718177103,1.0,1.0,1.0,1.0,0.9090231474430345
1423,1b2cd068b0d562449,True,,,,,,,,,,1.0,1.0,1.0,1.0,0.2717108104478276,1.0,1.0,1.0,1.0,0.7724096282649462
1424,fff9b31e14a7c9885,True,,,,,,,,,,1.0,1.0,1.0,1.0,0.6395369095827002,1.0,0.0,1.0,0.0,0.6373552842445938
1425,a33343b83ce194f89,True,,,,,,,,,,1.0,1.0,1.0,1.0,0.34349382826184394,1.0,1.0,1.0,1.0,0.7948418213318262
1426,96539cf10e3cf92af,True,,,,,,,,,,0.0,1.0,1.0,1.0,1.0,0.0,1.0,1.0,1.0,0.0
1427,95617d9c8d0165269,True,,,,,,,,,,1.0,1.0,0.0,1.0,0.6731314691469035,1.0,1.0,1.0,1.0,0.0
1428,d0d8a6da053f9740c,True,,,,,,,,,,1.0,1.0,1.0,1.0,0.7424742379521637,1.0,1.0,1.0,1.0,0.9195231993600512
1429,624d6c465e568f7a9,True,,,,,,,,,,1.0,0.0,0.0,1.0,1.0,1.0,0.0,1.0,0.0,0.0
1430,4699eb47aa0ff2aa8,True,,,,,,,,,,0.0,1.0,1.0,1.0,1.0,0.0,0.0,1.0,0.0,0.0
1431,bf717edbbf1c0b8db,True,,,,,,,,,,1.0,1.0,0.0,1.0,1.0,1.0,0.0,1.0,0.0,0.0
1432,ca521b286f7fb606e,True,,,,,,,,,,1.0,1.0,1.0,1.0,1.0,0.0,1.0,1.0,0.0,0.5625
1433,7b35876d62521ffc5,True,,,,,,,,,,1.0,1.0,0.0,1.0,0.9044359323824264,1.0,0.0,1.0,0.0,0.0
1434,925bbd1a587bfa622,True,,,,,,,,,,1.0,0.0,1.0,1.0,0.3323828839190216,1.0,0.0,1.0,0.0,0.0
1435,1fb46d16a4f179ce1,True,,,,,,,,,,1.0,1.0,0.0,1.0,1.0,1.0,0.0,1.0,1.0,0.0
1436,d4bddc4246b475541,True,,,,,,,,,,1.0,1.0,1.0,1.0,0.4886617202302577,1.0,0.0,1.0,1.0,0.7152067875719555
1437,c28f4287e75996da4,True,,,,,,,,,,0.5,0.0,1.0,1.0,1.0,0.0,0.0,1.0,1.0,0.0
1438,6dbbdae0bdb3174ac,True,,,,,,,,,,1.0,1.0,1.0,1.0,0.4910417598526515,1.0,1.0,1.0,0.0,0.7159505499539536
1439,712e01f3ee0e674c0,True,,,,,,,,,,1.0,0.0,0.0,1.0,1.0,1.0,0.0,1.0,1.0,0.0
1440,96cad6ca7a1cc6e43,True,,,,,,,,,,1.0,1.0,1.0,1.0,0.3565776231559226,1.0,1.0,1.0,1.0,0.7989305072362258
1441,969a72274e20ef86e,True,,,,,,,,,,1.0,1.0,1.0,1.0,0.38445751776533377,1.0,1.0,1.0,1.0,0.8076429743016669
1442,f2d69faa21d148235,True,,,,,,,,,,0.0,1.0,1.0,1.0,0.7421061112538524,0.0,0.0,1.0,0.0,0.0
1443,899e078cab5924628,True,,,,,,,,,,1.0,1.0,0.0,1.0,1.0,1.0,0.0,1.0,0.0,0.0
1444,2b1c7704ed19c6b68,True,,,,,,,,,,1.0,1.0,1.0,1.0,0.4824537956702888,1.0,0.0,1.0,0.0,0.5882668111469652
1445,4a99f83b526b20ecf,True,,,,,,,,,,1.0,1.0,1.0,1.0,0.28507758968447566,1.0,0.0,1.0,1.0,0.6515867467763987
1446,f5751be1c6f840216,True,,,,,,,,,,1.0,0.0,0.0,1.0,1.0,1.0,0.0,1.0,1.0,0.0
1447,8c19ef349d4fc37cb,True,,,,,,,,,,1.0,1.0,1.0,1.0,1.0,0.0,1.0,1.0,1.0,0.6875
1448,8d6032130dcaff306,True,,,,,,,,,,0.0,0.0,0.5,1.0,1.0,0.0,0.0,1.0,0.0,0.0
1449,a8335bbfcf7c51cd5,True,,,,,,,,,,1.0,1.0,1.0,1.0,0.7340067109502306,1.0,0.0,1.0,1.0,0.7918770971719471
1450,cd7d476e450a5083d,True,,,,,,,,,,1.0,0.0,1.0,1.0,0.12820902658027641,1.0,1.0,1.0,0.0,0.0
1451,63afd42accc1a8cd9,True,,,,,,,,,,1.0,0.0,1.0,1.0,0.7769182789409693,1.0,1.0,1.0,1.0,0.0
1452,e58c5ddaa428a3e26,True,,,,,,,,,,1.0,0.0,1.0,1.0,1.0,1.0,1.0,1.0,0.0,0.0
1453,4250d2db3b613460c,True,,,,,,,,,,1.0,1.0,1.0,1.0,0.7990504065044076,1.0,0.0,1.0,1.0,0.8122032520326274
1454,d400b7a715f88fcf5,True,,,,,,,,,,1.0,0.0,1.0,1.0,0.22291528871295405,1.0,0.0,1.0,0.0,0.0
1455,390d17b9e350ffe45,True,,,,,,,,,,1.0,1.0,1.0,1.0,0.8141852082701434,1.0,1.0,1.0,1.0,0.9419328775844198
1456,db94fae67e9339c05,True,,,,,,,,,,1.0,1.0,1.0,1.0,0.6368354037933451,1.0,0.0,1.0,1.0,0.7615110636854203
1457,62c7829548c7f7e94,True,,,,,,,,,,1.0,1.0,1.0,1.0,0.5189754094091314,1.0,0.0,1.0,1.0,0.7246798154403535
1458,7b6367ddd040256d3,True,,,,,,,,,,0.0,1.0,1.0,1.0,1.0,0.0,0.0,1.0,0.0,0.0
1459,964d3400667ae187f,True,,,,,,,,,,1.0,1.0,1.0,1.0,0.6359497619904237,1.0,1.0,1.0,1.0,0.8862343006220075
1460,36f3fac010047f5a8,True,,,,,,,,,,1.0,0.0,0.5,1.0,1.0,1.0,0.0,1.0,1.0,0.0
1461,8d911e0483906d5f9,True,,,,,,,,,,1.0,1.0,1.0,1.0,1.0,1.0,1.0,1.0,1.0,1.0
1462,dab0fa452a04c5188,True,,,,,,,,,,0.0,1.0,1.0,1.0,1.0,0.0,1.0,1.0,1.0,0.0
1463,6ecd877422fdf9247,True,,,,,,,,,,1.0,1.0,1.0,1.0,0.5634402002354743,1.0,1.0,1.0,1.0,0.8635750625735857
1464,7e63683bda8a632ba,True,,,,,,,,,,1.0,1.0,1.0,1.0,0.34173778248528874,1.0,1.0,1.0,1.0,0.7942930570266528
1465,fcdbf5378a4eecdc5,True,,,,,,,,,,1.0,0.0,1.0,1.0,0.7345399394016815,1.0,1.0,1.0,1.0,0.0
1466,c107f7eeb5856c0bf,True,,,,,,,,,,1.0,1.0,0.0,1.0,0.9622108091430769,1.0,0.0,1.0,0.0,0.0
1467,63e4138abce599b86,True,,,,,,,,,,1.0,1.0,1.0,1.0,0.9366270422642743,1.0,0.0,1.0,1.0,0.8551959507075857
1468,60b5ffeeaa577037f,True,,,,,,,,,,1.0,1.0,1.0,1.0,0.6750548605752679,1.0,1.0,1.0,0.0,0.7734546439297711
1469,4855fc07a04961bfd,True,,,,,,,,,,0.0,1.0,1.0,0.0,1.0,0.0,0.0,1.0,0.0,0.0
1470,947c5404a2702b039,True,,,,,,,,,,1.0,1.0,0.5,1.0,1.0,1.0,0.0,1.0,1.0,0.4375
1471,4aabb029fe206ec39,True,,,,,,,,,,0.0,1.0,1.0,1.0,1.0,0.0,0.0,1.0,1.0,0.0
1472,1977bcc474e42d28a,True,,,,,,,,,,1.0,1.0,1.0,1.0,0.832446508292896,1.0,0.0,1.0,0.0,0.69763953384153
1473,19b9962d1050c08e3,True,,,,,,,,,,1.0,1.0,1.0,1.0,0.5567755950640322,1.0,1.0,1.0,0.0,0.7364923734575101
1474,57b65fccc387a8607,True,,,,,,,,,,1.0,1.0,1.0,1.0,0.28754416674464145,1.0,1.0,1.0,1.0,0.7773575521077005
1475,266ccdfd658c4fe17,True,,,,,,,,,,0.0,1.0,1.0,1.0,1.0,0.0,0.0,1.0,0.0,0.0
1476,14b4d5dae8ea46cbc,True,,,,,,,,,,1.0,1.0,1.0,1.0,0.9482851665068743,1.0,0.0,1.0,0.0,0.7338391145333982
1477,774a05df3c1512cac,True,,,,,,,,,,1.0,1.0,1.0,1.0,0.48264578543482567,1.0,1.0,1.0,1.0,0.838326807948383
1478,82e64850661b77497,True,,,,,,,,,,1.0,1.0,1.0,1.0,1.0,1.0,1.0,1.0,1.0,1.0
1479,d694ab7fc94aa5dcf,True,,,,,,,,,,1.0,1.0,1.0,1.0,0.6098485051910965,1.0,1.0,1.0,1.0,0.8780776578722176
1480,5d7300eccaaae4563,True,,,,,,,,,,1.0,1.0,0.5,1.0,0.6815069755040992,1.0,1.0,1.0,0.0,0.38773546492251554
1481,78e83fee2e80cffb8,True,,,,,,,,,,1.0,1.0,1.0,1.0,0.5898094539098254,1.0,1.0,1.0,1.0,0.8718154543468204
1482,e51cdc2544fd62fa6,True,,,,,,,,,,1.0,1.0,0.5,1.0,0.6425564977958214,1.0,0.0,1.0,1.0,0.3816494527805971
1483,8d9bc38e815347396,True,,,,,,,,,,1.0,1.0,1.0,1.0,0.2529799583761224,1.0,0.0,1.0,1.0,0.6415562369925383
1484,9823414897079697b,True,,,,,,,,,,1.0,1.0,1.0,1.0,0.7016570513097017,1.0,0.0,1.0,0.0,0.6567678285342817
1485,dc6135734ed70b551,True,,,,,,,,,,1.0,1.0,1.0,1.0,0.6620567182320347,1.0,1.0,1.0,0.0,0.7693927244475108
1486,2292f65aeeb91446d,True,,,,,,,,,,1.0,1.0,1.0,1.0,0.4747352351970267,1.0,1.0,1.0,0.0,0.7108547609990709
1487,f6f0f9e856ac09aa5,True,,,,,,,,,,1.0,1.0,1.0,1.0,0.2870620774378389,1.0,1.0,1.0,1.0,0.7772068991993246
1488,e260f18e09079fc0a,True,,,,,,,,,,1.0,1.0,1.0,1.0,0.6559765282645581,1.0,1.0,1.0,1.0,0.8924926650826744
1489,7052cedfc597ff134,True,,,,,,,,,,0.0,1.0,1.0,1.0,1.0,0.0,0.0,1.0,0.0,0.0
1490,3d45468e32f443cff,True,,,,,,,,,,1.0,1.0,1.0,1.0,0.9055089936532208,1.0,1.0,0.0,0.0,0.7204715605166315
1491,aa2d7b83ea2052e20,True,,,,,,,,,,1.0,1.0,1.0,1.0,0.8313918433425275,1.0,1.0,1.0,1.0,0.9473099510445399
1492,9e5efb38c692a4895,True,,,,,,,,,,1.0,1.0,1.0,1.0,0.4685591014469152,1.0,1.0,1.0,1.0,0.833924719202161
1493,94f50219a9dc3389d,True,,,,,,,,,,0.0,1.0,1.0,1.0,1.0,0.0,0.0,0.0,0.0,0.0
1494,eb46263a3a324c2e0,True,,,,,,,,,,1.0,1.0,1.0,1.0,0.8634998567148314,1.0,1.0,1.0,1.0,0.9573437052233849
1495,eee3dbfa0ec3233b6,True,,,,,,,,,,1.0,1.0,1.0,1.0,0.4332010844668747,1.0,1.0,1.0,1.0,0.8228753388958984
1496,e14d602917d1d211f,True,,,,,,,,,,1.0,1.0,1.0,1.0,0.8233773536397097,1.0,0.0,1.0,1.0,0.8198054230124092
1497,6ed7113fd3721f57b,True,,,,,,,,,,1.0,1.0,0.0,1.0,1.0,1.0,0.0,1.0,1.0,0.0
1498,c1c57e75b2d100427,True,,,,,,,,,,1.0,1.0,0.5,1.0,0.5255548209326716,1.0,0.0,1.0,0.0,0.3008679407707299
1499,402ed0d50f8b2ce26,True,,,,,,,,,,1.0,0.0,1.0,1.0,0.8370576774598513,1.0,1.0,1.0,1.0,0.0
1500,e67970e73b3daa612,True,,,,,,,,,,1.0,1.0,1.0,1.0,0.8923911731538239,1.0,1.0,1.0,1.0,0.96637224161057
1501,c217a9de321bd6af3,True,,,,,,,,,,1.0,1.0,1.0,1.0,1.0,1.0,0.0,0.0,0.0,0.625
1502,d87e1dbb0017ab960,True,,,,,,,,,,1.0,1.0,1.0,1.0,0.6510258838376215,1.0,0.0,1.0,1.0,0.7659455886992568
1503,c95a60eebe3ab0adb,True,,,,,,,,,,1.0,1.0,1.0,1.0,0.42408612901869697,1.0,0.0,1.0,0.0,0.5700269153183428
1504,ae2bc6336b41077f4,True,,,,,,,,,,1.0,1.0,1.0,1.0,0.3224046709507074,1.0,0.0,1.0,1.0,0.6632514596720961
1505,c48fe378c45229ffa,True,,,,,,,,,,0.0,0.0,1.0,1.0,1.0,0.0,1.0,0.0,0.0,0.0
1506,29b4bcae1bc32da3c,True,,,,,,,,,,1.0,1.0,1.0,1.0,0.3816469564998943,1.0,1.0,1.0,1.0,0.806764673906217
1507,976f2d716419166ba,True,,,,,,,,,,1.0,1.0,1.0,1.0,0.7917243285782073,1.0,0.0,0.0,0.0,0.5599138526806897
1508,626e000a64788c202,True,,,,,,,,,,1.0,1.0,1.0,1.0,0.8582695989372834,1.0,0.0,1.0,0.0,0.705709249667901
1509,115bbfc42ca3a09e4,True,,,,,,,,,,1.0,1.0,1.0,1.0,0.3941462521473519,1.0,0.0,1.0,1.0,0.6856707037960474
1510,c2f99f2f74ef541cb,True,,,,,,,,,,1.0,0.0,1.0,1.0,1.0,1.0,0.0,1.0,0.0,0.0
1511,3eeb39076cf2c1547,True,,,,,,,,,,0.0,1.0,0.5,1.0,1.0,0.0,1.0,1.0,0.0,0.0
1512,d33fcf041654db4d0,True,,,,,,,,,,1.0,1.0,1.0,1.0,0.451706920152801,1.0,0.0,1.0,1.0,0.7036584125477503
1513,36a0cef1b153a4f11,True,,,,,,,,,,1.0,1.0,1.0,1.0,0.597918749105436,1.0,1.0,1.0,0.0,0.7493496090954488
1514,ff268d62e1e2110ec,True,,,,,,,,,,1.0,1.0,1.0,1.0,0.8308884289498857,1.0,0.0,1.0,1.0,0.8221526340468392
1515,0d2f41b0b8ec0376a,True,,,,,,,,,,1.0,1.0,1.0,1.0,0.5666777229691118,1.0,0.0,1.0,1.0,0.7395867884278474
1516,be29b04863547d0c1,True,,,,,,,,,,0.0,1.0,1.0,1.0,1.0,0.0,1.0,1.0,0.0,0.0
1517,9a1b34a6539726796,True,,,,,,,,,,1.0,1.0,1.0,1.0,0.7750668164685949,1.0,1.0,1.0,0.0,0.8047083801464359
1518,f06a4e01a1e5abdd5,True,,,,,,,,,,1.0,0.0,1.0,1.0,0.9409880059385772,1.0,1.0,1.0,1.0,0.0
1519,1a5fb4f0990893f71,True,,,,,,,,,,0.0,0.0,1.0,1.0,0.8711046803006819,0.0,1.0,1.0,0.0,0.0
1520,2ddb8a77091ace2c6,True,,,,,,,,,,1.0,1.0,1.0,1.0,0.5644809576143741,1.0,1.0,1.0,0.0,0.738900299254492
1521,8a790ebf1c22b11d5,True,,,,,,,,,,0.0,1.0,1.0,1.0,1.0,0.0,0.0,1.0,0.0,0.0
1522,ac187965e42f68435,True,,,,,,,,,,1.0,1.0,1.0,1.0,0.7308271790220068,1.0,1.0,1.0,1.0,0.9158834934443771
1523,49243c381a0bed43b,True,,,,,,,,,,1.0,1.0,1.0,1.0,0.6274122798545712,1.0,1.0,1.0,1.0,0.8835663374545535
1524,f6ee18e1982a51d52,True,,,,,,,,,,1.0,1.0,1.0,1.0,0.436398345856553,1.0,1.0,1.0,1.0,0.8238744830801727
1525,0b20cc78c6d693794,True,,,,,,,,,,1.0,0.0,0.5,1.0,1.0,1.0,0.0,1.0,1.0,0.0
1526,bf23a089fb07a1891,True,,,,,,,,,,1.0,1.0,1.0,1.0,0.7581815349090835,1.0,0.0,1.0,0.0,0.6744317296590886
1527,9e0e0c6fe70eeb1d8,True,,,,,,,,,,1.0,0.0,0.5,1.0,1.0,1.0,0.0,1.0,1.0,0.0
1528,140e7d68475dc3f63,True,,,,,,,,,,1.0,1.0,0.0,1.0,0.791827542664659,1.0,0.0,1.0,1.0,0.0
1529,7c2bed78bc3df5a9b,True,,,,,,,,,,1.0,0.0,0.5,1.0,1.0,1.0,0.0,1.0,0.0,0.0
1530,1e0bfb2c4139f0062,True,,,,,,,,,,1.0,1.0,1.0,1.0,1.0,1.0,0.0,1.0,1.0,0.875
1531,19762a72ff72dc0cd,True,,,,,,,,,,1.0,1.0,1.0,1.0,0.28187755935540054,1.0,1.0,1.0,0.0,0.6505867372985626
1532,b4750fa326ea1085b,True,,,,,,,,,,0.0,1.0,1.0,1.0,1.0,0.0,1.0,1.0,0.0,0.0
1533,7fa72ac59f374d3ab,True,,,,,,,,,,0.0,1.0,1.0,1.0,1.0,0.0,0.0,1.0,0.0,0.0
1534,af26e74f0d5def154,True,,,,,,,,,,1.0,1.0,1.0,1.0,0.6225806513111056,1.0,0.0,1.0,1.0,0.7570564535347205
1535,122590be147f65d56,True,,,,,,,,,,1.0,1.0,1.0,1.0,0.5315638753681606,1.0,0.0,1.0,0.0,0.6036137110525501
1536,f9533c6195790b299,True,,,,,,,,,,0.0,0.0,1.0,1.0,1.0,0.0,0.0,1.0,0.0,0.0
1537,027609f1fbf1b3b16,True,,,,,,,,,,0.0,1.0,1.0,1.0,1.0,0.0,0.0,1.0,1.0,0.0
1538,9db723ede5227209d,True,,,,,,,,,,1.0,1.0,0.5,1.0,1.0,1.0,0.0,0.0,0.0,0.3125
1539,f8b4dade556ee29d7,True,,,,,,,,,,1.0,1.0,1.0,1.0,0.9789561875639522,1.0,0.0,1.0,0.0,0.743423808613735
1540,9c1ac53b20c284d28,True,,,,,,,,,,1.0,1.0,0.5,1.0,0.8180472578929777,1.0,1.0,1.0,1.0,0.47156988404577777
1541,38158890d40f83da6,True,,,,,,,,,,0.0,1.0,1.0,1.0,1.0,0.0,0.0,1.0,0.0,0.0
1542,c82d37b03fda156aa,True,,,,,,,,,,1.0,1.0,0.5,1.0,0.7658656914993396,1.0,0.0,1.0,0.0,0.3384165142967718
1543,975103a3e89ae4e4b,True,,,,,,,,,,1.0,1.0,1.0,1.0,0.4596924962737973,1.0,1.0,1.0,1.0,0.8311539050855616
1544,1a06b94eb28c15802,True,,,,,,,,,,0.5,1.0,1.0,1.0,1.0,0.0,0.0,1.0,1.0,0.28125
1545,8732dc54a30ca7f80,True,,,,,,,,,,0.0,1.0,0.5,1.0,1.0,0.0,1.0,1.0,1.0,0.0
1546,cdb408bfe8cbbd8b3,True,,,,,,,,,,0.0,0.0,0.5,1.0,0.9483720549703087,0.0,0.0,1.0,0.0,0.0
1547,c6e28acbe0fc41c9e,True,,,,,,,,,,1.0,1.0,1.0,1.0,0.4795183406541234,1.0,0.0,1.0,1.0,0.7123494814544136
1548,246271906b5570c57,True,,,,,,,,,,0.0,0.0,1.0,1.0,0.44435699897545905,0.0,0.0,1.0,0.0,0.0
1549,5d7c10a16ad487174,True,,,,,,,,,,1.0,1.0,1.0,1.0,1.0,1.0,0.0,1.0,1.0,0.875
1550,5065468cd60f1bc00,True,,,,,,,,,,1.0,1.0,1.0,1.0,0.6112124702793934,1.0,1.0,1.0,1.0,0.8785038969623105
1551,6e7525ff98599366a,True,,,,,,,,,,1.0,1.0,1.0,1.0,0.46000428600994075,1.0,0.0,1.0,1.0,0.7062513393781065
1552,91e4c1dcd12d3cf3c,True,,,,,,,,,,1.0,1.0,0.5,1.0,1.0,1.0,1.0,0.0,0.0,0.375
1553,2385397b4291e7094,True,,,,,,,,,,1.0,1.0,1.0,1.0,0.5925206838381173,1.0,1.0,1.0,1.0,0.8726627136994116
1554,5dc798ecdc1897481,True,,,,,,,,,,1.0,1.0,0.0,1.0,0.907046562679414,1.0,0.0,1.0,1.0,0.0
1555,6d33b3de92c436972,True,,,,,,,,,,1.0,1.0,1.0,1.0,0.3634138879229476,1.0,1.0,0.0,1.0,0.6760668399759211
1556,b24c5109d9a3320ec,True,,,,,,,,,,1.0,1.0,1.0,1.0,0.9311859454520971,1.0,0.0,1.0,1.0,0.8534956079537803
1557,3a09d1ed3abb7ce82,True,,,,,,,,,,1.0,1.0,0.0,1.0,1.0,1.0,0.0,1.0,1.0,0.0
1558,30c354120aed6af34,True,,,,,,,,,,1.0,0.0,1.0,1.0,1.0,1.0,1.0,1.0,0.0,0.0
1559,ec56aefe2cb604a4f,True,,,,,,,,,,1.0,1.0,1.0,1.0,0.916466119183353,1.0,1.0,1.0,1.0,0.9738956622447978
1560,7837a188fc6d747f2,True,,,,,,,,,,0.0,1.0,1.0,1.0,1.0,0.0,1.0,1.0,1.0,0.0
1561,68e2d10ecbeed8111,True,,,,,,,,,,1.0,0.0,0.5,1.0,1.0,1.0,1.0,1.0,0.0,0.0
1562,2eb3bf3c471605eb4,True,,,,,,,,,,1.0,1.0,1.0,1.0,1.0,1.0,1.0,1.0,1.0,1.0
1563,3271d4013cb715ce0,True,,,,,,,,,,1.0,1.0,1.0,1.0,0.6810210776274436,1.0,0.0,1.0,0.0,0.6503190867585761
1564,e78314605bf2c19c9,True,,,,,,,,,,1.0,0.0,1.0,1.0,1.0,1.0,1.0,1.0,1.0,0.0
1565,7e105472ccbc51b6a,True,,,,,,,,,,0.0,1.0,1.0,1.0,1.0,0.0,0.0,1.0,0.0,0.0
1566,aecefddf9e7523945,True,,,,,,,,,,1.0,1.0,1.0,1.0,0.5844439382965259,1.0,1.0,1.0,1.0,0.8701387307176643
1567,a617218bc7b506fc1,True,,,,,,,,,,1.0,1.0,0.0,1.0,1.0,1.0,0.0,1.0,1.0,0.0
1568,5b6eb771ffaf06f55,True,,,,,,,,,,1.0,1.0,0.0,1.0,1.0,1.0,0.0,1.0,1.0,0.0
1569,ca0adf718f5972567,True,,,,,,,,,,1.0,1.0,1.0,1.0,0.6928857571160987,1.0,1.0,1.0,1.0,0.9040267990987808
1570,bd8218a7ee5744998,True,,,,,,,,,,1.0,1.0,1.0,1.0,0.2873661091349343,1.0,1.0,1.0,1.0,0.777301909104667
1571,a1144bd1f4f830e91,True,,,,,,,,,,1.0,1.0,1.0,1.0,0.3799829446541926,1.0,1.0,1.0,1.0,0.8062446702044352
1572,e9751ea5c28dbd703,True,,,,,,,,,,0.0,1.0,1.0,1.0,0.3052624384686401,0.0,1.0,1.0,0.0,0.0
1573,65cf82257d919ac3a,True,,,,,,,,,,1.0,1.0,1.0,1.0,0.7682010043073292,1.0,1.0,1.0,0.0,0.8025628138460403
1574,b04402bb6e662613d,True,,,,,,,,,,1.0,1.0,1.0,1.0,1.0,1.0,1.0,1.0,1.0,1.0
1575,b710f4583e83f5650,True,,,,,,,,,,1.0,0.0,1.0,1.0,0.8316500917329328,1.0,1.0,1.0,0.0,0.0
1576,50dcee9926ded132e,True,,,,,,,,,,1.0,1.0,1.0,1.0,0.8694670431831095,1.0,0.0,1.0,0.0,0.7092084509947217
1577,f7ae88aefcd8f251e,True,,,,,,,,,,1.0,1.0,1.0,1.0,0.832446508292896,1.0,0.0,1.0,0.0,0.69763953384153
1578,47799590d39799760,True,,,,,,,,,,1.0,0.0,1.0,1.0,1.0,1.0,1.0,1.0,0.0,0.0
1579,ebf583743cf822ad6,True,,,,,,,,,,1.0,1.0,0.0,1.0,0.9539837506971516,1.0,0.0,1.0,1.0,0.0
1580,ba1d4ee6517641b7b,True,,,,,,,,,,1.0,1.0,1.0,1.0,1.0,1.0,0.0,1.0,1.0,0.875
1581,031cc5379a5e98feb,True,,,,,,,,,,1.0,1.0,1.0,1.0,0.8638418202734128,1.0,0.0,1.0,1.0,0.8324505688354416
1582,ca4906fdbc82a1b29,True,,,,,,,,,,1.0,1.0,1.0,1.0,0.7873962988665386,1.0,1.0,1.0,1.0,0.9335613433957933
1583,cd5f94c276881c890,True,,,,,,,,,,1.0,1.0,1.0,1.0,0.5433574912274944,1.0,1.0,1.0,1.0,0.857299216008592
1584,aacc85e9299b2ee56,True,,,,,,,,,,1.0,0.0,0.0,1.0,1.0,1.0,1.0,1.0,0.0,0.0
1585,9b67c7e02ccf82bac,True,,,,,,,,,,1.0,1.0,1.0,1.0,1.0,1.0,0.0,1.0,1.0,0.875
1586,1297091b925da475f,True,,,,,,,,,,1.0,1.0,1.0,1.0,0.8276929537052103,1.0,0.0,1.0,0.0,0.6961540480328783
1587,bb64b91f09ac1d235,True,,,,,,,,,,1.0,1.0,1.0,1.0,0.6096279047678328,1.0,1.0,1.0,0.0,0.7530087202399478
1588,ea57c9c13c9526722,True,,,,,,,,,,0.5,0.0,1.0,1.0,1.0,0.0,0.0,1.0,1.0,0.0
1589,c138df3ef41d3bfe5,True,,,,,,,,,,1.0,0.0,1.0,1.0,0.8395798443648579,1.0,1.0,0.0,0.0,0.0
1590,0fda3e9ba0b83c4b2,True,,,,,,,,,,0.0,0.0,0.0,1.0,1.0,0.0,0.0,1.0,1.0,0.0
1591,85dc9224d8159ff88,True,,,,,,,,,,1.0,1.0,1.0,1.0,1.0,1.0,0.0,0.0,1.0,0.75
1592,d218a0af775558af6,True,,,,,,,,,,1.0,1.0,0.0,1.0,0.8767808183961427,1.0,0.0,1.0,1.0,0.0
1593,93f8da10fb7af1122,True,,,,,,,,,,1.0,0.0,1.0,1.0,1.0,1.0,0.0,1.0,0.0,0.0
1594,20f4af07bc30fb4fd,True,,,,,,,,,,1.0,1.0,1.0,1.0,0.8376969868177391,1.0,1.0,1.0,0.0,0.8242803083805434
1595,a04d1509b1d00db31,True,,,,,,,,,,1.0,1.0,1.0,1.0,1.0,1.0,1.0,1.0,1.0,1.0
1596,477b98093c6f47fcc,True,,,,,,,,,,0.5,0.0,0.5,1.0,1.0,0.0,0.0,1.0,1.0,0.0
1597,b06305fffe2e19174,True,,,,,,,,,,1.0,1.0,0.0,1.0,0.8561511131752908,1.0,0.0,1.0,1.0,0.0
1598,1f18c770d2cfe8d3c,True,,,,,,,,,,0.0,1.0,0.0,1.0,1.0,0.0,0.0,1.0,0.0,0.0
1599,ffdfaf1a850a4f6c0,True,,,,,,,,,,0.0,1.0,1.0,1.0,1.0,0.0,1.0,1.0,1.0,0.0
1600,393ebaed8cd47962e,True,,,,,,,,,,1.0,1.0,1.0,1.0,0.6693992482678411,1.0,1.0,1.0,1.0,0.8966872650837003
1601,b7e52abb299941045,True,,,,,,,,,,0.0,1.0,1.0,1.0,1.0,0.0,1.0,1.0,0.0,0.0
1602,1afa1d77d3954125e,True,,,,,,,,,,1.0,1.0,1.0,1.0,0.8401612970606083,1.0,0.0,1.0,1.0,0.82505040533144
1603,dbfff1a4f70af53a6,True,,,,,,,,,,1.0,1.0,1.0,1.0,1.0,1.0,0.0,1.0,1.0,0.875
1604,733f274e5e937aae5,True,,,,,,,,,,0.0,1.0,0.5,1.0,1.0,0.0,0.0,1.0,1.0,0.0
1605,0c9e5d46eff0fcf41,True,,,,,,,,,,1.0,1.0,1.0,1.0,0.7276234154669288,1.0,1.0,1.0,1.0,0.9148823173334153
1606,1048c5ca4a09af32d,True,,,,,,,,,,1.0,1.0,1.0,1.0,0.9542078850141357,1.0,0.0,1.0,1.0,0.8606899640669174
1607,a686334790117f882,True,,,,,,,,,,1.0,1.0,1.0,1.0,1.0,1.0,1.0,1.0,1.0,1.0
1608,8254c72f094adeb13,True,,,,,,,,,,1.0,1.0,1.0,1.0,1.0,1.0,1.0,1.0,0.0,0.875
1609,a7f6db3ebc16e5c7c,True,,,,,,,,,,1.0,1.0,1.0,1.0,0.7847850012470441,1.0,1.0,1.0,0.0,0.8077453128897013
1610,2fb382cc58b2e089f,True,,,,,,,,,,1.0,1.0,1.0,1.0,0.6091789847694082,1.0,0.0,1.0,1.0,0.75286843274044
1611,429111d26e72d90ae,True,,,,,,,,,,1.0,1.0,1.0,1.0,0.8586451908363835,1.0,1.0,1.0,0.0,0.8308266221363698
1612,f5d454a22e5731c5a,True,,,,,,,,,,1.0,1.0,1.0,1.0,0.6029799588744146,1.0,1.0,1.0,1.0,0.8759312371482546
1613,5b8b54ff77ea4777f,True,,,,,,,,,,1.0,0.0,1.0,1.0,0.17580973777243636,1.0,0.0,1.0,0.0,0.0
1614,24ac26ca8ac0e9395,True,,,,,,,,,,1.0,0.0,1.0,1.0,1.0,1.0,1.0,1.0,0.0,0.0
1615,1b62d4e2468940ddb,True,,,,,,,,,,0.0,1.0,0.5,1.0,1.0,0.0,0.0,1.0,0.0,0.0
1616,3029efd936ffc0d0d,True,,,,,,,,,,1.0,1.0,1.0,1.0,0.059721128663761544,1.0,1.0,1.0,1.0,0.7061628527074255
1617,8b829bb6658bc36c8,True,,,,,,,,,,0.0,1.0,0.0,1.0,0.8157039730851414,0.0,0.0,1.0,1.0,0.0
1618,6c0c0d2674d5ee28e,True,,,,,,,,,,1.0,1.0,1.0,1.0,0.610124994523736,0.0,0.0,1.0,1.0,0.4406640607886675
1619,98f63c421f75a8ead,True,,,,,,,,,,1.0,1.0,1.0,1.0,1.0,1.0,0.0,1.0,1.0,0.875
1620,cbabaf8e0b53e82d3,True,,,,,,,,,,1.0,0.0,0.0,1.0,1.0,1.0,0.0,1.0,1.0,0.0
1621,6787e9f15b62de1b8,True,,,,,,,,,,0.5,1.0,1.0,0.0,1.0,0.0,1.0,1.0,1.0,0.0
1622,fb498b2bdc72e8f69,True,,,,,,,,,,0.0,1.0,1.0,1.0,1.0,0.0,1.0,1.0,1.0,0.0
1623,bd7d7120ca6491008,True,,,,,,,,,,1.0,1.0,1.0,1.0,1.0,1.0,1.0,1.0,1.0,1.0
1624,c35d767a796986c02,True,,,,,,,,,,0.0,1.0,0.5,1.0,1.0,0.0,0.0,1.0,0.0,0.0
1625,d4866f416d8d48597,True,,,,,,,,,,1.0,0.0,1.0,1.0,1.0,1.0,1.0,1.0,1.0,0.0
1626,38cc35d94ab3f203c,True,,,,,,,,,,1.0,1.0,0.5,1.0,0.49456680479164283,1.0,0.0,1.0,1.0,0.3585260632486942
1627,ec14753ed2c513cef,True,,,,,,,,,,1.0,1.0,1.0,1.0,0.411772609119316,1.0,0.0,1.0,1.0,0.6911789403497862
1628,6f730ed4241558274,True,,,,,,,,,,1.0,1.0,0.0,1.0,1.0,1.0,0.0,1.0,1.0,0.0
1629,8cb5e32c7adc0ee45,True,,,,,,,,,,0.0,1.0,1.0,1.0,1.0,0.0,1.0,1.0,1.0,0.0
1630,f2ffa929974330310,True,,,,,,,,,,1.0,1.0,0.0,1.0,1.0,1.0,0.0,1.0,0.0,0.0
1631,e2a9d0b71a44f5df6,True,,,,,,,,,,1.0,1.0,1.0,1.0,0.5359123190619209,1.0,0.0,1.0,0.0,0.6049725997068502
1632,8155746fdb7c4d3d8,True,,,,,,,,,,1.0,1.0,1.0,1.0,1.0,1.0,0.0,1.0,1.0,0.875
1633,b1429f698429f9202,True,,,,,,,,,,1.0,1.0,1.0,1.0,0.882164547462531,1.0,0.0,1.0,1.0,0.8381764210820409
1634,2a2396b5db7435a5e,True,,,,,,,,,,1.0,1.0,0.0,1.0,1.0,1.0,0.0,1.0,1.0,0.0
1635,b1aefb166ba160b03,True,,,,,,,,,,1.0,1.0,1.0,1.0,0.8217046662680983,1.0,0.0,1.0,1.0,0.8192827082087808
1636,b2fc06e37171c8dd9,True,,,,,,,,,,1.0,1.0,1.0,1.0,1.0,1.0,1.0,1.0,1.0,1.0
1637,fe81231e5ce13b101,True,,,,,,,,,,1.0,1.0,1.0,1.0,1.0,1.0,0.0,1.0,0.0,0.75
1638,2251eed913b2fbe46,True,,,,,,,,,,1.0,1.0,1.0,1.0,0.6819584039374076,1.0,1.0,1.0,0.0,0.7756120012304399
1639,2f1ef51a33585046a,True,,,,,,,,,,1.0,1.0,1.0,1.0,1.0,1.0,0.0,1.0,1.0,0.875
1640,6f8794f5f301202d0,True,,,,,,,,,,1.0,1.0,1.0,1.0,1.0,1.0,1.0,1.0,1.0,1.0
1641,bf56b1e490af51e25,True,,,,,,,,,,1.0,1.0,1.0,1.0,0.11098805500133083,1.0,0.0,1.0,1.0,0.5971837671879159
1642,0c70bd071d5a4b2fd,True,,,,,,,,,,1.0,1.0,1.0,1.0,0.7321532729824902,1.0,1.0,1.0,0.0,0.7912978978070282
1643,797abeb7772dd6343,True,,,,,,,,,,1.0,1.0,1.0,1.0,0.33455574365525387,1.0,0.0,1.0,0.0,0.5420486698922669
1644,102aa278a654e934e,True,,,,,,,,,,1.0,1.0,1.0,1.0,0.6820929134072797,1.0,1.0,1.0,0.0,0.775654035439775
1645,cd55f0d35ddb36337,True,,,,,,,,,,1.0,1.0,1.0,1.0,0.7232706875118142,1.0,0.0,1.0,0.0,0.6635220898474419
1646,32f1711fd411244b6,True,,,,,,,,,,1.0,0.0,1.0,1.0,1.0,1.0,1.0,1.0,0.0,0.0
1647,436fb766823bdb92e,True,,,,,,,,,,1.0,1.0,1.0,1.0,0.7572432994895618,0.0,1.0,1.0,1.0,0.611638531090488
1648,bdefe051b162261a4,True,,,,,,,,,,1.0,0.0,1.0,1.0,1.0,1.0,1.0,1.0,0.0,0.0
1649,f4fb6e871bef33f03,True,,,,,,,,,,1.0,0.0,1.0,1.0,1.0,1.0,0.0,1.0,0.0,0.0
1650,012fd1457eb78c56c,True,,,,,,,,,,1.0,0.0,1.0,1.0,1.0,1.0,0.0,1.0,1.0,0.0
1651,daff4b299dac7a03f,True,,,,,,,,,,0.5,0.0,1.0,1.0,1.0,0.0,1.0,1.0,0.0,0.0
1652,2e5eb89b3ec98ed08,True,,,,,,,,,,0.5,0.0,1.0,1.0,1.0,0.0,1.0,1.0,1.0,0.0
1653,bc9c320fb031a11ff,True,,,,,,,,,,1.0,1.0,1.0,1.0,0.9380629252301238,1.0,1.0,1.0,0.0,0.8556446641344138
1654,2a32769c4b35a8c07,True,,,,,,,,,,1.0,1.0,1.0,1.0,0.3033325171727065,1.0,1.0,1.0,0.0,0.6572914116164708
1655,1dbcea959d196209c,True,,,,,,,,,,1.0,1.0,1.0,1.0,0.1372960290733005,1.0,0.0,1.0,1.0,0.6054050090854064
1656,db5a03e690d9afcdb,True,,,,,,,,,,1.0,1.0,1.0,1.0,0.6661892537484584,1.0,0.0,1.0,1.0,0.7706841417963932
1657,46ccc7e9752595671,True,,,,,,,,,,1.0,1.0,1.0,1.0,0.4643313470886518,1.0,0.0,1.0,1.0,0.7076035459652037
1658,ea986d3a0c0d7a702,True,,,,,,,,,,1.0,0.0,1.0,1.0,0.43202995105684855,1.0,1.0,1.0,0.0,0.0
1659,4ccd60de6eb6c50c6,True,,,,,,,,,,1.0,1.0,0.0,1.0,1.0,1.0,1.0,1.0,0.0,0.0
1660,6c762cea7e7e3f6b8,True,,,,,,,,,,0.0,1.0,1.0,1.0,1.0,0.0,1.0,1.0,1.0,0.0
1661,461b3554166aa0d6f,True,,,,,,,,,,0.0,0.0,1.0,1.0,1.0,0.0,0.0,1.0,0.0,0.0
1662,3df43c406e596ada4,True,,,,,,,,,,1.0,1.0,1.0,1.0,0.8972894279299168,1.0,1.0,1.0,0.0,0.842902946228099
1663,77591ae74db6e241c,True,,,,,,,,,,0.5,0.0,1.0,1.0,1.0,0.0,1.0,1.0,1.0,0.0
1664,9fad04b9636cbc059,True,,,,,,,,,,1.0,1.0,1.0,1.0,0.38700214634664926,1.0,0.0,1.0,1.0,0.6834381707333279
1665,9c7d353e930a79a97,True,,,,,,,,,,1.0,1.0,0.5,1.0,0.5621172811505767,1.0,0.0,1.0,0.0,0.3065808251797776
1666,7a67496152fb3bdcb,True,,,,,,,,,,1.0,1.0,1.0,1.0,0.3049136097481958,1.0,0.0,1.0,1.0,0.6577855030463112
1667,597a84c12865d3cb1,True,,,,,,,,,,1.0,1.0,0.0,1.0,0.7305594801451284,1.0,0.0,1.0,1.0,0.0
1668,1009569404037413a,True,,,,,,,,,,1.0,1.0,1.0,1.0,0.6016204740592416,1.0,1.0,1.0,1.0,0.8755063981435129
1669,34096e25c51fff4b8,True,,,,,,,,,,0.0,0.0,1.0,1.0,0.8548092546140528,0.0,0.0,1.0,1.0,0.0
1670,b51b8bf8d757ee5de,True,,,,,,,,,,1.0,1.0,1.0,1.0,0.9820769195786414,1.0,0.0,1.0,1.0,0.8693990373683255
1671,c0e8d70495bec7921,True,,,,,,,,,,0.0,0.0,1.0,1.0,1.0,0.0,0.0,1.0,1.0,0.0
1672,d84d05e0468db43cc,True,,,,,,,,,,1.0,1.0,0.0,1.0,1.0,1.0,0.0,1.0,1.0,0.0
1673,d2abdf59c161f4eef,True,,,,,,,,,,1.0,1.0,1.0,1.0,0.6159567813498117,1.0,0.0,1.0,1.0,0.7549864941718162
1674,0fa05fe58f28e1239,True,,,,,,,,,,1.0,0.0,1.0,1.0,0.8293371506419903,1.0,1.0,1.0,0.0,0.0
1675,90263fed2b7db0365,True,,,,,,,,,,1.0,1.0,1.0,1.0,0.24618210689661807,1.0,1.0,1.0,1.0,0.7644319084051932
1676,4dbc9cc6aa10c611c,True,,,,,,,,,,1.0,1.0,1.0,1.0,0.826096689197566,1.0,1.0,1.0,0.0,0.8206552153742394
1677,57b584425e87975ce,True,,,,,,,,,,1.0,0.0,0.5,1.0,1.0,1.0,0.0,1.0,0.0,0.0
1678,ecc3d1d6244314a20,True,,,,,,,,,,1.0,0.0,0.5,1.0,1.0,1.0,1.0,1.0,0.0,0.0
1679,cd8fa74c681fa08d7,True,,,,,,,,,,1.0,1.0,1.0,1.0,0.8836123799394735,1.0,1.0,1.0,1.0,0.9636288687310854
1680,10c72d595566b545a,True,,,,,,,,,,1.0,1.0,1.0,1.0,1.0,0.0,1.0,1.0,0.0,0.5625
1681,9b4f213c9ca37efb2,True,,,,,,,,,,1.0,1.0,1.0,1.0,1.0,1.0,0.0,1.0,1.0,0.875
1682,93665513823171463,True,,,,,,,,,,1.0,1.0,1.0,1.0,1.0,1.0,0.0,1.0,1.0,0.875
1683,e6aacc10619a6082c,True,,,,,,,,,,1.0,1.0,1.0,1.0,0.6869819356270758,1.0,1.0,1.0,1.0,0.9021818548834611
1684,65d1dc0e08fdbab3c,True,,,,,,,,,,0.0,0.0,1.0,1.0,1.0,0.0,1.0,0.0,0.0,0.0
1685,6df6f08cd7de3b69e,True,,,,,,,,,,1.0,1.0,1.0,1.0,0.47359586794362807,1.0,1.0,1.0,0.0,0.7104987087323837
1686,cb15174665de85fb2,True,,,,,,,,,,1.0,1.0,1.0,1.0,0.675618372747622,1.0,1.0,1.0,0.0,0.7736307414836319
1687,f35bd9cd53bff0ecd,True,,,,,,,,,,0.0,1.0,1.0,1.0,1.0,0.0,1.0,1.0,1.0,0.0
1688,bc9e1db1b41d9717b,True,,,,,,,,,,1.0,1.0,0.5,1.0,0.6502793306963021,1.0,1.0,1.0,1.0,0.4453561454212972
1689,298d36dd2179b1b09,True,,,,,,,,,,1.0,1.0,1.0,1.0,1.0,0.0,0.0,1.0,0.0,0.4375
1690,2cb233c37065ae18d,True,,,,,,,,,,1.0,0.0,1.0,1.0,1.0,1.0,0.0,1.0,1.0,0.0
1691,b77eab715fa3e5a65,True,,,,,,,,,,1.0,1.0,1.0,1.0,0.5394764663037797,1.0,1.0,1.0,1.0,0.8560863957199312
1692,40fe52aee319a8b70,True,,,,,,,,,,1.0,1.0,1.0,1.0,0.2737444109532837,1.0,1.0,1.0,0.0,0.6480451284229012
1693,08616e3e14acc949b,True,,,,,,,,,,1.0,0.0,1.0,1.0,1.0,1.0,0.0,1.0,1.0,0.0
1694,3b3f6182f292aea44,True,,,,,,,,,,1.0,1.0,1.0,1.0,0.20262909034055604,1.0,1.0,1.0,1.0,0.7508215907314237
1695,ab74a4ee392eb4ffc,True,,,,,,,,,,1.0,0.0,1.0,1.0,0.53346523491243,1.0,0.0,1.0,1.0,0.0
1696,728ec7568be562318,True,,,,,,,,,,0.0,1.0,1.0,1.0,1.0,0.0,0.0,1.0,1.0,0.0
1697,2df81c34dac0b3f5c,True,,,,,,,,,,1.0,1.0,1.0,1.0,0.6983053120211492,1.0,1.0,1.0,0.0,0.7807204100066092
1698,2de791cac29ff4f89,True,,,,,,,,,,1.0,1.0,1.0,1.0,0.5382742842751288,1.0,1.0,1.0,1.0,0.8557107138359777
1699,d4aaf5d6841ea2cad,True,,,,,,,,,,1.0,1.0,1.0,1.0,0.5471758882718034,1.0,1.0,1.0,0.0,0.7334924650849386
1700,d3fa0f358c6066f70,True,,,,,,,,,,1.0,1.0,1.0,1.0,0.25416567960746583,1.0,0.0,1.0,0.0,0.5169267748773331
1701,54d9c82ef12c0980e,True,,,,,,,,,,1.0,1.0,1.0,1.0,0.5091403282207353,1.0,0.0,1.0,1.0,0.7216063525689798
1702,3921f85c4ba81b39b,True,,,,,,,,,,1.0,1.0,1.0,1.0,0.5277731144698051,1.0,1.0,1.0,1.0,0.8524290982718141
1703,583e0fd0c7d71cae0,True,,,,,,,,,,0.0,1.0,0.5,1.0,0.8358210285526028,0.0,0.0,1.0,1.0,0.0
1704,76a210a0c3456a3e3,True,,,,,,,,,,1.0,1.0,1.0,1.0,0.7169678596956022,1.0,1.0,1.0,1.0,0.9115524561548757
1705,4954200b641849a4c,True,,,,,,,,,,1.0,1.0,1.0,1.0,0.6631752697409246,1.0,0.0,1.0,1.0,0.769742271794039
1706,165e39945068ad586,True,,,,,,,,,,1.0,1.0,1.0,1.0,0.659451559413985,1.0,1.0,1.0,1.0,0.8935786123168703
1707,bad2ff79565afa1d2,True,,,,,,,,,,1.0,1.0,1.0,1.0,0.5579525952982773,1.0,0.0,1.0,0.0,0.6118601860307117
1708,9f676ba5230d2ce0f,True,,,,,,,,,,1.0,1.0,1.0,1.0,1.0,1.0,1.0,1.0,0.0,0.875
1709,1f607fe68e3fc6846,True,,,,,,,,,,0.0,0.0,1.0,1.0,1.0,0.0,1.0,1.0,1.0,0.0
1710,cade01084629da760,True,,,,,,,,,,0.5,1.0,1.0,1.0,1.0,0.0,1.0,1.0,0.0,0.28125
1711,54f184883023efbf9,True,,,,,,,,,,1.0,1.0,1.0,1.0,0.8410703176909855,1.0,1.0,1.0,0.0,0.825334474278433
1712,61d3d79e3e01157d9,True,,,,,,,,,,1.0,1.0,1.0,1.0,0.31179958563119947,1.0,1.0,1.0,1.0,0.7849373705097498
1713,29f63fdd169f556cf,True,,,,,,,,,,1.0,1.0,1.0,1.0,0.2619108153928134,1.0,1.0,1.0,1.0,0.7693471298102542
1714,41dae4808025d25f5,True,,,,,,,,,,1.0,1.0,1.0,1.0,0.8402815458356642,1.0,0.0,1.0,0.0,0.7000879830736451
1715,95bfecce656f72d69,True,,,,,,,,,,0.0,1.0,0.0,1.0,1.0,0.0,0.0,1.0,1.0,0.0
1716,11143001e21e68daf,True,,,,,,,,,,1.0,1.0,0.5,1.0,0.6693561899917416,1.0,1.0,1.0,1.0,0.4483369046862096
1717,565b302cf79ef624e,True,,,,,,,,,,1.0,1.0,1.0,1.0,0.753439371337186,1.0,0.0,1.0,1.0,0.7979498035428706
1718,69f612044609b63d1,True,,,,,,,,,,1.0,1.0,1.0,1.0,0.8948687768634409,1.0,1.0,1.0,0.0,0.8421464927698252
1719,a18d6dca51d1c96c6,True,,,,,,,,,,1.0,1.0,0.5,1.0,0.5632773649311552,1.0,0.0,1.0,1.0,0.369262088270493
1720,48b2b4044e41f6e13,True,,,,,,,,,,1.0,1.0,1.0,1.0,0.6929305493456748,1.0,1.0,1.0,0.0,0.7790407966705234
1721,c4acda7791668ad2d,True,,,,,,,,,,1.0,1.0,1.0,1.0,0.5122070450535935,1.0,1.0,1.0,1.0,0.847564701579248
1722,e05ade0e231d4cf61,True,,,,,,,,,,0.0,1.0,1.0,0.0,1.0,0.0,1.0,1.0,0.0,0.0
1723,e892cc466b54878c6,True,,,,,,,,,,1.0,0.0,0.0,1.0,1.0,1.0,0.0,1.0,0.0,0.0
1724,9529e21b44cd57c29,True,,,,,,,,,,1.0,1.0,1.0,1.0,0.8230263656063512,1.0,1.0,0.0,0.0,0.6946957392519848
1725,594bcaa89ef7fc267,True,,,,,,,,,,0.0,1.0,1.0,1.0,0.7875937926077861,0.0,1.0,1.0,0.0,0.0
1726,c99bfe933875f63e0,True,,,,,,,,,,1.0,0.0,1.0,1.0,0.8711289363953048,1.0,1.0,1.0,1.0,0.0
1727,adb8420cc91f10b6d,True,,,,,,,,,,1.0,1.0,0.5,1.0,0.7239416620624257,1.0,1.0,1.0,1.0,0.45686588469725403
1728,acd449fa83a39cef2,True,,,,,,,,,,1.0,1.0,1.0,1.0,0.9167218955078013,1.0,0.0,1.0,1.0,0.8489755923461879
1729,e302536dfb1a897a7,True,,,,,,,,,,0.0,1.0,1.0,1.0,0.20578012829838527,0.0,0.0,1.0,0.0,0.0
1730,b0917755d03fa6298,True,,,,,,,,,,1.0,0.0,0.5,1.0,0.8271097182746451,1.0,0.0,1.0,0.0,0.0
1731,8134b9f604787b2c1,True,,,,,,,,,,1.0,1.0,1.0,1.0,0.8478859666135097,1.0,0.0,1.0,1.0,0.8274643645667218
1732,2c253de40b51a352a,True,,,,,,,,,,1.0,0.0,1.0,1.0,0.522149612091317,1.0,1.0,1.0,1.0,0.0
1733,96a1227ca8539a33e,True,,,,,,,,,,1.0,1.0,1.0,1.0,0.8029893324453359,1.0,1.0,1.0,1.0,0.9384341663891674
1734,7acbde1d7760e6ca2,True,,,,,,,,,,1.0,1.0,1.0,1.0,0.7010483128620648,1.0,0.0,1.0,1.0,0.7815775977693953
1735,fe36ce4fe80f5c45b,True,,,,,,,,,,0.0,1.0,1.0,1.0,0.9389765933256168,0.0,1.0,1.0,0.0,0.0
1736,73c6cac7e07b1cf4f,True,,,,,,,,,,1.0,0.0,1.0,1.0,0.26158812014536165,1.0,1.0,1.0,0.0,0.0
1737,c8443f5a68a70d97c,True,,,,,,,,,,1.0,1.0,0.0,1.0,1.0,1.0,0.0,1.0,1.0,0.0
1738,cf70e8986954b642f,True,,,,,,,,,,1.0,1.0,0.0,1.0,1.0,1.0,0.0,1.0,1.0,0.0
1739,c4bc5e76f15b2b430,True,,,,,,,,,,1.0,1.0,1.0,1.0,0.6756132537926808,1.0,1.0,1.0,1.0,0.8986291418102128
1740,ff0923fcd8d30a51b,True,,,,,,,,,,1.0,0.0,1.0,1.0,1.0,1.0,1.0,1.0,0.0,0.0
1741,0fe2cf2ea452fd529,True,,,,,,,,,,1.0,0.0,1.0,1.0,1.0,1.0,1.0,1.0,0.0,0.0
1742,8966a0b08b0be94e9,True,,,,,,,,,,1.0,1.0,0.0,1.0,1.0,1.0,0.0,1.0,1.0,0.0
1743,daa6b068709fe9531,True,,,,,,,,,,0.0,0.0,0.5,1.0,0.6478373050915682,0.0,1.0,1.0,0.0,0.0
1744,190768b2e92e01b36,True,,,,,,,,,,1.0,1.0,1.0,1.0,0.9957393362935562,1.0,0.0,1.0,0.0,0.7486685425917363
1745,11f7a7f38a5e98d20,True,,,,,,,,,,1.0,1.0,1.0,1.0,0.9218132411700772,1.0,1.0,1.0,1.0,0.9755666378656491
1746,2c22ca80805d11abc,True,,,,,,,,,,0.0,1.0,0.5,1.0,1.0,0.0,0.0,1.0,1.0,0.0
1747,e035483e2731dcf6b,True,,,,,,,,,,1.0,0.0,1.0,1.0,1.0,1.0,1.0,1.0,0.0,0.0
1748,2add74aa82c54303c,True,,,,,,,,,,0.0,0.0,1.0,1.0,1.0,0.0,1.0,1.0,0.0,0.0
1749,f10788e83a50fa0b2,True,,,,,,,,,,1.0,0.0,1.0,1.0,0.4982949860982255,1.0,0.0,1.0,1.0,0.0
1750,bd4e6cf360c4e8c49,True,,,,,,,,,,1.0,1.0,1.0,1.0,0.7787105918330547,1.0,1.0,1.0,1.0,0.9308470599478296
1751,e8b8ef9bb7f4bdccb,True,,,,,,,,,,1.0,1.0,1.0,1.0,0.6083725154581853,1.0,0.0,1.0,1.0,0.7526164110806829
1752,67db9f3e12bbe8868,True,,,,,,,,,,0.0,1.0,1.0,1.0,1.0,0.0,1.0,1.0,0.0,0.0
1753,2917a71e0e9572784,True,,,,,,,,,,1.0,1.0,1.0,1.0,0.8812753715748779,1.0,0.0,1.0,1.0,0.8378985536171493
1754,19b51ad1679f9fa3c,True,,,,,,,,,,1.0,1.0,1.0,1.0,0.6652418571679585,1.0,1.0,1.0,1.0,0.895388080364987
1755,34bba0aaea8099d53,True,,,,,,,,,,1.0,1.0,1.0,1.0,1.0,1.0,0.0,1.0,1.0,0.875
1756,23ab167e45e62295f,True,,,,,,,,,,1.0,0.0,1.0,1.0,1.0,1.0,1.0,1.0,0.0,0.0
1757,3cd90acbf3a318f94,True,,,,,,,,,,0.0,1.0,1.0,1.0,1.0,0.0,0.0,1.0,0.0,0.0
1758,4a5ea5d6a2735531c,True,,,,,,,,,,1.0,1.0,1.0,1.0,0.9656513852036659,1.0,0.0,1.0,1.0,0.8642660578761456
1759,78cbfd303e7f32efc,True,,,,,,,,,,1.0,1.0,1.0,1.0,1.0,1.0,0.0,1.0,1.0,0.875
1760,e9a53fb1b01539d71,True,,,,,,,,,,1.0,1.0,1.0,1.0,0.5003207627838329,1.0,0.0,1.0,1.0,0.7188502383699478
1761,e1d71fd16cbfaade9,True,,,,,,,,,,0.5,0.0,1.0,1.0,0.5950785464506215,0.0,1.0,1.0,1.0,0.0
1762,9a2c6392ddbd1a611,True,,,,,,,,,,1.0,1.0,1.0,1.0,0.8244224872462551,1.0,1.0,1.0,0.0,0.8201320272644548
1763,4bd3930751899054f,True,,,,,,,,,,1.0,1.0,1.0,1.0,0.7056487980452942,1.0,0.0,1.0,1.0,0.7830152493891545
1764,01b44b930266052c5,True,,,,,,,,,,1.0,1.0,1.0,1.0,0.8265531121343022,1.0,1.0,1.0,0.0,0.8207978475419695
1765,03765fd57aa87ab53,True,,,,,,,,,,1.0,1.0,1.0,1.0,0.3293025031194226,1.0,1.0,1.0,1.0,0.7904070322248196
1766,59223499b6e8a12d6,True,,,,,,,,,,1.0,1.0,0.5,1.0,1.0,1.0,0.0,1.0,0.0,0.375
1767,80ad340ede19df8b3,True,,,,,,,,,,1.0,0.0,0.0,1.0,1.0,1.0,0.0,0.0,0.0,0.0
1768,1d31047f2f32de9e1,True,,,,,,,,,,1.0,1.0,0.0,1.0,1.0,1.0,0.0,1.0,1.0,0.0
1769,ac7a491ea6609fc90,True,,,,,,,,,,1.0,1.0,0.5,1.0,0.8425018677100258,1.0,1.0,1.0,0.0,0.41289091682969153
1770,e8015a37a1ba3f7a3,True,,,,,,,,,,1.0,1.0,1.0,1.0,0.6731316817223946,1.0,1.0,1.0,0.0,0.7728536505382483
1771,e2a4ea3d760b37276,True,,,,,,,,,,1.0,1.0,1.0,1.0,0.6024376691412051,1.0,1.0,1.0,0.0,0.7507617716066266
1772,82b0238fb02f13548,True,,,,,,,,,,0.0,1.0,1.0,1.0,1.0,0.0,0.0,1.0,0.0,0.0
1773,6564712a0860d6518,True,,,,,,,,,,1.0,1.0,1.0,1.0,0.19387382390632643,0.0,0.0,1.0,0.0,0.185585569970727
1774,afcd4a859a99df309,True,,,,,,,,,,1.0,1.0,1.0,1.0,0.8589713395330664,1.0,1.0,1.0,1.0,0.9559285436040832
1775,7b53923d6ec4115f3,True,,,,,,,,,,1.0,0.0,0.0,1.0,1.0,1.0,0.0,1.0,1.0,0.0
1776,1f5d0fc347f539ce3,True,,,,,,,,,,0.0,0.0,1.0,1.0,1.0,0.0,0.0,1.0,0.0,0.0
1777,6d54d84f2aa7b99a8,True,,,,,,,,,,1.0,0.0,1.0,1.0,0.5702477120243465,1.0,1.0,1.0,0.0,0.0
1778,0c32d5324fdca8702,True,,,,,,,,,,1.0,1.0,1.0,1.0,0.842634337410842,1.0,1.0,1.0,1.0,0.9508232304408881
1779,86275551f43e6b105,True,,,,,,,,,,0.0,1.0,1.0,1.0,1.0,0.0,0.0,1.0,0.0,0.0
1780,72e532553b9a9b88d,True,,,,,,,,,,1.0,0.0,1.0,1.0,1.0,1.0,1.0,1.0,1.0,0.0
1781,bf39b618ccc33f36a,True,,,,,,,,,,1.0,1.0,1.0,1.0,0.7139547589539417,0.0,0.0,1.0,0.0,0.34811086217310677
1782,3e180f4a19fe95fc4,True,,,,,,,,,,1.0,1.0,1.0,1.0,0.8598537561622474,1.0,0.0,1.0,0.0,0.7062042988007022
1783,ea6b0110876910b22,True,,,,,,,,,,1.0,1.0,1.0,1.0,0.7537801737258357,1.0,1.0,1.0,1.0,0.9230563042893236
1784,e135d049b4587c212,True,,,,,,,,,,1.0,1.0,0.0,1.0,0.9051579037564976,1.0,0.0,1.0,1.0,0.0
1785,b52e19bdb170f1078,True,,,,,,,,,,1.0,1.0,1.0,1.0,0.4854957481207921,1.0,1.0,1.0,1.0,0.8392174212877476
1786,6492cabed87012413,True,,,,,,,,,,1.0,1.0,1.0,1.0,0.7128946394657673,1.0,0.0,1.0,1.0,0.7852795748330523
1787,1a04dd2fcf47b0404,True,,,,,,,,,,1.0,1.0,1.0,1.0,0.5832746173876593,1.0,1.0,1.0,0.0,0.7447733179336435
1788,ed038c1798a7006eb,True,,,,,,,,,,0.0,1.0,1.0,1.0,1.0,0.0,0.0,1.0,1.0,0.0
1789,adf39008de8774c39,True,,,,,,,,,,1.0,1.0,1.0,1.0,1.0,1.0,1.0,1.0,1.0,1.0
1790,68681651575ebbc90,True,,,,,,,,,,1.0,1.0,1.0,1.0,1.0,1.0,0.0,1.0,1.0,0.875
1791,c5566cb2cc7d0ff52,True,,,,,,,,,,1.0,1.0,1.0,1.0,0.1473524566819886,1.0,1.0,1.0,1.0,0.7335476427131215
1792,9bfb6e5100707e5d1,True,,,,,,,,,,1.0,1.0,1.0,1.0,0.8515188699412204,1.0,1.0,1.0,1.0,0.9535996468566313
1793,7b88d46ce71736357,True,,,,,,,,,,1.0,1.0,0.5,1.0,1.0,1.0,0.0,1.0,1.0,0.4375
1794,5f19a901791abf90c,True,,,,,,,,,,1.0,1.0,1.0,1.0,0.5927990676568211,1.0,0.0,1.0,0.0,0.6227497086427566
1795,7897a78a2a7b1d695,True,,,,,,,,,,1.0,1.0,1.0,1.0,0.9332042389074638,1.0,1.0,1.0,0.0,0.8541263246585824
1796,9add3630e04fe7c41,True,,,,,,,,,,1.0,0.0,1.0,1.0,1.0,0.0,1.0,1.0,1.0,0.0
1797,bd4cbb0e07c59ee69,True,,,,,,,,,,1.0,1.0,1.0,1.0,0.5475011730946281,1.0,0.0,1.0,0.0,0.6085941165920713
1798,213be589c1849a8ad,True,,,,,,,,,,1.0,0.0,0.5,1.0,1.0,1.0,0.0,1.0,0.0,0.0
1799,c77d4472e1ca73bd3,True,,,,,,,,,,1.0,1.0,1.0,0.0,1.0,1.0,0.0,1.0,0.0,0.0
1800,14fb3ae1207501c5b,True,,,,,,,,,,1.0,1.0,1.0,1.0,0.4760428385130507,1.0,1.0,1.0,1.0,0.8362633870353283
1801,76e0516677156bad8,True,,,,,,,,,,1.0,0.0,1.0,1.0,1.0,1.0,1.0,1.0,0.0,0.0
1802,1d5e8b5ded8ee3baf,True,,,,,,,,,,1.0,1.0,1.0,1.0,0.8262376915533138,1.0,1.0,1.0,1.0,0.9456992786104106
1803,13d3b12e20ec70ec5,True,,,,,,,,,,1.0,1.0,1.0,1.0,0.9440133941449654,1.0,1.0,1.0,0.0,0.8575041856703016
1804,e1275cf277c0a36c1,True,,,,,,,,,,1.0,1.0,0.0,1.0,0.8096036318461686,1.0,0.0,1.0,1.0,0.0
1805,8ff1eaec9e4ad790c,True,,,,,,,,,,1.0,1.0,1.0,1.0,0.8834627996827147,1.0,1.0,1.0,1.0,0.9635821249008483
1806,1fa4a4d07117f21ba,True,,,,,,,,,,1.0,1.0,1.0,1.0,0.807375876924465,0.0,1.0,1.0,1.0,0.6273049615388953
1807,6b7399dbbb307ddfb,True,,,,,,,,,,1.0,1.0,1.0,1.0,0.16514689610422237,1.0,1.0,1.0,1.0,0.7391084050325695
1808,003fad41549a954eb,True,,,,,,,,,,1.0,0.0,0.5,1.0,1.0,1.0,0.0,1.0,0.0,0.0
1809,587695426dcca63ae,True,,,,,,,,,,1.0,1.0,1.0,1.0,1.0,1.0,1.0,1.0,0.0,0.875
1810,5e35c45c67a83ec9a,True,,,,,,,,,,1.0,1.0,1.0,1.0,0.6673720488780105,1.0,1.0,1.0,1.0,0.8960537652743783
1811,9985c549514dec050,True,,,,,,,,,,1.0,1.0,0.5,1.0,1.0,1.0,0.0,1.0,0.0,0.375
1812,c71b26ad44d13d5a5,True,,,,,,,,,,0.0,1.0,1.0,1.0,1.0,0.0,1.0,1.0,1.0,0.0
1813,32a33652619708c65,True,,,,,,,,,,1.0,1.0,1.0,1.0,0.5179059104778284,1.0,0.0,1.0,0.0,0.5993455970243213
1814,9463bb4964cd37676,True,,,,,,,,,,1.0,1.0,1.0,1.0,0.9193246943450045,1.0,1.0,1.0,1.0,0.9747889669828139
1815,f047a65c1ef695e27,True,,,,,,,,,,1.0,1.0,1.0,1.0,0.8982650882502567,1.0,0.0,1.0,1.0,0.8432078400782053
1816,ce572306b1a6a0b96,True,,,,,,,,,,1.0,1.0,0.0,1.0,1.0,1.0,0.0,1.0,1.0,0.0
1817,6de62a830b05d683f,True,,,,,,,,,,1.0,0.0,1.0,1.0,1.0,1.0,0.0,1.0,1.0,0.0
1818,83162d3d6d41557e9,True,,,,,,,,,,0.0,1.0,1.0,1.0,1.0,0.0,0.0,1.0,1.0,0.0
1819,15755cd0249f8223a,True,,,,,,,,,,1.0,1.0,0.0,1.0,1.0,0.0,0.0,1.0,0.0,0.0
1820,dcb9f36fff6b09354,True,,,,,,,,,,1.0,1.0,1.0,1.0,0.8904647059307185,1.0,0.0,1.0,0.0,0.7157702206033495
1821,881878cfae4ce9953,True,,,,,,,,,,1.0,1.0,0.5,1.0,0.6608328946279309,1.0,1.0,1.0,1.0,0.4470051397856142
1822,c3e34d7de79504c8f,True,,,,,,,,,,1.0,0.0,1.0,1.0,1.0,1.0,1.0,1.0,1.0,0.0
1823,064dc83e13c6841b5,True,,,,,,,,,,1.0,1.0,0.0,1.0,0.8217488477916699,1.0,0.0,1.0,1.0,0.0
1824,c5c884265f0a69c51,True,,,,,,,,,,1.0,1.0,1.0,1.0,0.31350217674168573,1.0,0.0,1.0,1.0,0.6604694302317768
1825,581dff20c11d113e2,True,,,,,,,,,,1.0,1.0,1.0,1.0,0.8148363832596937,1.0,1.0,1.0,1.0,0.9421363697686542
1826,6e1dbb531aa7e9555,True,,,,,,,,,,1.0,0.0,1.0,1.0,0.5426561312327703,1.0,0.0,1.0,1.0,0.0
1827,ffa477be5c420e9a3,True,,,,,,,,,,1.0,0.0,1.0,1.0,0.7397175186129672,1.0,1.0,1.0,1.0,0.0
1828,1a764c92b4c5c5a8a,True,,,,,,,,,,0.0,1.0,1.0,1.0,0.9580055269213542,0.0,1.0,1.0,0.0,0.0
1829,6a7d426363539d6d7,True,,,,,,,,,,0.0,1.0,1.0,1.0,1.0,0.0,0.0,0.0,0.0,0.0
1830,94b6ffabace38c36f,True,,,,,,,,,,1.0,1.0,1.0,1.0,0.8468288002467678,1.0,0.0,1.0,0.0,0.7021340000771149
1831,814fa66e0a997a168,True,,,,,,,,,,0.0,0.0,0.0,1.0,1.0,0.0,0.0,1.0,0.0,0.0
1832,d241d7576360a6907,True,,,,,,,,,,1.0,1.0,1.0,1.0,1.0,1.0,0.0,1.0,0.0,0.75
1833,0b2a6af7c94670346,True,,,,,,,,,,1.0,1.0,0.0,1.0,1.0,1.0,0.0,1.0,1.0,0.0
1834,3dd919c5a93fd6754,True,,,,,,,,,,0.5,1.0,1.0,1.0,0.9339218126864631,0.0,1.0,1.0,1.0,0.33342528323225984
1835,c999a24e14bcd26f6,True,,,,,,,,,,1.0,1.0,1.0,1.0,0.827744597440566,1.0,1.0,1.0,1.0,0.9461701867001768
1836,ddbab6bc7b8883cc3,True,,,,,,,,,,1.0,1.0,1.0,1.0,0.746574710006706,0.0,1.0,1.0,0.0,0.48330459687709565
1837,233db9b81971aca2a,True,,,,,,,,,,1.0,1.0,1.0,1.0,0.5632127976657872,1.0,1.0,1.0,1.0,0.8635039992705585
1838,fd168a37bcc4550df,True,,,,,,,,,,1.0,1.0,1.0,1.0,1.0,1.0,0.0,1.0,0.0,0.75
1839,8add9070020c81cb2,True,,,,,,,,,,0.0,1.0,1.0,1.0,1.0,0.0,0.0,1.0,1.0,0.0
1840,29099b056d78d6ffb,True,,,,,,,,,,1.0,0.0,0.5,1.0,1.0,1.0,0.0,1.0,0.0,0.0
1841,569fb4f27fe2509f7,True,,,,,,,,,,1.0,1.0,1.0,1.0,0.48531227564151497,1.0,1.0,1.0,0.0,0.7141600861379734
1842,d9bbca7a0907304f1,True,,,,,,,,,,1.0,1.0,1.0,1.0,0.49382239793892824,1.0,0.0,1.0,1.0,0.716819499355915
1843,a40fbf3b2009b98da,True,,,,,,,,,,1.0,1.0,0.0,1.0,1.0,1.0,0.0,1.0,0.0,0.0
1844,d85f111a22572d5b1,True,,,,,,,,,,1.0,1.0,1.0,1.0,1.0,1.0,1.0,0.0,0.0,0.75
1845,f27131cc726cc7eb7,True,,,,,,,,,,1.0,1.0,1.0,1.0,0.3593722265390571,1.0,1.0,1.0,0.0,0.6748038207934554
1846,b7b7adbd3d2126b3f,True,,,,,,,,,,1.0,1.0,1.0,1.0,0.6560173610154288,1.0,1.0,1.0,1.0,0.8925054253173215
1847,e204182883d94ae66,True,,,,,,,,,,0.0,1.0,1.0,1.0,0.7897739449994928,0.0,0.0,1.0,0.0,0.0
1848,16f88a7f9c92243cb,True,,,,,,,,,,1.0,0.0,0.5,1.0,1.0,0.0,0.0,1.0,0.0,0.0
1849,bcdf9aeebdcada173,True,,,,,,,,,,1.0,1.0,1.0,1.0,0.9281119931979916,1.0,0.0,1.0,1.0,0.8525349978743724
1850,88685892fa01fcedf,True,,,,,,,,,,1.0,0.0,0.5,1.0,0.46370279629715544,1.0,0.0,1.0,0.0,0.0
1851,3d9b28f26222924ba,True,,,,,,,,,,0.0,1.0,1.0,1.0,1.0,0.0,0.0,1.0,0.0,0.0
1852,ec4a1a5062f088a0f,True,,,,,,,,,,1.0,1.0,1.0,1.0,1.0,1.0,1.0,1.0,1.0,1.0
1853,f822b7fedd599ccea,True,,,,,,,,,,1.0,0.0,1.0,1.0,1.0,1.0,0.0,1.0,0.0,0.0
1854,97878eb5ec064dcaf,True,,,,,,,,,,0.0,1.0,1.0,1.0,0.2493218862678687,0.0,0.0,1.0,0.0,0.0
1855,cd8ff4168df3741e2,True,,,,,,,,,,1.0,1.0,1.0,1.0,0.25939734965818,1.0,0.0,1.0,1.0,0.6435616717681812
1856,c481b1ded8232fa61,True,,,,,,,,,,1.0,1.0,1.0,1.0,0.6248927276164766,1.0,1.0,1.0,0.0,0.7577789773801489
1857,980cc797db6c51c02,True,,,,,,,,,,1.0,0.0,1.0,1.0,0.7094266540498771,1.0,0.0,1.0,0.0,0.0
1858,eb588d2e3b1e3409d,True,,,,,,,,,,1.0,1.0,1.0,1.0,0.9521512750366173,1.0,0.0,1.0,1.0,0.8600472734489429
1859,e0747e9a8b7b42be1,True,,,,,,,,,,1.0,1.0,1.0,1.0,0.7222039572972193,1.0,0.0,1.0,1.0,0.788188736655381
1860,1c9335961ee565478,True,,,,,,,,,,1.0,1.0,1.0,1.0,0.8061097584807818,1.0,1.0,1.0,0.0,0.8144092995252443
1861,b5be28ec54c28eea8,True,,,,,,,,,,1.0,1.0,0.0,1.0,1.0,1.0,0.0,1.0,1.0,0.0
1862,a9c58159eca823219,True,,,,,,,,,,1.0,0.0,1.0,1.0,1.0,1.0,1.0,1.0,1.0,0.0
1863,d3f900cebad176f8c,True,,,,,,,,,,0.0,1.0,0.5,1.0,1.0,0.0,0.0,1.0,1.0,0.0
1864,a7ac5526d9ab827a7,True,,,,,,,,,,1.0,1.0,1.0,1.0,1.0,1.0,1.0,1.0,1.0,1.0
1865,97f0dfb7f9039bcb2,True,,,,,,,,,,0.0,1.0,1.0,1.0,1.0,0.0,0.0,1.0,0.0,0.0
1866,4a16da9c6c03b5918,True,,,,,,,,,,1.0,1.0,1.0,1.0,0.2519429540750573,1.0,0.0,1.0,1.0,0.6412321731484554
1867,58bf2e385090a00e8,True,,,,,,,,,,1.0,1.0,1.0,1.0,0.5680913468888285,1.0,0.0,1.0,0.0,0.6150285459027589
1868,7d17bb3bdf0937570,True,,,,,,,,,,1.0,1.0,1.0,1.0,0.5994383522022853,1.0,1.0,1.0,0.0,0.7498244850632141
1869,f3ce063b49364f5ba,True,,,,,,,,,,1.0,1.0,1.0,1.0,0.16181200443271332,1.0,1.0,1.0,0.0,0.613066251385223
1870,fd21a94f937e1535f,True,,,,,,,,,,1.0,0.0,1.0,1.0,0.6085706106307986,1.0,1.0,1.0,1.0,0.0
1871,1909b0573a163be83,True,,,,,,,,,,1.0,1.0,1.0,1.0,0.40355147519795104,1.0,1.0,1.0,0.0,0.6886098359993598
1872,537f7c58a5c39bec7,True,,,,,,,,,,1.0,1.0,1.0,1.0,0.8416394832967034,1.0,0.0,1.0,1.0,0.8255123385302198
1873,875f6c89666fde397,True,,,,,,,,,,1.0,1.0,1.0,1.0,0.8103810629558987,1.0,1.0,1.0,1.0,0.9407440821737183
1874,f57b598a624e522c7,True,,,,,,,,,,1.0,1.0,1.0,1.0,0.3469574778906569,1.0,0.0,1.0,0.0,0.5459242118408303
1875,757e84df9c3c5f093,True,,,,,,,,,,1.0,0.0,0.5,1.0,1.0,1.0,0.0,1.0,0.0,0.0
1876,dfa9b874b33acc858,True,,,,,,,,,,1.0,0.0,1.0,1.0,0.7081539526257844,1.0,0.0,1.0,0.0,0.0
1877,0e55c21e09e86d8ba,True,,,,,,,,,,1.0,1.0,1.0,1.0,0.63415121925996,1.0,1.0,1.0,0.0,0.7606722560187376
1878,5f80678c8465899ca,True,,,,,,,,,,1.0,1.0,1.0,1.0,0.34835846791351865,1.0,0.0,1.0,0.0,0.5463620212229746
1879,058faf4c24ca33403,True,,,,,,,,,,1.0,1.0,1.0,1.0,0.2660098514863124,1.0,1.0,1.0,1.0,0.7706280785894726
1880,2afbbdc8bf9e5efe2,True,,,,,,,,,,0.0,1.0,1.0,1.0,1.0,0.0,0.0,1.0,1.0,0.0
1881,4479be8eef64a3460,True,,,,,,,,,,1.0,1.0,1.0,1.0,0.14438425008580622,1.0,1.0,1.0,1.0,0.7326200781518144
1882,589cc001fa920c158,True,,,,,,,,,,0.0,1.0,0.0,1.0,1.0,0.0,0.0,1.0,1.0,0.0
1883,dbf2ff6fc16bf1dbf,True,,,,,,,,,,1.0,1.0,1.0,1.0,0.7476353301711187,1.0,1.0,1.0,1.0,0.9211360406784745
1884,dd5013a89e336b685,True,,,,,,,,,,1.0,0.0,0.5,1.0,1.0,1.0,0.0,1.0,0.0,0.0
1885,a557acb1f1d4211d2,True,,,,,,,,,,1.0,1.0,1.0,1.0,0.7463585441932472,1.0,0.0,1.0,1.0,0.7957370450603898
1886,fd0901032c45b4e62,True,,,,,,,,,,1.0,1.0,1.0,1.0,0.262952542982978,1.0,1.0,1.0,1.0,0.7696726696821806
1887,9f1e97dfb6a8d6a6e,True,,,,,,,,,,1.0,1.0,1.0,1.0,0.9233695477416224,1.0,1.0,1.0,1.0,0.976052983669257
1888,b1914ef64d65f8786,True,,,,,,,,,,1.0,1.0,1.0,1.0,0.26380420171413166,1.0,1.0,1.0,1.0,0.7699388130356661
1889,04d2f35c7f6db137f,True,,,,,,,,,,1.0,1.0,1.0,1.0,0.49988929791174996,0.0,1.0,1.0,1.0,0.5312154055974219
1890,b6eff4db462e0b665,True,,,,,,,,,,1.0,1.0,1.0,1.0,0.907895432471672,1.0,1.0,1.0,0.0,0.8462173226473975
1891,e320a3747ddfe4a53,True,,,,,,,,,,1.0,0.0,0.5,1.0,0.5950721632359817,1.0,0.0,1.0,1.0,0.0
1892,fbaef0dd45ccf2413,True,,,,,,,,,,1.0,0.0,1.0,1.0,0.78552720703007,1.0,1.0,1.0,1.0,0.0
1893,aaf5db378e5bb4caa,True,,,,,,,,,,1.0,0.0,0.5,1.0,1.0,1.0,0.0,1.0,1.0,0.0
1894,412fcdb7f8f144443,True,,,,,,,,,,1.0,1.0,1.0,1.0,1.0,1.0,1.0,1.0,1.0,1.0
1895,0225e9a16d781eb96,True,,,,,,,,,,0.0,1.0,0.0,1.0,1.0,0.0,0.0,1.0,1.0,0.0
1896,23b5ec16bb6ad0b92,True,,,,,,,,,,1.0,1.0,1.0,1.0,1.0,1.0,1.0,1.0,0.0,0.875
1897,f3c4213c78f53fa5d,True,,,,,,,,,,1.0,0.0,1.0,1.0,0.9983681948849328,1.0,0.0,1.0,1.0,0.0
1898,5ca342ee0bfdecb05,True,,,,,,,,,,1.0,1.0,1.0,1.0,1.0,1.0,1.0,1.0,1.0,1.0
1899,def4466c6854eed10,True,,,,,,,,,,0.0,1.0,1.0,1.0,1.0,0.0,0.0,1.0,0.0,0.0
1900,6f8cba85e3f6cd0d4,True,,,,,,,,,,1.0,1.0,0.5,1.0,1.0,1.0,0.0,1.0,1.0,0.4375
1901,c95875cdc20edcb2a,True,,,,,,,,,,1.0,1.0,0.0,1.0,0.6998927977737626,1.0,0.0,1.0,0.0,0.0
1902,d748c74cc9549b8fe,True,,,,,,,,,,1.0,1.0,1.0,1.0,0.3952602607641244,1.0,1.0,1.0,1.0,0.811018831488789
1903,4e24a469af52b2b29,True,,,,,,,,,,1.0,0.0,1.0,1.0,0.3968696376892956,1.0,0.0,1.0,1.0,0.0
1904,5922fad17f2f5e59f,True,,,,,,,,,,0.0,1.0,0.0,1.0,1.0,0.0,0.0,1.0,0.0,0.0
1905,a4512ee0b8d11026d,True,,,,,,,,,,1.0,0.0,1.0,1.0,0.4998042561659768,1.0,1.0,1.0,0.0,0.0
1906,fe05597461d3229f2,True,,,,,,,,,,1.0,0.0,1.0,1.0,0.4364277054753132,1.0,1.0,1.0,1.0,0.0
1907,2b296dc7b6be46a34,True,,,,,,,,,,1.0,0.0,0.5,1.0,1.0,1.0,0.0,1.0,0.0,0.0
1908,3c99b1ada8877591e,True,,,,,,,,,,1.0,1.0,1.0,1.0,1.0,1.0,1.0,1.0,1.0,1.0
1909,fb84b929b3de63176,True,,,,,,,,,,1.0,1.0,1.0,1.0,0.33428248680146294,1.0,0.0,1.0,1.0,0.6669632771254572
1910,d684c7c8d5a53f7d2,True,,,,,,,,,,1.0,1.0,1.0,1.0,0.12937344078282584,1.0,0.0,1.0,1.0,0.6029292002446331
1911,a8066d7e843deda8f,True,,,,,,,,,,1.0,1.0,1.0,1.0,0.6986200323194083,1.0,1.0,1.0,0.0,0.7808187600998151
1912,68f17e6223ed08ff9,True,,,,,,,,,,1.0,1.0,0.5,1.0,1.0,1.0,0.0,1.0,0.0,0.375
1913,b96ce0efca7101f74,True,,,,,,,,,,1.0,0.0,1.0,1.0,0.4034456086738528,1.0,0.0,1.0,1.0,0.0
1914,ea96a137518d58ac9,True,,,,,,,,,,1.0,1.0,1.0,1.0,1.0,1.0,1.0,1.0,1.0,1.0
1915,dd7c29b15f5cef89c,True,,,,,,,,,,1.0,1.0,1.0,1.0,0.8144194088485065,1.0,0.0,1.0,1.0,0.8170060652651583
1916,3adb9fc78ee100b06,True,,,,,,,,,,1.0,0.0,1.0,1.0,1.0,1.0,0.0,1.0,1.0,0.0
1917,13ec6e28d3c1a20c1,True,,,,,,,,,,0.0,1.0,1.0,1.0,1.0,0.0,0.0,1.0,1.0,0.0
1918,ad43e2b3ade61b59c,True,,,,,,,,,,1.0,1.0,1.0,1.0,0.333986371615091,1.0,0.0,1.0,1.0,0.6668707411297159
1919,7b53b50d5b5c3a0e4,True,,,,,,,,,,1.0,1.0,1.0,1.0,0.595429355448842,1.0,1.0,1.0,0.0,0.7485716735777631
1920,62dc7352b73b8635d,True,,,,,,,,,,1.0,0.0,1.0,1.0,1.0,1.0,1.0,1.0,0.0,0.0
1921,65b5a6fd57eb4ffb9,True,,,,,,,,,,1.0,1.0,1.0,1.0,1.0,1.0,0.0,1.0,1.0,0.875
1922,3fc80f9e72ac43027,True,,,,,,,,,,1.0,0.0,1.0,1.0,0.5064147856130943,1.0,0.0,1.0,0.0,0.0
1923,db81ab220d6667266,True,,,,,,,,,,0.0,1.0,1.0,1.0,0.6164327086939623,0.0,0.0,1.0,0.0,0.0
1924,403fbd9b66d2c8d5f,True,,,,,,,,,,1.0,0.0,0.0,1.0,1.0,1.0,0.0,1.0,0.0,0.0
1925,028df71b1e849619c,True,,,,,,,,,,1.0,1.0,1.0,1.0,1.0,1.0,1.0,1.0,1.0,1.0
1926,f573807ec3756dc53,True,,,,,,,,,,1.0,0.0,1.0,1.0,0.8067837722663511,1.0,1.0,1.0,1.0,0.0
1927,294d19afced5a7af8,True,,,,,,,,,,1.0,1.0,1.0,1.0,0.3891754839127216,1.0,1.0,1.0,1.0,0.8091173387227255
1928,cad1816ad074ec87f,True,,,,,,,,,,1.0,1.0,1.0,1.0,0.7895146663815412,1.0,1.0,1.0,0.0,0.8092233332442316
1929,0437e4fe123ba7e19,True,,,,,,,,,,1.0,1.0,1.0,1.0,0.683882908106779,1.0,1.0,1.0,1.0,0.9012134087833684
1930,b8adc6e76a36fd705,True,,,,,,,,,,1.0,1.0,0.0,1.0,0.812294002659766,1.0,0.0,1.0,0.0,0.0
1931,fb83d9aa77ed50be0,True,,,,,,,,,,1.0,1.0,1.0,1.0,1.0,1.0,1.0,1.0,0.0,0.875
1932,d6cfdfbe6733111b7,True,,,,,,,,,,1.0,1.0,1.0,1.0,1.0,1.0,0.0,1.0,1.0,0.875
1933,daa10fc178dc83dfb,True,,,,,,,,,,1.0,0.0,1.0,1.0,1.0,1.0,0.0,1.0,1.0,0.0
1934,ce907a202ee6095c1,True,,,,,,,,,,1.0,1.0,1.0,1.0,0.6850231020775893,1.0,1.0,1.0,0.0,0.7765697193992467
1935,a1cb215dcdc186fb1,True,,,,,,,,,,1.0,0.0,1.0,1.0,0.4551665715197054,1.0,1.0,1.0,1.0,0.0
1936,61261a713792f46b2,True,,,,,,,,,,1.0,1.0,1.0,1.0,0.5426715656284811,1.0,0.0,1.0,1.0,0.7320848642589004
1937,c855eb02dea11b02e,True,,,,,,,,,,1.0,1.0,0.0,1.0,1.0,1.0,0.0,1.0,0.0,0.0
1938,4bcb003422a19ae9a,True,,,,,,,,,,1.0,0.0,0.5,1.0,1.0,1.0,0.0,1.0,1.0,0.0
1939,c8d8656019a0cad0e,True,,,,,,,,,,1.0,1.0,1.0,1.0,0.809993834393737,1.0,1.0,1.0,1.0,0.9406230732480427
1940,c6c58dc45bd1123e3,True,,,,,,,,,,1.0,1.0,1.0,1.0,0.480233820644736,1.0,1.0,1.0,1.0,0.83757306895148
1941,2bdf702f467e5cdf1,True,,,,,,,,,,1.0,1.0,1.0,1.0,0.28154670074124893,1.0,0.0,1.0,1.0,0.6504833439816403
1942,7e80b831e8ff5883f,True,,,,,,,,,,1.0,0.0,0.0,1.0,1.0,1.0,0.0,1.0,1.0,0.0
1943,9aabc1816bfcdd63e,True,,,,,,,,,,1.0,1.0,1.0,1.0,0.7200265910503455,1.0,0.0,1.0,1.0,0.7875083097032329
1944,f42ba561b2c6f684a,True,,,,,,,,,,1.0,1.0,1.0,1.0,0.8309499122774977,1.0,1.0,1.0,0.0,0.822171847586718
1945,2d73739d94bdfb12e,True,,,,,,,,,,0.0,1.0,1.0,1.0,1.0,0.0,0.0,1.0,0.0,0.0
1946,32b8d38d96342e28b,True,,,,,,,,,,1.0,1.0,1.0,1.0,0.7073354485778975,1.0,1.0,1.0,0.0,0.783542327680593
1947,e03ef0605d72ffd1a,True,,,,,,,,,,1.0,1.0,1.0,1.0,0.4194576102541717,1.0,1.0,1.0,0.0,0.6935805032044287
1948,9abae68cd6e25c030,True,,,,,,,,,,1.0,1.0,1.0,1.0,0.7382921833244549,1.0,1.0,1.0,0.0,0.7932163072888921
1949,dec0b3a34c3d245fd,True,,,,,,,,,,1.0,1.0,1.0,1.0,0.8094721466467776,1.0,0.0,1.0,1.0,0.815460045827118
1950,98dc40005346d2d4e,True,,,,,,,,,,1.0,1.0,1.0,1.0,0.6100618064530853,1.0,0.0,1.0,0.0,0.6281443145165891
1951,40a1b839fda812527,True,,,,,,,,,,1.0,0.0,1.0,1.0,1.0,1.0,1.0,1.0,0.0,0.0
1952,1bb0ace72a38d2201,True,,,,,,,,,,1.0,0.0,1.0,1.0,0.47875199352239717,1.0,1.0,1.0,1.0,0.0
1953,d02177dc313467bf7,True,,,,,,,,,,1.0,0.0,0.0,1.0,1.0,1.0,0.0,1.0,0.0,0.0
1954,a8b0718f4ba8367ac,True,,,,,,,,,,1.0,0.0,1.0,1.0,0.6840820820798933,1.0,1.0,1.0,0.0,0.0
1955,b5927d9f04e5f04d4,True,,,,,,,,,,1.0,1.0,1.0,1.0,0.598686103618024,1.0,1.0,1.0,0.0,0.7495894073806325
1956,8776bb6a2a0edef8e,True,,,,,,,,,,1.0,1.0,1.0,1.0,0.31173814085143864,1.0,0.0,1.0,1.0,0.6599181690160746
1957,fa8d78f84cd8b7f8c,True,,,,,,,,,,1.0,1.0,1.0,1.0,0.648457342930187,1.0,0.0,1.0,0.0,0.6401429196656834
1958,e4b33d7affe423d8f,True,,,,,,,,,,1.0,1.0,1.0,1.0,1.0,1.0,1.0,1.0,0.0,0.875
1959,3e0e221b32c026dc2,True,,,,,,,,,,1.0,0.0,0.0,1.0,1.0,1.0,0.0,1.0,1.0,0.0
1960,567b7524457bc9d98,True,,,,,,,,,,1.0,0.0,1.0,1.0,0.48017474950654593,1.0,1.0,1.0,1.0,0.0
1961,19590a52744c02e94,True,,,,,,,,,,1.0,1.0,1.0,1.0,0.9472434793949384,1.0,1.0,1.0,1.0,0.9835135873109182
1962,e1cc25220fa30adcd,True,,,,,,,,,,1.0,1.0,1.0,1.0,0.4913934941448951,1.0,0.0,1.0,1.0,0.7160604669202797
1963,1ce076a3d8049e0e4,True,,,,,,,,,,1.0,1.0,1.0,1.0,0.21228202541804694,1.0,0.0,1.0,0.0,0.5038381329431396
1964,9ce715dfae40ca8c0,True,,,,,,,,,,1.0,0.0,1.0,1.0,0.9143942334459642,1.0,0.0,1.0,1.0,0.0
1965,5fb91cdf13ec612c5,True,,,,,,,,,,1.0,1.0,1.0,1.0,0.7580142569203216,1.0,0.0,1.0,1.0,0.7993794552876006
1966,11b6577b5cc201594,True,,,,,,,,,,0.0,1.0,1.0,1.0,1.0,0.0,1.0,1.0,1.0,0.0
1967,dd091b9e715ca6370,True,,,,,,,,,,0.0,1.0,1.0,1.0,0.5415575357733539,0.0,0.0,1.0,1.0,0.0
1968,0db32b98281c2454b,True,,,,,,,,,,1.0,1.0,1.0,1.0,0.7152642173651813,1.0,1.0,1.0,1.0,0.9110200679266192
1969,30efc6f9cfe338bb8,True,,,,,,,,,,1.0,0.0,0.0,1.0,1.0,1.0,0.0,1.0,1.0,0.0
1970,f1ba8705833975e6b,True,,,,,,,,,,1.0,1.0,1.0,1.0,1.0,1.0,1.0,1.0,0.0,0.875
1971,153383cdbca3694c0,True,,,,,,,,,,1.0,1.0,1.0,1.0,0.33056004296775454,1.0,1.0,1.0,1.0,0.7908000134274233
1972,2e0773dd81838320f,True,,,,,,,,,,1.0,1.0,1.0,1.0,0.839979511969953,1.0,0.0,1.0,1.0,0.8249935974906103
1973,9eba308c132370234,True,,,,,,,,,,1.0,1.0,1.0,1.0,0.5948122848789154,1.0,0.0,1.0,1.0,0.7483788390246611
1974,11faa3428ed91e426,True,,,,,,,,,,1.0,1.0,0.0,1.0,1.0,1.0,0.0,1.0,0.0,0.0
1975,da2b9a69d4322c6e8,True,,,,,,,,,,1.0,1.0,1.0,1.0,0.5058956650943128,1.0,1.0,1.0,1.0,0.8455923953419727
1976,d5cbf126369d32fdf,True,,,,,,,,,,1.0,0.0,1.0,1.0,1.0,1.0,1.0,1.0,0.0,0.0
1977,97e73edb0ec984db5,True,,,,,,,,,,0.0,1.0,1.0,1.0,1.0,0.0,1.0,1.0,1.0,0.0
1978,de3ab8b6981c3e632,True,,,,,,,,,,1.0,1.0,1.0,1.0,0.39772371120537464,1.0,1.0,1.0,1.0,0.8117886597516796
1979,557e221eea6bbdd42,True,,,,,,,,,,1.0,1.0,1.0,1.0,0.5844439382965259,1.0,1.0,1.0,1.0,0.8701387307176643
1980,146060978cf746557,True,,,,,,,,,,1.0,1.0,1.0,1.0,0.7851458990987545,1.0,1.0,1.0,0.0,0.8078580934683608
1981,0be67c62d046cc4b1,True,,,,,,,,,,1.0,1.0,0.5,1.0,1.0,1.0,0.0,1.0,1.0,0.4375
1982,d253a5d864e95f8d2,True,,,,,,,,,,1.0,1.0,1.0,1.0,0.2792430682190445,1.0,0.0,1.0,1.0,0.6497634588184514
1983,bafac7b272b09ff2d,True,,,,,,,,,,1.0,1.0,1.0,1.0,0.33953960976431935,1.0,1.0,1.0,0.0,0.6686061280513498
1984,b5d691e56539e289e,True,,,,,,,,,,1.0,1.0,1.0,1.0,0.37972464267996403,1.0,1.0,1.0,1.0,0.8061639508374887
1985,45eccc47d6cb959e7,True,,,,,,,,,,1.0,1.0,1.0,1.0,0.2787794177472972,1.0,1.0,1.0,1.0,0.7746185680460304
1986,655169c8955ef778b,True,,,,,,,,,,1.0,1.0,1.0,1.0,1.0,1.0,1.0,1.0,1.0,1.0
1987,336d890ca14e2aab5,True,,,,,,,,,,1.0,1.0,1.0,1.0,0.4052418678927168,1.0,1.0,0.0,0.0,0.564138083716474
1988,7d08b706a7adba557,True,,,,,,,,,,1.0,1.0,1.0,1.0,0.7678960445175304,1.0,0.0,1.0,1.0,0.8024675139117282
1989,2e14fecb99657b5f6,True,,,,,,,,,,1.0,1.0,1.0,1.0,0.8434832288608631,1.0,1.0,1.0,1.0,0.9510885090190198
1990,b23bdeea5132cf7af,True,,,,,,,,,,1.0,1.0,1.0,1.0,0.7905924056831615,1.0,0.0,1.0,0.0,0.684560126775988
1991,dad71058266c1b1e8,True,,,,,,,,,,1.0,1.0,1.0,1.0,0.5223153900201096,1.0,1.0,1.0,1.0,0.8507235593812843
1992,de1d1d3fbf4860a8c,True,,,,,,,,,,0.0,1.0,0.0,1.0,1.0,0.0,0.0,1.0,1.0,0.0
1993,7db6e4bbd119fd8c7,True,,,,,,,,,,1.0,1.0,0.0,1.0,0.7604439811382834,1.0,0.0,1.0,1.0,0.0
1994,83d2191f456a3fa85,True,,,,,,,,,,1.0,1.0,1.0,1.0,0.7590192249867149,1.0,1.0,1.0,0.0,0.7996935078083485
1995,b9cbb58cb1e1b0dee,True,,,,,,,,,,1.0,1.0,1.0,1.0,0.38548844071705796,1.0,1.0,1.0,1.0,0.8079651377240806
1996,972be27c6916c8ef1,True,,,,,,,,,,0.0,0.0,1.0,1.0,1.0,0.0,1.0,1.0,0.0,0.0
1997,e19b34f93116cdb17,True,,,,,,,,,,1.0,1.0,1.0,1.0,1.0,1.0,1.0,1.0,1.0,1.0
1998,92454a3fd96f7dc58,True,,,,,,,,,,1.0,0.0,1.0,1.0,1.0,1.0,1.0,1.0,0.0,0.0
1999,01529344a0b068d88,True,,,,,,,,,,1.0,1.0,1.0,1.0,0.3772877594554678,1.0,1.0,1.0,0.0,0.6804024248298337
2000,1045550ffaa740987,True,,,,,,,,,,0.0,1.0,1.0,1.0,0.8113722669955038,0.0,1.0,1.0,1.0,0.0
2001,b178cd8e12d552cb7,True,,,,,,,,,,1.0,1.0,1.0,1.0,0.2935011764416886,1.0,0.0,1.0,0.0,0.5292191176380276
2002,66f2ad1b5f1ca119d,True,,,,,,,,,,1.0,1.0,1.0,1.0,0.8908451611013751,1.0,0.0,1.0,0.0,0.7158891128441798
2003,47fc4c6fd21e44379,True,,,,,,,,,,1.0,1.0,1.0,1.0,0.4942749744879856,1.0,1.0,1.0,0.0,0.7169609295274955
2004,e2e0472858fa4a63e,True,,,,,,,,,,1.0,1.0,1.0,1.0,0.5788775167819552,1.0,0.0,1.0,0.0,0.618399223994361
2005,d8696cab0b29dcbba,True,,,,,,,,,,1.0,1.0,0.5,1.0,1.0,1.0,0.0,1.0,0.0,0.375
2006,5dba5a1d4aea8c679,True,,,,,,,,,,1.0,1.0,1.0,1.0,0.5726732696924285,1.0,0.0,1.0,1.0,0.7414603967788839
2007,d8bd07f4fcdcdc313,True,,,,,,,,,,1.0,0.0,1.0,1.0,0.5066223008215276,1.0,1.0,1.0,0.0,0.0
2008,981f8d9ddc9472041,True,,,,,,,,,,1.0,0.0,1.0,1.0,1.0,1.0,0.0,1.0,0.0,0.0
2009,a677f3956eddc7eac,True,,,,,,,,,,1.0,1.0,0.0,1.0,0.8316134631311372,1.0,0.0,1.0,0.0,0.0
2010,a4f24e691930789eb,True,,,,,,,,,,1.0,1.0,1.0,1.0,1.0,1.0,1.0,1.0,1.0,1.0
2011,2445e4f4ae3f0fc04,True,,,,,,,,,,1.0,1.0,1.0,1.0,1.0,1.0,0.0,1.0,1.0,0.875
2012,8c29c71f168e21bbd,True,,,,,,,,,,1.0,1.0,1.0,1.0,1.0,1.0,1.0,1.0,0.0,0.875
2013,18cf30de794bcf3f5,True,,,,,,,,,,1.0,1.0,1.0,1.0,1.0,1.0,0.0,1.0,1.0,0.875
2014,1ea06c577a84beafb,True,,,,,,,,,,1.0,1.0,1.0,1.0,0.3364122926427419,1.0,1.0,1.0,1.0,0.7926288414508569
2015,5c732851fcda6c88c,True,,,,,,,,,,1.0,1.0,0.5,1.0,0.5148787930053452,1.0,0.0,1.0,0.0,0.2991998114070852
2016,f836208030ee5d621,True,,,,,,,,,,1.0,1.0,0.0,1.0,1.0,0.0,0.0,1.0,0.0,0.0
2017,90a368abf1e231f06,True,,,,,,,,,,1.0,0.0,1.0,1.0,0.5513461187658942,1.0,1.0,1.0,1.0,0.0
2018,e1181167f5c790340,True,,,,,,,,,,1.0,1.0,1.0,1.0,0.7528806141621438,1.0,1.0,1.0,1.0,0.9227751919256699
2019,0f261a9f083cf0d25,True,,,,,,,,,,1.0,1.0,1.0,1.0,0.8154567232040991,1.0,1.0,1.0,0.0,0.8173302260012809
2020,1c53867c6f662be8f,True,,,,,,,,,,1.0,1.0,0.0,1.0,1.0,1.0,0.0,1.0,1.0,0.0
2021,34b9989a51da95af0,True,,,,,,,,,,1.0,1.0,1.0,1.0,0.8673109134950272,1.0,0.0,1.0,0.0,0.708534660467196
2022,c598788caa8a8109f,True,,,,,,,,,,1.0,1.0,0.5,1.0,0.8856440385988924,1.0,1.0,1.0,0.0,0.41963188103107696
2023,a82a0dff42f2a74f1,True,,,,,,,,,,1.0,1.0,1.0,1.0,0.6607782677885566,1.0,1.0,0.0,1.0,0.768993208683924
2024,5d4aa32c37f581673,True,,,,,,,,,,0.5,1.0,1.0,1.0,1.0,0.0,0.0,1.0,0.0,0.21875
2025,1aba878032e3e7e6d,True,,,,,,,,,,0.0,0.0,1.0,1.0,0.7159228473993015,0.0,1.0,1.0,1.0,0.0
2026,737a6728f5f065a24,True,,,,,,,,,,1.0,1.0,1.0,1.0,0.0648062381778709,1.0,0.0,1.0,1.0,0.5827519494305846
2027,53667f0557981798d,True,,,,,,,,,,1.0,1.0,0.0,1.0,0.8134649020607859,1.0,0.0,1.0,1.0,0.0
2028,544fd2c725ea1a878,True,,,,,,,,,,1.0,1.0,1.0,1.0,0.8569457404109763,1.0,1.0,1.0,1.0,0.9552955438784301
2029,4d59b2a4c64101d41,True,,,,,,,,,,0.0,1.0,1.0,1.0,0.8911053504418698,0.0,1.0,1.0,1.0,0.0
2030,1924f6d5f33633039,True,,,,,,,,,,1.0,1.0,1.0,1.0,0.8419512149087921,1.0,0.0,1.0,0.0,0.7006097546589976
2031,de3881c003667e53e,True,,,,,,,,,,1.0,1.0,1.0,1.0,1.0,1.0,0.0,1.0,1.0,0.875
2032,246f9bdfe24441b91,True,,,,,,,,,,0.0,1.0,1.0,1.0,1.0,0.0,0.0,1.0,0.0,0.0
2033,5e9e3c88e21f7a346,True,,,,,,,,,,1.0,0.0,1.0,1.0,1.0,1.0,1.0,1.0,0.0,0.0
2034,fba5b4aa043d4c14b,True,,,,,,,,,,0.0,0.0,1.0,1.0,1.0,0.0,1.0,1.0,0.0,0.0
2035,524162acddc61c61a,True,,,,,,,,,,0.5,0.0,1.0,1.0,1.0,0.0,0.0,1.0,1.0,0.0
2036,9852fe25aea4c5db3,True,,,,,,,,,,1.0,0.0,1.0,1.0,0.8236383961168999,1.0,0.0,1.0,0.0,0.0
2037,c3d36eb7fd24a9ca2,True,,,,,,,,,,1.0,0.0,1.0,1.0,0.7817969963784474,0.0,0.0,1.0,1.0,0.0
2038,3b8447bf8c7f49917,True,,,,,,,,,,1.0,0.0,0.0,1.0,1.0,1.0,1.0,1.0,1.0,0.0
2039,e837d678b75d5da6f,True,,,,,,,,,,1.0,1.0,1.0,1.0,0.4690152222676798,1.0,0.0,1.0,1.0,0.7090672569586499
2040,6fea2b47f85b2b5c3,True,,,,,,,,,,1.0,1.0,1.0,1.0,0.8548351441866219,1.0,1.0,1.0,0.0,0.8296359825583193
2041,eb818e242c63c7f20,True,,,,,,,,,,1.0,1.0,1.0,1.0,0.33849957632368016,1.0,1.0,1.0,1.0,0.79328111760115
2042,c1971860f95cbc9ac,True,,,,,,,,,,1.0,1.0,1.0,1.0,0.8459367698450305,1.0,1.0,1.0,1.0,0.9518552405765721
2043,6b41ad5e55b0662fc,True,,,,,,,,,,1.0,1.0,1.0,1.0,0.4854957481207921,1.0,1.0,1.0,1.0,0.8392174212877476
2044,4850e4897804c7f1a,True,,,,,,,,,,1.0,1.0,1.0,1.0,0.8403210055010053,1.0,0.0,1.0,1.0,0.8251003142190642
2045,e02f0131e55e31509,True,,,,,,,,,,0.0,1.0,1.0,1.0,1.0,0.0,1.0,1.0,0.0,0.0
2046,9f30b4f8547cd991f,True,,,,,,,,,,0.0,1.0,1.0,0.0,1.0,0.0,1.0,1.0,0.0,0.0
2047,fa5f831bdaa6b6167,True,,,,,,,,,,1.0,1.0,0.5,1.0,1.0,1.0,0.0,1.0,0.0,0.375
2048,664a5c4af31581693,True,,,,,,,,,,1.0,1.0,1.0,1.0,0.8097954579051656,1.0,0.0,1.0,1.0,0.8155610805953643
2049,b757155200a7aea72,True,,,,,,,,,,1.0,0.0,1.0,1.0,1.0,0.0,0.0,1.0,0.0,0.0
2050,394d8ba443460b0bf,True,,,,,,,,,,1.0,1.0,1.0,1.0,0.40953698098920677,1.0,1.0,1.0,0.0,0.6904803065591272
2051,ddb08f9eb92516246,True,,,,,,,,,,1.0,1.0,0.5,1.0,0.6764144287383177,1.0,1.0,1.0,1.0,0.4494397544903621
2052,a4dff43b479ee5041,True,,,,,,,,,,1.0,1.0,0.0,1.0,1.0,1.0,0.0,1.0,1.0,0.0
2053,d5e47bbb90de1d48f,True,,,,,,,,,,1.0,0.0,0.5,1.0,1.0,1.0,0.0,1.0,0.0,0.0
2054,88805cefd139114f5,True,,,,,,,,,,0.0,1.0,1.0,1.0,1.0,0.0,0.0,1.0,1.0,0.0
2055,6f13146a94fc09b32,True,,,,,,,,,,1.0,1.0,0.5,1.0,0.673940520202787,1.0,0.0,1.0,0.0,0.3240532062816855
2056,cbb71f7b0aeef65da,True,,,,,,,,,,1.0,1.0,1.0,1.0,0.6312797434980176,1.0,0.0,1.0,0.0,0.6347749198431305
2057,05ca5a62ce0754a30,True,,,,,,,,,,1.0,1.0,0.0,1.0,0.8324209579358441,1.0,0.0,1.0,0.0,0.0
2058,db8ce7c16bd7a04ef,True,,,,,,,,,,1.0,1.0,1.0,1.0,0.5948464461549523,1.0,1.0,1.0,1.0,0.8733895144234226
2059,c9a52fd56ee7c5ee5,True,,,,,,,,,,1.0,1.0,1.0,1.0,1.0,1.0,1.0,1.0,0.0,0.875
2060,81e6ca0e63a415859,True,,,,,,,,,,1.0,1.0,1.0,1.0,1.0,1.0,0.0,1.0,1.0,0.875
2061,35af9247ec4aef73d,True,,,,,,,,,,1.0,1.0,1.0,1.0,0.8401726008518409,1.0,1.0,1.0,1.0,0.9500539377662003
2062,e2156f59b76e7c195,True,,,,,,,,,,1.0,1.0,1.0,1.0,0.32463406596768285,1.0,1.0,1.0,1.0,0.7889481456149009
2063,1f06c169ad7123eab,True,,,,,,,,,,0.0,1.0,1.0,1.0,1.0,0.0,0.0,1.0,1.0,0.0
2064,36a59107f58b13a57,True,,,,,,,,,,1.0,1.0,1.0,1.0,0.5944283308865155,1.0,0.0,1.0,1.0,0.748258853402036
2065,83dc61b75efe5e09e,True,,,,,,,,,,1.0,1.0,1.0,1.0,1.0,1.0,1.0,1.0,1.0,1.0
2066,a874b5928d421efad,True,,,,,,,,,,1.0,1.0,1.0,1.0,0.4634627648561764,1.0,1.0,1.0,1.0,0.8323321140175551
2067,0a1cec4bdc1f7ba66,True,,,,,,,,,,1.0,1.0,1.0,1.0,1.0,1.0,0.0,1.0,1.0,0.875
2068,989f4b8f1e6bddc26,True,,,,,,,,,,1.0,1.0,1.0,1.0,0.4323665330715195,1.0,1.0,1.0,1.0,0.8226145415848498
2069,2d8eeec7c41db723f,True,,,,,,,,,,1.0,1.0,1.0,1.0,1.0,0.0,1.0,1.0,0.0,0.5625
2070,c3200abf96a354efa,True,,,,,,,,,,1.0,0.0,1.0,1.0,0.2798149419374768,1.0,1.0,1.0,1.0,0.0
2071,03e37daebfce2fb65,True,,,,,,,,,,0.5,1.0,1.0,1.0,1.0,0.0,1.0,1.0,0.0,0.28125
2072,0cd9ea86052a0b8e1,True,,,,,,,,,,1.0,1.0,1.0,1.0,0.6470688305045603,1.0,1.0,1.0,1.0,0.8897090095326751
2073,b9297371e1c1fc881,True,,,,,,,,,,1.0,1.0,1.0,1.0,1.0,1.0,0.0,1.0,1.0,0.875
2074,802f2dcbc798db1bd,True,,,,,,,,,,1.0,0.0,0.5,1.0,1.0,1.0,0.0,1.0,1.0,0.0
2075,765b429e21230f949,True,,,,,,,,,,1.0,0.0,1.0,1.0,0.5062999057434909,1.0,1.0,1.0,1.0,0.0
2076,b94470389611028aa,True,,,,,,,,,,0.5,0.0,0.5,1.0,1.0,0.0,0.0,1.0,0.0,0.0
2077,bc14063bcfe64e058,True,,,,,,,,,,0.0,0.0,1.0,1.0,1.0,0.0,1.0,1.0,0.0,0.0
2078,aee14ef0a789e2911,True,,,,,,,,,,1.0,1.0,1.0,1.0,0.9697857962116456,1.0,0.0,1.0,1.0,0.8655580613161393
2079,10591acdd773264c9,True,,,,,,,,,,1.0,1.0,1.0,1.0,1.0,1.0,1.0,1.0,0.0,0.875
2080,91eb99dcb70ea628c,True,,,,,,,,,,1.0,0.0,0.0,1.0,1.0,1.0,0.0,1.0,1.0,0.0
2081,59f54dd987b4a80fd,True,,,,,,,,,,1.0,1.0,1.0,1.0,0.6950723766908551,1.0,1.0,1.0,1.0,0.9047101177158923
2082,62bb22ff90b4ff60a,True,,,,,,,,,,1.0,1.0,1.0,1.0,0.49258336852629275,1.0,1.0,1.0,0.0,0.7164323026644664
2083,168ec5291b8accf12,True,,,,,,,,,,1.0,1.0,1.0,1.0,0.5863138246431335,1.0,1.0,1.0,0.0,0.7457230702009792
2084,b016a907699ca499b,True,,,,,,,,,,0.0,1.0,1.0,0.0,1.0,0.0,0.0,1.0,0.0,0.0
2085,19a22a2c5501797dc,True,,,,,,,,,,1.0,1.0,1.0,1.0,0.7903543374832374,1.0,1.0,1.0,1.0,0.9344857304635117
2086,9feb421ac284e987e,True,,,,,,,,,,1.0,1.0,1.0,1.0,0.5871884806662683,1.0,1.0,1.0,0.0,0.7459964002082089
2087,e147b31afd8a5c390,True,,,,,,,,,,1.0,1.0,1.0,0.0,1.0,1.0,1.0,0.0,0.0,0.0
2088,444448ad7659dcee6,True,,,,,,,,,,1.0,1.0,1.0,1.0,1.0,1.0,0.0,1.0,1.0,0.875
2089,b840603cdbc809965,True,,,,,,,,,,1.0,1.0,0.0,1.0,1.0,1.0,0.0,1.0,0.0,0.0
2090,435c8cf621dfd73fb,True,,,,,,,,,,1.0,1.0,1.0,1.0,0.8463014853211811,1.0,1.0,0.0,0.0,0.7019692141628691
2091,4fb5655af73387ef8,True,,,,,,,,,,1.0,1.0,0.0,1.0,1.0,1.0,0.0,1.0,0.0,0.0
2092,bbf03fd14411cf3b3,True,,,,,,,,,,1.0,1.0,1.0,1.0,1.0,1.0,0.0,1.0,1.0,0.875
2093,00cbc73194109904b,True,,,,,,,,,,1.0,1.0,1.0,1.0,1.0,1.0,0.0,1.0,1.0,0.875
2094,b70d444b82722ea24,True,,,,,,,,,,1.0,0.0,0.0,1.0,1.0,1.0,0.0,1.0,1.0,0.0
2095,9d5c879308ff1f5b5,True,,,,,,,,,,1.0,1.0,1.0,1.0,0.4715119734880921,1.0,0.0,1.0,1.0,0.7098474917150288
2096,5351d5bec3ef40436,True,,,,,,,,,,1.0,0.0,1.0,1.0,0.8573406077719429,1.0,0.0,1.0,1.0,0.0
2097,472c522cbfefce360,True,,,,,,,,,,1.0,1.0,1.0,1.0,0.4309839872246627,1.0,0.0,1.0,1.0,0.6971824960077071
2098,ee668b68ca31e7f56,True,,,,,,,,,,1.0,1.0,0.0,1.0,1.0,1.0,0.0,1.0,1.0,0.0
2099,c8f09b5608e102dfb,True,,,,,,,,,,0.0,1.0,0.5,1.0,1.0,0.0,1.0,1.0,0.0,0.0
2100,7002987261d03954e,True,,,,,,,,,,1.0,0.0,0.5,1.0,1.0,1.0,0.0,0.0,0.0,0.0
2101,abeae7488b509687d,True,,,,,,,,,,1.0,1.0,0.5,1.0,1.0,1.0,0.0,1.0,0.0,0.375
2102,4c86c87d1f278b79a,True,,,,,,,,,,1.0,0.0,1.0,1.0,0.6329076753555277,1.0,1.0,1.0,1.0,0.0
2103,9923250503e62f3e8,True,,,,,,,,,,1.0,1.0,1.0,1.0,0.08013037794158193,1.0,1.0,1.0,1.0,0.7125407431067443
2104,c60975bf95e458f4f,True,,,,,,,,,,1.0,1.0,1.0,1.0,0.7914067971543665,1.0,1.0,0.0,0.0,0.6848146241107396
2105,703b1c2f2088dc549,True,,,,,,,,,,0.0,1.0,1.0,1.0,1.0,0.0,1.0,1.0,1.0,0.0
2106,a97b99ff7fc06eb65,True,,,,,,,,,,1.0,1.0,1.0,1.0,0.4606333959830645,1.0,1.0,1.0,0.0,0.7064479362447077
2107,0f677bebd5ee6c831,True,,,,,,,,,,1.0,1.0,1.0,1.0,0.8637941067469523,1.0,0.0,1.0,0.0,0.7074356583584226
2108,8df3615e729babee2,True,,,,,,,,,,1.0,1.0,1.0,1.0,0.407833495527597,1.0,1.0,1.0,1.0,0.8149479673523741
2109,66cd8a056ef3dbdd3,True,,,,,,,,,,1.0,1.0,1.0,1.0,0.09291437613615997,1.0,1.0,1.0,0.0,0.59153574254255
2110,9d038765043662211,True,,,,,,,,,,1.0,1.0,0.5,1.0,1.0,1.0,0.0,1.0,1.0,0.4375
2111,891a4a3fda5ecaf08,True,,,,,,,,,,1.0,1.0,1.0,1.0,1.0,1.0,0.0,1.0,1.0,0.875
2112,b68951cab847f0bf5,True,,,,,,,,,,0.0,1.0,1.0,1.0,1.0,0.0,1.0,1.0,1.0,0.0
2113,22e34699b1bc71621,True,,,,,,,,,,1.0,1.0,1.0,1.0,0.5419964379878379,1.0,0.0,1.0,1.0,0.7318738868711994
2114,467689ba5841d624f,True,,,,,,,,,,1.0,1.0,1.0,1.0,0.6261421867916828,1.0,0.0,1.0,1.0,0.7581694333724008
2115,2dbe11fffefbf239c,True,,,,,,,,,,1.0,0.0,0.0,1.0,0.7194843472713448,1.0,0.0,1.0,1.0,0.0
2116,fafc51e87167a3031,True,,,,,,,,,,1.0,1.0,1.0,1.0,0.932934902369679,1.0,1.0,1.0,0.0,0.8540421569905248
2117,a5929390d283fddb9,True,,,,,,,,,,1.0,1.0,1.0,1.0,1.0,1.0,0.0,1.0,0.0,0.75
2118,94290de1a09e79e7b,True,,,,,,,,,,1.0,0.0,0.0,1.0,1.0,1.0,0.0,1.0,1.0,0.0
2119,842c77c109ef3215c,True,,,,,,,,,,1.0,0.0,0.5,1.0,1.0,1.0,0.0,1.0,0.0,0.0
2120,fc50c3e2408f9caad,True,,,,,,,,,,1.0,0.0,0.0,1.0,1.0,1.0,0.0,1.0,1.0,0.0
2121,7e2d7288e94ae54c5,True,,,,,,,,,,1.0,1.0,1.0,1.0,0.3077561009737674,1.0,1.0,1.0,1.0,0.7836737815543023
2122,4fa2e904e6a4504ba,True,,,,,,,,,,1.0,0.0,0.5,1.0,1.0,1.0,0.0,1.0,0.0,0.0
2123,6a4de6b536cc07742,True,,,,,,,,,,1.0,1.0,0.0,1.0,0.6807282264961232,1.0,0.0,1.0,1.0,0.0
2124,03aa909d3767ff00e,True,,,,,,,,,,1.0,1.0,1.0,1.0,0.7496368320332207,1.0,1.0,1.0,0.0,0.7967615100103815
2125,6e10df391ad68426e,True,,,,,,,,,,1.0,1.0,1.0,1.0,1.0,1.0,1.0,1.0,0.0,0.875
2126,52998366db81d0fca,True,,,,,,,,,,1.0,0.0,1.0,1.0,0.7215067648339445,1.0,0.0,1.0,0.0,0.0
2127,fd26db12e49fe9b3e,True,,,,,,,,,,1.0,1.0,0.0,1.0,1.0,1.0,0.0,1.0,1.0,0.0
2128,fd59576ebdf2661ee,True,,,,,,,,,,1.0,1.0,1.0,1.0,0.851185953155721,1.0,0.0,1.0,1.0,0.8284956103611628
2129,1e6bc8862dcc8e9e0,True,,,,,,,,,,1.0,0.0,0.0,1.0,0.7825003419658101,1.0,0.0,1.0,1.0,0.0
2130,5856d9f4b213e9865,True,,,,,,,,,,1.0,1.0,1.0,1.0,1.0,1.0,0.0,1.0,1.0,0.875
2131,3b99197cc8a0e07a3,True,,,,,,,,,,1.0,1.0,1.0,1.0,1.0,1.0,0.0,1.0,1.0,0.875
2132,08dd93ec00ee02183,True,,,,,,,,,,1.0,1.0,1.0,1.0,0.33506032565801397,1.0,1.0,1.0,1.0,0.7922063517681294
2133,3e4706910942fcca4,True,,,,,,,,,,1.0,1.0,1.0,1.0,1.0,1.0,1.0,1.0,1.0,1.0
2134,2c126d0b4fc4f59f6,True,,,,,,,,,,1.0,1.0,1.0,1.0,1.0,1.0,0.0,1.0,0.0,0.75
2135,f455b09466a75b437,True,,,,,,,,,,0.0,1.0,1.0,1.0,1.0,0.0,1.0,1.0,1.0,0.0
2136,2a3e8710c22275361,True,,,,,,,,,,0.5,1.0,1.0,1.0,0.6927393226926447,0.0,0.0,1.0,0.0,0.17074051917072575
2137,7c851ab07e3f1d15f,True,,,,,,,,,,1.0,1.0,1.0,1.0,0.8447292442240255,1.0,1.0,1.0,1.0,0.9514778888200079
2138,5cf2681114e11d9c7,True,,,,,,,,,,0.0,1.0,1.0,1.0,1.0,0.0,1.0,1.0,1.0,0.0
2139,e513c494982a0c41e,True,,,,,,,,,,1.0,0.0,1.0,1.0,1.0,1.0,0.0,1.0,1.0,0.0
2140,041ef3b3c078e7cea,True,,,,,,,,,,0.0,1.0,1.0,1.0,0.8544945514913534,0.0,0.0,1.0,1.0,0.0
2141,8b9e74d5a89159431,True,,,,,,,,,,1.0,0.0,1.0,1.0,1.0,1.0,0.0,1.0,1.0,0.0
2142,ce7eec1214fedafe8,True,,,,,,,,,,0.0,1.0,1.0,1.0,0.7093563254097827,0.0,0.0,1.0,1.0,0.0
2143,52454445f992935d8,True,,,,,,,,,,1.0,1.0,1.0,1.0,0.7561487448861891,1.0,1.0,1.0,0.0,0.798796482776934
2144,c4f1e612f0a907247,True,,,,,,,,,,1.0,1.0,1.0,1.0,0.7314988128190205,1.0,1.0,1.0,1.0,0.9160933790059439
2145,cff10d121d9ee4a1a,True,,,,,,,,,,1.0,1.0,0.5,1.0,0.5978431991299232,1.0,0.0,1.0,1.0,0.3746629998640505
2146,5bd97408b667dca22,True,,,,,,,,,,1.0,1.0,1.0,1.0,1.0,1.0,0.0,1.0,0.0,0.75
2147,036aaebb3ee3a09af,True,,,,,,,,,,1.0,1.0,0.5,1.0,1.0,1.0,0.0,1.0,1.0,0.4375
2148,5f6ba007265885758,True,,,,,,,,,,1.0,1.0,0.0,1.0,0.7417733004638568,1.0,0.0,1.0,0.0,0.0
2149,91df938553d5b89fb,True,,,,,,,,,,1.0,1.0,1.0,1.0,0.19424039377532487,1.0,0.0,1.0,0.0,0.498200123054789
2150,d42ef26a98f8b0220,True,,,,,,,,,,1.0,1.0,1.0,1.0,1.0,1.0,1.0,1.0,1.0,1.0
2151,cdc8eba66ee1c79b4,True,,,,,,,,,,1.0,1.0,1.0,1.0,1.0,1.0,1.0,1.0,1.0,1.0
2152,52273aa3c8bd19695,True,,,,,,,,,,0.5,0.0,1.0,1.0,1.0,0.0,1.0,1.0,0.0,0.0
2153,0a61ab78c3fb6fbe9,True,,,,,,,,,,0.0,1.0,1.0,1.0,1.0,0.0,1.0,1.0,1.0,0.0
2154,99dfc5eae6278dfec,True,,,,,,,,,,1.0,1.0,0.0,1.0,0.7710873127286316,0.0,0.0,1.0,1.0,0.0
2155,5d499c9197211c7e4,True,,,,,,,,,,0.0,1.0,1.0,1.0,1.0,0.0,0.0,1.0,0.0,0.0
2156,db13e1f50a5d36df0,True,,,,,,,,,,1.0,1.0,1.0,1.0,0.8215022201675286,1.0,0.0,1.0,1.0,0.8192194438023527
2157,58ab5764f037eca22,True,,,,,,,,,,1.0,0.0,1.0,1.0,0.1699479482860911,1.0,0.0,1.0,0.0,0.0
2158,e3a1602ce511b854c,True,,,,,,,,,,1.0,1.0,1.0,1.0,0.822037976470689,1.0,1.0,1.0,0.0,0.8193868676470903
2159,d66bc12e93857dd9a,True,,,,,,,,,,1.0,1.0,1.0,1.0,0.4070219925627567,1.0,1.0,1.0,1.0,0.8146943726758614
2160,14e45cc6be6120e78,True,,,,,,,,,,1.0,1.0,1.0,1.0,0.8171686950118928,1.0,1.0,1.0,1.0,0.9428652171912165
2161,01a7cf70d70d2fa61,True,,,,,,,,,,1.0,1.0,1.0,1.0,0.35981122953557304,1.0,0.0,1.0,1.0,0.6749410092298666
2162,ab0ba6120248926e3,True,,,,,,,,,,1.0,0.0,1.0,1.0,1.0,1.0,0.0,1.0,0.0,0.0
2163,b0c4ee557f41b780c,True,,,,,,,,,,1.0,1.0,1.0,1.0,0.19216516046738047,1.0,1.0,1.0,1.0,0.7475516126460564
2164,4f498e8f4ae7fedd5,True,,,,,,,,,,1.0,0.0,0.0,1.0,1.0,1.0,0.0,1.0,0.0,0.0
2165,081da8854328d5c79,True,,,,,,,,,,1.0,1.0,0.5,1.0,0.4104343182877155,1.0,0.0,1.0,0.0,0.28288036223245555
2166,5713b6b9f58be2004,True,,,,,,,,,,1.0,1.0,1.0,1.0,1.0,1.0,0.0,1.0,0.0,0.75
2167,541803e1775a85786,True,,,,,,,,,,1.0,1.0,1.0,1.0,0.8188638664205182,1.0,1.0,1.0,0.0,0.818394958256412
2168,767cefbd4e52c83e0,True,,,,,,,,,,1.0,1.0,1.0,1.0,0.9299521285231417,1.0,0.0,1.0,1.0,0.8531100401634818
2169,946712c7d5a1cec37,True,,,,,,,,,,1.0,1.0,0.5,1.0,1.0,1.0,0.0,1.0,1.0,0.4375
2170,756e98a2a3d823c33,True,,,,,,,,,,1.0,1.0,1.0,1.0,0.6059847600337294,1.0,0.0,1.0,1.0,0.7518702375105404
2171,4b48232c28699eff0,True,,,,,,,,,,1.0,1.0,1.0,1.0,0.8770153116942145,1.0,1.0,1.0,1.0,0.9615672849044421
2172,644712e1f5b51074a,True,,,,,,,,,,1.0,0.0,0.5,1.0,0.8485801597971329,1.0,0.0,1.0,0.0,0.0
2173,ecccff94c00a6bd77,True,,,,,,,,,,0.0,0.0,0.5,1.0,1.0,0.0,0.0,1.0,1.0,0.0
2174,99dd1518526c46b6e,True,,,,,,,,,,1.0,1.0,0.0,1.0,1.0,1.0,0.0,1.0,0.0,0.0
2175,246a9b54a485510a5,True,,,,,,,,,,0.0,1.0,1.0,1.0,1.0,0.0,1.0,1.0,0.0,0.0
2176,4e61e52835cb5d3ef,True,,,,,,,,,,1.0,1.0,1.0,1.0,0.7868453363322948,1.0,1.0,1.0,0.0,0.8083891676038422
2177,818f9becc81f0e975,True,,,,,,,,,,1.0,1.0,0.0,1.0,0.8783708469008747,0.0,0.0,0.0,0.0,0.0
2178,b75d157a5ca10b698,True,,,,,,,,,,1.0,1.0,1.0,1.0,0.8059950969251316,1.0,1.0,1.0,1.0,0.9393734677891037
2179,2c9bdc85f913f14f3,True,,,,,,,,,,1.0,1.0,1.0,1.0,0.6796945663966432,1.0,1.0,1.0,0.0,0.774904551998951
2180,dee771fcf184f2521,True,,,,,,,,,,1.0,1.0,1.0,1.0,0.012606617150541993,1.0,0.0,1.0,1.0,0.5664395678595444
2181,518126dc1af446798,True,,,,,,,,,,1.0,1.0,1.0,1.0,0.5414934946743177,1.0,0.0,1.0,1.0,0.7317167170857243
2182,9e017dbb384c3b2b8,True,,,,,,,,,,1.0,1.0,1.0,1.0,1.0,1.0,1.0,1.0,0.0,0.875
2183,ad6a7a2414e2a5ac3,True,,,,,,,,,,1.0,0.0,0.0,1.0,1.0,1.0,0.0,1.0,1.0,0.0
2184,7a999e76f404c4956,True,,,,,,,,,,1.0,1.0,1.0,1.0,0.8761510615125739,1.0,0.0,1.0,1.0,0.8362972067226794
2185,b19a34b568608122f,True,,,,,,,,,,1.0,1.0,1.0,1.0,1.0,1.0,0.0,1.0,1.0,0.875
2186,bd132bb290ee8b29b,True,,,,,,,,,,1.0,1.0,0.5,1.0,1.0,1.0,0.0,1.0,1.0,0.4375
2187,fef06dc806442398d,True,,,,,,,,,,1.0,1.0,1.0,1.0,0.6247709624155207,1.0,1.0,1.0,0.0,0.7577409257548502
2188,6ea72a0c3033844cf,True,,,,,,,,,,1.0,1.0,1.0,1.0,0.32186016361953523,1.0,0.0,1.0,1.0,0.6630813011311048
2189,07675a8f705892e3b,True,,,,,,,,,,1.0,1.0,1.0,1.0,0.3952602607641244,1.0,1.0,1.0,1.0,0.811018831488789
2190,76caf6deea5aff60c,True,,,,,,,,,,1.0,1.0,1.0,1.0,0.6172148084523951,1.0,1.0,1.0,1.0,0.8803796276413735
2191,de50c5684cbb85a60,True,,,,,,,,,,1.0,0.0,1.0,1.0,0.8261556723785796,1.0,1.0,1.0,1.0,0.0
2192,764328b4ef560f8d6,True,,,,,,,,,,1.0,1.0,1.0,1.0,1.0,1.0,1.0,1.0,1.0,1.0
2193,23bbff1d97344d8cd,True,,,,,,,,,,1.0,1.0,1.0,1.0,0.7529045879402901,1.0,1.0,0.0,0.0,0.6727826837313406
2194,c3fa7a5ee86676098,True,,,,,,,,,,1.0,1.0,1.0,1.0,0.7740438234950262,1.0,1.0,1.0,1.0,0.9293886948421957
2195,a1fc0c3eb1ef15aba,True,,,,,,,,,,1.0,1.0,0.0,1.0,1.0,0.0,0.0,1.0,0.0,0.0
2196,c379f5f53ec8ac236,True,,,,,,,,,,1.0,1.0,1.0,1.0,1.0,1.0,0.0,1.0,0.0,0.75
2197,29a75324e23136d91,True,,,,,,,,,,1.0,1.0,1.0,1.0,0.8108837394348074,1.0,1.0,1.0,1.0,0.9409011685733772
2198,55617753513055d9b,True,,,,,,,,,,0.0,0.0,1.0,1.0,1.0,0.0,1.0,1.0,0.0,0.0
2199,ea1bac206caf8d18e,True,,,,,,,,,,1.0,1.0,1.0,1.0,0.7866765806489765,1.0,1.0,1.0,0.0,0.8083364314528052
2200,3c8a99a0db652a225,True,,,,,,,,,,0.0,1.0,1.0,1.0,1.0,0.0,0.0,1.0,1.0,0.0
2201,9f1d660e1e39a5197,True,,,,,,,,,,1.0,0.0,1.0,1.0,0.3387885880823688,1.0,0.0,1.0,0.0,0.0
2202,1cdb5f8486a6e3a2b,True,,,,,,,,,,1.0,1.0,1.0,1.0,0.9063932796075067,1.0,1.0,1.0,1.0,0.9707478998773458
2203,0d3be86b0d2db1b32,True,,,,,,,,,,1.0,1.0,1.0,1.0,0.7887448311615757,1.0,1.0,1.0,1.0,0.9339827597379924
2204,8fb206a9ce8434f01,True,,,,,,,,,,1.0,1.0,1.0,1.0,1.0,1.0,0.0,1.0,0.0,0.75
2205,c4bb99fe9ff474e51,True,,,,,,,,,,1.0,1.0,1.0,1.0,0.16459232359116932,1.0,1.0,1.0,0.0,0.6139351011222405
2206,2dac2b9cae0ff11f8,True,,,,,,,,,,1.0,1.0,1.0,1.0,1.0,1.0,0.0,1.0,1.0,0.875
2207,e7ae2cd68d33a847e,True,,,,,,,,,,1.0,1.0,1.0,1.0,0.806569880275509,1.0,0.0,1.0,1.0,0.8145530875860966
2208,dd01f78238cd88b26,True,,,,,,,,,,1.0,1.0,1.0,1.0,0.6649215661825886,1.0,1.0,1.0,0.0,0.7702879894320589
2209,5de761c988f97e1fa,True,,,,,,,,,,1.0,1.0,1.0,1.0,1.0,1.0,1.0,1.0,0.0,0.875
2210,47269d59365ccc36c,True,,,,,,,,,,1.0,1.0,1.0,1.0,0.8717274558262589,1.0,1.0,1.0,1.0,0.9599148299457059
2211,95285e276d73120c3,True,,,,,,,,,,1.0,1.0,1.0,1.0,0.11590719054419038,1.0,1.0,1.0,1.0,0.7237209970450595
2212,7ee10c65aff66f1f6,True,,,,,,,,,,1.0,0.0,0.5,1.0,1.0,1.0,0.0,1.0,0.0,0.0
2213,c3f88ffa3ddcecc64,True,,,,,,,,,,0.0,1.0,1.0,1.0,1.0,0.0,0.0,1.0,1.0,0.0
2214,5b491d7bff86c3e61,True,,,,,,,,,,1.0,1.0,1.0,1.0,0.7910216321411708,1.0,1.0,1.0,0.0,0.8096942600441159
2215,90dfc4788a349e60b,True,,,,,,,,,,1.0,1.0,1.0,1.0,0.393961741278323,1.0,1.0,1.0,0.0,0.6856130441494759
2216,e52b7d36af99f123d,True,,,,,,,,,,1.0,1.0,1.0,1.0,0.7464473668042273,1.0,1.0,1.0,1.0,0.9207648021263211
2217,55d87f273908bb975,True,,,,,,,,,,0.0,1.0,1.0,1.0,1.0,0.0,0.0,1.0,0.0,0.0
2218,8ab43bb08112dc9ee,True,,,,,,,,,,1.0,1.0,1.0,1.0,0.9134346742346476,1.0,1.0,1.0,0.0,0.8479483356983274
2219,2a9148d48b42cfd7e,True,,,,,,,,,,1.0,1.0,1.0,1.0,0.8187941156991283,1.0,1.0,1.0,1.0,0.9433731611559776
2220,a33fa10f772275b4a,True,,,,,,,,,,0.0,1.0,1.0,1.0,1.0,0.0,0.0,1.0,1.0,0.0
2221,8a89ac1132afc51b4,True,,,,,,,,,,1.0,1.0,1.0,1.0,0.959888054579356,1.0,1.0,1.0,0.0,0.8624650170560487
2222,6c04df27e5264b20b,True,,,,,,,,,,1.0,1.0,1.0,1.0,1.0,1.0,1.0,1.0,0.0,0.875
2223,07c7971b452106335,True,,,,,,,,,,1.0,1.0,1.0,1.0,0.3314669067043854,1.0,1.0,1.0,1.0,0.7910834083451204
2224,d02ab95331cc7550b,True,,,,,,,,,,1.0,0.0,0.0,1.0,1.0,1.0,0.0,1.0,1.0,0.0
2225,dd6072ab6974966f7,True,,,,,,,,,,1.0,1.0,0.0,1.0,1.0,1.0,0.0,1.0,1.0,0.0
2226,b8aa4f2712496a9c3,True,,,,,,,,,,1.0,1.0,0.5,1.0,1.0,1.0,0.0,1.0,1.0,0.4375
2227,6e72febafe28c367c,True,,,,,,,,,,1.0,1.0,0.5,1.0,1.0,1.0,0.0,1.0,1.0,0.4375
2228,10dc3b2e0ce99941a,True,,,,,,,,,,0.5,1.0,1.0,1.0,1.0,0.0,1.0,1.0,0.0,0.28125
2229,c4a089c490ce6eb9e,True,,,,,,,,,,0.0,1.0,1.0,1.0,1.0,0.0,1.0,1.0,1.0,0.0
2230,5e206e9ebf880f3f3,True,,,,,,,,,,1.0,1.0,1.0,1.0,1.0,1.0,1.0,1.0,1.0,1.0
2231,bc9a77699f862350d,True,,,,,,,,,,1.0,1.0,1.0,1.0,0.39061637048464254,1.0,1.0,1.0,1.0,0.8095676157764509
2232,5f775bac151622950,True,,,,,,,,,,1.0,1.0,1.0,1.0,0.8408652371687071,1.0,1.0,1.0,1.0,0.9502703866152209
2233,66138b6a89d5d40bf,True,,,,,,,,,,1.0,1.0,1.0,1.0,0.5298669688105797,0.0,1.0,1.0,0.0,0.41558342775330614
2234,c725d6fa44dc9c6d6,True,,,,,,,,,,0.0,1.0,1.0,1.0,1.0,0.0,1.0,1.0,0.0,0.0
2235,d5c1ffdf7189b229c,True,,,,,,,,,,1.0,0.0,0.5,1.0,1.0,1.0,0.0,0.0,0.0,0.0
2236,891da533fb5685c31,True,,,,,,,,,,1.0,0.0,0.5,1.0,1.0,1.0,0.0,0.0,0.0,0.0
2237,2cc336777225529c2,True,,,,,,,,,,1.0,1.0,1.0,1.0,1.0,1.0,0.0,1.0,1.0,0.875
2238,c09eaf80eb8a24e39,True,,,,,,,,,,1.0,1.0,1.0,1.0,0.5715609398845763,1.0,1.0,1.0,1.0,0.8661127937139301
2239,65bcd286d06e02669,True,,,,,,,,,,1.0,1.0,1.0,1.0,0.8135494375553984,1.0,1.0,1.0,0.0,0.8167341992360619
2240,7bc8b418055d0cc73,True,,,,,,,,,,0.0,1.0,0.5,1.0,1.0,0.0,0.0,1.0,0.0,0.0
2241,6a0e7c7b6a5967f37,True,,,,,,,,,,1.0,0.0,1.0,1.0,0.6679925909126395,1.0,1.0,1.0,1.0,0.0
2242,3965541eb07d065e9,True,,,,,,,,,,0.0,1.0,1.0,1.0,1.0,0.0,1.0,1.0,1.0,0.0
2243,8ff15043e7dd18ac8,True,,,,,,,,,,1.0,0.0,1.0,1.0,0.9125478225896517,1.0,0.0,1.0,1.0,0.0
2244,de4d565d2295bfce9,True,,,,,,,,,,0.0,1.0,1.0,1.0,1.0,0.0,0.0,1.0,1.0,0.0
2245,8d59e8ecb60e11b5b,True,,,,,,,,,,1.0,1.0,1.0,1.0,0.3284478797366865,1.0,0.0,1.0,1.0,0.6651399624177146
2246,5a9483df05571155b,True,,,,,,,,,,0.0,1.0,1.0,1.0,0.9347392564330117,0.0,0.0,1.0,1.0,0.0
2247,f549933443a3744d4,True,,,,,,,,,,1.0,1.0,1.0,1.0,0.8288215532670383,1.0,0.0,1.0,1.0,0.8215067353959495
2248,99843a353c9918cfd,True,,,,,,,,,,1.0,1.0,1.0,1.0,0.7322522748126884,1.0,1.0,1.0,1.0,0.9163288358789652
2249,1f8006333fa33abf2,True,,,,,,,,,,0.0,1.0,1.0,0.0,1.0,0.0,1.0,1.0,1.0,0.0
2250,e4e521f407f1c30df,True,,,,,,,,,,0.0,1.0,1.0,1.0,1.0,0.0,1.0,1.0,0.0,0.0
2251,4da17212b5480fefc,True,,,,,,,,,,0.0,1.0,0.0,1.0,0.9562807527289895,0.0,0.0,1.0,0.0,0.0
2252,c82835c09890be38b,True,,,,,,,,,,1.0,0.0,1.0,1.0,0.5061155476643812,1.0,0.0,1.0,0.0,0.0
2253,86a97d3341cc8c198,True,,,,,,,,,,1.0,0.0,0.0,1.0,1.0,1.0,0.0,1.0,1.0,0.0
2254,b2be12870f04d58f6,True,,,,,,,,,,1.0,1.0,1.0,1.0,1.0,1.0,1.0,1.0,1.0,1.0
2255,686b6dd5e1ca96d8a,True,,,,,,,,,,1.0,1.0,1.0,1.0,0.3857452224293752,1.0,1.0,1.0,0.0,0.6830453820091797
2256,99fca017c572f5bc8,True,,,,,,,,,,1.0,1.0,1.0,1.0,0.7117164151321099,1.0,0.0,1.0,1.0,0.7849113797287843
2257,74e68e4dba8d14dfa,True,,,,,,,,,,1.0,0.0,1.0,1.0,1.0,1.0,1.0,1.0,0.0,0.0
2258,a14ccfc8d2eea6574,True,,,,,,,,,,1.0,1.0,1.0,1.0,0.4069917543622207,1.0,1.0,1.0,1.0,0.814684923238194
2259,4eb8b4fdc3085e121,True,,,,,,,,,,1.0,1.0,1.0,1.0,1.0,1.0,1.0,1.0,1.0,1.0
2260,45a4165a206b0969b,True,,,,,,,,,,1.0,1.0,1.0,1.0,0.41679095605565153,1.0,0.0,1.0,1.0,0.6927471737673911
2261,918a0960b5cef7615,True,,,,,,,,,,1.0,1.0,1.0,1.0,0.7321300901897123,1.0,1.0,1.0,1.0,0.9162906531842852
2262,2b1010d61e3c4e8ec,True,,,,,,,,,,1.0,1.0,0.0,1.0,0.8520974183353891,1.0,0.0,1.0,0.0,0.0
2263,c00676be121eaac31,True,,,,,,,,,,0.0,1.0,1.0,1.0,1.0,0.0,1.0,1.0,0.0,0.0
2264,045c91494e0548007,True,,,,,,,,,,1.0,1.0,1.0,1.0,0.6150565502954487,1.0,1.0,1.0,0.0,0.7547051719673277
2265,ef00d37c017fde631,True,,,,,,,,,,1.0,1.0,1.0,1.0,0.8571385494425824,1.0,0.0,0.0,0.0,0.5803557967008071
2266,8540d07d75bf477e8,True,,,,,,,,,,0.0,1.0,1.0,1.0,0.8901900590639998,0.0,1.0,1.0,0.0,0.0
2267,d773ee01e5118e39d,True,,,,,,,,,,1.0,0.0,1.0,1.0,1.0,1.0,0.0,1.0,1.0,0.0
2268,2c48bea3e93ba9e48,True,,,,,,,,,,1.0,1.0,1.0,1.0,0.7964541385961896,1.0,0.0,1.0,1.0,0.8113919183113092
2269,4e062143c7bd91118,True,,,,,,,,,,1.0,0.0,1.0,1.0,1.0,1.0,1.0,1.0,1.0,0.0
2270,7712653347183e698,True,,,,,,,,,,1.0,1.0,1.0,1.0,0.4694355593749409,1.0,0.0,1.0,1.0,0.7091986123046691
2271,e85bd1aab37f82bde,True,,,,,,,,,,0.0,1.0,1.0,1.0,1.0,0.0,1.0,1.0,1.0,0.0
2272,97a528bb2a0be2c1c,True,,,,,,,,,,1.0,1.0,0.5,1.0,0.5599863713738346,1.0,0.0,1.0,1.0,0.3687478705271616
2273,c624adea428b6fde5,True,,,,,,,,,,1.0,1.0,1.0,1.0,0.7205725632726334,1.0,1.0,1.0,0.0,0.787678926022698
2274,c8a0832c8f737ce92,True,,,,,,,,,,1.0,1.0,1.0,1.0,0.8598392820945319,1.0,1.0,1.0,1.0,0.9561997756545413
2275,076a62d5c97d941a6,True,,,,,,,,,,1.0,1.0,1.0,1.0,0.4490828420918521,1.0,1.0,1.0,1.0,0.8278383881537038
2276,01ac04b9f18ecdbc6,True,,,,,,,,,,1.0,0.0,0.5,1.0,1.0,1.0,0.0,1.0,0.0,0.0
2277,f3d58b82e93972910,True,,,,,,,,,,1.0,1.0,1.0,1.0,0.5127294393702286,1.0,1.0,1.0,0.0,0.7227279498031964
2278,219cbcce551252eb2,True,,,,,,,,,,1.0,0.0,1.0,1.0,0.5578217501655232,1.0,0.0,1.0,1.0,0.0
2279,908b05ed734967ac3,True,,,,,,,,,,1.0,1.0,1.0,1.0,0.8088063598119333,1.0,0.0,1.0,1.0,0.8152519874412292
2280,5037003d98e7c77a2,True,,,,,,,,,,1.0,0.0,0.0,1.0,1.0,1.0,0.0,1.0,0.0,0.0
2281,4784832b9639547d6,True,,,,,,,,,,1.0,1.0,1.0,1.0,0.8104853367084882,1.0,1.0,1.0,1.0,0.9407766677214026
2282,4ff5465a026db2df0,True,,,,,,,,,,1.0,1.0,0.0,1.0,0.7654715329986286,1.0,0.0,1.0,1.0,0.0
2283,eeb4b0334d12c4c0f,True,,,,,,,,,,1.0,1.0,1.0,1.0,0.4269456311456703,1.0,1.0,1.0,1.0,0.820920509733022
2284,16149296d3a6ee433,True,,,,,,,,,,1.0,0.0,1.0,1.0,0.9052753614726341,1.0,1.0,1.0,0.0,0.0
2285,b6d61abe346b88db3,True,,,,,,,,,,1.0,1.0,1.0,1.0,0.6625799150539716,1.0,1.0,1.0,1.0,0.8945562234543661
2286,86ec67f271b64b199,True,,,,,,,,,,1.0,1.0,0.0,1.0,0.79061434525088,1.0,0.0,1.0,0.0,0.0
2287,c73e5118fba3f9c3f,True,,,,,,,,,,1.0,1.0,0.5,1.0,0.5572339779026914,1.0,0.0,1.0,0.0,0.3058178090472955
2288,fd482580f69491ce5,True,,,,,,,,,,0.0,1.0,1.0,1.0,1.0,0.0,1.0,1.0,0.0,0.0
2289,21c67a61bb969877f,True,,,,,,,,,,1.0,1.0,1.0,1.0,1.0,1.0,0.0,1.0,0.0,0.75
2290,6ae4df7fe6f3147d2,True,,,,,,,,,,1.0,1.0,1.0,1.0,0.7367527790021001,1.0,0.0,1.0,1.0,0.7927352434381563
2291,ed92b02e2867b4579,True,,,,,,,,,,0.0,1.0,0.5,1.0,1.0,0.0,1.0,1.0,0.0,0.0
2292,9d1689f8e6d847437,True,,,,,,,,,,1.0,1.0,0.0,1.0,1.0,1.0,0.0,1.0,1.0,0.0
2293,994054d09b71160e0,True,,,,,,,,,,1.0,1.0,1.0,1.0,0.36153886207943176,1.0,0.0,1.0,1.0,0.6754808943998224
2294,24c8b908f552c5946,True,,,,,,,,,,1.0,1.0,1.0,1.0,0.1915586634412016,1.0,0.0,1.0,0.0,0.4973620823253755
2295,c356f7c7a4dfada23,True,,,,,,,,,,1.0,1.0,1.0,1.0,0.32202120411749924,1.0,0.0,1.0,1.0,0.6631316262867185
2296,3fcd46f80ab00b6e6,True,,,,,,,,,,1.0,1.0,1.0,1.0,0.45121709983608954,0.0,1.0,1.0,1.0,0.5160053436987779
2297,9011963333f646007,True,,,,,,,,,,1.0,1.0,1.0,1.0,0.325089512250723,1.0,0.0,1.0,0.0,0.539090472578351
2298,7a7fa75bb756308ba,True,,,,,,,,,,1.0,1.0,1.0,1.0,1.0,1.0,0.0,1.0,1.0,0.875
2299,38a3a85f24db9d0f8,True,,,,,,,,,,1.0,1.0,0.0,1.0,1.0,1.0,0.0,1.0,1.0,0.0
2300,c9eccd69e416f78ae,True,,,,,,,,,,0.0,0.0,1.0,1.0,0.8642143144961183,0.0,0.0,1.0,1.0,0.0
2301,d153031465d8e37cb,True,,,,,,,,,,1.0,1.0,1.0,1.0,0.6163671325600749,1.0,1.0,1.0,1.0,0.8801147289250234
2302,d7437e062d9eed183,True,,,,,,,,,,1.0,1.0,1.0,1.0,0.4535443258384409,1.0,0.0,1.0,0.0,0.5792326018245127
2303,f5ac498d3e649455a,True,,,,,,,,,,1.0,1.0,0.5,1.0,1.0,1.0,0.0,1.0,1.0,0.4375
2304,f3895fbfb8df71a43,True,,,,,,,,,,1.0,1.0,1.0,1.0,1.0,1.0,1.0,1.0,1.0,1.0
2305,de7117fede978534c,True,,,,,,,,,,1.0,1.0,0.5,1.0,1.0,1.0,0.0,1.0,0.0,0.375
2306,9e2bf4fef7c5a70f5,True,,,,,,,,,,1.0,1.0,1.0,1.0,0.44016371737681875,1.0,0.0,1.0,0.0,0.5750511616802558
2307,e32bd1ec1d273f2a3,True,,,,,,,,,,1.0,1.0,1.0,1.0,0.3826319096779257,1.0,1.0,1.0,0.0,0.6820724717743518
2308,f6557e9f386193dfc,True,,,,,,,,,,1.0,1.0,1.0,1.0,0.2989964657046167,1.0,1.0,1.0,1.0,0.7809363955326927
2309,1e76d24e6c9b36a12,True,,,,,,,,,,1.0,1.0,1.0,1.0,0.928486889165968,1.0,1.0,1.0,1.0,0.977652152864365
2310,3a96e943c2c264f67,True,,,,,,,,,,1.0,1.0,0.5,1.0,1.0,1.0,0.0,1.0,0.0,0.375
2311,4355523e202befd73,True,,,,,,,,,,1.0,1.0,1.0,1.0,0.8535070689744031,1.0,1.0,1.0,1.0,0.954220959054501
2312,617af5a1ea48f3d16,True,,,,,,,,,,1.0,1.0,1.0,1.0,0.41888265328906044,1.0,0.0,1.0,0.0,0.5684008291528314
2313,fc6b7a66f2b28cca4,True,,,,,,,,,,0.0,1.0,1.0,1.0,1.0,0.0,0.0,1.0,0.0,0.0
2314,b6a166b330b3673a8,True,,,,,,,,,,1.0,1.0,1.0,1.0,0.18075547800029043,1.0,1.0,1.0,1.0,0.7439860868750907
2315,1cc31a1834f400ea1,True,,,,,,,,,,1.0,1.0,1.0,1.0,0.481613607668133,1.0,0.0,1.0,1.0,0.7130042523962916
2316,c7690543523741cf3,True,,,,,,,,,,1.0,1.0,1.0,1.0,1.0,1.0,1.0,1.0,0.0,0.875
2317,dc335a90fc3e97ef3,True,,,,,,,,,,1.0,1.0,1.0,1.0,0.9368097353562617,1.0,1.0,1.0,1.0,0.9802530422988318
2318,d25e0e0e384818845,True,,,,,,,,,,0.0,0.0,1.0,1.0,0.8711046803006819,0.0,1.0,1.0,0.0,0.0
2319,2a839dc18e91bbd40,True,,,,,,,,,,1.0,1.0,0.0,1.0,0.7816301895922063,1.0,0.0,1.0,1.0,0.0
2320,70fc0f58fc8579539,True,,,,,,,,,,1.0,1.0,1.0,1.0,0.7996415206112253,1.0,0.0,1.0,1.0,0.8123879751910079
2321,19076eddbca015da6,True,,,,,,,,,,1.0,1.0,1.0,1.0,0.9426773769297825,1.0,1.0,1.0,0.0,0.857086680290557
2322,f6f239b03260b58d8,True,,,,,,,,,,1.0,0.0,0.5,1.0,1.0,1.0,0.0,1.0,0.0,0.0
2323,63f0437b508ffc626,True,,,,,,,,,,0.0,1.0,1.0,1.0,1.0,0.0,1.0,1.0,0.0,0.0
2324,c186ed61c25fb9316,True,,,,,,,,,,1.0,1.0,0.5,1.0,0.9852168359327348,1.0,1.0,1.0,1.0,0.4976901306144898
2325,b7f53c6ea01b7cbc9,True,,,,,,,,,,1.0,1.0,1.0,1.0,0.4650525452209583,1.0,0.0,1.0,1.0,0.7078289203815494
2326,f8e452be20910fe87,True,,,,,,,,,,0.0,0.0,0.0,1.0,1.0,0.0,0.0,1.0,0.0,0.0
2327,fbc47d17828f56207,True,,,,,,,,,,1.0,1.0,0.5,1.0,0.9362759456781484,1.0,0.0,1.0,1.0,0.42754311651221066
2328,0fc796582943bab81,True,,,,,,,,,,1.0,1.0,1.0,1.0,0.7587551406485743,1.0,1.0,1.0,1.0,0.9246109814526795
2329,4d115c250e5dc02b1,True,,,,,,,,,,1.0,1.0,1.0,1.0,0.23585012425644522,1.0,1.0,1.0,0.0,0.6362031638301391
2330,5906874d0d863e9c0,True,,,,,,,,,,1.0,1.0,1.0,1.0,0.9734329249946746,1.0,1.0,1.0,1.0,0.9916977890608358
2331,7e21d3337e4e59b97,True,,,,,,,,,,1.0,1.0,1.0,1.0,0.7639134680215249,1.0,1.0,1.0,1.0,0.9262229587567266
2332,24d20a80a611d5e65,True,,,,,,,,,,1.0,1.0,1.0,1.0,0.20729722463867412,1.0,1.0,1.0,1.0,0.7522803826995856
2333,c3b8d6641081a7618,True,,,,,,,,,,0.0,0.0,0.5,1.0,1.0,0.0,0.0,1.0,0.0,0.0
2334,59d497b24fe17609b,True,,,,,,,,,,1.0,1.0,0.5,1.0,0.7361493647439054,1.0,0.0,1.0,0.0,0.33377333824123523
2335,ecb3b9f1238edf126,True,,,,,,,,,,1.0,0.0,1.0,1.0,0.9857858175280085,1.0,1.0,1.0,1.0,0.0
2336,cd19384b9fe667753,True,,,,,,,,,,1.0,0.0,1.0,1.0,0.763554640329921,1.0,1.0,1.0,0.0,0.0
2337,92f6dfd3e7865475c,True,,,,,,,,,,1.0,1.0,1.0,1.0,0.9315545886748474,1.0,1.0,1.0,1.0,0.9786108089608898
2338,cff8174da68b6ed57,True,,,,,,,,,,1.0,1.0,1.0,1.0,0.7335512041261487,1.0,0.0,1.0,0.0,0.6667347512894215
2339,7dc3f9cae9f72fe4c,True,,,,,,,,,,1.0,0.0,0.5,1.0,1.0,1.0,0.0,1.0,0.0,0.0
2340,5cabba46461e04874,True,,,,,,,,,,1.0,1.0,1.0,1.0,1.0,1.0,0.0,1.0,0.0,0.75
2341,515197f50a14bc2fc,True,,,,,,,,,,1.0,1.0,1.0,1.0,0.8900378679903018,1.0,0.0,1.0,1.0,0.8406368337469693
2342,7e5bed686151e791e,True,,,,,,,,,,1.0,1.0,1.0,1.0,0.9129754561806188,1.0,1.0,1.0,0.0,0.8478048300564434
2343,14afd0e1ef0d94d4d,True,,,,,,,,,,1.0,1.0,1.0,1.0,1.0,1.0,1.0,1.0,0.0,0.875
2344,69fb879cbb73f071a,True,,,,,,,,,,1.0,1.0,1.0,1.0,0.7723008153086206,1.0,1.0,1.0,0.0,0.8038440047839439
2345,f62d00569dc5be2b9,True,,,,,,,,,,1.0,1.0,1.0,1.0,0.34995805246088496,1.0,1.0,1.0,1.0,0.7968618913940265
2346,c73d5b941b453432b,True,,,,,,,,,,1.0,1.0,1.0,1.0,0.4773388570029813,1.0,0.0,1.0,1.0,0.7116683928134316
2347,64560358188d68edd,True,,,,,,,,,,1.0,1.0,1.0,1.0,1.0,1.0,0.0,1.0,0.0,0.75
2348,feeaa6210f5b68928,True,,,,,,,,,,1.0,0.0,1.0,1.0,0.2753307969748027,1.0,0.0,1.0,0.0,0.0
2349,cc640d20710f182c6,True,,,,,,,,,,0.0,1.0,1.0,1.0,1.0,0.0,0.0,0.0,0.0,0.0
2350,c532df7508f6fce92,True,,,,,,,,,,0.5,1.0,1.0,1.0,1.0,0.0,1.0,1.0,1.0,0.34375
2351,d7cb69340aa436966,True,,,,,,,,,,1.0,1.0,1.0,1.0,0.0915843635353256,1.0,1.0,1.0,0.0,0.5911201136047892
2352,9941e5249d262210a,True,,,,,,,,,,1.0,1.0,1.0,1.0,0.6904114716885503,1.0,1.0,1.0,1.0,0.9032535849026719
2353,970116f72225f9d8b,True,,,,,,,,,,1.0,1.0,0.0,1.0,0.8608550022130605,1.0,0.0,1.0,1.0,0.0
2354,d853fa4b72196af01,True,,,,,,,,,,0.0,1.0,1.0,1.0,1.0,0.0,1.0,1.0,1.0,0.0
2355,e42fb75cf07b74514,True,,,,,,,,,,1.0,1.0,1.0,1.0,0.4930673364454124,1.0,1.0,1.0,1.0,0.8415835426391913
2356,b4f924a8633b4e666,True,,,,,,,,,,0.5,1.0,1.0,1.0,1.0,0.0,1.0,1.0,1.0,0.34375
2357,610fbfffa032daacc,True,,,,,,,,,,1.0,0.0,1.0,1.0,1.0,1.0,0.0,1.0,0.0,0.0
2358,cfd0e5de5d28d1a6e,True,,,,,,,,,,1.0,1.0,1.0,1.0,0.21891199721126461,1.0,0.0,1.0,0.0,0.5059099991285202
2359,519a6a71d9b2fda8a,True,,,,,,,,,,0.0,1.0,1.0,1.0,1.0,0.0,0.0,1.0,0.0,0.0
2360,5957a4b8c0696f222,True,,,,,,,,,,1.0,0.0,1.0,1.0,1.0,1.0,1.0,1.0,0.0,0.0
2361,95972dc9532711131,True,,,,,,,,,,0.0,1.0,1.0,1.0,1.0,0.0,0.0,1.0,0.0,0.0
2362,f4fc402c592a5d4a2,True,,,,,,,,,,1.0,0.0,1.0,1.0,0.7555880395374815,1.0,1.0,1.0,1.0,0.0
2363,9818610284ab89cea,True,,,,,,,,,,1.0,1.0,1.0,1.0,0.22555049144153205,1.0,0.0,1.0,1.0,0.6329845285754787
2364,ad215da365bb78fd6,True,,,,,,,,,,1.0,0.0,0.5,1.0,0.7004915864214324,1.0,1.0,1.0,1.0,0.0
2365,01fd6ca416dc0630c,True,,,,,,,,,,1.0,0.0,0.0,1.0,1.0,1.0,0.0,1.0,1.0,0.0
2366,53c6f9cae0f7a4cd1,True,,,,,,,,,,0.0,0.0,0.5,1.0,1.0,0.0,1.0,1.0,0.0,0.0
2367,fdf5d3fe80143a1aa,True,,,,,,,,,,1.0,1.0,1.0,1.0,0.278777236930766,1.0,1.0,1.0,1.0,0.7746178865408644
2368,72a853c092fda384e,True,,,,,,,,,,1.0,1.0,1.0,1.0,1.0,1.0,0.0,1.0,1.0,0.875
2369,5d571e3d1a02ea00b,True,,,,,,,,,,1.0,0.0,1.0,1.0,0.9895998070867781,1.0,0.0,1.0,1.0,0.0
2370,f74297ce90b621563,True,,,,,,,,,,1.0,0.0,1.0,1.0,0.47183771917233525,1.0,0.0,1.0,1.0,0.0
2371,51a40ab9f271c6454,True,,,,,,,,,,1.0,1.0,0.5,1.0,0.5458992771335978,1.0,0.0,1.0,0.0,0.30404676205212466
2372,ebfcdb01551105c49,True,,,,,,,,,,0.0,1.0,1.0,0.0,1.0,0.0,1.0,1.0,0.0,0.0
2373,94d9715aabd9df7cd,True,,,,,,,,,,1.0,1.0,1.0,1.0,1.0,1.0,1.0,1.0,1.0,1.0
2374,d9437c8464c89be5d,True,,,,,,,,,,1.0,0.0,1.0,1.0,1.0,1.0,1.0,1.0,1.0,0.0
2375,7daae87faa1540ace,True,,,,,,,,,,1.0,1.0,1.0,1.0,0.844758290650373,1.0,0.0,1.0,1.0,0.8264869658282415
2376,e3fffb822fb5efac2,True,,,,,,,,,,0.0,0.0,0.0,1.0,1.0,0.0,0.0,1.0,1.0,0.0
2377,280a9911bfe1f941e,True,,,,,,,,,,0.0,0.0,1.0,1.0,0.844040149539863,0.0,1.0,1.0,0.0,0.0
2378,696843a23b748f1b0,True,,,,,,,,,,1.0,0.0,0.5,1.0,1.0,1.0,1.0,1.0,0.0,0.0
2379,b3af98bca187d3a52,True,,,,,,,,,,1.0,1.0,0.0,1.0,1.0,0.0,1.0,0.0,0.0,0.0
2380,2115b48841ebae650,True,,,,,,,,,,0.0,1.0,1.0,1.0,1.0,0.0,1.0,1.0,0.0,0.0
2381,439df93c525a5e285,True,,,,,,,,,,1.0,1.0,1.0,1.0,1.0,1.0,1.0,1.0,1.0,1.0
2382,1b7254e27f1faae48,True,,,,,,,,,,0.0,1.0,1.0,1.0,1.0,0.0,1.0,1.0,0.0,0.0
2383,bd2a4f1bdd5605e62,True,,,,,,,,,,1.0,1.0,1.0,1.0,0.7572196393470212,1.0,0.0,1.0,1.0,0.7991311372959441
2384,d44e744043dbb77b1,True,,,,,,,,,,1.0,1.0,1.0,1.0,0.7603008775816936,1.0,1.0,1.0,0.0,0.8000940242442792
2385,6a934a93966865e05,True,,,,,,,,,,1.0,1.0,1.0,1.0,0.6059232678742699,1.0,1.0,1.0,0.0,0.7518510212107093
2386,506d9cb85442a6577,True,,,,,,,,,,1.0,1.0,1.0,1.0,0.27777859124577076,1.0,0.0,1.0,0.0,0.5243058097643034
2387,afee933aa0fe755d2,True,,,,,,,,,,1.0,1.0,0.0,1.0,1.0,1.0,0.0,1.0,1.0,0.0
2388,110d0d3e6fdd95bda,True,,,,,,,,,,0.0,1.0,1.0,1.0,1.0,0.0,0.0,1.0,0.0,0.0
2389,3e0f957bf14b2d2d9,True,,,,,,,,,,1.0,1.0,1.0,1.0,0.51527336785835,1.0,0.0,1.0,1.0,0.7235229274557344
2390,23c64b101bb797591,True,,,,,,,,,,1.0,1.0,0.5,1.0,1.0,1.0,0.0,1.0,0.0,0.375
2391,319a6165fd328e03e,True,,,,,,,,,,1.0,0.0,1.0,1.0,1.0,1.0,1.0,1.0,1.0,0.0
2392,10f3932f4f651de8c,True,,,,,,,,,,1.0,0.0,1.0,1.0,1.0,1.0,1.0,1.0,1.0,0.0
2393,19d93db92ab5bcc09,True,,,,,,,,,,1.0,1.0,1.0,1.0,0.8185771984740868,1.0,1.0,1.0,0.0,0.8183053745231521
2394,aaa2921db2669810d,True,,,,,,,,,,1.0,1.0,1.0,1.0,0.8109699470548727,1.0,1.0,1.0,0.0,0.8159281084546477
2395,8a73882c047d96e3f,True,,,,,,,,,,1.0,1.0,1.0,1.0,0.06900517170069424,1.0,0.0,1.0,1.0,0.584064116156467
2396,90411c0174cf07251,True,,,,,,,,,,1.0,1.0,1.0,1.0,0.7473939197214886,1.0,1.0,1.0,0.0,0.7960605999129652
2397,265a501fe44eb4a2e,True,,,,,,,,,,1.0,1.0,1.0,1.0,0.45020935689431907,1.0,0.0,1.0,1.0,0.7031904240294747
2398,5e6df44031e160cad,True,,,,,,,,,,1.0,0.0,1.0,1.0,1.0,1.0,1.0,1.0,0.0,0.0
2399,766195ae1ef2dac03,True,,,,,,,,,,1.0,0.0,1.0,1.0,0.770522989650821,1.0,1.0,1.0,1.0,0.0
2400,2c8a8566b34a09b90,True,,,,,,,,,,0.0,0.0,1.0,1.0,1.0,0.0,1.0,1.0,0.0,0.0
2401,09fa657ef5c07d73d,True,,,,,,,,,,1.0,0.0,1.0,1.0,1.0,1.0,0.0,1.0,1.0,0.0
2402,c63fc1f399e5c5f1c,True,,,,,,,,,,1.0,1.0,1.0,1.0,0.5626434476586698,1.0,1.0,1.0,0.0,0.7383260773933343
2403,fb4312a55bc021d23,True,,,,,,,,,,1.0,1.0,1.0,1.0,0.4100983577361019,1.0,1.0,1.0,1.0,0.8156557367925319
2404,dabeaa21a655424eb,True,,,,,,,,,,1.0,1.0,1.0,1.0,0.48219130422605405,1.0,1.0,1.0,0.0,0.7131847825706419
2405,6b8247643fb8d921c,True,,,,,,,,,,0.5,1.0,1.0,1.0,0.6927393226926447,0.0,0.0,1.0,0.0,0.17074051917072575
2406,8fc9c5ae5ccfdda02,True,,,,,,,,,,1.0,1.0,1.0,1.0,0.4139169172565124,1.0,1.0,1.0,0.0,0.6918490366426602
2407,d16bc6d48c2d674bc,True,,,,,,,,,,1.0,1.0,0.0,1.0,1.0,1.0,0.0,1.0,1.0,0.0
2408,7ab2fe1651beb3aae,True,,,,,,,,,,1.0,1.0,1.0,1.0,0.8681242763294639,1.0,0.0,1.0,1.0,0.8337888363529575
2409,7e3a87b525a6b7c28,True,,,,,,,,,,1.0,1.0,1.0,1.0,0.512152957837495,1.0,1.0,1.0,0.0,0.7225477993242172
2410,6b8ebd7a081ffa425,True,,,,,,,,,,1.0,0.0,0.0,1.0,1.0,1.0,0.0,1.0,0.0,0.0
2411,77bdbbf59381ce4d3,True,,,,,,,,,,1.0,1.0,1.0,1.0,0.0,1.0,0.0,1.0,0.0,0.4375
2412,9330871bc582e7f96,True,,,,,,,,,,1.0,1.0,1.0,1.0,0.8249570533090115,1.0,0.0,1.0,0.0,0.6952990791590661
2413,d0df486d88c5b89d4,True,,,,,,,,,,1.0,1.0,1.0,1.0,0.6630619941980721,1.0,0.0,1.0,1.0,0.7697068731868976
2414,2ae5b4d91dcfac803,True,,,,,,,,,,0.0,1.0,1.0,1.0,1.0,0.0,0.0,1.0,1.0,0.0
2415,bc91b5b7dc430b04d,True,,,,,,,,,,1.0,1.0,0.0,1.0,1.0,1.0,0.0,1.0,1.0,0.0
2416,6f23cf03f94e36b89,True,,,,,,,,,,1.0,1.0,1.0,1.0,0.6561754556418021,1.0,1.0,1.0,0.0,0.7675548298880632
2417,7158ea4fc0b59fdee,True,,,,,,,,,,1.0,1.0,1.0,1.0,0.9425393241657812,1.0,0.0,1.0,1.0,0.8570435388018066
2418,f5a896e060751799d,True,,,,,,,,,,0.0,1.0,1.0,1.0,1.0,0.0,1.0,1.0,0.0,0.0
2419,4df02e870186ea610,True,,,,,,,,,,1.0,1.0,1.0,1.0,0.7341850984650758,1.0,0.0,1.0,1.0,0.7919328432703362
2420,99775d29ec2361de1,True,,,,,,,,,,0.5,0.0,1.0,1.0,0.993337602499146,0.0,0.0,1.0,0.0,0.0
2421,e85778ab78f702e4b,True,,,,,,,,,,0.0,0.0,1.0,1.0,1.0,0.0,1.0,1.0,0.0,0.0
2422,817d4b24592566035,True,,,,,,,,,,0.0,0.0,1.0,1.0,1.0,0.0,0.0,1.0,0.0,0.0
2423,84be03c80c37d30a3,True,,,,,,,,,,0.0,1.0,1.0,1.0,1.0,0.0,1.0,1.0,1.0,0.0
2424,d25b5af7899d7e8e0,True,,,,,,,,,,1.0,0.0,1.0,1.0,0.23570402359253567,1.0,0.0,1.0,1.0,0.0
2425,91df963d13c291bb9,True,,,,,,,,,,1.0,0.0,1.0,1.0,0.7876722288455004,1.0,0.0,1.0,0.0,0.0
2426,02644631a56fa1750,True,,,,,,,,,,1.0,1.0,1.0,1.0,0.5729781853058721,1.0,1.0,1.0,1.0,0.866555682908085
2427,42dea16d984c67d19,True,,,,,,,,,,0.0,1.0,0.0,1.0,1.0,0.0,0.0,1.0,1.0,0.0
2428,74dc897cc60962fc0,True,,,,,,,,,,1.0,1.0,0.0,1.0,1.0,1.0,0.0,0.0,1.0,0.0
2429,9574cf693ee2e6774,True,,,,,,,,,,1.0,1.0,1.0,1.0,0.5072247021747859,1.0,0.0,1.0,1.0,0.7210077194296206
2430,c35e331384b550d78,True,,,,,,,,,,1.0,1.0,1.0,1.0,0.4606333959830645,1.0,1.0,1.0,0.0,0.7064479362447077
2431,5b733b329372ed8c8,True,,,,,,,,,,1.0,1.0,1.0,1.0,0.4850454401061422,1.0,1.0,1.0,1.0,0.8390767000331695
2432,ce2057b130f4218b8,True,,,,,,,,,,1.0,1.0,1.0,1.0,1.0,1.0,0.0,1.0,0.0,0.75
2433,f754ec519c407f213,True,,,,,,,,,,1.0,1.0,1.0,1.0,0.7858631209013838,1.0,1.0,1.0,1.0,0.9330822252816824
2434,90074b411c5d7d55b,True,,,,,,,,,,1.0,1.0,1.0,1.0,0.7785410237318716,1.0,1.0,1.0,0.0,0.8057940699162098
2435,bd0a7b8b83e474560,True,,,,,,,,,,1.0,1.0,1.0,1.0,0.7139120079214017,1.0,0.0,1.0,1.0,0.785597502475438
2436,ca870ac8b947e6752,True,,,,,,,,,,0.0,0.0,1.0,1.0,1.0,0.0,1.0,1.0,0.0,0.0
2437,5b31db57958441e62,True,,,,,,,,,,1.0,1.0,1.0,1.0,0.10781911571770662,1.0,1.0,1.0,1.0,0.7211934736617833
2438,bc310295755fb7084,True,,,,,,,,,,1.0,0.0,1.0,1.0,0.9002072212088795,1.0,1.0,1.0,0.0,0.0
2439,1307b26ce3d38f704,True,,,,,,,,,,1.0,1.0,1.0,1.0,0.9988487090282766,1.0,0.0,1.0,0.0,0.7496402215713365
2440,9afe3b5ff03c0b6bf,True,,,,,,,,,,1.0,1.0,1.0,1.0,1.0,1.0,1.0,1.0,0.0,0.875
2441,14159a93c87271ed1,True,,,,,,,,,,1.0,1.0,1.0,1.0,1.0,0.0,0.0,1.0,0.0,0.4375
2442,0c490f2432946f48b,True,,,,,,,,,,0.0,1.0,1.0,1.0,1.0,0.0,0.0,1.0,0.0,0.0
2443,1dc510be8e058122d,True,,,,,,,,,,1.0,1.0,1.0,1.0,0.8174805333624874,1.0,1.0,1.0,0.0,0.8179626666757773
2444,28d54bc8604f16c63,True,,,,,,,,,,1.0,1.0,1.0,1.0,1.0,1.0,0.0,1.0,1.0,0.875
2445,e0c4f0b6dc4e1a632,True,,,,,,,,,,1.0,1.0,1.0,1.0,1.0,0.0,0.0,1.0,1.0,0.5625
2446,375ef6cffa757aadf,True,,,,,,,,,,1.0,1.0,1.0,1.0,0.44269138234006133,1.0,1.0,1.0,0.0,0.7008410569812692
2447,430915b356a81da1d,True,,,,,,,,,,1.0,1.0,1.0,1.0,0.7051640428397006,1.0,1.0,1.0,1.0,0.9078637633874065
2448,1730cbbbd72e9ce7d,True,,,,,,,,,,0.0,1.0,1.0,1.0,1.0,0.0,0.0,1.0,1.0,0.0
2449,9748e22b4bb8ade92,True,,,,,,,,,,1.0,1.0,1.0,1.0,0.7310328036854215,1.0,0.0,1.0,1.0,0.7909477511516942
2450,1ad6a12ee1c381847,True,,,,,,,,,,1.0,1.0,1.0,1.0,0.9309989439643708,1.0,0.0,1.0,1.0,0.8534371699888659
2451,aa52fd60e4fa0f00c,True,,,,,,,,,,1.0,1.0,1.0,1.0,0.5315069493861877,1.0,1.0,1.0,1.0,0.8535959216831837
2452,ff2677dc137bcd3f7,True,,,,,,,,,,1.0,1.0,1.0,1.0,0.5667092873452522,1.0,1.0,1.0,0.0,0.7395966522953913
2453,16a87b4b1ab4b9fa6,True,,,,,,,,,,1.0,1.0,1.0,1.0,0.821854399240276,1.0,0.0,1.0,1.0,0.8193294997625863
2454,37e08a9d04d846913,True,,,,,,,,,,1.0,0.0,1.0,1.0,1.0,1.0,0.0,1.0,0.0,0.0
2455,8995bd04ab8959f6a,True,,,,,,,,,,0.0,0.0,1.0,1.0,1.0,0.0,1.0,1.0,1.0,0.0
2456,0c384c629c8faf4a0,True,,,,,,,,,,1.0,1.0,1.0,1.0,0.5779326737207209,1.0,1.0,1.0,0.0,0.7431039605377252
2457,9d72bed8e095c9a05,True,,,,,,,,,,1.0,0.0,0.5,1.0,1.0,1.0,0.0,1.0,1.0,0.0
2458,1f060c16840f9229e,True,,,,,,,,,,1.0,1.0,1.0,1.0,0.18660364636992033,1.0,1.0,1.0,1.0,0.7458136394906001
2459,b60c0ec16d57413b5,True,,,,,,,,,,1.0,0.0,0.0,1.0,1.0,1.0,0.0,1.0,0.0,0.0
2460,7c028a0e38d689322,True,,,,,,,,,,1.0,1.0,1.0,1.0,1.0,1.0,0.0,1.0,1.0,0.875
2461,4db96dc771995ab32,True,,,,,,,,,,1.0,1.0,1.0,1.0,0.29248009275646153,1.0,0.0,1.0,0.0,0.5289000289863942
2462,4f4151894f1e74390,True,,,,,,,,,,1.0,1.0,1.0,1.0,0.7325777004443698,1.0,0.0,1.0,1.0,0.7914305313888655
2463,73c0e8fd14908dce6,True,,,,,,,,,,1.0,1.0,1.0,1.0,1.0,1.0,1.0,1.0,0.0,0.875
2464,395c08bc6114b0b9e,True,,,,,,,,,,1.0,1.0,1.0,1.0,0.38772805044380254,1.0,1.0,1.0,0.0,0.6836650157636883
2465,3c66eb3d48ad162dc,True,,,,,,,,,,1.0,1.0,1.0,1.0,0.4077319240583788,1.0,1.0,1.0,0.0,0.6899162262682434
2466,7aa5cbd37497728d5,True,,,,,,,,,,1.0,1.0,1.0,1.0,0.9056028652701882,1.0,1.0,1.0,0.0,0.8455008953969338
2467,24f191a721f816f48,True,,,,,,,,,,1.0,1.0,1.0,1.0,0.8017909259341979,1.0,1.0,1.0,1.0,0.9380596643544368
2468,25e84823ff411a3c2,True,,,,,,,,,,0.0,0.0,1.0,1.0,0.2904099143471826,0.0,0.0,1.0,0.0,0.0
2469,b6030dfa5349bcc9b,True,,,,,,,,,,1.0,1.0,1.0,1.0,1.0,1.0,1.0,1.0,1.0,1.0
2470,e64bbff1f3e0c30be,True,,,,,,,,,,1.0,1.0,1.0,1.0,0.434296015618608,1.0,0.0,1.0,1.0,0.698217504880815
2471,38fd2f329eb063f83,True,,,,,,,,,,1.0,1.0,1.0,1.0,0.339378863075374,1.0,0.0,1.0,1.0,0.6685558947110544
2472,f0e29874418de93db,True,,,,,,,,,,0.0,1.0,1.0,1.0,1.0,0.0,0.0,1.0,1.0,0.0
2473,4ada67449cbca8a4f,True,,,,,,,,,,1.0,1.0,1.0,1.0,0.8757141210078698,1.0,1.0,1.0,1.0,0.9611606628149594
2474,cd1312c660b0759a0,True,,,,,,,,,,1.0,1.0,1.0,1.0,0.6221059953291375,1.0,0.0,1.0,1.0,0.7569081235403554
2475,8d969226c609be10d,True,,,,,,,,,,1.0,1.0,1.0,1.0,1.0,1.0,0.0,1.0,0.0,0.75
2476,a9b1d16817d446b6e,True,,,,,,,,,,1.0,1.0,1.0,1.0,0.8698534173575159,1.0,1.0,1.0,1.0,0.9593291929242237
2477,2bd137e85147a0c70,True,,,,,,,,,,1.0,0.0,0.5,1.0,1.0,1.0,0.0,1.0,0.0,0.0
2478,2a46d49b6aa55f1ca,True,,,,,,,,,,1.0,1.0,1.0,1.0,0.9166405638764398,1.0,0.0,1.0,1.0,0.8489501762113874
2479,2f70249e5e3153c88,True,,,,,,,,,,1.0,1.0,1.0,1.0,0.7080359228464217,1.0,0.0,1.0,1.0,0.7837612258895068
2480,aad606c2d4cfea9a1,True,,,,,,,,,,1.0,1.0,1.0,1.0,0.7760329870207526,1.0,1.0,1.0,0.0,0.8050103084439852
2481,728522f233e8a9fa9,True,,,,,,,,,,1.0,0.0,0.0,1.0,1.0,1.0,0.0,1.0,0.0,0.0
2482,00fac31cd24587354,True,,,,,,,,,,1.0,0.0,1.0,1.0,1.0,1.0,0.0,1.0,0.0,0.0
2483,ffe8f133ba4da683b,True,,,,,,,,,,1.0,1.0,1.0,1.0,0.7380208520708965,1.0,1.0,0.0,0.0,0.6681315162721552
2484,3501e37f323516fb9,True,,,,,,,,,,0.5,0.0,1.0,1.0,1.0,0.0,1.0,1.0,0.0,0.0
2485,6a746336ecf0f665c,True,,,,,,,,,,1.0,1.0,0.0,1.0,1.0,0.0,0.0,1.0,0.0,0.0
2486,986788851f212ec8c,True,,,,,,,,,,1.0,1.0,1.0,1.0,0.5587976625886475,1.0,1.0,1.0,1.0,0.8621242695589524
2487,6d7d0467feb2787ea,True,,,,,,,,,,1.0,1.0,1.0,1.0,0.36142588602679326,1.0,0.0,1.0,0.0,0.5504455893833728
2488,8155d4f80d0416c00,True,,,,,,,,,,1.0,1.0,1.0,1.0,0.37644527166729486,1.0,1.0,1.0,1.0,0.8051391473960297
2489,23406e65760566ef1,True,,,,,,,,,,1.0,1.0,1.0,1.0,0.729608069642642,1.0,1.0,1.0,0.0,0.7905025217633257
2490,faa4f514f8d862142,True,,,,,,,,,,1.0,1.0,1.0,1.0,1.0,1.0,1.0,1.0,0.0,0.875
2491,1291da52f5c1dfbde,True,,,,,,,,,,1.0,1.0,1.0,1.0,0.4434055718175951,1.0,0.0,1.0,1.0,0.7010642411929985
2492,dab86e6eab3ddf22e,True,,,,,,,,,,1.0,1.0,0.0,1.0,1.0,1.0,1.0,1.0,0.0,0.0
2493,204d7543af9e55675,True,,,,,,,,,,1.0,1.0,1.0,1.0,0.2873870582238778,1.0,1.0,1.0,1.0,0.7773084556949619
2494,5504db91fe0808550,True,,,,,,,,,,1.0,1.0,1.0,1.0,0.7910348233562765,1.0,0.0,1.0,1.0,0.8096983822988364
2495,f3852b4bdec74eddc,True,,,,,,,,,,0.5,0.0,1.0,1.0,1.0,0.0,1.0,1.0,0.0,0.0
2496,c334b7fe14a98e8d9,True,,,,,,,,,,1.0,1.0,1.0,1.0,0.5181450415580471,1.0,0.0,1.0,1.0,0.7244203254868897
2497,eafa5db95b382255d,True,,,,,,,,,,1.0,0.0,1.0,1.0,1.0,1.0,0.0,1.0,1.0,0.0
2498,36c7b91f3363fdeda,True,,,,,,,,,,1.0,0.0,0.0,1.0,1.0,1.0,0.0,1.0,1.0,0.0
2499,6e878407167faf00e,True,,,,,,,,,,1.0,0.0,1.0,1.0,0.6799948938497394,1.0,0.0,1.0,0.0,0.0
2500,a317b20e8d007342f,True,,,,,,,,,,1.0,1.0,1.0,1.0,1.0,1.0,0.0,1.0,0.0,0.75
2501,a17ae323ec016c413,True,,,,,,,,,,1.0,1.0,1.0,1.0,0.24655206011373043,1.0,0.0,1.0,1.0,0.6395475187855407
2502,49fd1c147826df430,True,,,,,,,,,,1.0,1.0,1.0,1.0,0.8330720927972914,1.0,1.0,1.0,0.0,0.8228350289991535
2503,bbfd9bdc997348cff,True,,,,,,,,,,1.0,0.0,1.0,1.0,0.8007307184931065,1.0,1.0,1.0,0.0,0.0
2504,e1654044aa2aa4003,True,,,,,,,,,,1.0,0.0,1.0,1.0,0.8814164262462711,1.0,0.0,0.0,1.0,0.0
2505,18904eb72c5073ba1,True,,,,,,,,,,1.0,1.0,1.0,1.0,0.763954683663802,1.0,0.0,1.0,0.0,0.6762358386449381
2506,0ff61f43578c0d8e7,True,,,,,,,,,,1.0,0.0,0.0,1.0,1.0,1.0,0.0,1.0,1.0,0.0
2507,4fd96d4727fd67d4a,True,,,,,,,,,,1.0,1.0,1.0,1.0,0.47090041483578143,1.0,0.0,1.0,0.0,0.5846563796361817
2508,752a0e5be19b82b59,True,,,,,,,,,,0.0,1.0,1.0,1.0,1.0,0.0,0.0,1.0,1.0,0.0
2509,b5c727c3b2286dfc5,True,,,,,,,,,,1.0,1.0,0.5,1.0,0.6948552134719058,1.0,1.0,0.0,0.0,0.3273211271049853
2510,bfba18000f192b90d,True,,,,,,,,,,1.0,1.0,1.0,1.0,0.7533431533756434,1.0,1.0,1.0,0.0,0.7979197354298886
2511,19f37ab0ecf15f254,True,,,,,,,,,,1.0,0.0,1.0,1.0,1.0,1.0,0.0,1.0,1.0,0.0
2512,fe021b72b8b0cf19e,True,,,,,,,,,,1.0,1.0,1.0,1.0,1.0,1.0,1.0,1.0,0.0,0.875
2513,64680c5b6bd6a89e4,True,,,,,,,,,,1.0,0.0,0.5,1.0,0.6144686328076245,1.0,0.0,1.0,1.0,0.0
2514,f843c5c835c2922c1,True,,,,,,,,,,1.0,0.0,0.5,1.0,1.0,1.0,0.0,1.0,0.0,0.0
2515,e8a42b314c0d6f88e,True,,,,,,,,,,1.0,1.0,0.5,1.0,1.0,1.0,0.0,1.0,1.0,0.4375
2516,2da594e725662f7c5,True,,,,,,,,,,1.0,1.0,1.0,1.0,0.4082465187806851,1.0,1.0,1.0,1.0,0.8150770371189641
2517,b3caab7fde86ee89e,True,,,,,,,,,,1.0,1.0,1.0,1.0,0.500981212605049,1.0,0.0,1.0,1.0,0.7190566289390778
2518,69f1ebdf6731c7c70,True,,,,,,,,,,1.0,1.0,1.0,1.0,0.9705317822779731,1.0,1.0,1.0,1.0,0.9907911819618667
2519,67937388005952f7f,True,,,,,,,,,,1.0,1.0,1.0,1.0,0.818513794812626,1.0,1.0,1.0,0.0,0.8182855608789457
2520,a5cb0e8e1b25b4ad4,True,,,,,,,,,,1.0,0.0,1.0,1.0,0.771104836030842,1.0,1.0,1.0,0.0,0.0
2521,85f94ff5a637ec2d5,True,,,,,,,,,,1.0,0.0,0.5,1.0,1.0,1.0,0.0,1.0,0.0,0.0
2522,c279c0b2210285c1f,True,,,,,,,,,,1.0,1.0,0.0,1.0,1.0,1.0,0.0,1.0,0.0,0.0
2523,7b0ac799452a88ee3,True,,,,,,,,,,1.0,1.0,0.0,1.0,1.0,1.0,0.0,1.0,1.0,0.0
2524,f48375618b581af7d,True,,,,,,,,,,1.0,0.0,0.0,1.0,1.0,1.0,1.0,1.0,0.0,0.0
2525,4f2cdfaccb0f4bfac,True,,,,,,,,,,1.0,1.0,1.0,1.0,0.8905857613582714,1.0,0.0,1.0,0.0,0.7158080504244598
2526,5f54e7582c508a3ca,True,,,,,,,,,,1.0,1.0,1.0,1.0,0.7419741331358666,1.0,0.0,1.0,1.0,0.7943669166049583
2527,7cef24e9f023c00e8,True,,,,,,,,,,0.0,0.0,1.0,1.0,1.0,0.0,1.0,1.0,0.0,0.0
2528,60bb87853fd5997e5,True,,,,,,,,,,1.0,0.0,1.0,1.0,0.4904858306083493,1.0,1.0,1.0,1.0,0.0
2529,362f2d9e119bf7981,True,,,,,,,,,,1.0,1.0,1.0,1.0,0.21867965590978639,1.0,1.0,1.0,1.0,0.7558373924718083
2530,d64a870652e64162c,True,,,,,,,,,,1.0,1.0,1.0,1.0,0.6541408539761081,1.0,0.0,1.0,1.0,0.7669190168675337
2531,d6f75a03673049ff0,True,,,,,,,,,,1.0,0.0,0.0,1.0,0.9005365393715437,1.0,0.0,1.0,0.0,0.0
2532,e677a32f0475fc05e,True,,,,,,,,,,1.0,1.0,1.0,1.0,0.6118120183648343,1.0,0.0,1.0,0.0,0.6286912557390107
2533,3affb77370b09f4d7,True,,,,,,,,,,1.0,1.0,1.0,1.0,0.8725955784826747,1.0,0.0,1.0,0.0,0.7101861182758358
2534,c25117617d76189c0,True,,,,,,,,,,1.0,0.0,1.0,1.0,1.0,1.0,1.0,1.0,0.0,0.0
2535,845c54f5c31f66323,True,,,,,,,,,,1.0,1.0,1.0,1.0,0.841655243363612,1.0,1.0,1.0,1.0,0.9505172635511288
2536,3b9ed44b6aec2276a,True,,,,,,,,,,1.0,1.0,1.0,1.0,0.6415614553454752,1.0,1.0,1.0,0.0,0.762987954795461
2537,054ea5b13451c621b,True,,,,,,,,,,1.0,1.0,1.0,1.0,0.7634905539392252,1.0,1.0,1.0,1.0,0.9260907981060078
2538,58f8bb6cc7ee41227,True,,,,,,,,,,1.0,0.0,1.0,1.0,0.8905899069492168,1.0,0.0,1.0,0.0,0.0
2539,5717542c5f1f77274,True,,,,,,,,,,0.0,0.0,1.0,1.0,1.0,0.0,1.0,1.0,0.0,0.0
2540,7f0f949c3d0d9fe1f,True,,,,,,,,,,1.0,1.0,1.0,1.0,1.0,1.0,0.0,1.0,1.0,0.875
2541,79a0ca425b61810ad,True,,,,,,,,,,1.0,1.0,1.0,1.0,0.6411354980312464,1.0,1.0,1.0,1.0,0.8878548431347645
2542,dc7426c833a3749d6,True,,,,,,,,,,0.5,0.0,1.0,1.0,0.8334384257533252,0.0,1.0,1.0,0.0,0.0
2543,67e23c9775c8647fa,True,,,,,,,,,,1.0,0.0,1.0,1.0,1.0,1.0,1.0,1.0,0.0,0.0
2544,6b0fd30198ec1713c,True,,,,,,,,,,1.0,1.0,1.0,1.0,0.35338112930413595,1.0,1.0,1.0,1.0,0.7979316029075425
2545,2bac462f71b189be9,True,,,,,,,,,,1.0,1.0,1.0,1.0,0.7197163527875977,1.0,1.0,1.0,1.0,0.9124113602461243
2546,50b922840407a0340,True,,,,,,,,,,1.0,1.0,0.0,1.0,0.819238237253176,1.0,1.0,1.0,0.0,0.0
2547,41d2023a1a51da75e,True,,,,,,,,,,1.0,1.0,1.0,1.0,0.4819574048671822,1.0,1.0,1.0,1.0,0.8381116890209944
2548,118825fc5cd99a244,True,,,,,,,,,,1.0,1.0,1.0,1.0,0.2572707399472806,1.0,0.0,1.0,0.0,0.5178971062335251
2549,3fa4f9afc8577cdb1,True,,,,,,,,,,1.0,1.0,1.0,1.0,0.2814514724900798,1.0,0.0,1.0,0.0,0.5254535851531499
2550,43bcce57368a6bbc8,True,,,,,,,,,,1.0,1.0,0.5,1.0,1.0,1.0,1.0,1.0,1.0,0.5
2551,4142c2fdf6fa0139a,True,,,,,,,,,,1.0,1.0,1.0,0.0,1.0,1.0,1.0,1.0,0.0,0.0
2552,b71bf73462ddcaa0c,True,,,,,,,,,,1.0,1.0,1.0,1.0,0.7607226040913371,1.0,0.0,1.0,0.0,0.6752258137785428
2553,9492d35704d8b1a15,True,,,,,,,,,,1.0,1.0,0.5,1.0,1.0,1.0,0.0,1.0,1.0,0.4375
2554,d79599d25c9842625,True,,,,,,,,,,1.0,1.0,1.0,1.0,0.8739070950240877,1.0,0.0,1.0,1.0,0.8355959671950274
2555,c1db792a77989232e,True,,,,,,,,,,1.0,1.0,1.0,1.0,0.0,1.0,0.0,1.0,1.0,0.5625
2556,d069a0081ae35d442,True,,,,,,,,,,1.0,0.0,1.0,1.0,0.30128710808484377,1.0,0.0,1.0,0.0,0.0
2557,cbeda6fcf87d3407c,True,,,,,,,,,,1.0,1.0,1.0,1.0,0.6942768404654673,0.0,0.0,1.0,1.0,0.46696151264545854
2558,3fa85a7614a4df720,True,,,,,,,,,,1.0,1.0,1.0,1.0,0.9772406910263567,1.0,0.0,1.0,1.0,0.8678877159457364
2559,6b27e18868c49b898,True,,,,,,,,,,1.0,1.0,1.0,1.0,0.27798746954165454,1.0,1.0,1.0,1.0,0.774371084231767
2560,1169425dafd2dc633,True,,,,,,,,,,1.0,1.0,1.0,1.0,0.7968983540733765,1.0,1.0,1.0,0.0,0.8115307356479302
2561,368fa1aeac7542731,True,,,,,,,,,,0.5,0.0,0.5,1.0,1.0,0.0,0.0,1.0,1.0,0.0
2562,36316a03f12a8e7f4,True,,,,,,,,,,1.0,0.0,0.0,1.0,1.0,1.0,0.0,1.0,0.0,0.0
2563,52d06afe759842b4a,True,,,,,,,,,,1.0,0.0,0.5,1.0,1.0,1.0,0.0,1.0,1.0,0.0
2564,885154f1032e04177,True,,,,,,,,,,1.0,0.0,0.5,1.0,1.0,1.0,0.0,1.0,0.0,0.0
2565,661923b68a72445aa,True,,,,,,,,,,1.0,0.0,1.0,1.0,0.7894977745466093,1.0,0.0,1.0,0.0,0.0
2566,0a74d996f43c7783c,True,,,,,,,,,,1.0,1.0,1.0,1.0,1.0,1.0,1.0,1.0,0.0,0.875
2567,6c00c1447928881d7,True,,,,,,,,,,1.0,1.0,1.0,1.0,0.5076536049032864,1.0,0.0,1.0,1.0,0.721141751532277
2568,ff916ad047eb525de,True,,,,,,,,,,1.0,1.0,1.0,1.0,0.6303815972617604,1.0,1.0,1.0,0.0,0.7594942491443001
2569,ab729d3e912f125a5,True,,,,,,,,,,1.0,1.0,1.0,1.0,1.0,1.0,0.0,1.0,1.0,0.875
2570,554118efec9ed40ce,True,,,,,,,,,,1.0,1.0,1.0,1.0,0.90165176209783,1.0,0.0,1.0,1.0,0.8442661756555718
2571,15b50c1e18979a018,True,,,,,,,,,,1.0,1.0,1.0,1.0,0.3774883315349256,1.0,1.0,1.0,1.0,0.8054651036046643
2572,04de9b2eef6b71d6c,True,,,,,,,,,,1.0,1.0,1.0,1.0,0.9561458880016747,1.0,1.0,1.0,0.0,0.8612955900005234
2573,c2c820f86bd4ff546,True,,,,,,,,,,1.0,1.0,0.5,1.0,0.76403647056005,1.0,0.0,1.0,0.0,0.3381306985250078
2574,5733be765824e1f33,True,,,,,,,,,,1.0,0.0,1.0,1.0,0.4941748094494325,1.0,1.0,1.0,1.0,0.0
2575,ab7e7c6fb9f3451a3,True,,,,,,,,,,1.0,0.0,1.0,1.0,1.0,1.0,0.0,1.0,0.0,0.0
2576,4831965b341a7fca8,True,,,,,,,,,,1.0,1.0,1.0,1.0,0.6292966721261276,1.0,1.0,1.0,1.0,0.8841552100394149
2577,0ab5cb8557d3b269d,True,,,,,,,,,,1.0,1.0,0.5,1.0,1.0,1.0,1.0,1.0,1.0,0.5
2578,d227ec1d4a92cd5fe,True,,,,,,,,,,1.0,0.0,1.0,1.0,0.5317668959986268,1.0,1.0,1.0,1.0,0.0
2579,76cde40b4dab9f0f1,True,,,,,,,,,,1.0,0.0,1.0,1.0,1.0,1.0,1.0,1.0,1.0,0.0
2580,0369a23acb953eeac,True,,,,,,,,,,1.0,1.0,0.5,1.0,0.7704829210699842,1.0,1.0,1.0,0.0,0.401637956417185
2581,4ac35e2587f31ee76,True,,,,,,,,,,1.0,1.0,1.0,1.0,0.7864739899831873,1.0,0.0,1.0,1.0,0.8082731218697461
2582,fbc2b4583a81f36b9,True,,,,,,,,,,1.0,1.0,1.0,1.0,0.36815690774846577,1.0,0.0,1.0,1.0,0.6775490336713955
2583,3ed84fc02c7624898,True,,,,,,,,,,1.0,1.0,1.0,1.0,0.44320453475629773,1.0,1.0,1.0,1.0,0.826001417111343
2584,02e812e171526ec23,True,,,,,,,,,,1.0,1.0,1.0,1.0,0.7135213314164054,1.0,1.0,1.0,0.0,0.7854754160676267
2585,5875003845a7403ab,True,,,,,,,,,,1.0,1.0,1.0,1.0,1.0,1.0,1.0,1.0,1.0,1.0
2586,6fae01aed04d6fd01,True,,,,,,,,,,1.0,1.0,1.0,1.0,1.0,0.0,0.0,1.0,0.0,0.4375
2587,6a45a8aa53220a0e3,True,,,,,,,,,,1.0,1.0,1.0,1.0,0.7601260923900368,1.0,1.0,1.0,0.0,0.8000394038718865
2588,915f97c98701afaae,True,,,,,,,,,,1.0,1.0,0.0,1.0,0.900989481374192,0.0,0.0,1.0,1.0,0.0
2589,a50c0b5a789ee7174,True,,,,,,,,,,0.0,1.0,0.0,1.0,0.8183709974352573,0.0,0.0,1.0,1.0,0.0
2590,956a8bcaa1a0b0856,True,,,,,,,,,,0.0,1.0,1.0,1.0,1.0,0.0,0.0,1.0,0.0,0.0
2591,1aee3d353bc51c730,True,,,,,,,,,,0.0,1.0,0.5,1.0,0.638451917369175,0.0,0.0,1.0,1.0,0.0
2592,0e21f086c18f3949c,True,,,,,,,,,,1.0,1.0,1.0,1.0,0.8927217974194671,1.0,1.0,1.0,0.0,0.8414755616935834
2593,d118da84ab5c39b69,True,,,,,,,,,,1.0,1.0,1.0,1.0,0.7078943702773794,1.0,0.0,1.0,1.0,0.7837169907116811
2594,0f32999a6e12e6b4f,True,,,,,,,,,,1.0,1.0,1.0,1.0,1.0,1.0,0.0,1.0,1.0,0.875
2595,7b49a5c516fc052ba,True,,,,,,,,,,1.0,1.0,0.0,1.0,0.8775653634313786,1.0,0.0,1.0,1.0,0.0
2596,f24aff9d7884c81d2,True,,,,,,,,,,0.5,1.0,1.0,1.0,1.0,0.0,1.0,1.0,0.0,0.28125
2597,172abde18b548feb2,True,,,,,,,,,,1.0,1.0,1.0,1.0,0.7749547921879478,1.0,0.0,1.0,0.0,0.6796733725587337
2598,5bc5b9c19039b3131,True,,,,,,,,,,1.0,1.0,1.0,1.0,0.7775523344951069,1.0,0.0,1.0,1.0,0.8054851045297209
2599,a5797a61db84af354,True,,,,,,,,,,1.0,1.0,1.0,1.0,0.4476052339035431,1.0,1.0,1.0,1.0,0.8273766355948572
2600,8d358053106bc9580,True,,,,,,,,,,0.0,1.0,1.0,1.0,1.0,0.0,0.0,1.0,1.0,0.0
2601,ab20f07e685b59761,True,,,,,,,,,,1.0,1.0,1.0,1.0,0.3623182498043036,1.0,1.0,1.0,0.0,0.6757244530638449
2602,f4eac938a68f3b495,True,,,,,,,,,,1.0,0.0,1.0,1.0,0.8196045090907088,1.0,1.0,1.0,1.0,0.0
2603,4413f87001fcbb7eb,True,,,,,,,,,,1.0,1.0,1.0,1.0,1.0,0.0,1.0,1.0,1.0,0.6875
2604,735bf126af1875fe2,True,,,,,,,,,,0.0,1.0,1.0,1.0,1.0,0.0,0.0,1.0,1.0,0.0
2605,7feb54e1cfc0b6b33,True,,,,,,,,,,1.0,1.0,0.5,1.0,0.651665481110984,1.0,0.0,1.0,1.0,0.3830727314235912
2606,4876fb179a00309b5,True,,,,,,,,,,1.0,1.0,1.0,1.0,0.6545814165566238,1.0,1.0,1.0,1.0,0.8920566926739449
2607,933ba8311a18f9035,True,,,,,,,,,,1.0,1.0,1.0,1.0,0.501943755853514,1.0,0.0,1.0,1.0,0.7193574237042231
2608,47a19dd96d0e85b4d,True,,,,,,,,,,1.0,1.0,1.0,1.0,0.69229974571318,1.0,0.0,1.0,1.0,0.7788436705353687
2609,a9400ab68fb27ff72,True,,,,,,,,,,1.0,1.0,0.0,1.0,1.0,1.0,0.0,1.0,0.0,0.0
2610,2611c3a201b36f3af,True,,,,,,,,,,1.0,1.0,1.0,1.0,0.938928982916911,1.0,1.0,1.0,0.0,0.8559153071615346
2611,40ab16e6d2c7b1db0,True,,,,,,,,,,1.0,1.0,1.0,1.0,0.36525850931841064,1.0,0.0,1.0,1.0,0.6766432841620034
2612,32f2437326c9e81b2,True,,,,,,,,,,1.0,1.0,1.0,1.0,1.0,1.0,0.0,1.0,0.0,0.75
2613,c2aa1b724cefce8f0,True,,,,,,,,,,0.0,0.0,1.0,1.0,1.0,0.0,0.0,1.0,1.0,0.0
2614,6947b69561a94404d,True,,,,,,,,,,1.0,1.0,1.0,1.0,1.0,1.0,0.0,1.0,1.0,0.875
2615,606f1011a6999f264,True,,,,,,,,,,0.0,1.0,1.0,1.0,1.0,0.0,1.0,1.0,1.0,0.0
2616,008d19d3a7e53bd2f,True,,,,,,,,,,1.0,1.0,1.0,0.0,1.0,1.0,1.0,1.0,0.0,0.0
2617,452f589a00d505838,True,,,,,,,,,,1.0,1.0,1.0,1.0,0.535808701218692,1.0,0.0,1.0,0.0,0.6049402191308413
2618,0120638e7b2bd0bdf,True,,,,,,,,,,0.0,1.0,1.0,1.0,1.0,0.0,1.0,1.0,1.0,0.0
2619,f13330e16c05c5902,True,,,,,,,,,,1.0,1.0,1.0,1.0,0.3435483213368842,1.0,1.0,1.0,0.0,0.6698588504177763
2620,c525c6d635eb5f316,True,,,,,,,,,,1.0,1.0,1.0,1.0,0.6693992482678411,1.0,1.0,1.0,1.0,0.8966872650837003
2621,fc8281af0699f4976,True,,,,,,,,,,1.0,1.0,1.0,1.0,0.3758461677467416,1.0,0.0,1.0,1.0,0.6799519274208567
2622,1bddac86d58ce72a5,True,,,,,,,,,,1.0,1.0,1.0,1.0,0.7694860134290977,1.0,1.0,1.0,0.0,0.802964379196593
2623,3b57dcdd08ad03a39,True,,,,,,,,,,1.0,1.0,1.0,1.0,0.4767993626147127,1.0,1.0,1.0,1.0,0.8364998008170977
2624,56873aea1946dc836,True,,,,,,,,,,1.0,1.0,1.0,1.0,1.0,1.0,1.0,1.0,1.0,1.0
2625,050eb5c5cd6081213,True,,,,,,,,,,1.0,1.0,1.0,1.0,0.3943990886459089,1.0,1.0,1.0,1.0,0.8107497152018466
2626,0c19c99a701794b8d,True,,,,,,,,,,0.0,1.0,1.0,1.0,1.0,0.0,1.0,1.0,0.0,0.0
2627,80b51199c992e8e79,True,,,,,,,,,,1.0,0.0,1.0,1.0,0.7935406622600937,1.0,1.0,1.0,0.0,0.0
2628,111982efc7ab59a6d,True,,,,,,,,,,1.0,1.0,1.0,1.0,0.2789646652391142,1.0,1.0,1.0,1.0,0.7746764578872232
2629,ae43de39d8b2ab73c,True,,,,,,,,,,1.0,1.0,1.0,1.0,0.0,1.0,0.0,1.0,0.0,0.4375
2630,6561872854225db74,True,,,,,,,,,,1.0,1.0,1.0,1.0,0.9399360409102548,1.0,1.0,1.0,1.0,0.9812300127844547
2631,b77f2183b554e6641,True,,,,,,,,,,1.0,1.0,1.0,1.0,0.2377085507293918,1.0,1.0,1.0,0.0,0.636783922102935
2632,1aa011bf1da1bf1c7,True,,,,,,,,,,1.0,1.0,1.0,1.0,0.656204159688689,1.0,1.0,1.0,1.0,0.8925637999027153
2633,6e6061d855992b2c3,True,,,,,,,,,,1.0,1.0,1.0,1.0,0.5557630827617306,1.0,1.0,1.0,0.0,0.7361759633630408
2634,bca57d9f8472bf1be,True,,,,,,,,,,1.0,1.0,1.0,1.0,0.7512396994541632,1.0,1.0,1.0,1.0,0.922262406079426
2635,c07fcc57d1a2e1388,True,,,,,,,,,,1.0,0.0,0.5,1.0,0.4439722801559472,1.0,1.0,1.0,1.0,0.0
2636,a5fd097616c7708db,True,,,,,,,,,,1.0,1.0,1.0,1.0,1.0,1.0,0.0,1.0,1.0,0.875
2637,25afbc08ad962c6cd,True,,,,,,,,,,0.0,1.0,1.0,1.0,1.0,0.0,0.0,1.0,0.0,0.0
2638,3d05bde7ec3405ddd,True,,,,,,,,,,1.0,1.0,1.0,1.0,1.0,1.0,0.0,1.0,1.0,0.875
2639,ba3bd0fad9e3fb6eb,True,,,,,,,,,,1.0,1.0,1.0,1.0,0.2760536335240769,1.0,1.0,1.0,1.0,0.773766760476274
2640,87555f32aa4e45c55,True,,,,,,,,,,1.0,1.0,1.0,1.0,0.6884521406331766,1.0,1.0,1.0,1.0,0.9026412939478676
2641,46e64616eb8cc57af,True,,,,,,,,,,1.0,1.0,1.0,1.0,0.7561505160572292,1.0,0.0,1.0,1.0,0.7987970362678841
2642,5fcf415bcf1a37722,True,,,,,,,,,,0.0,1.0,1.0,1.0,1.0,0.0,0.0,1.0,0.0,0.0
2643,94a40142f4cb7e391,True,,,,,,,,,,1.0,0.0,1.0,1.0,0.9426937914190034,1.0,0.0,1.0,0.0,0.0
2644,8ddd0967554f03e92,True,,,,,,,,,,1.0,1.0,1.0,1.0,0.5750051837263962,1.0,0.0,1.0,0.0,0.6171891199144988
2645,92ad1ee3b8c3a8859,True,,,,,,,,,,1.0,0.0,1.0,1.0,0.7244762957302384,1.0,1.0,1.0,1.0,0.0
2646,255fdde0f485718e4,True,,,,,,,,,,1.0,0.0,1.0,1.0,1.0,0.0,0.0,1.0,1.0,0.0
2647,b64ff461b41b49e3c,True,,,,,,,,,,1.0,1.0,0.5,1.0,0.5304477633614187,1.0,0.0,1.0,0.0,0.3016324630252217
2648,b6ce710fb40df843d,True,,,,,,,,,,1.0,0.0,1.0,1.0,1.0,1.0,1.0,0.0,1.0,0.0
2649,c54816fcfbf2074c3,True,,,,,,,,,,1.0,1.0,1.0,1.0,0.733690649783179,1.0,1.0,1.0,1.0,0.9167783280572435
2650,1211bf26e9a785053,True,,,,,,,,,,1.0,1.0,1.0,1.0,0.8117673087264654,1.0,0.0,1.0,1.0,0.8161772839770205
2651,a42fb99bdb7e61156,True,,,,,,,,,,1.0,1.0,1.0,1.0,0.8455194859833287,1.0,1.0,1.0,1.0,0.9517248393697902
2652,2a862303c565d9ca9,True,,,,,,,,,,1.0,1.0,1.0,1.0,1.0,1.0,0.0,1.0,0.0,0.75
2653,7c2d2abd001548d86,True,,,,,,,,,,1.0,0.0,0.0,1.0,1.0,1.0,0.0,1.0,0.0,0.0
2654,ff494c8f27c7b3c5d,True,,,,,,,,,,1.0,1.0,1.0,1.0,0.5586744949680977,1.0,1.0,1.0,1.0,0.8620857796775305
2655,1b0a591d6b3ec8ee1,True,,,,,,,,,,1.0,1.0,1.0,1.0,0.9088710929625299,1.0,1.0,1.0,0.0,0.8465222165507906
2656,9632710f733828256,True,,,,,,,,,,1.0,1.0,1.0,1.0,0.8336927994517291,1.0,0.0,1.0,1.0,0.8230289998286653
2657,49bf9b39d6fc7eeb6,True,,,,,,,,,,1.0,1.0,1.0,1.0,0.9522958382291468,1.0,1.0,1.0,0.0,0.8600924494466083
2658,60d8762d0c173197e,True,,,,,,,,,,1.0,0.0,1.0,1.0,0.5962802700919911,1.0,0.0,1.0,1.0,0.0
2659,7d8867cd2c80b0fd8,True,,,,,,,,,,1.0,1.0,1.0,1.0,0.0,1.0,1.0,1.0,1.0,0.6875
2660,0e893b68e326d1c97,True,,,,,,,,,,1.0,1.0,1.0,1.0,0.11674871915645839,1.0,1.0,1.0,0.0,0.5989839747363932
2661,45f0a34210cea5243,True,,,,,,,,,,1.0,1.0,1.0,1.0,0.5717837266445778,1.0,1.0,1.0,1.0,0.8661824145764305
2662,b2a59535b3edfbc37,True,,,,,,,,,,1.0,1.0,1.0,1.0,0.900164240509267,1.0,1.0,1.0,1.0,0.968801325159146
2663,38a27d438189dcb29,True,,,,,,,,,,1.0,1.0,1.0,1.0,0.6379341215850146,1.0,1.0,1.0,0.0,0.7618544129953171
2664,be44491ed8588df81,True,,,,,,,,,,1.0,1.0,1.0,1.0,1.0,1.0,1.0,1.0,1.0,1.0
2665,108277792b2690db0,True,,,,,,,,,,1.0,1.0,1.0,1.0,0.6444438178504803,1.0,1.0,1.0,1.0,0.8888886930782751
2666,ca8771e5e055dcfca,True,,,,,,,,,,1.0,0.0,0.0,1.0,1.0,1.0,0.0,1.0,1.0,0.0
2667,51d3d62e78d712283,True,,,,,,,,,,0.0,1.0,1.0,1.0,0.9466135343987233,0.0,0.0,1.0,0.0,0.0
2668,6a62285a9933482cb,True,,,,,,,,,,1.0,1.0,0.0,1.0,1.0,1.0,0.0,1.0,1.0,0.0
2669,ccd1d26bd7d71f952,True,,,,,,,,,,1.0,0.0,1.0,1.0,0.7834528809307466,1.0,1.0,1.0,1.0,0.0
2670,eb0047db76ca54d58,True,,,,,,,,,,1.0,1.0,1.0,1.0,0.7404944122807886,1.0,1.0,1.0,1.0,0.9189045038377465
2671,6dfd14bd1bef71d80,True,,,,,,,,,,1.0,1.0,1.0,1.0,0.7884655435131646,1.0,0.0,1.0,1.0,0.8088954823478639
2672,49f0f48e0fa4af03e,True,,,,,,,,,,1.0,0.0,1.0,1.0,1.0,1.0,1.0,1.0,1.0,0.0
2673,fac0a5c373900e63b,True,,,,,,,,,,1.0,1.0,1.0,1.0,0.3949772420963956,1.0,1.0,1.0,1.0,0.8109303881551236
2674,2a61f186fe92b261b,True,,,,,,,,,,0.0,1.0,0.0,1.0,1.0,0.0,0.0,1.0,0.0,0.0
2675,e1787c2ae57c993f3,True,,,,,,,,,,1.0,1.0,1.0,1.0,0.5988928285342894,1.0,0.0,1.0,0.0,0.6246540089169654
2676,5275c2d3d823a5476,True,,,,,,,,,,1.0,1.0,1.0,1.0,0.3654142418980406,1.0,1.0,1.0,1.0,0.8016919505931377
2677,b7161060a1ad34cc6,True,,,,,,,,,,1.0,0.0,0.0,1.0,1.0,1.0,0.0,1.0,0.0,0.0
2678,dfb0b00c1c3dcaa0a,True,,,,,,,,,,1.0,1.0,0.5,1.0,0.6357065715501033,1.0,0.0,1.0,0.0,0.31807915180470364
2679,493a69b930b600eb5,True,,,,,,,,,,1.0,1.0,1.0,1.0,1.0,1.0,1.0,1.0,1.0,1.0
2680,e71523844476db4f4,True,,,,,,,,,,1.0,1.0,1.0,1.0,0.7527563070996536,1.0,0.0,1.0,1.0,0.7977363459686417
2681,170cbe90db917432e,True,,,,,,,,,,1.0,1.0,1.0,1.0,0.7678855614300696,1.0,0.0,1.0,1.0,0.8024642379468967
2682,8081e2cd26d042444,True,,,,,,,,,,1.0,1.0,1.0,1.0,1.0,1.0,1.0,1.0,0.0,0.875
2683,65e1feb850bbe8c9b,True,,,,,,,,,,1.0,1.0,0.5,1.0,1.0,1.0,0.0,1.0,1.0,0.4375
2684,beae653519f0232e7,True,,,,,,,,,,1.0,1.0,1.0,1.0,0.3382466572061257,1.0,0.0,1.0,1.0,0.6682020803769143
2685,47a79d5ba0ff53156,True,,,,,,,,,,1.0,0.0,1.0,1.0,1.0,1.0,1.0,1.0,0.0,0.0
2686,5a6b5af2e36371f17,True,,,,,,,,,,1.0,1.0,1.0,1.0,0.6555263388473698,1.0,1.0,1.0,1.0,0.892351980889803
2687,b95297d2453c0e1e8,True,,,,,,,,,,1.0,0.0,1.0,1.0,1.0,1.0,1.0,1.0,1.0,0.0
2688,7bcbb548162ed8dbb,True,,,,,,,,,,1.0,1.0,1.0,1.0,0.808273947443963,1.0,1.0,1.0,1.0,0.9400856085762384
2689,294074b42621095d5,True,,,,,,,,,,1.0,1.0,1.0,1.0,0.8547986160798741,1.0,0.0,1.0,1.0,0.8296245675249607
2690,4e0a366def21f29ed,True,,,,,,,,,,1.0,1.0,1.0,1.0,0.20736936774069156,1.0,1.0,1.0,1.0,0.7523029274189661
2691,a70343efbae4bbaab,True,,,,,,,,,,1.0,0.0,1.0,1.0,1.0,1.0,0.0,1.0,1.0,0.0
2692,2efb8ce9a842354c8,True,,,,,,,,,,1.0,1.0,1.0,1.0,0.6461114033892468,1.0,1.0,1.0,0.0,0.7644098135591396
2693,95b104c6ad1c29b95,True,,,,,,,,,,1.0,1.0,1.0,1.0,0.7793724240157605,1.0,0.0,1.0,1.0,0.8060538825049252
2694,061cce46c96a0fd2c,True,,,,,,,,,,1.0,1.0,1.0,1.0,0.41073941080277954,1.0,0.0,1.0,0.0,0.5658560658758687
2695,858914d079ed93fdb,True,,,,,,,,,,1.0,0.0,1.0,1.0,1.0,1.0,1.0,1.0,1.0,0.0
2696,256ffb5e85a521e98,True,,,,,,,,,,1.0,1.0,1.0,1.0,0.4202440535639645,1.0,0.0,1.0,1.0,0.6938262667387389
2697,74ccd6443745d7a0a,True,,,,,,,,,,0.0,1.0,1.0,1.0,0.6285394227480772,0.0,0.0,1.0,0.0,0.0
2698,3de4e2683ea8699d4,True,,,,,,,,,,1.0,1.0,1.0,1.0,0.7687368601158336,1.0,1.0,1.0,0.0,0.802730268786198
2699,d9229c0f61c8ff48a,True,,,,,,,,,,1.0,1.0,1.0,1.0,0.1438030369879578,1.0,1.0,1.0,1.0,0.7324384490587368
2700,c7c0caa29dbf55999,True,,,,,,,,,,0.0,1.0,1.0,1.0,1.0,0.0,0.0,1.0,0.0,0.0
2701,701516f2dc4b0ec24,True,,,,,,,,,,1.0,1.0,1.0,1.0,0.35376500654770127,1.0,1.0,1.0,1.0,0.7980515645461567
2702,2fde3a5e36412e1a9,True,,,,,,,,,,1.0,0.0,1.0,1.0,1.0,1.0,1.0,1.0,1.0,0.0
2703,5cfc1b909ca5a6869,True,,,,,,,,,,1.0,1.0,0.0,1.0,1.0,1.0,0.0,1.0,1.0,0.0
2704,c909e005442d28a9c,True,,,,,,,,,,1.0,1.0,1.0,1.0,0.6868890999042502,1.0,1.0,1.0,0.0,0.7771528437200782
2705,19b05b1af3b23f887,True,,,,,,,,,,1.0,1.0,0.0,1.0,1.0,1.0,0.0,1.0,1.0,0.0
2706,903d42d3fe50f5b3b,True,,,,,,,,,,1.0,1.0,1.0,1.0,0.76317281446359,1.0,1.0,1.0,0.0,0.8009915045198719
2707,8c15ca99bf75d7dbe,True,,,,,,,,,,1.0,1.0,1.0,1.0,0.8376626598043734,1.0,0.0,1.0,1.0,0.8242695811888667
2708,0062f66f0a168555e,True,,,,,,,,,,1.0,1.0,1.0,1.0,0.19751286238037485,1.0,1.0,1.0,0.0,0.6242227694938671
2709,e6ff8ec91b67a0256,True,,,,,,,,,,1.0,1.0,1.0,1.0,0.7772453119997618,1.0,1.0,1.0,0.0,0.8053891599999256
2710,6583dc042ee97ab5a,True,,,,,,,,,,1.0,1.0,1.0,1.0,0.418852948994119,1.0,0.0,1.0,1.0,0.6933915465606622
2711,2c5a6bcca688df5f6,True,,,,,,,,,,1.0,0.0,0.0,1.0,1.0,1.0,0.0,1.0,1.0,0.0
2712,074cb9c09e56d13b7,True,,,,,,,,,,1.0,0.0,1.0,1.0,0.7215067648339445,1.0,0.0,1.0,0.0,0.0
2713,ca78ccfc1f366ca72,True,,,,,,,,,,0.0,1.0,0.0,1.0,1.0,0.0,0.0,1.0,0.0,0.0
2714,9157e54640172d150,True,,,,,,,,,,1.0,0.0,1.0,1.0,1.0,1.0,1.0,1.0,1.0,0.0
2715,61bca41b2089dee0b,True,,,,,,,,,,1.0,1.0,1.0,1.0,0.7305746993045806,1.0,1.0,1.0,0.0,0.7908045935326815
2716,58f91f82a3c230e1e,True,,,,,,,,,,0.5,1.0,0.0,1.0,1.0,0.0,0.0,1.0,0.0,0.0
2717,6fad2bc43e18270d8,True,,,,,,,,,,1.0,0.0,1.0,1.0,0.8264653295867304,1.0,1.0,1.0,0.0,0.0
2718,868d49798379dc351,True,,,,,,,,,,1.0,1.0,1.0,1.0,0.967399778364026,1.0,1.0,1.0,0.0,0.8648124307387581
2719,86ef74bf900e70e17,True,,,,,,,,,,1.0,0.0,0.0,1.0,1.0,1.0,0.0,0.0,0.0,0.0
2720,68bca311e7f195048,True,,,,,,,,,,0.0,1.0,1.0,1.0,1.0,0.0,1.0,1.0,0.0,0.0
2721,38de297bc8ae7c55e,True,,,,,,,,,,1.0,1.0,1.0,1.0,0.7284268026631185,1.0,1.0,1.0,1.0,0.9151333758322245
2722,944867d5050b336ad,True,,,,,,,,,,1.0,0.0,0.0,1.0,1.0,0.0,0.0,1.0,1.0,0.0
2723,1cc09e6291c8fd8b7,True,,,,,,,,,,1.0,0.0,1.0,1.0,0.7947507207134521,1.0,0.0,1.0,1.0,0.0
2724,5dfd054f0a5ff50d9,True,,,,,,,,,,1.0,1.0,1.0,1.0,1.0,0.0,1.0,1.0,1.0,0.6875
2725,bc20b8c58a5cffb8d,True,,,,,,,,,,1.0,0.0,0.5,1.0,1.0,1.0,0.0,1.0,1.0,0.0
2726,c64e0d6194293f51e,True,,,,,,,,,,1.0,1.0,1.0,1.0,0.4144331662585113,1.0,1.0,1.0,1.0,0.8170103644557848
2727,0800b8cbfe2ebcaf3,True,,,,,,,,,,1.0,1.0,0.5,1.0,0.5171259666355976,1.0,0.0,1.0,0.0,0.2995509322868121
2728,9c439f9711b4d4d8a,True,,,,,,,,,,1.0,1.0,1.0,1.0,0.9608378809394901,1.0,1.0,1.0,1.0,0.9877618377935906
2729,77db839a0d3b1d5fe,True,,,,,,,,,,1.0,1.0,1.0,1.0,0.7778629402624033,1.0,1.0,1.0,1.0,0.9305821688320011
2730,808e6b707f608e2a9,True,,,,,,,,,,1.0,1.0,0.0,1.0,1.0,0.0,0.0,1.0,0.0,0.0
2731,f4441ff7b0692d28d,True,,,,,,,,,,1.0,1.0,1.0,1.0,0.24521640296504826,1.0,0.0,1.0,1.0,0.6391301259265776
2732,064aaacc7d9acb094,True,,,,,,,,,,1.0,1.0,1.0,1.0,1.0,1.0,0.0,1.0,1.0,0.875
2733,0fc2fec903c77398f,True,,,,,,,,,,1.0,1.0,1.0,1.0,0.6181702784249042,1.0,0.0,1.0,1.0,0.7556782120077825
2734,2028b4dbdc9149a19,True,,,,,,,,,,1.0,1.0,1.0,1.0,0.2634781320936346,1.0,1.0,1.0,0.0,0.6448369162792609
2735,4e6f3caac62c57abb,True,,,,,,,,,,1.0,1.0,1.0,1.0,0.5509864710281297,1.0,0.0,1.0,1.0,0.7346832721962906
2736,96a58a5e3850d0b3d,True,,,,,,,,,,1.0,1.0,1.0,1.0,0.34212419221039797,1.0,1.0,1.0,1.0,0.7944138100657494
2737,d9a1e3491e140bd54,True,,,,,,,,,,1.0,1.0,1.0,1.0,0.9314938541639237,1.0,0.0,1.0,0.0,0.7285918294262261
2738,891736e00076f8901,True,,,,,,,,,,0.5,0.0,1.0,1.0,0.8876473724591994,0.0,1.0,1.0,0.0,0.0
2739,00bbaca29a3b34595,True,,,,,,,,,,1.0,1.0,1.0,1.0,0.7216178392222928,1.0,1.0,1.0,1.0,0.9130055747569665
2740,65d059ca1a57ebca1,True,,,,,,,,,,1.0,0.0,1.0,1.0,1.0,1.0,0.0,1.0,0.0,0.0
2741,38c6024c468e96db8,True,,,,,,,,,,1.0,1.0,1.0,1.0,0.547250908834764,1.0,0.0,1.0,1.0,0.7335159090108637
2742,daba931964ff703a5,True,,,,,,,,,,1.0,1.0,1.0,1.0,0.6382517245953914,1.0,1.0,1.0,1.0,0.8869536639360598
2743,4d2744d7e3bd555b5,True,,,,,,,,,,1.0,1.0,1.0,1.0,0.8877807991124617,1.0,1.0,1.0,1.0,0.9649314997226442
2744,5717f95b78bfe233e,True,,,,,,,,,,1.0,1.0,1.0,1.0,0.5444036352040187,1.0,1.0,1.0,1.0,0.8576261360012558
2745,40f8e0ab453bddbb1,True,,,,,,,,,,1.0,1.0,1.0,1.0,0.30777603397968045,1.0,0.0,1.0,1.0,0.6586800106186501
2746,30123728ead1b4804,True,,,,,,,,,,0.0,1.0,1.0,1.0,1.0,0.0,1.0,1.0,1.0,0.0
2747,aaf7a6f6d13220a76,True,,,,,,,,,,1.0,0.0,0.5,1.0,0.8026680402268596,1.0,0.0,1.0,0.0,0.0
2748,bab672bfc41847afb,True,,,,,,,,,,1.0,1.0,1.0,1.0,0.594350187460983,1.0,1.0,1.0,1.0,0.8732344335815572
2749,78de0559e7e44a61a,True,,,,,,,,,,1.0,0.0,1.0,1.0,1.0,1.0,1.0,1.0,1.0,0.0
2750,9cbb06ac6bd21fc4c,True,,,,,,,,,,1.0,1.0,0.5,1.0,1.0,1.0,1.0,1.0,0.0,0.4375
2751,7eaedaf0e0d844712,True,,,,,,,,,,1.0,1.0,1.0,1.0,0.7114253889351201,1.0,1.0,1.0,1.0,0.909820434042225
2752,cc082d08854f64656,True,,,,,,,,,,0.0,0.0,0.5,1.0,1.0,0.0,0.0,1.0,0.0,0.0
2753,df1a0f92cba6a82a6,True,,,,,,,,,,1.0,1.0,1.0,1.0,0.7355676560424831,1.0,1.0,1.0,0.0,0.792364892513276
2754,a69e816127208136c,True,,,,,,,,,,1.0,1.0,1.0,1.0,0.828624649412742,1.0,0.0,1.0,1.0,0.8214452029414818
2755,5f53c45bd71589e3f,True,,,,,,,,,,1.0,1.0,1.0,1.0,0.9768721113882339,1.0,0.0,1.0,0.0,0.7427725348088231
2756,4232b6ce6d0b377b8,True,,,,,,,,,,1.0,0.0,1.0,1.0,0.95662683849245,1.0,0.0,1.0,0.0,0.0
2757,b3989347b7f24848c,True,,,,,,,,,,1.0,1.0,1.0,1.0,0.5904998558134041,1.0,1.0,1.0,1.0,0.8720312049416887
2758,27007a0ff06d16d30,True,,,,,,,,,,1.0,1.0,1.0,1.0,1.0,1.0,1.0,1.0,1.0,1.0
2759,b33c373192c8560d1,True,,,,,,,,,,1.0,0.0,1.0,1.0,0.696470463950946,1.0,1.0,1.0,0.0,0.0
2760,ef43f59a6f819d9a6,True,,,,,,,,,,1.0,1.0,1.0,1.0,0.311800472285835,1.0,1.0,1.0,0.0,0.6599376475893235
2761,f7741428b4719155a,True,,,,,,,,,,1.0,1.0,0.0,1.0,0.7878821685286613,1.0,0.0,1.0,1.0,0.0
2762,f14211934248f5602,True,,,,,,,,,,1.0,1.0,1.0,1.0,0.2508388542374948,1.0,1.0,1.0,1.0,0.7658871419492171
2763,2f5db903282a4e143,True,,,,,,,,,,1.0,0.0,1.0,1.0,0.2585568423270369,1.0,0.0,1.0,1.0,0.0
2764,6d7bece364fac8d01,True,,,,,,,,,,1.0,0.0,1.0,1.0,1.0,1.0,0.0,1.0,0.0,0.0
2765,be5258dc2386ca4e3,True,,,,,,,,,,1.0,1.0,1.0,1.0,1.0,1.0,0.0,1.0,0.0,0.75
2766,f0ec163fc911ff8bb,True,,,,,,,,,,1.0,1.0,1.0,1.0,0.24050397356694628,1.0,1.0,1.0,0.0,0.6376574917396707
2767,9d3a947ac7ae15c8a,True,,,,,,,,,,0.0,1.0,1.0,1.0,1.0,0.0,0.0,1.0,0.0,0.0
2768,8ed1946abef82fdb9,True,,,,,,,,,,1.0,0.0,0.5,1.0,0.6781876242366215,1.0,0.0,1.0,1.0,0.0
2769,4af67dc39e7984c17,True,,,,,,,,,,1.0,1.0,1.0,1.0,0.6760787995171752,1.0,1.0,1.0,1.0,0.8987746248491173
2770,e96c4d87797ab96d1,True,,,,,,,,,,1.0,1.0,1.0,1.0,0.7591928917821426,1.0,0.0,1.0,1.0,0.7997477786819196
2771,08bcd54c271622666,True,,,,,,,,,,1.0,1.0,1.0,1.0,0.5456506989998904,1.0,1.0,1.0,1.0,0.8580158434374657
2772,aded499bdbf17f962,True,,,,,,,,,,1.0,1.0,1.0,1.0,1.0,1.0,0.0,1.0,0.0,0.75
2773,fa350068f608950fe,True,,,,,,,,,,1.0,1.0,1.0,1.0,1.0,1.0,0.0,1.0,1.0,0.875
2774,ab0cda5402469194e,True,,,,,,,,,,1.0,1.0,0.0,1.0,0.8879591795377658,0.0,1.0,1.0,0.0,0.0
2775,c82fe572121770ee2,True,,,,,,,,,,1.0,0.0,1.0,1.0,1.0,1.0,0.0,1.0,0.0,0.0
2776,3e8522a5f8d7b3783,True,,,,,,,,,,1.0,1.0,1.0,1.0,1.0,1.0,0.0,1.0,1.0,0.875
2777,0e0c4a0cc9feb9612,True,,,,,,,,,,1.0,1.0,1.0,1.0,0.338005588541466,1.0,0.0,1.0,1.0,0.6681267464192081
2778,87ba78b703221d111,True,,,,,,,,,,0.0,1.0,1.0,1.0,1.0,0.0,1.0,1.0,1.0,0.0
2779,fa2224428f7eab22f,True,,,,,,,,,,1.0,1.0,1.0,1.0,0.745835471381127,1.0,1.0,1.0,0.0,0.7955735848066022
2780,f2d7c34919985c798,True,,,,,,,,,,0.0,1.0,1.0,1.0,1.0,0.0,0.0,1.0,1.0,0.0
2781,c808695431d352ba9,True,,,,,,,,,,0.5,1.0,1.0,1.0,1.0,0.0,1.0,1.0,0.0,0.28125
2782,10da8689597a01351,True,,,,,,,,,,1.0,1.0,1.0,1.0,0.7038235137145942,1.0,1.0,1.0,1.0,0.9074448480358107
2783,a4564a26800be40aa,True,,,,,,,,,,0.0,1.0,0.5,1.0,1.0,0.0,0.0,1.0,0.0,0.0
2784,4366160abaeabb363,True,,,,,,,,,,1.0,1.0,1.0,1.0,0.9259372733780005,1.0,1.0,1.0,0.0,0.8518553979306251
2785,74a93e74eb8082fae,True,,,,,,,,,,0.0,1.0,1.0,1.0,1.0,0.0,0.0,1.0,1.0,0.0
2786,c2a3b350db0887b64,True,,,,,,,,,,1.0,1.0,1.0,1.0,0.8651539793618512,1.0,0.0,1.0,1.0,0.8328606185505785
2787,568447ab7f82a5918,True,,,,,,,,,,1.0,0.0,0.0,1.0,1.0,1.0,0.0,1.0,0.0,0.0
2788,5e3a21657a7371a7a,True,,,,,,,,,,1.0,1.0,0.0,1.0,1.0,1.0,0.0,1.0,0.0,0.0
2789,2516d8b2211015894,True,,,,,,,,,,1.0,0.0,1.0,1.0,0.7391621883387199,1.0,1.0,1.0,1.0,0.0
2790,40fd4749fb6c9cd3a,True,,,,,,,,,,1.0,1.0,1.0,1.0,0.5006155765935072,1.0,1.0,1.0,0.0,0.7189423676854709
2791,d27053118101aa310,True,,,,,,,,,,1.0,1.0,1.0,1.0,0.2859658259740988,1.0,0.0,1.0,0.0,0.5268643206169059
2792,24b6ddd9158c4bf2c,True,,,,,,,,,,1.0,1.0,1.0,1.0,0.7604005145222006,1.0,1.0,1.0,1.0,0.9251251607881876
2793,ca6194714b4b58cfb,True,,,,,,,,,,1.0,1.0,1.0,1.0,0.9766556925173574,1.0,0.0,1.0,0.0,0.7427049039116742
2794,660b054f474f6bec1,True,,,,,,,,,,1.0,1.0,1.0,1.0,0.7479875061371304,1.0,1.0,1.0,1.0,0.9212460956678532
2795,aa6ae8ce4dc53d9af,True,,,,,,,,,,1.0,1.0,1.0,1.0,0.7216244909583621,1.0,1.0,1.0,0.0,0.7880076534244882
2796,686f1f87016b7e54b,True,,,,,,,,,,1.0,0.0,1.0,1.0,1.0,1.0,1.0,1.0,1.0,0.0
2797,484e5d7157f571795,True,,,,,,,,,,1.0,1.0,1.0,1.0,0.32744521994048514,1.0,0.0,1.0,1.0,0.6648266312314016
2798,2c920866d1784abe5,True,,,,,,,,,,0.0,1.0,1.0,0.0,1.0,0.0,0.0,1.0,0.0,0.0
2799,1fe19452daacb7953,True,,,,,,,,,,0.0,1.0,1.0,1.0,1.0,0.0,1.0,1.0,1.0,0.0
2800,8b8b4f2749140ac7a,True,,,,,,,,,,1.0,1.0,1.0,1.0,0.776942780457668,1.0,0.0,1.0,0.0,0.6802946188930212
2801,d308ca8a7878741eb,True,,,,,,,,,,1.0,0.0,1.0,1.0,1.0,1.0,0.0,1.0,0.0,0.0
2802,473600f4c7f5be5c9,True,,,,,,,,,,1.0,1.0,1.0,1.0,1.0,1.0,1.0,1.0,1.0,1.0
2803,ca4b53e32b7f4aedf,True,,,,,,,,,,1.0,1.0,1.0,1.0,0.35762865065473654,1.0,0.0,1.0,1.0,0.6742589533296052
2804,9efffb1c9487faa89,True,,,,,,,,,,1.0,0.0,1.0,1.0,1.0,1.0,0.0,1.0,1.0,0.0
2805,45904686e63c2b9a3,True,,,,,,,,,,1.0,1.0,1.0,1.0,0.0,1.0,1.0,1.0,1.0,0.6875
2806,43d8801586cb39007,True,,,,,,,,,,1.0,0.0,1.0,1.0,0.6947653461388299,1.0,0.0,1.0,0.0,0.0
2807,bf56d797d033f36bd,True,,,,,,,,,,1.0,1.0,1.0,1.0,0.6377187351169742,1.0,1.0,1.0,0.0,0.7617871047240544
2808,8ccebe9711753a11b,True,,,,,,,,,,1.0,1.0,1.0,1.0,0.2957212388025918,1.0,1.0,1.0,1.0,0.77991288712581
2809,9a21c94093757379d,True,,,,,,,,,,1.0,1.0,1.0,1.0,0.6086697381446657,1.0,0.0,1.0,0.0,0.6277092931702081
2810,66d4f1e7e5ab29631,True,,,,,,,,,,1.0,1.0,1.0,1.0,0.31462342713745084,1.0,1.0,1.0,1.0,0.7858198209804534
2811,aaf0cbe31c7a5aa33,True,,,,,,,,,,1.0,1.0,0.5,1.0,1.0,1.0,0.0,1.0,0.0,0.375
2812,0e79638f76319d5dd,True,,,,,,,,,,1.0,1.0,1.0,1.0,0.36139589835235475,1.0,1.0,1.0,1.0,0.8004362182351108
2813,c03a37189cd1ca69a,True,,,,,,,,,,0.0,1.0,1.0,1.0,1.0,0.0,0.0,1.0,1.0,0.0
2814,ebe3f434bfee258dc,True,,,,,,,,,,0.0,1.0,1.0,1.0,1.0,0.0,1.0,1.0,1.0,0.0
2815,95f0d6c3b4018f122,True,,,,,,,,,,1.0,1.0,1.0,1.0,1.0,1.0,1.0,1.0,0.0,0.875
2816,bd52a44e8dce6c6d8,True,,,,,,,,,,0.5,1.0,1.0,1.0,1.0,1.0,0.0,1.0,1.0,0.4375
2817,92fd62b816fa1435c,True,,,,,,,,,,1.0,1.0,0.5,1.0,1.0,1.0,0.0,1.0,1.0,0.4375
2818,7e4af807f673c946b,True,,,,,,,,,,1.0,1.0,1.0,1.0,0.7104320158288245,1.0,0.0,1.0,0.0,0.6595100049465077
2819,531e4c58eeca959a5,True,,,,,,,,,,1.0,1.0,1.0,1.0,0.21821495267345659,1.0,1.0,1.0,0.0,0.6306921727104552
2820,b652abb8dca7b06f0,True,,,,,,,,,,1.0,1.0,1.0,1.0,1.0,1.0,1.0,1.0,0.0,0.875
2821,792d3420eef5dbc41,True,,,,,,,,,,1.0,1.0,1.0,1.0,0.5806611312278369,1.0,1.0,1.0,1.0,0.8689566035086991
2822,7878266af5a97d7ce,True,,,,,,,,,,1.0,1.0,1.0,1.0,1.0,1.0,0.0,1.0,0.0,0.75
2823,e5e284a0009e877d9,True,,,,,,,,,,1.0,0.0,0.0,1.0,1.0,1.0,0.0,1.0,1.0,0.0
2824,8f18562d38dacb97d,True,,,,,,,,,,0.0,1.0,1.0,1.0,1.0,0.0,0.0,1.0,0.0,0.0
2825,b66b0513b3b0cf5c4,True,,,,,,,,,,1.0,1.0,1.0,1.0,1.0,1.0,0.0,1.0,0.0,0.75
2826,0b204ead40703c13f,True,,,,,,,,,,1.0,1.0,1.0,1.0,0.7461863102161079,1.0,1.0,1.0,0.0,0.7956832219425337
2827,fed773a2bcad8ee41,True,,,,,,,,,,1.0,0.0,0.0,1.0,1.0,1.0,0.0,1.0,0.0,0.0
2828,efc42904915428868,True,,,,,,,,,,0.0,1.0,1.0,1.0,1.0,0.0,0.0,1.0,0.0,0.0
2829,9eaf4038cc95831dd,True,,,,,,,,,,1.0,1.0,1.0,1.0,0.9962901931412225,1.0,0.0,1.0,1.0,0.8738406853566321
2830,ba3f20b19ddb93cb1,True,,,,,,,,,,0.0,1.0,0.0,1.0,1.0,0.0,1.0,1.0,0.0,0.0
2831,7e15600681ad3a48a,True,,,,,,,,,,1.0,1.0,1.0,1.0,0.7863175575266604,1.0,0.0,1.0,1.0,0.8082242367270813
2832,404bfe24cd4dfebb4,True,,,,,,,,,,1.0,1.0,1.0,1.0,1.0,1.0,1.0,1.0,1.0,1.0
2833,c4f1bbae37da9b03a,True,,,,,,,,,,1.0,0.0,1.0,1.0,0.8610667262957403,1.0,1.0,1.0,0.0,0.0
2834,a2d7b9c1ccf5a5070,True,,,,,,,,,,1.0,0.0,1.0,1.0,0.36690052140546525,1.0,1.0,1.0,0.0,0.0
2835,2f704570e75d053c7,True,,,,,,,,,,1.0,1.0,1.0,1.0,0.541245907428112,1.0,1.0,1.0,1.0,0.856639346071285
2836,f9f0618a87c59174c,True,,,,,,,,,,1.0,1.0,1.0,1.0,0.5596731520347088,1.0,1.0,1.0,1.0,0.8623978600108465
2837,ca366055bc1b9838a,True,,,,,,,,,,1.0,1.0,1.0,1.0,0.9668964362990045,1.0,1.0,1.0,1.0,0.9896551363434389
2838,e5f10bfebbe5b0bc2,True,,,,,,,,,,1.0,1.0,1.0,1.0,0.7468593288488188,1.0,1.0,1.0,0.0,0.7958935402652558
2839,5d362d17d2494ac7c,True,,,,,,,,,,1.0,1.0,1.0,1.0,0.4827852990786331,1.0,1.0,1.0,0.0,0.7133704059620729
2840,692440daecd03cbe0,True,,,,,,,,,,1.0,1.0,0.5,1.0,1.0,1.0,0.0,1.0,1.0,0.4375
2841,0883e274dffb8a761,True,,,,,,,,,,1.0,0.0,1.0,1.0,1.0,1.0,1.0,1.0,1.0,0.0
2842,0ed9b19cfb122d58d,True,,,,,,,,,,1.0,1.0,1.0,1.0,0.768885840468841,1.0,1.0,1.0,0.0,0.8027768251465128
2843,b6611f13150a67e76,True,,,,,,,,,,0.0,1.0,1.0,1.0,1.0,0.0,1.0,1.0,1.0,0.0
2844,8fb004759e2d805f0,True,,,,,,,,,,1.0,0.0,1.0,1.0,1.0,1.0,1.0,1.0,0.0,0.0
2845,8ea9dd3d247a8435f,True,,,,,,,,,,1.0,1.0,1.0,1.0,0.2483707502659306,1.0,0.0,1.0,1.0,0.6401158594581033
2846,4f4036e82ca553ab5,True,,,,,,,,,,1.0,1.0,1.0,1.0,0.5026567685047493,1.0,1.0,1.0,1.0,0.8445802401577341
2847,1ea195d959bce2d65,True,,,,,,,,,,0.0,0.0,0.0,1.0,1.0,0.0,0.0,1.0,1.0,0.0
2848,05eb9641b2003663e,True,,,,,,,,,,1.0,1.0,1.0,1.0,1.0,1.0,1.0,1.0,1.0,1.0
2849,4a9850fe681028df5,True,,,,,,,,,,1.0,1.0,0.0,1.0,0.8836285478246765,1.0,0.0,0.0,0.0,0.0
2850,87b0f0681dc28e308,True,,,,,,,,,,0.5,1.0,1.0,1.0,1.0,0.0,1.0,1.0,0.0,0.28125
2851,9b0fa1196afa1a71b,True,,,,,,,,,,1.0,0.0,1.0,1.0,0.3134871871531376,1.0,1.0,1.0,1.0,0.0
2852,44c452535c1f9bd1b,True,,,,,,,,,,1.0,1.0,1.0,1.0,0.7281847086606341,1.0,1.0,1.0,1.0,0.9150577214564481
2853,0323a93ef0ac2cb18,True,,,,,,,,,,0.0,1.0,0.0,1.0,1.0,0.0,0.0,1.0,0.0,0.0
2854,cf74c1bc63f84da49,True,,,,,,,,,,1.0,1.0,1.0,1.0,0.9483881465554874,1.0,1.0,1.0,1.0,0.9838712957985898
2855,0a9a4ef68cc4ce8b2,True,,,,,,,,,,1.0,1.0,1.0,1.0,1.0,1.0,1.0,1.0,1.0,1.0
2856,d745c239ecbf42d39,True,,,,,,,,,,0.0,0.0,1.0,1.0,1.0,0.0,1.0,1.0,0.0,0.0
2857,b13e0235a1932348c,True,,,,,,,,,,1.0,1.0,1.0,1.0,0.8295643818003555,1.0,0.0,1.0,0.0,0.6967388693126111
2858,ba6dae21cadca949f,True,,,,,,,,,,1.0,1.0,1.0,1.0,0.6718111321928287,1.0,1.0,1.0,0.0,0.772440978810259
2859,e13710073c3a4f5c6,True,,,,,,,,,,1.0,1.0,1.0,1.0,1.0,0.0,1.0,1.0,1.0,0.6875
2860,761fdfcb355d74f9b,True,,,,,,,,,,1.0,1.0,1.0,1.0,1.0,1.0,1.0,1.0,0.0,0.875
2861,3d35e2b7007a10159,True,,,,,,,,,,1.0,1.0,1.0,1.0,1.0,1.0,0.0,1.0,1.0,0.875
2862,edb62f47f8009856e,True,,,,,,,,,,1.0,1.0,1.0,1.0,0.8320657572779355,1.0,1.0,1.0,1.0,0.9475205491493548
2863,87b69a9da5677bf5b,True,,,,,,,,,,1.0,1.0,1.0,1.0,0.06692639154230685,1.0,0.0,1.0,1.0,0.5834144973569708
2864,363ac46bc24e8db3b,True,,,,,,,,,,1.0,0.0,1.0,1.0,0.8007163227126717,1.0,0.0,1.0,1.0,0.0
2865,f5d80ab764fc60704,True,,,,,,,,,,1.0,1.0,1.0,1.0,0.4692468140132533,1.0,0.0,1.0,1.0,0.7091396293791417
2866,630694a2f5646413d,True,,,,,,,,,,1.0,1.0,0.0,1.0,1.0,1.0,0.0,1.0,1.0,0.0
2867,352716976d8eac750,True,,,,,,,,,,1.0,1.0,1.0,1.0,0.41981977837705425,1.0,1.0,1.0,1.0,0.8186936807428294
2868,93558974f46d692e7,True,,,,,,,,,,1.0,1.0,1.0,1.0,0.9324633353765225,1.0,1.0,1.0,1.0,0.9788947923051633
2869,cc4ba9f3c63ddbc5c,True,,,,,,,,,,1.0,1.0,1.0,1.0,0.491986875932049,1.0,1.0,1.0,1.0,0.8412458987287653
2870,4eb62ff777df6de35,True,,,,,,,,,,1.0,1.0,1.0,1.0,0.6379714330822611,1.0,0.0,1.0,0.0,0.6368660728382066
2871,ce40746019045f374,True,,,,,,,,,,1.0,1.0,1.0,1.0,0.9969818364867683,1.0,0.0,1.0,1.0,0.8740568239021151
2872,ddeb5e032c4e1657a,True,,,,,,,,,,0.0,1.0,1.0,1.0,0.45060162497952777,0.0,1.0,1.0,1.0,0.0
2873,f09090db20660a80f,True,,,,,,,,,,1.0,1.0,1.0,1.0,1.0,1.0,1.0,1.0,1.0,1.0
2874,d20185ecb7a02769a,True,,,,,,,,,,1.0,1.0,1.0,1.0,0.6852532922916953,1.0,1.0,1.0,0.0,0.7766416538411548
2875,2160f6e5d4720f94b,True,,,,,,,,,,1.0,0.0,1.0,1.0,1.0,1.0,0.0,1.0,1.0,0.0
2876,35cbd378e962248ad,True,,,,,,,,,,1.0,0.0,1.0,1.0,1.0,1.0,0.0,1.0,1.0,0.0
2877,9e8f8fed1883534f6,True,,,,,,,,,,1.0,0.0,0.0,1.0,1.0,1.0,0.0,1.0,0.0,0.0
2878,a64fb9390dd8520e5,True,,,,,,,,,,0.0,1.0,1.0,1.0,1.0,0.0,0.0,1.0,1.0,0.0
2879,b545597d491f4a96e,True,,,,,,,,,,1.0,1.0,1.0,1.0,0.5280793484989397,1.0,1.0,1.0,1.0,0.8525247964059186
2880,a563e26d3cb76d239,True,,,,,,,,,,1.0,1.0,1.0,1.0,0.09234783184184654,1.0,1.0,1.0,0.0,0.5913586974505771
2881,68d8bd51d02182ea6,True,,,,,,,,,,1.0,1.0,0.0,1.0,1.0,0.0,0.0,1.0,1.0,0.0
2882,ca20bcf8f65e1fa9b,True,,,,,,,,,,1.0,1.0,1.0,1.0,0.7370869642930049,1.0,1.0,1.0,0.0,0.792839676341564
2883,252b55b927f05ad09,True,,,,,,,,,,1.0,1.0,1.0,1.0,0.4883150614035158,1.0,1.0,1.0,1.0,0.8400984566885987
2884,a03596d2557544d9f,True,,,,,,,,,,1.0,0.0,0.5,1.0,1.0,1.0,0.0,1.0,0.0,0.0
2885,091f890b966563016,True,,,,,,,,,,1.0,1.0,1.0,1.0,0.4659512644479769,1.0,1.0,1.0,1.0,0.8331097701399928
2886,45da4abe095b0e759,True,,,,,,,,,,1.0,1.0,0.5,1.0,1.0,1.0,1.0,1.0,0.0,0.4375
2887,3dec28d29ac4ec705,True,,,,,,,,,,0.0,1.0,1.0,1.0,1.0,0.0,1.0,1.0,1.0,0.0
2888,8aea1806b6e406159,True,,,,,,,,,,1.0,1.0,1.0,1.0,0.8948866618754423,1.0,1.0,1.0,1.0,0.9671520818360757
2889,4533792bbf9b2478b,True,,,,,,,,,,1.0,1.0,1.0,1.0,0.7528759262574217,1.0,1.0,1.0,1.0,0.9227737269554444
2890,bc6888f8da8ee3d48,True,,,,,,,,,,1.0,1.0,1.0,1.0,0.22847972095303948,1.0,1.0,1.0,1.0,0.7588999127978249
2891,6d02e71114637a043,True,,,,,,,,,,1.0,0.0,0.5,1.0,0.7839003671523649,1.0,1.0,1.0,0.0,0.0
2892,03e028a3b31005826,True,,,,,,,,,,1.0,1.0,1.0,1.0,0.785027264310275,1.0,1.0,1.0,0.0,0.8078210200969609
2893,ba31453558099b11f,True,,,,,,,,,,1.0,1.0,1.0,1.0,0.7096128575036967,1.0,1.0,1.0,0.0,0.7842540179699052
2894,c1ab514b18918fc4d,True,,,,,,,,,,1.0,1.0,1.0,0.0,0.265259627084816,1.0,0.0,1.0,0.0,0.0
2895,556038b758f3b54f6,True,,,,,,,,,,1.0,1.0,1.0,1.0,0.96123661241527,1.0,0.0,1.0,0.0,0.7378864413797719
2896,d9bde28612a6aad4f,True,,,,,,,,,,1.0,0.0,1.0,1.0,1.0,0.0,0.0,0.0,0.0,0.0
2897,7133408c5a1a6f3bf,True,,,,,,,,,,1.0,1.0,1.0,1.0,0.7747221010483373,1.0,1.0,1.0,0.0,0.8046006565776054
2898,c966f12167e10d758,True,,,,,,,,,,1.0,1.0,1.0,1.0,0.5439221096138036,1.0,1.0,1.0,0.0,0.7324756592543136
2899,4c0a48ba08d3935ff,True,,,,,,,,,,0.0,1.0,1.0,1.0,1.0,0.0,1.0,1.0,1.0,0.0
2900,6c4cdcc93a5b36c13,True,,,,,,,,,,1.0,1.0,1.0,1.0,0.6574755553597225,1.0,0.0,1.0,0.0,0.6429611110499133
2901,64817a4fdc07fc93a,True,,,,,,,,,,1.0,1.0,1.0,1.0,1.0,1.0,0.0,1.0,0.0,0.75
2902,1d7b812f26f914c71,True,,,,,,,,,,0.0,1.0,1.0,1.0,1.0,0.0,1.0,0.0,0.0,0.0
2903,0eea2180fbf7c0949,True,,,,,,,,,,1.0,1.0,1.0,1.0,0.2870215889239832,1.0,0.0,1.0,1.0,0.6521942465387447
2904,01f31009879396921,True,,,,,,,,,,1.0,1.0,0.5,1.0,1.0,1.0,1.0,1.0,0.0,0.4375
2905,9922b31c71414db50,True,,,,,,,,,,0.0,1.0,1.0,1.0,1.0,0.0,0.0,1.0,1.0,0.0
2906,eabd2a62e5069e1a4,True,,,,,,,,,,1.0,1.0,1.0,1.0,0.8446293688458757,1.0,1.0,1.0,1.0,0.9514466777643362
2907,27e6f42dd9776a1d4,True,,,,,,,,,,0.0,1.0,1.0,1.0,0.9076591116540649,0.0,0.0,1.0,0.0,0.0
2908,ee0214c25403e4214,True,,,,,,,,,,1.0,1.0,1.0,1.0,0.33133252934291657,1.0,0.0,1.0,0.0,0.5410414154196614
2909,015f3c215167f64d9,True,,,,,,,,,,1.0,0.0,1.0,1.0,0.88873919428574,1.0,0.0,1.0,0.0,0.0
2910,474779897c967667c,True,,,,,,,,,,0.0,1.0,0.0,1.0,1.0,0.0,0.0,1.0,1.0,0.0
2911,2c1190d3b505388dd,True,,,,,,,,,,1.0,1.0,1.0,1.0,0.7718364786837005,1.0,1.0,1.0,0.0,0.8036988995886565
2912,b589b9a8082420ee5,True,,,,,,,,,,1.0,0.0,1.0,1.0,1.0,1.0,0.0,1.0,0.0,0.0
2913,bbd5b072e1b30acbb,True,,,,,,,,,,1.0,1.0,0.5,1.0,1.0,1.0,0.0,1.0,0.0,0.375
2914,09217d8288feb5fad,True,,,,,,,,,,1.0,1.0,1.0,1.0,1.0,1.0,1.0,1.0,1.0,1.0
2915,6a8f1db0741e3de32,True,,,,,,,,,,1.0,1.0,1.0,1.0,0.6818821610320226,1.0,0.0,1.0,1.0,0.7755881753225071
2916,e5f874a384d04ada1,True,,,,,,,,,,1.0,0.0,0.0,1.0,1.0,1.0,0.0,1.0,0.0,0.0
2917,01ad91141d2668de6,True,,,,,,,,,,0.0,1.0,1.0,1.0,1.0,0.0,1.0,1.0,1.0,0.0
2918,e4fca12e85b84a61b,True,,,,,,,,,,0.0,1.0,1.0,1.0,1.0,0.0,1.0,1.0,0.0,0.0
2919,b81180657e76ac7aa,True,,,,,,,,,,1.0,1.0,1.0,1.0,0.4383873580239962,1.0,1.0,1.0,1.0,0.8244960493824989
2920,aedc0bf45f1840715,True,,,,,,,,,,1.0,1.0,0.5,1.0,0.5856310268546039,1.0,0.0,1.0,0.0,0.31025484794603186
2921,02cf44d6c32b48bea,True,,,,,,,,,,1.0,0.0,1.0,1.0,1.0,1.0,0.0,0.0,0.0,0.0
2922,c8508736bb790cc27,True,,,,,,,,,,1.0,1.0,0.5,1.0,0.7120789048465168,1.0,1.0,1.0,0.0,0.3925123288822683
2923,f69feac0ce4643512,True,,,,,,,,,,1.0,1.0,1.0,1.0,0.5106807334446675,1.0,1.0,1.0,0.0,0.7220877292014586
2924,dcb2510de7a9a4dfc,True,,,,,,,,,,1.0,0.0,1.0,1.0,0.2804140205295445,1.0,1.0,1.0,1.0,0.0
2925,77154c328dbf81f67,True,,,,,,,,,,1.0,1.0,1.0,1.0,0.7878137058415265,1.0,1.0,1.0,1.0,0.9336917830754771
2926,71965da4aff01d13c,True,,,,,,,,,,1.0,0.0,1.0,1.0,0.884708596618366,0.0,1.0,1.0,0.0,0.0
2927,a9b93459b8bfb00a5,True,,,,,,,,,,1.0,1.0,1.0,1.0,0.8043991557698481,1.0,1.0,0.0,0.0,0.6888747361780776
2928,742d03b2d943caa9e,True,,,,,,,,,,1.0,1.0,1.0,1.0,0.8548351441866219,1.0,1.0,1.0,0.0,0.8296359825583193
2929,aae1be1d1482069d0,True,,,,,,,,,,0.0,0.0,1.0,1.0,1.0,0.0,0.0,1.0,1.0,0.0
2930,38c8739d0ae9e3f71,True,,,,,,,,,,1.0,1.0,1.0,1.0,0.4475895518007318,1.0,1.0,1.0,1.0,0.8273717349377288
2931,fa04ce296f85923f0,True,,,,,,,,,,1.0,1.0,1.0,1.0,0.14130775173593432,1.0,1.0,1.0,0.0,0.6066586724174795
2932,2526f4007f6477420,True,,,,,,,,,,1.0,1.0,1.0,1.0,0.8871221448537654,1.0,1.0,1.0,1.0,0.9647256702668017
2933,299f646dfb858774d,True,,,,,,,,,,1.0,1.0,1.0,1.0,1.0,1.0,1.0,1.0,0.0,0.875
2934,59ea6f742dc62b430,True,,,,,,,,,,1.0,0.0,0.5,1.0,0.630686626624746,1.0,0.0,1.0,1.0,0.0
2935,d7f69774de0c9938e,True,,,,,,,,,,1.0,0.0,1.0,1.0,0.7276881872702906,1.0,1.0,1.0,1.0,0.0
2936,e9678d2903b5f46d6,True,,,,,,,,,,1.0,1.0,1.0,1.0,1.0,1.0,1.0,1.0,1.0,1.0
2937,eb9e203aa49fcf83a,True,,,,,,,,,,1.0,1.0,1.0,1.0,0.8479177991402136,1.0,0.0,1.0,1.0,0.8274743122313167
2938,04636d07d342e54cd,True,,,,,,,,,,1.0,0.0,1.0,1.0,0.6694607447370703,0.0,1.0,1.0,0.0,0.0
2939,0c5705a24a60a8fd4,True,,,,,,,,,,1.0,1.0,1.0,1.0,0.5788548983466416,1.0,0.0,1.0,1.0,0.7433921557333255
2940,d409509cfbf993fc3,True,,,,,,,,,,1.0,1.0,1.0,1.0,0.696219396839897,1.0,1.0,1.0,0.0,0.7800685615124678
2941,b18dce3363c25fc91,True,,,,,,,,,,0.0,0.0,0.0,1.0,1.0,0.0,0.0,1.0,0.0,0.0
2942,3eee54f31bcaed95d,True,,,,,,,,,,1.0,0.0,1.0,1.0,0.7724562449933298,1.0,0.0,1.0,0.0,0.0
2943,b0fd56183680b68ae,True,,,,,,,,,,0.0,0.0,1.0,1.0,1.0,0.0,0.0,0.0,0.0,0.0
2944,085b24e5cde180825,True,,,,,,,,,,0.0,0.0,1.0,1.0,1.0,0.0,0.0,1.0,1.0,0.0
2945,e6c702d5c053c4516,True,,,,,,,,,,1.0,1.0,1.0,1.0,0.4116819122594211,1.0,0.0,1.0,1.0,0.6911505975810691
2946,7559939decc250054,True,,,,,,,,,,1.0,1.0,1.0,1.0,0.8244224872462551,1.0,1.0,1.0,0.0,0.8201320272644548
2947,18f8bfb875dae178e,True,,,,,,,,,,1.0,1.0,1.0,1.0,1.0,1.0,1.0,1.0,1.0,1.0
2948,68c48977b8b13f11f,True,,,,,,,,,,0.0,1.0,0.5,1.0,1.0,0.0,1.0,1.0,0.0,0.0
2949,252b287c4bec81c38,True,,,,,,,,,,1.0,1.0,1.0,1.0,0.7432500984448688,1.0,0.0,1.0,0.0,0.6697656557640215
2950,5b7915b6c4d354972,True,,,,,,,,,,1.0,1.0,1.0,1.0,0.6900149152369008,1.0,1.0,1.0,1.0,0.9031296610115316
2951,790a3e3a75361c895,True,,,,,,,,,,1.0,1.0,1.0,1.0,0.7227841066570285,1.0,1.0,1.0,1.0,0.9133700333303214
2952,815411526d5f2c6d5,True,,,,,,,,,,1.0,1.0,1.0,1.0,1.0,1.0,0.0,1.0,0.0,0.75
2953,096db7931a7697382,True,,,,,,,,,,1.0,1.0,1.0,1.0,0.7311616021476427,1.0,0.0,1.0,1.0,0.7909880006711383
2954,5929f8a55e3904cac,True,,,,,,,,,,1.0,1.0,1.0,1.0,0.8120384992487332,1.0,1.0,1.0,1.0,0.9412620310152291
2955,fddbcf39a369cf1df,True,,,,,,,,,,1.0,0.0,0.5,1.0,1.0,1.0,0.0,1.0,0.0,0.0
2956,0e6b7e12965c8e997,True,,,,,,,,,,1.0,1.0,0.0,1.0,1.0,1.0,0.0,1.0,1.0,0.0
2957,44e8cafa5fe4603a5,True,,,,,,,,,,0.0,1.0,1.0,1.0,1.0,0.0,0.0,1.0,1.0,0.0
2958,7d348078ef5cd9345,True,,,,,,,,,,1.0,1.0,1.0,1.0,0.7444914966069088,1.0,1.0,1.0,1.0,0.920153592689659
2959,e7892fb2f09de2723,True,,,,,,,,,,0.0,0.0,1.0,1.0,1.0,0.0,1.0,1.0,0.0,0.0
2960,15c7d65066442dddd,True,,,,,,,,,,0.5,0.0,0.5,1.0,1.0,0.0,0.0,1.0,0.0,0.0
2961,e0865c65b75b4c171,True,,,,,,,,,,1.0,1.0,1.0,1.0,0.8973449716711482,1.0,1.0,1.0,0.0,0.8429203036472338
2962,e569c39fb04197d73,True,,,,,,,,,,1.0,1.0,1.0,1.0,0.3756061082624674,1.0,1.0,1.0,0.0,0.6798769088320211
2963,02d2d3d4304682d94,True,,,,,,,,,,1.0,1.0,1.0,1.0,0.3508554439109056,1.0,1.0,1.0,0.0,0.672142326222158
2964,5b01b06231ac39143,True,,,,,,,,,,1.0,1.0,1.0,1.0,0.7073343566837099,1.0,1.0,1.0,1.0,0.9085419864636594
2965,d0aa7f48f651d0e51,True,,,,,,,,,,1.0,0.0,0.5,1.0,1.0,1.0,1.0,1.0,0.0,0.0
2966,376f87b3b2f49949d,True,,,,,,,,,,1.0,1.0,1.0,1.0,0.39710486020546254,1.0,1.0,1.0,1.0,0.8115952688142071
2967,1d37c78c98407e747,True,,,,,,,,,,0.0,1.0,0.5,1.0,1.0,0.0,0.0,1.0,1.0,0.0
2968,10935babd12d37a58,True,,,,,,,,,,1.0,0.0,1.0,1.0,0.6620073307946576,1.0,1.0,1.0,0.0,0.0
2969,42542b30e0e5ff8c7,True,,,,,,,,,,1.0,1.0,1.0,1.0,0.6772951368739217,1.0,1.0,1.0,1.0,0.8991547302731006
2970,3110b909a8ee018b8,True,,,,,,,,,,1.0,1.0,1.0,1.0,1.0,1.0,0.0,1.0,1.0,0.875
2971,4c1f05a52e82aac85,True,,,,,,,,,,1.0,0.0,1.0,1.0,0.42866737614731176,1.0,1.0,1.0,0.0,0.0
2972,9c8f0339c698b9080,True,,,,,,,,,,1.0,1.0,0.0,1.0,0.768170448036044,1.0,0.0,1.0,1.0,0.0
2973,a13664addc273bf0a,True,,,,,,,,,,1.0,1.0,1.0,1.0,0.5805247861461359,1.0,1.0,1.0,0.0,0.7439139956706675
2974,385adba134e6d7874,True,,,,,,,,,,0.0,0.0,1.0,1.0,1.0,0.0,1.0,1.0,0.0,0.0
2975,e280063b53c411361,True,,,,,,,,,,0.0,0.0,0.5,1.0,1.0,0.0,0.0,1.0,0.0,0.0
2976,04d4c78cf88a3c506,True,,,,,,,,,,1.0,1.0,1.0,1.0,0.4961033527494779,1.0,1.0,1.0,0.0,0.7175322977342118
2977,13f2d7e9ace73e420,True,,,,,,,,,,1.0,1.0,1.0,1.0,1.0,1.0,0.0,1.0,1.0,0.875
2978,c71bdecb4c4eb5848,True,,,,,,,,,,1.0,1.0,1.0,1.0,0.31414539233011185,1.0,0.0,1.0,1.0,0.6606704351031599
2979,bff99a3eb84ffe4ba,True,,,,,,,,,,1.0,0.0,1.0,1.0,0.7960300784908545,1.0,0.0,1.0,1.0,0.0
2980,fd56100f9058b46fa,True,,,,,,,,,,1.0,1.0,0.5,1.0,1.0,1.0,0.0,1.0,1.0,0.4375
2981,12499ddd90200ea9f,True,,,,,,,,,,1.0,1.0,1.0,1.0,0.5148932789588244,1.0,1.0,1.0,1.0,0.8484041496746326
2982,991fe7806bacdbaca,True,,,,,,,,,,0.0,1.0,1.0,1.0,1.0,0.0,1.0,1.0,0.0,0.0
2983,41c063fac49e3b5e2,True,,,,,,,,,,1.0,1.0,1.0,1.0,0.1498680599074528,1.0,1.0,1.0,1.0,0.734333768721079
2984,4fd56da0ff5065a4d,True,,,,,,,,,,1.0,1.0,1.0,1.0,0.7913798778245593,1.0,1.0,1.0,0.0,0.8098062118201748
2985,d12e9fb682bb31656,True,,,,,,,,,,0.0,1.0,0.0,1.0,1.0,0.0,0.0,1.0,0.0,0.0
2986,843ebabea0b9906f9,True,,,,,,,,,,1.0,1.0,1.0,1.0,0.46732370572597876,1.0,1.0,1.0,0.0,0.7085386580393683
2987,068049348ed36eb6a,True,,,,,,,,,,1.0,1.0,1.0,1.0,0.2919276932957528,1.0,0.0,1.0,1.0,0.6537274041549228
2988,87b88ec189315a232,True,,,,,,,,,,1.0,1.0,1.0,1.0,0.5450329937082429,1.0,1.0,1.0,0.0,0.7328228105338259
2989,8cd4e7ea09172b366,True,,,,,,,,,,1.0,0.0,1.0,1.0,1.0,1.0,1.0,1.0,1.0,0.0
2990,50efe42947fa108c7,True,,,,,,,,,,1.0,1.0,1.0,1.0,0.6614591674414484,1.0,1.0,1.0,1.0,0.8942059898254526
2991,cd9aed75f054bccb5,True,,,,,,,,,,1.0,1.0,1.0,1.0,0.31808983877276514,1.0,0.0,1.0,0.0,0.5369030746164891
2992,fc2eb6e32259de9aa,True,,,,,,,,,,0.0,0.0,1.0,1.0,1.0,0.0,0.0,1.0,0.0,0.0
2993,cf6ea1483f38bad12,True,,,,,,,,,,1.0,1.0,1.0,1.0,0.15697395488828367,1.0,0.0,1.0,0.0,0.48655436090258863
2994,ee370f6df7c0912be,True,,,,,,,,,,1.0,1.0,1.0,1.0,1.0,1.0,1.0,1.0,0.0,0.875
2995,344138bb06fa0b513,True,,,,,,,,,,1.0,0.0,1.0,1.0,1.0,1.0,1.0,1.0,1.0,0.0
2996,b94f2a8ed48de97e9,True,,,,,,,,,,1.0,1.0,1.0,1.0,0.752850573854693,1.0,0.0,1.0,1.0,0.7977658043295915
2997,974c47a86ec212e1d,True,,,,,,,,,,1.0,1.0,0.5,1.0,1.0,1.0,0.0,1.0,0.0,0.375
2998,87c28ad76ca252469,True,,,,,,,,,,1.0,1.0,1.0,1.0,1.0,1.0,0.0,1.0,1.0,0.875
2999,1106accd2b5707701,True,,,,,,,,,,0.0,1.0,1.0,1.0,1.0,0.0,0.0,1.0,1.0,0.0
3000,20a8cbfef6940983b,True,,,,,,,,,,1.0,1.0,1.0,1.0,0.4174956539312786,1.0,1.0,1.0,1.0,0.8179673918535245
3001,4a421aa61a3bbad1d,True,,,,,,,,,,1.0,1.0,1.0,1.0,0.9354176460372314,1.0,1.0,1.0,1.0,0.9798180143866349
3002,e855857341cd72c99,True,,,,,,,,,,1.0,1.0,1.0,1.0,0.6677078509013751,1.0,1.0,1.0,1.0,0.8961587034066797
3003,e92600c0f705705df,True,,,,,,,,,,0.5,0.0,1.0,1.0,0.6943543634025082,0.0,1.0,1.0,1.0,0.0
3004,c4c07e77aa29efd40,True,,,,,,,,,,1.0,1.0,1.0,1.0,1.0,1.0,1.0,1.0,0.0,0.875
3005,5573b3c15a0cc7845,True,,,,,,,,,,1.0,0.0,1.0,1.0,1.0,1.0,1.0,1.0,1.0,0.0
3006,e5b4f8a0ccdaf4e6e,True,,,,,,,,,,1.0,1.0,1.0,1.0,0.19174452103694717,1.0,1.0,1.0,1.0,0.747420162824046
3007,a1a5eeda367569815,True,,,,,,,,,,1.0,1.0,1.0,1.0,0.46650132500115266,1.0,1.0,1.0,1.0,0.8332816640628602
3008,d1b44adf0f1195ea7,True,,,,,,,,,,1.0,1.0,1.0,1.0,1.0,1.0,1.0,1.0,0.0,0.875
3009,596506940b29ec5c0,True,,,,,,,,,,1.0,1.0,1.0,1.0,0.7561569039267737,1.0,0.0,1.0,0.0,0.6737990324771168
3010,d50743776b4ebf7b3,True,,,,,,,,,,1.0,1.0,1.0,1.0,0.8674706150990528,1.0,0.0,1.0,1.0,0.833584567218454
3011,6e06dc9cb502fab19,True,,,,,,,,,,1.0,1.0,1.0,1.0,1.0,1.0,1.0,1.0,0.0,0.875
3012,32e86d0bba3339136,True,,,,,,,,,,1.0,1.0,1.0,1.0,0.8453872355855755,1.0,0.0,1.0,1.0,0.8266835111204923
3013,02b412777e6ce82cd,True,,,,,,,,,,1.0,1.0,1.0,1.0,0.991127843136201,1.0,1.0,1.0,0.0,0.8722274509800628
3014,6029879ac957933a1,True,,,,,,,,,,1.0,1.0,1.0,1.0,1.0,1.0,1.0,1.0,1.0,1.0
3015,fe70456ec5ebc1918,True,,,,,,,,,,1.0,1.0,1.0,1.0,0.38460666278236716,1.0,1.0,1.0,0.0,0.6826895821194897
3016,3f4e1856faab2a6f3,True,,,,,,,,,,1.0,1.0,1.0,1.0,0.39660418585664775,1.0,0.0,1.0,1.0,0.6864388080802024
3017,77fcdd159de9fa48f,True,,,,,,,,,,1.0,1.0,1.0,1.0,0.5192857974634505,1.0,1.0,1.0,1.0,0.8497768117073283
3018,d86953527b4e9a76d,True,,,,,,,,,,0.0,1.0,0.0,1.0,1.0,0.0,0.0,1.0,1.0,0.0
3019,4a2ae0b5cd41f2676,True,,,,,,,,,,1.0,1.0,1.0,1.0,0.34346807050717826,1.0,1.0,1.0,1.0,0.7948337720334933
3020,6b13c052d037390cc,True,,,,,,,,,,1.0,1.0,1.0,1.0,0.34597409807617896,1.0,1.0,1.0,1.0,0.7956169056488059
3021,5fa6ede627d6c9af7,True,,,,,,,,,,1.0,0.0,0.5,1.0,1.0,1.0,1.0,1.0,0.0,0.0
3022,aa598127cd934aa23,True,,,,,,,,,,1.0,1.0,1.0,1.0,0.5108750594174208,1.0,1.0,1.0,1.0,0.847148456067944
3023,99304f2615a52fab7,True,,,,,,,,,,1.0,1.0,0.5,1.0,1.0,1.0,0.0,1.0,1.0,0.4375
3024,fbf6a32724a0d16f2,True,,,,,,,,,,1.0,1.0,1.0,1.0,1.0,1.0,0.0,1.0,1.0,0.875
3025,0908976a3d8f0a196,True,,,,,,,,,,1.0,1.0,1.0,1.0,0.9575350451950271,1.0,1.0,1.0,0.0,0.861729701623446
3026,0939026cbd6b9cc48,True,,,,,,,,,,1.0,1.0,1.0,1.0,0.4695184326678781,1.0,0.0,1.0,1.0,0.7092245102087119
3027,47b4f8325c08a9af6,True,,,,,,,,,,1.0,1.0,1.0,1.0,0.6646712946860386,1.0,0.0,1.0,1.0,0.7702097795893871
3028,fc4d5a62c921f8392,True,,,,,,,,,,1.0,1.0,0.5,1.0,0.6520008015641955,1.0,1.0,1.0,0.0,0.38312512524440556
3029,54ce409a64180a221,True,,,,,,,,,,1.0,0.0,0.0,1.0,1.0,1.0,0.0,1.0,1.0,0.0
3030,717d5edb3fb1f4726,True,,,,,,,,,,1.0,1.0,1.0,1.0,0.18967994714726957,1.0,0.0,1.0,0.0,0.4967749834835217
3031,28c1180e271272d18,True,,,,,,,,,,1.0,0.0,1.0,1.0,1.0,1.0,0.0,1.0,1.0,0.0
3032,bfc933fd0598219c3,True,,,,,,,,,,1.0,1.0,0.0,1.0,1.0,1.0,0.0,1.0,0.0,0.0
3033,e318affbd4be74ca2,True,,,,,,,,,,1.0,1.0,0.0,1.0,1.0,1.0,0.0,1.0,1.0,0.0
3034,e3729cb0d1d99f604,True,,,,,,,,,,1.0,1.0,0.5,1.0,1.0,1.0,1.0,1.0,1.0,0.5
3035,07019aee6f130ff5d,True,,,,,,,,,,1.0,1.0,1.0,1.0,0.7051497525214291,1.0,0.0,1.0,0.0,0.6578592976629466
3036,0da232d1485aff38f,True,,,,,,,,,,1.0,1.0,1.0,1.0,0.8548351441866219,1.0,1.0,1.0,0.0,0.8296359825583193
3037,2c1063aa4f44cf5f4,True,,,,,,,,,,1.0,1.0,0.5,1.0,1.0,1.0,0.0,1.0,1.0,0.4375
3038,e2d605dbd1207f15f,True,,,,,,,,,,1.0,1.0,1.0,1.0,0.41534558917798275,1.0,0.0,1.0,0.0,0.5672954966181196
3039,5dbaff082e8bd2a5b,True,,,,,,,,,,1.0,1.0,1.0,1.0,0.6806981703486263,1.0,0.0,1.0,1.0,0.7752181782339458
3040,7c441bc98b8690113,True,,,,,,,,,,1.0,1.0,0.0,1.0,1.0,1.0,0.0,1.0,1.0,0.0
3041,44028467a67d38460,True,,,,,,,,,,1.0,1.0,0.5,1.0,1.0,1.0,0.0,1.0,0.0,0.375
3042,702b15efbe7996592,True,,,,,,,,,,1.0,1.0,1.0,1.0,0.34716280902905705,1.0,1.0,1.0,1.0,0.7959883778215804
3043,6e89fe515e3ad5428,True,,,,,,,,,,1.0,1.0,1.0,1.0,0.6184226271609998,1.0,1.0,1.0,0.0,0.7557570709878124
3044,3b0eafa0ee94a00a4,True,,,,,,,,,,1.0,1.0,0.5,1.0,1.0,1.0,0.0,1.0,0.0,0.375
3045,fbdc714c905b7409f,True,,,,,,,,,,1.0,1.0,1.0,1.0,0.6222075244450906,1.0,0.0,1.0,1.0,0.7569398513890908
3046,59b413d34d6d4b46a,True,,,,,,,,,,1.0,1.0,0.0,1.0,1.0,1.0,0.0,1.0,0.0,0.0
3047,ac16065f66685feff,True,,,,,,,,,,1.0,1.0,1.0,1.0,0.7817236647994421,1.0,1.0,1.0,0.0,0.8067886452498256
3048,255c5f4408394746c,True,,,,,,,,,,1.0,1.0,1.0,1.0,1.0,1.0,0.0,1.0,1.0,0.875
3049,59af906a1320b6ea8,True,,,,,,,,,,1.0,0.0,0.5,1.0,1.0,1.0,1.0,1.0,0.0,0.0
3050,1f85e503d38a543ba,True,,,,,,,,,,1.0,1.0,0.0,1.0,0.7954762540834227,1.0,0.0,1.0,0.0,0.0
3051,5c24c6bed91b159e3,True,,,,,,,,,,1.0,1.0,1.0,1.0,1.0,1.0,0.0,1.0,1.0,0.875
3052,6d53c1572e4753c0c,True,,,,,,,,,,0.0,1.0,1.0,1.0,1.0,0.0,1.0,1.0,0.0,0.0
3053,e04480093a92a2fc2,True,,,,,,,,,,1.0,1.0,0.5,1.0,0.9568265074741323,1.0,1.0,1.0,1.0,0.49325414179283317
3054,bec83a5e0a0ea8c80,True,,,,,,,,,,1.0,1.0,1.0,1.0,0.8295556591430291,1.0,0.0,1.0,1.0,0.8217361434821966
3055,a1de70408377fb037,True,,,,,,,,,,1.0,1.0,1.0,1.0,0.8130392079974413,1.0,1.0,1.0,1.0,0.9415747524992004
3056,0b7a0cf41a68849b4,True,,,,,,,,,,1.0,1.0,1.0,1.0,0.7803209262710129,1.0,1.0,1.0,1.0,0.9313502894596916
3057,3864e1953b7d8cbc6,True,,,,,,,,,,1.0,1.0,1.0,1.0,0.7383914028704666,1.0,1.0,0.0,0.0,0.6682473133970208
3058,6ef6514c231637cbf,True,,,,,,,,,,1.0,1.0,1.0,1.0,0.7494574217361578,1.0,1.0,1.0,0.0,0.7967054442925493
3059,5ccf2f32443625c2f,True,,,,,,,,,,0.0,1.0,1.0,1.0,1.0,0.0,1.0,1.0,0.0,0.0
3060,1c968570d73ed5505,True,,,,,,,,,,1.0,0.0,1.0,1.0,0.650891269406482,1.0,1.0,1.0,1.0,0.0
3061,2886484dc5237f884,True,,,,,,,,,,1.0,1.0,1.0,1.0,0.4606908499936424,1.0,1.0,1.0,1.0,0.8314658906230132
3062,ffe0db4c4b5ed141a,True,,,,,,,,,,1.0,1.0,1.0,1.0,1.0,1.0,0.0,1.0,0.0,0.75
3063,f54aae942b797da5a,True,,,,,,,,,,1.0,1.0,1.0,1.0,0.8885634699817815,1.0,0.0,1.0,1.0,0.8401760843693067
3064,749fa88824e849ee8,True,,,,,,,,,,0.0,1.0,1.0,1.0,0.7704630270711342,0.0,0.0,1.0,0.0,0.0
3065,da13eae8d0d83af38,True,,,,,,,,,,1.0,1.0,0.5,1.0,1.0,1.0,0.0,1.0,0.0,0.375
3066,7be779b9f100e6373,True,,,,,,,,,,1.0,1.0,1.0,1.0,1.0,1.0,1.0,1.0,0.0,0.875
3067,221c392b5c088f6ce,True,,,,,,,,,,0.0,1.0,1.0,1.0,1.0,0.0,0.0,1.0,1.0,0.0
3068,c28452cccc45f49a1,True,,,,,,,,,,1.0,1.0,1.0,1.0,0.7951261905356589,1.0,1.0,1.0,0.0,0.8109769345423934
3069,92a6f3f0e526faa65,True,,,,,,,,,,1.0,1.0,1.0,1.0,0.9777848266409399,1.0,1.0,1.0,0.0,0.8680577583252937
3070,ec788232fc7f2cf7e,True,,,,,,,,,,1.0,1.0,1.0,1.0,0.7187171843573908,1.0,1.0,1.0,1.0,0.9120991201116846
3071,1a67fcc3becbce6bf,True,,,,,,,,,,1.0,1.0,1.0,1.0,0.9870787042668325,1.0,0.0,1.0,0.0,0.7459620950833852
3072,3042cb349e2487756,True,,,,,,,,,,1.0,1.0,1.0,1.0,0.28114331009171734,1.0,1.0,1.0,1.0,0.7753572844036617
3073,951dde0b224c880bd,True,,,,,,,,,,1.0,1.0,1.0,1.0,0.5287862593735113,1.0,1.0,1.0,0.0,0.7277457060542223
3074,284604b19e5b66780,True,,,,,,,,,,1.0,0.0,1.0,1.0,0.639269307849352,1.0,1.0,1.0,0.0,0.0
3075,f0d9c76a3b3a29839,True,,,,,,,,,,1.0,1.0,1.0,1.0,1.0,1.0,0.0,1.0,1.0,0.875
3076,960134e598a1cc28b,True,,,,,,,,,,1.0,1.0,0.5,1.0,1.0,1.0,0.0,1.0,1.0,0.4375
3077,8f6e1b2f271bab9a1,True,,,,,,,,,,1.0,1.0,1.0,1.0,0.5958131187119586,1.0,1.0,1.0,1.0,0.8736915995974871
3078,0f902fca1e990d9be,True,,,,,,,,,,1.0,0.0,1.0,1.0,1.0,1.0,1.0,1.0,1.0,0.0
3079,01edf32aa82765229,True,,,,,,,,,,1.0,0.0,0.5,1.0,1.0,1.0,0.0,1.0,0.0,0.0
3080,e41e35545e4667bbb,True,,,,,,,,,,1.0,0.0,0.0,1.0,1.0,1.0,0.0,1.0,0.0,0.0
3081,1b7240da7a5598b38,True,,,,,,,,,,0.0,1.0,1.0,1.0,1.0,0.0,1.0,1.0,0.0,0.0
3082,14a818e9a0e3772dd,True,,,,,,,,,,1.0,1.0,0.0,1.0,0.9272670611700221,1.0,0.0,1.0,1.0,0.0
3083,dc18fd577680f44b9,True,,,,,,,,,,0.0,1.0,1.0,1.0,0.45888335289958293,0.0,0.0,1.0,0.0,0.0
3084,d0a4601b1148fbc50,True,,,,,,,,,,1.0,1.0,1.0,1.0,0.7881495091688445,1.0,1.0,1.0,1.0,0.933796721615264
3085,900aad7dc85139b3e,True,,,,,,,,,,1.0,1.0,1.0,1.0,0.7873859245198801,1.0,0.0,1.0,0.0,0.6835581014124625
3086,3423788f9b45444ab,True,,,,,,,,,,1.0,1.0,1.0,1.0,0.36765468565792286,1.0,1.0,1.0,1.0,0.8023920892681009
3087,f19d36e6d48219eba,True,,,,,,,,,,0.0,0.0,0.5,1.0,1.0,0.0,0.0,1.0,1.0,0.0
3088,fec1c3f2a8d0d6136,True,,,,,,,,,,1.0,1.0,0.0,1.0,1.0,1.0,0.0,1.0,1.0,0.0
3089,fd2cd8e0a11510837,True,,,,,,,,,,1.0,0.0,1.0,1.0,0.20639578287792926,1.0,0.0,1.0,1.0,0.0
3090,d362ccbdddf4e0d3f,True,,,,,,,,,,1.0,0.0,1.0,1.0,1.0,1.0,0.0,1.0,1.0,0.0
3091,5e7944c54a12aa9bd,True,,,,,,,,,,1.0,1.0,0.5,1.0,0.6137591738097022,1.0,0.0,1.0,0.0,0.31464987090776597
3092,eeae7aeaf248f7830,True,,,,,,,,,,1.0,1.0,0.0,1.0,1.0,1.0,0.0,1.0,0.0,0.0
3093,67509cfba4d26b15a,True,,,,,,,,,,1.0,1.0,0.0,1.0,1.0,1.0,0.0,1.0,1.0,0.0
3094,90bd22f98b4c8c0db,True,,,,,,,,,,1.0,1.0,1.0,1.0,1.0,1.0,0.0,1.0,0.0,0.75
3095,f22018746ab277cda,True,,,,,,,,,,1.0,0.0,0.5,1.0,1.0,1.0,0.0,1.0,0.0,0.0
3096,5d5f36ba279588ae3,True,,,,,,,,,,1.0,0.0,1.0,1.0,1.0,1.0,0.0,1.0,0.0,0.0
3097,b126b5cfaa1f25e61,True,,,,,,,,,,1.0,1.0,1.0,1.0,0.5163085473777899,1.0,1.0,1.0,1.0,0.8488464210555593
3098,86aa1518812acc807,True,,,,,,,,,,1.0,1.0,1.0,1.0,1.0,1.0,1.0,1.0,0.0,0.875
3099,63b1d16ef6fc7e410,True,,,,,,,,,,1.0,1.0,1.0,1.0,0.6970561258444001,1.0,1.0,1.0,0.0,0.780330039326375
3100,1b09ba4c4fe0b53e9,True,,,,,,,,,,1.0,1.0,0.0,1.0,1.0,1.0,0.0,1.0,0.0,0.0
3101,4f77731642644b559,True,,,,,,,,,,1.0,1.0,1.0,1.0,0.3056764539153315,1.0,1.0,1.0,0.0,0.658023891848541
3102,7681847aa2ebf24e0,True,,,,,,,,,,1.0,0.0,0.5,1.0,1.0,1.0,0.0,1.0,0.0,0.0
3103,cdf1706038e1c4e1c,True,,,,,,,,,,1.0,0.0,1.0,1.0,0.4370100624261366,1.0,0.0,1.0,0.0,0.0
3104,e4dc487d828f489c8,True,,,,,,,,,,1.0,1.0,1.0,1.0,0.30356185458285906,1.0,1.0,1.0,1.0,0.7823630795571435
3105,6565c4983e9b3670b,True,,,,,,,,,,1.0,0.0,0.5,1.0,0.6919136977073713,1.0,0.0,1.0,1.0,0.0
3106,f3e993209190be300,True,,,,,,,,,,1.0,1.0,1.0,1.0,0.5117211999730158,1.0,1.0,1.0,0.0,0.7224128749915675
3107,c193d278e26794340,True,,,,,,,,,,1.0,1.0,1.0,1.0,0.7318424749146529,1.0,0.0,1.0,1.0,0.7912007734108291
3108,e6d32880a78e81ea9,True,,,,,,,,,,1.0,1.0,1.0,1.0,0.7121947342688684,1.0,1.0,1.0,1.0,0.9100608544590214
3109,fc25d83ed4ec8aaad,True,,,,,,,,,,1.0,1.0,0.5,1.0,0.5063989343003922,1.0,0.0,1.0,1.0,0.3603748334844363
3110,085b907f63a37b0ac,True,,,,,,,,,,1.0,1.0,1.0,1.0,0.7749034043910867,1.0,1.0,1.0,0.0,0.8046573138722146
3111,2f25ad449c40ae04c,True,,,,,,,,,,1.0,1.0,1.0,1.0,0.35254665139163166,1.0,0.0,1.0,1.0,0.6726708285598849
3112,0ce555951f9b6a445,True,,,,,,,,,,1.0,1.0,1.0,1.0,0.8474831997957137,1.0,1.0,1.0,1.0,0.9523384999361606
3113,934550d99dbe5a996,True,,,,,,,,,,1.0,1.0,0.0,1.0,0.8014439566805651,1.0,0.0,1.0,1.0,0.0
3114,b692dc44c9a90c1e2,True,,,,,,,,,,1.0,0.0,1.0,1.0,0.765869515761199,1.0,1.0,1.0,1.0,0.0
3115,522f0d16763a76d06,True,,,,,,,,,,1.0,1.0,1.0,1.0,0.8080088807317486,1.0,1.0,1.0,0.0,0.8150027752286715
3116,d015a262e6ee504bb,True,,,,,,,,,,1.0,1.0,1.0,1.0,1.0,1.0,0.0,1.0,0.0,0.75
3117,b05df43ae389b79eb,True,,,,,,,,,,1.0,0.0,0.0,1.0,1.0,1.0,0.0,1.0,1.0,0.0
3118,96a372a94c983cb06,True,,,,,,,,,,1.0,0.0,1.0,1.0,0.7336085585430825,1.0,1.0,1.0,1.0,0.0
3119,8567f7439d7a4586e,True,,,,,,,,,,1.0,1.0,1.0,1.0,1.0,1.0,1.0,1.0,1.0,1.0
3120,df10a0ed732e3b815,True,,,,,,,,,,1.0,1.0,1.0,1.0,0.9761835984014293,1.0,1.0,1.0,1.0,0.9925573745004467
3121,845a83fdb1732a5ef,True,,,,,,,,,,1.0,0.0,0.5,0.0,1.0,1.0,0.0,1.0,1.0,0.0
3122,3dd2a8f5a8701cb47,True,,,,,,,,,,1.0,1.0,1.0,1.0,1.0,1.0,0.0,1.0,1.0,0.875
3123,4aa528f577df911a3,True,,,,,,,,,,1.0,1.0,1.0,1.0,0.8170947303594799,1.0,0.0,1.0,1.0,0.8178421032373375
3124,a73bc7fee06a21930,True,,,,,,,,,,1.0,0.0,0.0,1.0,1.0,1.0,0.0,1.0,0.0,0.0
3125,b51661ff3ed628c29,True,,,,,,,,,,1.0,1.0,1.0,1.0,1.0,1.0,1.0,1.0,1.0,1.0
3126,534a1ef23eb35451c,True,,,,,,,,,,1.0,1.0,1.0,1.0,1.0,1.0,1.0,0.0,0.0,0.75
3127,39cc92992ccc3244a,True,,,,,,,,,,1.0,1.0,0.0,1.0,1.0,1.0,0.0,1.0,0.0,0.0
3128,f38039c54ad8d65a3,True,,,,,,,,,,1.0,1.0,1.0,1.0,0.3233156383203945,1.0,0.0,1.0,1.0,0.6635361369751233
3129,a8e077fe91ae167df,True,,,,,,,,,,1.0,1.0,1.0,1.0,0.635701004359622,1.0,0.0,1.0,1.0,0.7611565638623818
3130,2dac755118d4733e7,True,,,,,,,,,,1.0,1.0,1.0,1.0,0.7935220383429962,1.0,0.0,1.0,1.0,0.8104756369821863
3131,18f43a288ddc873cc,True,,,,,,,,,,1.0,1.0,1.0,1.0,0.686089201741534,1.0,1.0,1.0,1.0,0.9019028755442293
3132,1cc4886b926fd9c8b,True,,,,,,,,,,1.0,1.0,1.0,1.0,0.3748188415038994,1.0,1.0,1.0,0.0,0.6796308879699686
3133,a5dae75091c9d8f94,True,,,,,,,,,,1.0,0.0,1.0,1.0,1.0,1.0,0.0,1.0,1.0,0.0
3134,f65fc2cd212c5af85,True,,,,,,,,,,1.0,1.0,1.0,1.0,1.0,0.0,1.0,0.0,0.0,0.4375
3135,e3e06ab2151befbbb,True,,,,,,,,,,1.0,1.0,1.0,1.0,0.7139214346379721,1.0,0.0,1.0,1.0,0.7856004483243663
3136,e26a54b7a798e6e57,True,,,,,,,,,,1.0,1.0,1.0,1.0,0.867112206228965,1.0,1.0,1.0,0.0,0.8334725644465515
3137,bc012430feac631cb,True,,,,,,,,,,1.0,1.0,1.0,1.0,0.7598915268161557,1.0,1.0,1.0,1.0,0.9249661021300486
3138,f36b1891f8fcc499d,True,,,,,,,,,,1.0,0.0,1.0,1.0,1.0,1.0,1.0,1.0,0.0,0.0
3139,b2b89aaeeff8dd8dd,True,,,,,,,,,,1.0,0.0,0.0,1.0,1.0,1.0,0.0,1.0,1.0,0.0
3140,daae79609618606ae,True,,,,,,,,,,1.0,1.0,1.0,1.0,0.49225264701302546,1.0,0.0,1.0,1.0,0.7163289521915704
3141,01b72798ffad4fcc6,True,,,,,,,,,,1.0,1.0,1.0,1.0,1.0,1.0,0.0,1.0,0.0,0.75
3142,80800198aa496ffc8,True,,,,,,,,,,1.0,1.0,1.0,1.0,0.8337384079502516,1.0,0.0,0.0,0.0,0.5730432524844535
3143,3aa9ab0760c9f1c8a,True,,,,,,,,,,1.0,1.0,1.0,1.0,0.5130122695826229,1.0,1.0,1.0,0.0,0.7228163342445697
3144,16b9d0efaf330fdcf,True,,,,,,,,,,1.0,1.0,1.0,1.0,0.7833319809989964,1.0,1.0,0.0,0.0,0.6822912440621863
3145,c6b07c5dde1ec90c2,True,,,,,,,,,,1.0,1.0,1.0,1.0,0.9804364583819052,1.0,0.0,1.0,0.0,0.7438863932443454
3146,ed9b2e5da8e4697ad,True,,,,,,,,,,1.0,1.0,1.0,1.0,0.7435184507969701,1.0,0.0,1.0,0.0,0.6698495158740532
3147,108deb7af61e697bb,True,,,,,,,,,,1.0,1.0,1.0,1.0,1.0,1.0,1.0,1.0,1.0,1.0
3148,80d068bd845098002,True,,,,,,,,,,1.0,1.0,1.0,1.0,0.7907413766831112,1.0,1.0,1.0,0.0,0.8096066802134723
3149,dbc538d7bed435cad,True,,,,,,,,,,1.0,1.0,1.0,1.0,1.0,1.0,1.0,1.0,0.0,0.875
3150,74cc5095551bc3c7d,True,,,,,,,,,,1.0,1.0,0.0,1.0,0.8120775288696935,1.0,0.0,1.0,0.0,0.0
3151,cfdd0359dacc8fea1,True,,,,,,,,,,1.0,1.0,1.0,1.0,0.83214702812103,1.0,0.0,1.0,1.0,0.822545946287822
3152,2b19e158862e6b7cd,True,,,,,,,,,,1.0,1.0,1.0,1.0,0.7802978424275907,1.0,0.0,1.0,1.0,0.8063430757586221
3153,f4f52070af5d450d0,True,,,,,,,,,,0.0,0.0,0.5,1.0,1.0,0.0,1.0,1.0,0.0,0.0
3154,2f841ea41e11faf68,True,,,,,,,,,,1.0,1.0,0.0,1.0,0.7045522208352687,1.0,0.0,1.0,1.0,0.0
3155,e1c118cf727cb2222,True,,,,,,,,,,1.0,1.0,1.0,1.0,0.5773851695039446,1.0,1.0,1.0,1.0,0.8679328654699827
3156,1161a45a0921d7c8e,True,,,,,,,,,,1.0,1.0,0.5,1.0,0.5171259666355976,1.0,0.0,1.0,0.0,0.2995509322868121
3157,17b20f1abf2c81e8d,True,,,,,,,,,,1.0,1.0,1.0,1.0,1.0,1.0,1.0,1.0,0.0,0.875
3158,c3eabd6982ee224c4,True,,,,,,,,,,1.0,0.0,1.0,1.0,0.5392569112581803,1.0,0.0,1.0,1.0,0.0
3159,9895d084a0042fff3,True,,,,,,,,,,1.0,1.0,1.0,1.0,0.7370105090093507,1.0,1.0,1.0,1.0,0.9178157840654221
3160,5b7d267fca157a9e6,True,,,,,,,,,,1.0,0.0,1.0,1.0,1.0,1.0,0.0,1.0,1.0,0.0
3161,630be1035e80b768b,True,,,,,,,,,,0.0,1.0,1.0,1.0,1.0,0.0,1.0,0.0,0.0,0.0
3162,a78de65bf5a2ee68b,True,,,,,,,,,,1.0,1.0,1.0,1.0,1.0,1.0,1.0,1.0,1.0,1.0
3163,eac3cd256c959f2bc,True,,,,,,,,,,1.0,1.0,1.0,1.0,0.6320353759918289,1.0,1.0,1.0,0.0,0.7600110549974466
3164,4010ab91841da1843,True,,,,,,,,,,1.0,1.0,1.0,1.0,0.5511974491790377,1.0,1.0,1.0,0.0,0.7347492028684492
3165,ea89785b6636000f5,True,,,,,,,,,,1.0,1.0,1.0,1.0,0.5459478660605839,1.0,1.0,1.0,1.0,0.8581087081439325
3166,39ee7720dd5c83901,True,,,,,,,,,,1.0,1.0,1.0,1.0,0.810339627483685,1.0,1.0,1.0,0.0,0.8157311335886516
3167,ae63fbc91467ac137,True,,,,,,,,,,0.0,1.0,1.0,1.0,1.0,0.0,1.0,1.0,1.0,0.0
3168,17d06ef1ec00f95dc,True,,,,,,,,,,1.0,1.0,1.0,1.0,1.0,1.0,1.0,1.0,1.0,1.0
3169,6f0c6f5848fccc5d0,True,,,,,,,,,,1.0,1.0,1.0,1.0,0.8065305808152691,1.0,1.0,1.0,0.0,0.8145408065047716
3170,f643477a1fb277583,True,,,,,,,,,,1.0,1.0,1.0,1.0,1.0,0.0,1.0,1.0,0.0,0.5625
3171,ba5e7c7cbfedb9d37,True,,,,,,,,,,0.0,0.0,0.0,1.0,1.0,0.0,0.0,1.0,1.0,0.0
3172,eee0015497fc5fbb3,True,,,,,,,,,,1.0,1.0,1.0,1.0,0.7209287265577199,1.0,0.0,1.0,1.0,0.7877902270492875
3173,ff2edd12a568b7eac,True,,,,,,,,,,1.0,1.0,1.0,1.0,0.8381583204380687,1.0,0.0,1.0,1.0,0.8244244751368965
3174,aebf91cab56134486,True,,,,,,,,,,1.0,1.0,0.5,1.0,0.7431697108271361,1.0,0.0,1.0,1.0,0.39737026731674
3175,547ea2ddfb8be2f7c,True,,,,,,,,,,1.0,1.0,1.0,1.0,0.7330549948171012,0.0,0.0,1.0,1.0,0.4790796858803441
3176,b1606575e4b94f15c,True,,,,,,,,,,1.0,1.0,1.0,1.0,0.8277032925272332,1.0,1.0,1.0,0.0,0.8211572789147603
3177,07f017abc801c8b9e,True,,,,,,,,,,1.0,0.0,1.0,1.0,1.0,1.0,0.0,1.0,0.0,0.0
3178,cfa0d13a7c93691c3,True,,,,,,,,,,1.0,0.0,1.0,1.0,0.3720484759126642,1.0,0.0,1.0,1.0,0.0
3179,01e9b170c5c1365c4,True,,,,,,,,,,1.0,1.0,1.0,1.0,1.0,1.0,1.0,1.0,0.0,0.875
3180,306bd7dfd9818a9eb,True,,,,,,,,,,0.0,0.0,1.0,1.0,0.8338580329384137,0.0,0.0,1.0,1.0,0.0
3181,3eff742f795344f8e,True,,,,,,,,,,1.0,0.0,1.0,1.0,0.0,1.0,0.0,1.0,1.0,0.0
3182,b24449179efd06cad,True,,,,,,,,,,1.0,1.0,1.0,1.0,0.7098741954364421,1.0,1.0,1.0,1.0,0.9093356860738881
3183,0eef4e705a397f8df,True,,,,,,,,,,1.0,1.0,1.0,1.0,0.7127133484723366,1.0,0.0,1.0,1.0,0.7852229213976052
3184,71313a0d415f3ff89,True,,,,,,,,,,1.0,1.0,1.0,1.0,0.6814200861971581,1.0,1.0,1.0,1.0,0.9004437769366119
3185,6c0f20461b27e36fb,True,,,,,,,,,,1.0,1.0,1.0,1.0,0.7455899251616588,1.0,0.0,1.0,0.0,0.6704968516130183
3186,6fb2b8cc6f313cf96,True,,,,,,,,,,1.0,1.0,1.0,1.0,0.3977996698832101,1.0,1.0,0.0,1.0,0.6868123968385031
3187,9eb568210e6566dd5,True,,,,,,,,,,1.0,1.0,1.0,1.0,0.5409261993018852,1.0,1.0,1.0,1.0,0.8565394372818391
3188,c9502401d0ae63498,True,,,,,,,,,,1.0,0.0,0.0,1.0,1.0,1.0,0.0,1.0,0.0,0.0
3189,ec84cf228d6d79089,True,,,,,,,,,,1.0,1.0,1.0,1.0,0.50779657018023,1.0,1.0,1.0,0.0,0.7211864281813218
3190,23e989fa30e56fb01,True,,,,,,,,,,0.0,1.0,1.0,0.0,1.0,0.0,0.0,1.0,0.0,0.0
3191,69983915889fb6856,True,,,,,,,,,,1.0,1.0,1.0,1.0,0.39489938916380996,1.0,0.0,1.0,1.0,0.6859060591136906
3192,d17b5de2642504067,True,,,,,,,,,,1.0,1.0,1.0,1.0,0.6374879818512268,1.0,1.0,1.0,1.0,0.8867149943285084
3193,889738d49bab39139,True,,,,,,,,,,1.0,0.0,1.0,1.0,0.8578897500515438,1.0,0.0,1.0,0.0,0.0
3194,1cffc233df9758d3d,True,,,,,,,,,,1.0,0.0,0.0,1.0,1.0,1.0,0.0,1.0,0.0,0.0
3195,036879f77cadaa2d1,True,,,,,,,,,,0.0,1.0,1.0,1.0,1.0,0.0,1.0,0.0,0.0,0.0
3196,94fe185f4d4ccc501,True,,,,,,,,,,1.0,1.0,1.0,1.0,0.4595693232688769,1.0,1.0,1.0,0.0,0.706115413521524
3197,2e2b274bd113ed59f,True,,,,,,,,,,1.0,0.0,1.0,1.0,0.7307489708023102,1.0,1.0,1.0,1.0,0.0
3198,e4a4cf72a6a92f620,True,,,,,,,,,,1.0,1.0,1.0,1.0,0.2989175636808992,1.0,0.0,0.0,1.0,0.5309117386502811
3199,9c33aa775bae4e3a1,True,,,,,,,,,,1.0,1.0,1.0,1.0,0.7264756915612968,1.0,1.0,1.0,0.0,0.7895236536129052
3200,6cbcce7f4aa5854ab,True,,,,,,,,,,1.0,1.0,1.0,1.0,1.0,1.0,0.0,1.0,0.0,0.75
3201,da02d1fbeb2cec70a,True,,,,,,,,,,1.0,1.0,0.0,1.0,1.0,0.0,1.0,0.0,0.0,0.0
3202,7b4054b4f24d77967,True,,,,,,,,,,1.0,1.0,1.0,1.0,1.0,1.0,0.0,1.0,0.0,0.75
3203,d1c72c5965ad4f57e,True,,,,,,,,,,1.0,1.0,1.0,1.0,0.848524363672203,1.0,1.0,0.0,0.0,0.7026638636475635
3204,aedab2f29ef97f26a,True,,,,,,,,,,1.0,0.0,1.0,1.0,0.6854137189396338,1.0,1.0,1.0,1.0,0.0
3205,f118de263d56644de,True,,,,,,,,,,0.0,1.0,1.0,1.0,0.9002270060107372,0.0,1.0,1.0,0.0,0.0
3206,01944b1d62426bc85,True,,,,,,,,,,1.0,0.0,1.0,1.0,1.0,1.0,1.0,1.0,1.0,0.0
3207,70f0bbf667ad7bd9e,True,,,,,,,,,,1.0,1.0,1.0,1.0,0.7790743549398436,1.0,0.0,1.0,1.0,0.8059607359187011
3208,a2b81e8e944dc724f,True,,,,,,,,,,1.0,1.0,1.0,1.0,0.9058664543625427,1.0,0.0,1.0,1.0,0.8455832669882946
3209,f94bdc2e7d5bba8a9,True,,,,,,,,,,1.0,1.0,1.0,1.0,0.8765891007551307,0.0,0.0,1.0,0.0,0.39893409398597834
3210,bb515ff29da41dc33,True,,,,,,,,,,0.0,1.0,1.0,1.0,1.0,0.0,0.0,1.0,1.0,0.0
3211,d55cfce0d6370e76b,True,,,,,,,,,,1.0,1.0,1.0,1.0,0.8543232921819158,1.0,0.0,1.0,1.0,0.8294760288068487
3212,6bd45348ddbfea0ce,True,,,,,,,,,,1.0,1.0,1.0,1.0,1.0,0.0,1.0,1.0,0.0,0.5625
3213,b74ed296010c24598,True,,,,,,,,,,0.0,1.0,1.0,0.0,1.0,0.0,1.0,1.0,1.0,0.0
3214,2028fc3dfa9816bf8,True,,,,,,,,,,1.0,0.0,1.0,1.0,1.0,1.0,1.0,1.0,1.0,0.0
3215,5e4e80a50729b531a,True,,,,,,,,,,1.0,1.0,1.0,1.0,0.41509681375973567,1.0,1.0,1.0,0.0,0.6922177542999174
3216,4b4fe8d10a7defecd,True,,,,,,,,,,1.0,1.0,1.0,1.0,1.0,0.0,1.0,1.0,0.0,0.5625
3217,eeb34640b5657db25,True,,,,,,,,,,1.0,1.0,1.0,1.0,1.0,1.0,1.0,1.0,1.0,1.0
3218,6ab786f972b45ffe0,True,,,,,,,,,,1.0,0.0,1.0,1.0,0.3749314781425426,1.0,0.0,1.0,1.0,0.0
3219,cc716ed59dd6f0250,True,,,,,,,,,,1.0,1.0,1.0,1.0,0.52982522698166,1.0,1.0,1.0,1.0,0.8530703834317688
3220,edf02a219abbc7a0d,True,,,,,,,,,,1.0,1.0,1.0,1.0,1.0,1.0,1.0,1.0,0.0,0.875
3221,7427abf44bb60ffa4,True,,,,,,,,,,1.0,0.0,1.0,1.0,0.6912169875740523,1.0,0.0,1.0,0.0,0.0
3222,7474911d349b5a097,True,,,,,,,,,,1.0,1.0,1.0,1.0,1.0,1.0,1.0,1.0,1.0,1.0
3223,92d16fac53c12f99d,True,,,,,,,,,,1.0,1.0,1.0,1.0,0.6113384211596199,1.0,1.0,1.0,1.0,0.8785432566123812
3224,b81b74ab58ca68574,True,,,,,,,,,,1.0,1.0,0.0,1.0,0.8282095429307098,1.0,1.0,0.0,0.0,0.0
3225,0ac03aaa52e160cd9,True,,,,,,,,,,1.0,1.0,1.0,1.0,0.33257907001830245,1.0,1.0,1.0,1.0,0.7914309593807195
3226,fe1ca3f5f54761556,True,,,,,,,,,,1.0,0.0,0.0,1.0,1.0,1.0,0.0,1.0,0.0,0.0
3227,467d53c4d720db393,True,,,,,,,,,,1.0,0.0,0.5,1.0,0.9544961067375988,1.0,0.0,1.0,0.0,0.0
3228,6facf1979a5a3837b,True,,,,,,,,,,0.0,1.0,1.0,1.0,1.0,0.0,1.0,1.0,1.0,0.0
3229,bf14f0399e0ccf645,True,,,,,,,,,,1.0,0.0,0.5,1.0,0.5896972842270266,1.0,1.0,1.0,0.0,0.0
3230,a71e198a60b5a7b1b,True,,,,,,,,,,1.0,1.0,1.0,1.0,0.8381736892070839,1.0,1.0,1.0,0.0,0.8244292778772138
3231,bf1cc9724e9048572,True,,,,,,,,,,1.0,1.0,1.0,1.0,0.7412919750117426,1.0,0.0,1.0,0.0,0.6691537421911695
3232,28d6fffc098e43af8,True,,,,,,,,,,1.0,1.0,1.0,0.0,0.3425438171344026,1.0,0.0,1.0,0.0,0.0
3233,af0d83c05846b8b86,True,,,,,,,,,,0.0,0.0,0.0,1.0,1.0,0.0,0.0,1.0,0.0,0.0
3234,3791263c877ce2d77,True,,,,,,,,,,1.0,1.0,1.0,0.0,1.0,1.0,1.0,1.0,0.0,0.0
3235,78e346fdbeb014770,True,,,,,,,,,,1.0,1.0,1.0,1.0,0.5886068820892941,1.0,1.0,1.0,0.0,0.7464396506529044
3236,8266f573d47606b3f,True,,,,,,,,,,0.0,1.0,1.0,1.0,1.0,0.0,1.0,1.0,0.0,0.0
3237,cdc70ea2300980958,True,,,,,,,,,,0.0,1.0,1.0,1.0,1.0,0.0,0.0,1.0,1.0,0.0
3238,119f45080f686caca,True,,,,,,,,,,1.0,0.0,1.0,1.0,0.5483235579840458,1.0,1.0,1.0,0.0,0.0
3239,9d5110bb7daed22bf,True,,,,,,,,,,1.0,1.0,1.0,1.0,0.4363371814771654,1.0,0.0,1.0,1.0,0.6988553692116142
3240,ecb1dd4076b28cd84,True,,,,,,,,,,1.0,0.0,1.0,1.0,1.0,1.0,1.0,1.0,0.0,0.0
3241,bad9757cb0a673425,True,,,,,,,,,,1.0,1.0,1.0,1.0,1.0,1.0,1.0,1.0,1.0,1.0
3242,93c5dce231ad8a838,True,,,,,,,,,,1.0,1.0,1.0,1.0,0.5424694483736279,1.0,1.0,1.0,1.0,0.8570217026167587
3243,3843fa52f9eff158e,True,,,,,,,,,,0.5,0.0,0.0,1.0,1.0,0.0,1.0,1.0,0.0,0.0
3244,286d0110f79f8450c,True,,,,,,,,,,1.0,1.0,1.0,1.0,0.7488005733030972,1.0,0.0,1.0,1.0,0.7965001791572179
3245,527b9dd077cc88c6e,True,,,,,,,,,,1.0,1.0,0.5,1.0,1.0,1.0,0.0,1.0,0.0,0.375
3246,f2ee403d63c2cb379,True,,,,,,,,,,1.0,1.0,0.0,1.0,1.0,1.0,0.0,1.0,0.0,0.0
3247,b101c591a23f8d8d9,True,,,,,,,,,,1.0,0.0,1.0,1.0,1.0,1.0,0.0,1.0,0.0,0.0
3248,b01ea6107aea79f6c,True,,,,,,,,,,1.0,1.0,1.0,1.0,0.3060872390180298,1.0,1.0,1.0,1.0,0.7831522621931344
3249,fa4895c5592886086,True,,,,,,,,,,0.0,1.0,1.0,1.0,1.0,0.0,1.0,1.0,0.0,0.0
3250,acd2363307018e31e,True,,,,,,,,,,1.0,1.0,0.5,1.0,1.0,1.0,0.0,1.0,1.0,0.4375
3251,d438ad9624b532d1a,True,,,,,,,,,,1.0,1.0,1.0,1.0,0.7520500896352392,1.0,0.0,1.0,1.0,0.7975156530110122
3252,699104c386f974829,True,,,,,,,,,,0.0,1.0,1.0,1.0,1.0,0.0,0.0,1.0,1.0,0.0
3253,434099c65ff71b535,True,,,,,,,,,,0.0,1.0,0.5,1.0,1.0,0.0,0.0,1.0,1.0,0.0
3254,3894c9c5592b7db82,True,,,,,,,,,,0.0,1.0,1.0,1.0,1.0,0.0,0.0,1.0,0.0,0.0
3255,7431e431b6e352571,True,,,,,,,,,,1.0,1.0,1.0,1.0,1.0,1.0,0.0,1.0,0.0,0.75
3256,942c13a25166d5723,True,,,,,,,,,,1.0,0.0,1.0,1.0,0.7236132815349242,1.0,1.0,1.0,0.0,0.0
3257,37c49a3e38b6b7781,True,,,,,,,,,,1.0,0.0,1.0,1.0,0.6275706334462153,1.0,1.0,1.0,1.0,0.0
3258,0d20e006578be6327,True,,,,,,,,,,1.0,1.0,0.5,1.0,1.0,1.0,0.0,1.0,1.0,0.4375
3259,e56578b2f08218e36,True,,,,,,,,,,0.0,1.0,1.0,1.0,0.9203787319408765,0.0,0.0,1.0,1.0,0.0
3260,3c7f6147a0608469d,True,,,,,,,,,,1.0,0.0,0.0,1.0,1.0,1.0,0.0,1.0,0.0,0.0
3261,ba9155b84dc322eac,True,,,,,,,,,,1.0,1.0,1.0,1.0,0.4809687914901831,1.0,0.0,1.0,0.0,0.5878027473406822
3262,bbc7311ff7a7c3e18,True,,,,,,,,,,1.0,1.0,1.0,1.0,0.6498900895875218,1.0,1.0,1.0,0.0,0.7655906529961005
3263,e2d4c33530eaef8bf,True,,,,,,,,,,1.0,0.0,0.0,1.0,0.6737751908939259,1.0,0.0,1.0,1.0,0.0
3264,3c5a4ce4780db74b7,True,,,,,,,,,,1.0,1.0,1.0,1.0,0.615316872750619,1.0,1.0,1.0,1.0,0.8797865227345685
3265,c81e1b4650a6a20fd,True,,,,,,,,,,1.0,1.0,1.0,1.0,0.5974675617161394,1.0,1.0,1.0,1.0,0.8742086130362936
3266,2407bd58b67ea70b2,True,,,,,,,,,,1.0,1.0,1.0,1.0,0.7423904452902073,1.0,0.0,1.0,1.0,0.7944970141531897
3267,c429ee2fbcaf012bc,True,,,,,,,,,,1.0,1.0,1.0,1.0,0.6426637953772601,1.0,1.0,1.0,1.0,0.8883324360553938
3268,15ab133cee3e14b85,True,,,,,,,,,,0.0,0.0,0.0,1.0,1.0,0.0,0.0,0.0,0.0,0.0
3269,55c8df3b0682a658a,True,,,,,,,,,,1.0,1.0,1.0,1.0,0.8443070023506352,1.0,0.0,1.0,1.0,0.8263459382345735
3270,83e0eefcee219247b,True,,,,,,,,,,1.0,1.0,1.0,1.0,0.39623666875059627,1.0,0.0,1.0,0.0,0.5613239589845613
3271,835ff0096d7b5ba4f,True,,,,,,,,,,1.0,1.0,1.0,1.0,0.6308079296632957,1.0,1.0,1.0,0.0,0.7596274780197799
3272,0e3016e58756dedce,True,,,,,,,,,,1.0,0.0,0.0,1.0,1.0,1.0,0.0,1.0,1.0,0.0
3273,ab3eab42ac8debb31,True,,,,,,,,,,1.0,1.0,1.0,1.0,0.89344233977564,1.0,0.0,1.0,1.0,0.8417007311798875
3274,fda2ab172e994071b,True,,,,,,,,,,1.0,1.0,1.0,1.0,0.7126167810532851,1.0,1.0,1.0,1.0,0.9101927440791515
3275,47c8824494b12b2ae,True,,,,,,,,,,1.0,1.0,1.0,1.0,0.718035690532773,1.0,0.0,1.0,0.0,0.6618861532914916
3276,274217f22058c3a7c,True,,,,,,,,,,1.0,1.0,1.0,1.0,0.927896521688509,1.0,1.0,1.0,1.0,0.9774676630276591
3277,cad0619a5797da011,True,,,,,,,,,,1.0,1.0,1.0,1.0,0.7055766538715139,1.0,1.0,1.0,1.0,0.9079927043348481
3278,82e6ed49ff7af43fe,True,,,,,,,,,,1.0,1.0,1.0,1.0,0.7112983046164494,1.0,1.0,1.0,0.0,0.7847807201926404
3279,1d0587c2228e349ac,True,,,,,,,,,,1.0,1.0,1.0,1.0,1.0,1.0,1.0,1.0,0.0,0.875
3280,c5bf49e3aca8b3adb,True,,,,,,,,,,1.0,1.0,1.0,1.0,0.5557630827617306,1.0,1.0,1.0,0.0,0.7361759633630408
3281,059699c7343bcc1bc,True,,,,,,,,,,1.0,1.0,0.0,1.0,0.9944187547654748,1.0,0.0,1.0,0.0,0.0
3282,2ef69b84551e22eb2,True,,,,,,,,,,1.0,1.0,1.0,1.0,0.7203350832915815,1.0,1.0,1.0,1.0,0.9126047135286193
3283,2e5740aa26165ee89,True,,,,,,,,,,1.0,1.0,1.0,1.0,0.4475773962765528,1.0,1.0,1.0,1.0,0.8273679363364228
3284,bba03402f6222135f,True,,,,,,,,,,0.0,1.0,1.0,1.0,1.0,0.0,1.0,1.0,0.0,0.0
3285,20494495b733d6710,True,,,,,,,,,,1.0,1.0,1.0,1.0,0.5370613727168909,1.0,1.0,1.0,1.0,0.8553316789740284
3286,073a5d3c4224d9aa8,True,,,,,,,,,,0.0,1.0,1.0,1.0,1.0,0.0,0.0,1.0,0.0,0.0
3287,b84a6cb8bfc991ad3,True,,,,,,,,,,0.0,0.0,1.0,1.0,1.0,0.0,1.0,1.0,0.0,0.0
3288,42fd65053b0da11c1,True,,,,,,,,,,1.0,1.0,1.0,1.0,0.8129066098005053,1.0,1.0,1.0,0.0,0.816533315562658
3289,1300580f22bac5f4c,True,,,,,,,,,,1.0,1.0,0.5,1.0,0.780844497749964,1.0,0.0,1.0,0.0,0.3407569527734319
3290,036d27d8003dd2f2e,True,,,,,,,,,,1.0,1.0,1.0,0.0,1.0,1.0,1.0,1.0,0.0,0.0
3291,3dade981d5c5fb068,True,,,,,,,,,,1.0,0.0,1.0,1.0,0.9950174225950192,1.0,1.0,1.0,0.0,0.0
3292,966244bc558d53ef7,True,,,,,,,,,,1.0,1.0,1.0,1.0,0.3559582782515648,1.0,0.0,1.0,1.0,0.673736961953614
3293,f878117d44bbeb817,True,,,,,,,,,,1.0,1.0,1.0,1.0,1.0,1.0,0.0,1.0,1.0,0.875
3294,c6245a244902cb4af,True,,,,,,,,,,1.0,1.0,1.0,1.0,0.40300665987504014,1.0,1.0,1.0,1.0,0.8134395812109501
3295,78dcfe822980510bd,True,,,,,,,,,,0.0,1.0,1.0,1.0,1.0,0.0,0.0,1.0,1.0,0.0
3296,dd2c6fc9d1939f427,True,,,,,,,,,,1.0,1.0,1.0,1.0,0.31417673427429643,1.0,1.0,1.0,1.0,0.7856802294607177
3297,3fd0808364384b621,True,,,,,,,,,,1.0,1.0,0.5,1.0,1.0,1.0,0.0,1.0,0.0,0.375
3298,e5e0959cfd16213ca,True,,,,,,,,,,0.0,0.0,1.0,1.0,1.0,0.0,0.0,1.0,1.0,0.0
3299,2732f280ebb7e46da,True,,,,,,,,,,1.0,1.0,1.0,1.0,0.3474477548465356,1.0,0.0,1.0,1.0,0.6710774233895423
3300,a436762e9938c1e5b,True,,,,,,,,,,1.0,1.0,1.0,1.0,1.0,1.0,1.0,1.0,0.0,0.875
3301,4683eec43a1454ea9,True,,,,,,,,,,1.0,1.0,1.0,1.0,0.7756823692997425,1.0,0.0,1.0,1.0,0.8049007404061695
3302,6e261442656fe6159,True,,,,,,,,,,1.0,1.0,0.0,1.0,0.7900901668132247,1.0,1.0,1.0,0.0,0.0
3303,01123cb3db29c9287,True,,,,,,,,,,1.0,0.0,1.0,1.0,1.0,1.0,0.0,0.0,0.0,0.0
3304,33bdd00b087ff8b4e,True,,,,,,,,,,1.0,1.0,1.0,1.0,0.611679314355919,1.0,1.0,1.0,1.0,0.8786497857362248
3305,c3d1977a554fb24b2,True,,,,,,,,,,1.0,1.0,1.0,1.0,0.5222901386439723,1.0,0.0,1.0,0.0,0.6007156683262413
3306,8dd4aa8138b3d9500,True,,,,,,,,,,0.0,1.0,1.0,1.0,1.0,0.0,0.0,1.0,0.0,0.0
3307,60f4ba34fce9a6a16,True,,,,,,,,,,1.0,1.0,1.0,1.0,0.9792086936281045,1.0,1.0,1.0,1.0,0.9935027167587827
3308,5ce376c0d0c1cc13f,True,,,,,,,,,,1.0,0.0,1.0,1.0,0.6658113080906319,1.0,0.0,1.0,0.0,0.0
3309,8cb3057d000fc44fc,True,,,,,,,,,,1.0,1.0,1.0,1.0,0.43666649027028404,1.0,1.0,1.0,1.0,0.8239582782094638
3310,88f98f8020b3e0f5f,True,,,,,,,,,,0.0,1.0,1.0,1.0,1.0,0.0,1.0,0.0,0.0,0.0
3311,0f675cf0cf0417413,True,,,,,,,,,,0.0,1.0,1.0,1.0,1.0,0.0,0.0,1.0,0.0,0.0
3312,9b4ae64ef14740be5,True,,,,,,,,,,0.0,1.0,1.0,1.0,1.0,0.0,0.0,1.0,1.0,0.0
3313,4e1091afb4068e9ee,True,,,,,,,,,,1.0,1.0,0.5,1.0,1.0,1.0,0.0,1.0,1.0,0.4375
3314,5907808b0fa7fc555,True,,,,,,,,,,1.0,1.0,1.0,1.0,0.7308289450607218,1.0,1.0,1.0,0.0,0.7908840453314756
3315,dda6b82566281cb83,True,,,,,,,,,,1.0,1.0,1.0,1.0,0.5933078594218034,1.0,1.0,1.0,0.0,0.7479087060693136
3316,f7aca65344c3b8a4b,True,,,,,,,,,,1.0,1.0,1.0,1.0,0.6714129269997364,1.0,1.0,1.0,0.0,0.7723165396874176
3317,b04390988b4a74994,True,,,,,,,,,,1.0,1.0,1.0,1.0,0.602258376979227,1.0,1.0,1.0,1.0,0.8757057428060084
3318,5567f0e0a3373dbcb,True,,,,,,,,,,1.0,1.0,0.0,1.0,0.8940310881080901,1.0,0.0,1.0,1.0,0.0
3319,d10399f19fe745cd8,True,,,,,,,,,,0.0,1.0,1.0,1.0,1.0,0.0,1.0,1.0,0.0,0.0
3320,8413ea29ea72fdfde,True,,,,,,,,,,1.0,1.0,1.0,1.0,0.7620437211824804,1.0,1.0,1.0,0.0,0.8006386628695251
3321,2a756bf014216177b,True,,,,,,,,,,1.0,1.0,1.0,1.0,0.7040120050312788,1.0,0.0,1.0,1.0,0.7825037515722746
3322,5bd0e7981e5378287,True,,,,,,,,,,1.0,0.0,0.5,1.0,1.0,1.0,0.0,1.0,1.0,0.0
3323,807ac1c906c9cfc44,True,,,,,,,,,,1.0,1.0,1.0,1.0,0.7268904024639107,1.0,1.0,1.0,1.0,0.9146532507699721
3324,1703c3627d09cd9f3,True,,,,,,,,,,1.0,1.0,1.0,1.0,1.0,1.0,1.0,1.0,1.0,1.0
3325,a78f2817702c75036,True,,,,,,,,,,0.5,0.0,1.0,1.0,0.8002517796710507,0.0,0.0,1.0,0.0,0.0
3326,7fe948a38f3a767fe,True,,,,,,,,,,1.0,1.0,0.5,1.0,0.5927710170148645,1.0,0.0,1.0,0.0,0.31137047140857255
3327,5fa2d65d901225f48,True,,,,,,,,,,1.0,1.0,1.0,1.0,0.7595477389563918,1.0,1.0,1.0,1.0,0.9248586684238724
3328,10e6f976d1a03f693,True,,,,,,,,,,1.0,1.0,1.0,1.0,0.7624838471786948,1.0,1.0,1.0,0.0,0.8007762022433421
3329,dd75967675d1052fc,True,,,,,,,,,,0.0,1.0,1.0,1.0,0.45888335289958293,0.0,0.0,1.0,0.0,0.0
3330,18a239284011dd8c3,True,,,,,,,,,,1.0,1.0,0.0,1.0,0.9694095412798319,1.0,0.0,1.0,0.0,0.0
3331,7d44659c706a23779,True,,,,,,,,,,0.0,1.0,1.0,1.0,1.0,0.0,0.0,1.0,0.0,0.0
3332,21473775434910bbe,True,,,,,,,,,,1.0,1.0,1.0,1.0,1.0,1.0,0.0,1.0,1.0,0.875
3333,330ebf5b4dfbc967a,True,,,,,,,,,,0.0,1.0,1.0,1.0,1.0,0.0,0.0,1.0,0.0,0.0
3334,71ad6b3fd5d476975,True,,,,,,,,,,1.0,0.0,1.0,1.0,1.0,1.0,0.0,1.0,0.0,0.0
3335,b2ad6357566bfa454,True,,,,,,,,,,1.0,1.0,1.0,1.0,0.5076835948699954,1.0,1.0,1.0,1.0,0.8461511233968735
3336,6a64e3a4f1172e34a,True,,,,,,,,,,1.0,0.0,1.0,1.0,1.0,1.0,0.0,1.0,0.0,0.0
3337,18dbdfb5b9fe301f4,True,,,,,,,,,,0.0,1.0,1.0,1.0,1.0,0.0,1.0,1.0,0.0,0.0
3338,873b2bce6903cffc1,True,,,,,,,,,,1.0,0.0,0.0,1.0,1.0,1.0,0.0,1.0,1.0,0.0
3339,2ec229f35727f71c8,True,,,,,,,,,,1.0,1.0,1.0,1.0,0.8447514242305483,0.0,0.0,1.0,0.0,0.3889848200720463
3340,03777a197c96bea9d,True,,,,,,,,,,1.0,1.0,1.0,1.0,0.8318990886319141,1.0,1.0,1.0,0.0,0.8224684651974732
3341,1442b131da263f4dc,True,,,,,,,,,,1.0,1.0,1.0,1.0,0.5302999216655684,1.0,0.0,1.0,0.0,0.6032187255204902
3342,812c204d59813e5fb,True,,,,,,,,,,1.0,1.0,1.0,1.0,0.6137642397402833,1.0,1.0,1.0,0.0,0.7543013249188385
3343,2f18d7c845a84a85c,True,,,,,,,,,,1.0,1.0,1.0,1.0,0.9569823844865594,1.0,1.0,1.0,1.0,0.9865569951520499
3344,46571d478b3c7bc57,True,,,,,,,,,,0.0,1.0,1.0,1.0,1.0,0.0,1.0,1.0,1.0,0.0
3345,b6cc9d50323153d21,True,,,,,,,,,,1.0,1.0,0.0,1.0,0.8432202377041648,1.0,1.0,1.0,1.0,0.0
3346,d1ad6506f1da6b927,True,,,,,,,,,,1.0,1.0,1.0,1.0,0.328666893984218,1.0,1.0,1.0,1.0,0.7902084043700681
3347,7e640664f4c19d17e,True,,,,,,,,,,1.0,0.0,1.0,1.0,1.0,1.0,0.0,1.0,1.0,0.0
3348,c6d9117f5b5eb2902,True,,,,,,,,,,1.0,1.0,1.0,1.0,0.44206179255261857,1.0,1.0,1.0,1.0,0.8256443101726934
3349,f9ab90e6bba95734a,True,,,,,,,,,,1.0,1.0,1.0,1.0,0.25195323866915087,1.0,1.0,1.0,1.0,0.7662353870841097
3350,95c7dfd77d6f446a0,True,,,,,,,,,,1.0,1.0,1.0,1.0,0.735810347298284,1.0,0.0,0.0,0.0,0.5424407335307138
3351,d80a5ecfeec414cd1,True,,,,,,,,,,1.0,1.0,1.0,1.0,0.8090262040728623,1.0,1.0,1.0,1.0,0.9403206887727695
3352,864a83021c759e07e,True,,,,,,,,,,1.0,0.0,0.5,1.0,1.0,1.0,0.0,1.0,0.0,0.0
3353,5f9c9346ee3131354,True,,,,,,,,,,0.0,1.0,1.0,1.0,1.0,0.0,0.0,1.0,0.0,0.0
3354,5913dfbc435fb100c,True,,,,,,,,,,0.0,1.0,1.0,1.0,1.0,0.0,1.0,1.0,1.0,0.0
3355,81d22f948dc0fae75,True,,,,,,,,,,1.0,1.0,1.0,1.0,0.8761164606436882,1.0,1.0,1.0,0.0,0.8362863939511526
3356,3cd41195f5d27a4f7,True,,,,,,,,,,1.0,1.0,1.0,1.0,0.12279102154522893,1.0,1.0,1.0,1.0,0.7258721942328841
3357,70204e1d928083e97,True,,,,,,,,,,1.0,1.0,1.0,1.0,0.20119309963953214,1.0,1.0,1.0,1.0,0.7503728436373538
3358,1d52003f3b3835dcd,True,,,,,,,,,,1.0,1.0,0.5,1.0,1.0,1.0,0.0,1.0,0.0,0.375
3359,18c9cb09dce594905,True,,,,,,,,,,1.0,1.0,1.0,1.0,0.7675006815001265,1.0,0.0,1.0,1.0,0.8023439629687895
3360,63c3e07f95869dd8a,True,,,,,,,,,,1.0,0.0,0.5,1.0,1.0,1.0,1.0,1.0,0.0,0.0
3361,0589a66493d098e9d,True,,,,,,,,,,1.0,1.0,1.0,1.0,0.7589874038997525,1.0,1.0,1.0,1.0,0.9246835637186727
3362,bb22e24798c605096,True,,,,,,,,,,1.0,1.0,1.0,1.0,0.9768767977867931,1.0,1.0,1.0,0.0,0.8677739993083728
3363,f11c7bd81d7370578,True,,,,,,,,,,1.0,1.0,1.0,1.0,0.5206688398365854,1.0,0.0,1.0,0.0,0.600209012448933
3364,234e963b7ceee8f00,True,,,,,,,,,,1.0,1.0,1.0,1.0,0.9312879588077129,1.0,0.0,1.0,1.0,0.8535274871274103
3365,428b6ffe51af1390c,True,,,,,,,,,,1.0,0.0,1.0,1.0,1.0,1.0,0.0,1.0,0.0,0.0
3366,c02f1f464e464fc07,True,,,,,,,,,,1.0,1.0,1.0,1.0,0.785027264310275,1.0,1.0,1.0,0.0,0.8078210200969609
3367,e26b9a326897c57c3,True,,,,,,,,,,1.0,1.0,0.5,1.0,0.4520969725578956,1.0,0.0,1.0,1.0,0.3518901519621712
3368,c9dca5652801c1a98,True,,,,,,,,,,1.0,1.0,0.5,1.0,0.7432588740333834,1.0,0.0,1.0,0.0,0.33488419906771616
3369,d32b81cb4448f19f1,True,,,,,,,,,,1.0,1.0,1.0,1.0,0.547371252179488,1.0,0.0,1.0,1.0,0.73355351630609
3370,73277da7106839e94,True,,,,,,,,,,0.0,1.0,1.0,1.0,1.0,0.0,1.0,1.0,0.0,0.0
3371,17416a9c9123b7bc1,True,,,,,,,,,,1.0,0.0,1.0,1.0,0.9271867545154111,1.0,1.0,1.0,1.0,0.0
3372,195adbb128cbfeea4,True,,,,,,,,,,1.0,1.0,1.0,1.0,0.9515739337710062,1.0,0.0,1.0,1.0,0.8598668543034395
3373,bdd6ec1614649724b,True,,,,,,,,,,1.0,0.0,1.0,1.0,1.0,1.0,0.0,1.0,0.0,0.0
3374,339ecba374c29a3ea,True,,,,,,,,,,1.0,1.0,1.0,1.0,0.6780783454528025,1.0,1.0,1.0,0.0,0.7743994829540009
3375,665d1799755e51e9a,True,,,,,,,,,,1.0,1.0,1.0,1.0,0.9807913374447729,1.0,0.0,1.0,1.0,0.8689972929514915
3376,c3f5f5f99bb34c5b9,True,,,,,,,,,,1.0,1.0,1.0,1.0,1.0,1.0,1.0,0.0,0.0,0.75
3377,c22f538fee4004aa6,True,,,,,,,,,,1.0,1.0,1.0,1.0,0.66529298708228,1.0,0.0,1.0,1.0,0.7704040584632125
3378,2730c2af7fa40d559,True,,,,,,,,,,1.0,1.0,1.0,1.0,1.0,1.0,1.0,1.0,1.0,1.0
3379,92543dc9e560f1be0,True,,,,,,,,,,1.0,1.0,1.0,1.0,1.0,1.0,1.0,1.0,1.0,1.0
3380,fde62db47c2545623,True,,,,,,,,,,1.0,1.0,1.0,1.0,0.5311806769646571,1.0,1.0,1.0,1.0,0.8534939615514554
3381,a99d30f928a653d12,True,,,,,,,,,,1.0,1.0,1.0,1.0,0.9320446231151039,1.0,0.0,1.0,1.0,0.85376394472347
3382,4b0f639cbf3aaa353,True,,,,,,,,,,1.0,1.0,1.0,1.0,0.7177308949419117,1.0,0.0,1.0,0.0,0.6617909046693474
3383,2796e0e0b71483121,True,,,,,,,,,,0.0,1.0,1.0,1.0,1.0,0.0,1.0,1.0,1.0,0.0
3384,8868a14471179c2a7,True,,,,,,,,,,0.0,1.0,0.0,1.0,1.0,0.0,0.0,1.0,1.0,0.0
3385,4e1acfe6d874f554d,True,,,,,,,,,,1.0,1.0,1.0,1.0,0.5512424590665704,1.0,1.0,1.0,1.0,0.8597632684583032
3386,93bb489a18cbb6868,True,,,,,,,,,,1.0,0.0,1.0,1.0,1.0,1.0,1.0,1.0,0.0,0.0
3387,77ea1d582cf3df680,True,,,,,,,,,,1.0,1.0,1.0,1.0,0.5399814543811309,1.0,0.0,1.0,0.0,0.6062442044941034
3388,07d57ac58a266170f,True,,,,,,,,,,1.0,1.0,1.0,1.0,0.4613992214939991,1.0,0.0,1.0,1.0,0.7066872567168747
3389,e1d9c45d963c62c2d,True,,,,,,,,,,1.0,0.0,1.0,1.0,0.5025051442842486,1.0,1.0,1.0,0.0,0.0
3390,7cdfa18002444c694,True,,,,,,,,,,1.0,1.0,1.0,1.0,1.0,1.0,1.0,1.0,1.0,1.0
3391,759a8a1916ceaf38d,True,,,,,,,,,,1.0,1.0,1.0,1.0,0.734534300812921,1.0,1.0,1.0,1.0,0.9170419690040379
3392,043b764789a077f63,True,,,,,,,,,,1.0,1.0,1.0,1.0,0.7750802079370805,1.0,0.0,1.0,1.0,0.8047125649803377
3393,7e6c6310177832aed,True,,,,,,,,,,1.0,1.0,1.0,1.0,0.35111257704712684,1.0,1.0,1.0,0.0,0.6722226803272271
3394,a9e0e52d177dd7f09,True,,,,,,,,,,1.0,0.0,0.0,1.0,1.0,1.0,0.0,1.0,1.0,0.0
3395,581c763cd78c9643e,True,,,,,,,,,,1.0,0.0,1.0,1.0,1.0,1.0,1.0,1.0,1.0,0.0
3396,c2453cf14f2d02b30,True,,,,,,,,,,1.0,1.0,1.0,1.0,0.3622893417904491,1.0,1.0,1.0,1.0,0.8007154193095154
3397,d53c9d9cbcfbfd03f,True,,,,,,,,,,1.0,1.0,1.0,1.0,0.3951847870750493,1.0,0.0,1.0,0.0,0.5609952459609528
3398,46c89f59183915eba,True,,,,,,,,,,1.0,1.0,0.5,1.0,1.0,1.0,0.0,1.0,1.0,0.4375
3399,d41d6a2f8fae47904,True,,,,,,,,,,1.0,1.0,1.0,1.0,0.19744100613425689,1.0,1.0,1.0,1.0,0.7492003144169552
3400,dab22ead12dbdd7e4,True,,,,,,,,,,1.0,1.0,1.0,1.0,0.35098552577983105,1.0,1.0,1.0,1.0,0.7971829768061972
3401,ddfce47695493c151,True,,,,,,,,,,1.0,1.0,1.0,1.0,1.0,1.0,0.0,1.0,1.0,0.875
3402,2496fb23d66af6353,True,,,,,,,,,,1.0,1.0,1.0,1.0,0.3278093625611731,1.0,0.0,1.0,0.0,0.5399404258003666
3403,d83d3619e63d183d6,True,,,,,,,,,,0.0,1.0,1.0,1.0,1.0,0.0,1.0,1.0,1.0,0.0
3404,cdee605a7b8acd418,True,,,,,,,,,,1.0,1.0,1.0,1.0,0.38048144083488067,1.0,1.0,1.0,1.0,0.8064004502609002
3405,83643b4c5add93044,True,,,,,,,,,,1.0,1.0,1.0,1.0,0.23464429770885092,1.0,1.0,1.0,0.0,0.6358263430340159
3406,a2a9c734a84da7235,True,,,,,,,,,,1.0,1.0,0.5,1.0,1.0,1.0,0.0,1.0,0.0,0.375
3407,33f0f0e933c91112e,True,,,,,,,,,,1.0,1.0,1.0,1.0,1.0,1.0,1.0,1.0,0.0,0.875
3408,79f1db0434b2c4330,True,,,,,,,,,,1.0,1.0,0.0,1.0,0.8038952932385038,1.0,0.0,1.0,1.0,0.0
3409,5dc4590f82971002e,True,,,,,,,,,,1.0,1.0,1.0,1.0,0.9064831661804504,1.0,0.0,1.0,1.0,0.8457759894313908
3410,36350983298c6896a,True,,,,,,,,,,1.0,1.0,1.0,1.0,0.4296561527936949,1.0,1.0,1.0,1.0,0.8217675477480296
3411,d9cc3b5dd80f7b6bd,True,,,,,,,,,,1.0,1.0,1.0,1.0,0.5914221352579468,1.0,1.0,1.0,1.0,0.8723194172681084
3412,ad467d131723f8e9e,True,,,,,,,,,,1.0,1.0,1.0,1.0,0.3714537502645217,1.0,1.0,0.0,0.0,0.5535792969576631
3413,2fd5a616331094ce1,True,,,,,,,,,,1.0,0.0,1.0,1.0,1.0,1.0,0.0,1.0,1.0,0.0
3414,223f276058256f999,True,,,,,,,,,,1.0,1.0,1.0,1.0,0.7204164443239149,1.0,1.0,1.0,1.0,0.9126301388512235
3415,da1d2937d8bad05e3,True,,,,,,,,,,1.0,1.0,1.0,1.0,0.6779351640739558,1.0,1.0,1.0,0.0,0.7743547387731112
3416,e3bbe6b73a88e1b36,True,,,,,,,,,,1.0,1.0,1.0,1.0,0.4036073387516075,1.0,0.0,1.0,1.0,0.6886272933598774
3417,2532060dd97ed7c45,True,,,,,,,,,,1.0,1.0,1.0,1.0,0.48833088260438584,1.0,0.0,0.0,1.0,0.5901034008138706
3418,6adadb0caf086d050,True,,,,,,,,,,1.0,1.0,1.0,1.0,0.5956553432213065,1.0,1.0,1.0,0.0,0.7486422947566582
3419,44af46da795f58fa1,True,,,,,,,,,,1.0,1.0,1.0,1.0,0.32419749727929487,1.0,1.0,1.0,1.0,0.7888117178997797
3420,c97f59b36279e74ae,True,,,,,,,,,,1.0,0.0,0.5,1.0,1.0,1.0,0.0,1.0,0.0,0.0
3421,81d9160bc76331523,True,,,,,,,,,,1.0,1.0,1.0,1.0,0.6504237393446641,1.0,1.0,1.0,0.0,0.7657574185452075
3422,5177a4ffa159dea26,True,,,,,,,,,,1.0,0.0,1.0,1.0,1.0,1.0,1.0,1.0,0.0,0.0
3423,0976a098312b0ead1,True,,,,,,,,,,1.0,0.0,0.0,1.0,1.0,1.0,1.0,1.0,0.0,0.0
3424,785173203974d1027,True,,,,,,,,,,1.0,1.0,1.0,1.0,0.9488962597549317,1.0,1.0,1.0,1.0,0.9840300811734162
3425,c807c2486a7897e81,True,,,,,,,,,,0.0,1.0,1.0,1.0,0.6897782688730272,0.0,1.0,1.0,1.0,0.0
3426,60849e221db8f770d,True,,,,,,,,,,1.0,1.0,1.0,0.0,1.0,1.0,0.0,1.0,1.0,0.0
3427,523bfa9ffbc43f698,True,,,,,,,,,,1.0,1.0,1.0,1.0,0.7446327367547282,1.0,1.0,1.0,1.0,0.9201977302358526
3428,300e70e9d228631b4,True,,,,,,,,,,1.0,1.0,0.0,1.0,1.0,1.0,0.0,0.0,0.0,0.0
3429,37965fbc732bb2aaf,True,,,,,,,,,,1.0,0.0,1.0,1.0,0.6717054829986839,1.0,1.0,1.0,0.0,0.0
3430,21caa7576c2da8f7a,True,,,,,,,,,,1.0,1.0,1.0,1.0,0.721255763458691,1.0,0.0,1.0,0.0,0.662892426080841
3431,2f6210cf0561159ae,True,,,,,,,,,,1.0,0.0,1.0,1.0,1.0,1.0,1.0,1.0,1.0,0.0
3432,56f3701eaba44cbba,True,,,,,,,,,,1.0,1.0,1.0,1.0,0.5071076660317528,1.0,0.0,1.0,1.0,0.7209711456349228
3433,ab136507f882d8c94,True,,,,,,,,,,1.0,0.0,1.0,1.0,1.0,1.0,1.0,1.0,1.0,0.0
3434,87e87ae4d5581f967,True,,,,,,,,,,1.0,1.0,1.0,1.0,0.2076992941846473,1.0,1.0,1.0,1.0,0.7524060294327023
3435,0165cb0adcfce3796,True,,,,,,,,,,1.0,0.0,1.0,1.0,1.0,1.0,1.0,1.0,1.0,0.0
3436,e10827f1aaf62efb8,True,,,,,,,,,,1.0,1.0,1.0,1.0,0.22531711113086958,1.0,1.0,1.0,1.0,0.7579115972283967
3437,3f501988e5d39bd03,True,,,,,,,,,,1.0,1.0,1.0,1.0,0.28405271303361423,1.0,0.0,1.0,1.0,0.6512664728230044
3438,05e7e2acfe2b49d78,True,,,,,,,,,,1.0,1.0,1.0,1.0,0.766295580373356,1.0,1.0,1.0,1.0,0.9269673688666737
3439,ca2e709d5cab0c6e4,True,,,,,,,,,,1.0,1.0,1.0,1.0,0.3199654951963486,1.0,1.0,1.0,1.0,0.787489217248859
3440,666a09df2cf7b4568,True,,,,,,,,,,1.0,1.0,0.0,1.0,1.0,1.0,0.0,1.0,1.0,0.0
3441,c021ad43ee2e51dd3,True,,,,,,,,,,1.0,1.0,1.0,1.0,0.8475327142700357,1.0,1.0,1.0,0.0,0.8273539732093862
3442,67f4ac3e85d08fa8a,True,,,,,,,,,,1.0,1.0,1.0,1.0,0.8088162039342118,1.0,1.0,1.0,1.0,0.9402550637294411
3443,66f45177e81fc8115,True,,,,,,,,,,1.0,1.0,1.0,1.0,0.7199287163007563,1.0,0.0,1.0,0.0,0.6624777238439863
3444,2df66cb5d7a252afe,True,,,,,,,,,,0.0,1.0,1.0,1.0,1.0,0.0,1.0,1.0,0.0,0.0
3445,66c0ac7e945e90197,True,,,,,,,,,,1.0,1.0,1.0,1.0,0.39430407066949186,1.0,0.0,1.0,0.0,0.5607200220842162
3446,f38cc020e1b05accc,True,,,,,,,,,,1.0,0.0,1.0,1.0,0.3828961288223594,1.0,1.0,1.0,0.0,0.0
3447,c24ef0bd2ded98fef,True,,,,,,,,,,1.0,1.0,1.0,1.0,0.5119316915568587,1.0,0.0,1.0,0.0,0.5974786536115183
3448,0f71d78f15a2628a4,True,,,,,,,,,,1.0,0.0,1.0,1.0,1.0,1.0,0.0,1.0,0.0,0.0
3449,1a7308db2e3923b30,True,,,,,,,,,,1.0,1.0,0.0,1.0,0.8361263170958984,1.0,1.0,1.0,0.0,0.0
3450,22a3ae905426058d2,True,,,,,,,,,,1.0,1.0,0.0,1.0,1.0,1.0,0.0,1.0,0.0,0.0
3451,c3fd5d39095bf7d25,True,,,,,,,,,,0.0,1.0,1.0,1.0,1.0,0.0,0.0,1.0,0.0,0.0
3452,a299bacf7699bbf82,True,,,,,,,,,,1.0,1.0,1.0,1.0,0.8170087180509109,1.0,1.0,1.0,0.0,0.8178152243909096
3453,ecc22288ebf17a22e,True,,,,,,,,,,1.0,1.0,1.0,1.0,1.0,1.0,1.0,1.0,1.0,1.0
3454,5607119f8cda83560,True,,,,,,,,,,1.0,1.0,1.0,1.0,1.0,1.0,0.0,1.0,0.0,0.75
3455,303bc627ceab22570,True,,,,,,,,,,1.0,0.0,1.0,1.0,1.0,0.0,0.0,1.0,0.0,0.0
3456,8d7f7a041d0f59275,True,,,,,,,,,,1.0,1.0,0.5,1.0,0.49696369449825406,1.0,0.0,1.0,1.0,0.3589005772653522
3457,51b90828c7ba37b79,True,,,,,,,,,,1.0,1.0,1.0,1.0,0.8882737232457045,1.0,1.0,1.0,0.0,0.8400855385142827
3458,a455cb198227aca78,True,,,,,,,,,,1.0,0.0,0.5,1.0,1.0,1.0,0.0,1.0,0.0,0.0
3459,6cca874fda7a3507a,True,,,,,,,,,,0.0,1.0,1.0,1.0,1.0,0.0,0.0,1.0,0.0,0.0
3460,c6e091204feb3069c,True,,,,,,,,,,1.0,1.0,1.0,1.0,0.5768991441494155,1.0,1.0,1.0,0.0,0.7427809825466923
3461,2676c3c7286b4756a,True,,,,,,,,,,1.0,1.0,1.0,1.0,0.22015923670349535,1.0,1.0,1.0,1.0,0.7562997614698423
3462,1f61d345cacd5e1d1,True,,,,,,,,,,1.0,1.0,1.0,1.0,0.9522528057239718,1.0,1.0,1.0,1.0,0.9850790017887412
3463,57e7f219c88ab8fe0,True,,,,,,,,,,1.0,0.0,1.0,1.0,1.0,1.0,1.0,1.0,0.0,0.0
3464,e06d3e2d64736c62d,True,,,,,,,,,,1.0,1.0,0.5,1.0,0.8127033249480928,1.0,0.0,1.0,0.0,0.3457348945231395
3465,59873106299ffb94f,True,,,,,,,,,,1.0,1.0,0.5,1.0,0.7827777524211941,0.0,0.0,1.0,1.0,0.24730902381581157
3466,36c1bdf64ea8ffbe0,True,,,,,,,,,,1.0,1.0,1.0,1.0,0.8795219413875476,1.0,0.0,1.0,1.0,0.8373506066836086
3467,e7c2b26b8d9679ed7,True,,,,,,,,,,1.0,1.0,1.0,1.0,0.5638439898975264,1.0,1.0,1.0,1.0,0.863701246842977
3468,a567fa13fe7716b55,True,,,,,,,,,,0.0,1.0,1.0,1.0,1.0,0.0,0.0,1.0,1.0,0.0
3469,232ee9d7342aed6a0,True,,,,,,,,,,1.0,1.0,1.0,1.0,1.0,1.0,1.0,1.0,0.0,0.875
3470,b592db40b4ae7d08c,True,,,,,,,,,,1.0,1.0,1.0,1.0,0.487646703380823,1.0,0.0,1.0,0.0,0.5898895948065072
3471,925c86df127c5e5b6,True,,,,,,,,,,1.0,1.0,1.0,1.0,0.93290583087912,1.0,1.0,1.0,0.0,0.854033072149725
3472,3b8ae7a448c0eb280,True,,,,,,,,,,1.0,0.0,1.0,1.0,1.0,0.0,1.0,1.0,0.0,0.0
3473,8bc78c84321c37423,True,,,,,,,,,,0.0,0.0,1.0,1.0,0.8857484938026915,0.0,1.0,1.0,1.0,0.0
3474,d6427f6451b02059f,True,,,,,,,,,,1.0,1.0,0.0,1.0,0.8296703581541458,1.0,0.0,1.0,1.0,0.0
3475,237248dcf20ccf56f,True,,,,,,,,,,1.0,1.0,1.0,1.0,0.31597472631221657,1.0,1.0,1.0,1.0,0.7862421019725676
3476,1aaa4996c12e817a7,True,,,,,,,,,,1.0,1.0,1.0,1.0,0.6574191561091876,1.0,1.0,1.0,1.0,0.8929434862841211
3477,5843e4397b88575b2,True,,,,,,,,,,1.0,0.0,1.0,1.0,1.0,1.0,0.0,1.0,1.0,0.0
3478,37e2413062044f037,True,,,,,,,,,,1.0,1.0,1.0,1.0,0.8065969573304547,1.0,0.0,1.0,0.0,0.6895615491657671
3479,d8126a7e3ab8882d8,True,,,,,,,,,,1.0,0.0,0.5,1.0,0.7060623233553,1.0,0.0,1.0,1.0,0.0
3480,7206aa9198632886d,True,,,,,,,,,,1.0,1.0,1.0,1.0,0.3112419124367743,1.0,0.0,1.0,0.0,0.534763097636492
3481,a423127bc4cb28773,True,,,,,,,,,,0.0,1.0,1.0,1.0,0.7013324061970383,0.0,0.0,1.0,1.0,0.0
3482,1b3fd5e7993de38c0,True,,,,,,,,,,1.0,1.0,1.0,1.0,0.6989427325087698,1.0,1.0,1.0,1.0,0.9059196039089905
3483,0c3447f80e5b8a35d,True,,,,,,,,,,1.0,1.0,0.5,1.0,0.6250956069052863,1.0,0.0,1.0,1.0,0.37892118857895096
3484,a2b18a44314422b37,True,,,,,,,,,,1.0,1.0,1.0,1.0,0.6274630470509056,1.0,1.0,1.0,0.0,0.758582202203408
3485,346c72dba6f32d44c,True,,,,,,,,,,1.0,1.0,1.0,1.0,1.0,1.0,0.0,1.0,1.0,0.875
3486,a7cf069369c371dd2,True,,,,,,,,,,1.0,0.0,1.0,1.0,0.3055920083586602,1.0,1.0,1.0,1.0,0.0
3487,d78e4f39396f3678e,True,,,,,,,,,,1.0,1.0,1.0,1.0,0.6318807989030177,1.0,1.0,1.0,1.0,0.884962749657193
3488,56e93c94aeafcbe6b,True,,,,,,,,,,1.0,1.0,0.0,1.0,0.9755907079870436,1.0,0.0,1.0,1.0,0.0
3489,194e5931bc902ac73,True,,,,,,,,,,1.0,1.0,1.0,1.0,1.0,1.0,0.0,1.0,0.0,0.75
3490,e1ddf841fc0409636,True,,,,,,,,,,1.0,1.0,1.0,1.0,0.36559508637283256,1.0,1.0,1.0,0.0,0.6767484644915102
3491,385a771804ff89676,True,,,,,,,,,,1.0,0.0,1.0,1.0,0.9257379544075046,1.0,0.0,1.0,1.0,0.0
3492,deaaf2b39c8541966,True,,,,,,,,,,1.0,0.0,1.0,1.0,0.19454744387694203,1.0,1.0,1.0,0.0,0.0
3493,02d45c7622ee47f85,True,,,,,,,,,,1.0,1.0,0.0,1.0,1.0,1.0,1.0,1.0,1.0,0.0
3494,c58481114df532967,True,,,,,,,,,,1.0,1.0,1.0,1.0,0.5258078810810067,1.0,1.0,1.0,1.0,0.8518149628378147
3495,64176216fb79bf46c,True,,,,,,,,,,1.0,1.0,1.0,1.0,0.7312070549189285,1.0,0.0,1.0,1.0,0.7910022046621652
3496,c9a4a1c914e8a249d,True,,,,,,,,,,1.0,0.0,1.0,1.0,1.0,1.0,0.0,1.0,1.0,0.0
3497,f8269fa1de4da78ec,True,,,,,,,,,,1.0,1.0,1.0,1.0,1.0,1.0,1.0,1.0,1.0,1.0
3498,fa28a1a92ae386086,True,,,,,,,,,,1.0,1.0,1.0,1.0,0.3622893417904491,1.0,1.0,1.0,1.0,0.8007154193095154
3499,5a7bb6958f668a475,True,,,,,,,,,,1.0,1.0,1.0,1.0,1.0,1.0,1.0,1.0,0.0,0.875
3500,5d2c37d1b97718200,True,,,,,,,,,,0.0,1.0,1.0,0.0,1.0,0.0,1.0,0.0,0.0,0.0
3501,19cc6e3c4179dce92,True,,,,,,,,,,1.0,1.0,1.0,1.0,0.5032941692595384,1.0,0.0,1.0,0.0,0.5947794278936057
3502,95839bd90cc4d94c8,True,,,,,,,,,,1.0,0.0,1.0,1.0,1.0,1.0,1.0,1.0,1.0,0.0
3503,53584220d24323201,True,,,,,,,,,,1.0,1.0,0.5,1.0,0.9272035778521548,1.0,0.0,1.0,0.0,0.3636255590393992
3504,67d0d1179730f6191,True,,,,,,,,,,1.0,1.0,0.5,1.0,1.0,1.0,0.0,1.0,1.0,0.4375
3505,c23afa5ae384dc837,True,,,,,,,,,,1.0,1.0,1.0,1.0,1.0,1.0,1.0,1.0,1.0,1.0
3506,bc8f20a64d1f52826,True,,,,,,,,,,1.0,1.0,1.0,1.0,0.531362504627257,1.0,1.0,1.0,1.0,0.8535507826960178
3507,3b9a4be29bdd2c8ae,True,,,,,,,,,,1.0,1.0,1.0,1.0,0.6462589405322282,1.0,0.0,1.0,1.0,0.7644559189163214
3508,63a044757376360cc,True,,,,,,,,,,1.0,1.0,1.0,1.0,0.9513781092543004,1.0,1.0,0.0,0.0,0.7348056591419689
3509,23a9805ef118f909c,True,,,,,,,,,,1.0,1.0,0.0,1.0,0.8769906100182203,1.0,0.0,1.0,0.0,0.0
3510,40f4ad799feb54f82,True,,,,,,,,,,1.0,1.0,1.0,0.0,1.0,1.0,1.0,1.0,1.0,0.0
3511,193752eccdb929fcc,True,,,,,,,,,,1.0,1.0,1.0,1.0,0.13733038583950716,1.0,0.0,1.0,1.0,0.605415745574846
3512,6eb14c57428cd1ec1,True,,,,,,,,,,1.0,1.0,1.0,1.0,0.8860055838804248,1.0,1.0,1.0,1.0,0.9643767449626328
3513,e9738336730d6755b,True,,,,,,,,,,1.0,0.0,1.0,1.0,1.0,1.0,0.0,1.0,1.0,0.0
3514,0fd0f1481edb016f4,True,,,,,,,,,,1.0,0.0,0.5,1.0,0.6847404196542336,1.0,0.0,1.0,1.0,0.0
3515,43a6dc7b51c8d9d06,True,,,,,,,,,,1.0,0.0,1.0,1.0,0.9854300736773073,1.0,1.0,1.0,0.0,0.0
3516,27fe2548642974f6e,True,,,,,,,,,,1.0,1.0,1.0,1.0,0.2525165126155986,0.0,0.0,1.0,1.0,0.3289114101923746
3517,bf42260856c674066,True,,,,,,,,,,1.0,1.0,1.0,1.0,1.0,1.0,0.0,1.0,0.0,0.75
3518,32dda48eecd064f26,True,,,,,,,,,,1.0,1.0,1.0,1.0,0.23598349523579476,1.0,0.0,1.0,1.0,0.6362448422611858
3519,e98e051c6f03d55bd,True,,,,,,,,,,1.0,1.0,1.0,1.0,1.0,0.0,1.0,1.0,0.0,0.5625
3520,67df061cc3bf5fa44,True,,,,,,,,,,1.0,1.0,1.0,1.0,0.5718238292105621,1.0,1.0,1.0,1.0,0.8661949466283007
3521,bb539282bfa7303c7,True,,,,,,,,,,1.0,1.0,1.0,1.0,0.7174901053923445,1.0,0.0,1.0,1.0,0.7867156579351077
3522,89fdadaeadc80221e,True,,,,,,,,,,0.0,1.0,1.0,1.0,1.0,0.0,1.0,1.0,0.0,0.0
3523,9a5ec15b58d715b9c,True,,,,,,,,,,1.0,1.0,1.0,1.0,0.3876165718874447,1.0,1.0,1.0,1.0,0.8086301787148265
3524,5e199a678c61e376a,True,,,,,,,,,,1.0,1.0,1.0,1.0,0.8680079044680483,1.0,0.0,1.0,1.0,0.8337524701462651
3525,6c8c6dc401c0c9ea2,True,,,,,,,,,,1.0,1.0,1.0,1.0,0.44804536531660194,1.0,1.0,1.0,0.0,0.7025141766614381
3526,c85aa35e5a8c7e1cc,True,,,,,,,,,,1.0,1.0,1.0,1.0,0.7969545837824498,1.0,0.0,1.0,1.0,0.8115483074320156
3527,2b500351ad1eb0fc8,True,,,,,,,,,,1.0,1.0,1.0,1.0,0.5250359166754003,1.0,1.0,1.0,0.0,0.7265737239610626
3528,b3ef71b2c228693bd,True,,,,,,,,,,1.0,1.0,1.0,1.0,0.9652315130434433,1.0,1.0,1.0,1.0,0.989134847826076
3529,8cc221e21b07d66db,True,,,,,,,,,,0.0,1.0,1.0,1.0,1.0,0.0,0.0,0.0,0.0,0.0
3530,a2d247bf6cbf13f7c,True,,,,,,,,,,0.0,1.0,1.0,1.0,1.0,0.0,0.0,1.0,0.0,0.0
3531,7186caba98873825a,True,,,,,,,,,,1.0,0.0,1.0,1.0,0.7792174050190673,1.0,1.0,1.0,1.0,0.0
3532,108350d1060a66bd9,True,,,,,,,,,,1.0,1.0,0.0,1.0,0.8291514393197548,0.0,0.0,1.0,0.0,0.0
3533,3c70a054e8d40ce21,True,,,,,,,,,,1.0,1.0,1.0,1.0,0.7411683688949434,1.0,0.0,1.0,0.0,0.6691151152796698
3534,02a66384ce22f1be6,True,,,,,,,,,,1.0,1.0,1.0,1.0,0.20749014621085338,1.0,1.0,1.0,1.0,0.7523406706908917
3535,abf07a7ff20944b55,True,,,,,,,,,,1.0,1.0,1.0,1.0,0.9438346008901464,1.0,0.0,1.0,1.0,0.8574483127781707
3536,75bc6c0b77408dcd2,True,,,,,,,,,,1.0,1.0,1.0,1.0,0.43577568817797235,1.0,1.0,1.0,0.0,0.6986799025556163
3537,2cbe5fab2a0892e8d,True,,,,,,,,,,1.0,1.0,0.0,1.0,1.0,1.0,0.0,1.0,1.0,0.0
3538,592e29a92e9aa79df,True,,,,,,,,,,1.0,1.0,1.0,1.0,1.0,1.0,0.0,0.0,1.0,0.75
3539,9ddf964682ac312d8,True,,,,,,,,,,1.0,1.0,1.0,1.0,0.39154403824090683,1.0,1.0,1.0,0.0,0.6848575119502833
3540,f6a13add7d93584e0,True,,,,,,,,,,1.0,0.0,0.5,1.0,0.3985018929356079,1.0,0.0,1.0,1.0,0.0
3541,116930ec4ef8fd410,True,,,,,,,,,,1.0,1.0,1.0,1.0,0.678214063870517,1.0,1.0,1.0,1.0,0.8994418949595365
3542,66fb23ec0e555548e,True,,,,,,,,,,1.0,1.0,1.0,1.0,0.13515655760960074,1.0,1.0,1.0,1.0,0.7297364242530002
3543,71755f3b7a0b20f35,True,,,,,,,,,,0.0,0.0,1.0,1.0,1.0,0.0,1.0,1.0,0.0,0.0
3544,ed8e5c526e1f42a73,True,,,,,,,,,,1.0,1.0,1.0,1.0,1.0,1.0,1.0,1.0,1.0,1.0
3545,71ff6e1295d5d408e,True,,,,,,,,,,1.0,1.0,0.0,1.0,1.0,0.0,0.0,1.0,0.0,0.0
3546,82fb1914f91a82579,True,,,,,,,,,,1.0,0.0,1.0,1.0,0.8699076496747038,1.0,0.0,1.0,0.0,0.0
3547,5a4fe1d15e2ccbce1,True,,,,,,,,,,1.0,1.0,1.0,1.0,0.43721225855738133,1.0,1.0,1.0,1.0,0.8241288307991816
3548,fa7ca9fcddad7a40d,True,,,,,,,,,,1.0,1.0,1.0,1.0,0.7051497525214291,1.0,0.0,1.0,0.0,0.6578592976629466
3549,5e8bc80abe039be9e,True,,,,,,,,,,1.0,0.0,1.0,1.0,1.0,1.0,1.0,1.0,0.0,0.0
3550,9225b4285de2f81d8,True,,,,,,,,,,1.0,0.0,1.0,1.0,1.0,1.0,1.0,1.0,1.0,0.0
3551,0d322fa61ecc39416,True,,,,,,,,,,1.0,1.0,1.0,1.0,0.7145823395304944,1.0,1.0,1.0,1.0,0.9108069811032795
3552,06a374b6e74317285,True,,,,,,,,,,1.0,1.0,1.0,1.0,0.8318990886319141,1.0,1.0,1.0,0.0,0.8224684651974732
3553,8381bad892c31cd51,True,,,,,,,,,,0.5,0.0,0.0,1.0,1.0,0.0,0.0,1.0,1.0,0.0
3554,ad104e5c73f603ad8,True,,,,,,,,,,1.0,1.0,1.0,1.0,0.6436913999222856,1.0,1.0,1.0,0.0,0.7636535624757143
3555,89184cd5e26fb9bde,True,,,,,,,,,,1.0,1.0,1.0,1.0,1.0,1.0,0.0,1.0,1.0,0.875
3556,50442ffec20a73824,True,,,,,,,,,,1.0,1.0,1.0,1.0,0.4239542117814357,1.0,0.0,1.0,1.0,0.6949856911816987
3557,7259df2fbd4ef7047,True,,,,,,,,,,1.0,1.0,1.0,1.0,0.5612448342422314,1.0,1.0,1.0,1.0,0.8628890107006972
3558,e36f8f24723dc8e0e,True,,,,,,,,,,0.0,0.0,1.0,1.0,0.7309108765310434,0.0,0.0,1.0,1.0,0.0
3559,2b5b15e806903df0c,True,,,,,,,,,,1.0,1.0,1.0,1.0,0.9426773769297825,1.0,1.0,1.0,0.0,0.857086680290557
3560,4fe667077cf665671,True,,,,,,,,,,1.0,1.0,1.0,1.0,1.0,1.0,0.0,1.0,0.0,0.75
3561,729e2b3a6ce97a377,True,,,,,,,,,,1.0,1.0,1.0,1.0,0.841665019141107,1.0,1.0,1.0,1.0,0.950520318481596
3562,70271e1e4a4efb5c5,True,,,,,,,,,,1.0,1.0,1.0,1.0,0.6927582257701664,1.0,0.0,1.0,1.0,0.778986945553177
3563,198e5922fee004f44,True,,,,,,,,,,1.0,1.0,1.0,1.0,0.9635751226359333,1.0,1.0,1.0,0.0,0.8636172258237291
3564,4d27e0875d79e55cb,True,,,,,,,,,,1.0,1.0,1.0,1.0,0.5748410167934356,1.0,1.0,1.0,0.0,0.7421378177479486
3565,1a8b28cb69aa0366e,True,,,,,,,,,,0.5,0.0,0.0,1.0,1.0,0.0,0.0,1.0,0.0,0.0
3566,ee232d7fae40f5bcc,True,,,,,,,,,,1.0,0.0,1.0,1.0,1.0,1.0,1.0,1.0,0.0,0.0
3567,16d22cc23e0b4cce8,True,,,,,,,,,,0.0,0.0,0.5,1.0,1.0,0.0,0.0,0.0,0.0,0.0
3568,56bd93dec0d4cb4df,True,,,,,,,,,,1.0,1.0,1.0,1.0,0.9465870121440146,1.0,0.0,1.0,1.0,0.8583084412950046
3569,f5cba35a5a2bc646e,True,,,,,,,,,,1.0,0.0,1.0,1.0,1.0,1.0,1.0,1.0,0.0,0.0
3570,d8d45144c24388dfb,True,,,,,,,,,,1.0,0.0,1.0,1.0,1.0,1.0,0.0,1.0,1.0,0.0
3571,299c68e344d04e536,True,,,,,,,,,,1.0,1.0,1.0,1.0,0.40546008355132274,1.0,0.0,1.0,0.0,0.5642062761097884
3572,aaf11968df9ad811b,True,,,,,,,,,,1.0,1.0,0.0,1.0,1.0,1.0,0.0,1.0,1.0,0.0
3573,cac170c5a828b564b,True,,,,,,,,,,1.0,1.0,1.0,1.0,0.7750802079370805,1.0,0.0,1.0,1.0,0.8047125649803377
3574,4cac5cf4ef12bcaba,True,,,,,,,,,,1.0,0.0,1.0,1.0,0.88873919428574,1.0,0.0,1.0,0.0,0.0
3575,cfbef936343c3a937,True,,,,,,,,,,1.0,1.0,1.0,1.0,0.5497736202174852,1.0,0.0,1.0,0.0,0.6093042563179641
3576,7e61c66c138daab84,True,,,,,,,,,,1.0,1.0,1.0,1.0,1.0,1.0,0.0,1.0,0.0,0.75
3577,2bb698b451e491605,True,,,,,,,,,,1.0,1.0,1.0,1.0,0.20004094896533228,1.0,0.0,1.0,1.0,0.6250127965516663
3578,ceeb78663a0b4f09b,True,,,,,,,,,,1.0,1.0,1.0,1.0,0.7508983888107509,0.0,0.0,1.0,1.0,0.48465574650335963
3579,aee8a0b219134ae2b,True,,,,,,,,,,1.0,1.0,1.0,1.0,0.6903310941776749,1.0,0.0,1.0,1.0,0.7782284669305234
3580,22e6f3013edf76fa7,True,,,,,,,,,,1.0,1.0,1.0,1.0,0.2590095430153994,1.0,1.0,1.0,1.0,0.7684404821923123
3581,bb000886556fcf3ea,True,,,,,,,,,,1.0,1.0,1.0,1.0,0.8118566761675153,1.0,0.0,1.0,1.0,0.8162052113023486
3582,8975720088d1d70ea,True,,,,,,,,,,1.0,1.0,0.0,1.0,0.7752673730815544,1.0,0.0,1.0,0.0,0.0
3583,c6d10cce20bba3c8f,True,,,,,,,,,,1.0,1.0,1.0,1.0,1.0,1.0,1.0,1.0,0.0,0.875
3584,f1d442974b63b87f6,True,,,,,,,,,,1.0,1.0,0.0,1.0,0.8430829212321467,1.0,0.0,1.0,0.0,0.0
3585,6eb44fdbacc1fdf1c,True,,,,,,,,,,1.0,1.0,1.0,1.0,1.0,1.0,1.0,1.0,1.0,1.0
3586,b1c69e18979797988,True,,,,,,,,,,1.0,1.0,1.0,1.0,0.5380315286769835,1.0,0.0,1.0,1.0,0.7306348527115574
3587,43759bd8769ab0e07,True,,,,,,,,,,1.0,1.0,1.0,1.0,1.0,1.0,1.0,1.0,1.0,1.0
3588,9e0cc66836c767421,True,,,,,,,,,,1.0,1.0,1.0,1.0,0.9703664894222053,1.0,1.0,1.0,1.0,0.9907395279444391
3589,99fefc4b387e5553a,True,,,,,,,,,,1.0,0.0,1.0,1.0,1.0,1.0,1.0,1.0,0.0,0.0
3590,78501e6f18988cb91,True,,,,,,,,,,0.0,1.0,1.0,1.0,1.0,0.0,0.0,1.0,0.0,0.0
3591,a2df1d2e1065e5f83,True,,,,,,,,,,1.0,1.0,1.0,1.0,0.8165753502159813,1.0,1.0,1.0,1.0,0.9426797969424942
3592,583a61a4880467bf7,True,,,,,,,,,,1.0,1.0,1.0,1.0,0.6152594992947128,1.0,1.0,1.0,0.0,0.7547685935295978
3593,481cb8f4c173a9ed0,True,,,,,,,,,,1.0,1.0,1.0,1.0,0.7304731039343072,1.0,1.0,1.0,0.0,0.790772844979471
3594,0f02c8c55a251c58b,True,,,,,,,,,,1.0,1.0,1.0,1.0,1.0,1.0,1.0,1.0,1.0,1.0
3595,f456c5e9004e0cd78,True,,,,,,,,,,0.0,0.0,1.0,1.0,0.8237456189853085,0.0,0.0,1.0,0.0,0.0
3596,a1a35da673b8752f6,True,,,,,,,,,,1.0,0.0,0.5,1.0,1.0,1.0,0.0,1.0,0.0,0.0
3597,00c800ba9acb02aa0,True,,,,,,,,,,1.0,1.0,1.0,1.0,0.7742175460206931,1.0,1.0,1.0,1.0,0.9294429831314666
3598,c912edcab444df468,True,,,,,,,,,,1.0,1.0,1.0,1.0,0.7418288631432833,1.0,0.0,1.0,0.0,0.669321519732276
3599,1062c697adcf808eb,True,,,,,,,,,,1.0,1.0,1.0,1.0,0.44226495459876214,1.0,1.0,1.0,0.0,0.7007077983121132
3600,3fdf3c5e045298ad9,True,,,,,,,,,,1.0,1.0,1.0,1.0,0.7257772194574748,1.0,1.0,1.0,0.0,0.7893053810804609
3601,1b9be7126769fdb92,True,,,,,,,,,,1.0,1.0,1.0,1.0,1.0,1.0,1.0,1.0,1.0,1.0
3602,217065a6aefbd8186,True,,,,,,,,,,1.0,1.0,1.0,1.0,0.7359420646637459,1.0,1.0,1.0,0.0,0.7924818952074206
3603,07f4044fd390149ba,True,,,,,,,,,,1.0,1.0,1.0,1.0,1.0,1.0,0.0,1.0,1.0,0.875
3604,d64fff6b350c44bf6,True,,,,,,,,,,1.0,0.0,1.0,1.0,1.0,1.0,1.0,1.0,0.0,0.0
3605,6407b45b597b1c340,True,,,,,,,,,,1.0,1.0,1.0,1.0,1.0,1.0,0.0,1.0,0.0,0.75
3606,7eb1127a01c79ed76,True,,,,,,,,,,1.0,1.0,1.0,1.0,0.25292302887183254,1.0,1.0,1.0,0.0,0.6415384465224476
3607,a5f9745ded4663076,True,,,,,,,,,,1.0,1.0,1.0,1.0,0.8674455752795048,1.0,0.0,1.0,1.0,0.8335767422748452
3608,48cab8078b80242a1,True,,,,,,,,,,1.0,1.0,1.0,1.0,0.8862046378232127,1.0,1.0,1.0,1.0,0.9644389493197539
3609,853836094a41151fa,True,,,,,,,,,,1.0,1.0,1.0,1.0,0.45681558550207974,1.0,1.0,1.0,1.0,0.8302548704693999
3610,53ceaabb1364b9424,True,,,,,,,,,,1.0,1.0,1.0,1.0,0.5642229856105332,1.0,0.0,1.0,0.0,0.6138196830032916
3611,5fdebbeb76c9d0953,True,,,,,,,,,,1.0,1.0,0.0,1.0,1.0,1.0,0.0,1.0,0.0,0.0
3612,d78f1814c06d766b1,True,,,,,,,,,,1.0,1.0,1.0,1.0,1.0,1.0,1.0,1.0,1.0,1.0
3613,9d5d767fac644cae7,True,,,,,,,,,,1.0,1.0,0.5,1.0,1.0,1.0,0.0,1.0,0.0,0.375
3614,cd892a7201a57c9b3,True,,,,,,,,,,1.0,1.0,1.0,1.0,0.5145277474876709,1.0,0.0,1.0,1.0,0.7232899210898972
3615,1348d09a15e4bfd3f,True,,,,,,,,,,1.0,1.0,1.0,1.0,0.45952471294045255,1.0,0.0,1.0,0.0,0.5811014727938915
3616,621583964b8d7bc4a,True,,,,,,,,,,1.0,1.0,1.0,1.0,1.0,1.0,1.0,1.0,0.0,0.875
3617,e2f2c32fd3d5f5d35,True,,,,,,,,,,0.0,1.0,0.0,1.0,1.0,0.0,0.0,1.0,1.0,0.0
3618,94e0532c49d982780,True,,,,,,,,,,1.0,0.0,1.0,1.0,1.0,1.0,0.0,1.0,1.0,0.0
3619,2f24eb49857240d79,True,,,,,,,,,,1.0,1.0,1.0,1.0,1.0,1.0,1.0,1.0,0.0,0.875
3620,46738f7f1afe77303,True,,,,,,,,,,1.0,1.0,1.0,1.0,1.0,1.0,0.0,1.0,1.0,0.875
3621,7aa2434007747c439,True,,,,,,,,,,1.0,1.0,0.0,1.0,1.0,1.0,0.0,1.0,1.0,0.0
3622,566746c1b29ff6a10,True,,,,,,,,,,1.0,1.0,1.0,1.0,0.5938872518618394,1.0,1.0,1.0,0.0,0.7480897662068249
3623,ff15360ae71790eb6,True,,,,,,,,,,1.0,1.0,0.5,1.0,1.0,1.0,0.0,1.0,1.0,0.4375
3624,444902bbbb7e82af9,True,,,,,,,,,,1.0,1.0,1.0,1.0,0.5645431108945073,1.0,0.0,1.0,1.0,0.7389197221545335
3625,4b2c40907436ec443,True,,,,,,,,,,1.0,1.0,1.0,1.0,0.10814684784908588,1.0,1.0,1.0,1.0,0.7212958899528393
3626,a95316ef51f44b853,True,,,,,,,,,,1.0,1.0,1.0,1.0,0.6963560870028446,1.0,0.0,1.0,1.0,0.7801112771883889
3627,4d6386d3f9143b9e0,True,,,,,,,,,,1.0,1.0,1.0,1.0,1.0,1.0,0.0,1.0,1.0,0.875
3628,84c83fdf5cd2bf3d0,True,,,,,,,,,,1.0,1.0,0.0,1.0,1.0,1.0,0.0,1.0,1.0,0.0
3629,bc0871e224359d4c3,True,,,,,,,,,,1.0,1.0,1.0,1.0,0.7428293961487555,1.0,1.0,1.0,1.0,0.9196341862964861
3630,3b82c1b1ab67f0c9a,True,,,,,,,,,,1.0,0.0,1.0,1.0,0.3846934375397452,1.0,0.0,1.0,0.0,0.0
3631,7382576570c02547b,True,,,,,,,,,,1.0,1.0,1.0,1.0,0.45943188446768035,1.0,0.0,1.0,1.0,0.7060724638961501
3632,a14671fac296719c0,True,,,,,,,,,,1.0,1.0,1.0,1.0,1.0,1.0,0.0,1.0,1.0,0.875
3633,ceec882b56eebd8c4,True,,,,,,,,,,1.0,1.0,1.0,1.0,0.8088039143659493,0.0,1.0,1.0,0.0,0.5027512232393592
3634,7b24f810cbd1a8c5a,True,,,,,,,,,,1.0,0.0,1.0,1.0,1.0,1.0,0.0,1.0,1.0,0.0
3635,4222a702d3e9ef7bb,True,,,,,,,,,,1.0,1.0,1.0,1.0,1.0,1.0,0.0,1.0,1.0,0.875
3636,facc7bdf3ca0a7492,True,,,,,,,,,,0.0,1.0,1.0,1.0,0.9844678143396022,0.0,1.0,1.0,0.0,0.0
3637,214aedc89904305ef,True,,,,,,,,,,1.0,1.0,1.0,0.0,1.0,1.0,1.0,1.0,1.0,0.0
3638,4f7b62e9ded399e3c,True,,,,,,,,,,1.0,0.0,1.0,1.0,1.0,1.0,0.0,1.0,1.0,0.0
3639,9f8032f6872d56164,True,,,,,,,,,,1.0,1.0,1.0,1.0,0.3658331648336731,1.0,1.0,1.0,0.0,0.6768228640105228
3640,9a36095a5f0caaafd,True,,,,,,,,,,1.0,1.0,1.0,1.0,0.44160613878839894,1.0,1.0,1.0,1.0,0.8255019183713747
3641,760a1b63cdc5e0565,True,,,,,,,,,,1.0,1.0,1.0,1.0,0.6861525827596151,1.0,1.0,1.0,0.0,0.7769226821123797
3642,9bcb66e43b4092040,True,,,,,,,,,,0.5,0.0,1.0,1.0,1.0,0.0,0.0,1.0,1.0,0.0
3643,1dc0a8f14dc973a72,True,,,,,,,,,,1.0,1.0,1.0,1.0,0.9761835984014293,1.0,1.0,1.0,1.0,0.9925573745004467
3644,9b4e2ae84afe8c832,True,,,,,,,,,,1.0,1.0,1.0,1.0,0.250376963095232,1.0,1.0,1.0,1.0,0.76574280096726
3645,749b3e461ac448a6a,True,,,,,,,,,,0.0,1.0,0.0,1.0,1.0,0.0,0.0,1.0,1.0,0.0
3646,7d9dbfb94fb6594f8,True,,,,,,,,,,1.0,0.0,1.0,1.0,0.8225842296891772,1.0,0.0,1.0,0.0,0.0
3647,9dc9fc49b0eb8dd9c,True,,,,,,,,,,1.0,1.0,0.0,1.0,1.0,1.0,0.0,1.0,1.0,0.0
3648,628be721855b43213,True,,,,,,,,,,1.0,1.0,1.0,1.0,0.9156707223363776,1.0,0.0,1.0,0.0,0.723647100730118
3649,1b26aaf90ef14383f,True,,,,,,,,,,0.0,1.0,1.0,1.0,1.0,0.0,1.0,1.0,1.0,0.0
3650,9a7f43d4720b544da,True,,,,,,,,,,1.0,1.0,1.0,1.0,0.5693709913181086,1.0,1.0,1.0,1.0,0.865428434786909
3651,5c8283705c1e44a16,True,,,,,,,,,,0.0,1.0,0.0,1.0,1.0,0.0,0.0,1.0,0.0,0.0
3652,5e6d2cd10c8d3e867,True,,,,,,,,,,1.0,1.0,1.0,1.0,0.7954629847196933,1.0,0.0,1.0,1.0,0.8110821827249042
3653,256b8c1f799d1f6a1,True,,,,,,,,,,1.0,1.0,1.0,1.0,0.451068796613755,1.0,0.0,1.0,1.0,0.7034589989417984
3654,d5edc9afab7f3a337,True,,,,,,,,,,1.0,0.0,1.0,1.0,0.8049222116324859,1.0,1.0,1.0,0.0,0.0
3655,4429b647133616c7e,True,,,,,,,,,,1.0,1.0,1.0,1.0,0.5139554839478216,1.0,1.0,1.0,0.0,0.7231110887336942
3656,553cf28c0505a3ed6,True,,,,,,,,,,1.0,1.0,1.0,1.0,0.3934971149997084,1.0,0.0,1.0,0.0,0.5604678484374088
3657,5dfa767630b9b975d,True,,,,,,,,,,1.0,1.0,1.0,1.0,0.78797097152319,1.0,0.0,1.0,0.0,0.6837409286009969
3658,562d93c298e442013,True,,,,,,,,,,1.0,1.0,1.0,1.0,0.8121379137956477,1.0,1.0,1.0,1.0,0.9412930980611399
3659,883dbba6979f32ae3,True,,,,,,,,,,1.0,1.0,1.0,1.0,0.4419055854013378,1.0,1.0,1.0,1.0,0.8255954954379181
3660,7abb624adfb880027,True,,,,,,,,,,1.0,1.0,1.0,1.0,0.74983805725668,1.0,0.0,1.0,1.0,0.7968243928927125
3661,69c96d373972cc736,True,,,,,,,,,,1.0,1.0,1.0,1.0,0.2757946076855047,1.0,1.0,1.0,1.0,0.7736858149017203
3662,765fab253a51a77e4,True,,,,,,,,,,1.0,1.0,1.0,1.0,0.5006596446937742,1.0,0.0,1.0,0.0,0.5939561389668044
3663,0abe9e69bf806a8c4,True,,,,,,,,,,1.0,1.0,1.0,1.0,0.5603165885692841,1.0,1.0,1.0,1.0,0.8625989339279013
3664,eb6579d91982e38e5,True,,,,,,,,,,1.0,1.0,1.0,1.0,0.18332588335747688,1.0,1.0,1.0,1.0,0.7447893385492115
3665,5bfde4f04f6f9257a,True,,,,,,,,,,1.0,1.0,0.0,1.0,0.928371497079476,1.0,0.0,1.0,1.0,0.0
3666,f732598080ee7f0cf,True,,,,,,,,,,1.0,1.0,1.0,1.0,0.2989003634383575,1.0,1.0,1.0,0.0,0.6559063635744867
3667,6546d47d2e83caab2,True,,,,,,,,,,1.0,0.0,1.0,1.0,1.0,1.0,0.0,1.0,0.0,0.0
3668,fd3bc1efc24f56212,True,,,,,,,,,,1.0,1.0,1.0,1.0,0.751170873376537,1.0,1.0,1.0,1.0,0.9222408979301678
3669,4cf1e96869318f4da,True,,,,,,,,,,1.0,0.0,1.0,1.0,1.0,1.0,1.0,1.0,0.0,0.0
3670,2fb3e2d50e23c577b,True,,,,,,,,,,1.0,1.0,1.0,1.0,0.6342665623510387,1.0,0.0,1.0,0.0,0.6357083007346996
3671,a2b706d9e0ce2f53e,True,,,,,,,,,,1.0,0.0,1.0,1.0,1.0,1.0,0.0,1.0,0.0,0.0
3672,4a53fe73af8c37bee,True,,,,,,,,,,1.0,1.0,1.0,1.0,0.7815591356061282,1.0,0.0,1.0,1.0,0.8067372298769151
3673,903801b8d2a6d7f58,True,,,,,,,,,,1.0,1.0,1.0,1.0,0.5133754091205632,1.0,0.0,1.0,1.0,0.722929815350176
3674,7f2c914bf8b40c7b7,True,,,,,,,,,,1.0,1.0,1.0,1.0,0.793082091219348,1.0,1.0,1.0,0.0,0.8103381535060463
3675,832b4c7a0e847fb0c,True,,,,,,,,,,1.0,1.0,1.0,1.0,0.36220144085187617,1.0,1.0,1.0,1.0,0.8006879502662113
3676,cf135fafcf0b8184d,True,,,,,,,,,,1.0,1.0,1.0,1.0,0.8237715591749769,1.0,1.0,0.0,0.0,0.6949286122421803
3677,2f7d514e5c41a23d7,True,,,,,,,,,,1.0,1.0,0.0,1.0,1.0,1.0,0.0,1.0,1.0,0.0
3678,53829d49d04c9df23,True,,,,,,,,,,1.0,0.0,1.0,1.0,0.6094625676805933,1.0,0.0,1.0,0.0,0.0
3679,c40c7b11924becb1b,True,,,,,,,,,,0.0,1.0,1.0,1.0,1.0,0.0,1.0,1.0,1.0,0.0
3680,0e447192563e126ef,True,,,,,,,,,,1.0,1.0,1.0,1.0,0.3996111206622057,1.0,1.0,1.0,1.0,0.8123784752069393
3681,daf6f2775f3fee4c9,True,,,,,,,,,,1.0,1.0,1.0,1.0,0.20895107390902215,1.0,0.0,1.0,1.0,0.6277972105965695
3682,df67b662b2c444fa9,True,,,,,,,,,,1.0,1.0,1.0,1.0,0.753928771324403,1.0,1.0,1.0,1.0,0.9231027410388759
3683,bee1f7c478d5663fc,True,,,,,,,,,,1.0,1.0,1.0,1.0,1.0,1.0,0.0,1.0,1.0,0.875
3684,b7f7527c14d0de1ef,True,,,,,,,,,,1.0,1.0,0.0,1.0,1.0,1.0,0.0,1.0,1.0,0.0
3685,3b556146eac4e59da,True,,,,,,,,,,1.0,1.0,1.0,1.0,0.7812452661396828,1.0,0.0,1.0,1.0,0.8066391456686509
3686,3dafbde4626235155,True,,,,,,,,,,1.0,1.0,0.0,1.0,0.8639442112431351,1.0,0.0,1.0,0.0,0.0
3687,e9f1d3b368a8f7603,True,,,,,,,,,,1.0,1.0,1.0,1.0,0.45049451211080294,1.0,0.0,1.0,1.0,0.7032795350346259
3688,147fe3531a064a546,True,,,,,,,,,,1.0,0.0,0.5,1.0,1.0,1.0,1.0,1.0,0.0,0.0
3689,161174e0143b41afa,True,,,,,,,,,,1.0,1.0,0.0,1.0,0.8014439566805651,1.0,0.0,1.0,1.0,0.0
3690,25e23d201bebf3f7f,True,,,,,,,,,,1.0,1.0,1.0,1.0,0.859856015572395,1.0,0.0,0.0,0.0,0.5812050048663735
3691,e422b7a7bb9c41f95,True,,,,,,,,,,0.0,1.0,1.0,1.0,1.0,0.0,1.0,1.0,0.0,0.0
3692,6d2b3bf21e89475b9,True,,,,,,,,,,1.0,1.0,1.0,1.0,1.0,1.0,1.0,1.0,1.0,1.0
3693,0224d4cee538e69c3,True,,,,,,,,,,1.0,0.0,1.0,1.0,1.0,1.0,1.0,1.0,1.0,0.0
3694,8f3be1fe834c8e1e6,True,,,,,,,,,,0.0,1.0,1.0,1.0,1.0,0.0,0.0,1.0,0.0,0.0
3695,49251b4564a2244a7,True,,,,,,,,,,1.0,1.0,1.0,1.0,0.8335879829254835,1.0,1.0,1.0,1.0,0.9479962446642136
3696,7387fd37f78f3fd39,True,,,,,,,,,,1.0,1.0,1.0,1.0,0.7092745660015816,1.0,1.0,1.0,1.0,0.9091483018754942
3697,e1a0c043fd6b131e0,True,,,,,,,,,,1.0,1.0,1.0,1.0,0.36603773186243854,1.0,1.0,1.0,1.0,0.801886791207012
3698,1101b454c3a1637f1,True,,,,,,,,,,1.0,1.0,1.0,1.0,0.6130314781406514,1.0,0.0,1.0,0.0,0.6290723369189536
3699,2947a7779fffc9a73,True,,,,,,,,,,1.0,0.0,0.5,1.0,1.0,1.0,0.0,1.0,0.0,0.0
3700,d919319074b4ecfbf,True,,,,,,,,,,1.0,0.0,0.0,1.0,1.0,1.0,0.0,1.0,1.0,0.0
3701,7859f7283b9d34589,True,,,,,,,,,,1.0,1.0,1.0,1.0,0.7620410845045854,1.0,1.0,1.0,0.0,0.8006378389076829
3702,355d2f57b20f32e9c,True,,,,,,,,,,0.0,0.0,0.0,1.0,1.0,0.0,0.0,1.0,0.0,0.0
3703,effa3c121b26ed3b5,True,,,,,,,,,,1.0,1.0,1.0,1.0,1.0,1.0,1.0,1.0,1.0,1.0
3704,739639234c47bf547,True,,,,,,,,,,1.0,1.0,1.0,1.0,1.0,0.0,0.0,1.0,1.0,0.5625
3705,31368b2b5cafa42dc,True,,,,,,,,,,1.0,1.0,1.0,1.0,0.8255455636068351,1.0,1.0,1.0,0.0,0.820482988627136
3706,a752f273da4956217,True,,,,,,,,,,1.0,1.0,1.0,1.0,1.0,0.0,1.0,1.0,1.0,0.6875
3707,3a569f66b0a30418a,True,,,,,,,,,,1.0,1.0,1.0,1.0,0.6126665320319246,1.0,1.0,1.0,1.0,0.8789582912599765
3708,4239966d2e8490d01,True,,,,,,,,,,1.0,1.0,1.0,1.0,0.7636660470219991,1.0,0.0,1.0,0.0,0.6761456396943748
3709,9bbf0a9e8d47e6d77,True,,,,,,,,,,1.0,1.0,0.5,1.0,1.0,1.0,0.0,1.0,1.0,0.4375
3710,b38c2b62761a1929d,True,,,,,,,,,,1.0,1.0,1.0,1.0,0.43113393337832345,1.0,0.0,1.0,1.0,0.6972293541807261
3711,805995afc5d305912,True,,,,,,,,,,0.0,1.0,1.0,1.0,1.0,0.0,0.0,1.0,0.0,0.0
3712,67c191e1da4b23c8a,True,,,,,,,,,,1.0,1.0,1.0,1.0,0.8036695006311879,1.0,0.0,1.0,1.0,0.8136467189472463
3713,ac3ff7df2071920ad,True,,,,,,,,,,1.0,1.0,1.0,1.0,1.0,1.0,0.0,1.0,0.0,0.75
3714,e41845d0f5aba53e4,True,,,,,,,,,,0.0,1.0,1.0,1.0,1.0,0.0,0.0,1.0,0.0,0.0
3715,2814e455e1302df51,True,,,,,,,,,,0.5,1.0,1.0,1.0,1.0,0.0,0.0,1.0,1.0,0.28125
3716,2271e9cd227826682,True,,,,,,,,,,1.0,1.0,1.0,1.0,0.5758890120386837,1.0,1.0,1.0,1.0,0.8674653162620887
3717,887a22206566761ea,True,,,,,,,,,,1.0,1.0,1.0,1.0,0.8760879296430022,1.0,1.0,1.0,0.0,0.8362774780134382
3718,41772b779157e530a,True,,,,,,,,,,1.0,1.0,1.0,1.0,0.6025670767852299,1.0,0.0,1.0,0.0,0.6258022114953843
3719,4c0a5d617a08c1e9e,True,,,,,,,,,,1.0,1.0,1.0,1.0,0.5769149950651609,1.0,1.0,1.0,1.0,0.8677859359578628
3720,896888ec148c2c4cb,True,,,,,,,,,,0.0,1.0,1.0,1.0,0.7302841095390338,0.0,0.0,1.0,1.0,0.0
3721,742919271b6be5815,True,,,,,,,,,,1.0,1.0,0.0,1.0,1.0,1.0,0.0,1.0,1.0,0.0
3722,43f9b9de05ede6a4d,True,,,,,,,,,,1.0,1.0,1.0,1.0,0.5241108187955358,1.0,0.0,1.0,0.0,0.601284630873605
3723,3e0c9c2ea255fd348,True,,,,,,,,,,1.0,1.0,1.0,1.0,1.0,0.0,0.0,1.0,0.0,0.4375
3724,4e6440872891a9f19,True,,,,,,,,,,1.0,0.0,1.0,1.0,1.0,1.0,1.0,1.0,0.0,0.0
3725,e131606576698bb6b,True,,,,,,,,,,1.0,1.0,0.5,1.0,1.0,1.0,0.0,1.0,0.0,0.375
3726,dc92f82e6715ac493,True,,,,,,,,,,0.0,1.0,1.0,1.0,0.8657018033301052,0.0,0.0,1.0,1.0,0.0
3727,4fc9662f3c2a3bb75,True,,,,,,,,,,1.0,0.0,0.0,1.0,1.0,1.0,0.0,1.0,0.0,0.0
3728,511d6caf7ec40eb09,True,,,,,,,,,,0.0,1.0,0.0,1.0,1.0,0.0,0.0,1.0,1.0,0.0
3729,3a5164bb3f2fdabd5,True,,,,,,,,,,0.0,1.0,1.0,1.0,0.7755527149704297,1.0,1.0,1.0,0.0,0.0
3730,f1020928f69a09709,True,,,,,,,,,,1.0,1.0,1.0,1.0,1.0,1.0,1.0,1.0,0.0,0.875
3731,5220d7e21ab6ff818,True,,,,,,,,,,1.0,0.0,1.0,1.0,0.42712135275776764,1.0,1.0,1.0,1.0,0.0
3732,9e0949ca46f2a4a49,True,,,,,,,,,,1.0,1.0,1.0,1.0,0.6345572842449257,1.0,1.0,1.0,1.0,0.8857991513265393
3733,f7608da692db5aeb1,True,,,,,,,,,,1.0,0.0,0.5,1.0,1.0,1.0,0.0,1.0,1.0,0.0
3734,2cfe97d8f0bc1727a,True,,,,,,,,,,1.0,0.0,0.0,1.0,1.0,1.0,0.0,1.0,0.0,0.0
3735,646aa5cbfd5f84a9e,True,,,,,,,,,,1.0,1.0,0.0,1.0,0.9018293022745163,1.0,0.0,1.0,1.0,0.0
3736,b89f8f1400c121a0e,True,,,,,,,,,,1.0,1.0,1.0,1.0,1.0,1.0,1.0,1.0,1.0,1.0
3737,a16a2970a55b1cf7f,True,,,,,,,,,,1.0,1.0,1.0,1.0,0.8092751532722744,1.0,0.0,1.0,1.0,0.8153984853975857
3738,7ac64209033f8834f,True,,,,,,,,,,1.0,1.0,0.5,1.0,0.7452685011976942,1.0,0.0,1.0,0.0,0.33519820331213973
3739,aeec01880eb4ba54b,True,,,,,,,,,,1.0,0.0,1.0,1.0,1.0,1.0,0.0,1.0,1.0,0.0
3740,f1abd83315867c099,True,,,,,,,,,,1.0,1.0,1.0,1.0,0.3878192286859506,1.0,1.0,1.0,1.0,0.8086935089643595
3741,e125fce6404cad012,True,,,,,,,,,,1.0,1.0,1.0,1.0,0.2089903712216381,1.0,1.0,1.0,1.0,0.752809491006762
3742,3db39c7599f58de4d,True,,,,,,,,,,1.0,1.0,1.0,1.0,0.6806009527894651,1.0,0.0,1.0,0.0,0.6501877977467079
3743,e1ef0211a91fc5373,True,,,,,,,,,,1.0,0.0,1.0,1.0,1.0,1.0,0.0,1.0,0.0,0.0
3744,5a0a989dc5a853c97,True,,,,,,,,,,1.0,1.0,1.0,1.0,0.7033597815747845,1.0,0.0,1.0,0.0,0.6572999317421202
3745,90641ae47d3a38ca0,True,,,,,,,,,,1.0,1.0,1.0,1.0,1.0,1.0,1.0,1.0,1.0,1.0
3746,db738e711b7d7a1c7,True,,,,,,,,,,1.0,1.0,1.0,1.0,0.4506412555101057,1.0,1.0,1.0,1.0,0.828325392346908
3747,46b622275a28d1d2d,True,,,,,,,,,,0.0,0.0,1.0,1.0,1.0,0.0,0.0,1.0,1.0,0.0
3748,f9f68056cf387b7a7,True,,,,,,,,,,0.0,0.0,1.0,1.0,1.0,0.0,0.0,1.0,1.0,0.0
3749,6bdee3f4f4da685e0,True,,,,,,,,,,1.0,1.0,1.0,1.0,0.40953698098920677,1.0,1.0,1.0,0.0,0.6904803065591272
3750,ff06d29f106ca64e4,True,,,,,,,,,,1.0,1.0,1.0,1.0,1.0,1.0,1.0,1.0,1.0,1.0
3751,f6eaaf2106ca53ffa,True,,,,,,,,,,1.0,1.0,1.0,1.0,0.6963929476624674,1.0,1.0,1.0,1.0,0.9051227961445211
3752,bcb569c08d9409956,True,,,,,,,,,,1.0,0.0,0.5,1.0,0.9805675909559816,1.0,0.0,1.0,0.0,0.0
3753,eaccd2408219e6f5e,True,,,,,,,,,,1.0,1.0,1.0,1.0,0.563247208937381,1.0,0.0,1.0,1.0,0.7385147527929316
3754,27c67d28b70d594c7,True,,,,,,,,,,1.0,1.0,1.0,1.0,0.7698855929911086,1.0,1.0,1.0,0.0,0.8030892478097215
3755,dbde88bcc1367bd88,True,,,,,,,,,,1.0,1.0,1.0,1.0,0.5673801124913249,1.0,1.0,1.0,1.0,0.864806285153539
3756,46790b0b88d5ee5b3,True,,,,,,,,,,1.0,1.0,1.0,1.0,1.0,1.0,1.0,1.0,0.0,0.875
3757,af1a4d903d6c645ce,True,,,,,,,,,,1.0,1.0,1.0,0.0,1.0,1.0,1.0,1.0,0.0,0.0
3758,934dcf983849279e2,True,,,,,,,,,,1.0,0.0,1.0,1.0,0.8418180986917999,1.0,1.0,1.0,1.0,0.0
3759,d2e7ee3ace0b92dee,True,,,,,,,,,,1.0,1.0,1.0,1.0,0.7288237520042823,1.0,1.0,1.0,1.0,0.9152574225013382
3760,90560af9aba9040f6,True,,,,,,,,,,1.0,1.0,1.0,1.0,0.6333406588811119,1.0,0.0,1.0,0.0,0.6354189559003475
3761,90c45199dafb82117,True,,,,,,,,,,1.0,1.0,1.0,1.0,0.8446724904182082,1.0,1.0,1.0,1.0,0.9514601532556901
3762,ed00ab86d2c2f5767,True,,,,,,,,,,1.0,1.0,1.0,1.0,0.3304123645107682,1.0,0.0,1.0,1.0,0.665753863909615
3763,cc8fe959edbcbe076,True,,,,,,,,,,0.0,1.0,1.0,1.0,1.0,0.0,0.0,1.0,0.0,0.0
3764,d443dcd06a9dbae34,True,,,,,,,,,,0.5,0.0,1.0,1.0,1.0,0.0,1.0,1.0,0.0,0.0
3765,20a64ca2d03e6cb72,True,,,,,,,,,,1.0,0.0,1.0,1.0,0.5438787017222297,1.0,1.0,1.0,0.0,0.0
3766,cc7eeb6ef4e923a61,True,,,,,,,,,,1.0,1.0,0.0,1.0,1.0,1.0,0.0,1.0,1.0,0.0
3767,f7c257dc15f6031fb,True,,,,,,,,,,1.0,1.0,1.0,1.0,0.9305358993493281,1.0,0.0,1.0,1.0,0.853292468546665
3768,ab30a09f899e6330e,True,,,,,,,,,,1.0,1.0,1.0,1.0,0.5920260426517395,1.0,1.0,1.0,0.0,0.7475081383286686
3769,7fda1bb28d64c96f0,True,,,,,,,,,,1.0,0.0,1.0,1.0,1.0,1.0,0.0,1.0,0.0,0.0
3770,2d044f90ee817dc19,True,,,,,,,,,,1.0,0.0,0.0,1.0,1.0,1.0,0.0,1.0,0.0,0.0
3771,d2d732a1ea85df0d1,True,,,,,,,,,,1.0,1.0,1.0,1.0,0.4955782651235249,1.0,1.0,1.0,1.0,0.8423682078511016
3772,a69f76adb6218f06b,True,,,,,,,,,,1.0,1.0,1.0,1.0,0.757551605802455,1.0,0.0,1.0,1.0,0.7992348768132671
3773,d9ae5adb158047d47,True,,,,,,,,,,1.0,1.0,1.0,1.0,0.8823020968018728,1.0,0.0,1.0,1.0,0.8382194052505852
3774,dc76f297f95b90094,True,,,,,,,,,,1.0,1.0,0.0,1.0,0.8157530687947574,1.0,0.0,1.0,1.0,0.0
3775,102c820549ded1872,True,,,,,,,,,,1.0,1.0,0.5,1.0,1.0,1.0,0.0,1.0,0.0,0.375
3776,dfa834bc1ba00afb5,True,,,,,,,,,,0.0,1.0,1.0,1.0,1.0,0.0,0.0,1.0,1.0,0.0
3777,e51490fe813037042,True,,,,,,,,,,0.0,1.0,1.0,0.0,1.0,0.0,1.0,1.0,0.0,0.0
3778,b1d448fe8d77559fd,True,,,,,,,,,,1.0,0.0,1.0,1.0,0.924115816592833,1.0,1.0,1.0,0.0,0.0
3779,5e5905ae1266bc1cb,True,,,,,,,,,,1.0,1.0,1.0,1.0,0.7933618423335802,1.0,1.0,1.0,1.0,0.9354255757292438
3780,09f2c709af42130ee,True,,,,,,,,,,1.0,1.0,1.0,1.0,0.22546262465701852,1.0,0.0,1.0,1.0,0.6329570702053182
3781,20d619058c9ec6829,True,,,,,,,,,,1.0,1.0,1.0,1.0,0.4425500866259869,1.0,0.0,1.0,1.0,0.7007969020706208
3782,8821c536a27933ed5,True,,,,,,,,,,0.0,1.0,1.0,1.0,1.0,0.0,0.0,1.0,1.0,0.0
3783,89267c56db23f89c7,True,,,,,,,,,,1.0,1.0,1.0,1.0,0.7810941834718338,1.0,1.0,1.0,0.0,0.8065919323349481
3784,64173df5c7bc60b13,True,,,,,,,,,,1.0,1.0,1.0,1.0,0.32744521994048514,1.0,0.0,1.0,1.0,0.6648266312314016
3785,355219fd5c589d7e5,True,,,,,,,,,,0.0,1.0,0.5,1.0,1.0,0.0,0.0,1.0,0.0,0.0
3786,4f7f3184912163792,True,,,,,,,,,,1.0,1.0,1.0,1.0,0.925646731371846,1.0,0.0,1.0,0.0,0.7267646035537019
3787,1d749bcf71869340e,True,,,,,,,,,,1.0,0.0,1.0,1.0,0.5983067488351537,1.0,0.0,1.0,0.0,0.0
3788,62c083fa4339253f3,True,,,,,,,,,,1.0,1.0,1.0,1.0,1.0,1.0,1.0,1.0,1.0,1.0
3789,73eec9539b3994724,True,,,,,,,,,,1.0,1.0,0.0,1.0,1.0,1.0,0.0,1.0,1.0,0.0
3790,1056c520c5f8da5e9,True,,,,,,,,,,1.0,1.0,1.0,1.0,1.0,1.0,1.0,1.0,1.0,1.0
3791,6f43b1ff7218bc4e6,True,,,,,,,,,,1.0,1.0,1.0,1.0,0.4286264709312097,1.0,1.0,1.0,1.0,0.821445772166003
3792,dcde802c1ad40532b,True,,,,,,,,,,0.0,1.0,1.0,1.0,1.0,0.0,0.0,1.0,0.0,0.0
3793,09fa01cf920102b53,True,,,,,,,,,,1.0,1.0,1.0,1.0,0.40259885438242565,1.0,1.0,1.0,1.0,0.813312141994508
3794,fd5d539436f5c5e86,True,,,,,,,,,,1.0,1.0,1.0,1.0,0.748425201033248,1.0,1.0,1.0,0.0,0.79638287532289
3795,ca9875b6ae5e08eed,True,,,,,,,,,,1.0,1.0,1.0,1.0,1.0,1.0,0.0,1.0,0.0,0.75
3796,031e271f324d8fe95,True,,,,,,,,,,1.0,1.0,0.0,1.0,1.0,1.0,0.0,1.0,1.0,0.0
3797,5b11f358da127ff72,True,,,,,,,,,,1.0,1.0,1.0,1.0,1.0,1.0,0.0,1.0,1.0,0.875
3798,0cb7cbb38d279ba88,True,,,,,,,,,,1.0,1.0,0.5,1.0,0.6051372539166392,1.0,0.0,1.0,1.0,0.3758026959244749
3799,18baf55921621bf61,True,,,,,,,,,,1.0,1.0,1.0,0.0,1.0,1.0,1.0,1.0,1.0,0.0
3800,25749b785814d5941,True,,,,,,,,,,1.0,1.0,1.0,1.0,0.6218399477171888,1.0,1.0,1.0,1.0,0.8818249836616214
3801,454ed2035bb0054fb,True,,,,,,,,,,1.0,1.0,1.0,1.0,0.548379439599631,1.0,1.0,1.0,1.0,0.8588685748748847
3802,2615ffc998d3b5976,True,,,,,,,,,,1.0,1.0,1.0,1.0,0.7707464445408428,1.0,1.0,1.0,0.0,0.8033582639190133
3803,85f43c57442169f13,True,,,,,,,,,,1.0,1.0,1.0,1.0,1.0,1.0,0.0,1.0,1.0,0.875
3804,10b844b8db1d56b80,True,,,,,,,,,,1.0,1.0,1.0,1.0,0.771081072525631,1.0,0.0,1.0,1.0,0.8034628351642596
3805,7904bcffe314d0056,True,,,,,,,,,,1.0,0.0,1.0,1.0,1.0,1.0,1.0,1.0,0.0,0.0
3806,2137517554a7f8e3b,True,,,,,,,,,,1.0,0.0,0.5,1.0,0.8424223428326595,1.0,1.0,1.0,0.0,0.0
3807,56cdce665c7a8a742,True,,,,,,,,,,1.0,1.0,1.0,1.0,1.0,1.0,0.0,1.0,1.0,0.875
3808,d6c514686f23569a7,True,,,,,,,,,,1.0,1.0,1.0,1.0,0.6005309865456763,1.0,0.0,1.0,0.0,0.6251659332955238
3809,2ad55ac1a6a8d1422,True,,,,,,,,,,1.0,1.0,1.0,1.0,0.6940417160637185,1.0,1.0,1.0,0.0,0.779388036269912
3810,cfe27a593a4819294,True,,,,,,,,,,1.0,1.0,0.5,1.0,1.0,1.0,0.0,0.0,0.0,0.3125
3811,17c86323e16dd5691,True,,,,,,,,,,0.0,1.0,1.0,1.0,1.0,0.0,0.0,1.0,0.0,0.0
3812,071605e0e3709e71e,True,,,,,,,,,,1.0,1.0,1.0,1.0,1.0,1.0,1.0,1.0,1.0,1.0
3813,c2e48998f58fcf229,True,,,,,,,,,,1.0,1.0,1.0,1.0,0.6183154308588769,1.0,1.0,1.0,1.0,0.880723572143399
3814,e987a00eb520c3af5,True,,,,,,,,,,1.0,1.0,1.0,1.0,0.27468639434328146,1.0,1.0,1.0,1.0,0.7733394982322754
3815,84b2700de34b073da,True,,,,,,,,,,1.0,0.0,1.0,1.0,0.688726599194802,1.0,1.0,1.0,0.0,0.0
3816,8bd9cc5482864e291,True,,,,,,,,,,1.0,0.0,0.0,1.0,1.0,1.0,0.0,1.0,0.0,0.0
3817,fb23a658d96acd780,True,,,,,,,,,,1.0,1.0,1.0,1.0,1.0,0.0,0.0,1.0,0.0,0.4375
3818,fad1ad3bce41df4d9,True,,,,,,,,,,1.0,1.0,1.0,1.0,0.4008111844181514,1.0,0.0,1.0,0.0,0.5627534951306723
3819,89d2e289ba7d3fd79,True,,,,,,,,,,1.0,1.0,0.0,1.0,1.0,1.0,0.0,1.0,1.0,0.0
3820,a8591c7d6a4f149f2,True,,,,,,,,,,1.0,1.0,1.0,1.0,0.24424015884201333,1.0,0.0,1.0,1.0,0.6388250496381291
3821,4ce9b6dc350d286df,True,,,,,,,,,,1.0,1.0,0.0,1.0,1.0,1.0,0.0,1.0,1.0,0.0
3822,7c5d86ba5e0d7e2a3,True,,,,,,,,,,1.0,1.0,1.0,1.0,0.1396793122582452,1.0,1.0,1.0,1.0,0.7311497850807016
3823,8a72c1ce26bcc476d,True,,,,,,,,,,0.0,1.0,1.0,1.0,0.7328545201805449,0.0,1.0,1.0,0.0,0.0
3824,9b164e112834437ea,True,,,,,,,,,,1.0,1.0,1.0,1.0,0.28176914767118927,1.0,0.0,1.0,1.0,0.6505528586472467
3825,80b2e317f6ca277c9,True,,,,,,,,,,1.0,1.0,1.0,1.0,0.5845681363377029,1.0,0.0,1.0,0.0,0.6201775426055322
3826,25db319b5b2d36844,True,,,,,,,,,,1.0,1.0,1.0,1.0,0.5013746955370143,1.0,1.0,1.0,1.0,0.844179592355317
3827,59e6ebcbd44500064,True,,,,,,,,,,1.0,1.0,1.0,1.0,0.9058912254646895,1.0,0.0,1.0,1.0,0.8455910079577155
3828,57242411e2f320c12,True,,,,,,,,,,1.0,1.0,1.0,1.0,0.7069225312078646,1.0,1.0,1.0,1.0,0.9084132910024577
3829,431df46346088a1de,True,,,,,,,,,,1.0,1.0,1.0,1.0,0.5663397319080451,1.0,1.0,1.0,1.0,0.8644811662212641
3830,af6a8ab4980429b3d,True,,,,,,,,,,1.0,1.0,1.0,1.0,0.6860172220469072,1.0,0.0,1.0,1.0,0.7768803818896585
3831,df73f150c23f6aeec,True,,,,,,,,,,1.0,0.0,0.0,1.0,1.0,1.0,0.0,1.0,0.0,0.0
3832,ceabdb590d507edf3,True,,,,,,,,,,1.0,1.0,0.5,1.0,0.8119419083905554,1.0,0.0,1.0,1.0,0.4081159231860243
3833,713ecb5e6f7885bee,True,,,,,,,,,,1.0,1.0,1.0,1.0,1.0,1.0,1.0,1.0,1.0,1.0
3834,ef863110f1ea79566,True,,,,,,,,,,0.0,1.0,1.0,1.0,1.0,0.0,1.0,1.0,1.0,0.0
3835,e53ada22df8520033,True,,,,,,,,,,1.0,1.0,1.0,1.0,0.44928350846648096,1.0,1.0,1.0,0.0,0.7029010963957754
3836,a77ac8c195ac2cc7a,True,,,,,,,,,,1.0,0.0,0.5,1.0,1.0,1.0,0.0,1.0,0.0,0.0
3837,c35b2274d82ebf3a1,True,,,,,,,,,,1.0,1.0,1.0,1.0,0.9055338424079212,1.0,1.0,1.0,1.0,0.9704793257524753
3838,bb77c49defa6c4631,True,,,,,,,,,,1.0,0.0,1.0,1.0,0.6496130176084768,1.0,1.0,1.0,0.0,0.0
3839,fd7743059db2ad01f,True,,,,,,,,,,0.0,1.0,1.0,1.0,1.0,0.0,1.0,1.0,0.0,0.0
3840,dd51833cafb701a23,True,,,,,,,,,,1.0,1.0,0.0,1.0,0.8046276943823905,1.0,0.0,0.0,0.0,0.0
3841,bb1231abd88057215,True,,,,,,,,,,1.0,1.0,1.0,1.0,0.48960723796448313,1.0,0.0,1.0,1.0,0.715502261863901
3842,c13e406734b95eb11,True,,,,,,,,,,1.0,1.0,1.0,1.0,0.6557916871858459,1.0,1.0,1.0,1.0,0.8924349022455769
3843,18087593f1147e61f,True,,,,,,,,,,1.0,0.0,1.0,1.0,1.0,1.0,1.0,1.0,0.0,0.0
3844,28e1ed77c94cf4d91,True,,,,,,,,,,1.0,1.0,1.0,1.0,0.8054601743252015,1.0,0.0,1.0,1.0,0.8142063044766255
3845,fb36ad22580aff945,True,,,,,,,,,,1.0,1.0,0.0,1.0,1.0,1.0,0.0,1.0,1.0,0.0
3846,5a7f1b88b2ab93c12,True,,,,,,,,,,1.0,1.0,0.5,1.0,1.0,1.0,0.0,1.0,1.0,0.4375
3847,41a150d2b1beead49,True,,,,,,,,,,1.0,1.0,0.5,1.0,1.0,1.0,1.0,1.0,0.0,0.4375
3848,d913eb830099d4dfe,True,,,,,,,,,,1.0,0.0,1.0,1.0,1.0,1.0,0.0,1.0,1.0,0.0
3849,894ee0eaafbdc05e5,True,,,,,,,,,,1.0,0.0,1.0,1.0,1.0,1.0,1.0,1.0,0.0,0.0
3850,e07233c9901810349,True,,,,,,,,,,0.0,1.0,1.0,1.0,0.874765888143235,0.0,0.0,1.0,1.0,0.0
3851,486ba1da3162e9265,True,,,,,,,,,,0.0,1.0,1.0,1.0,1.0,0.0,1.0,0.0,0.0,0.0
3852,3eb821b7811f5890d,True,,,,,,,,,,1.0,1.0,1.0,1.0,0.28983103046300557,1.0,0.0,1.0,1.0,0.6530721970196892
3853,423fdbe39c764f2e2,True,,,,,,,,,,1.0,0.0,1.0,1.0,0.6162775700007147,1.0,1.0,1.0,0.0,0.0
3854,cdcb9b51f99934711,True,,,,,,,,,,1.0,1.0,1.0,1.0,0.23470192245359647,1.0,1.0,1.0,1.0,0.7608443507667488
3855,c73b72769d48ae4f5,True,,,,,,,,,,1.0,0.0,1.0,1.0,1.0,1.0,1.0,1.0,1.0,0.0
3856,db8e9c0ed37d0df11,True,,,,,,,,,,0.0,1.0,0.5,1.0,1.0,0.0,0.0,1.0,1.0,0.0
3857,08ad22cbb4d9d003b,True,,,,,,,,,,0.0,1.0,1.0,1.0,1.0,0.0,0.0,1.0,0.0,0.0
3858,43f7d2bb6b4b6f35a,True,,,,,,,,,,1.0,0.0,1.0,1.0,1.0,1.0,0.0,1.0,1.0,0.0
3859,3d0fbd6a6fbde5f86,True,,,,,,,,,,1.0,0.0,0.5,1.0,1.0,1.0,1.0,1.0,0.0,0.0
3860,09ff70ea6f020da6f,True,,,,,,,,,,1.0,1.0,1.0,1.0,0.7011701695043544,1.0,1.0,1.0,0.0,0.7816156779701108
3861,3410786351a3e24b2,True,,,,,,,,,,1.0,1.0,1.0,1.0,0.1592210293747443,1.0,0.0,1.0,1.0,0.6122565716796076
3862,ac979b78a3cdc5d39,True,,,,,,,,,,0.0,1.0,1.0,1.0,1.0,0.0,0.0,1.0,0.0,0.0
3863,56b4d54802fcfc9b1,True,,,,,,,,,,1.0,1.0,1.0,1.0,0.7721022965238276,1.0,0.0,1.0,1.0,0.8037819676636961
3864,3a833c6bb917d783d,True,,,,,,,,,,1.0,1.0,1.0,1.0,0.665744583222279,1.0,1.0,1.0,0.0,0.7705451822569622
3865,5bd3f77bfdb480b75,True,,,,,,,,,,1.0,1.0,1.0,1.0,1.0,1.0,1.0,1.0,0.0,0.875
3866,eb926b1ea7a29e612,True,,,,,,,,,,0.0,1.0,1.0,1.0,1.0,0.0,1.0,1.0,1.0,0.0
3867,d2db523662daf6690,True,,,,,,,,,,0.0,1.0,0.5,1.0,1.0,0.0,0.0,1.0,0.0,0.0
3868,bee9d6dc42a9d273c,True,,,,,,,,,,1.0,1.0,1.0,1.0,0.8967987358764538,1.0,1.0,1.0,1.0,0.9677496049613918
3869,80de7b5aab26bbca8,True,,,,,,,,,,0.0,1.0,1.0,1.0,1.0,0.0,0.0,1.0,1.0,0.0
3870,bef5978ef06f054f6,True,,,,,,,,,,1.0,1.0,1.0,1.0,0.8083184488602925,1.0,1.0,1.0,1.0,0.9400995152688414
3871,11f2411e873c0fa28,True,,,,,,,,,,1.0,1.0,1.0,1.0,0.7287717697209736,1.0,0.0,1.0,1.0,0.7902411780378042
3872,2bb929aa7298012be,True,,,,,,,,,,0.0,1.0,1.0,1.0,1.0,0.0,1.0,1.0,0.0,0.0
3873,7441ab5cb1d596d66,True,,,,,,,,,,1.0,1.0,1.0,1.0,0.33481781616027734,1.0,1.0,1.0,1.0,0.7921305675500867
3874,37f45087a3d60aaff,True,,,,,,,,,,0.0,1.0,1.0,1.0,0.5159083910766831,0.0,0.0,1.0,0.0,0.0
3875,5de1e274bd9229940,True,,,,,,,,,,1.0,1.0,1.0,1.0,1.0,1.0,1.0,1.0,1.0,1.0
3876,7338fea39e2bae90e,True,,,,,,,,,,1.0,1.0,1.0,1.0,0.6138241220887374,1.0,0.0,1.0,1.0,0.7543200381527304
3877,0f08a0aac0d912459,True,,,,,,,,,,1.0,1.0,1.0,1.0,0.835444475928223,1.0,1.0,1.0,1.0,0.9485763987275697
3878,fedfbdfcf20092620,True,,,,,,,,,,1.0,1.0,1.0,1.0,0.2692643709130415,1.0,0.0,1.0,1.0,0.6466451159103255
3879,8ad941de7669cfce3,True,,,,,,,,,,1.0,1.0,1.0,1.0,1.0,0.0,0.0,1.0,0.0,0.4375
3880,f8e644eaae7fc78c5,True,,,,,,,,,,1.0,1.0,1.0,1.0,1.0,1.0,0.0,1.0,1.0,0.875
3881,a092442b5e964fcce,True,,,,,,,,,,1.0,0.0,1.0,1.0,1.0,1.0,1.0,1.0,0.0,0.0
3882,bef503ff5929be3a8,True,,,,,,,,,,0.0,1.0,1.0,1.0,1.0,0.0,0.0,1.0,0.0,0.0
3883,4a086bbf2e29537eb,True,,,,,,,,,,1.0,0.0,1.0,1.0,0.4796394729557738,1.0,1.0,1.0,1.0,0.0
3884,ff95aff7630205c1a,True,,,,,,,,,,1.0,1.0,1.0,1.0,1.0,1.0,1.0,1.0,0.0,0.875
3885,0584fafb0cb401aaf,True,,,,,,,,,,1.0,1.0,0.0,1.0,1.0,1.0,1.0,1.0,0.0,0.0
3886,342ef8eb6e93505ce,True,,,,,,,,,,1.0,1.0,1.0,1.0,0.9824298387928683,1.0,0.0,1.0,1.0,0.8695093246227713
3887,b928ef9aeaf66b2ad,True,,,,,,,,,,0.0,1.0,1.0,1.0,1.0,0.0,0.0,1.0,0.0,0.0
3888,d6e2587cedd827dce,True,,,,,,,,,,1.0,1.0,1.0,1.0,0.1361820922574527,1.0,1.0,1.0,0.0,0.605056903830454
3889,0d922ca55b8036075,True,,,,,,,,,,1.0,1.0,1.0,1.0,0.7010790747436175,1.0,1.0,1.0,1.0,0.9065872108573805
3890,5b9f80fbe5e67358f,True,,,,,,,,,,1.0,0.0,1.0,1.0,1.0,1.0,0.0,1.0,0.0,0.0
3891,e576f1ec67be1cbd0,True,,,,,,,,,,1.0,0.0,1.0,1.0,0.8081514009311219,1.0,1.0,1.0,1.0,0.0
3892,04be4c5a8a9eee15b,True,,,,,,,,,,0.0,0.0,1.0,1.0,0.9728445564612407,0.0,1.0,1.0,1.0,0.0
3893,5e2acee998e20682e,True,,,,,,,,,,1.0,0.0,1.0,1.0,1.0,1.0,1.0,1.0,0.0,0.0
3894,ada3a1a9a3d4dee81,True,,,,,,,,,,1.0,1.0,1.0,1.0,0.927580848447274,1.0,1.0,1.0,1.0,0.9773690151397731
3895,9ac59d12e61e3b3ff,True,,,,,,,,,,1.0,1.0,1.0,1.0,0.7272851469660101,1.0,1.0,0.0,0.0,0.6647766084268781
3896,8d07721cee604c720,True,,,,,,,,,,1.0,0.0,1.0,1.0,0.7031138508760795,1.0,0.0,1.0,1.0,0.0
3897,c85dd3e87ba3c50e0,True,,,,,,,,,,1.0,1.0,1.0,1.0,0.4221280379604409,1.0,0.0,1.0,1.0,0.6944150118626378
3898,6206155cd12c2d3af,True,,,,,,,,,,1.0,1.0,1.0,1.0,1.0,1.0,1.0,1.0,1.0,1.0
3899,762f200cb2556d1a2,True,,,,,,,,,,0.0,0.0,1.0,1.0,1.0,0.0,1.0,1.0,0.0,0.0
3900,5fb2ee221c72e08b2,True,,,,,,,,,,1.0,1.0,1.0,1.0,0.3145219407770391,1.0,1.0,1.0,0.0,0.6607881064928247
3901,b4fddb3dce784392e,True,,,,,,,,,,0.0,1.0,1.0,1.0,1.0,0.0,0.0,1.0,0.0,0.0
3902,89b122a0c34e4ff5b,True,,,,,,,,,,0.0,0.0,1.0,1.0,0.6071237414612045,0.0,0.0,1.0,0.0,0.0
3903,98fc31c7de325cbf0,True,,,,,,,,,,1.0,1.0,1.0,1.0,0.25426187621244745,1.0,1.0,1.0,1.0,0.7669568363163899
3904,aee13b42cfd66c8a3,True,,,,,,,,,,1.0,1.0,1.0,1.0,0.3455710010700931,1.0,1.0,1.0,1.0,0.795490937834404
3905,72df155b106ed7e16,True,,,,,,,,,,1.0,1.0,1.0,1.0,0.4694657663485671,1.0,1.0,1.0,1.0,0.8342080519839272
3906,c00dec2389baa0134,True,,,,,,,,,,1.0,1.0,1.0,1.0,0.2863057076490537,1.0,0.0,1.0,1.0,0.6519705336403293
3907,114bae5e9b92e8933,True,,,,,,,,,,0.0,0.0,0.5,1.0,1.0,0.0,1.0,1.0,0.0,0.0
3908,aa1b4476d7c10952e,True,,,,,,,,,,1.0,0.0,1.0,1.0,1.0,1.0,0.0,1.0,1.0,0.0
3909,33ff9ec8e9bc148c8,True,,,,,,,,,,1.0,1.0,1.0,1.0,0.34038488013617896,1.0,1.0,1.0,1.0,0.7938702750425559
3910,d3738c5a4d7530837,True,,,,,,,,,,1.0,0.0,1.0,1.0,0.7157990586527785,1.0,0.0,1.0,0.0,0.0
3911,cca4e701be243a275,True,,,,,,,,,,1.0,0.0,0.0,1.0,1.0,1.0,0.0,0.0,0.0,0.0
3912,a946e96acbe5186d9,True,,,,,,,,,,1.0,1.0,1.0,0.0,1.0,1.0,0.0,1.0,0.0,0.0
3913,c7f30a40dbc7d2bf8,True,,,,,,,,,,1.0,1.0,1.0,1.0,0.7550288404475732,1.0,1.0,1.0,1.0,0.9234465126398667
3914,a07db051c3599a582,True,,,,,,,,,,1.0,1.0,0.5,1.0,0.7470048065668861,1.0,0.0,1.0,0.0,0.335469501026076
3915,fedf09c50e4a8ef7b,True,,,,,,,,,,1.0,1.0,1.0,1.0,0.49796738580059385,1.0,0.0,1.0,1.0,0.7181148080626856
3916,0b23cba96b245dcbe,True,,,,,,,,,,1.0,1.0,1.0,1.0,0.9116945865297076,1.0,1.0,1.0,0.0,0.8474045582905336
3917,50da2cb15a6c805e6,True,,,,,,,,,,0.0,1.0,1.0,1.0,1.0,0.0,0.0,1.0,1.0,0.0
3918,78fdd992fa8acb334,True,,,,,,,,,,0.0,1.0,0.0,1.0,1.0,0.0,0.0,1.0,0.0,0.0
3919,3f94a9e099ddf73f0,True,,,,,,,,,,1.0,1.0,1.0,1.0,0.4501244145422721,1.0,0.0,1.0,1.0,0.70316387954446
3920,1562459800e0a5ba5,True,,,,,,,,,,1.0,1.0,1.0,1.0,0.5928777258415326,1.0,1.0,1.0,1.0,0.872774289325479
3921,ed6284a7f1cce40a2,True,,,,,,,,,,1.0,1.0,1.0,1.0,1.0,1.0,1.0,1.0,1.0,1.0
3922,df6bd29b481fbd72d,True,,,,,,,,,,1.0,1.0,1.0,1.0,0.7256879885027006,1.0,1.0,1.0,1.0,0.9142774964070939
3923,7f0488639b20ae5c7,True,,,,,,,,,,1.0,1.0,1.0,1.0,1.0,1.0,1.0,1.0,0.0,0.875
3924,34f398e3cb7f66124,True,,,,,,,,,,1.0,1.0,1.0,1.0,0.7135543179109908,1.0,1.0,1.0,0.0,0.7854857243471847
3925,b87411a579f9d7c9e,True,,,,,,,,,,1.0,1.0,1.0,1.0,0.5035431759246524,1.0,1.0,1.0,0.0,0.7198572424764539
3926,c675e95ff07987458,True,,,,,,,,,,1.0,1.0,1.0,1.0,1.0,1.0,0.0,1.0,1.0,0.875
3927,b6217c8c8ec53139f,True,,,,,,,,,,1.0,1.0,1.0,1.0,0.6505022276627741,1.0,1.0,1.0,1.0,0.8907819461446169
3928,d22b68be5e9fb8c2a,True,,,,,,,,,,1.0,1.0,1.0,1.0,1.0,1.0,1.0,1.0,0.0,0.875
3929,ac6225d45da8b51cf,True,,,,,,,,,,1.0,1.0,1.0,1.0,1.0,1.0,0.0,1.0,1.0,0.875
3930,0c3cbb85755a00eb2,True,,,,,,,,,,1.0,1.0,1.0,1.0,0.5574070111132259,1.0,0.0,1.0,0.0,0.6116896909728831
3931,27f023bf8333f5410,True,,,,,,,,,,1.0,1.0,1.0,1.0,0.48219130422605405,1.0,1.0,1.0,0.0,0.7131847825706419
3932,06b56c8b5f4b02d36,True,,,,,,,,,,1.0,1.0,1.0,1.0,0.18053913017303505,1.0,1.0,1.0,0.0,0.6189184781790735
3933,2da7f9d5b6d7592f7,True,,,,,,,,,,1.0,1.0,1.0,1.0,0.8335636411974249,1.0,0.0,1.0,1.0,0.8229886378741953
3934,9506188a844465e23,True,,,,,,,,,,1.0,1.0,1.0,1.0,0.8231062088485397,1.0,0.0,1.0,1.0,0.8197206902651686
3935,eaae6fd2529ee2b0b,True,,,,,,,,,,1.0,1.0,1.0,1.0,1.0,1.0,0.0,1.0,1.0,0.875
3936,36c18e8d239512a08,True,,,,,,,,,,1.0,1.0,1.0,1.0,1.0,1.0,0.0,1.0,1.0,0.875
3937,d5b310b71bd0dd6fd,True,,,,,,,,,,1.0,1.0,1.0,1.0,0.32260793488911615,1.0,1.0,1.0,0.0,0.6633149796528488
3938,f15dde91900f2039a,True,,,,,,,,,,0.0,1.0,0.5,1.0,1.0,0.0,0.0,1.0,1.0,0.0
3939,3e0e15540dab7a9e5,True,,,,,,,,,,1.0,0.0,1.0,1.0,0.33282359685307994,1.0,0.0,1.0,0.0,0.0
3940,afb926f0852a51d14,True,,,,,,,,,,1.0,1.0,1.0,1.0,0.7686441678910488,1.0,1.0,1.0,0.0,0.8027013024659527
3941,500c799cf6e33c39e,True,,,,,,,,,,1.0,1.0,1.0,1.0,0.8245979215547026,1.0,1.0,1.0,1.0,0.9451868504858445
3942,e9998b8b863aa29d4,True,,,,,,,,,,1.0,0.0,1.0,1.0,0.3699224393060223,1.0,0.0,1.0,1.0,0.0
3943,fb7b5ae64dda69073,True,,,,,,,,,,1.0,0.0,1.0,1.0,0.7457510248515988,1.0,1.0,1.0,0.0,0.0
3944,8568f4ee5859ce652,True,,,,,,,,,,1.0,1.0,0.5,1.0,0.8372306447023882,1.0,0.0,1.0,0.0,0.34956728823474814
3945,1b9fdb3577e3e1018,True,,,,,,,,,,1.0,1.0,1.0,1.0,0.7172005500122646,1.0,1.0,1.0,0.0,0.7866251718788326
3946,32888a8d5ffa4cfa6,True,,,,,,,,,,1.0,1.0,1.0,0.0,1.0,1.0,1.0,1.0,0.0,0.0
3947,3637ec99fe87c7406,True,,,,,,,,,,1.0,1.0,0.5,1.0,0.7131595876121162,1.0,0.0,1.0,1.0,0.39268118556439313
3948,7459b322982d2932c,True,,,,,,,,,,1.0,1.0,1.0,1.0,0.4264395023202428,1.0,1.0,1.0,0.0,0.6957623444750759
3949,1f91f3523e536e074,True,,,,,,,,,,1.0,1.0,1.0,1.0,0.9348581332760071,1.0,0.0,1.0,1.0,0.8546431666487522
3950,367254bcce7ceee1d,True,,,,,,,,,,1.0,1.0,1.0,1.0,0.6781738715402654,1.0,0.0,1.0,1.0,0.7744293348563329
3951,32e366dcde5a1ff12,True,,,,,,,,,,1.0,1.0,1.0,1.0,0.9165834726526381,1.0,0.0,1.0,1.0,0.8489323352039494
3952,b692c62651903c29f,True,,,,,,,,,,1.0,1.0,1.0,1.0,0.8543328881506075,1.0,1.0,1.0,0.0,0.8294790275470648
3953,d23a6fb267f1f6fa5,True,,,,,,,,,,1.0,1.0,1.0,1.0,0.34250175494897434,1.0,1.0,1.0,1.0,0.7945317984215545
3954,6280da1271d9fac21,True,,,,,,,,,,0.0,1.0,1.0,1.0,1.0,0.0,0.0,1.0,0.0,0.0
3955,f0fac8077bc98ead2,True,,,,,,,,,,1.0,1.0,1.0,1.0,0.09549690861296335,1.0,0.0,1.0,1.0,0.592342783941551
3956,8b6ef443197adad55,True,,,,,,,,,,1.0,0.0,1.0,1.0,1.0,1.0,1.0,1.0,0.0,0.0
3957,697d22c3f19ab6820,True,,,,,,,,,,1.0,1.0,1.0,1.0,0.2746273142381845,1.0,0.0,1.0,1.0,0.6483210356994327
3958,54319e96916504611,True,,,,,,,,,,1.0,1.0,1.0,1.0,0.32190581720231687,1.0,0.0,1.0,0.0,0.538095567875724
3959,f9a60116425308d57,True,,,,,,,,,,1.0,1.0,0.0,1.0,1.0,1.0,0.0,1.0,1.0,0.0
3960,2f7b3c8c203e87c73,True,,,,,,,,,,1.0,0.0,1.0,1.0,1.0,1.0,0.0,1.0,1.0,0.0
3961,3d46e887da2f265d2,True,,,,,,,,,,1.0,1.0,1.0,1.0,0.4049323891913871,1.0,1.0,1.0,0.0,0.6890413716223085
3962,81523e3e502f7fd7f,True,,,,,,,,,,1.0,1.0,0.5,1.0,1.0,1.0,1.0,1.0,0.0,0.4375
3963,26fc6837ede450373,True,,,,,,,,,,1.0,1.0,1.0,1.0,0.42046160426659634,1.0,1.0,1.0,1.0,0.8188942513333114
3964,318b2d84b07441bb0,True,,,,,,,,,,1.0,1.0,1.0,1.0,0.5111978351558198,1.0,0.0,1.0,0.0,0.5972493234861938
3965,12776777ba8546e14,True,,,,,,,,,,0.0,0.0,0.0,1.0,1.0,0.0,0.0,1.0,0.0,0.0
3966,014c92e4c2718adf8,True,,,,,,,,,,1.0,1.0,1.0,1.0,0.4332989870920153,1.0,1.0,1.0,0.0,0.6979059334662547
3967,067988277091a3762,True,,,,,,,,,,1.0,1.0,1.0,1.0,0.5019871664609491,1.0,1.0,1.0,0.0,0.7193709895190465
3968,29155e956236db1c4,True,,,,,,,,,,1.0,1.0,1.0,1.0,0.29381817733935695,1.0,0.0,1.0,0.0,0.5293181804185491
3969,a382d4a158cc4f443,True,,,,,,,,,,1.0,1.0,1.0,1.0,0.6180325820901725,1.0,0.0,1.0,1.0,0.7556351819031789
3970,ab7c66f93bd1cb471,True,,,,,,,,,,1.0,1.0,1.0,1.0,1.0,1.0,0.0,1.0,1.0,0.875
3971,396a1f73f2332bb19,True,,,,,,,,,,1.0,0.0,1.0,1.0,0.7830573578487172,1.0,1.0,1.0,0.0,0.0
3972,e717e9e58fcb1f253,True,,,,,,,,,,1.0,1.0,1.0,1.0,0.8116682793248845,1.0,0.0,1.0,1.0,0.8161463372890264
3973,91974452b21450f60,True,,,,,,,,,,1.0,1.0,1.0,1.0,0.6290461886861357,1.0,1.0,1.0,0.0,0.7590769339644174
3974,c9ec6104d455f3e47,True,,,,,,,,,,0.0,0.0,0.5,1.0,1.0,0.0,0.0,1.0,1.0,0.0
3975,974e05c39e876c78a,True,,,,,,,,,,1.0,1.0,1.0,1.0,0.5680913468888285,1.0,0.0,1.0,0.0,0.6150285459027589
3976,e0a8201279694e092,True,,,,,,,,,,0.0,1.0,1.0,1.0,1.0,0.0,1.0,1.0,0.0,0.0
3977,d18ebc94f4f3cb405,True,,,,,,,,,,0.0,1.0,1.0,1.0,1.0,0.0,0.0,1.0,0.0,0.0
3978,f155a28a11bdfe4d3,True,,,,,,,,,,1.0,1.0,1.0,1.0,1.0,1.0,1.0,1.0,1.0,1.0
3979,f5ffbc82e55558f49,True,,,,,,,,,,1.0,1.0,1.0,1.0,0.9775991371224255,1.0,1.0,1.0,0.0,0.867999730350758
3980,2e49400543ea5674a,True,,,,,,,,,,1.0,0.0,0.0,1.0,1.0,1.0,0.0,1.0,1.0,0.0
3981,4e5923e8ca30416d1,True,,,,,,,,,,1.0,1.0,0.5,1.0,0.8453339956167103,1.0,0.0,1.0,0.0,0.350833436815111
3982,4f8f53cf5fc946ea6,True,,,,,,,,,,1.0,1.0,1.0,1.0,0.5235053528573147,1.0,0.0,1.0,0.0,0.6010954227679108
3983,083ca0b9e4853254e,True,,,,,,,,,,1.0,0.0,1.0,1.0,1.0,1.0,0.0,1.0,0.0,0.0
3984,e6aaf829acef158f6,True,,,,,,,,,,1.0,1.0,1.0,1.0,0.4505129963122995,1.0,1.0,1.0,1.0,0.8282853113475936
3985,d0add012a511855fa,True,,,,,,,,,,1.0,1.0,1.0,1.0,0.7458427338782925,1.0,1.0,1.0,0.0,0.7955758543369664
3986,dc0620e71b9184974,True,,,,,,,,,,1.0,0.0,1.0,1.0,0.9039548422821574,1.0,1.0,1.0,0.0,0.0
3987,68dc2b23bd498da89,True,,,,,,,,,,1.0,1.0,1.0,1.0,0.590471820894745,1.0,1.0,1.0,1.0,0.8720224440296078
3988,e0d627ef80faeebd6,True,,,,,,,,,,1.0,1.0,1.0,1.0,1.0,0.0,0.0,1.0,1.0,0.5625
3989,8be69e03781f4c138,True,,,,,,,,,,1.0,1.0,1.0,1.0,0.8631425871700678,1.0,1.0,1.0,1.0,0.9572320584906462
3990,bf2fac0bbe0cb019b,True,,,,,,,,,,1.0,1.0,1.0,1.0,0.5529629835438068,1.0,1.0,1.0,0.0,0.7353009323574397
3991,fdeff0684535eaf4b,True,,,,,,,,,,1.0,1.0,1.0,1.0,0.7154083048949199,1.0,1.0,1.0,1.0,0.9110650952796625
3992,4410c6e64d170360d,True,,,,,,,,,,0.0,0.0,0.5,1.0,1.0,0.0,0.0,1.0,0.0,0.0
3993,87d737da1d3ba4b40,True,,,,,,,,,,1.0,1.0,1.0,1.0,0.31619854148730697,1.0,1.0,1.0,1.0,0.7863120442147834
3994,d9f0da556a4c7bb77,True,,,,,,,,,,1.0,1.0,1.0,1.0,1.0,1.0,0.0,1.0,0.0,0.75
3995,8ab7f330292d7d49f,True,,,,,,,,,,1.0,1.0,1.0,1.0,1.0,1.0,0.0,1.0,1.0,0.875
3996,6081eace5dbab1fce,True,,,,,,,,,,1.0,1.0,1.0,1.0,0.9205389544469944,1.0,1.0,1.0,0.0,0.8501684232646858
3997,beee26fb5719cdfcb,True,,,,,,,,,,1.0,1.0,1.0,0.0,1.0,1.0,1.0,0.0,0.0,0.0
3998,2a16480d68428e775,True,,,,,,,,,,1.0,1.0,1.0,1.0,0.4105482427932087,1.0,1.0,1.0,1.0,0.8157963258728778
3999,72f8e30d5fbc3839a,True,,,,,,,,,,1.0,0.0,1.0,1.0,1.0,1.0,0.0,1.0,1.0,0.0
4000,57ff3b08be49081c8,True,,,,,,,,,,1.0,1.0,1.0,1.0,0.763954683663802,1.0,0.0,1.0,0.0,0.6762358386449381
4001,1724e4388e1fa5055,True,,,,,,,,,,1.0,1.0,1.0,1.0,0.7727003415715648,1.0,0.0,1.0,1.0,0.803968856741114
4002,b0cbc535fe9913787,True,,,,,,,,,,1.0,1.0,0.0,1.0,0.814144845999352,1.0,1.0,1.0,0.0,0.0
4003,b3c45b51a36a0ed65,True,,,,,,,,,,1.0,1.0,1.0,1.0,0.7035337714472535,1.0,1.0,1.0,1.0,0.9073543035772667
4004,594f782a45aefdedc,True,,,,,,,,,,0.0,1.0,1.0,1.0,1.0,0.0,0.0,1.0,1.0,0.0
4005,7c1dac6894ccd6151,True,,,,,,,,,,1.0,1.0,1.0,1.0,1.0,1.0,0.0,1.0,1.0,0.875
4006,d24b5a7c9247ecd43,True,,,,,,,,,,1.0,0.0,1.0,1.0,0.6961613609765028,1.0,1.0,1.0,0.0,0.0
4007,071e35b1661da1366,True,,,,,,,,,,1.0,1.0,1.0,1.0,0.816851850962559,1.0,0.0,1.0,1.0,0.8177662034257998
4008,5fbdf316a30e33058,True,,,,,,,,,,1.0,1.0,1.0,1.0,0.7177100597420144,1.0,0.0,1.0,1.0,0.7867843936693795
4009,030798975779630c4,True,,,,,,,,,,0.0,0.0,1.0,1.0,1.0,0.0,0.0,1.0,1.0,0.0
4010,d44cdc5b9b4da0e54,True,,,,,,,,,,1.0,1.0,1.0,1.0,0.34829887636251317,1.0,1.0,1.0,1.0,0.7963433988632853
4011,50119f57063995e29,True,,,,,,,,,,0.0,1.0,1.0,1.0,1.0,0.0,1.0,0.0,0.0,0.0
4012,ddfba30b82c7a702c,True,,,,,,,,,,1.0,0.0,1.0,1.0,0.9869194771143386,1.0,1.0,1.0,1.0,0.0
4013,d8052b68418709942,True,,,,,,,,,,1.0,1.0,1.0,1.0,1.0,1.0,1.0,1.0,0.0,0.875
4014,3c5f94f941b068a40,True,,,,,,,,,,0.0,0.0,1.0,1.0,1.0,0.0,1.0,1.0,0.0,0.0
4015,167e9515df0f9719a,True,,,,,,,,,,1.0,1.0,1.0,1.0,0.6594204340065948,1.0,0.0,1.0,1.0,0.7685688856270609
4016,f65b972c0bb906291,True,,,,,,,,,,1.0,1.0,1.0,1.0,0.9571293006473531,1.0,0.0,1.0,1.0,0.8616029064522979
4017,8eb4319f6f1477277,True,,,,,,,,,,1.0,1.0,1.0,1.0,1.0,1.0,1.0,1.0,0.0,0.875
4018,c7c091e891a6bdac2,True,,,,,,,,,,1.0,1.0,1.0,1.0,0.8937960641366272,1.0,0.0,1.0,1.0,0.841811270042696
4019,546ea00bc8516f8dc,True,,,,,,,,,,1.0,0.0,0.5,1.0,1.0,1.0,1.0,1.0,1.0,0.0
4020,c91d6633fc0516a81,True,,,,,,,,,,1.0,1.0,1.0,1.0,0.35642250047394436,1.0,1.0,1.0,1.0,0.7988820313981075
4021,49d2336208d2cac37,True,,,,,,,,,,1.0,1.0,1.0,1.0,0.9360354464191951,1.0,1.0,1.0,1.0,0.9800110770059984
4022,a3d3acd8f46271484,True,,,,,,,,,,1.0,0.0,1.0,1.0,0.7372437137306674,1.0,1.0,1.0,0.0,0.0
4023,0c57f2adbbbdf0401,True,,,,,,,,,,0.0,1.0,1.0,1.0,1.0,0.0,0.0,1.0,0.0,0.0
4024,936b346e0cb941232,True,,,,,,,,,,1.0,0.0,0.5,1.0,0.8064480756179061,1.0,1.0,1.0,0.0,0.0
4025,b3c7672d677c644c7,True,,,,,,,,,,1.0,1.0,1.0,1.0,0.755647333689034,1.0,1.0,1.0,1.0,0.9236397917778232
4026,0ec4048ba57347962,True,,,,,,,,,,1.0,1.0,0.0,1.0,1.0,0.0,0.0,1.0,0.0,0.0
4027,b83ed44f0a4151018,True,,,,,,,,,,1.0,1.0,1.0,1.0,1.0,1.0,1.0,1.0,0.0,0.875
4028,2e5b938cd95f7cf83,True,,,,,,,,,,1.0,0.0,1.0,1.0,1.0,1.0,0.0,1.0,1.0,0.0
4029,70fff47737f1e15b4,True,,,,,,,,,,1.0,1.0,1.0,1.0,1.0,1.0,1.0,1.0,0.0,0.875
4030,5bfc22f5524f10a47,True,,,,,,,,,,1.0,1.0,0.5,1.0,1.0,1.0,0.0,1.0,1.0,0.4375
4031,ae40e2e1ac7bb59ef,True,,,,,,,,,,1.0,1.0,1.0,1.0,0.5858505197388502,1.0,1.0,1.0,1.0,0.8705782874183907
4032,7a574ea5511afe40d,True,,,,,,,,,,1.0,1.0,1.0,1.0,0.9276021453309753,1.0,0.0,1.0,0.0,0.7273756704159298
4033,1fbe931a028dff6f9,True,,,,,,,,,,1.0,1.0,0.0,1.0,1.0,1.0,1.0,1.0,1.0,0.0
4034,5a6d3d8a6cd7a7d2e,True,,,,,,,,,,1.0,1.0,1.0,1.0,0.2854203343334307,1.0,0.0,1.0,0.0,0.526693854479197
4035,76ce40d34831b1542,True,,,,,,,,,,1.0,0.0,0.5,1.0,1.0,1.0,0.0,1.0,0.0,0.0
4036,27b7e5ec4bfe00f85,True,,,,,,,,,,1.0,0.0,1.0,1.0,1.0,1.0,1.0,1.0,0.0,0.0
4037,6a555d92cb8bdeee6,True,,,,,,,,,,1.0,1.0,1.0,1.0,0.8411362262452244,1.0,1.0,1.0,1.0,0.9503550707016326
4038,af944ea40728e6074,True,,,,,,,,,,1.0,1.0,1.0,1.0,0.543541972768215,1.0,1.0,1.0,0.0,0.7323568664900673
4039,4c3e13d3975af4927,True,,,,,,,,,,1.0,1.0,1.0,1.0,0.8310636111098195,1.0,1.0,1.0,1.0,0.9472073784718186
4040,6d9912bf7efcd9fa0,True,,,,,,,,,,1.0,1.0,1.0,1.0,0.27723233311900247,1.0,1.0,1.0,1.0,0.7741351040996882
4041,59b05ded13f97b278,True,,,,,,,,,,1.0,1.0,1.0,1.0,0.711956964760873,1.0,0.0,1.0,1.0,0.7849865514877727
4042,3bcc1dd4e60503094,True,,,,,,,,,,1.0,1.0,1.0,1.0,0.7334211013499482,1.0,0.0,1.0,0.0,0.6666940941718589
4043,c4a1482387b6b8440,True,,,,,,,,,,1.0,1.0,1.0,1.0,1.0,1.0,1.0,1.0,1.0,1.0
4044,f95cca8cfa91db038,True,,,,,,,,,,0.0,1.0,1.0,1.0,1.0,0.0,1.0,1.0,0.0,0.0
4045,995a5ceaca13fa6a0,True,,,,,,,,,,1.0,0.0,1.0,1.0,1.0,1.0,0.0,1.0,0.0,0.0
4046,9a546e8b85e191da8,True,,,,,,,,,,1.0,1.0,1.0,1.0,1.0,1.0,1.0,1.0,1.0,1.0
4047,3d7ddf7a34c6ba150,True,,,,,,,,,,1.0,1.0,0.5,1.0,1.0,1.0,0.0,1.0,1.0,0.4375
4048,121c56067fcf173ae,True,,,,,,,,,,1.0,1.0,1.0,1.0,0.8476477918469336,1.0,1.0,1.0,0.0,0.8273899349521667
4049,78d4cffc4aa085aab,True,,,,,,,,,,1.0,1.0,1.0,1.0,1.0,1.0,1.0,1.0,0.0,0.875
4050,f5a7ab053fe5143f8,True,,,,,,,,,,1.0,1.0,1.0,1.0,1.0,1.0,0.0,1.0,1.0,0.875
4051,fe2ce74b2caa3fec8,True,,,,,,,,,,1.0,1.0,1.0,1.0,0.14759770969222405,1.0,1.0,1.0,1.0,0.7336242842788201
4052,b9bc285e03f488e64,True,,,,,,,,,,1.0,1.0,1.0,1.0,1.0,1.0,0.0,1.0,1.0,0.875
4053,96cc2557a7240b2e7,True,,,,,,,,,,0.0,1.0,1.0,1.0,1.0,0.0,1.0,1.0,1.0,0.0
4054,f8632cecfa6bdd21f,True,,,,,,,,,,1.0,1.0,0.5,1.0,1.0,1.0,0.0,1.0,1.0,0.4375
4055,a8f42da9ce93b404d,True,,,,,,,,,,1.0,0.0,0.0,1.0,1.0,1.0,0.0,1.0,0.0,0.0
4056,731d0bae35b763cde,True,,,,,,,,,,1.0,0.0,1.0,1.0,0.42682194041357385,1.0,0.0,1.0,1.0,0.0
4057,5b5acbaa4890aaac9,True,,,,,,,,,,1.0,1.0,0.0,1.0,1.0,1.0,0.0,1.0,1.0,0.0
4058,77174c66f10b6d7f9,True,,,,,,,,,,1.0,0.0,1.0,1.0,0.24787325923583606,1.0,1.0,1.0,0.0,0.0
4059,6c0405cd5c40c15ab,True,,,,,,,,,,1.0,0.0,1.0,1.0,1.0,1.0,1.0,1.0,0.0,0.0
4060,f26e03767d82f4ae7,True,,,,,,,,,,1.0,1.0,1.0,1.0,1.0,1.0,1.0,1.0,1.0,1.0
4061,10d905dbddd82d817,True,,,,,,,,,,1.0,1.0,1.0,1.0,1.0,1.0,1.0,1.0,0.0,0.875
4062,5f47a3fc517f4ab93,True,,,,,,,,,,1.0,1.0,1.0,1.0,0.780559419278383,1.0,1.0,1.0,0.0,0.8064248185244947
4063,060c2eff47b49d915,True,,,,,,,,,,1.0,0.0,0.0,1.0,1.0,1.0,0.0,1.0,0.0,0.0
4064,b740de6b775b4ec70,True,,,,,,,,,,1.0,1.0,1.0,1.0,0.5677235387468348,1.0,1.0,1.0,0.0,0.7399136058583858
4065,384e8594099b2b5f2,True,,,,,,,,,,1.0,1.0,1.0,1.0,0.6697510306073081,1.0,0.0,1.0,0.0,0.6467971970647838
4066,37744feedc918aa7b,True,,,,,,,,,,0.5,1.0,1.0,1.0,1.0,0.0,1.0,1.0,0.0,0.28125
4067,ceeb361872a012bd7,True,,,,,,,,,,1.0,1.0,0.0,1.0,0.9018293022745163,1.0,0.0,1.0,1.0,0.0
4068,9e892c78dc283445e,True,,,,,,,,,,1.0,1.0,1.0,1.0,0.9645102376516909,0.0,1.0,1.0,0.0,0.5514094492661534
4069,530a28f5b73e11f66,True,,,,,,,,,,1.0,1.0,1.0,1.0,0.8441771087465741,1.0,1.0,1.0,1.0,0.9513053464833044
4070,b5026163c611c7730,True,,,,,,,,,,1.0,1.0,1.0,1.0,0.9624165392427897,1.0,1.0,1.0,1.0,0.9882551685133718
4071,3343ae6524e70afdf,True,,,,,,,,,,1.0,0.0,1.0,1.0,0.8192650370951655,1.0,1.0,1.0,1.0,0.0
4072,c0831690e22e4cfbc,True,,,,,,,,,,1.0,1.0,1.0,1.0,0.5729836064157766,1.0,1.0,1.0,1.0,0.8665573770049302
4073,0b3ce3fcc2b9cdf45,True,,,,,,,,,,1.0,1.0,1.0,1.0,0.2739782699350585,1.0,0.0,1.0,0.0,0.5231182093547058
4074,053a3b165ea7a6cb4,True,,,,,,,,,,1.0,0.0,1.0,1.0,1.0,1.0,0.0,1.0,1.0,0.0
4075,863415a0e3cc1897d,True,,,,,,,,,,1.0,1.0,1.0,1.0,0.7453539179741053,1.0,1.0,1.0,1.0,0.9204230993669079
4076,2a8ffeaa7391e73c7,True,,,,,,,,,,1.0,1.0,0.5,1.0,1.0,1.0,1.0,1.0,1.0,0.5
4077,28ee06f98b43e0a85,True,,,,,,,,,,1.0,1.0,1.0,1.0,0.5712406749933702,1.0,1.0,1.0,1.0,0.8660127109354282
4078,b58b6d88823cf8754,True,,,,,,,,,,0.0,1.0,1.0,1.0,1.0,0.0,0.0,1.0,1.0,0.0
4079,9142b4f8d76f38072,True,,,,,,,,,,1.0,0.0,1.0,1.0,0.6620073307946576,1.0,1.0,1.0,0.0,0.0
4080,522ec458b8ed55662,True,,,,,,,,,,1.0,1.0,1.0,1.0,0.5910453328648451,1.0,0.0,1.0,1.0,0.7472016665202641
4081,a41ba68bdc9f9fb88,True,,,,,,,,,,1.0,1.0,1.0,1.0,0.5834544290277663,1.0,1.0,1.0,1.0,0.869829509071177
4082,7858c7e045c1ac9b5,True,,,,,,,,,,1.0,1.0,1.0,1.0,1.0,1.0,0.0,1.0,1.0,0.875
4083,b378fbb6e27946979,True,,,,,,,,,,1.0,1.0,0.0,1.0,1.0,1.0,0.0,1.0,1.0,0.0
4084,3d093356af980da3c,True,,,,,,,,,,1.0,1.0,1.0,1.0,0.4069867089410997,1.0,1.0,1.0,1.0,0.8146833465440937
4085,114cffc6aed0cbf4b,True,,,,,,,,,,1.0,0.0,1.0,1.0,0.3200423382705393,1.0,0.0,1.0,0.0,0.0
4086,6b7ec09b2f5066af8,True,,,,,,,,,,1.0,1.0,1.0,1.0,0.7474748061441566,1.0,1.0,1.0,0.0,0.796085876920049
4087,b4590a06173d6c3f0,True,,,,,,,,,,1.0,1.0,1.0,1.0,0.9230238044143727,1.0,0.0,0.0,0.0,0.6009449388794914
4088,a3159a9839e251bcb,True,,,,,,,,,,1.0,1.0,1.0,1.0,0.7965046615137302,1.0,0.0,1.0,0.0,0.6864077067230407
4089,1087cd8acf5661e9c,True,,,,,,,,,,1.0,1.0,0.0,1.0,0.8561124170189433,1.0,0.0,1.0,1.0,0.0
4090,3d85159a51861aba5,True,,,,,,,,,,0.0,1.0,1.0,1.0,1.0,1.0,0.0,1.0,0.0,0.0
4091,4088cfb3d342b234d,True,,,,,,,,,,1.0,0.0,0.0,1.0,1.0,1.0,0.0,1.0,1.0,0.0
4092,52c153c82d99556d6,True,,,,,,,,,,1.0,0.0,0.0,1.0,1.0,1.0,0.0,1.0,0.0,0.0
4093,fb300036a09e3c31c,True,,,,,,,,,,1.0,0.0,1.0,1.0,1.0,0.0,0.0,1.0,0.0,0.0
4094,152d958486f2526ce,True,,,,,,,,,,1.0,1.0,0.0,1.0,0.7750210485713384,1.0,0.0,1.0,1.0,0.0
4095,f50ba88f5b3fedfcd,True,,,,,,,,,,1.0,1.0,1.0,1.0,0.05240268168531213,1.0,0.0,1.0,1.0,0.5788758380266601
4096,5afefbf1463923c97,True,,,,,,,,,,1.0,1.0,1.0,1.0,0.7815589088236192,1.0,0.0,1.0,1.0,0.8067371590073811
4097,b58fa3cc9262a73d1,True,,,,,,,,,,0.0,1.0,1.0,1.0,1.0,0.0,1.0,1.0,0.0,0.0
4098,0389a1afc56cd9768,True,,,,,,,,,,1.0,1.0,1.0,1.0,0.7747614551446484,1.0,0.0,1.0,1.0,0.8046129547327027
4099,dcf0be9d22af78eca,True,,,,,,,,,,1.0,1.0,1.0,1.0,0.40192627497294264,1.0,1.0,1.0,1.0,0.8131019609290446
4100,4cb9cbe26edb17f04,True,,,,,,,,,,1.0,1.0,0.0,1.0,1.0,0.0,1.0,0.0,0.0,0.0
4101,874ca7613e4fb30ba,True,,,,,,,,,,1.0,1.0,0.5,1.0,1.0,1.0,0.0,1.0,0.0,0.375
4102,fb9996df723745a05,True,,,,,,,,,,1.0,1.0,1.0,1.0,0.5705408131286717,1.0,0.0,1.0,1.0,0.7407940041027099
4103,7fb39ce347c2b9486,True,,,,,,,,,,1.0,1.0,1.0,1.0,1.0,1.0,0.0,1.0,0.0,0.75
4104,d04ff28ed5ef1d0d5,True,,,,,,,,,,1.0,1.0,1.0,1.0,0.21974622204076824,1.0,1.0,1.0,0.0,0.6311706943877401
4105,0a7f7df8603204c57,True,,,,,,,,,,1.0,1.0,1.0,1.0,0.9583091452093477,1.0,1.0,1.0,1.0,0.9869716078779212
4106,42e2e548a93490d54,True,,,,,,,,,,1.0,1.0,1.0,1.0,1.0,1.0,0.0,1.0,1.0,0.875
4107,d38c4af1d199d57d9,True,,,,,,,,,,0.0,0.0,1.0,1.0,1.0,0.0,0.0,1.0,0.0,0.0
4108,087f308c89d8be0ec,True,,,,,,,,,,1.0,0.0,0.5,1.0,0.782223216129296,1.0,1.0,1.0,0.0,0.0
4109,1321cf37404d27e22,True,,,,,,,,,,1.0,1.0,0.0,1.0,1.0,1.0,0.0,1.0,1.0,0.0
4110,47fd69d104912e67a,True,,,,,,,,,,1.0,0.0,1.0,1.0,0.447735559641449,1.0,1.0,1.0,1.0,0.0
4111,60bf68aa5fc67729a,True,,,,,,,,,,1.0,1.0,1.0,1.0,0.42364578329537766,1.0,1.0,1.0,1.0,0.8198893072798055
4112,19d1ed57ca3224e24,True,,,,,,,,,,0.0,0.0,1.0,1.0,1.0,0.0,0.0,0.0,0.0,0.0
4113,eaf95271513c8b2e5,True,,,,,,,,,,1.0,1.0,1.0,1.0,0.6620690354302202,1.0,1.0,1.0,1.0,0.8943965735719438
4114,39a33f6262e8b8c0c,True,,,,,,,,,,1.0,1.0,1.0,1.0,0.46488966800009535,1.0,1.0,1.0,0.0,0.7077780212500298
4115,3b0bf79a32b642604,True,,,,,,,,,,1.0,0.0,1.0,1.0,1.0,1.0,0.0,0.0,1.0,0.0
4116,2fb8e40dec69f26c4,True,,,,,,,,,,1.0,1.0,0.0,1.0,1.0,1.0,0.0,1.0,1.0,0.0
4117,0a8cbe192f3d3dfba,True,,,,,,,,,,1.0,1.0,1.0,1.0,0.5999651646383599,1.0,1.0,1.0,0.0,0.7499891139494874
4118,81745b0b8691480d6,True,,,,,,,,,,0.0,1.0,1.0,1.0,0.8848773983502418,0.0,1.0,1.0,0.0,0.0
4119,b1c87adfc82a52734,True,,,,,,,,,,0.0,1.0,1.0,1.0,1.0,0.0,0.0,1.0,0.0,0.0
4120,9346180ef7437e555,True,,,,,,,,,,1.0,1.0,1.0,1.0,0.7454691910540975,1.0,0.0,1.0,1.0,0.7954591222044054
4121,24d58aedbf92c910a,True,,,,,,,,,,1.0,1.0,1.0,1.0,0.838451276024645,1.0,1.0,1.0,1.0,0.9495160237577016
4122,12df8311d005ad619,True,,,,,,,,,,1.0,1.0,1.0,1.0,0.626513669857742,1.0,1.0,1.0,1.0,0.8832855218305444
4123,be4d95422b6b6e212,True,,,,,,,,,,1.0,1.0,1.0,1.0,0.5605282006496733,1.0,1.0,1.0,1.0,0.8626650627030229
4124,eeb0b8f8cc54ccf58,True,,,,,,,,,,1.0,1.0,1.0,1.0,1.0,1.0,1.0,1.0,1.0,1.0
4125,0308c9d9ebeab7805,True,,,,,,,,,,1.0,1.0,1.0,1.0,0.45674392609332015,1.0,1.0,1.0,1.0,0.8302324769041626
4126,82164b6dd39963198,True,,,,,,,,,,1.0,1.0,0.0,1.0,1.0,1.0,0.0,1.0,1.0,0.0
4127,bf64cc8fd71cdc3d8,True,,,,,,,,,,1.0,1.0,1.0,1.0,0.8749367581555223,1.0,0.0,1.0,0.0,0.7109177369236007
4128,e1a05afadd29c9d52,True,,,,,,,,,,1.0,1.0,1.0,1.0,1.0,1.0,0.0,1.0,0.0,0.75
4129,deb3331dfd3043c59,True,,,,,,,,,,0.5,0.0,1.0,1.0,1.0,0.0,0.0,1.0,0.0,0.0
4130,3d20ef43bc694566a,True,,,,,,,,,,1.0,1.0,1.0,1.0,1.0,1.0,0.0,1.0,0.0,0.75
4131,86d3c9d6518530872,True,,,,,,,,,,1.0,1.0,1.0,1.0,0.867447366643401,0.0,1.0,1.0,0.0,0.5210773020760628
4132,0aaae91a3ffa7e596,True,,,,,,,,,,1.0,0.0,1.0,1.0,0.670217422627306,1.0,0.0,1.0,0.0,0.0
4133,5811614378e2be311,True,,,,,,,,,,1.0,0.0,1.0,1.0,1.0,1.0,0.0,1.0,1.0,0.0
4134,1088e54d61d6c1c1a,True,,,,,,,,,,1.0,0.0,1.0,1.0,0.5412392134845527,1.0,1.0,1.0,1.0,0.0
4135,f5e271bc6f92b1f61,True,,,,,,,,,,1.0,1.0,1.0,1.0,1.0,1.0,0.0,1.0,1.0,0.875
4136,dd0ab6f5e9d352fb2,True,,,,,,,,,,1.0,1.0,0.0,1.0,1.0,1.0,0.0,1.0,0.0,0.0
4137,779362891364950a1,True,,,,,,,,,,1.0,1.0,1.0,1.0,0.7480365121106572,1.0,0.0,1.0,1.0,0.7962614100345804
4138,203c4d85b696869d7,True,,,,,,,,,,1.0,1.0,1.0,1.0,0.9734699509834055,1.0,1.0,1.0,1.0,0.9917093596823142
4139,2fc976c7bc0d58fed,True,,,,,,,,,,1.0,1.0,1.0,1.0,0.9802624497955861,1.0,1.0,1.0,0.0,0.8688320155611207
4140,1bf7eb4037d08171a,True,,,,,,,,,,1.0,1.0,1.0,1.0,0.7529045879402901,1.0,1.0,0.0,0.0,0.6727826837313406
4141,52e9709be4289e9ff,True,,,,,,,,,,1.0,1.0,1.0,1.0,0.7609426737903502,1.0,0.0,1.0,1.0,0.8002945855594844
4142,cf6204044bf64f9d2,True,,,,,,,,,,1.0,1.0,1.0,1.0,0.11896414962060298,1.0,1.0,1.0,1.0,0.7246762967564384
4143,3b57e348407582e72,True,,,,,,,,,,1.0,1.0,0.5,1.0,0.739723450417369,1.0,1.0,1.0,0.0,0.3968317891277139
4144,1b905261d3f70d1f0,True,,,,,,,,,,1.0,1.0,1.0,1.0,0.6226350332313706,1.0,1.0,1.0,0.0,0.7570734478848034
4145,020ac08667a119075,True,,,,,,,,,,1.0,0.0,1.0,1.0,0.7451104382937245,1.0,1.0,1.0,0.0,0.0
4146,757cbf6c460160db5,True,,,,,,,,,,0.0,1.0,1.0,1.0,1.0,0.0,1.0,1.0,1.0,0.0
4147,74e4cc639249b885a,True,,,,,,,,,,1.0,1.0,1.0,1.0,1.0,1.0,1.0,1.0,0.0,0.875
4148,4470091fffca9e391,True,,,,,,,,,,1.0,1.0,1.0,1.0,1.0,1.0,1.0,1.0,1.0,1.0
4149,15605fa49f762af2f,True,,,,,,,,,,1.0,1.0,1.0,1.0,0.151863418751267,1.0,0.0,1.0,1.0,0.609957318359771
4150,6023b53fce21949e9,True,,,,,,,,,,1.0,1.0,1.0,1.0,0.2604125781030717,1.0,0.0,1.0,0.0,0.5188789306572099
4151,378f516a635bd9169,True,,,,,,,,,,0.0,1.0,1.0,1.0,1.0,0.0,1.0,1.0,0.0,0.0
4152,ddae067a0bdc3d1ec,True,,,,,,,,,,1.0,1.0,0.0,1.0,0.9689645942917892,1.0,0.0,1.0,1.0,0.0
4153,12b8102851dec66e5,True,,,,,,,,,,0.0,1.0,1.0,1.0,0.5553848062641025,0.0,1.0,1.0,1.0,0.0
4154,a29cd4e306ffe1e14,True,,,,,,,,,,1.0,1.0,1.0,1.0,0.5529928135649718,1.0,0.0,1.0,1.0,0.7353102542390537
4155,bc72fc9245a523440,True,,,,,,,,,,1.0,1.0,1.0,1.0,0.8570770409841131,1.0,1.0,1.0,1.0,0.9553365753075354
4156,894784294c8d0ed99,True,,,,,,,,,,1.0,1.0,1.0,1.0,0.8593772665701274,1.0,1.0,1.0,1.0,0.9560553958031648
4157,d94f797b81c453893,True,,,,,,,,,,1.0,0.0,0.5,1.0,1.0,1.0,0.0,1.0,1.0,0.0
4158,bec064ed6d9582bcc,True,,,,,,,,,,1.0,1.0,1.0,1.0,1.0,1.0,0.0,1.0,1.0,0.875
4159,96f3c7fe0e97ef1f0,True,,,,,,,,,,1.0,1.0,1.0,1.0,0.8653227604842324,1.0,1.0,1.0,1.0,0.9579133626513227
4160,099b82495b2e618d3,True,,,,,,,,,,0.5,0.0,1.0,1.0,0.6725058029880019,0.0,1.0,1.0,1.0,0.0
4161,ee1505d57883cfc9f,True,,,,,,,,,,1.0,1.0,1.0,1.0,0.6960765681106121,1.0,0.0,1.0,1.0,0.7800239275345663
4162,d23dccf53d6e2e76b,True,,,,,,,,,,1.0,0.0,1.0,1.0,0.937360992254887,1.0,0.0,1.0,1.0,0.0
4163,f0da7e68f4547e66a,True,,,,,,,,,,0.0,0.0,1.0,1.0,1.0,0.0,0.0,1.0,0.0,0.0
4164,2565c982d32c96893,True,,,,,,,,,,1.0,1.0,0.0,1.0,0.7771890767523179,1.0,0.0,1.0,1.0,0.0
4165,8cc9b24e2d92d273a,True,,,,,,,,,,1.0,0.0,1.0,1.0,0.8551904873053842,1.0,0.0,1.0,0.0,0.0
4166,fd0fe3e97024a208f,True,,,,,,,,,,0.0,1.0,1.0,1.0,1.0,0.0,0.0,1.0,1.0,0.0
4167,73db1be2e0c010ac5,True,,,,,,,,,,0.0,1.0,1.0,1.0,1.0,0.0,1.0,1.0,0.0,0.0
4168,f93b7461f7882ff58,True,,,,,,,,,,1.0,1.0,1.0,1.0,0.41464009359366116,1.0,1.0,1.0,0.0,0.6920750292480191
4169,5eda23d004b1120db,True,,,,,,,,,,0.0,1.0,0.0,1.0,0.8242989806150044,0.0,0.0,1.0,0.0,0.0
4170,6eff7e6fb5d5bcf04,True,,,,,,,,,,1.0,1.0,1.0,1.0,0.8674827144574582,1.0,1.0,1.0,0.0,0.8335883482679557
4171,4428aee2536bf6703,True,,,,,,,,,,1.0,0.0,1.0,1.0,1.0,1.0,0.0,1.0,1.0,0.0
4172,087c2f352474fc4ee,True,,,,,,,,,,1.0,1.0,1.0,1.0,0.3725255968269381,1.0,1.0,1.0,1.0,0.8039142490084181
4173,60b75083635860a0a,True,,,,,,,,,,1.0,0.0,0.0,1.0,1.0,1.0,1.0,1.0,0.0,0.0
4174,6c5bcf6f99698fac4,True,,,,,,,,,,1.0,1.0,0.5,1.0,0.8021278504939007,1.0,1.0,1.0,0.0,0.40658247663967195
4175,dcea45b5db447124d,True,,,,,,,,,,1.0,0.0,1.0,1.0,1.0,1.0,0.0,1.0,1.0,0.0
4176,f6d1ce467bb8ef333,True,,,,,,,,,,1.0,0.0,1.0,1.0,0.5539578641951332,1.0,1.0,1.0,0.0,0.0
4177,4733330ccf4a023b5,True,,,,,,,,,,1.0,0.0,1.0,1.0,0.519092064315977,1.0,0.0,1.0,0.0,0.0
4178,38bdb6df2119d0042,True,,,,,,,,,,1.0,0.0,1.0,1.0,0.8643159791998758,1.0,1.0,1.0,1.0,0.0
4179,a3a4072d8e5ed009f,True,,,,,,,,,,1.0,1.0,1.0,1.0,0.6913488219749072,1.0,0.0,1.0,0.0,0.6535465068671585
4180,15e9e852fea33e966,True,,,,,,,,,,1.0,0.0,1.0,1.0,1.0,1.0,1.0,1.0,1.0,0.0
4181,0352c14b8d7493b9a,True,,,,,,,,,,1.0,1.0,1.0,1.0,0.07292127973897146,1.0,1.0,1.0,1.0,0.7102878999184286
4182,a0b8747e5af0f2b1d,True,,,,,,,,,,1.0,0.0,1.0,1.0,1.0,1.0,1.0,1.0,0.0,0.0
4183,9ce85f2dc52093c43,True,,,,,,,,,,1.0,1.0,1.0,1.0,0.19270468169387495,1.0,0.0,1.0,1.0,0.6227202130293359
4184,62660d36960de718f,True,,,,,,,,,,1.0,1.0,1.0,1.0,0.6040279720099734,1.0,1.0,1.0,1.0,0.8762587412531166
4185,1cb35ff44517c5025,True,,,,,,,,,,1.0,1.0,0.5,1.0,0.8685131479882127,1.0,1.0,1.0,0.0,0.41695517937315824
4186,01a49c2730cc3a531,True,,,,,,,,,,1.0,1.0,1.0,1.0,1.0,1.0,0.0,1.0,0.0,0.75
4187,b5f4b999881d2b7f7,True,,,,,,,,,,1.0,1.0,1.0,1.0,0.6997424290394002,1.0,0.0,1.0,0.0,0.6561695090748125
4188,624b352e4b7f8d830,True,,,,,,,,,,1.0,1.0,1.0,1.0,0.7723970943923253,1.0,1.0,1.0,0.0,0.8038740919976016
4189,d021a67c53a7865f3,True,,,,,,,,,,1.0,1.0,1.0,1.0,0.6700614150403834,1.0,0.0,1.0,1.0,0.7718941922001198
4190,a84f9dde85427d73a,True,,,,,,,,,,1.0,1.0,1.0,1.0,1.0,1.0,1.0,1.0,1.0,1.0
4191,b50c1c40b51d7211f,True,,,,,,,,,,1.0,1.0,1.0,1.0,0.28746666737084847,1.0,0.0,1.0,1.0,0.6523333335533902
4192,b24ef110ccf50ea20,True,,,,,,,,,,1.0,1.0,1.0,1.0,0.26460936342064645,1.0,1.0,1.0,1.0,0.770190426068952
4193,4a6cfd874f908500b,True,,,,,,,,,,1.0,1.0,1.0,1.0,0.8665140641715797,1.0,0.0,1.0,1.0,0.8332856450536187
4194,db59121d7d601b04b,True,,,,,,,,,,0.0,1.0,1.0,1.0,1.0,0.0,1.0,1.0,1.0,0.0
4195,83eedcad4df5c24c6,True,,,,,,,,,,1.0,1.0,0.0,1.0,1.0,1.0,0.0,1.0,1.0,0.0
4196,5d14b0687eb2ad5a2,True,,,,,,,,,,0.5,1.0,1.0,1.0,1.0,0.0,1.0,1.0,1.0,0.34375
4197,b0c55df9228d485bb,True,,,,,,,,,,1.0,1.0,1.0,1.0,0.756573229512124,1.0,0.0,1.0,1.0,0.7989291342225388
4198,d7e2b5995b440ae0b,True,,,,,,,,,,0.0,1.0,1.0,1.0,1.0,0.0,1.0,1.0,1.0,0.0
4199,ac3a27db9ffc981a6,True,,,,,,,,,,1.0,1.0,1.0,1.0,0.7383732274587338,1.0,1.0,1.0,1.0,0.9182416335808543
4200,ddb023146aa3ea8a6,True,,,,,,,,,,1.0,0.0,1.0,1.0,0.8757483273196349,1.0,1.0,1.0,0.0,0.0
4201,dc140e9555d47bb86,True,,,,,,,,,,1.0,1.0,1.0,1.0,0.40259885438242565,1.0,1.0,1.0,1.0,0.813312141994508
4202,1b742b73235363011,True,,,,,,,,,,1.0,1.0,1.0,0.0,1.0,1.0,1.0,1.0,1.0,0.0
4203,d2de0edb11096f082,True,,,,,,,,,,1.0,1.0,1.0,1.0,0.8147801738971322,1.0,1.0,1.0,0.0,0.8171188043428539
4204,977ccf108c51d43d0,True,,,,,,,,,,1.0,1.0,0.5,1.0,0.8496298803689623,1.0,1.0,1.0,0.0,0.41400466880765036
4205,905ea255ddc3a837c,True,,,,,,,,,,1.0,1.0,1.0,1.0,0.7223691808236866,1.0,1.0,1.0,1.0,0.913240369007402
4206,87bc17b46db863809,True,,,,,,,,,,1.0,1.0,0.5,1.0,0.9019216526541941,1.0,0.0,1.0,0.0,0.3596752582272178
4207,01e51bacf68548cab,True,,,,,,,,,,0.0,1.0,1.0,1.0,1.0,0.0,0.0,1.0,1.0,0.0
4208,7af1b1dbb5689cb43,True,,,,,,,,,,1.0,1.0,1.0,1.0,0.4515050942846413,1.0,1.0,1.0,1.0,0.8285953419639505
4209,b4804c80431225e41,True,,,,,,,,,,1.0,0.0,1.0,1.0,1.0,1.0,1.0,1.0,1.0,0.0
4210,6d9888406276bc884,True,,,,,,,,,,1.0,0.0,1.0,1.0,0.6731288880368815,1.0,1.0,1.0,1.0,0.0
4211,3ded0591b23a7df67,True,,,,,,,,,,1.0,1.0,1.0,1.0,0.8745865193252522,1.0,1.0,1.0,0.0,0.8358082872891412
4212,3b2fcd8bf613ba28f,True,,,,,,,,,,1.0,1.0,1.0,1.0,0.3678280236629738,1.0,0.0,1.0,1.0,0.6774462573946793
4213,72637a23d58025fde,True,,,,,,,,,,0.0,1.0,1.0,1.0,1.0,0.0,0.0,1.0,1.0,0.0
4214,d131d95c5bdd01f16,True,,,,,,,,,,1.0,0.0,1.0,1.0,0.5559912333629881,1.0,1.0,1.0,0.0,0.0
4215,74e23535d8622107d,True,,,,,,,,,,1.0,1.0,1.0,1.0,0.5286649648026875,1.0,1.0,1.0,1.0,0.8527078015008398
4216,7d00bd785ae5140f2,True,,,,,,,,,,1.0,1.0,1.0,1.0,1.0,1.0,1.0,1.0,1.0,1.0
4217,25ca5866628df2ed3,True,,,,,,,,,,1.0,1.0,1.0,1.0,0.8089988257379668,1.0,1.0,1.0,0.0,0.8153121330431146
4218,1b844c67dec9fe5a6,True,,,,,,,,,,1.0,1.0,1.0,1.0,0.7412944212431596,1.0,0.0,1.0,0.0,0.6691545066384874
4219,d259b8e83d8d206fe,True,,,,,,,,,,1.0,1.0,1.0,1.0,1.0,1.0,0.0,1.0,1.0,0.875
4220,76385bcb475cc16b8,True,,,,,,,,,,1.0,1.0,0.0,1.0,1.0,0.0,0.0,0.0,0.0,0.0
4221,015532dcc98a07ab5,True,,,,,,,,,,0.0,1.0,0.0,1.0,1.0,0.0,0.0,1.0,1.0,0.0
4222,02a940e77418c19bc,True,,,,,,,,,,1.0,0.0,1.0,1.0,0.9925721458881308,1.0,1.0,1.0,0.0,0.0
4223,9afa1551ea25fbb00,True,,,,,,,,,,1.0,1.0,1.0,1.0,1.0,1.0,0.0,1.0,1.0,0.875
4224,0950505e558866cf8,True,,,,,,,,,,1.0,1.0,1.0,1.0,0.6983689277839568,1.0,0.0,1.0,1.0,0.7807402899324865
4225,fd157e67d430fdab3,True,,,,,,,,,,1.0,1.0,1.0,1.0,1.0,1.0,0.0,1.0,1.0,0.875
4226,d9320fa5d2528afc4,True,,,,,,,,,,1.0,0.0,1.0,1.0,0.7521560971118924,1.0,1.0,1.0,0.0,0.0
4227,6bb22c30119ed991a,True,,,,,,,,,,1.0,1.0,1.0,1.0,0.3120793704006594,1.0,0.0,1.0,0.0,0.5350248032502061
4228,03ba5f567d1b3dc30,True,,,,,,,,,,1.0,1.0,1.0,1.0,0.2580362611377485,1.0,1.0,1.0,1.0,0.7681363316055464
4229,90c40a195012fa8ec,True,,,,,,,,,,1.0,0.0,1.0,1.0,1.0,1.0,0.0,1.0,1.0,0.0
4230,d405764e71ecb1286,True,,,,,,,,,,1.0,1.0,1.0,1.0,0.9976476014031369,1.0,0.0,1.0,0.0,0.7492648754384803
4231,7128f87176a382be0,True,,,,,,,,,,0.0,1.0,1.0,1.0,1.0,0.0,1.0,1.0,0.0,0.0
4232,e87f91497184fed2b,True,,,,,,,,,,0.0,1.0,1.0,1.0,1.0,0.0,1.0,1.0,1.0,0.0
4233,0c90e4fca67a92e84,True,,,,,,,,,,0.0,0.0,1.0,1.0,1.0,0.0,0.0,1.0,1.0,0.0
4234,55803d7542740813d,True,,,,,,,,,,1.0,1.0,0.0,1.0,1.0,1.0,0.0,1.0,1.0,0.0
4235,f960c8624d9938147,True,,,,,,,,,,1.0,1.0,0.0,1.0,1.0,1.0,0.0,1.0,1.0,0.0
4236,a34d3365f758f1c85,True,,,,,,,,,,1.0,1.0,1.0,1.0,0.5539601770287543,1.0,0.0,1.0,0.0,0.6106125553214857
4237,6a802ffe0ffb0c125,True,,,,,,,,,,1.0,1.0,1.0,1.0,0.5810190156375825,1.0,1.0,1.0,0.0,0.7440684423867445
4238,09eeb5f6259309d1e,True,,,,,,,,,,0.0,1.0,1.0,1.0,1.0,0.0,1.0,1.0,1.0,0.0
4239,b795e9c4c8fde41bb,True,,,,,,,,,,1.0,0.0,0.0,1.0,1.0,0.0,0.0,1.0,0.0,0.0
4240,b22e723d346176e1f,True,,,,,,,,,,1.0,1.0,1.0,1.0,0.2467683924435983,1.0,0.0,1.0,0.0,0.5146151226386244
4241,d82ea5f1c94fd6d13,True,,,,,,,,,,1.0,1.0,1.0,1.0,0.5498906306242511,1.0,1.0,1.0,0.0,0.7343408220700784
4242,9bd2024518849085f,True,,,,,,,,,,1.0,1.0,1.0,1.0,1.0,1.0,0.0,1.0,1.0,0.875
4243,aac5e172e96b86e25,True,,,,,,,,,,1.0,1.0,0.5,1.0,1.0,1.0,0.0,1.0,0.0,0.375
4244,84ca2983c8da58e9b,True,,,,,,,,,,1.0,1.0,1.0,1.0,1.0,1.0,0.0,1.0,0.0,0.75
4245,0cdb9c6ab183da958,True,,,,,,,,,,1.0,1.0,1.0,1.0,0.7131768802501932,1.0,1.0,1.0,1.0,0.9103677750781853
4246,e5f62e45611621e50,True,,,,,,,,,,0.0,1.0,1.0,1.0,1.0,0.0,1.0,1.0,0.0,0.0
4247,09bcac39474bd36a4,True,,,,,,,,,,1.0,1.0,1.0,1.0,0.21502969515378956,1.0,1.0,1.0,1.0,0.7546967797355593
4248,41a39d55c68bb7f5a,True,,,,,,,,,,1.0,0.0,0.5,1.0,0.6806820610199117,1.0,1.0,0.0,0.0,0.0
4249,29e70aa1afb308764,True,,,,,,,,,,0.0,1.0,1.0,1.0,1.0,0.0,1.0,1.0,1.0,0.0
4250,53435e78f75ede28c,True,,,,,,,,,,0.0,1.0,1.0,1.0,1.0,0.0,0.0,1.0,0.0,0.0
4251,d43228a4743b49a37,True,,,,,,,,,,1.0,0.0,1.0,1.0,0.8114065966916192,1.0,1.0,1.0,0.0,0.0
4252,71d45b383e1e50669,True,,,,,,,,,,1.0,1.0,1.0,1.0,0.07003696839829085,1.0,1.0,1.0,1.0,0.7093865526244658
4253,88943e0d8ac52cc5f,True,,,,,,,,,,0.0,1.0,1.0,1.0,1.0,0.0,0.0,1.0,1.0,0.0
4254,8e1bbd443f815b48a,True,,,,,,,,,,0.0,1.0,1.0,1.0,1.0,0.0,1.0,1.0,0.0,0.0
4255,1a52c544d3cfaba4b,True,,,,,,,,,,1.0,1.0,0.0,1.0,0.8789775906109408,1.0,0.0,1.0,1.0,0.0
4256,872a49bbab0e3eadd,True,,,,,,,,,,1.0,0.0,1.0,1.0,1.0,1.0,0.0,1.0,0.0,0.0
4257,b71a18c869cb8bd24,True,,,,,,,,,,1.0,0.0,1.0,1.0,1.0,1.0,1.0,1.0,1.0,0.0
4258,08832f5c360f2e9d6,True,,,,,,,,,,0.5,0.0,1.0,1.0,1.0,0.0,1.0,1.0,0.0,0.0
4259,49057fbf986facf33,True,,,,,,,,,,1.0,1.0,1.0,1.0,0.5269074684872047,1.0,0.0,1.0,1.0,0.7271585839022514
4260,89ffb6efe20df9ccf,True,,,,,,,,,,0.5,0.0,1.0,1.0,1.0,0.0,1.0,1.0,1.0,0.0
4261,ea2b7520e71b4c759,True,,,,,,,,,,1.0,0.0,1.0,1.0,1.0,1.0,1.0,1.0,1.0,0.0
4262,01d8a706eb3443501,True,,,,,,,,,,0.0,1.0,1.0,1.0,1.0,0.0,1.0,1.0,0.0,0.0
4263,7b34cc67f7a1ee247,True,,,,,,,,,,1.0,1.0,1.0,1.0,0.8217672857392289,1.0,0.0,1.0,1.0,0.819302276793509
4264,229930ba5820bb1b3,True,,,,,,,,,,1.0,0.0,0.0,1.0,1.0,1.0,0.0,1.0,1.0,0.0
4265,8ecb5a2059e8ef8ac,True,,,,,,,,,,0.0,0.0,0.5,1.0,1.0,0.0,1.0,1.0,0.0,0.0
4266,43c0e949f19e63437,True,,,,,,,,,,1.0,0.0,1.0,1.0,0.5082909632942484,1.0,1.0,1.0,0.0,0.0
4267,2f1499aa1461b6ec6,True,,,,,,,,,,1.0,1.0,0.0,1.0,1.0,1.0,0.0,1.0,1.0,0.0
4268,de5875c3da62d3850,True,,,,,,,,,,1.0,1.0,0.5,1.0,1.0,1.0,0.0,1.0,1.0,0.4375
4269,1d4894afb05e6ebc3,True,,,,,,,,,,1.0,1.0,1.0,1.0,1.0,1.0,0.0,1.0,1.0,0.875
4270,e5dbf5ca6877249cf,True,,,,,,,,,,0.0,1.0,1.0,1.0,1.0,0.0,1.0,1.0,0.0,0.0
4271,1212d2f99f183cece,True,,,,,,,,,,1.0,1.0,1.0,1.0,0.7729428977246229,1.0,0.0,1.0,1.0,0.8040446555389447
4272,a559541fda572fe81,True,,,,,,,,,,1.0,1.0,1.0,1.0,0.6404645492521508,1.0,1.0,1.0,1.0,0.8876451716412972
4273,88438c22da37ffc4f,True,,,,,,,,,,1.0,1.0,1.0,1.0,1.0,0.0,1.0,1.0,1.0,0.6875
4274,96bc4ac7fb23e9119,True,,,,,,,,,,1.0,1.0,1.0,1.0,0.7864559965561257,1.0,1.0,1.0,0.0,0.8082674989237892
4275,bec8d578f7182bbcd,True,,,,,,,,,,1.0,1.0,1.0,1.0,1.0,1.0,0.0,1.0,1.0,0.875
4276,6b8b063fa80fa480f,True,,,,,,,,,,1.0,1.0,1.0,1.0,1.0,0.0,1.0,1.0,0.0,0.5625
4277,816c667298ca2d859,True,,,,,,,,,,1.0,1.0,0.5,1.0,0.875849770958875,1.0,1.0,1.0,1.0,0.4806015267123242
4278,3f9281303565d8313,True,,,,,,,,,,1.0,0.0,1.0,1.0,0.917560913489708,1.0,0.0,1.0,1.0,0.0
4279,14f814e6cbf15fcb5,True,,,,,,,,,,1.0,0.0,1.0,1.0,0.9706092064445715,1.0,1.0,1.0,1.0,0.0
4280,eb251433c13f5a4f2,True,,,,,,,,,,0.0,0.0,0.0,1.0,1.0,0.0,0.0,1.0,0.0,0.0
4281,7124ea8593f4c9b14,True,,,,,,,,,,1.0,0.0,0.5,1.0,1.0,1.0,0.0,1.0,0.0,0.0
4282,5fe4444b0088c0e14,True,,,,,,,,,,1.0,1.0,1.0,1.0,0.8813769883841608,1.0,1.0,1.0,1.0,0.9629303088700503
4283,7f153f8005d6de1fa,True,,,,,,,,,,1.0,0.0,0.0,1.0,1.0,1.0,0.0,1.0,0.0,0.0
4284,b291af47ff3b66426,True,,,,,,,,,,1.0,1.0,1.0,1.0,0.8175067358723753,1.0,1.0,1.0,1.0,0.9429708549601172
4285,86946a7ffef3ac7b0,True,,,,,,,,,,1.0,1.0,1.0,1.0,0.33428248680146294,1.0,0.0,1.0,1.0,0.6669632771254572
4286,eb18eff580c25dafb,True,,,,,,,,,,0.0,1.0,1.0,1.0,1.0,0.0,0.0,1.0,0.0,0.0
4287,58bd6bb780642e715,True,,,,,,,,,,0.5,0.0,0.5,1.0,1.0,0.0,0.0,1.0,1.0,0.0
4288,32f66fdb48e988c92,True,,,,,,,,,,0.0,1.0,1.0,1.0,1.0,0.0,0.0,1.0,0.0,0.0
4289,f21c4208d817951b4,True,,,,,,,,,,1.0,0.0,1.0,1.0,0.6457997428479395,1.0,0.0,1.0,0.0,0.0
4290,fa3650efa1fa9cb64,True,,,,,,,,,,1.0,1.0,1.0,1.0,1.0,1.0,0.0,1.0,1.0,0.875
4291,095200d2374c09356,True,,,,,,,,,,1.0,1.0,1.0,1.0,1.0,1.0,0.0,1.0,1.0,0.875
4292,cb2e1dad4d21a5bf1,True,,,,,,,,,,1.0,1.0,1.0,1.0,0.3427094490781849,1.0,0.0,1.0,0.0,0.5445967028369327
4293,24eaf29d6a3fb645e,True,,,,,,,,,,1.0,1.0,1.0,1.0,1.0,1.0,0.0,1.0,1.0,0.875
4294,128cb2527d3987e61,True,,,,,,,,,,1.0,1.0,1.0,1.0,0.15883069111282097,1.0,0.0,1.0,1.0,0.6121345909727566
4295,03a07d09ea9a5a563,True,,,,,,,,,,1.0,1.0,1.0,1.0,0.9318950018851773,0.0,0.0,1.0,0.0,0.4162171880891179
4296,1e2b6420a190b7d56,True,,,,,,,,,,1.0,1.0,1.0,1.0,1.0,1.0,1.0,1.0,0.0,0.875
4297,51438ce1bf4a62b2e,True,,,,,,,,,,1.0,1.0,1.0,1.0,0.4513426968753613,1.0,1.0,1.0,1.0,0.8285445927735504
4298,f03413df184aedd86,True,,,,,,,,,,1.0,1.0,1.0,1.0,0.6318736396650803,1.0,1.0,1.0,0.0,0.7599605123953376
4299,c9ac843f74b17080f,True,,,,,,,,,,1.0,1.0,1.0,1.0,0.5270368826153738,1.0,0.0,1.0,0.0,0.6021990258173043
4300,2c0f4b65d27645882,True,,,,,,,,,,0.0,1.0,1.0,1.0,1.0,0.0,1.0,1.0,1.0,0.0
4301,95d7198096423bdb7,True,,,,,,,,,,1.0,1.0,1.0,1.0,0.8032858286228922,1.0,0.0,1.0,1.0,0.8135268214446538
4302,6c853ea6e6c4a2a77,True,,,,,,,,,,1.0,1.0,0.0,1.0,1.0,1.0,0.0,1.0,1.0,0.0
4303,542094f5bc210a1c8,True,,,,,,,,,,1.0,1.0,0.5,1.0,1.0,1.0,0.0,1.0,1.0,0.4375
4304,fc75e772cd8a739f3,True,,,,,,,,,,1.0,0.0,1.0,1.0,1.0,1.0,1.0,1.0,1.0,0.0
4305,5b8a84de1fcdc3118,True,,,,,,,,,,1.0,0.0,1.0,0.0,1.0,1.0,1.0,1.0,0.0,0.0
4306,3c4a076e3eb21f85e,True,,,,,,,,,,1.0,1.0,0.0,1.0,1.0,1.0,0.0,1.0,1.0,0.0
4307,ecd4cf358c244bf21,True,,,,,,,,,,0.5,0.0,1.0,1.0,1.0,0.0,0.0,1.0,1.0,0.0
4308,2db08d812a386295d,True,,,,,,,,,,1.0,1.0,1.0,1.0,1.0,1.0,1.0,1.0,1.0,1.0
4309,3a914696b13bea070,True,,,,,,,,,,1.0,1.0,1.0,1.0,0.5753626921592895,1.0,0.0,1.0,1.0,0.742300841299778
4310,ae3513291969ee51b,True,,,,,,,,,,1.0,1.0,1.0,1.0,1.0,1.0,1.0,1.0,1.0,1.0
4311,89c18ed69c931aa0a,True,,,,,,,,,,1.0,1.0,1.0,1.0,0.5502043979214697,1.0,0.0,1.0,0.0,0.6094388743504593
4312,c4c4fa45496336f70,True,,,,,,,,,,1.0,1.0,0.5,1.0,1.0,1.0,0.0,1.0,0.0,0.375
4313,f8d618822ef33e7b0,True,,,,,,,,,,1.0,1.0,1.0,1.0,0.3468493838105402,1.0,1.0,1.0,1.0,0.7958904324407938
4314,142f665559387e2c2,True,,,,,,,,,,1.0,1.0,1.0,1.0,0.2708714278752269,1.0,1.0,1.0,0.0,0.6471473212110084
4315,f35c027e64ad46b30,True,,,,,,,,,,1.0,0.0,1.0,1.0,0.7050351638195539,1.0,1.0,1.0,0.0,0.0
4316,860bdda18ca280ead,True,,,,,,,,,,1.0,0.0,1.0,1.0,1.0,1.0,0.0,1.0,0.0,0.0
4317,47af7b18d8bb14656,True,,,,,,,,,,1.0,1.0,1.0,1.0,0.7929042478516424,1.0,0.0,1.0,0.0,0.6852825774536382
4318,d16ba8a46fd2ff788,True,,,,,,,,,,1.0,1.0,1.0,1.0,0.5308464444114505,1.0,1.0,1.0,0.0,0.7283895138785783
4319,0d5b6ee9d0a973914,True,,,,,,,,,,1.0,1.0,1.0,0.0,1.0,1.0,0.0,1.0,0.0,0.0
4320,4ec9148a1b26673a2,True,,,,,,,,,,1.0,0.0,1.0,1.0,1.0,1.0,0.0,1.0,0.0,0.0
4321,d2a3fa9bdd6ebc040,True,,,,,,,,,,1.0,1.0,1.0,1.0,0.7767262111095731,1.0,1.0,1.0,1.0,0.9302269409717416
4322,85e4825cd9ff0b2e5,True,,,,,,,,,,0.0,1.0,1.0,1.0,1.0,0.0,0.0,1.0,1.0,0.0
4323,5defaad214f3a99c9,True,,,,,,,,,,1.0,1.0,1.0,1.0,0.5647709442163987,1.0,0.0,1.0,0.0,0.6139909200676246
4324,77dea5b8b12d56203,True,,,,,,,,,,1.0,1.0,1.0,1.0,0.7347588744829879,1.0,0.0,0.0,0.0,0.5421121482759337
4325,4b55982185962b484,True,,,,,,,,,,1.0,1.0,1.0,1.0,1.0,1.0,1.0,1.0,1.0,1.0
4326,981dae0f5f7fb62f4,True,,,,,,,,,,1.0,1.0,0.0,1.0,1.0,1.0,0.0,1.0,1.0,0.0
4327,b3597b197644a67ba,True,,,,,,,,,,1.0,1.0,1.0,1.0,0.7497022514959379,1.0,1.0,1.0,0.0,0.7967819535924806
4328,25dc2853331e64985,True,,,,,,,,,,1.0,1.0,1.0,1.0,0.6034652066457621,1.0,1.0,1.0,1.0,0.8760828770768007
4329,81dcc1a7db52cf064,True,,,,,,,,,,1.0,1.0,1.0,1.0,0.18416332604648158,1.0,0.0,1.0,1.0,0.6200510393895255
4330,f6eee6000df177477,True,,,,,,,,,,1.0,1.0,1.0,1.0,1.0,1.0,0.0,1.0,0.0,0.75
4331,46c11df9f73cc2f71,True,,,,,,,,,,1.0,1.0,1.0,1.0,0.39496701423230873,1.0,1.0,1.0,1.0,0.8109271919475964
4332,4ce31f5e37ac47b5f,True,,,,,,,,,,1.0,1.0,1.0,1.0,0.5006821342165798,1.0,1.0,1.0,1.0,0.8439631669426813
4333,d29638c5140885ccd,True,,,,,,,,,,1.0,0.0,0.5,1.0,1.0,1.0,0.0,0.0,0.0,0.0
4334,f743301660e4f13bf,True,,,,,,,,,,1.0,1.0,1.0,1.0,0.7198997769230663,1.0,1.0,1.0,0.0,0.7874686802884582
4335,15cd04f7d172178fc,True,,,,,,,,,,1.0,0.0,1.0,1.0,0.7520719941357699,1.0,1.0,1.0,1.0,0.0
4336,709f734811414136f,True,,,,,,,,,,1.0,0.0,1.0,1.0,1.0,1.0,1.0,1.0,1.0,0.0
4337,e0a3b2c921d0f6f6d,True,,,,,,,,,,1.0,1.0,1.0,1.0,0.6067070623245759,1.0,1.0,1.0,1.0,0.87709595697643
4338,09b94e3a221caebb6,True,,,,,,,,,,1.0,0.0,0.5,1.0,0.8733535912645974,1.0,0.0,1.0,0.0,0.0
4339,80c12d47df3847b19,True,,,,,,,,,,0.0,1.0,1.0,1.0,0.8509394780539503,0.0,0.0,1.0,1.0,0.0
4340,bc3c63c0479feee36,True,,,,,,,,,,1.0,1.0,1.0,1.0,0.7179896596722343,1.0,1.0,1.0,0.0,0.7868717686475732
4341,6d3e5e6a1c2f52b9a,True,,,,,,,,,,0.0,1.0,1.0,1.0,1.0,0.0,1.0,1.0,0.0,0.0
4342,37630795fa7fa1e51,True,,,,,,,,,,1.0,1.0,0.5,1.0,0.6702191751093358,1.0,1.0,1.0,0.0,0.38597174611083374
4343,bc686838d510dad87,True,,,,,,,,,,1.0,1.0,1.0,1.0,0.39618942081553893,1.0,0.0,1.0,1.0,0.6863091940048559
4344,7b43da672e8898362,True,,,,,,,,,,1.0,1.0,0.5,1.0,1.0,1.0,0.0,1.0,0.0,0.375
4345,8a80c99bf844921b8,True,,,,,,,,,,1.0,1.0,1.0,1.0,0.29579761491870626,1.0,0.0,1.0,1.0,0.6549367546620957
4346,5c78d4068407d661c,True,,,,,,,,,,1.0,0.0,0.5,1.0,1.0,1.0,1.0,1.0,1.0,0.0
4347,61437c5a9910331f6,True,,,,,,,,,,1.0,1.0,1.0,1.0,1.0,1.0,0.0,1.0,1.0,0.875
4348,f4d363a5d6d3206e3,True,,,,,,,,,,1.0,1.0,1.0,1.0,0.6891974880048728,1.0,0.0,1.0,0.0,0.6528742150015228
4349,dba739bec7326715c,True,,,,,,,,,,1.0,1.0,1.0,1.0,1.0,1.0,1.0,1.0,0.0,0.875
4350,f8ca67d21e119b990,True,,,,,,,,,,1.0,1.0,1.0,1.0,1.0,1.0,0.0,1.0,1.0,0.875
4351,0d70fefa06711301c,True,,,,,,,,,,1.0,1.0,1.0,1.0,0.657328867461381,1.0,1.0,1.0,1.0,0.8929152710816816
4352,50e0b955654ae8794,True,,,,,,,,,,1.0,1.0,1.0,1.0,0.08872697292542267,1.0,0.0,1.0,0.0,0.4652271790391946
4353,08b3cebccffcada58,True,,,,,,,,,,1.0,0.0,1.0,1.0,1.0,1.0,1.0,1.0,0.0,0.0
4354,253e19e9e77501575,True,,,,,,,,,,1.0,1.0,1.0,1.0,0.6290595989192385,1.0,1.0,1.0,1.0,0.884081124662262
4355,6d0d47e6df17b8442,True,,,,,,,,,,1.0,1.0,1.0,1.0,0.8619675997275754,1.0,1.0,1.0,0.0,0.8318648749148674
4356,f594bad990074c0ce,True,,,,,,,,,,1.0,1.0,1.0,1.0,1.0,1.0,0.0,1.0,0.0,0.75
4357,deec5be8952223b5f,True,,,,,,,,,,1.0,1.0,1.0,1.0,0.8154818495369889,1.0,1.0,1.0,1.0,0.942338077980309
4358,9e6b3a8efae9904aa,True,,,,,,,,,,1.0,1.0,1.0,1.0,1.0,1.0,0.0,1.0,0.0,0.75
4359,d7df71a05797f5711,True,,,,,,,,,,1.0,1.0,0.5,1.0,0.41295350084893206,1.0,0.0,1.0,1.0,0.3457739845076456
4360,1770d226b1fbdf6a2,True,,,,,,,,,,1.0,1.0,1.0,1.0,0.811855718604951,1.0,0.0,1.0,0.0,0.6912049120640471
4361,aa97ab9606aa456ff,True,,,,,,,,,,1.0,1.0,1.0,1.0,0.9173823720288641,1.0,1.0,1.0,0.0,0.84918199125902
4362,e33c0044eab71bc97,True,,,,,,,,,,1.0,1.0,1.0,1.0,0.7515019816681306,1.0,1.0,1.0,0.0,0.7973443692712908
4363,4f4120c32c9c42c47,True,,,,,,,,,,1.0,1.0,1.0,1.0,0.655944191625573,1.0,1.0,1.0,1.0,0.8924825598829915
4364,355e5bb60c8fb0793,True,,,,,,,,,,1.0,1.0,0.5,1.0,1.0,1.0,0.0,1.0,1.0,0.4375
4365,6ccefb14640c0647d,True,,,,,,,,,,1.0,1.0,1.0,1.0,0.33834017243747283,1.0,0.0,1.0,0.0,0.5432313038867103
4366,e5f171ef890e7a042,True,,,,,,,,,,1.0,1.0,1.0,1.0,0.48143697656695394,1.0,0.0,1.0,0.0,0.5879490551771731
4367,ef01e0a3e1ff9b43f,True,,,,,,,,,,1.0,1.0,1.0,1.0,0.8412654576259287,1.0,1.0,1.0,0.0,0.8253954555081027
4368,d4b7ede155f05dff3,True,,,,,,,,,,1.0,0.0,0.5,1.0,1.0,1.0,0.0,0.0,0.0,0.0
4369,99c29f3c8b69eab4e,True,,,,,,,,,,1.0,1.0,1.0,1.0,0.21466867038155862,1.0,0.0,1.0,1.0,0.6295839594942371
4370,bc79ecb5bdc5ca4f3,True,,,,,,,,,,1.0,1.0,1.0,1.0,0.6404779456402819,1.0,0.0,1.0,1.0,0.7626493580125882
4371,a368b8806368419d0,True,,,,,,,,,,1.0,1.0,1.0,1.0,1.0,1.0,1.0,1.0,0.0,0.875
4372,241e8b27fb85d3e53,True,,,,,,,,,,1.0,1.0,1.0,1.0,1.0,1.0,1.0,1.0,1.0,1.0
4373,da0cbcf9661157a63,True,,,,,,,,,,1.0,1.0,1.0,1.0,0.5225068434730534,1.0,1.0,1.0,0.0,0.7257833885853292
4374,fe3306915ae1e2328,True,,,,,,,,,,1.0,1.0,1.0,1.0,0.7632729814443074,1.0,1.0,1.0,0.0,0.8010228067013461
4375,1875ccbefe8233a69,True,,,,,,,,,,1.0,0.0,1.0,1.0,0.4847782582890381,1.0,1.0,1.0,0.0,0.0
4376,778f661244251a842,True,,,,,,,,,,0.0,1.0,1.0,1.0,1.0,0.0,1.0,1.0,0.0,0.0
4377,38a3f728f0878e6c6,True,,,,,,,,,,0.0,1.0,1.0,0.0,1.0,0.0,1.0,1.0,0.0,0.0
4378,493f74af0100c9223,True,,,,,,,,,,1.0,0.0,1.0,1.0,1.0,0.0,0.0,1.0,1.0,0.0
4379,17848b0db348eea20,True,,,,,,,,,,1.0,1.0,1.0,1.0,0.7436276648023524,1.0,1.0,1.0,1.0,0.9198836452507351
4380,32506dba644177a4e,True,,,,,,,,,,1.0,1.0,1.0,1.0,0.35654148933598256,1.0,1.0,1.0,0.0,0.6739192154174946
4381,7f77d13ba2f205d87,True,,,,,,,,,,1.0,1.0,1.0,1.0,0.3143105210051203,1.0,1.0,1.0,1.0,0.7857220378141001
4382,7570ff2ee6471c7cc,True,,,,,,,,,,1.0,1.0,1.0,1.0,0.6893764731415011,1.0,0.0,1.0,1.0,0.7779301478567191
4383,f476792b1bd197fca,True,,,,,,,,,,1.0,1.0,0.5,1.0,0.4346770580551167,1.0,0.0,1.0,1.0,0.34916829032111196
4384,8b639fb0376857c55,True,,,,,,,,,,1.0,1.0,1.0,1.0,0.6292014544063578,1.0,1.0,1.0,1.0,0.8841254545019868
4385,2f7f9ce16e4034224,True,,,,,,,,,,1.0,0.0,1.0,1.0,1.0,1.0,0.0,1.0,0.0,0.0
4386,988fa96e564a80331,True,,,,,,,,,,1.0,1.0,1.0,1.0,0.8803629541643079,1.0,1.0,1.0,1.0,0.9626134231763462
4387,d1982bae71566acc5,True,,,,,,,,,,0.0,1.0,1.0,1.0,1.0,0.0,1.0,1.0,1.0,0.0
4388,e85a39742e3e7ef00,True,,,,,,,,,,1.0,0.0,0.0,1.0,1.0,1.0,0.0,1.0,1.0,0.0
4389,6d649dcdbc3037d7a,True,,,,,,,,,,1.0,1.0,1.0,1.0,0.5375686014319406,1.0,0.0,1.0,1.0,0.7304901879474814
4390,d790b694cb899e145,True,,,,,,,,,,1.0,1.0,1.0,1.0,0.8191352409817853,1.0,1.0,1.0,1.0,0.9434797628068079
4391,3e179fc29839a19a3,True,,,,,,,,,,1.0,1.0,1.0,1.0,1.0,1.0,0.0,1.0,1.0,0.875
4392,918fb02f94c16537d,True,,,,,,,,,,1.0,1.0,1.0,1.0,0.5736277051983076,1.0,1.0,1.0,0.0,0.7417586578744712
4393,f6f0c7a27b1c90f37,True,,,,,,,,,,1.0,1.0,1.0,1.0,0.8048963074731621,1.0,1.0,1.0,1.0,0.9390300960853631
4394,2b2111da18ed8032d,True,,,,,,,,,,1.0,0.0,1.0,1.0,1.0,0.0,1.0,1.0,0.0,0.0
4395,4bec08cedd964d496,True,,,,,,,,,,1.0,0.0,1.0,1.0,1.0,1.0,1.0,1.0,0.0,0.0
4396,b8fafe0f06f38d320,True,,,,,,,,,,0.0,1.0,0.5,1.0,1.0,0.0,0.0,1.0,1.0,0.0
4397,28b439620873c91b9,True,,,,,,,,,,1.0,1.0,1.0,1.0,0.7909757241185891,1.0,1.0,1.0,1.0,0.9346799137870591
4398,6b5b128424d5357b0,True,,,,,,,,,,1.0,1.0,1.0,1.0,0.6014316084905905,1.0,0.0,1.0,1.0,0.7504473776533096
4399,9e8bcf0ba8fefe716,True,,,,,,,,,,1.0,1.0,1.0,1.0,0.9089554767262479,1.0,1.0,1.0,1.0,0.9715485864769524
4400,8477f7ad00092e6c2,True,,,,,,,,,,1.0,0.0,1.0,1.0,1.0,1.0,1.0,1.0,1.0,0.0
4401,60b000943deffcfb1,True,,,,,,,,,,1.0,1.0,1.0,1.0,0.8822416389221752,1.0,1.0,1.0,0.0,0.8382005121631797
4402,e593c645d1fd3fdb9,True,,,,,,,,,,1.0,1.0,1.0,1.0,0.6746912886991838,1.0,1.0,1.0,1.0,0.8983410277184949
4403,8192ed9c4330db32d,True,,,,,,,,,,1.0,1.0,1.0,1.0,1.0,1.0,0.0,1.0,1.0,0.875
4404,0b09e2367441527e4,True,,,,,,,,,,1.0,1.0,1.0,1.0,1.0,1.0,1.0,1.0,1.0,1.0
4405,c35bfd24684ea8d55,True,,,,,,,,,,0.0,1.0,0.0,1.0,0.8436199542142488,0.0,0.0,1.0,1.0,0.0
4406,6232a0b37017c2c9f,True,,,,,,,,,,1.0,1.0,1.0,1.0,0.262952542982978,1.0,1.0,1.0,1.0,0.7696726696821806
4407,46b0816cf26d29e4f,True,,,,,,,,,,0.5,1.0,1.0,1.0,1.0,0.0,1.0,1.0,1.0,0.34375
4408,089e61f737418a050,True,,,,,,,,,,1.0,1.0,1.0,1.0,0.6951820708219669,1.0,0.0,1.0,1.0,0.7797443971318647
4409,9ed233c4d30f0d7d9,True,,,,,,,,,,1.0,1.0,1.0,1.0,1.0,1.0,0.0,1.0,0.0,0.75
4410,0cbcae8358528cd55,True,,,,,,,,,,1.0,1.0,1.0,1.0,1.0,1.0,1.0,1.0,0.0,0.875
4411,9afbf2d7c3a80fd5b,True,,,,,,,,,,1.0,1.0,1.0,1.0,0.9877131393400642,1.0,0.0,1.0,1.0,0.8711603560437701
4412,e11c0271d9082ef0a,True,,,,,,,,,,1.0,1.0,1.0,1.0,0.8052921632830036,1.0,0.0,1.0,1.0,0.8141538010259386
4413,3b13a581a5a50dcdd,True,,,,,,,,,,1.0,1.0,1.0,1.0,0.6581428307187919,1.0,0.0,1.0,0.0,0.6431696345996225
4414,9766a7687623d62c6,True,,,,,,,,,,1.0,1.0,1.0,1.0,0.6920187828224466,1.0,0.0,1.0,1.0,0.7787558696320145
4415,a1ad222a6de4f84d8,True,,,,,,,,,,0.0,1.0,1.0,1.0,1.0,0.0,0.0,1.0,1.0,0.0
4416,2c12490b19101760e,True,,,,,,,,,,1.0,1.0,1.0,1.0,0.48796078705855844,1.0,1.0,1.0,0.0,0.7149877459557995
4417,648b4aa95f01b805d,True,,,,,,,,,,1.0,1.0,1.0,1.0,0.15390805135396213,1.0,0.0,1.0,0.0,0.4855962660481132
4418,87f3ff9f4e16ee2e1,True,,,,,,,,,,0.0,1.0,1.0,1.0,1.0,0.0,0.0,1.0,1.0,0.0
4419,6d9ac6e09b2090952,True,,,,,,,,,,1.0,1.0,1.0,1.0,0.6392456303034015,1.0,0.0,1.0,0.0,0.637264259469813
4420,97d9f320cc65aac2b,True,,,,,,,,,,1.0,1.0,1.0,1.0,0.9593562046587087,1.0,0.0,1.0,1.0,0.8622988139558465
4421,ff555d2dfbada57ed,True,,,,,,,,,,1.0,0.0,1.0,1.0,1.0,1.0,0.0,1.0,1.0,0.0
4422,416a5f6d80036586b,True,,,,,,,,,,1.0,0.0,0.0,1.0,1.0,1.0,0.0,1.0,1.0,0.0
4423,dd724782a844b55a6,True,,,,,,,,,,0.0,1.0,1.0,1.0,1.0,0.0,0.0,1.0,0.0,0.0
4424,2e221a5360953028d,True,,,,,,,,,,1.0,1.0,1.0,1.0,0.32700921458231363,1.0,1.0,1.0,0.0,0.664690379556973
4425,fc8bd325b3da03b85,True,,,,,,,,,,1.0,1.0,1.0,1.0,0.88609077113723,1.0,0.0,1.0,1.0,0.8394033659803843
4426,a0b761c6ddf3b5b92,True,,,,,,,,,,1.0,1.0,0.5,1.0,0.5300098084959566,1.0,0.0,1.0,0.0,0.3015640325774932
4427,cd9f9355204a28a77,True,,,,,,,,,,1.0,1.0,1.0,1.0,1.0,1.0,1.0,1.0,1.0,1.0
4428,8fb24d26d3dd62b0f,True,,,,,,,,,,1.0,1.0,1.0,1.0,0.634166086633585,1.0,1.0,1.0,1.0,0.8856769020729953
4429,a285844e480d8be12,True,,,,,,,,,,1.0,1.0,1.0,1.0,0.45697207679398766,1.0,0.0,1.0,1.0,0.7053037739981212
4430,a281f0b2e0db6ac75,True,,,,,,,,,,0.0,1.0,1.0,1.0,1.0,0.0,0.0,1.0,1.0,0.0
4431,b68edb5514fba0f3e,True,,,,,,,,,,1.0,1.0,1.0,1.0,0.5378121431886949,1.0,1.0,1.0,1.0,0.8555662947464672
4432,c9b45ed2516cd216c,True,,,,,,,,,,1.0,0.0,0.5,1.0,1.0,1.0,1.0,1.0,0.0,0.0
4433,3b99d2eccb04b25a0,True,,,,,,,,,,1.0,1.0,0.5,1.0,1.0,1.0,0.0,1.0,1.0,0.4375
4434,7926b91284ef771fd,True,,,,,,,,,,1.0,0.0,0.5,1.0,1.0,1.0,0.0,1.0,0.0,0.0
4435,f726e244468ccbbe6,True,,,,,,,,,,1.0,1.0,1.0,1.0,0.8015387402670329,1.0,1.0,1.0,1.0,0.9379808563334477
4436,24474e28c524b8a8a,True,,,,,,,,,,1.0,1.0,1.0,1.0,1.0,1.0,0.0,1.0,1.0,0.875
4437,579935f9cfdd09614,True,,,,,,,,,,1.0,1.0,1.0,1.0,0.5522780368427752,1.0,0.0,1.0,1.0,0.7350868865133673
4438,b594f9ffaa680c514,True,,,,,,,,,,1.0,1.0,1.0,1.0,0.6059630911560652,1.0,0.0,1.0,0.0,0.6268634659862704
4439,a7c33da176ab8f433,True,,,,,,,,,,1.0,0.0,1.0,1.0,1.0,1.0,1.0,0.0,0.0,0.0
4440,a99e7bb23533b8fee,True,,,,,,,,,,1.0,0.0,1.0,1.0,0.732646431914497,1.0,0.0,1.0,1.0,0.0
4441,df00098f604a521a4,True,,,,,,,,,,1.0,1.0,1.0,1.0,0.6321045329301321,0.0,0.0,1.0,1.0,0.44753266654066626
4442,63a0b4eedb06db349,True,,,,,,,,,,1.0,0.0,0.0,1.0,1.0,1.0,0.0,1.0,0.0,0.0
4443,6f5571bbc6dc5faee,True,,,,,,,,,,1.0,1.0,1.0,1.0,0.6412998895856153,1.0,0.0,1.0,1.0,0.7629062154955049
4444,226e200de1c94187e,True,,,,,,,,,,1.0,1.0,0.5,1.0,1.0,1.0,0.0,1.0,1.0,0.4375
4445,d3fd9caab2859cfd1,True,,,,,,,,,,1.0,1.0,0.0,1.0,1.0,1.0,0.0,1.0,1.0,0.0
4446,40e3b1336b570fbf6,True,,,,,,,,,,1.0,1.0,0.0,1.0,1.0,1.0,0.0,1.0,0.0,0.0
4447,1dcbc0a4f06515ca6,True,,,,,,,,,,1.0,1.0,1.0,1.0,0.6983689277839568,1.0,0.0,1.0,1.0,0.7807402899324865
4448,34e7a39f33ba4f108,True,,,,,,,,,,0.0,1.0,1.0,1.0,1.0,0.0,1.0,1.0,0.0,0.0
4449,087f962c16ba01a4c,True,,,,,,,,,,1.0,1.0,1.0,1.0,0.6709938388783354,1.0,0.0,1.0,0.0,0.6471855746494798
4450,4225dd6384602da80,True,,,,,,,,,,1.0,1.0,1.0,1.0,0.34338463511295686,1.0,0.0,1.0,1.0,0.669807698472799
4451,f785ce4a119cc22a1,True,,,,,,,,,,0.5,1.0,1.0,1.0,1.0,0.0,0.0,1.0,1.0,0.28125
4452,c672054b9f22ca68b,True,,,,,,,,,,1.0,0.0,1.0,1.0,1.0,1.0,0.0,1.0,0.0,0.0
4453,88d4924ebb1940ca0,True,,,,,,,,,,1.0,1.0,1.0,1.0,0.2547752952504656,1.0,1.0,1.0,1.0,0.7671172797657705
4454,5b77cb58dfa1f5823,True,,,,,,,,,,1.0,1.0,0.0,1.0,1.0,1.0,0.0,1.0,1.0,0.0
4455,7d026bbe1e37cd6bf,True,,,,,,,,,,1.0,1.0,1.0,1.0,0.4304503404704943,1.0,1.0,1.0,0.0,0.6970157313970294
4456,f7d4775bfad9dcab8,True,,,,,,,,,,1.0,1.0,1.0,1.0,1.0,1.0,0.0,1.0,1.0,0.875
4457,c6834715d79ac54be,True,,,,,,,,,,0.0,1.0,1.0,1.0,1.0,0.0,1.0,1.0,1.0,0.0
4458,e2272321d7d429d4f,True,,,,,,,,,,1.0,0.0,0.5,1.0,1.0,1.0,0.0,0.0,0.0,0.0
4459,b7f83635c23a2a5d8,True,,,,,,,,,,0.0,0.0,1.0,1.0,1.0,0.0,0.0,1.0,0.0,0.0
4460,342254f2ea2e57645,True,,,,,,,,,,1.0,1.0,1.0,1.0,0.4546839309358128,1.0,0.0,1.0,0.0,0.5795887284174415
4461,f38fa4be9ff4556d8,True,,,,,,,,,,1.0,0.0,0.5,1.0,0.9179300635817021,1.0,1.0,1.0,0.0,0.0
4462,dfaaf61d58472b476,True,,,,,,,,,,1.0,1.0,1.0,1.0,0.43857417752762956,1.0,1.0,1.0,1.0,0.8245544304773842
4463,c30bd4dc602d95119,True,,,,,,,,,,1.0,1.0,1.0,1.0,0.9208066927705512,1.0,0.0,1.0,1.0,0.8502520914907972
4464,a8cfebbab95e53606,True,,,,,,,,,,1.0,1.0,1.0,1.0,0.6160381318456443,1.0,1.0,1.0,1.0,0.8800119162017639
4465,7fd931e169ce1f227,True,,,,,,,,,,1.0,1.0,1.0,1.0,0.7285480136272553,1.0,0.0,1.0,0.0,0.6651712542585173
4466,3a3ec856e77a7616a,True,,,,,,,,,,1.0,1.0,1.0,1.0,0.9416473603905081,1.0,1.0,1.0,1.0,0.9817648001220338
4467,953bd3451def71fb4,True,,,,,,,,,,0.0,1.0,1.0,1.0,0.8251475662105173,1.0,1.0,1.0,0.0,0.0
4468,dcf19e94036cc47aa,True,,,,,,,,,,1.0,1.0,0.5,1.0,1.0,1.0,0.0,1.0,0.0,0.375
4469,aa06b6b1578ec1270,True,,,,,,,,,,1.0,1.0,1.0,1.0,0.7804241593752523,1.0,1.0,1.0,0.0,0.8063825498047663
4470,e9b4dc8775d9b86e1,True,,,,,,,,,,1.0,0.0,1.0,1.0,1.0,1.0,0.0,1.0,0.0,0.0
4471,543679cd5973594a2,True,,,,,,,,,,1.0,1.0,1.0,1.0,0.6475721828868702,1.0,0.0,1.0,1.0,0.764866307152147
4472,215d99206d864850d,True,,,,,,,,,,1.0,1.0,0.0,1.0,0.8010862106805698,1.0,0.0,1.0,1.0,0.0
4473,70886fe6fcf180420,True,,,,,,,,,,0.0,1.0,0.0,1.0,0.8030170336965599,0.0,0.0,1.0,1.0,0.0
4474,0502403f486b71c32,True,,,,,,,,,,1.0,1.0,1.0,1.0,0.694565680128852,1.0,1.0,1.0,1.0,0.9045517750402663
4475,302d43ed9ed327d94,True,,,,,,,,,,0.0,1.0,1.0,0.0,1.0,0.0,0.0,1.0,0.0,0.0
4476,8f669c4ed49b0595f,True,,,,,,,,,,1.0,0.0,1.0,1.0,0.6348759565261122,1.0,1.0,1.0,1.0,0.0
4477,019450490101ebf1c,True,,,,,,,,,,1.0,1.0,1.0,1.0,1.0,1.0,0.0,1.0,0.0,0.75
4478,9453a01b26e5f5079,True,,,,,,,,,,1.0,1.0,1.0,1.0,0.9176340025581131,1.0,1.0,1.0,1.0,0.9742606257994104
4479,de6c242bf7dbf68eb,True,,,,,,,,,,1.0,1.0,1.0,1.0,0.19221032568147703,1.0,0.0,1.0,1.0,0.6225657267754616
4480,0dacd04f2b5cb9990,True,,,,,,,,,,1.0,0.0,0.0,1.0,1.0,1.0,0.0,1.0,1.0,0.0
4481,44276d9ca75d0250b,True,,,,,,,,,,1.0,1.0,1.0,1.0,1.0,1.0,1.0,1.0,0.0,0.875
4482,c1c2f041cb05320b6,True,,,,,,,,,,1.0,1.0,0.5,1.0,1.0,1.0,0.0,1.0,0.0,0.375
4483,462336a687ff62978,True,,,,,,,,,,1.0,1.0,1.0,1.0,0.8066272617393133,1.0,0.0,1.0,1.0,0.8145710192935354
4484,80d8583368d2573b4,True,,,,,,,,,,0.5,0.0,1.0,1.0,1.0,0.0,1.0,1.0,1.0,0.0
4485,520f935b586e7b731,True,,,,,,,,,,1.0,1.0,1.0,1.0,0.8974785116291512,1.0,0.0,1.0,0.0,0.7179620348841098
4486,c8b4a00f0d379d88a,True,,,,,,,,,,1.0,1.0,1.0,1.0,1.0,0.0,1.0,1.0,1.0,0.6875
4487,de6d8849e57d7258f,True,,,,,,,,,,1.0,1.0,1.0,1.0,0.7715870356394666,1.0,1.0,1.0,1.0,0.9286209486373334
4488,174e7a32e20f2ca14,True,,,,,,,,,,1.0,1.0,0.0,1.0,1.0,1.0,0.0,1.0,0.0,0.0
4489,f15e1bae8a03b12b1,True,,,,,,,,,,1.0,1.0,1.0,1.0,0.6422828773063836,1.0,0.0,1.0,1.0,0.7632133991582448
4490,37501de016a2976a7,True,,,,,,,,,,1.0,1.0,1.0,1.0,0.9097943667407737,1.0,1.0,1.0,1.0,0.9718107396064918
4491,f5daa83268d707022,True,,,,,,,,,,1.0,1.0,1.0,1.0,0.8250095240361729,1.0,1.0,1.0,1.0,0.9453154762613041
4492,6e1ecc74646f12ab1,True,,,,,,,,,,1.0,1.0,0.0,1.0,1.0,1.0,0.0,1.0,1.0,0.0
4493,8c7b004d36c8af906,True,,,,,,,,,,1.0,1.0,1.0,1.0,0.40622453132389463,1.0,1.0,1.0,0.0,0.6894451660387171
4494,91c1ae75902e09e0c,True,,,,,,,,,,1.0,1.0,1.0,1.0,0.9757699686434346,1.0,1.0,1.0,1.0,0.9924281152010733
4495,f0a661b0e2a358ecf,True,,,,,,,,,,1.0,1.0,1.0,1.0,0.3294782834042553,1.0,1.0,1.0,1.0,0.7904619635638298
4496,5a89225b2405d13d7,True,,,,,,,,,,1.0,1.0,1.0,1.0,0.5610411285475245,1.0,0.0,1.0,0.0,0.6128253526711014
4497,098f2c514384700c9,True,,,,,,,,,,1.0,1.0,1.0,1.0,0.90112957531873,1.0,0.0,1.0,1.0,0.8441029922871031
4498,cc2b7831784a6242d,True,,,,,,,,,,1.0,1.0,1.0,1.0,0.5153185859035689,1.0,1.0,1.0,1.0,0.8485370580948652
4499,29e06b2285a52c6d0,True,,,,,,,,,,1.0,1.0,0.0,1.0,1.0,0.0,0.0,1.0,0.0,0.0
4500,7b4787e090d286d89,True,,,,,,,,,,1.0,1.0,0.5,1.0,0.7005801227525216,1.0,0.0,1.0,0.0,0.3282156441800815
4501,343c682cb6fb49290,True,,,,,,,,,,1.0,1.0,1.0,1.0,1.0,1.0,0.0,1.0,0.0,0.75
4502,3ada23a933f4d460c,True,,,,,,,,,,1.0,0.0,1.0,1.0,1.0,1.0,1.0,1.0,1.0,0.0
4503,8f8fa607cf20ce163,True,,,,,,,,,,1.0,1.0,1.0,1.0,0.7422568726478495,1.0,1.0,1.0,1.0,0.919455272702453
4504,13d89543b4b7dad14,True,,,,,,,,,,1.0,1.0,0.0,1.0,1.0,1.0,0.0,1.0,1.0,0.0
4505,3638bc9577d1ebfa6,True,,,,,,,,,,1.0,1.0,0.0,1.0,1.0,0.0,0.0,0.0,0.0,0.0
4506,129d3c576dc7bb588,True,,,,,,,,,,1.0,1.0,1.0,1.0,0.0,1.0,0.0,1.0,1.0,0.5625
4507,322862242b452cccc,True,,,,,,,,,,1.0,0.0,1.0,1.0,0.31160051473166855,1.0,0.0,1.0,1.0,0.0
4508,0f9705c901c463e2c,True,,,,,,,,,,1.0,1.0,1.0,1.0,0.7876038518195015,1.0,1.0,1.0,0.0,0.8086262036935943
4509,3d8d728e149979ead,True,,,,,,,,,,1.0,1.0,1.0,1.0,0.44940933600934485,1.0,0.0,1.0,1.0,0.7029404175029202
4510,308f14ec6e576e4d7,True,,,,,,,,,,0.0,0.0,0.5,1.0,0.6717224628567012,0.0,0.0,1.0,1.0,0.0
4511,14f7e3a226b0e16d8,True,,,,,,,,,,1.0,1.0,1.0,1.0,1.0,1.0,1.0,1.0,0.0,0.875
4512,b3e74e5b534575941,True,,,,,,,,,,1.0,1.0,1.0,1.0,0.3377114929087484,1.0,1.0,1.0,1.0,0.7930348415339838
4513,b73265f459fb49f24,True,,,,,,,,,,1.0,1.0,1.0,1.0,0.8897764965405899,1.0,1.0,1.0,1.0,0.9655551551689343
4514,0a16bdbfa64eeb441,True,,,,,,,,,,1.0,0.0,0.0,1.0,1.0,1.0,1.0,1.0,0.0,0.0
4515,56c892f39067ffb33,True,,,,,,,,,,1.0,1.0,1.0,1.0,0.8169911151240269,1.0,0.0,1.0,1.0,0.8178097234762585
4516,cd5f552597cd3be08,True,,,,,,,,,,1.0,0.0,1.0,1.0,0.7778938867168463,1.0,0.0,0.0,0.0,0.0
4517,8abc54b8e7a9ff3ca,True,,,,,,,,,,1.0,1.0,1.0,1.0,0.4475990450291757,1.0,0.0,1.0,1.0,0.7023747015716174
4518,2afebe4218aece0b6,True,,,,,,,,,,1.0,0.0,0.5,1.0,1.0,1.0,0.0,1.0,0.0,0.0
4519,1c18bdd5b49d08afb,True,,,,,,,,,,0.0,1.0,0.0,1.0,1.0,0.0,0.0,1.0,0.0,0.0
4520,8f84117d4bb5c6f9b,True,,,,,,,,,,1.0,1.0,1.0,1.0,0.8878041115181166,1.0,0.0,1.0,1.0,0.8399387848494114
4521,bc0cc2d8f71b0e8a8,True,,,,,,,,,,1.0,1.0,1.0,1.0,0.6457460089848636,1.0,1.0,1.0,1.0,0.8892956278077698
4522,6f033e7af721547a9,True,,,,,,,,,,1.0,0.0,1.0,1.0,0.7681894265640533,1.0,1.0,1.0,0.0,0.0
4523,d7b9e3963f7cb14e1,True,,,,,,,,,,1.0,1.0,1.0,1.0,1.0,1.0,1.0,1.0,0.0,0.875
4524,c047340a6e1fc6422,True,,,,,,,,,,1.0,1.0,1.0,1.0,0.4365722048733829,1.0,1.0,1.0,1.0,0.8239288140229322
4525,8db77c0cfd06714d8,True,,,,,,,,,,1.0,1.0,1.0,1.0,1.0,1.0,1.0,1.0,1.0,1.0
4526,66582437b06794318,True,,,,,,,,,,1.0,1.0,0.0,1.0,1.0,0.0,1.0,0.0,0.0,0.0
4527,2bac8b14908f94a2b,True,,,,,,,,,,1.0,1.0,1.0,1.0,0.5411954875666715,1.0,1.0,1.0,1.0,0.8566235898645849
4528,a4d8865551f14fe33,True,,,,,,,,,,1.0,1.0,1.0,1.0,0.7724109906847867,1.0,0.0,1.0,1.0,0.8038784345889958
4529,ec8c748e31436c7e5,True,,,,,,,,,,1.0,0.0,1.0,1.0,1.0,0.0,1.0,1.0,0.0,0.0
4530,a0dee764f3cd352e8,True,,,,,,,,,,1.0,1.0,1.0,1.0,0.9246737902314369,1.0,1.0,1.0,1.0,0.976460559447324
4531,881d6a8509303a3b0,True,,,,,,,,,,1.0,1.0,1.0,1.0,0.40638302213159216,1.0,1.0,1.0,0.0,0.6894946944161225
4532,e8b0f787378ffb08f,True,,,,,,,,,,1.0,1.0,1.0,1.0,1.0,1.0,1.0,1.0,1.0,1.0
4533,329089047f59e67fb,True,,,,,,,,,,1.0,1.0,1.0,1.0,1.0,1.0,0.0,1.0,0.0,0.75
4534,0d85be806c3ea78b8,True,,,,,,,,,,1.0,1.0,1.0,1.0,1.0,1.0,0.0,1.0,1.0,0.875
4535,79a8aa64c00991061,True,,,,,,,,,,1.0,1.0,0.5,1.0,0.8177212901435952,1.0,0.0,1.0,0.0,0.34651895158493673
4536,801d1b42c0409656b,True,,,,,,,,,,0.0,1.0,1.0,1.0,1.0,0.0,0.0,1.0,1.0,0.0
4537,a2aa45cf991d37699,True,,,,,,,,,,1.0,1.0,1.0,1.0,0.5111814500233068,1.0,1.0,1.0,0.0,0.7222442031322833
4538,6e7f645a1e9a9337a,True,,,,,,,,,,0.0,0.0,1.0,1.0,1.0,0.0,0.0,1.0,1.0,0.0
4539,8b29c1e65746a1185,True,,,,,,,,,,1.0,1.0,1.0,1.0,0.3530536222370042,1.0,1.0,1.0,0.0,0.6728292569490638
4540,b9d5b5bb73e875bc3,True,,,,,,,,,,1.0,1.0,1.0,1.0,0.6164824833273841,1.0,1.0,1.0,1.0,0.8801507760398075
4541,4f54492b07cc07b87,True,,,,,,,,,,0.0,0.0,0.0,1.0,1.0,0.0,0.0,1.0,0.0,0.0
4542,1d631538778b4fffe,True,,,,,,,,,,1.0,1.0,1.0,1.0,0.6303849481603876,1.0,0.0,1.0,0.0,0.6344952963001211
4543,5a653e174a05d5da0,True,,,,,,,,,,1.0,0.0,1.0,1.0,0.8810111579872046,1.0,1.0,1.0,0.0,0.0
4544,6c9c8eacefc209d52,True,,,,,,,,,,1.0,1.0,1.0,1.0,0.6686266716976392,1.0,1.0,1.0,1.0,0.8964458349055122
4545,6e060f8eb067a3b37,True,,,,,,,,,,1.0,1.0,0.0,1.0,1.0,1.0,0.0,1.0,1.0,0.0
4546,88d4b366c4eb714be,True,,,,,,,,,,1.0,1.0,1.0,1.0,1.0,1.0,0.0,1.0,0.0,0.75
4547,0030f1747a12c4a8d,True,,,,,,,,,,1.0,1.0,1.0,1.0,0.3278141459240112,1.0,0.0,1.0,1.0,0.6649419206012535
4548,e1bcade7bd67e9b78,True,,,,,,,,,,1.0,1.0,1.0,1.0,0.9651984917298277,1.0,0.0,1.0,0.0,0.7391245286655712
4549,507ff750eaaf02bd0,True,,,,,,,,,,1.0,1.0,1.0,1.0,0.9648409146304326,1.0,1.0,1.0,1.0,0.9890127858220101
4550,07d73bb7099662d82,True,,,,,,,,,,1.0,1.0,1.0,1.0,0.7184518233936313,1.0,0.0,1.0,0.0,0.6620161948105098
4551,2d69cb0443fc22cf0,True,,,,,,,,,,1.0,1.0,1.0,1.0,1.0,1.0,1.0,1.0,1.0,1.0
4552,62efc5db12ae35bc5,True,,,,,,,,,,1.0,1.0,1.0,1.0,0.8089988257379668,1.0,1.0,1.0,0.0,0.8153121330431146
4553,a5323cbe675ea589c,True,,,,,,,,,,1.0,0.0,1.0,1.0,0.5286816898310728,1.0,0.0,1.0,1.0,0.0
4554,19ef2d6f1a4a25124,True,,,,,,,,,,1.0,0.0,1.0,1.0,0.7386914332485314,1.0,1.0,1.0,0.0,0.0
4555,5216f5e0df50fa3bf,True,,,,,,,,,,1.0,1.0,0.0,1.0,1.0,1.0,0.0,1.0,1.0,0.0
4556,ac657cb166434db62,True,,,,,,,,,,1.0,1.0,1.0,1.0,0.8876248776286928,1.0,1.0,1.0,1.0,0.9648827742589665
4557,3a84eaeca44c1b7ad,True,,,,,,,,,,1.0,1.0,1.0,1.0,0.8883339559912996,1.0,0.0,1.0,1.0,0.8401043612472812
4558,8caf8f0fb08aa9aa2,True,,,,,,,,,,1.0,1.0,1.0,1.0,0.5507672814214262,1.0,1.0,1.0,1.0,0.8596147754441956
4559,15f652f1382299b99,True,,,,,,,,,,1.0,1.0,0.5,1.0,1.0,1.0,0.0,1.0,1.0,0.4375
4560,654d6d6e5212f40da,True,,,,,,,,,,1.0,1.0,1.0,1.0,1.0,1.0,1.0,1.0,0.0,0.875
4561,d0edf77b02ddc46df,True,,,,,,,,,,1.0,1.0,0.0,1.0,1.0,1.0,0.0,1.0,0.0,0.0
4562,c55b51f6860007830,True,,,,,,,,,,1.0,1.0,0.5,1.0,1.0,1.0,0.0,1.0,1.0,0.4375
4563,f12a7ee18a123034b,True,,,,,,,,,,1.0,0.0,1.0,1.0,1.0,1.0,1.0,1.0,1.0,0.0
4564,ac132e5b2d0fb3476,True,,,,,,,,,,1.0,1.0,1.0,1.0,0.49569253209708186,1.0,1.0,1.0,1.0,0.8424039162803381
4565,a81080b37a16b485a,True,,,,,,,,,,1.0,0.0,1.0,1.0,0.7935406622600937,1.0,1.0,1.0,0.0,0.0
4566,a5905de8a4fa82e21,True,,,,,,,,,,1.0,1.0,1.0,1.0,0.6955666091614077,1.0,1.0,1.0,1.0,0.9048645653629399
4567,f75452f2564e8f2ae,True,,,,,,,,,,1.0,1.0,1.0,1.0,1.0,1.0,0.0,1.0,1.0,0.875
4568,ccb673fb277fc767d,True,,,,,,,,,,1.0,1.0,1.0,1.0,1.0,1.0,1.0,1.0,1.0,1.0
4569,bba1435e11b43591b,True,,,,,,,,,,0.0,1.0,1.0,1.0,0.3406292336396972,0.0,1.0,1.0,0.0,0.0
4570,e33aa6b2d5b26910b,True,,,,,,,,,,1.0,1.0,0.0,1.0,1.0,1.0,0.0,1.0,1.0,0.0
4571,3fb88c089daff90ac,True,,,,,,,,,,1.0,1.0,1.0,1.0,0.8587210427277416,1.0,1.0,1.0,1.0,0.9558503258524192
4572,1189a6ada09f1958a,True,,,,,,,,,,1.0,1.0,1.0,1.0,1.0,1.0,1.0,1.0,1.0,1.0
4573,d38a1a28476d4851e,True,,,,,,,,,,0.0,1.0,1.0,1.0,1.0,0.0,1.0,1.0,1.0,0.0
4574,7ee964bcd33d7480e,True,,,,,,,,,,1.0,1.0,1.0,1.0,0.8171384569290907,1.0,0.0,1.0,1.0,0.8178557677903409
4575,c1bf650dac02cb0f8,True,,,,,,,,,,1.0,1.0,1.0,1.0,1.0,1.0,1.0,1.0,1.0,1.0
4576,a8df9dde6ff732727,True,,,,,,,,,,1.0,1.0,1.0,1.0,1.0,1.0,0.0,1.0,1.0,0.875
4577,888343bb23c96916c,True,,,,,,,,,,1.0,1.0,1.0,1.0,0.06181422754959426,1.0,0.0,1.0,1.0,0.5818169461092482
4578,f6439042fbc2b78de,True,,,,,,,,,,1.0,0.0,1.0,1.0,0.420040058486212,1.0,1.0,1.0,1.0,0.0
4579,c62f78ae6b2bb3ad4,True,,,,,,,,,,1.0,1.0,1.0,1.0,0.820564434422617,1.0,1.0,1.0,1.0,0.9439263857570678
4580,ec511fbf17452272b,True,,,,,,,,,,1.0,0.0,1.0,1.0,0.6753421733029199,1.0,1.0,1.0,0.0,0.0
4581,ca65ee7c58adc26d8,True,,,,,,,,,,1.0,1.0,1.0,1.0,1.0,1.0,0.0,1.0,1.0,0.875
4582,4ce14eab81ed439f2,True,,,,,,,,,,1.0,1.0,0.5,1.0,0.6111892415401642,1.0,1.0,1.0,1.0,0.43924831899065064
4583,2d48cd27787fdf6f7,True,,,,,,,,,,1.0,1.0,1.0,1.0,1.0,1.0,1.0,1.0,1.0,1.0
4584,14e4693cf0f1e04ff,True,,,,,,,,,,1.0,1.0,1.0,1.0,1.0,0.0,0.0,1.0,0.0,0.4375
4585,3a0d3240d496a6276,True,,,,,,,,,,1.0,1.0,1.0,1.0,0.7539869137705126,1.0,1.0,1.0,1.0,0.9231209105532852
4586,c833d5b0fc76fdd86,True,,,,,,,,,,1.0,1.0,1.0,1.0,0.2463154852363392,1.0,1.0,1.0,1.0,0.764473589136356
4587,245fb14bb8a926556,True,,,,,,,,,,1.0,1.0,1.0,1.0,0.7753139548170274,1.0,1.0,1.0,1.0,0.9297856108803211
4588,00ca98016027ffb8d,True,,,,,,,,,,1.0,0.0,1.0,1.0,1.0,1.0,1.0,1.0,0.0,0.0
4589,f32ce52441f70bfee,True,,,,,,,,,,1.0,1.0,1.0,1.0,0.9339235902961529,1.0,1.0,1.0,1.0,0.9793511219675478
4590,b20b0b76f7991c89b,True,,,,,,,,,,1.0,1.0,1.0,1.0,1.0,1.0,1.0,1.0,1.0,1.0
4591,88c5a08bcfdda91cd,True,,,,,,,,,,1.0,1.0,1.0,1.0,0.9348992583175347,1.0,0.0,1.0,1.0,0.8546560182242295
4592,49dbbe879efac0da9,True,,,,,,,,,,1.0,1.0,0.0,1.0,1.0,1.0,0.0,1.0,1.0,0.0
4593,b5d11a125c8146f58,True,,,,,,,,,,1.0,1.0,1.0,1.0,0.7329736993600906,1.0,1.0,1.0,1.0,0.9165542810500283
4594,bccd8c64fe9f7bd3b,True,,,,,,,,,,1.0,1.0,1.0,1.0,1.0,1.0,1.0,1.0,1.0,1.0
4595,24e6339c5f9336f36,True,,,,,,,,,,1.0,1.0,1.0,1.0,0.6935246991305093,1.0,1.0,1.0,1.0,0.9042264684782841
4596,2ffcefe9968b81e13,True,,,,,,,,,,1.0,1.0,0.5,1.0,0.8284318002842441,1.0,0.0,1.0,0.0,0.3481924687944131
4597,a2c78b96705709dc4,True,,,,,,,,,,1.0,1.0,1.0,1.0,0.9209403918092359,1.0,0.0,1.0,1.0,0.8502938724403862
4598,c9e15316a3a9036a8,True,,,,,,,,,,1.0,0.0,1.0,1.0,0.842102746961262,1.0,1.0,1.0,0.0,0.0
4599,aeafb748fb3a37e8c,True,,,,,,,,,,1.0,1.0,1.0,1.0,1.0,1.0,0.0,1.0,1.0,0.875
4600,9e268b454b8ca07a1,True,,,,,,,,,,1.0,1.0,1.0,1.0,0.7729428977246229,1.0,0.0,1.0,1.0,0.8040446555389447
4601,7fd5398b4e1c42134,True,,,,,,,,,,1.0,0.0,0.5,1.0,1.0,1.0,1.0,1.0,1.0,0.0
4602,fd2d0d2c37b2df3a5,True,,,,,,,,,,1.0,1.0,1.0,1.0,1.0,1.0,0.0,1.0,0.0,0.75
4603,6b611802253a6f2c9,True,,,,,,,,,,1.0,1.0,1.0,1.0,0.8119745404754621,1.0,0.0,1.0,1.0,0.8162420438985819
4604,cdbe73e69b2aced1d,True,,,,,,,,,,1.0,0.0,1.0,1.0,0.8352517325090747,1.0,1.0,0.0,0.0,0.0
4605,0e733cf0e386ffd7e,True,,,,,,,,,,1.0,0.0,1.0,1.0,1.0,1.0,0.0,1.0,1.0,0.0
4606,7b6a6c9c50efdcf85,True,,,,,,,,,,1.0,1.0,1.0,1.0,0.8487034406424094,1.0,0.0,1.0,1.0,0.8277198252007529
4607,f185085421e3aa72f,True,,,,,,,,,,1.0,1.0,1.0,1.0,0.8115491072128186,1.0,1.0,1.0,0.0,0.8161090960040058
4608,249520f1574eff090,True,,,,,,,,,,0.0,1.0,1.0,1.0,0.24544181989459074,0.0,1.0,1.0,0.0,0.0
4609,648027b9205dc7650,True,,,,,,,,,,1.0,1.0,0.0,1.0,1.0,1.0,0.0,1.0,1.0,0.0
4610,ed81a447f9a55d06c,True,,,,,,,,,,1.0,1.0,1.0,1.0,1.0,1.0,1.0,1.0,1.0,1.0
4611,4f3676dd29cda956d,True,,,,,,,,,,1.0,1.0,1.0,1.0,1.0,1.0,0.0,1.0,0.0,0.75
4612,6aa6cb2757b09918e,True,,,,,,,,,,1.0,1.0,1.0,1.0,0.817167832869532,1.0,1.0,1.0,1.0,0.9428649477717288
4613,3e9cb5ec7e3c7d0e9,True,,,,,,,,,,1.0,1.0,1.0,1.0,0.9423221200695496,1.0,0.0,1.0,1.0,0.8569756625217342
4614,3606310eace955ba8,True,,,,,,,,,,0.0,1.0,0.5,1.0,1.0,0.0,0.0,1.0,0.0,0.0
4615,9d01fb3bc5ce52bd1,True,,,,,,,,,,1.0,1.0,1.0,1.0,0.7897047368304142,1.0,1.0,1.0,1.0,0.9342827302595045
4616,dae98f820d40b2d3d,True,,,,,,,,,,1.0,1.0,1.0,1.0,0.710703000607357,0.0,0.0,1.0,1.0,0.47209468768979906
4617,c6f215cb7b0d88628,True,,,,,,,,,,0.0,1.0,0.0,1.0,1.0,0.0,0.0,1.0,1.0,0.0
4618,4d45bc29714d004dd,True,,,,,,,,,,1.0,0.0,0.0,1.0,1.0,1.0,0.0,1.0,0.0,0.0
4619,a5a4330ec613db5a3,True,,,,,,,,,,0.0,1.0,1.0,1.0,1.0,0.0,0.0,0.0,0.0,0.0
4620,71311b352b3aa16e3,True,,,,,,,,,,1.0,0.0,1.0,1.0,0.5596855452271888,1.0,1.0,1.0,0.0,0.0
4621,e7f8c99f8df8cf65b,True,,,,,,,,,,0.0,1.0,1.0,1.0,1.0,0.0,1.0,1.0,0.0,0.0
4622,f93686a7de229c648,True,,,,,,,,,,1.0,1.0,1.0,1.0,0.753157626970956,1.0,0.0,1.0,0.0,0.6728617584284238
4623,ea22bac93bab13f69,True,,,,,,,,,,1.0,1.0,1.0,1.0,0.8622240983886211,1.0,0.0,1.0,0.0,0.7069450307464441
4624,c82ec728742abfe9a,True,,,,,,,,,,1.0,1.0,1.0,1.0,0.3178833768766315,1.0,1.0,1.0,1.0,0.7868385552739473
4625,205e1f314131287bc,True,,,,,,,,,,1.0,1.0,1.0,1.0,0.630457694904935,1.0,1.0,1.0,0.0,0.7595180296577921
4626,ecefe6eb9d594a685,True,,,,,,,,,,1.0,1.0,1.0,1.0,0.9656513852036659,1.0,0.0,1.0,1.0,0.8642660578761456
4627,54ccf1e5e48744666,True,,,,,,,,,,1.0,1.0,0.0,1.0,1.0,1.0,0.0,1.0,1.0,0.0
4628,43b92681b98be1dd3,True,,,,,,,,,,0.5,0.0,0.0,1.0,1.0,0.0,0.0,1.0,0.0,0.0
4629,525d0548f3cf8685b,True,,,,,,,,,,0.0,0.0,0.5,1.0,0.9483720549703087,0.0,0.0,1.0,0.0,0.0
4630,977312aa1b30d7f8f,True,,,,,,,,,,1.0,0.0,1.0,1.0,1.0,1.0,1.0,1.0,1.0,0.0
4631,b638486d7d50a3d60,True,,,,,,,,,,1.0,1.0,1.0,1.0,1.0,1.0,1.0,1.0,1.0,1.0
4632,7a163daf930e48637,True,,,,,,,,,,1.0,0.0,0.0,1.0,1.0,1.0,0.0,1.0,0.0,0.0
4633,0acf0c1a301a7180c,True,,,,,,,,,,1.0,1.0,1.0,1.0,1.0,1.0,1.0,1.0,1.0,1.0
4634,965c2a5d3c105c295,True,,,,,,,,,,1.0,1.0,1.0,1.0,0.5891743947803822,1.0,1.0,1.0,1.0,0.8716169983688695
4635,4743e61ca1af03cd7,True,,,,,,,,,,1.0,1.0,1.0,1.0,0.7903543374832374,1.0,1.0,1.0,1.0,0.9344857304635117
4636,e4dcc4b775028c0f4,True,,,,,,,,,,1.0,0.0,1.0,1.0,0.8433591476284742,1.0,1.0,1.0,1.0,0.0
4637,4684692b32e909998,True,,,,,,,,,,1.0,1.0,1.0,1.0,0.578259029223874,1.0,1.0,1.0,1.0,0.8682059466324606
4638,18cc6c426879cd157,True,,,,,,,,,,1.0,1.0,1.0,1.0,1.0,1.0,0.0,1.0,0.0,0.75
4639,c6144081cdf888af5,True,,,,,,,,,,1.0,1.0,1.0,1.0,1.0,1.0,1.0,1.0,1.0,1.0
4640,b896aed2b2d4e576b,True,,,,,,,,,,1.0,1.0,1.0,1.0,0.5082926126702854,1.0,1.0,0.0,1.0,0.7213414414594641
4641,88fb73c3952c8f9ea,True,,,,,,,,,,0.0,1.0,1.0,1.0,1.0,0.0,0.0,1.0,1.0,0.0
4642,5667ac6a20c2d6e51,True,,,,,,,,,,1.0,1.0,0.0,1.0,0.9746265719394952,1.0,0.0,1.0,0.0,0.0
4643,dd0951850bdae5fd8,True,,,,,,,,,,1.0,0.0,1.0,1.0,0.8177365564733737,1.0,1.0,0.0,0.0,0.0
4644,57eb7d1fb4d00dce9,True,,,,,,,,,,1.0,0.0,1.0,1.0,1.0,1.0,0.0,1.0,1.0,0.0
4645,e544f94267510bde0,True,,,,,,,,,,1.0,0.0,1.0,1.0,1.0,1.0,0.0,1.0,0.0,0.0
4646,15d9842199648136e,True,,,,,,,,,,0.0,0.0,0.5,1.0,1.0,0.0,0.0,0.0,0.0,0.0
4647,c0ec09e19eaff83c9,True,,,,,,,,,,1.0,1.0,1.0,1.0,1.0,1.0,0.0,1.0,1.0,0.875
4648,29500c50afeb0e68a,True,,,,,,,,,,1.0,0.0,0.5,1.0,1.0,1.0,0.0,1.0,0.0,0.0
4649,30b4066d1794ea8ff,True,,,,,,,,,,1.0,1.0,1.0,1.0,1.0,1.0,0.0,1.0,0.0,0.75
4650,4b3c2ee5f127a3fe4,True,,,,,,,,,,1.0,1.0,0.0,1.0,0.8707244916786633,0.0,0.0,0.0,0.0,0.0
4651,c0ff231e77243d969,True,,,,,,,,,,1.0,0.0,1.0,1.0,1.0,1.0,0.0,1.0,1.0,0.0
4652,09bd7428736e6525b,True,,,,,,,,,,1.0,1.0,1.0,1.0,0.34349382826184394,1.0,1.0,1.0,1.0,0.7948418213318262
4653,aa7d114cf25b1f9f0,True,,,,,,,,,,1.0,1.0,1.0,1.0,0.647022049376526,1.0,0.0,1.0,1.0,0.7646943904301644
4654,16e839b38304ce550,True,,,,,,,,,,1.0,1.0,1.0,1.0,0.5614808144816612,1.0,1.0,1.0,1.0,0.8629627545255192
4655,ba3335342af8a6b57,True,,,,,,,,,,1.0,1.0,1.0,1.0,0.7883504519944795,1.0,1.0,1.0,1.0,0.9338595162482748
4656,81b780529f08d965b,True,,,,,,,,,,1.0,0.0,1.0,1.0,0.7894627324081038,1.0,1.0,1.0,0.0,0.0
4657,7d5a7137f0e5a166a,True,,,,,,,,,,0.0,1.0,1.0,1.0,1.0,0.0,1.0,1.0,1.0,0.0
4658,bad2ad9c318ddb264,True,,,,,,,,,,1.0,1.0,1.0,1.0,0.7900840278375213,1.0,0.0,1.0,0.0,0.6844012586992254
4659,91e2e5e740db004ce,True,,,,,,,,,,1.0,1.0,1.0,1.0,0.9759031835809978,1.0,0.0,1.0,0.0,0.7424697448690618
4660,dcc637b763e600173,True,,,,,,,,,,1.0,0.0,1.0,1.0,1.0,1.0,1.0,0.0,0.0,0.0
4661,347e462886f69f614,True,,,,,,,,,,1.0,1.0,0.5,1.0,0.43807425425803964,1.0,0.0,1.0,1.0,0.3496991022278187
4662,fb56a869a86a4e9ee,True,,,,,,,,,,1.0,1.0,1.0,1.0,0.8557360124561598,1.0,1.0,0.0,0.0,0.7049175038925499
4663,c2ee3d175867a9e7a,True,,,,,,,,,,1.0,1.0,0.0,1.0,1.0,1.0,0.0,1.0,1.0,0.0
4664,e2d10c9ccbbc61bce,True,,,,,,,,,,1.0,1.0,1.0,1.0,0.2796751651536701,1.0,0.0,1.0,1.0,0.649898489110522
4665,4f8dbc02e3dd5b958,True,,,,,,,,,,0.0,1.0,1.0,1.0,1.0,0.0,1.0,1.0,0.0,0.0
4666,c172bf35d27bb2a60,True,,,,,,,,,,1.0,1.0,1.0,1.0,0.8688506288576474,1.0,0.0,1.0,0.0,0.7090158215180148
4667,cb9eb4dbe16a93d2e,True,,,,,,,,,,1.0,1.0,1.0,1.0,0.8208638190287341,1.0,1.0,1.0,0.0,0.8190199434464793
4668,86d4226f5118e784d,True,,,,,,,,,,1.0,1.0,1.0,1.0,0.8949099685875366,1.0,0.0,1.0,1.0,0.8421593651836052
4669,8f284d670d5b623bf,True,,,,,,,,,,1.0,1.0,1.0,1.0,0.307632704444381,1.0,1.0,1.0,1.0,0.783635220138869
4670,c38b7f486c2411a81,True,,,,,,,,,,0.0,1.0,1.0,1.0,1.0,0.0,0.0,1.0,1.0,0.0
4671,1d6a75c2185cddac3,True,,,,,,,,,,1.0,1.0,1.0,1.0,0.6247867436647031,1.0,1.0,1.0,0.0,0.7577458573952197
4672,2366b4156fa09a0bc,True,,,,,,,,,,1.0,1.0,0.5,1.0,1.0,1.0,0.0,1.0,1.0,0.4375
4673,5ebd4357b2535cfa9,True,,,,,,,,,,1.0,1.0,1.0,1.0,0.8398419673862639,1.0,0.0,1.0,0.0,0.6999506148082075
4674,ab4e7191ed67b8ea4,True,,,,,,,,,,1.0,1.0,1.0,1.0,0.6037116867364021,1.0,1.0,1.0,1.0,0.8761599021051256
4675,c303322f8c6fe45b9,True,,,,,,,,,,1.0,1.0,1.0,1.0,1.0,1.0,0.0,1.0,1.0,0.875
4676,a8b1bc8442e0fb5b1,True,,,,,,,,,,1.0,1.0,1.0,1.0,0.7181736716811657,1.0,1.0,1.0,1.0,0.9119292724003643
4677,dba7acca42dcb992f,True,,,,,,,,,,1.0,0.0,1.0,1.0,1.0,1.0,0.0,1.0,0.0,0.0
4678,23ab7eb5b925e86ab,True,,,,,,,,,,0.0,1.0,0.0,1.0,1.0,0.0,0.0,1.0,0.0,0.0
4679,0517c552242d8cb70,True,,,,,,,,,,1.0,1.0,1.0,1.0,0.8458226278249895,1.0,1.0,1.0,1.0,0.9518195711953092
4680,530edf0e35aa025b6,True,,,,,,,,,,0.0,1.0,1.0,1.0,1.0,0.0,1.0,1.0,1.0,0.0
4681,ddc382f4a2aa9f33e,True,,,,,,,,,,1.0,1.0,0.0,1.0,1.0,1.0,0.0,1.0,0.0,0.0
4682,997169e70df191713,True,,,,,,,,,,1.0,0.0,1.0,1.0,0.3669932067914751,1.0,0.0,1.0,0.0,0.0
4683,a52a1bf87700c06b5,True,,,,,,,,,,1.0,1.0,1.0,1.0,1.0,1.0,0.0,1.0,0.0,0.75
4684,4082fe517c4e84c40,True,,,,,,,,,,1.0,1.0,1.0,1.0,0.9517110785789834,1.0,1.0,1.0,1.0,0.9849097120559323
4685,73e128068f712ead2,True,,,,,,,,,,0.0,0.0,1.0,1.0,1.0,0.0,0.0,1.0,1.0,0.0
4686,1d5df5d9b3e4a5b4e,True,,,,,,,,,,1.0,1.0,1.0,1.0,0.8100837686170245,1.0,1.0,1.0,1.0,0.9406511776928201
4687,4c8f4212a26a493af,True,,,,,,,,,,0.5,0.0,1.0,1.0,1.0,0.0,0.0,1.0,0.0,0.0
4688,d3a043b81ea9596cd,True,,,,,,,,,,1.0,1.0,1.0,1.0,1.0,1.0,0.0,1.0,1.0,0.875
4689,b0b33738475eb449a,True,,,,,,,,,,1.0,1.0,0.0,1.0,0.8431526316301424,1.0,0.0,1.0,1.0,0.0
4690,d4ded05eeb073e97b,True,,,,,,,,,,1.0,0.0,1.0,1.0,1.0,1.0,1.0,1.0,0.0,0.0
4691,ddc0d9aad62836b90,True,,,,,,,,,,1.0,1.0,1.0,1.0,1.0,1.0,1.0,1.0,1.0,1.0
4692,c5555e6107565ea71,True,,,,,,,,,,1.0,0.0,1.0,1.0,0.6480445284853594,1.0,0.0,1.0,0.0,0.0
4693,67bddd305e7735344,True,,,,,,,,,,1.0,1.0,1.0,1.0,0.19263002136056137,1.0,1.0,1.0,0.0,0.6226968816751755
4694,6eb2d372480ee2f5b,True,,,,,,,,,,1.0,1.0,1.0,1.0,1.0,1.0,1.0,1.0,1.0,1.0
4695,d34d8e1f656046bdd,True,,,,,,,,,,1.0,1.0,1.0,1.0,0.6499722491975884,1.0,0.0,1.0,1.0,0.7656163278742464
4696,1b4910e763891cfbd,True,,,,,,,,,,0.0,0.0,1.0,1.0,1.0,0.0,0.0,1.0,0.0,0.0
4697,c5e30f61f4d10eee2,True,,,,,,,,,,1.0,1.0,1.0,1.0,0.36241902960928324,1.0,1.0,1.0,1.0,0.8007559467529011
4698,fe46394908bea81b9,True,,,,,,,,,,1.0,1.0,1.0,1.0,0.999363470536244,1.0,1.0,1.0,0.0,0.8748010845425762
4699,1464f6e11d5c8c6d9,True,,,,,,,,,,1.0,1.0,1.0,1.0,0.8302020922687164,1.0,1.0,1.0,1.0,0.9469381538339738
4700,b817b5a5887d3fa36,True,,,,,,,,,,1.0,1.0,1.0,1.0,0.2600251583430586,1.0,1.0,1.0,1.0,0.7687578619822057
4701,96ae6eb1972fb4ba7,True,,,,,,,,,,1.0,1.0,0.0,1.0,1.0,0.0,0.0,0.0,0.0,0.0
4702,8f18f5e39ad7208bd,True,,,,,,,,,,1.0,1.0,1.0,1.0,0.36153886207943176,1.0,0.0,1.0,1.0,0.6754808943998224
4703,ae42ff25d7ab0442f,True,,,,,,,,,,1.0,1.0,1.0,1.0,0.42860354241191473,1.0,0.0,1.0,1.0,0.6964386070037234
4704,2999813e6f4624d21,True,,,,,,,,,,0.0,1.0,1.0,1.0,1.0,0.0,0.0,1.0,0.0,0.0
4705,c989b3ae7e9270d2d,True,,,,,,,,,,1.0,1.0,1.0,1.0,0.4809585119260455,1.0,1.0,1.0,0.0,0.7127995349768892
4706,554adddfca63d6fe8,True,,,,,,,,,,1.0,1.0,1.0,1.0,0.573233442138552,1.0,1.0,1.0,0.0,0.7416354506682975
4707,7098c40dee5929017,True,,,,,,,,,,0.0,1.0,0.0,1.0,1.0,0.0,0.0,1.0,0.0,0.0
4708,6c8d225b7e93d1ff8,True,,,,,,,,,,1.0,0.0,1.0,1.0,0.8179776879795172,1.0,0.0,0.0,0.0,0.0
4709,e829e9b1fb63a8774,True,,,,,,,,,,1.0,0.0,1.0,1.0,1.0,1.0,0.0,1.0,1.0,0.0
4710,367a9fdb29038c66e,True,,,,,,,,,,1.0,1.0,1.0,1.0,0.17006078820566495,1.0,1.0,1.0,1.0,0.7406439963142704
4711,cf516d2c4d97e69a8,True,,,,,,,,,,0.5,0.0,1.0,1.0,1.0,0.0,1.0,1.0,0.0,0.0
4712,34112583ba024c56e,True,,,,,,,,,,0.5,0.0,1.0,1.0,1.0,0.0,1.0,1.0,0.0,0.0
4713,f74e8cda8ff469419,True,,,,,,,,,,1.0,1.0,1.0,1.0,1.0,1.0,1.0,1.0,0.0,0.875
4714,155b9d04c8ecbdf6e,True,,,,,,,,,,1.0,1.0,1.0,0.0,1.0,1.0,0.0,1.0,1.0,0.0
4715,5eeb6bb55001c1fc4,True,,,,,,,,,,1.0,1.0,1.0,1.0,0.6597744147437605,1.0,1.0,1.0,0.0,0.7686795046074252
4716,36f72d3764ee8b14f,True,,,,,,,,,,1.0,0.0,1.0,1.0,0.2448496522452347,1.0,0.0,1.0,0.0,0.0
4717,6697b38b1d73777b9,True,,,,,,,,,,1.0,1.0,1.0,1.0,0.4189997053241049,1.0,1.0,1.0,1.0,0.8184374079137828
4718,a36a2aecb6e0cc295,True,,,,,,,,,,1.0,1.0,1.0,1.0,0.9494969867061173,1.0,0.0,1.0,1.0,0.8592178083456616
4719,34c0cbcc136c66c89,True,,,,,,,,,,1.0,1.0,1.0,1.0,0.7739931874882369,1.0,0.0,1.0,1.0,0.804372871090074
4720,13d12623bf8ef0e4f,True,,,,,,,,,,0.0,1.0,0.0,1.0,0.9171465889121846,0.0,0.0,1.0,1.0,0.0
4721,312594bc42c547bb1,True,,,,,,,,,,1.0,1.0,0.5,1.0,1.0,1.0,0.0,1.0,0.0,0.375
4722,81f85141bab63b560,True,,,,,,,,,,1.0,1.0,1.0,1.0,0.6686266716976392,1.0,1.0,1.0,1.0,0.8964458349055122
4723,07bad7098a8e98783,True,,,,,,,,,,0.0,1.0,1.0,1.0,1.0,0.0,1.0,1.0,1.0,0.0
4724,bf77adfc09f7cebc5,True,,,,,,,,,,1.0,1.0,1.0,1.0,1.0,1.0,1.0,1.0,0.0,0.875
4725,5cd73374e1336ce3f,True,,,,,,,,,,1.0,1.0,0.0,1.0,1.0,1.0,0.0,1.0,1.0,0.0
4726,b6f613e0c148d3e98,True,,,,,,,,,,1.0,1.0,1.0,1.0,0.4518096016240256,1.0,1.0,1.0,1.0,0.828690500507508
4727,b7b9067126836af21,True,,,,,,,,,,0.0,1.0,1.0,1.0,1.0,0.0,0.0,1.0,0.0,0.0
4728,9d4b20553cbf06af4,True,,,,,,,,,,1.0,1.0,1.0,1.0,0.6647598737522252,1.0,1.0,1.0,0.0,0.7702374605475704
4729,76112959f0c3cee44,True,,,,,,,,,,1.0,1.0,1.0,1.0,0.3725721546994815,1.0,1.0,1.0,1.0,0.803928798343588
4730,10f68fec177e9b51c,True,,,,,,,,,,1.0,1.0,1.0,1.0,1.0,1.0,1.0,1.0,1.0,1.0
4731,debbba18b341ebebb,True,,,,,,,,,,1.0,1.0,1.0,1.0,0.6832394674673741,1.0,1.0,1.0,0.0,0.7760123335835544
4732,a480f952c0cac164f,True,,,,,,,,,,1.0,1.0,1.0,1.0,0.34152070756975295,1.0,1.0,1.0,1.0,0.7942252211155478
4733,8fe0f4c205937d179,True,,,,,,,,,,1.0,1.0,1.0,1.0,0.8370915336425838,1.0,0.0,1.0,1.0,0.8240911042633075
4734,ac0e0083b3ca184aa,True,,,,,,,,,,0.0,0.0,1.0,1.0,1.0,0.0,1.0,0.0,0.0,0.0
4735,3a181370dbfab5b1c,True,,,,,,,,,,1.0,1.0,1.0,1.0,0.47540518300095064,1.0,0.0,1.0,1.0,0.711064119687797
4736,786f6723260569e56,True,,,,,,,,,,1.0,1.0,1.0,1.0,1.0,1.0,1.0,1.0,0.0,0.875
4737,5c51092bca4c55b7d,True,,,,,,,,,,1.0,1.0,1.0,1.0,0.5440501512494118,1.0,1.0,1.0,1.0,0.8575156722654411
4738,d783a4e289c7f6c20,True,,,,,,,,,,1.0,1.0,1.0,1.0,0.8023961398460078,1.0,0.0,1.0,1.0,0.8132487937018774
4739,1484a0a00421bfda6,True,,,,,,,,,,1.0,0.0,1.0,1.0,0.2542404643066463,1.0,1.0,1.0,1.0,0.0
4740,d24b8e6fb44849b23,True,,,,,,,,,,1.0,1.0,0.0,1.0,1.0,1.0,1.0,1.0,1.0,0.0
4741,7a487393a13b1bc7e,True,,,,,,,,,,1.0,1.0,0.0,1.0,1.0,0.0,0.0,1.0,0.0,0.0
4742,38237140ae3e57418,True,,,,,,,,,,1.0,1.0,1.0,1.0,0.8368728794618908,1.0,0.0,1.0,0.0,0.6990227748318409
4743,dc0cffde6935fbd2b,True,,,,,,,,,,1.0,1.0,1.0,1.0,0.5706299866883514,1.0,1.0,1.0,0.0,0.7408218708401098
4744,50f513cc32849ede8,True,,,,,,,,,,1.0,1.0,1.0,1.0,0.8125070067191547,1.0,1.0,1.0,1.0,0.9414084395997359
4745,526b43badebf3eca2,True,,,,,,,,,,1.0,0.0,0.0,1.0,1.0,1.0,1.0,1.0,0.0,0.0
4746,17014286d867292ae,True,,,,,,,,,,1.0,1.0,1.0,1.0,0.44318083553084886,1.0,1.0,1.0,1.0,0.8259940111033903
4747,71825455da2cde07d,True,,,,,,,,,,1.0,0.0,1.0,1.0,0.6860471200791165,1.0,1.0,1.0,0.0,0.0
4748,ebc1dc2ec0e635ae3,True,,,,,,,,,,1.0,1.0,1.0,1.0,0.4475895518007318,1.0,1.0,1.0,1.0,0.8273717349377288
4749,0206d7321fb32894a,True,,,,,,,,,,1.0,1.0,1.0,1.0,0.46179721371436677,1.0,0.0,1.0,0.0,0.5818116292857396
4750,db7100201c9cbe2f6,True,,,,,,,,,,1.0,1.0,1.0,1.0,0.3358911137212848,1.0,1.0,1.0,1.0,0.7924659730379016
4751,3de0117d8b0d82352,True,,,,,,,,,,1.0,1.0,1.0,1.0,0.5772727345112936,1.0,0.0,1.0,0.0,0.6178977295347792
4752,8254112e33078afad,True,,,,,,,,,,0.0,1.0,1.0,1.0,0.9865213889989113,0.0,1.0,1.0,1.0,0.0
4753,cc9e04e3c4887f26c,True,,,,,,,,,,1.0,0.0,1.0,1.0,0.8143511597327708,1.0,1.0,1.0,1.0,0.0
4754,b01708b022b85bbd7,True,,,,,,,,,,1.0,1.0,1.0,0.0,1.0,1.0,1.0,1.0,0.0,0.0
4755,d3150a8489aa038cb,True,,,,,,,,,,1.0,1.0,1.0,1.0,0.5406671029602682,1.0,0.0,1.0,1.0,0.7314584696750839
4756,ae94ff2780b7d715c,True,,,,,,,,,,1.0,1.0,0.5,1.0,0.8080118959381929,1.0,0.0,1.0,0.0,0.3450018587403426
4757,15db590374cc3993a,True,,,,,,,,,,1.0,1.0,1.0,1.0,0.7533507962590849,1.0,1.0,1.0,1.0,0.922922123830964
4758,4ebad6e2adb7c2ab4,True,,,,,,,,,,1.0,1.0,1.0,1.0,1.0,1.0,1.0,1.0,1.0,1.0
4759,5688641dd10efb02d,True,,,,,,,,,,1.0,1.0,1.0,1.0,0.6222488299347773,1.0,1.0,1.0,1.0,0.8819527593546179
4760,c99ebd2dc27c56b12,True,,,,,,,,,,1.0,0.0,0.0,1.0,1.0,1.0,0.0,1.0,1.0,0.0
4761,eab8a152f7ae593ae,True,,,,,,,,,,0.0,1.0,0.5,1.0,1.0,0.0,0.0,1.0,1.0,0.0
4762,24d9e424388a37357,True,,,,,,,,,,1.0,1.0,1.0,1.0,0.15005104171877706,1.0,0.0,1.0,1.0,0.6093909505371178
4763,45429b4b5e82551ac,True,,,,,,,,,,0.0,1.0,1.0,1.0,1.0,0.0,1.0,1.0,1.0,0.0
4764,67ceda29f620bb598,True,,,,,,,,,,0.0,1.0,1.0,1.0,1.0,0.0,1.0,1.0,0.0,0.0
4765,9557f26df1e4356d7,True,,,,,,,,,,1.0,1.0,0.0,1.0,1.0,1.0,0.0,1.0,1.0,0.0
4766,add2dc0d2d9ed03d5,True,,,,,,,,,,0.0,1.0,1.0,1.0,1.0,0.0,0.0,1.0,1.0,0.0
4767,24a39936d6d41ac30,True,,,,,,,,,,1.0,1.0,0.5,1.0,1.0,1.0,0.0,1.0,0.0,0.375
4768,3365055ca32faadaa,True,,,,,,,,,,1.0,1.0,1.0,1.0,0.232285368766489,1.0,1.0,1.0,0.0,0.6350891777395278
4769,a43ef1df0d28a30db,True,,,,,,,,,,0.0,1.0,1.0,1.0,1.0,0.0,0.0,1.0,1.0,0.0
4770,8befb288003901497,True,,,,,,,,,,1.0,0.0,1.0,1.0,1.0,1.0,1.0,1.0,1.0,0.0
4771,f803ae18d279169ec,True,,,,,,,,,,1.0,1.0,1.0,1.0,0.5804474008389675,1.0,0.0,1.0,0.0,0.6188898127621774
4772,1e345865d056e4812,True,,,,,,,,,,1.0,1.0,1.0,1.0,0.8435369593038228,1.0,0.0,1.0,0.0,0.7011052997824446
4773,35d4f508b7e0207b4,True,,,,,,,,,,1.0,1.0,1.0,1.0,0.443577277099288,1.0,1.0,1.0,1.0,0.8261178990935275
4774,8c7844d1d621c907b,True,,,,,,,,,,0.0,1.0,0.5,1.0,1.0,0.0,1.0,1.0,0.0,0.0
4775,f507ae7c610fe346a,True,,,,,,,,,,1.0,1.0,1.0,0.0,1.0,1.0,1.0,1.0,1.0,0.0
4776,ddad060b5ec9428e3,True,,,,,,,,,,1.0,0.0,1.0,1.0,1.0,1.0,0.0,1.0,0.0,0.0
4777,d8ae22f5da35b2ae9,True,,,,,,,,,,1.0,1.0,0.5,1.0,0.7298002035449934,1.0,0.0,1.0,1.0,0.3952812818039052
4778,48b8608248fe082c2,True,,,,,,,,,,1.0,1.0,1.0,1.0,0.7437151532693486,1.0,1.0,1.0,1.0,0.9199109853966714
4779,1f46bbf6d50d08d54,True,,,,,,,,,,0.0,1.0,0.5,1.0,1.0,1.0,0.0,1.0,1.0,0.0
4780,f216d1ab22df1e533,True,,,,,,,,,,1.0,0.0,1.0,1.0,0.7662028189822192,1.0,0.0,1.0,0.0,0.0
4781,e1c30e4d72a0c6a35,True,,,,,,,,,,0.0,1.0,0.5,1.0,1.0,0.0,0.0,1.0,1.0,0.0
4782,c0c4cd4a0562039fc,True,,,,,,,,,,1.0,0.0,0.5,1.0,1.0,1.0,0.0,1.0,0.0,0.0
4783,1e3e373072e96c044,True,,,,,,,,,,1.0,0.0,1.0,1.0,1.0,1.0,1.0,1.0,1.0,0.0
4784,f55f780bee7a572bb,True,,,,,,,,,,1.0,0.0,0.0,1.0,1.0,1.0,0.0,1.0,0.0,0.0
4785,96162a63802df3c29,True,,,,,,,,,,1.0,1.0,1.0,1.0,1.0,0.0,1.0,1.0,1.0,0.6875
4786,23c9faa5c2360ed1f,True,,,,,,,,,,1.0,1.0,1.0,1.0,0.634166086633585,1.0,1.0,1.0,1.0,0.8856769020729953
4787,65dbb955b70b6a26d,True,,,,,,,,,,1.0,1.0,1.0,1.0,0.7867051660056664,1.0,0.0,1.0,0.0,0.6833453643767707
4788,93815cb266f991f06,True,,,,,,,,,,1.0,0.0,1.0,0.0,1.0,1.0,1.0,1.0,0.0,0.0
4789,99c29ddae00eb2eee,True,,,,,,,,,,1.0,0.0,0.5,1.0,1.0,0.0,1.0,1.0,0.0,0.0
4790,ad352a19a340fd99b,True,,,,,,,,,,1.0,0.0,1.0,1.0,1.0,1.0,0.0,1.0,1.0,0.0
4791,2c5d88f56ea71888d,True,,,,,,,,,,0.0,0.0,1.0,1.0,0.46336697421122985,0.0,0.0,1.0,1.0,0.0
4792,6cc12f84e2df62aee,True,,,,,,,,,,1.0,1.0,1.0,1.0,0.5988812708765167,1.0,0.0,1.0,1.0,0.7496503971489115
4793,83316d588a0204528,True,,,,,,,,,,1.0,1.0,1.0,1.0,1.0,1.0,1.0,1.0,1.0,1.0
4794,9fb82728bb72ae665,True,,,,,,,,,,0.0,1.0,1.0,1.0,1.0,1.0,0.0,1.0,1.0,0.0
4795,cabbf4a701b27f4f2,True,,,,,,,,,,1.0,0.0,0.0,1.0,1.0,1.0,0.0,1.0,0.0,0.0
4796,e4c060ddfe2b49190,True,,,,,,,,,,1.0,1.0,1.0,1.0,0.3698586697434953,1.0,1.0,1.0,1.0,0.8030808342948423
4797,9bbec38bd775ea622,True,,,,,,,,,,1.0,1.0,1.0,1.0,0.5387752845818261,1.0,0.0,1.0,1.0,0.7308672764318207
4798,856438ce448da4265,True,,,,,,,,,,1.0,1.0,1.0,1.0,1.0,1.0,1.0,1.0,1.0,1.0
4799,f13bedf0787265ff4,True,,,,,,,,,,1.0,1.0,1.0,1.0,1.0,1.0,0.0,1.0,0.0,0.75
4800,0dd1d00f6d1725ec3,True,,,,,,,,,,1.0,1.0,1.0,1.0,1.0,1.0,0.0,1.0,0.0,0.75
4801,94dbe6cad76160ef1,True,,,,,,,,,,0.0,1.0,1.0,1.0,1.0,0.0,1.0,1.0,1.0,0.0
4802,6dfe7ea162c45ba1d,True,,,,,,,,,,0.0,1.0,1.0,1.0,1.0,0.0,1.0,1.0,0.0,0.0
4803,7a1e5853909a335df,True,,,,,,,,,,1.0,1.0,0.5,1.0,0.5671360940720777,1.0,1.0,1.0,0.0,0.36986501469876215
4804,26961603aa068511e,True,,,,,,,,,,1.0,1.0,1.0,1.0,0.9491510566838766,1.0,1.0,1.0,1.0,0.9841097052137114
4805,50035f9f546fb6074,True,,,,,,,,,,1.0,1.0,1.0,1.0,0.8107947782602574,1.0,0.0,1.0,1.0,0.8158733682063304
4806,334428793abea228f,True,,,,,,,,,,1.0,0.0,1.0,1.0,1.0,1.0,0.0,1.0,1.0,0.0
4807,0fd638d4d67935416,True,,,,,,,,,,0.0,1.0,1.0,0.0,1.0,0.0,1.0,1.0,0.0,0.0
4808,34c5a38a6aee37c97,True,,,,,,,,,,1.0,0.0,0.5,1.0,0.6706988496101485,1.0,1.0,1.0,0.0,0.0
4809,6ad5915978b38db9e,True,,,,,,,,,,1.0,1.0,1.0,1.0,0.9127894708421553,1.0,0.0,1.0,0.0,0.7227467096381736
4810,b5e97b7e8ca0f8b19,True,,,,,,,,,,1.0,1.0,1.0,1.0,0.7780968738173824,0.0,1.0,1.0,1.0,0.618155273067932
4811,8ec2f225bd1ccc3ff,True,,,,,,,,,,1.0,1.0,1.0,1.0,0.7492030717250792,1.0,0.0,1.0,1.0,0.7966259599140872
4812,230e554a4a9b823fa,True,,,,,,,,,,0.5,0.0,0.0,1.0,1.0,0.0,0.0,1.0,1.0,0.0
4813,fc31a6f8ac42c70a9,True,,,,,,,,,,1.0,1.0,0.5,1.0,0.6815069755040992,1.0,1.0,1.0,0.0,0.38773546492251554
4814,6d8d91ad290f124b2,True,,,,,,,,,,1.0,1.0,1.0,1.0,0.6306159619537436,1.0,0.0,1.0,1.0,0.7595674881105449
4815,1138b571e8fbaaad9,True,,,,,,,,,,1.0,1.0,1.0,1.0,0.9502328732739681,1.0,1.0,1.0,1.0,0.984447772898115
4816,9cb5545908502a26c,True,,,,,,,,,,1.0,1.0,1.0,1.0,0.3092229751874094,1.0,1.0,1.0,1.0,0.7841321797460654
4817,7c999853833c34336,True,,,,,,,,,,1.0,0.0,1.0,1.0,0.7968839546727402,1.0,1.0,1.0,1.0,0.0
4818,9adbf8a5bfedb36d2,True,,,,,,,,,,1.0,1.0,1.0,1.0,1.0,1.0,0.0,1.0,1.0,0.875
4819,8dd36b48e9549dfbb,True,,,,,,,,,,1.0,0.0,0.5,1.0,1.0,1.0,0.0,1.0,0.0,0.0
4820,da024028d53215ba3,True,,,,,,,,,,1.0,1.0,1.0,1.0,0.7211904877387668,1.0,1.0,1.0,0.0,0.7878720274183646
4821,f6807a15ef236a60e,True,,,,,,,,,,1.0,0.0,1.0,1.0,1.0,1.0,1.0,0.0,0.0,0.0
4822,7a934a0d58b6d113b,True,,,,,,,,,,0.0,1.0,1.0,1.0,1.0,0.0,1.0,1.0,0.0,0.0
4823,c72e69f316e2cb580,True,,,,,,,,,,1.0,0.0,1.0,1.0,0.8105274253051308,1.0,1.0,1.0,1.0,0.0
4824,2f676101d71e92b1b,True,,,,,,,,,,1.0,1.0,1.0,1.0,0.2069279125094636,1.0,1.0,1.0,1.0,0.7521649726592073
4825,2664f428da61db472,True,,,,,,,,,,1.0,1.0,1.0,1.0,0.8175727028531643,1.0,1.0,1.0,1.0,0.9429914696416138
4826,0b444583aebb693a7,True,,,,,,,,,,1.0,1.0,1.0,1.0,1.0,1.0,1.0,1.0,0.0,0.875
4827,2931dbf8882478baa,True,,,,,,,,,,1.0,0.0,1.0,1.0,1.0,1.0,0.0,1.0,1.0,0.0
4828,60d2e82730e16c5a0,True,,,,,,,,,,1.0,0.0,0.0,1.0,1.0,1.0,0.0,1.0,1.0,0.0
4829,588f47bdc35784c16,True,,,,,,,,,,1.0,1.0,1.0,1.0,0.39784182377951194,1.0,0.0,1.0,1.0,0.6868255699310974
4830,40e276fbb70b36a86,True,,,,,,,,,,1.0,0.0,1.0,1.0,0.456242267711971,1.0,1.0,1.0,1.0,0.0
4831,f86cff80de8851a4b,True,,,,,,,,,,1.0,1.0,1.0,1.0,0.7476045500726335,1.0,1.0,1.0,0.0,0.796126421897698
4832,b42c321597e6726d4,True,,,,,,,,,,1.0,1.0,0.5,1.0,0.9661747970342144,1.0,0.0,1.0,0.0,0.369714812036596
4833,bbe1739362745c097,True,,,,,,,,,,1.0,0.0,1.0,1.0,1.0,1.0,1.0,1.0,1.0,0.0
4834,c19a21525d410c990,True,,,,,,,,,,0.0,1.0,1.0,1.0,1.0,0.0,1.0,1.0,1.0,0.0
4835,213fb1c5f3fda924e,True,,,,,,,,,,1.0,1.0,0.5,1.0,1.0,1.0,0.0,1.0,1.0,0.4375
4836,4aa85cd3f686e016d,True,,,,,,,,,,1.0,0.0,1.0,1.0,0.48755201836805323,1.0,1.0,1.0,0.0,0.0
4837,0d62abe857251412c,True,,,,,,,,,,1.0,1.0,1.0,1.0,0.9517110785789834,1.0,1.0,1.0,1.0,0.9849097120559323
4838,f2c959958c4b3a8f0,True,,,,,,,,,,1.0,1.0,1.0,1.0,1.0,1.0,0.0,1.0,0.0,0.75
4839,535b410078f9658ee,True,,,,,,,,,,1.0,0.0,1.0,1.0,0.9521753732965061,1.0,0.0,1.0,0.0,0.0
4840,9b219df65a0e3f22b,True,,,,,,,,,,0.0,1.0,1.0,1.0,1.0,0.0,0.0,1.0,1.0,0.0
4841,f1386d10ece58ca18,True,,,,,,,,,,1.0,1.0,1.0,1.0,0.8637148178956544,1.0,0.0,1.0,0.0,0.707410880592392
4842,5cd160daac2e582eb,True,,,,,,,,,,1.0,1.0,1.0,1.0,0.35890232301007235,1.0,1.0,1.0,1.0,0.7996569759406476
4843,07d601991746bbf45,True,,,,,,,,,,0.0,1.0,0.5,1.0,1.0,0.0,0.0,1.0,0.0,0.0
4844,25c09023519316f41,True,,,,,,,,,,1.0,0.0,1.0,1.0,1.0,1.0,0.0,1.0,1.0,0.0
4845,0d26c23bce11ae16b,True,,,,,,,,,,1.0,1.0,1.0,1.0,0.9882527328406575,1.0,1.0,1.0,0.0,0.8713289790127055
4846,cd43d27167de6cc79,True,,,,,,,,,,0.0,1.0,0.0,1.0,1.0,0.0,0.0,1.0,1.0,0.0
4847,ba8e76ba50850dffe,True,,,,,,,,,,1.0,1.0,1.0,1.0,0.9351497360423938,1.0,1.0,1.0,0.0,0.8547342925132481
4848,8090a94784c5adc03,True,,,,,,,,,,1.0,1.0,1.0,1.0,0.7912543207222452,1.0,1.0,1.0,1.0,0.9347669752257016
4849,6a1a3e7fd861ab333,True,,,,,,,,,,1.0,0.0,0.5,1.0,1.0,1.0,0.0,1.0,0.0,0.0
4850,964210c085079b61a,True,,,,,,,,,,1.0,1.0,1.0,1.0,0.17355928533087486,1.0,0.0,1.0,1.0,0.6167372766658984
4851,07095ff9932043d86,True,,,,,,,,,,0.0,1.0,1.0,1.0,1.0,0.0,1.0,1.0,0.0,0.0
4852,e262bce33b82a53de,True,,,,,,,,,,1.0,1.0,1.0,1.0,0.20749014621085338,1.0,1.0,1.0,1.0,0.7523406706908917
4853,d29fc0876909edc75,True,,,,,,,,,,1.0,1.0,1.0,1.0,0.5236167214689412,1.0,1.0,1.0,1.0,0.8511302254590442
4854,03a6d53a889503fa1,True,,,,,,,,,,1.0,0.0,0.0,1.0,1.0,1.0,0.0,1.0,0.0,0.0
4855,8257b0ad7e1b11a15,True,,,,,,,,,,1.0,1.0,1.0,1.0,0.832307356149029,1.0,1.0,1.0,1.0,0.9475960487965716
4856,8162ca210af0620b8,True,,,,,,,,,,1.0,0.0,0.0,1.0,0.8781590090947311,1.0,0.0,1.0,1.0,0.0
4857,bccac7c12e34ccda7,True,,,,,,,,,,1.0,1.0,1.0,1.0,0.4339875216825512,1.0,1.0,1.0,0.0,0.6981211005257972
4858,f1e38b58130384157,True,,,,,,,,,,1.0,1.0,1.0,1.0,0.7723138652657121,1.0,0.0,1.0,1.0,0.803848082895535
4859,eadba795c4950544f,True,,,,,,,,,,1.0,1.0,1.0,1.0,0.26605338697445535,1.0,1.0,1.0,1.0,0.7706416834295173
4860,b02622c8d05a2a7ab,True,,,,,,,,,,1.0,1.0,1.0,1.0,0.4246259269438676,1.0,0.0,1.0,1.0,0.6951956021699586
4861,5ac7230087ab9e9cc,True,,,,,,,,,,1.0,1.0,0.0,1.0,1.0,1.0,0.0,1.0,1.0,0.0
4862,59361619b736fa71d,True,,,,,,,,,,1.0,1.0,1.0,1.0,0.5056139098444706,1.0,0.0,1.0,1.0,0.7205043468263971
4863,4923ab814b3842354,True,,,,,,,,,,1.0,1.0,1.0,1.0,0.1106413970568595,1.0,1.0,1.0,0.0,0.5970754365802686
4864,819c74509b391434b,True,,,,,,,,,,1.0,1.0,1.0,1.0,0.7979005931969346,1.0,0.0,1.0,1.0,0.8118439353740421
4865,64cb1964d2bb9f801,True,,,,,,,,,,1.0,1.0,1.0,1.0,0.7843426722489438,1.0,0.0,1.0,0.0,0.682607085077795
4866,96e86e9c0ae1056bf,True,,,,,,,,,,0.0,1.0,1.0,1.0,1.0,0.0,1.0,1.0,1.0,0.0
4867,0a043b6dfbe71d53e,True,,,,,,,,,,1.0,1.0,1.0,1.0,0.755046170303206,1.0,0.0,1.0,0.0,0.6734519282197519
4868,1b3141d6d2c2b651a,True,,,,,,,,,,1.0,1.0,1.0,1.0,0.562417293572483,1.0,1.0,1.0,0.0,0.7382554042414009
4869,ff530ac4388942e42,True,,,,,,,,,,1.0,1.0,1.0,1.0,0.9271659913962664,1.0,1.0,1.0,0.0,0.8522393723113333
4870,879334719374ec947,True,,,,,,,,,,1.0,1.0,1.0,1.0,0.30057388188078,1.0,1.0,1.0,0.0,0.6564293380877437
4871,6952b70f303046472,True,,,,,,,,,,0.0,1.0,1.0,1.0,1.0,0.0,0.0,1.0,0.0,0.0
4872,fd516de1672fb997a,True,,,,,,,,,,1.0,0.0,0.5,1.0,1.0,0.0,0.0,1.0,0.0,0.0
4873,4ac58ee8e6463cde1,True,,,,,,,,,,1.0,1.0,1.0,1.0,0.6709351705542971,1.0,0.0,1.0,1.0,0.7721672407982179
4874,22264d7c1336430c1,True,,,,,,,,,,1.0,1.0,1.0,1.0,1.0,1.0,1.0,1.0,0.0,0.875
4875,8f88cd86720008f23,True,,,,,,,,,,1.0,0.0,1.0,1.0,1.0,1.0,1.0,1.0,1.0,0.0
4876,15a72986ee0932891,True,,,,,,,,,,0.0,0.0,1.0,1.0,1.0,0.0,1.0,0.0,1.0,0.0
4877,672d1f18c743523e4,True,,,,,,,,,,1.0,1.0,1.0,1.0,0.31794596010953546,1.0,0.0,1.0,1.0,0.6618581125342298
4878,4f279eb5918287e64,True,,,,,,,,,,1.0,0.0,1.0,1.0,1.0,1.0,0.0,1.0,1.0,0.0
4879,2cd8757231917e0ba,True,,,,,,,,,,1.0,1.0,1.0,1.0,0.32693267098234974,1.0,1.0,1.0,1.0,0.7896664596819842
4880,bb6f79a8768f43fd9,True,,,,,,,,,,1.0,1.0,1.0,1.0,0.4161128820536469,1.0,1.0,1.0,1.0,0.8175352756417646
4881,3c5f6c1f10df6f892,True,,,,,,,,,,1.0,0.0,1.0,1.0,1.0,1.0,1.0,1.0,0.0,0.0
4882,45cfb7971f2d2c984,True,,,,,,,,,,1.0,1.0,1.0,1.0,0.776691399448205,1.0,0.0,1.0,1.0,0.805216062327564
4883,4ffc297962a8fbd17,True,,,,,,,,,,1.0,0.0,0.5,1.0,1.0,1.0,0.0,1.0,1.0,0.0
4884,8a8e36fc6f3133ab1,True,,,,,,,,,,1.0,0.0,0.5,1.0,0.9805675909559816,1.0,0.0,1.0,0.0,0.0
4885,4de6ba672dc37ec25,True,,,,,,,,,,1.0,1.0,1.0,1.0,1.0,1.0,0.0,1.0,1.0,0.875
4886,ef271f3dd1d4e77d9,True,,,,,,,,,,1.0,1.0,0.5,1.0,0.5403101694251506,1.0,0.0,1.0,1.0,0.3656734639726798
4887,ab4161a99b49b3ba2,True,,,,,,,,,,1.0,1.0,1.0,1.0,0.7057337550876533,1.0,1.0,0.0,0.0,0.6580417984648916
4888,427601a379941fcbc,True,,,,,,,,,,1.0,1.0,1.0,1.0,0.3657222968018662,1.0,1.0,1.0,0.0,0.6767882177505832
4889,7339827ceaab8796b,True,,,,,,,,,,1.0,0.0,1.0,1.0,0.664028856090219,1.0,1.0,1.0,1.0,0.0
4890,7b5998d0c96e5433a,True,,,,,,,,,,1.0,1.0,1.0,1.0,0.23585012425644522,1.0,1.0,1.0,0.0,0.6362031638301391
4891,3e6a2a1cb427bfc4d,True,,,,,,,,,,0.0,1.0,0.5,1.0,1.0,0.0,0.0,1.0,0.0,0.0
4892,bc287d85f89c59202,True,,,,,,,,,,1.0,1.0,0.5,1.0,0.6135077075470545,1.0,0.0,1.0,0.0,0.31461057930422726
4893,4ee799c8d99616aed,True,,,,,,,,,,1.0,1.0,1.0,1.0,0.21498109434333365,1.0,0.0,1.0,1.0,0.6296815919822918
4894,8d71beefa48cb91fb,True,,,,,,,,,,1.0,1.0,1.0,1.0,0.9755539914720983,1.0,1.0,1.0,1.0,0.9923606223350308
4895,ad82260eea030954f,True,,,,,,,,,,1.0,1.0,1.0,1.0,0.8037865578829373,1.0,1.0,1.0,0.0,0.8136832993384179
4896,a1467b53499fa05f6,True,,,,,,,,,,1.0,0.0,1.0,1.0,1.0,1.0,0.0,1.0,0.0,0.0
4897,ee30df8e553e929cb,True,,,,,,,,,,1.0,0.0,1.0,1.0,1.0,1.0,1.0,1.0,1.0,0.0
4898,aa6de707b22dadf30,True,,,,,,,,,,1.0,0.0,1.0,1.0,1.0,1.0,0.0,1.0,0.0,0.0
4899,d2ac4238dd1e06e2b,True,,,,,,,,,,1.0,0.0,0.5,1.0,1.0,1.0,1.0,1.0,0.0,0.0
4900,218dfa1bf4d961da8,True,,,,,,,,,,0.0,1.0,1.0,1.0,1.0,0.0,0.0,1.0,0.0,0.0
4901,bccc789380086dadb,True,,,,,,,,,,1.0,1.0,1.0,1.0,0.33440232855701496,1.0,0.0,1.0,0.0,0.5420007276740672
4902,474ead815a6e92542,True,,,,,,,,,,1.0,1.0,1.0,1.0,1.0,1.0,0.0,1.0,1.0,0.875
4903,e013e127e2126bb32,True,,,,,,,,,,1.0,1.0,1.0,1.0,1.0,1.0,1.0,1.0,0.0,0.875
4904,9ca95a29837848e74,True,,,,,,,,,,1.0,0.0,1.0,1.0,0.35729591138331795,1.0,0.0,0.0,0.0,0.0
4905,54ddae029448a073a,True,,,,,,,,,,1.0,1.0,1.0,1.0,0.9210928150844199,1.0,1.0,1.0,0.0,0.8503415047138811
4906,4f4a53796fa5bb136,True,,,,,,,,,,1.0,1.0,1.0,1.0,0.282591958992954,1.0,0.0,1.0,1.0,0.6508099871852981
4907,a2924cf3c11b98cb0,True,,,,,,,,,,1.0,1.0,1.0,1.0,0.5277274725427787,1.0,0.0,1.0,1.0,0.7274148351696184
4908,e5d97a89c908ac563,True,,,,,,,,,,0.0,1.0,1.0,1.0,1.0,0.0,0.0,1.0,0.0,0.0
4909,7036ba346c7d2824b,True,,,,,,,,,,1.0,0.0,0.5,1.0,1.0,1.0,0.0,1.0,0.0,0.0
4910,5fc5bb18513bc7d0b,True,,,,,,,,,,1.0,1.0,0.5,1.0,0.6644267714616227,1.0,0.0,1.0,1.0,0.38506668304087854
4911,90bac953ef7d525b5,True,,,,,,,,,,1.0,1.0,1.0,1.0,0.28899977347456773,1.0,1.0,1.0,0.0,0.6528124292108024
4912,17d241e8d709ddebf,True,,,,,,,,,,1.0,1.0,1.0,1.0,0.9204621927772089,1.0,0.0,1.0,1.0,0.8501444352428777
4913,ca9e9b5a18bc96373,True,,,,,,,,,,1.0,1.0,1.0,1.0,0.7480365121106572,1.0,0.0,1.0,1.0,0.7962614100345804
4914,fd7d31b9e1dfb00e7,True,,,,,,,,,,1.0,0.0,1.0,1.0,1.0,1.0,1.0,1.0,0.0,0.0
4915,687eac5f36b59550f,True,,,,,,,,,,1.0,0.0,1.0,1.0,1.0,1.0,1.0,1.0,0.0,0.0
4916,50268da879011f241,True,,,,,,,,,,0.0,0.0,0.5,1.0,1.0,0.0,0.0,1.0,0.0,0.0
4917,ccb5c099cfbfadf38,True,,,,,,,,,,1.0,0.0,1.0,1.0,1.0,1.0,1.0,1.0,0.0,0.0
4918,a1852737c84ea03fc,True,,,,,,,,,,1.0,1.0,1.0,1.0,0.34484463094363504,1.0,1.0,1.0,1.0,0.7952639471698859
4919,cc675839235bef34d,True,,,,,,,,,,1.0,1.0,1.0,1.0,0.4696682261952954,1.0,1.0,0.0,1.0,0.7092713206860298
4920,854521fa54e11652c,True,,,,,,,,,,1.0,1.0,1.0,1.0,1.0,1.0,1.0,1.0,0.0,0.875
4921,e4c493d897f14300a,True,,,,,,,,,,1.0,1.0,1.0,1.0,0.7895593332035135,1.0,1.0,1.0,0.0,0.8092372916260979
4922,1282ea8855e3dab29,True,,,,,,,,,,1.0,1.0,1.0,1.0,1.0,1.0,1.0,1.0,0.0,0.875
4923,7cd1093d133170449,True,,,,,,,,,,1.0,0.0,1.0,1.0,1.0,1.0,1.0,1.0,0.0,0.0
4924,7e909c56c1daea780,True,,,,,,,,,,1.0,1.0,1.0,1.0,0.6813254316496902,1.0,1.0,1.0,1.0,0.9004141973905282
4925,7f444b043c5b21ab4,True,,,,,,,,,,1.0,1.0,1.0,1.0,0.8337881515209143,1.0,1.0,1.0,1.0,0.9480587973502858
4926,6f4a5b483a72cf990,True,,,,,,,,,,0.0,1.0,1.0,1.0,1.0,0.0,1.0,1.0,1.0,0.0
4927,2fcce49ea42967480,True,,,,,,,,,,1.0,1.0,1.0,1.0,0.4121460897484975,1.0,1.0,1.0,0.0,0.6912956530464055
4928,9edf6075f6a55d2a5,True,,,,,,,,,,1.0,0.0,0.5,1.0,0.9486694098773499,1.0,0.0,1.0,0.0,0.0
4929,4b7a0a59fd31c7c90,True,,,,,,,,,,1.0,1.0,0.0,1.0,1.0,1.0,0.0,1.0,1.0,0.0
4930,c644c8d1984cd65ac,True,,,,,,,,,,1.0,1.0,1.0,1.0,0.6493858620828553,1.0,1.0,1.0,0.0,0.7654330819008923
4931,71c904391b4dd4412,True,,,,,,,,,,1.0,1.0,1.0,1.0,0.6222807670113457,1.0,1.0,1.0,1.0,0.8819627396910455
4932,f38027c813030f619,True,,,,,,,,,,1.0,1.0,1.0,1.0,0.985309300724372,1.0,1.0,1.0,0.0,0.8704091564763663
4933,b7b2aa82af5f10496,True,,,,,,,,,,1.0,1.0,1.0,1.0,0.41148048022181677,1.0,0.0,1.0,1.0,0.6910876500693177
4934,ba2d0c2b1a0d13a74,True,,,,,,,,,,1.0,0.0,0.0,1.0,1.0,1.0,0.0,1.0,0.0,0.0
4935,ce6402fbad2038696,True,,,,,,,,,,1.0,0.0,0.5,1.0,1.0,1.0,0.0,0.0,0.0,0.0
4936,e1f0dcd38a9ec2523,True,,,,,,,,,,1.0,1.0,0.0,1.0,1.0,0.0,0.0,1.0,0.0,0.0
4937,11c4a9e4096f68947,True,,,,,,,,,,1.0,0.0,1.0,1.0,0.6702128963341651,1.0,1.0,1.0,1.0,0.0
4938,9aaa6dbe1c4b11d07,True,,,,,,,,,,1.0,1.0,1.0,1.0,0.8446620299422386,1.0,0.0,1.0,0.0,0.7014568843569495
4939,fa8f611f3da2dce93,True,,,,,,,,,,1.0,0.0,1.0,1.0,1.0,0.0,1.0,1.0,0.0,0.0
4940,c3ae26874d15feb7d,True,,,,,,,,,,1.0,1.0,1.0,1.0,0.9865929181491389,1.0,0.0,1.0,0.0,0.7458102869216059
4941,8e2e4ad26edbb4e08,True,,,,,,,,,,1.0,1.0,1.0,1.0,0.4422416332273936,1.0,1.0,1.0,1.0,0.8257005103835605
4942,fb487048e0748febd,True,,,,,,,,,,1.0,1.0,1.0,1.0,0.7077062156831266,1.0,0.0,1.0,0.0,0.6586581924009771
4943,ec57bab7a9c75c4d0,True,,,,,,,,,,1.0,1.0,0.0,1.0,1.0,1.0,0.0,1.0,0.0,0.0
4944,821ded6741a70217e,True,,,,,,,,,,1.0,1.0,1.0,1.0,0.7782325172138073,1.0,1.0,1.0,1.0,0.9306976616293148
4945,297ba1c65109e01ba,True,,,,,,,,,,1.0,1.0,1.0,1.0,0.6968565277275354,1.0,1.0,0.0,0.0,0.6552676649148548
4946,a1ff65c462fb19548,True,,,,,,,,,,1.0,1.0,0.5,1.0,0.9952096858144928,1.0,1.0,1.0,1.0,0.4992515134085145
4947,517aaa2753027db17,True,,,,,,,,,,1.0,1.0,1.0,1.0,0.4753088774036079,1.0,0.0,1.0,0.0,0.5860340241886275
4948,0e14703cf05b5dfd9,True,,,,,,,,,,1.0,0.0,0.0,1.0,0.7422474106643786,1.0,0.0,1.0,1.0,0.0
4949,92eaa01aaa1cb995e,True,,,,,,,,,,1.0,1.0,1.0,1.0,0.42581331747905615,1.0,1.0,1.0,1.0,0.820566661712205
4950,014d40ca62123c161,True,,,,,,,,,,1.0,0.0,1.0,1.0,1.0,1.0,1.0,1.0,0.0,0.0
4951,35cc09d55a37ee702,True,,,,,,,,,,1.0,1.0,1.0,1.0,0.34770626361884654,1.0,1.0,1.0,1.0,0.7961582073808895
4952,ca2b49197179c41ac,True,,,,,,,,,,1.0,0.0,1.0,1.0,1.0,1.0,1.0,1.0,0.0,0.0
4953,5139fde7658566f8c,True,,,,,,,,,,0.0,1.0,0.5,1.0,1.0,1.0,0.0,1.0,0.0,0.0
4954,de42e07d2e34faed5,True,,,,,,,,,,1.0,1.0,1.0,1.0,0.4486059583108319,1.0,0.0,1.0,1.0,0.7026893619721349
4955,8108a6fe2b34f4118,True,,,,,,,,,,1.0,1.0,1.0,1.0,0.8757054313594783,1.0,1.0,1.0,1.0,0.961157947299837
4956,38e9599c6c91e204f,True,,,,,,,,,,1.0,1.0,0.5,1.0,1.0,1.0,0.0,1.0,0.0,0.375
4957,3e56a32b74b50d827,True,,,,,,,,,,1.0,1.0,1.0,1.0,0.8339792953947315,1.0,1.0,1.0,1.0,0.9481185298108536
4958,2cc556c9db9fd5088,True,,,,,,,,,,0.0,1.0,1.0,1.0,1.0,0.0,1.0,1.0,1.0,0.0
4959,19c21fee65a87c2d8,True,,,,,,,,,,1.0,0.0,1.0,1.0,0.46908482118861816,1.0,0.0,1.0,1.0,0.0
4960,a0ab616e5270b617a,True,,,,,,,,,,1.0,1.0,1.0,1.0,0.86123802147638,1.0,0.0,1.0,1.0,0.8316368817113687
4961,024776041efb70cd4,True,,,,,,,,,,0.0,1.0,0.0,1.0,0.8066515391747374,0.0,0.0,1.0,1.0,0.0
4962,fe124f930c37d2d0e,True,,,,,,,,,,1.0,1.0,1.0,1.0,0.8850998349281468,0.0,1.0,0.0,0.0,0.4015936984150459
4963,bb46fbd459543e9c1,True,,,,,,,,,,1.0,0.0,1.0,1.0,0.9386606354981829,1.0,1.0,1.0,1.0,0.0
4964,1f7d87b846306d4ed,True,,,,,,,,,,1.0,1.0,1.0,1.0,1.0,1.0,0.0,1.0,1.0,0.875
4965,754d33f5c0419048c,True,,,,,,,,,,1.0,1.0,0.5,1.0,0.8423443749517541,1.0,1.0,1.0,0.0,0.41286630858621154
4966,dda43e7963e96149d,True,,,,,,,,,,1.0,1.0,1.0,1.0,0.3445954891352945,1.0,1.0,1.0,1.0,0.7951860903547795
4967,20bf71807ad99d0aa,True,,,,,,,,,,0.0,1.0,1.0,1.0,1.0,0.0,1.0,1.0,1.0,0.0
4968,270e95b1d769b87a0,True,,,,,,,,,,0.0,0.0,0.5,1.0,1.0,0.0,0.0,1.0,0.0,0.0
4969,f216b9731d3c1f375,True,,,,,,,,,,1.0,0.0,0.0,1.0,1.0,1.0,1.0,1.0,0.0,0.0
4970,a1ec47d4c6a4ac611,True,,,,,,,,,,0.0,0.0,0.0,1.0,1.0,0.0,0.0,1.0,0.0,0.0
4971,c8bce5ae9777b5139,True,,,,,,,,,,1.0,1.0,1.0,1.0,0.5970364980957881,1.0,1.0,1.0,1.0,0.8740739056549338
4972,781cb5a7c59f1d728,True,,,,,,,,,,1.0,0.0,0.5,1.0,1.0,1.0,0.0,1.0,0.0,0.0
4973,a0663290a63074719,True,,,,,,,,,,1.0,1.0,1.0,1.0,0.8984234535111849,1.0,0.0,1.0,0.0,0.7182573292222453
4974,c3ded6e25641b2068,True,,,,,,,,,,1.0,1.0,1.0,1.0,1.0,1.0,1.0,1.0,0.0,0.875
4975,2653246a8dbdf690b,True,,,,,,,,,,1.0,1.0,1.0,1.0,0.5523647945631297,1.0,0.0,1.0,1.0,0.735113998300978
4976,0ba7e570a3d546654,True,,,,,,,,,,1.0,1.0,1.0,1.0,0.7816138372414567,1.0,0.0,1.0,1.0,0.8067543241379552
4977,3c71818855c39904e,True,,,,,,,,,,1.0,1.0,1.0,1.0,1.0,1.0,0.0,1.0,1.0,0.875
4978,2e822d476fd14739c,True,,,,,,,,,,1.0,1.0,1.0,1.0,0.7260583274072784,1.0,1.0,1.0,1.0,0.9143932273147745
4979,1a873a18080ef431b,True,,,,,,,,,,0.0,1.0,1.0,1.0,1.0,0.0,1.0,1.0,1.0,0.0
4980,8da51d4b0fa17ee9a,True,,,,,,,,,,1.0,1.0,1.0,1.0,0.8555179013427117,1.0,0.0,1.0,1.0,0.8298493441695973
4981,cd294e9205c77defd,True,,,,,,,,,,1.0,1.0,1.0,1.0,0.6107155831869592,1.0,0.0,1.0,1.0,0.7533486197459247
4982,8eddcff969b67fe18,True,,,,,,,,,,1.0,1.0,1.0,1.0,0.2850225994140507,1.0,1.0,1.0,1.0,0.7765695623168909
4983,7caf8d7d76cd0a120,True,,,,,,,,,,0.0,1.0,1.0,1.0,1.0,0.0,1.0,1.0,0.0,0.0
4984,07a36d3f2100bc352,True,,,,,,,,,,1.0,1.0,1.0,1.0,1.0,1.0,0.0,1.0,0.0,0.75
4985,e536d36c3e7306e47,True,,,,,,,,,,0.0,1.0,1.0,1.0,1.0,0.0,0.0,1.0,0.0,0.0
4986,0d61761d225f31579,True,,,,,,,,,,1.0,1.0,1.0,1.0,1.0,1.0,0.0,1.0,1.0,0.875
4987,6d4dbc1af5fc2435b,True,,,,,,,,,,0.0,1.0,1.0,1.0,0.8641423850185732,0.0,1.0,1.0,0.0,0.0
4988,8f22304866f36485f,True,,,,,,,,,,1.0,1.0,0.5,1.0,0.6559112025377202,1.0,0.0,1.0,0.0,0.3212361253965188
4989,9acdea8bbc8a06caa,True,,,,,,,,,,1.0,1.0,1.0,1.0,0.24319201855816336,1.0,1.0,1.0,1.0,0.763497505799426
4990,9fb29e611c9f4f0e2,True,,,,,,,,,,1.0,1.0,0.0,1.0,0.8903631075903062,1.0,0.0,0.0,0.0,0.0
4991,975923741f66dd57f,True,,,,,,,,,,1.0,1.0,1.0,1.0,0.6273438559690521,1.0,1.0,1.0,0.0,0.7585449549903287
4992,5e9774a9c27631bee,True,,,,,,,,,,1.0,0.0,1.0,1.0,1.0,1.0,1.0,1.0,1.0,0.0
4993,8e3348c3a2dfabeab,True,,,,,,,,,,1.0,0.0,0.5,1.0,0.8083217425680941,1.0,1.0,1.0,1.0,0.0
4994,6eed4a0dccbd058f7,True,,,,,,,,,,1.0,0.0,1.0,1.0,0.6338607311781109,1.0,0.0,1.0,0.0,0.0
4995,49f60cc575589f36c,True,,,,,,,,,,1.0,1.0,0.0,1.0,0.9454093468009993,1.0,0.0,1.0,1.0,0.0
4996,e1d4af242fe8773fa,True,,,,,,,,,,0.0,0.0,1.0,1.0,1.0,0.0,0.0,0.0,0.0,0.0
4997,7ad621cdbc4494e0d,True,,,,,,,,,,1.0,1.0,0.5,1.0,0.6320591424601335,1.0,0.0,1.0,1.0,0.38000924100939587
4998,0e655768a5fd9c8ad,True,,,,,,,,,,0.0,1.0,0.5,1.0,1.0,0.0,0.0,1.0,0.0,0.0
4999,5dd439bda5bf2a988,True,,,,,,,,,,1.0,1.0,1.0,1.0,0.475134598627667,1.0,1.0,1.0,1.0,0.8359795620711459
5000,b1c7cedccc066a77d,True,,,,,,,,,,1.0,1.0,1.0,1.0,0.3368696172497626,1.0,0.0,1.0,0.0,0.5427717553905508
5001,9751b7e09b5514dd3,True,,,,,,,,,,0.0,1.0,1.0,1.0,1.0,0.0,1.0,1.0,1.0,0.0
5002,4447196f3f8f1a9e5,True,,,,,,,,,,0.5,0.0,0.0,1.0,1.0,0.0,1.0,1.0,0.0,0.0
5003,d92b3534c888c4bbb,True,,,,,,,,,,0.0,0.0,0.5,1.0,1.0,0.0,0.0,0.0,0.0,0.0
5004,cea842f2d5b0ad72d,True,,,,,,,,,,1.0,1.0,1.0,1.0,0.3216563346771786,1.0,1.0,1.0,1.0,0.7880176045866183
5005,0837e02dbb891dbc9,True,,,,,,,,,,1.0,1.0,1.0,1.0,0.7573034678174234,1.0,0.0,1.0,1.0,0.7991573336929448
5006,b4ad9997db888e2b4,True,,,,,,,,,,1.0,1.0,1.0,1.0,1.0,1.0,0.0,1.0,0.0,0.75
5007,e1e6ccb3f67db2d88,True,,,,,,,,,,1.0,1.0,0.0,1.0,0.8862984050394406,1.0,0.0,1.0,1.0,0.0
5008,d784680050236fe52,True,,,,,,,,,,1.0,1.0,1.0,1.0,0.8917042064953974,1.0,0.0,1.0,0.0,0.7161575645298117
5009,21ef36d866be6b411,True,,,,,,,,,,1.0,1.0,1.0,1.0,1.0,1.0,0.0,1.0,1.0,0.875
5010,1c973ecab8156df90,True,,,,,,,,,,1.0,1.0,1.0,1.0,1.0,1.0,0.0,1.0,1.0,0.875
5011,f423e66e3506af742,True,,,,,,,,,,1.0,1.0,1.0,1.0,0.7379856351379486,1.0,0.0,1.0,0.0,0.668120510980609
5012,09abf15b5898e308b,True,,,,,,,,,,1.0,0.0,0.0,1.0,1.0,1.0,0.0,1.0,0.0,0.0
5013,b7f6a370ec46c9fef,True,,,,,,,,,,1.0,1.0,1.0,1.0,0.34829887636251317,1.0,1.0,1.0,1.0,0.7963433988632853
5014,b22a9c0ef981d4004,True,,,,,,,,,,1.0,1.0,1.0,1.0,0.4965312250169756,1.0,1.0,1.0,0.0,0.7176660078178049
5015,161ae204e36c7312b,True,,,,,,,,,,1.0,0.0,1.0,1.0,0.37255386507723764,1.0,0.0,1.0,0.0,0.0
5016,9de9e57115e5b4d5b,True,,,,,,,,,,1.0,1.0,1.0,1.0,0.6871778533416738,1.0,0.0,1.0,0.0,0.652243079169273
5017,0f61f35dda061336d,True,,,,,,,,,,1.0,1.0,0.0,1.0,1.0,1.0,0.0,1.0,1.0,0.0
5018,0179e3078c6c79cd3,True,,,,,,,,,,1.0,1.0,1.0,1.0,0.46618454061010395,1.0,0.0,1.0,0.0,0.5831826689406575
5019,686930fbb99ca475c,True,,,,,,,,,,1.0,1.0,1.0,1.0,0.10736577654581259,1.0,0.0,1.0,1.0,0.5960518051705664
5020,0947aa4445fd336d1,True,,,,,,,,,,0.0,1.0,1.0,1.0,1.0,0.0,1.0,1.0,0.0,0.0
5021,4762ced79d548ee7c,True,,,,,,,,,,1.0,1.0,0.0,1.0,0.9200012902647977,1.0,0.0,1.0,1.0,0.0
5022,11e2abc76462d36f9,True,,,,,,,,,,1.0,1.0,1.0,1.0,0.0,1.0,0.0,1.0,1.0,0.5625
5023,eef5eabe1b1b7f149,True,,,,,,,,,,1.0,1.0,1.0,1.0,1.0,1.0,1.0,1.0,1.0,1.0
5024,3f8f80892c70b7c5f,True,,,,,,,,,,1.0,0.0,1.0,1.0,1.0,1.0,1.0,1.0,0.0,0.0
5025,595a7bb76f59c677e,True,,,,,,,,,,1.0,0.0,1.0,1.0,0.29299441576890556,1.0,1.0,1.0,0.0,0.0
5026,00e5457ca561abfbb,True,,,,,,,,,,1.0,1.0,1.0,1.0,0.466146219526819,1.0,1.0,1.0,0.0,0.7081706936021309
5027,7f866f8c8d00bd3d1,True,,,,,,,,,,1.0,1.0,1.0,1.0,0.9457368336600744,1.0,0.0,1.0,0.0,0.7330427605187733
5028,80d431e91d34320c9,True,,,,,,,,,,1.0,1.0,1.0,1.0,0.6322598776494499,1.0,0.0,1.0,1.0,0.7600812117654531
5029,8c918377b8ed3a5b1,True,,,,,,,,,,1.0,1.0,1.0,1.0,0.9533607068497991,1.0,0.0,1.0,0.0,0.7354252208905623
5030,bfa4c1bdc4387e96e,True,,,,,,,,,,1.0,1.0,1.0,1.0,0.7954925464855553,1.0,0.0,1.0,1.0,0.811091420776736
5031,c99c412737b15dcce,True,,,,,,,,,,0.0,1.0,1.0,0.0,1.0,0.0,0.0,1.0,0.0,0.0
5032,d1a972f7af648078b,True,,,,,,,,,,1.0,1.0,1.0,1.0,0.46180816289679505,1.0,1.0,1.0,1.0,0.8318150509052484
5033,e2c6d877481b28f7e,True,,,,,,,,,,0.0,1.0,1.0,1.0,1.0,0.0,0.0,1.0,1.0,0.0
5034,96e56db3408ebe51e,True,,,,,,,,,,0.0,1.0,1.0,1.0,1.0,0.0,0.0,1.0,0.0,0.0
5035,d17adfd1c40c90f05,True,,,,,,,,,,0.0,1.0,1.0,1.0,1.0,0.0,0.0,1.0,0.0,0.0
5036,fcba11bedf38fce20,True,,,,,,,,,,1.0,1.0,1.0,1.0,0.5647463259289337,1.0,1.0,1.0,0.0,0.7389832268527918
5037,54474c2dd7ecfcc29,True,,,,,,,,,,1.0,0.0,1.0,1.0,1.0,1.0,1.0,1.0,1.0,0.0
5038,67580f8a1bb721dcf,True,,,,,,,,,,1.0,1.0,1.0,1.0,0.5568820807202159,1.0,1.0,1.0,1.0,0.8615256502250674
5039,33acea7dafc3e280a,True,,,,,,,,,,1.0,1.0,1.0,1.0,1.0,1.0,0.0,1.0,1.0,0.875
5040,ffa71fc1b5b55f4ea,True,,,,,,,,,,1.0,1.0,1.0,1.0,0.75906803555783,1.0,1.0,1.0,0.0,0.7997087611118219
5041,2ba1cba17d48212d7,True,,,,,,,,,,0.5,1.0,1.0,1.0,1.0,0.0,1.0,1.0,1.0,0.34375
5042,7ff35ca5444967bbf,True,,,,,,,,,,1.0,1.0,1.0,1.0,0.494371881802624,1.0,0.0,1.0,1.0,0.71699121306332
5043,af40e0723b46e7fed,True,,,,,,,,,,0.0,0.0,1.0,1.0,0.25893971636116,0.0,0.0,1.0,0.0,0.0
5044,5b32d8e1dbbbd670a,True,,,,,,,,,,1.0,1.0,0.0,1.0,1.0,1.0,0.0,1.0,1.0,0.0
5045,51cb45da3827bd0fb,True,,,,,,,,,,1.0,1.0,1.0,1.0,0.47081397462172553,1.0,1.0,1.0,0.0,0.7096293670692893
5046,b7b75d4d1f9b05cac,True,,,,,,,,,,1.0,1.0,1.0,1.0,0.666957338819182,1.0,0.0,1.0,1.0,0.7709241683809944
5047,94f8422c63c8418c0,True,,,,,,,,,,1.0,1.0,1.0,1.0,0.9520174348233283,1.0,0.0,1.0,1.0,0.8600054483822901
5048,618e08d8da0ee9129,True,,,,,,,,,,0.0,0.0,1.0,1.0,1.0,0.0,1.0,1.0,1.0,0.0
5049,159be5a151baf8f5b,True,,,,,,,,,,1.0,0.0,0.5,1.0,1.0,1.0,0.0,1.0,0.0,0.0
5050,35fc09471c163fd84,True,,,,,,,,,,1.0,1.0,1.0,1.0,0.5162427484570761,1.0,1.0,1.0,1.0,0.8488258588928362
5051,59837e4159b9ac2a4,True,,,,,,,,,,1.0,1.0,1.0,1.0,0.587402169843774,1.0,0.0,1.0,1.0,0.7460631780761794
5052,d48e40aefebe5e31f,True,,,,,,,,,,1.0,0.0,0.0,1.0,1.0,1.0,1.0,1.0,0.0,0.0
5053,75c698c901137829c,True,,,,,,,,,,1.0,1.0,1.0,1.0,0.5175907211923243,0.0,1.0,1.0,1.0,0.5367471003726013
5054,58a779e8d452e3877,True,,,,,,,,,,0.0,1.0,1.0,1.0,1.0,0.0,1.0,1.0,0.0,0.0
5055,04fdae6a66181ea6f,True,,,,,,,,,,1.0,0.0,1.0,1.0,1.0,1.0,0.0,1.0,1.0,0.0
5056,6ac3abb0e9eb26113,True,,,,,,,,,,1.0,1.0,1.0,1.0,0.9168575304296988,1.0,0.0,1.0,0.0,0.7240179782592808
5057,f6817999b4946e35c,True,,,,,,,,,,1.0,0.0,1.0,1.0,1.0,1.0,1.0,1.0,0.0,0.0
5058,bd7729f8ddc18f827,True,,,,,,,,,,1.0,1.0,1.0,1.0,0.8859847826743736,1.0,0.0,1.0,1.0,0.8393702445857418
5059,4578349a623642d00,True,,,,,,,,,,1.0,1.0,1.0,1.0,0.8168391136541141,1.0,1.0,1.0,0.0,0.8177622230169106
5060,558678d3b68828f3a,True,,,,,,,,,,1.0,0.0,0.0,1.0,1.0,1.0,0.0,1.0,1.0,0.0
5061,0ba1b091bdfec6628,True,,,,,,,,,,1.0,1.0,1.0,1.0,1.0,1.0,0.0,1.0,0.0,0.75
5062,6c19dab64235f6915,True,,,,,,,,,,1.0,0.0,1.0,1.0,0.422809859376327,1.0,1.0,1.0,0.0,0.0
5063,a0c6dbfad5c2cef6e,True,,,,,,,,,,1.0,1.0,0.5,1.0,1.0,1.0,0.0,1.0,0.0,0.375
5064,55e61bb960bd1bfcd,True,,,,,,,,,,1.0,1.0,1.0,1.0,0.6460416081995367,0.0,0.0,1.0,1.0,0.45188800256235523
5065,2e5a54d80147f955d,True,,,,,,,,,,1.0,0.0,1.0,1.0,0.5267613564694565,1.0,0.0,1.0,0.0,0.0
5066,7447fa48c5294d130,True,,,,,,,,,,1.0,0.0,1.0,1.0,1.0,1.0,0.0,1.0,0.0,0.0
5067,055b2b04eb387aadb,True,,,,,,,,,,1.0,0.0,1.0,1.0,1.0,1.0,1.0,1.0,0.0,0.0
5068,b74af0790b5550372,True,,,,,,,,,,1.0,1.0,1.0,1.0,0.45347140874899455,1.0,0.0,1.0,1.0,0.7042098152340608
5069,6a18b0260de73481a,True,,,,,,,,,,1.0,0.0,1.0,1.0,1.0,1.0,0.0,1.0,0.0,0.0
5070,3f68c9f1e2821def0,True,,,,,,,,,,1.0,1.0,1.0,1.0,0.9025063035467756,1.0,1.0,1.0,1.0,0.9695332198583674
5071,9c9df3f60654177e5,True,,,,,,,,,,1.0,0.0,1.0,1.0,0.4732368968095529,1.0,1.0,1.0,0.0,0.0
5072,f21a1d0c82db2ce84,True,,,,,,,,,,1.0,1.0,0.5,1.0,0.6892565585801695,1.0,0.0,1.0,1.0,0.3889463372781515
5073,8b017e76640de2142,True,,,,,,,,,,1.0,1.0,1.0,1.0,1.0,1.0,1.0,1.0,0.0,0.875
5074,51539f7b502dc9ffd,True,,,,,,,,,,1.0,1.0,1.0,1.0,1.0,1.0,1.0,1.0,0.0,0.875
5075,61ea80d6d5820ce2a,True,,,,,,,,,,1.0,1.0,1.0,1.0,1.0,1.0,0.0,1.0,0.0,0.75
5076,8cf5c8b605a2a4959,True,,,,,,,,,,1.0,1.0,1.0,1.0,0.18071081449951806,1.0,0.0,1.0,1.0,0.6189721295310994
5077,55810b94ebcc0aaa3,True,,,,,,,,,,1.0,1.0,1.0,1.0,1.0,1.0,0.0,1.0,0.0,0.75
5078,63c41e35465456dc7,True,,,,,,,,,,1.0,0.0,0.0,1.0,1.0,1.0,0.0,1.0,1.0,0.0
5079,1e733017715140218,True,,,,,,,,,,1.0,1.0,1.0,1.0,0.46488966800009535,1.0,1.0,1.0,0.0,0.7077780212500298
5080,b8f175630a8fe6f7c,True,,,,,,,,,,1.0,1.0,1.0,1.0,0.4518122459397965,1.0,0.0,1.0,1.0,0.7036913268561864
5081,1be8c9376ad3e1e99,True,,,,,,,,,,1.0,0.0,1.0,1.0,1.0,1.0,0.0,1.0,0.0,0.0
5082,a810d97362a0219ed,True,,,,,,,,,,1.0,1.0,1.0,1.0,0.787370274036435,1.0,1.0,1.0,0.0,0.808553210636386
5083,6949e44c974752c39,True,,,,,,,,,,1.0,1.0,1.0,1.0,0.5304559198841676,1.0,1.0,1.0,0.0,0.7282674749638024
5084,bab53404d010ca7f6,True,,,,,,,,,,1.0,1.0,0.0,1.0,0.8497718555090593,1.0,0.0,1.0,1.0,0.0
5085,ff77cf6e6c1e73c86,True,,,,,,,,,,1.0,1.0,1.0,1.0,0.7196612720520591,1.0,0.0,1.0,1.0,0.7873941475162685
5086,79fb2b729214ceac0,True,,,,,,,,,,0.0,1.0,0.0,1.0,0.7924587586651765,0.0,0.0,1.0,1.0,0.0
5087,361596ff7ead113e3,True,,,,,,,,,,0.5,1.0,1.0,1.0,0.9758444502798682,0.0,1.0,1.0,0.0,0.2774756953562294
5088,bd51b4ed9e85eff41,True,,,,,,,,,,1.0,1.0,1.0,1.0,0.9045474598535602,1.0,0.0,1.0,1.0,0.8451710812042376
5089,913e360242a39e667,True,,,,,,,,,,1.0,1.0,1.0,1.0,0.43616106863205445,1.0,1.0,1.0,1.0,0.8238003339475171
5090,f24caea64b35ec9e9,True,,,,,,,,,,1.0,1.0,1.0,1.0,0.8205428394535993,1.0,1.0,1.0,1.0,0.9439196373292498
5091,145a730c9e1e596f5,True,,,,,,,,,,1.0,1.0,1.0,1.0,1.0,1.0,1.0,1.0,0.0,0.875
5092,31944303cafb772a3,True,,,,,,,,,,0.0,1.0,1.0,1.0,1.0,0.0,1.0,1.0,0.0,0.0
5093,7e931dfbe8e295f21,True,,,,,,,,,,1.0,1.0,1.0,1.0,0.7598915268161557,1.0,1.0,1.0,1.0,0.9249661021300486
5094,8e24bdf2be5da6777,True,,,,,,,,,,1.0,1.0,1.0,1.0,0.6095114946879133,1.0,0.0,1.0,0.0,0.6279723420899729
5095,f66f81ffd843802cd,True,,,,,,,,,,0.0,1.0,1.0,1.0,1.0,0.0,1.0,1.0,1.0,0.0
5096,6c441b1d10cac68e5,True,,,,,,,,,,1.0,1.0,1.0,1.0,0.49064853138159115,1.0,1.0,1.0,0.0,0.7158276660567473
5097,a96a23b6f09cca0ae,True,,,,,,,,,,1.0,1.0,1.0,1.0,0.96123661241527,1.0,0.0,1.0,0.0,0.7378864413797719
5098,8fa659be9812d12ac,True,,,,,,,,,,1.0,1.0,1.0,1.0,1.0,1.0,1.0,1.0,1.0,1.0
5099,e03e2999009dbd343,True,,,,,,,,,,1.0,1.0,1.0,1.0,0.29411920326166785,1.0,0.0,1.0,1.0,0.6544122510192711
5100,f44e7838ec7d4f843,True,,,,,,,,,,0.0,1.0,1.0,1.0,1.0,0.0,0.0,1.0,1.0,0.0
5101,2c7084169dfd8a99a,True,,,,,,,,,,0.0,1.0,0.5,1.0,1.0,0.0,0.0,1.0,1.0,0.0
5102,2acdb8c02a4722af1,True,,,,,,,,,,1.0,1.0,1.0,1.0,1.0,1.0,0.0,1.0,1.0,0.875
5103,1559b4629f70930e4,True,,,,,,,,,,0.0,1.0,1.0,1.0,0.9729783647671209,0.0,1.0,1.0,0.0,0.0
5104,e70eb6c2ef34c64ec,True,,,,,,,,,,1.0,1.0,1.0,1.0,0.3704355734565843,1.0,1.0,1.0,0.0,0.6782611167051826
5105,b0dc4287fbb069fd7,True,,,,,,,,,,1.0,1.0,1.0,1.0,0.42044073064281245,1.0,0.0,1.0,1.0,0.6938877283258789
5106,4689ca7c12d8569bc,True,,,,,,,,,,1.0,0.0,1.0,1.0,0.85322541022904,1.0,1.0,1.0,0.0,0.0
5107,dea13a804cc9407af,True,,,,,,,,,,1.0,1.0,1.0,1.0,0.6669689596220927,1.0,1.0,1.0,0.0,0.770927799881904
5108,3b521ee82bdceb608,True,,,,,,,,,,1.0,1.0,1.0,1.0,1.0,1.0,1.0,1.0,1.0,1.0
5109,e84670bb458b61a5c,True,,,,,,,,,,1.0,1.0,1.0,1.0,0.969749020869072,1.0,1.0,1.0,0.0,0.865546569021585
5110,241e6bedc6fcf2de4,True,,,,,,,,,,0.0,0.0,1.0,1.0,1.0,0.0,1.0,1.0,1.0,0.0
5111,6d41dae8eb9b92cbe,True,,,,,,,,,,1.0,1.0,0.0,1.0,1.0,1.0,0.0,1.0,1.0,0.0
5112,e691defa66927f173,True,,,,,,,,,,1.0,1.0,1.0,1.0,0.4448637070074122,1.0,0.0,1.0,0.0,0.5765199084398163
5113,73f7119a7b5a0b42c,True,,,,,,,,,,1.0,1.0,1.0,1.0,0.6869819356270758,1.0,1.0,1.0,1.0,0.9021818548834611
5114,6ba2025a22f212a94,True,,,,,,,,,,0.5,0.0,1.0,1.0,0.4892395570421022,0.0,1.0,1.0,0.0,0.0
5115,b36cff254193955cf,True,,,,,,,,,,1.0,1.0,1.0,1.0,0.07067627159774795,1.0,1.0,1.0,1.0,0.7095863348742962
5116,db5fcc30f71c49f32,True,,,,,,,,,,1.0,1.0,1.0,1.0,0.6844715800286362,1.0,0.0,1.0,1.0,0.7763973687589488
5117,ecd732b7421818ec0,True,,,,,,,,,,1.0,0.0,1.0,1.0,1.0,1.0,0.0,1.0,1.0,0.0
5118,5f2803a94f9f2adba,True,,,,,,,,,,1.0,1.0,1.0,1.0,0.20371141806072787,1.0,1.0,1.0,1.0,0.7511598181439775
5119,cde1512dfd75d52a2,True,,,,,,,,,,1.0,1.0,1.0,1.0,0.46134646128553103,1.0,1.0,1.0,1.0,0.8316707691517284
5120,daf6c56e39384e309,True,,,,,,,,,,1.0,1.0,1.0,1.0,0.7235624901560217,1.0,1.0,1.0,1.0,0.9136132781737568
5121,9ef93765e3465f27d,True,,,,,,,,,,1.0,1.0,0.0,1.0,0.9589587717359136,1.0,0.0,1.0,1.0,0.0
5122,33def08f34be607b9,True,,,,,,,,,,1.0,0.0,1.0,1.0,1.0,1.0,1.0,1.0,1.0,0.0
5123,cbf6dd30a0ed348b8,True,,,,,,,,,,0.0,1.0,1.0,1.0,1.0,0.0,0.0,1.0,0.0,0.0
5124,3fa63924a53aacc9a,True,,,,,,,,,,1.0,1.0,1.0,1.0,0.4199693130873021,1.0,1.0,1.0,1.0,0.818740410339782
5125,f53ce77b754edd1f8,True,,,,,,,,,,1.0,1.0,1.0,1.0,0.5162829751146376,1.0,1.0,1.0,0.0,0.7238384297233242
5126,8c3b732ea1b87e65b,True,,,,,,,,,,1.0,1.0,1.0,1.0,0.5313775135727158,1.0,1.0,1.0,0.0,0.7285554729914737
5127,370e1eb0a4295a2bc,True,,,,,,,,,,1.0,1.0,0.0,1.0,1.0,1.0,0.0,0.0,0.0,0.0
5128,ff17ac7233820a90f,True,,,,,,,,,,1.0,1.0,1.0,1.0,1.0,1.0,0.0,1.0,1.0,0.875
5129,67c494ff455f7fac3,True,,,,,,,,,,1.0,1.0,1.0,1.0,0.6918637884911697,1.0,1.0,1.0,1.0,0.9037074339034905
5130,caa48a6115952f402,True,,,,,,,,,,1.0,0.0,0.5,1.0,1.0,1.0,0.0,1.0,0.0,0.0
5131,c1d111042e2830ff9,True,,,,,,,,,,1.0,0.0,1.0,1.0,0.44518473622958044,1.0,1.0,1.0,0.0,0.0
5132,210bdf510357465fe,True,,,,,,,,,,1.0,0.0,1.0,1.0,1.0,1.0,0.0,1.0,0.0,0.0
5133,bef08816de1b95125,True,,,,,,,,,,1.0,1.0,0.0,1.0,1.0,1.0,0.0,1.0,0.0,0.0
5134,ab0eca9405de9696c,True,,,,,,,,,,1.0,0.0,1.0,1.0,0.9072559107719441,1.0,1.0,1.0,0.0,0.0
5135,ae09f26f3f98c0e0e,True,,,,,,,,,,1.0,0.0,1.0,1.0,1.0,1.0,1.0,1.0,1.0,0.0
5136,c13c2ca0a9374dc3c,True,,,,,,,,,,1.0,1.0,1.0,1.0,0.6655519778863915,1.0,0.0,1.0,0.0,0.6454849930894974
5137,2aa8f5678f71648b6,True,,,,,,,,,,1.0,1.0,1.0,1.0,0.27023295095090094,1.0,1.0,1.0,1.0,0.7719477971721566
5138,e7e93c5b22cdc4824,True,,,,,,,,,,1.0,0.0,0.5,1.0,0.5149598088902454,1.0,0.0,1.0,0.0,0.0
5139,2cce2f9aeacb49d13,True,,,,,,,,,,1.0,1.0,1.0,1.0,0.7771288384614692,0.0,0.0,1.0,1.0,0.49285276201920913
5140,5b2b7c5762e61f6b5,True,,,,,,,,,,1.0,1.0,1.0,1.0,1.0,1.0,1.0,1.0,0.0,0.875
5141,853bdf919d41bd5e6,True,,,,,,,,,,1.0,1.0,1.0,1.0,0.48022653458694486,1.0,0.0,1.0,0.0,0.5875707920584203
5142,72596b62f23cfe8b5,True,,,,,,,,,,1.0,1.0,1.0,1.0,0.9129754561806188,1.0,1.0,1.0,0.0,0.8478048300564434
5143,631e2dc2cca2e3ec5,True,,,,,,,,,,1.0,1.0,1.0,1.0,0.47482877910533555,1.0,0.0,1.0,1.0,0.7108839934704174
5144,997532ca2ca1c8c42,True,,,,,,,,,,1.0,1.0,1.0,1.0,0.6500283246634674,1.0,1.0,1.0,0.0,0.7656338514573335
5145,bc84695ec7d4fc814,True,,,,,,,,,,0.0,1.0,1.0,1.0,1.0,0.0,1.0,0.0,0.0,0.0
5146,7d7a22329b9cef777,True,,,,,,,,,,1.0,1.0,1.0,1.0,0.790131824190897,1.0,1.0,1.0,1.0,0.9344161950596553
5147,a4bf3773c3567bbdc,True,,,,,,,,,,1.0,1.0,1.0,1.0,0.7222377061644862,1.0,0.0,1.0,1.0,0.788199283176402
5148,6dc215cf4dcd911e3,True,,,,,,,,,,1.0,1.0,1.0,1.0,0.13118575684973202,1.0,1.0,1.0,1.0,0.7284955490155413
5149,7577c592d62db033f,True,,,,,,,,,,1.0,1.0,1.0,1.0,0.705839935919244,1.0,0.0,1.0,1.0,0.7830749799747637
5150,29a8fd6439b689c2f,True,,,,,,,,,,1.0,1.0,0.5,1.0,0.8516578970715224,1.0,0.0,1.0,0.0,0.35182154641742536
5151,bc9c6d13fa066c8ed,True,,,,,,,,,,1.0,1.0,1.0,1.0,0.9432821949656688,1.0,1.0,1.0,1.0,0.9822756859267715
5152,b32be2ef15c6d9947,True,,,,,,,,,,1.0,1.0,1.0,1.0,0.8175446646154753,1.0,1.0,1.0,1.0,0.942982707692336
5153,0ea9174f9cfe31c0d,True,,,,,,,,,,1.0,1.0,1.0,1.0,0.651432498436894,1.0,1.0,1.0,1.0,0.8910726557615294
5154,44200def81a985e9f,True,,,,,,,,,,0.0,1.0,1.0,1.0,1.0,0.0,0.0,1.0,1.0,0.0
5155,576ad4ad9e64275b1,True,,,,,,,,,,1.0,0.0,1.0,1.0,0.11516716225443047,1.0,0.0,1.0,1.0,0.0
5156,bd30767ff605ef96c,True,,,,,,,,,,1.0,1.0,1.0,1.0,1.0,1.0,0.0,1.0,1.0,0.875
5157,b93890b60ea010aaa,True,,,,,,,,,,1.0,1.0,1.0,1.0,1.0,1.0,1.0,1.0,0.0,0.875
5158,129e42105cbb4c354,True,,,,,,,,,,1.0,1.0,1.0,1.0,0.14094514944144118,1.0,1.0,1.0,0.0,0.6065453592004504
5159,445dc87ec088dd46a,True,,,,,,,,,,1.0,0.0,0.5,1.0,0.9448043725020301,1.0,1.0,1.0,0.0,0.0
5160,0f705d42ea20356f6,True,,,,,,,,,,0.0,1.0,1.0,1.0,1.0,0.0,1.0,1.0,1.0,0.0
5161,c0ae3c7041a387641,True,,,,,,,,,,1.0,1.0,1.0,1.0,1.0,1.0,1.0,1.0,0.0,0.875
5162,8783df49ca89f8dd7,True,,,,,,,,,,1.0,0.0,0.0,1.0,1.0,1.0,0.0,1.0,0.0,0.0
5163,b02f376e03d453a0a,True,,,,,,,,,,0.0,1.0,1.0,1.0,1.0,0.0,1.0,1.0,1.0,0.0
5164,43510bb262d6965b6,True,,,,,,,,,,1.0,1.0,1.0,1.0,0.13726892782140446,1.0,1.0,1.0,0.0,0.605396539944189
5165,ce2108b53dc19946a,True,,,,,,,,,,1.0,1.0,1.0,1.0,0.7329442328871001,1.0,0.0,1.0,1.0,0.7915450727772188
5166,1c46609a6f85e1150,True,,,,,,,,,,1.0,1.0,1.0,1.0,0.7658410214486008,1.0,0.0,1.0,1.0,0.8018253192026877
5167,1e6601c658eba890a,True,,,,,,,,,,1.0,1.0,1.0,1.0,0.34345669431037673,1.0,1.0,1.0,1.0,0.7948302169719927
5168,2806ce33b59f03ee9,True,,,,,,,,,,1.0,1.0,1.0,1.0,0.7087002203161847,1.0,0.0,1.0,1.0,0.7839688188488078
5169,7dbe15c1329420b90,True,,,,,,,,,,1.0,0.0,1.0,1.0,1.0,1.0,0.0,1.0,1.0,0.0
5170,5f2d4a6779083a87d,True,,,,,,,,,,1.0,1.0,1.0,1.0,0.7230356507692339,1.0,1.0,1.0,1.0,0.9134486408653856
5171,56ce783224ed8bbc4,True,,,,,,,,,,1.0,1.0,1.0,1.0,0.5268869989466447,1.0,0.0,1.0,1.0,0.7271521871708264
5172,cd486e24ba631556c,True,,,,,,,,,,1.0,0.0,1.0,1.0,0.424506922085588,1.0,0.0,1.0,1.0,0.0
5173,d337b79f01dc75805,True,,,,,,,,,,1.0,1.0,0.5,1.0,0.6378597290980739,1.0,0.0,1.0,1.0,0.38091558267157405
5174,599d18ef0c8b9c894,True,,,,,,,,,,0.5,1.0,1.0,0.0,1.0,0.0,1.0,1.0,1.0,0.0
5175,db1f577b1f0df7a26,True,,,,,,,,,,1.0,0.0,1.0,1.0,1.0,1.0,1.0,1.0,0.0,0.0
5176,3048f4817a5a5e48b,True,,,,,,,,,,0.0,1.0,1.0,1.0,1.0,0.0,0.0,1.0,1.0,0.0
5177,18d79c8cb12df7f0e,True,,,,,,,,,,1.0,1.0,1.0,1.0,0.24871979980641692,1.0,0.0,0.0,0.0,0.39022493743950526
5178,e2b3b0ba92343745a,True,,,,,,,,,,1.0,1.0,1.0,1.0,1.0,1.0,1.0,1.0,1.0,1.0
5179,2c604a5718db55a9d,True,,,,,,,,,,1.0,0.0,1.0,1.0,0.7127184428657537,1.0,0.0,1.0,1.0,0.0
5180,bc91ea0c9c2963c7e,True,,,,,,,,,,1.0,1.0,1.0,1.0,0.7235624901560217,1.0,1.0,1.0,1.0,0.9136132781737568
5181,661c4fdee268dcb1e,True,,,,,,,,,,1.0,1.0,1.0,1.0,0.4021841704697642,1.0,1.0,1.0,1.0,0.8131825532718013
5182,12eccd64a8e27f82f,True,,,,,,,,,,1.0,0.0,0.0,1.0,1.0,1.0,0.0,1.0,1.0,0.0
5183,bd89af5e343d69421,True,,,,,,,,,,1.0,1.0,1.0,1.0,0.7155606888404216,1.0,0.0,1.0,1.0,0.7861127152626317
5184,a34f2a190f165bd3c,True,,,,,,,,,,1.0,1.0,1.0,1.0,0.746249895792704,1.0,1.0,1.0,0.0,0.79570309243522
5185,d8df0e75d22679cef,True,,,,,,,,,,0.0,1.0,0.0,1.0,1.0,0.0,0.0,1.0,1.0,0.0
5186,950706a6956dc566f,True,,,,,,,,,,0.0,1.0,1.0,1.0,1.0,0.0,0.0,1.0,1.0,0.0
5187,13f7d51df20a8dc66,True,,,,,,,,,,1.0,1.0,0.0,1.0,1.0,1.0,0.0,1.0,0.0,0.0
5188,3cf1a7b9d21da00c2,True,,,,,,,,,,1.0,1.0,1.0,1.0,0.44692973889983734,1.0,0.0,1.0,1.0,0.7021655434061992
5189,82dd82d413d8fdf95,True,,,,,,,,,,1.0,1.0,1.0,1.0,0.04409893088537163,1.0,1.0,1.0,1.0,0.7012809159016786
5190,d50691398e89c58dd,True,,,,,,,,,,1.0,1.0,0.5,1.0,0.6730607650293057,1.0,0.0,1.0,1.0,0.386415744535829
5191,ceb646b2fba95ebf9,True,,,,,,,,,,1.0,1.0,1.0,1.0,0.4737403855770424,1.0,0.0,1.0,1.0,0.7105438704928257
5192,fa217f69e5273bf53,True,,,,,,,,,,1.0,1.0,1.0,1.0,0.27129666861285306,1.0,1.0,1.0,1.0,0.7722802089415166
5193,a6f2bb94eb4ae6278,True,,,,,,,,,,0.0,1.0,1.0,1.0,1.0,0.0,1.0,1.0,0.0,0.0
5194,19f59045564664e53,True,,,,,,,,,,1.0,0.0,1.0,1.0,1.0,1.0,0.0,1.0,0.0,0.0
5195,4930cf1a642d2c66b,True,,,,,,,,,,1.0,1.0,1.0,1.0,1.0,1.0,1.0,1.0,0.0,0.875
5196,456c64c9a6cfefe27,True,,,,,,,,,,1.0,0.0,1.0,1.0,0.45545139065948004,1.0,0.0,1.0,0.0,0.0
5197,02bafb0e20897c0c6,True,,,,,,,,,,1.0,0.0,0.5,1.0,0.6996156503206121,1.0,1.0,1.0,1.0,0.0
5198,02b1fffab31483b6f,True,,,,,,,,,,1.0,0.0,0.5,1.0,1.0,1.0,0.0,1.0,0.0,0.0
5199,523e6115068b06a33,True,,,,,,,,,,0.5,1.0,1.0,1.0,1.0,0.0,1.0,0.0,0.0,0.21875
5200,b5ee33c961aed53c5,True,,,,,,,,,,1.0,1.0,0.0,1.0,0.7878821685286613,1.0,0.0,1.0,1.0,0.0
5201,03e533b28bfac776e,True,,,,,,,,,,1.0,1.0,0.5,1.0,1.0,1.0,1.0,1.0,1.0,0.5
5202,161046c98f6b78205,True,,,,,,,,,,0.0,1.0,0.5,1.0,1.0,0.0,0.0,1.0,0.0,0.0
5203,bf8b68552794d8026,True,,,,,,,,,,1.0,1.0,1.0,1.0,0.9179577851869565,1.0,0.0,1.0,1.0,0.849361807870924
5204,7a86797ebcf888d4d,True,,,,,,,,,,1.0,1.0,1.0,1.0,0.42714853302047057,1.0,1.0,1.0,1.0,0.820983916568897
5205,7ed807aaa179c87b1,True,,,,,,,,,,0.0,1.0,0.5,1.0,1.0,0.0,1.0,1.0,0.0,0.0
5206,f23480d4e2e5e6146,True,,,,,,,,,,1.0,1.0,1.0,1.0,1.0,1.0,1.0,1.0,1.0,1.0
5207,7928a371230bc1be6,True,,,,,,,,,,1.0,1.0,1.0,1.0,1.0,1.0,1.0,1.0,0.0,0.875
5208,f7f422a9d4e7a419f,True,,,,,,,,,,1.0,0.0,1.0,1.0,0.2161176325023065,1.0,0.0,1.0,0.0,0.0
5209,c950df7be837da65b,True,,,,,,,,,,1.0,1.0,1.0,1.0,1.0,1.0,1.0,1.0,1.0,1.0
5210,d1dbac626089838d2,True,,,,,,,,,,1.0,1.0,0.0,1.0,1.0,1.0,0.0,1.0,1.0,0.0
5211,c55fd3e0272579bda,True,,,,,,,,,,1.0,1.0,1.0,1.0,0.5862445488109891,1.0,1.0,1.0,0.0,0.7457014215034341
5212,f5c8d07f9fe6a3b4d,True,,,,,,,,,,0.0,1.0,1.0,0.0,1.0,0.0,1.0,0.0,0.0,0.0
5213,14a48836a583fe310,True,,,,,,,,,,1.0,1.0,1.0,1.0,0.4760080615622104,1.0,0.0,1.0,1.0,0.7112525192381908
5214,7964eadbdbfc7f2a6,True,,,,,,,,,,1.0,1.0,1.0,1.0,0.25532264670942734,1.0,0.0,1.0,0.0,0.517288327096696
5215,8e870ed69a2cd9267,True,,,,,,,,,,1.0,1.0,1.0,1.0,0.41864012516026455,1.0,1.0,1.0,1.0,0.8183250391125827
5216,a67f897e584962db9,True,,,,,,,,,,1.0,1.0,1.0,1.0,1.0,1.0,1.0,1.0,0.0,0.875
5217,40e319c83aab2731d,True,,,,,,,,,,1.0,1.0,1.0,1.0,1.0,1.0,0.0,1.0,0.0,0.75
5218,20120f09d1f74eb2c,True,,,,,,,,,,1.0,1.0,0.0,1.0,0.7820774225643442,1.0,0.0,1.0,1.0,0.0
5219,a173f7714495b0d29,True,,,,,,,,,,1.0,1.0,1.0,1.0,0.4530137063414187,1.0,1.0,1.0,1.0,0.8290667832316934
5220,397b093b8766274f9,True,,,,,,,,,,1.0,1.0,0.0,1.0,0.8317748338666403,1.0,0.0,1.0,1.0,0.0
5221,3b0bf9ca3855b2e20,True,,,,,,,,,,1.0,1.0,1.0,1.0,0.5035431759246524,1.0,1.0,1.0,0.0,0.7198572424764539
5222,486265f291210faed,True,,,,,,,,,,1.0,1.0,1.0,1.0,1.0,1.0,1.0,1.0,1.0,1.0
5223,9fd492f6ce88318ef,True,,,,,,,,,,1.0,1.0,1.0,1.0,0.9731772663500253,1.0,1.0,1.0,0.0,0.8666178957343829
5224,bf16a1467ed27acf5,True,,,,,,,,,,1.0,1.0,1.0,1.0,1.0,1.0,1.0,1.0,0.0,0.875
5225,8051fe3f500d43528,True,,,,,,,,,,1.0,1.0,1.0,1.0,0.8748208873373591,1.0,0.0,1.0,1.0,0.8358815272929248
5226,f0f7f3ed13da5cccf,True,,,,,,,,,,0.0,1.0,1.0,1.0,1.0,0.0,0.0,1.0,0.0,0.0
5227,2a1dc6975af402aa9,True,,,,,,,,,,1.0,1.0,1.0,1.0,0.4955809124392939,1.0,0.0,1.0,1.0,0.7173690351372793
5228,175bc910c16425e5c,True,,,,,,,,,,1.0,1.0,1.0,1.0,0.6209247313311573,1.0,1.0,1.0,0.0,0.7565389785409866
5229,552b5ed253cfd2ed4,True,,,,,,,,,,1.0,1.0,1.0,1.0,1.0,1.0,0.0,1.0,1.0,0.875
5230,e620593c6271f1028,True,,,,,,,,,,1.0,1.0,1.0,1.0,0.4716684003921462,1.0,0.0,1.0,1.0,0.7098963751225457
5231,b65f9c34340591fdf,True,,,,,,,,,,1.0,1.0,1.0,1.0,0.7591122311162088,0.0,0.0,1.0,1.0,0.48722257222381526
5232,eb6640d34db9e73af,True,,,,,,,,,,1.0,1.0,1.0,1.0,0.29986750623638636,1.0,1.0,1.0,1.0,0.7812085956988708
5233,451c8ee9a94e9524f,True,,,,,,,,,,1.0,1.0,0.0,1.0,1.0,1.0,0.0,1.0,1.0,0.0
5234,d5f2dcdb50158c20e,True,,,,,,,,,,1.0,0.0,1.0,1.0,0.22681075626482014,1.0,0.0,1.0,1.0,0.0
5235,a2578379ff901794e,True,,,,,,,,,,0.5,1.0,1.0,0.0,1.0,0.0,1.0,1.0,1.0,0.0
5236,dc91e0fc1f890f6bc,True,,,,,,,,,,1.0,0.0,1.0,1.0,0.9791730011871012,1.0,1.0,1.0,1.0,0.0
5237,7acc87fed29fbe645,True,,,,,,,,,,1.0,1.0,0.5,1.0,1.0,1.0,0.0,1.0,1.0,0.4375
5238,d1e49d53c8a87357c,True,,,,,,,,,,1.0,0.0,0.5,1.0,1.0,1.0,0.0,1.0,0.0,0.0
5239,a4e64fbb3636ad2e6,True,,,,,,,,,,1.0,1.0,1.0,1.0,0.8695125450275721,1.0,0.0,1.0,1.0,0.8342226703211163
5240,7fc94bcc4790ac58b,True,,,,,,,,,,1.0,0.0,1.0,1.0,0.7682997960273784,1.0,0.0,1.0,0.0,0.0
5241,f7e01b97b6868da57,True,,,,,,,,,,1.0,1.0,1.0,1.0,0.9089514799366036,1.0,0.0,1.0,1.0,0.8465473374801886
5242,514d7497a9ead95b4,True,,,,,,,,,,0.0,1.0,1.0,1.0,0.3280608625998632,0.0,1.0,1.0,1.0,0.0
5243,939c99b6da1e786f5,True,,,,,,,,,,1.0,1.0,1.0,1.0,0.9947026248907319,1.0,0.0,1.0,1.0,0.8733445702783538
5244,d02247bc43841f48b,True,,,,,,,,,,1.0,1.0,1.0,1.0,0.2969435163247472,1.0,0.0,1.0,0.0,0.5302948488514835
5245,061d3699e77f9817a,True,,,,,,,,,,1.0,1.0,1.0,1.0,0.7686628886693988,1.0,1.0,1.0,0.0,0.8027071527091871
5246,2f12a482af4499e20,True,,,,,,,,,,1.0,1.0,1.0,1.0,0.3672149890849864,1.0,1.0,1.0,1.0,0.8022546840890583
5247,91927b9cf7456c200,True,,,,,,,,,,1.0,0.0,1.0,1.0,0.9248821888306868,1.0,1.0,1.0,1.0,0.0
5248,2328dbb272ccbb947,True,,,,,,,,,,1.0,1.0,1.0,1.0,0.9088557061877248,1.0,0.0,1.0,1.0,0.8465174081836639
5249,6a39e3072cc5a4e56,True,,,,,,,,,,1.0,1.0,0.5,1.0,0.8235944116858512,1.0,1.0,1.0,1.0,0.47243662682591425
5250,c0d579f499c38fe45,True,,,,,,,,,,1.0,1.0,1.0,1.0,0.8234691059169711,1.0,0.0,1.0,1.0,0.8198340955990535
5251,52beeecb68d3427e9,True,,,,,,,,,,1.0,1.0,1.0,1.0,0.8064620814495989,1.0,1.0,1.0,0.0,0.8145194004529996
5252,25c21cb66208cb6c6,True,,,,,,,,,,1.0,0.0,1.0,1.0,1.0,1.0,0.0,1.0,1.0,0.0
5253,2301f91f3f804faa5,True,,,,,,,,,,1.0,0.0,1.0,1.0,0.552035689695947,1.0,1.0,1.0,1.0,0.0
5254,4aa0d20a71cc4b60d,True,,,,,,,,,,1.0,1.0,1.0,1.0,0.798391770477278,1.0,0.0,1.0,0.0,0.6869974282741493
5255,8a5a158e9d0cf7649,True,,,,,,,,,,0.0,1.0,0.5,1.0,1.0,0.0,1.0,1.0,0.0,0.0
5256,e6ece8d2d8cf12a8c,True,,,,,,,,,,1.0,1.0,1.0,1.0,0.6017355097504198,1.0,1.0,1.0,1.0,0.8755423467970062
5257,2114731f5f6cae12c,True,,,,,,,,,,1.0,1.0,1.0,1.0,0.43113393337832345,1.0,0.0,1.0,1.0,0.6972293541807261
5258,d6ae7a1180d77eafb,True,,,,,,,,,,1.0,1.0,1.0,1.0,0.4906124165114017,1.0,1.0,1.0,1.0,0.840816380159813
5259,51468624f84655cc2,True,,,,,,,,,,1.0,1.0,1.0,1.0,0.8571865132432991,1.0,1.0,1.0,0.0,0.8303707853885309
5260,bdc5b1c53a1749c9d,True,,,,,,,,,,1.0,0.0,0.0,1.0,1.0,1.0,0.0,1.0,0.0,0.0
5261,f9b640894b4a02a02,True,,,,,,,,,,1.0,1.0,0.0,1.0,1.0,1.0,0.0,1.0,1.0,0.0
5262,90b96d597a7a1dd74,True,,,,,,,,,,1.0,1.0,1.0,1.0,0.8959472571424159,1.0,1.0,1.0,1.0,0.9674835178570049
5263,da2e81331b0e59b3e,True,,,,,,,,,,1.0,1.0,1.0,1.0,1.0,1.0,0.0,1.0,1.0,0.875
5264,12f4928a69547a0bf,True,,,,,,,,,,1.0,0.0,1.0,1.0,1.0,1.0,1.0,1.0,0.0,0.0
5265,93a1ac4a9b8b32451,True,,,,,,,,,,1.0,0.0,0.5,1.0,0.8508643906174741,1.0,0.0,1.0,0.0,0.0
5266,9686cdc1f5f01d68e,True,,,,,,,,,,1.0,1.0,1.0,1.0,0.9761835984014293,1.0,1.0,1.0,1.0,0.9925573745004467
5267,6e6153a1da30b26bd,True,,,,,,,,,,1.0,1.0,1.0,1.0,0.1498680599074528,1.0,1.0,1.0,1.0,0.734333768721079
5268,5154115e543f3aa9a,True,,,,,,,,,,1.0,0.0,1.0,1.0,0.5155234515002214,1.0,1.0,1.0,1.0,0.0
5269,991eb7f9b9b5d6f2f,True,,,,,,,,,,1.0,1.0,1.0,1.0,1.0,1.0,0.0,1.0,1.0,0.875
5270,3428d82c17d7e5501,True,,,,,,,,,,0.5,0.0,1.0,1.0,1.0,0.0,1.0,1.0,1.0,0.0
5271,fe2856fd4df6ee473,True,,,,,,,,,,1.0,1.0,1.0,1.0,0.8243492012899905,1.0,0.0,1.0,1.0,0.8201091254031221
5272,5d16842470d67d7aa,True,,,,,,,,,,1.0,0.0,1.0,1.0,1.0,1.0,1.0,1.0,0.0,0.0
5273,3d7cd2f667f2292d5,True,,,,,,,,,,1.0,0.0,1.0,1.0,1.0,1.0,0.0,1.0,0.0,0.0
5274,eddb07c8294cf8efd,True,,,,,,,,,,1.0,1.0,1.0,1.0,1.0,1.0,1.0,1.0,1.0,1.0
5275,23d3fdeb556df092e,True,,,,,,,,,,1.0,1.0,1.0,1.0,0.7520620533370255,1.0,1.0,1.0,1.0,0.9225193916678205
5276,fc9d3ef48d94c0485,True,,,,,,,,,,1.0,1.0,1.0,1.0,0.25106584247345964,1.0,0.0,1.0,0.0,0.5159580757729562
5277,d039fdc59dc6803bb,True,,,,,,,,,,1.0,0.0,1.0,1.0,0.5158958803423457,1.0,1.0,1.0,0.0,0.0
5278,f67482126c7b323a5,True,,,,,,,,,,1.0,1.0,1.0,1.0,0.7815865989178169,1.0,0.0,1.0,1.0,0.8067458121618178
5279,b9ec6c1f605a620f0,True,,,,,,,,,,1.0,1.0,1.0,1.0,0.8885441038937212,1.0,0.0,1.0,1.0,0.8401700324667879
5280,cd454286dc0a75391,True,,,,,,,,,,1.0,1.0,1.0,1.0,1.0,1.0,1.0,1.0,0.0,0.875
5281,14123368ec92cefb0,True,,,,,,,,,,1.0,0.0,1.0,1.0,0.8255469579484418,1.0,0.0,1.0,0.0,0.0
5282,850d4a79f659a9740,True,,,,,,,,,,1.0,1.0,1.0,1.0,0.30206265378055946,1.0,0.0,1.0,1.0,0.6568945793064248
5283,f229cb59e31bbd82f,True,,,,,,,,,,1.0,1.0,1.0,1.0,1.0,0.0,0.0,1.0,1.0,0.5625
5284,bae5ac57314f7412b,True,,,,,,,,,,1.0,0.0,1.0,1.0,1.0,1.0,1.0,1.0,0.0,0.0
5285,8999dafaeeabb1612,True,,,,,,,,,,0.0,1.0,1.0,1.0,1.0,0.0,0.0,1.0,0.0,0.0
5286,10934089f8b5ef276,True,,,,,,,,,,1.0,1.0,1.0,1.0,0.4327209476103628,1.0,0.0,1.0,1.0,0.6977252961282383
5287,ee7793a6b27386136,True,,,,,,,,,,1.0,1.0,1.0,1.0,0.5215984182689939,1.0,1.0,1.0,1.0,0.8504995057090605
5288,bc07273c020da88b3,True,,,,,,,,,,0.0,1.0,1.0,1.0,1.0,0.0,1.0,1.0,1.0,0.0
5289,1ab13d4826a06cc9f,True,,,,,,,,,,1.0,0.0,1.0,1.0,0.732112768949031,1.0,1.0,1.0,0.0,0.0
5290,d1d090928a3c1ff44,True,,,,,,,,,,1.0,1.0,1.0,1.0,0.8065969573304547,1.0,0.0,1.0,0.0,0.6895615491657671
5291,9778c919f63adf7c6,True,,,,,,,,,,1.0,1.0,1.0,1.0,0.6402249201248705,1.0,1.0,1.0,0.0,0.762570287539022
5292,0c4b91dd1d5fee81a,True,,,,,,,,,,1.0,1.0,0.5,1.0,0.9661747970342144,1.0,0.0,1.0,0.0,0.369714812036596
5293,669069f25d57f77ae,True,,,,,,,,,,1.0,1.0,1.0,1.0,1.0,1.0,0.0,1.0,1.0,0.875
5294,eaa70df977f0ed637,True,,,,,,,,,,1.0,1.0,1.0,1.0,0.6054185256199657,1.0,0.0,1.0,0.0,0.6266932892562392
5295,7db61b66f69a92843,True,,,,,,,,,,1.0,1.0,1.0,1.0,0.42041145526608487,1.0,1.0,1.0,1.0,0.8188785797706515
5296,9c40a73dcfa534ce7,True,,,,,,,,,,1.0,1.0,1.0,1.0,0.8683617287844553,1.0,1.0,1.0,1.0,0.9588630402451424
5297,325c79bfe38fe6e9a,True,,,,,,,,,,1.0,1.0,1.0,1.0,0.7310177072724479,1.0,1.0,1.0,1.0,0.91594303352264
5298,a0a8ed182426d3f05,True,,,,,,,,,,1.0,0.0,1.0,1.0,0.8686904365670435,1.0,1.0,1.0,1.0,0.0
5299,b83cdd77a941b515d,True,,,,,,,,,,1.0,1.0,0.0,1.0,1.0,1.0,0.0,1.0,0.0,0.0
5300,6ba28ea05bd9dd3df,True,,,,,,,,,,1.0,1.0,1.0,0.0,1.0,1.0,1.0,1.0,1.0,0.0
5301,49538162999026026,True,,,,,,,,,,1.0,0.0,1.0,1.0,1.0,1.0,0.0,1.0,1.0,0.0
5302,d603eac1517a7fe9a,True,,,,,,,,,,1.0,1.0,1.0,1.0,0.8427449827998078,1.0,1.0,1.0,0.0,0.82585780712494
5303,8fb9c005a042db260,True,,,,,,,,,,1.0,1.0,1.0,1.0,0.5425752639250855,1.0,0.0,1.0,1.0,0.7320547699765892
5304,1ab4af6d2763780c4,True,,,,,,,,,,1.0,0.0,1.0,1.0,0.8268104489399486,1.0,1.0,1.0,1.0,0.0
5305,891f0c38752897ee9,True,,,,,,,,,,1.0,1.0,0.0,1.0,1.0,1.0,0.0,1.0,1.0,0.0
5306,626d07f3f8b80566b,True,,,,,,,,,,1.0,1.0,1.0,1.0,0.2958267804125259,1.0,1.0,1.0,0.0,0.6549458688789144
5307,a8b2c2c9a9c84c4f5,True,,,,,,,,,,1.0,1.0,1.0,1.0,0.4404152026599637,1.0,1.0,1.0,1.0,0.8251297508312386
5308,823e2256b643e1b5f,True,,,,,,,,,,0.0,1.0,1.0,1.0,1.0,0.0,1.0,1.0,0.0,0.0
5309,2df4afab4d0b02842,True,,,,,,,,,,1.0,0.0,1.0,1.0,0.7189662094638917,1.0,1.0,1.0,0.0,0.0
5310,9bd02c4d06feae3dd,True,,,,,,,,,,1.0,1.0,0.0,1.0,0.8920372722820008,1.0,0.0,1.0,1.0,0.0
5311,8c317a99933b3b262,True,,,,,,,,,,1.0,1.0,0.5,1.0,1.0,1.0,0.0,1.0,1.0,0.4375
5312,d40afa32f3c10b9e0,True,,,,,,,,,,1.0,1.0,1.0,1.0,0.3911563419221981,1.0,1.0,1.0,1.0,0.8097363568506869
5313,ebfe50cfc0a46ef16,True,,,,,,,,,,1.0,1.0,1.0,1.0,0.6840824761986065,1.0,0.0,1.0,0.0,0.6512757738120645
5314,a6b18ec8b52f580ef,True,,,,,,,,,,1.0,1.0,1.0,1.0,0.2836948368564363,1.0,1.0,1.0,0.0,0.6511546365176364
5315,434058a9bff839494,True,,,,,,,,,,1.0,1.0,1.0,1.0,0.7232306989799852,1.0,1.0,1.0,1.0,0.9135095934312454
5316,20264c75b9737127d,True,,,,,,,,,,1.0,1.0,1.0,1.0,0.9358356330354635,1.0,1.0,1.0,0.0,0.8549486353235823
5317,3b8808368bea4771a,True,,,,,,,,,,1.0,1.0,1.0,1.0,0.8913391815582412,1.0,1.0,1.0,0.0,0.8410434942369504
5318,f5d0746ef157601ff,True,,,,,,,,,,1.0,1.0,1.0,1.0,0.4284781281732324,1.0,1.0,1.0,1.0,0.821399415054135
5319,7c1d966d6a3783a65,True,,,,,,,,,,1.0,1.0,1.0,1.0,0.7673497518341237,1.0,0.0,1.0,1.0,0.8022967974481636
5320,b8b2aad7145d418e5,True,,,,,,,,,,1.0,1.0,1.0,1.0,0.48062452368685005,1.0,1.0,1.0,0.0,0.7126951636521406
5321,c1b8b4454bc0a112c,True,,,,,,,,,,1.0,1.0,1.0,1.0,0.7763211883619087,1.0,1.0,1.0,0.0,0.8051003713630964
5322,6c3a8a0290c8e05e9,True,,,,,,,,,,0.0,1.0,1.0,1.0,1.0,0.0,1.0,1.0,0.0,0.0
5323,1dc0015e76a4342d9,True,,,,,,,,,,1.0,0.0,1.0,1.0,1.0,1.0,0.0,1.0,0.0,0.0
5324,4511ae351df046b69,True,,,,,,,,,,1.0,1.0,1.0,1.0,0.8772206514912987,1.0,1.0,1.0,1.0,0.9616314535910309
5325,7077621a398aa2bf0,True,,,,,,,,,,1.0,0.0,1.0,1.0,0.5578881215636043,1.0,1.0,1.0,1.0,0.0
5326,4019a208fc30e8936,True,,,,,,,,,,0.0,1.0,1.0,1.0,1.0,0.0,0.0,1.0,1.0,0.0
5327,8ace3a7104057a34a,True,,,,,,,,,,1.0,1.0,0.5,1.0,1.0,1.0,0.0,1.0,1.0,0.4375
5328,81742324c5b46cc6f,True,,,,,,,,,,1.0,1.0,1.0,1.0,0.5695989989483561,0.0,0.0,1.0,1.0,0.4279996871713613
5329,ac09d37b9d495cdc7,True,,,,,,,,,,1.0,0.0,0.0,1.0,1.0,1.0,0.0,1.0,1.0,0.0
5330,99f4cdc8eeabc0426,True,,,,,,,,,,1.0,0.0,0.5,1.0,1.0,1.0,0.0,1.0,1.0,0.0
5331,966546464755fdfad,True,,,,,,,,,,1.0,1.0,1.0,1.0,0.5612387016062607,1.0,1.0,1.0,1.0,0.8628870942519564
5332,c7e0e6deef7f0758e,True,,,,,,,,,,1.0,1.0,1.0,1.0,0.7418606580003166,1.0,1.0,1.0,0.0,0.7943314556250989
5333,80412ca123ecd72bc,True,,,,,,,,,,1.0,1.0,1.0,1.0,0.4457108293765212,1.0,1.0,1.0,1.0,0.8267846341801629
5334,0c23e365770faecb8,True,,,,,,,,,,1.0,1.0,0.0,1.0,1.0,1.0,0.0,1.0,0.0,0.0
5335,e0fd3073c76ba643d,True,,,,,,,,,,1.0,1.0,1.0,1.0,0.4641276748528522,1.0,1.0,1.0,1.0,0.8325398983915163
5336,13c1bc44a34013f46,True,,,,,,,,,,1.0,1.0,0.0,1.0,1.0,1.0,0.0,1.0,0.0,0.0
5337,a67e740ebc3efc17e,True,,,,,,,,,,1.0,1.0,0.5,1.0,1.0,1.0,0.0,1.0,0.0,0.375
5338,b7f82c0f75ba493fc,True,,,,,,,,,,1.0,0.0,1.0,1.0,0.7754667480152909,1.0,1.0,1.0,0.0,0.0
5339,c55dc2e0f192c70a5,True,,,,,,,,,,1.0,1.0,1.0,1.0,0.6700456259468534,1.0,1.0,1.0,1.0,0.8968892581083917
5340,6faa95e5cb1141518,True,,,,,,,,,,1.0,1.0,1.0,1.0,0.5132834629212071,1.0,1.0,1.0,0.0,0.7229010821628772
5341,1bc64f4db46ec4c9f,True,,,,,,,,,,1.0,0.0,0.5,1.0,1.0,1.0,0.0,1.0,0.0,0.0
5342,baf1cc49f4250c41a,True,,,,,,,,,,1.0,1.0,1.0,1.0,1.0,1.0,0.0,1.0,1.0,0.875
5343,69e3a503f78a651d2,True,,,,,,,,,,1.0,1.0,1.0,0.0,1.0,1.0,1.0,1.0,1.0,0.0
5344,0b2a954e62c86d95c,True,,,,,,,,,,1.0,1.0,1.0,1.0,0.4031568068659849,1.0,1.0,1.0,1.0,0.8134865021456202
5345,bebc043b24bdb6ddf,True,,,,,,,,,,1.0,1.0,1.0,1.0,0.7445570743689068,1.0,1.0,1.0,0.0,0.7951740857402834
5346,80bd77183c8a411b9,True,,,,,,,,,,1.0,1.0,1.0,1.0,1.0,1.0,1.0,1.0,1.0,1.0
5347,43e9554b328e8aa7f,True,,,,,,,,,,1.0,1.0,1.0,1.0,0.7592921754307547,1.0,0.0,1.0,1.0,0.7997788048221108
5348,1b82ae87e58cbab28,True,,,,,,,,,,1.0,1.0,0.0,1.0,1.0,1.0,0.0,1.0,1.0,0.0
5349,298d397ff94dd0eb4,True,,,,,,,,,,1.0,1.0,1.0,1.0,0.9218454672308292,1.0,0.0,1.0,1.0,0.8505767085096341
5350,d20b551bd918a2353,True,,,,,,,,,,1.0,1.0,1.0,1.0,0.6431428585182949,1.0,0.0,1.0,1.0,0.7634821432869672
5351,aadb9d0abc30a1215,True,,,,,,,,,,0.0,1.0,1.0,1.0,0.9783900030081302,0.0,1.0,1.0,1.0,0.0
5352,8c353bfb7146d30cd,True,,,,,,,,,,1.0,1.0,1.0,1.0,0.8840732686479874,1.0,1.0,1.0,0.0,0.8387728964524961
5353,9864904b0ceaacd61,True,,,,,,,,,,1.0,1.0,1.0,1.0,0.5270368826153738,1.0,0.0,1.0,0.0,0.6021990258173043
5354,53df090218b63e39f,True,,,,,,,,,,1.0,1.0,1.0,1.0,0.4972249949360074,1.0,1.0,1.0,0.0,0.7178828109175023
5355,f60e4c60846b1a1da,True,,,,,,,,,,1.0,1.0,1.0,1.0,0.8202430137554787,1.0,1.0,1.0,1.0,0.943825941798587
5356,558bb29151a7f95b1,True,,,,,,,,,,1.0,1.0,1.0,1.0,1.0,1.0,0.0,1.0,0.0,0.75
5357,be69267980b9fb08a,True,,,,,,,,,,1.0,0.0,1.0,1.0,1.0,1.0,1.0,1.0,0.0,0.0
5358,d62c06587889c5e1b,True,,,,,,,,,,1.0,0.0,1.0,1.0,1.0,1.0,0.0,1.0,1.0,0.0
5359,a91425257255ef015,True,,,,,,,,,,1.0,1.0,0.0,1.0,1.0,0.0,0.0,0.0,0.0,0.0
5360,1efa58a926126dcc0,True,,,,,,,,,,1.0,0.0,0.5,1.0,0.5760718009945991,1.0,0.0,1.0,1.0,0.0
5361,27fefe70564fbc07a,True,,,,,,,,,,0.5,1.0,1.0,1.0,1.0,0.0,1.0,1.0,1.0,0.34375
5362,3e4a969700de7141a,True,,,,,,,,,,0.0,1.0,1.0,1.0,1.0,0.0,0.0,1.0,0.0,0.0
5363,4929156d96635caed,True,,,,,,,,,,1.0,1.0,1.0,1.0,0.3907989147186441,1.0,0.0,1.0,1.0,0.6846246608495763
5364,ece6eaee0991a44ed,True,,,,,,,,,,1.0,0.0,0.0,1.0,1.0,1.0,0.0,1.0,0.0,0.0
5365,0952835e9ba422028,True,,,,,,,,,,1.0,1.0,1.0,1.0,0.6229608839162946,1.0,1.0,1.0,1.0,0.8821752762238421
5366,646863c254a0a7a48,True,,,,,,,,,,1.0,1.0,0.0,1.0,0.7786125802277077,1.0,0.0,1.0,1.0,0.0
5367,eafc663e431fb2efe,True,,,,,,,,,,1.0,1.0,1.0,1.0,0.7167420644105251,1.0,1.0,0.0,0.0,0.661481895128289
5368,956f2e4043c1b8f4d,True,,,,,,,,,,1.0,1.0,1.0,1.0,0.6692160964313365,1.0,1.0,1.0,1.0,0.8966300301347927
5369,ae646ba56f5add8db,True,,,,,,,,,,1.0,1.0,0.5,1.0,0.78716301729811,1.0,0.0,1.0,1.0,0.4042442214528297
5370,02d32235a5a1497cc,True,,,,,,,,,,1.0,1.0,1.0,1.0,0.524133264365789,1.0,0.0,1.0,1.0,0.7262916451143091
5371,7fa425329439a1196,True,,,,,,,,,,1.0,1.0,1.0,1.0,0.6985996265683179,1.0,0.0,1.0,1.0,0.7808123833025993
5372,f0150096a41797505,True,,,,,,,,,,1.0,1.0,1.0,1.0,0.8796536229306688,1.0,0.0,1.0,0.0,0.712391757165834
5373,92dbe7647ced9cbf0,True,,,,,,,,,,1.0,1.0,0.5,1.0,0.46558973714256674,1.0,0.0,1.0,0.0,0.29149839642852604
5374,70543352531547cfd,True,,,,,,,,,,1.0,1.0,1.0,1.0,1.0,1.0,0.0,1.0,0.0,0.75
5375,83d03d52f14fe2aba,True,,,,,,,,,,1.0,0.0,1.0,1.0,0.26719383133353475,1.0,1.0,1.0,1.0,0.0
5376,3b32da65a709f23d8,True,,,,,,,,,,1.0,1.0,1.0,1.0,0.3827967482590585,1.0,0.0,1.0,0.0,0.5571239838309558
5377,09eb15786b4c45a6b,True,,,,,,,,,,1.0,0.0,1.0,1.0,0.6001267852398742,1.0,0.0,1.0,1.0,0.0
5378,2efb596222f8cbb75,True,,,,,,,,,,1.0,1.0,0.0,1.0,1.0,1.0,0.0,1.0,0.0,0.0
5379,fc2f7b0ec25d44aea,True,,,,,,,,,,0.0,1.0,1.0,1.0,1.0,0.0,0.0,1.0,1.0,0.0
5380,36c3a5d31d406a1c2,True,,,,,,,,,,1.0,1.0,1.0,1.0,0.5159322961683785,1.0,1.0,1.0,0.0,0.7237288425526183
5381,1bd9daba7d7d502b0,True,,,,,,,,,,1.0,1.0,1.0,1.0,0.7211124420374098,1.0,1.0,1.0,0.0,0.7878476381366906
5382,4dcc314181f8e6c97,True,,,,,,,,,,1.0,1.0,1.0,1.0,0.461448683450786,1.0,1.0,1.0,1.0,0.8317027135783706
5383,6995c156a66d6a8ee,True,,,,,,,,,,1.0,1.0,1.0,1.0,0.7094454116824545,1.0,0.0,1.0,1.0,0.784201691150767
5384,4562930d9a4d7543b,True,,,,,,,,,,1.0,1.0,1.0,1.0,0.27887842072961705,1.0,1.0,1.0,1.0,0.7746495064780053
5385,85ec4ed1a5648c678,True,,,,,,,,,,0.0,1.0,1.0,1.0,1.0,0.0,1.0,1.0,0.0,0.0
5386,6bdc53cfa4a8ecb29,True,,,,,,,,,,1.0,1.0,1.0,1.0,0.7307890250409601,1.0,1.0,1.0,0.0,0.7908715703253
5387,23d3b2f93978ceabf,True,,,,,,,,,,1.0,1.0,1.0,1.0,0.608649003941617,1.0,0.0,1.0,1.0,0.7527028137317553
5388,996756f9de2d21bac,True,,,,,,,,,,1.0,1.0,1.0,1.0,1.0,1.0,0.0,1.0,0.0,0.75
5389,48bf246ac8952b23d,True,,,,,,,,,,1.0,0.0,0.0,1.0,1.0,1.0,0.0,1.0,0.0,0.0
5390,41efa8e340c6ec6b0,True,,,,,,,,,,0.5,0.0,1.0,1.0,1.0,1.0,1.0,1.0,1.0,0.0
5391,5bf5914f66c7794ef,True,,,,,,,,,,1.0,0.0,1.0,1.0,0.82242904855198,1.0,0.0,1.0,1.0,0.0
5392,7a9cbf03b55e84c29,True,,,,,,,,,,1.0,1.0,1.0,1.0,0.3804391796470162,1.0,1.0,1.0,1.0,0.8063872436396926
5393,3e8f802de1e65025d,True,,,,,,,,,,1.0,1.0,1.0,1.0,0.3785057621285165,0.0,0.0,1.0,0.0,0.2432830506651614
5394,5776fb2bb724aff1e,True,,,,,,,,,,1.0,1.0,0.0,1.0,1.0,1.0,1.0,1.0,1.0,0.0
5395,64c25286434cfc0a6,True,,,,,,,,,,1.0,1.0,1.0,1.0,0.8564727002657604,1.0,1.0,1.0,1.0,0.9551477188330502
5396,63587c0f95bcdef4c,True,,,,,,,,,,1.0,0.0,0.5,1.0,1.0,1.0,0.0,1.0,1.0,0.0
5397,700c12c03b64be698,True,,,,,,,,,,1.0,1.0,1.0,1.0,1.0,1.0,0.0,1.0,1.0,0.875
5398,11efb68d8748f6136,True,,,,,,,,,,1.0,0.0,0.5,1.0,1.0,1.0,0.0,1.0,1.0,0.0
5399,b2bf35ee955a9d497,True,,,,,,,,,,1.0,1.0,1.0,1.0,0.10834324886033922,1.0,1.0,1.0,1.0,0.721357265268856
5400,6139b967f50241e4f,True,,,,,,,,,,1.0,1.0,1.0,1.0,0.24655487440528243,1.0,0.0,1.0,1.0,0.6395483982516508
5401,5c4cdaaf289584cd5,True,,,,,,,,,,1.0,0.0,1.0,1.0,1.0,1.0,1.0,1.0,1.0,0.0
5402,e8a9486b49b69adbf,True,,,,,,,,,,1.0,0.0,1.0,1.0,1.0,0.0,1.0,1.0,1.0,0.0
5403,ac0f0df8d058130c5,True,,,,,,,,,,1.0,1.0,1.0,1.0,1.0,1.0,1.0,1.0,1.0,1.0
5404,1738de90a4b9b6de0,True,,,,,,,,,,1.0,1.0,1.0,1.0,0.989096738538709,1.0,1.0,1.0,1.0,0.9965927307933466
5405,829b5dca21edece70,True,,,,,,,,,,1.0,1.0,1.0,1.0,0.7643395019819282,1.0,1.0,1.0,0.0,0.8013560943693525
5406,9559a76868f2d58b3,True,,,,,,,,,,1.0,1.0,1.0,1.0,0.5684022729245641,1.0,1.0,1.0,1.0,0.8651257102889263
5407,9600f9f6992618229,True,,,,,,,,,,1.0,1.0,1.0,1.0,0.5901691123241298,1.0,1.0,1.0,0.0,0.7469278476012906
5408,265cbf9df314f7700,True,,,,,,,,,,1.0,0.0,1.0,1.0,0.7542786283965311,1.0,0.0,1.0,0.0,0.0
5409,ff7b96c916771e141,True,,,,,,,,,,1.0,1.0,1.0,1.0,0.6669689596220927,1.0,1.0,1.0,0.0,0.770927799881904
5410,c864abb5afff1f7f4,True,,,,,,,,,,1.0,1.0,1.0,1.0,0.6352467676556919,1.0,0.0,1.0,1.0,0.7610146148924037
5411,234b7c4138a9802b3,True,,,,,,,,,,1.0,1.0,0.5,1.0,0.7588280943964915,1.0,0.0,1.0,0.0,0.3373168897494518
5412,7002b130242124367,True,,,,,,,,,,1.0,1.0,1.0,1.0,0.6006027124092707,1.0,1.0,1.0,1.0,0.8751883476278971
5413,fdc9de263e1f28cd8,True,,,,,,,,,,1.0,1.0,1.0,1.0,0.3599709267244544,1.0,1.0,1.0,1.0,0.7999909146013919
5414,5ee839d646b6d620e,True,,,,,,,,,,1.0,1.0,0.5,1.0,0.4564238438527682,1.0,0.0,1.0,0.0,0.290066225601995
5415,a19215a312654cd8f,True,,,,,,,,,,1.0,1.0,1.0,1.0,0.794960725180071,1.0,1.0,1.0,1.0,0.9359252266187722
5416,b7d252306270e80e3,True,,,,,,,,,,1.0,1.0,1.0,1.0,0.6660156451203485,1.0,1.0,1.0,1.0,0.8956298891001089
5417,0d6f670a9daf4bde4,True,,,,,,,,,,1.0,0.0,0.5,1.0,1.0,1.0,1.0,1.0,0.0,0.0
5418,102d7c98065905ad0,True,,,,,,,,,,1.0,1.0,0.0,1.0,1.0,1.0,0.0,0.0,1.0,0.0
5419,f068d067b1949f364,True,,,,,,,,,,1.0,0.0,1.0,1.0,1.0,1.0,0.0,1.0,1.0,0.0
5420,d4b0d052629a32f79,True,,,,,,,,,,1.0,1.0,1.0,1.0,1.0,1.0,1.0,1.0,1.0,1.0
5421,ad027cf65e5484130,True,,,,,,,,,,1.0,1.0,0.5,1.0,0.7046908736705311,1.0,1.0,1.0,0.0,0.3913579490110205
5422,82bb73b09ea17fb1a,True,,,,,,,,,,1.0,1.0,1.0,1.0,0.6487429374546474,1.0,1.0,1.0,0.0,0.7652321679545773
5423,3e5e5f35dd00868f1,True,,,,,,,,,,1.0,1.0,1.0,1.0,1.0,0.0,1.0,1.0,1.0,0.6875
5424,d9d4ce69f1cb10c10,True,,,,,,,,,,1.0,1.0,1.0,1.0,0.2511849871825066,1.0,1.0,1.0,1.0,0.7659953084945333
5425,59c1acee0df7ca984,True,,,,,,,,,,1.0,1.0,1.0,1.0,0.6580763658526061,1.0,0.0,1.0,1.0,0.7681488643289394
5426,8a767a8d9952eeaf9,True,,,,,,,,,,1.0,1.0,1.0,1.0,0.6713472617849673,1.0,1.0,1.0,1.0,0.8972960193078023
5427,39db66b6b4731fede,True,,,,,,,,,,1.0,1.0,0.5,1.0,1.0,1.0,1.0,1.0,0.0,0.4375
5428,dab873d7c23152d34,True,,,,,,,,,,1.0,1.0,1.0,1.0,0.9113406362178141,1.0,0.0,1.0,1.0,0.8472939488180669
5429,909281fad5f1bd401,True,,,,,,,,,,1.0,1.0,1.0,1.0,0.33773413008644526,1.0,1.0,1.0,1.0,0.7930419156520141
5430,89628b64c8a329c07,True,,,,,,,,,,1.0,1.0,0.0,1.0,1.0,1.0,0.0,1.0,1.0,0.0
5431,545989b6d92a09061,True,,,,,,,,,,1.0,1.0,0.5,1.0,0.9958440543513283,1.0,0.0,1.0,0.0,0.37435063349239506
5432,9583f6043942f7590,True,,,,,,,,,,1.0,0.0,1.0,1.0,1.0,1.0,0.0,1.0,0.0,0.0
5433,dbf49f5df6cc0b159,True,,,,,,,,,,0.0,0.0,1.0,1.0,1.0,0.0,1.0,1.0,0.0,0.0
5434,b7649c3b2cd5537c8,True,,,,,,,,,,1.0,0.0,1.0,1.0,1.0,1.0,1.0,1.0,1.0,0.0
5435,d70caeb8eb50fae31,True,,,,,,,,,,1.0,1.0,1.0,1.0,0.3959376997759154,1.0,0.0,1.0,0.0,0.5612305311799736
5436,8e653e8d9b170a7dd,True,,,,,,,,,,1.0,1.0,1.0,1.0,0.9656513852036659,1.0,0.0,1.0,1.0,0.8642660578761456
5437,917bf16baa9646d6c,True,,,,,,,,,,1.0,1.0,1.0,1.0,0.1996168191970222,1.0,1.0,1.0,1.0,0.7498802559990694
5438,71fe821c1ced6591c,True,,,,,,,,,,1.0,1.0,1.0,1.0,0.8704946862609094,1.0,0.0,1.0,1.0,0.8345295894565342
5439,063ea0d49748630a5,True,,,,,,,,,,1.0,1.0,1.0,1.0,0.19411716956592343,1.0,1.0,1.0,1.0,0.7481616154893511
5440,ac022e7e85876da0a,True,,,,,,,,,,1.0,1.0,1.0,1.0,0.12540053007713292,1.0,1.0,1.0,1.0,0.726687665649104
5441,ff4cc095b1e90f672,True,,,,,,,,,,1.0,1.0,1.0,1.0,0.8147801738971322,1.0,1.0,1.0,0.0,0.8171188043428539
5442,a863c3cc5f754b2b4,True,,,,,,,,,,1.0,1.0,1.0,1.0,0.6920888444812408,1.0,1.0,1.0,1.0,0.9037777639003877
5443,4c03648ccf3301fe7,True,,,,,,,,,,0.0,0.0,1.0,1.0,1.0,0.0,1.0,1.0,1.0,0.0
5444,dcd3a1adb7268a54d,True,,,,,,,,,,1.0,1.0,1.0,1.0,0.694806474458819,1.0,1.0,1.0,1.0,0.904627023268381
5445,f67fdc6f83d2e8656,True,,,,,,,,,,1.0,1.0,1.0,1.0,0.38784135526885416,1.0,0.0,1.0,1.0,0.6837004235215169
5446,463716f28ebb21a5d,True,,,,,,,,,,1.0,0.0,1.0,1.0,1.0,1.0,1.0,1.0,1.0,0.0
5447,68becb68da6734f1a,True,,,,,,,,,,1.0,1.0,1.0,1.0,0.7927519933101046,1.0,0.0,1.0,1.0,0.8102349979094077
5448,787aeff562a4b851a,True,,,,,,,,,,1.0,1.0,1.0,1.0,0.4838303881731408,1.0,0.0,1.0,1.0,0.7136969963041064
5449,d220a708760298c7f,True,,,,,,,,,,1.0,1.0,1.0,1.0,0.9196145810975603,1.0,1.0,1.0,1.0,0.9748795565929875
5450,1ae5d174f7d867121,True,,,,,,,,,,1.0,1.0,1.0,1.0,0.376841071157736,1.0,1.0,1.0,1.0,0.8052628347367925
5451,676ffbee9ca648d5c,True,,,,,,,,,,0.0,1.0,1.0,1.0,1.0,0.0,1.0,1.0,1.0,0.0
5452,f3e7c306d8f0e2898,True,,,,,,,,,,0.0,1.0,0.5,1.0,1.0,0.0,0.0,1.0,0.0,0.0
5453,a6f5d379f32e1dd9a,True,,,,,,,,,,1.0,1.0,1.0,1.0,0.773678253897879,1.0,1.0,1.0,1.0,0.9292744543430872
5454,631046410650329eb,True,,,,,,,,,,1.0,1.0,1.0,1.0,0.3823354206959582,1.0,0.0,1.0,1.0,0.6819798189674869
5455,d8e3174dae4ece006,True,,,,,,,,,,1.0,1.0,1.0,1.0,0.16513487853436543,1.0,0.0,1.0,1.0,0.6141046495419892
5456,aefb28d15c78ef21c,True,,,,,,,,,,0.0,0.0,1.0,1.0,1.0,0.0,1.0,0.0,1.0,0.0
5457,cc9f51b0460d19ee5,True,,,,,,,,,,1.0,0.0,0.0,1.0,0.9053124786486918,1.0,0.0,1.0,1.0,0.0
5458,da5a71cf5abef95d8,True,,,,,,,,,,1.0,1.0,1.0,1.0,0.7935741097054946,1.0,0.0,1.0,1.0,0.810491909282967
5459,767b060ded3878908,True,,,,,,,,,,1.0,1.0,1.0,1.0,0.9160033738937134,1.0,1.0,1.0,1.0,0.9737510543417854
5460,7dc342f8c0d3f169b,True,,,,,,,,,,1.0,0.0,0.5,1.0,1.0,1.0,0.0,1.0,0.0,0.0
5461,441af8c8c4d582d12,True,,,,,,,,,,1.0,1.0,1.0,1.0,1.0,1.0,0.0,1.0,1.0,0.875
5462,7feb07f9028c8bf62,True,,,,,,,,,,0.0,1.0,1.0,1.0,1.0,0.0,1.0,1.0,1.0,0.0
5463,892cab52968bdafc3,True,,,,,,,,,,0.0,1.0,1.0,1.0,1.0,0.0,1.0,1.0,0.0,0.0
5464,0222e5d829f11ad1c,True,,,,,,,,,,0.0,0.0,0.5,1.0,1.0,0.0,0.0,1.0,1.0,0.0
5465,8003dfc9e785aaede,True,,,,,,,,,,0.0,1.0,1.0,1.0,1.0,0.0,1.0,1.0,1.0,0.0
5466,8170f12fb1131df99,True,,,,,,,,,,1.0,1.0,1.0,1.0,1.0,1.0,0.0,1.0,1.0,0.875
5467,bd9cfcf17b064f7df,True,,,,,,,,,,1.0,1.0,1.0,1.0,0.3817810966441176,1.0,1.0,1.0,1.0,0.8068065927012867
5468,19211d8eac9c62147,True,,,,,,,,,,1.0,1.0,1.0,1.0,0.7152158276478423,1.0,0.0,1.0,1.0,0.7860049461399508
5469,7c8ff6814e197c909,True,,,,,,,,,,0.0,1.0,1.0,1.0,1.0,0.0,0.0,1.0,0.0,0.0
5470,45e565719eec672e1,True,,,,,,,,,,0.5,1.0,1.0,1.0,1.0,0.0,0.0,1.0,1.0,0.28125
5471,8d442a4953c9da694,True,,,,,,,,,,1.0,1.0,1.0,1.0,0.7434570905383017,1.0,1.0,1.0,1.0,0.9198303407932192
5472,33d8d746c34cd7fc0,True,,,,,,,,,,1.0,1.0,1.0,1.0,0.23497267464570384,0.0,1.0,1.0,1.0,0.44842896082678246
5473,0802cacabc6a28d18,True,,,,,,,,,,1.0,1.0,1.0,1.0,0.729892299412073,1.0,0.0,1.0,1.0,0.7905913435662728
5474,102bb69d5a0263f53,True,,,,,,,,,,1.0,1.0,1.0,1.0,0.5840800746133574,0.0,0.0,1.0,1.0,0.4325250233166742
5475,7db120c56ed98be5a,True,,,,,,,,,,0.0,1.0,1.0,1.0,1.0,0.0,1.0,1.0,1.0,0.0
5476,adab3d6fadc01f0e9,True,,,,,,,,,,1.0,1.0,1.0,1.0,1.0,1.0,1.0,1.0,1.0,1.0
5477,9606e967ad3c59ad3,True,,,,,,,,,,1.0,1.0,1.0,1.0,1.0,1.0,1.0,1.0,0.0,0.875
5478,026597b466e481724,True,,,,,,,,,,1.0,1.0,1.0,1.0,0.4614864344827974,1.0,0.0,1.0,1.0,0.7067145107758742
5479,a83b75532f5ded9db,True,,,,,,,,,,0.0,1.0,1.0,1.0,0.4696686049304381,0.0,0.0,1.0,1.0,0.0
5480,c783da5c9c8124365,True,,,,,,,,,,1.0,1.0,0.0,1.0,1.0,1.0,0.0,1.0,1.0,0.0
5481,d7806477ce81cf2b8,True,,,,,,,,,,1.0,1.0,1.0,1.0,0.29839026356617393,1.0,1.0,1.0,1.0,0.7807469573644293
5482,3331cabab3946bf78,True,,,,,,,,,,1.0,0.0,1.0,1.0,0.753474843624527,1.0,0.0,1.0,1.0,0.0
5483,96e90fd2233ad685a,True,,,,,,,,,,1.0,1.0,0.0,1.0,1.0,1.0,0.0,1.0,0.0,0.0
5484,2d4e4632841c3cf8e,True,,,,,,,,,,1.0,1.0,0.0,1.0,1.0,1.0,0.0,1.0,0.0,0.0
5485,b4c09963d7ae450c8,True,,,,,,,,,,0.0,0.0,0.0,1.0,1.0,0.0,0.0,1.0,0.0,0.0
5486,57108f72bba7b23f2,True,,,,,,,,,,1.0,1.0,0.0,1.0,1.0,1.0,0.0,1.0,1.0,0.0
5487,fd163457fdae33b78,True,,,,,,,,,,1.0,0.0,1.0,1.0,1.0,0.0,1.0,1.0,0.0,0.0
5488,cc5c74bb358203037,True,,,,,,,,,,1.0,0.0,0.0,1.0,1.0,1.0,0.0,1.0,1.0,0.0
5489,93f8dde94dbff4d7d,True,,,,,,,,,,1.0,1.0,1.0,1.0,0.43802159147808184,1.0,1.0,1.0,1.0,0.8243817473369006
5490,02c332ea4953567c5,True,,,,,,,,,,1.0,1.0,1.0,1.0,0.5110842956794289,1.0,1.0,1.0,0.0,0.7222138423998216
5491,9aae6ea45a3c7efaf,True,,,,,,,,,,1.0,1.0,0.5,1.0,0.8154608023022806,1.0,0.0,1.0,1.0,0.40866575035973135
5492,44d4ff5239aca3b14,True,,,,,,,,,,1.0,0.0,1.0,1.0,1.0,1.0,0.0,1.0,0.0,0.0
5493,c398b0b20ab17435c,True,,,,,,,,,,1.0,1.0,1.0,1.0,0.7133795058716944,1.0,0.0,1.0,0.0,0.6604310955849045
5494,5f175bac4c1de5964,True,,,,,,,,,,1.0,1.0,1.0,1.0,0.8410325596944469,1.0,0.0,1.0,1.0,0.8253226749045146
5495,9e6370c960ce41937,True,,,,,,,,,,1.0,1.0,1.0,1.0,0.24133216874314992,1.0,0.0,1.0,1.0,0.6379163027322343
5496,cd7e663897f923d92,True,,,,,,,,,,1.0,1.0,1.0,1.0,1.0,1.0,0.0,1.0,0.0,0.75
5497,3ee4790171e6a99ef,True,,,,,,,,,,1.0,1.0,1.0,1.0,0.6927488795996847,1.0,1.0,1.0,1.0,0.9039840248749015
5498,28129e06d328f708d,True,,,,,,,,,,1.0,1.0,1.0,1.0,0.8463014853211811,1.0,1.0,0.0,0.0,0.7019692141628691
5499,15b6cbe22ab535f70,True,,,,,,,,,,1.0,0.0,1.0,1.0,0.8057911525213104,1.0,1.0,1.0,0.0,0.0
5500,3dd52ad2d0d369330,True,,,,,,,,,,1.0,1.0,1.0,1.0,0.784834942060683,1.0,0.0,1.0,1.0,0.8077609193939634
5501,adbf76475e83933e1,True,,,,,,,,,,0.0,1.0,0.5,1.0,1.0,0.0,0.0,1.0,0.0,0.0
5502,0b1c3be99252f24af,True,,,,,,,,,,1.0,0.0,1.0,1.0,1.0,1.0,1.0,1.0,0.0,0.0
5503,07ec0b134ef32ae77,True,,,,,,,,,,1.0,1.0,1.0,1.0,0.9207656122670538,1.0,1.0,1.0,1.0,0.9752392538334543
5504,b8a844b02dc16c393,True,,,,,,,,,,1.0,1.0,1.0,1.0,0.38734539308679333,1.0,1.0,1.0,1.0,0.8085454353396229
5505,098638022c2e17fd7,True,,,,,,,,,,1.0,1.0,1.0,1.0,0.16988013948831873,1.0,0.0,1.0,1.0,0.6155875435900996
5506,a30c17989141062af,True,,,,,,,,,,1.0,1.0,0.5,1.0,1.0,1.0,0.0,1.0,0.0,0.375
5507,1e114b2c7da13a9b8,True,,,,,,,,,,1.0,1.0,1.0,1.0,0.43200952472515375,1.0,1.0,1.0,1.0,0.8225029764766105
5508,66f77d65755a1c784,True,,,,,,,,,,1.0,0.0,1.0,1.0,0.1760313016965317,1.0,1.0,1.0,0.0,0.0
5509,5f02891c6336297bf,True,,,,,,,,,,1.0,1.0,1.0,1.0,0.5423770908348741,1.0,1.0,1.0,0.0,0.7319928408858981
5510,01b75264953369ae4,True,,,,,,,,,,1.0,1.0,0.5,1.0,1.0,1.0,0.0,1.0,1.0,0.4375
5511,501d21c67c2ddbdb0,True,,,,,,,,,,1.0,1.0,1.0,1.0,0.7329442328871001,1.0,0.0,1.0,1.0,0.7915450727772188
5512,030c19894cf38bd4f,True,,,,,,,,,,0.5,1.0,1.0,1.0,1.0,0.0,1.0,1.0,1.0,0.34375
5513,2b1cf649494f9cd62,True,,,,,,,,,,1.0,1.0,0.0,1.0,1.0,1.0,0.0,1.0,0.0,0.0
5514,ffa118247f83dcacd,True,,,,,,,,,,1.0,1.0,1.0,1.0,0.2587665441467747,1.0,1.0,1.0,1.0,0.7683645450458672
5515,90d989f2205e253f9,True,,,,,,,,,,1.0,1.0,1.0,1.0,0.33621139118689547,1.0,0.0,1.0,0.0,0.5425660597459048
5516,cdec99ac469508647,True,,,,,,,,,,0.5,0.0,1.0,1.0,0.7117379714318435,0.0,1.0,1.0,1.0,0.0
5517,b46226c085423d5a9,True,,,,,,,,,,1.0,1.0,1.0,1.0,0.7817236647994421,1.0,1.0,1.0,0.0,0.8067886452498256
5518,b853d466840f4db1b,True,,,,,,,,,,1.0,0.0,0.5,1.0,1.0,1.0,0.0,1.0,1.0,0.0
5519,51382084e8c016080,True,,,,,,,,,,1.0,1.0,0.0,1.0,0.799671639975549,1.0,0.0,1.0,1.0,0.0
5520,e33920fdd8fdbaaae,True,,,,,,,,,,1.0,1.0,1.0,1.0,0.2561423081384829,1.0,0.0,1.0,1.0,0.642544471293276
5521,45480978b802eb7d4,True,,,,,,,,,,1.0,0.0,1.0,1.0,1.0,1.0,0.0,1.0,1.0,0.0
5522,c601af4262caa25fe,True,,,,,,,,,,1.0,1.0,0.5,1.0,0.7190896186429668,1.0,0.0,1.0,1.0,0.39360775291296357
5523,928a526fdbbdedce9,True,,,,,,,,,,0.0,1.0,1.0,1.0,1.0,0.0,0.0,1.0,0.0,0.0
5524,046b8681d380244e2,True,,,,,,,,,,1.0,1.0,1.0,1.0,1.0,1.0,0.0,1.0,0.0,0.75
5525,c19d3aa3c7a6557a9,True,,,,,,,,,,1.0,1.0,1.0,1.0,0.4656982226707406,1.0,1.0,1.0,1.0,0.8330306945846064
5526,00caf7c273c7d5065,True,,,,,,,,,,1.0,1.0,1.0,1.0,0.9360354464191951,1.0,1.0,1.0,1.0,0.9800110770059984
5527,824d8ba46202fe8eb,True,,,,,,,,,,1.0,1.0,1.0,1.0,0.36463235913016817,1.0,1.0,1.0,1.0,0.8014476122281775
5528,854e5e93c34b9c7cd,True,,,,,,,,,,1.0,1.0,0.5,1.0,1.0,1.0,0.0,1.0,1.0,0.4375
5529,c69cdc989b0472928,True,,,,,,,,,,1.0,1.0,1.0,1.0,0.8405586114277884,1.0,0.0,1.0,1.0,0.8251745660711839
5530,186f59c514ff34824,True,,,,,,,,,,1.0,1.0,1.0,1.0,1.0,1.0,1.0,1.0,1.0,1.0
5531,6e4ce2f0d18b57fb3,True,,,,,,,,,,1.0,1.0,1.0,1.0,0.27324709962445837,1.0,1.0,1.0,1.0,0.7728897186326432
5532,9002fdd0eaf7d6a7a,True,,,,,,,,,,1.0,1.0,1.0,1.0,1.0,1.0,1.0,1.0,1.0,1.0
5533,8b4f3b5980bf21a3b,True,,,,,,,,,,1.0,1.0,1.0,1.0,0.8676762584189976,1.0,1.0,1.0,1.0,0.9586488307559368
5534,29034e89288b15cef,True,,,,,,,,,,1.0,1.0,1.0,1.0,1.0,1.0,1.0,1.0,1.0,1.0
5535,7acdb574f1a885262,True,,,,,,,,,,1.0,1.0,1.0,1.0,0.7551075332597884,1.0,0.0,1.0,1.0,0.7984711041436838
5536,23466331481723251,True,,,,,,,,,,0.5,0.0,0.0,1.0,1.0,0.0,0.0,1.0,1.0,0.0
5537,5e403ae55f93fea63,True,,,,,,,,,,1.0,1.0,0.5,1.0,1.0,1.0,0.0,1.0,1.0,0.4375
5538,a3ef9e8575b866d50,True,,,,,,,,,,1.0,1.0,1.0,1.0,1.0,1.0,1.0,1.0,1.0,1.0
5539,a4e79fc70ac65c883,True,,,,,,,,,,1.0,1.0,1.0,1.0,0.647474581498083,1.0,0.0,1.0,1.0,0.7648358067181509
5540,d932bcf26367122a9,True,,,,,,,,,,1.0,1.0,1.0,1.0,1.0,1.0,0.0,1.0,1.0,0.875
5541,ff6be79e6135c5fe5,True,,,,,,,,,,1.0,1.0,1.0,1.0,0.4918587716682463,1.0,1.0,1.0,0.0,0.716205866146327
5542,bb5645d7e55a4f54b,True,,,,,,,,,,0.0,1.0,1.0,1.0,1.0,0.0,0.0,1.0,1.0,0.0
5543,98908f760ae1f8648,True,,,,,,,,,,1.0,1.0,1.0,1.0,0.6609263991026397,1.0,0.0,1.0,0.0,0.6440394997195749
5544,8ace04c31034f39f7,True,,,,,,,,,,0.5,1.0,1.0,1.0,1.0,0.0,0.0,1.0,1.0,0.28125
5545,a481ac0055adbf0c2,True,,,,,,,,,,1.0,0.0,1.0,1.0,1.0,1.0,0.0,1.0,1.0,0.0
5546,ebc9bb73d92a43a32,True,,,,,,,,,,1.0,1.0,1.0,1.0,0.6166282255003257,1.0,1.0,1.0,0.0,0.7551963204688518
5547,06c6fd20a526803c4,True,,,,,,,,,,0.0,1.0,1.0,1.0,1.0,0.0,1.0,1.0,0.0,0.0
5548,4fa35324bdae11dda,True,,,,,,,,,,1.0,0.0,0.0,1.0,1.0,1.0,1.0,1.0,0.0,0.0
5549,79ba4023648130a0c,True,,,,,,,,,,0.0,1.0,1.0,1.0,1.0,0.0,1.0,1.0,0.0,0.0
5550,3be7098579628f9d1,True,,,,,,,,,,0.0,1.0,1.0,1.0,1.0,0.0,1.0,1.0,1.0,0.0
5551,bed081d2dd114adb6,True,,,,,,,,,,1.0,1.0,0.0,1.0,1.0,1.0,0.0,1.0,0.0,0.0
5552,476448c3e62fe40b1,True,,,,,,,,,,0.0,1.0,1.0,1.0,1.0,0.0,1.0,0.0,0.0,0.0
5553,a244e51837aaa9bc4,True,,,,,,,,,,1.0,1.0,1.0,1.0,1.0,1.0,0.0,1.0,1.0,0.875
5554,4011046e283cb0a28,True,,,,,,,,,,1.0,1.0,1.0,1.0,0.37896340808914175,1.0,1.0,1.0,1.0,0.8059260650278568
5555,a42442493dd5e64ba,True,,,,,,,,,,1.0,1.0,1.0,1.0,0.7727003415715648,1.0,0.0,1.0,1.0,0.803968856741114
5556,fd45bba33b3dcb719,True,,,,,,,,,,1.0,1.0,1.0,1.0,0.49064853138159115,1.0,1.0,1.0,0.0,0.7158276660567473
5557,3e951c01a5baffd96,True,,,,,,,,,,1.0,1.0,1.0,1.0,1.0,1.0,0.0,1.0,1.0,0.875
5558,ad123ee37bc2eb842,True,,,,,,,,,,1.0,1.0,1.0,1.0,0.7780450429019226,1.0,0.0,1.0,1.0,0.8056390759068508
5559,99e402b94de45b44b,True,,,,,,,,,,1.0,1.0,1.0,1.0,0.5748775374851629,1.0,1.0,1.0,0.0,0.7421492304641134
5560,d113ac7bc40f321c0,True,,,,,,,,,,1.0,1.0,1.0,1.0,1.0,1.0,1.0,1.0,0.0,0.875
5561,81c9c878090cea034,True,,,,,,,,,,1.0,1.0,1.0,1.0,0.1350350061961959,1.0,1.0,1.0,1.0,0.7296984394363113
5562,c2fbdb2ef268ad123,True,,,,,,,,,,1.0,1.0,1.0,1.0,1.0,1.0,0.0,1.0,1.0,0.875
5563,5fe5ada2e768e26b3,True,,,,,,,,,,0.0,1.0,1.0,1.0,1.0,0.0,0.0,1.0,0.0,0.0
5564,6663c84e1f3447a03,True,,,,,,,,,,1.0,1.0,1.0,1.0,0.47317645968174593,1.0,0.0,1.0,1.0,0.7103676436505456
5565,d4443eaf8695fc97e,True,,,,,,,,,,1.0,1.0,0.0,1.0,0.8060140079013128,0.0,0.0,0.0,0.0,0.0
5566,1bd8d67289c963a19,True,,,,,,,,,,1.0,1.0,1.0,1.0,0.8518749402041962,1.0,0.0,1.0,0.0,0.7037109188138113
5567,e373db6dd950e3e73,True,,,,,,,,,,1.0,1.0,1.0,1.0,0.9450409713929133,1.0,1.0,1.0,1.0,0.9828253035602854
5568,9cef002202fcf25ea,True,,,,,,,,,,1.0,1.0,1.0,1.0,0.36232208199371113,1.0,0.0,1.0,1.0,0.6757256506230347
5569,63e3d0d0e92dfb4d5,True,,,,,,,,,,1.0,0.0,1.0,1.0,1.0,1.0,1.0,1.0,0.0,0.0
5570,6aa7e26a080e2bd09,True,,,,,,,,,,1.0,1.0,1.0,1.0,1.0,1.0,1.0,1.0,0.0,0.875
5571,3e552e543e3533e54,True,,,,,,,,,,1.0,1.0,1.0,1.0,0.3846108170214781,1.0,0.0,1.0,0.0,0.5576908803192119
5572,583b2af0de861778c,True,,,,,,,,,,1.0,1.0,0.5,1.0,1.0,1.0,0.0,1.0,0.0,0.375
5573,a389c63fbad3287f2,True,,,,,,,,,,1.0,1.0,1.0,1.0,1.0,1.0,1.0,1.0,0.0,0.875
5574,aa2fc37ba0a88cfd3,True,,,,,,,,,,1.0,0.0,1.0,1.0,1.0,1.0,1.0,1.0,0.0,0.0
5575,0980084e5c33ab76e,True,,,,,,,,,,1.0,1.0,1.0,1.0,0.8295869001503842,1.0,1.0,1.0,0.0,0.8217459062969951
5576,0aef5f06bc06b4b67,True,,,,,,,,,,1.0,0.0,1.0,1.0,1.0,1.0,1.0,1.0,1.0,0.0
5577,f7de2890aa326283e,True,,,,,,,,,,1.0,1.0,1.0,1.0,0.46712807327099015,1.0,1.0,1.0,0.0,0.7084775228971845
5578,1f4df83dd9414d0c4,True,,,,,,,,,,1.0,1.0,0.0,1.0,0.7634817121338371,1.0,0.0,1.0,1.0,0.0
5579,2bf1c7fc03ffaa988,True,,,,,,,,,,1.0,1.0,1.0,1.0,0.7957722258422264,1.0,0.0,1.0,1.0,0.8111788205756958
5580,0c9af5dd9b0259374,True,,,,,,,,,,0.0,1.0,1.0,0.0,1.0,0.0,0.0,1.0,0.0,0.0
5581,281b6c4a5468c1447,True,,,,,,,,,,1.0,1.0,0.0,1.0,0.7897579032521247,1.0,0.0,1.0,1.0,0.0
5582,3349d086f3bc06728,True,,,,,,,,,,1.0,1.0,1.0,1.0,0.7922366573525492,1.0,0.0,1.0,1.0,0.8100739554226717
5583,2498bf6f5436ef1e3,True,,,,,,,,,,1.0,1.0,0.0,1.0,1.0,1.0,0.0,1.0,1.0,0.0
5584,d394c98f566e20aab,True,,,,,,,,,,1.0,1.0,1.0,1.0,0.9478768177156403,1.0,0.0,1.0,1.0,0.8587115055361376
5585,0cf895d7d61939eb3,True,,,,,,,,,,1.0,1.0,1.0,1.0,0.4971545136977947,1.0,0.0,1.0,1.0,0.7178607855305609
5586,6324e7d77bf56fdb3,True,,,,,,,,,,1.0,1.0,1.0,1.0,0.9496903489804065,1.0,1.0,1.0,0.0,0.859278234056377
5587,4466bfd1bb50dfc53,True,,,,,,,,,,1.0,1.0,1.0,1.0,0.7493996803599631,1.0,1.0,1.0,0.0,0.7966874001124884
5588,feff8b53a0025b738,True,,,,,,,,,,1.0,1.0,1.0,1.0,0.40846808955691616,1.0,0.0,1.0,1.0,0.6901462779865363
5589,0f4ea7fb12b00026d,True,,,,,,,,,,1.0,1.0,1.0,1.0,0.5637809362428584,1.0,1.0,1.0,1.0,0.8636815425758932
5590,f6c5e4b7769ddda20,True,,,,,,,,,,1.0,1.0,1.0,1.0,1.0,1.0,1.0,1.0,0.0,0.875
5591,5b8389f00775d1a89,True,,,,,,,,,,1.0,0.0,0.5,1.0,1.0,1.0,0.0,1.0,0.0,0.0
5592,eb16cfaf356e80f1f,True,,,,,,,,,,1.0,1.0,1.0,1.0,0.9360354464191951,1.0,1.0,1.0,1.0,0.9800110770059984
5593,103886298090f6b5a,True,,,,,,,,,,0.0,1.0,1.0,1.0,1.0,0.0,0.0,1.0,0.0,0.0
5594,c9c198442a1efdc10,True,,,,,,,,,,1.0,1.0,0.5,1.0,1.0,1.0,1.0,1.0,1.0,0.5
5595,c1ff77f605c58678a,True,,,,,,,,,,0.0,1.0,1.0,1.0,1.0,0.0,0.0,1.0,1.0,0.0
5596,35dbe67d467571cfb,True,,,,,,,,,,1.0,1.0,1.0,1.0,0.7763630772566608,1.0,0.0,1.0,0.0,0.6801134616427065
5597,9fe9464c7d920430e,True,,,,,,,,,,1.0,0.0,0.5,1.0,1.0,1.0,0.0,1.0,0.0,0.0
5598,d7a37061fcfc5dfd1,True,,,,,,,,,,1.0,0.0,1.0,1.0,1.0,1.0,1.0,1.0,0.0,0.0
5599,808228d1cf4a9f699,True,,,,,,,,,,1.0,1.0,1.0,1.0,0.7437917669423876,1.0,1.0,1.0,0.0,0.7949349271694961
5600,f8ef03363118bcda4,True,,,,,,,,,,1.0,1.0,0.0,1.0,1.0,1.0,0.0,1.0,0.0,0.0
5601,6d611ec100d73e0e6,True,,,,,,,,,,1.0,1.0,0.5,1.0,0.7829948265781866,1.0,0.0,1.0,0.0,0.34109294165284165
5602,d294ac095b61c1877,True,,,,,,,,,,1.0,1.0,1.0,1.0,0.5776671837945364,1.0,1.0,1.0,0.0,0.7430209949357927
5603,21dda72ce686d45f5,True,,,,,,,,,,1.0,1.0,0.5,1.0,1.0,1.0,0.0,1.0,0.0,0.375
5604,570c63685f0d25c8f,True,,,,,,,,,,1.0,1.0,0.0,1.0,0.7087470060110705,1.0,0.0,1.0,0.0,0.0
5605,f37a107cfe0b65537,True,,,,,,,,,,1.0,1.0,1.0,1.0,0.08386212670493098,1.0,1.0,1.0,1.0,0.713706914595291
5606,de0ea29426ca0c381,True,,,,,,,,,,1.0,1.0,1.0,1.0,0.32431300965396304,1.0,0.0,1.0,1.0,0.6638478155168634
5607,4eec744ab28fc824f,True,,,,,,,,,,1.0,1.0,1.0,1.0,1.0,1.0,0.0,1.0,1.0,0.875
5608,63aab11dd75c78ad2,True,,,,,,,,,,1.0,1.0,1.0,1.0,0.6342349170013306,1.0,1.0,1.0,1.0,0.8856984115629158
5609,c293d0be2f2680817,True,,,,,,,,,,1.0,0.0,0.5,1.0,1.0,1.0,0.0,0.0,0.0,0.0
5610,4cf3497675a6d22b9,True,,,,,,,,,,1.0,1.0,1.0,1.0,0.4096489707024222,1.0,0.0,1.0,1.0,0.690515303344507
5611,fb83b02b78181e4f8,True,,,,,,,,,,1.0,1.0,0.5,1.0,0.6631202142835301,1.0,0.0,1.0,0.0,0.32236253348180155
5612,aecd96a93af75adeb,True,,,,,,,,,,1.0,1.0,1.0,1.0,1.0,1.0,0.0,1.0,0.0,0.75
5613,f25f0a0a5f68f4d90,True,,,,,,,,,,1.0,1.0,1.0,1.0,0.6314992844523889,1.0,0.0,1.0,0.0,0.6348435263913715
5614,86503ecf3c1b0f902,True,,,,,,,,,,1.0,1.0,1.0,1.0,0.54481292539335,1.0,1.0,1.0,1.0,0.8577540391854219
5615,c911e86fa2d53c1d1,True,,,,,,,,,,1.0,1.0,1.0,1.0,0.8598537561622474,1.0,0.0,1.0,0.0,0.7062042988007022
5616,9e31589f9ede4587e,True,,,,,,,,,,1.0,0.0,0.0,1.0,1.0,1.0,0.0,1.0,1.0,0.0
5617,9419f81f3116fcd08,True,,,,,,,,,,0.0,1.0,1.0,1.0,1.0,0.0,1.0,1.0,1.0,0.0
5618,e7d365382ac482e2f,True,,,,,,,,,,0.0,1.0,1.0,1.0,1.0,0.0,1.0,1.0,1.0,0.0
5619,5cd39ab6536d551b7,True,,,,,,,,,,0.0,1.0,1.0,1.0,1.0,0.0,1.0,1.0,0.0,0.0
5620,9384f1e1e708f3470,True,,,,,,,,,,1.0,1.0,1.0,1.0,0.7102923028073539,1.0,1.0,1.0,1.0,0.9094663446272981
5621,b57ec07d7cbceb48b,True,,,,,,,,,,1.0,1.0,1.0,1.0,0.7842122452781037,1.0,0.0,1.0,1.0,0.8075663266494074
5622,92bb9ea2567e28fca,True,,,,,,,,,,1.0,1.0,1.0,1.0,0.9922384310043164,1.0,1.0,1.0,1.0,0.9975745096888489
5623,1549d79fb52ee0d4d,True,,,,,,,,,,1.0,1.0,1.0,1.0,0.7225843094776349,1.0,1.0,1.0,1.0,0.9133075967117609
5624,6eb7971620ae92336,True,,,,,,,,,,1.0,0.0,0.0,1.0,1.0,1.0,1.0,1.0,0.0,0.0
5625,6883dd210767ef27d,True,,,,,,,,,,1.0,1.0,1.0,1.0,0.38196297003073176,1.0,1.0,1.0,1.0,0.8068634281346037
5626,16d41ea13c0836f9f,True,,,,,,,,,,1.0,1.0,0.0,1.0,1.0,1.0,0.0,1.0,1.0,0.0
5627,e2bde995b7f918cba,True,,,,,,,,,,1.0,1.0,0.0,1.0,0.9440203838336342,1.0,0.0,1.0,1.0,0.0
5628,82d900751ef2cc1dc,True,,,,,,,,,,1.0,0.0,0.5,1.0,1.0,1.0,0.0,1.0,0.0,0.0
5629,516eb2ea0832b6c1d,True,,,,,,,,,,1.0,1.0,1.0,1.0,1.0,1.0,1.0,1.0,1.0,1.0
5630,3f8a80414eacde90b,True,,,,,,,,,,1.0,1.0,1.0,1.0,0.7480365121106572,1.0,0.0,1.0,1.0,0.7962614100345804
5631,2810fb7a63c63635c,True,,,,,,,,,,1.0,1.0,1.0,1.0,0.8149866576326021,1.0,1.0,1.0,1.0,0.9421833305101881
5632,10369bbacaa4e3b7d,True,,,,,,,,,,1.0,1.0,1.0,1.0,0.3690859116300743,1.0,1.0,1.0,0.0,0.6778393473843982
5633,1cdaa96068632401f,True,,,,,,,,,,1.0,1.0,1.0,1.0,0.35465037338053623,1.0,1.0,1.0,0.0,0.6733282416814176
5634,146404d39b9ce38d7,True,,,,,,,,,,1.0,1.0,1.0,1.0,0.905886298457992,1.0,1.0,0.0,0.0,0.7205894682681224
5635,ea7e06440b39909f9,True,,,,,,,,,,1.0,1.0,1.0,1.0,0.9839610818644091,1.0,1.0,1.0,0.0,0.8699878380826278
5636,151d16ac2d96ae161,True,,,,,,,,,,1.0,1.0,1.0,1.0,1.0,1.0,1.0,1.0,1.0,1.0
5637,6abf3c8e9d73929cc,True,,,,,,,,,,1.0,1.0,1.0,1.0,0.5991967373876739,1.0,1.0,1.0,1.0,0.8747489804336481
5638,5d5440db427d5f265,True,,,,,,,,,,1.0,1.0,1.0,1.0,0.19378244906006528,1.0,1.0,1.0,1.0,0.7480570153312704
5639,f6021914cda2ce515,True,,,,,,,,,,1.0,1.0,1.0,1.0,0.8629670157939153,1.0,0.0,1.0,1.0,0.8321771924355985
5640,0128939093fdde786,True,,,,,,,,,,1.0,1.0,1.0,1.0,0.7129178026043539,1.0,1.0,1.0,1.0,0.9102868133138606
5641,2309f75fc2af06a77,True,,,,,,,,,,1.0,0.0,1.0,1.0,1.0,1.0,0.0,1.0,1.0,0.0
5642,58c7dc2cb395006ae,True,,,,,,,,,,1.0,1.0,1.0,1.0,0.5545042018766343,1.0,1.0,1.0,0.0,0.7357825630864482
5643,5e84fb24c3fbd2647,True,,,,,,,,,,0.0,1.0,1.0,1.0,1.0,0.0,0.0,1.0,0.0,0.0
5644,a538a6acee46ef831,True,,,,,,,,,,1.0,1.0,1.0,1.0,0.8265531121343022,1.0,1.0,1.0,0.0,0.8207978475419695
5645,0ff0e427305289854,True,,,,,,,,,,1.0,1.0,0.5,1.0,1.0,1.0,0.0,1.0,0.0,0.375
5646,4189825e20758be70,True,,,,,,,,,,1.0,1.0,1.0,1.0,0.6957384696415028,1.0,1.0,1.0,0.0,0.7799182717629696
5647,3888d194819d19b6e,True,,,,,,,,,,1.0,1.0,0.0,1.0,1.0,1.0,0.0,1.0,0.0,0.0
5648,be37c56ecccec8f54,True,,,,,,,,,,1.0,0.0,1.0,1.0,1.0,1.0,0.0,1.0,1.0,0.0
5649,2629f98f6e294c4f4,True,,,,,,,,,,1.0,1.0,1.0,1.0,0.7992341043240108,1.0,1.0,1.0,1.0,0.9372606576012534
5650,8a2f9fc5fa33f4001,True,,,,,,,,,,1.0,0.0,0.5,1.0,1.0,1.0,0.0,1.0,1.0,0.0
5651,9d70974d55a05357d,True,,,,,,,,,,1.0,1.0,1.0,1.0,0.8463014853211811,1.0,1.0,0.0,0.0,0.7019692141628691
5652,3176ea282b5516214,True,,,,,,,,,,0.0,1.0,1.0,0.0,1.0,0.0,0.0,1.0,0.0,0.0
5653,85cab6604a5a39b78,True,,,,,,,,,,0.0,1.0,0.5,1.0,0.7266687523715903,0.0,0.0,1.0,0.0,0.0
5654,38243f89c66ef146f,True,,,,,,,,,,1.0,0.0,1.0,1.0,0.4882090931379981,1.0,0.0,1.0,1.0,0.0
5655,4bdf97e7a68a220e2,True,,,,,,,,,,1.0,1.0,1.0,1.0,0.7366056489533002,1.0,0.0,1.0,1.0,0.7926892652979063
5656,b1446d3c05a5f7c0a,True,,,,,,,,,,1.0,1.0,0.0,1.0,1.0,1.0,0.0,1.0,0.0,0.0
5657,c7d0ddf8a1a463297,True,,,,,,,,,,1.0,1.0,1.0,1.0,0.7585535623595003,1.0,0.0,1.0,1.0,0.7995479882373439
5658,94c404a1f903addc1,True,,,,,,,,,,1.0,1.0,1.0,1.0,0.402542072194332,1.0,1.0,1.0,1.0,0.8132943975607287
5659,9f713e2cd506e1fef,True,,,,,,,,,,1.0,1.0,1.0,1.0,1.0,1.0,1.0,1.0,1.0,1.0
5660,cfb8ea140d6258c81,True,,,,,,,,,,1.0,1.0,1.0,1.0,1.0,1.0,0.0,1.0,1.0,0.875
5661,eedb6f9d589e745c8,True,,,,,,,,,,0.0,0.0,1.0,1.0,1.0,0.0,1.0,1.0,1.0,0.0
5662,b141bcb6ae7025055,True,,,,,,,,,,1.0,1.0,1.0,1.0,1.0,0.0,1.0,1.0,1.0,0.6875
5663,9105cbfa672b3e348,True,,,,,,,,,,0.0,1.0,1.0,1.0,1.0,0.0,0.0,1.0,0.0,0.0
5664,c4724d2f7e5d62357,True,,,,,,,,,,0.0,1.0,1.0,1.0,1.0,0.0,1.0,1.0,0.0,0.0
5665,0d4c14fd757504ef9,True,,,,,,,,,,1.0,1.0,0.0,1.0,1.0,1.0,0.0,1.0,1.0,0.0
5666,ee835d04e79982ac7,True,,,,,,,,,,1.0,1.0,1.0,1.0,1.0,1.0,0.0,1.0,1.0,0.875
5667,733dab2043d02d8e3,True,,,,,,,,,,0.0,0.0,1.0,1.0,0.7832542739007644,0.0,1.0,1.0,0.0,0.0
5668,f8f9337702054ca25,True,,,,,,,,,,1.0,1.0,1.0,1.0,1.0,1.0,0.0,1.0,1.0,0.875
5669,02a790e5861b97543,True,,,,,,,,,,1.0,1.0,1.0,1.0,0.5661500922299912,1.0,0.0,1.0,1.0,0.7394219038218722
5670,76a0cb9becd094e36,True,,,,,,,,,,1.0,1.0,1.0,1.0,1.0,1.0,1.0,1.0,0.0,0.875
5671,08b425d9aa40aee45,True,,,,,,,,,,1.0,0.0,1.0,1.0,1.0,1.0,0.0,0.0,1.0,0.0
5672,ae591052e837d1674,True,,,,,,,,,,1.0,0.0,1.0,1.0,0.6862815429253799,1.0,1.0,1.0,0.0,0.0
5673,afae980cb1f67291e,True,,,,,,,,,,1.0,1.0,0.5,1.0,0.9233631154506441,1.0,1.0,1.0,0.0,0.42552548678916313
5674,69958b4858f9aa696,True,,,,,,,,,,1.0,1.0,1.0,1.0,0.3992492557396556,1.0,1.0,1.0,1.0,0.8122653924186424
5675,83f19b2038c24367b,True,,,,,,,,,,1.0,1.0,1.0,1.0,1.0,1.0,1.0,1.0,1.0,1.0
5676,b9a43db97480bc666,True,,,,,,,,,,1.0,1.0,0.0,1.0,1.0,1.0,0.0,1.0,0.0,0.0
5677,37eb625a0529e1cfa,True,,,,,,,,,,1.0,1.0,1.0,1.0,0.9332042389074638,1.0,1.0,1.0,0.0,0.8541263246585824
5678,89474c5ba034ced0c,True,,,,,,,,,,1.0,1.0,1.0,1.0,0.5990701144924608,1.0,1.0,1.0,0.0,0.749709410778894
5679,c557bbca95b7a9516,True,,,,,,,,,,1.0,1.0,1.0,1.0,0.8973449716711482,1.0,1.0,1.0,0.0,0.8429203036472338
5680,6b0615242bd92eaed,True,,,,,,,,,,1.0,1.0,1.0,1.0,1.0,1.0,1.0,1.0,1.0,1.0
5681,bd2169898173c44cb,True,,,,,,,,,,0.5,0.0,1.0,1.0,1.0,0.0,0.0,1.0,0.0,0.0
5682,d44eb346043c78d47,True,,,,,,,,,,1.0,0.0,0.0,1.0,1.0,1.0,0.0,1.0,1.0,0.0
5683,17924fa146add877f,True,,,,,,,,,,1.0,1.0,1.0,1.0,0.7629324192879074,1.0,1.0,1.0,1.0,0.9259163810274711
5684,c40981d1d4e696de2,True,,,,,,,,,,1.0,0.0,1.0,1.0,0.6028802060372054,1.0,0.0,1.0,0.0,0.0
5685,d73385f96b3a8b16d,True,,,,,,,,,,1.0,1.0,1.0,1.0,0.791326499166378,1.0,1.0,1.0,1.0,0.9347895309894931
5686,85102a1c7b55bc154,True,,,,,,,,,,1.0,1.0,1.0,1.0,0.23443002130495333,1.0,1.0,1.0,1.0,0.7607593816577979
5687,e58505d2e2a702e58,True,,,,,,,,,,0.0,1.0,1.0,1.0,1.0,0.0,1.0,1.0,1.0,0.0
5688,b6ff83d0cafd7c12e,True,,,,,,,,,,1.0,0.0,1.0,1.0,0.5947484562553215,1.0,0.0,1.0,1.0,0.0
5689,b909db4a1499a9c5b,True,,,,,,,,,,1.0,1.0,1.0,1.0,0.7512691215986055,1.0,1.0,1.0,0.0,0.7972716004995642
5690,e4cc46ea076c674d9,True,,,,,,,,,,1.0,1.0,1.0,1.0,0.31432001993907693,1.0,0.0,1.0,0.0,0.5357250062309615
5691,66186ff8feddb320f,True,,,,,,,,,,1.0,1.0,1.0,1.0,0.6795789764813669,1.0,0.0,1.0,1.0,0.7748684301504272
5692,94787bba8c2128445,True,,,,,,,,,,0.0,0.0,1.0,1.0,1.0,0.0,0.0,0.0,0.0,0.0
5693,3df563a8c00556068,True,,,,,,,,,,1.0,1.0,1.0,1.0,0.31211251426945497,1.0,1.0,1.0,1.0,0.7850351607092046
5694,8e3a32effa7ad4fc9,True,,,,,,,,,,0.0,1.0,1.0,1.0,1.0,0.0,1.0,1.0,0.0,0.0
5695,6cbd63c8a5077be25,True,,,,,,,,,,1.0,0.0,1.0,1.0,0.6591077061533046,1.0,1.0,1.0,0.0,0.0
5696,d338d0b0f53782114,True,,,,,,,,,,1.0,1.0,1.0,1.0,0.9769759120254643,1.0,0.0,1.0,0.0,0.7428049725079575
5697,9faeca442f57af75b,True,,,,,,,,,,1.0,1.0,1.0,1.0,1.0,1.0,0.0,1.0,1.0,0.875
5698,cbef70f53373bf6bb,True,,,,,,,,,,1.0,1.0,1.0,1.0,0.30486186351892225,1.0,0.0,1.0,0.0,0.5327693323496632
5699,cc641ddb31703cb06,True,,,,,,,,,,1.0,1.0,0.0,1.0,0.931502857200556,0.0,0.0,1.0,1.0,0.0
5700,f7592c27f95e1ae0e,True,,,,,,,,,,1.0,1.0,1.0,1.0,0.8080088807317486,1.0,1.0,1.0,0.0,0.8150027752286715
5701,ca4163d1efbe0dd9c,True,,,,,,,,,,1.0,1.0,0.5,1.0,1.0,1.0,0.0,1.0,0.0,0.375
5702,377968d648e50daf0,True,,,,,,,,,,0.0,1.0,1.0,1.0,1.0,0.0,0.0,1.0,0.0,0.0
5703,ac83e59ec47471195,True,,,,,,,,,,1.0,1.0,1.0,1.0,0.4717927121653299,1.0,1.0,1.0,1.0,0.8349352225516656
5704,9d9f3b3f6578c5375,True,,,,,,,,,,1.0,1.0,1.0,1.0,1.0,1.0,0.0,1.0,0.0,0.75
5705,152d0a2d7a121ac40,True,,,,,,,,,,1.0,1.0,1.0,1.0,0.7625229320201296,1.0,1.0,1.0,0.0,0.8007884162562905
5706,a20d11131b97593ab,True,,,,,,,,,,1.0,1.0,1.0,1.0,0.7346237855296532,1.0,0.0,1.0,1.0,0.7920699329780166
5707,87f8776a408095eee,True,,,,,,,,,,1.0,1.0,1.0,1.0,0.6156904997902473,1.0,1.0,1.0,1.0,0.8799032811844523
5708,11e5a12ad80226150,True,,,,,,,,,,1.0,1.0,1.0,1.0,0.8372182875996195,1.0,0.0,1.0,0.0,0.6991307148748811
5709,56f5b7c7a036edaad,True,,,,,,,,,,1.0,1.0,1.0,1.0,0.36344934071539176,1.0,1.0,1.0,0.0,0.67607791897356
5710,87940f7f64854009d,True,,,,,,,,,,0.5,1.0,1.0,1.0,1.0,0.0,1.0,1.0,1.0,0.34375
5711,73bd1fde4cf4bbd5a,True,,,,,,,,,,0.0,1.0,1.0,0.0,1.0,0.0,0.0,1.0,0.0,0.0
5712,610932681c4760e82,True,,,,,,,,,,1.0,1.0,1.0,1.0,0.5899077939464312,1.0,1.0,1.0,1.0,0.8718461856082598
5713,b7e991a05053bf3b9,True,,,,,,,,,,1.0,0.0,0.0,1.0,1.0,1.0,0.0,1.0,1.0,0.0
5714,0118e2ec3759cc2bc,True,,,,,,,,,,1.0,1.0,1.0,1.0,1.0,1.0,0.0,1.0,1.0,0.875
5715,9a9ccb6c7221c42a1,True,,,,,,,,,,1.0,1.0,1.0,1.0,0.8536150996831502,0.0,0.0,1.0,1.0,0.5167547186509844
5716,81a0fd8a5f248a253,True,,,,,,,,,,0.0,1.0,1.0,1.0,1.0,0.0,1.0,1.0,1.0,0.0
5717,5b460729c6e5e42fd,True,,,,,,,,,,0.0,1.0,1.0,1.0,0.313201598764548,0.0,1.0,1.0,1.0,0.0
5718,8124438bc47b3654f,True,,,,,,,,,,1.0,1.0,0.0,1.0,1.0,1.0,0.0,1.0,1.0,0.0
5719,e30153992e5712828,True,,,,,,,,,,1.0,1.0,1.0,1.0,0.39114978539722756,1.0,1.0,1.0,0.0,0.6847343079366336
5720,46cb7915dd2c8bddc,True,,,,,,,,,,1.0,1.0,1.0,1.0,0.8104192699875097,1.0,0.0,1.0,0.0,0.6907560218710967
5721,bb3d79c6ae2460067,True,,,,,,,,,,1.0,1.0,1.0,1.0,0.7997798361855742,1.0,1.0,1.0,0.0,0.812431198807992
5722,6864784b80c0a0fde,True,,,,,,,,,,1.0,1.0,1.0,1.0,1.0,1.0,0.0,1.0,1.0,0.875
5723,ed75936c057902b19,True,,,,,,,,,,1.0,1.0,1.0,1.0,0.7158543439210422,1.0,0.0,1.0,1.0,0.7862044824753257
5724,2d176dbb12e40c2aa,True,,,,,,,,,,0.0,1.0,1.0,1.0,1.0,0.0,0.0,0.0,0.0,0.0
5725,321422cad3f85a6a3,True,,,,,,,,,,0.0,1.0,0.0,1.0,1.0,0.0,0.0,1.0,0.0,0.0
5726,bfee1080de1fa0853,True,,,,,,,,,,1.0,1.0,1.0,1.0,1.0,1.0,0.0,1.0,1.0,0.875
5727,7404698935ca6a31c,True,,,,,,,,,,1.0,1.0,0.0,1.0,1.0,1.0,0.0,1.0,1.0,0.0
5728,90d6b6889f35e691d,True,,,,,,,,,,1.0,1.0,1.0,1.0,0.864103981054815,1.0,0.0,1.0,1.0,0.8325324940796297
5729,5e652ec452f5c3eb4,True,,,,,,,,,,1.0,1.0,1.0,1.0,0.8194914362604437,1.0,1.0,1.0,1.0,0.9435910738313886
5730,b88788ff5a11cb94f,True,,,,,,,,,,1.0,1.0,1.0,1.0,0.4180154398396813,1.0,1.0,1.0,1.0,0.8181298249499004
5731,96260f12e203e8493,True,,,,,,,,,,1.0,1.0,1.0,1.0,0.09576056519476643,1.0,1.0,1.0,1.0,0.7174251766233646
5732,478ebd3b3ddcd9ccd,True,,,,,,,,,,1.0,1.0,0.0,1.0,1.0,0.0,0.0,1.0,0.0,0.0
5733,10b2a2e4969e65b18,True,,,,,,,,,,1.0,0.0,1.0,1.0,0.7914200414721393,1.0,1.0,1.0,1.0,0.0
5734,1c6327dd6c33a1c36,True,,,,,,,,,,1.0,1.0,1.0,1.0,0.4960984716778082,1.0,1.0,1.0,1.0,0.8425307723993151
5735,95ef6af0cd345193e,True,,,,,,,,,,1.0,1.0,0.5,1.0,1.0,1.0,1.0,1.0,0.0,0.4375
5736,335b43f5320efd73d,True,,,,,,,,,,0.5,0.0,1.0,1.0,1.0,0.0,1.0,1.0,1.0,0.0
5737,246d3c9b39fae2ec7,True,,,,,,,,,,1.0,1.0,1.0,1.0,1.0,1.0,1.0,1.0,1.0,1.0
5738,cf9851f86105d9f8c,True,,,,,,,,,,1.0,1.0,1.0,1.0,0.8694670431831095,1.0,0.0,1.0,0.0,0.7092084509947217
5739,e20ec0633fcd9af94,True,,,,,,,,,,1.0,1.0,1.0,1.0,0.7672642397595129,1.0,1.0,1.0,0.0,0.8022700749248477
5740,7dd030c5962831b4d,True,,,,,,,,,,1.0,1.0,0.0,1.0,0.84190033543759,1.0,1.0,1.0,1.0,0.0
5741,b6e21e56bbdb5ba68,True,,,,,,,,,,1.0,1.0,1.0,1.0,1.0,1.0,1.0,1.0,1.0,1.0
5742,129fa714e230a9eae,True,,,,,,,,,,1.0,1.0,0.5,1.0,0.8439375233020501,1.0,0.0,1.0,1.0,0.4131152380159453
5743,7d4ce2377f19fda93,True,,,,,,,,,,1.0,1.0,1.0,1.0,0.8297927012230394,1.0,0.0,1.0,1.0,0.8218102191321999
5744,3d03bade5b2a834b7,True,,,,,,,,,,1.0,1.0,1.0,1.0,0.7573613781771296,1.0,0.0,1.0,1.0,0.799175430680353
5745,5f64cfcf81e889869,True,,,,,,,,,,0.0,1.0,1.0,1.0,0.38466756364443183,0.0,0.0,1.0,0.0,0.0
5746,9e4b9c5c9c0f63038,True,,,,,,,,,,1.0,1.0,1.0,1.0,0.9230238044143727,1.0,0.0,0.0,0.0,0.6009449388794914
5747,ad89b51facf4ec5e5,True,,,,,,,,,,1.0,1.0,0.0,1.0,1.0,1.0,0.0,1.0,1.0,0.0
5748,7d4dd35efebf5aa8f,True,,,,,,,,,,1.0,1.0,1.0,1.0,0.8712650252766729,1.0,0.0,1.0,0.0,0.7097703203989603
5749,843dea321ea12e93c,True,,,,,,,,,,1.0,1.0,1.0,1.0,0.5700213663182019,1.0,0.0,1.0,1.0,0.7406316769744381
5750,9a1d8c48d604f6c79,True,,,,,,,,,,1.0,1.0,1.0,1.0,0.7787105918330547,1.0,1.0,1.0,1.0,0.9308470599478296
5751,923c60fcee28fff76,True,,,,,,,,,,1.0,1.0,1.0,1.0,0.3200666764772241,1.0,0.0,1.0,1.0,0.6625208363991325
5752,bf348ece26ab3f920,True,,,,,,,,,,1.0,0.0,1.0,1.0,1.0,1.0,0.0,1.0,1.0,0.0
5753,cad5818510a871f22,True,,,,,,,,,,0.0,1.0,1.0,1.0,1.0,0.0,1.0,1.0,0.0,0.0
5754,35dde9258cf9db5c2,True,,,,,,,,,,1.0,1.0,1.0,1.0,0.6626378934096493,1.0,0.0,1.0,0.0,0.6445743416905154
5755,35f03ec2d26d4c3df,True,,,,,,,,,,0.0,0.0,0.0,1.0,1.0,0.0,0.0,1.0,1.0,0.0
5756,a8318f7cafe4396ae,True,,,,,,,,,,1.0,0.0,1.0,1.0,0.44859767228943764,1.0,0.0,1.0,0.0,0.0
5757,a9a2a4ccbd1a06bee,True,,,,,,,,,,1.0,0.0,1.0,1.0,0.9471684528413439,1.0,1.0,1.0,0.0,0.0
5758,97e30986c37339a1b,True,,,,,,,,,,1.0,1.0,1.0,1.0,0.9042129856001575,1.0,1.0,1.0,1.0,0.9700665580000492
5759,0d51246322745f1a6,True,,,,,,,,,,1.0,1.0,1.0,1.0,0.7368887980674433,1.0,0.0,1.0,0.0,0.667777749396076
5760,00aa61063a3147cb9,True,,,,,,,,,,1.0,1.0,1.0,1.0,0.3291364521122951,1.0,1.0,1.0,1.0,0.7903551412850922
5761,45d88e7f92a4a9e74,True,,,,,,,,,,1.0,1.0,1.0,1.0,0.2377085507293918,1.0,1.0,1.0,0.0,0.636783922102935
5762,772ca0f5b2b35d83b,True,,,,,,,,,,1.0,1.0,1.0,0.0,1.0,1.0,1.0,1.0,1.0,0.0
5763,3079c8b009170b052,True,,,,,,,,,,1.0,0.0,1.0,1.0,0.8558319398121214,1.0,1.0,1.0,1.0,0.0
5764,e7db08ac75d56b8b2,True,,,,,,,,,,1.0,1.0,1.0,1.0,0.26110349774139174,1.0,0.0,1.0,0.0,0.5190948430441849
5765,932b2f68de04adb10,True,,,,,,,,,,0.0,1.0,1.0,1.0,1.0,1.0,0.0,1.0,1.0,0.0
5766,96cf7424a206ab31f,True,,,,,,,,,,0.0,1.0,1.0,1.0,0.6947194788133497,0.0,1.0,1.0,0.0,0.0
5767,8d8129f6368d5e730,True,,,,,,,,,,1.0,1.0,1.0,1.0,0.7379599050245632,1.0,1.0,1.0,1.0,0.918112470320176
5768,f8d974540bdca9c27,True,,,,,,,,,,1.0,1.0,0.0,1.0,1.0,1.0,0.0,1.0,0.0,0.0
5769,6d4656583dbcb0d29,True,,,,,,,,,,1.0,1.0,1.0,1.0,0.13998462682337104,1.0,1.0,1.0,1.0,0.7312451958823034
5770,e2ea1000f4e2d0904,True,,,,,,,,,,1.0,1.0,1.0,1.0,0.6707291717460597,1.0,1.0,1.0,0.0,0.7721028661706437
5771,1d9b777552553488e,True,,,,,,,,,,1.0,1.0,0.5,1.0,1.0,1.0,0.0,1.0,1.0,0.4375
5772,0dbe87a99ac3cd3e1,True,,,,,,,,,,1.0,0.0,1.0,1.0,1.0,0.0,0.0,1.0,1.0,0.0
5773,9bcb88a77a10c4c0c,True,,,,,,,,,,1.0,1.0,1.0,1.0,0.606333222104544,1.0,0.0,1.0,1.0,0.75197913190767
5774,580ccf6399ed92f1c,True,,,,,,,,,,1.0,1.0,1.0,1.0,1.0,1.0,0.0,1.0,1.0,0.875
5775,1ac3e56e5a46a2f3a,True,,,,,,,,,,1.0,1.0,1.0,1.0,1.0,1.0,0.0,1.0,0.0,0.75
5776,f0cb86afe097df891,True,,,,,,,,,,1.0,1.0,1.0,1.0,0.7639039884862868,1.0,0.0,1.0,0.0,0.6762199964019646
5777,eeab7294535bc0168,True,,,,,,,,,,0.0,0.0,0.0,1.0,1.0,0.0,0.0,1.0,0.0,0.0
5778,77f94784109733a34,True,,,,,,,,,,1.0,1.0,1.0,1.0,0.5375686014319406,1.0,0.0,1.0,1.0,0.7304901879474814
5779,84216c5077769d755,True,,,,,,,,,,1.0,1.0,0.0,1.0,1.0,1.0,0.0,1.0,0.0,0.0
5780,b83c30081d33ba2dd,True,,,,,,,,,,1.0,1.0,1.0,1.0,0.769598600995699,1.0,1.0,1.0,1.0,0.9279995628111559
5781,39bdf934b35cb930d,True,,,,,,,,,,1.0,1.0,1.0,1.0,0.8679017767937685,1.0,0.0,1.0,1.0,0.8337193052480527
5782,6e7de4339dc039c41,True,,,,,,,,,,1.0,1.0,1.0,1.0,0.7684839875165537,1.0,1.0,1.0,0.0,0.802651246098923
5783,dfe73ad8f70781d46,True,,,,,,,,,,1.0,1.0,1.0,1.0,0.3908758140384655,1.0,0.0,1.0,1.0,0.6846486918870205
5784,4c838e94f573fa977,True,,,,,,,,,,1.0,1.0,1.0,1.0,0.2588519579892204,1.0,0.0,1.0,1.0,0.6433912368716314
5785,31cff30cd9b0dac82,True,,,,,,,,,,1.0,1.0,1.0,1.0,0.5661500922299912,1.0,0.0,1.0,1.0,0.7394219038218722
5786,947f38ffbc0854bac,True,,,,,,,,,,1.0,1.0,1.0,1.0,1.0,1.0,1.0,1.0,1.0,1.0
5787,50c3efa45ebc549ab,True,,,,,,,,,,1.0,1.0,1.0,1.0,0.8094721466467776,1.0,0.0,1.0,1.0,0.815460045827118
5788,4c4503dbf9554a97b,True,,,,,,,,,,1.0,1.0,1.0,1.0,0.8472423669282579,1.0,0.0,1.0,1.0,0.8272632396650805
5789,78ff4a8811ea50019,True,,,,,,,,,,1.0,1.0,1.0,1.0,1.0,1.0,1.0,1.0,1.0,1.0
5790,2d98dd5a526780315,True,,,,,,,,,,1.0,1.0,0.0,1.0,1.0,1.0,1.0,1.0,0.0,0.0
5791,03edf6df45ef3dc2c,True,,,,,,,,,,1.0,1.0,1.0,1.0,1.0,1.0,0.0,1.0,1.0,0.875
5792,b9b2eb5e7bcdfdb6b,True,,,,,,,,,,1.0,1.0,1.0,1.0,0.782786980816207,1.0,1.0,1.0,0.0,0.8071209315050647
5793,c03cd29553653d383,True,,,,,,,,,,1.0,1.0,1.0,1.0,0.6135407286457563,1.0,1.0,1.0,0.0,0.7542314777017989
5794,3c9fb934bb7f40998,True,,,,,,,,,,1.0,1.0,1.0,1.0,0.6214395883698458,1.0,0.0,1.0,0.0,0.6316998713655768
5795,ad3a915c556a5c581,True,,,,,,,,,,1.0,1.0,0.0,0.0,1.0,1.0,0.0,1.0,0.0,0.0
5796,47349a858e8660e9e,True,,,,,,,,,,1.0,0.0,1.0,1.0,1.0,1.0,1.0,1.0,1.0,0.0
5797,f3f8e9c3fd11d36f3,True,,,,,,,,,,1.0,1.0,1.0,1.0,0.6695797349689645,1.0,1.0,1.0,1.0,0.8967436671778014
5798,7026d28794e20a290,True,,,,,,,,,,1.0,0.0,0.0,1.0,1.0,1.0,0.0,1.0,1.0,0.0
5799,0028b234cfbb35f30,True,,,,,,,,,,1.0,1.0,1.0,1.0,0.686472005642302,1.0,1.0,1.0,1.0,0.9020225017632194
5800,144eb49ce2929f8ea,True,,,,,,,,,,1.0,1.0,1.0,1.0,1.0,1.0,1.0,1.0,1.0,1.0
5801,842ac0b9f9e4a08ca,True,,,,,,,,,,1.0,0.0,1.0,1.0,1.0,1.0,1.0,1.0,0.0,0.0
5802,c92c8161fb36eab75,True,,,,,,,,,,1.0,1.0,1.0,1.0,0.5384704343104545,1.0,0.0,1.0,1.0,0.730772010722017
5803,e02ebb163a52bd53e,True,,,,,,,,,,1.0,1.0,1.0,1.0,0.501088036185821,1.0,1.0,1.0,1.0,0.844090011308069
5804,b947c49e539199af0,True,,,,,,,,,,1.0,1.0,1.0,1.0,0.5011751810543383,1.0,1.0,1.0,0.0,0.7191172440794807
5805,dccd172b97cc9b305,True,,,,,,,,,,1.0,1.0,1.0,1.0,0.3433395147343687,1.0,1.0,1.0,1.0,0.7947935983544903
5806,c548f7528dc6ad5c8,True,,,,,,,,,,1.0,1.0,1.0,1.0,0.7199287163007563,1.0,0.0,1.0,0.0,0.6624777238439863
5807,b9f22151c02f5a7d4,True,,,,,,,,,,0.0,1.0,1.0,1.0,0.7465036923590941,0.0,1.0,1.0,1.0,0.0
5808,7b6d8fa488a09b8d3,True,,,,,,,,,,1.0,1.0,1.0,1.0,0.830875647825475,1.0,1.0,1.0,0.0,0.822148639945461
5809,80f0bde16c34c246a,True,,,,,,,,,,1.0,1.0,0.5,1.0,1.0,1.0,0.0,1.0,0.0,0.375
5810,ef4eaef1d214e7da8,True,,,,,,,,,,1.0,1.0,1.0,1.0,1.0,1.0,1.0,1.0,0.0,0.875
5811,75e8f9b411d1144ad,True,,,,,,,,,,1.0,1.0,1.0,1.0,0.7179859272762739,1.0,1.0,1.0,1.0,0.9118706022738357
5812,493f02989c4ff9aac,True,,,,,,,,,,1.0,1.0,1.0,1.0,0.361260515686719,1.0,1.0,1.0,1.0,0.8003939111520997
5813,cd00bd6a4daf5fce4,True,,,,,,,,,,1.0,1.0,1.0,1.0,0.2667737965639675,1.0,0.0,1.0,0.0,0.5208668114262398
5814,40e5f23e7c1df8791,True,,,,,,,,,,1.0,0.0,1.0,1.0,0.7251860612830588,1.0,1.0,1.0,0.0,0.0
5815,ec7a65597cb09372c,True,,,,,,,,,,1.0,1.0,0.0,1.0,0.7784509989509677,1.0,0.0,1.0,1.0,0.0
5816,67ac6348f814bfca1,True,,,,,,,,,,1.0,1.0,1.0,1.0,0.2921384818648304,1.0,1.0,1.0,0.0,0.6537932755827595
5817,c4e1ff9b786c70034,True,,,,,,,,,,1.0,0.0,0.5,1.0,1.0,1.0,1.0,1.0,0.0,0.0
5818,5b1f4f799723ae119,True,,,,,,,,,,1.0,1.0,1.0,1.0,1.0,1.0,0.0,1.0,1.0,0.875
5819,50af9c4a2721fb804,True,,,,,,,,,,1.0,0.0,1.0,1.0,1.0,1.0,1.0,1.0,1.0,0.0
5820,e5c6c91f1d3892636,True,,,,,,,,,,1.0,1.0,1.0,1.0,0.498953555220322,1.0,1.0,1.0,1.0,0.8434229860063507
5821,2c06706ac4ab7c708,True,,,,,,,,,,0.0,1.0,1.0,1.0,1.0,0.0,0.0,1.0,1.0,0.0
5822,bf36dbafa15d4c261,True,,,,,,,,,,1.0,1.0,1.0,1.0,0.35215995412974743,1.0,1.0,1.0,1.0,0.7975499856655461
5823,0dd2f5f325ca3c02e,True,,,,,,,,,,1.0,1.0,1.0,1.0,0.652089109608568,1.0,1.0,1.0,1.0,0.8912778467526775
5824,e1d015abbef9b482d,True,,,,,,,,,,1.0,1.0,1.0,1.0,0.48916765386852135,1.0,0.0,1.0,0.0,0.5903648918339129
5825,d99b9f48dac697bf1,True,,,,,,,,,,1.0,1.0,1.0,1.0,0.8461910936547853,1.0,0.0,0.0,0.0,0.5769347167671204
5826,78a6c5025d620a6b9,True,,,,,,,,,,1.0,1.0,1.0,1.0,0.9824138942579995,1.0,0.0,0.0,0.0,0.6195043419556249
5827,9ca4cc4bfc1a7a0a0,True,,,,,,,,,,0.0,0.0,1.0,1.0,1.0,0.0,0.0,0.0,0.0,0.0
5828,7e3fd48eb2c70a68f,True,,,,,,,,,,1.0,1.0,1.0,1.0,0.19738719924097903,1.0,1.0,1.0,0.0,0.624183499762806
5829,8499ef24e45dc8fa6,True,,,,,,,,,,1.0,0.0,0.0,1.0,1.0,1.0,0.0,1.0,1.0,0.0
5830,6d342222e4d9d2b2a,True,,,,,,,,,,1.0,1.0,1.0,1.0,0.9587816713435611,1.0,1.0,1.0,1.0,0.9871192722948628
5831,9c849c1f3da3d7ffa,True,,,,,,,,,,1.0,1.0,1.0,1.0,0.3996111206622057,1.0,1.0,1.0,1.0,0.8123784752069393
5832,18ab088dbc07aa471,True,,,,,,,,,,0.5,0.0,1.0,1.0,0.6248990572302986,0.0,1.0,1.0,0.0,0.0
5833,df33e15913a4524e0,True,,,,,,,,,,1.0,1.0,1.0,1.0,0.7329086814948492,1.0,0.0,1.0,1.0,0.7915339629671404
5834,6f30da8067d92b503,True,,,,,,,,,,0.0,1.0,1.0,1.0,1.0,0.0,0.0,1.0,1.0,0.0
5835,dfc4fb3ce45ccca81,True,,,,,,,,,,1.0,1.0,0.0,1.0,1.0,1.0,1.0,1.0,0.0,0.0
5836,978616965b8fd4cd6,True,,,,,,,,,,1.0,1.0,1.0,1.0,0.7010914189098563,1.0,0.0,1.0,1.0,0.7815910684093301
5837,f228148d75c9d3b09,True,,,,,,,,,,1.0,1.0,1.0,1.0,0.6980987524507569,1.0,0.0,1.0,1.0,0.7806558601408615
5838,8ea949efbc2e4d9bf,True,,,,,,,,,,1.0,0.0,0.5,1.0,1.0,1.0,0.0,1.0,0.0,0.0
5839,d50c124d290a31078,True,,,,,,,,,,1.0,0.0,0.0,1.0,1.0,1.0,1.0,1.0,0.0,0.0
5840,b494d2dc15c7b315f,True,,,,,,,,,,1.0,1.0,1.0,1.0,1.0,1.0,0.0,1.0,1.0,0.875
5841,43dd11b817c6bdaa8,True,,,,,,,,,,1.0,1.0,1.0,1.0,1.0,1.0,0.0,1.0,1.0,0.875
5842,4330e2204831576d7,True,,,,,,,,,,1.0,0.0,0.5,1.0,0.43820584134680113,1.0,0.0,1.0,0.0,0.0
5843,cbe5f4984cb4e3fe1,True,,,,,,,,,,1.0,1.0,1.0,1.0,0.31537004065117685,1.0,1.0,1.0,0.0,0.6610531377034927
5844,6abfaa7acf5d00640,True,,,,,,,,,,1.0,1.0,1.0,1.0,0.8725078554559442,1.0,1.0,1.0,1.0,0.9601587048299826
5845,7a12897acffda91d2,True,,,,,,,,,,1.0,1.0,1.0,1.0,0.5217214292285319,1.0,0.0,1.0,0.0,0.6005379466339162
5846,c5fd0128d19316b03,True,,,,,,,,,,1.0,1.0,1.0,1.0,0.7479756281630356,1.0,0.0,1.0,0.0,0.6712423838009487
5847,370df15505429bd41,True,,,,,,,,,,1.0,1.0,1.0,1.0,0.6443336804062768,1.0,1.0,1.0,0.0,0.7638542751269615
5848,2ad6d15da5c47d1be,True,,,,,,,,,,1.0,0.0,1.0,1.0,0.7196471401445306,1.0,1.0,1.0,1.0,0.0
5849,f74ee85d684d8a2c6,True,,,,,,,,,,1.0,1.0,1.0,1.0,0.735810347298284,1.0,0.0,0.0,0.0,0.5424407335307138
5850,9b71a67f61e5fffb3,True,,,,,,,,,,1.0,1.0,0.5,1.0,1.0,1.0,0.0,1.0,0.0,0.375
5851,a5bcd5a0e9f79cee3,True,,,,,,,,,,1.0,1.0,1.0,1.0,1.0,1.0,1.0,1.0,1.0,1.0
5852,ae6ddb39ee6d093e7,True,,,,,,,,,,0.0,1.0,1.0,1.0,1.0,0.0,0.0,1.0,1.0,0.0
5853,30ae4fd49fda24627,True,,,,,,,,,,1.0,1.0,1.0,1.0,1.0,1.0,0.0,1.0,1.0,0.875
5854,3e2f29d51ba0c82c3,True,,,,,,,,,,1.0,1.0,1.0,1.0,0.6077481839663491,1.0,1.0,1.0,0.0,0.7524213074894841
5855,726d488f280e59674,True,,,,,,,,,,1.0,0.0,0.0,1.0,0.801412972430654,1.0,0.0,1.0,1.0,0.0
5856,4ed26e14929f14eb4,True,,,,,,,,,,1.0,1.0,0.0,1.0,0.8362024224066265,1.0,0.0,1.0,0.0,0.0
5857,4aaea4c50ce77a4de,True,,,,,,,,,,0.5,0.0,0.0,1.0,1.0,0.0,1.0,1.0,0.0,0.0
5858,72decd6302c88fdf2,True,,,,,,,,,,0.5,0.0,0.0,1.0,1.0,0.0,0.0,1.0,0.0,0.0
5859,63584edd9b86f7faf,True,,,,,,,,,,1.0,1.0,1.0,1.0,1.0,1.0,1.0,1.0,0.0,0.875
5860,022f2dcc42d892201,True,,,,,,,,,,1.0,1.0,1.0,1.0,0.5370398922937198,1.0,0.0,1.0,1.0,0.7303249663417875
5861,590744a9d3d5652dd,True,,,,,,,,,,0.0,1.0,1.0,1.0,0.5502403352649036,0.0,0.0,1.0,0.0,0.0
5862,7c08e3a9b6ee87717,True,,,,,,,,,,1.0,1.0,1.0,1.0,0.8807510723718693,1.0,1.0,1.0,0.0,0.8377347101162091
5863,50bb35a33ba92cd52,True,,,,,,,,,,1.0,1.0,1.0,1.0,0.7465390678832622,1.0,1.0,1.0,1.0,0.9207934587135194
5864,07f73e596a2b2e3ec,True,,,,,,,,,,1.0,1.0,0.0,1.0,0.9035405123046981,1.0,0.0,1.0,1.0,0.0
5865,8480de05eed695abf,True,,,,,,,,,,1.0,1.0,1.0,1.0,0.7145713508696571,1.0,0.0,1.0,0.0,0.6608035471467678
5866,4f84585468f82a1fc,True,,,,,,,,,,1.0,1.0,0.0,1.0,1.0,1.0,0.0,1.0,1.0,0.0
5867,f1e82aeab9ae98314,True,,,,,,,,,,1.0,1.0,1.0,1.0,0.40053311647941736,1.0,1.0,1.0,1.0,0.812666598899818
5868,ef019ffb0a16f5e9f,True,,,,,,,,,,0.5,0.0,0.0,1.0,0.7031193981562008,0.0,1.0,1.0,1.0,0.0
5869,3d1800c34a5e46a21,True,,,,,,,,,,0.0,0.0,1.0,1.0,1.0,0.0,1.0,1.0,0.0,0.0
5870,e92394471671ed533,True,,,,,,,,,,1.0,1.0,1.0,1.0,0.3873607504733148,1.0,1.0,1.0,1.0,0.8085502345229109
5871,af8bb014864eab6d8,True,,,,,,,,,,1.0,1.0,1.0,1.0,0.46775108204237004,1.0,0.0,1.0,0.0,0.5836722131382406
5872,c7f9e3c05b67e2257,True,,,,,,,,,,0.0,1.0,1.0,1.0,1.0,0.0,0.0,1.0,1.0,0.0
5873,17ff329e83009189d,True,,,,,,,,,,1.0,1.0,0.5,1.0,0.6509880815799175,1.0,0.0,1.0,0.0,0.3204668877468621
5874,5fb47f166e5559387,True,,,,,,,,,,1.0,1.0,1.0,1.0,0.7129750881170662,1.0,0.0,1.0,1.0,0.7853047150365832
5875,d8c1cf6f6a65ad21d,True,,,,,,,,,,1.0,0.0,0.5,1.0,1.0,1.0,0.0,1.0,0.0,0.0
5876,09747cf799a19f292,True,,,,,,,,,,1.0,1.0,1.0,1.0,0.49596738556924,1.0,0.0,1.0,1.0,0.7174898079903875
5877,aa354b140b6d2c2ab,True,,,,,,,,,,1.0,1.0,1.0,1.0,0.5076835948699954,1.0,1.0,1.0,1.0,0.8461511233968735
5878,0128e6a2b97ff89b5,True,,,,,,,,,,0.0,1.0,1.0,1.0,1.0,0.0,0.0,1.0,1.0,0.0
5879,96d4eccd3044219d2,True,,,,,,,,,,1.0,0.0,1.0,1.0,0.8338837449876908,1.0,1.0,1.0,0.0,0.0
5880,61c5dadb5c926478c,True,,,,,,,,,,0.0,1.0,1.0,1.0,1.0,0.0,0.0,1.0,1.0,0.0
5881,232e7693cefbcf60f,True,,,,,,,,,,1.0,1.0,0.0,1.0,0.870437580024368,1.0,0.0,1.0,1.0,0.0
5882,56a96ee7abd76ab13,True,,,,,,,,,,1.0,1.0,1.0,1.0,1.0,1.0,0.0,1.0,1.0,0.875
5883,be1d5bdbfc0e6edc2,True,,,,,,,,,,1.0,1.0,1.0,1.0,0.7770956189827969,1.0,0.0,1.0,1.0,0.8053423809321241
5884,f11206119e3dafe73,True,,,,,,,,,,1.0,1.0,1.0,1.0,0.7023112118948748,1.0,0.0,1.0,0.0,0.6569722537171484
5885,80144b63550c48566,True,,,,,,,,,,1.0,0.0,0.0,1.0,1.0,1.0,0.0,1.0,1.0,0.0
5886,afc5b9d01744dc019,True,,,,,,,,,,1.0,0.0,1.0,1.0,1.0,1.0,0.0,1.0,1.0,0.0
5887,73b46033e2af4eb96,True,,,,,,,,,,1.0,1.0,1.0,1.0,0.47317645968174593,1.0,0.0,1.0,1.0,0.7103676436505456
5888,f3374bc1daec15012,True,,,,,,,,,,1.0,1.0,1.0,1.0,0.4961128656637538,1.0,0.0,1.0,1.0,0.717535270519923
5889,00d194f38b3f05c1e,True,,,,,,,,,,1.0,1.0,0.5,1.0,1.0,1.0,0.0,1.0,1.0,0.4375
5890,edd46eab5d581d11a,True,,,,,,,,,,1.0,0.0,0.0,1.0,1.0,1.0,0.0,1.0,0.0,0.0
5891,9bdc2e6f73aad36a5,True,,,,,,,,,,1.0,1.0,1.0,1.0,0.6834610515454236,1.0,1.0,1.0,1.0,0.9010815786079449
5892,ece34bc681d6d755f,True,,,,,,,,,,1.0,1.0,1.0,1.0,0.6269207472979484,1.0,1.0,1.0,1.0,0.8834127335306089
5893,9e3a4761b9b643940,True,,,,,,,,,,1.0,0.0,0.0,1.0,1.0,1.0,0.0,1.0,0.0,0.0
5894,84f364974b63432d3,True,,,,,,,,,,1.0,1.0,1.0,1.0,1.0,1.0,1.0,1.0,0.0,0.875
5895,a4e2233cf54403d43,True,,,,,,,,,,1.0,1.0,1.0,1.0,0.38707189242576046,1.0,1.0,1.0,1.0,0.8084599663830502
5896,cdccba86287f3bf1d,True,,,,,,,,,,0.5,1.0,1.0,1.0,1.0,0.0,0.0,1.0,1.0,0.28125
5897,dd0ed1239e6562358,True,,,,,,,,,,1.0,0.0,0.0,1.0,1.0,1.0,0.0,1.0,0.0,0.0
5898,3c2d7205574952616,True,,,,,,,,,,1.0,1.0,1.0,1.0,1.0,0.0,0.0,1.0,0.0,0.4375
5899,c3a31672b53c086c7,True,,,,,,,,,,1.0,1.0,1.0,1.0,0.47146079793980655,1.0,0.0,1.0,1.0,0.7098314993561896
5900,f3d789e129d07af8b,True,,,,,,,,,,1.0,1.0,1.0,1.0,0.9287230374622188,1.0,1.0,1.0,1.0,0.9777259492069434
5901,e306d6a4971bcbd83,True,,,,,,,,,,0.0,0.0,1.0,1.0,1.0,0.0,1.0,1.0,0.0,0.0
5902,b7560bcae0414e720,True,,,,,,,,,,1.0,1.0,1.0,1.0,1.0,1.0,1.0,1.0,1.0,1.0
5903,e742e687d4142df74,True,,,,,,,,,,1.0,0.0,1.0,1.0,0.46908322000316977,1.0,1.0,1.0,0.0,0.0
5904,57f473049e88971e9,True,,,,,,,,,,1.0,1.0,1.0,1.0,0.7729428977246229,1.0,0.0,1.0,1.0,0.8040446555389447
5905,120c21d6c27040aa9,True,,,,,,,,,,1.0,1.0,1.0,1.0,0.37330658747666445,1.0,1.0,1.0,0.0,0.6791583085864576
5906,aa1c2ba87587b53cb,True,,,,,,,,,,1.0,0.0,1.0,1.0,1.0,1.0,1.0,1.0,0.0,0.0
5907,9b14a119979ac6d94,True,,,,,,,,,,1.0,1.0,1.0,1.0,1.0,1.0,0.0,1.0,0.0,0.75
5908,99d9ea218424b8b69,True,,,,,,,,,,1.0,1.0,1.0,1.0,1.0,1.0,0.0,1.0,0.0,0.75
5909,fdef069dff8b15c66,True,,,,,,,,,,0.0,1.0,1.0,1.0,1.0,1.0,1.0,1.0,1.0,0.0
5910,95f89994ef4b0b0e3,True,,,,,,,,,,1.0,1.0,1.0,1.0,0.8215022201675286,1.0,0.0,1.0,1.0,0.8192194438023527
5911,ddea16ece1f071cc3,True,,,,,,,,,,1.0,1.0,1.0,1.0,0.7512357834546428,1.0,1.0,1.0,1.0,0.9222611823295759
5912,extended_pdm_score_stage_one,True,0.94,0.8466666666666667,0.9633333333333334,0.9977777777777778,0.825855075543681,0.9288888888888889,0.8977777777777778,0.9755555555555555,0.5866666666666667,,,,,,,,,,0.6768223642400749
5913,extended_pdm_score_stage_two,True,,,,,,,,,,0.8422400755871459,0.7796297290966678,0.8577430893844818,0.9865627705571852,0.8280352736250131,0.8182742890974077,0.46569680917138684,0.9662345923205358,0.5883999775887101,0.4574889930610927
5914,extended_pdm_score_combined,True,0.94,0.8466666666666667,0.9633333333333334,0.9977777777777778,0.825855075543681,0.9288888888888889,0.8977777777777778,0.9755555555555555,0.5866666666666667,0.8422400755871459,0.7796297290966678,0.8577430893844818,0.9865627705571852,0.8280352736250131,0.8182742890974077,0.46569680917138684,0.9662345923205358,0.5883999775887101,0.3277313068518043
