,token,valid,no_at_fault_collisions_stage_one,drivable_area_compliance_stage_one,driving_direction_compliance_stage_one,traffic_light_compliance_stage_one,ego_progress_stage_one,time_to_collision_within_bound_stage_one,lane_keeping_stage_one,history_comfort_stage_one,two_frame_extended_comfort_stage_one,no_at_fault_collisions_stage_two,drivable_area_compliance_stage_two,driving_direction_compliance_stage_two,traffic_light_compliance_stage_two,ego_progress_stage_two,time_to_collision_within_bound_stage_two,lane_keeping_stage_two,history_comfort_stage_two,two_frame_extended_comfort_stage_two,score
0,ed01297783a05dba,True,1.0,1.0,1.0,1.0,1.0,1.0,1.0,1.0,0.0,,,,,,,,,,0.875
1,c195a8cb7ccb59fd,True,1.0,0.0,1.0,1.0,0.4615940294906682,1.0,1.0,1.0,1.0,,,,,,,,,,0.0
2,8486dcafaee75d76,True,1.0,1.0,1.0,1.0,1.0,1.0,1.0,1.0,1.0,,,,,,,,,,1.0
3,a44db880afe95be7,True,0.0,1.0,1.0,1.0,0.9043066617034197,1.0,0.0,1.0,0.0,,,,,,,,,,0.0
4,ef7089ecfb0c5028,True,1.0,0.0,1.0,1.0,1.0,1.0,1.0,1.0,1.0,,,,,,,,,,0.0
5,cef1a4b302b45ad8,True,1.0,0.0,1.0,1.0,0.788098411011109,1.0,0.0,1.0,1.0,,,,,,,,,,0.0
6,572e6c81e32958f2,True,1.0,1.0,1.0,1.0,0.803005513778224,1.0,1.0,1.0,1.0,,,,,,,,,,0.938439223055695
7,757c23c6819c589c,True,1.0,1.0,1.0,1.0,0.7869162902448156,1.0,0.0,1.0,1.0,,,,,,,,,,0.8084113407015049
8,131ab0263b07507c,True,1.0,1.0,1.0,1.0,1.0,1.0,1.0,1.0,0.0,,,,,,,,,,0.875
9,467879c3d37054f5,True,1.0,0.0,0.0,1.0,0.8136452690644498,1.0,1.0,1.0,0.0,,,,,,,,,,0.0
10,8fb11d5808355072,True,0.0,1.0,1.0,1.0,1.0,0.0,1.0,1.0,1.0,,,,,,,,,,0.0
11,36899d67473c5c91,True,1.0,1.0,1.0,1.0,1.0,1.0,1.0,1.0,0.0,,,,,,,,,,0.875
12,5379d354b9b95048,True,1.0,0.0,1.0,1.0,0.8312386196506157,1.0,1.0,1.0,1.0,,,,,,,,,,0.0
13,74c8385c2d845cde,True,1.0,1.0,1.0,1.0,0.5785147413565156,1.0,1.0,1.0,1.0,,,,,,,,,,0.8682858566739111
14,64a7186ab49b5cdc,True,1.0,1.0,1.0,1.0,0.7722350946843302,1.0,1.0,1.0,1.0,,,,,,,,,,0.9288234670888531
15,257773cfd41d59d5,True,0.0,1.0,1.0,1.0,1.0,0.0,1.0,1.0,0.0,,,,,,,,,,0.0
16,c02f04af32b75648,True,1.0,1.0,1.0,1.0,0.7867454785029916,1.0,1.0,1.0,0.0,,,,,,,,,,0.8083579620321849
17,b6247a5245a5554f,True,1.0,1.0,1.0,1.0,1.0,1.0,1.0,1.0,1.0,,,,,,,,,,1.0
18,9502cdbb06dd516f,True,1.0,1.0,1.0,1.0,1.0,1.0,1.0,1.0,0.0,,,,,,,,,,0.875
19,85f2b1f1f1f45b5c,True,1.0,1.0,1.0,1.0,1.0,1.0,0.0,1.0,1.0,,,,,,,,,,0.875
20,f8b524a4e8925503,True,1.0,0.0,1.0,1.0,0.976430963750679,1.0,1.0,1.0,1.0,,,,,,,,,,0.0
21,0122ce98b2735558,True,1.0,1.0,1.0,1.0,1.0,1.0,1.0,1.0,1.0,,,,,,,,,,1.0
22,f3ca2707d87a586b,True,1.0,0.0,1.0,1.0,1.0,1.0,1.0,1.0,1.0,,,,,,,,,,0.0
23,28c89352b09b55d4,True,1.0,1.0,1.0,1.0,0.6952814420454984,1.0,1.0,1.0,1.0,,,,,,,,,,0.9047754506392183
24,153ae46b6ba65721,True,1.0,1.0,1.0,1.0,0.9958763904738421,1.0,1.0,1.0,0.0,,,,,,,,,,0.8737113720230757
25,a5ddad9bbb505316,True,1.0,1.0,1.0,1.0,0.8647683853166506,1.0,1.0,1.0,1.0,,,,,,,,,,0.9577401204114533
26,ca58b2e039305479,True,1.0,0.0,1.0,1.0,0.8080304986473948,1.0,1.0,1.0,1.0,,,,,,,,,,0.0
27,f7a9f82f17b256e2,True,1.0,1.0,1.0,1.0,1.0,1.0,1.0,1.0,1.0,,,,,,,,,,1.0
28,e5d2a01ab5b0562a,True,1.0,1.0,1.0,1.0,0.7907695029369609,1.0,1.0,1.0,0.0,,,,,,,,,,0.8096154696678003
29,557a287c11cc5960,True,1.0,1.0,1.0,1.0,1.0,1.0,1.0,1.0,1.0,,,,,,,,,,1.0
30,3b1e0182cb145b8d,True,0.0,0.0,0.5,1.0,1.0,0.0,1.0,0.0,0.0,,,,,,,,,,0.0
31,6b2cda5004dc5df9,True,1.0,1.0,1.0,1.0,1.0,1.0,1.0,1.0,1.0,,,,,,,,,,1.0
32,58d40da0cce05d8c,True,1.0,1.0,1.0,1.0,1.0,1.0,1.0,1.0,0.0,,,,,,,,,,0.875
33,5d2ee89308f958be,True,1.0,1.0,1.0,1.0,0.7268169446390893,1.0,0.0,1.0,1.0,,,,,,,,,,0.7896302951997154
34,94d74f87c8435b61,True,1.0,1.0,1.0,1.0,1.0,1.0,1.0,1.0,0.0,,,,,,,,,,0.875
35,3921f38b62d55f1a,True,1.0,1.0,1.0,1.0,1.0,1.0,1.0,1.0,1.0,,,,,,,,,,1.0
36,e1f6c044f4235462,True,1.0,1.0,1.0,1.0,0.540643618244105,1.0,1.0,1.0,1.0,,,,,,,,,,0.8564511307012828
37,b2abc819ebf45c11,True,1.0,1.0,1.0,1.0,1.0,1.0,1.0,1.0,0.0,,,,,,,,,,0.875
38,cd7e4f70ce8e539b,True,1.0,0.0,1.0,1.0,0.47081435948620526,1.0,0.0,1.0,1.0,,,,,,,,,,0.0
39,e17587a96a795abf,True,1.0,1.0,1.0,1.0,0.5523687878505747,1.0,1.0,1.0,1.0,,,,,,,,,,0.8601152462033046
40,1a928640315c5332,True,1.0,0.0,1.0,1.0,0.9874964907535998,1.0,1.0,1.0,1.0,,,,,,,,,,0.0
41,622867ce25805447,True,1.0,0.0,1.0,1.0,0.9346360214821878,1.0,1.0,1.0,1.0,,,,,,,,,,0.0
42,5c838efd36805c92,True,1.0,1.0,1.0,1.0,0.8240784116863067,1.0,1.0,1.0,1.0,,,,,,,,,,0.9450245036519709
43,52deeca9acf35603,True,1.0,1.0,1.0,1.0,1.0,1.0,1.0,1.0,1.0,,,,,,,,,,1.0
44,712427ff1635596c,True,0.0,1.0,1.0,1.0,0.7520790583895908,0.0,1.0,1.0,1.0,,,,,,,,,,0.0
45,43162b00fe4550b8,True,1.0,0.0,1.0,1.0,0.8158554704632971,0.0,0.0,1.0,0.0,,,,,,,,,,0.0
46,06c9339fdc3e5404,True,1.0,1.0,1.0,1.0,0.8329120738407186,1.0,1.0,1.0,0.0,,,,,,,,,,0.8227850230752245
47,54a295777c3a5d46,True,1.0,1.0,1.0,1.0,0.7010687795600802,1.0,1.0,1.0,1.0,,,,,,,,,,0.9065839936125251
48,ae472d675a965aca,True,1.0,1.0,1.0,1.0,0.7312888078129447,1.0,1.0,1.0,1.0,,,,,,,,,,0.9160277524415452
49,3b910accfc12560a,True,1.0,1.0,1.0,1.0,0.8326709724972745,1.0,1.0,1.0,0.0,,,,,,,,,,0.8227096789053983
50,008844070af456e3,True,1.0,1.0,1.0,1.0,0.46309450403345104,1.0,1.0,1.0,0.0,,,,,,,,,,0.7072170325104534
51,67b05cf704325e6b,True,1.0,0.0,1.0,1.0,0.8170742082849555,1.0,0.0,1.0,1.0,,,,,,,,,,0.0
52,b393ab92c8ac5e77,True,1.0,1.0,1.0,1.0,0.8735344644958329,1.0,1.0,0.0,0.0,,,,,,,,,,0.7104795201549479
53,680c8d90658556da,True,1.0,0.0,0.0,1.0,0.7029422775639901,1.0,1.0,1.0,1.0,,,,,,,,,,0.0
54,3c34d5d03e8a5bdc,True,1.0,0.0,1.0,1.0,0.7925784439825239,1.0,1.0,1.0,0.0,,,,,,,,,,0.0
55,14fe69db03425780,True,1.0,0.0,1.0,1.0,0.9278232478591335,1.0,0.0,1.0,1.0,,,,,,,,,,0.0
56,fe22e2c812e65096,True,1.0,1.0,1.0,1.0,0.5501325995616752,1.0,1.0,1.0,1.0,,,,,,,,,,0.8594164373630235
57,c7a44a2e52bc5e22,True,1.0,1.0,0.0,1.0,0.9302398962468174,1.0,1.0,1.0,0.0,,,,,,,,,,0.0
58,6326d00e52115da4,True,1.0,1.0,1.0,1.0,1.0,1.0,1.0,1.0,0.0,,,,,,,,,,0.875
59,32e5d7e804c65214,True,1.0,1.0,1.0,1.0,1.0,1.0,1.0,1.0,0.0,,,,,,,,,,0.875
60,bb4f37403cea5b0e,True,1.0,1.0,1.0,1.0,0.6705796370724998,1.0,0.0,1.0,1.0,,,,,,,,,,0.7720561365851561
61,00c1e4eb4a045f20,True,1.0,1.0,1.0,1.0,0.7673150875700777,1.0,1.0,1.0,1.0,,,,,,,,,,0.9272859648656493
62,132307b3c1a55f97,True,1.0,1.0,0.5,1.0,1.0,1.0,1.0,1.0,0.0,,,,,,,,,,0.4375
63,deb455f53c805643,True,1.0,0.0,1.0,1.0,0.8641093272210129,1.0,1.0,0.0,0.0,,,,,,,,,,0.0
64,59bf40c427da5eb1,True,1.0,1.0,1.0,1.0,0.5253071080860152,1.0,1.0,1.0,1.0,,,,,,,,,,0.8516584712768798
65,a091a6a6033c559f,True,0.0,0.0,1.0,1.0,1.0,0.0,1.0,1.0,1.0,,,,,,,,,,0.0
66,87eae54f57ea5690,True,1.0,0.0,0.0,1.0,0.8147695227659743,1.0,1.0,1.0,0.0,,,,,,,,,,0.0
67,cb02d1e1315a5e67,True,1.0,1.0,1.0,1.0,0.8775181215966674,1.0,1.0,1.0,0.0,,,,,,,,,,0.8367244129989586
68,afcd7846a4f35622,True,1.0,1.0,1.0,1.0,0.8962059070851802,1.0,1.0,1.0,1.0,,,,,,,,,,0.9675643459641188
69,3128b8da22c75dd0,True,1.0,1.0,1.0,1.0,0.8001196664050476,1.0,1.0,1.0,0.0,,,,,,,,,,0.8125373957515774
70,470cfa23e42757c3,True,1.0,0.0,1.0,1.0,0.6444273688882186,1.0,1.0,1.0,0.0,,,,,,,,,,0.0
71,70f72122f1605fa1,True,1.0,1.0,1.0,1.0,0.8111969336661632,1.0,1.0,1.0,1.0,,,,,,,,,,0.940999041770676
72,c1d95d8a3260541c,True,1.0,1.0,1.0,1.0,0.9011181713074863,1.0,0.0,1.0,1.0,,,,,,,,,,0.8440994285335894
73,bb5b44d240945ed0,True,0.0,1.0,1.0,1.0,1.0,0.0,1.0,1.0,1.0,,,,,,,,,,0.0
74,b9d14f59883a5496,True,1.0,0.0,1.0,1.0,0.8551950041428681,1.0,1.0,1.0,0.0,,,,,,,,,,0.0
75,c7e06d79e58454ae,True,1.0,1.0,1.0,1.0,1.0,1.0,1.0,1.0,1.0,,,,,,,,,,1.0
76,b35e48a419d7577f,True,1.0,1.0,1.0,1.0,1.0,1.0,1.0,1.0,1.0,,,,,,,,,,1.0
77,af335d636f4c516e,True,1.0,1.0,1.0,1.0,1.0,1.0,1.0,1.0,1.0,,,,,,,,,,1.0
78,c33bb70075e7594c,True,1.0,1.0,1.0,1.0,1.0,1.0,1.0,1.0,0.0,,,,,,,,,,0.875
79,c3d6016d73645955,True,1.0,1.0,1.0,1.0,1.0,1.0,1.0,1.0,1.0,,,,,,,,,,1.0
80,7a8c81a7cd1256e0,True,1.0,1.0,1.0,1.0,0.888201171082654,1.0,1.0,1.0,1.0,,,,,,,,,,0.9650628659633294
81,dc207d97e04f5ce1,True,1.0,1.0,1.0,1.0,1.0,1.0,1.0,0.0,0.0,,,,,,,,,,0.75
82,ff44394af7265df3,True,1.0,1.0,1.0,1.0,0.6945781795957988,1.0,0.0,1.0,1.0,,,,,,,,,,0.7795556811236871
83,3838eb184c9d5989,True,1.0,1.0,1.0,1.0,0.4833014773027639,1.0,1.0,1.0,0.0,,,,,,,,,,0.7135317116571137
84,2352aa62dbbe58d2,True,1.0,1.0,1.0,1.0,0.5749392955524557,1.0,1.0,1.0,1.0,,,,,,,,,,0.8671685298601424
85,2cae5f08e11a5dbd,True,1.0,1.0,1.0,1.0,0.837011420706562,1.0,1.0,1.0,1.0,,,,,,,,,,0.9490660689708006
86,76b708c365e45536,True,0.0,1.0,1.0,1.0,1.0,0.0,1.0,1.0,0.0,,,,,,,,,,0.0
87,2033fff7b44e56db,True,0.0,1.0,1.0,1.0,1.0,1.0,1.0,1.0,0.0,,,,,,,,,,0.0
88,f1bdf7e4e9f5534e,True,1.0,1.0,1.0,1.0,0.8298067047159624,1.0,0.0,1.0,1.0,,,,,,,,,,0.8218145952237382
89,2575048779565f0b,True,1.0,0.0,0.5,1.0,0.8898904139853988,1.0,1.0,1.0,1.0,,,,,,,,,,0.0
90,197f2dea642850e7,True,1.0,1.0,1.0,1.0,0.7617402522161633,1.0,1.0,1.0,1.0,,,,,,,,,,0.925543828817551
91,342f42c4b2855ffb,True,1.0,1.0,1.0,1.0,0.5782683645180166,1.0,1.0,1.0,1.0,,,,,,,,,,0.8682088639118801
92,e052a41759445a28,True,1.0,1.0,1.0,1.0,0.5132711602830525,1.0,1.0,1.0,1.0,,,,,,,,,,0.8478972375884539
93,95b1bc0848e85064,True,1.0,1.0,1.0,1.0,0.4958955514902798,1.0,1.0,1.0,1.0,,,,,,,,,,0.8424673598407124
94,2ee150fedbb15345,True,1.0,1.0,1.0,1.0,0.679495428577136,1.0,1.0,1.0,1.0,,,,,,,,,,0.899842321430355
95,02a81792cbdb5dd5,True,1.0,1.0,1.0,1.0,1.0,1.0,1.0,1.0,1.0,,,,,,,,,,1.0
96,d5b86f3b51d3535c,True,0.0,1.0,1.0,1.0,0.8760370910867138,1.0,1.0,0.0,0.0,,,,,,,,,,0.0
97,779852a1160f56f9,True,1.0,1.0,1.0,1.0,0.6994757582873223,1.0,1.0,1.0,1.0,,,,,,,,,,0.9060861744647882
98,b8d2227c06a351e4,True,1.0,1.0,1.0,1.0,0.8913062826364081,1.0,1.0,1.0,1.0,,,,,,,,,,0.9660332133238776
99,ea31c764f6385f4a,True,1.0,1.0,1.0,1.0,1.0,1.0,1.0,1.0,1.0,,,,,,,,,,1.0
100,12d426c6727d507a,True,1.0,1.0,1.0,1.0,0.6252489781620465,1.0,1.0,1.0,1.0,,,,,,,,,,0.8828903056756395
101,0f422a003dab525e,True,1.0,1.0,1.0,1.0,0.7542923963977689,1.0,1.0,1.0,1.0,,,,,,,,,,0.9232163738743028
102,99e0c0250e6e54c5,True,1.0,1.0,1.0,1.0,0.597057091310091,1.0,1.0,1.0,1.0,,,,,,,,,,0.8740803410344035
103,cf50ffa22c81555d,True,1.0,1.0,1.0,1.0,0.7751553462726255,1.0,1.0,1.0,1.0,,,,,,,,,,0.9297360457101955
104,962deb8ccdaf50e3,True,0.0,1.0,1.0,1.0,1.0,0.0,1.0,1.0,0.0,,,,,,,,,,0.0
105,a8a34f54618050f6,True,1.0,0.0,1.0,1.0,0.8612812416918563,1.0,1.0,1.0,1.0,,,,,,,,,,0.0
106,75b6813b1f4556ce,True,1.0,0.0,1.0,1.0,1.0,1.0,1.0,1.0,1.0,,,,,,,,,,0.0
107,4aa44e006ca9579e,True,1.0,0.0,1.0,1.0,0.7965256472377555,1.0,1.0,1.0,1.0,,,,,,,,,,0.0
108,0fde069313a35062,True,1.0,0.0,1.0,1.0,1.0,1.0,1.0,1.0,1.0,,,,,,,,,,0.0
109,7857a22b3bc85bb4,True,1.0,0.0,1.0,1.0,0.9138304190632008,1.0,1.0,1.0,1.0,,,,,,,,,,0.0
110,c7afdb652a9e5e73,True,1.0,1.0,1.0,1.0,1.0,1.0,1.0,1.0,1.0,,,,,,,,,,1.0
111,83e895f722575452,True,1.0,1.0,1.0,1.0,0.5158362771161328,1.0,1.0,1.0,1.0,,,,,,,,,,0.8486988365987915
112,0ce170237acd51c2,True,1.0,1.0,1.0,1.0,1.0,1.0,1.0,1.0,1.0,,,,,,,,,,1.0
113,442b2cf63c6f570a,True,1.0,1.0,1.0,1.0,0.6927582110791525,1.0,1.0,1.0,1.0,,,,,,,,,,0.9039869409622352
114,75ffe77189e95d43,True,1.0,0.0,1.0,1.0,0.7102127437237883,1.0,1.0,1.0,0.0,,,,,,,,,,0.0
115,1682c020a94054fa,True,1.0,1.0,1.0,1.0,0.8823468574324165,1.0,1.0,1.0,1.0,,,,,,,,,,0.9632333929476302
116,68097b10029d5fe1,True,1.0,1.0,1.0,1.0,0.950620313323616,1.0,1.0,1.0,1.0,,,,,,,,,,0.98456884791363
117,b459c8b7fd2b5aa4,True,1.0,1.0,1.0,1.0,1.0,1.0,0.0,1.0,0.0,,,,,,,,,,0.75
118,da36c99454f65715,True,1.0,1.0,0.5,1.0,0.8824127504961955,1.0,0.0,1.0,0.0,,,,,,,,,,0.3566269922650306
119,ad34e2d0d3865530,True,1.0,1.0,1.0,1.0,0.6976276399238813,1.0,1.0,1.0,1.0,,,,,,,,,,0.9055086374762129
120,9b0a5826d2d357d8,True,1.0,1.0,1.0,1.0,0.7232325649908261,1.0,0.0,1.0,1.0,,,,,,,,,,0.7885101765596332
121,e7f8a61d807f5914,True,1.0,1.0,1.0,1.0,0.9955888017479595,1.0,1.0,1.0,1.0,,,,,,,,,,0.9986215005462373
122,63ec67c4a58a5e5b,True,1.0,0.0,1.0,1.0,0.6298556817162841,1.0,1.0,1.0,0.0,,,,,,,,,,0.0
123,ab4401719a355a62,True,1.0,1.0,1.0,1.0,1.0,1.0,0.0,1.0,1.0,,,,,,,,,,0.875
124,6b7c5199f84e5aac,True,1.0,1.0,1.0,1.0,0.9801663392994251,1.0,1.0,1.0,0.0,,,,,,,,,,0.8688019810310703
125,1c77ba7488d35c52,True,1.0,0.0,1.0,1.0,0.9478584721211117,1.0,0.0,1.0,1.0,,,,,,,,,,0.0
126,8a492ff6a81054a7,True,1.0,1.0,1.0,1.0,1.0,1.0,0.0,1.0,0.0,,,,,,,,,,0.75
127,66583dab627951a2,True,1.0,1.0,1.0,1.0,0.7208558760715665,1.0,1.0,1.0,0.0,,,,,,,,,,0.7877674612723645
128,909655c780e152ac,True,1.0,1.0,1.0,1.0,1.0,1.0,1.0,1.0,0.0,,,,,,,,,,0.875
129,4972962184a75fa7,True,1.0,0.0,1.0,1.0,0.7512017218269603,1.0,1.0,1.0,1.0,,,,,,,,,,0.0
130,087023402a695ba3,True,1.0,1.0,1.0,1.0,1.0,1.0,1.0,1.0,1.0,,,,,,,,,,1.0
131,082ea12d7b2355cb,True,1.0,1.0,1.0,1.0,1.0,1.0,1.0,1.0,1.0,,,,,,,,,,1.0
132,493c90dce63d5653,True,1.0,0.0,1.0,1.0,1.0,1.0,1.0,1.0,1.0,,,,,,,,,,0.0
133,4cac9f6cd85a5b47,True,1.0,0.0,1.0,1.0,0.8788482590343314,1.0,1.0,1.0,1.0,,,,,,,,,,0.0
134,71405d414236553c,True,1.0,1.0,1.0,1.0,0.8237291173735387,1.0,1.0,1.0,1.0,,,,,,,,,,0.9449153491792308
135,cfb755b8d37458ac,True,1.0,1.0,1.0,1.0,0.8114838733962088,1.0,1.0,1.0,1.0,,,,,,,,,,0.9410887104363153
136,3c542be991515ccd,True,1.0,0.0,1.0,1.0,0.7041610167361546,1.0,0.0,1.0,1.0,,,,,,,,,,0.0
137,17a015f4ef9b56d0,True,1.0,1.0,1.0,1.0,0.740384074341275,1.0,1.0,1.0,1.0,,,,,,,,,,0.9188700232316485
138,a19d3096f2625fdb,True,1.0,1.0,1.0,1.0,1.0,1.0,1.0,1.0,1.0,,,,,,,,,,1.0
139,a2047f9cb3865b75,True,1.0,1.0,1.0,1.0,0.7482646978505665,1.0,1.0,1.0,0.0,,,,,,,,,,0.796332718078302
140,2030d3a5ed675084,True,1.0,0.0,1.0,1.0,1.0,1.0,1.0,1.0,1.0,,,,,,,,,,0.0
141,6c9e40634f705f56,True,1.0,1.0,1.0,1.0,0.7140497670649121,1.0,1.0,1.0,1.0,,,,,,,,,,0.9106405522077851
142,5d7c7edca69d5e73,True,0.0,1.0,1.0,1.0,1.0,0.0,1.0,1.0,0.0,,,,,,,,,,0.0
143,c7cb2e43b2d053b7,True,1.0,1.0,1.0,1.0,0.9320963429007463,1.0,1.0,1.0,0.0,,,,,,,,,,0.8537801071564832
144,dd35be6455fe566b,True,1.0,1.0,1.0,1.0,0.6473104133594296,1.0,1.0,1.0,1.0,,,,,,,,,,0.8897845041748218
145,90314b74c92954d6,True,1.0,0.0,1.0,1.0,1.0,1.0,0.0,1.0,1.0,,,,,,,,,,0.0
146,99a98a7ffb075389,True,1.0,1.0,1.0,1.0,0.7095555712877306,1.0,1.0,1.0,1.0,,,,,,,,,,0.9092361160274158
147,98b414a515bb5b99,True,1.0,0.0,1.0,1.0,0.6660673871514518,1.0,1.0,1.0,0.0,,,,,,,,,,0.0
148,a43dbb1d34665f24,True,1.0,0.0,1.0,1.0,0.634522132065315,1.0,1.0,1.0,1.0,,,,,,,,,,0.0
149,330166def5a35f4d,True,1.0,1.0,1.0,1.0,1.0,0.0,1.0,1.0,1.0,,,,,,,,,,0.6875
150,1ea152f7056659a9,True,1.0,0.0,1.0,1.0,1.0,1.0,1.0,1.0,0.0,,,,,,,,,,0.0
151,7af0e9b8a12056e8,True,1.0,1.0,1.0,1.0,0.9295634304255248,1.0,1.0,1.0,1.0,,,,,,,,,,0.9779885720079765
152,a59bd481d324594a,True,1.0,0.0,0.5,1.0,0.8023856594686701,1.0,1.0,1.0,0.0,,,,,,,,,,0.0
153,889aac2576295c91,True,1.0,1.0,1.0,1.0,0.8867882572956145,1.0,1.0,1.0,1.0,,,,,,,,,,0.9646213304048795
154,f025b78e77b25fba,True,0.0,1.0,1.0,1.0,0.835442653763312,0.0,1.0,1.0,0.0,,,,,,,,,,0.0
155,c1e0af56e9eb50b8,True,1.0,1.0,1.0,1.0,1.0,1.0,1.0,1.0,1.0,,,,,,,,,,1.0
156,a3f2ea7187975b13,True,1.0,1.0,1.0,1.0,1.0,1.0,1.0,1.0,0.0,,,,,,,,,,0.875
157,452def672c5d592c,True,1.0,0.0,1.0,1.0,1.0,1.0,1.0,1.0,0.0,,,,,,,,,,0.0
158,1981a85eb4ba5001,True,0.0,1.0,0.5,1.0,1.0,0.0,1.0,1.0,0.0,,,,,,,,,,0.0
159,592f536375e755b6,True,1.0,0.0,1.0,1.0,0.7804001815159451,1.0,1.0,1.0,0.0,,,,,,,,,,0.0
160,e0b92501aa5051b1,True,0.0,1.0,1.0,1.0,1.0,0.0,1.0,1.0,0.0,,,,,,,,,,0.0
161,0e5653822a7a56b3,True,1.0,1.0,1.0,1.0,1.0,1.0,1.0,1.0,1.0,,,,,,,,,,1.0
162,c054f473288d5515,True,1.0,1.0,1.0,1.0,1.0,1.0,1.0,1.0,1.0,,,,,,,,,,1.0
163,f41cf739059453a4,True,1.0,1.0,1.0,1.0,0.7375634028708624,1.0,1.0,1.0,0.0,,,,,,,,,,0.7929885633971445
164,a713265a7f905034,True,1.0,1.0,1.0,0.0,1.0,1.0,1.0,1.0,1.0,,,,,,,,,,0.0
165,3b3627c7892d5b5e,True,1.0,1.0,1.0,1.0,0.8199029719140967,1.0,1.0,1.0,1.0,,,,,,,,,,0.9437196787231552
166,93ca181d363358eb,True,1.0,1.0,1.0,1.0,0.9768253390585835,1.0,1.0,1.0,0.0,,,,,,,,,,0.8677579184558073
167,18492b6ce9905b13,True,1.0,1.0,1.0,1.0,0.6968921679216843,1.0,1.0,1.0,1.0,,,,,,,,,,0.9052788024755263
168,5d5d1442b83d5c5c,True,1.0,1.0,1.0,1.0,0.6280479705148552,1.0,1.0,1.0,1.0,,,,,,,,,,0.8837649907858922
169,9e9e33077f375062,True,1.0,0.0,1.0,1.0,0.7248221186463296,1.0,1.0,1.0,1.0,,,,,,,,,,0.0
170,773cb036b1195879,True,1.0,1.0,1.0,1.0,1.0,1.0,1.0,1.0,1.0,,,,,,,,,,1.0
171,184c11a8cc875403,True,1.0,1.0,1.0,1.0,0.8715299861028164,1.0,0.0,1.0,1.0,,,,,,,,,,0.8348531206571301
172,90ed944de9405835,True,1.0,1.0,1.0,1.0,0.8210960264333579,1.0,1.0,1.0,1.0,,,,,,,,,,0.9440925082604243
173,39a1ca97dca75beb,True,0.0,0.0,1.0,1.0,0.974202620447446,0.0,1.0,1.0,1.0,,,,,,,,,,0.0
174,d715fbc6ea0551f8,True,1.0,1.0,1.0,1.0,1.0,1.0,1.0,1.0,1.0,,,,,,,,,,1.0
175,64f47c2f2c7754cb,True,1.0,1.0,1.0,1.0,1.0,1.0,1.0,1.0,0.0,,,,,,,,,,0.875
176,48fecfd582935aac,True,1.0,1.0,1.0,1.0,0.42303338669128154,1.0,1.0,1.0,1.0,,,,,,,,,,0.8196979333410255
177,f56b0cc9c9d95421,True,1.0,1.0,1.0,1.0,1.0,1.0,1.0,1.0,1.0,,,,,,,,,,1.0
178,dac84d4f931e54ab,True,0.0,1.0,1.0,1.0,0.7633722646108397,0.0,1.0,1.0,0.0,,,,,,,,,,0.0
179,35b84fa433f0583f,True,1.0,1.0,1.0,1.0,1.0,1.0,1.0,1.0,0.0,,,,,,,,,,0.875
180,49074bfb7c9e5c26,True,1.0,1.0,1.0,1.0,0.7926375582566002,1.0,1.0,1.0,0.0,,,,,,,,,,0.8101992369551876
181,d01fec804cd45644,True,1.0,1.0,1.0,1.0,0.7780757124269401,1.0,1.0,1.0,1.0,,,,,,,,,,0.9306486601334187
182,5c084920ee285003,True,1.0,1.0,1.0,1.0,0.5486027074841812,1.0,1.0,1.0,1.0,,,,,,,,,,0.8589383460888066
183,a5183d5f2da251fa,True,1.0,1.0,1.0,1.0,1.0,1.0,1.0,1.0,1.0,,,,,,,,,,1.0
184,99ebd32df2f453f8,True,1.0,0.0,1.0,1.0,0.989288892350321,1.0,0.0,1.0,1.0,,,,,,,,,,0.0
185,ed3db88f99a05a6c,True,1.0,1.0,1.0,1.0,0.7218784327795081,1.0,1.0,1.0,1.0,,,,,,,,,,0.9130870102435963
186,226e6642fbc65bdc,True,1.0,1.0,1.0,1.0,0.8112725347818329,1.0,1.0,1.0,1.0,,,,,,,,,,0.9410226671193228
187,b6b5f3cc01a05f83,True,1.0,0.0,1.0,1.0,0.5175403944694088,1.0,0.0,1.0,1.0,,,,,,,,,,0.0
188,fe8eddd5ec8654cd,True,1.0,1.0,1.0,1.0,0.7530713637743792,1.0,1.0,1.0,0.0,,,,,,,,,,0.7978348011794936
189,5c883441084d58d7,True,1.0,1.0,0.5,1.0,1.0,1.0,1.0,0.0,0.0,,,,,,,,,,0.375
190,ac55c7f072c6528d,True,1.0,0.0,1.0,1.0,0.8180736275734797,1.0,1.0,1.0,1.0,,,,,,,,,,0.0
191,df72dca23ca45733,True,1.0,1.0,1.0,1.0,1.0,1.0,1.0,1.0,0.0,,,,,,,,,,0.875
192,f76112c834c25beb,True,1.0,0.0,1.0,1.0,0.6455713361151886,1.0,1.0,1.0,0.0,,,,,,,,,,0.0
193,599c8b2bc9b252a7,True,1.0,1.0,1.0,1.0,0.6927500093155374,1.0,1.0,1.0,0.0,,,,,,,,,,0.7789843779111054
194,87b2c0e49070537f,True,1.0,1.0,1.0,1.0,1.0,1.0,1.0,1.0,0.0,,,,,,,,,,0.875
195,9191f3f8644d50cb,True,1.0,1.0,1.0,1.0,0.43065348377673296,1.0,0.0,1.0,0.0,,,,,,,,,,0.5720792136802291
196,b9f3b69b160e5ad0,True,1.0,1.0,1.0,1.0,0.9359423314344569,1.0,1.0,1.0,0.0,,,,,,,,,,0.8549819785732677
197,689abfdd66235378,True,1.0,1.0,1.0,1.0,0.8899592603467394,1.0,0.0,1.0,1.0,,,,,,,,,,0.840612268858356
198,d64b2da8ffb65c16,True,1.0,1.0,0.0,1.0,0.9115425416558097,1.0,1.0,1.0,0.0,,,,,,,,,,0.0
199,f14e7ed78b5d55b4,True,1.0,0.0,1.0,1.0,0.7225380197221417,1.0,1.0,1.0,1.0,,,,,,,,,,0.0
200,fe9e76e6cac35fba,True,0.0,1.0,1.0,1.0,0.7501780200821982,0.0,1.0,1.0,1.0,,,,,,,,,,0.0
201,dddf14378c355c3a,True,1.0,0.0,1.0,1.0,0.8340649822739962,1.0,1.0,1.0,1.0,,,,,,,,,,0.0
202,67abcf0964415891,True,0.0,1.0,0.0,1.0,0.8964382822387255,0.0,1.0,0.0,0.0,,,,,,,,,,0.0
203,efa80e78fce1525d,True,1.0,1.0,1.0,1.0,1.0,1.0,1.0,1.0,0.0,,,,,,,,,,0.875
204,cf05c9f4f6e55af3,True,1.0,1.0,1.0,1.0,0.853654352260408,1.0,1.0,1.0,1.0,,,,,,,,,,0.9542669850813774
205,20cc0fdb7e2d5c3f,True,1.0,1.0,1.0,1.0,0.915094701386745,1.0,1.0,1.0,1.0,,,,,,,,,,0.9734670941833579
206,c887e4bc08f85aa5,True,1.0,1.0,1.0,1.0,1.0,1.0,1.0,1.0,1.0,,,,,,,,,,1.0
207,550f8f2c9795525c,True,1.0,1.0,1.0,1.0,0.28545161938721175,1.0,1.0,1.0,0.0,,,,,,,,,,0.6517036310585037
208,529d2e20dc615c3b,True,0.0,1.0,1.0,1.0,1.0,0.0,1.0,1.0,1.0,,,,,,,,,,0.0
209,f289e368449b517b,True,0.5,0.0,0.5,1.0,0.7175910437067087,0.0,1.0,1.0,1.0,,,,,,,,,,0.0
210,53f8bc4012fe5f29,True,1.0,1.0,1.0,1.0,0.8080342176421649,1.0,1.0,1.0,0.0,,,,,,,,,,0.8150106930131765
211,398326681cd7500a,True,0.0,1.0,1.0,1.0,0.8536382746795863,0.0,1.0,1.0,1.0,,,,,,,,,,0.0
212,d5b18d6105c25004,True,1.0,1.0,1.0,1.0,1.0,1.0,1.0,1.0,1.0,,,,,,,,,,1.0
213,25e9d76574075cee,True,1.0,0.0,1.0,1.0,0.6296085651750125,1.0,1.0,1.0,1.0,,,,,,,,,,0.0
214,56c64f7e47b15e0d,True,0.0,1.0,1.0,1.0,1.0,0.0,1.0,1.0,0.0,,,,,,,,,,0.0
215,bbb5018d017754d0,True,1.0,1.0,1.0,1.0,0.8844680717041505,1.0,1.0,1.0,1.0,,,,,,,,,,0.963896272407547
216,ac0c6104c53e581e,True,1.0,1.0,1.0,1.0,1.0,1.0,1.0,1.0,1.0,,,,,,,,,,1.0
217,73b2c72a73b458ca,True,1.0,1.0,1.0,1.0,0.754308902809435,1.0,1.0,1.0,0.0,,,,,,,,,,0.7982215321279484
218,eed801b1cd035275,True,0.0,0.0,1.0,1.0,1.0,0.0,1.0,1.0,1.0,,,,,,,,,,0.0
219,112db94505025ec5,True,1.0,1.0,1.0,1.0,0.770435291092653,1.0,1.0,1.0,0.0,,,,,,,,,,0.8032610284664541
220,de1662269d685ce0,True,1.0,0.0,1.0,1.0,1.0,1.0,1.0,1.0,0.0,,,,,,,,,,0.0
221,fda0145d54065b7c,True,0.0,1.0,1.0,1.0,1.0,0.0,1.0,1.0,1.0,,,,,,,,,,0.0
222,7d24bd01f77c5d87,True,1.0,1.0,1.0,1.0,0.8317358428501861,1.0,1.0,1.0,0.0,,,,,,,,,,0.8224174508906832
223,b5ba1ec901f1522c,True,1.0,1.0,1.0,1.0,1.0,1.0,1.0,1.0,0.0,,,,,,,,,,0.875
224,0dc54a8c8203567b,True,1.0,1.0,1.0,1.0,0.7789852518360741,1.0,1.0,1.0,1.0,,,,,,,,,,0.9309328911987732
225,697882c22eb65ca7,True,0.5,0.0,0.5,1.0,0.6254792002394758,0.0,1.0,1.0,0.0,,,,,,,,,,0.0
226,9d9762d42ff5561d,True,1.0,1.0,1.0,1.0,1.0,1.0,1.0,1.0,1.0,,,,,,,,,,1.0
227,ef703bb40b9a516c,True,1.0,0.0,1.0,1.0,0.9787499010384,1.0,1.0,1.0,1.0,,,,,,,,,,0.0
228,2382542e05f253df,True,1.0,1.0,1.0,1.0,0.8557979799607863,1.0,1.0,1.0,1.0,,,,,,,,,,0.9549368687377457
229,67bce1e28df25eaa,True,1.0,1.0,1.0,1.0,1.0,1.0,1.0,1.0,0.0,,,,,,,,,,0.875
230,8164612a623156ae,True,1.0,0.0,1.0,1.0,1.0,1.0,1.0,1.0,1.0,,,,,,,,,,0.0
231,d25b6512a43f5e54,True,1.0,1.0,1.0,1.0,0.8659901688667412,1.0,1.0,1.0,1.0,,,,,,,,,,0.9581219277708566
232,f0b6499b393152be,True,1.0,0.0,1.0,1.0,1.0,1.0,0.0,1.0,0.0,,,,,,,,,,0.0
233,102627370a1e5b88,True,1.0,1.0,1.0,1.0,0.7405989541257167,1.0,1.0,1.0,1.0,,,,,,,,,,0.9189371731642865
234,eb3912d9717d5177,True,1.0,1.0,1.0,1.0,0.754162186427643,1.0,1.0,1.0,1.0,,,,,,,,,,0.9231756832586384
235,46deeff0d0495df6,True,1.0,1.0,1.0,1.0,1.0,1.0,1.0,1.0,0.0,,,,,,,,,,0.875
236,0af68cc78d085fdb,True,1.0,1.0,1.0,1.0,0.7103876164490769,1.0,1.0,1.0,0.0,,,,,,,,,,0.7844961301403366
237,1a707ed0d7ba541d,True,1.0,0.0,1.0,1.0,0.8418354910577439,1.0,1.0,1.0,1.0,,,,,,,,,,0.0
238,7da863f64a5f5e90,True,1.0,0.0,1.0,1.0,0.8272073030672786,1.0,1.0,1.0,1.0,,,,,,,,,,0.0
239,f9a9b5ee707e501e,True,1.0,1.0,1.0,1.0,1.0,1.0,1.0,1.0,0.0,,,,,,,,,,0.875
240,f2117260382b5d83,True,1.0,1.0,1.0,1.0,0.870300780676,1.0,1.0,1.0,1.0,,,,,,,,,,0.95946899396125
241,635d0bb58aa95282,True,1.0,1.0,1.0,1.0,0.6466623690744043,1.0,1.0,1.0,1.0,,,,,,,,,,0.8895819903357514
242,75f5cc1f425c501d,True,1.0,0.0,1.0,1.0,1.0,1.0,1.0,1.0,1.0,,,,,,,,,,0.0
243,a47772efd1d758d6,True,1.0,1.0,1.0,1.0,1.0,1.0,1.0,1.0,0.0,,,,,,,,,,0.875
244,223d02be29c65e81,True,1.0,1.0,1.0,1.0,0.7571311135684973,1.0,1.0,1.0,1.0,,,,,,,,,,0.9241034729901554
245,ce05573741b75133,True,1.0,1.0,1.0,1.0,1.0,1.0,1.0,1.0,0.0,,,,,,,,,,0.875
246,8c689c4b2df55539,True,1.0,1.0,1.0,1.0,0.7059328826613178,1.0,1.0,1.0,1.0,,,,,,,,,,0.9081040258316618
247,9ef1d618435d5e53,True,1.0,1.0,1.0,1.0,1.0,1.0,1.0,1.0,0.0,,,,,,,,,,0.875
248,f29d6171f46b551d,True,1.0,1.0,1.0,1.0,1.0,1.0,1.0,1.0,1.0,,,,,,,,,,1.0
249,b1906c6b8b8f5f56,True,1.0,1.0,1.0,1.0,1.0,1.0,1.0,1.0,0.0,,,,,,,,,,0.875
250,e9c2b75226b85cfe,True,1.0,1.0,1.0,1.0,0.9145183772241191,1.0,1.0,1.0,1.0,,,,,,,,,,0.9732869928825372
251,082988f40658562c,True,0.0,1.0,1.0,1.0,1.0,0.0,1.0,1.0,0.0,,,,,,,,,,0.0
252,c296ded44f9a509a,True,1.0,1.0,1.0,1.0,0.8713394836573659,1.0,1.0,1.0,1.0,,,,,,,,,,0.9597935886429269
253,1bc892186af15042,True,1.0,1.0,1.0,1.0,0.7498909277432665,1.0,1.0,1.0,1.0,,,,,,,,,,0.9218409149197708
254,d073c3202a7e56da,True,0.0,1.0,1.0,1.0,1.0,0.0,1.0,1.0,0.0,,,,,,,,,,0.0
255,585a681f4ad95682,True,0.0,1.0,1.0,1.0,1.0,0.0,1.0,1.0,0.0,,,,,,,,,,0.0
256,5feede5c5a3c5116,True,0.5,0.0,1.0,1.0,1.0,0.0,1.0,1.0,1.0,,,,,,,,,,0.0
257,28a4a08f11a05407,True,1.0,0.0,1.0,1.0,1.0,0.0,1.0,1.0,0.0,,,,,,,,,,0.0
258,4d5a01dea92b5867,True,1.0,1.0,1.0,1.0,1.0,1.0,1.0,1.0,0.0,,,,,,,,,,0.875
259,2c5cbab120595d79,True,1.0,1.0,1.0,1.0,0.8453561857575781,1.0,1.0,1.0,1.0,,,,,,,,,,0.9516738080492432
260,4dd1ab3a667b5074,True,1.0,0.0,1.0,1.0,1.0,1.0,1.0,1.0,0.0,,,,,,,,,,0.0
261,00016f8b45c25a1d,True,1.0,0.0,1.0,1.0,0.8991632845126677,1.0,1.0,1.0,1.0,,,,,,,,,,0.0
262,7a91cd530cac57fc,True,1.0,1.0,1.0,1.0,0.8105069006405333,1.0,1.0,1.0,1.0,,,,,,,,,,0.9407834064501667
263,1e9350ac2bc25f59,True,1.0,1.0,1.0,1.0,0.5141858340195049,1.0,1.0,1.0,0.0,,,,,,,,,,0.7231830731310953
264,aee07628c2ab5ce1,True,1.0,1.0,1.0,1.0,0.5526278488494022,1.0,0.0,1.0,0.0,,,,,,,,,,0.6101962027654382
265,faa12c2adc7c521f,True,1.0,0.0,1.0,1.0,0.7874936000815856,1.0,1.0,1.0,0.0,,,,,,,,,,0.0
266,3067f3d3d5a75989,True,0.0,1.0,1.0,1.0,1.0,1.0,1.0,1.0,0.0,,,,,,,,,,0.0
267,e1886e081b945907,True,1.0,1.0,1.0,1.0,0.5973575900408149,1.0,1.0,1.0,0.0,,,,,,,,,,0.7491742468877547
268,f038fc7ffdab5bad,True,1.0,1.0,1.0,1.0,1.0,1.0,1.0,1.0,0.0,,,,,,,,,,0.875
269,da56fca2caff52e4,True,1.0,0.0,1.0,1.0,0.6848357620911577,1.0,1.0,1.0,0.0,,,,,,,,,,0.0
270,029585f0509d52b0,True,1.0,1.0,1.0,1.0,1.0,1.0,1.0,1.0,0.0,,,,,,,,,,0.875
271,3d324bda0cec57ab,True,1.0,1.0,1.0,1.0,0.9466085622779632,1.0,1.0,1.0,0.0,,,,,,,,,,0.8583151757118634
272,5d5dfc678c9759a1,True,1.0,1.0,1.0,1.0,0.7844752411063269,1.0,1.0,1.0,0.0,,,,,,,,,,0.8076485128457271
273,c6bd79f439c254a0,True,1.0,1.0,1.0,1.0,0.8929633033259216,1.0,0.0,1.0,1.0,,,,,,,,,,0.8415510322893505
274,52b2e626eca85976,True,1.0,1.0,1.0,1.0,0.6942126933074045,1.0,1.0,1.0,1.0,,,,,,,,,,0.904441466658564
275,6ae2bcc5c2c050e4,True,0.0,1.0,1.0,1.0,1.0,0.0,1.0,1.0,1.0,,,,,,,,,,0.0
276,bcf787cdb66453f0,True,1.0,0.0,1.0,1.0,1.0,1.0,1.0,1.0,1.0,,,,,,,,,,0.0
277,c340cf7465ab5bbe,True,1.0,0.0,1.0,1.0,0.7011738008307375,1.0,1.0,1.0,1.0,,,,,,,,,,0.0
278,09446e65ee9a55d3,True,0.0,1.0,1.0,1.0,1.0,0.0,1.0,0.0,0.0,,,,,,,,,,0.0
279,53a7531622255064,True,1.0,1.0,1.0,1.0,1.0,1.0,1.0,1.0,1.0,,,,,,,,,,1.0
280,b031a0b55ab951f8,True,1.0,0.0,1.0,1.0,0.8456832754822573,1.0,1.0,1.0,0.0,,,,,,,,,,0.0
281,05f1a5cbc0905d8e,True,1.0,1.0,1.0,1.0,0.754638929609121,1.0,1.0,1.0,1.0,,,,,,,,,,0.9233246655028503
282,79e8f1ce9ed95cf6,True,1.0,1.0,1.0,1.0,0.42610935940943406,1.0,1.0,1.0,0.0,,,,,,,,,,0.6956591748154481
283,63980d0b4c9352c4,True,1.0,1.0,1.0,1.0,0.7236511623677342,1.0,1.0,1.0,0.0,,,,,,,,,,0.7886409882399169
284,2c8a58b94332570d,True,1.0,1.0,1.0,1.0,0.5772263206983763,1.0,1.0,1.0,1.0,,,,,,,,,,0.8678832252182426
285,a7d3e71b8ca456a9,True,0.0,1.0,1.0,1.0,1.0,0.0,1.0,1.0,1.0,,,,,,,,,,0.0
286,5f53001e7e2d5347,True,1.0,1.0,1.0,1.0,1.0,1.0,0.0,1.0,1.0,,,,,,,,,,0.875
287,551cf39c34f75b25,True,1.0,1.0,1.0,1.0,0.7308895512837521,1.0,1.0,1.0,1.0,,,,,,,,,,0.9159029847761726
288,aeeba19e19c35ccb,True,1.0,1.0,1.0,1.0,0.7829231486709857,1.0,1.0,1.0,0.0,,,,,,,,,,0.8071634839596831
289,5521dd071ee95c1a,True,1.0,1.0,1.0,1.0,0.9481266315702942,1.0,1.0,1.0,1.0,,,,,,,,,,0.983789572365717
290,19e90f2757b25f38,True,1.0,1.0,1.0,1.0,0.769360359819565,1.0,1.0,1.0,1.0,,,,,,,,,,0.9279251124436141
291,0ec9a79351355022,True,1.0,1.0,1.0,1.0,1.0,1.0,1.0,1.0,1.0,,,,,,,,,,1.0
292,613c9ac33f6951ca,True,1.0,1.0,1.0,1.0,0.8013465602560621,1.0,1.0,1.0,1.0,,,,,,,,,,0.9379208000800194
293,b02bf210eda55579,True,1.0,1.0,1.0,1.0,1.0,1.0,0.0,1.0,0.0,,,,,,,,,,0.75
294,69baa41122b45e43,True,1.0,1.0,1.0,1.0,0.8529805063159397,1.0,1.0,1.0,1.0,,,,,,,,,,0.9540564082237312
295,afa8102c20685ec5,True,1.0,1.0,1.0,1.0,0.322223317869722,1.0,1.0,1.0,1.0,,,,,,,,,,0.7881947868342881
296,4a919f7ea2f65200,True,1.0,0.0,1.0,1.0,1.0,1.0,1.0,1.0,1.0,,,,,,,,,,0.0
297,a6edd19740415b54,True,1.0,1.0,1.0,1.0,1.0,1.0,1.0,1.0,0.0,,,,,,,,,,0.875
298,ce2f1ac423965b7a,True,1.0,1.0,1.0,1.0,0.9735951457831318,1.0,1.0,1.0,1.0,,,,,,,,,,0.9917484830572287
299,491a9b7a44225a75,True,1.0,1.0,1.0,1.0,1.0,1.0,0.0,0.0,0.0,,,,,,,,,,0.625
300,02b68b9cc51f506a,True,1.0,0.0,1.0,1.0,0.6297459372552097,1.0,1.0,1.0,1.0,,,,,,,,,,0.0
301,1abf52a927025259,True,1.0,1.0,1.0,1.0,0.858118505322406,1.0,1.0,1.0,1.0,,,,,,,,,,0.9556620329132519
302,12f2dccfb88957f9,True,1.0,1.0,1.0,0.0,1.0,1.0,1.0,1.0,1.0,,,,,,,,,,0.0
303,116aacf9868e5e4e,True,1.0,1.0,1.0,1.0,0.8731378187621343,1.0,1.0,1.0,1.0,,,,,,,,,,0.9603555683631669
304,d08ae5bc8a435f97,True,0.0,1.0,1.0,1.0,1.0,0.0,1.0,1.0,1.0,,,,,,,,,,0.0
305,84b8eb5b1a5757c1,True,1.0,1.0,1.0,1.0,0.7772074991722213,1.0,1.0,1.0,1.0,,,,,,,,,,0.9303773434913192
306,834cf95826ec5c73,True,1.0,0.0,1.0,1.0,0.766988092960859,1.0,1.0,1.0,0.0,,,,,,,,,,0.0
307,5f4991d3d2ca5eee,True,1.0,1.0,1.0,1.0,0.3085491860592382,1.0,1.0,1.0,1.0,,,,,,,,,,0.783921620643512
308,07846b829b3a575e,True,1.0,1.0,1.0,1.0,0.7057037673725717,1.0,1.0,1.0,1.0,,,,,,,,,,0.9080324273039286
309,b474c79361415cb0,True,1.0,1.0,1.0,1.0,0.800655690956711,1.0,1.0,1.0,0.0,,,,,,,,,,0.8127049034239722
310,e747d6fdc59252f3,True,1.0,1.0,1.0,1.0,0.756778390523148,1.0,1.0,1.0,0.0,,,,,,,,,,0.7989932470384837
311,b867b28707205c0b,True,1.0,1.0,1.0,1.0,0.7560469491261637,1.0,1.0,1.0,0.0,,,,,,,,,,0.7987646716019261
312,b60afdbc7cc65971,True,1.0,1.0,1.0,1.0,1.0,1.0,1.0,1.0,1.0,,,,,,,,,,1.0
313,e244b2ddf97a57d6,True,1.0,0.0,1.0,1.0,0.7994769609636574,1.0,1.0,1.0,1.0,,,,,,,,,,0.0
314,70d9d518ad0f5382,True,1.0,1.0,1.0,1.0,1.0,1.0,1.0,1.0,1.0,,,,,,,,,,1.0
315,a67c6744e6c45edb,True,1.0,1.0,1.0,1.0,0.7231074928381913,1.0,1.0,1.0,0.0,,,,,,,,,,0.7884710915119348
316,e024bd23594b5a13,True,1.0,1.0,1.0,1.0,1.0,1.0,0.0,1.0,1.0,,,,,,,,,,0.875
317,6b0d21782a3b5a22,True,1.0,1.0,1.0,1.0,0.5741586217872785,1.0,1.0,1.0,1.0,,,,,,,,,,0.8669245693085246
318,f9e3a8f1b0ae5d43,True,1.0,0.0,0.5,1.0,0.6846148207557063,1.0,1.0,1.0,0.0,,,,,,,,,,0.0
319,7b2f3235b4cb5374,True,1.0,1.0,1.0,1.0,0.5995908299745942,1.0,1.0,1.0,1.0,,,,,,,,,,0.8748721343670607
320,6e2c6027edb85763,True,1.0,1.0,0.5,1.0,1.0,1.0,1.0,1.0,0.0,,,,,,,,,,0.4375
321,5d12ad55fdd858e1,True,1.0,0.0,1.0,1.0,0.8367681101233378,1.0,1.0,1.0,1.0,,,,,,,,,,0.0
322,cbc268a868be50c2,True,1.0,0.0,0.5,1.0,1.0,1.0,1.0,1.0,0.0,,,,,,,,,,0.0
323,3623049267d35a95,True,0.0,1.0,1.0,1.0,1.0,0.0,1.0,1.0,0.0,,,,,,,,,,0.0
324,2e1d4bde0a16514b,True,0.0,1.0,1.0,1.0,0.8596459550646901,0.0,1.0,1.0,1.0,,,,,,,,,,0.0
325,d20be65e3dc65738,True,1.0,0.0,1.0,1.0,0.9108804821878012,1.0,1.0,1.0,1.0,,,,,,,,,,0.0
326,c28c7b29e80059d2,True,1.0,1.0,1.0,1.0,0.8841701840892405,1.0,1.0,1.0,1.0,,,,,,,,,,0.9638031825278877
327,8cec7d21f7dc540b,True,1.0,0.0,1.0,1.0,0.6116438059179446,1.0,1.0,1.0,1.0,,,,,,,,,,0.0
328,c8507cfbe8575463,True,0.0,1.0,1.0,1.0,1.0,0.0,1.0,1.0,0.0,,,,,,,,,,0.0
329,11d28b80cd0a56d5,True,1.0,1.0,1.0,1.0,0.9489042715961299,1.0,1.0,1.0,1.0,,,,,,,,,,0.9840325848737905
330,0802a51b0a1d512c,True,1.0,1.0,1.0,1.0,0.8009663570418737,1.0,1.0,1.0,1.0,,,,,,,,,,0.9378019865755856
331,ecc6da85180a5eee,True,1.0,1.0,0.0,1.0,1.0,1.0,0.0,1.0,1.0,,,,,,,,,,0.0
332,f1ca8dd77f205599,True,1.0,1.0,1.0,1.0,0.8415633214825916,1.0,1.0,1.0,0.0,,,,,,,,,,0.8254885379633099
333,fa2c36ce4ba156cb,True,1.0,1.0,1.0,1.0,0.9699655606058516,1.0,1.0,1.0,1.0,,,,,,,,,,0.9906142376893285
334,70f718ebc8b4505e,True,1.0,1.0,1.0,1.0,0.8657858614281432,1.0,1.0,1.0,1.0,,,,,,,,,,0.9580580816962947
335,dded75c35039515f,True,1.0,1.0,1.0,1.0,1.0,1.0,1.0,1.0,1.0,,,,,,,,,,1.0
336,f1ae4feebfda5b75,True,1.0,1.0,1.0,1.0,0.8800169576835618,1.0,1.0,1.0,0.0,,,,,,,,,,0.8375052992761131
337,e74ca27f40755297,True,1.0,0.0,1.0,1.0,1.0,1.0,1.0,1.0,1.0,,,,,,,,,,0.0
338,289a58bd2ab6512b,True,1.0,1.0,1.0,1.0,0.6772988144664612,1.0,1.0,1.0,1.0,,,,,,,,,,0.8991558795207691
339,d20dc707981f56e7,True,1.0,1.0,1.0,1.0,1.0,1.0,1.0,1.0,1.0,,,,,,,,,,1.0
340,9483fae2cfc352eb,True,1.0,1.0,1.0,1.0,0.6550269088379309,1.0,1.0,1.0,0.0,,,,,,,,,,0.7671959090118534
341,58d69daf413c5d5a,True,1.0,1.0,1.0,1.0,0.6580413075265236,1.0,1.0,1.0,0.0,,,,,,,,,,0.7681379086020386
342,e1d83d0f913a5263,True,1.0,1.0,1.0,1.0,1.0,1.0,1.0,1.0,1.0,,,,,,,,,,1.0
343,8f8ccbd6ffcb54b9,True,1.0,0.0,1.0,1.0,0.9203044027325968,1.0,1.0,1.0,1.0,,,,,,,,,,0.0
344,42052560d5925f35,True,1.0,1.0,1.0,1.0,1.0,1.0,1.0,1.0,0.0,,,,,,,,,,0.875
345,16a738813dbe5496,True,1.0,1.0,1.0,1.0,0.6143928040356871,1.0,1.0,1.0,1.0,,,,,,,,,,0.8794977512611521
346,d64a3964875f5b41,True,1.0,1.0,1.0,1.0,1.0,1.0,1.0,1.0,1.0,,,,,,,,,,1.0
347,62103d9b18645ebd,True,0.0,1.0,1.0,1.0,1.0,0.0,1.0,1.0,0.0,,,,,,,,,,0.0
348,34489cf42e005e93,True,0.0,1.0,1.0,1.0,1.0,1.0,1.0,1.0,0.0,,,,,,,,,,0.0
349,fa8c164985255698,True,0.0,1.0,1.0,1.0,1.0,0.0,1.0,1.0,0.0,,,,,,,,,,0.0
350,8d0697930b5e5df0,True,1.0,1.0,1.0,1.0,1.0,1.0,1.0,1.0,0.0,,,,,,,,,,0.875
351,5da314e6404c5213,True,1.0,1.0,1.0,1.0,1.0,1.0,1.0,1.0,1.0,,,,,,,,,,1.0
352,352290f8ed8e572e,True,1.0,1.0,1.0,1.0,1.0,1.0,1.0,1.0,1.0,,,,,,,,,,1.0
353,f749ff64838c5664,True,1.0,0.0,1.0,1.0,1.0,1.0,1.0,1.0,0.0,,,,,,,,,,0.0
354,d45f18da371a5fe5,True,1.0,0.0,1.0,1.0,0.8909692252642413,1.0,0.0,1.0,1.0,,,,,,,,,,0.0
355,7b22018666ac5b0e,True,1.0,0.0,1.0,1.0,0.8755354829347202,1.0,1.0,1.0,1.0,,,,,,,,,,0.0
356,8b8ea705c7fd5e8a,True,1.0,1.0,0.5,1.0,1.0,1.0,1.0,1.0,0.0,,,,,,,,,,0.4375
357,c656016133b05a15,True,1.0,1.0,1.0,1.0,1.0,1.0,1.0,1.0,1.0,,,,,,,,,,1.0
358,1c5c2e372dc954cd,True,1.0,1.0,1.0,1.0,1.0,1.0,1.0,1.0,0.0,,,,,,,,,,0.875
359,e22c42694be05703,True,1.0,1.0,1.0,1.0,0.5819534076754213,1.0,1.0,1.0,1.0,,,,,,,,,,0.8693604398985691
360,abbf1c193ac75f91,True,1.0,1.0,1.0,1.0,1.0,1.0,1.0,1.0,0.0,,,,,,,,,,0.875
361,75857e1f177b5af4,True,1.0,1.0,1.0,1.0,0.6003145078820548,1.0,1.0,1.0,1.0,,,,,,,,,,0.8750982837131421
362,8f5b6181d28e5d4a,True,1.0,1.0,1.0,1.0,0.8677843660678225,1.0,1.0,1.0,1.0,,,,,,,,,,0.9586826143961945
363,c574d461642f5deb,True,1.0,1.0,1.0,1.0,0.9387872475908868,1.0,1.0,1.0,0.0,,,,,,,,,,0.8558710148721521
364,0e272e003af65a71,True,1.0,1.0,1.0,1.0,1.0,1.0,1.0,1.0,0.0,,,,,,,,,,0.875
365,f2592c08589e5398,True,1.0,0.0,1.0,1.0,0.5727557754877041,1.0,1.0,1.0,1.0,,,,,,,,,,0.0
366,dd16377ecfa45fe0,True,1.0,0.0,1.0,1.0,1.0,1.0,1.0,1.0,1.0,,,,,,,,,,0.0
367,580dac44fa305877,True,1.0,1.0,1.0,1.0,0.6501698873943683,1.0,1.0,1.0,0.0,,,,,,,,,,0.76567808981074
368,36419e8c59275f61,True,1.0,1.0,1.0,1.0,1.0,1.0,1.0,1.0,1.0,,,,,,,,,,1.0
369,d50b69bed8f2570c,True,1.0,1.0,1.0,1.0,0.6819783330056105,1.0,1.0,1.0,0.0,,,,,,,,,,0.7756182290642533
370,cd9d029138325c2c,True,1.0,1.0,1.0,1.0,0.8840707269197441,1.0,1.0,1.0,1.0,,,,,,,,,,0.96377210216242
371,5593db2f64115fbf,True,1.0,1.0,1.0,1.0,1.0,1.0,1.0,1.0,1.0,,,,,,,,,,1.0
372,afe83cb6c0ae5f67,True,1.0,0.0,1.0,1.0,0.8417522954061696,1.0,0.0,1.0,0.0,,,,,,,,,,0.0
373,4fbfc7dc71db50e2,True,1.0,1.0,1.0,1.0,0.7736891766008861,1.0,1.0,1.0,1.0,,,,,,,,,,0.9292778676877769
374,76a0c83f0b6453a0,True,1.0,1.0,1.0,1.0,0.8796578240068419,1.0,1.0,1.0,1.0,,,,,,,,,,0.9623930700021381
375,ce8a292cbd7f54d5,True,1.0,1.0,1.0,1.0,0.9013023179946998,1.0,1.0,1.0,1.0,,,,,,,,,,0.9691569743733437
376,59ea5c8c067e57e7,True,1.0,0.0,0.0,1.0,1.0,1.0,0.0,1.0,1.0,,,,,,,,,,0.0
377,a7d3076a7b7b58b2,True,1.0,1.0,1.0,1.0,0.9357465079401427,1.0,1.0,1.0,1.0,,,,,,,,,,0.9799207837312947
378,2bd04a0902095129,True,1.0,0.0,0.5,1.0,1.0,1.0,1.0,1.0,0.0,,,,,,,,,,0.0
379,13310ca9a7715154,True,1.0,1.0,1.0,1.0,1.0,1.0,1.0,1.0,1.0,,,,,,,,,,1.0
380,686b55439d5e591e,True,1.0,1.0,1.0,1.0,1.0,1.0,1.0,1.0,0.0,,,,,,,,,,0.875
381,132d1ec43fc058e1,True,1.0,0.0,1.0,1.0,0.9811379092534809,1.0,1.0,1.0,1.0,,,,,,,,,,0.0
382,a97ceb2edd0251f9,True,1.0,0.0,1.0,1.0,1.0,1.0,1.0,1.0,0.0,,,,,,,,,,0.0
383,2391f12d7e6a5e7f,True,1.0,0.0,1.0,1.0,0.5043071402356519,1.0,1.0,1.0,1.0,,,,,,,,,,0.0
384,a417154cf84a5426,True,1.0,1.0,1.0,1.0,1.0,1.0,1.0,1.0,1.0,,,,,,,,,,1.0
385,5e74b6a61b715f47,True,1.0,1.0,0.0,1.0,1.0,1.0,1.0,1.0,0.0,,,,,,,,,,0.0
386,89e4665cd63a55bd,True,0.0,1.0,1.0,1.0,1.0,0.0,1.0,1.0,0.0,,,,,,,,,,0.0
387,8846d60884435288,True,1.0,1.0,1.0,1.0,0.8501553037439584,1.0,1.0,1.0,0.0,,,,,,,,,,0.828173532419987
388,7727bf26f5845499,True,1.0,1.0,1.0,1.0,0.5905649674261776,1.0,1.0,1.0,1.0,,,,,,,,,,0.8720515523206804
389,179bc3ae5b9f56b0,True,1.0,1.0,1.0,1.0,0.8439666962304883,1.0,1.0,1.0,1.0,,,,,,,,,,0.9512395925720276
390,7feaf6410f1854a8,True,0.0,1.0,1.0,1.0,1.0,0.0,1.0,1.0,1.0,,,,,,,,,,0.0
391,e2ae05340dba502d,True,1.0,0.0,1.0,1.0,0.7132370057613923,1.0,1.0,1.0,0.0,,,,,,,,,,0.0
392,262333f372975eef,True,1.0,1.0,1.0,1.0,1.0,1.0,1.0,1.0,1.0,,,,,,,,,,1.0
393,76c31764665151be,True,1.0,0.0,1.0,1.0,0.48386433248501165,1.0,1.0,1.0,0.0,,,,,,,,,,0.0
394,813c23718919507a,True,1.0,1.0,0.0,1.0,1.0,1.0,1.0,1.0,0.0,,,,,,,,,,0.0
395,0b1250020ea95539,True,1.0,1.0,1.0,1.0,0.8019182524399607,1.0,1.0,1.0,0.0,,,,,,,,,,0.8130994538874877
396,0dd3256035e75770,True,1.0,1.0,1.0,1.0,0.5035195398258984,1.0,1.0,1.0,0.0,,,,,,,,,,0.7198498561955933
397,ad47566ea29a57bf,True,1.0,0.0,1.0,1.0,0.9467943792967058,1.0,1.0,1.0,1.0,,,,,,,,,,0.0
398,c9ca538cb3235e43,True,1.0,0.0,1.0,1.0,1.0,1.0,1.0,1.0,1.0,,,,,,,,,,0.0
399,e41740b9529753af,True,0.0,1.0,1.0,1.0,1.0,0.0,1.0,1.0,1.0,,,,,,,,,,0.0
400,45ebc34cbe405c3e,True,1.0,1.0,1.0,1.0,0.9206915898712325,1.0,1.0,1.0,1.0,,,,,,,,,,0.9752161218347601
401,bf00c76f25185b83,True,1.0,0.0,1.0,1.0,0.6480184426639136,1.0,1.0,1.0,1.0,,,,,,,,,,0.0
402,c1839a3333695317,True,1.0,0.0,1.0,1.0,1.0,1.0,1.0,1.0,1.0,,,,,,,,,,0.0
403,bd2b1a4530a1538b,True,0.0,1.0,1.0,1.0,1.0,0.0,1.0,1.0,0.0,,,,,,,,,,0.0
404,ac7bd595b9a3544c,True,0.0,1.0,1.0,1.0,1.0,0.0,1.0,1.0,1.0,,,,,,,,,,0.0
405,2322850f71fa5c4d,True,1.0,1.0,1.0,1.0,0.8064255693117209,0.0,1.0,1.0,1.0,,,,,,,,,,0.6270079904099128
406,5d3573d6da7952d3,True,1.0,0.0,1.0,1.0,0.9842295810991151,1.0,1.0,1.0,1.0,,,,,,,,,,0.0
407,5041cdf76ecb5ee7,True,1.0,0.0,1.0,1.0,0.7010060527997181,1.0,1.0,1.0,0.0,,,,,,,,,,0.0
408,e46762b07ca45b74,True,1.0,0.0,0.0,1.0,0.7221055263286481,1.0,1.0,1.0,1.0,,,,,,,,,,0.0
409,20728d3e677b593d,True,1.0,0.0,1.0,1.0,0.5598279481041224,1.0,1.0,1.0,1.0,,,,,,,,,,0.0
410,cc4bdc0160e157c4,True,1.0,1.0,1.0,1.0,0.7547216607917567,1.0,1.0,1.0,1.0,,,,,,,,,,0.923350518997424
411,85482a4d20fd5eac,True,1.0,1.0,1.0,1.0,0.8414344203496551,1.0,1.0,1.0,1.0,,,,,,,,,,0.9504482563592672
412,a18d2b32f8415373,True,1.0,1.0,1.0,1.0,0.8503666041263465,1.0,1.0,1.0,1.0,,,,,,,,,,0.9532395637894833
413,e7ae612e880e5d5f,True,1.0,0.0,1.0,1.0,1.0,1.0,1.0,1.0,1.0,,,,,,,,,,0.0
414,afbf82af256b5711,True,1.0,1.0,1.0,1.0,1.0,0.0,1.0,1.0,0.0,,,,,,,,,,0.5625
415,afd632f043e35a49,True,1.0,1.0,1.0,1.0,0.8545160667021497,1.0,1.0,1.0,1.0,,,,,,,,,,0.9545362708444218
416,bd9abb7104dc5408,True,1.0,1.0,1.0,1.0,0.7657341257986513,1.0,1.0,1.0,1.0,,,,,,,,,,0.9267919143120785
417,57ef08c8f98457d7,True,1.0,1.0,1.0,1.0,0.8855521206881933,1.0,0.0,1.0,1.0,,,,,,,,,,0.8392350377150604
418,8d90099a801d5682,True,1.0,1.0,1.0,1.0,1.0,1.0,1.0,1.0,1.0,,,,,,,,,,1.0
419,2b8cde20754c5f0c,True,1.0,1.0,1.0,1.0,1.0,1.0,1.0,1.0,0.0,,,,,,,,,,0.875
420,ffe92084016a5795,True,1.0,1.0,1.0,1.0,0.4502034012041918,1.0,1.0,1.0,0.0,,,,,,,,,,0.7031885628763099
421,847432a116d35db0,True,0.0,1.0,1.0,1.0,1.0,0.0,1.0,1.0,1.0,,,,,,,,,,0.0
422,a2701552b0f95f7b,True,1.0,1.0,1.0,1.0,1.0,1.0,1.0,1.0,1.0,,,,,,,,,,1.0
423,a312f24a197d530c,True,1.0,1.0,1.0,1.0,0.9125953380041001,1.0,1.0,1.0,1.0,,,,,,,,,,0.9726860431262813
424,d142ab856b7653df,True,1.0,1.0,1.0,1.0,0.7491089268843868,1.0,1.0,1.0,1.0,,,,,,,,,,0.9215965396513709
425,9b7108902e7158d6,True,1.0,1.0,1.0,1.0,1.0,1.0,1.0,1.0,1.0,,,,,,,,,,1.0
426,3cbb6c030b1e5d19,True,1.0,0.0,1.0,1.0,1.0,1.0,1.0,1.0,0.0,,,,,,,,,,0.0
427,3af9cb4d21e15e9e,True,1.0,1.0,1.0,1.0,0.44379875936243446,1.0,1.0,1.0,0.0,,,,,,,,,,0.7011871123007608
428,5c4d8dfcb0aa5541,True,1.0,0.0,1.0,1.0,0.541427632437224,1.0,1.0,0.0,0.0,,,,,,,,,,0.0
429,515fefed28a65a88,True,1.0,1.0,1.0,1.0,0.7502773888439286,1.0,1.0,1.0,1.0,,,,,,,,,,0.9219616840137277
430,a2d7be8710535e33,True,1.0,1.0,1.0,1.0,0.7827059107689815,1.0,1.0,1.0,1.0,,,,,,,,,,0.9320955971153068
431,77f11643ced5562a,True,0.0,1.0,1.0,1.0,1.0,0.0,1.0,1.0,0.0,,,,,,,,,,0.0
432,ae05160436d45a62,True,1.0,0.0,1.0,1.0,0.9258481796281512,1.0,0.0,1.0,1.0,,,,,,,,,,0.0
433,e9b43b140b1d54bf,True,1.0,1.0,1.0,1.0,1.0,1.0,1.0,1.0,1.0,,,,,,,,,,1.0
434,67debdeae60b5fa4,True,1.0,1.0,1.0,1.0,0.7805694030132899,1.0,1.0,1.0,1.0,,,,,,,,,,0.9314279384416531
435,5065e99644fb5fc2,True,1.0,0.0,1.0,1.0,1.0,1.0,1.0,1.0,0.0,,,,,,,,,,0.0
436,0cd0aaeb35c95094,True,1.0,1.0,1.0,1.0,1.0,1.0,1.0,1.0,1.0,,,,,,,,,,1.0
437,f23073987e7956e3,True,1.0,1.0,1.0,1.0,0.7077094417239836,1.0,1.0,1.0,1.0,,,,,,,,,,0.9086592005387448
438,063dc3e59f7158d9,True,1.0,1.0,1.0,1.0,1.0,1.0,1.0,1.0,0.0,,,,,,,,,,0.875
439,faa8cd5e541a5b67,True,1.0,1.0,1.0,1.0,1.0,1.0,0.0,1.0,1.0,,,,,,,,,,0.875
440,771c4e378bef58e4,True,0.0,1.0,1.0,1.0,1.0,0.0,1.0,1.0,0.0,,,,,,,,,,0.0
441,8237f47b224952b4,True,1.0,1.0,1.0,1.0,0.9839073713775466,1.0,1.0,1.0,1.0,,,,,,,,,,0.9949710535554833
442,1b95b6689ee75fab,True,1.0,1.0,1.0,1.0,0.8082555603309959,1.0,1.0,1.0,0.0,,,,,,,,,,0.8150798626034362
443,c5b585ddf50d5f1f,True,1.0,1.0,1.0,1.0,1.0,1.0,1.0,1.0,1.0,,,,,,,,,,1.0
444,f6b9867069845fd2,True,1.0,1.0,1.0,1.0,1.0,1.0,1.0,1.0,1.0,,,,,,,,,,1.0
445,a5f411a2c379503d,True,1.0,1.0,1.0,1.0,0.7209711950251182,1.0,1.0,1.0,1.0,,,,,,,,,,0.9128034984453495
446,6e3cf172a2755fae,True,1.0,1.0,1.0,1.0,1.0,1.0,1.0,1.0,0.0,,,,,,,,,,0.875
447,23d647e77f2d515e,True,1.0,1.0,1.0,1.0,0.8998238575544323,0.0,1.0,1.0,0.0,,,,,,,,,,0.53119495548576
448,97c09fe94495563a,True,1.0,1.0,1.0,1.0,1.0,1.0,1.0,1.0,1.0,,,,,,,,,,1.0
449,e8daa33268685b31,True,1.0,0.0,1.0,1.0,1.0,1.0,1.0,1.0,1.0,,,,,,,,,,0.0
450,0d4c14fd757504ef9,True,,,,,,,,,,1.0,1.0,0.0,1.0,1.0,1.0,0.0,1.0,1.0,0.0
451,986788851f212ec8c,True,,,,,,,,,,1.0,0.0,1.0,1.0,0.5361374735226484,1.0,1.0,1.0,1.0,0.0
452,12776777ba8546e14,True,,,,,,,,,,0.0,0.0,0.0,1.0,1.0,0.0,0.0,1.0,0.0,0.0
453,99775d29ec2361de1,True,,,,,,,,,,0.5,0.0,0.5,1.0,1.0,0.0,0.0,1.0,1.0,0.0
454,d1dbac626089838d2,True,,,,,,,,,,1.0,0.0,0.0,1.0,1.0,1.0,0.0,1.0,1.0,0.0
455,0fe2cf2ea452fd529,True,,,,,,,,,,1.0,0.0,1.0,1.0,1.0,1.0,1.0,1.0,0.0,0.0
456,817d4b24592566035,True,,,,,,,,,,1.0,0.0,0.5,1.0,0.818765272598538,1.0,0.0,1.0,0.0,0.0
457,f836208030ee5d621,True,,,,,,,,,,1.0,0.0,0.0,1.0,1.0,0.0,0.0,1.0,0.0,0.0
458,944867d5050b336ad,True,,,,,,,,,,0.0,0.0,0.0,1.0,1.0,0.0,0.0,1.0,0.0,0.0
459,5808626bda0a920a5,True,,,,,,,,,,1.0,1.0,0.0,1.0,0.8155437403623943,1.0,0.0,1.0,1.0,0.0
460,df33e15913a4524e0,True,,,,,,,,,,1.0,1.0,1.0,1.0,0.7094290514979154,1.0,0.0,1.0,1.0,0.7841965785930985
461,339ecba374c29a3ea,True,,,,,,,,,,1.0,1.0,1.0,1.0,0.7432717261660282,1.0,1.0,1.0,0.0,0.7947724144268838
462,121c56067fcf173ae,True,,,,,,,,,,1.0,1.0,1.0,1.0,0.9134179817740843,1.0,1.0,1.0,0.0,0.8479431193044014
463,1c719a50f45d2db1e,True,,,,,,,,,,1.0,0.0,1.0,1.0,0.75861334262132,1.0,0.0,1.0,1.0,0.0
464,d44cdc5b9b4da0e54,True,,,,,,,,,,1.0,1.0,1.0,1.0,0.8534314912736678,1.0,1.0,1.0,1.0,0.9541973410230211
465,3029efd936ffc0d0d,True,,,,,,,,,,1.0,0.0,1.0,1.0,0.675026337215071,1.0,0.0,1.0,1.0,0.0
466,eb0047db76ca54d58,True,,,,,,,,,,1.0,1.0,1.0,1.0,0.8070980023074732,1.0,0.0,1.0,1.0,0.8147181257210854
467,2df81c34dac0b3f5c,True,,,,,,,,,,1.0,1.0,1.0,1.0,0.5942643849332033,1.0,1.0,1.0,1.0,0.873207620291626
468,37630795fa7fa1e51,True,,,,,,,,,,1.0,0.0,1.0,1.0,0.6364219308209814,1.0,1.0,1.0,0.0,0.0
469,df1a0f92cba6a82a6,True,,,,,,,,,,1.0,1.0,1.0,1.0,0.5750254707818894,1.0,1.0,1.0,0.0,0.7421954596193404
470,8a89ac1132afc51b4,True,,,,,,,,,,1.0,1.0,1.0,1.0,0.8687846232624021,1.0,0.0,1.0,0.0,0.7089951947695007
471,b1c69e18979797988,True,,,,,,,,,,0.0,1.0,1.0,1.0,1.0,0.0,0.0,1.0,0.0,0.0
472,1500bcfee0aae247d,True,,,,,,,,,,1.0,1.0,1.0,1.0,0.6452710440966483,1.0,1.0,1.0,0.0,0.7641472012802026
473,fd7d31b9e1dfb00e7,True,,,,,,,,,,1.0,0.0,1.0,1.0,1.0,1.0,1.0,1.0,0.0,0.0
474,2f18d7c845a84a85c,True,,,,,,,,,,1.0,0.0,1.0,1.0,0.9622254616785425,1.0,0.0,1.0,1.0,0.0
475,66f2ad1b5f1ca119d,True,,,,,,,,,,1.0,0.0,1.0,1.0,0.6658969263295114,1.0,0.0,1.0,0.0,0.0
476,b64ff461b41b49e3c,True,,,,,,,,,,1.0,1.0,0.5,1.0,0.4664220707380947,1.0,0.0,1.0,1.0,0.3541284485528273
477,02b1fffab31483b6f,True,,,,,,,,,,1.0,0.0,0.5,1.0,1.0,1.0,0.0,1.0,0.0,0.0
478,4aa0d20a71cc4b60d,True,,,,,,,,,,1.0,0.0,1.0,1.0,1.0,1.0,0.0,1.0,0.0,0.0
479,cdbe73e69b2aced1d,True,,,,,,,,,,1.0,1.0,1.0,1.0,0.6253027513239917,1.0,1.0,0.0,0.0,0.6329071097887474
480,a8318f7cafe4396ae,True,,,,,,,,,,1.0,0.0,0.5,1.0,0.49230672500830175,1.0,0.0,1.0,1.0,0.0
481,e1ef0211a91fc5373,True,,,,,,,,,,1.0,0.0,1.0,1.0,1.0,1.0,0.0,1.0,0.0,0.0
482,d220a708760298c7f,True,,,,,,,,,,1.0,1.0,1.0,1.0,0.8723245401915738,1.0,1.0,1.0,1.0,0.9601014188098669
483,78910a88891eef166,True,,,,,,,,,,1.0,1.0,0.5,1.0,0.8293506243152275,1.0,0.0,1.0,0.0,0.3483360350492543
484,f62d00569dc5be2b9,True,,,,,,,,,,1.0,1.0,1.0,1.0,0.7254198340427284,1.0,1.0,1.0,1.0,0.9141936981383526
485,f67482126c7b323a5,True,,,,,,,,,,1.0,1.0,1.0,1.0,0.7758599304685134,1.0,0.0,1.0,1.0,0.8049562282714104
486,5959223c7ec6a8c04,True,,,,,,,,,,1.0,1.0,1.0,0.0,1.0,1.0,0.0,1.0,1.0,0.0
487,3e0e221b32c026dc2,True,,,,,,,,,,1.0,0.0,0.0,1.0,1.0,1.0,0.0,1.0,1.0,0.0
488,27d64cbd86e07452b,True,,,,,,,,,,1.0,1.0,1.0,0.0,1.0,1.0,1.0,1.0,1.0,0.0
489,4c9f4af922d375f71,True,,,,,,,,,,1.0,1.0,1.0,1.0,0.7696375561355264,1.0,1.0,1.0,0.0,0.803011736292352
490,f785ce4a119cc22a1,True,,,,,,,,,,0.5,1.0,1.0,1.0,1.0,0.0,0.0,1.0,1.0,0.28125
491,246f9bdfe24441b91,True,,,,,,,,,,0.0,1.0,1.0,1.0,1.0,0.0,0.0,1.0,0.0,0.0
492,aedab2f29ef97f26a,True,,,,,,,,,,1.0,0.0,1.0,1.0,0.7079005791219034,1.0,1.0,1.0,1.0,0.0
493,266ccdfd658c4fe17,True,,,,,,,,,,0.0,1.0,0.5,1.0,1.0,0.0,0.0,1.0,1.0,0.0
494,f3886ebf44a7423f1,True,,,,,,,,,,1.0,1.0,0.0,1.0,1.0,1.0,0.0,1.0,1.0,0.0
495,f878117d44bbeb817,True,,,,,,,,,,1.0,1.0,1.0,1.0,1.0,1.0,0.0,1.0,0.0,0.75
496,6d33b3de92c436972,True,,,,,,,,,,1.0,0.0,1.0,1.0,0.9120089615507776,1.0,1.0,0.0,0.0,0.0
497,5fa2d65d901225f48,True,,,,,,,,,,1.0,1.0,1.0,1.0,0.8532505996075843,1.0,1.0,1.0,1.0,0.95414081237737
498,90bac953ef7d525b5,True,,,,,,,,,,1.0,1.0,1.0,1.0,0.2828010285160264,1.0,1.0,1.0,1.0,0.7758753214112583
499,b740de6b775b4ec70,True,,,,,,,,,,1.0,1.0,1.0,1.0,0.6586906613758441,1.0,1.0,1.0,0.0,0.7683408316799513
500,d218a0af775558af6,True,,,,,,,,,,1.0,1.0,0.0,1.0,0.7025953248420898,1.0,0.0,1.0,1.0,0.0
501,5a6b5af2e36371f17,True,,,,,,,,,,1.0,1.0,1.0,1.0,1.0,1.0,1.0,1.0,0.0,0.875
502,37965fbc732bb2aaf,True,,,,,,,,,,1.0,1.0,1.0,1.0,0.6995744539382903,1.0,1.0,1.0,0.0,0.7811170168557158
503,49e16e57b4df60ee3,True,,,,,,,,,,1.0,1.0,1.0,1.0,0.6711116247859383,1.0,0.0,1.0,1.0,0.7722223827456057
504,11faa3428ed91e426,True,,,,,,,,,,1.0,1.0,0.5,1.0,1.0,1.0,0.0,1.0,0.0,0.375
505,c35e331384b550d78,True,,,,,,,,,,1.0,1.0,1.0,1.0,0.7009111961700201,1.0,1.0,1.0,1.0,0.9065347488031312
506,bef08816de1b95125,True,,,,,,,,,,1.0,1.0,0.0,1.0,1.0,1.0,0.0,1.0,1.0,0.0
507,6cbcce7f4aa5854ab,True,,,,,,,,,,1.0,0.0,1.0,1.0,1.0,1.0,0.0,1.0,1.0,0.0
508,234b7c4138a9802b3,True,,,,,,,,,,1.0,1.0,0.5,1.0,0.7688641396022677,1.0,0.0,1.0,0.0,0.33888502181285435
509,f6439042fbc2b78de,True,,,,,,,,,,1.0,0.0,0.5,1.0,0.697087913665034,1.0,1.0,1.0,0.0,0.0
510,a94bc6fc5f5d03f39,True,,,,,,,,,,1.0,0.0,0.0,1.0,1.0,1.0,0.0,1.0,1.0,0.0
511,c63fc1f399e5c5f1c,True,,,,,,,,,,1.0,1.0,1.0,1.0,0.7759720273284364,1.0,1.0,1.0,0.0,0.8049912585401364
512,95ef6af0cd345193e,True,,,,,,,,,,1.0,0.0,1.0,1.0,0.6023899674920605,1.0,1.0,1.0,0.0,0.0
513,0d322fa61ecc39416,True,,,,,,,,,,1.0,1.0,1.0,1.0,0.7939641356458996,1.0,1.0,1.0,1.0,0.9356137923893436
514,11f7a7f38a5e98d20,True,,,,,,,,,,1.0,1.0,1.0,1.0,0.8059473161267061,1.0,1.0,1.0,1.0,0.9393585362895956
515,2c8a8566b34a09b90,True,,,,,,,,,,1.0,0.0,1.0,1.0,1.0,1.0,1.0,1.0,0.0,0.0
516,d78f1814c06d766b1,True,,,,,,,,,,1.0,0.0,1.0,1.0,1.0,1.0,1.0,1.0,1.0,0.0
517,13d3b12e20ec70ec5,True,,,,,,,,,,1.0,0.0,1.0,1.0,0.8928064968647834,1.0,1.0,1.0,0.0,0.0
518,78dcfe822980510bd,True,,,,,,,,,,0.0,1.0,1.0,1.0,1.0,0.0,0.0,1.0,1.0,0.0
519,068049348ed36eb6a,True,,,,,,,,,,1.0,1.0,1.0,1.0,1.0,1.0,0.0,1.0,0.0,0.75
520,bf36dbafa15d4c261,True,,,,,,,,,,1.0,1.0,1.0,1.0,0.860643878395501,1.0,1.0,1.0,0.0,0.8314512119985941
521,ae3513291969ee51b,True,,,,,,,,,,0.0,1.0,1.0,1.0,1.0,0.0,1.0,1.0,0.0,0.0
522,818f9becc81f0e975,True,,,,,,,,,,1.0,1.0,0.0,1.0,0.7625496748327155,0.0,0.0,0.0,0.0,0.0
523,73bd1fde4cf4bbd5a,True,,,,,,,,,,0.0,1.0,1.0,0.0,1.0,0.0,0.0,1.0,1.0,0.0
524,742919271b6be5815,True,,,,,,,,,,1.0,1.0,0.0,1.0,1.0,1.0,0.0,1.0,0.0,0.0
525,dd6072ab6974966f7,True,,,,,,,,,,1.0,1.0,0.0,1.0,1.0,1.0,0.0,1.0,1.0,0.0
526,2ad55ac1a6a8d1422,True,,,,,,,,,,1.0,1.0,1.0,1.0,0.7044340818751609,1.0,1.0,1.0,1.0,0.9076356505859877
527,c0e8d70495bec7921,True,,,,,,,,,,0.0,0.0,1.0,1.0,1.0,0.0,0.0,1.0,1.0,0.0
528,47a19dd96d0e85b4d,True,,,,,,,,,,1.0,1.0,1.0,1.0,0.6883456622819637,1.0,0.0,1.0,1.0,0.7776080194631136
529,c5fd0128d19316b03,True,,,,,,,,,,1.0,1.0,1.0,1.0,1.0,1.0,0.0,1.0,1.0,0.875
530,c73d5b941b453432b,True,,,,,,,,,,1.0,1.0,1.0,1.0,0.7166838161027916,1.0,0.0,1.0,1.0,0.7864636925321224
531,a1cb215dcdc186fb1,True,,,,,,,,,,1.0,0.0,1.0,1.0,0.37562824372549874,1.0,1.0,1.0,1.0,0.0
532,b83c30081d33ba2dd,True,,,,,,,,,,1.0,1.0,1.0,1.0,0.7946730210714026,1.0,1.0,1.0,1.0,0.9358353190848133
533,6a7d426363539d6d7,True,,,,,,,,,,0.0,1.0,1.0,1.0,1.0,0.0,0.0,0.0,0.0,0.0
534,27061907e5be28dba,True,,,,,,,,,,1.0,1.0,1.0,1.0,0.7992030590508882,1.0,1.0,1.0,1.0,0.9372509559534026
535,49bf9b39d6fc7eeb6,True,,,,,,,,,,1.0,1.0,1.0,1.0,1.0,1.0,1.0,1.0,0.0,0.875
536,478ebd3b3ddcd9ccd,True,,,,,,,,,,1.0,1.0,0.0,1.0,1.0,0.0,0.0,1.0,0.0,0.0
537,520f935b586e7b731,True,,,,,,,,,,1.0,0.0,1.0,1.0,1.0,1.0,0.0,1.0,0.0,0.0
538,f29d81b7079d53bff,True,,,,,,,,,,1.0,0.0,1.0,1.0,0.8491941972670294,1.0,1.0,1.0,0.0,0.0
539,d8052b68418709942,True,,,,,,,,,,1.0,1.0,1.0,1.0,1.0,1.0,0.0,1.0,1.0,0.875
540,9edf6075f6a55d2a5,True,,,,,,,,,,1.0,0.0,0.5,1.0,1.0,1.0,0.0,1.0,0.0,0.0
541,553cf28c0505a3ed6,True,,,,,,,,,,1.0,1.0,1.0,1.0,0.9210493560541873,1.0,0.0,1.0,0.0,0.7253279237669334
542,a75b9fbb36886afaf,True,,,,,,,,,,0.0,1.0,0.0,1.0,1.0,0.0,0.0,1.0,1.0,0.0
543,ac7a491ea6609fc90,True,,,,,,,,,,1.0,1.0,0.5,1.0,0.8750058561723266,1.0,1.0,1.0,1.0,0.480469665026926
544,b06abb0b6477b1473,True,,,,,,,,,,1.0,0.0,1.0,1.0,1.0,1.0,1.0,1.0,1.0,0.0
545,d2a3fa9bdd6ebc040,True,,,,,,,,,,1.0,1.0,1.0,1.0,0.690008773232839,1.0,1.0,1.0,1.0,0.9031277416352622
546,dcde802c1ad40532b,True,,,,,,,,,,0.0,1.0,1.0,1.0,1.0,0.0,0.0,1.0,0.0,0.0
547,f9693c34fe2422ec2,True,,,,,,,,,,0.0,1.0,0.5,1.0,1.0,0.0,0.0,1.0,1.0,0.0
548,d6b2852cfdf21ad06,True,,,,,,,,,,1.0,1.0,1.0,1.0,0.8103807426635672,1.0,1.0,1.0,1.0,0.9407439820823648
549,67ef263669c2bab4b,True,,,,,,,,,,1.0,1.0,1.0,1.0,1.0,1.0,1.0,1.0,1.0,1.0
550,8d00654f6a07c6c75,True,,,,,,,,,,1.0,1.0,1.0,1.0,1.0,1.0,1.0,1.0,0.0,0.875
551,e10827f1aaf62efb8,True,,,,,,,,,,1.0,1.0,1.0,1.0,0.523645279327195,1.0,1.0,1.0,1.0,0.8511391497897485
552,055b2b04eb387aadb,True,,,,,,,,,,1.0,0.0,1.0,1.0,1.0,1.0,0.0,1.0,0.0,0.0
553,2cc556c9db9fd5088,True,,,,,,,,,,0.0,1.0,1.0,1.0,1.0,0.0,1.0,1.0,1.0,0.0
554,b7e52abb299941045,True,,,,,,,,,,0.0,1.0,1.0,1.0,1.0,0.0,1.0,1.0,1.0,0.0
555,cac2753c7c7b93847,True,,,,,,,,,,1.0,0.0,0.5,1.0,1.0,1.0,1.0,1.0,1.0,0.0
556,b04402bb6e662613d,True,,,,,,,,,,1.0,1.0,1.0,1.0,1.0,1.0,1.0,1.0,1.0,1.0
557,e35c9a585407c6e2a,True,,,,,,,,,,0.0,1.0,1.0,1.0,1.0,0.0,1.0,1.0,0.0,0.0
558,34b9989a51da95af0,True,,,,,,,,,,0.0,1.0,1.0,1.0,1.0,0.0,0.0,1.0,1.0,0.0
559,51d3d62e78d712283,True,,,,,,,,,,1.0,1.0,1.0,1.0,0.8656770083620978,1.0,0.0,1.0,0.0,0.7080240651131555
560,44af46da795f58fa1,True,,,,,,,,,,1.0,1.0,1.0,1.0,0.8016776208838372,1.0,1.0,1.0,1.0,0.9380242565261991
561,81c9c878090cea034,True,,,,,,,,,,1.0,1.0,1.0,1.0,0.6906467021101754,1.0,1.0,1.0,1.0,0.9033270944094298
562,729e2b3a6ce97a377,True,,,,,,,,,,1.0,1.0,0.0,1.0,0.7764673051723106,1.0,1.0,1.0,1.0,0.0
563,a95316ef51f44b853,True,,,,,,,,,,1.0,1.0,1.0,1.0,0.7976854859728614,1.0,0.0,1.0,1.0,0.8117767143665192
564,0d20e006578be6327,True,,,,,,,,,,0.0,1.0,0.0,1.0,1.0,0.0,0.0,1.0,0.0,0.0
565,9c7d353e930a79a97,True,,,,,,,,,,1.0,1.0,0.0,1.0,1.0,1.0,0.0,1.0,0.0,0.0
566,a230273e8dabb271d,True,,,,,,,,,,1.0,1.0,1.0,1.0,1.0,1.0,0.0,1.0,0.0,0.75
567,34c5a38a6aee37c97,True,,,,,,,,,,1.0,0.0,0.5,1.0,0.6786402352525157,1.0,1.0,1.0,0.0,0.0
568,9b4ae64ef14740be5,True,,,,,,,,,,0.0,1.0,1.0,1.0,1.0,0.0,1.0,1.0,1.0,0.0
569,1e704b348fb75f77d,True,,,,,,,,,,1.0,0.0,1.0,1.0,0.8678946593296709,1.0,1.0,1.0,0.0,0.0
570,d253a5d864e95f8d2,True,,,,,,,,,,1.0,1.0,1.0,1.0,1.0,1.0,0.0,1.0,0.0,0.75
571,3a79a64dc5c7059f8,True,,,,,,,,,,1.0,1.0,1.0,1.0,0.19264973507283453,1.0,1.0,1.0,0.0,0.6227030422102608
572,6b41ad5e55b0662fc,True,,,,,,,,,,1.0,0.0,1.0,1.0,0.938291538244373,0.0,1.0,1.0,1.0,0.0
573,4b4fe8d10a7defecd,True,,,,,,,,,,1.0,1.0,1.0,1.0,1.0,1.0,1.0,1.0,0.0,0.875
574,5b406458d7f722fb2,True,,,,,,,,,,1.0,1.0,1.0,1.0,0.719056998660647,1.0,0.0,1.0,1.0,0.7872053120814522
575,8155746fdb7c4d3d8,True,,,,,,,,,,1.0,1.0,1.0,1.0,1.0,1.0,0.0,1.0,1.0,0.875
576,5504db91fe0808550,True,,,,,,,,,,1.0,1.0,1.0,1.0,0.770994345232161,1.0,0.0,1.0,1.0,0.8034357328850503
577,ddc0d9aad62836b90,True,,,,,,,,,,1.0,1.0,1.0,1.0,1.0,1.0,1.0,1.0,1.0,1.0
578,67509cfba4d26b15a,True,,,,,,,,,,1.0,0.0,0.0,1.0,1.0,1.0,0.0,1.0,1.0,0.0
579,71ff6e1295d5d408e,True,,,,,,,,,,1.0,1.0,0.5,1.0,1.0,0.0,0.0,1.0,0.0,0.21875
580,8fb24d26d3dd62b0f,True,,,,,,,,,,1.0,1.0,1.0,1.0,0.4014243214010901,1.0,1.0,1.0,0.0,0.6879451004378406
581,fafc51e87167a3031,True,,,,,,,,,,1.0,1.0,1.0,1.0,0.8620676286639518,1.0,1.0,1.0,0.0,0.831896133957485
582,5420830c429c1fcb6,True,,,,,,,,,,1.0,0.0,1.0,1.0,0.9063068845696614,1.0,1.0,1.0,1.0,0.0
583,d4aaf5d6841ea2cad,True,,,,,,,,,,1.0,1.0,1.0,1.0,0.9622068121268447,1.0,1.0,1.0,0.0,0.863189628789639
584,2e221a5360953028d,True,,,,,,,,,,1.0,1.0,1.0,1.0,0.5737360414331556,1.0,1.0,1.0,0.0,0.7417925129478611
585,83162d3d6d41557e9,True,,,,,,,,,,0.0,1.0,1.0,1.0,1.0,0.0,0.0,1.0,1.0,0.0
586,d1d090928a3c1ff44,True,,,,,,,,,,1.0,1.0,1.0,1.0,0.670859827672086,1.0,0.0,1.0,1.0,0.7721436961475269
587,d9320fa5d2528afc4,True,,,,,,,,,,1.0,1.0,1.0,1.0,0.7091307352586113,1.0,1.0,1.0,0.0,0.784103354768316
588,26fc6837ede450373,True,,,,,,,,,,1.0,1.0,1.0,1.0,1.0,1.0,1.0,1.0,1.0,1.0
589,9451e8ef901cc6db5,True,,,,,,,,,,1.0,1.0,1.0,1.0,0.6754395505572344,1.0,1.0,1.0,1.0,0.8985748595491357
590,9e8bcf0ba8fefe716,True,,,,,,,,,,1.0,1.0,1.0,1.0,1.0,1.0,1.0,1.0,1.0,1.0
591,0947aa4445fd336d1,True,,,,,,,,,,0.0,1.0,1.0,1.0,1.0,0.0,1.0,1.0,1.0,0.0
592,b2bf35ee955a9d497,True,,,,,,,,,,0.0,0.0,0.5,1.0,1.0,0.0,1.0,1.0,0.0,0.0
593,72e532553b9a9b88d,True,,,,,,,,,,1.0,0.0,1.0,1.0,1.0,1.0,1.0,1.0,0.0,0.0
594,c2453cf14f2d02b30,True,,,,,,,,,,1.0,0.0,1.0,1.0,0.99181494258858,1.0,1.0,1.0,0.0,0.0
595,9862cd6616f18a7ed,True,,,,,,,,,,1.0,1.0,1.0,1.0,0.5291824696681756,1.0,1.0,1.0,1.0,0.8528695217713049
596,7570ff2ee6471c7cc,True,,,,,,,,,,1.0,1.0,1.0,1.0,0.8453730713018497,1.0,0.0,1.0,0.0,0.701679084781828
597,606571205dbf05df5,True,,,,,,,,,,1.0,1.0,1.0,1.0,0.6249546764854843,1.0,0.0,1.0,0.0,0.6327983364017138
598,02c332ea4953567c5,True,,,,,,,,,,1.0,1.0,1.0,1.0,0.6061424062233447,1.0,1.0,1.0,0.0,0.7519195019447953
599,0f9705c901c463e2c,True,,,,,,,,,,1.0,1.0,1.0,1.0,0.8067873920936209,1.0,1.0,1.0,0.0,0.8146210600292565
600,710c63e733bb79b47,True,,,,,,,,,,1.0,1.0,1.0,1.0,0.7830030253190988,1.0,1.0,1.0,1.0,0.9321884454122183
601,b7d252306270e80e3,True,,,,,,,,,,1.0,1.0,1.0,1.0,0.6251029586225944,1.0,1.0,1.0,1.0,0.8828446745695607
602,0b1c3be99252f24af,True,,,,,,,,,,1.0,0.0,1.0,1.0,1.0,1.0,1.0,1.0,0.0,0.0
603,2ef69b84551e22eb2,True,,,,,,,,,,1.0,0.0,1.0,1.0,0.6728904265429613,1.0,1.0,1.0,1.0,0.0
604,5e8bc80abe039be9e,True,,,,,,,,,,1.0,0.0,1.0,1.0,1.0,1.0,1.0,1.0,0.0,0.0
605,2f24eb49857240d79,True,,,,,,,,,,1.0,1.0,1.0,1.0,1.0,1.0,1.0,1.0,1.0,1.0
606,5dfa767630b9b975d,True,,,,,,,,,,1.0,1.0,1.0,1.0,0.8074227714450753,1.0,0.0,1.0,1.0,0.814819616076586
607,ebc9bb73d92a43a32,True,,,,,,,,,,1.0,1.0,1.0,1.0,0.9312992572851005,1.0,1.0,1.0,0.0,0.8535310179015939
608,637ff125ef04d0dae,True,,,,,,,,,,1.0,0.0,1.0,1.0,1.0,1.0,0.0,1.0,0.0,0.0
609,903d42d3fe50f5b3b,True,,,,,,,,,,1.0,1.0,1.0,1.0,0.6845544668095435,1.0,1.0,1.0,1.0,0.9014232708779824
610,15d9842199648136e,True,,,,,,,,,,0.0,0.0,0.5,1.0,1.0,0.0,0.0,0.0,0.0,0.0
611,2cbe5fab2a0892e8d,True,,,,,,,,,,1.0,1.0,0.0,1.0,1.0,1.0,0.0,1.0,1.0,0.0
612,adf39008de8774c39,True,,,,,,,,,,1.0,1.0,1.0,1.0,0.9298129681437642,1.0,1.0,1.0,1.0,0.9780665525449264
613,e33920fdd8fdbaaae,True,,,,,,,,,,1.0,1.0,1.0,1.0,1.0,1.0,0.0,1.0,0.0,0.75
614,b73265f459fb49f24,True,,,,,,,,,,1.0,1.0,1.0,1.0,0.7934658664088776,1.0,1.0,1.0,1.0,0.9354580832527742
615,d50c124d290a31078,True,,,,,,,,,,1.0,0.0,0.0,1.0,1.0,1.0,0.0,1.0,0.0,0.0
616,3343ae6524e70afdf,True,,,,,,,,,,1.0,1.0,1.0,1.0,0.8586841947164952,1.0,1.0,1.0,0.0,0.8308388108489048
617,981f8d9ddc9472041,True,,,,,,,,,,1.0,0.0,1.0,1.0,1.0,1.0,0.0,1.0,0.0,0.0
618,749ce2a3f7c56b638,True,,,,,,,,,,1.0,1.0,1.0,1.0,0.6683181093964461,1.0,1.0,1.0,1.0,0.8963494091863894
619,2b2111da18ed8032d,True,,,,,,,,,,0.0,0.0,0.5,1.0,1.0,0.0,0.0,1.0,1.0,0.0
620,0dd2f5f325ca3c02e,True,,,,,,,,,,1.0,0.0,1.0,1.0,0.7129130243040475,1.0,1.0,1.0,0.0,0.0
621,51539f7b502dc9ffd,True,,,,,,,,,,1.0,1.0,1.0,1.0,1.0,1.0,1.0,1.0,1.0,1.0
622,8779ba759ea792fbc,True,,,,,,,,,,1.0,1.0,1.0,1.0,0.27905508756731445,1.0,1.0,1.0,1.0,0.7747047148647858
623,194d8549dce1cc044,True,,,,,,,,,,1.0,0.0,0.0,1.0,1.0,1.0,0.0,1.0,1.0,0.0
624,d6c514686f23569a7,True,,,,,,,,,,1.0,1.0,1.0,1.0,0.8191953487518768,1.0,0.0,1.0,0.0,0.6934985464849615
625,0db32b98281c2454b,True,,,,,,,,,,1.0,1.0,1.0,1.0,0.7973750775933647,1.0,0.0,1.0,1.0,0.8116797117479264
626,8428b4ef1485fe533,True,,,,,,,,,,1.0,0.0,1.0,1.0,0.7758903213681353,1.0,1.0,1.0,0.0,0.0
627,45e565719eec672e1,True,,,,,,,,,,0.5,1.0,1.0,1.0,1.0,0.0,0.0,1.0,1.0,0.28125
628,f21c4208d817951b4,True,,,,,,,,,,1.0,0.0,1.0,1.0,0.6205203742040293,1.0,0.0,1.0,1.0,0.0
629,de4d565d2295bfce9,True,,,,,,,,,,0.0,1.0,0.0,1.0,1.0,0.0,0.0,1.0,0.0,0.0
630,de3881c003667e53e,True,,,,,,,,,,0.0,1.0,1.0,1.0,1.0,0.0,0.0,1.0,1.0,0.0
631,bc730296c22859127,True,,,,,,,,,,1.0,1.0,1.0,1.0,0.8690084537839194,1.0,1.0,1.0,0.0,0.8340651418074748
632,fb2b568b2a055b83c,True,,,,,,,,,,1.0,1.0,1.0,1.0,0.7863089609940868,1.0,1.0,1.0,1.0,0.9332215503106521
633,03edf6df45ef3dc2c,True,,,,,,,,,,1.0,1.0,1.0,1.0,1.0,1.0,0.0,1.0,1.0,0.875
634,6c643cf3c76195c44,True,,,,,,,,,,1.0,1.0,1.0,1.0,1.0,1.0,1.0,1.0,1.0,1.0
635,dbdd9c6b89f613fdf,True,,,,,,,,,,1.0,0.0,1.0,1.0,1.0,1.0,0.0,1.0,0.0,0.0
636,e5c6c91f1d3892636,True,,,,,,,,,,1.0,1.0,1.0,1.0,0.9883595666177656,1.0,1.0,1.0,0.0,0.8713623645680517
637,cad0619a5797da011,True,,,,,,,,,,1.0,1.0,1.0,1.0,0.692113473574643,1.0,1.0,1.0,1.0,0.903785460492076
638,265a501fe44eb4a2e,True,,,,,,,,,,1.0,1.0,1.0,1.0,0.4514575200681477,1.0,0.0,1.0,0.0,0.5785804750212962
639,20bf71807ad99d0aa,True,,,,,,,,,,0.0,1.0,1.0,1.0,1.0,0.0,0.0,1.0,1.0,0.0
640,046b8681d380244e2,True,,,,,,,,,,1.0,1.0,1.0,1.0,0.900667183736942,1.0,0.0,1.0,0.0,0.7189584949177944
641,8ace04c31034f39f7,True,,,,,,,,,,0.5,1.0,1.0,1.0,1.0,0.0,0.0,1.0,1.0,0.28125
642,868d49798379dc351,True,,,,,,,,,,1.0,1.0,1.0,1.0,1.0,1.0,1.0,1.0,0.0,0.875
643,9c691b673576a2299,True,,,,,,,,,,1.0,0.0,1.0,1.0,0.5826588110047577,1.0,1.0,1.0,1.0,0.0
644,5c8283705c1e44a16,True,,,,,,,,,,0.0,1.0,0.0,1.0,1.0,0.0,0.0,1.0,0.0,0.0
645,c24873028db688fff,True,,,,,,,,,,1.0,0.0,1.0,1.0,0.6533779721046851,1.0,1.0,1.0,1.0,0.0
646,e2575892f97539fa7,True,,,,,,,,,,1.0,1.0,1.0,1.0,1.0,1.0,1.0,1.0,1.0,1.0
647,6663c84e1f3447a03,True,,,,,,,,,,1.0,1.0,1.0,1.0,0.7670489700833388,1.0,0.0,1.0,1.0,0.8022028031510434
648,7a487393a13b1bc7e,True,,,,,,,,,,1.0,1.0,0.0,1.0,0.8864741228265062,1.0,0.0,1.0,0.0,0.0
649,630be1035e80b768b,True,,,,,,,,,,1.0,1.0,1.0,1.0,1.0,1.0,1.0,1.0,0.0,0.875
650,de3ab8b6981c3e632,True,,,,,,,,,,1.0,0.0,1.0,1.0,0.7354651080662048,1.0,1.0,1.0,1.0,0.0
651,0dacd04f2b5cb9990,True,,,,,,,,,,1.0,0.0,0.0,1.0,1.0,1.0,1.0,1.0,1.0,0.0
652,8ff15043e7dd18ac8,True,,,,,,,,,,1.0,0.0,1.0,1.0,0.915117504660133,1.0,0.0,1.0,1.0,0.0
653,960134e598a1cc28b,True,,,,,,,,,,1.0,1.0,0.5,1.0,1.0,1.0,0.0,1.0,1.0,0.4375
654,03777a197c96bea9d,True,,,,,,,,,,1.0,1.0,1.0,1.0,0.7646886675450824,1.0,1.0,1.0,0.0,0.8014652086078382
655,a7ac5526d9ab827a7,True,,,,,,,,,,1.0,1.0,1.0,1.0,1.0,1.0,1.0,1.0,0.0,0.875
656,1bddac86d58ce72a5,True,,,,,,,,,,1.0,0.0,1.0,1.0,0.7000306745594747,1.0,1.0,1.0,0.0,0.0
657,3eeb39076cf2c1547,True,,,,,,,,,,0.0,1.0,0.5,1.0,1.0,0.0,1.0,1.0,0.0,0.0
658,5fdebbeb76c9d0953,True,,,,,,,,,,1.0,1.0,0.0,1.0,1.0,1.0,0.0,1.0,0.0,0.0
659,e0d627ef80faeebd6,True,,,,,,,,,,0.0,1.0,1.0,1.0,0.9972320895951615,0.0,0.0,1.0,1.0,0.0
660,fbce95baf9103a2ff,True,,,,,,,,,,1.0,0.0,0.0,1.0,1.0,1.0,0.0,1.0,1.0,0.0
661,79f1db0434b2c4330,True,,,,,,,,,,1.0,1.0,0.0,1.0,0.7590134819736434,1.0,0.0,1.0,1.0,0.0
662,b360500595d619f7c,True,,,,,,,,,,1.0,1.0,1.0,1.0,0.893160321665583,1.0,0.0,1.0,1.0,0.8416126005204947
663,f37a107cfe0b65537,True,,,,,,,,,,1.0,1.0,1.0,1.0,0.37763160698613646,1.0,1.0,1.0,0.0,0.6805098771831677
664,d7db484a0d7198ab9,True,,,,,,,,,,1.0,0.0,1.0,1.0,1.0,1.0,0.0,1.0,1.0,0.0
665,57242411e2f320c12,True,,,,,,,,,,1.0,1.0,1.0,1.0,0.7783169930733944,1.0,0.0,1.0,1.0,0.8057240603354358
666,84e277e20e4dfaf5c,True,,,,,,,,,,1.0,1.0,1.0,1.0,0.8298734037027716,1.0,0.0,1.0,1.0,0.8218354386571161
667,a40fbf3b2009b98da,True,,,,,,,,,,1.0,1.0,0.0,1.0,1.0,1.0,0.0,1.0,0.0,0.0
668,071605e0e3709e71e,True,,,,,,,,,,1.0,1.0,1.0,1.0,1.0,1.0,1.0,1.0,1.0,1.0
669,a4e79fc70ac65c883,True,,,,,,,,,,1.0,1.0,1.0,1.0,0.9200272210140948,1.0,0.0,1.0,0.0,0.7250085065669046
670,cfa0d13a7c93691c3,True,,,,,,,,,,1.0,0.0,1.0,1.0,0.45281429701183395,1.0,0.0,1.0,1.0,0.0
671,a5bcd5a0e9f79cee3,True,,,,,,,,,,1.0,1.0,1.0,1.0,1.0,1.0,1.0,1.0,1.0,1.0
672,ca8771e5e055dcfca,True,,,,,,,,,,1.0,0.0,0.5,1.0,1.0,1.0,0.0,1.0,1.0,0.0
673,49f0f48e0fa4af03e,True,,,,,,,,,,1.0,0.0,1.0,1.0,1.0,1.0,1.0,1.0,0.0,0.0
674,e03e2999009dbd343,True,,,,,,,,,,1.0,1.0,1.0,1.0,0.13166002252563935,1.0,0.0,1.0,1.0,0.6036437570392623
675,3a0d3240d496a6276,True,,,,,,,,,,1.0,0.0,1.0,1.0,0.7202847230459253,1.0,1.0,1.0,1.0,0.0
676,1321cf37404d27e22,True,,,,,,,,,,1.0,1.0,0.0,1.0,1.0,1.0,0.0,1.0,1.0,0.0
677,a9b93459b8bfb00a5,True,,,,,,,,,,1.0,1.0,1.0,1.0,0.7384061746701708,1.0,1.0,0.0,1.0,0.7932519295844284
678,21ef36d866be6b411,True,,,,,,,,,,1.0,1.0,1.0,1.0,1.0,1.0,0.0,1.0,1.0,0.875
679,526b43badebf3eca2,True,,,,,,,,,,1.0,1.0,0.0,1.0,1.0,1.0,0.0,1.0,0.0,0.0
680,3dd919c5a93fd6754,True,,,,,,,,,,0.5,1.0,1.0,1.0,1.0,0.0,1.0,1.0,1.0,0.34375
681,1ea06c577a84beafb,True,,,,,,,,,,0.0,1.0,1.0,1.0,1.0,0.0,1.0,1.0,0.0,0.0
682,bb3d79c6ae2460067,True,,,,,,,,,,1.0,1.0,1.0,1.0,0.7182088761101609,1.0,1.0,1.0,0.0,0.7869402737844253
683,6d342222e4d9d2b2a,True,,,,,,,,,,1.0,0.0,1.0,1.0,1.0,1.0,1.0,1.0,1.0,0.0
684,2f7d76aaf1c498bdf,True,,,,,,,,,,1.0,0.0,1.0,1.0,0.49336230379142115,1.0,1.0,1.0,0.0,0.0
685,11e2abc76462d36f9,True,,,,,,,,,,1.0,1.0,1.0,1.0,0.2661423568271242,1.0,0.0,1.0,1.0,0.6456694865084763
686,645751bf568658675,True,,,,,,,,,,1.0,1.0,1.0,1.0,0.5760153215398109,1.0,0.0,1.0,0.0,0.6175047879811909
687,6565c4983e9b3670b,True,,,,,,,,,,1.0,1.0,1.0,1.0,0.6991642375338595,1.0,0.0,1.0,1.0,0.780988824229331
688,96162a63802df3c29,True,,,,,,,,,,0.0,1.0,1.0,1.0,0.8189059658004958,0.0,1.0,1.0,1.0,0.0
689,e2c6d877481b28f7e,True,,,,,,,,,,0.0,1.0,1.0,1.0,1.0,0.0,0.0,1.0,1.0,0.0
690,7f153f8005d6de1fa,True,,,,,,,,,,1.0,0.0,0.0,1.0,1.0,1.0,0.0,1.0,0.0,0.0
691,431df46346088a1de,True,,,,,,,,,,1.0,1.0,1.0,1.0,0.9636679498242549,1.0,1.0,1.0,1.0,0.9886462343200797
692,5fcf415bcf1a37722,True,,,,,,,,,,0.0,1.0,1.0,1.0,1.0,0.0,0.0,1.0,0.0,0.0
693,bca57d9f8472bf1be,True,,,,,,,,,,1.0,1.0,1.0,1.0,1.0,1.0,1.0,1.0,0.0,0.875
694,731d0bae35b763cde,True,,,,,,,,,,1.0,0.0,1.0,1.0,0.4078079003062812,1.0,0.0,1.0,1.0,0.0
695,96bc4ac7fb23e9119,True,,,,,,,,,,1.0,1.0,1.0,1.0,0.7245337155623597,1.0,1.0,1.0,0.0,0.7889167861132373
696,cc06efea87df36bc7,True,,,,,,,,,,1.0,0.0,1.0,1.0,0.6058535993176571,1.0,0.0,1.0,1.0,0.0
697,86cf77209e00173f3,True,,,,,,,,,,1.0,1.0,1.0,1.0,1.0,1.0,0.0,1.0,0.0,0.75
698,f0f7f3ed13da5cccf,True,,,,,,,,,,0.0,1.0,1.0,1.0,1.0,0.0,0.0,1.0,1.0,0.0
699,073a5d3c4224d9aa8,True,,,,,,,,,,0.0,1.0,1.0,1.0,1.0,0.0,0.0,1.0,0.0,0.0
700,9b14a119979ac6d94,True,,,,,,,,,,1.0,1.0,1.0,1.0,1.0,1.0,0.0,1.0,1.0,0.875
701,cd892a7201a57c9b3,True,,,,,,,,,,1.0,1.0,1.0,1.0,0.7394038529190226,1.0,0.0,1.0,1.0,0.7935637040371946
702,07019aee6f130ff5d,True,,,,,,,,,,1.0,1.0,1.0,1.0,0.7729580474767426,1.0,1.0,1.0,0.0,0.804049389836482
703,f6a13add7d93584e0,True,,,,,,,,,,1.0,0.0,0.5,1.0,0.4959932709726969,1.0,0.0,1.0,1.0,0.0
704,db1f577b1f0df7a26,True,,,,,,,,,,1.0,0.0,1.0,1.0,1.0,1.0,1.0,1.0,0.0,0.0
705,64817a4fdc07fc93a,True,,,,,,,,,,1.0,1.0,1.0,1.0,1.0,1.0,0.0,1.0,0.0,0.75
706,b4a96aa4d4b538e2a,True,,,,,,,,,,1.0,1.0,0.0,1.0,1.0,1.0,0.0,1.0,1.0,0.0
707,01d3cc0b8eddd804c,True,,,,,,,,,,1.0,1.0,0.5,1.0,0.870700533691016,1.0,0.0,1.0,0.0,0.3547969583892212
708,e892cc466b54878c6,True,,,,,,,,,,1.0,0.0,0.0,1.0,1.0,1.0,0.0,1.0,0.0,0.0
709,271b906800ea0cf57,True,,,,,,,,,,1.0,0.0,1.0,1.0,1.0,1.0,0.0,1.0,1.0,0.0
710,554118efec9ed40ce,True,,,,,,,,,,1.0,1.0,1.0,1.0,1.0,1.0,0.0,1.0,0.0,0.75
711,14a7cb384c787a167,True,,,,,,,,,,1.0,0.0,0.5,1.0,0.837735751452483,0.0,1.0,1.0,0.0,0.0
712,e92394471671ed533,True,,,,,,,,,,0.0,1.0,1.0,1.0,0.566143937403196,0.0,0.0,1.0,1.0,0.0
713,85e4825cd9ff0b2e5,True,,,,,,,,,,0.5,1.0,1.0,1.0,1.0,0.0,0.0,1.0,1.0,0.28125
714,e576f1ec67be1cbd0,True,,,,,,,,,,1.0,0.0,1.0,1.0,0.8355034374283502,1.0,1.0,1.0,1.0,0.0
715,19762a72ff72dc0cd,True,,,,,,,,,,1.0,1.0,1.0,1.0,0.33360872430795185,1.0,1.0,1.0,1.0,0.791752726346235
716,ffa477be5c420e9a3,True,,,,,,,,,,1.0,0.0,1.0,1.0,0.704112495993447,1.0,1.0,1.0,1.0,0.0
717,942c13a25166d5723,True,,,,,,,,,,1.0,0.0,1.0,1.0,0.9281280730799448,1.0,1.0,1.0,0.0,0.0
718,06be59490e2e14bcd,True,,,,,,,,,,0.0,1.0,0.0,1.0,1.0,0.0,0.0,1.0,0.0,0.0
719,cb000016d3d61dd05,True,,,,,,,,,,0.0,1.0,1.0,1.0,1.0,0.0,1.0,1.0,1.0,0.0
720,da02d1fbeb2cec70a,True,,,,,,,,,,1.0,0.0,0.0,1.0,1.0,0.0,1.0,0.0,0.0,0.0
721,0352c14b8d7493b9a,True,,,,,,,,,,1.0,1.0,1.0,1.0,0.509550879440352,1.0,1.0,1.0,1.0,0.84673464982511
722,ca78ccfc1f366ca72,True,,,,,,,,,,0.0,1.0,0.0,1.0,1.0,0.0,0.0,1.0,1.0,0.0
723,4d115c250e5dc02b1,True,,,,,,,,,,1.0,1.0,1.0,1.0,1.0,1.0,1.0,1.0,0.0,0.875
724,d0df486d88c5b89d4,True,,,,,,,,,,1.0,1.0,1.0,1.0,0.6917121299089153,1.0,1.0,1.0,1.0,0.903660040596536
725,0a74d996f43c7783c,True,,,,,,,,,,1.0,1.0,1.0,1.0,1.0,1.0,1.0,1.0,0.0,0.875
726,a91425257255ef015,True,,,,,,,,,,1.0,1.0,0.0,1.0,1.0,0.0,0.0,0.0,0.0,0.0
727,3fcd46f80ab00b6e6,True,,,,,,,,,,1.0,1.0,1.0,1.0,0.5128691006480927,0.0,1.0,1.0,1.0,0.535271593952529
728,9419f81f3116fcd08,True,,,,,,,,,,0.0,1.0,0.5,1.0,1.0,0.0,0.0,1.0,0.0,0.0
729,b2a59535b3edfbc37,True,,,,,,,,,,1.0,1.0,1.0,1.0,0.8269061516465935,1.0,1.0,1.0,1.0,0.9459081723895605
730,fd482580f69491ce5,True,,,,,,,,,,0.0,1.0,1.0,1.0,1.0,0.0,1.0,1.0,1.0,0.0
731,081da8854328d5c79,True,,,,,,,,,,1.0,1.0,0.5,1.0,0.5845304293776779,1.0,0.0,1.0,1.0,0.37258287959026215
732,1161a45a0921d7c8e,True,,,,,,,,,,1.0,1.0,0.5,1.0,0.4618164907198291,1.0,0.0,1.0,1.0,0.3534088266749733
733,8ea949efbc2e4d9bf,True,,,,,,,,,,1.0,0.0,0.5,1.0,1.0,1.0,0.0,1.0,0.0,0.0
734,95285e276d73120c3,True,,,,,,,,,,1.0,1.0,1.0,1.0,0.489480422797991,1.0,1.0,1.0,1.0,0.8404626321243722
735,5e652ec452f5c3eb4,True,,,,,,,,,,1.0,1.0,1.0,1.0,0.8145315868261631,1.0,0.0,1.0,1.0,0.817041120883176
736,f455b09466a75b437,True,,,,,,,,,,0.0,0.0,1.0,1.0,1.0,0.0,0.0,1.0,1.0,0.0
737,5f80678c8465899ca,True,,,,,,,,,,1.0,1.0,1.0,1.0,1.0,1.0,0.0,1.0,1.0,0.875
738,a04d1509b1d00db31,True,,,,,,,,,,1.0,0.0,1.0,1.0,1.0,1.0,1.0,1.0,1.0,0.0
739,a538a6acee46ef831,True,,,,,,,,,,1.0,1.0,1.0,1.0,0.7858136540256494,1.0,1.0,1.0,1.0,0.9330667668830155
740,5b1f4f799723ae119,True,,,,,,,,,,1.0,1.0,1.0,1.0,1.0,1.0,0.0,1.0,1.0,0.875
741,8480de05eed695abf,True,,,,,,,,,,1.0,1.0,1.0,1.0,0.667662536019324,1.0,0.0,1.0,0.0,0.6461445425060388
742,73e128068f712ead2,True,,,,,,,,,,0.0,0.0,1.0,1.0,1.0,0.0,0.0,1.0,1.0,0.0
743,8858ecf4e78fd953a,True,,,,,,,,,,1.0,1.0,1.0,1.0,0.986627342019109,1.0,0.0,1.0,0.0,0.7458210443809715
744,e013e127e2126bb32,True,,,,,,,,,,1.0,1.0,1.0,1.0,0.7359060533229773,1.0,1.0,1.0,0.0,0.7924706416634304
745,7e61c66c138daab84,True,,,,,,,,,,1.0,1.0,0.5,1.0,0.952765151598778,1.0,0.0,1.0,0.0,0.367619554937309
746,974c47a86ec212e1d,True,,,,,,,,,,1.0,1.0,0.5,1.0,1.0,1.0,0.0,1.0,0.0,0.375
747,174e7a32e20f2ca14,True,,,,,,,,,,1.0,1.0,0.0,1.0,1.0,1.0,0.0,1.0,1.0,0.0
748,f6f0f9e856ac09aa5,True,,,,,,,,,,1.0,0.0,1.0,1.0,0.5908663158371755,1.0,1.0,1.0,1.0,0.0
749,98f63c421f75a8ead,True,,,,,,,,,,1.0,1.0,1.0,1.0,1.0,1.0,0.0,1.0,1.0,0.875
750,8c317a99933b3b262,True,,,,,,,,,,1.0,1.0,0.5,1.0,1.0,1.0,0.0,1.0,1.0,0.4375
751,ca0adf718f5972567,True,,,,,,,,,,1.0,0.0,1.0,1.0,0.7934709886112004,1.0,1.0,1.0,1.0,0.0
752,19ef2d6f1a4a25124,True,,,,,,,,,,1.0,0.0,1.0,1.0,0.7265506304349508,1.0,1.0,1.0,0.0,0.0
753,1e4fec4c7ed8b79e5,True,,,,,,,,,,1.0,1.0,1.0,1.0,0.6712388962589914,1.0,1.0,1.0,0.0,0.7722621550809348
754,1ea195d959bce2d65,True,,,,,,,,,,0.0,0.0,0.0,1.0,1.0,0.0,0.0,1.0,1.0,0.0
755,f4d363a5d6d3206e3,True,,,,,,,,,,1.0,1.0,1.0,1.0,0.9810978338412109,1.0,0.0,1.0,1.0,0.8690930730753784
756,4db96dc771995ab32,True,,,,,,,,,,1.0,1.0,1.0,1.0,0.9807957456769604,1.0,0.0,1.0,1.0,0.8689986705240501
757,32a0c7a629ebabc37,True,,,,,,,,,,1.0,1.0,1.0,0.0,1.0,1.0,1.0,1.0,1.0,0.0
758,f38cc020e1b05accc,True,,,,,,,,,,1.0,0.0,1.0,1.0,0.4694938781419091,1.0,1.0,1.0,0.0,0.0
759,d73385f96b3a8b16d,True,,,,,,,,,,1.0,0.0,1.0,1.0,0.775780949241072,1.0,1.0,1.0,0.0,0.0
760,4b7a0a59fd31c7c90,True,,,,,,,,,,1.0,1.0,0.0,1.0,1.0,1.0,0.0,1.0,1.0,0.0
761,ef863110f1ea79566,True,,,,,,,,,,0.0,1.0,1.0,1.0,1.0,0.0,1.0,1.0,1.0,0.0
762,86ef74bf900e70e17,True,,,,,,,,,,1.0,0.0,0.0,1.0,1.0,1.0,0.0,0.0,0.0,0.0
763,28203b9c4a54e7875,True,,,,,,,,,,0.0,1.0,1.0,1.0,1.0,0.0,0.0,1.0,0.0,0.0
764,cbe5f4984cb4e3fe1,True,,,,,,,,,,1.0,1.0,1.0,1.0,0.8395030770110983,1.0,1.0,1.0,1.0,0.9498447115659683
765,faa4f514f8d862142,True,,,,,,,,,,0.0,0.0,1.0,1.0,1.0,0.0,1.0,1.0,0.0,0.0
766,3504f8f8ec86e462f,True,,,,,,,,,,0.0,1.0,1.0,1.0,0.6440369659640993,0.0,0.0,1.0,1.0,0.0
767,f8632cecfa6bdd21f,True,,,,,,,,,,1.0,1.0,0.0,1.0,1.0,1.0,0.0,1.0,1.0,0.0
768,4f77731642644b559,True,,,,,,,,,,1.0,1.0,1.0,1.0,0.9049489039100188,1.0,1.0,1.0,1.0,0.9702965324718809
769,1e15000d249448d21,True,,,,,,,,,,0.0,1.0,1.0,1.0,1.0,0.0,1.0,1.0,0.0,0.0
770,f3b236d797b3e906c,True,,,,,,,,,,1.0,1.0,1.0,1.0,1.0,1.0,0.0,1.0,1.0,0.875
771,bd0a7b8b83e474560,True,,,,,,,,,,1.0,1.0,1.0,1.0,0.6173857338773099,1.0,0.0,1.0,0.0,0.6304330418366593
772,1cc4886b926fd9c8b,True,,,,,,,,,,1.0,1.0,1.0,1.0,0.7474412318744784,1.0,1.0,1.0,1.0,0.9210753849607745
773,cbabaf8e0b53e82d3,True,,,,,,,,,,1.0,0.0,0.5,1.0,1.0,1.0,0.0,1.0,0.0,0.0
774,c7690543523741cf3,True,,,,,,,,,,0.0,1.0,1.0,1.0,1.0,0.0,1.0,1.0,1.0,0.0
775,4e5f4494c8076cc5b,True,,,,,,,,,,1.0,1.0,0.0,1.0,0.8467770235845352,1.0,0.0,1.0,1.0,0.0
776,249520f1574eff090,True,,,,,,,,,,1.0,1.0,1.0,1.0,0.3173095500566707,1.0,1.0,1.0,0.0,0.6616592343927096
777,530edf0e35aa025b6,True,,,,,,,,,,0.0,1.0,1.0,1.0,1.0,0.0,1.0,1.0,1.0,0.0
778,594bcaa89ef7fc267,True,,,,,,,,,,1.0,1.0,1.0,1.0,1.0,1.0,1.0,1.0,0.0,0.875
779,1f060c16840f9229e,True,,,,,,,,,,0.0,0.0,1.0,1.0,1.0,0.0,1.0,1.0,0.0,0.0
780,363ac46bc24e8db3b,True,,,,,,,,,,1.0,0.0,1.0,1.0,0.7504037103791367,1.0,0.0,1.0,0.0,0.0
781,1169425dafd2dc633,True,,,,,,,,,,1.0,1.0,1.0,1.0,0.7765233182202241,1.0,1.0,1.0,1.0,0.93016353694382
782,4afd4718ce4caab2c,True,,,,,,,,,,1.0,1.0,1.0,1.0,0.8209814456956255,1.0,1.0,1.0,0.0,0.819056701779883
783,13aeb83dad95704fa,True,,,,,,,,,,1.0,1.0,1.0,1.0,1.0,1.0,0.0,1.0,0.0,0.75
784,4222a702d3e9ef7bb,True,,,,,,,,,,1.0,1.0,1.0,1.0,1.0,1.0,0.0,1.0,1.0,0.875
785,4850e4897804c7f1a,True,,,,,,,,,,1.0,1.0,1.0,1.0,0.7868191033585265,1.0,0.0,1.0,1.0,0.8083809697995396
786,abf07a7ff20944b55,True,,,,,,,,,,1.0,1.0,1.0,1.0,0.91921144688227,1.0,0.0,1.0,1.0,0.8497535771507094
787,f9ab90e6bba95734a,True,,,,,,,,,,1.0,1.0,1.0,1.0,0.5210223556162775,1.0,1.0,1.0,1.0,0.8503194861300867
788,8c918377b8ed3a5b1,True,,,,,,,,,,1.0,1.0,1.0,1.0,0.8992209683445277,1.0,0.0,1.0,0.0,0.7185065526076648
789,bba03402f6222135f,True,,,,,,,,,,0.0,1.0,1.0,1.0,1.0,0.0,1.0,1.0,1.0,0.0
790,616dcf87ca891dd84,True,,,,,,,,,,0.0,1.0,1.0,1.0,1.0,0.0,0.0,1.0,0.0,0.0
791,631e2dc2cca2e3ec5,True,,,,,,,,,,0.0,1.0,1.0,1.0,1.0,0.0,0.0,1.0,0.0,0.0
792,89b122a0c34e4ff5b,True,,,,,,,,,,0.0,0.0,1.0,1.0,0.9084216219031742,0.0,0.0,1.0,1.0,0.0
793,245fb14bb8a926556,True,,,,,,,,,,1.0,1.0,1.0,1.0,0.7693400314534039,1.0,1.0,1.0,1.0,0.9279187598291887
794,3637ec99fe87c7406,True,,,,,,,,,,1.0,1.0,0.0,1.0,0.6603591153846453,1.0,0.0,1.0,0.0,0.0
795,da3afbb4ab75483b4,True,,,,,,,,,,0.0,0.0,0.0,1.0,1.0,0.0,0.0,0.0,0.0,0.0
796,fc2eb6e32259de9aa,True,,,,,,,,,,0.0,1.0,1.0,1.0,1.0,0.0,1.0,1.0,1.0,0.0
797,223f276058256f999,True,,,,,,,,,,1.0,1.0,0.0,1.0,0.8371465055264875,1.0,0.0,1.0,1.0,0.0
798,8078500be0a3e5743,True,,,,,,,,,,1.0,1.0,1.0,1.0,0.6255915255454743,1.0,1.0,0.0,0.0,0.6329973517329607
799,3e6a2a1cb427bfc4d,True,,,,,,,,,,1.0,1.0,0.5,1.0,1.0,1.0,0.0,1.0,1.0,0.4375
800,1a873a18080ef431b,True,,,,,,,,,,0.0,1.0,1.0,1.0,1.0,0.0,1.0,1.0,1.0,0.0
801,6d54d84f2aa7b99a8,True,,,,,,,,,,1.0,0.0,1.0,1.0,0.6792306499481404,1.0,1.0,1.0,0.0,0.0
802,9e4b9c5c9c0f63038,True,,,,,,,,,,1.0,1.0,1.0,1.0,0.9592369098173793,1.0,0.0,0.0,0.0,0.612261534317931
803,b9297371e1c1fc881,True,,,,,,,,,,1.0,1.0,1.0,1.0,1.0,1.0,0.0,1.0,0.0,0.75
804,c4aee2d09a8407408,True,,,,,,,,,,1.0,1.0,1.0,1.0,0.7198692144504315,1.0,1.0,1.0,0.0,0.7874591295157598
805,8477f7ad00092e6c2,True,,,,,,,,,,1.0,0.0,0.5,1.0,1.0,1.0,1.0,1.0,1.0,0.0
806,ad123ee37bc2eb842,True,,,,,,,,,,1.0,1.0,1.0,1.0,1.0,1.0,0.0,1.0,0.0,0.75
807,96e56db3408ebe51e,True,,,,,,,,,,0.0,1.0,1.0,1.0,1.0,0.0,0.0,1.0,0.0,0.0
808,f0a661b0e2a358ecf,True,,,,,,,,,,1.0,1.0,1.0,1.0,0.528595731365119,1.0,1.0,1.0,1.0,0.8526861660515996
809,3dd52ad2d0d369330,True,,,,,,,,,,1.0,1.0,1.0,1.0,0.8098741225583093,1.0,0.0,1.0,1.0,0.8155856632994716
810,5c4cdaaf289584cd5,True,,,,,,,,,,1.0,0.0,1.0,1.0,1.0,1.0,1.0,1.0,1.0,0.0
811,6c8c6dc401c0c9ea2,True,,,,,,,,,,1.0,1.0,1.0,1.0,0.8631868425054428,1.0,1.0,1.0,1.0,0.9572458882829509
812,32dff9c93368fc640,True,,,,,,,,,,1.0,1.0,0.0,1.0,1.0,1.0,0.0,1.0,0.0,0.0
813,be1d5bdbfc0e6edc2,True,,,,,,,,,,1.0,1.0,1.0,1.0,0.7315149845513497,1.0,0.0,1.0,1.0,0.7910984326722967
814,57108f72bba7b23f2,True,,,,,,,,,,1.0,1.0,0.0,1.0,1.0,0.0,0.0,1.0,1.0,0.0
815,119f45080f686caca,True,,,,,,,,,,1.0,1.0,1.0,1.0,0.4686498001487802,1.0,1.0,1.0,0.0,0.7089530625464938
816,3c5a4ce4780db74b7,True,,,,,,,,,,0.0,1.0,1.0,1.0,1.0,0.0,1.0,1.0,0.0,0.0
817,03e533b28bfac776e,True,,,,,,,,,,1.0,1.0,0.5,1.0,1.0,1.0,1.0,1.0,1.0,0.5
818,2366b4156fa09a0bc,True,,,,,,,,,,0.0,1.0,0.5,1.0,1.0,0.0,0.0,1.0,0.0,0.0
819,e0747e9a8b7b42be1,True,,,,,,,,,,1.0,1.0,1.0,1.0,0.678511137889098,1.0,0.0,1.0,1.0,0.7745347305903432
820,81f85141bab63b560,True,,,,,,,,,,1.0,1.0,1.0,1.0,0.7750531913159748,1.0,1.0,1.0,0.0,0.8047041222862421
821,3c9fb934bb7f40998,True,,,,,,,,,,1.0,1.0,1.0,1.0,1.0,1.0,0.0,1.0,1.0,0.875
822,014c92e4c2718adf8,True,,,,,,,,,,1.0,1.0,1.0,1.0,1.0,1.0,1.0,1.0,0.0,0.875
823,de5875c3da62d3850,True,,,,,,,,,,1.0,1.0,0.0,1.0,1.0,1.0,0.0,1.0,1.0,0.0
824,6d11863653324dee3,True,,,,,,,,,,0.0,1.0,1.0,1.0,1.0,0.0,0.0,1.0,1.0,0.0
825,f6ee18e1982a51d52,True,,,,,,,,,,1.0,0.0,1.0,1.0,0.9812057059003988,1.0,1.0,1.0,0.0,0.0
826,99fca017c572f5bc8,True,,,,,,,,,,1.0,1.0,1.0,1.0,0.7150050641364779,1.0,0.0,1.0,1.0,0.7859390825426493
827,d99cd68c37ac3ad2c,True,,,,,,,,,,1.0,1.0,1.0,1.0,0.8446532472505279,1.0,0.0,1.0,1.0,0.82645413976579
828,843dea321ea12e93c,True,,,,,,,,,,1.0,1.0,1.0,1.0,0.7646963889352002,1.0,1.0,1.0,1.0,0.92646762154225
829,2653246a8dbdf690b,True,,,,,,,,,,1.0,1.0,1.0,1.0,0.7020105617014866,1.0,0.0,1.0,0.0,0.6568783005317146
830,6ad5915978b38db9e,True,,,,,,,,,,0.0,1.0,1.0,1.0,1.0,0.0,0.0,1.0,1.0,0.0
831,ba8e76ba50850dffe,True,,,,,,,,,,1.0,1.0,1.0,1.0,0.8183302148106075,1.0,1.0,1.0,0.0,0.8182281921283149
832,21dda72ce686d45f5,True,,,,,,,,,,1.0,1.0,0.5,1.0,1.0,1.0,0.0,1.0,1.0,0.4375
833,c22f538fee4004aa6,True,,,,,,,,,,1.0,1.0,1.0,1.0,0.8084805138066932,1.0,0.0,1.0,1.0,0.8151501605645917
834,dea13a804cc9407af,True,,,,,,,,,,1.0,1.0,1.0,1.0,0.6021523955344481,1.0,1.0,1.0,1.0,0.875672623604515
835,8413ea29ea72fdfde,True,,,,,,,,,,1.0,1.0,1.0,1.0,1.0,1.0,1.0,1.0,1.0,1.0
836,e02ebb163a52bd53e,True,,,,,,,,,,0.0,0.0,1.0,1.0,0.9217797323888184,0.0,1.0,1.0,0.0,0.0
837,bff99a3eb84ffe4ba,True,,,,,,,,,,1.0,0.0,1.0,1.0,0.63303111415029,1.0,0.0,1.0,1.0,0.0
838,55a589ced770cbf72,True,,,,,,,,,,1.0,0.0,1.0,1.0,0.9558441753370072,1.0,0.0,1.0,1.0,0.0
839,8add9070020c81cb2,True,,,,,,,,,,0.0,1.0,1.0,1.0,1.0,0.0,0.0,1.0,0.0,0.0
840,9b0fa1196afa1a71b,True,,,,,,,,,,1.0,0.0,1.0,1.0,0.8021107004604111,1.0,1.0,1.0,0.0,0.0
841,980cc797db6c51c02,True,,,,,,,,,,1.0,0.0,1.0,1.0,0.9475213776730788,1.0,1.0,1.0,1.0,0.0
842,5b387bb6b49ae731a,True,,,,,,,,,,1.0,1.0,1.0,1.0,0.8259517693466542,1.0,0.0,1.0,0.0,0.6956099279208294
843,64dbb32a1a6005581,True,,,,,,,,,,1.0,1.0,1.0,1.0,1.0,1.0,0.0,1.0,0.0,0.75
844,9c091b0cc6c49fd2a,True,,,,,,,,,,1.0,1.0,0.0,1.0,0.8339418661186132,0.0,0.0,0.0,0.0,0.0
845,e42fb75cf07b74514,True,,,,,,,,,,1.0,1.0,1.0,1.0,0.6350283479263741,1.0,1.0,1.0,1.0,0.8859463587269919
846,7441ab5cb1d596d66,True,,,,,,,,,,1.0,1.0,1.0,1.0,1.0,1.0,1.0,1.0,1.0,1.0
847,b592db40b4ae7d08c,True,,,,,,,,,,1.0,1.0,1.0,1.0,0.7795616450820514,1.0,0.0,1.0,1.0,0.8061130140881411
848,2b5b15e806903df0c,True,,,,,,,,,,1.0,1.0,1.0,1.0,1.0,1.0,1.0,1.0,0.0,0.875
849,3d35e2b7007a10159,True,,,,,,,,,,1.0,1.0,1.0,0.0,1.0,1.0,1.0,1.0,0.0,0.0
850,687fb362f72d56b1d,True,,,,,,,,,,1.0,1.0,1.0,1.0,0.6796480631710817,1.0,1.0,1.0,0.0,0.774890019740963
851,5a7bb6958f668a475,True,,,,,,,,,,0.0,1.0,0.5,1.0,1.0,0.0,1.0,1.0,1.0,0.0
852,1b905261d3f70d1f0,True,,,,,,,,,,1.0,1.0,1.0,1.0,0.5649380163056155,1.0,1.0,1.0,1.0,0.8640431300955048
853,665d1799755e51e9a,True,,,,,,,,,,0.0,1.0,1.0,1.0,1.0,0.0,0.0,1.0,0.0,0.0
854,0cda637bebb7a14dc,True,,,,,,,,,,1.0,1.0,1.0,1.0,1.0,0.0,1.0,0.0,0.0,0.4375
855,8821c536a27933ed5,True,,,,,,,,,,1.0,1.0,1.0,1.0,1.0,1.0,0.0,1.0,1.0,0.875
856,bcdf9aeebdcada173,True,,,,,,,,,,1.0,1.0,1.0,1.0,0.864342673591887,1.0,0.0,1.0,1.0,0.8326070854974648
857,fc6b7a66f2b28cca4,True,,,,,,,,,,0.0,1.0,1.0,1.0,1.0,0.0,0.0,1.0,0.0,0.0
858,5ca342ee0bfdecb05,True,,,,,,,,,,1.0,1.0,1.0,1.0,0.943043651865322,1.0,1.0,1.0,1.0,0.9822011412079131
859,aadb9d0abc30a1215,True,,,,,,,,,,0.0,1.0,1.0,1.0,0.971858103134866,0.0,0.0,1.0,0.0,0.0
860,9c1c1fb7b2f09b8b6,True,,,,,,,,,,1.0,1.0,1.0,1.0,1.0,1.0,1.0,1.0,1.0,1.0
861,44d4ff5239aca3b14,True,,,,,,,,,,1.0,0.0,1.0,1.0,1.0,1.0,0.0,0.0,0.0,0.0
862,4ed26e14929f14eb4,True,,,,,,,,,,1.0,1.0,0.0,1.0,0.8562737423568267,1.0,0.0,1.0,0.0,0.0
863,dba7acca42dcb992f,True,,,,,,,,,,1.0,0.0,0.5,1.0,1.0,1.0,0.0,1.0,1.0,0.0
864,e691defa66927f173,True,,,,,,,,,,1.0,1.0,1.0,1.0,0.7311415582629113,1.0,0.0,1.0,1.0,0.7909817369571598
865,07f017abc801c8b9e,True,,,,,,,,,,1.0,0.0,1.0,1.0,1.0,1.0,0.0,1.0,0.0,0.0
866,8f669c4ed49b0595f,True,,,,,,,,,,1.0,0.0,1.0,1.0,0.6424357009749935,1.0,1.0,1.0,0.0,0.0
867,0c90e4fca67a92e84,True,,,,,,,,,,0.0,1.0,1.0,1.0,1.0,0.0,0.0,1.0,1.0,0.0
868,a5323cbe675ea589c,True,,,,,,,,,,1.0,0.0,1.0,1.0,0.4411179640743596,1.0,0.0,1.0,1.0,0.0
869,5bd0e7981e5378287,True,,,,,,,,,,1.0,0.0,1.0,1.0,1.0,1.0,1.0,1.0,1.0,0.0
870,32dda48eecd064f26,True,,,,,,,,,,1.0,1.0,1.0,1.0,0.6792861134546991,1.0,0.0,1.0,1.0,0.7747769104545935
871,1908461428632f5dd,True,,,,,,,,,,1.0,1.0,1.0,1.0,0.8853764554849184,1.0,1.0,1.0,1.0,0.964180142339037
872,fb8289807a1b275b3,True,,,,,,,,,,1.0,1.0,1.0,1.0,1.0,1.0,1.0,1.0,1.0,1.0
873,1e3e373072e96c044,True,,,,,,,,,,1.0,0.0,1.0,1.0,1.0,1.0,0.0,1.0,1.0,0.0
874,dec0b3a34c3d245fd,True,,,,,,,,,,1.0,1.0,1.0,1.0,0.8914293601719318,1.0,0.0,1.0,1.0,0.8410716750537286
875,1875ccbefe8233a69,True,,,,,,,,,,1.0,1.0,1.0,1.0,0.15739363215950955,1.0,1.0,1.0,0.0,0.6116855100498467
876,0d3be86b0d2db1b32,True,,,,,,,,,,1.0,1.0,1.0,1.0,0.8511846638455797,1.0,1.0,1.0,1.0,0.9534952074517437
877,43f7d2bb6b4b6f35a,True,,,,,,,,,,1.0,0.0,1.0,1.0,1.0,1.0,0.0,1.0,1.0,0.0
878,84c83fdf5cd2bf3d0,True,,,,,,,,,,1.0,1.0,0.0,1.0,1.0,1.0,0.0,1.0,1.0,0.0
879,8ff1eaec9e4ad790c,True,,,,,,,,,,1.0,1.0,1.0,1.0,1.0,1.0,1.0,1.0,0.0,0.875
880,c40981d1d4e696de2,True,,,,,,,,,,1.0,0.0,1.0,1.0,0.41302904874974755,1.0,0.0,1.0,1.0,0.0
881,3432391c5dca44cf9,True,,,,,,,,,,1.0,1.0,1.0,1.0,0.7909882196284769,1.0,1.0,1.0,1.0,0.934683818633899
882,e302536dfb1a897a7,True,,,,,,,,,,0.0,1.0,1.0,1.0,0.6664586869893483,0.0,0.0,1.0,1.0,0.0
883,08ad22cbb4d9d003b,True,,,,,,,,,,0.0,1.0,1.0,1.0,1.0,0.0,1.0,1.0,0.0,0.0
884,72ff49b38c26122d6,True,,,,,,,,,,1.0,1.0,1.0,1.0,0.6440996091960202,1.0,0.0,1.0,1.0,0.7637811278737563
885,47fd69d104912e67a,True,,,,,,,,,,1.0,0.0,1.0,1.0,1.0,1.0,1.0,1.0,0.0,0.0
886,2715084d8bf201e97,True,,,,,,,,,,1.0,1.0,1.0,1.0,0.8281976603615311,1.0,1.0,1.0,0.0,0.8213117688629785
887,493a69b930b600eb5,True,,,,,,,,,,1.0,1.0,1.0,1.0,1.0,1.0,1.0,1.0,1.0,1.0
888,efd620a9103f0ef3f,True,,,,,,,,,,0.0,1.0,1.0,1.0,1.0,0.0,1.0,1.0,0.0,0.0
889,7e640664f4c19d17e,True,,,,,,,,,,1.0,0.0,1.0,1.0,1.0,1.0,0.0,1.0,1.0,0.0
890,b77f2183b554e6641,True,,,,,,,,,,1.0,1.0,1.0,1.0,1.0,1.0,1.0,1.0,0.0,0.875
891,7d348078ef5cd9345,True,,,,,,,,,,1.0,1.0,1.0,1.0,0.7256559730983223,1.0,1.0,1.0,1.0,0.9142674915932257
892,cfe27a593a4819294,True,,,,,,,,,,1.0,0.0,1.0,1.0,1.0,1.0,1.0,1.0,1.0,0.0
893,b74ed296010c24598,True,,,,,,,,,,0.0,1.0,1.0,0.0,1.0,0.0,1.0,1.0,1.0,0.0
894,e0fd3073c76ba643d,True,,,,,,,,,,1.0,1.0,1.0,1.0,0.7861625354006163,1.0,1.0,1.0,0.0,0.8081757923126927
895,5065468cd60f1bc00,True,,,,,,,,,,1.0,1.0,1.0,1.0,0.8226061095746339,1.0,1.0,1.0,1.0,0.9445644092420731
896,5856d9f4b213e9865,True,,,,,,,,,,1.0,1.0,1.0,1.0,1.0,1.0,0.0,1.0,1.0,0.875
897,84216c5077769d755,True,,,,,,,,,,0.0,0.0,0.0,1.0,1.0,0.0,0.0,1.0,1.0,0.0
898,fddbcf39a369cf1df,True,,,,,,,,,,1.0,0.0,0.5,1.0,1.0,1.0,0.0,1.0,0.0,0.0
899,994054d09b71160e0,True,,,,,,,,,,1.0,1.0,1.0,1.0,0.6805217738626931,1.0,0.0,1.0,1.0,0.7751630543320915
900,1b9fdb3577e3e1018,True,,,,,,,,,,0.5,0.0,1.0,1.0,0.7510169432957583,0.0,1.0,1.0,1.0,0.0
901,3e951c01a5baffd96,True,,,,,,,,,,1.0,1.0,1.0,1.0,1.0,1.0,0.0,1.0,1.0,0.875
902,6f0b775b8d685abec,True,,,,,,,,,,1.0,1.0,1.0,1.0,0.6985565866826128,1.0,0.0,1.0,0.0,0.6557989333383165
903,c71b26ad44d13d5a5,True,,,,,,,,,,0.0,1.0,1.0,1.0,1.0,0.0,1.0,1.0,0.0,0.0
904,dbfdf8f55f68e448a,True,,,,,,,,,,0.0,1.0,1.0,1.0,1.0,0.0,1.0,1.0,1.0,0.0
905,e41e35545e4667bbb,True,,,,,,,,,,1.0,0.0,0.0,1.0,1.0,1.0,0.0,1.0,0.0,0.0
906,594f782a45aefdedc,True,,,,,,,,,,0.0,1.0,1.0,1.0,1.0,0.0,0.0,1.0,0.0,0.0
907,5fa6ede627d6c9af7,True,,,,,,,,,,1.0,0.0,0.0,1.0,1.0,1.0,0.0,1.0,0.0,0.0
908,da1d2937d8bad05e3,True,,,,,,,,,,1.0,1.0,1.0,1.0,0.7107482070809358,1.0,1.0,1.0,1.0,0.9096088147127924
909,8dfa62e95dcb416e8,True,,,,,,,,,,1.0,1.0,1.0,1.0,0.7400825493833495,1.0,0.0,1.0,1.0,0.7937757966822967
910,558bb29151a7f95b1,True,,,,,,,,,,1.0,1.0,1.0,1.0,1.0,1.0,0.0,1.0,0.0,0.75
911,6492cabed87012413,True,,,,,,,,,,1.0,1.0,1.0,1.0,1.0,1.0,0.0,1.0,1.0,0.875
912,49f77b5c62d2c5787,True,,,,,,,,,,1.0,1.0,0.5,1.0,0.5776871713306695,1.0,1.0,1.0,1.0,0.43401362052041714
913,97e73edb0ec984db5,True,,,,,,,,,,0.0,1.0,1.0,1.0,1.0,0.0,1.0,1.0,0.0,0.0
914,fb83b02b78181e4f8,True,,,,,,,,,,0.0,1.0,0.5,1.0,0.8401911072518614,0.0,0.0,1.0,0.0,0.0
915,6787e9f15b62de1b8,True,,,,,,,,,,0.5,1.0,1.0,0.0,1.0,0.0,1.0,1.0,1.0,0.0
916,fac0a5c373900e63b,True,,,,,,,,,,1.0,1.0,1.0,1.0,0.5308166778597757,1.0,1.0,1.0,1.0,0.85338021183118
917,312967b0fb74d9524,True,,,,,,,,,,1.0,1.0,1.0,1.0,0.8096950119210027,1.0,1.0,1.0,0.0,0.8155296912253134
918,308f14ec6e576e4d7,True,,,,,,,,,,0.0,0.0,1.0,1.0,0.8439449025754158,0.0,0.0,1.0,1.0,0.0
919,78e346fdbeb014770,True,,,,,,,,,,1.0,0.0,1.0,1.0,0.8599107831894662,1.0,1.0,1.0,0.0,0.0
920,506ef1fd93816539d,True,,,,,,,,,,1.0,1.0,1.0,1.0,1.0,1.0,1.0,1.0,1.0,1.0
921,c4f1e612f0a907247,True,,,,,,,,,,1.0,1.0,1.0,1.0,0.8025436319567976,1.0,1.0,1.0,1.0,0.9382948849864993
922,4876fb179a00309b5,True,,,,,,,,,,1.0,1.0,1.0,1.0,0.9223889457270489,1.0,1.0,1.0,1.0,0.9757465455397027
923,b1914ef64d65f8786,True,,,,,,,,,,1.0,1.0,1.0,1.0,0.8856388265406457,1.0,1.0,1.0,0.0,0.8392621332939518
924,35dbe67d467571cfb,True,,,,,,,,,,1.0,0.0,1.0,1.0,0.4782104236529691,1.0,0.0,1.0,0.0,0.0
925,5567f0e0a3373dbcb,True,,,,,,,,,,1.0,1.0,1.0,1.0,0.8232248986097294,1.0,0.0,1.0,1.0,0.8197577808155404
926,23c9faa5c2360ed1f,True,,,,,,,,,,1.0,1.0,1.0,1.0,0.4014243214010901,1.0,1.0,1.0,0.0,0.6879451004378406
927,c2c820f86bd4ff546,True,,,,,,,,,,1.0,1.0,0.5,1.0,0.7301582436348888,1.0,0.0,1.0,0.0,0.33283722556795137
928,5f6ba007265885758,True,,,,,,,,,,1.0,1.0,1.0,1.0,0.775848350719285,1.0,0.0,1.0,0.0,0.6799526095997765
929,7ab2fe1651beb3aae,True,,,,,,,,,,1.0,1.0,1.0,1.0,0.8471359145502728,1.0,1.0,1.0,1.0,0.9522299732969602
930,dd7cd37257f99be9e,True,,,,,,,,,,1.0,0.0,1.0,1.0,1.0,1.0,1.0,1.0,1.0,0.0
931,686f1f87016b7e54b,True,,,,,,,,,,0.0,0.0,1.0,1.0,1.0,0.0,1.0,1.0,0.0,0.0
932,6a555d92cb8bdeee6,True,,,,,,,,,,1.0,1.0,1.0,1.0,0.8367954029565144,1.0,1.0,1.0,1.0,0.9489985634239108
933,3ee4790171e6a99ef,True,,,,,,,,,,1.0,1.0,1.0,1.0,0.7221885271128619,1.0,1.0,1.0,1.0,0.9131839147227694
934,c3200abf96a354efa,True,,,,,,,,,,1.0,0.0,1.0,1.0,0.4543043971208668,1.0,1.0,1.0,1.0,0.0
935,92bc964803e65244e,True,,,,,,,,,,0.0,1.0,1.0,1.0,0.5825545731215348,0.0,1.0,1.0,1.0,0.0
936,205bfe6adc22021bb,True,,,,,,,,,,1.0,1.0,1.0,1.0,0.5443940985063549,1.0,1.0,1.0,1.0,0.8576231557832359
937,d66bc12e93857dd9a,True,,,,,,,,,,1.0,1.0,1.0,1.0,0.8255331347159384,1.0,1.0,1.0,0.0,0.8204791045987307
938,09bcac39474bd36a4,True,,,,,,,,,,1.0,1.0,1.0,1.0,0.6476594804170829,1.0,1.0,1.0,1.0,0.8898935876303384
939,27ddf7be2179b60af,True,,,,,,,,,,1.0,1.0,0.0,1.0,0.9166111968016363,1.0,0.0,1.0,1.0,0.0
940,6d4dbc1af5fc2435b,True,,,,,,,,,,1.0,1.0,1.0,1.0,0.7753219825302589,1.0,1.0,1.0,0.0,0.8047881195407058
941,9bd02c4d06feae3dd,True,,,,,,,,,,1.0,1.0,0.0,1.0,0.8731617546745601,1.0,0.0,1.0,1.0,0.0
942,28ee06f98b43e0a85,True,,,,,,,,,,1.0,0.0,1.0,1.0,1.0,1.0,1.0,1.0,0.0,0.0
943,f7608da692db5aeb1,True,,,,,,,,,,1.0,0.0,0.0,1.0,1.0,1.0,0.0,1.0,0.0,0.0
944,7002b130242124367,True,,,,,,,,,,0.0,0.0,1.0,1.0,1.0,0.0,1.0,1.0,1.0,0.0
945,69f612044609b63d1,True,,,,,,,,,,1.0,1.0,1.0,1.0,0.909472713338302,1.0,1.0,1.0,1.0,0.9717102229182194
946,d6e3a8fc354d62753,True,,,,,,,,,,0.0,1.0,1.0,1.0,1.0,0.0,0.0,1.0,0.0,0.0
947,44a5937b14cec415b,True,,,,,,,,,,1.0,1.0,1.0,1.0,0.7554208045644492,1.0,0.0,1.0,1.0,0.7985690014263904
948,d617dbbef56f36875,True,,,,,,,,,,1.0,1.0,1.0,1.0,0.7103019289760812,1.0,0.0,1.0,1.0,0.7844693528050254
949,6689a93bda6a6470b,True,,,,,,,,,,1.0,1.0,1.0,1.0,0.8428078074407316,1.0,1.0,1.0,0.0,0.8258774398252287
950,0aef5f06bc06b4b67,True,,,,,,,,,,1.0,0.0,0.5,1.0,1.0,1.0,1.0,1.0,1.0,0.0
951,aa1b4476d7c10952e,True,,,,,,,,,,1.0,0.0,1.0,1.0,1.0,1.0,0.0,1.0,1.0,0.0
952,d294ac095b61c1877,True,,,,,,,,,,1.0,1.0,1.0,1.0,0.16788022134335204,1.0,1.0,1.0,1.0,0.7399625691697975
953,961c057965f6951d8,True,,,,,,,,,,1.0,1.0,1.0,1.0,0.868399130177777,1.0,0.0,1.0,0.0,0.7088747281805553
954,dedf2ffe66804a16a,True,,,,,,,,,,1.0,0.0,1.0,1.0,0.7168994998306532,1.0,1.0,1.0,1.0,0.0
955,977312aa1b30d7f8f,True,,,,,,,,,,1.0,0.0,1.0,1.0,1.0,1.0,1.0,1.0,1.0,0.0
956,6a746336ecf0f665c,True,,,,,,,,,,1.0,1.0,0.0,1.0,1.0,0.0,0.0,1.0,0.0,0.0
957,1d6a75c2185cddac3,True,,,,,,,,,,1.0,1.0,1.0,1.0,0.7034299374473025,1.0,1.0,1.0,0.0,0.7823218554522821
958,5f69ad192f42e1e35,True,,,,,,,,,,1.0,1.0,1.0,1.0,0.573020501807997,1.0,1.0,1.0,1.0,0.8665689068149991
959,f1e68724beef04f5c,True,,,,,,,,,,0.0,1.0,1.0,1.0,0.8245442737195499,0.0,1.0,1.0,0.0,0.0
960,091f890b966563016,True,,,,,,,,,,1.0,1.0,1.0,1.0,0.9561237713809808,1.0,1.0,1.0,0.0,0.8612886785565566
961,0e55c21e09e86d8ba,True,,,,,,,,,,1.0,1.0,1.0,1.0,0.7091235216989297,1.0,1.0,1.0,1.0,0.9091011005309155
962,9751b7e09b5514dd3,True,,,,,,,,,,0.0,1.0,1.0,1.0,1.0,0.0,1.0,1.0,1.0,0.0
963,92543dc9e560f1be0,True,,,,,,,,,,1.0,1.0,1.0,1.0,1.0,0.0,1.0,1.0,0.0,0.5625
964,03ba5f567d1b3dc30,True,,,,,,,,,,1.0,1.0,1.0,1.0,0.36087563346072116,1.0,1.0,1.0,1.0,0.8002736354564753
965,bef503ff5929be3a8,True,,,,,,,,,,0.0,1.0,1.0,1.0,1.0,0.0,0.0,1.0,1.0,0.0
966,b768b66003f09acc0,True,,,,,,,,,,1.0,0.0,1.0,1.0,0.44611091642987644,1.0,0.0,1.0,1.0,0.0
967,65340cec441efc0c2,True,,,,,,,,,,1.0,0.0,1.0,1.0,0.46743508354452673,1.0,1.0,1.0,0.0,0.0
968,04ea6a683ebec3208,True,,,,,,,,,,1.0,1.0,1.0,1.0,1.0,1.0,0.0,1.0,0.0,0.75
969,fa3650efa1fa9cb64,True,,,,,,,,,,1.0,1.0,1.0,1.0,1.0,1.0,0.0,1.0,0.0,0.75
970,3423788f9b45444ab,True,,,,,,,,,,1.0,1.0,1.0,1.0,1.0,1.0,1.0,1.0,0.0,0.875
971,019450490101ebf1c,True,,,,,,,,,,1.0,0.0,1.0,1.0,1.0,1.0,0.0,1.0,0.0,0.0
972,3f68c9f1e2821def0,True,,,,,,,,,,1.0,1.0,1.0,1.0,0.9060352525998646,1.0,1.0,1.0,1.0,0.9706360164374577
973,4ccd60de6eb6c50c6,True,,,,,,,,,,1.0,1.0,0.0,1.0,1.0,1.0,0.0,1.0,0.0,0.0
974,2913dab4565a29b87,True,,,,,,,,,,1.0,1.0,1.0,1.0,0.727087024775072,1.0,0.0,0.0,0.0,0.53971469524221
975,fd163457fdae33b78,True,,,,,,,,,,1.0,0.0,1.0,1.0,1.0,1.0,1.0,1.0,0.0,0.0
976,2611c3a201b36f3af,True,,,,,,,,,,1.0,1.0,1.0,1.0,0.9169864343855847,1.0,1.0,1.0,0.0,0.8490582607454953
977,96260f12e203e8493,True,,,,,,,,,,1.0,0.0,1.0,1.0,0.40708875390910604,1.0,1.0,1.0,1.0,0.0
978,061d3699e77f9817a,True,,,,,,,,,,1.0,1.0,1.0,1.0,0.759336175563117,1.0,1.0,1.0,0.0,0.7997925548634741
979,f3852b4bdec74eddc,True,,,,,,,,,,0.5,0.0,1.0,1.0,1.0,0.0,1.0,1.0,1.0,0.0
980,2917a71e0e9572784,True,,,,,,,,,,1.0,1.0,1.0,1.0,0.83598929358797,1.0,0.0,1.0,1.0,0.8237466542462406
981,a7f6db3ebc16e5c7c,True,,,,,,,,,,1.0,1.0,1.0,1.0,1.0,1.0,1.0,1.0,0.0,0.875
982,474779897c967667c,True,,,,,,,,,,0.0,1.0,0.0,1.0,1.0,0.0,0.0,1.0,1.0,0.0
983,4479be8eef64a3460,True,,,,,,,,,,1.0,1.0,1.0,1.0,0.6892134050282002,1.0,1.0,1.0,1.0,0.9028791890713126
984,cd5f94c276881c890,True,,,,,,,,,,1.0,0.0,1.0,1.0,0.7621259616345015,1.0,1.0,1.0,0.0,0.0
985,7acc87fed29fbe645,True,,,,,,,,,,1.0,1.0,0.5,1.0,1.0,1.0,0.0,1.0,1.0,0.4375
986,f8b4dade556ee29d7,True,,,,,,,,,,1.0,1.0,1.0,1.0,0.8221641561995792,1.0,1.0,1.0,0.0,0.8194262988123685
987,5415935ab116cd94f,True,,,,,,,,,,1.0,1.0,1.0,1.0,0.7885880228218849,1.0,0.0,1.0,1.0,0.808933757131839
988,08c4b293745d6aef6,True,,,,,,,,,,0.0,1.0,1.0,0.0,1.0,0.0,1.0,1.0,0.0,0.0
989,f41a422f052cd19d9,True,,,,,,,,,,1.0,0.0,0.0,1.0,1.0,1.0,1.0,1.0,1.0,0.0
990,e3e06ab2151befbbb,True,,,,,,,,,,1.0,1.0,1.0,1.0,0.7131596075433145,1.0,0.0,1.0,1.0,0.7853623773572858
991,90ffd09937f409beb,True,,,,,,,,,,1.0,1.0,1.0,1.0,0.6024895378882886,1.0,1.0,1.0,0.0,0.7507779805900903
992,bc9c320fb031a11ff,True,,,,,,,,,,1.0,1.0,1.0,1.0,0.7458602510261373,1.0,1.0,1.0,0.0,0.7955813284456679
993,bc91b5b7dc430b04d,True,,,,,,,,,,1.0,1.0,0.0,1.0,1.0,1.0,0.0,1.0,1.0,0.0
994,12499ddd90200ea9f,True,,,,,,,,,,1.0,1.0,1.0,1.0,0.4841124852758575,1.0,1.0,1.0,1.0,0.8387851516487055
995,55617753513055d9b,True,,,,,,,,,,0.0,0.0,1.0,1.0,1.0,0.0,1.0,1.0,0.0,0.0
996,20d619058c9ec6829,True,,,,,,,,,,1.0,1.0,1.0,1.0,0.961949183231216,1.0,0.0,1.0,0.0,0.738109119759755
997,664a5c4af31581693,True,,,,,,,,,,1.0,1.0,1.0,1.0,0.8010944211524395,1.0,0.0,1.0,1.0,0.8128420066101374
998,6a934a93966865e05,True,,,,,,,,,,1.0,1.0,1.0,1.0,0.6099443733936872,1.0,1.0,1.0,0.0,0.7531076166855273
999,110d0d3e6fdd95bda,True,,,,,,,,,,0.0,1.0,1.0,1.0,1.0,0.0,0.0,1.0,1.0,0.0
1000,728522f233e8a9fa9,True,,,,,,,,,,1.0,1.0,0.0,1.0,1.0,1.0,0.0,1.0,1.0,0.0
1001,92b72601aef2807d0,True,,,,,,,,,,1.0,1.0,1.0,1.0,0.7158043715305609,1.0,1.0,1.0,1.0,0.9111888661033003
1002,7fc94bcc4790ac58b,True,,,,,,,,,,1.0,1.0,1.0,1.0,0.7651245297345832,1.0,0.0,1.0,0.0,0.6766014155420572
1003,d78e4f39396f3678e,True,,,,,,,,,,1.0,1.0,1.0,1.0,0.7742246224284839,1.0,1.0,1.0,1.0,0.9294451945089013
1004,ef01e0a3e1ff9b43f,True,,,,,,,,,,1.0,1.0,1.0,1.0,0.6480512487613878,1.0,1.0,1.0,0.0,0.7650160152379337
1005,ca20bcf8f65e1fa9b,True,,,,,,,,,,1.0,1.0,1.0,1.0,0.8727688577895909,1.0,1.0,1.0,0.0,0.8352402680592472
1006,506e98e6817013978,True,,,,,,,,,,1.0,1.0,1.0,1.0,0.7037037301878581,1.0,1.0,1.0,0.0,0.7824074156837056
1007,cd5f552597cd3be08,True,,,,,,,,,,1.0,1.0,1.0,1.0,0.8089353555675848,1.0,0.0,0.0,0.0,0.5652922986148703
1008,9b4f213c9ca37efb2,True,,,,,,,,,,1.0,1.0,1.0,1.0,1.0,1.0,1.0,1.0,1.0,1.0
1009,c73438b8126946550,True,,,,,,,,,,1.0,1.0,1.0,1.0,0.7501176337932546,1.0,0.0,1.0,1.0,0.796911760560392
1010,07c652f78c0509a49,True,,,,,,,,,,1.0,0.0,1.0,1.0,0.8558590937563652,1.0,1.0,1.0,1.0,0.0
1011,8ad941de7669cfce3,True,,,,,,,,,,0.0,1.0,1.0,1.0,1.0,0.0,0.0,1.0,0.0,0.0
1012,f843c5c835c2922c1,True,,,,,,,,,,1.0,0.0,0.5,1.0,1.0,1.0,0.0,1.0,0.0,0.0
1013,53584220d24323201,True,,,,,,,,,,1.0,1.0,0.5,1.0,1.0,1.0,0.0,1.0,1.0,0.4375
1014,281b6c4a5468c1447,True,,,,,,,,,,1.0,1.0,0.5,1.0,0.730140241045221,1.0,1.0,1.0,1.0,0.4578344126633158
1015,1c7991974c14440a3,True,,,,,,,,,,1.0,0.0,0.0,1.0,1.0,1.0,0.0,1.0,1.0,0.0
1016,90dfc4788a349e60b,True,,,,,,,,,,1.0,1.0,1.0,1.0,1.0,1.0,1.0,1.0,0.0,0.875
1017,81742324c5b46cc6f,True,,,,,,,,,,0.0,1.0,1.0,1.0,1.0,0.0,0.0,1.0,0.0,0.0
1018,e7db08ac75d56b8b2,True,,,,,,,,,,1.0,1.0,1.0,1.0,0.528387157460161,1.0,0.0,1.0,1.0,0.7276209867063003
1019,f13330e16c05c5902,True,,,,,,,,,,0.0,1.0,1.0,1.0,1.0,0.0,1.0,1.0,0.0,0.0
1020,2c920866d1784abe5,True,,,,,,,,,,0.0,0.0,1.0,1.0,1.0,0.0,0.0,1.0,1.0,0.0
1021,129d3c576dc7bb588,True,,,,,,,,,,1.0,1.0,1.0,1.0,0.39179991811134324,1.0,0.0,1.0,1.0,0.6849374744097947
1022,5f775bac151622950,True,,,,,,,,,,1.0,0.0,1.0,1.0,0.7676766511401241,1.0,0.0,1.0,1.0,0.0
1023,cabbf4a701b27f4f2,True,,,,,,,,,,1.0,0.0,0.5,1.0,1.0,1.0,0.0,1.0,1.0,0.0
1024,0fa05fe58f28e1239,True,,,,,,,,,,1.0,1.0,1.0,1.0,0.9673404216927651,1.0,1.0,1.0,0.0,0.8647938817789891
1025,bccc789380086dadb,True,,,,,,,,,,1.0,1.0,1.0,1.0,1.0,1.0,0.0,1.0,1.0,0.875
1026,06a4317c41657c287,True,,,,,,,,,,1.0,1.0,0.0,1.0,1.0,1.0,0.0,1.0,1.0,0.0
1027,15cd04f7d172178fc,True,,,,,,,,,,1.0,0.0,1.0,1.0,0.7758903213681353,1.0,1.0,1.0,0.0,0.0
1028,973dc194fd0092c5d,True,,,,,,,,,,1.0,0.0,1.0,1.0,1.0,1.0,0.0,1.0,1.0,0.0
1029,a99d30f928a653d12,True,,,,,,,,,,1.0,1.0,1.0,1.0,0.9037967711002031,1.0,1.0,1.0,1.0,0.9699364909688135
1030,0369a23acb953eeac,True,,,,,,,,,,1.0,1.0,1.0,1.0,0.7095778730132208,1.0,1.0,1.0,1.0,0.9092430853166316
1031,b589b9a8082420ee5,True,,,,,,,,,,1.0,1.0,1.0,1.0,1.0,1.0,0.0,1.0,0.0,0.75
1032,f25f0a0a5f68f4d90,True,,,,,,,,,,1.0,1.0,1.0,1.0,0.9985896093286163,1.0,1.0,1.0,0.0,0.8745592529151927
1033,8e2e4ad26edbb4e08,True,,,,,,,,,,1.0,0.0,1.0,1.0,0.6118651319334683,1.0,1.0,1.0,1.0,0.0
1034,0f32999a6e12e6b4f,True,,,,,,,,,,1.0,1.0,1.0,1.0,1.0,1.0,0.0,1.0,1.0,0.875
1035,e536d36c3e7306e47,True,,,,,,,,,,0.0,1.0,1.0,1.0,0.9989425411201986,0.0,0.0,1.0,0.0,0.0
1036,eb818e242c63c7f20,True,,,,,,,,,,1.0,1.0,1.0,1.0,0.4543258927010882,1.0,1.0,1.0,0.0,0.7044768414690901
1037,239cac6c74f4f0bd4,True,,,,,,,,,,1.0,0.0,0.5,1.0,1.0,1.0,1.0,1.0,1.0,0.0
1038,3ada23a933f4d460c,True,,,,,,,,,,1.0,1.0,1.0,1.0,1.0,1.0,1.0,1.0,1.0,1.0
1039,94b6ffabace38c36f,True,,,,,,,,,,1.0,1.0,1.0,1.0,0.994948879239309,1.0,0.0,1.0,0.0,0.7484215247622841
1040,c03cd29553653d383,True,,,,,,,,,,1.0,1.0,1.0,1.0,0.33651562403056845,1.0,1.0,1.0,0.0,0.6676611325095526
1041,3b9ed44b6aec2276a,True,,,,,,,,,,1.0,1.0,1.0,1.0,0.5546863405231811,1.0,1.0,1.0,1.0,0.8608394814134941
1042,5c7504aeee1fc6587,True,,,,,,,,,,0.0,0.0,0.5,1.0,1.0,0.0,1.0,1.0,1.0,0.0
1043,01939f050c164b6c4,True,,,,,,,,,,1.0,1.0,1.0,1.0,1.0,1.0,0.0,1.0,1.0,0.875
1044,6d649dcdbc3037d7a,True,,,,,,,,,,1.0,1.0,1.0,1.0,1.0,1.0,0.0,1.0,1.0,0.875
1045,872a49bbab0e3eadd,True,,,,,,,,,,1.0,0.0,1.0,1.0,1.0,1.0,0.0,1.0,0.0,0.0
1046,9d72bed8e095c9a05,True,,,,,,,,,,1.0,0.0,0.5,1.0,1.0,1.0,0.0,1.0,0.0,0.0
1047,e03ef0605d72ffd1a,True,,,,,,,,,,1.0,1.0,1.0,1.0,0.6608650365886249,1.0,1.0,1.0,0.0,0.7690203239339453
1048,59af906a1320b6ea8,True,,,,,,,,,,1.0,0.0,0.0,1.0,1.0,1.0,1.0,1.0,0.0,0.0
1049,e1dfffddf7ca3297a,True,,,,,,,,,,0.0,0.0,0.0,1.0,1.0,0.0,0.0,1.0,1.0,0.0
1050,5c23f7f4493bf911d,True,,,,,,,,,,1.0,1.0,1.0,1.0,0.7788186387277402,1.0,0.0,1.0,1.0,0.8058808246024188
1051,56acd80cef7047ce3,True,,,,,,,,,,1.0,0.0,0.5,1.0,1.0,1.0,0.0,1.0,1.0,0.0
1052,9f1d660e1e39a5197,True,,,,,,,,,,1.0,0.0,1.0,1.0,0.44912861722924863,1.0,0.0,1.0,0.0,0.0
1053,f50ba88f5b3fedfcd,True,,,,,,,,,,1.0,1.0,1.0,1.0,0.7892304999508167,1.0,0.0,1.0,1.0,0.8091345312346302
1054,2732f280ebb7e46da,True,,,,,,,,,,1.0,0.0,1.0,1.0,0.962115502156543,1.0,1.0,1.0,0.0,0.0
1055,894784294c8d0ed99,True,,,,,,,,,,1.0,1.0,1.0,1.0,0.858468748456319,1.0,1.0,1.0,1.0,0.9557714838925997
1056,ddad060b5ec9428e3,True,,,,,,,,,,1.0,0.0,1.0,1.0,1.0,1.0,0.0,1.0,1.0,0.0
1057,88685892fa01fcedf,True,,,,,,,,,,1.0,0.0,0.5,1.0,0.5750117022516611,1.0,0.0,1.0,0.0,0.0
1058,679e3c52a1d70d447,True,,,,,,,,,,1.0,1.0,0.5,1.0,0.767407634928736,1.0,0.0,0.0,0.0,0.276157442957615
1059,c833d5b0fc76fdd86,True,,,,,,,,,,1.0,1.0,1.0,1.0,0.34536425604591103,1.0,1.0,1.0,1.0,0.7954263300143471
1060,370df15505429bd41,True,,,,,,,,,,1.0,1.0,1.0,1.0,0.6129870139922269,1.0,1.0,1.0,0.0,0.7540584418725709
1061,f8ca67d21e119b990,True,,,,,,,,,,1.0,1.0,1.0,1.0,1.0,1.0,0.0,1.0,1.0,0.875
1062,b8f175630a8fe6f7c,True,,,,,,,,,,1.0,1.0,1.0,1.0,0.46106640754053607,1.0,0.0,1.0,0.0,0.5815832523564175
1063,48bf246ac8952b23d,True,,,,,,,,,,1.0,0.0,0.5,1.0,1.0,1.0,0.0,1.0,0.0,0.0
1064,4f3676dd29cda956d,True,,,,,,,,,,1.0,1.0,1.0,1.0,1.0,1.0,1.0,1.0,1.0,1.0
1065,9bfb6e5100707e5d1,True,,,,,,,,,,1.0,1.0,1.0,1.0,0.8037046519720159,1.0,1.0,1.0,1.0,0.9386577037412549
1066,00bbaca29a3b34595,True,,,,,,,,,,1.0,1.0,1.0,1.0,0.540313496405092,1.0,1.0,1.0,1.0,0.8563479676265913
1067,061cce46c96a0fd2c,True,,,,,,,,,,1.0,1.0,1.0,1.0,0.7549300908519054,1.0,1.0,1.0,1.0,0.9234156533912204
1068,93558974f46d692e7,True,,,,,,,,,,1.0,1.0,1.0,1.0,0.9199914262854387,1.0,1.0,1.0,1.0,0.9749973207141995
1069,ff77cf6e6c1e73c86,True,,,,,,,,,,1.0,1.0,1.0,1.0,0.766936351390674,1.0,0.0,1.0,1.0,0.8021676098095856
1070,df10a0ed732e3b815,True,,,,,,,,,,0.0,1.0,1.0,1.0,1.0,0.0,1.0,1.0,0.0,0.0
1071,917bf16baa9646d6c,True,,,,,,,,,,1.0,1.0,1.0,1.0,0.28870514167269834,1.0,1.0,1.0,0.0,0.6527203567727182
1072,22264d7c1336430c1,True,,,,,,,,,,0.0,1.0,1.0,1.0,1.0,0.0,1.0,1.0,0.0,0.0
1073,8d6032130dcaff306,True,,,,,,,,,,0.0,1.0,0.5,1.0,1.0,0.0,1.0,1.0,0.0,0.0
1074,a389c63fbad3287f2,True,,,,,,,,,,1.0,1.0,1.0,1.0,1.0,1.0,1.0,1.0,1.0,1.0
1075,69983915889fb6856,True,,,,,,,,,,1.0,1.0,1.0,1.0,0.8432121530559936,1.0,0.0,1.0,1.0,0.826003797829998
1076,fe1ca3f5f54761556,True,,,,,,,,,,1.0,0.0,0.0,1.0,1.0,1.0,0.0,1.0,0.0,0.0
1077,a436f596d2ea40baa,True,,,,,,,,,,1.0,1.0,0.0,0.0,1.0,1.0,0.0,1.0,1.0,0.0
1078,bc9e1db1b41d9717b,True,,,,,,,,,,1.0,0.0,0.5,1.0,0.6330110959254096,1.0,1.0,1.0,1.0,0.0
1079,43d8801586cb39007,True,,,,,,,,,,1.0,1.0,1.0,1.0,0.5843914933869615,1.0,0.0,1.0,0.0,0.6201223416834255
1080,ce7eec1214fedafe8,True,,,,,,,,,,0.0,1.0,0.5,1.0,0.6096274629363903,0.0,0.0,1.0,1.0,0.0
1081,b39cc0075afc7d408,True,,,,,,,,,,0.0,1.0,0.5,1.0,1.0,0.0,0.0,1.0,0.0,0.0
1082,ee370f6df7c0912be,True,,,,,,,,,,1.0,1.0,1.0,1.0,1.0,1.0,1.0,1.0,0.0,0.875
1083,8c29c71f168e21bbd,True,,,,,,,,,,0.0,1.0,1.0,1.0,1.0,0.0,1.0,1.0,0.0,0.0
1084,83eedcad4df5c24c6,True,,,,,,,,,,1.0,0.0,0.0,1.0,1.0,1.0,0.0,1.0,0.0,0.0
1085,a2d247bf6cbf13f7c,True,,,,,,,,,,0.0,1.0,1.0,1.0,1.0,0.0,0.0,1.0,0.0,0.0
1086,c398b0b20ab17435c,True,,,,,,,,,,1.0,1.0,1.0,1.0,0.8909860022610289,1.0,0.0,1.0,1.0,0.8409331257065715
1087,a73bc7fee06a21930,True,,,,,,,,,,1.0,0.0,0.0,1.0,1.0,1.0,0.0,1.0,1.0,0.0
1088,97d9f320cc65aac2b,True,,,,,,,,,,1.0,1.0,1.0,1.0,1.0,1.0,0.0,1.0,1.0,0.875
1089,bc9a77699f862350d,True,,,,,,,,,,1.0,0.0,1.0,1.0,0.6331132487897889,1.0,1.0,1.0,0.0,0.0
1090,704a2b5191f2e8c04,True,,,,,,,,,,1.0,1.0,0.5,1.0,1.0,1.0,0.0,1.0,1.0,0.4375
1091,8d28f9f70a6b86ce7,True,,,,,,,,,,1.0,0.0,1.0,1.0,1.0,1.0,0.0,1.0,0.0,0.0
1092,d7a37061fcfc5dfd1,True,,,,,,,,,,1.0,1.0,1.0,1.0,1.0,1.0,1.0,1.0,0.0,0.875
1093,2f5db903282a4e143,True,,,,,,,,,,1.0,0.0,1.0,1.0,0.28448535343701414,1.0,0.0,1.0,0.0,0.0
1094,7928a371230bc1be6,True,,,,,,,,,,0.0,1.0,1.0,1.0,1.0,0.0,1.0,1.0,1.0,0.0
1095,aaf7a6f6d13220a76,True,,,,,,,,,,1.0,0.0,0.0,1.0,0.6327593295674905,1.0,0.0,1.0,1.0,0.0
1096,da2e81331b0e59b3e,True,,,,,,,,,,1.0,1.0,1.0,1.0,1.0,1.0,0.0,1.0,1.0,0.875
1097,9fd492f6ce88318ef,True,,,,,,,,,,1.0,1.0,1.0,1.0,0.8629974947320436,1.0,1.0,1.0,0.0,0.8321867171037636
1098,a3ebde725e612b5f3,True,,,,,,,,,,1.0,0.0,1.0,1.0,0.7694938221242555,1.0,1.0,1.0,1.0,0.0
1099,37501de016a2976a7,True,,,,,,,,,,1.0,1.0,1.0,1.0,0.8857549889614581,1.0,1.0,1.0,1.0,0.9642984340504557
1100,15342621fd40bb637,True,,,,,,,,,,1.0,1.0,0.5,1.0,0.9673901405537889,1.0,0.0,1.0,1.0,0.43240470946152954
1101,0fc649902e2af4e9e,True,,,,,,,,,,1.0,1.0,1.0,1.0,0.9192481198806483,1.0,1.0,1.0,0.0,0.8497650374627026
1102,5eeb6bb55001c1fc4,True,,,,,,,,,,1.0,0.0,1.0,1.0,0.6418748879510229,1.0,1.0,1.0,1.0,0.0
1103,b87411a579f9d7c9e,True,,,,,,,,,,1.0,1.0,0.5,1.0,0.6949217667247622,1.0,1.0,1.0,1.0,0.4523315260507441
1104,ad104e5c73f603ad8,True,,,,,,,,,,1.0,1.0,1.0,1.0,0.6753294273426851,1.0,1.0,1.0,0.0,0.7735404460445892
1105,8b9e74d5a89159431,True,,,,,,,,,,1.0,0.0,0.0,1.0,1.0,1.0,0.0,1.0,1.0,0.0
1106,c35bfd24684ea8d55,True,,,,,,,,,,1.0,1.0,1.0,1.0,0.7948321663282808,0.0,0.0,1.0,1.0,0.49838505197758776
1107,3eb821b7811f5890d,True,,,,,,,,,,1.0,1.0,1.0,1.0,0.7085733220400999,1.0,1.0,1.0,1.0,0.9089291631375312
1108,67ac6348f814bfca1,True,,,,,,,,,,0.0,1.0,1.0,1.0,1.0,0.0,1.0,1.0,0.0,0.0
1109,d3a043b81ea9596cd,True,,,,,,,,,,1.0,1.0,1.0,1.0,1.0,1.0,0.0,1.0,1.0,0.875
1110,f5ac498d3e649455a,True,,,,,,,,,,1.0,1.0,0.5,1.0,1.0,1.0,0.0,1.0,1.0,0.4375
1111,9574cf693ee2e6774,True,,,,,,,,,,1.0,1.0,1.0,1.0,0.5700940577130497,1.0,0.0,1.0,1.0,0.740654393035328
1112,47799590d39799760,True,,,,,,,,,,1.0,0.0,1.0,1.0,1.0,1.0,1.0,1.0,1.0,0.0
1113,473600f4c7f5be5c9,True,,,,,,,,,,1.0,1.0,1.0,1.0,0.8426749781326973,1.0,0.0,1.0,1.0,0.825835930666468
1114,21473775434910bbe,True,,,,,,,,,,1.0,1.0,0.5,1.0,1.0,1.0,0.0,1.0,1.0,0.4375
1115,7dd7378a3a19d8a0e,True,,,,,,,,,,1.0,1.0,1.0,1.0,0.8070980023074732,1.0,0.0,1.0,1.0,0.8147181257210854
1116,534a1ef23eb35451c,True,,,,,,,,,,1.0,1.0,0.5,1.0,1.0,1.0,0.0,0.0,0.0,0.3125
1117,b02622c8d05a2a7ab,True,,,,,,,,,,0.0,1.0,1.0,1.0,1.0,0.0,0.0,1.0,1.0,0.0
1118,a075eb4cf05c9e8a0,True,,,,,,,,,,1.0,0.0,1.0,1.0,1.0,1.0,0.0,1.0,1.0,0.0
1119,1212d2f99f183cece,True,,,,,,,,,,1.0,1.0,1.0,1.0,0.7881150033814545,1.0,0.0,1.0,1.0,0.8087859385567046
1120,df6bd29b481fbd72d,True,,,,,,,,,,1.0,1.0,1.0,1.0,0.8065015170557975,1.0,1.0,1.0,1.0,0.9395317240799368
1121,c4630acafb54056da,True,,,,,,,,,,1.0,1.0,0.0,1.0,0.6555067243583315,1.0,0.0,1.0,1.0,0.0
1122,31368b2b5cafa42dc,True,,,,,,,,,,1.0,1.0,1.0,1.0,0.6675317806289583,1.0,1.0,1.0,0.0,0.7711036814465495
1123,3e180f4a19fe95fc4,True,,,,,,,,,,1.0,1.0,1.0,1.0,0.9680223532432933,1.0,0.0,1.0,0.0,0.7400069853885292
1124,1a2a9699acac9d639,True,,,,,,,,,,1.0,1.0,1.0,1.0,0.7372102524787023,0.0,0.0,1.0,1.0,0.48037820389959446
1125,d27053118101aa310,True,,,,,,,,,,1.0,1.0,1.0,1.0,1.0,1.0,0.0,1.0,0.0,0.75
1126,3cd41195f5d27a4f7,True,,,,,,,,,,1.0,1.0,1.0,1.0,0.666458335367266,1.0,1.0,1.0,1.0,0.8957682298022707
1127,23ab167e45e62295f,True,,,,,,,,,,1.0,0.0,1.0,1.0,1.0,1.0,1.0,1.0,0.0,0.0
1128,72decd6302c88fdf2,True,,,,,,,,,,1.0,0.0,0.0,1.0,1.0,0.0,0.0,1.0,0.0,0.0
1129,ac657cb166434db62,True,,,,,,,,,,1.0,1.0,1.0,1.0,1.0,1.0,1.0,1.0,1.0,1.0
1130,c429ee2fbcaf012bc,True,,,,,,,,,,1.0,1.0,1.0,1.0,0.6770401454611569,1.0,1.0,1.0,1.0,0.8990750454566115
1131,9bbf0a9e8d47e6d77,True,,,,,,,,,,1.0,1.0,0.0,1.0,1.0,1.0,0.0,1.0,0.0,0.0
1132,4743e61ca1af03cd7,True,,,,,,,,,,1.0,1.0,1.0,1.0,0.8191326290915373,1.0,1.0,1.0,1.0,0.9434789465911054
1133,4aa85cd3f686e016d,True,,,,,,,,,,1.0,1.0,1.0,1.0,0.5438475650829853,1.0,1.0,1.0,0.0,0.7324523640884328
1134,60d2e82730e16c5a0,True,,,,,,,,,,1.0,0.0,0.0,1.0,1.0,1.0,0.0,1.0,1.0,0.0
1135,4619287f3174b7b19,True,,,,,,,,,,0.0,1.0,1.0,1.0,1.0,0.0,1.0,1.0,0.0,0.0
1136,41efa8e340c6ec6b0,True,,,,,,,,,,1.0,0.0,1.0,1.0,1.0,1.0,1.0,1.0,0.0,0.0
1137,d8c1cf6f6a65ad21d,True,,,,,,,,,,1.0,0.0,0.5,1.0,1.0,1.0,0.0,1.0,0.0,0.0
1138,d8126a7e3ab8882d8,True,,,,,,,,,,1.0,1.0,1.0,1.0,0.5923342843138129,1.0,1.0,1.0,1.0,0.8726044638480666
1139,c09eaf80eb8a24e39,True,,,,,,,,,,1.0,1.0,1.0,1.0,0.7788053630197648,1.0,1.0,1.0,1.0,0.9308766759436765
1140,b1aefb166ba160b03,True,,,,,,,,,,1.0,1.0,1.0,1.0,0.8111804877261205,1.0,0.0,1.0,1.0,0.8159939024144127
1141,aae1bf6255a96ecbe,True,,,,,,,,,,1.0,1.0,1.0,1.0,1.0,1.0,1.0,1.0,0.0,0.875
1142,069407bff74cbde70,True,,,,,,,,,,1.0,0.0,1.0,1.0,0.822358518855353,1.0,1.0,1.0,1.0,0.0
1143,161046c98f6b78205,True,,,,,,,,,,1.0,1.0,0.5,1.0,1.0,1.0,0.0,1.0,1.0,0.4375
1144,62bb22ff90b4ff60a,True,,,,,,,,,,1.0,1.0,1.0,1.0,0.470135814861068,1.0,1.0,1.0,1.0,0.8344174421440838
1145,04fdae6a66181ea6f,True,,,,,,,,,,1.0,0.0,1.0,1.0,1.0,1.0,0.0,1.0,1.0,0.0
1146,e5e0959cfd16213ca,True,,,,,,,,,,0.0,0.0,1.0,1.0,1.0,0.0,0.0,1.0,0.0,0.0
1147,1be8c9376ad3e1e99,True,,,,,,,,,,1.0,0.0,1.0,1.0,1.0,1.0,0.0,1.0,1.0,0.0
1148,c69efd29d5a9049e3,True,,,,,,,,,,0.5,0.0,1.0,1.0,1.0,0.0,1.0,1.0,1.0,0.0
1149,6a62285a9933482cb,True,,,,,,,,,,1.0,1.0,0.0,1.0,1.0,1.0,0.0,1.0,1.0,0.0
1150,43eb9502a0d70fcea,True,,,,,,,,,,1.0,0.0,1.0,1.0,0.6432551180620338,0.0,1.0,1.0,0.0,0.0
1151,042bf7d6a0f98a104,True,,,,,,,,,,1.0,1.0,0.5,1.0,1.0,1.0,0.0,1.0,0.0,0.375
1152,45d88e7f92a4a9e74,True,,,,,,,,,,1.0,1.0,1.0,1.0,1.0,1.0,1.0,1.0,0.0,0.875
1153,5fe4444b0088c0e14,True,,,,,,,,,,1.0,1.0,1.0,1.0,0.8096362851626677,1.0,1.0,1.0,1.0,0.9405113391133337
1154,a84f9dde85427d73a,True,,,,,,,,,,1.0,1.0,1.0,1.0,1.0,1.0,1.0,1.0,1.0,1.0
1155,064dc83e13c6841b5,True,,,,,,,,,,1.0,1.0,0.0,1.0,0.7949971057509678,1.0,0.0,1.0,1.0,0.0
1156,f7741428b4719155a,True,,,,,,,,,,1.0,1.0,0.0,1.0,0.7101952840216091,1.0,0.0,1.0,1.0,0.0
1157,09fa01cf920102b53,True,,,,,,,,,,1.0,1.0,1.0,1.0,0.8354443836985055,1.0,1.0,1.0,1.0,0.948576369905783
1158,8783df49ca89f8dd7,True,,,,,,,,,,1.0,0.0,0.5,1.0,1.0,1.0,0.0,1.0,0.0,0.0
1159,db8ce7c16bd7a04ef,True,,,,,,,,,,1.0,1.0,1.0,1.0,0.8371289877224686,1.0,1.0,1.0,1.0,0.9491028086632715
1160,b8a844b02dc16c393,True,,,,,,,,,,1.0,1.0,1.0,1.0,0.6315500571074617,1.0,1.0,1.0,0.0,0.7598593928460817
1161,1e843d54340d01971,True,,,,,,,,,,0.5,1.0,1.0,1.0,1.0,0.0,1.0,1.0,0.0,0.28125
1162,ee668b68ca31e7f56,True,,,,,,,,,,1.0,1.0,0.0,1.0,1.0,1.0,0.0,1.0,1.0,0.0
1163,5bfc22f5524f10a47,True,,,,,,,,,,1.0,1.0,0.5,1.0,1.0,1.0,0.0,1.0,1.0,0.4375
1164,6df6f08cd7de3b69e,True,,,,,,,,,,1.0,1.0,1.0,1.0,0.44823147093235755,1.0,1.0,1.0,0.0,0.7025723346663617
1165,cf516d2c4d97e69a8,True,,,,,,,,,,1.0,0.0,1.0,1.0,1.0,1.0,1.0,1.0,0.0,0.0
1166,de1d1d3fbf4860a8c,True,,,,,,,,,,0.0,1.0,0.0,1.0,1.0,0.0,0.0,1.0,1.0,0.0
1167,44873a7eb00654595,True,,,,,,,,,,1.0,0.0,1.0,1.0,0.7126957124604687,1.0,0.0,1.0,1.0,0.0
1168,3efd4f33e21321aca,True,,,,,,,,,,1.0,1.0,1.0,1.0,0.751633808160171,1.0,1.0,1.0,0.0,0.7973855650500534
1169,5cd39ab6536d551b7,True,,,,,,,,,,0.0,1.0,1.0,1.0,1.0,0.0,1.0,1.0,1.0,0.0
1170,227d0fa0ac82a6985,True,,,,,,,,,,1.0,0.0,0.0,1.0,0.8253831378766651,1.0,0.0,1.0,0.0,0.0
1171,dad71058266c1b1e8,True,,,,,,,,,,1.0,1.0,1.0,1.0,0.8881555097021031,1.0,1.0,1.0,0.0,0.8400485967819072
1172,36f3fac010047f5a8,True,,,,,,,,,,1.0,0.0,1.0,1.0,1.0,1.0,0.0,1.0,0.0,0.0
1173,7eaedaf0e0d844712,True,,,,,,,,,,1.0,1.0,1.0,1.0,0.6405089883283656,1.0,1.0,1.0,1.0,0.8876590588526142
1174,89628b64c8a329c07,True,,,,,,,,,,1.0,1.0,0.0,1.0,1.0,1.0,0.0,1.0,1.0,0.0
1175,46b622275a28d1d2d,True,,,,,,,,,,0.0,0.0,1.0,1.0,1.0,0.0,0.0,1.0,1.0,0.0
1176,766195ae1ef2dac03,True,,,,,,,,,,1.0,0.0,1.0,1.0,0.7094457587292988,1.0,1.0,1.0,1.0,0.0
1177,c7f0d1c6de80f0c15,True,,,,,,,,,,1.0,1.0,1.0,1.0,0.5822059281697262,1.0,1.0,1.0,0.0,0.7444393525530394
1178,bc012430feac631cb,True,,,,,,,,,,1.0,1.0,1.0,1.0,0.7756654723959703,1.0,1.0,1.0,1.0,0.9298954601237407
1179,de42e07d2e34faed5,True,,,,,,,,,,1.0,1.0,1.0,1.0,0.7036598124099943,1.0,0.0,1.0,0.0,0.6573936913781232
1180,efd390e03153a7806,True,,,,,,,,,,1.0,1.0,1.0,1.0,0.8265085321082193,1.0,1.0,1.0,1.0,0.9457839162838185
1181,28129e06d328f708d,True,,,,,,,,,,1.0,1.0,1.0,1.0,0.7405474466727496,1.0,1.0,0.0,1.0,0.7939210770852343
1182,fe53e5ab658a57258,True,,,,,,,,,,1.0,1.0,0.0,1.0,0.951472793586022,1.0,0.0,1.0,0.0,0.0
1183,e07233c9901810349,True,,,,,,,,,,1.0,1.0,1.0,1.0,0.8699689724033502,1.0,0.0,1.0,1.0,0.834365303876047
1184,e2d10c9ccbbc61bce,True,,,,,,,,,,1.0,1.0,1.0,1.0,0.17116911340530647,1.0,1.0,1.0,0.0,0.6159903479391583
1185,12f4928a69547a0bf,True,,,,,,,,,,1.0,0.0,1.0,1.0,0.9539393646817762,1.0,1.0,1.0,1.0,0.0
1186,9d9f3b3f6578c5375,True,,,,,,,,,,1.0,1.0,1.0,1.0,1.0,1.0,0.0,1.0,0.0,0.75
1187,1045550ffaa740987,True,,,,,,,,,,0.0,1.0,0.5,1.0,0.8811854339309632,0.0,1.0,1.0,1.0,0.0
1188,835ff0096d7b5ba4f,True,,,,,,,,,,1.0,1.0,1.0,1.0,0.8400347335107571,1.0,1.0,1.0,0.0,0.8250108542221115
1189,99f4cdc8eeabc0426,True,,,,,,,,,,1.0,0.0,0.0,1.0,1.0,1.0,0.0,1.0,0.0,0.0
1190,c64e0d6194293f51e,True,,,,,,,,,,1.0,1.0,1.0,1.0,0.5367641589609176,0.0,0.0,1.0,1.0,0.4177387996752867
1191,3f9875514c117cb50,True,,,,,,,,,,1.0,1.0,1.0,1.0,0.8129061456873592,1.0,1.0,1.0,1.0,0.9415331705272998
1192,87b0f0681dc28e308,True,,,,,,,,,,0.5,1.0,1.0,1.0,1.0,0.0,1.0,1.0,0.0,0.28125
1193,377968d648e50daf0,True,,,,,,,,,,0.0,1.0,1.0,0.0,1.0,0.0,0.0,1.0,0.0,0.0
1194,e1d71fd16cbfaade9,True,,,,,,,,,,1.0,0.0,1.0,1.0,0.5370263601364016,1.0,1.0,1.0,1.0,0.0
1195,9d5c879308ff1f5b5,True,,,,,,,,,,1.0,1.0,1.0,1.0,0.8294257445109182,1.0,0.0,1.0,1.0,0.8216955451596619
1196,83dc61b75efe5e09e,True,,,,,,,,,,1.0,1.0,1.0,1.0,1.0,1.0,1.0,1.0,0.0,0.875
1197,67aafbe3b9430e738,True,,,,,,,,,,0.0,0.0,1.0,1.0,1.0,0.0,0.0,1.0,1.0,0.0
1198,4b0f639cbf3aaa353,True,,,,,,,,,,1.0,1.0,1.0,1.0,1.0,1.0,0.0,1.0,1.0,0.875
1199,6c3a8a0290c8e05e9,True,,,,,,,,,,0.0,1.0,1.0,1.0,1.0,0.0,1.0,1.0,1.0,0.0
1200,2fb382cc58b2e089f,True,,,,,,,,,,1.0,1.0,1.0,1.0,1.0,1.0,0.0,1.0,0.0,0.75
1201,8b44ee25391ad8a73,True,,,,,,,,,,1.0,1.0,1.0,1.0,1.0,1.0,1.0,1.0,0.0,0.875
1202,63f0437b508ffc626,True,,,,,,,,,,0.0,1.0,1.0,1.0,1.0,0.0,1.0,1.0,0.0,0.0
1203,0ea9174f9cfe31c0d,True,,,,,,,,,,1.0,1.0,1.0,1.0,0.6344705674160452,1.0,1.0,1.0,1.0,0.8857720523175141
1204,e1275cf277c0a36c1,True,,,,,,,,,,1.0,1.0,0.0,1.0,0.7831917685678903,1.0,0.0,1.0,1.0,0.0
1205,4366160abaeabb363,True,,,,,,,,,,1.0,1.0,1.0,1.0,0.8460697487328731,1.0,1.0,1.0,0.0,0.8268967964790228
1206,f54aae942b797da5a,True,,,,,,,,,,1.0,1.0,1.0,1.0,0.8658816692160238,1.0,0.0,1.0,1.0,0.8330880216300074
1207,5a4fe1d15e2ccbce1,True,,,,,,,,,,1.0,1.0,1.0,1.0,0.4964395570169489,1.0,1.0,1.0,1.0,0.8426373615677966
1208,145a730c9e1e596f5,True,,,,,,,,,,1.0,0.0,1.0,1.0,1.0,1.0,1.0,1.0,1.0,0.0
1209,92dbe7647ced9cbf0,True,,,,,,,,,,1.0,0.0,0.0,1.0,1.0,1.0,0.0,1.0,0.0,0.0
1210,4c03648ccf3301fe7,True,,,,,,,,,,0.0,0.0,1.0,1.0,1.0,0.0,0.0,1.0,1.0,0.0
1211,0d70fefa06711301c,True,,,,,,,,,,1.0,0.0,1.0,1.0,0.6669240735468205,1.0,1.0,1.0,1.0,0.0
1212,b853d466840f4db1b,True,,,,,,,,,,1.0,0.0,0.5,1.0,1.0,1.0,0.0,1.0,1.0,0.0
1213,41423d9768746a40d,True,,,,,,,,,,1.0,1.0,1.0,1.0,0.8311773572951943,1.0,1.0,0.0,0.0,0.6972429241547482
1214,b6f6daabfac4fa910,True,,,,,,,,,,0.0,1.0,1.0,1.0,1.0,0.0,1.0,1.0,0.0,0.0
1215,4ce31f5e37ac47b5f,True,,,,,,,,,,1.0,1.0,1.0,1.0,0.8306015079958909,1.0,1.0,1.0,0.0,0.822062971248716
1216,e9a805fef6295d90c,True,,,,,,,,,,1.0,0.0,0.5,1.0,1.0,1.0,0.0,1.0,0.0,0.0
1217,ff15360ae71790eb6,True,,,,,,,,,,1.0,1.0,0.5,1.0,1.0,1.0,0.0,1.0,0.0,0.375
1218,246d3c9b39fae2ec7,True,,,,,,,,,,1.0,1.0,1.0,1.0,0.9424058506712555,1.0,1.0,1.0,0.0,0.8570018283347673
1219,2048a65fec13c23d5,True,,,,,,,,,,1.0,1.0,1.0,1.0,0.7820501683620704,1.0,1.0,1.0,1.0,0.931890677613147
1220,c25117617d76189c0,True,,,,,,,,,,1.0,0.0,1.0,1.0,1.0,1.0,1.0,1.0,0.0,0.0
1221,28d54bc8604f16c63,True,,,,,,,,,,1.0,1.0,1.0,1.0,1.0,1.0,0.0,1.0,0.0,0.75
1222,1484a0a00421bfda6,True,,,,,,,,,,1.0,0.0,1.0,1.0,0.7932233597671839,1.0,1.0,1.0,1.0,0.0
1223,7427abf44bb60ffa4,True,,,,,,,,,,0.0,0.0,0.5,1.0,0.7921897682357032,0.0,0.0,1.0,0.0,0.0
1224,77bdbbf59381ce4d3,True,,,,,,,,,,0.0,1.0,1.0,1.0,0.9247862568353455,0.0,0.0,1.0,1.0,0.0
1225,bc14063bcfe64e058,True,,,,,,,,,,0.0,1.0,1.0,1.0,1.0,0.0,1.0,1.0,0.0,0.0
1226,10e8a0c218db15652,True,,,,,,,,,,1.0,1.0,1.0,1.0,1.0,1.0,0.0,1.0,0.0,0.75
1227,98908f760ae1f8648,True,,,,,,,,,,0.0,1.0,1.0,1.0,0.9025730486880518,0.0,0.0,1.0,1.0,0.0
1228,0cbcae8358528cd55,True,,,,,,,,,,1.0,1.0,1.0,1.0,1.0,1.0,0.0,1.0,0.0,0.75
1229,3d8d728e149979ead,True,,,,,,,,,,1.0,1.0,1.0,1.0,0.4944156591283513,1.0,0.0,1.0,0.0,0.5920048934776098
1230,2bf1c7fc03ffaa988,True,,,,,,,,,,1.0,1.0,1.0,1.0,0.768532690223937,1.0,0.0,1.0,1.0,0.8026664656949803
1231,32f1711fd411244b6,True,,,,,,,,,,1.0,0.0,1.0,1.0,1.0,1.0,0.0,1.0,1.0,0.0
1232,2a839dc18e91bbd40,True,,,,,,,,,,1.0,1.0,0.0,1.0,0.826117667638633,0.0,0.0,1.0,1.0,0.0
1233,cc082d08854f64656,True,,,,,,,,,,0.0,1.0,0.5,1.0,1.0,0.0,0.0,1.0,1.0,0.0
1234,e4a4cf72a6a92f620,True,,,,,,,,,,1.0,1.0,1.0,1.0,1.0,1.0,0.0,0.0,0.0,0.625
1235,b378fbb6e27946979,True,,,,,,,,,,1.0,1.0,0.0,1.0,1.0,1.0,0.0,1.0,1.0,0.0
1236,a7c33da176ab8f433,True,,,,,,,,,,1.0,0.0,1.0,1.0,1.0,1.0,0.0,0.0,0.0,0.0
1237,60b75083635860a0a,True,,,,,,,,,,1.0,0.0,0.0,1.0,1.0,1.0,1.0,1.0,0.0,0.0
1238,ca4b53e32b7f4aedf,True,,,,,,,,,,1.0,1.0,1.0,1.0,0.6001939866889138,1.0,0.0,1.0,0.0,0.6250606208402856
1239,88d72263f1af2d277,True,,,,,,,,,,1.0,0.0,0.5,1.0,1.0,1.0,1.0,1.0,0.0,0.0
1240,ea22bac93bab13f69,True,,,,,,,,,,1.0,1.0,0.0,1.0,0.7909336688679818,1.0,0.0,1.0,0.0,0.0
1241,9a546e8b85e191da8,True,,,,,,,,,,1.0,1.0,1.0,1.0,1.0,1.0,1.0,1.0,1.0,1.0
1242,6fae01aed04d6fd01,True,,,,,,,,,,0.0,1.0,0.0,1.0,1.0,0.0,0.0,1.0,0.0,0.0
1243,f5fd2bdb809b789db,True,,,,,,,,,,1.0,0.0,0.0,1.0,1.0,1.0,0.0,1.0,1.0,0.0
1244,4355523e202befd73,True,,,,,,,,,,1.0,1.0,1.0,1.0,0.8082158697765648,1.0,1.0,1.0,1.0,0.9400674593051765
1245,71313a0d415f3ff89,True,,,,,,,,,,1.0,1.0,1.0,1.0,0.9891259559621273,1.0,1.0,1.0,1.0,0.9966018612381647
1246,0ea26c79c5e97b269,True,,,,,,,,,,1.0,1.0,1.0,1.0,0.8009005135885879,1.0,0.0,1.0,1.0,0.8127814104964337
1247,7e3a87b525a6b7c28,True,,,,,,,,,,1.0,1.0,1.0,1.0,0.6038427598502412,1.0,1.0,1.0,0.0,0.7512008624532004
1248,67db9f3e12bbe8868,True,,,,,,,,,,0.0,1.0,1.0,1.0,1.0,0.0,1.0,1.0,1.0,0.0
1249,6d9912bf7efcd9fa0,True,,,,,,,,,,1.0,1.0,1.0,1.0,0.3218568819140063,1.0,1.0,1.0,1.0,0.788080275598127
1250,8d911e0483906d5f9,True,,,,,,,,,,1.0,1.0,1.0,1.0,1.0,1.0,1.0,1.0,0.0,0.875
1251,04d4f1277557232ce,True,,,,,,,,,,1.0,0.0,0.5,1.0,1.0,1.0,0.0,1.0,0.0,0.0
1252,27b7e5ec4bfe00f85,True,,,,,,,,,,1.0,0.0,1.0,1.0,1.0,1.0,1.0,1.0,1.0,0.0
1253,d0d8a6da053f9740c,True,,,,,,,,,,1.0,1.0,1.0,1.0,0.8205963304996747,1.0,1.0,1.0,1.0,0.9439363532811483
1254,5bfde4f04f6f9257a,True,,,,,,,,,,1.0,1.0,0.0,1.0,0.9262663939632214,1.0,0.0,1.0,1.0,0.0
1255,f216b9731d3c1f375,True,,,,,,,,,,1.0,0.0,0.0,1.0,1.0,1.0,0.0,0.0,0.0,0.0
1256,807ac1c906c9cfc44,True,,,,,,,,,,1.0,1.0,1.0,1.0,0.6701103376655088,1.0,1.0,1.0,1.0,0.8969094805204715
1257,053755e0b8f0dd052,True,,,,,,,,,,1.0,1.0,1.0,1.0,1.0,0.0,0.0,1.0,1.0,0.5625
1258,ed81a447f9a55d06c,True,,,,,,,,,,1.0,1.0,1.0,1.0,1.0,1.0,1.0,1.0,1.0,1.0
1259,90074b411c5d7d55b,True,,,,,,,,,,1.0,1.0,0.5,1.0,0.4881937057932993,1.0,1.0,1.0,0.0,0.35753026653020303
1260,1a52c544d3cfaba4b,True,,,,,,,,,,1.0,1.0,1.0,1.0,0.86987959125434,1.0,0.0,1.0,1.0,0.8343373722669812
1261,0a1cec4bdc1f7ba66,True,,,,,,,,,,1.0,1.0,0.0,1.0,0.9050525540266317,1.0,0.0,1.0,0.0,0.0
1262,ef43f59a6f819d9a6,True,,,,,,,,,,1.0,1.0,1.0,1.0,0.48134300486860265,1.0,1.0,1.0,1.0,0.8379196890214383
1263,81dcc1a7db52cf064,True,,,,,,,,,,1.0,1.0,1.0,1.0,0.016515367482226602,1.0,0.0,1.0,1.0,0.5676610523381957
1264,6eed4a0dccbd058f7,True,,,,,,,,,,1.0,0.0,1.0,1.0,0.8479272205562713,1.0,0.0,1.0,0.0,0.0
1265,5c24c6bed91b159e3,True,,,,,,,,,,1.0,1.0,1.0,1.0,1.0,1.0,0.0,1.0,1.0,0.875
1266,556d1d92f66a8344d,True,,,,,,,,,,1.0,1.0,1.0,1.0,1.0,1.0,0.0,1.0,1.0,0.875
1267,fe3306915ae1e2328,True,,,,,,,,,,1.0,1.0,1.0,1.0,0.7545983895811686,1.0,0.0,1.0,0.0,0.6733119967441152
1268,dab873d7c23152d34,True,,,,,,,,,,1.0,1.0,1.0,1.0,0.8434259859914163,1.0,0.0,1.0,1.0,0.8260706206223176
1269,cdec99ac469508647,True,,,,,,,,,,1.0,0.0,1.0,1.0,0.773999445477259,1.0,1.0,1.0,1.0,0.0
1270,0ba7e570a3d546654,True,,,,,,,,,,1.0,1.0,1.0,1.0,0.8298045343290018,1.0,0.0,1.0,1.0,0.8218139169778131
1271,f67fdc6f83d2e8656,True,,,,,,,,,,1.0,1.0,0.5,1.0,1.0,1.0,0.0,1.0,0.0,0.375
1272,90560af9aba9040f6,True,,,,,,,,,,1.0,1.0,1.0,1.0,1.0,1.0,0.0,1.0,0.0,0.75
1273,4578349a623642d00,True,,,,,,,,,,1.0,1.0,1.0,1.0,1.0,1.0,1.0,1.0,0.0,0.875
1274,45cc427b1c222f829,True,,,,,,,,,,0.0,0.0,0.5,1.0,1.0,0.0,0.0,1.0,0.0,0.0
1275,a3159a9839e251bcb,True,,,,,,,,,,1.0,1.0,1.0,1.0,0.7801131359016042,1.0,0.0,1.0,0.0,0.6812853549692514
1276,cd454286dc0a75391,True,,,,,,,,,,1.0,1.0,1.0,0.0,1.0,1.0,1.0,1.0,0.0,0.0
1277,e30153992e5712828,True,,,,,,,,,,1.0,1.0,1.0,1.0,0.6191934781705285,1.0,1.0,1.0,0.0,0.7559979619282902
1278,c3a31672b53c086c7,True,,,,,,,,,,1.0,1.0,1.0,1.0,1.0,1.0,0.0,1.0,0.0,0.75
1279,ba3f20b19ddb93cb1,True,,,,,,,,,,0.0,1.0,0.0,1.0,1.0,0.0,1.0,1.0,0.0,0.0
1280,e3e11c324948199da,True,,,,,,,,,,1.0,1.0,1.0,1.0,1.0,1.0,1.0,1.0,0.0,0.875
1281,6a45a8aa53220a0e3,True,,,,,,,,,,1.0,0.0,1.0,1.0,0.7245931353375277,1.0,1.0,1.0,0.0,0.0
1282,8a2f9fc5fa33f4001,True,,,,,,,,,,1.0,0.0,0.5,1.0,1.0,1.0,0.0,1.0,0.0,0.0
1283,a0ab616e5270b617a,True,,,,,,,,,,1.0,1.0,1.0,1.0,0.7745378430597035,1.0,0.0,1.0,1.0,0.8045430759561574
1284,0952835e9ba422028,True,,,,,,,,,,1.0,0.0,1.0,1.0,0.564454005184608,1.0,1.0,1.0,0.0,0.0
1285,ec4a1a5062f088a0f,True,,,,,,,,,,0.0,0.0,1.0,1.0,1.0,0.0,1.0,1.0,0.0,0.0
1286,583b2af0de861778c,True,,,,,,,,,,1.0,0.0,0.5,1.0,1.0,1.0,0.0,1.0,1.0,0.0
1287,7d4dd35efebf5aa8f,True,,,,,,,,,,1.0,1.0,1.0,1.0,1.0,1.0,0.0,1.0,0.0,0.75
1288,4bec08cedd964d496,True,,,,,,,,,,1.0,0.0,1.0,1.0,1.0,1.0,1.0,1.0,0.0,0.0
1289,9afa1551ea25fbb00,True,,,,,,,,,,1.0,1.0,1.0,1.0,1.0,1.0,0.0,1.0,1.0,0.875
1290,c51bc3907e1c3fbac,True,,,,,,,,,,1.0,1.0,1.0,1.0,0.67561917027746,1.0,1.0,1.0,0.0,0.7736309907117063
1291,c4c07e77aa29efd40,True,,,,,,,,,,1.0,1.0,1.0,1.0,1.0,0.0,1.0,1.0,0.0,0.5625
1292,5bd3f77bfdb480b75,True,,,,,,,,,,1.0,1.0,1.0,1.0,1.0,1.0,1.0,1.0,0.0,0.875
1293,fdc9de263e1f28cd8,True,,,,,,,,,,0.0,1.0,1.0,1.0,1.0,0.0,1.0,1.0,0.0,0.0
1294,964210c085079b61a,True,,,,,,,,,,1.0,1.0,1.0,1.0,1.0,1.0,0.0,1.0,0.0,0.75
1295,eaccd2408219e6f5e,True,,,,,,,,,,1.0,1.0,1.0,1.0,0.7797233589806365,1.0,0.0,1.0,1.0,0.8061635496814489
1296,779362891364950a1,True,,,,,,,,,,1.0,1.0,1.0,1.0,0.7690139149315863,1.0,1.0,1.0,1.0,0.9278168484161207
1297,e4dcc4b775028c0f4,True,,,,,,,,,,1.0,0.0,1.0,1.0,0.7034341837283122,1.0,1.0,1.0,1.0,0.0
1298,b6611f13150a67e76,True,,,,,,,,,,0.0,1.0,1.0,1.0,1.0,0.0,1.0,1.0,1.0,0.0
1299,daff4b299dac7a03f,True,,,,,,,,,,1.0,1.0,1.0,1.0,1.0,1.0,1.0,1.0,1.0,1.0
1300,1048c5ca4a09af32d,True,,,,,,,,,,1.0,1.0,1.0,1.0,1.0,1.0,0.0,1.0,1.0,0.875
1301,4011046e283cb0a28,True,,,,,,,,,,1.0,1.0,1.0,1.0,0.9026836436188312,1.0,1.0,1.0,0.0,0.8445886386308847
1302,a14ccfc8d2eea6574,True,,,,,,,,,,1.0,1.0,1.0,1.0,0.46121422592754513,1.0,1.0,1.0,1.0,0.8316294456023579
1303,ae09f26f3f98c0e0e,True,,,,,,,,,,1.0,0.0,0.0,1.0,0.9544864481605109,1.0,1.0,1.0,1.0,0.0
1304,0f675cf0cf0417413,True,,,,,,,,,,0.0,0.0,1.0,1.0,1.0,0.0,0.0,1.0,0.0,0.0
1305,8fa659be9812d12ac,True,,,,,,,,,,1.0,1.0,1.0,1.0,1.0,1.0,1.0,1.0,1.0,1.0
1306,368fa1aeac7542731,True,,,,,,,,,,0.5,0.0,0.5,1.0,1.0,0.0,0.0,1.0,0.0,0.0
1307,2526f4007f6477420,True,,,,,,,,,,1.0,1.0,1.0,1.0,0.8437363090754838,1.0,1.0,1.0,1.0,0.9511675965860886
1308,386d0b1a688b012fa,True,,,,,,,,,,1.0,1.0,0.0,1.0,0.8657233150623254,1.0,0.0,1.0,1.0,0.0
1309,bf56b1e490af51e25,True,,,,,,,,,,0.0,0.0,1.0,1.0,0.7958189208323264,0.0,1.0,1.0,0.0,0.0
1310,2f7f9ce16e4034224,True,,,,,,,,,,1.0,0.0,1.0,1.0,1.0,1.0,0.0,1.0,0.0,0.0
1311,2fde3a5e36412e1a9,True,,,,,,,,,,1.0,0.0,1.0,1.0,1.0,1.0,1.0,1.0,1.0,0.0
1312,51468624f84655cc2,True,,,,,,,,,,1.0,0.0,1.0,1.0,0.8849933559861949,1.0,1.0,1.0,0.0,0.0
1313,972be27c6916c8ef1,True,,,,,,,,,,0.0,1.0,1.0,1.0,1.0,0.0,1.0,1.0,0.0,0.0
1314,6b7399dbbb307ddfb,True,,,,,,,,,,1.0,0.0,1.0,1.0,0.29054961990019196,1.0,1.0,1.0,0.0,0.0
1315,b840603cdbc809965,True,,,,,,,,,,1.0,0.0,0.0,1.0,1.0,1.0,0.0,1.0,1.0,0.0
1316,bd7729f8ddc18f827,True,,,,,,,,,,1.0,1.0,1.0,1.0,1.0,1.0,0.0,1.0,0.0,0.75
1317,d2eb3158a4dcc825e,True,,,,,,,,,,0.0,1.0,0.0,1.0,1.0,0.0,0.0,1.0,1.0,0.0
1318,d8c8d7ca717326aa5,True,,,,,,,,,,1.0,0.0,0.5,1.0,0.7439326829992455,1.0,0.0,1.0,1.0,0.0
1319,7ce8dbee04817c7de,True,,,,,,,,,,1.0,1.0,1.0,1.0,0.7464579601679334,1.0,0.0,1.0,0.0,0.6707681125524791
1320,81a0fd8a5f248a253,True,,,,,,,,,,0.0,1.0,1.0,1.0,1.0,0.0,1.0,1.0,1.0,0.0
1321,329089047f59e67fb,True,,,,,,,,,,1.0,1.0,1.0,1.0,1.0,1.0,0.0,1.0,0.0,0.75
1322,6a8f1db0741e3de32,True,,,,,,,,,,1.0,1.0,1.0,1.0,0.7320447284488538,1.0,0.0,1.0,1.0,0.7912639776402668
1323,2add74aa82c54303c,True,,,,,,,,,,0.0,0.0,1.0,1.0,0.9181993271176933,0.0,1.0,1.0,0.0,0.0
1324,a8066d7e843deda8f,True,,,,,,,,,,1.0,1.0,1.0,1.0,0.5998551164780028,1.0,1.0,1.0,0.0,0.7499547238993759
1325,cd7e663897f923d92,True,,,,,,,,,,1.0,1.0,1.0,1.0,0.8880927825633047,1.0,0.0,1.0,1.0,0.8400289945510327
1326,06c6fd20a526803c4,True,,,,,,,,,,0.0,1.0,1.0,1.0,1.0,0.0,1.0,1.0,1.0,0.0
1327,660b054f474f6bec1,True,,,,,,,,,,1.0,1.0,1.0,1.0,0.8458767967009742,1.0,1.0,1.0,0.0,0.8268364989690544
1328,43759bd8769ab0e07,True,,,,,,,,,,1.0,1.0,1.0,1.0,1.0,1.0,1.0,1.0,1.0,1.0
1329,0120638e7b2bd0bdf,True,,,,,,,,,,0.0,1.0,1.0,1.0,1.0,0.0,1.0,1.0,1.0,0.0
1330,735bf126af1875fe2,True,,,,,,,,,,0.0,1.0,1.0,1.0,1.0,0.0,0.0,1.0,1.0,0.0
1331,c58481114df532967,True,,,,,,,,,,1.0,1.0,1.0,1.0,1.0,1.0,1.0,1.0,0.0,0.875
1332,fb069de5c1aacc9f5,True,,,,,,,,,,1.0,1.0,1.0,1.0,0.6589949600827967,1.0,1.0,1.0,1.0,0.893435925025874
1333,80144b63550c48566,True,,,,,,,,,,0.0,1.0,0.5,1.0,1.0,0.0,0.0,1.0,1.0,0.0
1334,a3ef9e8575b866d50,True,,,,,,,,,,1.0,1.0,1.0,1.0,1.0,1.0,1.0,1.0,1.0,1.0
1335,d17b5de2642504067,True,,,,,,,,,,1.0,1.0,1.0,1.0,1.0,1.0,1.0,1.0,1.0,1.0
1336,0dd1d00f6d1725ec3,True,,,,,,,,,,1.0,1.0,1.0,1.0,1.0,1.0,1.0,1.0,1.0,1.0
1337,f57b598a624e522c7,True,,,,,,,,,,1.0,1.0,1.0,1.0,1.0,1.0,0.0,1.0,1.0,0.875
1338,1ab13d4826a06cc9f,True,,,,,,,,,,1.0,0.0,1.0,1.0,0.7428610717680445,1.0,1.0,1.0,1.0,0.0
1339,ecccff94c00a6bd77,True,,,,,,,,,,0.0,0.0,0.5,1.0,1.0,0.0,0.0,1.0,0.0,0.0
1340,5fe5ada2e768e26b3,True,,,,,,,,,,0.0,1.0,1.0,1.0,1.0,0.0,0.0,1.0,0.0,0.0
1341,fbf6a32724a0d16f2,True,,,,,,,,,,1.0,1.0,1.0,1.0,1.0,1.0,0.0,1.0,1.0,0.875
1342,46c11df9f73cc2f71,True,,,,,,,,,,1.0,1.0,1.0,1.0,0.6546450389752515,1.0,1.0,1.0,1.0,0.8920765746797661
1343,04635beeb994d0ded,True,,,,,,,,,,1.0,1.0,0.0,1.0,1.0,1.0,0.0,1.0,0.0,0.0
1344,fb487048e0748febd,True,,,,,,,,,,0.0,1.0,1.0,1.0,1.0,0.0,0.0,1.0,1.0,0.0
1345,0517c552242d8cb70,True,,,,,,,,,,1.0,1.0,1.0,1.0,0.8191265289423867,1.0,1.0,1.0,1.0,0.9434770402944959
1346,c3fa7a5ee86676098,True,,,,,,,,,,1.0,1.0,1.0,1.0,0.7361386252822401,1.0,1.0,1.0,1.0,0.9175433204007
1347,18cc6c426879cd157,True,,,,,,,,,,1.0,0.0,1.0,1.0,1.0,1.0,1.0,1.0,1.0,0.0
1348,bb539282bfa7303c7,True,,,,,,,,,,1.0,1.0,1.0,0.0,1.0,1.0,0.0,1.0,0.0,0.0
1349,7b6d8fa488a09b8d3,True,,,,,,,,,,1.0,1.0,1.0,1.0,0.7779137460576169,1.0,1.0,1.0,0.0,0.8055980456430053
1350,e6aaf829acef158f6,True,,,,,,,,,,1.0,1.0,1.0,1.0,0.33465396517077917,1.0,1.0,1.0,1.0,0.7920793641158685
1351,11efb68d8748f6136,True,,,,,,,,,,1.0,0.0,0.5,1.0,1.0,1.0,0.0,1.0,0.0,0.0
1352,cd7d476e450a5083d,True,,,,,,,,,,1.0,0.0,1.0,1.0,0.34022492637399127,1.0,1.0,1.0,0.0,0.0
1353,55c8df3b0682a658a,True,,,,,,,,,,1.0,0.0,1.0,1.0,0.8417178960322597,1.0,0.0,1.0,1.0,0.0
1354,bd799913f5456fbe9,True,,,,,,,,,,1.0,0.0,1.0,1.0,1.0,1.0,1.0,0.0,0.0,0.0
1355,436fb766823bdb92e,True,,,,,,,,,,1.0,1.0,1.0,1.0,0.6857237096374439,1.0,1.0,1.0,1.0,0.9017886592617013
1356,ae6ddb39ee6d093e7,True,,,,,,,,,,0.0,1.0,1.0,1.0,1.0,0.0,1.0,1.0,1.0,0.0
1357,bf717edbbf1c0b8db,True,,,,,,,,,,1.0,1.0,0.0,1.0,1.0,1.0,0.0,1.0,0.0,0.0
1358,8cc221e21b07d66db,True,,,,,,,,,,0.0,1.0,1.0,1.0,1.0,0.0,0.0,0.0,0.0,0.0
1359,f511978077fdcd122,True,,,,,,,,,,1.0,1.0,1.0,1.0,0.5801474533070071,1.0,0.0,1.0,1.0,0.7437960791584397
1360,008d19d3a7e53bd2f,True,,,,,,,,,,1.0,0.0,1.0,0.0,1.0,1.0,1.0,1.0,1.0,0.0
1361,9a7779cf31f38e961,True,,,,,,,,,,1.0,1.0,0.0,1.0,0.7447596199206764,1.0,1.0,1.0,0.0,0.0
1362,0e3016e58756dedce,True,,,,,,,,,,1.0,0.0,0.0,1.0,1.0,1.0,0.0,1.0,1.0,0.0
1363,55c8727d5f4634051,True,,,,,,,,,,1.0,1.0,1.0,1.0,1.0,1.0,1.0,1.0,0.0,0.875
1364,40fe52aee319a8b70,True,,,,,,,,,,1.0,1.0,1.0,1.0,0.666252671347378,1.0,1.0,1.0,1.0,0.8957039597960557
1365,5eda23d004b1120db,True,,,,,,,,,,0.0,1.0,0.0,1.0,0.8092406205465787,0.0,0.0,1.0,0.0,0.0
1366,17416a9c9123b7bc1,True,,,,,,,,,,1.0,1.0,1.0,1.0,0.8976465385174296,1.0,1.0,1.0,1.0,0.9680145432866967
1367,3a64c41fecb2ab1ca,True,,,,,,,,,,1.0,0.0,1.0,1.0,0.32108591907986833,1.0,1.0,1.0,0.0,0.0
1368,6ecd877422fdf9247,True,,,,,,,,,,1.0,1.0,1.0,1.0,0.28864727021828473,1.0,1.0,1.0,1.0,0.777702271943214
1369,a244e51837aaa9bc4,True,,,,,,,,,,1.0,1.0,0.5,1.0,1.0,1.0,0.0,1.0,1.0,0.4375
1370,de7117fede978534c,True,,,,,,,,,,1.0,1.0,0.5,1.0,1.0,1.0,0.0,1.0,1.0,0.4375
1371,2160f6e5d4720f94b,True,,,,,,,,,,1.0,0.0,1.0,1.0,1.0,1.0,0.0,1.0,1.0,0.0
1372,50f513cc32849ede8,True,,,,,,,,,,1.0,1.0,1.0,1.0,0.8016254128364595,1.0,1.0,1.0,0.0,0.8130079415113936
1373,f754ec519c407f213,True,,,,,,,,,,1.0,1.0,1.0,1.0,0.5588985029004621,1.0,1.0,1.0,0.0,0.7371557821563943
1374,0f71d78f15a2628a4,True,,,,,,,,,,1.0,1.0,1.0,1.0,1.0,1.0,1.0,1.0,1.0,1.0
1375,54ccf1e5e48744666,True,,,,,,,,,,1.0,0.0,0.0,1.0,1.0,1.0,0.0,1.0,1.0,0.0
1376,23c64b101bb797591,True,,,,,,,,,,1.0,1.0,0.5,1.0,1.0,1.0,0.0,1.0,0.0,0.375
1377,767cefbd4e52c83e0,True,,,,,,,,,,1.0,1.0,1.0,1.0,1.0,1.0,1.0,1.0,0.0,0.875
1378,2516d8b2211015894,True,,,,,,,,,,1.0,0.0,1.0,1.0,0.6779193186418981,1.0,0.0,1.0,0.0,0.0
1379,65d00ea9b07494406,True,,,,,,,,,,1.0,0.0,1.0,1.0,1.0,1.0,1.0,1.0,0.0,0.0
1380,13d89543b4b7dad14,True,,,,,,,,,,1.0,0.0,0.5,1.0,0.9961516893508882,1.0,1.0,1.0,1.0,0.0
1381,adbf76475e83933e1,True,,,,,,,,,,0.0,0.0,0.0,1.0,1.0,0.0,0.0,1.0,1.0,0.0
1382,8a9e6d29520f76dfc,True,,,,,,,,,,1.0,1.0,0.5,1.0,1.0,1.0,0.0,1.0,0.0,0.375
1383,312594bc42c547bb1,True,,,,,,,,,,1.0,1.0,0.5,1.0,1.0,1.0,0.0,1.0,1.0,0.4375
1384,fec4e607d84e38636,True,,,,,,,,,,1.0,1.0,1.0,1.0,1.0,1.0,0.0,1.0,1.0,0.875
1385,95d7198096423bdb7,True,,,,,,,,,,1.0,1.0,1.0,1.0,1.0,1.0,0.0,1.0,0.0,0.75
1386,73c0e8fd14908dce6,True,,,,,,,,,,1.0,1.0,1.0,1.0,1.0,1.0,1.0,1.0,0.0,0.875
1387,aaa4df0b0ab15d438,True,,,,,,,,,,1.0,1.0,1.0,0.0,1.0,1.0,0.0,1.0,1.0,0.0
1388,4f279eb5918287e64,True,,,,,,,,,,1.0,0.0,1.0,1.0,1.0,1.0,0.0,1.0,0.0,0.0
1389,a33fa10f772275b4a,True,,,,,,,,,,0.0,1.0,1.0,1.0,1.0,0.0,0.0,1.0,1.0,0.0
1390,8266f573d47606b3f,True,,,,,,,,,,0.0,1.0,1.0,1.0,1.0,0.0,1.0,1.0,1.0,0.0
1391,f7592c27f95e1ae0e,True,,,,,,,,,,1.0,1.0,1.0,1.0,0.8564496116230066,1.0,1.0,1.0,1.0,0.9551405036321896
1392,38c6024c468e96db8,True,,,,,,,,,,1.0,1.0,1.0,1.0,0.6342800307762818,1.0,0.0,1.0,1.0,0.7607125096175881
1393,6aa7e26a080e2bd09,True,,,,,,,,,,1.0,1.0,1.0,1.0,1.0,1.0,1.0,1.0,0.0,0.875
1394,03aa909d3767ff00e,True,,,,,,,,,,1.0,1.0,1.0,1.0,0.7194030915383993,1.0,1.0,1.0,1.0,0.9123134661057498
1395,12df8311d005ad619,True,,,,,,,,,,1.0,0.0,1.0,1.0,0.4428534392241728,1.0,1.0,1.0,1.0,0.0
1396,ada3a1a9a3d4dee81,True,,,,,,,,,,1.0,1.0,1.0,1.0,0.8829028060439092,1.0,1.0,1.0,1.0,0.9634071268887217
1397,fb56a869a86a4e9ee,True,,,,,,,,,,1.0,1.0,1.0,1.0,0.7588017900164348,1.0,1.0,0.0,0.0,0.6746255593801358
1398,b02f376e03d453a0a,True,,,,,,,,,,0.0,1.0,1.0,1.0,1.0,0.0,1.0,1.0,1.0,0.0
1399,ff0db1e010ed49544,True,,,,,,,,,,0.0,1.0,0.0,1.0,1.0,0.0,0.0,1.0,1.0,0.0
1400,7c1dac6894ccd6151,True,,,,,,,,,,1.0,1.0,1.0,1.0,1.0,1.0,0.0,1.0,1.0,0.875
1401,ca870ac8b947e6752,True,,,,,,,,,,0.0,1.0,1.0,1.0,1.0,0.0,1.0,1.0,0.0,0.0
1402,d7b9e3963f7cb14e1,True,,,,,,,,,,1.0,1.0,1.0,1.0,1.0,1.0,1.0,1.0,1.0,1.0
1403,da13eae8d0d83af38,True,,,,,,,,,,1.0,0.0,1.0,1.0,1.0,1.0,0.0,1.0,1.0,0.0
1404,a70407f928cd54582,True,,,,,,,,,,1.0,1.0,1.0,1.0,0.4999849467740554,1.0,1.0,1.0,1.0,0.8437452958668923
1405,3d85159a51861aba5,True,,,,,,,,,,0.0,1.0,1.0,1.0,1.0,0.0,0.0,1.0,1.0,0.0
1406,14b4d5dae8ea46cbc,True,,,,,,,,,,1.0,1.0,1.0,1.0,0.8793590560213959,1.0,0.0,1.0,0.0,0.7122997050066862
1407,7db61b66f69a92843,True,,,,,,,,,,1.0,0.0,1.0,1.0,0.5707547763188427,1.0,1.0,1.0,1.0,0.0
1408,710fa6e57a23bba80,True,,,,,,,,,,1.0,1.0,1.0,1.0,0.9534678634134495,1.0,0.0,1.0,1.0,0.8604587073167029
1409,bebc043b24bdb6ddf,True,,,,,,,,,,1.0,1.0,1.0,1.0,0.4359764759096599,1.0,1.0,1.0,0.0,0.6987426487217687
1410,cdccba86287f3bf1d,True,,,,,,,,,,1.0,1.0,1.0,1.0,1.0,1.0,0.0,1.0,1.0,0.875
1411,ccb673fb277fc767d,True,,,,,,,,,,0.0,1.0,1.0,1.0,1.0,0.0,1.0,1.0,0.0,0.0
1412,e677a32f0475fc05e,True,,,,,,,,,,1.0,0.0,1.0,1.0,0.9098626558238869,1.0,0.0,1.0,0.0,0.0
1413,d8df0e75d22679cef,True,,,,,,,,,,0.0,1.0,0.0,1.0,1.0,0.0,0.0,1.0,0.0,0.0
1414,1b2cd068b0d562449,True,,,,,,,,,,1.0,1.0,1.0,1.0,1.0,1.0,1.0,1.0,0.0,0.875
1415,4bdf97e7a68a220e2,True,,,,,,,,,,1.0,1.0,1.0,1.0,0.7775104328245953,1.0,0.0,1.0,1.0,0.805472010257686
1416,6d02e71114637a043,True,,,,,,,,,,1.0,1.0,1.0,1.0,0.9334753258057435,1.0,1.0,1.0,0.0,0.8542110393142949
1417,3d45468e32f443cff,True,,,,,,,,,,1.0,1.0,1.0,1.0,0.7878250393753924,1.0,1.0,0.0,0.0,0.6836953248048101
1418,1c036c9aff4d0cf31,True,,,,,,,,,,1.0,1.0,1.0,1.0,1.0,1.0,1.0,1.0,1.0,1.0
1419,5f175bac4c1de5964,True,,,,,,,,,,1.0,1.0,0.0,1.0,0.8721380222023952,1.0,0.0,1.0,1.0,0.0
1420,dab86e6eab3ddf22e,True,,,,,,,,,,1.0,1.0,0.0,1.0,1.0,1.0,1.0,1.0,0.0,0.0
1421,d94f797b81c453893,True,,,,,,,,,,1.0,0.0,0.5,1.0,1.0,1.0,0.0,1.0,1.0,0.0
1422,060c2eff47b49d915,True,,,,,,,,,,1.0,0.0,0.0,1.0,1.0,1.0,0.0,1.0,0.0,0.0
1423,961a25cea5dcb8f50,True,,,,,,,,,,1.0,1.0,1.0,1.0,0.9051321357311041,1.0,1.0,1.0,1.0,0.97035379241597
1424,b291af47ff3b66426,True,,,,,,,,,,1.0,1.0,1.0,1.0,0.7600013097819693,1.0,1.0,1.0,1.0,0.9250004093068654
1425,c4a1482387b6b8440,True,,,,,,,,,,1.0,1.0,1.0,1.0,1.0,1.0,1.0,1.0,0.0,0.875
1426,e3be3af3b3213f65e,True,,,,,,,,,,0.0,1.0,1.0,1.0,1.0,0.0,0.0,1.0,0.0,0.0
1427,1442b131da263f4dc,True,,,,,,,,,,1.0,1.0,1.0,1.0,0.8896674064676049,1.0,0.0,1.0,1.0,0.8405210645211265
1428,b58b6d88823cf8754,True,,,,,,,,,,0.0,1.0,1.0,1.0,1.0,0.0,0.0,1.0,1.0,0.0
1429,61261a713792f46b2,True,,,,,,,,,,1.0,1.0,1.0,1.0,0.6460063169620657,1.0,0.0,1.0,1.0,0.7643769740506455
1430,fec17ad0f4921b486,True,,,,,,,,,,1.0,1.0,1.0,1.0,0.8838339797762157,1.0,1.0,1.0,0.0,0.8386981186800674
1431,7431e431b6e352571,True,,,,,,,,,,1.0,0.0,1.0,1.0,1.0,1.0,0.0,1.0,1.0,0.0
1432,b101c591a23f8d8d9,True,,,,,,,,,,1.0,0.0,1.0,1.0,1.0,1.0,0.0,1.0,0.0,0.0
1433,af40e0723b46e7fed,True,,,,,,,,,,0.0,0.0,1.0,1.0,0.2606154457285759,0.0,0.0,1.0,0.0,0.0
1434,c2f99f2f74ef541cb,True,,,,,,,,,,1.0,0.0,1.0,1.0,1.0,1.0,0.0,1.0,0.0,0.0
1435,898965de3a97c47dc,True,,,,,,,,,,0.0,1.0,1.0,1.0,1.0,0.0,0.0,1.0,0.0,0.0
1436,b0fd56183680b68ae,True,,,,,,,,,,0.0,0.0,0.5,1.0,1.0,0.0,0.0,0.0,0.0,0.0
1437,975923741f66dd57f,True,,,,,,,,,,1.0,1.0,1.0,1.0,0.7580597961117348,1.0,1.0,1.0,1.0,0.9243936862849171
1438,0ab5cb8557d3b269d,True,,,,,,,,,,1.0,1.0,0.5,1.0,1.0,1.0,1.0,1.0,1.0,0.5
1439,5220d7e21ab6ff818,True,,,,,,,,,,1.0,0.0,1.0,1.0,0.6618094613686752,1.0,1.0,1.0,1.0,0.0
1440,7382576570c02547b,True,,,,,,,,,,1.0,1.0,1.0,1.0,0.6846734750370778,1.0,0.0,1.0,1.0,0.7764604609490868
1441,bc6888f8da8ee3d48,True,,,,,,,,,,1.0,1.0,1.0,1.0,1.0,1.0,0.0,1.0,0.0,0.75
1442,908b05ed734967ac3,True,,,,,,,,,,1.0,1.0,1.0,1.0,0.6751489451420731,1.0,0.0,1.0,0.0,0.6484840453568979
1443,233db9b81971aca2a,True,,,,,,,,,,1.0,1.0,1.0,1.0,0.8654418570577469,1.0,1.0,1.0,0.0,0.8329505803305459
1444,36fe5d9f407c60a58,True,,,,,,,,,,1.0,0.0,0.5,1.0,0.5307181073318578,1.0,1.0,1.0,1.0,0.0
1445,f55f780bee7a572bb,True,,,,,,,,,,1.0,0.0,0.0,1.0,1.0,1.0,0.0,1.0,0.0,0.0
1446,4a6a0597bd6bf2f20,True,,,,,,,,,,1.0,1.0,1.0,1.0,0.8431524261572615,1.0,1.0,1.0,1.0,0.9509851331741442
1447,f229cb59e31bbd82f,True,,,,,,,,,,1.0,1.0,1.0,1.0,1.0,0.0,0.0,1.0,1.0,0.5625
1448,3c5f94f941b068a40,True,,,,,,,,,,0.0,1.0,1.0,1.0,1.0,0.0,1.0,1.0,0.0,0.0
1449,b36cff254193955cf,True,,,,,,,,,,1.0,0.0,1.0,1.0,0.27813104681355705,1.0,1.0,1.0,1.0,0.0
1450,bd31f3930e078d690,True,,,,,,,,,,1.0,0.0,1.0,1.0,0.6964447991596843,1.0,1.0,1.0,0.0,0.0
1451,43510bb262d6965b6,True,,,,,,,,,,1.0,1.0,1.0,1.0,0.7156636108940928,1.0,1.0,1.0,0.0,0.7861448784044041
1452,67e23c9775c8647fa,True,,,,,,,,,,1.0,0.0,0.5,1.0,0.8816593797716196,1.0,0.0,1.0,0.0,0.0
1453,97f0dfb7f9039bcb2,True,,,,,,,,,,0.0,1.0,1.0,1.0,1.0,0.0,1.0,1.0,0.0,0.0
1454,b51661ff3ed628c29,True,,,,,,,,,,0.0,1.0,1.0,1.0,1.0,0.0,1.0,1.0,1.0,0.0
1455,b6d61abe346b88db3,True,,,,,,,,,,1.0,1.0,1.0,1.0,0.7393890395006083,1.0,1.0,1.0,1.0,0.9185590748439401
1456,5b01b06231ac39143,True,,,,,,,,,,1.0,1.0,1.0,1.0,0.8487661164274125,1.0,1.0,1.0,1.0,0.9527394113835664
1457,964d3400667ae187f,True,,,,,,,,,,1.0,1.0,1.0,1.0,0.8127616875333965,1.0,1.0,1.0,0.0,0.8164880273541864
1458,89d2e289ba7d3fd79,True,,,,,,,,,,1.0,1.0,0.0,1.0,1.0,1.0,0.0,1.0,1.0,0.0
1459,d23dccf53d6e2e76b,True,,,,,,,,,,1.0,0.0,1.0,1.0,0.9190576222977317,1.0,0.0,1.0,1.0,0.0
1460,69958b4858f9aa696,True,,,,,,,,,,1.0,1.0,1.0,1.0,1.0,1.0,1.0,1.0,0.0,0.875
1461,f6d1ce467bb8ef333,True,,,,,,,,,,1.0,0.0,1.0,1.0,0.49474177899451643,1.0,1.0,1.0,0.0,0.0
1462,0980084e5c33ab76e,True,,,,,,,,,,1.0,1.0,1.0,1.0,0.624458079042695,1.0,1.0,1.0,0.0,0.7576431497008422
1463,5b8b54ff77ea4777f,True,,,,,,,,,,1.0,0.0,1.0,1.0,0.5667768271691295,1.0,0.0,1.0,1.0,0.0
1464,20f30bb4990d9b84e,True,,,,,,,,,,0.5,1.0,1.0,1.0,1.0,0.0,0.0,1.0,1.0,0.28125
1465,9c849c1f3da3d7ffa,True,,,,,,,,,,1.0,0.0,1.0,1.0,0.8709730332807973,0.0,1.0,1.0,1.0,0.0
1466,f93b7461f7882ff58,True,,,,,,,,,,1.0,1.0,1.0,1.0,0.6669170095352225,1.0,0.0,1.0,0.0,0.645911565479757
1467,5733be765824e1f33,True,,,,,,,,,,1.0,0.0,1.0,1.0,1.0,1.0,1.0,1.0,0.0,0.0
1468,49243c381a0bed43b,True,,,,,,,,,,0.0,1.0,1.0,1.0,1.0,1.0,1.0,1.0,0.0,0.0
1469,299f646dfb858774d,True,,,,,,,,,,1.0,1.0,1.0,1.0,1.0,1.0,1.0,1.0,0.0,0.875
1470,f2c959958c4b3a8f0,True,,,,,,,,,,1.0,1.0,1.0,1.0,1.0,1.0,0.0,1.0,0.0,0.75
1471,cd9aed75f054bccb5,True,,,,,,,,,,1.0,1.0,1.0,1.0,0.8676588597825201,1.0,0.0,1.0,1.0,0.8336433936820375
1472,648027b9205dc7650,True,,,,,,,,,,1.0,1.0,0.0,1.0,1.0,1.0,0.0,1.0,1.0,0.0
1473,396a1f73f2332bb19,True,,,,,,,,,,1.0,1.0,1.0,1.0,0.7779239916278091,1.0,1.0,1.0,0.0,0.8056012473836903
1474,e2e0472858fa4a63e,True,,,,,,,,,,1.0,1.0,1.0,1.0,0.8369925858000028,1.0,0.0,1.0,1.0,0.824060183062501
1475,f07be583867d7e867,True,,,,,,,,,,0.0,0.0,0.0,1.0,1.0,0.0,0.0,1.0,0.0,0.0
1476,53ceaabb1364b9424,True,,,,,,,,,,1.0,1.0,1.0,1.0,0.986627342019109,1.0,0.0,1.0,0.0,0.7458210443809715
1477,85227ded294bb6273,True,,,,,,,,,,1.0,1.0,1.0,1.0,0.7411670237399004,1.0,1.0,1.0,1.0,0.9191146949187189
1478,bfd4cb9e2a8bebc15,True,,,,,,,,,,1.0,1.0,1.0,1.0,0.6959447361728354,1.0,0.0,1.0,0.0,0.6549827300540111
1479,ab20f07e685b59761,True,,,,,,,,,,1.0,1.0,1.0,1.0,0.5179497486860837,1.0,1.0,1.0,1.0,0.8493592964644011
1480,cb1939bb101889c17,True,,,,,,,,,,0.0,1.0,1.0,1.0,1.0,0.0,0.0,1.0,0.0,0.0
1481,a173f7714495b0d29,True,,,,,,,,,,1.0,1.0,1.0,1.0,0.5321258840214254,1.0,1.0,1.0,1.0,0.8537893387566955
1482,1e2b6420a190b7d56,True,,,,,,,,,,1.0,0.0,1.0,1.0,0.8748582662637413,1.0,1.0,1.0,0.0,0.0
1483,66582437b06794318,True,,,,,,,,,,1.0,0.0,0.0,1.0,1.0,0.0,1.0,0.0,0.0,0.0
1484,67937388005952f7f,True,,,,,,,,,,1.0,1.0,1.0,1.0,0.8491721290607709,1.0,1.0,1.0,0.0,0.8278662903314908
1485,6eaee379045fa8bd9,True,,,,,,,,,,1.0,1.0,1.0,1.0,1.0,1.0,0.0,1.0,0.0,0.75
1486,bda9a328490cd8105,True,,,,,,,,,,0.0,1.0,1.0,1.0,1.0,0.0,1.0,1.0,1.0,0.0
1487,4eec744ab28fc824f,True,,,,,,,,,,1.0,1.0,1.0,1.0,1.0,1.0,0.0,1.0,1.0,0.875
1488,821ded6741a70217e,True,,,,,,,,,,1.0,1.0,1.0,1.0,0.893239410067556,1.0,1.0,1.0,1.0,0.9666373156461112
1489,fc31a6f8ac42c70a9,True,,,,,,,,,,1.0,1.0,0.5,1.0,0.8849346314278416,1.0,0.0,1.0,1.0,0.4195210361606002
1490,ffa118247f83dcacd,True,,,,,,,,,,1.0,1.0,1.0,1.0,0.41514415329468507,1.0,1.0,1.0,0.0,0.6922325479045891
1491,f0cb86afe097df891,True,,,,,,,,,,1.0,1.0,1.0,1.0,0.756938491236887,1.0,0.0,1.0,0.0,0.6740432785115271
1492,027609f1fbf1b3b16,True,,,,,,,,,,0.0,1.0,1.0,1.0,1.0,0.0,0.0,1.0,1.0,0.0
1493,0f261a9f083cf0d25,True,,,,,,,,,,1.0,1.0,1.0,1.0,0.07752755317681255,1.0,1.0,1.0,0.0,0.5867273603677539
1494,2947a7779fffc9a73,True,,,,,,,,,,1.0,0.0,0.5,1.0,1.0,1.0,0.0,1.0,0.0,0.0
1495,bf64cc8fd71cdc3d8,True,,,,,,,,,,1.0,1.0,1.0,1.0,0.8281021279589645,1.0,0.0,1.0,0.0,0.6962819149871764
1496,ea986d3a0c0d7a702,True,,,,,,,,,,1.0,0.0,1.0,1.0,0.6963323714395,1.0,1.0,1.0,0.0,0.0
1497,ab9b0531b8d7800ce,True,,,,,,,,,,1.0,0.0,1.0,1.0,0.9666087006601715,1.0,0.0,1.0,0.0,0.0
1498,312963b5a180fcf28,True,,,,,,,,,,1.0,0.0,1.0,1.0,0.5905368666751352,1.0,1.0,1.0,0.0,0.0
1499,fb84b929b3de63176,True,,,,,,,,,,1.0,1.0,1.0,1.0,0.9114902851685158,1.0,0.0,1.0,1.0,0.8473407141151612
1500,94f8422c63c8418c0,True,,,,,,,,,,1.0,1.0,1.0,1.0,0.9523322371367757,1.0,0.0,1.0,1.0,0.8601038241052424
1501,dc91e0fc1f890f6bc,True,,,,,,,,,,1.0,0.0,0.0,1.0,0.9206624399790686,1.0,1.0,1.0,1.0,0.0
1502,f5daa83268d707022,True,,,,,,,,,,1.0,1.0,1.0,1.0,0.8652596896285565,1.0,0.0,1.0,1.0,0.8328936530089239
1503,a2aa45cf991d37699,True,,,,,,,,,,1.0,1.0,1.0,1.0,1.0,1.0,1.0,1.0,1.0,1.0
1504,55d87f273908bb975,True,,,,,,,,,,0.0,1.0,1.0,1.0,1.0,0.0,0.0,1.0,0.0,0.0
1505,d5edc9afab7f3a337,True,,,,,,,,,,1.0,1.0,1.0,1.0,0.667120219639762,1.0,1.0,1.0,1.0,0.8959750686374256
1506,5f2803a94f9f2adba,True,,,,,,,,,,1.0,1.0,1.0,1.0,0.5053505919050489,1.0,1.0,1.0,0.0,0.7204220599703278
1507,543679cd5973594a2,True,,,,,,,,,,1.0,1.0,1.0,1.0,0.7513724741430307,1.0,1.0,1.0,1.0,0.922303898169697
1508,020ac08667a119075,True,,,,,,,,,,1.0,1.0,1.0,1.0,0.7435996327988363,1.0,1.0,1.0,1.0,0.9198748852496363
1509,8d65d3f4d930b58ae,True,,,,,,,,,,1.0,0.0,1.0,1.0,1.0,1.0,0.0,1.0,0.0,0.0
1510,9559a76868f2d58b3,True,,,,,,,,,,0.0,1.0,1.0,1.0,1.0,0.0,1.0,1.0,0.0,0.0
1511,6333f19e87ad08122,True,,,,,,,,,,0.0,0.0,1.0,1.0,1.0,0.0,1.0,1.0,1.0,0.0
1512,eab8a152f7ae593ae,True,,,,,,,,,,0.0,1.0,0.0,1.0,1.0,0.0,0.0,1.0,1.0,0.0
1513,511d6caf7ec40eb09,True,,,,,,,,,,0.0,1.0,0.0,1.0,1.0,0.0,0.0,1.0,0.0,0.0
1514,e58505d2e2a702e58,True,,,,,,,,,,0.0,1.0,1.0,1.0,1.0,0.0,1.0,1.0,1.0,0.0
1515,277e3887919b46cb1,True,,,,,,,,,,1.0,1.0,1.0,1.0,0.8344550999721879,1.0,0.0,1.0,1.0,0.8232672187413087
1516,bf56d797d033f36bd,True,,,,,,,,,,1.0,1.0,1.0,1.0,0.7639165120578331,1.0,1.0,1.0,0.0,0.8012239100180728
1517,3f8c33cff8d582456,True,,,,,,,,,,1.0,1.0,1.0,1.0,0.8407193341802336,1.0,0.0,1.0,1.0,0.8252247919313229
1518,887a22206566761ea,True,,,,,,,,,,1.0,1.0,1.0,1.0,0.5885986228319817,1.0,0.0,1.0,1.0,0.7464370696349942
1519,df2f5f2688acbcf8c,True,,,,,,,,,,1.0,0.0,0.5,1.0,1.0,1.0,1.0,1.0,1.0,0.0
1520,83f19b2038c24367b,True,,,,,,,,,,1.0,1.0,1.0,0.0,1.0,1.0,1.0,1.0,1.0,0.0
1521,8aea1806b6e406159,True,,,,,,,,,,1.0,0.0,1.0,1.0,1.0,1.0,1.0,1.0,1.0,0.0
1522,f0fac8077bc98ead2,True,,,,,,,,,,1.0,1.0,1.0,1.0,0.11882155282697064,1.0,0.0,1.0,0.0,0.47463173525842833
1523,991fe7806bacdbaca,True,,,,,,,,,,0.0,1.0,1.0,1.0,1.0,0.0,1.0,1.0,1.0,0.0
1524,95b104c6ad1c29b95,True,,,,,,,,,,1.0,1.0,1.0,1.0,0.7111420282959278,1.0,1.0,1.0,1.0,0.9097318838424775
1525,9e0949ca46f2a4a49,True,,,,,,,,,,1.0,1.0,1.0,1.0,0.32212993725043737,1.0,1.0,1.0,1.0,0.7881656053907617
1526,630694a2f5646413d,True,,,,,,,,,,1.0,1.0,0.0,1.0,1.0,1.0,0.0,1.0,1.0,0.0
1527,fbe98e6e1454f315c,True,,,,,,,,,,1.0,1.0,1.0,1.0,0.6026584403439456,1.0,1.0,1.0,1.0,0.875830762607483
1528,6a18b0260de73481a,True,,,,,,,,,,1.0,0.0,1.0,1.0,1.0,1.0,0.0,1.0,0.0,0.0
1529,b4bb23be8c8b3c00e,True,,,,,,,,,,1.0,1.0,1.0,1.0,0.7297541365973533,1.0,0.0,1.0,1.0,0.7905481676866729
1530,68e2d10ecbeed8111,True,,,,,,,,,,1.0,1.0,0.5,1.0,1.0,1.0,1.0,1.0,0.0,0.4375
1531,56e93c94aeafcbe6b,True,,,,,,,,,,1.0,1.0,1.0,1.0,0.9886528221155654,1.0,0.0,1.0,1.0,0.8714540069111142
1532,92bb9ea2567e28fca,True,,,,,,,,,,1.0,1.0,1.0,1.0,0.9823939583856852,1.0,1.0,1.0,1.0,0.9944981119955266
1533,3eb13673463836283,True,,,,,,,,,,0.0,1.0,1.0,1.0,0.9417855070264212,1.0,1.0,1.0,0.0,0.0
1534,0e447192563e126ef,True,,,,,,,,,,1.0,0.0,1.0,1.0,0.8709730332807973,0.0,1.0,1.0,1.0,0.0
1535,195adbb128cbfeea4,True,,,,,,,,,,1.0,1.0,1.0,1.0,1.0,1.0,0.0,1.0,1.0,0.875
1536,463716f28ebb21a5d,True,,,,,,,,,,1.0,0.0,1.0,1.0,1.0,1.0,1.0,1.0,1.0,0.0
1537,67c191e1da4b23c8a,True,,,,,,,,,,1.0,1.0,1.0,1.0,0.6990840479217012,1.0,0.0,1.0,0.0,0.6559637649755317
1538,60bb87853fd5997e5,True,,,,,,,,,,1.0,0.0,1.0,1.0,0.6364326999186286,1.0,1.0,1.0,0.0,0.0
1539,c1c2f041cb05320b6,True,,,,,,,,,,1.0,1.0,1.0,1.0,1.0,1.0,0.0,1.0,1.0,0.875
1540,f6cb349b9078fd7c4,True,,,,,,,,,,1.0,1.0,1.0,1.0,0.6658411148822047,1.0,0.0,1.0,0.0,0.645575348400689
1541,cea842f2d5b0ad72d,True,,,,,,,,,,1.0,1.0,1.0,1.0,0.43295076227841833,1.0,1.0,1.0,0.0,0.6977971132120058
1542,8254112e33078afad,True,,,,,,,,,,0.0,1.0,1.0,1.0,1.0,0.0,1.0,1.0,0.0,0.0
1543,dd51833cafb701a23,True,,,,,,,,,,1.0,1.0,0.5,1.0,0.7929378431745382,1.0,1.0,0.0,0.0,0.3426465379960216
1544,ff06d29f106ca64e4,True,,,,,,,,,,1.0,1.0,1.0,1.0,1.0,1.0,0.0,1.0,1.0,0.875
1545,5d2c37d1b97718200,True,,,,,,,,,,0.0,1.0,1.0,0.0,1.0,0.0,1.0,1.0,0.0,0.0
1546,0fd638d4d67935416,True,,,,,,,,,,0.0,1.0,1.0,0.0,1.0,0.0,1.0,1.0,0.0,0.0
1547,c7c091e891a6bdac2,True,,,,,,,,,,1.0,1.0,1.0,1.0,0.8539392858067557,1.0,0.0,1.0,1.0,0.8293560268146112
1548,f324e70acbaa11675,True,,,,,,,,,,1.0,1.0,1.0,1.0,0.441697170709376,1.0,1.0,1.0,0.0,0.7005303658466799
1549,4f4036e82ca553ab5,True,,,,,,,,,,1.0,1.0,1.0,1.0,0.7327099027486534,1.0,1.0,1.0,0.0,0.7914718446089541
1550,87f3ff9f4e16ee2e1,True,,,,,,,,,,0.0,1.0,1.0,1.0,1.0,0.0,0.0,1.0,0.0,0.0
1551,d118da84ab5c39b69,True,,,,,,,,,,1.0,1.0,1.0,1.0,0.7929032028112087,1.0,0.0,1.0,1.0,0.8102822508785027
1552,5b11f358da127ff72,True,,,,,,,,,,1.0,1.0,1.0,1.0,0.9083672390764551,1.0,0.0,1.0,0.0,0.7213647622113922
1553,115bbfc42ca3a09e4,True,,,,,,,,,,1.0,1.0,1.0,1.0,0.4250387168836541,1.0,0.0,1.0,1.0,0.6953245990261419
1554,6697b38b1d73777b9,True,,,,,,,,,,1.0,1.0,1.0,1.0,1.0,1.0,1.0,1.0,0.0,0.875
1555,23d3b2f93978ceabf,True,,,,,,,,,,1.0,1.0,1.0,1.0,0.6413217490391981,0.0,0.0,1.0,0.0,0.32541304657474945
1556,27007a0ff06d16d30,True,,,,,,,,,,0.0,0.0,1.0,1.0,1.0,0.0,1.0,1.0,1.0,0.0
1557,329e52d1e0ada86f6,True,,,,,,,,,,1.0,0.0,1.0,1.0,0.7950338934694335,1.0,1.0,1.0,0.0,0.0
1558,f2d69faa21d148235,True,,,,,,,,,,1.0,1.0,1.0,1.0,0.7237728826513056,0.0,0.0,1.0,0.0,0.351179025828533
1559,23d3fdeb556df092e,True,,,,,,,,,,1.0,1.0,1.0,1.0,0.7429459227379245,1.0,1.0,1.0,1.0,0.9196706008556014
1560,eb5c033b5d728ecba,True,,,,,,,,,,1.0,1.0,1.0,1.0,0.42642014279759016,1.0,0.0,1.0,1.0,0.6957562946242469
1561,29a75324e23136d91,True,,,,,,,,,,1.0,0.0,1.0,1.0,0.7468248754340753,1.0,1.0,1.0,1.0,0.0
1562,1aba878032e3e7e6d,True,,,,,,,,,,0.0,1.0,1.0,1.0,0.7790487228401571,1.0,1.0,1.0,1.0,0.0
1563,a53b204e1934058ab,True,,,,,,,,,,1.0,0.0,1.0,1.0,0.9700179494723242,1.0,0.0,1.0,1.0,0.0
1564,376f87b3b2f49949d,True,,,,,,,,,,1.0,1.0,1.0,1.0,0.9312771889988136,1.0,1.0,1.0,0.0,0.8535241215621292
1565,3410786351a3e24b2,True,,,,,,,,,,0.0,1.0,1.0,1.0,1.0,0.0,0.0,1.0,0.0,0.0
1566,e92600c0f705705df,True,,,,,,,,,,1.0,1.0,1.0,1.0,0.7467391855801566,1.0,1.0,1.0,1.0,0.9208559954937989
1567,0da232d1485aff38f,True,,,,,,,,,,1.0,1.0,1.0,1.0,0.8656347291596357,1.0,1.0,1.0,1.0,0.9580108528623861
1568,0a5f73f132223809d,True,,,,,,,,,,1.0,1.0,0.5,1.0,1.0,1.0,0.0,1.0,0.0,0.375
1569,403463355af416781,True,,,,,,,,,,1.0,1.0,1.0,1.0,0.7853546491024471,1.0,0.0,1.0,0.0,0.6829233278445147
1570,e5f62e45611621e50,True,,,,,,,,,,0.0,1.0,1.0,1.0,1.0,0.0,1.0,1.0,1.0,0.0
1571,b9ec6c1f605a620f0,True,,,,,,,,,,1.0,1.0,1.0,1.0,0.8199539534387718,1.0,0.0,1.0,1.0,0.8187356104496162
1572,37744feedc918aa7b,True,,,,,,,,,,0.5,1.0,1.0,1.0,1.0,0.0,1.0,1.0,0.0,0.28125
1573,fc25d83ed4ec8aaad,True,,,,,,,,,,1.0,1.0,0.5,1.0,0.9154176363744495,1.0,0.0,1.0,0.0,0.36178400568350777
1574,bd51b4ed9e85eff41,True,,,,,,,,,,1.0,1.0,1.0,1.0,0.9637242455314178,1.0,0.0,1.0,0.0,0.7386638267285681
1575,6d7d0467feb2787ea,True,,,,,,,,,,1.0,1.0,1.0,1.0,0.36410372866007074,1.0,0.0,1.0,1.0,0.6762824152062721
1576,6dbbdae0bdb3174ac,True,,,,,,,,,,1.0,0.0,1.0,1.0,0.7555765560315905,1.0,1.0,1.0,1.0,0.0
1577,390d17b9e350ffe45,True,,,,,,,,,,1.0,1.0,1.0,1.0,0.8003385338068691,1.0,1.0,1.0,1.0,0.9376057918146465
1578,ca65ee7c58adc26d8,True,,,,,,,,,,1.0,1.0,1.0,1.0,1.0,1.0,1.0,1.0,1.0,1.0
1579,d8d45144c24388dfb,True,,,,,,,,,,1.0,0.0,1.0,1.0,1.0,1.0,0.0,1.0,1.0,0.0
1580,5d72351d0cf4540a5,True,,,,,,,,,,1.0,0.0,1.0,1.0,1.0,1.0,1.0,1.0,0.0,0.0
1581,e6d32880a78e81ea9,True,,,,,,,,,,1.0,1.0,1.0,1.0,0.979881838364335,1.0,1.0,1.0,1.0,0.9937130744888547
1582,4c0a5d617a08c1e9e,True,,,,,,,,,,1.0,1.0,1.0,1.0,0.8432546938763049,1.0,1.0,1.0,1.0,0.9510170918363453
1583,85f43c57442169f13,True,,,,,,,,,,1.0,1.0,1.0,1.0,1.0,1.0,0.0,1.0,1.0,0.875
1584,b5d11a125c8146f58,True,,,,,,,,,,1.0,1.0,1.0,1.0,0.985989163285138,1.0,1.0,1.0,1.0,0.9956216135266056
1585,9b219df65a0e3f22b,True,,,,,,,,,,0.0,1.0,1.0,1.0,1.0,0.0,0.0,1.0,0.0,0.0
1586,e0b4f883827dd8c7f,True,,,,,,,,,,1.0,1.0,1.0,1.0,0.8564496116230066,1.0,1.0,1.0,1.0,0.9551405036321896
1587,c644c8d1984cd65ac,True,,,,,,,,,,1.0,1.0,1.0,1.0,0.47351859247244515,1.0,1.0,1.0,0.0,0.7104745601476391
1588,c19a21525d410c990,True,,,,,,,,,,0.0,1.0,1.0,1.0,1.0,0.0,1.0,1.0,0.0,0.0
1589,cfb8ea140d6258c81,True,,,,,,,,,,1.0,1.0,1.0,1.0,1.0,1.0,0.0,1.0,0.0,0.75
1590,1cffc233df9758d3d,True,,,,,,,,,,0.0,0.0,0.0,1.0,1.0,0.0,0.0,1.0,0.0,0.0
1591,47c8824494b12b2ae,True,,,,,,,,,,1.0,1.0,1.0,1.0,0.9094303533713558,1.0,0.0,1.0,1.0,0.8466969854285487
1592,f0d9c76a3b3a29839,True,,,,,,,,,,1.0,1.0,1.0,1.0,1.0,1.0,0.0,1.0,1.0,0.875
1593,d7cb69340aa436966,True,,,,,,,,,,1.0,1.0,1.0,1.0,0.196835785824806,1.0,1.0,1.0,0.0,0.6240111830702519
1594,1009569404037413a,True,,,,,,,,,,1.0,1.0,1.0,1.0,0.6057778855763947,1.0,1.0,1.0,1.0,0.8768055892426233
1595,129fa714e230a9eae,True,,,,,,,,,,1.0,1.0,0.5,1.0,0.8704725314918969,1.0,0.0,1.0,1.0,0.41726133304560886
1596,786f6723260569e56,True,,,,,,,,,,1.0,1.0,0.5,1.0,0.9496429838021142,1.0,0.0,1.0,0.0,0.36713171621908036
1597,226f8f3910e177d34,True,,,,,,,,,,1.0,1.0,1.0,1.0,0.6488106000011817,1.0,1.0,1.0,1.0,0.8902533125003693
1598,38d50c91468fbe6e5,True,,,,,,,,,,1.0,1.0,1.0,1.0,0.10217270065815848,1.0,0.0,1.0,1.0,0.5944289689556745
1599,b7b9067126836af21,True,,,,,,,,,,0.0,1.0,1.0,1.0,1.0,0.0,1.0,1.0,1.0,0.0
1600,3cf1a7b9d21da00c2,True,,,,,,,,,,1.0,1.0,1.0,1.0,0.35648741972858855,1.0,0.0,1.0,1.0,0.6739023186651839
1601,2bac462f71b189be9,True,,,,,,,,,,1.0,1.0,1.0,1.0,0.7252085886644688,1.0,1.0,1.0,1.0,0.9141276839576464
1602,430915b356a81da1d,True,,,,,,,,,,1.0,1.0,1.0,1.0,1.0,1.0,1.0,1.0,0.0,0.875
1603,2e2b274bd113ed59f,True,,,,,,,,,,1.0,0.0,1.0,1.0,0.7060825499076938,1.0,1.0,1.0,1.0,0.0
1604,fec1c3f2a8d0d6136,True,,,,,,,,,,0.5,0.0,0.0,1.0,1.0,0.0,0.0,1.0,1.0,0.0
1605,2ad6d15da5c47d1be,True,,,,,,,,,,1.0,0.0,1.0,1.0,0.6131029056302899,1.0,1.0,1.0,1.0,0.0
1606,f7e01b97b6868da57,True,,,,,,,,,,1.0,1.0,1.0,1.0,1.0,1.0,0.0,1.0,1.0,0.875
1607,030798975779630c4,True,,,,,,,,,,0.0,0.0,1.0,1.0,1.0,0.0,0.0,1.0,0.0,0.0
1608,fa8d78f84cd8b7f8c,True,,,,,,,,,,1.0,1.0,1.0,1.0,0.7466495482801907,1.0,0.0,1.0,1.0,0.7958279838375596
1609,29a8fd6439b689c2f,True,,,,,,,,,,1.0,1.0,0.0,1.0,0.8401364366359048,1.0,0.0,1.0,0.0,0.0
1610,4762ced79d548ee7c,True,,,,,,,,,,1.0,1.0,1.0,1.0,0.9044772662072967,1.0,0.0,1.0,1.0,0.8451491456897802
1611,d113ac7bc40f321c0,True,,,,,,,,,,0.0,1.0,1.0,1.0,1.0,0.0,1.0,1.0,1.0,0.0
1612,6a1ac7cf335eb8310,True,,,,,,,,,,0.5,0.0,0.0,1.0,1.0,0.0,1.0,1.0,1.0,0.0
1613,95972dc9532711131,True,,,,,,,,,,0.0,1.0,1.0,1.0,1.0,0.0,0.0,1.0,1.0,0.0
1614,881d6a8509303a3b0,True,,,,,,,,,,1.0,1.0,1.0,1.0,1.0,1.0,1.0,1.0,0.0,0.875
1615,3fdf3c5e045298ad9,True,,,,,,,,,,1.0,0.0,1.0,1.0,0.6520090420085539,1.0,1.0,1.0,0.0,0.0
1616,cd19384b9fe667753,True,,,,,,,,,,1.0,1.0,1.0,1.0,0.6959655654997985,1.0,0.0,1.0,0.0,0.654989239218687
1617,302d43ed9ed327d94,True,,,,,,,,,,0.0,1.0,1.0,0.0,1.0,0.0,0.0,1.0,1.0,0.0
1618,2c5d88f56ea71888d,True,,,,,,,,,,0.0,0.0,1.0,1.0,0.5495207373904432,0.0,0.0,1.0,1.0,0.0
1619,96a372a94c983cb06,True,,,,,,,,,,1.0,0.0,1.0,1.0,0.728491208415145,1.0,1.0,1.0,1.0,0.0
1620,a31ca4af2bc4ff90a,True,,,,,,,,,,0.0,1.0,1.0,1.0,1.0,0.0,0.0,1.0,0.0,0.0
1621,f185085421e3aa72f,True,,,,,,,,,,1.0,1.0,0.5,1.0,0.602115370515084,1.0,1.0,1.0,0.0,0.3753305266429819
1622,da5a71cf5abef95d8,True,,,,,,,,,,1.0,1.0,0.0,1.0,0.7820717104161515,1.0,0.0,1.0,1.0,0.0
1623,b6f613e0c148d3e98,True,,,,,,,,,,1.0,1.0,1.0,1.0,0.6730431061064402,1.0,1.0,1.0,1.0,0.8978259706582625
1624,e14d602917d1d211f,True,,,,,,,,,,1.0,1.0,1.0,1.0,0.8065711493704889,1.0,1.0,1.0,1.0,0.9395534841782778
1625,a5929390d283fddb9,True,,,,,,,,,,1.0,1.0,1.0,1.0,1.0,1.0,0.0,1.0,0.0,0.75
1626,b68edb5514fba0f3e,True,,,,,,,,,,1.0,0.0,1.0,1.0,0.7073511862556155,1.0,1.0,1.0,1.0,0.0
1627,56a96ee7abd76ab13,True,,,,,,,,,,0.0,1.0,1.0,1.0,1.0,0.0,0.0,1.0,1.0,0.0
1628,f74ee85d684d8a2c6,True,,,,,,,,,,1.0,1.0,1.0,1.0,0.7073014133398755,1.0,0.0,0.0,0.0,0.5335316916687111
1629,5de761c988f97e1fa,True,,,,,,,,,,1.0,1.0,1.0,1.0,0.441697170709376,1.0,1.0,1.0,0.0,0.7005303658466799
1630,9a2e4a7f632a3fd8c,True,,,,,,,,,,1.0,0.0,1.0,1.0,1.0,1.0,0.0,0.0,0.0,0.0
1631,19d1ed57ca3224e24,True,,,,,,,,,,0.0,0.0,1.0,1.0,1.0,0.0,0.0,0.0,0.0,0.0
1632,74cc5095551bc3c7d,True,,,,,,,,,,1.0,1.0,0.0,1.0,0.8035597814827106,1.0,0.0,1.0,0.0,0.0
1633,853836094a41151fa,True,,,,,,,,,,1.0,1.0,1.0,1.0,0.7106934038194626,1.0,1.0,1.0,1.0,0.909591688693582
1634,1fe4ed0aea2c3ed33,True,,,,,,,,,,0.0,0.0,1.0,1.0,1.0,0.0,0.0,1.0,1.0,0.0
1635,fd7743059db2ad01f,True,,,,,,,,,,0.0,1.0,1.0,1.0,1.0,0.0,1.0,1.0,1.0,0.0
1636,918a0960b5cef7615,True,,,,,,,,,,1.0,1.0,1.0,1.0,0.6952462774375692,1.0,1.0,1.0,1.0,0.9047644616992403
1637,e612d86c9121fd77b,True,,,,,,,,,,0.0,1.0,1.0,1.0,1.0,0.0,1.0,1.0,1.0,0.0
1638,b795e9c4c8fde41bb,True,,,,,,,,,,0.0,0.0,0.0,1.0,1.0,0.0,0.0,1.0,1.0,0.0
1639,08832f5c360f2e9d6,True,,,,,,,,,,0.5,1.0,1.0,1.0,1.0,0.0,1.0,1.0,0.0,0.28125
1640,6b27e18868c49b898,True,,,,,,,,,,0.0,1.0,1.0,1.0,0.3402408303282725,0.0,1.0,1.0,0.0,0.0
1641,dd724782a844b55a6,True,,,,,,,,,,1.0,1.0,0.0,1.0,1.0,1.0,0.0,1.0,0.0,0.0
1642,6adadb0caf086d050,True,,,,,,,,,,1.0,1.0,1.0,1.0,0.4757777581043865,1.0,1.0,1.0,0.0,0.7111805494076208
1643,8f88cd86720008f23,True,,,,,,,,,,1.0,0.0,1.0,1.0,1.0,0.0,1.0,1.0,0.0,0.0
1644,1395f6f7af57b553b,True,,,,,,,,,,1.0,0.0,1.0,1.0,0.7088080677258434,1.0,0.0,1.0,0.0,0.0
1645,ed00ab86d2c2f5767,True,,,,,,,,,,1.0,1.0,1.0,1.0,0.6950222794442912,1.0,0.0,1.0,0.0,0.654694462326341
1646,873b2bce6903cffc1,True,,,,,,,,,,1.0,1.0,0.0,1.0,1.0,1.0,0.0,1.0,1.0,0.0
1647,02b412777e6ce82cd,True,,,,,,,,,,1.0,0.0,1.0,1.0,0.9953891312720499,1.0,1.0,1.0,0.0,0.0
1648,9ef93765e3465f27d,True,,,,,,,,,,1.0,1.0,0.0,1.0,0.8973861229937611,0.0,0.0,1.0,1.0,0.0
1649,54ce409a64180a221,True,,,,,,,,,,1.0,0.0,0.0,1.0,1.0,1.0,0.0,1.0,0.0,0.0
1650,e05ade0e231d4cf61,True,,,,,,,,,,0.0,1.0,1.0,0.0,1.0,0.0,1.0,1.0,0.0,0.0
1651,b1c7cedccc066a77d,True,,,,,,,,,,1.0,1.0,1.0,1.0,0.9262383768725697,1.0,0.0,1.0,0.0,0.7269494927726781
1652,7559939decc250054,True,,,,,,,,,,1.0,1.0,1.0,1.0,0.7737273502803014,1.0,1.0,1.0,0.0,0.8042897969625942
1653,e9a53fb1b01539d71,True,,,,,,,,,,1.0,1.0,1.0,1.0,0.9548613749396703,1.0,0.0,1.0,1.0,0.8608941796686469
1654,2a3e8710c22275361,True,,,,,,,,,,0.5,1.0,1.0,1.0,0.6333189139025392,0.0,0.0,1.0,0.0,0.16145608029727176
1655,81b780529f08d965b,True,,,,,,,,,,1.0,0.0,1.0,1.0,0.7996015890233701,1.0,1.0,1.0,0.0,0.0
1656,e36f8f24723dc8e0e,True,,,,,,,,,,0.0,0.0,1.0,1.0,0.7026711258417986,0.0,0.0,1.0,1.0,0.0
1657,2b357fcebd9642bfe,True,,,,,,,,,,1.0,0.0,1.0,1.0,1.0,1.0,0.0,1.0,0.0,0.0
1658,69968d73c74d053d8,True,,,,,,,,,,1.0,1.0,0.0,1.0,1.0,1.0,0.0,1.0,1.0,0.0
1659,d1ad6506f1da6b927,True,,,,,,,,,,1.0,0.0,1.0,1.0,0.38966849396599956,1.0,1.0,1.0,1.0,0.0
1660,a5f9745ded4663076,True,,,,,,,,,,1.0,1.0,1.0,1.0,1.0,1.0,1.0,1.0,1.0,1.0
1661,19211d8eac9c62147,True,,,,,,,,,,1.0,1.0,1.0,1.0,0.6793225981751184,1.0,0.0,1.0,1.0,0.7747883119297245
1662,c706c39c802cce2d4,True,,,,,,,,,,1.0,0.0,1.0,1.0,0.912034311478299,1.0,1.0,1.0,1.0,0.0
1663,e1c30e4d72a0c6a35,True,,,,,,,,,,0.0,1.0,0.5,1.0,1.0,0.0,0.0,1.0,1.0,0.0
1664,1b3141d6d2c2b651a,True,,,,,,,,,,1.0,1.0,1.0,1.0,0.7410316700256916,1.0,1.0,1.0,0.0,0.7940723968830286
1665,0fc2fec903c77398f,True,,,,,,,,,,1.0,1.0,1.0,1.0,0.7431239349655904,1.0,0.0,1.0,1.0,0.794726229676747
1666,1c6327dd6c33a1c36,True,,,,,,,,,,1.0,1.0,1.0,1.0,0.5997442997882412,1.0,1.0,1.0,1.0,0.8749200936838254
1667,05e7e2acfe2b49d78,True,,,,,,,,,,1.0,1.0,1.0,1.0,0.6504807758176158,1.0,1.0,1.0,1.0,0.8907752424430049
1668,93815cb266f991f06,True,,,,,,,,,,1.0,0.0,1.0,0.0,1.0,1.0,1.0,1.0,0.0,0.0
1669,54c5618f3af037eb9,True,,,,,,,,,,1.0,0.0,0.5,0.0,1.0,1.0,0.0,1.0,1.0,0.0
1670,60b5ffeeaa577037f,True,,,,,,,,,,1.0,1.0,1.0,1.0,0.7581916440836624,1.0,1.0,1.0,0.0,0.7994348887761444
1671,87b88ec189315a232,True,,,,,,,,,,1.0,1.0,1.0,1.0,0.37141741410634566,1.0,1.0,1.0,1.0,0.803567941908233
1672,3df43c406e596ada4,True,,,,,,,,,,1.0,1.0,1.0,1.0,0.67696944318817,1.0,1.0,1.0,0.0,0.7740529509963031
1673,583e0fd0c7d71cae0,True,,,,,,,,,,1.0,1.0,1.0,1.0,0.7857961476233595,1.0,0.0,1.0,1.0,0.8080612961322998
1674,030c19894cf38bd4f,True,,,,,,,,,,0.0,1.0,1.0,1.0,1.0,0.0,1.0,1.0,0.0,0.0
1675,343c682cb6fb49290,True,,,,,,,,,,1.0,1.0,1.0,1.0,1.0,1.0,0.0,1.0,0.0,0.75
1676,9e4e2947f7b3098a7,True,,,,,,,,,,0.0,0.0,1.0,1.0,1.0,0.0,0.0,1.0,1.0,0.0
1677,e5d97a89c908ac563,True,,,,,,,,,,0.0,1.0,1.0,0.0,1.0,0.0,0.0,1.0,1.0,0.0
1678,2301f91f3f804faa5,True,,,,,,,,,,1.0,0.0,1.0,1.0,0.7422368767307724,1.0,1.0,1.0,1.0,0.0
1679,62660d36960de718f,True,,,,,,,,,,1.0,1.0,1.0,1.0,0.7336702935472662,1.0,1.0,1.0,0.0,0.7917719667335207
1680,8d59e8ecb60e11b5b,True,,,,,,,,,,1.0,1.0,1.0,1.0,1.0,1.0,0.0,1.0,0.0,0.75
1681,c8d8656019a0cad0e,True,,,,,,,,,,1.0,1.0,1.0,1.0,0.7634496530032491,1.0,1.0,1.0,1.0,0.9260780165635154
1682,f13bedf0787265ff4,True,,,,,,,,,,1.0,1.0,1.0,1.0,0.8427756554300648,1.0,0.0,1.0,1.0,0.8258673923218953
1683,d53c9d9cbcfbfd03f,True,,,,,,,,,,1.0,1.0,1.0,1.0,0.4488480081347562,1.0,1.0,1.0,1.0,0.8277650025421113
1684,88805cefd139114f5,True,,,,,,,,,,0.0,1.0,1.0,1.0,1.0,0.0,0.0,1.0,1.0,0.0
1685,1b09ba4c4fe0b53e9,True,,,,,,,,,,1.0,1.0,0.0,1.0,1.0,1.0,0.0,1.0,0.0,0.0
1686,64680c5b6bd6a89e4,True,,,,,,,,,,1.0,0.0,0.5,1.0,0.7622864535973797,1.0,0.0,1.0,1.0,0.0
1687,4f8dbc02e3dd5b958,True,,,,,,,,,,0.0,1.0,1.0,1.0,1.0,0.0,1.0,1.0,0.0,0.0
1688,925bbd1a587bfa622,True,,,,,,,,,,1.0,1.0,1.0,1.0,0.5829679972191482,1.0,0.0,1.0,0.0,0.6196774991309838
1689,9a7f43d4720b544da,True,,,,,,,,,,1.0,1.0,1.0,1.0,1.0,1.0,1.0,1.0,0.0,0.875
1690,3b8ae7a448c0eb280,True,,,,,,,,,,1.0,0.0,0.0,1.0,1.0,0.0,0.0,1.0,0.0,0.0
1691,2b1010d61e3c4e8ec,True,,,,,,,,,,1.0,1.0,0.0,1.0,0.7834231486748852,1.0,0.0,1.0,0.0,0.0
1692,5e5a2a6c7ddbfc092,True,,,,,,,,,,1.0,0.0,1.0,1.0,0.881518694398247,1.0,1.0,1.0,0.0,0.0
1693,65b5a6fd57eb4ffb9,True,,,,,,,,,,1.0,1.0,1.0,1.0,1.0,1.0,0.0,1.0,1.0,0.875
1694,6e4ce2f0d18b57fb3,True,,,,,,,,,,1.0,1.0,1.0,1.0,0.9854190320817073,1.0,1.0,1.0,0.0,0.8704434475255336
1695,e2ea1000f4e2d0904,True,,,,,,,,,,1.0,1.0,1.0,1.0,0.7748575761437179,1.0,1.0,1.0,1.0,0.9296429925449119
1696,f3d58b82e93972910,True,,,,,,,,,,1.0,1.0,1.0,1.0,0.3616783678138244,1.0,1.0,1.0,0.0,0.6755244899418201
1697,3843fa52f9eff158e,True,,,,,,,,,,0.5,0.0,0.0,1.0,1.0,0.0,1.0,1.0,0.0,0.0
1698,9de9e57115e5b4d5b,True,,,,,,,,,,1.0,1.0,1.0,1.0,0.8563890102819655,1.0,1.0,1.0,1.0,0.9551215657131142
1699,09eeb5f6259309d1e,True,,,,,,,,,,0.0,1.0,1.0,1.0,1.0,0.0,1.0,1.0,1.0,0.0
1700,64176216fb79bf46c,True,,,,,,,,,,1.0,1.0,1.0,1.0,0.8258078489817994,1.0,0.0,1.0,1.0,0.8205649528068123
1701,b95297d2453c0e1e8,True,,,,,,,,,,1.0,0.0,1.0,1.0,1.0,1.0,1.0,1.0,1.0,0.0
1702,d7df71a05797f5711,True,,,,,,,,,,1.0,0.0,0.5,1.0,0.8524883960209155,1.0,0.0,1.0,0.0,0.0
1703,c8b4a00f0d379d88a,True,,,,,,,,,,0.0,1.0,1.0,1.0,1.0,0.0,1.0,1.0,1.0,0.0
1704,983f5e64888cf8b80,True,,,,,,,,,,1.0,1.0,1.0,1.0,1.0,1.0,0.0,1.0,1.0,0.875
1705,a87447007dd75f539,True,,,,,,,,,,1.0,1.0,1.0,1.0,0.7784322110534692,1.0,1.0,1.0,0.0,0.8057600659542091
1706,f12a7ee18a123034b,True,,,,,,,,,,1.0,0.0,1.0,1.0,1.0,1.0,1.0,1.0,1.0,0.0
1707,4af67dc39e7984c17,True,,,,,,,,,,1.0,1.0,1.0,1.0,0.8345482075878006,1.0,1.0,1.0,1.0,0.9482963148711877
1708,385a771804ff89676,True,,,,,,,,,,1.0,0.0,1.0,1.0,0.8914566144372981,1.0,0.0,1.0,1.0,0.0
1709,07a36d3f2100bc352,True,,,,,,,,,,1.0,1.0,1.0,1.0,1.0,1.0,0.0,1.0,1.0,0.875
1710,61437c5a9910331f6,True,,,,,,,,,,0.0,1.0,1.0,1.0,1.0,0.0,0.0,1.0,1.0,0.0
1711,4ee799c8d99616aed,True,,,,,,,,,,1.0,1.0,1.0,1.0,0.38872698044787185,1.0,0.0,1.0,1.0,0.68397718138996
1712,2385397b4291e7094,True,,,,,,,,,,1.0,1.0,1.0,1.0,0.8213907562073415,1.0,1.0,1.0,0.0,0.8191846113147943
1713,330ebf5b4dfbc967a,True,,,,,,,,,,0.0,0.0,1.0,1.0,1.0,0.0,0.0,1.0,1.0,0.0
1714,4c4503dbf9554a97b,True,,,,,,,,,,1.0,1.0,1.0,1.0,0.8394358360568864,1.0,0.0,1.0,1.0,0.8248236987677771
1715,5717542c5f1f77274,True,,,,,,,,,,0.0,0.0,1.0,1.0,1.0,0.0,0.0,1.0,1.0,0.0
1716,90d6b6889f35e691d,True,,,,,,,,,,1.0,1.0,1.0,1.0,0.8526454879092362,1.0,0.0,1.0,1.0,0.8289517149716363
1717,d853fa4b72196af01,True,,,,,,,,,,0.0,1.0,1.0,1.0,1.0,0.0,1.0,1.0,1.0,0.0
1718,727fa1e7c8aa0cdc1,True,,,,,,,,,,1.0,1.0,1.0,1.0,0.9326085400852266,1.0,0.0,1.0,1.0,0.8539401687766333
1719,1c973ecab8156df90,True,,,,,,,,,,1.0,1.0,1.0,1.0,1.0,1.0,0.0,1.0,1.0,0.875
1720,80c12d47df3847b19,True,,,,,,,,,,1.0,1.0,1.0,1.0,0.8120852790773401,1.0,1.0,1.0,1.0,0.9412766497116688
1721,9492d35704d8b1a15,True,,,,,,,,,,0.0,1.0,0.5,1.0,1.0,0.0,0.0,1.0,1.0,0.0
1722,c99c412737b15dcce,True,,,,,,,,,,0.0,1.0,1.0,0.0,1.0,0.0,0.0,1.0,0.0,0.0
1723,af7c2f2eb8cc6b36d,True,,,,,,,,,,0.0,0.0,0.5,1.0,1.0,0.0,0.0,1.0,0.0,0.0
1724,c4a089c490ce6eb9e,True,,,,,,,,,,0.0,0.0,1.0,1.0,1.0,0.0,1.0,1.0,1.0,0.0
1725,b3caab7fde86ee89e,True,,,,,,,,,,1.0,1.0,1.0,1.0,0.6142912068618114,1.0,0.0,1.0,1.0,0.754466002144316
1726,01944b1d62426bc85,True,,,,,,,,,,1.0,0.0,1.0,1.0,1.0,1.0,1.0,1.0,1.0,0.0
1727,0b2a6af7c94670346,True,,,,,,,,,,1.0,1.0,0.0,1.0,1.0,1.0,0.0,1.0,1.0,0.0
1728,3c71818855c39904e,True,,,,,,,,,,1.0,1.0,1.0,1.0,1.0,1.0,0.0,1.0,1.0,0.875
1729,d259b8e83d8d206fe,True,,,,,,,,,,1.0,1.0,1.0,1.0,1.0,1.0,0.0,1.0,1.0,0.875
1730,46ccc7e9752595671,True,,,,,,,,,,1.0,0.0,1.0,1.0,0.8532407694844613,1.0,0.0,1.0,1.0,0.0
1731,91eb99dcb70ea628c,True,,,,,,,,,,1.0,0.0,0.0,1.0,1.0,1.0,0.0,1.0,1.0,0.0
1732,934550d99dbe5a996,True,,,,,,,,,,1.0,1.0,0.0,1.0,0.689811528225453,1.0,0.0,1.0,1.0,0.0
1733,ae646ba56f5add8db,True,,,,,,,,,,1.0,1.0,0.5,1.0,0.9723594228162733,1.0,0.0,1.0,1.0,0.4331811598150427
1734,24d58aedbf92c910a,True,,,,,,,,,,1.0,1.0,1.0,1.0,0.797853625716521,1.0,1.0,1.0,1.0,0.9368292580364128
1735,2a46d49b6aa55f1ca,True,,,,,,,,,,1.0,1.0,1.0,1.0,0.881378430883166,1.0,1.0,1.0,1.0,0.9629307596509894
1736,0b20cc78c6d693794,True,,,,,,,,,,1.0,0.0,0.5,1.0,1.0,1.0,0.0,1.0,0.0,0.0
1737,3f4e1856faab2a6f3,True,,,,,,,,,,1.0,1.0,1.0,1.0,1.0,1.0,0.0,1.0,0.0,0.75
1738,86946a7ffef3ac7b0,True,,,,,,,,,,1.0,1.0,1.0,1.0,0.9114902851685158,1.0,0.0,1.0,1.0,0.8473407141151612
1739,fdef069dff8b15c66,True,,,,,,,,,,0.0,1.0,1.0,1.0,1.0,0.0,1.0,1.0,1.0,0.0
1740,631046410650329eb,True,,,,,,,,,,1.0,1.0,1.0,1.0,0.9974608075793565,1.0,0.0,1.0,0.0,0.7492065023685489
1741,5e84fb24c3fbd2647,True,,,,,,,,,,0.0,1.0,1.0,1.0,1.0,0.0,0.0,1.0,0.0,0.0
1742,55810b94ebcc0aaa3,True,,,,,,,,,,1.0,1.0,1.0,1.0,0.8959133900586903,1.0,0.0,1.0,0.0,0.7174729343933407
1743,342254f2ea2e57645,True,,,,,,,,,,1.0,1.0,1.0,1.0,0.9837078538764503,1.0,0.0,1.0,1.0,0.8699087043363907
1744,c4acda7791668ad2d,True,,,,,,,,,,1.0,1.0,1.0,1.0,0.523120916691142,1.0,1.0,1.0,1.0,0.8509752864659819
1745,8a790ebf1c22b11d5,True,,,,,,,,,,0.0,1.0,1.0,1.0,1.0,0.0,0.0,1.0,1.0,0.0
1746,ab0ba6120248926e3,True,,,,,,,,,,1.0,0.0,0.5,1.0,1.0,1.0,0.0,1.0,1.0,0.0
1747,50e0b955654ae8794,True,,,,,,,,,,1.0,0.0,1.0,1.0,0.7104159312974353,1.0,0.0,1.0,1.0,0.0
1748,d9437c8464c89be5d,True,,,,,,,,,,1.0,1.0,1.0,1.0,1.0,1.0,1.0,1.0,1.0,1.0
1749,085b907f63a37b0ac,True,,,,,,,,,,1.0,1.0,1.0,1.0,0.727002025573376,1.0,1.0,1.0,0.0,0.7896881329916801
1750,3fa4f9afc8577cdb1,True,,,,,,,,,,0.0,1.0,1.0,1.0,0.7757686966968816,0.0,0.0,1.0,0.0,0.0
1751,575fcd78444e7124b,True,,,,,,,,,,1.0,0.0,0.0,1.0,1.0,1.0,0.0,1.0,1.0,0.0
1752,4f54492b07cc07b87,True,,,,,,,,,,0.0,1.0,0.5,1.0,1.0,0.0,0.0,1.0,1.0,0.0
1753,ecc22288ebf17a22e,True,,,,,,,,,,1.0,0.0,1.0,1.0,1.0,1.0,1.0,1.0,1.0,0.0
1754,44c452535c1f9bd1b,True,,,,,,,,,,1.0,1.0,1.0,1.0,0.8615755810112244,1.0,1.0,1.0,1.0,0.9567423690660076
1755,a18d6dca51d1c96c6,True,,,,,,,,,,1.0,1.0,0.5,1.0,0.7016021921332984,1.0,0.0,1.0,1.0,0.3908753425208279
1756,16149296d3a6ee433,True,,,,,,,,,,1.0,1.0,1.0,1.0,0.6783934283003921,1.0,1.0,1.0,0.0,0.7744979463438726
1757,b6ce710fb40df843d,True,,,,,,,,,,1.0,0.0,1.0,1.0,1.0,1.0,1.0,0.0,1.0,0.0
1758,d8bd07f4fcdcdc313,True,,,,,,,,,,0.0,1.0,0.5,1.0,0.986636345346917,0.0,1.0,1.0,0.0,0.0
1759,b638486d7d50a3d60,True,,,,,,,,,,1.0,1.0,1.0,1.0,1.0,1.0,1.0,1.0,1.0,1.0
1760,530a28f5b73e11f66,True,,,,,,,,,,1.0,1.0,1.0,1.0,1.0,1.0,1.0,1.0,0.0,0.875
1761,4b55982185962b484,True,,,,,,,,,,0.0,1.0,1.0,1.0,1.0,0.0,1.0,1.0,0.0,0.0
1762,889738d49bab39139,True,,,,,,,,,,1.0,0.0,1.0,1.0,0.7808898990168608,1.0,0.0,1.0,0.0,0.0
1763,6e261442656fe6159,True,,,,,,,,,,1.0,1.0,0.5,1.0,0.6313010436850236,1.0,1.0,1.0,0.0,0.3798907880757849
1764,9d3a947ac7ae15c8a,True,,,,,,,,,,0.0,1.0,1.0,1.0,1.0,0.0,0.0,1.0,0.0,0.0
1765,b0cbc535fe9913787,True,,,,,,,,,,1.0,1.0,0.0,1.0,0.8057447854891455,1.0,1.0,1.0,0.0,0.0
1766,3de4e2683ea8699d4,True,,,,,,,,,,1.0,1.0,1.0,1.0,0.6844686039078933,1.0,1.0,1.0,0.0,0.7763964387212167
1767,47fc4c6fd21e44379,True,,,,,,,,,,0.0,1.0,1.0,1.0,1.0,0.0,1.0,1.0,1.0,0.0
1768,4aaea4c50ce77a4de,True,,,,,,,,,,0.5,0.0,0.0,1.0,1.0,0.0,1.0,1.0,1.0,0.0
1769,b32be2ef15c6d9947,True,,,,,,,,,,1.0,0.0,1.0,1.0,0.8493959310920053,1.0,1.0,1.0,1.0,0.0
1770,ad537f45665843f16,True,,,,,,,,,,1.0,1.0,1.0,1.0,0.5599033786813661,1.0,1.0,1.0,0.0,0.7374698058379269
1771,4a16da9c6c03b5918,True,,,,,,,,,,1.0,1.0,1.0,1.0,0.9110375819883623,1.0,0.0,1.0,1.0,0.8471992443713632
1772,c7f9e3c05b67e2257,True,,,,,,,,,,0.0,1.0,1.0,1.0,1.0,0.0,0.0,1.0,0.0,0.0
1773,33bdd00b087ff8b4e,True,,,,,,,,,,1.0,1.0,1.0,1.0,0.43996724974588586,1.0,1.0,1.0,1.0,0.8249897655455893
1774,3638bc9577d1ebfa6,True,,,,,,,,,,0.0,1.0,0.0,1.0,1.0,0.0,0.0,0.0,0.0,0.0
1775,801d1b42c0409656b,True,,,,,,,,,,0.0,1.0,1.0,1.0,1.0,0.0,1.0,1.0,1.0,0.0
1776,2251eed913b2fbe46,True,,,,,,,,,,1.0,1.0,1.0,1.0,0.796975576881294,1.0,1.0,1.0,0.0,0.8115548677754043
1777,a2b706d9e0ce2f53e,True,,,,,,,,,,1.0,0.0,1.0,1.0,1.0,1.0,0.0,1.0,1.0,0.0
1778,ef4057d8e3d8a089e,True,,,,,,,,,,1.0,1.0,0.0,1.0,1.0,1.0,0.0,1.0,1.0,0.0
1779,3adb9fc78ee100b06,True,,,,,,,,,,1.0,0.0,1.0,1.0,1.0,1.0,0.0,1.0,1.0,0.0
1780,77154c328dbf81f67,True,,,,,,,,,,1.0,1.0,1.0,1.0,0.7260627884982558,1.0,1.0,1.0,1.0,0.9143946214057049
1781,afb926f0852a51d14,True,,,,,,,,,,1.0,0.0,1.0,1.0,1.0,1.0,1.0,1.0,0.0,0.0
1782,a2924cf3c11b98cb0,True,,,,,,,,,,1.0,1.0,1.0,1.0,0.6702658099684373,1.0,0.0,1.0,0.0,0.6469580656151367
1783,6c853ea6e6c4a2a77,True,,,,,,,,,,1.0,1.0,0.0,1.0,1.0,1.0,0.0,1.0,1.0,0.0
1784,0389a1afc56cd9768,True,,,,,,,,,,1.0,1.0,1.0,1.0,0.7437755236904418,1.0,0.0,1.0,1.0,0.794929851153263
1785,bffe666f9175e93c1,True,,,,,,,,,,1.0,1.0,0.5,1.0,0.7789145619987726,1.0,1.0,1.0,0.0,0.40295540031230825
1786,975103a3e89ae4e4b,True,,,,,,,,,,1.0,1.0,1.0,1.0,0.661983054380077,1.0,1.0,1.0,0.0,0.7693697044937741
1787,d4b7ede155f05dff3,True,,,,,,,,,,1.0,0.0,0.5,1.0,1.0,1.0,0.0,0.0,0.0,0.0
1788,3b13a581a5a50dcdd,True,,,,,,,,,,1.0,1.0,1.0,1.0,1.0,1.0,0.0,1.0,0.0,0.75
1789,f476792b1bd197fca,True,,,,,,,,,,1.0,1.0,0.5,1.0,0.5758356859170595,1.0,0.0,1.0,0.0,0.3087243259245406
1790,70204e1d928083e97,True,,,,,,,,,,1.0,0.0,1.0,1.0,0.464395636161901,1.0,1.0,1.0,1.0,0.0
1791,937a8f24b8d3c456f,True,,,,,,,,,,0.0,1.0,1.0,1.0,1.0,0.0,0.0,1.0,1.0,0.0
1792,76a210a0c3456a3e3,True,,,,,,,,,,1.0,1.0,1.0,1.0,0.5430052076991,1.0,1.0,1.0,1.0,0.8571891274059688
1793,03e028a3b31005826,True,,,,,,,,,,1.0,1.0,1.0,1.0,0.4649923469961412,1.0,1.0,1.0,0.0,0.7078101084362941
1794,981dae0f5f7fb62f4,True,,,,,,,,,,1.0,1.0,0.0,1.0,1.0,1.0,0.0,1.0,1.0,0.0
1795,b817b5a5887d3fa36,True,,,,,,,,,,1.0,1.0,1.0,1.0,0.36604322249276455,1.0,1.0,1.0,1.0,0.801888507028989
1796,1a04dd2fcf47b0404,True,,,,,,,,,,1.0,1.0,1.0,1.0,0.7732253226281399,1.0,0.0,1.0,1.0,0.8041329133212938
1797,4cf3497675a6d22b9,True,,,,,,,,,,1.0,1.0,0.5,1.0,0.5644402660490033,1.0,0.0,1.0,0.0,0.3069437915701568
1798,ca2e709d5cab0c6e4,True,,,,,,,,,,1.0,1.0,1.0,1.0,0.5069464142340063,1.0,1.0,1.0,0.0,0.720920754448127
1799,d919319074b4ecfbf,True,,,,,,,,,,1.0,0.0,0.0,1.0,1.0,1.0,0.0,1.0,0.0,0.0
1800,09ff70ea6f020da6f,True,,,,,,,,,,0.0,1.0,1.0,1.0,1.0,0.0,0.0,1.0,1.0,0.0
1801,d4c12619399c7d2e4,True,,,,,,,,,,1.0,1.0,1.0,1.0,0.8273688249035108,1.0,0.0,1.0,1.0,0.8210527577823472
1802,afee933aa0fe755d2,True,,,,,,,,,,1.0,1.0,0.5,1.0,1.0,1.0,0.0,1.0,1.0,0.4375
1803,cb15174665de85fb2,True,,,,,,,,,,1.0,1.0,1.0,1.0,0.6500964446547532,1.0,1.0,1.0,0.0,0.7656551389546105
1804,ad43e2b3ade61b59c,True,,,,,,,,,,1.0,1.0,1.0,1.0,0.5269539117366061,1.0,0.0,1.0,0.0,0.6021730974176894
1805,5e6df44031e160cad,True,,,,,,,,,,1.0,0.0,1.0,1.0,1.0,1.0,1.0,1.0,1.0,0.0
1806,07f4044fd390149ba,True,,,,,,,,,,1.0,1.0,0.0,1.0,1.0,1.0,0.0,1.0,0.0,0.0
1807,01ad91141d2668de6,True,,,,,,,,,,0.0,1.0,1.0,1.0,1.0,0.0,1.0,1.0,1.0,0.0
1808,eacc02fe002535ebb,True,,,,,,,,,,1.0,1.0,0.0,1.0,1.0,1.0,0.0,1.0,1.0,0.0
1809,3b0bf9ca3855b2e20,True,,,,,,,,,,1.0,1.0,0.5,1.0,0.6949217667247622,1.0,1.0,1.0,1.0,0.4523315260507441
1810,5275c2d3d823a5476,True,,,,,,,,,,1.0,0.0,1.0,1.0,1.0,1.0,1.0,1.0,0.0,0.0
1811,1afa1d77d3954125e,True,,,,,,,,,,1.0,1.0,1.0,1.0,0.8513110357805083,1.0,0.0,1.0,1.0,0.8285346986814088
1812,db13e1f50a5d36df0,True,,,,,,,,,,1.0,1.0,1.0,1.0,0.8247735096823722,1.0,0.0,1.0,1.0,0.8202417217757413
1813,7acdb574f1a885262,True,,,,,,,,,,1.0,1.0,1.0,1.0,0.859046935278791,1.0,0.0,1.0,1.0,0.8309521672746222
1814,0c57f2adbbbdf0401,True,,,,,,,,,,1.0,1.0,1.0,1.0,1.0,0.0,0.0,1.0,0.0,0.4375
1815,b83cdd77a941b515d,True,,,,,,,,,,1.0,1.0,0.0,1.0,1.0,1.0,0.0,1.0,0.0,0.0
1816,213fb1c5f3fda924e,True,,,,,,,,,,1.0,1.0,0.0,1.0,1.0,1.0,0.0,1.0,1.0,0.0
1817,80f0bde16c34c246a,True,,,,,,,,,,1.0,1.0,0.5,1.0,1.0,0.0,0.0,1.0,0.0,0.21875
1818,d64a870652e64162c,True,,,,,,,,,,1.0,1.0,1.0,1.0,0.7740862115785024,1.0,0.0,1.0,1.0,0.804401941118282
1819,289adac373c057f2c,True,,,,,,,,,,1.0,1.0,0.5,1.0,1.0,1.0,0.0,1.0,0.0,0.375
1820,b96ce0efca7101f74,True,,,,,,,,,,1.0,0.0,1.0,1.0,0.39318172808690227,1.0,0.0,1.0,1.0,0.0
1821,cbb71f7b0aeef65da,True,,,,,,,,,,1.0,1.0,0.5,1.0,1.0,1.0,0.0,1.0,0.0,0.375
1822,7a67496152fb3bdcb,True,,,,,,,,,,1.0,0.0,0.5,1.0,0.7098485964581338,0.0,0.0,1.0,0.0,0.0
1823,703b1c2f2088dc549,True,,,,,,,,,,0.0,1.0,1.0,1.0,1.0,0.0,1.0,1.0,1.0,0.0
1824,7fe948a38f3a767fe,True,,,,,,,,,,1.0,1.0,0.5,1.0,0.7974467931520852,1.0,0.0,1.0,1.0,0.4058510614300133
1825,dcb2510de7a9a4dfc,True,,,,,,,,,,1.0,0.0,1.0,1.0,0.4486624328789052,1.0,1.0,1.0,1.0,0.0
1826,a1852737c84ea03fc,True,,,,,,,,,,0.0,0.0,0.5,1.0,0.7606033639774407,0.0,1.0,1.0,1.0,0.0
1827,18c9cb09dce594905,True,,,,,,,,,,1.0,1.0,0.5,1.0,0.8673410724968531,1.0,0.0,1.0,0.0,0.3542720425776333
1828,52cc30d63f3ee962c,True,,,,,,,,,,1.0,0.0,1.0,1.0,0.8185776520376362,1.0,1.0,1.0,1.0,0.0
1829,842ac0b9f9e4a08ca,True,,,,,,,,,,1.0,1.0,1.0,1.0,1.0,1.0,1.0,1.0,0.0,0.875
1830,2e5b938cd95f7cf83,True,,,,,,,,,,1.0,0.0,1.0,1.0,1.0,1.0,0.0,1.0,1.0,0.0
1831,686b6dd5e1ca96d8a,True,,,,,,,,,,1.0,1.0,1.0,1.0,1.0,1.0,1.0,1.0,0.0,0.875
1832,38a3f728f0878e6c6,True,,,,,,,,,,0.0,1.0,1.0,0.0,1.0,0.0,1.0,1.0,0.0,0.0
1833,25cdeef2455f42ea7,True,,,,,,,,,,1.0,1.0,1.0,1.0,1.0,1.0,1.0,1.0,0.0,0.875
1834,d84d05e0468db43cc,True,,,,,,,,,,1.0,1.0,0.0,1.0,1.0,1.0,0.0,1.0,1.0,0.0
1835,e1bcade7bd67e9b78,True,,,,,,,,,,1.0,1.0,1.0,1.0,0.9601099349988745,1.0,0.0,1.0,1.0,0.8625343546871482
1836,7e931dfbe8e295f21,True,,,,,,,,,,1.0,1.0,1.0,1.0,0.7756654723959703,1.0,1.0,1.0,1.0,0.9298954601237407
1837,5e199a678c61e376a,True,,,,,,,,,,1.0,1.0,1.0,1.0,1.0,1.0,0.0,1.0,1.0,0.875
1838,44028467a67d38460,True,,,,,,,,,,1.0,0.0,0.5,1.0,1.0,1.0,0.0,1.0,1.0,0.0
1839,a563e26d3cb76d239,True,,,,,,,,,,1.0,1.0,1.0,1.0,0.627039020098445,1.0,1.0,1.0,1.0,0.8834496937807641
1840,92eaa01aaa1cb995e,True,,,,,,,,,,1.0,1.0,1.0,1.0,0.7950015435716313,1.0,1.0,1.0,0.0,0.8109379823661348
1841,93dbd55a373bc4efe,True,,,,,,,,,,1.0,1.0,1.0,1.0,0.7434073879167842,1.0,1.0,1.0,0.0,0.794814808723995
1842,46b0816cf26d29e4f,True,,,,,,,,,,0.5,1.0,1.0,0.0,1.0,0.0,1.0,1.0,0.0,0.0
1843,ef271f3dd1d4e77d9,True,,,,,,,,,,1.0,1.0,0.5,1.0,0.6646045946664972,1.0,0.0,1.0,0.0,0.3225944679166402
1844,bb46fbd459543e9c1,True,,,,,,,,,,1.0,0.0,1.0,1.0,0.9019436481668924,1.0,1.0,1.0,1.0,0.0
1845,14e45cc6be6120e78,True,,,,,,,,,,1.0,0.0,1.0,1.0,0.8582305074458529,1.0,1.0,1.0,1.0,0.0
1846,ba2d0c2b1a0d13a74,True,,,,,,,,,,1.0,0.0,0.0,1.0,1.0,1.0,0.0,1.0,0.0,0.0
1847,547ea2ddfb8be2f7c,True,,,,,,,,,,1.0,1.0,1.0,1.0,0.8294400351569686,0.0,0.0,1.0,1.0,0.5092000109865527
1848,5cd73374e1336ce3f,True,,,,,,,,,,1.0,1.0,0.0,1.0,1.0,1.0,0.0,1.0,1.0,0.0
1849,9adbf8a5bfedb36d2,True,,,,,,,,,,1.0,1.0,1.0,1.0,1.0,1.0,0.0,1.0,1.0,0.875
1850,f118de263d56644de,True,,,,,,,,,,1.0,1.0,1.0,1.0,0.8839540491376591,0.0,1.0,1.0,0.0,0.5262356403555184
1851,610fbfffa032daacc,True,,,,,,,,,,1.0,0.0,1.0,1.0,1.0,1.0,0.0,1.0,1.0,0.0
1852,f3e7c306d8f0e2898,True,,,,,,,,,,0.0,1.0,0.5,1.0,1.0,0.0,0.0,1.0,1.0,0.0
1853,50c3efa45ebc549ab,True,,,,,,,,,,1.0,1.0,1.0,1.0,0.8914293601719318,1.0,0.0,1.0,1.0,0.8410716750537286
1854,b0c4ee557f41b780c,True,,,,,,,,,,0.0,0.0,1.0,1.0,0.9153565169984481,0.0,1.0,1.0,0.0,0.0
1855,da66c0e7baeb30f35,True,,,,,,,,,,1.0,1.0,1.0,1.0,0.8394162558767015,1.0,0.0,1.0,1.0,0.8248175799614692
1856,67ceda29f620bb598,True,,,,,,,,,,0.0,1.0,1.0,1.0,1.0,0.0,1.0,1.0,0.0,0.0
1857,c3b8d6641081a7618,True,,,,,,,,,,1.0,0.0,0.5,1.0,1.0,1.0,0.0,1.0,1.0,0.0
1858,b5837307d8a14be4a,True,,,,,,,,,,1.0,1.0,1.0,1.0,0.7533243264444706,1.0,1.0,1.0,1.0,0.9229138520138971
1859,1aee3d353bc51c730,True,,,,,,,,,,0.0,1.0,1.0,1.0,0.30289833586476667,0.0,0.0,1.0,1.0,0.0
1860,4d27e0875d79e55cb,True,,,,,,,,,,1.0,1.0,1.0,1.0,0.8957052439328146,1.0,1.0,1.0,0.0,0.8424078887290045
1861,25749b785814d5941,True,,,,,,,,,,1.0,1.0,1.0,1.0,0.860532311338229,1.0,1.0,1.0,1.0,0.9564163472931966
1862,dfa834bc1ba00afb5,True,,,,,,,,,,0.0,1.0,1.0,1.0,1.0,0.0,1.0,1.0,1.0,0.0
1863,cbeda6fcf87d3407c,True,,,,,,,,,,1.0,1.0,1.0,1.0,0.8666514339419916,0.0,0.0,1.0,1.0,0.5208285731068724
1864,6b912a3796564dd7e,True,,,,,,,,,,1.0,1.0,1.0,1.0,0.6515879573118516,1.0,0.0,1.0,1.0,0.7661212366599537
1865,7a163daf930e48637,True,,,,,,,,,,1.0,0.0,0.0,1.0,1.0,1.0,0.0,1.0,0.0,0.0
1866,f5cba35a5a2bc646e,True,,,,,,,,,,1.0,1.0,1.0,1.0,1.0,1.0,1.0,1.0,0.0,0.875
1867,14123368ec92cefb0,True,,,,,,,,,,1.0,0.0,1.0,1.0,0.8003641329748656,1.0,0.0,1.0,1.0,0.0
1868,d64fff6b350c44bf6,True,,,,,,,,,,1.0,0.0,1.0,1.0,1.0,1.0,1.0,1.0,1.0,0.0
1869,ff494c8f27c7b3c5d,True,,,,,,,,,,1.0,1.0,1.0,1.0,0.6198555247868588,1.0,1.0,1.0,0.0,0.7562048514958933
1870,781d4b5658394c5ca,True,,,,,,,,,,1.0,1.0,1.0,1.0,1.0,1.0,0.0,1.0,1.0,0.875
1871,3271d4013cb715ce0,True,,,,,,,,,,1.0,1.0,0.0,1.0,0.8217735661122327,1.0,0.0,1.0,0.0,0.0
1872,193752eccdb929fcc,True,,,,,,,,,,1.0,1.0,1.0,1.0,0.3340620440411015,1.0,0.0,1.0,1.0,0.6668943887628442
1873,8a73882c047d96e3f,True,,,,,,,,,,1.0,1.0,1.0,1.0,1.0,1.0,0.0,1.0,0.0,0.75
1874,252b287c4bec81c38,True,,,,,,,,,,1.0,1.0,1.0,1.0,0.7189795438919797,1.0,0.0,1.0,0.0,0.6621811074662436
1875,3042cb349e2487756,True,,,,,,,,,,1.0,1.0,1.0,1.0,1.0,1.0,1.0,1.0,0.0,0.875
1876,24ac26ca8ac0e9395,True,,,,,,,,,,1.0,1.0,1.0,1.0,1.0,1.0,1.0,1.0,0.0,0.875
1877,2498bf6f5436ef1e3,True,,,,,,,,,,1.0,1.0,0.0,1.0,1.0,1.0,0.0,1.0,1.0,0.0
1878,8776bb6a2a0edef8e,True,,,,,,,,,,1.0,1.0,1.0,1.0,0.7956819905992831,1.0,0.0,1.0,0.0,0.686150622062276
1879,90411c0174cf07251,True,,,,,,,,,,1.0,0.0,1.0,1.0,0.785442327500342,1.0,1.0,1.0,0.0,0.0
1880,c2d01510da5dcbb7b,True,,,,,,,,,,1.0,1.0,1.0,1.0,0.5563241993425011,1.0,1.0,1.0,1.0,0.8613513122945315
1881,646aa5cbfd5f84a9e,True,,,,,,,,,,1.0,1.0,1.0,1.0,0.9673385850157082,1.0,0.0,1.0,1.0,0.8647933078174088
1882,29ac6cd782f3052a8,True,,,,,,,,,,1.0,1.0,0.0,1.0,1.0,1.0,1.0,1.0,1.0,0.0
1883,eeb34640b5657db25,True,,,,,,,,,,1.0,0.0,1.0,1.0,1.0,1.0,1.0,1.0,1.0,0.0
1884,58bf2e385090a00e8,True,,,,,,,,,,1.0,1.0,1.0,1.0,0.6327379041486743,1.0,0.0,1.0,0.0,0.6352305950464607
1885,e829e9b1fb63a8774,True,,,,,,,,,,1.0,0.0,0.5,1.0,1.0,1.0,0.0,1.0,1.0,0.0
1886,3501e37f323516fb9,True,,,,,,,,,,1.0,0.0,0.5,1.0,1.0,1.0,1.0,1.0,0.0,0.0
1887,923c60fcee28fff76,True,,,,,,,,,,1.0,1.0,1.0,1.0,0.8101393039560325,1.0,1.0,1.0,1.0,0.9406685324862601
1888,2515a4049787b61ac,True,,,,,,,,,,1.0,1.0,1.0,1.0,1.0,1.0,0.0,1.0,0.0,0.75
1889,e41845d0f5aba53e4,True,,,,,,,,,,0.0,1.0,1.0,1.0,1.0,0.0,0.0,1.0,1.0,0.0
1890,0b7a0cf41a68849b4,True,,,,,,,,,,1.0,1.0,1.0,1.0,0.7013246311160964,1.0,1.0,1.0,1.0,0.9066639472237801
1891,ecefe6eb9d594a685,True,,,,,,,,,,1.0,0.0,0.0,1.0,0.9163948582165894,1.0,0.0,1.0,1.0,0.0
1892,579935f9cfdd09614,True,,,,,,,,,,1.0,1.0,1.0,1.0,0.8550336039237336,1.0,0.0,1.0,0.0,0.7046980012261668
1893,5e35c45c67a83ec9a,True,,,,,,,,,,1.0,0.0,1.0,1.0,0.60415160722906,1.0,1.0,1.0,1.0,0.0
1894,3aa9ab0760c9f1c8a,True,,,,,,,,,,1.0,1.0,1.0,1.0,0.7390077144350591,1.0,1.0,1.0,0.0,0.793439910760956
1895,f53ce77b754edd1f8,True,,,,,,,,,,1.0,1.0,1.0,1.0,0.6490686308749839,1.0,1.0,1.0,0.0,0.7653339471484325
1896,e0a8201279694e092,True,,,,,,,,,,0.0,1.0,1.0,1.0,1.0,0.0,1.0,1.0,0.0,0.0
1897,14f7e3a226b0e16d8,True,,,,,,,,,,1.0,1.0,1.0,1.0,1.0,1.0,1.0,1.0,1.0,1.0
1898,590744a9d3d5652dd,True,,,,,,,,,,1.0,1.0,1.0,1.0,0.8385080309006865,1.0,0.0,1.0,1.0,0.8245337596564646
1899,51b90828c7ba37b79,True,,,,,,,,,,1.0,0.0,1.0,1.0,0.7696746857577869,1.0,1.0,1.0,0.0,0.0
1900,4ec9148a1b26673a2,True,,,,,,,,,,1.0,0.0,1.0,1.0,1.0,1.0,0.0,1.0,1.0,0.0
1901,e85bd1aab37f82bde,True,,,,,,,,,,0.0,1.0,1.0,1.0,1.0,0.0,1.0,1.0,1.0,0.0
1902,c3d63199e3d09c551,True,,,,,,,,,,0.5,1.0,1.0,1.0,1.0,0.0,1.0,1.0,0.0,0.28125
1903,89ffb6efe20df9ccf,True,,,,,,,,,,1.0,1.0,1.0,1.0,1.0,1.0,1.0,1.0,1.0,1.0
1904,a2a9c734a84da7235,True,,,,,,,,,,1.0,1.0,0.5,1.0,1.0,1.0,0.0,1.0,1.0,0.4375
1905,cc641ddb31703cb06,True,,,,,,,,,,0.0,1.0,0.0,1.0,0.9074239958797577,0.0,0.0,1.0,1.0,0.0
1906,23e989fa30e56fb01,True,,,,,,,,,,0.0,1.0,1.0,0.0,1.0,0.0,0.0,1.0,0.0,0.0
1907,cca4e701be243a275,True,,,,,,,,,,0.0,0.0,1.0,1.0,1.0,0.0,0.0,0.0,0.0,0.0
1908,3e8f802de1e65025d,True,,,,,,,,,,1.0,1.0,1.0,1.0,0.7542574820700344,0.0,0.0,1.0,1.0,0.4857054631468858
1909,5a6d3d8a6cd7a7d2e,True,,,,,,,,,,1.0,1.0,1.0,1.0,0.6155523414381819,1.0,0.0,1.0,1.0,0.7548601066994318
1910,9922b31c71414db50,True,,,,,,,,,,1.0,1.0,1.0,1.0,1.0,0.0,0.0,1.0,0.0,0.4375
1911,bad9757cb0a673425,True,,,,,,,,,,1.0,1.0,1.0,1.0,1.0,1.0,0.0,1.0,0.0,0.75
1912,b1446d3c05a5f7c0a,True,,,,,,,,,,1.0,1.0,0.5,1.0,1.0,1.0,0.0,1.0,0.0,0.375
1913,cfdd0359dacc8fea1,True,,,,,,,,,,1.0,1.0,1.0,1.0,0.93671313508191,1.0,0.0,1.0,1.0,0.8552228547130969
1914,165e39945068ad586,True,,,,,,,,,,1.0,1.0,1.0,1.0,0.8114915592913947,1.0,1.0,1.0,1.0,0.9410911122785608
1915,58bd6bb780642e715,True,,,,,,,,,,0.5,0.0,0.5,1.0,1.0,0.0,0.0,1.0,1.0,0.0
1916,3d7ddf7a34c6ba150,True,,,,,,,,,,1.0,1.0,0.0,1.0,1.0,1.0,1.0,1.0,0.0,0.0
1917,c3ae26874d15feb7d,True,,,,,,,,,,1.0,1.0,0.5,1.0,1.0,1.0,0.0,1.0,0.0,0.375
1918,6d3e5e6a1c2f52b9a,True,,,,,,,,,,1.0,1.0,1.0,1.0,1.0,1.0,1.0,1.0,1.0,1.0
1919,886484d2bedf04b15,True,,,,,,,,,,1.0,0.0,1.0,1.0,0.5792615638613269,1.0,1.0,1.0,1.0,0.0
1920,2c1190d3b505388dd,True,,,,,,,,,,1.0,1.0,1.0,1.0,0.8094049427751587,1.0,1.0,1.0,0.0,0.815439044617237
1921,0ff0e427305289854,True,,,,,,,,,,1.0,0.0,1.0,1.0,1.0,1.0,0.0,1.0,1.0,0.0
1922,3dafbde4626235155,True,,,,,,,,,,1.0,1.0,0.0,1.0,0.7918981319471472,1.0,0.0,1.0,1.0,0.0
1923,70271e1e4a4efb5c5,True,,,,,,,,,,1.0,1.0,1.0,1.0,0.7451606427544007,1.0,0.0,1.0,1.0,0.7953627008607502
1924,7339827ceaab8796b,True,,,,,,,,,,1.0,1.0,1.0,1.0,0.6762392999094496,1.0,1.0,1.0,1.0,0.898824781221703
1925,2c5c3c9002e3d1165,True,,,,,,,,,,1.0,1.0,1.0,1.0,0.893487881201078,1.0,1.0,1.0,1.0,0.9667149628753369
1926,88c5a08bcfdda91cd,True,,,,,,,,,,1.0,1.0,1.0,1.0,0.8590720059987129,1.0,1.0,1.0,1.0,0.9559600018745977
1927,e260f18e09079fc0a,True,,,,,,,,,,1.0,1.0,1.0,1.0,0.9922396194427309,1.0,1.0,1.0,0.0,0.8725748810758533
1928,4e61e52835cb5d3ef,True,,,,,,,,,,1.0,1.0,1.0,1.0,0.8238583661663412,1.0,0.0,1.0,1.0,0.8199557394269816
1929,d9bde28612a6aad4f,True,,,,,,,,,,1.0,0.0,1.0,1.0,1.0,1.0,0.0,0.0,0.0,0.0
1930,6e7525ff98599366a,True,,,,,,,,,,1.0,1.0,1.0,1.0,1.0,1.0,0.0,1.0,1.0,0.875
1931,1087cd8acf5661e9c,True,,,,,,,,,,1.0,1.0,0.5,1.0,0.7863451686418212,1.0,0.0,1.0,1.0,0.40411643260028457
1932,0f4ea7fb12b00026d,True,,,,,,,,,,1.0,1.0,1.0,1.0,0.9430684121486256,1.0,1.0,1.0,0.0,0.8572088787964455
1933,dd2ee657886ef2e66,True,,,,,,,,,,1.0,1.0,1.0,1.0,0.8159745468770138,1.0,0.0,1.0,1.0,0.8174920458990669
1934,a784ac158bbb30d15,True,,,,,,,,,,1.0,1.0,1.0,1.0,0.6472642283415525,1.0,1.0,1.0,0.0,0.7647700713567351
1935,1aa011bf1da1bf1c7,True,,,,,,,,,,1.0,0.0,1.0,1.0,0.7889994775205756,0.0,1.0,1.0,1.0,0.0
1936,47b4f8325c08a9af6,True,,,,,,,,,,1.0,1.0,1.0,1.0,0.7856818533307698,1.0,0.0,1.0,1.0,0.8080255791658656
1937,fe2ce74b2caa3fec8,True,,,,,,,,,,1.0,1.0,1.0,1.0,0.5082631700161967,1.0,1.0,1.0,1.0,0.8463322406300615
1938,53667f0557981798d,True,,,,,,,,,,1.0,1.0,1.0,1.0,0.8102149205279444,1.0,0.0,1.0,1.0,0.8156921626649827
1939,9c47bf4ba9db25f5d,True,,,,,,,,,,0.0,1.0,1.0,1.0,1.0,0.0,1.0,1.0,1.0,0.0
1940,80d068bd845098002,True,,,,,,,,,,1.0,1.0,1.0,1.0,1.0,1.0,1.0,1.0,0.0,0.875
1941,31cc7cd0fdf16f061,True,,,,,,,,,,1.0,1.0,1.0,1.0,0.7446472377349115,1.0,1.0,0.0,0.0,0.6702022617921598
1942,d913eb830099d4dfe,True,,,,,,,,,,1.0,0.0,1.0,1.0,1.0,1.0,0.0,1.0,1.0,0.0
1943,dab0fa452a04c5188,True,,,,,,,,,,0.0,1.0,1.0,1.0,1.0,0.0,1.0,1.0,0.0,0.0
1944,c92c8161fb36eab75,True,,,,,,,,,,1.0,1.0,1.0,1.0,0.9326085400852266,1.0,0.0,1.0,1.0,0.8539401687766333
1945,5875003845a7403ab,True,,,,,,,,,,1.0,1.0,1.0,1.0,1.0,1.0,1.0,1.0,0.0,0.875
1946,d917882ea2d51f02c,True,,,,,,,,,,1.0,1.0,0.5,1.0,0.9438873826974911,1.0,0.0,1.0,0.0,0.366232403546483
1947,9f1e97dfb6a8d6a6e,True,,,,,,,,,,1.0,1.0,1.0,1.0,0.9044368457285465,1.0,1.0,1.0,1.0,0.9701365142901708
1948,4d6386d3f9143b9e0,True,,,,,,,,,,1.0,1.0,1.0,1.0,1.0,1.0,0.0,1.0,1.0,0.875
1949,68bca311e7f195048,True,,,,,,,,,,1.0,1.0,1.0,1.0,0.8071394432484336,0.0,1.0,1.0,1.0,0.6272310760151355
1950,9e0e0c6fe70eeb1d8,True,,,,,,,,,,1.0,0.0,0.5,1.0,1.0,1.0,0.0,1.0,1.0,0.0
1951,823e2256b643e1b5f,True,,,,,,,,,,0.0,1.0,1.0,1.0,1.0,0.0,1.0,1.0,1.0,0.0
1952,fbc2b4583a81f36b9,True,,,,,,,,,,1.0,1.0,1.0,1.0,0.802534147811771,1.0,0.0,1.0,1.0,0.8132919211911784
1953,cd5e5b17476268370,True,,,,,,,,,,1.0,0.0,1.0,1.0,0.8156155205627315,1.0,0.0,1.0,1.0,0.0
1954,c9a52fd56ee7c5ee5,True,,,,,,,,,,1.0,1.0,1.0,1.0,1.0,1.0,1.0,1.0,0.0,0.875
1955,99dc5d64b209fb23b,True,,,,,,,,,,0.0,1.0,1.0,1.0,1.0,0.0,0.0,1.0,1.0,0.0
1956,ad6a7a2414e2a5ac3,True,,,,,,,,,,1.0,0.0,0.0,1.0,1.0,1.0,0.0,1.0,1.0,0.0
1957,38a3a85f24db9d0f8,True,,,,,,,,,,1.0,1.0,0.5,1.0,1.0,1.0,0.0,1.0,1.0,0.4375
1958,38bdb6df2119d0042,True,,,,,,,,,,1.0,0.0,1.0,1.0,0.7939559958271489,1.0,0.0,1.0,1.0,0.0
1959,a34f2a190f165bd3c,True,,,,,,,,,,1.0,1.0,1.0,1.0,0.5742267431725414,1.0,1.0,1.0,1.0,0.8669458572414193
1960,e6c702d5c053c4516,True,,,,,,,,,,1.0,1.0,1.0,1.0,0.9824393838749378,1.0,0.0,1.0,0.0,0.7445123074609181
1961,b22e723d346176e1f,True,,,,,,,,,,0.0,1.0,1.0,1.0,0.5170254367968423,0.0,0.0,1.0,1.0,0.0
1962,c89e54cc4c778e2c6,True,,,,,,,,,,1.0,1.0,1.0,1.0,1.0,1.0,1.0,1.0,0.0,0.875
1963,ac83e59ec47471195,True,,,,,,,,,,1.0,0.0,1.0,1.0,0.6278314569318857,1.0,1.0,1.0,0.0,0.0
1964,486ba1da3162e9265,True,,,,,,,,,,1.0,1.0,1.0,1.0,1.0,1.0,0.0,0.0,0.0,0.625
1965,c62f78ae6b2bb3ad4,True,,,,,,,,,,1.0,0.0,1.0,1.0,0.7396544078168125,1.0,1.0,1.0,1.0,0.0
1966,8d358053106bc9580,True,,,,,,,,,,0.0,1.0,1.0,1.0,1.0,0.0,0.0,1.0,1.0,0.0
1967,e0e4ca847f84568a3,True,,,,,,,,,,1.0,1.0,1.0,1.0,0.7380659326372345,1.0,0.0,1.0,1.0,0.7931456039491358
1968,e306d6a4971bcbd83,True,,,,,,,,,,0.0,1.0,1.0,1.0,1.0,0.0,1.0,1.0,0.0,0.0
1969,b23bdeea5132cf7af,True,,,,,,,,,,1.0,0.0,1.0,1.0,0.7124288899440466,1.0,0.0,1.0,0.0,0.0
1970,6a39e3072cc5a4e56,True,,,,,,,,,,1.0,1.0,0.5,1.0,0.792066458858111,1.0,1.0,1.0,1.0,0.46751038419657986
1971,d409509cfbf993fc3,True,,,,,,,,,,1.0,1.0,0.5,1.0,1.0,1.0,0.0,1.0,1.0,0.4375
1972,7904bcffe314d0056,True,,,,,,,,,,1.0,0.0,1.0,1.0,1.0,1.0,1.0,1.0,0.0,0.0
1973,b6963168b66273c97,True,,,,,,,,,,1.0,1.0,1.0,1.0,0.8615103094731377,1.0,1.0,1.0,1.0,0.9567219717103554
1974,a6f2bb94eb4ae6278,True,,,,,,,,,,0.0,1.0,1.0,1.0,1.0,0.0,1.0,1.0,0.0,0.0
1975,eabd2a62e5069e1a4,True,,,,,,,,,,1.0,1.0,1.0,1.0,0.7755474309984598,1.0,0.0,1.0,1.0,0.8048585721870187
1976,e5f171ef890e7a042,True,,,,,,,,,,1.0,1.0,1.0,1.0,1.0,1.0,0.0,1.0,1.0,0.875
1977,dd0ab6f5e9d352fb2,True,,,,,,,,,,1.0,1.0,0.5,1.0,1.0,1.0,0.0,1.0,1.0,0.4375
1978,3e0e15540dab7a9e5,True,,,,,,,,,,1.0,0.0,1.0,1.0,0.6141229831295555,1.0,1.0,1.0,1.0,0.0
1979,45eccc47d6cb959e7,True,,,,,,,,,,1.0,0.0,1.0,1.0,1.0,1.0,1.0,1.0,0.0,0.0
1980,d41d6a2f8fae47904,True,,,,,,,,,,0.0,0.0,0.5,1.0,0.9870793682264316,0.0,1.0,1.0,0.0,0.0
1981,7fd931e169ce1f227,True,,,,,,,,,,1.0,1.0,1.0,1.0,0.7821643756196546,1.0,0.0,1.0,1.0,0.806926367381142
1982,acd449fa83a39cef2,True,,,,,,,,,,1.0,1.0,1.0,1.0,0.8892127414741086,1.0,0.0,1.0,1.0,0.840378981710659
1983,4f8f53cf5fc946ea6,True,,,,,,,,,,1.0,1.0,1.0,1.0,0.6271312115290274,1.0,0.0,1.0,0.0,0.6334785036028211
1984,3d460fd77ec7fcd59,True,,,,,,,,,,1.0,1.0,1.0,1.0,1.0,1.0,1.0,1.0,1.0,1.0
1985,3de0117d8b0d82352,True,,,,,,,,,,1.0,1.0,1.0,1.0,0.8686561997624934,1.0,0.0,1.0,1.0,0.8339550624257792
1986,f9f0618a87c59174c,True,,,,,,,,,,1.0,1.0,1.0,1.0,1.0,1.0,1.0,1.0,0.0,0.875
1987,2614f6ffeaef993a9,True,,,,,,,,,,1.0,1.0,1.0,1.0,0.976912846172991,1.0,0.0,1.0,1.0,0.8677852644290597
1988,9c1ac53b20c284d28,True,,,,,,,,,,1.0,1.0,1.0,1.0,0.8101146137132613,1.0,1.0,1.0,1.0,0.9406608167853941
1989,7d544582497e9153d,True,,,,,,,,,,1.0,1.0,1.0,1.0,0.7185219991976253,1.0,1.0,1.0,0.0,0.7870381247492579
1990,ac16065f66685feff,True,,,,,,,,,,1.0,1.0,1.0,1.0,0.5637395180909494,1.0,1.0,1.0,1.0,0.8636685994034217
1991,db7100201c9cbe2f6,True,,,,,,,,,,1.0,1.0,1.0,1.0,0.580748389698232,1.0,1.0,1.0,1.0,0.8689838717806975
1992,73b46033e2af4eb96,True,,,,,,,,,,1.0,1.0,1.0,1.0,0.7670489700833388,1.0,0.0,1.0,1.0,0.8022028031510434
1993,4f7b62e9ded399e3c,True,,,,,,,,,,1.0,0.0,1.0,1.0,1.0,1.0,0.0,1.0,1.0,0.0
1994,702b15efbe7996592,True,,,,,,,,,,1.0,1.0,1.0,1.0,1.0,1.0,1.0,1.0,0.0,0.875
1995,557e221eea6bbdd42,True,,,,,,,,,,1.0,1.0,1.0,1.0,0.7589699310889969,1.0,1.0,1.0,1.0,0.9246781034653115
1996,f423e66e3506af742,True,,,,,,,,,,1.0,1.0,1.0,1.0,0.7245361379202002,1.0,0.0,1.0,0.0,0.6639175431000626
1997,d23a6fb267f1f6fa5,True,,,,,,,,,,1.0,1.0,1.0,1.0,0.8750559106315585,1.0,1.0,1.0,0.0,0.835954972072362
1998,dda6b82566281cb83,True,,,,,,,,,,1.0,1.0,1.0,1.0,0.7098277446940232,1.0,1.0,1.0,0.0,0.7843211702168822
1999,daa6b068709fe9531,True,,,,,,,,,,1.0,0.0,1.0,1.0,0.478473000629157,1.0,1.0,1.0,1.0,0.0
2000,bbc7311ff7a7c3e18,True,,,,,,,,,,1.0,1.0,1.0,1.0,1.0,1.0,1.0,1.0,0.0,0.875
2001,10f68fec177e9b51c,True,,,,,,,,,,1.0,1.0,1.0,1.0,1.0,1.0,1.0,1.0,1.0,1.0
2002,3d9b28f26222924ba,True,,,,,,,,,,0.0,1.0,1.0,1.0,1.0,0.0,0.0,1.0,1.0,0.0
2003,785173203974d1027,True,,,,,,,,,,1.0,0.0,1.0,1.0,0.8737625497778828,1.0,1.0,1.0,1.0,0.0
2004,bae5ac57314f7412b,True,,,,,,,,,,1.0,1.0,1.0,1.0,1.0,1.0,1.0,1.0,0.0,0.875
2005,592e29a92e9aa79df,True,,,,,,,,,,1.0,1.0,1.0,1.0,0.9306670309107753,1.0,0.0,0.0,0.0,0.6033334471596172
2006,9b4e2ae84afe8c832,True,,,,,,,,,,1.0,1.0,1.0,1.0,0.7071717833869523,1.0,1.0,1.0,1.0,0.9084911823084226
2007,ab729d3e912f125a5,True,,,,,,,,,,0.0,1.0,1.0,1.0,1.0,0.0,0.0,1.0,1.0,0.0
2008,10d905dbddd82d817,True,,,,,,,,,,1.0,1.0,1.0,1.0,1.0,1.0,1.0,1.0,0.0,0.875
2009,fd26db12e49fe9b3e,True,,,,,,,,,,1.0,1.0,0.0,1.0,1.0,1.0,0.0,1.0,1.0,0.0
2010,ff95aff7630205c1a,True,,,,,,,,,,1.0,0.0,1.0,1.0,1.0,1.0,1.0,1.0,1.0,0.0
2011,04de9b2eef6b71d6c,True,,,,,,,,,,1.0,1.0,1.0,1.0,0.8449076432824437,1.0,0.0,1.0,0.0,0.7015336385257637
2012,0225e9a16d781eb96,True,,,,,,,,,,0.0,1.0,0.0,1.0,1.0,0.0,0.0,1.0,1.0,0.0
2013,6f730ed4241558274,True,,,,,,,,,,1.0,1.0,0.5,1.0,1.0,1.0,0.0,1.0,1.0,0.4375
2014,568447ab7f82a5918,True,,,,,,,,,,1.0,0.0,0.0,1.0,1.0,1.0,0.0,1.0,1.0,0.0
2015,c77d4472e1ca73bd3,True,,,,,,,,,,1.0,1.0,1.0,0.0,1.0,1.0,1.0,1.0,1.0,0.0
2016,114bae5e9b92e8933,True,,,,,,,,,,1.0,0.0,0.5,1.0,1.0,1.0,1.0,0.0,0.0,0.0
2017,36316a03f12a8e7f4,True,,,,,,,,,,1.0,0.0,0.0,1.0,1.0,1.0,0.0,1.0,1.0,0.0
2018,059699c7343bcc1bc,True,,,,,,,,,,1.0,1.0,0.0,1.0,0.9781441992237347,1.0,0.0,1.0,1.0,0.0
2019,265f651d3984bee82,True,,,,,,,,,,1.0,1.0,1.0,1.0,1.0,1.0,1.0,1.0,0.0,0.875
2020,56bd93dec0d4cb4df,True,,,,,,,,,,1.0,1.0,1.0,1.0,0.8995585365608021,1.0,1.0,1.0,1.0,0.9686120426752507
2021,939cad6fe88e1d488,True,,,,,,,,,,1.0,1.0,1.0,1.0,0.700623441784862,0.0,1.0,1.0,0.0,0.4689448255577694
2022,6c04df27e5264b20b,True,,,,,,,,,,1.0,0.0,1.0,1.0,1.0,1.0,1.0,1.0,0.0,0.0
2023,a9400ab68fb27ff72,True,,,,,,,,,,1.0,1.0,0.5,1.0,1.0,1.0,0.0,1.0,0.0,0.375
2024,9e2bf4fef7c5a70f5,True,,,,,,,,,,0.0,1.0,1.0,1.0,1.0,0.0,0.0,1.0,1.0,0.0
2025,d4866f416d8d48597,True,,,,,,,,,,1.0,0.0,1.0,1.0,1.0,1.0,1.0,1.0,1.0,0.0
2026,481cb8f4c173a9ed0,True,,,,,,,,,,1.0,1.0,1.0,1.0,0.7695481546542601,1.0,1.0,1.0,0.0,0.8029837983294563
2027,256ffb5e85a521e98,True,,,,,,,,,,0.0,1.0,1.0,1.0,1.0,0.0,0.0,1.0,0.0,0.0
2028,dcf19e94036cc47aa,True,,,,,,,,,,1.0,0.0,0.5,1.0,1.0,1.0,0.0,1.0,1.0,0.0
2029,eaae6fd2529ee2b0b,True,,,,,,,,,,0.0,1.0,1.0,1.0,1.0,1.0,1.0,1.0,0.0,0.0
2030,845a83fdb1732a5ef,True,,,,,,,,,,1.0,0.0,0.0,0.0,1.0,1.0,0.0,1.0,0.0,0.0
2031,c0c4cd4a0562039fc,True,,,,,,,,,,1.0,0.0,0.5,1.0,1.0,1.0,0.0,1.0,0.0,0.0
2032,24552af895f24c7c8,True,,,,,,,,,,1.0,1.0,1.0,1.0,0.8961288631360136,1.0,1.0,1.0,0.0,0.8425402697300042
2033,b7b2aa82af5f10496,True,,,,,,,,,,1.0,1.0,1.0,1.0,0.6892392479879367,1.0,1.0,1.0,1.0,0.9028872649962302
2034,b52e19bdb170f1078,True,,,,,,,,,,1.0,0.0,1.0,1.0,0.938291538244373,0.0,1.0,1.0,1.0,0.0
2035,c1f2006b4745c21bc,True,,,,,,,,,,1.0,0.0,1.0,1.0,0.5577484909286415,1.0,1.0,1.0,1.0,0.0
2036,9864904b0ceaacd61,True,,,,,,,,,,1.0,1.0,1.0,1.0,1.0,1.0,0.0,1.0,0.0,0.75
2037,70886fe6fcf180420,True,,,,,,,,,,0.0,1.0,0.0,1.0,0.7540822747885669,0.0,0.0,1.0,0.0,0.0
2038,87ba78b703221d111,True,,,,,,,,,,0.0,1.0,1.0,1.0,1.0,0.0,1.0,1.0,0.0,0.0
2039,4831965b341a7fca8,True,,,,,,,,,,1.0,1.0,1.0,1.0,0.6474126048123904,1.0,1.0,1.0,1.0,0.889816439003872
2040,8732dc54a30ca7f80,True,,,,,,,,,,0.0,1.0,0.5,1.0,1.0,0.0,1.0,1.0,1.0,0.0
2041,81e6ca0e63a415859,True,,,,,,,,,,1.0,1.0,1.0,1.0,1.0,1.0,0.0,1.0,1.0,0.875
2042,451c8ee9a94e9524f,True,,,,,,,,,,1.0,0.0,0.0,1.0,1.0,1.0,0.0,1.0,1.0,0.0
2043,299c68e344d04e536,True,,,,,,,,,,1.0,1.0,0.0,1.0,0.8561462802472035,1.0,0.0,1.0,0.0,0.0
2044,b7b75d4d1f9b05cac,True,,,,,,,,,,1.0,1.0,1.0,1.0,0.6909805075233408,1.0,0.0,1.0,1.0,0.778431408601044
2045,a0c6dbfad5c2cef6e,True,,,,,,,,,,1.0,1.0,0.0,1.0,1.0,0.0,0.0,1.0,1.0,0.0
2046,ce6402fbad2038696,True,,,,,,,,,,1.0,0.0,0.5,1.0,1.0,1.0,0.0,0.0,0.0,0.0
2047,b6eff4db462e0b665,True,,,,,,,,,,1.0,1.0,1.0,1.0,1.0,1.0,1.0,1.0,0.0,0.875
2048,b93890b60ea010aaa,True,,,,,,,,,,1.0,1.0,1.0,1.0,1.0,1.0,1.0,1.0,0.0,0.875
2049,3fc80f9e72ac43027,True,,,,,,,,,,1.0,0.0,1.0,1.0,0.2951601467501419,1.0,0.0,1.0,1.0,0.0
2050,556038b758f3b54f6,True,,,,,,,,,,1.0,1.0,1.0,1.0,0.912937532826539,1.0,0.0,1.0,1.0,0.8477929790082934
2051,ad215da365bb78fd6,True,,,,,,,,,,1.0,1.0,1.0,1.0,0.8350840910126687,1.0,1.0,1.0,1.0,0.9484637784414589
2052,9157e54640172d150,True,,,,,,,,,,1.0,0.0,1.0,1.0,1.0,1.0,0.0,1.0,1.0,0.0
2053,99843a353c9918cfd,True,,,,,,,,,,1.0,1.0,1.0,1.0,0.6644588787702127,1.0,1.0,1.0,1.0,0.8951433996156914
2054,a2b18a44314422b37,True,,,,,,,,,,1.0,1.0,1.0,1.0,0.8348405428429865,1.0,1.0,1.0,0.0,0.8233876696384332
2055,87555f32aa4e45c55,True,,,,,,,,,,1.0,1.0,1.0,1.0,0.6338517965157638,1.0,1.0,1.0,1.0,0.8855786864111762
2056,423fdbe39c764f2e2,True,,,,,,,,,,1.0,0.0,1.0,1.0,0.7064224370678276,1.0,1.0,1.0,0.0,0.0
2057,8586a8b63a4fed64c,True,,,,,,,,,,1.0,1.0,0.0,1.0,1.0,1.0,0.0,1.0,0.0,0.0
2058,941e498bd0dfbd991,True,,,,,,,,,,1.0,1.0,1.0,1.0,1.0,1.0,0.0,1.0,0.0,0.75
2059,c0581b1e56946d6c1,True,,,,,,,,,,0.0,1.0,1.0,1.0,0.44921597627947174,0.0,0.0,1.0,1.0,0.0
2060,0e21f086c18f3949c,True,,,,,,,,,,1.0,1.0,1.0,1.0,0.8373282483128061,1.0,1.0,1.0,0.0,0.8241650775977518
2061,c0a268f5942ff8fac,True,,,,,,,,,,1.0,1.0,1.0,1.0,0.6158753376536581,1.0,1.0,1.0,1.0,0.8799610430167681
2062,4a9850fe681028df5,True,,,,,,,,,,1.0,1.0,1.0,1.0,0.7733555188738085,1.0,0.0,0.0,0.0,0.5541735996480651
2063,92a6f3f0e526faa65,True,,,,,,,,,,1.0,0.0,0.5,1.0,0.9685792922564879,1.0,0.0,1.0,0.0,0.0
2064,f594bad990074c0ce,True,,,,,,,,,,1.0,1.0,1.0,1.0,1.0,1.0,0.0,1.0,0.0,0.75
2065,e9bf575d65f297345,True,,,,,,,,,,1.0,1.0,0.0,1.0,1.0,1.0,0.0,1.0,0.0,0.0
2066,406c46b5527457915,True,,,,,,,,,,1.0,1.0,1.0,1.0,1.0,1.0,0.0,1.0,1.0,0.875
2067,ccaf60b54f92a7260,True,,,,,,,,,,1.0,1.0,1.0,1.0,0.7943345587534136,1.0,1.0,1.0,1.0,0.9357295496104417
2068,6947b69561a94404d,True,,,,,,,,,,1.0,1.0,1.0,1.0,1.0,1.0,0.0,1.0,0.0,0.75
2069,fb36ad22580aff945,True,,,,,,,,,,0.0,1.0,0.0,1.0,1.0,0.0,0.0,1.0,1.0,0.0
2070,9985c549514dec050,True,,,,,,,,,,1.0,1.0,0.5,1.0,1.0,1.0,0.0,1.0,1.0,0.4375
2071,65d1dc0e08fdbab3c,True,,,,,,,,,,0.0,1.0,1.0,1.0,1.0,0.0,1.0,0.0,0.0,0.0
2072,3b60c8877787da3e0,True,,,,,,,,,,1.0,0.0,1.0,1.0,1.0,1.0,1.0,1.0,0.0,0.0
2073,402bdbb00ffac92e5,True,,,,,,,,,,1.0,1.0,1.0,1.0,0.8839069611433877,1.0,1.0,1.0,1.0,0.9637209253573087
2074,c9e15316a3a9036a8,True,,,,,,,,,,1.0,0.0,1.0,1.0,0.732105082480485,1.0,1.0,1.0,0.0,0.0
2075,82fb1914f91a82579,True,,,,,,,,,,1.0,0.0,1.0,1.0,0.848430915852611,1.0,0.0,1.0,0.0,0.0
2076,bf23a089fb07a1891,True,,,,,,,,,,1.0,1.0,1.0,1.0,0.7221237285571206,1.0,0.0,1.0,0.0,0.6631636651741002
2077,bee1f7c478d5663fc,True,,,,,,,,,,1.0,1.0,1.0,1.0,1.0,1.0,0.0,1.0,1.0,0.875
2078,701516f2dc4b0ec24,True,,,,,,,,,,1.0,1.0,1.0,1.0,0.7238978964285724,1.0,1.0,1.0,1.0,0.9137180926339289
2079,b94470389611028aa,True,,,,,,,,,,0.5,0.0,0.5,1.0,1.0,0.0,0.0,1.0,0.0,0.0
2080,d85f111a22572d5b1,True,,,,,,,,,,1.0,1.0,1.0,1.0,1.0,1.0,1.0,0.0,0.0,0.75
2081,7f444b043c5b21ab4,True,,,,,,,,,,1.0,1.0,1.0,1.0,0.7831137297456857,1.0,1.0,1.0,1.0,0.9322230405455267
2082,32e86d0bba3339136,True,,,,,,,,,,1.0,1.0,1.0,1.0,1.0,1.0,0.0,1.0,1.0,0.875
2083,cff10d121d9ee4a1a,True,,,,,,,,,,1.0,1.0,0.5,1.0,0.5587784989942427,1.0,0.0,1.0,1.0,0.36855914046785043
2084,769c3d78ab53dd47b,True,,,,,,,,,,1.0,1.0,1.0,1.0,0.7117732770839927,1.0,1.0,1.0,1.0,0.9099291490887478
2085,d24b5a7c9247ecd43,True,,,,,,,,,,1.0,1.0,1.0,1.0,1.0,1.0,1.0,1.0,0.0,0.875
2086,4784832b9639547d6,True,,,,,,,,,,1.0,1.0,1.0,1.0,0.8503627035279483,1.0,1.0,1.0,1.0,0.9532383448524838
2087,d015a262e6ee504bb,True,,,,,,,,,,1.0,1.0,1.0,1.0,1.0,1.0,0.0,1.0,0.0,0.75
2088,f3c4213c78f53fa5d,True,,,,,,,,,,1.0,0.0,0.5,1.0,0.9397962153591214,1.0,0.0,1.0,1.0,0.0
2089,c4724d2f7e5d62357,True,,,,,,,,,,0.0,1.0,1.0,1.0,1.0,0.0,1.0,1.0,1.0,0.0
2090,b3648e983488baa4f,True,,,,,,,,,,1.0,0.0,1.0,1.0,1.0,1.0,1.0,1.0,0.0,0.0
2091,eaf95271513c8b2e5,True,,,,,,,,,,1.0,1.0,1.0,1.0,0.6444103033013593,1.0,1.0,1.0,0.0,0.7638782197816748
2092,70fff47737f1e15b4,True,,,,,,,,,,1.0,1.0,1.0,1.0,1.0,1.0,1.0,1.0,0.0,0.875
2093,ca2b49197179c41ac,True,,,,,,,,,,1.0,0.0,1.0,1.0,1.0,1.0,1.0,1.0,0.0,0.0
2094,20e09bbb0401bd1be,True,,,,,,,,,,1.0,1.0,1.0,1.0,0.8586309105318221,1.0,0.0,1.0,0.0,0.7058221595411944
2095,fa2224428f7eab22f,True,,,,,,,,,,1.0,1.0,1.0,1.0,0.8908321538609247,1.0,1.0,1.0,1.0,0.965885048081539
2096,d8696cab0b29dcbba,True,,,,,,,,,,1.0,1.0,0.5,1.0,1.0,1.0,0.0,1.0,1.0,0.4375
2097,81d22f948dc0fae75,True,,,,,,,,,,1.0,1.0,1.0,1.0,0.896392952320832,1.0,1.0,1.0,1.0,0.96762279760026
2098,89267c56db23f89c7,True,,,,,,,,,,1.0,1.0,1.0,1.0,0.7085923481877402,1.0,0.0,1.0,0.0,0.6589351088086688
2099,f726e244468ccbbe6,True,,,,,,,,,,1.0,1.0,1.0,1.0,0.7652168700020614,1.0,1.0,1.0,1.0,0.9266302718756442
2100,7ad621cdbc4494e0d,True,,,,,,,,,,1.0,1.0,0.5,1.0,0.6434652322369268,1.0,0.0,1.0,0.0,0.3192914425370198
2101,70543352531547cfd,True,,,,,,,,,,1.0,0.0,0.5,1.0,1.0,1.0,0.0,1.0,0.0,0.0
2102,79ba4023648130a0c,True,,,,,,,,,,0.0,1.0,1.0,1.0,1.0,0.0,1.0,1.0,1.0,0.0
2103,2833f76e80e4d4998,True,,,,,,,,,,1.0,1.0,1.0,1.0,0.7703360076788917,1.0,1.0,1.0,1.0,0.9282300023996537
2104,d80a5ecfeec414cd1,True,,,,,,,,,,1.0,1.0,1.0,1.0,0.7629260009179435,1.0,1.0,1.0,1.0,0.9259143752868573
2105,8c25a75ef46e49d9f,True,,,,,,,,,,1.0,1.0,1.0,1.0,0.5338369636996675,1.0,1.0,1.0,0.0,0.7293240511561461
2106,03765fd57aa87ab53,True,,,,,,,,,,1.0,1.0,1.0,1.0,0.37576527440321916,1.0,1.0,1.0,1.0,0.804926648251006
2107,363ef196e8503db27,True,,,,,,,,,,1.0,1.0,1.0,1.0,0.8201560577487215,1.0,1.0,1.0,0.0,0.8187987680464754
2108,94a40142f4cb7e391,True,,,,,,,,,,1.0,1.0,1.0,1.0,0.9406398630774759,1.0,0.0,1.0,0.0,0.7314499572117112
2109,ad027cf65e5484130,True,,,,,,,,,,1.0,1.0,1.0,1.0,0.5544953184129203,1.0,1.0,1.0,1.0,0.8607797870040376
2110,8192ed9c4330db32d,True,,,,,,,,,,1.0,1.0,1.0,1.0,1.0,1.0,0.0,1.0,1.0,0.875
2111,56cdce665c7a8a742,True,,,,,,,,,,1.0,0.0,1.0,1.0,1.0,1.0,0.0,1.0,1.0,0.0
2112,435c8cf621dfd73fb,True,,,,,,,,,,1.0,1.0,1.0,1.0,0.7405474466727496,1.0,1.0,0.0,1.0,0.7939210770852343
2113,9ce715dfae40ca8c0,True,,,,,,,,,,1.0,0.0,1.0,1.0,0.8826362077075022,1.0,0.0,1.0,1.0,0.0
2114,c5566cb2cc7d0ff52,True,,,,,,,,,,1.0,1.0,1.0,1.0,1.0,1.0,1.0,1.0,0.0,0.875
2115,af838aad1e6b19925,True,,,,,,,,,,1.0,1.0,1.0,1.0,0.6093574531957396,1.0,1.0,1.0,1.0,0.8779242041236687
2116,92454a3fd96f7dc58,True,,,,,,,,,,1.0,0.0,1.0,1.0,1.0,1.0,1.0,1.0,0.0,0.0
2117,d48e40aefebe5e31f,True,,,,,,,,,,1.0,0.0,0.0,1.0,1.0,1.0,1.0,1.0,0.0,0.0
2118,eedb6f9d589e745c8,True,,,,,,,,,,0.0,0.0,1.0,1.0,1.0,0.0,0.0,1.0,1.0,0.0
2119,6c762cea7e7e3f6b8,True,,,,,,,,,,0.0,1.0,1.0,1.0,1.0,0.0,1.0,1.0,1.0,0.0
2120,b42c321597e6726d4,True,,,,,,,,,,1.0,1.0,0.5,1.0,1.0,1.0,0.0,1.0,1.0,0.4375
2121,01898e4c2520a9400,True,,,,,,,,,,1.0,1.0,1.0,1.0,0.8723936241971658,1.0,1.0,0.0,0.0,0.7101230075616143
2122,ed038c1798a7006eb,True,,,,,,,,,,0.0,1.0,1.0,1.0,1.0,0.0,0.0,1.0,1.0,0.0
2123,2e5a54d80147f955d,True,,,,,,,,,,1.0,1.0,1.0,1.0,0.5837837525075797,1.0,0.0,1.0,1.0,0.7449324226586187
2124,b0b33738475eb449a,True,,,,,,,,,,1.0,1.0,0.0,1.0,0.8214819048446285,1.0,0.0,1.0,1.0,0.0
2125,9778c919f63adf7c6,True,,,,,,,,,,1.0,1.0,1.0,1.0,0.7789549796100156,1.0,1.0,1.0,1.0,0.9309234311281298
2126,3a181370dbfab5b1c,True,,,,,,,,,,1.0,1.0,1.0,1.0,1.0,1.0,0.0,1.0,0.0,0.75
2127,5cd83ccdc4993016d,True,,,,,,,,,,1.0,1.0,1.0,1.0,0.8788921417460243,1.0,0.0,1.0,1.0,0.8371537942956326
2128,7f77d13ba2f205d87,True,,,,,,,,,,1.0,1.0,1.0,1.0,0.619837491566206,1.0,1.0,1.0,0.0,0.7561992161144394
2129,eb16cfaf356e80f1f,True,,,,,,,,,,1.0,0.0,0.0,1.0,0.9233611092004436,1.0,0.0,1.0,1.0,0.0
2130,45da4abe095b0e759,True,,,,,,,,,,1.0,1.0,0.5,1.0,1.0,1.0,1.0,1.0,0.0,0.4375
2131,d3fe928c762b0cd0d,True,,,,,,,,,,1.0,1.0,1.0,1.0,1.0,1.0,0.0,1.0,0.0,0.75
2132,b43ae2c6e0304b991,True,,,,,,,,,,1.0,1.0,1.0,1.0,1.0,1.0,0.0,1.0,1.0,0.875
2133,d039fdc59dc6803bb,True,,,,,,,,,,1.0,0.0,1.0,1.0,0.46094479696570595,1.0,1.0,1.0,0.0,0.0
2134,812c204d59813e5fb,True,,,,,,,,,,1.0,1.0,1.0,1.0,0.6950939257534878,1.0,1.0,1.0,0.0,0.7797168517979649
2135,b8fafe0f06f38d320,True,,,,,,,,,,0.0,1.0,0.5,1.0,1.0,0.0,0.0,1.0,0.0,0.0
2136,4ffc297962a8fbd17,True,,,,,,,,,,1.0,0.0,0.5,1.0,1.0,1.0,0.0,1.0,0.0,0.0
2137,45cfb7971f2d2c984,True,,,,,,,,,,1.0,1.0,1.0,1.0,0.6420669801980278,1.0,0.0,1.0,1.0,0.7631459313118837
2138,1b7240da7a5598b38,True,,,,,,,,,,0.0,1.0,1.0,1.0,1.0,0.0,0.0,1.0,1.0,0.0
2139,5dfd054f0a5ff50d9,True,,,,,,,,,,0.0,1.0,1.0,1.0,1.0,0.0,1.0,1.0,1.0,0.0
2140,1c3db8608be4d76f0,True,,,,,,,,,,1.0,0.0,1.0,1.0,0.8728611291668907,1.0,1.0,1.0,1.0,0.0
2141,824d8ba46202fe8eb,True,,,,,,,,,,1.0,1.0,1.0,1.0,1.0,1.0,1.0,1.0,0.0,0.875
2142,dfb3b08e2dddf7b38,True,,,,,,,,,,1.0,1.0,1.0,1.0,0.7928600258273164,1.0,0.0,1.0,1.0,0.8102687580710364
2143,e5dbf5ca6877249cf,True,,,,,,,,,,0.0,1.0,1.0,1.0,1.0,0.0,1.0,1.0,1.0,0.0
2144,393ebaed8cd47962e,True,,,,,,,,,,1.0,1.0,1.0,1.0,0.7037037301878581,1.0,1.0,1.0,0.0,0.7824074156837056
2145,997532ca2ca1c8c42,True,,,,,,,,,,1.0,1.0,1.0,1.0,0.19710439657515189,1.0,1.0,1.0,1.0,0.749095123929735
2146,c021ad43ee2e51dd3,True,,,,,,,,,,1.0,1.0,1.0,1.0,0.8121110292253645,1.0,1.0,1.0,0.0,0.8162846966329265
2147,16d41ea13c0836f9f,True,,,,,,,,,,1.0,1.0,0.0,1.0,1.0,1.0,0.0,1.0,1.0,0.0
2148,597d6626cc9f6cdbd,True,,,,,,,,,,1.0,1.0,1.0,1.0,0.6966960519124429,1.0,0.0,1.0,1.0,0.7802175162226384
2149,f11206119e3dafe73,True,,,,,,,,,,1.0,1.0,1.0,1.0,0.7914191479175977,1.0,1.0,1.0,1.0,0.9348184837242492
2150,d22b68be5e9fb8c2a,True,,,,,,,,,,1.0,1.0,1.0,1.0,1.0,1.0,1.0,1.0,0.0,0.875
2151,472c522cbfefce360,True,,,,,,,,,,1.0,1.0,1.0,1.0,1.0,1.0,0.0,1.0,0.0,0.75
2152,c35b2274d82ebf3a1,True,,,,,,,,,,1.0,0.0,1.0,1.0,0.9444394201132937,1.0,1.0,1.0,1.0,0.0
2153,ad352a19a340fd99b,True,,,,,,,,,,1.0,0.0,1.0,1.0,1.0,1.0,0.0,1.0,1.0,0.0
2154,9a2c6392ddbd1a611,True,,,,,,,,,,1.0,1.0,1.0,1.0,0.7737273502803014,1.0,1.0,1.0,0.0,0.8042897969625942
2155,2c12490b19101760e,True,,,,,,,,,,1.0,1.0,1.0,1.0,0.6179137772559855,1.0,1.0,1.0,1.0,0.8805980553924955
2156,0cf895d7d61939eb3,True,,,,,,,,,,1.0,1.0,1.0,1.0,1.0,1.0,0.0,1.0,0.0,0.75
2157,83e0eefcee219247b,True,,,,,,,,,,1.0,1.0,1.0,1.0,0.644222274850064,1.0,0.0,1.0,1.0,0.763819460890645
2158,1e6e2d318ec0f30bf,True,,,,,,,,,,1.0,0.0,0.5,1.0,0.9128374854502049,1.0,0.0,1.0,1.0,0.0
2159,afaf4dd4fa375bb85,True,,,,,,,,,,1.0,0.0,0.5,0.0,1.0,1.0,1.0,1.0,1.0,0.0
2160,0f6d4f139537fd8c3,True,,,,,,,,,,1.0,0.0,1.0,1.0,1.0,0.0,1.0,1.0,0.0,0.0
2161,6583dc042ee97ab5a,True,,,,,,,,,,1.0,1.0,1.0,1.0,0.49376626497053755,1.0,0.0,1.0,1.0,0.7168019578032929
2162,e33aa6b2d5b26910b,True,,,,,,,,,,1.0,1.0,0.0,1.0,0.8701759347502375,1.0,1.0,1.0,1.0,0.0
2163,b18dce3363c25fc91,True,,,,,,,,,,0.0,0.0,0.0,1.0,1.0,0.0,0.0,1.0,0.0,0.0
2164,2acdb8c02a4722af1,True,,,,,,,,,,1.0,1.0,1.0,1.0,1.0,1.0,0.0,1.0,0.0,0.75
2165,1fbe931a028dff6f9,True,,,,,,,,,,1.0,1.0,0.0,1.0,1.0,1.0,1.0,1.0,0.0,0.0
2166,a5797a61db84af354,True,,,,,,,,,,1.0,1.0,1.0,1.0,0.5509737573677312,1.0,1.0,1.0,1.0,0.859679299177416
2167,f422184af5c3c266b,True,,,,,,,,,,0.0,0.0,1.0,1.0,1.0,0.0,1.0,1.0,1.0,0.0
2168,60bf68aa5fc67729a,True,,,,,,,,,,1.0,0.0,1.0,1.0,0.5839573197438191,1.0,1.0,1.0,1.0,0.0
2169,6b611802253a6f2c9,True,,,,,,,,,,1.0,1.0,1.0,1.0,0.9464041462014902,1.0,0.0,1.0,1.0,0.8582512956879657
2170,fa217f69e5273bf53,True,,,,,,,,,,1.0,0.0,1.0,1.0,0.47785171217175226,1.0,1.0,1.0,1.0,0.0
2171,e19b34f93116cdb17,True,,,,,,,,,,1.0,1.0,1.0,1.0,1.0,1.0,1.0,1.0,1.0,1.0
2172,66cd8a056ef3dbdd3,True,,,,,,,,,,1.0,1.0,1.0,1.0,0.080124184459444,1.0,1.0,1.0,0.0,0.5875388076435762
2173,f5714362919202c36,True,,,,,,,,,,1.0,1.0,1.0,1.0,0.15618009185008067,1.0,1.0,1.0,0.0,0.6113062787031502
2174,8caf8f0fb08aa9aa2,True,,,,,,,,,,1.0,1.0,1.0,1.0,0.6321233365388238,1.0,1.0,1.0,0.0,0.7600385426683824
2175,90641ae47d3a38ca0,True,,,,,,,,,,1.0,1.0,1.0,1.0,1.0,1.0,1.0,1.0,1.0,1.0
2176,a7cf069369c371dd2,True,,,,,,,,,,1.0,0.0,1.0,1.0,0.678280395235717,1.0,0.0,1.0,1.0,0.0
2177,8fe0f4c205937d179,True,,,,,,,,,,1.0,1.0,1.0,1.0,1.0,1.0,0.0,1.0,0.0,0.75
2178,6564712a0860d6518,True,,,,,,,,,,0.0,1.0,1.0,1.0,0.3004194014431528,0.0,0.0,1.0,1.0,0.0
2179,c9b6f0f21e11dae54,True,,,,,,,,,,1.0,1.0,1.0,1.0,0.7037444217479703,1.0,0.0,1.0,1.0,0.7824201317962407
2180,4e1acfe6d874f554d,True,,,,,,,,,,1.0,1.0,1.0,1.0,0.6304416740562344,1.0,1.0,1.0,0.0,0.7595130231425733
2181,f0e29874418de93db,True,,,,,,,,,,0.0,1.0,1.0,1.0,1.0,0.0,1.0,1.0,1.0,0.0
2182,53df090218b63e39f,True,,,,,,,,,,1.0,1.0,1.0,1.0,0.8772196420816615,1.0,1.0,1.0,1.0,0.9616311381505191
2183,9c33aa775bae4e3a1,True,,,,,,,,,,1.0,1.0,1.0,1.0,0.6866478610355021,1.0,1.0,1.0,0.0,0.7770774565735944
2184,aa2fc37ba0a88cfd3,True,,,,,,,,,,1.0,0.0,1.0,1.0,1.0,1.0,1.0,1.0,0.0,0.0
2185,ff6be79e6135c5fe5,True,,,,,,,,,,1.0,1.0,1.0,1.0,0.7034498215015039,1.0,1.0,1.0,0.0,0.78232806921922
2186,bed081d2dd114adb6,True,,,,,,,,,,1.0,1.0,0.0,1.0,1.0,1.0,0.0,1.0,0.0,0.0
2187,9e6b3a8efae9904aa,True,,,,,,,,,,1.0,1.0,1.0,1.0,1.0,1.0,1.0,1.0,0.0,0.875
2188,545989b6d92a09061,True,,,,,,,,,,1.0,1.0,0.5,1.0,1.0,1.0,0.0,1.0,1.0,0.4375
2189,128cb2527d3987e61,True,,,,,,,,,,1.0,1.0,1.0,1.0,1.0,1.0,0.0,1.0,0.0,0.75
2190,805995afc5d305912,True,,,,,,,,,,0.0,1.0,1.0,1.0,1.0,0.0,0.0,1.0,0.0,0.0
2191,e280063b53c411361,True,,,,,,,,,,0.0,0.0,0.5,1.0,1.0,0.0,0.0,1.0,1.0,0.0
2192,a2ebc2aec41ccbb33,True,,,,,,,,,,1.0,1.0,1.0,1.0,0.8213196557953248,1.0,1.0,1.0,1.0,0.9441623924360389
2193,cb9eb4dbe16a93d2e,True,,,,,,,,,,1.0,1.0,1.0,1.0,0.7784547427484432,1.0,1.0,1.0,0.0,0.8057671071088885
2194,40f8e0ab453bddbb1,True,,,,,,,,,,1.0,1.0,0.5,1.0,0.4957880207616289,1.0,0.0,1.0,0.0,0.2962168782440045
2195,8a8e36fc6f3133ab1,True,,,,,,,,,,1.0,0.0,0.5,1.0,1.0,1.0,0.0,1.0,0.0,0.0
2196,786b8a8821747f0ce,True,,,,,,,,,,1.0,1.0,0.5,1.0,1.0,1.0,0.0,1.0,1.0,0.4375
2197,a686334790117f882,True,,,,,,,,,,1.0,1.0,1.0,1.0,1.0,1.0,1.0,1.0,1.0,1.0
2198,6d2b3bf21e89475b9,True,,,,,,,,,,1.0,1.0,1.0,1.0,1.0,1.0,1.0,1.0,0.0,0.875
2199,fb9996df723745a05,True,,,,,,,,,,1.0,1.0,1.0,1.0,1.0,1.0,0.0,1.0,0.0,0.75
2200,b5be28ec54c28eea8,True,,,,,,,,,,1.0,1.0,0.0,1.0,1.0,1.0,0.0,1.0,0.0,0.0
2201,80a5f0392d8aa9afb,True,,,,,,,,,,1.0,1.0,1.0,1.0,0.5409879625995729,1.0,1.0,1.0,1.0,0.8565587383123665
2202,17d241e8d709ddebf,True,,,,,,,,,,1.0,1.0,1.0,1.0,0.8307691865942112,1.0,0.0,1.0,1.0,0.822115370810691
2203,eb2b9b57bc8fba12d,True,,,,,,,,,,1.0,1.0,1.0,1.0,0.8580540157271552,1.0,0.0,1.0,1.0,0.830641879914736
2204,7b43da672e8898362,True,,,,,,,,,,1.0,1.0,0.5,1.0,1.0,1.0,0.0,1.0,1.0,0.4375
2205,bccac7c12e34ccda7,True,,,,,,,,,,0.0,1.0,1.0,1.0,0.92875822381394,0.0,1.0,1.0,0.0,0.0
2206,c60975bf95e458f4f,True,,,,,,,,,,1.0,1.0,0.5,1.0,0.7770383784657444,1.0,1.0,0.0,0.0,0.34016224663527256
2207,2c06706ac4ab7c708,True,,,,,,,,,,0.0,1.0,1.0,1.0,1.0,0.0,0.0,1.0,1.0,0.0
2208,bee9d6dc42a9d273c,True,,,,,,,,,,1.0,1.0,1.0,1.0,1.0,1.0,1.0,1.0,1.0,1.0
2209,c8443f5a68a70d97c,True,,,,,,,,,,1.0,1.0,0.0,1.0,1.0,1.0,0.0,1.0,1.0,0.0
2210,c1c57e75b2d100427,True,,,,,,,,,,1.0,1.0,1.0,1.0,0.7337801980372591,1.0,0.0,1.0,1.0,0.7918063118866434
2211,c54816fcfbf2074c3,True,,,,,,,,,,1.0,0.0,1.0,1.0,0.7561220224531628,1.0,1.0,1.0,1.0,0.0
2212,4010ab91841da1843,True,,,,,,,,,,1.0,1.0,1.0,1.0,0.8450905988353113,1.0,1.0,1.0,1.0,0.9515908121360348
2213,015532dcc98a07ab5,True,,,,,,,,,,0.0,1.0,0.0,1.0,1.0,0.0,0.0,1.0,0.0,0.0
2214,717d5edb3fb1f4726,True,,,,,,,,,,1.0,1.0,1.0,1.0,0.5907774352828477,1.0,0.0,1.0,1.0,0.7471179485258899
2215,fdeff0684535eaf4b,True,,,,,,,,,,1.0,1.0,1.0,1.0,0.8115169589506604,1.0,1.0,1.0,1.0,0.9410990496720815
2216,319a6165fd328e03e,True,,,,,,,,,,1.0,0.0,1.0,1.0,1.0,0.0,1.0,1.0,1.0,0.0
2217,5573b3c15a0cc7845,True,,,,,,,,,,1.0,0.0,1.0,1.0,1.0,1.0,1.0,1.0,1.0,0.0
2218,9fb29e611c9f4f0e2,True,,,,,,,,,,1.0,1.0,0.0,1.0,0.821670990587402,1.0,0.0,0.0,0.0,0.0
2219,40ab16e6d2c7b1db0,True,,,,,,,,,,1.0,0.0,1.0,1.0,0.42240359434683383,1.0,0.0,1.0,1.0,0.0
2220,6d41dae8eb9b92cbe,True,,,,,,,,,,1.0,1.0,0.0,1.0,1.0,1.0,0.0,1.0,0.0,0.0
2221,5744b52773894c061,True,,,,,,,,,,1.0,1.0,1.0,1.0,0.8124182601960547,1.0,0.0,1.0,1.0,0.8163807063112671
2222,38c8739d0ae9e3f71,True,,,,,,,,,,1.0,0.0,1.0,1.0,1.0,1.0,1.0,1.0,0.0,0.0
2223,f2093ddb02711422c,True,,,,,,,,,,1.0,0.0,1.0,1.0,1.0,1.0,0.0,1.0,1.0,0.0
2224,82e64850661b77497,True,,,,,,,,,,0.0,1.0,1.0,1.0,1.0,0.0,1.0,1.0,1.0,0.0
2225,2c604a5718db55a9d,True,,,,,,,,,,1.0,0.0,1.0,1.0,0.4795413925204909,1.0,0.0,1.0,0.0,0.0
2226,7d08b706a7adba557,True,,,,,,,,,,1.0,1.0,1.0,1.0,0.7421788373720026,1.0,1.0,1.0,1.0,0.9194308866787508
2227,e855857341cd72c99,True,,,,,,,,,,1.0,1.0,1.0,1.0,0.6738261810344602,1.0,1.0,1.0,1.0,0.8980706815732689
2228,5177a4ffa159dea26,True,,,,,,,,,,1.0,0.0,1.0,1.0,1.0,1.0,1.0,1.0,1.0,0.0
2229,f5ffbc82e55558f49,True,,,,,,,,,,1.0,1.0,1.0,1.0,0.7948811139482364,1.0,0.0,1.0,1.0,0.8109003481088238
2230,0c490f2432946f48b,True,,,,,,,,,,0.0,1.0,1.0,1.0,1.0,0.0,0.0,1.0,0.0,0.0
2231,120c21d6c27040aa9,True,,,,,,,,,,1.0,1.0,1.0,1.0,0.407825676335745,1.0,1.0,1.0,0.0,0.6899455238549204
2232,e717e9e58fcb1f253,True,,,,,,,,,,1.0,1.0,0.0,1.0,0.8772024423395068,1.0,0.0,1.0,1.0,0.0
2233,83d2191f456a3fa85,True,,,,,,,,,,1.0,1.0,1.0,1.0,0.8033805874961656,1.0,1.0,1.0,0.0,0.8135564335925518
2234,c95a60eebe3ab0adb,True,,,,,,,,,,1.0,1.0,0.0,1.0,0.8974747467805528,1.0,0.0,1.0,1.0,0.0
2235,e3fffb822fb5efac2,True,,,,,,,,,,0.0,0.0,1.0,1.0,1.0,0.0,0.0,1.0,1.0,0.0
2236,7186caba98873825a,True,,,,,,,,,,1.0,0.0,1.0,1.0,0.7575435543357819,1.0,1.0,1.0,1.0,0.0
2237,f5d80ab764fc60704,True,,,,,,,,,,1.0,1.0,1.0,1.0,0.5150935688625862,1.0,0.0,1.0,1.0,0.7234667402695582
2238,59f54dd987b4a80fd,True,,,,,,,,,,1.0,1.0,1.0,1.0,0.6733994582146119,1.0,1.0,1.0,1.0,0.8979373306920662
2239,4019a208fc30e8936,True,,,,,,,,,,0.5,1.0,1.0,1.0,1.0,0.0,0.0,1.0,1.0,0.28125
2240,f77bd4f74cbf5fa01,True,,,,,,,,,,0.0,1.0,1.0,1.0,1.0,0.0,1.0,1.0,1.0,0.0
2241,10935babd12d37a58,True,,,,,,,,,,1.0,0.0,1.0,1.0,0.6554724905876134,1.0,1.0,1.0,0.0,0.0
2242,fedd8a6a80f03da33,True,,,,,,,,,,1.0,1.0,1.0,1.0,0.6362300536465328,1.0,1.0,1.0,1.0,0.8863218917645415
2243,2fb8e40dec69f26c4,True,,,,,,,,,,1.0,1.0,0.0,1.0,1.0,1.0,0.0,1.0,1.0,0.0
2244,61d3d79e3e01157d9,True,,,,,,,,,,1.0,1.0,1.0,1.0,0.23148914173898738,1.0,1.0,1.0,1.0,0.7598403567934335
2245,4ff5465a026db2df0,True,,,,,,,,,,1.0,1.0,1.0,1.0,0.8458099473283645,1.0,0.0,1.0,1.0,0.8268156085401139
2246,336d890ca14e2aab5,True,,,,,,,,,,1.0,1.0,1.0,1.0,1.0,1.0,1.0,0.0,0.0,0.75
2247,161174e0143b41afa,True,,,,,,,,,,1.0,1.0,0.0,1.0,0.689811528225453,1.0,0.0,1.0,1.0,0.0
2248,765c939c341bbf4f6,True,,,,,,,,,,1.0,1.0,1.0,1.0,0.6819504475596194,1.0,1.0,1.0,1.0,0.900609514862381
2249,fd59576ebdf2661ee,True,,,,,,,,,,1.0,1.0,1.0,1.0,0.9497995340470375,1.0,0.0,1.0,1.0,0.8593123543896992
2250,332234ee590ff1dd2,True,,,,,,,,,,1.0,1.0,1.0,1.0,0.3635373068028781,1.0,1.0,1.0,0.0,0.6761054083758994
2251,ac0f0df8d058130c5,True,,,,,,,,,,1.0,1.0,1.0,1.0,1.0,1.0,1.0,1.0,1.0,1.0
2252,beae653519f0232e7,True,,,,,,,,,,1.0,1.0,1.0,1.0,0.20783724238328496,1.0,0.0,1.0,1.0,0.6274491382447765
2253,303bc627ceab22570,True,,,,,,,,,,0.0,0.0,1.0,1.0,1.0,0.0,0.0,1.0,0.0,0.0
2254,567b7524457bc9d98,True,,,,,,,,,,1.0,0.0,1.0,1.0,0.5428538380146973,1.0,0.0,1.0,0.0,0.0
2255,aa06b6b1578ec1270,True,,,,,,,,,,1.0,1.0,1.0,1.0,1.0,1.0,1.0,1.0,0.0,0.875
2256,3b521ee82bdceb608,True,,,,,,,,,,0.0,1.0,1.0,1.0,1.0,0.0,1.0,1.0,0.0,0.0
2257,ed9b2e5da8e4697ad,True,,,,,,,,,,1.0,1.0,1.0,1.0,0.7687581407607752,1.0,0.0,1.0,0.0,0.6777369189877422
2258,c532df7508f6fce92,True,,,,,,,,,,0.0,1.0,1.0,1.0,1.0,0.0,1.0,1.0,0.0,0.0
2259,aaa2921db2669810d,True,,,,,,,,,,1.0,1.0,1.0,1.0,0.8181439772813226,1.0,1.0,1.0,0.0,0.8181699929004134
2260,816c667298ca2d859,True,,,,,,,,,,1.0,1.0,1.0,1.0,0.7312957069293125,1.0,0.0,1.0,1.0,0.7910299084154102
2261,0be67c62d046cc4b1,True,,,,,,,,,,0.0,1.0,0.5,1.0,1.0,0.0,0.0,1.0,1.0,0.0
2262,4da17212b5480fefc,True,,,,,,,,,,0.0,1.0,0.0,1.0,0.9348489813764566,0.0,0.0,1.0,0.0,0.0
2263,45904686e63c2b9a3,True,,,,,,,,,,1.0,1.0,1.0,1.0,1.0,1.0,1.0,1.0,0.0,0.875
2264,71f3d5ae763258af7,True,,,,,,,,,,1.0,0.0,1.0,1.0,1.0,0.0,0.0,1.0,1.0,0.0
2265,a617218bc7b506fc1,True,,,,,,,,,,1.0,1.0,0.0,1.0,1.0,1.0,0.0,1.0,0.0,0.0
2266,c23d40512beeb21d4,True,,,,,,,,,,1.0,1.0,1.0,1.0,0.7041581998970465,1.0,1.0,1.0,0.0,0.782549437467827
2267,9e017dbb384c3b2b8,True,,,,,,,,,,1.0,1.0,1.0,1.0,1.0,1.0,1.0,1.0,1.0,1.0
2268,d798add46e9093547,True,,,,,,,,,,1.0,0.0,0.0,1.0,1.0,1.0,0.0,1.0,1.0,0.0
2269,95839bd90cc4d94c8,True,,,,,,,,,,1.0,1.0,1.0,1.0,1.0,1.0,1.0,1.0,1.0,1.0
2270,25c09023519316f41,True,,,,,,,,,,1.0,0.0,1.0,1.0,1.0,1.0,0.0,1.0,1.0,0.0
2271,0800b8cbfe2ebcaf3,True,,,,,,,,,,1.0,1.0,0.5,1.0,0.4618164907198291,1.0,0.0,1.0,1.0,0.3534088266749733
2272,885154f1032e04177,True,,,,,,,,,,0.5,0.0,0.5,1.0,1.0,0.0,0.0,1.0,0.0,0.0
2273,038ec02db8bacb10c,True,,,,,,,,,,1.0,1.0,1.0,1.0,0.05690539565185332,1.0,1.0,1.0,1.0,0.7052829361412042
2274,b692dc44c9a90c1e2,True,,,,,,,,,,1.0,0.0,1.0,1.0,0.7164640646425741,1.0,1.0,1.0,1.0,0.0
2275,570c63685f0d25c8f,True,,,,,,,,,,1.0,1.0,1.0,1.0,0.6638193207289795,1.0,1.0,1.0,0.0,0.7699435377278061
2276,42fd65053b0da11c1,True,,,,,,,,,,1.0,1.0,1.0,1.0,0.6595923923046453,1.0,1.0,1.0,0.0,0.7686226225952016
2277,35f03ec2d26d4c3df,True,,,,,,,,,,0.0,0.0,0.0,1.0,1.0,0.0,0.0,1.0,1.0,0.0
2278,e1cc25220fa30adcd,True,,,,,,,,,,1.0,1.0,1.0,1.0,0.9511200379464434,1.0,0.0,1.0,0.0,0.7347250118582636
2279,5d571e3d1a02ea00b,True,,,,,,,,,,1.0,0.0,1.0,1.0,0.8940927542109995,1.0,0.0,1.0,1.0,0.0
2280,dc9a1a64623f4ee2a,True,,,,,,,,,,1.0,1.0,1.0,1.0,0.34357497793518676,1.0,0.0,1.0,1.0,0.6698671806047458
2281,7ee10c65aff66f1f6,True,,,,,,,,,,1.0,0.0,0.5,1.0,1.0,1.0,0.0,1.0,1.0,0.0
2282,a41ba68bdc9f9fb88,True,,,,,,,,,,1.0,1.0,1.0,1.0,0.4624189006107018,1.0,1.0,1.0,1.0,0.8320059064408443
2283,4a6cfd874f908500b,True,,,,,,,,,,1.0,1.0,1.0,1.0,0.6988802207546678,1.0,0.0,1.0,1.0,0.7809000689858336
2284,67c494ff455f7fac3,True,,,,,,,,,,1.0,1.0,1.0,1.0,0.6855772969871272,1.0,1.0,1.0,1.0,0.9017429053084772
2285,1ae5d174f7d867121,True,,,,,,,,,,1.0,1.0,1.0,1.0,0.8793031145324796,1.0,1.0,1.0,0.0,0.8372822232913999
2286,0af32ef4c6cb2b293,True,,,,,,,,,,1.0,1.0,0.0,1.0,1.0,1.0,0.0,1.0,1.0,0.0
2287,4e3a5df59e6d56d34,True,,,,,,,,,,1.0,1.0,1.0,1.0,1.0,1.0,1.0,1.0,0.0,0.875
2288,8995bd04ab8959f6a,True,,,,,,,,,,0.0,0.0,1.0,1.0,1.0,0.0,0.0,1.0,1.0,0.0
2289,df8882fb6dbefa033,True,,,,,,,,,,1.0,0.0,1.0,1.0,1.0,1.0,0.0,1.0,1.0,0.0
2290,e6aacc10619a6082c,True,,,,,,,,,,1.0,1.0,1.0,1.0,0.6315727386069396,1.0,1.0,1.0,1.0,0.8848664808146687
2291,1e3da3a342a445433,True,,,,,,,,,,1.0,1.0,0.5,1.0,0.619020011026349,1.0,0.0,1.0,0.0,0.31547187672286703
2292,883dbba6979f32ae3,True,,,,,,,,,,1.0,1.0,1.0,1.0,0.5473094093066739,1.0,1.0,1.0,0.0,0.7335341904083357
2293,531b93949ba10107b,True,,,,,,,,,,1.0,1.0,0.0,1.0,1.0,1.0,0.0,1.0,1.0,0.0
2294,749fa88824e849ee8,True,,,,,,,,,,1.0,1.0,1.0,1.0,0.749043515849224,0.0,0.0,1.0,0.0,0.3590760987028825
2295,ea2b7520e71b4c759,True,,,,,,,,,,1.0,1.0,1.0,1.0,0.9624387448731603,1.0,1.0,1.0,1.0,0.9882621077728626
2296,6ad6905cedee6197b,True,,,,,,,,,,1.0,1.0,1.0,1.0,0.743932583384904,1.0,0.0,1.0,1.0,0.7949789323077825
2297,2629f98f6e294c4f4,True,,,,,,,,,,1.0,1.0,1.0,1.0,0.8687523305297284,1.0,1.0,1.0,1.0,0.9589851032905401
2298,720fbcef3959511d0,True,,,,,,,,,,0.0,0.0,1.0,1.0,1.0,0.0,1.0,1.0,1.0,0.0
2299,881878cfae4ce9953,True,,,,,,,,,,1.0,1.0,0.5,1.0,0.6907490396947378,1.0,1.0,1.0,0.0,0.38917953745230277
2300,a5cb0e8e1b25b4ad4,True,,,,,,,,,,1.0,1.0,1.0,1.0,0.7444522370740123,1.0,1.0,1.0,0.0,0.7951413240856289
2301,f24aff9d7884c81d2,True,,,,,,,,,,1.0,1.0,1.0,1.0,1.0,1.0,1.0,1.0,0.0,0.875
2302,a9beba0462c712f13,True,,,,,,,,,,1.0,1.0,1.0,1.0,1.0,1.0,1.0,1.0,0.0,0.875
2303,ea85faa2c543fbbae,True,,,,,,,,,,1.0,1.0,1.0,1.0,0.6985577128941679,1.0,1.0,1.0,1.0,0.9057992852794274
2304,4cdaeeeeccac7dcd3,True,,,,,,,,,,1.0,1.0,0.0,1.0,1.0,1.0,0.0,1.0,1.0,0.0
2305,8d442a4953c9da694,True,,,,,,,,,,1.0,1.0,1.0,1.0,0.7726194183141326,1.0,1.0,1.0,1.0,0.9289435682231664
2306,7a1e5853909a335df,True,,,,,,,,,,1.0,1.0,0.5,1.0,0.9684528465896333,1.0,0.0,1.0,0.0,0.37007075727963024
2307,e4c060ddfe2b49190,True,,,,,,,,,,1.0,0.0,1.0,1.0,0.5310588633542467,1.0,1.0,1.0,1.0,0.0
2308,bda8e2ddfcebef730,True,,,,,,,,,,1.0,1.0,0.0,1.0,1.0,1.0,0.0,1.0,1.0,0.0
2309,015f3c215167f64d9,True,,,,,,,,,,1.0,0.0,1.0,1.0,0.8420442964238807,1.0,0.0,1.0,0.0,0.0
2310,151d16ac2d96ae161,True,,,,,,,,,,0.0,1.0,1.0,1.0,1.0,0.0,1.0,1.0,1.0,0.0
2311,01a49c2730cc3a531,True,,,,,,,,,,1.0,1.0,1.0,1.0,1.0,1.0,0.0,1.0,1.0,0.875
2312,db8e9c0ed37d0df11,True,,,,,,,,,,0.0,1.0,0.5,1.0,1.0,0.0,0.0,1.0,1.0,0.0
2313,b3e74e5b534575941,True,,,,,,,,,,1.0,1.0,1.0,1.0,0.30568225417218453,1.0,1.0,1.0,1.0,0.7830257044288077
2314,9f676ba5230d2ce0f,True,,,,,,,,,,1.0,1.0,1.0,1.0,1.0,1.0,1.0,1.0,1.0,1.0
2315,8d9bc38e815347396,True,,,,,,,,,,1.0,1.0,1.0,1.0,0.8920060107324258,1.0,0.0,1.0,0.0,0.716251878353883
2316,4225dd6384602da80,True,,,,,,,,,,1.0,1.0,0.5,1.0,0.47349815517985006,1.0,0.0,1.0,0.0,0.2927340867468516
2317,f2ffa929974330310,True,,,,,,,,,,1.0,1.0,0.0,1.0,1.0,1.0,0.0,1.0,0.0,0.0
2318,4511ae351df046b69,True,,,,,,,,,,1.0,1.0,1.0,1.0,1.0,1.0,1.0,1.0,0.0,0.875
2319,8b639fb0376857c55,True,,,,,,,,,,1.0,1.0,1.0,1.0,0.6217820439422642,1.0,1.0,1.0,1.0,0.8818068887319576
2320,50035f9f546fb6074,True,,,,,,,,,,1.0,1.0,1.0,1.0,0.6833704667589909,1.0,0.0,1.0,0.0,0.6510532708621847
2321,7133408c5a1a6f3bf,True,,,,,,,,,,1.0,1.0,1.0,1.0,0.8360829978997014,1.0,1.0,1.0,1.0,0.9487759368436567
2322,087f962c16ba01a4c,True,,,,,,,,,,1.0,1.0,1.0,1.0,1.0,1.0,0.0,1.0,0.0,0.75
2323,97e30986c37339a1b,True,,,,,,,,,,1.0,1.0,1.0,1.0,0.8306399258805731,1.0,1.0,1.0,1.0,0.9470749768376792
2324,ce0d18bc2635a901b,True,,,,,,,,,,1.0,1.0,1.0,1.0,0.8600516820456022,1.0,0.0,1.0,1.0,0.8312661506392507
2325,43b92681b98be1dd3,True,,,,,,,,,,0.5,0.0,0.0,1.0,1.0,0.0,0.0,1.0,0.0,0.0
2326,45480978b802eb7d4,True,,,,,,,,,,1.0,0.0,1.0,1.0,1.0,1.0,0.0,1.0,1.0,0.0
2327,6c0c0d2674d5ee28e,True,,,,,,,,,,1.0,1.0,1.0,1.0,0.6140750920168371,0.0,0.0,1.0,0.0,0.3168984662552616
2328,6f0c6f5848fccc5d0,True,,,,,,,,,,1.0,0.0,1.0,1.0,0.6321548688623048,1.0,1.0,1.0,0.0,0.0
2329,88d4b366c4eb714be,True,,,,,,,,,,1.0,1.0,1.0,1.0,1.0,1.0,0.0,1.0,0.0,0.75
2330,a8e077fe91ae167df,True,,,,,,,,,,1.0,1.0,1.0,1.0,0.7193423925606776,1.0,0.0,1.0,1.0,0.7872944976752118
2331,aa2d7b83ea2052e20,True,,,,,,,,,,1.0,1.0,1.0,1.0,0.788717313771088,1.0,1.0,1.0,1.0,0.933974160553465
2332,cf9851f86105d9f8c,True,,,,,,,,,,1.0,1.0,0.0,1.0,0.8276501647070188,1.0,0.0,1.0,1.0,0.0
2333,52beeecb68d3427e9,True,,,,,,,,,,1.0,1.0,1.0,1.0,0.7081536187754017,1.0,1.0,1.0,0.0,0.7837980058673131
2334,fbf4ec49ea2272ba1,True,,,,,,,,,,1.0,1.0,1.0,1.0,1.0,1.0,0.0,1.0,0.0,0.75
2335,8aabedd8189160e6a,True,,,,,,,,,,1.0,1.0,1.0,1.0,0.7779373268807964,1.0,0.0,1.0,0.0,0.6806054146502489
2336,dcb9f36fff6b09354,True,,,,,,,,,,1.0,1.0,1.0,1.0,0.8642569116091194,1.0,0.0,1.0,0.0,0.7075802848778499
2337,71965da4aff01d13c,True,,,,,,,,,,1.0,0.0,1.0,1.0,0.8611721511072045,1.0,1.0,1.0,1.0,0.0
2338,74dc897cc60962fc0,True,,,,,,,,,,1.0,1.0,1.0,1.0,1.0,1.0,0.0,0.0,1.0,0.75
2339,52825507b7931e0f3,True,,,,,,,,,,1.0,0.0,1.0,1.0,1.0,1.0,0.0,1.0,1.0,0.0
2340,1285808d1703253f0,True,,,,,,,,,,1.0,0.0,1.0,1.0,1.0,1.0,1.0,1.0,0.0,0.0
2341,6029879ac957933a1,True,,,,,,,,,,1.0,1.0,1.0,1.0,1.0,1.0,1.0,1.0,1.0,1.0
2342,e513c494982a0c41e,True,,,,,,,,,,1.0,0.0,1.0,1.0,1.0,1.0,0.0,1.0,1.0,0.0
2343,f3d789e129d07af8b,True,,,,,,,,,,1.0,1.0,1.0,1.0,0.8995166017836632,1.0,1.0,1.0,1.0,0.9685989380573947
2344,ff7b96c916771e141,True,,,,,,,,,,1.0,1.0,1.0,1.0,0.6021523955344481,1.0,1.0,1.0,1.0,0.875672623604515
2345,b3989347b7f24848c,True,,,,,,,,,,1.0,1.0,1.0,1.0,0.5780566427686484,1.0,1.0,1.0,1.0,0.8681427008652026
2346,0c4b91dd1d5fee81a,True,,,,,,,,,,1.0,1.0,0.5,1.0,1.0,1.0,0.0,1.0,1.0,0.4375
2347,966546464755fdfad,True,,,,,,,,,,1.0,1.0,1.0,1.0,0.8770253513696613,1.0,1.0,1.0,0.0,0.8365704223030191
2348,b84a6cb8bfc991ad3,True,,,,,,,,,,0.0,0.0,1.0,1.0,1.0,0.0,0.0,1.0,1.0,0.0
2349,c9ec6104d455f3e47,True,,,,,,,,,,0.0,0.0,0.5,1.0,1.0,0.0,0.0,1.0,0.0,0.0
2350,b19bff260481a9a60,True,,,,,,,,,,1.0,1.0,0.0,1.0,1.0,1.0,0.0,1.0,0.0,0.0
2351,909281fad5f1bd401,True,,,,,,,,,,1.0,1.0,1.0,1.0,1.0,1.0,1.0,1.0,0.0,0.875
2352,f8e644eaae7fc78c5,True,,,,,,,,,,1.0,1.0,1.0,1.0,1.0,1.0,0.0,1.0,1.0,0.875
2353,bc8f20a64d1f52826,True,,,,,,,,,,1.0,1.0,1.0,1.0,0.6498417269967304,1.0,1.0,1.0,1.0,0.8905755396864783
2354,db5fcc30f71c49f32,True,,,,,,,,,,1.0,1.0,1.0,1.0,0.7390382967629054,1.0,0.0,1.0,1.0,0.793449467738408
2355,ebf583743cf822ad6,True,,,,,,,,,,1.0,1.0,0.0,1.0,0.8487509970038827,1.0,0.0,1.0,0.0,0.0
2356,00fa9133315b462d3,True,,,,,,,,,,1.0,1.0,0.5,1.0,0.5678651050737007,1.0,1.0,1.0,0.0,0.3699789226677657
2357,dcf0be9d22af78eca,True,,,,,,,,,,1.0,1.0,1.0,1.0,0.7519707983799964,1.0,1.0,1.0,0.0,0.7974908744937489
2358,9a5590594b11e4e0d,True,,,,,,,,,,1.0,1.0,1.0,1.0,0.8781641836139066,1.0,1.0,1.0,1.0,0.9619263073793458
2359,728ec7568be562318,True,,,,,,,,,,1.0,1.0,1.0,1.0,1.0,1.0,0.0,1.0,1.0,0.875
2360,654d6d6e5212f40da,True,,,,,,,,,,0.0,1.0,1.0,1.0,1.0,0.0,1.0,1.0,1.0,0.0
2361,73eec9539b3994724,True,,,,,,,,,,1.0,0.0,0.0,1.0,1.0,1.0,0.0,1.0,1.0,0.0
2362,789c9e60213111cde,True,,,,,,,,,,1.0,1.0,0.0,1.0,1.0,1.0,0.0,1.0,1.0,0.0
2363,da94e1252342dc8d8,True,,,,,,,,,,1.0,1.0,1.0,1.0,1.0,1.0,1.0,1.0,1.0,1.0
2364,beee26fb5719cdfcb,True,,,,,,,,,,1.0,1.0,1.0,0.0,1.0,1.0,1.0,1.0,1.0,0.0
2365,229930ba5820bb1b3,True,,,,,,,,,,0.0,1.0,0.0,1.0,1.0,0.0,0.0,1.0,1.0,0.0
2366,541803e1775a85786,True,,,,,,,,,,1.0,1.0,1.0,1.0,0.6472642283415525,1.0,1.0,1.0,0.0,0.7647700713567351
2367,e2272321d7d429d4f,True,,,,,,,,,,1.0,0.0,0.5,1.0,1.0,1.0,0.0,0.0,0.0,0.0
2368,81d9160bc76331523,True,,,,,,,,,,1.0,1.0,1.0,1.0,0.49556023984715397,1.0,1.0,1.0,0.0,0.7173625749522357
2369,c675e95ff07987458,True,,,,,,,,,,1.0,1.0,1.0,1.0,1.0,1.0,0.0,1.0,0.0,0.75
2370,cc9e04e3c4887f26c,True,,,,,,,,,,1.0,0.0,1.0,1.0,0.7810099076910526,1.0,1.0,1.0,0.0,0.0
2371,89184cd5e26fb9bde,True,,,,,,,,,,1.0,1.0,1.0,1.0,1.0,1.0,0.0,1.0,1.0,0.875
2372,72f8e30d5fbc3839a,True,,,,,,,,,,1.0,0.0,1.0,1.0,1.0,1.0,0.0,1.0,1.0,0.0
2373,6eb14c57428cd1ec1,True,,,,,,,,,,1.0,1.0,1.0,1.0,0.8125754258742335,1.0,1.0,1.0,1.0,0.9414298205856979
2374,ef8b4c4b3e7ec1358,True,,,,,,,,,,1.0,1.0,1.0,1.0,0.9404942383869738,1.0,1.0,1.0,0.0,0.8564044494959293
2375,c1ab514b18918fc4d,True,,,,,,,,,,1.0,1.0,0.5,1.0,0.7883282617849633,1.0,0.0,1.0,1.0,0.40442629090390053
2376,46c89f59183915eba,True,,,,,,,,,,1.0,1.0,0.5,1.0,1.0,1.0,0.0,1.0,1.0,0.4375
2377,88fb73c3952c8f9ea,True,,,,,,,,,,0.0,1.0,1.0,1.0,1.0,0.0,1.0,1.0,0.0,0.0
2378,8d71beefa48cb91fb,True,,,,,,,,,,1.0,1.0,1.0,1.0,1.0,1.0,1.0,1.0,1.0,1.0
2379,72a853c092fda384e,True,,,,,,,,,,0.0,1.0,1.0,1.0,1.0,0.0,0.0,1.0,1.0,0.0
2380,f5d0746ef157601ff,True,,,,,,,,,,1.0,1.0,1.0,1.0,0.7368301090799342,1.0,1.0,1.0,1.0,0.9177594090874794
2381,8ebb7ac6b5b06cde1,True,,,,,,,,,,1.0,0.0,1.0,1.0,0.6343994908867266,1.0,0.0,1.0,0.0,0.0
2382,d5c1ffdf7189b229c,True,,,,,,,,,,1.0,0.0,0.5,1.0,1.0,1.0,0.0,0.0,0.0,0.0
2383,d38a1a28476d4851e,True,,,,,,,,,,1.0,1.0,1.0,1.0,1.0,0.0,1.0,1.0,0.0,0.5625
2384,b928ef9aeaf66b2ad,True,,,,,,,,,,0.0,1.0,1.0,1.0,1.0,0.0,0.0,1.0,1.0,0.0
2385,f38fa4be9ff4556d8,True,,,,,,,,,,1.0,1.0,0.5,1.0,0.9908516536052494,1.0,1.0,1.0,0.0,0.43607057087582024
2386,7ed807aaa179c87b1,True,,,,,,,,,,1.0,1.0,0.5,1.0,1.0,1.0,0.0,1.0,1.0,0.4375
2387,daba931964ff703a5,True,,,,,,,,,,1.0,1.0,1.0,1.0,0.6835131733455654,1.0,1.0,1.0,1.0,0.9010978666704892
2388,d2abdf59c161f4eef,True,,,,,,,,,,1.0,1.0,1.0,1.0,1.0,1.0,0.0,1.0,0.0,0.75
2389,af8bb014864eab6d8,True,,,,,,,,,,1.0,0.0,1.0,1.0,0.6015590063468396,1.0,0.0,1.0,1.0,0.0
2390,864a83021c759e07e,True,,,,,,,,,,1.0,0.0,0.5,1.0,1.0,1.0,0.0,1.0,0.0,0.0
2391,8cb5e32c7adc0ee45,True,,,,,,,,,,0.0,1.0,1.0,1.0,1.0,0.0,1.0,1.0,1.0,0.0
2392,7e15600681ad3a48a,True,,,,,,,,,,1.0,1.0,1.0,1.0,0.8234267574599253,1.0,0.0,1.0,1.0,0.8198208617062266
2393,863415a0e3cc1897d,True,,,,,,,,,,1.0,1.0,1.0,0.0,1.0,1.0,1.0,1.0,0.0,0.0
2394,0d51246322745f1a6,True,,,,,,,,,,1.0,1.0,1.0,1.0,0.842273933656176,1.0,0.0,1.0,1.0,0.825710604267555
2395,bea93c9cd22af6ec1,True,,,,,,,,,,1.0,0.0,1.0,1.0,1.0,1.0,0.0,1.0,0.0,0.0
2396,8ecb5a2059e8ef8ac,True,,,,,,,,,,0.0,1.0,0.5,1.0,1.0,0.0,1.0,1.0,0.0,0.0
2397,e125fce6404cad012,True,,,,,,,,,,1.0,1.0,1.0,1.0,0.8116287340948842,1.0,1.0,1.0,1.0,0.9411339794046514
2398,850d4a79f659a9740,True,,,,,,,,,,1.0,1.0,1.0,1.0,0.23841999397522962,1.0,0.0,1.0,1.0,0.6370062481172593
2399,6b0fd30198ec1713c,True,,,,,,,,,,1.0,0.0,1.0,1.0,0.5769962381389878,1.0,1.0,1.0,1.0,0.0
2400,947c5404a2702b039,True,,,,,,,,,,1.0,1.0,0.0,1.0,1.0,1.0,0.0,1.0,1.0,0.0
2401,59b05ded13f97b278,True,,,,,,,,,,1.0,1.0,1.0,1.0,0.8277374310657831,1.0,0.0,1.0,1.0,0.8211679472080573
2402,af48e9c0da650fb5e,True,,,,,,,,,,1.0,1.0,1.0,1.0,0.8287165445134966,1.0,0.0,1.0,1.0,0.8214739201604677
2403,dd8018127da6cb6ad,True,,,,,,,,,,1.0,1.0,1.0,1.0,0.7060053396226753,1.0,1.0,1.0,1.0,0.908126668632086
2404,9db723ede5227209d,True,,,,,,,,,,1.0,1.0,0.5,1.0,1.0,1.0,0.0,0.0,0.0,0.3125
2405,5046d4b4e74d6cbbd,True,,,,,,,,,,1.0,0.0,0.5,1.0,1.0,1.0,0.0,1.0,0.0,0.0
2406,a3d3acd8f46271484,True,,,,,,,,,,1.0,0.0,1.0,1.0,0.7286400650489223,1.0,1.0,1.0,1.0,0.0
2407,d3738c5a4d7530837,True,,,,,,,,,,1.0,0.0,1.0,1.0,0.7824452241123093,1.0,0.0,1.0,1.0,0.0
2408,eb46263a3a324c2e0,True,,,,,,,,,,1.0,1.0,1.0,1.0,0.8494253603281277,1.0,0.0,1.0,0.0,0.7029454251025399
2409,950706a6956dc566f,True,,,,,,,,,,0.5,1.0,1.0,1.0,1.0,0.0,0.0,1.0,1.0,0.28125
2410,34c0cbcc136c66c89,True,,,,,,,,,,1.0,1.0,1.0,1.0,0.8019056612030498,1.0,0.0,1.0,1.0,0.813095519125953
2411,3c5f6c1f10df6f892,True,,,,,,,,,,1.0,0.0,1.0,1.0,1.0,1.0,1.0,1.0,1.0,0.0
2412,9b71a67f61e5fffb3,True,,,,,,,,,,1.0,1.0,0.5,1.0,1.0,1.0,0.0,1.0,1.0,0.4375
2413,098638022c2e17fd7,True,,,,,,,,,,1.0,1.0,1.0,1.0,0.0,1.0,0.0,1.0,1.0,0.5625
2414,4c838e94f573fa977,True,,,,,,,,,,1.0,1.0,1.0,1.0,0.7353189215480143,1.0,1.0,1.0,1.0,0.9172871629837545
2415,ce40746019045f374,True,,,,,,,,,,1.0,1.0,1.0,1.0,1.0,1.0,1.0,1.0,1.0,1.0
2416,64c25286434cfc0a6,True,,,,,,,,,,1.0,1.0,1.0,1.0,0.7841453536868312,1.0,1.0,1.0,1.0,0.9325454230271348
2417,6cb50088281513418,True,,,,,,,,,,1.0,1.0,1.0,1.0,0.6254044467623957,1.0,1.0,1.0,0.0,0.7579388896132486
2418,d4bddc4246b475541,True,,,,,,,,,,1.0,1.0,1.0,1.0,0.8088747741197437,1.0,0.0,1.0,1.0,0.8152733669124199
2419,2b1c7704ed19c6b68,True,,,,,,,,,,1.0,1.0,1.0,1.0,1.0,1.0,1.0,1.0,1.0,1.0
2420,e1d015abbef9b482d,True,,,,,,,,,,1.0,1.0,1.0,1.0,0.8048431858443245,1.0,0.0,1.0,1.0,0.8140134955763514
2421,bec064ed6d9582bcc,True,,,,,,,,,,1.0,1.0,1.0,1.0,1.0,1.0,0.0,1.0,1.0,0.875
2422,3a09d1ed3abb7ce82,True,,,,,,,,,,1.0,1.0,0.0,1.0,1.0,1.0,0.0,1.0,1.0,0.0
2423,509ec142f891e0766,True,,,,,,,,,,0.0,0.0,1.0,1.0,1.0,0.0,0.0,1.0,1.0,0.0
2424,6e060f8eb067a3b37,True,,,,,,,,,,1.0,1.0,0.0,1.0,1.0,1.0,0.0,1.0,0.0,0.0
2425,2db08d812a386295d,True,,,,,,,,,,1.0,1.0,1.0,1.0,1.0,1.0,1.0,1.0,0.0,0.875
2426,3e179fc29839a19a3,True,,,,,,,,,,1.0,1.0,1.0,1.0,1.0,1.0,0.0,1.0,0.0,0.75
2427,576ad4ad9e64275b1,True,,,,,,,,,,1.0,0.0,1.0,1.0,0.09004717074771715,1.0,0.0,1.0,0.0,0.0
2428,4699eb47aa0ff2aa8,True,,,,,,,,,,0.0,1.0,0.5,1.0,1.0,0.0,0.0,1.0,1.0,0.0
2429,050eb5c5cd6081213,True,,,,,,,,,,1.0,1.0,1.0,1.0,0.5041657163514168,1.0,1.0,1.0,0.0,0.7200517863598177
2430,d12e9fb682bb31656,True,,,,,,,,,,0.5,1.0,0.0,1.0,1.0,0.0,0.0,1.0,0.0,0.0
2431,d3fa0f358c6066f70,True,,,,,,,,,,1.0,1.0,1.0,1.0,0.5870995476454989,1.0,0.0,1.0,1.0,0.7459686086392184
2432,765fab253a51a77e4,True,,,,,,,,,,1.0,1.0,1.0,1.0,0.6598073160098288,1.0,0.0,1.0,1.0,0.7686897862530715
2433,9346180ef7437e555,True,,,,,,,,,,1.0,1.0,1.0,1.0,0.7725219734344002,1.0,0.0,1.0,1.0,0.80391311669825
2434,175bc910c16425e5c,True,,,,,,,,,,1.0,1.0,0.5,1.0,0.5707492818726702,1.0,1.0,1.0,0.0,0.37042957529260473
2435,219cbcce551252eb2,True,,,,,,,,,,1.0,0.0,0.5,1.0,0.6422954464306339,1.0,0.0,1.0,1.0,0.0
2436,1cdb5f8486a6e3a2b,True,,,,,,,,,,1.0,1.0,1.0,1.0,1.0,0.0,1.0,1.0,1.0,0.6875
2437,94c40772ee3c5ee01,True,,,,,,,,,,1.0,1.0,1.0,1.0,0.7094581471476118,1.0,1.0,1.0,0.0,0.7842056709836287
2438,01e9b170c5c1365c4,True,,,,,,,,,,1.0,1.0,1.0,1.0,1.0,1.0,1.0,1.0,1.0,1.0
2439,a455cb198227aca78,True,,,,,,,,,,1.0,0.0,0.5,1.0,1.0,1.0,0.0,1.0,0.0,0.0
2440,b141bcb6ae7025055,True,,,,,,,,,,0.0,1.0,1.0,1.0,1.0,0.0,1.0,1.0,1.0,0.0
2441,c567a3cd6305bc4a6,True,,,,,,,,,,0.0,1.0,1.0,1.0,0.9234672471023189,0.0,0.0,1.0,0.0,0.0
2442,63a0b4eedb06db349,True,,,,,,,,,,1.0,0.0,0.0,1.0,1.0,1.0,0.0,1.0,1.0,0.0
2443,7002987261d03954e,True,,,,,,,,,,1.0,0.0,0.5,1.0,1.0,1.0,0.0,0.0,1.0,0.0
2444,f047a65c1ef695e27,True,,,,,,,,,,1.0,1.0,1.0,1.0,1.0,1.0,0.0,1.0,0.0,0.75
2445,ba6dae21cadca949f,True,,,,,,,,,,1.0,1.0,1.0,1.0,1.0,1.0,1.0,1.0,0.0,0.875
2446,9aabc1816bfcdd63e,True,,,,,,,,,,1.0,1.0,1.0,1.0,0.8013931774447821,1.0,0.0,1.0,1.0,0.8129353679514943
2447,d153031465d8e37cb,True,,,,,,,,,,1.0,1.0,1.0,1.0,1.0,1.0,1.0,1.0,1.0,1.0
2448,5e6d2cd10c8d3e867,True,,,,,,,,,,1.0,1.0,1.0,1.0,0.8519475593149307,1.0,0.0,1.0,1.0,0.8287336122859159
2449,9a9ccb6c7221c42a1,True,,,,,,,,,,1.0,1.0,1.0,1.0,0.8258586582242282,0.0,0.0,1.0,1.0,0.5080808306950713
2450,9557f26df1e4356d7,True,,,,,,,,,,1.0,1.0,0.0,1.0,1.0,1.0,0.0,1.0,1.0,0.0
2451,c07fcc57d1a2e1388,True,,,,,,,,,,1.0,0.0,0.5,1.0,0.25324389667589886,1.0,1.0,1.0,0.0,0.0
2452,30c354120aed6af34,True,,,,,,,,,,1.0,0.0,1.0,1.0,1.0,1.0,1.0,1.0,0.0,0.0
2453,50ca93bd394c4a025,True,,,,,,,,,,1.0,1.0,1.0,1.0,1.0,1.0,1.0,1.0,1.0,1.0
2454,4c1f05a52e82aac85,True,,,,,,,,,,1.0,0.0,1.0,1.0,0.8128056758418869,1.0,1.0,1.0,0.0,0.0
2455,c5bf49e3aca8b3adb,True,,,,,,,,,,1.0,1.0,1.0,1.0,0.5727358719816615,1.0,1.0,1.0,0.0,0.7414799599942692
2456,c81e1b4650a6a20fd,True,,,,,,,,,,0.5,0.0,1.0,1.0,0.7285873260510106,0.0,1.0,1.0,1.0,0.0
2457,7c5d86ba5e0d7e2a3,True,,,,,,,,,,1.0,1.0,1.0,1.0,1.0,1.0,0.0,1.0,0.0,0.75
2458,02644631a56fa1750,True,,,,,,,,,,1.0,1.0,1.0,1.0,0.6656361752227824,1.0,1.0,1.0,0.0,0.7705113047571195
2459,492bf2330bca28ca8,True,,,,,,,,,,1.0,1.0,1.0,1.0,1.0,1.0,0.0,1.0,0.0,0.75
2460,64048e12035273b06,True,,,,,,,,,,1.0,1.0,1.0,1.0,0.6062424024348086,1.0,1.0,1.0,0.0,0.7519507507608777
2461,7ca5efbee05a576cf,True,,,,,,,,,,1.0,1.0,0.0,1.0,1.0,1.0,0.0,1.0,1.0,0.0
2462,1fa4a4d07117f21ba,True,,,,,,,,,,1.0,1.0,1.0,1.0,0.7156293722022335,0.0,0.0,1.0,1.0,0.47363417881319797
2463,02693119b4e1bacb0,True,,,,,,,,,,1.0,0.0,1.0,1.0,0.5306697109354604,1.0,1.0,1.0,0.0,0.0
2464,739eb54d88f3b3d35,True,,,,,,,,,,1.0,1.0,1.0,1.0,0.6038427598502412,1.0,1.0,1.0,0.0,0.7512008624532004
2465,1f85e503d38a543ba,True,,,,,,,,,,1.0,1.0,0.0,1.0,0.6846828838606708,1.0,0.0,1.0,1.0,0.0
2466,b38c2b62761a1929d,True,,,,,,,,,,1.0,1.0,1.0,1.0,0.5862172173775775,1.0,0.0,1.0,1.0,0.745692880430493
2467,6ef6514c231637cbf,True,,,,,,,,,,0.0,1.0,1.0,1.0,1.0,0.0,1.0,1.0,0.0,0.0
2468,38fd2f329eb063f83,True,,,,,,,,,,1.0,1.0,1.0,1.0,1.0,1.0,0.0,1.0,0.0,0.75
2469,4e062143c7bd91118,True,,,,,,,,,,1.0,0.0,0.0,1.0,0.9544864481605109,1.0,1.0,1.0,1.0,0.0
2470,ec8c748e31436c7e5,True,,,,,,,,,,0.0,0.0,0.0,1.0,1.0,0.0,0.0,1.0,0.0,0.0
2471,4f498e8f4ae7fedd5,True,,,,,,,,,,1.0,0.0,0.0,1.0,1.0,1.0,0.0,1.0,0.0,0.0
2472,5ae5fc96ae87f7041,True,,,,,,,,,,1.0,1.0,1.0,1.0,0.5944884290647588,1.0,1.0,1.0,0.0,0.7482776340827372
2473,3e5e5f35dd00868f1,True,,,,,,,,,,1.0,1.0,1.0,1.0,1.0,0.0,1.0,1.0,0.0,0.5625
2474,7e6c6310177832aed,True,,,,,,,,,,1.0,0.0,1.0,1.0,1.0,1.0,1.0,1.0,0.0,0.0
2475,07d73bb7099662d82,True,,,,,,,,,,1.0,1.0,1.0,1.0,0.391454520452349,1.0,0.0,1.0,0.0,0.5598295376413591
2476,294d19afced5a7af8,True,,,,,,,,,,1.0,1.0,1.0,1.0,0.7485433339522635,1.0,1.0,1.0,1.0,0.9214197918600824
2477,0118e2ec3759cc2bc,True,,,,,,,,,,1.0,1.0,1.0,1.0,1.0,1.0,0.0,1.0,1.0,0.875
2478,c47263e93d93b6838,True,,,,,,,,,,0.0,1.0,1.0,1.0,0.7825742809746921,0.0,0.0,1.0,1.0,0.0
2479,5bd97408b667dca22,True,,,,,,,,,,1.0,1.0,1.0,1.0,1.0,1.0,0.0,1.0,1.0,0.875
2480,dd0ed1239e6562358,True,,,,,,,,,,1.0,0.0,0.0,1.0,1.0,1.0,0.0,1.0,0.0,0.0
2481,cfd0e5de5d28d1a6e,True,,,,,,,,,,1.0,1.0,1.0,1.0,0.9596434812749656,1.0,0.0,1.0,1.0,0.8623885878984268
2482,46d27733df7167bb2,True,,,,,,,,,,1.0,1.0,1.0,1.0,0.6471172509539694,1.0,1.0,1.0,0.0,0.7647241409231155
2483,35d4f508b7e0207b4,True,,,,,,,,,,1.0,1.0,1.0,1.0,0.601162922588485,1.0,1.0,1.0,1.0,0.8753634133089016
2484,de0ea29426ca0c381,True,,,,,,,,,,1.0,1.0,1.0,1.0,0.10953832288305859,1.0,0.0,1.0,0.0,0.4717307259009558
2485,4f4a53796fa5bb136,True,,,,,,,,,,1.0,1.0,1.0,1.0,0.5058576038487478,1.0,0.0,1.0,1.0,0.7205805012027336
2486,ddc382f4a2aa9f33e,True,,,,,,,,,,1.0,1.0,0.0,1.0,1.0,1.0,0.0,1.0,0.0,0.0
2487,bf747811ee475d2c1,True,,,,,,,,,,1.0,1.0,1.0,1.0,0.9152941022720014,1.0,0.0,1.0,0.0,0.7235294069600005
2488,fc4ca8b0a98a8fade,True,,,,,,,,,,0.0,1.0,1.0,1.0,1.0,0.0,0.0,1.0,0.0,0.0
2489,0224d4cee538e69c3,True,,,,,,,,,,1.0,0.0,1.0,1.0,1.0,1.0,1.0,1.0,1.0,0.0
2490,5d14b0687eb2ad5a2,True,,,,,,,,,,0.5,1.0,1.0,1.0,1.0,0.0,1.0,1.0,1.0,0.34375
2491,bc1165d3665880833,True,,,,,,,,,,1.0,1.0,1.0,1.0,1.0,1.0,1.0,1.0,1.0,1.0
2492,ae2bc6336b41077f4,True,,,,,,,,,,1.0,1.0,0.5,1.0,0.4902712998591928,1.0,0.0,1.0,1.0,0.3578548906029989
2493,e0c4f0b6dc4e1a632,True,,,,,,,,,,0.0,1.0,1.0,1.0,1.0,0.0,0.0,1.0,1.0,0.0
2494,75c698c901137829c,True,,,,,,,,,,1.0,1.0,1.0,1.0,0.5529027740728454,0.0,1.0,1.0,1.0,0.5477821168977641
2495,2da594e725662f7c5,True,,,,,,,,,,1.0,1.0,1.0,1.0,1.0,1.0,1.0,1.0,0.0,0.875
2496,905ea255ddc3a837c,True,,,,,,,,,,1.0,1.0,1.0,1.0,0.7496909757022061,1.0,0.0,1.0,1.0,0.7967784299069394
2497,b5927d9f04e5f04d4,True,,,,,,,,,,1.0,1.0,1.0,1.0,0.6837901260649286,1.0,1.0,1.0,1.0,0.9011844143952902
2498,6e32b9a6c91fe85dc,True,,,,,,,,,,0.0,1.0,1.0,1.0,1.0,0.0,0.0,1.0,0.0,0.0
2499,ced98f0c60c32e69a,True,,,,,,,,,,1.0,1.0,1.0,1.0,1.0,1.0,1.0,1.0,1.0,1.0
2500,7f866f8c8d00bd3d1,True,,,,,,,,,,1.0,1.0,1.0,1.0,0.8963458005879699,1.0,0.0,1.0,0.0,0.7176080626837406
2501,38237140ae3e57418,True,,,,,,,,,,1.0,1.0,1.0,1.0,0.8788613567975188,1.0,1.0,1.0,1.0,0.9621441739992246
2502,52b7525b699ef9adf,True,,,,,,,,,,1.0,1.0,1.0,1.0,0.7946616731828392,1.0,1.0,1.0,1.0,0.9358317728696373
2503,e8b8ef9bb7f4bdccb,True,,,,,,,,,,1.0,1.0,1.0,1.0,1.0,1.0,0.0,1.0,0.0,0.75
2504,cc9f51b0460d19ee5,True,,,,,,,,,,1.0,0.0,0.0,1.0,0.8736015412231561,1.0,0.0,1.0,1.0,0.0
2505,c138df3ef41d3bfe5,True,,,,,,,,,,1.0,0.0,1.0,1.0,1.0,1.0,1.0,0.0,1.0,0.0
2506,6b8b063fa80fa480f,True,,,,,,,,,,1.0,1.0,1.0,1.0,1.0,1.0,1.0,1.0,0.0,0.875
2507,9766a7687623d62c6,True,,,,,,,,,,1.0,1.0,0.5,1.0,0.9785916633746682,1.0,0.0,1.0,0.0,0.3716549474022919
2508,c807c2486a7897e81,True,,,,,,,,,,0.0,1.0,1.0,1.0,1.0,0.0,1.0,1.0,1.0,0.0
2509,eb9e203aa49fcf83a,True,,,,,,,,,,1.0,1.0,1.0,1.0,0.9122181439227537,1.0,0.0,1.0,1.0,0.8475681699758606
2510,0fd0f1481edb016f4,True,,,,,,,,,,1.0,0.0,0.5,1.0,0.6288471134383445,1.0,0.0,1.0,1.0,0.0
2511,d33fcf041654db4d0,True,,,,,,,,,,1.0,1.0,1.0,1.0,0.9140886576534406,1.0,0.0,1.0,0.0,0.7231527055167002
2512,24b6ddd9158c4bf2c,True,,,,,,,,,,1.0,1.0,1.0,1.0,0.8915299862284344,1.0,1.0,1.0,1.0,0.9661031206963857
2513,2cb233c37065ae18d,True,,,,,,,,,,0.0,1.0,1.0,1.0,1.0,0.0,0.0,1.0,1.0,0.0
2514,7052cedfc597ff134,True,,,,,,,,,,0.0,1.0,0.5,1.0,1.0,0.0,0.0,1.0,1.0,0.0
2515,891da533fb5685c31,True,,,,,,,,,,1.0,0.0,0.5,1.0,1.0,1.0,0.0,0.0,0.0,0.0
2516,bc686838d510dad87,True,,,,,,,,,,1.0,1.0,1.0,1.0,1.0,1.0,0.0,1.0,0.0,0.75
2517,6f8cba85e3f6cd0d4,True,,,,,,,,,,1.0,1.0,0.5,1.0,1.0,1.0,0.0,1.0,1.0,0.4375
2518,a423127bc4cb28773,True,,,,,,,,,,1.0,1.0,1.0,1.0,0.7685441938108079,0.0,1.0,1.0,1.0,0.6151700605658774
2519,696843a23b748f1b0,True,,,,,,,,,,1.0,1.0,0.5,1.0,1.0,1.0,1.0,1.0,0.0,0.4375
2520,cd8fa74c681fa08d7,True,,,,,,,,,,1.0,1.0,1.0,1.0,0.7979116661626957,1.0,1.0,1.0,1.0,0.9368473956758424
2521,9f8032f6872d56164,True,,,,,,,,,,1.0,1.0,1.0,1.0,0.8358406703688406,1.0,1.0,1.0,0.0,0.8237002094902627
2522,a69e816127208136c,True,,,,,,,,,,1.0,1.0,1.0,1.0,0.790586297648303,1.0,0.0,1.0,1.0,0.8095582180150946
2523,9cef002202fcf25ea,True,,,,,,,,,,1.0,1.0,1.0,1.0,1.0,1.0,1.0,1.0,0.0,0.875
2524,f27131cc726cc7eb7,True,,,,,,,,,,1.0,1.0,1.0,1.0,0.5081957891887403,1.0,1.0,1.0,0.0,0.7213111841214813
2525,ce907a202ee6095c1,True,,,,,,,,,,1.0,1.0,1.0,1.0,0.5788848343563642,1.0,1.0,1.0,0.0,0.7434015107363638
2526,18904eb72c5073ba1,True,,,,,,,,,,1.0,1.0,1.0,1.0,0.6279551409753548,1.0,0.0,1.0,1.0,0.7587359815547984
2527,2efb596222f8cbb75,True,,,,,,,,,,1.0,1.0,0.5,1.0,1.0,1.0,0.0,1.0,1.0,0.4375
2528,f0150096a41797505,True,,,,,,,,,,1.0,1.0,1.0,1.0,0.9727167409000999,1.0,0.0,1.0,0.0,0.7414739815312812
2529,dee771fcf184f2521,True,,,,,,,,,,1.0,1.0,1.0,1.0,0.6858463850341792,1.0,0.0,1.0,1.0,0.776826995323181
2530,1ee04786c1af4e2d7,True,,,,,,,,,,1.0,1.0,0.5,1.0,1.0,0.0,0.0,1.0,0.0,0.21875
2531,c82fe572121770ee2,True,,,,,,,,,,1.0,0.0,1.0,1.0,1.0,1.0,0.0,1.0,1.0,0.0
2532,bab672bfc41847afb,True,,,,,,,,,,1.0,1.0,1.0,1.0,0.7211443279398551,1.0,1.0,1.0,0.0,0.7878576024812047
2533,b5dd0e82552c5ca8c,True,,,,,,,,,,1.0,1.0,0.0,1.0,0.7677305888970524,1.0,1.0,1.0,0.0,0.0
2534,527b9dd077cc88c6e,True,,,,,,,,,,1.0,1.0,0.0,1.0,1.0,1.0,0.0,1.0,1.0,0.0
2535,2292f65aeeb91446d,True,,,,,,,,,,1.0,1.0,1.0,1.0,0.8351322026996507,1.0,1.0,1.0,1.0,0.9484788133436408
2536,153383cdbca3694c0,True,,,,,,,,,,1.0,0.0,1.0,1.0,0.5939068921073609,1.0,1.0,1.0,0.0,0.0
2537,102d7c98065905ad0,True,,,,,,,,,,1.0,1.0,0.0,1.0,1.0,1.0,0.0,0.0,1.0,0.0
2538,2afebe4218aece0b6,True,,,,,,,,,,1.0,0.0,0.5,1.0,1.0,1.0,0.0,1.0,0.0,0.0
2539,32a33652619708c65,True,,,,,,,,,,0.0,1.0,1.0,1.0,1.0,0.0,0.0,1.0,1.0,0.0
2540,daf6c56e39384e309,True,,,,,,,,,,1.0,1.0,1.0,1.0,0.6579268245391952,1.0,1.0,1.0,1.0,0.8931021326684985
2541,a283fdc5a4a1cd3b0,True,,,,,,,,,,1.0,1.0,0.0,1.0,0.736557120298731,1.0,0.0,1.0,1.0,0.0
2542,7e63683bda8a632ba,True,,,,,,,,,,1.0,0.0,1.0,1.0,0.7725682305794076,1.0,1.0,1.0,0.0,0.0
2543,86d3c9d6518530872,True,,,,,,,,,,0.0,1.0,1.0,1.0,0.9196417350392779,0.0,1.0,1.0,0.0,0.0
2544,71652a0843409669f,True,,,,,,,,,,1.0,1.0,1.0,1.0,1.0,1.0,0.0,1.0,1.0,0.875
2545,1300580f22bac5f4c,True,,,,,,,,,,1.0,1.0,0.5,1.0,0.6721750634307317,1.0,0.0,1.0,1.0,0.38627735366105187
2546,75a91bdf0ba2aeea9,True,,,,,,,,,,1.0,0.0,1.0,1.0,0.6985806028445223,1.0,1.0,1.0,0.0,0.0
2547,6883dd210767ef27d,True,,,,,,,,,,1.0,1.0,1.0,1.0,1.0,1.0,1.0,1.0,0.0,0.875
2548,d29638c5140885ccd,True,,,,,,,,,,0.0,0.0,1.0,1.0,1.0,0.0,0.0,0.0,0.0,0.0
2549,a018170a118dc39bc,True,,,,,,,,,,0.0,1.0,1.0,1.0,0.8198849957300294,0.0,0.0,1.0,0.0,0.0
2550,78a6c5025d620a6b9,True,,,,,,,,,,1.0,1.0,1.0,1.0,0.9003687624115223,1.0,0.0,0.0,0.0,0.5938652382536007
2551,4e0a366def21f29ed,True,,,,,,,,,,1.0,1.0,1.0,1.0,0.14019534269875772,1.0,1.0,1.0,0.0,0.6063110445933617
2552,90c45199dafb82117,True,,,,,,,,,,1.0,1.0,1.0,1.0,0.7597479160465405,1.0,1.0,1.0,1.0,0.9249212237645439
2553,6993cc3dbf9cc86cf,True,,,,,,,,,,0.0,0.0,1.0,1.0,1.0,0.0,1.0,1.0,1.0,0.0
2554,8257b0ad7e1b11a15,True,,,,,,,,,,1.0,1.0,1.0,1.0,0.8208304093910279,1.0,1.0,1.0,1.0,0.9440095029346962
2555,aa1c2ba87587b53cb,True,,,,,,,,,,1.0,0.0,1.0,1.0,1.0,1.0,1.0,1.0,0.0,0.0
2556,6f8794f5f301202d0,True,,,,,,,,,,1.0,1.0,1.0,1.0,1.0,1.0,1.0,1.0,0.0,0.875
2557,d0bc7d7a692a6b0e9,True,,,,,,,,,,0.0,1.0,1.0,1.0,1.0,0.0,1.0,1.0,1.0,0.0
2558,5eea9af2c6acb36ec,True,,,,,,,,,,1.0,0.0,1.0,1.0,1.0,1.0,0.0,1.0,0.0,0.0
2559,e3bbe6b73a88e1b36,True,,,,,,,,,,1.0,1.0,0.5,1.0,0.8833885886473302,1.0,0.0,1.0,0.0,0.3567794669761454
2560,ac3a27db9ffc981a6,True,,,,,,,,,,1.0,1.0,1.0,1.0,0.7031102903276403,1.0,0.0,1.0,1.0,0.7822219657273876
2561,e147b31afd8a5c390,True,,,,,,,,,,1.0,1.0,1.0,0.0,1.0,1.0,1.0,1.0,0.0,0.0
2562,b8aa4f2712496a9c3,True,,,,,,,,,,1.0,1.0,0.5,1.0,1.0,1.0,0.0,1.0,1.0,0.4375
2563,c2fbdb2ef268ad123,True,,,,,,,,,,1.0,1.0,1.0,1.0,1.0,1.0,0.0,1.0,1.0,0.875
2564,04d2f35c7f6db137f,True,,,,,,,,,,1.0,1.0,1.0,1.0,0.5687126883920066,1.0,1.0,1.0,1.0,0.865222715122502
2565,daa10fc178dc83dfb,True,,,,,,,,,,1.0,0.0,1.0,1.0,1.0,1.0,0.0,1.0,1.0,0.0
2566,aeafb748fb3a37e8c,True,,,,,,,,,,1.0,1.0,0.5,1.0,1.0,1.0,0.0,1.0,1.0,0.4375
2567,41dae4808025d25f5,True,,,,,,,,,,1.0,1.0,1.0,1.0,0.8358856538658405,1.0,0.0,1.0,0.0,0.6987142668330751
2568,ea1bac206caf8d18e,True,,,,,,,,,,0.5,1.0,1.0,1.0,0.9431596615495987,0.0,1.0,1.0,0.0,0.2723686971171248
2569,c4bc5e76f15b2b430,True,,,,,,,,,,1.0,1.0,1.0,1.0,0.6370538452854544,1.0,1.0,1.0,1.0,0.8865793266517045
2570,9eb568210e6566dd5,True,,,,,,,,,,1.0,1.0,1.0,1.0,0.5366206049225944,1.0,1.0,1.0,1.0,0.8551939390383108
2571,f1e38b58130384157,True,,,,,,,,,,1.0,1.0,1.0,1.0,0.7112381980851334,1.0,0.0,1.0,1.0,0.7847619369016042
2572,de6c242bf7dbf68eb,True,,,,,,,,,,1.0,1.0,1.0,1.0,0.46834781506440765,1.0,0.0,1.0,1.0,0.7088586922076274
2573,e4cc46ea076c674d9,True,,,,,,,,,,1.0,1.0,1.0,1.0,0.2911060894424628,1.0,0.0,1.0,0.0,0.5284706529507697
2574,ffa71fc1b5b55f4ea,True,,,,,,,,,,1.0,1.0,1.0,1.0,0.7918367133096463,1.0,0.0,1.0,0.0,0.6849489729092645
2575,10cc41fbc38a43481,True,,,,,,,,,,0.0,1.0,1.0,1.0,0.9027250016296737,0.0,1.0,1.0,1.0,0.0
2576,cdb408bfe8cbbd8b3,True,,,,,,,,,,0.0,0.0,0.0,1.0,1.0,0.0,0.0,1.0,0.0,0.0
2577,3c7f6147a0608469d,True,,,,,,,,,,1.0,0.0,0.0,1.0,1.0,1.0,1.0,1.0,0.0,0.0
2578,5fb91cdf13ec612c5,True,,,,,,,,,,1.0,1.0,1.0,1.0,0.757994993672408,1.0,0.0,1.0,1.0,0.7993734355226275
2579,46674c511c8ea3dfc,True,,,,,,,,,,1.0,1.0,1.0,1.0,0.9511771742743403,1.0,1.0,1.0,0.0,0.8597428669607314
2580,2f841ea41e11faf68,True,,,,,,,,,,1.0,1.0,0.0,1.0,0.819386185906444,1.0,0.0,1.0,1.0,0.0
2581,d3f900cebad176f8c,True,,,,,,,,,,0.0,1.0,0.5,1.0,1.0,0.0,0.0,1.0,1.0,0.0
2582,7abb624adfb880027,True,,,,,,,,,,1.0,1.0,1.0,1.0,0.7992920800932128,1.0,0.0,1.0,0.0,0.687278775029129
2583,aa354b140b6d2c2ab,True,,,,,,,,,,1.0,1.0,1.0,1.0,0.2507920046955653,1.0,1.0,1.0,1.0,0.7658725014673642
2584,de6d8849e57d7258f,True,,,,,,,,,,1.0,1.0,1.0,1.0,0.7345603200995771,1.0,1.0,1.0,1.0,0.9170501000311179
2585,772ca0f5b2b35d83b,True,,,,,,,,,,1.0,0.0,1.0,0.0,1.0,1.0,1.0,1.0,1.0,0.0
2586,95bfecce656f72d69,True,,,,,,,,,,0.0,1.0,1.0,1.0,1.0,0.0,0.0,1.0,1.0,0.0
2587,07bad7098a8e98783,True,,,,,,,,,,0.0,1.0,1.0,1.0,1.0,0.0,1.0,1.0,1.0,0.0
2588,d3150a8489aa038cb,True,,,,,,,,,,0.0,1.0,1.0,1.0,1.0,0.0,0.0,1.0,1.0,0.0
2589,0ac5f53f5bbf5603e,True,,,,,,,,,,1.0,1.0,1.0,1.0,1.0,1.0,1.0,1.0,0.0,0.875
2590,dbfff1a4f70af53a6,True,,,,,,,,,,1.0,1.0,1.0,0.0,1.0,1.0,1.0,1.0,0.0,0.0
2591,0d922ca55b8036075,True,,,,,,,,,,0.0,1.0,1.0,1.0,1.0,0.0,1.0,1.0,0.0,0.0
2592,18d79c8cb12df7f0e,True,,,,,,,,,,1.0,1.0,1.0,1.0,0.7903941732067352,1.0,0.0,0.0,1.0,0.6844981791271048
2593,4a2ae0b5cd41f2676,True,,,,,,,,,,1.0,1.0,1.0,1.0,0.71099865201156,1.0,1.0,1.0,1.0,0.9096870787536124
2594,01b72798ffad4fcc6,True,,,,,,,,,,1.0,1.0,1.0,1.0,1.0,1.0,0.0,1.0,1.0,0.875
2595,cdee605a7b8acd418,True,,,,,,,,,,1.0,1.0,1.0,1.0,0.7955530869529436,1.0,1.0,1.0,1.0,0.9361103396727949
2596,ae63fbc91467ac137,True,,,,,,,,,,0.0,1.0,0.5,1.0,1.0,0.0,0.0,1.0,0.0,0.0
2597,af944ea40728e6074,True,,,,,,,,,,1.0,1.0,1.0,1.0,0.7699630056749488,1.0,1.0,1.0,0.0,0.8031134392734215
2598,661923b68a72445aa,True,,,,,,,,,,1.0,0.0,1.0,1.0,0.7290567914196342,1.0,0.0,1.0,0.0,0.0
2599,9bbec38bd775ea622,True,,,,,,,,,,1.0,1.0,1.0,1.0,1.0,1.0,0.0,1.0,0.0,0.75
2600,a20d11131b97593ab,True,,,,,,,,,,1.0,1.0,1.0,1.0,0.8010183269486721,1.0,0.0,1.0,1.0,0.81281822717146
2601,ceec882b56eebd8c4,True,,,,,,,,,,1.0,1.0,1.0,1.0,0.8072689255398962,1.0,1.0,1.0,0.0,0.8147715392312176
2602,322862242b452cccc,True,,,,,,,,,,1.0,0.0,1.0,1.0,0.7666269207889278,1.0,0.0,1.0,1.0,0.0
2603,9afe3b5ff03c0b6bf,True,,,,,,,,,,1.0,1.0,1.0,1.0,1.0,1.0,1.0,1.0,1.0,1.0
2604,c9c198442a1efdc10,True,,,,,,,,,,1.0,0.0,1.0,1.0,1.0,1.0,1.0,1.0,1.0,0.0
2605,fd0901032c45b4e62,True,,,,,,,,,,1.0,1.0,1.0,1.0,0.8603494702158615,1.0,1.0,1.0,0.0,0.8313592094424567
2606,c672054b9f22ca68b,True,,,,,,,,,,1.0,0.0,1.0,1.0,1.0,1.0,0.0,1.0,0.0,0.0
2607,17de904ac4c504886,True,,,,,,,,,,1.0,1.0,1.0,1.0,0.6475141847270353,1.0,1.0,1.0,1.0,0.8898481827271985
2608,7e21d3337e4e59b97,True,,,,,,,,,,1.0,1.0,1.0,1.0,0.7151920821231197,1.0,1.0,1.0,1.0,0.9109975256634749
2609,687eac5f36b59550f,True,,,,,,,,,,1.0,0.0,1.0,1.0,1.0,1.0,1.0,1.0,0.0,0.0
2610,43f884d69baea51f6,True,,,,,,,,,,1.0,0.0,1.0,1.0,1.0,1.0,0.0,1.0,1.0,0.0
2611,36ae44a98b7378f57,True,,,,,,,,,,1.0,1.0,1.0,1.0,0.4690452450869935,1.0,1.0,1.0,0.0,0.7090766390896854
2612,1b844c67dec9fe5a6,True,,,,,,,,,,1.0,1.0,1.0,1.0,0.6429525733106424,1.0,0.0,1.0,0.0,0.6384226791595757
2613,ab74a4ee392eb4ffc,True,,,,,,,,,,1.0,0.0,1.0,1.0,0.7167159993332682,1.0,1.0,1.0,1.0,0.0
2614,152d958486f2526ce,True,,,,,,,,,,1.0,1.0,0.0,1.0,0.7589432380523656,1.0,0.0,1.0,1.0,0.0
2615,5667ac6a20c2d6e51,True,,,,,,,,,,1.0,1.0,0.0,1.0,1.0,1.0,0.0,1.0,1.0,0.0
2616,eee3dbfa0ec3233b6,True,,,,,,,,,,1.0,1.0,1.0,1.0,0.5455942018769903,1.0,1.0,1.0,1.0,0.8579981880865595
2617,a66365f9db94531ab,True,,,,,,,,,,1.0,1.0,1.0,1.0,0.9700514063274589,1.0,1.0,1.0,0.0,0.8656410644773309
2618,29f63fdd169f556cf,True,,,,,,,,,,1.0,1.0,1.0,1.0,0.8635208564235881,1.0,1.0,1.0,0.0,0.8323502676323713
2619,07675a8f705892e3b,True,,,,,,,,,,1.0,1.0,1.0,1.0,1.0,1.0,1.0,1.0,0.0,0.875
2620,87c8ddd115e686126,True,,,,,,,,,,1.0,1.0,0.5,1.0,0.7929378431745382,1.0,1.0,0.0,0.0,0.3426465379960216
2621,d25b5af7899d7e8e0,True,,,,,,,,,,1.0,0.0,1.0,1.0,0.7125463597529794,1.0,0.0,1.0,1.0,0.0
2622,58f8054b16f2c0e47,True,,,,,,,,,,1.0,1.0,1.0,1.0,0.43580704864460224,1.0,0.0,0.0,1.0,0.5736897027014383
2623,e2d44e550396a6802,True,,,,,,,,,,1.0,1.0,1.0,1.0,0.9973835207971138,1.0,1.0,1.0,1.0,0.9991823502490981
2624,749b3e461ac448a6a,True,,,,,,,,,,0.0,0.0,0.0,1.0,1.0,0.0,0.0,1.0,0.0,0.0
2625,9e6370c960ce41937,True,,,,,,,,,,1.0,1.0,1.0,1.0,0.7169527989934414,1.0,0.0,1.0,0.0,0.6615477496854505
2626,1559b4629f70930e4,True,,,,,,,,,,1.0,1.0,1.0,1.0,0.7996607742143325,1.0,1.0,1.0,0.0,0.8123939919419789
2627,35dde9258cf9db5c2,True,,,,,,,,,,1.0,1.0,1.0,1.0,0.8109721623290768,1.0,0.0,1.0,1.0,0.8159288007278365
2628,5b31db57958441e62,True,,,,,,,,,,1.0,1.0,1.0,1.0,0.9430666373888614,1.0,1.0,1.0,0.0,0.8572083241840192
2629,1c5915479f9d88e87,True,,,,,,,,,,0.0,0.0,1.0,1.0,1.0,0.0,0.0,1.0,1.0,0.0
2630,144eb49ce2929f8ea,True,,,,,,,,,,1.0,1.0,1.0,1.0,1.0,1.0,1.0,1.0,1.0,1.0
2631,b4804c80431225e41,True,,,,,,,,,,1.0,0.0,1.0,1.0,1.0,1.0,1.0,1.0,1.0,0.0
2632,892cab52968bdafc3,True,,,,,,,,,,0.0,1.0,1.0,0.0,1.0,0.0,1.0,1.0,1.0,0.0
2633,bc79ecb5bdc5ca4f3,True,,,,,,,,,,1.0,1.0,1.0,1.0,0.6210584245053186,1.0,1.0,1.0,1.0,0.881580757657912
2634,562756132cea470ea,True,,,,,,,,,,1.0,1.0,1.0,1.0,0.8442609740558463,1.0,1.0,1.0,1.0,0.951331554392452
2635,ccb5c099cfbfadf38,True,,,,,,,,,,1.0,0.0,1.0,1.0,1.0,1.0,1.0,1.0,0.0,0.0
2636,c6d9117f5b5eb2902,True,,,,,,,,,,1.0,1.0,1.0,1.0,0.7115224892430894,1.0,1.0,1.0,1.0,0.9098507778884655
2637,85c1d52fe9fa2e443,True,,,,,,,,,,1.0,0.0,1.0,1.0,0.7868133910715702,1.0,0.0,1.0,1.0,0.0
2638,1307b26ce3d38f704,True,,,,,,,,,,1.0,1.0,1.0,1.0,1.0,1.0,0.0,1.0,0.0,0.75
2639,9c439f9711b4d4d8a,True,,,,,,,,,,1.0,1.0,1.0,1.0,0.9144955361404175,1.0,1.0,1.0,1.0,0.9732798550438805
2640,6e6061d855992b2c3,True,,,,,,,,,,1.0,1.0,1.0,1.0,0.5727358719816615,1.0,1.0,1.0,0.0,0.7414799599942692
2641,59b413d34d6d4b46a,True,,,,,,,,,,1.0,1.0,0.0,1.0,1.0,1.0,0.0,1.0,0.0,0.0
2642,94290de1a09e79e7b,True,,,,,,,,,,1.0,0.0,0.0,1.0,1.0,1.0,0.0,1.0,1.0,0.0
2643,1de9185a9bb05abe5,True,,,,,,,,,,1.0,1.0,1.0,1.0,0.5562026481095801,1.0,1.0,1.0,1.0,0.8613133275342437
2644,ea6c6eed6cbac7b1e,True,,,,,,,,,,1.0,0.0,1.0,1.0,0.12830936475797897,1.0,0.0,1.0,0.0,0.0
2645,787aeff562a4b851a,True,,,,,,,,,,1.0,1.0,1.0,1.0,1.0,1.0,0.0,1.0,0.0,0.75
2646,ebfcdb01551105c49,True,,,,,,,,,,0.0,1.0,1.0,0.0,1.0,0.0,1.0,1.0,1.0,0.0
2647,9e8f8fed1883534f6,True,,,,,,,,,,1.0,0.0,1.0,1.0,1.0,1.0,0.0,1.0,0.0,0.0
2648,a0b8747e5af0f2b1d,True,,,,,,,,,,1.0,0.0,1.0,1.0,1.0,1.0,1.0,1.0,0.0,0.0
2649,759a8a1916ceaf38d,True,,,,,,,,,,1.0,1.0,1.0,1.0,1.0,1.0,0.0,1.0,0.0,0.75
2650,2beda3235f74c6edb,True,,,,,,,,,,1.0,1.0,1.0,1.0,0.48901824010211864,1.0,0.0,1.0,1.0,0.715318200031912
2651,5dba5a1d4aea8c679,True,,,,,,,,,,1.0,1.0,1.0,1.0,0.7522236119040059,1.0,0.0,1.0,1.0,0.7975698787200018
2652,0f705d42ea20356f6,True,,,,,,,,,,1.0,0.0,1.0,1.0,1.0,0.0,1.0,1.0,0.0,0.0
2653,eb1f907b28806d98c,True,,,,,,,,,,1.0,1.0,1.0,1.0,0.8085910689297726,1.0,0.0,1.0,1.0,0.815184709040554
2654,ccafa2d23a6f3f8b5,True,,,,,,,,,,1.0,1.0,1.0,1.0,1.0,1.0,0.0,1.0,0.0,0.75
2655,2bd137e85147a0c70,True,,,,,,,,,,1.0,0.0,1.0,1.0,1.0,1.0,0.0,1.0,0.0,0.0
2656,ddfba30b82c7a702c,True,,,,,,,,,,1.0,0.0,1.0,1.0,0.8727236577805887,1.0,0.0,1.0,1.0,0.0
2657,08dd93ec00ee02183,True,,,,,,,,,,1.0,1.0,1.0,1.0,1.0,1.0,1.0,1.0,0.0,0.875
2658,db5a03e690d9afcdb,True,,,,,,,,,,1.0,1.0,1.0,1.0,1.0,1.0,0.0,1.0,1.0,0.875
2659,18dbdfb5b9fe301f4,True,,,,,,,,,,0.0,1.0,1.0,1.0,1.0,0.0,1.0,1.0,1.0,0.0
2660,63587c0f95bcdef4c,True,,,,,,,,,,1.0,0.0,0.5,1.0,1.0,1.0,0.0,1.0,1.0,0.0
2661,213be589c1849a8ad,True,,,,,,,,,,1.0,0.0,1.0,1.0,1.0,1.0,1.0,1.0,0.0,0.0
2662,72637a23d58025fde,True,,,,,,,,,,0.0,0.0,1.0,1.0,1.0,0.0,0.0,1.0,1.0,0.0
2663,3b99197cc8a0e07a3,True,,,,,,,,,,1.0,1.0,1.0,1.0,1.0,1.0,1.0,1.0,1.0,1.0
2664,ec57bab7a9c75c4d0,True,,,,,,,,,,1.0,1.0,0.0,1.0,1.0,1.0,0.0,1.0,0.0,0.0
2665,041ef3b3c078e7cea,True,,,,,,,,,,0.0,1.0,1.0,1.0,1.0,0.0,0.0,1.0,1.0,0.0
2666,56c892f39067ffb33,True,,,,,,,,,,1.0,1.0,1.0,1.0,0.5683496103107224,1.0,0.0,1.0,1.0,0.7401092532221007
2667,085b24e5cde180825,True,,,,,,,,,,0.0,1.0,1.0,1.0,1.0,0.0,0.0,1.0,1.0,0.0
2668,9a5ec15b58d715b9c,True,,,,,,,,,,1.0,0.0,1.0,1.0,0.5815147697930638,1.0,1.0,1.0,1.0,0.0
2669,bb662cb22384c44c1,True,,,,,,,,,,1.0,1.0,1.0,1.0,0.8310720382344842,1.0,1.0,1.0,0.0,0.8222100119482763
2670,467d1a5ec9c912bda,True,,,,,,,,,,1.0,1.0,1.0,1.0,1.0,1.0,0.0,1.0,0.0,0.75
2671,db94fae67e9339c05,True,,,,,,,,,,1.0,1.0,1.0,1.0,1.0,1.0,0.0,1.0,1.0,0.875
2672,73ebc06c5abeb011a,True,,,,,,,,,,1.0,1.0,0.5,1.0,0.9227864666587641,1.0,0.0,0.0,1.0,0.3629353854154319
2673,300e70e9d228631b4,True,,,,,,,,,,1.0,0.0,0.0,1.0,1.0,1.0,0.0,1.0,0.0,0.0
2674,e987a00eb520c3af5,True,,,,,,,,,,1.0,1.0,1.0,1.0,0.46018338568600303,1.0,1.0,1.0,1.0,0.8313073080268759
2675,2bdf702f467e5cdf1,True,,,,,,,,,,1.0,1.0,1.0,1.0,0.3833051271455532,1.0,0.0,1.0,0.0,0.5572828522329853
2676,4cac5cf4ef12bcaba,True,,,,,,,,,,1.0,0.0,1.0,1.0,0.8420442964238807,1.0,0.0,1.0,0.0,0.0
2677,1d7b812f26f914c71,True,,,,,,,,,,0.0,1.0,0.5,1.0,1.0,0.0,1.0,1.0,0.0,0.0
2678,6ea72a0c3033844cf,True,,,,,,,,,,1.0,1.0,0.5,1.0,0.4399758100189062,1.0,0.0,1.0,1.0,0.3499962203154541
2679,b597eeb6a07198090,True,,,,,,,,,,1.0,0.0,1.0,1.0,0.8678964450920584,1.0,1.0,1.0,1.0,0.0
2680,241e6bedc6fcf2de4,True,,,,,,,,,,0.0,0.0,1.0,1.0,1.0,0.0,0.0,1.0,1.0,0.0
2681,948ee6f4ce68f4290,True,,,,,,,,,,1.0,1.0,1.0,1.0,0.7166359932867081,1.0,1.0,1.0,0.0,0.7864487479020963
2682,e4fca12e85b84a61b,True,,,,,,,,,,0.0,1.0,1.0,1.0,1.0,0.0,1.0,1.0,0.0,0.0
2683,2e822d476fd14739c,True,,,,,,,,,,1.0,1.0,1.0,1.0,0.7757063360018014,1.0,1.0,1.0,1.0,0.929908230000563
2684,a70343efbae4bbaab,True,,,,,,,,,,1.0,0.0,1.0,1.0,1.0,1.0,0.0,1.0,1.0,0.0
2685,1bb0ace72a38d2201,True,,,,,,,,,,0.5,0.0,1.0,1.0,0.8057100529565173,0.0,1.0,1.0,1.0,0.0
2686,8d07721cee604c720,True,,,,,,,,,,1.0,0.0,1.0,1.0,0.491810113550045,1.0,0.0,1.0,1.0,0.0
2687,6e10df391ad68426e,True,,,,,,,,,,1.0,1.0,1.0,1.0,1.0,1.0,0.0,1.0,0.0,0.75
2688,b2a29ceff702c11c1,True,,,,,,,,,,1.0,1.0,1.0,1.0,0.6925205888044074,1.0,0.0,1.0,1.0,0.7789126840013774
2689,2a16480d68428e775,True,,,,,,,,,,1.0,1.0,1.0,1.0,0.7967902175833075,1.0,1.0,1.0,1.0,0.9364969429947836
2690,66f45177e81fc8115,True,,,,,,,,,,1.0,1.0,1.0,1.0,0.9374311774594327,1.0,0.0,1.0,1.0,0.8554472429560727
2691,64cb1964d2bb9f801,True,,,,,,,,,,1.0,1.0,1.0,1.0,0.7216919788960726,1.0,0.0,1.0,0.0,0.6630287434050227
2692,48b2b4044e41f6e13,True,,,,,,,,,,1.0,1.0,1.0,1.0,0.4635735436824024,1.0,1.0,1.0,0.0,0.7073667324007508
2693,dbc538d7bed435cad,True,,,,,,,,,,1.0,1.0,1.0,1.0,1.0,1.0,1.0,1.0,1.0,1.0
2694,215d99206d864850d,True,,,,,,,,,,1.0,1.0,0.0,1.0,0.6174308047381781,1.0,0.0,1.0,0.0,0.0
2695,dd091b9e715ca6370,True,,,,,,,,,,0.0,1.0,1.0,1.0,0.8215065873013948,0.0,0.0,1.0,1.0,0.0
2696,ce91aa0b54e55f85e,True,,,,,,,,,,1.0,1.0,1.0,1.0,0.9197382622250104,1.0,0.0,1.0,1.0,0.8499182069453157
2697,b5ee33c961aed53c5,True,,,,,,,,,,1.0,1.0,0.0,1.0,0.7101952840216091,1.0,0.0,1.0,1.0,0.0
2698,2d56e1301f6cafa55,True,,,,,,,,,,0.0,1.0,1.0,1.0,1.0,0.0,1.0,1.0,0.0,0.0
2699,6faa95e5cb1141518,True,,,,,,,,,,1.0,1.0,1.0,1.0,0.6947278282361228,1.0,1.0,1.0,1.0,0.9046024463237884
2700,3428d82c17d7e5501,True,,,,,,,,,,0.5,0.0,1.0,1.0,1.0,0.0,1.0,1.0,1.0,0.0
2701,be32b597dc6df2a8a,True,,,,,,,,,,0.0,1.0,1.0,1.0,1.0,0.0,0.0,1.0,0.0,0.0
2702,e204182883d94ae66,True,,,,,,,,,,1.0,1.0,1.0,1.0,0.7638715804186677,1.0,0.0,1.0,0.0,0.6762098688808337
2703,913e360242a39e667,True,,,,,,,,,,1.0,1.0,1.0,1.0,0.290104834441014,1.0,1.0,1.0,1.0,0.7781577607628168
2704,3dade981d5c5fb068,True,,,,,,,,,,1.0,0.0,1.0,1.0,0.9010618889405275,1.0,1.0,1.0,0.0,0.0
2705,129e42105cbb4c354,True,,,,,,,,,,1.0,1.0,1.0,1.0,0.1695956191319496,1.0,1.0,1.0,1.0,0.7404986309787343
2706,4c8f99b2e4efaa034,True,,,,,,,,,,1.0,1.0,1.0,1.0,0.8301206918331983,1.0,0.0,1.0,1.0,0.8219127161978744
2707,ecd732b7421818ec0,True,,,,,,,,,,1.0,0.0,1.0,1.0,1.0,1.0,0.0,1.0,1.0,0.0
2708,a5a4330ec613db5a3,True,,,,,,,,,,0.0,1.0,1.0,1.0,1.0,0.0,1.0,0.0,0.0,0.0
2709,0ff61f43578c0d8e7,True,,,,,,,,,,1.0,1.0,0.0,1.0,1.0,1.0,0.0,1.0,1.0,0.0
2710,2c048c6ca0a0876cd,True,,,,,,,,,,1.0,1.0,1.0,1.0,0.8153809686502105,1.0,0.0,1.0,1.0,0.8173065527031907
2711,058faf4c24ca33403,True,,,,,,,,,,1.0,1.0,1.0,1.0,1.0,1.0,1.0,1.0,0.0,0.875
2712,c6d10cce20bba3c8f,True,,,,,,,,,,1.0,1.0,1.0,1.0,1.0,1.0,1.0,1.0,0.0,0.875
2713,6d0d47e6df17b8442,True,,,,,,,,,,1.0,1.0,1.0,1.0,0.7717018071224909,1.0,1.0,1.0,0.0,0.8036568147257784
2714,1fe19452daacb7953,True,,,,,,,,,,0.0,1.0,1.0,1.0,1.0,0.0,1.0,1.0,1.0,0.0
2715,298d397ff94dd0eb4,True,,,,,,,,,,1.0,1.0,1.0,1.0,0.931785880220682,1.0,1.0,1.0,1.0,0.9786830875689632
2716,83daac46cb68fabb0,True,,,,,,,,,,1.0,0.0,1.0,1.0,0.5446568388431258,1.0,1.0,1.0,1.0,0.0
2717,c43503e3cebf10b69,True,,,,,,,,,,1.0,1.0,0.0,1.0,0.6705963875137545,1.0,0.0,1.0,0.0,0.0
2718,c4e43258697fbd31e,True,,,,,,,,,,1.0,1.0,1.0,1.0,0.6754388380860876,1.0,1.0,1.0,1.0,0.8985746369019023
2719,a6b18ec8b52f580ef,True,,,,,,,,,,1.0,1.0,1.0,1.0,0.8518053416848643,1.0,1.0,1.0,0.0,0.8286891692765201
2720,d86953527b4e9a76d,True,,,,,,,,,,1.0,0.0,0.0,1.0,1.0,1.0,0.0,1.0,1.0,0.0
2721,aeec01880eb4ba54b,True,,,,,,,,,,1.0,0.0,1.0,1.0,1.0,1.0,0.0,1.0,1.0,0.0
2722,d308ca8a7878741eb,True,,,,,,,,,,1.0,0.0,0.5,1.0,1.0,1.0,0.0,1.0,0.0,0.0
2723,ec14753ed2c513cef,True,,,,,,,,,,1.0,1.0,1.0,1.0,0.3428707964019158,1.0,0.0,1.0,1.0,0.6696471238755987
2724,7dc3f9cae9f72fe4c,True,,,,,,,,,,1.0,0.0,0.0,1.0,1.0,1.0,0.0,1.0,0.0,0.0
2725,9b67c7e02ccf82bac,True,,,,,,,,,,1.0,1.0,1.0,1.0,1.0,1.0,0.0,1.0,1.0,0.875
2726,237248dcf20ccf56f,True,,,,,,,,,,1.0,1.0,1.0,1.0,0.47404711666250965,1.0,1.0,1.0,0.0,0.7106397239570342
2727,e1f0dcd38a9ec2523,True,,,,,,,,,,0.0,1.0,0.0,1.0,1.0,0.0,0.0,1.0,1.0,0.0
2728,d7f69774de0c9938e,True,,,,,,,,,,1.0,0.0,1.0,1.0,0.628205105531818,1.0,1.0,1.0,0.0,0.0
2729,74e4cc639249b885a,True,,,,,,,,,,1.0,1.0,1.0,1.0,1.0,1.0,1.0,1.0,1.0,1.0
2730,d6427f6451b02059f,True,,,,,,,,,,1.0,1.0,1.0,1.0,0.8396366514087354,1.0,0.0,1.0,1.0,0.8248864535652298
2731,255c5f4408394746c,True,,,,,,,,,,1.0,1.0,1.0,1.0,1.0,1.0,0.0,1.0,1.0,0.875
2732,c97f59b36279e74ae,True,,,,,,,,,,1.0,1.0,0.5,1.0,1.0,1.0,0.0,1.0,0.0,0.375
2733,5ee839d646b6d620e,True,,,,,,,,,,1.0,1.0,0.5,1.0,0.9387647015999254,1.0,0.0,1.0,1.0,0.4279319846249884
2734,e84670bb458b61a5c,True,,,,,,,,,,1.0,0.0,1.0,1.0,0.967601351646386,1.0,1.0,1.0,0.0,0.0
2735,b4750fa326ea1085b,True,,,,,,,,,,0.0,1.0,1.0,1.0,1.0,0.0,1.0,1.0,1.0,0.0
2736,dfe73ad8f70781d46,True,,,,,,,,,,0.0,1.0,1.0,1.0,1.0,0.0,0.0,1.0,0.0,0.0
2737,e6319072517f4b675,True,,,,,,,,,,0.5,0.0,1.0,1.0,0.7357751423107751,0.0,1.0,1.0,1.0,0.0
2738,f6021914cda2ce515,True,,,,,,,,,,1.0,1.0,1.0,1.0,0.7108639951334375,1.0,0.0,1.0,0.0,0.6596449984791992
2739,5154115e543f3aa9a,True,,,,,,,,,,1.0,0.0,1.0,1.0,0.8264067113140997,1.0,1.0,1.0,1.0,0.0
2740,f068d067b1949f364,True,,,,,,,,,,1.0,0.0,1.0,1.0,1.0,1.0,0.0,1.0,1.0,0.0
2741,a436762e9938c1e5b,True,,,,,,,,,,1.0,1.0,1.0,1.0,1.0,1.0,1.0,1.0,0.0,0.875
2742,39ee7720dd5c83901,True,,,,,,,,,,1.0,1.0,1.0,1.0,0.7830095733181892,1.0,1.0,1.0,1.0,0.9321904916619341
2743,d42ef26a98f8b0220,True,,,,,,,,,,1.0,1.0,1.0,1.0,1.0,1.0,1.0,1.0,1.0,1.0
2744,2e5740aa26165ee89,True,,,,,,,,,,1.0,1.0,1.0,1.0,0.8136796175084818,1.0,1.0,1.0,0.0,0.8167748804714006
2745,4d59b2a4c64101d41,True,,,,,,,,,,0.0,1.0,1.0,1.0,1.0,0.0,1.0,1.0,1.0,0.0
2746,f4eac938a68f3b495,True,,,,,,,,,,1.0,0.0,1.0,1.0,0.7262676381524176,1.0,1.0,1.0,1.0,0.0
2747,d9bbca7a0907304f1,True,,,,,,,,,,1.0,1.0,1.0,1.0,0.6890960411026741,1.0,0.0,1.0,0.0,0.6528425128445856
2748,7b4054b4f24d77967,True,,,,,,,,,,1.0,1.0,1.0,1.0,1.0,1.0,1.0,1.0,1.0,1.0
2749,6cbd63c8a5077be25,True,,,,,,,,,,1.0,0.0,1.0,1.0,0.66317654689638,1.0,1.0,1.0,0.0,0.0
2750,a1144bd1f4f830e91,True,,,,,,,,,,1.0,1.0,1.0,1.0,0.6910055135044378,1.0,1.0,1.0,0.0,0.7784392229701368
2751,7a86797ebcf888d4d,True,,,,,,,,,,1.0,1.0,1.0,1.0,0.6970227875417339,1.0,1.0,1.0,1.0,0.9053196211067918
2752,8b829bb6658bc36c8,True,,,,,,,,,,0.0,1.0,0.0,1.0,0.7482621293747894,0.0,0.0,1.0,1.0,0.0
2753,9e268b454b8ca07a1,True,,,,,,,,,,1.0,1.0,1.0,1.0,0.7881150033814545,1.0,0.0,1.0,1.0,0.8087859385567046
2754,9e5efb38c692a4895,True,,,,,,,,,,1.0,1.0,1.0,1.0,0.8916293857729559,1.0,1.0,1.0,0.0,0.8411341830540487
2755,80b2e317f6ca277c9,True,,,,,,,,,,1.0,1.0,1.0,1.0,1.0,1.0,0.0,1.0,1.0,0.875
2756,e5f874a384d04ada1,True,,,,,,,,,,1.0,0.0,0.0,1.0,1.0,1.0,0.0,1.0,0.0,0.0
2757,b1c50bd50a2ae1355,True,,,,,,,,,,1.0,1.0,1.0,1.0,0.6253027513239917,1.0,1.0,0.0,0.0,0.6329071097887474
2758,217065a6aefbd8186,True,,,,,,,,,,1.0,1.0,1.0,1.0,0.78144411514094,1.0,1.0,1.0,1.0,0.9317012859815438
2759,84be03c80c37d30a3,True,,,,,,,,,,0.0,1.0,1.0,1.0,1.0,0.0,1.0,1.0,1.0,0.0
2760,49251b4564a2244a7,True,,,,,,,,,,1.0,1.0,1.0,1.0,0.7449966398096215,1.0,1.0,1.0,1.0,0.9203114499405067
2761,0584fafb0cb401aaf,True,,,,,,,,,,1.0,1.0,1.0,1.0,1.0,1.0,1.0,1.0,0.0,0.875
2762,ecd4cf358c244bf21,True,,,,,,,,,,0.5,0.0,1.0,1.0,1.0,0.0,0.0,1.0,1.0,0.0
2763,5f53c45bd71589e3f,True,,,,,,,,,,1.0,1.0,1.0,1.0,1.0,1.0,1.0,1.0,0.0,0.875
2764,20f4af07bc30fb4fd,True,,,,,,,,,,1.0,1.0,1.0,1.0,0.6611767868453506,1.0,1.0,1.0,1.0,0.894117745889172
2765,a8591c7d6a4f149f2,True,,,,,,,,,,1.0,1.0,1.0,1.0,0.5328062079344553,1.0,0.0,1.0,0.0,0.6040019399795173
2766,06b56c8b5f4b02d36,True,,,,,,,,,,1.0,0.0,1.0,1.0,0.7206769352408089,1.0,1.0,1.0,0.0,0.0
2767,c8f09b5608e102dfb,True,,,,,,,,,,1.0,1.0,0.5,1.0,1.0,1.0,0.0,1.0,1.0,0.4375
2768,30efc6f9cfe338bb8,True,,,,,,,,,,1.0,0.0,1.0,1.0,1.0,1.0,1.0,1.0,1.0,0.0
2769,346c72dba6f32d44c,True,,,,,,,,,,1.0,1.0,1.0,1.0,1.0,1.0,0.0,1.0,1.0,0.875
2770,a8335bbfcf7c51cd5,True,,,,,,,,,,1.0,1.0,1.0,1.0,0.7403130428075146,1.0,0.0,1.0,1.0,0.7938478258773483
2771,334428793abea228f,True,,,,,,,,,,1.0,0.0,0.5,1.0,1.0,1.0,0.0,1.0,1.0,0.0
2772,003fad41549a954eb,True,,,,,,,,,,1.0,0.0,1.0,1.0,1.0,1.0,0.0,1.0,0.0,0.0
2773,deec5be8952223b5f,True,,,,,,,,,,1.0,1.0,0.0,1.0,0.7778879866388784,1.0,1.0,1.0,1.0,0.0
2774,4d45bc29714d004dd,True,,,,,,,,,,1.0,0.0,0.0,1.0,1.0,1.0,0.0,1.0,0.0,0.0
2775,a1ad222a6de4f84d8,True,,,,,,,,,,0.0,1.0,1.0,1.0,1.0,0.0,0.0,1.0,1.0,0.0
2776,09bd7428736e6525b,True,,,,,,,,,,1.0,1.0,1.0,1.0,0.8302255705976482,1.0,1.0,1.0,0.0,0.821945490811765
2777,0d82f96df900285cb,True,,,,,,,,,,1.0,1.0,1.0,1.0,0.48554332702181324,1.0,1.0,1.0,1.0,0.8392322896943166
2778,3b99d2eccb04b25a0,True,,,,,,,,,,1.0,1.0,0.0,1.0,1.0,0.0,0.0,1.0,0.0,0.0
2779,9acdea8bbc8a06caa,True,,,,,,,,,,1.0,1.0,1.0,1.0,1.0,1.0,1.0,1.0,0.0,0.875
2780,b70d444b82722ea24,True,,,,,,,,,,1.0,1.0,0.0,1.0,1.0,1.0,0.0,1.0,1.0,0.0
2781,ea91b41c76a3a54d3,True,,,,,,,,,,1.0,1.0,1.0,1.0,0.26878975836169056,1.0,0.0,1.0,1.0,0.6464967994880283
2782,28416fd7feabf49fd,True,,,,,,,,,,1.0,1.0,1.0,1.0,0.7189981454243787,1.0,1.0,1.0,0.0,0.7871869204451183
2783,bad2ad9c318ddb264,True,,,,,,,,,,1.0,1.0,0.5,1.0,0.6052104964515995,1.0,0.0,1.0,0.0,0.3133141400705624
2784,edf02a219abbc7a0d,True,,,,,,,,,,1.0,0.0,1.0,1.0,1.0,1.0,1.0,1.0,0.0,0.0
2785,80800198aa496ffc8,True,,,,,,,,,,0.0,1.0,1.0,1.0,0.8608547543983658,0.0,0.0,0.0,1.0,0.0
2786,34096e25c51fff4b8,True,,,,,,,,,,0.0,0.0,0.5,1.0,0.7231145106432306,0.0,0.0,1.0,0.0,0.0
2787,ac59b5b148af8474e,True,,,,,,,,,,1.0,1.0,1.0,1.0,0.5563241993425011,1.0,1.0,1.0,1.0,0.8613513122945315
2788,9a6ec5011d04fc0c9,True,,,,,,,,,,1.0,0.0,1.0,1.0,0.41665784888832924,1.0,1.0,1.0,1.0,0.0
2789,b1d448fe8d77559fd,True,,,,,,,,,,1.0,0.0,1.0,1.0,0.7701949432948713,1.0,1.0,1.0,0.0,0.0
2790,a092442b5e964fcce,True,,,,,,,,,,0.0,0.0,1.0,1.0,1.0,0.0,0.0,1.0,0.0,0.0
2791,dfc4fb3ce45ccca81,True,,,,,,,,,,1.0,0.0,0.0,1.0,1.0,1.0,0.0,1.0,0.0,0.0
2792,fa28a1a92ae386086,True,,,,,,,,,,1.0,0.0,1.0,1.0,0.99181494258858,1.0,1.0,1.0,0.0,0.0
2793,ccd1d26bd7d71f952,True,,,,,,,,,,1.0,0.0,1.0,1.0,0.8242338935312717,1.0,1.0,1.0,0.0,0.0
2794,b05df43ae389b79eb,True,,,,,,,,,,1.0,0.0,0.0,1.0,1.0,1.0,0.0,1.0,1.0,0.0
2795,dae98f820d40b2d3d,True,,,,,,,,,,1.0,0.0,1.0,1.0,0.7206258846725386,0.0,0.0,1.0,1.0,0.0
2796,f1e82aeab9ae98314,True,,,,,,,,,,1.0,1.0,1.0,1.0,1.0,1.0,1.0,1.0,0.0,0.875
2797,77f94784109733a34,True,,,,,,,,,,1.0,1.0,1.0,1.0,1.0,1.0,0.0,1.0,1.0,0.875
2798,d44eb346043c78d47,True,,,,,,,,,,1.0,0.0,0.0,1.0,1.0,1.0,0.0,1.0,1.0,0.0
2799,eeb4b0334d12c4c0f,True,,,,,,,,,,1.0,1.0,1.0,1.0,0.9542447278402385,1.0,1.0,1.0,0.0,0.8607014774500745
2800,d6e2587cedd827dce,True,,,,,,,,,,1.0,0.0,1.0,1.0,0.18791700279337625,1.0,1.0,1.0,0.0,0.0
2801,ab4e7191ed67b8ea4,True,,,,,,,,,,1.0,1.0,1.0,1.0,0.8016644956194141,1.0,1.0,1.0,0.0,0.8130201548810669
2802,c7e0e6deef7f0758e,True,,,,,,,,,,1.0,1.0,1.0,1.0,0.6668748090486684,1.0,0.0,1.0,1.0,0.7708983778277089
2803,94787bba8c2128445,True,,,,,,,,,,0.0,0.0,1.0,1.0,1.0,0.0,1.0,0.0,0.0,0.0
2804,43f7fbb8fc3c4d17b,True,,,,,,,,,,1.0,1.0,1.0,1.0,1.0,1.0,1.0,1.0,0.0,0.875
2805,523bfa9ffbc43f698,True,,,,,,,,,,1.0,1.0,1.0,1.0,0.6407546660379047,1.0,1.0,1.0,1.0,0.8877358331368452
2806,dc83f2167ec7e2ca3,True,,,,,,,,,,0.0,1.0,1.0,1.0,1.0,0.0,0.0,1.0,1.0,0.0
2807,7f2c914bf8b40c7b7,True,,,,,,,,,,1.0,1.0,1.0,1.0,0.6345946733037188,1.0,1.0,1.0,0.0,0.7608108354074121
2808,ae40e2e1ac7bb59ef,True,,,,,,,,,,1.0,1.0,1.0,1.0,0.8708744596461124,1.0,1.0,1.0,0.0,0.8346482686394101
2809,25afbc08ad962c6cd,True,,,,,,,,,,1.0,1.0,1.0,1.0,1.0,1.0,0.0,1.0,0.0,0.75
2810,3e8522a5f8d7b3783,True,,,,,,,,,,1.0,1.0,1.0,1.0,1.0,1.0,0.0,1.0,1.0,0.875
2811,1cba72845abd54b1e,True,,,,,,,,,,1.0,1.0,1.0,1.0,0.47169419844376076,1.0,0.0,1.0,1.0,0.7099044370136752
2812,eb6579d91982e38e5,True,,,,,,,,,,1.0,0.0,1.0,1.0,0.7049737163266778,1.0,1.0,1.0,0.0,0.0
2813,53829d49d04c9df23,True,,,,,,,,,,1.0,0.0,1.0,1.0,0.8398928883303184,1.0,0.0,1.0,0.0,0.0
2814,80d431e91d34320c9,True,,,,,,,,,,1.0,1.0,1.0,1.0,0.7083586346117169,1.0,0.0,1.0,1.0,0.7838620733161615
2815,2288b831536d541ba,True,,,,,,,,,,0.0,1.0,0.5,1.0,1.0,0.0,1.0,1.0,0.0,0.0
2816,ead470fc76d3720d5,True,,,,,,,,,,1.0,1.0,1.0,1.0,0.23560529525039886,1.0,1.0,1.0,1.0,0.7611266547657496
2817,5864544991537f112,True,,,,,,,,,,0.0,0.0,1.0,1.0,1.0,0.0,0.0,1.0,0.0,0.0
2818,a2b81e8e944dc724f,True,,,,,,,,,,1.0,1.0,1.0,1.0,0.763600541582787,1.0,0.0,1.0,1.0,0.801125169244621
2819,6b5b128424d5357b0,True,,,,,,,,,,1.0,1.0,1.0,1.0,0.9518647660300773,1.0,0.0,1.0,1.0,0.8599577393843991
2820,f65fc2cd212c5af85,True,,,,,,,,,,1.0,1.0,1.0,1.0,1.0,0.0,1.0,0.0,0.0,0.4375
2821,88f98f8020b3e0f5f,True,,,,,,,,,,1.0,1.0,1.0,1.0,1.0,1.0,0.0,0.0,0.0,0.625
2822,860bdda18ca280ead,True,,,,,,,,,,1.0,0.0,0.0,1.0,1.0,1.0,0.0,1.0,0.0,0.0
2823,aa97ab9606aa456ff,True,,,,,,,,,,1.0,1.0,1.0,1.0,0.8071083255907892,1.0,1.0,1.0,0.0,0.8147213517471217
2824,9632710f733828256,True,,,,,,,,,,1.0,1.0,1.0,1.0,0.7683321078542616,1.0,0.0,1.0,1.0,0.8026037837044567
2825,0179e3078c6c79cd3,True,,,,,,,,,,1.0,0.0,1.0,1.0,0.5513938852526853,1.0,0.0,1.0,1.0,0.0
2826,5cd160daac2e582eb,True,,,,,,,,,,1.0,1.0,1.0,1.0,0.25127316055305976,1.0,1.0,1.0,1.0,0.7660228626728312
2827,62dc7352b73b8635d,True,,,,,,,,,,1.0,0.0,1.0,1.0,0.9909434664295526,1.0,1.0,1.0,0.0,0.0
2828,024776041efb70cd4,True,,,,,,,,,,0.0,1.0,0.0,1.0,0.7383509572395112,0.0,0.0,1.0,1.0,0.0
2829,3d0fbd6a6fbde5f86,True,,,,,,,,,,1.0,0.0,1.0,1.0,1.0,1.0,1.0,1.0,1.0,0.0
2830,0005b7348b80106e2,True,,,,,,,,,,0.5,1.0,1.0,1.0,1.0,0.0,1.0,1.0,1.0,0.34375
2831,c3f5f5f99bb34c5b9,True,,,,,,,,,,1.0,1.0,1.0,1.0,1.0,1.0,1.0,0.0,0.0,0.75
2832,b89f8f1400c121a0e,True,,,,,,,,,,1.0,1.0,1.0,1.0,1.0,1.0,1.0,1.0,0.0,0.875
2833,ae43de39d8b2ab73c,True,,,,,,,,,,1.0,0.0,1.0,1.0,0.6686968156536592,1.0,0.0,1.0,1.0,0.0
2834,c73b72769d48ae4f5,True,,,,,,,,,,1.0,0.0,1.0,1.0,1.0,1.0,1.0,1.0,0.0,0.0
2835,e87ee58e2c6134551,True,,,,,,,,,,1.0,0.0,1.0,1.0,0.624492975473071,1.0,0.0,1.0,0.0,0.0
2836,b9cbb58cb1e1b0dee,True,,,,,,,,,,1.0,1.0,1.0,1.0,0.6057930216606098,1.0,1.0,1.0,1.0,0.8768103192689405
2837,b7f83635c23a2a5d8,True,,,,,,,,,,0.0,0.0,1.0,1.0,1.0,0.0,0.0,1.0,0.0,0.0
2838,a2d7b9c1ccf5a5070,True,,,,,,,,,,1.0,0.0,1.0,1.0,0.3924829156121622,1.0,1.0,1.0,0.0,0.0
2839,1821758da0d84714b,True,,,,,,,,,,1.0,1.0,0.0,1.0,1.0,1.0,0.0,1.0,0.0,0.0
2840,2c22ca80805d11abc,True,,,,,,,,,,0.0,1.0,0.5,1.0,1.0,0.0,0.0,1.0,0.0,0.0
2841,045c91494e0548007,True,,,,,,,,,,1.0,1.0,1.0,1.0,0.6424530014019174,1.0,1.0,1.0,0.0,0.7632665629380992
2842,c864abb5afff1f7f4,True,,,,,,,,,,1.0,1.0,1.0,1.0,0.6513495046070416,1.0,0.0,1.0,1.0,0.7660467201897005
2843,cdf1706038e1c4e1c,True,,,,,,,,,,1.0,0.0,1.0,1.0,0.6727563805051928,1.0,0.0,1.0,0.0,0.0
2844,0a043b6dfbe71d53e,True,,,,,,,,,,1.0,1.0,1.0,1.0,0.7362490823189223,1.0,0.0,1.0,0.0,0.6675778382246632
2845,624d6c465e568f7a9,True,,,,,,,,,,1.0,0.0,0.0,1.0,1.0,1.0,0.0,1.0,1.0,0.0
2846,a4d8865551f14fe33,True,,,,,,,,,,1.0,1.0,1.0,1.0,0.7127402896655626,1.0,0.0,1.0,1.0,0.7852313405204883
2847,3921f85c4ba81b39b,True,,,,,,,,,,1.0,1.0,1.0,1.0,1.0,1.0,0.0,1.0,0.0,0.75
2848,b7560bcae0414e720,True,,,,,,,,,,1.0,1.0,1.0,1.0,1.0,1.0,1.0,1.0,1.0,1.0
2849,ff2e7e48f5ee14950,True,,,,,,,,,,1.0,1.0,0.5,1.0,1.0,1.0,0.0,1.0,0.0,0.375
2850,6c00c1447928881d7,True,,,,,,,,,,1.0,1.0,1.0,1.0,0.6756704305154989,1.0,0.0,1.0,1.0,0.7736470095360934
2851,8966a0b08b0be94e9,True,,,,,,,,,,1.0,1.0,0.0,1.0,1.0,1.0,0.0,1.0,1.0,0.0
2852,1056c520c5f8da5e9,True,,,,,,,,,,1.0,1.0,1.0,1.0,1.0,1.0,1.0,1.0,1.0,1.0
2853,dd75967675d1052fc,True,,,,,,,,,,0.0,1.0,1.0,1.0,0.5403836098669095,0.0,0.0,1.0,0.0,0.0
2854,dc7426c833a3749d6,True,,,,,,,,,,0.5,0.0,0.5,1.0,1.0,0.0,0.0,1.0,1.0,0.0
2855,09217d8288feb5fad,True,,,,,,,,,,1.0,1.0,1.0,1.0,1.0,1.0,1.0,1.0,1.0,1.0
2856,29202e5e7b84d0701,True,,,,,,,,,,1.0,1.0,0.0,1.0,0.8307198464311408,1.0,0.0,1.0,0.0,0.0
2857,205e1f314131287bc,True,,,,,,,,,,1.0,1.0,1.0,1.0,0.714815981669631,1.0,1.0,1.0,0.0,0.7858799942717597
2858,bd4e6cf360c4e8c49,True,,,,,,,,,,1.0,1.0,1.0,1.0,0.7198692144504315,1.0,1.0,1.0,0.0,0.7874591295157598
2859,aecd96a93af75adeb,True,,,,,,,,,,1.0,1.0,1.0,1.0,1.0,1.0,0.0,1.0,0.0,0.75
2860,bdb2442f6ebc40808,True,,,,,,,,,,1.0,1.0,0.0,1.0,1.0,1.0,0.0,1.0,0.0,0.0
2861,1a6ba40b74f9b51e5,True,,,,,,,,,,0.0,1.0,0.0,1.0,1.0,0.0,0.0,1.0,1.0,0.0
2862,f35bd9cd53bff0ecd,True,,,,,,,,,,0.0,1.0,1.0,1.0,1.0,0.0,1.0,1.0,1.0,0.0
2863,9a5b2373854e11383,True,,,,,,,,,,0.0,1.0,1.0,1.0,1.0,0.0,1.0,1.0,0.0,0.0
2864,5d362d17d2494ac7c,True,,,,,,,,,,1.0,1.0,1.0,1.0,0.6959516933631897,1.0,1.0,1.0,0.0,0.7799849041759968
2865,d2db523662daf6690,True,,,,,,,,,,0.0,1.0,1.0,1.0,1.0,0.0,1.0,1.0,0.0,0.0
2866,dd2c6fc9d1939f427,True,,,,,,,,,,1.0,1.0,1.0,1.0,0.08557269371516253,1.0,1.0,1.0,1.0,0.7142414667859882
2867,6e1dbb531aa7e9555,True,,,,,,,,,,1.0,1.0,1.0,1.0,0.7798697883232343,1.0,0.0,1.0,1.0,0.8062093088510107
2868,d29fc0876909edc75,True,,,,,,,,,,1.0,1.0,1.0,1.0,0.6794412907329753,1.0,1.0,1.0,0.0,0.7748254033540548
2869,a481ac0055adbf0c2,True,,,,,,,,,,1.0,0.0,1.0,1.0,1.0,1.0,0.0,1.0,1.0,0.0
2870,6864784b80c0a0fde,True,,,,,,,,,,1.0,1.0,1.0,1.0,1.0,1.0,0.0,1.0,1.0,0.875
2871,7b53b50d5b5c3a0e4,True,,,,,,,,,,1.0,1.0,1.0,1.0,0.5796598503438134,1.0,1.0,1.0,0.0,0.7436437032324417
2872,8155d4f80d0416c00,True,,,,,,,,,,1.0,0.0,1.0,1.0,0.45820754709065026,1.0,1.0,1.0,1.0,0.0
2873,4330e2204831576d7,True,,,,,,,,,,1.0,0.0,0.5,1.0,0.494165966444435,1.0,0.0,1.0,1.0,0.0
2874,186f59c514ff34824,True,,,,,,,,,,1.0,1.0,1.0,1.0,1.0,1.0,1.0,1.0,0.0,0.875
2875,0ec4048ba57347962,True,,,,,,,,,,0.0,0.0,0.0,1.0,1.0,0.0,0.0,1.0,0.0,0.0
2876,933ba8311a18f9035,True,,,,,,,,,,1.0,1.0,1.0,1.0,0.5345918317969275,1.0,0.0,1.0,1.0,0.7295599474365398
2877,f6f0c7a27b1c90f37,True,,,,,,,,,,1.0,1.0,1.0,1.0,0.7735640262867242,1.0,1.0,1.0,1.0,0.9292387582146013
2878,38243f89c66ef146f,True,,,,,,,,,,1.0,0.0,1.0,1.0,0.7281957691516774,1.0,0.0,1.0,0.0,0.0
2879,a78de65bf5a2ee68b,True,,,,,,,,,,1.0,0.0,1.0,1.0,1.0,1.0,1.0,1.0,1.0,0.0
2880,a9b1d16817d446b6e,True,,,,,,,,,,1.0,1.0,1.0,1.0,0.7542338445423604,1.0,1.0,1.0,1.0,0.9231980764194876
2881,ebfe50cfc0a46ef16,True,,,,,,,,,,1.0,0.0,0.5,1.0,1.0,1.0,0.0,1.0,1.0,0.0
2882,aee13b42cfd66c8a3,True,,,,,,,,,,1.0,0.0,1.0,1.0,1.0,1.0,1.0,1.0,0.0,0.0
2883,e26a54b7a798e6e57,True,,,,,,,,,,1.0,1.0,1.0,1.0,0.8444065807729201,1.0,1.0,1.0,1.0,0.9513770564915376
2884,33d8d746c34cd7fc0,True,,,,,,,,,,1.0,1.0,1.0,1.0,0.9464033028418503,1.0,1.0,1.0,0.0,0.8582510321380782
2885,c02fa35875ea4e3e1,True,,,,,,,,,,1.0,1.0,1.0,1.0,0.5404745835417198,1.0,1.0,1.0,1.0,0.8563983073567875
2886,956a8bcaa1a0b0856,True,,,,,,,,,,0.0,1.0,1.0,1.0,1.0,0.0,0.0,1.0,0.0,0.0
2887,2dac755118d4733e7,True,,,,,,,,,,1.0,1.0,1.0,1.0,0.8628832558083935,1.0,0.0,1.0,1.0,0.832151017440123
2888,7a574ea5511afe40d,True,,,,,,,,,,1.0,1.0,1.0,1.0,1.0,1.0,0.0,1.0,0.0,0.75
2889,522ec458b8ed55662,True,,,,,,,,,,1.0,1.0,1.0,1.0,0.8009337018943433,1.0,0.0,1.0,1.0,0.8127917818419823
2890,5cfc1b909ca5a6869,True,,,,,,,,,,1.0,1.0,0.0,1.0,1.0,1.0,0.0,1.0,1.0,0.0
2891,474ead815a6e92542,True,,,,,,,,,,1.0,1.0,1.0,1.0,1.0,1.0,0.0,1.0,1.0,0.875
2892,ee30df8e553e929cb,True,,,,,,,,,,1.0,1.0,1.0,1.0,1.0,1.0,1.0,1.0,0.0,0.875
2893,a42442493dd5e64ba,True,,,,,,,,,,1.0,1.0,1.0,1.0,0.5901037144141386,1.0,1.0,1.0,0.0,0.7469074107544182
2894,265cbf9df314f7700,True,,,,,,,,,,1.0,1.0,1.0,1.0,0.6578477728558161,1.0,0.0,1.0,0.0,0.6430774290174426
2895,d131d95c5bdd01f16,True,,,,,,,,,,1.0,0.0,1.0,1.0,0.5272676762085071,1.0,1.0,1.0,1.0,0.0
2896,def4466c6854eed10,True,,,,,,,,,,0.0,1.0,1.0,1.0,1.0,0.0,0.0,1.0,1.0,0.0
2897,b20b0b76f7991c89b,True,,,,,,,,,,1.0,1.0,1.0,1.0,1.0,1.0,0.0,1.0,1.0,0.875
2898,fc3f449099625878e,True,,,,,,,,,,1.0,1.0,1.0,1.0,1.0,1.0,0.0,1.0,0.0,0.75
2899,61b536394c345010e,True,,,,,,,,,,1.0,1.0,1.0,1.0,0.9422708205892215,1.0,1.0,1.0,0.0,0.8569596314341317
2900,22e6f3013edf76fa7,True,,,,,,,,,,1.0,0.0,1.0,1.0,1.0,1.0,1.0,1.0,0.0,0.0
2901,0aaae91a3ffa7e596,True,,,,,,,,,,1.0,1.0,1.0,1.0,0.6969719242945922,1.0,1.0,1.0,1.0,0.90530372634206
2902,6eb44fdbacc1fdf1c,True,,,,,,,,,,1.0,1.0,1.0,1.0,1.0,1.0,1.0,1.0,1.0,1.0
2903,06a374b6e74317285,True,,,,,,,,,,1.0,1.0,1.0,1.0,0.7646886675450824,1.0,1.0,1.0,0.0,0.8014652086078382
2904,39a33f6262e8b8c0c,True,,,,,,,,,,1.0,1.0,1.0,1.0,0.6797343242588578,1.0,1.0,1.0,1.0,0.8999169763308931
2905,91c1ae75902e09e0c,True,,,,,,,,,,1.0,1.0,1.0,1.0,1.0,1.0,1.0,1.0,1.0,1.0
2906,7f0488639b20ae5c7,True,,,,,,,,,,1.0,1.0,1.0,1.0,0.9952571515321246,1.0,1.0,1.0,1.0,0.9985178598537889
2907,b5d691e56539e289e,True,,,,,,,,,,1.0,1.0,1.0,1.0,1.0,1.0,1.0,1.0,0.0,0.875
2908,acd2363307018e31e,True,,,,,,,,,,1.0,1.0,0.5,1.0,1.0,1.0,0.0,1.0,0.0,0.375
2909,ffe0db4c4b5ed141a,True,,,,,,,,,,1.0,1.0,1.0,1.0,1.0,1.0,0.0,1.0,1.0,0.875
2910,82164b6dd39963198,True,,,,,,,,,,1.0,1.0,0.0,1.0,1.0,0.0,0.0,1.0,1.0,0.0
2911,96cad6ca7a1cc6e43,True,,,,,,,,,,1.0,1.0,1.0,1.0,0.6898906059149816,1.0,1.0,1.0,1.0,0.9030908143484317
2912,00cbc73194109904b,True,,,,,,,,,,1.0,1.0,1.0,1.0,1.0,1.0,0.0,1.0,1.0,0.875
2913,6546d47d2e83caab2,True,,,,,,,,,,1.0,0.0,0.5,1.0,1.0,1.0,0.0,1.0,1.0,0.0
2914,6ed7113fd3721f57b,True,,,,,,,,,,1.0,1.0,0.0,1.0,1.0,1.0,0.0,1.0,1.0,0.0
2915,02a66384ce22f1be6,True,,,,,,,,,,1.0,0.0,1.0,1.0,1.0,1.0,1.0,1.0,0.0,0.0
2916,5d8640ad77a995a45,True,,,,,,,,,,1.0,1.0,1.0,1.0,0.5098888221107843,1.0,1.0,1.0,1.0,0.8468402569096201
2917,aee14ef0a789e2911,True,,,,,,,,,,1.0,1.0,1.0,1.0,0.9505694411799547,1.0,1.0,1.0,1.0,0.9845529503687358
2918,75c869092ef8bc8ce,True,,,,,,,,,,1.0,0.0,1.0,1.0,0.6118313797564767,1.0,1.0,1.0,1.0,0.0
2919,c217a9de321bd6af3,True,,,,,,,,,,1.0,1.0,1.0,1.0,1.0,1.0,0.0,0.0,1.0,0.75
2920,f456c5e9004e0cd78,True,,,,,,,,,,0.0,0.0,1.0,1.0,0.8720664560234838,0.0,0.0,1.0,1.0,0.0
2921,fda2ab172e994071b,True,,,,,,,,,,1.0,1.0,1.0,1.0,0.6752509620890418,1.0,1.0,1.0,0.0,0.7735159256528256
2922,5e2acee998e20682e,True,,,,,,,,,,1.0,0.0,0.5,1.0,1.0,1.0,0.0,1.0,0.0,0.0
2923,f24caea64b35ec9e9,True,,,,,,,,,,1.0,1.0,1.0,1.0,0.8173075928868618,1.0,1.0,1.0,1.0,0.9429086227771444
2924,9d038765043662211,True,,,,,,,,,,1.0,1.0,0.5,1.0,1.0,1.0,0.0,1.0,0.0,0.375
2925,83b6e2ed6238cd43a,True,,,,,,,,,,1.0,1.0,1.0,1.0,0.6798036356607087,1.0,1.0,1.0,1.0,0.8999386361439714
2926,d1b44adf0f1195ea7,True,,,,,,,,,,1.0,1.0,1.0,1.0,1.0,1.0,1.0,1.0,0.0,0.875
2927,07d57ac58a266170f,True,,,,,,,,,,1.0,1.0,1.0,1.0,0.5910222467165718,1.0,0.0,1.0,0.0,0.6221944520989287
2928,d4443eaf8695fc97e,True,,,,,,,,,,1.0,1.0,0.0,1.0,0.7164247754469257,0.0,0.0,0.0,0.0,0.0
2929,535b410078f9658ee,True,,,,,,,,,,1.0,0.0,1.0,1.0,0.9695415846134161,1.0,1.0,1.0,1.0,0.0
2930,8ea9dd3d247a8435f,True,,,,,,,,,,1.0,1.0,1.0,1.0,0.7178933105726543,1.0,0.0,1.0,0.0,0.6618416595539545
2931,362f2d9e119bf7981,True,,,,,,,,,,1.0,1.0,1.0,1.0,1.0,1.0,0.0,1.0,0.0,0.75
2932,bb6f79a8768f43fd9,True,,,,,,,,,,1.0,1.0,1.0,1.0,0.9491023412266799,1.0,1.0,1.0,0.0,0.8590944816333375
2933,be44491ed8588df81,True,,,,,,,,,,1.0,1.0,1.0,1.0,1.0,1.0,1.0,1.0,0.0,0.875
2934,88943e0d8ac52cc5f,True,,,,,,,,,,0.0,1.0,0.5,1.0,1.0,0.0,0.0,1.0,0.0,0.0
2935,361596ff7ead113e3,True,,,,,,,,,,0.5,1.0,1.0,1.0,1.0,0.0,1.0,1.0,0.0,0.28125
2936,ffdfaf1a850a4f6c0,True,,,,,,,,,,0.0,0.0,1.0,1.0,1.0,0.0,1.0,1.0,0.0,0.0
2937,0bc2b72e890837ec6,True,,,,,,,,,,1.0,1.0,1.0,1.0,0.9401501789475575,0.0,1.0,1.0,0.0,0.5437969309211117
2938,fd2d0d2c37b2df3a5,True,,,,,,,,,,1.0,1.0,1.0,1.0,1.0,1.0,1.0,1.0,1.0,1.0
2939,0ce555951f9b6a445,True,,,,,,,,,,1.0,1.0,1.0,1.0,0.8565134583439454,1.0,1.0,1.0,1.0,0.9551604557324829
2940,6c5bcf6f99698fac4,True,,,,,,,,,,1.0,1.0,0.5,1.0,0.8678936651955258,1.0,1.0,1.0,1.0,0.4793583851868009
2941,c601af4262caa25fe,True,,,,,,,,,,1.0,1.0,1.0,1.0,0.7890459082847617,1.0,0.0,1.0,1.0,0.809076846338988
2942,fef06dc806442398d,True,,,,,,,,,,1.0,0.0,1.0,1.0,0.6281836184803491,1.0,0.0,1.0,0.0,0.0
2943,7459b322982d2932c,True,,,,,,,,,,1.0,0.0,1.0,1.0,0.9138615047089391,1.0,1.0,1.0,1.0,0.0
2944,dc6135734ed70b551,True,,,,,,,,,,1.0,1.0,1.0,1.0,1.0,1.0,1.0,1.0,0.0,0.875
2945,af0d83c05846b8b86,True,,,,,,,,,,0.0,0.0,0.0,1.0,1.0,0.0,0.0,1.0,0.0,0.0
2946,24c8b908f552c5946,True,,,,,,,,,,0.0,1.0,1.0,1.0,0.9326437097147788,0.0,0.0,1.0,0.0,0.0
2947,344bd2551e98ed803,True,,,,,,,,,,1.0,0.0,0.0,1.0,1.0,0.0,0.0,1.0,0.0,0.0
2948,614c25aa5977470dc,True,,,,,,,,,,1.0,1.0,1.0,1.0,0.42904950597764335,1.0,1.0,1.0,0.0,0.6965779706180135
2949,aaf5db378e5bb4caa,True,,,,,,,,,,1.0,0.0,0.5,1.0,1.0,1.0,0.0,1.0,1.0,0.0
2950,38de297bc8ae7c55e,True,,,,,,,,,,1.0,1.0,1.0,1.0,1.0,1.0,1.0,1.0,0.0,0.875
2951,b12d970eb84c1530f,True,,,,,,,,,,1.0,1.0,1.0,1.0,1.0,1.0,0.0,1.0,0.0,0.75
2952,a81080b37a16b485a,True,,,,,,,,,,1.0,0.0,1.0,1.0,0.746763428915708,1.0,1.0,1.0,0.0,0.0
2953,b545597d491f4a96e,True,,,,,,,,,,1.0,1.0,1.0,1.0,0.3915358123435917,1.0,1.0,1.0,1.0,0.8098549413573723
2954,59223499b6e8a12d6,True,,,,,,,,,,1.0,0.0,0.5,1.0,1.0,0.0,1.0,1.0,0.0,0.0
2955,cf6204044bf64f9d2,True,,,,,,,,,,1.0,1.0,1.0,1.0,0.02899958463326693,1.0,1.0,1.0,1.0,0.6965623701978959
2956,82d900751ef2cc1dc,True,,,,,,,,,,1.0,0.0,0.5,1.0,1.0,1.0,0.0,1.0,0.0,0.0
2957,a77ac8c195ac2cc7a,True,,,,,,,,,,1.0,0.0,0.5,1.0,1.0,1.0,0.0,1.0,0.0,0.0
2958,b947c49e539199af0,True,,,,,,,,,,1.0,1.0,1.0,1.0,0.629588748061198,1.0,1.0,1.0,0.0,0.7592464837691244
2959,1e345865d056e4812,True,,,,,,,,,,1.0,1.0,1.0,1.0,0.7869258231990853,1.0,0.0,1.0,1.0,0.8084143197497142
2960,7a999e76f404c4956,True,,,,,,,,,,1.0,1.0,0.0,1.0,0.9269155593046478,1.0,0.0,1.0,1.0,0.0
2961,52454445f992935d8,True,,,,,,,,,,1.0,0.0,1.0,1.0,1.0,1.0,1.0,1.0,1.0,0.0
2962,39db66b6b4731fede,True,,,,,,,,,,1.0,1.0,0.5,1.0,1.0,1.0,1.0,1.0,0.0,0.4375
2963,b13e0235a1932348c,True,,,,,,,,,,1.0,1.0,1.0,1.0,1.0,1.0,0.0,1.0,0.0,0.75
2964,33f0f0e933c91112e,True,,,,,,,,,,0.0,1.0,0.0,1.0,1.0,0.0,1.0,1.0,1.0,0.0
2965,8568f4ee5859ce652,True,,,,,,,,,,1.0,1.0,0.5,1.0,0.8554331557641381,1.0,0.0,1.0,0.0,0.3524114305881466
2966,28d6fffc098e43af8,True,,,,,,,,,,1.0,1.0,1.0,1.0,1.0,1.0,0.0,1.0,1.0,0.875
2967,c6e28acbe0fc41c9e,True,,,,,,,,,,1.0,1.0,0.5,1.0,0.9536195431869865,1.0,0.0,1.0,0.0,0.3677530536229666
2968,c99ebd2dc27c56b12,True,,,,,,,,,,1.0,0.0,0.5,1.0,1.0,1.0,0.0,1.0,1.0,0.0
2969,3365055ca32faadaa,True,,,,,,,,,,1.0,1.0,1.0,1.0,0.5549088861844489,1.0,1.0,1.0,1.0,0.8609090269326403
2970,d31a201a98822b2ce,True,,,,,,,,,,1.0,1.0,1.0,1.0,0.7568061169150132,1.0,1.0,1.0,1.0,0.9240019115359417
2971,1cee104dd05ce3a78,True,,,,,,,,,,1.0,0.0,1.0,1.0,1.0,1.0,1.0,1.0,0.0,0.0
2972,5b6eb771ffaf06f55,True,,,,,,,,,,1.0,1.0,0.0,1.0,1.0,1.0,0.0,1.0,1.0,0.0
2973,3994aa71c5443aea3,True,,,,,,,,,,1.0,1.0,1.0,1.0,1.0,1.0,0.0,1.0,1.0,0.875
2974,198d109d392dbc280,True,,,,,,,,,,1.0,0.0,0.5,1.0,1.0,1.0,0.0,1.0,0.0,0.0
2975,13f7d51df20a8dc66,True,,,,,,,,,,1.0,1.0,0.0,1.0,1.0,1.0,0.0,1.0,1.0,0.0
2976,53435e78f75ede28c,True,,,,,,,,,,1.0,1.0,1.0,1.0,1.0,1.0,0.0,1.0,0.0,0.75
2977,2f7b3c8c203e87c73,True,,,,,,,,,,1.0,0.0,1.0,1.0,1.0,1.0,0.0,1.0,1.0,0.0
2978,a17ae323ec016c413,True,,,,,,,,,,1.0,1.0,1.0,1.0,0.07985935324507211,1.0,0.0,1.0,0.0,0.462456047889085
2979,4ce9b6dc350d286df,True,,,,,,,,,,1.0,1.0,0.0,1.0,1.0,1.0,0.0,1.0,1.0,0.0
2980,434099c65ff71b535,True,,,,,,,,,,0.0,1.0,0.5,1.0,1.0,0.0,0.0,1.0,1.0,0.0
2981,0fc3bc1b7fce2461a,True,,,,,,,,,,1.0,1.0,1.0,1.0,0.700701481367743,1.0,0.0,1.0,1.0,0.7814692129274197
2982,c47485175a1a20fe8,True,,,,,,,,,,0.0,0.0,1.0,1.0,1.0,0.0,1.0,1.0,0.0,0.0
2983,f1d442974b63b87f6,True,,,,,,,,,,1.0,1.0,0.0,1.0,0.8255304694911039,1.0,0.0,1.0,0.0,0.0
2984,50442ffec20a73824,True,,,,,,,,,,1.0,1.0,1.0,1.0,0.7485615229578397,1.0,0.0,1.0,1.0,0.7964254759243249
2985,d2d732a1ea85df0d1,True,,,,,,,,,,1.0,1.0,1.0,1.0,0.5679526049030147,1.0,1.0,1.0,1.0,0.8649851890321921
2986,ebc1dc2ec0e635ae3,True,,,,,,,,,,1.0,0.0,1.0,1.0,1.0,1.0,1.0,1.0,0.0,0.0
2987,3fec70d4e8fe8d5b1,True,,,,,,,,,,0.0,1.0,1.0,1.0,1.0,0.0,0.0,0.0,0.0,0.0
2988,858914d079ed93fdb,True,,,,,,,,,,1.0,0.0,1.0,1.0,1.0,1.0,1.0,1.0,0.0,0.0
2989,1724e4388e1fa5055,True,,,,,,,,,,1.0,1.0,1.0,1.0,0.5901037144141386,1.0,1.0,1.0,0.0,0.7469074107544182
2990,eb18eff580c25dafb,True,,,,,,,,,,1.0,1.0,1.0,1.0,1.0,1.0,0.0,1.0,0.0,0.75
2991,976f2d716419166ba,True,,,,,,,,,,1.0,1.0,1.0,1.0,0.7901418219056674,1.0,0.0,0.0,0.0,0.559419319345521
2992,098f2c514384700c9,True,,,,,,,,,,1.0,1.0,1.0,1.0,0.8187713049697743,1.0,0.0,1.0,1.0,0.8183660328030544
2993,3db39c7599f58de4d,True,,,,,,,,,,1.0,1.0,0.5,1.0,0.9869181823643984,1.0,0.0,1.0,0.0,0.37295596599443726
2994,ea7e06440b39909f9,True,,,,,,,,,,1.0,1.0,1.0,1.0,0.7909475834057066,1.0,1.0,1.0,1.0,0.9346711198142833
2995,4ac58ee8e6463cde1,True,,,,,,,,,,1.0,1.0,1.0,1.0,0.680764573522063,1.0,0.0,1.0,1.0,0.7752389292256447
2996,07f1e4860bc02a04d,True,,,,,,,,,,1.0,1.0,1.0,1.0,1.0,1.0,0.0,1.0,0.0,0.75
2997,8254c72f094adeb13,True,,,,,,,,,,1.0,1.0,1.0,1.0,1.0,1.0,1.0,1.0,0.0,0.875
2998,09fa657ef5c07d73d,True,,,,,,,,,,1.0,0.0,1.0,1.0,1.0,1.0,0.0,1.0,1.0,0.0
2999,99c29ddae00eb2eee,True,,,,,,,,,,1.0,0.0,1.0,1.0,1.0,0.0,0.0,1.0,0.0,0.0
3000,9fad04b9636cbc059,True,,,,,,,,,,1.0,1.0,1.0,1.0,1.0,1.0,0.0,1.0,1.0,0.875
3001,78501e6f18988cb91,True,,,,,,,,,,0.0,0.0,1.0,1.0,1.0,0.0,0.0,1.0,0.0,0.0
3002,a33343b83ce194f89,True,,,,,,,,,,1.0,1.0,1.0,1.0,0.8302255705976482,1.0,1.0,1.0,0.0,0.821945490811765
3003,7c2bed78bc3df5a9b,True,,,,,,,,,,1.0,0.0,0.5,1.0,1.0,1.0,0.0,1.0,1.0,0.0
3004,99e402b94de45b44b,True,,,,,,,,,,1.0,1.0,1.0,1.0,0.5543315481702972,1.0,1.0,1.0,0.0,0.7357286088032179
3005,1738de90a4b9b6de0,True,,,,,,,,,,1.0,1.0,1.0,1.0,0.9662706570075507,1.0,1.0,1.0,1.0,0.9894595803148596
3006,46571d478b3c7bc57,True,,,,,,,,,,0.0,1.0,1.0,1.0,1.0,0.0,1.0,1.0,1.0,0.0
3007,1d631538778b4fffe,True,,,,,,,,,,1.0,1.0,1.0,1.0,0.5683344350649046,1.0,0.0,1.0,1.0,0.7401045109577826
3008,b1429f698429f9202,True,,,,,,,,,,1.0,1.0,1.0,1.0,0.8389561963907515,1.0,0.0,1.0,1.0,0.8246738113721098
3009,d9ae5adb158047d47,True,,,,,,,,,,1.0,1.0,1.0,1.0,0.9756439323145598,1.0,0.0,1.0,1.0,0.8673887288483
3010,7d0e6ab1e39a11f7e,True,,,,,,,,,,1.0,1.0,0.5,1.0,0.602339447806584,1.0,1.0,1.0,1.0,0.43786553871977874
3011,5037003d98e7c77a2,True,,,,,,,,,,1.0,0.0,0.0,1.0,1.0,1.0,0.0,1.0,1.0,0.0
3012,853bdf919d41bd5e6,True,,,,,,,,,,1.0,1.0,1.0,1.0,0.7094954734485058,1.0,0.0,1.0,0.0,0.659217335452658
3013,fe70456ec5ebc1918,True,,,,,,,,,,1.0,1.0,1.0,1.0,0.9494308383254279,1.0,0.0,1.0,1.0,0.8591971369766962
3014,c3e34d7de79504c8f,True,,,,,,,,,,1.0,0.0,1.0,1.0,1.0,1.0,0.0,1.0,1.0,0.0
3015,355e5bb60c8fb0793,True,,,,,,,,,,1.0,1.0,0.5,1.0,1.0,1.0,0.0,1.0,0.0,0.375
3016,2d69cb0443fc22cf0,True,,,,,,,,,,1.0,0.0,1.0,1.0,1.0,0.0,1.0,1.0,0.0,0.0
3017,3c99b1ada8877591e,True,,,,,,,,,,1.0,1.0,1.0,1.0,0.9707706649167039,1.0,1.0,1.0,1.0,0.99086583278647
3018,f705ea7622e27d209,True,,,,,,,,,,0.0,1.0,1.0,1.0,0.7566809198682414,0.0,0.0,1.0,0.0,0.0
3019,581c763cd78c9643e,True,,,,,,,,,,1.0,0.0,0.5,1.0,1.0,1.0,1.0,1.0,1.0,0.0
3020,40fd4749fb6c9cd3a,True,,,,,,,,,,1.0,1.0,1.0,1.0,0.8877150710509841,1.0,1.0,1.0,1.0,0.9649109597034325
3021,75bc6c0b77408dcd2,True,,,,,,,,,,1.0,1.0,1.0,1.0,1.0,1.0,1.0,1.0,1.0,1.0
3022,58ab5764f037eca22,True,,,,,,,,,,1.0,0.0,1.0,1.0,0.6669700860635626,1.0,0.0,1.0,1.0,0.0
3023,0976a098312b0ead1,True,,,,,,,,,,1.0,0.0,0.5,1.0,1.0,1.0,1.0,1.0,0.0,0.0
3024,d34d8e1f656046bdd,True,,,,,,,,,,1.0,1.0,1.0,1.0,1.0,1.0,0.0,1.0,0.0,0.75
3025,ab4161a99b49b3ba2,True,,,,,,,,,,1.0,1.0,1.0,1.0,0.568454705340016,1.0,1.0,0.0,0.0,0.615142095418755
3026,d43228a4743b49a37,True,,,,,,,,,,1.0,1.0,1.0,1.0,0.6057813943635357,1.0,1.0,1.0,1.0,0.876806685738605
3027,15e2547cb8af6e312,True,,,,,,,,,,1.0,0.0,0.5,1.0,1.0,1.0,0.0,1.0,0.0,0.0
3028,9d01fb3bc5ce52bd1,True,,,,,,,,,,1.0,0.0,1.0,1.0,0.745005215523182,1.0,1.0,1.0,1.0,0.0
3029,0409a56c40aabf66c,True,,,,,,,,,,1.0,1.0,1.0,1.0,0.7788967155221859,1.0,0.0,1.0,0.0,0.6809052236006831
3030,c999a24e14bcd26f6,True,,,,,,,,,,1.0,0.0,1.0,1.0,0.7969922634001313,1.0,1.0,1.0,1.0,0.0
3031,bc91ea0c9c2963c7e,True,,,,,,,,,,1.0,1.0,1.0,1.0,0.6579268245391952,1.0,1.0,1.0,1.0,0.8931021326684985
3032,1a8b28cb69aa0366e,True,,,,,,,,,,1.0,0.0,0.0,1.0,1.0,0.0,0.0,1.0,0.0,0.0
3033,d07109d7827c6eace,True,,,,,,,,,,1.0,1.0,1.0,1.0,1.0,1.0,1.0,0.0,0.0,0.75
3034,f03413df184aedd86,True,,,,,,,,,,1.0,0.0,0.5,1.0,1.0,1.0,1.0,1.0,1.0,0.0
3035,9ce594d7aea2ad542,True,,,,,,,,,,0.0,1.0,0.5,1.0,1.0,0.0,1.0,1.0,0.0,0.0
3036,63c41e35465456dc7,True,,,,,,,,,,1.0,1.0,0.0,1.0,1.0,1.0,0.0,1.0,1.0,0.0
3037,d0aa7f48f651d0e51,True,,,,,,,,,,1.0,0.0,0.5,1.0,1.0,1.0,1.0,1.0,0.0,0.0
3038,e837d678b75d5da6f,True,,,,,,,,,,1.0,1.0,1.0,1.0,1.0,1.0,1.0,1.0,0.0,0.875
3039,6bb22c30119ed991a,True,,,,,,,,,,1.0,1.0,1.0,1.0,0.5281318898752736,1.0,0.0,1.0,0.0,0.602541215586023
3040,edcd482f0136b535d,True,,,,,,,,,,1.0,1.0,1.0,1.0,0.7303610207095798,1.0,0.0,1.0,1.0,0.7907378189717437
3041,f6557e9f386193dfc,True,,,,,,,,,,1.0,1.0,1.0,1.0,0.8651825362863832,1.0,1.0,1.0,0.0,0.8328695425894947
3042,2191ef080b4043736,True,,,,,,,,,,1.0,1.0,1.0,1.0,0.8563429915326567,1.0,0.0,1.0,1.0,0.8301071848539552
3043,fa08741543328286c,True,,,,,,,,,,1.0,1.0,1.0,1.0,0.6179137772559855,1.0,1.0,1.0,1.0,0.8805980553924955
3044,58f8bb6cc7ee41227,True,,,,,,,,,,1.0,0.0,1.0,1.0,0.8292408260675731,1.0,0.0,1.0,0.0,0.0
3045,669069f25d57f77ae,True,,,,,,,,,,1.0,1.0,0.0,1.0,1.0,1.0,0.0,1.0,1.0,0.0
3046,7e6c9f4638d88c304,True,,,,,,,,,,1.0,0.0,1.0,1.0,0.6697850953847292,1.0,1.0,1.0,1.0,0.0
3047,4fa35324bdae11dda,True,,,,,,,,,,1.0,0.0,0.5,1.0,1.0,1.0,1.0,1.0,1.0,0.0
3048,932b2f68de04adb10,True,,,,,,,,,,1.0,1.0,1.0,1.0,1.0,1.0,0.0,1.0,1.0,0.875
3049,3b82c1b1ab67f0c9a,True,,,,,,,,,,1.0,0.0,1.0,1.0,0.5489556543758223,1.0,0.0,1.0,1.0,0.0
3050,441af8c8c4d582d12,True,,,,,,,,,,1.0,1.0,1.0,1.0,1.0,1.0,0.0,1.0,1.0,0.875
3051,7c1d966d6a3783a65,True,,,,,,,,,,1.0,1.0,1.0,1.0,0.7245277244577051,1.0,0.0,1.0,1.0,0.7889149138930328
3052,c783da5c9c8124365,True,,,,,,,,,,1.0,1.0,0.0,1.0,1.0,1.0,0.0,1.0,1.0,0.0
3053,ac6225d45da8b51cf,True,,,,,,,,,,1.0,1.0,1.0,1.0,1.0,1.0,0.0,1.0,1.0,0.875
3054,0b444583aebb693a7,True,,,,,,,,,,1.0,1.0,1.0,1.0,1.0,1.0,1.0,1.0,0.0,0.875
3055,298d36dd2179b1b09,True,,,,,,,,,,1.0,1.0,1.0,1.0,1.0,0.0,0.0,1.0,0.0,0.4375
3056,6d8d91ad290f124b2,True,,,,,,,,,,0.0,1.0,1.0,1.0,1.0,0.0,0.0,1.0,0.0,0.0
3057,fd157e67d430fdab3,True,,,,,,,,,,0.0,1.0,1.0,1.0,1.0,0.0,0.0,1.0,0.0,0.0
3058,1dc0a8f14dc973a72,True,,,,,,,,,,0.0,1.0,1.0,1.0,1.0,0.0,1.0,1.0,0.0,0.0
3059,7858c7e045c1ac9b5,True,,,,,,,,,,1.0,1.0,1.0,1.0,1.0,1.0,0.0,1.0,1.0,0.875
3060,355d2f57b20f32e9c,True,,,,,,,,,,1.0,0.0,0.0,1.0,1.0,1.0,0.0,1.0,1.0,0.0
3061,2730c2af7fa40d559,True,,,,,,,,,,1.0,0.0,1.0,1.0,1.0,1.0,1.0,1.0,0.0,0.0
3062,ee835d04e79982ac7,True,,,,,,,,,,1.0,1.0,1.0,1.0,1.0,1.0,0.0,1.0,1.0,0.875
3063,5e3a21657a7371a7a,True,,,,,,,,,,0.0,1.0,0.0,1.0,1.0,0.0,0.0,1.0,0.0,0.0
3064,c4bb99fe9ff474e51,True,,,,,,,,,,1.0,1.0,1.0,1.0,0.5873349944506778,1.0,1.0,1.0,0.0,0.7460421857658368
3065,303ba3f05a636f6e9,True,,,,,,,,,,1.0,1.0,1.0,1.0,0.8989293487525709,1.0,1.0,1.0,1.0,0.9684154214851783
3066,854e5e93c34b9c7cd,True,,,,,,,,,,1.0,1.0,0.5,1.0,0.8884973545531122,1.0,0.0,1.0,1.0,0.42007771164892377
3067,8170f12fb1131df99,True,,,,,,,,,,1.0,1.0,1.0,1.0,1.0,1.0,0.0,1.0,1.0,0.875
3068,2eab4bf554ebec232,True,,,,,,,,,,0.0,1.0,1.0,1.0,1.0,0.0,0.0,1.0,1.0,0.0
3069,6d9888406276bc884,True,,,,,,,,,,1.0,1.0,1.0,1.0,0.7389878178654959,1.0,1.0,1.0,1.0,0.9184336930829675
3070,d790b694cb899e145,True,,,,,,,,,,1.0,1.0,1.0,1.0,0.831969455108285,1.0,1.0,1.0,1.0,0.9474904547213391
3071,c303322f8c6fe45b9,True,,,,,,,,,,1.0,1.0,0.5,1.0,1.0,1.0,0.0,1.0,1.0,0.4375
3072,9923250503e62f3e8,True,,,,,,,,,,1.0,0.0,1.0,1.0,0.6615792956276783,1.0,0.0,1.0,1.0,0.0
3073,63539a8af8e7678fa,True,,,,,,,,,,1.0,1.0,1.0,1.0,0.6713578838736465,1.0,1.0,1.0,1.0,0.8972993387105146
3074,29099b056d78d6ffb,True,,,,,,,,,,1.0,0.0,0.5,1.0,1.0,1.0,0.0,1.0,0.0,0.0
3075,892680e2569238f20,True,,,,,,,,,,1.0,1.0,1.0,1.0,0.6910132819914141,1.0,0.0,1.0,1.0,0.7784416506223168
3076,5e9e3c88e21f7a346,True,,,,,,,,,,1.0,0.0,1.0,1.0,1.0,1.0,1.0,1.0,0.0,0.0
3077,dcd3a1adb7268a54d,True,,,,,,,,,,1.0,1.0,0.5,1.0,0.8970103382601987,1.0,1.0,1.0,1.0,0.48390786535315605
3078,67bddd305e7735344,True,,,,,,,,,,1.0,1.0,1.0,1.0,0.958475237913618,1.0,1.0,1.0,0.0,0.8620235118480056
3079,969a72274e20ef86e,True,,,,,,,,,,0.5,1.0,1.0,1.0,0.5348683747046757,1.0,1.0,1.0,1.0,0.42732318354760557
3080,f23480d4e2e5e6146,True,,,,,,,,,,1.0,0.0,1.0,1.0,1.0,0.0,1.0,1.0,1.0,0.0
3081,51a778c753d0604cb,True,,,,,,,,,,1.0,1.0,1.0,1.0,1.0,1.0,0.0,1.0,1.0,0.875
3082,8051fe3f500d43528,True,,,,,,,,,,1.0,1.0,1.0,1.0,0.8058446884213227,1.0,0.0,1.0,1.0,0.8143264651316633
3083,47333aea0afd08b32,True,,,,,,,,,,0.0,1.0,1.0,1.0,1.0,0.0,1.0,1.0,0.0,0.0
3084,1d37c78c98407e747,True,,,,,,,,,,0.0,1.0,0.5,1.0,1.0,0.0,0.0,1.0,1.0,0.0
3085,5957a4b8c0696f222,True,,,,,,,,,,1.0,0.0,1.0,1.0,1.0,1.0,1.0,1.0,1.0,0.0
3086,a1a35da673b8752f6,True,,,,,,,,,,1.0,1.0,0.5,1.0,1.0,1.0,0.0,1.0,0.0,0.375
3087,9dd3876cb173c36aa,True,,,,,,,,,,1.0,0.0,0.0,1.0,1.0,1.0,0.0,1.0,0.0,0.0
3088,f3e993209190be300,True,,,,,,,,,,0.0,1.0,1.0,1.0,1.0,0.0,0.0,1.0,0.0,0.0
3089,ea6b0110876910b22,True,,,,,,,,,,1.0,1.0,1.0,1.0,0.7158480320406994,1.0,1.0,1.0,1.0,0.9112025100127186
3090,3b3f6182f292aea44,True,,,,,,,,,,1.0,0.0,1.0,1.0,0.4143692893413746,1.0,1.0,1.0,1.0,0.0
3091,b6217c8c8ec53139f,True,,,,,,,,,,1.0,1.0,1.0,1.0,0.6655294268663686,1.0,1.0,1.0,1.0,0.8954779458957403
3092,48cab8078b80242a1,True,,,,,,,,,,1.0,1.0,1.0,1.0,0.8572742147520137,1.0,1.0,1.0,1.0,0.9553981921100043
3093,c82ec728742abfe9a,True,,,,,,,,,,1.0,1.0,1.0,1.0,0.830846965875922,1.0,1.0,1.0,0.0,0.8221396768362257
3094,af6044bdbd6647378,True,,,,,,,,,,1.0,0.0,0.0,1.0,1.0,1.0,0.0,1.0,1.0,0.0
3095,c86b538debe073fb7,True,,,,,,,,,,1.0,1.0,1.0,1.0,0.7798299964876335,1.0,1.0,1.0,1.0,0.9311968739023855
3096,e20ec0633fcd9af94,True,,,,,,,,,,1.0,1.0,1.0,1.0,0.7289390862043184,1.0,1.0,1.0,0.0,0.7902934644388495
3097,80bd77183c8a411b9,True,,,,,,,,,,1.0,1.0,1.0,1.0,1.0,1.0,1.0,1.0,1.0,1.0
3098,c1b8b4454bc0a112c,True,,,,,,,,,,1.0,1.0,1.0,1.0,1.0,1.0,1.0,1.0,0.0,0.875
3099,e6a340849c0025d9f,True,,,,,,,,,,1.0,0.0,1.0,1.0,0.5728168632502483,1.0,1.0,1.0,0.0,0.0
3100,c4e1ff9b786c70034,True,,,,,,,,,,1.0,0.0,1.0,1.0,1.0,1.0,1.0,1.0,0.0,0.0
3101,fbaef0dd45ccf2413,True,,,,,,,,,,1.0,0.0,1.0,1.0,0.7621030386428055,1.0,1.0,1.0,1.0,0.0
3102,b33c373192c8560d1,True,,,,,,,,,,1.0,0.0,0.5,1.0,0.42200197172201837,0.0,0.0,1.0,0.0,0.0
3103,0c9af5dd9b0259374,True,,,,,,,,,,0.0,1.0,1.0,0.0,1.0,0.0,1.0,1.0,0.0,0.0
3104,733dab2043d02d8e3,True,,,,,,,,,,0.0,0.0,1.0,1.0,0.6873080615277425,1.0,1.0,1.0,1.0,0.0
3105,cbef70f53373bf6bb,True,,,,,,,,,,1.0,1.0,1.0,1.0,0.6824519267679174,1.0,0.0,1.0,1.0,0.7757662271149742
3106,0c9e5d46eff0fcf41,True,,,,,,,,,,0.0,1.0,1.0,1.0,1.0,0.0,1.0,1.0,0.0,0.0
3107,2dac2b9cae0ff11f8,True,,,,,,,,,,1.0,1.0,0.0,1.0,1.0,1.0,0.0,1.0,0.0,0.0
3108,7338fea39e2bae90e,True,,,,,,,,,,1.0,1.0,0.5,1.0,0.6627293458432517,1.0,0.0,1.0,1.0,0.3848014602880081
3109,7404698935ca6a31c,True,,,,,,,,,,1.0,1.0,0.0,1.0,1.0,1.0,0.0,1.0,1.0,0.0
3110,5fc5bb18513bc7d0b,True,,,,,,,,,,1.0,1.0,0.5,1.0,0.637625746633555,1.0,0.0,1.0,1.0,0.38087902291149295
3111,3fd0808364384b621,True,,,,,,,,,,1.0,1.0,0.5,1.0,1.0,1.0,0.0,1.0,1.0,0.4375
3112,17f3ba89b58f991f4,True,,,,,,,,,,1.0,1.0,1.0,1.0,0.7808944117494637,1.0,0.0,1.0,1.0,0.8065295036717074
3113,4a1669fb6d9debfb0,True,,,,,,,,,,1.0,1.0,0.5,1.0,0.9162816824887792,0.0,1.0,1.0,0.0,0.26816901288887174
3114,8f6e1b2f271bab9a1,True,,,,,,,,,,1.0,1.0,1.0,1.0,0.614780543257731,1.0,0.0,1.0,1.0,0.754618919768041
3115,6abf3c8e9d73929cc,True,,,,,,,,,,1.0,1.0,1.0,1.0,0.8825383773833987,1.0,1.0,1.0,0.0,0.8382932429323121
3116,c38b7f486c2411a81,True,,,,,,,,,,0.0,1.0,1.0,1.0,1.0,0.0,0.0,1.0,1.0,0.0
3117,7859f7283b9d34589,True,,,,,,,,,,1.0,1.0,1.0,1.0,0.7070209661433791,1.0,1.0,1.0,0.0,0.7834440519198059
3118,9ce85f2dc52093c43,True,,,,,,,,,,1.0,1.0,1.0,1.0,0.866270615981022,1.0,0.0,1.0,0.0,0.7082095674940694
3119,6949e44c974752c39,True,,,,,,,,,,1.0,1.0,1.0,1.0,0.8005648821010758,1.0,1.0,1.0,1.0,0.9376765256565862
3120,6bdee3f4f4da685e0,True,,,,,,,,,,1.0,1.0,1.0,1.0,0.5083675309955156,1.0,1.0,1.0,0.0,0.7213648534360986
3121,1a1b33942c90c349f,True,,,,,,,,,,1.0,1.0,1.0,1.0,0.533858669075353,1.0,0.0,1.0,1.0,0.7293308340860478
3122,83316d588a0204528,True,,,,,,,,,,1.0,0.0,0.5,1.0,1.0,1.0,1.0,1.0,1.0,0.0
3123,2bac8b14908f94a2b,True,,,,,,,,,,1.0,1.0,1.0,1.0,0.5288637773623921,1.0,1.0,1.0,1.0,0.8527699304257476
3124,82aeafe6afee99d4b,True,,,,,,,,,,1.0,1.0,1.0,1.0,0.5692039354426884,1.0,1.0,1.0,0.0,0.7403762298258402
3125,108deb7af61e697bb,True,,,,,,,,,,1.0,0.0,1.0,1.0,1.0,1.0,1.0,1.0,0.0,0.0
3126,0d85be806c3ea78b8,True,,,,,,,,,,1.0,1.0,1.0,1.0,1.0,1.0,0.0,1.0,0.0,0.75
3127,5ac7230087ab9e9cc,True,,,,,,,,,,1.0,1.0,0.0,1.0,1.0,1.0,0.0,1.0,1.0,0.0
3128,a4512ee0b8d11026d,True,,,,,,,,,,1.0,0.0,1.0,1.0,0.45183777855622537,1.0,1.0,1.0,0.0,0.0
3129,45429b4b5e82551ac,True,,,,,,,,,,0.0,1.0,0.5,1.0,1.0,0.0,0.0,1.0,0.0,0.0
3130,579b0b533f44a8dd1,True,,,,,,,,,,1.0,1.0,1.0,1.0,1.0,1.0,0.0,1.0,0.0,0.75
3131,fc618b0134a5e9634,True,,,,,,,,,,1.0,0.0,0.0,1.0,1.0,1.0,1.0,1.0,0.0,0.0
3132,ab7e7c6fb9f3451a3,True,,,,,,,,,,1.0,0.0,1.0,1.0,1.0,1.0,0.0,1.0,0.0,0.0
3133,350cac7c1e8fc966a,True,,,,,,,,,,0.0,1.0,1.0,1.0,1.0,0.0,0.0,1.0,0.0,0.0
3134,3f94a9e099ddf73f0,True,,,,,,,,,,1.0,1.0,1.0,1.0,0.3600891826213354,1.0,0.0,1.0,1.0,0.6750278695691673
3135,322359bc569d9c145,True,,,,,,,,,,1.0,0.0,1.0,1.0,1.0,1.0,0.0,1.0,1.0,0.0
3136,2c5a6bcca688df5f6,True,,,,,,,,,,1.0,0.0,0.0,1.0,1.0,1.0,0.0,1.0,1.0,0.0
3137,bec83a5e0a0ea8c80,True,,,,,,,,,,1.0,1.0,1.0,1.0,0.7330614625669161,1.0,0.0,1.0,1.0,0.7915817070521612
3138,2d176dbb12e40c2aa,True,,,,,,,,,,0.0,1.0,1.0,1.0,1.0,0.0,0.0,1.0,0.0,0.0
3139,6f23cf03f94e36b89,True,,,,,,,,,,1.0,1.0,1.0,1.0,0.9086375151098393,1.0,1.0,1.0,1.0,0.9714492234718248
3140,f549933443a3744d4,True,,,,,,,,,,1.0,1.0,1.0,1.0,0.8040190172538292,1.0,0.0,1.0,1.0,0.8137559428918216
3141,c950df7be837da65b,True,,,,,,,,,,1.0,1.0,1.0,1.0,1.0,1.0,1.0,1.0,1.0,1.0
3142,09b94e3a221caebb6,True,,,,,,,,,,1.0,0.0,0.5,1.0,1.0,1.0,0.0,1.0,1.0,0.0
3143,e91ac9ef742425106,True,,,,,,,,,,1.0,1.0,1.0,1.0,0.7426426566037628,1.0,1.0,1.0,1.0,0.9195758301886758
3144,a13664addc273bf0a,True,,,,,,,,,,1.0,1.0,1.0,1.0,0.5140840123004689,1.0,1.0,1.0,1.0,0.8481512538438964
3145,96cc2557a7240b2e7,True,,,,,,,,,,0.0,1.0,1.0,1.0,1.0,0.0,1.0,1.0,0.0,0.0
3146,589cc001fa920c158,True,,,,,,,,,,0.0,1.0,0.0,1.0,1.0,0.0,0.0,1.0,1.0,0.0
3147,7516958eab299d94d,True,,,,,,,,,,1.0,1.0,1.0,1.0,1.0,1.0,1.0,1.0,0.0,0.875
3148,8108a6fe2b34f4118,True,,,,,,,,,,1.0,1.0,1.0,1.0,0.7599256118779819,1.0,1.0,1.0,1.0,0.9249767537118694
3149,fc4d5a62c921f8392,True,,,,,,,,,,1.0,1.0,0.5,1.0,0.6472500423690905,1.0,1.0,1.0,0.0,0.38238281912017036
3150,bb000886556fcf3ea,True,,,,,,,,,,1.0,1.0,1.0,1.0,1.0,1.0,0.0,1.0,0.0,0.75
3151,c55dc2e0f192c70a5,True,,,,,,,,,,1.0,1.0,1.0,1.0,0.9577215383363946,1.0,1.0,1.0,1.0,0.9867879807301233
3152,4b3c2ee5f127a3fe4,True,,,,,,,,,,1.0,1.0,0.0,1.0,0.8040803455787138,0.0,0.0,0.0,0.0,0.0
3153,34e7a39f33ba4f108,True,,,,,,,,,,1.0,1.0,1.0,1.0,1.0,1.0,1.0,1.0,0.0,0.875
3154,d784680050236fe52,True,,,,,,,,,,1.0,1.0,0.5,1.0,0.8380597042322433,1.0,0.0,1.0,0.0,0.34969682878628805
3155,9686cdc1f5f01d68e,True,,,,,,,,,,0.0,1.0,1.0,1.0,1.0,0.0,1.0,1.0,0.0,0.0
3156,7259df2fbd4ef7047,True,,,,,,,,,,1.0,1.0,1.0,1.0,1.0,1.0,1.0,1.0,0.0,0.875
3157,9941e5249d262210a,True,,,,,,,,,,1.0,1.0,1.0,1.0,0.6452672557621315,1.0,1.0,1.0,1.0,0.8891460174256661
3158,d70caeb8eb50fae31,True,,,,,,,,,,1.0,1.0,1.0,1.0,0.8194060642836382,1.0,0.0,1.0,0.0,0.693564395088637
3159,16d22cc23e0b4cce8,True,,,,,,,,,,0.0,0.0,1.0,1.0,1.0,0.0,1.0,0.0,0.0,0.0
3160,9afbf2d7c3a80fd5b,True,,,,,,,,,,1.0,1.0,1.0,1.0,0.979199074222905,1.0,1.0,1.0,1.0,0.9934997106946578
3161,1291da52f5c1dfbde,True,,,,,,,,,,1.0,1.0,0.5,1.0,0.9301074064223384,1.0,0.0,1.0,0.0,0.3640792822534904
3162,38e9599c6c91e204f,True,,,,,,,,,,1.0,1.0,0.5,1.0,1.0,1.0,0.0,1.0,1.0,0.4375
3163,542094f5bc210a1c8,True,,,,,,,,,,1.0,1.0,0.5,1.0,1.0,1.0,0.0,1.0,1.0,0.4375
3164,d760fd5131cb248fc,True,,,,,,,,,,1.0,1.0,1.0,1.0,0.7869018035264799,1.0,1.0,1.0,1.0,0.9334068136020249
3165,0e733cf0e386ffd7e,True,,,,,,,,,,1.0,0.0,1.0,1.0,1.0,1.0,0.0,1.0,1.0,0.0
3166,031e271f324d8fe95,True,,,,,,,,,,1.0,1.0,1.0,1.0,1.0,1.0,0.0,1.0,1.0,0.875
3167,977ccf108c51d43d0,True,,,,,,,,,,1.0,0.0,1.0,1.0,0.6597168517990505,1.0,1.0,1.0,0.0,0.0
3168,36c1bdf64ea8ffbe0,True,,,,,,,,,,1.0,1.0,1.0,1.0,1.0,1.0,0.0,1.0,1.0,0.875
3169,e04480093a92a2fc2,True,,,,,,,,,,1.0,1.0,0.5,1.0,0.8737614044455585,1.0,1.0,1.0,1.0,0.4802752194446185
3170,997169e70df191713,True,,,,,,,,,,1.0,1.0,1.0,1.0,0.49202910750630463,1.0,0.0,1.0,0.0,0.5912590960957202
3171,9efffb1c9487faa89,True,,,,,,,,,,1.0,0.0,1.0,1.0,1.0,1.0,0.0,1.0,0.0,0.0
3172,1138b571e8fbaaad9,True,,,,,,,,,,1.0,1.0,1.0,1.0,0.9993993407222925,1.0,1.0,1.0,1.0,0.9998122939757164
3173,e0865c65b75b4c171,True,,,,,,,,,,1.0,0.0,1.0,1.0,0.987669852603474,1.0,1.0,1.0,0.0,0.0
3174,8f458d524a4774548,True,,,,,,,,,,1.0,1.0,1.0,1.0,1.0,1.0,0.0,1.0,1.0,0.875
3175,9fb82728bb72ae665,True,,,,,,,,,,1.0,1.0,1.0,1.0,1.0,1.0,0.0,1.0,1.0,0.875
3176,7712653347183e698,True,,,,,,,,,,1.0,1.0,1.0,1.0,1.0,1.0,0.0,1.0,0.0,0.75
3177,f06a4e01a1e5abdd5,True,,,,,,,,,,1.0,1.0,1.0,1.0,0.9067567552383544,1.0,1.0,1.0,1.0,0.9708614860119857
3178,336a85438db14731e,True,,,,,,,,,,0.0,1.0,1.0,1.0,1.0,0.0,0.0,1.0,1.0,0.0
3179,3affb77370b09f4d7,True,,,,,,,,,,1.0,1.0,0.0,1.0,0.8789163005603106,1.0,0.0,1.0,1.0,0.0
3180,40a1b839fda812527,True,,,,,,,,,,1.0,0.0,1.0,1.0,1.0,1.0,1.0,1.0,0.0,0.0
3181,558678d3b68828f3a,True,,,,,,,,,,1.0,0.0,0.0,1.0,1.0,1.0,0.0,1.0,1.0,0.0
3182,8a80c99bf844921b8,True,,,,,,,,,,1.0,1.0,1.0,1.0,1.0,1.0,0.0,1.0,0.0,0.75
3183,80ad340ede19df8b3,True,,,,,,,,,,1.0,0.0,0.5,1.0,1.0,1.0,0.0,0.0,0.0,0.0
3184,c6144081cdf888af5,True,,,,,,,,,,0.0,0.0,1.0,1.0,1.0,0.0,1.0,1.0,1.0,0.0
3185,b24ef110ccf50ea20,True,,,,,,,,,,0.0,1.0,1.0,1.0,1.0,0.0,1.0,1.0,0.0,0.0
3186,19b05b1af3b23f887,True,,,,,,,,,,1.0,1.0,0.0,1.0,1.0,1.0,0.0,1.0,1.0,0.0
3187,5defaad214f3a99c9,True,,,,,,,,,,1.0,1.0,1.0,1.0,0.8372099894988215,1.0,0.0,1.0,1.0,0.8241281217183818
3188,58c7dc2cb395006ae,True,,,,,,,,,,1.0,1.0,1.0,1.0,1.0,1.0,1.0,1.0,0.0,0.875
3189,afcd4a859a99df309,True,,,,,,,,,,1.0,1.0,1.0,1.0,1.0,1.0,1.0,1.0,0.0,0.875
3190,4a99f83b526b20ecf,True,,,,,,,,,,1.0,0.0,1.0,1.0,0.8049854871241401,1.0,0.0,1.0,0.0,0.0
3191,44f34ef68cafc4814,True,,,,,,,,,,1.0,0.0,1.0,1.0,0.9635919361245672,1.0,1.0,1.0,1.0,0.0
3192,444902bbbb7e82af9,True,,,,,,,,,,1.0,1.0,1.0,1.0,0.836686323787518,1.0,1.0,1.0,1.0,0.9489644761835994
3193,18f8bfb875dae178e,True,,,,,,,,,,0.0,1.0,1.0,1.0,1.0,0.0,1.0,1.0,1.0,0.0
3194,e26b9a326897c57c3,True,,,,,,,,,,1.0,1.0,1.0,1.0,0.1326443896265021,1.0,0.0,1.0,0.0,0.4789513717582819
3195,c42f42235ba427d14,True,,,,,,,,,,1.0,0.0,1.0,1.0,0.4857097206238629,1.0,1.0,1.0,0.0,0.0
3196,beb03158751d7049b,True,,,,,,,,,,1.0,1.0,1.0,1.0,0.7963160099956581,1.0,1.0,1.0,1.0,0.9363487531236432
3197,7d44659c706a23779,True,,,,,,,,,,0.0,1.0,1.0,1.0,1.0,0.0,0.0,1.0,1.0,0.0
3198,55e61bb960bd1bfcd,True,,,,,,,,,,0.0,1.0,1.0,1.0,0.8565028977170317,0.0,0.0,1.0,1.0,0.0
3199,8b4f3b5980bf21a3b,True,,,,,,,,,,1.0,1.0,1.0,1.0,0.7572753524768303,1.0,1.0,1.0,0.0,0.7991485476490094
3200,a96a23b6f09cca0ae,True,,,,,,,,,,1.0,1.0,1.0,1.0,0.912937532826539,1.0,0.0,1.0,1.0,0.8477929790082934
3201,1730cbbbd72e9ce7d,True,,,,,,,,,,0.0,1.0,1.0,1.0,1.0,0.0,0.0,1.0,1.0,0.0
3202,4eb62ff777df6de35,True,,,,,,,,,,0.0,1.0,1.0,1.0,1.0,0.0,1.0,1.0,1.0,0.0
3203,5d499c9197211c7e4,True,,,,,,,,,,0.0,1.0,1.0,1.0,1.0,0.0,0.0,1.0,0.0,0.0
3204,f8269fa1de4da78ec,True,,,,,,,,,,1.0,1.0,1.0,1.0,0.9073126376583555,1.0,1.0,1.0,1.0,0.971035199268236
3205,ba9155b84dc322eac,True,,,,,,,,,,1.0,1.0,1.0,1.0,0.7800715691479608,1.0,0.0,1.0,1.0,0.8062723653587378
3206,6bd45348ddbfea0ce,True,,,,,,,,,,1.0,0.0,1.0,1.0,0.9324162976607303,1.0,1.0,1.0,0.0,0.0
3207,78e83fee2e80cffb8,True,,,,,,,,,,1.0,1.0,1.0,1.0,0.8159138886065564,1.0,1.0,1.0,0.0,0.8174730901895488
3208,ceeb361872a012bd7,True,,,,,,,,,,1.0,1.0,1.0,1.0,0.9673385850157082,1.0,0.0,1.0,1.0,0.8647933078174088
3209,93665513823171463,True,,,,,,,,,,0.0,1.0,1.0,1.0,1.0,0.0,0.0,1.0,1.0,0.0
3210,2664f428da61db472,True,,,,,,,,,,1.0,1.0,1.0,1.0,0.6900669078717082,0.0,0.0,1.0,1.0,0.46564590870990885
3211,246a9b54a485510a5,True,,,,,,,,,,0.0,1.0,1.0,0.0,1.0,0.0,1.0,1.0,1.0,0.0
3212,ddb023146aa3ea8a6,True,,,,,,,,,,1.0,0.0,1.0,1.0,1.0,1.0,1.0,1.0,0.0,0.0
3213,d17adfd1c40c90f05,True,,,,,,,,,,0.0,1.0,0.5,1.0,1.0,0.0,0.0,1.0,1.0,0.0
3214,2496fb23d66af6353,True,,,,,,,,,,1.0,1.0,1.0,1.0,1.0,1.0,0.0,1.0,0.0,0.75
3215,5d16842470d67d7aa,True,,,,,,,,,,1.0,0.0,1.0,1.0,1.0,1.0,1.0,1.0,1.0,0.0
3216,203c4d85b696869d7,True,,,,,,,,,,1.0,1.0,1.0,1.0,0.9644353091510502,1.0,1.0,1.0,1.0,0.9888860341097032
3217,b757155200a7aea72,True,,,,,,,,,,0.0,0.0,0.0,1.0,1.0,0.0,0.0,1.0,0.0,0.0
3218,b8b2aad7145d418e5,True,,,,,,,,,,1.0,1.0,1.0,1.0,0.6962661413047532,1.0,1.0,1.0,0.0,0.7800831691577353
3219,90060fb4a17c1e73a,True,,,,,,,,,,1.0,1.0,0.5,1.0,1.0,1.0,0.0,1.0,0.0,0.375
3220,ee0214c25403e4214,True,,,,,,,,,,0.0,1.0,1.0,1.0,0.7654694921351423,0.0,0.0,1.0,0.0,0.0
3221,cd486e24ba631556c,True,,,,,,,,,,1.0,0.0,1.0,1.0,0.48918074139919987,1.0,0.0,1.0,1.0,0.0
3222,f822b7fedd599ccea,True,,,,,,,,,,1.0,0.0,1.0,1.0,1.0,1.0,0.0,1.0,0.0,0.0
3223,8fb004759e2d805f0,True,,,,,,,,,,1.0,0.0,1.0,1.0,1.0,1.0,1.0,1.0,0.0,0.0
3224,2cfe97d8f0bc1727a,True,,,,,,,,,,1.0,1.0,0.0,1.0,1.0,1.0,0.0,1.0,1.0,0.0
3225,bc0871e224359d4c3,True,,,,,,,,,,1.0,1.0,1.0,1.0,0.7310267804519552,1.0,1.0,1.0,1.0,0.9159458688912361
3226,3e2f29d51ba0c82c3,True,,,,,,,,,,1.0,1.0,1.0,1.0,0.7907210486534205,1.0,1.0,1.0,0.0,0.8096003277041939
3227,c70f1e01d8a8d58e0,True,,,,,,,,,,1.0,1.0,1.0,1.0,0.6312817739953586,1.0,1.0,1.0,0.0,0.7597755543735496
3228,339edff793767887e,True,,,,,,,,,,1.0,1.0,1.0,1.0,0.42743972467068725,1.0,0.0,1.0,1.0,0.6960749139595898
3229,167e9515df0f9719a,True,,,,,,,,,,1.0,1.0,1.0,1.0,0.75408930813287,1.0,0.0,1.0,1.0,0.7981529087915219
3230,297ba1c65109e01ba,True,,,,,,,,,,1.0,1.0,1.0,1.0,0.7011377711428908,1.0,1.0,0.0,0.0,0.6566055534821533
3231,6324e7d77bf56fdb3,True,,,,,,,,,,1.0,0.0,1.0,1.0,0.8679495201252058,1.0,1.0,1.0,0.0,0.0
3232,92ad1ee3b8c3a8859,True,,,,,,,,,,1.0,1.0,1.0,1.0,0.6127330750456754,1.0,1.0,1.0,0.0,0.7539790859517735
3233,b60c0ec16d57413b5,True,,,,,,,,,,1.0,0.0,0.0,1.0,1.0,1.0,0.0,1.0,1.0,0.0
3234,5afefbf1463923c97,True,,,,,,,,,,1.0,1.0,1.0,1.0,0.6344006399135491,1.0,0.0,1.0,1.0,0.7607501999729841
3235,b81b74ab58ca68574,True,,,,,,,,,,1.0,1.0,0.0,1.0,0.7840863446100507,1.0,1.0,0.0,0.0,0.0
3236,42542b30e0e5ff8c7,True,,,,,,,,,,1.0,1.0,1.0,1.0,0.7030410989075384,1.0,1.0,1.0,1.0,0.9072003434086058
3237,36c3a5d31d406a1c2,True,,,,,,,,,,1.0,1.0,1.0,1.0,0.5591095612893667,1.0,1.0,1.0,0.0,0.7372217379029271
3238,34112583ba024c56e,True,,,,,,,,,,0.5,0.0,1.0,1.0,1.0,0.0,1.0,1.0,1.0,0.0
3239,d02ab95331cc7550b,True,,,,,,,,,,1.0,0.0,0.0,1.0,1.0,1.0,0.0,1.0,0.0,0.0
3240,6b7ec09b2f5066af8,True,,,,,,,,,,1.0,1.0,1.0,1.0,0.7306619054637842,1.0,1.0,1.0,1.0,0.9158318454574326
3241,61c5dadb5c926478c,True,,,,,,,,,,0.0,1.0,1.0,1.0,1.0,0.0,0.0,1.0,0.0,0.0
3242,6a1a3e7fd861ab333,True,,,,,,,,,,1.0,0.0,0.5,1.0,1.0,1.0,0.0,1.0,1.0,0.0
3243,456c64c9a6cfefe27,True,,,,,,,,,,1.0,1.0,1.0,1.0,0.49702358083830317,1.0,0.0,1.0,0.0,0.5928198690119697
3244,66d4f1e7e5ab29631,True,,,,,,,,,,0.0,0.0,1.0,1.0,0.8803079460396969,0.0,1.0,1.0,0.0,0.0
3245,987228c8136243451,True,,,,,,,,,,0.0,1.0,0.5,1.0,1.0,0.0,0.0,1.0,1.0,0.0
3246,797abeb7772dd6343,True,,,,,,,,,,1.0,1.0,1.0,1.0,0.6133396548264003,1.0,0.0,1.0,0.0,0.6291686421332501
3247,b3d317372d76fa570,True,,,,,,,,,,1.0,1.0,0.5,1.0,0.0,1.0,0.0,1.0,1.0,0.28125
3248,ab136507f882d8c94,True,,,,,,,,,,1.0,0.0,1.0,1.0,1.0,1.0,1.0,1.0,1.0,0.0
3249,f8ef03363118bcda4,True,,,,,,,,,,1.0,0.0,0.0,1.0,1.0,1.0,0.0,1.0,1.0,0.0
3250,ad467d131723f8e9e,True,,,,,,,,,,1.0,1.0,1.0,1.0,0.9836790948225888,1.0,1.0,0.0,0.0,0.744899717132059
3251,eb6640d34db9e73af,True,,,,,,,,,,1.0,1.0,1.0,1.0,0.35940362954237676,1.0,1.0,1.0,1.0,0.7998136342319928
3252,8c15ca99bf75d7dbe,True,,,,,,,,,,1.0,1.0,1.0,1.0,0.7123292607062828,1.0,0.0,1.0,1.0,0.7851028939707134
3253,b9d6d6e0f1c629518,True,,,,,,,,,,1.0,0.0,0.5,1.0,1.0,1.0,1.0,1.0,1.0,0.0
3254,68f17e6223ed08ff9,True,,,,,,,,,,1.0,0.0,0.5,1.0,1.0,0.0,0.0,1.0,0.0,0.0
3255,fd168a37bcc4550df,True,,,,,,,,,,1.0,1.0,1.0,1.0,0.8880927825633047,1.0,0.0,1.0,1.0,0.8400289945510327
3256,e1a05afadd29c9d52,True,,,,,,,,,,1.0,1.0,1.0,1.0,1.0,1.0,0.0,1.0,1.0,0.875
3257,30ae4fd49fda24627,True,,,,,,,,,,1.0,1.0,1.0,1.0,1.0,1.0,0.0,1.0,1.0,0.875
3258,ab0cda5402469194e,True,,,,,,,,,,0.5,0.0,0.0,1.0,0.9225844343806935,0.0,1.0,1.0,0.0,0.0
3259,3894c9c5592b7db82,True,,,,,,,,,,0.0,1.0,1.0,1.0,1.0,0.0,0.0,1.0,0.0,0.0
3260,dc0cffde6935fbd2b,True,,,,,,,,,,1.0,1.0,1.0,1.0,0.7093970150256557,1.0,1.0,1.0,0.0,0.7841865671955174
3261,ca4906fdbc82a1b29,True,,,,,,,,,,1.0,0.0,1.0,1.0,0.7760258257805492,1.0,1.0,1.0,1.0,0.0
3262,f35c027e64ad46b30,True,,,,,,,,,,1.0,0.0,1.0,1.0,0.6353984220178905,1.0,1.0,1.0,0.0,0.0
3263,9ca4cc4bfc1a7a0a0,True,,,,,,,,,,0.0,0.0,1.0,1.0,1.0,0.0,1.0,0.0,0.0,0.0
3264,e85a39742e3e7ef00,True,,,,,,,,,,1.0,1.0,0.0,1.0,1.0,1.0,0.0,1.0,1.0,0.0
3265,b9b2eb5e7bcdfdb6b,True,,,,,,,,,,1.0,0.0,1.0,1.0,0.4857097206238629,1.0,1.0,1.0,0.0,0.0
3266,3c4a076e3eb21f85e,True,,,,,,,,,,1.0,1.0,0.0,1.0,1.0,1.0,0.0,1.0,1.0,0.0
3267,7474911d349b5a097,True,,,,,,,,,,0.0,1.0,1.0,1.0,1.0,0.0,1.0,1.0,1.0,0.0
3268,493f02989c4ff9aac,True,,,,,,,,,,1.0,1.0,1.0,1.0,0.34485517929263426,1.0,1.0,1.0,1.0,0.7952672435289482
3269,17b20f1abf2c81e8d,True,,,,,,,,,,1.0,1.0,0.5,1.0,0.868260306584657,1.0,1.0,1.0,0.0,0.4169156729038527
3270,f36b1891f8fcc499d,True,,,,,,,,,,1.0,0.0,1.0,1.0,1.0,1.0,1.0,1.0,0.0,0.0
3271,bbf03fd14411cf3b3,True,,,,,,,,,,0.0,1.0,1.0,1.0,1.0,0.0,0.0,1.0,1.0,0.0
3272,a8df9dde6ff732727,True,,,,,,,,,,1.0,1.0,1.0,1.0,1.0,1.0,0.0,1.0,0.0,0.75
3273,1c53209f745ee0b66,True,,,,,,,,,,1.0,1.0,1.0,1.0,0.9342359531202358,1.0,1.0,1.0,1.0,0.9794487353500737
3274,add2dc0d2d9ed03d5,True,,,,,,,,,,0.0,1.0,1.0,1.0,1.0,0.0,0.0,1.0,1.0,0.0
3275,6cc12f84e2df62aee,True,,,,,,,,,,1.0,1.0,1.0,1.0,0.4330923144892197,1.0,0.0,1.0,1.0,0.6978413482778811
3276,9dc9fc49b0eb8dd9c,True,,,,,,,,,,1.0,1.0,0.0,1.0,1.0,1.0,0.0,1.0,1.0,0.0
3277,fb243ec63be645481,True,,,,,,,,,,1.0,1.0,1.0,1.0,0.8079128616753436,1.0,1.0,1.0,1.0,0.9399727692735449
3278,ce4c369affbdefa99,True,,,,,,,,,,1.0,1.0,1.0,1.0,0.6400870452787941,1.0,1.0,1.0,1.0,0.8875272016496232
3279,0f61f35dda061336d,True,,,,,,,,,,1.0,1.0,0.0,1.0,1.0,1.0,0.0,1.0,1.0,0.0
3280,aa6ae8ce4dc53d9af,True,,,,,,,,,,1.0,1.0,1.0,1.0,0.7650156636485663,1.0,1.0,1.0,1.0,0.9265673948901769
3281,1464f6e11d5c8c6d9,True,,,,,,,,,,1.0,1.0,1.0,1.0,0.7781733392801663,1.0,1.0,1.0,1.0,0.930679168525052
3282,6407b45b597b1c340,True,,,,,,,,,,1.0,1.0,1.0,1.0,1.0,1.0,0.0,1.0,0.0,0.75
3283,7db6e4bbd119fd8c7,True,,,,,,,,,,1.0,1.0,1.0,1.0,0.7640618884911274,1.0,0.0,1.0,0.0,0.6762693401534774
3284,a1de70408377fb037,True,,,,,,,,,,1.0,1.0,1.0,1.0,0.7307474146948952,1.0,1.0,1.0,1.0,0.9158585670921547
3285,19b9962d1050c08e3,True,,,,,,,,,,1.0,1.0,1.0,1.0,0.696869339975056,1.0,1.0,1.0,1.0,0.905271668742205
3286,15db590374cc3993a,True,,,,,,,,,,1.0,1.0,1.0,1.0,1.0,1.0,1.0,1.0,0.0,0.875
3287,3c8a99a0db652a225,True,,,,,,,,,,0.0,1.0,1.0,1.0,1.0,0.0,0.0,1.0,1.0,0.0
3288,7cd1093d133170449,True,,,,,,,,,,1.0,0.0,1.0,1.0,1.0,1.0,1.0,1.0,1.0,0.0
3289,7cef24e9f023c00e8,True,,,,,,,,,,0.0,0.0,1.0,1.0,1.0,0.0,1.0,1.0,0.0,0.0
3290,9225b4285de2f81d8,True,,,,,,,,,,1.0,0.0,1.0,1.0,1.0,1.0,1.0,1.0,0.0,0.0
3291,85102a1c7b55bc154,True,,,,,,,,,,1.0,1.0,1.0,1.0,0.7817870572493966,1.0,1.0,1.0,0.0,0.8068084553904364
3292,cc5c74bb358203037,True,,,,,,,,,,1.0,0.0,0.0,1.0,1.0,1.0,0.0,1.0,1.0,0.0
3293,ff2677dc137bcd3f7,True,,,,,,,,,,1.0,1.0,1.0,1.0,0.794461113538532,1.0,1.0,1.0,1.0,0.9357690979807912
3294,3e4706910942fcca4,True,,,,,,,,,,1.0,0.0,0.5,1.0,1.0,1.0,1.0,1.0,0.0,0.0
3295,ca6194714b4b58cfb,True,,,,,,,,,,1.0,1.0,1.0,1.0,1.0,1.0,0.0,1.0,0.0,0.75
3296,f7aca65344c3b8a4b,True,,,,,,,,,,1.0,1.0,1.0,1.0,0.8063492216250251,1.0,1.0,1.0,1.0,0.9394841317578204
3297,c03a37189cd1ca69a,True,,,,,,,,,,0.0,1.0,1.0,1.0,1.0,0.0,0.0,1.0,0.0,0.0
3298,cb2e1dad4d21a5bf1,True,,,,,,,,,,1.0,1.0,0.5,1.0,0.9606365571275963,1.0,0.0,1.0,0.0,0.36884946205118696
3299,6dc61a791e23a0224,True,,,,,,,,,,0.0,1.0,1.0,1.0,1.0,0.0,1.0,1.0,0.0,0.0
3300,17d06ef1ec00f95dc,True,,,,,,,,,,1.0,0.0,0.5,1.0,1.0,1.0,1.0,1.0,1.0,0.0
3301,9c40a73dcfa534ce7,True,,,,,,,,,,1.0,1.0,1.0,1.0,0.8260021711707737,1.0,1.0,1.0,1.0,0.9456256784908668
3302,a0f74d36d2aa52b1f,True,,,,,,,,,,1.0,1.0,1.0,1.0,1.0,1.0,1.0,1.0,0.0,0.875
3303,1bc64f4db46ec4c9f,True,,,,,,,,,,0.0,0.0,0.5,1.0,1.0,1.0,0.0,1.0,0.0,0.0
3304,14afd0e1ef0d94d4d,True,,,,,,,,,,1.0,1.0,1.0,1.0,1.0,1.0,0.0,1.0,1.0,0.875
3305,9b28f2e81fd405453,True,,,,,,,,,,1.0,1.0,1.0,1.0,0.33789351680190105,1.0,1.0,1.0,1.0,0.7930917240005941
3306,672d1f18c743523e4,True,,,,,,,,,,1.0,1.0,1.0,1.0,0.7563835492928294,1.0,0.0,1.0,1.0,0.7988698591540092
3307,7a12897acffda91d2,True,,,,,,,,,,1.0,1.0,0.0,1.0,0.8253510732280357,1.0,0.0,1.0,1.0,0.0
3308,64c4d0aeacb7df063,True,,,,,,,,,,1.0,1.0,1.0,1.0,0.633762342952907,1.0,0.0,1.0,0.0,0.6355507321727835
3309,91927b9cf7456c200,True,,,,,,,,,,1.0,0.0,1.0,1.0,0.8862886764956672,1.0,1.0,1.0,1.0,0.0
3310,8fb9c005a042db260,True,,,,,,,,,,1.0,1.0,1.0,1.0,0.2507334350572427,1.0,0.0,1.0,1.0,0.6408541984553884
3311,db81ab220d6667266,True,,,,,,,,,,0.0,1.0,1.0,1.0,1.0,0.0,0.0,1.0,0.0,0.0
3312,945b57db140235d1c,True,,,,,,,,,,1.0,0.0,1.0,1.0,1.0,1.0,0.0,1.0,1.0,0.0
3313,b2fc06e37171c8dd9,True,,,,,,,,,,1.0,0.0,1.0,1.0,1.0,1.0,1.0,1.0,1.0,0.0
3314,d069a0081ae35d442,True,,,,,,,,,,1.0,0.0,1.0,1.0,0.6306974677618868,1.0,0.0,1.0,1.0,0.0
3315,ec511fbf17452272b,True,,,,,,,,,,1.0,0.0,0.5,1.0,1.0,1.0,0.0,1.0,0.0,0.0
3316,8003dfc9e785aaede,True,,,,,,,,,,0.0,1.0,1.0,1.0,1.0,0.0,0.0,1.0,1.0,0.0
3317,dbf2ff6fc16bf1dbf,True,,,,,,,,,,1.0,1.0,1.0,1.0,0.6446651568533102,1.0,0.0,1.0,0.0,0.6389578615166595
3318,0837e02dbb891dbc9,True,,,,,,,,,,1.0,1.0,1.0,1.0,0.747880838532927,1.0,0.0,1.0,1.0,0.7962127620415397
3319,053a3b165ea7a6cb4,True,,,,,,,,,,0.0,0.0,0.0,1.0,1.0,0.0,0.0,1.0,1.0,0.0
3320,583a61a4880467bf7,True,,,,,,,,,,1.0,1.0,1.0,1.0,0.5193438523253759,1.0,1.0,1.0,1.0,0.84979495385168
3321,10dc3b2e0ce99941a,True,,,,,,,,,,0.5,1.0,1.0,1.0,1.0,0.0,1.0,1.0,1.0,0.34375
3322,76385bcb475cc16b8,True,,,,,,,,,,0.0,1.0,0.0,1.0,1.0,0.0,0.0,0.0,0.0,0.0
3323,367a9fdb29038c66e,True,,,,,,,,,,1.0,1.0,1.0,1.0,0.07364914535469275,1.0,1.0,1.0,1.0,0.7105153579233414
3324,13f2d7e9ace73e420,True,,,,,,,,,,0.0,1.0,1.0,1.0,1.0,0.0,0.0,1.0,1.0,0.0
3325,9453a01b26e5f5079,True,,,,,,,,,,1.0,1.0,1.0,1.0,1.0,1.0,1.0,1.0,0.0,0.875
3326,500c799cf6e33c39e,True,,,,,,,,,,1.0,1.0,1.0,1.0,0.9120721367083063,1.0,1.0,1.0,1.0,0.9725225427213458
3327,1977bcc474e42d28a,True,,,,,,,,,,1.0,1.0,0.0,1.0,1.0,1.0,0.0,1.0,0.0,0.0
3328,36f72d3764ee8b14f,True,,,,,,,,,,1.0,1.0,1.0,1.0,0.1274426777411124,1.0,1.0,1.0,0.0,0.6023258367940976
3329,99dfc5eae6278dfec,True,,,,,,,,,,0.0,1.0,0.0,1.0,0.7378191972438687,0.0,0.0,1.0,1.0,0.0
3330,7db120c56ed98be5a,True,,,,,,,,,,0.0,1.0,1.0,1.0,1.0,0.0,1.0,1.0,0.0,0.0
3331,102c820549ded1872,True,,,,,,,,,,1.0,1.0,0.5,1.0,1.0,1.0,0.0,1.0,0.0,0.375
3332,36c78e1f966d78d1b,True,,,,,,,,,,1.0,1.0,1.0,1.0,0.7061713202046209,1.0,1.0,1.0,1.0,0.9081785375639441
3333,bf934afd68e4b2573,True,,,,,,,,,,1.0,1.0,0.0,1.0,1.0,1.0,0.0,1.0,1.0,0.0
3334,8f284d670d5b623bf,True,,,,,,,,,,1.0,1.0,1.0,1.0,1.0,1.0,1.0,1.0,0.0,0.875
3335,cb891ab8f0c9f0ffc,True,,,,,,,,,,1.0,1.0,1.0,1.0,0.9565860253075247,1.0,0.0,1.0,1.0,0.8614331329086015
3336,cdb80903b75b86325,True,,,,,,,,,,1.0,1.0,1.0,1.0,0.9575833525055232,1.0,1.0,1.0,0.0,0.861744797657976
3337,cd00bd6a4daf5fce4,True,,,,,,,,,,1.0,1.0,1.0,1.0,0.40738835547721064,1.0,0.0,1.0,1.0,0.6898088610866283
3338,8999dafaeeabb1612,True,,,,,,,,,,0.0,1.0,1.0,1.0,1.0,0.0,0.0,1.0,0.0,0.0
3339,7b88d46ce71736357,True,,,,,,,,,,1.0,1.0,0.5,1.0,1.0,1.0,0.0,1.0,1.0,0.4375
3340,2d73739d94bdfb12e,True,,,,,,,,,,0.0,1.0,1.0,1.0,1.0,0.0,0.0,1.0,1.0,0.0
3341,8cb3057d000fc44fc,True,,,,,,,,,,1.0,1.0,1.0,1.0,0.6262674261331606,1.0,1.0,1.0,0.0,0.7582085706666126
3342,252b55b927f05ad09,True,,,,,,,,,,1.0,1.0,1.0,1.0,0.9622834390611775,1.0,1.0,1.0,0.0,0.863213574706618
3343,6f43b1ff7218bc4e6,True,,,,,,,,,,1.0,0.0,1.0,1.0,0.7333085342694083,1.0,1.0,1.0,1.0,0.0
3344,f320cdfa77acffb59,True,,,,,,,,,,1.0,0.0,1.0,1.0,0.7063307093432377,1.0,1.0,1.0,0.0,0.0
3345,9d5d767fac644cae7,True,,,,,,,,,,1.0,0.0,0.0,1.0,1.0,1.0,0.0,1.0,0.0,0.0
3346,f8d618822ef33e7b0,True,,,,,,,,,,1.0,1.0,1.0,1.0,1.0,1.0,1.0,1.0,0.0,0.875
3347,6a3bedd49247610ca,True,,,,,,,,,,1.0,0.0,0.0,1.0,1.0,1.0,0.0,1.0,1.0,0.0
3348,9823414897079697b,True,,,,,,,,,,1.0,1.0,1.0,1.0,0.7705129796980105,1.0,0.0,1.0,0.0,0.6782853061556282
3349,367254bcce7ceee1d,True,,,,,,,,,,1.0,1.0,1.0,1.0,0.846156897167789,0.0,0.0,1.0,1.0,0.5144240303649341
3350,90263fed2b7db0365,True,,,,,,,,,,1.0,1.0,1.0,1.0,0.43742961636018923,1.0,1.0,1.0,1.0,0.8241967551125591
3351,3b57e348407582e72,True,,,,,,,,,,1.0,1.0,0.0,1.0,1.0,1.0,1.0,1.0,0.0,0.0
3352,15755cd0249f8223a,True,,,,,,,,,,0.0,1.0,0.0,1.0,1.0,0.0,0.0,1.0,0.0,0.0
3353,966244bc558d53ef7,True,,,,,,,,,,1.0,1.0,1.0,1.0,0.6133149559809398,1.0,0.0,1.0,0.0,0.6291609237440436
3354,c598788caa8a8109f,True,,,,,,,,,,1.0,0.0,1.0,1.0,0.6281834267899187,1.0,1.0,1.0,0.0,0.0
3355,f5a7ab053fe5143f8,True,,,,,,,,,,0.0,1.0,1.0,1.0,1.0,0.0,0.0,1.0,1.0,0.0
3356,f5751be1c6f840216,True,,,,,,,,,,1.0,0.0,0.0,1.0,1.0,1.0,0.0,1.0,0.0,0.0
3357,3812881ab01c38f32,True,,,,,,,,,,1.0,1.0,1.0,1.0,0.8911768671226616,1.0,1.0,1.0,1.0,0.9659927709758318
3358,e56578b2f08218e36,True,,,,,,,,,,0.5,1.0,1.0,1.0,0.8908593890778289,0.0,0.0,1.0,1.0,0.26419677954341075
3359,67df061cc3bf5fa44,True,,,,,,,,,,1.0,1.0,1.0,1.0,0.920697910930292,1.0,1.0,1.0,0.0,0.8502180971657163
3360,14fb3ae1207501c5b,True,,,,,,,,,,1.0,0.0,1.0,1.0,1.0,1.0,1.0,1.0,0.0,0.0
3361,01123cb3db29c9287,True,,,,,,,,,,0.0,0.0,0.5,1.0,1.0,0.0,0.0,0.0,0.0,0.0
3362,07f73e596a2b2e3ec,True,,,,,,,,,,1.0,1.0,0.0,1.0,0.7245735203140354,1.0,0.0,1.0,1.0,0.0
3363,f8f9337702054ca25,True,,,,,,,,,,1.0,1.0,1.0,1.0,1.0,1.0,0.0,1.0,1.0,0.875
3364,fe96f199e96744aa6,True,,,,,,,,,,1.0,0.0,1.0,1.0,0.45336787409953605,1.0,1.0,1.0,0.0,0.0
3365,86aa1518812acc807,True,,,,,,,,,,1.0,1.0,1.0,1.0,1.0,1.0,1.0,1.0,1.0,1.0
3366,925c86df127c5e5b6,True,,,,,,,,,,1.0,1.0,1.0,1.0,1.0,1.0,1.0,1.0,0.0,0.875
3367,69e3a503f78a651d2,True,,,,,,,,,,1.0,1.0,1.0,1.0,1.0,1.0,1.0,1.0,0.0,0.875
3368,78d4cffc4aa085aab,True,,,,,,,,,,1.0,1.0,1.0,1.0,1.0,1.0,1.0,1.0,0.0,0.875
3369,0589a66493d098e9d,True,,,,,,,,,,1.0,1.0,1.0,1.0,0.7193251216828415,1.0,1.0,1.0,1.0,0.912289100525888
3370,f21a1d0c82db2ce84,True,,,,,,,,,,1.0,1.0,0.5,1.0,1.0,1.0,0.0,1.0,0.0,0.375
3371,7bcbb548162ed8dbb,True,,,,,,,,,,1.0,1.0,1.0,1.0,0.7699717284771507,1.0,1.0,1.0,1.0,0.9281161651491096
3372,d6f75a03673049ff0,True,,,,,,,,,,1.0,0.0,0.0,1.0,0.7979947500539789,1.0,0.0,1.0,0.0,0.0
3373,5f47a3fc517f4ab93,True,,,,,,,,,,1.0,1.0,1.0,1.0,1.0,1.0,1.0,1.0,0.0,0.875
3374,67f4ac3e85d08fa8a,True,,,,,,,,,,1.0,1.0,1.0,1.0,0.8407833584676822,1.0,1.0,1.0,1.0,0.9502447995211507
3375,e7d365382ac482e2f,True,,,,,,,,,,0.0,1.0,1.0,1.0,1.0,0.0,1.0,1.0,0.0,0.0
3376,86dc24585f29d4c87,True,,,,,,,,,,1.0,1.0,1.0,1.0,0.7645976356623508,1.0,1.0,1.0,1.0,0.9264367611444846
3377,f74297ce90b621563,True,,,,,,,,,,1.0,0.0,1.0,1.0,0.7244628028589634,1.0,0.0,1.0,0.0,0.0
3378,df49c73fde01293e8,True,,,,,,,,,,0.0,1.0,1.0,1.0,1.0,0.0,1.0,1.0,0.0,0.0
3379,eeae7aeaf248f7830,True,,,,,,,,,,1.0,1.0,0.0,1.0,1.0,1.0,0.0,1.0,0.0,0.0
3380,74112fd9ef3478d34,True,,,,,,,,,,1.0,0.0,1.0,1.0,1.0,1.0,1.0,1.0,1.0,0.0
3381,eddb07c8294cf8efd,True,,,,,,,,,,1.0,1.0,1.0,1.0,1.0,1.0,1.0,1.0,1.0,1.0
3382,fd56100f9058b46fa,True,,,,,,,,,,1.0,1.0,0.5,1.0,1.0,1.0,0.0,1.0,1.0,0.4375
3383,0b09e2367441527e4,True,,,,,,,,,,0.0,1.0,1.0,1.0,1.0,0.0,1.0,1.0,0.0,0.0
3384,af4ad524dc8b94ef1,True,,,,,,,,,,0.0,0.0,0.0,1.0,1.0,0.0,0.0,1.0,0.0,0.0
3385,778099fc6283d21e0,True,,,,,,,,,,1.0,0.0,1.0,1.0,0.5362868929563961,1.0,1.0,1.0,1.0,0.0
3386,e472efc62c061addf,True,,,,,,,,,,1.0,0.0,1.0,1.0,0.31109725984055453,1.0,1.0,1.0,0.0,0.0
3387,693313e8d44aa5fd8,True,,,,,,,,,,1.0,1.0,1.0,1.0,0.8184909587575813,1.0,1.0,1.0,1.0,0.9432784246117442
3388,8499ef24e45dc8fa6,True,,,,,,,,,,1.0,1.0,0.0,1.0,1.0,1.0,0.0,1.0,1.0,0.0
3389,83643b4c5add93044,True,,,,,,,,,,1.0,1.0,1.0,1.0,0.36733124299135445,1.0,1.0,1.0,0.0,0.6772910134347983
3390,370b6a02f85908e66,True,,,,,,,,,,1.0,1.0,1.0,1.0,0.9566797128305379,1.0,0.0,0.0,1.0,0.7364624102595431
3391,ce572306b1a6a0b96,True,,,,,,,,,,1.0,1.0,0.5,1.0,1.0,1.0,0.0,1.0,1.0,0.4375
3392,9606e967ad3c59ad3,True,,,,,,,,,,1.0,1.0,1.0,1.0,1.0,1.0,1.0,1.0,0.0,0.875
3393,7dc342f8c0d3f169b,True,,,,,,,,,,1.0,0.0,0.5,1.0,1.0,1.0,0.0,1.0,0.0,0.0
3394,b8adc6e76a36fd705,True,,,,,,,,,,1.0,1.0,0.0,1.0,0.791202445971516,1.0,0.0,1.0,0.0,0.0
3395,7cdfa18002444c694,True,,,,,,,,,,1.0,0.0,1.0,1.0,1.0,1.0,0.0,1.0,1.0,0.0
3396,8134b9f604787b2c1,True,,,,,,,,,,1.0,1.0,0.0,1.0,0.7661200484353634,1.0,0.0,1.0,1.0,0.0
3397,1e90f84f7e7bca603,True,,,,,,,,,,1.0,0.0,0.5,1.0,1.0,1.0,1.0,1.0,0.0,0.0
3398,6139b967f50241e4f,True,,,,,,,,,,1.0,1.0,0.5,1.0,0.45598986815211395,1.0,0.0,1.0,1.0,0.3524984168987678
3399,0f677bebd5ee6c831,True,,,,,,,,,,1.0,1.0,0.0,1.0,0.7373068664632423,1.0,0.0,1.0,1.0,0.0
3400,4fa2e904e6a4504ba,True,,,,,,,,,,1.0,0.0,0.5,1.0,1.0,1.0,0.0,1.0,0.0,0.0
3401,382721ffdbe71cadc,True,,,,,,,,,,1.0,1.0,1.0,1.0,1.0,1.0,1.0,1.0,1.0,1.0
3402,a6f5d379f32e1dd9a,True,,,,,,,,,,1.0,1.0,1.0,1.0,0.7316367035241713,1.0,1.0,1.0,1.0,0.9161364698513035
3403,0327a1d58fc2a7c5d,True,,,,,,,,,,1.0,0.0,1.0,1.0,0.9126880541428705,1.0,1.0,1.0,1.0,0.0
3404,27f023bf8333f5410,True,,,,,,,,,,1.0,1.0,1.0,1.0,0.41913459923362273,1.0,1.0,1.0,0.0,0.6934795622605071
3405,87c8724fcdc627dae,True,,,,,,,,,,1.0,1.0,1.0,1.0,0.47603562170906694,1.0,1.0,1.0,0.0,0.7112611317840835
3406,507ff750eaaf02bd0,True,,,,,,,,,,1.0,0.0,1.0,1.0,0.9027504668352409,1.0,1.0,1.0,1.0,0.0
3407,2359c99d75ecbdfaa,True,,,,,,,,,,1.0,1.0,1.0,1.0,0.5617791791232911,1.0,1.0,1.0,1.0,0.8630559934760285
3408,88d4924ebb1940ca0,True,,,,,,,,,,0.0,0.0,1.0,1.0,1.0,0.0,1.0,1.0,1.0,0.0
3409,3c2d7205574952616,True,,,,,,,,,,0.0,1.0,1.0,1.0,1.0,0.0,0.0,1.0,1.0,0.0
3410,c5c884265f0a69c51,True,,,,,,,,,,1.0,1.0,1.0,1.0,0.7960083086526204,1.0,0.0,1.0,0.0,0.6862525964539439
3411,3dec28d29ac4ec705,True,,,,,,,,,,0.0,1.0,1.0,1.0,1.0,0.0,1.0,1.0,0.0,0.0
3412,5453eaf707e343346,True,,,,,,,,,,1.0,1.0,1.0,1.0,1.0,1.0,1.0,1.0,0.0,0.875
3413,1b3fd5e7993de38c0,True,,,,,,,,,,1.0,1.0,1.0,1.0,0.5961630014299508,1.0,1.0,1.0,1.0,0.8738009379468596
3414,1ddeaca2c3ce651e2,True,,,,,,,,,,1.0,0.0,1.0,1.0,0.8658789301747214,1.0,1.0,1.0,1.0,0.0
3415,95f0d6c3b4018f122,True,,,,,,,,,,1.0,0.0,1.0,1.0,1.0,1.0,1.0,1.0,0.0,0.0
3416,5b491d7bff86c3e61,True,,,,,,,,,,1.0,0.0,1.0,1.0,0.7950338934694335,1.0,1.0,1.0,0.0,0.0
3417,7d17bb3bdf0937570,True,,,,,,,,,,1.0,1.0,1.0,1.0,0.9832764319866324,1.0,1.0,1.0,0.0,0.8697738849958226
3418,6c19dab64235f6915,True,,,,,,,,,,1.0,0.0,1.0,1.0,0.5786097874743709,1.0,1.0,1.0,0.0,0.0
3419,04636d07d342e54cd,True,,,,,,,,,,1.0,0.0,1.0,1.0,0.7526684611908129,1.0,1.0,1.0,1.0,0.0
3420,2a1dc6975af402aa9,True,,,,,,,,,,1.0,1.0,1.0,1.0,0.5686946032796444,1.0,0.0,1.0,1.0,0.7402170635248888
3421,b75d157a5ca10b698,True,,,,,,,,,,1.0,1.0,1.0,1.0,0.6847738005976011,1.0,1.0,1.0,0.0,0.7764918126867504
3422,86a97d3341cc8c198,True,,,,,,,,,,1.0,1.0,0.0,1.0,1.0,1.0,0.0,1.0,0.0,0.0
3423,7f0f949c3d0d9fe1f,True,,,,,,,,,,1.0,1.0,1.0,1.0,1.0,1.0,0.0,1.0,1.0,0.875
3424,7e80b831e8ff5883f,True,,,,,,,,,,1.0,0.0,0.0,1.0,1.0,1.0,0.0,1.0,1.0,0.0
3425,35a201132842b0275,True,,,,,,,,,,1.0,1.0,0.5,1.0,0.7773677526394899,1.0,0.0,1.0,1.0,0.4027137113499203
3426,462336a687ff62978,True,,,,,,,,,,1.0,1.0,1.0,1.0,1.0,1.0,0.0,1.0,1.0,0.875
3427,01e51bacf68548cab,True,,,,,,,,,,0.0,1.0,1.0,1.0,1.0,0.0,0.0,1.0,1.0,0.0
3428,25c21cb66208cb6c6,True,,,,,,,,,,1.0,0.0,1.0,1.0,1.0,1.0,0.0,1.0,1.0,0.0
3429,2efb8ce9a842354c8,True,,,,,,,,,,1.0,1.0,1.0,1.0,0.7481489149072887,1.0,1.0,1.0,0.0,0.7962965359085277
3430,257ea63714e4b9db0,True,,,,,,,,,,1.0,1.0,1.0,1.0,0.5858834555944747,1.0,1.0,1.0,1.0,0.8705885798732733
3431,24474e28c524b8a8a,True,,,,,,,,,,1.0,0.0,1.0,1.0,1.0,1.0,0.0,1.0,1.0,0.0
3432,09f2c709af42130ee,True,,,,,,,,,,1.0,1.0,1.0,1.0,0.8957671864656718,1.0,0.0,1.0,1.0,0.8424272457705224
3433,d748c74cc9549b8fe,True,,,,,,,,,,1.0,1.0,1.0,1.0,1.0,1.0,1.0,1.0,0.0,0.875
3434,3888d194819d19b6e,True,,,,,,,,,,0.0,0.0,0.0,1.0,1.0,0.0,0.0,1.0,0.0,0.0
3435,2532060dd97ed7c45,True,,,,,,,,,,1.0,1.0,1.0,1.0,1.0,1.0,0.0,1.0,1.0,0.875
3436,4929156d96635caed,True,,,,,,,,,,1.0,1.0,1.0,1.0,1.0,1.0,0.0,1.0,1.0,0.875
3437,cdc8eba66ee1c79b4,True,,,,,,,,,,1.0,1.0,1.0,0.0,1.0,1.0,1.0,1.0,1.0,0.0
3438,01a7cf70d70d2fa61,True,,,,,,,,,,1.0,1.0,1.0,1.0,0.7347055021687592,1.0,0.0,1.0,0.0,0.6670954694277372
3439,3b9a4be29bdd2c8ae,True,,,,,,,,,,1.0,1.0,1.0,1.0,0.8947217944806254,1.0,0.0,1.0,1.0,0.8421005607751955
3440,add057f5877074b22,True,,,,,,,,,,1.0,0.0,1.0,1.0,1.0,1.0,0.0,1.0,1.0,0.0
3441,36a0cef1b153a4f11,True,,,,,,,,,,1.0,1.0,0.5,1.0,1.0,1.0,1.0,1.0,0.0,0.4375
3442,1f5d0fc347f539ce3,True,,,,,,,,,,0.0,0.0,0.0,1.0,1.0,0.0,0.0,1.0,0.0,0.0
3443,1bd9daba7d7d502b0,True,,,,,,,,,,1.0,1.0,1.0,1.0,0.7828323993603323,1.0,1.0,1.0,0.0,0.8071351248001039
3444,caa48a6115952f402,True,,,,,,,,,,1.0,0.0,1.0,1.0,1.0,1.0,0.0,1.0,0.0,0.0
3445,07ec0b134ef32ae77,True,,,,,,,,,,1.0,1.0,1.0,1.0,0.8688679337109916,1.0,1.0,1.0,1.0,0.9590212292846849
3446,1a06b94eb28c15802,True,,,,,,,,,,0.5,1.0,1.0,1.0,1.0,0.0,0.0,1.0,1.0,0.28125
3447,8d47793d9ca1f6778,True,,,,,,,,,,1.0,1.0,1.0,1.0,1.0,1.0,1.0,1.0,1.0,1.0
3448,94fe185f4d4ccc501,True,,,,,,,,,,1.0,1.0,1.0,1.0,0.6242477658793428,1.0,1.0,1.0,1.0,0.8825774268372946
3449,cbfd9eec69d28b38b,True,,,,,,,,,,1.0,1.0,1.0,1.0,0.796497687543295,1.0,1.0,1.0,1.0,0.9364055273572797
3450,e7a9f463ef537b333,True,,,,,,,,,,1.0,0.0,1.0,1.0,1.0,1.0,1.0,1.0,1.0,0.0
3451,10b2a2e4969e65b18,True,,,,,,,,,,1.0,0.0,1.0,1.0,0.7631468447048623,1.0,1.0,1.0,1.0,0.0
3452,4df02e870186ea610,True,,,,,,,,,,1.0,1.0,1.0,1.0,0.582243773658426,1.0,0.0,1.0,1.0,0.7444511792682581
3453,67f2162f2fa5e2d76,True,,,,,,,,,,1.0,1.0,1.0,1.0,0.7615611884893272,1.0,1.0,1.0,0.0,0.8004878714029148
3454,230446b36041db9de,True,,,,,,,,,,0.0,1.0,1.0,1.0,1.0,0.0,0.0,1.0,1.0,0.0
3455,87f8776a408095eee,True,,,,,,,,,,1.0,1.0,1.0,1.0,0.5889719668558906,1.0,1.0,1.0,1.0,0.8715537396424657
3456,67580f8a1bb721dcf,True,,,,,,,,,,1.0,1.0,1.0,1.0,0.6634612440359293,1.0,1.0,1.0,1.0,0.8948316387612278
3457,a67f897e584962db9,True,,,,,,,,,,1.0,1.0,0.5,1.0,1.0,1.0,0.0,1.0,0.0,0.375
3458,61fd1e677d1c01a32,True,,,,,,,,,,0.5,0.0,0.0,1.0,1.0,0.0,0.0,1.0,1.0,0.0
3459,3108d12aec681dcb0,True,,,,,,,,,,1.0,1.0,1.0,1.0,0.5863512245612854,1.0,0.0,1.0,0.0,0.6207347576754016
3460,ece6eaee0991a44ed,True,,,,,,,,,,1.0,1.0,0.0,1.0,1.0,1.0,0.0,1.0,1.0,0.0
3461,2da7f9d5b6d7592f7,True,,,,,,,,,,1.0,1.0,1.0,1.0,0.8284185418217882,1.0,0.0,1.0,1.0,0.8213807943193088
3462,e1ddf841fc0409636,True,,,,,,,,,,1.0,1.0,1.0,1.0,0.567189633407817,1.0,1.0,1.0,0.0,0.7397467604399428
3463,c41d6466acee52a7f,True,,,,,,,,,,1.0,1.0,1.0,1.0,1.0,1.0,0.0,1.0,0.0,0.75
3464,f1ba8705833975e6b,True,,,,,,,,,,0.0,1.0,1.0,1.0,1.0,0.0,1.0,1.0,1.0,0.0
3465,0f4373d1811c9ca90,True,,,,,,,,,,1.0,1.0,1.0,1.0,0.8224582168814994,1.0,1.0,0.0,0.0,0.6945181927754686
3466,c5555e6107565ea71,True,,,,,,,,,,1.0,1.0,1.0,1.0,0.6071246759469257,1.0,0.0,1.0,1.0,0.7522264612334143
3467,644712e1f5b51074a,True,,,,,,,,,,1.0,0.0,1.0,1.0,0.7802512843661309,1.0,0.0,1.0,1.0,0.0
3468,155dbb3e9624d499e,True,,,,,,,,,,0.0,0.0,1.0,1.0,0.601340441226483,0.0,0.0,1.0,1.0,0.0
3469,74ccd6443745d7a0a,True,,,,,,,,,,0.0,1.0,1.0,1.0,1.0,0.0,0.0,1.0,1.0,0.0
3470,96a1227ca8539a33e,True,,,,,,,,,,1.0,1.0,1.0,1.0,0.7570613796536008,1.0,1.0,1.0,1.0,0.9240816811417503
3471,9add3630e04fe7c41,True,,,,,,,,,,1.0,0.0,1.0,1.0,1.0,0.0,1.0,1.0,1.0,0.0
3472,cc7eeb6ef4e923a61,True,,,,,,,,,,1.0,1.0,0.0,1.0,1.0,1.0,0.0,1.0,1.0,0.0
3473,bd60a921930373e9e,True,,,,,,,,,,0.5,0.0,1.0,1.0,0.795032365398135,0.0,0.0,1.0,1.0,0.0
3474,ca9875b6ae5e08eed,True,,,,,,,,,,1.0,1.0,1.0,1.0,1.0,1.0,0.0,1.0,0.0,0.75
3475,43a6dc7b51c8d9d06,True,,,,,,,,,,1.0,1.0,1.0,1.0,0.970166848869598,1.0,1.0,1.0,0.0,0.8656771402717494
3476,6dc215cf4dcd911e3,True,,,,,,,,,,1.0,1.0,1.0,1.0,1.0,1.0,1.0,1.0,0.0,0.875
3477,3ea710ad8425a9566,True,,,,,,,,,,1.0,0.0,0.5,1.0,0.7716023053806489,1.0,0.0,1.0,0.0,0.0
3478,99c29f3c8b69eab4e,True,,,,,,,,,,1.0,1.0,1.0,1.0,0.3822395506955312,1.0,0.0,1.0,1.0,0.6819498595923534
3479,756e98a2a3d823c33,True,,,,,,,,,,1.0,1.0,1.0,1.0,1.0,1.0,0.0,1.0,1.0,0.875
3480,df67b662b2c444fa9,True,,,,,,,,,,1.0,1.0,1.0,1.0,0.8847486654236595,1.0,1.0,1.0,0.0,0.8389839579448937
3481,b94f2a8ed48de97e9,True,,,,,,,,,,1.0,1.0,1.0,1.0,0.7532901434321043,1.0,0.0,1.0,1.0,0.7979031698225326
3482,c40c7b11924becb1b,True,,,,,,,,,,0.0,1.0,1.0,1.0,1.0,0.0,1.0,1.0,1.0,0.0
3483,88fd88a24f2995978,True,,,,,,,,,,0.0,1.0,1.0,1.0,1.0,0.0,1.0,0.0,0.0,0.0
3484,3fa63924a53aacc9a,True,,,,,,,,,,1.0,1.0,1.0,1.0,0.4592525758562062,1.0,1.0,1.0,1.0,0.8310164299550644
3485,947f38ffbc0854bac,True,,,,,,,,,,1.0,1.0,1.0,1.0,1.0,1.0,1.0,1.0,1.0,1.0
3486,bc9c6d13fa066c8ed,True,,,,,,,,,,1.0,0.0,1.0,1.0,0.8879861467810178,1.0,1.0,1.0,1.0,0.0
3487,3eff742f795344f8e,True,,,,,,,,,,1.0,0.0,1.0,1.0,0.0,1.0,0.0,1.0,1.0,0.0
3488,e2a9d0b71a44f5df6,True,,,,,,,,,,1.0,1.0,1.0,1.0,0.5599988319044823,1.0,0.0,1.0,1.0,0.7374996349701507
3489,a1fc0c3eb1ef15aba,True,,,,,,,,,,0.0,1.0,0.5,1.0,1.0,0.0,0.0,1.0,0.0,0.0
3490,d18a444ba754870e9,True,,,,,,,,,,1.0,1.0,0.0,1.0,1.0,1.0,0.0,1.0,0.0,0.0
3491,4287573d9633c7d2c,True,,,,,,,,,,1.0,1.0,1.0,1.0,0.8117347067315464,1.0,0.0,1.0,1.0,0.8161670958536082
3492,a43ef1df0d28a30db,True,,,,,,,,,,0.0,1.0,1.0,1.0,1.0,0.0,0.0,1.0,1.0,0.0
3493,1106accd2b5707701,True,,,,,,,,,,0.0,1.0,1.0,1.0,1.0,0.0,0.0,1.0,1.0,0.0
3494,7036ba346c7d2824b,True,,,,,,,,,,1.0,1.0,0.5,1.0,1.0,1.0,0.0,1.0,1.0,0.4375
3495,32f66fdb48e988c92,True,,,,,,,,,,1.0,1.0,1.0,1.0,1.0,1.0,0.0,1.0,0.0,0.75
3496,6fad2bc43e18270d8,True,,,,,,,,,,1.0,0.0,1.0,1.0,0.8371519098874216,1.0,1.0,1.0,1.0,0.0
3497,c25da0ddaa99c1dd9,True,,,,,,,,,,0.0,0.0,1.0,1.0,1.0,0.0,1.0,1.0,1.0,0.0
3498,cc8fe959edbcbe076,True,,,,,,,,,,0.0,1.0,1.0,1.0,1.0,0.0,0.0,1.0,0.0,0.0
3499,bd89af5e343d69421,True,,,,,,,,,,1.0,1.0,1.0,1.0,0.720076989147873,1.0,0.0,1.0,1.0,0.7875240591087103
3500,02d2d3d4304682d94,True,,,,,,,,,,1.0,1.0,1.0,1.0,0.8825391379694618,1.0,1.0,1.0,0.0,0.8382934806154568
3501,c1b9b8e570da075bf,True,,,,,,,,,,1.0,1.0,1.0,1.0,1.0,1.0,1.0,1.0,1.0,1.0
3502,aebf91cab56134486,True,,,,,,,,,,1.0,1.0,0.5,1.0,0.6444404919875568,1.0,0.0,1.0,1.0,0.3819438268730557
3503,344138bb06fa0b513,True,,,,,,,,,,1.0,0.0,1.0,1.0,1.0,1.0,0.0,1.0,1.0,0.0
3504,c82d37b03fda156aa,True,,,,,,,,,,1.0,1.0,0.0,1.0,0.8061883549945673,1.0,0.0,1.0,1.0,0.0
3505,d9229c0f61c8ff48a,True,,,,,,,,,,1.0,1.0,1.0,1.0,1.0,1.0,1.0,1.0,0.0,0.875
3506,5cf2681114e11d9c7,True,,,,,,,,,,0.0,1.0,1.0,1.0,1.0,0.0,1.0,1.0,1.0,0.0
3507,a4e2233cf54403d43,True,,,,,,,,,,1.0,1.0,1.0,1.0,0.9219321051970417,1.0,1.0,1.0,0.0,0.8506037828740756
3508,71ad6b3fd5d476975,True,,,,,,,,,,1.0,0.0,1.0,1.0,1.0,1.0,0.0,1.0,1.0,0.0
3509,0eef4e705a397f8df,True,,,,,,,,,,1.0,1.0,1.0,1.0,0.7473850515575738,1.0,0.0,1.0,1.0,0.7960578286117418
3510,6f6d638ab426ccd16,True,,,,,,,,,,1.0,1.0,0.5,1.0,0.9212786480216415,1.0,0.0,1.0,1.0,0.4251997887533815
3511,4b48232c28699eff0,True,,,,,,,,,,0.0,1.0,1.0,1.0,1.0,0.0,1.0,1.0,0.0,0.0
3512,6e1ecc74646f12ab1,True,,,,,,,,,,1.0,1.0,0.0,1.0,1.0,1.0,0.0,1.0,1.0,0.0
3513,9895d084a0042fff3,True,,,,,,,,,,1.0,1.0,1.0,1.0,0.5882469749190405,1.0,1.0,1.0,0.0,0.7463271796622002
3514,00c31cdc6c3be2b28,True,,,,,,,,,,1.0,1.0,1.0,1.0,0.9678679642945974,1.0,1.0,0.0,0.0,0.7399587388420616
3515,4fd56da0ff5065a4d,True,,,,,,,,,,1.0,1.0,1.0,1.0,0.7938309418387623,1.0,1.0,1.0,1.0,0.9355721693246133
3516,83d03d52f14fe2aba,True,,,,,,,,,,1.0,0.0,1.0,1.0,0.551165852733817,1.0,1.0,1.0,1.0,0.0
3517,07d601991746bbf45,True,,,,,,,,,,0.0,1.0,0.5,1.0,1.0,0.0,0.0,1.0,1.0,0.0
3518,49d2336208d2cac37,True,,,,,,,,,,1.0,0.0,0.0,1.0,0.9233611092004436,1.0,0.0,1.0,1.0,0.0
3519,bf16a1467ed27acf5,True,,,,,,,,,,0.0,1.0,1.0,1.0,1.0,0.0,1.0,1.0,0.0,0.0
3520,e1654044aa2aa4003,True,,,,,,,,,,1.0,0.0,1.0,1.0,0.8018342206104252,1.0,0.0,0.0,1.0,0.0
3521,a36a2aecb6e0cc295,True,,,,,,,,,,1.0,1.0,1.0,1.0,0.9806534974375738,1.0,0.0,1.0,1.0,0.8689542179492418
3522,56873aea1946dc836,True,,,,,,,,,,1.0,1.0,1.0,1.0,0.9514105228351979,1.0,1.0,1.0,0.0,0.8598157883859994
3523,752a0e5be19b82b59,True,,,,,,,,,,0.0,1.0,1.0,1.0,1.0,0.0,0.0,1.0,1.0,0.0
3524,757cbf6c460160db5,True,,,,,,,,,,0.0,1.0,0.5,1.0,1.0,0.0,1.0,1.0,1.0,0.0
3525,df257ceb4f8312a9b,True,,,,,,,,,,0.0,1.0,0.0,1.0,1.0,0.0,0.0,1.0,1.0,0.0
3526,80b51199c992e8e79,True,,,,,,,,,,1.0,0.0,1.0,1.0,0.746763428915708,1.0,1.0,1.0,0.0,0.0
3527,f7c257dc15f6031fb,True,,,,,,,,,,1.0,1.0,0.0,1.0,0.908774848481202,1.0,0.0,1.0,1.0,0.0
3528,de50c5684cbb85a60,True,,,,,,,,,,1.0,0.0,0.0,1.0,0.6457066079583567,1.0,0.0,1.0,0.0,0.0
3529,c71bdecb4c4eb5848,True,,,,,,,,,,1.0,1.0,0.5,1.0,0.5961583826652749,1.0,0.0,1.0,1.0,0.3743997472914492
3530,3d8397f4fcf5d9ec3,True,,,,,,,,,,1.0,1.0,1.0,1.0,0.7810012508384603,1.0,0.0,1.0,1.0,0.8065628908870188
3531,99304f2615a52fab7,True,,,,,,,,,,1.0,1.0,0.5,1.0,1.0,1.0,0.0,1.0,1.0,0.4375
3532,6eed9aba87a865c93,True,,,,,,,,,,1.0,1.0,1.0,1.0,1.0,1.0,0.0,1.0,1.0,0.875
3533,1f06c169ad7123eab,True,,,,,,,,,,1.0,1.0,1.0,1.0,1.0,0.0,0.0,1.0,0.0,0.4375
3534,5ccf2f32443625c2f,True,,,,,,,,,,0.0,1.0,1.0,1.0,1.0,0.0,1.0,1.0,1.0,0.0
3535,3b0eafa0ee94a00a4,True,,,,,,,,,,1.0,1.0,0.5,1.0,1.0,1.0,0.0,1.0,1.0,0.4375
3536,1b742b73235363011,True,,,,,,,,,,1.0,1.0,1.0,0.0,1.0,1.0,1.0,1.0,1.0,0.0
3537,4e5923e8ca30416d1,True,,,,,,,,,,1.0,1.0,1.0,1.0,0.740311571965555,1.0,1.0,1.0,0.0,0.7938473662392359
3538,7c2d2abd001548d86,True,,,,,,,,,,1.0,1.0,0.0,1.0,1.0,1.0,0.0,1.0,1.0,0.0
3539,74fbb7c806207e386,True,,,,,,,,,,1.0,1.0,1.0,1.0,0.3888500762335603,1.0,1.0,1.0,0.0,0.6840156488229876
3540,083ca0b9e4853254e,True,,,,,,,,,,1.0,0.0,1.0,1.0,1.0,1.0,0.0,1.0,0.0,0.0
3541,b55de67890f581798,True,,,,,,,,,,1.0,1.0,1.0,1.0,0.40474718235214047,1.0,1.0,1.0,1.0,0.8139834944850439
3542,1088e54d61d6c1c1a,True,,,,,,,,,,1.0,0.0,1.0,1.0,0.800504918549167,1.0,1.0,1.0,1.0,0.0
3543,9bdc2e6f73aad36a5,True,,,,,,,,,,1.0,1.0,1.0,1.0,0.657367329243059,1.0,1.0,1.0,1.0,0.892927290388456
3544,15c7d65066442dddd,True,,,,,,,,,,0.5,0.0,0.5,1.0,1.0,0.0,0.0,1.0,0.0,0.0
3545,51382084e8c016080,True,,,,,,,,,,1.0,1.0,0.0,1.0,0.7497226255432055,1.0,0.0,1.0,1.0,0.0
3546,9c9df3f60654177e5,True,,,,,,,,,,1.0,0.0,1.0,1.0,0.32425087912355244,1.0,1.0,1.0,0.0,0.0
3547,4e6f3caac62c57abb,True,,,,,,,,,,1.0,1.0,1.0,1.0,0.7779072102056115,0.0,0.0,1.0,1.0,0.4930960031892536
3548,85f94ff5a637ec2d5,True,,,,,,,,,,1.0,0.0,0.0,1.0,1.0,1.0,0.0,1.0,1.0,0.0
3549,aa6a0de76f6f09404,True,,,,,,,,,,1.0,0.0,0.5,1.0,1.0,1.0,0.0,0.0,0.0,0.0
3550,537f7c58a5c39bec7,True,,,,,,,,,,1.0,1.0,1.0,1.0,0.8420242124035853,1.0,0.0,1.0,1.0,0.8256325663761204
3551,b1606575e4b94f15c,True,,,,,,,,,,1.0,1.0,1.0,1.0,0.8959250455972245,1.0,1.0,1.0,1.0,0.9674765767491327
3552,9e892c78dc283445e,True,,,,,,,,,,1.0,1.0,1.0,1.0,1.0,1.0,1.0,1.0,0.0,0.875
3553,280a9911bfe1f941e,True,,,,,,,,,,0.0,0.0,1.0,1.0,0.698562957566927,1.0,1.0,1.0,1.0,0.0
3554,8162ca210af0620b8,True,,,,,,,,,,1.0,1.0,0.5,1.0,0.9389491147414037,1.0,0.0,1.0,1.0,0.42796079917834434
3555,a0b761c6ddf3b5b92,True,,,,,,,,,,1.0,1.0,0.5,1.0,0.65340654822387,1.0,0.0,1.0,0.0,0.3208447731599797
3556,e18bfb53190f46707,True,,,,,,,,,,1.0,1.0,1.0,1.0,0.8664534828719958,1.0,1.0,1.0,0.0,0.8332667133974987
3557,a60992b05822c13e5,True,,,,,,,,,,1.0,1.0,1.0,1.0,0.972217020972886,1.0,0.0,1.0,1.0,0.8663178190540268
3558,01f31009879396921,True,,,,,,,,,,1.0,0.0,1.0,1.0,0.8753863856137301,1.0,1.0,1.0,0.0,0.0
3559,20a8cbfef6940983b,True,,,,,,,,,,1.0,0.0,1.0,1.0,0.7261634060456225,1.0,1.0,1.0,1.0,0.0
3560,f6eee6000df177477,True,,,,,,,,,,1.0,0.0,1.0,1.0,1.0,1.0,0.0,1.0,1.0,0.0
3561,51438ce1bf4a62b2e,True,,,,,,,,,,1.0,1.0,1.0,1.0,0.6967109561401317,1.0,1.0,1.0,1.0,0.9052221737937911
3562,4855fc07a04961bfd,True,,,,,,,,,,0.0,1.0,1.0,0.0,1.0,0.0,0.0,1.0,1.0,0.0
3563,7e105472ccbc51b6a,True,,,,,,,,,,0.0,1.0,1.0,1.0,1.0,0.0,0.0,1.0,0.0,0.0
3564,078d13ba093831831,True,,,,,,,,,,1.0,1.0,1.0,1.0,1.0,1.0,1.0,1.0,0.0,0.875
3565,18baf55921621bf61,True,,,,,,,,,,1.0,1.0,1.0,0.0,1.0,1.0,1.0,1.0,0.0,0.0
3566,cf70e8986954b642f,True,,,,,,,,,,1.0,1.0,0.0,1.0,1.0,1.0,0.0,1.0,1.0,0.0
3567,1ad3760588008efe5,True,,,,,,,,,,1.0,1.0,1.0,1.0,1.0,1.0,0.0,1.0,1.0,0.875
3568,4f381652c85aeb8b4,True,,,,,,,,,,1.0,1.0,1.0,1.0,0.45030898225561583,1.0,1.0,1.0,0.0,0.70322155695488
3569,5d5440db427d5f265,True,,,,,,,,,,0.0,0.0,1.0,1.0,1.0,1.0,1.0,1.0,0.0,0.0
3570,8bc78c84321c37423,True,,,,,,,,,,0.0,0.0,1.0,1.0,0.8228919890245393,0.0,1.0,1.0,0.0,0.0
3571,6e6153a1da30b26bd,True,,,,,,,,,,1.0,1.0,1.0,1.0,0.0,1.0,1.0,1.0,0.0,0.5625
3572,e544f94267510bde0,True,,,,,,,,,,1.0,0.0,1.0,1.0,1.0,1.0,0.0,1.0,0.0,0.0
3573,58f91f82a3c230e1e,True,,,,,,,,,,0.5,1.0,0.0,1.0,1.0,0.0,0.0,1.0,0.0,0.0
3574,ab09d2e92f141236c,True,,,,,,,,,,0.0,0.0,0.0,1.0,1.0,0.0,0.0,1.0,1.0,0.0
3575,dbde88bcc1367bd88,True,,,,,,,,,,1.0,1.0,1.0,1.0,1.0,1.0,1.0,1.0,0.0,0.875
3576,fe3af476ce56a1283,True,,,,,,,,,,1.0,1.0,1.0,1.0,0.6525614796257413,1.0,1.0,1.0,1.0,0.8914254623830442
3577,5d7300eccaaae4563,True,,,,,,,,,,1.0,1.0,0.5,1.0,0.8849346314278416,1.0,0.0,1.0,1.0,0.4195210361606002
3578,272d0fb68e72a32c3,True,,,,,,,,,,1.0,1.0,0.0,1.0,1.0,1.0,1.0,1.0,1.0,0.0
3579,ae42ff25d7ab0442f,True,,,,,,,,,,1.0,0.0,1.0,1.0,0.5788033627710426,1.0,0.0,1.0,1.0,0.0
3580,0437e4fe123ba7e19,True,,,,,,,,,,1.0,1.0,1.0,1.0,1.0,1.0,1.0,1.0,0.0,0.875
3581,116930ec4ef8fd410,True,,,,,,,,,,1.0,1.0,1.0,1.0,1.0,1.0,1.0,1.0,0.0,0.875
3582,2c0f4b65d27645882,True,,,,,,,,,,0.0,1.0,1.0,1.0,1.0,0.0,1.0,1.0,1.0,0.0
3583,2886484dc5237f884,True,,,,,,,,,,1.0,1.0,1.0,1.0,0.8568954443869078,1.0,1.0,1.0,0.0,0.8302798263709087
3584,fd5d539436f5c5e86,True,,,,,,,,,,1.0,0.0,1.0,1.0,0.6859980369214695,0.0,1.0,1.0,1.0,0.0
3585,91df963d13c291bb9,True,,,,,,,,,,1.0,0.0,1.0,1.0,0.7829393580085611,1.0,0.0,1.0,0.0,0.0
3586,2445e4f4ae3f0fc04,True,,,,,,,,,,0.0,1.0,0.5,1.0,1.0,0.0,0.0,1.0,0.0,0.0
3587,13ec6e28d3c1a20c1,True,,,,,,,,,,0.0,1.0,1.0,1.0,1.0,0.0,0.0,1.0,0.0,0.0
3588,370e1eb0a4295a2bc,True,,,,,,,,,,1.0,1.0,0.0,1.0,1.0,1.0,0.0,0.0,0.0,0.0
3589,39dac9068ac428048,True,,,,,,,,,,1.0,1.0,1.0,1.0,0.7420552961724427,1.0,0.0,1.0,1.0,0.7943922800538883
3590,1211bf26e9a785053,True,,,,,,,,,,1.0,1.0,1.0,1.0,0.809469716520036,1.0,0.0,1.0,1.0,0.8154592864125112
3591,735cc37028693d641,True,,,,,,,,,,1.0,1.0,1.0,1.0,0.6990835080612098,1.0,1.0,1.0,1.0,0.905963596269128
3592,c0ae3c7041a387641,True,,,,,,,,,,1.0,0.0,1.0,1.0,1.0,1.0,1.0,1.0,1.0,0.0
3593,00caf7c273c7d5065,True,,,,,,,,,,1.0,0.0,0.0,1.0,0.9233611092004436,1.0,0.0,1.0,1.0,0.0
3594,cff8174da68b6ed57,True,,,,,,,,,,1.0,1.0,1.0,1.0,0.8366117785384692,1.0,0.0,1.0,0.0,0.6989411807932716
3595,5907808b0fa7fc555,True,,,,,,,,,,1.0,1.0,1.0,1.0,0.7988686202398606,1.0,1.0,1.0,0.0,0.8121464438249564
3596,531e4c58eeca959a5,True,,,,,,,,,,1.0,1.0,1.0,1.0,0.41836310499345075,1.0,1.0,1.0,0.0,0.6932384703104534
3597,1effe02b2af9680a9,True,,,,,,,,,,1.0,1.0,1.0,1.0,0.9575981239820521,1.0,0.0,1.0,0.0,0.7367494137443913
3598,8e3a32effa7ad4fc9,True,,,,,,,,,,1.0,1.0,1.0,1.0,1.0,0.0,1.0,1.0,0.0,0.5625
3599,a2578379ff901794e,True,,,,,,,,,,0.5,1.0,1.0,0.0,1.0,0.0,1.0,1.0,1.0,0.0
3600,4358e02f26d710fd9,True,,,,,,,,,,1.0,1.0,1.0,1.0,0.9647946722762251,1.0,1.0,1.0,0.0,0.8639983350863203
3601,00d194f38b3f05c1e,True,,,,,,,,,,0.0,1.0,0.0,1.0,1.0,0.0,0.0,1.0,1.0,0.0
3602,de5c3636623914b49,True,,,,,,,,,,1.0,0.0,0.0,1.0,1.0,1.0,0.0,1.0,1.0,0.0
3603,c28f4287e75996da4,True,,,,,,,,,,0.5,0.0,1.0,1.0,1.0,0.0,0.0,1.0,1.0,0.0
3604,15e9e852fea33e966,True,,,,,,,,,,1.0,1.0,1.0,1.0,1.0,1.0,1.0,1.0,1.0,1.0
3605,80412ca123ecd72bc,True,,,,,,,,,,1.0,1.0,1.0,1.0,0.8143618838527749,1.0,1.0,1.0,1.0,0.9419880887039922
3606,cecd0fc5ce59cf0d6,True,,,,,,,,,,1.0,1.0,1.0,1.0,0.5212985978371892,1.0,0.0,1.0,0.0,0.6004058118241217
3607,569fb4f27fe2509f7,True,,,,,,,,,,1.0,0.0,1.0,1.0,0.6044098051167768,1.0,1.0,1.0,0.0,0.0
3608,50268da879011f241,True,,,,,,,,,,1.0,0.0,0.5,1.0,1.0,1.0,0.0,1.0,1.0,0.0
3609,1c968570d73ed5505,True,,,,,,,,,,1.0,1.0,1.0,1.0,0.8650602942977833,1.0,1.0,1.0,1.0,0.9578313419680573
3610,d8ae22f5da35b2ae9,True,,,,,,,,,,1.0,1.0,0.5,1.0,0.6960145880513023,1.0,1.0,1.0,1.0,0.452502279383016
3611,f48375618b581af7d,True,,,,,,,,,,1.0,0.0,0.0,1.0,1.0,1.0,0.0,0.0,0.0,0.0
3612,c9eccd69e416f78ae,True,,,,,,,,,,0.0,0.0,1.0,1.0,0.9375767844135492,0.0,0.0,1.0,0.0,0.0
3613,2bf5a9368dfcf4f1a,True,,,,,,,,,,1.0,1.0,0.5,1.0,1.0,1.0,1.0,1.0,1.0,0.5
3614,b7b7adbd3d2126b3f,True,,,,,,,,,,1.0,1.0,1.0,1.0,1.0,1.0,1.0,1.0,0.0,0.875
3615,50efe42947fa108c7,True,,,,,,,,,,1.0,1.0,1.0,1.0,0.7489423783862906,1.0,1.0,1.0,1.0,0.9215444932457159
3616,ef66f2c0cf4893824,True,,,,,,,,,,1.0,0.0,0.5,1.0,1.0,1.0,0.0,1.0,1.0,0.0
3617,d25e0e0e384818845,True,,,,,,,,,,0.0,0.0,1.0,1.0,1.0,0.0,1.0,1.0,0.0,0.0
3618,b479708037b5c5d7c,True,,,,,,,,,,1.0,1.0,1.0,1.0,0.9297071532203087,1.0,1.0,1.0,0.0,0.8530334853813465
3619,bb22e24798c605096,True,,,,,,,,,,1.0,1.0,1.0,1.0,1.0,1.0,0.0,1.0,1.0,0.875
3620,97878eb5ec064dcaf,True,,,,,,,,,,0.0,1.0,1.0,1.0,0.7321579911101885,0.0,0.0,1.0,1.0,0.0
3621,ea89785b6636000f5,True,,,,,,,,,,1.0,0.0,1.0,1.0,0.8980888244235933,1.0,1.0,1.0,0.0,0.0
3622,2fa5ec5e442e3f499,True,,,,,,,,,,1.0,1.0,1.0,1.0,0.7556945636125124,1.0,1.0,1.0,1.0,0.9236545511289102
3623,feff8b53a0025b738,True,,,,,,,,,,1.0,1.0,1.0,1.0,0.6231405914772061,1.0,0.0,1.0,0.0,0.6322314348366269
3624,b7e991a05053bf3b9,True,,,,,,,,,,1.0,0.0,0.0,1.0,1.0,1.0,0.0,1.0,1.0,0.0
3625,d3a6f863fceaf4d0e,True,,,,,,,,,,0.0,1.0,1.0,1.0,0.4158999909318144,0.0,1.0,1.0,1.0,0.0
3626,760a1b63cdc5e0565,True,,,,,,,,,,1.0,1.0,1.0,1.0,0.5382822403474249,1.0,1.0,1.0,0.0,0.7307132001085703
3627,0c3447f80e5b8a35d,True,,,,,,,,,,1.0,1.0,0.5,1.0,0.7549367777874972,1.0,0.0,1.0,1.0,0.39920887152929646
3628,3606310eace955ba8,True,,,,,,,,,,0.0,1.0,0.5,1.0,1.0,0.0,0.0,1.0,1.0,0.0
3629,6995c156a66d6a8ee,True,,,,,,,,,,1.0,1.0,1.0,1.0,0.7760508151127985,1.0,0.0,1.0,1.0,0.8050158797227496
3630,b50c1c40b51d7211f,True,,,,,,,,,,1.0,1.0,1.0,1.0,1.0,1.0,0.0,1.0,0.0,0.75
3631,dfa9b874b33acc858,True,,,,,,,,,,1.0,0.0,1.0,1.0,0.8048460806849861,1.0,0.0,1.0,1.0,0.0
3632,73c6cac7e07b1cf4f,True,,,,,,,,,,1.0,0.0,1.0,1.0,0.6578982057763373,1.0,0.0,1.0,1.0,0.0
3633,5d4aa32c37f581673,True,,,,,,,,,,0.5,1.0,1.0,1.0,1.0,0.0,0.0,1.0,0.0,0.21875
3634,e73143b99e1e6dcd3,True,,,,,,,,,,1.0,1.0,1.0,1.0,0.43249985499710286,1.0,0.0,1.0,1.0,0.6976562046865946
3635,fba5b4aa043d4c14b,True,,,,,,,,,,1.0,0.0,0.5,1.0,1.0,1.0,1.0,1.0,1.0,0.0
3636,f6f239b03260b58d8,True,,,,,,,,,,0.0,0.0,0.5,1.0,1.0,0.0,0.0,1.0,1.0,0.0
3637,2e0773dd81838320f,True,,,,,,,,,,1.0,1.0,1.0,1.0,0.8318252300939011,1.0,0.0,1.0,1.0,0.8224453844043441
3638,ba3bd0fad9e3fb6eb,True,,,,,,,,,,1.0,0.0,1.0,1.0,0.6830762098288699,1.0,1.0,1.0,0.0,0.0
3639,0bb05e9c2e6296330,True,,,,,,,,,,1.0,1.0,1.0,1.0,0.883612122425106,1.0,1.0,1.0,1.0,0.9636287882578456
3640,bfee1080de1fa0853,True,,,,,,,,,,0.0,1.0,1.0,1.0,1.0,0.0,0.0,1.0,1.0,0.0
3641,8f3be1fe834c8e1e6,True,,,,,,,,,,0.0,1.0,1.0,1.0,1.0,0.0,0.0,1.0,1.0,0.0
3642,19076eddbca015da6,True,,,,,,,,,,1.0,1.0,1.0,1.0,1.0,1.0,1.0,1.0,0.0,0.875
3643,cc84a91b9d7b3a3d5,True,,,,,,,,,,1.0,1.0,1.0,1.0,0.7794207036352179,1.0,0.0,1.0,0.0,0.6810689698860055
3644,342ef8eb6e93505ce,True,,,,,,,,,,1.0,1.0,1.0,1.0,0.9652806349781384,1.0,0.0,1.0,1.0,0.8641501984306683
3645,d6cd8e55b889c7739,True,,,,,,,,,,1.0,1.0,1.0,1.0,0.8247378650606277,0.0,0.0,1.0,1.0,0.5077305828314462
3646,0f08a0aac0d912459,True,,,,,,,,,,1.0,1.0,1.0,1.0,0.8171693775725613,1.0,0.0,1.0,1.0,0.8178654304914255
3647,700c12c03b64be698,True,,,,,,,,,,1.0,1.0,1.0,1.0,1.0,1.0,0.0,1.0,0.0,0.75
3648,10446a2ec2be065e7,True,,,,,,,,,,1.0,1.0,1.0,1.0,0.9027433420647794,1.0,1.0,1.0,1.0,0.9696072943952436
3649,29b4bcae1bc32da3c,True,,,,,,,,,,1.0,0.0,1.0,1.0,0.6746248743087148,1.0,1.0,1.0,0.0,0.0
3650,db59121d7d601b04b,True,,,,,,,,,,0.0,1.0,1.0,1.0,1.0,0.0,1.0,1.0,1.0,0.0
3651,d6ae7a1180d77eafb,True,,,,,,,,,,1.0,0.0,1.0,1.0,1.0,1.0,1.0,1.0,1.0,0.0
3652,aded499bdbf17f962,True,,,,,,,,,,0.0,0.0,1.0,1.0,1.0,0.0,0.0,1.0,0.0,0.0
3653,9f903173a7777cf35,True,,,,,,,,,,1.0,0.0,1.0,1.0,1.0,1.0,1.0,1.0,1.0,0.0
3654,e7e93c5b22cdc4824,True,,,,,,,,,,1.0,0.0,0.5,1.0,0.48632549783930196,1.0,1.0,1.0,0.0,0.0
3655,0a3d875284dd62305,True,,,,,,,,,,1.0,1.0,1.0,1.0,0.6966485788159581,1.0,1.0,1.0,1.0,0.9052026808799869
3656,09eb15786b4c45a6b,True,,,,,,,,,,1.0,0.0,1.0,1.0,0.5904161735326735,1.0,0.0,1.0,1.0,0.0
3657,742d03b2d943caa9e,True,,,,,,,,,,1.0,1.0,1.0,1.0,0.8656347291596357,1.0,1.0,1.0,1.0,0.9580108528623861
3658,c0ff231e77243d969,True,,,,,,,,,,0.0,0.0,0.0,1.0,1.0,0.0,0.0,1.0,1.0,0.0
3659,a0dee764f3cd352e8,True,,,,,,,,,,1.0,0.0,0.0,1.0,0.9085394515841922,1.0,0.0,1.0,1.0,0.0
3660,b0c55df9228d485bb,True,,,,,,,,,,1.0,1.0,1.0,1.0,0.7924728583358078,1.0,0.0,1.0,1.0,0.81014776822994
3661,be4d95422b6b6e212,True,,,,,,,,,,1.0,1.0,0.5,1.0,0.776392803103255,1.0,1.0,1.0,0.0,0.4025613754848836
3662,113cb8fed3d36b259,True,,,,,,,,,,1.0,1.0,1.0,1.0,0.8044755140917591,1.0,1.0,1.0,0.0,0.8138985981536747
3663,f14211934248f5602,True,,,,,,,,,,0.0,1.0,1.0,1.0,0.638086191030632,0.0,0.0,1.0,0.0,0.0
3664,7878266af5a97d7ce,True,,,,,,,,,,1.0,1.0,1.0,1.0,1.0,1.0,0.0,1.0,0.0,0.75
3665,6b8247643fb8d921c,True,,,,,,,,,,0.5,1.0,1.0,1.0,0.6333189139025392,0.0,0.0,1.0,0.0,0.16145608029727176
3666,108277792b2690db0,True,,,,,,,,,,1.0,1.0,1.0,1.0,0.6318924363442866,1.0,1.0,1.0,1.0,0.8849663863575896
3667,a480f952c0cac164f,True,,,,,,,,,,1.0,0.0,1.0,1.0,0.4377367375275166,1.0,1.0,1.0,1.0,0.0
3668,63e3d0d0e92dfb4d5,True,,,,,,,,,,1.0,0.0,1.0,1.0,1.0,1.0,1.0,1.0,0.0,0.0
3669,a9a2a4ccbd1a06bee,True,,,,,,,,,,1.0,0.0,1.0,1.0,0.9833786807821028,1.0,1.0,1.0,0.0,0.0
3670,e569c39fb04197d73,True,,,,,,,,,,1.0,1.0,1.0,1.0,0.82365050321146,1.0,1.0,1.0,0.0,0.8198907822535813
3671,ce3d7615ed78d6c47,True,,,,,,,,,,0.0,1.0,1.0,1.0,0.9275324949716749,0.0,1.0,1.0,0.0,0.0
3672,891a4a3fda5ecaf08,True,,,,,,,,,,1.0,1.0,1.0,1.0,1.0,1.0,0.0,1.0,1.0,0.875
3673,f3895fbfb8df71a43,True,,,,,,,,,,1.0,1.0,1.0,1.0,0.9758078062965139,1.0,1.0,1.0,1.0,0.9924399394676606
3674,946712c7d5a1cec37,True,,,,,,,,,,1.0,1.0,0.5,1.0,1.0,1.0,0.0,1.0,0.0,0.375
3675,e6338db1d83f3ba4e,True,,,,,,,,,,1.0,1.0,1.0,1.0,0.7665487425647365,1.0,1.0,1.0,1.0,0.9270464820514801
3676,595a7bb76f59c677e,True,,,,,,,,,,0.0,1.0,1.0,1.0,1.0,0.0,1.0,1.0,0.0,0.0
3677,a03596d2557544d9f,True,,,,,,,,,,1.0,0.0,0.5,1.0,1.0,1.0,0.0,1.0,1.0,0.0
3678,230e554a4a9b823fa,True,,,,,,,,,,0.5,0.0,1.0,1.0,1.0,0.0,0.0,1.0,1.0,0.0
3679,aa7d114cf25b1f9f0,True,,,,,,,,,,1.0,1.0,1.0,1.0,0.7559643626506338,1.0,0.0,1.0,1.0,0.798738863328323
3680,11b6577b5cc201594,True,,,,,,,,,,0.0,1.0,1.0,1.0,1.0,0.0,1.0,1.0,1.0,0.0
3681,01d8a706eb3443501,True,,,,,,,,,,1.0,1.0,1.0,1.0,0.9729142952218881,1.0,1.0,1.0,0.0,0.86653571725684
3682,b9d5b5bb73e875bc3,True,,,,,,,,,,1.0,1.0,1.0,1.0,0.6796505636049146,1.0,1.0,1.0,1.0,0.8998908011265359
3683,81da68a500fb17473,True,,,,,,,,,,0.0,1.0,1.0,1.0,1.0,0.0,0.0,1.0,0.0,0.0
3684,8a5a158e9d0cf7649,True,,,,,,,,,,0.0,0.0,1.0,1.0,1.0,0.0,1.0,1.0,0.0,0.0
3685,4c8f4212a26a493af,True,,,,,,,,,,0.5,0.0,0.5,1.0,1.0,0.0,1.0,1.0,1.0,0.0
3686,2c3eb63a9cdff8129,True,,,,,,,,,,1.0,1.0,1.0,1.0,1.0,1.0,1.0,1.0,0.0,0.875
3687,10da8689597a01351,True,,,,,,,,,,1.0,1.0,1.0,1.0,0.9666702379454333,1.0,1.0,1.0,0.0,0.8645844493579479
3688,666a09df2cf7b4568,True,,,,,,,,,,1.0,1.0,0.0,1.0,0.9426681354634318,1.0,0.0,1.0,1.0,0.0
3689,5b733b329372ed8c8,True,,,,,,,,,,1.0,0.0,1.0,1.0,0.8635133134686169,1.0,1.0,1.0,0.0,0.0
3690,461b3554166aa0d6f,True,,,,,,,,,,0.0,0.0,1.0,1.0,1.0,0.0,0.0,1.0,0.0,0.0
3691,f216d1ab22df1e533,True,,,,,,,,,,1.0,0.0,1.0,1.0,0.8406361609386146,1.0,0.0,1.0,0.0,0.0
3692,2810fb7a63c63635c,True,,,,,,,,,,1.0,1.0,1.0,1.0,0.8077044218602507,1.0,1.0,1.0,1.0,0.9399076318313284
3693,71d45b383e1e50669,True,,,,,,,,,,1.0,1.0,1.0,1.0,0.6033346758702158,1.0,1.0,1.0,1.0,0.8760420862094425
3694,5cabba46461e04874,True,,,,,,,,,,1.0,1.0,1.0,1.0,1.0,1.0,0.0,1.0,0.0,0.75
3695,b7e1048a59015eb95,True,,,,,,,,,,1.0,0.0,0.5,1.0,1.0,1.0,1.0,1.0,0.0,0.0
3696,6a435ef26f38889a0,True,,,,,,,,,,0.0,1.0,0.5,1.0,1.0,0.0,0.0,1.0,0.0,0.0
3697,90bd22f98b4c8c0db,True,,,,,,,,,,1.0,1.0,1.0,1.0,1.0,1.0,0.0,1.0,0.0,0.75
3698,c88ec2d9a664ec957,True,,,,,,,,,,1.0,1.0,1.0,1.0,1.0,0.0,1.0,1.0,1.0,0.6875
3699,9e31589f9ede4587e,True,,,,,,,,,,1.0,0.0,0.5,1.0,1.0,1.0,0.0,1.0,0.0,0.0
3700,ff268d62e1e2110ec,True,,,,,,,,,,1.0,1.0,1.0,1.0,0.8404437741398963,1.0,0.0,1.0,1.0,0.8251386794187177
3701,3ec4e62b471309805,True,,,,,,,,,,1.0,1.0,1.0,1.0,1.0,1.0,0.0,1.0,0.0,0.75
3702,81a1a5d071b2c2a11,True,,,,,,,,,,1.0,0.0,1.0,1.0,1.0,1.0,0.0,1.0,0.0,0.0
3703,a3adc8c27da8f8689,True,,,,,,,,,,1.0,1.0,1.0,1.0,0.8131478828058051,1.0,1.0,1.0,1.0,0.9416087133768141
3704,221ee037ec27dbb36,True,,,,,,,,,,1.0,1.0,1.0,1.0,0.0,1.0,1.0,1.0,0.0,0.5625
3705,65d059ca1a57ebca1,True,,,,,,,,,,1.0,0.0,1.0,1.0,0.9899329319533543,1.0,0.0,1.0,0.0,0.0
3706,59361619b736fa71d,True,,,,,,,,,,1.0,1.0,0.5,1.0,0.9852540936468618,1.0,0.0,1.0,0.0,0.37269595213232215
3707,51bb4445380dac75e,True,,,,,,,,,,1.0,0.0,1.0,1.0,0.533791783759704,1.0,0.0,1.0,1.0,0.0
3708,54319e96916504611,True,,,,,,,,,,1.0,1.0,1.0,1.0,0.9704162856728041,1.0,0.0,1.0,0.0,0.7407550892727512
3709,103886298090f6b5a,True,,,,,,,,,,0.0,1.0,1.0,1.0,1.0,0.0,0.0,1.0,1.0,0.0
3710,6c0405cd5c40c15ab,True,,,,,,,,,,1.0,0.0,1.0,1.0,1.0,1.0,0.0,1.0,1.0,0.0
3711,8f18f5e39ad7208bd,True,,,,,,,,,,1.0,1.0,1.0,1.0,0.6805217738626931,1.0,0.0,1.0,1.0,0.7751630543320915
3712,1c46609a6f85e1150,True,,,,,,,,,,1.0,1.0,1.0,1.0,0.753707769513434,1.0,0.0,1.0,1.0,0.7980336779729481
3713,168ec5291b8accf12,True,,,,,,,,,,1.0,1.0,1.0,1.0,0.5068326850973667,1.0,1.0,1.0,1.0,0.845885214092927
3714,2a61f186fe92b261b,True,,,,,,,,,,0.0,1.0,0.0,1.0,1.0,0.0,0.0,1.0,1.0,0.0
3715,4ea8e51fd89a2e0aa,True,,,,,,,,,,0.5,0.0,0.0,1.0,1.0,0.0,0.0,1.0,0.0,0.0
3716,fe36ce4fe80f5c45b,True,,,,,,,,,,1.0,1.0,1.0,1.0,0.7863395135115125,1.0,1.0,1.0,0.0,0.8082310979723477
3717,874ca7613e4fb30ba,True,,,,,,,,,,1.0,0.0,0.5,1.0,1.0,0.0,0.0,1.0,1.0,0.0
3718,c1bf650dac02cb0f8,True,,,,,,,,,,1.0,1.0,1.0,1.0,0.9674075778326089,1.0,1.0,1.0,1.0,0.9898148680726903
3719,34bba0aaea8099d53,True,,,,,,,,,,1.0,1.0,1.0,1.0,1.0,1.0,0.0,1.0,1.0,0.875
3720,20a64ca2d03e6cb72,True,,,,,,,,,,1.0,0.0,1.0,1.0,0.5506909258170597,1.0,1.0,1.0,0.0,0.0
3721,fa350068f608950fe,True,,,,,,,,,,1.0,1.0,1.0,1.0,1.0,1.0,0.0,1.0,1.0,0.875
3722,aaf0cbe31c7a5aa33,True,,,,,,,,,,1.0,1.0,0.0,1.0,1.0,1.0,0.0,1.0,0.0,0.0
3723,7d00bd785ae5140f2,True,,,,,,,,,,1.0,1.0,1.0,1.0,1.0,1.0,1.0,1.0,0.0,0.875
3724,8e1bbd443f815b48a,True,,,,,,,,,,0.0,1.0,1.0,1.0,1.0,0.0,1.0,1.0,0.0,0.0
3725,b81180657e76ac7aa,True,,,,,,,,,,0.0,1.0,1.0,1.0,1.0,0.0,1.0,1.0,1.0,0.0
3726,434058a9bff839494,True,,,,,,,,,,1.0,1.0,1.0,1.0,0.9575168498330302,1.0,0.0,1.0,1.0,0.861724015572822
3727,a9c58159eca823219,True,,,,,,,,,,0.0,0.0,1.0,1.0,1.0,0.0,1.0,1.0,0.0,0.0
3728,79a0ca425b61810ad,True,,,,,,,,,,1.0,1.0,1.0,1.0,1.0,1.0,1.0,1.0,1.0,1.0
3729,d21b58003792bc68a,True,,,,,,,,,,1.0,1.0,1.0,1.0,0.7997692157498952,1.0,0.0,1.0,1.0,0.8124278799218423
3730,6e7de4339dc039c41,True,,,,,,,,,,1.0,1.0,1.0,1.0,0.6459610087745215,1.0,1.0,1.0,0.0,0.764362815242038
3731,47bbf73e6941376ea,True,,,,,,,,,,1.0,1.0,1.0,1.0,0.6711848508153632,1.0,1.0,1.0,0.0,0.772245265879801
3732,5806dc63fc6e3cad9,True,,,,,,,,,,1.0,1.0,1.0,1.0,1.0,1.0,1.0,1.0,0.0,0.875
3733,68c48977b8b13f11f,True,,,,,,,,,,1.0,1.0,0.5,1.0,1.0,1.0,0.0,1.0,1.0,0.4375
3734,9e3f67fd8b392a5d6,True,,,,,,,,,,1.0,0.0,1.0,1.0,0.749025446748009,1.0,1.0,1.0,0.0,0.0
3735,cd9f9355204a28a77,True,,,,,,,,,,1.0,0.0,1.0,1.0,1.0,1.0,1.0,1.0,1.0,0.0
3736,b7f53c6ea01b7cbc9,True,,,,,,,,,,1.0,0.0,1.0,1.0,0.8684625038658592,1.0,0.0,1.0,1.0,0.0
3737,d9eb3c465a5635619,True,,,,,,,,,,1.0,1.0,1.0,1.0,0.44373890537265387,1.0,1.0,0.0,1.0,0.7011684079289543
3738,e7892fb2f09de2723,True,,,,,,,,,,0.0,0.0,1.0,1.0,1.0,0.0,1.0,1.0,0.0,0.0
3739,08bcd54c271622666,True,,,,,,,,,,1.0,1.0,1.0,1.0,0.6001082473647207,1.0,1.0,1.0,1.0,0.8750338273014753
3740,1d9b777552553488e,True,,,,,,,,,,1.0,1.0,0.5,1.0,1.0,1.0,0.0,1.0,1.0,0.4375
3741,08b425d9aa40aee45,True,,,,,,,,,,1.0,0.0,1.0,1.0,1.0,1.0,0.0,0.0,0.0,0.0
3742,cdcb9b51f99934711,True,,,,,,,,,,1.0,1.0,0.5,1.0,0.5202678346217555,1.0,0.0,1.0,1.0,0.36254184915964927
3743,cfbef936343c3a937,True,,,,,,,,,,1.0,1.0,1.0,1.0,0.7670533519158637,1.0,0.0,1.0,1.0,0.8022041724737075
3744,c9b45ed2516cd216c,True,,,,,,,,,,1.0,1.0,1.0,1.0,0.3635373068028781,1.0,1.0,1.0,0.0,0.6761054083758994
3745,04be4c5a8a9eee15b,True,,,,,,,,,,1.0,1.0,1.0,1.0,1.0,0.0,1.0,1.0,1.0,0.6875
3746,5d7c10a16ad487174,True,,,,,,,,,,1.0,0.0,1.0,1.0,1.0,1.0,0.0,1.0,1.0,0.0
3747,dc76f297f95b90094,True,,,,,,,,,,1.0,1.0,0.0,1.0,0.7555025626159418,1.0,0.0,1.0,0.0,0.0
3748,71825455da2cde07d,True,,,,,,,,,,1.0,0.0,1.0,1.0,0.6949748050012616,1.0,1.0,1.0,0.0,0.0
3749,30b4066d1794ea8ff,True,,,,,,,,,,1.0,1.0,1.0,1.0,1.0,1.0,1.0,1.0,1.0,1.0
3750,2de791cac29ff4f89,True,,,,,,,,,,1.0,1.0,1.0,1.0,0.8512066266697805,1.0,1.0,1.0,0.0,0.8285020708343065
3751,b19a34b568608122f,True,,,,,,,,,,1.0,1.0,1.0,1.0,0.9545183651074799,1.0,0.0,1.0,1.0,0.8607869890960875
3752,5e403ae55f93fea63,True,,,,,,,,,,1.0,1.0,0.5,1.0,1.0,1.0,1.0,1.0,1.0,0.5
3753,b2b89aaeeff8dd8dd,True,,,,,,,,,,1.0,0.0,0.0,1.0,1.0,1.0,0.0,1.0,0.0,0.0
3754,dccd172b97cc9b305,True,,,,,,,,,,1.0,1.0,1.0,1.0,0.565577823079452,1.0,1.0,1.0,1.0,0.8642430697123288
3755,ec84cf228d6d79089,True,,,,,,,,,,1.0,1.0,1.0,1.0,0.6478650435155968,1.0,1.0,1.0,1.0,0.8899578260986241
3756,416a5f6d80036586b,True,,,,,,,,,,1.0,1.0,0.5,1.0,1.0,1.0,0.0,1.0,1.0,0.4375
3757,7026d28794e20a290,True,,,,,,,,,,1.0,0.0,0.0,1.0,1.0,1.0,0.0,1.0,1.0,0.0
3758,4684692b32e909998,True,,,,,,,,,,1.0,1.0,1.0,1.0,0.5585601962351412,1.0,1.0,1.0,1.0,0.8620500613234816
3759,624b352e4b7f8d830,True,,,,,,,,,,1.0,1.0,1.0,1.0,0.7998261646542129,1.0,1.0,1.0,0.0,0.8124456764544415
3760,66c0ac7e945e90197,True,,,,,,,,,,1.0,1.0,0.5,1.0,0.5721072155073789,1.0,0.0,1.0,0.0,0.30814175242302794
3761,0e6b7e12965c8e997,True,,,,,,,,,,1.0,1.0,0.0,1.0,1.0,1.0,0.0,1.0,1.0,0.0
3762,27c67d28b70d594c7,True,,,,,,,,,,1.0,1.0,1.0,1.0,0.7501630502749514,1.0,1.0,1.0,0.0,0.7969259532109223
3763,28b439620873c91b9,True,,,,,,,,,,1.0,1.0,1.0,1.0,0.7174910577631519,1.0,1.0,1.0,0.0,0.786715955550985
3764,cd53b47b7ab39ebeb,True,,,,,,,,,,1.0,0.0,1.0,1.0,0.5633285863757722,1.0,1.0,1.0,0.0,0.0
3765,35cbd378e962248ad,True,,,,,,,,,,1.0,1.0,1.0,1.0,1.0,1.0,0.0,1.0,1.0,0.875
3766,c7eba674ea24ca81f,True,,,,,,,,,,1.0,1.0,1.0,1.0,1.0,1.0,0.0,1.0,1.0,0.875
3767,2c6298b7b191f9461,True,,,,,,,,,,0.0,1.0,1.0,1.0,1.0,0.0,1.0,1.0,0.0,0.0
3768,89474c5ba034ced0c,True,,,,,,,,,,1.0,1.0,1.0,1.0,1.0,1.0,1.0,1.0,1.0,1.0
3769,1ea8537ea6898e4e2,True,,,,,,,,,,1.0,1.0,1.0,1.0,0.7894748661514063,1.0,0.0,1.0,1.0,0.8092108956723145
3770,b71a18c869cb8bd24,True,,,,,,,,,,1.0,0.0,1.0,1.0,1.0,1.0,1.0,1.0,1.0,0.0
3771,a71e198a60b5a7b1b,True,,,,,,,,,,1.0,1.0,1.0,1.0,0.9229276951768979,1.0,1.0,1.0,1.0,0.9759149047427806
3772,60f4ba34fce9a6a16,True,,,,,,,,,,1.0,1.0,1.0,1.0,0.9120029257117851,1.0,1.0,1.0,1.0,0.9725009142849328
3773,6f5571bbc6dc5faee,True,,,,,,,,,,1.0,1.0,1.0,1.0,0.7843792325483149,1.0,0.0,1.0,0.0,0.6826185101713484
3774,93f8dde94dbff4d7d,True,,,,,,,,,,1.0,1.0,1.0,1.0,0.5494767674005475,1.0,1.0,1.0,1.0,0.859211489812671
3775,93f8da10fb7af1122,True,,,,,,,,,,1.0,0.0,1.0,1.0,1.0,1.0,0.0,1.0,1.0,0.0
3776,c966f12167e10d758,True,,,,,,,,,,1.0,0.0,1.0,1.0,1.0,1.0,1.0,1.0,1.0,0.0
3777,7feb54e1cfc0b6b33,True,,,,,,,,,,1.0,1.0,0.0,1.0,0.8123371614974045,1.0,0.0,1.0,1.0,0.0
3778,dba739bec7326715c,True,,,,,,,,,,0.0,1.0,1.0,1.0,1.0,0.0,0.0,1.0,0.0,0.0
3779,d5b310b71bd0dd6fd,True,,,,,,,,,,1.0,1.0,1.0,1.0,0.6723440886895472,1.0,1.0,1.0,0.0,0.7726075277154835
3780,50b922840407a0340,True,,,,,,,,,,1.0,1.0,0.5,1.0,0.673244383539547,1.0,1.0,1.0,1.0,0.44894443492805425
3781,c7f30a40dbc7d2bf8,True,,,,,,,,,,1.0,1.0,1.0,1.0,1.0,1.0,1.0,1.0,0.0,0.875
3782,3079c8b009170b052,True,,,,,,,,,,1.0,0.0,1.0,1.0,0.7961604433105852,1.0,1.0,1.0,1.0,0.0
3783,3b32da65a709f23d8,True,,,,,,,,,,1.0,1.0,1.0,1.0,0.6729866256163308,1.0,0.0,1.0,0.0,0.6478083205051034
3784,7fa425329439a1196,True,,,,,,,,,,1.0,1.0,1.0,1.0,0.8002960956962056,1.0,0.0,1.0,1.0,0.8125925299050643
3785,78de0559e7e44a61a,True,,,,,,,,,,1.0,0.0,1.0,1.0,0.9107703750639464,1.0,1.0,1.0,1.0,0.0
3786,2f25ad449c40ae04c,True,,,,,,,,,,1.0,1.0,1.0,1.0,0.8399682983484855,1.0,0.0,1.0,1.0,0.8249900932339017
3787,aee8a0b219134ae2b,True,,,,,,,,,,1.0,1.0,1.0,1.0,0.6213092962906719,1.0,0.0,1.0,1.0,0.756659155090835
3788,b9bc285e03f488e64,True,,,,,,,,,,0.0,1.0,1.0,1.0,1.0,0.0,0.0,1.0,1.0,0.0
3789,bf77adfc09f7cebc5,True,,,,,,,,,,1.0,1.0,1.0,1.0,0.9895156704671759,1.0,1.0,1.0,1.0,0.9967236470209925
3790,b710f4583e83f5650,True,,,,,,,,,,1.0,1.0,1.0,1.0,0.6035821765314341,1.0,1.0,1.0,1.0,0.8761194301660732
3791,617af5a1ea48f3d16,True,,,,,,,,,,1.0,1.0,1.0,1.0,1.0,1.0,0.0,1.0,0.0,0.75
3792,b6cc9d50323153d21,True,,,,,,,,,,1.0,1.0,0.5,1.0,0.8019267875839294,1.0,1.0,1.0,1.0,0.46905106055998896
3793,3a5164bb3f2fdabd5,True,,,,,,,,,,1.0,1.0,0.5,1.0,0.5468561337074614,1.0,1.0,1.0,1.0,0.42919627089179085
3794,6ab786f972b45ffe0,True,,,,,,,,,,1.0,0.0,1.0,1.0,0.431632786048912,1.0,0.0,1.0,0.0,0.0
3795,9a36095a5f0caaafd,True,,,,,,,,,,1.0,1.0,1.0,1.0,0.627524985517085,1.0,1.0,1.0,0.0,0.758601557974089
3796,918fb02f94c16537d,True,,,,,,,,,,1.0,0.0,1.0,1.0,0.627503040403627,1.0,1.0,1.0,0.0,0.0
3797,bf39b618ccc33f36a,True,,,,,,,,,,0.0,1.0,1.0,1.0,0.9032574729686785,0.0,0.0,1.0,1.0,0.0
3798,43c0e949f19e63437,True,,,,,,,,,,1.0,0.0,1.0,1.0,0.13839462099484914,1.0,1.0,1.0,0.0,0.0
3799,aede15abec43ca21b,True,,,,,,,,,,1.0,0.0,1.0,1.0,1.0,1.0,0.0,1.0,0.0,0.0
3800,1f7d87b846306d4ed,True,,,,,,,,,,0.0,1.0,1.0,0.0,1.0,0.0,0.0,1.0,1.0,0.0
3801,ec788232fc7f2cf7e,True,,,,,,,,,,1.0,1.0,1.0,1.0,0.9347645689820185,1.0,1.0,1.0,0.0,0.8546139278068807
3802,0950505e558866cf8,True,,,,,,,,,,1.0,1.0,1.0,1.0,0.8137468004680025,1.0,0.0,1.0,1.0,0.8167958751462507
3803,4f206a0dd84457b8a,True,,,,,,,,,,1.0,1.0,1.0,1.0,1.0,1.0,1.0,1.0,1.0,1.0
3804,488b7f582a8d0e834,True,,,,,,,,,,1.0,0.0,1.0,1.0,0.5101455881256775,1.0,1.0,1.0,0.0,0.0
3805,e9738336730d6755b,True,,,,,,,,,,1.0,0.0,1.0,1.0,1.0,1.0,0.0,1.0,1.0,0.0
3806,4de6ba672dc37ec25,True,,,,,,,,,,1.0,1.0,1.0,1.0,1.0,1.0,0.0,1.0,1.0,0.875
3807,fd21a94f937e1535f,True,,,,,,,,,,1.0,0.0,1.0,1.0,0.3262396703524932,1.0,1.0,1.0,0.0,0.0
3808,75e8f9b411d1144ad,True,,,,,,,,,,1.0,1.0,1.0,1.0,0.8091729822112071,1.0,1.0,1.0,1.0,0.9403665569410022
3809,0dbe87a99ac3cd3e1,True,,,,,,,,,,1.0,0.0,1.0,1.0,1.0,0.0,0.0,1.0,1.0,0.0
3810,1879a7c4a97f64bf9,True,,,,,,,,,,1.0,1.0,1.0,1.0,0.9347490962127066,1.0,0.0,1.0,1.0,0.8546090925664709
3811,122590be147f65d56,True,,,,,,,,,,1.0,1.0,1.0,1.0,0.765923646686797,1.0,0.0,1.0,1.0,0.8018511395896241
3812,92fd62b816fa1435c,True,,,,,,,,,,1.0,1.0,0.5,1.0,1.0,1.0,0.0,1.0,0.0,0.375
3813,960a0cd8fd6e4be22,True,,,,,,,,,,0.0,0.0,1.0,1.0,1.0,0.0,1.0,1.0,1.0,0.0
3814,c0831690e22e4cfbc,True,,,,,,,,,,1.0,1.0,1.0,1.0,0.8353612455106363,1.0,1.0,1.0,1.0,0.9485503892220739
3815,2114731f5f6cae12c,True,,,,,,,,,,1.0,1.0,1.0,1.0,0.5862172173775775,1.0,0.0,1.0,1.0,0.745692880430493
3816,9a1d8c48d604f6c79,True,,,,,,,,,,1.0,1.0,1.0,1.0,0.7198692144504315,1.0,1.0,1.0,0.0,0.7874591295157598
3817,2c48bea3e93ba9e48,True,,,,,,,,,,1.0,1.0,1.0,1.0,0.780204801104256,1.0,0.0,1.0,1.0,0.80631400034508
3818,14f814e6cbf15fcb5,True,,,,,,,,,,1.0,0.0,0.0,1.0,0.8971656949165474,1.0,0.0,1.0,1.0,0.0
3819,6eb7971620ae92336,True,,,,,,,,,,1.0,0.0,0.5,1.0,1.0,1.0,1.0,1.0,0.0,0.0
3820,d50743776b4ebf7b3,True,,,,,,,,,,1.0,1.0,0.5,1.0,0.8273017865027686,1.0,0.0,1.0,0.0,0.3480159041410576
3821,9583f6043942f7590,True,,,,,,,,,,1.0,0.0,1.0,1.0,1.0,1.0,0.0,1.0,1.0,0.0
3822,fbc47d17828f56207,True,,,,,,,,,,1.0,1.0,1.0,1.0,0.8997264471369949,1.0,0.0,1.0,1.0,0.8436645147303109
3823,99dd1518526c46b6e,True,,,,,,,,,,1.0,1.0,0.0,1.0,1.0,1.0,0.0,1.0,0.0,0.0
3824,562d93c298e442013,True,,,,,,,,,,1.0,1.0,1.0,1.0,0.792694009302407,1.0,1.0,1.0,1.0,0.9352168779070021
3825,f9f68056cf387b7a7,True,,,,,,,,,,0.0,0.0,1.0,1.0,1.0,0.0,0.0,1.0,1.0,0.0
3826,a5fd097616c7708db,True,,,,,,,,,,0.0,1.0,1.0,1.0,1.0,0.0,0.0,1.0,1.0,0.0
3827,f2b84517dc455c03f,True,,,,,,,,,,1.0,1.0,1.0,1.0,1.0,1.0,1.0,1.0,0.0,0.875
3828,f6817999b4946e35c,True,,,,,,,,,,1.0,0.0,1.0,1.0,1.0,1.0,1.0,1.0,1.0,0.0
3829,e8a9486b49b69adbf,True,,,,,,,,,,0.0,1.0,1.0,1.0,1.0,0.0,1.0,1.0,1.0,0.0
3830,bec8d578f7182bbcd,True,,,,,,,,,,1.0,1.0,1.0,1.0,1.0,1.0,0.0,1.0,1.0,0.875
3831,c808695431d352ba9,True,,,,,,,,,,0.5,1.0,1.0,1.0,1.0,0.0,1.0,1.0,1.0,0.34375
3832,86275551f43e6b105,True,,,,,,,,,,0.0,1.0,1.0,1.0,1.0,0.0,0.0,1.0,1.0,0.0
3833,8ec2f225bd1ccc3ff,True,,,,,,,,,,1.0,1.0,1.0,1.0,0.7383415970784893,1.0,0.0,1.0,1.0,0.793231749087028
3834,46738f7f1afe77303,True,,,,,,,,,,1.0,1.0,1.0,1.0,1.0,1.0,0.0,1.0,1.0,0.875
3835,f66f81ffd843802cd,True,,,,,,,,,,0.0,1.0,1.0,1.0,1.0,0.0,1.0,1.0,0.0,0.0
3836,e5e284a0009e877d9,True,,,,,,,,,,1.0,0.0,0.0,1.0,1.0,1.0,0.0,1.0,0.0,0.0
3837,9bcb66e43b4092040,True,,,,,,,,,,0.5,0.0,1.0,1.0,1.0,0.0,0.0,1.0,1.0,0.0
3838,dda492e77bd06b5da,True,,,,,,,,,,1.0,0.0,0.5,1.0,0.6896313759968861,1.0,1.0,1.0,0.0,0.0
3839,37059447ec970c23a,True,,,,,,,,,,1.0,1.0,1.0,1.0,0.9928033179472577,1.0,1.0,1.0,1.0,0.9977510368585181
3840,2fd5a616331094ce1,True,,,,,,,,,,1.0,0.0,1.0,1.0,1.0,1.0,0.0,1.0,1.0,0.0
3841,32f2437326c9e81b2,True,,,,,,,,,,1.0,1.0,0.5,1.0,1.0,1.0,0.0,1.0,0.0,0.375
3842,4a263f9bce5d33176,True,,,,,,,,,,0.0,1.0,1.0,1.0,1.0,0.0,0.0,1.0,1.0,0.0
3843,e4dc487d828f489c8,True,,,,,,,,,,1.0,1.0,1.0,1.0,0.8332809455634691,1.0,1.0,1.0,0.0,0.8229002954885841
3844,1435a0fd243cd3793,True,,,,,,,,,,1.0,1.0,1.0,1.0,0.7501603713553775,1.0,1.0,1.0,0.0,0.7969251160485555
3845,8cf5c8b605a2a4959,True,,,,,,,,,,1.0,1.0,1.0,1.0,0.46590990966284274,1.0,0.0,1.0,1.0,0.7080968467696384
3846,bf8b68552794d8026,True,,,,,,,,,,1.0,1.0,1.0,1.0,0.819918713109474,1.0,0.0,1.0,1.0,0.8187245978467106
3847,661c4fdee268dcb1e,True,,,,,,,,,,1.0,1.0,1.0,1.0,0.4391607558948059,1.0,1.0,1.0,1.0,0.8247377362171269
3848,8c19ef349d4fc37cb,True,,,,,,,,,,1.0,1.0,1.0,1.0,1.0,0.0,1.0,1.0,0.0,0.5625
3849,59ea6f742dc62b430,True,,,,,,,,,,1.0,0.0,1.0,1.0,0.5924648948001393,1.0,0.0,1.0,1.0,0.0
3850,306bd7dfd9818a9eb,True,,,,,,,,,,0.0,0.0,1.0,1.0,0.75622401173317,0.0,0.0,1.0,0.0,0.0
3851,4f84585468f82a1fc,True,,,,,,,,,,1.0,1.0,0.0,1.0,1.0,1.0,0.0,1.0,1.0,0.0
3852,85d790e9c5c2e7b7c,True,,,,,,,,,,1.0,1.0,1.0,1.0,0.6177660527358161,1.0,0.0,1.0,1.0,0.7555518914799425
3853,c4db0ed678d459874,True,,,,,,,,,,1.0,1.0,1.0,1.0,0.8570758570400218,1.0,0.0,1.0,0.0,0.7053362053250067
3854,397b093b8766274f9,True,,,,,,,,,,1.0,1.0,0.0,1.0,0.8688188867924524,1.0,0.0,1.0,1.0,0.0
3855,16b9d0efaf330fdcf,True,,,,,,,,,,1.0,1.0,0.5,1.0,0.7951842805408968,1.0,1.0,0.0,0.0,0.34299754383451514
3856,ec56aefe2cb604a4f,True,,,,,,,,,,1.0,1.0,1.0,1.0,1.0,1.0,1.0,1.0,0.0,0.875
3857,4142c2fdf6fa0139a,True,,,,,,,,,,1.0,0.0,0.5,0.0,1.0,1.0,1.0,1.0,1.0,0.0
3858,2ddb8a77091ace2c6,True,,,,,,,,,,1.0,1.0,1.0,1.0,0.5604254514905456,1.0,1.0,1.0,1.0,0.8626329535907955
3859,40e5f23e7c1df8791,True,,,,,,,,,,1.0,1.0,0.5,1.0,0.7184896979902285,1.0,1.0,1.0,0.0,0.3935140153109732
3860,3e552e543e3533e54,True,,,,,,,,,,1.0,1.0,1.0,1.0,0.6355596220556694,1.0,0.0,1.0,0.0,0.6361123818923967
3861,aac5e172e96b86e25,True,,,,,,,,,,1.0,1.0,0.0,1.0,1.0,1.0,0.0,1.0,1.0,0.0
3862,50119f57063995e29,True,,,,,,,,,,0.0,1.0,1.0,1.0,1.0,0.0,1.0,1.0,0.0,0.0
3863,49922a7c280248e59,True,,,,,,,,,,1.0,1.0,1.0,1.0,0.6845634006564459,1.0,1.0,1.0,1.0,0.9014260627051394
3864,f8d974540bdca9c27,True,,,,,,,,,,1.0,0.0,0.0,1.0,1.0,1.0,0.0,1.0,1.0,0.0
3865,b58fa3cc9262a73d1,True,,,,,,,,,,0.0,1.0,1.0,1.0,1.0,0.0,1.0,1.0,1.0,0.0
3866,39ebfd58dcc9b5aea,True,,,,,,,,,,0.0,0.0,0.0,1.0,1.0,0.0,0.0,1.0,1.0,0.0
3867,7c851ab07e3f1d15f,True,,,,,,,,,,1.0,1.0,1.0,1.0,0.8355870623180637,1.0,1.0,1.0,1.0,0.9486209569743949
3868,697d22c3f19ab6820,True,,,,,,,,,,1.0,0.0,1.0,1.0,0.8059750429570802,1.0,0.0,1.0,0.0,0.0
3869,63a044757376360cc,True,,,,,,,,,,1.0,1.0,1.0,1.0,0.8541830528473284,1.0,0.0,0.0,0.0,0.5794322040147901
3870,d44e744043dbb77b1,True,,,,,,,,,,1.0,1.0,1.0,1.0,0.8178552878124605,1.0,1.0,1.0,1.0,0.9430797774413939
3871,fcba11bedf38fce20,True,,,,,,,,,,1.0,1.0,1.0,1.0,0.639930436177454,1.0,1.0,1.0,1.0,0.8874782613054544
3872,28e1ed77c94cf4d91,True,,,,,,,,,,1.0,1.0,1.0,1.0,0.9093414397986379,1.0,1.0,1.0,1.0,0.9716691999370743
3873,4f21dca90878d8a58,True,,,,,,,,,,1.0,1.0,1.0,1.0,0.6850502265469286,1.0,1.0,0.0,0.0,0.6515781957959152
3874,6eff7e6fb5d5bcf04,True,,,,,,,,,,1.0,1.0,1.0,1.0,0.9979597773787026,1.0,1.0,1.0,0.0,0.8743624304308446
3875,3ded0591b23a7df67,True,,,,,,,,,,1.0,1.0,1.0,1.0,0.8281586920825329,1.0,1.0,1.0,0.0,0.8212995912757916
3876,f93686a7de229c648,True,,,,,,,,,,1.0,1.0,1.0,1.0,0.9402970656062517,1.0,0.0,1.0,1.0,0.8563428330019537
3877,854521fa54e11652c,True,,,,,,,,,,1.0,1.0,1.0,1.0,1.0,1.0,1.0,1.0,0.0,0.875
3878,3ff3a293385e2be07,True,,,,,,,,,,1.0,0.0,1.0,1.0,0.6033929271903177,1.0,1.0,1.0,1.0,0.0
3879,c855eb02dea11b02e,True,,,,,,,,,,1.0,1.0,0.0,1.0,1.0,1.0,0.0,1.0,0.0,0.0
3880,996756f9de2d21bac,True,,,,,,,,,,1.0,1.0,1.0,1.0,1.0,1.0,1.0,1.0,1.0,1.0
3881,71afcb9b1ac436e14,True,,,,,,,,,,1.0,1.0,1.0,1.0,0.8731986910199696,1.0,1.0,1.0,1.0,0.9603745909437404
3882,28c1180e271272d18,True,,,,,,,,,,1.0,0.0,1.0,1.0,1.0,1.0,1.0,1.0,0.0,0.0
3883,8c3b732ea1b87e65b,True,,,,,,,,,,1.0,1.0,1.0,1.0,0.5655525124493587,1.0,1.0,1.0,0.0,0.7392351601404246
3884,a3b3172d137c4851c,True,,,,,,,,,,0.0,1.0,1.0,1.0,1.0,0.0,1.0,1.0,1.0,0.0
3885,10f3932f4f651de8c,True,,,,,,,,,,1.0,0.0,1.0,1.0,1.0,1.0,1.0,1.0,1.0,0.0
3886,9fe9464c7d920430e,True,,,,,,,,,,1.0,0.0,0.5,1.0,1.0,1.0,0.0,1.0,1.0,0.0
3887,9db9a548b803b14d9,True,,,,,,,,,,1.0,1.0,1.0,1.0,0.7684520920960406,1.0,0.0,1.0,1.0,0.8026412787800127
3888,c2a3b350db0887b64,True,,,,,,,,,,1.0,1.0,1.0,1.0,0.8585104199635198,1.0,0.0,1.0,1.0,0.8307845062385999
3889,41c255d09766b4099,True,,,,,,,,,,0.0,1.0,1.0,1.0,1.0,0.0,0.0,1.0,0.0,0.0
3890,a5905de8a4fa82e21,True,,,,,,,,,,1.0,0.0,1.0,1.0,0.7806757501947925,1.0,0.0,1.0,1.0,0.0
3891,daf6f2775f3fee4c9,True,,,,,,,,,,1.0,1.0,1.0,1.0,0.907595268102047,1.0,0.0,1.0,1.0,0.8461235212818897
3892,a1ec47d4c6a4ac611,True,,,,,,,,,,0.0,0.0,0.0,1.0,1.0,0.0,0.0,1.0,0.0,0.0
3893,50bb35a33ba92cd52,True,,,,,,,,,,0.0,1.0,1.0,1.0,1.0,0.0,1.0,1.0,0.0,0.0
3894,321422cad3f85a6a3,True,,,,,,,,,,0.0,0.0,0.0,1.0,1.0,0.0,0.0,1.0,1.0,0.0
3895,8ed1946abef82fdb9,True,,,,,,,,,,1.0,1.0,1.0,1.0,0.6226157939749506,1.0,0.0,1.0,1.0,0.757067435617172
3896,5922fad17f2f5e59f,True,,,,,,,,,,0.0,0.0,0.0,1.0,1.0,0.0,0.0,1.0,1.0,0.0
3897,3a833c6bb917d783d,True,,,,,,,,,,0.0,1.0,1.0,1.0,1.0,0.0,1.0,1.0,0.0,0.0
3898,2cc336777225529c2,True,,,,,,,,,,1.0,1.0,0.5,1.0,1.0,1.0,1.0,1.0,1.0,0.5
3899,7aa5cbd37497728d5,True,,,,,,,,,,1.0,1.0,1.0,1.0,0.828856585786359,1.0,1.0,1.0,0.0,0.8215176830582371
3900,77dea5b8b12d56203,True,,,,,,,,,,1.0,1.0,1.0,1.0,0.1847067085255134,1.0,1.0,0.0,0.0,0.4952208464142229
3901,754d33f5c0419048c,True,,,,,,,,,,1.0,1.0,0.5,1.0,0.9219105689016048,1.0,1.0,1.0,0.0,0.42529852639087573
3902,aae1be1d1482069d0,True,,,,,,,,,,0.0,0.0,1.0,1.0,1.0,0.0,0.0,1.0,1.0,0.0
3903,1d9d3ed0717ab4ffd,True,,,,,,,,,,0.5,1.0,1.0,1.0,0.758619418194395,0.0,0.0,1.0,0.0,0.18103428409287423
3904,a4dd32146e7a66591,True,,,,,,,,,,1.0,1.0,1.0,1.0,0.8149982981588559,1.0,1.0,1.0,1.0,0.9421869681746424
3905,7e1f129d7bf7e7065,True,,,,,,,,,,1.0,1.0,1.0,1.0,1.0,1.0,1.0,1.0,0.0,0.875
3906,951dde0b224c880bd,True,,,,,,,,,,1.0,1.0,1.0,1.0,0.7517421399977181,1.0,1.0,1.0,1.0,0.9224194187492869
3907,e52b7d36af99f123d,True,,,,,,,,,,1.0,1.0,1.0,1.0,0.6471455295710653,1.0,1.0,1.0,1.0,0.889732977990958
3908,c85aa35e5a8c7e1cc,True,,,,,,,,,,1.0,1.0,1.0,1.0,0.6952871767684395,1.0,0.0,1.0,1.0,0.7797772427401374
3909,fc8281af0699f4976,True,,,,,,,,,,1.0,1.0,1.0,1.0,0.7960753292274586,1.0,0.0,1.0,1.0,0.8112735403835808
3910,198e5922fee004f44,True,,,,,,,,,,1.0,0.0,1.0,1.0,0.8612309298204315,1.0,1.0,1.0,1.0,0.0
3911,3d093356af980da3c,True,,,,,,,,,,1.0,1.0,1.0,1.0,0.8164839735974599,1.0,1.0,1.0,1.0,0.9426512417492062
3912,6fe71c9fa733e801d,True,,,,,,,,,,1.0,1.0,1.0,1.0,0.8727478518629234,1.0,1.0,1.0,1.0,0.9602337037071635
3913,ab3eab42ac8debb31,True,,,,,,,,,,1.0,1.0,1.0,1.0,0.7821114307695515,1.0,1.0,1.0,1.0,0.9319098221154849
3914,a71664743c9a3ca78,True,,,,,,,,,,1.0,1.0,1.0,1.0,0.7297969974052984,1.0,0.0,1.0,1.0,0.7905615616891557
3915,412fcdb7f8f144443,True,,,,,,,,,,1.0,1.0,1.0,1.0,1.0,1.0,1.0,1.0,1.0,1.0
3916,2a862303c565d9ca9,True,,,,,,,,,,1.0,1.0,1.0,1.0,1.0,1.0,0.0,1.0,1.0,0.875
3917,76cde40b4dab9f0f1,True,,,,,,,,,,0.0,0.0,1.0,1.0,1.0,0.0,1.0,1.0,0.0,0.0
3918,1dc510be8e058122d,True,,,,,,,,,,1.0,1.0,1.0,1.0,0.6750100283463778,1.0,1.0,1.0,1.0,0.8984406338582431
3919,aa6de707b22dadf30,True,,,,,,,,,,1.0,0.0,1.0,1.0,0.9903809029409343,1.0,0.0,1.0,1.0,0.0
3920,762f200cb2556d1a2,True,,,,,,,,,,0.0,0.0,1.0,1.0,1.0,0.0,1.0,1.0,0.0,0.0
3921,284604b19e5b66780,True,,,,,,,,,,1.0,0.0,1.0,1.0,0.6139255802926148,1.0,1.0,1.0,1.0,0.0
3922,d405764e71ecb1286,True,,,,,,,,,,1.0,1.0,1.0,1.0,1.0,1.0,0.0,1.0,0.0,0.75
3923,f0ec163fc911ff8bb,True,,,,,,,,,,1.0,1.0,1.0,1.0,1.0,1.0,1.0,1.0,0.0,0.875
3924,01edf32aa82765229,True,,,,,,,,,,1.0,0.0,0.0,1.0,1.0,1.0,0.0,1.0,0.0,0.0
3925,0286ad2f0fec1df3b,True,,,,,,,,,,0.0,1.0,1.0,1.0,0.9645756919064218,0.0,0.0,0.0,0.0,0.0
3926,1dcbc0a4f06515ca6,True,,,,,,,,,,1.0,1.0,1.0,1.0,0.8137468004680025,1.0,0.0,1.0,1.0,0.8167958751462507
3927,e71523844476db4f4,True,,,,,,,,,,1.0,1.0,1.0,1.0,0.8529390660704795,1.0,0.0,1.0,0.0,0.7040434581470248
3928,be5258dc2386ca4e3,True,,,,,,,,,,1.0,1.0,0.5,1.0,1.0,1.0,0.0,1.0,0.0,0.375
3929,a2b6df5b32c01b3d9,True,,,,,,,,,,1.0,0.0,0.0,1.0,1.0,1.0,0.0,1.0,1.0,0.0
3930,f7f422a9d4e7a419f,True,,,,,,,,,,1.0,0.0,1.0,1.0,0.3467834058170586,1.0,0.0,1.0,0.0,0.0
3931,c2e48998f58fcf229,True,,,,,,,,,,1.0,1.0,1.0,1.0,0.5286666848028373,1.0,1.0,1.0,0.0,0.7277083390008867
3932,fd2cd8e0a11510837,True,,,,,,,,,,1.0,0.0,1.0,1.0,0.4623698804390313,1.0,0.0,1.0,1.0,0.0
3933,b77eab715fa3e5a65,True,,,,,,,,,,1.0,1.0,1.0,1.0,0.7955596550720214,1.0,1.0,1.0,1.0,0.9361123922100067
3934,2c1063aa4f44cf5f4,True,,,,,,,,,,1.0,1.0,0.0,1.0,1.0,1.0,0.0,1.0,1.0,0.0
3935,c481b1ded8232fa61,True,,,,,,,,,,1.0,0.0,1.0,1.0,0.8758390430816,1.0,1.0,1.0,0.0,0.0
3936,6d4656583dbcb0d29,True,,,,,,,,,,1.0,1.0,1.0,1.0,0.45931968721712996,1.0,0.0,1.0,1.0,0.706037402255353
3937,10369bbacaa4e3b7d,True,,,,,,,,,,1.0,1.0,1.0,1.0,0.7501603713553775,1.0,1.0,1.0,0.0,0.7969251160485555
3938,2931dbf8882478baa,True,,,,,,,,,,1.0,0.0,1.0,1.0,1.0,1.0,0.0,1.0,1.0,0.0
3939,34f398e3cb7f66124,True,,,,,,,,,,1.0,1.0,1.0,1.0,1.0,1.0,1.0,1.0,1.0,1.0
3940,b1c87adfc82a52734,True,,,,,,,,,,0.0,1.0,1.0,1.0,1.0,0.0,0.0,1.0,0.0,0.0
3941,e9b4dc8775d9b86e1,True,,,,,,,,,,1.0,0.0,1.0,1.0,0.9743623053599295,1.0,0.0,1.0,1.0,0.0
3942,1d31047f2f32de9e1,True,,,,,,,,,,1.0,0.0,0.0,1.0,1.0,1.0,0.0,1.0,0.0,0.0
3943,4189825e20758be70,True,,,,,,,,,,0.5,0.0,1.0,1.0,0.7330330129116174,1.0,1.0,1.0,1.0,0.0
3944,036aaebb3ee3a09af,True,,,,,,,,,,0.0,1.0,0.5,1.0,1.0,0.0,0.0,1.0,1.0,0.0
3945,ece34bc681d6d755f,True,,,,,,,,,,1.0,1.0,1.0,1.0,0.6341168891441062,1.0,1.0,1.0,1.0,0.8856615278575333
3946,3df563a8c00556068,True,,,,,,,,,,1.0,1.0,1.0,1.0,0.631018731779291,1.0,1.0,1.0,0.0,0.7596933536810284
3947,599d18ef0c8b9c894,True,,,,,,,,,,0.0,1.0,1.0,0.0,1.0,0.0,1.0,1.0,0.0,0.0
3948,a8cfebbab95e53606,True,,,,,,,,,,1.0,1.0,1.0,1.0,0.6145477335696488,1.0,1.0,1.0,1.0,0.8795461667405152
3949,73f7119a7b5a0b42c,True,,,,,,,,,,1.0,1.0,1.0,1.0,0.6315727386069396,1.0,1.0,1.0,1.0,0.8848664808146687
3950,ac187965e42f68435,True,,,,,,,,,,1.0,0.0,0.0,1.0,1.0,1.0,1.0,1.0,1.0,0.0
3951,0b204ead40703c13f,True,,,,,,,,,,1.0,1.0,1.0,1.0,0.6492296629601787,1.0,1.0,1.0,0.0,0.7653842696750559
3952,946b593648412d83c,True,,,,,,,,,,1.0,1.0,1.0,1.0,1.0,1.0,1.0,1.0,0.0,0.875
3953,58a779e8d452e3877,True,,,,,,,,,,0.0,1.0,1.0,1.0,0.9762850929961912,0.0,1.0,1.0,0.0,0.0
3954,1fb46d16a4f179ce1,True,,,,,,,,,,1.0,1.0,0.0,1.0,1.0,1.0,0.0,1.0,1.0,0.0
3955,7b24f810cbd1a8c5a,True,,,,,,,,,,0.0,0.0,0.5,1.0,1.0,0.0,0.0,1.0,1.0,0.0
3956,6f6dd61939e44a14a,True,,,,,,,,,,1.0,1.0,1.0,1.0,0.8274253352315815,1.0,0.0,1.0,0.0,0.6960704172598692
3957,af26e74f0d5def154,True,,,,,,,,,,1.0,1.0,1.0,1.0,0.773984643112896,1.0,0.0,1.0,1.0,0.80437020097278
3958,d338d0b0f53782114,True,,,,,,,,,,1.0,1.0,1.0,1.0,0.9124205788858544,1.0,0.0,1.0,0.0,0.7226314309018295
3959,ea57c9c13c9526722,True,,,,,,,,,,0.0,0.0,1.0,1.0,1.0,0.0,0.0,1.0,1.0,0.0
3960,b7161060a1ad34cc6,True,,,,,,,,,,1.0,0.0,0.0,1.0,1.0,1.0,0.0,1.0,0.0,0.0
3961,d02247bc43841f48b,True,,,,,,,,,,0.0,1.0,1.0,1.0,1.0,0.0,0.0,1.0,0.0,0.0
3962,2f1ef51a33585046a,True,,,,,,,,,,1.0,1.0,1.0,1.0,1.0,1.0,0.0,1.0,1.0,0.875
3963,0cd9ea86052a0b8e1,True,,,,,,,,,,1.0,1.0,1.0,1.0,0.6947374472521012,1.0,1.0,1.0,1.0,0.9046054522662816
3964,40e3b1336b570fbf6,True,,,,,,,,,,1.0,1.0,0.0,1.0,1.0,1.0,0.0,1.0,0.0,0.0
3965,0cdb9c6ab183da958,True,,,,,,,,,,1.0,1.0,1.0,1.0,0.7217284638929973,1.0,1.0,1.0,1.0,0.9130401449665617
3966,f507ae7c610fe346a,True,,,,,,,,,,1.0,0.0,1.0,0.0,1.0,1.0,1.0,1.0,1.0,0.0
3967,01b75264953369ae4,True,,,,,,,,,,1.0,1.0,0.0,1.0,1.0,1.0,0.0,1.0,1.0,0.0
3968,f69feac0ce4643512,True,,,,,,,,,,1.0,1.0,1.0,1.0,0.8294984661322916,1.0,0.0,1.0,1.0,0.8217182706663411
3969,7fda1bb28d64c96f0,True,,,,,,,,,,1.0,0.0,1.0,1.0,1.0,1.0,0.0,1.0,0.0,0.0
3970,6ccefb14640c0647d,True,,,,,,,,,,1.0,1.0,1.0,1.0,0.4924189160951028,1.0,0.0,1.0,1.0,0.7163809112797196
3971,b4590a06173d6c3f0,True,,,,,,,,,,1.0,1.0,1.0,1.0,0.9592369098173793,1.0,0.0,0.0,0.0,0.612261534317931
3972,ace512518cdd33ce6,True,,,,,,,,,,1.0,0.0,0.5,1.0,1.0,1.0,1.0,1.0,0.0,0.0
3973,49fd1c147826df430,True,,,,,,,,,,1.0,1.0,1.0,1.0,0.795262681820772,1.0,1.0,1.0,0.0,0.8110195880689912
3974,58a0f95c3ba9a97b9,True,,,,,,,,,,1.0,1.0,1.0,1.0,0.9805396879002474,1.0,0.0,1.0,1.0,0.8689186524688273
3975,b7f82c0f75ba493fc,True,,,,,,,,,,1.0,0.0,0.5,1.0,0.7137663993954457,1.0,1.0,1.0,0.0,0.0
3976,71755f3b7a0b20f35,True,,,,,,,,,,0.0,0.0,1.0,1.0,1.0,0.0,1.0,1.0,0.0,0.0
3977,fb36accc7106e30af,True,,,,,,,,,,1.0,0.0,1.0,1.0,0.5170092941719391,1.0,0.0,1.0,0.0,0.0
3978,debbba18b341ebebb,True,,,,,,,,,,1.0,1.0,1.0,1.0,0.5887113602082942,1.0,1.0,1.0,0.0,0.7464723000650919
3979,3f8f80892c70b7c5f,True,,,,,,,,,,1.0,0.0,1.0,1.0,1.0,1.0,1.0,1.0,0.0,0.0
3980,7ff58b20e56a787e0,True,,,,,,,,,,1.0,1.0,0.0,1.0,1.0,1.0,0.0,1.0,0.0,0.0
3981,c0d579f499c38fe45,True,,,,,,,,,,1.0,1.0,1.0,1.0,0.731780672408881,1.0,0.0,1.0,1.0,0.7911814601277753
3982,0206d7321fb32894a,True,,,,,,,,,,1.0,1.0,1.0,1.0,0.6087345809845999,1.0,1.0,1.0,1.0,0.8777295565576875
3983,3b0bf79a32b642604,True,,,,,,,,,,1.0,0.0,1.0,1.0,1.0,1.0,0.0,0.0,0.0,0.0
3984,4466bfd1bb50dfc53,True,,,,,,,,,,1.0,1.0,1.0,1.0,0.7158995833460543,1.0,1.0,1.0,0.0,0.786218619795642
3985,1f91f3523e536e074,True,,,,,,,,,,1.0,1.0,1.0,1.0,0.9229914289758333,1.0,0.0,1.0,1.0,0.8509348215549479
3986,2676c3c7286b4756a,True,,,,,,,,,,0.0,0.0,1.0,1.0,0.6986833397479314,0.0,1.0,1.0,1.0,0.0
3987,8d2018c3d25b185de,True,,,,,,,,,,1.0,1.0,1.0,1.0,0.7355356041445253,1.0,1.0,1.0,1.0,0.9173548762951642
3988,ed92b02e2867b4579,True,,,,,,,,,,0.0,1.0,0.5,1.0,1.0,0.0,1.0,1.0,1.0,0.0
3989,c6c91a989e2c0ae69,True,,,,,,,,,,1.0,1.0,1.0,1.0,0.6792618972425649,1.0,1.0,1.0,0.0,0.7747693428883016
3990,8eddcff969b67fe18,True,,,,,,,,,,1.0,1.0,1.0,1.0,0.5051628663646589,1.0,1.0,1.0,1.0,0.8453633957389559
3991,879334719374ec947,True,,,,,,,,,,0.0,1.0,1.0,1.0,0.8668447685857833,0.0,1.0,1.0,1.0,0.0
3992,d16bc6d48c2d674bc,True,,,,,,,,,,1.0,1.0,0.0,1.0,1.0,1.0,0.0,1.0,1.0,0.0
3993,b37e58b47596bc081,True,,,,,,,,,,1.0,1.0,0.5,1.0,1.0,1.0,1.0,0.0,0.0,0.375
3994,8d7f7a041d0f59275,True,,,,,,,,,,1.0,1.0,0.5,1.0,0.8902224513305144,1.0,0.0,1.0,1.0,0.42034725802039286
3995,5a89225b2405d13d7,True,,,,,,,,,,1.0,1.0,1.0,1.0,0.9058136754168349,1.0,0.0,1.0,1.0,0.8455667735677609
3996,52998366db81d0fca,True,,,,,,,,,,1.0,1.0,1.0,1.0,0.694132198303835,1.0,1.0,1.0,1.0,0.9044163119699484
3997,5fb2ee221c72e08b2,True,,,,,,,,,,1.0,1.0,1.0,1.0,1.0,1.0,1.0,1.0,0.0,0.875
3998,20264c75b9737127d,True,,,,,,,,,,1.0,1.0,1.0,1.0,0.9369368394583626,1.0,1.0,1.0,0.0,0.8552927623307383
3999,a5dae75091c9d8f94,True,,,,,,,,,,1.0,0.0,1.0,1.0,1.0,1.0,0.0,1.0,1.0,0.0
4000,5f02891c6336297bf,True,,,,,,,,,,1.0,1.0,1.0,1.0,1.0,1.0,1.0,1.0,0.0,0.875
4001,e4b33d7affe423d8f,True,,,,,,,,,,1.0,1.0,1.0,1.0,1.0,1.0,1.0,1.0,1.0,1.0
4002,bfc933fd0598219c3,True,,,,,,,,,,1.0,0.0,0.0,1.0,1.0,1.0,0.0,1.0,0.0,0.0
4003,a52a1bf87700c06b5,True,,,,,,,,,,1.0,1.0,0.5,1.0,1.0,1.0,0.0,1.0,0.0,0.375
4004,23ab7eb5b925e86ab,True,,,,,,,,,,1.0,1.0,0.0,1.0,1.0,1.0,0.0,1.0,1.0,0.0
4005,99d9ea218424b8b69,True,,,,,,,,,,1.0,1.0,1.0,1.0,1.0,1.0,1.0,1.0,0.0,0.875
4006,ee232d7fae40f5bcc,True,,,,,,,,,,1.0,0.0,1.0,1.0,1.0,1.0,1.0,1.0,1.0,0.0
4007,0105e5486cfb69483,True,,,,,,,,,,1.0,1.0,1.0,1.0,0.579955694030606,1.0,1.0,1.0,0.0,0.7437361543845644
4008,686930fbb99ca475c,True,,,,,,,,,,1.0,1.0,1.0,1.0,0.24458550174376212,1.0,0.0,1.0,1.0,0.6389329692949257
4009,0cd1d84434c6f5d44,True,,,,,,,,,,0.0,0.0,0.0,1.0,1.0,0.0,0.0,1.0,0.0,0.0
4010,8bd9cc5482864e291,True,,,,,,,,,,1.0,0.0,0.0,1.0,1.0,1.0,0.0,1.0,1.0,0.0
4011,72df155b106ed7e16,True,,,,,,,,,,1.0,0.0,1.0,1.0,0.6967442482445055,1.0,1.0,1.0,1.0,0.0
4012,096330032f89cefb3,True,,,,,,,,,,1.0,1.0,1.0,1.0,0.8547809861062095,1.0,1.0,1.0,0.0,0.8296190581581905
4013,0c23e365770faecb8,True,,,,,,,,,,1.0,1.0,0.0,1.0,1.0,1.0,0.0,1.0,0.0,0.0
4014,14a48836a583fe310,True,,,,,,,,,,1.0,1.0,1.0,1.0,1.0,1.0,0.0,1.0,0.0,0.75
4015,253e19e9e77501575,True,,,,,,,,,,1.0,1.0,1.0,1.0,0.826253402517281,1.0,1.0,1.0,0.0,0.8207041882866504
4016,d87106abfc25f2fab,True,,,,,,,,,,1.0,0.0,1.0,1.0,1.0,1.0,0.0,0.0,0.0,0.0
4017,c0ec09e19eaff83c9,True,,,,,,,,,,1.0,1.0,1.0,1.0,1.0,1.0,0.0,1.0,1.0,0.875
4018,b6a166b330b3673a8,True,,,,,,,,,,1.0,1.0,1.0,1.0,0.7509445218421694,1.0,1.0,1.0,0.0,0.797170163075678
4019,07c7971b452106335,True,,,,,,,,,,1.0,1.0,1.0,1.0,0.8950324590410436,1.0,1.0,1.0,0.0,0.8421976434503261
4020,8b6ef443197adad55,True,,,,,,,,,,1.0,0.0,1.0,1.0,1.0,1.0,1.0,1.0,1.0,0.0
4021,709f734811414136f,True,,,,,,,,,,1.0,1.0,1.0,1.0,0.9840856536572007,1.0,1.0,1.0,1.0,0.9950267667678752
4022,86503ecf3c1b0f902,True,,,,,,,,,,1.0,1.0,1.0,1.0,0.8341489702420073,1.0,1.0,1.0,0.0,0.8231715532006273
4023,77591ae74db6e241c,True,,,,,,,,,,0.5,0.0,1.0,1.0,1.0,0.0,1.0,1.0,1.0,0.0
4024,6b8ebd7a081ffa425,True,,,,,,,,,,1.0,0.0,0.0,1.0,1.0,1.0,0.0,1.0,0.0,0.0
4025,b51b8bf8d757ee5de,True,,,,,,,,,,1.0,1.0,1.0,1.0,0.8881507495420842,1.0,0.0,1.0,1.0,0.8400471092319013
4026,4689ca7c12d8569bc,True,,,,,,,,,,1.0,1.0,1.0,1.0,0.744979476530099,1.0,1.0,1.0,0.0,0.7953060864156559
4027,8f8fa607cf20ce163,True,,,,,,,,,,1.0,1.0,1.0,1.0,0.7275724572592509,1.0,1.0,1.0,1.0,0.9148663928935159
4028,fe454c84ae38cb664,True,,,,,,,,,,1.0,1.0,1.0,1.0,0.9758790016048976,1.0,1.0,1.0,0.0,0.8674621880015305
4029,8e870ed69a2cd9267,True,,,,,,,,,,1.0,1.0,1.0,1.0,1.0,1.0,1.0,1.0,0.0,0.875
4030,1189a6ada09f1958a,True,,,,,,,,,,1.0,1.0,1.0,1.0,1.0,1.0,1.0,1.0,0.0,0.875
4031,255fdde0f485718e4,True,,,,,,,,,,0.0,0.0,1.0,1.0,1.0,0.0,0.0,1.0,0.0,0.0
4032,29cd08f6390e4f790,True,,,,,,,,,,1.0,1.0,1.0,1.0,0.6534502577786346,1.0,1.0,1.0,0.0,0.7667032055558234
4033,928a526fdbbdedce9,True,,,,,,,,,,0.0,1.0,1.0,1.0,1.0,0.0,0.0,1.0,0.0,0.0
4034,3f8a80414eacde90b,True,,,,,,,,,,1.0,1.0,1.0,1.0,0.7690139149315863,1.0,1.0,1.0,1.0,0.9278168484161207
4035,53932082fb71ad6d8,True,,,,,,,,,,1.0,1.0,1.0,1.0,0.6864821636986429,1.0,1.0,1.0,0.0,0.7770256761558259
4036,168a27b36c1bcf538,True,,,,,,,,,,1.0,1.0,0.0,1.0,1.0,1.0,0.0,1.0,1.0,0.0
4037,ff4cc095b1e90f672,True,,,,,,,,,,1.0,1.0,1.0,1.0,0.7740306414523895,1.0,1.0,1.0,1.0,0.9293845754538718
4038,bf14f0399e0ccf645,True,,,,,,,,,,1.0,1.0,0.5,1.0,0.5817721799881904,1.0,1.0,1.0,0.0,0.37215190312315477
4039,4088cfb3d342b234d,True,,,,,,,,,,1.0,0.0,0.0,1.0,1.0,1.0,0.0,1.0,0.0,0.0
4040,a34d3365f758f1c85,True,,,,,,,,,,1.0,1.0,1.0,1.0,0.8644023089578771,1.0,0.0,1.0,1.0,0.8326257215493366
4041,84ca2983c8da58e9b,True,,,,,,,,,,1.0,1.0,1.0,1.0,1.0,1.0,0.0,1.0,0.0,0.75
4042,54d9c82ef12c0980e,True,,,,,,,,,,1.0,1.0,1.0,1.0,0.6869110156155439,1.0,0.0,1.0,1.0,0.7771596923798575
4043,74e68e4dba8d14dfa,True,,,,,,,,,,1.0,0.0,1.0,1.0,1.0,1.0,1.0,1.0,0.0,0.0
4044,1d0587c2228e349ac,True,,,,,,,,,,1.0,1.0,1.0,1.0,0.6291699722399938,1.0,1.0,1.0,0.0,0.7591156163249981
4045,c4c4fa45496336f70,True,,,,,,,,,,1.0,1.0,0.0,1.0,1.0,1.0,0.0,1.0,1.0,0.0
4046,c379f5f53ec8ac236,True,,,,,,,,,,1.0,1.0,1.0,1.0,0.9969665586697285,1.0,0.0,1.0,1.0,0.8740520495842902
4047,bb515ff29da41dc33,True,,,,,,,,,,0.0,1.0,1.0,1.0,1.0,0.0,0.0,1.0,0.0,0.0
4048,19d93db92ab5bcc09,True,,,,,,,,,,1.0,1.0,1.0,1.0,0.8093823706972507,1.0,1.0,1.0,0.0,0.8154319908428909
4049,705844c20fec39ce6,True,,,,,,,,,,1.0,1.0,1.0,1.0,0.961586927289208,1.0,1.0,1.0,0.0,0.8629959147778775
4050,b9a43db97480bc666,True,,,,,,,,,,1.0,0.0,0.0,1.0,1.0,1.0,0.0,1.0,1.0,0.0
4051,d87e1dbb0017ab960,True,,,,,,,,,,1.0,0.0,1.0,1.0,0.5260306631426044,1.0,0.0,1.0,1.0,0.0
4052,01fd6ca416dc0630c,True,,,,,,,,,,1.0,0.0,0.0,1.0,1.0,1.0,0.0,1.0,0.0,0.0
4053,5e5905ae1266bc1cb,True,,,,,,,,,,1.0,1.0,1.0,1.0,0.7319833309930651,1.0,1.0,1.0,1.0,0.9162447909353328
4054,47a79d5ba0ff53156,True,,,,,,,,,,1.0,0.0,1.0,1.0,1.0,1.0,1.0,1.0,0.0,0.0
4055,87d737da1d3ba4b40,True,,,,,,,,,,0.0,1.0,1.0,1.0,1.0,0.0,1.0,1.0,0.0,0.0
4056,523e6115068b06a33,True,,,,,,,,,,1.0,1.0,1.0,1.0,1.0,1.0,1.0,0.0,0.0,0.75
4057,9d5ce658b960c75f6,True,,,,,,,,,,1.0,1.0,1.0,1.0,0.3193671671695758,1.0,0.0,1.0,1.0,0.6623022397404924
4058,d9b6f0d1e16d88b7e,True,,,,,,,,,,0.0,1.0,0.5,1.0,1.0,0.0,1.0,1.0,0.0,0.0
4059,fb83d9aa77ed50be0,True,,,,,,,,,,1.0,1.0,1.0,1.0,1.0,1.0,1.0,1.0,1.0,1.0
4060,a4564a26800be40aa,True,,,,,,,,,,1.0,1.0,0.5,1.0,1.0,0.0,0.0,1.0,1.0,0.28125
4061,3c8afefbaf08142c1,True,,,,,,,,,,1.0,0.0,0.0,1.0,1.0,1.0,0.0,1.0,1.0,0.0
4062,d9cc3b5dd80f7b6bd,True,,,,,,,,,,1.0,1.0,1.0,1.0,0.4515735416521545,1.0,0.0,1.0,0.0,0.5786167317662982
4063,161ae204e36c7312b,True,,,,,,,,,,1.0,0.0,1.0,1.0,0.3934185099090928,1.0,0.0,1.0,1.0,0.0
4064,a83b75532f5ded9db,True,,,,,,,,,,0.0,1.0,0.5,1.0,1.0,0.0,0.0,1.0,0.0,0.0
4065,17ff329e83009189d,True,,,,,,,,,,1.0,1.0,0.5,1.0,0.6443847637014831,1.0,0.0,1.0,1.0,0.3819351193283567
4066,9e0cc66836c767421,True,,,,,,,,,,1.0,1.0,1.0,1.0,0.9265468553702391,1.0,1.0,1.0,1.0,0.9770458923031997
4067,c13c2ca0a9374dc3c,True,,,,,,,,,,1.0,1.0,1.0,1.0,0.8389287379706976,1.0,0.0,1.0,0.0,0.699665230615843
4068,a4dff43b479ee5041,True,,,,,,,,,,1.0,1.0,0.0,1.0,1.0,1.0,0.0,1.0,1.0,0.0
4069,256b8c1f799d1f6a1,True,,,,,,,,,,1.0,1.0,1.0,1.0,0.7574964474553545,1.0,0.0,1.0,1.0,0.7992176398297983
4070,fa5f831bdaa6b6167,True,,,,,,,,,,1.0,1.0,0.5,1.0,1.0,1.0,0.0,1.0,0.0,0.375
4071,4b9efbcd44942d553,True,,,,,,,,,,1.0,1.0,1.0,1.0,0.5512278847396406,1.0,1.0,1.0,0.0,0.7347587139811377
4072,d55cfce0d6370e76b,True,,,,,,,,,,1.0,1.0,1.0,1.0,0.7970571084389798,1.0,0.0,1.0,1.0,0.8115803463871811
4073,1d52003f3b3835dcd,True,,,,,,,,,,1.0,1.0,0.5,1.0,1.0,1.0,0.0,1.0,1.0,0.4375
4074,e4e521f407f1c30df,True,,,,,,,,,,0.0,1.0,1.0,1.0,1.0,0.0,1.0,1.0,0.0,0.0
4075,92f6dfd3e7865475c,True,,,,,,,,,,1.0,0.0,1.0,1.0,0.9234050485936937,1.0,1.0,1.0,1.0,0.0
4076,0a61ab78c3fb6fbe9,True,,,,,,,,,,0.0,1.0,1.0,1.0,1.0,0.0,1.0,1.0,0.0,0.0
4077,3bcc1dd4e60503094,True,,,,,,,,,,1.0,1.0,1.0,1.0,0.7086557131626082,1.0,0.0,1.0,0.0,0.6589549103633151
4078,81523e3e502f7fd7f,True,,,,,,,,,,1.0,1.0,0.5,1.0,1.0,1.0,1.0,1.0,0.0,0.4375
4079,9ca95a29837848e74,True,,,,,,,,,,1.0,1.0,1.0,1.0,0.589106191790449,1.0,0.0,0.0,0.0,0.49659568493451534
4080,896888ec148c2c4cb,True,,,,,,,,,,0.0,1.0,1.0,1.0,0.8542540140531549,0.0,0.0,1.0,1.0,0.0
4081,2a8ffeaa7391e73c7,True,,,,,,,,,,1.0,0.0,1.0,1.0,1.0,1.0,1.0,1.0,1.0,0.0
4082,bba1435e11b43591b,True,,,,,,,,,,1.0,1.0,1.0,1.0,0.8270131610010474,0.0,1.0,1.0,1.0,0.6334416128128273
4083,10e6f976d1a03f693,True,,,,,,,,,,1.0,0.0,1.0,1.0,0.9063068845696614,1.0,1.0,1.0,1.0,0.0
4084,59837e4159b9ac2a4,True,,,,,,,,,,1.0,1.0,1.0,1.0,0.72000771426935,1.0,0.0,1.0,1.0,0.7875024107091719
4085,03a07d09ea9a5a563,True,,,,,,,,,,0.0,1.0,1.0,1.0,1.0,0.0,0.0,1.0,1.0,0.0
4086,7e5bed686151e791e,True,,,,,,,,,,1.0,1.0,1.0,1.0,1.0,1.0,1.0,1.0,1.0,1.0
4087,099b82495b2e618d3,True,,,,,,,,,,0.5,0.0,0.5,1.0,0.7401883756233937,1.0,1.0,1.0,1.0,0.0
4088,b2a98e2ef3f3f2ff4,True,,,,,,,,,,1.0,1.0,1.0,1.0,0.8259316757957522,1.0,0.0,1.0,1.0,0.8206036486861725
4089,2d240158ae67d64dd,True,,,,,,,,,,1.0,1.0,0.5,1.0,0.8082119677103463,1.0,0.0,1.0,1.0,0.4075331199547416
4090,bc287d85f89c59202,True,,,,,,,,,,1.0,1.0,0.5,1.0,1.0,1.0,0.0,1.0,0.0,0.375
4091,4428aee2536bf6703,True,,,,,,,,,,1.0,0.0,1.0,1.0,1.0,1.0,0.0,1.0,1.0,0.0
4092,17924fa146add877f,True,,,,,,,,,,1.0,1.0,1.0,1.0,0.6922007544371238,1.0,1.0,1.0,1.0,0.9038127357616013
4093,ba63d32eedc1457fd,True,,,,,,,,,,1.0,1.0,1.0,1.0,0.47563312590710144,1.0,1.0,1.0,0.0,0.7111353518459692
4094,bd9cfcf17b064f7df,True,,,,,,,,,,1.0,0.0,1.0,1.0,0.5104930656193933,1.0,1.0,1.0,1.0,0.0
4095,7926b91284ef771fd,True,,,,,,,,,,1.0,0.0,0.5,1.0,1.0,1.0,1.0,1.0,0.0,0.0
4096,35cc09d55a37ee702,True,,,,,,,,,,1.0,1.0,1.0,1.0,0.5495018802931837,1.0,1.0,1.0,0.0,0.73421933759162
4097,deb3331dfd3043c59,True,,,,,,,,,,0.5,0.0,1.0,1.0,1.0,0.0,0.0,1.0,0.0,0.0
4098,355219fd5c589d7e5,True,,,,,,,,,,0.0,1.0,0.5,1.0,1.0,0.0,0.0,1.0,1.0,0.0
4099,adb8420cc91f10b6d,True,,,,,,,,,,1.0,1.0,1.0,1.0,0.6614086807394916,1.0,1.0,1.0,1.0,0.8941902127310911
4100,fd6e363385145a378,True,,,,,,,,,,1.0,1.0,0.5,1.0,1.0,1.0,0.0,1.0,1.0,0.4375
4101,3a914696b13bea070,True,,,,,,,,,,1.0,1.0,1.0,1.0,0.5786146062131535,1.0,0.0,1.0,1.0,0.7433170644416105
4102,61ea80d6d5820ce2a,True,,,,,,,,,,1.0,1.0,1.0,1.0,1.0,1.0,0.0,1.0,0.0,0.75
4103,ddeb5e032c4e1657a,True,,,,,,,,,,1.0,1.0,1.0,1.0,0.7914251466167,0.0,1.0,1.0,1.0,0.6223203583177188
4104,a677f3956eddc7eac,True,,,,,,,,,,1.0,1.0,0.0,1.0,0.7707308985633838,1.0,0.0,1.0,1.0,0.0
4105,b2be12870f04d58f6,True,,,,,,,,,,1.0,1.0,1.0,1.0,1.0,1.0,1.0,1.0,1.0,1.0
4106,23a9805ef118f909c,True,,,,,,,,,,1.0,1.0,0.0,1.0,0.8625703002310464,1.0,0.0,1.0,0.0,0.0
4107,dc92f82e6715ac493,True,,,,,,,,,,0.0,1.0,1.0,1.0,1.0,0.0,0.0,1.0,1.0,0.0
4108,18cf30de794bcf3f5,True,,,,,,,,,,0.0,0.0,0.5,1.0,1.0,0.0,0.0,1.0,1.0,0.0
4109,3331cabab3946bf78,True,,,,,,,,,,1.0,1.0,1.0,1.0,0.6852390227505717,1.0,1.0,1.0,1.0,0.9016371946095536
4110,f643477a1fb277583,True,,,,,,,,,,1.0,1.0,1.0,1.0,0.8521331335387405,1.0,1.0,1.0,0.0,0.8287916042308564
4111,76112959f0c3cee44,True,,,,,,,,,,1.0,1.0,1.0,1.0,0.5733656337548506,1.0,1.0,1.0,0.0,0.7416767605483908
4112,7442542b3671c78bc,True,,,,,,,,,,1.0,1.0,1.0,1.0,0.7123520620293331,1.0,1.0,1.0,1.0,0.9101100193841666
4113,6d611ec100d73e0e6,True,,,,,,,,,,1.0,0.0,0.5,1.0,0.8653561768152006,1.0,0.0,1.0,1.0,0.0
4114,40e319c83aab2731d,True,,,,,,,,,,1.0,1.0,1.0,1.0,1.0,1.0,0.0,1.0,1.0,0.875
4115,4447196f3f8f1a9e5,True,,,,,,,,,,0.5,0.0,0.0,1.0,1.0,0.0,1.0,1.0,0.0,0.0
4116,f76b309e043384dcf,True,,,,,,,,,,1.0,1.0,0.0,1.0,0.8332314069193014,1.0,0.0,1.0,0.0,0.0
4117,37eb625a0529e1cfa,True,,,,,,,,,,1.0,1.0,1.0,1.0,1.0,1.0,1.0,1.0,0.0,0.875
4118,618e08d8da0ee9129,True,,,,,,,,,,0.0,0.0,1.0,1.0,1.0,0.0,1.0,1.0,0.0,0.0
4119,b3b9360d8f660b634,True,,,,,,,,,,1.0,0.0,1.0,1.0,1.0,1.0,1.0,1.0,0.0,0.0
4120,2c9bdc85f913f14f3,True,,,,,,,,,,1.0,1.0,1.0,1.0,0.7452318039947323,1.0,1.0,1.0,0.0,0.7953849387483538
4121,c6834715d79ac54be,True,,,,,,,,,,0.0,0.0,1.0,1.0,1.0,0.0,1.0,1.0,1.0,0.0
4122,02d45c7622ee47f85,True,,,,,,,,,,1.0,0.0,0.5,1.0,1.0,1.0,1.0,1.0,1.0,0.0
4123,4733330ccf4a023b5,True,,,,,,,,,,1.0,1.0,1.0,1.0,0.5785481455818886,1.0,0.0,1.0,1.0,0.7432962954943402
4124,f295cbd77bfa4efa0,True,,,,,,,,,,1.0,1.0,1.0,1.0,1.0,1.0,0.0,1.0,0.0,0.75
4125,3048f4817a5a5e48b,True,,,,,,,,,,1.0,1.0,1.0,1.0,1.0,1.0,0.0,1.0,1.0,0.875
4126,14a8b09c096718d35,True,,,,,,,,,,1.0,1.0,1.0,1.0,1.0,0.0,1.0,1.0,0.0,0.5625
4127,fa4a246511ab86e8d,True,,,,,,,,,,1.0,0.0,0.0,1.0,1.0,1.0,0.0,1.0,1.0,0.0
4128,0a7f7df8603204c57,True,,,,,,,,,,1.0,1.0,1.0,1.0,0.94266563036654,1.0,1.0,1.0,1.0,0.9820830094895437
4129,86a500b770f0588cb,True,,,,,,,,,,1.0,1.0,1.0,1.0,0.6578889660144039,1.0,1.0,1.0,0.0,0.7680903018795012
4130,477b98093c6f47fcc,True,,,,,,,,,,0.5,0.0,0.5,1.0,1.0,0.0,0.0,1.0,1.0,0.0
4131,54c064bb692276ac7,True,,,,,,,,,,1.0,1.0,1.0,1.0,1.0,1.0,0.0,1.0,0.0,0.75
4132,790a3e3a75361c895,True,,,,,,,,,,1.0,1.0,1.0,1.0,0.7665809485715568,1.0,1.0,1.0,1.0,0.9270565464286115
4133,d0edf77b02ddc46df,True,,,,,,,,,,1.0,1.0,0.0,1.0,1.0,1.0,0.0,1.0,0.0,0.0
4134,c23afa5ae384dc837,True,,,,,,,,,,0.0,0.0,1.0,1.0,1.0,0.0,1.0,1.0,0.0,0.0
4135,ecb1dd4076b28cd84,True,,,,,,,,,,1.0,0.0,1.0,1.0,0.9087373894592506,1.0,1.0,1.0,0.0,0.0
4136,043b764789a077f63,True,,,,,,,,,,1.0,1.0,1.0,1.0,0.7185219991976253,1.0,1.0,1.0,0.0,0.7870381247492579
4137,33acea7dafc3e280a,True,,,,,,,,,,1.0,1.0,1.0,1.0,1.0,1.0,0.0,1.0,0.0,0.75
4138,8abc54b8e7a9ff3ca,True,,,,,,,,,,1.0,1.0,0.5,1.0,1.0,1.0,0.0,1.0,0.0,0.375
4139,234e963b7ceee8f00,True,,,,,,,,,,1.0,1.0,1.0,1.0,0.876982643995924,1.0,1.0,1.0,1.0,0.9615570762487262
4140,97a528bb2a0be2c1c,True,,,,,,,,,,1.0,1.0,0.5,1.0,0.9816400494488257,1.0,0.0,1.0,0.0,0.372131257726379
4141,5713b6b9f58be2004,True,,,,,,,,,,1.0,1.0,1.0,1.0,1.0,1.0,0.0,1.0,0.0,0.75
4142,6e06dc9cb502fab19,True,,,,,,,,,,1.0,1.0,1.0,1.0,1.0,1.0,1.0,1.0,1.0,1.0
4143,904fec4de373b84b3,True,,,,,,,,,,1.0,1.0,1.0,1.0,0.8586731890933996,1.0,0.0,1.0,0.0,0.7058353715916874
4144,fc75e772cd8a739f3,True,,,,,,,,,,1.0,0.0,1.0,1.0,1.0,1.0,1.0,1.0,1.0,0.0
4145,65dbb955b70b6a26d,True,,,,,,,,,,1.0,1.0,1.0,1.0,0.6743117037822718,1.0,1.0,1.0,1.0,0.8982224074319599
4146,c43ce94d4cb321477,True,,,,,,,,,,1.0,1.0,1.0,1.0,0.7062686016336481,1.0,1.0,1.0,1.0,0.908208938010515
4147,803a37fc5a01eb03c,True,,,,,,,,,,1.0,1.0,1.0,1.0,1.0,1.0,0.0,1.0,1.0,0.875
4148,33def08f34be607b9,True,,,,,,,,,,1.0,0.0,1.0,1.0,1.0,1.0,0.0,1.0,0.0,0.0
4149,155b9d04c8ecbdf6e,True,,,,,,,,,,1.0,1.0,1.0,1.0,1.0,1.0,1.0,1.0,1.0,1.0
4150,5b2b7c5762e61f6b5,True,,,,,,,,,,0.0,0.0,1.0,1.0,1.0,0.0,1.0,1.0,1.0,0.0
4151,36350983298c6896a,True,,,,,,,,,,1.0,1.0,1.0,1.0,0.5920372268414221,1.0,1.0,1.0,1.0,0.8725116333879444
4152,6e89fe515e3ad5428,True,,,,,,,,,,1.0,1.0,1.0,1.0,0.8534884534616575,1.0,1.0,1.0,1.0,0.9542151417067679
4153,7feb07f9028c8bf62,True,,,,,,,,,,0.0,1.0,1.0,1.0,1.0,0.0,1.0,1.0,1.0,0.0
4154,6fea2b47f85b2b5c3,True,,,,,,,,,,1.0,1.0,1.0,1.0,0.8656347291596357,1.0,1.0,1.0,1.0,0.9580108528623861
4155,c00dec2389baa0134,True,,,,,,,,,,1.0,1.0,0.5,1.0,0.4907451989550316,1.0,0.0,1.0,1.0,0.3579289373367237
4156,1c18bdd5b49d08afb,True,,,,,,,,,,1.0,0.0,0.0,1.0,1.0,1.0,0.0,1.0,1.0,0.0
4157,9105cbfa672b3e348,True,,,,,,,,,,0.0,1.0,1.0,1.0,1.0,0.0,0.0,1.0,1.0,0.0
4158,ff555d2dfbada57ed,True,,,,,,,,,,1.0,0.0,1.0,1.0,1.0,1.0,0.0,1.0,1.0,0.0
4159,286d0110f79f8450c,True,,,,,,,,,,1.0,1.0,1.0,1.0,0.7151060797326333,1.0,0.0,1.0,1.0,0.7859706499164479
4160,a368b8806368419d0,True,,,,,,,,,,1.0,1.0,1.0,1.0,1.0,1.0,1.0,1.0,0.0,0.875
4161,7c8ff6814e197c909,True,,,,,,,,,,0.0,1.0,1.0,1.0,1.0,0.0,0.0,1.0,0.0,0.0
4162,3b57dcdd08ad03a39,True,,,,,,,,,,1.0,1.0,1.0,1.0,0.6061999277735931,1.0,1.0,1.0,0.0,0.7519374774292479
4163,524162acddc61c61a,True,,,,,,,,,,0.5,0.0,1.0,1.0,1.0,0.0,1.0,1.0,0.0,0.0
4164,98d803d8ab5715cf8,True,,,,,,,,,,1.0,1.0,1.0,1.0,0.6255915255454743,1.0,1.0,0.0,0.0,0.6329973517329607
4165,b6d9feff81539b7b7,True,,,,,,,,,,1.0,1.0,0.0,1.0,1.0,1.0,0.0,1.0,1.0,0.0
4166,5fb47f166e5559387,True,,,,,,,,,,1.0,1.0,1.0,1.0,1.0,1.0,0.0,1.0,0.0,0.75
4167,e67970e73b3daa612,True,,,,,,,,,,1.0,1.0,1.0,1.0,0.8661492418746435,1.0,1.0,1.0,1.0,0.9581716380858261
4168,85b6589d5332018d1,True,,,,,,,,,,1.0,0.0,1.0,1.0,0.8720947239559697,1.0,1.0,1.0,1.0,0.0
4169,d7e2b5995b440ae0b,True,,,,,,,,,,0.0,1.0,1.0,1.0,1.0,0.0,1.0,1.0,1.0,0.0
4170,385adba134e6d7874,True,,,,,,,,,,0.0,0.0,1.0,1.0,1.0,0.0,1.0,1.0,0.0,0.0
4171,37f45087a3d60aaff,True,,,,,,,,,,0.0,1.0,1.0,1.0,0.7931460310467575,0.0,0.0,1.0,0.0,0.0
4172,7128f87176a382be0,True,,,,,,,,,,0.0,1.0,1.0,1.0,1.0,0.0,1.0,1.0,1.0,0.0
4173,fa04ce296f85923f0,True,,,,,,,,,,1.0,1.0,1.0,1.0,0.9103192031318811,1.0,1.0,1.0,0.0,0.8469747509787129
4174,0b23cba96b245dcbe,True,,,,,,,,,,1.0,1.0,1.0,1.0,0.7307376965119222,1.0,0.0,1.0,1.0,0.7908555301599757
4175,17848b0db348eea20,True,,,,,,,,,,1.0,1.0,1.0,1.0,1.0,1.0,1.0,1.0,0.0,0.875
4176,15b6de5b6b812b547,True,,,,,,,,,,1.0,1.0,1.0,1.0,1.0,1.0,1.0,1.0,0.0,0.875
4177,6f30da8067d92b503,True,,,,,,,,,,0.0,1.0,1.0,1.0,1.0,0.0,0.0,1.0,0.0,0.0
4178,eeccf27f0b76f2d75,True,,,,,,,,,,1.0,1.0,1.0,1.0,0.882786215235277,1.0,1.0,1.0,0.0,0.8383706922610241
4179,781cb5a7c59f1d728,True,,,,,,,,,,1.0,0.0,0.5,1.0,1.0,1.0,0.0,1.0,1.0,0.0
4180,1b9be7126769fdb92,True,,,,,,,,,,0.0,1.0,1.0,1.0,1.0,0.0,1.0,1.0,0.0,0.0
4181,57e7f219c88ab8fe0,True,,,,,,,,,,1.0,0.0,1.0,1.0,1.0,1.0,1.0,1.0,1.0,0.0
4182,71fe821c1ced6591c,True,,,,,,,,,,1.0,1.0,1.0,1.0,0.7369123726201103,1.0,0.0,1.0,0.0,0.6677851164437845
4183,8124438bc47b3654f,True,,,,,,,,,,1.0,1.0,0.0,1.0,1.0,1.0,0.0,1.0,1.0,0.0
4184,61bca41b2089dee0b,True,,,,,,,,,,0.0,1.0,1.0,1.0,1.0,0.0,1.0,1.0,1.0,0.0
4185,54f184883023efbf9,True,,,,,,,,,,1.0,1.0,1.0,1.0,0.673510761978747,1.0,1.0,1.0,1.0,0.8979721131183585
4186,2729d19c18ef21b96,True,,,,,,,,,,1.0,1.0,0.5,1.0,1.0,1.0,0.0,1.0,1.0,0.4375
4187,4930cf1a642d2c66b,True,,,,,,,,,,0.0,1.0,1.0,1.0,1.0,0.0,1.0,1.0,1.0,0.0
4188,c293d0be2f2680817,True,,,,,,,,,,1.0,0.0,0.5,1.0,1.0,1.0,0.0,0.0,0.0,0.0
4189,c047340a6e1fc6422,True,,,,,,,,,,1.0,1.0,1.0,1.0,0.6632839768011985,1.0,1.0,1.0,0.0,0.7697762427503745
4190,d400b7a715f88fcf5,True,,,,,,,,,,1.0,0.0,1.0,1.0,0.1380636185219291,1.0,0.0,1.0,0.0,0.0
4191,7aa2434007747c439,True,,,,,,,,,,1.0,1.0,0.0,1.0,1.0,1.0,0.0,1.0,1.0,0.0
4192,3c70a054e8d40ce21,True,,,,,,,,,,1.0,1.0,1.0,1.0,0.9700187347275349,1.0,0.0,1.0,1.0,0.8656308546023547
4193,ddb08f9eb92516246,True,,,,,,,,,,1.0,0.0,1.0,1.0,0.44602272404093,1.0,1.0,1.0,0.0,0.0
4194,7a934a0d58b6d113b,True,,,,,,,,,,0.0,1.0,1.0,1.0,1.0,0.0,1.0,1.0,1.0,0.0
4195,cade01084629da760,True,,,,,,,,,,0.5,1.0,1.0,1.0,1.0,0.0,1.0,1.0,0.0,0.28125
4196,f8e452be20910fe87,True,,,,,,,,,,0.0,0.0,0.0,1.0,1.0,0.0,0.0,1.0,0.0,0.0
4197,0c3cbb85755a00eb2,True,,,,,,,,,,1.0,1.0,1.0,1.0,0.9807379519475923,1.0,1.0,1.0,0.0,0.8689806099836226
4198,45a4165a206b0969b,True,,,,,,,,,,1.0,1.0,0.5,1.0,0.669249501033185,1.0,0.0,1.0,1.0,0.38582023453643516
4199,66f77d65755a1c784,True,,,,,,,,,,1.0,0.0,1.0,1.0,0.81941969742657,1.0,1.0,1.0,1.0,0.0
4200,96a58a5e3850d0b3d,True,,,,,,,,,,1.0,1.0,1.0,1.0,0.49428051986546556,1.0,1.0,1.0,1.0,0.8419626624579579
4201,dbf49f5df6cc0b159,True,,,,,,,,,,0.0,0.0,1.0,1.0,1.0,1.0,0.0,1.0,0.0,0.0
4202,5b9f80fbe5e67358f,True,,,,,,,,,,1.0,0.0,1.0,1.0,1.0,1.0,0.0,1.0,1.0,0.0
4203,0c384c629c8faf4a0,True,,,,,,,,,,1.0,1.0,1.0,1.0,1.0,1.0,1.0,1.0,1.0,1.0
4204,5c732851fcda6c88c,True,,,,,,,,,,1.0,0.0,0.5,1.0,0.5638355882250716,1.0,0.0,1.0,1.0,0.0
4205,c2aa1b724cefce8f0,True,,,,,,,,,,0.0,0.0,1.0,1.0,1.0,0.0,0.0,1.0,1.0,0.0
4206,e32bd1ec1d273f2a3,True,,,,,,,,,,1.0,1.0,1.0,1.0,0.8165820784578878,1.0,0.0,1.0,1.0,0.8176818995180899
4207,bfa4c1bdc4387e96e,True,,,,,,,,,,1.0,1.0,1.0,1.0,0.8977821214413131,1.0,0.0,1.0,1.0,0.8430569129504104
4208,e4cf6ec3cedd01e6b,True,,,,,,,,,,1.0,1.0,1.0,1.0,1.0,1.0,0.0,1.0,0.0,0.75
4209,a863c3cc5f754b2b4,True,,,,,,,,,,1.0,1.0,1.0,1.0,0.6019562962381081,1.0,1.0,1.0,1.0,0.8756113425744088
4210,d32b81cb4448f19f1,True,,,,,,,,,,1.0,1.0,1.0,1.0,0.5926400703049295,1.0,0.0,1.0,1.0,0.7477000219702905
4211,9748e22b4bb8ade92,True,,,,,,,,,,1.0,1.0,1.0,1.0,0.6738147136787114,1.0,1.0,1.0,1.0,0.8980670980245973
4212,031cc5379a5e98feb,True,,,,,,,,,,1.0,1.0,1.0,1.0,0.8484763702755712,1.0,0.0,1.0,1.0,0.8276488657111161
4213,0a8cbe192f3d3dfba,True,,,,,,,,,,1.0,1.0,1.0,1.0,0.6761801244065275,1.0,1.0,1.0,1.0,0.8988062888770398
4214,87e87ae4d5581f967,True,,,,,,,,,,1.0,1.0,1.0,1.0,0.5262364739534034,1.0,0.0,1.0,1.0,0.7269488981104386
4215,02a790e5861b97543,True,,,,,,,,,,1.0,1.0,1.0,1.0,0.6560787714323332,1.0,0.0,1.0,1.0,0.7675246160726041
4216,0e79638f76319d5dd,True,,,,,,,,,,1.0,1.0,1.0,1.0,1.0,1.0,1.0,1.0,0.0,0.875
4217,fe124f930c37d2d0e,True,,,,,,,,,,0.0,1.0,1.0,1.0,0.830661796533104,0.0,1.0,0.0,0.0,0.0
4218,c7c0caa29dbf55999,True,,,,,,,,,,0.0,1.0,1.0,1.0,1.0,0.0,0.0,1.0,1.0,0.0
4219,a0dc275ea4b2b9c05,True,,,,,,,,,,1.0,1.0,1.0,1.0,0.9669014476493392,1.0,1.0,1.0,1.0,0.9896567023904185
4220,891736e00076f8901,True,,,,,,,,,,0.5,0.0,1.0,1.0,0.5876501407983226,0.0,1.0,1.0,1.0,0.0
4221,8db77c0cfd06714d8,True,,,,,,,,,,1.0,0.0,1.0,1.0,1.0,1.0,1.0,1.0,1.0,0.0
4222,b5e97b7e8ca0f8b19,True,,,,,,,,,,1.0,1.0,1.0,1.0,0.7988446836094073,1.0,1.0,1.0,1.0,0.9371389636279398
4223,42e2e548a93490d54,True,,,,,,,,,,1.0,1.0,1.0,1.0,1.0,1.0,0.0,1.0,1.0,0.875
4224,82b54bb048c67baba,True,,,,,,,,,,1.0,1.0,1.0,1.0,0.34359534482817755,1.0,0.0,1.0,1.0,0.6698735452588055
4225,f573807ec3756dc53,True,,,,,,,,,,1.0,0.0,1.0,1.0,0.8202726914178058,1.0,1.0,1.0,1.0,0.0
4226,12eccd64a8e27f82f,True,,,,,,,,,,1.0,0.0,0.0,1.0,1.0,1.0,0.0,1.0,1.0,0.0
4227,0d5b6ee9d0a973914,True,,,,,,,,,,1.0,1.0,1.0,0.0,1.0,1.0,1.0,1.0,1.0,0.0
4228,2328dbb272ccbb947,True,,,,,,,,,,1.0,1.0,1.0,1.0,1.0,1.0,0.0,1.0,0.0,0.75
4229,31944303cafb772a3,True,,,,,,,,,,0.0,1.0,1.0,1.0,1.0,0.0,1.0,1.0,1.0,0.0
4230,b06305fffe2e19174,True,,,,,,,,,,1.0,1.0,0.0,1.0,0.8553568397635309,1.0,0.0,1.0,1.0,0.0
4231,0eb1a54023685f27e,True,,,,,,,,,,1.0,1.0,1.0,1.0,1.0,1.0,0.0,1.0,0.0,0.75
4232,63584edd9b86f7faf,True,,,,,,,,,,1.0,0.0,1.0,1.0,1.0,1.0,1.0,1.0,0.0,0.0
4233,dfb0b00c1c3dcaa0a,True,,,,,,,,,,1.0,1.0,0.5,1.0,1.0,1.0,0.0,1.0,0.0,0.375
4234,e3a1602ce511b854c,True,,,,,,,,,,1.0,1.0,1.0,1.0,0.8509848345109126,1.0,1.0,1.0,0.0,0.8284327607846602
4235,c6245a244902cb4af,True,,,,,,,,,,1.0,1.0,1.0,1.0,0.5125027949625302,1.0,1.0,1.0,1.0,0.8476571234257907
4236,96e86e9c0ae1056bf,True,,,,,,,,,,0.0,1.0,1.0,1.0,1.0,0.0,1.0,1.0,1.0,0.0
4237,2309f75fc2af06a77,True,,,,,,,,,,1.0,0.0,1.0,1.0,0.9119284569276821,0.0,0.0,1.0,0.0,0.0
4238,15b6cbe22ab535f70,True,,,,,,,,,,1.0,1.0,1.0,1.0,0.7880160233998841,1.0,1.0,1.0,0.0,0.8087550073124637
4239,5906874d0d863e9c0,True,,,,,,,,,,1.0,1.0,1.0,1.0,0.9626011743808258,1.0,1.0,1.0,1.0,0.988312866994008
4240,fe46394908bea81b9,True,,,,,,,,,,1.0,0.0,1.0,1.0,0.786306753980063,1.0,1.0,1.0,0.0,0.0
4241,02a940e77418c19bc,True,,,,,,,,,,1.0,1.0,1.0,1.0,0.7194739649645163,1.0,1.0,1.0,0.0,0.7873356140514114
4242,da024028d53215ba3,True,,,,,,,,,,1.0,1.0,1.0,1.0,0.8825035916725869,1.0,0.0,1.0,1.0,0.8382823723976833
4243,147fe3531a064a546,True,,,,,,,,,,1.0,0.0,0.0,1.0,1.0,1.0,0.0,1.0,0.0,0.0
4244,63b1d16ef6fc7e410,True,,,,,,,,,,1.0,1.0,1.0,1.0,0.6905811464482337,1.0,1.0,1.0,0.0,0.778306608265073
4245,e742e687d4142df74,True,,,,,,,,,,1.0,0.0,1.0,1.0,1.0,1.0,0.0,1.0,0.0,0.0
4246,66fb23ec0e555548e,True,,,,,,,,,,1.0,1.0,1.0,1.0,0.03740270974878309,1.0,1.0,1.0,0.0,0.5741883467964948
4247,6d7bece364fac8d01,True,,,,,,,,,,1.0,0.0,1.0,1.0,1.0,1.0,0.0,1.0,0.0,0.0
4248,fd2d5da64073721d2,True,,,,,,,,,,1.0,1.0,0.5,1.0,0.6229345949717229,1.0,0.0,1.0,0.0,0.3160835304643317
4249,56528b515c3eb4ed5,True,,,,,,,,,,1.0,1.0,0.5,1.0,1.0,1.0,0.0,1.0,0.0,0.375
4250,56f3701eaba44cbba,True,,,,,,,,,,1.0,1.0,0.5,1.0,0.9207518994431038,1.0,0.0,1.0,1.0,0.42511748428798496
4251,09175d9fa6fa3c5c2,True,,,,,,,,,,1.0,0.0,1.0,1.0,0.6781180005072261,1.0,0.0,1.0,0.0,0.0
4252,46cb7915dd2c8bddc,True,,,,,,,,,,1.0,1.0,1.0,1.0,0.7871642751408614,1.0,0.0,1.0,0.0,0.6834888359815192
4253,c912edcab444df468,True,,,,,,,,,,1.0,1.0,1.0,1.0,0.671282292971079,1.0,1.0,1.0,0.0,0.7722757165534622
4254,0128939093fdde786,True,,,,,,,,,,1.0,1.0,1.0,1.0,0.7274295946961051,1.0,1.0,1.0,1.0,0.9148217483425328
4255,f4441ff7b0692d28d,True,,,,,,,,,,1.0,1.0,1.0,1.0,0.6111546836904369,1.0,0.0,1.0,1.0,0.7534858386532615
4256,6808c5efa6976fe37,True,,,,,,,,,,1.0,1.0,1.0,1.0,0.7811137506971076,1.0,0.0,1.0,1.0,0.8065980470928461
4257,832b4c7a0e847fb0c,True,,,,,,,,,,1.0,1.0,1.0,1.0,1.0,1.0,1.0,1.0,0.0,0.875
4258,0e81443200fd71592,True,,,,,,,,,,0.0,1.0,1.0,1.0,1.0,0.0,1.0,1.0,0.0,0.0
4259,3349d086f3bc06728,True,,,,,,,,,,1.0,1.0,1.0,1.0,0.7518207506928467,1.0,0.0,1.0,0.0,0.6724439845915147
4260,85dc9224d8159ff88,True,,,,,,,,,,1.0,0.0,1.0,1.0,1.0,1.0,0.0,0.0,0.0,0.0
4261,49538162999026026,True,,,,,,,,,,1.0,0.0,1.0,1.0,1.0,1.0,0.0,1.0,1.0,0.0
4262,deaaf2b39c8541966,True,,,,,,,,,,1.0,0.0,1.0,1.0,0.5322117727025215,1.0,0.0,1.0,1.0,0.0
4263,e1e6ccb3f67db2d88,True,,,,,,,,,,1.0,1.0,0.0,1.0,0.8449339335968957,1.0,0.0,1.0,1.0,0.0
4264,b74af0790b5550372,True,,,,,,,,,,1.0,1.0,1.0,1.0,0.7519430402880842,1.0,0.0,1.0,1.0,0.7974822000900263
4265,626e000a64788c202,True,,,,,,,,,,1.0,1.0,1.0,1.0,1.0,1.0,0.0,1.0,1.0,0.875
4266,4e1091afb4068e9ee,True,,,,,,,,,,1.0,1.0,0.0,1.0,1.0,1.0,0.0,1.0,0.0,0.0
4267,f11c7bd81d7370578,True,,,,,,,,,,1.0,1.0,1.0,1.0,0.7757190762345989,1.0,1.0,1.0,1.0,0.9299122113233121
4268,18c7e56e43eebb62f,True,,,,,,,,,,0.0,1.0,0.0,1.0,0.9009315802647938,0.0,0.0,0.0,0.0,0.0
4269,f5c8d07f9fe6a3b4d,True,,,,,,,,,,0.0,1.0,1.0,0.0,1.0,0.0,1.0,1.0,1.0,0.0
4270,91e2e5e740db004ce,True,,,,,,,,,,0.0,1.0,1.0,1.0,1.0,0.0,0.0,1.0,1.0,0.0
4271,56f5b7c7a036edaad,True,,,,,,,,,,1.0,1.0,1.0,1.0,0.3344317507245253,1.0,1.0,1.0,0.0,0.6670099221014142
4272,0e893b68e326d1c97,True,,,,,,,,,,1.0,1.0,1.0,1.0,0.6630639183604078,1.0,1.0,1.0,1.0,0.8947074744876274
4273,abe4fa3284d5d8e53,True,,,,,,,,,,1.0,1.0,1.0,1.0,0.7703568988815904,1.0,1.0,1.0,1.0,0.928236530900497
4274,856438ce448da4265,True,,,,,,,,,,0.0,0.0,1.0,1.0,1.0,1.0,1.0,1.0,1.0,0.0
4275,9852fe25aea4c5db3,True,,,,,,,,,,1.0,1.0,1.0,1.0,0.7903661021180199,1.0,0.0,1.0,0.0,0.6844894069118812
4276,23bbff1d97344d8cd,True,,,,,,,,,,1.0,1.0,1.0,1.0,0.6255915255454743,1.0,1.0,0.0,0.0,0.6329973517329607
4277,428b6ffe51af1390c,True,,,,,,,,,,1.0,0.0,1.0,1.0,1.0,1.0,0.0,1.0,1.0,0.0
4278,033858312a3f04e99,True,,,,,,,,,,0.0,0.0,0.0,1.0,1.0,0.0,0.0,1.0,0.0,0.0
4279,4232b6ce6d0b377b8,True,,,,,,,,,,1.0,1.0,1.0,1.0,0.8528433362800959,1.0,0.0,1.0,0.0,0.70401354258753
4280,352716976d8eac750,True,,,,,,,,,,1.0,1.0,1.0,1.0,0.7295169842288738,1.0,1.0,1.0,1.0,0.915474057571523
4281,b65f9c34340591fdf,True,,,,,,,,,,1.0,1.0,1.0,1.0,0.8064195158235354,1.0,0.0,1.0,1.0,0.8145060986948548
4282,5776fb2bb724aff1e,True,,,,,,,,,,1.0,1.0,0.0,1.0,1.0,1.0,1.0,1.0,1.0,0.0
4283,7206aa9198632886d,True,,,,,,,,,,0.0,1.0,1.0,1.0,0.6271756154883884,0.0,0.0,1.0,1.0,0.0
4284,5b5acbaa4890aaac9,True,,,,,,,,,,1.0,0.0,0.0,1.0,1.0,1.0,0.0,1.0,1.0,0.0
4285,b01ea6107aea79f6c,True,,,,,,,,,,1.0,1.0,1.0,1.0,0.5918262444370048,1.0,1.0,1.0,1.0,0.8724457013865641
4286,c3f88ffa3ddcecc64,True,,,,,,,,,,0.0,1.0,1.0,1.0,1.0,0.0,0.0,1.0,1.0,0.0
4287,554adddfca63d6fe8,True,,,,,,,,,,1.0,1.0,1.0,1.0,0.7209100860567181,1.0,0.0,1.0,0.0,0.6627844018927245
4288,2028b4dbdc9149a19,True,,,,,,,,,,1.0,1.0,1.0,1.0,0.952183634947456,1.0,0.0,1.0,0.0,0.73505738592108
4289,71311b352b3aa16e3,True,,,,,,,,,,1.0,0.0,1.0,1.0,0.7653112311645411,1.0,1.0,1.0,0.0,0.0
4290,fd45bba33b3dcb719,True,,,,,,,,,,1.0,1.0,1.0,1.0,0.6380184244551705,1.0,1.0,1.0,0.0,0.7618807576422408
4291,1dc0015e76a4342d9,True,,,,,,,,,,1.0,0.0,1.0,1.0,1.0,1.0,0.0,1.0,0.0,0.0
4292,38158890d40f83da6,True,,,,,,,,,,0.0,1.0,1.0,1.0,1.0,0.0,0.0,1.0,0.0,0.0
4293,8cbf7cbc0d30a3d05,True,,,,,,,,,,1.0,1.0,1.0,1.0,0.702190430897648,0.0,1.0,1.0,1.0,0.594434509655515
4294,60d8762d0c173197e,True,,,,,,,,,,1.0,1.0,1.0,1.0,0.48749247522584477,1.0,1.0,1.0,1.0,0.8398413985080765
4295,46e64616eb8cc57af,True,,,,,,,,,,1.0,1.0,1.0,1.0,0.7860574397970252,1.0,0.0,1.0,1.0,0.8081429499365704
4296,e11c0271d9082ef0a,True,,,,,,,,,,1.0,1.0,1.0,1.0,0.7366601066836895,1.0,0.0,1.0,1.0,0.792706283338653
4297,7c6eb3ebf2ec0a507,True,,,,,,,,,,0.0,1.0,1.0,1.0,1.0,0.0,0.0,1.0,0.0,0.0
4298,afc5b9d01744dc019,True,,,,,,,,,,1.0,0.0,0.0,1.0,1.0,1.0,0.0,1.0,1.0,0.0
4299,2d044f90ee817dc19,True,,,,,,,,,,1.0,0.0,0.0,1.0,1.0,1.0,0.0,1.0,1.0,0.0
4300,c98ccf44f3285fa8b,True,,,,,,,,,,1.0,1.0,1.0,1.0,0.7678981678443628,1.0,1.0,1.0,1.0,0.9274681774513633
4301,d438ad9624b532d1a,True,,,,,,,,,,1.0,1.0,1.0,1.0,0.8252603820182937,1.0,0.0,1.0,1.0,0.8203938693807168
4302,4a53fe73af8c37bee,True,,,,,,,,,,1.0,1.0,1.0,1.0,1.0,1.0,0.0,1.0,0.0,0.75
4303,01529344a0b068d88,True,,,,,,,,,,1.0,1.0,1.0,1.0,0.4539007495964691,1.0,1.0,1.0,0.0,0.7043439842488965
4304,c3ded6e25641b2068,True,,,,,,,,,,1.0,1.0,0.5,1.0,1.0,1.0,1.0,1.0,1.0,0.5
4305,2028fc3dfa9816bf8,True,,,,,,,,,,1.0,0.0,1.0,1.0,1.0,1.0,1.0,1.0,1.0,0.0
4306,76e0516677156bad8,True,,,,,,,,,,1.0,0.0,1.0,1.0,1.0,1.0,0.0,1.0,1.0,0.0
4307,c00676be121eaac31,True,,,,,,,,,,1.0,1.0,1.0,1.0,1.0,1.0,1.0,1.0,1.0,1.0
4308,cbe052f2880b9cd3c,True,,,,,,,,,,1.0,1.0,1.0,1.0,0.7054861668088215,1.0,1.0,1.0,1.0,0.9079644271277567
4309,9faeca442f57af75b,True,,,,,,,,,,1.0,1.0,1.0,1.0,1.0,1.0,0.0,1.0,1.0,0.875
4310,3965541eb07d065e9,True,,,,,,,,,,0.0,1.0,0.5,1.0,1.0,0.0,1.0,1.0,0.0,0.0
4311,36c18e8d239512a08,True,,,,,,,,,,1.0,1.0,1.0,1.0,1.0,1.0,0.0,1.0,1.0,0.875
4312,85cab6604a5a39b78,True,,,,,,,,,,0.0,1.0,0.0,1.0,1.0,0.0,0.0,1.0,1.0,0.0
4313,95068a2e2c9c01e85,True,,,,,,,,,,1.0,1.0,1.0,1.0,1.0,1.0,0.0,1.0,0.0,0.75
4314,cad1816ad074ec87f,True,,,,,,,,,,1.0,1.0,1.0,1.0,0.5124882557328846,1.0,1.0,1.0,0.0,0.7226525799165264
4315,c21a8802e9c30c4ba,True,,,,,,,,,,1.0,1.0,0.5,1.0,0.6794000534923532,1.0,0.0,1.0,1.0,0.3874062583581802
4316,6e7f645a1e9a9337a,True,,,,,,,,,,0.0,0.0,1.0,1.0,1.0,0.0,0.0,1.0,1.0,0.0
4317,00fac31cd24587354,True,,,,,,,,,,1.0,0.0,1.0,1.0,0.9660869191421158,1.0,0.0,1.0,0.0,0.0
4318,0165cb0adcfce3796,True,,,,,,,,,,1.0,0.0,1.0,1.0,1.0,1.0,1.0,1.0,1.0,0.0
4319,054ea5b13451c621b,True,,,,,,,,,,1.0,1.0,1.0,1.0,0.8052491757727793,1.0,1.0,1.0,1.0,0.9391403674289935
4320,09747cf799a19f292,True,,,,,,,,,,1.0,1.0,0.5,1.0,1.0,1.0,0.0,1.0,0.0,0.375
4321,8a72c1ce26bcc476d,True,,,,,,,,,,0.0,1.0,1.0,1.0,1.0,0.0,1.0,1.0,1.0,0.0
4322,b2ad6357566bfa454,True,,,,,,,,,,1.0,1.0,1.0,1.0,0.2507920046955653,1.0,1.0,1.0,1.0,0.7658725014673642
4323,501d21c67c2ddbdb0,True,,,,,,,,,,1.0,1.0,1.0,1.0,1.0,1.0,0.0,1.0,0.0,0.75
4324,9e9f60c0dd89a3428,True,,,,,,,,,,1.0,0.0,1.0,1.0,0.7529851710714751,1.0,0.0,1.0,0.0,0.0
4325,74a93e74eb8082fae,True,,,,,,,,,,0.0,1.0,1.0,1.0,1.0,0.0,0.0,1.0,1.0,0.0
4326,bf348ece26ab3f920,True,,,,,,,,,,0.0,1.0,1.0,1.0,1.0,0.0,0.0,1.0,1.0,0.0
4327,c8508736bb790cc27,True,,,,,,,,,,1.0,1.0,1.0,1.0,0.5692039354426884,1.0,1.0,1.0,0.0,0.7403762298258402
4328,b7649c3b2cd5537c8,True,,,,,,,,,,1.0,0.0,1.0,1.0,1.0,1.0,1.0,1.0,1.0,0.0
4329,aecefddf9e7523945,True,,,,,,,,,,1.0,1.0,1.0,1.0,0.7589699310889969,1.0,1.0,1.0,1.0,0.9246781034653115
4330,012fd1457eb78c56c,True,,,,,,,,,,1.0,0.0,1.0,1.0,1.0,1.0,0.0,1.0,1.0,0.0
4331,52c153c82d99556d6,True,,,,,,,,,,1.0,0.0,0.0,1.0,1.0,1.0,0.0,1.0,0.0,0.0
4332,0f902fca1e990d9be,True,,,,,,,,,,1.0,0.0,0.5,1.0,1.0,1.0,1.0,1.0,1.0,0.0
4333,ea96a137518d58ac9,True,,,,,,,,,,0.0,1.0,1.0,1.0,1.0,0.0,1.0,1.0,0.0,0.0
4334,476448c3e62fe40b1,True,,,,,,,,,,0.0,1.0,1.0,1.0,1.0,0.0,1.0,0.0,0.0,0.0
4335,fc50c3e2408f9caad,True,,,,,,,,,,1.0,0.0,0.0,1.0,1.0,1.0,0.0,1.0,1.0,0.0
4336,fa8f611f3da2dce93,True,,,,,,,,,,1.0,0.0,1.0,1.0,1.0,0.0,0.0,1.0,1.0,0.0
4337,15f652f1382299b99,True,,,,,,,,,,1.0,1.0,0.5,1.0,1.0,1.0,0.0,1.0,1.0,0.4375
4338,1f4df83dd9414d0c4,True,,,,,,,,,,1.0,1.0,1.0,1.0,0.7302847751230354,1.0,0.0,1.0,1.0,0.7907139922259485
4339,014d40ca62123c161,True,,,,,,,,,,0.0,0.0,0.5,1.0,1.0,0.0,0.0,1.0,1.0,0.0
4340,9bcb88a77a10c4c0c,True,,,,,,,,,,1.0,1.0,1.0,1.0,0.8895480259905723,1.0,0.0,1.0,0.0,0.7154837581220539
4341,7897a78a2a7b1d695,True,,,,,,,,,,1.0,1.0,1.0,1.0,1.0,1.0,1.0,1.0,0.0,0.875
4342,c1971860f95cbc9ac,True,,,,,,,,,,1.0,1.0,1.0,1.0,0.8782494432809789,1.0,1.0,1.0,1.0,0.9619529510253059
4343,32e9d651acdfc8f82,True,,,,,,,,,,1.0,1.0,1.0,1.0,0.6479736043836523,1.0,0.0,1.0,0.0,0.6399917513698914
4344,765b429e21230f949,True,,,,,,,,,,1.0,0.0,1.0,1.0,0.4988325141774294,1.0,1.0,1.0,0.0,0.0
4345,102f1115bc733e323,True,,,,,,,,,,1.0,1.0,1.0,1.0,1.0,1.0,0.0,1.0,0.0,0.75
4346,abb500cc3351d897a,True,,,,,,,,,,1.0,1.0,1.0,1.0,0.6931771351114213,1.0,0.0,1.0,1.0,0.7791178547223192
4347,f95cca8cfa91db038,True,,,,,,,,,,0.0,1.0,0.0,1.0,1.0,0.0,0.0,1.0,0.0,0.0
4348,96f3c7fe0e97ef1f0,True,,,,,,,,,,1.0,1.0,1.0,1.0,0.8226050391582796,1.0,1.0,1.0,1.0,0.9445640747369624
4349,20c10d1762c2f560d,True,,,,,,,,,,0.0,0.0,0.0,1.0,1.0,0.0,0.0,1.0,0.0,0.0
4350,d5f2dcdb50158c20e,True,,,,,,,,,,1.0,0.0,1.0,1.0,0.42220936434575895,1.0,0.0,1.0,1.0,0.0
4351,ed6284a7f1cce40a2,True,,,,,,,,,,1.0,1.0,1.0,1.0,1.0,1.0,1.0,1.0,0.0,0.875
4352,65bcd286d06e02669,True,,,,,,,,,,1.0,1.0,1.0,1.0,0.6462631544050312,1.0,1.0,1.0,0.0,0.7644572357515722
4353,b4ad9997db888e2b4,True,,,,,,,,,,1.0,1.0,1.0,1.0,1.0,1.0,0.0,1.0,0.0,0.75
4354,0308c9d9ebeab7805,True,,,,,,,,,,1.0,1.0,1.0,1.0,0.7871898903258339,1.0,1.0,1.0,0.0,0.8084968407268232
4355,40e276fbb70b36a86,True,,,,,,,,,,1.0,0.0,0.5,1.0,0.6998730119998505,1.0,1.0,1.0,0.0,0.0
4356,e96c4d87797ab96d1,True,,,,,,,,,,1.0,1.0,1.0,1.0,0.8430764630256683,1.0,0.0,1.0,1.0,0.8259613946955213
4357,5f19a901791abf90c,True,,,,,,,,,,1.0,1.0,1.0,1.0,0.45913883247756954,1.0,0.0,1.0,0.0,0.5809808851492405
4358,c5e30f61f4d10eee2,True,,,,,,,,,,1.0,1.0,1.0,1.0,0.5661941370450316,1.0,1.0,1.0,1.0,0.8644356678265723
4359,6952b70f303046472,True,,,,,,,,,,0.0,1.0,1.0,1.0,1.0,0.0,0.0,1.0,1.0,0.0
4360,ac09d37b9d495cdc7,True,,,,,,,,,,1.0,0.0,0.0,1.0,1.0,1.0,0.0,1.0,1.0,0.0
4361,2565c982d32c96893,True,,,,,,,,,,1.0,1.0,0.5,1.0,0.7321074926429261,1.0,0.0,1.0,1.0,0.3956417957254572
4362,8e3348c3a2dfabeab,True,,,,,,,,,,1.0,1.0,0.5,1.0,0.8811879613270797,1.0,1.0,1.0,1.0,0.4814356189573562
4363,c27589c1692f0a130,True,,,,,,,,,,1.0,0.0,1.0,1.0,0.8609100224833257,1.0,1.0,1.0,1.0,0.0
4364,241e8b27fb85d3e53,True,,,,,,,,,,1.0,1.0,1.0,0.0,1.0,1.0,1.0,1.0,0.0,0.0
4365,893f024c9ae6bfd2c,True,,,,,,,,,,1.0,0.0,1.0,1.0,0.5753094588750565,1.0,0.0,1.0,1.0,0.0
4366,9b164e112834437ea,True,,,,,,,,,,1.0,1.0,1.0,1.0,0.752503478963384,1.0,1.0,1.0,1.0,0.9226573371760575
4367,10591acdd773264c9,True,,,,,,,,,,0.0,1.0,1.0,1.0,1.0,0.0,1.0,1.0,0.0,0.0
4368,11c4a9e4096f68947,True,,,,,,,,,,1.0,1.0,1.0,1.0,0.6441982547511279,1.0,1.0,1.0,1.0,0.8888119546097275
4369,e774d1b87b07638c4,True,,,,,,,,,,1.0,1.0,1.0,1.0,1.0,0.0,1.0,1.0,1.0,0.6875
4370,95f89994ef4b0b0e3,True,,,,,,,,,,1.0,1.0,1.0,1.0,0.8247735096823722,1.0,0.0,1.0,1.0,0.8202417217757413
4371,0939026cbd6b9cc48,True,,,,,,,,,,1.0,1.0,1.0,1.0,0.7826730647470456,1.0,0.0,1.0,1.0,0.8070853327334517
4372,0030f1747a12c4a8d,True,,,,,,,,,,1.0,1.0,1.0,1.0,0.6488106000011817,1.0,1.0,1.0,1.0,0.8902533125003693
4373,bdefe051b162261a4,True,,,,,,,,,,0.0,0.0,1.0,1.0,1.0,0.0,1.0,1.0,0.0,0.0
4374,4fd96d4727fd67d4a,True,,,,,,,,,,1.0,1.0,1.0,1.0,1.0,1.0,1.0,1.0,1.0,1.0
4375,bbe1739362745c097,True,,,,,,,,,,0.0,0.0,1.0,1.0,1.0,0.0,1.0,1.0,0.0,0.0
4376,c193d278e26794340,True,,,,,,,,,,1.0,1.0,1.0,1.0,0.7048056494376495,1.0,0.0,1.0,1.0,0.7827517654492655
4377,8ab43bb08112dc9ee,True,,,,,,,,,,1.0,1.0,1.0,1.0,1.0,1.0,1.0,1.0,0.0,0.875
4378,ce2108b53dc19946a,True,,,,,,,,,,1.0,1.0,1.0,1.0,1.0,1.0,0.0,1.0,0.0,0.75
4379,74e23535d8622107d,True,,,,,,,,,,1.0,1.0,1.0,1.0,0.528266871497236,1.0,1.0,1.0,1.0,0.8525833973428862
4380,b4f924a8633b4e666,True,,,,,,,,,,0.5,1.0,1.0,0.0,1.0,0.0,1.0,1.0,0.0,0.0
4381,d82ea5f1c94fd6d13,True,,,,,,,,,,1.0,1.0,1.0,1.0,1.0,1.0,1.0,1.0,0.0,0.875
4382,e19863cd98bd2677b,True,,,,,,,,,,1.0,1.0,1.0,1.0,1.0,1.0,1.0,1.0,0.0,0.875
4383,845c54f5c31f66323,True,,,,,,,,,,1.0,1.0,1.0,1.0,0.8503913876708004,1.0,1.0,1.0,1.0,0.9532473086471251
4384,86ec67f271b64b199,True,,,,,,,,,,1.0,1.0,0.0,1.0,0.8162217425090705,1.0,0.0,1.0,0.0,0.0
4385,ba3335342af8a6b57,True,,,,,,,,,,1.0,1.0,1.0,1.0,0.8139499570712769,1.0,0.0,1.0,1.0,0.816859361584774
4386,51a40ab9f271c6454,True,,,,,,,,,,1.0,1.0,0.5,1.0,0.7795123937925074,1.0,0.0,1.0,1.0,0.40304881153007927
4387,d10399f19fe745cd8,True,,,,,,,,,,0.0,1.0,1.0,1.0,1.0,0.0,1.0,1.0,0.0,0.0
4388,506d9cb85442a6577,True,,,,,,,,,,0.0,1.0,1.0,1.0,1.0,0.0,0.0,1.0,0.0,0.0
4389,b3c7672d677c644c7,True,,,,,,,,,,1.0,1.0,0.0,1.0,0.79804456233443,1.0,0.0,1.0,1.0,0.0
4390,ee826c29f16b824e8,True,,,,,,,,,,1.0,1.0,1.0,1.0,0.5067256986219565,1.0,1.0,1.0,0.0,0.7208517808193614
4391,eef5eabe1b1b7f149,True,,,,,,,,,,1.0,1.0,0.5,1.0,0.9818073545242342,1.0,1.0,1.0,1.0,0.4971573991444116
4392,8ab7f330292d7d49f,True,,,,,,,,,,1.0,1.0,1.0,1.0,1.0,1.0,0.0,1.0,0.0,0.75
4393,1062c697adcf808eb,True,,,,,,,,,,1.0,1.0,1.0,1.0,0.847776436119907,1.0,1.0,1.0,1.0,0.952430136287471
4394,82e6ed49ff7af43fe,True,,,,,,,,,,1.0,1.0,1.0,1.0,0.8647641021910476,1.0,1.0,1.0,0.0,0.8327387819347023
4395,5a562731374a3054b,True,,,,,,,,,,1.0,1.0,1.0,1.0,0.6649633378873328,1.0,1.0,1.0,1.0,0.8953010430897914
4396,a56de10e58a3c3d6e,True,,,,,,,,,,0.0,1.0,1.0,1.0,1.0,0.0,1.0,1.0,0.0,0.0
4397,0802cacabc6a28d18,True,,,,,,,,,,1.0,1.0,1.0,1.0,0.7915766205011425,1.0,0.0,1.0,1.0,0.8098676939066071
4398,42dea16d984c67d19,True,,,,,,,,,,0.0,1.0,0.0,1.0,1.0,0.0,0.0,1.0,1.0,0.0
4399,6081eace5dbab1fce,True,,,,,,,,,,1.0,1.0,1.0,1.0,1.0,1.0,1.0,1.0,1.0,1.0
4400,d4ded05eeb073e97b,True,,,,,,,,,,1.0,0.0,1.0,1.0,1.0,1.0,1.0,1.0,0.0,0.0
4401,eafa5db95b382255d,True,,,,,,,,,,1.0,0.0,1.0,1.0,1.0,1.0,0.0,1.0,1.0,0.0
4402,1aaa4996c12e817a7,True,,,,,,,,,,1.0,1.0,1.0,1.0,0.7736893149144628,1.0,1.0,1.0,0.0,0.8042779109107696
4403,18a239284011dd8c3,True,,,,,,,,,,1.0,1.0,0.0,1.0,0.8993861314247633,1.0,0.0,1.0,0.0,0.0
4404,1c53867c6f662be8f,True,,,,,,,,,,1.0,0.0,0.0,1.0,1.0,1.0,0.0,1.0,1.0,0.0
4405,25fb03a1d180b3b47,True,,,,,,,,,,1.0,1.0,1.0,1.0,1.0,1.0,1.0,1.0,0.0,0.875
4406,50dcee9926ded132e,True,,,,,,,,,,1.0,1.0,0.0,1.0,0.8276501647070188,1.0,0.0,1.0,1.0,0.0
4407,956f2e4043c1b8f4d,True,,,,,,,,,,1.0,1.0,1.0,1.0,1.0,1.0,1.0,1.0,1.0,1.0
4408,d1982bae71566acc5,True,,,,,,,,,,0.0,1.0,1.0,1.0,1.0,0.0,1.0,1.0,1.0,0.0
4409,2c253de40b51a352a,True,,,,,,,,,,1.0,1.0,1.0,1.0,0.47041895456539135,1.0,1.0,1.0,0.0,0.7095059233016848
4410,7fb39ce347c2b9486,True,,,,,,,,,,1.0,1.0,1.0,1.0,1.0,1.0,0.0,1.0,0.0,0.75
4411,bc72fc9245a523440,True,,,,,,,,,,1.0,1.0,1.0,1.0,0.8500142232265588,1.0,0.0,1.0,1.0,0.8281294447582996
4412,439df93c525a5e285,True,,,,,,,,,,0.0,1.0,1.0,1.0,1.0,0.0,1.0,1.0,1.0,0.0
4413,9eba308c132370234,True,,,,,,,,,,1.0,1.0,1.0,1.0,0.6886770884151925,1.0,0.0,1.0,1.0,0.7777115901297477
4414,d6cfdfbe6733111b7,True,,,,,,,,,,1.0,1.0,1.0,1.0,1.0,1.0,0.0,1.0,1.0,0.875
4415,e2d605dbd1207f15f,True,,,,,,,,,,0.0,1.0,1.0,1.0,1.0,0.0,0.0,1.0,0.0,0.0
4416,117c9da6253882bd5,True,,,,,,,,,,0.0,1.0,1.0,1.0,0.8664893775133613,0.0,0.0,1.0,0.0,0.0
4417,0cb7cbb38d279ba88,True,,,,,,,,,,1.0,1.0,0.5,1.0,0.8959418750870944,1.0,0.0,1.0,0.0,0.3587409179823585
4418,270e95b1d769b87a0,True,,,,,,,,,,0.0,0.0,0.5,1.0,1.0,0.0,0.0,1.0,0.0,0.0
4419,2bb698b451e491605,True,,,,,,,,,,1.0,1.0,1.0,1.0,0.4769384986580502,1.0,0.0,1.0,1.0,0.7115432808306407
4420,445dc87ec088dd46a,True,,,,,,,,,,1.0,0.0,1.0,1.0,0.631827870899385,1.0,1.0,1.0,0.0,0.0
4421,606f1011a6999f264,True,,,,,,,,,,0.0,1.0,1.0,1.0,1.0,0.0,1.0,1.0,0.0,0.0
4422,fb7b5ae64dda69073,True,,,,,,,,,,1.0,0.0,1.0,1.0,0.7510935466441557,1.0,0.0,1.0,0.0,0.0
4423,2df4afab4d0b02842,True,,,,,,,,,,1.0,1.0,1.0,1.0,0.6826772518993798,1.0,0.0,1.0,0.0,0.6508366412185562
4424,b0917755d03fa6298,True,,,,,,,,,,1.0,0.0,0.0,1.0,0.6438503537981204,1.0,0.0,1.0,1.0,0.0
4425,7d8867cd2c80b0fd8,True,,,,,,,,,,1.0,1.0,1.0,1.0,1.0,1.0,1.0,1.0,0.0,0.875
4426,8fc9c5ae5ccfdda02,True,,,,,,,,,,1.0,1.0,1.0,1.0,0.441909050349509,1.0,1.0,1.0,1.0,0.8255965782342216
4427,5351d5bec3ef40436,True,,,,,,,,,,1.0,0.0,1.0,1.0,0.8595528349516867,1.0,0.0,1.0,1.0,0.0
4428,19a22a2c5501797dc,True,,,,,,,,,,1.0,1.0,1.0,1.0,0.8191326290915373,1.0,1.0,1.0,1.0,0.9434789465911054
4429,d1e49d53c8a87357c,True,,,,,,,,,,1.0,1.0,0.5,1.0,1.0,1.0,0.0,1.0,0.0,0.375
4430,6ca032cc95e7418a6,True,,,,,,,,,,1.0,1.0,0.0,1.0,0.8998197224517862,1.0,0.0,1.0,1.0,0.0
4431,44200def81a985e9f,True,,,,,,,,,,0.0,1.0,1.0,1.0,1.0,0.0,0.0,1.0,1.0,0.0
4432,c6f215cb7b0d88628,True,,,,,,,,,,0.0,1.0,0.0,1.0,1.0,0.0,0.0,1.0,1.0,0.0
4433,7b53923d6ec4115f3,True,,,,,,,,,,1.0,0.0,0.0,1.0,1.0,1.0,0.0,1.0,1.0,0.0
4434,e2bde995b7f918cba,True,,,,,,,,,,1.0,1.0,0.5,1.0,0.95714438173332,1.0,0.0,1.0,1.0,0.4308038096458312
4435,f94ffca3fb08a2c86,True,,,,,,,,,,1.0,1.0,0.0,1.0,0.9711090585933966,1.0,0.0,1.0,1.0,0.0
4436,04d4c78cf88a3c506,True,,,,,,,,,,1.0,0.0,1.0,1.0,0.8247713138456958,1.0,0.0,1.0,1.0,0.0
4437,08b3cebccffcada58,True,,,,,,,,,,1.0,0.0,1.0,1.0,1.0,1.0,0.0,1.0,1.0,0.0
4438,182b0871961fced6d,True,,,,,,,,,,1.0,1.0,1.0,1.0,0.7088796883702682,1.0,1.0,1.0,1.0,0.9090249026157088
4439,d3163ef07eaf8014c,True,,,,,,,,,,1.0,1.0,1.0,1.0,0.7288721221879337,1.0,1.0,1.0,0.0,0.7902725381837292
4440,0c32d5324fdca8702,True,,,,,,,,,,1.0,1.0,1.0,1.0,0.8142171830628738,1.0,1.0,1.0,1.0,0.9419428697071481
4441,8b8b4f2749140ac7a,True,,,,,,,,,,1.0,1.0,1.0,1.0,0.7562236182063068,1.0,1.0,1.0,0.0,0.7988198806894709
4442,ddbab6bc7b8883cc3,True,,,,,,,,,,0.5,1.0,1.0,1.0,0.7075335548159984,0.0,1.0,1.0,0.0,0.23555211793999975
4443,172abde18b548feb2,True,,,,,,,,,,1.0,1.0,0.5,1.0,0.7166739993145346,1.0,0.0,0.0,0.0,0.268230312392896
4444,3fa85a7614a4df720,True,,,,,,,,,,1.0,1.0,0.5,1.0,1.0,1.0,0.0,1.0,0.0,0.375
4445,8fb206a9ce8434f01,True,,,,,,,,,,1.0,1.0,1.0,1.0,1.0,1.0,0.0,1.0,0.0,0.75
4446,40f4ad799feb54f82,True,,,,,,,,,,1.0,0.0,1.0,0.0,1.0,1.0,1.0,1.0,0.0,0.0
4447,d694ab7fc94aa5dcf,True,,,,,,,,,,0.0,1.0,1.0,1.0,1.0,1.0,1.0,1.0,0.0,0.0
4448,2137517554a7f8e3b,True,,,,,,,,,,1.0,0.0,0.0,1.0,0.7410077963158364,1.0,0.0,1.0,0.0,0.0
4449,03e37daebfce2fb65,True,,,,,,,,,,0.5,1.0,1.0,1.0,1.0,0.0,1.0,1.0,0.0,0.28125
4450,b494d2dc15c7b315f,True,,,,,,,,,,1.0,1.0,1.0,1.0,1.0,1.0,0.0,1.0,1.0,0.875
4451,a33c0d08df145dd4a,True,,,,,,,,,,0.0,1.0,1.0,1.0,1.0,0.0,1.0,1.0,1.0,0.0
4452,3a96e943c2c264f67,True,,,,,,,,,,1.0,1.0,0.0,1.0,1.0,1.0,0.0,1.0,0.0,0.0
4453,01b44b930266052c5,True,,,,,,,,,,1.0,1.0,1.0,1.0,0.7858136540256494,1.0,1.0,1.0,1.0,0.9330667668830155
4454,5688641dd10efb02d,True,,,,,,,,,,1.0,1.0,1.0,1.0,1.0,1.0,1.0,1.0,1.0,1.0
4455,484e5d7157f571795,True,,,,,,,,,,1.0,1.0,1.0,1.0,0.6491362174859855,1.0,1.0,1.0,1.0,0.8903550679643705
4456,19590a52744c02e94,True,,,,,,,,,,1.0,1.0,1.0,1.0,0.8549845935615762,1.0,1.0,1.0,1.0,0.9546826854879926
4457,fe81231e5ce13b101,True,,,,,,,,,,1.0,1.0,1.0,1.0,1.0,1.0,0.0,1.0,1.0,0.875
4458,ad3a915c556a5c581,True,,,,,,,,,,1.0,1.0,0.5,0.0,1.0,1.0,1.0,1.0,1.0,0.0
4459,4f4120c32c9c42c47,True,,,,,,,,,,1.0,1.0,1.0,1.0,0.6163482849600975,1.0,1.0,1.0,1.0,0.8801088390500305
4460,544fd2c725ea1a878,True,,,,,,,,,,1.0,1.0,1.0,1.0,0.7659639836282499,1.0,1.0,1.0,1.0,0.9268637448838282
4461,648b4aa95f01b805d,True,,,,,,,,,,1.0,1.0,1.0,1.0,0.28960470041620856,1.0,0.0,1.0,1.0,0.6530014688800652
4462,209b97b1bbd7f20ba,True,,,,,,,,,,1.0,0.0,0.0,1.0,1.0,1.0,0.0,1.0,1.0,0.0
4463,737a6728f5f065a24,True,,,,,,,,,,1.0,1.0,1.0,1.0,0.7794356680260416,1.0,0.0,1.0,0.0,0.6810736462581379
4464,b7f7527c14d0de1ef,True,,,,,,,,,,1.0,1.0,0.0,1.0,1.0,1.0,0.0,1.0,1.0,0.0
4465,f94bdc2e7d5bba8a9,True,,,,,,,,,,1.0,1.0,1.0,1.0,0.7218686210262943,0.0,0.0,1.0,1.0,0.47558394407071697
4466,218dfa1bf4d961da8,True,,,,,,,,,,0.0,1.0,1.0,1.0,1.0,0.0,0.0,1.0,0.0,0.0
4467,57f473049e88971e9,True,,,,,,,,,,1.0,1.0,1.0,1.0,0.7881150033814545,1.0,0.0,1.0,1.0,0.8087859385567046
4468,b909db4a1499a9c5b,True,,,,,,,,,,1.0,1.0,1.0,1.0,0.7488943864771084,1.0,1.0,1.0,0.0,0.7965294957740964
4469,6a4de6b536cc07742,True,,,,,,,,,,1.0,1.0,1.0,1.0,0.6574652818778947,1.0,0.0,1.0,1.0,0.7679579005868421
4470,152d0a2d7a121ac40,True,,,,,,,,,,1.0,1.0,1.0,1.0,0.9313370989017616,1.0,1.0,1.0,1.0,0.9785428434068005
4471,7124ea8593f4c9b14,True,,,,,,,,,,1.0,0.0,1.0,1.0,1.0,1.0,1.0,1.0,0.0,0.0
4472,c9502401d0ae63498,True,,,,,,,,,,1.0,0.0,0.0,1.0,1.0,1.0,0.0,1.0,1.0,0.0
4473,78cbfd303e7f32efc,True,,,,,,,,,,1.0,1.0,1.0,1.0,1.0,1.0,0.0,1.0,1.0,0.875
4474,e4755b06844a3bf92,True,,,,,,,,,,1.0,1.0,0.0,1.0,1.0,1.0,0.0,1.0,0.0,0.0
4475,69c96d373972cc736,True,,,,,,,,,,1.0,1.0,1.0,1.0,0.99415482177096,1.0,1.0,1.0,0.0,0.8731733818034251
4476,c13e406734b95eb11,True,,,,,,,,,,1.0,1.0,1.0,1.0,0.4233983525673262,1.0,1.0,1.0,1.0,0.8198119851772895
4477,8fb30375f6c972c38,True,,,,,,,,,,1.0,0.0,1.0,1.0,0.7046600617849677,1.0,0.0,1.0,0.0,0.0
4478,27e6f42dd9776a1d4,True,,,,,,,,,,1.0,1.0,1.0,1.0,0.8496666252592728,1.0,0.0,1.0,1.0,0.8280208203935228
4479,9e1b38c16d0ece554,True,,,,,,,,,,1.0,1.0,1.0,1.0,1.0,1.0,1.0,1.0,0.0,0.875
4480,16f88a7f9c92243cb,True,,,,,,,,,,0.5,0.0,0.5,1.0,1.0,0.0,0.0,1.0,0.0,0.0
4481,0d26c23bce11ae16b,True,,,,,,,,,,1.0,0.0,1.0,1.0,0.8487132137952038,1.0,1.0,1.0,0.0,0.0
4482,b652abb8dca7b06f0,True,,,,,,,,,,1.0,1.0,1.0,1.0,0.7934356733391386,1.0,1.0,1.0,0.0,0.8104486479184808
4483,b3ef71b2c228693bd,True,,,,,,,,,,1.0,1.0,1.0,1.0,0.8891859722947086,1.0,1.0,1.0,1.0,0.9653706163420964
4484,be077aa94f9771913,True,,,,,,,,,,1.0,0.0,0.0,0.0,1.0,1.0,0.0,1.0,1.0,0.0
4485,808228d1cf4a9f699,True,,,,,,,,,,1.0,1.0,1.0,1.0,0.7457288831619676,1.0,1.0,1.0,1.0,0.9205402759881149
4486,4410c6e64d170360d,True,,,,,,,,,,1.0,0.0,0.5,1.0,1.0,1.0,0.0,1.0,1.0,0.0
4487,1770d226b1fbdf6a2,True,,,,,,,,,,1.0,0.0,1.0,1.0,1.0,1.0,0.0,1.0,1.0,0.0
4488,6ba2025a22f212a94,True,,,,,,,,,,1.0,1.0,1.0,1.0,0.6327159839094918,0.0,1.0,1.0,0.0,0.4477237449717162
4489,dda43e7963e96149d,True,,,,,,,,,,0.0,0.0,1.0,1.0,0.5225242047180464,0.0,1.0,1.0,1.0,0.0
4490,2407bd58b67ea70b2,True,,,,,,,,,,0.0,1.0,1.0,1.0,1.0,0.0,0.0,1.0,1.0,0.0
4491,843ebabea0b9906f9,True,,,,,,,,,,1.0,1.0,1.0,1.0,0.6029838100836991,1.0,1.0,1.0,1.0,0.8759324406511559
4492,e1181167f5c790340,True,,,,,,,,,,1.0,1.0,1.0,1.0,0.7527778453340828,1.0,1.0,1.0,1.0,0.9227430766669009
4493,f9a60116425308d57,True,,,,,,,,,,1.0,1.0,0.0,1.0,1.0,1.0,0.0,1.0,1.0,0.0
4494,4304662a687a53d30,True,,,,,,,,,,1.0,1.0,1.0,1.0,0.7892887690494852,1.0,1.0,1.0,1.0,0.9341527403279641
4495,93a1ac4a9b8b32451,True,,,,,,,,,,1.0,0.0,0.5,1.0,0.7800904315467474,1.0,0.0,1.0,0.0,0.0
4496,96cf7424a206ab31f,True,,,,,,,,,,0.0,1.0,1.0,1.0,1.0,0.0,1.0,1.0,0.0,0.0
4497,c172bf35d27bb2a60,True,,,,,,,,,,1.0,1.0,1.0,1.0,0.7885618636277075,1.0,0.0,1.0,0.0,0.6839255823836586
4498,89fdadaeadc80221e,True,,,,,,,,,,0.0,1.0,1.0,1.0,1.0,0.0,1.0,1.0,1.0,0.0
4499,eeb0b8f8cc54ccf58,True,,,,,,,,,,0.0,1.0,1.0,1.0,1.0,0.0,1.0,1.0,0.0,0.0
4500,4fe667077cf665671,True,,,,,,,,,,1.0,1.0,1.0,1.0,1.0,1.0,1.0,1.0,1.0,1.0
4501,b3af98bca187d3a52,True,,,,,,,,,,0.0,0.0,0.0,1.0,1.0,0.0,1.0,0.0,0.0,0.0
4502,1f61d345cacd5e1d1,True,,,,,,,,,,1.0,0.0,1.0,1.0,0.8974044540411558,1.0,1.0,1.0,1.0,0.0
4503,2f1499aa1461b6ec6,True,,,,,,,,,,1.0,0.0,0.0,1.0,1.0,1.0,0.0,1.0,1.0,0.0
4504,87b69a9da5677bf5b,True,,,,,,,,,,1.0,1.0,1.0,1.0,0.6933998309948228,1.0,0.0,1.0,0.0,0.6541874471858822
4505,87d2841ebf764daf7,True,,,,,,,,,,1.0,0.0,1.0,1.0,1.0,1.0,1.0,1.0,0.0,0.0
4506,22e34699b1bc71621,True,,,,,,,,,,1.0,1.0,1.0,1.0,1.0,1.0,1.0,1.0,0.0,0.875
4507,f9b2e117ff4ab2884,True,,,,,,,,,,1.0,1.0,1.0,1.0,0.6815628851625981,1.0,0.0,1.0,1.0,0.7754884016133119
4508,a14671fac296719c0,True,,,,,,,,,,1.0,1.0,1.0,1.0,1.0,1.0,0.0,1.0,0.0,0.75
4509,25e84823ff411a3c2,True,,,,,,,,,,0.0,0.0,1.0,1.0,0.7726581894674864,0.0,0.0,1.0,1.0,0.0
4510,f743301660e4f13bf,True,,,,,,,,,,1.0,1.0,1.0,1.0,0.5724878592156483,1.0,1.0,1.0,0.0,0.7414024560048901
4511,4954200b641849a4c,True,,,,,,,,,,1.0,1.0,1.0,1.0,0.5875756249600608,1.0,0.0,1.0,1.0,0.7461173828000189
4512,3f9281303565d8313,True,,,,,,,,,,1.0,0.0,1.0,1.0,0.7791708327598307,1.0,0.0,1.0,1.0,0.0
4513,bc07273c020da88b3,True,,,,,,,,,,0.0,1.0,1.0,1.0,0.9031177937623077,0.0,1.0,1.0,1.0,0.0
4514,19b51ad1679f9fa3c,True,,,,,,,,,,1.0,1.0,1.0,1.0,0.668585367432622,1.0,1.0,1.0,1.0,0.8964329273226943
4515,087f308c89d8be0ec,True,,,,,,,,,,1.0,0.0,0.5,1.0,0.7625296281650406,1.0,1.0,1.0,0.0,0.0
4516,a752f273da4956217,True,,,,,,,,,,0.0,1.0,1.0,1.0,1.0,0.0,1.0,1.0,1.0,0.0
4517,e929306025479f705,True,,,,,,,,,,1.0,0.0,0.0,1.0,1.0,1.0,1.0,1.0,0.0,0.0
4518,e78314605bf2c19c9,True,,,,,,,,,,1.0,0.0,1.0,1.0,1.0,1.0,0.0,1.0,1.0,0.0
4519,102bb69d5a0263f53,True,,,,,,,,,,1.0,1.0,1.0,1.0,0.6809719669484856,0.0,0.0,1.0,1.0,0.46280373967140176
4520,f874994b902ae45d7,True,,,,,,,,,,1.0,1.0,1.0,1.0,1.0,1.0,0.0,1.0,1.0,0.875
4521,159be5a151baf8f5b,True,,,,,,,,,,1.0,0.0,0.5,1.0,1.0,1.0,0.0,1.0,0.0,0.0
4522,b6b4b0f2f2a7815cb,True,,,,,,,,,,1.0,1.0,1.0,1.0,0.7170394419819762,1.0,1.0,1.0,1.0,0.9115748256193675
4523,9f8244fb38a036545,True,,,,,,,,,,1.0,1.0,1.0,1.0,0.9299796335818691,1.0,1.0,1.0,0.0,0.8531186354943341
4524,1adb976dcfb852711,True,,,,,,,,,,1.0,1.0,1.0,1.0,0.5537541851543498,1.0,1.0,1.0,1.0,0.8605481828607343
4525,4a421aa61a3bbad1d,True,,,,,,,,,,1.0,1.0,1.0,1.0,0.8902951771856482,1.0,0.0,1.0,1.0,0.8407172428705151
4526,004a5a808615d791d,True,,,,,,,,,,0.0,1.0,1.0,1.0,1.0,0.0,0.0,1.0,0.0,0.0
4527,8f53dde363962b143,True,,,,,,,,,,1.0,1.0,0.0,1.0,0.8572518309425493,1.0,0.0,1.0,1.0,0.0
4528,c55fd3e0272579bda,True,,,,,,,,,,1.0,1.0,1.0,1.0,1.0,1.0,1.0,1.0,0.0,0.875
4529,ceb646b2fba95ebf9,True,,,,,,,,,,1.0,1.0,1.0,1.0,0.6750316625020953,1.0,0.0,1.0,1.0,0.7734473945319048
4530,b0687bfcbe79bec09,True,,,,,,,,,,1.0,1.0,1.0,1.0,0.6775837098134919,1.0,1.0,1.0,1.0,0.8992449093167162
4531,eb588d2e3b1e3409d,True,,,,,,,,,,1.0,1.0,1.0,1.0,0.936696124160532,1.0,0.0,1.0,1.0,0.8552175388001663
4532,581dff20c11d113e2,True,,,,,,,,,,1.0,0.0,1.0,1.0,0.955520412940128,1.0,1.0,1.0,1.0,0.0
4533,d443dcd06a9dbae34,True,,,,,,,,,,1.0,0.0,1.0,1.0,1.0,1.0,1.0,1.0,0.0,0.0
4534,9feb421ac284e987e,True,,,,,,,,,,1.0,1.0,1.0,1.0,0.8160964214973316,1.0,1.0,1.0,1.0,0.9425301317179161
4535,adab3d6fadc01f0e9,True,,,,,,,,,,1.0,1.0,1.0,1.0,1.0,1.0,1.0,1.0,0.0,0.875
4536,17a263da0e14e7155,True,,,,,,,,,,1.0,1.0,1.0,1.0,0.7536780857435629,1.0,0.0,1.0,1.0,0.7980244017948634
4537,1bd8d67289c963a19,True,,,,,,,,,,1.0,1.0,1.0,1.0,0.9454911578063974,1.0,0.0,1.0,1.0,0.8579659868144992
4538,a281f0b2e0db6ac75,True,,,,,,,,,,0.0,1.0,1.0,1.0,1.0,0.0,0.0,1.0,0.0,0.0
4539,2ba1cba17d48212d7,True,,,,,,,,,,0.5,1.0,1.0,1.0,1.0,0.0,1.0,1.0,1.0,0.34375
4540,071e35b1661da1366,True,,,,,,,,,,1.0,1.0,1.0,1.0,0.8311759595143229,1.0,0.0,1.0,0.0,0.6972424873482259
4541,4ff48fa4e19774be7,True,,,,,,,,,,0.0,1.0,1.0,1.0,0.4024989124679776,0.0,0.0,1.0,1.0,0.0
4542,3b55569be269255c2,True,,,,,,,,,,1.0,1.0,1.0,1.0,0.7184096785115686,1.0,0.0,0.0,0.0,0.5370030245348651
4543,3f5815868e493295e,True,,,,,,,,,,1.0,1.0,1.0,1.0,0.8213907562073415,1.0,1.0,1.0,0.0,0.8191846113147943
4544,d603eac1517a7fe9a,True,,,,,,,,,,1.0,1.0,1.0,1.0,0.8796035632576685,1.0,1.0,1.0,0.0,0.8373761135180214
4545,9ddf964682ac312d8,True,,,,,,,,,,1.0,1.0,1.0,1.0,0.2846674761713536,1.0,1.0,1.0,1.0,0.776458586303548
4546,6c9c8eacefc209d52,True,,,,,,,,,,1.0,1.0,1.0,1.0,0.7750531913159748,1.0,1.0,1.0,0.0,0.8047041222862421
4547,e51cdc2544fd62fa6,True,,,,,,,,,,1.0,1.0,0.5,1.0,0.65914375317686,1.0,0.0,1.0,1.0,0.38424121143388434
4548,1b0a591d6b3ec8ee1,True,,,,,,,,,,1.0,1.0,1.0,1.0,0.8292040851911268,1.0,1.0,1.0,1.0,0.9466262766222271
4549,91974452b21450f60,True,,,,,,,,,,1.0,1.0,1.0,1.0,0.7934567664939869,1.0,1.0,1.0,1.0,0.9354552395293709
4550,facc7bdf3ca0a7492,True,,,,,,,,,,1.0,1.0,1.0,1.0,0.7965588789845739,1.0,0.0,1.0,0.0,0.6864246496826794
4551,a946e96acbe5186d9,True,,,,,,,,,,1.0,1.0,1.0,0.0,1.0,1.0,1.0,1.0,1.0,0.0
4552,3ba190ee6bf34b836,True,,,,,,,,,,1.0,1.0,1.0,1.0,1.0,1.0,0.0,1.0,1.0,0.875
4553,ca9e9b5a18bc96373,True,,,,,,,,,,1.0,1.0,1.0,1.0,0.7690139149315863,1.0,1.0,1.0,1.0,0.9278168484161207
4554,d9a1e3491e140bd54,True,,,,,,,,,,1.0,1.0,1.0,1.0,0.8069890343132464,1.0,1.0,1.0,0.0,0.8146840732228895
4555,1909b0573a163be83,True,,,,,,,,,,1.0,1.0,1.0,1.0,0.8249957734775014,1.0,1.0,1.0,0.0,0.8203111792117193
4556,2e5eb89b3ec98ed08,True,,,,,,,,,,0.5,0.0,1.0,1.0,1.0,0.0,1.0,1.0,1.0,0.0
4557,7b5998d0c96e5433a,True,,,,,,,,,,1.0,1.0,1.0,1.0,1.0,1.0,1.0,1.0,0.0,0.875
4558,814fa66e0a997a168,True,,,,,,,,,,1.0,0.0,0.5,1.0,1.0,1.0,0.0,1.0,1.0,0.0
4559,067988277091a3762,True,,,,,,,,,,1.0,1.0,1.0,1.0,0.8306642047162355,1.0,1.0,1.0,1.0,0.9470825639738236
4560,c107f7eeb5856c0bf,True,,,,,,,,,,1.0,1.0,0.0,1.0,0.968852580773311,1.0,1.0,1.0,1.0,0.0
4561,cad5818510a871f22,True,,,,,,,,,,0.0,1.0,1.0,1.0,1.0,0.0,1.0,1.0,1.0,0.0
4562,3b8808368bea4771a,True,,,,,,,,,,0.5,1.0,1.0,1.0,1.0,0.0,1.0,1.0,0.0,0.28125
4563,880ea2e1739fd042f,True,,,,,,,,,,1.0,0.0,1.0,1.0,0.8242338935312717,1.0,1.0,1.0,0.0,0.0
4564,e6ff8ec91b67a0256,True,,,,,,,,,,1.0,1.0,1.0,1.0,0.6660614969376148,1.0,1.0,1.0,0.0,0.7706442177930046
4565,87bc17b46db863809,True,,,,,,,,,,1.0,1.0,0.5,1.0,0.8210357961019743,1.0,0.0,1.0,0.0,0.34703684314093347
4566,2c09013af79e257fd,True,,,,,,,,,,1.0,0.0,1.0,1.0,0.7236194121611211,1.0,0.0,1.0,1.0,0.0
4567,a8b0718f4ba8367ac,True,,,,,,,,,,1.0,0.0,1.0,1.0,0.568681997655054,1.0,1.0,1.0,0.0,0.0
4568,7fa72ac59f374d3ab,True,,,,,,,,,,0.0,1.0,1.0,1.0,1.0,0.0,0.0,1.0,1.0,0.0
4569,f19d36e6d48219eba,True,,,,,,,,,,0.0,0.0,0.0,1.0,1.0,0.0,0.0,1.0,0.0,0.0
4570,96e90fd2233ad685a,True,,,,,,,,,,1.0,1.0,0.0,1.0,1.0,1.0,0.0,1.0,0.0,0.0
4571,384e8594099b2b5f2,True,,,,,,,,,,1.0,1.0,1.0,1.0,0.7644029910927566,1.0,1.0,1.0,1.0,0.9263759347164864
4572,5dbaff082e8bd2a5b,True,,,,,,,,,,1.0,1.0,1.0,1.0,0.7818631840621258,1.0,0.0,1.0,1.0,0.8068322450194143
4573,7577c592d62db033f,True,,,,,,,,,,1.0,1.0,1.0,1.0,0.7728128943956271,1.0,0.0,1.0,1.0,0.8040040294986335
4574,b5026163c611c7730,True,,,,,,,,,,1.0,1.0,1.0,1.0,0.9348742471210717,1.0,1.0,1.0,1.0,0.9796482022253349
4575,467689ba5841d624f,True,,,,,,,,,,1.0,1.0,1.0,1.0,1.0,1.0,0.0,1.0,0.0,0.75
4576,35af9247ec4aef73d,True,,,,,,,,,,1.0,0.0,1.0,1.0,0.836442031492635,1.0,0.0,1.0,1.0,0.0
4577,eafc663e431fb2efe,True,,,,,,,,,,1.0,1.0,0.5,1.0,0.6891296080096359,1.0,1.0,0.0,0.0,0.32642650125150563
4578,ddea16ece1f071cc3,True,,,,,,,,,,1.0,1.0,1.0,1.0,0.7351308461697569,1.0,1.0,1.0,1.0,0.9172283894280491
4579,feeaa6210f5b68928,True,,,,,,,,,,1.0,0.0,0.5,1.0,0.4805959480329587,1.0,0.0,1.0,0.0,0.0
4580,0222e5d829f11ad1c,True,,,,,,,,,,0.0,0.0,0.0,1.0,1.0,0.0,0.0,1.0,0.0,0.0
4581,54474c2dd7ecfcc29,True,,,,,,,,,,1.0,0.0,1.0,1.0,1.0,1.0,1.0,1.0,1.0,0.0
4582,4562930d9a4d7543b,True,,,,,,,,,,0.5,1.0,1.0,1.0,0.6194891213785872,0.0,1.0,1.0,1.0,0.28429517521540426
4583,a810d97362a0219ed,True,,,,,,,,,,1.0,0.0,1.0,1.0,0.8571516342722769,1.0,1.0,1.0,0.0,0.0
4584,f732598080ee7f0cf,True,,,,,,,,,,1.0,1.0,1.0,1.0,0.26469495338360405,1.0,1.0,1.0,0.0,0.6452171729323762
4585,e6ece8d2d8cf12a8c,True,,,,,,,,,,1.0,1.0,1.0,1.0,0.9413575091275562,1.0,1.0,1.0,0.0,0.8566742216023613
4586,7837a188fc6d747f2,True,,,,,,,,,,0.0,1.0,1.0,1.0,1.0,0.0,1.0,1.0,1.0,0.0
4587,b24449179efd06cad,True,,,,,,,,,,1.0,1.0,1.0,1.0,0.8893746741841729,1.0,1.0,1.0,1.0,0.9654295856825541
4588,525d0548f3cf8685b,True,,,,,,,,,,0.0,0.0,0.0,1.0,1.0,0.0,0.0,1.0,0.0,0.0
4589,f38027c813030f619,True,,,,,,,,,,1.0,0.0,1.0,1.0,1.0,1.0,1.0,1.0,0.0,0.0
4590,953bd3451def71fb4,True,,,,,,,,,,1.0,1.0,0.5,1.0,0.6776527455575668,1.0,1.0,1.0,0.0,0.3871332414933698
4591,0abe9e69bf806a8c4,True,,,,,,,,,,1.0,1.0,1.0,1.0,1.0,1.0,1.0,1.0,0.0,0.875
4592,fa4895c5592886086,True,,,,,,,,,,0.0,1.0,1.0,1.0,1.0,0.0,1.0,1.0,1.0,0.0
4593,abeae7488b509687d,True,,,,,,,,,,1.0,1.0,0.5,1.0,0.9740247995314302,1.0,0.0,1.0,0.0,0.37094137492678597
4594,a42ef2d15ed8d3d94,True,,,,,,,,,,0.0,1.0,1.0,1.0,1.0,0.0,1.0,1.0,0.0,0.0
4595,610932681c4760e82,True,,,,,,,,,,0.5,0.0,1.0,1.0,0.8873876554339208,0.0,1.0,1.0,0.0,0.0
4596,5929f8a55e3904cac,True,,,,,,,,,,1.0,1.0,1.0,1.0,0.8030366411389804,1.0,1.0,1.0,1.0,0.9384489503559315
4597,1a5fb4f0990893f71,True,,,,,,,,,,0.0,0.0,1.0,1.0,1.0,0.0,1.0,1.0,0.0,0.0
4598,f13774881108b5e55,True,,,,,,,,,,1.0,0.0,0.5,1.0,1.0,1.0,1.0,1.0,1.0,0.0
4599,3d46e887da2f265d2,True,,,,,,,,,,1.0,1.0,1.0,1.0,0.617331389824327,1.0,1.0,1.0,0.0,0.7554160593201023
4600,d773ee01e5118e39d,True,,,,,,,,,,1.0,0.0,1.0,1.0,1.0,1.0,0.0,1.0,1.0,0.0
4601,2b296dc7b6be46a34,True,,,,,,,,,,1.0,0.0,0.5,1.0,1.0,1.0,0.0,1.0,1.0,0.0
4602,3e4a969700de7141a,True,,,,,,,,,,0.0,1.0,1.0,1.0,1.0,0.0,0.0,1.0,0.0,0.0
4603,b04390988b4a74994,True,,,,,,,,,,1.0,1.0,1.0,1.0,0.49667851456955225,1.0,1.0,1.0,1.0,0.8427120358029851
4604,1e733017715140218,True,,,,,,,,,,1.0,1.0,1.0,1.0,0.6797343242588578,1.0,1.0,1.0,1.0,0.8999169763308931
4605,1e0bfb2c4139f0062,True,,,,,,,,,,1.0,1.0,1.0,0.0,1.0,1.0,0.0,1.0,1.0,0.0
4606,5607119f8cda83560,True,,,,,,,,,,1.0,1.0,1.0,1.0,1.0,1.0,0.0,1.0,0.0,0.75
4607,14159a93c87271ed1,True,,,,,,,,,,1.0,1.0,1.0,1.0,1.0,0.0,0.0,1.0,0.0,0.4375
4608,e9f1d3b368a8f7603,True,,,,,,,,,,1.0,1.0,1.0,1.0,0.9845647460427237,1.0,1.0,1.0,1.0,0.9951764831383512
4609,a1ff65c462fb19548,True,,,,,,,,,,1.0,1.0,0.5,1.0,0.9932759964295248,1.0,1.0,1.0,1.0,0.49894937444211324
4610,741792e4d3c065377,True,,,,,,,,,,1.0,0.0,1.0,1.0,0.7581976348713897,1.0,1.0,1.0,0.0,0.0
4611,62b18a39075ffdaba,True,,,,,,,,,,1.0,0.0,1.0,1.0,1.0,1.0,1.0,1.0,1.0,0.0
4612,f32ce52441f70bfee,True,,,,,,,,,,1.0,1.0,1.0,1.0,0.8401342251940315,1.0,1.0,1.0,1.0,0.9500419453731348
4613,94f50219a9dc3389d,True,,,,,,,,,,0.0,1.0,1.0,1.0,1.0,0.0,0.0,0.0,0.0,0.0
4614,f197eb9bb03399772,True,,,,,,,,,,1.0,1.0,1.0,1.0,0.7782012450329442,1.0,0.0,1.0,1.0,0.8056878890727951
4615,26961603aa068511e,True,,,,,,,,,,1.0,1.0,1.0,1.0,0.9362749497436115,1.0,1.0,1.0,1.0,0.9800859217948785
4616,75161de465d28f625,True,,,,,,,,,,1.0,0.0,1.0,1.0,0.7782604932991363,1.0,1.0,1.0,1.0,0.0
4617,190768b2e92e01b36,True,,,,,,,,,,1.0,1.0,0.0,1.0,0.9756238853993363,1.0,0.0,1.0,0.0,0.0
4618,c8a0832c8f737ce92,True,,,,,,,,,,1.0,0.0,0.5,1.0,0.8149717866629613,1.0,0.0,1.0,1.0,0.0
4619,7d9dbfb94fb6594f8,True,,,,,,,,,,1.0,0.0,1.0,1.0,0.8023876551456318,1.0,0.0,1.0,1.0,0.0
4620,52e9709be4289e9ff,True,,,,,,,,,,1.0,1.0,1.0,1.0,0.8678877442239051,1.0,0.0,1.0,0.0,0.7087149200699703
4621,2ffcefe9968b81e13,True,,,,,,,,,,1.0,1.0,0.5,1.0,0.7420374033211461,1.0,0.0,1.0,0.0,0.33469334426892905
4622,7c08e3a9b6ee87717,True,,,,,,,,,,1.0,0.0,1.0,1.0,0.9046886298352618,1.0,1.0,1.0,0.0,0.0
4623,210bdf510357465fe,True,,,,,,,,,,1.0,0.0,1.0,1.0,1.0,1.0,0.0,1.0,0.0,0.0
4624,6bdc53cfa4a8ecb29,True,,,,,,,,,,1.0,1.0,1.0,1.0,0.7234063798460295,1.0,1.0,1.0,0.0,0.7885644937018842
4625,54ddae029448a073a,True,,,,,,,,,,1.0,1.0,1.0,1.0,0.9230537251377229,1.0,1.0,1.0,0.0,0.8509542891055384
4626,1f18c770d2cfe8d3c,True,,,,,,,,,,0.0,1.0,0.0,1.0,1.0,0.0,0.0,1.0,1.0,0.0
4627,1e6601c658eba890a,True,,,,,,,,,,1.0,1.0,1.0,1.0,1.0,1.0,1.0,1.0,0.0,0.875
4628,08888312c5d67618e,True,,,,,,,,,,1.0,1.0,1.0,1.0,1.0,1.0,0.0,1.0,1.0,0.875
4629,a34ac70446a543335,True,,,,,,,,,,1.0,1.0,1.0,1.0,1.0,1.0,1.0,1.0,0.0,0.875
4630,c596165a8d328b5dd,True,,,,,,,,,,1.0,1.0,0.5,1.0,1.0,1.0,1.0,1.0,1.0,0.5
4631,17f2adbc3fb3e02c2,True,,,,,,,,,,1.0,1.0,1.0,1.0,0.6720476221812545,1.0,1.0,1.0,0.0,0.7725148819316421
4632,cd43d27167de6cc79,True,,,,,,,,,,1.0,0.0,0.0,1.0,1.0,1.0,0.0,1.0,1.0,0.0
4633,2c41c5664b187598f,True,,,,,,,,,,1.0,0.0,1.0,1.0,1.0,1.0,1.0,1.0,1.0,0.0
4634,5fbdf316a30e33058,True,,,,,,,,,,1.0,1.0,1.0,1.0,0.649899749775202,1.0,0.0,1.0,1.0,0.7655936718047507
4635,a29cd4e306ffe1e14,True,,,,,,,,,,0.0,1.0,0.5,1.0,1.0,0.0,0.0,1.0,1.0,0.0
4636,4082fe517c4e84c40,True,,,,,,,,,,1.0,0.0,1.0,1.0,0.9092081820950144,1.0,1.0,1.0,1.0,0.0
4637,c4f1bbae37da9b03a,True,,,,,,,,,,1.0,1.0,1.0,1.0,0.6197323850152562,1.0,1.0,1.0,1.0,0.8811663703172675
4638,e0a3b2c921d0f6f6d,True,,,,,,,,,,1.0,1.0,1.0,1.0,1.0,1.0,1.0,1.0,0.0,0.875
4639,b88788ff5a11cb94f,True,,,,,,,,,,1.0,1.0,1.0,1.0,0.7361475982447929,1.0,1.0,1.0,0.0,0.7925461244514977
4640,939c99b6da1e786f5,True,,,,,,,,,,1.0,1.0,1.0,1.0,1.0,1.0,0.0,1.0,1.0,0.875
4641,31e06cefab6d7169f,True,,,,,,,,,,1.0,1.0,1.0,1.0,0.9104896520097199,1.0,0.0,1.0,1.0,0.8470280162530375
4642,78fdd992fa8acb334,True,,,,,,,,,,0.0,1.0,0.0,1.0,1.0,0.0,0.0,1.0,0.0,0.0
4643,81745b0b8691480d6,True,,,,,,,,,,0.0,1.0,1.0,1.0,0.778387875219225,0.0,1.0,1.0,0.0,0.0
4644,32e366dcde5a1ff12,True,,,,,,,,,,1.0,1.0,1.0,1.0,0.7870826025987434,1.0,0.0,1.0,1.0,0.8084633133121073
4645,a9d7dd368b96f5f2d,True,,,,,,,,,,1.0,1.0,1.0,1.0,1.0,1.0,1.0,1.0,1.0,1.0
4646,0935bea2b70d9fd2a,True,,,,,,,,,,1.0,1.0,1.0,1.0,1.0,1.0,0.0,1.0,1.0,0.875
4647,1d5e8b5ded8ee3baf,True,,,,,,,,,,1.0,1.0,1.0,1.0,0.8193836630881763,1.0,1.0,1.0,1.0,0.9435573947150551
4648,f0da7e68f4547e66a,True,,,,,,,,,,0.0,0.0,1.0,1.0,1.0,0.0,0.0,1.0,0.0,0.0
4649,76d9e9afdcf9204ad,True,,,,,,,,,,1.0,0.0,0.5,1.0,1.0,1.0,1.0,1.0,0.0,0.0
4650,2f676101d71e92b1b,True,,,,,,,,,,1.0,1.0,1.0,1.0,1.0,1.0,1.0,1.0,0.0,0.875
4651,8ace3a7104057a34a,True,,,,,,,,,,1.0,1.0,0.5,1.0,1.0,1.0,0.0,1.0,1.0,0.4375
4652,4ce14eab81ed439f2,True,,,,,,,,,,1.0,1.0,0.0,1.0,0.8936790221675799,1.0,0.0,1.0,1.0,0.0
4653,ed8e5c526e1f42a73,True,,,,,,,,,,1.0,1.0,1.0,0.0,1.0,1.0,1.0,1.0,0.0,0.0
4654,699104c386f974829,True,,,,,,,,,,0.0,1.0,1.0,1.0,1.0,0.0,1.0,1.0,1.0,0.0
4655,84b2700de34b073da,True,,,,,,,,,,1.0,0.0,1.0,1.0,0.5917492499230848,1.0,1.0,1.0,0.0,0.0
4656,dfaaf61d58472b476,True,,,,,,,,,,1.0,1.0,1.0,1.0,0.7291608431694891,1.0,1.0,1.0,1.0,0.9153627634904653
4657,8f3bf4b1cb4be05f8,True,,,,,,,,,,0.0,1.0,0.0,1.0,1.0,0.0,0.0,1.0,1.0,0.0
4658,f22018746ab277cda,True,,,,,,,,,,1.0,0.0,0.5,1.0,1.0,1.0,0.0,1.0,1.0,0.0
4659,56b4d54802fcfc9b1,True,,,,,,,,,,1.0,1.0,1.0,1.0,0.87614148566092,1.0,0.0,1.0,1.0,0.8362942142690375
4660,6d342e630c70431ff,True,,,,,,,,,,1.0,1.0,1.0,1.0,0.6577138898316315,1.0,1.0,1.0,1.0,0.8930355905723848
4661,d328dc60ffaca31bf,True,,,,,,,,,,1.0,1.0,1.0,1.0,0.718721655375176,1.0,0.0,1.0,0.0,0.6621005173047425
4662,ddae067a0bdc3d1ec,True,,,,,,,,,,1.0,1.0,0.0,1.0,0.9900950158490179,1.0,0.0,1.0,1.0,0.0
4663,d40afa32f3c10b9e0,True,,,,,,,,,,1.0,1.0,1.0,1.0,0.8312771991641748,1.0,1.0,1.0,0.0,0.8222741247388046
4664,064aaacc7d9acb094,True,,,,,,,,,,1.0,1.0,1.0,1.0,1.0,1.0,0.0,1.0,1.0,0.875
4665,c2ee3d175867a9e7a,True,,,,,,,,,,1.0,0.0,0.5,1.0,0.9961516893508882,1.0,1.0,1.0,1.0,0.0
4666,8f3dd68f4334d028e,True,,,,,,,,,,1.0,1.0,1.0,1.0,0.8386345722228711,1.0,0.0,1.0,1.0,0.8245733038196472
4667,c557bbca95b7a9516,True,,,,,,,,,,1.0,0.0,1.0,1.0,0.987669852603474,1.0,1.0,1.0,0.0,0.0
4668,ac022e7e85876da0a,True,,,,,,,,,,1.0,1.0,1.0,1.0,0.5743547759175185,1.0,1.0,1.0,1.0,0.8669858674742246
4669,25c0bd003a55fd341,True,,,,,,,,,,1.0,1.0,1.0,1.0,0.7433759600522833,1.0,1.0,1.0,1.0,0.9198049875163385
4670,965c2a5d3c105c295,True,,,,,,,,,,1.0,1.0,1.0,1.0,0.45895181790259043,1.0,1.0,1.0,1.0,0.8309224430945595
4671,2ae5b4d91dcfac803,True,,,,,,,,,,0.0,1.0,1.0,1.0,1.0,0.0,0.0,1.0,1.0,0.0
4672,cc675839235bef34d,True,,,,,,,,,,1.0,1.0,1.0,1.0,0.7858421359009665,1.0,1.0,0.0,1.0,0.808075667469052
4673,39cc92992ccc3244a,True,,,,,,,,,,1.0,1.0,0.0,1.0,1.0,1.0,0.0,1.0,0.0,0.0
4674,7b0ac799452a88ee3,True,,,,,,,,,,1.0,1.0,0.0,1.0,1.0,1.0,0.0,1.0,1.0,0.0
4675,5139fde7658566f8c,True,,,,,,,,,,1.0,1.0,0.5,1.0,1.0,1.0,0.0,1.0,1.0,0.4375
4676,a30c17989141062af,True,,,,,,,,,,1.0,0.0,0.5,1.0,1.0,1.0,0.0,1.0,1.0,0.0
4677,2c126d0b4fc4f59f6,True,,,,,,,,,,1.0,1.0,1.0,1.0,1.0,1.0,0.0,1.0,0.0,0.75
4678,c989b3ae7e9270d2d,True,,,,,,,,,,1.0,1.0,1.0,1.0,0.7785148589698724,1.0,0.0,1.0,1.0,0.8057858934280852
4679,7b35876d62521ffc5,True,,,,,,,,,,1.0,1.0,0.0,1.0,0.8457788856420706,1.0,0.0,1.0,1.0,0.0
4680,1562459800e0a5ba5,True,,,,,,,,,,1.0,1.0,1.0,1.0,0.6990192857821655,1.0,1.0,1.0,0.0,0.7809435268069267
4681,93c5dce231ad8a838,True,,,,,,,,,,0.5,0.0,1.0,1.0,0.7825725149240875,0.0,1.0,1.0,1.0,0.0
4682,ad16a8e4063d7973e,True,,,,,,,,,,1.0,1.0,1.0,1.0,0.9081897389652398,1.0,1.0,1.0,0.0,0.8463092934266374
4683,2a756bf014216177b,True,,,,,,,,,,1.0,1.0,1.0,1.0,0.9168334274227632,1.0,0.0,1.0,0.0,0.7240104460696135
4684,1b62d4e2468940ddb,True,,,,,,,,,,0.0,1.0,0.5,1.0,1.0,0.0,0.0,1.0,1.0,0.0
4685,8b07c31db85204e64,True,,,,,,,,,,1.0,1.0,0.0,1.0,0.8134971751888732,0.0,0.0,0.0,0.0,0.0
4686,7a7fa75bb756308ba,True,,,,,,,,,,1.0,1.0,1.0,1.0,1.0,1.0,0.0,1.0,1.0,0.875
4687,60849e221db8f770d,True,,,,,,,,,,1.0,1.0,1.0,0.0,1.0,1.0,1.0,1.0,1.0,0.0
4688,a2c78b96705709dc4,True,,,,,,,,,,1.0,1.0,1.0,1.0,1.0,1.0,0.0,1.0,1.0,0.875
4689,50af9c4a2721fb804,True,,,,,,,,,,1.0,0.0,1.0,1.0,1.0,1.0,1.0,1.0,1.0,0.0
4690,8c353bfb7146d30cd,True,,,,,,,,,,1.0,1.0,1.0,1.0,0.6563564216963134,1.0,1.0,1.0,0.0,0.7676113817800979
4691,5bc5b9c19039b3131,True,,,,,,,,,,1.0,1.0,1.0,1.0,0.7885323662908601,1.0,0.0,1.0,1.0,0.8089163644658938
4692,4239966d2e8490d01,True,,,,,,,,,,1.0,1.0,1.0,1.0,0.7992227231962908,1.0,0.0,1.0,0.0,0.6872571009988409
4693,9506188a844465e23,True,,,,,,,,,,1.0,1.0,1.0,1.0,0.8135682311742101,1.0,1.0,1.0,1.0,0.9417400722419407
4694,3f501988e5d39bd03,True,,,,,,,,,,1.0,1.0,0.5,1.0,0.4831564634483161,1.0,0.0,1.0,1.0,0.3567431974137994
4695,0ab9b133a9d7aad86,True,,,,,,,,,,0.0,0.0,0.5,1.0,1.0,0.0,0.0,1.0,1.0,0.0
4696,5ce376c0d0c1cc13f,True,,,,,,,,,,1.0,0.0,1.0,1.0,0.6262195603144753,1.0,0.0,1.0,0.0,0.0
4697,df00098f604a521a4,True,,,,,,,,,,1.0,1.0,1.0,1.0,0.9054984570441145,1.0,0.0,1.0,1.0,0.8454682678262857
4698,970116f72225f9d8b,True,,,,,,,,,,1.0,0.0,0.0,1.0,0.7489525488064587,1.0,0.0,1.0,1.0,0.0
4699,1549d79fb52ee0d4d,True,,,,,,,,,,1.0,1.0,1.0,1.0,0.7667205781619673,1.0,1.0,1.0,1.0,0.9271001806756147
4700,ceeb78663a0b4f09b,True,,,,,,,,,,1.0,1.0,1.0,1.0,0.7221791887048254,0.0,0.0,1.0,1.0,0.47568099647025797
4701,9e3a4761b9b643940,True,,,,,,,,,,1.0,0.0,0.0,1.0,1.0,1.0,0.0,1.0,0.0,0.0
4702,efc42904915428868,True,,,,,,,,,,0.0,1.0,1.0,1.0,1.0,0.0,0.0,1.0,1.0,0.0
4703,a50c0b5a789ee7174,True,,,,,,,,,,0.0,1.0,0.0,1.0,0.805215134057424,0.0,0.0,1.0,0.0,0.0
4704,074cb9c09e56d13b7,True,,,,,,,,,,1.0,1.0,1.0,1.0,0.694132198303835,1.0,1.0,1.0,1.0,0.9044163119699484
4705,94d9715aabd9df7cd,True,,,,,,,,,,1.0,1.0,1.0,1.0,1.0,1.0,1.0,1.0,1.0,1.0
4706,b0dc4287fbb069fd7,True,,,,,,,,,,1.0,1.0,1.0,1.0,0.7149877811768784,1.0,0.0,1.0,1.0,0.7859336816177745
4707,e422b7a7bb9c41f95,True,,,,,,,,,,0.0,1.0,1.0,1.0,1.0,0.0,1.0,1.0,1.0,0.0
4708,bc0cc2d8f71b0e8a8,True,,,,,,,,,,1.0,1.0,1.0,1.0,0.6500524455515976,1.0,1.0,1.0,1.0,0.8906413892348742
4709,c624adea428b6fde5,True,,,,,,,,,,1.0,1.0,1.0,1.0,0.6979499050713985,1.0,1.0,1.0,0.0,0.7806093453348121
4710,ad82260eea030954f,True,,,,,,,,,,1.0,1.0,1.0,1.0,0.7884982018815122,1.0,1.0,1.0,1.0,0.9339056880879726
4711,62efc5db12ae35bc5,True,,,,,,,,,,1.0,1.0,1.0,1.0,0.622654192700977,1.0,1.0,1.0,1.0,0.8820794352190553
4712,63ab15ccc8dcb91fd,True,,,,,,,,,,0.0,1.0,1.0,1.0,1.0,0.0,0.0,1.0,0.0,0.0
4713,7eb1127a01c79ed76,True,,,,,,,,,,1.0,0.0,1.0,1.0,0.9188744312005501,1.0,1.0,1.0,1.0,0.0
4714,f5d454a22e5731c5a,True,,,,,,,,,,1.0,1.0,1.0,1.0,0.5294746291798293,1.0,1.0,1.0,1.0,0.8529608216186967
4715,c548f7528dc6ad5c8,True,,,,,,,,,,1.0,1.0,1.0,1.0,0.9374311774594327,1.0,0.0,1.0,1.0,0.8554472429560727
4716,1a221329baff3bfe2,True,,,,,,,,,,1.0,1.0,1.0,1.0,0.9412423367042946,1.0,1.0,1.0,1.0,0.9816382302200921
4717,f38039c54ad8d65a3,True,,,,,,,,,,1.0,1.0,1.0,1.0,1.0,1.0,0.0,1.0,1.0,0.875
4718,b68951cab847f0bf5,True,,,,,,,,,,0.0,1.0,1.0,1.0,1.0,0.0,0.0,1.0,1.0,0.0
4719,fff510b0ac67a1e0a,True,,,,,,,,,,1.0,1.0,1.0,1.0,0.9712226547320958,1.0,0.0,1.0,0.0,0.74100707960378
4720,0502403f486b71c32,True,,,,,,,,,,1.0,0.0,1.0,1.0,0.6408708174055603,1.0,1.0,1.0,1.0,0.0
4721,655169c8955ef778b,True,,,,,,,,,,1.0,1.0,1.0,1.0,1.0,1.0,1.0,1.0,1.0,1.0
4722,026597b466e481724,True,,,,,,,,,,1.0,1.0,1.0,1.0,0.9267061015790122,1.0,1.0,1.0,1.0,0.9770956567434413
4723,5bf5914f66c7794ef,True,,,,,,,,,,1.0,0.0,1.0,1.0,0.7785062027725885,1.0,0.0,1.0,0.0,0.0
4724,792d3420eef5dbc41,True,,,,,,,,,,1.0,1.0,1.0,1.0,0.6507283673785003,1.0,1.0,1.0,1.0,0.8908526148057814
4725,0d069b495b11daa42,True,,,,,,,,,,1.0,1.0,0.0,1.0,1.0,1.0,0.0,1.0,0.0,0.0
4726,fc2f7b0ec25d44aea,True,,,,,,,,,,0.0,1.0,1.0,1.0,1.0,0.0,0.0,1.0,0.0,0.0
4727,96d4eccd3044219d2,True,,,,,,,,,,1.0,1.0,1.0,1.0,0.9766939770819618,1.0,1.0,1.0,0.0,0.8677168678381131
4728,076a62d5c97d941a6,True,,,,,,,,,,0.5,0.0,1.0,1.0,0.6014500080948724,0.0,1.0,1.0,1.0,0.0
4729,a8f42da9ce93b404d,True,,,,,,,,,,1.0,0.0,0.0,1.0,1.0,1.0,0.0,0.0,0.0,0.0
4730,da0cbcf9661157a63,True,,,,,,,,,,1.0,1.0,1.0,1.0,1.0,1.0,1.0,1.0,1.0,1.0
4731,3864e1953b7d8cbc6,True,,,,,,,,,,1.0,1.0,1.0,1.0,0.6039614700871692,1.0,1.0,0.0,0.0,0.6262379594022404
4732,1348d09a15e4bfd3f,True,,,,,,,,,,1.0,1.0,1.0,1.0,0.8426571070225856,1.0,0.0,1.0,1.0,0.825830345944558
4733,d1a972f7af648078b,True,,,,,,,,,,1.0,1.0,1.0,1.0,0.8978855866060433,1.0,1.0,1.0,0.0,0.8430892458143886
4734,95617d9c8d0165269,True,,,,,,,,,,1.0,0.0,0.0,1.0,0.668194048342684,1.0,1.0,1.0,0.0,0.0
4735,fb4312a55bc021d23,True,,,,,,,,,,1.0,1.0,1.0,1.0,0.6628662201674477,1.0,1.0,1.0,1.0,0.8946456938023274
4736,d79599d25c9842625,True,,,,,,,,,,1.0,1.0,1.0,1.0,0.925053283985048,1.0,0.0,1.0,1.0,0.8515791512453275
4737,1c9335961ee565478,True,,,,,,,,,,1.0,1.0,1.0,1.0,0.824549985400988,1.0,1.0,1.0,1.0,0.9451718704378087
4738,66186ff8feddb320f,True,,,,,,,,,,1.0,1.0,1.0,1.0,0.7935529656883258,1.0,0.0,1.0,1.0,0.8104853017776018
4739,f65b972c0bb906291,True,,,,,,,,,,1.0,1.0,1.0,1.0,0.832593766010875,1.0,0.0,1.0,1.0,0.8226855518783984
4740,81cd2035c0d6c6dbb,True,,,,,,,,,,1.0,1.0,0.5,1.0,1.0,1.0,0.0,1.0,1.0,0.4375
4741,7acbde1d7760e6ca2,True,,,,,,,,,,1.0,1.0,1.0,1.0,1.0,1.0,0.0,1.0,0.0,0.75
4742,c356f7c7a4dfada23,True,,,,,,,,,,1.0,1.0,1.0,1.0,0.8099676641221346,1.0,0.0,1.0,0.0,0.6906148950381671
4743,e1787c2ae57c993f3,True,,,,,,,,,,1.0,1.0,1.0,1.0,0.9107234868524025,1.0,0.0,1.0,1.0,0.8471010896413758
4744,2796e0e0b71483121,True,,,,,,,,,,1.0,1.0,1.0,1.0,1.0,0.0,1.0,1.0,0.0,0.5625
4745,d7437e062d9eed183,True,,,,,,,,,,1.0,1.0,1.0,1.0,0.8196283624733701,1.0,0.0,1.0,1.0,0.8186338632729282
4746,b71bf73462ddcaa0c,True,,,,,,,,,,1.0,1.0,1.0,1.0,1.0,1.0,0.0,1.0,0.0,0.75
4747,77db839a0d3b1d5fe,True,,,,,,,,,,1.0,1.0,0.5,1.0,1.0,1.0,1.0,1.0,1.0,0.5
4748,e6d6645a3d41d9627,True,,,,,,,,,,1.0,1.0,1.0,1.0,1.0,1.0,1.0,1.0,0.0,0.875
4749,4923ab814b3842354,True,,,,,,,,,,1.0,1.0,1.0,1.0,0.26942861658861683,1.0,1.0,1.0,0.0,0.6466964426839428
4750,c4a613ef81174337b,True,,,,,,,,,,1.0,0.0,0.5,1.0,1.0,1.0,0.0,1.0,1.0,0.0
4751,118825fc5cd99a244,True,,,,,,,,,,0.0,1.0,1.0,1.0,0.744164175182453,0.0,0.0,1.0,1.0,0.0
4752,5634addd2134d1453,True,,,,,,,,,,1.0,1.0,1.0,1.0,1.0,1.0,0.0,1.0,1.0,0.875
4753,9ac59d12e61e3b3ff,True,,,,,,,,,,1.0,0.0,1.0,1.0,0.8819500968926168,1.0,1.0,0.0,0.0,0.0
4754,41a150d2b1beead49,True,,,,,,,,,,1.0,1.0,0.5,1.0,1.0,1.0,1.0,1.0,0.0,0.4375
4755,ef08e59a9c882aea6,True,,,,,,,,,,0.0,1.0,1.0,1.0,1.0,0.0,0.0,1.0,1.0,0.0
4756,a82a0dff42f2a74f1,True,,,,,,,,,,1.0,0.0,1.0,1.0,0.9740813270253396,1.0,1.0,0.0,0.0,0.0
4757,d783a4e289c7f6c20,True,,,,,,,,,,1.0,1.0,1.0,1.0,0.7241228182188968,1.0,0.0,1.0,1.0,0.7887883806934053
4758,a4a30a8fdac11dd71,True,,,,,,,,,,1.0,1.0,1.0,1.0,0.7846370599849609,1.0,1.0,1.0,1.0,0.9326990812453003
4759,bccd8c64fe9f7bd3b,True,,,,,,,,,,1.0,1.0,1.0,1.0,1.0,1.0,1.0,1.0,1.0,1.0
4760,036879f77cadaa2d1,True,,,,,,,,,,0.0,1.0,1.0,1.0,1.0,0.0,1.0,0.0,0.0,0.0
4761,7e909c56c1daea780,True,,,,,,,,,,1.0,1.0,1.0,1.0,0.6004267795795666,1.0,1.0,1.0,1.0,0.8751333686186146
4762,b6e21e56bbdb5ba68,True,,,,,,,,,,1.0,1.0,1.0,1.0,0.9264230950219813,1.0,0.0,1.0,1.0,0.8520072171943691
4763,63aab11dd75c78ad2,True,,,,,,,,,,1.0,1.0,1.0,1.0,0.6692609526571369,1.0,1.0,1.0,1.0,0.8966440477053552
4764,82dd82d413d8fdf95,True,,,,,,,,,,1.0,1.0,1.0,1.0,0.9936046034957113,1.0,1.0,1.0,0.0,0.8730014385924099
4765,4d65febaea8d3fd84,True,,,,,,,,,,1.0,1.0,1.0,1.0,0.7267467550506127,1.0,0.0,1.0,0.0,0.6646083609533164
4766,fd0fe3e97024a208f,True,,,,,,,,,,0.0,1.0,1.0,0.0,1.0,0.0,0.0,1.0,1.0,0.0
4767,096db7931a7697382,True,,,,,,,,,,1.0,1.0,1.0,1.0,0.7757183075090449,1.0,1.0,1.0,1.0,0.9299119710965765
4768,f4fb3d3b43707d6a3,True,,,,,,,,,,1.0,1.0,1.0,1.0,1.0,1.0,0.0,1.0,0.0,0.75
4769,f6807a15ef236a60e,True,,,,,,,,,,1.0,0.0,1.0,1.0,1.0,1.0,1.0,0.0,0.0,0.0
4770,1c913239e8b6739a5,True,,,,,,,,,,1.0,0.0,1.0,1.0,0.37918665410494345,1.0,1.0,1.0,1.0,0.0
4771,7e241b2390105cdb3,True,,,,,,,,,,1.0,1.0,0.0,1.0,0.7373068664632423,1.0,0.0,1.0,1.0,0.0
4772,fb300036a09e3c31c,True,,,,,,,,,,1.0,0.0,1.0,1.0,1.0,0.0,0.0,1.0,1.0,0.0
4773,31df3ebdb68bf83fe,True,,,,,,,,,,0.0,1.0,1.0,1.0,1.0,0.0,1.0,1.0,0.0,0.0
4774,fbdc714c905b7409f,True,,,,,,,,,,1.0,0.0,1.0,1.0,0.7848892316887797,0.0,0.0,1.0,1.0,0.0
4775,4c3e13d3975af4927,True,,,,,,,,,,1.0,1.0,1.0,1.0,0.8423157038647512,1.0,1.0,1.0,1.0,0.9507236574577347
4776,a559541fda572fe81,True,,,,,,,,,,1.0,1.0,1.0,1.0,0.6957745907262868,1.0,1.0,1.0,1.0,0.9049295596019646
4777,10c72d595566b545a,True,,,,,,,,,,0.0,1.0,1.0,1.0,1.0,0.0,1.0,1.0,0.0,0.0
4778,d4b0d052629a32f79,True,,,,,,,,,,1.0,1.0,1.0,1.0,1.0,1.0,1.0,1.0,1.0,1.0
4779,ca366055bc1b9838a,True,,,,,,,,,,1.0,1.0,1.0,1.0,0.8542841496129034,1.0,1.0,1.0,1.0,0.9544637967540324
4780,0acf0c1a301a7180c,True,,,,,,,,,,1.0,0.0,1.0,1.0,1.0,1.0,1.0,1.0,1.0,0.0
4781,f89453f475567e939,True,,,,,,,,,,1.0,1.0,1.0,1.0,1.0,1.0,1.0,1.0,0.0,0.875
4782,da19f3b30489b58f8,True,,,,,,,,,,0.0,1.0,1.0,1.0,1.0,0.0,1.0,1.0,1.0,0.0
4783,a9e0e52d177dd7f09,True,,,,,,,,,,1.0,0.0,0.0,1.0,1.0,1.0,0.0,1.0,1.0,0.0
4784,49057fbf986facf33,True,,,,,,,,,,1.0,1.0,1.0,1.0,0.8189303737147863,1.0,0.0,1.0,1.0,0.8184157417858707
4785,815411526d5f2c6d5,True,,,,,,,,,,1.0,1.0,1.0,1.0,1.0,1.0,0.0,1.0,0.0,0.75
4786,70fc0f58fc8579539,True,,,,,,,,,,0.0,1.0,1.0,1.0,1.0,0.0,0.0,1.0,1.0,0.0
4787,88438c22da37ffc4f,True,,,,,,,,,,0.5,0.0,1.0,1.0,1.0,0.0,1.0,1.0,0.0,0.0
4788,e1d4af242fe8773fa,True,,,,,,,,,,0.0,0.0,0.5,1.0,1.0,0.0,0.0,0.0,0.0,0.0
4789,522f0d16763a76d06,True,,,,,,,,,,1.0,1.0,1.0,1.0,0.8564496116230066,1.0,1.0,1.0,1.0,0.9551405036321896
4790,c9dca5652801c1a98,True,,,,,,,,,,1.0,1.0,0.5,1.0,0.8431475816987409,1.0,0.0,1.0,1.0,0.41299180964042825
4791,22a3ae905426058d2,True,,,,,,,,,,1.0,1.0,0.0,1.0,1.0,1.0,0.0,1.0,0.0,0.0
4792,d85e0580a10c3e544,True,,,,,,,,,,1.0,1.0,0.0,1.0,0.8467770235845352,1.0,0.0,1.0,1.0,0.0
4793,8eb4319f6f1477277,True,,,,,,,,,,1.0,0.0,1.0,1.0,1.0,1.0,1.0,1.0,0.0,0.0
4794,e87f91497184fed2b,True,,,,,,,,,,0.0,1.0,1.0,1.0,1.0,0.0,1.0,1.0,1.0,0.0
4795,24f191a721f816f48,True,,,,,,,,,,1.0,1.0,1.0,1.0,1.0,1.0,1.0,1.0,0.0,0.875
4796,4f4151894f1e74390,True,,,,,,,,,,1.0,1.0,1.0,1.0,0.7369512571696402,1.0,0.0,1.0,1.0,0.7927972678655125
4797,bd7d7120ca6491008,True,,,,,,,,,,1.0,1.0,1.0,1.0,1.0,1.0,1.0,1.0,1.0,1.0
4798,58529df281ddba3bc,True,,,,,,,,,,1.0,1.0,1.0,1.0,0.4277078536535487,1.0,1.0,1.0,0.0,0.696158704266734
4799,e2da039b5ef4ab27c,True,,,,,,,,,,1.0,0.0,1.0,1.0,0.8727236577805887,1.0,0.0,1.0,1.0,0.0
4800,2a1e301e08b641e81,True,,,,,,,,,,1.0,0.0,0.0,1.0,1.0,1.0,0.0,1.0,1.0,0.0
4801,aaaeb97c15db0e2f6,True,,,,,,,,,,1.0,1.0,1.0,1.0,0.7991417364462242,1.0,1.0,1.0,1.0,0.9372317926394451
4802,c9e57d49438cf3843,True,,,,,,,,,,1.0,1.0,1.0,1.0,0.8147268899437435,1.0,1.0,1.0,1.0,0.9421021531074198
4803,a78f2817702c75036,True,,,,,,,,,,1.0,0.0,1.0,1.0,0.7490649233598383,1.0,0.0,1.0,1.0,0.0
4804,4533792bbf9b2478b,True,,,,,,,,,,1.0,1.0,1.0,1.0,0.6750729213843488,1.0,1.0,1.0,1.0,0.898460287932609
4805,02e812e171526ec23,True,,,,,,,,,,1.0,1.0,1.0,1.0,0.7207449268461623,1.0,1.0,1.0,0.0,0.7877327896394257
4806,325c79bfe38fe6e9a,True,,,,,,,,,,1.0,1.0,1.0,1.0,0.7801494581348802,1.0,1.0,1.0,1.0,0.9312967056671501
4807,d62c06587889c5e1b,True,,,,,,,,,,1.0,0.0,1.0,1.0,1.0,1.0,0.0,1.0,1.0,0.0
4808,3b8447bf8c7f49917,True,,,,,,,,,,1.0,0.0,0.5,1.0,1.0,1.0,1.0,1.0,1.0,0.0
4809,d2de0edb11096f082,True,,,,,,,,,,1.0,1.0,1.0,1.0,0.7740306414523895,1.0,1.0,1.0,1.0,0.9293845754538718
4810,ee1505d57883cfc9f,True,,,,,,,,,,1.0,1.0,1.0,1.0,0.6337692718185356,1.0,0.0,1.0,1.0,0.7605528974432924
4811,c3d36eb7fd24a9ca2,True,,,,,,,,,,1.0,0.0,1.0,1.0,0.7786042836841283,0.0,0.0,1.0,1.0,0.0
4812,c8bce5ae9777b5139,True,,,,,,,,,,1.0,0.0,1.0,1.0,0.5861592451959805,1.0,1.0,1.0,1.0,0.0
4813,db738e711b7d7a1c7,True,,,,,,,,,,1.0,1.0,1.0,1.0,0.7952499836431981,1.0,1.0,1.0,0.0,0.8110156198884995
4814,dd0951850bdae5fd8,True,,,,,,,,,,1.0,1.0,1.0,1.0,0.7074841636897085,1.0,1.0,0.0,0.0,0.6585888011530339
4815,70f0bbf667ad7bd9e,True,,,,,,,,,,1.0,1.0,1.0,1.0,1.0,1.0,0.0,1.0,0.0,0.75
4816,514e8dc72d43731a2,True,,,,,,,,,,1.0,1.0,1.0,1.0,0.9126708207956081,1.0,0.0,1.0,0.0,0.7227096314986275
4817,7dbe15c1329420b90,True,,,,,,,,,,1.0,0.0,1.0,1.0,1.0,1.0,0.0,1.0,1.0,0.0
4818,f2d7c34919985c798,True,,,,,,,,,,0.0,1.0,1.0,1.0,1.0,0.0,0.0,1.0,1.0,0.0
4819,111982efc7ab59a6d,True,,,,,,,,,,1.0,0.0,1.0,1.0,0.47726778616006116,1.0,1.0,1.0,1.0,0.0
4820,0b3ce3fcc2b9cdf45,True,,,,,,,,,,1.0,1.0,1.0,1.0,0.3647360514272111,1.0,0.0,1.0,1.0,0.6764800160710035
4821,4bd3930751899054f,True,,,,,,,,,,1.0,1.0,1.0,1.0,0.6051072750397254,1.0,0.0,1.0,1.0,0.7515960234499142
4822,f9533c6195790b299,True,,,,,,,,,,0.0,0.0,1.0,1.0,1.0,0.0,0.0,1.0,1.0,0.0
4823,c279c0b2210285c1f,True,,,,,,,,,,1.0,1.0,0.0,1.0,1.0,1.0,0.0,1.0,1.0,0.0
4824,9958c9d44c4338562,True,,,,,,,,,,1.0,1.0,1.0,1.0,0.6435227560587565,1.0,1.0,1.0,1.0,0.8886008612683614
4825,454ed2035bb0054fb,True,,,,,,,,,,1.0,1.0,1.0,1.0,0.719886868628595,1.0,1.0,1.0,1.0,0.9124646464464359
4826,2bb929aa7298012be,True,,,,,,,,,,0.0,0.0,1.0,1.0,1.0,0.0,1.0,1.0,0.0,0.0
4827,b46505d824967a9bc,True,,,,,,,,,,1.0,1.0,1.0,1.0,0.2624358678860335,1.0,1.0,1.0,1.0,0.7695112087143855
4828,ae4f3518384257a07,True,,,,,,,,,,1.0,1.0,1.0,1.0,0.5537527413232693,1.0,1.0,1.0,0.0,0.7355477316635217
4829,dd7c29b15f5cef89c,True,,,,,,,,,,1.0,1.0,1.0,1.0,0.7964053788172065,1.0,0.0,1.0,1.0,0.8113766808803771
4830,a7eababd56f26dc5e,True,,,,,,,,,,1.0,1.0,1.0,1.0,0.8349557873638755,1.0,1.0,1.0,1.0,0.9484236835512111
4831,fedf09c50e4a8ef7b,True,,,,,,,,,,1.0,1.0,0.5,1.0,1.0,1.0,0.0,1.0,0.0,0.375
4832,597a84c12865d3cb1,True,,,,,,,,,,1.0,1.0,0.0,1.0,0.7687865900567977,1.0,0.0,1.0,1.0,0.0
4833,b016a907699ca499b,True,,,,,,,,,,0.0,1.0,1.0,0.0,1.0,0.0,0.0,1.0,1.0,0.0
4834,b22a9c0ef981d4004,True,,,,,,,,,,1.0,1.0,1.0,1.0,0.6787152328830882,1.0,1.0,1.0,0.0,0.774598510275965
4835,afae980cb1f67291e,True,,,,,,,,,,1.0,1.0,1.0,1.0,0.261772931463439,1.0,1.0,1.0,0.0,0.6443040410823246
4836,1ad6a12ee1c381847,True,,,,,,,,,,1.0,1.0,1.0,1.0,1.0,1.0,0.0,1.0,0.0,0.75
4837,0d2f41b0b8ec0376a,True,,,,,,,,,,1.0,1.0,1.0,1.0,0.7932325658247216,1.0,0.0,1.0,1.0,0.8103851768202255
4838,1f607fe68e3fc6846,True,,,,,,,,,,0.0,0.0,1.0,1.0,1.0,0.0,1.0,1.0,1.0,0.0
4839,4c86c87d1f278b79a,True,,,,,,,,,,1.0,0.0,1.0,1.0,0.6178448031218763,1.0,1.0,1.0,1.0,0.0
4840,5c78d4068407d661c,True,,,,,,,,,,1.0,1.0,0.5,1.0,1.0,1.0,1.0,1.0,1.0,0.5
4841,d2e7ee3ace0b92dee,True,,,,,,,,,,1.0,1.0,1.0,1.0,0.7816932187580041,1.0,1.0,1.0,0.0,0.8067791308618764
4842,102aa278a654e934e,True,,,,,,,,,,1.0,1.0,1.0,1.0,0.8836143058422121,1.0,1.0,1.0,1.0,0.9636294705756913
4843,f155a28a11bdfe4d3,True,,,,,,,,,,0.0,1.0,1.0,1.0,1.0,0.0,1.0,1.0,1.0,0.0
4844,92d16fac53c12f99d,True,,,,,,,,,,1.0,1.0,1.0,1.0,0.8282237657404187,1.0,1.0,1.0,0.0,0.8213199267938809
4845,e02f0131e55e31509,True,,,,,,,,,,0.0,1.0,1.0,1.0,1.0,0.0,1.0,1.0,0.0,0.0
4846,aa598127cd934aa23,True,,,,,,,,,,1.0,1.0,1.0,1.0,0.6517497195576804,1.0,1.0,1.0,1.0,0.891171787361775
4847,e9edc42aeefc7e850,True,,,,,,,,,,1.0,1.0,0.0,1.0,0.7671160595124877,1.0,0.0,1.0,1.0,0.0
4848,444448ad7659dcee6,True,,,,,,,,,,1.0,1.0,1.0,1.0,1.0,1.0,0.0,1.0,1.0,0.875
4849,7e160b5ef1f82a420,True,,,,,,,,,,1.0,1.0,1.0,1.0,1.0,1.0,1.0,1.0,0.0,0.875
4850,ac3ff7df2071920ad,True,,,,,,,,,,1.0,1.0,1.0,1.0,1.0,1.0,0.0,1.0,0.0,0.75
4851,bbfd9bdc997348cff,True,,,,,,,,,,1.0,0.0,1.0,1.0,0.6779073951204847,1.0,1.0,1.0,0.0,0.0
4852,21c67a61bb969877f,True,,,,,,,,,,1.0,0.0,0.5,1.0,1.0,1.0,0.0,1.0,0.0,0.0
4853,7b49a5c516fc052ba,True,,,,,,,,,,1.0,1.0,0.0,1.0,0.8646228578035069,1.0,0.0,1.0,1.0,0.0
4854,dcea45b5db447124d,True,,,,,,,,,,1.0,0.0,1.0,1.0,1.0,1.0,0.0,1.0,1.0,0.0
4855,7447fa48c5294d130,True,,,,,,,,,,1.0,0.0,1.0,1.0,1.0,1.0,0.0,1.0,1.0,0.0
4856,a779cf32b55be3c41,True,,,,,,,,,,1.0,1.0,1.0,1.0,1.0,1.0,1.0,1.0,1.0,1.0
4857,1b26aaf90ef14383f,True,,,,,,,,,,1.0,1.0,1.0,1.0,1.0,0.0,1.0,1.0,0.0,0.5625
4858,e593c645d1fd3fdb9,True,,,,,,,,,,1.0,1.0,1.0,1.0,0.865997223673179,1.0,1.0,1.0,1.0,0.9581241323978684
4859,2182fa4ac8750cb31,True,,,,,,,,,,1.0,0.0,1.0,1.0,0.963051257683469,1.0,1.0,1.0,0.0,0.0
4860,ef019ffb0a16f5e9f,True,,,,,,,,,,1.0,1.0,1.0,1.0,0.789741534282669,1.0,1.0,1.0,1.0,0.9342942294633341
4861,fe2856fd4df6ee473,True,,,,,,,,,,1.0,1.0,1.0,1.0,0.7825160305396878,1.0,0.0,1.0,1.0,0.8070362595436524
4862,e9751ea5c28dbd703,True,,,,,,,,,,0.0,1.0,1.0,1.0,0.7172797039198443,0.0,1.0,1.0,1.0,0.0
4863,9aaa6dbe1c4b11d07,True,,,,,,,,,,1.0,1.0,0.5,1.0,0.6057533570064864,1.0,1.0,1.0,1.0,0.4383989620322635
4864,c525c6d635eb5f316,True,,,,,,,,,,1.0,1.0,1.0,1.0,0.7037037301878581,1.0,1.0,1.0,0.0,0.7824074156837056
4865,a8a3d313576f30414,True,,,,,,,,,,1.0,1.0,1.0,1.0,0.6535213118604971,0.0,1.0,1.0,0.0,0.45422540995640537
4866,8e653e8d9b170a7dd,True,,,,,,,,,,1.0,0.0,0.0,1.0,0.9163948582165894,1.0,0.0,1.0,1.0,0.0
4867,cb5add2e1dd5aa638,True,,,,,,,,,,1.0,1.0,1.0,1.0,1.0,1.0,1.0,1.0,0.0,0.875
4868,e13710073c3a4f5c6,True,,,,,,,,,,0.0,1.0,1.0,1.0,1.0,0.0,1.0,1.0,1.0,0.0
4869,7d5a7137f0e5a166a,True,,,,,,,,,,0.0,0.0,1.0,1.0,1.0,0.0,1.0,1.0,1.0,0.0
4870,6fb2b8cc6f313cf96,True,,,,,,,,,,1.0,0.0,1.0,1.0,0.5647105953951052,1.0,1.0,0.0,1.0,0.0
4871,10933ac8239bd6fbb,True,,,,,,,,,,1.0,0.0,1.0,1.0,0.686811599563169,1.0,1.0,1.0,1.0,0.0
4872,a16a2970a55b1cf7f,True,,,,,,,,,,1.0,1.0,1.0,1.0,0.7177452612629933,1.0,0.0,1.0,0.0,0.6617953941446855
4873,5b8a84de1fcdc3118,True,,,,,,,,,,1.0,0.0,1.0,0.0,1.0,1.0,1.0,1.0,0.0,0.0
4874,6206155cd12c2d3af,True,,,,,,,,,,1.0,1.0,1.0,1.0,1.0,1.0,1.0,1.0,0.0,0.875
4875,68dc2b23bd498da89,True,,,,,,,,,,1.0,1.0,1.0,1.0,0.7059514255461872,1.0,1.0,1.0,0.0,0.7831098204831834
4876,f75452f2564e8f2ae,True,,,,,,,,,,1.0,1.0,1.0,1.0,1.0,1.0,0.0,1.0,1.0,0.875
4877,6d9ac6e09b2090952,True,,,,,,,,,,1.0,1.0,1.0,1.0,0.9819067545207429,1.0,0.0,1.0,1.0,0.8693458607877322
4878,819c74509b391434b,True,,,,,,,,,,1.0,1.0,1.0,1.0,0.8160712105209669,1.0,1.0,1.0,1.0,0.9425222532878021
4879,19f37ab0ecf15f254,True,,,,,,,,,,1.0,0.0,0.5,1.0,1.0,1.0,0.0,1.0,1.0,0.0
4880,a382d4a158cc4f443,True,,,,,,,,,,1.0,1.0,1.0,1.0,0.7660948961724884,1.0,0.0,1.0,1.0,0.8019046550539026
4881,9f713e2cd506e1fef,True,,,,,,,,,,1.0,0.0,1.0,1.0,1.0,1.0,1.0,1.0,1.0,0.0
4882,e8015a37a1ba3f7a3,True,,,,,,,,,,1.0,1.0,1.0,1.0,0.8426110692505463,1.0,1.0,1.0,1.0,0.9508159591407956
4883,9a1b34a6539726796,True,,,,,,,,,,1.0,1.0,1.0,1.0,0.7171964834549882,1.0,1.0,1.0,1.0,0.9116239010796838
4884,23466331481723251,True,,,,,,,,,,0.5,0.0,0.0,1.0,1.0,0.0,0.0,1.0,1.0,0.0
4885,86d4226f5118e784d,True,,,,,,,,,,1.0,1.0,1.0,1.0,0.8382518821318031,1.0,1.0,1.0,1.0,0.9494537131661884
4886,44b5f6ff06f523846,True,,,,,,,,,,0.0,0.0,1.0,1.0,1.0,0.0,0.0,1.0,1.0,0.0
4887,514d7497a9ead95b4,True,,,,,,,,,,1.0,0.0,1.0,1.0,0.8560956949068435,0.0,0.0,1.0,1.0,0.0
4888,d92b3534c888c4bbb,True,,,,,,,,,,0.0,0.0,0.5,1.0,1.0,0.0,0.0,0.0,0.0,0.0
4889,00aa61063a3147cb9,True,,,,,,,,,,1.0,1.0,1.0,1.0,0.5217119673214151,1.0,1.0,1.0,1.0,0.8505349897879422
4890,13a793ea62b767a28,True,,,,,,,,,,1.0,1.0,0.5,1.0,0.8117034058108196,1.0,1.0,1.0,1.0,0.47057865715794056
4891,214aedc89904305ef,True,,,,,,,,,,1.0,1.0,1.0,0.0,1.0,1.0,1.0,1.0,1.0,0.0
4892,7964eadbdbfc7f2a6,True,,,,,,,,,,1.0,1.0,1.0,1.0,0.1747604296034907,1.0,0.0,1.0,0.0,0.49211263425109086
4893,b73770a1de3ee8a3f,True,,,,,,,,,,1.0,1.0,1.0,1.0,0.5342056630355903,1.0,1.0,1.0,0.0,0.7294392696986219
4894,8090a94784c5adc03,True,,,,,,,,,,1.0,1.0,1.0,1.0,0.7541241347335588,1.0,1.0,1.0,1.0,0.923163792104237
4895,aedc0bf45f1840715,True,,,,,,,,,,1.0,1.0,0.5,1.0,0.7614514221945529,1.0,0.0,1.0,0.0,0.33772678471789885
4896,6f13146a94fc09b32,True,,,,,,,,,,1.0,1.0,0.5,1.0,0.6747197281060984,1.0,0.0,1.0,0.0,0.3241749575165779
4897,6c8d225b7e93d1ff8,True,,,,,,,,,,1.0,0.0,0.5,1.0,0.6775365434041806,1.0,0.0,0.0,0.0,0.0
4898,fb23a658d96acd780,True,,,,,,,,,,0.0,1.0,0.0,1.0,1.0,0.0,0.0,1.0,0.0,0.0
4899,57b65fccc387a8607,True,,,,,,,,,,1.0,1.0,1.0,1.0,0.9703619658653894,1.0,1.0,1.0,0.0,0.8657381143329341
4900,5a6f69ea54c00b6d2,True,,,,,,,,,,1.0,1.0,1.0,1.0,0.6254915929364201,0.0,1.0,1.0,1.0,0.5704661227926313
4901,075c6629f363025a1,True,,,,,,,,,,1.0,1.0,1.0,1.0,0.7847880840326448,1.0,1.0,1.0,1.0,0.9327462762602015
4902,a19215a312654cd8f,True,,,,,,,,,,1.0,1.0,1.0,1.0,1.0,1.0,1.0,1.0,0.0,0.875
4903,d38c4af1d199d57d9,True,,,,,,,,,,0.0,0.0,1.0,1.0,1.0,0.0,0.0,1.0,1.0,0.0
4904,62c083fa4339253f3,True,,,,,,,,,,1.0,1.0,1.0,1.0,0.9875877782532675,1.0,1.0,1.0,1.0,0.9961211807041461
4905,e5f10bfebbe5b0bc2,True,,,,,,,,,,1.0,1.0,1.0,1.0,0.7218211809291135,1.0,1.0,1.0,0.0,0.7880691190403479
4906,246271906b5570c57,True,,,,,,,,,,1.0,0.0,1.0,1.0,0.7569917654945327,0.0,0.0,1.0,1.0,0.0
4907,35fe984f84deeb76b,True,,,,,,,,,,1.0,1.0,1.0,1.0,0.8482246787239629,1.0,1.0,1.0,1.0,0.9525702121012384
4908,3d03bade5b2a834b7,True,,,,,,,,,,1.0,1.0,1.0,1.0,0.7229793565459051,1.0,0.0,1.0,1.0,0.7884310489205953
4909,8da51d4b0fa17ee9a,True,,,,,,,,,,1.0,1.0,1.0,1.0,0.8210681919076305,1.0,0.0,1.0,1.0,0.8190838099711345
4910,ab96e33e9ab4e191b,True,,,,,,,,,,0.5,0.0,0.0,1.0,1.0,0.0,0.0,1.0,0.0,0.0
4911,a285844e480d8be12,True,,,,,,,,,,1.0,1.0,1.0,1.0,0.6215589859591919,1.0,0.0,1.0,1.0,0.7567371831122475
4912,4b2c40907436ec443,True,,,,,,,,,,1.0,0.0,1.0,1.0,0.5758603934947896,1.0,1.0,1.0,1.0,0.0
4913,e035483e2731dcf6b,True,,,,,,,,,,1.0,0.0,1.0,1.0,1.0,1.0,0.0,1.0,0.0,0.0
4914,ddf4d43735ce80242,True,,,,,,,,,,0.0,0.0,0.0,1.0,1.0,0.0,0.0,1.0,0.0,0.0
4915,ce2057b130f4218b8,True,,,,,,,,,,1.0,1.0,1.0,1.0,1.0,1.0,1.0,1.0,1.0,1.0
4916,2e49400543ea5674a,True,,,,,,,,,,1.0,0.0,0.0,1.0,1.0,1.0,0.0,1.0,1.0,0.0
4917,11143001e21e68daf,True,,,,,,,,,,1.0,1.0,0.5,1.0,0.6989541976872011,1.0,1.0,1.0,1.0,0.4529615933886252
4918,0ed9b19cfb122d58d,True,,,,,,,,,,1.0,1.0,0.5,1.0,0.5765126117563258,1.0,1.0,1.0,0.0,0.3713300955869259
4919,6e878407167faf00e,True,,,,,,,,,,1.0,0.0,1.0,1.0,0.7632516611982144,1.0,0.0,1.0,0.0,0.0
4920,063ea0d49748630a5,True,,,,,,,,,,1.0,1.0,1.0,1.0,0.7374536750620826,1.0,1.0,1.0,1.0,0.9179542734569008
4921,aa52fd60e4fa0f00c,True,,,,,,,,,,1.0,1.0,1.0,1.0,0.9393932033293103,1.0,1.0,1.0,0.0,0.8560603760404095
4922,a0663290a63074719,True,,,,,,,,,,1.0,1.0,1.0,1.0,0.7094582534529702,1.0,0.0,1.0,1.0,0.7842057042040532
4923,cd294e9205c77defd,True,,,,,,,,,,1.0,1.0,1.0,1.0,0.9016283866642213,1.0,0.0,1.0,0.0,0.7192588708325691
4924,5913dfbc435fb100c,True,,,,,,,,,,0.0,1.0,1.0,1.0,1.0,0.0,1.0,1.0,1.0,0.0
4925,aad606c2d4cfea9a1,True,,,,,,,,,,1.0,1.0,1.0,1.0,0.7949698493343237,1.0,0.0,1.0,0.0,0.6859280779169762
4926,628be721855b43213,True,,,,,,,,,,1.0,1.0,1.0,1.0,0.8757691362970715,1.0,0.0,1.0,0.0,0.7111778550928349
4927,e4c493d897f14300a,True,,,,,,,,,,1.0,1.0,1.0,1.0,0.7622733443280976,1.0,1.0,1.0,0.0,0.8007104201025305
4928,6dfe7ea162c45ba1d,True,,,,,,,,,,0.0,0.0,1.0,1.0,1.0,0.0,0.0,1.0,0.0,0.0
4929,69c099199ed066a94,True,,,,,,,,,,1.0,1.0,1.0,1.0,0.8024068043355197,1.0,0.0,1.0,1.0,0.8132521263548499
4930,7caf8d7d76cd0a120,True,,,,,,,,,,0.0,0.0,1.0,1.0,1.0,0.0,1.0,1.0,0.0,0.0
4931,0a9a4ef68cc4ce8b2,True,,,,,,,,,,1.0,1.0,1.0,1.0,1.0,0.0,0.0,1.0,1.0,0.5625
4932,8be69e03781f4c138,True,,,,,,,,,,1.0,1.0,1.0,1.0,0.8369721214977074,1.0,1.0,1.0,1.0,0.9490537879680336
4933,11f2411e873c0fa28,True,,,,,,,,,,1.0,1.0,1.0,1.0,0.7444826215258226,1.0,0.0,1.0,1.0,0.7951508192268195
4934,9330871bc582e7f96,True,,,,,,,,,,1.0,1.0,1.0,1.0,0.8633450775630939,1.0,0.0,1.0,1.0,0.8322953367384669
4935,fd3bc1efc24f56212,True,,,,,,,,,,1.0,1.0,1.0,1.0,1.0,1.0,1.0,1.0,0.0,0.875
4936,e53ada22df8520033,True,,,,,,,,,,1.0,1.0,1.0,1.0,0.820123669298563,1.0,1.0,1.0,1.0,0.943788646655801
4937,6f033e7af721547a9,True,,,,,,,,,,1.0,0.0,1.0,1.0,0.7223559372869762,1.0,1.0,1.0,1.0,0.0
4938,2f704570e75d053c7,True,,,,,,,,,,1.0,1.0,1.0,1.0,0.7566483898509703,0.0,1.0,1.0,0.0,0.4864526218284282
4939,425b819f70d25df0e,True,,,,,,,,,,1.0,0.0,1.0,1.0,0.7689609000105784,1.0,0.0,1.0,1.0,0.0
4940,66138b6a89d5d40bf,True,,,,,,,,,,1.0,1.0,1.0,1.0,0.6184777103028344,0.0,1.0,1.0,1.0,0.5682742844696358
4941,ba8bf5b95601df543,True,,,,,,,,,,1.0,1.0,1.0,1.0,0.8098311467504613,1.0,1.0,1.0,1.0,0.9405722333595192
4942,d6a8d396239dfefa0,True,,,,,,,,,,1.0,1.0,1.0,1.0,0.03424334171504045,1.0,1.0,1.0,1.0,0.6982010442859501
4943,ffe8f133ba4da683b,True,,,,,,,,,,1.0,1.0,0.5,1.0,0.6891615864410212,1.0,1.0,0.0,0.0,0.32643149788140957
4944,944ac9576ebfdb76e,True,,,,,,,,,,1.0,1.0,1.0,1.0,1.0,1.0,1.0,1.0,0.0,0.875
4945,1ab4af6d2763780c4,True,,,,,,,,,,1.0,0.0,1.0,1.0,0.7852330489912219,1.0,1.0,1.0,0.0,0.0
4946,88d3fad9cfca7c0ad,True,,,,,,,,,,1.0,1.0,1.0,1.0,0.6257719191106758,1.0,1.0,1.0,0.0,0.7580537247220862
4947,3cd90acbf3a318f94,True,,,,,,,,,,1.0,1.0,1.0,1.0,1.0,1.0,0.0,1.0,0.0,0.75
4948,ac979b78a3cdc5d39,True,,,,,,,,,,0.0,1.0,0.5,1.0,1.0,0.0,0.0,1.0,1.0,0.0
4949,c35d767a796986c02,True,,,,,,,,,,0.0,1.0,0.5,1.0,1.0,0.0,0.0,1.0,1.0,0.0
4950,808e6b707f608e2a9,True,,,,,,,,,,0.0,0.0,0.0,1.0,1.0,0.0,0.0,1.0,1.0,0.0
4951,16a84f7e077130ca6,True,,,,,,,,,,1.0,1.0,0.0,1.0,1.0,1.0,0.0,1.0,1.0,0.0
4952,7158ea4fc0b59fdee,True,,,,,,,,,,1.0,0.0,1.0,1.0,0.9665986989315019,1.0,0.0,1.0,1.0,0.0
4953,493f74af0100c9223,True,,,,,,,,,,0.5,0.0,1.0,1.0,1.0,0.0,0.0,1.0,1.0,0.0
4954,d16ba8a46fd2ff788,True,,,,,,,,,,0.0,1.0,1.0,1.0,1.0,0.0,1.0,1.0,1.0,0.0
4955,fd516de1672fb997a,True,,,,,,,,,,1.0,0.0,0.5,1.0,1.0,0.0,1.0,1.0,0.0,0.0
4956,cc4ba9f3c63ddbc5c,True,,,,,,,,,,1.0,1.0,1.0,1.0,1.0,1.0,1.0,1.0,0.0,0.875
4957,27fefe70564fbc07a,True,,,,,,,,,,0.0,1.0,1.0,1.0,1.0,0.0,1.0,1.0,0.0,0.0
4958,5c17574f067aa995c,True,,,,,,,,,,1.0,0.0,1.0,1.0,1.0,1.0,1.0,1.0,1.0,0.0
4959,ac132e5b2d0fb3476,True,,,,,,,,,,0.0,1.0,1.0,1.0,1.0,0.0,1.0,1.0,0.0,0.0
4960,4ebad6e2adb7c2ab4,True,,,,,,,,,,1.0,1.0,1.0,1.0,1.0,1.0,1.0,1.0,0.0,0.875
4961,ca4163d1efbe0dd9c,True,,,,,,,,,,0.0,1.0,0.0,1.0,1.0,0.0,0.0,1.0,1.0,0.0
4962,be29b04863547d0c1,True,,,,,,,,,,0.0,1.0,1.0,1.0,1.0,0.0,1.0,1.0,0.0,0.0
4963,0908976a3d8f0a196,True,,,,,,,,,,1.0,1.0,1.0,1.0,0.8177788945741431,1.0,1.0,1.0,1.0,0.9430559045544198
4964,134a68b7ad7fc9ec4,True,,,,,,,,,,1.0,1.0,1.0,1.0,0.9860955910650585,1.0,1.0,1.0,1.0,0.9956548722078308
4965,90b96d597a7a1dd74,True,,,,,,,,,,1.0,1.0,1.0,1.0,0.8627652916320798,1.0,1.0,1.0,0.0,0.832114153635025
4966,621583964b8d7bc4a,True,,,,,,,,,,0.0,1.0,1.0,1.0,0.9737341544748823,0.0,1.0,1.0,0.0,0.0
4967,114cffc6aed0cbf4b,True,,,,,,,,,,1.0,0.0,0.5,1.0,0.427054912412667,1.0,0.0,1.0,0.0,0.0
4968,59c1acee0df7ca984,True,,,,,,,,,,1.0,1.0,1.0,1.0,0.7069745665675639,1.0,0.0,1.0,1.0,0.7834295520523638
4969,48f968a3c272876d9,True,,,,,,,,,,1.0,0.0,1.0,1.0,0.48947705824287696,1.0,1.0,1.0,0.0,0.0
4970,e781cee1082355533,True,,,,,,,,,,1.0,0.0,1.0,1.0,0.555379959682684,1.0,1.0,1.0,0.0,0.0
4971,def3a7e5b9515c6fb,True,,,,,,,,,,1.0,1.0,1.0,1.0,0.6573683211887176,1.0,1.0,1.0,1.0,0.8929276003714742
4972,39bdf934b35cb930d,True,,,,,,,,,,1.0,1.0,1.0,1.0,0.8632360652683708,1.0,1.0,1.0,1.0,0.9572612703963659
4973,c186ed61c25fb9316,True,,,,,,,,,,1.0,1.0,0.5,1.0,0.98744317219538,1.0,1.0,1.0,1.0,0.49803799565552814
4974,7b4787e090d286d89,True,,,,,,,,,,1.0,1.0,0.5,1.0,1.0,1.0,0.0,1.0,0.0,0.375
4975,fe05597461d3229f2,True,,,,,,,,,,1.0,0.0,1.0,1.0,0.5677868483896761,1.0,1.0,1.0,0.0,0.0
4976,bafac7b272b09ff2d,True,,,,,,,,,,1.0,1.0,1.0,1.0,1.0,1.0,1.0,1.0,0.0,0.875
4977,b36a5e74ec4ae9574,True,,,,,,,,,,1.0,1.0,1.0,1.0,0.34536425604591103,1.0,1.0,1.0,1.0,0.7954263300143471
4978,ae529a342a5742720,True,,,,,,,,,,1.0,1.0,1.0,1.0,0.7589733082203861,1.0,0.0,1.0,1.0,0.7996791588188706
4979,713ecb5e6f7885bee,True,,,,,,,,,,1.0,1.0,1.0,1.0,1.0,1.0,1.0,1.0,1.0,1.0
4980,24e6339c5f9336f36,True,,,,,,,,,,1.0,1.0,1.0,1.0,0.7800887244950562,1.0,1.0,1.0,1.0,0.9312777264047051
4981,8381bad892c31cd51,True,,,,,,,,,,0.5,0.0,0.0,1.0,1.0,0.0,0.0,1.0,1.0,0.0
4982,d362ccbdddf4e0d3f,True,,,,,,,,,,1.0,0.0,1.0,1.0,1.0,1.0,0.0,1.0,1.0,0.0
4983,0b2a954e62c86d95c,True,,,,,,,,,,1.0,0.0,1.0,1.0,0.9142488232830612,1.0,1.0,1.0,0.0,0.0
4984,4f7f3184912163792,True,,,,,,,,,,1.0,1.0,0.0,1.0,0.9663732835996293,1.0,0.0,1.0,1.0,0.0
4985,d20185ecb7a02769a,True,,,,,,,,,,1.0,1.0,1.0,1.0,0.7384562727936858,1.0,1.0,1.0,1.0,0.9182675852480268
4986,cf84397ec4944d689,True,,,,,,,,,,0.0,1.0,1.0,1.0,1.0,0.0,0.0,0.0,0.0,0.0
4987,c911e86fa2d53c1d1,True,,,,,,,,,,1.0,1.0,1.0,1.0,0.9680223532432933,1.0,0.0,1.0,0.0,0.7400069853885292
4988,8709b2e277d0597b6,True,,,,,,,,,,1.0,1.0,1.0,1.0,1.0,1.0,1.0,1.0,1.0,1.0
4989,ece1be85754833649,True,,,,,,,,,,1.0,1.0,1.0,1.0,0.4125499030631246,1.0,0.0,1.0,1.0,0.6914218447072265
4990,cac389eb6249d6874,True,,,,,,,,,,1.0,1.0,1.0,1.0,0.9659587013907944,1.0,0.0,1.0,1.0,0.8643620941846233
4991,cc2b7831784a6242d,True,,,,,,,,,,0.0,1.0,1.0,1.0,1.0,0.0,1.0,1.0,0.0,0.0
4992,fb498b2bdc72e8f69,True,,,,,,,,,,0.0,1.0,1.0,1.0,1.0,0.0,1.0,1.0,1.0,0.0
4993,515197f50a14bc2fc,True,,,,,,,,,,1.0,1.0,1.0,1.0,0.9239169456275569,1.0,0.0,1.0,1.0,0.8512240455086115
4994,6f388bff9ecc03286,True,,,,,,,,,,1.0,0.0,0.5,1.0,1.0,1.0,0.0,1.0,1.0,0.0
4995,05eb9641b2003663e,True,,,,,,,,,,1.0,1.0,1.0,1.0,1.0,1.0,1.0,1.0,0.0,0.875
4996,8cc9b24e2d92d273a,True,,,,,,,,,,1.0,1.0,1.0,1.0,0.7497783961633846,1.0,0.0,1.0,0.0,0.6718057488010577
4997,b594f9ffaa680c514,True,,,,,,,,,,1.0,0.0,1.0,1.0,0.717782677643435,1.0,0.0,1.0,1.0,0.0
4998,10934089f8b5ef276,True,,,,,,,,,,1.0,1.0,1.0,1.0,0.4846997476833843,1.0,0.0,1.0,1.0,0.7139686711510576
4999,59873106299ffb94f,True,,,,,,,,,,0.0,1.0,0.0,1.0,0.8014078051651151,0.0,0.0,1.0,1.0,0.0
5000,294074b42621095d5,True,,,,,,,,,,1.0,1.0,1.0,1.0,1.0,1.0,0.0,1.0,0.0,0.75
5001,7b34cc67f7a1ee247,True,,,,,,,,,,1.0,1.0,1.0,1.0,1.0,1.0,0.0,1.0,0.0,0.75
5002,fb0fb16361fd50a45,True,,,,,,,,,,1.0,1.0,1.0,1.0,0.8686668257953635,1.0,1.0,1.0,1.0,0.9589583830610511
5003,65e1feb850bbe8c9b,True,,,,,,,,,,1.0,1.0,0.5,1.0,1.0,1.0,0.0,1.0,1.0,0.4375
5004,c6f309a29af4e8f36,True,,,,,,,,,,1.0,1.0,1.0,1.0,0.7500047214987431,1.0,0.0,1.0,1.0,0.7968764754683573
5005,1282ea8855e3dab29,True,,,,,,,,,,1.0,1.0,1.0,1.0,1.0,1.0,1.0,1.0,0.0,0.875
5006,5b7d267fca157a9e6,True,,,,,,,,,,1.0,0.0,1.0,1.0,1.0,1.0,0.0,1.0,1.0,0.0
5007,6abfaa7acf5d00640,True,,,,,,,,,,1.0,1.0,1.0,1.0,0.815351019889676,1.0,1.0,1.0,1.0,0.9422971937155238
5008,79fb2b729214ceac0,True,,,,,,,,,,0.0,1.0,0.0,1.0,0.7508790162444687,0.0,0.0,1.0,1.0,0.0
5009,12b8102851dec66e5,True,,,,,,,,,,0.0,1.0,0.5,1.0,1.0,0.0,1.0,1.0,0.0,0.0
5010,6ae4df7fe6f3147d2,True,,,,,,,,,,1.0,1.0,1.0,1.0,0.7342781603462163,1.0,1.0,1.0,1.0,0.9169619251081926
5011,94c404a1f903addc1,True,,,,,,,,,,1.0,1.0,1.0,1.0,0.7565416319106849,1.0,1.0,1.0,0.0,0.798919259972089
5012,20120f09d1f74eb2c,True,,,,,,,,,,1.0,1.0,0.0,1.0,0.698194282638694,1.0,0.0,1.0,1.0,0.0
5013,d684c7c8d5a53f7d2,True,,,,,,,,,,1.0,1.0,1.0,1.0,0.23132964835673944,1.0,0.0,1.0,1.0,0.6347905151114811
5014,ff916ad047eb525de,True,,,,,,,,,,1.0,1.0,1.0,1.0,0.6180983920331001,1.0,1.0,1.0,1.0,0.8806557475103438
5015,588f47bdc35784c16,True,,,,,,,,,,1.0,0.0,1.0,1.0,0.6329135008298541,0.0,0.0,1.0,0.0,0.0
5016,f15e1bae8a03b12b1,True,,,,,,,,,,1.0,1.0,0.5,1.0,1.0,1.0,0.0,1.0,0.0,0.375
5017,98dc40005346d2d4e,True,,,,,,,,,,1.0,1.0,1.0,1.0,0.5876544222354614,0.0,0.0,1.0,1.0,0.4336420069485817
5018,50da2cb15a6c805e6,True,,,,,,,,,,0.0,1.0,1.0,1.0,1.0,0.0,0.0,1.0,0.0,0.0
5019,936b346e0cb941232,True,,,,,,,,,,1.0,1.0,0.5,1.0,1.0,1.0,0.0,1.0,0.0,0.375
5020,699fb67837db96cea,True,,,,,,,,,,1.0,1.0,0.0,1.0,1.0,1.0,0.0,1.0,1.0,0.0
5021,712e01f3ee0e674c0,True,,,,,,,,,,1.0,0.0,0.5,1.0,1.0,1.0,0.0,1.0,1.0,0.0
5022,c02f1f464e464fc07,True,,,,,,,,,,1.0,1.0,1.0,1.0,0.4649923469961412,1.0,1.0,1.0,0.0,0.7078101084362941
5023,18087593f1147e61f,True,,,,,,,,,,1.0,0.0,0.5,1.0,1.0,1.0,1.0,1.0,1.0,0.0
5024,3e56a32b74b50d827,True,,,,,,,,,,1.0,1.0,1.0,1.0,0.9780663839628067,1.0,1.0,1.0,0.0,0.8681457449883772
5025,b57ec07d7cbceb48b,True,,,,,,,,,,1.0,1.0,1.0,1.0,0.8910971436301526,1.0,1.0,1.0,0.0,0.8409678573844227
5026,2d812dd423748572d,True,,,,,,,,,,1.0,1.0,1.0,1.0,0.9322910173710426,1.0,0.0,1.0,1.0,0.8538409429284508
5027,baf1cc49f4250c41a,True,,,,,,,,,,0.0,1.0,1.0,1.0,1.0,0.0,0.0,1.0,1.0,0.0
5028,f228148d75c9d3b09,True,,,,,,,,,,1.0,1.0,1.0,1.0,0.7903268343923213,1.0,1.0,1.0,1.0,0.9344771357476004
5029,cf74c1bc63f84da49,True,,,,,,,,,,1.0,1.0,1.0,1.0,0.9192582008952751,1.0,1.0,1.0,1.0,0.9747681877797735
5030,d5638ab82149e235f,True,,,,,,,,,,1.0,1.0,1.0,1.0,0.9086375151098393,1.0,1.0,1.0,1.0,0.9714492234718248
5031,3d1800c34a5e46a21,True,,,,,,,,,,1.0,0.0,1.0,1.0,1.0,1.0,0.0,1.0,1.0,0.0
5032,6c4cdcc93a5b36c13,True,,,,,,,,,,1.0,1.0,1.0,1.0,0.7376995112351585,1.0,0.0,1.0,0.0,0.6680310972609871
5033,8567f7439d7a4586e,True,,,,,,,,,,1.0,1.0,1.0,1.0,1.0,1.0,1.0,1.0,0.0,0.875
5034,0f02c8c55a251c58b,True,,,,,,,,,,1.0,1.0,1.0,1.0,1.0,1.0,1.0,1.0,0.0,0.875
5035,11e5a12ad80226150,True,,,,,,,,,,1.0,1.0,0.0,1.0,0.7911754018340842,1.0,0.0,1.0,1.0,0.0
5036,bf42260856c674066,True,,,,,,,,,,1.0,1.0,1.0,1.0,0.9993452239267463,0.0,0.0,1.0,0.0,0.4372953824771082
5037,d0a4601b1148fbc50,True,,,,,,,,,,1.0,1.0,1.0,1.0,0.8944578145306512,1.0,1.0,1.0,0.0,0.8420180670408285
5038,cb517587f4a1e3711,True,,,,,,,,,,0.0,1.0,1.0,1.0,1.0,1.0,0.0,1.0,1.0,0.0
5039,44f588c85236fe365,True,,,,,,,,,,0.0,1.0,1.0,1.0,1.0,0.0,1.0,1.0,0.0,0.0
5040,d241d7576360a6907,True,,,,,,,,,,1.0,1.0,1.0,1.0,1.0,1.0,0.0,1.0,0.0,0.75
5041,e1d9c45d963c62c2d,True,,,,,,,,,,1.0,0.0,1.0,1.0,0.5005498811954178,1.0,1.0,1.0,0.0,0.0
5042,a4e64fbb3636ad2e6,True,,,,,,,,,,1.0,1.0,1.0,1.0,0.7566733924021289,1.0,0.0,1.0,1.0,0.7989604351256653
5043,f09090db20660a80f,True,,,,,,,,,,0.0,1.0,1.0,1.0,1.0,0.0,1.0,1.0,0.0,0.0
5044,9529e21b44cd57c29,True,,,,,,,,,,1.0,1.0,0.5,1.0,0.7327335293582762,1.0,1.0,0.0,0.0,0.3332396139622307
5045,142f665559387e2c2,True,,,,,,,,,,1.0,1.0,1.0,1.0,1.0,1.0,1.0,1.0,0.0,0.875
5046,ceabdb590d507edf3,True,,,,,,,,,,1.0,1.0,0.0,1.0,0.8163741178936581,1.0,0.0,1.0,1.0,0.0
5047,4e231a60b33891721,True,,,,,,,,,,1.0,1.0,1.0,1.0,1.0,1.0,0.0,1.0,0.0,0.75
5048,2115b48841ebae650,True,,,,,,,,,,0.0,0.0,1.0,1.0,1.0,0.0,1.0,1.0,0.0,0.0
5049,022f2dcc42d892201,True,,,,,,,,,,1.0,1.0,1.0,1.0,0.6137037216067205,1.0,0.0,1.0,1.0,0.7542824130021002
5050,836d617c75ae603a0,True,,,,,,,,,,1.0,1.0,1.0,1.0,0.971296564163135,1.0,1.0,1.0,0.0,0.8660301763009797
5051,c95875cdc20edcb2a,True,,,,,,,,,,1.0,1.0,0.0,1.0,0.6607066979090422,1.0,0.0,1.0,1.0,0.0
5052,07095ff9932043d86,True,,,,,,,,,,0.0,1.0,1.0,1.0,1.0,0.0,0.0,1.0,1.0,0.0
5053,2a9148d48b42cfd7e,True,,,,,,,,,,1.0,1.0,1.0,1.0,0.7978200979624279,1.0,1.0,1.0,1.0,0.9368187806132587
5054,dd6cf78b8b897a171,True,,,,,,,,,,1.0,0.0,1.0,1.0,1.0,1.0,1.0,1.0,1.0,0.0
5055,43bcce57368a6bbc8,True,,,,,,,,,,1.0,1.0,0.5,1.0,1.0,1.0,1.0,1.0,0.0,0.4375
5056,e131606576698bb6b,True,,,,,,,,,,1.0,1.0,1.0,1.0,1.0,0.0,0.0,1.0,1.0,0.5625
5057,0fda3e9ba0b83c4b2,True,,,,,,,,,,0.0,0.0,0.0,1.0,1.0,0.0,0.0,1.0,0.0,0.0
5058,fcfbdd618540644fa,True,,,,,,,,,,1.0,0.0,0.0,1.0,1.0,1.0,1.0,0.0,0.0,0.0
5059,8540d07d75bf477e8,True,,,,,,,,,,0.0,1.0,1.0,1.0,0.8410592495037945,0.0,0.0,1.0,0.0,0.0
5060,59e6ebcbd44500064,True,,,,,,,,,,1.0,1.0,1.0,1.0,1.0,1.0,0.0,1.0,0.0,0.75
5061,16e1819d7d9d5f11d,True,,,,,,,,,,1.0,1.0,1.0,1.0,0.4479060236092871,1.0,1.0,1.0,0.0,0.7024706323779022
5062,38a27d438189dcb29,True,,,,,,,,,,1.0,1.0,1.0,1.0,1.0,1.0,1.0,1.0,1.0,1.0
5063,c55b51f6860007830,True,,,,,,,,,,1.0,1.0,0.0,1.0,1.0,1.0,0.0,1.0,0.0,0.0
5064,c3fd5d39095bf7d25,True,,,,,,,,,,0.0,1.0,1.0,1.0,1.0,0.0,0.0,1.0,0.0,0.0
5065,ff0923fcd8d30a51b,True,,,,,,,,,,1.0,0.0,1.0,1.0,1.0,1.0,1.0,1.0,0.0,0.0
5066,5a9483df05571155b,True,,,,,,,,,,1.0,1.0,1.0,1.0,0.8810273361627514,0.0,1.0,1.0,1.0,0.6503210425508599
5067,bb64b91f09ac1d235,True,,,,,,,,,,1.0,0.0,1.0,1.0,0.5809152001529049,1.0,1.0,1.0,0.0,0.0
5068,f60e4c60846b1a1da,True,,,,,,,,,,1.0,1.0,1.0,1.0,0.907960617450503,1.0,1.0,1.0,1.0,0.9712376929532822
5069,1f46bbf6d50d08d54,True,,,,,,,,,,1.0,1.0,0.5,1.0,1.0,1.0,0.0,1.0,1.0,0.4375
5070,d50691398e89c58dd,True,,,,,,,,,,1.0,1.0,0.5,1.0,0.7460292749433362,1.0,0.0,1.0,1.0,0.39781707420989626
5071,af1a4d903d6c645ce,True,,,,,,,,,,1.0,1.0,1.0,0.0,1.0,1.0,1.0,1.0,1.0,0.0
5072,b6030dfa5349bcc9b,True,,,,,,,,,,1.0,1.0,1.0,1.0,1.0,1.0,1.0,1.0,1.0,1.0
5073,1cc31a1834f400ea1,True,,,,,,,,,,0.0,1.0,0.5,1.0,1.0,0.0,0.0,1.0,0.0,0.0
5074,32888a8d5ffa4cfa6,True,,,,,,,,,,1.0,1.0,1.0,0.0,1.0,1.0,1.0,1.0,0.0,0.0
5075,1d749bcf71869340e,True,,,,,,,,,,1.0,1.0,1.0,1.0,0.6364785218351293,1.0,0.0,1.0,0.0,0.6363995380734779
5076,4036f3945f5783618,True,,,,,,,,,,0.0,1.0,0.0,1.0,1.0,0.0,0.0,1.0,0.0,0.0
5077,b4c09963d7ae450c8,True,,,,,,,,,,0.0,0.0,0.0,1.0,1.0,0.0,0.0,1.0,0.0,0.0
5078,d227ec1d4a92cd5fe,True,,,,,,,,,,1.0,0.0,1.0,1.0,0.8123699663570757,1.0,1.0,1.0,1.0,0.0
5079,bc4f98185e46d819e,True,,,,,,,,,,1.0,1.0,0.5,1.0,1.0,1.0,1.0,1.0,1.0,0.5
5080,19f59045564664e53,True,,,,,,,,,,1.0,0.0,1.0,1.0,1.0,1.0,0.0,1.0,0.0,0.0
5081,9600f9f6992618229,True,,,,,,,,,,1.0,1.0,0.5,1.0,0.7353594296139141,1.0,1.0,1.0,1.0,0.4586499108771741
5082,87940f7f64854009d,True,,,,,,,,,,0.5,1.0,1.0,1.0,1.0,0.0,1.0,1.0,0.0,0.28125
5083,6eb2d372480ee2f5b,True,,,,,,,,,,1.0,1.0,1.0,1.0,1.0,1.0,1.0,1.0,0.0,0.875
5084,b1eef6642f7b29370,True,,,,,,,,,,1.0,1.0,1.0,1.0,0.6290823388696637,1.0,1.0,1.0,1.0,0.8840882308967699
5085,85ec4ed1a5648c678,True,,,,,,,,,,0.0,1.0,1.0,1.0,1.0,0.0,1.0,1.0,0.0,0.0
5086,e373db6dd950e3e73,True,,,,,,,,,,1.0,1.0,1.0,1.0,0.8896155584883829,1.0,1.0,1.0,1.0,0.9655048620276196
5087,a4bf3773c3567bbdc,True,,,,,,,,,,1.0,1.0,1.0,1.0,0.8332316900528705,1.0,0.0,1.0,1.0,0.822884903141522
5088,91df938553d5b89fb,True,,,,,,,,,,1.0,1.0,1.0,1.0,0.7940065555824026,1.0,0.0,1.0,1.0,0.8106270486195009
5089,b178cd8e12d552cb7,True,,,,,,,,,,1.0,1.0,1.0,1.0,1.0,1.0,0.0,1.0,0.0,0.75
5090,e7c2b26b8d9679ed7,True,,,,,,,,,,1.0,0.0,1.0,1.0,0.5239506167877266,1.0,1.0,1.0,1.0,0.0
5091,62c7829548c7f7e94,True,,,,,,,,,,1.0,1.0,1.0,1.0,0.7213831129297567,1.0,0.0,1.0,1.0,0.787932222790549
5092,cc716ed59dd6f0250,True,,,,,,,,,,1.0,0.0,1.0,1.0,0.7991196050028491,1.0,1.0,1.0,0.0,0.0
5093,cf135fafcf0b8184d,True,,,,,,,,,,1.0,1.0,1.0,1.0,0.7442501961014413,1.0,1.0,0.0,0.0,0.6700781862817005
5094,ad89b51facf4ec5e5,True,,,,,,,,,,1.0,1.0,0.0,1.0,1.0,1.0,0.0,1.0,1.0,0.0
5095,c3bb1145080f9b2b0,True,,,,,,,,,,1.0,1.0,1.0,1.0,1.0,1.0,0.0,1.0,0.0,0.75
5096,ab0eca9405de9696c,True,,,,,,,,,,1.0,1.0,1.0,1.0,0.7288721221879337,1.0,1.0,1.0,0.0,0.7902725381837292
5097,3176ea282b5516214,True,,,,,,,,,,1.0,1.0,1.0,0.0,1.0,1.0,0.0,1.0,1.0,0.0
5098,170cbe90db917432e,True,,,,,,,,,,1.0,1.0,1.0,1.0,0.6855242087099389,1.0,0.0,1.0,1.0,0.776726315221856
5099,f3374bc1daec15012,True,,,,,,,,,,1.0,1.0,1.0,1.0,0.8640430493580447,1.0,0.0,1.0,0.0,0.7075134529243889
5100,6e72febafe28c367c,True,,,,,,,,,,1.0,1.0,0.5,1.0,1.0,1.0,0.0,1.0,0.0,0.375
5101,68becb68da6734f1a,True,,,,,,,,,,1.0,1.0,1.0,1.0,0.7995505003117339,1.0,0.0,1.0,1.0,0.8123595313474168
5102,65a9d726b130c91f5,True,,,,,,,,,,1.0,1.0,1.0,1.0,0.7148332443322205,1.0,0.0,1.0,0.0,0.6608853888538189
5103,232e7693cefbcf60f,True,,,,,,,,,,1.0,1.0,1.0,1.0,0.872440650984997,1.0,0.0,1.0,1.0,0.8351377034328116
5104,2fcce49ea42967480,True,,,,,,,,,,1.0,1.0,1.0,1.0,0.5238446650989134,1.0,1.0,1.0,1.0,0.8512014578434104
5105,803b2f23625961a5b,True,,,,,,,,,,1.0,0.0,1.0,1.0,0.85133147439007,1.0,1.0,1.0,1.0,0.0
5106,899e078cab5924628,True,,,,,,,,,,1.0,1.0,0.0,1.0,1.0,1.0,0.0,1.0,1.0,0.0
5107,63c3e07f95869dd8a,True,,,,,,,,,,1.0,0.0,1.0,1.0,1.0,1.0,1.0,1.0,0.0,0.0
5108,d12ce90d3b2b4d63a,True,,,,,,,,,,1.0,0.0,1.0,1.0,0.6353984220178905,1.0,1.0,1.0,0.0,0.0
5109,64173df5c7bc60b13,True,,,,,,,,,,1.0,1.0,1.0,1.0,0.6491362174859855,1.0,1.0,1.0,1.0,0.8903550679643705
5110,d04ff28ed5ef1d0d5,True,,,,,,,,,,1.0,1.0,1.0,1.0,0.976977220938985,1.0,1.0,1.0,0.0,0.8678053815434328
5111,f4fb6e871bef33f03,True,,,,,,,,,,1.0,0.0,0.5,1.0,1.0,1.0,0.0,1.0,1.0,0.0
5112,191ccfaebd0211428,True,,,,,,,,,,1.0,0.0,0.5,1.0,1.0,1.0,0.0,1.0,0.0,0.0
5113,362376a65fe8ca576,True,,,,,,,,,,0.0,1.0,1.0,1.0,0.9614295967750873,0.0,0.0,1.0,0.0,0.0
5114,2eb3bf3c471605eb4,True,,,,,,,,,,1.0,1.0,1.0,1.0,1.0,1.0,1.0,1.0,1.0,1.0
5115,73277da7106839e94,True,,,,,,,,,,0.0,1.0,1.0,1.0,1.0,0.0,0.0,1.0,1.0,0.0
5116,4aa528f577df911a3,True,,,,,,,,,,1.0,1.0,1.0,1.0,0.732062684165972,1.0,0.0,1.0,0.0,0.6662695888018663
5117,b66b0513b3b0cf5c4,True,,,,,,,,,,1.0,1.0,1.0,1.0,0.9946005574554371,1.0,1.0,1.0,1.0,0.9983126742048241
5118,4d43428f5f573b6b1,True,,,,,,,,,,1.0,0.0,1.0,1.0,0.7753702265631466,1.0,1.0,1.0,1.0,0.0
5119,dc140e9555d47bb86,True,,,,,,,,,,1.0,1.0,1.0,1.0,0.8354443836985055,1.0,1.0,1.0,1.0,0.948576369905783
5120,716f58dd76f073c78,True,,,,,,,,,,1.0,1.0,1.0,1.0,0.6719222543862012,1.0,0.0,1.0,0.0,0.6474757044956879
5121,a42fb99bdb7e61156,True,,,,,,,,,,1.0,1.0,1.0,1.0,0.9377569022324925,1.0,1.0,1.0,0.0,0.855549031947654
5122,1a7308db2e3923b30,True,,,,,,,,,,1.0,1.0,0.0,1.0,0.8351237926146654,1.0,1.0,1.0,1.0,0.0
5123,517d13818dab667f5,True,,,,,,,,,,1.0,1.0,1.0,1.0,0.6920179368676848,1.0,0.0,1.0,1.0,0.7787556052711515
5124,df73f150c23f6aeec,True,,,,,,,,,,1.0,1.0,0.0,1.0,1.0,1.0,0.0,1.0,1.0,0.0
5125,c28452cccc45f49a1,True,,,,,,,,,,1.0,1.0,1.0,1.0,0.8963520965306414,1.0,1.0,1.0,0.0,0.8426100301658255
5126,78ff4a8811ea50019,True,,,,,,,,,,1.0,1.0,1.0,1.0,1.0,1.0,1.0,1.0,0.0,0.875
5127,5ebd4357b2535cfa9,True,,,,,,,,,,1.0,1.0,1.0,1.0,0.971317182034862,1.0,0.0,1.0,1.0,0.8660366193858944
5128,9e800327f6e34c777,True,,,,,,,,,,0.0,1.0,1.0,0.0,1.0,0.0,0.0,1.0,0.0,0.0
5129,29155e956236db1c4,True,,,,,,,,,,1.0,1.0,1.0,1.0,0.44466480892666477,1.0,0.0,1.0,1.0,0.7014577527895828
5130,b6ff83d0cafd7c12e,True,,,,,,,,,,1.0,0.0,1.0,1.0,0.48212168752396256,1.0,0.0,1.0,0.0,0.0
5131,24eaf29d6a3fb645e,True,,,,,,,,,,1.0,1.0,1.0,1.0,0.9742895121911339,1.0,1.0,1.0,1.0,0.9919654725597293
5132,41d2023a1a51da75e,True,,,,,,,,,,1.0,1.0,1.0,1.0,1.0,1.0,1.0,1.0,0.0,0.875
5133,d20b551bd918a2353,True,,,,,,,,,,1.0,1.0,1.0,1.0,0.5932805432548507,1.0,0.0,1.0,1.0,0.7479001697671408
5134,1b82ae87e58cbab28,True,,,,,,,,,,1.0,0.0,0.0,1.0,1.0,1.0,0.0,1.0,1.0,0.0
5135,9011963333f646007,True,,,,,,,,,,1.0,1.0,1.0,1.0,0.7404621489242731,1.0,0.0,1.0,0.0,0.6688944215388353
5136,676ffbee9ca648d5c,True,,,,,,,,,,0.0,1.0,1.0,1.0,1.0,0.0,1.0,1.0,0.0,0.0
5137,b3597b197644a67ba,True,,,,,,,,,,1.0,1.0,1.0,1.0,0.8000947934701429,1.0,1.0,1.0,0.0,0.8125296229594197
5138,32b8d38d96342e28b,True,,,,,,,,,,1.0,0.0,1.0,1.0,0.6123602905916281,1.0,1.0,1.0,1.0,0.0
5139,17014286d867292ae,True,,,,,,,,,,1.0,1.0,1.0,1.0,0.7399598552508315,1.0,1.0,1.0,0.0,0.7937374547658849
5140,e2d4c33530eaef8bf,True,,,,,,,,,,1.0,1.0,1.0,1.0,0.8023576569451923,1.0,0.0,1.0,1.0,0.8132367677953727
5141,bc84695ec7d4fc814,True,,,,,,,,,,1.0,1.0,0.5,1.0,1.0,0.0,1.0,0.0,0.0,0.21875
5142,ab7c66f93bd1cb471,True,,,,,,,,,,1.0,0.0,1.0,1.0,1.0,1.0,0.0,1.0,1.0,0.0
5143,9abae68cd6e25c030,True,,,,,,,,,,1.0,1.0,1.0,1.0,0.7203521161851586,1.0,1.0,1.0,1.0,0.9126100363078621
5144,a557acb1f1d4211d2,True,,,,,,,,,,1.0,1.0,1.0,1.0,0.6669123781807086,1.0,0.0,1.0,1.0,0.7709101181814715
5145,63e4138abce599b86,True,,,,,,,,,,1.0,1.0,1.0,1.0,0.8950144244788494,1.0,1.0,1.0,1.0,0.9671920076496404
5146,f74e8cda8ff469419,True,,,,,,,,,,1.0,1.0,1.0,1.0,1.0,1.0,1.0,1.0,1.0,1.0
5147,43f9b9de05ede6a4d,True,,,,,,,,,,1.0,1.0,1.0,1.0,0.730638478226342,1.0,0.0,1.0,0.0,0.6658245244457319
5148,35fc09471c163fd84,True,,,,,,,,,,1.0,1.0,1.0,1.0,0.9311452429393114,1.0,1.0,1.0,1.0,0.9784828884185348
5149,a9c1cde64b777a9e3,True,,,,,,,,,,1.0,1.0,1.0,1.0,1.0,1.0,0.0,1.0,1.0,0.875
5150,d2ac4238dd1e06e2b,True,,,,,,,,,,1.0,0.0,1.0,1.0,1.0,1.0,1.0,1.0,0.0,0.0
5151,5b32d8e1dbbbd670a,True,,,,,,,,,,1.0,1.0,0.0,1.0,1.0,1.0,0.0,1.0,0.0,0.0
5152,bb5645d7e55a4f54b,True,,,,,,,,,,0.0,1.0,1.0,1.0,1.0,0.0,0.0,1.0,1.0,0.0
5153,4ada67449cbca8a4f,True,,,,,,,,,,1.0,1.0,1.0,1.0,0.816673766222097,1.0,1.0,1.0,1.0,0.9427105519444052
5154,68681651575ebbc90,True,,,,,,,,,,1.0,1.0,0.0,1.0,1.0,1.0,0.0,1.0,1.0,0.0
5155,b46226c085423d5a9,True,,,,,,,,,,1.0,1.0,1.0,1.0,0.5637395180909494,1.0,1.0,1.0,1.0,0.8636685994034217
5156,64560358188d68edd,True,,,,,,,,,,0.0,1.0,1.0,1.0,0.9577500279451524,0.0,1.0,1.0,0.0,0.0
5157,769c42d02e0f583b2,True,,,,,,,,,,0.0,1.0,0.5,1.0,1.0,0.0,0.0,1.0,0.0,0.0
5158,67d0d1179730f6191,True,,,,,,,,,,1.0,1.0,0.5,1.0,1.0,1.0,0.0,1.0,0.0,0.375
5159,76a0cb9becd094e36,True,,,,,,,,,,1.0,1.0,0.5,1.0,0.7645813641861022,1.0,1.0,1.0,1.0,0.46321583815407846
5160,bd8218a7ee5744998,True,,,,,,,,,,1.0,1.0,1.0,1.0,0.407400821888961,1.0,1.0,1.0,1.0,0.8148127568403003
5161,6561872854225db74,True,,,,,,,,,,1.0,0.0,1.0,1.0,0.8096441181736673,1.0,1.0,1.0,0.0,0.0
5162,1d5df5d9b3e4a5b4e,True,,,,,,,,,,1.0,1.0,1.0,1.0,0.8075761414493567,1.0,1.0,1.0,1.0,0.939867544202924
5163,4f6a928a2fd54c0ce,True,,,,,,,,,,0.0,1.0,1.0,1.0,1.0,0.0,1.0,1.0,0.0,0.0
5164,a99e7bb23533b8fee,True,,,,,,,,,,1.0,0.0,1.0,1.0,0.6905996555851355,1.0,0.0,1.0,0.0,0.0
5165,a64fb9390dd8520e5,True,,,,,,,,,,0.0,1.0,1.0,1.0,1.0,0.0,0.0,1.0,1.0,0.0
5166,317774c453bf853ce,True,,,,,,,,,,1.0,1.0,1.0,1.0,0.7614312542421596,1.0,0.0,1.0,0.0,0.6754472669506749
5167,e88bf694837e674f5,True,,,,,,,,,,1.0,1.0,1.0,1.0,1.0,1.0,0.0,1.0,1.0,0.875
5168,c3430498fdada1e4d,True,,,,,,,,,,1.0,1.0,1.0,1.0,0.7952827972127989,1.0,0.0,1.0,1.0,0.8110258741289997
5169,5f54e7582c508a3ca,True,,,,,,,,,,1.0,1.0,1.0,1.0,0.6939907934168524,1.0,0.0,1.0,1.0,0.7793721229427664
5170,2e6e31a67e672d4a5,True,,,,,,,,,,0.0,1.0,1.0,1.0,0.779161968956087,0.0,0.0,1.0,1.0,0.0
5171,6facf1979a5a3837b,True,,,,,,,,,,0.0,1.0,1.0,1.0,1.0,0.0,1.0,1.0,1.0,0.0
5172,69efea362deb3273e,True,,,,,,,,,,1.0,0.0,1.0,1.0,1.0,1.0,0.0,1.0,1.0,0.0
5173,4bcb003422a19ae9a,True,,,,,,,,,,1.0,0.0,0.5,1.0,1.0,1.0,0.0,1.0,0.0,0.0
5174,80fbecd9f16630510,True,,,,,,,,,,1.0,1.0,1.0,1.0,1.0,1.0,1.0,1.0,0.0,0.875
5175,903b3cc014d45619e,True,,,,,,,,,,1.0,1.0,1.0,1.0,1.0,1.0,0.0,1.0,0.0,0.75
5176,8081e2cd26d042444,True,,,,,,,,,,1.0,1.0,1.0,1.0,1.0,1.0,1.0,1.0,1.0,1.0
5177,f6eaaf2106ca53ffa,True,,,,,,,,,,1.0,0.0,1.0,1.0,0.6680271541914536,1.0,1.0,1.0,0.0,0.0
5178,61fc4b92e35089b4c,True,,,,,,,,,,1.0,1.0,1.0,1.0,0.841861230268605,1.0,1.0,1.0,0.0,0.8255816344589391
5179,8f0ed4cbd9cfb8ff3,True,,,,,,,,,,0.0,1.0,1.0,1.0,1.0,0.0,1.0,1.0,1.0,0.0
5180,e9998b8b863aa29d4,True,,,,,,,,,,1.0,0.0,1.0,1.0,0.5658511314550456,1.0,0.0,1.0,1.0,0.0
5181,6a802ffe0ffb0c125,True,,,,,,,,,,1.0,1.0,1.0,1.0,0.853714283432091,1.0,1.0,1.0,1.0,0.9542857135725284
5182,0028b234cfbb35f30,True,,,,,,,,,,1.0,1.0,1.0,1.0,1.0,1.0,1.0,1.0,1.0,1.0
5183,2fc976c7bc0d58fed,True,,,,,,,,,,1.0,1.0,1.0,1.0,0.9610082562681136,1.0,1.0,1.0,0.0,0.8628150800837855
5184,467d53c4d720db393,True,,,,,,,,,,0.0,0.0,0.5,1.0,1.0,0.0,0.0,1.0,0.0,0.0
5185,404bfe24cd4dfebb4,True,,,,,,,,,,0.0,1.0,0.5,1.0,1.0,0.0,1.0,1.0,1.0,0.0
5186,8d969226c609be10d,True,,,,,,,,,,0.5,0.0,0.5,1.0,1.0,0.0,0.0,1.0,0.0,0.0
5187,3b2fcd8bf613ba28f,True,,,,,,,,,,1.0,1.0,1.0,1.0,0.7680790848657344,1.0,0.0,1.0,1.0,0.802524714020542
5188,5e9774a9c27631bee,True,,,,,,,,,,1.0,0.0,1.0,1.0,1.0,1.0,0.0,1.0,1.0,0.0
5189,1572e57c1e71e8774,True,,,,,,,,,,1.0,1.0,1.0,1.0,0.7115567798176622,1.0,1.0,1.0,0.0,0.7848614936930194
5190,38cc35d94ab3f203c,True,,,,,,,,,,1.0,1.0,0.5,1.0,0.7984362078992264,1.0,0.0,1.0,1.0,0.4060056574842541
5191,2dbe11fffefbf239c,True,,,,,,,,,,1.0,0.0,0.0,1.0,0.6528108601574626,1.0,1.0,1.0,0.0,0.0
5192,a07db051c3599a582,True,,,,,,,,,,1.0,1.0,0.5,1.0,0.733936005034797,1.0,0.0,1.0,1.0,0.39592750078668704
5193,32506dba644177a4e,True,,,,,,,,,,1.0,1.0,1.0,1.0,0.9403440554189713,1.0,1.0,1.0,1.0,0.9813575173184286
5194,087c2f352474fc4ee,True,,,,,,,,,,1.0,0.0,1.0,1.0,0.5826588110047577,1.0,1.0,1.0,1.0,0.0
5195,0a16bdbfa64eeb441,True,,,,,,,,,,1.0,0.0,0.0,1.0,1.0,1.0,1.0,1.0,0.0,0.0
5196,57b584425e87975ce,True,,,,,,,,,,1.0,0.0,0.5,1.0,1.0,1.0,0.0,1.0,1.0,0.0
5197,2d8eeec7c41db723f,True,,,,,,,,,,1.0,1.0,1.0,1.0,1.0,0.0,1.0,1.0,0.0,0.5625
5198,5717f95b78bfe233e,True,,,,,,,,,,1.0,1.0,1.0,1.0,1.0,1.0,1.0,1.0,0.0,0.875
5199,829b5dca21edece70,True,,,,,,,,,,1.0,1.0,1.0,1.0,0.8344844992443929,1.0,1.0,1.0,0.0,0.8232764060138729
5200,8f22304866f36485f,True,,,,,,,,,,1.0,1.0,1.0,1.0,0.7339164821463704,1.0,0.0,1.0,1.0,0.7918489006707408
5201,cc4c628ad79f6395d,True,,,,,,,,,,1.0,1.0,1.0,1.0,0.739666244330229,1.0,0.0,1.0,1.0,0.7936457013531966
5202,3e9cb5ec7e3c7d0e9,True,,,,,,,,,,1.0,1.0,1.0,1.0,0.9524875718832869,1.0,0.0,1.0,1.0,0.8601523662135271
5203,140e7d68475dc3f63,True,,,,,,,,,,1.0,1.0,0.0,1.0,0.7484887865140014,1.0,0.0,1.0,1.0,0.0
5204,25e23d201bebf3f7f,True,,,,,,,,,,1.0,1.0,1.0,1.0,0.846906645024689,1.0,0.0,0.0,0.0,0.5771583265702154
5205,fa38f3940f913e8fd,True,,,,,,,,,,1.0,0.0,1.0,1.0,1.0,1.0,0.0,1.0,0.0,0.0
5206,c72e69f316e2cb580,True,,,,,,,,,,1.0,1.0,1.0,1.0,0.8526210511593691,1.0,1.0,1.0,0.0,0.8289440784873028
5207,d9d4ce69f1cb10c10,True,,,,,,,,,,1.0,1.0,1.0,1.0,0.5070233917680094,1.0,1.0,1.0,0.0,0.7209448099275029
5208,a8b2c2c9a9c84c4f5,True,,,,,,,,,,1.0,1.0,1.0,1.0,0.6299063196212,1.0,1.0,1.0,1.0,0.884345724881625
5209,1297091b925da475f,True,,,,,,,,,,1.0,1.0,1.0,1.0,0.9685448856077103,1.0,0.0,1.0,1.0,0.8651702767524094
5210,8b017e76640de2142,True,,,,,,,,,,0.0,1.0,1.0,1.0,1.0,0.0,1.0,1.0,1.0,0.0
5211,82b0238fb02f13548,True,,,,,,,,,,0.0,1.0,0.5,1.0,1.0,0.0,0.0,1.0,1.0,0.0
5212,e3729cb0d1d99f604,True,,,,,,,,,,1.0,1.0,0.5,1.0,1.0,1.0,1.0,1.0,1.0,0.5
5213,d5e47bbb90de1d48f,True,,,,,,,,,,1.0,0.0,0.5,1.0,1.0,1.0,0.0,1.0,0.0,0.0
5214,4e0c450f15f308dcf,True,,,,,,,,,,1.0,0.0,1.0,1.0,0.5732240380305745,0.0,1.0,1.0,1.0,0.0
5215,14a818e9a0e3772dd,True,,,,,,,,,,1.0,1.0,0.0,1.0,0.9438055339582035,1.0,0.0,1.0,1.0,0.0
5216,402ed0d50f8b2ce26,True,,,,,,,,,,1.0,0.0,1.0,1.0,0.7983577747026294,1.0,1.0,1.0,0.0,0.0
5217,f4fc402c592a5d4a2,True,,,,,,,,,,1.0,0.0,1.0,1.0,0.7026908293454414,1.0,1.0,1.0,1.0,0.0
5218,2f6210cf0561159ae,True,,,,,,,,,,1.0,0.0,1.0,1.0,1.0,1.0,0.0,1.0,1.0,0.0
5219,576158d07f0a09e6b,True,,,,,,,,,,1.0,1.0,1.0,1.0,0.8605442900214547,1.0,0.0,1.0,0.0,0.7064200906317046
5220,548f3a3e3c14a9e80,True,,,,,,,,,,1.0,1.0,0.0,1.0,1.0,1.0,0.0,1.0,0.0,0.0
5221,da2b9a69d4322c6e8,True,,,,,,,,,,1.0,1.0,1.0,1.0,0.5510072934680574,1.0,1.0,1.0,1.0,0.8596897792087679
5222,d24b8e6fb44849b23,True,,,,,,,,,,1.0,1.0,0.0,1.0,1.0,1.0,0.0,1.0,1.0,0.0
5223,2b500351ad1eb0fc8,True,,,,,,,,,,1.0,1.0,1.0,1.0,1.0,1.0,1.0,1.0,0.0,0.875
5224,00c800ba9acb02aa0,True,,,,,,,,,,1.0,1.0,1.0,1.0,0.8025390229502339,1.0,1.0,1.0,1.0,0.9382934446719481
5225,a874b5928d421efad,True,,,,,,,,,,0.0,1.0,1.0,1.0,0.8688358164947637,0.0,1.0,1.0,0.0,0.0
5226,b83ed44f0a4151018,True,,,,,,,,,,1.0,0.0,1.0,1.0,1.0,1.0,1.0,1.0,0.0,0.0
5227,f42ba561b2c6f684a,True,,,,,,,,,,1.0,1.0,1.0,1.0,0.8973626686297905,1.0,1.0,1.0,0.0,0.8429258339468095
5228,e2156f59b76e7c195,True,,,,,,,,,,1.0,1.0,1.0,1.0,0.7558607010174434,1.0,1.0,1.0,0.0,0.7987064690679511
5229,6ba28ea05bd9dd3df,True,,,,,,,,,,1.0,0.0,1.0,0.0,1.0,1.0,1.0,1.0,1.0,0.0
5230,6d53c1572e4753c0c,True,,,,,,,,,,0.0,0.0,1.0,1.0,1.0,0.0,1.0,1.0,1.0,0.0
5231,9cbb06ac6bd21fc4c,True,,,,,,,,,,1.0,1.0,1.0,1.0,1.0,1.0,1.0,1.0,1.0,1.0
5232,4fc9662f3c2a3bb75,True,,,,,,,,,,1.0,0.0,0.0,1.0,1.0,1.0,0.0,1.0,1.0,0.0
5233,13c1bc44a34013f46,True,,,,,,,,,,1.0,1.0,0.0,1.0,1.0,1.0,0.0,1.0,0.0,0.0
5234,02d32235a5a1497cc,True,,,,,,,,,,1.0,1.0,1.0,1.0,0.5265558013375589,1.0,0.0,1.0,0.0,0.6020486879179872
5235,146404d39b9ce38d7,True,,,,,,,,,,1.0,1.0,1.0,1.0,0.7786299576433461,1.0,0.0,0.0,0.0,0.5558218617635456
5236,d5cbf126369d32fdf,True,,,,,,,,,,1.0,0.0,0.5,1.0,1.0,1.0,1.0,1.0,1.0,0.0
5237,e2094c50a0cc45693,True,,,,,,,,,,1.0,1.0,0.5,1.0,0.5817721799881904,1.0,1.0,1.0,0.0,0.37215190312315477
5238,6a0e7c7b6a5967f37,True,,,,,,,,,,1.0,0.0,1.0,1.0,0.7260698371764402,1.0,1.0,1.0,0.0,0.0
5239,24a39936d6d41ac30,True,,,,,,,,,,1.0,0.0,0.5,1.0,1.0,1.0,0.0,1.0,0.0,0.0
5240,a2df1d2e1065e5f83,True,,,,,,,,,,1.0,1.0,1.0,1.0,0.8340516338525222,1.0,1.0,1.0,0.0,0.8231411355789132
5241,e64bbff1f3e0c30be,True,,,,,,,,,,1.0,1.0,1.0,1.0,0.538536958218984,1.0,0.0,1.0,1.0,0.7307927994434325
5242,e9678d2903b5f46d6,True,,,,,,,,,,1.0,1.0,1.0,1.0,1.0,0.0,0.0,1.0,1.0,0.5625
5243,2d48cd27787fdf6f7,True,,,,,,,,,,1.0,1.0,1.0,1.0,1.0,1.0,1.0,1.0,1.0,1.0
5244,96539cf10e3cf92af,True,,,,,,,,,,1.0,1.0,1.0,1.0,1.0,0.0,1.0,1.0,0.0,0.5625
5245,8f84117d4bb5c6f9b,True,,,,,,,,,,1.0,1.0,1.0,1.0,0.7601817033795464,1.0,0.0,1.0,1.0,0.8000567823061082
5246,8ddd0967554f03e92,True,,,,,,,,,,1.0,1.0,1.0,1.0,0.8675080297116015,1.0,0.0,1.0,0.0,0.7085962592848755
5247,178157ae0466a3851,True,,,,,,,,,,0.0,0.0,1.0,1.0,1.0,0.0,0.0,1.0,1.0,0.0
5248,3d05bde7ec3405ddd,True,,,,,,,,,,1.0,1.0,1.0,1.0,1.0,1.0,0.0,1.0,1.0,0.875
5249,fff9b31e14a7c9885,True,,,,,,,,,,1.0,1.0,1.0,1.0,0.9913421330493236,1.0,1.0,1.0,0.0,0.8722944165779136
5250,a317b20e8d007342f,True,,,,,,,,,,1.0,1.0,1.0,1.0,1.0,1.0,0.0,1.0,0.0,0.75
5251,cf6ea1483f38bad12,True,,,,,,,,,,0.0,1.0,1.0,1.0,0.741379337227406,0.0,0.0,1.0,1.0,0.0
5252,9ed7d460817e222e9,True,,,,,,,,,,1.0,1.0,1.0,1.0,0.786958162311873,1.0,0.0,1.0,1.0,0.8084244257224603
5253,c48fe378c45229ffa,True,,,,,,,,,,0.0,1.0,1.0,1.0,1.0,0.0,1.0,0.0,0.0,0.0
5254,4a086bbf2e29537eb,True,,,,,,,,,,1.0,0.0,1.0,1.0,0.7214931389923068,1.0,1.0,1.0,0.0,0.0
5255,1a8fcc346a063b55c,True,,,,,,,,,,1.0,1.0,1.0,1.0,1.0,1.0,1.0,1.0,0.0,0.875
5256,7c441bc98b8690113,True,,,,,,,,,,1.0,1.0,0.0,1.0,1.0,1.0,0.0,1.0,1.0,0.0
5257,842c77c109ef3215c,True,,,,,,,,,,1.0,0.0,0.5,1.0,1.0,1.0,0.0,1.0,0.0,0.0
5258,e58c5ddaa428a3e26,True,,,,,,,,,,1.0,0.0,1.0,1.0,0.9666997709133346,1.0,1.0,1.0,0.0,0.0
5259,fcdbf5378a4eecdc5,True,,,,,,,,,,1.0,1.0,1.0,1.0,0.8941956703681574,1.0,1.0,1.0,1.0,0.9669361469900493
5260,daae79609618606ae,True,,,,,,,,,,1.0,1.0,1.0,1.0,0.9474921044318309,1.0,0.0,1.0,0.0,0.7335912826349471
5261,6b0615242bd92eaed,True,,,,,,,,,,0.0,1.0,1.0,1.0,1.0,0.0,1.0,1.0,0.0,0.0
5262,a1467b53499fa05f6,True,,,,,,,,,,1.0,0.0,1.0,1.0,1.0,1.0,0.0,1.0,1.0,0.0
5263,372a537447f7672b9,True,,,,,,,,,,1.0,1.0,1.0,1.0,0.9871060045133071,1.0,1.0,1.0,0.0,0.8709706264104085
5264,8d8129f6368d5e730,True,,,,,,,,,,1.0,1.0,1.0,1.0,0.7070199458820288,1.0,1.0,1.0,1.0,0.908443733088134
5265,bd2169898173c44cb,True,,,,,,,,,,0.5,0.0,0.5,1.0,1.0,0.0,0.0,1.0,1.0,0.0
5266,b896aed2b2d4e576b,True,,,,,,,,,,1.0,1.0,1.0,1.0,0.9066382999104441,1.0,1.0,0.0,1.0,0.8458244687220138
5267,5dd439bda5bf2a988,True,,,,,,,,,,1.0,1.0,1.0,1.0,0.6622710806811728,1.0,1.0,1.0,0.0,0.7694597127128665
5268,774a05df3c1512cac,True,,,,,,,,,,1.0,1.0,1.0,1.0,1.0,1.0,1.0,1.0,1.0,1.0
5269,977efa0295ed47613,True,,,,,,,,,,1.0,0.0,1.0,1.0,1.0,1.0,0.0,1.0,1.0,0.0
5270,57eb7d1fb4d00dce9,True,,,,,,,,,,1.0,0.0,1.0,1.0,1.0,1.0,0.0,1.0,1.0,0.0
5271,888343bb23c96916c,True,,,,,,,,,,1.0,1.0,1.0,1.0,0.7079251493236957,1.0,0.0,1.0,0.0,0.6587266091636549
5272,79a8aa64c00991061,True,,,,,,,,,,1.0,1.0,0.5,1.0,0.692751477346926,1.0,0.0,1.0,1.0,0.38949241833545717
5273,e51490fe813037042,True,,,,,,,,,,0.0,1.0,1.0,0.0,1.0,0.0,1.0,1.0,0.0,0.0
5274,04c0d966a74c0c8e0,True,,,,,,,,,,0.0,1.0,1.0,1.0,1.0,0.0,0.0,1.0,1.0,0.0
5275,d8e3174dae4ece006,True,,,,,,,,,,1.0,1.0,1.0,1.0,0.3461547243404713,1.0,0.0,1.0,1.0,0.6706733513563973
5276,cde1512dfd75d52a2,True,,,,,,,,,,1.0,1.0,1.0,1.0,0.6234089785063849,1.0,1.0,1.0,0.0,0.7573153057832452
5277,37c49a3e38b6b7781,True,,,,,,,,,,1.0,0.0,1.0,1.0,0.5466504278661587,1.0,1.0,1.0,1.0,0.0
5278,17e36b4f4f12c5fd5,True,,,,,,,,,,1.0,1.0,1.0,1.0,0.7813535569697745,1.0,1.0,1.0,1.0,0.9316729865530545
5279,995a5ceaca13fa6a0,True,,,,,,,,,,1.0,0.0,1.0,1.0,1.0,1.0,0.0,1.0,0.0,0.0
5280,ebe3f434bfee258dc,True,,,,,,,,,,0.0,1.0,1.0,1.0,1.0,0.0,1.0,1.0,0.0,0.0
5281,f15dde91900f2039a,True,,,,,,,,,,0.0,1.0,0.5,1.0,1.0,0.0,0.0,1.0,1.0,0.0
5282,57226182464088f5d,True,,,,,,,,,,1.0,0.0,1.0,1.0,1.0,1.0,1.0,1.0,0.0,0.0
5283,e8a42b314c0d6f88e,True,,,,,,,,,,1.0,1.0,0.5,1.0,1.0,0.0,0.0,1.0,0.0,0.21875
5284,bdc5b1c53a1749c9d,True,,,,,,,,,,0.5,0.0,0.0,1.0,1.0,0.0,0.0,1.0,0.0,0.0
5285,d19cedf7c9391dacc,True,,,,,,,,,,1.0,0.0,1.0,1.0,1.0,1.0,0.0,1.0,1.0,0.0
5286,c1ef027c99cf15974,True,,,,,,,,,,1.0,0.0,0.5,1.0,0.4877354139819871,1.0,1.0,1.0,0.0,0.0
5287,5a0a989dc5a853c97,True,,,,,,,,,,1.0,1.0,1.0,1.0,0.6079774515938895,1.0,0.0,1.0,1.0,0.7524929536230904
5288,80d8583368d2573b4,True,,,,,,,,,,0.5,0.0,1.0,1.0,1.0,0.0,1.0,1.0,1.0,0.0
5289,4cb9cbe26edb17f04,True,,,,,,,,,,0.0,0.0,0.0,1.0,1.0,0.0,1.0,0.0,0.0,0.0
5290,089e61f737418a050,True,,,,,,,,,,1.0,1.0,1.0,1.0,0.6751451834566742,1.0,0.0,1.0,1.0,0.7734828698302108
5291,29e06b2285a52c6d0,True,,,,,,,,,,1.0,1.0,0.0,1.0,1.0,0.0,0.0,1.0,0.0,0.0
5292,516eb2ea0832b6c1d,True,,,,,,,,,,1.0,0.0,1.0,1.0,1.0,1.0,1.0,1.0,0.0,0.0
5293,c1d111042e2830ff9,True,,,,,,,,,,0.0,0.0,1.0,1.0,1.0,0.0,1.0,1.0,0.0,0.0
5294,9f30b4f8547cd991f,True,,,,,,,,,,0.0,1.0,1.0,0.0,1.0,0.0,1.0,1.0,0.0,0.0
5295,7be779b9f100e6373,True,,,,,,,,,,1.0,1.0,1.0,1.0,1.0,1.0,1.0,1.0,1.0,1.0
5296,e318affbd4be74ca2,True,,,,,,,,,,1.0,1.0,0.0,1.0,0.910394970805908,1.0,0.0,1.0,0.0,0.0
5297,1f8006333fa33abf2,True,,,,,,,,,,0.0,1.0,1.0,1.0,1.0,0.0,0.0,1.0,0.0,0.0
5298,ae94ff2780b7d715c,True,,,,,,,,,,1.0,0.0,0.0,1.0,0.8063766876642033,1.0,0.0,1.0,0.0,0.0
5299,bad2ff79565afa1d2,True,,,,,,,,,,1.0,1.0,1.0,1.0,0.76212727617314,1.0,0.0,1.0,1.0,0.8006647738041063
5300,68d8bd51d02182ea6,True,,,,,,,,,,0.0,1.0,0.0,1.0,1.0,0.0,0.0,1.0,1.0,0.0
5301,e262bce33b82a53de,True,,,,,,,,,,1.0,0.0,1.0,1.0,1.0,1.0,1.0,1.0,0.0,0.0
5302,6c441b1d10cac68e5,True,,,,,,,,,,1.0,1.0,1.0,1.0,0.6380184244551705,1.0,1.0,1.0,0.0,0.7618807576422408
5303,b01708b022b85bbd7,True,,,,,,,,,,1.0,1.0,1.0,0.0,1.0,1.0,1.0,1.0,0.0,0.0
5304,77fcdd159de9fa48f,True,,,,,,,,,,1.0,1.0,1.0,1.0,1.0,1.0,1.0,1.0,0.0,0.875
5305,f1020928f69a09709,True,,,,,,,,,,1.0,0.0,1.0,1.0,1.0,1.0,1.0,1.0,1.0,0.0
5306,96ae6eb1972fb4ba7,True,,,,,,,,,,1.0,1.0,0.0,1.0,1.0,0.0,0.0,0.0,0.0,0.0
5307,d7ae6e55bf567365e,True,,,,,,,,,,0.0,1.0,0.0,1.0,1.0,0.0,0.0,1.0,1.0,0.0
5308,108350d1060a66bd9,True,,,,,,,,,,1.0,1.0,0.0,1.0,0.7667794872890233,0.0,0.0,1.0,0.0,0.0
5309,fad1ad3bce41df4d9,True,,,,,,,,,,1.0,1.0,1.0,1.0,0.5464266188973497,1.0,0.0,1.0,0.0,0.6082583184054218
5310,44e8cafa5fe4603a5,True,,,,,,,,,,1.0,1.0,1.0,1.0,0.9601083834779198,1.0,0.0,1.0,1.0,0.8625338698368499
5311,0883e274dffb8a761,True,,,,,,,,,,1.0,0.0,1.0,1.0,1.0,1.0,0.0,1.0,0.0,0.0
5312,51cb45da3827bd0fb,True,,,,,,,,,,1.0,1.0,1.0,1.0,0.40369567091473463,1.0,1.0,1.0,1.0,0.8136548971608546
5313,c82835c09890be38b,True,,,,,,,,,,1.0,0.0,1.0,1.0,0.8331630996037186,1.0,1.0,1.0,1.0,0.0
5314,4dbc9cc6aa10c611c,True,,,,,,,,,,1.0,1.0,1.0,1.0,0.6059990549507248,1.0,1.0,1.0,0.0,0.7518747046721015
5315,ed75936c057902b19,True,,,,,,,,,,1.0,1.0,1.0,1.0,0.7137145088721293,1.0,0.0,1.0,1.0,0.7855357840225404
5316,2c7084169dfd8a99a,True,,,,,,,,,,0.0,0.0,0.0,1.0,1.0,0.0,0.0,1.0,1.0,0.0
5317,7f520a3f0158554b6,True,,,,,,,,,,0.0,1.0,1.0,1.0,1.0,0.0,1.0,1.0,0.0,0.0
5318,375ef6cffa757aadf,True,,,,,,,,,,1.0,1.0,1.0,1.0,0.616777176969306,1.0,1.0,1.0,0.0,0.7552428678029082
5319,fed773a2bcad8ee41,True,,,,,,,,,,1.0,1.0,0.0,1.0,1.0,1.0,0.0,1.0,1.0,0.0
5320,8c7844d1d621c907b,True,,,,,,,,,,0.0,1.0,1.0,1.0,1.0,0.0,1.0,1.0,0.0,0.0
5321,47af7b18d8bb14656,True,,,,,,,,,,1.0,1.0,0.5,1.0,0.661592082322945,1.0,0.0,1.0,0.0,0.3221237628629602
5322,dcc637b763e600173,True,,,,,,,,,,1.0,0.0,1.0,1.0,0.9597639801284134,1.0,1.0,0.0,0.0,0.0
5323,84f364974b63432d3,True,,,,,,,,,,1.0,1.0,1.0,1.0,0.7934356733391386,1.0,1.0,1.0,0.0,0.8104486479184808
5324,e7ae2cd68d33a847e,True,,,,,,,,,,1.0,1.0,0.5,1.0,0.8072209694608277,1.0,0.0,1.0,1.0,0.4073782764782543
5325,9b8863dbb1afcaba3,True,,,,,,,,,,1.0,1.0,0.5,1.0,1.0,1.0,0.0,1.0,1.0,0.4375
5326,dd5013a89e336b685,True,,,,,,,,,,1.0,0.0,1.0,1.0,1.0,1.0,1.0,1.0,1.0,0.0
5327,6de62a830b05d683f,True,,,,,,,,,,1.0,0.0,1.0,1.0,1.0,1.0,0.0,1.0,1.0,0.0
5328,3be7098579628f9d1,True,,,,,,,,,,0.0,1.0,1.0,1.0,1.0,0.0,1.0,1.0,0.0,0.0
5329,ff17ac7233820a90f,True,,,,,,,,,,0.0,1.0,1.0,1.0,1.0,0.0,0.0,1.0,0.0,0.0
5330,e70eb6c2ef34c64ec,True,,,,,,,,,,1.0,1.0,1.0,1.0,0.6925347111893309,1.0,0.0,1.0,0.0,0.6539170972466659
5331,90c40a195012fa8ec,True,,,,,,,,,,1.0,0.0,0.5,1.0,1.0,1.0,0.0,1.0,1.0,0.0
5332,5f9c9346ee3131354,True,,,,,,,,,,0.0,1.0,1.0,1.0,1.0,0.0,0.0,1.0,1.0,0.0
5333,7ff35ca5444967bbf,True,,,,,,,,,,1.0,1.0,0.5,1.0,1.0,1.0,0.0,1.0,0.0,0.375
5334,7ee964bcd33d7480e,True,,,,,,,,,,1.0,1.0,1.0,1.0,0.8006820815843784,1.0,0.0,1.0,1.0,0.8127131504951182
5335,7387fd37f78f3fd39,True,,,,,,,,,,1.0,1.0,1.0,1.0,0.7874325263040849,1.0,1.0,1.0,1.0,0.9335726644700265
5336,bd52a44e8dce6c6d8,True,,,,,,,,,,1.0,1.0,1.0,1.0,1.0,1.0,0.0,1.0,1.0,0.875
5337,7681847aa2ebf24e0,True,,,,,,,,,,1.0,0.0,0.5,1.0,1.0,1.0,0.0,1.0,0.0,0.0
5338,175f019927da9929a,True,,,,,,,,,,1.0,0.0,0.5,1.0,1.0,1.0,0.0,1.0,0.0,0.0
5339,6c0f20461b27e36fb,True,,,,,,,,,,1.0,1.0,0.5,1.0,0.6409441881526335,1.0,0.0,1.0,0.0,0.31889752939884897
5340,8befb288003901497,True,,,,,,,,,,1.0,0.0,1.0,1.0,1.0,1.0,1.0,1.0,1.0,0.0
5341,63afd42accc1a8cd9,True,,,,,,,,,,1.0,0.0,1.0,1.0,0.6957680715930662,1.0,1.0,1.0,1.0,0.0
5342,da72d5ca0828d5a3d,True,,,,,,,,,,1.0,1.0,1.0,1.0,0.7659781374450497,1.0,1.0,1.0,1.0,0.926868167951578
5343,894ee0eaafbdc05e5,True,,,,,,,,,,1.0,0.0,0.5,1.0,1.0,1.0,1.0,1.0,0.0,0.0
5344,e7f8c99f8df8cf65b,True,,,,,,,,,,0.0,1.0,1.0,1.0,1.0,0.0,1.0,1.0,1.0,0.0
5345,15a4d38c20001c0e4,True,,,,,,,,,,1.0,0.0,0.0,1.0,1.0,1.0,0.0,1.0,0.0,0.0
5346,7e2d7288e94ae54c5,True,,,,,,,,,,1.0,1.0,1.0,1.0,0.3537800098893937,1.0,1.0,1.0,0.0,0.6730562530904356
5347,fde62db47c2545623,True,,,,,,,,,,1.0,1.0,1.0,1.0,0.4911884707268862,1.0,1.0,1.0,1.0,0.8409963971021519
5348,94e0532c49d982780,True,,,,,,,,,,1.0,0.0,1.0,1.0,1.0,1.0,0.0,1.0,1.0,0.0
5349,d14bb6b9926bccfb5,True,,,,,,,,,,1.0,1.0,1.0,1.0,1.0,1.0,1.0,1.0,0.0,0.875
5350,2b19e158862e6b7cd,True,,,,,,,,,,1.0,1.0,1.0,1.0,0.8082741657959548,1.0,0.0,1.0,1.0,0.8150856768112359
5351,4413f87001fcbb7eb,True,,,,,,,,,,1.0,1.0,1.0,1.0,1.0,1.0,1.0,1.0,0.0,0.875
5352,13d12623bf8ef0e4f,True,,,,,,,,,,0.0,1.0,0.0,1.0,0.9184683833633345,0.0,0.0,1.0,1.0,0.0
5353,5b460729c6e5e42fd,True,,,,,,,,,,1.0,1.0,1.0,1.0,1.0,1.0,1.0,1.0,0.0,0.875
5354,a8b1bc8442e0fb5b1,True,,,,,,,,,,1.0,1.0,1.0,1.0,0.6761404344313967,1.0,0.0,1.0,1.0,0.7737938857598115
5355,02cf44d6c32b48bea,True,,,,,,,,,,1.0,1.0,1.0,1.0,1.0,1.0,1.0,0.0,0.0,0.75
5356,d021a67c53a7865f3,True,,,,,,,,,,1.0,1.0,1.0,1.0,0.88984824190475,1.0,0.0,1.0,0.0,0.7155775755952344
5357,24d9e424388a37357,True,,,,,,,,,,0.0,1.0,1.0,1.0,0.9780373720293316,0.0,0.0,1.0,0.0,0.0
5358,395c08bc6114b0b9e,True,,,,,,,,,,1.0,1.0,1.0,1.0,0.4199499914043089,1.0,1.0,1.0,1.0,0.8187343723138465
5359,d02177dc313467bf7,True,,,,,,,,,,1.0,0.0,0.0,1.0,1.0,1.0,0.0,1.0,0.0,0.0
5360,fa938137662435c29,True,,,,,,,,,,1.0,1.0,1.0,1.0,0.49798908323566554,1.0,1.0,1.0,1.0,0.8431215885111455
5361,27fe2548642974f6e,True,,,,,,,,,,1.0,1.0,1.0,1.0,1.0,0.0,0.0,1.0,0.0,0.4375
5362,0ac03aaa52e160cd9,True,,,,,,,,,,1.0,0.0,1.0,1.0,0.6270412205302558,1.0,1.0,1.0,1.0,0.0
5363,4f2cdfaccb0f4bfac,True,,,,,,,,,,1.0,1.0,0.5,1.0,0.8087391420154664,1.0,0.0,1.0,0.0,0.3451154909399166
5364,452f589a00d505838,True,,,,,,,,,,1.0,1.0,1.0,1.0,0.5099636502220665,1.0,0.0,1.0,0.0,0.5968636406943958
5365,d9f0da556a4c7bb77,True,,,,,,,,,,1.0,1.0,1.0,1.0,1.0,1.0,0.0,1.0,0.0,0.75
5366,204d7543af9e55675,True,,,,,,,,,,1.0,1.0,1.0,1.0,1.0,1.0,0.0,1.0,0.0,0.75
5367,29e70aa1afb308764,True,,,,,,,,,,0.0,1.0,1.0,1.0,1.0,0.0,1.0,1.0,1.0,0.0
5368,41a39d55c68bb7f5a,True,,,,,,,,,,1.0,0.0,1.0,1.0,0.61489632745339,1.0,1.0,1.0,0.0,0.0
5369,87c28ad76ca252469,True,,,,,,,,,,0.0,1.0,1.0,0.0,1.0,0.0,0.0,1.0,1.0,0.0
5370,21caa7576c2da8f7a,True,,,,,,,,,,1.0,1.0,1.0,1.0,0.912712207256372,1.0,0.0,1.0,1.0,0.8477225647676163
5371,4e6440872891a9f19,True,,,,,,,,,,1.0,0.0,1.0,1.0,1.0,1.0,1.0,1.0,0.0,0.0
5372,dc18fd577680f44b9,True,,,,,,,,,,0.0,1.0,1.0,1.0,0.5403836098669095,0.0,0.0,1.0,0.0,0.0
5373,47349a858e8660e9e,True,,,,,,,,,,1.0,0.0,1.0,1.0,1.0,1.0,0.0,1.0,1.0,0.0
5374,2b1cf649494f9cd62,True,,,,,,,,,,1.0,0.0,0.0,1.0,1.0,1.0,0.0,1.0,0.0,0.0
5375,7e4af807f673c946b,True,,,,,,,,,,1.0,0.0,1.0,1.0,0.5095478050620715,1.0,0.0,1.0,0.0,0.0
5376,a4f24e691930789eb,True,,,,,,,,,,1.0,1.0,1.0,1.0,1.0,1.0,1.0,1.0,1.0,1.0
5377,90d989f2205e253f9,True,,,,,,,,,,1.0,1.0,1.0,1.0,0.6371077610120293,1.0,0.0,1.0,1.0,0.7615961753162591
5378,eac3cd256c959f2bc,True,,,,,,,,,,1.0,1.0,1.0,1.0,0.8929000144697956,1.0,1.0,1.0,1.0,0.9665312545218111
5379,1e33e12832b3a171e,True,,,,,,,,,,1.0,1.0,1.0,1.0,1.0,1.0,0.0,1.0,0.0,0.75
5380,23406e65760566ef1,True,,,,,,,,,,1.0,1.0,1.0,1.0,0.6257719191106758,1.0,1.0,1.0,0.0,0.7580537247220862
5381,2814e455e1302df51,True,,,,,,,,,,0.5,1.0,1.0,1.0,1.0,0.0,0.0,1.0,1.0,0.28125
5382,57ff3b08be49081c8,True,,,,,,,,,,1.0,1.0,1.0,1.0,0.6279551409753548,1.0,0.0,1.0,1.0,0.7587359815547984
5383,be37c56ecccec8f54,True,,,,,,,,,,1.0,0.0,1.0,1.0,1.0,1.0,0.0,1.0,1.0,0.0
5384,cd8ff4168df3741e2,True,,,,,,,,,,1.0,0.0,1.0,1.0,0.8935764131282976,1.0,1.0,1.0,1.0,0.0
5385,f3f8e9c3fd11d36f3,True,,,,,,,,,,1.0,1.0,1.0,1.0,1.0,1.0,1.0,1.0,0.0,0.875
5386,1bd74624249d94074,True,,,,,,,,,,0.5,0.0,1.0,1.0,1.0,0.0,1.0,1.0,0.0,0.0
5387,18f43a288ddc873cc,True,,,,,,,,,,1.0,1.0,1.0,1.0,1.0,1.0,1.0,1.0,0.0,0.875
5388,95c7dfd77d6f446a0,True,,,,,,,,,,1.0,1.0,1.0,1.0,0.7073014133398755,1.0,0.0,0.0,0.0,0.5335316916687111
5389,ecb3b9f1238edf126,True,,,,,,,,,,1.0,0.0,1.0,1.0,0.9598057856966792,1.0,1.0,1.0,1.0,0.0
5390,ef4eaef1d214e7da8,True,,,,,,,,,,1.0,1.0,1.0,1.0,0.7347376785168408,1.0,1.0,1.0,0.0,0.7921055245365127
5391,6dfd14bd1bef71d80,True,,,,,,,,,,1.0,1.0,1.0,1.0,0.7356042658814013,1.0,0.0,1.0,1.0,0.7923763330879379
5392,e3b56ed4a85f713c8,True,,,,,,,,,,0.0,1.0,1.0,1.0,1.0,0.0,1.0,1.0,1.0,0.0
5393,aacc85e9299b2ee56,True,,,,,,,,,,1.0,0.0,0.0,1.0,1.0,1.0,1.0,1.0,0.0,0.0
5394,646863c254a0a7a48,True,,,,,,,,,,1.0,1.0,0.0,1.0,0.7953047268150241,1.0,0.0,1.0,1.0,0.0
5395,3d7cd2f667f2292d5,True,,,,,,,,,,1.0,0.0,1.0,1.0,1.0,1.0,0.0,0.0,0.0,0.0
5396,b1b76999fa25ad35b,True,,,,,,,,,,1.0,0.0,1.0,1.0,1.0,1.0,0.0,1.0,1.0,0.0
5397,978616965b8fd4cd6,True,,,,,,,,,,1.0,1.0,1.0,1.0,0.9702020489891195,1.0,0.0,1.0,1.0,0.8656881403090999
5398,ff530ac4388942e42,True,,,,,,,,,,1.0,0.0,1.0,1.0,0.8446712859683547,1.0,1.0,1.0,0.0,0.0
5399,ca521b286f7fb606e,True,,,,,,,,,,0.0,1.0,1.0,1.0,1.0,0.0,1.0,1.0,0.0,0.0
5400,7b6367ddd040256d3,True,,,,,,,,,,1.0,1.0,1.0,1.0,1.0,1.0,0.0,1.0,0.0,0.75
5401,8b29c1e65746a1185,True,,,,,,,,,,1.0,1.0,1.0,1.0,0.5805144819338518,1.0,1.0,1.0,0.0,0.7439107756043287
5402,d394c98f566e20aab,True,,,,,,,,,,1.0,1.0,1.0,1.0,1.0,1.0,0.0,1.0,1.0,0.875
5403,48b8608248fe082c2,True,,,,,,,,,,1.0,1.0,1.0,1.0,1.0,1.0,1.0,1.0,0.0,0.875
5404,f9b640894b4a02a02,True,,,,,,,,,,1.0,1.0,0.0,1.0,1.0,1.0,0.0,1.0,1.0,0.0
5405,14e4693cf0f1e04ff,True,,,,,,,,,,1.0,1.0,1.0,1.0,1.0,0.0,0.0,1.0,1.0,0.5625
5406,ddfce47695493c151,True,,,,,,,,,,0.0,0.0,0.5,1.0,1.0,0.0,0.0,1.0,1.0,0.0
5407,3d20ef43bc694566a,True,,,,,,,,,,1.0,1.0,1.0,1.0,1.0,1.0,0.0,1.0,0.0,0.75
5408,d216a742018af5843,True,,,,,,,,,,1.0,0.0,1.0,1.0,1.0,1.0,1.0,1.0,1.0,0.0
5409,a4405612b58117ecc,True,,,,,,,,,,1.0,1.0,1.0,1.0,0.4359764759096599,1.0,1.0,1.0,0.0,0.6987426487217687
5410,d337b79f01dc75805,True,,,,,,,,,,1.0,1.0,0.5,1.0,0.6641417789357271,1.0,0.0,1.0,1.0,0.38502215295870734
5411,94dbe6cad76160ef1,True,,,,,,,,,,0.0,1.0,1.0,1.0,1.0,0.0,1.0,1.0,1.0,0.0
5412,733f274e5e937aae5,True,,,,,,,,,,0.0,1.0,0.0,1.0,1.0,0.0,0.0,1.0,0.0,0.0
5413,cffdc69f30e1aeda2,True,,,,,,,,,,1.0,1.0,1.0,1.0,0.8037845319172003,1.0,1.0,1.0,0.0,0.8136826662241251
5414,15605fa49f762af2f,True,,,,,,,,,,1.0,1.0,1.0,1.0,0.6894128434453602,1.0,0.0,1.0,1.0,0.7779415135766751
5415,7098c40dee5929017,True,,,,,,,,,,0.0,1.0,0.0,1.0,1.0,0.0,0.0,1.0,0.0,0.0
5416,023850d442fe9ca21,True,,,,,,,,,,1.0,1.0,1.0,1.0,0.6969719242945922,1.0,1.0,1.0,1.0,0.90530372634206
5417,7077621a398aa2bf0,True,,,,,,,,,,1.0,0.0,1.0,1.0,0.8344147952513994,1.0,1.0,1.0,1.0,0.0
5418,41605b0da6ca7fa55,True,,,,,,,,,,1.0,1.0,1.0,1.0,0.7870190357168378,1.0,0.0,1.0,1.0,0.8084434486615119
5419,1efa58a926126dcc0,True,,,,,,,,,,1.0,0.0,0.5,1.0,0.5307181073318578,1.0,1.0,1.0,1.0,0.0
5420,c99bfe933875f63e0,True,,,,,,,,,,1.0,0.0,1.0,1.0,0.8164035616274508,1.0,1.0,1.0,1.0,0.0
5421,ed6d05f676ec3069b,True,,,,,,,,,,1.0,1.0,1.0,1.0,0.7788053630197648,1.0,1.0,1.0,1.0,0.9308766759436765
5422,f2ee403d63c2cb379,True,,,,,,,,,,1.0,1.0,0.0,0.0,1.0,1.0,0.0,1.0,1.0,0.0
5423,59d497b24fe17609b,True,,,,,,,,,,1.0,1.0,0.5,1.0,0.6257071655972029,1.0,0.0,1.0,0.0,0.3165167446245629
5424,5b8389f00775d1a89,True,,,,,,,,,,1.0,0.0,0.5,1.0,1.0,1.0,0.0,1.0,0.0,0.0
5425,bc20b8c58a5cffb8d,True,,,,,,,,,,1.0,0.0,0.5,1.0,1.0,1.0,0.0,1.0,0.0,0.0
5426,036d27d8003dd2f2e,True,,,,,,,,,,1.0,1.0,1.0,0.0,1.0,1.0,1.0,1.0,0.0,0.0
5427,1ba581b05f68a9417,True,,,,,,,,,,0.0,0.0,1.0,1.0,1.0,0.0,1.0,1.0,0.0,0.0
5428,a1a5eeda367569815,True,,,,,,,,,,1.0,1.0,1.0,1.0,0.5284416838659568,1.0,1.0,1.0,1.0,0.8526380262081115
5429,0d6f670a9daf4bde4,True,,,,,,,,,,1.0,0.0,0.5,1.0,1.0,1.0,1.0,1.0,0.0,0.0
5430,ba31453558099b11f,True,,,,,,,,,,1.0,1.0,0.5,1.0,0.6051279519831713,1.0,1.0,1.0,1.0,0.4383012424973705
5431,987cd2bac2de5285e,True,,,,,,,,,,1.0,1.0,1.0,1.0,0.6823788135103653,1.0,1.0,1.0,0.0,0.7757433792219892
5432,1ce076a3d8049e0e4,True,,,,,,,,,,1.0,1.0,1.0,1.0,0.252638638960686,1.0,0.0,1.0,0.0,0.5164495746752144
5433,2bf48c9a1af27a0a1,True,,,,,,,,,,1.0,1.0,1.0,1.0,0.6001781448010475,1.0,1.0,1.0,1.0,0.8750556702503274
5434,dc335a90fc3e97ef3,True,,,,,,,,,,1.0,1.0,1.0,1.0,0.9389507088284027,1.0,1.0,1.0,1.0,0.9809220965088759
5435,0e655768a5fd9c8ad,True,,,,,,,,,,0.0,1.0,0.5,1.0,1.0,0.0,0.0,1.0,1.0,0.0
5436,29500c50afeb0e68a,True,,,,,,,,,,0.0,0.0,0.5,1.0,1.0,0.0,0.0,1.0,0.0,0.0
5437,1cc09e6291c8fd8b7,True,,,,,,,,,,1.0,0.0,1.0,1.0,0.7469876819678157,1.0,0.0,1.0,0.0,0.0
5438,0c19c99a701794b8d,True,,,,,,,,,,0.0,1.0,1.0,1.0,1.0,0.0,1.0,1.0,1.0,0.0
5439,6b13c052d037390cc,True,,,,,,,,,,0.0,0.0,1.0,1.0,1.0,0.0,1.0,1.0,0.0,0.0
5440,0c70bd071d5a4b2fd,True,,,,,,,,,,1.0,1.0,1.0,1.0,0.7285544496445241,1.0,1.0,1.0,0.0,0.7901732655139138
5441,587695426dcca63ae,True,,,,,,,,,,1.0,0.0,1.0,1.0,1.0,1.0,1.0,1.0,0.0,0.0
5442,6ac3abb0e9eb26113,True,,,,,,,,,,1.0,1.0,1.0,1.0,0.9933415962531518,1.0,0.0,1.0,0.0,0.74791924882911
5443,552b5ed253cfd2ed4,True,,,,,,,,,,1.0,1.0,1.0,1.0,1.0,1.0,0.0,1.0,1.0,0.875
5444,5d5f36ba279588ae3,True,,,,,,,,,,1.0,0.0,1.0,1.0,1.0,1.0,0.0,1.0,0.0,0.0
5445,bd30767ff605ef96c,True,,,,,,,,,,1.0,1.0,1.0,1.0,1.0,1.0,0.0,1.0,1.0,0.875
5446,0062f66f0a168555e,True,,,,,,,,,,1.0,1.0,1.0,1.0,0.24467562840463142,1.0,1.0,1.0,0.0,0.6389611338764474
5447,c85dd3e87ba3c50e0,True,,,,,,,,,,1.0,1.0,1.0,1.0,1.0,1.0,0.0,1.0,0.0,0.75
5448,cbf6dd30a0ed348b8,True,,,,,,,,,,0.0,1.0,1.0,1.0,1.0,0.0,0.0,1.0,1.0,0.0
5449,ee7793a6b27386136,True,,,,,,,,,,1.0,1.0,1.0,1.0,0.6241882460803163,1.0,1.0,1.0,0.0,0.7575588269000988
5450,6280da1271d9fac21,True,,,,,,,,,,0.0,1.0,1.0,1.0,1.0,0.0,0.0,1.0,1.0,0.0
5451,5e4e80a50729b531a,True,,,,,,,,,,1.0,1.0,1.0,1.0,0.7228566608683685,1.0,1.0,1.0,0.0,0.7883927065213652
5452,429111d26e72d90ae,True,,,,,,,,,,0.0,1.0,1.0,1.0,1.0,0.0,1.0,1.0,0.0,0.0
5453,b7f6a370ec46c9fef,True,,,,,,,,,,1.0,1.0,1.0,1.0,0.8534314912736678,1.0,1.0,1.0,1.0,0.9541973410230211
5454,5e206e9ebf880f3f3,True,,,,,,,,,,1.0,1.0,1.0,1.0,1.0,1.0,1.0,1.0,1.0,1.0
5455,bab53404d010ca7f6,True,,,,,,,,,,1.0,1.0,1.0,1.0,0.8514266965273668,1.0,0.0,1.0,0.0,0.7035708426648022
5456,d06e479e4e59a2a44,True,,,,,,,,,,0.0,0.0,0.5,1.0,1.0,1.0,0.0,1.0,1.0,0.0
5457,2cce2f9aeacb49d13,True,,,,,,,,,,1.0,1.0,0.0,1.0,0.7784873686084309,0.0,0.0,1.0,1.0,0.0
5458,f960c8624d9938147,True,,,,,,,,,,1.0,1.0,0.0,1.0,1.0,1.0,0.0,1.0,1.0,0.0
5459,eaa70df977f0ed637,True,,,,,,,,,,0.0,1.0,1.0,0.0,1.0,0.0,0.0,1.0,1.0,0.0
5460,9384f1e1e708f3470,True,,,,,,,,,,1.0,1.0,1.0,1.0,0.8411121228067343,1.0,1.0,1.0,1.0,0.9503475383771045
5461,15a72986ee0932891,True,,,,,,,,,,0.0,0.0,1.0,1.0,1.0,0.0,1.0,0.0,0.0,0.0
5462,e06d3e2d64736c62d,True,,,,,,,,,,1.0,1.0,0.5,1.0,0.9301982443828354,1.0,0.0,1.0,0.0,0.36409347568481804
5463,33ff9ec8e9bc148c8,True,,,,,,,,,,1.0,1.0,1.0,1.0,0.7406632174331961,1.0,1.0,1.0,1.0,0.9189572554478738
5464,427e704f6c39ca2c4,True,,,,,,,,,,1.0,1.0,1.0,1.0,0.6169780543684203,1.0,1.0,1.0,1.0,0.8803056419901314
5465,ab30a09f899e6330e,True,,,,,,,,,,1.0,0.0,1.0,1.0,0.42234985939500785,1.0,1.0,1.0,1.0,0.0
5466,7af1b1dbb5689cb43,True,,,,,,,,,,1.0,1.0,1.0,1.0,0.40619004055575847,1.0,1.0,1.0,0.0,0.6894343876736745
5467,873e0ddcc4fdfae2e,True,,,,,,,,,,1.0,0.0,1.0,1.0,1.0,1.0,0.0,1.0,1.0,0.0
5468,9d4b20553cbf06af4,True,,,,,,,,,,1.0,1.0,1.0,1.0,0.6631727332888718,1.0,1.0,1.0,0.0,0.7697414791527725
5469,be30a0caa3e19507e,True,,,,,,,,,,0.0,1.0,1.0,1.0,1.0,0.0,1.0,1.0,0.0,0.0
5470,77ea1d582cf3df680,True,,,,,,,,,,1.0,1.0,0.0,1.0,0.8564387897781875,1.0,0.0,1.0,0.0,0.0
5471,273762480ecf0bcd6,True,,,,,,,,,,1.0,1.0,1.0,1.0,1.0,1.0,0.0,1.0,0.0,0.75
5472,bcb569c08d9409956,True,,,,,,,,,,1.0,0.0,0.5,1.0,1.0,1.0,0.0,1.0,0.0,0.0
5473,50e8217a812643799,True,,,,,,,,,,1.0,1.0,1.0,1.0,0.8794163817478744,1.0,1.0,1.0,1.0,0.9623176192962107
5474,91e4c1dcd12d3cf3c,True,,,,,,,,,,1.0,1.0,0.5,1.0,1.0,1.0,1.0,0.0,0.0,0.375
5475,a567fa13fe7716b55,True,,,,,,,,,,1.0,1.0,1.0,1.0,1.0,1.0,0.0,1.0,1.0,0.875
5476,1e76d24e6c9b36a12,True,,,,,,,,,,1.0,1.0,1.0,1.0,0.9087086735394232,1.0,1.0,1.0,1.0,0.9714714604810697
5477,69fb879cbb73f071a,True,,,,,,,,,,1.0,0.0,1.0,1.0,0.8173807722993267,1.0,1.0,1.0,0.0,0.0
5478,effa3c121b26ed3b5,True,,,,,,,,,,1.0,1.0,1.0,1.0,1.0,1.0,1.0,1.0,1.0,1.0
5479,2b91925294ab78999,True,,,,,,,,,,0.0,0.0,0.5,1.0,1.0,0.0,0.0,1.0,0.0,0.0
5480,626d07f3f8b80566b,True,,,,,,,,,,1.0,1.0,0.5,1.0,0.7382250554067987,1.0,0.0,1.0,1.0,0.3965976649073123
5481,bd2a4f1bdd5605e62,True,,,,,,,,,,1.0,1.0,1.0,1.0,0.8689945903828239,1.0,0.0,1.0,1.0,0.8340608094946325
5482,221c392b5c088f6ce,True,,,,,,,,,,0.0,1.0,1.0,1.0,1.0,0.0,0.0,1.0,1.0,0.0
5483,abb1e9c0cfeb7bb29,True,,,,,,,,,,0.0,0.0,0.5,1.0,1.0,0.0,0.0,1.0,1.0,0.0
5484,c3eabd6982ee224c4,True,,,,,,,,,,1.0,1.0,1.0,1.0,0.29016957046602915,1.0,0.0,1.0,1.0,0.6531779907706341
5485,875f6c89666fde397,True,,,,,,,,,,1.0,1.0,1.0,1.0,0.7146038955368598,1.0,1.0,1.0,1.0,0.9108137173552686
5486,20494495b733d6710,True,,,,,,,,,,1.0,1.0,1.0,1.0,0.5805993433321203,1.0,1.0,1.0,1.0,0.8689372947912876
5487,bd132bb290ee8b29b,True,,,,,,,,,,1.0,1.0,0.5,1.0,1.0,1.0,0.0,1.0,0.0,0.375
5488,915f97c98701afaae,True,,,,,,,,,,1.0,1.0,0.0,1.0,0.8454995309568577,1.0,0.0,1.0,1.0,0.0
5489,b4fddb3dce784392e,True,,,,,,,,,,0.0,1.0,1.0,1.0,1.0,0.0,1.0,1.0,1.0,0.0
5490,7d4ce2377f19fda93,True,,,,,,,,,,0.0,1.0,1.0,1.0,0.7813898657421383,0.0,0.0,1.0,1.0,0.0
5491,ec7a65597cb09372c,True,,,,,,,,,,1.0,1.0,0.0,1.0,0.8261407307796167,1.0,0.0,1.0,1.0,0.0
5492,ef00d37c017fde631,True,,,,,,,,,,1.0,1.0,1.0,1.0,0.7787764578444148,1.0,1.0,0.0,0.0,0.6808676430763796
5493,4dcc314181f8e6c97,True,,,,,,,,,,1.0,1.0,1.0,1.0,0.6205363496170885,1.0,1.0,1.0,0.0,0.7564176092553402
5494,a8d83051ac2ad2fa2,True,,,,,,,,,,1.0,1.0,1.0,1.0,0.9584184088579057,1.0,1.0,1.0,1.0,0.9870057527680955
5495,25ca5866628df2ed3,True,,,,,,,,,,1.0,1.0,1.0,1.0,0.622654192700977,1.0,1.0,1.0,1.0,0.8820794352190553
5496,f26e03767d82f4ae7,True,,,,,,,,,,0.5,0.0,0.5,1.0,1.0,0.0,1.0,1.0,0.0,0.0
5497,7fd5398b4e1c42134,True,,,,,,,,,,1.0,0.0,1.0,1.0,1.0,1.0,1.0,1.0,1.0,0.0
5498,2624b8883e65347cd,True,,,,,,,,,,1.0,0.0,0.0,1.0,1.0,1.0,0.0,1.0,0.0,0.0
5499,194e5931bc902ac73,True,,,,,,,,,,1.0,1.0,1.0,1.0,1.0,1.0,0.0,1.0,0.0,0.75
5500,9ed233c4d30f0d7d9,True,,,,,,,,,,1.0,1.0,1.0,1.0,1.0,1.0,0.0,1.0,0.0,0.75
5501,d745c239ecbf42d39,True,,,,,,,,,,0.0,0.0,1.0,1.0,1.0,0.0,1.0,1.0,0.0,0.0
5502,be69267980b9fb08a,True,,,,,,,,,,1.0,0.0,1.0,1.0,1.0,1.0,1.0,1.0,0.0,0.0
5503,1b7254e27f1faae48,True,,,,,,,,,,0.0,1.0,1.0,1.0,1.0,0.0,1.0,1.0,1.0,0.0
5504,aefb28d15c78ef21c,True,,,,,,,,,,0.0,1.0,1.0,1.0,1.0,0.0,1.0,0.0,0.0,0.0
5505,1bf7eb4037d08171a,True,,,,,,,,,,1.0,1.0,1.0,1.0,0.6255915255454743,1.0,1.0,0.0,0.0,0.6329973517329607
5506,f44e7838ec7d4f843,True,,,,,,,,,,0.0,1.0,1.0,1.0,1.0,0.0,0.0,1.0,0.0,0.0
5507,bb77c49defa6c4631,True,,,,,,,,,,1.0,1.0,1.0,1.0,0.5954474349337863,1.0,0.0,1.0,0.0,0.6235773234168083
5508,cd55f0d35ddb36337,True,,,,,,,,,,1.0,1.0,1.0,1.0,0.6849800166579595,1.0,0.0,1.0,0.0,0.6515562552056123
5509,53c6f9cae0f7a4cd1,True,,,,,,,,,,0.0,0.0,0.0,1.0,1.0,0.0,0.0,1.0,0.0,0.0
5510,2e14fecb99657b5f6,True,,,,,,,,,,1.0,1.0,1.0,1.0,0.7789538700418277,1.0,1.0,1.0,1.0,0.9309230843880711
5511,16a87b4b1ab4b9fa6,True,,,,,,,,,,1.0,1.0,1.0,0.0,1.0,1.0,0.0,1.0,0.0,0.0
5512,d932bcf26367122a9,True,,,,,,,,,,1.0,1.0,1.0,1.0,1.0,1.0,0.0,1.0,1.0,0.875
5513,55803d7542740813d,True,,,,,,,,,,1.0,0.0,0.0,1.0,1.0,1.0,1.0,1.0,1.0,0.0
5514,f4f52070af5d450d0,True,,,,,,,,,,1.0,0.0,0.5,1.0,1.0,1.0,1.0,0.0,0.0,0.0
5515,0e0c4a0cc9feb9612,True,,,,,,,,,,1.0,1.0,1.0,1.0,0.7154755255191145,1.0,0.0,1.0,1.0,0.7860861017247233
5516,991eb7f9b9b5d6f2f,True,,,,,,,,,,0.0,1.0,1.0,1.0,1.0,0.0,0.0,1.0,1.0,0.0
5517,2d4e4632841c3cf8e,True,,,,,,,,,,1.0,1.0,1.0,1.0,1.0,1.0,0.0,1.0,0.0,0.75
5518,bbd5b072e1b30acbb,True,,,,,,,,,,1.0,1.0,0.5,1.0,1.0,1.0,0.0,1.0,1.0,0.4375
5519,0ba1b091bdfec6628,True,,,,,,,,,,1.0,1.0,1.0,1.0,1.0,1.0,1.0,1.0,0.0,0.875
5520,f1abd83315867c099,True,,,,,,,,,,1.0,1.0,1.0,1.0,1.0,1.0,1.0,1.0,0.0,0.875
5521,30123728ead1b4804,True,,,,,,,,,,0.0,1.0,1.0,1.0,1.0,0.0,1.0,1.0,1.0,0.0
5522,b126b5cfaa1f25e61,True,,,,,,,,,,1.0,1.0,1.0,1.0,0.6062182695659988,1.0,1.0,1.0,1.0,0.8769432092393746
5523,f39b90bb6aa1bbac7,True,,,,,,,,,,0.0,1.0,1.0,1.0,1.0,0.0,0.0,1.0,1.0,0.0
5524,143c4941004472287,True,,,,,,,,,,1.0,0.0,1.0,1.0,1.0,1.0,0.0,1.0,0.0,0.0
5525,c69cdc989b0472928,True,,,,,,,,,,1.0,1.0,1.0,1.0,1.0,1.0,0.0,1.0,0.0,0.75
5526,5811614378e2be311,True,,,,,,,,,,1.0,0.0,1.0,1.0,1.0,1.0,0.0,1.0,1.0,0.0
5527,ac0e0083b3ca184aa,True,,,,,,,,,,0.0,1.0,1.0,1.0,1.0,0.0,1.0,0.0,0.0,0.0
5528,41c063fac49e3b5e2,True,,,,,,,,,,1.0,1.0,1.0,1.0,0.0,1.0,1.0,1.0,0.0,0.5625
5529,a6158322c9262bd39,True,,,,,,,,,,1.0,1.0,0.5,1.0,1.0,1.0,1.0,0.0,0.0,0.375
5530,dab22ead12dbdd7e4,True,,,,,,,,,,1.0,1.0,1.0,1.0,0.967706613469289,1.0,1.0,1.0,0.0,0.8649083167091528
5531,a3a4072d8e5ed009f,True,,,,,,,,,,1.0,1.0,1.0,1.0,0.6485745006730382,1.0,0.0,1.0,0.0,0.6401795314603245
5532,bef5978ef06f054f6,True,,,,,,,,,,1.0,1.0,1.0,1.0,0.7471058799091809,1.0,1.0,1.0,1.0,0.920970587471619
5533,7daae87faa1540ace,True,,,,,,,,,,1.0,1.0,1.0,1.0,0.7914543401293831,1.0,0.0,1.0,1.0,0.8098294812904322
5534,a0a8ed182426d3f05,True,,,,,,,,,,1.0,1.0,1.0,1.0,0.859820843179906,1.0,1.0,1.0,1.0,0.9561940134937206
5535,5a653e174a05d5da0,True,,,,,,,,,,1.0,0.0,1.0,1.0,0.7957702886653619,1.0,1.0,1.0,0.0,0.0
5536,9bd2024518849085f,True,,,,,,,,,,1.0,1.0,0.0,1.0,1.0,1.0,0.0,1.0,1.0,0.0
5537,e320a3747ddfe4a53,True,,,,,,,,,,1.0,0.0,0.5,1.0,1.0,1.0,0.0,1.0,1.0,0.0
5538,89c18ed69c931aa0a,True,,,,,,,,,,1.0,1.0,1.0,1.0,0.7682458985359905,1.0,0.0,1.0,0.0,0.677576843292497
5539,ecc3d1d6244314a20,True,,,,,,,,,,1.0,0.0,0.5,1.0,1.0,1.0,1.0,1.0,0.0,0.0
5540,726d488f280e59674,True,,,,,,,,,,1.0,0.0,0.0,1.0,0.7071170304899953,1.0,0.0,1.0,1.0,0.0
5541,6755c5223bb08c967,True,,,,,,,,,,1.0,1.0,1.0,1.0,0.6301314447289084,1.0,1.0,1.0,1.0,0.8844160764777839
5542,73db1be2e0c010ac5,True,,,,,,,,,,1.0,1.0,1.0,1.0,1.0,1.0,1.0,1.0,1.0,1.0
5543,757e84df9c3c5f093,True,,,,,,,,,,1.0,0.0,0.5,1.0,1.0,1.0,0.0,1.0,0.0,0.0
5544,9002fdd0eaf7d6a7a,True,,,,,,,,,,1.0,1.0,1.0,0.0,1.0,1.0,1.0,1.0,1.0,0.0
5545,e1c118cf727cb2222,True,,,,,,,,,,1.0,1.0,1.0,1.0,0.8318056108027176,1.0,1.0,1.0,1.0,0.9474392533758493
5546,2806ce33b59f03ee9,True,,,,,,,,,,1.0,1.0,1.0,1.0,0.9011622149857191,1.0,0.0,1.0,0.0,0.7191131921830372
5547,518126dc1af446798,True,,,,,,,,,,1.0,1.0,1.0,1.0,0.6348667981830006,1.0,0.0,1.0,1.0,0.7608958744321876
5548,0eea2180fbf7c0949,True,,,,,,,,,,0.0,1.0,1.0,1.0,1.0,0.0,0.0,1.0,0.0,0.0
5549,76ce40d34831b1542,True,,,,,,,,,,1.0,0.0,1.0,1.0,1.0,1.0,0.0,1.0,0.0,0.0
5550,c3d1977a554fb24b2,True,,,,,,,,,,1.0,1.0,1.0,1.0,0.9045370475486995,1.0,0.0,1.0,1.0,0.8451678273589686
5551,15b50c1e18979a018,True,,,,,,,,,,1.0,0.0,1.0,1.0,0.6689274330630399,1.0,1.0,1.0,0.0,0.0
5552,21cc3fe26ab5be9ef,True,,,,,,,,,,1.0,1.0,1.0,1.0,0.7800473820860527,1.0,1.0,1.0,0.0,0.8062648069018915
5553,7b6a6c9c50efdcf85,True,,,,,,,,,,1.0,1.0,1.0,1.0,0.7703810288276233,1.0,0.0,1.0,0.0,0.6782440715086323
5554,51f2dcebd843e5ea9,True,,,,,,,,,,1.0,1.0,1.0,1.0,0.7947423606766467,1.0,0.0,1.0,1.0,0.8108569877114521
5555,82bb73b09ea17fb1a,True,,,,,,,,,,1.0,1.0,1.0,1.0,0.5795584107430857,1.0,1.0,1.0,1.0,0.8686120033572142
5556,41772b779157e530a,True,,,,,,,,,,1.0,1.0,1.0,1.0,0.6154339015179048,1.0,0.0,1.0,1.0,0.7548230942243452
5557,f7ae88aefcd8f251e,True,,,,,,,,,,1.0,1.0,0.0,1.0,1.0,1.0,0.0,1.0,0.0,0.0
5558,af6a8ab4980429b3d,True,,,,,,,,,,1.0,1.0,0.5,1.0,0.9542841664965704,1.0,0.0,1.0,1.0,0.43035690101508917
5559,25dc2853331e64985,True,,,,,,,,,,1.0,1.0,0.5,1.0,0.9048144062463458,1.0,0.0,1.0,1.0,0.4226272509759915
5560,e620593c6271f1028,True,,,,,,,,,,0.0,0.0,1.0,1.0,0.8008263199026606,0.0,1.0,1.0,1.0,0.0
5561,5c1c76ff6dae6f388,True,,,,,,,,,,1.0,1.0,1.0,1.0,1.0,1.0,0.0,1.0,1.0,0.875
5562,a387296016f95192a,True,,,,,,,,,,1.0,1.0,1.0,0.0,1.0,1.0,1.0,1.0,0.0,0.0
5563,403fbd9b66d2c8d5f,True,,,,,,,,,,1.0,0.0,0.0,1.0,1.0,1.0,0.0,1.0,1.0,0.0
5564,2a32769c4b35a8c07,True,,,,,,,,,,1.0,0.0,1.0,1.0,0.8795276403396725,1.0,1.0,1.0,1.0,0.0
5565,f7d4775bfad9dcab8,True,,,,,,,,,,1.0,1.0,1.0,1.0,1.0,1.0,0.0,1.0,1.0,0.875
5566,2d98dd5a526780315,True,,,,,,,,,,1.0,1.0,0.0,1.0,1.0,1.0,1.0,1.0,0.0,0.0
5567,2f12a482af4499e20,True,,,,,,,,,,1.0,1.0,1.0,1.0,0.8537022084703483,1.0,1.0,1.0,0.0,0.8292819401469839
5568,1b4910e763891cfbd,True,,,,,,,,,,1.0,0.0,0.5,1.0,1.0,1.0,0.0,1.0,0.0,0.0
5569,e98e051c6f03d55bd,True,,,,,,,,,,0.0,1.0,1.0,1.0,1.0,0.0,1.0,1.0,0.0,0.0
5570,974e05c39e876c78a,True,,,,,,,,,,1.0,1.0,1.0,1.0,0.6327379041486743,1.0,0.0,1.0,0.0,0.6352305950464607
5571,19c10d5d061305dbd,True,,,,,,,,,,1.0,1.0,0.0,1.0,0.659935335664157,1.0,0.0,1.0,1.0,0.0
5572,7d7a22329b9cef777,True,,,,,,,,,,1.0,1.0,1.0,1.0,0.6710130282063855,1.0,0.0,1.0,1.0,0.7721915713144955
5573,335b43f5320efd73d,True,,,,,,,,,,0.5,0.0,0.5,1.0,1.0,0.0,1.0,1.0,1.0,0.0
5574,1cdaa96068632401f,True,,,,,,,,,,1.0,1.0,1.0,1.0,0.5251998600525436,1.0,1.0,1.0,0.0,0.7266249562664199
5575,0323a93ef0ac2cb18,True,,,,,,,,,,0.0,1.0,0.0,1.0,1.0,0.0,0.0,1.0,0.0,0.0
5576,d57d9c1eba8896d77,True,,,,,,,,,,1.0,0.0,1.0,1.0,0.8547120951869822,1.0,0.0,1.0,0.0,0.0
5577,7a9cbf03b55e84c29,True,,,,,,,,,,1.0,1.0,1.0,1.0,0.3319940974236852,1.0,1.0,1.0,1.0,0.7912481554449016
5578,c91d6633fc0516a81,True,,,,,,,,,,1.0,1.0,1.0,1.0,1.0,1.0,1.0,1.0,0.0,0.875
5579,c73e5118fba3f9c3f,True,,,,,,,,,,1.0,1.0,1.0,1.0,0.652893886125406,1.0,0.0,1.0,1.0,0.7665293394141894
5580,cc640d20710f182c6,True,,,,,,,,,,0.0,1.0,1.0,1.0,1.0,0.0,0.0,0.0,0.0,0.0
5581,37e2413062044f037,True,,,,,,,,,,1.0,1.0,1.0,1.0,0.670859827672086,1.0,0.0,1.0,1.0,0.7721436961475269
5582,9eaf4038cc95831dd,True,,,,,,,,,,1.0,1.0,1.0,1.0,0.9938784924361753,1.0,1.0,1.0,1.0,0.9980870288863049
5583,60b000943deffcfb1,True,,,,,,,,,,1.0,0.0,1.0,1.0,0.9113890884418172,1.0,1.0,1.0,0.0,0.0
5584,e2f2c32fd3d5f5d35,True,,,,,,,,,,0.0,1.0,0.0,1.0,1.0,0.0,0.0,1.0,0.0,0.0
5585,5e7944c54a12aa9bd,True,,,,,,,,,,1.0,1.0,0.5,1.0,0.7371390048048261,1.0,0.0,1.0,1.0,0.3964279695007541
5586,18ab088dbc07aa471,True,,,,,,,,,,0.5,0.0,1.0,1.0,0.7515736846823297,0.0,1.0,1.0,0.0,0.0
5587,b3c45b51a36a0ed65,True,,,,,,,,,,1.0,0.0,1.0,1.0,0.6831663886266879,1.0,1.0,1.0,1.0,0.0
5588,7dd030c5962831b4d,True,,,,,,,,,,1.0,1.0,0.0,1.0,0.818032771535737,1.0,1.0,1.0,1.0,0.0
5589,5f2d4a6779083a87d,True,,,,,,,,,,1.0,1.0,1.0,1.0,0.6609418321491308,1.0,1.0,1.0,1.0,0.8940443225466034
5590,d37b7028969d97560,True,,,,,,,,,,1.0,0.0,0.5,1.0,0.7440350008813531,1.0,1.0,1.0,0.0,0.0
5591,7ac64209033f8834f,True,,,,,,,,,,1.0,1.0,0.5,1.0,0.8271738628620348,1.0,0.0,1.0,1.0,0.41049591607219293
5592,0128e6a2b97ff89b5,True,,,,,,,,,,0.0,1.0,1.0,1.0,1.0,0.0,0.0,1.0,1.0,0.0
5593,1e6bc8862dcc8e9e0,True,,,,,,,,,,1.0,0.0,1.0,1.0,0.746868475147592,1.0,0.0,1.0,1.0,0.0
5594,a97b99ff7fc06eb65,True,,,,,,,,,,1.0,1.0,1.0,1.0,0.7009111961700201,1.0,1.0,1.0,1.0,0.9065347488031312
5595,3b556146eac4e59da,True,,,,,,,,,,1.0,1.0,1.0,1.0,0.8924323809005175,1.0,0.0,1.0,1.0,0.8413851190314117
5596,49f60cc575589f36c,True,,,,,,,,,,1.0,1.0,1.0,1.0,0.9703724784653657,1.0,0.0,1.0,1.0,0.8657413995204268
5597,1e114b2c7da13a9b8,True,,,,,,,,,,1.0,1.0,1.0,1.0,0.18888706113456522,1.0,1.0,1.0,1.0,0.7465272066045516
5598,9a21c94093757379d,True,,,,,,,,,,1.0,1.0,1.0,1.0,0.7398946927498304,1.0,0.0,1.0,1.0,0.793717091484322
5599,62631b017ceec5a18,True,,,,,,,,,,1.0,1.0,1.0,1.0,0.8108600014588419,1.0,0.0,1.0,0.0,0.6908937504558881
5600,553919abb3a801b7e,True,,,,,,,,,,1.0,0.0,0.5,1.0,1.0,1.0,1.0,1.0,1.0,0.0
5601,934dcf983849279e2,True,,,,,,,,,,1.0,0.0,1.0,1.0,0.7569987056880598,1.0,1.0,1.0,0.0,0.0
5602,c6e091204feb3069c,True,,,,,,,,,,1.0,1.0,1.0,1.0,0.590429088179864,1.0,1.0,1.0,1.0,0.8720090900562074
5603,aaf11968df9ad811b,True,,,,,,,,,,1.0,1.0,0.0,1.0,1.0,1.0,0.0,1.0,1.0,0.0
5604,7c028a0e38d689322,True,,,,,,,,,,1.0,0.0,1.0,1.0,1.0,1.0,0.0,1.0,1.0,0.0
5605,900aad7dc85139b3e,True,,,,,,,,,,1.0,1.0,1.0,1.0,0.6756134249326721,1.0,0.0,1.0,0.0,0.64862919529146
5606,dc0620e71b9184974,True,,,,,,,,,,1.0,0.0,1.0,1.0,0.8074872097991765,1.0,1.0,1.0,0.0,0.0
5607,f9b79d00824722fc5,True,,,,,,,,,,1.0,1.0,1.0,1.0,0.8096810288131149,1.0,0.0,1.0,1.0,0.8155253215040984
5608,d18ebc94f4f3cb405,True,,,,,,,,,,1.0,1.0,1.0,1.0,1.0,1.0,0.0,1.0,1.0,0.875
5609,ae177687d99242cad,True,,,,,,,,,,1.0,1.0,1.0,1.0,0.7461567831358373,1.0,0.0,1.0,1.0,0.7956739947299492
5610,d3fd9caab2859cfd1,True,,,,,,,,,,1.0,1.0,0.0,1.0,1.0,1.0,0.0,1.0,1.0,0.0
5611,c9ac843f74b17080f,True,,,,,,,,,,1.0,1.0,1.0,1.0,1.0,1.0,0.0,1.0,0.0,0.75
5612,bfb52f68dcd77ef80,True,,,,,,,,,,1.0,1.0,0.0,1.0,1.0,1.0,0.0,1.0,1.0,0.0
5613,5b7915b6c4d354972,True,,,,,,,,,,1.0,1.0,1.0,1.0,1.0,1.0,1.0,1.0,1.0,1.0
5614,7c999853833c34336,True,,,,,,,,,,1.0,1.0,1.0,1.0,0.6704465589191724,1.0,0.0,1.0,1.0,0.7720145496622414
5615,891f0c38752897ee9,True,,,,,,,,,,1.0,1.0,0.0,1.0,1.0,1.0,0.0,1.0,1.0,0.0
5616,e848a6d0aa53e2ec3,True,,,,,,,,,,1.0,1.0,1.0,1.0,0.7289390862043184,1.0,1.0,1.0,0.0,0.7902934644388495
5617,6f4a5b483a72cf990,True,,,,,,,,,,0.0,1.0,1.0,1.0,1.0,0.0,1.0,1.0,1.0,0.0
5618,17c86323e16dd5691,True,,,,,,,,,,0.0,1.0,1.0,1.0,1.0,0.0,0.0,1.0,1.0,0.0
5619,ed0f40ad04605d018,True,,,,,,,,,,0.0,1.0,0.0,1.0,1.0,0.0,0.0,1.0,1.0,0.0
5620,0c5705a24a60a8fd4,True,,,,,,,,,,1.0,1.0,1.0,1.0,0.8001402349925776,1.0,0.0,1.0,1.0,0.8125438234351805
5621,2aa8f5678f71648b6,True,,,,,,,,,,1.0,1.0,1.0,1.0,0.6162072911303735,1.0,0.0,1.0,1.0,0.7550647784782417
5622,5dc798ecdc1897481,True,,,,,,,,,,1.0,1.0,0.0,1.0,0.8001503649587731,1.0,0.0,1.0,1.0,0.0
5623,8868a14471179c2a7,True,,,,,,,,,,0.0,1.0,0.0,1.0,1.0,0.0,0.0,1.0,1.0,0.0
5624,36973343935f49ac7,True,,,,,,,,,,1.0,0.0,1.0,1.0,0.9539676018652818,1.0,1.0,1.0,1.0,0.0
5625,580ccf6399ed92f1c,True,,,,,,,,,,1.0,1.0,1.0,1.0,1.0,1.0,0.0,1.0,1.0,0.875
5626,52d06afe759842b4a,True,,,,,,,,,,1.0,0.0,0.5,1.0,1.0,1.0,0.0,1.0,0.0,0.0
5627,2a2396b5db7435a5e,True,,,,,,,,,,1.0,1.0,0.0,1.0,0.9924893201030466,1.0,0.0,1.0,0.0,0.0
5628,c37d82f1251543152,True,,,,,,,,,,1.0,1.0,1.0,1.0,0.7903661021180199,1.0,0.0,1.0,0.0,0.6844894069118812
5629,281e89e3d9a31b9b6,True,,,,,,,,,,1.0,0.0,1.0,1.0,0.859423636945712,1.0,1.0,1.0,1.0,0.0
5630,4429b647133616c7e,True,,,,,,,,,,1.0,1.0,1.0,1.0,0.4731320785104476,1.0,1.0,1.0,0.0,0.7103537745345149
5631,3a3ec856e77a7616a,True,,,,,,,,,,1.0,1.0,1.0,1.0,0.8911539325222898,1.0,1.0,1.0,1.0,0.9659856039132155
5632,4eb8b4fdc3085e121,True,,,,,,,,,,0.0,0.0,1.0,1.0,1.0,1.0,1.0,1.0,1.0,0.0
5633,56ce783224ed8bbc4,True,,,,,,,,,,1.0,1.0,1.0,1.0,1.0,1.0,0.0,1.0,0.0,0.75
5634,edb62f47f8009856e,True,,,,,,,,,,1.0,1.0,1.0,1.0,0.7782637610763585,1.0,1.0,1.0,1.0,0.9307074253363621
5635,486265f291210faed,True,,,,,,,,,,1.0,0.0,1.0,1.0,1.0,1.0,1.0,1.0,1.0,0.0
5636,43dd11b817c6bdaa8,True,,,,,,,,,,1.0,1.0,1.0,1.0,1.0,1.0,0.0,1.0,1.0,0.875
5637,347e462886f69f614,True,,,,,,,,,,1.0,1.0,0.5,1.0,0.7057297601132698,1.0,0.0,1.0,1.0,0.3915202750176984
5638,bf2fac0bbe0cb019b,True,,,,,,,,,,1.0,1.0,1.0,1.0,0.7066758238002653,1.0,1.0,1.0,0.0,0.7833361949375829
5639,5421fa2f2e2b4cb13,True,,,,,,,,,,1.0,1.0,1.0,1.0,1.0,1.0,0.0,1.0,1.0,0.875
5640,4aabb029fe206ec39,True,,,,,,,,,,0.0,1.0,1.0,1.0,1.0,0.0,0.0,1.0,0.0,0.0
5641,b5897b8cc4c644be1,True,,,,,,,,,,1.0,1.0,1.0,1.0,0.5124882557328846,1.0,1.0,1.0,0.0,0.7226525799165264
5642,d3e9c090e809349ce,True,,,,,,,,,,0.0,1.0,1.0,1.0,1.0,0.0,0.0,1.0,1.0,0.0
5643,8975720088d1d70ea,True,,,,,,,,,,1.0,0.0,0.0,1.0,0.47096450379374083,1.0,0.0,1.0,0.0,0.0
5644,8f18562d38dacb97d,True,,,,,,,,,,0.0,1.0,1.0,1.0,1.0,0.0,0.0,1.0,0.0,0.0
5645,8df3615e729babee2,True,,,,,,,,,,1.0,1.0,1.0,1.0,0.9398697344073421,1.0,1.0,1.0,0.0,0.8562092920022943
5646,146060978cf746557,True,,,,,,,,,,1.0,1.0,1.0,1.0,0.7148405967376278,1.0,1.0,1.0,0.0,0.7858876864805087
5647,1f200aef5aa80a98d,True,,,,,,,,,,1.0,1.0,1.0,1.0,1.0,0.0,1.0,1.0,1.0,0.6875
5648,3fee465a29d222bb0,True,,,,,,,,,,1.0,0.0,1.0,1.0,0.9429223636672359,1.0,1.0,1.0,1.0,0.0
5649,188fef8a871d3bb74,True,,,,,,,,,,0.0,1.0,0.0,1.0,1.0,0.0,0.0,1.0,0.0,0.0
5650,0d61761d225f31579,True,,,,,,,,,,1.0,1.0,1.0,1.0,1.0,1.0,0.0,1.0,0.0,0.75
5651,5de1e274bd9229940,True,,,,,,,,,,1.0,0.0,1.0,1.0,1.0,1.0,1.0,1.0,0.0,0.0
5652,fef836e429bc5768f,True,,,,,,,,,,1.0,1.0,1.0,1.0,0.732630941032723,1.0,0.0,1.0,1.0,0.7914471690727259
5653,29034e89288b15cef,True,,,,,,,,,,0.0,1.0,1.0,1.0,1.0,0.0,1.0,1.0,0.0,0.0
5654,fe021b72b8b0cf19e,True,,,,,,,,,,1.0,1.0,0.5,1.0,1.0,1.0,1.0,1.0,1.0,0.5
5655,fc8bd325b3da03b85,True,,,,,,,,,,1.0,0.0,0.0,1.0,0.8969386213863986,1.0,1.0,1.0,1.0,0.0
5656,9818610284ab89cea,True,,,,,,,,,,1.0,1.0,1.0,1.0,1.0,1.0,0.0,1.0,0.0,0.75
5657,1ac3e56e5a46a2f3a,True,,,,,,,,,,1.0,1.0,1.0,1.0,1.0,1.0,1.0,1.0,0.0,0.875
5658,3fb88c089daff90ac,True,,,,,,,,,,1.0,1.0,1.0,1.0,0.8545677044607315,1.0,1.0,1.0,1.0,0.9545524076439786
5659,3accc2d050327016d,True,,,,,,,,,,0.0,1.0,1.0,1.0,1.0,0.0,1.0,1.0,1.0,0.0
5660,517aaa2753027db17,True,,,,,,,,,,1.0,0.0,1.0,1.0,0.5703043673235964,1.0,0.0,1.0,1.0,0.0
5661,2940f44b99e0dfbcb,True,,,,,,,,,,0.0,1.0,1.0,1.0,1.0,0.0,0.0,1.0,1.0,0.0
5662,52273aa3c8bd19695,True,,,,,,,,,,1.0,1.0,1.0,1.0,1.0,0.0,1.0,1.0,0.0,0.5625
5663,b7670ba8822752554,True,,,,,,,,,,0.0,1.0,1.0,1.0,1.0,0.0,1.0,1.0,0.0,0.0
5664,8cf82bdb10f083506,True,,,,,,,,,,1.0,1.0,1.0,1.0,0.8841035215229875,1.0,1.0,1.0,1.0,0.9637823504759336
5665,37e08a9d04d846913,True,,,,,,,,,,1.0,0.0,1.0,1.0,1.0,1.0,0.0,1.0,1.0,0.0
5666,a69f76adb6218f06b,True,,,,,,,,,,1.0,1.0,1.0,1.0,0.7713380954517486,1.0,1.0,1.0,0.0,0.8035431548286714
5667,2df66cb5d7a252afe,True,,,,,,,,,,0.0,1.0,1.0,1.0,1.0,0.0,1.0,1.0,0.0,0.0
5668,43e9554b328e8aa7f,True,,,,,,,,,,1.0,1.0,1.0,1.0,0.7944433066699943,1.0,0.0,1.0,1.0,0.8107635333343732
5669,bb1231abd88057215,True,,,,,,,,,,1.0,1.0,1.0,1.0,0.6002939014801605,1.0,0.0,1.0,1.0,0.7500918442125502
5670,9cb5545908502a26c,True,,,,,,,,,,1.0,1.0,1.0,1.0,0.6971882037202636,1.0,1.0,1.0,1.0,0.9053713136625824
5671,a299bacf7699bbf82,True,,,,,,,,,,1.0,1.0,1.0,1.0,0.878182123731166,1.0,1.0,1.0,0.0,0.8369319136659894
5672,e85778ab78f702e4b,True,,,,,,,,,,0.0,1.0,1.0,1.0,1.0,0.0,1.0,1.0,0.0,0.0
5673,591164dffebc72c33,True,,,,,,,,,,1.0,1.0,1.0,1.0,1.0,1.0,1.0,1.0,0.0,0.875
5674,2fb3e2d50e23c577b,True,,,,,,,,,,1.0,1.0,1.0,1.0,1.0,1.0,0.0,1.0,0.0,0.75
5675,e3a9da177d10be28d,True,,,,,,,,,,1.0,0.0,1.0,1.0,1.0,1.0,0.0,1.0,0.0,0.0
5676,565b302cf79ef624e,True,,,,,,,,,,1.0,1.0,1.0,1.0,0.8219744481736435,1.0,0.0,1.0,1.0,0.8193670150542636
5677,5b77cb58dfa1f5823,True,,,,,,,,,,1.0,1.0,0.0,1.0,1.0,1.0,0.0,1.0,1.0,0.0
5678,80de7b5aab26bbca8,True,,,,,,,,,,0.0,1.0,1.0,1.0,1.0,0.0,1.0,1.0,1.0,0.0
5679,8ccebe9711753a11b,True,,,,,,,,,,1.0,1.0,1.0,1.0,0.3526523905419005,1.0,1.0,1.0,1.0,0.7977038720443439
5680,903801b8d2a6d7f58,True,,,,,,,,,,1.0,0.0,1.0,1.0,1.0,1.0,0.0,1.0,1.0,0.0
5681,f86cff80de8851a4b,True,,,,,,,,,,1.0,1.0,0.5,1.0,0.9039711042247394,1.0,1.0,1.0,1.0,0.4849954850351155
5682,5216f5e0df50fa3bf,True,,,,,,,,,,1.0,1.0,0.0,1.0,1.0,1.0,0.0,1.0,1.0,0.0
5683,6023b53fce21949e9,True,,,,,,,,,,1.0,1.0,1.0,1.0,1.0,1.0,0.0,1.0,1.0,0.875
5684,1d56f1ceb0d56960c,True,,,,,,,,,,1.0,0.0,0.5,1.0,1.0,1.0,1.0,1.0,0.0,0.0
5685,e44f39d800c679960,True,,,,,,,,,,1.0,1.0,1.0,1.0,0.7814126169258574,1.0,1.0,1.0,1.0,0.9316914427893305
5686,778f661244251a842,True,,,,,,,,,,0.0,1.0,1.0,1.0,1.0,0.0,1.0,1.0,1.0,0.0
5687,9aae6ea45a3c7efaf,True,,,,,,,,,,1.0,1.0,1.0,1.0,0.6439379690188061,1.0,1.0,1.0,1.0,0.8887306153183769
5688,c30bd4dc602d95119,True,,,,,,,,,,1.0,1.0,1.0,1.0,0.7569423596516562,1.0,0.0,1.0,0.0,0.6740444873911426
5689,692440daecd03cbe0,True,,,,,,,,,,1.0,1.0,0.5,1.0,1.0,1.0,0.0,1.0,1.0,0.4375
5690,1dbcea959d196209c,True,,,,,,,,,,1.0,1.0,1.0,1.0,1.0,1.0,0.0,1.0,1.0,0.875
5691,44276d9ca75d0250b,True,,,,,,,,,,0.0,1.0,1.0,1.0,1.0,0.0,1.0,1.0,1.0,0.0
5692,4ac35e2587f31ee76,True,,,,,,,,,,1.0,1.0,1.0,1.0,0.7514049509469816,1.0,0.0,1.0,1.0,0.7973140471709317
5693,2f70249e5e3153c88,True,,,,,,,,,,1.0,1.0,1.0,1.0,0.741460445912285,0.0,0.0,1.0,1.0,0.481706389347589
5694,f5e271bc6f92b1f61,True,,,,,,,,,,1.0,1.0,1.0,1.0,1.0,1.0,0.0,1.0,1.0,0.875
5695,e33c0044eab71bc97,True,,,,,,,,,,1.0,0.0,1.0,1.0,1.0,1.0,1.0,1.0,1.0,0.0
5696,9d70974d55a05357d,True,,,,,,,,,,1.0,1.0,1.0,1.0,0.7405474466727496,1.0,1.0,0.0,1.0,0.7939210770852343
5697,4c0a48ba08d3935ff,True,,,,,,,,,,0.0,0.0,1.0,1.0,1.0,0.0,1.0,1.0,0.0,0.0
5698,ba1d4ee6517641b7b,True,,,,,,,,,,1.0,1.0,1.0,1.0,1.0,1.0,0.0,1.0,1.0,0.875
5699,1a67fcc3becbce6bf,True,,,,,,,,,,1.0,1.0,1.0,1.0,0.953602708587799,1.0,0.0,1.0,1.0,0.8605008464336872
5700,fcc569fe0c7aef6a1,True,,,,,,,,,,1.0,0.0,1.0,1.0,1.0,1.0,0.0,1.0,0.0,0.0
5701,0fc796582943bab81,True,,,,,,,,,,1.0,0.0,1.0,1.0,0.8484364716678857,1.0,1.0,1.0,1.0,0.0
5702,49dbbe879efac0da9,True,,,,,,,,,,1.0,1.0,0.0,1.0,1.0,1.0,0.0,1.0,1.0,0.0
5703,5f64cfcf81e889869,True,,,,,,,,,,1.0,1.0,1.0,1.0,0.764240434945256,0.0,0.0,1.0,1.0,0.48882513592039245
5704,5ffbd12109319857a,True,,,,,,,,,,1.0,1.0,1.0,1.0,0.6076760135999165,1.0,0.0,1.0,1.0,0.7523987542499739
5705,739639234c47bf547,True,,,,,,,,,,0.5,1.0,1.0,1.0,1.0,0.0,0.0,1.0,1.0,0.28125
5706,4a5ea5d6a2735531c,True,,,,,,,,,,1.0,0.0,0.0,1.0,0.9163948582165894,1.0,0.0,1.0,1.0,0.0
5707,8a5b80c748963e0a4,True,,,,,,,,,,1.0,1.0,1.0,1.0,0.6201060756683876,1.0,1.0,1.0,1.0,0.8812831486463711
5708,31cff30cd9b0dac82,True,,,,,,,,,,1.0,1.0,1.0,1.0,0.6560787714323332,1.0,0.0,1.0,1.0,0.7675246160726041
5709,4aa1d2e5835ad59ee,True,,,,,,,,,,1.0,1.0,1.0,1.0,0.78189897946172,1.0,1.0,1.0,0.0,0.8068434310817876
5710,155a384f7f1dbf66b,True,,,,,,,,,,1.0,1.0,1.0,1.0,0.7420163286858718,1.0,1.0,1.0,0.0,0.7943801027143349
5711,05ca5a62ce0754a30,True,,,,,,,,,,1.0,1.0,0.0,1.0,0.745303563057682,1.0,0.0,1.0,0.0,0.0
5712,c9a4a1c914e8a249d,True,,,,,,,,,,1.0,0.0,1.0,1.0,1.0,1.0,1.0,1.0,1.0,0.0
5713,2dbd58ac0d23460fd,True,,,,,,,,,,1.0,0.0,1.0,1.0,0.5266603469162601,1.0,1.0,1.0,1.0,0.0
5714,6a64e3a4f1172e34a,True,,,,,,,,,,1.0,0.0,1.0,1.0,1.0,1.0,0.0,1.0,0.0,0.0
5715,5843e4397b88575b2,True,,,,,,,,,,0.0,0.0,0.5,1.0,1.0,0.0,0.0,1.0,1.0,0.0
5716,c24ef0bd2ded98fef,True,,,,,,,,,,1.0,1.0,0.5,1.0,0.7539764627461998,1.0,0.0,1.0,1.0,0.39905882230409373
5717,318b2d84b07441bb0,True,,,,,,,,,,1.0,1.0,1.0,1.0,0.7770936719354877,1.0,0.0,1.0,0.0,0.68034177247984
5718,ff2edd12a568b7eac,True,,,,,,,,,,1.0,1.0,1.0,1.0,0.8639788921196837,1.0,0.0,1.0,1.0,0.8324934037874012
5719,5a7f1b88b2ab93c12,True,,,,,,,,,,1.0,0.0,0.5,1.0,1.0,1.0,0.0,1.0,0.0,0.0
5720,4e24a469af52b2b29,True,,,,,,,,,,1.0,0.0,1.0,1.0,0.3954395071278543,1.0,0.0,1.0,1.0,0.0
5721,9d4da1a5a93059ae2,True,,,,,,,,,,1.0,1.0,1.0,1.0,0.8749805490891781,1.0,1.0,1.0,1.0,0.9609314215903682
5722,3eee54f31bcaed95d,True,,,,,,,,,,1.0,0.0,1.0,1.0,0.7534749015398663,1.0,0.0,1.0,1.0,0.0
5723,3dd2a8f5a8701cb47,True,,,,,,,,,,1.0,1.0,1.0,1.0,1.0,1.0,0.0,1.0,1.0,0.875
5724,2615ffc998d3b5976,True,,,,,,,,,,1.0,1.0,1.0,1.0,0.7434275401115975,1.0,1.0,1.0,0.0,0.7948211062848742
5725,596506940b29ec5c0,True,,,,,,,,,,1.0,1.0,1.0,1.0,0.8284777797006191,1.0,1.0,1.0,1.0,0.9463993061564435
5726,2271e9cd227826682,True,,,,,,,,,,1.0,1.0,1.0,1.0,0.9554595195752607,1.0,1.0,1.0,0.0,0.8610810998672689
5727,69f1ebdf6731c7c70,True,,,,,,,,,,1.0,1.0,1.0,1.0,1.0,1.0,1.0,1.0,0.0,0.875
5728,02bafb0e20897c0c6,True,,,,,,,,,,1.0,1.0,0.0,1.0,0.9776175853299247,1.0,1.0,1.0,1.0,0.0
5729,14a4ca35ab5b9b46d,True,,,,,,,,,,1.0,0.0,0.5,1.0,0.5535226626201707,1.0,0.0,1.0,1.0,0.0
5730,2f7d514e5c41a23d7,True,,,,,,,,,,1.0,0.0,0.0,1.0,1.0,1.0,0.0,1.0,1.0,0.0
5731,15ab133cee3e14b85,True,,,,,,,,,,1.0,0.0,0.0,1.0,1.0,1.0,1.0,0.0,0.0,0.0
5732,fdf5d3fe80143a1aa,True,,,,,,,,,,1.0,1.0,1.0,1.0,1.0,1.0,1.0,1.0,0.0,0.875
5733,3a84eaeca44c1b7ad,True,,,,,,,,,,1.0,1.0,0.0,1.0,0.8678561398743662,1.0,0.0,1.0,1.0,0.0
5734,93bb489a18cbb6868,True,,,,,,,,,,1.0,0.0,1.0,1.0,1.0,1.0,1.0,1.0,1.0,0.0
5735,08616e3e14acc949b,True,,,,,,,,,,1.0,1.0,1.0,1.0,1.0,1.0,0.0,1.0,1.0,0.875
5736,9d5110bb7daed22bf,True,,,,,,,,,,1.0,1.0,1.0,1.0,0.39944882111061714,1.0,0.0,1.0,1.0,0.6873277565970679
5737,19cc6e3c4179dce92,True,,,,,,,,,,1.0,1.0,1.0,1.0,1.0,1.0,0.0,1.0,1.0,0.875
5738,47269d59365ccc36c,True,,,,,,,,,,1.0,1.0,1.0,1.0,0.8560472298104967,1.0,1.0,1.0,1.0,0.9550147593157803
5739,e69df86c33d5e5522,True,,,,,,,,,,1.0,0.0,1.0,1.0,0.683448017331449,1.0,0.0,1.0,1.0,0.0
5740,095200d2374c09356,True,,,,,,,,,,1.0,1.0,0.5,1.0,1.0,1.0,0.0,1.0,0.0,0.375
5741,c19d3aa3c7a6557a9,True,,,,,,,,,,1.0,1.0,1.0,1.0,0.5665804426529614,1.0,1.0,1.0,1.0,0.8645563883290505
5742,802f2dcbc798db1bd,True,,,,,,,,,,1.0,0.0,0.5,1.0,1.0,1.0,0.0,1.0,0.0,0.0
5743,ee893ffe397bbd4fb,True,,,,,,,,,,0.5,0.0,1.0,1.0,1.0,0.0,1.0,1.0,0.0,0.0
5744,45f0a34210cea5243,True,,,,,,,,,,1.0,1.0,1.0,1.0,0.8454704444643342,1.0,1.0,1.0,0.0,0.8267095138951044
5745,ff355597ff0f68f3c,True,,,,,,,,,,1.0,1.0,1.0,1.0,1.0,1.0,0.0,1.0,0.0,0.75
5746,5fd00e9375f6b46f9,True,,,,,,,,,,1.0,1.0,0.5,1.0,0.6991013216811213,1.0,0.0,1.0,1.0,0.3904845815126752
5747,7d026bbe1e37cd6bf,True,,,,,,,,,,1.0,1.0,1.0,1.0,0.6195652011055746,1.0,1.0,1.0,1.0,0.881114125345492
5748,e5b4f8a0ccdaf4e6e,True,,,,,,,,,,1.0,1.0,1.0,1.0,1.0,1.0,1.0,1.0,0.0,0.875
5749,98fc31c7de325cbf0,True,,,,,,,,,,0.0,1.0,1.0,1.0,1.0,0.0,1.0,1.0,0.0,0.0
5750,eadba795c4950544f,True,,,,,,,,,,1.0,0.0,1.0,1.0,0.8896687973536456,1.0,1.0,1.0,1.0,0.0
5751,19c21fee65a87c2d8,True,,,,,,,,,,1.0,0.0,1.0,1.0,0.5537392128960328,1.0,0.0,1.0,1.0,0.0
5752,8e24bdf2be5da6777,True,,,,,,,,,,1.0,1.0,1.0,1.0,0.8081901767288505,1.0,0.0,1.0,0.0,0.6900594302277658
5753,71c904391b4dd4412,True,,,,,,,,,,1.0,1.0,1.0,1.0,0.6996756707750889,1.0,1.0,1.0,0.0,0.7811486471172153
5754,3110b909a8ee018b8,True,,,,,,,,,,1.0,1.0,1.0,1.0,1.0,1.0,0.0,1.0,1.0,0.875
5755,23b5ec16bb6ad0b92,True,,,,,,,,,,1.0,0.0,1.0,1.0,1.0,1.0,1.0,1.0,0.0,0.0
5756,519a6a71d9b2fda8a,True,,,,,,,,,,0.0,1.0,1.0,1.0,1.0,0.0,0.0,1.0,1.0,0.0
5757,0e14703cf05b5dfd9,True,,,,,,,,,,1.0,1.0,1.0,1.0,0.8171575801053883,1.0,1.0,1.0,1.0,0.9428617437829339
5758,3e0f957bf14b2d2d9,True,,,,,,,,,,1.0,1.0,1.0,1.0,1.0,1.0,0.0,1.0,0.0,0.75
5759,01ac04b9f18ecdbc6,True,,,,,,,,,,1.0,0.0,0.5,1.0,1.0,1.0,0.0,1.0,0.0,0.0
5760,9142b4f8d76f38072,True,,,,,,,,,,1.0,0.0,1.0,1.0,0.6554724905876134,1.0,1.0,1.0,0.0,0.0
5761,99fefc4b387e5553a,True,,,,,,,,,,1.0,0.0,0.5,1.0,1.0,1.0,1.0,1.0,0.0,0.0
5762,10b844b8db1d56b80,True,,,,,,,,,,1.0,1.0,1.0,1.0,0.8030663667478963,1.0,0.0,1.0,1.0,0.8134582396087175
5763,1101b454c3a1637f1,True,,,,,,,,,,1.0,1.0,1.0,1.0,0.7709663024617396,1.0,0.0,1.0,1.0,0.8034269695192936
5764,cd1312c660b0759a0,True,,,,,,,,,,1.0,1.0,1.0,1.0,0.7206580696675634,1.0,0.0,1.0,1.0,0.7877056467711135
5765,394d8ba443460b0bf,True,,,,,,,,,,1.0,1.0,1.0,1.0,0.5083675309955156,1.0,1.0,1.0,0.0,0.7213648534360986
5766,764328b4ef560f8d6,True,,,,,,,,,,0.0,1.0,1.0,1.0,1.0,0.0,1.0,1.0,1.0,0.0
5767,6232a0b37017c2c9f,True,,,,,,,,,,1.0,1.0,1.0,1.0,0.8603494702158615,1.0,1.0,1.0,0.0,0.8313592094424567
5768,bd4cbb0e07c59ee69,True,,,,,,,,,,1.0,1.0,1.0,1.0,0.8173041361267382,1.0,0.0,1.0,0.0,0.6929075425396056
5769,2cd8757231917e0ba,True,,,,,,,,,,1.0,1.0,1.0,1.0,1.0,1.0,1.0,1.0,0.0,0.875
5770,f4012a586df6289ed,True,,,,,,,,,,0.0,0.0,1.0,1.0,1.0,0.0,0.0,1.0,1.0,0.0
5771,3ed84fc02c7624898,True,,,,,,,,,,1.0,1.0,1.0,1.0,0.6289752003555473,1.0,1.0,1.0,1.0,0.8840547501111086
5772,d89331799987b6909,True,,,,,,,,,,0.0,1.0,1.0,1.0,1.0,0.0,1.0,0.0,0.0,0.0
5773,4d2744d7e3bd555b5,True,,,,,,,,,,1.0,1.0,1.0,1.0,0.8536712474818092,1.0,1.0,1.0,1.0,0.9542722648380654
5774,e2a4ea3d760b37276,True,,,,,,,,,,1.0,1.0,1.0,1.0,0.5470057790874334,1.0,1.0,1.0,0.0,0.733439305964823
5775,5dc4590f82971002e,True,,,,,,,,,,1.0,1.0,1.0,1.0,0.8504667156289318,1.0,0.0,1.0,1.0,0.8282708486340412
5776,5c51092bca4c55b7d,True,,,,,,,,,,1.0,1.0,1.0,1.0,0.5814572683778964,1.0,1.0,1.0,1.0,0.8692053963680926
5777,566746c1b29ff6a10,True,,,,,,,,,,1.0,1.0,1.0,1.0,0.9814100601696132,1.0,1.0,1.0,0.0,0.8691906438030041
5778,2ec229f35727f71c8,True,,,,,,,,,,1.0,1.0,1.0,1.0,0.8114807082307093,0.0,0.0,1.0,0.0,0.37858772132209667
5779,dd01f78238cd88b26,True,,,,,,,,,,1.0,1.0,1.0,1.0,1.0,1.0,1.0,1.0,1.0,1.0
5780,2999813e6f4624d21,True,,,,,,,,,,0.0,1.0,1.0,1.0,1.0,0.0,0.0,1.0,0.0,0.0
5781,f32e09eab0a9183d4,True,,,,,,,,,,1.0,1.0,1.0,0.0,1.0,1.0,1.0,1.0,1.0,0.0
5782,232ee9d7342aed6a0,True,,,,,,,,,,1.0,0.0,1.0,1.0,1.0,1.0,1.0,1.0,0.0,0.0
5783,8dd36b48e9549dfbb,True,,,,,,,,,,1.0,0.0,0.5,1.0,1.0,1.0,0.0,1.0,0.0,0.0
5784,7272b7a2cb56feb27,True,,,,,,,,,,1.0,0.0,1.0,1.0,0.6471471237254107,1.0,0.0,1.0,0.0,0.0
5785,46790b0b88d5ee5b3,True,,,,,,,,,,1.0,1.0,1.0,1.0,1.0,1.0,1.0,1.0,0.0,0.875
5786,36c7b91f3363fdeda,True,,,,,,,,,,1.0,0.0,0.0,1.0,1.0,1.0,0.0,1.0,1.0,0.0
5787,90a368abf1e231f06,True,,,,,,,,,,1.0,0.0,0.5,1.0,0.7198661004251368,1.0,1.0,1.0,1.0,0.0
5788,72596b62f23cfe8b5,True,,,,,,,,,,1.0,1.0,1.0,1.0,1.0,1.0,1.0,1.0,1.0,1.0
5789,988fa96e564a80331,True,,,,,,,,,,1.0,1.0,1.0,1.0,0.7909309342388954,1.0,1.0,1.0,1.0,0.9346659169496548
5790,d0add012a511855fa,True,,,,,,,,,,0.0,1.0,1.0,1.0,0.7703842330476929,1.0,1.0,1.0,1.0,0.0
5791,b123636b63cd85bd6,True,,,,,,,,,,1.0,1.0,1.0,1.0,0.5473023291863689,1.0,0.0,1.0,1.0,0.7335319778707403
5792,36a59107f58b13a57,True,,,,,,,,,,1.0,1.0,1.0,1.0,0.6234339395011953,1.0,0.0,1.0,1.0,0.7573231060941236
5793,6aa6cb2757b09918e,True,,,,,,,,,,1.0,1.0,1.0,1.0,0.8532773787455326,1.0,1.0,1.0,1.0,0.954149180857979
5794,dabeaa21a655424eb,True,,,,,,,,,,1.0,1.0,1.0,1.0,0.41913459923362273,1.0,1.0,1.0,0.0,0.6934795622605071
5795,d6d8e9eb7b9c1befa,True,,,,,,,,,,1.0,0.0,1.0,1.0,0.7586163157419417,1.0,1.0,1.0,0.0,0.0
5796,b5eae8e67d3680501,True,,,,,,,,,,1.0,1.0,1.0,1.0,0.8685183681679516,1.0,0.0,1.0,1.0,0.8339119900524848
5797,c725d6fa44dc9c6d6,True,,,,,,,,,,0.0,1.0,1.0,1.0,1.0,0.0,1.0,1.0,0.0,0.0
5798,79d6ba3b0e13a7f66,True,,,,,,,,,,1.0,1.0,1.0,1.0,1.0,1.0,1.0,1.0,0.0,0.875
5799,eee0015497fc5fbb3,True,,,,,,,,,,1.0,1.0,1.0,1.0,0.7301011591861711,1.0,0.0,1.0,1.0,0.7906566122456785
5800,b5c727c3b2286dfc5,True,,,,,,,,,,1.0,1.0,0.5,1.0,0.7601708447022998,1.0,1.0,0.0,0.0,0.3375266944847343
5801,1924f6d5f33633039,True,,,,,,,,,,1.0,1.0,1.0,1.0,0.8956412103072725,1.0,0.0,1.0,0.0,0.7173878782210227
5802,ae591052e837d1674,True,,,,,,,,,,1.0,1.0,1.0,1.0,0.6327107784361593,1.0,1.0,1.0,0.0,0.7602221182612998
5803,16e839b38304ce550,True,,,,,,,,,,1.0,1.0,1.0,1.0,0.6171452408182456,1.0,1.0,1.0,0.0,0.7553578877557018
5804,77174c66f10b6d7f9,True,,,,,,,,,,1.0,0.0,1.0,1.0,0.3987230022695738,1.0,1.0,1.0,0.0,0.0
5805,03a6d53a889503fa1,True,,,,,,,,,,1.0,0.0,0.0,1.0,1.0,1.0,0.0,1.0,1.0,0.0
5806,a67e740ebc3efc17e,True,,,,,,,,,,1.0,0.0,0.5,1.0,1.0,1.0,0.0,1.0,1.0,0.0
5807,1cb35ff44517c5025,True,,,,,,,,,,1.0,1.0,0.5,1.0,0.8520897900739106,1.0,1.0,1.0,0.0,0.41438902969904856
5808,fa7ca9fcddad7a40d,True,,,,,,,,,,1.0,1.0,1.0,1.0,0.7729580474767426,1.0,1.0,1.0,0.0,0.804049389836482
5809,989f4b8f1e6bddc26,True,,,,,,,,,,1.0,1.0,1.0,1.0,0.6304859473342974,1.0,1.0,1.0,0.0,0.7595268585419679
5810,fbcd36a566009598c,True,,,,,,,,,,1.0,1.0,0.0,1.0,1.0,1.0,0.0,1.0,1.0,0.0
5811,eeab7294535bc0168,True,,,,,,,,,,0.0,0.0,0.0,1.0,1.0,0.0,0.0,1.0,0.0,0.0
5812,c334b7fe14a98e8d9,True,,,,,,,,,,1.0,1.0,0.5,1.0,0.830504204008747,1.0,0.0,1.0,1.0,0.41101628187636674
5813,25db319b5b2d36844,True,,,,,,,,,,1.0,1.0,1.0,1.0,0.7298007187609806,1.0,1.0,1.0,0.0,0.7905627246128064
5814,24d20a80a611d5e65,True,,,,,,,,,,1.0,1.0,1.0,1.0,0.28382873092735567,1.0,1.0,1.0,1.0,0.7761964784147987
5815,767b060ded3878908,True,,,,,,,,,,1.0,1.0,1.0,1.0,0.8886249286257666,1.0,1.0,1.0,1.0,0.9651952901955521
5816,b5f4b999881d2b7f7,True,,,,,,,,,,1.0,1.0,1.0,1.0,0.5989062548254859,1.0,0.0,1.0,0.0,0.6246582046329643
5817,761fdfcb355d74f9b,True,,,,,,,,,,1.0,1.0,1.0,1.0,1.0,1.0,1.0,1.0,0.0,0.875
5818,9c8f0339c698b9080,True,,,,,,,,,,1.0,1.0,0.0,1.0,0.7054627136323613,1.0,0.0,1.0,1.0,0.0
5819,f7de2890aa326283e,True,,,,,,,,,,1.0,1.0,1.0,1.0,0.6263672050980721,1.0,1.0,1.0,1.0,0.8832397515931475
5820,8dd4aa8138b3d9500,True,,,,,,,,,,0.0,1.0,1.0,1.0,1.0,0.0,0.0,1.0,1.0,0.0
5821,cac170c5a828b564b,True,,,,,,,,,,1.0,1.0,1.0,1.0,0.7185219991976253,1.0,1.0,1.0,0.0,0.7870381247492579
5822,378f516a635bd9169,True,,,,,,,,,,0.0,1.0,1.0,1.0,1.0,0.0,1.0,1.0,1.0,0.0
5823,d31445529f320e6e9,True,,,,,,,,,,1.0,1.0,1.0,1.0,1.0,1.0,1.0,1.0,1.0,1.0
5824,8a767a8d9952eeaf9,True,,,,,,,,,,1.0,1.0,1.0,1.0,1.0,1.0,1.0,1.0,0.0,0.875
5825,e6d1e14cb2784e8d9,True,,,,,,,,,,1.0,1.0,1.0,1.0,0.6816210699233908,1.0,1.0,1.0,1.0,0.9005065843510596
5826,5a73952aa052dbbce,True,,,,,,,,,,0.0,1.0,1.0,1.0,1.0,0.0,0.0,1.0,1.0,0.0
5827,1a764c92b4c5c5a8a,True,,,,,,,,,,1.0,1.0,1.0,1.0,0.7641510821548532,1.0,1.0,1.0,1.0,0.9262972131733916
5828,6cca874fda7a3507a,True,,,,,,,,,,0.0,1.0,1.0,1.0,1.0,0.0,0.0,1.0,0.0,0.0
5829,e2b3b0ba92343745a,True,,,,,,,,,,1.0,0.0,0.5,1.0,1.0,1.0,1.0,1.0,1.0,0.0
5830,e4f6fd6cc0e09d70c,True,,,,,,,,,,1.0,1.0,1.0,1.0,1.0,1.0,1.0,1.0,0.0,0.875
5831,1d4894afb05e6ebc3,True,,,,,,,,,,1.0,1.0,1.0,1.0,1.0,1.0,0.0,1.0,1.0,0.875
5832,bec0eb9fc0a02638a,True,,,,,,,,,,1.0,1.0,1.0,1.0,1.0,1.0,1.0,1.0,0.0,0.875
5833,4485e78013e23fef4,True,,,,,,,,,,1.0,1.0,0.0,1.0,1.0,1.0,0.0,1.0,0.0,0.0
5834,b2ca4b63cda4a8fe2,True,,,,,,,,,,1.0,1.0,1.0,1.0,0.6559242352150259,1.0,0.0,1.0,1.0,0.7674763235046955
5835,15f665441aeb9b139,True,,,,,,,,,,1.0,1.0,1.0,1.0,1.0,1.0,1.0,1.0,0.0,0.875
5836,65cf82257d919ac3a,True,,,,,,,,,,1.0,1.0,1.0,1.0,0.8593107192679161,1.0,1.0,1.0,0.0,0.8310345997712238
5837,9d1689f8e6d847437,True,,,,,,,,,,0.0,0.0,0.0,1.0,1.0,0.0,0.0,1.0,0.0,0.0
5838,274217f22058c3a7c,True,,,,,,,,,,1.0,1.0,1.0,1.0,0.9034401088978588,1.0,1.0,1.0,1.0,0.9698250340305808
5839,d83d3619e63d183d6,True,,,,,,,,,,0.0,1.0,1.0,1.0,1.0,0.0,1.0,1.0,0.0,0.0
5840,f803ae18d279169ec,True,,,,,,,,,,1.0,1.0,1.0,1.0,0.6422237845038983,1.0,0.0,1.0,1.0,0.7631949326574682
5841,fe6eb7191dafdb638,True,,,,,,,,,,0.0,1.0,1.0,1.0,1.0,0.0,0.0,1.0,1.0,0.0
5842,0d62abe857251412c,True,,,,,,,,,,1.0,0.0,1.0,1.0,0.9092081820950144,1.0,1.0,1.0,1.0,0.0
5843,09abf15b5898e308b,True,,,,,,,,,,1.0,0.0,0.0,1.0,1.0,1.0,0.0,1.0,1.0,0.0
5844,2f23bb5e69f8c5120,True,,,,,,,,,,1.0,1.0,0.5,1.0,1.0,1.0,0.0,1.0,1.0,0.4375
5845,c6c58dc45bd1123e3,True,,,,,,,,,,1.0,1.0,1.0,1.0,0.8221929783123101,1.0,1.0,1.0,0.0,0.8194353057225969
5846,7bc8b418055d0cc73,True,,,,,,,,,,0.0,1.0,0.0,1.0,1.0,0.0,0.0,1.0,1.0,0.0
5847,226e200de1c94187e,True,,,,,,,,,,1.0,1.0,0.5,1.0,1.0,1.0,0.0,1.0,0.0,0.375
5848,4470091fffca9e391,True,,,,,,,,,,0.0,1.0,1.0,1.0,1.0,0.0,1.0,1.0,1.0,0.0
5849,c7d0ddf8a1a463297,True,,,,,,,,,,1.0,1.0,1.0,1.0,0.6966284335719162,1.0,1.0,1.0,1.0,0.9051963854912238
5850,c909e005442d28a9c,True,,,,,,,,,,1.0,1.0,0.5,1.0,0.8136057026907892,1.0,1.0,1.0,1.0,0.4708758910454358
5851,d3b5a3486c40ea561,True,,,,,,,,,,1.0,0.0,0.5,1.0,0.8155218101638648,1.0,1.0,1.0,0.0,0.0
5852,f5a896e060751799d,True,,,,,,,,,,0.0,0.0,1.0,1.0,1.0,0.0,1.0,1.0,1.0,0.0
5853,4683eec43a1454ea9,True,,,,,,,,,,1.0,1.0,1.0,1.0,0.8179690530531897,1.0,0.0,1.0,1.0,0.8181153290791218
5854,3c66eb3d48ad162dc,True,,,,,,,,,,1.0,1.0,1.0,1.0,0.9252620759058072,1.0,1.0,1.0,0.0,0.8516443987205647
5855,b692c62651903c29f,True,,,,,,,,,,1.0,1.0,1.0,1.0,0.7739298216218234,1.0,1.0,1.0,0.0,0.8043530692568198
5856,b9f22151c02f5a7d4,True,,,,,,,,,,0.0,1.0,0.5,1.0,1.0,0.0,1.0,1.0,0.0,0.0
5857,d7806477ce81cf2b8,True,,,,,,,,,,1.0,1.0,1.0,1.0,0.7969527554302346,1.0,1.0,1.0,1.0,0.9365477360719483
5858,4cf1e96869318f4da,True,,,,,,,,,,1.0,0.0,1.0,1.0,1.0,1.0,1.0,1.0,0.0,0.0
5859,c1db792a77989232e,True,,,,,,,,,,1.0,1.0,1.0,1.0,0.549271702904181,1.0,0.0,1.0,1.0,0.7341474071575566
5860,4f3ef64863f32d7b6,True,,,,,,,,,,0.0,0.0,0.0,1.0,1.0,0.0,0.0,1.0,1.0,0.0
5861,c6b07c5dde1ec90c2,True,,,,,,,,,,1.0,1.0,1.0,1.0,1.0,1.0,0.0,1.0,0.0,0.75
5862,bfba18000f192b90d,True,,,,,,,,,,1.0,1.0,1.0,1.0,0.7988802026296118,1.0,1.0,1.0,0.0,0.8121500633217537
5863,00ca98016027ffb8d,True,,,,,,,,,,1.0,0.0,1.0,1.0,1.0,1.0,1.0,1.0,0.0,0.0
5864,b24c5109d9a3320ec,True,,,,,,,,,,1.0,1.0,1.0,1.0,0.9685005701087387,1.0,0.0,1.0,1.0,0.8651564281589809
5865,f10788e83a50fa0b2,True,,,,,,,,,,1.0,0.0,1.0,1.0,0.5081805000178581,1.0,0.0,1.0,1.0,0.0
5866,76caf6deea5aff60c,True,,,,,,,,,,1.0,1.0,1.0,1.0,1.0,1.0,1.0,1.0,0.0,0.875
5867,17ea9cff5974892cb,True,,,,,,,,,,1.0,1.0,1.0,1.0,0.576772025762381,1.0,1.0,1.0,1.0,0.867741258050744
5868,d1c72c5965ad4f57e,True,,,,,,,,,,1.0,1.0,1.0,1.0,0.8214891490055519,1.0,1.0,0.0,0.0,0.694215359064235
5869,8ae96b22321e730ee,True,,,,,,,,,,1.0,1.0,1.0,1.0,1.0,1.0,0.0,1.0,0.0,0.75
5870,2afbbdc8bf9e5efe2,True,,,,,,,,,,0.0,1.0,1.0,1.0,1.0,0.0,0.0,1.0,1.0,0.0
5871,e8b0f787378ffb08f,True,,,,,,,,,,1.0,0.0,0.5,1.0,1.0,1.0,1.0,1.0,0.0,0.0
5872,edd46eab5d581d11a,True,,,,,,,,,,1.0,0.0,0.0,1.0,1.0,1.0,0.0,1.0,0.0,0.0
5873,84073ac4c8f117f43,True,,,,,,,,,,1.0,1.0,1.0,1.0,0.9610245903890844,1.0,0.0,1.0,1.0,0.8628201844965888
5874,d99b9f48dac697bf1,True,,,,,,,,,,1.0,0.0,1.0,1.0,0.7266148388787669,1.0,1.0,0.0,0.0,0.0
5875,9463bb4964cd37676,True,,,,,,,,,,1.0,1.0,1.0,1.0,1.0,1.0,1.0,1.0,1.0,1.0
5876,f1386d10ece58ca18,True,,,,,,,,,,1.0,1.0,0.5,1.0,0.7054445773335551,1.0,0.0,1.0,1.0,0.391475715208368
5877,3e0c9c2ea255fd348,True,,,,,,,,,,1.0,1.0,1.0,1.0,1.0,0.0,0.0,1.0,1.0,0.5625
5878,e1a0c043fd6b131e0,True,,,,,,,,,,1.0,1.0,1.0,1.0,1.0,1.0,1.0,1.0,0.0,0.875
5879,c1ff77f605c58678a,True,,,,,,,,,,0.0,1.0,1.0,1.0,1.0,0.0,0.0,1.0,1.0,0.0
5880,3791263c877ce2d77,True,,,,,,,,,,1.0,1.0,1.0,0.0,1.0,1.0,1.0,1.0,1.0,0.0
5881,7e3fd48eb2c70a68f,True,,,,,,,,,,1.0,1.0,1.0,1.0,0.8083035001075067,1.0,1.0,1.0,1.0,0.9400948437835959
5882,eb251433c13f5a4f2,True,,,,,,,,,,0.0,0.0,0.5,1.0,1.0,1.0,0.0,1.0,1.0,0.0
5883,8c7b004d36c8af906,True,,,,,,,,,,1.0,1.0,0.5,1.0,0.7890220185322758,1.0,1.0,1.0,1.0,0.4670346903956681
5884,bc3c63c0479feee36,True,,,,,,,,,,1.0,1.0,1.0,1.0,0.7907911767045819,1.0,0.0,1.0,0.0,0.6846222427201818
5885,cdc70ea2300980958,True,,,,,,,,,,0.0,0.0,1.0,1.0,1.0,0.0,0.0,1.0,1.0,0.0
5886,fc9d3ef48d94c0485,True,,,,,,,,,,1.0,1.0,0.5,1.0,0.8339850311482182,1.0,0.0,1.0,1.0,0.4115601611169091
5887,f3ce063b49364f5ba,True,,,,,,,,,,1.0,1.0,1.0,1.0,0.2580970160586683,1.0,1.0,1.0,1.0,0.7681553175183339
5888,e135d049b4587c212,True,,,,,,,,,,1.0,1.0,0.0,1.0,0.7629763813329163,1.0,0.0,1.0,1.0,0.0
5889,4c74c0df8c74b80db,True,,,,,,,,,,1.0,0.0,1.0,1.0,1.0,1.0,0.0,1.0,0.0,0.0
5890,00e5457ca561abfbb,True,,,,,,,,,,1.0,0.0,1.0,1.0,0.7650678118953009,1.0,1.0,1.0,1.0,0.0
5891,4fb5655af73387ef8,True,,,,,,,,,,0.0,0.0,0.0,1.0,1.0,0.0,0.0,1.0,1.0,0.0
5892,8cd4e7ea09172b366,True,,,,,,,,,,1.0,0.0,1.0,1.0,1.0,1.0,1.0,1.0,0.0,0.0
5893,bdd6ec1614649724b,True,,,,,,,,,,1.0,0.0,1.0,1.0,1.0,1.0,0.0,1.0,1.0,0.0
5894,bf1cc9724e9048572,True,,,,,,,,,,1.0,1.0,1.0,1.0,0.8361195118779703,1.0,0.0,1.0,0.0,0.6987873474618658
5895,99f90a71ce3411a4f,True,,,,,,,,,,0.0,1.0,0.0,1.0,1.0,0.0,0.0,1.0,1.0,0.0
5896,fedfbdfcf20092620,True,,,,,,,,,,1.0,1.0,1.0,1.0,0.9575981239820521,1.0,0.0,1.0,0.0,0.7367494137443913
5897,546ea00bc8516f8dc,True,,,,,,,,,,1.0,0.0,1.0,1.0,1.0,1.0,1.0,1.0,1.0,0.0
5898,9450ae84450a77fc4,True,,,,,,,,,,1.0,1.0,1.0,1.0,0.9688786405465878,1.0,0.0,1.0,1.0,0.8652745751708086
5899,1703c3627d09cd9f3,True,,,,,,,,,,1.0,1.0,1.0,1.0,1.0,1.0,1.0,1.0,0.0,0.875
5900,028df71b1e849619c,True,,,,,,,,,,1.0,1.0,1.0,1.0,1.0,1.0,1.0,1.0,1.0,1.0
5901,bc310295755fb7084,True,,,,,,,,,,1.0,0.0,1.0,1.0,0.8138761598916125,1.0,1.0,1.0,0.0,0.0
5902,ba5e7c7cbfedb9d37,True,,,,,,,,,,0.0,0.0,0.0,1.0,1.0,0.0,0.0,1.0,0.0,0.0
5903,ba66893d0046c895c,True,,,,,,,,,,1.0,1.0,1.0,1.0,1.0,1.0,1.0,1.0,1.0,1.0
5904,340986fda5e34ccac,True,,,,,,,,,,1.0,1.0,0.0,1.0,1.0,1.0,0.0,1.0,1.0,0.0
5905,427601a379941fcbc,True,,,,,,,,,,1.0,1.0,1.0,1.0,0.5394030992459773,1.0,1.0,1.0,0.0,0.7310634685143679
5906,f6c5e4b7769ddda20,True,,,,,,,,,,1.0,0.0,1.0,1.0,1.0,1.0,1.0,1.0,1.0,0.0
5907,4250d2db3b613460c,True,,,,,,,,,,1.0,1.0,1.0,1.0,0.760657136907831,1.0,0.0,1.0,0.0,0.6752053552836972
5908,418477a920a7da811,True,,,,,,,,,,1.0,1.0,1.0,1.0,0.8713629590290295,1.0,1.0,1.0,0.0,0.8348009246965717
5909,88b4a166a946c9537,True,,,,,,,,,,1.0,0.0,0.5,1.0,1.0,1.0,0.0,1.0,0.0,0.0
5910,eb926b1ea7a29e612,True,,,,,,,,,,0.0,1.0,1.0,1.0,1.0,0.0,1.0,1.0,1.0,0.0
5911,3a569f66b0a30418a,True,,,,,,,,,,1.0,1.0,1.0,1.0,1.0,1.0,1.0,1.0,0.0,0.875
5912,extended_pdm_score_stage_one,True,0.8944444444444445,0.7577777777777778,0.96,0.9955555555555555,0.8588462204222284,0.8888888888888888,0.9111111111111111,0.9777777777777777,0.6222222222222222,,,,,,,,,,0.5745241033766816
5913,extended_pdm_score_stage_two,True,,,,,,,,,,0.7916954412777707,0.7199840160577833,0.8566136700943919,0.9770429836809514,0.8721285227983478,0.7600265431826296,0.4899312665023768,0.9748095258035472,0.5956001982630217,0.40548224535702426
5914,extended_pdm_score_combined,True,0.8944444444444445,0.7577777777777778,0.96,0.9955555555555555,0.8588462204222284,0.8888888888888888,0.9111111111111111,0.9777777777777777,0.6222222222222222,0.7916954412777707,0.7199840160577833,0.8566136700943919,0.9770429836809514,0.8721285227983478,0.7600265431826296,0.4899312665023768,0.9748095258035472,0.5956001982630217,0.24371253721044345
