,token,valid,no_at_fault_collisions_stage_one,drivable_area_compliance_stage_one,driving_direction_compliance_stage_one,traffic_light_compliance_stage_one,ego_progress_stage_one,time_to_collision_within_bound_stage_one,lane_keeping_stage_one,history_comfort_stage_one,two_frame_extended_comfort_stage_one,no_at_fault_collisions_stage_two,drivable_area_compliance_stage_two,driving_direction_compliance_stage_two,traffic_light_compliance_stage_two,ego_progress_stage_two,time_to_collision_within_bound_stage_two,lane_keeping_stage_two,history_comfort_stage_two,two_frame_extended_comfort_stage_two,score
0,58d40da0cce05d8c,True,1.0,1.0,1.0,1.0,1.0,1.0,1.0,1.0,0.0,,,,,,,,,,0.875
1,28c89352b09b55d4,True,1.0,1.0,1.0,1.0,0.6910522353458546,1.0,1.0,1.0,1.0,,,,,,,,,,0.9034538235455796
2,75f5cc1f425c501d,True,1.0,0.0,1.0,1.0,1.0,1.0,1.0,1.0,1.0,,,,,,,,,,0.0
3,962deb8ccdaf50e3,True,0.0,1.0,1.0,1.0,1.0,0.0,1.0,1.0,1.0,,,,,,,,,,0.0
4,779852a1160f56f9,True,1.0,1.0,1.0,1.0,0.671501470156872,1.0,1.0,1.0,1.0,,,,,,,,,,0.8973442094240225
5,2cae5f08e11a5dbd,True,1.0,1.0,1.0,1.0,0.8237296596727448,1.0,1.0,1.0,1.0,,,,,,,,,,0.9449155186477327
6,102627370a1e5b88,True,1.0,1.0,1.0,1.0,0.726732760045634,1.0,1.0,1.0,0.0,,,,,,,,,,0.7896039875142606
7,87b2c0e49070537f,True,1.0,1.0,1.0,1.0,1.0,1.0,1.0,1.0,1.0,,,,,,,,,,1.0
8,89e4665cd63a55bd,True,0.0,1.0,1.0,1.0,1.0,0.0,1.0,1.0,0.0,,,,,,,,,,0.0
9,0ce170237acd51c2,True,1.0,1.0,1.0,1.0,1.0,1.0,1.0,1.0,1.0,,,,,,,,,,1.0
10,6e2c6027edb85763,True,1.0,1.0,0.5,1.0,1.0,1.0,1.0,1.0,0.0,,,,,,,,,,0.4375
11,cf50ffa22c81555d,True,1.0,1.0,1.0,1.0,0.7722387505798881,1.0,1.0,1.0,1.0,,,,,,,,,,0.928824609556215
12,90ed944de9405835,True,1.0,1.0,1.0,1.0,0.8163183725417591,1.0,1.0,1.0,1.0,,,,,,,,,,0.9425994914192997
13,49074bfb7c9e5c26,True,1.0,1.0,1.0,1.0,0.7893123357478885,1.0,1.0,1.0,0.0,,,,,,,,,,0.8091601049212152
14,a417154cf84a5426,True,1.0,1.0,1.0,1.0,1.0,1.0,1.0,1.0,1.0,,,,,,,,,,1.0
15,5d2ee89308f958be,True,1.0,1.0,1.0,1.0,0.7251511612067424,1.0,1.0,1.0,1.0,,,,,,,,,,0.914109737877107
16,8b8ea705c7fd5e8a,True,1.0,1.0,0.5,1.0,1.0,1.0,1.0,1.0,0.0,,,,,,,,,,0.4375
17,64f47c2f2c7754cb,True,1.0,1.0,1.0,1.0,1.0,1.0,1.0,1.0,0.0,,,,,,,,,,0.875
18,7a8c81a7cd1256e0,True,1.0,1.0,1.0,1.0,0.7784980197247544,1.0,1.0,1.0,1.0,,,,,,,,,,0.9307806311639857
19,3838eb184c9d5989,True,1.0,1.0,1.0,1.0,0.416950000093805,1.0,1.0,1.0,0.0,,,,,,,,,,0.6927968750293141
20,a2701552b0f95f7b,True,1.0,1.0,1.0,1.0,1.0,1.0,1.0,1.0,1.0,,,,,,,,,,1.0
21,d01fec804cd45644,True,1.0,1.0,1.0,1.0,0.6896334620246057,1.0,1.0,1.0,1.0,,,,,,,,,,0.9030104568826893
22,59bf40c427da5eb1,True,1.0,1.0,1.0,1.0,0.5220458581060722,1.0,1.0,1.0,1.0,,,,,,,,,,0.8506393306581476
23,d08ae5bc8a435f97,True,0.0,1.0,1.0,1.0,1.0,1.0,1.0,1.0,1.0,,,,,,,,,,0.0
24,c5b585ddf50d5f1f,True,1.0,1.0,1.0,1.0,1.0,1.0,1.0,1.0,1.0,,,,,,,,,,1.0
25,1b95b6689ee75fab,True,1.0,1.0,1.0,1.0,0.8151888912178702,1.0,1.0,1.0,0.0,,,,,,,,,,0.8172465285055844
26,5f53001e7e2d5347,True,1.0,1.0,1.0,1.0,1.0,1.0,0.0,1.0,1.0,,,,,,,,,,0.875
27,029585f0509d52b0,True,1.0,1.0,1.0,1.0,1.0,1.0,1.0,1.0,0.0,,,,,,,,,,0.875
28,e7ae612e880e5d5f,True,1.0,0.0,1.0,1.0,1.0,1.0,1.0,1.0,1.0,,,,,,,,,,0.0
29,0122ce98b2735558,True,1.0,1.0,1.0,1.0,1.0,1.0,1.0,1.0,1.0,,,,,,,,,,1.0
30,3cbb6c030b1e5d19,True,1.0,0.0,1.0,1.0,1.0,1.0,1.0,1.0,0.0,,,,,,,,,,0.0
31,8f8ccbd6ffcb54b9,True,1.0,0.0,1.0,1.0,0.916851095268663,1.0,1.0,1.0,1.0,,,,,,,,,,0.0
32,2322850f71fa5c4d,True,1.0,1.0,1.0,1.0,0.6390796895478565,0.0,1.0,1.0,1.0,,,,,,,,,,0.5747124029837052
33,5d5dfc678c9759a1,True,1.0,1.0,1.0,1.0,0.7861489175552562,1.0,1.0,1.0,0.0,,,,,,,,,,0.8081715367360176
34,ac0c6104c53e581e,True,1.0,1.0,1.0,1.0,1.0,1.0,1.0,1.0,1.0,,,,,,,,,,1.0
35,c340cf7465ab5bbe,True,1.0,0.0,1.0,1.0,0.6946066436512387,1.0,1.0,1.0,0.0,,,,,,,,,,0.0
36,bb5b44d240945ed0,True,0.0,1.0,1.0,1.0,1.0,0.0,1.0,1.0,1.0,,,,,,,,,,0.0
37,132d1ec43fc058e1,True,1.0,0.0,1.0,1.0,0.9762838411615581,1.0,1.0,1.0,1.0,,,,,,,,,,0.0
38,0ec9a79351355022,True,1.0,1.0,1.0,1.0,1.0,1.0,1.0,1.0,0.0,,,,,,,,,,0.875
39,226e6642fbc65bdc,True,1.0,1.0,1.0,1.0,0.8045573698083126,1.0,1.0,1.0,1.0,,,,,,,,,,0.9389241780650976
40,0af68cc78d085fdb,True,1.0,1.0,1.0,1.0,0.6934127159596203,1.0,1.0,1.0,0.0,,,,,,,,,,0.7791914737373813
41,00016f8b45c25a1d,True,1.0,1.0,1.0,1.0,0.8993129663731376,1.0,1.0,1.0,1.0,,,,,,,,,,0.9685353019916055
42,5041cdf76ecb5ee7,True,1.0,0.0,1.0,1.0,0.6954424069839296,1.0,1.0,1.0,1.0,,,,,,,,,,0.0
43,622867ce25805447,True,1.0,1.0,1.0,1.0,0.899193688536791,1.0,1.0,1.0,1.0,,,,,,,,,,0.9684980276677472
44,e052a41759445a28,True,1.0,1.0,1.0,1.0,0.494819840652155,1.0,1.0,1.0,1.0,,,,,,,,,,0.8421312002037984
45,b459c8b7fd2b5aa4,True,1.0,1.0,1.0,1.0,1.0,1.0,0.0,1.0,0.0,,,,,,,,,,0.75
46,3067f3d3d5a75989,True,0.0,1.0,1.0,1.0,1.0,1.0,1.0,1.0,0.0,,,,,,,,,,0.0
47,3c34d5d03e8a5bdc,True,1.0,0.0,1.0,1.0,0.7896449470667964,1.0,1.0,1.0,0.0,,,,,,,,,,0.0
48,3b910accfc12560a,True,1.0,1.0,1.0,1.0,0.7606651752357311,1.0,1.0,1.0,1.0,,,,,,,,,,0.925207867261166
49,67abcf0964415891,True,0.0,1.0,0.0,1.0,0.9014403876605211,0.0,1.0,0.0,0.0,,,,,,,,,,0.0
50,fda0145d54065b7c,True,0.0,1.0,1.0,1.0,1.0,0.0,1.0,1.0,1.0,,,,,,,,,,0.0
51,686b55439d5e591e,True,1.0,1.0,1.0,1.0,1.0,1.0,1.0,1.0,0.0,,,,,,,,,,0.875
52,7a91cd530cac57fc,True,1.0,1.0,1.0,1.0,0.6173902434848987,1.0,1.0,1.0,1.0,,,,,,,,,,0.8804344510890308
53,635d0bb58aa95282,True,1.0,1.0,1.0,1.0,0.5502666418727539,1.0,1.0,1.0,0.0,,,,,,,,,,0.7344583255852356
54,5c084920ee285003,True,1.0,1.0,1.0,1.0,0.5513169134977567,1.0,1.0,1.0,1.0,,,,,,,,,,0.859786535468049
55,d142ab856b7653df,True,1.0,1.0,1.0,1.0,0.7480476351006932,1.0,1.0,1.0,1.0,,,,,,,,,,0.9212648859689666
56,a47772efd1d758d6,True,1.0,1.0,1.0,1.0,1.0,1.0,1.0,1.0,0.0,,,,,,,,,,0.875
57,4cac9f6cd85a5b47,True,1.0,0.0,1.0,1.0,0.8715717479535446,1.0,1.0,1.0,1.0,,,,,,,,,,0.0
58,0dc54a8c8203567b,True,1.0,1.0,1.0,1.0,0.7720994232673664,1.0,1.0,1.0,1.0,,,,,,,,,,0.928781069771052
59,592f536375e755b6,True,1.0,0.0,1.0,1.0,0.7573385312637145,1.0,1.0,1.0,1.0,,,,,,,,,,0.0
60,9e9e33077f375062,True,1.0,0.0,1.0,1.0,0.7041458525951434,1.0,1.0,1.0,1.0,,,,,,,,,,0.0
61,12f2dccfb88957f9,True,1.0,1.0,1.0,0.0,1.0,1.0,1.0,1.0,1.0,,,,,,,,,,0.0
62,f2117260382b5d83,True,1.0,1.0,1.0,1.0,0.8712127657915473,1.0,1.0,1.0,1.0,,,,,,,,,,0.9597539893098586
63,85482a4d20fd5eac,True,1.0,1.0,1.0,1.0,0.8374351671246509,1.0,1.0,1.0,1.0,,,,,,,,,,0.9491984897264534
64,7727bf26f5845499,True,1.0,1.0,1.0,1.0,0.5632277901553229,1.0,1.0,1.0,1.0,,,,,,,,,,0.8635086844235385
65,9ef1d618435d5e53,True,1.0,1.0,1.0,1.0,1.0,1.0,1.0,1.0,1.0,,,,,,,,,,1.0
66,a2d7be8710535e33,True,1.0,1.0,1.0,1.0,0.7328709183577915,1.0,1.0,1.0,1.0,,,,,,,,,,0.9165221619868098
67,d25b6512a43f5e54,True,1.0,1.0,1.0,1.0,0.8186414102528061,1.0,1.0,1.0,1.0,,,,,,,,,,0.9433254407040019
68,f025b78e77b25fba,True,0.0,1.0,1.0,1.0,0.8253083003402838,0.0,1.0,1.0,0.0,,,,,,,,,,0.0
69,da36c99454f65715,True,1.0,1.0,0.5,1.0,0.8799166191287595,1.0,0.0,1.0,0.0,,,,,,,,,,0.3562369717388687
70,48fecfd582935aac,True,1.0,1.0,1.0,1.0,0.2979909303295568,1.0,1.0,1.0,1.0,,,,,,,,,,0.7806221657279865
71,599c8b2bc9b252a7,True,1.0,1.0,1.0,1.0,0.6882333722261565,1.0,1.0,1.0,0.0,,,,,,,,,,0.7775729288206739
72,58d69daf413c5d5a,True,1.0,1.0,1.0,1.0,0.6483357330413853,1.0,1.0,1.0,0.0,,,,,,,,,,0.7651049165754329
73,c8507cfbe8575463,True,0.0,1.0,1.0,1.0,1.0,0.0,1.0,1.0,0.0,,,,,,,,,,0.0
74,0f422a003dab525e,True,1.0,1.0,1.0,1.0,0.7508712049228546,1.0,1.0,1.0,1.0,,,,,,,,,,0.922147251538392
75,fa8c164985255698,True,1.0,1.0,1.0,1.0,1.0,1.0,1.0,1.0,0.0,,,,,,,,,,0.875
76,9b7108902e7158d6,True,1.0,1.0,1.0,1.0,1.0,1.0,1.0,1.0,1.0,,,,,,,,,,1.0
77,59ea5c8c067e57e7,True,1.0,0.0,0.0,1.0,1.0,1.0,0.0,1.0,1.0,,,,,,,,,,0.0
78,ea31c764f6385f4a,True,1.0,1.0,1.0,1.0,1.0,1.0,1.0,1.0,1.0,,,,,,,,,,1.0
79,b5ba1ec901f1522c,True,1.0,1.0,1.0,1.0,1.0,1.0,1.0,1.0,1.0,,,,,,,,,,1.0
80,54a295777c3a5d46,True,1.0,1.0,1.0,1.0,0.6969897701614229,1.0,1.0,1.0,1.0,,,,,,,,,,0.9053093031754447
81,f9e3a8f1b0ae5d43,True,1.0,1.0,1.0,1.0,0.5639529395899331,1.0,1.0,1.0,0.0,,,,,,,,,,0.7387352936218541
82,05f1a5cbc0905d8e,True,1.0,1.0,1.0,1.0,0.7453947025845816,1.0,1.0,1.0,1.0,,,,,,,,,,0.9204358445576818
83,a18d2b32f8415373,True,1.0,1.0,1.0,1.0,0.8375628035748858,1.0,1.0,1.0,1.0,,,,,,,,,,0.9492383761171518
84,70f718ebc8b4505e,True,1.0,1.0,1.0,1.0,0.8342578330962281,1.0,1.0,1.0,1.0,,,,,,,,,,0.9482055728425713
85,18492b6ce9905b13,True,1.0,1.0,1.0,1.0,0.6966076186002056,1.0,1.0,1.0,1.0,,,,,,,,,,0.9051898808125642
86,19e90f2757b25f38,True,1.0,1.0,1.0,1.0,0.7415749282977242,1.0,1.0,1.0,1.0,,,,,,,,,,0.9192421650930388
87,02b68b9cc51f506a,True,1.0,0.0,1.0,1.0,0.6106031623164903,1.0,1.0,1.0,1.0,,,,,,,,,,0.0
88,eb3912d9717d5177,True,1.0,1.0,1.0,1.0,0.7406269405979257,1.0,1.0,1.0,1.0,,,,,,,,,,0.9189459189368517
89,94d74f87c8435b61,True,1.0,1.0,1.0,1.0,1.0,1.0,1.0,1.0,0.0,,,,,,,,,,0.875
90,b6247a5245a5554f,True,1.0,1.0,1.0,1.0,1.0,1.0,1.0,1.0,1.0,,,,,,,,,,1.0
91,d64b2da8ffb65c16,True,1.0,1.0,0.0,1.0,0.917996095484862,1.0,1.0,1.0,0.0,,,,,,,,,,0.0
92,76b708c365e45536,True,0.0,1.0,1.0,1.0,1.0,0.0,1.0,1.0,0.0,,,,,,,,,,0.0
93,551cf39c34f75b25,True,1.0,1.0,1.0,1.0,0.4087150158648989,1.0,1.0,1.0,1.0,,,,,,,,,,0.8152234424577809
94,ce05573741b75133,True,1.0,1.0,1.0,1.0,1.0,1.0,1.0,1.0,0.0,,,,,,,,,,0.875
95,c1e0af56e9eb50b8,True,1.0,1.0,1.0,1.0,1.0,1.0,1.0,1.0,1.0,,,,,,,,,,1.0
96,0e272e003af65a71,True,1.0,1.0,1.0,1.0,0.8210290530857796,1.0,1.0,1.0,1.0,,,,,,,,,,0.9440715790893062
97,889aac2576295c91,True,1.0,1.0,1.0,1.0,0.8291419675134396,1.0,1.0,1.0,1.0,,,,,,,,,,0.9466068648479499
98,abbf1c193ac75f91,True,1.0,1.0,1.0,1.0,1.0,1.0,0.0,1.0,0.0,,,,,,,,,,0.75
99,529d2e20dc615c3b,True,0.0,1.0,1.0,1.0,1.0,0.0,1.0,1.0,1.0,,,,,,,,,,0.0
100,fe9e76e6cac35fba,True,0.0,1.0,1.0,1.0,0.563006296932123,0.0,1.0,1.0,0.0,,,,,,,,,,0.0
101,a6edd19740415b54,True,1.0,1.0,1.0,1.0,1.0,1.0,1.0,1.0,1.0,,,,,,,,,,1.0
102,67b05cf704325e6b,True,1.0,0.0,1.0,1.0,0.8075869694647482,1.0,0.0,1.0,1.0,,,,,,,,,,0.0
103,74c8385c2d845cde,True,1.0,1.0,1.0,1.0,0.5556314951445515,1.0,1.0,1.0,1.0,,,,,,,,,,0.8611348422326723
104,bb4f37403cea5b0e,True,1.0,1.0,1.0,1.0,0.6586739796131873,1.0,0.0,1.0,1.0,,,,,,,,,,0.768335618629121
105,a19d3096f2625fdb,True,1.0,1.0,1.0,1.0,1.0,1.0,1.0,1.0,1.0,,,,,,,,,,1.0
106,4972962184a75fa7,True,1.0,0.0,1.0,1.0,0.7411217226169932,1.0,1.0,1.0,1.0,,,,,,,,,,0.0
107,e1f6c044f4235462,True,1.0,1.0,1.0,1.0,0.4610805702861978,1.0,1.0,1.0,1.0,,,,,,,,,,0.8315876782144368
108,0cd0aaeb35c95094,True,1.0,1.0,1.0,1.0,1.0,1.0,1.0,1.0,1.0,,,,,,,,,,1.0
109,f3ca2707d87a586b,True,1.0,0.0,1.0,1.0,1.0,1.0,1.0,1.0,1.0,,,,,,,,,,0.0
110,087023402a695ba3,True,1.0,1.0,1.0,1.0,1.0,1.0,1.0,1.0,1.0,,,,,,,,,,1.0
111,43162b00fe4550b8,True,1.0,0.0,1.0,1.0,0.8323992557585884,0.0,0.0,1.0,0.0,,,,,,,,,,0.0
112,afbf82af256b5711,True,1.0,1.0,1.0,1.0,1.0,0.0,1.0,1.0,1.0,,,,,,,,,,0.6875
113,8c689c4b2df55539,True,1.0,1.0,1.0,1.0,0.6311388861337698,1.0,1.0,1.0,1.0,,,,,,,,,,0.884730901916803
114,ef7089ecfb0c5028,True,1.0,0.0,1.0,1.0,1.0,1.0,1.0,1.0,1.0,,,,,,,,,,0.0
115,2b8cde20754c5f0c,True,1.0,1.0,1.0,1.0,1.0,1.0,1.0,1.0,0.0,,,,,,,,,,0.875
116,f1bdf7e4e9f5534e,True,1.0,1.0,1.0,1.0,0.8159786409533214,1.0,0.0,1.0,1.0,,,,,,,,,,0.817493325297913
117,e244b2ddf97a57d6,True,1.0,0.0,1.0,1.0,0.7817661041412984,1.0,1.0,1.0,1.0,,,,,,,,,,0.0
118,c02f04af32b75648,True,1.0,1.0,1.0,1.0,0.7845556846728183,1.0,1.0,1.0,0.0,,,,,,,,,,0.8076736514602557
119,3b1e0182cb145b8d,True,0.0,0.0,0.5,1.0,1.0,0.0,1.0,0.0,0.0,,,,,,,,,,0.0
120,afe83cb6c0ae5f67,True,1.0,0.0,1.0,1.0,0.8373855925503303,1.0,0.0,1.0,0.0,,,,,,,,,,0.0
121,262333f372975eef,True,1.0,1.0,1.0,1.0,1.0,1.0,1.0,1.0,1.0,,,,,,,,,,1.0
122,faa8cd5e541a5b67,True,1.0,1.0,1.0,1.0,1.0,1.0,0.0,1.0,1.0,,,,,,,,,,0.875
123,cc4bdc0160e157c4,True,1.0,1.0,1.0,1.0,0.6648500887900831,1.0,1.0,1.0,1.0,,,,,,,,,,0.895265652746901
124,9d9762d42ff5561d,True,1.0,1.0,1.0,1.0,1.0,1.0,1.0,1.0,1.0,,,,,,,,,,1.0
125,e0b92501aa5051b1,True,0.0,1.0,1.0,1.0,1.0,0.0,1.0,1.0,1.0,,,,,,,,,,0.0
126,f0b6499b393152be,True,1.0,0.0,1.0,1.0,1.0,1.0,0.0,1.0,0.0,,,,,,,,,,0.0
127,697882c22eb65ca7,True,0.5,0.0,0.5,1.0,0.6232104234829494,0.0,1.0,1.0,0.0,,,,,,,,,,0.0
128,9502cdbb06dd516f,True,1.0,1.0,1.0,1.0,1.0,1.0,1.0,1.0,1.0,,,,,,,,,,1.0
129,cef1a4b302b45ad8,True,1.0,0.0,1.0,1.0,0.7764554386921627,1.0,0.0,1.0,1.0,,,,,,,,,,0.0
130,5da314e6404c5213,True,1.0,1.0,1.0,1.0,1.0,1.0,1.0,1.0,1.0,,,,,,,,,,1.0
131,f289e368449b517b,True,0.5,0.0,0.5,1.0,0.7145450503590728,0.0,1.0,1.0,1.0,,,,,,,,,,0.0
132,179bc3ae5b9f56b0,True,1.0,1.0,1.0,1.0,0.8395652670407319,1.0,1.0,1.0,1.0,,,,,,,,,,0.9498641459502287
133,c9ca538cb3235e43,True,1.0,0.0,1.0,1.0,1.0,1.0,1.0,1.0,1.0,,,,,,,,,,0.0
134,ef703bb40b9a516c,True,1.0,0.0,1.0,1.0,0.9780407177617753,1.0,1.0,1.0,1.0,,,,,,,,,,0.0
135,afcd7846a4f35622,True,1.0,1.0,1.0,1.0,0.8942367255600747,1.0,1.0,1.0,1.0,,,,,,,,,,0.9669489767375233
136,5065e99644fb5fc2,True,1.0,0.0,1.0,1.0,1.0,1.0,1.0,1.0,0.0,,,,,,,,,,0.0
137,f1ae4feebfda5b75,True,1.0,1.0,1.0,1.0,0.8882466552268476,1.0,1.0,1.0,0.0,,,,,,,,,,0.8400770797583899
138,6b0d21782a3b5a22,True,1.0,1.0,1.0,1.0,0.5658052974077409,1.0,1.0,1.0,1.0,,,,,,,,,,0.864314155439919
139,83e895f722575452,True,1.0,1.0,1.0,1.0,0.4873423193728048,1.0,1.0,1.0,1.0,,,,,,,,,,0.8397944748040015
140,f038fc7ffdab5bad,True,1.0,1.0,1.0,1.0,1.0,1.0,1.0,1.0,0.0,,,,,,,,,,0.875
141,ad47566ea29a57bf,True,1.0,0.0,1.0,1.0,0.7074348147110235,1.0,1.0,1.0,1.0,,,,,,,,,,0.0
142,ed3db88f99a05a6c,True,1.0,1.0,1.0,1.0,0.697378166501086,1.0,1.0,1.0,1.0,,,,,,,,,,0.9054306770315894
143,112db94505025ec5,True,1.0,1.0,1.0,1.0,0.7665859964371925,1.0,1.0,1.0,0.0,,,,,,,,,,0.8020581238866227
144,2c8a58b94332570d,True,1.0,1.0,1.0,1.0,0.5430136830597946,1.0,1.0,1.0,1.0,,,,,,,,,,0.8571917759561858
145,7b22018666ac5b0e,True,1.0,0.0,1.0,1.0,0.8663111921001213,1.0,1.0,1.0,1.0,,,,,,,,,,0.0
146,75ffe77189e95d43,True,1.0,0.0,1.0,1.0,0.7120420345982993,1.0,1.0,1.0,0.0,,,,,,,,,,0.0
147,de1662269d685ce0,True,1.0,0.0,1.0,1.0,1.0,1.0,1.0,1.0,1.0,,,,,,,,,,0.0
148,4fbfc7dc71db50e2,True,1.0,1.0,1.0,1.0,0.7717752493036196,1.0,1.0,1.0,1.0,,,,,,,,,,0.9286797654073811
149,1c5c2e372dc954cd,True,1.0,1.0,1.0,1.0,1.0,1.0,1.0,1.0,0.0,,,,,,,,,,0.875
150,d20be65e3dc65738,True,1.0,0.0,1.0,1.0,0.9092301934347866,1.0,1.0,1.0,1.0,,,,,,,,,,0.0
151,467879c3d37054f5,True,1.0,1.0,1.0,1.0,0.7821504026598496,1.0,1.0,1.0,0.0,,,,,,,,,,0.806922000831203
152,c7a44a2e52bc5e22,True,1.0,1.0,0.0,1.0,0.9370379093746617,1.0,1.0,1.0,0.0,,,,,,,,,,0.0
153,771c4e378bef58e4,True,1.0,1.0,1.0,1.0,1.0,1.0,1.0,1.0,1.0,,,,,,,,,,1.0
154,398326681cd7500a,True,0.0,1.0,1.0,1.0,0.8532221178767758,0.0,1.0,1.0,1.0,,,,,,,,,,0.0
155,aeeba19e19c35ccb,True,1.0,1.0,1.0,1.0,0.7800603775159378,1.0,1.0,1.0,0.0,,,,,,,,,,0.8062688679737305
156,3921f38b62d55f1a,True,1.0,1.0,1.0,1.0,1.0,1.0,1.0,1.0,1.0,,,,,,,,,,1.0
157,bcf787cdb66453f0,True,1.0,0.0,1.0,1.0,1.0,1.0,1.0,1.0,1.0,,,,,,,,,,0.0
158,a97ceb2edd0251f9,True,1.0,0.0,1.0,1.0,1.0,1.0,1.0,1.0,0.0,,,,,,,,,,0.0
159,3af9cb4d21e15e9e,True,1.0,1.0,1.0,1.0,0.4036380101439156,1.0,1.0,1.0,0.0,,,,,,,,,,0.6886368781699737
160,572e6c81e32958f2,True,1.0,1.0,1.0,1.0,0.7568065791327173,1.0,1.0,1.0,1.0,,,,,,,,,,0.9240020559789741
161,87eae54f57ea5690,True,1.0,0.0,0.0,1.0,0.8115762836923162,1.0,1.0,1.0,0.0,,,,,,,,,,0.0
162,557a287c11cc5960,True,1.0,1.0,1.0,1.0,1.0,1.0,1.0,1.0,1.0,,,,,,,,,,1.0
163,5d12ad55fdd858e1,True,1.0,0.0,1.0,1.0,0.8322765262496506,1.0,1.0,1.0,1.0,,,,,,,,,,0.0
164,5f4991d3d2ca5eee,True,1.0,1.0,1.0,1.0,0.24818768283617185,1.0,1.0,1.0,1.0,,,,,,,,,,0.7650586508863038
165,20cc0fdb7e2d5c3f,True,1.0,1.0,1.0,1.0,0.9000369829209227,1.0,1.0,1.0,1.0,,,,,,,,,,0.9687615571627883
166,57ef08c8f98457d7,True,1.0,1.0,1.0,1.0,0.8740539635330447,1.0,0.0,1.0,1.0,,,,,,,,,,0.8356418636040764
167,a713265a7f905034,True,1.0,1.0,1.0,0.0,1.0,1.0,1.0,1.0,1.0,,,,,,,,,,0.0
168,5d3573d6da7952d3,True,1.0,0.0,1.0,1.0,0.9829257166660155,1.0,1.0,1.0,1.0,,,,,,,,,,0.0
169,a7d3076a7b7b58b2,True,1.0,1.0,1.0,1.0,0.8678463221900763,1.0,1.0,1.0,1.0,,,,,,,,,,0.9587019756843989
170,c054f473288d5515,True,1.0,1.0,1.0,1.0,1.0,1.0,1.0,1.0,1.0,,,,,,,,,,1.0
171,fe8eddd5ec8654cd,True,1.0,1.0,1.0,1.0,0.7536015280345636,1.0,1.0,1.0,0.0,,,,,,,,,,0.7980004775108012
172,3128b8da22c75dd0,True,1.0,1.0,1.0,1.0,0.8015743165784391,1.0,1.0,1.0,0.0,,,,,,,,,,0.8129919739307623
173,0b1250020ea95539,True,1.0,1.0,1.0,1.0,0.7922181270090939,1.0,1.0,1.0,0.0,,,,,,,,,,0.8100681646903418
174,6326d00e52115da4,True,1.0,1.0,1.0,1.0,1.0,1.0,1.0,1.0,0.0,,,,,,,,,,0.875
175,c1839a3333695317,True,1.0,0.0,1.0,1.0,1.0,1.0,1.0,1.0,1.0,,,,,,,,,,0.0
176,680c8d90658556da,True,1.0,0.0,0.0,1.0,0.6868277633221462,1.0,1.0,1.0,1.0,,,,,,,,,,0.0
177,dc207d97e04f5ce1,True,1.0,1.0,1.0,1.0,1.0,1.0,1.0,0.0,0.0,,,,,,,,,,0.75
178,442b2cf63c6f570a,True,1.0,1.0,1.0,1.0,0.6892558260293083,1.0,1.0,1.0,1.0,,,,,,,,,,0.9028924456341588
179,a8a34f54618050f6,True,1.0,1.0,1.0,1.0,0.8636729092698247,1.0,1.0,1.0,0.0,,,,,,,,,,0.8323977841468202
180,f7a9f82f17b256e2,True,1.0,1.0,1.0,1.0,0.9645983073731484,1.0,1.0,1.0,1.0,,,,,,,,,,0.9889369710541089
181,1c77ba7488d35c52,True,1.0,0.0,1.0,1.0,0.9329134965776091,1.0,0.0,1.0,1.0,,,,,,,,,,0.0
182,35b84fa433f0583f,True,1.0,1.0,1.0,1.0,0.4872516132672561,1.0,1.0,1.0,1.0,,,,,,,,,,0.8397661291460176
183,8486dcafaee75d76,True,1.0,1.0,1.0,1.0,1.0,1.0,1.0,1.0,1.0,,,,,,,,,,1.0
184,25e9d76574075cee,True,1.0,0.0,1.0,1.0,0.6136831899588429,1.0,1.0,1.0,1.0,,,,,,,,,,0.0
185,9483fae2cfc352eb,True,1.0,1.0,1.0,1.0,0.6493692452230347,1.0,1.0,1.0,0.0,,,,,,,,,,0.7654278891321984
186,1e9350ac2bc25f59,True,1.0,1.0,1.0,1.0,0.5075125164606475,1.0,1.0,1.0,0.0,,,,,,,,,,0.7210976613939524
187,2575048779565f0b,True,1.0,0.0,0.5,1.0,0.8866942212379878,1.0,1.0,1.0,1.0,,,,,,,,,,0.0
188,2c5cbab120595d79,True,1.0,1.0,1.0,1.0,0.839717388699249,1.0,1.0,1.0,1.0,,,,,,,,,,0.9499116839685153
189,36899d67473c5c91,True,1.0,1.0,1.0,1.0,1.0,1.0,1.0,1.0,0.0,,,,,,,,,,0.875
190,fe22e2c812e65096,True,1.0,1.0,1.0,1.0,0.5456161533517913,1.0,1.0,1.0,1.0,,,,,,,,,,0.8580050479224348
191,4aa44e006ca9579e,True,1.0,0.0,1.0,1.0,0.7915464072090301,1.0,1.0,1.0,1.0,,,,,,,,,,0.0
192,4d5a01dea92b5867,True,1.0,1.0,1.0,1.0,1.0,1.0,1.0,1.0,0.0,,,,,,,,,,0.875
193,3c542be991515ccd,True,1.0,0.0,1.0,1.0,0.6967569481856021,1.0,0.0,1.0,1.0,,,,,,,,,,0.0
194,99ebd32df2f453f8,True,1.0,0.0,1.0,1.0,0.9877176286546503,1.0,1.0,1.0,1.0,,,,,,,,,,0.0
195,62103d9b18645ebd,True,0.0,1.0,1.0,1.0,1.0,0.0,1.0,1.0,0.0,,,,,,,,,,0.0
196,b35e48a419d7577f,True,1.0,1.0,1.0,1.0,0.6547652358065191,1.0,1.0,1.0,1.0,,,,,,,,,,0.8921141361895373
197,e5d2a01ab5b0562a,True,1.0,1.0,1.0,1.0,0.7715553205141367,1.0,1.0,1.0,1.0,,,,,,,,,,0.9286110376606678
198,02a81792cbdb5dd5,True,1.0,1.0,1.0,1.0,1.0,1.0,0.0,1.0,1.0,,,,,,,,,,0.875
199,85f2b1f1f1f45b5c,True,1.0,1.0,1.0,1.0,1.0,1.0,0.0,1.0,1.0,,,,,,,,,,0.875
200,eed801b1cd035275,True,0.0,0.0,1.0,1.0,1.0,0.0,1.0,1.0,1.0,,,,,,,,,,0.0
201,52deeca9acf35603,True,1.0,1.0,1.0,1.0,1.0,1.0,1.0,1.0,1.0,,,,,,,,,,1.0
202,dd35be6455fe566b,True,1.0,1.0,1.0,1.0,0.33781219462247625,1.0,1.0,1.0,1.0,,,,,,,,,,0.7930663108195238
203,1ea152f7056659a9,True,1.0,0.0,1.0,1.0,1.0,1.0,1.0,1.0,0.0,,,,,,,,,,0.0
204,2382542e05f253df,True,1.0,1.0,1.0,1.0,0.8422693768691488,1.0,1.0,1.0,1.0,,,,,,,,,,0.950709180271609
205,e22c42694be05703,True,1.0,1.0,1.0,1.0,0.5761444682885721,1.0,1.0,1.0,1.0,,,,,,,,,,0.8675451463401788
206,5d5d1442b83d5c5c,True,1.0,1.0,1.0,1.0,0.4814747324628976,1.0,1.0,1.0,1.0,,,,,,,,,,0.8379608538946555
207,e1886e081b945907,True,1.0,1.0,1.0,1.0,0.4808595565800644,1.0,1.0,1.0,1.0,,,,,,,,,,0.8377686114312701
208,11d28b80cd0a56d5,True,1.0,1.0,1.0,1.0,0.9001278683429078,1.0,1.0,1.0,1.0,,,,,,,,,,0.9687899588571587
209,70d9d518ad0f5382,True,1.0,1.0,1.0,1.0,1.0,1.0,1.0,1.0,1.0,,,,,,,,,,1.0
210,131ab0263b07507c,True,1.0,1.0,1.0,1.0,1.0,1.0,1.0,1.0,0.0,,,,,,,,,,0.875
211,34489cf42e005e93,True,0.0,1.0,1.0,1.0,1.0,1.0,1.0,1.0,0.0,,,,,,,,,,0.0
212,c296ded44f9a509a,True,1.0,1.0,1.0,1.0,0.8638318400791236,1.0,1.0,1.0,1.0,,,,,,,,,,0.9574474500247261
213,b031a0b55ab951f8,True,1.0,0.0,1.0,1.0,0.8492844158627604,1.0,1.0,1.0,0.0,,,,,,,,,,0.0
214,6e3cf172a2755fae,True,1.0,1.0,1.0,1.0,1.0,1.0,1.0,1.0,0.0,,,,,,,,,,0.875
215,9b0a5826d2d357d8,True,1.0,1.0,1.0,1.0,0.7188517508915806,1.0,0.0,1.0,1.0,,,,,,,,,,0.787141172153619
216,71405d414236553c,True,1.0,1.0,1.0,1.0,0.7679100389813646,1.0,1.0,1.0,1.0,,,,,,,,,,0.9274718871816764
217,f1ca8dd77f205599,True,1.0,1.0,1.0,1.0,0.8450075156834091,1.0,1.0,1.0,0.0,,,,,,,,,,0.8265648486510654
218,613c9ac33f6951ca,True,1.0,1.0,1.0,1.0,0.7890785267518181,1.0,1.0,1.0,1.0,,,,,,,,,,0.9340870396099432
219,8cec7d21f7dc540b,True,1.0,0.0,1.0,1.0,0.6050948335133658,1.0,1.0,1.0,1.0,,,,,,,,,,0.0
220,06c9339fdc3e5404,True,1.0,1.0,1.0,1.0,0.8342534090591321,1.0,1.0,1.0,0.0,,,,,,,,,,0.8232041903309788
221,c3d6016d73645955,True,1.0,1.0,1.0,1.0,1.0,1.0,1.0,1.0,1.0,,,,,,,,,,1.0
222,773cb036b1195879,True,1.0,1.0,1.0,1.0,1.0,0.0,1.0,1.0,1.0,,,,,,,,,,0.6875
223,d50b69bed8f2570c,True,1.0,1.0,1.0,1.0,0.6605244432290527,1.0,1.0,1.0,0.0,,,,,,,,,,0.7689138885090789
224,f56b0cc9c9d95421,True,1.0,1.0,1.0,1.0,1.0,1.0,1.0,1.0,1.0,,,,,,,,,,1.0
225,0dd3256035e75770,True,1.0,1.0,1.0,1.0,0.22855418166718608,1.0,1.0,1.0,0.0,,,,,,,,,,0.6339231817709956
226,3623049267d35a95,True,1.0,1.0,1.0,1.0,1.0,1.0,1.0,1.0,1.0,,,,,,,,,,1.0
227,b1906c6b8b8f5f56,True,1.0,1.0,1.0,1.0,1.0,1.0,1.0,1.0,0.0,,,,,,,,,,0.875
228,99a98a7ffb075389,True,1.0,1.0,1.0,1.0,0.3299945315398049,1.0,1.0,1.0,1.0,,,,,,,,,,0.790623291106189
229,a59bd481d324594a,True,1.0,0.0,0.5,1.0,0.8009310700822104,1.0,1.0,1.0,0.0,,,,,,,,,,0.0
230,efa80e78fce1525d,True,1.0,1.0,1.0,1.0,1.0,1.0,1.0,1.0,0.0,,,,,,,,,,0.875
231,23d647e77f2d515e,True,1.0,1.0,1.0,1.0,0.8466916465935409,0.0,1.0,1.0,1.0,,,,,,,,,,0.6395911395604815
232,8d0697930b5e5df0,True,1.0,1.0,1.0,1.0,1.0,1.0,1.0,1.0,0.0,,,,,,,,,,0.875
233,008844070af456e3,True,1.0,1.0,1.0,1.0,0.35132771346126046,1.0,1.0,1.0,1.0,,,,,,,,,,0.7972899104566439
234,b867b28707205c0b,True,1.0,1.0,1.0,1.0,0.7342707505367462,1.0,1.0,1.0,0.0,,,,,,,,,,0.7919596095427331
235,14fe69db03425780,True,1.0,0.0,1.0,1.0,0.8660787385891715,1.0,0.0,1.0,1.0,,,,,,,,,,0.0
236,289a58bd2ab6512b,True,1.0,1.0,1.0,1.0,0.6337689286152078,1.0,0.0,1.0,1.0,,,,,,,,,,0.7605527901922524
237,afa8102c20685ec5,True,1.0,1.0,1.0,1.0,0.22106389382234806,1.0,1.0,1.0,1.0,,,,,,,,,,0.7565824668194838
238,c1d95d8a3260541c,True,1.0,1.0,1.0,1.0,0.8981535782064201,1.0,1.0,1.0,1.0,,,,,,,,,,0.9681729931895062
239,e8daa33268685b31,True,1.0,0.0,1.0,1.0,1.0,1.0,1.0,1.0,1.0,,,,,,,,,,0.0
240,ce8a292cbd7f54d5,True,1.0,1.0,1.0,1.0,0.8860272921408694,1.0,1.0,1.0,0.0,,,,,,,,,,0.8393835287940217
241,12d426c6727d507a,True,1.0,1.0,1.0,1.0,0.4880266291677365,1.0,1.0,1.0,1.0,,,,,,,,,,0.8400083216149177
242,b393ab92c8ac5e77,True,1.0,1.0,1.0,1.0,0.8792753371572065,1.0,1.0,0.0,0.0,,,,,,,,,,0.712273542861627
243,2e1d4bde0a16514b,True,1.0,1.0,1.0,1.0,0.5762478404564028,1.0,1.0,1.0,1.0,,,,,,,,,,0.8675774501426259
244,84b8eb5b1a5757c1,True,1.0,1.0,1.0,1.0,0.7684700249046954,1.0,1.0,1.0,1.0,,,,,,,,,,0.9276468827827173
245,a43dbb1d34665f24,True,1.0,0.0,1.0,1.0,0.5398505561332031,1.0,1.0,1.0,1.0,,,,,,,,,,0.0
246,79e8f1ce9ed95cf6,True,1.0,1.0,1.0,1.0,0.3158432453453981,1.0,1.0,1.0,1.0,,,,,,,,,,0.786201014170437
247,ae05160436d45a62,True,1.0,0.0,1.0,1.0,0.8516168985458502,1.0,0.0,1.0,1.0,,,,,,,,,,0.0
248,dddf14378c355c3a,True,1.0,0.0,1.0,1.0,0.8294595667283851,1.0,1.0,1.0,1.0,,,,,,,,,,0.0
249,5e74b6a61b715f47,True,1.0,1.0,0.0,1.0,1.0,1.0,1.0,1.0,0.0,,,,,,,,,,0.0
250,342f42c4b2855ffb,True,1.0,1.0,1.0,1.0,0.5193466128042087,1.0,1.0,1.0,1.0,,,,,,,,,,0.8497958165013152
251,07846b829b3a575e,True,1.0,1.0,1.0,1.0,0.6930847385330832,1.0,1.0,1.0,1.0,,,,,,,,,,0.9040889807915885
252,082ea12d7b2355cb,True,1.0,1.0,1.0,1.0,1.0,1.0,1.0,1.0,1.0,,,,,,,,,,1.0
253,e41740b9529753af,True,0.0,1.0,1.0,1.0,1.0,0.0,1.0,1.0,1.0,,,,,,,,,,0.0
254,f29d6171f46b551d,True,1.0,1.0,1.0,1.0,1.0,1.0,1.0,1.0,1.0,,,,,,,,,,1.0
255,46deeff0d0495df6,True,1.0,1.0,1.0,1.0,0.780090091887047,1.0,1.0,1.0,1.0,,,,,,,,,,0.9312781537147021
256,bf00c76f25185b83,True,1.0,1.0,1.0,1.0,0.6233210354880806,1.0,1.0,1.0,1.0,,,,,,,,,,0.8822878235900252
257,1abf52a927025259,True,1.0,1.0,1.0,1.0,0.8580776995112017,1.0,1.0,1.0,1.0,,,,,,,,,,0.9556492810972506
258,73b2c72a73b458ca,True,1.0,1.0,1.0,1.0,0.7383429060055638,1.0,1.0,1.0,1.0,,,,,,,,,,0.9182321581267388
259,0fde069313a35062,True,1.0,0.0,1.0,1.0,1.0,1.0,1.0,1.0,1.0,,,,,,,,,,0.0
260,e74ca27f40755297,True,1.0,0.0,1.0,1.0,1.0,1.0,1.0,1.0,1.0,,,,,,,,,,0.0
261,df72dca23ca45733,True,1.0,1.0,1.0,1.0,1.0,1.0,1.0,1.0,0.0,,,,,,,,,,0.875
262,56c64f7e47b15e0d,True,1.0,1.0,1.0,1.0,1.0,1.0,1.0,1.0,1.0,,,,,,,,,,1.0
263,712427ff1635596c,True,0.0,1.0,1.0,1.0,0.6488698027319054,0.0,1.0,1.0,0.0,,,,,,,,,,0.0
264,cb02d1e1315a5e67,True,1.0,1.0,1.0,1.0,0.8828531493056593,1.0,1.0,1.0,0.0,,,,,,,,,,0.8383916091580186
265,b60afdbc7cc65971,True,1.0,1.0,1.0,1.0,1.0,1.0,1.0,1.0,1.0,,,,,,,,,,1.0
266,b2abc819ebf45c11,True,1.0,1.0,1.0,1.0,1.0,1.0,1.0,1.0,1.0,,,,,,,,,,1.0
267,64a7186ab49b5cdc,True,1.0,1.0,1.0,1.0,0.7649188545076157,1.0,1.0,1.0,1.0,,,,,,,,,,0.9265371420336299
268,f8b524a4e8925503,True,1.0,0.0,1.0,1.0,0.973828530081151,1.0,1.0,1.0,1.0,,,,,,,,,,0.0
269,a67c6744e6c45edb,True,1.0,1.0,1.0,1.0,0.6846351339464667,1.0,1.0,1.0,0.0,,,,,,,,,,0.7764484793582709
270,63980d0b4c9352c4,True,1.0,1.0,1.0,1.0,0.723320291971255,1.0,1.0,1.0,0.0,,,,,,,,,,0.7885375912410172
271,d5b86f3b51d3535c,True,0.0,1.0,1.0,1.0,0.8797563728641278,1.0,1.0,0.0,0.0,,,,,,,,,,0.0
272,a5f411a2c379503d,True,1.0,1.0,1.0,1.0,0.7081313123756852,1.0,1.0,1.0,1.0,,,,,,,,,,0.9087910351174016
273,8fb11d5808355072,True,0.0,1.0,1.0,1.0,1.0,0.0,1.0,1.0,1.0,,,,,,,,,,0.0
274,5c838efd36805c92,True,1.0,1.0,1.0,1.0,0.8193364101182768,1.0,1.0,1.0,1.0,,,,,,,,,,0.9435426281619614
275,cd9d029138325c2c,True,1.0,1.0,1.0,1.0,0.8772187855168053,1.0,1.0,1.0,1.0,,,,,,,,,,0.9616308704740016
276,c195a8cb7ccb59fd,True,1.0,0.0,1.0,1.0,0.44229513749558114,1.0,1.0,1.0,1.0,,,,,,,,,,0.0
277,f41cf739059453a4,True,1.0,1.0,1.0,1.0,0.5839207184631416,1.0,1.0,1.0,1.0,,,,,,,,,,0.8699752245197317
278,6c9e40634f705f56,True,1.0,1.0,1.0,1.0,0.7031655318565082,1.0,1.0,1.0,1.0,,,,,,,,,,0.9072392287051588
279,132307b3c1a55f97,True,1.0,1.0,0.5,1.0,1.0,1.0,1.0,1.0,0.0,,,,,,,,,,0.4375
280,6b7c5199f84e5aac,True,1.0,1.0,1.0,1.0,0.9856241554062188,1.0,1.0,1.0,0.0,,,,,,,,,,0.8705075485644433
281,8f5b6181d28e5d4a,True,1.0,1.0,1.0,1.0,0.8641420125494989,1.0,1.0,1.0,1.0,,,,,,,,,,0.9575443789217184
282,ac7bd595b9a3544c,True,1.0,1.0,1.0,1.0,1.0,1.0,1.0,1.0,1.0,,,,,,,,,,1.0
283,69baa41122b45e43,True,1.0,1.0,1.0,1.0,0.8401059350262091,1.0,1.0,1.0,1.0,,,,,,,,,,0.9500331046956904
284,7af0e9b8a12056e8,True,1.0,1.0,1.0,1.0,0.9173200166467649,1.0,1.0,1.0,1.0,,,,,,,,,,0.974162505202114
285,e2ae05340dba502d,True,1.0,0.0,1.0,1.0,0.7100431027578488,1.0,1.0,1.0,0.0,,,,,,,,,,0.0
286,ffe92084016a5795,True,1.0,1.0,1.0,1.0,0.45694263104408767,1.0,1.0,1.0,0.0,,,,,,,,,,0.7052945722012773
287,a3f2ea7187975b13,True,1.0,1.0,1.0,1.0,1.0,1.0,1.0,1.0,1.0,,,,,,,,,,1.0
288,082988f40658562c,True,0.0,1.0,1.0,1.0,1.0,0.0,1.0,1.0,0.0,,,,,,,,,,0.0
289,8a492ff6a81054a7,True,1.0,1.0,1.0,1.0,1.0,1.0,0.0,1.0,0.0,,,,,,,,,,0.75
290,a5183d5f2da251fa,True,1.0,1.0,1.0,1.0,1.0,1.0,1.0,1.0,1.0,,,,,,,,,,1.0
291,75b6813b1f4556ce,True,1.0,1.0,1.0,1.0,1.0,1.0,1.0,1.0,1.0,,,,,,,,,,1.0
292,1981a85eb4ba5001,True,0.0,1.0,0.5,1.0,1.0,0.0,1.0,1.0,0.0,,,,,,,,,,0.0
293,352290f8ed8e572e,True,1.0,1.0,1.0,1.0,1.0,1.0,1.0,1.0,1.0,,,,,,,,,,1.0
294,257773cfd41d59d5,True,0.0,1.0,1.0,1.0,1.0,0.0,1.0,1.0,1.0,,,,,,,,,,0.0
295,f749ff64838c5664,True,1.0,0.0,1.0,1.0,1.0,1.0,1.0,1.0,0.0,,,,,,,,,,0.0
296,d45f18da371a5fe5,True,1.0,0.0,1.0,1.0,0.8843163133266121,1.0,0.0,1.0,1.0,,,,,,,,,,0.0
297,ce2f1ac423965b7a,True,1.0,1.0,1.0,1.0,0.9732266829353049,1.0,1.0,1.0,1.0,,,,,,,,,,0.9916333384172829
298,e1d83d0f913a5263,True,1.0,1.0,1.0,1.0,1.0,1.0,1.0,1.0,1.0,,,,,,,,,,1.0
299,b02bf210eda55579,True,1.0,1.0,1.0,1.0,1.0,1.0,0.0,1.0,0.0,,,,,,,,,,0.75
300,53a7531622255064,True,1.0,0.0,1.0,1.0,0.8943343798862673,1.0,1.0,1.0,1.0,,,,,,,,,,0.0
301,8846d60884435288,True,1.0,1.0,1.0,1.0,0.8419062613358971,1.0,1.0,1.0,0.0,,,,,,,,,,0.8255957066674678
302,ad34e2d0d3865530,True,1.0,1.0,1.0,1.0,0.6933313105162738,1.0,1.0,1.0,1.0,,,,,,,,,,0.9041660345363356
303,2391f12d7e6a5e7f,True,1.0,0.0,1.0,1.0,0.49320792211721926,1.0,1.0,1.0,1.0,,,,,,,,,,0.0
304,c7e06d79e58454ae,True,1.0,1.0,1.0,1.0,1.0,1.0,1.0,1.0,1.0,,,,,,,,,,1.0
305,deb455f53c805643,True,1.0,0.0,1.0,1.0,0.8746904123923068,1.0,1.0,0.0,0.0,,,,,,,,,,0.0
306,6b2cda5004dc5df9,True,1.0,1.0,1.0,1.0,1.0,1.0,1.0,1.0,1.0,,,,,,,,,,1.0
307,847432a116d35db0,True,0.0,1.0,1.0,1.0,1.0,0.0,1.0,1.0,1.0,,,,,,,,,,0.0
308,a2047f9cb3865b75,True,1.0,1.0,1.0,1.0,0.6061826155332896,1.0,1.0,1.0,0.0,,,,,,,,,,0.751932067354153
309,9191f3f8644d50cb,True,1.0,1.0,1.0,1.0,0.41172550793060714,1.0,0.0,1.0,0.0,,,,,,,,,,0.5661642212283147
310,6ae2bcc5c2c050e4,True,0.0,1.0,1.0,1.0,1.0,0.0,1.0,1.0,1.0,,,,,,,,,,0.0
311,16a738813dbe5496,True,1.0,1.0,1.0,1.0,0.585932371404733,1.0,1.0,1.0,1.0,,,,,,,,,,0.870603866063979
312,b474c79361415cb0,True,1.0,1.0,1.0,1.0,0.7961555663245742,1.0,1.0,1.0,0.0,,,,,,,,,,0.8112986144764294
313,cf05c9f4f6e55af3,True,1.0,1.0,1.0,1.0,0.803850978562349,1.0,1.0,1.0,1.0,,,,,,,,,,0.938703430800734
314,e024bd23594b5a13,True,1.0,1.0,1.0,1.0,1.0,1.0,0.0,1.0,1.0,,,,,,,,,,0.875
315,7feaf6410f1854a8,True,0.0,1.0,1.0,1.0,1.0,0.0,1.0,1.0,1.0,,,,,,,,,,0.0
316,184c11a8cc875403,True,1.0,1.0,1.0,1.0,0.8601396702057552,1.0,1.0,1.0,1.0,,,,,,,,,,0.9562936469392985
317,d5b18d6105c25004,True,1.0,1.0,1.0,1.0,1.0,1.0,1.0,1.0,1.0,,,,,,,,,,1.0
318,67debdeae60b5fa4,True,1.0,1.0,1.0,1.0,0.7574978786923252,1.0,1.0,1.0,1.0,,,,,,,,,,0.9242180870913517
319,aee07628c2ab5ce1,True,1.0,1.0,1.0,1.0,0.5430883234533482,1.0,0.0,1.0,1.0,,,,,,,,,,0.7322151010791713
320,77f11643ced5562a,True,0.0,1.0,1.0,1.0,1.0,0.0,1.0,1.0,0.0,,,,,,,,,,0.0
321,580dac44fa305877,True,1.0,1.0,1.0,1.0,0.6504221654805755,1.0,1.0,1.0,0.0,,,,,,,,,,0.7657569267126798
322,330166def5a35f4d,True,1.0,1.0,1.0,1.0,1.0,1.0,1.0,1.0,1.0,,,,,,,,,,1.0
323,66583dab627951a2,True,1.0,1.0,1.0,1.0,0.7187227421194824,1.0,1.0,1.0,0.0,,,,,,,,,,0.7871008569123382
324,d715fbc6ea0551f8,True,1.0,1.0,1.0,1.0,1.0,1.0,1.0,1.0,1.0,,,,,,,,,,1.0
325,452def672c5d592c,True,1.0,0.0,1.0,1.0,1.0,1.0,1.0,1.0,0.0,,,,,,,,,,0.0
326,ed01297783a05dba,True,1.0,1.0,1.0,1.0,1.0,1.0,1.0,1.0,0.0,,,,,,,,,,0.875
327,c28c7b29e80059d2,True,1.0,1.0,1.0,1.0,0.8806895040377061,1.0,1.0,1.0,1.0,,,,,,,,,,0.9627154700117831
328,00c1e4eb4a045f20,True,1.0,1.0,1.0,1.0,0.7487208861485971,1.0,1.0,1.0,1.0,,,,,,,,,,0.9214752769214366
329,5521dd071ee95c1a,True,1.0,1.0,1.0,1.0,0.9438413591715543,1.0,1.0,1.0,1.0,,,,,,,,,,0.9824504247411108
330,faa12c2adc7c521f,True,1.0,0.0,1.0,1.0,0.7783316207601005,1.0,1.0,1.0,0.0,,,,,,,,,,0.0
331,13310ca9a7715154,True,1.0,1.0,1.0,1.0,1.0,1.0,1.0,1.0,1.0,,,,,,,,,,1.0
332,e9b43b140b1d54bf,True,1.0,1.0,1.0,1.0,1.0,1.0,1.0,1.0,1.0,,,,,,,,,,1.0
333,7da863f64a5f5e90,True,1.0,0.0,1.0,1.0,0.8265747128406405,1.0,1.0,1.0,1.0,,,,,,,,,,0.0
334,4a919f7ea2f65200,True,1.0,0.0,1.0,1.0,1.0,1.0,1.0,1.0,1.0,,,,,,,,,,0.0
335,493c90dce63d5653,True,1.0,0.0,1.0,1.0,1.0,1.0,1.0,1.0,1.0,,,,,,,,,,0.0
336,1682c020a94054fa,True,1.0,1.0,1.0,1.0,0.8775906060126518,1.0,1.0,1.0,1.0,,,,,,,,,,0.9617470643789536
337,afd632f043e35a49,True,1.0,1.0,1.0,1.0,0.8529905434344248,1.0,1.0,1.0,1.0,,,,,,,,,,0.9540595448232578
338,95b1bc0848e85064,True,1.0,1.0,1.0,1.0,0.46051874993485187,1.0,1.0,1.0,1.0,,,,,,,,,,0.8314121093546412
339,5feede5c5a3c5116,True,0.5,0.0,1.0,1.0,1.0,0.0,1.0,1.0,1.0,,,,,,,,,,0.0
340,1bc892186af15042,True,1.0,1.0,1.0,1.0,0.6805636087021537,1.0,1.0,1.0,1.0,,,,,,,,,,0.900176127719423
341,cbc268a868be50c2,True,1.0,0.0,0.5,1.0,1.0,1.0,1.0,1.0,1.0,,,,,,,,,,0.0
342,5c4d8dfcb0aa5541,True,1.0,0.0,1.0,1.0,0.5249692013254391,1.0,1.0,0.0,1.0,,,,,,,,,,0.0
343,af335d636f4c516e,True,1.0,1.0,1.0,1.0,1.0,1.0,1.0,1.0,1.0,,,,,,,,,,1.0
344,a7d3e71b8ca456a9,True,1.0,1.0,1.0,1.0,1.0,1.0,1.0,1.0,1.0,,,,,,,,,,1.0
345,470cfa23e42757c3,True,1.0,0.0,1.0,1.0,0.6229909302246395,1.0,1.0,1.0,1.0,,,,,,,,,,0.0
346,97c09fe94495563a,True,1.0,1.0,1.0,1.0,1.0,1.0,1.0,1.0,1.0,,,,,,,,,,1.0
347,5593db2f64115fbf,True,1.0,1.0,1.0,1.0,1.0,1.0,1.0,1.0,1.0,,,,,,,,,,1.0
348,70f72122f1605fa1,True,1.0,1.0,1.0,1.0,0.7809586361233104,1.0,1.0,1.0,0.0,,,,,,,,,,0.8065495737885345
349,3d324bda0cec57ab,True,1.0,1.0,1.0,1.0,0.946892030010818,1.0,1.0,1.0,0.0,,,,,,,,,,0.8584037593783806
350,063dc3e59f7158d9,True,1.0,1.0,1.0,1.0,0.8445260073756028,1.0,1.0,1.0,1.0,,,,,,,,,,0.9514143773048759
351,b9d14f59883a5496,True,1.0,0.0,1.0,1.0,0.8519289112668034,1.0,1.0,1.0,0.0,,,,,,,,,,0.0
352,a091a6a6033c559f,True,0.0,0.0,1.0,1.0,1.0,0.0,1.0,1.0,1.0,,,,,,,,,,0.0
353,98b414a515bb5b99,True,1.0,0.0,1.0,1.0,0.6548933824665272,1.0,1.0,1.0,0.0,,,,,,,,,,0.0
354,2352aa62dbbe58d2,True,1.0,1.0,1.0,1.0,0.5631022609366352,1.0,1.0,1.0,1.0,,,,,,,,,,0.8634694565426985
355,36419e8c59275f61,True,1.0,1.0,1.0,1.0,1.0,1.0,1.0,1.0,1.0,,,,,,,,,,1.0
356,f76112c834c25beb,True,1.0,0.0,1.0,1.0,0.6630677344419817,1.0,1.0,1.0,0.0,,,,,,,,,,0.0
357,20728d3e677b593d,True,1.0,0.0,1.0,1.0,0.5566885163847373,1.0,1.0,1.0,1.0,,,,,,,,,,0.0
358,c33bb70075e7594c,True,1.0,1.0,1.0,1.0,1.0,1.0,1.0,1.0,0.0,,,,,,,,,,0.875
359,813c23718919507a,True,1.0,1.0,0.0,1.0,1.0,1.0,1.0,1.0,0.0,,,,,,,,,,0.0
360,68097b10029d5fe1,True,1.0,1.0,1.0,1.0,0.9382921644274755,1.0,1.0,1.0,1.0,,,,,,,,,,0.9807163013835861
361,585a681f4ad95682,True,0.0,1.0,1.0,1.0,1.0,0.0,1.0,1.0,0.0,,,,,,,,,,0.0
362,bd2b1a4530a1538b,True,0.0,1.0,1.0,1.0,1.0,0.0,1.0,1.0,0.0,,,,,,,,,,0.0
363,ff44394af7265df3,True,1.0,1.0,1.0,1.0,0.6841932632536807,1.0,0.0,1.0,1.0,,,,,,,,,,0.7763103947667752
364,bd9abb7104dc5408,True,1.0,1.0,1.0,1.0,0.7586116363888356,1.0,1.0,1.0,1.0,,,,,,,,,,0.9245661363715111
365,ae472d675a965aca,True,1.0,1.0,1.0,1.0,0.7014124437623261,1.0,1.0,1.0,1.0,,,,,,,,,,0.9066913886757269
366,cfb755b8d37458ac,True,1.0,1.0,1.0,1.0,0.739507771483138,1.0,1.0,1.0,0.0,,,,,,,,,,0.7935961785884806
367,550f8f2c9795525c,True,1.0,1.0,1.0,1.0,0.3167624376687526,1.0,1.0,1.0,0.0,,,,,,,,,,0.6614882617714852
368,a44db880afe95be7,True,1.0,1.0,1.0,1.0,0.8668749909259221,1.0,0.0,1.0,1.0,,,,,,,,,,0.8333984346643506
369,28a4a08f11a05407,True,1.0,1.0,1.0,1.0,1.0,0.0,1.0,1.0,1.0,,,,,,,,,,0.6875
370,c7cb2e43b2d053b7,True,1.0,1.0,1.0,1.0,0.9303381210536349,1.0,1.0,1.0,0.0,,,,,,,,,,0.853230662829261
371,7d24bd01f77c5d87,True,1.0,1.0,1.0,1.0,0.8240092292722636,1.0,1.0,1.0,0.0,,,,,,,,,,0.8200028841475824
372,90314b74c92954d6,True,1.0,0.0,1.0,1.0,1.0,1.0,0.0,1.0,1.0,,,,,,,,,,0.0
373,c887e4bc08f85aa5,True,1.0,1.0,1.0,1.0,1.0,1.0,1.0,1.0,1.0,,,,,,,,,,1.0
374,689abfdd66235378,True,1.0,1.0,1.0,1.0,0.8846497915397473,1.0,0.0,1.0,1.0,,,,,,,,,,0.838953059856171
375,76c31764665151be,True,1.0,1.0,1.0,1.0,0.484447434773084,1.0,1.0,1.0,0.0,,,,,,,,,,0.7138898233665887
376,dd16377ecfa45fe0,True,1.0,0.0,1.0,1.0,1.0,0.0,1.0,1.0,1.0,,,,,,,,,,0.0
377,2030d3a5ed675084,True,1.0,0.0,1.0,1.0,1.0,1.0,1.0,1.0,1.0,,,,,,,,,,0.0
378,dded75c35039515f,True,1.0,1.0,1.0,1.0,1.0,1.0,1.0,1.0,1.0,,,,,,,,,,1.0
379,45ebc34cbe405c3e,True,1.0,1.0,1.0,1.0,0.9172747622951669,1.0,1.0,1.0,1.0,,,,,,,,,,0.9741483632172396
380,757c23c6819c589c,True,1.0,0.0,1.0,1.0,0.7729835070928267,1.0,0.0,1.0,1.0,,,,,,,,,,0.0
381,8d90099a801d5682,True,1.0,1.0,1.0,1.0,1.0,1.0,1.0,1.0,1.0,,,,,,,,,,1.0
382,99e0c0250e6e54c5,True,1.0,1.0,1.0,1.0,0.542881308943733,1.0,1.0,1.0,1.0,,,,,,,,,,0.8571504090449166
383,0802a51b0a1d512c,True,1.0,1.0,1.0,1.0,0.7850082311343796,1.0,1.0,1.0,0.0,,,,,,,,,,0.8078150722294937
384,f9a9b5ee707e501e,True,1.0,1.0,1.0,1.0,1.0,1.0,1.0,1.0,0.0,,,,,,,,,,0.875
385,09446e65ee9a55d3,True,0.0,1.0,1.0,1.0,1.0,0.0,1.0,0.0,0.0,,,,,,,,,,0.0
386,116aacf9868e5e4e,True,1.0,1.0,1.0,1.0,0.8666682285081847,1.0,1.0,1.0,1.0,,,,,,,,,,0.9583338214088077
387,ab4401719a355a62,True,1.0,1.0,1.0,1.0,1.0,1.0,0.0,1.0,1.0,,,,,,,,,,0.875
388,75857e1f177b5af4,True,1.0,1.0,1.0,1.0,0.5843450760427985,1.0,1.0,1.0,1.0,,,,,,,,,,0.8701078362633745
389,c574d461642f5deb,True,1.0,1.0,1.0,1.0,0.924616908157365,1.0,1.0,1.0,0.0,,,,,,,,,,0.8514427837991765
390,39a1ca97dca75beb,True,0.0,0.0,1.0,1.0,0.9704722062280333,0.0,1.0,1.0,1.0,,,,,,,,,,0.0
391,c656016133b05a15,True,1.0,1.0,1.0,1.0,1.0,1.0,1.0,1.0,1.0,,,,,,,,,,1.0
392,b6b5f3cc01a05f83,True,1.0,0.0,1.0,1.0,0.5103984393127456,1.0,0.0,1.0,1.0,,,,,,,,,,0.0
393,fa2c36ce4ba156cb,True,1.0,1.0,1.0,1.0,0.9413962135972727,1.0,1.0,1.0,1.0,,,,,,,,,,0.9816863167491476
394,8164612a623156ae,True,1.0,0.0,1.0,1.0,1.0,1.0,1.0,1.0,1.0,,,,,,,,,,0.0
395,ecc6da85180a5eee,True,1.0,1.0,0.0,1.0,1.0,1.0,0.0,1.0,1.0,,,,,,,,,,0.0
396,834cf95826ec5c73,True,1.0,0.0,1.0,1.0,0.7687153868542028,1.0,1.0,1.0,0.0,,,,,,,,,,0.0
397,e17587a96a795abf,True,1.0,1.0,1.0,1.0,0.5347937900479945,1.0,1.0,1.0,1.0,,,,,,,,,,0.8546230593899983
398,32e5d7e804c65214,True,1.0,1.0,1.0,1.0,1.0,1.0,1.0,1.0,1.0,,,,,,,,,,1.0
399,4dd1ab3a667b5074,True,1.0,0.0,1.0,1.0,1.0,1.0,1.0,1.0,1.0,,,,,,,,,,0.0
400,909655c780e152ac,True,1.0,1.0,1.0,1.0,1.0,1.0,1.0,1.0,1.0,,,,,,,,,,1.0
401,53f8bc4012fe5f29,True,1.0,1.0,1.0,1.0,0.768084526301463,1.0,1.0,1.0,0.0,,,,,,,,,,0.8025264144692071
402,17a015f4ef9b56d0,True,1.0,1.0,1.0,1.0,0.49054309078780717,1.0,1.0,1.0,1.0,,,,,,,,,,0.8407947158711897
403,bbb5018d017754d0,True,1.0,1.0,1.0,1.0,0.8194358156799176,1.0,1.0,1.0,1.0,,,,,,,,,,0.9435736923999742
404,63ec67c4a58a5e5b,True,1.0,0.0,1.0,1.0,0.6174471104827686,1.0,1.0,1.0,0.0,,,,,,,,,,0.0
405,223d02be29c65e81,True,1.0,1.0,1.0,1.0,0.735493785247665,1.0,1.0,1.0,0.0,,,,,,,,,,0.7923418078898953
406,dac84d4f931e54ab,True,0.0,1.0,1.0,1.0,0.7497436443959152,0.0,1.0,1.0,0.0,,,,,,,,,,0.0
407,42052560d5925f35,True,1.0,1.0,1.0,1.0,1.0,1.0,1.0,1.0,1.0,,,,,,,,,,1.0
408,f14e7ed78b5d55b4,True,1.0,1.0,1.0,1.0,0.7112663861465086,1.0,1.0,1.0,1.0,,,,,,,,,,0.909770745670784
409,3b3627c7892d5b5e,True,1.0,1.0,1.0,1.0,0.8090764799986353,1.0,1.0,1.0,1.0,,,,,,,,,,0.9403363999995735
410,2bd04a0902095129,True,1.0,0.0,0.5,1.0,1.0,1.0,1.0,1.0,0.0,,,,,,,,,,0.0
411,5379d354b9b95048,True,1.0,0.0,1.0,1.0,0.8284720445802434,1.0,1.0,1.0,1.0,,,,,,,,,,0.0
412,76a0c83f0b6453a0,True,1.0,1.0,1.0,1.0,0.819846007857146,1.0,1.0,1.0,1.0,,,,,,,,,,0.943701877455358
413,e46762b07ca45b74,True,1.0,0.0,0.0,1.0,0.6934008791293649,1.0,1.0,1.0,1.0,,,,,,,,,,0.0
414,c6bd79f439c254a0,True,1.0,1.0,1.0,1.0,0.8807050695946532,1.0,0.0,1.0,1.0,,,,,,,,,,0.8377203342483291
415,1a928640315c5332,True,1.0,0.0,1.0,1.0,0.987140407379271,1.0,1.0,1.0,1.0,,,,,,,,,,0.0
416,2033fff7b44e56db,True,1.0,1.0,1.0,1.0,0.9471389265237433,1.0,1.0,1.0,0.0,,,,,,,,,,0.8584809145386698
417,5c883441084d58d7,True,1.0,1.0,0.5,1.0,1.0,1.0,0.0,0.0,0.0,,,,,,,,,,0.3125
418,93ca181d363358eb,True,1.0,1.0,1.0,1.0,0.8737861385183129,1.0,1.0,1.0,0.0,,,,,,,,,,0.8355581682869728
419,a312f24a197d530c,True,1.0,1.0,1.0,1.0,0.9104502172081022,1.0,1.0,1.0,1.0,,,,,,,,,,0.9720156928775319
420,0e5653822a7a56b3,True,1.0,1.0,1.0,1.0,1.0,1.0,1.0,1.0,1.0,,,,,,,,,,1.0
421,153ae46b6ba65721,True,1.0,1.0,1.0,1.0,0.994197951447707,1.0,1.0,1.0,0.0,,,,,,,,,,0.8731868598274084
422,491a9b7a44225a75,True,1.0,1.0,1.0,1.0,1.0,1.0,1.0,0.0,0.0,,,,,,,,,,0.75
423,d20dc707981f56e7,True,1.0,1.0,1.0,1.0,1.0,1.0,1.0,1.0,1.0,,,,,,,,,,1.0
424,7857a22b3bc85bb4,True,1.0,0.0,1.0,1.0,0.9127691240392943,1.0,1.0,1.0,1.0,,,,,,,,,,0.0
425,515fefed28a65a88,True,1.0,1.0,1.0,1.0,0.7179173518783452,1.0,1.0,1.0,1.0,,,,,,,,,,0.9118491724619828
426,5d7c7edca69d5e73,True,0.0,1.0,1.0,1.0,1.0,0.0,1.0,1.0,0.0,,,,,,,,,,0.0
427,f6b9867069845fd2,True,1.0,1.0,1.0,1.0,1.0,1.0,1.0,1.0,1.0,,,,,,,,,,1.0
428,f2592c08589e5398,True,1.0,0.0,1.0,1.0,0.5755081812700497,1.0,1.0,1.0,1.0,,,,,,,,,,0.0
429,2ee150fedbb15345,True,1.0,1.0,1.0,1.0,0.6563490527399163,1.0,1.0,1.0,1.0,,,,,,,,,,0.8926090789812238
430,c7afdb652a9e5e73,True,1.0,1.0,1.0,1.0,1.0,1.0,1.0,1.0,1.0,,,,,,,,,,1.0
431,67bce1e28df25eaa,True,1.0,1.0,1.0,1.0,1.0,1.0,1.0,1.0,0.0,,,,,,,,,,0.875
432,e7f8a61d807f5914,True,1.0,1.0,1.0,1.0,0.9931472459703746,1.0,1.0,1.0,1.0,,,,,,,,,,0.9978585143657421
433,e747d6fdc59252f3,True,1.0,1.0,1.0,1.0,0.749646660450921,1.0,1.0,1.0,0.0,,,,,,,,,,0.7967645813909128
434,1a707ed0d7ba541d,True,1.0,0.0,1.0,1.0,0.8415201592509669,1.0,1.0,1.0,1.0,,,,,,,,,,0.0
435,197f2dea642850e7,True,1.0,1.0,1.0,1.0,0.6011868682175555,1.0,1.0,1.0,1.0,,,,,,,,,,0.875370896317986
436,a5ddad9bbb505316,True,1.0,1.0,1.0,1.0,0.8291032371067525,1.0,1.0,1.0,1.0,,,,,,,,,,0.9465947615958601
437,e9c2b75226b85cfe,True,1.0,1.0,1.0,1.0,0.6115592673694188,1.0,1.0,1.0,1.0,,,,,,,,,,0.8786122710529434
438,ca58b2e039305479,True,1.0,0.0,1.0,1.0,0.7969641078957354,1.0,1.0,1.0,1.0,,,,,,,,,,0.0
439,da56fca2caff52e4,True,1.0,0.0,1.0,1.0,0.656425475839153,1.0,1.0,1.0,0.0,,,,,,,,,,0.0
440,52b2e626eca85976,True,1.0,1.0,1.0,1.0,0.6906116429549867,1.0,1.0,1.0,1.0,,,,,,,,,,0.9033161384234334
441,cd7e4f70ce8e539b,True,1.0,0.0,1.0,1.0,0.46370332030073314,1.0,0.0,1.0,1.0,,,,,,,,,,0.0
442,ac55c7f072c6528d,True,1.0,0.0,1.0,1.0,0.8104054918005742,1.0,1.0,1.0,1.0,,,,,,,,,,0.0
443,d64a3964875f5b41,True,1.0,1.0,1.0,1.0,1.0,1.0,1.0,1.0,1.0,,,,,,,,,,1.0
444,b8d2227c06a351e4,True,1.0,1.0,1.0,1.0,0.38822252823691916,1.0,1.0,1.0,1.0,,,,,,,,,,0.8088195400740372
445,d073c3202a7e56da,True,1.0,1.0,1.0,1.0,1.0,0.0,1.0,1.0,1.0,,,,,,,,,,0.6875
446,8237f47b224952b4,True,1.0,1.0,1.0,1.0,0.9830702861684318,1.0,1.0,1.0,1.0,,,,,,,,,,0.994709464427635
447,f23073987e7956e3,True,1.0,1.0,1.0,1.0,0.4328085148647737,1.0,1.0,1.0,1.0,,,,,,,,,,0.8227526608952418
448,b9f3b69b160e5ad0,True,1.0,1.0,1.0,1.0,0.9344759621146339,1.0,1.0,1.0,0.0,,,,,,,,,,0.854523738160823
449,7b2f3235b4cb5374,True,1.0,1.0,1.0,1.0,0.5800209074564119,1.0,1.0,1.0,1.0,,,,,,,,,,0.8687565335801287
450,d6a8d396239dfefa0,True,,,,,,,,,,1.0,1.0,1.0,1.0,0.12195268536451448,1.0,1.0,1.0,1.0,0.7256102141764108
451,90074b411c5d7d55b,True,,,,,,,,,,1.0,1.0,1.0,1.0,0.32897356110663134,1.0,1.0,1.0,0.0,0.6653042378458223
452,4c0a48ba08d3935ff,True,,,,,,,,,,0.0,1.0,1.0,1.0,1.0,0.0,1.0,1.0,1.0,0.0
453,04fdae6a66181ea6f,True,,,,,,,,,,1.0,0.0,1.0,1.0,1.0,1.0,0.0,1.0,1.0,0.0
454,347e462886f69f614,True,,,,,,,,,,1.0,1.0,0.5,1.0,0.6197508429922607,1.0,0.0,1.0,0.0,0.31558606921754073
455,d8d45144c24388dfb,True,,,,,,,,,,1.0,0.0,1.0,1.0,1.0,1.0,0.0,1.0,1.0,0.0
456,72df155b106ed7e16,True,,,,,,,,,,1.0,0.0,1.0,1.0,0.6390581077383958,1.0,1.0,1.0,1.0,0.0
457,62c083fa4339253f3,True,,,,,,,,,,1.0,1.0,1.0,1.0,0.970070054572436,1.0,1.0,1.0,1.0,0.9906468920538862
458,d021a67c53a7865f3,True,,,,,,,,,,1.0,1.0,1.0,1.0,0.8593365097843232,1.0,0.0,1.0,0.0,0.706042659307601
459,7926b91284ef771fd,True,,,,,,,,,,1.0,0.0,1.0,1.0,0.9594717374038318,1.0,1.0,1.0,0.0,0.0
460,1c719a50f45d2db1e,True,,,,,,,,,,1.0,0.0,1.0,1.0,0.7510399787490428,1.0,0.0,1.0,1.0,0.0
461,7a1e5853909a335df,True,,,,,,,,,,1.0,1.0,0.5,1.0,0.6426844647975001,1.0,1.0,1.0,1.0,0.4441694476246094
462,9c849c1f3da3d7ffa,True,,,,,,,,,,1.0,0.0,1.0,1.0,0.7691343996083823,1.0,1.0,1.0,1.0,0.0
463,4222a702d3e9ef7bb,True,,,,,,,,,,1.0,1.0,1.0,1.0,1.0,1.0,0.0,1.0,1.0,0.875
464,facc7bdf3ca0a7492,True,,,,,,,,,,1.0,1.0,1.0,1.0,0.7870691650324863,1.0,0.0,1.0,0.0,0.6834591140726519
465,308f14ec6e576e4d7,True,,,,,,,,,,0.0,0.0,1.0,1.0,0.7659647586548728,0.0,0.0,1.0,0.0,0.0
466,35dbe67d467571cfb,True,,,,,,,,,,1.0,0.0,1.0,1.0,0.4278090679289631,1.0,0.0,1.0,0.0,0.0
467,2e5740aa26165ee89,True,,,,,,,,,,1.0,1.0,1.0,1.0,0.6224662481446528,1.0,1.0,1.0,1.0,0.882020702545204
468,7c2d2abd001548d86,True,,,,,,,,,,1.0,1.0,0.0,1.0,1.0,1.0,0.0,1.0,1.0,0.0
469,ac187965e42f68435,True,,,,,,,,,,1.0,1.0,1.0,1.0,0.5914939999738016,1.0,1.0,1.0,1.0,0.872341874991813
470,eb1f907b28806d98c,True,,,,,,,,,,1.0,1.0,1.0,1.0,0.7417621866920279,1.0,0.0,1.0,1.0,0.7943006833412587
471,525d0548f3cf8685b,True,,,,,,,,,,0.0,0.0,0.0,1.0,1.0,0.0,0.0,1.0,0.0,0.0
472,1a04dd2fcf47b0404,True,,,,,,,,,,1.0,1.0,1.0,1.0,0.554687390246612,1.0,1.0,1.0,1.0,0.8608398094520662
473,c4e1ff9b786c70034,True,,,,,,,,,,1.0,0.0,1.0,1.0,1.0,1.0,0.0,1.0,0.0,0.0
474,c3430498fdada1e4d,True,,,,,,,,,,1.0,1.0,1.0,1.0,0.780944616878798,1.0,0.0,1.0,1.0,0.8065451927746243
475,b73770a1de3ee8a3f,True,,,,,,,,,,1.0,1.0,1.0,1.0,0.4795148640269554,1.0,1.0,1.0,1.0,0.8373483950084235
476,b8a844b02dc16c393,True,,,,,,,,,,1.0,1.0,1.0,1.0,0.38579447014987417,1.0,1.0,1.0,0.0,0.6830607719218357
477,ec7a65597cb09372c,True,,,,,,,,,,1.0,1.0,0.0,1.0,0.8221732246382429,1.0,0.0,1.0,1.0,0.0
478,15b6cbe22ab535f70,True,,,,,,,,,,1.0,1.0,1.0,1.0,0.7839676271914845,1.0,1.0,1.0,0.0,0.807489883497339
479,ca0adf718f5972567,True,,,,,,,,,,1.0,0.0,1.0,1.0,0.756078751841759,1.0,1.0,1.0,1.0,0.0
480,d7db484a0d7198ab9,True,,,,,,,,,,1.0,0.0,1.0,1.0,1.0,1.0,0.0,1.0,1.0,0.0
481,d19cedf7c9391dacc,True,,,,,,,,,,1.0,0.0,1.0,1.0,1.0,1.0,0.0,1.0,0.0,0.0
482,31944303cafb772a3,True,,,,,,,,,,0.0,1.0,1.0,1.0,1.0,0.0,1.0,1.0,1.0,0.0
483,757cbf6c460160db5,True,,,,,,,,,,0.0,1.0,1.0,1.0,1.0,0.0,1.0,1.0,1.0,0.0
484,a9c58159eca823219,True,,,,,,,,,,0.0,0.0,1.0,1.0,1.0,0.0,1.0,1.0,0.0,0.0
485,aee14ef0a789e2911,True,,,,,,,,,,1.0,1.0,1.0,1.0,0.9475646170712143,1.0,1.0,1.0,1.0,0.9836139428347545
486,0165cb0adcfce3796,True,,,,,,,,,,1.0,0.0,1.0,1.0,1.0,1.0,1.0,1.0,1.0,0.0
487,9b4f213c9ca37efb2,True,,,,,,,,,,1.0,1.0,1.0,1.0,1.0,1.0,0.0,1.0,1.0,0.875
488,3eeb39076cf2c1547,True,,,,,,,,,,0.0,0.0,1.0,1.0,1.0,0.0,1.0,1.0,0.0,0.0
489,255c5f4408394746c,True,,,,,,,,,,1.0,1.0,1.0,1.0,1.0,1.0,0.0,1.0,1.0,0.875
490,15605fa49f762af2f,True,,,,,,,,,,1.0,1.0,1.0,1.0,0.41678545425110236,1.0,0.0,1.0,1.0,0.6927454544534695
491,893f024c9ae6bfd2c,True,,,,,,,,,,1.0,0.0,1.0,1.0,0.39254057209724563,1.0,1.0,1.0,1.0,0.0
492,dd8018127da6cb6ad,True,,,,,,,,,,1.0,1.0,1.0,1.0,0.4847005422461149,1.0,1.0,1.0,1.0,0.8389689194519109
493,1500bcfee0aae247d,True,,,,,,,,,,1.0,1.0,1.0,1.0,0.5946756492491806,1.0,1.0,1.0,0.0,0.748336140390369
494,3d093356af980da3c,True,,,,,,,,,,1.0,1.0,1.0,1.0,0.6623190962468113,1.0,1.0,1.0,1.0,0.8944747175771286
495,0ff0e427305289854,True,,,,,,,,,,1.0,0.0,1.0,1.0,1.0,1.0,0.0,1.0,1.0,0.0
496,f7608da692db5aeb1,True,,,,,,,,,,1.0,0.0,0.0,1.0,1.0,1.0,0.0,1.0,1.0,0.0
497,f32ce52441f70bfee,True,,,,,,,,,,1.0,1.0,1.0,1.0,0.831807104612032,1.0,1.0,1.0,1.0,0.94743972019126
498,eb16cfaf356e80f1f,True,,,,,,,,,,1.0,0.0,0.0,1.0,0.9166357038952755,1.0,0.0,1.0,1.0,0.0
499,6a1ac7cf335eb8310,True,,,,,,,,,,0.5,0.0,0.0,1.0,1.0,0.0,1.0,1.0,0.0,0.0
500,284604b19e5b66780,True,,,,,,,,,,1.0,0.0,1.0,1.0,0.6129832332527859,1.0,1.0,1.0,1.0,0.0
501,feff8b53a0025b738,True,,,,,,,,,,1.0,1.0,1.0,1.0,0.45011174895130324,1.0,0.0,1.0,0.0,0.5781599215472822
502,5e652ec452f5c3eb4,True,,,,,,,,,,1.0,1.0,1.0,1.0,0.8030250224660005,1.0,0.0,1.0,1.0,0.8134453195206252
503,d83d3619e63d183d6,True,,,,,,,,,,0.0,1.0,1.0,1.0,1.0,0.0,1.0,1.0,1.0,0.0
504,905ea255ddc3a837c,True,,,,,,,,,,1.0,1.0,1.0,1.0,0.7347374268199718,1.0,0.0,1.0,1.0,0.7921054458812412
505,86503ecf3c1b0f902,True,,,,,,,,,,1.0,1.0,1.0,1.0,0.7769431418354205,1.0,1.0,1.0,0.0,0.8052947318235689
506,02b1fffab31483b6f,True,,,,,,,,,,1.0,0.0,0.5,1.0,1.0,1.0,0.0,1.0,0.0,0.0
507,a810d97362a0219ed,True,,,,,,,,,,1.0,0.0,1.0,1.0,0.8444541803053636,1.0,1.0,1.0,0.0,0.0
508,43f7d2bb6b4b6f35a,True,,,,,,,,,,1.0,0.0,1.0,1.0,1.0,1.0,0.0,1.0,1.0,0.0
509,7570ff2ee6471c7cc,True,,,,,,,,,,1.0,1.0,1.0,1.0,0.766084676601616,1.0,0.0,1.0,1.0,0.801901461438005
510,f55f780bee7a572bb,True,,,,,,,,,,1.0,0.0,0.0,1.0,1.0,1.0,0.0,1.0,0.0,0.0
511,67df061cc3bf5fa44,True,,,,,,,,,,1.0,1.0,1.0,1.0,0.8746644220770616,1.0,1.0,1.0,0.0,0.8358326318990817
512,1efa58a926126dcc0,True,,,,,,,,,,1.0,0.0,1.0,1.0,0.41220130942009287,1.0,1.0,1.0,1.0,0.0
513,bee1f7c478d5663fc,True,,,,,,,,,,1.0,1.0,1.0,1.0,1.0,1.0,0.0,1.0,1.0,0.875
514,25c21cb66208cb6c6,True,,,,,,,,,,1.0,0.0,1.0,1.0,1.0,1.0,0.0,1.0,1.0,0.0
515,a9a2a4ccbd1a06bee,True,,,,,,,,,,1.0,0.0,1.0,1.0,0.9820741088658642,1.0,1.0,1.0,1.0,0.0
516,01123cb3db29c9287,True,,,,,,,,,,0.0,0.0,0.5,1.0,1.0,0.0,0.0,0.0,0.0,0.0
517,2bb929aa7298012be,True,,,,,,,,,,0.0,1.0,1.0,1.0,1.0,0.0,1.0,1.0,0.0,0.0
518,22e6f3013edf76fa7,True,,,,,,,,,,0.5,0.0,0.5,1.0,1.0,0.0,1.0,1.0,0.0,0.0
519,0eef4e705a397f8df,True,,,,,,,,,,1.0,1.0,1.0,1.0,0.731187406220281,1.0,0.0,1.0,1.0,0.7909960644438379
520,b594f9ffaa680c514,True,,,,,,,,,,1.0,0.0,1.0,1.0,0.6559921882740611,1.0,0.0,1.0,0.0,0.0
521,5f175bac4c1de5964,True,,,,,,,,,,1.0,1.0,0.0,1.0,0.8519239917164767,1.0,0.0,1.0,1.0,0.0
522,47799590d39799760,True,,,,,,,,,,1.0,0.0,1.0,1.0,1.0,1.0,1.0,1.0,1.0,0.0
523,0f71d78f15a2628a4,True,,,,,,,,,,1.0,1.0,1.0,1.0,1.0,1.0,1.0,1.0,0.0,0.875
524,74e23535d8622107d,True,,,,,,,,,,1.0,1.0,1.0,1.0,0.44419180294116944,1.0,1.0,1.0,1.0,0.8263099384191155
525,5e35c45c67a83ec9a,True,,,,,,,,,,1.0,0.0,1.0,1.0,0.6020924201586764,1.0,1.0,1.0,1.0,0.0
526,32888a8d5ffa4cfa6,True,,,,,,,,,,1.0,1.0,1.0,0.0,1.0,1.0,1.0,1.0,0.0,0.0
527,4784832b9639547d6,True,,,,,,,,,,1.0,1.0,1.0,1.0,0.8279795750541428,1.0,1.0,1.0,1.0,0.9462436172044196
528,1bb0ace72a38d2201,True,,,,,,,,,,1.0,0.0,1.0,1.0,0.6213891374677502,1.0,1.0,1.0,1.0,0.0
529,ae43de39d8b2ab73c,True,,,,,,,,,,1.0,0.0,1.0,1.0,0.3605766913469605,1.0,0.0,1.0,1.0,0.0
530,ef00d37c017fde631,True,,,,,,,,,,1.0,1.0,1.0,1.0,0.7722789607340699,1.0,1.0,0.0,0.0,0.6788371752293969
531,64c4d0aeacb7df063,True,,,,,,,,,,1.0,1.0,1.0,1.0,0.5620777685348319,1.0,0.0,1.0,0.0,0.613149302667135
532,89fdadaeadc80221e,True,,,,,,,,,,0.0,1.0,1.0,1.0,1.0,0.0,1.0,1.0,1.0,0.0
533,781cb5a7c59f1d728,True,,,,,,,,,,1.0,0.0,0.5,1.0,1.0,1.0,0.0,1.0,1.0,0.0
534,2fd5a616331094ce1,True,,,,,,,,,,1.0,0.0,1.0,1.0,1.0,1.0,0.0,1.0,1.0,0.0
535,e0b4f883827dd8c7f,True,,,,,,,,,,1.0,1.0,1.0,1.0,0.754439014067855,1.0,1.0,1.0,0.0,0.7982621918962047
536,3ff3a293385e2be07,True,,,,,,,,,,1.0,0.0,1.0,1.0,0.5906729541911055,1.0,1.0,1.0,1.0,0.0
537,77154c328dbf81f67,True,,,,,,,,,,1.0,1.0,1.0,1.0,0.717056836168929,1.0,1.0,1.0,1.0,0.9115802613027904
538,d748c74cc9549b8fe,True,,,,,,,,,,1.0,1.0,1.0,1.0,1.0,1.0,1.0,1.0,0.0,0.875
539,3b13a581a5a50dcdd,True,,,,,,,,,,1.0,1.0,1.0,1.0,1.0,1.0,0.0,1.0,0.0,0.75
540,65bcd286d06e02669,True,,,,,,,,,,1.0,1.0,1.0,1.0,0.6365827098284165,1.0,1.0,1.0,0.0,0.7614320968213801
541,c596165a8d328b5dd,True,,,,,,,,,,1.0,1.0,0.5,1.0,1.0,1.0,1.0,1.0,1.0,0.5
542,b4804c80431225e41,True,,,,,,,,,,1.0,0.0,1.0,1.0,1.0,1.0,1.0,1.0,1.0,0.0
543,d6cd8e55b889c7739,True,,,,,,,,,,1.0,1.0,1.0,1.0,0.8160337413272742,0.0,0.0,1.0,0.0,0.3800105441647732
544,5a6f69ea54c00b6d2,True,,,,,,,,,,1.0,1.0,1.0,1.0,0.41832260701545,1.0,0.0,1.0,0.0,0.5682258146923281
545,6cbcce7f4aa5854ab,True,,,,,,,,,,1.0,0.0,1.0,1.0,1.0,1.0,0.0,1.0,1.0,0.0
546,4d27e0875d79e55cb,True,,,,,,,,,,1.0,1.0,1.0,1.0,0.8563361366375416,1.0,1.0,1.0,0.0,0.8301050426992318
547,91df963d13c291bb9,True,,,,,,,,,,1.0,0.0,1.0,1.0,0.7662974652561227,1.0,0.0,1.0,0.0,0.0
548,c0ae3c7041a387641,True,,,,,,,,,,1.0,1.0,1.0,1.0,1.0,1.0,1.0,1.0,1.0,1.0
549,5906874d0d863e9c0,True,,,,,,,,,,1.0,1.0,1.0,1.0,0.9474343301483603,1.0,1.0,1.0,1.0,0.9835732281713626
550,427601a379941fcbc,True,,,,,,,,,,1.0,1.0,1.0,1.0,0.27132370532978345,1.0,1.0,1.0,1.0,0.7722886579155573
551,0a61ab78c3fb6fbe9,True,,,,,,,,,,0.0,1.0,1.0,1.0,1.0,0.0,1.0,1.0,1.0,0.0
552,0a8cbe192f3d3dfba,True,,,,,,,,,,1.0,1.0,1.0,1.0,0.6078063721735403,1.0,1.0,1.0,1.0,0.8774394913042314
553,089e61f737418a050,True,,,,,,,,,,1.0,1.0,1.0,1.0,0.6707562149069796,1.0,0.0,1.0,1.0,0.7721113171584311
554,5922fad17f2f5e59f,True,,,,,,,,,,0.0,0.0,0.0,1.0,1.0,0.0,0.0,1.0,1.0,0.0
555,5fe5ada2e768e26b3,True,,,,,,,,,,0.0,1.0,1.0,1.0,1.0,0.0,0.0,1.0,0.0,0.0
556,5504db91fe0808550,True,,,,,,,,,,1.0,1.0,1.0,1.0,0.7616254440928362,1.0,0.0,1.0,1.0,0.8005079512790113
557,ac0f0df8d058130c5,True,,,,,,,,,,1.0,1.0,1.0,1.0,1.0,1.0,1.0,1.0,1.0,1.0
558,c3ae26874d15feb7d,True,,,,,,,,,,1.0,1.0,0.5,1.0,1.0,1.0,0.0,1.0,0.0,0.375
559,d99cd68c37ac3ad2c,True,,,,,,,,,,1.0,1.0,1.0,1.0,0.822592350612671,1.0,0.0,1.0,1.0,0.8195601095664597
560,939c99b6da1e786f5,True,,,,,,,,,,1.0,1.0,1.0,1.0,1.0,1.0,0.0,1.0,1.0,0.875
561,01e9b170c5c1365c4,True,,,,,,,,,,1.0,1.0,1.0,1.0,0.9847726905654826,1.0,1.0,1.0,1.0,0.9952414658017132
562,1ac3e56e5a46a2f3a,True,,,,,,,,,,1.0,1.0,1.0,1.0,0.8310159146851566,1.0,1.0,1.0,1.0,0.9471924733391115
563,ba31453558099b11f,True,,,,,,,,,,1.0,1.0,0.5,1.0,0.5995328955008126,1.0,1.0,1.0,1.0,0.437427014922002
564,5177a4ffa159dea26,True,,,,,,,,,,1.0,0.0,1.0,1.0,1.0,1.0,1.0,1.0,1.0,0.0
565,733f274e5e937aae5,True,,,,,,,,,,0.0,1.0,0.0,1.0,1.0,0.0,0.0,1.0,1.0,0.0
566,1dbcea959d196209c,True,,,,,,,,,,1.0,1.0,1.0,1.0,0.7798710731348029,1.0,0.0,1.0,1.0,0.806209710354626
567,fbce95baf9103a2ff,True,,,,,,,,,,1.0,0.0,0.0,1.0,1.0,1.0,0.0,1.0,1.0,0.0
568,1f91f3523e536e074,True,,,,,,,,,,1.0,1.0,1.0,1.0,0.9109543942584081,1.0,0.0,1.0,1.0,0.8471732482057526
569,98f63c421f75a8ead,True,,,,,,,,,,1.0,1.0,1.0,1.0,1.0,1.0,0.0,1.0,1.0,0.875
570,f185085421e3aa72f,True,,,,,,,,,,1.0,1.0,1.0,1.0,0.5829452455633081,1.0,1.0,1.0,0.0,0.7446703892385338
571,119f45080f686caca,True,,,,,,,,,,1.0,1.0,1.0,1.0,0.4322573378578252,1.0,1.0,1.0,1.0,0.8225804180805704
572,1b3fd5e7993de38c0,True,,,,,,,,,,1.0,1.0,1.0,1.0,0.5439723172193391,1.0,1.0,1.0,1.0,0.8574913491310434
573,c3d1977a554fb24b2,True,,,,,,,,,,1.0,1.0,1.0,1.0,0.8717066860289373,1.0,0.0,1.0,1.0,0.8349083393840429
574,801d1b42c0409656b,True,,,,,,,,,,0.0,1.0,1.0,1.0,1.0,0.0,1.0,1.0,1.0,0.0
575,80ad340ede19df8b3,True,,,,,,,,,,1.0,0.0,0.5,1.0,1.0,1.0,0.0,0.0,0.0,0.0
576,6d7bece364fac8d01,True,,,,,,,,,,1.0,0.0,1.0,1.0,1.0,1.0,0.0,1.0,1.0,0.0
577,5de761c988f97e1fa,True,,,,,,,,,,1.0,1.0,1.0,1.0,0.30244964892584575,1.0,1.0,1.0,0.0,0.6570155152893268
578,542094f5bc210a1c8,True,,,,,,,,,,1.0,1.0,0.5,1.0,1.0,1.0,0.0,1.0,1.0,0.4375
579,6eaee379045fa8bd9,True,,,,,,,,,,1.0,1.0,1.0,1.0,1.0,1.0,0.0,1.0,1.0,0.875
580,7186caba98873825a,True,,,,,,,,,,1.0,0.0,1.0,1.0,0.7424163441216631,1.0,1.0,1.0,1.0,0.0
581,01fd6ca416dc0630c,True,,,,,,,,,,1.0,0.0,0.0,1.0,1.0,1.0,0.0,1.0,1.0,0.0
582,4df02e870186ea610,True,,,,,,,,,,1.0,1.0,1.0,1.0,0.5679856278488765,1.0,0.0,1.0,1.0,0.7399955087027739
583,20f30bb4990d9b84e,True,,,,,,,,,,1.0,0.0,1.0,1.0,1.0,1.0,0.0,1.0,1.0,0.0
584,a4e2233cf54403d43,True,,,,,,,,,,1.0,1.0,1.0,1.0,0.8497450553924922,1.0,1.0,1.0,0.0,0.8280453298101538
585,48f968a3c272876d9,True,,,,,,,,,,1.0,0.0,1.0,1.0,0.45838421620322384,1.0,1.0,1.0,1.0,0.0
586,4e3a5df59e6d56d34,True,,,,,,,,,,1.0,1.0,1.0,1.0,1.0,1.0,1.0,1.0,0.0,0.875
587,1cba72845abd54b1e,True,,,,,,,,,,1.0,1.0,1.0,1.0,0.22833365250223214,1.0,0.0,1.0,1.0,0.6338542664069475
588,a64fb9390dd8520e5,True,,,,,,,,,,0.0,1.0,1.0,1.0,1.0,0.0,0.0,1.0,1.0,0.0
589,da66c0e7baeb30f35,True,,,,,,,,,,1.0,1.0,1.0,1.0,0.8260482865732226,1.0,0.0,1.0,1.0,0.820640089554132
590,3efd4f33e21321aca,True,,,,,,,,,,1.0,1.0,1.0,1.0,0.7479473699493097,1.0,1.0,1.0,0.0,0.7962335531091593
591,37eb625a0529e1cfa,True,,,,,,,,,,1.0,1.0,1.0,1.0,1.0,1.0,1.0,1.0,0.0,0.875
592,9e8f8fed1883534f6,True,,,,,,,,,,1.0,0.0,1.0,1.0,1.0,1.0,0.0,1.0,0.0,0.0
593,036d27d8003dd2f2e,True,,,,,,,,,,1.0,1.0,1.0,0.0,1.0,1.0,1.0,1.0,1.0,0.0
594,9a5ec15b58d715b9c,True,,,,,,,,,,1.0,1.0,1.0,1.0,0.5388373724577048,1.0,1.0,1.0,1.0,0.8558866788930327
595,c43ce94d4cb321477,True,,,,,,,,,,1.0,1.0,1.0,1.0,0.6928758755087919,1.0,1.0,1.0,1.0,0.9040237110964975
596,4c0a5d617a08c1e9e,True,,,,,,,,,,1.0,1.0,1.0,1.0,0.5369247111808435,1.0,1.0,1.0,1.0,0.8552889722440136
597,956f2e4043c1b8f4d,True,,,,,,,,,,1.0,1.0,1.0,1.0,0.9378233077110916,1.0,1.0,1.0,1.0,0.9805697836597161
598,f76b309e043384dcf,True,,,,,,,,,,1.0,1.0,0.0,1.0,0.8206128078673169,1.0,0.0,1.0,0.0,0.0
599,0c3cbb85755a00eb2,True,,,,,,,,,,1.0,1.0,1.0,1.0,0.9762198225626291,1.0,1.0,1.0,0.0,0.8675686945508216
600,b6e21e56bbdb5ba68,True,,,,,,,,,,1.0,1.0,1.0,1.0,0.9253207928280617,1.0,0.0,1.0,1.0,0.8516627477587693
601,bf747811ee475d2c1,True,,,,,,,,,,1.0,1.0,1.0,1.0,0.9008767747466876,1.0,0.0,1.0,0.0,0.7190239921083399
602,fd2d5da64073721d2,True,,,,,,,,,,1.0,1.0,0.5,1.0,0.6208757131856791,1.0,0.0,1.0,0.0,0.3157618301852624
603,1307b26ce3d38f704,True,,,,,,,,,,1.0,0.0,1.0,1.0,1.0,1.0,0.0,1.0,0.0,0.0
604,d5edc9afab7f3a337,True,,,,,,,,,,1.0,1.0,1.0,1.0,0.6619747135481978,1.0,1.0,1.0,1.0,0.8943670979838119
605,4f279eb5918287e64,True,,,,,,,,,,1.0,0.0,1.0,1.0,1.0,1.0,0.0,1.0,1.0,0.0
606,778099fc6283d21e0,True,,,,,,,,,,1.0,1.0,1.0,1.0,0.38969763320985007,1.0,1.0,1.0,0.0,0.6842805103780781
607,15f665441aeb9b139,True,,,,,,,,,,1.0,1.0,1.0,1.0,0.9316487801608961,1.0,1.0,1.0,1.0,0.97864024380028
608,2160f6e5d4720f94b,True,,,,,,,,,,1.0,0.0,1.0,1.0,1.0,1.0,0.0,1.0,1.0,0.0
609,a075eb4cf05c9e8a0,True,,,,,,,,,,1.0,0.0,1.0,1.0,1.0,1.0,0.0,1.0,1.0,0.0
610,425b819f70d25df0e,True,,,,,,,,,,1.0,0.0,1.0,1.0,0.7500974186989559,1.0,0.0,1.0,1.0,0.0
611,bcdf9aeebdcada173,True,,,,,,,,,,1.0,1.0,1.0,1.0,0.8574743046808084,1.0,0.0,1.0,1.0,0.8304607202127526
612,cbf6dd30a0ed348b8,True,,,,,,,,,,0.0,1.0,1.0,1.0,1.0,0.0,0.0,1.0,1.0,0.0
613,8ed1946abef82fdb9,True,,,,,,,,,,1.0,1.0,1.0,1.0,0.6201536049715872,1.0,0.0,1.0,1.0,0.756298001553621
614,2fde3a5e36412e1a9,True,,,,,,,,,,1.0,0.0,1.0,1.0,1.0,1.0,1.0,1.0,1.0,0.0
615,deec5be8952223b5f,True,,,,,,,,,,1.0,1.0,0.0,1.0,0.769407801166339,1.0,1.0,1.0,1.0,0.0
616,7acc87fed29fbe645,True,,,,,,,,,,1.0,1.0,0.5,1.0,1.0,1.0,0.0,1.0,1.0,0.4375
617,e3fffb822fb5efac2,True,,,,,,,,,,0.0,0.0,1.0,1.0,1.0,0.0,0.0,1.0,1.0,0.0
618,4f8dbc02e3dd5b958,True,,,,,,,,,,0.0,1.0,1.0,1.0,1.0,0.0,1.0,1.0,1.0,0.0
619,b5927d9f04e5f04d4,True,,,,,,,,,,1.0,1.0,1.0,1.0,0.5662314498136771,1.0,1.0,1.0,1.0,0.8644473280667742
620,a0dee764f3cd352e8,True,,,,,,,,,,1.0,0.0,0.0,1.0,0.8994808696208876,1.0,0.0,1.0,1.0,0.0
621,ed92b02e2867b4579,True,,,,,,,,,,0.0,1.0,0.5,1.0,1.0,0.0,1.0,1.0,1.0,0.0
622,c833d5b0fc76fdd86,True,,,,,,,,,,1.0,1.0,1.0,1.0,0.2399062532190021,1.0,1.0,1.0,1.0,0.7624707041309382
623,1dc510be8e058122d,True,,,,,,,,,,1.0,1.0,1.0,1.0,0.6625532105219072,1.0,1.0,1.0,1.0,0.894547878288096
624,9aabc1816bfcdd63e,True,,,,,,,,,,1.0,1.0,1.0,1.0,0.7733667343864551,1.0,0.0,1.0,1.0,0.8041771044957672
625,df33e15913a4524e0,True,,,,,,,,,,1.0,1.0,1.0,1.0,0.6654125774258569,1.0,0.0,1.0,1.0,0.7704414304455802
626,666a09df2cf7b4568,True,,,,,,,,,,1.0,1.0,0.0,1.0,0.9387621489878163,1.0,0.0,1.0,1.0,0.0
627,4850e4897804c7f1a,True,,,,,,,,,,1.0,1.0,1.0,1.0,0.7787803098538345,1.0,0.0,1.0,1.0,0.8058688468293232
628,c8b4a00f0d379d88a,True,,,,,,,,,,0.0,1.0,1.0,1.0,1.0,0.0,1.0,1.0,1.0,0.0
629,9fad04b9636cbc059,True,,,,,,,,,,1.0,1.0,1.0,1.0,0.6683295849342877,1.0,0.0,1.0,1.0,0.7713529952919649
630,10934089f8b5ef276,True,,,,,,,,,,1.0,1.0,1.0,1.0,0.22981251304500086,1.0,0.0,1.0,0.0,0.5093164103265628
631,223f276058256f999,True,,,,,,,,,,1.0,1.0,0.0,1.0,0.8248950013964998,1.0,0.0,1.0,1.0,0.0
632,80b51199c992e8e79,True,,,,,,,,,,1.0,0.0,1.0,1.0,0.7426847283451109,1.0,1.0,1.0,0.0,0.0
633,e1181167f5c790340,True,,,,,,,,,,1.0,1.0,1.0,1.0,0.7358253462651632,1.0,1.0,1.0,1.0,0.9174454207078635
634,86d3c9d6518530872,True,,,,,,,,,,1.0,1.0,1.0,1.0,0.914014311107882,0.0,1.0,1.0,0.0,0.5356294722212132
635,df73f150c23f6aeec,True,,,,,,,,,,1.0,1.0,0.0,1.0,1.0,1.0,0.0,1.0,0.0,0.0
636,bfa4c1bdc4387e96e,True,,,,,,,,,,1.0,1.0,1.0,1.0,0.8042558948796674,1.0,0.0,1.0,1.0,0.8138299671498961
637,3c7f6147a0608469d,True,,,,,,,,,,1.0,0.0,0.0,1.0,1.0,1.0,1.0,1.0,0.0,0.0
638,087c2f352474fc4ee,True,,,,,,,,,,1.0,1.0,1.0,1.0,0.4067267128032522,1.0,1.0,1.0,1.0,0.8146020977510163
639,add2dc0d2d9ed03d5,True,,,,,,,,,,0.0,1.0,1.0,1.0,1.0,0.0,0.0,1.0,1.0,0.0
640,a3ebde725e612b5f3,True,,,,,,,,,,1.0,0.0,1.0,1.0,0.7630038093343616,1.0,1.0,1.0,1.0,0.0
641,ca9e9b5a18bc96373,True,,,,,,,,,,1.0,1.0,1.0,1.0,0.7635787693806596,1.0,1.0,1.0,1.0,0.9261183654314561
642,4f4151894f1e74390,True,,,,,,,,,,1.0,1.0,1.0,1.0,0.71113515323385,1.0,0.0,1.0,1.0,0.7847297353855781
643,b909db4a1499a9c5b,True,,,,,,,,,,1.0,1.0,1.0,1.0,0.7331660387795428,1.0,1.0,1.0,0.0,0.7916143871186071
644,e5b4f8a0ccdaf4e6e,True,,,,,,,,,,1.0,1.0,1.0,1.0,0.48032629781969466,1.0,1.0,1.0,1.0,0.8376019680686546
645,62dc7352b73b8635d,True,,,,,,,,,,1.0,0.0,1.0,1.0,0.9922689367434477,1.0,1.0,1.0,0.0,0.0
646,db8e9c0ed37d0df11,True,,,,,,,,,,0.0,1.0,0.5,1.0,1.0,0.0,0.0,1.0,1.0,0.0
647,2445e4f4ae3f0fc04,True,,,,,,,,,,1.0,1.0,0.5,1.0,1.0,1.0,0.0,1.0,1.0,0.4375
648,f1386d10ece58ca18,True,,,,,,,,,,1.0,1.0,0.5,1.0,0.6702015690690477,1.0,0.0,1.0,1.0,0.3859689951670387
649,72decd6302c88fdf2,True,,,,,,,,,,1.0,0.0,0.0,1.0,1.0,0.0,0.0,1.0,0.0,0.0
650,51a40ab9f271c6454,True,,,,,,,,,,1.0,1.0,0.5,1.0,0.7000235872047861,1.0,0.0,1.0,1.0,0.3906286855007478
651,e147b31afd8a5c390,True,,,,,,,,,,1.0,1.0,1.0,0.0,1.0,1.0,1.0,1.0,0.0,0.0
652,9506188a844465e23,True,,,,,,,,,,1.0,1.0,1.0,1.0,0.8092939151110704,1.0,1.0,1.0,1.0,0.9404043484722096
653,0fd638d4d67935416,True,,,,,,,,,,0.0,1.0,1.0,0.0,1.0,0.0,1.0,1.0,0.0,0.0
654,9bcb88a77a10c4c0c,True,,,,,,,,,,1.0,1.0,1.0,1.0,0.873200575715386,1.0,0.0,1.0,1.0,0.8353751799110581
655,f03413df184aedd86,True,,,,,,,,,,0.5,0.0,1.0,1.0,0.7204562882276287,0.0,1.0,1.0,0.0,0.0
656,434058a9bff839494,True,,,,,,,,,,1.0,1.0,1.0,1.0,0.9304988632954325,1.0,0.0,1.0,1.0,0.8532808947798227
657,b8aa4f2712496a9c3,True,,,,,,,,,,1.0,1.0,0.5,1.0,1.0,1.0,0.0,1.0,1.0,0.4375
658,5d2c37d1b97718200,True,,,,,,,,,,0.0,1.0,1.0,0.0,1.0,0.0,1.0,1.0,0.0,0.0
659,cd19384b9fe667753,True,,,,,,,,,,1.0,1.0,1.0,1.0,0.6941757066128016,1.0,0.0,1.0,0.0,0.6544299083165005
660,e71523844476db4f4,True,,,,,,,,,,1.0,1.0,1.0,1.0,0.8005478509417281,1.0,0.0,1.0,1.0,0.81267120341929
661,ee30df8e553e929cb,True,,,,,,,,,,1.0,1.0,1.0,1.0,1.0,1.0,1.0,1.0,0.0,0.875
662,b3e74e5b534575941,True,,,,,,,,,,1.0,1.0,1.0,1.0,0.1469484325922195,1.0,1.0,1.0,1.0,0.7334213851850686
663,4954200b641849a4c,True,,,,,,,,,,1.0,1.0,1.0,1.0,0.5046614542698857,1.0,0.0,1.0,1.0,0.7202067044593393
664,0cd9ea86052a0b8e1,True,,,,,,,,,,1.0,1.0,1.0,1.0,0.6345739700409668,1.0,1.0,1.0,1.0,0.8858043656378021
665,26961603aa068511e,True,,,,,,,,,,1.0,1.0,1.0,1.0,0.9299094180400735,1.0,1.0,1.0,1.0,0.978096693137523
666,0be67c62d046cc4b1,True,,,,,,,,,,1.0,1.0,0.5,1.0,1.0,1.0,0.0,1.0,1.0,0.4375
667,739639234c47bf547,True,,,,,,,,,,0.5,1.0,1.0,1.0,1.0,0.0,0.0,1.0,1.0,0.28125
668,30c354120aed6af34,True,,,,,,,,,,1.0,0.0,1.0,1.0,1.0,1.0,1.0,1.0,0.0,0.0
669,27d64cbd86e07452b,True,,,,,,,,,,1.0,1.0,1.0,0.0,1.0,1.0,1.0,1.0,1.0,0.0
670,36f72d3764ee8b14f,True,,,,,,,,,,1.0,1.0,1.0,1.0,0.11673978626430936,1.0,1.0,1.0,0.0,0.5989811832075966
671,db738e711b7d7a1c7,True,,,,,,,,,,1.0,1.0,1.0,1.0,0.7337681079886392,1.0,1.0,1.0,0.0,0.7918025337464498
672,a5f9745ded4663076,True,,,,,,,,,,1.0,1.0,1.0,1.0,1.0,1.0,1.0,1.0,1.0,1.0
673,ef08e59a9c882aea6,True,,,,,,,,,,0.0,1.0,1.0,1.0,1.0,0.0,0.0,1.0,1.0,0.0
674,af26e74f0d5def154,True,,,,,,,,,,1.0,1.0,1.0,1.0,0.6720025694352382,1.0,0.0,1.0,1.0,0.7725008029485119
675,a4405612b58117ecc,True,,,,,,,,,,1.0,1.0,1.0,1.0,0.26228648368895563,1.0,1.0,1.0,1.0,0.7694645261527986
676,c71b26ad44d13d5a5,True,,,,,,,,,,0.0,1.0,1.0,1.0,1.0,0.0,1.0,1.0,1.0,0.0
677,f5ac498d3e649455a,True,,,,,,,,,,1.0,1.0,0.5,1.0,1.0,1.0,0.0,1.0,1.0,0.4375
678,019450490101ebf1c,True,,,,,,,,,,1.0,1.0,1.0,1.0,1.0,1.0,0.0,1.0,0.0,0.75
679,41a150d2b1beead49,True,,,,,,,,,,1.0,1.0,0.5,1.0,1.0,1.0,1.0,1.0,0.0,0.4375
680,9686cdc1f5f01d68e,True,,,,,,,,,,0.0,1.0,1.0,1.0,1.0,0.0,1.0,1.0,0.0,0.0
681,6993cc3dbf9cc86cf,True,,,,,,,,,,0.0,0.0,1.0,1.0,1.0,0.0,0.0,1.0,1.0,0.0
682,e5f10bfebbe5b0bc2,True,,,,,,,,,,1.0,1.0,1.0,1.0,0.7095281229084923,1.0,1.0,1.0,0.0,0.7842275384089039
683,a1144bd1f4f830e91,True,,,,,,,,,,1.0,1.0,1.0,1.0,0.6664957101329122,1.0,1.0,1.0,0.0,0.7707799094165351
684,b46505d824967a9bc,True,,,,,,,,,,1.0,1.0,1.0,1.0,0.3168934413946971,1.0,1.0,1.0,0.0,0.6615292004358428
685,bad2ff79565afa1d2,True,,,,,,,,,,1.0,1.0,1.0,1.0,0.7075470396256636,1.0,0.0,1.0,0.0,0.6586084498830198
686,e569c39fb04197d73,True,,,,,,,,,,1.0,1.0,1.0,1.0,0.7967181250651517,1.0,1.0,1.0,0.0,0.8114744140828599
687,c1971860f95cbc9ac,True,,,,,,,,,,1.0,1.0,1.0,1.0,0.8527954668725399,1.0,1.0,1.0,1.0,0.9539985833976687
688,01b72798ffad4fcc6,True,,,,,,,,,,1.0,1.0,1.0,1.0,1.0,1.0,0.0,1.0,0.0,0.75
689,c62f78ae6b2bb3ad4,True,,,,,,,,,,1.0,0.0,1.0,1.0,0.7339529685601397,1.0,1.0,1.0,1.0,0.0
690,c3fa7a5ee86676098,True,,,,,,,,,,1.0,1.0,1.0,1.0,0.7085672836907368,1.0,1.0,1.0,1.0,0.9089272761533553
691,23c64b101bb797591,True,,,,,,,,,,1.0,1.0,0.5,1.0,1.0,1.0,0.0,1.0,0.0,0.375
692,e2da039b5ef4ab27c,True,,,,,,,,,,1.0,0.0,0.5,1.0,0.8674050174230467,1.0,0.0,1.0,1.0,0.0
693,be37c56ecccec8f54,True,,,,,,,,,,1.0,0.0,1.0,1.0,1.0,1.0,0.0,1.0,1.0,0.0
694,0dd1d00f6d1725ec3,True,,,,,,,,,,1.0,1.0,1.0,1.0,1.0,1.0,1.0,1.0,1.0,1.0
695,b016a907699ca499b,True,,,,,,,,,,0.0,1.0,1.0,0.0,1.0,0.0,0.0,1.0,1.0,0.0
696,8d71beefa48cb91fb,True,,,,,,,,,,1.0,1.0,1.0,1.0,1.0,1.0,1.0,1.0,0.0,0.875
697,036879f77cadaa2d1,True,,,,,,,,,,0.0,1.0,1.0,1.0,1.0,0.0,1.0,0.0,0.0,0.0
698,52273aa3c8bd19695,True,,,,,,,,,,1.0,1.0,1.0,1.0,1.0,0.0,1.0,1.0,0.0,0.5625
699,03a07d09ea9a5a563,True,,,,,,,,,,0.0,1.0,1.0,1.0,1.0,0.0,0.0,1.0,1.0,0.0
700,ff17ac7233820a90f,True,,,,,,,,,,0.0,1.0,1.0,1.0,1.0,1.0,0.0,1.0,0.0,0.0
701,f77bd4f74cbf5fa01,True,,,,,,,,,,1.0,1.0,1.0,1.0,0.8005584341499167,1.0,1.0,1.0,1.0,0.9376745106718489
702,1908461428632f5dd,True,,,,,,,,,,1.0,1.0,1.0,1.0,0.8814586248513111,1.0,1.0,1.0,1.0,0.9629558202660347
703,0f705d42ea20356f6,True,,,,,,,,,,1.0,1.0,1.0,1.0,1.0,0.0,1.0,1.0,1.0,0.6875
704,1e0bfb2c4139f0062,True,,,,,,,,,,1.0,1.0,1.0,0.0,1.0,1.0,0.0,1.0,0.0,0.0
705,2f18d7c845a84a85c,True,,,,,,,,,,1.0,0.0,1.0,1.0,0.962097863670891,1.0,0.0,1.0,1.0,0.0
706,fe96f199e96744aa6,True,,,,,,,,,,1.0,0.0,1.0,1.0,0.4020037664683061,1.0,1.0,1.0,0.0,0.0
707,cac2753c7c7b93847,True,,,,,,,,,,1.0,0.0,1.0,1.0,1.0,1.0,1.0,1.0,1.0,0.0
708,0eb1a54023685f27e,True,,,,,,,,,,1.0,1.0,1.0,1.0,1.0,1.0,0.0,1.0,1.0,0.875
709,f320cdfa77acffb59,True,,,,,,,,,,1.0,0.0,1.0,1.0,0.6915088606427001,1.0,1.0,1.0,0.0,0.0
710,6fae01aed04d6fd01,True,,,,,,,,,,0.0,1.0,0.0,1.0,1.0,0.0,0.0,1.0,0.0,0.0
711,6fea2b47f85b2b5c3,True,,,,,,,,,,1.0,1.0,1.0,1.0,0.8437863712295345,1.0,1.0,1.0,0.0,0.8261832410092296
712,95972dc9532711131,True,,,,,,,,,,0.0,1.0,1.0,1.0,1.0,0.0,0.0,1.0,1.0,0.0
713,2309f75fc2af06a77,True,,,,,,,,,,1.0,0.0,1.0,1.0,0.9082793507340455,0.0,0.0,1.0,0.0,0.0
714,8d6032130dcaff306,True,,,,,,,,,,0.0,1.0,0.5,1.0,1.0,0.0,1.0,1.0,0.0,0.0
715,a07db051c3599a582,True,,,,,,,,,,1.0,1.0,0.5,1.0,0.6039883695135828,1.0,0.0,1.0,1.0,0.3756231827364973
716,b22e723d346176e1f,True,,,,,,,,,,1.0,1.0,1.0,1.0,0.3471394396207704,1.0,0.0,1.0,1.0,0.6709810748814907
717,8709b2e277d0597b6,True,,,,,,,,,,1.0,1.0,1.0,1.0,1.0,1.0,1.0,1.0,1.0,1.0
718,807ac1c906c9cfc44,True,,,,,,,,,,1.0,1.0,1.0,1.0,0.6271344326188005,1.0,1.0,1.0,1.0,0.8834795101933752
719,e85778ab78f702e4b,True,,,,,,,,,,0.0,1.0,1.0,1.0,1.0,0.0,1.0,1.0,0.0,0.0
720,fe6eb7191dafdb638,True,,,,,,,,,,1.0,1.0,1.0,1.0,1.0,1.0,0.0,1.0,0.0,0.75
721,058faf4c24ca33403,True,,,,,,,,,,1.0,1.0,1.0,1.0,1.0,1.0,1.0,1.0,0.0,0.875
722,71652a0843409669f,True,,,,,,,,,,1.0,1.0,1.0,1.0,1.0,1.0,0.0,1.0,1.0,0.875
723,976f2d716419166ba,True,,,,,,,,,,1.0,1.0,1.0,1.0,0.7741700281447685,1.0,0.0,0.0,0.0,0.5544281337952401
724,ee835d04e79982ac7,True,,,,,,,,,,1.0,1.0,1.0,1.0,1.0,1.0,0.0,1.0,1.0,0.875
725,4c86c87d1f278b79a,True,,,,,,,,,,1.0,0.0,1.0,1.0,0.5854698440296426,1.0,1.0,1.0,1.0,0.0
726,98908f760ae1f8648,True,,,,,,,,,,1.0,1.0,1.0,1.0,0.8330142025811936,0.0,0.0,1.0,1.0,0.5103169383066231
727,917bf16baa9646d6c,True,,,,,,,,,,1.0,1.0,1.0,1.0,0.21219739070169064,1.0,1.0,1.0,1.0,0.7538116845942784
728,146404d39b9ce38d7,True,,,,,,,,,,1.0,1.0,1.0,1.0,0.7730282911270933,1.0,0.0,0.0,0.0,0.5540713409772167
729,266ccdfd658c4fe17,True,,,,,,,,,,0.0,1.0,0.5,1.0,1.0,0.0,0.0,1.0,1.0,0.0
730,d784680050236fe52,True,,,,,,,,,,1.0,1.0,0.5,1.0,0.8056136276906012,1.0,0.0,1.0,0.0,0.3446271293266564
731,c644c8d1984cd65ac,True,,,,,,,,,,1.0,1.0,1.0,1.0,0.35577230256294756,1.0,1.0,1.0,1.0,0.7986788445509211
732,5b8a84de1fcdc3118,True,,,,,,,,,,1.0,0.0,1.0,0.0,1.0,1.0,1.0,1.0,0.0,0.0
733,67c494ff455f7fac3,True,,,,,,,,,,1.0,1.0,1.0,1.0,0.6014296734160952,1.0,1.0,1.0,1.0,0.8754467729425297
734,5776fb2bb724aff1e,True,,,,,,,,,,1.0,1.0,0.0,1.0,1.0,1.0,1.0,1.0,1.0,0.0
735,88943e0d8ac52cc5f,True,,,,,,,,,,0.0,1.0,0.5,1.0,1.0,0.0,0.0,1.0,0.0,0.0
736,dc7426c833a3749d6,True,,,,,,,,,,0.5,0.0,0.5,1.0,1.0,0.0,0.0,1.0,1.0,0.0
737,b3c7672d677c644c7,True,,,,,,,,,,1.0,1.0,0.0,1.0,0.7772155984697237,1.0,0.0,1.0,1.0,0.0
738,5607119f8cda83560,True,,,,,,,,,,1.0,1.0,1.0,1.0,1.0,1.0,0.0,1.0,0.0,0.75
739,0c90e4fca67a92e84,True,,,,,,,,,,0.0,1.0,1.0,1.0,1.0,0.0,0.0,1.0,1.0,0.0
740,31cc7cd0fdf16f061,True,,,,,,,,,,1.0,1.0,1.0,1.0,0.7428481623007684,1.0,1.0,0.0,0.0,0.6696400507189901
741,ca366055bc1b9838a,True,,,,,,,,,,1.0,1.0,1.0,1.0,0.8452316238405695,1.0,1.0,1.0,1.0,0.9516348824501779
742,7feb07f9028c8bf62,True,,,,,,,,,,0.0,1.0,1.0,1.0,1.0,0.0,1.0,1.0,1.0,0.0
743,2fcce49ea42967480,True,,,,,,,,,,1.0,1.0,1.0,1.0,0.5175871784435387,1.0,1.0,1.0,1.0,0.8492459932636058
744,67ac6348f814bfca1,True,,,,,,,,,,1.0,1.0,1.0,1.0,1.0,1.0,1.0,1.0,1.0,1.0
745,226e200de1c94187e,True,,,,,,,,,,1.0,1.0,0.5,1.0,1.0,1.0,0.0,1.0,1.0,0.4375
746,bc012430feac631cb,True,,,,,,,,,,1.0,1.0,1.0,1.0,0.7621631456111356,1.0,1.0,1.0,1.0,0.9256759830034799
747,5defaad214f3a99c9,True,,,,,,,,,,1.0,1.0,1.0,1.0,0.8120264933549954,1.0,0.0,1.0,1.0,0.8162582791734361
748,1e15000d249448d21,True,,,,,,,,,,1.0,1.0,1.0,1.0,1.0,1.0,1.0,1.0,0.0,0.875
749,2a862303c565d9ca9,True,,,,,,,,,,1.0,1.0,1.0,1.0,1.0,1.0,0.0,1.0,1.0,0.875
750,64173df5c7bc60b13,True,,,,,,,,,,1.0,1.0,1.0,1.0,0.5921029622779639,1.0,1.0,1.0,1.0,0.8725321757118637
751,b7f53c6ea01b7cbc9,True,,,,,,,,,,1.0,0.0,1.0,1.0,0.64968886296954,1.0,0.0,1.0,1.0,0.0
752,7b4787e090d286d89,True,,,,,,,,,,1.0,1.0,0.5,1.0,0.917279954817336,1.0,0.0,1.0,0.0,0.36207499294020873
753,f9693c34fe2422ec2,True,,,,,,,,,,0.0,1.0,0.5,1.0,1.0,0.0,0.0,1.0,1.0,0.0
754,98dc40005346d2d4e,True,,,,,,,,,,1.0,1.0,1.0,1.0,0.572939855117976,0.0,0.0,1.0,1.0,0.4290437047243675
755,af40e0723b46e7fed,True,,,,,,,,,,0.0,0.0,1.0,1.0,0.2085399592810385,0.0,0.0,1.0,0.0,0.0
756,6ad6905cedee6197b,True,,,,,,,,,,1.0,1.0,1.0,1.0,0.6600503900863157,1.0,0.0,1.0,1.0,0.7687657469019736
757,3e4706910942fcca4,True,,,,,,,,,,1.0,1.0,1.0,1.0,1.0,1.0,1.0,1.0,1.0,1.0
758,75a91bdf0ba2aeea9,True,,,,,,,,,,1.0,0.0,1.0,1.0,0.6767918069299562,1.0,1.0,1.0,0.0,0.0
759,c73d5b941b453432b,True,,,,,,,,,,1.0,1.0,1.0,1.0,0.6201402638814232,1.0,0.0,1.0,1.0,0.7562938324629447
760,28ee06f98b43e0a85,True,,,,,,,,,,1.0,0.0,1.0,1.0,1.0,1.0,1.0,1.0,1.0,0.0
761,eafc663e431fb2efe,True,,,,,,,,,,1.0,1.0,0.5,1.0,0.6858191117489099,1.0,1.0,0.0,0.0,0.3259092362107672
762,0dbe87a99ac3cd3e1,True,,,,,,,,,,1.0,0.0,1.0,1.0,1.0,0.0,0.0,1.0,0.0,0.0
763,d3e9c090e809349ce,True,,,,,,,,,,0.0,1.0,1.0,1.0,1.0,0.0,0.0,1.0,1.0,0.0
764,83d03d52f14fe2aba,True,,,,,,,,,,1.0,0.0,1.0,1.0,0.49017501678152336,1.0,1.0,1.0,1.0,0.0
765,c4e43258697fbd31e,True,,,,,,,,,,1.0,1.0,1.0,1.0,0.6721732858808656,1.0,1.0,1.0,1.0,0.8975541518377705
766,e781cee1082355533,True,,,,,,,,,,1.0,0.0,1.0,1.0,0.4510898651231828,1.0,1.0,1.0,1.0,0.0
767,e4f6fd6cc0e09d70c,True,,,,,,,,,,1.0,1.0,1.0,1.0,1.0,1.0,1.0,1.0,0.0,0.875
768,b71a18c869cb8bd24,True,,,,,,,,,,1.0,0.0,1.0,1.0,1.0,1.0,0.0,1.0,1.0,0.0
769,f0d9c76a3b3a29839,True,,,,,,,,,,1.0,1.0,1.0,1.0,1.0,1.0,0.0,1.0,1.0,0.875
770,e1ddf841fc0409636,True,,,,,,,,,,1.0,1.0,1.0,1.0,0.5189155594569078,1.0,1.0,1.0,1.0,0.8496611123302837
771,fb84b929b3de63176,True,,,,,,,,,,1.0,1.0,1.0,1.0,0.49218775067815923,1.0,0.0,1.0,0.0,0.5913086720869247
772,87d737da1d3ba4b40,True,,,,,,,,,,0.0,1.0,1.0,1.0,1.0,0.0,1.0,1.0,0.0,0.0
773,2e2b274bd113ed59f,True,,,,,,,,,,1.0,0.0,1.0,1.0,0.6940289830613732,1.0,1.0,1.0,1.0,0.0
774,b8b2aad7145d418e5,True,,,,,,,,,,1.0,1.0,1.0,1.0,0.59406394234454,1.0,1.0,1.0,1.0,0.8731449819826688
775,0bc2b72e890837ec6,True,,,,,,,,,,1.0,1.0,1.0,1.0,0.8917662057104911,0.0,1.0,1.0,0.0,0.5286769392845285
776,a1ec47d4c6a4ac611,True,,,,,,,,,,0.0,0.0,0.0,1.0,1.0,0.0,0.0,1.0,0.0,0.0
777,9a36095a5f0caaafd,True,,,,,,,,,,1.0,1.0,1.0,1.0,0.5329998823943933,1.0,1.0,1.0,0.0,0.7290624632482479
778,6f4a5b483a72cf990,True,,,,,,,,,,0.0,1.0,1.0,1.0,1.0,0.0,1.0,1.0,1.0,0.0
779,1a1b33942c90c349f,True,,,,,,,,,,1.0,1.0,1.0,1.0,0.3456513587084494,1.0,0.0,1.0,0.0,0.5455160495963904
780,9e2bf4fef7c5a70f5,True,,,,,,,,,,0.0,1.0,1.0,1.0,0.7331008635987893,0.0,0.0,1.0,1.0,0.0
781,880ea2e1739fd042f,True,,,,,,,,,,1.0,0.0,1.0,1.0,0.7354599760398094,1.0,1.0,1.0,1.0,0.0
782,82b0238fb02f13548,True,,,,,,,,,,0.0,1.0,0.5,1.0,1.0,0.0,0.0,1.0,1.0,0.0
783,9c091b0cc6c49fd2a,True,,,,,,,,,,1.0,1.0,0.0,1.0,0.8316317002881769,0.0,0.0,0.0,0.0,0.0
784,72e532553b9a9b88d,True,,,,,,,,,,1.0,0.0,1.0,1.0,1.0,1.0,1.0,1.0,0.0,0.0
785,b42c321597e6726d4,True,,,,,,,,,,1.0,1.0,0.5,1.0,1.0,1.0,0.0,1.0,1.0,0.4375
786,50268da879011f241,True,,,,,,,,,,1.0,0.0,0.5,1.0,1.0,1.0,0.0,1.0,0.0,0.0
787,49bf9b39d6fc7eeb6,True,,,,,,,,,,1.0,1.0,1.0,1.0,1.0,1.0,1.0,1.0,0.0,0.875
788,896888ec148c2c4cb,True,,,,,,,,,,0.0,1.0,1.0,1.0,0.8411686096888598,0.0,0.0,1.0,1.0,0.0
789,1b3141d6d2c2b651a,True,,,,,,,,,,1.0,1.0,1.0,1.0,0.6721495961906555,1.0,1.0,1.0,0.0,0.7725467488095799
790,67509cfba4d26b15a,True,,,,,,,,,,1.0,0.0,0.0,1.0,1.0,1.0,0.0,1.0,1.0,0.0
791,9ca95a29837848e74,True,,,,,,,,,,1.0,1.0,1.0,1.0,0.4764172367234741,1.0,0.0,0.0,0.0,0.46138038647608565
792,5d362d17d2494ac7c,True,,,,,,,,,,1.0,1.0,1.0,1.0,0.644012362250227,1.0,1.0,1.0,0.0,0.7637538632031959
793,191ccfaebd0211428,True,,,,,,,,,,1.0,0.0,0.5,1.0,1.0,1.0,0.0,1.0,0.0,0.0
794,393ebaed8cd47962e,True,,,,,,,,,,1.0,1.0,1.0,1.0,0.7018441059613628,1.0,1.0,1.0,0.0,0.7818262831129259
795,a5905de8a4fa82e21,True,,,,,,,,,,1.0,0.0,1.0,1.0,0.763907297456673,1.0,0.0,1.0,1.0,0.0
796,82e6ed49ff7af43fe,True,,,,,,,,,,1.0,1.0,1.0,1.0,0.7433237843605093,1.0,1.0,1.0,0.0,0.7947886826126591
797,418477a920a7da811,True,,,,,,,,,,1.0,1.0,1.0,1.0,0.8037748914752849,1.0,1.0,1.0,0.0,0.8136796535860266
798,5b5acbaa4890aaac9,True,,,,,,,,,,1.0,0.0,0.0,1.0,1.0,1.0,0.0,1.0,1.0,0.0
799,204d7543af9e55675,True,,,,,,,,,,1.0,1.0,1.0,1.0,0.9285819412611297,1.0,0.0,1.0,0.0,0.727681856644103
800,815411526d5f2c6d5,True,,,,,,,,,,1.0,1.0,1.0,1.0,1.0,1.0,0.0,1.0,0.0,0.75
801,270e95b1d769b87a0,True,,,,,,,,,,0.0,0.0,0.5,1.0,1.0,0.0,1.0,1.0,0.0,0.0
802,c0a268f5942ff8fac,True,,,,,,,,,,1.0,1.0,1.0,1.0,0.6187139971533538,1.0,1.0,1.0,1.0,0.8808481241104231
803,6a8f1db0741e3de32,True,,,,,,,,,,1.0,1.0,1.0,1.0,0.6979336442604789,1.0,0.0,1.0,1.0,0.7806042638313997
804,87555f32aa4e45c55,True,,,,,,,,,,1.0,1.0,1.0,1.0,0.6275226109632661,1.0,1.0,1.0,1.0,0.8836008159260207
805,754d33f5c0419048c,True,,,,,,,,,,1.0,1.0,0.5,1.0,0.9225723949498903,1.0,1.0,1.0,0.0,0.42540193671092036
806,94fe185f4d4ccc501,True,,,,,,,,,,1.0,1.0,1.0,1.0,0.5411585342915691,1.0,1.0,1.0,1.0,0.8566120419661154
807,312963b5a180fcf28,True,,,,,,,,,,1.0,0.0,1.0,1.0,0.5332147005620373,1.0,1.0,1.0,1.0,0.0
808,c98ccf44f3285fa8b,True,,,,,,,,,,1.0,1.0,1.0,1.0,0.7574017254244793,1.0,1.0,1.0,1.0,0.9241880391951498
809,66f77d65755a1c784,True,,,,,,,,,,1.0,0.0,1.0,1.0,0.7790244197470574,1.0,1.0,1.0,1.0,0.0
810,58a0f95c3ba9a97b9,True,,,,,,,,,,1.0,1.0,1.0,1.0,0.9702785093593812,1.0,0.0,1.0,1.0,0.8657120341748066
811,818f9becc81f0e975,True,,,,,,,,,,1.0,1.0,0.0,1.0,0.7606745479374022,0.0,0.0,0.0,0.0,0.0
812,deb3331dfd3043c59,True,,,,,,,,,,0.5,0.0,1.0,1.0,1.0,0.0,0.0,1.0,1.0,0.0
813,3e0e15540dab7a9e5,True,,,,,,,,,,1.0,0.0,1.0,1.0,0.5707824113770928,1.0,1.0,1.0,1.0,0.0
814,0f4ea7fb12b00026d,True,,,,,,,,,,1.0,1.0,1.0,1.0,0.8229073378713821,1.0,1.0,1.0,0.0,0.8196585430848069
815,e0a3b2c921d0f6f6d,True,,,,,,,,,,1.0,1.0,1.0,1.0,0.9135575620908408,1.0,1.0,1.0,0.0,0.8479867381533878
816,e593c645d1fd3fdb9,True,,,,,,,,,,1.0,1.0,1.0,1.0,0.5913771241324003,1.0,1.0,1.0,1.0,0.8723053512913751
817,3f8c33cff8d582456,True,,,,,,,,,,1.0,1.0,1.0,1.0,0.4404207656348301,1.0,1.0,1.0,1.0,0.8251314892608844
818,302d43ed9ed327d94,True,,,,,,,,,,0.0,1.0,1.0,0.0,1.0,0.0,0.0,1.0,1.0,0.0
819,790a3e3a75361c895,True,,,,,,,,,,1.0,1.0,1.0,1.0,0.7346752802595192,1.0,1.0,1.0,1.0,0.9170860250810997
820,769c42d02e0f583b2,True,,,,,,,,,,0.0,1.0,0.5,1.0,1.0,0.0,0.0,1.0,0.0,0.0
821,fbdc714c905b7409f,True,,,,,,,,,,0.0,0.0,1.0,1.0,0.7113204255853572,0.0,0.0,1.0,1.0,0.0
822,2f70249e5e3153c88,True,,,,,,,,,,1.0,1.0,1.0,1.0,0.7126436236023812,0.0,0.0,1.0,1.0,0.4727011323757441
823,c8bce5ae9777b5139,True,,,,,,,,,,1.0,0.0,1.0,1.0,0.5881973330928559,1.0,1.0,1.0,1.0,0.0
824,dd6cf78b8b897a171,True,,,,,,,,,,1.0,0.0,1.0,1.0,1.0,1.0,1.0,1.0,1.0,0.0
825,cf6204044bf64f9d2,True,,,,,,,,,,1.0,1.0,1.0,1.0,0.05200149858260028,1.0,1.0,1.0,1.0,0.7037504683070626
826,6b8ebd7a081ffa425,True,,,,,,,,,,1.0,0.0,0.0,1.0,1.0,1.0,0.0,1.0,0.0,0.0
827,7e2d7288e94ae54c5,True,,,,,,,,,,1.0,1.0,1.0,1.0,0.28134974168071775,1.0,1.0,1.0,1.0,0.7754217942752243
828,5a7bb6958f668a475,True,,,,,,,,,,0.0,1.0,1.0,1.0,1.0,0.0,1.0,1.0,1.0,0.0
829,55810b94ebcc0aaa3,True,,,,,,,,,,1.0,1.0,1.0,1.0,0.8947496718221982,1.0,0.0,1.0,0.0,0.717109272444437
830,47269d59365ccc36c,True,,,,,,,,,,1.0,1.0,1.0,1.0,0.8501417900726296,1.0,1.0,1.0,1.0,0.9531693093976967
831,e013e127e2126bb32,True,,,,,,,,,,1.0,1.0,1.0,1.0,0.6980559778621515,1.0,1.0,1.0,0.0,0.7806424930819224
832,059699c7343bcc1bc,True,,,,,,,,,,1.0,1.0,0.0,1.0,0.9763625258219786,1.0,0.0,1.0,1.0,0.0
833,e9bf575d65f297345,True,,,,,,,,,,1.0,1.0,0.0,1.0,1.0,1.0,0.0,1.0,0.0,0.0
834,49243c381a0bed43b,True,,,,,,,,,,1.0,1.0,1.0,1.0,0.8967776844873332,1.0,1.0,1.0,1.0,0.9677430264022916
835,7e15600681ad3a48a,True,,,,,,,,,,1.0,1.0,1.0,1.0,0.8123647273940157,1.0,0.0,1.0,1.0,0.8163639773106299
836,b06305fffe2e19174,True,,,,,,,,,,1.0,1.0,0.0,1.0,0.8220126772206215,1.0,0.0,1.0,1.0,0.0
837,2d812dd423748572d,True,,,,,,,,,,1.0,1.0,1.0,1.0,0.6296260540456938,1.0,0.0,1.0,1.0,0.7592581418892793
838,bec83a5e0a0ea8c80,True,,,,,,,,,,1.0,1.0,1.0,1.0,0.7141011435588698,1.0,0.0,1.0,1.0,0.7856566073621468
839,3e4a969700de7141a,True,,,,,,,,,,0.0,1.0,1.0,1.0,1.0,0.0,0.0,1.0,0.0,0.0
840,661c4fdee268dcb1e,True,,,,,,,,,,1.0,1.0,1.0,1.0,0.3170359460525989,1.0,1.0,1.0,1.0,0.7865737331414371
841,ca2e709d5cab0c6e4,True,,,,,,,,,,1.0,1.0,1.0,1.0,0.46823517899426287,1.0,1.0,1.0,1.0,0.8338234934357072
842,6d9888406276bc884,True,,,,,,,,,,1.0,1.0,1.0,1.0,0.6010996541757798,1.0,1.0,1.0,1.0,0.8753436419299312
843,7b53b50d5b5c3a0e4,True,,,,,,,,,,1.0,1.0,1.0,1.0,0.5766673639726332,1.0,1.0,1.0,0.0,0.7427085512414479
844,5bfc22f5524f10a47,True,,,,,,,,,,1.0,1.0,0.5,1.0,1.0,1.0,0.0,1.0,1.0,0.4375
845,69e3a503f78a651d2,True,,,,,,,,,,1.0,1.0,1.0,1.0,1.0,1.0,1.0,1.0,0.0,0.875
846,f23480d4e2e5e6146,True,,,,,,,,,,1.0,0.0,1.0,1.0,1.0,1.0,1.0,1.0,1.0,0.0
847,4f21dca90878d8a58,True,,,,,,,,,,1.0,1.0,1.0,1.0,0.6763590052376512,1.0,1.0,0.0,0.0,0.6488621891367661
848,a3adc8c27da8f8689,True,,,,,,,,,,1.0,1.0,1.0,1.0,0.7415094325005502,1.0,1.0,1.0,1.0,0.9192216976564219
849,36c18e8d239512a08,True,,,,,,,,,,1.0,1.0,1.0,1.0,1.0,1.0,0.0,1.0,1.0,0.875
850,23bbff1d97344d8cd,True,,,,,,,,,,1.0,1.0,1.0,1.0,0.6023569762338156,1.0,1.0,0.0,0.0,0.6257365550730674
851,9add3630e04fe7c41,True,,,,,,,,,,1.0,0.0,1.0,1.0,1.0,0.0,1.0,1.0,1.0,0.0
852,5e5905ae1266bc1cb,True,,,,,,,,,,1.0,1.0,1.0,1.0,0.6934893118465085,1.0,1.0,1.0,1.0,0.9042154099520339
853,ba8e76ba50850dffe,True,,,,,,,,,,1.0,1.0,1.0,1.0,0.8096686547410958,1.0,1.0,1.0,0.0,0.8155214546065924
854,97d9f320cc65aac2b,True,,,,,,,,,,1.0,1.0,1.0,1.0,1.0,1.0,0.0,1.0,1.0,0.875
855,1cc4886b926fd9c8b,True,,,,,,,,,,1.0,1.0,1.0,1.0,0.5577512740930431,1.0,1.0,1.0,1.0,0.861797273154076
856,c09eaf80eb8a24e39,True,,,,,,,,,,1.0,1.0,1.0,1.0,0.6960657474718129,1.0,1.0,1.0,1.0,0.9050205460849415
857,63a0b4eedb06db349,True,,,,,,,,,,1.0,0.0,0.0,1.0,1.0,1.0,0.0,1.0,0.0,0.0
858,a66365f9db94531ab,True,,,,,,,,,,1.0,0.0,1.0,1.0,0.8865759272569561,1.0,1.0,1.0,1.0,0.0
859,dee771fcf184f2521,True,,,,,,,,,,1.0,1.0,1.0,1.0,0.27964832799813605,1.0,0.0,1.0,1.0,0.6498901024994175
860,a2578379ff901794e,True,,,,,,,,,,0.5,1.0,1.0,0.0,1.0,0.0,1.0,1.0,1.0,0.0
861,eb818e242c63c7f20,True,,,,,,,,,,1.0,1.0,1.0,1.0,0.21245254385319257,1.0,1.0,1.0,1.0,0.7538914199541227
862,9f1e97dfb6a8d6a6e,True,,,,,,,,,,1.0,1.0,1.0,1.0,0.8993074941069189,1.0,1.0,1.0,1.0,0.9685335919084122
863,701516f2dc4b0ec24,True,,,,,,,,,,1.0,1.0,1.0,1.0,0.5383744397959923,1.0,1.0,1.0,1.0,0.8557420124362476
864,339ecba374c29a3ea,True,,,,,,,,,,1.0,1.0,1.0,1.0,0.692636586765309,1.0,1.0,1.0,0.0,0.778948933364159
865,01e51bacf68548cab,True,,,,,,,,,,0.0,1.0,1.0,1.0,1.0,0.0,0.0,1.0,1.0,0.0
866,3db39c7599f58de4d,True,,,,,,,,,,1.0,1.0,0.5,1.0,0.9317693566230982,1.0,0.0,1.0,0.0,0.3643389619723591
867,87b0f0681dc28e308,True,,,,,,,,,,0.5,1.0,1.0,1.0,1.0,0.0,1.0,1.0,1.0,0.34375
868,e6c702d5c053c4516,True,,,,,,,,,,1.0,1.0,1.0,1.0,0.8162516592613689,1.0,0.0,1.0,0.0,0.6925786435191778
869,77f94784109733a34,True,,,,,,,,,,1.0,1.0,1.0,1.0,0.5912375874777344,1.0,0.0,1.0,0.0,0.622261746086792
870,7b0ac799452a88ee3,True,,,,,,,,,,1.0,1.0,0.0,1.0,1.0,1.0,0.0,1.0,1.0,0.0
871,4d2744d7e3bd555b5,True,,,,,,,,,,1.0,1.0,1.0,1.0,0.851492945879741,1.0,1.0,1.0,1.0,0.9535915455874191
872,31cff30cd9b0dac82,True,,,,,,,,,,1.0,1.0,1.0,1.0,0.6460317798523765,1.0,0.0,1.0,1.0,0.7643849312038676
873,edcd482f0136b535d,True,,,,,,,,,,1.0,1.0,1.0,1.0,0.594063394204563,1.0,0.0,1.0,0.0,0.6231448106889259
874,7098c40dee5929017,True,,,,,,,,,,0.0,1.0,0.0,1.0,1.0,0.0,0.0,1.0,0.0,0.0
875,87d2841ebf764daf7,True,,,,,,,,,,1.0,0.0,1.0,1.0,1.0,1.0,1.0,1.0,0.0,0.0
876,637ff125ef04d0dae,True,,,,,,,,,,1.0,0.0,1.0,1.0,1.0,1.0,0.0,1.0,0.0,0.0
877,a91425257255ef015,True,,,,,,,,,,1.0,1.0,0.0,1.0,1.0,0.0,0.0,0.0,0.0,0.0
878,32a33652619708c65,True,,,,,,,,,,1.0,1.0,1.0,1.0,0.629563802087818,1.0,0.0,1.0,1.0,0.7592386881524431
879,e1f0dcd38a9ec2523,True,,,,,,,,,,0.0,1.0,0.0,1.0,1.0,0.0,0.0,1.0,1.0,0.0
880,02d45c7622ee47f85,True,,,,,,,,,,1.0,0.0,0.5,1.0,1.0,1.0,1.0,1.0,1.0,0.0
881,1c9335961ee565478,True,,,,,,,,,,1.0,1.0,1.0,1.0,0.8119784645457795,1.0,1.0,1.0,1.0,0.9412432701705561
882,1e2b6420a190b7d56,True,,,,,,,,,,1.0,0.0,1.0,1.0,0.8621030205213132,1.0,1.0,1.0,0.0,0.0
883,928a526fdbbdedce9,True,,,,,,,,,,0.0,1.0,1.0,1.0,1.0,0.0,0.0,1.0,0.0,0.0
884,c89e54cc4c778e2c6,True,,,,,,,,,,1.0,1.0,1.0,1.0,1.0,1.0,1.0,1.0,0.0,0.875
885,3e8f802de1e65025d,True,,,,,,,,,,1.0,1.0,1.0,1.0,0.6247415965056943,0.0,0.0,1.0,1.0,0.44523174890802947
886,a559541fda572fe81,True,,,,,,,,,,1.0,1.0,1.0,1.0,0.5947166472553365,1.0,1.0,1.0,1.0,0.8733489522672926
887,a2aa45cf991d37699,True,,,,,,,,,,1.0,1.0,1.0,1.0,0.5417340049827934,1.0,1.0,1.0,0.0,0.731791876557123
888,229930ba5820bb1b3,True,,,,,,,,,,1.0,1.0,0.0,1.0,1.0,1.0,0.0,1.0,1.0,0.0
889,73eec9539b3994724,True,,,,,,,,,,1.0,1.0,0.0,1.0,1.0,1.0,0.0,1.0,1.0,0.0
890,2359c99d75ecbdfaa,True,,,,,,,,,,1.0,1.0,1.0,1.0,0.42030546146076175,1.0,1.0,1.0,1.0,0.818845456706488
891,759a8a1916ceaf38d,True,,,,,,,,,,1.0,1.0,1.0,1.0,0.9590971448539276,1.0,0.0,1.0,0.0,0.7372178577668524
892,947f38ffbc0854bac,True,,,,,,,,,,1.0,1.0,1.0,1.0,1.0,1.0,1.0,1.0,1.0,1.0
893,5f69ad192f42e1e35,True,,,,,,,,,,1.0,1.0,1.0,1.0,0.4804303094629154,1.0,1.0,1.0,1.0,0.8376344717071611
894,54f184883023efbf9,True,,,,,,,,,,1.0,1.0,1.0,1.0,0.4313347410693979,1.0,1.0,1.0,1.0,0.8222921065841868
895,f15dde91900f2039a,True,,,,,,,,,,0.0,1.0,0.5,1.0,1.0,0.0,0.0,1.0,1.0,0.0
896,29cd08f6390e4f790,True,,,,,,,,,,1.0,1.0,1.0,1.0,0.6129155794804023,1.0,1.0,1.0,0.0,0.7540361185876258
897,f3d789e129d07af8b,True,,,,,,,,,,1.0,1.0,1.0,1.0,0.8958591665049863,1.0,1.0,1.0,1.0,0.9674559895328082
898,e5e284a0009e877d9,True,,,,,,,,,,1.0,0.0,0.0,1.0,1.0,1.0,0.0,1.0,0.0,0.0
899,65b5a6fd57eb4ffb9,True,,,,,,,,,,1.0,1.0,1.0,1.0,1.0,1.0,0.0,1.0,1.0,0.875
900,bd30767ff605ef96c,True,,,,,,,,,,1.0,1.0,1.0,1.0,1.0,1.0,0.0,1.0,1.0,0.875
901,e6338db1d83f3ba4e,True,,,,,,,,,,1.0,1.0,1.0,1.0,0.7497763695481295,1.0,1.0,1.0,1.0,0.9218051154837905
902,62bb22ff90b4ff60a,True,,,,,,,,,,1.0,1.0,1.0,1.0,0.4265607155755229,1.0,1.0,1.0,1.0,0.8208002236173508
903,bed081d2dd114adb6,True,,,,,,,,,,1.0,1.0,0.0,1.0,1.0,1.0,0.0,1.0,1.0,0.0
904,19d93db92ab5bcc09,True,,,,,,,,,,1.0,1.0,1.0,1.0,0.8040250266377887,1.0,1.0,1.0,0.0,0.813757820824309
905,e70eb6c2ef34c64ec,True,,,,,,,,,,1.0,1.0,1.0,1.0,0.5484901390073051,1.0,1.0,1.0,0.0,0.7339031684397829
906,c1d111042e2830ff9,True,,,,,,,,,,0.0,0.0,1.0,1.0,0.7702373394734484,0.0,1.0,1.0,0.0,0.0
907,c72e69f316e2cb580,True,,,,,,,,,,1.0,0.0,1.0,1.0,0.8382993754855376,1.0,1.0,1.0,0.0,0.0
908,66cd8a056ef3dbdd3,True,,,,,,,,,,1.0,1.0,1.0,1.0,0.15007183879070943,1.0,1.0,1.0,1.0,0.7343974496220966
909,805995afc5d305912,True,,,,,,,,,,0.0,1.0,1.0,1.0,1.0,0.0,0.0,1.0,1.0,0.0
910,be30a0caa3e19507e,True,,,,,,,,,,0.0,1.0,1.0,1.0,1.0,0.0,1.0,1.0,0.0,0.0
911,b757155200a7aea72,True,,,,,,,,,,0.0,0.0,0.0,1.0,1.0,0.0,0.0,1.0,0.0,0.0
912,6ca032cc95e7418a6,True,,,,,,,,,,1.0,1.0,0.0,1.0,0.8539476453824827,1.0,0.0,1.0,1.0,0.0
913,977ccf108c51d43d0,True,,,,,,,,,,1.0,1.0,1.0,1.0,0.6437850626629457,1.0,1.0,1.0,0.0,0.7636828320821705
914,ec84cf228d6d79089,True,,,,,,,,,,1.0,1.0,1.0,1.0,0.5773436911707374,1.0,1.0,1.0,1.0,0.8679199034908555
915,595a7bb76f59c677e,True,,,,,,,,,,0.0,1.0,1.0,1.0,1.0,0.0,1.0,1.0,0.0,0.0
916,0dacd04f2b5cb9990,True,,,,,,,,,,1.0,0.0,0.0,1.0,1.0,1.0,1.0,1.0,1.0,0.0
917,32b8d38d96342e28b,True,,,,,,,,,,1.0,0.0,1.0,1.0,0.5453639354494558,1.0,1.0,1.0,0.0,0.0
918,c6d9117f5b5eb2902,True,,,,,,,,,,1.0,1.0,1.0,1.0,0.4310849878489813,1.0,1.0,1.0,1.0,0.8222140587028066
919,5ca342ee0bfdecb05,True,,,,,,,,,,1.0,1.0,1.0,1.0,0.9424553407459071,1.0,1.0,1.0,1.0,0.982017293983096
920,a16a2970a55b1cf7f,True,,,,,,,,,,1.0,1.0,1.0,1.0,0.6742621510768761,1.0,0.0,1.0,0.0,0.6482069222115238
921,6689a93bda6a6470b,True,,,,,,,,,,1.0,1.0,1.0,1.0,0.835452758286711,1.0,1.0,1.0,0.0,0.8235789869645972
922,2f7d76aaf1c498bdf,True,,,,,,,,,,1.0,0.0,1.0,1.0,0.44350914272732256,1.0,1.0,1.0,0.0,0.0
923,2796e0e0b71483121,True,,,,,,,,,,0.0,1.0,1.0,1.0,1.0,0.0,1.0,1.0,1.0,0.0
924,ada3a1a9a3d4dee81,True,,,,,,,,,,1.0,1.0,1.0,1.0,0.8693215171888833,1.0,1.0,1.0,1.0,0.959162974121526
925,24b6ddd9158c4bf2c,True,,,,,,,,,,1.0,1.0,1.0,1.0,0.8488131325471747,1.0,1.0,1.0,1.0,0.9527541039209921
926,d0edf77b02ddc46df,True,,,,,,,,,,1.0,1.0,0.0,1.0,1.0,1.0,0.0,1.0,0.0,0.0
927,43510bb262d6965b6,True,,,,,,,,,,1.0,1.0,1.0,1.0,0.4537281499151668,1.0,1.0,1.0,0.0,0.7042900468484896
928,974e05c39e876c78a,True,,,,,,,,,,1.0,1.0,1.0,1.0,0.5870005438164609,1.0,0.0,1.0,0.0,0.6209376699426441
929,d86953527b4e9a76d,True,,,,,,,,,,1.0,0.0,0.0,1.0,1.0,1.0,0.0,1.0,1.0,0.0
930,ea22bac93bab13f69,True,,,,,,,,,,1.0,1.0,0.0,1.0,0.7807381829028447,1.0,0.0,1.0,0.0,0.0
931,96e86e9c0ae1056bf,True,,,,,,,,,,0.0,1.0,1.0,1.0,1.0,0.0,1.0,1.0,1.0,0.0
932,fb4312a55bc021d23,True,,,,,,,,,,1.0,1.0,1.0,1.0,0.580191067374325,1.0,1.0,1.0,1.0,0.8688097085544766
933,32e9d651acdfc8f82,True,,,,,,,,,,1.0,1.0,1.0,1.0,0.647821936813463,1.0,0.0,1.0,0.0,0.6399443552542072
934,b5d11a125c8146f58,True,,,,,,,,,,1.0,1.0,1.0,1.0,0.9448010030849804,1.0,1.0,1.0,1.0,0.9827503134640564
935,340986fda5e34ccac,True,,,,,,,,,,1.0,1.0,0.0,1.0,1.0,1.0,1.0,1.0,1.0,0.0
936,908b05ed734967ac3,True,,,,,,,,,,1.0,1.0,1.0,1.0,0.6651762333917822,1.0,0.0,1.0,1.0,0.770367572934932
937,9eb568210e6566dd5,True,,,,,,,,,,1.0,1.0,1.0,1.0,0.5075272486472336,1.0,1.0,1.0,1.0,0.8461022652022605
938,774a05df3c1512cac,True,,,,,,,,,,1.0,1.0,1.0,1.0,0.935141217570089,1.0,1.0,1.0,0.0,0.8547316304906528
939,b5026163c611c7730,True,,,,,,,,,,1.0,1.0,1.0,1.0,0.9283786981253099,1.0,1.0,1.0,1.0,0.9776183431641594
940,0ea26c79c5e97b269,True,,,,,,,,,,1.0,1.0,1.0,1.0,0.48865598380313857,1.0,0.0,1.0,1.0,0.7152049949384808
941,ddbab6bc7b8883cc3,True,,,,,,,,,,0.5,1.0,1.0,1.0,0.6562762916785781,0.0,1.0,1.0,0.0,0.22754317057477785
942,716f58dd76f073c78,True,,,,,,,,,,1.0,1.0,1.0,1.0,0.6694733645266276,1.0,0.0,1.0,0.0,0.6467104264145711
943,95ef6af0cd345193e,True,,,,,,,,,,1.0,0.0,1.0,1.0,0.547712925497582,1.0,1.0,1.0,0.0,0.0
944,9923250503e62f3e8,True,,,,,,,,,,1.0,0.0,1.0,1.0,0.3568786869119392,1.0,0.0,1.0,1.0,0.0
945,9e6b3a8efae9904aa,True,,,,,,,,,,1.0,1.0,1.0,1.0,1.0,1.0,1.0,1.0,0.0,0.875
946,04635beeb994d0ded,True,,,,,,,,,,1.0,1.0,0.0,1.0,1.0,1.0,0.0,1.0,0.0,0.0
947,128cb2527d3987e61,True,,,,,,,,,,1.0,1.0,1.0,1.0,0.8981073241034916,1.0,0.0,1.0,0.0,0.7181585387823411
948,b101c591a23f8d8d9,True,,,,,,,,,,1.0,0.0,1.0,1.0,1.0,1.0,0.0,1.0,0.0,0.0
949,ff2677dc137bcd3f7,True,,,,,,,,,,1.0,1.0,1.0,1.0,0.7072689224134124,1.0,1.0,1.0,1.0,0.9085215382541914
950,020ac08667a119075,True,,,,,,,,,,1.0,1.0,1.0,1.0,0.735582393975419,1.0,1.0,1.0,1.0,0.9173694981173184
951,036aaebb3ee3a09af,True,,,,,,,,,,1.0,1.0,1.0,1.0,1.0,1.0,0.0,1.0,1.0,0.875
952,b74af0790b5550372,True,,,,,,,,,,1.0,1.0,1.0,1.0,0.4931565383016829,1.0,0.0,1.0,1.0,0.7166114182192759
953,f75452f2564e8f2ae,True,,,,,,,,,,1.0,1.0,1.0,1.0,1.0,1.0,0.0,1.0,1.0,0.875
954,43d8801586cb39007,True,,,,,,,,,,1.0,1.0,1.0,1.0,0.5294083723046842,1.0,0.0,1.0,0.0,0.6029401163452138
955,fde62db47c2545623,True,,,,,,,,,,1.0,1.0,1.0,1.0,0.4794724701822736,1.0,1.0,1.0,1.0,0.8373351469319605
956,4f3676dd29cda956d,True,,,,,,,,,,1.0,1.0,1.0,1.0,1.0,1.0,1.0,1.0,1.0,1.0
957,ced98f0c60c32e69a,True,,,,,,,,,,1.0,1.0,1.0,1.0,0.5109554431877278,1.0,1.0,1.0,1.0,0.8471735759961649
958,ac132e5b2d0fb3476,True,,,,,,,,,,0.0,1.0,1.0,1.0,1.0,0.0,1.0,1.0,0.0,0.0
959,944ac9576ebfdb76e,True,,,,,,,,,,1.0,1.0,1.0,1.0,1.0,1.0,1.0,1.0,1.0,1.0
960,376f87b3b2f49949d,True,,,,,,,,,,1.0,1.0,1.0,1.0,0.7037253944300652,1.0,1.0,1.0,0.0,0.7824141857593954
961,241e8b27fb85d3e53,True,,,,,,,,,,1.0,1.0,1.0,0.0,1.0,1.0,1.0,1.0,0.0,0.0
962,35af9247ec4aef73d,True,,,,,,,,,,1.0,0.0,1.0,1.0,0.8349401047575011,1.0,0.0,1.0,1.0,0.0
963,bd9cfcf17b064f7df,True,,,,,,,,,,1.0,1.0,1.0,1.0,0.4003926239120011,1.0,1.0,1.0,1.0,0.8126226949725004
964,946b593648412d83c,True,,,,,,,,,,1.0,1.0,1.0,1.0,1.0,1.0,1.0,1.0,0.0,0.875
965,fd0901032c45b4e62,True,,,,,,,,,,1.0,1.0,1.0,1.0,0.7169440753560219,1.0,1.0,1.0,1.0,0.9115450235487568
966,9e0cc66836c767421,True,,,,,,,,,,1.0,1.0,1.0,1.0,0.9228753284775375,1.0,1.0,1.0,1.0,0.9758985401492305
967,75e8f9b411d1144ad,True,,,,,,,,,,1.0,1.0,1.0,1.0,0.7048486780641237,1.0,1.0,1.0,1.0,0.9077652118950387
968,761fdfcb355d74f9b,True,,,,,,,,,,1.0,1.0,1.0,1.0,1.0,1.0,1.0,1.0,1.0,1.0
969,b1c50bd50a2ae1355,True,,,,,,,,,,1.0,1.0,1.0,1.0,0.6196929065538415,1.0,1.0,0.0,1.0,0.7561540332980754
970,462336a687ff62978,True,,,,,,,,,,1.0,1.0,1.0,1.0,1.0,1.0,0.0,1.0,1.0,0.875
971,4e24a469af52b2b29,True,,,,,,,,,,1.0,0.0,1.0,1.0,0.2812743803766363,1.0,0.0,1.0,1.0,0.0
972,ecb1dd4076b28cd84,True,,,,,,,,,,1.0,0.0,1.0,1.0,0.9019333903108973,1.0,1.0,1.0,0.0,0.0
973,2999813e6f4624d21,True,,,,,,,,,,0.0,1.0,1.0,1.0,1.0,0.0,0.0,1.0,0.0,0.0
974,83dc61b75efe5e09e,True,,,,,,,,,,1.0,1.0,1.0,1.0,1.0,1.0,1.0,1.0,1.0,1.0
975,e1d71fd16cbfaade9,True,,,,,,,,,,1.0,1.0,1.0,1.0,0.37164713635952173,1.0,1.0,1.0,1.0,0.8036397301123506
976,038ec02db8bacb10c,True,,,,,,,,,,1.0,1.0,1.0,1.0,0.08178665311694217,1.0,1.0,1.0,1.0,0.7130583290990444
977,0286ad2f0fec1df3b,True,,,,,,,,,,0.0,1.0,1.0,1.0,0.6267201606475797,0.0,0.0,0.0,0.0,0.0
978,939cad6fe88e1d488,True,,,,,,,,,,1.0,1.0,1.0,1.0,0.4981652332170567,0.0,1.0,1.0,1.0,0.5306766353803303
979,a8b0718f4ba8367ac,True,,,,,,,,,,1.0,0.0,1.0,1.0,0.5630903778903419,1.0,1.0,1.0,1.0,0.0
980,c13c2ca0a9374dc3c,True,,,,,,,,,,1.0,1.0,1.0,1.0,0.7892155107410247,1.0,0.0,1.0,0.0,0.6841298471065702
981,7f0f949c3d0d9fe1f,True,,,,,,,,,,1.0,1.0,1.0,1.0,1.0,1.0,0.0,1.0,1.0,0.875
982,2b91925294ab78999,True,,,,,,,,,,0.0,0.0,0.5,1.0,1.0,0.0,0.0,1.0,0.0,0.0
983,77dea5b8b12d56203,True,,,,,,,,,,1.0,1.0,1.0,1.0,0.608995693910928,1.0,1.0,0.0,0.0,0.627811154347165
984,95068a2e2c9c01e85,True,,,,,,,,,,1.0,1.0,1.0,1.0,1.0,1.0,0.0,1.0,1.0,0.875
985,735cc37028693d641,True,,,,,,,,,,1.0,1.0,1.0,1.0,0.674255047319114,1.0,1.0,1.0,1.0,0.8982047022872232
986,3b9a4be29bdd2c8ae,True,,,,,,,,,,1.0,1.0,1.0,1.0,0.6922184969925553,1.0,0.0,1.0,1.0,0.7788182803101735
987,909281fad5f1bd401,True,,,,,,,,,,1.0,1.0,1.0,1.0,0.6677206845217655,1.0,1.0,1.0,0.0,0.7711627139130517
988,25c09023519316f41,True,,,,,,,,,,1.0,0.0,1.0,1.0,1.0,1.0,0.0,1.0,1.0,0.0
989,0f261a9f083cf0d25,True,,,,,,,,,,1.0,1.0,1.0,1.0,0.3305238993926966,1.0,1.0,1.0,0.0,0.6657887185602177
990,f4d363a5d6d3206e3,True,,,,,,,,,,1.0,1.0,1.0,1.0,0.9474841771586712,1.0,0.0,1.0,1.0,0.8585888053620847
991,b692c62651903c29f,True,,,,,,,,,,1.0,1.0,1.0,1.0,0.7643374085479989,1.0,1.0,1.0,0.0,0.8013554401712497
992,f4fc402c592a5d4a2,True,,,,,,,,,,1.0,0.0,1.0,1.0,0.6555704659260101,1.0,1.0,1.0,1.0,0.0
993,975923741f66dd57f,True,,,,,,,,,,1.0,1.0,1.0,1.0,0.6663626883862177,1.0,1.0,1.0,1.0,0.8957383401206931
994,4aa0d20a71cc4b60d,True,,,,,,,,,,1.0,0.0,1.0,1.0,0.9967963488641459,1.0,0.0,1.0,0.0,0.0
995,355e5bb60c8fb0793,True,,,,,,,,,,1.0,1.0,0.5,1.0,1.0,1.0,0.0,1.0,1.0,0.4375
996,687fb362f72d56b1d,True,,,,,,,,,,1.0,1.0,1.0,1.0,0.32448179053897513,1.0,1.0,1.0,0.0,0.6639005595434297
997,d684c7c8d5a53f7d2,True,,,,,,,,,,1.0,1.0,1.0,1.0,0.19764494324040963,1.0,0.0,1.0,1.0,0.624264044762628
998,d131d95c5bdd01f16,True,,,,,,,,,,1.0,0.0,1.0,1.0,0.5124634711449124,1.0,1.0,1.0,1.0,0.0
999,4036f3945f5783618,True,,,,,,,,,,0.0,1.0,0.0,1.0,1.0,0.0,0.0,1.0,0.0,0.0
1000,ed8e5c526e1f42a73,True,,,,,,,,,,1.0,1.0,1.0,0.0,1.0,1.0,1.0,1.0,0.0,0.0
1001,36350983298c6896a,True,,,,,,,,,,1.0,1.0,1.0,1.0,0.39223250499797513,1.0,1.0,1.0,1.0,0.8100726578118672
1002,4f84585468f82a1fc,True,,,,,,,,,,1.0,1.0,0.0,1.0,1.0,1.0,0.0,1.0,1.0,0.0
1003,6f23cf03f94e36b89,True,,,,,,,,,,1.0,1.0,1.0,1.0,0.852922631467382,1.0,1.0,1.0,1.0,0.9540383223335569
1004,d9cc3b5dd80f7b6bd,True,,,,,,,,,,1.0,1.0,1.0,1.0,0.4463831681873089,1.0,0.0,1.0,1.0,0.701994740058534
1005,486ba1da3162e9265,True,,,,,,,,,,1.0,1.0,1.0,1.0,1.0,1.0,0.0,0.0,0.0,0.625
1006,61fc4b92e35089b4c,True,,,,,,,,,,1.0,1.0,1.0,1.0,0.8312927404767163,1.0,1.0,1.0,0.0,0.8222789813989738
1007,d31445529f320e6e9,True,,,,,,,,,,1.0,1.0,1.0,1.0,1.0,1.0,1.0,1.0,1.0,1.0
1008,3fec70d4e8fe8d5b1,True,,,,,,,,,,0.0,1.0,1.0,1.0,1.0,0.0,0.0,0.0,0.0,0.0
1009,6ac3abb0e9eb26113,True,,,,,,,,,,1.0,1.0,1.0,1.0,0.972259110839805,1.0,0.0,1.0,0.0,0.741330972137439
1010,9fb82728bb72ae665,True,,,,,,,,,,1.0,1.0,1.0,1.0,1.0,1.0,0.0,1.0,1.0,0.875
1011,ba9155b84dc322eac,True,,,,,,,,,,1.0,1.0,1.0,1.0,0.5991055312049285,1.0,0.0,1.0,1.0,0.7497204785015401
1012,9ce715dfae40ca8c0,True,,,,,,,,,,1.0,0.0,1.0,1.0,0.8771556777947066,1.0,0.0,1.0,1.0,0.0
1013,f2093ddb02711422c,True,,,,,,,,,,1.0,0.0,1.0,1.0,1.0,1.0,0.0,1.0,1.0,0.0
1014,49f77b5c62d2c5787,True,,,,,,,,,,1.0,1.0,0.5,1.0,0.5715388084482058,1.0,1.0,1.0,1.0,0.43305293882003215
1015,94e0532c49d982780,True,,,,,,,,,,1.0,0.0,1.0,1.0,1.0,1.0,0.0,1.0,1.0,0.0
1016,aa06b6b1578ec1270,True,,,,,,,,,,1.0,1.0,1.0,1.0,1.0,1.0,1.0,1.0,0.0,0.875
1017,a56de10e58a3c3d6e,True,,,,,,,,,,0.0,1.0,1.0,1.0,1.0,0.0,1.0,1.0,0.0,0.0
1018,436fb766823bdb92e,True,,,,,,,,,,1.0,1.0,1.0,1.0,0.6805237023794932,1.0,1.0,1.0,1.0,0.9001636569935916
1019,4b0f639cbf3aaa353,True,,,,,,,,,,1.0,1.0,1.0,1.0,0.9004833408537631,1.0,0.0,1.0,1.0,0.843901044016801
1020,c54816fcfbf2074c3,True,,,,,,,,,,1.0,1.0,1.0,1.0,0.7140739861835472,1.0,1.0,1.0,1.0,0.9106481206823585
1021,7d5a7137f0e5a166a,True,,,,,,,,,,0.0,1.0,1.0,1.0,1.0,0.0,1.0,1.0,1.0,0.0
1022,d8df0e75d22679cef,True,,,,,,,,,,0.0,1.0,0.0,1.0,1.0,0.0,0.0,1.0,0.0,0.0
1023,81a0fd8a5f248a253,True,,,,,,,,,,0.0,1.0,1.0,1.0,1.0,0.0,1.0,1.0,1.0,0.0
1024,abb500cc3351d897a,True,,,,,,,,,,1.0,1.0,1.0,1.0,0.6792091051337541,1.0,0.0,1.0,1.0,0.7747528453542982
1025,4f8f53cf5fc946ea6,True,,,,,,,,,,1.0,1.0,1.0,1.0,0.5895165382246835,1.0,0.0,1.0,0.0,0.6217239181952137
1026,1f85e503d38a543ba,True,,,,,,,,,,1.0,1.0,0.0,1.0,0.6754112656338915,1.0,0.0,1.0,1.0,0.0
1027,cca4e701be243a275,True,,,,,,,,,,0.0,0.0,1.0,1.0,1.0,0.0,0.0,0.0,0.0,0.0
1028,aaaeb97c15db0e2f6,True,,,,,,,,,,1.0,1.0,1.0,1.0,0.7814826984054906,1.0,1.0,1.0,1.0,0.9317133432517157
1029,e1d015abbef9b482d,True,,,,,,,,,,1.0,1.0,1.0,1.0,0.7752386687336373,1.0,0.0,1.0,1.0,0.8047620839792616
1030,d2db523662daf6690,True,,,,,,,,,,0.0,1.0,1.0,1.0,1.0,0.0,1.0,1.0,0.0,0.0
1031,e07233c9901810349,True,,,,,,,,,,1.0,1.0,1.0,1.0,0.8579905778205184,1.0,0.0,1.0,1.0,0.830622055568912
1032,2d48cd27787fdf6f7,True,,,,,,,,,,1.0,1.0,1.0,1.0,1.0,1.0,1.0,1.0,1.0,1.0
1033,0b1c3be99252f24af,True,,,,,,,,,,1.0,0.0,1.0,1.0,1.0,1.0,1.0,1.0,0.0,0.0
1034,67db9f3e12bbe8868,True,,,,,,,,,,0.0,1.0,1.0,1.0,1.0,0.0,1.0,1.0,0.0,0.0
1035,38de297bc8ae7c55e,True,,,,,,,,,,1.0,1.0,1.0,1.0,1.0,1.0,1.0,1.0,0.0,0.875
1036,0ba1b091bdfec6628,True,,,,,,,,,,1.0,1.0,1.0,1.0,1.0,1.0,1.0,1.0,0.0,0.875
1037,de3881c003667e53e,True,,,,,,,,,,0.0,1.0,1.0,1.0,1.0,0.0,0.0,1.0,1.0,0.0
1038,6583dc042ee97ab5a,True,,,,,,,,,,1.0,1.0,1.0,1.0,0.4317619274273616,1.0,0.0,1.0,1.0,0.6974256023210506
1039,ab4e7191ed67b8ea4,True,,,,,,,,,,1.0,1.0,1.0,1.0,0.7792011648319468,1.0,1.0,1.0,0.0,0.8060003640099833
1040,49f60cc575589f36c,True,,,,,,,,,,1.0,1.0,1.0,1.0,0.9663925298722181,1.0,0.0,1.0,1.0,0.8644976655850682
1041,117c9da6253882bd5,True,,,,,,,,,,0.0,1.0,1.0,1.0,0.8022970384533703,0.0,0.0,1.0,0.0,0.0
1042,c60975bf95e458f4f,True,,,,,,,,,,1.0,1.0,0.5,1.0,0.77391116210156,1.0,1.0,0.0,0.0,0.33967361907836874
1043,370e1eb0a4295a2bc,True,,,,,,,,,,1.0,1.0,0.0,1.0,1.0,1.0,0.0,0.0,0.0,0.0
1044,17de904ac4c504886,True,,,,,,,,,,1.0,1.0,1.0,1.0,0.5461136639210417,1.0,1.0,1.0,0.0,0.7331605199753255
1045,2115b48841ebae650,True,,,,,,,,,,0.0,0.0,1.0,1.0,1.0,1.0,1.0,1.0,0.0,0.0
1046,6d8d91ad290f124b2,True,,,,,,,,,,1.0,1.0,1.0,1.0,0.7869204484677982,1.0,0.0,1.0,1.0,0.808412640146187
1047,63b1d16ef6fc7e410,True,,,,,,,,,,1.0,1.0,1.0,1.0,0.6414420514296392,1.0,1.0,1.0,0.0,0.7629506410717622
1048,85f43c57442169f13,True,,,,,,,,,,1.0,1.0,1.0,1.0,1.0,1.0,0.0,1.0,1.0,0.875
1049,e04480093a92a2fc2,True,,,,,,,,,,1.0,1.0,0.5,1.0,0.8615507006799169,1.0,1.0,1.0,1.0,0.47836729698123703
1050,6a39e3072cc5a4e56,True,,,,,,,,,,1.0,1.0,0.5,1.0,0.7710306421746748,1.0,1.0,1.0,0.0,0.4017235378397929
1051,48bf246ac8952b23d,True,,,,,,,,,,1.0,0.0,0.5,1.0,1.0,1.0,0.0,1.0,0.0,0.0
1052,6ba28ea05bd9dd3df,True,,,,,,,,,,1.0,0.0,1.0,0.0,1.0,0.0,1.0,1.0,1.0,0.0
1053,a8335bbfcf7c51cd5,True,,,,,,,,,,1.0,1.0,1.0,1.0,0.7288128505682312,1.0,0.0,1.0,1.0,0.7902540158025723
1054,4479be8eef64a3460,True,,,,,,,,,,1.0,1.0,1.0,1.0,0.5422993938652542,1.0,1.0,1.0,1.0,0.856968560582892
1055,e91ac9ef742425106,True,,,,,,,,,,1.0,1.0,1.0,1.0,0.7113954073479533,1.0,1.0,1.0,1.0,0.9098110647962354
1056,1a7308db2e3923b30,True,,,,,,,,,,1.0,1.0,0.0,1.0,0.8298243522956295,1.0,1.0,1.0,0.0,0.0
1057,77db839a0d3b1d5fe,True,,,,,,,,,,1.0,1.0,1.0,1.0,0.8194071378184564,1.0,1.0,1.0,1.0,0.9435647305682676
1058,2bd137e85147a0c70,True,,,,,,,,,,1.0,0.0,1.0,1.0,1.0,1.0,0.0,1.0,0.0,0.0
1059,467689ba5841d624f,True,,,,,,,,,,1.0,1.0,1.0,1.0,1.0,1.0,0.0,1.0,0.0,0.75
1060,1bf7eb4037d08171a,True,,,,,,,,,,1.0,1.0,1.0,1.0,0.6039738374517906,1.0,1.0,0.0,0.0,0.6262418242036846
1061,9a2c6392ddbd1a611,True,,,,,,,,,,1.0,1.0,1.0,1.0,0.7611835544646977,1.0,1.0,1.0,0.0,0.800369860770218
1062,eabd2a62e5069e1a4,True,,,,,,,,,,1.0,1.0,1.0,1.0,0.7745334216575966,1.0,0.0,1.0,1.0,0.8045416942679989
1063,3b60c8877787da3e0,True,,,,,,,,,,1.0,0.0,1.0,1.0,1.0,1.0,1.0,1.0,0.0,0.0
1064,ab0eca9405de9696c,True,,,,,,,,,,1.0,1.0,1.0,1.0,0.7250688217583625,1.0,1.0,1.0,1.0,0.9140840067994883
1065,1d9b777552553488e,True,,,,,,,,,,1.0,1.0,0.5,1.0,1.0,1.0,0.0,1.0,1.0,0.4375
1066,733dab2043d02d8e3,True,,,,,,,,,,0.0,0.0,1.0,1.0,0.6702581138796556,1.0,1.0,1.0,1.0,0.0
1067,7e640664f4c19d17e,True,,,,,,,,,,1.0,0.0,1.0,1.0,1.0,1.0,0.0,1.0,1.0,0.0
1068,6492cabed87012413,True,,,,,,,,,,1.0,1.0,1.0,1.0,0.8871313279183319,1.0,0.0,1.0,1.0,0.8397285399744787
1069,b46226c085423d5a9,True,,,,,,,,,,1.0,1.0,1.0,1.0,0.5041898096464353,1.0,1.0,1.0,0.0,0.7200593155145111
1070,fd482580f69491ce5,True,,,,,,,,,,0.0,1.0,1.0,1.0,1.0,0.0,1.0,1.0,1.0,0.0
1071,a3a4072d8e5ed009f,True,,,,,,,,,,1.0,1.0,1.0,1.0,0.6243019030745884,1.0,0.0,1.0,0.0,0.6325943447108089
1072,1f060c16840f9229e,True,,,,,,,,,,1.0,0.0,1.0,1.0,0.8421107134838506,1.0,1.0,1.0,1.0,0.0
1073,19211d8eac9c62147,True,,,,,,,,,,1.0,1.0,1.0,1.0,0.6560965586147283,1.0,0.0,1.0,1.0,0.7675301745671026
1074,79ba4023648130a0c,True,,,,,,,,,,0.0,1.0,1.0,1.0,1.0,0.0,1.0,1.0,1.0,0.0
1075,4a9850fe681028df5,True,,,,,,,,,,1.0,1.0,1.0,1.0,0.7702387964717624,1.0,0.0,0.0,0.0,0.5531996238974257
1076,5fa6ede627d6c9af7,True,,,,,,,,,,1.0,0.0,0.0,1.0,1.0,1.0,0.0,1.0,0.0,0.0
1077,f2d69faa21d148235,True,,,,,,,,,,1.0,1.0,1.0,1.0,0.7167982742925183,0.0,0.0,1.0,0.0,0.34899946071641197
1078,ab729d3e912f125a5,True,,,,,,,,,,0.0,1.0,1.0,1.0,1.0,0.0,0.0,1.0,0.0,0.0
1079,4366160abaeabb363,True,,,,,,,,,,1.0,1.0,1.0,1.0,0.8395703363370804,1.0,1.0,1.0,0.0,0.8248657301053377
1080,9ed7d460817e222e9,True,,,,,,,,,,1.0,1.0,1.0,1.0,0.7799823134097629,1.0,0.0,1.0,1.0,0.8062444729405509
1081,5f64cfcf81e889869,True,,,,,,,,,,1.0,1.0,1.0,1.0,0.6839875765179283,0.0,0.0,1.0,1.0,0.4637461176618526
1082,bd51b4ed9e85eff41,True,,,,,,,,,,1.0,1.0,1.0,1.0,0.8467557674379277,1.0,0.0,1.0,1.0,0.8271111773243525
1083,0d62abe857251412c,True,,,,,,,,,,1.0,0.0,1.0,1.0,0.9076725309874888,1.0,1.0,1.0,1.0,0.0
1084,23e989fa30e56fb01,True,,,,,,,,,,0.0,1.0,1.0,0.0,1.0,0.0,0.0,1.0,0.0,0.0
1085,155dbb3e9624d499e,True,,,,,,,,,,0.0,0.0,1.0,1.0,0.4957295238232759,0.0,0.0,1.0,1.0,0.0
1086,0a9a4ef68cc4ce8b2,True,,,,,,,,,,1.0,1.0,1.0,1.0,1.0,0.0,0.0,1.0,1.0,0.5625
1087,f35c027e64ad46b30,True,,,,,,,,,,1.0,0.0,1.0,1.0,0.6183005456113767,1.0,1.0,1.0,0.0,0.0
1088,e0d627ef80faeebd6,True,,,,,,,,,,0.0,1.0,1.0,1.0,1.0,0.0,0.0,1.0,0.0,0.0
1089,6e32b9a6c91fe85dc,True,,,,,,,,,,1.0,1.0,1.0,1.0,1.0,1.0,0.0,1.0,1.0,0.875
1090,e1c118cf727cb2222,True,,,,,,,,,,1.0,1.0,1.0,1.0,0.6354923224338622,1.0,1.0,1.0,1.0,0.8860913507605819
1091,10d905dbddd82d817,True,,,,,,,,,,1.0,1.0,1.0,1.0,0.9953340195200999,1.0,1.0,1.0,1.0,0.9985418811000313
1092,1dc0015e76a4342d9,True,,,,,,,,,,1.0,0.0,1.0,1.0,1.0,1.0,0.0,1.0,0.0,0.0
1093,1c53209f745ee0b66,True,,,,,,,,,,1.0,1.0,1.0,1.0,0.9300099419267237,1.0,1.0,1.0,1.0,0.9781281068521012
1094,5bd97408b667dca22,True,,,,,,,,,,1.0,1.0,1.0,1.0,1.0,1.0,0.0,1.0,1.0,0.875
1095,321422cad3f85a6a3,True,,,,,,,,,,0.0,0.0,0.0,1.0,1.0,0.0,0.0,1.0,1.0,0.0
1096,c38b7f486c2411a81,True,,,,,,,,,,0.0,1.0,1.0,1.0,1.0,0.0,0.0,1.0,1.0,0.0
1097,93c5dce231ad8a838,True,,,,,,,,,,1.0,0.0,1.0,1.0,0.647516945813741,1.0,1.0,1.0,1.0,0.0
1098,8480de05eed695abf,True,,,,,,,,,,1.0,1.0,1.0,1.0,0.6491363424723109,1.0,0.0,1.0,0.0,0.6403551070225971
1099,bb1231abd88057215,True,,,,,,,,,,1.0,1.0,1.0,1.0,0.5417988212881764,1.0,0.0,1.0,1.0,0.7318121316525551
1100,b5e97b7e8ca0f8b19,True,,,,,,,,,,1.0,1.0,1.0,1.0,0.7842372159774652,1.0,1.0,1.0,0.0,0.8075741299929579
1101,d3fe928c762b0cd0d,True,,,,,,,,,,1.0,1.0,1.0,1.0,1.0,1.0,0.0,1.0,0.0,0.75
1102,6f033e7af721547a9,True,,,,,,,,,,1.0,0.0,1.0,1.0,0.6900765695963283,1.0,1.0,1.0,1.0,0.0
1103,226f8f3910e177d34,True,,,,,,,,,,1.0,1.0,1.0,1.0,0.574802254113038,1.0,1.0,1.0,1.0,0.8671257044103244
1104,427e704f6c39ca2c4,True,,,,,,,,,,1.0,1.0,1.0,1.0,0.3798865116070477,1.0,1.0,1.0,1.0,0.8062145348772024
1105,6d611ec100d73e0e6,True,,,,,,,,,,1.0,0.0,0.5,1.0,0.7832716566407377,1.0,0.0,1.0,1.0,0.0
1106,47a79d5ba0ff53156,True,,,,,,,,,,1.0,0.0,1.0,1.0,1.0,1.0,1.0,1.0,1.0,0.0
1107,9bbec38bd775ea622,True,,,,,,,,,,1.0,1.0,1.0,1.0,1.0,1.0,0.0,1.0,0.0,0.75
1108,b2fc06e37171c8dd9,True,,,,,,,,,,1.0,0.0,1.0,1.0,1.0,1.0,1.0,1.0,1.0,0.0
1109,541803e1775a85786,True,,,,,,,,,,1.0,1.0,1.0,1.0,0.6350784473214055,1.0,1.0,1.0,0.0,0.7609620147879392
1110,3fa63924a53aacc9a,True,,,,,,,,,,1.0,1.0,1.0,1.0,0.3355125100469532,1.0,1.0,1.0,1.0,0.7923476593896729
1111,e9678d2903b5f46d6,True,,,,,,,,,,1.0,1.0,1.0,1.0,1.0,0.0,0.0,1.0,1.0,0.5625
1112,cde1512dfd75d52a2,True,,,,,,,,,,1.0,1.0,1.0,1.0,0.5686673451200016,1.0,1.0,1.0,0.0,0.7402085453500005
1113,14123368ec92cefb0,True,,,,,,,,,,1.0,0.0,1.0,1.0,0.7867093315263157,1.0,0.0,1.0,1.0,0.0
1114,ece34bc681d6d755f,True,,,,,,,,,,1.0,1.0,1.0,1.0,0.6271695903067022,1.0,1.0,1.0,1.0,0.8834904969708444
1115,20f4af07bc30fb4fd,True,,,,,,,,,,1.0,1.0,1.0,1.0,0.6536313587744287,1.0,1.0,1.0,1.0,0.891759799617009
1116,3b99197cc8a0e07a3,True,,,,,,,,,,1.0,1.0,1.0,1.0,1.0,1.0,1.0,1.0,1.0,1.0
1117,70fff47737f1e15b4,True,,,,,,,,,,1.0,1.0,1.0,1.0,1.0,1.0,1.0,1.0,0.0,0.875
1118,e06d3e2d64736c62d,True,,,,,,,,,,1.0,1.0,0.5,1.0,0.8985084605104453,1.0,0.0,1.0,0.0,0.3591419469547571
1119,579935f9cfdd09614,True,,,,,,,,,,1.0,1.0,1.0,1.0,0.8326713085482228,1.0,0.0,1.0,1.0,0.8227097839213195
1120,8ccebe9711753a11b,True,,,,,,,,,,1.0,1.0,1.0,1.0,0.2844741553509465,1.0,1.0,1.0,1.0,0.7763981735471708
1121,519a6a71d9b2fda8a,True,,,,,,,,,,0.0,1.0,1.0,1.0,1.0,0.0,0.0,1.0,1.0,0.0
1122,d216a742018af5843,True,,,,,,,,,,1.0,0.0,1.0,1.0,1.0,1.0,1.0,1.0,1.0,0.0
1123,c13e406734b95eb11,True,,,,,,,,,,1.0,1.0,1.0,1.0,0.3408630375722325,1.0,1.0,1.0,1.0,0.7940196992413227
1124,9adbf8a5bfedb36d2,True,,,,,,,,,,1.0,1.0,1.0,1.0,1.0,1.0,0.0,1.0,1.0,0.875
1125,be32b597dc6df2a8a,True,,,,,,,,,,1.0,1.0,1.0,1.0,1.0,1.0,0.0,1.0,0.0,0.75
1126,1c7991974c14440a3,True,,,,,,,,,,1.0,0.0,0.0,1.0,1.0,1.0,0.0,1.0,1.0,0.0
1127,aecefddf9e7523945,True,,,,,,,,,,1.0,1.0,1.0,1.0,0.6814935875593605,1.0,1.0,1.0,1.0,0.9004667461123002
1128,f8e644eaae7fc78c5,True,,,,,,,,,,1.0,1.0,1.0,1.0,1.0,1.0,0.0,1.0,1.0,0.875
1129,76a210a0c3456a3e3,True,,,,,,,,,,1.0,1.0,1.0,1.0,0.4878099698388577,1.0,1.0,1.0,1.0,0.8399406155746431
1130,739eb54d88f3b3d35,True,,,,,,,,,,1.0,1.0,1.0,1.0,0.5115924334716367,1.0,1.0,1.0,0.0,0.7223726354598865
1131,5415935ab116cd94f,True,,,,,,,,,,1.0,1.0,1.0,1.0,0.7568870433840157,1.0,0.0,1.0,1.0,0.7990272010575049
1132,bba1435e11b43591b,True,,,,,,,,,,1.0,1.0,1.0,1.0,0.6884554520588363,0.0,1.0,1.0,0.0,0.46514232876838635
1133,d0d8a6da053f9740c,True,,,,,,,,,,1.0,1.0,1.0,1.0,0.7812967437604549,1.0,1.0,1.0,1.0,0.9316552324251421
1134,20a64ca2d03e6cb72,True,,,,,,,,,,1.0,1.0,1.0,1.0,0.5172597873562166,1.0,1.0,1.0,0.0,0.7241436835488178
1135,6f0b775b8d685abec,True,,,,,,,,,,1.0,1.0,1.0,1.0,0.6940833653490366,1.0,0.0,1.0,0.0,0.6544010516715739
1136,09fa01cf920102b53,True,,,,,,,,,,1.0,1.0,1.0,1.0,0.6955141869415171,1.0,1.0,1.0,1.0,0.9048481834192241
1137,d78e4f39396f3678e,True,,,,,,,,,,1.0,1.0,1.0,1.0,0.7279134509802232,1.0,1.0,1.0,1.0,0.9149729534313198
1138,d400b7a715f88fcf5,True,,,,,,,,,,1.0,0.0,1.0,1.0,0.11130015564323266,1.0,0.0,1.0,0.0,0.0
1139,385adba134e6d7874,True,,,,,,,,,,0.0,0.0,1.0,1.0,1.0,0.0,1.0,1.0,0.0,0.0
1140,913e360242a39e667,True,,,,,,,,,,1.0,1.0,1.0,1.0,0.30304229362171253,1.0,1.0,1.0,1.0,0.7822007167567852
1141,4bd3930751899054f,True,,,,,,,,,,1.0,1.0,1.0,1.0,0.594204370711398,1.0,0.0,1.0,1.0,0.7481888658473119
1142,0409a56c40aabf66c,True,,,,,,,,,,1.0,1.0,1.0,1.0,0.6719890481952638,1.0,0.0,1.0,0.0,0.64749657756102
1143,14b4d5dae8ea46cbc,True,,,,,,,,,,1.0,1.0,1.0,1.0,0.876774964139071,1.0,0.0,1.0,0.0,0.7114921762934596
1144,1a52c544d3cfaba4b,True,,,,,,,,,,1.0,1.0,1.0,1.0,0.8687797524746829,1.0,0.0,1.0,1.0,0.8339936726483383
1145,fe81231e5ce13b101,True,,,,,,,,,,1.0,1.0,1.0,1.0,1.0,1.0,0.0,1.0,1.0,0.875
1146,e56578b2f08218e36,True,,,,,,,,,,0.5,1.0,1.0,1.0,0.882543452650941,0.0,0.0,1.0,1.0,0.26289741447670956
1147,24c8b908f552c5946,True,,,,,,,,,,0.0,1.0,1.0,1.0,0.7234023466228235,0.0,0.0,1.0,1.0,0.0
1148,742919271b6be5815,True,,,,,,,,,,1.0,1.0,0.0,1.0,1.0,1.0,0.0,1.0,0.0,0.0
1149,2729d19c18ef21b96,True,,,,,,,,,,1.0,1.0,0.5,1.0,1.0,1.0,0.0,1.0,1.0,0.4375
1150,7e61c66c138daab84,True,,,,,,,,,,1.0,1.0,0.5,1.0,0.9386939012701627,1.0,0.0,1.0,0.0,0.36542092207346294
1151,ebfe50cfc0a46ef16,True,,,,,,,,,,1.0,1.0,1.0,1.0,0.7035351494598558,1.0,0.0,1.0,1.0,0.7823547342062049
1152,d33fcf041654db4d0,True,,,,,,,,,,1.0,1.0,1.0,1.0,0.8151577097622371,1.0,0.0,1.0,1.0,0.8172367843006991
1153,8d9bc38e815347396,True,,,,,,,,,,1.0,1.0,1.0,1.0,0.6653830385284525,1.0,0.0,1.0,0.0,0.6454321995401414
1154,34c5a38a6aee37c97,True,,,,,,,,,,1.0,0.0,0.5,1.0,0.671046075569014,1.0,1.0,1.0,0.0,0.0
1155,6e7de4339dc039c41,True,,,,,,,,,,1.0,1.0,1.0,1.0,0.43695147469222145,1.0,1.0,1.0,1.0,0.8240473358413192
1156,1e90f84f7e7bca603,True,,,,,,,,,,1.0,0.0,0.5,1.0,1.0,1.0,1.0,1.0,0.0,0.0
1157,bb662cb22384c44c1,True,,,,,,,,,,1.0,1.0,1.0,1.0,0.7617960109953756,1.0,1.0,1.0,0.0,0.8005612534360549
1158,053755e0b8f0dd052,True,,,,,,,,,,0.0,1.0,1.0,1.0,1.0,0.0,0.0,1.0,1.0,0.0
1159,b7f7527c14d0de1ef,True,,,,,,,,,,1.0,1.0,0.0,1.0,1.0,1.0,0.0,1.0,1.0,0.0
1160,e18bfb53190f46707,True,,,,,,,,,,1.0,1.0,1.0,1.0,0.8663116792275802,1.0,1.0,1.0,0.0,0.8332223997586188
1161,102c820549ded1872,True,,,,,,,,,,1.0,1.0,0.5,1.0,1.0,1.0,0.0,1.0,1.0,0.4375
1162,9cef002202fcf25ea,True,,,,,,,,,,1.0,1.0,1.0,1.0,1.0,1.0,1.0,1.0,0.0,0.875
1163,04ea6a683ebec3208,True,,,,,,,,,,1.0,1.0,1.0,1.0,1.0,1.0,0.0,1.0,0.0,0.75
1164,9002fdd0eaf7d6a7a,True,,,,,,,,,,1.0,1.0,1.0,1.0,1.0,1.0,1.0,1.0,1.0,1.0
1165,44873a7eb00654595,True,,,,,,,,,,1.0,0.0,1.0,1.0,0.70828878132219,1.0,0.0,1.0,1.0,0.0
1166,06a4317c41657c287,True,,,,,,,,,,1.0,1.0,0.0,1.0,1.0,1.0,0.0,1.0,1.0,0.0
1167,6d41dae8eb9b92cbe,True,,,,,,,,,,1.0,1.0,0.0,1.0,1.0,1.0,0.0,1.0,1.0,0.0
1168,e1d4af242fe8773fa,True,,,,,,,,,,0.0,0.0,0.5,1.0,1.0,0.0,0.0,0.0,0.0,0.0
1169,1770d226b1fbdf6a2,True,,,,,,,,,,1.0,1.0,1.0,1.0,0.9512914362988861,1.0,0.0,1.0,1.0,0.8597785738434018
1170,b68edb5514fba0f3e,True,,,,,,,,,,1.0,0.0,1.0,1.0,0.6731588664328957,1.0,1.0,1.0,0.0,0.0
1171,ecd732b7421818ec0,True,,,,,,,,,,1.0,0.0,1.0,1.0,1.0,1.0,0.0,1.0,1.0,0.0
1172,b692dc44c9a90c1e2,True,,,,,,,,,,1.0,0.0,1.0,1.0,0.6947205487698267,1.0,0.0,1.0,1.0,0.0
1173,a95316ef51f44b853,True,,,,,,,,,,1.0,1.0,1.0,1.0,0.7763341121385622,1.0,0.0,1.0,1.0,0.8051044100433007
1174,553cf28c0505a3ed6,True,,,,,,,,,,1.0,1.0,1.0,1.0,0.864436384358366,1.0,0.0,1.0,1.0,0.8326363701119894
1175,7b53923d6ec4115f3,True,,,,,,,,,,1.0,0.0,0.0,1.0,1.0,1.0,0.0,1.0,1.0,0.0
1176,dc335a90fc3e97ef3,True,,,,,,,,,,1.0,1.0,1.0,1.0,0.9378217488909589,1.0,1.0,1.0,1.0,0.9805692965284247
1177,ddf4d43735ce80242,True,,,,,,,,,,0.0,0.0,0.5,1.0,1.0,0.0,0.0,1.0,1.0,0.0
1178,d8bd07f4fcdcdc313,True,,,,,,,,,,0.0,1.0,0.5,1.0,0.9948144757094992,0.0,1.0,1.0,0.0,0.0
1179,88d4924ebb1940ca0,True,,,,,,,,,,1.0,0.0,1.0,1.0,0.7009626733868837,1.0,1.0,1.0,0.0,0.0
1180,cdb408bfe8cbbd8b3,True,,,,,,,,,,0.0,0.0,0.0,1.0,1.0,0.0,0.0,1.0,0.0,0.0
1181,dcb2510de7a9a4dfc,True,,,,,,,,,,1.0,0.0,1.0,1.0,0.39257962883757774,1.0,1.0,1.0,1.0,0.0
1182,8051fe3f500d43528,True,,,,,,,,,,1.0,1.0,1.0,1.0,0.7935813915718732,1.0,0.0,1.0,1.0,0.8104941848662104
1183,0c23e365770faecb8,True,,,,,,,,,,1.0,1.0,0.0,1.0,1.0,1.0,0.0,1.0,0.0,0.0
1184,3f9281303565d8313,True,,,,,,,,,,1.0,0.0,1.0,1.0,0.7769462696731854,1.0,0.0,1.0,1.0,0.0
1185,b5d691e56539e289e,True,,,,,,,,,,1.0,1.0,1.0,1.0,0.9513077743227092,1.0,1.0,1.0,0.0,0.8597836794758467
1186,2e6e31a67e672d4a5,True,,,,,,,,,,0.0,1.0,1.0,1.0,0.5528290401705254,0.0,0.0,1.0,0.0,0.0
1187,646863c254a0a7a48,True,,,,,,,,,,1.0,1.0,0.0,1.0,0.7882830460487382,1.0,0.0,1.0,1.0,0.0
1188,b13e0235a1932348c,True,,,,,,,,,,1.0,1.0,1.0,1.0,1.0,1.0,0.0,1.0,1.0,0.875
1189,f0150096a41797505,True,,,,,,,,,,1.0,1.0,1.0,1.0,0.966776604385187,1.0,0.0,1.0,0.0,0.7396176888703709
1190,4831965b341a7fca8,True,,,,,,,,,,1.0,1.0,1.0,1.0,0.6426983072842442,1.0,1.0,1.0,1.0,0.8883432210263262
1191,fd7d31b9e1dfb00e7,True,,,,,,,,,,1.0,0.0,1.0,1.0,1.0,1.0,1.0,1.0,0.0,0.0
1192,9afa1551ea25fbb00,True,,,,,,,,,,1.0,1.0,1.0,1.0,1.0,1.0,0.0,1.0,1.0,0.875
1193,56ce783224ed8bbc4,True,,,,,,,,,,1.0,1.0,1.0,1.0,0.8840518789479117,1.0,0.0,1.0,0.0,0.7137662121712224
1194,29500c50afeb0e68a,True,,,,,,,,,,0.0,0.0,0.5,1.0,1.0,0.0,0.0,1.0,0.0,0.0
1195,e260f18e09079fc0a,True,,,,,,,,,,1.0,1.0,1.0,1.0,0.9059654624071785,1.0,1.0,1.0,0.0,0.8456142070022432
1196,c7c091e891a6bdac2,True,,,,,,,,,,1.0,1.0,1.0,1.0,0.8456498597601839,1.0,0.0,1.0,1.0,0.8267655811750575
1197,56e93c94aeafcbe6b,True,,,,,,,,,,1.0,1.0,1.0,1.0,0.9877345316822506,1.0,0.0,1.0,1.0,0.8711670411507033
1198,b7b9067126836af21,True,,,,,,,,,,0.0,1.0,1.0,1.0,1.0,0.0,1.0,1.0,1.0,0.0
1199,ab96e33e9ab4e191b,True,,,,,,,,,,0.5,0.0,0.0,1.0,1.0,0.0,0.0,1.0,0.0,0.0
1200,d85e0580a10c3e544,True,,,,,,,,,,1.0,1.0,0.0,1.0,0.8419870307423734,1.0,0.0,1.0,0.0,0.0
1201,6bd45348ddbfea0ce,True,,,,,,,,,,1.0,0.0,1.0,1.0,0.9262424058293731,1.0,1.0,1.0,0.0,0.0
1202,842ac0b9f9e4a08ca,True,,,,,,,,,,1.0,1.0,1.0,1.0,1.0,1.0,1.0,1.0,0.0,0.875
1203,78de0559e7e44a61a,True,,,,,,,,,,1.0,0.0,1.0,1.0,0.9041858011742402,1.0,1.0,1.0,1.0,0.0
1204,099b82495b2e618d3,True,,,,,,,,,,1.0,0.0,0.5,1.0,0.6802328788402636,1.0,1.0,1.0,1.0,0.0
1205,20494495b733d6710,True,,,,,,,,,,1.0,1.0,1.0,1.0,0.5329535934298592,1.0,1.0,1.0,1.0,0.854047997946831
1206,8081e2cd26d042444,True,,,,,,,,,,1.0,1.0,1.0,1.0,1.0,1.0,1.0,1.0,1.0,1.0
1207,742d03b2d943caa9e,True,,,,,,,,,,1.0,1.0,1.0,1.0,0.8239266159830415,1.0,1.0,1.0,0.0,0.8199770674947005
1208,90560af9aba9040f6,True,,,,,,,,,,1.0,1.0,1.0,1.0,1.0,1.0,0.0,1.0,0.0,0.75
1209,f5d80ab764fc60704,True,,,,,,,,,,1.0,1.0,1.0,1.0,0.45798401274337935,1.0,0.0,1.0,1.0,0.7056200039823061
1210,aa1b4476d7c10952e,True,,,,,,,,,,1.0,0.0,1.0,1.0,1.0,1.0,0.0,1.0,1.0,0.0
1211,4470091fffca9e391,True,,,,,,,,,,1.0,1.0,1.0,1.0,1.0,1.0,1.0,1.0,1.0,1.0
1212,6a64e3a4f1172e34a,True,,,,,,,,,,1.0,0.0,1.0,1.0,1.0,1.0,0.0,1.0,0.0,0.0
1213,68f17e6223ed08ff9,True,,,,,,,,,,1.0,0.0,0.5,1.0,1.0,0.0,0.0,1.0,0.0,0.0
1214,5dbaff082e8bd2a5b,True,,,,,,,,,,1.0,1.0,1.0,1.0,0.74670913527173,1.0,0.0,1.0,1.0,0.7958466047724156
1215,d3fa0f358c6066f70,True,,,,,,,,,,1.0,1.0,1.0,1.0,0.36666117639422124,1.0,0.0,1.0,1.0,0.6770816176231942
1216,630be1035e80b768b,True,,,,,,,,,,1.0,1.0,1.0,1.0,1.0,1.0,1.0,1.0,0.0,0.875
1217,0ab5cb8557d3b269d,True,,,,,,,,,,1.0,1.0,0.5,1.0,1.0,1.0,1.0,1.0,1.0,0.5
1218,20d619058c9ec6829,True,,,,,,,,,,1.0,1.0,1.0,1.0,0.8311089219697747,1.0,0.0,1.0,0.0,0.6972215381155547
1219,9346180ef7437e555,True,,,,,,,,,,1.0,1.0,1.0,1.0,0.7583235751431826,1.0,0.0,1.0,1.0,0.7994761172322445
1220,f60e4c60846b1a1da,True,,,,,,,,,,1.0,1.0,1.0,1.0,0.8654945646653002,1.0,1.0,1.0,1.0,0.9579670514579063
1221,92b72601aef2807d0,True,,,,,,,,,,1.0,1.0,1.0,1.0,0.6964597198130545,1.0,1.0,1.0,1.0,0.9051436624415795
1222,a18d6dca51d1c96c6,True,,,,,,,,,,1.0,1.0,0.5,1.0,0.4439407403116246,1.0,0.0,1.0,1.0,0.35061574067369133
1223,0da232d1485aff38f,True,,,,,,,,,,1.0,1.0,1.0,1.0,0.8424954731713216,1.0,1.0,1.0,0.0,0.8257798353660379
1224,c25da0ddaa99c1dd9,True,,,,,,,,,,0.0,0.0,1.0,1.0,1.0,0.0,1.0,1.0,1.0,0.0
1225,121c56067fcf173ae,True,,,,,,,,,,1.0,1.0,1.0,1.0,0.8814205157816278,1.0,1.0,1.0,0.0,0.8379439111817587
1226,6949e44c974752c39,True,,,,,,,,,,1.0,1.0,1.0,1.0,0.7310057781818067,1.0,1.0,1.0,1.0,0.9159393056818146
1227,111982efc7ab59a6d,True,,,,,,,,,,1.0,0.0,1.0,1.0,0.4396432748433443,1.0,1.0,1.0,1.0,0.0
1228,a0ab616e5270b617a,True,,,,,,,,,,1.0,1.0,1.0,1.0,0.7705085408948947,1.0,0.0,1.0,1.0,0.8032839190296546
1229,0e893b68e326d1c97,True,,,,,,,,,,1.0,1.0,1.0,1.0,0.24324828602165738,1.0,1.0,1.0,1.0,0.7635150893817679
1230,f15e1bae8a03b12b1,True,,,,,,,,,,1.0,1.0,0.5,1.0,0.9009420049570691,1.0,0.0,1.0,1.0,0.4220221882745421
1231,994054d09b71160e0,True,,,,,,,,,,1.0,1.0,1.0,1.0,0.8297038416579022,1.0,0.0,1.0,1.0,0.8217824505180944
1232,e8a9486b49b69adbf,True,,,,,,,,,,1.0,1.0,1.0,1.0,1.0,1.0,1.0,1.0,1.0,1.0
1233,4bdf97e7a68a220e2,True,,,,,,,,,,1.0,1.0,1.0,1.0,0.7647586472285928,1.0,0.0,1.0,1.0,0.8014870772589353
1234,8381bad892c31cd51,True,,,,,,,,,,0.5,0.0,0.0,1.0,1.0,0.0,0.0,1.0,1.0,0.0
1235,b9b2eb5e7bcdfdb6b,True,,,,,,,,,,1.0,1.0,1.0,1.0,0.4189601297146663,1.0,1.0,1.0,0.0,0.6934250405358332
1236,b2a98e2ef3f3f2ff4,True,,,,,,,,,,1.0,1.0,1.0,1.0,0.8203103488096974,1.0,0.0,1.0,1.0,0.8188469840030305
1237,29202e5e7b84d0701,True,,,,,,,,,,1.0,1.0,0.0,1.0,0.8194261819314904,1.0,0.0,1.0,0.0,0.0
1238,0935bea2b70d9fd2a,True,,,,,,,,,,1.0,1.0,1.0,1.0,1.0,1.0,0.0,1.0,1.0,0.875
1239,4b7a0a59fd31c7c90,True,,,,,,,,,,1.0,1.0,0.0,1.0,1.0,1.0,0.0,1.0,1.0,0.0
1240,1fb46d16a4f179ce1,True,,,,,,,,,,1.0,1.0,0.0,1.0,1.0,1.0,0.0,1.0,1.0,0.0
1241,deaaf2b39c8541966,True,,,,,,,,,,1.0,0.0,1.0,1.0,0.4060803100194141,1.0,0.0,1.0,1.0,0.0
1242,65cf82257d919ac3a,True,,,,,,,,,,1.0,1.0,1.0,1.0,0.766516805209628,1.0,1.0,1.0,0.0,0.8020365016280088
1243,488b7f582a8d0e834,True,,,,,,,,,,1.0,0.0,1.0,1.0,0.46346745046726157,1.0,1.0,1.0,0.0,0.0
1244,712e01f3ee0e674c0,True,,,,,,,,,,1.0,0.0,1.0,1.0,1.0,1.0,0.0,1.0,1.0,0.0
1245,a14ccfc8d2eea6574,True,,,,,,,,,,1.0,1.0,1.0,1.0,0.3797639932822586,1.0,1.0,1.0,1.0,0.8061762479007059
1246,cf516d2c4d97e69a8,True,,,,,,,,,,1.0,0.0,1.0,1.0,1.0,1.0,1.0,1.0,1.0,0.0
1247,15ab133cee3e14b85,True,,,,,,,,,,1.0,0.0,0.0,1.0,1.0,1.0,1.0,0.0,0.0,0.0
1248,329089047f59e67fb,True,,,,,,,,,,1.0,1.0,1.0,1.0,1.0,1.0,0.0,1.0,0.0,0.75
1249,a779cf32b55be3c41,True,,,,,,,,,,1.0,1.0,1.0,1.0,0.7937109229127616,1.0,1.0,1.0,1.0,0.9355346634102379
1250,fb069de5c1aacc9f5,True,,,,,,,,,,1.0,1.0,1.0,1.0,0.5787134139318282,1.0,1.0,1.0,1.0,0.8683479418536963
1251,16e1819d7d9d5f11d,True,,,,,,,,,,1.0,1.0,1.0,1.0,0.19406878321543286,1.0,1.0,1.0,1.0,0.7481464947548228
1252,2c253de40b51a352a,True,,,,,,,,,,1.0,1.0,1.0,1.0,0.3952269087285143,1.0,1.0,1.0,1.0,0.8110084089776607
1253,b83c30081d33ba2dd,True,,,,,,,,,,1.0,1.0,1.0,1.0,0.7851036603601876,1.0,1.0,1.0,1.0,0.9328448938625586
1254,dfe73ad8f70781d46,True,,,,,,,,,,1.0,1.0,1.0,1.0,1.0,1.0,0.0,1.0,0.0,0.75
1255,dec0b3a34c3d245fd,True,,,,,,,,,,1.0,1.0,1.0,1.0,0.8728353055501888,1.0,0.0,1.0,1.0,0.835261032984434
1256,557e221eea6bbdd42,True,,,,,,,,,,1.0,1.0,1.0,1.0,0.6551336434641234,1.0,1.0,1.0,1.0,0.8922292635825386
1257,7f520a3f0158554b6,True,,,,,,,,,,0.0,1.0,1.0,1.0,1.0,0.0,1.0,1.0,0.0,0.0
1258,1fe19452daacb7953,True,,,,,,,,,,0.0,1.0,1.0,1.0,1.0,0.0,1.0,1.0,1.0,0.0
1259,3d35e2b7007a10159,True,,,,,,,,,,1.0,1.0,1.0,0.0,1.0,1.0,0.0,1.0,1.0,0.0
1260,9d70974d55a05357d,True,,,,,,,,,,1.0,1.0,1.0,1.0,0.7292120275158847,1.0,1.0,0.0,1.0,0.790378758598714
1261,2d176dbb12e40c2aa,True,,,,,,,,,,0.0,1.0,1.0,1.0,1.0,0.0,0.0,1.0,0.0,0.0
1262,b4750fa326ea1085b,True,,,,,,,,,,0.0,1.0,1.0,1.0,1.0,0.0,1.0,1.0,1.0,0.0
1263,766195ae1ef2dac03,True,,,,,,,,,,1.0,0.0,1.0,1.0,0.6769339870022443,1.0,1.0,1.0,1.0,0.0
1264,a42442493dd5e64ba,True,,,,,,,,,,1.0,1.0,1.0,1.0,0.5615326988166787,1.0,1.0,1.0,0.0,0.737978968380212
1265,fcdbf5378a4eecdc5,True,,,,,,,,,,1.0,1.0,1.0,1.0,0.7563876743317852,1.0,1.0,1.0,1.0,0.9238711482286829
1266,d253a5d864e95f8d2,True,,,,,,,,,,1.0,1.0,1.0,1.0,1.0,1.0,0.0,1.0,0.0,0.75
1267,84ca2983c8da58e9b,True,,,,,,,,,,1.0,1.0,1.0,1.0,1.0,1.0,0.0,1.0,0.0,0.75
1268,90411c0174cf07251,True,,,,,,,,,,1.0,0.0,1.0,1.0,0.7623388208230544,1.0,1.0,1.0,0.0,0.0
1269,265a501fe44eb4a2e,True,,,,,,,,,,1.0,1.0,1.0,1.0,0.4318751109027193,1.0,0.0,1.0,0.0,0.5724609721570998
1270,b94470389611028aa,True,,,,,,,,,,0.5,0.0,0.5,1.0,1.0,0.0,0.0,1.0,0.0,0.0
1271,39bdf934b35cb930d,True,,,,,,,,,,1.0,1.0,1.0,1.0,0.8538609983764666,1.0,1.0,1.0,1.0,0.9543315619926458
1272,f6ee18e1982a51d52,True,,,,,,,,,,1.0,1.0,1.0,1.0,0.7451368715508057,1.0,1.0,1.0,1.0,0.9203552723596268
1273,7c08e3a9b6ee87717,True,,,,,,,,,,1.0,0.0,1.0,1.0,0.8791304288235471,1.0,1.0,1.0,0.0,0.0
1274,845c54f5c31f66323,True,,,,,,,,,,1.0,1.0,1.0,1.0,0.8436835502275528,1.0,1.0,1.0,1.0,0.9511511094461103
1275,a4512ee0b8d11026d,True,,,,,,,,,,1.0,0.0,1.0,1.0,0.35538859215828256,1.0,1.0,1.0,0.0,0.0
1276,5cabba46461e04874,True,,,,,,,,,,1.0,1.0,1.0,1.0,1.0,1.0,0.0,1.0,1.0,0.875
1277,6abfaa7acf5d00640,True,,,,,,,,,,1.0,1.0,1.0,1.0,0.785516670915007,1.0,1.0,1.0,1.0,0.9329739596609397
1278,a752f273da4956217,True,,,,,,,,,,1.0,1.0,1.0,1.0,0.8336101475776327,1.0,1.0,1.0,0.0,0.8230031711180102
1279,86aa1518812acc807,True,,,,,,,,,,1.0,1.0,1.0,1.0,1.0,1.0,1.0,1.0,1.0,1.0
1280,964210c085079b61a,True,,,,,,,,,,1.0,1.0,1.0,1.0,0.30399766676163903,1.0,0.0,1.0,0.0,0.5324992708630122
1281,218dfa1bf4d961da8,True,,,,,,,,,,0.0,1.0,1.0,1.0,1.0,0.0,0.0,1.0,0.0,0.0
1282,ff15360ae71790eb6,True,,,,,,,,,,1.0,1.0,0.5,1.0,1.0,1.0,0.0,1.0,1.0,0.4375
1283,e2c6d877481b28f7e,True,,,,,,,,,,0.0,1.0,1.0,1.0,1.0,0.0,0.0,1.0,1.0,0.0
1284,82aeafe6afee99d4b,True,,,,,,,,,,1.0,1.0,1.0,1.0,0.5564849363582163,1.0,1.0,1.0,0.0,0.7364015426119426
1285,8d358053106bc9580,True,,,,,,,,,,0.0,1.0,1.0,1.0,1.0,0.0,0.0,1.0,1.0,0.0
1286,0d322fa61ecc39416,True,,,,,,,,,,1.0,1.0,1.0,1.0,0.7324426623990659,1.0,1.0,1.0,1.0,0.9163883319997082
1287,885154f1032e04177,True,,,,,,,,,,0.5,0.0,0.5,1.0,1.0,0.0,0.0,1.0,0.0,0.0
1288,93f8da10fb7af1122,True,,,,,,,,,,1.0,0.0,1.0,1.0,1.0,1.0,0.0,1.0,1.0,0.0
1289,997532ca2ca1c8c42,True,,,,,,,,,,1.0,1.0,1.0,1.0,0.2189119273030176,1.0,1.0,1.0,1.0,0.755909977282193
1290,b65f9c34340591fdf,True,,,,,,,,,,1.0,1.0,1.0,1.0,0.807042733950162,1.0,0.0,1.0,1.0,0.8147008543594256
1291,0584fafb0cb401aaf,True,,,,,,,,,,1.0,1.0,1.0,1.0,1.0,1.0,1.0,1.0,0.0,0.875
1292,934550d99dbe5a996,True,,,,,,,,,,1.0,1.0,0.0,1.0,0.6580254072376448,1.0,0.0,1.0,1.0,0.0
1293,50119f57063995e29,True,,,,,,,,,,0.0,1.0,1.0,1.0,1.0,0.0,1.0,1.0,0.0,0.0
1294,27ddf7be2179b60af,True,,,,,,,,,,1.0,1.0,0.0,1.0,0.8890577903726491,1.0,0.0,1.0,1.0,0.0
1295,ec788232fc7f2cf7e,True,,,,,,,,,,1.0,1.0,1.0,1.0,0.5569948847872828,1.0,1.0,1.0,1.0,0.8615609014960259
1296,3423788f9b45444ab,True,,,,,,,,,,1.0,1.0,1.0,1.0,0.682198287006261,1.0,1.0,1.0,1.0,0.9006869646894565
1297,d227ec1d4a92cd5fe,True,,,,,,,,,,1.0,0.0,1.0,1.0,0.731475222444762,1.0,1.0,1.0,1.0,0.0
1298,5713b6b9f58be2004,True,,,,,,,,,,1.0,1.0,1.0,1.0,1.0,1.0,0.0,1.0,0.0,0.75
1299,1e6bc8862dcc8e9e0,True,,,,,,,,,,1.0,0.0,1.0,1.0,0.7353313778555604,1.0,0.0,1.0,1.0,0.0
1300,252b55b927f05ad09,True,,,,,,,,,,1.0,1.0,1.0,1.0,0.8592868506104563,1.0,1.0,1.0,0.0,0.8310271408157676
1301,c7e0e6deef7f0758e,True,,,,,,,,,,1.0,1.0,1.0,1.0,0.6518319624024206,1.0,0.0,1.0,1.0,0.7661974882507564
1302,209b97b1bbd7f20ba,True,,,,,,,,,,1.0,0.0,0.0,1.0,1.0,1.0,0.0,1.0,1.0,0.0
1303,e612d86c9121fd77b,True,,,,,,,,,,0.0,1.0,1.0,1.0,1.0,0.0,1.0,1.0,0.0,0.0
1304,0f61f35dda061336d,True,,,,,,,,,,1.0,1.0,0.0,1.0,1.0,1.0,0.0,1.0,1.0,0.0
1305,da2e81331b0e59b3e,True,,,,,,,,,,1.0,1.0,1.0,1.0,1.0,1.0,0.0,1.0,1.0,0.875
1306,d1d090928a3c1ff44,True,,,,,,,,,,1.0,1.0,1.0,1.0,0.6522175270390224,1.0,0.0,1.0,1.0,0.7663179771996945
1307,d53c9d9cbcfbfd03f,True,,,,,,,,,,1.0,1.0,1.0,1.0,0.389020695034714,1.0,1.0,1.0,1.0,0.8090689671983481
1308,dd01f78238cd88b26,True,,,,,,,,,,1.0,1.0,1.0,1.0,1.0,1.0,1.0,1.0,1.0,1.0
1309,e536d36c3e7306e47,True,,,,,,,,,,0.0,1.0,1.0,1.0,0.9851734242942944,0.0,0.0,1.0,0.0,0.0
1310,1a8b28cb69aa0366e,True,,,,,,,,,,1.0,0.0,0.0,1.0,1.0,1.0,0.0,1.0,0.0,0.0
1311,5e9e3c88e21f7a346,True,,,,,,,,,,1.0,0.0,1.0,1.0,1.0,1.0,1.0,1.0,0.0,0.0
1312,d14bb6b9926bccfb5,True,,,,,,,,,,1.0,1.0,1.0,1.0,1.0,1.0,1.0,1.0,0.0,0.875
1313,f822b7fedd599ccea,True,,,,,,,,,,1.0,0.0,1.0,1.0,1.0,1.0,0.0,1.0,1.0,0.0
1314,eadba795c4950544f,True,,,,,,,,,,1.0,0.0,1.0,1.0,0.7143757345104755,1.0,1.0,1.0,1.0,0.0
1315,0502403f486b71c32,True,,,,,,,,,,1.0,1.0,1.0,1.0,0.5919481918447277,1.0,1.0,1.0,1.0,0.8724838099514773
1316,d27053118101aa310,True,,,,,,,,,,1.0,1.0,1.0,1.0,0.8272692700585678,1.0,0.0,1.0,0.0,0.6960216468933025
1317,27fe2548642974f6e,True,,,,,,,,,,1.0,1.0,1.0,1.0,1.0,0.0,0.0,1.0,0.0,0.4375
1318,217065a6aefbd8186,True,,,,,,,,,,1.0,1.0,1.0,1.0,0.737077712557196,1.0,1.0,1.0,1.0,0.9178367851741238
1319,b4ad9997db888e2b4,True,,,,,,,,,,1.0,1.0,1.0,1.0,1.0,1.0,0.0,1.0,0.0,0.75
1320,fc31a6f8ac42c70a9,True,,,,,,,,,,1.0,1.0,0.5,1.0,0.8672977000116984,1.0,0.0,1.0,1.0,0.41676526562682786
1321,3b8ae7a448c0eb280,True,,,,,,,,,,1.0,0.0,0.0,1.0,1.0,0.0,0.0,1.0,0.0,0.0
1322,8c25a75ef46e49d9f,True,,,,,,,,,,1.0,1.0,1.0,1.0,0.4920060518241654,1.0,1.0,1.0,1.0,0.8412518911950517
1323,76a0cb9becd094e36,True,,,,,,,,,,1.0,1.0,0.5,1.0,0.7493049883599887,1.0,1.0,1.0,1.0,0.46082890443124824
1324,966244bc558d53ef7,True,,,,,,,,,,1.0,1.0,1.0,1.0,0.5084362149031959,1.0,0.0,1.0,0.0,0.5963863171572488
1325,d3f900cebad176f8c,True,,,,,,,,,,0.0,1.0,0.5,1.0,1.0,0.0,0.0,1.0,1.0,0.0
1326,02bafb0e20897c0c6,True,,,,,,,,,,1.0,1.0,0.5,1.0,0.8026442532264761,1.0,1.0,1.0,1.0,0.46916316456663687
1327,8ecb5a2059e8ef8ac,True,,,,,,,,,,0.0,1.0,0.5,1.0,1.0,0.0,0.0,1.0,0.0,0.0
1328,91e4c1dcd12d3cf3c,True,,,,,,,,,,1.0,1.0,0.5,1.0,1.0,1.0,1.0,0.0,0.0,0.375
1329,b947c49e539199af0,True,,,,,,,,,,1.0,1.0,1.0,1.0,0.4705189300965015,1.0,1.0,1.0,0.0,0.7095371656551567
1330,5a6d3d8a6cd7a7d2e,True,,,,,,,,,,1.0,1.0,1.0,1.0,0.43811007551244907,1.0,0.0,1.0,1.0,0.6994093985976404
1331,88685892fa01fcedf,True,,,,,,,,,,1.0,0.0,0.5,1.0,0.5648550355483305,1.0,0.0,1.0,0.0,0.0
1332,03edf6df45ef3dc2c,True,,,,,,,,,,1.0,1.0,1.0,1.0,1.0,1.0,0.0,1.0,1.0,0.875
1333,21473775434910bbe,True,,,,,,,,,,1.0,1.0,1.0,1.0,1.0,1.0,0.0,1.0,0.0,0.75
1334,71755f3b7a0b20f35,True,,,,,,,,,,0.0,0.0,1.0,1.0,1.0,0.0,1.0,1.0,1.0,0.0
1335,e2d4c33530eaef8bf,True,,,,,,,,,,1.0,1.0,1.0,1.0,0.7876270197668149,1.0,0.0,1.0,1.0,0.8086334436771296
1336,6eed9aba87a865c93,True,,,,,,,,,,1.0,1.0,1.0,1.0,1.0,1.0,0.0,1.0,1.0,0.875
1337,4d115c250e5dc02b1,True,,,,,,,,,,1.0,1.0,1.0,1.0,1.0,1.0,1.0,1.0,0.0,0.875
1338,96539cf10e3cf92af,True,,,,,,,,,,1.0,1.0,1.0,1.0,1.0,0.0,1.0,1.0,0.0,0.5625
1339,6ecd877422fdf9247,True,,,,,,,,,,1.0,1.0,1.0,1.0,0.2927784007156935,1.0,1.0,1.0,1.0,0.7789932502236543
1340,2df66cb5d7a252afe,True,,,,,,,,,,0.0,1.0,1.0,1.0,1.0,0.0,1.0,1.0,0.0,0.0
1341,1e3e373072e96c044,True,,,,,,,,,,1.0,0.0,1.0,1.0,1.0,1.0,0.0,1.0,1.0,0.0
1342,599d18ef0c8b9c894,True,,,,,,,,,,0.5,1.0,1.0,0.0,1.0,0.0,1.0,1.0,1.0,0.0
1343,a4564a26800be40aa,True,,,,,,,,,,1.0,1.0,0.5,1.0,1.0,0.0,0.0,1.0,1.0,0.28125
1344,5811614378e2be311,True,,,,,,,,,,1.0,0.0,1.0,1.0,1.0,1.0,0.0,1.0,1.0,0.0
1345,6facf1979a5a3837b,True,,,,,,,,,,1.0,1.0,1.0,1.0,1.0,1.0,1.0,1.0,1.0,1.0
1346,9e892c78dc283445e,True,,,,,,,,,,1.0,1.0,1.0,1.0,1.0,1.0,1.0,1.0,0.0,0.875
1347,336a85438db14731e,True,,,,,,,,,,0.0,1.0,1.0,1.0,1.0,0.0,0.0,1.0,1.0,0.0
1348,bf23a089fb07a1891,True,,,,,,,,,,1.0,1.0,1.0,1.0,0.7103024303555561,1.0,0.0,1.0,0.0,0.6594695094861113
1349,dfa9b874b33acc858,True,,,,,,,,,,1.0,0.0,1.0,1.0,0.7840562788952704,1.0,0.0,1.0,1.0,0.0
1350,cfb8ea140d6258c81,True,,,,,,,,,,1.0,1.0,1.0,1.0,1.0,1.0,0.0,1.0,0.0,0.75
1351,27b7e5ec4bfe00f85,True,,,,,,,,,,1.0,0.0,1.0,1.0,1.0,1.0,1.0,1.0,1.0,0.0
1352,23b5ec16bb6ad0b92,True,,,,,,,,,,1.0,0.0,1.0,1.0,1.0,1.0,1.0,1.0,1.0,0.0
1353,31368b2b5cafa42dc,True,,,,,,,,,,1.0,1.0,1.0,1.0,0.6632470755280352,1.0,1.0,1.0,0.0,0.769764711102511
1354,44f588c85236fe365,True,,,,,,,,,,0.0,1.0,1.0,1.0,1.0,0.0,1.0,1.0,0.0,0.0
1355,950706a6956dc566f,True,,,,,,,,,,0.5,1.0,1.0,1.0,1.0,0.0,0.0,1.0,1.0,0.28125
1356,ce7eec1214fedafe8,True,,,,,,,,,,0.0,1.0,0.5,1.0,0.5012059066838384,0.0,0.0,1.0,1.0,0.0
1357,80c12d47df3847b19,True,,,,,,,,,,1.0,1.0,1.0,1.0,0.803163753826362,1.0,1.0,1.0,1.0,0.9384886730707381
1358,bd7729f8ddc18f827,True,,,,,,,,,,1.0,1.0,1.0,1.0,0.9895149255821961,1.0,0.0,1.0,0.0,0.7467234142444363
1359,2d044f90ee817dc19,True,,,,,,,,,,1.0,0.0,0.0,1.0,1.0,1.0,0.0,1.0,1.0,0.0
1360,344138bb06fa0b513,True,,,,,,,,,,1.0,0.0,1.0,1.0,1.0,1.0,0.0,1.0,1.0,0.0
1361,1f06c169ad7123eab,True,,,,,,,,,,1.0,1.0,1.0,1.0,1.0,0.0,0.0,1.0,0.0,0.4375
1362,e85a39742e3e7ef00,True,,,,,,,,,,1.0,1.0,0.0,1.0,1.0,1.0,0.0,1.0,1.0,0.0
1363,892cab52968bdafc3,True,,,,,,,,,,0.0,1.0,1.0,0.0,1.0,0.0,1.0,1.0,1.0,0.0
1364,90bd22f98b4c8c0db,True,,,,,,,,,,1.0,1.0,1.0,1.0,1.0,1.0,0.0,1.0,0.0,0.75
1365,f9a60116425308d57,True,,,,,,,,,,1.0,1.0,0.0,1.0,1.0,1.0,0.0,1.0,1.0,0.0
1366,b0b33738475eb449a,True,,,,,,,,,,1.0,1.0,0.5,1.0,0.8178585462025052,1.0,0.0,1.0,1.0,0.4090403978441414
1367,11efb68d8748f6136,True,,,,,,,,,,1.0,0.0,0.5,1.0,1.0,1.0,0.0,1.0,0.0,0.0
1368,dc140e9555d47bb86,True,,,,,,,,,,1.0,1.0,1.0,1.0,0.6644866890594567,1.0,1.0,1.0,1.0,0.8951520903310802
1369,60b75083635860a0a,True,,,,,,,,,,1.0,0.0,1.0,1.0,1.0,1.0,1.0,1.0,0.0,0.0
1370,1101b454c3a1637f1,True,,,,,,,,,,1.0,1.0,0.5,1.0,0.602045108642348,1.0,0.0,1.0,1.0,0.37531954822536684
1371,07019aee6f130ff5d,True,,,,,,,,,,1.0,1.0,1.0,1.0,0.7544430270495005,1.0,0.0,1.0,0.0,0.6732634459529689
1372,15e9e852fea33e966,True,,,,,,,,,,1.0,0.0,1.0,1.0,1.0,1.0,1.0,1.0,1.0,0.0
1373,565b302cf79ef624e,True,,,,,,,,,,1.0,1.0,1.0,1.0,0.7915584939202615,1.0,0.0,1.0,1.0,0.8098620293500817
1374,6a45a8aa53220a0e3,True,,,,,,,,,,1.0,0.0,1.0,1.0,0.6833769170270299,1.0,1.0,1.0,0.0,0.0
1375,d760fd5131cb248fc,True,,,,,,,,,,1.0,1.0,1.0,1.0,0.7816533642221153,1.0,1.0,1.0,1.0,0.931766676319411
1376,102f1115bc733e323,True,,,,,,,,,,1.0,1.0,1.0,1.0,0.8322469158640844,1.0,0.0,1.0,1.0,0.8225771612075263
1377,47bbf73e6941376ea,True,,,,,,,,,,1.0,1.0,1.0,1.0,0.6297054078458157,1.0,1.0,1.0,0.0,0.7592829399518174
1378,ecb3b9f1238edf126,True,,,,,,,,,,1.0,0.0,1.0,1.0,0.9604640153576744,1.0,1.0,1.0,1.0,0.0
1379,0e21f086c18f3949c,True,,,,,,,,,,1.0,1.0,1.0,1.0,0.8319679232743779,1.0,1.0,1.0,0.0,0.8224899760232431
1380,531b93949ba10107b,True,,,,,,,,,,1.0,1.0,0.0,1.0,1.0,1.0,0.0,1.0,1.0,0.0
1381,6206155cd12c2d3af,True,,,,,,,,,,1.0,1.0,1.0,1.0,1.0,1.0,1.0,1.0,1.0,1.0
1382,709f734811414136f,True,,,,,,,,,,1.0,1.0,1.0,1.0,0.9828936795562608,1.0,1.0,1.0,1.0,0.9946542748613315
1383,676ffbee9ca648d5c,True,,,,,,,,,,0.0,1.0,1.0,1.0,1.0,0.0,1.0,1.0,0.0,0.0
1384,d3b5a3486c40ea561,True,,,,,,,,,,1.0,0.0,0.5,1.0,0.7879336778698952,1.0,1.0,1.0,0.0,0.0
1385,7052cedfc597ff134,True,,,,,,,,,,0.0,1.0,1.0,1.0,1.0,0.0,0.0,1.0,1.0,0.0
1386,2b2111da18ed8032d,True,,,,,,,,,,0.0,0.0,0.5,1.0,1.0,0.0,0.0,1.0,1.0,0.0
1387,ea57c9c13c9526722,True,,,,,,,,,,0.0,0.0,1.0,1.0,1.0,0.0,0.0,1.0,1.0,0.0
1388,c7c0caa29dbf55999,True,,,,,,,,,,0.0,1.0,1.0,1.0,1.0,0.0,0.0,1.0,0.0,0.0
1389,d6ae7a1180d77eafb,True,,,,,,,,,,1.0,1.0,1.0,1.0,0.9194135891289066,1.0,1.0,1.0,0.0,0.8498167466027833
1390,47fc4c6fd21e44379,True,,,,,,,,,,1.0,1.0,1.0,1.0,0.8439693895188818,1.0,1.0,1.0,1.0,0.9512404342246505
1391,dbdd9c6b89f613fdf,True,,,,,,,,,,1.0,0.0,1.0,1.0,1.0,1.0,1.0,1.0,1.0,0.0
1392,25cdeef2455f42ea7,True,,,,,,,,,,1.0,1.0,1.0,1.0,0.9840194327969556,1.0,1.0,1.0,0.0,0.8700060727490486
1393,82e64850661b77497,True,,,,,,,,,,0.0,1.0,1.0,1.0,1.0,0.0,1.0,1.0,1.0,0.0
1394,17c86323e16dd5691,True,,,,,,,,,,0.0,1.0,1.0,1.0,1.0,0.0,0.0,1.0,1.0,0.0
1395,bec8d578f7182bbcd,True,,,,,,,,,,1.0,1.0,1.0,1.0,1.0,1.0,0.0,1.0,1.0,0.875
1396,2d56e1301f6cafa55,True,,,,,,,,,,0.0,1.0,1.0,1.0,1.0,0.0,1.0,1.0,0.0,0.0
1397,d7b9e3963f7cb14e1,True,,,,,,,,,,1.0,1.0,1.0,1.0,0.9743261058658517,1.0,1.0,1.0,1.0,0.9919769080830787
1398,c4acda7791668ad2d,True,,,,,,,,,,1.0,1.0,1.0,1.0,0.4424819033709446,1.0,1.0,1.0,1.0,0.8257755948034202
1399,b360500595d619f7c,True,,,,,,,,,,1.0,1.0,1.0,1.0,0.8859489375955931,1.0,0.0,1.0,1.0,0.8393590429986229
1400,3ba190ee6bf34b836,True,,,,,,,,,,1.0,1.0,1.0,1.0,1.0,1.0,0.0,1.0,1.0,0.875
1401,988fa96e564a80331,True,,,,,,,,,,1.0,1.0,1.0,1.0,0.7736309505737018,1.0,1.0,1.0,1.0,0.9292596720542818
1402,b05df43ae389b79eb,True,,,,,,,,,,1.0,0.0,0.0,1.0,1.0,1.0,0.0,1.0,1.0,0.0
1403,2d98dd5a526780315,True,,,,,,,,,,1.0,1.0,0.0,1.0,1.0,1.0,1.0,1.0,1.0,0.0
1404,90dfc4788a349e60b,True,,,,,,,,,,1.0,1.0,1.0,1.0,1.0,1.0,1.0,1.0,1.0,1.0
1405,1bd9daba7d7d502b0,True,,,,,,,,,,1.0,1.0,1.0,1.0,0.7512026583564179,1.0,1.0,1.0,0.0,0.7972508307363806
1406,e87f91497184fed2b,True,,,,,,,,,,0.0,1.0,1.0,1.0,1.0,0.0,1.0,1.0,1.0,0.0
1407,ebc1dc2ec0e635ae3,True,,,,,,,,,,1.0,0.0,1.0,1.0,0.9900474733626049,1.0,1.0,1.0,0.0,0.0
1408,875f6c89666fde397,True,,,,,,,,,,1.0,1.0,1.0,1.0,0.6478095352596508,1.0,1.0,1.0,1.0,0.8899404797686409
1409,9e6370c960ce41937,True,,,,,,,,,,1.0,1.0,1.0,1.0,0.5794345476207414,1.0,0.0,1.0,0.0,0.6185732961314817
1410,aa354b140b6d2c2ab,True,,,,,,,,,,1.0,1.0,1.0,1.0,0.19743553547827306,1.0,1.0,1.0,1.0,0.7491986048369603
1411,d29638c5140885ccd,True,,,,,,,,,,0.0,0.0,1.0,1.0,1.0,0.0,0.0,0.0,0.0,0.0
1412,c3f88ffa3ddcecc64,True,,,,,,,,,,0.0,1.0,1.0,1.0,1.0,0.0,0.0,1.0,1.0,0.0
1413,a7c33da176ab8f433,True,,,,,,,,,,1.0,0.0,1.0,1.0,1.0,1.0,0.0,0.0,0.0,0.0
1414,3d46e887da2f265d2,True,,,,,,,,,,1.0,1.0,1.0,1.0,0.4941237308667736,1.0,1.0,1.0,0.0,0.7169136658958668
1415,50bb35a33ba92cd52,True,,,,,,,,,,0.0,1.0,1.0,1.0,1.0,0.0,1.0,1.0,0.0,0.0
1416,956a8bcaa1a0b0856,True,,,,,,,,,,0.0,1.0,1.0,1.0,1.0,0.0,0.0,1.0,0.0,0.0
1417,19076eddbca015da6,True,,,,,,,,,,1.0,1.0,1.0,1.0,1.0,1.0,1.0,1.0,0.0,0.875
1418,02693119b4e1bacb0,True,,,,,,,,,,1.0,1.0,1.0,1.0,0.28794536318415337,1.0,1.0,1.0,0.0,0.652482925995048
1419,95285e276d73120c3,True,,,,,,,,,,1.0,1.0,1.0,1.0,0.32028403174951936,1.0,1.0,1.0,1.0,0.7875887599217248
1420,cc082d08854f64656,True,,,,,,,,,,0.0,1.0,0.5,1.0,1.0,0.0,0.0,1.0,1.0,0.0
1421,e6aaf829acef158f6,True,,,,,,,,,,1.0,1.0,1.0,1.0,0.2790407532869359,1.0,1.0,1.0,1.0,0.7747002354021675
1422,4a6cfd874f908500b,True,,,,,,,,,,1.0,1.0,1.0,1.0,0.6740491819617793,1.0,0.0,1.0,1.0,0.7731403693630561
1423,5634addd2134d1453,True,,,,,,,,,,1.0,1.0,1.0,1.0,1.0,1.0,0.0,1.0,1.0,0.875
1424,b1429f698429f9202,True,,,,,,,,,,1.0,1.0,1.0,1.0,0.8380565723004938,1.0,0.0,1.0,1.0,0.8243926788439043
1425,672d1f18c743523e4,True,,,,,,,,,,1.0,1.0,1.0,1.0,0.4368932634485158,1.0,0.0,1.0,1.0,0.6990291448276612
1426,02c332ea4953567c5,True,,,,,,,,,,1.0,1.0,1.0,1.0,0.47623329781179596,1.0,1.0,1.0,0.0,0.7113229055661863
1427,ae646ba56f5add8db,True,,,,,,,,,,1.0,1.0,0.5,1.0,0.9236387702316105,1.0,0.0,1.0,1.0,0.42556855784868913
1428,5717542c5f1f77274,True,,,,,,,,,,0.0,0.0,1.0,1.0,1.0,0.0,0.0,1.0,0.0,0.0
1429,5d72351d0cf4540a5,True,,,,,,,,,,1.0,0.0,1.0,1.0,1.0,1.0,1.0,1.0,0.0,0.0
1430,81dcc1a7db52cf064,True,,,,,,,,,,1.0,1.0,1.0,1.0,0.07545965702862265,1.0,0.0,1.0,1.0,0.5860811428214445
1431,dda492e77bd06b5da,True,,,,,,,,,,1.0,0.0,0.5,1.0,0.6720685103739614,1.0,1.0,1.0,0.0,0.0
1432,64560358188d68edd,True,,,,,,,,,,0.0,1.0,1.0,1.0,0.9566285519109315,0.0,1.0,1.0,0.0,0.0
1433,891a4a3fda5ecaf08,True,,,,,,,,,,1.0,1.0,1.0,1.0,1.0,1.0,0.0,1.0,1.0,0.875
1434,53435e78f75ede28c,True,,,,,,,,,,1.0,1.0,1.0,1.0,1.0,1.0,0.0,1.0,0.0,0.75
1435,522ec458b8ed55662,True,,,,,,,,,,1.0,1.0,1.0,1.0,0.7575205627017316,1.0,0.0,1.0,1.0,0.7992251758442912
1436,b8fafe0f06f38d320,True,,,,,,,,,,0.0,1.0,0.5,1.0,1.0,0.0,0.0,1.0,1.0,0.0
1437,75161de465d28f625,True,,,,,,,,,,1.0,1.0,1.0,1.0,0.7540458632712189,1.0,1.0,1.0,1.0,0.9231393322722559
1438,f455b09466a75b437,True,,,,,,,,,,0.0,1.0,1.0,1.0,1.0,0.0,0.0,1.0,1.0,0.0
1439,90d989f2205e253f9,True,,,,,,,,,,1.0,1.0,1.0,1.0,0.5516181710882027,1.0,0.0,1.0,1.0,0.7348806784650633
1440,0b3ce3fcc2b9cdf45,True,,,,,,,,,,1.0,1.0,1.0,1.0,0.3086640826446913,1.0,0.0,1.0,1.0,0.658957525826466
1441,7fd931e169ce1f227,True,,,,,,,,,,1.0,1.0,1.0,1.0,0.763831451176622,1.0,0.0,1.0,1.0,0.8011973284926943
1442,5dd439bda5bf2a988,True,,,,,,,,,,1.0,1.0,1.0,1.0,0.542274668409929,1.0,1.0,1.0,0.0,0.7319608338781028
1443,fc2eb6e32259de9aa,True,,,,,,,,,,0.0,1.0,1.0,1.0,1.0,0.0,0.0,1.0,0.0,0.0
1444,ead470fc76d3720d5,True,,,,,,,,,,1.0,0.0,1.0,1.0,0.48151856060310677,1.0,1.0,1.0,0.0,0.0
1445,73bd1fde4cf4bbd5a,True,,,,,,,,,,0.0,1.0,1.0,0.0,1.0,0.0,0.0,1.0,1.0,0.0
1446,2f676101d71e92b1b,True,,,,,,,,,,1.0,1.0,1.0,1.0,1.0,1.0,1.0,1.0,0.0,0.875
1447,07095ff9932043d86,True,,,,,,,,,,0.0,1.0,1.0,1.0,1.0,0.0,0.0,1.0,1.0,0.0
1448,a4e64fbb3636ad2e6,True,,,,,,,,,,1.0,1.0,1.0,1.0,0.7510361328662359,1.0,0.0,1.0,1.0,0.7971987915206987
1449,de5c3636623914b49,True,,,,,,,,,,1.0,0.0,0.0,1.0,1.0,1.0,0.0,1.0,1.0,0.0
1450,e2d10c9ccbbc61bce,True,,,,,,,,,,1.0,1.0,1.0,1.0,0.23775096848992155,1.0,1.0,1.0,0.0,0.6367971776531005
1451,b1aefb166ba160b03,True,,,,,,,,,,1.0,1.0,1.0,1.0,0.8056042662440022,1.0,0.0,1.0,1.0,0.8142513332012506
1452,4f4a53796fa5bb136,True,,,,,,,,,,1.0,1.0,1.0,1.0,0.22845418111587093,1.0,0.0,1.0,1.0,0.6338919315987097
1453,4c4503dbf9554a97b,True,,,,,,,,,,1.0,1.0,1.0,1.0,0.8124974345955494,1.0,0.0,1.0,1.0,0.8164054483111092
1454,2806ce33b59f03ee9,True,,,,,,,,,,1.0,1.0,1.0,1.0,0.5107929634912255,1.0,0.0,1.0,1.0,0.7221228010910079
1455,0ce555951f9b6a445,True,,,,,,,,,,1.0,1.0,1.0,1.0,0.8362924922654127,1.0,1.0,1.0,0.0,0.8238414038329415
1456,8ddd0967554f03e92,True,,,,,,,,,,1.0,1.0,1.0,1.0,0.8262100344014018,1.0,0.0,1.0,0.0,0.6956906357504381
1457,6f30da8067d92b503,True,,,,,,,,,,0.0,1.0,1.0,1.0,1.0,0.0,0.0,1.0,1.0,0.0
1458,0e0c4a0cc9feb9612,True,,,,,,,,,,1.0,1.0,1.0,1.0,0.5774395354177901,1.0,0.0,1.0,1.0,0.7429498548180594
1459,2c9bdc85f913f14f3,True,,,,,,,,,,1.0,1.0,1.0,1.0,0.6649173537557568,1.0,1.0,1.0,0.0,0.7702866730486739
1460,8540d07d75bf477e8,True,,,,,,,,,,0.0,1.0,1.0,1.0,0.8367087673456285,0.0,0.0,1.0,0.0,0.0
1461,85dc9224d8159ff88,True,,,,,,,,,,1.0,0.0,1.0,1.0,1.0,1.0,0.0,0.0,0.0,0.0
1462,43c0e949f19e63437,True,,,,,,,,,,1.0,0.0,1.0,1.0,0.21113189161338636,1.0,1.0,1.0,0.0,0.0
1463,93a1ac4a9b8b32451,True,,,,,,,,,,1.0,0.0,0.5,1.0,0.7745129880910255,1.0,0.0,1.0,0.0,0.0
1464,4da17212b5480fefc,True,,,,,,,,,,0.0,1.0,0.0,1.0,0.9318790261095994,0.0,0.0,1.0,0.0,0.0
1465,25afbc08ad962c6cd,True,,,,,,,,,,1.0,1.0,1.0,1.0,1.0,1.0,0.0,1.0,0.0,0.75
1466,1fe4ed0aea2c3ed33,True,,,,,,,,,,0.0,0.0,1.0,1.0,1.0,0.0,0.0,1.0,1.0,0.0
1467,61b536394c345010e,True,,,,,,,,,,1.0,1.0,1.0,1.0,0.9392725348389199,1.0,1.0,1.0,1.0,0.9810226671371625
1468,4bcb003422a19ae9a,True,,,,,,,,,,1.0,0.0,0.5,1.0,1.0,1.0,0.0,1.0,0.0,0.0
1469,ac59b5b148af8474e,True,,,,,,,,,,1.0,1.0,1.0,1.0,0.41597904432589533,1.0,1.0,1.0,0.0,0.6924934513518423
1470,501d21c67c2ddbdb0,True,,,,,,,,,,1.0,1.0,1.0,1.0,1.0,1.0,0.0,1.0,0.0,0.75
1471,a2ebc2aec41ccbb33,True,,,,,,,,,,1.0,1.0,1.0,1.0,0.8007453707015717,1.0,1.0,1.0,1.0,0.9377329283442412
1472,073a5d3c4224d9aa8,True,,,,,,,,,,0.0,1.0,1.0,1.0,1.0,0.0,0.0,1.0,0.0,0.0
1473,6a555d92cb8bdeee6,True,,,,,,,,,,1.0,1.0,1.0,1.0,0.8305854423821435,1.0,1.0,1.0,1.0,0.9470579507444199
1474,1087cd8acf5661e9c,True,,,,,,,,,,1.0,1.0,0.5,1.0,0.7858286497763758,1.0,0.0,1.0,1.0,0.4040357265275587
1475,0f6d4f139537fd8c3,True,,,,,,,,,,1.0,1.0,1.0,1.0,1.0,1.0,1.0,1.0,1.0,1.0
1476,69968d73c74d053d8,True,,,,,,,,,,1.0,1.0,0.0,1.0,1.0,1.0,0.0,1.0,1.0,0.0
1477,991eb7f9b9b5d6f2f,True,,,,,,,,,,0.0,1.0,1.0,1.0,1.0,0.0,0.0,1.0,1.0,0.0
1478,50e8217a812643799,True,,,,,,,,,,1.0,1.0,1.0,1.0,0.8526188122943381,1.0,1.0,1.0,1.0,0.9539433788419807
1479,b94f2a8ed48de97e9,True,,,,,,,,,,1.0,1.0,1.0,1.0,0.7373067797391395,1.0,0.0,1.0,1.0,0.792908368668481
1480,d44e744043dbb77b1,True,,,,,,,,,,1.0,1.0,1.0,1.0,0.44392288243537203,1.0,1.0,1.0,1.0,0.8262259007610537
1481,e677a32f0475fc05e,True,,,,,,,,,,1.0,0.0,1.0,1.0,0.8443765278002574,1.0,0.0,1.0,0.0,0.0
1482,07c7971b452106335,True,,,,,,,,,,1.0,1.0,1.0,1.0,0.6730800643997664,1.0,1.0,1.0,1.0,0.897837520124927
1483,b39cc0075afc7d408,True,,,,,,,,,,1.0,1.0,0.5,1.0,0.8655650111676287,1.0,0.0,1.0,1.0,0.416494532994942
1484,52beeecb68d3427e9,True,,,,,,,,,,1.0,1.0,1.0,1.0,0.7037875577254664,1.0,1.0,1.0,0.0,0.7824336117892082
1485,2182fa4ac8750cb31,True,,,,,,,,,,1.0,1.0,1.0,1.0,0.8479903074314343,1.0,1.0,1.0,1.0,0.9524969710723232
1486,b1606575e4b94f15c,True,,,,,,,,,,1.0,1.0,1.0,1.0,0.8579900566325154,1.0,1.0,1.0,1.0,0.9556218926976611
1487,cdec99ac469508647,True,,,,,,,,,,1.0,1.0,1.0,1.0,0.5065751414969591,1.0,1.0,1.0,0.0,0.7208047317177997
1488,814fa66e0a997a168,True,,,,,,,,,,1.0,0.0,0.5,1.0,1.0,1.0,0.0,1.0,1.0,0.0
1489,aaf5db378e5bb4caa,True,,,,,,,,,,1.0,0.0,0.5,1.0,1.0,1.0,0.0,1.0,1.0,0.0
1490,37e2413062044f037,True,,,,,,,,,,1.0,1.0,1.0,1.0,0.6509759607379179,1.0,0.0,1.0,1.0,0.7659299877305994
1491,5c24c6bed91b159e3,True,,,,,,,,,,1.0,1.0,1.0,1.0,1.0,1.0,0.0,1.0,1.0,0.875
1492,9aae6ea45a3c7efaf,True,,,,,,,,,,1.0,1.0,1.0,1.0,0.6395903375572656,1.0,1.0,1.0,1.0,0.8873719804866456
1493,1d5df5d9b3e4a5b4e,True,,,,,,,,,,1.0,1.0,1.0,1.0,0.7986026088379158,1.0,1.0,1.0,1.0,0.9370633152618487
1494,84b2700de34b073da,True,,,,,,,,,,1.0,0.0,1.0,1.0,0.5157015581952324,1.0,1.0,1.0,0.0,0.0
1495,1cb35ff44517c5025,True,,,,,,,,,,1.0,1.0,0.5,1.0,0.8431731941613718,1.0,1.0,1.0,0.0,0.41299581158771437
1496,89628b64c8a329c07,True,,,,,,,,,,1.0,1.0,0.0,1.0,1.0,1.0,0.0,1.0,1.0,0.0
1497,8befb288003901497,True,,,,,,,,,,1.0,0.0,1.0,1.0,1.0,1.0,1.0,1.0,0.0,0.0
1498,0950505e558866cf8,True,,,,,,,,,,1.0,1.0,1.0,1.0,0.7508054816149026,1.0,0.0,1.0,1.0,0.7971267130046571
1499,588f47bdc35784c16,True,,,,,,,,,,1.0,1.0,1.0,1.0,0.43589758929660993,1.0,0.0,1.0,1.0,0.6987179966551906
1500,055b2b04eb387aadb,True,,,,,,,,,,1.0,0.0,1.0,1.0,1.0,1.0,0.0,1.0,1.0,0.0
1501,25749b785814d5941,True,,,,,,,,,,1.0,1.0,1.0,1.0,0.7608012888539482,1.0,1.0,1.0,1.0,0.9252504027668588
1502,085b24e5cde180825,True,,,,,,,,,,0.0,1.0,1.0,1.0,1.0,0.0,0.0,1.0,1.0,0.0
1503,be5258dc2386ca4e3,True,,,,,,,,,,1.0,1.0,0.5,1.0,1.0,1.0,0.0,1.0,0.0,0.375
1504,6139b967f50241e4f,True,,,,,,,,,,1.0,1.0,0.5,1.0,0.3748313471968599,1.0,0.0,1.0,1.0,0.3398173979995094
1505,5c23f7f4493bf911d,True,,,,,,,,,,1.0,1.0,1.0,1.0,0.7534326375096391,1.0,0.0,1.0,1.0,0.7979476992217622
1506,a77ac8c195ac2cc7a,True,,,,,,,,,,1.0,0.0,0.5,1.0,1.0,1.0,0.0,1.0,0.0,0.0
1507,7fda1bb28d64c96f0,True,,,,,,,,,,1.0,0.0,1.0,1.0,1.0,1.0,0.0,1.0,0.0,0.0
1508,b6611f13150a67e76,True,,,,,,,,,,0.0,1.0,1.0,1.0,1.0,0.0,1.0,1.0,0.0,0.0
1509,b66b0513b3b0cf5c4,True,,,,,,,,,,1.0,1.0,1.0,1.0,0.9921751783667693,1.0,1.0,1.0,1.0,0.9975547432396155
1510,370b6a02f85908e66,True,,,,,,,,,,1.0,1.0,1.0,1.0,0.6001991236537411,1.0,0.0,0.0,1.0,0.6250622261417941
1511,bd89af5e343d69421,True,,,,,,,,,,1.0,1.0,1.0,1.0,0.6835274054393122,1.0,0.0,1.0,1.0,0.776102314199785
1512,ce4c369affbdefa99,True,,,,,,,,,,1.0,1.0,1.0,1.0,0.6004782931066026,1.0,1.0,1.0,1.0,0.8751494665958133
1513,c1db792a77989232e,True,,,,,,,,,,1.0,1.0,1.0,1.0,0.2705246731283478,1.0,0.0,1.0,1.0,0.6470389603526087
1514,a0a8ed182426d3f05,True,,,,,,,,,,1.0,1.0,1.0,1.0,0.83511298630804,1.0,1.0,1.0,1.0,0.9484728082212626
1515,46c11df9f73cc2f71,True,,,,,,,,,,1.0,1.0,1.0,1.0,0.5597512796444931,1.0,1.0,1.0,1.0,0.8624222748889041
1516,8cf82bdb10f083506,True,,,,,,,,,,1.0,1.0,1.0,1.0,0.8692789198907439,1.0,1.0,1.0,1.0,0.9591496624658575
1517,4a5ea5d6a2735531c,True,,,,,,,,,,1.0,0.0,0.0,1.0,0.9092682245179069,1.0,0.0,1.0,1.0,0.0
1518,49251b4564a2244a7,True,,,,,,,,,,1.0,1.0,1.0,1.0,0.7418777307416871,1.0,1.0,1.0,1.0,0.9193367908567772
1519,9574cf693ee2e6774,True,,,,,,,,,,1.0,1.0,1.0,1.0,0.4298873468773748,1.0,0.0,1.0,1.0,0.6968397958991797
1520,894ee0eaafbdc05e5,True,,,,,,,,,,1.0,0.0,0.5,1.0,1.0,1.0,1.0,1.0,0.0,0.0
1521,6b0fd30198ec1713c,True,,,,,,,,,,1.0,0.0,1.0,1.0,0.5867480852005763,1.0,1.0,1.0,1.0,0.0
1522,a9b93459b8bfb00a5,True,,,,,,,,,,1.0,1.0,1.0,1.0,0.7262630961086053,1.0,1.0,0.0,1.0,0.7894572175339392
1523,25fb03a1d180b3b47,True,,,,,,,,,,1.0,1.0,1.0,1.0,1.0,1.0,1.0,1.0,0.0,0.875
1524,92454a3fd96f7dc58,True,,,,,,,,,,1.0,0.0,1.0,1.0,1.0,1.0,1.0,1.0,0.0,0.0
1525,3fdf3c5e045298ad9,True,,,,,,,,,,1.0,0.0,1.0,1.0,0.6448770494285738,1.0,1.0,1.0,1.0,0.0
1526,8bc78c84321c37423,True,,,,,,,,,,0.0,0.0,1.0,1.0,0.8168302983326187,0.0,1.0,1.0,0.0,0.0
1527,087f308c89d8be0ec,True,,,,,,,,,,1.0,0.0,0.5,1.0,0.7533438811741174,1.0,1.0,1.0,0.0,0.0
1528,43e9554b328e8aa7f,True,,,,,,,,,,1.0,1.0,1.0,1.0,0.788447592795827,1.0,0.0,1.0,1.0,0.808889872748696
1529,dccd172b97cc9b305,True,,,,,,,,,,1.0,1.0,1.0,1.0,0.46216389997768936,1.0,1.0,1.0,1.0,0.8319262187430279
1530,cbabaf8e0b53e82d3,True,,,,,,,,,,1.0,0.0,0.5,1.0,1.0,1.0,0.0,1.0,0.0,0.0
1531,cfdd0359dacc8fea1,True,,,,,,,,,,1.0,1.0,1.0,1.0,0.8406710770618457,1.0,0.0,1.0,1.0,0.8252097115818268
1532,4762ced79d548ee7c,True,,,,,,,,,,1.0,1.0,1.0,1.0,0.8992607448888231,1.0,0.0,1.0,1.0,0.8435189827777572
1533,30efc6f9cfe338bb8,True,,,,,,,,,,1.0,0.0,1.0,1.0,1.0,1.0,1.0,1.0,1.0,0.0
1534,6546d47d2e83caab2,True,,,,,,,,,,1.0,0.0,0.5,1.0,1.0,1.0,0.0,1.0,1.0,0.0
1535,99fca017c572f5bc8,True,,,,,,,,,,1.0,1.0,1.0,1.0,0.6922455086940187,1.0,0.0,1.0,1.0,0.7788267214668808
1536,4e5923e8ca30416d1,True,,,,,,,,,,1.0,1.0,1.0,1.0,0.7380211089702535,1.0,1.0,1.0,0.0,0.7931315965532042
1537,147fe3531a064a546,True,,,,,,,,,,1.0,0.0,0.0,1.0,1.0,1.0,0.0,1.0,0.0,0.0
1538,6d9912bf7efcd9fa0,True,,,,,,,,,,1.0,1.0,1.0,1.0,0.2707738314224889,1.0,1.0,1.0,1.0,0.7721168223195278
1539,41605b0da6ca7fa55,True,,,,,,,,,,1.0,1.0,1.0,1.0,0.752290792048792,1.0,0.0,1.0,1.0,0.7975908725152475
1540,bc0cc2d8f71b0e8a8,True,,,,,,,,,,1.0,1.0,1.0,1.0,0.6343208158093657,1.0,1.0,1.0,1.0,0.8857252549404268
1541,0e79638f76319d5dd,True,,,,,,,,,,1.0,1.0,1.0,1.0,1.0,1.0,1.0,1.0,0.0,0.875
1542,eb0047db76ca54d58,True,,,,,,,,,,1.0,1.0,1.0,1.0,0.7892380709979461,1.0,0.0,1.0,1.0,0.8091368971868582
1543,8e24bdf2be5da6777,True,,,,,,,,,,1.0,1.0,1.0,1.0,0.7159280590658582,1.0,0.0,1.0,0.0,0.6612275184580807
1544,5d4aa32c37f581673,True,,,,,,,,,,0.5,1.0,1.0,1.0,1.0,0.0,0.0,1.0,0.0,0.21875
1545,6e4ce2f0d18b57fb3,True,,,,,,,,,,1.0,1.0,1.0,1.0,0.36682863752053346,1.0,1.0,1.0,0.0,0.6771339492251667
1546,227d0fa0ac82a6985,True,,,,,,,,,,1.0,0.0,0.0,1.0,0.8482416974115086,1.0,0.0,1.0,0.0,0.0
1547,3b55569be269255c2,True,,,,,,,,,,1.0,1.0,1.0,1.0,0.7118816528564548,1.0,0.0,0.0,0.0,0.5349630165176421
1548,9766a7687623d62c6,True,,,,,,,,,,1.0,1.0,0.5,1.0,0.9474945366097739,1.0,0.0,1.0,0.0,0.36679602134527717
1549,38e9599c6c91e204f,True,,,,,,,,,,1.0,1.0,0.5,1.0,1.0,1.0,0.0,1.0,1.0,0.4375
1550,b38c2b62761a1929d,True,,,,,,,,,,1.0,1.0,1.0,1.0,0.7260662470804466,1.0,0.0,1.0,1.0,0.7893957022126395
1551,7fb39ce347c2b9486,True,,,,,,,,,,1.0,1.0,1.0,1.0,1.0,1.0,1.0,1.0,0.0,0.875
1552,f5cba35a5a2bc646e,True,,,,,,,,,,1.0,1.0,1.0,1.0,1.0,1.0,1.0,1.0,0.0,0.875
1553,ece6eaee0991a44ed,True,,,,,,,,,,1.0,1.0,0.0,1.0,1.0,1.0,0.0,1.0,1.0,0.0
1554,f229cb59e31bbd82f,True,,,,,,,,,,1.0,1.0,1.0,1.0,1.0,0.0,0.0,1.0,1.0,0.5625
1555,9b8863dbb1afcaba3,True,,,,,,,,,,1.0,1.0,0.5,1.0,1.0,1.0,0.0,1.0,0.0,0.375
1556,db5fcc30f71c49f32,True,,,,,,,,,,1.0,1.0,1.0,1.0,0.6889679285667121,1.0,0.0,1.0,1.0,0.7778024776770975
1557,d66bc12e93857dd9a,True,,,,,,,,,,1.0,1.0,1.0,1.0,0.7412126777595116,1.0,1.0,1.0,1.0,0.9191289617998474
1558,67f4ac3e85d08fa8a,True,,,,,,,,,,1.0,1.0,1.0,1.0,0.8058781188387879,1.0,1.0,1.0,1.0,0.9393369121371212
1559,0fd0f1481edb016f4,True,,,,,,,,,,1.0,0.0,0.5,1.0,0.5885732266863303,1.0,0.0,1.0,1.0,0.0
1560,9852fe25aea4c5db3,True,,,,,,,,,,1.0,1.0,1.0,1.0,0.7873434050429602,1.0,0.0,1.0,0.0,0.683544814075925
1561,953bd3451def71fb4,True,,,,,,,,,,1.0,1.0,0.5,1.0,0.6711349529607105,1.0,1.0,1.0,0.0,0.386114836400111
1562,7caf8d7d76cd0a120,True,,,,,,,,,,0.0,0.0,1.0,1.0,1.0,0.0,1.0,1.0,0.0,0.0
1563,4010ab91841da1843,True,,,,,,,,,,1.0,1.0,1.0,1.0,0.8088818042467704,1.0,1.0,1.0,1.0,0.9402755638271157
1564,c19a21525d410c990,True,,,,,,,,,,0.0,1.0,1.0,1.0,1.0,0.0,1.0,1.0,1.0,0.0
1565,08dd93ec00ee02183,True,,,,,,,,,,1.0,1.0,1.0,1.0,1.0,1.0,1.0,1.0,0.0,0.875
1566,7e5bed686151e791e,True,,,,,,,,,,1.0,1.0,1.0,1.0,1.0,1.0,1.0,1.0,1.0,1.0
1567,6cbd63c8a5077be25,True,,,,,,,,,,1.0,0.0,1.0,1.0,0.6586641241752299,1.0,1.0,1.0,0.0,0.0
1568,2f7f9ce16e4034224,True,,,,,,,,,,1.0,0.0,1.0,1.0,1.0,1.0,0.0,1.0,1.0,0.0
1569,15b6de5b6b812b547,True,,,,,,,,,,1.0,1.0,1.0,1.0,1.0,1.0,1.0,1.0,0.0,0.875
1570,ca4b53e32b7f4aedf,True,,,,,,,,,,1.0,1.0,1.0,1.0,0.5451686800180718,1.0,0.0,1.0,0.0,0.6078652125056474
1571,3ed84fc02c7624898,True,,,,,,,,,,1.0,1.0,1.0,1.0,0.5223634945739047,1.0,1.0,1.0,1.0,0.8507385920543452
1572,a43ef1df0d28a30db,True,,,,,,,,,,0.0,1.0,1.0,1.0,1.0,0.0,0.0,1.0,1.0,0.0
1573,2e14fecb99657b5f6,True,,,,,,,,,,1.0,1.0,1.0,1.0,0.7664704084996576,1.0,1.0,1.0,1.0,0.927022002656143
1574,4e5f4494c8076cc5b,True,,,,,,,,,,1.0,1.0,0.0,1.0,0.8429797873965177,1.0,0.0,1.0,0.0,0.0
1575,ecc22288ebf17a22e,True,,,,,,,,,,1.0,0.0,1.0,1.0,1.0,1.0,1.0,1.0,1.0,0.0
1576,514e8dc72d43731a2,True,,,,,,,,,,1.0,1.0,1.0,1.0,0.8471168085385349,1.0,0.0,1.0,1.0,0.8272240026682922
1577,56528b515c3eb4ed5,True,,,,,,,,,,1.0,1.0,1.0,1.0,1.0,1.0,0.0,1.0,1.0,0.875
1578,d438ad9624b532d1a,True,,,,,,,,,,1.0,1.0,1.0,1.0,0.8187009803712928,1.0,0.0,1.0,1.0,0.818344056366029
1579,96a1227ca8539a33e,True,,,,,,,,,,1.0,1.0,1.0,1.0,0.7519057290650191,1.0,1.0,1.0,1.0,0.9224705403328184
1580,eddb07c8294cf8efd,True,,,,,,,,,,1.0,1.0,1.0,1.0,1.0,1.0,1.0,1.0,1.0,1.0
1581,cd9f9355204a28a77,True,,,,,,,,,,1.0,0.0,1.0,1.0,1.0,1.0,1.0,1.0,1.0,0.0
1582,f9f0618a87c59174c,True,,,,,,,,,,1.0,1.0,1.0,1.0,0.8156825492272932,1.0,1.0,1.0,0.0,0.8174007966335292
1583,d02ab95331cc7550b,True,,,,,,,,,,1.0,0.0,0.0,1.0,1.0,1.0,0.0,1.0,1.0,0.0
1584,dd091b9e715ca6370,True,,,,,,,,,,0.0,1.0,1.0,1.0,0.6008515476458841,0.0,0.0,1.0,1.0,0.0
1585,02a790e5861b97543,True,,,,,,,,,,1.0,1.0,1.0,1.0,0.6488620094666545,1.0,0.0,1.0,1.0,0.7652693779583295
1586,474779897c967667c,True,,,,,,,,,,0.0,1.0,0.0,1.0,1.0,0.0,0.0,1.0,1.0,0.0
1587,2532060dd97ed7c45,True,,,,,,,,,,1.0,1.0,1.0,1.0,0.6956054766448577,1.0,0.0,0.0,0.0,0.529876711451518
1588,85b6589d5332018d1,True,,,,,,,,,,1.0,0.0,1.0,1.0,0.8655686620757552,1.0,1.0,1.0,1.0,0.0
1589,7a999e76f404c4956,True,,,,,,,,,,1.0,1.0,0.0,1.0,0.9187613563813246,1.0,0.0,1.0,1.0,0.0
1590,423fdbe39c764f2e2,True,,,,,,,,,,1.0,0.0,1.0,1.0,0.6744238780596464,1.0,1.0,1.0,0.0,0.0
1591,d9229c0f61c8ff48a,True,,,,,,,,,,1.0,1.0,1.0,1.0,0.9304389704672787,1.0,1.0,1.0,0.0,0.8532621782710246
1592,01ad91141d2668de6,True,,,,,,,,,,0.0,1.0,1.0,1.0,1.0,0.0,1.0,1.0,1.0,0.0
1593,46b0816cf26d29e4f,True,,,,,,,,,,0.5,1.0,1.0,0.0,1.0,0.0,1.0,1.0,1.0,0.0
1594,1e33e12832b3a171e,True,,,,,,,,,,1.0,1.0,1.0,1.0,1.0,1.0,0.0,1.0,0.0,0.75
1595,474ead815a6e92542,True,,,,,,,,,,1.0,1.0,1.0,1.0,1.0,1.0,0.0,1.0,1.0,0.875
1596,8c7844d1d621c907b,True,,,,,,,,,,0.0,1.0,1.0,1.0,1.0,0.0,1.0,1.0,0.0,0.0
1597,4923ab814b3842354,True,,,,,,,,,,1.0,1.0,1.0,1.0,0.2607563237908549,1.0,1.0,1.0,1.0,0.7689863511846422
1598,94f50219a9dc3389d,True,,,,,,,,,,0.0,1.0,1.0,1.0,1.0,0.0,0.0,0.0,0.0,0.0
1599,c1bf650dac02cb0f8,True,,,,,,,,,,1.0,1.0,1.0,1.0,0.9659838616958497,1.0,1.0,1.0,1.0,0.989369956779953
1600,2191ef080b4043736,True,,,,,,,,,,1.0,1.0,1.0,1.0,0.8353155872593908,1.0,0.0,1.0,1.0,0.8235361210185597
1601,19a22a2c5501797dc,True,,,,,,,,,,1.0,1.0,1.0,1.0,0.8144283245091013,1.0,1.0,1.0,1.0,0.9420088514090942
1602,cc4ba9f3c63ddbc5c,True,,,,,,,,,,1.0,1.0,1.0,1.0,0.841758311557554,1.0,1.0,1.0,0.0,0.8255494723617356
1603,e3b56ed4a85f713c8,True,,,,,,,,,,0.0,1.0,1.0,1.0,1.0,0.0,1.0,1.0,1.0,0.0
1604,f7c257dc15f6031fb,True,,,,,,,,,,1.0,1.0,0.0,1.0,0.899507698886177,1.0,0.0,1.0,1.0,0.0
1605,7e63683bda8a632ba,True,,,,,,,,,,1.0,0.0,1.0,1.0,0.6610335282148151,1.0,1.0,1.0,0.0,0.0
1606,abeae7488b509687d,True,,,,,,,,,,1.0,1.0,0.5,1.0,0.9693558784467741,1.0,0.0,1.0,0.0,0.37021185600730844
1607,6808c5efa6976fe37,True,,,,,,,,,,1.0,1.0,1.0,1.0,0.5224189547763797,1.0,0.0,1.0,0.0,0.6007559233676186
1608,1adb976dcfb852711,True,,,,,,,,,,1.0,1.0,1.0,1.0,0.4745984829475863,1.0,1.0,1.0,0.0,0.7108120259211207
1609,2328dbb272ccbb947,True,,,,,,,,,,1.0,1.0,1.0,1.0,0.9117510835887501,1.0,0.0,1.0,1.0,0.8474222136214844
1610,631046410650329eb,True,,,,,,,,,,1.0,1.0,1.0,1.0,0.9587516194075967,1.0,0.0,1.0,0.0,0.737109881064874
1611,e33aa6b2d5b26910b,True,,,,,,,,,,1.0,1.0,0.0,1.0,0.8668952388781057,1.0,1.0,1.0,1.0,0.0
1612,c5fd0128d19316b03,True,,,,,,,,,,1.0,1.0,1.0,1.0,1.0,1.0,0.0,1.0,1.0,0.875
1613,2f7b3c8c203e87c73,True,,,,,,,,,,1.0,0.0,1.0,1.0,1.0,1.0,0.0,1.0,1.0,0.0
1614,336d890ca14e2aab5,True,,,,,,,,,,1.0,1.0,1.0,1.0,0.8266452984316411,1.0,1.0,0.0,1.0,0.8208266557598878
1615,f65fc2cd212c5af85,True,,,,,,,,,,1.0,1.0,1.0,1.0,1.0,0.0,1.0,0.0,0.0,0.4375
1616,1ea195d959bce2d65,True,,,,,,,,,,0.0,0.0,0.0,1.0,1.0,0.0,0.0,1.0,1.0,0.0
1617,6d33b3de92c436972,True,,,,,,,,,,1.0,0.0,1.0,1.0,0.8657292086832702,1.0,1.0,0.0,0.0,0.0
1618,4db96dc771995ab32,True,,,,,,,,,,1.0,1.0,1.0,1.0,0.421234889119649,1.0,0.0,1.0,1.0,0.6941359028498904
1619,43a6dc7b51c8d9d06,True,,,,,,,,,,1.0,1.0,1.0,1.0,0.9686165110604186,1.0,1.0,1.0,1.0,0.9901926597063808
1620,bbc7311ff7a7c3e18,True,,,,,,,,,,1.0,1.0,1.0,1.0,1.0,1.0,1.0,1.0,0.0,0.875
1621,0fc2fec903c77398f,True,,,,,,,,,,1.0,1.0,1.0,1.0,0.6754048717833369,1.0,0.0,1.0,1.0,0.7735640224322928
1622,493f02989c4ff9aac,True,,,,,,,,,,1.0,1.0,1.0,1.0,0.2742198022121344,1.0,1.0,1.0,1.0,0.773193688191292
1623,597d6626cc9f6cdbd,True,,,,,,,,,,1.0,1.0,1.0,1.0,0.6816734965838528,1.0,0.0,1.0,1.0,0.775522967682454
1624,6b8b063fa80fa480f,True,,,,,,,,,,1.0,1.0,1.0,1.0,1.0,1.0,1.0,1.0,0.0,0.875
1625,9922b31c71414db50,True,,,,,,,,,,1.0,1.0,1.0,1.0,1.0,0.0,0.0,1.0,1.0,0.5625
1626,18baf55921621bf61,True,,,,,,,,,,1.0,1.0,1.0,0.0,1.0,1.0,1.0,1.0,0.0,0.0
1627,4d45bc29714d004dd,True,,,,,,,,,,1.0,0.0,0.0,1.0,1.0,1.0,0.0,1.0,0.0,0.0
1628,ec511fbf17452272b,True,,,,,,,,,,1.0,0.0,1.0,1.0,1.0,1.0,0.0,1.0,0.0,0.0
1629,d94f797b81c453893,True,,,,,,,,,,1.0,0.0,0.5,1.0,1.0,1.0,0.0,1.0,1.0,0.0
1630,a387296016f95192a,True,,,,,,,,,,1.0,1.0,1.0,0.0,1.0,1.0,1.0,1.0,0.0,0.0
1631,850d4a79f659a9740,True,,,,,,,,,,1.0,1.0,1.0,1.0,0.19317481347194254,1.0,0.0,1.0,1.0,0.6228671292099821
1632,bab53404d010ca7f6,True,,,,,,,,,,1.0,1.0,1.0,1.0,0.8395123998268259,1.0,1.0,1.0,0.0,0.8248476249458832
1633,ff530ac4388942e42,True,,,,,,,,,,1.0,0.0,1.0,1.0,0.8426004274568513,1.0,1.0,1.0,0.0,0.0
1634,cb9eb4dbe16a93d2e,True,,,,,,,,,,1.0,1.0,1.0,1.0,0.7648631502925068,1.0,1.0,1.0,0.0,0.8015197344664085
1635,01d3cc0b8eddd804c,True,,,,,,,,,,1.0,1.0,0.5,1.0,0.7527466057448132,1.0,0.0,1.0,0.0,0.33636665714762704
1636,6333f19e87ad08122,True,,,,,,,,,,0.0,0.0,1.0,1.0,1.0,0.0,1.0,1.0,1.0,0.0
1637,80d8583368d2573b4,True,,,,,,,,,,1.0,1.0,1.0,1.0,1.0,1.0,1.0,1.0,1.0,1.0
1638,c02f1f464e464fc07,True,,,,,,,,,,1.0,1.0,1.0,1.0,0.43294316042130904,1.0,1.0,1.0,0.0,0.6977947376316591
1639,ddad060b5ec9428e3,True,,,,,,,,,,1.0,0.0,1.0,1.0,1.0,1.0,0.0,1.0,1.0,0.0
1640,1ad3760588008efe5,True,,,,,,,,,,1.0,1.0,1.0,1.0,1.0,1.0,0.0,1.0,1.0,0.875
1641,661923b68a72445aa,True,,,,,,,,,,1.0,0.0,1.0,1.0,0.7119232505107433,1.0,0.0,1.0,0.0,0.0
1642,71f3d5ae763258af7,True,,,,,,,,,,1.0,0.0,1.0,1.0,1.0,0.0,0.0,1.0,0.0,0.0
1643,213fb1c5f3fda924e,True,,,,,,,,,,1.0,1.0,0.0,1.0,1.0,1.0,0.0,1.0,1.0,0.0
1644,631e2dc2cca2e3ec5,True,,,,,,,,,,1.0,1.0,1.0,1.0,1.0,1.0,0.0,1.0,0.0,0.75
1645,4e062143c7bd91118,True,,,,,,,,,,1.0,0.0,0.0,1.0,0.9448153766062058,1.0,1.0,1.0,1.0,0.0
1646,e131606576698bb6b,True,,,,,,,,,,1.0,1.0,1.0,1.0,1.0,1.0,0.0,1.0,1.0,0.875
1647,d745c239ecbf42d39,True,,,,,,,,,,0.0,0.0,1.0,1.0,1.0,0.0,1.0,1.0,0.0,0.0
1648,fdeff0684535eaf4b,True,,,,,,,,,,1.0,1.0,1.0,1.0,0.7139179820910019,1.0,1.0,1.0,1.0,0.9105993694034381
1649,c2d01510da5dcbb7b,True,,,,,,,,,,1.0,1.0,1.0,1.0,0.43642480979878895,1.0,1.0,1.0,0.0,0.6988827530621216
1650,b7560bcae0414e720,True,,,,,,,,,,1.0,1.0,1.0,1.0,1.0,1.0,1.0,1.0,1.0,1.0
1651,567b7524457bc9d98,True,,,,,,,,,,1.0,0.0,1.0,1.0,0.504224204806197,1.0,1.0,1.0,0.0,0.0
1652,361596ff7ead113e3,True,,,,,,,,,,0.5,1.0,1.0,1.0,0.975923164926307,0.0,1.0,1.0,0.0,0.2774879945197355
1653,5e7944c54a12aa9bd,True,,,,,,,,,,1.0,1.0,0.5,1.0,0.5774640024331974,1.0,0.0,1.0,1.0,0.3714787503801871
1654,7c1dac6894ccd6151,True,,,,,,,,,,1.0,1.0,1.0,1.0,1.0,1.0,0.0,1.0,1.0,0.875
1655,eeae7aeaf248f7830,True,,,,,,,,,,1.0,1.0,0.0,1.0,1.0,1.0,0.0,1.0,0.0,0.0
1656,778f661244251a842,True,,,,,,,,,,1.0,1.0,1.0,1.0,1.0,1.0,1.0,1.0,1.0,1.0
1657,d2de0edb11096f082,True,,,,,,,,,,1.0,1.0,1.0,1.0,0.7648899032893863,1.0,1.0,1.0,1.0,0.9265280947779333
1658,6b7399dbbb307ddfb,True,,,,,,,,,,1.0,0.0,1.0,1.0,0.22208087881547625,1.0,1.0,1.0,1.0,0.0
1659,d694ab7fc94aa5dcf,True,,,,,,,,,,1.0,1.0,1.0,1.0,0.9132822478663076,1.0,1.0,1.0,1.0,0.9729007024582211
1660,28e1ed77c94cf4d91,True,,,,,,,,,,1.0,1.0,1.0,1.0,0.9011829870463778,1.0,1.0,1.0,0.0,0.8441196834519931
1661,2fc976c7bc0d58fed,True,,,,,,,,,,1.0,1.0,1.0,1.0,0.9599327757381373,1.0,1.0,1.0,1.0,0.987478992418168
1662,f24aff9d7884c81d2,True,,,,,,,,,,1.0,1.0,1.0,1.0,1.0,1.0,1.0,1.0,0.0,0.875
1663,c00676be121eaac31,True,,,,,,,,,,1.0,1.0,1.0,1.0,1.0,1.0,1.0,1.0,1.0,1.0
1664,9eba308c132370234,True,,,,,,,,,,1.0,1.0,1.0,1.0,0.6208261087277238,1.0,0.0,1.0,1.0,0.7565081589774136
1665,0b2a6af7c94670346,True,,,,,,,,,,1.0,1.0,0.0,1.0,1.0,1.0,0.0,1.0,1.0,0.0
1666,7abb624adfb880027,True,,,,,,,,,,1.0,1.0,1.0,1.0,0.7472008002002547,1.0,0.0,1.0,1.0,0.7960002500625796
1667,f7aca65344c3b8a4b,True,,,,,,,,,,1.0,1.0,1.0,1.0,0.7183292612782147,1.0,1.0,1.0,1.0,0.9119778941494421
1668,8a73882c047d96e3f,True,,,,,,,,,,1.0,1.0,1.0,1.0,0.7328012183128754,1.0,0.0,1.0,1.0,0.7915003807227736
1669,af4ad524dc8b94ef1,True,,,,,,,,,,0.0,1.0,0.0,1.0,1.0,0.0,0.0,1.0,1.0,0.0
1670,853836094a41151fa,True,,,,,,,,,,1.0,1.0,1.0,1.0,0.6042990746097505,1.0,1.0,1.0,1.0,0.876343460815547
1671,028df71b1e849619c,True,,,,,,,,,,1.0,1.0,1.0,1.0,1.0,1.0,1.0,1.0,1.0,1.0
1672,ef43f59a6f819d9a6,True,,,,,,,,,,1.0,1.0,1.0,1.0,0.38765151324105834,1.0,1.0,1.0,1.0,0.8086410978878307
1673,94a40142f4cb7e391,True,,,,,,,,,,1.0,1.0,1.0,1.0,0.9397201472811406,1.0,0.0,1.0,0.0,0.7311625460253565
1674,d118da84ab5c39b69,True,,,,,,,,,,1.0,1.0,1.0,1.0,0.760618372241373,1.0,0.0,1.0,1.0,0.800193241325429
1675,99e402b94de45b44b,True,,,,,,,,,,1.0,1.0,1.0,1.0,0.5146006449817513,1.0,1.0,1.0,0.0,0.7233127015567973
1676,acd449fa83a39cef2,True,,,,,,,,,,1.0,1.0,1.0,1.0,0.8877964269585773,1.0,0.0,1.0,1.0,0.8399363834245555
1677,b51661ff3ed628c29,True,,,,,,,,,,1.0,1.0,1.0,1.0,1.0,1.0,1.0,1.0,1.0,1.0
1678,7036ba346c7d2824b,True,,,,,,,,,,1.0,1.0,0.5,1.0,1.0,1.0,0.0,1.0,0.0,0.375
1679,3f94a9e099ddf73f0,True,,,,,,,,,,1.0,1.0,1.0,1.0,0.31119288287810454,1.0,0.0,1.0,1.0,0.6597477758994077
1680,ad89b51facf4ec5e5,True,,,,,,,,,,1.0,1.0,0.0,1.0,1.0,1.0,0.0,1.0,1.0,0.0
1681,5ffbd12109319857a,True,,,,,,,,,,1.0,1.0,1.0,1.0,0.5434245508897163,1.0,0.0,1.0,1.0,0.7323201721530364
1682,214aedc89904305ef,True,,,,,,,,,,1.0,1.0,1.0,0.0,1.0,1.0,1.0,1.0,1.0,0.0
1683,0d51246322745f1a6,True,,,,,,,,,,1.0,1.0,1.0,1.0,0.7876713280768824,1.0,0.0,1.0,0.0,0.6836472900240258
1684,161ae204e36c7312b,True,,,,,,,,,,1.0,0.0,1.0,1.0,0.35875339416157054,1.0,0.0,1.0,1.0,0.0
1685,bb5645d7e55a4f54b,True,,,,,,,,,,0.0,1.0,1.0,1.0,1.0,0.0,0.0,1.0,1.0,0.0
1686,16a87b4b1ab4b9fa6,True,,,,,,,,,,1.0,1.0,1.0,1.0,1.0,1.0,0.0,1.0,1.0,0.875
1687,9559a76868f2d58b3,True,,,,,,,,,,0.0,1.0,1.0,1.0,1.0,0.0,1.0,1.0,0.0,0.0
1688,6c3a8a0290c8e05e9,True,,,,,,,,,,0.0,1.0,1.0,1.0,1.0,0.0,1.0,1.0,1.0,0.0
1689,db1f577b1f0df7a26,True,,,,,,,,,,1.0,0.0,1.0,1.0,1.0,1.0,1.0,1.0,0.0,0.0
1690,eb9e203aa49fcf83a,True,,,,,,,,,,1.0,1.0,1.0,1.0,0.8960008185777127,1.0,0.0,1.0,1.0,0.8425002558055352
1691,8821c536a27933ed5,True,,,,,,,,,,1.0,1.0,1.0,1.0,1.0,1.0,0.0,1.0,1.0,0.875
1692,c356f7c7a4dfada23,True,,,,,,,,,,1.0,1.0,1.0,1.0,0.4617233337548381,1.0,0.0,1.0,1.0,0.7067885417983869
1693,17e36b4f4f12c5fd5,True,,,,,,,,,,1.0,1.0,1.0,1.0,0.7652899766150894,1.0,1.0,1.0,1.0,0.9266531176922155
1694,c1b8b4454bc0a112c,True,,,,,,,,,,1.0,1.0,1.0,1.0,0.7656284513806524,1.0,1.0,1.0,0.0,0.8017588910564539
1695,983f5e64888cf8b80,True,,,,,,,,,,1.0,1.0,1.0,1.0,0.930186814730153,1.0,0.0,1.0,1.0,0.8531833796031728
1696,2cfe97d8f0bc1727a,True,,,,,,,,,,1.0,1.0,0.0,1.0,1.0,1.0,0.0,1.0,1.0,0.0
1697,f5d454a22e5731c5a,True,,,,,,,,,,1.0,1.0,1.0,1.0,0.47129234133122727,1.0,1.0,1.0,1.0,0.8347788566660085
1698,1b9fdb3577e3e1018,True,,,,,,,,,,1.0,0.0,1.0,1.0,0.657475141421471,1.0,1.0,1.0,1.0,0.0
1699,4ebad6e2adb7c2ab4,True,,,,,,,,,,1.0,1.0,1.0,1.0,1.0,1.0,1.0,1.0,1.0,1.0
1700,7206aa9198632886d,True,,,,,,,,,,1.0,1.0,1.0,1.0,0.44902987854741727,1.0,0.0,1.0,1.0,0.7028218370460679
1701,618e08d8da0ee9129,True,,,,,,,,,,0.0,0.0,1.0,1.0,1.0,0.0,1.0,1.0,0.0,0.0
1702,9ca4cc4bfc1a7a0a0,True,,,,,,,,,,0.0,0.0,1.0,1.0,1.0,0.0,1.0,0.0,0.0,0.0
1703,1435a0fd243cd3793,True,,,,,,,,,,1.0,1.0,1.0,1.0,0.5655434097839805,1.0,1.0,1.0,0.0,0.7392323155574939
1704,c9c198442a1efdc10,True,,,,,,,,,,1.0,0.0,1.0,1.0,1.0,1.0,1.0,1.0,1.0,0.0
1705,cad1816ad074ec87f,True,,,,,,,,,,1.0,1.0,1.0,1.0,0.4003795546853637,1.0,1.0,1.0,0.0,0.6876186108391762
1706,2624b8883e65347cd,True,,,,,,,,,,1.0,1.0,0.0,1.0,1.0,1.0,0.0,1.0,0.0,0.0
1707,1212d2f99f183cece,True,,,,,,,,,,1.0,1.0,1.0,1.0,0.7820160841460929,1.0,0.0,1.0,1.0,0.806880026295654
1708,53ceaabb1364b9424,True,,,,,,,,,,1.0,1.0,1.0,1.0,0.8610198104605238,1.0,0.0,1.0,0.0,0.7065686907689137
1709,e8b0f787378ffb08f,True,,,,,,,,,,1.0,0.0,0.5,1.0,1.0,1.0,1.0,1.0,1.0,0.0
1710,022f2dcc42d892201,True,,,,,,,,,,1.0,1.0,1.0,1.0,0.5239342039786964,1.0,0.0,1.0,1.0,0.7262294387433426
1711,486265f291210faed,True,,,,,,,,,,1.0,0.0,1.0,1.0,1.0,1.0,1.0,1.0,1.0,0.0
1712,2498bf6f5436ef1e3,True,,,,,,,,,,1.0,1.0,0.0,1.0,1.0,1.0,0.0,1.0,1.0,0.0
1713,67937388005952f7f,True,,,,,,,,,,1.0,1.0,1.0,1.0,0.8323136869166956,1.0,1.0,1.0,0.0,0.8225980271614673
1714,90c45199dafb82117,True,,,,,,,,,,1.0,1.0,1.0,1.0,0.7337146221051971,1.0,1.0,1.0,1.0,0.9167858194078741
1715,ff494c8f27c7b3c5d,True,,,,,,,,,,1.0,1.0,1.0,1.0,0.5550108896188274,1.0,1.0,1.0,1.0,0.8609409030058836
1716,f6f239b03260b58d8,True,,,,,,,,,,0.0,0.0,0.5,1.0,1.0,0.0,0.0,1.0,1.0,0.0
1717,7272b7a2cb56feb27,True,,,,,,,,,,1.0,0.0,1.0,1.0,0.6103652545163959,1.0,0.0,1.0,0.0,0.0
1718,a97b99ff7fc06eb65,True,,,,,,,,,,1.0,1.0,1.0,1.0,0.6079381858192364,1.0,1.0,1.0,1.0,0.8774806830685113
1719,396a1f73f2332bb19,True,,,,,,,,,,1.0,1.0,1.0,1.0,0.7714892751858892,1.0,1.0,1.0,0.0,0.8035903984955903
1720,3b8447bf8c7f49917,True,,,,,,,,,,1.0,0.0,1.0,1.0,1.0,1.0,1.0,1.0,0.0,0.0
1721,b896aed2b2d4e576b,True,,,,,,,,,,1.0,1.0,1.0,1.0,0.712224758504712,1.0,1.0,0.0,1.0,0.7850702370327225
1722,2ffcefe9968b81e13,True,,,,,,,,,,1.0,1.0,0.5,1.0,0.7169336399987922,1.0,0.0,1.0,0.0,0.3307708812498113
1723,37501de016a2976a7,True,,,,,,,,,,1.0,1.0,1.0,1.0,0.8791203851112853,1.0,1.0,1.0,1.0,0.9622251203472767
1724,8fb004759e2d805f0,True,,,,,,,,,,1.0,0.0,1.0,1.0,1.0,1.0,1.0,1.0,0.0,0.0
1725,2292f65aeeb91446d,True,,,,,,,,,,1.0,1.0,1.0,1.0,0.7503343935848014,1.0,1.0,1.0,1.0,0.9219794979952505
1726,1291da52f5c1dfbde,True,,,,,,,,,,1.0,1.0,1.0,1.0,0.659526268217508,1.0,0.0,1.0,0.0,0.6436019588179713
1727,ef863110f1ea79566,True,,,,,,,,,,0.0,1.0,1.0,1.0,1.0,0.0,1.0,1.0,1.0,0.0
1728,568447ab7f82a5918,True,,,,,,,,,,1.0,0.0,0.0,1.0,1.0,1.0,0.0,1.0,1.0,0.0
1729,a283fdc5a4a1cd3b0,True,,,,,,,,,,1.0,1.0,0.0,1.0,0.7348272863962491,1.0,0.0,1.0,1.0,0.0
1730,f74e8cda8ff469419,True,,,,,,,,,,1.0,0.0,1.0,1.0,1.0,1.0,1.0,1.0,1.0,0.0
1731,7259df2fbd4ef7047,True,,,,,,,,,,1.0,1.0,1.0,1.0,0.9021569160738528,1.0,1.0,1.0,0.0,0.844424036273079
1732,da024028d53215ba3,True,,,,,,,,,,1.0,1.0,1.0,1.0,0.836694217972416,1.0,0.0,1.0,1.0,0.8239669431163801
1733,61bca41b2089dee0b,True,,,,,,,,,,1.0,1.0,1.0,1.0,1.0,1.0,1.0,1.0,1.0,1.0
1734,d24b8e6fb44849b23,True,,,,,,,,,,1.0,1.0,0.0,1.0,1.0,1.0,0.0,1.0,1.0,0.0
1735,5ee839d646b6d620e,True,,,,,,,,,,1.0,1.0,0.5,1.0,0.7305578179633638,1.0,0.0,1.0,1.0,0.3953996590567756
1736,00fa9133315b462d3,True,,,,,,,,,,1.0,1.0,0.5,1.0,0.5501119875437841,1.0,1.0,1.0,0.0,0.36720499805371626
1737,dabeaa21a655424eb,True,,,,,,,,,,1.0,1.0,1.0,1.0,0.41913459923362273,1.0,1.0,1.0,0.0,0.6934795622605071
1738,ccd1d26bd7d71f952,True,,,,,,,,,,1.0,0.0,1.0,1.0,0.7545139326242175,1.0,1.0,1.0,0.0,0.0
1739,e10827f1aaf62efb8,True,,,,,,,,,,1.0,1.0,1.0,1.0,0.39481578519357413,1.0,1.0,1.0,1.0,0.8108799328729919
1740,18c9cb09dce594905,True,,,,,,,,,,1.0,1.0,0.5,1.0,0.7472234017183872,1.0,0.0,1.0,0.0,0.335503656518498
1741,3de4e2683ea8699d4,True,,,,,,,,,,1.0,1.0,1.0,1.0,0.6798863194983392,1.0,1.0,1.0,0.0,0.7749644748432309
1742,587695426dcca63ae,True,,,,,,,,,,1.0,0.0,1.0,1.0,1.0,1.0,1.0,1.0,0.0,0.0
1743,82164b6dd39963198,True,,,,,,,,,,1.0,1.0,0.0,1.0,1.0,0.0,0.0,1.0,1.0,0.0
1744,25db319b5b2d36844,True,,,,,,,,,,1.0,1.0,1.0,1.0,0.6033823148639519,1.0,1.0,1.0,1.0,0.876056973394985
1745,6d342222e4d9d2b2a,True,,,,,,,,,,1.0,0.0,1.0,1.0,1.0,1.0,1.0,1.0,0.0,0.0
1746,de3ab8b6981c3e632,True,,,,,,,,,,1.0,0.0,1.0,1.0,0.606054604274573,1.0,1.0,1.0,1.0,0.0
1747,e26b9a326897c57c3,True,,,,,,,,,,1.0,1.0,1.0,1.0,0.13235022719614725,1.0,0.0,1.0,0.0,0.47885944599879604
1748,d22b68be5e9fb8c2a,True,,,,,,,,,,1.0,1.0,1.0,1.0,1.0,1.0,1.0,1.0,0.0,0.875
1749,99d9ea218424b8b69,True,,,,,,,,,,1.0,1.0,1.0,1.0,0.8480430095636611,1.0,1.0,1.0,1.0,0.9525134404886441
1750,6bdc53cfa4a8ecb29,True,,,,,,,,,,1.0,1.0,1.0,1.0,0.6766304445795607,1.0,1.0,1.0,0.0,0.7739470139311126
1751,17a263da0e14e7155,True,,,,,,,,,,1.0,1.0,1.0,1.0,0.7410710820125841,1.0,0.0,1.0,1.0,0.7940847131289326
1752,bf1cc9724e9048572,True,,,,,,,,,,1.0,1.0,1.0,1.0,0.7817942783314049,1.0,0.0,1.0,0.0,0.681810711978564
1753,8868a14471179c2a7,True,,,,,,,,,,0.0,1.0,0.0,1.0,1.0,0.0,0.0,1.0,1.0,0.0
1754,2d4e4632841c3cf8e,True,,,,,,,,,,1.0,1.0,1.0,1.0,1.0,1.0,0.0,1.0,1.0,0.875
1755,80144b63550c48566,True,,,,,,,,,,0.0,1.0,0.5,1.0,1.0,0.0,0.0,1.0,1.0,0.0
1756,ef271f3dd1d4e77d9,True,,,,,,,,,,1.0,1.0,0.5,1.0,0.5302265314323278,1.0,0.0,1.0,0.0,0.30159789553630123
1757,9dc9fc49b0eb8dd9c,True,,,,,,,,,,1.0,1.0,0.0,1.0,1.0,1.0,0.0,1.0,1.0,0.0
1758,ec14753ed2c513cef,True,,,,,,,,,,1.0,1.0,1.0,1.0,0.2936232657858428,1.0,0.0,1.0,1.0,0.6542572705580758
1759,078d13ba093831831,True,,,,,,,,,,1.0,1.0,1.0,1.0,1.0,1.0,1.0,1.0,0.0,0.875
1760,63c41e35465456dc7,True,,,,,,,,,,1.0,1.0,0.0,1.0,1.0,1.0,0.0,1.0,1.0,0.0
1761,325c79bfe38fe6e9a,True,,,,,,,,,,1.0,1.0,1.0,1.0,0.6632629415695112,1.0,1.0,1.0,1.0,0.8947696692404723
1762,4466bfd1bb50dfc53,True,,,,,,,,,,1.0,1.0,1.0,1.0,0.6796052827745545,1.0,1.0,1.0,0.0,0.7748766508670483
1763,d92b3534c888c4bbb,True,,,,,,,,,,0.0,0.0,0.5,1.0,1.0,0.0,0.0,0.0,0.0,0.0
1764,d12e9fb682bb31656,True,,,,,,,,,,0.5,1.0,0.0,1.0,1.0,0.0,0.0,1.0,0.0,0.0
1765,8fb24d26d3dd62b0f,True,,,,,,,,,,1.0,1.0,1.0,1.0,0.33707102865524097,1.0,1.0,1.0,0.0,0.6678346964547628
1766,7904bcffe314d0056,True,,,,,,,,,,1.0,0.0,1.0,1.0,1.0,1.0,1.0,1.0,0.0,0.0
1767,fd7743059db2ad01f,True,,,,,,,,,,0.0,1.0,1.0,1.0,1.0,0.0,1.0,1.0,1.0,0.0
1768,3c70a054e8d40ce21,True,,,,,,,,,,1.0,1.0,1.0,1.0,0.9390155904427984,1.0,0.0,1.0,1.0,0.8559423720133745
1769,3ea710ad8425a9566,True,,,,,,,,,,1.0,0.0,1.0,1.0,0.7671757027516521,1.0,0.0,1.0,0.0,0.0
1770,85d790e9c5c2e7b7c,True,,,,,,,,,,1.0,1.0,1.0,1.0,0.4905232419554213,1.0,0.0,1.0,1.0,0.7157885131110692
1771,c4a613ef81174337b,True,,,,,,,,,,1.0,0.0,0.5,1.0,1.0,1.0,0.0,1.0,0.0,0.0
1772,4cdaeeeeccac7dcd3,True,,,,,,,,,,1.0,1.0,0.0,1.0,1.0,1.0,0.0,1.0,0.0,0.0
1773,c82ec728742abfe9a,True,,,,,,,,,,1.0,1.0,1.0,1.0,0.7178367210714381,1.0,1.0,1.0,0.0,0.7868239753348244
1774,59d497b24fe17609b,True,,,,,,,,,,1.0,1.0,0.5,1.0,0.6223586412643094,1.0,0.0,1.0,0.0,0.31599353769754834
1775,2b1c7704ed19c6b68,True,,,,,,,,,,1.0,1.0,1.0,1.0,0.7940521212138595,1.0,0.0,1.0,0.0,0.6856412878793311
1776,9a7779cf31f38e961,True,,,,,,,,,,1.0,1.0,0.0,1.0,0.7377274705580972,1.0,1.0,1.0,0.0,0.0
1777,9aaa6dbe1c4b11d07,True,,,,,,,,,,1.0,1.0,0.5,1.0,0.5468491624588687,1.0,1.0,1.0,1.0,0.42919518163419823
1778,2b500351ad1eb0fc8,True,,,,,,,,,,1.0,1.0,1.0,1.0,1.0,1.0,1.0,1.0,0.0,0.875
1779,3e9cb5ec7e3c7d0e9,True,,,,,,,,,,1.0,1.0,1.0,1.0,0.9473151432661615,1.0,0.0,1.0,1.0,0.8585359822706755
1780,ce907a202ee6095c1,True,,,,,,,,,,1.0,1.0,1.0,1.0,0.3787104512552314,1.0,1.0,1.0,0.0,0.6808470160172598
1781,6fad2bc43e18270d8,True,,,,,,,,,,1.0,0.0,1.0,1.0,0.832231742827745,1.0,1.0,1.0,1.0,0.0
1782,a8d83051ac2ad2fa2,True,,,,,,,,,,1.0,1.0,1.0,1.0,0.7328660702182138,1.0,1.0,1.0,0.0,0.7915206469431918
1783,033858312a3f04e99,True,,,,,,,,,,0.0,0.0,0.0,1.0,1.0,0.0,0.0,1.0,1.0,0.0
1784,0837e02dbb891dbc9,True,,,,,,,,,,1.0,1.0,1.0,1.0,0.7463204304573122,1.0,0.0,1.0,1.0,0.79572513451791
1785,c6245a244902cb4af,True,,,,,,,,,,1.0,1.0,1.0,1.0,0.3027151066316109,1.0,1.0,1.0,1.0,0.7820984708223784
1786,32a0c7a629ebabc37,True,,,,,,,,,,1.0,1.0,1.0,0.0,1.0,1.0,1.0,1.0,1.0,0.0
1787,29034e89288b15cef,True,,,,,,,,,,0.0,1.0,1.0,1.0,1.0,0.0,1.0,1.0,0.0,0.0
1788,9c1c1fb7b2f09b8b6,True,,,,,,,,,,1.0,1.0,1.0,1.0,1.0,1.0,1.0,1.0,1.0,1.0
1789,b6ce710fb40df843d,True,,,,,,,,,,1.0,0.0,1.0,1.0,1.0,1.0,1.0,0.0,0.0,0.0
1790,bb77c49defa6c4631,True,,,,,,,,,,1.0,1.0,1.0,1.0,0.5482833992706964,1.0,0.0,1.0,1.0,0.7338385622720927
1791,a8b2c2c9a9c84c4f5,True,,,,,,,,,,1.0,1.0,1.0,1.0,0.4786807855600961,1.0,1.0,1.0,1.0,0.8370877454875301
1792,ad43e2b3ade61b59c,True,,,,,,,,,,1.0,1.0,1.0,1.0,0.23914964676927639,1.0,0.0,1.0,0.0,0.5122342646153989
1793,195adbb128cbfeea4,True,,,,,,,,,,1.0,1.0,1.0,1.0,1.0,1.0,0.0,1.0,1.0,0.875
1794,76112959f0c3cee44,True,,,,,,,,,,1.0,1.0,1.0,1.0,0.4671461592242846,1.0,1.0,1.0,1.0,0.8334831747575889
1795,c9a4a1c914e8a249d,True,,,,,,,,,,1.0,0.0,1.0,1.0,1.0,1.0,1.0,1.0,1.0,0.0
1796,ccb673fb277fc767d,True,,,,,,,,,,0.0,1.0,1.0,1.0,1.0,0.0,1.0,1.0,0.0,0.0
1797,1321cf37404d27e22,True,,,,,,,,,,1.0,1.0,0.0,1.0,1.0,1.0,0.0,1.0,1.0,0.0
1798,78e346fdbeb014770,True,,,,,,,,,,1.0,0.0,1.0,1.0,0.8159865885328209,1.0,1.0,1.0,0.0,0.0
1799,0aaae91a3ffa7e596,True,,,,,,,,,,1.0,1.0,1.0,1.0,0.6860596620491768,1.0,1.0,1.0,1.0,0.9018936443903678
1800,70204e1d928083e97,True,,,,,,,,,,1.0,0.0,1.0,1.0,0.4516794271923046,1.0,1.0,1.0,0.0,0.0
1801,1e6601c658eba890a,True,,,,,,,,,,1.0,1.0,1.0,1.0,0.32410252083339236,1.0,1.0,1.0,1.0,0.7887820377604351
1802,71afcb9b1ac436e14,True,,,,,,,,,,1.0,1.0,1.0,1.0,0.844357568412671,1.0,1.0,1.0,1.0,0.9513617401289597
1803,5e5a2a6c7ddbfc092,True,,,,,,,,,,1.0,0.0,1.0,1.0,0.8446572965915919,1.0,1.0,1.0,0.0,0.0
1804,5b11f358da127ff72,True,,,,,,,,,,1.0,1.0,1.0,1.0,0.897384255544902,1.0,0.0,1.0,0.0,0.7179325798577818
1805,e5d97a89c908ac563,True,,,,,,,,,,0.0,1.0,1.0,0.0,1.0,0.0,0.0,1.0,1.0,0.0
1806,5216f5e0df50fa3bf,True,,,,,,,,,,1.0,1.0,0.0,1.0,1.0,1.0,0.0,1.0,1.0,0.0
1807,874ca7613e4fb30ba,True,,,,,,,,,,1.0,0.0,0.5,1.0,1.0,0.0,1.0,1.0,1.0,0.0
1808,4aaea4c50ce77a4de,True,,,,,,,,,,0.5,0.0,0.0,1.0,1.0,0.0,1.0,1.0,0.0,0.0
1809,24d9e424388a37357,True,,,,,,,,,,0.0,1.0,1.0,1.0,0.7751927955036124,0.0,0.0,1.0,0.0,0.0
1810,64cb1964d2bb9f801,True,,,,,,,,,,1.0,1.0,1.0,1.0,0.7036949501353996,1.0,0.0,1.0,1.0,0.7824046719173123
1811,2d73739d94bdfb12e,True,,,,,,,,,,0.0,1.0,1.0,1.0,1.0,0.0,0.0,1.0,1.0,0.0
1812,0d3be86b0d2db1b32,True,,,,,,,,,,1.0,1.0,1.0,1.0,0.815551396145108,1.0,1.0,1.0,1.0,0.9423598112953462
1813,58f8054b16f2c0e47,True,,,,,,,,,,1.0,1.0,1.0,1.0,0.36757994584044534,1.0,0.0,0.0,1.0,0.5523687330751392
1814,e4cf6ec3cedd01e6b,True,,,,,,,,,,1.0,1.0,1.0,1.0,1.0,1.0,0.0,1.0,1.0,0.875
1815,737a6728f5f065a24,True,,,,,,,,,,1.0,1.0,1.0,1.0,0.31073898184075865,1.0,0.0,1.0,1.0,0.6596059318252371
1816,e9998b8b863aa29d4,True,,,,,,,,,,1.0,0.0,1.0,1.0,0.4163969759744742,1.0,0.0,1.0,1.0,0.0
1817,a686334790117f882,True,,,,,,,,,,1.0,1.0,1.0,1.0,1.0,1.0,1.0,1.0,1.0,1.0
1818,2c1063aa4f44cf5f4,True,,,,,,,,,,1.0,1.0,0.0,1.0,1.0,1.0,0.0,1.0,1.0,0.0
1819,6a1a3e7fd861ab333,True,,,,,,,,,,1.0,0.0,0.5,1.0,1.0,1.0,0.0,1.0,1.0,0.0
1820,004a5a808615d791d,True,,,,,,,,,,0.0,1.0,1.0,1.0,1.0,0.0,0.0,1.0,0.0,0.0
1821,9748e22b4bb8ade92,True,,,,,,,,,,1.0,1.0,1.0,1.0,0.6746284710643434,1.0,1.0,1.0,1.0,0.8983213972076073
1822,48b2b4044e41f6e13,True,,,,,,,,,,1.0,1.0,1.0,1.0,0.326608551813575,1.0,1.0,1.0,1.0,0.7895651724417422
1823,a2b6df5b32c01b3d9,True,,,,,,,,,,1.0,0.0,0.0,1.0,1.0,1.0,0.0,1.0,1.0,0.0
1824,20264c75b9737127d,True,,,,,,,,,,1.0,1.0,1.0,1.0,0.9337232493307592,1.0,1.0,1.0,0.0,0.8542885154158623
1825,b652abb8dca7b06f0,True,,,,,,,,,,1.0,1.0,1.0,1.0,0.7664950054218254,1.0,1.0,1.0,0.0,0.8020296891943204
1826,6755c5223bb08c967,True,,,,,,,,,,1.0,1.0,1.0,1.0,0.5631583161663426,1.0,1.0,1.0,1.0,0.863486973801982
1827,af944ea40728e6074,True,,,,,,,,,,1.0,1.0,1.0,1.0,0.7039935767404601,1.0,1.0,1.0,0.0,0.7824979927313938
1828,bc84695ec7d4fc814,True,,,,,,,,,,1.0,1.0,0.5,1.0,1.0,0.0,1.0,0.0,0.0,0.21875
1829,3fa4f9afc8577cdb1,True,,,,,,,,,,1.0,1.0,1.0,1.0,0.4949532767393696,1.0,0.0,1.0,1.0,0.7171728989810531
1830,07f017abc801c8b9e,True,,,,,,,,,,1.0,0.0,1.0,1.0,1.0,1.0,0.0,1.0,0.0,0.0
1831,030c19894cf38bd4f,True,,,,,,,,,,0.0,1.0,1.0,1.0,1.0,0.0,1.0,1.0,1.0,0.0
1832,92d16fac53c12f99d,True,,,,,,,,,,1.0,1.0,1.0,1.0,0.7149914123013122,1.0,1.0,1.0,0.0,0.7859348163441601
1833,fb7b5ae64dda69073,True,,,,,,,,,,1.0,0.0,1.0,1.0,0.7423715082778628,1.0,0.0,1.0,0.0,0.0
1834,9864904b0ceaacd61,True,,,,,,,,,,1.0,1.0,1.0,1.0,1.0,1.0,0.0,1.0,0.0,0.75
1835,8a790ebf1c22b11d5,True,,,,,,,,,,0.0,1.0,1.0,1.0,1.0,0.0,0.0,1.0,1.0,0.0
1836,4c3e13d3975af4927,True,,,,,,,,,,1.0,1.0,1.0,1.0,0.8348932576662562,1.0,1.0,1.0,1.0,0.9484041430207051
1837,249520f1574eff090,True,,,,,,,,,,1.0,1.0,1.0,1.0,0.22907633316366197,1.0,1.0,1.0,1.0,0.7590863541136443
1838,5b491d7bff86c3e61,True,,,,,,,,,,1.0,0.0,1.0,1.0,0.770308136115743,1.0,1.0,1.0,0.0,0.0
1839,b4fddb3dce784392e,True,,,,,,,,,,0.0,1.0,1.0,1.0,1.0,0.0,1.0,1.0,1.0,0.0
1840,ca65ee7c58adc26d8,True,,,,,,,,,,1.0,1.0,1.0,1.0,1.0,1.0,1.0,1.0,0.0,0.875
1841,ba2d0c2b1a0d13a74,True,,,,,,,,,,1.0,0.0,0.0,1.0,1.0,1.0,0.0,1.0,1.0,0.0
1842,f047a65c1ef695e27,True,,,,,,,,,,1.0,1.0,1.0,1.0,0.9238065966820472,1.0,0.0,1.0,1.0,0.8511895614631397
1843,ec8c748e31436c7e5,True,,,,,,,,,,0.0,0.0,0.0,1.0,1.0,0.0,0.0,1.0,0.0,0.0
1844,40fd4749fb6c9cd3a,True,,,,,,,,,,1.0,1.0,1.0,1.0,0.7906660921694343,1.0,1.0,1.0,1.0,0.9345831538029482
1845,32f2437326c9e81b2,True,,,,,,,,,,1.0,1.0,1.0,1.0,1.0,1.0,0.0,1.0,0.0,0.75
1846,93dbd55a373bc4efe,True,,,,,,,,,,1.0,1.0,1.0,1.0,0.7321193910252312,1.0,1.0,1.0,0.0,0.7912873096953847
1847,6cb50088281513418,True,,,,,,,,,,1.0,1.0,1.0,1.0,0.5994683984927536,1.0,1.0,1.0,0.0,0.7498338745289854
1848,af8bb014864eab6d8,True,,,,,,,,,,1.0,1.0,1.0,1.0,0.5350580830934349,1.0,0.0,1.0,1.0,0.7297056509666984
1849,a1a5eeda367569815,True,,,,,,,,,,1.0,1.0,1.0,1.0,0.4596611707140013,1.0,1.0,1.0,1.0,0.8311441158481254
1850,7f866f8c8d00bd3d1,True,,,,,,,,,,1.0,1.0,1.0,1.0,0.8905228092895471,1.0,0.0,1.0,0.0,0.7157883779029834
1851,37965fbc732bb2aaf,True,,,,,,,,,,1.0,1.0,1.0,1.0,0.6711476128172074,1.0,1.0,1.0,0.0,0.7722336290053773
1852,c4a089c490ce6eb9e,True,,,,,,,,,,0.0,0.0,1.0,1.0,1.0,0.0,1.0,1.0,1.0,0.0
1853,1e3da3a342a445433,True,,,,,,,,,,1.0,1.0,1.0,1.0,0.5327959970793879,1.0,0.0,1.0,0.0,0.6039987490873087
1854,1c53867c6f662be8f,True,,,,,,,,,,1.0,0.0,0.0,1.0,1.0,1.0,0.0,1.0,1.0,0.0
1855,8d911e0483906d5f9,True,,,,,,,,,,1.0,1.0,1.0,1.0,1.0,1.0,1.0,1.0,0.0,0.875
1856,38c8739d0ae9e3f71,True,,,,,,,,,,1.0,0.0,1.0,1.0,1.0,1.0,1.0,1.0,0.0,0.0
1857,27f023bf8333f5410,True,,,,,,,,,,1.0,1.0,1.0,1.0,0.41913459923362273,1.0,1.0,1.0,0.0,0.6934795622605071
1858,96e90fd2233ad685a,True,,,,,,,,,,1.0,1.0,0.0,1.0,1.0,1.0,0.0,1.0,0.0,0.0
1859,699104c386f974829,True,,,,,,,,,,0.0,1.0,1.0,1.0,1.0,0.0,0.0,1.0,1.0,0.0
1860,3a84eaeca44c1b7ad,True,,,,,,,,,,1.0,1.0,0.0,1.0,0.8606470856976671,1.0,0.0,1.0,1.0,0.0
1861,d70caeb8eb50fae31,True,,,,,,,,,,1.0,1.0,1.0,1.0,0.6340419486476571,1.0,0.0,1.0,0.0,0.6356381089523928
1862,e204182883d94ae66,True,,,,,,,,,,1.0,1.0,1.0,1.0,0.7497947961744953,1.0,0.0,1.0,0.0,0.6718108738045298
1863,1ab4af6d2763780c4,True,,,,,,,,,,1.0,0.0,1.0,1.0,0.7687034746882525,1.0,1.0,1.0,0.0,0.0
1864,b6f6daabfac4fa910,True,,,,,,,,,,1.0,1.0,1.0,1.0,1.0,1.0,1.0,1.0,1.0,1.0
1865,b768b66003f09acc0,True,,,,,,,,,,1.0,0.0,1.0,1.0,0.3672980865665916,1.0,0.0,1.0,1.0,0.0
1866,41423d9768746a40d,True,,,,,,,,,,1.0,1.0,1.0,1.0,0.8237270283419224,1.0,1.0,0.0,0.0,0.6949146963568507
1867,adf39008de8774c39,True,,,,,,,,,,1.0,1.0,1.0,1.0,0.9261990608650473,1.0,1.0,1.0,1.0,0.9769372065203272
1868,afae980cb1f67291e,True,,,,,,,,,,1.0,1.0,1.0,1.0,0.2532124045117874,1.0,1.0,1.0,0.0,0.6416288764099336
1869,00caf7c273c7d5065,True,,,,,,,,,,1.0,0.0,0.0,1.0,0.9152403365369627,1.0,0.0,1.0,1.0,0.0
1870,9f8032f6872d56164,True,,,,,,,,,,1.0,1.0,1.0,1.0,0.6842650144012458,1.0,1.0,1.0,0.0,0.7763328170003894
1871,3de0117d8b0d82352,True,,,,,,,,,,1.0,1.0,1.0,1.0,0.7948836504740319,1.0,0.0,1.0,1.0,0.810901140773135
1872,ddea16ece1f071cc3,True,,,,,,,,,,1.0,1.0,1.0,1.0,0.6016044689311514,1.0,1.0,1.0,1.0,0.8755013965409848
1873,6a435ef26f38889a0,True,,,,,,,,,,0.0,1.0,0.5,1.0,1.0,0.0,0.0,1.0,0.0,0.0
1874,ce0d18bc2635a901b,True,,,,,,,,,,1.0,1.0,1.0,1.0,0.8507572679174974,1.0,0.0,1.0,1.0,0.8283616462242179
1875,756e98a2a3d823c33,True,,,,,,,,,,1.0,1.0,1.0,1.0,0.8740705249986677,1.0,0.0,1.0,0.0,0.7106470390620836
1876,e837d678b75d5da6f,True,,,,,,,,,,1.0,1.0,1.0,1.0,0.8918938767584105,1.0,1.0,1.0,0.0,0.8412168364870033
1877,dd75967675d1052fc,True,,,,,,,,,,0.0,1.0,1.0,1.0,0.4747915454803092,0.0,0.0,1.0,0.0,0.0
1878,a69f76adb6218f06b,True,,,,,,,,,,1.0,1.0,1.0,1.0,0.7594184546192507,1.0,1.0,1.0,0.0,0.7998182670685159
1879,1909b0573a163be83,True,,,,,,,,,,1.0,1.0,1.0,1.0,0.703930300112694,1.0,1.0,1.0,1.0,0.9074782187852168
1880,f0f7f3ed13da5cccf,True,,,,,,,,,,0.0,1.0,1.0,1.0,1.0,0.0,0.0,1.0,1.0,0.0
1881,8f22304866f36485f,True,,,,,,,,,,1.0,1.0,0.5,1.0,0.6795372043046042,1.0,0.0,1.0,0.0,0.32492768817259443
1882,bf42260856c674066,True,,,,,,,,,,1.0,1.0,1.0,1.0,0.9289197965823033,1.0,0.0,1.0,1.0,0.8527874364319697
1883,0c5705a24a60a8fd4,True,,,,,,,,,,1.0,1.0,1.0,1.0,0.6352433545726688,1.0,0.0,1.0,1.0,0.7610135483039591
1884,071e35b1661da1366,True,,,,,,,,,,1.0,1.0,1.0,1.0,0.828987647651149,1.0,0.0,1.0,0.0,0.696558639890984
1885,bb22e24798c605096,True,,,,,,,,,,1.0,1.0,1.0,1.0,1.0,1.0,0.0,1.0,1.0,0.875
1886,1738de90a4b9b6de0,True,,,,,,,,,,1.0,1.0,1.0,1.0,0.9614125718443379,1.0,1.0,1.0,1.0,0.9879414287013556
1887,57ff3b08be49081c8,True,,,,,,,,,,1.0,1.0,1.0,1.0,0.6093753702654487,1.0,0.0,1.0,1.0,0.7529298032079528
1888,1d4894afb05e6ebc3,True,,,,,,,,,,1.0,1.0,1.0,1.0,1.0,1.0,0.0,1.0,1.0,0.875
1889,ce2108b53dc19946a,True,,,,,,,,,,1.0,1.0,1.0,1.0,1.0,1.0,0.0,1.0,0.0,0.75
1890,562d93c298e442013,True,,,,,,,,,,1.0,1.0,1.0,1.0,0.7844145337331894,1.0,1.0,1.0,1.0,0.9326295417916217
1891,c99c412737b15dcce,True,,,,,,,,,,0.0,1.0,1.0,0.0,1.0,0.0,0.0,1.0,0.0,0.0
1892,bad2ad9c318ddb264,True,,,,,,,,,,1.0,1.0,0.5,1.0,0.5983829997897718,1.0,0.0,1.0,0.0,0.31224734371715185
1893,7db61b66f69a92843,True,,,,,,,,,,1.0,0.0,1.0,1.0,0.485121060457076,1.0,1.0,1.0,1.0,0.0
1894,9e0e0c6fe70eeb1d8,True,,,,,,,,,,1.0,0.0,0.5,1.0,1.0,1.0,0.0,1.0,1.0,0.0
1895,27fefe70564fbc07a,True,,,,,,,,,,0.0,1.0,1.0,1.0,1.0,0.0,1.0,1.0,1.0,0.0
1896,5fdebbeb76c9d0953,True,,,,,,,,,,1.0,1.0,0.0,1.0,1.0,1.0,0.0,1.0,0.0,0.0
1897,1285808d1703253f0,True,,,,,,,,,,1.0,0.0,1.0,1.0,1.0,1.0,1.0,1.0,0.0,0.0
1898,6e878407167faf00e,True,,,,,,,,,,1.0,0.0,1.0,1.0,0.7247038071456401,1.0,0.0,1.0,0.0,0.0
1899,2da7f9d5b6d7592f7,True,,,,,,,,,,1.0,0.0,1.0,1.0,0.8200099278058108,1.0,0.0,1.0,1.0,0.0
1900,be69267980b9fb08a,True,,,,,,,,,,1.0,0.0,1.0,1.0,1.0,1.0,1.0,1.0,0.0,0.0
1901,a14671fac296719c0,True,,,,,,,,,,1.0,1.0,1.0,1.0,1.0,1.0,0.0,1.0,1.0,0.875
1902,d82ea5f1c94fd6d13,True,,,,,,,,,,1.0,1.0,1.0,1.0,0.9277162180338152,1.0,1.0,1.0,0.0,0.8524113181355673
1903,c8f09b5608e102dfb,True,,,,,,,,,,1.0,1.0,1.0,1.0,1.0,1.0,1.0,1.0,1.0,1.0
1904,0fda3e9ba0b83c4b2,True,,,,,,,,,,0.0,0.0,0.0,1.0,1.0,0.0,0.0,1.0,0.0,0.0
1905,741792e4d3c065377,True,,,,,,,,,,1.0,1.0,1.0,1.0,0.7539672358039112,1.0,1.0,1.0,0.0,0.7981147611887223
1906,c9b6f0f21e11dae54,True,,,,,,,,,,1.0,1.0,1.0,1.0,0.6795737131292379,1.0,0.0,1.0,1.0,0.7748667853528868
1907,c6e28acbe0fc41c9e,True,,,,,,,,,,1.0,1.0,0.5,1.0,0.5577212977247328,1.0,0.0,1.0,1.0,0.3683939527694895
1908,728ec7568be562318,True,,,,,,,,,,1.0,1.0,1.0,1.0,1.0,1.0,0.0,1.0,1.0,0.875
1909,271b906800ea0cf57,True,,,,,,,,,,1.0,0.0,1.0,1.0,1.0,1.0,0.0,1.0,1.0,0.0
1910,873b2bce6903cffc1,True,,,,,,,,,,1.0,1.0,0.0,1.0,1.0,1.0,0.0,1.0,1.0,0.0
1911,bbfd9bdc997348cff,True,,,,,,,,,,1.0,0.0,1.0,1.0,0.6455292041010192,1.0,1.0,1.0,0.0,0.0
1912,91df938553d5b89fb,True,,,,,,,,,,1.0,1.0,1.0,1.0,0.4890079649359744,1.0,0.0,1.0,1.0,0.715314989042492
1913,fe70456ec5ebc1918,True,,,,,,,,,,1.0,1.0,1.0,1.0,0.8028580377275348,1.0,0.0,1.0,1.0,0.8133931367898546
1914,2afebe4218aece0b6,True,,,,,,,,,,1.0,0.0,0.5,1.0,1.0,1.0,0.0,1.0,0.0,0.0
1915,e1cc25220fa30adcd,True,,,,,,,,,,1.0,1.0,1.0,1.0,0.8166414078963175,1.0,0.0,1.0,0.0,0.6927004399675992
1916,509ec142f891e0766,True,,,,,,,,,,0.0,0.0,1.0,1.0,1.0,0.0,0.0,1.0,1.0,0.0
1917,221ee037ec27dbb36,True,,,,,,,,,,1.0,1.0,1.0,1.0,0.21491778039079257,1.0,1.0,1.0,0.0,0.6296618063721227
1918,b81180657e76ac7aa,True,,,,,,,,,,1.0,1.0,1.0,1.0,0.9901807057540217,1.0,1.0,1.0,1.0,0.9969314705481318
1919,de6d8849e57d7258f,True,,,,,,,,,,1.0,1.0,1.0,1.0,0.7046631442539243,1.0,1.0,1.0,1.0,0.9077072325793514
1920,65d00ea9b07494406,True,,,,,,,,,,1.0,0.0,1.0,1.0,1.0,1.0,1.0,1.0,0.0,0.0
1921,4c9f4af922d375f71,True,,,,,,,,,,1.0,1.0,1.0,1.0,0.7659586881341559,1.0,1.0,1.0,0.0,0.8018620900419238
1922,1d6a75c2185cddac3,True,,,,,,,,,,1.0,1.0,1.0,1.0,0.6378556141677776,1.0,1.0,1.0,0.0,0.7618298794274305
1923,8155d4f80d0416c00,True,,,,,,,,,,1.0,0.0,1.0,1.0,0.4186650434688337,1.0,1.0,1.0,1.0,0.0
1924,81da68a500fb17473,True,,,,,,,,,,1.0,1.0,1.0,1.0,1.0,1.0,0.0,1.0,0.0,0.75
1925,0327a1d58fc2a7c5d,True,,,,,,,,,,1.0,0.0,1.0,1.0,0.9106592250382922,1.0,1.0,1.0,0.0,0.0
1926,a2a9c734a84da7235,True,,,,,,,,,,1.0,1.0,0.5,1.0,1.0,1.0,0.0,1.0,1.0,0.4375
1927,aaa2921db2669810d,True,,,,,,,,,,1.0,1.0,1.0,1.0,0.8086385818253442,1.0,1.0,1.0,0.0,0.81519955682042
1928,a1fc0c3eb1ef15aba,True,,,,,,,,,,0.0,1.0,0.5,1.0,1.0,0.0,0.0,1.0,0.0,0.0
1929,bfc933fd0598219c3,True,,,,,,,,,,1.0,0.0,0.0,1.0,1.0,1.0,0.0,1.0,0.0,0.0
1930,11143001e21e68daf,True,,,,,,,,,,1.0,1.0,0.5,1.0,0.6520421374012804,1.0,1.0,1.0,1.0,0.4456315839689501
1931,52cc30d63f3ee962c,True,,,,,,,,,,1.0,0.0,1.0,1.0,0.8137760253145196,1.0,1.0,1.0,1.0,0.0
1932,9dd3876cb173c36aa,True,,,,,,,,,,1.0,0.0,0.0,1.0,1.0,1.0,0.0,1.0,0.0,0.0
1933,9557f26df1e4356d7,True,,,,,,,,,,1.0,1.0,0.0,1.0,1.0,1.0,0.0,1.0,1.0,0.0
1934,cbe5f4984cb4e3fe1,True,,,,,,,,,,1.0,1.0,1.0,1.0,0.7489042476195283,1.0,1.0,1.0,1.0,0.9215325773811026
1935,286d0110f79f8450c,True,,,,,,,,,,1.0,1.0,1.0,1.0,0.6966925187554373,1.0,0.0,1.0,1.0,0.7802164121110742
1936,4733330ccf4a023b5,True,,,,,,,,,,1.0,0.0,1.0,1.0,0.5121857507739541,1.0,0.0,1.0,1.0,0.0
1937,7a163daf930e48637,True,,,,,,,,,,1.0,0.0,0.0,1.0,1.0,1.0,0.0,1.0,1.0,0.0
1938,8fe0f4c205937d179,True,,,,,,,,,,1.0,1.0,1.0,1.0,1.0,1.0,0.0,1.0,0.0,0.75
1939,6eff7e6fb5d5bcf04,True,,,,,,,,,,1.0,1.0,1.0,1.0,0.8393269243464406,1.0,1.0,1.0,1.0,0.9497896638582627
1940,af6a8ab4980429b3d,True,,,,,,,,,,1.0,1.0,0.5,1.0,0.9231340951581506,1.0,0.0,1.0,1.0,0.42548970236846106
1941,4a2ae0b5cd41f2676,True,,,,,,,,,,1.0,1.0,1.0,1.0,0.5515040125923759,1.0,1.0,1.0,1.0,0.8598450039351175
1942,2fa5ec5e442e3f499,True,,,,,,,,,,1.0,1.0,1.0,1.0,0.6634162818170183,1.0,1.0,1.0,1.0,0.8948175880678182
1943,554118efec9ed40ce,True,,,,,,,,,,1.0,1.0,1.0,1.0,1.0,1.0,0.0,1.0,0.0,0.75
1944,731d0bae35b763cde,True,,,,,,,,,,1.0,0.0,1.0,1.0,0.395004091529845,1.0,0.0,1.0,1.0,0.0
1945,0939026cbd6b9cc48,True,,,,,,,,,,1.0,1.0,1.0,1.0,0.7637077751287212,1.0,0.0,1.0,1.0,0.8011586797277254
1946,50e0b955654ae8794,True,,,,,,,,,,1.0,0.0,1.0,1.0,0.46450796530090116,1.0,0.0,1.0,1.0,0.0
1947,13c1bc44a34013f46,True,,,,,,,,,,1.0,1.0,0.0,1.0,1.0,1.0,0.0,1.0,0.0,0.0
1948,60849e221db8f770d,True,,,,,,,,,,1.0,1.0,1.0,1.0,1.0,1.0,1.0,1.0,1.0,1.0
1949,5cd73374e1336ce3f,True,,,,,,,,,,1.0,1.0,0.0,1.0,1.0,1.0,0.0,1.0,1.0,0.0
1950,0c19c99a701794b8d,True,,,,,,,,,,0.0,1.0,1.0,1.0,1.0,0.0,1.0,1.0,0.0,0.0
1951,66186ff8feddb320f,True,,,,,,,,,,1.0,1.0,1.0,1.0,0.6771558234080718,1.0,0.0,1.0,1.0,0.7741111948150224
1952,f6807a15ef236a60e,True,,,,,,,,,,1.0,0.0,1.0,1.0,1.0,1.0,1.0,0.0,0.0,0.0
1953,97e73edb0ec984db5,True,,,,,,,,,,0.0,1.0,1.0,1.0,1.0,0.0,1.0,1.0,1.0,0.0
1954,4142c2fdf6fa0139a,True,,,,,,,,,,1.0,0.0,1.0,0.0,1.0,1.0,1.0,1.0,1.0,0.0
1955,78ff4a8811ea50019,True,,,,,,,,,,1.0,1.0,1.0,1.0,1.0,1.0,1.0,1.0,0.0,0.875
1956,ad82260eea030954f,True,,,,,,,,,,1.0,1.0,1.0,1.0,0.7705771769297104,1.0,1.0,1.0,1.0,0.9283053677905345
1957,d78f1814c06d766b1,True,,,,,,,,,,1.0,0.0,1.0,1.0,1.0,1.0,1.0,1.0,1.0,0.0
1958,4876fb179a00309b5,True,,,,,,,,,,1.0,1.0,1.0,1.0,0.6283568738505165,1.0,1.0,1.0,1.0,0.8838615230782865
1959,b3caab7fde86ee89e,True,,,,,,,,,,1.0,1.0,1.0,1.0,0.5232280244764667,1.0,0.0,1.0,1.0,0.7260087576488958
1960,3f8a80414eacde90b,True,,,,,,,,,,1.0,1.0,1.0,1.0,0.7623901395119806,1.0,1.0,1.0,1.0,0.9257469185974939
1961,d409509cfbf993fc3,True,,,,,,,,,,1.0,1.0,1.0,1.0,0.8501500209777644,1.0,1.0,1.0,1.0,0.9531718815555514
1962,fdc9de263e1f28cd8,True,,,,,,,,,,0.0,1.0,1.0,1.0,1.0,0.0,1.0,1.0,1.0,0.0
1963,43f7fbb8fc3c4d17b,True,,,,,,,,,,1.0,1.0,1.0,1.0,1.0,1.0,1.0,1.0,0.0,0.875
1964,9bbf0a9e8d47e6d77,True,,,,,,,,,,1.0,1.0,0.0,1.0,1.0,1.0,0.0,1.0,0.0,0.0
1965,e44f39d800c679960,True,,,,,,,,,,1.0,1.0,1.0,1.0,0.775786166779808,1.0,1.0,1.0,1.0,0.9299331771186901
1966,a382d4a158cc4f443,True,,,,,,,,,,1.0,1.0,1.0,1.0,0.6955293065824676,1.0,0.0,1.0,1.0,0.7798529083070211
1967,fb9996df723745a05,True,,,,,,,,,,1.0,1.0,1.0,1.0,1.0,1.0,0.0,1.0,0.0,0.75
1968,76cde40b4dab9f0f1,True,,,,,,,,,,0.0,0.0,1.0,1.0,1.0,0.0,1.0,1.0,0.0,0.0
1969,f7d4775bfad9dcab8,True,,,,,,,,,,1.0,1.0,1.0,1.0,1.0,1.0,0.0,1.0,1.0,0.875
1970,c3eabd6982ee224c4,True,,,,,,,,,,1.0,1.0,1.0,1.0,0.2739536490183008,1.0,0.0,1.0,1.0,0.648110515318219
1971,04d4f1277557232ce,True,,,,,,,,,,1.0,0.0,1.0,1.0,1.0,1.0,0.0,1.0,1.0,0.0
1972,dea13a804cc9407af,True,,,,,,,,,,1.0,1.0,1.0,1.0,0.496139644903502,1.0,1.0,1.0,1.0,0.8425436390323444
1973,2917a71e0e9572784,True,,,,,,,,,,1.0,1.0,1.0,1.0,0.835751450213384,1.0,0.0,1.0,1.0,0.8236723281916825
1974,b32be2ef15c6d9947,True,,,,,,,,,,1.0,0.0,1.0,1.0,0.8293474112587268,1.0,1.0,1.0,1.0,0.0
1975,5864544991537f112,True,,,,,,,,,,1.0,0.0,1.0,1.0,1.0,0.0,1.0,1.0,0.0,0.0
1976,e20ec0633fcd9af94,True,,,,,,,,,,1.0,1.0,1.0,1.0,0.7120874623232708,1.0,1.0,1.0,0.0,0.7850273319760221
1977,a1852737c84ea03fc,True,,,,,,,,,,1.0,0.0,1.0,1.0,0.6163708014023502,1.0,1.0,1.0,1.0,0.0
1978,70f0bbf667ad7bd9e,True,,,,,,,,,,1.0,1.0,1.0,1.0,0.9513823509075247,1.0,0.0,1.0,1.0,0.8598069846586014
1979,f8ca67d21e119b990,True,,,,,,,,,,1.0,1.0,1.0,1.0,1.0,1.0,0.0,1.0,1.0,0.875
1980,ff4cc095b1e90f672,True,,,,,,,,,,1.0,1.0,1.0,1.0,0.7664842983918579,1.0,1.0,1.0,1.0,0.9270263432474556
1981,46571d478b3c7bc57,True,,,,,,,,,,0.0,1.0,1.0,1.0,0.9741806039636758,0.0,1.0,1.0,1.0,0.0
1982,5b7d267fca157a9e6,True,,,,,,,,,,1.0,0.0,1.0,1.0,1.0,1.0,0.0,1.0,1.0,0.0
1983,e892cc466b54878c6,True,,,,,,,,,,1.0,0.0,0.0,1.0,1.0,1.0,0.0,1.0,0.0,0.0
1984,f0cb86afe097df891,True,,,,,,,,,,1.0,1.0,1.0,1.0,0.736751358125351,1.0,0.0,1.0,0.0,0.6677347994141722
1985,f86cff80de8851a4b,True,,,,,,,,,,1.0,1.0,1.0,1.0,0.8204428649477995,1.0,1.0,1.0,1.0,0.9438883952961874
1986,e78314605bf2c19c9,True,,,,,,,,,,1.0,0.0,1.0,1.0,1.0,1.0,1.0,1.0,1.0,0.0
1987,2913dab4565a29b87,True,,,,,,,,,,1.0,1.0,1.0,1.0,0.7272324486955346,1.0,0.0,0.0,0.0,0.5397601402173546
1988,cad5818510a871f22,True,,,,,,,,,,0.0,1.0,1.0,1.0,1.0,0.0,1.0,1.0,1.0,0.0
1989,21cc3fe26ab5be9ef,True,,,,,,,,,,1.0,1.0,1.0,1.0,0.6779199314597084,1.0,1.0,1.0,0.0,0.774349978581159
1990,86a97d3341cc8c198,True,,,,,,,,,,1.0,1.0,0.0,1.0,1.0,1.0,0.0,1.0,1.0,0.0
1991,9419f81f3116fcd08,True,,,,,,,,,,0.0,1.0,0.5,1.0,1.0,0.0,0.0,1.0,1.0,0.0
1992,4699eb47aa0ff2aa8,True,,,,,,,,,,0.0,1.0,0.5,1.0,1.0,0.0,0.0,1.0,0.0,0.0
1993,da13eae8d0d83af38,True,,,,,,,,,,1.0,0.0,1.0,1.0,1.0,1.0,0.0,1.0,1.0,0.0
1994,db7100201c9cbe2f6,True,,,,,,,,,,1.0,1.0,1.0,1.0,0.46141385280886055,1.0,1.0,1.0,1.0,0.831691829002769
1995,fc3f449099625878e,True,,,,,,,,,,1.0,1.0,1.0,1.0,0.7935749267554318,1.0,0.0,1.0,1.0,0.8104921646110724
1996,9c8f0339c698b9080,True,,,,,,,,,,1.0,1.0,0.0,1.0,0.7002610862802836,1.0,0.0,1.0,1.0,0.0
1997,7acdb574f1a885262,True,,,,,,,,,,1.0,1.0,1.0,1.0,0.8447332407257665,1.0,0.0,1.0,1.0,0.826479137726802
1998,1b26aaf90ef14383f,True,,,,,,,,,,1.0,1.0,1.0,1.0,1.0,0.0,1.0,1.0,1.0,0.6875
1999,ab30a09f899e6330e,True,,,,,,,,,,1.0,1.0,1.0,1.0,0.35099628665573995,1.0,1.0,1.0,0.0,0.6721863395799188
2000,b36a5e74ec4ae9574,True,,,,,,,,,,1.0,1.0,1.0,1.0,0.24386377790788896,1.0,1.0,1.0,1.0,0.7637074305962153
2001,7d544582497e9153d,True,,,,,,,,,,1.0,1.0,1.0,1.0,0.7039556397992426,1.0,1.0,1.0,1.0,0.9074861374372634
2002,fc4ca8b0a98a8fade,True,,,,,,,,,,0.0,1.0,1.0,1.0,1.0,0.0,0.0,1.0,0.0,0.0
2003,29b4bcae1bc32da3c,True,,,,,,,,,,1.0,0.0,1.0,1.0,0.563988041341071,1.0,1.0,1.0,0.0,0.0
2004,3e951c01a5baffd96,True,,,,,,,,,,1.0,1.0,1.0,1.0,1.0,1.0,0.0,1.0,1.0,0.875
2005,90060fb4a17c1e73a,True,,,,,,,,,,1.0,1.0,0.5,1.0,1.0,1.0,0.0,1.0,0.0,0.375
2006,96a58a5e3850d0b3d,True,,,,,,,,,,1.0,1.0,1.0,1.0,0.36141635816729306,1.0,1.0,1.0,1.0,0.8004426119272791
2007,5220d7e21ab6ff818,True,,,,,,,,,,1.0,0.0,1.0,1.0,0.3759612885487278,1.0,1.0,1.0,1.0,0.0
2008,ca9875b6ae5e08eed,True,,,,,,,,,,1.0,1.0,1.0,1.0,1.0,1.0,0.0,1.0,0.0,0.75
2009,5bd3f77bfdb480b75,True,,,,,,,,,,1.0,1.0,1.0,1.0,1.0,1.0,1.0,1.0,1.0,1.0
2010,b52e19bdb170f1078,True,,,,,,,,,,1.0,0.0,1.0,1.0,0.8574096376271494,1.0,1.0,1.0,1.0,0.0
2011,579b0b533f44a8dd1,True,,,,,,,,,,1.0,1.0,1.0,1.0,0.7125480303081183,1.0,0.0,1.0,0.0,0.660171259471287
2012,cecd0fc5ce59cf0d6,True,,,,,,,,,,1.0,1.0,1.0,1.0,0.39658115809194616,1.0,0.0,1.0,0.0,0.5614316119037331
2013,fd2cd8e0a11510837,True,,,,,,,,,,1.0,0.0,1.0,1.0,0.37342184109688864,1.0,0.0,1.0,1.0,0.0
2014,4562930d9a4d7543b,True,,,,,,,,,,1.0,1.0,1.0,1.0,0.42938510453294343,1.0,1.0,1.0,1.0,0.8216828451665448
2015,860bdda18ca280ead,True,,,,,,,,,,1.0,0.0,0.0,1.0,1.0,1.0,0.0,1.0,0.0,0.0
2016,89c18ed69c931aa0a,True,,,,,,,,,,1.0,1.0,1.0,1.0,0.5704872302186332,1.0,0.0,1.0,0.0,0.6157772594433228
2017,e2d605dbd1207f15f,True,,,,,,,,,,0.0,1.0,1.0,1.0,1.0,0.0,0.0,1.0,1.0,0.0
2018,ba66893d0046c895c,True,,,,,,,,,,1.0,1.0,1.0,1.0,1.0,1.0,0.0,1.0,1.0,0.875
2019,c4724d2f7e5d62357,True,,,,,,,,,,0.0,1.0,1.0,1.0,1.0,0.0,1.0,1.0,0.0,0.0
2020,bba03402f6222135f,True,,,,,,,,,,0.0,1.0,1.0,1.0,1.0,0.0,1.0,1.0,1.0,0.0
2021,dcb9f36fff6b09354,True,,,,,,,,,,1.0,1.0,1.0,1.0,0.8475133920765986,1.0,0.0,1.0,0.0,0.702347935023937
2022,194e5931bc902ac73,True,,,,,,,,,,1.0,1.0,1.0,1.0,1.0,1.0,0.0,1.0,0.0,0.75
2023,51468624f84655cc2,True,,,,,,,,,,1.0,0.0,1.0,1.0,0.8774284190546707,1.0,1.0,1.0,0.0,0.0
2024,2f6210cf0561159ae,True,,,,,,,,,,1.0,0.0,1.0,1.0,1.0,1.0,0.0,1.0,1.0,0.0
2025,6cca874fda7a3507a,True,,,,,,,,,,0.0,1.0,1.0,1.0,1.0,0.0,0.0,1.0,0.0,0.0
2026,1056c520c5f8da5e9,True,,,,,,,,,,1.0,1.0,1.0,1.0,1.0,1.0,1.0,1.0,1.0,1.0
2027,103886298090f6b5a,True,,,,,,,,,,0.0,1.0,1.0,1.0,1.0,0.0,0.0,1.0,1.0,0.0
2028,8a72c1ce26bcc476d,True,,,,,,,,,,0.0,1.0,1.0,1.0,0.9202278840193727,0.0,1.0,1.0,0.0,0.0
2029,977efa0295ed47613,True,,,,,,,,,,1.0,0.0,1.0,1.0,1.0,1.0,0.0,1.0,1.0,0.0
2030,9cbb06ac6bd21fc4c,True,,,,,,,,,,1.0,1.0,1.0,1.0,1.0,1.0,1.0,1.0,1.0,1.0
2031,94dbe6cad76160ef1,True,,,,,,,,,,0.0,1.0,1.0,1.0,1.0,0.0,1.0,1.0,1.0,0.0
2032,0369a23acb953eeac,True,,,,,,,,,,1.0,1.0,1.0,1.0,0.6992215293078293,1.0,1.0,1.0,1.0,0.9060067279086966
2033,2bf5a9368dfcf4f1a,True,,,,,,,,,,1.0,1.0,0.5,1.0,1.0,1.0,1.0,1.0,1.0,0.5
2034,161046c98f6b78205,True,,,,,,,,,,1.0,1.0,0.5,1.0,1.0,1.0,0.0,1.0,1.0,0.4375
2035,07a36d3f2100bc352,True,,,,,,,,,,1.0,1.0,1.0,1.0,1.0,1.0,0.0,1.0,1.0,0.875
2036,bf717edbbf1c0b8db,True,,,,,,,,,,1.0,1.0,0.0,1.0,1.0,1.0,0.0,1.0,0.0,0.0
2037,69f612044609b63d1,True,,,,,,,,,,1.0,1.0,1.0,1.0,0.9046980955564919,1.0,1.0,1.0,1.0,0.9702181548614037
2038,69f1ebdf6731c7c70,True,,,,,,,,,,1.0,1.0,1.0,1.0,1.0,1.0,1.0,1.0,0.0,0.875
2039,9f1d660e1e39a5197,True,,,,,,,,,,1.0,0.0,1.0,1.0,0.3881024583101857,0.0,0.0,1.0,0.0,0.0
2040,35cc09d55a37ee702,True,,,,,,,,,,1.0,1.0,1.0,1.0,0.4813089691278963,1.0,1.0,1.0,1.0,0.8379090528524675
2041,5c4cdaaf289584cd5,True,,,,,,,,,,1.0,0.0,1.0,1.0,1.0,1.0,1.0,1.0,1.0,0.0
2042,6a18b0260de73481a,True,,,,,,,,,,1.0,0.0,1.0,1.0,1.0,1.0,0.0,1.0,0.0,0.0
2043,c6834715d79ac54be,True,,,,,,,,,,0.0,0.0,1.0,1.0,1.0,0.0,1.0,1.0,1.0,0.0
2044,9faeca442f57af75b,True,,,,,,,,,,1.0,1.0,1.0,1.0,1.0,1.0,0.0,1.0,1.0,0.875
2045,c24ef0bd2ded98fef,True,,,,,,,,,,1.0,1.0,1.0,1.0,0.46431751664494925,1.0,0.0,1.0,1.0,0.7075992239515466
2046,96cad6ca7a1cc6e43,True,,,,,,,,,,1.0,1.0,1.0,1.0,0.46327553026068985,1.0,1.0,1.0,1.0,0.8322736032064656
2047,f594bad990074c0ce,True,,,,,,,,,,1.0,1.0,1.0,1.0,1.0,1.0,0.0,1.0,0.0,0.75
2048,8f284d670d5b623bf,True,,,,,,,,,,1.0,1.0,1.0,1.0,0.6553322127395775,1.0,1.0,1.0,0.0,0.7672913164811179
2049,8a5a158e9d0cf7649,True,,,,,,,,,,0.0,1.0,1.0,1.0,1.0,0.0,1.0,1.0,0.0,0.0
2050,a1467b53499fa05f6,True,,,,,,,,,,1.0,0.0,1.0,1.0,1.0,1.0,0.0,1.0,0.0,0.0
2051,bd7d7120ca6491008,True,,,,,,,,,,1.0,1.0,1.0,1.0,1.0,1.0,1.0,1.0,1.0,1.0
2052,a6f5d379f32e1dd9a,True,,,,,,,,,,1.0,1.0,1.0,1.0,0.7083255265315505,1.0,1.0,1.0,1.0,0.9088517270411095
2053,4ea8e51fd89a2e0aa,True,,,,,,,,,,0.5,0.0,0.0,1.0,1.0,0.0,0.0,1.0,0.0,0.0
2054,43dd11b817c6bdaa8,True,,,,,,,,,,1.0,1.0,1.0,1.0,1.0,1.0,0.0,1.0,1.0,0.875
2055,372a537447f7672b9,True,,,,,,,,,,1.0,1.0,1.0,1.0,0.8845876897853625,1.0,1.0,1.0,0.0,0.8389336530579258
2056,dc18fd577680f44b9,True,,,,,,,,,,0.0,1.0,1.0,1.0,0.47320757531874014,0.0,0.0,1.0,0.0,0.0
2057,e5f874a384d04ada1,True,,,,,,,,,,1.0,0.0,0.0,1.0,1.0,1.0,0.0,1.0,0.0,0.0
2058,eb588d2e3b1e3409d,True,,,,,,,,,,1.0,1.0,1.0,1.0,0.9345203822607823,1.0,0.0,1.0,1.0,0.8545376194564944
2059,ea7e06440b39909f9,True,,,,,,,,,,1.0,1.0,1.0,1.0,0.7706694614075524,1.0,1.0,1.0,1.0,0.9283342066898601
2060,8aabedd8189160e6a,True,,,,,,,,,,1.0,1.0,1.0,1.0,0.5794286024222582,1.0,0.0,1.0,0.0,0.6185714382569557
2061,bf14f0399e0ccf645,True,,,,,,,,,,1.0,0.0,0.5,1.0,0.4666734871652723,1.0,1.0,1.0,1.0,0.0
2062,616dcf87ca891dd84,True,,,,,,,,,,0.0,1.0,1.0,1.0,1.0,0.0,0.0,1.0,0.0,0.0
2063,8cc221e21b07d66db,True,,,,,,,,,,0.0,1.0,1.0,1.0,1.0,0.0,0.0,0.0,0.0,0.0
2064,b58b6d88823cf8754,True,,,,,,,,,,0.0,1.0,1.0,1.0,1.0,0.0,0.0,1.0,1.0,0.0
2065,aa598127cd934aa23,True,,,,,,,,,,1.0,1.0,1.0,1.0,0.5509109667279705,1.0,1.0,1.0,1.0,0.8596596771024908
2066,a092442b5e964fcce,True,,,,,,,,,,0.0,0.0,1.0,1.0,1.0,0.0,0.0,1.0,0.0,0.0
2067,e7e93c5b22cdc4824,True,,,,,,,,,,1.0,0.0,0.5,1.0,0.4729318447540339,1.0,1.0,1.0,0.0,0.0
2068,afb926f0852a51d14,True,,,,,,,,,,1.0,0.0,1.0,1.0,0.9190420038037487,1.0,1.0,1.0,1.0,0.0
2069,95617d9c8d0165269,True,,,,,,,,,,1.0,0.0,0.0,1.0,0.6564088988897783,1.0,1.0,1.0,1.0,0.0
2070,08bcd54c271622666,True,,,,,,,,,,1.0,1.0,1.0,1.0,0.3362710901518733,1.0,1.0,1.0,1.0,0.7925847156724604
2071,07675a8f705892e3b,True,,,,,,,,,,1.0,1.0,1.0,1.0,1.0,1.0,1.0,1.0,0.0,0.875
2072,34e7a39f33ba4f108,True,,,,,,,,,,1.0,1.0,1.0,1.0,1.0,1.0,1.0,1.0,1.0,1.0
2073,b88788ff5a11cb94f,True,,,,,,,,,,1.0,1.0,1.0,1.0,0.38877088797826176,1.0,1.0,1.0,0.0,0.6839909024932068
2074,fcfbdd618540644fa,True,,,,,,,,,,1.0,0.0,0.0,1.0,1.0,1.0,1.0,0.0,0.0,0.0
2075,f5751be1c6f840216,True,,,,,,,,,,1.0,0.0,0.0,1.0,1.0,1.0,0.0,1.0,1.0,0.0
2076,2f12a482af4499e20,True,,,,,,,,,,1.0,1.0,1.0,1.0,0.8117551169628981,1.0,1.0,1.0,1.0,0.9411734740509057
2077,cd486e24ba631556c,True,,,,,,,,,,1.0,0.0,1.0,1.0,0.36652252065241503,1.0,0.0,1.0,1.0,0.0
2078,8975720088d1d70ea,True,,,,,,,,,,1.0,0.0,0.0,1.0,0.5761320084041857,1.0,0.0,1.0,0.0,0.0
2079,703b1c2f2088dc549,True,,,,,,,,,,0.0,1.0,1.0,1.0,1.0,0.0,1.0,1.0,1.0,0.0
2080,a04d1509b1d00db31,True,,,,,,,,,,1.0,0.0,1.0,1.0,1.0,1.0,1.0,1.0,1.0,0.0
2081,5cd83ccdc4993016d,True,,,,,,,,,,1.0,1.0,1.0,1.0,0.8726202014726924,1.0,0.0,1.0,1.0,0.8351938129602163
2082,473600f4c7f5be5c9,True,,,,,,,,,,1.0,1.0,1.0,1.0,0.8422898448796515,1.0,0.0,1.0,0.0,0.7007155765248911
2083,8a8e36fc6f3133ab1,True,,,,,,,,,,1.0,0.0,0.5,1.0,1.0,1.0,0.0,1.0,0.0,0.0
2084,9fd492f6ce88318ef,True,,,,,,,,,,1.0,1.0,1.0,1.0,0.8550348856410925,1.0,1.0,1.0,0.0,0.8296984017628415
2085,50c3efa45ebc549ab,True,,,,,,,,,,1.0,1.0,1.0,1.0,0.8843488858000151,1.0,0.0,1.0,1.0,0.8388590268125047
2086,66f2ad1b5f1ca119d,True,,,,,,,,,,1.0,1.0,1.0,1.0,0.6577233030313736,1.0,0.0,1.0,1.0,0.7680385321973042
2087,8d59e8ecb60e11b5b,True,,,,,,,,,,1.0,1.0,1.0,1.0,0.8665203263523665,1.0,0.0,1.0,1.0,0.8332876019851145
2088,93f8dde94dbff4d7d,True,,,,,,,,,,1.0,1.0,1.0,1.0,0.48925550161159564,1.0,1.0,1.0,1.0,0.8403923442536236
2089,fbf4ec49ea2272ba1,True,,,,,,,,,,1.0,1.0,1.0,1.0,0.9209782127664772,1.0,0.0,1.0,0.0,0.7253056914895242
2090,5fe4444b0088c0e14,True,,,,,,,,,,1.0,1.0,1.0,1.0,0.5515536185520108,1.0,1.0,1.0,1.0,0.8598605057975034
2091,d4c12619399c7d2e4,True,,,,,,,,,,1.0,1.0,1.0,1.0,0.7606736888324841,1.0,0.0,1.0,1.0,0.8002105277601512
2092,0128e6a2b97ff89b5,True,,,,,,,,,,0.0,1.0,1.0,1.0,1.0,0.0,0.0,1.0,1.0,0.0
2093,fe46394908bea81b9,True,,,,,,,,,,1.0,0.0,1.0,1.0,0.7632620169208809,1.0,1.0,1.0,1.0,0.0
2094,3df563a8c00556068,True,,,,,,,,,,1.0,1.0,1.0,1.0,0.5285057041320912,1.0,1.0,1.0,1.0,0.8526580325412785
2095,a67f897e584962db9,True,,,,,,,,,,0.0,1.0,0.5,1.0,0.8227303889866101,0.0,1.0,1.0,1.0,0.0
2096,49dbbe879efac0da9,True,,,,,,,,,,1.0,1.0,0.0,1.0,1.0,1.0,0.0,1.0,1.0,0.0
2097,f6439042fbc2b78de,True,,,,,,,,,,1.0,0.0,1.0,1.0,0.6844240490268344,1.0,1.0,1.0,0.0,0.0
2098,dfb0b00c1c3dcaa0a,True,,,,,,,,,,1.0,1.0,0.5,1.0,1.0,1.0,0.0,1.0,1.0,0.4375
2099,c41d6466acee52a7f,True,,,,,,,,,,1.0,1.0,1.0,1.0,0.9355800219712577,1.0,0.0,1.0,0.0,0.729868756866018
2100,ca78ccfc1f366ca72,True,,,,,,,,,,0.0,1.0,0.0,1.0,1.0,0.0,0.0,1.0,1.0,0.0
2101,fd157e67d430fdab3,True,,,,,,,,,,0.0,1.0,1.0,1.0,1.0,0.0,0.0,1.0,0.0,0.0
2102,1cdb5f8486a6e3a2b,True,,,,,,,,,,1.0,1.0,1.0,1.0,1.0,0.0,1.0,1.0,1.0,0.6875
2103,4082fe517c4e84c40,True,,,,,,,,,,1.0,0.0,1.0,1.0,0.9077418624423068,1.0,1.0,1.0,1.0,0.0
2104,d917882ea2d51f02c,True,,,,,,,,,,1.0,1.0,0.5,1.0,0.8861652860670047,1.0,0.0,1.0,0.0,0.3572133259479695
2105,2ec229f35727f71c8,True,,,,,,,,,,1.0,1.0,1.0,1.0,0.8123355134990198,0.0,0.0,1.0,0.0,0.3788548479684437
2106,554adddfca63d6fe8,True,,,,,,,,,,1.0,1.0,1.0,1.0,0.6381496583020262,1.0,1.0,1.0,0.0,0.7619217682193832
2107,7928a371230bc1be6,True,,,,,,,,,,0.0,1.0,1.0,1.0,1.0,0.0,1.0,1.0,1.0,0.0
2108,cdf1706038e1c4e1c,True,,,,,,,,,,1.0,0.0,1.0,1.0,0.6414711792332632,1.0,0.0,1.0,0.0,0.0
2109,d89331799987b6909,True,,,,,,,,,,0.0,1.0,1.0,1.0,1.0,0.0,1.0,0.0,0.0,0.0
2110,3b2fcd8bf613ba28f,True,,,,,,,,,,1.0,1.0,1.0,1.0,0.3113057469714793,1.0,0.0,1.0,1.0,0.6597830459285873
2111,65340cec441efc0c2,True,,,,,,,,,,1.0,0.0,1.0,1.0,0.4554981673717175,1.0,1.0,1.0,0.0,0.0
2112,129e42105cbb4c354,True,,,,,,,,,,1.0,1.0,1.0,1.0,0.1480723450490978,1.0,1.0,1.0,1.0,0.733772607827843
2113,7c1d966d6a3783a65,True,,,,,,,,,,1.0,1.0,1.0,1.0,0.7113160135032724,1.0,0.0,1.0,1.0,0.7847862542197727
2114,c6e091204feb3069c,True,,,,,,,,,,1.0,1.0,1.0,1.0,0.5725580884923297,1.0,1.0,1.0,1.0,0.866424402653853
2115,2eab4bf554ebec232,True,,,,,,,,,,0.0,1.0,1.0,1.0,1.0,0.0,0.0,1.0,1.0,0.0
2116,46ccc7e9752595671,True,,,,,,,,,,1.0,0.0,1.0,1.0,0.6424925038999899,1.0,0.0,1.0,1.0,0.0
2117,4afd4718ce4caab2c,True,,,,,,,,,,1.0,0.0,1.0,1.0,0.6844819559939188,1.0,1.0,1.0,1.0,0.0
2118,1b905261d3f70d1f0,True,,,,,,,,,,1.0,1.0,1.0,1.0,0.4311522702125077,1.0,1.0,1.0,1.0,0.8222350844414086
2119,68bca311e7f195048,True,,,,,,,,,,1.0,1.0,1.0,1.0,0.7449900997086809,0.0,1.0,1.0,1.0,0.6078094061589627
2120,f9ab90e6bba95734a,True,,,,,,,,,,1.0,1.0,1.0,1.0,0.28172170285753,1.0,1.0,1.0,1.0,0.7755380321429781
2121,f7e01b97b6868da57,True,,,,,,,,,,1.0,1.0,1.0,1.0,0.9207034014400867,1.0,0.0,1.0,1.0,0.8502198129500271
2122,2c06706ac4ab7c708,True,,,,,,,,,,0.0,1.0,1.0,1.0,1.0,0.0,0.0,1.0,1.0,0.0
2123,a4a30a8fdac11dd71,True,,,,,,,,,,1.0,1.0,1.0,1.0,0.7036366796849605,1.0,1.0,1.0,1.0,0.9073864624015502
2124,99dfc5eae6278dfec,True,,,,,,,,,,0.0,1.0,0.0,1.0,0.7225578935411828,0.0,0.0,1.0,1.0,0.0
2125,ffa71fc1b5b55f4ea,True,,,,,,,,,,1.0,1.0,1.0,1.0,0.768074043962688,1.0,0.0,1.0,0.0,0.67752313873834
2126,e4dc487d828f489c8,True,,,,,,,,,,1.0,1.0,1.0,1.0,0.6891774804877825,1.0,1.0,1.0,1.0,0.9028679626524321
2127,9632710f733828256,True,,,,,,,,,,1.0,1.0,1.0,1.0,0.7494172320566207,1.0,0.0,1.0,1.0,0.796692885017694
2128,0105e5486cfb69483,True,,,,,,,,,,1.0,1.0,1.0,1.0,0.520863249557628,1.0,1.0,1.0,0.0,0.7252697654867588
2129,49538162999026026,True,,,,,,,,,,1.0,0.0,1.0,1.0,1.0,1.0,0.0,1.0,1.0,0.0
2130,966546464755fdfad,True,,,,,,,,,,1.0,1.0,1.0,1.0,0.8374496677699917,1.0,1.0,1.0,0.0,0.8242030211781224
2131,355219fd5c589d7e5,True,,,,,,,,,,0.0,1.0,0.5,1.0,1.0,0.0,0.0,1.0,1.0,0.0
2132,10cc41fbc38a43481,True,,,,,,,,,,1.0,1.0,1.0,1.0,0.5346277074224863,1.0,1.0,1.0,0.0,0.729571158569527
2133,933ba8311a18f9035,True,,,,,,,,,,1.0,1.0,1.0,1.0,0.524625043223531,1.0,0.0,1.0,1.0,0.7264453260073535
2134,0cd1d84434c6f5d44,True,,,,,,,,,,0.0,0.0,0.0,1.0,1.0,0.0,0.0,1.0,0.0,0.0
2135,879334719374ec947,True,,,,,,,,,,0.0,1.0,1.0,1.0,0.8110814673356986,0.0,1.0,1.0,1.0,0.0
2136,34bba0aaea8099d53,True,,,,,,,,,,1.0,1.0,1.0,1.0,1.0,1.0,0.0,1.0,1.0,0.875
2137,a52a1bf87700c06b5,True,,,,,,,,,,1.0,1.0,1.0,1.0,1.0,1.0,0.0,1.0,0.0,0.75
2138,232e7693cefbcf60f,True,,,,,,,,,,1.0,1.0,1.0,1.0,0.8691938466608017,1.0,0.0,1.0,1.0,0.8341230770815005
2139,a0b8747e5af0f2b1d,True,,,,,,,,,,1.0,0.0,1.0,1.0,1.0,1.0,1.0,1.0,0.0,0.0
2140,dd0ed1239e6562358,True,,,,,,,,,,1.0,0.0,0.0,1.0,1.0,1.0,0.0,1.0,0.0,0.0
2141,1572e57c1e71e8774,True,,,,,,,,,,1.0,1.0,1.0,1.0,0.46693300580790875,1.0,1.0,1.0,0.0,0.7084165643149715
2142,44af46da795f58fa1,True,,,,,,,,,,1.0,1.0,1.0,1.0,0.6441599645053043,1.0,1.0,1.0,1.0,0.8887999889079076
2143,1b9be7126769fdb92,True,,,,,,,,,,0.0,1.0,1.0,1.0,1.0,0.0,1.0,1.0,0.0,0.0
2144,a33fa10f772275b4a,True,,,,,,,,,,0.0,1.0,1.0,1.0,1.0,0.0,0.0,1.0,1.0,0.0
2145,ddfce47695493c151,True,,,,,,,,,,0.0,0.0,0.5,1.0,1.0,0.0,0.0,1.0,1.0,0.0
2146,da02d1fbeb2cec70a,True,,,,,,,,,,1.0,0.0,0.0,1.0,1.0,0.0,1.0,0.0,0.0,0.0
2147,24e6339c5f9336f36,True,,,,,,,,,,1.0,1.0,1.0,1.0,0.7519292165158104,1.0,1.0,1.0,1.0,0.9224778801611907
2148,28d6fffc098e43af8,True,,,,,,,,,,1.0,1.0,1.0,0.0,0.8091586146601686,1.0,0.0,1.0,1.0,0.0
2149,710fa6e57a23bba80,True,,,,,,,,,,1.0,1.0,1.0,1.0,0.801894732649731,1.0,0.0,1.0,0.0,0.688092103953041
2150,015f3c215167f64d9,True,,,,,,,,,,1.0,0.0,1.0,1.0,0.8375127453378611,1.0,0.0,1.0,0.0,0.0
2151,f27131cc726cc7eb7,True,,,,,,,,,,1.0,1.0,1.0,1.0,0.3941910460924078,1.0,1.0,1.0,1.0,0.8106847019038774
2152,c35d767a796986c02,True,,,,,,,,,,0.0,1.0,0.5,1.0,1.0,0.0,0.0,1.0,0.0,0.0
2153,a7ac5526d9ab827a7,True,,,,,,,,,,1.0,1.0,1.0,1.0,1.0,1.0,1.0,1.0,0.0,0.875
2154,c950df7be837da65b,True,,,,,,,,,,1.0,1.0,1.0,1.0,1.0,1.0,1.0,1.0,1.0,1.0
2155,6eed4a0dccbd058f7,True,,,,,,,,,,1.0,0.0,1.0,1.0,0.8193287960206901,1.0,0.0,1.0,0.0,0.0
2156,6e7f645a1e9a9337a,True,,,,,,,,,,0.0,0.0,1.0,1.0,1.0,0.0,0.0,1.0,1.0,0.0
2157,71c904391b4dd4412,True,,,,,,,,,,1.0,1.0,1.0,1.0,0.6262005203699944,1.0,1.0,1.0,1.0,0.8831876626156232
2158,2ba1cba17d48212d7,True,,,,,,,,,,0.5,1.0,1.0,1.0,1.0,0.0,1.0,1.0,1.0,0.34375
2159,fad1ad3bce41df4d9,True,,,,,,,,,,1.0,1.0,1.0,1.0,0.46437363889402095,1.0,0.0,1.0,0.0,0.5826167621543815
2160,c8443f5a68a70d97c,True,,,,,,,,,,1.0,1.0,0.0,1.0,1.0,1.0,0.0,1.0,1.0,0.0
2161,4304662a687a53d30,True,,,,,,,,,,1.0,1.0,1.0,1.0,0.31181337602061043,1.0,1.0,1.0,1.0,0.7849416800064408
2162,7eb1127a01c79ed76,True,,,,,,,,,,1.0,0.0,1.0,1.0,0.6900983828072529,1.0,1.0,1.0,1.0,0.0
2163,4ff48fa4e19774be7,True,,,,,,,,,,0.0,1.0,1.0,1.0,0.41427405273336854,0.0,0.0,1.0,1.0,0.0
2164,0c9af5dd9b0259374,True,,,,,,,,,,0.0,1.0,1.0,0.0,1.0,0.0,1.0,1.0,0.0,0.0
2165,942c13a25166d5723,True,,,,,,,,,,1.0,0.0,1.0,1.0,0.902123999434793,1.0,1.0,1.0,0.0,0.0
2166,17f2adbc3fb3e02c2,True,,,,,,,,,,1.0,1.0,1.0,1.0,0.6690167133840731,1.0,1.0,1.0,0.0,0.7715677229325228
2167,74e4cc639249b885a,True,,,,,,,,,,1.0,1.0,1.0,1.0,1.0,1.0,1.0,1.0,1.0,1.0
2168,8f18f5e39ad7208bd,True,,,,,,,,,,1.0,1.0,1.0,1.0,0.9372031362282457,1.0,0.0,1.0,1.0,0.8553759800713268
2169,a67e740ebc3efc17e,True,,,,,,,,,,1.0,0.0,1.0,1.0,1.0,1.0,0.0,1.0,1.0,0.0
2170,eab8a152f7ae593ae,True,,,,,,,,,,0.0,1.0,0.0,1.0,1.0,0.0,0.0,1.0,1.0,0.0
2171,f5d0746ef157601ff,True,,,,,,,,,,1.0,1.0,1.0,1.0,0.6092428928535346,1.0,1.0,1.0,1.0,0.8778884040167296
2172,59ea6f742dc62b430,True,,,,,,,,,,1.0,0.0,1.0,1.0,0.5753892244488901,1.0,0.0,1.0,1.0,0.0
2173,6565c4983e9b3670b,True,,,,,,,,,,1.0,1.0,1.0,1.0,0.6683420527987578,1.0,0.0,1.0,0.0,0.6463568914996118
2174,5c17574f067aa995c,True,,,,,,,,,,1.0,0.0,1.0,1.0,1.0,1.0,1.0,1.0,1.0,0.0
2175,1703c3627d09cd9f3,True,,,,,,,,,,1.0,1.0,1.0,1.0,1.0,1.0,1.0,1.0,0.0,0.875
2176,7e21d3337e4e59b97,True,,,,,,,,,,1.0,1.0,1.0,1.0,0.7051732825243525,1.0,1.0,1.0,1.0,0.9078666507888602
2177,99fefc4b387e5553a,True,,,,,,,,,,1.0,0.0,0.5,1.0,1.0,1.0,1.0,1.0,0.0,0.0
2178,bf39b618ccc33f36a,True,,,,,,,,,,0.0,1.0,1.0,1.0,0.7935655914485522,0.0,0.0,1.0,1.0,0.0
2179,3029efd936ffc0d0d,True,,,,,,,,,,1.0,0.0,1.0,1.0,0.3603997597998312,1.0,0.0,1.0,1.0,0.0
2180,697d22c3f19ab6820,True,,,,,,,,,,1.0,1.0,1.0,1.0,0.6511278862072921,1.0,0.0,1.0,1.0,0.7659774644397788
2181,c99ebd2dc27c56b12,True,,,,,,,,,,1.0,0.0,0.5,1.0,1.0,1.0,0.0,1.0,1.0,0.0
2182,d64a870652e64162c,True,,,,,,,,,,1.0,1.0,1.0,1.0,0.7208961623775741,1.0,0.0,1.0,1.0,0.787780050742992
2183,96a372a94c983cb06,True,,,,,,,,,,1.0,0.0,1.0,1.0,0.6889928124721475,1.0,1.0,1.0,0.0,0.0
2184,dbde88bcc1367bd88,True,,,,,,,,,,1.0,1.0,1.0,1.0,0.9189599882474286,1.0,1.0,1.0,0.0,0.8496749963273215
2185,df1a0f92cba6a82a6,True,,,,,,,,,,1.0,1.0,1.0,1.0,0.5684180004337724,1.0,1.0,1.0,0.0,0.7401306251355539
2186,bb46fbd459543e9c1,True,,,,,,,,,,1.0,0.0,1.0,1.0,0.9002753376632188,1.0,1.0,1.0,1.0,0.0
2187,78501e6f18988cb91,True,,,,,,,,,,0.0,0.0,1.0,1.0,1.0,0.0,0.0,1.0,1.0,0.0
2188,7db120c56ed98be5a,True,,,,,,,,,,0.0,1.0,1.0,1.0,1.0,0.0,1.0,1.0,0.0,0.0
2189,cac170c5a828b564b,True,,,,,,,,,,1.0,1.0,1.0,1.0,0.7021854613881738,1.0,1.0,1.0,1.0,0.9069329566838044
2190,0f9705c901c463e2c,True,,,,,,,,,,1.0,1.0,1.0,1.0,0.7935137272820734,1.0,1.0,1.0,0.0,0.8104730397756479
2191,5421fa2f2e2b4cb13,True,,,,,,,,,,1.0,1.0,1.0,1.0,1.0,1.0,0.0,1.0,1.0,0.875
2192,51539f7b502dc9ffd,True,,,,,,,,,,1.0,1.0,1.0,1.0,1.0,1.0,1.0,1.0,1.0,1.0
2193,ff6be79e6135c5fe5,True,,,,,,,,,,1.0,1.0,1.0,1.0,0.7003334799034832,1.0,1.0,1.0,0.0,0.7813542124698385
2194,4de6ba672dc37ec25,True,,,,,,,,,,1.0,1.0,1.0,1.0,1.0,1.0,0.0,1.0,1.0,0.875
2195,34c0cbcc136c66c89,True,,,,,,,,,,1.0,1.0,1.0,1.0,0.7367029048609771,1.0,0.0,1.0,1.0,0.7927196577690554
2196,c1c2f041cb05320b6,True,,,,,,,,,,1.0,1.0,0.5,1.0,1.0,1.0,0.0,1.0,0.0,0.375
2197,819c74509b391434b,True,,,,,,,,,,1.0,1.0,1.0,1.0,0.7958508429959,1.0,0.0,1.0,0.0,0.6862033884362188
2198,99c29f3c8b69eab4e,True,,,,,,,,,,1.0,1.0,1.0,1.0,0.3094627819599779,1.0,0.0,1.0,1.0,0.6592071193624931
2199,9105cbfa672b3e348,True,,,,,,,,,,1.0,1.0,1.0,1.0,1.0,1.0,0.0,1.0,0.0,0.75
2200,2ef69b84551e22eb2,True,,,,,,,,,,1.0,0.0,1.0,1.0,0.6510315156997682,1.0,1.0,1.0,1.0,0.0
2201,8fa659be9812d12ac,True,,,,,,,,,,1.0,1.0,1.0,1.0,1.0,1.0,1.0,1.0,1.0,1.0
2202,bc730296c22859127,True,,,,,,,,,,1.0,1.0,1.0,1.0,0.7618789428444708,1.0,1.0,1.0,1.0,0.9255871696388971
2203,9ed233c4d30f0d7d9,True,,,,,,,,,,1.0,1.0,1.0,1.0,1.0,1.0,0.0,1.0,0.0,0.75
2204,7f77d13ba2f205d87,True,,,,,,,,,,1.0,1.0,1.0,1.0,0.3601438931147095,1.0,1.0,1.0,0.0,0.6750449665983467
2205,277e3887919b46cb1,True,,,,,,,,,,1.0,1.0,1.0,1.0,0.8341670494192447,1.0,0.0,1.0,1.0,0.823177202943514
2206,d50c124d290a31078,True,,,,,,,,,,1.0,0.0,0.0,1.0,1.0,1.0,0.0,1.0,0.0,0.0
2207,c7690543523741cf3,True,,,,,,,,,,0.0,1.0,1.0,1.0,1.0,0.0,1.0,1.0,1.0,0.0
2208,87c28ad76ca252469,True,,,,,,,,,,0.0,1.0,1.0,1.0,1.0,0.0,0.0,1.0,1.0,0.0
2209,f549933443a3744d4,True,,,,,,,,,,1.0,1.0,1.0,1.0,0.7959385345965109,1.0,0.0,1.0,1.0,0.8112307920614097
2210,33acea7dafc3e280a,True,,,,,,,,,,1.0,1.0,1.0,1.0,1.0,1.0,0.0,1.0,1.0,0.875
2211,b7161060a1ad34cc6,True,,,,,,,,,,1.0,0.0,0.0,1.0,1.0,1.0,0.0,1.0,0.0,0.0
2212,f41a422f052cd19d9,True,,,,,,,,,,1.0,0.0,0.0,1.0,1.0,1.0,1.0,1.0,1.0,0.0
2213,a2c78b96705709dc4,True,,,,,,,,,,1.0,1.0,1.0,1.0,1.0,1.0,0.0,1.0,1.0,0.875
2214,961c057965f6951d8,True,,,,,,,,,,1.0,1.0,1.0,1.0,0.8631378727889304,1.0,0.0,1.0,0.0,0.7072305852465408
2215,ac7a491ea6609fc90,True,,,,,,,,,,1.0,1.0,0.5,1.0,0.8779238088184531,1.0,1.0,1.0,1.0,0.4809255951278833
2216,23ab167e45e62295f,True,,,,,,,,,,1.0,0.0,1.0,1.0,1.0,1.0,1.0,1.0,0.0,0.0
2217,fbcd36a566009598c,True,,,,,,,,,,1.0,1.0,0.0,1.0,1.0,1.0,0.0,1.0,1.0,0.0
2218,0d61761d225f31579,True,,,,,,,,,,1.0,1.0,1.0,1.0,1.0,1.0,0.0,1.0,0.0,0.75
2219,c725d6fa44dc9c6d6,True,,,,,,,,,,0.0,1.0,1.0,1.0,1.0,0.0,1.0,1.0,1.0,0.0
2220,ce6402fbad2038696,True,,,,,,,,,,1.0,0.0,0.5,1.0,1.0,1.0,0.0,0.0,1.0,0.0
2221,66d4f1e7e5ab29631,True,,,,,,,,,,1.0,0.0,1.0,1.0,0.7877534666057056,0.0,1.0,1.0,0.0,0.0
2222,7a7fa75bb756308ba,True,,,,,,,,,,1.0,1.0,1.0,1.0,1.0,1.0,0.0,1.0,1.0,0.875
2223,48b8608248fe082c2,True,,,,,,,,,,1.0,1.0,1.0,1.0,1.0,1.0,1.0,1.0,0.0,0.875
2224,82fb1914f91a82579,True,,,,,,,,,,1.0,0.0,1.0,1.0,0.844538598315979,1.0,0.0,1.0,1.0,0.0
2225,c73e5118fba3f9c3f,True,,,,,,,,,,1.0,1.0,1.0,1.0,0.6080952184018087,1.0,0.0,1.0,1.0,0.7525297557505652
2226,fb2b568b2a055b83c,True,,,,,,,,,,1.0,1.0,1.0,1.0,0.6877737141151556,1.0,1.0,1.0,1.0,0.9024292856609861
2227,eac3cd256c959f2bc,True,,,,,,,,,,1.0,1.0,1.0,1.0,0.5815859230165367,1.0,1.0,1.0,0.0,0.7442456009426677
2228,8be69e03781f4c138,True,,,,,,,,,,1.0,1.0,1.0,1.0,0.8286442157897052,1.0,1.0,1.0,1.0,0.9464513174342828
2229,3e2f29d51ba0c82c3,True,,,,,,,,,,1.0,1.0,1.0,1.0,0.7481372166392278,1.0,1.0,1.0,0.0,0.7962928801997586
2230,f8d618822ef33e7b0,True,,,,,,,,,,1.0,1.0,1.0,1.0,0.6460900638890225,1.0,1.0,1.0,0.0,0.7644031449653195
2231,4b9efbcd44942d553,True,,,,,,,,,,1.0,1.0,1.0,1.0,0.510437610914785,1.0,1.0,1.0,0.0,0.7220117534108703
2232,25c0bd003a55fd341,True,,,,,,,,,,1.0,1.0,1.0,1.0,0.6026552260424078,1.0,1.0,1.0,1.0,0.8758297581382525
2233,40a1b839fda812527,True,,,,,,,,,,1.0,0.0,1.0,1.0,1.0,1.0,1.0,1.0,0.0,0.0
2234,22a3ae905426058d2,True,,,,,,,,,,1.0,1.0,0.0,1.0,1.0,1.0,0.0,1.0,1.0,0.0
2235,1c968570d73ed5505,True,,,,,,,,,,1.0,1.0,1.0,1.0,0.8093944867858263,1.0,1.0,1.0,1.0,0.9404357771205707
2236,46cb7915dd2c8bddc,True,,,,,,,,,,1.0,1.0,1.0,1.0,0.7765809012372662,1.0,0.0,1.0,0.0,0.6801815316366457
2237,86946a7ffef3ac7b0,True,,,,,,,,,,1.0,1.0,1.0,1.0,0.4156863254131381,1.0,0.0,1.0,0.0,0.5674019766916056
2238,1a221329baff3bfe2,True,,,,,,,,,,1.0,1.0,1.0,1.0,0.9323874525926756,1.0,1.0,1.0,1.0,0.9788710789352111
2239,975103a3e89ae4e4b,True,,,,,,,,,,1.0,1.0,1.0,1.0,0.5902983825983985,1.0,1.0,1.0,0.0,0.7469682445619995
2240,e92394471671ed533,True,,,,,,,,,,1.0,1.0,1.0,1.0,0.32254209132160544,1.0,1.0,1.0,1.0,0.7882944035380017
2241,0005b7348b80106e2,True,,,,,,,,,,1.0,1.0,1.0,1.0,1.0,1.0,1.0,1.0,1.0,1.0
2242,e8b8ef9bb7f4bdccb,True,,,,,,,,,,1.0,1.0,1.0,1.0,1.0,1.0,0.0,1.0,0.0,0.75
2243,67c191e1da4b23c8a,True,,,,,,,,,,1.0,1.0,1.0,1.0,0.5583786369201619,1.0,0.0,1.0,1.0,0.7369933240375506
2244,51382084e8c016080,True,,,,,,,,,,1.0,1.0,0.0,1.0,0.7477104267406625,1.0,0.0,1.0,1.0,0.0
2245,727fa1e7c8aa0cdc1,True,,,,,,,,,,1.0,1.0,1.0,1.0,0.4295600047278906,1.0,0.0,1.0,0.0,0.5717375014774658
2246,aede15abec43ca21b,True,,,,,,,,,,1.0,0.0,1.0,1.0,1.0,1.0,0.0,1.0,0.0,0.0
2247,934dcf983849279e2,True,,,,,,,,,,1.0,0.0,1.0,1.0,0.7514914997555661,1.0,1.0,1.0,0.0,0.0
2248,bc3c63c0479feee36,True,,,,,,,,,,1.0,1.0,1.0,1.0,0.7546134280678882,1.0,0.0,1.0,0.0,0.673316696271215
2249,1ad6a12ee1c381847,True,,,,,,,,,,1.0,1.0,1.0,1.0,1.0,1.0,0.0,1.0,0.0,0.75
2250,60bb87853fd5997e5,True,,,,,,,,,,1.0,1.0,1.0,1.0,0.4649637052511968,1.0,1.0,1.0,1.0,0.8328011578909991
2251,eeb4b0334d12c4c0f,True,,,,,,,,,,1.0,1.0,1.0,1.0,0.8167762500583181,1.0,1.0,1.0,0.0,0.8177425781432244
2252,7f2c914bf8b40c7b7,True,,,,,,,,,,1.0,1.0,1.0,1.0,0.626389149020161,1.0,1.0,1.0,0.0,0.7582466090688003
2253,f155a28a11bdfe4d3,True,,,,,,,,,,0.0,1.0,1.0,1.0,1.0,0.0,1.0,1.0,1.0,0.0
2254,507ff750eaaf02bd0,True,,,,,,,,,,1.0,0.0,1.0,1.0,0.8989352341505732,1.0,1.0,1.0,1.0,0.0
2255,bdc5b1c53a1749c9d,True,,,,,,,,,,0.5,0.0,0.0,1.0,1.0,0.0,0.0,1.0,0.0,0.0
2256,7e241b2390105cdb3,True,,,,,,,,,,1.0,1.0,0.0,1.0,0.7310350125757822,1.0,0.0,1.0,1.0,0.0
2257,925c86df127c5e5b6,True,,,,,,,,,,1.0,1.0,1.0,1.0,0.9536802361563128,1.0,1.0,1.0,0.0,0.8605250737988477
2258,2615ffc998d3b5976,True,,,,,,,,,,1.0,1.0,1.0,1.0,0.7373773444546703,1.0,1.0,1.0,0.0,0.7929304201420845
2259,9e9f60c0dd89a3428,True,,,,,,,,,,1.0,0.0,1.0,1.0,0.7265548981733273,1.0,0.0,1.0,0.0,0.0
2260,1300580f22bac5f4c,True,,,,,,,,,,1.0,1.0,0.5,1.0,0.553085500090787,1.0,0.0,1.0,1.0,0.36766960938918547
2261,bab672bfc41847afb,True,,,,,,,,,,1.0,1.0,1.0,1.0,0.6831105121988794,1.0,1.0,1.0,0.0,0.7759720350621498
2262,824d8ba46202fe8eb,True,,,,,,,,,,1.0,1.0,1.0,1.0,1.0,1.0,1.0,1.0,0.0,0.875
2263,a60992b05822c13e5,True,,,,,,,,,,1.0,1.0,1.0,1.0,0.9681783309156151,1.0,0.0,1.0,1.0,0.8650557284111298
2264,5dfd054f0a5ff50d9,True,,,,,,,,,,0.0,1.0,1.0,1.0,1.0,0.0,1.0,1.0,0.0,0.0
2265,1d749bcf71869340e,True,,,,,,,,,,1.0,1.0,1.0,1.0,0.6225663042601615,1.0,0.0,1.0,1.0,0.7570519700813004
2266,60bf68aa5fc67729a,True,,,,,,,,,,1.0,0.0,1.0,1.0,0.5130167901253657,1.0,1.0,1.0,1.0,0.0
2267,aefb28d15c78ef21c,True,,,,,,,,,,0.0,1.0,1.0,1.0,1.0,0.0,1.0,0.0,0.0,0.0
2268,85102a1c7b55bc154,True,,,,,,,,,,1.0,1.0,1.0,1.0,0.6003640632144878,1.0,1.0,1.0,1.0,0.8751137697545275
2269,589cc001fa920c158,True,,,,,,,,,,0.0,1.0,0.5,1.0,1.0,0.0,0.0,1.0,1.0,0.0
2270,1e843d54340d01971,True,,,,,,,,,,0.5,1.0,1.0,1.0,1.0,0.0,1.0,1.0,0.0,0.28125
2271,4cb9cbe26edb17f04,True,,,,,,,,,,0.0,0.0,0.0,1.0,1.0,0.0,1.0,0.0,0.0,0.0
2272,5875003845a7403ab,True,,,,,,,,,,1.0,1.0,1.0,1.0,1.0,1.0,1.0,1.0,1.0,1.0
2273,5913dfbc435fb100c,True,,,,,,,,,,0.0,1.0,1.0,1.0,1.0,0.0,1.0,1.0,1.0,0.0
2274,e02ebb163a52bd53e,True,,,,,,,,,,0.0,0.0,1.0,1.0,0.8628636149120164,0.0,1.0,1.0,0.0,0.0
2275,0ea9174f9cfe31c0d,True,,,,,,,,,,1.0,1.0,1.0,1.0,0.611944849321714,1.0,1.0,1.0,1.0,0.8787327654130357
2276,10369bbacaa4e3b7d,True,,,,,,,,,,1.0,1.0,1.0,1.0,0.5730538098088014,1.0,1.0,1.0,0.0,0.7415793155652504
2277,cd7e663897f923d92,True,,,,,,,,,,1.0,1.0,1.0,1.0,0.8848971793510917,1.0,0.0,1.0,1.0,0.8390303685472161
2278,cc640d20710f182c6,True,,,,,,,,,,0.0,1.0,1.0,1.0,1.0,0.0,0.0,0.0,0.0,0.0
2279,1ea8537ea6898e4e2,True,,,,,,,,,,1.0,1.0,1.0,1.0,0.7767728045933896,1.0,0.0,1.0,1.0,0.8052415014354343
2280,f324e70acbaa11675,True,,,,,,,,,,1.0,1.0,1.0,1.0,0.30244964892584575,1.0,1.0,1.0,0.0,0.6570155152893268
2281,5fd00e9375f6b46f9,True,,,,,,,,,,1.0,1.0,1.0,1.0,0.4623630989712378,1.0,0.0,1.0,0.0,0.5819884684285118
2282,2137517554a7f8e3b,True,,,,,,,,,,1.0,0.0,0.0,1.0,0.7325695899007006,1.0,0.0,1.0,0.0,0.0
2283,53829d49d04c9df23,True,,,,,,,,,,1.0,0.0,1.0,1.0,0.6844893584329609,1.0,0.0,1.0,0.0,0.0
2284,a71664743c9a3ca78,True,,,,,,,,,,1.0,1.0,1.0,1.0,0.7231889629502779,1.0,0.0,1.0,1.0,0.7884965509219619
2285,d932bcf26367122a9,True,,,,,,,,,,1.0,1.0,1.0,1.0,1.0,1.0,0.0,1.0,1.0,0.875
2286,c7f9e3c05b67e2257,True,,,,,,,,,,0.0,1.0,1.0,1.0,1.0,0.0,0.0,1.0,1.0,0.0
2287,947c5404a2702b039,True,,,,,,,,,,1.0,1.0,0.0,1.0,1.0,1.0,0.0,1.0,0.0,0.0
2288,11faa3428ed91e426,True,,,,,,,,,,1.0,1.0,0.5,1.0,1.0,1.0,0.0,1.0,0.0,0.375
2289,17d241e8d709ddebf,True,,,,,,,,,,1.0,1.0,1.0,1.0,0.8121017080981578,1.0,0.0,1.0,1.0,0.8162817837806744
2290,2ddb8a77091ace2c6,True,,,,,,,,,,1.0,1.0,1.0,1.0,0.5546281091665276,1.0,1.0,1.0,1.0,0.8608212841145398
2291,c4aee2d09a8407408,True,,,,,,,,,,1.0,1.0,1.0,1.0,0.7043396469988561,1.0,1.0,1.0,1.0,0.9076061396871425
2292,5420830c429c1fcb6,True,,,,,,,,,,1.0,0.0,1.0,1.0,0.8598586739783919,1.0,1.0,1.0,1.0,0.0
2293,8b44ee25391ad8a73,True,,,,,,,,,,1.0,1.0,1.0,1.0,1.0,1.0,1.0,1.0,0.0,0.875
2294,fed773a2bcad8ee41,True,,,,,,,,,,1.0,1.0,0.0,1.0,1.0,1.0,0.0,1.0,0.0,0.0
2295,bb6f79a8768f43fd9,True,,,,,,,,,,1.0,1.0,1.0,1.0,0.9031602606652616,1.0,1.0,1.0,0.0,0.8447375814578942
2296,aded499bdbf17f962,True,,,,,,,,,,0.0,0.0,1.0,1.0,1.0,0.0,0.0,1.0,0.0,0.0
2297,439df93c525a5e285,True,,,,,,,,,,1.0,1.0,1.0,1.0,1.0,1.0,1.0,1.0,0.0,0.875
2298,5ae5fc96ae87f7041,True,,,,,,,,,,1.0,1.0,1.0,1.0,0.4595191297272489,1.0,1.0,1.0,1.0,0.8310997280397653
2299,d2eb3158a4dcc825e,True,,,,,,,,,,0.0,1.0,0.0,1.0,1.0,0.0,0.0,1.0,1.0,0.0
2300,515197f50a14bc2fc,True,,,,,,,,,,1.0,1.0,1.0,1.0,0.9176193559534687,1.0,0.0,1.0,1.0,0.849256048735459
2301,12f4928a69547a0bf,True,,,,,,,,,,1.0,0.0,1.0,1.0,0.9488677313018576,1.0,1.0,1.0,1.0,0.0
2302,b141bcb6ae7025055,True,,,,,,,,,,1.0,1.0,1.0,1.0,1.0,1.0,1.0,1.0,1.0,1.0
2303,8d00654f6a07c6c75,True,,,,,,,,,,1.0,1.0,1.0,1.0,1.0,1.0,1.0,1.0,0.0,0.875
2304,80b2e317f6ca277c9,True,,,,,,,,,,1.0,1.0,1.0,1.0,0.8235696497674386,1.0,0.0,1.0,0.0,0.6948655155523246
2305,00fac31cd24587354,True,,,,,,,,,,1.0,0.0,1.0,1.0,0.9349813212871718,1.0,0.0,1.0,0.0,0.0
2306,cdcb9b51f99934711,True,,,,,,,,,,1.0,1.0,1.0,1.0,0.4362335700134673,1.0,0.0,1.0,1.0,0.6988229906292085
2307,5b7915b6c4d354972,True,,,,,,,,,,1.0,1.0,1.0,1.0,1.0,1.0,1.0,1.0,1.0,1.0
2308,57242411e2f320c12,True,,,,,,,,,,1.0,1.0,1.0,1.0,0.6851419642234673,1.0,1.0,1.0,1.0,0.9016068638198336
2309,bda9a328490cd8105,True,,,,,,,,,,0.0,1.0,1.0,1.0,1.0,0.0,1.0,1.0,1.0,0.0
2310,0118e2ec3759cc2bc,True,,,,,,,,,,1.0,1.0,1.0,1.0,1.0,1.0,0.0,1.0,1.0,0.875
2311,b6a166b330b3673a8,True,,,,,,,,,,1.0,1.0,1.0,1.0,0.6698578668044238,1.0,1.0,1.0,1.0,0.8968305833763824
2312,27c67d28b70d594c7,True,,,,,,,,,,1.0,1.0,1.0,1.0,0.7395225726618789,1.0,1.0,1.0,0.0,0.7936008039568372
2313,3a79a64dc5c7059f8,True,,,,,,,,,,1.0,1.0,1.0,1.0,0.18844946449158687,1.0,1.0,1.0,0.0,0.6213904576536209
2314,4f4120c32c9c42c47,True,,,,,,,,,,1.0,1.0,1.0,1.0,0.5910731533096006,1.0,1.0,1.0,1.0,0.8722103604092502
2315,9778c919f63adf7c6,True,,,,,,,,,,1.0,1.0,1.0,1.0,0.7183931706550548,1.0,1.0,1.0,0.0,0.7869978658297047
2316,f6cb349b9078fd7c4,True,,,,,,,,,,1.0,1.0,1.0,1.0,0.6113066846490754,1.0,0.0,1.0,0.0,0.628533338952836
2317,7feb54e1cfc0b6b33,True,,,,,,,,,,1.0,1.0,0.0,1.0,0.8018023108660741,1.0,0.0,1.0,1.0,0.0
2318,f39b90bb6aa1bbac7,True,,,,,,,,,,0.0,1.0,1.0,1.0,1.0,0.0,0.0,1.0,1.0,0.0
2319,ef8b4c4b3e7ec1358,True,,,,,,,,,,1.0,1.0,1.0,1.0,0.8443647794399471,1.0,1.0,1.0,0.0,0.8263639935749835
2320,a436762e9938c1e5b,True,,,,,,,,,,1.0,1.0,1.0,1.0,1.0,1.0,1.0,1.0,1.0,1.0
2321,3e56a32b74b50d827,True,,,,,,,,,,1.0,1.0,1.0,1.0,0.5820728749714986,1.0,1.0,1.0,1.0,0.8693977734285934
2322,25e84823ff411a3c2,True,,,,,,,,,,0.0,0.0,1.0,1.0,0.6099682427941043,0.0,0.0,1.0,1.0,0.0
2323,660b054f474f6bec1,True,,,,,,,,,,1.0,1.0,1.0,1.0,0.7264344333281165,1.0,1.0,1.0,1.0,0.9145107604150364
2324,c97f59b36279e74ae,True,,,,,,,,,,1.0,1.0,0.5,1.0,1.0,1.0,0.0,1.0,0.0,0.375
2325,d798add46e9093547,True,,,,,,,,,,1.0,0.0,0.0,1.0,1.0,1.0,0.0,1.0,1.0,0.0
2326,fedfbdfcf20092620,True,,,,,,,,,,1.0,1.0,1.0,1.0,0.5536826152368844,1.0,0.0,1.0,1.0,0.7355258172615264
2327,aae1bf6255a96ecbe,True,,,,,,,,,,1.0,1.0,1.0,1.0,1.0,1.0,1.0,1.0,1.0,1.0
2328,cc84a91b9d7b3a3d5,True,,,,,,,,,,1.0,1.0,1.0,1.0,0.7686864309051469,1.0,0.0,1.0,1.0,0.8027145096578584
2329,d6e3a8fc354d62753,True,,,,,,,,,,0.0,1.0,1.0,1.0,1.0,0.0,0.0,1.0,0.0,0.0
2330,6c441b1d10cac68e5,True,,,,,,,,,,1.0,1.0,1.0,1.0,0.5369533030127054,1.0,1.0,1.0,0.0,0.7302979071914704
2331,ab3eab42ac8debb31,True,,,,,,,,,,1.0,1.0,1.0,1.0,0.775366551910403,1.0,1.0,1.0,1.0,0.929802047472001
2332,3c8a99a0db652a225,True,,,,,,,,,,0.0,1.0,1.0,1.0,1.0,0.0,0.0,1.0,1.0,0.0
2333,59e6ebcbd44500064,True,,,,,,,,,,1.0,1.0,1.0,1.0,1.0,1.0,0.0,1.0,0.0,0.75
2334,71ff6e1295d5d408e,True,,,,,,,,,,1.0,1.0,0.5,1.0,1.0,0.0,0.0,1.0,0.0,0.21875
2335,ff7b96c916771e141,True,,,,,,,,,,1.0,1.0,1.0,1.0,0.4802034445673407,1.0,1.0,1.0,1.0,0.837563576427294
2336,38a3f728f0878e6c6,True,,,,,,,,,,0.0,1.0,1.0,0.0,1.0,0.0,1.0,1.0,0.0,0.0
2337,3b99d2eccb04b25a0,True,,,,,,,,,,1.0,1.0,0.5,1.0,1.0,0.0,0.0,1.0,1.0,0.28125
2338,527b9dd077cc88c6e,True,,,,,,,,,,1.0,1.0,0.5,1.0,1.0,1.0,0.0,1.0,0.0,0.375
2339,c47263e93d93b6838,True,,,,,,,,,,0.0,1.0,1.0,1.0,0.579086028007571,0.0,0.0,1.0,1.0,0.0
2340,fb8289807a1b275b3,True,,,,,,,,,,1.0,1.0,1.0,1.0,0.9368176309542312,1.0,0.0,1.0,1.0,0.8552555096731973
2341,1d31047f2f32de9e1,True,,,,,,,,,,1.0,0.0,0.0,1.0,1.0,1.0,0.0,1.0,0.0,0.0
2342,6787e9f15b62de1b8,True,,,,,,,,,,1.0,1.0,1.0,0.0,1.0,0.0,1.0,1.0,1.0,0.0
2343,67f2162f2fa5e2d76,True,,,,,,,,,,1.0,1.0,1.0,1.0,0.6628244245709783,1.0,1.0,1.0,0.0,0.7696326326784307
2344,7382576570c02547b,True,,,,,,,,,,1.0,1.0,1.0,1.0,0.5693510938178743,1.0,0.0,1.0,0.0,0.6154222168180857
2345,67d0d1179730f6191,True,,,,,,,,,,1.0,1.0,0.5,1.0,1.0,1.0,0.0,1.0,0.0,0.375
2346,545989b6d92a09061,True,,,,,,,,,,1.0,1.0,0.5,1.0,1.0,1.0,0.0,1.0,1.0,0.4375
2347,82bb73b09ea17fb1a,True,,,,,,,,,,1.0,1.0,1.0,1.0,0.467743665355771,1.0,1.0,1.0,1.0,0.8336698954236784
2348,c3fd5d39095bf7d25,True,,,,,,,,,,0.0,1.0,1.0,1.0,1.0,0.0,0.0,1.0,0.0,0.0
2349,4e231a60b33891721,True,,,,,,,,,,1.0,1.0,1.0,1.0,1.0,1.0,0.0,1.0,0.0,0.75
2350,3cd41195f5d27a4f7,True,,,,,,,,,,1.0,1.0,1.0,1.0,0.5684282502104467,1.0,1.0,1.0,1.0,0.8651338281907646
2351,d34d8e1f656046bdd,True,,,,,,,,,,1.0,1.0,1.0,1.0,0.8573809345461226,1.0,0.0,1.0,0.0,0.7054315420456634
2352,c73438b8126946550,True,,,,,,,,,,1.0,1.0,1.0,1.0,0.7391420615192456,1.0,0.0,1.0,1.0,0.7934818942247642
2353,5c8283705c1e44a16,True,,,,,,,,,,0.0,1.0,0.0,1.0,1.0,0.0,0.0,1.0,0.0,0.0
2354,1c46609a6f85e1150,True,,,,,,,,,,1.0,1.0,1.0,1.0,0.7197101834282182,1.0,0.0,1.0,1.0,0.7874094323213182
2355,4429b647133616c7e,True,,,,,,,,,,1.0,1.0,1.0,1.0,0.27327246438504277,1.0,1.0,1.0,0.0,0.6478976451203259
2356,f19d36e6d48219eba,True,,,,,,,,,,0.0,0.0,0.0,1.0,1.0,0.0,0.0,1.0,1.0,0.0
2357,4f2cdfaccb0f4bfac,True,,,,,,,,,,1.0,1.0,1.0,1.0,0.7046281015788419,1.0,0.0,1.0,0.0,0.6576962817433881
2358,1d9d3ed0717ab4ffd,True,,,,,,,,,,0.5,1.0,1.0,1.0,0.7642551081124036,0.0,0.0,1.0,0.0,0.18191486064256307
2359,e302536dfb1a897a7,True,,,,,,,,,,0.0,1.0,1.0,1.0,0.42092276989375715,0.0,0.0,1.0,1.0,0.0
2360,03a6d53a889503fa1,True,,,,,,,,,,1.0,0.0,0.0,1.0,1.0,1.0,0.0,1.0,1.0,0.0
2361,14f814e6cbf15fcb5,True,,,,,,,,,,1.0,0.0,0.0,1.0,0.8858784487218774,1.0,0.0,1.0,1.0,0.0
2362,13ec6e28d3c1a20c1,True,,,,,,,,,,0.0,1.0,1.0,1.0,1.0,0.0,0.0,1.0,1.0,0.0
2363,cdc70ea2300980958,True,,,,,,,,,,0.0,0.0,1.0,1.0,1.0,0.0,0.0,1.0,1.0,0.0
2364,2add74aa82c54303c,True,,,,,,,,,,0.0,0.0,1.0,1.0,0.9051923996390501,0.0,1.0,1.0,0.0,0.0
2365,35d4f508b7e0207b4,True,,,,,,,,,,1.0,1.0,1.0,1.0,0.2407340882142672,1.0,1.0,1.0,0.0,0.6377294025669584
2366,2366b4156fa09a0bc,True,,,,,,,,,,0.0,1.0,0.5,1.0,1.0,0.0,0.0,1.0,0.0,0.0
2367,e84670bb458b61a5c,True,,,,,,,,,,1.0,0.0,1.0,1.0,0.9645865196198407,1.0,1.0,1.0,1.0,0.0
2368,79a0ca425b61810ad,True,,,,,,,,,,1.0,1.0,1.0,1.0,0.8539044599903625,1.0,1.0,1.0,1.0,0.9543451437469883
2369,903801b8d2a6d7f58,True,,,,,,,,,,1.0,0.0,1.0,1.0,0.872513473008901,1.0,0.0,1.0,1.0,0.0
2370,95f0d6c3b4018f122,True,,,,,,,,,,1.0,0.0,1.0,1.0,1.0,1.0,1.0,1.0,0.0,0.0
2371,fc25d83ed4ec8aaad,True,,,,,,,,,,1.0,1.0,0.5,1.0,0.7488138661490198,1.0,0.0,1.0,1.0,0.39825216658578433
2372,0fc3bc1b7fce2461a,True,,,,,,,,,,1.0,1.0,1.0,1.0,0.6924366804947665,1.0,0.0,1.0,1.0,0.7788864626546146
2373,95839bd90cc4d94c8,True,,,,,,,,,,1.0,1.0,1.0,1.0,1.0,1.0,1.0,1.0,1.0,1.0
2374,39a33f6262e8b8c0c,True,,,,,,,,,,1.0,1.0,1.0,1.0,0.6292685590354845,1.0,1.0,1.0,1.0,0.8841464246985888
2375,a53b204e1934058ab,True,,,,,,,,,,1.0,0.0,1.0,1.0,0.871595763642401,1.0,0.0,1.0,1.0,0.0
2376,50ca93bd394c4a025,True,,,,,,,,,,1.0,1.0,1.0,1.0,1.0,1.0,1.0,1.0,1.0,1.0
2377,aa2fc37ba0a88cfd3,True,,,,,,,,,,1.0,0.0,1.0,1.0,1.0,1.0,1.0,1.0,0.0,0.0
2378,0b444583aebb693a7,True,,,,,,,,,,1.0,1.0,1.0,1.0,1.0,1.0,1.0,1.0,0.0,0.875
2379,2a9148d48b42cfd7e,True,,,,,,,,,,1.0,1.0,1.0,1.0,0.7826071165443361,1.0,1.0,1.0,1.0,0.932064723920105
2380,94c404a1f903addc1,True,,,,,,,,,,1.0,1.0,1.0,1.0,0.6232018789947018,1.0,1.0,1.0,1.0,0.8822505871858444
2381,01d8a706eb3443501,True,,,,,,,,,,1.0,1.0,1.0,1.0,0.9451977796126527,1.0,1.0,1.0,0.0,0.857874306128954
2382,797abeb7772dd6343,True,,,,,,,,,,1.0,1.0,1.0,1.0,0.3768201050428214,1.0,0.0,1.0,0.0,0.5552562828258817
2383,8e3348c3a2dfabeab,True,,,,,,,,,,1.0,1.0,0.5,1.0,0.8276623250913493,1.0,1.0,1.0,1.0,0.47307223829552336
2384,93815cb266f991f06,True,,,,,,,,,,1.0,0.0,1.0,0.0,1.0,1.0,1.0,1.0,0.0,0.0
2385,3b0bf9ca3855b2e20,True,,,,,,,,,,1.0,1.0,1.0,1.0,0.6059873359345727,1.0,1.0,1.0,1.0,0.8768710424795539
2386,8f3dd68f4334d028e,True,,,,,,,,,,1.0,1.0,1.0,1.0,0.8249970789201372,1.0,0.0,1.0,1.0,0.8203115871625428
2387,402ed0d50f8b2ce26,True,,,,,,,,,,1.0,0.0,1.0,1.0,0.7752002869271456,1.0,1.0,1.0,0.0,0.0
2388,3994aa71c5443aea3,True,,,,,,,,,,1.0,1.0,1.0,1.0,1.0,1.0,0.0,1.0,1.0,0.875
2389,94b6ffabace38c36f,True,,,,,,,,,,1.0,1.0,1.0,1.0,0.9733565177113824,1.0,0.0,1.0,0.0,0.741673911784807
2390,7b35876d62521ffc5,True,,,,,,,,,,1.0,1.0,0.0,1.0,0.8357711649381976,1.0,0.0,1.0,1.0,0.0
2391,7878266af5a97d7ce,True,,,,,,,,,,1.0,1.0,1.0,1.0,1.0,1.0,0.0,1.0,0.0,0.75
2392,c28f4287e75996da4,True,,,,,,,,,,0.5,0.0,1.0,1.0,1.0,0.0,0.0,1.0,1.0,0.0
2393,7fa425329439a1196,True,,,,,,,,,,1.0,1.0,1.0,1.0,0.7953143267517236,1.0,0.0,1.0,1.0,0.8110357271099137
2394,193752eccdb929fcc,True,,,,,,,,,,1.0,1.0,1.0,1.0,0.2589732587955783,1.0,0.0,1.0,1.0,0.6434291433736182
2395,39ee7720dd5c83901,True,,,,,,,,,,1.0,1.0,1.0,1.0,0.7629291844030558,1.0,1.0,1.0,0.0,0.8009153701259549
2396,b60c0ec16d57413b5,True,,,,,,,,,,1.0,0.0,0.0,1.0,1.0,1.0,0.0,1.0,1.0,0.0
2397,ca8771e5e055dcfca,True,,,,,,,,,,1.0,0.0,0.5,1.0,1.0,1.0,0.0,1.0,1.0,0.0
2398,7ee964bcd33d7480e,True,,,,,,,,,,1.0,1.0,1.0,1.0,0.7882721056351072,1.0,0.0,1.0,1.0,0.808835033010971
2399,5b9f80fbe5e67358f,True,,,,,,,,,,1.0,0.0,1.0,1.0,1.0,1.0,0.0,1.0,1.0,0.0
2400,0f902fca1e990d9be,True,,,,,,,,,,1.0,0.0,0.5,1.0,1.0,1.0,1.0,1.0,1.0,0.0
2401,45eccc47d6cb959e7,True,,,,,,,,,,1.0,0.0,1.0,1.0,0.8640262102534054,1.0,1.0,1.0,1.0,0.0
2402,07f73e596a2b2e3ec,True,,,,,,,,,,1.0,1.0,0.0,1.0,0.7132603319208082,1.0,0.0,1.0,1.0,0.0
2403,e1275cf277c0a36c1,True,,,,,,,,,,1.0,1.0,0.0,1.0,0.7828450983413909,1.0,0.0,1.0,1.0,0.0
2404,83162d3d6d41557e9,True,,,,,,,,,,0.0,1.0,1.0,1.0,1.0,0.0,0.0,1.0,1.0,0.0
2405,83eedcad4df5c24c6,True,,,,,,,,,,1.0,0.0,0.0,1.0,1.0,1.0,0.0,1.0,0.0,0.0
2406,9a21c94093757379d,True,,,,,,,,,,1.0,1.0,1.0,1.0,0.3477709335868128,1.0,0.0,1.0,1.0,0.671178416745879
2407,3d03bade5b2a834b7,True,,,,,,,,,,1.0,1.0,1.0,1.0,0.7004305653179981,1.0,0.0,1.0,1.0,0.7813845516618744
2408,003fad41549a954eb,True,,,,,,,,,,1.0,0.0,1.0,1.0,1.0,1.0,0.0,1.0,0.0,0.0
2409,9db9a548b803b14d9,True,,,,,,,,,,1.0,1.0,1.0,1.0,0.7556594624809836,1.0,0.0,1.0,1.0,0.7986435820253074
2410,fa938137662435c29,True,,,,,,,,,,1.0,1.0,1.0,1.0,0.3980573574402423,1.0,1.0,1.0,1.0,0.8118929242000757
2411,d7437e062d9eed183,True,,,,,,,,,,1.0,1.0,1.0,1.0,0.5984021449220127,1.0,0.0,1.0,0.0,0.624500670288129
2412,e0fd3073c76ba643d,True,,,,,,,,,,1.0,1.0,1.0,1.0,0.698407810681102,1.0,1.0,1.0,1.0,0.9057524408378443
2413,2c09013af79e257fd,True,,,,,,,,,,1.0,0.0,1.0,1.0,0.7091089369080109,1.0,0.0,1.0,1.0,0.0
2414,bad9757cb0a673425,True,,,,,,,,,,1.0,1.0,1.0,1.0,1.0,1.0,0.0,1.0,0.0,0.75
2415,6eb14c57428cd1ec1,True,,,,,,,,,,1.0,1.0,1.0,1.0,0.7987272510510041,1.0,1.0,1.0,0.0,0.8121022659534387
2416,5a89225b2405d13d7,True,,,,,,,,,,1.0,1.0,1.0,1.0,0.8749555545079524,1.0,0.0,1.0,1.0,0.8359236107837351
2417,5afefbf1463923c97,True,,,,,,,,,,1.0,1.0,1.0,1.0,0.6229358450516393,1.0,0.0,1.0,1.0,0.7571674515786373
2418,6b0615242bd92eaed,True,,,,,,,,,,0.0,1.0,1.0,1.0,1.0,0.0,1.0,1.0,0.0,0.0
2419,36973343935f49ac7,True,,,,,,,,,,1.0,0.0,1.0,1.0,0.9511850475478033,1.0,1.0,1.0,1.0,0.0
2420,e2bde995b7f918cba,True,,,,,,,,,,1.0,1.0,0.5,1.0,0.9529058276486188,1.0,0.0,1.0,1.0,0.4301415355700967
2421,6c762cea7e7e3f6b8,True,,,,,,,,,,0.0,1.0,1.0,1.0,1.0,0.0,1.0,1.0,1.0,0.0
2422,0437e4fe123ba7e19,True,,,,,,,,,,1.0,1.0,1.0,1.0,1.0,1.0,1.0,1.0,0.0,0.875
2423,0c9e5d46eff0fcf41,True,,,,,,,,,,1.0,1.0,1.0,1.0,0.6173149741412597,1.0,1.0,1.0,1.0,0.8804109294191437
2424,4fe667077cf665671,True,,,,,,,,,,1.0,1.0,1.0,1.0,1.0,1.0,0.0,1.0,1.0,0.875
2425,dd724782a844b55a6,True,,,,,,,,,,1.0,1.0,0.0,1.0,1.0,1.0,0.0,1.0,0.0,0.0
2426,15f652f1382299b99,True,,,,,,,,,,1.0,1.0,0.5,1.0,1.0,1.0,0.0,1.0,1.0,0.4375
2427,a41ba68bdc9f9fb88,True,,,,,,,,,,1.0,1.0,1.0,1.0,0.3701717737659567,1.0,1.0,1.0,1.0,0.8031786793018615
2428,c8508736bb790cc27,True,,,,,,,,,,1.0,1.0,1.0,1.0,0.551871049930873,1.0,1.0,1.0,0.0,0.7349597031033979
2429,e318affbd4be74ca2,True,,,,,,,,,,1.0,1.0,0.0,1.0,0.9037914957812403,1.0,0.0,1.0,0.0,0.0
2430,08888312c5d67618e,True,,,,,,,,,,1.0,1.0,1.0,1.0,1.0,1.0,0.0,1.0,1.0,0.875
2431,ae4f3518384257a07,True,,,,,,,,,,1.0,1.0,1.0,1.0,0.33495199334118286,1.0,1.0,1.0,0.0,0.6671724979191196
2432,e262bce33b82a53de,True,,,,,,,,,,1.0,0.0,1.0,1.0,0.7360489718723023,1.0,1.0,1.0,0.0,0.0
2433,0fc796582943bab81,True,,,,,,,,,,1.0,0.0,1.0,1.0,0.8413370102405495,1.0,1.0,1.0,1.0,0.0
2434,517d13818dab667f5,True,,,,,,,,,,1.0,1.0,1.0,1.0,0.6525634035160813,1.0,0.0,1.0,1.0,0.7664260635987754
2435,8cbf7cbc0d30a3d05,True,,,,,,,,,,0.5,0.0,1.0,1.0,0.6759646224999403,0.0,1.0,1.0,1.0,0.0
2436,97f0dfb7f9039bcb2,True,,,,,,,,,,0.0,1.0,1.0,1.0,1.0,0.0,1.0,1.0,0.0,0.0
2437,9b4e2ae84afe8c832,True,,,,,,,,,,1.0,1.0,1.0,1.0,0.5510794793619216,1.0,1.0,1.0,1.0,0.8597123373006005
2438,da19f3b30489b58f8,True,,,,,,,,,,0.0,1.0,1.0,1.0,1.0,0.0,1.0,1.0,1.0,0.0
2439,50442ffec20a73824,True,,,,,,,,,,1.0,1.0,1.0,1.0,0.4816674529163625,1.0,0.0,1.0,1.0,0.7130210790363632
2440,68c48977b8b13f11f,True,,,,,,,,,,1.0,1.0,1.0,1.0,1.0,1.0,1.0,1.0,1.0,1.0
2441,3b3f6182f292aea44,True,,,,,,,,,,1.0,1.0,1.0,1.0,0.30609085123518126,1.0,1.0,1.0,1.0,0.7831533910109941
2442,4f54492b07cc07b87,True,,,,,,,,,,0.0,1.0,0.5,1.0,1.0,0.0,0.0,1.0,1.0,0.0
2443,d20185ecb7a02769a,True,,,,,,,,,,1.0,1.0,1.0,1.0,0.7194517189225295,1.0,1.0,1.0,1.0,0.9123286621632904
2444,f1d442974b63b87f6,True,,,,,,,,,,1.0,1.0,0.0,1.0,0.8026857067903668,1.0,0.0,1.0,0.0,0.0
2445,403fbd9b66d2c8d5f,True,,,,,,,,,,1.0,0.0,0.0,1.0,1.0,1.0,0.0,1.0,0.0,0.0
2446,01944b1d62426bc85,True,,,,,,,,,,1.0,0.0,1.0,1.0,1.0,1.0,1.0,1.0,1.0,0.0
2447,4d59b2a4c64101d41,True,,,,,,,,,,0.0,1.0,1.0,1.0,1.0,0.0,1.0,1.0,1.0,0.0
2448,b64ff461b41b49e3c,True,,,,,,,,,,1.0,1.0,0.5,1.0,0.42464536014368126,1.0,0.0,1.0,1.0,0.3476008375224502
2449,b74ed296010c24598,True,,,,,,,,,,0.0,1.0,1.0,0.0,1.0,0.0,1.0,1.0,1.0,0.0
2450,edb62f47f8009856e,True,,,,,,,,,,1.0,1.0,1.0,1.0,0.775005129883185,1.0,1.0,1.0,1.0,0.9296891030884953
2451,8ace04c31034f39f7,True,,,,,,,,,,0.5,1.0,1.0,1.0,1.0,0.0,0.0,1.0,1.0,0.28125
2452,ca4906fdbc82a1b29,True,,,,,,,,,,1.0,0.0,1.0,1.0,0.7656156320844413,1.0,1.0,1.0,1.0,0.0
2453,bb3d79c6ae2460067,True,,,,,,,,,,1.0,1.0,1.0,1.0,0.7019569704134255,1.0,1.0,1.0,0.0,0.7818615532541955
2454,530a28f5b73e11f66,True,,,,,,,,,,1.0,1.0,1.0,1.0,1.0,1.0,1.0,1.0,0.0,0.875
2455,5f02891c6336297bf,True,,,,,,,,,,1.0,1.0,1.0,1.0,1.0,1.0,1.0,1.0,1.0,1.0
2456,0cf895d7d61939eb3,True,,,,,,,,,,1.0,1.0,1.0,1.0,0.6340312626591881,1.0,0.0,1.0,1.0,0.7606347695809963
2457,8d969226c609be10d,True,,,,,,,,,,1.0,0.0,0.5,1.0,1.0,1.0,0.0,1.0,0.0,0.0
2458,79d6ba3b0e13a7f66,True,,,,,,,,,,1.0,1.0,1.0,1.0,0.8856148468448493,1.0,1.0,1.0,1.0,0.9642546396390154
2459,cc9f51b0460d19ee5,True,,,,,,,,,,1.0,0.0,0.0,1.0,0.8642480207235395,1.0,0.0,1.0,1.0,0.0
2460,2833f76e80e4d4998,True,,,,,,,,,,1.0,1.0,1.0,1.0,0.7350330871784061,1.0,1.0,1.0,1.0,0.9171978397432519
2461,d9a1e3491e140bd54,True,,,,,,,,,,1.0,1.0,1.0,1.0,0.8032465145446246,1.0,1.0,1.0,0.0,0.8135145357951952
2462,c9502401d0ae63498,True,,,,,,,,,,1.0,0.0,0.0,1.0,1.0,1.0,0.0,1.0,1.0,0.0
2463,59c1acee0df7ca984,True,,,,,,,,,,1.0,1.0,1.0,1.0,0.6810927502298095,1.0,0.0,1.0,1.0,0.7753414844468155
2464,00bbaca29a3b34595,True,,,,,,,,,,1.0,1.0,1.0,1.0,0.5266297433777235,1.0,1.0,1.0,1.0,0.8520717948055386
2465,3b57dcdd08ad03a39,True,,,,,,,,,,1.0,1.0,1.0,1.0,0.5147897238724025,1.0,1.0,1.0,1.0,0.8483717887101258
2466,46674c511c8ea3dfc,True,,,,,,,,,,1.0,1.0,1.0,1.0,0.9461757086991713,1.0,1.0,1.0,0.0,0.8581799089684911
2467,74e68e4dba8d14dfa,True,,,,,,,,,,1.0,0.0,1.0,1.0,1.0,1.0,1.0,1.0,1.0,0.0
2468,1aa011bf1da1bf1c7,True,,,,,,,,,,1.0,1.0,1.0,1.0,0.5452224261646336,1.0,1.0,1.0,0.0,0.732882008176448
2469,b6b4b0f2f2a7815cb,True,,,,,,,,,,1.0,1.0,1.0,1.0,0.6715827369519421,1.0,1.0,1.0,1.0,0.8973696052974819
2470,645751bf568658675,True,,,,,,,,,,1.0,1.0,1.0,1.0,0.42228587578052745,1.0,0.0,1.0,0.0,0.5694643361814149
2471,fb36accc7106e30af,True,,,,,,,,,,1.0,0.0,1.0,1.0,0.44288334538424173,1.0,0.0,1.0,0.0,0.0
2472,918a0960b5cef7615,True,,,,,,,,,,1.0,1.0,1.0,1.0,0.6569805082203974,1.0,1.0,1.0,1.0,0.8928064088188742
2473,a33c0d08df145dd4a,True,,,,,,,,,,0.0,1.0,1.0,1.0,1.0,0.0,1.0,1.0,1.0,0.0
2474,a71e198a60b5a7b1b,True,,,,,,,,,,1.0,1.0,1.0,1.0,0.9021504588067528,1.0,1.0,1.0,1.0,0.9694220183771103
2475,c58481114df532967,True,,,,,,,,,,1.0,1.0,1.0,1.0,0.6196017191694406,1.0,1.0,1.0,0.0,0.7561255372404502
2476,2bac462f71b189be9,True,,,,,,,,,,1.0,1.0,1.0,1.0,0.7175498023363623,1.0,1.0,1.0,1.0,0.9117343132301132
2477,e2d44e550396a6802,True,,,,,,,,,,1.0,1.0,1.0,1.0,0.9946578896120806,1.0,1.0,1.0,1.0,0.9983305905037752
2478,21caa7576c2da8f7a,True,,,,,,,,,,1.0,1.0,1.0,1.0,0.8346712333713427,1.0,0.0,1.0,1.0,0.8233347604285446
2479,de7117fede978534c,True,,,,,,,,,,1.0,1.0,0.5,1.0,1.0,1.0,0.0,1.0,1.0,0.4375
2480,6aa6cb2757b09918e,True,,,,,,,,,,1.0,1.0,1.0,1.0,0.68012593216208,1.0,0.0,1.0,1.0,0.7750393538006499
2481,9bd2024518849085f,True,,,,,,,,,,1.0,1.0,0.0,1.0,0.9816720453525908,1.0,0.0,1.0,1.0,0.0
2482,d62c06587889c5e1b,True,,,,,,,,,,1.0,0.0,1.0,1.0,1.0,1.0,0.0,1.0,1.0,0.0
2483,f9b79d00824722fc5,True,,,,,,,,,,1.0,1.0,1.0,1.0,0.7493236372621275,1.0,0.0,1.0,1.0,0.7966636366444149
2484,be4d95422b6b6e212,True,,,,,,,,,,1.0,1.0,1.0,1.0,0.6527343709430565,1.0,1.0,1.0,1.0,0.8914794909197051
2485,d8052b68418709942,True,,,,,,,,,,1.0,1.0,1.0,1.0,1.0,1.0,0.0,1.0,0.0,0.75
2486,a17ae323ec016c413,True,,,,,,,,,,1.0,1.0,1.0,1.0,0.08842607835382939,1.0,0.0,1.0,1.0,0.5901331494855717
2487,a4e79fc70ac65c883,True,,,,,,,,,,1.0,1.0,1.0,1.0,0.8142731730438845,1.0,0.0,1.0,0.0,0.691960366576214
2488,1b0a591d6b3ec8ee1,True,,,,,,,,,,1.0,1.0,1.0,1.0,0.8142131295647826,1.0,1.0,1.0,1.0,0.9419416029889947
2489,01529344a0b068d88,True,,,,,,,,,,1.0,1.0,1.0,1.0,0.40282542284319794,1.0,1.0,1.0,1.0,0.8133829446384994
2490,2dac755118d4733e7,True,,,,,,,,,,1.0,1.0,1.0,1.0,0.8078679900951601,1.0,0.0,1.0,1.0,0.8149587469047375
2491,8f84117d4bb5c6f9b,True,,,,,,,,,,1.0,1.0,1.0,1.0,0.7559316207706934,1.0,1.0,1.0,0.0,0.7987286314908417
2492,d0add012a511855fa,True,,,,,,,,,,0.0,1.0,1.0,1.0,0.7614381676783507,1.0,1.0,1.0,1.0,0.0
2493,eb18eff580c25dafb,True,,,,,,,,,,1.0,1.0,1.0,1.0,1.0,1.0,0.0,1.0,0.0,0.75
2494,a299bacf7699bbf82,True,,,,,,,,,,1.0,1.0,1.0,1.0,0.8642317837339215,1.0,1.0,1.0,0.0,0.8325724324168504
2495,8fb206a9ce8434f01,True,,,,,,,,,,1.0,1.0,1.0,1.0,1.0,1.0,0.0,1.0,0.0,0.75
2496,6b13c052d037390cc,True,,,,,,,,,,1.0,0.0,1.0,1.0,0.9139652084138177,1.0,1.0,1.0,1.0,0.0
2497,d9d4ce69f1cb10c10,True,,,,,,,,,,1.0,1.0,1.0,1.0,0.4730794046770639,1.0,1.0,1.0,0.0,0.7103373139615825
2498,053a3b165ea7a6cb4,True,,,,,,,,,,0.0,0.0,0.0,1.0,1.0,0.0,0.0,1.0,1.0,0.0
2499,ebc9bb73d92a43a32,True,,,,,,,,,,1.0,1.0,1.0,1.0,0.6783103985230063,1.0,1.0,1.0,1.0,0.8994719995384395
2500,06a374b6e74317285,True,,,,,,,,,,1.0,1.0,1.0,1.0,0.7495023078500112,1.0,1.0,1.0,0.0,0.7967194712031285
2501,04d4c78cf88a3c506,True,,,,,,,,,,1.0,0.0,1.0,1.0,0.7300852778489199,1.0,0.0,1.0,1.0,0.0
2502,dd5013a89e336b685,True,,,,,,,,,,1.0,0.0,1.0,1.0,1.0,1.0,1.0,1.0,1.0,0.0
2503,61ea80d6d5820ce2a,True,,,,,,,,,,1.0,1.0,1.0,1.0,1.0,1.0,0.0,1.0,0.0,0.75
2504,ac657cb166434db62,True,,,,,,,,,,1.0,1.0,1.0,1.0,1.0,1.0,1.0,1.0,1.0,1.0
2505,535b410078f9658ee,True,,,,,,,,,,1.0,0.0,1.0,1.0,0.9671452472349661,1.0,1.0,1.0,1.0,0.0
2506,f62d00569dc5be2b9,True,,,,,,,,,,1.0,1.0,1.0,1.0,0.5068138802099619,1.0,1.0,1.0,1.0,0.8458793375656131
2507,416a5f6d80036586b,True,,,,,,,,,,1.0,1.0,0.5,1.0,1.0,1.0,0.0,1.0,1.0,0.4375
2508,7dc342f8c0d3f169b,True,,,,,,,,,,1.0,0.0,0.5,1.0,1.0,1.0,0.0,1.0,0.0,0.0
2509,1161a45a0921d7c8e,True,,,,,,,,,,1.0,1.0,0.5,1.0,0.4359204724281922,1.0,0.0,1.0,1.0,0.34936257381690505
2510,55d87f273908bb975,True,,,,,,,,,,0.0,1.0,1.0,1.0,1.0,0.0,0.0,1.0,0.0,0.0
2511,041ef3b3c078e7cea,True,,,,,,,,,,0.0,1.0,1.0,1.0,1.0,0.0,0.0,1.0,1.0,0.0
2512,6e6153a1da30b26bd,True,,,,,,,,,,1.0,1.0,1.0,1.0,0.1504657086821583,1.0,1.0,1.0,0.0,0.6095205339631744
2513,1b82ae87e58cbab28,True,,,,,,,,,,1.0,0.0,0.0,1.0,1.0,1.0,0.0,1.0,1.0,0.0
2514,cfbef936343c3a937,True,,,,,,,,,,1.0,1.0,1.0,1.0,0.7303623662936489,1.0,0.0,1.0,1.0,0.7907382394667652
2515,981dae0f5f7fb62f4,True,,,,,,,,,,1.0,1.0,0.0,1.0,1.0,1.0,0.0,1.0,1.0,0.0
2516,889738d49bab39139,True,,,,,,,,,,1.0,0.0,1.0,1.0,0.7774614860004108,1.0,0.0,1.0,0.0,0.0
2517,2acdb8c02a4722af1,True,,,,,,,,,,1.0,1.0,1.0,1.0,1.0,1.0,0.0,1.0,1.0,0.875
2518,10f3932f4f651de8c,True,,,,,,,,,,1.0,0.0,1.0,1.0,1.0,1.0,1.0,1.0,1.0,0.0
2519,fc9d3ef48d94c0485,True,,,,,,,,,,1.0,1.0,0.5,1.0,0.42304677803407714,1.0,0.0,1.0,1.0,0.34735105906782454
2520,d913eb830099d4dfe,True,,,,,,,,,,1.0,0.0,1.0,1.0,1.0,1.0,0.0,1.0,1.0,0.0
2521,ea6c6eed6cbac7b1e,True,,,,,,,,,,1.0,0.0,1.0,1.0,0.11981374940649861,1.0,0.0,1.0,0.0,0.0
2522,09bd7428736e6525b,True,,,,,,,,,,1.0,1.0,1.0,1.0,0.6706850709096448,1.0,1.0,1.0,1.0,0.8970890846592641
2523,0e14703cf05b5dfd9,True,,,,,,,,,,1.0,1.0,1.0,1.0,0.8137044144754084,1.0,1.0,1.0,1.0,0.9417826295235652
2524,cc9e04e3c4887f26c,True,,,,,,,,,,1.0,0.0,1.0,1.0,0.7780077855329972,1.0,1.0,1.0,0.0,0.0
2525,7e6c9f4638d88c304,True,,,,,,,,,,1.0,0.0,1.0,1.0,0.6548260824702897,1.0,1.0,1.0,1.0,0.0
2526,461b3554166aa0d6f,True,,,,,,,,,,0.0,0.0,1.0,1.0,1.0,0.0,0.0,1.0,0.0,0.0
2527,f0da7e68f4547e66a,True,,,,,,,,,,0.0,0.0,1.0,1.0,1.0,0.0,0.0,1.0,0.0,0.0
2528,6f43b1ff7218bc4e6,True,,,,,,,,,,1.0,0.0,1.0,1.0,0.6574628945091612,1.0,1.0,1.0,1.0,0.0
2529,0976a098312b0ead1,True,,,,,,,,,,1.0,0.0,0.5,1.0,1.0,1.0,1.0,1.0,0.0,0.0
2530,eef5eabe1b1b7f149,True,,,,,,,,,,1.0,1.0,0.5,1.0,0.9804963417528726,1.0,1.0,1.0,1.0,0.49695255339888633
2531,57108f72bba7b23f2,True,,,,,,,,,,1.0,1.0,0.0,1.0,1.0,0.0,0.0,1.0,0.0,0.0
2532,81745b0b8691480d6,True,,,,,,,,,,0.0,1.0,1.0,1.0,0.7698693559823919,0.0,1.0,1.0,0.0,0.0
2533,a2b18a44314422b37,True,,,,,,,,,,1.0,1.0,1.0,1.0,0.81626722805559,1.0,1.0,1.0,0.0,0.817583508767372
2534,00cbc73194109904b,True,,,,,,,,,,1.0,1.0,1.0,1.0,0.9626275734926584,1.0,0.0,1.0,1.0,0.8633211167164557
2535,20c10d1762c2f560d,True,,,,,,,,,,0.0,0.0,0.0,1.0,1.0,0.0,0.0,1.0,0.0,0.0
2536,ffe0db4c4b5ed141a,True,,,,,,,,,,1.0,1.0,1.0,1.0,1.0,1.0,0.0,1.0,1.0,0.875
2537,d9b6f0d1e16d88b7e,True,,,,,,,,,,0.0,1.0,0.5,1.0,1.0,0.0,1.0,1.0,0.0,0.0
2538,f53ce77b754edd1f8,True,,,,,,,,,,1.0,1.0,1.0,1.0,0.5776760259910695,1.0,1.0,1.0,0.0,0.7430237581222092
2539,86dc24585f29d4c87,True,,,,,,,,,,1.0,1.0,1.0,1.0,0.7546265940664613,1.0,1.0,1.0,0.0,0.7983208106457691
2540,1924f6d5f33633039,True,,,,,,,,,,1.0,1.0,1.0,1.0,0.8935923164546263,1.0,0.0,1.0,0.0,0.7167475988920707
2541,ee232d7fae40f5bcc,True,,,,,,,,,,1.0,0.0,1.0,1.0,1.0,1.0,1.0,1.0,1.0,0.0
2542,3048f4817a5a5e48b,True,,,,,,,,,,1.0,1.0,1.0,1.0,1.0,1.0,0.0,1.0,1.0,0.875
2543,f7592c27f95e1ae0e,True,,,,,,,,,,1.0,1.0,1.0,1.0,0.7660878308545578,1.0,1.0,1.0,0.0,0.8019024471420493
2544,72f8e30d5fbc3839a,True,,,,,,,,,,1.0,0.0,1.0,1.0,1.0,1.0,0.0,1.0,1.0,0.0
2545,ed0f40ad04605d018,True,,,,,,,,,,0.0,1.0,0.0,1.0,1.0,0.0,0.0,1.0,1.0,0.0
2546,592e29a92e9aa79df,True,,,,,,,,,,1.0,1.0,1.0,1.0,0.9240152560568484,1.0,0.0,0.0,0.0,0.6012547675177651
2547,8c29c71f168e21bbd,True,,,,,,,,,,0.0,1.0,1.0,1.0,1.0,0.0,1.0,1.0,1.0,0.0
2548,f878117d44bbeb817,True,,,,,,,,,,1.0,1.0,1.0,1.0,1.0,1.0,0.0,1.0,1.0,0.875
2549,10c72d595566b545a,True,,,,,,,,,,0.0,1.0,1.0,1.0,1.0,0.0,1.0,1.0,0.0,0.0
2550,fd59576ebdf2661ee,True,,,,,,,,,,1.0,1.0,1.0,1.0,0.864099635457523,1.0,0.0,1.0,1.0,0.8325311360804759
2551,165e39945068ad586,True,,,,,,,,,,1.0,1.0,1.0,1.0,0.8036585531132252,1.0,1.0,1.0,1.0,0.9386432978478829
2552,431df46346088a1de,True,,,,,,,,,,1.0,1.0,1.0,1.0,0.9237450341336465,1.0,1.0,1.0,0.0,0.8511703231667646
2553,24d20a80a611d5e65,True,,,,,,,,,,1.0,1.0,1.0,1.0,0.23977312504487613,1.0,1.0,1.0,1.0,0.7624291015765238
2554,67bddd305e7735344,True,,,,,,,,,,1.0,1.0,1.0,1.0,0.7139697665416633,1.0,1.0,1.0,1.0,0.9106155520442698
2555,4ce14eab81ed439f2,True,,,,,,,,,,1.0,1.0,0.0,1.0,0.8775079185461696,1.0,0.0,1.0,1.0,0.0
2556,13a793ea62b767a28,True,,,,,,,,,,1.0,1.0,0.5,1.0,0.80181289816833,1.0,1.0,1.0,0.0,0.4065332653388016
2557,bea93c9cd22af6ec1,True,,,,,,,,,,1.0,0.0,1.0,1.0,1.0,1.0,0.0,1.0,0.0,0.0
2558,16149296d3a6ee433,True,,,,,,,,,,1.0,1.0,1.0,1.0,0.6489440389757115,1.0,1.0,1.0,0.0,0.7652950121799098
2559,edd46eab5d581d11a,True,,,,,,,,,,1.0,0.0,0.0,1.0,1.0,1.0,0.0,1.0,0.0,0.0
2560,5f47a3fc517f4ab93,True,,,,,,,,,,1.0,1.0,1.0,1.0,1.0,1.0,1.0,1.0,0.0,0.875
2561,adb8420cc91f10b6d,True,,,,,,,,,,1.0,1.0,1.0,1.0,0.6372790468533642,1.0,1.0,1.0,1.0,0.8866497021416764
2562,3a833c6bb917d783d,True,,,,,,,,,,0.0,1.0,1.0,1.0,1.0,0.0,1.0,1.0,0.0,0.0
2563,886484d2bedf04b15,True,,,,,,,,,,1.0,1.0,1.0,1.0,0.4355038906179896,1.0,1.0,1.0,1.0,0.8235949658181217
2564,7d08b706a7adba557,True,,,,,,,,,,1.0,1.0,1.0,1.0,0.733714795884379,1.0,1.0,1.0,1.0,0.9167858737138684
2565,8add9070020c81cb2,True,,,,,,,,,,0.0,1.0,1.0,1.0,1.0,0.0,0.0,1.0,0.0,0.0
2566,4e6440872891a9f19,True,,,,,,,,,,1.0,0.0,1.0,1.0,1.0,1.0,1.0,1.0,0.0,0.0
2567,977312aa1b30d7f8f,True,,,,,,,,,,1.0,0.0,1.0,1.0,1.0,1.0,1.0,1.0,1.0,0.0
2568,e9a53fb1b01539d71,True,,,,,,,,,,1.0,1.0,1.0,1.0,0.7916484058610114,1.0,0.0,1.0,0.0,0.684890126831566
2569,7dbe15c1329420b90,True,,,,,,,,,,1.0,0.0,1.0,1.0,1.0,1.0,0.0,1.0,1.0,0.0
2570,467d1a5ec9c912bda,True,,,,,,,,,,1.0,1.0,1.0,1.0,1.0,1.0,0.0,1.0,0.0,0.75
2571,60b000943deffcfb1,True,,,,,,,,,,1.0,0.0,1.0,1.0,0.9055692491789431,1.0,1.0,1.0,0.0,0.0
2572,4683eec43a1454ea9,True,,,,,,,,,,1.0,1.0,1.0,1.0,0.7970300705060689,1.0,0.0,1.0,1.0,0.8115718970331465
2573,cbef70f53373bf6bb,True,,,,,,,,,,1.0,1.0,1.0,1.0,0.18349262203636155,1.0,0.0,1.0,0.0,0.49484144438636296
2574,785173203974d1027,True,,,,,,,,,,1.0,0.0,1.0,1.0,0.8661954120137615,1.0,1.0,1.0,1.0,0.0
2575,e1654044aa2aa4003,True,,,,,,,,,,1.0,0.0,1.0,1.0,0.7442141795915664,1.0,0.0,0.0,0.0,0.0
2576,1c973ecab8156df90,True,,,,,,,,,,1.0,1.0,1.0,1.0,1.0,1.0,0.0,1.0,1.0,0.875
2577,569fb4f27fe2509f7,True,,,,,,,,,,1.0,0.0,1.0,1.0,0.550060034969702,1.0,1.0,1.0,0.0,0.0
2578,b24449179efd06cad,True,,,,,,,,,,1.0,1.0,1.0,1.0,0.8607409677574271,1.0,1.0,1.0,1.0,0.956481552424196
2579,88438c22da37ffc4f,True,,,,,,,,,,0.5,0.0,1.0,1.0,1.0,0.0,1.0,1.0,0.0,0.0
2580,1effe02b2af9680a9,True,,,,,,,,,,1.0,1.0,1.0,1.0,0.5869399160327406,1.0,0.0,1.0,1.0,0.7459187237602314
2581,8b07c31db85204e64,True,,,,,,,,,,1.0,1.0,0.0,1.0,0.8062635787278802,0.0,0.0,0.0,0.0,0.0
2582,134a68b7ad7fc9ec4,True,,,,,,,,,,1.0,1.0,1.0,1.0,0.9840854327954104,1.0,1.0,1.0,1.0,0.9950266977485658
2583,aeec01880eb4ba54b,True,,,,,,,,,,1.0,0.0,1.0,1.0,1.0,1.0,0.0,1.0,1.0,0.0
2584,9384f1e1e708f3470,True,,,,,,,,,,1.0,1.0,1.0,1.0,0.7861461162069605,1.0,1.0,1.0,1.0,0.9331706613146752
2585,dda6b82566281cb83,True,,,,,,,,,,1.0,1.0,1.0,1.0,0.6932301379106444,1.0,1.0,1.0,0.0,0.7791344180970764
2586,1de9185a9bb05abe5,True,,,,,,,,,,1.0,1.0,1.0,1.0,0.48619763037262587,1.0,1.0,1.0,1.0,0.8394367594914456
2587,abe4fa3284d5d8e53,True,,,,,,,,,,1.0,1.0,1.0,1.0,0.5478943705600233,1.0,1.0,1.0,1.0,0.8587169908000073
2588,8732dc54a30ca7f80,True,,,,,,,,,,0.0,1.0,0.5,1.0,1.0,0.0,1.0,1.0,1.0,0.0
2589,704a2b5191f2e8c04,True,,,,,,,,,,1.0,1.0,0.5,1.0,1.0,1.0,0.0,1.0,1.0,0.4375
2590,402bdbb00ffac92e5,True,,,,,,,,,,1.0,1.0,1.0,1.0,0.8766331987918852,1.0,1.0,1.0,1.0,0.9614478746224642
2591,dd0ab6f5e9d352fb2,True,,,,,,,,,,1.0,1.0,0.5,1.0,1.0,1.0,0.0,1.0,0.0,0.375
2592,7aa2434007747c439,True,,,,,,,,,,1.0,1.0,0.0,1.0,1.0,1.0,0.0,1.0,1.0,0.0
2593,cb15174665de85fb2,True,,,,,,,,,,1.0,1.0,1.0,1.0,0.6070858544659469,1.0,1.0,1.0,0.0,0.7522143295206084
2594,fff9b31e14a7c9885,True,,,,,,,,,,1.0,1.0,1.0,1.0,0.8138310736512148,1.0,0.0,1.0,1.0,0.8168222105160046
2595,55a589ced770cbf72,True,,,,,,,,,,1.0,0.0,1.0,1.0,0.9520215256728021,1.0,0.0,1.0,1.0,0.0
2596,115bbfc42ca3a09e4,True,,,,,,,,,,1.0,1.0,1.0,1.0,0.3325775499486314,1.0,0.0,1.0,1.0,0.6664304843589473
2597,679e3c52a1d70d447,True,,,,,,,,,,1.0,1.0,0.5,1.0,0.7638761634749565,1.0,0.0,0.0,0.0,0.27560565054296193
2598,bf56b1e490af51e25,True,,,,,,,,,,1.0,1.0,1.0,1.0,0.285898941185067,1.0,0.0,1.0,1.0,0.6518434191203335
2599,9db723ede5227209d,True,,,,,,,,,,1.0,1.0,0.5,1.0,1.0,1.0,0.0,0.0,0.0,0.3125
2600,ea85faa2c543fbbae,True,,,,,,,,,,1.0,1.0,1.0,1.0,0.607977691819986,1.0,1.0,1.0,0.0,0.7524930286937457
2601,d43228a4743b49a37,True,,,,,,,,,,1.0,1.0,1.0,1.0,0.5913587504901935,1.0,1.0,1.0,1.0,0.8722996095281854
2602,477b98093c6f47fcc,True,,,,,,,,,,0.5,0.0,0.5,1.0,1.0,0.0,0.0,1.0,1.0,0.0
2603,2288b831536d541ba,True,,,,,,,,,,0.0,1.0,0.5,1.0,1.0,0.0,1.0,1.0,0.0,0.0
2604,09eb15786b4c45a6b,True,,,,,,,,,,1.0,0.0,1.0,1.0,0.5809990170593946,1.0,0.0,1.0,1.0,0.0
2605,c4bc5e76f15b2b430,True,,,,,,,,,,1.0,1.0,1.0,1.0,0.4771064173184907,1.0,1.0,1.0,1.0,0.8365957554120284
2606,56a96ee7abd76ab13,True,,,,,,,,,,0.0,1.0,1.0,1.0,1.0,0.0,0.0,1.0,0.0,0.0
2607,120c21d6c27040aa9,True,,,,,,,,,,1.0,1.0,1.0,1.0,0.33447384143921405,1.0,1.0,1.0,1.0,0.7920230754497544
2608,f22018746ab277cda,True,,,,,,,,,,1.0,0.0,0.5,1.0,1.0,1.0,0.0,1.0,1.0,0.0
2609,845a83fdb1732a5ef,True,,,,,,,,,,1.0,0.0,0.0,0.0,1.0,1.0,0.0,1.0,0.0,0.0
2610,a0663290a63074719,True,,,,,,,,,,1.0,1.0,1.0,1.0,0.7141460954550624,1.0,0.0,1.0,1.0,0.785670654829707
2611,2de791cac29ff4f89,True,,,,,,,,,,1.0,1.0,1.0,1.0,0.7683186374948741,1.0,1.0,1.0,1.0,0.9275995742171481
2612,b20b0b76f7991c89b,True,,,,,,,,,,1.0,1.0,1.0,1.0,1.0,1.0,0.0,1.0,1.0,0.875
2613,064dc83e13c6841b5,True,,,,,,,,,,1.0,1.0,0.0,1.0,0.7735726961535757,1.0,0.0,1.0,1.0,0.0
2614,7d8867cd2c80b0fd8,True,,,,,,,,,,1.0,1.0,1.0,1.0,0.8739069372870099,1.0,1.0,1.0,0.0,0.8355959179021906
2615,a42ef2d15ed8d3d94,True,,,,,,,,,,1.0,1.0,1.0,1.0,1.0,1.0,1.0,1.0,1.0,1.0
2616,eb251433c13f5a4f2,True,,,,,,,,,,0.0,0.0,0.5,1.0,1.0,1.0,0.0,1.0,0.0,0.0
2617,c3b8d6641081a7618,True,,,,,,,,,,1.0,0.0,0.5,1.0,1.0,1.0,0.0,1.0,0.0,0.0
2618,90ffd09937f409beb,True,,,,,,,,,,1.0,1.0,1.0,1.0,0.49520306166958766,1.0,0.0,1.0,0.0,0.5922509567717461
2619,de50c5684cbb85a60,True,,,,,,,,,,1.0,0.0,0.0,1.0,0.643114514592703,1.0,0.0,1.0,0.0,0.0
2620,e19863cd98bd2677b,True,,,,,,,,,,1.0,1.0,1.0,1.0,0.6056942614884354,1.0,1.0,1.0,1.0,0.8767794567151361
2621,90a368abf1e231f06,True,,,,,,,,,,1.0,0.0,1.0,1.0,0.6047650336949855,1.0,1.0,1.0,1.0,0.0
2622,3a914696b13bea070,True,,,,,,,,,,1.0,1.0,1.0,1.0,0.5574117996100344,1.0,0.0,1.0,1.0,0.7366911873781358
2623,2fb382cc58b2e089f,True,,,,,,,,,,1.0,1.0,1.0,1.0,0.8098506185030788,1.0,0.0,1.0,1.0,0.8155783182822121
2624,ee7793a6b27386136,True,,,,,,,,,,1.0,1.0,1.0,1.0,0.5321293406638581,1.0,1.0,1.0,1.0,0.8537904189574557
2625,30b4066d1794ea8ff,True,,,,,,,,,,1.0,1.0,1.0,1.0,1.0,1.0,1.0,1.0,1.0,1.0
2626,9ce85f2dc52093c43,True,,,,,,,,,,1.0,1.0,1.0,1.0,0.4633068760595423,1.0,0.0,1.0,0.0,0.5822833987686069
2627,37059447ec970c23a,True,,,,,,,,,,1.0,1.0,1.0,1.0,0.9448865829831743,1.0,1.0,1.0,1.0,0.982777057182242
2628,dab873d7c23152d34,True,,,,,,,,,,1.0,1.0,1.0,1.0,0.8388185759905766,1.0,0.0,1.0,1.0,0.8246308049970552
2629,ae2bc6336b41077f4,True,,,,,,,,,,1.0,1.0,1.0,1.0,0.39946274677476135,1.0,0.0,1.0,1.0,0.6873321083671129
2630,5fb2ee221c72e08b2,True,,,,,,,,,,1.0,1.0,1.0,1.0,0.5727265542664389,1.0,1.0,1.0,1.0,0.8664770482082622
2631,d790b694cb899e145,True,,,,,,,,,,1.0,1.0,1.0,1.0,0.8077705871274291,1.0,1.0,1.0,1.0,0.9399283084773216
2632,76e0516677156bad8,True,,,,,,,,,,1.0,0.0,1.0,1.0,1.0,1.0,0.0,1.0,1.0,0.0
2633,891f0c38752897ee9,True,,,,,,,,,,1.0,1.0,0.0,1.0,1.0,1.0,0.0,1.0,1.0,0.0
2634,b2a59535b3edfbc37,True,,,,,,,,,,1.0,1.0,1.0,1.0,0.8191954893955,1.0,1.0,1.0,1.0,0.9434985904360937
2635,73f7119a7b5a0b42c,True,,,,,,,,,,1.0,1.0,1.0,1.0,0.6204417606739215,1.0,1.0,1.0,1.0,0.8813880502106005
2636,f48375618b581af7d,True,,,,,,,,,,1.0,0.0,0.0,1.0,1.0,1.0,0.0,0.0,0.0,0.0
2637,f5714362919202c36,True,,,,,,,,,,1.0,1.0,1.0,1.0,0.07680703822788017,1.0,1.0,1.0,1.0,0.7115021994462125
2638,f8f9337702054ca25,True,,,,,,,,,,1.0,1.0,1.0,1.0,1.0,1.0,0.0,1.0,0.0,0.75
2639,2df4afab4d0b02842,True,,,,,,,,,,1.0,1.0,1.0,1.0,0.6498434413609948,1.0,0.0,1.0,0.0,0.6405760754253109
2640,144eb49ce2929f8ea,True,,,,,,,,,,1.0,1.0,1.0,1.0,1.0,1.0,1.0,1.0,1.0,1.0
2641,e0a8201279694e092,True,,,,,,,,,,0.0,1.0,1.0,1.0,1.0,0.0,1.0,1.0,0.0,0.0
2642,f2d7c34919985c798,True,,,,,,,,,,0.0,1.0,1.0,1.0,1.0,0.0,0.0,1.0,1.0,0.0
2643,b50c1c40b51d7211f,True,,,,,,,,,,1.0,1.0,1.0,1.0,0.9151679812877015,1.0,0.0,1.0,0.0,0.7234899941524067
2644,e7db08ac75d56b8b2,True,,,,,,,,,,1.0,1.0,1.0,1.0,0.4074679248630508,1.0,0.0,1.0,1.0,0.6898337265197034
2645,7128f87176a382be0,True,,,,,,,,,,0.0,1.0,1.0,1.0,1.0,0.0,1.0,1.0,0.0,0.0
2646,d5cbf126369d32fdf,True,,,,,,,,,,1.0,0.0,0.5,1.0,1.0,1.0,1.0,1.0,1.0,0.0
2647,dc76f297f95b90094,True,,,,,,,,,,1.0,1.0,0.0,1.0,0.7553764308496259,1.0,0.0,1.0,0.0,0.0
2648,c6b07c5dde1ec90c2,True,,,,,,,,,,1.0,1.0,1.0,1.0,1.0,1.0,0.0,1.0,0.0,0.75
2649,c03cd29553653d383,True,,,,,,,,,,1.0,1.0,1.0,1.0,0.29349651075899585,1.0,1.0,1.0,0.0,0.6542176596121863
2650,45f0a34210cea5243,True,,,,,,,,,,1.0,1.0,1.0,1.0,0.7139652253256158,1.0,1.0,1.0,0.0,0.785614132914255
2651,fe2ce74b2caa3fec8,True,,,,,,,,,,1.0,1.0,1.0,1.0,0.20196050264595927,1.0,1.0,1.0,0.0,0.6256126570768623
2652,4a99f83b526b20ecf,True,,,,,,,,,,1.0,0.0,1.0,1.0,0.6843868524865295,1.0,0.0,1.0,1.0,0.0
2653,53584220d24323201,True,,,,,,,,,,1.0,1.0,0.5,1.0,1.0,1.0,0.0,1.0,1.0,0.4375
2654,4413f87001fcbb7eb,True,,,,,,,,,,1.0,1.0,1.0,1.0,1.0,1.0,1.0,1.0,0.0,0.875
2655,a8f42da9ce93b404d,True,,,,,,,,,,1.0,0.0,0.0,1.0,1.0,1.0,0.0,0.0,0.0,0.0
2656,e7ae2cd68d33a847e,True,,,,,,,,,,1.0,1.0,1.0,1.0,0.7991212301905894,1.0,0.0,1.0,1.0,0.8122253844345593
2657,6c9c8eacefc209d52,True,,,,,,,,,,1.0,1.0,1.0,1.0,0.6701654777680107,1.0,1.0,1.0,1.0,0.8969267118025034
2658,3aa9ab0760c9f1c8a,True,,,,,,,,,,1.0,1.0,1.0,1.0,0.6439967556347437,1.0,1.0,1.0,0.0,0.7637489861358574
2659,b1c7cedccc066a77d,True,,,,,,,,,,1.0,1.0,0.5,1.0,0.7441443572471508,1.0,0.0,1.0,1.0,0.3975225558198673
2660,bd799913f5456fbe9,True,,,,,,,,,,1.0,0.0,1.0,1.0,1.0,1.0,1.0,0.0,0.0,0.0
2661,a3d3acd8f46271484,True,,,,,,,,,,1.0,0.0,1.0,1.0,0.7220242188206577,1.0,1.0,1.0,1.0,0.0
2662,31df3ebdb68bf83fe,True,,,,,,,,,,0.0,1.0,1.0,1.0,1.0,0.0,1.0,1.0,0.0,0.0
2663,3be7098579628f9d1,True,,,,,,,,,,0.0,1.0,1.0,1.0,1.0,0.0,1.0,1.0,0.0,0.0
2664,5b460729c6e5e42fd,True,,,,,,,,,,1.0,1.0,1.0,1.0,1.0,1.0,1.0,1.0,0.0,0.875
2665,c0831690e22e4cfbc,True,,,,,,,,,,1.0,1.0,1.0,1.0,0.6241994572081938,1.0,1.0,1.0,1.0,0.8825623303775606
2666,3f68c9f1e2821def0,True,,,,,,,,,,1.0,1.0,1.0,1.0,0.8149171754370871,1.0,1.0,1.0,0.0,0.8171616173240897
2667,57f473049e88971e9,True,,,,,,,,,,1.0,1.0,1.0,1.0,0.7835633631556834,1.0,0.0,1.0,1.0,0.8073635509861511
2668,ccafa2d23a6f3f8b5,True,,,,,,,,,,1.0,1.0,1.0,1.0,1.0,1.0,0.0,1.0,0.0,0.75
2669,c8d8656019a0cad0e,True,,,,,,,,,,1.0,1.0,1.0,1.0,0.7520502945740135,1.0,1.0,1.0,1.0,0.9225157170543792
2670,d153031465d8e37cb,True,,,,,,,,,,1.0,1.0,1.0,1.0,0.7369396457716525,1.0,1.0,1.0,1.0,0.9177936393036414
2671,c2453cf14f2d02b30,True,,,,,,,,,,1.0,0.0,1.0,1.0,0.7386011041194495,1.0,1.0,1.0,0.0,0.0
2672,ece1be85754833649,True,,,,,,,,,,1.0,1.0,1.0,1.0,0.30068786027229205,1.0,0.0,1.0,1.0,0.6564649563350913
2673,2653246a8dbdf690b,True,,,,,,,,,,1.0,1.0,1.0,1.0,0.603695507963809,1.0,0.0,1.0,0.0,0.6261548462386903
2674,19ef2d6f1a4a25124,True,,,,,,,,,,1.0,0.0,1.0,1.0,0.7218341738010237,1.0,1.0,1.0,0.0,0.0
2675,4689ca7c12d8569bc,True,,,,,,,,,,1.0,1.0,1.0,1.0,0.7424069722177676,1.0,1.0,1.0,0.0,0.7945021788180524
2676,1559b4629f70930e4,True,,,,,,,,,,1.0,1.0,1.0,1.0,0.7925503997814033,1.0,1.0,1.0,0.0,0.8101719999316885
2677,e7f8c99f8df8cf65b,True,,,,,,,,,,0.0,1.0,1.0,1.0,1.0,0.0,1.0,1.0,1.0,0.0
2678,93665513823171463,True,,,,,,,,,,1.0,1.0,1.0,1.0,1.0,1.0,0.0,1.0,1.0,0.875
2679,78d4cffc4aa085aab,True,,,,,,,,,,1.0,1.0,1.0,1.0,1.0,1.0,1.0,1.0,0.0,0.875
2680,e1e6ccb3f67db2d88,True,,,,,,,,,,1.0,1.0,0.0,1.0,0.8434406350984754,1.0,0.0,1.0,1.0,0.0
2681,24eaf29d6a3fb645e,True,,,,,,,,,,1.0,1.0,1.0,1.0,0.9668160622215758,1.0,1.0,1.0,1.0,0.9896300194442424
2682,5d14b0687eb2ad5a2,True,,,,,,,,,,0.5,1.0,1.0,1.0,1.0,0.0,1.0,1.0,1.0,0.34375
2683,303ba3f05a636f6e9,True,,,,,,,,,,1.0,1.0,1.0,1.0,0.8497515931158584,1.0,1.0,1.0,1.0,0.9530473728487057
2684,27007a0ff06d16d30,True,,,,,,,,,,0.0,0.0,1.0,1.0,1.0,0.0,1.0,1.0,1.0,0.0
2685,4929156d96635caed,True,,,,,,,,,,1.0,1.0,1.0,1.0,0.3903266789631751,1.0,0.0,1.0,1.0,0.6844770871759922
2686,362f2d9e119bf7981,True,,,,,,,,,,1.0,1.0,1.0,1.0,1.0,1.0,0.0,1.0,0.0,0.75
2687,81523e3e502f7fd7f,True,,,,,,,,,,1.0,1.0,0.5,1.0,1.0,1.0,1.0,1.0,0.0,0.4375
2688,f25f0a0a5f68f4d90,True,,,,,,,,,,1.0,1.0,1.0,1.0,0.8317793071961629,1.0,1.0,1.0,1.0,0.947431033498801
2689,55c8727d5f4634051,True,,,,,,,,,,1.0,1.0,1.0,1.0,0.8414357982691946,1.0,1.0,1.0,0.0,0.8254486869591233
2690,7fe948a38f3a767fe,True,,,,,,,,,,1.0,1.0,0.5,1.0,0.5279230953742209,1.0,0.0,1.0,1.0,0.363737983652222
2691,52d06afe759842b4a,True,,,,,,,,,,1.0,0.0,0.5,1.0,1.0,1.0,0.0,1.0,0.0,0.0
2692,86275551f43e6b105,True,,,,,,,,,,0.0,1.0,1.0,1.0,1.0,0.0,0.0,1.0,1.0,0.0
2693,9ac59d12e61e3b3ff,True,,,,,,,,,,1.0,1.0,1.0,1.0,0.5962156424027218,1.0,1.0,0.0,1.0,0.7488173882508506
2694,713ecb5e6f7885bee,True,,,,,,,,,,1.0,1.0,1.0,1.0,1.0,1.0,1.0,1.0,1.0,1.0
2695,205bfe6adc22021bb,True,,,,,,,,,,1.0,1.0,1.0,1.0,0.5333099963121557,1.0,1.0,1.0,1.0,0.8541593738475486
2696,d7806477ce81cf2b8,True,,,,,,,,,,1.0,1.0,1.0,1.0,0.7173830452474128,1.0,1.0,1.0,1.0,0.9116822016398165
2697,92543dc9e560f1be0,True,,,,,,,,,,1.0,1.0,1.0,1.0,1.0,1.0,1.0,1.0,0.0,0.875
2698,38a3a85f24db9d0f8,True,,,,,,,,,,1.0,1.0,0.5,1.0,1.0,1.0,0.0,1.0,1.0,0.4375
2699,6dc215cf4dcd911e3,True,,,,,,,,,,1.0,1.0,1.0,1.0,0.9658936170506323,1.0,1.0,1.0,0.0,0.8643417553283226
2700,2614f6ffeaef993a9,True,,,,,,,,,,1.0,1.0,1.0,1.0,0.5923245341580784,1.0,0.0,1.0,1.0,0.7476014169243995
2701,c7f0d1c6de80f0c15,True,,,,,,,,,,1.0,1.0,1.0,1.0,0.3658813563239478,1.0,1.0,1.0,0.0,0.6768379238512336
2702,09ff70ea6f020da6f,True,,,,,,,,,,0.0,1.0,1.0,1.0,1.0,0.0,1.0,1.0,1.0,0.0
2703,5a562731374a3054b,True,,,,,,,,,,1.0,1.0,1.0,1.0,0.5856921058625166,1.0,1.0,1.0,1.0,0.8705287830820365
2704,5de1e274bd9229940,True,,,,,,,,,,1.0,0.0,1.0,1.0,1.0,1.0,1.0,1.0,0.0,0.0
2705,9225b4285de2f81d8,True,,,,,,,,,,1.0,0.0,1.0,1.0,1.0,1.0,1.0,1.0,1.0,0.0
2706,44f34ef68cafc4814,True,,,,,,,,,,1.0,1.0,1.0,1.0,0.4916853228288249,1.0,1.0,1.0,1.0,0.8411516633840077
2707,5b406458d7f722fb2,True,,,,,,,,,,1.0,1.0,1.0,1.0,0.6912628979569211,1.0,0.0,1.0,1.0,0.7785196556115379
2708,3a5164bb3f2fdabd5,True,,,,,,,,,,1.0,1.0,0.5,1.0,0.5245733688021332,1.0,1.0,1.0,1.0,0.4257145888753333
2709,a9c1cde64b777a9e3,True,,,,,,,,,,1.0,1.0,1.0,1.0,1.0,1.0,0.0,1.0,1.0,0.875
2710,d328dc60ffaca31bf,True,,,,,,,,,,1.0,1.0,1.0,1.0,0.7065087037664487,1.0,0.0,1.0,0.0,0.6582839699270152
2711,8254c72f094adeb13,True,,,,,,,,,,1.0,1.0,1.0,1.0,1.0,1.0,1.0,1.0,1.0,1.0
2712,eb6640d34db9e73af,True,,,,,,,,,,1.0,1.0,1.0,1.0,0.18155675443052086,1.0,1.0,1.0,1.0,0.7442364857595378
2713,e51490fe813037042,True,,,,,,,,,,0.0,1.0,1.0,0.0,1.0,0.0,1.0,1.0,0.0,0.0
2714,d29fc0876909edc75,True,,,,,,,,,,1.0,1.0,1.0,1.0,0.5970601809249046,1.0,1.0,1.0,1.0,0.8740813065390327
2715,a4bf3773c3567bbdc,True,,,,,,,,,,1.0,1.0,1.0,1.0,0.8007530199765234,1.0,0.0,1.0,1.0,0.8127353187426636
2716,dc92f82e6715ac493,True,,,,,,,,,,0.0,1.0,1.0,1.0,0.9233722872795406,0.0,0.0,1.0,1.0,0.0
2717,cd9aed75f054bccb5,True,,,,,,,,,,1.0,1.0,1.0,1.0,0.552570556592509,1.0,0.0,1.0,0.0,0.6101782989351591
2718,167e9515df0f9719a,True,,,,,,,,,,1.0,1.0,1.0,1.0,0.6012461159303842,1.0,0.0,1.0,0.0,0.6253894112282451
2719,aa7d114cf25b1f9f0,True,,,,,,,,,,1.0,1.0,1.0,1.0,0.729603365982438,1.0,0.0,1.0,1.0,0.7905010518695119
2720,2efb596222f8cbb75,True,,,,,,,,,,1.0,1.0,0.5,1.0,1.0,1.0,0.0,1.0,1.0,0.4375
2721,5e6d2cd10c8d3e867,True,,,,,,,,,,1.0,1.0,1.0,1.0,0.8229723845386682,1.0,0.0,1.0,1.0,0.8196788701683337
2722,232ee9d7342aed6a0,True,,,,,,,,,,1.0,0.0,1.0,1.0,1.0,1.0,1.0,1.0,0.0,0.0
2723,5f80678c8465899ca,True,,,,,,,,,,1.0,1.0,1.0,1.0,0.6363755634360768,1.0,0.0,1.0,1.0,0.761367363573774
2724,40e276fbb70b36a86,True,,,,,,,,,,1.0,0.0,1.0,1.0,0.6796680502211375,1.0,1.0,1.0,0.0,0.0
2725,7bc8b418055d0cc73,True,,,,,,,,,,0.0,1.0,0.0,1.0,1.0,0.0,0.0,1.0,0.0,0.0
2726,fa8f611f3da2dce93,True,,,,,,,,,,1.0,0.0,1.0,1.0,1.0,0.0,0.0,1.0,0.0,0.0
2727,19590a52744c02e94,True,,,,,,,,,,1.0,1.0,1.0,1.0,0.8535197492015493,1.0,1.0,1.0,1.0,0.9542249216254841
2728,10b2a2e4969e65b18,True,,,,,,,,,,1.0,0.0,1.0,1.0,0.7606457086958364,1.0,1.0,1.0,1.0,0.0
2729,ca521b286f7fb606e,True,,,,,,,,,,0.0,1.0,1.0,1.0,1.0,0.0,1.0,1.0,0.0,0.0
2730,3a09d1ed3abb7ce82,True,,,,,,,,,,1.0,1.0,0.0,1.0,1.0,1.0,0.0,1.0,1.0,0.0
2731,8c3b732ea1b87e65b,True,,,,,,,,,,1.0,1.0,1.0,1.0,0.513955136444527,1.0,1.0,1.0,0.0,0.7231109801389146
2732,dcea45b5db447124d,True,,,,,,,,,,1.0,0.0,1.0,1.0,1.0,1.0,0.0,1.0,1.0,0.0
2733,ffa118247f83dcacd,True,,,,,,,,,,1.0,1.0,1.0,1.0,0.34806019252202336,1.0,1.0,1.0,1.0,0.7962688101631323
2734,7dd7378a3a19d8a0e,True,,,,,,,,,,1.0,1.0,1.0,1.0,0.7923413846532662,1.0,0.0,1.0,1.0,0.8101066827041457
2735,3e552e543e3533e54,True,,,,,,,,,,1.0,1.0,1.0,1.0,0.563947232994424,1.0,0.0,1.0,0.0,0.6137335103107575
2736,c4db0ed678d459874,True,,,,,,,,,,1.0,1.0,1.0,1.0,0.8416187072272283,1.0,0.0,1.0,0.0,0.7005058460085088
2737,bd4e6cf360c4e8c49,True,,,,,,,,,,1.0,1.0,1.0,1.0,0.7052976329780279,1.0,1.0,1.0,1.0,0.9079055103056337
2738,b126b5cfaa1f25e61,True,,,,,,,,,,1.0,1.0,1.0,1.0,0.5274886329190629,1.0,1.0,1.0,1.0,0.8523401977872072
2739,8abc54b8e7a9ff3ca,True,,,,,,,,,,1.0,1.0,0.5,1.0,1.0,1.0,0.0,1.0,1.0,0.4375
2740,67ef263669c2bab4b,True,,,,,,,,,,1.0,1.0,1.0,1.0,0.8724892565419727,1.0,1.0,1.0,1.0,0.9601528926693665
2741,09fa657ef5c07d73d,True,,,,,,,,,,1.0,0.0,1.0,1.0,1.0,1.0,0.0,1.0,1.0,0.0
2742,5567f0e0a3373dbcb,True,,,,,,,,,,1.0,1.0,1.0,1.0,0.8126390656706307,1.0,0.0,1.0,1.0,0.8164497080220721
2743,d06e479e4e59a2a44,True,,,,,,,,,,0.0,0.0,0.5,1.0,1.0,1.0,0.0,1.0,0.0,0.0
2744,a863c3cc5f754b2b4,True,,,,,,,,,,1.0,1.0,1.0,1.0,0.5950481903805048,1.0,1.0,1.0,1.0,0.8734525594939078
2745,152d958486f2526ce,True,,,,,,,,,,1.0,1.0,0.0,1.0,0.7420197174656241,1.0,0.0,1.0,1.0,0.0
2746,bda8e2ddfcebef730,True,,,,,,,,,,1.0,1.0,0.0,1.0,1.0,1.0,0.0,1.0,1.0,0.0
2747,991fe7806bacdbaca,True,,,,,,,,,,0.0,1.0,1.0,1.0,1.0,0.0,1.0,1.0,1.0,0.0
2748,ceeb78663a0b4f09b,True,,,,,,,,,,1.0,1.0,1.0,1.0,0.7086434952494391,0.0,0.0,1.0,1.0,0.47145109226544973
2749,78fdd992fa8acb334,True,,,,,,,,,,0.0,1.0,0.5,1.0,1.0,0.0,0.0,1.0,0.0,0.0
2750,445dc87ec088dd46a,True,,,,,,,,,,1.0,0.0,1.0,1.0,0.6068066850414328,1.0,1.0,1.0,0.0,0.0
2751,c77d4472e1ca73bd3,True,,,,,,,,,,1.0,1.0,1.0,0.0,1.0,1.0,1.0,1.0,1.0,0.0
2752,60d2e82730e16c5a0,True,,,,,,,,,,1.0,0.0,0.0,1.0,1.0,1.0,0.0,1.0,1.0,0.0
2753,a34f2a190f165bd3c,True,,,,,,,,,,1.0,1.0,1.0,1.0,0.5641691804297779,1.0,1.0,1.0,1.0,0.8638028688843056
2754,4f7f3184912163792,True,,,,,,,,,,1.0,1.0,0.0,1.0,0.9627505121431489,1.0,0.0,1.0,1.0,0.0
2755,803b2f23625961a5b,True,,,,,,,,,,1.0,0.0,1.0,1.0,0.8503078618403814,1.0,0.0,1.0,1.0,0.0
2756,2947a7779fffc9a73,True,,,,,,,,,,1.0,0.0,0.5,1.0,1.0,1.0,0.0,1.0,0.0,0.0
2757,88d72263f1af2d277,True,,,,,,,,,,1.0,0.0,0.5,1.0,1.0,1.0,1.0,1.0,0.0,0.0
2758,c909e005442d28a9c,True,,,,,,,,,,1.0,1.0,1.0,1.0,0.7390636341735098,1.0,1.0,1.0,0.0,0.7934573856792219
2759,7a574ea5511afe40d,True,,,,,,,,,,1.0,1.0,1.0,1.0,1.0,1.0,0.0,1.0,0.0,0.75
2760,5e403ae55f93fea63,True,,,,,,,,,,1.0,1.0,0.5,1.0,1.0,1.0,1.0,1.0,1.0,0.5
2761,92f6dfd3e7865475c,True,,,,,,,,,,1.0,0.0,1.0,1.0,0.9098400192075606,1.0,1.0,1.0,1.0,0.0
2762,52e9709be4289e9ff,True,,,,,,,,,,1.0,1.0,1.0,1.0,0.8138481822141496,1.0,0.0,1.0,1.0,0.8168275569419217
2763,cdb80903b75b86325,True,,,,,,,,,,1.0,1.0,1.0,1.0,0.9269223194329623,1.0,1.0,1.0,0.0,0.8521632248228007
2764,f1ba8705833975e6b,True,,,,,,,,,,0.0,1.0,1.0,1.0,1.0,0.0,1.0,1.0,1.0,0.0
2765,00e5457ca561abfbb,True,,,,,,,,,,1.0,0.0,1.0,1.0,0.6532956495135327,1.0,1.0,1.0,1.0,0.0
2766,af838aad1e6b19925,True,,,,,,,,,,1.0,1.0,1.0,1.0,0.6041341238369196,1.0,1.0,1.0,1.0,0.8762919136990374
2767,168a27b36c1bcf538,True,,,,,,,,,,1.0,1.0,0.0,1.0,1.0,1.0,0.0,1.0,1.0,0.0
2768,dcf19e94036cc47aa,True,,,,,,,,,,1.0,0.0,0.5,1.0,1.0,1.0,0.0,1.0,1.0,0.0
2769,b597eeb6a07198090,True,,,,,,,,,,1.0,0.0,1.0,1.0,0.8463215159762613,1.0,1.0,1.0,1.0,0.0
2770,17014286d867292ae,True,,,,,,,,,,1.0,1.0,1.0,1.0,0.7099921246721854,1.0,1.0,1.0,0.0,0.784372538960058
2771,c047340a6e1fc6422,True,,,,,,,,,,1.0,1.0,1.0,1.0,0.4078057845976651,1.0,1.0,1.0,0.0,0.6899393076867704
2772,bec0eb9fc0a02638a,True,,,,,,,,,,1.0,1.0,1.0,1.0,0.8526404421247341,1.0,1.0,1.0,0.0,0.8289501381639794
2773,d8e3174dae4ece006,True,,,,,,,,,,1.0,1.0,1.0,1.0,0.3091960292699899,1.0,0.0,1.0,1.0,0.6591237591468718
2774,bb64b91f09ac1d235,True,,,,,,,,,,1.0,0.0,1.0,1.0,0.576282317560371,1.0,1.0,1.0,1.0,0.0
2775,74112fd9ef3478d34,True,,,,,,,,,,1.0,0.0,1.0,1.0,1.0,1.0,0.0,1.0,1.0,0.0
2776,56cdce665c7a8a742,True,,,,,,,,,,1.0,0.0,1.0,1.0,1.0,1.0,0.0,1.0,1.0,0.0
2777,0062f66f0a168555e,True,,,,,,,,,,1.0,1.0,1.0,1.0,0.17469959486054926,1.0,1.0,1.0,0.0,0.6170936233939217
2778,0b09e2367441527e4,True,,,,,,,,,,0.0,1.0,1.0,1.0,1.0,0.0,1.0,1.0,1.0,0.0
2779,acd2363307018e31e,True,,,,,,,,,,1.0,1.0,0.5,1.0,1.0,1.0,0.0,1.0,1.0,0.4375
2780,63ab15ccc8dcb91fd,True,,,,,,,,,,0.0,1.0,1.0,1.0,1.0,0.0,0.0,1.0,1.0,0.0
2781,9d3a947ac7ae15c8a,True,,,,,,,,,,0.0,1.0,1.0,1.0,1.0,0.0,0.0,1.0,0.0,0.0
2782,b24c5109d9a3320ec,True,,,,,,,,,,1.0,1.0,1.0,1.0,0.9647632801087869,1.0,0.0,1.0,1.0,0.8639885250339959
2783,4a16da9c6c03b5918,True,,,,,,,,,,1.0,1.0,1.0,1.0,0.7427854268962808,1.0,0.0,1.0,1.0,0.7946204459050877
2784,9bd02c4d06feae3dd,True,,,,,,,,,,1.0,1.0,0.0,1.0,0.8714678614780496,1.0,0.0,1.0,1.0,0.0
2785,c1c57e75b2d100427,True,,,,,,,,,,1.0,1.0,1.0,1.0,0.6581577481070151,1.0,0.0,1.0,1.0,0.7681742962834422
2786,024776041efb70cd4,True,,,,,,,,,,0.0,1.0,0.0,1.0,0.7312074611044598,0.0,0.0,1.0,1.0,0.0
2787,8ab7f330292d7d49f,True,,,,,,,,,,1.0,1.0,1.0,1.0,1.0,1.0,0.0,1.0,1.0,0.875
2788,6ea72a0c3033844cf,True,,,,,,,,,,1.0,1.0,1.0,1.0,0.3534066764232051,1.0,0.0,1.0,1.0,0.6729395863822516
2789,0b23cba96b245dcbe,True,,,,,,,,,,1.0,1.0,1.0,1.0,0.72341461068422,1.0,0.0,1.0,0.0,0.6635670658388187
2790,94f8422c63c8418c0,True,,,,,,,,,,1.0,1.0,1.0,1.0,0.9500438222173686,1.0,0.0,1.0,1.0,0.8593886944429276
2791,58f8bb6cc7ee41227,True,,,,,,,,,,1.0,0.0,1.0,1.0,0.8295398077942456,1.0,0.0,1.0,1.0,0.0
2792,07d57ac58a266170f,True,,,,,,,,,,1.0,1.0,1.0,1.0,0.44521009465041056,1.0,0.0,1.0,0.0,0.5766281545782533
2793,9142b4f8d76f38072,True,,,,,,,,,,1.0,0.0,1.0,1.0,0.6481823951025606,1.0,1.0,1.0,0.0,0.0
2794,81d9160bc76331523,True,,,,,,,,,,1.0,1.0,1.0,1.0,0.4412219841626733,1.0,1.0,1.0,0.0,0.7003818700508354
2795,1c913239e8b6739a5,True,,,,,,,,,,1.0,0.0,1.0,1.0,0.3656378292449019,1.0,1.0,1.0,0.0,0.0
2796,2730c2af7fa40d559,True,,,,,,,,,,1.0,0.0,1.0,1.0,1.0,1.0,1.0,1.0,1.0,0.0
2797,abb1e9c0cfeb7bb29,True,,,,,,,,,,0.0,0.0,0.5,1.0,1.0,0.0,0.0,1.0,1.0,0.0
2798,f785ce4a119cc22a1,True,,,,,,,,,,0.5,1.0,1.0,1.0,1.0,0.0,0.0,1.0,1.0,0.28125
2799,59f54dd987b4a80fd,True,,,,,,,,,,1.0,1.0,1.0,1.0,0.6531766287977329,1.0,1.0,1.0,1.0,0.8916176964992915
2800,fc50c3e2408f9caad,True,,,,,,,,,,1.0,0.0,0.0,1.0,1.0,1.0,0.0,1.0,1.0,0.0
2801,989f4b8f1e6bddc26,True,,,,,,,,,,1.0,1.0,1.0,1.0,0.5908592173765359,1.0,1.0,1.0,0.0,0.7471435054301675
2802,a557acb1f1d4211d2,True,,,,,,,,,,1.0,1.0,1.0,1.0,0.616620361766978,1.0,0.0,1.0,1.0,0.7551938630521806
2803,80f0bde16c34c246a,True,,,,,,,,,,1.0,1.0,0.5,1.0,1.0,1.0,0.0,1.0,0.0,0.375
2804,dedf2ffe66804a16a,True,,,,,,,,,,1.0,0.0,1.0,1.0,0.6268090431657255,1.0,1.0,1.0,1.0,0.0
2805,2c8a8566b34a09b90,True,,,,,,,,,,1.0,0.0,1.0,1.0,1.0,1.0,1.0,1.0,0.0,0.0
2806,dcc637b763e600173,True,,,,,,,,,,1.0,0.0,1.0,1.0,0.9494191422319522,1.0,1.0,0.0,0.0,0.0
2807,c379f5f53ec8ac236,True,,,,,,,,,,1.0,1.0,1.0,1.0,0.9938233277348674,1.0,0.0,1.0,1.0,0.873069789917146
2808,0d5b6ee9d0a973914,True,,,,,,,,,,1.0,1.0,1.0,0.0,1.0,1.0,0.0,1.0,1.0,0.0
2809,061cce46c96a0fd2c,True,,,,,,,,,,1.0,1.0,1.0,1.0,0.6006650107806109,1.0,1.0,1.0,0.0,0.7502078158689409
2810,8170f12fb1131df99,True,,,,,,,,,,1.0,1.0,1.0,1.0,1.0,1.0,0.0,1.0,1.0,0.875
2811,15b50c1e18979a018,True,,,,,,,,,,1.0,0.0,1.0,1.0,0.5730699312202217,1.0,1.0,1.0,1.0,0.0
2812,4c74c0df8c74b80db,True,,,,,,,,,,1.0,0.0,1.0,1.0,1.0,1.0,0.0,1.0,1.0,0.0
2813,45429b4b5e82551ac,True,,,,,,,,,,0.0,1.0,1.0,1.0,1.0,0.0,1.0,1.0,1.0,0.0
2814,ed6d05f676ec3069b,True,,,,,,,,,,1.0,1.0,1.0,1.0,0.7131796435704733,1.0,1.0,1.0,1.0,0.9103686386157729
2815,7c999853833c34336,True,,,,,,,,,,1.0,1.0,1.0,1.0,0.6368655470961543,1.0,0.0,1.0,1.0,0.7615204834675482
2816,0b2a954e62c86d95c,True,,,,,,,,,,1.0,0.0,1.0,1.0,0.83837502838889,1.0,1.0,1.0,0.0,0.0
2817,f7741428b4719155a,True,,,,,,,,,,1.0,1.0,0.0,1.0,0.7076166300300938,1.0,0.0,1.0,1.0,0.0
2818,7431e431b6e352571,True,,,,,,,,,,1.0,1.0,1.0,1.0,1.0,1.0,0.0,1.0,1.0,0.875
2819,b6217c8c8ec53139f,True,,,,,,,,,,1.0,1.0,1.0,1.0,0.5870327297299789,1.0,1.0,1.0,1.0,0.8709477280406184
2820,e4755b06844a3bf92,True,,,,,,,,,,1.0,1.0,0.0,1.0,1.0,1.0,0.0,1.0,0.0,0.0
2821,835ff0096d7b5ba4f,True,,,,,,,,,,1.0,1.0,1.0,1.0,0.7354158596444746,1.0,1.0,1.0,1.0,0.9173174561388984
2822,394d8ba443460b0bf,True,,,,,,,,,,1.0,1.0,1.0,1.0,0.3874966055857997,1.0,1.0,1.0,0.0,0.6835926892455624
2823,8257b0ad7e1b11a15,True,,,,,,,,,,1.0,1.0,1.0,1.0,0.819181583936037,1.0,1.0,1.0,1.0,0.9434942449800116
2824,dc0620e71b9184974,True,,,,,,,,,,1.0,0.0,1.0,1.0,0.8058923888089433,1.0,1.0,1.0,1.0,0.0
2825,b3597b197644a67ba,True,,,,,,,,,,1.0,1.0,1.0,1.0,0.7751944295887221,1.0,1.0,1.0,0.0,0.8047482592464756
2826,f5daa83268d707022,True,,,,,,,,,,1.0,1.0,1.0,1.0,0.8167634536087341,1.0,0.0,1.0,1.0,0.8177385792527294
2827,f743301660e4f13bf,True,,,,,,,,,,1.0,1.0,1.0,1.0,0.5641668923716513,1.0,1.0,1.0,0.0,0.738802153866141
2828,384e8594099b2b5f2,True,,,,,,,,,,1.0,1.0,1.0,1.0,0.33837502693053856,1.0,0.0,1.0,1.0,0.6682421959157934
2829,4355523e202befd73,True,,,,,,,,,,1.0,1.0,1.0,1.0,0.7792872130375923,1.0,1.0,1.0,1.0,0.9310272540742476
2830,941e498bd0dfbd991,True,,,,,,,,,,1.0,1.0,1.0,1.0,0.9791712254892436,1.0,0.0,1.0,0.0,0.7434910079653887
2831,524162acddc61c61a,True,,,,,,,,,,0.5,0.0,1.0,1.0,1.0,0.0,0.0,1.0,0.0,0.0
2832,198e5922fee004f44,True,,,,,,,,,,1.0,0.0,1.0,1.0,0.85685907566739,1.0,1.0,1.0,0.0,0.0
2833,d4ded05eeb073e97b,True,,,,,,,,,,1.0,0.0,1.0,1.0,1.0,1.0,1.0,1.0,1.0,0.0
2834,55617753513055d9b,True,,,,,,,,,,0.0,0.0,1.0,1.0,1.0,0.0,1.0,1.0,0.0,0.0
2835,329e52d1e0ada86f6,True,,,,,,,,,,1.0,0.0,1.0,1.0,0.7724909479453452,1.0,1.0,1.0,0.0,0.0
2836,83e0eefcee219247b,True,,,,,,,,,,1.0,1.0,1.0,1.0,0.588500227951633,1.0,0.0,1.0,1.0,0.7464063212348853
2837,f197eb9bb03399772,True,,,,,,,,,,1.0,1.0,1.0,1.0,0.7698827206960075,1.0,0.0,1.0,1.0,0.8030883502175024
2838,317774c453bf853ce,True,,,,,,,,,,1.0,1.0,1.0,1.0,0.42949181232754263,1.0,0.0,1.0,1.0,0.6967161913523571
2839,25e23d201bebf3f7f,True,,,,,,,,,,1.0,1.0,1.0,1.0,0.8437401048280704,1.0,0.0,0.0,0.0,0.576168782758772
2840,4c8f4212a26a493af,True,,,,,,,,,,0.5,0.0,1.0,1.0,1.0,0.0,1.0,1.0,1.0,0.0
2841,41a39d55c68bb7f5a,True,,,,,,,,,,1.0,0.0,1.0,1.0,0.5970544691313598,1.0,1.0,1.0,1.0,0.0
2842,071605e0e3709e71e,True,,,,,,,,,,1.0,1.0,1.0,1.0,1.0,1.0,1.0,1.0,1.0,1.0
2843,4358e02f26d710fd9,True,,,,,,,,,,1.0,1.0,1.0,1.0,0.756991935946807,1.0,1.0,1.0,0.0,0.7990599799833772
2844,a1cb215dcdc186fb1,True,,,,,,,,,,1.0,0.0,1.0,1.0,0.2416401011615448,1.0,1.0,1.0,1.0,0.0
2845,0a043b6dfbe71d53e,True,,,,,,,,,,1.0,1.0,1.0,1.0,0.7264021350140429,1.0,0.0,1.0,0.0,0.6645006671918884
2846,3b32da65a709f23d8,True,,,,,,,,,,1.0,1.0,1.0,1.0,0.5691593157759073,1.0,0.0,1.0,1.0,0.740362286179971
2847,c279c0b2210285c1f,True,,,,,,,,,,1.0,1.0,0.0,1.0,1.0,1.0,0.0,1.0,0.0,0.0
2848,06c6fd20a526803c4,True,,,,,,,,,,0.0,1.0,1.0,1.0,1.0,0.0,1.0,1.0,1.0,0.0
2849,3b0eafa0ee94a00a4,True,,,,,,,,,,1.0,1.0,0.5,1.0,1.0,1.0,0.0,1.0,1.0,0.4375
2850,7ee10c65aff66f1f6,True,,,,,,,,,,1.0,0.0,0.5,1.0,1.0,1.0,0.0,1.0,1.0,0.0
2851,553919abb3a801b7e,True,,,,,,,,,,1.0,0.0,0.5,1.0,1.0,1.0,1.0,1.0,1.0,0.0
2852,fbc2b4583a81f36b9,True,,,,,,,,,,1.0,1.0,1.0,1.0,0.6728107768271337,1.0,0.0,1.0,1.0,0.7727533677584792
2853,62660d36960de718f,True,,,,,,,,,,1.0,1.0,1.0,1.0,0.7131896799687448,1.0,1.0,1.0,0.0,0.7853717749902327
2854,a96a23b6f09cca0ae,True,,,,,,,,,,1.0,1.0,1.0,1.0,0.9132381997568414,1.0,0.0,1.0,1.0,0.847886937424013
2855,dbf2ff6fc16bf1dbf,True,,,,,,,,,,1.0,1.0,1.0,1.0,0.620210183298346,1.0,0.0,1.0,1.0,0.7563156822807331
2856,eaae6fd2529ee2b0b,True,,,,,,,,,,1.0,1.0,1.0,1.0,1.0,1.0,0.0,1.0,1.0,0.875
2857,f295cbd77bfa4efa0,True,,,,,,,,,,1.0,1.0,1.0,1.0,1.0,1.0,0.0,1.0,1.0,0.875
2858,c6c91a989e2c0ae69,True,,,,,,,,,,1.0,1.0,1.0,1.0,0.6727639858143382,1.0,1.0,1.0,1.0,0.8977387455669807
2859,bbf03fd14411cf3b3,True,,,,,,,,,,0.0,1.0,1.0,1.0,1.0,0.0,0.0,1.0,1.0,0.0
2860,362376a65fe8ca576,True,,,,,,,,,,1.0,1.0,1.0,1.0,0.6951725201860701,1.0,0.0,1.0,1.0,0.7797414125581469
2861,0f08a0aac0d912459,True,,,,,,,,,,1.0,1.0,1.0,1.0,0.8120391138429895,1.0,1.0,1.0,1.0,0.9412622230759342
2862,73b46033e2af4eb96,True,,,,,,,,,,1.0,1.0,1.0,1.0,0.3952428654063484,1.0,0.0,1.0,0.0,0.5610133954394838
2863,2c48bea3e93ba9e48,True,,,,,,,,,,1.0,1.0,1.0,1.0,0.766885546806243,1.0,0.0,1.0,1.0,0.802151733376951
2864,0acf0c1a301a7180c,True,,,,,,,,,,1.0,0.0,1.0,1.0,1.0,1.0,1.0,1.0,1.0,0.0
2865,19b9962d1050c08e3,True,,,,,,,,,,1.0,1.0,1.0,1.0,0.6304490298537763,1.0,1.0,1.0,1.0,0.8845153218293051
2866,478ebd3b3ddcd9ccd,True,,,,,,,,,,1.0,1.0,0.0,1.0,1.0,0.0,0.0,1.0,0.0,0.0
2867,d9ae5adb158047d47,True,,,,,,,,,,1.0,1.0,1.0,1.0,0.9540701510777745,1.0,0.0,1.0,1.0,0.8606469222118045
2868,14e4693cf0f1e04ff,True,,,,,,,,,,1.0,1.0,1.0,1.0,1.0,0.0,0.0,1.0,1.0,0.5625
2869,d31a201a98822b2ce,True,,,,,,,,,,1.0,1.0,1.0,1.0,0.4537412981139109,1.0,1.0,1.0,1.0,0.8292941556605972
2870,9529e21b44cd57c29,True,,,,,,,,,,1.0,1.0,0.5,1.0,0.7308510631382062,1.0,1.0,0.0,0.0,0.33294547861534474
2871,2251eed913b2fbe46,True,,,,,,,,,,1.0,1.0,1.0,1.0,0.6621503245665814,1.0,1.0,1.0,1.0,0.8944219764270567
2872,8b29c1e65746a1185,True,,,,,,,,,,1.0,1.0,1.0,1.0,0.445077183875642,1.0,1.0,1.0,0.0,0.7015866199611381
2873,1cffc233df9758d3d,True,,,,,,,,,,0.0,0.0,0.0,1.0,1.0,0.0,0.0,1.0,0.0,0.0
2874,8f18562d38dacb97d,True,,,,,,,,,,0.0,1.0,1.0,1.0,1.0,0.0,0.0,1.0,0.0,0.0
2875,f754ec519c407f213,True,,,,,,,,,,1.0,1.0,1.0,1.0,0.275439463434152,1.0,1.0,1.0,0.0,0.6485748323231725
2876,5b6eb771ffaf06f55,True,,,,,,,,,,1.0,1.0,0.0,1.0,1.0,1.0,0.0,1.0,1.0,0.0
2877,9a5b2373854e11383,True,,,,,,,,,,0.0,1.0,1.0,1.0,1.0,0.0,1.0,1.0,0.0,0.0
2878,8966a0b08b0be94e9,True,,,,,,,,,,1.0,1.0,0.0,1.0,1.0,1.0,0.0,1.0,1.0,0.0
2879,d1ad6506f1da6b927,True,,,,,,,,,,1.0,1.0,1.0,1.0,0.34626910907889424,1.0,1.0,1.0,1.0,0.7957090965871545
2880,c4a1482387b6b8440,True,,,,,,,,,,1.0,1.0,1.0,1.0,1.0,1.0,1.0,1.0,1.0,1.0
2881,bee9d6dc42a9d273c,True,,,,,,,,,,1.0,1.0,1.0,1.0,0.8355832450699455,1.0,1.0,1.0,1.0,0.948619764084358
2882,9c9df3f60654177e5,True,,,,,,,,,,1.0,0.0,1.0,1.0,0.26944915585489065,1.0,1.0,1.0,0.0,0.0
2883,18cf30de794bcf3f5,True,,,,,,,,,,1.0,0.0,0.5,1.0,1.0,1.0,0.0,1.0,1.0,0.0
2884,af1a4d903d6c645ce,True,,,,,,,,,,1.0,1.0,1.0,0.0,1.0,1.0,1.0,1.0,1.0,0.0
2885,ff0db1e010ed49544,True,,,,,,,,,,0.0,1.0,0.0,1.0,1.0,0.0,0.0,1.0,1.0,0.0
2886,1a8fcc346a063b55c,True,,,,,,,,,,1.0,1.0,1.0,1.0,1.0,1.0,1.0,1.0,1.0,1.0
2887,46d27733df7167bb2,True,,,,,,,,,,1.0,1.0,1.0,1.0,0.6471172509539694,1.0,1.0,1.0,1.0,0.8897241409231155
2888,108277792b2690db0,True,,,,,,,,,,1.0,1.0,1.0,1.0,0.5985756647609172,1.0,1.0,1.0,1.0,0.8745548952377866
2889,735bf126af1875fe2,True,,,,,,,,,,0.0,1.0,1.0,1.0,1.0,0.0,0.0,1.0,1.0,0.0
2890,8c7b004d36c8af906,True,,,,,,,,,,1.0,1.0,1.0,1.0,0.6231221150731548,1.0,1.0,1.0,1.0,0.8822256609603609
2891,d9320fa5d2528afc4,True,,,,,,,,,,1.0,1.0,1.0,1.0,0.7032284398019742,1.0,1.0,1.0,0.0,0.7822588874381169
2892,e96c4d87797ab96d1,True,,,,,,,,,,1.0,1.0,1.0,1.0,0.8143934841434022,1.0,0.0,1.0,1.0,0.8169979637948132
2893,008d19d3a7e53bd2f,True,,,,,,,,,,1.0,0.0,1.0,0.0,1.0,1.0,1.0,1.0,0.0,0.0
2894,b75d157a5ca10b698,True,,,,,,,,,,1.0,1.0,1.0,1.0,0.6593885286161291,1.0,1.0,1.0,1.0,0.8935589151925403
2895,82d900751ef2cc1dc,True,,,,,,,,,,1.0,0.0,0.5,1.0,1.0,1.0,0.0,1.0,0.0,0.0
2896,fd2d0d2c37b2df3a5,True,,,,,,,,,,1.0,1.0,1.0,1.0,1.0,1.0,1.0,1.0,1.0,1.0
2897,61c5dadb5c926478c,True,,,,,,,,,,0.0,1.0,1.0,1.0,1.0,0.0,0.0,1.0,1.0,0.0
2898,f118de263d56644de,True,,,,,,,,,,1.0,1.0,1.0,1.0,0.8769201580176076,0.0,1.0,1.0,0.0,0.5240375493805024
2899,e5dbf5ca6877249cf,True,,,,,,,,,,0.0,1.0,1.0,1.0,1.0,0.0,1.0,1.0,1.0,0.0
2900,e6d32880a78e81ea9,True,,,,,,,,,,1.0,1.0,1.0,1.0,0.7017823369269279,1.0,1.0,1.0,1.0,0.906806980289665
2901,67e23c9775c8647fa,True,,,,,,,,,,1.0,0.0,0.5,1.0,0.8652533132609632,1.0,0.0,1.0,0.0,0.0
2902,d21b58003792bc68a,True,,,,,,,,,,1.0,1.0,1.0,1.0,0.7708222569358437,1.0,0.0,1.0,1.0,0.8033819552924512
2903,72ff49b38c26122d6,True,,,,,,,,,,1.0,1.0,1.0,1.0,0.6302011351329716,1.0,0.0,1.0,1.0,0.7594378547290537
2904,9fb29e611c9f4f0e2,True,,,,,,,,,,1.0,1.0,0.0,1.0,0.8170379599366228,1.0,0.0,0.0,0.0,0.0
2905,4619287f3174b7b19,True,,,,,,,,,,0.0,1.0,1.0,1.0,1.0,0.0,1.0,1.0,0.0,0.0
2906,cb891ab8f0c9f0ffc,True,,,,,,,,,,1.0,1.0,1.0,1.0,0.9415586896687506,1.0,0.0,1.0,1.0,0.8567370905214846
2907,e6ff8ec91b67a0256,True,,,,,,,,,,1.0,1.0,1.0,1.0,0.637816251113244,1.0,1.0,1.0,0.0,0.7618175784728888
2908,2886484dc5237f884,True,,,,,,,,,,1.0,1.0,1.0,1.0,0.6464857661297673,1.0,1.0,1.0,1.0,0.8895268019155522
2909,d8126a7e3ab8882d8,True,,,,,,,,,,1.0,1.0,1.0,1.0,0.5756898771416251,1.0,0.0,1.0,0.0,0.6174030866067579
2910,d18a444ba754870e9,True,,,,,,,,,,1.0,1.0,0.0,1.0,1.0,1.0,0.0,1.0,1.0,0.0
2911,1ddeaca2c3ce651e2,True,,,,,,,,,,1.0,0.0,1.0,1.0,0.8563214968918911,1.0,1.0,1.0,1.0,0.0
2912,64dbb32a1a6005581,True,,,,,,,,,,1.0,1.0,1.0,1.0,1.0,1.0,0.0,1.0,1.0,0.875
2913,0c70bd071d5a4b2fd,True,,,,,,,,,,1.0,1.0,1.0,1.0,0.6877998721005019,1.0,1.0,1.0,0.0,0.7774374600314069
2914,45cfb7971f2d2c984,True,,,,,,,,,,1.0,1.0,1.0,1.0,0.5968037886514455,1.0,0.0,1.0,1.0,0.7490011839535767
2915,c88ec2d9a664ec957,True,,,,,,,,,,1.0,1.0,1.0,1.0,1.0,0.0,1.0,1.0,1.0,0.6875
2916,0cdb9c6ab183da958,True,,,,,,,,,,1.0,1.0,1.0,1.0,0.6715015638760794,1.0,1.0,1.0,1.0,0.8973442387112748
2917,59361619b736fa71d,True,,,,,,,,,,1.0,1.0,0.5,1.0,0.7236316427938639,1.0,0.0,1.0,1.0,0.39431744418654124
2918,62c7829548c7f7e94,True,,,,,,,,,,1.0,1.0,1.0,1.0,0.4635988545055639,1.0,0.0,1.0,1.0,0.7073746420329887
2919,a8066d7e843deda8f,True,,,,,,,,,,1.0,1.0,1.0,1.0,0.5963359114804755,1.0,1.0,1.0,0.0,0.7488549723376485
2920,ba1d4ee6517641b7b,True,,,,,,,,,,1.0,1.0,1.0,1.0,1.0,1.0,0.0,1.0,1.0,0.875
2921,c82fe572121770ee2,True,,,,,,,,,,1.0,0.0,1.0,1.0,1.0,1.0,0.0,1.0,1.0,0.0
2922,3c5a4ce4780db74b7,True,,,,,,,,,,0.0,1.0,1.0,1.0,1.0,0.0,1.0,1.0,0.0,0.0
2923,1138b571e8fbaaad9,True,,,,,,,,,,1.0,1.0,1.0,1.0,0.7621488577906219,1.0,1.0,1.0,1.0,0.9256715180595694
2924,bd2169898173c44cb,True,,,,,,,,,,0.5,0.0,1.0,1.0,1.0,0.0,0.0,1.0,1.0,0.0
2925,15a72986ee0932891,True,,,,,,,,,,0.0,0.0,1.0,1.0,1.0,0.0,1.0,0.0,0.0,0.0
2926,83d2191f456a3fa85,True,,,,,,,,,,1.0,1.0,1.0,1.0,0.7854626651577271,1.0,1.0,1.0,0.0,0.8079570828617897
2927,bd31f3930e078d690,True,,,,,,,,,,1.0,0.0,1.0,1.0,0.6274518252360122,1.0,1.0,1.0,0.0,0.0
2928,da1d2937d8bad05e3,True,,,,,,,,,,1.0,1.0,1.0,1.0,0.6884178227576587,1.0,1.0,1.0,1.0,0.9026305696117684
2929,6a3bedd49247610ca,True,,,,,,,,,,1.0,0.0,0.0,1.0,1.0,1.0,0.0,1.0,1.0,0.0
2930,ad027cf65e5484130,True,,,,,,,,,,1.0,1.0,1.0,1.0,0.47816202997344576,1.0,1.0,1.0,1.0,0.8369256343667018
2931,bca57d9f8472bf1be,True,,,,,,,,,,1.0,1.0,1.0,1.0,0.989201475769604,1.0,1.0,1.0,1.0,0.9966254611780012
2932,868d49798379dc351,True,,,,,,,,,,1.0,1.0,1.0,1.0,1.0,1.0,1.0,1.0,0.0,0.875
2933,c7f30a40dbc7d2bf8,True,,,,,,,,,,1.0,1.0,1.0,1.0,1.0,1.0,1.0,1.0,0.0,0.875
2934,4a086bbf2e29537eb,True,,,,,,,,,,1.0,0.0,1.0,1.0,0.6951677387738731,1.0,1.0,1.0,0.0,0.0
2935,a5fd097616c7708db,True,,,,,,,,,,1.0,1.0,1.0,1.0,1.0,1.0,0.0,1.0,1.0,0.875
2936,9453a01b26e5f5079,True,,,,,,,,,,1.0,1.0,1.0,1.0,1.0,1.0,1.0,1.0,0.0,0.875
2937,f94ffca3fb08a2c86,True,,,,,,,,,,1.0,1.0,0.0,1.0,0.9676723988691133,1.0,0.0,1.0,1.0,0.0
2938,3d9b28f26222924ba,True,,,,,,,,,,0.0,1.0,1.0,1.0,1.0,0.0,0.0,1.0,1.0,0.0
2939,4088cfb3d342b234d,True,,,,,,,,,,1.0,0.0,0.5,1.0,1.0,1.0,0.0,1.0,0.0,0.0
2940,b5c727c3b2286dfc5,True,,,,,,,,,,1.0,1.0,0.5,1.0,0.7312607658139935,1.0,1.0,0.0,0.0,0.3330094946584365
2941,39ebfd58dcc9b5aea,True,,,,,,,,,,0.0,0.0,0.0,1.0,1.0,0.0,0.0,1.0,0.0,0.0
2942,85e4825cd9ff0b2e5,True,,,,,,,,,,0.5,1.0,1.0,1.0,1.0,0.0,0.0,1.0,1.0,0.28125
2943,d1982bae71566acc5,True,,,,,,,,,,0.0,1.0,1.0,1.0,1.0,0.0,1.0,1.0,1.0,0.0
2944,12776777ba8546e14,True,,,,,,,,,,0.0,0.0,0.0,1.0,1.0,0.0,0.0,1.0,0.0,0.0
2945,0af32ef4c6cb2b293,True,,,,,,,,,,1.0,1.0,0.0,1.0,1.0,1.0,0.0,1.0,1.0,0.0
2946,3e180f4a19fe95fc4,True,,,,,,,,,,1.0,1.0,1.0,1.0,0.8728125741689652,1.0,0.0,1.0,0.0,0.7102539294278016
2947,d37b7028969d97560,True,,,,,,,,,,1.0,0.0,0.5,1.0,0.47457194041812,1.0,1.0,1.0,1.0,0.0
2948,d99b9f48dac697bf1,True,,,,,,,,,,1.0,0.0,1.0,1.0,0.7219112760509763,1.0,1.0,0.0,0.0,0.0
2949,91974452b21450f60,True,,,,,,,,,,1.0,1.0,1.0,1.0,0.5507611565420174,1.0,1.0,1.0,0.0,0.7346128614193804
2950,92bb9ea2567e28fca,True,,,,,,,,,,1.0,1.0,1.0,1.0,0.9208245333405313,1.0,1.0,1.0,1.0,0.975257666668916
2951,81742324c5b46cc6f,True,,,,,,,,,,0.0,1.0,1.0,1.0,1.0,0.0,0.0,1.0,0.0,0.0
2952,e848a6d0aa53e2ec3,True,,,,,,,,,,1.0,1.0,1.0,1.0,0.7068907043351542,1.0,1.0,1.0,0.0,0.7834033451047357
2953,42e2e548a93490d54,True,,,,,,,,,,1.0,1.0,1.0,1.0,1.0,1.0,0.0,1.0,1.0,0.875
2954,091f890b966563016,True,,,,,,,,,,1.0,0.0,1.0,1.0,0.9373440194889417,1.0,1.0,1.0,0.0,0.0
2955,49e16e57b4df60ee3,True,,,,,,,,,,1.0,1.0,1.0,1.0,0.6629177509000614,1.0,0.0,1.0,1.0,0.7696617971562691
2956,9862cd6616f18a7ed,True,,,,,,,,,,1.0,1.0,1.0,1.0,0.2997543075404191,1.0,1.0,1.0,1.0,0.781173221106381
2957,2ae5b4d91dcfac803,True,,,,,,,,,,0.0,1.0,1.0,1.0,1.0,0.0,0.0,1.0,1.0,0.0
2958,51438ce1bf4a62b2e,True,,,,,,,,,,1.0,1.0,1.0,1.0,0.5724672580630799,1.0,1.0,1.0,1.0,0.8663960181447125
2959,daa10fc178dc83dfb,True,,,,,,,,,,1.0,0.0,1.0,1.0,1.0,1.0,0.0,1.0,1.0,0.0
2960,3dd2a8f5a8701cb47,True,,,,,,,,,,1.0,1.0,1.0,1.0,1.0,1.0,0.0,1.0,1.0,0.875
2961,9e4b9c5c9c0f63038,True,,,,,,,,,,1.0,1.0,1.0,1.0,0.9191761372331536,1.0,0.0,0.0,0.0,0.5997425428853604
2962,bc20b8c58a5cffb8d,True,,,,,,,,,,1.0,0.0,0.5,1.0,1.0,1.0,0.0,1.0,0.0,0.0
2963,1e345865d056e4812,True,,,,,,,,,,1.0,1.0,1.0,1.0,0.758008203473431,1.0,0.0,1.0,0.0,0.6743775635854472
2964,14a7cb384c787a167,True,,,,,,,,,,1.0,0.0,0.5,1.0,0.8317320797892259,1.0,1.0,1.0,0.0,0.0
2965,a20d11131b97593ab,True,,,,,,,,,,1.0,1.0,1.0,1.0,0.7740690719468032,1.0,0.0,1.0,1.0,0.804396584983376
2966,84c83fdf5cd2bf3d0,True,,,,,,,,,,1.0,1.0,0.0,1.0,1.0,1.0,0.0,1.0,1.0,0.0
2967,1ce076a3d8049e0e4,True,,,,,,,,,,1.0,1.0,1.0,1.0,0.16248214750559337,1.0,0.0,1.0,1.0,0.6132756710954979
2968,2fb8e40dec69f26c4,True,,,,,,,,,,1.0,1.0,0.0,1.0,1.0,1.0,0.0,1.0,1.0,0.0
2969,a9d7dd368b96f5f2d,True,,,,,,,,,,1.0,1.0,1.0,1.0,1.0,1.0,1.0,1.0,1.0,1.0
2970,219cbcce551252eb2,True,,,,,,,,,,1.0,0.0,0.5,1.0,0.5911486841214593,1.0,0.0,1.0,1.0,0.0
2971,97e30986c37339a1b,True,,,,,,,,,,1.0,1.0,1.0,1.0,0.8242244634705748,1.0,1.0,1.0,1.0,0.9450701448345546
2972,11e2abc76462d36f9,True,,,,,,,,,,1.0,1.0,1.0,1.0,0.1924641827341231,1.0,0.0,1.0,1.0,0.6226450571044135
2973,b43ae2c6e0304b991,True,,,,,,,,,,1.0,1.0,1.0,1.0,1.0,1.0,0.0,1.0,1.0,0.875
2974,18904eb72c5073ba1,True,,,,,,,,,,1.0,1.0,1.0,1.0,0.6117644225186332,1.0,0.0,1.0,1.0,0.7536763820370729
2975,ac6225d45da8b51cf,True,,,,,,,,,,1.0,1.0,1.0,1.0,1.0,1.0,0.0,1.0,1.0,0.875
2976,a281f0b2e0db6ac75,True,,,,,,,,,,0.0,1.0,1.0,1.0,1.0,0.0,0.0,1.0,0.0,0.0
2977,49fd1c147826df430,True,,,,,,,,,,1.0,1.0,1.0,1.0,0.7894109040163625,1.0,1.0,1.0,0.0,0.8091909075051132
2978,bc9a77699f862350d,True,,,,,,,,,,1.0,0.0,1.0,1.0,0.5886771383968118,1.0,1.0,1.0,0.0,0.0
2979,d64fff6b350c44bf6,True,,,,,,,,,,1.0,1.0,1.0,1.0,0.9294512032695487,1.0,1.0,1.0,1.0,0.977953501021734
2980,2810fb7a63c63635c,True,,,,,,,,,,1.0,1.0,1.0,1.0,0.8052762468188633,1.0,1.0,1.0,1.0,0.9391488271308948
2981,390d17b9e350ffe45,True,,,,,,,,,,1.0,1.0,1.0,1.0,0.7947410537749122,1.0,1.0,1.0,1.0,0.93585657930466
2982,f93b7461f7882ff58,True,,,,,,,,,,1.0,1.0,1.0,1.0,0.4385057611126298,1.0,1.0,1.0,0.0,0.6995330503476969
2983,9ef93765e3465f27d,True,,,,,,,,,,1.0,1.0,0.0,1.0,0.8912485259257197,0.0,0.0,1.0,1.0,0.0
2984,5c51092bca4c55b7d,True,,,,,,,,,,1.0,1.0,1.0,1.0,0.5561109367179738,1.0,1.0,1.0,1.0,0.8612846677243668
2985,69c96d373972cc736,True,,,,,,,,,,1.0,1.0,1.0,1.0,0.4771490453159376,1.0,1.0,1.0,1.0,0.8366090766612305
2986,7e3a87b525a6b7c28,True,,,,,,,,,,1.0,1.0,1.0,1.0,0.48311421215576483,1.0,1.0,1.0,0.0,0.7134731912986765
2987,9a6ec5011d04fc0c9,True,,,,,,,,,,1.0,1.0,1.0,1.0,0.26877199122828915,1.0,1.0,1.0,1.0,0.7714912472588403
2988,7339827ceaab8796b,True,,,,,,,,,,1.0,1.0,1.0,1.0,0.5416446317192978,1.0,1.0,1.0,1.0,0.8567639474122806
2989,f93686a7de229c648,True,,,,,,,,,,1.0,1.0,1.0,1.0,0.8805335554569111,1.0,0.0,1.0,1.0,0.8376667360802847
2990,2664f428da61db472,True,,,,,,,,,,1.0,1.0,1.0,1.0,0.6691835444562797,0.0,0.0,1.0,1.0,0.4591198576425874
2991,a2df1d2e1065e5f83,True,,,,,,,,,,1.0,1.0,1.0,1.0,0.5381700253640157,1.0,1.0,1.0,1.0,0.8556781329262549
2992,d1e49d53c8a87357c,True,,,,,,,,,,1.0,1.0,0.5,1.0,1.0,1.0,0.0,1.0,0.0,0.375
2993,c95875cdc20edcb2a,True,,,,,,,,,,1.0,1.0,0.5,1.0,0.6024479842912277,1.0,0.0,1.0,1.0,0.37538249754550435
2994,2715084d8bf201e97,True,,,,,,,,,,1.0,1.0,1.0,1.0,0.8150652700486108,1.0,1.0,1.0,0.0,0.8172078968901909
2995,fe1ca3f5f54761556,True,,,,,,,,,,1.0,0.0,0.0,1.0,1.0,1.0,0.0,1.0,0.0,0.0
2996,b18dce3363c25fc91,True,,,,,,,,,,0.0,0.0,0.0,1.0,1.0,0.0,0.0,1.0,0.0,0.0
2997,7b6a6c9c50efdcf85,True,,,,,,,,,,1.0,1.0,1.0,1.0,0.762771150802058,1.0,0.0,1.0,0.0,0.6758659846256432
2998,899e078cab5924628,True,,,,,,,,,,1.0,1.0,0.0,1.0,1.0,1.0,0.0,1.0,0.0,0.0
2999,5c78d4068407d661c,True,,,,,,,,,,1.0,1.0,0.5,1.0,1.0,1.0,1.0,1.0,1.0,0.5
3000,01a49c2730cc3a531,True,,,,,,,,,,1.0,1.0,1.0,1.0,1.0,1.0,0.0,1.0,1.0,0.875
3001,e691defa66927f173,True,,,,,,,,,,1.0,1.0,1.0,1.0,0.5449408797009645,1.0,0.0,1.0,1.0,0.7327940249065514
3002,c9ec6104d455f3e47,True,,,,,,,,,,0.0,0.0,0.5,1.0,1.0,0.0,0.0,1.0,0.0,0.0
3003,4239966d2e8490d01,True,,,,,,,,,,1.0,1.0,1.0,1.0,0.7878499376926721,1.0,0.0,1.0,0.0,0.68370310552896
3004,1a2a9699acac9d639,True,,,,,,,,,,1.0,1.0,1.0,1.0,0.7293875858267482,0.0,0.0,1.0,1.0,0.4779336205708588
3005,f836208030ee5d621,True,,,,,,,,,,1.0,0.0,0.0,1.0,1.0,0.0,0.0,1.0,0.0,0.0
3006,4019a208fc30e8936,True,,,,,,,,,,0.5,1.0,1.0,1.0,1.0,0.0,0.0,1.0,1.0,0.28125
3007,a29cd4e306ffe1e14,True,,,,,,,,,,1.0,1.0,0.5,1.0,1.0,1.0,0.0,1.0,1.0,0.4375
3008,0ff61f43578c0d8e7,True,,,,,,,,,,1.0,1.0,0.0,1.0,1.0,1.0,0.0,1.0,1.0,0.0
3009,312594bc42c547bb1,True,,,,,,,,,,1.0,1.0,0.5,1.0,1.0,1.0,0.0,1.0,1.0,0.4375
3010,cdccba86287f3bf1d,True,,,,,,,,,,1.0,1.0,1.0,1.0,1.0,1.0,0.0,1.0,1.0,0.875
3011,55c8df3b0682a658a,True,,,,,,,,,,1.0,0.0,1.0,1.0,0.8354266718683933,1.0,0.0,1.0,1.0,0.0
3012,56b4d54802fcfc9b1,True,,,,,,,,,,1.0,1.0,1.0,1.0,0.8441645613889063,1.0,0.0,1.0,1.0,0.8263014254340333
3013,82b54bb048c67baba,True,,,,,,,,,,1.0,1.0,1.0,1.0,0.2945432226785487,1.0,0.0,1.0,1.0,0.6545447570870464
3014,e717e9e58fcb1f253,True,,,,,,,,,,1.0,1.0,0.0,1.0,0.8727185596574449,1.0,0.0,1.0,1.0,0.0
3015,14a4ca35ab5b9b46d,True,,,,,,,,,,1.0,0.0,0.5,1.0,0.551400461694869,1.0,0.0,1.0,1.0,0.0
3016,030798975779630c4,True,,,,,,,,,,0.0,0.0,1.0,1.0,1.0,0.0,0.0,1.0,0.0,0.0
3017,ed81a447f9a55d06c,True,,,,,,,,,,1.0,1.0,1.0,1.0,1.0,1.0,1.0,1.0,1.0,1.0
3018,a8cfebbab95e53606,True,,,,,,,,,,1.0,1.0,1.0,1.0,0.5804040589285031,1.0,1.0,1.0,1.0,0.8688762684151572
3019,08b425d9aa40aee45,True,,,,,,,,,,1.0,0.0,1.0,1.0,1.0,1.0,0.0,0.0,0.0,0.0
3020,47c8824494b12b2ae,True,,,,,,,,,,1.0,1.0,1.0,1.0,0.8756186086979517,1.0,0.0,1.0,1.0,0.83613081521811
3021,fbc47d17828f56207,True,,,,,,,,,,1.0,1.0,1.0,1.0,0.8949516027405355,1.0,0.0,1.0,1.0,0.8421723758564174
3022,6b912a3796564dd7e,True,,,,,,,,,,1.0,1.0,1.0,1.0,0.45404840706031435,1.0,0.0,1.0,1.0,0.7043901272063482
3023,33d8d746c34cd7fc0,True,,,,,,,,,,1.0,1.0,1.0,1.0,0.8739360100337322,1.0,1.0,1.0,0.0,0.8356050031355413
3024,c6144081cdf888af5,True,,,,,,,,,,0.0,0.0,1.0,1.0,1.0,0.0,1.0,1.0,1.0,0.0
3025,f67482126c7b323a5,True,,,,,,,,,,1.0,1.0,1.0,1.0,0.7417609017515729,1.0,0.0,1.0,1.0,0.7943002817973666
3026,93bb489a18cbb6868,True,,,,,,,,,,1.0,0.0,1.0,1.0,1.0,1.0,1.0,1.0,1.0,0.0
3027,5843e4397b88575b2,True,,,,,,,,,,0.0,0.0,0.5,1.0,1.0,0.0,0.0,1.0,1.0,0.0
3028,693313e8d44aa5fd8,True,,,,,,,,,,1.0,1.0,1.0,1.0,0.7515379650387245,1.0,1.0,1.0,0.0,0.7973556140746014
3029,2814e455e1302df51,True,,,,,,,,,,0.5,1.0,1.0,1.0,1.0,0.0,0.0,1.0,1.0,0.28125
3030,b795e9c4c8fde41bb,True,,,,,,,,,,0.0,0.0,0.0,1.0,1.0,0.0,0.0,1.0,0.0,0.0
3031,f9f68056cf387b7a7,True,,,,,,,,,,0.0,0.0,1.0,1.0,1.0,0.0,0.0,1.0,1.0,0.0
3032,230e554a4a9b823fa,True,,,,,,,,,,0.5,0.0,1.0,1.0,1.0,0.0,0.0,1.0,1.0,0.0
3033,07ec0b134ef32ae77,True,,,,,,,,,,1.0,1.0,1.0,1.0,0.8620992225564758,1.0,1.0,1.0,1.0,0.9569060070488986
3034,904fec4de373b84b3,True,,,,,,,,,,1.0,1.0,1.0,1.0,0.812963596371562,1.0,0.0,1.0,0.0,0.6915511238661132
3035,cc8fe959edbcbe076,True,,,,,,,,,,0.0,1.0,1.0,1.0,1.0,0.0,0.0,1.0,0.0,0.0
3036,36c1bdf64ea8ffbe0,True,,,,,,,,,,1.0,1.0,1.0,1.0,0.8783462084438405,1.0,0.0,1.0,1.0,0.8369831901387002
3037,068049348ed36eb6a,True,,,,,,,,,,1.0,1.0,1.0,1.0,1.0,1.0,0.0,1.0,0.0,0.75
3038,14fb3ae1207501c5b,True,,,,,,,,,,1.0,0.0,1.0,1.0,0.8986635717458968,1.0,1.0,1.0,0.0,0.0
3039,dcd3a1adb7268a54d,True,,,,,,,,,,1.0,1.0,0.5,1.0,0.8605533695133645,1.0,1.0,1.0,1.0,0.4782114639864632
3040,46c89f59183915eba,True,,,,,,,,,,1.0,1.0,0.5,1.0,1.0,1.0,0.0,1.0,1.0,0.4375
3041,9d038765043662211,True,,,,,,,,,,1.0,1.0,0.5,1.0,1.0,1.0,0.0,1.0,1.0,0.4375
3042,5dfa767630b9b975d,True,,,,,,,,,,1.0,1.0,1.0,1.0,0.793105166642782,1.0,0.0,1.0,1.0,0.8103453645758694
3043,f216d1ab22df1e533,True,,,,,,,,,,1.0,0.0,1.0,1.0,0.826309754166427,1.0,0.0,1.0,0.0,0.0
3044,1c3db8608be4d76f0,True,,,,,,,,,,1.0,0.0,1.0,1.0,0.8613671828338314,1.0,1.0,1.0,1.0,0.0
3045,dbfdf8f55f68e448a,True,,,,,,,,,,0.0,1.0,1.0,1.0,1.0,0.0,1.0,1.0,1.0,0.0
3046,df00098f604a521a4,True,,,,,,,,,,1.0,1.0,1.0,1.0,0.8668046623424489,1.0,0.0,1.0,0.0,0.7083764569820152
3047,99f90a71ce3411a4f,True,,,,,,,,,,0.0,1.0,0.0,1.0,1.0,0.0,0.0,1.0,1.0,0.0
3048,b71bf73462ddcaa0c,True,,,,,,,,,,1.0,1.0,1.0,1.0,0.8901961257349088,1.0,0.0,1.0,1.0,0.8406862892921589
3049,d1dbac626089838d2,True,,,,,,,,,,1.0,0.0,0.0,1.0,1.0,1.0,0.0,1.0,1.0,0.0
3050,c25117617d76189c0,True,,,,,,,,,,1.0,0.0,1.0,1.0,1.0,1.0,1.0,1.0,0.0,0.0
3051,aebf91cab56134486,True,,,,,,,,,,1.0,1.0,0.5,1.0,0.6316749063797478,1.0,0.0,1.0,1.0,0.3799492041218356
3052,e4e521f407f1c30df,True,,,,,,,,,,0.0,1.0,1.0,1.0,1.0,0.0,1.0,1.0,0.0,0.0
3053,f74ee85d684d8a2c6,True,,,,,,,,,,1.0,1.0,1.0,1.0,0.6957477628752353,1.0,0.0,0.0,0.0,0.5299211758985111
3054,f3b236d797b3e906c,True,,,,,,,,,,1.0,1.0,1.0,1.0,1.0,1.0,0.0,1.0,1.0,0.875
3055,dfb3b08e2dddf7b38,True,,,,,,,,,,1.0,1.0,1.0,1.0,0.7854078764674233,1.0,0.0,1.0,1.0,0.8079399613960698
3056,537f7c58a5c39bec7,True,,,,,,,,,,1.0,1.0,1.0,1.0,0.8308281285501591,1.0,0.0,1.0,1.0,0.8221337901719248
3057,2028fc3dfa9816bf8,True,,,,,,,,,,1.0,0.0,1.0,1.0,1.0,1.0,1.0,1.0,1.0,0.0
3058,54319e96916504611,True,,,,,,,,,,1.0,1.0,1.0,1.0,0.7609291872950268,1.0,0.0,1.0,1.0,0.8002903710296958
3059,6aa7e26a080e2bd09,True,,,,,,,,,,1.0,1.0,1.0,1.0,1.0,1.0,1.0,1.0,0.0,0.875
3060,174e7a32e20f2ca14,True,,,,,,,,,,1.0,1.0,0.0,1.0,1.0,1.0,0.0,1.0,1.0,0.0
3061,6bdee3f4f4da685e0,True,,,,,,,,,,1.0,1.0,1.0,1.0,0.3784593009192314,1.0,1.0,1.0,0.0,0.6807685315372598
3062,78dcfe822980510bd,True,,,,,,,,,,0.0,1.0,1.0,1.0,1.0,0.0,0.0,1.0,1.0,0.0
3063,ed75936c057902b19,True,,,,,,,,,,1.0,1.0,1.0,1.0,0.6956285965518904,1.0,0.0,1.0,1.0,0.7798839364224657
3064,96d4eccd3044219d2,True,,,,,,,,,,1.0,1.0,1.0,1.0,0.913381444539602,1.0,1.0,1.0,0.0,0.8479317014186256
3065,129d3c576dc7bb588,True,,,,,,,,,,1.0,0.0,1.0,1.0,0.0,1.0,0.0,1.0,1.0,0.0
3066,6e72febafe28c367c,True,,,,,,,,,,1.0,1.0,0.5,1.0,1.0,1.0,0.0,1.0,1.0,0.4375
3067,f803ae18d279169ec,True,,,,,,,,,,1.0,1.0,1.0,1.0,0.513917949685355,1.0,0.0,1.0,0.0,0.5980993592766735
3068,1395f6f7af57b553b,True,,,,,,,,,,1.0,0.0,1.0,1.0,0.6956641571334811,1.0,0.0,1.0,0.0,0.0
3069,4f77731642644b559,True,,,,,,,,,,1.0,1.0,1.0,1.0,0.8166388041481847,1.0,1.0,1.0,1.0,0.9426996262963077
3070,d337b79f01dc75805,True,,,,,,,,,,1.0,1.0,0.5,1.0,0.6303277742829612,1.0,0.0,1.0,1.0,0.37973871473171267
3071,5ce376c0d0c1cc13f,True,,,,,,,,,,1.0,0.0,1.0,1.0,0.5853091609241861,1.0,0.0,1.0,0.0,0.0
3072,b3b9360d8f660b634,True,,,,,,,,,,1.0,0.0,1.0,1.0,1.0,1.0,1.0,1.0,0.0,0.0
3073,b9297371e1c1fc881,True,,,,,,,,,,1.0,1.0,1.0,1.0,1.0,1.0,0.0,1.0,0.0,0.75
3074,c86b538debe073fb7,True,,,,,,,,,,1.0,1.0,1.0,1.0,0.758803650645916,1.0,1.0,1.0,0.0,0.7996261408268488
3075,58bd6bb780642e715,True,,,,,,,,,,0.5,0.0,0.5,1.0,1.0,0.0,0.0,1.0,1.0,0.0
3076,6324e7d77bf56fdb3,True,,,,,,,,,,1.0,0.0,1.0,1.0,0.8581949829814529,1.0,1.0,1.0,0.0,0.0
3077,c9eccd69e416f78ae,True,,,,,,,,,,0.0,0.0,1.0,1.0,0.9186845958258694,0.0,0.0,1.0,0.0,0.0
3078,87ba78b703221d111,True,,,,,,,,,,0.0,1.0,1.0,1.0,1.0,0.0,1.0,1.0,0.0,0.0
3079,5806dc63fc6e3cad9,True,,,,,,,,,,1.0,1.0,1.0,1.0,1.0,1.0,1.0,1.0,0.0,0.875
3080,4225dd6384602da80,True,,,,,,,,,,1.0,1.0,1.0,1.0,0.38802555687294527,1.0,0.0,1.0,1.0,0.6837579865227954
3081,6407b45b597b1c340,True,,,,,,,,,,1.0,1.0,1.0,1.0,1.0,1.0,0.0,1.0,0.0,0.75
3082,7b24f810cbd1a8c5a,True,,,,,,,,,,0.0,0.0,0.5,1.0,1.0,0.0,0.0,1.0,1.0,0.0
3083,2cc556c9db9fd5088,True,,,,,,,,,,0.0,1.0,1.0,1.0,1.0,0.0,1.0,1.0,1.0,0.0
3084,8eb4319f6f1477277,True,,,,,,,,,,1.0,0.0,1.0,1.0,1.0,1.0,1.0,1.0,0.0,0.0
3085,74dc897cc60962fc0,True,,,,,,,,,,1.0,1.0,1.0,1.0,1.0,1.0,0.0,0.0,1.0,0.75
3086,44a5937b14cec415b,True,,,,,,,,,,1.0,1.0,1.0,1.0,0.7089814722962468,1.0,0.0,1.0,1.0,0.784056710092577
3087,a8b1bc8442e0fb5b1,True,,,,,,,,,,1.0,1.0,1.0,1.0,0.6616671354779021,1.0,0.0,1.0,1.0,0.7692709798368444
3088,3e8522a5f8d7b3783,True,,,,,,,,,,1.0,1.0,1.0,1.0,1.0,1.0,0.0,1.0,1.0,0.875
3089,aadb9d0abc30a1215,True,,,,,,,,,,0.0,1.0,1.0,1.0,0.9446067123826416,0.0,0.0,1.0,0.0,0.0
3090,d2ac4238dd1e06e2b,True,,,,,,,,,,1.0,0.0,1.0,1.0,1.0,1.0,1.0,1.0,0.0,0.0
3091,debbba18b341ebebb,True,,,,,,,,,,1.0,1.0,1.0,1.0,0.440164432861552,1.0,1.0,1.0,0.0,0.7000513852692349
3092,cd5e5b17476268370,True,,,,,,,,,,1.0,0.0,1.0,1.0,0.8132696680260626,1.0,0.0,1.0,1.0,0.0
3093,d220a708760298c7f,True,,,,,,,,,,1.0,1.0,1.0,1.0,0.866890461389718,1.0,1.0,1.0,1.0,0.9584032691842869
3094,161174e0143b41afa,True,,,,,,,,,,1.0,1.0,0.0,1.0,0.6648697546499835,1.0,0.0,1.0,1.0,0.0
3095,854e5e93c34b9c7cd,True,,,,,,,,,,1.0,1.0,0.5,1.0,0.8217748983036286,1.0,0.0,1.0,1.0,0.409652327859942
3096,7e909c56c1daea780,True,,,,,,,,,,1.0,1.0,1.0,1.0,0.5604075794444787,1.0,1.0,1.0,1.0,0.8626273685763997
3097,3c2d7205574952616,True,,,,,,,,,,0.0,1.0,1.0,1.0,1.0,0.0,0.0,1.0,0.0,0.0
3098,d44eb346043c78d47,True,,,,,,,,,,1.0,0.0,0.0,1.0,1.0,1.0,0.0,1.0,1.0,0.0
3099,8d8129f6368d5e730,True,,,,,,,,,,1.0,1.0,1.0,1.0,0.5759900832349131,1.0,1.0,1.0,1.0,0.8674969010109104
3100,c3bb1145080f9b2b0,True,,,,,,,,,,1.0,1.0,1.0,1.0,0.9275498753371312,1.0,0.0,1.0,0.0,0.7273593360428535
3101,3e0e221b32c026dc2,True,,,,,,,,,,1.0,0.0,0.0,1.0,1.0,1.0,0.0,1.0,1.0,0.0
3102,b01ea6107aea79f6c,True,,,,,,,,,,1.0,1.0,1.0,1.0,0.3583937128092578,1.0,1.0,1.0,1.0,0.7994980352528931
3103,dab22ead12dbdd7e4,True,,,,,,,,,,1.0,1.0,1.0,1.0,0.8729546625099144,1.0,1.0,1.0,1.0,0.9602983320343482
3104,ddeb5e032c4e1657a,True,,,,,,,,,,1.0,1.0,1.0,1.0,0.692679837792776,0.0,1.0,1.0,1.0,0.5914624493102425
3105,7ed807aaa179c87b1,True,,,,,,,,,,1.0,1.0,0.5,1.0,1.0,1.0,1.0,1.0,1.0,0.5
3106,9edf6075f6a55d2a5,True,,,,,,,,,,1.0,0.0,0.5,1.0,1.0,1.0,0.0,1.0,0.0,0.0
3107,fb56a869a86a4e9ee,True,,,,,,,,,,1.0,1.0,1.0,1.0,0.7542818950147321,1.0,1.0,0.0,0.0,0.6732130921921038
3108,b6963168b66273c97,True,,,,,,,,,,1.0,1.0,1.0,1.0,0.8565437365511765,1.0,1.0,1.0,1.0,0.9551699176722427
3109,3a96e943c2c264f67,True,,,,,,,,,,1.0,1.0,0.0,1.0,1.0,1.0,0.0,1.0,0.0,0.0
3110,2c1190d3b505388dd,True,,,,,,,,,,1.0,1.0,1.0,1.0,0.8096880151306522,1.0,1.0,1.0,0.0,0.8155275047283288
3111,71965da4aff01d13c,True,,,,,,,,,,1.0,0.0,1.0,1.0,0.8509401288060343,1.0,1.0,1.0,1.0,0.0
3112,654d6d6e5212f40da,True,,,,,,,,,,0.0,1.0,1.0,1.0,1.0,0.0,1.0,1.0,1.0,0.0
3113,e2ea1000f4e2d0904,True,,,,,,,,,,1.0,1.0,1.0,1.0,0.6733793260000475,1.0,1.0,1.0,1.0,0.8979310393750148
3114,d79599d25c9842625,True,,,,,,,,,,1.0,1.0,1.0,1.0,0.9078663046771324,1.0,0.0,1.0,1.0,0.8462082202116039
3115,ddb08f9eb92516246,True,,,,,,,,,,1.0,0.0,1.0,1.0,0.5558229896811059,1.0,1.0,1.0,1.0,0.0
3116,1106accd2b5707701,True,,,,,,,,,,0.0,1.0,1.0,1.0,1.0,0.0,0.0,1.0,1.0,0.0
3117,daae79609618606ae,True,,,,,,,,,,1.0,1.0,1.0,1.0,0.8519320114443089,1.0,0.0,1.0,0.0,0.7037287535763466
3118,2732f280ebb7e46da,True,,,,,,,,,,1.0,0.0,1.0,1.0,0.8734224473431825,1.0,1.0,1.0,1.0,0.0
3119,0802cacabc6a28d18,True,,,,,,,,,,1.0,1.0,1.0,1.0,0.7654780332580693,1.0,0.0,1.0,1.0,0.8017118853931466
3120,6d4dbc1af5fc2435b,True,,,,,,,,,,1.0,1.0,1.0,1.0,0.6630148113719597,1.0,1.0,1.0,1.0,0.8946921285537375
3121,d73385f96b3a8b16d,True,,,,,,,,,,1.0,0.0,1.0,1.0,0.7404436000714347,1.0,1.0,1.0,1.0,0.0
3122,8783df49ca89f8dd7,True,,,,,,,,,,1.0,0.0,0.0,1.0,1.0,1.0,0.0,1.0,0.0,0.0
3123,d5f2dcdb50158c20e,True,,,,,,,,,,1.0,0.0,1.0,1.0,0.373216947348129,1.0,0.0,1.0,1.0,0.0
3124,b291af47ff3b66426,True,,,,,,,,,,1.0,1.0,1.0,1.0,0.7348460834882017,1.0,1.0,1.0,1.0,0.9171394010900631
3125,5e2acee998e20682e,True,,,,,,,,,,1.0,0.0,0.5,1.0,1.0,1.0,0.0,1.0,0.0,0.0
3126,a1a35da673b8752f6,True,,,,,,,,,,1.0,1.0,0.5,1.0,1.0,1.0,0.0,1.0,0.0,0.375
3127,2e5a54d80147f955d,True,,,,,,,,,,1.0,0.0,1.0,1.0,0.5224370290221605,1.0,0.0,1.0,1.0,0.0
3128,b710f4583e83f5650,True,,,,,,,,,,1.0,1.0,1.0,1.0,0.5935131555359333,1.0,1.0,1.0,1.0,0.8729728611049792
3129,7be779b9f100e6373,True,,,,,,,,,,1.0,1.0,1.0,1.0,1.0,1.0,1.0,1.0,1.0,1.0
3130,8254112e33078afad,True,,,,,,,,,,0.0,1.0,1.0,1.0,1.0,0.0,1.0,1.0,1.0,0.0
3131,29155e956236db1c4,True,,,,,,,,,,1.0,1.0,1.0,1.0,0.3969497413748144,1.0,0.0,1.0,1.0,0.6865467941796295
3132,786f6723260569e56,True,,,,,,,,,,1.0,1.0,0.5,1.0,0.9168478528773795,1.0,0.0,1.0,0.0,0.3620074770120906
3133,8ab43bb08112dc9ee,True,,,,,,,,,,1.0,1.0,1.0,1.0,0.8363217029426071,1.0,1.0,1.0,1.0,0.9488505321695647
3134,f21c4208d817951b4,True,,,,,,,,,,1.0,0.0,1.0,1.0,0.6185254196459108,1.0,0.0,1.0,1.0,0.0
3135,bc91ea0c9c2963c7e,True,,,,,,,,,,1.0,1.0,1.0,1.0,0.645731236991144,1.0,1.0,1.0,1.0,0.8892910115597326
3136,a455cb198227aca78,True,,,,,,,,,,1.0,0.0,0.5,1.0,1.0,1.0,0.0,1.0,0.0,0.0
3137,e6aacc10619a6082c,True,,,,,,,,,,1.0,1.0,1.0,1.0,0.6209685597401798,1.0,1.0,1.0,1.0,0.8815526749188062
3138,5154115e543f3aa9a,True,,,,,,,,,,1.0,0.0,1.0,1.0,0.6499949049522231,1.0,1.0,1.0,1.0,0.0
3139,51d3d62e78d712283,True,,,,,,,,,,1.0,1.0,1.0,1.0,0.8569944799826033,1.0,0.0,1.0,0.0,0.7053107749945635
3140,d773ee01e5118e39d,True,,,,,,,,,,1.0,0.0,1.0,1.0,1.0,1.0,0.0,1.0,1.0,0.0
3141,170cbe90db917432e,True,,,,,,,,,,1.0,1.0,1.0,1.0,0.6584671735788735,1.0,0.0,1.0,1.0,0.768270991743398
3142,045c91494e0548007,True,,,,,,,,,,1.0,1.0,1.0,1.0,0.6038093953515058,1.0,1.0,1.0,1.0,0.8761904360473456
3143,e41845d0f5aba53e4,True,,,,,,,,,,0.0,1.0,1.0,1.0,1.0,0.0,0.0,1.0,1.0,0.0
3144,3b57e348407582e72,True,,,,,,,,,,1.0,1.0,0.5,1.0,0.8763343428290672,1.0,1.0,1.0,1.0,0.48067724106704174
3145,00c31cdc6c3be2b28,True,,,,,,,,,,1.0,1.0,1.0,1.0,0.6549769291691209,1.0,1.0,0.0,1.0,0.7671802903653503
3146,0120638e7b2bd0bdf,True,,,,,,,,,,0.0,1.0,1.0,1.0,1.0,0.0,1.0,1.0,1.0,0.0
3147,aaf0cbe31c7a5aa33,True,,,,,,,,,,1.0,1.0,0.0,1.0,1.0,1.0,0.0,1.0,1.0,0.0
3148,8a767a8d9952eeaf9,True,,,,,,,,,,1.0,1.0,1.0,1.0,1.0,1.0,1.0,1.0,0.0,0.875
3149,6dbbdae0bdb3174ac,True,,,,,,,,,,1.0,0.0,1.0,1.0,0.6778766535406655,1.0,1.0,1.0,1.0,0.0
3150,925bbd1a587bfa622,True,,,,,,,,,,1.0,1.0,1.0,1.0,0.4300946409106397,1.0,0.0,1.0,0.0,0.571904575284575
3151,ff2e7e48f5ee14950,True,,,,,,,,,,1.0,1.0,0.5,1.0,1.0,1.0,0.0,1.0,1.0,0.4375
3152,2048a65fec13c23d5,True,,,,,,,,,,1.0,1.0,1.0,1.0,0.7337204024605063,1.0,1.0,1.0,1.0,0.9167876257689083
3153,4447196f3f8f1a9e5,True,,,,,,,,,,0.5,0.0,0.0,1.0,1.0,0.0,1.0,1.0,0.0,0.0
3154,08c4b293745d6aef6,True,,,,,,,,,,0.0,1.0,1.0,0.0,1.0,0.0,1.0,1.0,0.0,0.0
3155,e2e0472858fa4a63e,True,,,,,,,,,,1.0,1.0,1.0,1.0,0.6759485719612256,1.0,0.0,1.0,1.0,0.773733928737883
3156,576ad4ad9e64275b1,True,,,,,,,,,,1.0,0.0,1.0,1.0,0.03118656074893533,1.0,0.0,1.0,0.0,0.0
3157,99843a353c9918cfd,True,,,,,,,,,,1.0,1.0,1.0,1.0,0.6306332548900422,1.0,1.0,1.0,1.0,0.8845728921531382
3158,543679cd5973594a2,True,,,,,,,,,,1.0,1.0,1.0,1.0,0.7225499129619313,1.0,1.0,1.0,0.0,0.7882968478006035
3159,bc14063bcfe64e058,True,,,,,,,,,,0.0,1.0,1.0,1.0,1.0,0.0,1.0,1.0,0.0,0.0
3160,07c652f78c0509a49,True,,,,,,,,,,1.0,0.0,1.0,1.0,0.8240029985377204,1.0,1.0,1.0,1.0,0.0
3161,7d4ce2377f19fda93,True,,,,,,,,,,0.0,1.0,1.0,1.0,0.7734303090875243,0.0,0.0,1.0,1.0,0.0
3162,43f9b9de05ede6a4d,True,,,,,,,,,,1.0,1.0,1.0,1.0,0.643057779252033,1.0,0.0,1.0,0.0,0.6384555560162604
3163,3d85159a51861aba5,True,,,,,,,,,,0.0,1.0,1.0,1.0,1.0,0.0,0.0,1.0,1.0,0.0
3164,69fb879cbb73f071a,True,,,,,,,,,,1.0,0.0,1.0,1.0,0.7024709126753714,1.0,1.0,1.0,0.0,0.0
3165,ee0214c25403e4214,True,,,,,,,,,,0.0,1.0,1.0,1.0,0.576901128111032,0.0,0.0,1.0,1.0,0.0
3166,a33343b83ce194f89,True,,,,,,,,,,1.0,1.0,1.0,1.0,0.6641421602781826,1.0,1.0,1.0,1.0,0.895044425086932
3167,ace512518cdd33ce6,True,,,,,,,,,,1.0,0.0,0.5,1.0,1.0,1.0,1.0,1.0,0.0,0.0
3168,5f54e7582c508a3ca,True,,,,,,,,,,1.0,1.0,1.0,1.0,0.6667316255346681,1.0,0.0,1.0,1.0,0.7708536329795838
3169,26fc6837ede450373,True,,,,,,,,,,1.0,1.0,1.0,1.0,0.5776847960136862,1.0,1.0,1.0,1.0,0.868026498754277
3170,046b8681d380244e2,True,,,,,,,,,,1.0,1.0,1.0,1.0,0.8978118545158694,1.0,0.0,1.0,0.0,0.7180662045362092
3171,35dde9258cf9db5c2,True,,,,,,,,,,1.0,1.0,1.0,1.0,0.684606379045947,1.0,0.0,1.0,1.0,0.7764394934518585
3172,eb926b1ea7a29e612,True,,,,,,,,,,0.0,1.0,1.0,1.0,1.0,0.0,1.0,1.0,1.0,0.0
3173,89474c5ba034ced0c,True,,,,,,,,,,1.0,1.0,1.0,1.0,0.5427664982649532,1.0,1.0,1.0,0.0,0.7321145307077979
3174,b1446d3c05a5f7c0a,True,,,,,,,,,,1.0,1.0,0.0,1.0,1.0,1.0,0.0,1.0,0.0,0.0
3175,9c47bf4ba9db25f5d,True,,,,,,,,,,0.0,1.0,1.0,1.0,1.0,0.0,1.0,1.0,1.0,0.0
3176,91e2e5e740db004ce,True,,,,,,,,,,1.0,1.0,1.0,1.0,0.9984884141073603,0.0,0.0,1.0,0.0,0.4370276294085501
3177,c3a31672b53c086c7,True,,,,,,,,,,1.0,1.0,1.0,1.0,0.42702817790430897,1.0,0.0,1.0,1.0,0.6959463055950965
3178,28d54bc8604f16c63,True,,,,,,,,,,1.0,1.0,1.0,1.0,1.0,1.0,0.0,1.0,0.0,0.75
3179,d07109d7827c6eace,True,,,,,,,,,,1.0,1.0,1.0,1.0,1.0,1.0,1.0,0.0,0.0,0.75
3180,ed6284a7f1cce40a2,True,,,,,,,,,,1.0,1.0,1.0,1.0,1.0,1.0,1.0,1.0,1.0,1.0
3181,a7f6db3ebc16e5c7c,True,,,,,,,,,,1.0,1.0,1.0,1.0,1.0,1.0,1.0,1.0,0.0,0.875
3182,35fc09471c163fd84,True,,,,,,,,,,1.0,1.0,1.0,1.0,0.5885480453458065,1.0,1.0,1.0,1.0,0.8714212641705645
3183,09217d8288feb5fad,True,,,,,,,,,,1.0,1.0,1.0,1.0,1.0,1.0,1.0,1.0,1.0,1.0
3184,2f25ad449c40ae04c,True,,,,,,,,,,1.0,1.0,1.0,1.0,0.35388471182186076,1.0,0.0,1.0,0.0,0.5480889724443315
3185,069407bff74cbde70,True,,,,,,,,,,1.0,0.0,1.0,1.0,0.6361919060128473,1.0,1.0,1.0,1.0,0.0
3186,d259b8e83d8d206fe,True,,,,,,,,,,1.0,1.0,1.0,1.0,1.0,1.0,0.0,1.0,1.0,0.875
3187,7cef24e9f023c00e8,True,,,,,,,,,,0.0,0.0,1.0,1.0,1.0,0.0,1.0,1.0,0.0,0.0
3188,17ea9cff5974892cb,True,,,,,,,,,,1.0,1.0,1.0,1.0,0.5432490514893106,1.0,1.0,1.0,0.0,0.7322653285904095
3189,af7c2f2eb8cc6b36d,True,,,,,,,,,,1.0,0.0,1.0,1.0,1.0,1.0,0.0,1.0,1.0,0.0
3190,ecd4cf358c244bf21,True,,,,,,,,,,0.5,0.0,1.0,1.0,1.0,0.0,0.0,1.0,1.0,0.0
3191,95bfecce656f72d69,True,,,,,,,,,,0.0,1.0,1.0,1.0,1.0,0.0,0.0,1.0,1.0,0.0
3192,b73265f459fb49f24,True,,,,,,,,,,1.0,1.0,1.0,1.0,0.7903161707510408,1.0,0.0,1.0,1.0,0.8094738033597002
3193,246271906b5570c57,True,,,,,,,,,,1.0,0.0,1.0,1.0,0.7191343638095767,0.0,0.0,1.0,1.0,0.0
3194,b5ee33c961aed53c5,True,,,,,,,,,,1.0,1.0,0.0,1.0,0.7083493536494369,1.0,0.0,1.0,1.0,0.0
3195,9b28f2e81fd405453,True,,,,,,,,,,1.0,1.0,1.0,1.0,0.23762355820424452,1.0,1.0,1.0,1.0,0.7617573619388265
3196,7d00bd785ae5140f2,True,,,,,,,,,,1.0,1.0,1.0,1.0,1.0,1.0,1.0,1.0,0.0,0.875
3197,63587c0f95bcdef4c,True,,,,,,,,,,1.0,0.0,0.5,1.0,1.0,1.0,0.0,1.0,1.0,0.0
3198,8dd36b48e9549dfbb,True,,,,,,,,,,1.0,0.0,0.5,1.0,1.0,1.0,0.0,1.0,0.0,0.0
3199,f1e82aeab9ae98314,True,,,,,,,,,,1.0,1.0,1.0,1.0,0.9549437941149113,1.0,1.0,1.0,0.0,0.8609199356609097
3200,65e1feb850bbe8c9b,True,,,,,,,,,,1.0,1.0,0.5,1.0,1.0,1.0,0.0,1.0,1.0,0.4375
3201,5b387bb6b49ae731a,True,,,,,,,,,,1.0,1.0,1.0,1.0,0.7854803985065351,1.0,0.0,1.0,0.0,0.6829626245332923
3202,155a384f7f1dbf66b,True,,,,,,,,,,1.0,1.0,1.0,1.0,0.7160952739565176,1.0,1.0,1.0,0.0,0.7862797731114117
3203,043b764789a077f63,True,,,,,,,,,,1.0,1.0,1.0,1.0,0.7043396729998108,1.0,1.0,1.0,1.0,0.9076061478124409
3204,b2be12870f04d58f6,True,,,,,,,,,,1.0,1.0,1.0,1.0,1.0,1.0,1.0,1.0,1.0,1.0
3205,f3374bc1daec15012,True,,,,,,,,,,1.0,1.0,1.0,1.0,0.7243147578217692,1.0,0.0,1.0,1.0,0.788848361819303
3206,e1ef0211a91fc5373,True,,,,,,,,,,1.0,0.0,1.0,1.0,1.0,1.0,0.0,1.0,0.0,0.0
3207,72596b62f23cfe8b5,True,,,,,,,,,,1.0,1.0,1.0,1.0,1.0,1.0,1.0,1.0,1.0,1.0
3208,67aafbe3b9430e738,True,,,,,,,,,,0.0,0.0,1.0,1.0,1.0,0.0,0.0,1.0,1.0,0.0
3209,265f651d3984bee82,True,,,,,,,,,,1.0,1.0,1.0,1.0,1.0,1.0,1.0,1.0,1.0,1.0
3210,35cbd378e962248ad,True,,,,,,,,,,1.0,1.0,1.0,1.0,1.0,1.0,0.0,1.0,1.0,0.875
3211,10591acdd773264c9,True,,,,,,,,,,0.0,1.0,1.0,1.0,1.0,0.0,1.0,1.0,0.0,0.0
3212,ea1bac206caf8d18e,True,,,,,,,,,,1.0,1.0,1.0,1.0,0.8064798001355861,1.0,1.0,1.0,0.0,0.8145249375423707
3213,fd516de1672fb997a,True,,,,,,,,,,1.0,0.0,0.5,1.0,1.0,0.0,1.0,1.0,0.0,0.0
3214,dc9a1a64623f4ee2a,True,,,,,,,,,,1.0,1.0,1.0,1.0,0.2539417368495881,1.0,0.0,1.0,1.0,0.6418567927654963
3215,de5875c3da62d3850,True,,,,,,,,,,1.0,1.0,0.5,1.0,1.0,1.0,0.0,1.0,1.0,0.4375
3216,c3200abf96a354efa,True,,,,,,,,,,1.0,0.0,1.0,1.0,0.39753011159755525,1.0,1.0,1.0,1.0,0.0
3217,9bfb6e5100707e5d1,True,,,,,,,,,,1.0,1.0,1.0,1.0,0.7671317092988549,1.0,1.0,1.0,1.0,0.9272286591558921
3218,14e45cc6be6120e78,True,,,,,,,,,,1.0,0.0,1.0,1.0,0.8522249277209133,1.0,1.0,1.0,1.0,0.0
3219,63aab11dd75c78ad2,True,,,,,,,,,,1.0,1.0,1.0,1.0,0.5324654179200571,1.0,1.0,1.0,1.0,0.8538954431000179
3220,53df090218b63e39f,True,,,,,,,,,,1.0,1.0,1.0,1.0,0.7357877115840236,1.0,1.0,1.0,1.0,0.9174336598700074
3221,182b0871961fced6d,True,,,,,,,,,,1.0,1.0,1.0,1.0,0.5779639920993673,1.0,1.0,1.0,1.0,0.8681137475310523
3222,2b357fcebd9642bfe,True,,,,,,,,,,1.0,0.0,1.0,1.0,1.0,1.0,0.0,1.0,0.0,0.0
3223,92fd62b816fa1435c,True,,,,,,,,,,1.0,1.0,0.5,1.0,1.0,1.0,0.0,1.0,0.0,0.375
3224,8f53dde363962b143,True,,,,,,,,,,1.0,1.0,0.0,1.0,0.8184455442056905,1.0,0.0,1.0,1.0,0.0
3225,bdd6ec1614649724b,True,,,,,,,,,,1.0,0.0,1.0,1.0,1.0,1.0,0.0,1.0,1.0,0.0
3226,a7cf069369c371dd2,True,,,,,,,,,,1.0,0.0,1.0,1.0,0.49184397988157724,1.0,1.0,1.0,1.0,0.0
3227,d7ae6e55bf567365e,True,,,,,,,,,,1.0,1.0,0.0,1.0,1.0,1.0,0.0,1.0,1.0,0.0
3228,97878eb5ec064dcaf,True,,,,,,,,,,0.0,1.0,1.0,1.0,0.5382217148548052,0.0,0.0,1.0,1.0,0.0
3229,18f43a288ddc873cc,True,,,,,,,,,,1.0,1.0,1.0,1.0,1.0,1.0,1.0,1.0,0.0,0.875
3230,c73b72769d48ae4f5,True,,,,,,,,,,1.0,0.0,1.0,1.0,1.0,1.0,1.0,1.0,0.0,0.0
3231,d113ac7bc40f321c0,True,,,,,,,,,,1.0,1.0,1.0,1.0,1.0,1.0,1.0,1.0,1.0,1.0
3232,fcba11bedf38fce20,True,,,,,,,,,,1.0,1.0,1.0,1.0,0.6012778827913748,1.0,1.0,1.0,1.0,0.8753993383723047
3233,b9a43db97480bc666,True,,,,,,,,,,1.0,0.0,0.0,1.0,1.0,1.0,0.0,1.0,1.0,0.0
3234,246d3c9b39fae2ec7,True,,,,,,,,,,1.0,1.0,1.0,1.0,0.9270918215914022,1.0,1.0,1.0,0.0,0.8522161942473132
3235,65d059ca1a57ebca1,True,,,,,,,,,,1.0,0.0,1.0,1.0,0.9903811416965639,1.0,0.0,1.0,0.0,0.0
3236,887a22206566761ea,True,,,,,,,,,,1.0,1.0,1.0,1.0,0.5413782234532467,1.0,0.0,1.0,0.0,0.6066806948291397
3237,2b1cf649494f9cd62,True,,,,,,,,,,1.0,0.0,0.0,1.0,1.0,1.0,0.0,1.0,0.0,0.0
3238,1348d09a15e4bfd3f,True,,,,,,,,,,1.0,1.0,1.0,1.0,0.798101210694064,1.0,0.0,1.0,1.0,0.811906628341895
3239,856438ce448da4265,True,,,,,,,,,,1.0,0.0,1.0,1.0,1.0,1.0,1.0,1.0,1.0,0.0
3240,cdbe73e69b2aced1d,True,,,,,,,,,,1.0,1.0,1.0,1.0,0.6197859049577713,1.0,1.0,0.0,1.0,0.7561830952993035
3241,60f4ba34fce9a6a16,True,,,,,,,,,,1.0,1.0,1.0,1.0,0.9061689331547045,1.0,1.0,1.0,1.0,0.9706777916108451
3242,ab20f07e685b59761,True,,,,,,,,,,1.0,1.0,1.0,1.0,0.49230383085858376,1.0,1.0,1.0,1.0,0.8413449471433074
3243,9451e8ef901cc6db5,True,,,,,,,,,,1.0,1.0,1.0,1.0,0.5788035205387712,1.0,1.0,1.0,1.0,0.868376100168366
3244,881d6a8509303a3b0,True,,,,,,,,,,1.0,1.0,1.0,1.0,0.9918341153229071,1.0,1.0,1.0,1.0,0.9974481610384085
3245,56c892f39067ffb33,True,,,,,,,,,,1.0,1.0,1.0,1.0,0.5431670778425994,1.0,0.0,1.0,1.0,0.7322397118258124
3246,8f669c4ed49b0595f,True,,,,,,,,,,1.0,0.0,1.0,1.0,0.6409873396131138,1.0,1.0,1.0,0.0,0.0
3247,583b2af0de861778c,True,,,,,,,,,,1.0,1.0,0.5,1.0,0.9770599169490521,1.0,0.0,1.0,1.0,0.43391561202328943
3248,c69cdc989b0472928,True,,,,,,,,,,1.0,1.0,1.0,1.0,0.9360163333381644,1.0,0.0,1.0,1.0,0.8550051041681763
3249,2b5b15e806903df0c,True,,,,,,,,,,1.0,1.0,1.0,1.0,1.0,1.0,1.0,1.0,0.0,0.875
3250,38bdb6df2119d0042,True,,,,,,,,,,1.0,0.0,1.0,1.0,0.7932394758302256,1.0,0.0,1.0,1.0,0.0
3251,980cc797db6c51c02,True,,,,,,,,,,1.0,0.0,1.0,1.0,0.9195545813812384,1.0,1.0,1.0,1.0,0.0
3252,d603eac1517a7fe9a,True,,,,,,,,,,1.0,1.0,1.0,1.0,0.8741949404091625,1.0,1.0,1.0,0.0,0.8356859188778633
3253,87f3ff9f4e16ee2e1,True,,,,,,,,,,0.0,1.0,1.0,1.0,1.0,0.0,0.0,1.0,0.0,0.0
3254,ad3a915c556a5c581,True,,,,,,,,,,1.0,1.0,0.5,0.0,1.0,1.0,1.0,1.0,1.0,0.0
3255,a9400ab68fb27ff72,True,,,,,,,,,,1.0,1.0,0.5,1.0,1.0,1.0,0.0,1.0,0.0,0.375
3256,014c92e4c2718adf8,True,,,,,,,,,,1.0,1.0,1.0,1.0,0.9129665115587519,1.0,1.0,1.0,0.0,0.84780203486211
3257,3c8afefbaf08142c1,True,,,,,,,,,,1.0,0.0,0.0,1.0,1.0,1.0,0.0,1.0,0.0,0.0
3258,d2d732a1ea85df0d1,True,,,,,,,,,,1.0,1.0,1.0,1.0,0.49456255369348356,1.0,1.0,1.0,1.0,0.8420507980292136
3259,581dff20c11d113e2,True,,,,,,,,,,1.0,0.0,1.0,1.0,0.9265218835976091,1.0,1.0,1.0,1.0,0.0
3260,bd8218a7ee5744998,True,,,,,,,,,,1.0,1.0,1.0,1.0,0.33849539272393214,1.0,1.0,1.0,1.0,0.7932798102262288
3261,6f8794f5f301202d0,True,,,,,,,,,,1.0,1.0,1.0,1.0,1.0,1.0,1.0,1.0,0.0,0.875
3262,de6c242bf7dbf68eb,True,,,,,,,,,,1.0,1.0,1.0,1.0,0.41588007132329524,1.0,0.0,1.0,1.0,0.6924625222885298
3263,15a4d38c20001c0e4,True,,,,,,,,,,1.0,0.0,0.0,1.0,1.0,1.0,0.0,1.0,0.0,0.0
3264,476448c3e62fe40b1,True,,,,,,,,,,0.0,1.0,1.0,1.0,1.0,0.0,1.0,0.0,0.0,0.0
3265,7387fd37f78f3fd39,True,,,,,,,,,,1.0,1.0,1.0,1.0,0.7570241559585204,1.0,1.0,1.0,1.0,0.9240700487370376
3266,cf9851f86105d9f8c,True,,,,,,,,,,1.0,1.0,0.0,1.0,0.8083686276435951,1.0,0.0,1.0,1.0,0.0
3267,41c063fac49e3b5e2,True,,,,,,,,,,1.0,1.0,1.0,1.0,0.23729247279117932,1.0,1.0,1.0,0.0,0.6366538977472436
3268,617af5a1ea48f3d16,True,,,,,,,,,,1.0,1.0,1.0,1.0,0.9296008997814146,1.0,0.0,1.0,1.0,0.8530002811816921
3269,8ec2f225bd1ccc3ff,True,,,,,,,,,,1.0,1.0,1.0,1.0,0.7098221959976433,1.0,0.0,1.0,1.0,0.7843194362492636
3270,303bc627ceab22570,True,,,,,,,,,,1.0,0.0,1.0,1.0,1.0,0.0,0.0,1.0,0.0,0.0
3271,9e4e2947f7b3098a7,True,,,,,,,,,,0.0,0.0,1.0,1.0,1.0,0.0,0.0,1.0,1.0,0.0
3272,6d7d0467feb2787ea,True,,,,,,,,,,1.0,1.0,1.0,1.0,0.24683619799331147,1.0,0.0,1.0,1.0,0.6396363118729098
3273,9a7f43d4720b544da,True,,,,,,,,,,1.0,1.0,1.0,1.0,0.5378504150360133,1.0,1.0,1.0,1.0,0.8555782546987541
3274,36c3a5d31d406a1c2,True,,,,,,,,,,1.0,1.0,1.0,1.0,0.33958224394951986,1.0,1.0,1.0,0.0,0.668619451234225
3275,27061907e5be28dba,True,,,,,,,,,,1.0,1.0,1.0,1.0,0.7817707707379636,1.0,1.0,1.0,1.0,0.9318033658556136
3276,d25b5af7899d7e8e0,True,,,,,,,,,,1.0,0.0,1.0,1.0,0.6020040650473817,1.0,0.0,1.0,1.0,0.0
3277,efd620a9103f0ef3f,True,,,,,,,,,,0.0,1.0,1.0,1.0,1.0,0.0,1.0,1.0,0.0,0.0
3278,04c0d966a74c0c8e0,True,,,,,,,,,,0.0,1.0,1.0,1.0,1.0,0.0,0.0,1.0,1.0,0.0
3279,be44491ed8588df81,True,,,,,,,,,,1.0,1.0,1.0,1.0,1.0,1.0,1.0,1.0,0.0,0.875
3280,90641ae47d3a38ca0,True,,,,,,,,,,1.0,1.0,1.0,1.0,1.0,1.0,1.0,1.0,1.0,1.0
3281,3504f8f8ec86e462f,True,,,,,,,,,,1.0,1.0,1.0,1.0,0.42869292297162315,1.0,0.0,1.0,1.0,0.6964665384286323
3282,1e6e2d318ec0f30bf,True,,,,,,,,,,1.0,0.0,0.5,1.0,0.8780906120353716,1.0,0.0,1.0,1.0,0.0
3283,523bfa9ffbc43f698,True,,,,,,,,,,1.0,1.0,1.0,1.0,0.6203033010279,1.0,1.0,1.0,1.0,0.8813447815712188
3284,c7eba674ea24ca81f,True,,,,,,,,,,1.0,1.0,1.0,1.0,1.0,1.0,0.0,1.0,1.0,0.875
3285,f67fdc6f83d2e8656,True,,,,,,,,,,1.0,1.0,0.5,1.0,0.7511033985387561,1.0,0.0,1.0,0.0,0.33610990602168067
3286,74a93e74eb8082fae,True,,,,,,,,,,0.0,1.0,1.0,1.0,1.0,0.0,0.0,1.0,1.0,0.0
3287,0952835e9ba422028,True,,,,,,,,,,1.0,0.0,1.0,1.0,0.538068013610342,1.0,1.0,1.0,0.0,0.0
3288,3bcc1dd4e60503094,True,,,,,,,,,,1.0,1.0,1.0,1.0,0.688614676450652,1.0,0.0,1.0,0.0,0.6526920863908288
3289,02a940e77418c19bc,True,,,,,,,,,,1.0,1.0,1.0,1.0,0.6970399699341644,1.0,1.0,1.0,0.0,0.7803249906044264
3290,864a83021c759e07e,True,,,,,,,,,,1.0,0.0,0.5,1.0,1.0,1.0,0.0,1.0,0.0,0.0
3291,ae529a342a5742720,True,,,,,,,,,,1.0,1.0,1.0,1.0,0.7473887271446435,1.0,0.0,1.0,1.0,0.7960589772327011
3292,8124438bc47b3654f,True,,,,,,,,,,1.0,1.0,0.0,1.0,1.0,1.0,0.0,1.0,1.0,0.0
3293,91c1ae75902e09e0c,True,,,,,,,,,,1.0,1.0,1.0,1.0,1.0,1.0,1.0,1.0,1.0,1.0
3294,1bd8d67289c963a19,True,,,,,,,,,,1.0,1.0,1.0,1.0,0.9217365902417554,1.0,0.0,1.0,1.0,0.8505426844505486
3295,7a934a0d58b6d113b,True,,,,,,,,,,0.0,1.0,1.0,1.0,1.0,0.0,1.0,1.0,1.0,0.0
3296,61437c5a9910331f6,True,,,,,,,,,,1.0,1.0,1.0,1.0,1.0,1.0,0.0,1.0,1.0,0.875
3297,4eb8b4fdc3085e121,True,,,,,,,,,,1.0,0.0,1.0,1.0,1.0,1.0,1.0,1.0,1.0,0.0
3298,b7e991a05053bf3b9,True,,,,,,,,,,1.0,0.0,0.0,1.0,1.0,1.0,0.0,1.0,1.0,0.0
3299,fb83b02b78181e4f8,True,,,,,,,,,,1.0,1.0,0.5,1.0,0.6110710336859911,1.0,0.0,1.0,1.0,0.3767298490134361
3300,af0d83c05846b8b86,True,,,,,,,,,,0.0,0.0,0.0,1.0,1.0,0.0,0.0,1.0,0.0,0.0
3301,5929f8a55e3904cac,True,,,,,,,,,,1.0,1.0,1.0,1.0,0.7097597123739449,1.0,1.0,1.0,0.0,0.7842999101168577
3302,2c7084169dfd8a99a,True,,,,,,,,,,0.0,0.0,0.0,1.0,1.0,0.0,0.0,1.0,1.0,0.0
3303,ccaf60b54f92a7260,True,,,,,,,,,,1.0,1.0,1.0,1.0,0.7842182504743367,1.0,1.0,1.0,1.0,0.9325682032732302
3304,fef06dc806442398d,True,,,,,,,,,,1.0,0.0,1.0,1.0,0.5913323583176768,1.0,0.0,1.0,0.0,0.0
3305,9e017dbb384c3b2b8,True,,,,,,,,,,1.0,1.0,1.0,1.0,1.0,1.0,1.0,1.0,1.0,1.0
3306,6eb44fdbacc1fdf1c,True,,,,,,,,,,1.0,1.0,1.0,1.0,1.0,1.0,1.0,1.0,1.0,1.0
3307,b7f82c0f75ba493fc,True,,,,,,,,,,1.0,0.0,0.5,1.0,0.7059411179659321,1.0,1.0,1.0,0.0,0.0
3308,d8c8d7ca717326aa5,True,,,,,,,,,,1.0,0.0,0.5,1.0,0.6891820027924183,1.0,0.0,1.0,1.0,0.0
3309,7077621a398aa2bf0,True,,,,,,,,,,1.0,0.0,1.0,1.0,0.7738164543453318,1.0,1.0,1.0,1.0,0.0
3310,29a8fd6439b689c2f,True,,,,,,,,,,1.0,1.0,0.0,1.0,0.8200760408172756,1.0,0.0,1.0,0.0,0.0
3311,b7670ba8822752554,True,,,,,,,,,,0.0,1.0,1.0,1.0,1.0,0.0,1.0,1.0,1.0,0.0
3312,d218a0af775558af6,True,,,,,,,,,,1.0,1.0,0.0,1.0,0.7015373991087035,1.0,0.0,1.0,1.0,0.0
3313,6d9ac6e09b2090952,True,,,,,,,,,,1.0,1.0,1.0,1.0,0.8393792518409601,1.0,0.0,1.0,1.0,0.8248060162003
3314,c55b51f6860007830,True,,,,,,,,,,1.0,1.0,0.5,1.0,1.0,1.0,0.0,1.0,1.0,0.4375
3315,552b5ed253cfd2ed4,True,,,,,,,,,,1.0,1.0,1.0,1.0,1.0,1.0,0.0,1.0,0.0,0.75
3316,90b96d597a7a1dd74,True,,,,,,,,,,1.0,1.0,1.0,1.0,0.8362497547855244,1.0,1.0,1.0,1.0,0.9488280483704764
3317,b6cc9d50323153d21,True,,,,,,,,,,1.0,1.0,0.5,1.0,0.790932659484816,1.0,1.0,1.0,1.0,0.4673332280445025
3318,6f6dd61939e44a14a,True,,,,,,,,,,1.0,1.0,1.0,1.0,0.7643563037046239,1.0,0.0,1.0,0.0,0.676361344907695
3319,01a7cf70d70d2fa61,True,,,,,,,,,,1.0,1.0,1.0,1.0,0.41741799112217415,1.0,0.0,1.0,1.0,0.6929431222256794
3320,58f91f82a3c230e1e,True,,,,,,,,,,1.0,1.0,0.0,1.0,1.0,0.0,0.0,1.0,0.0,0.0
3321,28203b9c4a54e7875,True,,,,,,,,,,0.0,1.0,1.0,1.0,1.0,0.0,0.0,1.0,0.0,0.0
3322,3eb13673463836283,True,,,,,,,,,,1.0,1.0,1.0,1.0,0.7906447694461349,1.0,1.0,1.0,1.0,0.9345764904519172
3323,db81ab220d6667266,True,,,,,,,,,,0.0,1.0,1.0,1.0,1.0,0.0,0.0,1.0,0.0,0.0
3324,e3e06ab2151befbbb,True,,,,,,,,,,1.0,1.0,1.0,1.0,0.6918624846434764,1.0,0.0,1.0,1.0,0.7787070264510864
3325,4ee799c8d99616aed,True,,,,,,,,,,1.0,1.0,1.0,1.0,0.3311942619698177,1.0,0.0,1.0,1.0,0.6659982068655681
3326,cc716ed59dd6f0250,True,,,,,,,,,,1.0,0.0,1.0,1.0,0.6868336423064579,1.0,1.0,1.0,1.0,0.0
3327,484e5d7157f571795,True,,,,,,,,,,1.0,1.0,1.0,1.0,0.603389367066461,1.0,1.0,1.0,1.0,0.8760591772082691
3328,3d8d728e149979ead,True,,,,,,,,,,1.0,1.0,1.0,1.0,0.3040123675434811,1.0,0.0,1.0,1.0,0.6575038648573379
3329,9958c9d44c4338562,True,,,,,,,,,,1.0,1.0,1.0,1.0,0.6272506435732148,1.0,1.0,1.0,1.0,0.8835158261166296
3330,03aa909d3767ff00e,True,,,,,,,,,,1.0,1.0,1.0,1.0,0.7132032104432119,1.0,1.0,1.0,1.0,0.9103760032635038
3331,2940f44b99e0dfbcb,True,,,,,,,,,,0.0,1.0,1.0,1.0,1.0,0.0,0.0,1.0,1.0,0.0
3332,62efc5db12ae35bc5,True,,,,,,,,,,1.0,1.0,1.0,1.0,0.6181598134639794,1.0,1.0,1.0,0.0,0.7556749417074935
3333,ceb646b2fba95ebf9,True,,,,,,,,,,1.0,1.0,1.0,1.0,0.4625970661972401,1.0,0.0,1.0,1.0,0.7070615831866376
3334,e544f94267510bde0,True,,,,,,,,,,1.0,0.0,1.0,1.0,1.0,1.0,0.0,1.0,0.0,0.0
3335,69efea362deb3273e,True,,,,,,,,,,1.0,0.0,1.0,1.0,1.0,1.0,0.0,1.0,1.0,0.0
3336,a1ad222a6de4f84d8,True,,,,,,,,,,0.0,1.0,1.0,1.0,1.0,0.0,0.0,1.0,1.0,0.0
3337,9f713e2cd506e1fef,True,,,,,,,,,,1.0,1.0,1.0,1.0,1.0,1.0,1.0,1.0,1.0,1.0
3338,59b05ded13f97b278,True,,,,,,,,,,1.0,1.0,1.0,1.0,0.8068437485789495,1.0,0.0,1.0,1.0,0.8146386714309217
3339,a5cb0e8e1b25b4ad4,True,,,,,,,,,,1.0,1.0,1.0,1.0,0.6637771677273964,1.0,1.0,1.0,0.0,0.7699303649148114
3340,06be59490e2e14bcd,True,,,,,,,,,,0.0,1.0,0.0,1.0,1.0,0.0,0.0,1.0,0.0,0.0
3341,e3729cb0d1d99f604,True,,,,,,,,,,1.0,1.0,0.5,1.0,1.0,1.0,1.0,1.0,1.0,0.5
3342,65dbb955b70b6a26d,True,,,,,,,,,,1.0,1.0,1.0,1.0,0.6073178731336762,1.0,1.0,1.0,1.0,0.8772868353542738
3343,526b43badebf3eca2,True,,,,,,,,,,1.0,1.0,0.0,1.0,1.0,1.0,0.0,1.0,0.0,0.0
3344,8ea949efbc2e4d9bf,True,,,,,,,,,,1.0,0.0,0.5,1.0,1.0,1.0,0.0,1.0,0.0,0.0
3345,f14211934248f5602,True,,,,,,,,,,1.0,1.0,1.0,1.0,0.17946516009012034,1.0,1.0,1.0,1.0,0.7435828625281626
3346,944867d5050b336ad,True,,,,,,,,,,0.0,0.0,0.0,1.0,1.0,0.0,0.0,1.0,1.0,0.0
3347,883dbba6979f32ae3,True,,,,,,,,,,1.0,1.0,1.0,1.0,0.5398738387673949,1.0,1.0,1.0,0.0,0.731210574614811
3348,b638486d7d50a3d60,True,,,,,,,,,,1.0,1.0,1.0,1.0,1.0,1.0,1.0,1.0,1.0,1.0
3349,0b204ead40703c13f,True,,,,,,,,,,1.0,1.0,1.0,1.0,0.6414237985753384,1.0,1.0,1.0,0.0,0.7629449370547933
3350,1dcbc0a4f06515ca6,True,,,,,,,,,,1.0,1.0,1.0,1.0,0.7015678470668055,1.0,0.0,1.0,1.0,0.7817399522083768
3351,32dda48eecd064f26,True,,,,,,,,,,1.0,1.0,1.0,1.0,0.27914138058974264,1.0,0.0,1.0,1.0,0.6497316814342946
3352,765b429e21230f949,True,,,,,,,,,,1.0,0.0,1.0,1.0,0.4675607668309192,1.0,1.0,1.0,1.0,0.0
3353,4c838e94f573fa977,True,,,,,,,,,,1.0,1.0,1.0,1.0,0.6442230030052115,1.0,1.0,1.0,1.0,0.8888196884391286
3354,e280063b53c411361,True,,,,,,,,,,0.0,0.0,0.5,1.0,1.0,0.0,0.0,1.0,1.0,0.0
3355,7427abf44bb60ffa4,True,,,,,,,,,,0.0,0.0,0.5,1.0,0.7631937963374317,0.0,0.0,1.0,0.0,0.0
3356,cb517587f4a1e3711,True,,,,,,,,,,1.0,1.0,1.0,1.0,1.0,1.0,0.0,1.0,1.0,0.875
3357,1cc31a1834f400ea1,True,,,,,,,,,,1.0,1.0,1.0,1.0,0.9177486897712801,1.0,0.0,1.0,0.0,0.724296465553525
3358,5cd39ab6536d551b7,True,,,,,,,,,,0.0,1.0,1.0,1.0,1.0,0.0,1.0,1.0,1.0,0.0
3359,031cc5379a5e98feb,True,,,,,,,,,,1.0,1.0,1.0,1.0,0.8460081018812172,1.0,0.0,1.0,1.0,0.8268775318378804
3360,14159a93c87271ed1,True,,,,,,,,,,1.0,1.0,1.0,1.0,1.0,1.0,0.0,1.0,0.0,0.75
3361,ca2b49197179c41ac,True,,,,,,,,,,1.0,0.0,1.0,1.0,1.0,1.0,1.0,1.0,0.0,0.0
3362,8428b4ef1485fe533,True,,,,,,,,,,1.0,0.0,1.0,1.0,0.7591656886993214,1.0,1.0,1.0,0.0,0.0
3363,987228c8136243451,True,,,,,,,,,,0.0,1.0,0.5,1.0,1.0,0.0,0.0,1.0,1.0,0.0
3364,a3159a9839e251bcb,True,,,,,,,,,,1.0,1.0,1.0,1.0,0.7777946703369545,1.0,0.0,1.0,0.0,0.6805608344802982
3365,14a818e9a0e3772dd,True,,,,,,,,,,1.0,1.0,0.0,1.0,0.9249859348135157,1.0,0.0,1.0,1.0,0.0
3366,55803d7542740813d,True,,,,,,,,,,1.0,0.0,0.0,1.0,1.0,1.0,1.0,1.0,1.0,0.0
3367,aaf7a6f6d13220a76,True,,,,,,,,,,1.0,0.0,0.5,1.0,0.6680936964834872,1.0,0.0,1.0,0.0,0.0
3368,c6f215cb7b0d88628,True,,,,,,,,,,0.0,1.0,0.0,1.0,1.0,0.0,0.0,1.0,1.0,0.0
3369,43759bd8769ab0e07,True,,,,,,,,,,1.0,1.0,1.0,1.0,1.0,1.0,1.0,1.0,1.0,1.0
3370,0e733cf0e386ffd7e,True,,,,,,,,,,1.0,0.0,1.0,1.0,1.0,1.0,0.0,1.0,1.0,0.0
3371,a4dff43b479ee5041,True,,,,,,,,,,1.0,1.0,0.0,1.0,1.0,1.0,0.0,1.0,1.0,0.0
3372,ddc0d9aad62836b90,True,,,,,,,,,,1.0,1.0,1.0,1.0,1.0,1.0,1.0,1.0,1.0,1.0
3373,2bf48c9a1af27a0a1,True,,,,,,,,,,1.0,1.0,1.0,1.0,0.5542138746494659,1.0,1.0,1.0,0.0,0.735691835827958
3374,8ad941de7669cfce3,True,,,,,,,,,,0.0,1.0,1.0,1.0,1.0,0.0,0.0,1.0,0.0,0.0
3375,75c698c901137829c,True,,,,,,,,,,1.0,1.0,1.0,1.0,0.5135525817167957,0.0,1.0,1.0,1.0,0.5354851817864987
3376,56f5b7c7a036edaad,True,,,,,,,,,,1.0,1.0,1.0,1.0,0.3222366372395388,1.0,1.0,1.0,0.0,0.6631989491373559
3377,f5fd2bdb809b789db,True,,,,,,,,,,1.0,0.0,0.0,1.0,1.0,1.0,0.0,1.0,1.0,0.0
3378,b7649c3b2cd5537c8,True,,,,,,,,,,1.0,0.0,1.0,1.0,1.0,1.0,1.0,1.0,1.0,0.0
3379,c989b3ae7e9270d2d,True,,,,,,,,,,1.0,1.0,1.0,1.0,0.6056340327059093,1.0,0.0,1.0,1.0,0.7517606352205967
3380,f1e68724beef04f5c,True,,,,,,,,,,0.0,1.0,1.0,1.0,0.8164137373055785,0.0,1.0,1.0,0.0,0.0
3381,d9437c8464c89be5d,True,,,,,,,,,,1.0,1.0,1.0,1.0,1.0,1.0,1.0,1.0,1.0,1.0
3382,1b2cd068b0d562449,True,,,,,,,,,,1.0,1.0,1.0,1.0,1.0,1.0,1.0,1.0,0.0,0.875
3383,397b093b8766274f9,True,,,,,,,,,,1.0,1.0,0.0,1.0,0.8590860782307979,1.0,0.0,1.0,1.0,0.0
3384,4cf3497675a6d22b9,True,,,,,,,,,,1.0,1.0,0.5,1.0,0.443094383634055,1.0,0.0,1.0,1.0,0.3504834974428211
3385,339edff793767887e,True,,,,,,,,,,1.0,1.0,1.0,1.0,0.3560582831940509,1.0,0.0,1.0,1.0,0.6737682134981409
3386,44276d9ca75d0250b,True,,,,,,,,,,1.0,1.0,1.0,1.0,1.0,1.0,1.0,1.0,1.0,1.0
3387,a6b18ec8b52f580ef,True,,,,,,,,,,1.0,1.0,1.0,1.0,0.7544504629061515,1.0,1.0,1.0,0.0,0.7982657696581723
3388,ad215da365bb78fd6,True,,,,,,,,,,1.0,1.0,1.0,1.0,0.8203556803948855,1.0,1.0,1.0,1.0,0.9438611501234018
3389,2e5b938cd95f7cf83,True,,,,,,,,,,1.0,0.0,1.0,1.0,1.0,1.0,0.0,1.0,1.0,0.0
3390,54c5618f3af037eb9,True,,,,,,,,,,1.0,0.0,0.5,1.0,1.0,1.0,0.0,1.0,0.0,0.0
3391,322359bc569d9c145,True,,,,,,,,,,1.0,0.0,1.0,1.0,1.0,1.0,0.0,1.0,1.0,0.0
3392,09175d9fa6fa3c5c2,True,,,,,,,,,,1.0,0.0,1.0,1.0,0.6441420492733401,1.0,0.0,1.0,0.0,0.0
3393,cc675839235bef34d,True,,,,,,,,,,1.0,1.0,1.0,1.0,0.5457913729463681,1.0,1.0,0.0,1.0,0.7330598040457401
3394,5f2803a94f9f2adba,True,,,,,,,,,,1.0,1.0,1.0,1.0,0.42705535497425284,1.0,1.0,1.0,0.0,0.6959547984294541
3395,973dc194fd0092c5d,True,,,,,,,,,,1.0,0.0,1.0,1.0,1.0,1.0,0.0,1.0,1.0,0.0
3396,334428793abea228f,True,,,,,,,,,,1.0,0.0,0.5,1.0,1.0,1.0,0.0,1.0,0.0,0.0
3397,245fb14bb8a926556,True,,,,,,,,,,1.0,1.0,1.0,1.0,0.7375520673420694,1.0,1.0,1.0,1.0,0.9179850210443967
3398,ddfba30b82c7a702c,True,,,,,,,,,,1.0,0.0,1.0,1.0,0.8666488242385306,1.0,0.0,1.0,1.0,0.0
3399,ddc382f4a2aa9f33e,True,,,,,,,,,,1.0,1.0,0.0,1.0,1.0,1.0,0.0,1.0,0.0,0.0
3400,c48fe378c45229ffa,True,,,,,,,,,,0.0,1.0,1.0,1.0,1.0,0.0,1.0,0.0,0.0,0.0
3401,8266f573d47606b3f,True,,,,,,,,,,0.0,1.0,1.0,1.0,1.0,0.0,1.0,1.0,1.0,0.0
3402,0ac03aaa52e160cd9,True,,,,,,,,,,1.0,0.0,1.0,1.0,0.5228722547787434,1.0,1.0,1.0,1.0,0.0
3403,3812881ab01c38f32,True,,,,,,,,,,1.0,1.0,1.0,1.0,0.8825361262860948,1.0,1.0,1.0,1.0,0.9632925394644046
3404,02d2d3d4304682d94,True,,,,,,,,,,1.0,1.0,1.0,1.0,0.8849679874168923,1.0,1.0,1.0,1.0,0.9640524960677789
3405,c0d579f499c38fe45,True,,,,,,,,,,1.0,1.0,1.0,1.0,0.7250532555180667,1.0,0.0,1.0,1.0,0.7890791423493958
3406,19cc6e3c4179dce92,True,,,,,,,,,,1.0,1.0,1.0,1.0,0.7566824581615375,1.0,0.0,1.0,0.0,0.6739632681754805
3407,9985c549514dec050,True,,,,,,,,,,1.0,1.0,0.5,1.0,1.0,1.0,0.0,1.0,1.0,0.4375
3408,1afa1d77d3954125e,True,,,,,,,,,,1.0,1.0,1.0,1.0,0.842702183554847,1.0,0.0,1.0,1.0,0.8258444323608898
3409,297ba1c65109e01ba,True,,,,,,,,,,1.0,1.0,1.0,1.0,0.6879287902652846,1.0,1.0,0.0,0.0,0.6524777469579015
3410,1a764c92b4c5c5a8a,True,,,,,,,,,,1.0,1.0,1.0,1.0,0.756520662720184,1.0,1.0,1.0,0.0,0.7989127071000575
3411,050eb5c5cd6081213,True,,,,,,,,,,1.0,1.0,1.0,1.0,0.4944484363758767,1.0,1.0,1.0,0.0,0.7170151363674615
3412,36316a03f12a8e7f4,True,,,,,,,,,,1.0,0.0,0.0,1.0,1.0,1.0,0.0,1.0,1.0,0.0
3413,43eb9502a0d70fcea,True,,,,,,,,,,1.0,0.0,1.0,1.0,0.595842615003229,1.0,1.0,1.0,0.0,0.0
3414,1d631538778b4fffe,True,,,,,,,,,,1.0,1.0,1.0,1.0,0.5505225258239052,1.0,0.0,1.0,1.0,0.7345382893199703
3415,3888d194819d19b6e,True,,,,,,,,,,0.0,0.0,0.0,1.0,1.0,0.0,0.0,1.0,1.0,0.0
3416,e4b33d7affe423d8f,True,,,,,,,,,,1.0,1.0,1.0,1.0,1.0,1.0,1.0,1.0,1.0,1.0
3417,ba5e7c7cbfedb9d37,True,,,,,,,,,,0.0,0.0,0.0,1.0,1.0,0.0,0.0,1.0,0.0,0.0
3418,335b43f5320efd73d,True,,,,,,,,,,0.5,0.0,1.0,1.0,1.0,0.0,1.0,1.0,1.0,0.0
3419,1a5fb4f0990893f71,True,,,,,,,,,,0.0,0.0,1.0,1.0,1.0,0.0,0.0,1.0,0.0,0.0
3420,ca870ac8b947e6752,True,,,,,,,,,,0.0,1.0,1.0,1.0,1.0,0.0,1.0,1.0,0.0,0.0
3421,246f9bdfe24441b91,True,,,,,,,,,,0.0,1.0,1.0,1.0,1.0,0.0,0.0,1.0,0.0,0.0
3422,5e84fb24c3fbd2647,True,,,,,,,,,,0.0,1.0,1.0,1.0,1.0,0.0,0.0,1.0,0.0,0.0
3423,70886fe6fcf180420,True,,,,,,,,,,0.0,1.0,0.0,1.0,0.7266405542919117,0.0,0.0,1.0,0.0,0.0
3424,32e86d0bba3339136,True,,,,,,,,,,1.0,1.0,1.0,1.0,0.9785398431854545,1.0,0.0,1.0,1.0,0.8682937009954546
3425,1f4df83dd9414d0c4,True,,,,,,,,,,1.0,1.0,1.0,1.0,0.7206186578789493,1.0,0.0,1.0,1.0,0.7876933305871716
3426,2516d8b2211015894,True,,,,,,,,,,1.0,0.0,1.0,1.0,0.6676921156161533,1.0,1.0,1.0,1.0,0.0
3427,836d617c75ae603a0,True,,,,,,,,,,1.0,1.0,1.0,1.0,0.8803702439756754,1.0,1.0,1.0,0.0,0.8376157012423986
3428,c4f1e612f0a907247,True,,,,,,,,,,1.0,1.0,1.0,1.0,0.775583394576115,1.0,1.0,1.0,1.0,0.929869810805036
3429,375ef6cffa757aadf,True,,,,,,,,,,1.0,1.0,1.0,1.0,0.5794416660111871,1.0,1.0,1.0,0.0,0.743575520628496
3430,558bb29151a7f95b1,True,,,,,,,,,,1.0,1.0,1.0,1.0,1.0,1.0,0.0,1.0,0.0,0.75
3431,bd60a921930373e9e,True,,,,,,,,,,0.5,0.0,1.0,1.0,0.7893688050979804,0.0,0.0,1.0,1.0,0.0
3432,fe124f930c37d2d0e,True,,,,,,,,,,0.0,1.0,1.0,1.0,0.8344578189227657,0.0,1.0,0.0,0.0,0.0
3433,2b19e158862e6b7cd,True,,,,,,,,,,1.0,1.0,1.0,1.0,0.7913505711134597,1.0,0.0,1.0,1.0,0.8097970534729562
3434,07d601991746bbf45,True,,,,,,,,,,0.0,1.0,0.5,1.0,1.0,0.0,0.0,1.0,1.0,0.0
3435,5b1f4f799723ae119,True,,,,,,,,,,1.0,1.0,1.0,1.0,1.0,1.0,0.0,1.0,1.0,0.875
3436,2afbbdc8bf9e5efe2,True,,,,,,,,,,0.0,1.0,1.0,1.0,1.0,0.0,0.0,1.0,1.0,0.0
3437,dd51833cafb701a23,True,,,,,,,,,,1.0,1.0,0.5,1.0,0.7891765281463085,1.0,1.0,0.0,0.0,0.3420588325228607
3438,fb0fb16361fd50a45,True,,,,,,,,,,1.0,1.0,1.0,1.0,0.8538786683175453,1.0,1.0,1.0,1.0,0.9543370838492329
3439,5e9774a9c27631bee,True,,,,,,,,,,1.0,0.0,1.0,1.0,1.0,1.0,0.0,1.0,1.0,0.0
3440,bf2fac0bbe0cb019b,True,,,,,,,,,,1.0,1.0,1.0,1.0,0.6943345409252649,1.0,1.0,1.0,1.0,0.9044795440391453
3441,a3b3172d137c4851c,True,,,,,,,,,,0.0,1.0,1.0,1.0,1.0,0.0,1.0,1.0,1.0,0.0
3442,5573b3c15a0cc7845,True,,,,,,,,,,1.0,0.0,1.0,1.0,1.0,1.0,1.0,1.0,1.0,0.0
3443,f3c4213c78f53fa5d,True,,,,,,,,,,1.0,0.0,0.5,1.0,0.9371385629013212,1.0,0.0,1.0,1.0,0.0
3444,44b5f6ff06f523846,True,,,,,,,,,,0.0,0.0,1.0,1.0,1.0,0.0,0.0,1.0,0.0,0.0
3445,332234ee590ff1dd2,True,,,,,,,,,,1.0,1.0,1.0,1.0,0.28081246940956955,1.0,1.0,1.0,0.0,0.6502538966904905
3446,ef019ffb0a16f5e9f,True,,,,,,,,,,1.0,1.0,1.0,1.0,0.7770695308498676,1.0,1.0,1.0,1.0,0.9303342283905837
3447,547ea2ddfb8be2f7c,True,,,,,,,,,,1.0,1.0,1.0,1.0,0.7993664436190687,0.0,0.0,1.0,1.0,0.499802013630959
3448,e98e051c6f03d55bd,True,,,,,,,,,,0.0,1.0,1.0,1.0,1.0,0.0,1.0,1.0,0.0,0.0
3449,4eb62ff777df6de35,True,,,,,,,,,,1.0,1.0,1.0,1.0,1.0,1.0,1.0,1.0,1.0,1.0
3450,3d460fd77ec7fcd59,True,,,,,,,,,,1.0,1.0,1.0,1.0,0.9437398089921767,1.0,1.0,1.0,1.0,0.9824186903100552
3451,ab09d2e92f141236c,True,,,,,,,,,,0.0,0.0,0.0,1.0,1.0,0.0,0.0,1.0,1.0,0.0
3452,762f200cb2556d1a2,True,,,,,,,,,,0.0,0.0,1.0,1.0,1.0,0.0,1.0,1.0,0.0,0.0
3453,4f6a928a2fd54c0ce,True,,,,,,,,,,0.0,1.0,1.0,1.0,1.0,0.0,1.0,1.0,1.0,0.0
3454,77174c66f10b6d7f9,True,,,,,,,,,,1.0,0.0,1.0,1.0,0.2409758284287932,1.0,1.0,1.0,1.0,0.0
3455,965c2a5d3c105c295,True,,,,,,,,,,1.0,1.0,1.0,1.0,0.43479998045376694,1.0,1.0,1.0,1.0,0.8233749938918021
3456,db13e1f50a5d36df0,True,,,,,,,,,,1.0,1.0,1.0,1.0,0.8146272380623356,1.0,0.0,1.0,1.0,0.81707101189448
3457,f37a107cfe0b65537,True,,,,,,,,,,1.0,1.0,1.0,1.0,0.16287991421127299,1.0,1.0,1.0,1.0,0.7383999731910228
3458,6c0c0d2674d5ee28e,True,,,,,,,,,,1.0,1.0,1.0,1.0,0.6080358381271863,0.0,0.0,1.0,1.0,0.44001119941474576
3459,27e6f42dd9776a1d4,True,,,,,,,,,,1.0,1.0,1.0,1.0,0.843329614936312,1.0,0.0,1.0,1.0,0.8260405046675975
3460,8eddcff969b67fe18,True,,,,,,,,,,1.0,1.0,1.0,1.0,0.41648501361921686,1.0,1.0,1.0,1.0,0.8176515667560053
3461,b7f83635c23a2a5d8,True,,,,,,,,,,0.0,0.0,1.0,1.0,1.0,0.0,0.0,1.0,1.0,0.0
3462,a4f24e691930789eb,True,,,,,,,,,,1.0,1.0,1.0,1.0,1.0,1.0,1.0,1.0,1.0,1.0
3463,7837a188fc6d747f2,True,,,,,,,,,,0.0,1.0,1.0,1.0,1.0,0.0,1.0,1.0,1.0,0.0
3464,65d1dc0e08fdbab3c,True,,,,,,,,,,0.0,1.0,1.0,1.0,1.0,0.0,1.0,0.0,0.0,0.0
3465,fdef069dff8b15c66,True,,,,,,,,,,0.0,1.0,1.0,1.0,1.0,0.0,1.0,1.0,1.0,0.0
3466,96bc4ac7fb23e9119,True,,,,,,,,,,1.0,1.0,1.0,1.0,0.7183507314250794,1.0,1.0,1.0,0.0,0.7869846035703374
3467,cfd0e5de5d28d1a6e,True,,,,,,,,,,1.0,1.0,1.0,1.0,0.84835849458958,1.0,0.0,1.0,1.0,0.8276120295592437
3468,83b6e2ed6238cd43a,True,,,,,,,,,,1.0,1.0,1.0,1.0,0.49048668950997104,1.0,1.0,1.0,0.0,0.7157770904718659
3469,015532dcc98a07ab5,True,,,,,,,,,,0.0,1.0,0.0,1.0,1.0,0.0,0.0,1.0,0.0,0.0
3470,ad16a8e4063d7973e,True,,,,,,,,,,1.0,1.0,1.0,1.0,0.6418645680472165,1.0,1.0,1.0,1.0,0.8880826775147551
3471,e92600c0f705705df,True,,,,,,,,,,1.0,1.0,1.0,1.0,0.4404432144258993,1.0,1.0,1.0,0.0,0.7001385045080936
3472,12499ddd90200ea9f,True,,,,,,,,,,1.0,1.0,1.0,1.0,0.3321904449151831,1.0,1.0,1.0,1.0,0.7913095140359947
3473,7db6e4bbd119fd8c7,True,,,,,,,,,,1.0,1.0,1.0,1.0,0.7500932795179698,1.0,0.0,1.0,0.0,0.6719041498493655
3474,04be4c5a8a9eee15b,True,,,,,,,,,,1.0,1.0,1.0,1.0,0.9996408062803427,0.0,1.0,1.0,1.0,0.687387751962607
3475,8f458d524a4774548,True,,,,,,,,,,1.0,1.0,1.0,1.0,1.0,1.0,0.0,1.0,1.0,0.875
3476,d1a972f7af648078b,True,,,,,,,,,,1.0,1.0,1.0,1.0,0.6810220874715903,1.0,1.0,1.0,1.0,0.900319402334872
3477,2efb8ce9a842354c8,True,,,,,,,,,,1.0,1.0,1.0,1.0,0.6825033716863471,1.0,1.0,1.0,0.0,0.7757823036519835
3478,1b742b73235363011,True,,,,,,,,,,1.0,1.0,1.0,0.0,1.0,1.0,1.0,1.0,1.0,0.0
3479,3e179fc29839a19a3,True,,,,,,,,,,1.0,1.0,1.0,1.0,1.0,1.0,0.0,1.0,1.0,0.875
3480,aaf11968df9ad811b,True,,,,,,,,,,1.0,1.0,0.0,1.0,1.0,1.0,0.0,1.0,1.0,0.0
3481,98fc31c7de325cbf0,True,,,,,,,,,,0.0,1.0,1.0,1.0,1.0,0.0,1.0,1.0,0.0,0.0
3482,8d7f7a041d0f59275,True,,,,,,,,,,1.0,1.0,0.5,1.0,0.6503782730557333,1.0,0.0,1.0,1.0,0.38287160516495833
3483,e855857341cd72c99,True,,,,,,,,,,1.0,1.0,1.0,1.0,0.652440898176207,1.0,1.0,1.0,1.0,0.8913877806800647
3484,24474e28c524b8a8a,True,,,,,,,,,,1.0,0.0,1.0,1.0,1.0,1.0,0.0,1.0,1.0,0.0
3485,f228148d75c9d3b09,True,,,,,,,,,,1.0,1.0,1.0,1.0,0.7788558737714019,1.0,1.0,1.0,1.0,0.9308924605535631
3486,140e7d68475dc3f63,True,,,,,,,,,,1.0,1.0,0.0,1.0,0.7393271347181006,1.0,0.0,1.0,1.0,0.0
3487,f6c5e4b7769ddda20,True,,,,,,,,,,1.0,0.0,1.0,1.0,1.0,1.0,1.0,1.0,0.0,0.0
3488,4e61e52835cb5d3ef,True,,,,,,,,,,1.0,1.0,1.0,1.0,0.7878742032044094,1.0,0.0,1.0,1.0,0.808710688501378
3489,6081eace5dbab1fce,True,,,,,,,,,,1.0,1.0,1.0,1.0,1.0,1.0,1.0,1.0,1.0,1.0
3490,effa3c121b26ed3b5,True,,,,,,,,,,1.0,1.0,1.0,1.0,1.0,1.0,1.0,1.0,1.0,1.0
3491,cabbf4a701b27f4f2,True,,,,,,,,,,1.0,0.0,0.5,1.0,1.0,1.0,0.0,1.0,1.0,0.0
3492,9e0949ca46f2a4a49,True,,,,,,,,,,1.0,1.0,1.0,1.0,0.31222637595772706,1.0,1.0,1.0,1.0,0.7850707424867898
3493,00d194f38b3f05c1e,True,,,,,,,,,,0.0,1.0,0.0,1.0,1.0,0.0,0.0,1.0,1.0,0.0
3494,baf1cc49f4250c41a,True,,,,,,,,,,1.0,1.0,1.0,1.0,1.0,1.0,0.0,1.0,1.0,0.875
3495,463716f28ebb21a5d,True,,,,,,,,,,1.0,0.0,1.0,1.0,1.0,1.0,1.0,1.0,1.0,0.0
3496,6d02e71114637a043,True,,,,,,,,,,1.0,1.0,1.0,1.0,0.8818550249523528,1.0,1.0,1.0,0.0,0.8380796952976102
3497,fe2856fd4df6ee473,True,,,,,,,,,,1.0,1.0,1.0,1.0,0.7751916176676531,1.0,0.0,1.0,1.0,0.8047473805211416
3498,319a6165fd328e03e,True,,,,,,,,,,0.5,0.0,1.0,1.0,1.0,0.0,1.0,1.0,1.0,0.0
3499,68d8bd51d02182ea6,True,,,,,,,,,,0.0,1.0,0.0,1.0,1.0,0.0,0.0,1.0,1.0,0.0
3500,710c63e733bb79b47,True,,,,,,,,,,1.0,1.0,1.0,1.0,0.7616414680641083,1.0,1.0,1.0,1.0,0.9255129587700338
3501,96e56db3408ebe51e,True,,,,,,,,,,0.0,1.0,1.0,1.0,1.0,0.0,0.0,1.0,0.0,0.0
3502,bc6888f8da8ee3d48,True,,,,,,,,,,1.0,1.0,1.0,1.0,0.8306294431826263,1.0,0.0,1.0,0.0,0.6970717009945707
3503,8858ecf4e78fd953a,True,,,,,,,,,,1.0,1.0,1.0,1.0,0.9090819148523012,1.0,0.0,1.0,0.0,0.7215880983913441
3504,8a9e6d29520f76dfc,True,,,,,,,,,,1.0,1.0,0.5,1.0,0.8482763790238801,1.0,0.0,1.0,0.0,0.35129318422248124
3505,9f676ba5230d2ce0f,True,,,,,,,,,,1.0,1.0,1.0,1.0,1.0,1.0,1.0,1.0,1.0,1.0
3506,6b41ad5e55b0662fc,True,,,,,,,,,,1.0,0.0,1.0,1.0,0.8316982077607021,1.0,1.0,1.0,1.0,0.0
3507,5bf5914f66c7794ef,True,,,,,,,,,,1.0,0.0,1.0,1.0,0.7686307347047052,1.0,0.0,1.0,0.0,0.0
3508,bafac7b272b09ff2d,True,,,,,,,,,,1.0,1.0,1.0,1.0,1.0,1.0,1.0,1.0,0.0,0.875
3509,04d2f35c7f6db137f,True,,,,,,,,,,1.0,1.0,1.0,1.0,0.53275001419152,0.0,1.0,1.0,1.0,0.5414843794348501
3510,a3ef9e8575b866d50,True,,,,,,,,,,1.0,1.0,1.0,1.0,1.0,1.0,1.0,1.0,1.0,1.0
3511,6029879ac957933a1,True,,,,,,,,,,1.0,1.0,1.0,1.0,0.7653628132641866,1.0,1.0,1.0,1.0,0.9266758791450583
3512,7dd030c5962831b4d,True,,,,,,,,,,1.0,1.0,0.0,1.0,0.8170140575780943,1.0,1.0,1.0,1.0,0.0
3513,832b4c7a0e847fb0c,True,,,,,,,,,,1.0,1.0,1.0,1.0,0.9955696003880539,1.0,1.0,1.0,0.0,0.8736155001212669
3514,892680e2569238f20,True,,,,,,,,,,1.0,1.0,1.0,1.0,0.6534499962731081,1.0,0.0,1.0,1.0,0.7667031238353463
3515,c07fcc57d1a2e1388,True,,,,,,,,,,1.0,0.0,0.5,1.0,0.2858210101485312,1.0,1.0,1.0,0.0,0.0
3516,c4630acafb54056da,True,,,,,,,,,,1.0,1.0,0.0,1.0,0.6498515160016743,1.0,0.0,1.0,1.0,0.0
3517,14afd0e1ef0d94d4d,True,,,,,,,,,,1.0,1.0,1.0,1.0,1.0,1.0,1.0,1.0,1.0,1.0
3518,686f1f87016b7e54b,True,,,,,,,,,,0.0,0.0,1.0,1.0,1.0,0.0,1.0,1.0,0.0,0.0
3519,061d3699e77f9817a,True,,,,,,,,,,1.0,1.0,1.0,1.0,0.7156257943735242,1.0,1.0,1.0,0.0,0.7861330607417263
3520,6f388bff9ecc03286,True,,,,,,,,,,1.0,1.0,0.5,1.0,0.8499469826359788,1.0,0.0,1.0,1.0,0.41405421603687165
3521,1ab13d4826a06cc9f,True,,,,,,,,,,1.0,0.0,1.0,1.0,0.681485252202736,1.0,1.0,1.0,1.0,0.0
3522,b4a96aa4d4b538e2a,True,,,,,,,,,,1.0,1.0,0.0,1.0,1.0,1.0,0.0,1.0,1.0,0.0
3523,a0f74d36d2aa52b1f,True,,,,,,,,,,1.0,1.0,1.0,1.0,0.556899644331212,1.0,1.0,1.0,0.0,0.7365311388535037
3524,e576f1ec67be1cbd0,True,,,,,,,,,,1.0,0.0,1.0,1.0,0.8278361024048094,1.0,1.0,1.0,1.0,0.0
3525,23406e65760566ef1,True,,,,,,,,,,1.0,1.0,1.0,1.0,0.6053179530565872,1.0,1.0,1.0,0.0,0.7516618603301835
3526,4a6a0597bd6bf2f20,True,,,,,,,,,,1.0,1.0,1.0,1.0,0.7154180379641142,1.0,1.0,1.0,1.0,0.9110681368637856
3527,3a3ec856e77a7616a,True,,,,,,,,,,1.0,1.0,1.0,1.0,0.8825391871989672,1.0,1.0,1.0,1.0,0.9632934959996773
3528,6c8c6dc401c0c9ea2,True,,,,,,,,,,1.0,1.0,1.0,1.0,0.5682693383266753,1.0,1.0,1.0,1.0,0.865084168227086
3529,df10a0ed732e3b815,True,,,,,,,,,,0.0,1.0,1.0,1.0,1.0,0.0,1.0,1.0,0.0,0.0
3530,ea91b41c76a3a54d3,True,,,,,,,,,,1.0,1.0,1.0,1.0,0.2485364644114048,1.0,0.0,1.0,1.0,0.6401676451285641
3531,d8ae22f5da35b2ae9,True,,,,,,,,,,1.0,1.0,0.5,1.0,0.6735072524008118,1.0,1.0,1.0,1.0,0.44898550818762684
3532,f38fa4be9ff4556d8,True,,,,,,,,,,1.0,1.0,0.5,1.0,0.9509626975650768,1.0,1.0,1.0,0.0,0.42983792149454325
3533,49922a7c280248e59,True,,,,,,,,,,1.0,1.0,1.0,1.0,0.6699750323913507,1.0,1.0,1.0,1.0,0.896867197622297
3534,cff8174da68b6ed57,True,,,,,,,,,,1.0,1.0,1.0,1.0,0.7641880042274138,1.0,0.0,1.0,0.0,0.6763087513210668
3535,ae177687d99242cad,True,,,,,,,,,,1.0,1.0,1.0,1.0,0.7447493898451636,1.0,0.0,1.0,1.0,0.7952341843266136
3536,c9ac843f74b17080f,True,,,,,,,,,,1.0,1.0,1.0,1.0,0.9556688867076689,1.0,0.0,1.0,0.0,0.7361465270961465
3537,8cb3057d000fc44fc,True,,,,,,,,,,1.0,1.0,1.0,1.0,0.5276227784927794,1.0,1.0,1.0,1.0,0.8523821182789936
3538,c40981d1d4e696de2,True,,,,,,,,,,1.0,0.0,1.0,1.0,0.3554508773419844,1.0,0.0,1.0,0.0,0.0
3539,ff355597ff0f68f3c,True,,,,,,,,,,1.0,1.0,1.0,1.0,1.0,1.0,0.0,1.0,0.0,0.75
3540,45480978b802eb7d4,True,,,,,,,,,,1.0,0.0,1.0,1.0,1.0,1.0,0.0,1.0,1.0,0.0
3541,aad606c2d4cfea9a1,True,,,,,,,,,,1.0,1.0,1.0,1.0,0.7834857849008686,1.0,0.0,1.0,0.0,0.6823393077815214
3542,a538a6acee46ef831,True,,,,,,,,,,1.0,1.0,1.0,1.0,0.7801991953112335,1.0,1.0,1.0,1.0,0.9313122485347605
3543,28c1180e271272d18,True,,,,,,,,,,1.0,0.0,1.0,1.0,1.0,1.0,1.0,1.0,1.0,0.0
3544,e02f0131e55e31509,True,,,,,,,,,,0.0,1.0,1.0,1.0,1.0,0.0,1.0,1.0,0.0,0.0
3545,8568f4ee5859ce652,True,,,,,,,,,,1.0,1.0,0.5,1.0,0.8202138896013934,1.0,0.0,1.0,1.0,0.40940842025021773
3546,aa1c2ba87587b53cb,True,,,,,,,,,,1.0,0.0,1.0,1.0,1.0,1.0,1.0,1.0,0.0,0.0
3547,7133408c5a1a6f3bf,True,,,,,,,,,,1.0,1.0,1.0,1.0,0.8122366154433214,1.0,1.0,1.0,1.0,0.941323942326038
3548,78a6c5025d620a6b9,True,,,,,,,,,,1.0,1.0,1.0,1.0,0.8969838396521214,1.0,0.0,0.0,0.0,0.5928074498912879
3549,e1d9c45d963c62c2d,True,,,,,,,,,,1.0,0.0,1.0,1.0,0.4790593291869707,1.0,1.0,1.0,0.0,0.0
3550,8a89ac1132afc51b4,True,,,,,,,,,,1.0,1.0,1.0,1.0,0.867185919876874,1.0,0.0,1.0,0.0,0.7084955999615231
3551,fe3af476ce56a1283,True,,,,,,,,,,1.0,1.0,1.0,1.0,0.6444970896812181,1.0,1.0,1.0,1.0,0.8889053405253806
3552,0d70fefa06711301c,True,,,,,,,,,,1.0,0.0,1.0,1.0,0.6245194046521976,1.0,1.0,1.0,1.0,0.0
3553,0dd2f5f325ca3c02e,True,,,,,,,,,,1.0,0.0,1.0,1.0,0.6550160076935412,1.0,1.0,1.0,1.0,0.0
3554,4fa35324bdae11dda,True,,,,,,,,,,1.0,0.0,0.5,1.0,1.0,1.0,1.0,1.0,0.0,0.0
3555,3adb9fc78ee100b06,True,,,,,,,,,,1.0,0.0,1.0,1.0,1.0,1.0,0.0,1.0,1.0,0.0
3556,cf135fafcf0b8184d,True,,,,,,,,,,1.0,1.0,1.0,1.0,0.741743876472131,1.0,1.0,0.0,0.0,0.669294961397541
3557,e4fca12e85b84a61b,True,,,,,,,,,,0.0,1.0,1.0,1.0,1.0,0.0,1.0,1.0,0.0,0.0
3558,7158ea4fc0b59fdee,True,,,,,,,,,,1.0,0.0,1.0,1.0,0.9640138975865783,1.0,0.0,1.0,1.0,0.0
3559,41772b779157e530a,True,,,,,,,,,,1.0,1.0,1.0,1.0,0.5707813959560912,1.0,0.0,1.0,1.0,0.7408691862362785
3560,7fc94bcc4790ac58b,True,,,,,,,,,,1.0,1.0,1.0,1.0,0.759625444488263,1.0,0.0,1.0,0.0,0.6748829514025821
3561,cad0619a5797da011,True,,,,,,,,,,1.0,1.0,1.0,1.0,0.6734194724281316,1.0,1.0,1.0,1.0,0.8979435851337911
3562,d9eb3c465a5635619,True,,,,,,,,,,1.0,1.0,1.0,1.0,0.3299827817144784,1.0,1.0,0.0,0.0,0.5406196192857745
3563,ffa477be5c420e9a3,True,,,,,,,,,,1.0,0.0,1.0,1.0,0.672128954337198,1.0,1.0,1.0,1.0,0.0
3564,9a1b34a6539726796,True,,,,,,,,,,1.0,1.0,0.5,1.0,0.7154674747141918,1.0,1.0,1.0,1.0,0.45554179292409247
3565,d16ba8a46fd2ff788,True,,,,,,,,,,1.0,1.0,1.0,1.0,0.5948490219178689,1.0,1.0,1.0,1.0,0.873390319349334
3566,c0581b1e56946d6c1,True,,,,,,,,,,0.0,1.0,1.0,1.0,0.3691250904539271,0.0,0.0,1.0,1.0,0.0
3567,5351d5bec3ef40436,True,,,,,,,,,,1.0,0.0,1.0,1.0,0.8501646234904418,1.0,0.0,1.0,1.0,0.0
3568,42fd65053b0da11c1,True,,,,,,,,,,1.0,1.0,1.0,1.0,0.5895450180876618,1.0,1.0,1.0,0.0,0.7467328181523943
3569,23ab7eb5b925e86ab,True,,,,,,,,,,1.0,1.0,0.0,1.0,1.0,1.0,0.0,1.0,1.0,0.0
3570,9330871bc582e7f96,True,,,,,,,,,,1.0,1.0,1.0,1.0,0.8568201529296786,1.0,0.0,1.0,0.0,0.7052562977905246
3571,5a73952aa052dbbce,True,,,,,,,,,,1.0,1.0,1.0,1.0,1.0,1.0,0.0,1.0,1.0,0.875
3572,efc42904915428868,True,,,,,,,,,,0.0,1.0,1.0,1.0,1.0,0.0,0.0,1.0,1.0,0.0
3573,f1020928f69a09709,True,,,,,,,,,,1.0,0.0,1.0,1.0,1.0,1.0,1.0,1.0,1.0,0.0
3574,1724e4388e1fa5055,True,,,,,,,,,,1.0,1.0,1.0,1.0,0.5465728846461433,1.0,1.0,1.0,0.0,0.7333040264519197
3575,08832f5c360f2e9d6,True,,,,,,,,,,0.5,1.0,1.0,1.0,1.0,0.0,1.0,1.0,0.0,0.28125
3576,c706c39c802cce2d4,True,,,,,,,,,,1.0,0.0,1.0,1.0,0.6764541900182371,1.0,1.0,1.0,1.0,0.0
3577,406c46b5527457915,True,,,,,,,,,,1.0,1.0,1.0,1.0,1.0,1.0,0.0,1.0,1.0,0.875
3578,664a5c4af31581693,True,,,,,,,,,,1.0,1.0,1.0,1.0,0.7981138780874834,1.0,0.0,1.0,1.0,0.8119105869023385
3579,8776bb6a2a0edef8e,True,,,,,,,,,,1.0,1.0,1.0,1.0,0.7236588943912944,1.0,0.0,1.0,0.0,0.6636434044972794
3580,5d5f36ba279588ae3,True,,,,,,,,,,1.0,0.0,1.0,1.0,1.0,1.0,0.0,1.0,0.0,0.0
3581,0e81443200fd71592,True,,,,,,,,,,0.0,1.0,1.0,1.0,1.0,0.0,1.0,1.0,0.0,0.0
3582,3965541eb07d065e9,True,,,,,,,,,,0.0,1.0,0.5,1.0,1.0,0.0,1.0,1.0,1.0,0.0
3583,e2575892f97539fa7,True,,,,,,,,,,1.0,1.0,1.0,1.0,1.0,1.0,1.0,1.0,1.0,1.0
3584,c43503e3cebf10b69,True,,,,,,,,,,1.0,1.0,0.0,1.0,0.6367292723827579,1.0,0.0,1.0,1.0,0.0
3585,060c2eff47b49d915,True,,,,,,,,,,1.0,0.0,0.0,1.0,1.0,1.0,0.0,1.0,1.0,0.0
3586,c1ef027c99cf15974,True,,,,,,,,,,1.0,0.0,0.5,1.0,0.46985631627846847,1.0,1.0,1.0,0.0,0.0
3587,da2b9a69d4322c6e8,True,,,,,,,,,,1.0,1.0,1.0,1.0,0.5199312959859969,1.0,1.0,1.0,1.0,0.849978529995624
3588,5ac7230087ab9e9cc,True,,,,,,,,,,1.0,1.0,0.0,1.0,1.0,1.0,0.0,1.0,1.0,0.0
3589,a784ac158bbb30d15,True,,,,,,,,,,1.0,1.0,1.0,1.0,0.629178257506855,1.0,1.0,1.0,0.0,0.7591182054708921
3590,3110b909a8ee018b8,True,,,,,,,,,,1.0,1.0,1.0,1.0,1.0,1.0,0.0,1.0,1.0,0.875
3591,f11c7bd81d7370578,True,,,,,,,,,,1.0,1.0,1.0,1.0,0.702191157544584,1.0,1.0,1.0,1.0,0.9069347367326825
3592,0c4b91dd1d5fee81a,True,,,,,,,,,,1.0,1.0,0.5,1.0,1.0,1.0,0.0,1.0,1.0,0.4375
3593,a19215a312654cd8f,True,,,,,,,,,,1.0,1.0,1.0,1.0,1.0,1.0,1.0,1.0,0.0,0.875
3594,b0dc4287fbb069fd7,True,,,,,,,,,,1.0,1.0,1.0,1.0,0.6262935156363691,1.0,0.0,1.0,1.0,0.7582167236363654
3595,ae09f26f3f98c0e0e,True,,,,,,,,,,1.0,0.0,0.0,1.0,0.9489804520797099,1.0,1.0,1.0,1.0,0.0
3596,b0c4ee557f41b780c,True,,,,,,,,,,0.0,0.0,1.0,1.0,0.5730007104990978,0.0,1.0,1.0,1.0,0.0
3597,f3e7c306d8f0e2898,True,,,,,,,,,,0.0,1.0,0.5,1.0,1.0,0.0,0.0,1.0,1.0,0.0
3598,34096e25c51fff4b8,True,,,,,,,,,,0.0,0.0,1.0,1.0,0.7170432444316017,0.0,0.0,1.0,0.0,0.0
3599,e51cdc2544fd62fa6,True,,,,,,,,,,1.0,1.0,0.5,1.0,0.6492046885838959,1.0,0.0,1.0,1.0,0.38268823259123375
3600,687eac5f36b59550f,True,,,,,,,,,,1.0,0.0,1.0,1.0,1.0,1.0,1.0,1.0,0.0,0.0
3601,5b8b54ff77ea4777f,True,,,,,,,,,,1.0,0.0,1.0,1.0,0.3591913739969092,1.0,0.0,1.0,0.0,0.0
3602,767b060ded3878908,True,,,,,,,,,,1.0,1.0,1.0,1.0,0.883744082329645,1.0,1.0,1.0,1.0,0.9636700257280141
3603,bc9c320fb031a11ff,True,,,,,,,,,,1.0,1.0,1.0,1.0,0.7430673143390414,1.0,1.0,1.0,0.0,0.7947085357309505
3604,5959223c7ec6a8c04,True,,,,,,,,,,1.0,1.0,1.0,0.0,1.0,1.0,0.0,1.0,1.0,0.0
3605,09bcac39474bd36a4,True,,,,,,,,,,1.0,1.0,1.0,1.0,0.5158812025638482,1.0,1.0,1.0,1.0,0.8487128758012026
3606,80d068bd845098002,True,,,,,,,,,,1.0,1.0,1.0,1.0,1.0,1.0,1.0,1.0,0.0,0.875
3607,bc0871e224359d4c3,True,,,,,,,,,,1.0,1.0,1.0,1.0,0.7151683995766106,1.0,1.0,1.0,1.0,0.9109901248676908
3608,beb03158751d7049b,True,,,,,,,,,,1.0,1.0,1.0,1.0,0.7942588783479525,1.0,1.0,1.0,1.0,0.9357058994837352
3609,32506dba644177a4e,True,,,,,,,,,,1.0,1.0,1.0,1.0,0.6894797407515332,1.0,1.0,1.0,1.0,0.9029624189848542
3610,68681651575ebbc90,True,,,,,,,,,,1.0,1.0,0.0,1.0,1.0,1.0,0.0,1.0,1.0,0.0
3611,d20b551bd918a2353,True,,,,,,,,,,1.0,1.0,1.0,1.0,0.5420989838082066,1.0,0.0,1.0,1.0,0.7319059324400645
3612,3b82c1b1ab67f0c9a,True,,,,,,,,,,1.0,0.0,1.0,1.0,0.5194018821264996,1.0,0.0,1.0,1.0,0.0
3613,aa6de707b22dadf30,True,,,,,,,,,,1.0,0.0,1.0,1.0,0.9888099824254852,1.0,0.0,1.0,1.0,0.0
3614,1d7b812f26f914c71,True,,,,,,,,,,0.0,1.0,0.5,1.0,1.0,0.0,1.0,1.0,0.0,0.0
3615,88fd88a24f2995978,True,,,,,,,,,,0.0,1.0,1.0,1.0,1.0,0.0,1.0,0.0,0.0,0.0
3616,c5566cb2cc7d0ff52,True,,,,,,,,,,1.0,1.0,1.0,1.0,1.0,1.0,1.0,1.0,0.0,0.875
3617,c37d82f1251543152,True,,,,,,,,,,1.0,1.0,1.0,1.0,0.7790104432290695,1.0,0.0,1.0,0.0,0.6809407635090843
3618,b2ad6357566bfa454,True,,,,,,,,,,1.0,1.0,1.0,1.0,0.218480030639601,1.0,1.0,1.0,1.0,0.7557750095748753
3619,a70343efbae4bbaab,True,,,,,,,,,,1.0,0.0,1.0,1.0,1.0,1.0,0.0,1.0,1.0,0.0
3620,81cd2035c0d6c6dbb,True,,,,,,,,,,1.0,1.0,0.5,1.0,1.0,1.0,0.0,1.0,1.0,0.4375
3621,0f677bebd5ee6c831,True,,,,,,,,,,1.0,1.0,0.5,1.0,0.7260444355798438,1.0,0.0,1.0,1.0,0.3946944430593506
3622,61261a713792f46b2,True,,,,,,,,,,1.0,1.0,1.0,1.0,0.5752782504433832,1.0,0.0,1.0,0.0,0.6172744532635572
3623,aedab2f29ef97f26a,True,,,,,,,,,,1.0,0.0,1.0,1.0,0.7009883125925209,1.0,1.0,1.0,1.0,0.0
3624,5907808b0fa7fc555,True,,,,,,,,,,1.0,1.0,1.0,1.0,0.7771216405344464,1.0,1.0,1.0,0.0,0.8053505126670145
3625,492bf2330bca28ca8,True,,,,,,,,,,1.0,1.0,1.0,1.0,0.9699839208862592,1.0,0.0,1.0,0.0,0.740619975276956
3626,6ed7113fd3721f57b,True,,,,,,,,,,1.0,1.0,0.0,1.0,1.0,1.0,0.0,1.0,1.0,0.0
3627,47a19dd96d0e85b4d,True,,,,,,,,,,1.0,1.0,1.0,1.0,0.6790012817362946,1.0,0.0,1.0,1.0,0.7746879005425921
3628,5733be765824e1f33,True,,,,,,,,,,1.0,0.0,1.0,1.0,0.6636530262160827,1.0,1.0,1.0,1.0,0.0
3629,5d16842470d67d7aa,True,,,,,,,,,,1.0,0.0,1.0,1.0,1.0,1.0,1.0,1.0,1.0,0.0
3630,669069f25d57f77ae,True,,,,,,,,,,1.0,1.0,0.0,1.0,1.0,1.0,0.0,1.0,1.0,0.0
3631,6fe71c9fa733e801d,True,,,,,,,,,,1.0,1.0,1.0,1.0,0.8597924298420354,1.0,1.0,1.0,1.0,0.956185134325636
3632,367a9fdb29038c66e,True,,,,,,,,,,1.0,1.0,1.0,1.0,0.1229089196757724,1.0,1.0,1.0,1.0,0.7259090373986788
3633,c23afa5ae384dc837,True,,,,,,,,,,0.0,1.0,1.0,1.0,1.0,0.0,1.0,1.0,1.0,0.0
3634,04636d07d342e54cd,True,,,,,,,,,,1.0,0.0,1.0,1.0,0.7474659174348011,1.0,1.0,1.0,1.0,0.0
3635,29e06b2285a52c6d0,True,,,,,,,,,,1.0,1.0,0.0,1.0,1.0,0.0,0.0,1.0,0.0,0.0
3636,363ac46bc24e8db3b,True,,,,,,,,,,1.0,0.0,1.0,1.0,0.7447176478448058,1.0,0.0,1.0,1.0,0.0
3637,03e533b28bfac776e,True,,,,,,,,,,1.0,1.0,0.5,1.0,1.0,1.0,1.0,1.0,1.0,0.5
3638,b4c09963d7ae450c8,True,,,,,,,,,,0.0,0.0,0.0,1.0,1.0,0.0,0.0,1.0,0.0,0.0
3639,ab136507f882d8c94,True,,,,,,,,,,1.0,0.0,1.0,1.0,1.0,1.0,1.0,1.0,1.0,0.0
3640,1549d79fb52ee0d4d,True,,,,,,,,,,1.0,1.0,1.0,1.0,0.6167615938556585,1.0,1.0,1.0,1.0,0.8802379980798933
3641,b19a34b568608122f,True,,,,,,,,,,1.0,1.0,1.0,1.0,0.9356755427784628,1.0,0.0,1.0,1.0,0.8548986071182696
3642,fd163457fdae33b78,True,,,,,,,,,,1.0,0.0,1.0,1.0,1.0,1.0,1.0,1.0,0.0,0.0
3643,c40c7b11924becb1b,True,,,,,,,,,,0.0,1.0,1.0,1.0,1.0,0.0,1.0,1.0,1.0,0.0
3644,5ebd4357b2535cfa9,True,,,,,,,,,,1.0,1.0,1.0,1.0,0.9552543356808315,1.0,0.0,1.0,1.0,0.8610169799002598
3645,05e7e2acfe2b49d78,True,,,,,,,,,,1.0,1.0,1.0,1.0,0.6257021291569053,1.0,1.0,1.0,1.0,0.8830319153615329
3646,76ce40d34831b1542,True,,,,,,,,,,1.0,0.0,1.0,1.0,1.0,1.0,0.0,1.0,0.0,0.0
3647,863415a0e3cc1897d,True,,,,,,,,,,1.0,1.0,1.0,1.0,0.8939527314661879,1.0,1.0,1.0,0.0,0.8418602285831838
3648,fba5b4aa043d4c14b,True,,,,,,,,,,1.0,0.0,0.5,1.0,1.0,1.0,1.0,1.0,1.0,0.0
3649,7b5998d0c96e5433a,True,,,,,,,,,,1.0,1.0,1.0,1.0,1.0,1.0,1.0,1.0,0.0,0.875
3650,6cc12f84e2df62aee,True,,,,,,,,,,1.0,1.0,1.0,1.0,0.3914679633040632,1.0,0.0,1.0,1.0,0.6848337385325197
3651,1ae5d174f7d867121,True,,,,,,,,,,1.0,1.0,1.0,1.0,0.755056758519216,1.0,1.0,1.0,1.0,0.9234552370372551
3652,256ffb5e85a521e98,True,,,,,,,,,,1.0,1.0,1.0,1.0,1.0,1.0,0.0,1.0,1.0,0.875
3653,b928ef9aeaf66b2ad,True,,,,,,,,,,0.0,1.0,1.0,1.0,1.0,0.0,0.0,1.0,1.0,0.0
3654,900aad7dc85139b3e,True,,,,,,,,,,1.0,1.0,1.0,1.0,0.6454438963553739,1.0,0.0,1.0,0.0,0.6392012176110544
3655,f732598080ee7f0cf,True,,,,,,,,,,1.0,1.0,1.0,1.0,0.23817393338380927,1.0,1.0,1.0,0.0,0.6369293541824403
3656,6232a0b37017c2c9f,True,,,,,,,,,,1.0,1.0,1.0,1.0,0.6985284213802859,1.0,1.0,1.0,1.0,0.9057901316813394
3657,3f9875514c117cb50,True,,,,,,,,,,1.0,1.0,1.0,1.0,0.7314201710592403,1.0,1.0,1.0,1.0,0.9160688034560126
3658,0b7a0cf41a68849b4,True,,,,,,,,,,1.0,1.0,1.0,1.0,0.6898668992478261,1.0,1.0,1.0,1.0,0.9030834060149456
3659,4fd56da0ff5065a4d,True,,,,,,,,,,1.0,1.0,1.0,1.0,0.7531257346640609,1.0,1.0,1.0,0.0,0.797851792082519
3660,5d5440db427d5f265,True,,,,,,,,,,1.0,0.0,1.0,1.0,0.7757910311547084,1.0,1.0,1.0,1.0,0.0
3661,aa6a0de76f6f09404,True,,,,,,,,,,1.0,0.0,0.5,1.0,1.0,1.0,0.0,0.0,0.0,0.0
3662,bff99a3eb84ffe4ba,True,,,,,,,,,,1.0,0.0,1.0,1.0,0.5633546686068975,1.0,0.0,1.0,1.0,0.0
3663,012fd1457eb78c56c,True,,,,,,,,,,1.0,0.0,1.0,1.0,1.0,1.0,0.0,1.0,1.0,0.0
3664,84073ac4c8f117f43,True,,,,,,,,,,1.0,1.0,1.0,1.0,0.5964923291841151,1.0,0.0,1.0,1.0,0.748903852870036
3665,2f23bb5e69f8c5120,True,,,,,,,,,,1.0,1.0,0.5,1.0,1.0,1.0,0.0,1.0,1.0,0.4375
3666,9606e967ad3c59ad3,True,,,,,,,,,,1.0,1.0,1.0,1.0,1.0,1.0,1.0,1.0,0.0,0.875
3667,6e060f8eb067a3b37,True,,,,,,,,,,1.0,1.0,0.0,1.0,1.0,1.0,0.0,1.0,0.0,0.0
3668,bb539282bfa7303c7,True,,,,,,,,,,1.0,1.0,1.0,1.0,1.0,1.0,0.0,1.0,1.0,0.875
3669,a75b9fbb36886afaf,True,,,,,,,,,,0.0,1.0,0.0,1.0,1.0,0.0,0.0,1.0,1.0,0.0
3670,8fb30375f6c972c38,True,,,,,,,,,,1.0,0.0,1.0,1.0,0.6919661319500303,1.0,0.0,1.0,0.0,0.0
3671,5eea9af2c6acb36ec,True,,,,,,,,,,1.0,0.0,1.0,1.0,1.0,1.0,0.0,1.0,0.0,0.0
3672,f65b972c0bb906291,True,,,,,,,,,,1.0,1.0,1.0,1.0,0.7916095443535727,1.0,0.0,1.0,1.0,0.8098779826104915
3673,7897a78a2a7b1d695,True,,,,,,,,,,1.0,1.0,1.0,1.0,1.0,1.0,1.0,1.0,0.0,0.875
3674,afee933aa0fe755d2,True,,,,,,,,,,1.0,1.0,0.5,1.0,1.0,1.0,0.0,1.0,1.0,0.4375
3675,257ea63714e4b9db0,True,,,,,,,,,,1.0,1.0,1.0,1.0,0.5708351238622694,1.0,1.0,1.0,1.0,0.8658859762069592
3676,a34d3365f758f1c85,True,,,,,,,,,,1.0,1.0,1.0,1.0,0.7382140772942783,1.0,0.0,1.0,1.0,0.793191899154462
3677,92eaa01aaa1cb995e,True,,,,,,,,,,1.0,1.0,1.0,1.0,0.683016856564024,1.0,1.0,1.0,0.0,0.7759427676762575
3678,89ffb6efe20df9ccf,True,,,,,,,,,,1.0,1.0,1.0,1.0,1.0,1.0,1.0,1.0,1.0,1.0
3679,2e822d476fd14739c,True,,,,,,,,,,1.0,1.0,1.0,1.0,0.5697396473691373,1.0,1.0,1.0,1.0,0.8655436398028554
3680,3b0bf79a32b642604,True,,,,,,,,,,1.0,0.0,1.0,1.0,1.0,1.0,0.0,0.0,0.0,0.0
3681,f21a1d0c82db2ce84,True,,,,,,,,,,1.0,1.0,0.5,1.0,0.7383928147247473,1.0,0.0,1.0,1.0,0.3966238773007418
3682,9492d35704d8b1a15,True,,,,,,,,,,0.0,1.0,0.5,1.0,1.0,0.0,0.0,1.0,1.0,0.0
3683,46738f7f1afe77303,True,,,,,,,,,,1.0,1.0,1.0,1.0,1.0,1.0,0.0,1.0,1.0,0.875
3684,3dd52ad2d0d369330,True,,,,,,,,,,1.0,1.0,1.0,1.0,0.7728176342233267,1.0,0.0,1.0,1.0,0.8040055106947896
3685,ac09d37b9d495cdc7,True,,,,,,,,,,1.0,0.0,0.0,1.0,1.0,1.0,0.0,1.0,1.0,0.0
3686,ca20bcf8f65e1fa9b,True,,,,,,,,,,1.0,1.0,1.0,1.0,0.7646442570206157,1.0,1.0,1.0,0.0,0.8014513303189423
3687,b5837307d8a14be4a,True,,,,,,,,,,1.0,1.0,1.0,1.0,0.7095675807899482,1.0,1.0,1.0,1.0,0.9092398689968588
3688,2a3e8710c22275361,True,,,,,,,,,,1.0,1.0,1.0,1.0,0.3106905809329565,1.0,0.0,1.0,0.0,0.5345908065415489
3689,db94fae67e9339c05,True,,,,,,,,,,1.0,1.0,1.0,1.0,0.9831350476587329,1.0,0.0,1.0,1.0,0.8697297023933541
3690,efd390e03153a7806,True,,,,,,,,,,1.0,1.0,1.0,1.0,0.7931119908195737,1.0,1.0,1.0,1.0,0.9353474971311168
3691,355d2f57b20f32e9c,True,,,,,,,,,,1.0,0.0,0.0,1.0,1.0,1.0,0.0,1.0,1.0,0.0
3692,dfc4fb3ce45ccca81,True,,,,,,,,,,1.0,1.0,0.0,1.0,1.0,1.0,0.0,1.0,0.0,0.0
3693,1ba581b05f68a9417,True,,,,,,,,,,0.0,0.0,1.0,1.0,1.0,0.0,1.0,1.0,0.0,0.0
3694,ba3f20b19ddb93cb1,True,,,,,,,,,,0.0,1.0,0.0,1.0,1.0,0.0,1.0,1.0,0.0,0.0
3695,32f1711fd411244b6,True,,,,,,,,,,1.0,0.0,1.0,1.0,1.0,1.0,0.0,1.0,1.0,0.0
3696,f3d58b82e93972910,True,,,,,,,,,,1.0,1.0,1.0,1.0,0.3078407150534749,1.0,1.0,1.0,0.0,0.6587002234542109
3697,1169425dafd2dc633,True,,,,,,,,,,1.0,1.0,1.0,1.0,0.7017273867843553,1.0,1.0,1.0,1.0,0.906789808370111
3698,8999dafaeeabb1612,True,,,,,,,,,,0.0,1.0,1.0,1.0,1.0,0.0,0.0,1.0,1.0,0.0
3699,1e733017715140218,True,,,,,,,,,,1.0,1.0,1.0,1.0,0.5958974238158676,1.0,1.0,1.0,1.0,0.8737179449424586
3700,f511978077fdcd122,True,,,,,,,,,,1.0,1.0,1.0,1.0,0.46249923371291063,1.0,0.0,1.0,1.0,0.7070310105352846
3701,757e84df9c3c5f093,True,,,,,,,,,,1.0,0.0,0.5,1.0,1.0,1.0,0.0,1.0,1.0,0.0
3702,38a27d438189dcb29,True,,,,,,,,,,1.0,1.0,1.0,1.0,0.6326576565596185,1.0,1.0,1.0,1.0,0.8852055176748808
3703,54d9c82ef12c0980e,True,,,,,,,,,,1.0,1.0,1.0,1.0,0.5600807264782871,1.0,0.0,1.0,0.0,0.6125252270244648
3704,7b34cc67f7a1ee247,True,,,,,,,,,,1.0,1.0,1.0,1.0,1.0,1.0,0.0,1.0,1.0,0.875
3705,c22f538fee4004aa6,True,,,,,,,,,,1.0,1.0,1.0,1.0,0.7717719372291539,1.0,0.0,1.0,1.0,0.8036787303841106
3706,f8632cecfa6bdd21f,True,,,,,,,,,,1.0,1.0,0.0,1.0,1.0,1.0,0.0,1.0,1.0,0.0
3707,5e8bc80abe039be9e,True,,,,,,,,,,1.0,0.0,1.0,1.0,1.0,1.0,1.0,1.0,0.0,0.0
3708,237248dcf20ccf56f,True,,,,,,,,,,1.0,1.0,1.0,1.0,0.42888357656118486,1.0,1.0,1.0,1.0,0.8215261176753703
3709,594bcaa89ef7fc267,True,,,,,,,,,,1.0,1.0,1.0,1.0,1.0,1.0,1.0,1.0,0.0,0.875
3710,7404698935ca6a31c,True,,,,,,,,,,1.0,1.0,0.0,1.0,1.0,1.0,0.0,1.0,1.0,0.0
3711,54ddae029448a073a,True,,,,,,,,,,1.0,1.0,1.0,1.0,0.8262400567593106,1.0,1.0,1.0,0.0,0.8207000177372845
3712,cac389eb6249d6874,True,,,,,,,,,,1.0,1.0,1.0,1.0,0.7619815899722274,1.0,0.0,1.0,1.0,0.8006192468663211
3713,4428aee2536bf6703,True,,,,,,,,,,1.0,0.0,1.0,1.0,1.0,1.0,0.0,1.0,1.0,0.0
3714,e88bf694837e674f5,True,,,,,,,,,,1.0,1.0,1.0,1.0,1.0,1.0,0.0,1.0,1.0,0.875
3715,f13774881108b5e55,True,,,,,,,,,,1.0,1.0,1.0,1.0,0.7466314805085487,1.0,1.0,1.0,0.0,0.7958223376589215
3716,720fbcef3959511d0,True,,,,,,,,,,0.0,0.0,1.0,1.0,1.0,0.0,1.0,1.0,1.0,0.0
3717,51a778c753d0604cb,True,,,,,,,,,,1.0,1.0,1.0,1.0,0.8620725132391651,1.0,0.0,1.0,0.0,0.7068976603872391
3718,bbe1739362745c097,True,,,,,,,,,,0.0,0.0,1.0,1.0,1.0,0.0,1.0,1.0,0.0,0.0
3719,a389c63fbad3287f2,True,,,,,,,,,,1.0,1.0,1.0,1.0,1.0,1.0,1.0,1.0,1.0,1.0
3720,b178cd8e12d552cb7,True,,,,,,,,,,1.0,1.0,1.0,1.0,0.8312707787386037,1.0,0.0,1.0,1.0,0.8222721183558137
3721,b6f613e0c148d3e98,True,,,,,,,,,,1.0,1.0,1.0,1.0,0.5865866425585495,1.0,1.0,1.0,1.0,0.8708083257995467
3722,b5f4b999881d2b7f7,True,,,,,,,,,,1.0,1.0,1.0,1.0,0.57513928446162,1.0,0.0,1.0,0.0,0.6172310263942562
3723,18d79c8cb12df7f0e,True,,,,,,,,,,1.0,1.0,1.0,1.0,0.4038847866653919,1.0,0.0,0.0,1.0,0.5637139958329349
3724,77591ae74db6e241c,True,,,,,,,,,,0.5,1.0,1.0,1.0,1.0,0.0,1.0,1.0,1.0,0.34375
3725,f3886ebf44a7423f1,True,,,,,,,,,,1.0,1.0,0.5,1.0,1.0,1.0,0.0,1.0,1.0,0.4375
3726,c9dca5652801c1a98,True,,,,,,,,,,1.0,1.0,0.5,1.0,0.6362349866159014,1.0,0.0,1.0,1.0,0.3806617166587346
3727,add057f5877074b22,True,,,,,,,,,,1.0,0.0,1.0,1.0,1.0,1.0,0.0,1.0,1.0,0.0
3728,b6d9feff81539b7b7,True,,,,,,,,,,1.0,1.0,0.0,1.0,1.0,1.0,0.0,1.0,1.0,0.0
3729,45da4abe095b0e759,True,,,,,,,,,,1.0,1.0,0.5,1.0,1.0,1.0,1.0,1.0,0.0,0.4375
3730,6c643cf3c76195c44,True,,,,,,,,,,1.0,1.0,1.0,1.0,1.0,1.0,1.0,1.0,1.0,1.0
3731,74cc5095551bc3c7d,True,,,,,,,,,,1.0,1.0,0.0,1.0,0.781542884620179,1.0,0.0,1.0,0.0,0.0
3732,7c5d86ba5e0d7e2a3,True,,,,,,,,,,1.0,1.0,1.0,1.0,1.0,1.0,0.0,1.0,0.0,0.75
3733,e6d1e14cb2784e8d9,True,,,,,,,,,,1.0,1.0,1.0,1.0,0.5710666578060193,1.0,1.0,1.0,1.0,0.865958330564381
3734,516eb2ea0832b6c1d,True,,,,,,,,,,1.0,0.0,1.0,1.0,1.0,1.0,1.0,1.0,1.0,0.0
3735,2ad55ac1a6a8d1422,True,,,,,,,,,,1.0,1.0,1.0,1.0,0.6963330896179558,1.0,1.0,1.0,1.0,0.9051040905056111
3736,38158890d40f83da6,True,,,,,,,,,,0.0,1.0,1.0,1.0,1.0,0.0,0.0,1.0,0.0,0.0
3737,b57ec07d7cbceb48b,True,,,,,,,,,,1.0,1.0,1.0,1.0,0.853531161486014,1.0,1.0,1.0,1.0,0.9542284879643794
3738,8ff15043e7dd18ac8,True,,,,,,,,,,1.0,0.0,1.0,1.0,0.7764152859411667,1.0,0.0,1.0,0.0,0.0
3739,59af906a1320b6ea8,True,,,,,,,,,,1.0,0.0,0.0,1.0,1.0,1.0,1.0,1.0,0.0,0.0
3740,24f191a721f816f48,True,,,,,,,,,,1.0,1.0,1.0,1.0,1.0,1.0,1.0,1.0,1.0,1.0
3741,07f4044fd390149ba,True,,,,,,,,,,1.0,1.0,0.5,1.0,1.0,1.0,0.0,1.0,1.0,0.4375
3742,4578349a623642d00,True,,,,,,,,,,1.0,1.0,1.0,1.0,1.0,1.0,1.0,1.0,0.0,0.875
3743,51bb4445380dac75e,True,,,,,,,,,,1.0,0.0,1.0,1.0,0.4836092468897286,1.0,0.0,1.0,1.0,0.0
3744,8f3be1fe834c8e1e6,True,,,,,,,,,,0.0,1.0,1.0,1.0,1.0,0.0,0.0,1.0,1.0,0.0
3745,d7df71a05797f5711,True,,,,,,,,,,1.0,1.0,0.5,1.0,0.6685400235184329,0.0,0.0,1.0,1.0,0.22945937867475513
3746,a5797a61db84af354,True,,,,,,,,,,1.0,1.0,1.0,1.0,0.4901891467120973,1.0,1.0,1.0,1.0,0.8406841083475304
3747,d23a6fb267f1f6fa5,True,,,,,,,,,,1.0,1.0,1.0,1.0,0.6794454145368898,1.0,1.0,1.0,1.0,0.899826692042778
3748,2c920866d1784abe5,True,,,,,,,,,,0.0,0.0,1.0,1.0,1.0,0.0,0.0,1.0,1.0,0.0
3749,4f206a0dd84457b8a,True,,,,,,,,,,1.0,1.0,1.0,1.0,1.0,1.0,1.0,1.0,1.0,1.0
3750,972be27c6916c8ef1,True,,,,,,,,,,0.0,1.0,1.0,1.0,1.0,0.0,1.0,1.0,0.0,0.0
3751,8f88cd86720008f23,True,,,,,,,,,,0.5,0.0,1.0,1.0,1.0,0.0,1.0,1.0,1.0,0.0
3752,86ec67f271b64b199,True,,,,,,,,,,1.0,1.0,0.0,1.0,0.8044540745149712,1.0,0.0,1.0,0.0,0.0
3753,6d11863653324dee3,True,,,,,,,,,,0.0,1.0,1.0,1.0,1.0,0.0,0.0,1.0,1.0,0.0
3754,07f1e4860bc02a04d,True,,,,,,,,,,1.0,1.0,1.0,1.0,1.0,1.0,0.0,1.0,0.0,0.75
3755,6c8d225b7e93d1ff8,True,,,,,,,,,,1.0,0.0,0.5,1.0,0.6626262121318378,1.0,0.0,0.0,0.0,0.0
3756,386d0b1a688b012fa,True,,,,,,,,,,1.0,1.0,0.5,1.0,0.8099041455351352,1.0,0.0,1.0,1.0,0.4077975227398649
3757,d23dccf53d6e2e76b,True,,,,,,,,,,1.0,0.0,1.0,1.0,0.9157123222912684,1.0,0.0,1.0,1.0,0.0
3758,7c8ff6814e197c909,True,,,,,,,,,,0.0,1.0,1.0,1.0,1.0,0.0,0.0,1.0,0.0,0.0
3759,f9b640894b4a02a02,True,,,,,,,,,,1.0,1.0,0.0,1.0,1.0,1.0,0.0,1.0,1.0,0.0
3760,35a201132842b0275,True,,,,,,,,,,1.0,1.0,0.5,1.0,0.4688662005948578,1.0,0.0,1.0,1.0,0.35451034384294655
3761,9c439f9711b4d4d8a,True,,,,,,,,,,1.0,1.0,1.0,1.0,0.9129412809047565,1.0,1.0,1.0,1.0,0.9727941502827364
3762,c2f99f2f74ef541cb,True,,,,,,,,,,1.0,0.0,1.0,1.0,1.0,1.0,0.0,1.0,0.0,0.0
3763,9a2e4a7f632a3fd8c,True,,,,,,,,,,1.0,0.0,1.0,1.0,1.0,1.0,0.0,0.0,0.0,0.0
3764,fef836e429bc5768f,True,,,,,,,,,,1.0,1.0,1.0,1.0,0.6138388650613835,1.0,0.0,1.0,0.0,0.6293246453316823
3765,d4aaf5d6841ea2cad,True,,,,,,,,,,1.0,1.0,1.0,1.0,0.6128274351287281,1.0,1.0,1.0,0.0,0.7540085734777275
3766,b378fbb6e27946979,True,,,,,,,,,,1.0,1.0,0.0,1.0,1.0,1.0,0.0,1.0,1.0,0.0
3767,4af67dc39e7984c17,True,,,,,,,,,,1.0,1.0,1.0,1.0,0.7492321965537179,1.0,1.0,1.0,1.0,0.9216350614230369
3768,83f19b2038c24367b,True,,,,,,,,,,1.0,1.0,1.0,1.0,1.0,1.0,1.0,1.0,1.0,1.0
3769,f13330e16c05c5902,True,,,,,,,,,,0.0,1.0,1.0,1.0,1.0,0.0,1.0,1.0,1.0,0.0
3770,4f3ef64863f32d7b6,True,,,,,,,,,,0.0,0.0,0.0,1.0,1.0,0.0,0.0,1.0,1.0,0.0
3771,d0bc7d7a692a6b0e9,True,,,,,,,,,,0.0,1.0,1.0,1.0,1.0,0.0,1.0,1.0,1.0,0.0
3772,d443dcd06a9dbae34,True,,,,,,,,,,1.0,1.0,1.0,1.0,1.0,1.0,1.0,1.0,0.0,0.875
3773,e4dcc4b775028c0f4,True,,,,,,,,,,1.0,0.0,1.0,1.0,0.6955391731591818,1.0,1.0,1.0,1.0,0.0
3774,ba6dae21cadca949f,True,,,,,,,,,,1.0,1.0,1.0,1.0,0.7117204278546179,1.0,1.0,1.0,1.0,0.9099126337045681
3775,0a1cec4bdc1f7ba66,True,,,,,,,,,,1.0,1.0,0.0,1.0,0.8954097473272876,1.0,0.0,1.0,0.0,0.0
3776,d40afa32f3c10b9e0,True,,,,,,,,,,1.0,1.0,1.0,1.0,0.7676080598662753,1.0,1.0,1.0,0.0,0.8023775187082111
3777,5ccf2f32443625c2f,True,,,,,,,,,,0.0,1.0,1.0,1.0,1.0,0.0,1.0,1.0,1.0,0.0
3778,9e5efb38c692a4895,True,,,,,,,,,,1.0,1.0,1.0,1.0,0.8203003156700679,1.0,1.0,1.0,0.0,0.8188438486468962
3779,0589a66493d098e9d,True,,,,,,,,,,1.0,1.0,1.0,1.0,0.7006843718550378,1.0,1.0,1.0,1.0,0.9064638662046993
3780,4dcc314181f8e6c97,True,,,,,,,,,,1.0,1.0,1.0,1.0,0.5357842242546682,1.0,1.0,1.0,0.0,0.7299325700795838
3781,786b8a8821747f0ce,True,,,,,,,,,,1.0,1.0,0.5,1.0,1.0,1.0,0.0,1.0,1.0,0.4375
3782,b1c87adfc82a52734,True,,,,,,,,,,0.0,1.0,1.0,1.0,1.0,0.0,0.0,1.0,0.0,0.0
3783,2b296dc7b6be46a34,True,,,,,,,,,,1.0,0.0,1.0,1.0,1.0,1.0,0.0,1.0,0.0,0.0
3784,cc2b7831784a6242d,True,,,,,,,,,,0.0,1.0,1.0,1.0,1.0,0.0,1.0,1.0,0.0,0.0
3785,8e653e8d9b170a7dd,True,,,,,,,,,,1.0,0.0,0.0,1.0,0.9107924697172616,1.0,0.0,1.0,1.0,0.0
3786,dc6135734ed70b551,True,,,,,,,,,,1.0,1.0,1.0,1.0,0.9259704284637502,1.0,1.0,1.0,1.0,0.9768657588949219
3787,60b5ffeeaa577037f,True,,,,,,,,,,1.0,1.0,1.0,1.0,0.6856527580712477,1.0,1.0,1.0,0.0,0.7767664868972649
3788,8e3a32effa7ad4fc9,True,,,,,,,,,,1.0,1.0,1.0,1.0,1.0,0.0,1.0,1.0,0.0,0.5625
3789,9c40a73dcfa534ce7,True,,,,,,,,,,1.0,1.0,1.0,1.0,0.8212801148195354,1.0,1.0,1.0,1.0,0.9441500358811048
3790,6864784b80c0a0fde,True,,,,,,,,,,1.0,1.0,1.0,1.0,1.0,1.0,0.0,1.0,1.0,0.875
3791,55e61bb960bd1bfcd,True,,,,,,,,,,0.0,1.0,1.0,1.0,0.8309380453248838,0.0,0.0,1.0,1.0,0.0
3792,b77f2183b554e6641,True,,,,,,,,,,1.0,1.0,1.0,1.0,1.0,1.0,1.0,1.0,0.0,0.875
3793,43b92681b98be1dd3,True,,,,,,,,,,0.5,0.0,0.0,1.0,1.0,0.0,0.0,1.0,0.0,0.0
3794,85f94ff5a637ec2d5,True,,,,,,,,,,1.0,0.0,0.0,1.0,1.0,1.0,0.0,1.0,1.0,0.0
3795,d294ac095b61c1877,True,,,,,,,,,,1.0,1.0,1.0,1.0,0.20983088574685307,1.0,1.0,1.0,1.0,0.7530721517958916
3796,e8a42b314c0d6f88e,True,,,,,,,,,,1.0,1.0,0.5,1.0,1.0,1.0,0.0,1.0,0.0,0.375
3797,9b219df65a0e3f22b,True,,,,,,,,,,0.0,1.0,1.0,1.0,1.0,0.0,0.0,1.0,1.0,0.0
3798,cb000016d3d61dd05,True,,,,,,,,,,0.0,1.0,1.0,1.0,1.0,0.0,1.0,1.0,1.0,0.0
3799,c3d36eb7fd24a9ca2,True,,,,,,,,,,1.0,0.0,1.0,1.0,0.7747090892692284,0.0,0.0,1.0,1.0,0.0
3800,0d85be806c3ea78b8,True,,,,,,,,,,1.0,1.0,1.0,1.0,1.0,1.0,0.0,1.0,0.0,0.75
3801,2496fb23d66af6353,True,,,,,,,,,,1.0,1.0,1.0,1.0,1.0,1.0,0.0,1.0,1.0,0.875
3802,8f0ed4cbd9cfb8ff3,True,,,,,,,,,,0.0,1.0,1.0,1.0,1.0,0.0,1.0,1.0,1.0,0.0
3803,c1ff77f605c58678a,True,,,,,,,,,,0.0,1.0,1.0,1.0,1.0,0.0,0.0,1.0,1.0,0.0
3804,8090a94784c5adc03,True,,,,,,,,,,1.0,1.0,1.0,1.0,0.7369421021750108,1.0,1.0,1.0,1.0,0.9177944069296908
3805,4fb5655af73387ef8,True,,,,,,,,,,0.0,0.0,0.0,1.0,1.0,0.0,0.0,1.0,0.0,0.0
3806,5b32d8e1dbbbd670a,True,,,,,,,,,,1.0,1.0,0.0,1.0,1.0,1.0,0.0,1.0,1.0,0.0
3807,9157e54640172d150,True,,,,,,,,,,1.0,0.0,1.0,1.0,1.0,1.0,0.0,1.0,1.0,0.0
3808,9450ae84450a77fc4,True,,,,,,,,,,1.0,1.0,1.0,1.0,0.9025913821381119,1.0,0.0,1.0,1.0,0.8445598069181599
3809,76caf6deea5aff60c,True,,,,,,,,,,1.0,1.0,1.0,1.0,1.0,1.0,1.0,1.0,0.0,0.875
3810,194d8549dce1cc044,True,,,,,,,,,,1.0,0.0,0.0,1.0,1.0,1.0,0.0,1.0,1.0,0.0
3811,e0e4ca847f84568a3,True,,,,,,,,,,1.0,1.0,1.0,1.0,0.49134909176169594,1.0,0.0,1.0,1.0,0.71604659117553
3812,f3ce063b49364f5ba,True,,,,,,,,,,1.0,1.0,1.0,1.0,0.27972192002395696,1.0,1.0,1.0,1.0,0.7749131000074865
3813,7e6c6310177832aed,True,,,,,,,,,,1.0,1.0,1.0,1.0,1.0,1.0,1.0,1.0,0.0,0.875
3814,b1eef6642f7b29370,True,,,,,,,,,,1.0,1.0,1.0,1.0,0.4403732747818936,1.0,1.0,1.0,1.0,0.8251166483693417
3815,cd43d27167de6cc79,True,,,,,,,,,,1.0,0.0,0.0,1.0,1.0,1.0,0.0,1.0,1.0,0.0
3816,8cf5c8b605a2a4959,True,,,,,,,,,,1.0,1.0,1.0,1.0,0.3971667421714646,1.0,0.0,1.0,1.0,0.6866146069285827
3817,14f7e3a226b0e16d8,True,,,,,,,,,,1.0,1.0,1.0,1.0,1.0,1.0,1.0,1.0,1.0,1.0
3818,2aa8f5678f71648b6,True,,,,,,,,,,1.0,1.0,1.0,1.0,0.2472904061341232,1.0,1.0,1.0,1.0,0.7647782519169135
3819,792d3420eef5dbc41,True,,,,,,,,,,1.0,1.0,1.0,1.0,0.5317144101081646,1.0,1.0,1.0,1.0,0.8536607531588014
3820,17924fa146add877f,True,,,,,,,,,,1.0,1.0,1.0,1.0,0.6760854197177526,1.0,1.0,1.0,1.0,0.8987766936617977
3821,3343ae6524e70afdf,True,,,,,,,,,,1.0,1.0,1.0,1.0,0.8531396336865278,1.0,1.0,1.0,0.0,0.8291061355270399
3822,ef66f2c0cf4893824,True,,,,,,,,,,1.0,0.0,0.5,1.0,1.0,1.0,0.0,1.0,1.0,0.0
3823,8c19ef349d4fc37cb,True,,,,,,,,,,1.0,1.0,1.0,1.0,1.0,1.0,1.0,1.0,0.0,0.875
3824,20a8cbfef6940983b,True,,,,,,,,,,1.0,0.0,1.0,1.0,0.6223493936977044,1.0,1.0,1.0,1.0,0.0
3825,3501e37f323516fb9,True,,,,,,,,,,1.0,0.0,1.0,1.0,1.0,1.0,1.0,1.0,0.0,0.0
3826,6ad5915978b38db9e,True,,,,,,,,,,1.0,1.0,1.0,1.0,0.8135975129246604,1.0,0.0,1.0,1.0,0.8167492227889563
3827,116930ec4ef8fd410,True,,,,,,,,,,1.0,1.0,1.0,1.0,1.0,1.0,1.0,1.0,0.0,0.875
3828,13f2d7e9ace73e420,True,,,,,,,,,,1.0,1.0,1.0,1.0,1.0,1.0,0.0,1.0,1.0,0.875
3829,f38cc020e1b05accc,True,,,,,,,,,,1.0,0.0,1.0,1.0,0.41669601464565303,1.0,1.0,1.0,0.0,0.0
3830,ff77cf6e6c1e73c86,True,,,,,,,,,,1.0,1.0,1.0,1.0,0.74186587799121,1.0,0.0,1.0,1.0,0.7943330868722531
3831,e1787c2ae57c993f3,True,,,,,,,,,,1.0,1.0,1.0,1.0,0.862028444676421,1.0,0.0,1.0,1.0,0.8318838889613815
3832,4511ae351df046b69,True,,,,,,,,,,1.0,1.0,1.0,1.0,1.0,1.0,1.0,1.0,0.0,0.875
3833,f35bd9cd53bff0ecd,True,,,,,,,,,,0.0,1.0,1.0,1.0,1.0,0.0,1.0,1.0,1.0,0.0
3834,4ff5465a026db2df0,True,,,,,,,,,,1.0,1.0,1.0,1.0,0.8312855509591993,1.0,0.0,1.0,1.0,0.8222767346747497
3835,b1b76999fa25ad35b,True,,,,,,,,,,1.0,0.0,1.0,1.0,1.0,1.0,0.0,1.0,1.0,0.0
3836,ddb023146aa3ea8a6,True,,,,,,,,,,1.0,0.0,1.0,1.0,0.9372909121994453,1.0,1.0,1.0,1.0,0.0
3837,87e87ae4d5581f967,True,,,,,,,,,,1.0,1.0,1.0,1.0,0.42440112326625296,1.0,0.0,1.0,1.0,0.695125351020704
3838,8ff1eaec9e4ad790c,True,,,,,,,,,,1.0,1.0,1.0,1.0,1.0,1.0,1.0,1.0,0.0,0.875
3839,1aee3d353bc51c730,True,,,,,,,,,,0.0,1.0,1.0,1.0,0.27308701828432785,0.0,0.0,1.0,1.0,0.0
3840,b3989347b7f24848c,True,,,,,,,,,,1.0,1.0,1.0,1.0,0.5052039032125032,1.0,1.0,1.0,1.0,0.8453762197539072
3841,789c9e60213111cde,True,,,,,,,,,,1.0,1.0,0.0,1.0,1.0,1.0,0.0,1.0,1.0,0.0
3842,891da533fb5685c31,True,,,,,,,,,,1.0,0.0,0.5,1.0,1.0,1.0,0.0,0.0,1.0,0.0
3843,5fb91cdf13ec612c5,True,,,,,,,,,,1.0,1.0,1.0,1.0,0.7543154165193247,1.0,0.0,1.0,1.0,0.798223567662289
3844,8779ba759ea792fbc,True,,,,,,,,,,1.0,1.0,1.0,1.0,0.22658094035323795,1.0,1.0,1.0,1.0,0.7583065438603869
3845,cade01084629da760,True,,,,,,,,,,0.5,1.0,1.0,1.0,1.0,0.0,1.0,1.0,0.0,0.28125
3846,2e0773dd81838320f,True,,,,,,,,,,1.0,1.0,1.0,1.0,0.8142050990682584,1.0,0.0,1.0,1.0,0.8169390934588308
3847,412fcdb7f8f144443,True,,,,,,,,,,1.0,1.0,1.0,1.0,1.0,1.0,1.0,1.0,1.0,1.0
3848,9a9ccb6c7221c42a1,True,,,,,,,,,,1.0,1.0,1.0,1.0,0.821028730428739,0.0,0.0,1.0,1.0,0.506571478258981
3849,15cd04f7d172178fc,True,,,,,,,,,,1.0,0.0,1.0,1.0,0.6987790387166951,1.0,1.0,1.0,1.0,0.0
3850,bdefe051b162261a4,True,,,,,,,,,,0.0,0.0,1.0,1.0,1.0,0.0,1.0,1.0,0.0,0.0
3851,bc686838d510dad87,True,,,,,,,,,,1.0,1.0,1.0,1.0,1.0,1.0,0.0,1.0,0.0,0.75
3852,e306d6a4971bcbd83,True,,,,,,,,,,0.0,1.0,1.0,1.0,1.0,0.0,1.0,1.0,0.0,0.0
3853,e85bd1aab37f82bde,True,,,,,,,,,,0.0,1.0,1.0,1.0,1.0,0.0,1.0,1.0,1.0,0.0
3854,a94bc6fc5f5d03f39,True,,,,,,,,,,1.0,0.0,0.0,1.0,1.0,1.0,0.0,1.0,1.0,0.0
3855,87c8ddd115e686126,True,,,,,,,,,,1.0,1.0,0.5,1.0,0.7877928522429456,1.0,1.0,0.0,0.0,0.34184263316296026
3856,f32e09eab0a9183d4,True,,,,,,,,,,1.0,1.0,1.0,0.0,1.0,1.0,0.0,1.0,1.0,0.0
3857,1bddac86d58ce72a5,True,,,,,,,,,,1.0,0.0,1.0,1.0,0.5490813165565366,1.0,1.0,1.0,0.0,0.0
3858,5eda23d004b1120db,True,,,,,,,,,,0.0,1.0,0.0,1.0,0.8018995998500634,0.0,0.0,1.0,0.0,0.0
3859,f5a7ab053fe5143f8,True,,,,,,,,,,0.0,1.0,1.0,1.0,1.0,0.0,0.0,1.0,1.0,0.0
3860,8586a8b63a4fed64c,True,,,,,,,,,,1.0,1.0,0.0,1.0,1.0,1.0,0.0,1.0,0.0,0.0
3861,2cbe5fab2a0892e8d,True,,,,,,,,,,1.0,1.0,0.0,1.0,1.0,1.0,0.0,1.0,1.0,0.0
3862,9b67c7e02ccf82bac,True,,,,,,,,,,1.0,1.0,1.0,1.0,1.0,1.0,0.0,1.0,1.0,0.875
3863,0cda637bebb7a14dc,True,,,,,,,,,,1.0,1.0,1.0,1.0,1.0,0.0,1.0,0.0,0.0,0.4375
3864,8aea1806b6e406159,True,,,,,,,,,,1.0,0.0,1.0,1.0,0.9899375055574684,1.0,1.0,1.0,0.0,0.0
3865,f7f422a9d4e7a419f,True,,,,,,,,,,1.0,0.0,1.0,1.0,0.3125006845817567,1.0,0.0,1.0,0.0,0.0
3866,cbfd9eec69d28b38b,True,,,,,,,,,,1.0,1.0,1.0,1.0,0.7872683278390434,1.0,1.0,1.0,0.0,0.808521352449701
3867,6dfd14bd1bef71d80,True,,,,,,,,,,1.0,1.0,1.0,1.0,0.7258242560102656,1.0,0.0,1.0,1.0,0.789320080003208
3868,3dafbde4626235155,True,,,,,,,,,,1.0,1.0,0.0,1.0,0.7766345108293029,1.0,0.0,1.0,1.0,0.0
3869,def4466c6854eed10,True,,,,,,,,,,0.0,1.0,1.0,1.0,1.0,0.0,0.0,1.0,1.0,0.0
3870,700c12c03b64be698,True,,,,,,,,,,1.0,1.0,1.0,1.0,1.0,1.0,0.0,1.0,1.0,0.875
3871,a69e816127208136c,True,,,,,,,,,,1.0,1.0,1.0,1.0,0.7722118386561004,1.0,0.0,1.0,1.0,0.8038161995800314
3872,08b3cebccffcada58,True,,,,,,,,,,1.0,0.0,1.0,1.0,1.0,1.0,1.0,1.0,1.0,0.0
3873,3a0d3240d496a6276,True,,,,,,,,,,1.0,0.0,1.0,1.0,0.6756422279634735,1.0,1.0,1.0,0.0,0.0
3874,da94e1252342dc8d8,True,,,,,,,,,,1.0,0.0,1.0,1.0,1.0,1.0,1.0,1.0,1.0,0.0
3875,dab0fa452a04c5188,True,,,,,,,,,,0.0,1.0,1.0,1.0,1.0,0.0,1.0,1.0,0.0,0.0
3876,5139fde7658566f8c,True,,,,,,,,,,1.0,1.0,0.5,1.0,1.0,1.0,0.0,1.0,1.0,0.4375
3877,3fa85a7614a4df720,True,,,,,,,,,,1.0,1.0,0.5,1.0,1.0,1.0,0.0,1.0,0.0,0.375
3878,5e206e9ebf880f3f3,True,,,,,,,,,,1.0,1.0,1.0,1.0,1.0,1.0,1.0,1.0,1.0,1.0
3879,bf16a1467ed27acf5,True,,,,,,,,,,1.0,1.0,1.0,1.0,1.0,1.0,1.0,1.0,0.0,0.875
3880,655169c8955ef778b,True,,,,,,,,,,1.0,1.0,1.0,1.0,1.0,1.0,1.0,1.0,1.0,1.0
3881,aeafb748fb3a37e8c,True,,,,,,,,,,1.0,1.0,0.5,1.0,1.0,1.0,0.0,1.0,1.0,0.4375
3882,7b4054b4f24d77967,True,,,,,,,,,,1.0,1.0,1.0,1.0,1.0,1.0,1.0,1.0,1.0,1.0
3883,d6b2852cfdf21ad06,True,,,,,,,,,,1.0,1.0,1.0,1.0,0.7493057285051531,1.0,1.0,1.0,1.0,0.9216580401578603
3884,80412ca123ecd72bc,True,,,,,,,,,,1.0,1.0,1.0,1.0,0.7484830415703637,1.0,1.0,1.0,1.0,0.9214009504907387
3885,4ed26e14929f14eb4,True,,,,,,,,,,1.0,1.0,0.0,1.0,0.836725974500494,1.0,0.0,1.0,0.0,0.0
3886,50b922840407a0340,True,,,,,,,,,,1.0,1.0,0.5,1.0,0.6693688252502077,1.0,1.0,1.0,1.0,0.44833887894534497
3887,d3150a8489aa038cb,True,,,,,,,,,,0.0,1.0,1.0,1.0,0.7156093853493912,0.0,0.0,1.0,1.0,0.0
3888,961a25cea5dcb8f50,True,,,,,,,,,,1.0,1.0,1.0,1.0,0.6485119239811656,1.0,1.0,1.0,1.0,0.8901599762441142
3889,4232b6ce6d0b377b8,True,,,,,,,,,,1.0,1.0,1.0,1.0,0.8092502643636841,1.0,0.0,1.0,0.0,0.6903907076136513
3890,252b287c4bec81c38,True,,,,,,,,,,1.0,1.0,1.0,1.0,0.6960256385741699,1.0,0.0,1.0,0.0,0.6550080120544282
3891,6a62285a9933482cb,True,,,,,,,,,,1.0,1.0,0.0,1.0,1.0,1.0,0.0,1.0,1.0,0.0
3892,22264d7c1336430c1,True,,,,,,,,,,1.0,1.0,1.0,1.0,1.0,1.0,1.0,1.0,0.0,0.875
3893,c808695431d352ba9,True,,,,,,,,,,0.5,1.0,1.0,1.0,1.0,0.0,1.0,1.0,1.0,0.34375
3894,23c9faa5c2360ed1f,True,,,,,,,,,,1.0,1.0,1.0,1.0,0.3418374362032818,1.0,1.0,1.0,0.0,0.6693241988135256
3895,1282ea8855e3dab29,True,,,,,,,,,,1.0,1.0,1.0,1.0,1.0,1.0,1.0,1.0,0.0,0.875
3896,ac022e7e85876da0a,True,,,,,,,,,,1.0,1.0,1.0,1.0,0.4928653688122447,1.0,1.0,1.0,1.0,0.8415204277538264
3897,8e870ed69a2cd9267,True,,,,,,,,,,1.0,1.0,1.0,1.0,0.9861840995358446,1.0,1.0,1.0,0.0,0.8706825311049514
3898,bc1165d3665880833,True,,,,,,,,,,1.0,1.0,1.0,1.0,1.0,1.0,1.0,1.0,1.0,1.0
3899,3365055ca32faadaa,True,,,,,,,,,,1.0,1.0,1.0,1.0,0.3699789495343655,1.0,1.0,1.0,1.0,0.8031184217294892
3900,c9e57d49438cf3843,True,,,,,,,,,,1.0,1.0,1.0,1.0,0.790274570685949,1.0,1.0,1.0,1.0,0.9344608033393591
3901,ef4eaef1d214e7da8,True,,,,,,,,,,1.0,1.0,1.0,1.0,0.8198702112141565,1.0,1.0,1.0,1.0,0.9437094410044239
3902,fa4895c5592886086,True,,,,,,,,,,0.0,1.0,1.0,1.0,1.0,0.0,1.0,1.0,1.0,0.0
3903,c82d37b03fda156aa,True,,,,,,,,,,1.0,1.0,0.5,1.0,0.7232383823277063,1.0,0.0,1.0,0.0,0.3317559972387041
3904,40ab16e6d2c7b1db0,True,,,,,,,,,,1.0,0.0,1.0,1.0,0.36786210072579567,1.0,0.0,1.0,1.0,0.0
3905,3c9fb934bb7f40998,True,,,,,,,,,,1.0,1.0,1.0,1.0,0.825692318545005,1.0,0.0,1.0,1.0,0.820528849545314
3906,4930cf1a642d2c66b,True,,,,,,,,,,0.0,1.0,1.0,1.0,1.0,0.0,1.0,1.0,1.0,0.0
3907,9afbf2d7c3a80fd5b,True,,,,,,,,,,1.0,1.0,1.0,1.0,0.9757071395652774,1.0,1.0,1.0,1.0,0.9924084811141491
3908,09f2c709af42130ee,True,,,,,,,,,,1.0,1.0,1.0,1.0,0.7447796610765608,1.0,0.0,1.0,1.0,0.7952436440864252
3909,a99d30f928a653d12,True,,,,,,,,,,1.0,1.0,1.0,1.0,0.89731175631723,1.0,1.0,1.0,1.0,0.9679099238491344
3910,fd56100f9058b46fa,True,,,,,,,,,,1.0,1.0,0.5,1.0,1.0,1.0,0.0,1.0,1.0,0.4375
3911,cd892a7201a57c9b3,True,,,,,,,,,,1.0,1.0,1.0,1.0,0.6660822535598667,1.0,0.0,1.0,0.0,0.6456507042374584
3912,1821758da0d84714b,True,,,,,,,,,,1.0,1.0,0.0,1.0,1.0,1.0,0.0,1.0,0.0,0.0
3913,702b15efbe7996592,True,,,,,,,,,,1.0,1.0,1.0,1.0,0.7624130595516306,1.0,1.0,1.0,1.0,0.9257540811098846
3914,5bc5b9c19039b3131,True,,,,,,,,,,1.0,1.0,1.0,1.0,0.7740637660026348,1.0,0.0,1.0,1.0,0.8043949268758234
3915,312967b0fb74d9524,True,,,,,,,,,,1.0,1.0,1.0,1.0,0.675626416106291,1.0,1.0,1.0,1.0,0.8986332550332159
3916,a5323cbe675ea589c,True,,,,,,,,,,1.0,0.0,1.0,1.0,0.4237359643326214,1.0,0.0,1.0,1.0,0.0
3917,2cd8757231917e0ba,True,,,,,,,,,,1.0,1.0,1.0,1.0,0.7952496142977813,1.0,1.0,1.0,0.0,0.8110155044680567
3918,79a8aa64c00991061,True,,,,,,,,,,1.0,1.0,0.5,1.0,0.5700226351936705,1.0,0.0,1.0,1.0,0.37031603674901103
3919,298d36dd2179b1b09,True,,,,,,,,,,1.0,1.0,1.0,1.0,1.0,1.0,0.0,1.0,0.0,0.75
3920,00aa61063a3147cb9,True,,,,,,,,,,1.0,1.0,1.0,1.0,0.43977819062476387,1.0,1.0,1.0,1.0,0.8249306845702387
3921,7dc3f9cae9f72fe4c,True,,,,,,,,,,1.0,0.0,0.0,1.0,1.0,1.0,0.0,1.0,0.0,0.0
3922,1f61d345cacd5e1d1,True,,,,,,,,,,1.0,0.0,1.0,1.0,0.8924798068654296,1.0,1.0,1.0,1.0,0.0
3923,cb2e1dad4d21a5bf1,True,,,,,,,,,,1.0,1.0,0.5,1.0,0.9071949797362606,1.0,0.0,1.0,0.0,0.3604992155837907
3924,afc5b9d01744dc019,True,,,,,,,,,,1.0,0.0,0.0,1.0,1.0,1.0,0.0,1.0,1.0,0.0
3925,7124ea8593f4c9b14,True,,,,,,,,,,1.0,0.0,1.0,1.0,1.0,1.0,1.0,1.0,0.0,0.0
3926,eeab7294535bc0168,True,,,,,,,,,,0.0,0.0,0.0,1.0,1.0,0.0,0.0,1.0,0.0,0.0
3927,bd4cbb0e07c59ee69,True,,,,,,,,,,1.0,1.0,1.0,1.0,0.7283609549736529,1.0,0.0,1.0,0.0,0.6651127984292665
3928,88d4b366c4eb714be,True,,,,,,,,,,1.0,1.0,1.0,1.0,1.0,1.0,0.0,1.0,0.0,0.75
3929,beae653519f0232e7,True,,,,,,,,,,1.0,1.0,1.0,1.0,0.18217620707221785,1.0,0.0,1.0,1.0,0.6194300647100681
3930,cd5f94c276881c890,True,,,,,,,,,,1.0,1.0,1.0,1.0,0.7479359111124712,1.0,1.0,1.0,0.0,0.7962299722226472
3931,3c4a076e3eb21f85e,True,,,,,,,,,,1.0,1.0,0.0,1.0,1.0,1.0,0.0,1.0,1.0,0.0
3932,014d40ca62123c161,True,,,,,,,,,,0.0,0.0,0.5,1.0,1.0,0.0,1.0,1.0,1.0,0.0
3933,382721ffdbe71cadc,True,,,,,,,,,,1.0,1.0,1.0,1.0,0.874693450568948,1.0,1.0,1.0,1.0,0.9608417033027963
3934,bc9e1db1b41d9717b,True,,,,,,,,,,1.0,0.0,0.5,1.0,0.613956331728269,1.0,1.0,1.0,1.0,0.0
3935,f12a7ee18a123034b,True,,,,,,,,,,1.0,1.0,1.0,1.0,1.0,1.0,1.0,1.0,1.0,1.0
3936,5cfc1b909ca5a6869,True,,,,,,,,,,1.0,1.0,0.0,1.0,1.0,1.0,0.0,1.0,1.0,0.0
3937,c9b45ed2516cd216c,True,,,,,,,,,,1.0,1.0,1.0,1.0,0.3636973347505697,1.0,1.0,1.0,1.0,0.801155417109553
3938,7338fea39e2bae90e,True,,,,,,,,,,1.0,1.0,0.5,1.0,0.5840909585022573,1.0,0.0,1.0,1.0,0.3725142122659777
3939,03e028a3b31005826,True,,,,,,,,,,1.0,1.0,1.0,1.0,0.4165224435840536,1.0,1.0,1.0,0.0,0.6926632636200167
3940,f94bdc2e7d5bba8a9,True,,,,,,,,,,1.0,1.0,1.0,1.0,0.7261457745749743,0.0,0.0,1.0,1.0,0.47692055455467947
3941,1f200aef5aa80a98d,True,,,,,,,,,,1.0,1.0,1.0,1.0,1.0,1.0,1.0,1.0,1.0,1.0
3942,b9d6d6e0f1c629518,True,,,,,,,,,,1.0,0.0,0.5,1.0,1.0,1.0,1.0,1.0,1.0,0.0
3943,074cb9c09e56d13b7,True,,,,,,,,,,1.0,1.0,1.0,1.0,0.6776479191884999,1.0,1.0,1.0,1.0,0.8992649747464062
3944,cdc8eba66ee1c79b4,True,,,,,,,,,,1.0,1.0,1.0,1.0,1.0,1.0,1.0,1.0,1.0,1.0
3945,686b6dd5e1ca96d8a,True,,,,,,,,,,1.0,1.0,1.0,1.0,0.9368898383554072,1.0,1.0,1.0,0.0,0.8552780744860647
3946,49057fbf986facf33,True,,,,,,,,,,1.0,1.0,1.0,1.0,0.7620402233236953,1.0,0.0,1.0,1.0,0.8006375697886547
3947,7b6d8fa488a09b8d3,True,,,,,,,,,,1.0,1.0,1.0,1.0,0.7728760632260414,1.0,1.0,1.0,0.0,0.8040237697581379
3948,aee8a0b219134ae2b,True,,,,,,,,,,1.0,1.0,1.0,1.0,0.6062599103446117,1.0,0.0,1.0,1.0,0.7519562219826912
3949,92dbe7647ced9cbf0,True,,,,,,,,,,1.0,0.0,0.0,1.0,1.0,1.0,0.0,1.0,1.0,0.0
3950,e3a9da177d10be28d,True,,,,,,,,,,1.0,0.0,1.0,1.0,1.0,1.0,0.0,1.0,0.0,0.0
3951,afaf4dd4fa375bb85,True,,,,,,,,,,1.0,0.0,1.0,0.0,1.0,1.0,1.0,1.0,1.0,0.0
3952,eee0015497fc5fbb3,True,,,,,,,,,,1.0,1.0,1.0,1.0,0.7117759839829514,1.0,0.0,1.0,1.0,0.7849299949946723
3953,43bcce57368a6bbc8,True,,,,,,,,,,1.0,1.0,0.5,1.0,1.0,1.0,1.0,1.0,0.0,0.4375
3954,a42fb99bdb7e61156,True,,,,,,,,,,1.0,0.0,1.0,1.0,0.7875997448561817,1.0,1.0,1.0,0.0,0.0
3955,e2272321d7d429d4f,True,,,,,,,,,,1.0,0.0,0.5,1.0,1.0,1.0,0.0,0.0,1.0,0.0
3956,f3e993209190be300,True,,,,,,,,,,1.0,1.0,1.0,1.0,0.9634808190045054,0.0,1.0,1.0,0.0,0.551087755938908
3957,c3f5f5f99bb34c5b9,True,,,,,,,,,,1.0,1.0,1.0,1.0,1.0,1.0,1.0,0.0,0.0,0.75
3958,50dcee9926ded132e,True,,,,,,,,,,1.0,1.0,0.0,1.0,0.8050285701888503,1.0,0.0,1.0,1.0,0.0
3959,1f8006333fa33abf2,True,,,,,,,,,,0.0,1.0,1.0,1.0,1.0,0.0,0.0,1.0,0.0,0.0
3960,a018170a118dc39bc,True,,,,,,,,,,1.0,1.0,1.0,1.0,0.6356535027908844,1.0,0.0,1.0,0.0,0.6361417196221514
3961,b6d61abe346b88db3,True,,,,,,,,,,1.0,1.0,1.0,1.0,0.6396765631247289,1.0,1.0,1.0,1.0,0.8873989259764777
3962,1e704b348fb75f77d,True,,,,,,,,,,1.0,0.0,1.0,1.0,0.8621534580953699,1.0,1.0,1.0,0.0,0.0
3963,e0865c65b75b4c171,True,,,,,,,,,,1.0,0.0,1.0,1.0,0.8296679124811871,1.0,1.0,1.0,1.0,0.0
3964,294d19afced5a7af8,True,,,,,,,,,,1.0,1.0,1.0,1.0,0.5716301389599608,1.0,1.0,1.0,1.0,0.8661344184249877
3965,eaa70df977f0ed637,True,,,,,,,,,,0.0,1.0,1.0,1.0,0.8233674106913714,0.0,0.0,1.0,1.0,0.0
3966,b3af98bca187d3a52,True,,,,,,,,,,0.0,0.0,0.0,1.0,1.0,0.0,1.0,0.0,0.0,0.0
3967,eb5c033b5d728ecba,True,,,,,,,,,,1.0,1.0,1.0,1.0,0.350227941671164,1.0,0.0,1.0,1.0,0.6719462317722388
3968,4ac35e2587f31ee76,True,,,,,,,,,,1.0,1.0,1.0,1.0,0.7280601141231036,1.0,0.0,1.0,1.0,0.7900187856634698
3969,4ffc297962a8fbd17,True,,,,,,,,,,1.0,0.0,0.5,1.0,1.0,1.0,0.0,1.0,0.0,0.0
3970,b8adc6e76a36fd705,True,,,,,,,,,,1.0,1.0,0.0,1.0,0.7495147276349677,1.0,0.0,1.0,0.0,0.0
3971,d0df486d88c5b89d4,True,,,,,,,,,,1.0,1.0,1.0,1.0,0.6521887072537264,1.0,1.0,1.0,1.0,0.8913089710167895
3972,3cf1a7b9d21da00c2,True,,,,,,,,,,1.0,1.0,1.0,1.0,0.26637895126155164,1.0,0.0,1.0,1.0,0.6457434222692349
3973,1a67fcc3becbce6bf,True,,,,,,,,,,1.0,1.0,1.0,1.0,0.9531317896062578,1.0,0.0,1.0,1.0,0.8603536842519556
3974,fa350068f608950fe,True,,,,,,,,,,1.0,1.0,1.0,1.0,1.0,1.0,0.0,1.0,1.0,0.875
3975,58529df281ddba3bc,True,,,,,,,,,,1.0,1.0,1.0,1.0,0.342525428022533,1.0,1.0,1.0,1.0,0.7945391962570416
3976,517aaa2753027db17,True,,,,,,,,,,1.0,0.0,1.0,1.0,0.5454250609763887,1.0,0.0,1.0,1.0,0.0
3977,5cd160daac2e582eb,True,,,,,,,,,,1.0,1.0,1.0,1.0,0.2052383581334091,1.0,1.0,1.0,1.0,0.7516369869166903
3978,a50c0b5a789ee7174,True,,,,,,,,,,0.0,1.0,0.0,1.0,0.7871871809034988,0.0,0.0,1.0,0.0,0.0
3979,f6a13add7d93584e0,True,,,,,,,,,,1.0,0.0,0.5,1.0,0.47995229902462094,1.0,0.0,1.0,1.0,0.0
3980,646aa5cbfd5f84a9e,True,,,,,,,,,,1.0,1.0,1.0,1.0,0.9687822696731735,1.0,0.0,1.0,1.0,0.8652444592728668
3981,cc06efea87df36bc7,True,,,,,,,,,,1.0,0.0,1.0,1.0,0.6016944977589269,1.0,0.0,1.0,0.0,0.0
3982,21dda72ce686d45f5,True,,,,,,,,,,1.0,1.0,0.5,1.0,1.0,1.0,0.0,1.0,1.0,0.4375
3983,33bdd00b087ff8b4e,True,,,,,,,,,,1.0,1.0,1.0,1.0,0.36768337934190326,1.0,1.0,1.0,1.0,0.8024010560443448
3984,e125fce6404cad012,True,,,,,,,,,,1.0,1.0,1.0,1.0,0.22141768762278166,1.0,1.0,1.0,1.0,0.7566930273821193
3985,0224d4cee538e69c3,True,,,,,,,,,,1.0,0.0,1.0,1.0,1.0,1.0,1.0,1.0,1.0,0.0
3986,36c7b91f3363fdeda,True,,,,,,,,,,1.0,0.0,0.0,1.0,1.0,1.0,0.0,1.0,1.0,0.0
3987,7bcbb548162ed8dbb,True,,,,,,,,,,1.0,1.0,1.0,1.0,0.7610603084920372,1.0,1.0,1.0,1.0,0.9253313464037616
3988,d3a043b81ea9596cd,True,,,,,,,,,,1.0,1.0,1.0,1.0,1.0,1.0,0.0,1.0,1.0,0.875
3989,daf6c56e39384e309,True,,,,,,,,,,1.0,1.0,1.0,1.0,0.6455651041794028,1.0,1.0,1.0,1.0,0.8892390950560634
3990,de4d565d2295bfce9,True,,,,,,,,,,0.0,1.0,0.0,1.0,1.0,0.0,0.0,1.0,0.0,0.0
3991,213be589c1849a8ad,True,,,,,,,,,,1.0,0.0,1.0,1.0,1.0,1.0,1.0,1.0,0.0,0.0
3992,6a934a93966865e05,True,,,,,,,,,,1.0,1.0,1.0,1.0,0.4856304328988042,1.0,1.0,1.0,0.0,0.7142595102808763
3993,b36cff254193955cf,True,,,,,,,,,,1.0,1.0,1.0,1.0,0.21440857444164718,1.0,1.0,1.0,1.0,0.7545026795130148
3994,872a49bbab0e3eadd,True,,,,,,,,,,1.0,0.0,1.0,1.0,1.0,1.0,0.0,1.0,0.0,0.0
3995,d42ef26a98f8b0220,True,,,,,,,,,,1.0,1.0,1.0,1.0,1.0,1.0,1.0,1.0,1.0,1.0
3996,b23bdeea5132cf7af,True,,,,,,,,,,1.0,0.0,1.0,1.0,0.6903956166159833,1.0,0.0,1.0,0.0,0.0
3997,faa4f514f8d862142,True,,,,,,,,,,0.0,1.0,1.0,1.0,1.0,0.0,1.0,1.0,1.0,0.0
3998,99775d29ec2361de1,True,,,,,,,,,,0.5,0.0,0.5,1.0,1.0,0.0,0.0,1.0,1.0,0.0
3999,6f0c6f5848fccc5d0,True,,,,,,,,,,1.0,0.0,1.0,1.0,0.596586884774522,1.0,1.0,1.0,1.0,0.0
4000,8ebb7ac6b5b06cde1,True,,,,,,,,,,1.0,1.0,1.0,1.0,0.5524022815402027,1.0,0.0,1.0,0.0,0.6101257129813134
4001,3e0c9c2ea255fd348,True,,,,,,,,,,1.0,1.0,1.0,1.0,1.0,0.0,0.0,1.0,1.0,0.5625
4002,9011963333f646007,True,,,,,,,,,,1.0,1.0,1.0,1.0,0.5463223779527878,1.0,0.0,1.0,0.0,0.6082257431102462
4003,c81e1b4650a6a20fd,True,,,,,,,,,,1.0,1.0,1.0,1.0,0.5831773958086062,1.0,1.0,1.0,1.0,0.8697429361901894
4004,c30bd4dc602d95119,True,,,,,,,,,,1.0,1.0,1.0,1.0,0.7642704047861054,1.0,0.0,1.0,0.0,0.6763345014956579
4005,cea842f2d5b0ad72d,True,,,,,,,,,,1.0,1.0,1.0,1.0,0.32809965144212044,1.0,1.0,1.0,1.0,0.7900311410756626
4006,d1c72c5965ad4f57e,True,,,,,,,,,,1.0,1.0,1.0,1.0,0.7892142836453659,1.0,1.0,0.0,0.0,0.6841294636391768
4007,614c25aa5977470dc,True,,,,,,,,,,1.0,1.0,1.0,1.0,0.3103257170568895,1.0,1.0,1.0,0.0,0.659476786580278
4008,5275c2d3d823a5476,True,,,,,,,,,,1.0,0.0,1.0,1.0,1.0,1.0,1.0,1.0,0.0,0.0
4009,188fef8a871d3bb74,True,,,,,,,,,,0.0,1.0,0.0,1.0,1.0,0.0,0.0,1.0,0.0,0.0
4010,2028b4dbdc9149a19,True,,,,,,,,,,1.0,1.0,1.0,1.0,0.6754661237288354,1.0,1.0,1.0,1.0,0.898583163665261
4011,9eaf4038cc95831dd,True,,,,,,,,,,1.0,1.0,1.0,1.0,0.9900656488690905,1.0,1.0,1.0,1.0,0.9968955152715908
4012,18c7e56e43eebb62f,True,,,,,,,,,,0.0,1.0,0.0,1.0,0.8994925274040252,0.0,0.0,0.0,0.0,0.0
4013,d55cfce0d6370e76b,True,,,,,,,,,,1.0,1.0,1.0,1.0,0.7919450769969383,1.0,0.0,1.0,1.0,0.8099828365615432
4014,995a5ceaca13fa6a0,True,,,,,,,,,,1.0,0.0,1.0,1.0,1.0,1.0,0.0,1.0,0.0,0.0
4015,6952b70f303046472,True,,,,,,,,,,0.0,1.0,1.0,1.0,1.0,0.0,0.0,1.0,0.0,0.0
4016,c85dd3e87ba3c50e0,True,,,,,,,,,,1.0,1.0,1.0,1.0,0.8411198406097834,1.0,0.0,1.0,1.0,0.8253499501905572
4017,c35e331384b550d78,True,,,,,,,,,,1.0,1.0,1.0,1.0,0.6156216264898,1.0,1.0,1.0,1.0,0.8798817582780625
4018,451c8ee9a94e9524f,True,,,,,,,,,,1.0,0.0,0.0,1.0,1.0,1.0,0.0,1.0,1.0,0.0
4019,f8d974540bdca9c27,True,,,,,,,,,,1.0,0.0,0.0,1.0,1.0,1.0,0.0,1.0,0.0,0.0
4020,46b622275a28d1d2d,True,,,,,,,,,,0.0,0.0,1.0,1.0,1.0,0.0,0.0,1.0,1.0,0.0
4021,5808626bda0a920a5,True,,,,,,,,,,1.0,1.0,0.0,1.0,0.8040034520308448,1.0,0.0,1.0,1.0,0.0
4022,bae5ac57314f7412b,True,,,,,,,,,,1.0,1.0,1.0,1.0,1.0,1.0,1.0,1.0,0.0,0.875
4023,87b69a9da5677bf5b,True,,,,,,,,,,1.0,1.0,1.0,1.0,0.3308727811115601,1.0,0.0,1.0,1.0,0.6658977440973626
4024,0c57f2adbbbdf0401,True,,,,,,,,,,1.0,1.0,1.0,1.0,1.0,0.0,0.0,1.0,0.0,0.4375
4025,8d442a4953c9da694,True,,,,,,,,,,1.0,1.0,1.0,1.0,0.7126807275096179,1.0,1.0,1.0,1.0,0.9102127273467555
4026,18dbdfb5b9fe301f4,True,,,,,,,,,,1.0,1.0,1.0,1.0,1.0,1.0,1.0,1.0,1.0,1.0
4027,4b48232c28699eff0,True,,,,,,,,,,1.0,1.0,1.0,1.0,1.0,1.0,1.0,1.0,1.0,1.0
4028,c95a60eebe3ab0adb,True,,,,,,,,,,1.0,1.0,0.0,1.0,0.8588309948043705,1.0,0.0,1.0,1.0,0.0
4029,47fd69d104912e67a,True,,,,,,,,,,1.0,0.0,1.0,1.0,0.6486234182424809,1.0,1.0,1.0,1.0,0.0
4030,fe53e5ab658a57258,True,,,,,,,,,,1.0,1.0,0.0,1.0,0.9459767868184411,1.0,0.0,1.0,0.0,0.0
4031,02644631a56fa1750,True,,,,,,,,,,1.0,1.0,1.0,1.0,0.5477495364780971,1.0,1.0,1.0,1.0,0.8586717301494053
4032,a617218bc7b506fc1,True,,,,,,,,,,1.0,1.0,0.0,1.0,1.0,1.0,0.0,1.0,0.0,0.0
4033,9b71a67f61e5fffb3,True,,,,,,,,,,1.0,1.0,0.5,1.0,1.0,1.0,0.0,1.0,0.0,0.375
4034,77ea1d582cf3df680,True,,,,,,,,,,1.0,1.0,0.0,1.0,0.8219785756246407,1.0,0.0,1.0,1.0,0.0
4035,e5f62e45611621e50,True,,,,,,,,,,0.0,1.0,1.0,1.0,1.0,0.0,1.0,1.0,1.0,0.0
4036,8c918377b8ed3a5b1,True,,,,,,,,,,1.0,1.0,1.0,1.0,0.8940218941332304,1.0,0.0,1.0,0.0,0.7168818419166345
4037,c912edcab444df468,True,,,,,,,,,,1.0,1.0,1.0,1.0,0.6609692735402619,1.0,1.0,1.0,1.0,0.8940528979813318
4038,4fc9662f3c2a3bb75,True,,,,,,,,,,1.0,0.0,0.0,1.0,1.0,1.0,0.0,1.0,1.0,0.0
4039,83643b4c5add93044,True,,,,,,,,,,1.0,1.0,1.0,1.0,0.3774429332676758,1.0,1.0,1.0,0.0,0.6804509166461488
4040,38c6024c468e96db8,True,,,,,,,,,,1.0,1.0,1.0,1.0,0.4943629511414143,1.0,0.0,1.0,1.0,0.716988422231692
4041,1c5915479f9d88e87,True,,,,,,,,,,1.0,0.0,1.0,1.0,1.0,1.0,0.0,1.0,0.0,0.0
4042,d10399f19fe745cd8,True,,,,,,,,,,0.0,1.0,1.0,1.0,1.0,0.0,1.0,1.0,0.0,0.0
4043,16e839b38304ce550,True,,,,,,,,,,1.0,1.0,1.0,1.0,0.5931216711952887,1.0,1.0,1.0,0.0,0.7478505222485277
4044,aa6ae8ce4dc53d9af,True,,,,,,,,,,1.0,1.0,1.0,1.0,0.6757929150476764,1.0,1.0,1.0,0.0,0.7736852859523988
4045,f24caea64b35ec9e9,True,,,,,,,,,,1.0,1.0,1.0,1.0,0.8125113762524732,1.0,1.0,1.0,1.0,0.9414098050788979
4046,8b6ef443197adad55,True,,,,,,,,,,1.0,0.0,1.0,1.0,1.0,1.0,1.0,1.0,1.0,0.0
4047,28416fd7feabf49fd,True,,,,,,,,,,1.0,1.0,1.0,1.0,0.7111026065040673,1.0,1.0,1.0,0.0,0.784719564532521
4048,15755cd0249f8223a,True,,,,,,,,,,0.0,1.0,0.0,1.0,1.0,0.0,0.0,1.0,0.0,0.0
4049,5957a4b8c0696f222,True,,,,,,,,,,1.0,0.0,1.0,1.0,1.0,1.0,1.0,1.0,1.0,0.0
4050,0a3d875284dd62305,True,,,,,,,,,,1.0,1.0,1.0,1.0,0.6276839740660113,1.0,1.0,1.0,1.0,0.8836512418956285
4051,fa8d78f84cd8b7f8c,True,,,,,,,,,,1.0,1.0,1.0,1.0,0.7104007003006031,1.0,0.0,1.0,1.0,0.7845002188439385
4052,095200d2374c09356,True,,,,,,,,,,1.0,1.0,1.0,1.0,1.0,1.0,0.0,1.0,1.0,0.875
4053,2c41c5664b187598f,True,,,,,,,,,,1.0,0.0,1.0,1.0,1.0,1.0,1.0,1.0,1.0,0.0
4054,c481b1ded8232fa61,True,,,,,,,,,,1.0,0.0,1.0,1.0,0.7808592981625255,1.0,1.0,1.0,1.0,0.0
4055,6c19dab64235f6915,True,,,,,,,,,,1.0,0.0,1.0,1.0,0.544959676511385,1.0,1.0,1.0,1.0,0.0
4056,87bc17b46db863809,True,,,,,,,,,,1.0,1.0,0.5,1.0,0.8206772220477513,1.0,0.0,1.0,0.0,0.3469808159449611
4057,ec4a1a5062f088a0f,True,,,,,,,,,,0.0,0.0,1.0,1.0,1.0,0.0,1.0,1.0,1.0,0.0
4058,4330e2204831576d7,True,,,,,,,,,,1.0,0.0,0.5,1.0,0.47524940839148344,1.0,0.0,1.0,1.0,0.0
4059,c624adea428b6fde5,True,,,,,,,,,,1.0,1.0,1.0,1.0,0.6933704639090787,1.0,1.0,1.0,0.0,0.7791782699715871
4060,def3a7e5b9515c6fb,True,,,,,,,,,,1.0,1.0,1.0,1.0,0.6552698262186356,1.0,1.0,1.0,1.0,0.8922718206933236
4061,e373db6dd950e3e73,True,,,,,,,,,,1.0,1.0,1.0,1.0,0.8799209187711493,1.0,1.0,1.0,1.0,0.9624752871159842
4062,546ea00bc8516f8dc,True,,,,,,,,,,1.0,0.0,1.0,1.0,1.0,1.0,1.0,1.0,1.0,0.0
4063,11b6577b5cc201594,True,,,,,,,,,,0.0,1.0,1.0,1.0,1.0,0.0,1.0,1.0,1.0,0.0
4064,34f398e3cb7f66124,True,,,,,,,,,,1.0,1.0,1.0,1.0,0.9812520384796023,1.0,1.0,1.0,1.0,0.9941412620248757
4065,47b4f8325c08a9af6,True,,,,,,,,,,1.0,1.0,1.0,1.0,0.7507990047289652,1.0,0.0,1.0,1.0,0.7971246889778016
4066,eacc02fe002535ebb,True,,,,,,,,,,1.0,1.0,0.0,1.0,1.0,1.0,0.0,1.0,1.0,0.0
4067,8cd4e7ea09172b366,True,,,,,,,,,,1.0,0.0,1.0,1.0,1.0,1.0,1.0,1.0,1.0,0.0
4068,c4c4fa45496336f70,True,,,,,,,,,,1.0,1.0,0.0,1.0,1.0,1.0,0.0,1.0,1.0,0.0
4069,84e277e20e4dfaf5c,True,,,,,,,,,,1.0,1.0,1.0,1.0,0.3747015800736907,1.0,0.0,1.0,1.0,0.6795942437730284
4070,81e6ca0e63a415859,True,,,,,,,,,,1.0,1.0,1.0,1.0,1.0,1.0,0.0,1.0,1.0,0.875
4071,b02f376e03d453a0a,True,,,,,,,,,,0.0,1.0,1.0,1.0,1.0,0.0,1.0,1.0,1.0,0.0
4072,ab74a4ee392eb4ffc,True,,,,,,,,,,1.0,0.0,1.0,1.0,0.6731814121899408,1.0,1.0,1.0,0.0,0.0
4073,110d0d3e6fdd95bda,True,,,,,,,,,,1.0,1.0,1.0,1.0,1.0,1.0,0.0,1.0,1.0,0.875
4074,6a0e7c7b6a5967f37,True,,,,,,,,,,1.0,0.0,1.0,1.0,0.68134443051466,1.0,1.0,1.0,1.0,0.0
4075,7fd5398b4e1c42134,True,,,,,,,,,,1.0,0.0,1.0,1.0,1.0,1.0,1.0,1.0,1.0,0.0
4076,a03596d2557544d9f,True,,,,,,,,,,1.0,0.0,0.5,1.0,1.0,1.0,0.0,1.0,1.0,0.0
4077,c601af4262caa25fe,True,,,,,,,,,,1.0,1.0,1.0,1.0,0.7740050896841364,1.0,0.0,1.0,1.0,0.8043765905262926
4078,205e1f314131287bc,True,,,,,,,,,,1.0,1.0,1.0,1.0,0.616139047048283,1.0,1.0,1.0,0.0,0.7550434522025884
4079,4e1acfe6d874f554d,True,,,,,,,,,,1.0,1.0,1.0,1.0,0.5763090211814866,1.0,1.0,1.0,1.0,0.8675965691192146
4080,d2e7ee3ace0b92dee,True,,,,,,,,,,1.0,1.0,1.0,1.0,0.6882510990997749,1.0,1.0,1.0,1.0,0.9025784684686796
4081,210bdf510357465fe,True,,,,,,,,,,1.0,0.0,1.0,1.0,1.0,1.0,0.0,1.0,0.0,0.0
4082,403463355af416781,True,,,,,,,,,,1.0,1.0,1.0,1.0,0.7833932423896903,1.0,0.0,1.0,0.0,0.6823103882467783
4083,a563e26d3cb76d239,True,,,,,,,,,,1.0,1.0,1.0,1.0,0.21349990412645425,1.0,1.0,1.0,1.0,0.754218720039517
4084,1aaa4996c12e817a7,True,,,,,,,,,,1.0,1.0,1.0,1.0,0.7368727296500984,1.0,1.0,1.0,0.0,0.7927727280156558
4085,e7a9f463ef537b333,True,,,,,,,,,,1.0,0.0,1.0,1.0,1.0,1.0,1.0,1.0,1.0,0.0
4086,dba739bec7326715c,True,,,,,,,,,,0.0,1.0,1.0,1.0,1.0,0.0,0.0,1.0,0.0,0.0
4087,7c2bed78bc3df5a9b,True,,,,,,,,,,1.0,0.0,0.5,1.0,1.0,1.0,0.0,1.0,1.0,0.0
4088,f3f8e9c3fd11d36f3,True,,,,,,,,,,1.0,1.0,1.0,1.0,1.0,1.0,1.0,1.0,0.0,0.875
4089,a8591c7d6a4f149f2,True,,,,,,,,,,1.0,1.0,1.0,1.0,0.33165246022467976,1.0,0.0,1.0,0.0,0.5411413938202124
4090,404bfe24cd4dfebb4,True,,,,,,,,,,0.0,1.0,1.0,1.0,1.0,0.0,1.0,1.0,1.0,0.0
4091,af48e9c0da650fb5e,True,,,,,,,,,,1.0,1.0,1.0,1.0,0.7897241316892033,1.0,0.0,1.0,1.0,0.809288791152876
4092,a73bc7fee06a21930,True,,,,,,,,,,1.0,0.0,0.0,1.0,1.0,1.0,0.0,1.0,1.0,0.0
4093,a1ff65c462fb19548,True,,,,,,,,,,1.0,1.0,0.5,1.0,0.9891128902458332,1.0,1.0,1.0,1.0,0.49829888910091147
4094,8b639fb0376857c55,True,,,,,,,,,,1.0,1.0,1.0,1.0,0.6102358739693083,1.0,1.0,1.0,1.0,0.8781987106154089
4095,9823414897079697b,True,,,,,,,,,,1.0,1.0,1.0,1.0,0.7383172498626008,1.0,0.0,1.0,0.0,0.6682241405820628
4096,113cb8fed3d36b259,True,,,,,,,,,,1.0,1.0,1.0,1.0,0.702192322271232,1.0,1.0,1.0,1.0,0.90693510070976
4097,90263fed2b7db0365,True,,,,,,,,,,1.0,1.0,1.0,1.0,0.35368196204984825,1.0,1.0,1.0,1.0,0.7980256131405776
4098,30123728ead1b4804,True,,,,,,,,,,0.0,1.0,1.0,1.0,1.0,0.0,1.0,1.0,1.0,0.0
4099,fc6b7a66f2b28cca4,True,,,,,,,,,,0.0,1.0,1.0,1.0,1.0,0.0,0.0,1.0,0.0,0.0
4100,098f2c514384700c9,True,,,,,,,,,,1.0,1.0,1.0,1.0,0.811969369855587,1.0,0.0,1.0,1.0,0.816240428079871
4101,b04390988b4a74994,True,,,,,,,,,,1.0,1.0,1.0,1.0,0.45723810709925855,1.0,1.0,1.0,1.0,0.8303869084685183
4102,13d89543b4b7dad14,True,,,,,,,,,,1.0,0.0,0.5,1.0,0.9843247452098928,1.0,1.0,1.0,1.0,0.0
4103,b0687bfcbe79bec09,True,,,,,,,,,,1.0,1.0,1.0,1.0,0.42838271946044204,1.0,1.0,1.0,0.0,0.6963695998313881
4104,80bd77183c8a411b9,True,,,,,,,,,,1.0,1.0,1.0,1.0,1.0,1.0,1.0,1.0,1.0,1.0
4105,52825507b7931e0f3,True,,,,,,,,,,1.0,0.0,1.0,1.0,1.0,1.0,1.0,1.0,1.0,0.0
4106,63584edd9b86f7faf,True,,,,,,,,,,1.0,0.0,1.0,1.0,1.0,1.0,1.0,1.0,0.0,0.0
4107,e2156f59b76e7c195,True,,,,,,,,,,1.0,1.0,1.0,1.0,0.6653280776311994,1.0,1.0,1.0,1.0,0.8954150242597498
4108,fd6e363385145a378,True,,,,,,,,,,1.0,1.0,0.5,1.0,1.0,1.0,0.0,1.0,1.0,0.4375
4109,172abde18b548feb2,True,,,,,,,,,,1.0,1.0,0.0,1.0,0.7162969648340686,1.0,0.0,0.0,0.0,0.0
4110,e1c30e4d72a0c6a35,True,,,,,,,,,,0.0,1.0,0.5,1.0,1.0,0.0,0.0,1.0,1.0,0.0
4111,af6044bdbd6647378,True,,,,,,,,,,1.0,0.0,0.0,1.0,1.0,1.0,0.0,1.0,1.0,0.0
4112,7a487393a13b1bc7e,True,,,,,,,,,,1.0,1.0,0.0,1.0,0.8794680084655109,1.0,0.0,1.0,0.0,0.0
4113,a2d7b9c1ccf5a5070,True,,,,,,,,,,1.0,0.0,1.0,1.0,0.310481228203265,1.0,1.0,1.0,0.0,0.0
4114,c598788caa8a8109f,True,,,,,,,,,,1.0,0.0,1.0,1.0,0.6069663512753006,1.0,1.0,1.0,0.0,0.0
4115,a84f9dde85427d73a,True,,,,,,,,,,1.0,1.0,1.0,1.0,1.0,1.0,1.0,1.0,1.0,1.0
4116,f4441ff7b0692d28d,True,,,,,,,,,,1.0,1.0,1.0,1.0,0.4073503979772535,1.0,0.0,1.0,1.0,0.6897969993678917
4117,fbaef0dd45ccf2413,True,,,,,,,,,,1.0,0.0,1.0,1.0,0.7432316290757205,1.0,1.0,1.0,1.0,0.0
4118,c71bdecb4c4eb5848,True,,,,,,,,,,1.0,1.0,0.5,1.0,0.4147497216894476,1.0,0.0,1.0,1.0,0.3460546440139762
4119,71313a0d415f3ff89,True,,,,,,,,,,1.0,1.0,1.0,1.0,0.931264603236081,1.0,1.0,1.0,1.0,0.9785201885112753
4120,2dbd58ac0d23460fd,True,,,,,,,,,,1.0,0.0,1.0,1.0,0.43413521997132176,1.0,1.0,1.0,1.0,0.0
4121,75bc6c0b77408dcd2,True,,,,,,,,,,1.0,1.0,1.0,1.0,0.9308091562760752,1.0,1.0,1.0,1.0,0.9783778613362735
4122,3fb88c089daff90ac,True,,,,,,,,,,1.0,1.0,1.0,1.0,0.825475771680833,1.0,1.0,1.0,0.0,0.8204611786502602
4123,7026d28794e20a290,True,,,,,,,,,,1.0,0.0,0.0,1.0,1.0,1.0,0.0,1.0,1.0,0.0
4124,534a1ef23eb35451c,True,,,,,,,,,,1.0,1.0,0.5,1.0,1.0,1.0,1.0,0.0,0.0,0.375
4125,d9f0da556a4c7bb77,True,,,,,,,,,,1.0,1.0,1.0,1.0,1.0,1.0,0.0,1.0,0.0,0.75
4126,ba3bd0fad9e3fb6eb,True,,,,,,,,,,1.0,0.0,1.0,1.0,0.5743646956468793,1.0,1.0,1.0,1.0,0.0
4127,ebf583743cf822ad6,True,,,,,,,,,,1.0,1.0,0.0,1.0,0.8403769057055435,1.0,0.0,1.0,0.0,0.0
4128,fb36ad22580aff945,True,,,,,,,,,,0.0,1.0,0.0,1.0,1.0,0.0,0.0,1.0,1.0,0.0
4129,0f4373d1811c9ca90,True,,,,,,,,,,1.0,1.0,1.0,1.0,0.8071587786863651,1.0,1.0,0.0,0.0,0.6897371183394891
4130,821ded6741a70217e,True,,,,,,,,,,1.0,1.0,1.0,1.0,0.8360928172593368,1.0,1.0,1.0,1.0,0.9487790053935428
4131,a30c17989141062af,True,,,,,,,,,,1.0,0.0,1.0,1.0,1.0,1.0,0.0,1.0,1.0,0.0
4132,01b44b930266052c5,True,,,,,,,,,,1.0,1.0,1.0,1.0,0.7770457899453047,1.0,1.0,1.0,1.0,0.9303268093579078
4133,6023b53fce21949e9,True,,,,,,,,,,1.0,1.0,1.0,1.0,0.4361917890285909,1.0,0.0,1.0,1.0,0.6988099340714347
4134,59873106299ffb94f,True,,,,,,,,,,1.0,1.0,0.0,1.0,0.7907996984240162,0.0,0.0,1.0,1.0,0.0
4135,b70d444b82722ea24,True,,,,,,,,,,1.0,1.0,0.0,1.0,1.0,1.0,0.0,1.0,1.0,0.0
4136,c672054b9f22ca68b,True,,,,,,,,,,1.0,0.0,1.0,1.0,1.0,1.0,0.0,1.0,0.0,0.0
4137,9941e5249d262210a,True,,,,,,,,,,1.0,1.0,1.0,1.0,0.5966960760895188,1.0,1.0,1.0,1.0,0.8739675237779746
4138,a70407f928cd54582,True,,,,,,,,,,1.0,1.0,1.0,1.0,0.42760542309969923,1.0,1.0,1.0,1.0,0.821126694718656
4139,3fee465a29d222bb0,True,,,,,,,,,,1.0,1.0,1.0,1.0,0.7860317985709966,1.0,1.0,1.0,1.0,0.9331349370534364
4140,151d16ac2d96ae161,True,,,,,,,,,,1.0,1.0,1.0,1.0,1.0,1.0,1.0,1.0,1.0,1.0
4141,e33c0044eab71bc97,True,,,,,,,,,,1.0,0.0,1.0,1.0,0.952772998003056,1.0,1.0,1.0,1.0,0.0
4142,12df8311d005ad619,True,,,,,,,,,,1.0,0.0,1.0,1.0,0.405435515934206,1.0,1.0,1.0,1.0,0.0
4143,ff268d62e1e2110ec,True,,,,,,,,,,1.0,1.0,1.0,1.0,0.7715546531785823,1.0,0.0,1.0,1.0,0.803610829118307
4144,2df81c34dac0b3f5c,True,,,,,,,,,,1.0,1.0,1.0,1.0,0.5468177400750442,1.0,1.0,1.0,1.0,0.8583805437734513
4145,594f782a45aefdedc,True,,,,,,,,,,0.0,1.0,1.0,1.0,1.0,0.0,0.0,1.0,0.0,0.0
4146,114bae5e9b92e8933,True,,,,,,,,,,1.0,0.0,0.5,1.0,1.0,1.0,1.0,0.0,0.0,0.0
4147,d32b81cb4448f19f1,True,,,,,,,,,,1.0,1.0,1.0,1.0,0.5740937227406321,1.0,0.0,1.0,1.0,0.7419042883564475
4148,342254f2ea2e57645,True,,,,,,,,,,1.0,1.0,1.0,1.0,0.6027997233300513,1.0,0.0,1.0,1.0,0.750874913540641
4149,d17b5de2642504067,True,,,,,,,,,,1.0,1.0,1.0,1.0,0.9815719296963298,1.0,1.0,1.0,1.0,0.9942412280301031
4150,96260f12e203e8493,True,,,,,,,,,,1.0,0.0,1.0,1.0,0.29760924245191084,1.0,1.0,1.0,1.0,0.0
4151,8413ea29ea72fdfde,True,,,,,,,,,,1.0,1.0,1.0,1.0,1.0,1.0,1.0,1.0,1.0,1.0
4152,c911e86fa2d53c1d1,True,,,,,,,,,,1.0,1.0,1.0,1.0,0.9023478785754964,1.0,0.0,1.0,0.0,0.7194837120548426
4153,3a181370dbfab5b1c,True,,,,,,,,,,1.0,1.0,1.0,1.0,0.7951594689043253,1.0,0.0,1.0,1.0,0.8109873340326017
4154,42542b30e0e5ff8c7,True,,,,,,,,,,1.0,1.0,1.0,1.0,0.6740003288544186,1.0,1.0,1.0,1.0,0.8981251027670059
4155,a368b8806368419d0,True,,,,,,,,,,1.0,1.0,1.0,1.0,1.0,1.0,1.0,1.0,1.0,1.0
4156,3428d82c17d7e5501,True,,,,,,,,,,1.0,1.0,1.0,1.0,1.0,1.0,1.0,1.0,1.0,1.0
4157,6ef6514c231637cbf,True,,,,,,,,,,1.0,1.0,1.0,1.0,1.0,1.0,1.0,1.0,1.0,1.0
4158,d9bde28612a6aad4f,True,,,,,,,,,,1.0,0.0,1.0,1.0,1.0,1.0,0.0,0.0,0.0,0.0
4159,bc72fc9245a523440,True,,,,,,,,,,1.0,1.0,1.0,1.0,0.7750155100234363,1.0,0.0,1.0,1.0,0.8046923468823238
4160,16d22cc23e0b4cce8,True,,,,,,,,,,0.0,0.0,1.0,1.0,1.0,0.0,0.0,0.0,0.0,0.0
4161,0c384c629c8faf4a0,True,,,,,,,,,,1.0,1.0,1.0,1.0,0.8249002566656805,1.0,1.0,1.0,1.0,0.9452813302080252
4162,b87411a579f9d7c9e,True,,,,,,,,,,1.0,1.0,1.0,1.0,0.6064603405908131,1.0,1.0,1.0,1.0,0.8770188564346291
4163,3079c8b009170b052,True,,,,,,,,,,1.0,0.0,1.0,1.0,0.7790663914970268,1.0,0.0,1.0,1.0,0.0
4164,8d28f9f70a6b86ce7,True,,,,,,,,,,1.0,0.0,1.0,1.0,1.0,1.0,0.0,1.0,0.0,0.0
4165,5a653e174a05d5da0,True,,,,,,,,,,1.0,0.0,1.0,1.0,0.7947997855485242,1.0,1.0,1.0,1.0,0.0
4166,23d3b2f93978ceabf,True,,,,,,,,,,1.0,1.0,1.0,1.0,0.6382967360344117,0.0,0.0,1.0,1.0,0.4494677300107537
4167,eeccf27f0b76f2d75,True,,,,,,,,,,1.0,1.0,1.0,1.0,0.892272229495842,1.0,1.0,1.0,0.0,0.8413350717174506
4168,575fcd78444e7124b,True,,,,,,,,,,1.0,0.0,0.0,1.0,1.0,1.0,0.0,1.0,0.0,0.0
4169,624d6c465e568f7a9,True,,,,,,,,,,1.0,0.0,0.0,1.0,1.0,1.0,0.0,1.0,1.0,0.0
4170,15c7d65066442dddd,True,,,,,,,,,,0.5,0.0,0.5,1.0,1.0,0.0,0.0,1.0,1.0,0.0
4171,435c8cf621dfd73fb,True,,,,,,,,,,1.0,1.0,1.0,1.0,0.7306051678262202,1.0,1.0,0.0,1.0,0.7908141149456938
4172,c807c2486a7897e81,True,,,,,,,,,,0.0,1.0,1.0,1.0,1.0,0.0,1.0,1.0,1.0,0.0
4173,8da51d4b0fa17ee9a,True,,,,,,,,,,1.0,1.0,1.0,1.0,0.8013712365405503,1.0,0.0,1.0,1.0,0.812928511418922
4174,a423127bc4cb28773,True,,,,,,,,,,1.0,1.0,1.0,1.0,0.733259663015858,0.0,1.0,1.0,1.0,0.6041436446924556
4175,e3e11c324948199da,True,,,,,,,,,,1.0,1.0,1.0,1.0,1.0,1.0,1.0,1.0,0.0,0.875
4176,37630795fa7fa1e51,True,,,,,,,,,,1.0,0.0,1.0,1.0,0.5676633049906633,1.0,1.0,1.0,0.0,0.0
4177,175bc910c16425e5c,True,,,,,,,,,,1.0,1.0,1.0,1.0,0.5494895728172496,1.0,1.0,1.0,0.0,0.7342154915053904
4178,648027b9205dc7650,True,,,,,,,,,,1.0,1.0,0.0,1.0,1.0,1.0,0.0,1.0,1.0,0.0
4179,fac0a5c373900e63b,True,,,,,,,,,,1.0,1.0,1.0,1.0,0.47119496278007617,1.0,1.0,1.0,1.0,0.8347484258687738
4180,102bb69d5a0263f53,True,,,,,,,,,,1.0,1.0,1.0,1.0,0.5929881492098633,0.0,0.0,1.0,1.0,0.4353087966280823
4181,c193d278e26794340,True,,,,,,,,,,1.0,1.0,1.0,1.0,0.673771573224452,1.0,0.0,1.0,1.0,0.7730536166326413
4182,0c32d5324fdca8702,True,,,,,,,,,,1.0,1.0,1.0,1.0,0.8045848477943491,1.0,0.0,1.0,1.0,0.8139327649357341
4183,5d499c9197211c7e4,True,,,,,,,,,,0.0,1.0,1.0,1.0,1.0,0.0,0.0,1.0,1.0,0.0
4184,9d72bed8e095c9a05,True,,,,,,,,,,1.0,0.0,0.5,1.0,1.0,1.0,0.0,1.0,1.0,0.0
4185,b817b5a5887d3fa36,True,,,,,,,,,,1.0,1.0,1.0,1.0,0.3146885963552897,1.0,1.0,1.0,1.0,0.785840186361028
4186,80d431e91d34320c9,True,,,,,,,,,,1.0,1.0,1.0,1.0,0.6731994442024376,1.0,0.0,1.0,1.0,0.7728748263132618
4187,7e3fd48eb2c70a68f,True,,,,,,,,,,1.0,1.0,1.0,1.0,0.7886624663890105,1.0,1.0,1.0,1.0,0.9339570207465657
4188,33ff9ec8e9bc148c8,True,,,,,,,,,,1.0,1.0,1.0,1.0,0.5474429897347102,1.0,1.0,1.0,0.0,0.7335759342920969
4189,eeb34640b5657db25,True,,,,,,,,,,1.0,0.0,1.0,1.0,1.0,1.0,1.0,1.0,1.0,0.0
4190,0b20cc78c6d693794,True,,,,,,,,,,1.0,0.0,0.5,1.0,1.0,1.0,0.0,1.0,0.0,0.0
4191,3a64c41fecb2ab1ca,True,,,,,,,,,,1.0,0.0,1.0,1.0,0.23950049699141682,1.0,1.0,1.0,0.0,0.0
4192,aacc85e9299b2ee56,True,,,,,,,,,,1.0,0.0,0.0,1.0,1.0,1.0,1.0,1.0,0.0,0.0
4193,f6557e9f386193dfc,True,,,,,,,,,,1.0,1.0,1.0,1.0,0.8184848080266597,1.0,1.0,1.0,0.0,0.8182765025083312
4194,0e55c21e09e86d8ba,True,,,,,,,,,,1.0,1.0,1.0,1.0,0.6194815326809145,1.0,1.0,1.0,1.0,0.8810879789627858
4195,648b4aa95f01b805d,True,,,,,,,,,,1.0,1.0,1.0,1.0,0.16349514904220794,1.0,0.0,1.0,1.0,0.61359223407569
4196,3dec28d29ac4ec705,True,,,,,,,,,,0.0,1.0,1.0,1.0,1.0,0.0,1.0,1.0,0.0,0.0
4197,4ada67449cbca8a4f,True,,,,,,,,,,1.0,1.0,1.0,1.0,0.7981385576913709,1.0,1.0,1.0,1.0,0.9369182992785534
4198,ad6a7a2414e2a5ac3,True,,,,,,,,,,1.0,0.0,0.0,1.0,1.0,1.0,0.0,1.0,1.0,0.0
4199,a1de70408377fb037,True,,,,,,,,,,1.0,1.0,1.0,1.0,0.7241139147558361,1.0,1.0,1.0,1.0,0.9137855983611988
4200,f843c5c835c2922c1,True,,,,,,,,,,1.0,0.0,0.5,1.0,1.0,1.0,0.0,1.0,0.0,0.0
4201,44028467a67d38460,True,,,,,,,,,,1.0,0.0,0.5,1.0,1.0,1.0,0.0,1.0,0.0,0.0
4202,3f501988e5d39bd03,True,,,,,,,,,,1.0,1.0,1.0,1.0,0.19780586138099004,1.0,0.0,1.0,1.0,0.6243143316815594
4203,1d0587c2228e349ac,True,,,,,,,,,,1.0,1.0,1.0,1.0,0.837647407613819,1.0,1.0,1.0,1.0,0.9492648148793184
4204,66fb23ec0e555548e,True,,,,,,,,,,1.0,1.0,1.0,1.0,0.10548580473146883,1.0,1.0,1.0,1.0,0.720464313978584
4205,903b3cc014d45619e,True,,,,,,,,,,1.0,1.0,1.0,1.0,1.0,1.0,0.0,1.0,0.0,0.75
4206,ba63d32eedc1457fd,True,,,,,,,,,,1.0,1.0,1.0,1.0,0.4673064085182933,1.0,1.0,1.0,1.0,0.8335332526619667
4207,9ce594d7aea2ad542,True,,,,,,,,,,0.0,1.0,0.5,1.0,1.0,0.0,1.0,1.0,0.0,0.0
4208,44d4ff5239aca3b14,True,,,,,,,,,,1.0,0.0,1.0,1.0,1.0,1.0,0.0,0.0,0.0,0.0
4209,44c452535c1f9bd1b,True,,,,,,,,,,1.0,1.0,1.0,1.0,0.6745785792748854,1.0,1.0,1.0,1.0,0.8983058060234017
4210,e1dfffddf7ca3297a,True,,,,,,,,,,0.0,0.0,0.0,1.0,1.0,0.0,0.0,1.0,1.0,0.0
4211,9583f6043942f7590,True,,,,,,,,,,1.0,0.0,1.0,1.0,1.0,1.0,0.0,1.0,1.0,0.0
4212,765c939c341bbf4f6,True,,,,,,,,,,1.0,1.0,1.0,1.0,0.6192790099710967,1.0,1.0,1.0,1.0,0.8810246906159678
4213,7002987261d03954e,True,,,,,,,,,,1.0,0.0,0.5,1.0,1.0,1.0,0.0,0.0,0.0,0.0
4214,f874994b902ae45d7,True,,,,,,,,,,1.0,1.0,1.0,1.0,1.0,1.0,0.0,1.0,1.0,0.875
4215,ceeb361872a012bd7,True,,,,,,,,,,1.0,1.0,1.0,1.0,0.9574015172927918,1.0,0.0,1.0,1.0,0.8616879741539974
4216,096330032f89cefb3,True,,,,,,,,,,1.0,1.0,1.0,1.0,0.7541950681155185,1.0,1.0,1.0,1.0,0.9231859587860995
4217,e11c0271d9082ef0a,True,,,,,,,,,,1.0,1.0,1.0,1.0,0.7107845991848433,1.0,0.0,1.0,1.0,0.7846201872452635
4218,45904686e63c2b9a3,True,,,,,,,,,,1.0,1.0,1.0,1.0,0.6326395587573413,1.0,1.0,1.0,0.0,0.7601998621116692
4219,6e10df391ad68426e,True,,,,,,,,,,1.0,1.0,1.0,1.0,1.0,1.0,0.0,1.0,1.0,0.875
4220,2fb3e2d50e23c577b,True,,,,,,,,,,1.0,1.0,1.0,1.0,1.0,1.0,0.0,1.0,0.0,0.75
4221,1b7240da7a5598b38,True,,,,,,,,,,0.0,1.0,1.0,1.0,1.0,0.0,0.0,1.0,1.0,0.0
4222,749b3e461ac448a6a,True,,,,,,,,,,0.0,0.0,0.0,1.0,1.0,0.0,0.0,1.0,1.0,0.0
4223,88f98f8020b3e0f5f,True,,,,,,,,,,1.0,1.0,1.0,1.0,1.0,1.0,0.0,0.0,0.0,0.625
4224,94787bba8c2128445,True,,,,,,,,,,0.0,1.0,1.0,1.0,1.0,0.0,1.0,0.0,0.0,0.0
4225,e3be3af3b3213f65e,True,,,,,,,,,,0.0,1.0,1.0,1.0,1.0,0.0,0.0,1.0,0.0,0.0
4226,b83ed44f0a4151018,True,,,,,,,,,,1.0,0.0,1.0,1.0,1.0,1.0,1.0,1.0,0.0,0.0
4227,f4f52070af5d450d0,True,,,,,,,,,,1.0,0.0,0.5,1.0,1.0,1.0,1.0,0.0,0.0,0.0
4228,88d3fad9cfca7c0ad,True,,,,,,,,,,1.0,1.0,1.0,1.0,0.6086673591513966,1.0,1.0,1.0,0.0,0.7527085497348114
4229,56873aea1946dc836,True,,,,,,,,,,1.0,1.0,1.0,1.0,0.9468099775425601,1.0,1.0,1.0,1.0,0.98337811798205
4230,4bec08cedd964d496,True,,,,,,,,,,1.0,0.0,1.0,1.0,1.0,1.0,1.0,1.0,0.0,0.0
4231,52998366db81d0fca,True,,,,,,,,,,1.0,1.0,1.0,1.0,0.674674692726779,1.0,1.0,1.0,1.0,0.8983358414771184
4232,c675e95ff07987458,True,,,,,,,,,,1.0,1.0,1.0,1.0,1.0,1.0,0.0,1.0,1.0,0.875
4233,36a0cef1b153a4f11,True,,,,,,,,,,1.0,1.0,0.5,1.0,0.9874537670910039,1.0,1.0,1.0,1.0,0.49803965110796933
4234,5f9c9346ee3131354,True,,,,,,,,,,0.0,1.0,1.0,1.0,1.0,0.0,0.0,1.0,0.0,0.0
4235,34b9989a51da95af0,True,,,,,,,,,,0.0,1.0,1.0,1.0,1.0,0.0,0.0,1.0,0.0,0.0
4236,71825455da2cde07d,True,,,,,,,,,,1.0,0.0,1.0,1.0,0.6651487107070199,1.0,1.0,1.0,0.0,0.0
4237,bfee1080de1fa0853,True,,,,,,,,,,0.0,1.0,1.0,1.0,1.0,0.0,0.0,1.0,1.0,0.0
4238,11e5a12ad80226150,True,,,,,,,,,,1.0,1.0,0.0,1.0,0.7884815860765354,1.0,0.0,1.0,1.0,0.0
4239,1aba878032e3e7e6d,True,,,,,,,,,,0.0,1.0,1.0,1.0,0.7297581837287304,1.0,1.0,1.0,1.0,0.0
4240,e742e687d4142df74,True,,,,,,,,,,1.0,0.0,1.0,1.0,1.0,1.0,0.0,1.0,0.0,0.0
4241,3d45468e32f443cff,True,,,,,,,,,,1.0,1.0,1.0,1.0,0.7829299431925106,1.0,1.0,0.0,0.0,0.6821656072476596
4242,8b8b4f2749140ac7a,True,,,,,,,,,,1.0,1.0,1.0,1.0,0.7431971676933132,1.0,1.0,1.0,0.0,0.7947491149041603
4243,bb000886556fcf3ea,True,,,,,,,,,,1.0,1.0,1.0,1.0,1.0,1.0,0.0,1.0,0.0,0.75
4244,0308c9d9ebeab7805,True,,,,,,,,,,1.0,1.0,1.0,1.0,0.7022538641236103,1.0,1.0,1.0,1.0,0.9069543325386282
4245,23d3fdeb556df092e,True,,,,,,,,,,1.0,1.0,1.0,1.0,0.7261850700642262,1.0,1.0,1.0,1.0,0.9144328343950707
4246,bec064ed6d9582bcc,True,,,,,,,,,,1.0,1.0,1.0,1.0,1.0,1.0,0.0,1.0,1.0,0.875
4247,00ca98016027ffb8d,True,,,,,,,,,,1.0,0.0,1.0,1.0,1.0,1.0,1.0,1.0,1.0,0.0
4248,8192ed9c4330db32d,True,,,,,,,,,,1.0,1.0,1.0,1.0,1.0,1.0,0.0,1.0,1.0,0.875
4249,2114731f5f6cae12c,True,,,,,,,,,,1.0,1.0,1.0,1.0,0.7160629191190213,1.0,0.0,1.0,1.0,0.7862696622246942
4250,506ef1fd93816539d,True,,,,,,,,,,1.0,1.0,1.0,1.0,1.0,1.0,1.0,1.0,1.0,1.0
4251,596506940b29ec5c0,True,,,,,,,,,,1.0,1.0,1.0,1.0,0.8127588524313755,1.0,1.0,1.0,1.0,0.9414871413848048
4252,7ff58b20e56a787e0,True,,,,,,,,,,1.0,1.0,0.0,1.0,1.0,1.0,0.0,1.0,0.0,0.0
4253,0fa05fe58f28e1239,True,,,,,,,,,,1.0,1.0,1.0,1.0,0.9090144100045806,1.0,1.0,1.0,0.0,0.8465670031264314
4254,40e3b1336b570fbf6,True,,,,,,,,,,1.0,1.0,0.0,1.0,1.0,1.0,0.0,1.0,0.0,0.0
4255,0db32b98281c2454b,True,,,,,,,,,,1.0,1.0,1.0,1.0,0.7627939706617931,1.0,0.0,1.0,0.0,0.6758731158318103
4256,023850d442fe9ca21,True,,,,,,,,,,1.0,1.0,1.0,1.0,0.6849630593945112,1.0,1.0,1.0,1.0,0.9015509560607847
4257,096db7931a7697382,True,,,,,,,,,,1.0,1.0,1.0,1.0,0.7059642352541934,1.0,1.0,1.0,1.0,0.9081138235169355
4258,2e49400543ea5674a,True,,,,,,,,,,1.0,0.0,0.0,1.0,1.0,1.0,0.0,1.0,1.0,0.0
4259,88fb73c3952c8f9ea,True,,,,,,,,,,0.0,1.0,1.0,1.0,1.0,0.0,1.0,1.0,0.0,0.0
4260,45d88e7f92a4a9e74,True,,,,,,,,,,1.0,1.0,1.0,1.0,1.0,1.0,1.0,1.0,0.0,0.875
4261,986788851f212ec8c,True,,,,,,,,,,1.0,0.0,1.0,1.0,0.5193983473422593,1.0,1.0,1.0,1.0,0.0
4262,198d109d392dbc280,True,,,,,,,,,,1.0,0.0,0.5,1.0,1.0,1.0,0.0,1.0,0.0,0.0
4263,38237140ae3e57418,True,,,,,,,,,,1.0,1.0,1.0,1.0,0.8654444935403032,1.0,1.0,1.0,1.0,0.9579514042313447
4264,026597b466e481724,True,,,,,,,,,,1.0,1.0,1.0,1.0,0.8741255749762643,1.0,1.0,1.0,0.0,0.8356642421800826
4265,4855fc07a04961bfd,True,,,,,,,,,,0.0,1.0,1.0,0.0,1.0,0.0,0.0,1.0,1.0,0.0
4266,34112583ba024c56e,True,,,,,,,,,,0.5,0.0,1.0,1.0,1.0,0.0,1.0,1.0,1.0,0.0
4267,0d2f41b0b8ec0376a,True,,,,,,,,,,1.0,1.0,1.0,1.0,0.5966428352234161,1.0,0.0,1.0,1.0,0.7489508860073175
4268,2bb698b451e491605,True,,,,,,,,,,1.0,1.0,1.0,1.0,0.28982784370750636,1.0,0.0,1.0,1.0,0.6530712011585957
4269,c5bf49e3aca8b3adb,True,,,,,,,,,,1.0,1.0,1.0,1.0,0.4880391883800674,1.0,1.0,1.0,0.0,0.715012246368771
4270,f66f81ffd843802cd,True,,,,,,,,,,0.0,1.0,1.0,1.0,1.0,0.0,1.0,1.0,0.0,0.0
4271,36a59107f58b13a57,True,,,,,,,,,,1.0,1.0,1.0,1.0,0.5497790523177433,1.0,0.0,1.0,1.0,0.7343059538492948
4272,2c12490b19101760e,True,,,,,,,,,,1.0,1.0,1.0,1.0,0.5865656121405131,1.0,1.0,1.0,0.0,0.7458017537939103
4273,e5e0959cfd16213ca,True,,,,,,,,,,0.0,0.0,1.0,1.0,1.0,0.0,0.0,1.0,0.0,0.0
4274,c2aa1b724cefce8f0,True,,,,,,,,,,0.0,0.0,1.0,1.0,1.0,0.0,0.0,1.0,1.0,0.0
4275,5fa2d65d901225f48,True,,,,,,,,,,1.0,1.0,1.0,1.0,0.635812185494929,1.0,1.0,1.0,0.0,0.7611913079671653
4276,289adac373c057f2c,True,,,,,,,,,,1.0,1.0,0.5,1.0,1.0,1.0,0.0,1.0,1.0,0.4375
4277,6d54d84f2aa7b99a8,True,,,,,,,,,,1.0,0.0,1.0,1.0,0.6611536973015255,1.0,1.0,1.0,0.0,0.0
4278,1c18bdd5b49d08afb,True,,,,,,,,,,1.0,1.0,0.0,1.0,1.0,1.0,0.0,1.0,1.0,0.0
4279,01f31009879396921,True,,,,,,,,,,1.0,0.0,1.0,1.0,0.7007358438982022,1.0,1.0,1.0,0.0,0.0
4280,a436f596d2ea40baa,True,,,,,,,,,,1.0,1.0,0.0,0.0,1.0,1.0,0.0,1.0,1.0,0.0
4281,fafc51e87167a3031,True,,,,,,,,,,1.0,1.0,1.0,1.0,0.8531480867781572,1.0,1.0,1.0,1.0,0.9541087771181742
4282,2c5d88f56ea71888d,True,,,,,,,,,,0.0,0.0,1.0,1.0,0.4231729863145121,0.0,0.0,1.0,1.0,0.0
4283,daba931964ff703a5,True,,,,,,,,,,1.0,1.0,1.0,1.0,0.6391027865683695,1.0,1.0,1.0,1.0,0.8872196208026155
4284,178157ae0466a3851,True,,,,,,,,,,0.0,0.0,1.0,1.0,1.0,0.0,0.0,1.0,1.0,0.0
4285,4011046e283cb0a28,True,,,,,,,,,,1.0,1.0,1.0,1.0,0.7150997338716314,1.0,1.0,1.0,1.0,0.9109686668348849
4286,1f46bbf6d50d08d54,True,,,,,,,,,,1.0,1.0,0.5,1.0,1.0,1.0,0.0,1.0,1.0,0.4375
4287,273762480ecf0bcd6,True,,,,,,,,,,1.0,1.0,1.0,1.0,1.0,1.0,0.0,1.0,0.0,0.75
4288,8ae96b22321e730ee,True,,,,,,,,,,1.0,1.0,1.0,1.0,0.888523130980327,1.0,0.0,1.0,0.0,0.7151634784313522
4289,f0ec163fc911ff8bb,True,,,,,,,,,,1.0,1.0,1.0,1.0,1.0,1.0,1.0,1.0,0.0,0.875
4290,ffe8f133ba4da683b,True,,,,,,,,,,1.0,1.0,0.5,1.0,0.6829140041986962,1.0,1.0,0.0,0.0,0.32545531315604626
4291,17f3ba89b58f991f4,True,,,,,,,,,,1.0,1.0,1.0,1.0,0.7812435361185207,1.0,0.0,1.0,1.0,0.8066386050370378
4292,40f8e0ab453bddbb1,True,,,,,,,,,,1.0,1.0,0.5,1.0,0.4243496809840473,1.0,0.0,1.0,1.0,0.3475546376537574
4293,3fcd46f80ab00b6e6,True,,,,,,,,,,0.0,1.0,1.0,1.0,0.4562864611381646,0.0,1.0,1.0,1.0,0.0
4294,f5e271bc6f92b1f61,True,,,,,,,,,,1.0,1.0,1.0,1.0,1.0,1.0,0.0,1.0,1.0,0.875
4295,6d342e630c70431ff,True,,,,,,,,,,1.0,1.0,1.0,1.0,0.49653006312875086,1.0,1.0,1.0,1.0,0.8426656447277346
4296,68e2d10ecbeed8111,True,,,,,,,,,,1.0,1.0,0.5,1.0,1.0,1.0,1.0,1.0,1.0,0.5
4297,bc9c6d13fa066c8ed,True,,,,,,,,,,1.0,0.0,1.0,1.0,0.8620706435714797,1.0,1.0,1.0,1.0,0.0
4298,2c604a5718db55a9d,True,,,,,,,,,,1.0,0.0,1.0,1.0,0.4781607306091088,1.0,0.0,1.0,0.0,0.0
4299,c21a8802e9c30c4ba,True,,,,,,,,,,1.0,1.0,0.5,1.0,0.63104270053867,1.0,0.0,1.0,0.0,0.3173504219591672
4300,57eb7d1fb4d00dce9,True,,,,,,,,,,1.0,0.0,1.0,1.0,1.0,1.0,0.0,1.0,1.0,0.0
4301,441af8c8c4d582d12,True,,,,,,,,,,1.0,1.0,1.0,1.0,1.0,1.0,0.0,1.0,1.0,0.875
4302,7447fa48c5294d130,True,,,,,,,,,,1.0,0.0,1.0,1.0,1.0,1.0,0.0,1.0,1.0,0.0
4303,38243f89c66ef146f,True,,,,,,,,,,1.0,0.0,1.0,1.0,0.605089358420413,1.0,0.0,1.0,0.0,0.0
4304,a31ca4af2bc4ff90a,True,,,,,,,,,,0.0,1.0,1.0,1.0,1.0,0.0,0.0,1.0,0.0,0.0
4305,d80a5ecfeec414cd1,True,,,,,,,,,,1.0,1.0,1.0,1.0,0.7538162794562444,1.0,1.0,1.0,1.0,0.9230675873300764
4306,d617dbbef56f36875,True,,,,,,,,,,1.0,1.0,1.0,1.0,0.6958343580412224,1.0,0.0,1.0,1.0,0.7799482368878821
4307,a2b706d9e0ce2f53e,True,,,,,,,,,,1.0,0.0,1.0,1.0,1.0,1.0,0.0,1.0,1.0,0.0
4308,ed9b2e5da8e4697ad,True,,,,,,,,,,1.0,1.0,1.0,1.0,0.6958402148071707,1.0,0.0,1.0,0.0,0.6549500671272408
4309,5b2b7c5762e61f6b5,True,,,,,,,,,,0.0,1.0,1.0,1.0,1.0,0.0,1.0,1.0,1.0,0.0
4310,281e89e3d9a31b9b6,True,,,,,,,,,,1.0,0.0,1.0,1.0,0.8494279248974416,1.0,1.0,1.0,1.0,0.0
4311,a6158322c9262bd39,True,,,,,,,,,,1.0,1.0,0.0,1.0,1.0,1.0,1.0,0.0,0.0,0.0
4312,4d65febaea8d3fd84,True,,,,,,,,,,1.0,1.0,1.0,1.0,0.38156297214690205,1.0,0.0,1.0,1.0,0.681738428795907
4313,b06abb0b6477b1473,True,,,,,,,,,,1.0,0.0,1.0,1.0,1.0,1.0,1.0,1.0,1.0,0.0
4314,e2a9d0b71a44f5df6,True,,,,,,,,,,1.0,1.0,1.0,1.0,0.4070129238616537,1.0,0.0,1.0,0.0,0.5646915387067668
4315,5c1c76ff6dae6f388,True,,,,,,,,,,1.0,1.0,1.0,1.0,0.8150597283797144,1.0,0.0,1.0,1.0,0.8172061651186607
4316,891736e00076f8901,True,,,,,,,,,,0.5,0.0,1.0,1.0,0.4732061612559573,0.0,1.0,1.0,1.0,0.0
4317,92bc964803e65244e,True,,,,,,,,,,0.0,1.0,1.0,1.0,0.3694259580897675,0.0,1.0,1.0,1.0,0.0
4318,6adadb0caf086d050,True,,,,,,,,,,1.0,1.0,1.0,1.0,0.28238366711425184,1.0,1.0,1.0,0.0,0.6507448959732037
4319,6d4656583dbcb0d29,True,,,,,,,,,,1.0,1.0,1.0,1.0,0.3551371325812611,1.0,0.0,1.0,1.0,0.6734803539316441
4320,467d53c4d720db393,True,,,,,,,,,,0.0,0.0,0.5,1.0,1.0,0.0,0.0,1.0,0.0,0.0
4321,16b9d0efaf330fdcf,True,,,,,,,,,,1.0,1.0,0.5,1.0,0.7953384596329091,1.0,1.0,0.0,0.0,0.34302163431764204
4322,c02fa35875ea4e3e1,True,,,,,,,,,,1.0,1.0,1.0,1.0,0.4243408323581359,1.0,1.0,1.0,1.0,0.8201065101119175
4323,c303322f8c6fe45b9,True,,,,,,,,,,1.0,1.0,1.0,1.0,1.0,1.0,0.0,1.0,0.0,0.75
4324,c9a52fd56ee7c5ee5,True,,,,,,,,,,1.0,1.0,1.0,1.0,1.0,1.0,1.0,1.0,0.0,0.875
4325,bc4f98185e46d819e,True,,,,,,,,,,1.0,1.0,0.5,1.0,1.0,1.0,1.0,1.0,1.0,0.5
4326,610932681c4760e82,True,,,,,,,,,,1.0,0.0,1.0,1.0,0.6151266419921093,0.0,1.0,1.0,1.0,0.0
4327,8f8fa607cf20ce163,True,,,,,,,,,,1.0,1.0,1.0,1.0,0.7157662419997893,1.0,1.0,1.0,1.0,0.9111769506249342
4328,518126dc1af446798,True,,,,,,,,,,1.0,1.0,1.0,1.0,0.5401275181469534,1.0,0.0,1.0,1.0,0.7312898494209229
4329,f95cca8cfa91db038,True,,,,,,,,,,0.0,1.0,0.0,1.0,1.0,0.0,0.0,1.0,0.0,0.0
4330,29e70aa1afb308764,True,,,,,,,,,,0.0,1.0,1.0,1.0,1.0,0.0,1.0,1.0,1.0,0.0
4331,fbf6a32724a0d16f2,True,,,,,,,,,,1.0,1.0,1.0,1.0,1.0,1.0,0.0,1.0,1.0,0.875
4332,4250d2db3b613460c,True,,,,,,,,,,1.0,1.0,1.0,1.0,0.752176763832246,1.0,0.0,1.0,1.0,0.7975552386975768
4333,73e128068f712ead2,True,,,,,,,,,,0.0,0.0,1.0,1.0,1.0,0.0,0.0,1.0,1.0,0.0
4334,fe021b72b8b0cf19e,True,,,,,,,,,,1.0,1.0,1.0,1.0,1.0,1.0,1.0,1.0,1.0,1.0
4335,51cb45da3827bd0fb,True,,,,,,,,,,1.0,1.0,1.0,1.0,0.30959265715663076,1.0,1.0,1.0,1.0,0.7842477053614472
4336,5856d9f4b213e9865,True,,,,,,,,,,1.0,1.0,1.0,1.0,1.0,1.0,0.0,1.0,1.0,0.875
4337,68dc2b23bd498da89,True,,,,,,,,,,1.0,1.0,1.0,1.0,0.5804422265617867,1.0,1.0,1.0,1.0,0.8688881958005583
4338,c999a24e14bcd26f6,True,,,,,,,,,,1.0,0.0,1.0,1.0,0.740186102288976,1.0,1.0,1.0,0.0,0.0
4339,eafa5db95b382255d,True,,,,,,,,,,1.0,0.0,1.0,1.0,1.0,1.0,0.0,1.0,1.0,0.0
4340,5bd0e7981e5378287,True,,,,,,,,,,1.0,0.0,1.0,1.0,1.0,1.0,1.0,1.0,1.0,0.0
4341,3d20ef43bc694566a,True,,,,,,,,,,1.0,1.0,1.0,1.0,1.0,1.0,0.0,1.0,0.0,0.75
4342,9e1b38c16d0ece554,True,,,,,,,,,,1.0,1.0,1.0,1.0,0.596680932817133,1.0,1.0,1.0,1.0,0.873962791505354
4343,ae94ff2780b7d715c,True,,,,,,,,,,1.0,0.0,0.0,1.0,0.8044043660977839,1.0,0.0,1.0,0.0,0.0
4344,4ccd60de6eb6c50c6,True,,,,,,,,,,1.0,1.0,0.0,1.0,1.0,1.0,0.0,1.0,1.0,0.0
4345,1b09ba4c4fe0b53e9,True,,,,,,,,,,1.0,1.0,0.0,1.0,1.0,1.0,0.0,1.0,1.0,0.0
4346,e67970e73b3daa612,True,,,,,,,,,,1.0,1.0,1.0,1.0,0.8598473183152238,1.0,1.0,1.0,1.0,0.9562022869735074
4347,1be8c9376ad3e1e99,True,,,,,,,,,,1.0,0.0,1.0,1.0,1.0,1.0,0.0,1.0,1.0,0.0
4348,f476792b1bd197fca,True,,,,,,,,,,1.0,1.0,0.5,1.0,0.487515367812582,1.0,0.0,1.0,1.0,0.35742427622071593
4349,d7a37061fcfc5dfd1,True,,,,,,,,,,1.0,1.0,1.0,1.0,1.0,1.0,1.0,1.0,0.0,0.875
4350,294074b42621095d5,True,,,,,,,,,,1.0,1.0,1.0,1.0,0.936939142572314,1.0,0.0,1.0,0.0,0.7302934820538481
4351,b3d317372d76fa570,True,,,,,,,,,,1.0,1.0,1.0,1.0,0.0,1.0,0.0,1.0,1.0,0.5625
4352,7aa5cbd37497728d5,True,,,,,,,,,,1.0,1.0,1.0,1.0,0.8143545749093253,1.0,1.0,1.0,0.0,0.8169858046591641
4353,bffe666f9175e93c1,True,,,,,,,,,,1.0,1.0,0.5,1.0,0.7267413538310459,1.0,1.0,1.0,1.0,0.4573033365361009
4354,36c78e1f966d78d1b,True,,,,,,,,,,1.0,1.0,1.0,1.0,0.6154312789075932,1.0,1.0,1.0,1.0,0.8798222746586228
4355,299c68e344d04e536,True,,,,,,,,,,1.0,1.0,0.0,1.0,0.8334805997265806,1.0,0.0,1.0,0.0,0.0
4356,9bdc2e6f73aad36a5,True,,,,,,,,,,1.0,1.0,1.0,1.0,0.6364595380114179,1.0,1.0,1.0,1.0,0.8863936056285681
4357,fd168a37bcc4550df,True,,,,,,,,,,1.0,1.0,1.0,1.0,0.8885071113477654,1.0,0.0,1.0,1.0,0.8401584722961767
4358,843dea321ea12e93c,True,,,,,,,,,,1.0,1.0,1.0,1.0,0.6765880194910169,1.0,1.0,1.0,1.0,0.8989337560909427
4359,18a239284011dd8c3,True,,,,,,,,,,1.0,1.0,0.0,1.0,0.890315677352017,1.0,0.0,1.0,1.0,0.0
4360,5d7300eccaaae4563,True,,,,,,,,,,1.0,1.0,0.5,1.0,0.8656906258017611,1.0,0.0,1.0,1.0,0.4165141602815252
4361,808228d1cf4a9f699,True,,,,,,,,,,1.0,1.0,1.0,1.0,0.7442327823159974,1.0,1.0,1.0,1.0,0.9200727444737492
4362,d039fdc59dc6803bb,True,,,,,,,,,,1.0,0.0,1.0,1.0,0.4421677982470156,1.0,1.0,1.0,0.0,0.0
4363,bcb569c08d9409956,True,,,,,,,,,,1.0,0.0,0.5,1.0,1.0,1.0,0.0,1.0,0.0,0.0
4364,c70f1e01d8a8d58e0,True,,,,,,,,,,1.0,1.0,1.0,1.0,0.5158918786375349,1.0,1.0,1.0,1.0,0.8487162120742296
4365,915f97c98701afaae,True,,,,,,,,,,1.0,1.0,0.0,1.0,0.8395548462821882,1.0,0.0,1.0,1.0,0.0
4366,44200def81a985e9f,True,,,,,,,,,,0.0,1.0,1.0,1.0,1.0,0.0,0.0,1.0,1.0,0.0
4367,7ff35ca5444967bbf,True,,,,,,,,,,1.0,1.0,0.5,1.0,0.9504932926437057,1.0,0.0,1.0,0.0,0.367264576975579
4368,fa3650efa1fa9cb64,True,,,,,,,,,,1.0,1.0,1.0,1.0,1.0,1.0,0.0,1.0,1.0,0.875
4369,903d42d3fe50f5b3b,True,,,,,,,,,,1.0,1.0,1.0,1.0,0.672619089388926,1.0,1.0,1.0,1.0,0.8976934654340394
4370,00c800ba9acb02aa0,True,,,,,,,,,,1.0,1.0,1.0,1.0,0.7870854828923021,1.0,1.0,1.0,1.0,0.9334642134038444
4371,d0aa7f48f651d0e51,True,,,,,,,,,,1.0,0.0,0.5,1.0,1.0,1.0,1.0,1.0,0.0,0.0
4372,ae42ff25d7ab0442f,True,,,,,,,,,,1.0,0.0,1.0,1.0,0.5187807758785418,1.0,0.0,1.0,1.0,0.0
4373,1dc0a8f14dc973a72,True,,,,,,,,,,0.0,1.0,1.0,1.0,1.0,0.0,1.0,1.0,0.0,0.0
4374,70271e1e4a4efb5c5,True,,,,,,,,,,1.0,1.0,1.0,1.0,0.724349385140019,1.0,0.0,1.0,1.0,0.7888591828562559
4375,8bd9cc5482864e291,True,,,,,,,,,,1.0,0.0,0.0,1.0,1.0,1.0,0.0,1.0,1.0,0.0
4376,e1a05afadd29c9d52,True,,,,,,,,,,1.0,1.0,1.0,1.0,0.9987036143260166,1.0,0.0,1.0,1.0,0.8745948794768802
4377,80fbecd9f16630510,True,,,,,,,,,,1.0,1.0,1.0,1.0,1.0,1.0,1.0,1.0,0.0,0.875
4378,054ea5b13451c621b,True,,,,,,,,,,1.0,1.0,1.0,1.0,0.7952099061508164,1.0,1.0,1.0,1.0,0.9360030956721301
4379,40e5f23e7c1df8791,True,,,,,,,,,,1.0,1.0,0.5,1.0,0.714296420445237,1.0,1.0,1.0,0.0,0.39285881569456826
4380,816c667298ca2d859,True,,,,,,,,,,1.0,1.0,1.0,1.0,0.7226977570725405,1.0,0.0,1.0,1.0,0.7883430490851688
4381,2a756bf014216177b,True,,,,,,,,,,1.0,1.0,1.0,1.0,0.8779192192472529,1.0,0.0,1.0,0.0,0.7118497560147665
4382,064aaacc7d9acb094,True,,,,,,,,,,1.0,1.0,1.0,1.0,1.0,1.0,0.0,1.0,1.0,0.875
4383,0800b8cbfe2ebcaf3,True,,,,,,,,,,1.0,1.0,0.5,1.0,0.42778188192090305,1.0,0.0,1.0,1.0,0.3480909190501411
4384,4aa1d2e5835ad59ee,True,,,,,,,,,,1.0,1.0,1.0,1.0,0.7688292977989918,1.0,1.0,1.0,0.0,0.8027591555621849
4385,40fe52aee319a8b70,True,,,,,,,,,,1.0,1.0,1.0,1.0,0.2788289334674941,1.0,1.0,1.0,1.0,0.774634041708592
4386,5f2d4a6779083a87d,True,,,,,,,,,,1.0,1.0,1.0,1.0,0.6566868778596373,1.0,1.0,1.0,1.0,0.8927146493311366
4387,c03a37189cd1ca69a,True,,,,,,,,,,0.0,1.0,1.0,1.0,1.0,0.0,0.0,1.0,0.0,0.0
4388,68becb68da6734f1a,True,,,,,,,,,,1.0,1.0,1.0,1.0,0.7820173299699572,1.0,0.0,1.0,1.0,0.8068804156156116
4389,e69df86c33d5e5522,True,,,,,,,,,,1.0,0.0,1.0,1.0,0.6105677005179468,1.0,0.0,1.0,1.0,0.0
4390,1b4910e763891cfbd,True,,,,,,,,,,1.0,0.0,0.5,1.0,1.0,1.0,0.0,1.0,0.0,0.0
4391,2a1e301e08b641e81,True,,,,,,,,,,1.0,0.0,0.0,1.0,1.0,1.0,0.0,1.0,1.0,0.0
4392,c35b2274d82ebf3a1,True,,,,,,,,,,1.0,0.0,1.0,1.0,0.9334328799022437,1.0,1.0,1.0,1.0,0.0
4393,64680c5b6bd6a89e4,True,,,,,,,,,,1.0,0.0,0.5,1.0,0.6122180821852591,1.0,0.0,1.0,1.0,0.0
4394,69c099199ed066a94,True,,,,,,,,,,1.0,1.0,1.0,1.0,0.7874726701623673,1.0,0.0,1.0,1.0,0.8085852094257397
4395,377968d648e50daf0,True,,,,,,,,,,0.0,1.0,1.0,0.0,1.0,0.0,0.0,1.0,0.0,0.0
4396,a5929390d283fddb9,True,,,,,,,,,,1.0,1.0,1.0,1.0,1.0,1.0,0.0,1.0,1.0,0.875
4397,85cab6604a5a39b78,True,,,,,,,,,,0.0,1.0,0.0,1.0,1.0,0.0,0.0,1.0,0.0,0.0
4398,58ab5764f037eca22,True,,,,,,,,,,1.0,0.0,1.0,1.0,0.32619150601461244,1.0,0.0,1.0,1.0,0.0
4399,8dfa62e95dcb416e8,True,,,,,,,,,,1.0,1.0,1.0,1.0,0.7362982195379337,1.0,0.0,1.0,1.0,0.7925931936056043
4400,1464f6e11d5c8c6d9,True,,,,,,,,,,1.0,1.0,1.0,1.0,0.7682267861630239,1.0,1.0,1.0,1.0,0.9275708706759449
4401,66c0ac7e945e90197,True,,,,,,,,,,1.0,1.0,1.0,1.0,0.30424324615280124,1.0,0.0,1.0,1.0,0.6575760144227504
4402,b2bf35ee955a9d497,True,,,,,,,,,,1.0,0.0,1.0,1.0,0.8507076776692722,1.0,1.0,1.0,1.0,0.0
4403,580ccf6399ed92f1c,True,,,,,,,,,,1.0,1.0,1.0,1.0,1.0,1.0,0.0,1.0,1.0,0.875
4404,430915b356a81da1d,True,,,,,,,,,,1.0,1.0,1.0,1.0,1.0,1.0,1.0,1.0,0.0,0.875
4405,8c353bfb7146d30cd,True,,,,,,,,,,1.0,1.0,1.0,1.0,0.8991699053112968,1.0,1.0,1.0,1.0,0.9684905954097802
4406,a567fa13fe7716b55,True,,,,,,,,,,1.0,1.0,1.0,1.0,1.0,1.0,0.0,1.0,1.0,0.875
4407,a8df9dde6ff732727,True,,,,,,,,,,1.0,1.0,1.0,1.0,1.0,1.0,0.0,1.0,1.0,0.875
4408,b04402bb6e662613d,True,,,,,,,,,,1.0,1.0,1.0,1.0,1.0,1.0,1.0,1.0,0.0,0.875
4409,1cee104dd05ce3a78,True,,,,,,,,,,1.0,0.0,1.0,1.0,1.0,1.0,1.0,1.0,0.0,0.0
4410,063ea0d49748630a5,True,,,,,,,,,,1.0,1.0,1.0,1.0,0.4522472371804826,1.0,1.0,1.0,1.0,0.8288272616189007
4411,85c1d52fe9fa2e443,True,,,,,,,,,,1.0,1.0,1.0,1.0,0.7853236995150279,1.0,0.0,1.0,1.0,0.8079136560984462
4412,3410786351a3e24b2,True,,,,,,,,,,1.0,1.0,1.0,1.0,0.854318135720766,1.0,0.0,1.0,0.0,0.7044744174127393
4413,94d9715aabd9df7cd,True,,,,,,,,,,1.0,1.0,1.0,1.0,1.0,1.0,1.0,1.0,1.0,1.0
4414,03765fd57aa87ab53,True,,,,,,,,,,1.0,1.0,1.0,1.0,0.3279596062960821,1.0,1.0,1.0,1.0,0.7899873769675256
4415,3c5f94f941b068a40,True,,,,,,,,,,0.0,1.0,1.0,1.0,1.0,0.0,1.0,1.0,0.0,0.0
4416,898965de3a97c47dc,True,,,,,,,,,,0.0,1.0,1.0,1.0,1.0,0.0,0.0,1.0,0.0,0.0
4417,6561872854225db74,True,,,,,,,,,,1.0,0.0,1.0,1.0,0.8043889232823207,1.0,1.0,1.0,0.0,0.0
4418,108deb7af61e697bb,True,,,,,,,,,,1.0,0.0,1.0,1.0,1.0,1.0,1.0,1.0,0.0,0.0
4419,21ef36d866be6b411,True,,,,,,,,,,1.0,1.0,1.0,1.0,1.0,1.0,0.0,1.0,1.0,0.875
4420,dbc538d7bed435cad,True,,,,,,,,,,1.0,1.0,1.0,1.0,1.0,1.0,1.0,1.0,1.0,1.0
4421,f38039c54ad8d65a3,True,,,,,,,,,,1.0,1.0,0.5,1.0,0.787361288204924,1.0,0.0,1.0,1.0,0.4042752012820194
4422,7e80b831e8ff5883f,True,,,,,,,,,,1.0,0.0,0.0,1.0,1.0,1.0,0.0,1.0,1.0,0.0
4423,6d53c1572e4753c0c,True,,,,,,,,,,0.0,1.0,1.0,1.0,1.0,0.0,1.0,1.0,1.0,0.0
4424,49d2336208d2cac37,True,,,,,,,,,,1.0,0.0,0.0,1.0,0.9189063516719362,1.0,0.0,1.0,1.0,0.0
4425,2676c3c7286b4756a,True,,,,,,,,,,1.0,0.0,1.0,1.0,0.4969951617234735,1.0,1.0,1.0,1.0,0.0
4426,a5a4330ec613db5a3,True,,,,,,,,,,0.0,1.0,1.0,1.0,1.0,0.0,1.0,0.0,0.0,0.0
4427,7559939decc250054,True,,,,,,,,,,1.0,1.0,1.0,1.0,0.758203304424325,1.0,1.0,1.0,0.0,0.7994385326326016
4428,bc79ecb5bdc5ca4f3,True,,,,,,,,,,1.0,1.0,1.0,1.0,0.6143346381568624,1.0,0.0,1.0,1.0,0.7544795744240195
4429,4c8f99b2e4efaa034,True,,,,,,,,,,1.0,1.0,1.0,1.0,0.6123390743045172,1.0,0.0,1.0,1.0,0.7538559607201616
4430,4c03648ccf3301fe7,True,,,,,,,,,,0.0,0.0,1.0,1.0,1.0,0.0,0.0,1.0,1.0,0.0
4431,3df43c406e596ada4,True,,,,,,,,,,1.0,1.0,1.0,1.0,0.6729001258938238,1.0,1.0,1.0,0.0,0.7727812893418199
4432,38cc35d94ab3f203c,True,,,,,,,,,,1.0,1.0,0.5,1.0,0.6058709764692874,1.0,0.0,1.0,1.0,0.37591734007332617
4433,5c7504aeee1fc6587,True,,,,,,,,,,0.0,0.0,1.0,1.0,1.0,0.0,1.0,1.0,0.0,0.0
4434,ebfcdb01551105c49,True,,,,,,,,,,0.0,1.0,1.0,0.0,1.0,0.0,1.0,1.0,1.0,0.0
4435,0908976a3d8f0a196,True,,,,,,,,,,1.0,1.0,1.0,1.0,0.8093951621739459,1.0,1.0,1.0,1.0,0.940435988179358
4436,f1abd83315867c099,True,,,,,,,,,,1.0,1.0,1.0,1.0,0.9237753012060753,1.0,1.0,1.0,1.0,0.9761797816268986
4437,41dae4808025d25f5,True,,,,,,,,,,1.0,1.0,1.0,1.0,0.8266449558396094,1.0,0.0,1.0,0.0,0.6958265486998779
4438,2f841ea41e11faf68,True,,,,,,,,,,1.0,1.0,0.0,1.0,0.8034524042101328,1.0,0.0,1.0,1.0,0.0
4439,5f53c45bd71589e3f,True,,,,,,,,,,1.0,1.0,1.0,1.0,0.9519617356430102,1.0,1.0,1.0,0.0,0.8599880423884407
4440,e774d1b87b07638c4,True,,,,,,,,,,1.0,1.0,1.0,1.0,1.0,0.0,1.0,1.0,0.0,0.5625
4441,76d9e9afdcf9204ad,True,,,,,,,,,,1.0,0.0,0.5,1.0,1.0,1.0,1.0,1.0,0.0,0.0
4442,57b584425e87975ce,True,,,,,,,,,,1.0,0.0,0.5,1.0,1.0,1.0,0.0,1.0,1.0,0.0
4443,d48e40aefebe5e31f,True,,,,,,,,,,1.0,0.0,0.0,1.0,1.0,1.0,1.0,1.0,0.0,0.0
4444,10da8689597a01351,True,,,,,,,,,,1.0,1.0,1.0,1.0,0.5683233178404786,1.0,1.0,1.0,1.0,0.8651010368251496
4445,ae6ddb39ee6d093e7,True,,,,,,,,,,0.0,1.0,1.0,1.0,1.0,0.0,1.0,1.0,1.0,0.0
4446,256b8c1f799d1f6a1,True,,,,,,,,,,1.0,1.0,1.0,1.0,0.6527190889861803,1.0,0.0,1.0,1.0,0.7664747153081813
4447,767cefbd4e52c83e0,True,,,,,,,,,,1.0,1.0,1.0,1.0,1.0,1.0,0.0,1.0,1.0,0.875
4448,b7e1048a59015eb95,True,,,,,,,,,,1.0,0.0,1.0,1.0,1.0,1.0,1.0,1.0,0.0,0.0
4449,cf6ea1483f38bad12,True,,,,,,,,,,0.0,1.0,1.0,1.0,0.47844855928442737,0.0,0.0,1.0,1.0,0.0
4450,8cc9b24e2d92d273a,True,,,,,,,,,,1.0,1.0,1.0,1.0,0.7337291140213464,1.0,0.0,1.0,0.0,0.6667903481316708
4451,9a1d8c48d604f6c79,True,,,,,,,,,,1.0,1.0,1.0,1.0,0.711779540585441,1.0,1.0,1.0,1.0,0.9099311064329503
4452,7a12897acffda91d2,True,,,,,,,,,,1.0,1.0,0.5,1.0,0.7929410394617575,1.0,0.0,1.0,1.0,0.40514703741589964
4453,0bb05e9c2e6296330,True,,,,,,,,,,1.0,1.0,1.0,1.0,0.8762385682659681,1.0,1.0,1.0,1.0,0.9613245525831151
4454,fcc569fe0c7aef6a1,True,,,,,,,,,,1.0,0.0,1.0,1.0,1.0,1.0,0.0,1.0,0.0,0.0
4455,73ebc06c5abeb011a,True,,,,,,,,,,1.0,1.0,1.0,1.0,0.895202043065241,1.0,0.0,0.0,1.0,0.7172506384578878
4456,8499ef24e45dc8fa6,True,,,,,,,,,,1.0,1.0,0.0,1.0,1.0,1.0,0.0,1.0,1.0,0.0
4457,6c0f20461b27e36fb,True,,,,,,,,,,1.0,1.0,0.5,1.0,0.6372573526132608,1.0,0.0,1.0,0.0,0.318321461345822
4458,523e6115068b06a33,True,,,,,,,,,,1.0,1.0,1.0,1.0,1.0,1.0,1.0,0.0,0.0,0.75
4459,39db66b6b4731fede,True,,,,,,,,,,1.0,1.0,0.5,1.0,1.0,1.0,1.0,1.0,0.0,0.4375
4460,d3163ef07eaf8014c,True,,,,,,,,,,1.0,1.0,1.0,1.0,0.7224234524903402,1.0,1.0,1.0,1.0,0.9132573289032313
4461,d362ccbdddf4e0d3f,True,,,,,,,,,,1.0,0.0,1.0,1.0,1.0,1.0,0.0,1.0,1.0,0.0
4462,1b62d4e2468940ddb,True,,,,,,,,,,0.0,1.0,0.5,1.0,1.0,0.0,0.0,1.0,1.0,0.0
4463,e14d602917d1d211f,True,,,,,,,,,,1.0,1.0,1.0,1.0,0.8010129978594911,1.0,1.0,1.0,1.0,0.937816561831091
4464,e472efc62c061addf,True,,,,,,,,,,1.0,0.0,1.0,1.0,0.29128567631541197,1.0,1.0,1.0,0.0,0.0
4465,0947aa4445fd336d1,True,,,,,,,,,,0.0,1.0,1.0,1.0,1.0,0.0,1.0,1.0,1.0,0.0
4466,152d0a2d7a121ac40,True,,,,,,,,,,1.0,1.0,1.0,1.0,0.9201890497594393,1.0,1.0,1.0,1.0,0.9750590780498247
4467,58a779e8d452e3877,True,,,,,,,,,,1.0,1.0,1.0,1.0,0.8894577033168247,1.0,1.0,1.0,0.0,0.8404555322865077
4468,102aa278a654e934e,True,,,,,,,,,,1.0,1.0,1.0,1.0,0.8590032315273177,1.0,1.0,1.0,0.0,0.8309385098522868
4469,f507ae7c610fe346a,True,,,,,,,,,,1.0,0.0,1.0,0.0,1.0,1.0,1.0,1.0,1.0,0.0
4470,0cb7cbb38d279ba88,True,,,,,,,,,,1.0,1.0,0.5,1.0,0.8316304105197735,1.0,0.0,1.0,1.0,0.41119225164371465
4471,3843fa52f9eff158e,True,,,,,,,,,,0.5,0.0,0.0,1.0,1.0,0.0,1.0,1.0,0.0,0.0
4472,d50743776b4ebf7b3,True,,,,,,,,,,1.0,1.0,0.5,1.0,0.8247063082945032,1.0,0.0,1.0,0.0,0.34761036067101614
4473,fddbcf39a369cf1df,True,,,,,,,,,,1.0,0.0,0.5,1.0,1.0,1.0,0.0,1.0,0.0,0.0
4474,4533792bbf9b2478b,True,,,,,,,,,,1.0,1.0,1.0,1.0,0.6164249507189002,1.0,1.0,1.0,1.0,0.8801327970996563
4475,ea89785b6636000f5,True,,,,,,,,,,1.0,0.0,1.0,1.0,0.8735971835552713,1.0,1.0,1.0,0.0,0.0
4476,500c799cf6e33c39e,True,,,,,,,,,,1.0,1.0,1.0,1.0,0.8935055829358179,1.0,1.0,1.0,1.0,0.966720494667443
4477,19c10d5d061305dbd,True,,,,,,,,,,1.0,1.0,0.5,1.0,0.6196231765038633,1.0,0.0,1.0,1.0,0.37806612132872863
4478,779362891364950a1,True,,,,,,,,,,1.0,1.0,1.0,1.0,0.7613651704845614,1.0,1.0,1.0,1.0,0.9254266157764255
4479,4b4fe8d10a7defecd,True,,,,,,,,,,1.0,1.0,1.0,1.0,1.0,1.0,1.0,1.0,0.0,0.875
4480,444902bbbb7e82af9,True,,,,,,,,,,1.0,1.0,1.0,1.0,0.8037404694837543,1.0,1.0,1.0,1.0,0.9386688967136732
4481,07bad7098a8e98783,True,,,,,,,,,,0.0,1.0,1.0,1.0,1.0,0.0,1.0,1.0,1.0,0.0
4482,7e160b5ef1f82a420,True,,,,,,,,,,1.0,1.0,1.0,1.0,1.0,1.0,1.0,1.0,0.0,0.875
4483,fc4d5a62c921f8392,True,,,,,,,,,,1.0,0.0,0.5,1.0,0.41104331764736735,1.0,1.0,1.0,1.0,0.0
4484,b93890b60ea010aaa,True,,,,,,,,,,1.0,1.0,1.0,1.0,1.0,1.0,1.0,1.0,0.0,0.875
4485,945b57db140235d1c,True,,,,,,,,,,1.0,0.0,1.0,1.0,1.0,1.0,0.0,1.0,1.0,0.0
4486,808e6b707f608e2a9,True,,,,,,,,,,0.0,0.0,0.0,1.0,1.0,0.0,0.0,1.0,1.0,0.0
4487,72637a23d58025fde,True,,,,,,,,,,0.0,0.0,1.0,1.0,1.0,0.0,0.0,1.0,1.0,0.0
4488,d84d05e0468db43cc,True,,,,,,,,,,1.0,1.0,0.0,1.0,1.0,1.0,0.0,1.0,1.0,0.0
4489,ac3a27db9ffc981a6,True,,,,,,,,,,1.0,1.0,1.0,1.0,0.7002501607778752,1.0,0.0,1.0,1.0,0.781328175243086
4490,7d348078ef5cd9345,True,,,,,,,,,,1.0,1.0,1.0,1.0,0.558017884277074,1.0,1.0,1.0,1.0,0.8618805888365857
4491,948ee6f4ce68f4290,True,,,,,,,,,,1.0,1.0,1.0,1.0,0.6413656502954006,1.0,1.0,1.0,0.0,0.7629267657173127
4492,2407bd58b67ea70b2,True,,,,,,,,,,1.0,1.0,1.0,1.0,0.9300921266391033,1.0,0.0,1.0,1.0,0.8531537895747198
4493,35f03ec2d26d4c3df,True,,,,,,,,,,0.0,0.0,0.0,1.0,1.0,0.0,0.0,1.0,1.0,0.0
4494,97a528bb2a0be2c1c,True,,,,,,,,,,1.0,1.0,0.5,1.0,0.8559046928768856,1.0,0.0,1.0,1.0,0.4149851082620134
4495,bd2a4f1bdd5605e62,True,,,,,,,,,,1.0,1.0,1.0,1.0,0.8318569366087047,1.0,0.0,1.0,1.0,0.8224552926902202
4496,c0ec09e19eaff83c9,True,,,,,,,,,,1.0,1.0,1.0,1.0,1.0,1.0,0.0,1.0,1.0,0.875
4497,9cb5545908502a26c,True,,,,,,,,,,1.0,1.0,1.0,1.0,0.48306345073291723,1.0,1.0,1.0,0.0,0.7134573283540366
4498,7eaedaf0e0d844712,True,,,,,,,,,,1.0,1.0,1.0,1.0,0.6337838739869965,1.0,1.0,1.0,1.0,0.8855574606209364
4499,c186ed61c25fb9316,True,,,,,,,,,,1.0,1.0,0.5,1.0,0.9837572752530965,1.0,1.0,1.0,1.0,0.49746207425829636
4500,ccb5c099cfbfadf38,True,,,,,,,,,,1.0,0.0,1.0,1.0,1.0,1.0,1.0,1.0,0.0,0.0
4501,b494d2dc15c7b315f,True,,,,,,,,,,1.0,1.0,1.0,1.0,0.9925368821060112,1.0,0.0,1.0,1.0,0.8726677756581285
4502,969a72274e20ef86e,True,,,,,,,,,,1.0,1.0,1.0,1.0,0.40848809136051817,1.0,1.0,1.0,1.0,0.815152528550162
4503,bfba18000f192b90d,True,,,,,,,,,,1.0,1.0,1.0,1.0,0.783474136781432,1.0,1.0,1.0,0.0,0.8073356677441975
4504,b6030dfa5349bcc9b,True,,,,,,,,,,1.0,1.0,1.0,1.0,1.0,1.0,1.0,1.0,0.0,0.875
4505,eb46263a3a324c2e0,True,,,,,,,,,,1.0,1.0,1.0,1.0,0.8434941986652111,1.0,0.0,1.0,0.0,0.7010919370828785
4506,40e319c83aab2731d,True,,,,,,,,,,1.0,1.0,1.0,1.0,1.0,1.0,0.0,1.0,1.0,0.875
4507,8b4f3b5980bf21a3b,True,,,,,,,,,,1.0,1.0,1.0,1.0,0.7258728053359413,1.0,1.0,1.0,1.0,0.9143352516674816
4508,8fc9c5ae5ccfdda02,True,,,,,,,,,,1.0,1.0,1.0,1.0,0.42805853859824117,1.0,1.0,1.0,1.0,0.8212682933119504
4509,8db77c0cfd06714d8,True,,,,,,,,,,1.0,0.0,1.0,1.0,1.0,1.0,1.0,1.0,1.0,0.0
4510,bf77adfc09f7cebc5,True,,,,,,,,,,1.0,1.0,1.0,1.0,0.9904385962142231,1.0,1.0,1.0,1.0,0.9970120613169448
4511,5b31db57958441e62,True,,,,,,,,,,1.0,1.0,1.0,1.0,0.4949363860229683,1.0,1.0,1.0,0.0,0.7171676206321775
4512,370df15505429bd41,True,,,,,,,,,,1.0,1.0,1.0,1.0,0.6114339598984619,1.0,1.0,1.0,0.0,0.7535731124682694
4513,71ad6b3fd5d476975,True,,,,,,,,,,1.0,0.0,1.0,1.0,1.0,1.0,0.0,1.0,1.0,0.0
4514,1562459800e0a5ba5,True,,,,,,,,,,1.0,1.0,1.0,1.0,0.6961467485499422,1.0,1.0,1.0,0.0,0.780045858921857
4515,dfa834bc1ba00afb5,True,,,,,,,,,,0.0,1.0,1.0,1.0,1.0,0.0,1.0,1.0,1.0,0.0
4516,ed00ab86d2c2f5767,True,,,,,,,,,,1.0,1.0,1.0,1.0,0.31724498538622165,1.0,0.0,1.0,1.0,0.6616390579331943
4517,aa52fd60e4fa0f00c,True,,,,,,,,,,1.0,1.0,1.0,1.0,0.8636803504439521,1.0,1.0,1.0,1.0,0.957400109513735
4518,f9533c6195790b299,True,,,,,,,,,,0.0,0.0,1.0,1.0,1.0,0.0,0.0,1.0,1.0,0.0
4519,145a730c9e1e596f5,True,,,,,,,,,,1.0,0.0,1.0,1.0,1.0,1.0,1.0,1.0,1.0,0.0
4520,7964eadbdbfc7f2a6,True,,,,,,,,,,1.0,1.0,1.0,1.0,0.16742666678095183,1.0,0.0,1.0,0.0,0.48982083336904747
4521,80de7b5aab26bbca8,True,,,,,,,,,,0.0,1.0,1.0,1.0,1.0,0.0,1.0,1.0,1.0,0.0
4522,987cd2bac2de5285e,True,,,,,,,,,,1.0,1.0,1.0,1.0,0.4103116590775473,1.0,1.0,1.0,0.0,0.6907223934617335
4523,b4bb23be8c8b3c00e,True,,,,,,,,,,1.0,1.0,1.0,1.0,0.7117015942503705,1.0,0.0,1.0,1.0,0.7849067482032408
4524,29ac6cd782f3052a8,True,,,,,,,,,,1.0,1.0,0.0,1.0,1.0,1.0,1.0,1.0,1.0,0.0
4525,1e76d24e6c9b36a12,True,,,,,,,,,,1.0,1.0,1.0,1.0,0.9066429829069714,1.0,1.0,1.0,1.0,0.9708259321584285
4526,6a7d426363539d6d7,True,,,,,,,,,,0.0,1.0,1.0,1.0,1.0,0.0,0.0,0.0,0.0,0.0
4527,5037003d98e7c77a2,True,,,,,,,,,,1.0,0.0,0.0,1.0,1.0,1.0,0.0,1.0,1.0,0.0
4528,2f704570e75d053c7,True,,,,,,,,,,0.0,1.0,1.0,1.0,0.730909118523597,0.0,1.0,1.0,0.0,0.0
4529,59837e4159b9ac2a4,True,,,,,,,,,,1.0,1.0,1.0,1.0,0.6659822992925181,1.0,0.0,1.0,1.0,0.7706194685289118
4530,8e2e4ad26edbb4e08,True,,,,,,,,,,1.0,0.0,1.0,1.0,0.5049752658142883,1.0,1.0,1.0,1.0,0.0
4531,6de62a830b05d683f,True,,,,,,,,,,1.0,0.0,1.0,1.0,1.0,1.0,0.0,1.0,1.0,0.0
4532,77bdbbf59381ce4d3,True,,,,,,,,,,1.0,1.0,1.0,1.0,0.26401865324273,1.0,0.0,1.0,0.0,0.5200058291383531
4533,32f66fdb48e988c92,True,,,,,,,,,,1.0,1.0,1.0,1.0,1.0,1.0,0.0,1.0,0.0,0.75
4534,65a9d726b130c91f5,True,,,,,,,,,,1.0,1.0,1.0,1.0,0.6364147912717883,1.0,0.0,1.0,0.0,0.6363796222724338
4535,6d3e5e6a1c2f52b9a,True,,,,,,,,,,1.0,1.0,1.0,1.0,1.0,1.0,1.0,1.0,1.0,1.0
4536,9751b7e09b5514dd3,True,,,,,,,,,,0.0,1.0,1.0,1.0,1.0,0.0,1.0,1.0,1.0,0.0
4537,2f7d514e5c41a23d7,True,,,,,,,,,,1.0,0.0,0.0,1.0,1.0,1.0,0.0,1.0,1.0,0.0
4538,717d5edb3fb1f4726,True,,,,,,,,,,1.0,1.0,1.0,1.0,0.3525488615167892,1.0,0.0,1.0,0.0,0.5476715192239966
4539,fec17ad0f4921b486,True,,,,,,,,,,1.0,1.0,1.0,1.0,0.7606116895757509,1.0,1.0,1.0,0.0,0.8001911529924222
4540,c19d3aa3c7a6557a9,True,,,,,,,,,,1.0,1.0,1.0,1.0,0.5011863602714854,1.0,1.0,1.0,1.0,0.8441207375848392
4541,d4866f416d8d48597,True,,,,,,,,,,1.0,0.0,1.0,1.0,1.0,1.0,1.0,1.0,1.0,0.0
4542,89d2e289ba7d3fd79,True,,,,,,,,,,1.0,1.0,0.0,1.0,1.0,1.0,0.0,1.0,1.0,0.0
4543,c0ff231e77243d969,True,,,,,,,,,,0.0,0.0,0.0,1.0,1.0,0.0,0.0,1.0,1.0,0.0
4544,d9bbca7a0907304f1,True,,,,,,,,,,1.0,1.0,1.0,1.0,0.531741849893042,1.0,0.0,1.0,0.0,0.6036693280915756
4545,1d52003f3b3835dcd,True,,,,,,,,,,1.0,1.0,0.5,1.0,1.0,1.0,0.0,1.0,0.0,0.375
4546,5fb47f166e5559387,True,,,,,,,,,,1.0,1.0,1.0,1.0,1.0,1.0,0.0,1.0,0.0,0.75
4547,a34ac70446a543335,True,,,,,,,,,,1.0,1.0,1.0,1.0,1.0,1.0,1.0,1.0,0.0,0.875
4548,67ceda29f620bb598,True,,,,,,,,,,1.0,1.0,1.0,1.0,1.0,1.0,1.0,1.0,0.0,0.875
4549,c6d10cce20bba3c8f,True,,,,,,,,,,1.0,1.0,1.0,1.0,0.6798738210784406,1.0,1.0,1.0,1.0,0.8999605690870127
4550,2931dbf8882478baa,True,,,,,,,,,,1.0,0.0,1.0,1.0,1.0,1.0,0.0,1.0,1.0,0.0
4551,90c40a195012fa8ec,True,,,,,,,,,,1.0,0.0,0.5,1.0,1.0,1.0,0.0,1.0,1.0,0.0
4552,5d7c10a16ad487174,True,,,,,,,,,,1.0,0.0,1.0,1.0,1.0,1.0,0.0,1.0,1.0,0.0
4553,1879a7c4a97f64bf9,True,,,,,,,,,,1.0,1.0,1.0,1.0,0.9148611617648209,1.0,0.0,1.0,1.0,0.8483941130515065
4554,610fbfffa032daacc,True,,,,,,,,,,1.0,0.0,1.0,1.0,1.0,1.0,0.0,1.0,1.0,0.0
4555,d394c98f566e20aab,True,,,,,,,,,,1.0,1.0,1.0,1.0,1.0,1.0,0.0,1.0,1.0,0.875
4556,3921f85c4ba81b39b,True,,,,,,,,,,1.0,1.0,1.0,1.0,0.8067053135765988,1.0,1.0,1.0,0.0,0.8145954104926871
4557,530edf0e35aa025b6,True,,,,,,,,,,0.0,1.0,1.0,1.0,1.0,0.0,1.0,1.0,1.0,0.0
4558,2f1ef51a33585046a,True,,,,,,,,,,1.0,1.0,1.0,1.0,1.0,1.0,0.0,1.0,1.0,0.875
4559,b6eff4db462e0b665,True,,,,,,,,,,1.0,1.0,1.0,1.0,1.0,1.0,1.0,1.0,1.0,1.0
4560,511d6caf7ec40eb09,True,,,,,,,,,,0.0,1.0,0.0,1.0,1.0,0.0,0.0,1.0,1.0,0.0
4561,6e6061d855992b2c3,True,,,,,,,,,,1.0,1.0,1.0,1.0,0.48803301233567625,1.0,1.0,1.0,0.0,0.7150103163548989
4562,d3a6f863fceaf4d0e,True,,,,,,,,,,1.0,1.0,1.0,1.0,0.272193519429967,0.0,1.0,1.0,1.0,0.4600604748218647
4563,190768b2e92e01b36,True,,,,,,,,,,1.0,1.0,0.0,1.0,0.9683862073047692,1.0,0.0,1.0,0.0,0.0
4564,73db1be2e0c010ac5,True,,,,,,,,,,1.0,1.0,1.0,1.0,1.0,1.0,1.0,1.0,1.0,1.0
4565,ad104e5c73f603ad8,True,,,,,,,,,,1.0,1.0,1.0,1.0,0.6047127273453294,1.0,1.0,1.0,1.0,0.8764727272954155
4566,ef4057d8e3d8a089e,True,,,,,,,,,,1.0,1.0,0.0,1.0,1.0,1.0,0.0,1.0,1.0,0.0
4567,6fb2b8cc6f313cf96,True,,,,,,,,,,1.0,1.0,1.0,1.0,0.4604076972652484,1.0,1.0,0.0,1.0,0.7063774053953902
4568,4f4036e82ca553ab5,True,,,,,,,,,,1.0,1.0,1.0,1.0,0.6492020161253154,1.0,1.0,1.0,1.0,0.890375630039161
4569,3e6a2a1cb427bfc4d,True,,,,,,,,,,1.0,1.0,0.5,1.0,1.0,1.0,0.0,1.0,1.0,0.4375
4570,493f74af0100c9223,True,,,,,,,,,,0.5,0.0,1.0,1.0,1.0,0.0,0.0,1.0,1.0,0.0
4571,1048c5ca4a09af32d,True,,,,,,,,,,1.0,1.0,1.0,1.0,1.0,1.0,0.0,1.0,1.0,0.875
4572,531e4c58eeca959a5,True,,,,,,,,,,1.0,1.0,1.0,1.0,0.31039978308595073,1.0,1.0,1.0,0.0,0.6594999322143595
4573,a36a2aecb6e0cc295,True,,,,,,,,,,1.0,1.0,1.0,1.0,0.9729625609250605,1.0,0.0,1.0,1.0,0.8665508002890814
4574,f38027c813030f619,True,,,,,,,,,,1.0,0.0,1.0,1.0,1.0,1.0,1.0,1.0,0.0,0.0
4575,e9b4dc8775d9b86e1,True,,,,,,,,,,1.0,0.0,1.0,1.0,0.9731510822547161,1.0,0.0,1.0,1.0,0.0
4576,8f3bf4b1cb4be05f8,True,,,,,,,,,,0.0,1.0,0.0,1.0,1.0,0.0,0.0,1.0,1.0,0.0
4577,96cf7424a206ab31f,True,,,,,,,,,,0.0,1.0,1.0,1.0,0.9912278033648825,0.0,1.0,1.0,1.0,0.0
4578,bc8f20a64d1f52826,True,,,,,,,,,,1.0,1.0,1.0,1.0,0.5891803251095454,1.0,1.0,1.0,1.0,0.8716188515967329
4579,d50691398e89c58dd,True,,,,,,,,,,1.0,1.0,0.5,1.0,0.703026894698621,1.0,0.0,1.0,1.0,0.39109795229665956
4580,12eccd64a8e27f82f,True,,,,,,,,,,1.0,0.0,0.0,1.0,1.0,1.0,0.0,1.0,1.0,0.0
4581,b5be28ec54c28eea8,True,,,,,,,,,,1.0,1.0,0.0,1.0,1.0,1.0,0.0,1.0,0.0,0.0
4582,6697b38b1d73777b9,True,,,,,,,,,,1.0,1.0,1.0,1.0,0.9700087654463908,1.0,1.0,1.0,0.0,0.8656277392019971
4583,3d0fbd6a6fbde5f86,True,,,,,,,,,,1.0,0.0,1.0,1.0,1.0,1.0,1.0,1.0,1.0,0.0
4584,581c763cd78c9643e,True,,,,,,,,,,1.0,0.0,1.0,1.0,1.0,1.0,1.0,1.0,1.0,0.0
4585,bb515ff29da41dc33,True,,,,,,,,,,0.0,1.0,1.0,1.0,1.0,0.0,0.0,1.0,1.0,0.0
4586,bccd8c64fe9f7bd3b,True,,,,,,,,,,1.0,1.0,1.0,0.0,1.0,1.0,1.0,1.0,0.0,0.0
4587,c0e8d70495bec7921,True,,,,,,,,,,1.0,0.0,1.0,1.0,1.0,0.0,0.0,1.0,1.0,0.0
4588,13d12623bf8ef0e4f,True,,,,,,,,,,0.0,1.0,0.0,1.0,0.9159877362481285,0.0,0.0,1.0,1.0,0.0
4589,d38a1a28476d4851e,True,,,,,,,,,,1.0,1.0,1.0,1.0,1.0,0.0,1.0,1.0,0.0,0.5625
4590,db59121d7d601b04b,True,,,,,,,,,,0.0,1.0,1.0,1.0,1.0,0.0,1.0,1.0,1.0,0.0
4591,b01708b022b85bbd7,True,,,,,,,,,,1.0,1.0,1.0,0.0,1.0,1.0,1.0,1.0,0.0,0.0
4592,cd53b47b7ab39ebeb,True,,,,,,,,,,1.0,0.0,1.0,1.0,0.5006256294803298,1.0,1.0,1.0,0.0,0.0
4593,e52b7d36af99f123d,True,,,,,,,,,,1.0,1.0,1.0,1.0,0.6246995672393814,1.0,1.0,1.0,1.0,0.8827186147623067
4594,06b56c8b5f4b02d36,True,,,,,,,,,,1.0,0.0,1.0,1.0,0.3674022282797179,1.0,1.0,1.0,1.0,0.0
4595,db5a03e690d9afcdb,True,,,,,,,,,,1.0,1.0,1.0,1.0,0.6444056649958689,1.0,0.0,1.0,1.0,0.763876770311209
4596,1062c697adcf808eb,True,,,,,,,,,,1.0,1.0,1.0,1.0,0.7142434187636236,1.0,1.0,1.0,0.0,0.7857010683636324
4597,d6f75a03673049ff0,True,,,,,,,,,,1.0,0.0,0.0,1.0,0.783061626956235,1.0,0.0,1.0,0.0,0.0
4598,54c064bb692276ac7,True,,,,,,,,,,1.0,1.0,1.0,1.0,1.0,1.0,0.0,1.0,1.0,0.875
4599,df49c73fde01293e8,True,,,,,,,,,,0.0,1.0,1.0,1.0,1.0,1.0,1.0,1.0,0.0,0.0
4600,0abe9e69bf806a8c4,True,,,,,,,,,,1.0,1.0,1.0,1.0,0.9697766079286763,1.0,1.0,1.0,0.0,0.8655551899777113
4601,0128939093fdde786,True,,,,,,,,,,1.0,1.0,1.0,1.0,0.7204652642136768,1.0,1.0,1.0,1.0,0.912645395066774
4602,2c22ca80805d11abc,True,,,,,,,,,,0.0,1.0,0.5,1.0,1.0,0.0,0.0,1.0,1.0,0.0
4603,ca6194714b4b58cfb,True,,,,,,,,,,1.0,1.0,1.0,1.0,1.0,1.0,0.0,1.0,0.0,0.75
4604,dd7c29b15f5cef89c,True,,,,,,,,,,1.0,1.0,1.0,1.0,0.7918902890541332,1.0,0.0,1.0,1.0,0.8099657153294166
4605,50035f9f546fb6074,True,,,,,,,,,,1.0,1.0,1.0,1.0,0.6733918497765554,1.0,0.0,1.0,1.0,0.7729349530551736
4606,85227ded294bb6273,True,,,,,,,,,,1.0,1.0,1.0,1.0,0.6216102485843132,1.0,1.0,1.0,1.0,0.8817532026825978
4607,2cb233c37065ae18d,True,,,,,,,,,,0.0,1.0,1.0,1.0,1.0,0.0,0.0,1.0,1.0,0.0
4608,752a0e5be19b82b59,True,,,,,,,,,,0.0,1.0,1.0,1.0,1.0,0.0,0.0,1.0,1.0,0.0
4609,f705ea7622e27d209,True,,,,,,,,,,0.0,1.0,1.0,1.0,0.7211615123464794,0.0,0.0,1.0,0.0,0.0
4610,3ada23a933f4d460c,True,,,,,,,,,,1.0,1.0,1.0,1.0,1.0,1.0,1.0,1.0,1.0,1.0
4611,fb300036a09e3c31c,True,,,,,,,,,,1.0,0.0,1.0,1.0,1.0,0.0,0.0,1.0,0.0,0.0
4612,2611c3a201b36f3af,True,,,,,,,,,,1.0,1.0,1.0,1.0,0.9113917580087907,1.0,1.0,1.0,0.0,0.8473099243777471
4613,350cac7c1e8fc966a,True,,,,,,,,,,0.0,1.0,1.0,1.0,1.0,0.0,0.0,1.0,1.0,0.0
4614,2cc336777225529c2,True,,,,,,,,,,1.0,1.0,1.0,1.0,1.0,1.0,1.0,1.0,0.0,0.875
4615,3f5815868e493295e,True,,,,,,,,,,1.0,1.0,1.0,1.0,0.7377220190084177,1.0,1.0,1.0,1.0,0.9180381309401305
4616,7002b130242124367,True,,,,,,,,,,1.0,1.0,1.0,1.0,1.0,1.0,1.0,1.0,0.0,0.875
4617,e6ece8d2d8cf12a8c,True,,,,,,,,,,1.0,1.0,1.0,1.0,0.8274544548515363,1.0,1.0,1.0,1.0,0.9460795171411052
4618,18ab088dbc07aa471,True,,,,,,,,,,0.5,0.0,1.0,1.0,0.6875196107057515,0.0,1.0,1.0,0.0,0.0
4619,31e06cefab6d7169f,True,,,,,,,,,,1.0,1.0,1.0,1.0,0.6224581882884019,1.0,0.0,1.0,0.0,0.6320181838401255
4620,b22a9c0ef981d4004,True,,,,,,,,,,1.0,1.0,1.0,1.0,0.5162720093203075,1.0,1.0,1.0,1.0,0.8488350029125961
4621,2629f98f6e294c4f4,True,,,,,,,,,,1.0,1.0,1.0,1.0,0.7627411506798025,1.0,1.0,1.0,1.0,0.9258566095874383
4622,95f89994ef4b0b0e3,True,,,,,,,,,,1.0,1.0,1.0,1.0,0.8170458400248707,1.0,0.0,1.0,1.0,0.817826825007772
4623,f44e7838ec7d4f843,True,,,,,,,,,,0.0,1.0,1.0,1.0,1.0,0.0,0.0,1.0,0.0,0.0
4624,4f498e8f4ae7fedd5,True,,,,,,,,,,1.0,0.0,0.0,1.0,1.0,1.0,0.0,1.0,0.0,0.0
4625,41efa8e340c6ec6b0,True,,,,,,,,,,1.0,0.0,1.0,1.0,1.0,1.0,1.0,1.0,1.0,0.0
4626,1fa4a4d07117f21ba,True,,,,,,,,,,1.0,1.0,1.0,1.0,0.7086861104666118,0.0,0.0,1.0,1.0,0.4714644095208162
4627,36f3fac010047f5a8,True,,,,,,,,,,1.0,0.0,1.0,1.0,1.0,1.0,0.0,1.0,1.0,0.0
4628,ba3335342af8a6b57,True,,,,,,,,,,1.0,1.0,1.0,1.0,0.8078257587810834,1.0,0.0,1.0,1.0,0.8149455496190885
4629,8e1bbd443f815b48a,True,,,,,,,,,,0.0,1.0,1.0,1.0,1.0,0.0,1.0,1.0,0.0,0.0
4630,e4c493d897f14300a,True,,,,,,,,,,1.0,1.0,1.0,1.0,0.7484887257929257,1.0,1.0,1.0,0.0,0.7964027268102893
4631,cc4c628ad79f6395d,True,,,,,,,,,,1.0,1.0,1.0,1.0,0.26327031840590914,1.0,0.0,1.0,1.0,0.6447719745018465
4632,bef08816de1b95125,True,,,,,,,,,,1.0,1.0,0.0,1.0,1.0,1.0,0.0,1.0,1.0,0.0
4633,d17adfd1c40c90f05,True,,,,,,,,,,0.0,1.0,1.0,1.0,1.0,0.0,0.0,1.0,1.0,0.0
4634,e7d365382ac482e2f,True,,,,,,,,,,0.0,1.0,1.0,1.0,1.0,0.0,1.0,1.0,0.0,0.0
4635,7681847aa2ebf24e0,True,,,,,,,,,,1.0,0.0,0.5,1.0,1.0,1.0,0.0,1.0,0.0,0.0
4636,b7b7adbd3d2126b3f,True,,,,,,,,,,1.0,1.0,1.0,1.0,0.914868648170917,1.0,1.0,1.0,0.0,0.8483964525534116
4637,dba7acca42dcb992f,True,,,,,,,,,,1.0,0.0,0.5,1.0,1.0,1.0,0.0,1.0,1.0,0.0
4638,a0b761c6ddf3b5b92,True,,,,,,,,,,1.0,1.0,0.5,1.0,0.5465510876714551,1.0,0.0,1.0,0.0,0.30414860744866484
4639,2271e9cd227826682,True,,,,,,,,,,1.0,1.0,1.0,1.0,0.8389748375012249,1.0,1.0,1.0,0.0,0.8246796367191328
4640,a946e96acbe5186d9,True,,,,,,,,,,1.0,1.0,1.0,0.0,1.0,1.0,0.0,1.0,1.0,0.0
4641,10f68fec177e9b51c,True,,,,,,,,,,1.0,1.0,1.0,1.0,1.0,1.0,1.0,1.0,1.0,1.0
4642,52b7525b699ef9adf,True,,,,,,,,,,1.0,1.0,1.0,1.0,0.747798526965481,1.0,1.0,1.0,1.0,0.9211870396767128
4643,20bf71807ad99d0aa,True,,,,,,,,,,0.0,1.0,1.0,1.0,1.0,0.0,0.0,1.0,1.0,0.0
4644,858914d079ed93fdb,True,,,,,,,,,,1.0,0.0,1.0,1.0,1.0,1.0,1.0,1.0,1.0,0.0
4645,f7de2890aa326283e,True,,,,,,,,,,1.0,1.0,1.0,1.0,0.6061634441088023,1.0,1.0,1.0,1.0,0.8769260762840008
4646,843ebabea0b9906f9,True,,,,,,,,,,1.0,1.0,1.0,1.0,0.5531138385627569,1.0,1.0,1.0,1.0,0.8603480745508615
4647,918fb02f94c16537d,True,,,,,,,,,,1.0,0.0,1.0,1.0,0.5914294602426076,1.0,1.0,1.0,0.0,0.0
4648,0517c552242d8cb70,True,,,,,,,,,,1.0,1.0,1.0,1.0,0.8088543765462206,1.0,1.0,1.0,1.0,0.9402669926706939
4649,74fbb7c806207e386,True,,,,,,,,,,1.0,1.0,1.0,1.0,0.2836401547459186,1.0,0.0,1.0,0.0,0.5261375483580996
4650,c021ad43ee2e51dd3,True,,,,,,,,,,1.0,1.0,1.0,1.0,0.7872870921054917,1.0,1.0,1.0,0.0,0.8085272162829662
4651,54ccf1e5e48744666,True,,,,,,,,,,1.0,0.0,0.0,1.0,1.0,1.0,0.0,1.0,1.0,0.0
4652,d5b310b71bd0dd6fd,True,,,,,,,,,,1.0,1.0,1.0,1.0,0.5302645260539489,1.0,1.0,1.0,1.0,0.853207664391859
4653,e1bcade7bd67e9b78,True,,,,,,,,,,1.0,1.0,1.0,1.0,0.955903210914588,1.0,0.0,1.0,1.0,0.8612197534108088
4654,c91d6633fc0516a81,True,,,,,,,,,,1.0,1.0,1.0,1.0,0.8045542371674638,1.0,1.0,1.0,1.0,0.9389231991148324
4655,c23d40512beeb21d4,True,,,,,,,,,,1.0,1.0,1.0,1.0,0.6815461625697107,1.0,1.0,1.0,0.0,0.7754831758030346
4656,970116f72225f9d8b,True,,,,,,,,,,1.0,0.0,0.5,1.0,0.7008146858852861,1.0,0.0,1.0,1.0,0.0
4657,48cab8078b80242a1,True,,,,,,,,,,1.0,1.0,1.0,1.0,0.8561605154503864,1.0,1.0,1.0,1.0,0.9550501610782458
4658,6d0d47e6df17b8442,True,,,,,,,,,,1.0,1.0,1.0,1.0,0.769561755414799,1.0,1.0,1.0,0.0,0.8029880485671247
4659,fd3bc1efc24f56212,True,,,,,,,,,,1.0,1.0,1.0,1.0,1.0,1.0,1.0,1.0,0.0,0.875
4660,8b017e76640de2142,True,,,,,,,,,,0.0,1.0,1.0,1.0,1.0,0.0,1.0,1.0,1.0,0.0
4661,c9e15316a3a9036a8,True,,,,,,,,,,1.0,0.0,1.0,1.0,0.7294250578166448,1.0,1.0,1.0,1.0,0.0
4662,c5555e6107565ea71,True,,,,,,,,,,1.0,1.0,1.0,1.0,0.5991722167044394,1.0,0.0,1.0,1.0,0.7497413177201373
4663,19f59045564664e53,True,,,,,,,,,,1.0,0.0,1.0,1.0,1.0,1.0,0.0,1.0,0.0,0.0
4664,6e1ecc74646f12ab1,True,,,,,,,,,,1.0,1.0,0.0,1.0,1.0,1.0,0.0,1.0,1.0,0.0
4665,168ec5291b8accf12,True,,,,,,,,,,1.0,1.0,1.0,1.0,0.4862850349614214,1.0,1.0,1.0,1.0,0.8394640734254442
4666,548f3a3e3c14a9e80,True,,,,,,,,,,1.0,1.0,0.0,1.0,1.0,1.0,0.0,1.0,0.0,0.0
4667,6b5b128424d5357b0,True,,,,,,,,,,1.0,1.0,1.0,1.0,0.7385604632679641,1.0,0.0,1.0,1.0,0.7933001447712388
4668,dd7cd37257f99be9e,True,,,,,,,,,,1.0,0.0,1.0,1.0,1.0,1.0,1.0,1.0,1.0,0.0
4669,8fb9c005a042db260,True,,,,,,,,,,1.0,1.0,1.0,1.0,0.24965938489399317,1.0,0.0,1.0,1.0,0.6405185577793728
4670,d6427f6451b02059f,True,,,,,,,,,,1.0,1.0,1.0,1.0,0.8328561539802731,1.0,0.0,1.0,1.0,0.8227675481188353
4671,ab4161a99b49b3ba2,True,,,,,,,,,,1.0,1.0,1.0,1.0,0.5541498462494424,1.0,1.0,0.0,0.0,0.6106718269529507
4672,6c04df27e5264b20b,True,,,,,,,,,,1.0,0.0,1.0,1.0,1.0,1.0,1.0,1.0,0.0,0.0
4673,7459b322982d2932c,True,,,,,,,,,,1.0,1.0,1.0,1.0,0.5013439995398934,1.0,1.0,1.0,0.0,0.7191699998562167
4674,1f18c770d2cfe8d3c,True,,,,,,,,,,0.0,1.0,0.0,1.0,1.0,0.0,0.0,1.0,1.0,0.0
4675,fda2ab172e994071b,True,,,,,,,,,,1.0,1.0,1.0,1.0,0.5918607732706089,1.0,1.0,1.0,0.0,0.7474564916470653
4676,d57d9c1eba8896d77,True,,,,,,,,,,1.0,0.0,1.0,1.0,0.8514188576057731,1.0,0.0,1.0,1.0,0.0
4677,70fc0f58fc8579539,True,,,,,,,,,,0.0,1.0,1.0,1.0,1.0,0.0,0.0,1.0,1.0,0.0
4678,b7d252306270e80e3,True,,,,,,,,,,1.0,1.0,1.0,1.0,0.5873139932129595,1.0,1.0,1.0,1.0,0.8710356228790499
4679,4aabb029fe206ec39,True,,,,,,,,,,0.0,1.0,1.0,1.0,1.0,0.0,0.0,1.0,0.0,0.0
4680,e422b7a7bb9c41f95,True,,,,,,,,,,0.0,1.0,1.0,1.0,1.0,0.0,1.0,1.0,1.0,0.0
4681,1442b131da263f4dc,True,,,,,,,,,,1.0,1.0,1.0,1.0,0.8638620766248802,1.0,0.0,1.0,1.0,0.8324568989452751
4682,7cdfa18002444c694,True,,,,,,,,,,1.0,0.0,1.0,1.0,1.0,1.0,0.0,1.0,1.0,0.0
4683,10935babd12d37a58,True,,,,,,,,,,1.0,0.0,1.0,1.0,0.6482195591182363,1.0,1.0,1.0,0.0,0.0
4684,78910a88891eef166,True,,,,,,,,,,1.0,1.0,1.0,1.0,0.5871119387356167,1.0,0.0,1.0,0.0,0.6209724808548802
4685,246a9b54a485510a5,True,,,,,,,,,,0.0,1.0,1.0,0.0,1.0,0.0,1.0,1.0,1.0,0.0
4686,a317b20e8d007342f,True,,,,,,,,,,1.0,1.0,1.0,1.0,1.0,1.0,0.0,1.0,0.0,0.75
4687,88b4a166a946c9537,True,,,,,,,,,,1.0,1.0,1.0,1.0,1.0,1.0,0.0,1.0,0.0,0.75
4688,2e221a5360953028d,True,,,,,,,,,,1.0,1.0,1.0,1.0,0.31181225940585044,1.0,1.0,1.0,1.0,0.7849413310643283
4689,79f1db0434b2c4330,True,,,,,,,,,,1.0,1.0,0.0,1.0,0.7555429910722918,1.0,0.0,1.0,1.0,0.0
4690,50da2cb15a6c805e6,True,,,,,,,,,,0.0,1.0,1.0,1.0,1.0,0.0,0.0,1.0,0.0,0.0
4691,5d8640ad77a995a45,True,,,,,,,,,,1.0,1.0,1.0,1.0,0.44001631031624805,1.0,1.0,1.0,1.0,0.8250050969738275
4692,16d41ea13c0836f9f,True,,,,,,,,,,1.0,1.0,0.0,1.0,1.0,1.0,0.0,1.0,1.0,0.0
4693,6f8cba85e3f6cd0d4,True,,,,,,,,,,1.0,1.0,0.5,1.0,1.0,1.0,0.0,1.0,0.0,0.375
4694,881878cfae4ce9953,True,,,,,,,,,,1.0,1.0,1.0,1.0,0.6449264597867224,1.0,1.0,1.0,1.0,0.8890395186833507
4695,ee668b68ca31e7f56,True,,,,,,,,,,1.0,1.0,0.0,1.0,1.0,1.0,0.0,1.0,1.0,0.0
4696,a2924cf3c11b98cb0,True,,,,,,,,,,1.0,1.0,1.0,1.0,0.6134686355220991,1.0,0.0,1.0,0.0,0.629208948600656
4697,9d1689f8e6d847437,True,,,,,,,,,,0.0,0.0,0.0,1.0,1.0,0.0,0.0,1.0,0.0,0.0
4698,51b90828c7ba37b79,True,,,,,,,,,,1.0,0.0,1.0,1.0,0.7593670885776336,1.0,1.0,1.0,0.0,0.0
4699,b33c373192c8560d1,True,,,,,,,,,,1.0,0.0,0.5,1.0,0.4337718402120357,0.0,0.0,1.0,0.0,0.0
4700,9e3a4761b9b643940,True,,,,,,,,,,1.0,0.0,0.0,1.0,1.0,1.0,0.0,1.0,0.0,0.0
4701,367254bcce7ceee1d,True,,,,,,,,,,1.0,1.0,1.0,1.0,0.8332174958713479,0.0,0.0,1.0,1.0,0.5103804674597963
4702,e2f2c32fd3d5f5d35,True,,,,,,,,,,0.0,1.0,0.0,1.0,1.0,0.0,0.0,1.0,0.0,0.0
4703,aee13b42cfd66c8a3,True,,,,,,,,,,1.0,0.0,1.0,1.0,1.0,1.0,1.0,1.0,0.0,0.0
4704,342ef8eb6e93505ce,True,,,,,,,,,,1.0,1.0,1.0,1.0,0.9626363360321415,1.0,0.0,1.0,1.0,0.8633238550100442
4705,9feb421ac284e987e,True,,,,,,,,,,1.0,1.0,1.0,1.0,0.7453038311970576,1.0,1.0,1.0,1.0,0.9204074472490805
4706,fc618b0134a5e9634,True,,,,,,,,,,1.0,0.0,0.0,1.0,1.0,1.0,1.0,1.0,0.0,0.0
4707,32dff9c93368fc640,True,,,,,,,,,,1.0,1.0,0.0,1.0,1.0,1.0,0.0,1.0,0.0,0.0
4708,b853d466840f4db1b,True,,,,,,,,,,1.0,0.0,1.0,1.0,1.0,1.0,0.0,1.0,1.0,0.0
4709,ce40746019045f374,True,,,,,,,,,,1.0,1.0,1.0,1.0,1.0,1.0,1.0,1.0,1.0,1.0
4710,36fe5d9f407c60a58,True,,,,,,,,,,1.0,0.0,0.5,1.0,0.4297569422813359,1.0,1.0,1.0,1.0,0.0
4711,fa217f69e5273bf53,True,,,,,,,,,,1.0,0.0,1.0,1.0,0.4470057334293439,1.0,1.0,1.0,1.0,0.0
4712,b96ce0efca7101f74,True,,,,,,,,,,1.0,0.0,1.0,1.0,0.3015030419647115,1.0,0.0,1.0,1.0,0.0
4713,fa2224428f7eab22f,True,,,,,,,,,,1.0,1.0,1.0,1.0,0.880169046470355,1.0,1.0,1.0,1.0,0.9625528270219859
4714,3c66eb3d48ad162dc,True,,,,,,,,,,1.0,1.0,1.0,1.0,0.7297986728640706,1.0,1.0,1.0,1.0,0.9155620852700221
4715,802f2dcbc798db1bd,True,,,,,,,,,,1.0,0.0,0.5,1.0,1.0,1.0,0.0,1.0,0.0,0.0
4716,b479708037b5c5d7c,True,,,,,,,,,,1.0,1.0,1.0,1.0,0.712956061402529,1.0,1.0,1.0,1.0,0.9102987691882903
4717,2c048c6ca0a0876cd,True,,,,,,,,,,1.0,1.0,1.0,1.0,0.8077635837668611,1.0,0.0,1.0,1.0,0.814926119927144
4718,f5ffbc82e55558f49,True,,,,,,,,,,1.0,0.0,1.0,1.0,0.7958635473391172,1.0,0.0,1.0,0.0,0.0
4719,d6c514686f23569a7,True,,,,,,,,,,1.0,1.0,1.0,1.0,0.7560816754993523,1.0,0.0,1.0,0.0,0.6737755235935476
4720,19c21fee65a87c2d8,True,,,,,,,,,,1.0,0.0,1.0,1.0,0.5358176187059048,1.0,0.0,1.0,1.0,0.0
4721,f068d067b1949f364,True,,,,,,,,,,1.0,0.0,1.0,1.0,1.0,1.0,0.0,1.0,1.0,0.0
4722,c6f309a29af4e8f36,True,,,,,,,,,,1.0,1.0,1.0,1.0,0.7366159667838952,1.0,0.0,1.0,1.0,0.7926924896199672
4723,ce572306b1a6a0b96,True,,,,,,,,,,1.0,1.0,0.5,1.0,1.0,1.0,0.0,1.0,1.0,0.4375
4724,2beda3235f74c6edb,True,,,,,,,,,,1.0,1.0,1.0,1.0,0.23367972098566478,1.0,0.0,1.0,1.0,0.6355249128080203
4725,ecccff94c00a6bd77,True,,,,,,,,,,0.0,0.0,0.5,1.0,1.0,0.0,0.0,1.0,0.0,0.0
4726,99dc5d64b209fb23b,True,,,,,,,,,,1.0,1.0,1.0,1.0,0.9915248190773196,1.0,0.0,1.0,1.0,0.8723515059616624
4727,0883e274dffb8a761,True,,,,,,,,,,1.0,0.0,1.0,1.0,1.0,1.0,1.0,1.0,1.0,0.0
4728,f456c5e9004e0cd78,True,,,,,,,,,,0.0,0.0,1.0,1.0,0.8468557009632505,0.0,0.0,1.0,0.0,0.0
4729,444448ad7659dcee6,True,,,,,,,,,,1.0,1.0,1.0,1.0,1.0,1.0,0.0,1.0,1.0,0.875
4730,6995c156a66d6a8ee,True,,,,,,,,,,1.0,1.0,1.0,1.0,0.7299728085529285,1.0,0.0,1.0,1.0,0.7906165026727902
4731,15d9842199648136e,True,,,,,,,,,,0.0,0.0,0.5,1.0,1.0,0.0,1.0,0.0,0.0,0.0
4732,81f85141bab63b560,True,,,,,,,,,,1.0,1.0,1.0,1.0,0.6779758552578686,1.0,1.0,1.0,1.0,0.8993674547680839
4733,3c99b1ada8877591e,True,,,,,,,,,,1.0,1.0,1.0,1.0,0.9668079393558299,1.0,1.0,1.0,1.0,0.9896274810486969
4734,bbd5b072e1b30acbb,True,,,,,,,,,,1.0,1.0,0.5,1.0,1.0,1.0,0.0,1.0,1.0,0.4375
4735,a677f3956eddc7eac,True,,,,,,,,,,1.0,1.0,0.0,1.0,0.7488619614834386,1.0,0.0,1.0,1.0,0.0
4736,7ad621cdbc4494e0d,True,,,,,,,,,,1.0,1.0,1.0,1.0,0.5106638921581679,1.0,0.0,1.0,1.0,0.7220824662994274
4737,506d9cb85442a6577,True,,,,,,,,,,0.0,1.0,1.0,1.0,0.9720331599518779,0.0,0.0,1.0,0.0,0.0
4738,d241d7576360a6907,True,,,,,,,,,,1.0,1.0,1.0,1.0,1.0,1.0,0.0,1.0,0.0,0.75
4739,7441ab5cb1d596d66,True,,,,,,,,,,1.0,1.0,1.0,1.0,0.4884749490081907,1.0,1.0,1.0,1.0,0.8401484215650596
4740,85ec4ed1a5648c678,True,,,,,,,,,,0.0,1.0,1.0,1.0,1.0,0.0,1.0,1.0,0.0,0.0
4741,8cb5e32c7adc0ee45,True,,,,,,,,,,0.0,1.0,1.0,1.0,1.0,0.0,1.0,1.0,0.0,0.0
4742,3dd919c5a93fd6754,True,,,,,,,,,,0.5,1.0,1.0,1.0,0.9865564366633284,0.0,1.0,1.0,1.0,0.34164944322864504
4743,daa6b068709fe9531,True,,,,,,,,,,1.0,0.0,0.5,1.0,0.4629461452268561,1.0,1.0,1.0,0.0,0.0
4744,d6d8e9eb7b9c1befa,True,,,,,,,,,,1.0,0.0,1.0,1.0,0.7393147444720779,1.0,1.0,1.0,0.0,0.0
4745,1f7d87b846306d4ed,True,,,,,,,,,,0.0,1.0,1.0,1.0,1.0,0.0,0.0,1.0,1.0,0.0
4746,5a7f1b88b2ab93c12,True,,,,,,,,,,1.0,1.0,0.5,1.0,1.0,1.0,0.0,1.0,1.0,0.4375
4747,6c0405cd5c40c15ab,True,,,,,,,,,,1.0,0.0,1.0,1.0,1.0,1.0,0.0,1.0,1.0,0.0
4748,1d37c78c98407e747,True,,,,,,,,,,0.0,1.0,0.5,1.0,1.0,0.0,0.0,1.0,1.0,0.0
4749,932b2f68de04adb10,True,,,,,,,,,,1.0,1.0,1.0,1.0,1.0,1.0,0.0,1.0,1.0,0.875
4750,a8a3d313576f30414,True,,,,,,,,,,1.0,1.0,1.0,1.0,0.605554984078725,0.0,1.0,1.0,1.0,0.5642359325246016
4751,981f8d9ddc9472041,True,,,,,,,,,,1.0,0.0,1.0,1.0,1.0,1.0,0.0,1.0,0.0,0.0
4752,8134b9f604787b2c1,True,,,,,,,,,,1.0,1.0,0.5,1.0,0.7013176801290926,1.0,0.0,1.0,1.0,0.3908308875201707
4753,6f13146a94fc09b32,True,,,,,,,,,,1.0,1.0,0.5,1.0,0.676250836047908,1.0,0.0,1.0,0.0,0.32441419313248565
4754,cd5f552597cd3be08,True,,,,,,,,,,1.0,1.0,1.0,1.0,0.8036812605233173,1.0,0.0,0.0,0.0,0.5636503939135367
4755,fe454c84ae38cb664,True,,,,,,,,,,1.0,1.0,1.0,1.0,0.8919138915224678,1.0,1.0,1.0,0.0,0.8412230911007712
4756,d18ebc94f4f3cb405,True,,,,,,,,,,1.0,1.0,1.0,1.0,1.0,1.0,0.0,1.0,0.0,0.75
4757,ac0e0083b3ca184aa,True,,,,,,,,,,0.0,1.0,1.0,1.0,1.0,0.0,1.0,0.0,0.0,0.0
4758,28b439620873c91b9,True,,,,,,,,,,1.0,1.0,1.0,1.0,0.6987502646815609,1.0,1.0,1.0,0.0,0.7808594577129877
4759,5453eaf707e343346,True,,,,,,,,,,1.0,1.0,1.0,1.0,1.0,1.0,1.0,1.0,0.0,0.875
4760,e7892fb2f09de2723,True,,,,,,,,,,0.0,0.0,1.0,1.0,1.0,0.0,1.0,1.0,0.0,0.0
4761,42dea16d984c67d19,True,,,,,,,,,,0.0,1.0,0.0,1.0,1.0,0.0,0.0,1.0,1.0,0.0
4762,bc07273c020da88b3,True,,,,,,,,,,0.0,1.0,1.0,1.0,0.8714049881360151,0.0,1.0,1.0,1.0,0.0
4763,6c853ea6e6c4a2a77,True,,,,,,,,,,1.0,1.0,0.5,1.0,1.0,1.0,0.0,1.0,1.0,0.4375
4764,644712e1f5b51074a,True,,,,,,,,,,1.0,0.0,1.0,1.0,0.7607376158706841,1.0,0.0,1.0,1.0,0.0
4765,dcde802c1ad40532b,True,,,,,,,,,,0.0,1.0,1.0,1.0,1.0,0.0,0.0,1.0,0.0,0.0
4766,ba8bf5b95601df543,True,,,,,,,,,,1.0,1.0,1.0,1.0,0.8201700732307827,1.0,1.0,1.0,1.0,0.9438031478846196
4767,2c5c3c9002e3d1165,True,,,,,,,,,,1.0,1.0,1.0,1.0,0.8849339231294097,1.0,1.0,1.0,1.0,0.9640418509779405
4768,b8f175630a8fe6f7c,True,,,,,,,,,,1.0,1.0,1.0,1.0,0.4067675202195517,1.0,0.0,1.0,0.0,0.5646148500686099
4769,ffdfaf1a850a4f6c0,True,,,,,,,,,,0.0,0.0,1.0,1.0,1.0,0.0,1.0,1.0,0.0,0.0
4770,e87ee58e2c6134551,True,,,,,,,,,,1.0,1.0,1.0,1.0,0.44965917497891966,1.0,0.0,1.0,0.0,0.5780184921809124
4771,91eb99dcb70ea628c,True,,,,,,,,,,1.0,0.0,0.0,1.0,1.0,1.0,0.0,1.0,1.0,0.0
4772,1c6327dd6c33a1c36,True,,,,,,,,,,1.0,1.0,1.0,1.0,0.45936235724391516,1.0,1.0,1.0,1.0,0.8310507366387234
4773,3176ea282b5516214,True,,,,,,,,,,1.0,1.0,1.0,0.0,1.0,1.0,0.0,1.0,1.0,0.0
4774,8003dfc9e785aaede,True,,,,,,,,,,0.0,1.0,1.0,1.0,1.0,0.0,0.0,1.0,1.0,0.0
4775,6c5bcf6f99698fac4,True,,,,,,,,,,1.0,1.0,0.5,1.0,0.8710919452368813,1.0,1.0,1.0,1.0,0.4798581164432627
4776,8108a6fe2b34f4118,True,,,,,,,,,,1.0,1.0,1.0,1.0,0.753752521041657,1.0,1.0,1.0,1.0,0.9230476628255178
4777,e2a4ea3d760b37276,True,,,,,,,,,,1.0,0.0,1.0,1.0,0.4377891097034866,1.0,1.0,1.0,0.0,0.0
4778,0323a93ef0ac2cb18,True,,,,,,,,,,0.0,1.0,0.0,1.0,1.0,0.0,0.0,1.0,0.0,0.0
4779,4e0c450f15f308dcf,True,,,,,,,,,,1.0,0.0,1.0,1.0,0.5192720745924837,0.0,1.0,1.0,0.0,0.0
4780,c525c6d635eb5f316,True,,,,,,,,,,1.0,1.0,1.0,1.0,0.7109388832422828,1.0,1.0,1.0,0.0,0.7846684010132134
4781,23466331481723251,True,,,,,,,,,,0.5,0.0,0.0,1.0,1.0,0.0,0.0,1.0,1.0,0.0
4782,7d0e6ab1e39a11f7e,True,,,,,,,,,,1.0,1.0,0.5,1.0,0.491384375196295,1.0,1.0,1.0,1.0,0.4205288086244211
4783,b840603cdbc809965,True,,,,,,,,,,1.0,0.0,0.0,1.0,1.0,1.0,0.0,1.0,0.0,0.0
4784,b6ff83d0cafd7c12e,True,,,,,,,,,,1.0,0.0,1.0,1.0,0.48819873934038205,1.0,0.0,1.0,0.0,0.0
4785,728522f233e8a9fa9,True,,,,,,,,,,1.0,1.0,0.0,1.0,1.0,1.0,0.0,1.0,1.0,0.0
4786,6bb22c30119ed991a,True,,,,,,,,,,1.0,1.0,1.0,1.0,0.41044791074690484,1.0,0.0,1.0,0.0,0.5657649721084077
4787,a5bcd5a0e9f79cee3,True,,,,,,,,,,1.0,1.0,1.0,1.0,1.0,1.0,1.0,1.0,1.0,1.0
4788,24a39936d6d41ac30,True,,,,,,,,,,1.0,0.0,0.5,1.0,1.0,1.0,0.0,1.0,0.0,0.0
4789,042bf7d6a0f98a104,True,,,,,,,,,,1.0,1.0,0.5,1.0,1.0,1.0,0.0,1.0,0.0,0.375
4790,18f8bfb875dae178e,True,,,,,,,,,,1.0,1.0,1.0,1.0,1.0,1.0,1.0,1.0,1.0,1.0
4791,57226182464088f5d,True,,,,,,,,,,1.0,0.0,1.0,1.0,1.0,1.0,1.0,1.0,0.0,0.0
4792,7d026bbe1e37cd6bf,True,,,,,,,,,,1.0,1.0,1.0,1.0,0.6213748248725949,1.0,1.0,1.0,1.0,0.8816796327726859
4793,cbeda6fcf87d3407c,True,,,,,,,,,,1.0,1.0,1.0,1.0,0.8325080015308229,0.0,0.0,1.0,1.0,0.5101587504783822
4794,5b733b329372ed8c8,True,,,,,,,,,,1.0,0.0,1.0,1.0,0.6835156441059269,1.0,1.0,1.0,1.0,0.0
4795,d87e1dbb0017ab960,True,,,,,,,,,,1.0,0.0,1.0,1.0,0.5195323215933452,1.0,0.0,1.0,1.0,0.0
4796,175f019927da9929a,True,,,,,,,,,,1.0,0.0,1.0,1.0,0.4238058276134294,1.0,0.0,1.0,0.0,0.0
4797,96f3c7fe0e97ef1f0,True,,,,,,,,,,1.0,1.0,1.0,1.0,0.8206271580689064,1.0,1.0,1.0,1.0,0.9439459868965332
4798,24ac26ca8ac0e9395,True,,,,,,,,,,1.0,1.0,1.0,1.0,1.0,1.0,1.0,1.0,0.0,0.875
4799,a285844e480d8be12,True,,,,,,,,,,1.0,1.0,1.0,1.0,0.4764938239326167,1.0,0.0,1.0,1.0,0.7114043199789427
4800,e19b34f93116cdb17,True,,,,,,,,,,1.0,1.0,1.0,1.0,1.0,1.0,1.0,1.0,1.0,1.0
4801,f3852b4bdec74eddc,True,,,,,,,,,,0.5,0.0,1.0,1.0,1.0,0.0,1.0,1.0,1.0,0.0
4802,7f153f8005d6de1fa,True,,,,,,,,,,1.0,0.0,0.0,1.0,1.0,1.0,0.0,1.0,0.0,0.0
4803,aae1be1d1482069d0,True,,,,,,,,,,0.0,0.0,1.0,1.0,1.0,0.0,0.0,1.0,1.0,0.0
4804,c92c8161fb36eab75,True,,,,,,,,,,1.0,1.0,1.0,1.0,0.39501253420053595,1.0,0.0,1.0,0.0,0.5609414169376674
4805,472c522cbfefce360,True,,,,,,,,,,1.0,1.0,1.0,1.0,0.8057018014091116,1.0,0.0,1.0,1.0,0.8142818129403474
4806,d1b44adf0f1195ea7,True,,,,,,,,,,1.0,1.0,1.0,1.0,1.0,1.0,1.0,1.0,0.0,0.875
4807,32e366dcde5a1ff12,True,,,,,,,,,,1.0,1.0,1.0,1.0,0.7729245681554661,1.0,0.0,1.0,0.0,0.6790389275485831
4808,25dc2853331e64985,True,,,,,,,,,,1.0,1.0,0.5,1.0,0.9009529695865607,1.0,0.0,1.0,1.0,0.42202390149790014
4809,9d5ce658b960c75f6,True,,,,,,,,,,1.0,1.0,1.0,1.0,0.25821316265590794,1.0,0.0,1.0,1.0,0.6431916133299712
4810,378f516a635bd9169,True,,,,,,,,,,0.0,1.0,1.0,1.0,1.0,0.0,1.0,1.0,0.0,0.0
4811,d7f69774de0c9938e,True,,,,,,,,,,1.0,0.0,1.0,1.0,0.6078387538230742,1.0,1.0,1.0,0.0,0.0
4812,7a67496152fb3bdcb,True,,,,,,,,,,1.0,1.0,0.5,1.0,0.4971952113126032,1.0,0.0,1.0,1.0,0.35893675176759426
4813,964d3400667ae187f,True,,,,,,,,,,1.0,1.0,1.0,1.0,0.7804642228187647,1.0,1.0,1.0,0.0,0.8063950696308639
4814,e8015a37a1ba3f7a3,True,,,,,,,,,,1.0,1.0,1.0,1.0,0.821102533698737,1.0,1.0,1.0,1.0,0.9440945417808553
4815,ef01e0a3e1ff9b43f,True,,,,,,,,,,1.0,1.0,1.0,1.0,0.6378750269809192,1.0,1.0,1.0,0.0,0.7618359459315373
4816,9895d084a0042fff3,True,,,,,,,,,,1.0,1.0,1.0,1.0,0.5740392050001195,1.0,1.0,1.0,1.0,0.8668872515625373
4817,bef5978ef06f054f6,True,,,,,,,,,,1.0,1.0,1.0,1.0,0.7373305015992266,1.0,1.0,1.0,1.0,0.9179157817497583
4818,974c47a86ec212e1d,True,,,,,,,,,,1.0,1.0,0.5,1.0,1.0,1.0,0.0,1.0,0.0,0.375
4819,c42f42235ba427d14,True,,,,,,,,,,1.0,1.0,1.0,1.0,0.3074251251959966,1.0,1.0,1.0,1.0,0.7835703516237489
4820,b4590a06173d6c3f0,True,,,,,,,,,,1.0,1.0,1.0,1.0,0.9008210209135078,1.0,0.0,0.0,0.0,0.5940065690354712
4821,5fc5bb18513bc7d0b,True,,,,,,,,,,1.0,1.0,0.5,1.0,0.5819766017711936,1.0,0.0,1.0,1.0,0.372183844026749
4822,90bac953ef7d525b5,True,,,,,,,,,,1.0,1.0,1.0,1.0,0.2196002607371094,1.0,1.0,1.0,0.0,0.6311250814803466
4823,d5c1ffdf7189b229c,True,,,,,,,,,,1.0,0.0,0.5,1.0,1.0,1.0,0.0,0.0,0.0,0.0
4824,c1f2006b4745c21bc,True,,,,,,,,,,1.0,0.0,1.0,1.0,0.5402912338739043,1.0,1.0,1.0,1.0,0.0
4825,e58505d2e2a702e58,True,,,,,,,,,,0.0,1.0,1.0,1.0,1.0,0.0,1.0,1.0,0.0,0.0
4826,f06a4e01a1e5abdd5,True,,,,,,,,,,1.0,1.0,1.0,1.0,0.9042305113552775,1.0,1.0,1.0,1.0,0.9700720347985242
4827,f13bedf0787265ff4,True,,,,,,,,,,1.0,1.0,1.0,1.0,0.8216162138614722,1.0,0.0,1.0,1.0,0.81925506683171
4828,be077aa94f9771913,True,,,,,,,,,,1.0,0.0,0.0,0.0,1.0,1.0,0.0,1.0,1.0,0.0
4829,38d50c91468fbe6e5,True,,,,,,,,,,1.0,1.0,1.0,1.0,0.19586716157336878,1.0,0.0,1.0,1.0,0.6237084879916778
4830,c5e30f61f4d10eee2,True,,,,,,,,,,1.0,1.0,1.0,1.0,0.5002884731117734,1.0,1.0,1.0,1.0,0.8438401478474291
4831,d6cfdfbe6733111b7,True,,,,,,,,,,1.0,1.0,1.0,1.0,1.0,1.0,0.0,1.0,1.0,0.875
4832,04de9b2eef6b71d6c,True,,,,,,,,,,1.0,1.0,1.0,1.0,0.8413897453246035,1.0,0.0,1.0,0.0,0.7004342954139386
4833,b740de6b775b4ec70,True,,,,,,,,,,1.0,1.0,1.0,1.0,0.6524861977136441,1.0,1.0,1.0,1.0,0.8914019367855138
4834,299f646dfb858774d,True,,,,,,,,,,1.0,1.0,1.0,1.0,1.0,1.0,1.0,1.0,1.0,1.0
4835,18087593f1147e61f,True,,,,,,,,,,1.0,0.0,1.0,1.0,0.7726535180823378,1.0,1.0,1.0,0.0,0.0
4836,8a5b80c748963e0a4,True,,,,,,,,,,1.0,1.0,1.0,1.0,0.5835970272129257,1.0,1.0,1.0,1.0,0.8698740710040394
4837,95c7dfd77d6f446a0,True,,,,,,,,,,1.0,1.0,1.0,1.0,0.6947526880497004,1.0,0.0,0.0,0.0,0.5296102150155313
4838,522f0d16763a76d06,True,,,,,,,,,,1.0,1.0,1.0,1.0,0.784626949595775,1.0,1.0,1.0,0.0,0.8076959217486797
4839,997169e70df191713,True,,,,,,,,,,1.0,1.0,1.0,1.0,0.4753072125066362,1.0,0.0,1.0,0.0,0.5860335039083238
4840,9e3f67fd8b392a5d6,True,,,,,,,,,,1.0,0.0,1.0,1.0,0.7401836260516012,1.0,1.0,1.0,1.0,0.0
4841,ad537f45665843f16,True,,,,,,,,,,1.0,1.0,1.0,1.0,0.3639824215771734,1.0,1.0,1.0,0.0,0.6762445067428666
4842,4ac58ee8e6463cde1,True,,,,,,,,,,1.0,1.0,1.0,1.0,0.6098760087116265,1.0,0.0,1.0,1.0,0.7530862527223833
4843,ab7e7c6fb9f3451a3,True,,,,,,,,,,1.0,0.0,1.0,1.0,1.0,1.0,0.0,1.0,0.0,0.0
4844,0e3016e58756dedce,True,,,,,,,,,,1.0,0.0,0.0,1.0,1.0,1.0,0.0,1.0,1.0,0.0
4845,8d65d3f4d930b58ae,True,,,,,,,,,,1.0,0.0,1.0,1.0,1.0,1.0,0.0,1.0,1.0,0.0
4846,09747cf799a19f292,True,,,,,,,,,,1.0,1.0,0.5,1.0,0.9782595823802372,1.0,0.0,1.0,1.0,0.4341030597469121
4847,2bf1c7fc03ffaa988,True,,,,,,,,,,1.0,1.0,1.0,1.0,0.7477630852042487,1.0,0.0,1.0,1.0,0.7961759641263277
4848,12b8102851dec66e5,True,,,,,,,,,,0.0,1.0,0.5,1.0,0.9685390153170512,0.0,1.0,1.0,1.0,0.0
4849,853bdf919d41bd5e6,True,,,,,,,,,,1.0,1.0,1.0,1.0,0.5583568522278081,1.0,0.0,1.0,0.0,0.61198651632119
4850,027609f1fbf1b3b16,True,,,,,,,,,,0.0,1.0,1.0,1.0,1.0,0.0,0.0,1.0,1.0,0.0
4851,df67b662b2c444fa9,True,,,,,,,,,,1.0,1.0,1.0,1.0,0.8409289593754321,1.0,1.0,1.0,1.0,0.9502902998048226
4852,e9f1d3b368a8f7603,True,,,,,,,,,,1.0,1.0,1.0,1.0,0.7939970484299711,1.0,0.0,1.0,0.0,0.685624077634366
4853,7e4af807f673c946b,True,,,,,,,,,,1.0,0.0,1.0,1.0,0.48517719264339465,1.0,0.0,1.0,0.0,0.0
4854,f726e244468ccbbe6,True,,,,,,,,,,1.0,1.0,1.0,1.0,0.7425899458592274,1.0,1.0,1.0,1.0,0.9195593580810086
4855,c293d0be2f2680817,True,,,,,,,,,,1.0,0.0,0.5,1.0,1.0,1.0,0.0,0.0,1.0,0.0
4856,c2c820f86bd4ff546,True,,,,,,,,,,1.0,1.0,0.5,1.0,0.7303007281707219,1.0,0.0,1.0,0.0,0.33285948877667526
4857,3a569f66b0a30418a,True,,,,,,,,,,1.0,1.0,1.0,1.0,0.9896482017845445,1.0,1.0,1.0,0.0,0.8717650630576701
4858,c63fc1f399e5c5f1c,True,,,,,,,,,,1.0,1.0,1.0,1.0,0.7435292940998459,1.0,1.0,1.0,0.0,0.7948529044062018
4859,255fdde0f485718e4,True,,,,,,,,,,0.0,0.0,1.0,1.0,1.0,0.0,0.0,1.0,1.0,0.0
4860,5cf2681114e11d9c7,True,,,,,,,,,,0.0,1.0,1.0,1.0,1.0,0.0,1.0,1.0,1.0,0.0
4861,265cbf9df314f7700,True,,,,,,,,,,1.0,1.0,1.0,1.0,0.6388024044863647,1.0,0.0,1.0,0.0,0.637125751401989
4862,a9b1d16817d446b6e,True,,,,,,,,,,1.0,1.0,1.0,1.0,0.7447456515990242,1.0,1.0,1.0,1.0,0.920233016124695
4863,c548f7528dc6ad5c8,True,,,,,,,,,,1.0,1.0,1.0,1.0,0.8810717140395693,1.0,0.0,1.0,1.0,0.8378349106373655
4864,c429ee2fbcaf012bc,True,,,,,,,,,,1.0,1.0,1.0,1.0,0.6539147911075729,1.0,1.0,1.0,1.0,0.8918483722211166
4865,fb487048e0748febd,True,,,,,,,,,,1.0,1.0,1.0,1.0,1.0,1.0,0.0,1.0,1.0,0.875
4866,a78f2817702c75036,True,,,,,,,,,,1.0,0.0,1.0,1.0,0.739408133746118,1.0,0.0,1.0,1.0,0.0
4867,05ca5a62ce0754a30,True,,,,,,,,,,1.0,1.0,0.0,1.0,0.7167835391914897,1.0,0.0,1.0,0.0,0.0
4868,bdb2442f6ebc40808,True,,,,,,,,,,1.0,1.0,0.0,1.0,1.0,1.0,0.0,1.0,0.0,0.0
4869,318b2d84b07441bb0,True,,,,,,,,,,1.0,1.0,1.0,1.0,0.2895007002952209,1.0,0.0,1.0,0.0,0.5279689688422565
4870,b2ca4b63cda4a8fe2,True,,,,,,,,,,1.0,1.0,1.0,1.0,0.6455874798143593,1.0,0.0,1.0,1.0,0.7642460874419873
4871,e513c494982a0c41e,True,,,,,,,,,,1.0,0.0,1.0,1.0,1.0,1.0,0.0,1.0,1.0,0.0
4872,fedf09c50e4a8ef7b,True,,,,,,,,,,1.0,1.0,0.5,1.0,0.9274097645363015,1.0,0.0,1.0,0.0,0.3636577757087971
4873,5a0a989dc5a853c97,True,,,,,,,,,,1.0,1.0,1.0,1.0,0.5456209633727396,1.0,0.0,1.0,1.0,0.7330065510539812
4874,3f4e1856faab2a6f3,True,,,,,,,,,,1.0,1.0,1.0,1.0,0.8801049502945165,1.0,0.0,1.0,1.0,0.8375327969670364
4875,5b8389f00775d1a89,True,,,,,,,,,,1.0,0.0,0.5,1.0,1.0,1.0,0.0,1.0,0.0,0.0
4876,1875ccbefe8233a69,True,,,,,,,,,,1.0,1.0,1.0,1.0,0.17446232235454506,1.0,1.0,1.0,0.0,0.6170194757357954
4877,a0c6dbfad5c2cef6e,True,,,,,,,,,,1.0,1.0,0.0,1.0,1.0,0.0,0.0,1.0,1.0,0.0
4878,f4fb6e871bef33f03,True,,,,,,,,,,1.0,0.0,0.5,1.0,1.0,1.0,0.0,1.0,1.0,0.0
4879,1484a0a00421bfda6,True,,,,,,,,,,1.0,0.0,1.0,1.0,0.5494375473994296,1.0,1.0,1.0,1.0,0.0
4880,0c490f2432946f48b,True,,,,,,,,,,0.0,1.0,1.0,1.0,1.0,0.0,0.0,1.0,0.0,0.0
4881,21c67a61bb969877f,True,,,,,,,,,,1.0,0.0,1.0,1.0,1.0,1.0,0.0,1.0,0.0,0.0
4882,ea2b7520e71b4c759,True,,,,,,,,,,1.0,1.0,1.0,1.0,0.9597857207568389,1.0,1.0,1.0,1.0,0.9874330377365121
4883,53667f0557981798d,True,,,,,,,,,,1.0,1.0,1.0,1.0,0.798290869879378,1.0,0.0,1.0,1.0,0.8119658968373056
4884,e36f8f24723dc8e0e,True,,,,,,,,,,0.0,0.0,1.0,1.0,0.695678102053335,0.0,0.0,1.0,1.0,0.0
4885,3271d4013cb715ce0,True,,,,,,,,,,1.0,1.0,0.0,1.0,0.8065144118557536,1.0,0.0,1.0,0.0,0.0
4886,37f45087a3d60aaff,True,,,,,,,,,,0.0,1.0,1.0,1.0,0.7629914105883463,0.0,0.0,1.0,1.0,0.0
4887,79fb2b729214ceac0,True,,,,,,,,,,0.0,1.0,0.0,1.0,0.7436615032707223,0.0,0.0,1.0,1.0,0.0
4888,11c4a9e4096f68947,True,,,,,,,,,,1.0,1.0,1.0,1.0,0.6404826371904566,1.0,1.0,1.0,1.0,0.8876508241220177
4889,1977bcc474e42d28a,True,,,,,,,,,,1.0,1.0,0.5,1.0,1.0,1.0,0.0,1.0,1.0,0.4375
4890,7af1b1dbb5689cb43,True,,,,,,,,,,1.0,1.0,1.0,1.0,0.3355478541821473,1.0,1.0,1.0,1.0,0.792358704431921
4891,b95297d2453c0e1e8,True,,,,,,,,,,1.0,0.0,1.0,1.0,1.0,1.0,1.0,1.0,1.0,0.0
4892,fa08741543328286c,True,,,,,,,,,,1.0,1.0,1.0,1.0,0.5710352164776593,1.0,1.0,1.0,0.0,0.7409485051492686
4893,5f775bac151622950,True,,,,,,,,,,1.0,0.0,1.0,1.0,0.7525203633691024,1.0,0.0,1.0,1.0,0.0
4894,e620593c6271f1028,True,,,,,,,,,,1.0,0.0,1.0,1.0,0.7213806100313194,1.0,1.0,1.0,1.0,0.0
4895,c7d0ddf8a1a463297,True,,,,,,,,,,1.0,1.0,1.0,1.0,0.6895303589809092,1.0,1.0,1.0,1.0,0.9029782371815341
4896,64048e12035273b06,True,,,,,,,,,,1.0,1.0,1.0,1.0,0.4357367266630744,1.0,1.0,1.0,0.0,0.6986677270822108
4897,c2e48998f58fcf229,True,,,,,,,,,,1.0,1.0,1.0,1.0,0.3905963189047345,1.0,1.0,1.0,1.0,0.8095613496577295
4898,f3895fbfb8df71a43,True,,,,,,,,,,1.0,1.0,1.0,1.0,0.8878422931093661,1.0,1.0,1.0,1.0,0.9649507165966769
4899,09b94e3a221caebb6,True,,,,,,,,,,1.0,0.0,0.5,1.0,1.0,1.0,0.0,1.0,1.0,0.0
4900,7a9cbf03b55e84c29,True,,,,,,,,,,1.0,1.0,1.0,1.0,0.284342521156603,1.0,1.0,1.0,1.0,0.7763570378614384
4901,daff4b299dac7a03f,True,,,,,,,,,,1.0,1.0,1.0,1.0,1.0,1.0,1.0,1.0,1.0,1.0
4902,c966f12167e10d758,True,,,,,,,,,,1.0,1.0,1.0,1.0,0.5483652182107268,1.0,1.0,1.0,0.0,0.7338641306908521
4903,28129e06d328f708d,True,,,,,,,,,,1.0,1.0,1.0,1.0,0.7304724351700979,1.0,1.0,0.0,1.0,0.7907726359906556
4904,0d26c23bce11ae16b,True,,,,,,,,,,1.0,0.0,1.0,1.0,0.8442665940300403,1.0,1.0,1.0,0.0,0.0
4905,aac5e172e96b86e25,True,,,,,,,,,,1.0,1.0,0.5,1.0,1.0,1.0,0.0,1.0,0.0,0.375
4906,cbe052f2880b9cd3c,True,,,,,,,,,,1.0,1.0,1.0,1.0,0.6916878950002453,1.0,1.0,1.0,1.0,0.9036524671875766
4907,e9edc42aeefc7e850,True,,,,,,,,,,1.0,1.0,0.0,1.0,0.7553407643131892,1.0,0.0,1.0,1.0,0.0
4908,083ca0b9e4853254e,True,,,,,,,,,,1.0,0.0,1.0,1.0,1.0,1.0,0.0,1.0,1.0,0.0
4909,01898e4c2520a9400,True,,,,,,,,,,1.0,1.0,1.0,1.0,0.7667025204403027,1.0,1.0,0.0,1.0,0.8020945376375946
4910,df257ceb4f8312a9b,True,,,,,,,,,,0.0,1.0,0.0,1.0,1.0,0.0,0.0,1.0,1.0,0.0
4911,0f675cf0cf0417413,True,,,,,,,,,,0.0,0.0,1.0,1.0,1.0,0.0,0.0,1.0,0.0,0.0
4912,322862242b452cccc,True,,,,,,,,,,1.0,0.0,1.0,1.0,0.6769179726745271,1.0,0.0,1.0,1.0,0.0
4913,84216c5077769d755,True,,,,,,,,,,0.0,0.0,0.0,1.0,1.0,1.0,0.0,1.0,0.0,0.0
4914,1b844c67dec9fe5a6,True,,,,,,,,,,1.0,1.0,1.0,1.0,0.6181732074008333,1.0,0.0,1.0,0.0,0.6306791273127603
4915,b77eab715fa3e5a65,True,,,,,,,,,,1.0,1.0,1.0,1.0,0.6766156827492666,1.0,1.0,1.0,1.0,0.8989424008591458
4916,e829e9b1fb63a8774,True,,,,,,,,,,1.0,0.0,1.0,1.0,1.0,1.0,0.0,1.0,1.0,0.0
4917,363ef196e8503db27,True,,,,,,,,,,1.0,1.0,1.0,1.0,0.7325140733460656,1.0,1.0,1.0,1.0,0.9164106479206455
4918,0225e9a16d781eb96,True,,,,,,,,,,0.0,1.0,0.0,1.0,1.0,0.0,0.0,1.0,1.0,0.0
4919,daf6f2775f3fee4c9,True,,,,,,,,,,1.0,1.0,1.0,1.0,0.36705603569246437,1.0,0.0,1.0,1.0,0.6772050111538951
4920,09abf15b5898e308b,True,,,,,,,,,,1.0,0.0,0.0,1.0,1.0,1.0,0.0,1.0,1.0,0.0
4921,dfaaf61d58472b476,True,,,,,,,,,,1.0,1.0,1.0,1.0,0.6773407740875107,1.0,1.0,1.0,1.0,0.8991689919023471
4922,e929306025479f705,True,,,,,,,,,,1.0,0.0,0.0,1.0,1.0,1.0,1.0,1.0,0.0,0.0
4923,456c64c9a6cfefe27,True,,,,,,,,,,1.0,1.0,1.0,1.0,0.486731650199011,1.0,0.0,1.0,1.0,0.714603640687191
4924,02cf44d6c32b48bea,True,,,,,,,,,,1.0,1.0,1.0,1.0,0.813101711548146,1.0,1.0,0.0,1.0,0.8165942848587957
4925,afcd4a859a99df309,True,,,,,,,,,,1.0,1.0,1.0,1.0,1.0,1.0,1.0,1.0,0.0,0.875
4926,186f59c514ff34824,True,,,,,,,,,,1.0,1.0,1.0,1.0,1.0,1.0,1.0,1.0,0.0,0.875
4927,6e1dbb531aa7e9555,True,,,,,,,,,,1.0,1.0,1.0,1.0,0.7380247105478056,1.0,0.0,1.0,1.0,0.7931327220461892
4928,c35bfd24684ea8d55,True,,,,,,,,,,1.0,1.0,1.0,1.0,0.7919604272878691,0.0,0.0,1.0,1.0,0.49748763352745906
4929,e320a3747ddfe4a53,True,,,,,,,,,,1.0,0.0,0.5,1.0,0.8647425560606707,1.0,0.0,1.0,1.0,0.0
4930,1e4fec4c7ed8b79e5,True,,,,,,,,,,1.0,1.0,1.0,1.0,0.6540893638530051,1.0,1.0,1.0,0.0,0.7669029262040641
4931,7e1f129d7bf7e7065,True,,,,,,,,,,1.0,1.0,1.0,1.0,1.0,1.0,1.0,1.0,0.0,0.875
4932,7cd1093d133170449,True,,,,,,,,,,1.0,0.0,1.0,1.0,1.0,1.0,1.0,1.0,0.0,0.0
4933,88805cefd139114f5,True,,,,,,,,,,0.0,1.0,1.0,1.0,1.0,0.0,0.0,1.0,1.0,0.0
4934,812c204d59813e5fb,True,,,,,,,,,,1.0,1.0,1.0,1.0,0.5645967782460234,1.0,1.0,1.0,1.0,0.8639364932018823
4935,5b01b06231ac39143,True,,,,,,,,,,1.0,1.0,1.0,1.0,0.7733475452874009,1.0,1.0,1.0,1.0,0.9291711079023128
4936,dc83f2167ec7e2ca3,True,,,,,,,,,,0.0,1.0,1.0,1.0,1.0,0.0,0.0,1.0,0.0,0.0
4937,fec1c3f2a8d0d6136,True,,,,,,,,,,0.5,0.0,0.0,1.0,1.0,0.0,0.0,1.0,1.0,0.0
4938,67580f8a1bb721dcf,True,,,,,,,,,,1.0,1.0,1.0,1.0,0.6474969980616121,1.0,1.0,1.0,1.0,0.8898428118942538
4939,0a16bdbfa64eeb441,True,,,,,,,,,,1.0,0.0,0.5,1.0,1.0,1.0,1.0,1.0,1.0,0.0
4940,b7b2aa82af5f10496,True,,,,,,,,,,1.0,1.0,1.0,1.0,0.49632151267278785,1.0,0.0,1.0,1.0,0.7176004727102462
4941,0ac5f53f5bbf5603e,True,,,,,,,,,,1.0,1.0,1.0,1.0,1.0,1.0,1.0,1.0,0.0,0.875
4942,89b122a0c34e4ff5b,True,,,,,,,,,,0.0,0.0,1.0,1.0,0.7813552005248455,0.0,0.0,1.0,1.0,0.0
4943,e6d6645a3d41d9627,True,,,,,,,,,,1.0,1.0,1.0,1.0,1.0,1.0,1.0,1.0,0.0,0.875
4944,dc91e0fc1f890f6bc,True,,,,,,,,,,1.0,0.0,0.0,1.0,0.9145198906919982,1.0,1.0,1.0,1.0,0.0
4945,d7e2b5995b440ae0b,True,,,,,,,,,,0.0,1.0,1.0,1.0,1.0,0.0,1.0,1.0,1.0,0.0
4946,a78de65bf5a2ee68b,True,,,,,,,,,,1.0,0.0,1.0,1.0,1.0,1.0,1.0,1.0,1.0,0.0
4947,4410c6e64d170360d,True,,,,,,,,,,1.0,0.0,0.5,1.0,1.0,1.0,0.0,1.0,1.0,0.0
4948,fa4a246511ab86e8d,True,,,,,,,,,,1.0,0.0,0.0,1.0,1.0,1.0,0.0,1.0,1.0,0.0
4949,4189825e20758be70,True,,,,,,,,,,1.0,1.0,1.0,1.0,0.5546796381151886,1.0,1.0,1.0,1.0,0.8608373869109964
4950,e2b3b0ba92343745a,True,,,,,,,,,,1.0,1.0,1.0,1.0,1.0,1.0,1.0,1.0,1.0,1.0
4951,0d82f96df900285cb,True,,,,,,,,,,1.0,1.0,1.0,1.0,0.42342452298722894,1.0,1.0,1.0,1.0,0.819820163433509
4952,e5f171ef890e7a042,True,,,,,,,,,,1.0,1.0,1.0,1.0,0.8369623243336445,1.0,0.0,1.0,1.0,0.8240507263542639
4953,02d32235a5a1497cc,True,,,,,,,,,,1.0,1.0,1.0,1.0,0.40915831049888945,1.0,0.0,1.0,1.0,0.690361972030903
4954,70543352531547cfd,True,,,,,,,,,,1.0,0.0,0.5,1.0,1.0,1.0,0.0,1.0,0.0,0.0
4955,749fa88824e849ee8,True,,,,,,,,,,1.0,1.0,1.0,1.0,0.7368268295458094,0.0,0.0,1.0,0.0,0.35525838423306544
4956,fe05597461d3229f2,True,,,,,,,,,,1.0,0.0,1.0,1.0,0.4963422200704931,1.0,1.0,1.0,0.0,0.0
4957,c107f7eeb5856c0bf,True,,,,,,,,,,1.0,1.0,0.0,1.0,0.968852580773311,1.0,1.0,1.0,1.0,0.0
4958,f8b4dade556ee29d7,True,,,,,,,,,,1.0,1.0,1.0,1.0,0.8369521494595663,1.0,0.0,1.0,0.0,0.6990475467061145
4959,fc8281af0699f4976,True,,,,,,,,,,1.0,1.0,1.0,1.0,0.5627097817727007,1.0,0.0,1.0,1.0,0.7383468068039689
4960,f54aae942b797da5a,True,,,,,,,,,,1.0,1.0,1.0,1.0,0.8501801119674397,1.0,0.0,1.0,1.0,0.8281812849898249
4961,5fcf415bcf1a37722,True,,,,,,,,,,0.0,1.0,1.0,1.0,1.0,0.0,0.0,1.0,0.0,0.0
4962,03777a197c96bea9d,True,,,,,,,,,,1.0,1.0,1.0,1.0,0.7477045037103017,1.0,1.0,1.0,0.0,0.7961576574094693
4963,d16bc6d48c2d674bc,True,,,,,,,,,,1.0,1.0,0.0,1.0,1.0,1.0,0.0,1.0,1.0,0.0
4964,481cb8f4c173a9ed0,True,,,,,,,,,,1.0,1.0,1.0,1.0,0.7246718545170244,1.0,1.0,1.0,0.0,0.7889599545365702
4965,a4dd32146e7a66591,True,,,,,,,,,,1.0,1.0,1.0,1.0,0.8037792100149349,1.0,1.0,1.0,1.0,0.9386810031296672
4966,951dde0b224c880bd,True,,,,,,,,,,1.0,1.0,1.0,1.0,0.7021675223857632,1.0,1.0,1.0,1.0,0.906927350745551
4967,15e2547cb8af6e312,True,,,,,,,,,,1.0,0.0,0.5,1.0,1.0,1.0,0.0,1.0,0.0,0.0
4968,f2ee403d63c2cb379,True,,,,,,,,,,1.0,1.0,0.0,0.0,1.0,1.0,0.0,1.0,1.0,0.0
4969,c4f1bbae37da9b03a,True,,,,,,,,,,1.0,1.0,1.0,1.0,0.5505879473744203,1.0,1.0,1.0,1.0,0.8595587335545063
4970,76385bcb475cc16b8,True,,,,,,,,,,0.0,1.0,0.0,1.0,1.0,0.0,0.0,0.0,0.0,0.0
4971,46e64616eb8cc57af,True,,,,,,,,,,1.0,1.0,1.0,1.0,0.7709079028677344,1.0,0.0,1.0,1.0,0.803408719646167
4972,9d01fb3bc5ce52bd1,True,,,,,,,,,,1.0,0.0,1.0,1.0,0.7371917778217902,1.0,1.0,1.0,1.0,0.0
4973,960a0cd8fd6e4be22,True,,,,,,,,,,0.0,0.0,1.0,1.0,1.0,0.0,1.0,1.0,1.0,0.0
4974,583a61a4880467bf7,True,,,,,,,,,,1.0,1.0,1.0,1.0,0.42567677219128003,1.0,1.0,1.0,1.0,0.820523991309775
4975,5d571e3d1a02ea00b,True,,,,,,,,,,1.0,0.0,1.0,1.0,0.8941832402020207,1.0,0.0,1.0,1.0,0.0
4976,bf934afd68e4b2573,True,,,,,,,,,,1.0,1.0,0.0,1.0,1.0,1.0,0.0,1.0,1.0,0.0
4977,37c49a3e38b6b7781,True,,,,,,,,,,1.0,0.0,1.0,1.0,0.5268565726103288,1.0,1.0,1.0,1.0,0.0
4978,1fbe931a028dff6f9,True,,,,,,,,,,1.0,1.0,0.0,1.0,1.0,1.0,1.0,1.0,0.0,0.0
4979,6b8247643fb8d921c,True,,,,,,,,,,1.0,1.0,1.0,1.0,0.3349682865514956,1.0,0.0,1.0,1.0,0.6671775895473424
4980,9e8bcf0ba8fefe716,True,,,,,,,,,,1.0,1.0,1.0,1.0,1.0,1.0,1.0,1.0,1.0,1.0
4981,cd7d476e450a5083d,True,,,,,,,,,,1.0,0.0,1.0,1.0,0.2301621569606857,1.0,1.0,1.0,1.0,0.0
4982,fd21a94f937e1535f,True,,,,,,,,,,1.0,0.0,1.0,1.0,0.3016208960409973,1.0,1.0,1.0,0.0,0.0
4983,adbf76475e83933e1,True,,,,,,,,,,0.0,0.0,0.5,1.0,1.0,0.0,0.0,1.0,1.0,0.0
4984,bf8b68552794d8026,True,,,,,,,,,,1.0,1.0,1.0,1.0,0.8117320184784914,1.0,0.0,1.0,1.0,0.8161662557745286
4985,c398b0b20ab17435c,True,,,,,,,,,,1.0,1.0,1.0,1.0,0.7415128863556664,1.0,0.0,1.0,0.0,0.6692227769861457
4986,6b611802253a6f2c9,True,,,,,,,,,,1.0,1.0,1.0,1.0,0.930432843446381,1.0,0.0,1.0,1.0,0.8532602635769941
4987,a9beba0462c712f13,True,,,,,,,,,,1.0,1.0,1.0,1.0,0.8979050761351017,1.0,1.0,1.0,0.0,0.8430953362922193
4988,d5e47bbb90de1d48f,True,,,,,,,,,,1.0,0.0,1.0,1.0,1.0,1.0,0.0,1.0,0.0,0.0
4989,2dbe11fffefbf239c,True,,,,,,,,,,1.0,0.0,0.0,1.0,0.565523987238363,1.0,1.0,1.0,1.0,0.0
4990,4485e78013e23fef4,True,,,,,,,,,,1.0,1.0,0.0,1.0,1.0,1.0,0.0,1.0,0.0,0.0
4991,4a53fe73af8c37bee,True,,,,,,,,,,1.0,1.0,1.0,1.0,0.6547597329529866,1.0,0.0,1.0,1.0,0.7671124165478083
4992,d44cdc5b9b4da0e54,True,,,,,,,,,,1.0,1.0,1.0,1.0,0.689671251236704,1.0,1.0,1.0,1.0,0.90302226601147
4993,a0dc275ea4b2b9c05,True,,,,,,,,,,1.0,1.0,1.0,1.0,0.960640844904864,1.0,1.0,1.0,1.0,0.98770026403277
4994,343c682cb6fb49290,True,,,,,,,,,,1.0,1.0,1.0,1.0,1.0,1.0,0.0,1.0,0.0,0.75
4995,e64bbff1f3e0c30be,True,,,,,,,,,,1.0,1.0,1.0,1.0,0.3466291581513892,1.0,0.0,1.0,1.0,0.6708216119223092
4996,dbf49f5df6cc0b159,True,,,,,,,,,,0.0,0.0,1.0,1.0,1.0,1.0,0.0,1.0,0.0,0.0
4997,98d803d8ab5715cf8,True,,,,,,,,,,1.0,1.0,1.0,1.0,0.6110608105295593,1.0,1.0,0.0,0.0,0.6284565032904873
4998,cc5c74bb358203037,True,,,,,,,,,,1.0,0.0,0.0,1.0,1.0,1.0,0.0,1.0,1.0,0.0
4999,6f730ed4241558274,True,,,,,,,,,,1.0,1.0,0.5,1.0,1.0,1.0,0.0,1.0,1.0,0.4375
5000,a87447007dd75f539,True,,,,,,,,,,1.0,1.0,1.0,1.0,0.707696026868366,1.0,1.0,1.0,0.0,0.7836550083963644
5001,b589b9a8082420ee5,True,,,,,,,,,,1.0,1.0,1.0,1.0,1.0,1.0,0.0,1.0,0.0,0.75
5002,e0747e9a8b7b42be1,True,,,,,,,,,,1.0,1.0,1.0,1.0,0.6591341079436156,1.0,0.0,1.0,1.0,0.7684794087323799
5003,591164dffebc72c33,True,,,,,,,,,,1.0,1.0,1.0,1.0,1.0,1.0,1.0,1.0,0.0,0.875
5004,9fe9464c7d920430e,True,,,,,,,,,,1.0,0.0,0.5,1.0,1.0,1.0,0.0,1.0,0.0,0.0
5005,d5638ab82149e235f,True,,,,,,,,,,1.0,1.0,1.0,1.0,0.8319054186673968,1.0,1.0,1.0,1.0,0.9474704433335615
5006,b83cdd77a941b515d,True,,,,,,,,,,1.0,1.0,0.0,1.0,1.0,1.0,0.0,1.0,0.0,0.0
5007,83daac46cb68fabb0,True,,,,,,,,,,1.0,0.0,1.0,1.0,0.5076714195202464,1.0,1.0,1.0,0.0,0.0
5008,c27589c1692f0a130,True,,,,,,,,,,1.0,1.0,1.0,1.0,0.8443702897561516,1.0,1.0,1.0,1.0,0.9513657155487973
5009,9b14a119979ac6d94,True,,,,,,,,,,1.0,1.0,1.0,1.0,1.0,1.0,0.0,1.0,1.0,0.875
5010,4aa85cd3f686e016d,True,,,,,,,,,,1.0,1.0,1.0,1.0,0.49073435912528507,1.0,1.0,1.0,0.0,0.7158544872266516
5011,08616e3e14acc949b,True,,,,,,,,,,1.0,1.0,1.0,1.0,1.0,1.0,0.0,1.0,1.0,0.875
5012,2d69cb0443fc22cf0,True,,,,,,,,,,0.0,1.0,1.0,1.0,1.0,0.0,1.0,1.0,1.0,0.0
5013,18cc6c426879cd157,True,,,,,,,,,,1.0,0.0,1.0,1.0,1.0,1.0,1.0,1.0,1.0,0.0
5014,3d05bde7ec3405ddd,True,,,,,,,,,,1.0,1.0,1.0,1.0,0.9952998951151165,1.0,0.0,1.0,1.0,0.8735312172234739
5015,33def08f34be607b9,True,,,,,,,,,,1.0,0.0,1.0,1.0,1.0,1.0,0.0,1.0,1.0,0.0
5016,4ce31f5e37ac47b5f,True,,,,,,,,,,1.0,1.0,1.0,1.0,0.6103375309150435,1.0,1.0,1.0,1.0,0.8782304784109511
5017,8a2f9fc5fa33f4001,True,,,,,,,,,,1.0,0.0,0.5,1.0,1.0,1.0,0.0,1.0,0.0,0.0
5018,bd52a44e8dce6c6d8,True,,,,,,,,,,1.0,1.0,1.0,1.0,1.0,1.0,0.0,1.0,1.0,0.875
5019,2da594e725662f7c5,True,,,,,,,,,,1.0,1.0,1.0,1.0,0.8094307372618261,1.0,1.0,1.0,1.0,0.9404471053943206
5020,9f30b4f8547cd991f,True,,,,,,,,,,0.0,1.0,1.0,0.0,1.0,0.0,1.0,1.0,0.0,0.0
5021,385a771804ff89676,True,,,,,,,,,,1.0,0.0,1.0,1.0,0.8871466854093417,1.0,0.0,1.0,1.0,0.0
5022,5c732851fcda6c88c,True,,,,,,,,,,1.0,0.0,0.5,1.0,0.529613101714941,1.0,0.0,1.0,1.0,0.0
5023,031e271f324d8fe95,True,,,,,,,,,,1.0,1.0,1.0,1.0,1.0,1.0,0.0,1.0,1.0,0.875
5024,3e5e5f35dd00868f1,True,,,,,,,,,,1.0,1.0,1.0,1.0,1.0,0.0,1.0,1.0,0.0,0.5625
5025,6d649dcdbc3037d7a,True,,,,,,,,,,1.0,1.0,1.0,1.0,0.6813153293668385,1.0,0.0,1.0,0.0,0.650411040427137
5026,de42e07d2e34faed5,True,,,,,,,,,,1.0,1.0,1.0,1.0,0.5702978187856615,1.0,0.0,1.0,0.0,0.6157180683705192
5027,8567f7439d7a4586e,True,,,,,,,,,,1.0,1.0,1.0,1.0,1.0,1.0,1.0,1.0,0.0,0.875
5028,7daae87faa1540ace,True,,,,,,,,,,1.0,1.0,1.0,1.0,0.777929451516623,1.0,0.0,1.0,1.0,0.8056029535989446
5029,40f4ad799feb54f82,True,,,,,,,,,,1.0,0.0,1.0,0.0,1.0,1.0,1.0,1.0,0.0,0.0
5030,e30153992e5712828,True,,,,,,,,,,1.0,1.0,1.0,1.0,0.44915467238836243,1.0,1.0,1.0,0.0,0.7028608351213632
5031,ce3d7615ed78d6c47,True,,,,,,,,,,0.0,1.0,1.0,1.0,0.8539902230649862,0.0,1.0,1.0,0.0,0.0
5032,0d922ca55b8036075,True,,,,,,,,,,0.0,1.0,1.0,1.0,0.9350912011369811,0.0,1.0,1.0,1.0,0.0
5033,83316d588a0204528,True,,,,,,,,,,1.0,1.0,1.0,1.0,1.0,1.0,1.0,1.0,1.0,1.0
5034,03ba5f567d1b3dc30,True,,,,,,,,,,1.0,1.0,1.0,1.0,0.24738261762655775,1.0,1.0,1.0,1.0,0.7648070680082992
5035,0fc649902e2af4e9e,True,,,,,,,,,,1.0,1.0,1.0,1.0,0.7970040365479635,1.0,1.0,1.0,1.0,0.9365637614212385
5036,590744a9d3d5652dd,True,,,,,,,,,,1.0,1.0,1.0,1.0,0.7586628167845872,1.0,0.0,1.0,1.0,0.7995821302451835
5037,b9bc285e03f488e64,True,,,,,,,,,,1.0,1.0,1.0,1.0,1.0,1.0,0.0,1.0,1.0,0.875
5038,2dac2b9cae0ff11f8,True,,,,,,,,,,1.0,1.0,0.5,1.0,1.0,1.0,0.0,1.0,1.0,0.4375
5039,c138df3ef41d3bfe5,True,,,,,,,,,,1.0,0.0,1.0,1.0,0.9040889058047838,1.0,1.0,0.0,1.0,0.0
5040,a4d8865551f14fe33,True,,,,,,,,,,1.0,1.0,1.0,1.0,0.6976730904790924,1.0,0.0,1.0,1.0,0.7805228407747165
5041,3432391c5dca44cf9,True,,,,,,,,,,1.0,1.0,1.0,1.0,0.7907412058878367,1.0,1.0,1.0,1.0,0.934606626839949
5042,fff510b0ac67a1e0a,True,,,,,,,,,,1.0,1.0,1.0,1.0,0.5867708583937759,1.0,0.0,1.0,1.0,0.745865893248055
5043,ec56aefe2cb604a4f,True,,,,,,,,,,1.0,1.0,1.0,1.0,1.0,1.0,1.0,1.0,0.0,0.875
5044,bebc043b24bdb6ddf,True,,,,,,,,,,1.0,1.0,1.0,1.0,0.25599559731074667,1.0,1.0,1.0,0.0,0.6424986241596083
5045,50f513cc32849ede8,True,,,,,,,,,,1.0,1.0,1.0,1.0,0.7964703782211355,1.0,1.0,1.0,0.0,0.8113969931941049
5046,ae591052e837d1674,True,,,,,,,,,,1.0,1.0,1.0,1.0,0.5751212700828566,1.0,1.0,1.0,0.0,0.7422253969008927
5047,05eb9641b2003663e,True,,,,,,,,,,1.0,1.0,1.0,1.0,1.0,1.0,1.0,1.0,0.0,0.875
5048,e987a00eb520c3af5,True,,,,,,,,,,1.0,1.0,1.0,1.0,0.3263746431849038,1.0,1.0,1.0,1.0,0.7894920759952824
5049,ff06d29f106ca64e4,True,,,,,,,,,,1.0,1.0,1.0,1.0,1.0,1.0,0.0,1.0,1.0,0.875
5050,19b05b1af3b23f887,True,,,,,,,,,,1.0,1.0,0.0,1.0,1.0,1.0,0.0,1.0,1.0,0.0
5051,fdf5d3fe80143a1aa,True,,,,,,,,,,1.0,1.0,1.0,1.0,0.868067312294551,1.0,1.0,1.0,0.0,0.8337710350920472
5052,b9f22151c02f5a7d4,True,,,,,,,,,,0.0,1.0,0.5,1.0,1.0,0.0,1.0,1.0,1.0,0.0
5053,35fe984f84deeb76b,True,,,,,,,,,,1.0,1.0,1.0,1.0,0.8114919824679045,1.0,1.0,1.0,0.0,0.8160912445212202
5054,10446a2ec2be065e7,True,,,,,,,,,,1.0,1.0,1.0,1.0,0.8968868649075268,1.0,1.0,1.0,1.0,0.9677771452836021
5055,3b556146eac4e59da,True,,,,,,,,,,1.0,1.0,1.0,1.0,0.8679763791537654,1.0,0.0,1.0,1.0,0.8337426184855516
5056,5688641dd10efb02d,True,,,,,,,,,,1.0,1.0,1.0,1.0,0.9928573265265016,1.0,1.0,1.0,1.0,0.9977679145395317
5057,6d2b3bf21e89475b9,True,,,,,,,,,,1.0,1.0,1.0,1.0,1.0,1.0,1.0,1.0,0.0,0.875
5058,7ca5efbee05a576cf,True,,,,,,,,,,1.0,1.0,0.0,1.0,1.0,1.0,0.0,1.0,1.0,0.0
5059,098638022c2e17fd7,True,,,,,,,,,,1.0,1.0,1.0,1.0,0.058935169472393516,1.0,0.0,1.0,1.0,0.580917240460123
5060,b5dd0e82552c5ca8c,True,,,,,,,,,,1.0,1.0,0.0,1.0,0.7680271791457327,1.0,1.0,1.0,0.0,0.0
5061,3eff742f795344f8e,True,,,,,,,,,,1.0,0.0,1.0,1.0,0.0,1.0,0.0,1.0,1.0,0.0
5062,89184cd5e26fb9bde,True,,,,,,,,,,1.0,1.0,1.0,1.0,1.0,1.0,0.0,1.0,1.0,0.875
5063,46790b0b88d5ee5b3,True,,,,,,,,,,1.0,1.0,1.0,1.0,1.0,1.0,1.0,1.0,0.0,0.875
5064,13aeb83dad95704fa,True,,,,,,,,,,1.0,1.0,1.0,1.0,0.92584614288316,1.0,0.0,1.0,0.0,0.7268269196509876
5065,6eb2d372480ee2f5b,True,,,,,,,,,,1.0,1.0,1.0,1.0,1.0,1.0,1.0,1.0,0.0,0.875
5066,b3c45b51a36a0ed65,True,,,,,,,,,,1.0,0.0,1.0,1.0,0.638232914386151,1.0,1.0,1.0,0.0,0.0
5067,ae40e2e1ac7bb59ef,True,,,,,,,,,,1.0,1.0,1.0,1.0,0.8097335677658476,1.0,1.0,1.0,0.0,0.8155417399268274
5068,696843a23b748f1b0,True,,,,,,,,,,1.0,1.0,0.5,1.0,1.0,1.0,1.0,1.0,1.0,0.5
5069,c217a9de321bd6af3,True,,,,,,,,,,1.0,1.0,1.0,1.0,1.0,1.0,0.0,0.0,1.0,0.75
5070,0222e5d829f11ad1c,True,,,,,,,,,,0.0,0.0,0.0,1.0,1.0,0.0,0.0,1.0,1.0,0.0
5071,19b51ad1679f9fa3c,True,,,,,,,,,,1.0,1.0,1.0,1.0,0.5912365533146231,1.0,1.0,1.0,1.0,0.8722614229108197
5072,705844c20fec39ce6,True,,,,,,,,,,1.0,1.0,1.0,1.0,0.9199746163347944,1.0,1.0,1.0,0.0,0.8499920676046233
5073,4d43428f5f573b6b1,True,,,,,,,,,,1.0,0.0,1.0,1.0,0.7758413157526909,1.0,1.0,1.0,0.0,0.0
5074,c1ab514b18918fc4d,True,,,,,,,,,,1.0,1.0,1.0,0.0,0.37929316268792884,1.0,0.0,1.0,1.0,0.0
5075,842c77c109ef3215c,True,,,,,,,,,,1.0,0.0,0.5,1.0,1.0,1.0,0.0,1.0,0.0,0.0
5076,01ac04b9f18ecdbc6,True,,,,,,,,,,1.0,0.0,0.5,1.0,1.0,1.0,0.0,1.0,0.0,0.0
5077,3791263c877ce2d77,True,,,,,,,,,,1.0,1.0,1.0,0.0,1.0,1.0,1.0,1.0,1.0,0.0
5078,10933ac8239bd6fbb,True,,,,,,,,,,1.0,0.0,1.0,1.0,0.5795104363625276,1.0,1.0,1.0,1.0,0.0
5079,e73143b99e1e6dcd3,True,,,,,,,,,,1.0,1.0,1.0,1.0,0.37282428991334077,1.0,0.0,1.0,1.0,0.6790075905979189
5080,6eb7971620ae92336,True,,,,,,,,,,1.0,0.0,0.5,1.0,1.0,1.0,1.0,1.0,0.0,0.0
5081,eaf95271513c8b2e5,True,,,,,,,,,,1.0,1.0,1.0,1.0,0.5749432412364722,1.0,1.0,1.0,0.0,0.7421697628863976
5082,7712653347183e698,True,,,,,,,,,,1.0,1.0,1.0,1.0,0.8236419377396947,1.0,0.0,1.0,1.0,0.8198881055436547
5083,621583964b8d7bc4a,True,,,,,,,,,,1.0,1.0,1.0,1.0,0.9708788155164912,0.0,1.0,1.0,0.0,0.5533996298489035
5084,7516958eab299d94d,True,,,,,,,,,,1.0,1.0,1.0,1.0,1.0,1.0,1.0,1.0,0.0,0.875
5085,1d5e8b5ded8ee3baf,True,,,,,,,,,,1.0,1.0,1.0,1.0,0.8006010690182911,1.0,1.0,1.0,1.0,0.937687834068216
5086,69958b4858f9aa696,True,,,,,,,,,,1.0,1.0,1.0,1.0,0.9267522787397799,1.0,1.0,1.0,0.0,0.8521100871061813
5087,f2c959958c4b3a8f0,True,,,,,,,,,,1.0,1.0,1.0,1.0,1.0,1.0,0.0,1.0,0.0,0.75
5088,14a8b09c096718d35,True,,,,,,,,,,1.0,1.0,1.0,1.0,0.543039325583376,0.0,0.0,1.0,1.0,0.419699789244805
5089,8078500be0a3e5743,True,,,,,,,,,,1.0,1.0,1.0,1.0,0.6086156804872653,1.0,1.0,0.0,0.0,0.6276924001522703
5090,c783da5c9c8124365,True,,,,,,,,,,1.0,1.0,0.0,1.0,1.0,1.0,0.0,1.0,1.0,0.0
5091,19f37ab0ecf15f254,True,,,,,,,,,,1.0,0.0,0.5,1.0,0.9840907138342811,1.0,0.0,1.0,1.0,0.0
5092,0980084e5c33ab76e,True,,,,,,,,,,1.0,1.0,1.0,1.0,0.6076960014384736,1.0,1.0,1.0,0.0,0.752405000449523
5093,96ae6eb1972fb4ba7,True,,,,,,,,,,1.0,1.0,0.0,1.0,1.0,0.0,0.0,0.0,0.0,0.0
5094,ac3ff7df2071920ad,True,,,,,,,,,,1.0,1.0,1.0,1.0,1.0,1.0,0.0,1.0,0.0,0.75
5095,dd2c6fc9d1939f427,True,,,,,,,,,,1.0,1.0,1.0,1.0,0.07487834946745027,1.0,1.0,1.0,1.0,0.7108994842085782
5096,b9ec6c1f605a620f0,True,,,,,,,,,,1.0,1.0,1.0,1.0,0.8072376813401344,1.0,0.0,1.0,1.0,0.814761775418792
5097,fa38f3940f913e8fd,True,,,,,,,,,,1.0,0.0,1.0,1.0,1.0,1.0,0.0,1.0,0.0,0.0
5098,da3afbb4ab75483b4,True,,,,,,,,,,0.0,0.0,0.0,1.0,1.0,0.0,0.0,0.0,0.0,0.0
5099,c55fd3e0272579bda,True,,,,,,,,,,1.0,1.0,1.0,1.0,1.0,1.0,1.0,1.0,0.0,0.875
5100,f74297ce90b621563,True,,,,,,,,,,1.0,0.0,1.0,1.0,0.623205910370132,1.0,0.0,1.0,0.0,0.0
5101,2f1499aa1461b6ec6,True,,,,,,,,,,1.0,0.0,0.0,1.0,1.0,1.0,0.0,1.0,1.0,0.0
5102,5dba5a1d4aea8c679,True,,,,,,,,,,1.0,1.0,1.0,1.0,0.6504188981268917,1.0,0.0,1.0,0.0,0.6407559056646537
5103,686930fbb99ca475c,True,,,,,,,,,,1.0,1.0,1.0,1.0,0.20240317836675023,1.0,0.0,1.0,1.0,0.6257509932396095
5104,b12d970eb84c1530f,True,,,,,,,,,,1.0,1.0,1.0,1.0,1.0,1.0,0.0,1.0,1.0,0.875
5105,e5c6c91f1d3892636,True,,,,,,,,,,1.0,1.0,1.0,1.0,0.9057352914891141,1.0,1.0,1.0,0.0,0.8455422785903481
5106,d338d0b0f53782114,True,,,,,,,,,,1.0,1.0,1.0,1.0,0.9093345370395737,1.0,0.0,1.0,0.0,0.7216670428248668
5107,bf348ece26ab3f920,True,,,,,,,,,,0.0,1.0,1.0,1.0,1.0,0.0,0.0,1.0,1.0,0.0
5108,73277da7106839e94,True,,,,,,,,,,0.0,1.0,1.0,1.0,1.0,0.0,0.0,1.0,1.0,0.0
5109,63e3d0d0e92dfb4d5,True,,,,,,,,,,1.0,0.0,1.0,1.0,1.0,1.0,1.0,1.0,1.0,0.0
5110,3affb77370b09f4d7,True,,,,,,,,,,1.0,1.0,0.0,1.0,0.8581538678061571,1.0,0.0,1.0,1.0,0.0
5111,2a46d49b6aa55f1ca,True,,,,,,,,,,1.0,1.0,1.0,1.0,0.8772287151659318,1.0,1.0,1.0,1.0,0.9616339734893538
5112,f50ba88f5b3fedfcd,True,,,,,,,,,,1.0,1.0,1.0,1.0,0.47740169339140115,1.0,0.0,1.0,1.0,0.7116880291848129
5113,eaccd2408219e6f5e,True,,,,,,,,,,1.0,1.0,1.0,1.0,0.6787872206257837,1.0,0.0,1.0,0.0,0.6496210064455574
5114,b0fd56183680b68ae,True,,,,,,,,,,0.0,0.0,0.5,1.0,1.0,0.0,0.0,0.0,0.0,0.0
5115,6ba2025a22f212a94,True,,,,,,,,,,1.0,1.0,1.0,1.0,0.593264082493172,1.0,1.0,1.0,0.0,0.7478950257791163
5116,16a84f7e077130ca6,True,,,,,,,,,,1.0,1.0,0.0,1.0,1.0,1.0,0.0,1.0,1.0,0.0
5117,14a48836a583fe310,True,,,,,,,,,,1.0,1.0,1.0,1.0,0.7493574044435458,1.0,0.0,1.0,1.0,0.7966741888886081
5118,f960c8624d9938147,True,,,,,,,,,,1.0,1.0,0.0,1.0,1.0,1.0,0.0,1.0,1.0,0.0
5119,9bcb66e43b4092040,True,,,,,,,,,,0.5,0.0,1.0,1.0,1.0,0.0,0.0,1.0,1.0,0.0
5120,978616965b8fd4cd6,True,,,,,,,,,,1.0,1.0,1.0,1.0,0.5348491517738595,1.0,0.0,1.0,1.0,0.7296403599293311
5121,3c5f6c1f10df6f892,True,,,,,,,,,,1.0,0.0,1.0,1.0,1.0,1.0,1.0,1.0,1.0,0.0
5122,570c63685f0d25c8f,True,,,,,,,,,,1.0,1.0,1.0,1.0,0.6580570778100026,1.0,1.0,1.0,0.0,0.7681428368156258
5123,1f607fe68e3fc6846,True,,,,,,,,,,0.0,1.0,1.0,1.0,1.0,0.0,1.0,1.0,0.0,0.0
5124,8c317a99933b3b262,True,,,,,,,,,,1.0,1.0,0.5,1.0,1.0,1.0,0.0,1.0,0.0,0.375
5125,0d20e006578be6327,True,,,,,,,,,,0.0,1.0,0.5,1.0,1.0,0.0,0.0,1.0,1.0,0.0
5126,8ea9dd3d247a8435f,True,,,,,,,,,,1.0,1.0,1.0,1.0,0.6101230177890024,1.0,0.0,1.0,0.0,0.6281634430590632
5127,f0a661b0e2a358ecf,True,,,,,,,,,,1.0,1.0,1.0,1.0,0.36703690964319174,1.0,1.0,1.0,1.0,0.8021990342634975
5128,817d4b24592566035,True,,,,,,,,,,1.0,0.0,0.5,1.0,0.7979685575152937,1.0,0.0,1.0,0.0,0.0
5129,07d73bb7099662d82,True,,,,,,,,,,1.0,1.0,1.0,1.0,0.4234386991545349,1.0,0.0,1.0,0.0,0.5698245934857922
5130,d7cb69340aa436966,True,,,,,,,,,,1.0,1.0,1.0,1.0,0.21454600500468926,1.0,1.0,1.0,0.0,0.6295456265639654
5131,787aeff562a4b851a,True,,,,,,,,,,1.0,1.0,1.0,1.0,0.9028947917656115,1.0,0.0,1.0,0.0,0.7196546224267536
5132,11f7a7f38a5e98d20,True,,,,,,,,,,1.0,1.0,1.0,1.0,0.8004706838787418,1.0,1.0,1.0,1.0,0.9376470887121068
5133,fb83d9aa77ed50be0,True,,,,,,,,,,1.0,1.0,1.0,1.0,1.0,1.0,1.0,1.0,1.0,1.0
5134,e03e2999009dbd343,True,,,,,,,,,,1.0,1.0,1.0,1.0,0.1751915999837434,1.0,0.0,1.0,1.0,0.6172473749949199
5135,cffdc69f30e1aeda2,True,,,,,,,,,,1.0,1.0,1.0,1.0,0.7776518188311003,1.0,1.0,1.0,0.0,0.8055161933847188
5136,d3738c5a4d7530837,True,,,,,,,,,,1.0,0.0,1.0,1.0,0.7400506360198494,1.0,0.0,1.0,1.0,0.0
5137,e33920fdd8fdbaaae,True,,,,,,,,,,1.0,1.0,1.0,1.0,0.8612855926593331,1.0,0.0,1.0,0.0,0.7066517477060417
5138,c864abb5afff1f7f4,True,,,,,,,,,,1.0,1.0,1.0,1.0,0.49366068010365616,1.0,0.0,1.0,1.0,0.7167689625323925
5139,7d44659c706a23779,True,,,,,,,,,,0.0,1.0,1.0,1.0,1.0,0.0,0.0,1.0,0.0,0.0
5140,e9a805fef6295d90c,True,,,,,,,,,,1.0,0.0,0.5,1.0,1.0,1.0,0.0,1.0,0.0,0.0
5141,d0a4601b1148fbc50,True,,,,,,,,,,1.0,1.0,1.0,1.0,0.84258977868058,1.0,1.0,1.0,1.0,0.9508093058376812
5142,493a69b930b600eb5,True,,,,,,,,,,1.0,1.0,1.0,1.0,1.0,1.0,1.0,1.0,1.0,1.0
5143,8df3615e729babee2,True,,,,,,,,,,1.0,1.0,1.0,1.0,0.7905010269376616,1.0,1.0,1.0,0.0,0.8095315709180193
5144,f8e452be20910fe87,True,,,,,,,,,,0.0,0.0,0.0,1.0,1.0,0.0,0.0,1.0,0.0,0.0
5145,3d7cd2f667f2292d5,True,,,,,,,,,,1.0,0.0,1.0,1.0,1.0,1.0,0.0,0.0,0.0,0.0
5146,e13710073c3a4f5c6,True,,,,,,,,,,1.0,1.0,1.0,1.0,0.9983010127915166,1.0,1.0,1.0,1.0,0.9994690664973489
5147,99c29ddae00eb2eee,True,,,,,,,,,,1.0,0.0,1.0,1.0,1.0,0.0,0.0,1.0,0.0,0.0
5148,221c392b5c088f6ce,True,,,,,,,,,,0.0,1.0,1.0,1.0,1.0,0.0,0.0,1.0,1.0,0.0
5149,3f8f80892c70b7c5f,True,,,,,,,,,,1.0,0.0,1.0,1.0,1.0,1.0,1.0,1.0,0.0,0.0
5150,9b4ae64ef14740be5,True,,,,,,,,,,0.0,1.0,1.0,1.0,1.0,0.0,1.0,1.0,1.0,0.0
5151,d25e0e0e384818845,True,,,,,,,,,,0.0,0.0,0.5,1.0,1.0,0.0,1.0,1.0,0.0,0.0
5152,d04ff28ed5ef1d0d5,True,,,,,,,,,,1.0,1.0,1.0,1.0,0.4616789804072394,1.0,1.0,1.0,1.0,0.8317746813772623
5153,d38c4af1d199d57d9,True,,,,,,,,,,0.0,0.0,1.0,1.0,1.0,0.0,0.0,1.0,1.0,0.0
5154,a2b81e8e944dc724f,True,,,,,,,,,,1.0,1.0,1.0,1.0,0.7396863760432792,1.0,0.0,1.0,1.0,0.7936519925135248
5155,78e83fee2e80cffb8,True,,,,,,,,,,1.0,1.0,1.0,1.0,0.6296304455813285,1.0,1.0,1.0,1.0,0.8842595142441652
5156,9e268b454b8ca07a1,True,,,,,,,,,,1.0,1.0,1.0,1.0,0.7834582608687174,1.0,0.0,1.0,1.0,0.8073307065214742
5157,81d22f948dc0fae75,True,,,,,,,,,,1.0,1.0,1.0,1.0,0.8926014144838554,1.0,1.0,1.0,1.0,0.9664379420262048
5158,9f903173a7777cf35,True,,,,,,,,,,1.0,0.0,1.0,1.0,1.0,1.0,1.0,1.0,1.0,0.0
5159,b68951cab847f0bf5,True,,,,,,,,,,0.0,1.0,1.0,1.0,1.0,0.0,0.0,1.0,1.0,0.0
5160,dd6072ab6974966f7,True,,,,,,,,,,1.0,1.0,0.0,1.0,1.0,1.0,0.0,1.0,1.0,0.0
5161,d069a0081ae35d442,True,,,,,,,,,,1.0,0.0,1.0,1.0,0.413642808456417,1.0,0.0,1.0,0.0,0.0
5162,7e931dfbe8e295f21,True,,,,,,,,,,1.0,1.0,1.0,1.0,0.7572279050303334,1.0,1.0,1.0,1.0,0.9241337203219793
5163,f2b84517dc455c03f,True,,,,,,,,,,1.0,1.0,1.0,1.0,0.6599058977707836,1.0,1.0,1.0,1.0,0.8937205930533698
5164,fe36ce4fe80f5c45b,True,,,,,,,,,,1.0,1.0,1.0,1.0,0.7099909468354209,1.0,1.0,1.0,1.0,0.909372170886069
5165,1a6ba40b74f9b51e5,True,,,,,,,,,,0.0,1.0,0.0,1.0,1.0,0.0,0.0,1.0,1.0,0.0
5166,71d45b383e1e50669,True,,,,,,,,,,1.0,1.0,1.0,1.0,0.19842486635480985,1.0,1.0,1.0,1.0,0.7495077707358782
5167,6e89fe515e3ad5428,True,,,,,,,,,,1.0,1.0,1.0,1.0,0.8273312206699218,1.0,1.0,1.0,1.0,0.9460410064593505
5168,1211bf26e9a785053,True,,,,,,,,,,1.0,1.0,1.0,1.0,0.7991454579597526,1.0,0.0,1.0,1.0,0.8122329556124227
5169,8155746fdb7c4d3d8,True,,,,,,,,,,1.0,1.0,1.0,1.0,1.0,1.0,0.0,1.0,1.0,0.875
5170,89267c56db23f89c7,True,,,,,,,,,,1.0,1.0,1.0,1.0,0.70059945999722,1.0,0.0,1.0,1.0,0.7814373312491312
5171,c69efd29d5a9049e3,True,,,,,,,,,,0.5,0.0,1.0,1.0,1.0,0.0,1.0,1.0,1.0,0.0
5172,da5a71cf5abef95d8,True,,,,,,,,,,1.0,1.0,0.0,1.0,0.774136370345742,1.0,0.0,1.0,1.0,0.0
5173,3637ec99fe87c7406,True,,,,,,,,,,1.0,1.0,0.0,1.0,0.6332373880625604,1.0,0.0,1.0,1.0,0.0
5174,f7ae88aefcd8f251e,True,,,,,,,,,,1.0,1.0,0.0,1.0,1.0,1.0,0.0,1.0,1.0,0.0
5175,ad123ee37bc2eb842,True,,,,,,,,,,1.0,1.0,1.0,1.0,0.9319220601538938,1.0,0.0,1.0,0.0,0.7287256437980918
5176,4a263f9bce5d33176,True,,,,,,,,,,0.0,1.0,1.0,1.0,1.0,0.0,0.0,1.0,0.0,0.0
5177,3eb821b7811f5890d,True,,,,,,,,,,1.0,1.0,1.0,1.0,0.2944547558300665,1.0,0.0,1.0,1.0,0.6545171111968957
5178,3fc80f9e72ac43027,True,,,,,,,,,,1.0,0.0,1.0,1.0,0.2669237541116753,1.0,0.0,1.0,0.0,0.0
5179,b3648e983488baa4f,True,,,,,,,,,,1.0,0.0,1.0,1.0,1.0,1.0,1.0,1.0,0.0,0.0
5180,9e800327f6e34c777,True,,,,,,,,,,0.0,1.0,1.0,1.0,1.0,0.0,0.0,1.0,0.0,0.0
5181,fe3306915ae1e2328,True,,,,,,,,,,1.0,1.0,1.0,1.0,0.7494062932936233,1.0,0.0,1.0,0.0,0.6716894666542572
5182,946712c7d5a1cec37,True,,,,,,,,,,1.0,1.0,0.5,1.0,1.0,1.0,0.0,1.0,0.0,0.375
5183,452f589a00d505838,True,,,,,,,,,,1.0,1.0,1.0,1.0,0.5072348661804722,1.0,0.0,1.0,1.0,0.7210108956813975
5184,24552af895f24c7c8,True,,,,,,,,,,1.0,1.0,1.0,1.0,0.7651359807454943,1.0,1.0,1.0,1.0,0.926604993982967
5185,1f5d0fc347f539ce3,True,,,,,,,,,,0.0,0.0,0.0,1.0,1.0,0.0,0.0,1.0,0.0,0.0
5186,fd5d539436f5c5e86,True,,,,,,,,,,1.0,0.0,1.0,1.0,0.5522461296294404,1.0,1.0,1.0,1.0,0.0
5187,95d7198096423bdb7,True,,,,,,,,,,1.0,1.0,1.0,1.0,1.0,1.0,0.0,1.0,0.0,0.75
5188,e3a1602ce511b854c,True,,,,,,,,,,1.0,1.0,1.0,1.0,0.8442501815117783,1.0,1.0,1.0,0.0,0.8263281817224307
5189,624b352e4b7f8d830,True,,,,,,,,,,1.0,1.0,1.0,1.0,0.7872073942861192,1.0,1.0,1.0,0.0,0.8085023107144123
5190,4a421aa61a3bbad1d,True,,,,,,,,,,1.0,1.0,1.0,1.0,0.8775810472067749,1.0,0.0,1.0,1.0,0.8367440772521171
5191,01939f050c164b6c4,True,,,,,,,,,,1.0,1.0,1.0,1.0,1.0,1.0,0.0,1.0,1.0,0.875
5192,c172bf35d27bb2a60,True,,,,,,,,,,1.0,1.0,1.0,1.0,0.7704500194746193,1.0,0.0,1.0,0.0,0.6782656310858186
5193,583e0fd0c7d71cae0,True,,,,,,,,,,1.0,1.0,1.0,1.0,0.7842248625969382,1.0,0.0,1.0,1.0,0.8075702695615432
5194,085b907f63a37b0ac,True,,,,,,,,,,1.0,1.0,1.0,1.0,0.7146509950830732,1.0,1.0,1.0,0.0,0.7858284359634604
5195,8dd4aa8138b3d9500,True,,,,,,,,,,0.0,1.0,1.0,1.0,1.0,0.0,0.0,1.0,1.0,0.0
5196,c55dc2e0f192c70a5,True,,,,,,,,,,1.0,1.0,1.0,1.0,0.799195134951604,1.0,1.0,1.0,1.0,0.9372484796723762
5197,274217f22058c3a7c,True,,,,,,,,,,1.0,1.0,1.0,1.0,0.8978859436960447,1.0,1.0,1.0,1.0,0.968089357405014
5198,e4cc46ea076c674d9,True,,,,,,,,,,1.0,1.0,1.0,1.0,0.21935338791593745,1.0,0.0,1.0,1.0,0.6310479337237305
5199,fedd8a6a80f03da33,True,,,,,,,,,,1.0,1.0,1.0,1.0,0.47893502594954657,1.0,1.0,1.0,0.0,0.7121671956092333
5200,760a1b63cdc5e0565,True,,,,,,,,,,1.0,1.0,1.0,1.0,0.5395479361604341,1.0,1.0,1.0,0.0,0.7311087300501357
5201,b123636b63cd85bd6,True,,,,,,,,,,1.0,1.0,1.0,1.0,0.5110796667707818,1.0,0.0,1.0,1.0,0.7222123958658693
5202,d919319074b4ecfbf,True,,,,,,,,,,1.0,0.0,0.0,1.0,1.0,1.0,0.0,1.0,0.0,0.0
5203,dbfff1a4f70af53a6,True,,,,,,,,,,1.0,1.0,1.0,0.0,1.0,1.0,0.0,1.0,1.0,0.0
5204,bccac7c12e34ccda7,True,,,,,,,,,,0.0,1.0,1.0,1.0,0.9328345375923649,0.0,1.0,1.0,1.0,0.0
5205,c3d63199e3d09c551,True,,,,,,,,,,0.5,1.0,1.0,1.0,0.8292818978236991,0.0,0.0,1.0,1.0,0.254575296534953
5206,cf74c1bc63f84da49,True,,,,,,,,,,1.0,1.0,1.0,1.0,0.917098475457455,1.0,1.0,1.0,1.0,0.9740932735804547
5207,829b5dca21edece70,True,,,,,,,,,,1.0,1.0,1.0,1.0,0.8306832317219051,1.0,1.0,1.0,0.0,0.8220885099130953
5208,fa7ca9fcddad7a40d,True,,,,,,,,,,1.0,1.0,1.0,1.0,0.7626125375610382,1.0,0.0,1.0,0.0,0.6758164179878244
5209,30ae4fd49fda24627,True,,,,,,,,,,1.0,1.0,1.0,1.0,1.0,1.0,0.0,1.0,1.0,0.875
5210,f1e38b58130384157,True,,,,,,,,,,1.0,1.0,1.0,1.0,0.653015847847478,1.0,0.0,1.0,1.0,0.7665674524523369
5211,8477f7ad00092e6c2,True,,,,,,,,,,1.0,0.0,1.0,1.0,1.0,1.0,1.0,1.0,1.0,0.0
5212,92a6f3f0e526faa65,True,,,,,,,,,,1.0,0.0,0.5,1.0,0.9716860308474241,1.0,0.0,1.0,0.0,0.0
5213,8c15ca99bf75d7dbe,True,,,,,,,,,,1.0,1.0,1.0,1.0,0.706167608673702,1.0,0.0,1.0,1.0,0.7831773777105319
5214,b7f6a370ec46c9fef,True,,,,,,,,,,1.0,1.0,1.0,1.0,0.6796963997210375,1.0,1.0,1.0,1.0,0.8999051249128243
5215,94c40772ee3c5ee01,True,,,,,,,,,,1.0,1.0,1.0,1.0,0.6999319140343914,1.0,1.0,1.0,0.0,0.7812287231357473
5216,4d6386d3f9143b9e0,True,,,,,,,,,,1.0,1.0,1.0,1.0,1.0,1.0,0.0,1.0,1.0,0.875
5217,a6f2bb94eb4ae6278,True,,,,,,,,,,0.0,1.0,1.0,1.0,1.0,1.0,1.0,1.0,0.0,0.0
5218,45e565719eec672e1,True,,,,,,,,,,0.5,1.0,1.0,1.0,1.0,1.0,0.0,1.0,1.0,0.4375
5219,fbe98e6e1454f315c,True,,,,,,,,,,1.0,1.0,1.0,1.0,0.5932864568216887,1.0,1.0,1.0,1.0,0.8729020177567777
5220,7442542b3671c78bc,True,,,,,,,,,,1.0,1.0,1.0,1.0,0.6791474815924378,1.0,0.0,1.0,1.0,0.7747335879976368
5221,c5c884265f0a69c51,True,,,,,,,,,,1.0,1.0,1.0,1.0,0.7252733458490859,1.0,0.0,1.0,0.0,0.6641479205778393
5222,29f63fdd169f556cf,True,,,,,,,,,,1.0,1.0,1.0,1.0,0.4991085842872999,1.0,1.0,1.0,1.0,0.8434714325897812
5223,2a1dc6975af402aa9,True,,,,,,,,,,1.0,1.0,1.0,1.0,0.38335552861574007,1.0,0.0,1.0,1.0,0.6822986026924187
5224,0ab9b133a9d7aad86,True,,,,,,,,,,0.0,0.0,0.5,1.0,1.0,0.0,0.0,1.0,1.0,0.0
5225,6b7ec09b2f5066af8,True,,,,,,,,,,1.0,1.0,1.0,1.0,0.7146064217383277,1.0,1.0,1.0,0.0,0.7858145067932274
5226,3c71818855c39904e,True,,,,,,,,,,1.0,1.0,1.0,1.0,1.0,1.0,0.0,1.0,1.0,0.875
5227,2c5a6bcca688df5f6,True,,,,,,,,,,1.0,0.0,0.0,1.0,1.0,1.0,0.0,1.0,1.0,0.0
5228,155b9d04c8ecbdf6e,True,,,,,,,,,,1.0,1.0,1.0,1.0,1.0,1.0,1.0,1.0,1.0,1.0
5229,b1c69e18979797988,True,,,,,,,,,,0.0,1.0,1.0,1.0,1.0,0.0,0.0,1.0,0.0,0.0
5230,edf02a219abbc7a0d,True,,,,,,,,,,1.0,0.0,1.0,1.0,1.0,1.0,1.0,1.0,0.0,0.0
5231,e9738336730d6755b,True,,,,,,,,,,1.0,0.0,1.0,1.0,1.0,1.0,0.0,1.0,1.0,0.0
5232,11f2411e873c0fa28,True,,,,,,,,,,1.0,1.0,1.0,1.0,0.7177818744578572,1.0,0.0,1.0,1.0,0.7868068357680804
5233,87940f7f64854009d,True,,,,,,,,,,0.5,1.0,1.0,1.0,1.0,0.0,1.0,1.0,0.0,0.28125
5234,7f444b043c5b21ab4,True,,,,,,,,,,1.0,1.0,1.0,1.0,0.7818885409938667,1.0,1.0,1.0,1.0,0.9318401690605833
5235,e2094c50a0cc45693,True,,,,,,,,,,1.0,1.0,0.5,1.0,0.5652219750667103,1.0,1.0,1.0,0.0,0.3695659336041735
5236,6c00c1447928881d7,True,,,,,,,,,,1.0,1.0,1.0,1.0,0.30526551022196585,1.0,0.0,1.0,1.0,0.6578954719443644
5237,a82a0dff42f2a74f1,True,,,,,,,,,,1.0,0.0,1.0,1.0,0.8127711303067853,1.0,1.0,0.0,0.0,0.0
5238,df6bd29b481fbd72d,True,,,,,,,,,,1.0,1.0,1.0,1.0,0.7201882478017703,1.0,1.0,1.0,1.0,0.9125588274380532
5239,8f6e1b2f271bab9a1,True,,,,,,,,,,1.0,1.0,1.0,1.0,0.49554029877156186,1.0,1.0,1.0,1.0,0.8423563433661131
5240,2f5db903282a4e143,True,,,,,,,,,,1.0,0.0,1.0,1.0,0.25151994765973296,1.0,0.0,1.0,1.0,0.0
5241,c2fbdb2ef268ad123,True,,,,,,,,,,1.0,1.0,1.0,1.0,1.0,1.0,1.0,1.0,1.0,1.0
5242,ac16065f66685feff,True,,,,,,,,,,1.0,1.0,1.0,1.0,0.5064348702457816,1.0,1.0,1.0,0.0,0.7207608969518068
5243,352716976d8eac750,True,,,,,,,,,,1.0,0.0,1.0,1.0,0.5634355026930903,1.0,1.0,1.0,1.0,0.0
5244,ad352a19a340fd99b,True,,,,,,,,,,1.0,0.0,1.0,1.0,1.0,1.0,0.0,1.0,1.0,0.0
5245,dcf0be9d22af78eca,True,,,,,,,,,,1.0,1.0,1.0,1.0,0.6541550837931637,1.0,1.0,1.0,1.0,0.8919234636853637
5246,d02177dc313467bf7,True,,,,,,,,,,1.0,0.0,0.0,1.0,1.0,1.0,0.0,1.0,0.0,0.0
5247,fb23a658d96acd780,True,,,,,,,,,,0.0,1.0,0.0,1.0,1.0,0.0,0.0,1.0,0.0,0.0
5248,c4c07e77aa29efd40,True,,,,,,,,,,1.0,1.0,1.0,1.0,1.0,0.0,1.0,1.0,0.0,0.5625
5249,108350d1060a66bd9,True,,,,,,,,,,1.0,1.0,0.0,1.0,0.7648719222241894,1.0,0.0,1.0,0.0,0.0
5250,cc7eeb6ef4e923a61,True,,,,,,,,,,1.0,1.0,0.0,1.0,1.0,1.0,0.0,1.0,1.0,0.0
5251,63539a8af8e7678fa,True,,,,,,,,,,1.0,1.0,1.0,1.0,0.6517936511143491,1.0,1.0,1.0,1.0,0.891185515973234
5252,13d3b12e20ec70ec5,True,,,,,,,,,,1.0,0.0,1.0,1.0,0.8934336616015758,1.0,1.0,1.0,0.0,0.0
5253,f26e03767d82f4ae7,True,,,,,,,,,,1.0,0.0,0.5,1.0,1.0,1.0,1.0,1.0,0.0,0.0
5254,241e6bedc6fcf2de4,True,,,,,,,,,,0.0,0.0,1.0,1.0,1.0,0.0,0.0,1.0,1.0,0.0
5255,b24ef110ccf50ea20,True,,,,,,,,,,1.0,1.0,1.0,1.0,1.0,1.0,1.0,1.0,0.0,0.875
5256,15342621fd40bb637,True,,,,,,,,,,1.0,1.0,0.5,1.0,0.6658925570562133,1.0,0.0,1.0,0.0,0.3227957120400333
5257,41d2023a1a51da75e,True,,,,,,,,,,1.0,1.0,1.0,1.0,0.843963158626649,1.0,1.0,1.0,0.0,0.8262384870708278
5258,558678d3b68828f3a,True,,,,,,,,,,1.0,0.0,0.0,1.0,1.0,1.0,0.0,1.0,1.0,0.0
5259,ff555d2dfbada57ed,True,,,,,,,,,,1.0,0.0,1.0,1.0,1.0,1.0,0.0,1.0,1.0,0.0
5260,3042cb349e2487756,True,,,,,,,,,,1.0,1.0,1.0,1.0,0.4475331712061911,1.0,1.0,1.0,1.0,0.8273541160019348
5261,96162a63802df3c29,True,,,,,,,,,,1.0,1.0,1.0,1.0,0.6109517527661943,1.0,1.0,1.0,1.0,0.8784224227394357
5262,203c4d85b696869d7,True,,,,,,,,,,1.0,1.0,1.0,1.0,0.9578825017751593,1.0,1.0,1.0,1.0,0.9868382818047373
5263,f36b1891f8fcc499d,True,,,,,,,,,,1.0,0.0,1.0,1.0,1.0,1.0,1.0,1.0,0.0,0.0
5264,f8269fa1de4da78ec,True,,,,,,,,,,1.0,1.0,1.0,1.0,0.9049475502657263,1.0,1.0,1.0,1.0,0.9702961094580395
5265,729e2b3a6ce97a377,True,,,,,,,,,,1.0,1.0,0.0,1.0,0.7756255112321734,1.0,1.0,1.0,1.0,0.0
5266,f9b2e117ff4ab2884,True,,,,,,,,,,1.0,1.0,1.0,1.0,0.6674427254150679,1.0,0.0,1.0,1.0,0.7710758516922087
5267,a13664addc273bf0a,True,,,,,,,,,,1.0,1.0,1.0,1.0,0.48422514591031884,1.0,1.0,1.0,1.0,0.8388203580969746
5268,d12ce90d3b2b4d63a,True,,,,,,,,,,1.0,0.0,1.0,1.0,0.6229103667647227,1.0,1.0,1.0,0.0,0.0
5269,aa97ab9606aa456ff,True,,,,,,,,,,1.0,1.0,1.0,1.0,0.8003676131902225,1.0,1.0,1.0,0.0,0.8126148791219445
5270,7577c592d62db033f,True,,,,,,,,,,1.0,1.0,1.0,1.0,0.7664646794259281,1.0,0.0,1.0,1.0,0.8020202123206025
5271,15db590374cc3993a,True,,,,,,,,,,1.0,1.0,1.0,1.0,1.0,1.0,1.0,1.0,0.0,0.875
5272,c1b9b8e570da075bf,True,,,,,,,,,,1.0,1.0,1.0,1.0,1.0,1.0,1.0,1.0,1.0,1.0
5273,fd26db12e49fe9b3e,True,,,,,,,,,,1.0,1.0,0.0,1.0,1.0,1.0,0.0,1.0,1.0,0.0
5274,58c7dc2cb395006ae,True,,,,,,,,,,1.0,1.0,1.0,1.0,0.9832373211992147,1.0,1.0,1.0,1.0,0.9947616628747546
5275,b89f8f1400c121a0e,True,,,,,,,,,,1.0,1.0,1.0,1.0,1.0,1.0,1.0,1.0,1.0,1.0
5276,c00dec2389baa0134,True,,,,,,,,,,1.0,1.0,1.0,1.0,0.3975948895414655,1.0,0.0,1.0,1.0,0.6867484029817079
5277,78cbfd303e7f32efc,True,,,,,,,,,,1.0,1.0,1.0,1.0,1.0,1.0,0.0,1.0,1.0,0.875
5278,95b104c6ad1c29b95,True,,,,,,,,,,1.0,1.0,1.0,1.0,0.7003918588457959,1.0,1.0,1.0,1.0,0.9063724558893113
5279,5046d4b4e74d6cbbd,True,,,,,,,,,,1.0,0.0,0.5,1.0,1.0,1.0,0.0,1.0,0.0,0.0
5280,dae98f820d40b2d3d,True,,,,,,,,,,1.0,0.0,1.0,1.0,0.6635468507188419,0.0,0.0,1.0,1.0,0.0
5281,9d5d767fac644cae7,True,,,,,,,,,,1.0,0.0,0.0,1.0,1.0,1.0,0.0,1.0,0.0,0.0
5282,cd8fa74c681fa08d7,True,,,,,,,,,,1.0,1.0,1.0,1.0,0.7917224906971672,1.0,1.0,1.0,0.0,0.8099132783428648
5283,53932082fb71ad6d8,True,,,,,,,,,,1.0,1.0,1.0,1.0,0.6524403499650321,1.0,1.0,1.0,0.0,0.7663876093640725
5284,3b9ed44b6aec2276a,True,,,,,,,,,,1.0,1.0,1.0,1.0,0.4517917336529261,1.0,1.0,1.0,1.0,0.8286849167665394
5285,08ad22cbb4d9d003b,True,,,,,,,,,,0.0,1.0,1.0,1.0,1.0,0.0,1.0,1.0,0.0,0.0
5286,142f665559387e2c2,True,,,,,,,,,,1.0,1.0,1.0,1.0,1.0,1.0,1.0,1.0,0.0,0.875
5287,7c6eb3ebf2ec0a507,True,,,,,,,,,,0.0,1.0,1.0,1.0,1.0,0.0,0.0,1.0,0.0,0.0
5288,63e4138abce599b86,True,,,,,,,,,,1.0,1.0,1.0,1.0,0.8893966751294685,1.0,1.0,1.0,1.0,0.9654364609779589
5289,a8318f7cafe4396ae,True,,,,,,,,,,1.0,0.0,0.5,1.0,0.47245390247200947,1.0,0.0,1.0,1.0,0.0
5290,1cdaa96068632401f,True,,,,,,,,,,1.0,1.0,1.0,1.0,0.4784243711660678,1.0,1.0,1.0,0.0,0.7120076159893962
5291,2d240158ae67d64dd,True,,,,,,,,,,1.0,1.0,0.5,1.0,0.5925225794092427,1.0,0.0,1.0,1.0,0.37383165303269417
5292,eee3dbfa0ec3233b6,True,,,,,,,,,,1.0,1.0,1.0,1.0,0.47804874561505273,1.0,1.0,1.0,1.0,0.836890233004704
5293,47349a858e8660e9e,True,,,,,,,,,,1.0,0.0,1.0,1.0,1.0,1.0,0.0,1.0,1.0,0.0
5294,f4fb3d3b43707d6a3,True,,,,,,,,,,1.0,1.0,1.0,1.0,1.0,1.0,0.0,1.0,0.0,0.75
5295,d2abdf59c161f4eef,True,,,,,,,,,,1.0,1.0,1.0,1.0,0.8868994105792638,1.0,0.0,1.0,0.0,0.7146560658060199
5296,fc75e772cd8a739f3,True,,,,,,,,,,1.0,0.0,1.0,1.0,1.0,1.0,1.0,1.0,1.0,0.0
5297,1a873a18080ef431b,True,,,,,,,,,,0.0,1.0,1.0,1.0,1.0,0.0,1.0,1.0,1.0,0.0
5298,8d2018c3d25b185de,True,,,,,,,,,,1.0,1.0,1.0,1.0,0.6973859234156142,1.0,1.0,1.0,0.0,0.7804331010673795
5299,7e105472ccbc51b6a,True,,,,,,,,,,0.0,1.0,1.0,1.0,1.0,0.0,0.0,1.0,0.0,0.0
5300,5e3a21657a7371a7a,True,,,,,,,,,,1.0,1.0,0.0,1.0,1.0,1.0,0.0,1.0,0.0,0.0
5301,3cd90acbf3a318f94,True,,,,,,,,,,1.0,1.0,1.0,1.0,1.0,1.0,0.0,1.0,0.0,0.75
5302,5667ac6a20c2d6e51,True,,,,,,,,,,1.0,1.0,0.0,1.0,1.0,1.0,0.0,1.0,1.0,0.0
5303,29099b056d78d6ffb,True,,,,,,,,,,1.0,0.0,0.5,1.0,1.0,1.0,0.0,1.0,0.0,0.0
5304,a481ac0055adbf0c2,True,,,,,,,,,,1.0,0.0,1.0,1.0,1.0,1.0,0.0,1.0,1.0,0.0
5305,d853fa4b72196af01,True,,,,,,,,,,0.0,1.0,1.0,1.0,1.0,0.0,1.0,1.0,1.0,0.0
5306,e53ada22df8520033,True,,,,,,,,,,1.0,1.0,1.0,1.0,0.7498078731788028,1.0,1.0,1.0,0.0,0.7968149603683758
5307,fec4e607d84e38636,True,,,,,,,,,,1.0,1.0,1.0,1.0,1.0,1.0,0.0,1.0,1.0,0.875
5308,2385397b4291e7094,True,,,,,,,,,,1.0,1.0,1.0,1.0,0.76320075077695,1.0,1.0,1.0,1.0,0.9260002346177969
5309,0ed9b19cfb122d58d,True,,,,,,,,,,1.0,1.0,0.5,1.0,0.5644393816027933,1.0,1.0,1.0,0.0,0.36944365337543644
5310,f8ef03363118bcda4,True,,,,,,,,,,1.0,0.0,0.0,1.0,1.0,1.0,0.0,1.0,1.0,0.0
5311,3ee4790171e6a99ef,True,,,,,,,,,,1.0,1.0,1.0,1.0,0.6793041939985671,1.0,1.0,1.0,1.0,0.8997825606245522
5312,ff916ad047eb525de,True,,,,,,,,,,1.0,1.0,1.0,1.0,0.5996115202412411,1.0,1.0,1.0,1.0,0.8748786000753879
5313,7c441bc98b8690113,True,,,,,,,,,,1.0,1.0,0.0,1.0,1.0,1.0,0.0,1.0,1.0,0.0
5314,d3fd9caab2859cfd1,True,,,,,,,,,,1.0,1.0,0.0,1.0,1.0,1.0,0.0,1.0,1.0,0.0
5315,6dc61a791e23a0224,True,,,,,,,,,,0.0,1.0,1.0,1.0,1.0,0.0,1.0,1.0,1.0,0.0
5316,71311b352b3aa16e3,True,,,,,,,,,,1.0,0.0,1.0,1.0,0.756381164195652,1.0,1.0,1.0,0.0,0.0
5317,aa2d7b83ea2052e20,True,,,,,,,,,,1.0,1.0,1.0,1.0,0.7844674224292398,1.0,1.0,1.0,1.0,0.9326460695091374
5318,aaa4df0b0ab15d438,True,,,,,,,,,,1.0,1.0,1.0,0.0,1.0,1.0,0.0,1.0,1.0,0.0
5319,75c869092ef8bc8ce,True,,,,,,,,,,1.0,1.0,1.0,1.0,0.6001069205812,1.0,1.0,1.0,1.0,0.875033412681625
5320,bc287d85f89c59202,True,,,,,,,,,,1.0,1.0,0.5,1.0,0.9219796948871656,1.0,0.0,1.0,0.0,0.3628093273261196
5321,102d7c98065905ad0,True,,,,,,,,,,1.0,1.0,0.0,1.0,1.0,1.0,0.0,0.0,1.0,0.0
5322,bd0a7b8b83e474560,True,,,,,,,,,,1.0,1.0,1.0,1.0,0.5309548449606865,1.0,0.0,1.0,0.0,0.6034233890502145
5323,bd132bb290ee8b29b,True,,,,,,,,,,1.0,1.0,0.5,1.0,1.0,1.0,0.0,1.0,1.0,0.4375
5324,f10788e83a50fa0b2,True,,,,,,,,,,1.0,0.0,1.0,1.0,0.48954349307965683,1.0,0.0,1.0,1.0,0.0
5325,5744b52773894c061,True,,,,,,,,,,1.0,1.0,1.0,1.0,0.7934709099539609,1.0,0.0,1.0,0.0,0.6854596593606128
5326,bc310295755fb7084,True,,,,,,,,,,1.0,0.0,1.0,1.0,0.8128872962037684,1.0,1.0,1.0,0.0,0.0
5327,395c08bc6114b0b9e,True,,,,,,,,,,1.0,1.0,1.0,1.0,0.3825517065536531,1.0,1.0,1.0,1.0,0.8070474082980166
5328,44e8cafa5fe4603a5,True,,,,,,,,,,1.0,1.0,1.0,1.0,0.9444504886826407,1.0,0.0,1.0,1.0,0.8576407777133253
5329,be29b04863547d0c1,True,,,,,,,,,,0.0,1.0,1.0,1.0,1.0,0.0,1.0,1.0,0.0,0.0
5330,234e963b7ceee8f00,True,,,,,,,,,,1.0,1.0,1.0,1.0,0.8498803812146598,1.0,1.0,1.0,1.0,0.9530876191295812
5331,4743e61ca1af03cd7,True,,,,,,,,,,1.0,1.0,1.0,1.0,0.8120146227612859,1.0,1.0,1.0,1.0,0.9412545696129018
5332,59223499b6e8a12d6,True,,,,,,,,,,1.0,0.0,0.5,1.0,0.9934229269450231,0.0,1.0,1.0,0.0,0.0
5333,8a80c99bf844921b8,True,,,,,,,,,,1.0,1.0,1.0,1.0,1.0,1.0,0.0,1.0,0.0,0.75
5334,10e6f976d1a03f693,True,,,,,,,,,,1.0,0.0,1.0,1.0,0.8813125534945454,1.0,1.0,1.0,1.0,0.0
5335,153383cdbca3694c0,True,,,,,,,,,,1.0,0.0,1.0,1.0,0.4831940898857198,1.0,1.0,1.0,0.0,0.0
5336,5f19a901791abf90c,True,,,,,,,,,,1.0,1.0,1.0,1.0,0.3811045050837527,1.0,0.0,1.0,0.0,0.5565951578386727
5337,2a8ffeaa7391e73c7,True,,,,,,,,,,1.0,0.0,1.0,1.0,1.0,1.0,1.0,1.0,1.0,0.0
5338,2c0f4b65d27645882,True,,,,,,,,,,0.0,1.0,1.0,1.0,1.0,0.0,1.0,1.0,1.0,0.0
5339,dd2ee657886ef2e66,True,,,,,,,,,,1.0,1.0,1.0,1.0,0.7789912051260857,1.0,0.0,1.0,1.0,0.8059347516019018
5340,d4b7ede155f05dff3,True,,,,,,,,,,1.0,0.0,0.5,1.0,1.0,1.0,0.0,0.0,0.0,0.0
5341,c557bbca95b7a9516,True,,,,,,,,,,1.0,0.0,1.0,1.0,0.8808433846643312,1.0,1.0,1.0,1.0,0.0
5342,ab0ba6120248926e3,True,,,,,,,,,,1.0,0.0,0.5,1.0,1.0,1.0,0.0,1.0,1.0,0.0
5343,4287573d9633c7d2c,True,,,,,,,,,,1.0,1.0,1.0,1.0,0.8001609757596044,1.0,0.0,1.0,1.0,0.8125503049248763
5344,7ab2fe1651beb3aae,True,,,,,,,,,,1.0,1.0,1.0,1.0,0.8466351804003294,1.0,1.0,1.0,1.0,0.952073493875103
5345,ddae067a0bdc3d1ec,True,,,,,,,,,,1.0,1.0,0.0,1.0,0.9755354680386307,1.0,0.0,1.0,1.0,0.0
5346,b545597d491f4a96e,True,,,,,,,,,,1.0,1.0,1.0,1.0,0.4406770270372939,1.0,1.0,1.0,1.0,0.8252115709491543
5347,0d6f670a9daf4bde4,True,,,,,,,,,,1.0,1.0,0.5,1.0,1.0,1.0,1.0,1.0,1.0,0.5
5348,bef503ff5929be3a8,True,,,,,,,,,,0.0,1.0,1.0,1.0,1.0,0.0,0.0,1.0,0.0,0.0
5349,0389a1afc56cd9768,True,,,,,,,,,,1.0,1.0,1.0,1.0,0.7245103614923363,1.0,0.0,1.0,1.0,0.7889094879663551
5350,9d4b20553cbf06af4,True,,,,,,,,,,1.0,1.0,1.0,1.0,0.6446119479361009,1.0,1.0,1.0,0.0,0.7639412337300315
5351,a2d247bf6cbf13f7c,True,,,,,,,,,,0.0,1.0,1.0,1.0,1.0,0.0,0.0,1.0,0.0,0.0
5352,1045550ffaa740987,True,,,,,,,,,,0.0,1.0,1.0,1.0,0.7184897439282275,0.0,0.0,1.0,1.0,0.0
5353,c28452cccc45f49a1,True,,,,,,,,,,1.0,1.0,1.0,1.0,0.8509495750407117,1.0,1.0,1.0,1.0,0.9534217422002225
5354,c51bc3907e1c3fbac,True,,,,,,,,,,1.0,1.0,1.0,1.0,0.6416015718612101,1.0,1.0,1.0,0.0,0.7630004912066282
5355,239cac6c74f4f0bd4,True,,,,,,,,,,1.0,0.0,1.0,1.0,1.0,1.0,1.0,1.0,1.0,0.0
5356,2f24eb49857240d79,True,,,,,,,,,,1.0,1.0,1.0,1.0,1.0,1.0,1.0,1.0,1.0,1.0
5357,960134e598a1cc28b,True,,,,,,,,,,1.0,1.0,0.5,1.0,1.0,1.0,0.0,1.0,1.0,0.4375
5358,8b829bb6658bc36c8,True,,,,,,,,,,0.0,1.0,0.0,1.0,0.7318020426886881,0.0,0.0,1.0,1.0,0.0
5359,576158d07f0a09e6b,True,,,,,,,,,,1.0,1.0,1.0,1.0,0.7094661391079832,1.0,0.0,1.0,1.0,0.7842081684712447
5360,d8696cab0b29dcbba,True,,,,,,,,,,1.0,1.0,0.5,1.0,1.0,1.0,0.0,1.0,0.0,0.375
5361,7474911d349b5a097,True,,,,,,,,,,0.0,1.0,1.0,1.0,1.0,0.0,1.0,1.0,1.0,0.0
5362,118825fc5cd99a244,True,,,,,,,,,,1.0,1.0,1.0,1.0,0.49028906457714727,1.0,0.0,1.0,1.0,0.7157153326803585
5363,9c691b673576a2299,True,,,,,,,,,,1.0,1.0,1.0,1.0,0.4024966178845431,1.0,1.0,1.0,1.0,0.8132801930889197
5364,a5dae75091c9d8f94,True,,,,,,,,,,1.0,0.0,1.0,1.0,1.0,1.0,0.0,1.0,1.0,0.0
5365,bf64cc8fd71cdc3d8,True,,,,,,,,,,1.0,1.0,1.0,1.0,0.8230404187780163,1.0,0.0,1.0,0.0,0.6947001308681301
5366,ceabdb590d507edf3,True,,,,,,,,,,1.0,1.0,0.0,1.0,0.7724098386960037,1.0,0.0,1.0,0.0,0.0
5367,2eb3bf3c471605eb4,True,,,,,,,,,,1.0,1.0,1.0,1.0,1.0,1.0,1.0,1.0,1.0,1.0
5368,298d397ff94dd0eb4,True,,,,,,,,,,1.0,1.0,1.0,1.0,0.9293861199888468,1.0,1.0,1.0,1.0,0.9779331624965146
5369,02e812e171526ec23,True,,,,,,,,,,1.0,1.0,1.0,1.0,0.7073798788337666,1.0,1.0,1.0,0.0,0.783556212135552
5370,3e0f957bf14b2d2d9,True,,,,,,,,,,1.0,1.0,1.0,1.0,0.9163771758706994,1.0,0.0,1.0,0.0,0.7238678674595935
5371,c85aa35e5a8c7e1cc,True,,,,,,,,,,1.0,1.0,1.0,1.0,0.6886776903343608,1.0,0.0,1.0,1.0,0.7777117782294878
5372,5dc4590f82971002e,True,,,,,,,,,,1.0,1.0,1.0,1.0,0.8447717236580199,1.0,0.0,1.0,1.0,0.8264911636431312
5373,5717f95b78bfe233e,True,,,,,,,,,,1.0,1.0,1.0,1.0,1.0,1.0,1.0,1.0,0.0,0.875
5374,1c036c9aff4d0cf31,True,,,,,,,,,,1.0,1.0,1.0,1.0,0.9237046729314293,1.0,1.0,1.0,1.0,0.9761577102910717
5375,544fd2c725ea1a878,True,,,,,,,,,,1.0,1.0,1.0,1.0,0.7475029859243466,1.0,1.0,1.0,1.0,0.9210946831013583
5376,a230273e8dabb271d,True,,,,,,,,,,1.0,1.0,1.0,1.0,1.0,1.0,0.0,1.0,0.0,0.75
5377,37744feedc918aa7b,True,,,,,,,,,,0.5,1.0,1.0,1.0,1.0,0.0,1.0,1.0,0.0,0.28125
5378,0f02c8c55a251c58b,True,,,,,,,,,,1.0,1.0,1.0,1.0,1.0,1.0,1.0,1.0,1.0,1.0
5379,e4c060ddfe2b49190,True,,,,,,,,,,1.0,0.0,1.0,1.0,0.5578237493536237,1.0,1.0,1.0,1.0,0.0
5380,ff0923fcd8d30a51b,True,,,,,,,,,,1.0,0.0,1.0,1.0,1.0,1.0,1.0,1.0,0.0,0.0
5381,f5a896e060751799d,True,,,,,,,,,,0.0,1.0,1.0,1.0,1.0,0.0,1.0,1.0,1.0,0.0
5382,73c6cac7e07b1cf4f,True,,,,,,,,,,1.0,0.0,1.0,1.0,0.5840169884522389,1.0,0.0,1.0,0.0,0.0
5383,2565c982d32c96893,True,,,,,,,,,,1.0,1.0,0.5,1.0,0.7306712392433475,1.0,0.0,1.0,1.0,0.39541738113177305
5384,ee1505d57883cfc9f,True,,,,,,,,,,1.0,1.0,1.0,1.0,0.5264727901628831,1.0,0.0,1.0,1.0,0.727022746925901
5385,c6c58dc45bd1123e3,True,,,,,,,,,,1.0,1.0,1.0,1.0,0.7303057920170628,1.0,1.0,1.0,0.0,0.7907205600053322
5386,1ea06c577a84beafb,True,,,,,,,,,,1.0,1.0,1.0,1.0,1.0,1.0,1.0,1.0,0.0,0.875
5387,fa04ce296f85923f0,True,,,,,,,,,,1.0,1.0,1.0,1.0,0.2253700957447139,1.0,1.0,1.0,1.0,0.757928154920223
5388,73c0e8fd14908dce6,True,,,,,,,,,,1.0,1.0,1.0,1.0,1.0,1.0,0.0,1.0,1.0,0.875
5389,a7eababd56f26dc5e,True,,,,,,,,,,1.0,1.0,1.0,1.0,0.8225679569550384,1.0,1.0,1.0,1.0,0.9445524865484495
5390,ff95aff7630205c1a,True,,,,,,,,,,1.0,0.0,1.0,1.0,1.0,1.0,1.0,1.0,1.0,0.0
5391,606571205dbf05df5,True,,,,,,,,,,1.0,1.0,1.0,1.0,0.5708627320786426,1.0,0.0,1.0,0.0,0.6158946037745758
5392,562756132cea470ea,True,,,,,,,,,,1.0,1.0,1.0,1.0,0.7750977310571194,1.0,1.0,1.0,1.0,0.9297180409553498
5393,37e08a9d04d846913,True,,,,,,,,,,1.0,0.0,1.0,1.0,1.0,1.0,0.0,1.0,1.0,0.0
5394,9e31589f9ede4587e,True,,,,,,,,,,1.0,0.0,0.5,1.0,1.0,1.0,0.0,1.0,1.0,0.0
5395,c47485175a1a20fe8,True,,,,,,,,,,0.0,0.0,1.0,1.0,1.0,0.0,0.0,1.0,0.0,0.0
5396,0e447192563e126ef,True,,,,,,,,,,1.0,0.0,1.0,1.0,0.782065200462011,1.0,1.0,1.0,1.0,0.0
5397,1297091b925da475f,True,,,,,,,,,,1.0,1.0,1.0,1.0,0.9193462690515186,1.0,0.0,1.0,1.0,0.8497957090785996
5398,62b18a39075ffdaba,True,,,,,,,,,,1.0,0.0,1.0,1.0,1.0,1.0,1.0,1.0,1.0,0.0
5399,54474c2dd7ecfcc29,True,,,,,,,,,,1.0,0.0,1.0,1.0,1.0,1.0,1.0,1.0,1.0,0.0
5400,f09090db20660a80f,True,,,,,,,,,,0.0,1.0,1.0,1.0,1.0,1.0,1.0,1.0,1.0,0.0
5401,ceec882b56eebd8c4,True,,,,,,,,,,1.0,1.0,1.0,1.0,0.8052489434188618,1.0,1.0,1.0,0.0,0.8141402948183942
5402,1e114b2c7da13a9b8,True,,,,,,,,,,1.0,1.0,1.0,1.0,0.1161805758969148,1.0,1.0,1.0,1.0,0.7238064299677859
5403,ea96a137518d58ac9,True,,,,,,,,,,1.0,1.0,1.0,1.0,1.0,1.0,1.0,1.0,0.0,0.875
5404,0a74d996f43c7783c,True,,,,,,,,,,1.0,1.0,1.0,1.0,1.0,1.0,1.0,1.0,1.0,1.0
5405,f6f0f9e856ac09aa5,True,,,,,,,,,,1.0,1.0,1.0,1.0,0.34661033723284684,1.0,1.0,1.0,1.0,0.7958157303852647
5406,b0c55df9228d485bb,True,,,,,,,,,,1.0,1.0,1.0,1.0,0.7899985621424068,1.0,0.0,1.0,1.0,0.8093745506695021
5407,22e34699b1bc71621,True,,,,,,,,,,1.0,1.0,1.0,1.0,0.9942660958881291,1.0,1.0,1.0,0.0,0.8732081549650403
5408,4ce9b6dc350d286df,True,,,,,,,,,,1.0,1.0,0.0,1.0,1.0,1.0,0.0,1.0,1.0,0.0
5409,e135d049b4587c212,True,,,,,,,,,,1.0,1.0,0.0,1.0,0.7494089916171525,1.0,0.0,1.0,1.0,0.0
5410,7858c7e045c1ac9b5,True,,,,,,,,,,1.0,1.0,1.0,1.0,1.0,1.0,0.0,1.0,1.0,0.875
5411,f4eac938a68f3b495,True,,,,,,,,,,1.0,0.0,1.0,1.0,0.7212799496038668,1.0,1.0,1.0,1.0,0.0
5412,23a9805ef118f909c,True,,,,,,,,,,1.0,1.0,0.0,1.0,0.8577661447821598,1.0,0.0,1.0,0.0,0.0
5413,4cac5cf4ef12bcaba,True,,,,,,,,,,1.0,0.0,1.0,1.0,0.8405099234088361,1.0,0.0,1.0,0.0,0.0
5414,854521fa54e11652c,True,,,,,,,,,,1.0,1.0,1.0,1.0,1.0,1.0,1.0,1.0,1.0,1.0
5415,606f1011a6999f264,True,,,,,,,,,,0.0,1.0,1.0,1.0,1.0,0.0,1.0,1.0,0.0,0.0
5416,230446b36041db9de,True,,,,,,,,,,0.0,1.0,1.0,1.0,0.7625652363854151,0.0,0.0,1.0,1.0,0.0
5417,3d8397f4fcf5d9ec3,True,,,,,,,,,,1.0,1.0,1.0,1.0,0.7781666359401147,1.0,0.0,1.0,1.0,0.8056770737312858
5418,3b521ee82bdceb608,True,,,,,,,,,,0.0,1.0,1.0,1.0,1.0,0.0,1.0,1.0,0.0,0.0
5419,b4f924a8633b4e666,True,,,,,,,,,,0.5,1.0,1.0,1.0,1.0,0.0,1.0,1.0,0.0,0.28125
5420,a8e077fe91ae167df,True,,,,,,,,,,1.0,1.0,1.0,1.0,0.5747963063350338,1.0,0.0,1.0,1.0,0.742123845729698
5421,45a4165a206b0969b,True,,,,,,,,,,1.0,1.0,1.0,1.0,0.2872322081137605,1.0,0.0,1.0,1.0,0.6522600650355501
5422,7acbde1d7760e6ca2,True,,,,,,,,,,1.0,1.0,1.0,1.0,1.0,1.0,0.0,1.0,0.0,0.75
5423,c855eb02dea11b02e,True,,,,,,,,,,1.0,1.0,0.0,1.0,1.0,1.0,0.0,1.0,0.0,0.0
5424,726d488f280e59674,True,,,,,,,,,,1.0,0.0,0.0,1.0,0.6925510030391877,1.0,0.0,1.0,1.0,0.0
5425,f643477a1fb277583,True,,,,,,,,,,1.0,1.0,1.0,1.0,0.8488127464186791,1.0,1.0,1.0,0.0,0.8277539832558372
5426,075c6629f363025a1,True,,,,,,,,,,1.0,1.0,1.0,1.0,0.7639852026540997,1.0,1.0,1.0,1.0,0.9262453758294061
5427,ce91aa0b54e55f85e,True,,,,,,,,,,1.0,1.0,1.0,1.0,0.8469711195004814,1.0,0.0,1.0,1.0,0.8271784748439004
5428,3fd0808364384b621,True,,,,,,,,,,1.0,1.0,0.5,1.0,1.0,1.0,0.0,1.0,0.0,0.375
5429,272d0fb68e72a32c3,True,,,,,,,,,,1.0,1.0,0.0,1.0,1.0,1.0,1.0,1.0,1.0,0.0
5430,80a5f0392d8aa9afb,True,,,,,,,,,,1.0,1.0,1.0,1.0,0.5037335222476083,1.0,1.0,1.0,1.0,0.8449167257023775
5431,e9751ea5c28dbd703,True,,,,,,,,,,0.0,1.0,1.0,1.0,0.5731427710617768,0.0,1.0,1.0,0.0,0.0
5432,cd55f0d35ddb36337,True,,,,,,,,,,1.0,1.0,1.0,1.0,0.6611120067705202,1.0,0.0,1.0,0.0,0.6440975021157875
5433,0c3447f80e5b8a35d,True,,,,,,,,,,1.0,1.0,0.5,1.0,0.41970610066688474,1.0,0.0,1.0,1.0,0.3468290782292007
5434,99304f2615a52fab7,True,,,,,,,,,,1.0,1.0,0.5,1.0,1.0,1.0,0.0,1.0,1.0,0.4375
5435,143c4941004472287,True,,,,,,,,,,1.0,0.0,1.0,1.0,1.0,1.0,0.0,1.0,0.0,0.0
5436,91927b9cf7456c200,True,,,,,,,,,,1.0,0.0,1.0,1.0,0.8816855952646795,1.0,1.0,1.0,1.0,0.0
5437,92ad1ee3b8c3a8859,True,,,,,,,,,,1.0,1.0,1.0,1.0,0.6020759649234121,1.0,1.0,1.0,0.0,0.7506487390385663
5438,52c153c82d99556d6,True,,,,,,,,,,1.0,0.0,0.0,1.0,1.0,1.0,0.0,1.0,0.0,0.0
5439,dab86e6eab3ddf22e,True,,,,,,,,,,1.0,1.0,0.0,1.0,1.0,1.0,1.0,1.0,0.0,0.0
5440,5a4fe1d15e2ccbce1,True,,,,,,,,,,1.0,1.0,1.0,1.0,0.24472598859739828,1.0,1.0,1.0,1.0,0.763976871436687
5441,17416a9c9123b7bc1,True,,,,,,,,,,1.0,1.0,1.0,1.0,0.8949981145847615,1.0,1.0,1.0,1.0,0.967186910807738
5442,3331cabab3946bf78,True,,,,,,,,,,1.0,1.0,1.0,1.0,0.671981830015591,1.0,1.0,1.0,1.0,0.8974943218798722
5443,b58fa3cc9262a73d1,True,,,,,,,,,,0.0,1.0,1.0,1.0,1.0,0.0,1.0,1.0,1.0,0.0
5444,f2ffa929974330310,True,,,,,,,,,,1.0,1.0,0.0,1.0,1.0,1.0,0.0,1.0,0.0,0.0
5445,e35c9a585407c6e2a,True,,,,,,,,,,0.0,1.0,1.0,1.0,0.8398797527132326,0.0,1.0,1.0,0.0,0.0
5446,f216b9731d3c1f375,True,,,,,,,,,,1.0,0.0,0.0,1.0,1.0,1.0,0.0,0.0,0.0,0.0
5447,7b49a5c516fc052ba,True,,,,,,,,,,1.0,1.0,0.0,1.0,0.8509795202696406,1.0,0.0,1.0,1.0,0.0
5448,ec57bab7a9c75c4d0,True,,,,,,,,,,1.0,1.0,0.0,1.0,1.0,1.0,0.0,1.0,0.0,0.0
5449,81c9c878090cea034,True,,,,,,,,,,1.0,1.0,1.0,1.0,0.4096015603848189,1.0,1.0,1.0,1.0,0.8155004876202558
5450,b5eae8e67d3680501,True,,,,,,,,,,1.0,1.0,1.0,1.0,0.7325454352210776,0.0,0.0,1.0,1.0,0.47892044850658677
5451,bc91b5b7dc430b04d,True,,,,,,,,,,1.0,1.0,0.0,1.0,1.0,1.0,0.0,1.0,1.0,0.0
5452,d405764e71ecb1286,True,,,,,,,,,,1.0,1.0,1.0,1.0,0.8593027155213532,1.0,0.0,1.0,1.0,0.8310320986004229
5453,6a4de6b536cc07742,True,,,,,,,,,,1.0,1.0,1.0,1.0,0.6315426513034286,1.0,0.0,1.0,1.0,0.7598570785323214
5454,f4012a586df6289ed,True,,,,,,,,,,0.0,0.0,1.0,1.0,1.0,0.0,0.0,1.0,1.0,0.0
5455,2c6298b7b191f9461,True,,,,,,,,,,1.0,1.0,1.0,1.0,1.0,1.0,1.0,1.0,0.0,0.875
5456,888343bb23c96916c,True,,,,,,,,,,1.0,1.0,1.0,1.0,0.2571292847954745,1.0,0.0,1.0,1.0,0.6428529014985858
5457,eeb0b8f8cc54ccf58,True,,,,,,,,,,0.0,1.0,1.0,1.0,1.0,0.0,1.0,1.0,0.0,0.0
5458,f6f0c7a27b1c90f37,True,,,,,,,,,,1.0,1.0,1.0,1.0,0.7644126877036366,1.0,1.0,1.0,1.0,0.9263789649073864
5459,4cf1e96869318f4da,True,,,,,,,,,,1.0,0.0,1.0,1.0,1.0,1.0,1.0,1.0,0.0,0.0
5460,ebe3f434bfee258dc,True,,,,,,,,,,0.0,1.0,1.0,1.0,1.0,0.0,1.0,1.0,1.0,0.0
5461,74ccd6443745d7a0a,True,,,,,,,,,,0.0,1.0,1.0,1.0,1.0,0.0,0.0,1.0,1.0,0.0
5462,d02247bc43841f48b,True,,,,,,,,,,1.0,1.0,1.0,1.0,1.0,1.0,0.0,1.0,1.0,0.875
5463,d2a3fa9bdd6ebc040,True,,,,,,,,,,1.0,1.0,1.0,1.0,0.6796069433128955,1.0,1.0,1.0,1.0,0.8998771697852799
5464,fa5f831bdaa6b6167,True,,,,,,,,,,1.0,1.0,0.5,1.0,1.0,1.0,0.0,1.0,1.0,0.4375
5465,300e70e9d228631b4,True,,,,,,,,,,1.0,0.0,0.0,1.0,1.0,1.0,0.0,1.0,0.0,0.0
5466,a81080b37a16b485a,True,,,,,,,,,,1.0,0.0,1.0,1.0,0.7377047525385179,1.0,1.0,1.0,0.0,0.0
5467,13f7d51df20a8dc66,True,,,,,,,,,,1.0,1.0,0.0,1.0,1.0,1.0,0.0,1.0,1.0,0.0
5468,4dbc9cc6aa10c611c,True,,,,,,,,,,1.0,1.0,1.0,1.0,0.5791655881041576,1.0,1.0,1.0,0.0,0.7434892462825493
5469,3606310eace955ba8,True,,,,,,,,,,0.0,1.0,0.5,1.0,1.0,0.0,0.0,1.0,1.0,0.0
5470,9c7d353e930a79a97,True,,,,,,,,,,1.0,1.0,0.0,1.0,0.9913870428026093,1.0,0.0,1.0,0.0,0.0
5471,0cbcae8358528cd55,True,,,,,,,,,,1.0,1.0,1.0,1.0,1.0,1.0,0.0,1.0,0.0,0.75
5472,1bc64f4db46ec4c9f,True,,,,,,,,,,0.0,0.0,0.5,1.0,1.0,1.0,0.0,1.0,0.0,0.0
5473,87f8776a408095eee,True,,,,,,,,,,1.0,1.0,1.0,1.0,0.5634391291894802,1.0,1.0,1.0,1.0,0.8635747278717125
5474,cdee605a7b8acd418,True,,,,,,,,,,1.0,1.0,1.0,1.0,0.7331159942240534,1.0,1.0,1.0,1.0,0.9165987481950166
5475,e26a54b7a798e6e57,True,,,,,,,,,,1.0,1.0,1.0,1.0,0.8413886412346765,1.0,1.0,1.0,1.0,0.9504339503858363
5476,8d07721cee604c720,True,,,,,,,,,,1.0,0.0,1.0,1.0,0.4828458421529008,1.0,0.0,1.0,1.0,0.0
5477,abf07a7ff20944b55,True,,,,,,,,,,1.0,1.0,1.0,1.0,0.9122966051705751,1.0,0.0,1.0,1.0,0.8475926891158048
5478,b1914ef64d65f8786,True,,,,,,,,,,1.0,1.0,1.0,1.0,0.7312725292543749,1.0,1.0,1.0,1.0,0.9160226653919922
5479,6f6d638ab426ccd16,True,,,,,,,,,,1.0,1.0,0.5,1.0,0.9163764639335672,1.0,0.0,1.0,1.0,0.42443382248961986
5480,63afd42accc1a8cd9,True,,,,,,,,,,1.0,0.0,1.0,1.0,0.6873012824498969,1.0,1.0,1.0,1.0,0.0
5481,0e655768a5fd9c8ad,True,,,,,,,,,,0.0,1.0,0.5,1.0,1.0,0.0,0.0,1.0,1.0,0.0
5482,61fd1e677d1c01a32,True,,,,,,,,,,0.5,0.0,0.0,1.0,1.0,0.0,0.0,1.0,1.0,0.0
5483,f6d1ce467bb8ef333,True,,,,,,,,,,1.0,0.0,1.0,1.0,0.47804024524622685,1.0,1.0,1.0,0.0,0.0
5484,e41e35545e4667bbb,True,,,,,,,,,,1.0,0.0,0.0,1.0,1.0,1.0,0.0,1.0,0.0,0.0
5485,c4bb99fe9ff474e51,True,,,,,,,,,,1.0,1.0,1.0,1.0,0.2304820798699479,1.0,1.0,1.0,1.0,0.7595256499593588
5486,63f0437b508ffc626,True,,,,,,,,,,0.0,1.0,1.0,1.0,1.0,0.0,1.0,1.0,0.0,0.0
5487,c2ee3d175867a9e7a,True,,,,,,,,,,1.0,0.0,0.5,1.0,0.9797563296693513,1.0,1.0,1.0,1.0,0.0
5488,b0cbc535fe9913787,True,,,,,,,,,,1.0,1.0,0.0,1.0,0.8051669980628003,1.0,1.0,1.0,0.0,0.0
5489,cd294e9205c77defd,True,,,,,,,,,,1.0,1.0,1.0,1.0,0.7569351098827575,1.0,0.0,1.0,1.0,0.7990422218383617
5490,da0cbcf9661157a63,True,,,,,,,,,,1.0,1.0,1.0,1.0,1.0,1.0,1.0,1.0,1.0,1.0
5491,9ddf964682ac312d8,True,,,,,,,,,,1.0,1.0,1.0,1.0,0.2846674761713536,1.0,1.0,1.0,0.0,0.651458586303548
5492,b0917755d03fa6298,True,,,,,,,,,,1.0,0.0,0.0,1.0,0.6938301804219309,1.0,0.0,1.0,0.0,0.0
5493,dda43e7963e96149d,True,,,,,,,,,,1.0,1.0,1.0,1.0,0.3034179699827802,1.0,1.0,1.0,1.0,0.7823181156196188
5494,9600f9f6992618229,True,,,,,,,,,,1.0,1.0,0.5,1.0,0.6933211684827071,1.0,1.0,1.0,0.0,0.389581432575423
5495,adab3d6fadc01f0e9,True,,,,,,,,,,1.0,1.0,1.0,1.0,1.0,1.0,1.0,1.0,1.0,1.0
5496,9a546e8b85e191da8,True,,,,,,,,,,1.0,1.0,1.0,1.0,1.0,1.0,1.0,1.0,1.0,1.0
5497,a480f952c0cac164f,True,,,,,,,,,,1.0,0.0,1.0,1.0,0.39294435391007343,1.0,1.0,1.0,1.0,0.0
5498,7ac64209033f8834f,True,,,,,,,,,,1.0,1.0,0.5,1.0,0.5644796107588034,1.0,0.0,1.0,1.0,0.36944993918106306
5499,923c60fcee28fff76,True,,,,,,,,,,1.0,1.0,1.0,1.0,0.7134178724000632,1.0,1.0,1.0,1.0,0.9104430851250197
5500,3accc2d050327016d,True,,,,,,,,,,0.0,1.0,1.0,1.0,1.0,0.0,1.0,1.0,1.0,0.0
5501,b2b89aaeeff8dd8dd,True,,,,,,,,,,1.0,0.0,0.0,1.0,1.0,1.0,0.0,1.0,0.0,0.0
5502,3d1800c34a5e46a21,True,,,,,,,,,,1.0,0.0,1.0,1.0,1.0,1.0,1.0,1.0,1.0,0.0
5503,6280da1271d9fac21,True,,,,,,,,,,0.0,1.0,1.0,1.0,1.0,0.0,0.0,1.0,0.0,0.0
5504,7b43da672e8898362,True,,,,,,,,,,1.0,1.0,0.5,1.0,1.0,1.0,0.0,1.0,1.0,0.4375
5505,344bd2551e98ed803,True,,,,,,,,,,1.0,0.0,0.0,1.0,1.0,0.0,0.0,1.0,1.0,0.0
5506,894784294c8d0ed99,True,,,,,,,,,,1.0,1.0,1.0,1.0,0.8445543058839398,1.0,1.0,1.0,0.0,0.8264232205887312
5507,50af9c4a2721fb804,True,,,,,,,,,,1.0,0.0,1.0,1.0,1.0,1.0,1.0,1.0,1.0,0.0
5508,17b20f1abf2c81e8d,True,,,,,,,,,,1.0,1.0,0.5,1.0,0.8588895897506726,1.0,1.0,1.0,0.0,0.41545149839854256
5509,b1d448fe8d77559fd,True,,,,,,,,,,1.0,0.0,1.0,1.0,0.7673295351124131,1.0,1.0,1.0,0.0,0.0
5510,80800198aa496ffc8,True,,,,,,,,,,0.0,1.0,1.0,1.0,0.8537003848513112,0.0,0.0,0.0,1.0,0.0
5511,66138b6a89d5d40bf,True,,,,,,,,,,1.0,1.0,1.0,1.0,0.5446361187393578,0.0,1.0,1.0,0.0,0.4201987871060493
5512,8d47793d9ca1f6778,True,,,,,,,,,,1.0,1.0,1.0,1.0,1.0,1.0,1.0,1.0,1.0,1.0
5513,3349d086f3bc06728,True,,,,,,,,,,1.0,1.0,1.0,1.0,0.7501179641402357,1.0,0.0,1.0,1.0,0.7969118637938236
5514,ecefe6eb9d594a685,True,,,,,,,,,,1.0,0.0,0.0,1.0,0.9137299652064121,1.0,0.0,1.0,1.0,0.0
5515,1a06b94eb28c15802,True,,,,,,,,,,0.5,1.0,1.0,1.0,1.0,0.0,0.0,1.0,1.0,0.28125
5516,5f6ba007265885758,True,,,,,,,,,,1.0,0.0,1.0,1.0,0.7591431820415699,1.0,0.0,1.0,0.0,0.0
5517,df8882fb6dbefa033,True,,,,,,,,,,1.0,0.0,1.0,1.0,1.0,1.0,0.0,1.0,1.0,0.0
5518,122590be147f65d56,True,,,,,,,,,,1.0,1.0,1.0,1.0,0.724969645907116,1.0,0.0,1.0,1.0,0.7890530143459737
5519,64176216fb79bf46c,True,,,,,,,,,,1.0,1.0,1.0,1.0,0.7624282820359196,1.0,0.0,1.0,1.0,0.800758838136225
5520,d308ca8a7878741eb,True,,,,,,,,,,1.0,0.0,0.5,1.0,1.0,1.0,0.0,0.0,0.0,0.0
5521,ed038c1798a7006eb,True,,,,,,,,,,0.0,1.0,1.0,1.0,1.0,0.0,0.0,1.0,1.0,0.0
5522,9d9f3b3f6578c5375,True,,,,,,,,,,1.0,1.0,1.0,1.0,0.9775371831167431,1.0,0.0,1.0,0.0,0.7429803697239823
5523,99dd1518526c46b6e,True,,,,,,,,,,1.0,1.0,0.0,1.0,1.0,1.0,0.0,1.0,0.0,0.0
5524,2a2396b5db7435a5e,True,,,,,,,,,,1.0,1.0,0.0,1.0,0.9685416542774177,1.0,0.0,1.0,0.0,0.0
5525,ae3513291969ee51b,True,,,,,,,,,,0.0,1.0,1.0,1.0,1.0,0.0,1.0,1.0,0.0,0.0
5526,3108d12aec681dcb0,True,,,,,,,,,,1.0,1.0,1.0,1.0,0.5474924913524947,1.0,0.0,1.0,0.0,0.6085914035476546
5527,81b780529f08d965b,True,,,,,,,,,,1.0,0.0,1.0,1.0,0.7937494742858117,1.0,1.0,1.0,0.0,0.0
5528,c3ded6e25641b2068,True,,,,,,,,,,1.0,1.0,1.0,1.0,1.0,1.0,1.0,1.0,0.0,0.875
5529,dc0cffde6935fbd2b,True,,,,,,,,,,1.0,1.0,1.0,1.0,0.6082596413193787,1.0,1.0,1.0,0.0,0.7525811379123059
5530,0ec4048ba57347962,True,,,,,,,,,,0.0,0.0,0.0,1.0,1.0,0.0,0.0,1.0,0.0,0.0
5531,6e7525ff98599366a,True,,,,,,,,,,1.0,1.0,1.0,1.0,0.6169265394252378,1.0,0.0,1.0,1.0,0.7552895435703868
5532,4fd96d4727fd67d4a,True,,,,,,,,,,1.0,1.0,1.0,1.0,0.39054072214600644,1.0,0.0,1.0,0.0,0.5595439756706271
5533,7c028a0e38d689322,True,,,,,,,,,,1.0,1.0,1.0,1.0,1.0,1.0,0.0,1.0,1.0,0.875
5534,96cc2557a7240b2e7,True,,,,,,,,,,0.0,1.0,1.0,1.0,1.0,0.0,1.0,1.0,1.0,0.0
5535,b9d5b5bb73e875bc3,True,,,,,,,,,,1.0,1.0,1.0,1.0,0.6254670397627112,1.0,1.0,1.0,1.0,0.8829584499258473
5536,f6817999b4946e35c,True,,,,,,,,,,1.0,1.0,1.0,1.0,1.0,1.0,1.0,1.0,1.0,1.0
5537,1bd74624249d94074,True,,,,,,,,,,0.5,0.0,1.0,1.0,1.0,0.0,1.0,1.0,0.0,0.0
5538,6e06dc9cb502fab19,True,,,,,,,,,,1.0,1.0,1.0,1.0,1.0,1.0,1.0,1.0,1.0,1.0
5539,781d4b5658394c5ca,True,,,,,,,,,,1.0,1.0,1.0,1.0,1.0,1.0,0.0,1.0,1.0,0.875
5540,63a044757376360cc,True,,,,,,,,,,1.0,1.0,1.0,1.0,0.8523192231852529,1.0,0.0,0.0,0.0,0.5788497572453914
5541,82dd82d413d8fdf95,True,,,,,,,,,,1.0,1.0,1.0,1.0,0.3160624114172194,1.0,1.0,1.0,1.0,0.7862695035678811
5542,0aef5f06bc06b4b67,True,,,,,,,,,,1.0,0.0,0.5,1.0,1.0,1.0,1.0,1.0,1.0,0.0
5543,f5c8d07f9fe6a3b4d,True,,,,,,,,,,0.0,1.0,1.0,0.0,1.0,0.0,1.0,1.0,1.0,0.0
5544,566746c1b29ff6a10,True,,,,,,,,,,1.0,1.0,1.0,1.0,0.83609795049986,1.0,1.0,1.0,0.0,0.8237806095312062
5545,eedb6f9d589e745c8,True,,,,,,,,,,0.0,0.0,1.0,1.0,1.0,0.0,0.0,1.0,1.0,0.0
5546,d015a262e6ee504bb,True,,,,,,,,,,1.0,1.0,1.0,1.0,1.0,1.0,0.0,1.0,0.0,0.75
5547,cfa0d13a7c93691c3,True,,,,,,,,,,1.0,0.0,1.0,1.0,0.4333188650477444,1.0,0.0,1.0,1.0,0.0
5548,de1d1d3fbf4860a8c,True,,,,,,,,,,0.0,1.0,0.0,1.0,1.0,0.0,0.0,1.0,1.0,0.0
5549,53c6f9cae0f7a4cd1,True,,,,,,,,,,0.0,0.0,0.0,1.0,1.0,0.0,0.0,1.0,1.0,0.0
5550,3b8808368bea4771a,True,,,,,,,,,,0.5,1.0,1.0,1.0,1.0,0.0,1.0,1.0,0.0,0.28125
5551,aecd96a93af75adeb,True,,,,,,,,,,1.0,1.0,1.0,1.0,1.0,1.0,0.0,1.0,1.0,0.875
5552,bf56d797d033f36bd,True,,,,,,,,,,1.0,1.0,1.0,1.0,0.7293014772044921,1.0,1.0,1.0,0.0,0.7904067116264037
5553,873e0ddcc4fdfae2e,True,,,,,,,,,,1.0,0.0,1.0,1.0,1.0,1.0,0.0,1.0,1.0,0.0
5554,57e7f219c88ab8fe0,True,,,,,,,,,,1.0,0.0,1.0,1.0,1.0,1.0,1.0,1.0,1.0,0.0
5555,ad467d131723f8e9e,True,,,,,,,,,,1.0,1.0,1.0,1.0,0.8488117369112441,1.0,1.0,0.0,1.0,0.8277536677847638
5556,fa28a1a92ae386086,True,,,,,,,,,,1.0,0.0,1.0,1.0,0.7301854292446908,1.0,1.0,1.0,0.0,0.0
5557,c24873028db688fff,True,,,,,,,,,,1.0,0.0,1.0,1.0,0.6453275104280339,1.0,1.0,1.0,1.0,0.0
5558,9b0fa1196afa1a71b,True,,,,,,,,,,1.0,0.0,1.0,1.0,0.6861906407004136,1.0,1.0,1.0,1.0,0.0
5559,86d4226f5118e784d,True,,,,,,,,,,1.0,1.0,1.0,1.0,0.8337807050471518,1.0,1.0,1.0,1.0,0.948056470327235
5560,d24b5a7c9247ecd43,True,,,,,,,,,,1.0,0.0,1.0,1.0,0.532844268384426,1.0,1.0,1.0,1.0,0.0
5561,e4a4cf72a6a92f620,True,,,,,,,,,,1.0,1.0,1.0,1.0,0.9545578359453976,1.0,0.0,0.0,0.0,0.6107993237329368
5562,b592db40b4ae7d08c,True,,,,,,,,,,1.0,1.0,1.0,1.0,0.64755409000679,1.0,0.0,1.0,1.0,0.7648606531271218
5563,c567a3cd6305bc4a6,True,,,,,,,,,,0.0,1.0,1.0,1.0,0.9209610532027473,0.0,0.0,1.0,0.0,0.0
5564,9afe3b5ff03c0b6bf,True,,,,,,,,,,1.0,1.0,1.0,1.0,1.0,1.0,1.0,1.0,1.0,1.0
5565,772ca0f5b2b35d83b,True,,,,,,,,,,1.0,0.0,1.0,0.0,1.0,0.0,1.0,1.0,1.0,0.0
5566,1088e54d61d6c1c1a,True,,,,,,,,,,1.0,0.0,1.0,1.0,0.6201007211012887,1.0,1.0,1.0,1.0,0.0
5567,0ba7e570a3d546654,True,,,,,,,,,,1.0,1.0,1.0,1.0,0.8183798494232883,1.0,0.0,1.0,1.0,0.8182437029447776
5568,506e98e6817013978,True,,,,,,,,,,1.0,1.0,1.0,1.0,0.7025855907976813,1.0,1.0,1.0,0.0,0.7820579971242754
5569,db8ce7c16bd7a04ef,True,,,,,,,,,,1.0,1.0,1.0,1.0,0.7836505726281653,1.0,1.0,1.0,1.0,0.9323908039463016
5570,ee370f6df7c0912be,True,,,,,,,,,,1.0,1.0,1.0,1.0,1.0,1.0,1.0,1.0,0.0,0.875
5571,9c1ac53b20c284d28,True,,,,,,,,,,1.0,1.0,1.0,1.0,0.7878251261210896,1.0,1.0,1.0,1.0,0.9336953519128405
5572,f6021914cda2ce515,True,,,,,,,,,,1.0,1.0,1.0,1.0,0.6957682035655942,1.0,0.0,1.0,0.0,0.6549275636142482
5573,bccc789380086dadb,True,,,,,,,,,,1.0,1.0,1.0,1.0,0.48728776262879675,1.0,0.0,1.0,1.0,0.714777425821499
5574,c8a0832c8f737ce92,True,,,,,,,,,,1.0,0.0,1.0,1.0,0.8030986042835094,1.0,0.0,1.0,1.0,0.0
5575,cc641ddb31703cb06,True,,,,,,,,,,0.0,1.0,0.5,1.0,0.9047021369458172,0.0,0.0,1.0,1.0,0.0
5576,c64e0d6194293f51e,True,,,,,,,,,,1.0,1.0,1.0,1.0,0.25368580794762885,1.0,1.0,1.0,1.0,0.766776814983634
5577,233db9b81971aca2a,True,,,,,,,,,,1.0,1.0,1.0,1.0,0.7615686549417291,1.0,1.0,1.0,1.0,0.9254902046692903
5578,1d56f1ceb0d56960c,True,,,,,,,,,,1.0,1.0,1.0,1.0,1.0,1.0,1.0,1.0,1.0,1.0
5579,66582437b06794318,True,,,,,,,,,,1.0,0.0,0.0,1.0,1.0,0.0,1.0,0.0,0.0,0.0
5580,3894c9c5592b7db82,True,,,,,,,,,,0.0,1.0,1.0,1.0,1.0,0.0,0.0,1.0,0.0,0.0
5581,9efffb1c9487faa89,True,,,,,,,,,,1.0,0.0,1.0,1.0,1.0,1.0,0.0,1.0,1.0,0.0
5582,bfb52f68dcd77ef80,True,,,,,,,,,,1.0,1.0,0.0,1.0,1.0,1.0,0.0,1.0,1.0,0.0
5583,3864e1953b7d8cbc6,True,,,,,,,,,,1.0,1.0,1.0,1.0,0.597906787150948,1.0,1.0,0.0,0.0,0.6243458709846712
5584,fb243ec63be645481,True,,,,,,,,,,1.0,1.0,1.0,1.0,0.7939385043633668,1.0,1.0,1.0,1.0,0.9356057826135521
5585,b3ef71b2c228693bd,True,,,,,,,,,,1.0,1.0,1.0,1.0,0.8856728402318735,1.0,1.0,1.0,1.0,0.9642727625724605
5586,66f45177e81fc8115,True,,,,,,,,,,1.0,1.0,1.0,1.0,0.8922226920211085,1.0,0.0,1.0,1.0,0.8413195912565964
5587,e42fb75cf07b74514,True,,,,,,,,,,1.0,1.0,1.0,1.0,0.3492409593823747,1.0,1.0,1.0,1.0,0.7966377998069921
5588,0e6b7e12965c8e997,True,,,,,,,,,,1.0,1.0,0.0,1.0,1.0,1.0,0.0,1.0,1.0,0.0
5589,4ec9148a1b26673a2,True,,,,,,,,,,1.0,0.0,1.0,1.0,1.0,1.0,0.0,1.0,1.0,0.0
5590,4f381652c85aeb8b4,True,,,,,,,,,,1.0,1.0,1.0,1.0,0.41515152737318495,1.0,1.0,1.0,0.0,0.6922348523041203
5591,e05ade0e231d4cf61,True,,,,,,,,,,0.0,1.0,1.0,0.0,1.0,0.0,1.0,1.0,0.0,0.0
5592,94290de1a09e79e7b,True,,,,,,,,,,1.0,0.0,0.0,1.0,1.0,1.0,0.0,1.0,1.0,0.0
5593,b02622c8d05a2a7ab,True,,,,,,,,,,1.0,1.0,1.0,1.0,0.5254849623737117,1.0,0.0,1.0,1.0,0.7267140507417849
5594,88c5a08bcfdda91cd,True,,,,,,,,,,1.0,1.0,1.0,1.0,0.8538512823752865,1.0,1.0,1.0,1.0,0.9543285257422771
5595,7d9dbfb94fb6594f8,True,,,,,,,,,,1.0,0.0,1.0,1.0,0.7987669849027874,1.0,0.0,1.0,1.0,0.0
5596,6f5571bbc6dc5faee,True,,,,,,,,,,1.0,1.0,1.0,1.0,0.5027355150775035,1.0,0.0,1.0,1.0,0.7196048484617199
5597,9c33aa775bae4e3a1,True,,,,,,,,,,1.0,1.0,1.0,1.0,0.6527593868228583,1.0,1.0,1.0,0.0,0.7664873083821432
5598,64c25286434cfc0a6,True,,,,,,,,,,1.0,1.0,1.0,1.0,0.7721509984284913,1.0,1.0,1.0,0.0,0.8037971870089036
5599,9abae68cd6e25c030,True,,,,,,,,,,1.0,1.0,1.0,1.0,0.7158919933905388,1.0,1.0,1.0,1.0,0.9112162479345434
5600,281b6c4a5468c1447,True,,,,,,,,,,1.0,1.0,0.5,1.0,0.7246214706068972,1.0,1.0,1.0,1.0,0.4569721047823277
5601,39dac9068ac428048,True,,,,,,,,,,1.0,1.0,1.0,1.0,0.7128547162645117,1.0,0.0,1.0,1.0,0.7852670988326599
5602,7d7a22329b9cef777,True,,,,,,,,,,1.0,1.0,1.0,1.0,0.66581759352938,1.0,0.0,1.0,1.0,0.7705679979779312
5603,b7b75d4d1f9b05cac,True,,,,,,,,,,1.0,1.0,1.0,1.0,0.5767871758774727,1.0,0.0,1.0,1.0,0.7427459924617102
5604,7b6367ddd040256d3,True,,,,,,,,,,1.0,1.0,1.0,1.0,1.0,1.0,0.0,1.0,0.0,0.75
5605,72a853c092fda384e,True,,,,,,,,,,0.0,1.0,1.0,1.0,1.0,0.0,0.0,1.0,0.0,0.0
5606,ff2edd12a568b7eac,True,,,,,,,,,,1.0,1.0,1.0,1.0,0.8534877031546155,1.0,0.0,1.0,1.0,0.8292149072358174
5607,3638bc9577d1ebfa6,True,,,,,,,,,,0.0,1.0,0.0,1.0,1.0,0.0,0.0,0.0,0.0,0.0
5608,ae63fbc91467ac137,True,,,,,,,,,,0.0,1.0,0.5,1.0,1.0,0.0,0.0,1.0,1.0,0.0
5609,5e199a678c61e376a,True,,,,,,,,,,1.0,1.0,1.0,1.0,0.9847557305665883,1.0,0.0,1.0,1.0,0.8702361658020588
5610,eb6579d91982e38e5,True,,,,,,,,,,1.0,0.0,1.0,1.0,0.5518365732317165,1.0,1.0,1.0,1.0,0.0
5611,cd00bd6a4daf5fce4,True,,,,,,,,,,1.0,1.0,1.0,1.0,0.30389790436132746,1.0,0.0,1.0,1.0,0.6574680951129148
5612,8995bd04ab8959f6a,True,,,,,,,,,,0.0,0.0,1.0,1.0,1.0,0.0,0.0,1.0,1.0,0.0
5613,e6319072517f4b675,True,,,,,,,,,,0.5,0.0,1.0,1.0,0.5832426027506973,0.0,1.0,1.0,1.0,0.0
5614,50efe42947fa108c7,True,,,,,,,,,,1.0,1.0,1.0,1.0,0.5747555533086433,1.0,1.0,1.0,1.0,0.8671111104089511
5615,ac83e59ec47471195,True,,,,,,,,,,1.0,1.0,1.0,1.0,0.5193863982614892,1.0,1.0,1.0,0.0,0.7248082494567154
5616,368fa1aeac7542731,True,,,,,,,,,,0.5,0.0,0.5,1.0,1.0,0.0,0.0,1.0,0.0,0.0
5617,47333aea0afd08b32,True,,,,,,,,,,0.0,1.0,1.0,1.0,1.0,0.0,1.0,1.0,1.0,0.0
5618,d6e2587cedd827dce,True,,,,,,,,,,1.0,0.0,1.0,1.0,0.16289213538131322,1.0,1.0,1.0,0.0,0.0
5619,87c8724fcdc627dae,True,,,,,,,,,,1.0,1.0,1.0,1.0,0.43967726683860214,1.0,1.0,1.0,0.0,0.6998991458870631
5620,69983915889fb6856,True,,,,,,,,,,1.0,1.0,1.0,1.0,0.7421963538298485,1.0,0.0,1.0,1.0,0.7944363605718276
5621,ab7c66f93bd1cb471,True,,,,,,,,,,1.0,0.0,1.0,1.0,1.0,1.0,0.0,1.0,1.0,0.0
5622,6e261442656fe6159,True,,,,,,,,,,1.0,1.0,0.5,1.0,0.6253707435941817,1.0,1.0,1.0,0.0,0.3789641786865909
5623,f69feac0ce4643512,True,,,,,,,,,,1.0,1.0,1.0,1.0,0.6571432647168984,1.0,1.0,1.0,0.0,0.7678572702240307
5624,4fa2e904e6a4504ba,True,,,,,,,,,,1.0,0.0,0.5,1.0,1.0,1.0,0.0,1.0,0.0,0.0
5625,f6eaaf2106ca53ffa,True,,,,,,,,,,1.0,0.0,1.0,1.0,0.6058160458675729,1.0,1.0,1.0,0.0,0.0
5626,6a802ffe0ffb0c125,True,,,,,,,,,,1.0,1.0,1.0,1.0,0.7921231094703975,1.0,1.0,1.0,1.0,0.9350384717094993
5627,2c126d0b4fc4f59f6,True,,,,,,,,,,1.0,1.0,1.0,1.0,1.0,1.0,0.0,1.0,0.0,0.75
5628,02b412777e6ce82cd,True,,,,,,,,,,1.0,1.0,1.0,1.0,0.9864605250574902,1.0,1.0,1.0,1.0,0.9957689140804658
5629,f57b598a624e522c7,True,,,,,,,,,,1.0,1.0,1.0,1.0,0.4959827475923014,1.0,0.0,1.0,1.0,0.7174946086225942
5630,699fb67837db96cea,True,,,,,,,,,,1.0,1.0,0.0,1.0,1.0,1.0,0.0,1.0,1.0,0.0
5631,10dc3b2e0ce99941a,True,,,,,,,,,,0.5,1.0,1.0,1.0,1.0,0.0,1.0,1.0,1.0,0.34375
5632,4e1091afb4068e9ee,True,,,,,,,,,,1.0,1.0,0.0,1.0,1.0,1.0,0.0,1.0,0.0,0.0
5633,f6eee6000df177477,True,,,,,,,,,,1.0,0.0,1.0,1.0,1.0,1.0,0.0,1.0,1.0,0.0
5634,2db08d812a386295d,True,,,,,,,,,,1.0,1.0,1.0,1.0,1.0,1.0,1.0,1.0,0.0,0.875
5635,520f935b586e7b731,True,,,,,,,,,,1.0,0.0,1.0,1.0,1.0,1.0,0.0,1.0,0.0,0.0
5636,c532df7508f6fce92,True,,,,,,,,,,0.0,1.0,1.0,1.0,1.0,0.0,1.0,1.0,1.0,0.0
5637,1cc09e6291c8fd8b7,True,,,,,,,,,,1.0,0.0,1.0,1.0,0.730127571522423,1.0,0.0,1.0,1.0,0.0
5638,dd0951850bdae5fd8,True,,,,,,,,,,1.0,1.0,1.0,1.0,0.6887560092354255,1.0,1.0,0.0,0.0,0.6527362528860705
5639,e58c5ddaa428a3e26,True,,,,,,,,,,1.0,0.0,1.0,1.0,0.9652788531299582,1.0,1.0,1.0,0.0,0.0
5640,25ca5866628df2ed3,True,,,,,,,,,,1.0,1.0,1.0,1.0,0.6144620199605153,1.0,1.0,1.0,0.0,0.754519381237661
5641,9acdea8bbc8a06caa,True,,,,,,,,,,1.0,1.0,1.0,1.0,0.8946364802078478,1.0,1.0,1.0,0.0,0.8420739000649524
5642,86ef74bf900e70e17,True,,,,,,,,,,1.0,0.0,0.0,1.0,1.0,1.0,0.0,0.0,0.0,0.0
5643,0179e3078c6c79cd3,True,,,,,,,,,,1.0,0.0,1.0,1.0,0.5377041723796169,1.0,0.0,1.0,1.0,0.0
5644,330ebf5b4dfbc967a,True,,,,,,,,,,0.0,0.0,1.0,1.0,1.0,0.0,0.0,1.0,1.0,0.0
5645,20120f09d1f74eb2c,True,,,,,,,,,,1.0,1.0,0.0,1.0,0.695885932223207,1.0,0.0,1.0,1.0,0.0
5646,d4443eaf8695fc97e,True,,,,,,,,,,1.0,1.0,0.0,1.0,0.7168601156391429,1.0,0.0,0.0,0.0,0.0
5647,6ccefb14640c0647d,True,,,,,,,,,,1.0,1.0,1.0,1.0,0.45404286613727834,1.0,0.0,1.0,1.0,0.7043883956678995
5648,de0ea29426ca0c381,True,,,,,,,,,,1.0,1.0,1.0,1.0,0.11678156062456657,1.0,0.0,1.0,1.0,0.5989942376951771
5649,bfd4cb9e2a8bebc15,True,,,,,,,,,,1.0,1.0,1.0,1.0,0.6842097674418963,1.0,0.0,1.0,1.0,0.7763155523255926
5650,e3bbe6b73a88e1b36,True,,,,,,,,,,1.0,1.0,0.5,1.0,0.7746358979569947,1.0,0.0,1.0,0.0,0.33978685905578043
5651,2301f91f3f804faa5,True,,,,,,,,,,1.0,0.0,1.0,1.0,0.6996977924844654,1.0,1.0,1.0,0.0,0.0
5652,0fe2cf2ea452fd529,True,,,,,,,,,,1.0,0.0,1.0,1.0,1.0,1.0,1.0,1.0,1.0,0.0
5653,e7c2b26b8d9679ed7,True,,,,,,,,,,1.0,0.0,1.0,1.0,0.46555632174356243,1.0,1.0,1.0,1.0,0.0
5654,a874b5928d421efad,True,,,,,,,,,,1.0,1.0,1.0,1.0,0.7216372245866188,1.0,1.0,1.0,1.0,0.9130116326833184
5655,d4b0d052629a32f79,True,,,,,,,,,,1.0,1.0,1.0,1.0,1.0,1.0,1.0,1.0,1.0,1.0
5656,2a32769c4b35a8c07,True,,,,,,,,,,1.0,0.0,1.0,1.0,0.7133266627937515,1.0,1.0,1.0,1.0,0.0
5657,19d1ed57ca3224e24,True,,,,,,,,,,0.0,0.0,1.0,1.0,1.0,0.0,0.0,0.0,0.0,0.0
5658,4e0a366def21f29ed,True,,,,,,,,,,1.0,1.0,1.0,1.0,0.19522038907248113,1.0,1.0,1.0,1.0,0.7485063715851503
5659,ea6b0110876910b22,True,,,,,,,,,,1.0,1.0,1.0,1.0,0.6952933571781919,1.0,1.0,1.0,1.0,0.904779174118185
5660,7c851ab07e3f1d15f,True,,,,,,,,,,1.0,1.0,1.0,1.0,0.7856178926794835,1.0,1.0,1.0,1.0,0.9330055914623385
5661,ea986d3a0c0d7a702,True,,,,,,,,,,1.0,0.0,1.0,1.0,0.664787434067431,1.0,1.0,1.0,0.0,0.0
5662,24d58aedbf92c910a,True,,,,,,,,,,1.0,1.0,1.0,1.0,0.7965548967375552,1.0,1.0,1.0,1.0,0.9364234052304861
5663,b2a29ceff702c11c1,True,,,,,,,,,,1.0,1.0,1.0,1.0,0.6504709010183661,1.0,0.0,1.0,1.0,0.7657721565682394
5664,996756f9de2d21bac,True,,,,,,,,,,1.0,1.0,1.0,1.0,1.0,1.0,0.0,1.0,1.0,0.875
5665,215d99206d864850d,True,,,,,,,,,,1.0,1.0,0.0,1.0,0.6085268989161431,1.0,0.0,1.0,0.0,0.0
5666,6a746336ecf0f665c,True,,,,,,,,,,1.0,1.0,0.0,1.0,1.0,0.0,0.0,1.0,0.0,0.0
5667,cb5add2e1dd5aa638,True,,,,,,,,,,1.0,1.0,1.0,1.0,1.0,1.0,1.0,1.0,0.0,0.875
5668,39cc92992ccc3244a,True,,,,,,,,,,1.0,1.0,0.0,1.0,1.0,1.0,0.0,1.0,1.0,0.0
5669,86cf77209e00173f3,True,,,,,,,,,,1.0,1.0,1.0,1.0,1.0,1.0,0.0,1.0,0.0,0.75
5670,6663c84e1f3447a03,True,,,,,,,,,,1.0,1.0,1.0,1.0,0.3875279622134487,1.0,0.0,1.0,0.0,0.5586024881917027
5671,769c3d78ab53dd47b,True,,,,,,,,,,1.0,1.0,1.0,1.0,0.6865532074736689,1.0,1.0,1.0,1.0,0.9020478773355215
5672,454ed2035bb0054fb,True,,,,,,,,,,1.0,1.0,1.0,1.0,0.6501203970640475,1.0,1.0,1.0,0.0,0.7656626240825148
5673,f11206119e3dafe73,True,,,,,,,,,,1.0,1.0,1.0,1.0,0.731222442828044,1.0,1.0,1.0,0.0,0.7910070133837638
5674,253e19e9e77501575,True,,,,,,,,,,1.0,1.0,1.0,1.0,0.7501040329863674,1.0,1.0,1.0,0.0,0.7969075103082398
5675,63c3e07f95869dd8a,True,,,,,,,,,,1.0,0.0,1.0,1.0,1.0,1.0,1.0,1.0,0.0,0.0
5676,4c1f05a52e82aac85,True,,,,,,,,,,1.0,0.0,1.0,1.0,0.7775942187568343,1.0,1.0,1.0,0.0,0.0
5677,6883dd210767ef27d,True,,,,,,,,,,1.0,1.0,1.0,1.0,0.9928229825488263,1.0,1.0,1.0,1.0,0.9977571820465082
5678,9a5590594b11e4e0d,True,,,,,,,,,,1.0,1.0,1.0,1.0,0.8714392725897693,1.0,1.0,1.0,1.0,0.9598247726843029
5679,e0c4f0b6dc4e1a632,True,,,,,,,,,,0.0,1.0,1.0,1.0,1.0,0.0,0.0,1.0,0.0,0.0
5680,fc2f7b0ec25d44aea,True,,,,,,,,,,0.0,1.0,1.0,1.0,1.0,0.0,0.0,1.0,1.0,0.0
5681,ab0cda5402469194e,True,,,,,,,,,,0.5,0.0,0.0,1.0,0.8314530977342068,0.0,1.0,1.0,0.0,0.0
5682,a99e7bb23533b8fee,True,,,,,,,,,,1.0,0.0,1.0,1.0,0.6651039692496584,1.0,0.0,1.0,1.0,0.0
5683,114cffc6aed0cbf4b,True,,,,,,,,,,1.0,0.0,1.0,1.0,0.3601266696312274,1.0,0.0,1.0,1.0,0.0
5684,02a66384ce22f1be6,True,,,,,,,,,,1.0,0.0,1.0,1.0,0.7251897884842652,1.0,1.0,1.0,0.0,0.0
5685,280a9911bfe1f941e,True,,,,,,,,,,0.0,0.0,1.0,1.0,0.677277764929229,1.0,1.0,1.0,1.0,0.0
5686,c3e34d7de79504c8f,True,,,,,,,,,,1.0,0.0,1.0,1.0,1.0,1.0,0.0,1.0,0.0,0.0
5687,2b1010d61e3c4e8ec,True,,,,,,,,,,1.0,1.0,0.0,1.0,0.7799947347885305,1.0,0.0,1.0,0.0,0.0
5688,2ad6d15da5c47d1be,True,,,,,,,,,,1.0,0.0,1.0,1.0,0.6064682582788141,1.0,1.0,1.0,1.0,0.0
5689,765fab253a51a77e4,True,,,,,,,,,,1.0,1.0,1.0,1.0,0.5284975342247787,1.0,0.0,1.0,1.0,0.7276554794452433
5690,49f0f48e0fa4af03e,True,,,,,,,,,,1.0,0.0,1.0,1.0,1.0,1.0,1.0,1.0,0.0,0.0
5691,b81b74ab58ca68574,True,,,,,,,,,,1.0,1.0,0.0,1.0,0.7830262759654671,1.0,1.0,0.0,0.0,0.0
5692,d8c1cf6f6a65ad21d,True,,,,,,,,,,1.0,0.0,0.5,1.0,1.0,1.0,0.0,1.0,0.0,0.0
5693,9d5c879308ff1f5b5,True,,,,,,,,,,1.0,1.0,1.0,1.0,0.7413438493543698,1.0,0.0,1.0,1.0,0.7941699529232406
5694,4f7b62e9ded399e3c,True,,,,,,,,,,1.0,0.0,1.0,1.0,1.0,1.0,0.0,1.0,1.0,0.0
5695,f423e66e3506af742,True,,,,,,,,,,1.0,1.0,1.0,1.0,0.714745867911516,1.0,0.0,1.0,0.0,0.6608580837223488
5696,bf36dbafa15d4c261,True,,,,,,,,,,1.0,1.0,1.0,1.0,0.770233004508302,1.0,1.0,1.0,1.0,0.9281978139088444
5697,7f0488639b20ae5c7,True,,,,,,,,,,1.0,1.0,1.0,1.0,0.9959144863851483,1.0,1.0,1.0,1.0,0.9987232769953589
5698,087f962c16ba01a4c,True,,,,,,,,,,1.0,1.0,1.0,1.0,1.0,1.0,0.0,1.0,1.0,0.875
5699,47af7b18d8bb14656,True,,,,,,,,,,1.0,1.0,0.5,1.0,0.6599876679823928,1.0,0.0,1.0,0.0,0.3218730731222489
5700,626e000a64788c202,True,,,,,,,,,,1.0,1.0,1.0,1.0,0.99954606411601,1.0,0.0,1.0,1.0,0.8748581450362531
5701,c334b7fe14a98e8d9,True,,,,,,,,,,1.0,1.0,0.5,1.0,0.5176248785242774,1.0,0.0,1.0,0.0,0.29962888726941833
5702,2bdf702f467e5cdf1,True,,,,,,,,,,1.0,1.0,1.0,1.0,0.2666327841238668,1.0,0.0,1.0,1.0,0.6458227450387084
5703,803a37fc5a01eb03c,True,,,,,,,,,,1.0,1.0,1.0,1.0,1.0,1.0,0.0,1.0,1.0,0.875
5704,a173f7714495b0d29,True,,,,,,,,,,1.0,1.0,1.0,1.0,0.46267857140157154,1.0,1.0,1.0,1.0,0.8320870535629912
5705,1189a6ada09f1958a,True,,,,,,,,,,1.0,1.0,1.0,1.0,1.0,1.0,1.0,1.0,0.0,0.875
5706,56acd80cef7047ce3,True,,,,,,,,,,1.0,0.0,0.5,1.0,1.0,1.0,0.0,1.0,1.0,0.0
5707,ee826c29f16b824e8,True,,,,,,,,,,1.0,1.0,1.0,1.0,0.47911628690834374,1.0,1.0,1.0,1.0,0.8372238396588574
5708,cf70e8986954b642f,True,,,,,,,,,,1.0,1.0,0.0,1.0,1.0,1.0,0.0,1.0,1.0,0.0
5709,5dc798ecdc1897481,True,,,,,,,,,,1.0,1.0,0.0,1.0,0.7903198559269767,1.0,0.0,1.0,1.0,0.0
5710,8caf8f0fb08aa9aa2,True,,,,,,,,,,1.0,1.0,1.0,1.0,0.40645516750425076,1.0,1.0,1.0,1.0,0.8145172398450784
5711,2bac8b14908f94a2b,True,,,,,,,,,,1.0,1.0,1.0,1.0,0.5147823156049973,1.0,1.0,1.0,1.0,0.8483694736265617
5712,e03ef0605d72ffd1a,True,,,,,,,,,,1.0,1.0,1.0,1.0,0.5266760607572324,1.0,1.0,1.0,0.0,0.7270862689866351
5713,ee893ffe397bbd4fb,True,,,,,,,,,,0.5,0.0,1.0,1.0,1.0,0.0,1.0,1.0,0.0,0.0
5714,33f0f0e933c91112e,True,,,,,,,,,,0.0,1.0,0.0,1.0,1.0,0.0,1.0,1.0,1.0,0.0
5715,cbb71f7b0aeef65da,True,,,,,,,,,,1.0,1.0,0.5,1.0,0.9214793893882852,1.0,0.0,1.0,0.0,0.36273115459191957
5716,cf84397ec4944d689,True,,,,,,,,,,0.0,1.0,1.0,1.0,1.0,0.0,0.0,0.0,0.0,0.0
5717,556038b758f3b54f6,True,,,,,,,,,,1.0,1.0,1.0,1.0,0.9085407186153563,1.0,0.0,1.0,1.0,0.8464189745672989
5718,c0c4cd4a0562039fc,True,,,,,,,,,,1.0,0.0,0.5,1.0,1.0,1.0,0.0,1.0,0.0,0.0
5719,41c255d09766b4099,True,,,,,,,,,,0.0,1.0,1.0,1.0,1.0,0.0,0.0,1.0,0.0,0.0
5720,2a839dc18e91bbd40,True,,,,,,,,,,1.0,1.0,0.5,1.0,0.8060934674989171,0.0,0.0,1.0,1.0,0.2509521042967058
5721,caa48a6115952f402,True,,,,,,,,,,1.0,0.0,1.0,1.0,1.0,1.0,0.0,1.0,0.0,0.0
5722,cd454286dc0a75391,True,,,,,,,,,,1.0,1.0,1.0,0.0,1.0,1.0,1.0,1.0,0.0,0.0
5723,b7e52abb299941045,True,,,,,,,,,,0.0,1.0,1.0,1.0,1.0,0.0,1.0,1.0,1.0,0.0
5724,45cc427b1c222f829,True,,,,,,,,,,0.0,0.0,0.5,1.0,1.0,1.0,0.0,1.0,0.0,0.0
5725,52454445f992935d8,True,,,,,,,,,,1.0,0.0,1.0,1.0,1.0,1.0,1.0,1.0,1.0,0.0
5726,9463bb4964cd37676,True,,,,,,,,,,1.0,1.0,1.0,1.0,0.9568202028629206,1.0,1.0,1.0,1.0,0.9865063133946627
5727,0a7f7df8603204c57,True,,,,,,,,,,1.0,1.0,1.0,1.0,0.9379099573713525,1.0,1.0,1.0,1.0,0.9805968616785476
5728,5fbdf316a30e33058,True,,,,,,,,,,1.0,1.0,1.0,1.0,0.6300337248339989,1.0,0.0,1.0,1.0,0.7593855390106247
5729,665d1799755e51e9a,True,,,,,,,,,,0.0,1.0,1.0,1.0,1.0,0.0,0.0,1.0,1.0,0.0
5730,36ae44a98b7378f57,True,,,,,,,,,,1.0,1.0,1.0,1.0,0.4222594571463868,1.0,1.0,1.0,1.0,0.8194560803582459
5731,4b3c2ee5f127a3fe4,True,,,,,,,,,,1.0,1.0,0.0,1.0,0.7987160839090574,0.0,0.0,0.0,0.0,0.0
5732,7d17bb3bdf0937570,True,,,,,,,,,,1.0,1.0,1.0,1.0,0.8189456029266337,1.0,1.0,1.0,0.0,0.8184205009145731
5733,aedc0bf45f1840715,True,,,,,,,,,,1.0,1.0,0.5,1.0,0.5814733161658425,1.0,0.0,1.0,0.0,0.3096052056509129
5734,51f2dcebd843e5ea9,True,,,,,,,,,,1.0,1.0,1.0,1.0,0.33072941472545636,1.0,0.0,1.0,1.0,0.6658529421017051
5735,5e6df44031e160cad,True,,,,,,,,,,1.0,0.0,1.0,1.0,1.0,1.0,1.0,1.0,1.0,0.0
5736,e32bd1ec1d273f2a3,True,,,,,,,,,,1.0,1.0,1.0,1.0,0.5205290248583135,1.0,1.0,1.0,0.0,0.725165320268223
5737,17d06ef1ec00f95dc,True,,,,,,,,,,1.0,0.0,0.5,1.0,1.0,1.0,1.0,1.0,1.0,0.0
5738,64817a4fdc07fc93a,True,,,,,,,,,,1.0,1.0,1.0,1.0,1.0,1.0,0.0,1.0,0.0,0.75
5739,10e8a0c218db15652,True,,,,,,,,,,1.0,1.0,1.0,1.0,1.0,1.0,0.0,1.0,0.0,0.75
5740,0352c14b8d7493b9a,True,,,,,,,,,,1.0,1.0,1.0,1.0,0.4368216367061899,1.0,1.0,1.0,1.0,0.8240067614706843
5741,1009569404037413a,True,,,,,,,,,,1.0,1.0,1.0,1.0,0.5431181653404393,1.0,1.0,1.0,1.0,0.8572244266688873
5742,a244e51837aaa9bc4,True,,,,,,,,,,1.0,1.0,0.5,1.0,1.0,1.0,0.0,1.0,1.0,0.4375
5743,29a75324e23136d91,True,,,,,,,,,,1.0,0.0,1.0,1.0,0.6813495352276379,1.0,1.0,1.0,0.0,0.0
5744,5a6b5af2e36371f17,True,,,,,,,,,,1.0,1.0,1.0,1.0,1.0,1.0,1.0,1.0,0.0,0.875
5745,56f3701eaba44cbba,True,,,,,,,,,,1.0,1.0,1.0,1.0,0.570924155284851,1.0,0.0,1.0,1.0,0.740913798526516
5746,4a1669fb6d9debfb0,True,,,,,,,,,,1.0,1.0,0.5,1.0,0.9113973195679717,0.0,1.0,1.0,0.0,0.26740583118249556
5747,4684692b32e909998,True,,,,,,,,,,1.0,1.0,1.0,1.0,0.4997415332656441,1.0,1.0,1.0,1.0,0.8436692291455138
5748,1730cbbbd72e9ce7d,True,,,,,,,,,,0.0,1.0,1.0,1.0,1.0,0.0,0.0,1.0,1.0,0.0
5749,2cce2f9aeacb49d13,True,,,,,,,,,,1.0,1.0,0.0,1.0,0.7541923169681197,0.0,0.0,1.0,1.0,0.0
5750,1b7254e27f1faae48,True,,,,,,,,,,0.0,1.0,1.0,1.0,1.0,0.0,1.0,1.0,1.0,0.0
5751,9d5110bb7daed22bf,True,,,,,,,,,,1.0,1.0,1.0,1.0,0.23863480449667396,1.0,0.0,1.0,1.0,0.6370733764052106
5752,58bf2e385090a00e8,True,,,,,,,,,,1.0,1.0,1.0,1.0,0.5804993860230885,1.0,0.0,1.0,0.0,0.6189060581322152
5753,e6a340849c0025d9f,True,,,,,,,,,,1.0,0.0,1.0,1.0,0.5049675843304423,1.0,1.0,1.0,0.0,0.0
5754,3dade981d5c5fb068,True,,,,,,,,,,1.0,0.0,1.0,1.0,0.8991024968872968,1.0,1.0,1.0,0.0,0.0
5755,cb1939bb101889c17,True,,,,,,,,,,0.0,1.0,1.0,1.0,1.0,0.0,0.0,1.0,0.0,0.0
5756,c2a3b350db0887b64,True,,,,,,,,,,1.0,1.0,1.0,1.0,0.8558095086988871,1.0,0.0,1.0,1.0,0.8299404714684022
5757,7d4dd35efebf5aa8f,True,,,,,,,,,,1.0,1.0,1.0,1.0,0.8206895064911102,1.0,0.0,1.0,0.0,0.6939654707784719
5758,b5897b8cc4c644be1,True,,,,,,,,,,1.0,1.0,1.0,1.0,0.4290373254457508,1.0,1.0,1.0,0.0,0.6965741642017971
5759,749ce2a3f7c56b638,True,,,,,,,,,,1.0,1.0,1.0,1.0,0.5539980782043158,1.0,1.0,1.0,1.0,0.8606243994388487
5760,937a8f24b8d3c456f,True,,,,,,,,,,0.0,1.0,1.0,1.0,1.0,0.0,0.0,1.0,1.0,0.0
5761,0d4c14fd757504ef9,True,,,,,,,,,,1.0,1.0,0.0,1.0,1.0,1.0,0.0,1.0,1.0,0.0
5762,081da8854328d5c79,True,,,,,,,,,,1.0,1.0,1.0,1.0,0.4188084475333868,1.0,0.0,1.0,1.0,0.6933776398541833
5763,62631b017ceec5a18,True,,,,,,,,,,1.0,1.0,1.0,1.0,0.7975804176310475,1.0,0.0,1.0,0.0,0.6867438805097024
5764,306bd7dfd9818a9eb,True,,,,,,,,,,0.0,0.0,1.0,1.0,0.7434582945596402,0.0,0.0,1.0,0.0,0.0
5765,c99bfe933875f63e0,True,,,,,,,,,,1.0,0.0,1.0,1.0,0.814897435878169,1.0,1.0,1.0,1.0,0.0
5766,ecc3d1d6244314a20,True,,,,,,,,,,1.0,1.0,0.5,1.0,1.0,1.0,1.0,1.0,1.0,0.5
5767,03e37daebfce2fb65,True,,,,,,,,,,1.0,1.0,1.0,1.0,1.0,1.0,1.0,1.0,1.0,1.0
5768,129fa714e230a9eae,True,,,,,,,,,,1.0,1.0,0.5,1.0,0.8558701577767364,1.0,0.0,1.0,1.0,0.4149797121526151
5769,2c3eb63a9cdff8129,True,,,,,,,,,,1.0,1.0,1.0,1.0,1.0,1.0,1.0,1.0,0.0,0.875
5770,4e6f3caac62c57abb,True,,,,,,,,,,1.0,1.0,1.0,1.0,0.7382887973914508,0.0,0.0,1.0,1.0,0.4807152491848284
5771,3eee54f31bcaed95d,True,,,,,,,,,,1.0,0.0,1.0,1.0,0.7378504794757282,1.0,0.0,1.0,1.0,0.0
5772,20e09bbb0401bd1be,True,,,,,,,,,,1.0,1.0,1.0,1.0,0.8331750072507721,1.0,0.0,1.0,0.0,0.6978671897658663
5773,626d07f3f8b80566b,True,,,,,,,,,,1.0,1.0,1.0,1.0,0.3989008978497288,1.0,1.0,1.0,1.0,0.8121565305780403
5774,16f88a7f9c92243cb,True,,,,,,,,,,0.5,0.0,0.5,1.0,1.0,0.0,0.0,1.0,0.0,0.0
5775,81a1a5d071b2c2a11,True,,,,,,,,,,1.0,0.0,1.0,1.0,1.0,1.0,0.0,1.0,0.0,0.0
5776,d783a4e289c7f6c20,True,,,,,,,,,,1.0,1.0,1.0,1.0,0.7229497401189082,1.0,0.0,1.0,1.0,0.7884217937871588
5777,146060978cf746557,True,,,,,,,,,,1.0,1.0,1.0,1.0,0.6231250054865898,1.0,1.0,1.0,0.0,0.7572265642145593
5778,6c4cdcc93a5b36c13,True,,,,,,,,,,1.0,1.0,1.0,1.0,0.7204421831090577,1.0,0.0,1.0,1.0,0.7876381822215806
5779,b9cbb58cb1e1b0dee,True,,,,,,,,,,1.0,1.0,1.0,1.0,0.42668990140920365,1.0,1.0,1.0,1.0,0.8208405941903761
5780,84f364974b63432d3,True,,,,,,,,,,1.0,1.0,1.0,1.0,0.7395543373755982,1.0,1.0,1.0,0.0,0.7936107304298744
5781,597a84c12865d3cb1,True,,,,,,,,,,1.0,1.0,0.0,1.0,0.7548594502976304,1.0,0.0,1.0,1.0,0.0
5782,764328b4ef560f8d6,True,,,,,,,,,,1.0,1.0,1.0,1.0,1.0,1.0,1.0,1.0,1.0,1.0
5783,6abf3c8e9d73929cc,True,,,,,,,,,,1.0,1.0,1.0,1.0,0.836754818659761,1.0,1.0,1.0,0.0,0.8239858808311753
5784,f89453f475567e939,True,,,,,,,,,,1.0,1.0,1.0,1.0,1.0,1.0,1.0,1.0,0.0,0.875
5785,159be5a151baf8f5b,True,,,,,,,,,,1.0,0.0,0.5,1.0,1.0,1.0,0.0,1.0,0.0,0.0
5786,7b88d46ce71736357,True,,,,,,,,,,1.0,1.0,0.5,1.0,1.0,1.0,0.0,1.0,1.0,0.4375
5787,17ff329e83009189d,True,,,,,,,,,,1.0,1.0,0.5,1.0,0.5557910064379249,1.0,0.0,1.0,0.0,0.3055923447559258
5788,6ab786f972b45ffe0,True,,,,,,,,,,1.0,0.0,1.0,1.0,0.31713054564786936,1.0,0.0,1.0,1.0,0.0
5789,57b65fccc387a8607,True,,,,,,,,,,1.0,1.0,1.0,1.0,0.589924300703034,1.0,1.0,1.0,1.0,0.8718513439696981
5790,61d3d79e3e01157d9,True,,,,,,,,,,1.0,1.0,1.0,1.0,0.23933072246285536,1.0,1.0,1.0,1.0,0.7622908507696423
5791,823e2256b643e1b5f,True,,,,,,,,,,0.0,1.0,1.0,1.0,1.0,0.0,1.0,1.0,1.0,0.0
5792,e1a0c043fd6b131e0,True,,,,,,,,,,1.0,1.0,1.0,1.0,0.9317542347563416,1.0,1.0,1.0,0.0,0.8536731983613568
5793,b19bff260481a9a60,True,,,,,,,,,,1.0,1.0,0.0,1.0,1.0,1.0,0.0,1.0,1.0,0.0
5794,6ae4df7fe6f3147d2,True,,,,,,,,,,1.0,1.0,1.0,1.0,0.7222047578471877,1.0,1.0,1.0,1.0,0.9131889868272461
5795,434099c65ff71b535,True,,,,,,,,,,0.0,1.0,0.5,1.0,1.0,0.0,0.0,1.0,1.0,0.0
5796,ab9b0531b8d7800ce,True,,,,,,,,,,1.0,0.0,1.0,1.0,0.9448730157750634,1.0,0.0,1.0,1.0,0.0
5797,a9e0e52d177dd7f09,True,,,,,,,,,,1.0,0.0,0.0,1.0,1.0,1.0,0.0,1.0,1.0,0.0
5798,429111d26e72d90ae,True,,,,,,,,,,1.0,1.0,1.0,1.0,0.7666628409121068,1.0,1.0,1.0,0.0,0.8020821377850333
5799,4b55982185962b484,True,,,,,,,,,,0.0,1.0,1.0,1.0,1.0,0.0,1.0,1.0,0.0,0.0
5800,428b6ffe51af1390c,True,,,,,,,,,,1.0,0.0,1.0,1.0,1.0,1.0,0.0,1.0,1.0,0.0
5801,1ee04786c1af4e2d7,True,,,,,,,,,,1.0,1.0,0.5,1.0,1.0,0.0,0.0,1.0,0.0,0.21875
5802,0a5f73f132223809d,True,,,,,,,,,,1.0,1.0,1.0,1.0,1.0,1.0,0.0,1.0,0.0,0.75
5803,514d7497a9ead95b4,True,,,,,,,,,,1.0,1.0,1.0,1.0,0.48491088026337864,1.0,1.0,1.0,1.0,0.8390346500823058
5804,09eeb5f6259309d1e,True,,,,,,,,,,0.0,1.0,1.0,1.0,1.0,0.0,1.0,1.0,1.0,0.0
5805,fd0fe3e97024a208f,True,,,,,,,,,,0.0,1.0,1.0,1.0,1.0,0.0,0.0,1.0,1.0,0.0
5806,8ace3a7104057a34a,True,,,,,,,,,,1.0,1.0,0.5,1.0,1.0,1.0,0.0,1.0,1.0,0.4375
5807,f0fac8077bc98ead2,True,,,,,,,,,,1.0,1.0,1.0,1.0,0.27154813285371643,1.0,0.0,1.0,0.0,0.5223587915167864
5808,60d8762d0c173197e,True,,,,,,,,,,1.0,1.0,1.0,1.0,0.4299995186249758,1.0,1.0,1.0,1.0,0.821874849570305
5809,556d1d92f66a8344d,True,,,,,,,,,,1.0,1.0,1.0,1.0,0.9313725625216002,1.0,0.0,1.0,1.0,0.853553925788
5810,59b413d34d6d4b46a,True,,,,,,,,,,1.0,1.0,0.0,1.0,1.0,1.0,0.0,1.0,0.0,0.0
5811,628be721855b43213,True,,,,,,,,,,1.0,1.0,1.0,1.0,0.872470305865981,1.0,0.0,1.0,0.0,0.710146970583119
5812,ac979b78a3cdc5d39,True,,,,,,,,,,0.0,1.0,0.5,1.0,1.0,0.0,0.0,1.0,1.0,0.0
5813,0d069b495b11daa42,True,,,,,,,,,,1.0,1.0,0.0,1.0,1.0,1.0,0.0,1.0,0.0,0.0
5814,9de9e57115e5b4d5b,True,,,,,,,,,,1.0,1.0,1.0,1.0,0.8198073119697539,1.0,1.0,1.0,1.0,0.9436897849905481
5815,6df6f08cd7de3b69e,True,,,,,,,,,,1.0,1.0,1.0,1.0,0.3739776550514493,1.0,1.0,1.0,1.0,0.8043680172035779
5816,cd1312c660b0759a0,True,,,,,,,,,,1.0,1.0,1.0,1.0,0.6044949822056337,1.0,0.0,1.0,1.0,0.7514046819392606
5817,b37e58b47596bc081,True,,,,,,,,,,1.0,1.0,0.5,1.0,1.0,1.0,1.0,0.0,0.0,0.375
5818,56bd93dec0d4cb4df,True,,,,,,,,,,1.0,1.0,1.0,1.0,0.8938907019927401,1.0,1.0,1.0,1.0,0.9668408443727312
5819,a40fbf3b2009b98da,True,,,,,,,,,,1.0,1.0,0.0,1.0,1.0,1.0,0.0,1.0,0.0,0.0
5820,9b164e112834437ea,True,,,,,,,,,,1.0,1.0,1.0,1.0,0.6785438936048934,1.0,1.0,1.0,1.0,0.8995449667515292
5821,f29d81b7079d53bff,True,,,,,,,,,,1.0,1.0,1.0,1.0,0.7898798270655419,1.0,1.0,1.0,0.0,0.8093374459579818
5822,f573807ec3756dc53,True,,,,,,,,,,1.0,0.0,1.0,1.0,0.8174726052335596,1.0,1.0,1.0,1.0,0.0
5823,da72d5ca0828d5a3d,True,,,,,,,,,,1.0,1.0,1.0,1.0,0.6326629198904127,1.0,1.0,1.0,1.0,0.8852071624657539
5824,19762a72ff72dc0cd,True,,,,,,,,,,1.0,1.0,1.0,1.0,0.2151703830374237,1.0,1.0,1.0,1.0,0.7547407446991949
5825,99f4cdc8eeabc0426,True,,,,,,,,,,1.0,0.0,0.5,1.0,1.0,1.0,0.0,1.0,1.0,0.0
5826,84be03c80c37d30a3,True,,,,,,,,,,0.0,1.0,1.0,1.0,1.0,0.0,1.0,1.0,1.0,0.0
5827,630694a2f5646413d,True,,,,,,,,,,1.0,1.0,0.0,1.0,1.0,1.0,0.0,1.0,1.0,0.0
5828,f0e29874418de93db,True,,,,,,,,,,0.0,1.0,1.0,1.0,1.0,0.0,1.0,1.0,0.0,0.0
5829,6dfe7ea162c45ba1d,True,,,,,,,,,,0.0,0.0,1.0,1.0,1.0,0.0,0.0,1.0,0.0,0.0
5830,93558974f46d692e7,True,,,,,,,,,,1.0,1.0,1.0,1.0,0.9190612051619635,1.0,1.0,1.0,1.0,0.9747066266131136
5831,f07be583867d7e867,True,,,,,,,,,,0.0,0.0,0.0,1.0,1.0,0.0,0.0,1.0,0.0,0.0
5832,e035483e2731dcf6b,True,,,,,,,,,,1.0,0.0,1.0,1.0,1.0,1.0,0.0,1.0,1.0,0.0
5833,c82835c09890be38b,True,,,,,,,,,,1.0,0.0,1.0,1.0,0.7695108355814851,1.0,1.0,1.0,1.0,0.0
5834,8162ca210af0620b8,True,,,,,,,,,,1.0,1.0,0.5,1.0,0.9297522810469929,1.0,0.0,1.0,1.0,0.42652379391359263
5835,2515a4049787b61ac,True,,,,,,,,,,1.0,1.0,1.0,1.0,1.0,1.0,0.0,1.0,0.0,0.75
5836,5b77cb58dfa1f5823,True,,,,,,,,,,1.0,1.0,0.0,1.0,1.0,1.0,0.0,1.0,1.0,0.0
5837,9818610284ab89cea,True,,,,,,,,,,1.0,1.0,1.0,1.0,0.8516701979308604,1.0,0.0,1.0,0.0,0.7036469368533939
5838,076a62d5c97d941a6,True,,,,,,,,,,0.5,0.0,1.0,1.0,0.41510638151046647,0.0,0.0,1.0,1.0,0.0
5839,dad71058266c1b1e8,True,,,,,,,,,,1.0,1.0,1.0,1.0,0.781069109775915,1.0,1.0,1.0,0.0,0.8065840968049734
5840,38fd2f329eb063f83,True,,,,,,,,,,1.0,1.0,1.0,1.0,0.5734449467547926,1.0,0.0,1.0,1.0,0.7417015458608727
5841,be1d5bdbfc0e6edc2,True,,,,,,,,,,1.0,1.0,1.0,1.0,0.7183422163960468,1.0,0.0,1.0,1.0,0.7869819426237646
5842,3ec4e62b471309805,True,,,,,,,,,,1.0,1.0,1.0,1.0,1.0,1.0,0.0,1.0,1.0,0.875
5843,0206d7321fb32894a,True,,,,,,,,,,1.0,1.0,1.0,1.0,0.5151176569422102,1.0,0.0,1.0,1.0,0.7234742677944407
5844,6947b69561a94404d,True,,,,,,,,,,1.0,1.0,1.0,1.0,1.0,1.0,0.0,1.0,1.0,0.875
5845,01edf32aa82765229,True,,,,,,,,,,1.0,0.0,0.0,1.0,1.0,1.0,0.0,1.0,0.0,0.0
5846,9d4da1a5a93059ae2,True,,,,,,,,,,1.0,1.0,1.0,1.0,0.870776585699191,1.0,1.0,1.0,1.0,0.9596176830309973
5847,ce2057b130f4218b8,True,,,,,,,,,,1.0,1.0,1.0,1.0,1.0,1.0,1.0,1.0,1.0,1.0
5848,17848b0db348eea20,True,,,,,,,,,,1.0,1.0,1.0,1.0,0.8877327795135509,1.0,1.0,1.0,1.0,0.9649164935979846
5849,d41d6a2f8fae47904,True,,,,,,,,,,1.0,0.0,1.0,1.0,0.7056101927901547,1.0,1.0,1.0,1.0,0.0
5850,b51b8bf8d757ee5de,True,,,,,,,,,,1.0,1.0,1.0,1.0,0.8825901288657083,1.0,0.0,1.0,1.0,0.8383094152705338
5851,0028b234cfbb35f30,True,,,,,,,,,,1.0,1.0,1.0,1.0,0.9102520310591087,1.0,1.0,1.0,1.0,0.9719537597059715
5852,f42ba561b2c6f684a,True,,,,,,,,,,1.0,1.0,1.0,1.0,0.871433897012986,1.0,1.0,1.0,0.0,0.8348230928165581
5853,234b7c4138a9802b3,True,,,,,,,,,,1.0,1.0,0.5,1.0,0.6686843217492935,1.0,0.0,1.0,1.0,0.3857319252733271
5854,d87106abfc25f2fab,True,,,,,,,,,,1.0,0.0,1.0,1.0,1.0,1.0,0.0,0.0,0.0,0.0
5855,01b75264953369ae4,True,,,,,,,,,,1.0,1.0,0.0,1.0,1.0,1.0,0.0,1.0,1.0,0.0
5856,77fcdd159de9fa48f,True,,,,,,,,,,1.0,1.0,1.0,1.0,1.0,1.0,1.0,1.0,0.0,0.875
5857,fd45bba33b3dcb719,True,,,,,,,,,,1.0,1.0,1.0,1.0,0.5268774293486829,1.0,1.0,1.0,0.0,0.7271491966714634
5858,936b346e0cb941232,True,,,,,,,,,,1.0,1.0,0.5,1.0,1.0,1.0,0.0,1.0,0.0,0.375
5859,4b2c40907436ec443,True,,,,,,,,,,1.0,0.0,1.0,1.0,0.47620178321133383,1.0,1.0,1.0,1.0,0.0
5860,cd8ff4168df3741e2,True,,,,,,,,,,1.0,0.0,1.0,1.0,0.7635349236983846,1.0,1.0,1.0,1.0,0.0
5861,fb498b2bdc72e8f69,True,,,,,,,,,,0.0,1.0,1.0,1.0,1.0,0.0,1.0,1.0,1.0,0.0
5862,f422184af5c3c266b,True,,,,,,,,,,0.0,0.0,1.0,1.0,1.0,0.0,1.0,1.0,0.0,0.0
5863,ca4163d1efbe0dd9c,True,,,,,,,,,,0.0,1.0,0.0,1.0,1.0,0.0,0.0,1.0,1.0,0.0
5864,b84a6cb8bfc991ad3,True,,,,,,,,,,0.0,0.0,1.0,1.0,1.0,0.0,0.0,1.0,1.0,0.0
5865,feeaa6210f5b68928,True,,,,,,,,,,1.0,0.0,0.5,1.0,0.4470676614089596,1.0,0.0,1.0,1.0,0.0
5866,8b9e74d5a89159431,True,,,,,,,,,,1.0,0.0,0.0,1.0,1.0,1.0,0.0,1.0,1.0,0.0
5867,cfe27a593a4819294,True,,,,,,,,,,1.0,0.0,1.0,1.0,1.0,1.0,1.0,1.0,1.0,0.0
5868,2526f4007f6477420,True,,,,,,,,,,1.0,1.0,1.0,1.0,0.8411376017536718,1.0,1.0,1.0,1.0,0.9503555005480224
5869,2a61f186fe92b261b,True,,,,,,,,,,0.0,1.0,0.0,1.0,1.0,0.0,0.0,1.0,1.0,0.0
5870,54ce409a64180a221,True,,,,,,,,,,1.0,0.0,0.0,1.0,1.0,1.0,0.0,1.0,0.0,0.0
5871,7859f7283b9d34589,True,,,,,,,,,,1.0,1.0,1.0,1.0,0.6732579545234271,1.0,1.0,1.0,0.0,0.7728931107885709
5872,df2f5f2688acbcf8c,True,,,,,,,,,,1.0,0.0,0.5,1.0,1.0,1.0,1.0,1.0,0.0,0.0
5873,2d8eeec7c41db723f,True,,,,,,,,,,1.0,1.0,1.0,1.0,1.0,0.0,1.0,1.0,0.0,0.5625
5874,10b844b8db1d56b80,True,,,,,,,,,,1.0,1.0,1.0,1.0,0.7949263761761752,1.0,0.0,1.0,1.0,0.8109144925550548
5875,a83b75532f5ded9db,True,,,,,,,,,,0.0,1.0,1.0,1.0,0.9832180236045661,0.0,0.0,1.0,0.0,0.0
5876,86a500b770f0588cb,True,,,,,,,,,,1.0,1.0,1.0,1.0,0.6419272185860176,1.0,1.0,1.0,0.0,0.7631022558081305
5877,d4bddc4246b475541,True,,,,,,,,,,1.0,1.0,1.0,1.0,0.5207965822403384,1.0,0.0,1.0,1.0,0.7252489319501058
5878,0eea2180fbf7c0949,True,,,,,,,,,,0.0,1.0,1.0,1.0,0.3253291959345122,0.0,0.0,1.0,0.0,0.0
5879,0f32999a6e12e6b4f,True,,,,,,,,,,1.0,1.0,1.0,1.0,1.0,1.0,0.0,1.0,1.0,0.875
5880,6564712a0860d6518,True,,,,,,,,,,0.0,1.0,1.0,1.0,0.2631335389002773,0.0,0.0,1.0,1.0,0.0
5881,5eeb6bb55001c1fc4,True,,,,,,,,,,1.0,0.0,1.0,1.0,0.6413953218906039,1.0,1.0,1.0,1.0,0.0
5882,d85f111a22572d5b1,True,,,,,,,,,,1.0,1.0,1.0,1.0,1.0,1.0,1.0,0.0,0.0,0.75
5883,3ded0591b23a7df67,True,,,,,,,,,,1.0,1.0,1.0,1.0,0.8111000338291021,1.0,1.0,1.0,0.0,0.8159687605715944
5884,beee26fb5719cdfcb,True,,,,,,,,,,1.0,1.0,1.0,0.0,1.0,1.0,1.0,1.0,1.0,0.0
5885,6b27e18868c49b898,True,,,,,,,,,,1.0,1.0,1.0,1.0,0.3213979752466171,1.0,1.0,1.0,1.0,0.7879368672645679
5886,71fe821c1ced6591c,True,,,,,,,,,,1.0,1.0,1.0,1.0,0.7241146641493375,1.0,0.0,1.0,0.0,0.6637858325466679
5887,346c72dba6f32d44c,True,,,,,,,,,,1.0,1.0,1.0,1.0,1.0,1.0,0.0,1.0,1.0,0.875
5888,9f8244fb38a036545,True,,,,,,,,,,1.0,1.0,1.0,1.0,0.4086382430063057,1.0,1.0,1.0,1.0,0.8151994509394705
5889,90d6b6889f35e691d,True,,,,,,,,,,1.0,1.0,1.0,1.0,0.8252781595243063,1.0,0.0,1.0,1.0,0.8203994248513458
5890,5065468cd60f1bc00,True,,,,,,,,,,1.0,1.0,1.0,1.0,0.4897884888785484,1.0,1.0,1.0,1.0,0.8405589027745464
5891,7fa72ac59f374d3ab,True,,,,,,,,,,0.0,1.0,1.0,1.0,1.0,0.0,0.0,1.0,1.0,0.0
5892,0030f1747a12c4a8d,True,,,,,,,,,,1.0,1.0,1.0,1.0,0.5766329107608205,1.0,1.0,1.0,1.0,0.8676977846127564
5893,4eec744ab28fc824f,True,,,,,,,,,,1.0,1.0,1.0,1.0,1.0,1.0,0.0,1.0,1.0,0.875
5894,5a9483df05571155b,True,,,,,,,,,,0.0,1.0,1.0,1.0,0.8733208006330979,0.0,1.0,1.0,1.0,0.0
5895,5e4e80a50729b531a,True,,,,,,,,,,1.0,1.0,1.0,1.0,0.5760474602163578,1.0,1.0,1.0,0.0,0.7425148313176118
5896,b55de67890f581798,True,,,,,,,,,,1.0,1.0,1.0,1.0,0.27680404993308505,1.0,1.0,1.0,1.0,0.7740012656040891
5897,43f884d69baea51f6,True,,,,,,,,,,1.0,0.0,1.0,1.0,1.0,1.0,0.0,1.0,1.0,0.0
5898,87b88ec189315a232,True,,,,,,,,,,1.0,1.0,1.0,1.0,0.3068310136206544,1.0,1.0,1.0,1.0,0.7833846917564545
5899,5bfde4f04f6f9257a,True,,,,,,,,,,1.0,1.0,0.0,1.0,0.9195383587818616,1.0,0.0,1.0,1.0,0.0
5900,7ce8dbee04817c7de,True,,,,,,,,,,1.0,1.0,1.0,1.0,0.6513241522354289,1.0,0.0,1.0,0.0,0.6410387975735715
5901,2e5eb89b3ec98ed08,True,,,,,,,,,,1.0,0.0,1.0,1.0,1.0,1.0,1.0,1.0,1.0,0.0
5902,fc8bd325b3da03b85,True,,,,,,,,,,1.0,0.0,0.5,1.0,0.8938331620959052,1.0,1.0,1.0,1.0,0.0
5903,6faa95e5cb1141518,True,,,,,,,,,,1.0,1.0,1.0,1.0,0.6203335069194947,1.0,1.0,1.0,1.0,0.8813542209123422
5904,2a16480d68428e775,True,,,,,,,,,,1.0,1.0,1.0,1.0,0.6880719453257476,1.0,1.0,1.0,1.0,0.9025224829142962
5905,3d7ddf7a34c6ba150,True,,,,,,,,,,1.0,1.0,0.5,1.0,1.0,1.0,1.0,1.0,0.0,0.4375
5906,eb2b9b57bc8fba12d,True,,,,,,,,,,1.0,1.0,1.0,1.0,0.8384052210607112,1.0,0.0,1.0,0.0,0.6995016315814723
5907,4aa528f577df911a3,True,,,,,,,,,,1.0,1.0,1.0,1.0,0.7225321596112451,1.0,0.0,1.0,1.0,0.7882912998785141
5908,cff10d121d9ee4a1a,True,,,,,,,,,,1.0,1.0,0.5,1.0,0.5186970598760755,1.0,0.0,1.0,1.0,0.3622964156056368
5909,7a86797ebcf888d4d,True,,,,,,,,,,1.0,1.0,1.0,1.0,0.6150600435344341,1.0,1.0,1.0,1.0,0.8797062636045107
5910,067988277091a3762,True,,,,,,,,,,1.0,1.0,1.0,1.0,0.7669576604266904,1.0,1.0,1.0,0.0,0.8021742688833408
5911,692440daecd03cbe0,True,,,,,,,,,,1.0,1.0,0.5,1.0,1.0,1.0,0.0,1.0,1.0,0.4375
5912,extended_pdm_score_stage_one,True,0.9166666666666666,0.7755555555555556,0.9633333333333334,0.9955555555555555,0.8350650757792324,0.9044444444444445,0.9133333333333333,0.9777777777777777,0.6844444444444444,,,,,,,,,,0.6081494487604606
5913,extended_pdm_score_stage_two,True,,,,,,,,,,0.8158059729099811,0.7362004404511059,0.8751745639669789,0.9831258996028389,0.8267734719837917,0.793631986564923,0.4979201986407991,0.9748851473115827,0.641721495318063,0.4355427711226525
5914,extended_pdm_score_combined,True,0.9166666666666666,0.7755555555555556,0.9633333333333334,0.9955555555555555,0.8350650757792324,0.9044444444444445,0.9133333333333333,0.9777777777777777,0.6844444444444444,0.8158059729099811,0.7362004404511059,0.8751745639669789,0.9831258996028389,0.8267734719837917,0.793631986564923,0.4979201986407991,0.9748851473115827,0.641721495318063,0.270584045999195
